# Observation File: observation_2D.dat column names:
# -----------------------------------------------------------------------------
# Observation Name: time [d]
# -----------------------------------------------------------------------------
# Observation Name: water content [mol]
# Region: subsurface domain
# Reduction: extensive integral
# Variable: water_content
# Number of Vectors: 1
# -----------------------------------------------------------------------------
# Observation Name: surface water content [mol]
# Region: surface domain
# Reduction: extensive integral
# Variable: surface-water_content
# Number of Vectors: 1
# -----------------------------------------------------------------------------
# Observation Name: snow water content [mol]
# Region: surface domain
# Reduction: extensive integral
# Variable: snow-water_content
# Number of Vectors: 1
# -----------------------------------------------------------------------------
# Observation Name: snow depth [m]
# Region: surface domain
# Reduction: average
# Variable: snow-depth
# Number of Vectors: 1
# -----------------------------------------------------------------------------
# Observation Name: snow density [kg/m^3]
# Region: surface domain
# Reduction: average
# Variable: snow-density
# Number of Vectors: 1
# -----------------------------------------------------------------------------
# Observation Name: evaporation rate [m/d]
# Region: surface domain
# Reduction: average
# Variable: surface-evaporative_flux
# Number of Vectors: 1
# -----------------------------------------------------------------------------
# Observation Name: evaporation cumulation [m3/d]
# Region: surface domain
# Reduction: integral
# Variable: surface-evaporative_flux
# Number of Vectors: 1
# -----------------------------------------------------------------------------
# Observation Name: subsurface evaporation cumulation [m3/d]
# Region: surface domain
# Reduction: integral
# Variable: surface-subsurface_evaporative_flux
# Number of Vectors: 1
# -----------------------------------------------------------------------------
# Observation Name: discharge cumulation [mol/d]
# Region: surface outlet
# Reduction: extensive integral
# Variable: surface-water_flux
# Number of Vectors: 1
# -----------------------------------------------------------------------------
# Observation Name: surface-subsurface exchange cumulation [mol/d]
# Region: surface domain
# Reduction: extensive integral
# Variable: surface-surface_subsurface_flux
# Number of Vectors: 1
# -----------------------------------------------------------------------------
# Observation Name: snowmelt rate [m/d]
# Region: surface domain
# Reduction: average
# Variable: snow-melt
# Number of Vectors: 1
# -----------------------------------------------------------------------------
# Observation Name: snowmelt cumulation [m3/d]
# Region: surface domain
# Reduction: integral
# Variable: snow-melt
# Number of Vectors: 1
# -----------------------------------------------------------------------------
# Observation Name: rain [m/d]
# Region: surface domain
# Reduction: average
# Variable: surface-precipitation_rain
# Number of Vectors: 1
# -----------------------------------------------------------------------------
# Observation Name: rain cumulation [m3/d]
# Region: surface domain
# Reduction: integral
# Variable: surface-precipitation_rain
# Number of Vectors: 1
# -----------------------------------------------------------------------------
# Observation Name: snow [mSWE/d]
# Region: surface domain
# Reduction: average
# Variable: snow-precipitation
# Number of Vectors: 1
# -----------------------------------------------------------------------------
# Observation Name: snow cumulation [m3SWE/d]
# Region: surface domain
# Reduction: integral
# Variable: snow-precipitation
# Number of Vectors: 1
# -----------------------------------------------------------------------------
# Observation Name: surface temperature [K]
# Region: surface domain
# Reduction: average
# Variable: surface-temperature
# Number of Vectors: 1
# -----------------------------------------------------------------------------
# Observation Name: air temperature [K]
# Region: surface domain
# Reduction: average
# Variable: surface-air_temperature
# Number of Vectors: 1
# -----------------------------------------------------------------------------
# Observation Name: thaw depth [m]
# Region: surface domain
# Reduction: average
# Variable: surface-thaw_depth
# Number of Vectors: 1
# -----------------------------------------------------------------------------
# Observation Name: water table depth [m]
# Region: surface domain
# Reduction: average
# Variable: surface-water_table
# Number of Vectors: 1
# -----------------------------------------------------------------------------
# Observation Name: net runoff [mol/d]
# Region: surface outlet
# Reduction: extensive integral
# Variable: surface-water_flux
# Number of Vectors: 1
# -----------------------------------------------------------------------------
# Observation Name: molar density liquid [mol m^-3]
# Region: surface domain
# Reduction: average
# Variable: surface-molar_density_liquid
# Number of Vectors: 1
# -----------------------------------------------------------------------------
# Observation Name: surface area [m^2]
# Region: surface domain
# Reduction: extensive integral
# Variable: surface-cell_volume
# Number of Vectors: 1
# =============================================================================
"time [d]","water content [mol]","surface water content [mol]","snow water content [mol]","snow depth [m]","snow density [kg/m^3]","evaporation rate [m/d]","evaporation cumulation [m3/d]","subsurface evaporation cumulation [m3/d]","discharge cumulation [mol/d]","surface-subsurface exchange cumulation [mol/d]","snowmelt rate [m/d]","snowmelt cumulation [m3/d]","rain [m/d]","rain cumulation [m3/d]","snow [mSWE/d]","snow cumulation [m3SWE/d]","surface temperature [K]","air temperature [K]","thaw depth [m]","water table depth [m]","net runoff [mol/d]","molar density liquid [mol m^-3]","surface area [m^2]"
2.190000000000e+03,1.032690698452e+08,6.115102084294e+04,7.988388776863e+05,4.428925800524e-01,2.981766801787e+02,0.000000000000e+00,0.000000000000e+00,0.000000000000e+00,0.000000000000e+00,0.000000000000e+00,0.000000000000e+00,0.000000000000e+00,0.000000000000e+00,0.000000000000e+00,0.000000000000e+00,0.000000000000e+00,2.709784391779e+02,2.519989776611e+02,0.000000000000e+00,9.519610547756e-01,0.000000000000e+00,5.549577234268e+04,1.090000000000e+02
2.191000000000e+03,1.032682019857e+08,6.195520567529e+04,8.053547905456e+05,4.458397683119e-01,2.986211559567e+02,-1.813434885262e-04,-1.976644024936e-02,0.000000000000e+00,6.367279401604e+01,8.678576263611e+02,0.000000000000e+00,0.000000000000e+00,0.000000000000e+00,0.000000000000e+00,8.956033439293e-04,9.762076448830e-02,2.709980570080e+02,2.520103759766e+02,0.000000000000e+00,9.590657826948e-01,6.367279401604e+01,5.549586990919e+04,1.090000000000e+02
2.192000000000e+03,1.032673502857e+08,6.274241982903e+04,8.113129077745e+05,4.481475118359e-01,2.992811084538e+02,-1.942273089718e-04,-2.117077667793e-02,0.000000000000e+00,6.448396352556e+01,8.516981172689e+02,0.000000000000e+00,0.000000000000e+00,0.000000000000e+00,0.000000000000e+00,7.906680917630e-04,8.618282200217e-02,2.710040298799e+02,2.526075439453e+02,0.000000000000e+00,9.655083957457e-01,6.448396352556e+01,5.549589949166e+04,1.090000000000e+02
2.193000000000e+03,1.032665141432e+08,6.351571175023e+04,8.155953806404e+05,4.494268247253e-01,3.000051101210e+02,-1.692009129558e-04,-1.844289951218e-02,0.000000000000e+00,6.284901451079e+01,8.361409357147e+02,0.000000000000e+00,0.000000000000e+00,0.000000000000e+00,0.000000000000e+00,5.390579681227e-04,5.875731852537e-02,2.709792152410e+02,2.526165313721e+02,0.000000000000e+00,9.725471770176e-01,6.284901451079e+01,5.549577569430e+04,1.090000000000e+02
2.194000000000e+03,1.032656918888e+08,6.427847086320e+04,8.203233571304e+05,4.510288053148e-01,3.006732272551e+02,-1.248707042955e-04,-1.361090676821e-02,0.000000000000e+00,5.949330816026e+01,8.222524211269e+02,0.000000000000e+00,0.000000000000e+00,0.000000000000e+00,0.000000000000e+00,6.570674914947e-04,7.162035657292e-02,2.709520676628e+02,2.526100158691e+02,0.000000000000e+00,9.795354334712e-01,5.949330816026e+01,5.549563933666e+04,1.090000000000e+02
2.195000000000e+03,1.032648806939e+08,6.504097294032e+04,8.257378194482e+05,4.530598974073e-01,3.013042905020e+02,-1.131104219794e-04,-1.232903599576e-02,0.000000000000e+00,4.869272788173e+01,8.111948050028e+02,0.000000000000e+00,0.000000000000e+00,0.000000000000e+00,0.000000000000e+00,7.834948550903e-04,8.540093920484e-02,2.708325001879e+02,2.508502655029e+02,0.000000000000e+00,9.885757936420e-01,4.869272788173e+01,5.549502719921e+04,1.090000000000e+02
2.196000000000e+03,1.032640762528e+08,6.581205894459e+04,8.311525932850e+05,4.551268819763e-01,3.019066876147e+02,-1.187676049188e-04,-1.294566893615e-02,0.000000000000e+00,3.335484148203e+01,8.044408457552e+02,0.000000000000e+00,0.000000000000e+00,0.000000000000e+00,0.000000000000e+00,7.781892858570e-04,8.482263215841e-02,2.706952393182e+02,2.500630798340e+02,0.000000000000e+00,9.974947212540e-01,3.335484148203e+01,5.549430091172e+04,1.090000000000e+02
2.197000000000e+03,1.032632805111e+08,6.657999504808e+04,8.369122335208e+05,4.574391628513e-01,3.024649486789e+02,-1.268018429452e-04,-1.382140088103e-02,0.000000000000e+00,2.780401856649e+01,7.957401220485e+02,0.000000000000e+00,0.000000000000e+00,0.000000000000e+00,0.000000000000e+00,8.266607596391e-04,9.010602280066e-02,2.706012049672e+02,2.503898010254e+02,0.000000000000e+00,1.006394924930e+00,2.780401856649e+01,5.549378798526e+04,1.090000000000e+02
2.198000000000e+03,1.032624975852e+08,6.733060698673e+04,8.412743282953e+05,4.587183009420e-01,3.031936649705e+02,-1.327896131734e-04,-1.447406783590e-02,0.000000000000e+00,3.231237921126e+01,7.829243178672e+02,0.000000000000e+00,0.000000000000e+00,0.000000000000e+00,0.000000000000e+00,5.883780839515e-04,6.413321115071e-02,2.705999979739e+02,2.510000000000e+02,0.000000000000e+00,1.012399216488e+00,3.231237921126e+01,5.549377968519e+04,1.090000000000e+02
2.199000000000e+03,1.032617303963e+08,6.806203909540e+04,8.450872028672e+05,4.596604910738e-01,3.039438591640e+02,-1.293364152840e-04,-1.409766926595e-02,0.000000000000e+00,3.575434884108e+01,7.671864575128e+02,0.000000000000e+00,0.000000000000e+00,0.000000000000e+00,0.000000000000e+00,5.011627325689e-04,5.462673785001e-02,2.705895387078e+02,2.510683288574e+02,0.000000000000e+00,1.020115935997e+00,3.575434884108e+01,5.549372041453e+04,1.090000000000e+02
2.200000000000e+03,1.032609778931e+08,6.877829345059e+04,8.493436075639e+05,4.608996698260e-01,3.046536042458e+02,-1.264370401662e-04,-1.378163737811e-02,0.000000000000e+00,3.624668813746e+01,7.525010433289e+02,0.000000000000e+00,0.000000000000e+00,0.000000000000e+00,0.000000000000e+00,5.773208707347e-04,6.292797491008e-02,2.705837285176e+02,2.517420959473e+02,0.000000000000e+00,1.027891891456e+00,3.624668813746e+01,5.549368685181e+04,1.090000000000e+02
2.201000000000e+03,1.032602385745e+08,6.948887035202e+04,8.529917366741e+05,4.617800947670e-01,3.053819194060e+02,-1.104022603708e-04,-1.203384638041e-02,0.000000000000e+00,2.874040114773e+01,7.393173025698e+02,0.000000000000e+00,0.000000000000e+00,0.000000000000e+00,0.000000000000e+00,4.941411759465e-04,5.386138817816e-02,2.704835416380e+02,2.507825164795e+02,0.000000000000e+00,1.036450110360e+00,2.874040114773e+01,5.549312456684e+04,1.090000000000e+02
2.202000000000e+03,1.032595120958e+08,7.018864554018e+04,8.565479781122e+05,4.625631894982e-01,3.061363425415e+02,-9.757705135400e-05,-1.063589859759e-02,0.000000000000e+00,2.670023484511e+01,7.264754230135e+02,0.000000000000e+00,0.000000000000e+00,0.000000000000e+00,0.000000000000e+00,4.905321000850e-04,5.346799890927e-02,2.704714787839e+02,2.513494567871e+02,0.000000000000e+00,1.043886653971e+00,2.670023484511e+01,5.549305408814e+04,1.090000000000e+02
2.203000000000e+03,1.032588033009e+08,7.086536070698e+04,8.608430295478e+05,4.638898809341e-01,3.067915597897e+02,-1.171334290944e-04,-1.276754377129e-02,0.000000000000e+00,3.208130561751e+01,7.087964724142e+02,0.000000000000e+00,0.000000000000e+00,0.000000000000e+00,0.000000000000e+00,5.929627463808e-04,6.463293935551e-02,2.704704929687e+02,2.517384948730e+02,0.000000000000e+00,1.051185968858e+00,3.208130561751e+01,5.549304531572e+04,1.090000000000e+02
2.204000000000e+03,1.032581107319e+08,7.152735678634e+04,8.655800362997e+05,4.654644065091e-01,3.074374222155e+02,-1.553936508754e-04,-1.693790794542e-02,0.000000000000e+00,3.057186455302e+01,6.925679439162e+02,0.000000000000e+00,0.000000000000e+00,0.000000000000e+00,0.000000000000e+00,6.282808166454e-04,6.848260901435e-02,2.704346656863e+02,2.516017303467e+02,0.000000000000e+00,1.058263273472e+00,3.057186455302e+01,5.549283726284e+04,1.090000000000e+02
2.205000000000e+03,1.032574345763e+08,7.217535387301e+04,8.694731150145e+05,4.665131128489e-01,3.081273244676e+02,-1.576144234182e-04,-1.717997215258e-02,0.000000000000e+00,2.815843578056e+01,6.761555224434e+02,0.000000000000e+00,0.000000000000e+00,0.000000000000e+00,0.000000000000e+00,4.866434431756e-04,5.304413530614e-02,2.703926825798e+02,2.519206085205e+02,0.000000000000e+00,1.066903347974e+00,2.815843578056e+01,5.549259095985e+04,1.090000000000e+02
2.206000000000e+03,1.032567750108e+08,7.280713149354e+04,8.731610925454e+05,4.674663606016e-01,3.088044698031e+02,-1.499646569051e-04,-1.634614760266e-02,0.000000000000e+00,2.778828389908e+01,6.595659044282e+02,0.000000000000e+00,0.000000000000e+00,0.000000000000e+00,0.000000000000e+00,4.602985705232e-04,5.017254418703e-02,2.703574272042e+02,2.518365478516e+02,0.000000000000e+00,1.073329683398e+00,2.778828389908e+01,5.549238034139e+04,1.090000000000e+02
2.207000000000e+03,1.032561308612e+08,7.342956289722e+04,8.782306634713e+05,4.692618663281e-01,3.094124618852e+02,-1.494657051202e-04,-1.629176185811e-02,0.000000000000e+00,2.171806425973e+01,6.441494679441e+02,0.000000000000e+00,0.000000000000e+00,0.000000000000e+00,0.000000000000e+00,6.903004754259e-04,7.524275182142e-02,2.702528818383e+02,2.510751037598e+02,0.000000000000e+00,1.081569375549e+00,2.171806425973e+01,5.549175514683e+04,1.090000000000e+02
2.208000000000e+03,1.032556387701e+08,7.390723166133e+04,8.835016408205e+05,4.712822557032e-01,3.099416012412e+02,-1.289412966457e-04,-1.405460133438e-02,0.000000000000e+00,1.442277911134e+01,4.920915432182e+02,0.000000000000e+00,0.000000000000e+00,0.000000000000e+00,0.000000000000e+00,7.455653784818e-04,8.126662625452e-02,2.700683431726e+02,2.503266143799e+02,0.000000000000e+00,1.087400223698e+00,1.442277911134e+01,5.549058977041e+04,1.090000000000e+02
2.209000000000e+03,1.032550864747e+08,7.444942455138e+04,8.874539023702e+05,4.723372897401e-01,3.106365810302e+02,-1.213326297772e-04,-1.322525664571e-02,0.000000000000e+00,1.010269575599e+01,5.522955858117e+02,0.000000000000e+00,0.000000000000e+00,0.000000000000e+00,0.000000000000e+00,5.339299232963e-04,5.819836163930e-02,2.699613775329e+02,2.501602478027e+02,0.000000000000e+00,1.093487554968e+00,1.010269575599e+01,5.548989759432e+04,1.090000000000e+02
2.210000000000e+03,1.032544908607e+08,7.503289845145e+04,8.904469860156e+05,4.727237348069e-01,3.114315888167e+02,-1.283433080593e-04,-1.398942057847e-02,0.000000000000e+00,1.214108104931e+01,5.956149811170e+02,0.000000000000e+00,0.000000000000e+00,0.000000000000e+00,0.000000000000e+00,3.675180710751e-04,4.005946974718e-02,2.699018887456e+02,2.511623840332e+02,0.000000000000e+00,1.101571435674e+00,1.214108104931e+01,5.548951869536e+04,1.090000000000e+02
2.211000000000e+03,1.032538744895e+08,7.563913329723e+04,8.937082687518e+05,4.734076955026e-01,3.121231976603e+02,-1.395069653170e-04,-1.520625921956e-02,0.000000000000e+00,1.013732498933e+01,6.163721707708e+02,0.000000000000e+00,0.000000000000e+00,0.000000000000e+00,0.000000000000e+00,4.009117387079e-04,4.369937951916e-02,2.698334881887e+02,2.513104553223e+02,0.000000000000e+00,1.107105799986e+00,1.013732498933e+01,5.548906188225e+04,1.090000000000e+02
2.212000000000e+03,1.032532873766e+08,7.622014293831e+04,8.977423323343e+05,4.745789851796e-01,3.127625665277e+02,-1.222148451227e-04,-1.332141811838e-02,0.000000000000e+00,6.104370458442e+00,5.871140115330e+02,0.000000000000e+00,0.000000000000e+00,0.000000000000e+00,0.000000000000e+00,5.468015788714e-04,5.960137209698e-02,2.697214127580e+02,2.510350799561e+02,0.000000000000e+00,1.114008891461e+00,6.104370458442e+00,5.548829874589e+04,1.090000000000e+02
2.213000000000e+03,1.032527234034e+08,7.678282937668e+04,9.021811785203e+05,4.760952167981e-01,3.133130582347e+02,-1.216580127690e-04,-1.326072339182e-02,0.000000000000e+00,1.286143964492e+00,5.639725823374e+02,0.000000000000e+00,0.000000000000e+00,0.000000000000e+00,0.000000000000e+00,6.146480160385e-04,6.699663374819e-02,2.695937804637e+02,2.509133758545e+02,0.000000000000e+00,1.119701048041e+00,1.286143964492e+00,5.548740761740e+04,1.090000000000e+02
2.214000000000e+03,1.032521812578e+08,7.732497496601e+04,9.072509592047e+05,4.784350417401e-01,3.135400672273e+02,-1.475329855952e-04,-1.608109542988e-02,0.000000000000e+00,0.000000000000e+00,5.421455893295e+02,0.000000000000e+00,0.000000000000e+00,0.000000000000e+00,0.000000000000e+00,6.941738378796e-04,7.566494832888e-02,2.694150303309e+02,2.503815002441e+02,0.000000000000e+00,1.123627483553e+00,0.000000000000e+00,5.548612596246e+04,1.090000000000e+02
2.215000000000e+03,1.032516566510e+08,7.784958181809e+04,9.113408502908e+05,4.793195193592e-01,3.143816968387e+02,-1.421957561462e-04,-1.549933741994e-02,0.000000000000e+00,0.000000000000e+00,5.246068520777e+02,0.000000000000e+00,0.000000000000e+00,0.000000000000e+00,0.000000000000e+00,5.385312499432e-04,5.869990624380e-02,2.691931861396e+02,2.495313720703e+02,0.000000000000e+00,1.132843345789e+00,0.000000000000e+00,5.548447474282e+04,1.090000000000e+02
2.216000000000e+03,1.032511500036e+08,7.835622920324e+04,9.146785184593e+05,4.799868654528e-01,3.151022724486e+02,-1.549941654864e-04,-1.689436403802e-02,0.000000000000e+00,0.000000000000e+00,5.066473851487e+02,0.000000000000e+00,0.000000000000e+00,0.000000000000e+00,0.000000000000e+00,4.006728700555e-04,4.367334283605e-02,2.690144710704e+02,2.494858703613e+02,0.000000000000e+00,1.135108800664e+00,0.000000000000e+00,5.548308661624e+04,1.090000000000e+02
2.217000000000e+03,1.032506637354e+08,7.884249737376e+04,9.179293508693e+05,4.806455987515e-01,3.157945508055e+02,-1.511180169609e-04,-1.647186384873e-02,0.000000000000e+00,0.000000000000e+00,4.862681705215e+02,0.000000000000e+00,0.000000000000e+00,0.000000000000e+00,0.000000000000e+00,3.891896210443e-04,4.242166869383e-02,2.688887658301e+02,2.502594757080e+02,0.000000000000e+00,1.140470420016e+00,0.000000000000e+00,5.548207412887e+04,1.090000000000e+02
2.218000000000e+03,1.032501969560e+08,7.930927682036e+04,9.214414577320e+05,4.815144739603e-01,3.164388669894e+02,-1.289720831670e-04,-1.405795706520e-02,0.000000000000e+00,0.000000000000e+00,4.667794465998e+02,0.000000000000e+00,0.000000000000e+00,0.000000000000e+00,0.000000000000e+00,4.556604949796e-04,4.966699395278e-02,2.687169672957e+02,2.504782257080e+02,0.000000000000e+00,1.143327748705e+00,0.000000000000e+00,5.548066095603e+04,1.090000000000e+02
2.219000000000e+03,1.032497473005e+08,7.975893229897e+04,9.253214037059e+05,4.826375537328e-01,3.170427882889e+02,-1.208688442164e-04,-1.317470401959e-02,0.000000000000e+00,0.000000000000e+00,4.496554786098e+02,0.000000000000e+00,0.000000000000e+00,0.000000000000e+00,0.000000000000e+00,5.259915603328e-04,5.733308007627e-02,2.684919324386e+02,2.498409729004e+02,0.000000000000e+00,1.146863928757e+00,0.000000000000e+00,5.547875122184e+04,1.090000000000e+02
2.220000000000e+03,1.032493171727e+08,8.018906009208e+04,9.300870451237e+05,4.843907111335e-01,3.175279026276e+02,-1.513743960074e-04,-1.649980916481e-02,0.000000000000e+00,0.000000000000e+00,4.301277931159e+02,0.000000000000e+00,0.000000000000e+00,0.000000000000e+00,0.000000000000e+00,6.394357455223e-04,6.969849626193e-02,2.683803990982e+02,2.503921813965e+02,0.000000000000e+00,1.149204937433e+00,0.000000000000e+00,5.547776574301e+04,1.090000000000e+02
2.221000000000e+03,1.032489053230e+08,8.060090978756e+04,9.343650542827e+05,4.856557218486e-01,3.181671062175e+02,-1.558347232183e-04,-1.698598483080e-02,0.000000000000e+00,0.000000000000e+00,4.118496954772e+02,0.000000000000e+00,0.000000000000e+00,0.000000000000e+00,0.000000000000e+00,5.562734420708e-04,6.063380518572e-02,2.681945051024e+02,2.503721160889e+02,0.000000000000e+00,1.151598504233e+00,0.000000000000e+00,5.547609465613e+04,1.090000000000e+02
2.222000000000e+03,1.032485125434e+08,8.099368942392e+04,9.385223096121e+05,4.867420097575e-01,3.188728848364e+02,-1.790797835012e-04,-1.951969640163e-02,0.000000000000e+00,0.000000000000e+00,3.927796363554e+02,0.000000000000e+00,0.000000000000e+00,0.000000000000e+00,0.000000000000e+00,5.100718163945e-04,5.559782798700e-02,2.681316163837e+02,2.512306823730e+02,0.000000000000e+00,1.153858144575e+00,0.000000000000e+00,5.547550559032e+04,1.090000000000e+02
2.223000000000e+03,1.032481401480e+08,8.136608481387e+04,9.437108477340e+05,4.887392350679e-01,3.193254443222e+02,-2.084829823605e-04,-2.272464507729e-02,0.000000000000e+00,0.000000000000e+00,3.723953899521e+02,0.000000000000e+00,0.000000000000e+00,0.000000000000e+00,0.000000000000e+00,6.495609883338e-04,7.080214772838e-02,2.681343054274e+02,2.528276824951e+02,0.000000000000e+00,1.154494380037e+00,0.000000000000e+00,5.547551114628e+04,1.090000000000e+02
2.224000000000e+03,1.032477881802e+08,8.171805255947e+04,9.494793512420e+05,4.910494344621e-01,3.197692959144e+02,-1.921901842733e-04,-2.094873008579e-02,0.000000000000e+00,0.000000000000e+00,3.519677455998e+02,0.000000000000e+00,0.000000000000e+00,0.000000000000e+00,0.000000000000e+00,7.634675801706e-04,8.321796623859e-02,2.680711356505e+02,2.528637695313e+02,0.000000000000e+00,1.155999730894e+00,0.000000000000e+00,5.547491578425e+04,1.090000000000e+02
2.225000000000e+03,1.032474530487e+08,8.205318411992e+04,9.549920261935e+05,4.931766318893e-01,3.202451766357e+02,-1.473442466231e-04,-1.606052288192e-02,0.000000000000e+00,0.000000000000e+00,3.351315604529e+02,0.000000000000e+00,0.000000000000e+00,0.000000000000e+00,0.000000000000e+00,7.675606965416e-04,8.366411592304e-02,2.679505858646e+02,2.530167694092e+02,0.000000000000e+00,1.156016401417e+00,0.000000000000e+00,5.547378144165e+04,1.090000000000e+02
2.226000000000e+03,1.032471342708e+08,8.237196200816e+04,9.606641467251e+05,4.954351899524e-01,3.206818764932e+02,-1.347597700532e-04,-1.468881493579e-02,0.000000000000e+00,0.000000000000e+00,3.187778882419e+02,0.000000000000e+00,0.000000000000e+00,0.000000000000e+00,0.000000000000e+00,8.048884001202e-04,8.773283561310e-02,2.678929598691e+02,2.537395019531e+02,0.000000000000e+00,1.154924504967e+00,0.000000000000e+00,5.547322779275e+04,1.090000000000e+02
2.227000000000e+03,1.032468316965e+08,8.267453626630e+04,9.664544957379e+05,4.977436196531e-01,3.211220344365e+02,-1.485443349453e-04,-1.619133250904e-02,0.000000000000e+00,0.000000000000e+00,3.025742581343e+02,0.000000000000e+00,0.000000000000e+00,0.000000000000e+00,0.000000000000e+00,8.108127574497e-04,8.837859056202e-02,2.678309226621e+02,2.539246063232e+02,0.000000000000e+00,1.156115010203e+00,0.000000000000e+00,5.547262674089e+04,1.090000000000e+02
2.228000000000e+03,1.032465442387e+08,8.296199411398e+04,9.724925282675e+05,5.005029906519e-01,3.213506263486e+02,-1.545313668106e-04,-1.684391898235e-02,0.000000000000e+00,0.000000000000e+00,2.874578476855e+02,0.000000000000e+00,0.000000000000e+00,0.000000000000e+00,0.000000000000e+00,8.459742733069e-04,9.221119579045e-02,2.677634233738e+02,2.538435516357e+02,0.000000000000e+00,1.157950676747e+00,0.000000000000e+00,5.547196900791e+04,1.090000000000e+02
2.229000000000e+03,1.032462697449e+08,8.323648788871e+04,9.789499192704e+05,5.030972490144e-01,3.218218746111e+02,-1.375486386254e-04,-1.499280161017e-02,0.000000000000e+00,0.000000000000e+00,2.744937747244e+02,0.000000000000e+00,0.000000000000e+00,0.000000000000e+00,0.000000000000e+00,9.332016273033e-04,1.017189773761e-01,2.676664309418e+02,2.538814697266e+02,0.000000000000e+00,1.158876602673e+00,0.000000000000e+00,5.547101560493e+04,1.090000000000e+02
2.230000000000e+03,1.032460052617e+08,8.350097109041e+04,9.848046614454e+05,5.053854518892e-01,3.222920206407e+02,-1.270976191963e-04,-1.385364049240e-02,0.000000000000e+00,0.000000000000e+00,2.644832017071e+02,0.000000000000e+00,0.000000000000e+00,0.000000000000e+00,0.000000000000e+00,8.469002717292e-04,9.231212961848e-02,2.674732785965e+02,2.527250061035e+02,0.000000000000e+00,1.160784702118e+00,0.000000000000e+00,5.546908025860e+04,1.090000000000e+02
2.231000000000e+03,1.032457495477e+08,8.375668507440e+04,9.902116634179e+05,5.074370710600e-01,3.227620938277e+02,-1.334119557830e-04,-1.454190318035e-02,0.000000000000e+00,0.000000000000e+00,2.557139839895e+02,0.000000000000e+00,0.000000000000e+00,0.000000000000e+00,0.000000000000e+00,7.663402686338e-04,8.353108928109e-02,2.672938010309e+02,2.526265106201e+02,0.000000000000e+00,1.161448531166e+00,0.000000000000e+00,5.546723188240e+04,1.090000000000e+02
2.232000000000e+03,1.032455033754e+08,8.400285738156e+04,9.955257160993e+05,5.094248415196e-01,3.232361978512e+02,-1.414076987550e-04,-1.541343916429e-02,0.000000000000e+00,0.000000000000e+00,2.461723071526e+02,0.000000000000e+00,0.000000000000e+00,0.000000000000e+00,0.000000000000e+00,7.416876204101e-04,8.084395062470e-02,2.671614316989e+02,2.530519561768e+02,0.000000000000e+00,1.162506958250e+00,0.000000000000e+00,5.546583507520e+04,1.090000000000e+02
2.233000000000e+03,1.032452662077e+08,8.424002505577e+04,1.002097737867e+06,5.123416371629e-01,3.235272132730e+02,-1.275358034798e-04,-1.390140257930e-02,0.000000000000e+00,0.000000000000e+00,2.371676742160e+02,0.000000000000e+00,0.000000000000e+00,0.000000000000e+00,0.000000000000e+00,9.643782952304e-04,1.051172341801e-01,2.670103673999e+02,2.524792022705e+02,0.000000000000e+00,1.162647571626e+00,0.000000000000e+00,5.546420664057e+04,1.090000000000e+02
2.234000000000e+03,1.032450376775e+08,8.446855524670e+04,1.007549780482e+06,5.140739783512e-01,3.241984080821e+02,-1.367657247505e-04,-1.490746399781e-02,0.000000000000e+00,0.000000000000e+00,2.285301909268e+02,0.000000000000e+00,0.000000000000e+00,0.000000000000e+00,0.000000000000e+00,7.687361297072e-04,8.379223813808e-02,2.668988030221e+02,2.520738525391e+02,0.000000000000e+00,1.164284703727e+00,0.000000000000e+00,5.546298208930e+04,1.090000000000e+02
2.235000000000e+03,1.032448772443e+08,8.462898852099e+04,1.011598877016e+06,5.152175623297e-01,3.247883904721e+02,-1.520584475683e-04,-1.657437078494e-02,0.000000000000e+00,0.000000000000e+00,1.604332742884e+02,0.000000000000e+00,0.000000000000e+00,0.000000000000e+00,0.000000000000e+00,5.226588140255e-04,5.696981072878e-02,2.667558206786e+02,2.520551757812e+02,0.000000000000e+00,1.161685066784e+00,0.000000000000e+00,5.546134502777e+04,1.090000000000e+02
2.236000000000e+03,1.032448894346e+08,8.461679820897e+04,1.016142300100e+06,5.168193477627e-01,3.252461332108e+02,-1.509789490127e-04,-1.645670544238e-02,0.000000000000e+00,0.000000000000e+00,-1.219031201459e+01,0.000000000000e+00,0.000000000000e+00,0.000000000000e+00,0.000000000000e+00,6.058320128597e-04,6.603568940171e-02,2.666159856931e+02,2.516903991699e+02,0.000000000000e+00,1.158171227664e+00,0.000000000000e+00,5.545961518606e+04,1.090000000000e+02
2.237000000000e+03,1.032446110873e+08,8.489514550551e+04,1.020202202031e+06,5.178722201041e-01,3.258919252538e+02,-1.352661140569e-04,-1.474400643220e-02,0.000000000000e+00,0.000000000000e+00,2.783472965393e+02,0.000000000000e+00,0.000000000000e+00,0.000000000000e+00,0.000000000000e+00,5.416133236624e-04,5.903585227920e-02,2.664555235651e+02,2.509975128174e+02,0.000000000000e+00,1.161750852933e+00,0.000000000000e+00,5.545788222595e+04,1.090000000000e+02
2.238000000000e+03,1.032443737967e+08,8.513243612309e+04,1.023473058826e+06,5.185602275765e-01,3.265102132359e+02,-1.332277578471e-04,-1.452182560533e-02,0.000000000000e+00,0.000000000000e+00,2.372906175751e+02,0.000000000000e+00,0.000000000000e+00,0.000000000000e+00,0.000000000000e+00,4.116067396531e-04,4.486513462219e-02,2.663503031254e+02,2.515601043701e+02,0.000000000000e+00,1.162633546207e+00,0.000000000000e+00,5.545665744162e+04,1.090000000000e+02
2.239000000000e+03,1.032441550188e+08,8.535121397533e+04,1.027826504221e+06,5.200027879256e-01,3.269902166862e+02,-1.410063773307e-04,-1.536969512905e-02,0.000000000000e+00,0.000000000000e+00,2.187778522466e+02,0.000000000000e+00,0.000000000000e+00,0.000000000000e+00,0.000000000000e+00,5.796069069669e-04,6.317715285939e-02,2.663381731824e+02,2.528369598389e+02,0.000000000000e+00,1.163485861022e+00,0.000000000000e+00,5.545652286737e+04,1.090000000000e+02
2.240000000000e+03,1.032439475733e+08,8.555865949980e+04,1.032889120939e+06,5.218400537676e-01,3.274548613516e+02,-1.438236076795e-04,-1.567677323707e-02,0.000000000000e+00,0.000000000000e+00,2.074455244620e+02,0.000000000000e+00,0.000000000000e+00,0.000000000000e+00,0.000000000000e+00,6.994133544862e-04,7.623605563899e-02,2.661845909829e+02,2.511847381592e+02,0.000000000000e+00,1.164411786948e+00,0.000000000000e+00,5.545466896702e+04,1.090000000000e+02
2.241000000000e+03,1.032437472140e+08,8.575901880573e+04,1.036709472210e+06,5.228345280604e-01,3.280578761703e+02,-1.215752840143e-04,-1.325170595756e-02,0.000000000000e+00,0.000000000000e+00,2.003593059339e+02,0.000000000000e+00,0.000000000000e+00,0.000000000000e+00,0.000000000000e+00,5.193459934058e-04,5.660871328124e-02,2.659524208668e+02,2.503520812988e+02,0.000000000000e+00,1.165669568117e+00,0.000000000000e+00,5.545179642903e+04,1.090000000000e+02
2.242000000000e+03,1.032435534735e+08,8.595275928268e+04,1.040377269331e+06,5.238058269255e-01,3.286189392159e+02,-9.470959623821e-05,-1.032334598996e-02,0.000000000000e+00,0.000000000000e+00,1.937404769477e+02,0.000000000000e+00,0.000000000000e+00,0.000000000000e+00,0.000000000000e+00,5.178200040449e-04,5.644238044089e-02,2.658070953935e+02,2.515233459473e+02,0.000000000000e+00,1.166867529278e+00,0.000000000000e+00,5.544995976820e+04,1.090000000000e+02
2.243000000000e+03,1.032433674146e+08,8.613881817212e+04,1.044593729734e+06,5.250935000828e-01,3.291444991659e+02,-8.912891461554e-05,-9.715051693094e-03,0.000000000000e+00,0.000000000000e+00,1.860588894420e+02,0.000000000000e+00,0.000000000000e+00,0.000000000000e+00,0.000000000000e+00,6.099922227562e-04,6.648915228043e-02,2.657690665529e+02,2.524405059814e+02,0.000000000000e+00,1.167432344093e+00,0.000000000000e+00,5.544947931688e+04,1.090000000000e+02
2.244000000000e+03,1.032431893354e+08,8.631689736712e+04,1.049703662212e+06,5.269663460396e-01,3.295785977013e+02,-1.124164017079e-04,-1.225338778617e-02,0.000000000000e+00,0.000000000000e+00,1.780791949970e+02,0.000000000000e+00,0.000000000000e+00,0.000000000000e+00,0.000000000000e+00,7.327751259851e-04,7.987248873237e-02,2.657752102698e+02,2.527494659424e+02,0.000000000000e+00,1.167524936686e+00,0.000000000000e+00,5.544956398507e+04,1.090000000000e+02
2.245000000000e+03,1.032430189095e+08,8.648732332042e+04,1.055128353565e+06,5.289916266863e-01,3.300117029848e+02,-1.218549504780e-04,-1.328218960211e-02,0.000000000000e+00,0.000000000000e+00,1.704259533020e+02,0.000000000000e+00,0.000000000000e+00,0.000000000000e+00,0.000000000000e+00,7.747409897713e-04,8.444676788508e-02,2.657979354621e+02,2.531639709473e+02,0.000000000000e+00,1.168080492241e+00,0.000000000000e+00,5.544986117124e+04,1.090000000000e+02
2.246000000000e+03,1.032428554777e+08,8.665075509503e+04,1.060715315622e+06,5.311371364446e-01,3.304185100802e+02,-1.337869993955e-04,-1.458278293411e-02,0.000000000000e+00,0.000000000000e+00,1.634317746149e+02,0.000000000000e+00,0.000000000000e+00,0.000000000000e+00,0.000000000000e+00,7.903264649525e-04,8.614558467982e-02,2.658040965235e+02,2.537136688232e+02,0.000000000000e+00,1.167410837501e+00,0.000000000000e+00,5.544994450430e+04,1.090000000000e+02
2.247000000000e+03,1.032426970484e+08,8.680918436272e+04,1.066019537112e+06,5.330962180713e-01,3.308616147582e+02,-1.154870808021e-04,-1.258809180742e-02,0.000000000000e+00,0.000000000000e+00,1.584292676915e+02,0.000000000000e+00,0.000000000000e+00,0.000000000000e+00,0.000000000000e+00,7.680462047678e-04,8.371703631969e-02,2.656597752569e+02,2.519697570801e+02,0.000000000000e+00,1.166888255580e+00,0.000000000000e+00,5.544807873698e+04,1.090000000000e+02
2.248000000000e+03,1.032425426412e+08,8.696359162298e+04,1.071920642454e+06,5.354866606836e-01,3.312148994932e+02,-1.174431093479e-04,-1.280129891892e-02,0.000000000000e+00,0.000000000000e+00,1.544072602597e+02,0.000000000000e+00,0.000000000000e+00,0.000000000000e+00,0.000000000000e+00,8.626410194005e-04,9.402787111466e-02,2.655707148681e+02,2.524085693359e+02,0.000000000000e+00,1.167443811135e+00,0.000000000000e+00,5.544692244026e+04,1.090000000000e+02
2.249000000000e+03,1.032423932899e+08,8.711294289985e+04,1.077778978457e+06,5.377975884331e-01,3.315960083814e+02,-1.260595968271e-04,-1.374049605415e-02,0.000000000000e+00,0.000000000000e+00,1.493512768624e+02,0.000000000000e+00,0.000000000000e+00,0.000000000000e+00,0.000000000000e+00,8.443125124549e-04,9.203006385758e-02,2.655452729771e+02,2.533397979736e+02,0.000000000000e+00,1.167628996321e+00,0.000000000000e+00,5.544659772571e+04,1.090000000000e+02
2.250000000000e+03,1.032422486311e+08,8.725760173177e+04,1.082452120250e+06,5.393287584828e-01,3.320925410396e+02,-9.707281736267e-05,-1.058093709253e-02,0.000000000000e+00,0.000000000000e+00,1.446588319276e+02,0.000000000000e+00,0.000000000000e+00,0.000000000000e+00,0.000000000000e+00,6.784510784612e-04,7.395116755227e-02,2.654912453539e+02,2.535629119873e+02,0.000000000000e+00,1.167708343773e+00,0.000000000000e+00,5.544588775951e+04,1.090000000000e+02
2.251000000000e+03,1.032421080542e+08,8.739817856904e+04,1.086717400565e+06,5.406361580211e-01,3.325995145017e+02,-8.052255435647e-05,-8.776958424855e-03,0.000000000000e+00,0.000000000000e+00,1.405768372654e+02,0.000000000000e+00,0.000000000000e+00,0.000000000000e+00,0.000000000000e+00,6.277435196855e-04,6.842404364572e-02,2.654325450527e+02,2.533247375488e+02,0.000000000000e+00,1.167289499712e+00,0.000000000000e+00,5.544511335751e+04,1.090000000000e+02
2.252000000000e+03,1.032419713157e+08,8.753491712847e+04,1.091056518025e+06,5.419868274214e-01,3.330999092396e+02,-7.942604533811e-05,-8.657438941854e-03,0.000000000000e+00,0.000000000000e+00,1.367385594290e+02,0.000000000000e+00,0.000000000000e+00,0.000000000000e+00,0.000000000000e+00,6.410127157560e-04,6.987038601740e-02,2.653756559061e+02,2.534742431641e+02,0.000000000000e+00,1.165866338488e+00,0.000000000000e+00,5.544435859871e+04,1.090000000000e+02
2.253000000000e+03,1.032418380547e+08,8.766817806431e+04,1.094964728011e+06,5.430426541650e-01,3.336498967770e+02,-6.390069030759e-05,-6.965175243527e-03,0.000000000000e+00,0.000000000000e+00,1.332609358438e+02,0.000000000000e+00,0.000000000000e+00,0.000000000000e+00,0.000000000000e+00,5.864604126598e-04,6.392418497992e-02,2.652922335962e+02,2.537136230469e+02,0.000000000000e+00,1.166338806676e+00,0.000000000000e+00,5.544323497520e+04,1.090000000000e+02
2.254000000000e+03,1.032417084746e+08,8.779775814897e+04,1.098853468739e+06,5.441171000122e-01,3.341736898205e+02,-5.998860938487e-05,-6.538758422950e-03,0.000000000000e+00,0.000000000000e+00,1.295800846598e+02,0.000000000000e+00,0.000000000000e+00,0.000000000000e+00,0.000000000000e+00,5.835037169907e-04,6.360190515199e-02,2.652907186896e+02,2.548011016846e+02,0.000000000000e+00,1.166338806676e+00,0.000000000000e+00,5.544323087674e+04,1.090000000000e+02
2.255000000000e+03,1.032415825284e+08,8.792370434412e+04,1.103343992544e+06,5.455958063212e-01,3.346341094986e+02,-7.030795679665e-05,-7.663567290835e-03,0.000000000000e+00,0.000000000000e+00,1.259461951511e+02,0.000000000000e+00,0.000000000000e+00,0.000000000000e+00,0.000000000000e+00,6.750384239317e-04,7.357918820855e-02,2.652393733654e+02,2.546492462158e+02,0.000000000000e+00,1.165207055772e+00,0.000000000000e+00,5.544253596225e+04,1.090000000000e+02
2.256000000000e+03,1.032414592815e+08,8.804695127679e+04,1.106538468110e+06,5.461398959665e-01,3.352771968135e+02,-5.437806317889e-05,-5.927208886499e-03,0.000000000000e+00,0.000000000000e+00,1.232469326703e+02,0.000000000000e+00,0.000000000000e+00,0.000000000000e+00,0.000000000000e+00,4.789068852078e-04,5.220085048765e-02,2.651361059232e+02,2.534848632813e+02,0.000000000000e+00,1.164700860157e+00,0.000000000000e+00,5.544111939175e+04,1.090000000000e+02
2.257000000000e+03,1.032413383378e+08,8.816789495805e+04,1.109877459091e+06,5.469550295213e-01,3.357966780162e+02,-4.473814292820e-05,-4.876457579174e-03,0.000000000000e+00,0.000000000000e+00,1.209436812545e+02,0.000000000000e+00,0.000000000000e+00,0.000000000000e+00,0.000000000000e+00,5.126864990173e-04,5.588282839289e-02,2.650295144172e+02,2.530272521973e+02,0.000000000000e+00,1.164886045342e+00,0.000000000000e+00,5.543964237201e+04,1.090000000000e+02
2.258000000000e+03,1.032412198627e+08,8.828637009446e+04,1.114350597984e+06,5.484328733757e-01,3.362480774569e+02,-6.715348381663e-05,-7.319729736013e-03,0.000000000000e+00,0.000000000000e+00,1.184751364075e+02,0.000000000000e+00,0.000000000000e+00,0.000000000000e+00,0.000000000000e+00,6.766623889203e-04,7.375620039232e-02,2.649521570007e+02,2.532356414795e+02,0.000000000000e+00,1.164452681187e+00,0.000000000000e+00,5.543856424543e+04,1.090000000000e+02
2.259000000000e+03,1.032411041619e+08,8.840207091139e+04,1.118108536162e+06,5.493579996380e-01,3.368161602781e+02,-8.044268872958e-05,-8.768253071524e-03,0.000000000000e+00,0.000000000000e+00,1.157008169330e+02,0.000000000000e+00,0.000000000000e+00,0.000000000000e+00,0.000000000000e+00,5.427085290648e-04,5.915522966806e-02,2.649242694649e+02,2.536759490967e+02,0.000000000000e+00,1.164545273779e+00,0.000000000000e+00,5.543818559742e+04,1.090000000000e+02
2.260000000000e+03,1.032409913066e+08,8.851492613711e+04,1.121421656922e+06,5.500885861016e-01,3.373679364724e+02,-9.374370933920e-05,-1.021806431797e-02,0.000000000000e+00,0.000000000000e+00,1.128552257185e+02,0.000000000000e+00,0.000000000000e+00,0.000000000000e+00,0.000000000000e+00,4.558545551606e-04,4.968814651250e-02,2.648957193114e+02,2.542370605469e+02,0.000000000000e+00,1.165008236742e+00,0.000000000000e+00,5.543779199102e+04,1.090000000000e+02
2.261000000000e+03,1.032411074173e+08,8.839881545214e+04,1.124626103292e+06,5.506922251725e-01,3.379680674728e+02,-8.806443556667e-05,-9.599023476767e-03,0.000000000000e+00,0.000000000000e+00,-1.161106849684e+02,0.000000000000e+00,0.000000000000e+00,0.000000000000e+00,0.000000000000e+00,4.460704259415e-04,4.862167642762e-02,2.648256806889e+02,2.541549987793e+02,0.000000000000e+00,1.160100829335e+00,0.000000000000e+00,5.543665015707e+04,1.090000000000e+02
2.262000000000e+03,1.032410040708e+08,8.850216194106e+04,1.128185406887e+06,5.515152672721e-01,3.385348960672e+02,-7.159080306000e-05,-7.803397533540e-03,0.000000000000e+00,0.000000000000e+00,1.033464889250e+02,0.000000000000e+00,0.000000000000e+00,0.000000000000e+00,0.000000000000e+00,5.191847861624e-04,5.659114169170e-02,2.647832401436e+02,2.539223632812e+02,0.000000000000e+00,1.161371057674e+00,0.000000000000e+00,5.543613408306e+04,1.090000000000e+02
2.263000000000e+03,1.032408582092e+08,8.864802351836e+04,1.131610725620e+06,5.523266470228e-01,3.390674320437e+02,-5.511489216093e-05,-6.007523245541e-03,0.000000000000e+00,0.000000000000e+00,1.458615772960e+02,0.000000000000e+00,0.000000000000e+00,0.000000000000e+00,0.000000000000e+00,5.136980530388e-04,5.599308778123e-02,2.647403144639e+02,2.538805236816e+02,0.000000000000e+00,1.163037724340e+00,0.000000000000e+00,5.543555868284e+04,1.090000000000e+02
2.264000000000e+03,1.032407276642e+08,8.877856851891e+04,1.134251014686e+06,5.526672739650e-01,3.396566979609e+02,-3.766120214532e-05,-4.105071033840e-03,0.000000000000e+00,0.000000000000e+00,1.305450005523e+02,0.000000000000e+00,0.000000000000e+00,0.000000000000e+00,0.000000000000e+00,4.035023319379e-04,4.398175418123e-02,2.646536379881e+02,2.531322937012e+02,0.000000000000e+00,1.163685872489e+00,0.000000000000e+00,5.543431710957e+04,1.090000000000e+02
2.265000000000e+03,1.032406044702e+08,8.890176253387e+04,1.138340299604e+06,5.540299154022e-01,3.400444780938e+02,-5.002053723402e-05,-5.452238558509e-03,0.000000000000e+00,0.000000000000e+00,1.231940149623e+02,0.000000000000e+00,0.000000000000e+00,0.000000000000e+00,0.000000000000e+00,6.276500392305e-04,6.841385427613e-02,2.646335861201e+02,2.538346862793e+02,0.000000000000e+00,1.163447731268e+00,0.000000000000e+00,5.543405274515e+04,1.090000000000e+02
2.266000000000e+03,1.032404866739e+08,8.901955882391e+04,1.142197235365e+06,5.550205265221e-01,3.405906959160e+02,-6.220191118337e-05,-6.780008318987e-03,0.000000000000e+00,0.000000000000e+00,1.177962900386e+02,0.000000000000e+00,0.000000000000e+00,0.000000000000e+00,0.000000000000e+00,5.778108104809e-04,6.298137834242e-02,2.645986216888e+02,2.539913330078e+02,0.000000000000e+00,1.163208468617e+00,0.000000000000e+00,5.543355716809e+04,1.090000000000e+02
2.267000000000e+03,1.032403730181e+08,8.913321470557e+04,1.145839909012e+06,5.560119364330e-01,3.410736759118e+02,-6.344836387697e-05,-6.915871662589e-03,0.000000000000e+00,0.000000000000e+00,1.136558816563e+02,0.000000000000e+00,0.000000000000e+00,0.000000000000e+00,0.000000000000e+00,5.427579229998e-04,5.916061360698e-02,2.645317004412e+02,2.537506408691e+02,0.000000000000e+00,1.163393653802e+00,0.000000000000e+00,5.543258145141e+04,1.090000000000e+02
2.268000000000e+03,1.032402627563e+08,8.924347644626e+04,1.149532358760e+06,5.569697098746e-01,3.415907392851e+02,-6.974527457746e-05,-7.602234928943e-03,0.000000000000e+00,0.000000000000e+00,1.102617406959e+02,0.000000000000e+00,0.000000000000e+00,0.000000000000e+00,0.000000000000e+00,5.449151504593e-04,5.939575140006e-02,2.644613805769e+02,2.531352996826e+02,0.000000000000e+00,1.164174303107e+00,0.000000000000e+00,5.543154964881e+04,1.090000000000e+02
2.269000000000e+03,1.032401557645e+08,8.935046824641e+04,1.152683148997e+06,5.575636555772e-01,3.421579566908e+02,-4.777659428721e-05,-5.207648777306e-03,0.000000000000e+00,0.000000000000e+00,1.069918001428e+02,0.000000000000e+00,0.000000000000e+00,0.000000000000e+00,0.000000000000e+00,4.713687675317e-04,5.137919566096e-02,2.645045794532e+02,2.549983367920e+02,0.000000000000e+00,1.163504648367e+00,0.000000000000e+00,5.543222736895e+04,1.090000000000e+02
2.270000000000e+03,1.032400521683e+08,8.945406446796e+04,1.155986042409e+06,5.583740034769e-01,3.426335385920e+02,-4.622384998314e-05,-5.038399648162e-03,0.000000000000e+00,0.000000000000e+00,1.035962215517e+02,0.000000000000e+00,0.000000000000e+00,0.000000000000e+00,0.000000000000e+00,4.965937363370e-04,5.412871726073e-02,2.645775639377e+02,2.559228820801e+02,0.000000000000e+00,1.163504648367e+00,0.000000000000e+00,5.543333589678e+04,1.090000000000e+02
2.271000000000e+03,1.032399515121e+08,8.955472060290e+04,1.159182057355e+06,5.590187610730e-01,3.431819775898e+02,-4.871152863937e-05,-5.309556621692e-03,0.000000000000e+00,0.000000000000e+00,1.006561349444e+02,0.000000000000e+00,0.000000000000e+00,0.000000000000e+00,0.000000000000e+00,4.787880788907e-04,5.218790059908e-02,2.646046756087e+02,2.558812561035e+02,0.000000000000e+00,1.163464739803e+00,0.000000000000e+00,5.543375318478e+04,1.090000000000e+02
2.272000000000e+03,1.032398535072e+08,8.965272554942e+04,1.162388345993e+06,5.597048309812e-01,3.437033329364e+02,-3.197915126787e-05,-3.485727488198e-03,0.000000000000e+00,0.000000000000e+00,9.800494651165e+01,0.000000000000e+00,0.000000000000e+00,0.000000000000e+00,0.000000000000e+00,4.952713133482e-04,5.398457315496e-02,2.646695891097e+02,2.567831115723e+02,0.000000000000e+00,1.163464739803e+00,0.000000000000e+00,5.543473025996e+04,1.090000000000e+02
2.273000000000e+03,1.032397578358e+08,8.974839695438e+04,1.166528129621e+06,5.610252429248e-01,3.441156256237e+02,-2.000229141961e-05,-2.180249764737e-03,0.000000000000e+00,0.000000000000e+00,9.567140496920e+01,0.000000000000e+00,0.000000000000e+00,0.000000000000e+00,0.000000000000e+00,6.651325023697e-04,7.249944275830e-02,2.646684121950e+02,2.560948791504e+02,0.000000000000e+00,1.163464739803e+00,0.000000000000e+00,5.543472721626e+04,1.090000000000e+02
2.274000000000e+03,1.032396638635e+08,8.984236919716e+04,1.171207967348e+06,5.626274347584e-01,3.445215664389e+02,-2.834955678880e-05,-3.090101689979e-03,0.000000000000e+00,0.000000000000e+00,9.397224277296e+01,0.000000000000e+00,0.000000000000e+00,0.000000000000e+00,0.000000000000e+00,7.513818001056e-04,8.190061621151e-02,2.645662072397e+02,2.543579406738e+02,0.000000000000e+00,1.163875018738e+00,0.000000000000e+00,5.543323253365e+04,1.090000000000e+02
2.275000000000e+03,1.032395713526e+08,8.993488012605e+04,1.176053809640e+06,5.643333303728e-01,3.449097160476e+02,-2.891181097307e-05,-3.151387396065e-03,0.000000000000e+00,0.000000000000e+00,9.251092889042e+01,0.000000000000e+00,0.000000000000e+00,0.000000000000e+00,0.000000000000e+00,7.778514446517e-04,8.478580746703e-02,2.644738132630e+02,2.539071044922e+02,0.000000000000e+00,1.164245389108e+00,0.000000000000e+00,5.543187609969e+04,1.090000000000e+02
2.276000000000e+03,1.032394805455e+08,9.002568722841e+04,1.179689907853e+06,5.651863624716e-01,3.454551986237e+02,-5.538467153914e-06,-6.036929197767e-04,0.000000000000e+00,0.000000000000e+00,9.080710236196e+01,0.000000000000e+00,0.000000000000e+00,0.000000000000e+00,0.000000000000e+00,5.969801849177e-04,6.507084015603e-02,2.644584305604e+02,2.550620422363e+02,0.000000000000e+00,1.163445029409e+00,0.000000000000e+00,5.543167129463e+04,1.090000000000e+02
2.277000000000e+03,1.032393915582e+08,9.011467452025e+04,1.183115881510e+06,5.659385865741e-01,3.459940298975e+02,-6.776385040279e-06,-7.386259693905e-04,0.000000000000e+00,0.000000000000e+00,8.898729183589e+01,0.000000000000e+00,0.000000000000e+00,0.000000000000e+00,0.000000000000e+00,5.580271797012e-04,6.082496258743e-02,2.644986933263e+02,2.561318969727e+02,0.000000000000e+00,1.163445029409e+00,0.000000000000e+00,5.543229880431e+04,1.090000000000e+02
2.278000000000e+03,1.032393043543e+08,9.020187843466e+04,1.186745701497e+06,5.668740773740e-01,3.464776870847e+02,-2.667256966554e-05,-2.907310093543e-03,0.000000000000e+00,0.000000000000e+00,8.720391441331e+01,0.000000000000e+00,0.000000000000e+00,0.000000000000e+00,0.000000000000e+00,5.711724399837e-04,6.225779595822e-02,2.645523960678e+02,2.568470153809e+02,0.000000000000e+00,1.163445029409e+00,0.000000000000e+00,5.543311900054e+04,1.090000000000e+02
2.279000000000e+03,1.032392189305e+08,9.028730220285e+04,1.190379743486e+06,5.678527289226e-01,3.469350744670e+02,-2.669195645173e-05,-2.909423253239e-03,0.000000000000e+00,0.000000000000e+00,8.542376818781e+01,0.000000000000e+00,0.000000000000e+00,0.000000000000e+00,0.000000000000e+00,5.721189560815e-04,6.236096621289e-02,2.646012160474e+02,2.572004699707e+02,0.000000000000e+00,1.162227728142e+00,0.000000000000e+00,5.543386005291e+04,1.090000000000e+02
2.280000000000e+03,1.032391351705e+08,9.037106222533e+04,1.194187414307e+06,5.690674838437e-01,3.472967328439e+02,-1.808189653456e-05,-1.970926722267e-03,0.000000000000e+00,0.000000000000e+00,8.376002248636e+01,0.000000000000e+00,0.000000000000e+00,0.000000000000e+00,0.000000000000e+00,6.091678613541e-04,6.639929688759e-02,2.646556433796e+02,2.573688354492e+02,0.000000000000e+00,1.161534680652e+00,0.000000000000e+00,5.543467958460e+04,1.090000000000e+02
2.281000000000e+03,1.032390530006e+08,9.045323213458e+04,1.197079695157e+06,5.694733557436e-01,3.478838359177e+02,6.622445542301e-06,7.218465641108e-04,0.000000000000e+00,0.000000000000e+00,8.216990924184e+01,0.000000000000e+00,0.000000000000e+00,0.000000000000e+00,0.000000000000e+00,4.819233983229e-04,5.252965041720e-02,2.647188848031e+02,2.580736083984e+02,0.000000000000e+00,1.160616542235e+00,0.000000000000e+00,5.543562122754e+04,1.090000000000e+02
2.282000000000e+03,1.032390995109e+08,9.040672180770e+04,1.200269484037e+06,5.700196590738e-01,3.484738817635e+02,5.093947247117e-06,5.552402499358e-04,0.000000000000e+00,0.000000000000e+00,-4.651032687425e+01,0.000000000000e+00,0.000000000000e+00,0.000000000000e+00,0.000000000000e+00,5.314800027239e-04,5.793132029690e-02,2.647516369444e+02,2.582598876953e+02,0.000000000000e+00,1.155282656872e+00,0.000000000000e+00,5.543604136391e+04,1.090000000000e+02
2.283000000000e+03,1.032391186288e+08,9.038760391851e+04,1.204730869053e+06,5.716022602695e-01,3.487983646272e+02,-1.358984155130e-05,-1.481292729091e-03,0.000000000000e+00,0.000000000000e+00,-1.911788919304e+01,0.000000000000e+00,0.000000000000e+00,0.000000000000e+00,0.000000000000e+00,7.233793637780e-04,7.884835065181e-02,2.647792212944e+02,2.582938537598e+02,0.000000000000e+00,1.153907608590e+00,0.000000000000e+00,5.543642003057e+04,1.090000000000e+02
2.284000000000e+03,1.032390358555e+08,9.047037722232e+04,1.209728121238e+06,5.731975255751e-01,3.492661017092e+02,-1.973514746511e-05,-2.151131073697e-03,0.000000000000e+00,0.000000000000e+00,8.277330381476e+01,0.000000000000e+00,0.000000000000e+00,0.000000000000e+00,0.000000000000e+00,8.047955868256e-04,8.772271896399e-02,2.648218747951e+02,2.583962707520e+02,0.000000000000e+00,1.154262930509e+00,0.000000000000e+00,5.543710580852e+04,1.090000000000e+02
2.285000000000e+03,1.032389258675e+08,9.058036528776e+04,1.214041268152e+06,5.745934446799e-01,3.496554848148e+02,-8.675393494921e-06,-9.456178909463e-04,0.000000000000e+00,0.000000000000e+00,1.099880654361e+02,0.000000000000e+00,0.000000000000e+00,0.000000000000e+00,0.000000000000e+00,7.026085501315e-04,7.658433196433e-02,2.648672764761e+02,2.586511230469e+02,0.000000000000e+00,1.155096263842e+00,0.000000000000e+00,5.543779553878e+04,1.090000000000e+02
2.286000000000e+03,1.032388268766e+08,9.067935614005e+04,1.218621865733e+06,5.761865160449e-01,3.499992993746e+02,1.800697055596e-05,1.962759790599e-03,0.000000000000e+00,0.000000000000e+00,9.899085228919e+01,0.000000000000e+00,0.000000000000e+00,0.000000000000e+00,0.000000000000e+00,7.731357504868e-04,8.427179680306e-02,2.649214834613e+02,2.590455932617e+02,0.000000000000e+00,1.154242290715e+00,0.000000000000e+00,5.543859430769e+04,1.090000000000e+02
2.287000000000e+03,1.032387333064e+08,9.077292636892e+04,1.223413137340e+06,5.778340958777e-01,3.503690317856e+02,3.666935324094e-05,3.996959503262e-03,0.000000000000e+00,0.000000000000e+00,9.357022887029e+01,0.000000000000e+00,0.000000000000e+00,0.000000000000e+00,0.000000000000e+00,8.269669780384e-04,9.013940060619e-02,2.649701235895e+02,2.592492065430e+02,0.000000000000e+00,1.153954203181e+00,0.000000000000e+00,5.543930363648e+04,1.090000000000e+02
2.288000000000e+03,1.032386433741e+08,9.086285866165e+04,1.227385267392e+06,5.790557813661e-01,3.507625346021e+02,6.494699767074e-05,7.079222746111e-03,0.000000000000e+00,0.000000000000e+00,8.993229273051e+01,0.000000000000e+00,0.000000000000e+00,0.000000000000e+00,0.000000000000e+00,7.208495652014e-04,7.857260260695e-02,2.649963883231e+02,2.592140502930e+02,0.000000000000e+00,1.154139388366e+00,0.000000000000e+00,5.543969156385e+04,1.090000000000e+02
2.289000000000e+03,1.032385561190e+08,9.095011373716e+04,1.231654208767e+06,5.804666476227e-01,3.511229851407e+02,7.234240190609e-05,7.885321807764e-03,0.000000000000e+00,0.000000000000e+00,8.725507550813e+01,0.000000000000e+00,0.000000000000e+00,0.000000000000e+00,0.000000000000e+00,7.764518213566e-04,8.463324852787e-02,2.650401202363e+02,2.595045776367e+02,0.000000000000e+00,1.153920337516e+00,0.000000000000e+00,5.544032408136e+04,1.090000000000e+02
2.290000000000e+03,1.032384711012e+08,9.103513156734e+04,1.235392663207e+06,5.814589302180e-01,3.515813237712e+02,5.928026891383e-05,6.461549311608e-03,0.000000000000e+00,0.000000000000e+00,8.501783017880e+01,0.000000000000e+00,0.000000000000e+00,0.000000000000e+00,0.000000000000e+00,6.741985350440e-04,7.348764031980e-02,2.651112840612e+02,2.601454162598e+02,0.000000000000e+00,1.153589603703e+00,0.000000000000e+00,5.544133338509e+04,1.090000000000e+02
2.291000000000e+03,1.032383879475e+08,9.111828527685e+04,1.239352503394e+06,5.826827142185e-01,3.519618133085e+02,5.822837170309e-05,6.346892515636e-03,0.000000000000e+00,0.000000000000e+00,8.315370951424e+01,0.000000000000e+00,0.000000000000e+00,0.000000000000e+00,0.000000000000e+00,7.101969637764e-04,7.741146905163e-02,2.651747571348e+02,2.603712158203e+02,0.000000000000e+00,1.153589603703e+00,0.000000000000e+00,5.544222518279e+04,1.090000000000e+02
2.292000000000e+03,1.032383063900e+08,9.119984259291e+04,1.243480454110e+06,5.839583984103e-01,3.523562106677e+02,7.070711544884e-05,7.707075583924e-03,0.000000000000e+00,0.000000000000e+00,8.155731605551e+01,0.000000000000e+00,0.000000000000e+00,0.000000000000e+00,0.000000000000e+00,7.500112054674e-04,8.175122139595e-02,2.652477700482e+02,2.609060668945e+02,0.000000000000e+00,1.153682196296e+00,0.000000000000e+00,5.544324010831e+04,1.090000000000e+02
2.293000000000e+03,1.032382262199e+08,9.128001274260e+04,1.246869702110e+06,5.847888869041e-01,3.528092281671e+02,8.428436571541e-05,9.186995862979e-03,0.000000000000e+00,0.000000000000e+00,8.017014969150e+01,0.000000000000e+00,0.000000000000e+00,0.000000000000e+00,0.000000000000e+00,6.418510064064e-04,6.996175969829e-02,2.653116578193e+02,2.612587280273e+02,0.000000000000e+00,1.153380549142e+00,0.000000000000e+00,5.544412056366e+04,1.090000000000e+02
2.294000000000e+03,1.032381473384e+08,9.135889423461e+04,1.249649188654e+06,5.852985174025e-01,3.532784577492e+02,1.135621350125e-04,1.237827271637e-02,0.000000000000e+00,0.000000000000e+00,7.888149201392e+01,0.000000000000e+00,0.000000000000e+00,0.000000000000e+00,0.000000000000e+00,5.680041156535e-04,6.191244860623e-02,2.654198552063e+02,2.623363647461e+02,0.000000000000e+00,1.153380549142e+00,0.000000000000e+00,5.544558860403e+04,1.090000000000e+02
2.295000000000e+03,1.032380695849e+08,9.143664769220e+04,1.252938853493e+06,5.861451015361e-01,3.536892233473e+02,1.025644132704e-04,1.117952104648e-02,0.000000000000e+00,0.000000000000e+00,7.775345759274e+01,0.000000000000e+00,0.000000000000e+00,0.000000000000e+00,0.000000000000e+00,6.424193560364e-04,7.002370980797e-02,2.655092778017e+02,2.624875183105e+02,0.000000000000e+00,1.152083922339e+00,0.000000000000e+00,5.544678500210e+04,1.090000000000e+02
2.296000000000e+03,1.032379927627e+08,9.151346988108e+04,1.258213709157e+06,5.882216240698e-01,3.539190419777e+02,9.212250520058e-05,1.004135306686e-02,0.000000000000e+00,0.000000000000e+00,7.682218887903e+01,0.000000000000e+00,0.000000000000e+00,0.000000000000e+00,0.000000000000e+00,9.617537610303e-04,1.048311599523e-01,2.655725168873e+02,2.624607849121e+02,0.000000000000e+00,1.151274487803e+00,0.000000000000e+00,5.544762517788e+04,1.090000000000e+02
2.297000000000e+03,1.032379168303e+08,9.158940237215e+04,1.262243463281e+06,5.893654388988e-01,3.543561664432e+02,1.167390086246e-04,1.272455194008e-02,0.000000000000e+00,0.000000000000e+00,7.593249106552e+01,0.000000000000e+00,0.000000000000e+00,0.000000000000e+00,0.000000000000e+00,7.791835714720e-04,8.493100929045e-02,2.656596524095e+02,2.630239257812e+02,0.000000000000e+00,1.151274487803e+00,0.000000000000e+00,5.544877006443e+04,1.090000000000e+02
2.298000000000e+03,1.032378416366e+08,9.166459603343e+04,1.265444435552e+06,5.901836262936e-01,3.547579025826e+02,1.334897222497e-04,1.455037972521e-02,0.000000000000e+00,0.000000000000e+00,7.519366128526e+01,0.000000000000e+00,0.000000000000e+00,0.000000000000e+00,0.000000000000e+00,6.605196929065e-04,7.199664652681e-02,2.657121665349e+02,2.627440795898e+02,0.000000000000e+00,1.150815241210e+00,0.000000000000e+00,5.544945566860e+04,1.090000000000e+02
2.299000000000e+03,1.032377671637e+08,9.173906893334e+04,1.268407322245e+06,5.907930672497e-01,3.552147497027e+02,1.233074973191e-04,1.344051720778e-02,0.000000000000e+00,0.000000000000e+00,7.447289990679e+01,0.000000000000e+00,0.000000000000e+00,0.000000000000e+00,0.000000000000e+00,6.094141901104e-04,6.642614672204e-02,2.657963091426e+02,2.635914916992e+02,0.000000000000e+00,1.150089291370e+00,0.000000000000e+00,5.545054192339e+04,1.090000000000e+02
2.300000000000e+03,1.032376934364e+08,9.181279622738e+04,1.272194685104e+06,5.919915770157e-01,3.555450223657e+02,1.333565827643e-04,1.453586752131e-02,0.000000000000e+00,0.000000000000e+00,7.372729403493e+01,0.000000000000e+00,0.000000000000e+00,0.000000000000e+00,0.000000000000e+00,7.546050207029e-04,8.225194725662e-02,2.659076749496e+02,2.643602294922e+02,0.000000000000e+00,1.149655940325e+00,0.000000000000e+00,5.545195640718e+04,1.090000000000e+02
2.301000000000e+03,1.032376203760e+08,9.188585659647e+04,1.276107814137e+06,5.931824466371e-01,3.559124883468e+02,1.542051068486e-04,1.680835664650e-02,0.000000000000e+00,0.000000000000e+00,7.306036909922e+01,0.000000000000e+00,0.000000000000e+00,0.000000000000e+00,0.000000000000e+00,7.955877804396e-04,8.671906806791e-02,2.660344787721e+02,2.653844299316e+02,0.000000000000e+00,1.148836447599e+00,0.000000000000e+00,5.545353897181e+04,1.090000000000e+02
2.302000000000e+03,1.032375477863e+08,9.195844633926e+04,1.279182918782e+06,5.938929837370e-01,3.563357309950e+02,1.662554549759e-04,1.812184459238e-02,0.000000000000e+00,0.000000000000e+00,7.258974278819e+01,0.000000000000e+00,0.000000000000e+00,0.000000000000e+00,0.000000000000e+00,6.705085581006e-04,7.308543283296e-02,2.661303267247e+02,2.653823852539e+02,0.000000000000e+00,1.148003799090e+00,0.000000000000e+00,5.545471718134e+04,1.090000000000e+02
2.303000000000e+03,1.032374755478e+08,9.203068484044e+04,1.282202849399e+06,5.948038293555e-01,3.566235339836e+02,1.913078031657e-04,2.085255054507e-02,0.000000000000e+00,0.000000000000e+00,7.223850117770e+01,0.000000000000e+00,0.000000000000e+00,0.000000000000e+00,0.000000000000e+00,6.870633693786e-04,7.488990726227e-02,2.662131612673e+02,2.653506774902e+02,0.000000000000e+00,1.147110846799e+00,0.000000000000e+00,5.545572473153e+04,1.090000000000e+02
2.304000000000e+03,1.032374036523e+08,9.210258038229e+04,1.285609630759e+06,5.956870721327e-01,3.570339292967e+02,1.881066704902e-04,2.050362708343e-02,0.000000000000e+00,0.000000000000e+00,7.189554185120e+01,0.000000000000e+00,0.000000000000e+00,0.000000000000e+00,0.000000000000e+00,7.475631461335e-04,8.148438292855e-02,2.663030629974e+02,2.656712951660e+02,0.000000000000e+00,1.145563628266e+00,0.000000000000e+00,5.545680546143e+04,1.090000000000e+02
2.305000000000e+03,1.032373320595e+08,9.217417317685e+04,1.289947326040e+06,5.972615860290e-01,3.572873623165e+02,1.969641771740e-04,2.146909531197e-02,0.000000000000e+00,0.000000000000e+00,7.159279455444e+01,0.000000000000e+00,0.000000000000e+00,0.000000000000e+00,0.000000000000e+00,9.104919513819e-04,9.924362270063e-02,2.663921211701e+02,2.658271179199e+02,0.000000000000e+00,1.144873794943e+00,0.000000000000e+00,5.545786245903e+04,1.090000000000e+02
2.306000000000e+03,1.032372606562e+08,9.224557640862e+04,1.293597392408e+06,5.982950999536e-01,3.576744387293e+02,2.097655161233e-04,2.286444125744e-02,0.000000000000e+00,0.000000000000e+00,7.140323176939e+01,0.000000000000e+00,0.000000000000e+00,0.000000000000e+00,0.000000000000e+00,8.106145745105e-04,8.835698862164e-02,2.664577105042e+02,2.656517944336e+02,0.000000000000e+00,1.143495641678e+00,0.000000000000e+00,5.545863340535e+04,1.090000000000e+02
2.307000000000e+03,1.032371894535e+08,9.231677917923e+04,1.296865398267e+06,5.992398148437e-01,3.580072617879e+02,2.490592031481e-04,2.714745314315e-02,0.000000000000e+00,0.000000000000e+00,7.120277061559e+01,0.000000000000e+00,0.000000000000e+00,0.000000000000e+00,0.000000000000e+00,7.864032414025e-04,8.571795331287e-02,2.665302777381e+02,2.660412597656e+02,0.000000000000e+00,1.141738753988e+00,0.000000000000e+00,5.545947854075e+04,1.090000000000e+02
2.308000000000e+03,1.032371185790e+08,9.238765359381e+04,1.301329888596e+06,6.010137143978e-01,3.581710111057e+02,3.181523885896e-04,3.467861035626e-02,0.000000000000e+00,0.000000000000e+00,7.087441458189e+01,0.000000000000e+00,0.000000000000e+00,0.000000000000e+00,0.000000000000e+00,1.051639708789e-03,1.146287282580e-01,2.666435606845e+02,2.670380859375e+02,0.000000000000e+00,1.140922713389e+00,0.000000000000e+00,5.546077764240e+04,1.090000000000e+02
2.309000000000e+03,1.032370479563e+08,9.245827629737e+04,1.307248032175e+06,6.035871305690e-01,3.582577065125e+02,3.263980058702e-04,3.557738263986e-02,0.000000000000e+00,0.000000000000e+00,7.062270356156e+01,0.000000000000e+00,0.000000000000e+00,0.000000000000e+00,0.000000000000e+00,1.300452692947e-03,1.417493435312e-01,2.667555901133e+02,2.674275207520e+02,0.000000000000e+00,1.140362167057e+00,0.000000000000e+00,5.546203979185e+04,1.090000000000e+02
2.310000000000e+03,1.032369773646e+08,9.252886797555e+04,1.313178144040e+06,6.059911163926e-01,3.584498622321e+02,2.574296764015e-04,2.805983472776e-02,0.000000000000e+00,0.000000000000e+00,7.059167817170e+01,0.000000000000e+00,0.000000000000e+00,0.000000000000e+00,0.000000000000e+00,1.235122920512e-03,1.346283983359e-01,2.668300259837e+02,2.674375915527e+02,0.000000000000e+00,1.140269574464e+00,0.000000000000e+00,5.546286716678e+04,1.090000000000e+02
2.311000000000e+03,1.032369067379e+08,9.259949476200e+04,1.318117806835e+06,6.077946162342e-01,3.587264617216e+02,2.277031920049e-04,2.481964792853e-02,0.000000000000e+00,0.000000000000e+00,7.062678645526e+01,0.000000000000e+00,0.000000000000e+00,0.000000000000e+00,0.000000000000e+00,1.042283744172e-03,1.136089281147e-01,2.668877484078e+02,2.670426025391e+02,0.000000000000e+00,1.139772745837e+00,0.000000000000e+00,5.546350415901e+04,1.090000000000e+02
2.312000000000e+03,1.032368360069e+08,9.267022574209e+04,1.321305812911e+06,6.085722868768e-01,3.591326628708e+02,2.544361265189e-04,2.773353779056e-02,0.000000000000e+00,0.000000000000e+00,7.073098008903e+01,0.000000000000e+00,0.000000000000e+00,0.000000000000e+00,0.000000000000e+00,7.806109888413e-04,8.508659778370e-02,2.669143466104e+02,2.664530639648e+02,0.000000000000e+00,1.139772745837e+00,0.000000000000e+00,5.546379801513e+04,1.090000000000e+02
2.313000000000e+03,1.032367652776e+08,9.274095498325e+04,1.324362269819e+06,6.094189799993e-01,3.594609413682e+02,2.682194623180e-04,2.923592139266e-02,0.000000000000e+00,0.000000000000e+00,7.072924116215e+01,0.000000000000e+00,0.000000000000e+00,0.000000000000e+00,0.000000000000e+00,7.723568858343e-04,8.418690055594e-02,2.669473020704e+02,2.665059814453e+02,0.000000000000e+00,1.139772745837e+00,0.000000000000e+00,5.546416116565e+04,1.090000000000e+02
2.314000000000e+03,1.032366947129e+08,9.281151968408e+04,1.328957486157e+06,6.112489500837e-01,3.596244420247e+02,2.952922281882e-04,3.218685287252e-02,0.000000000000e+00,0.000000000000e+00,7.056470082594e+01,0.000000000000e+00,0.000000000000e+00,0.000000000000e+00,0.000000000000e+00,1.053035246289e-03,1.147808418456e-01,2.670016796530e+02,2.668302612305e+02,0.000000000000e+00,1.139772745837e+00,0.000000000000e+00,5.546475338147e+04,1.090000000000e+02
2.315000000000e+03,1.032366244761e+08,9.288175646494e+04,1.332239419052e+06,6.120970642344e-01,3.600057308212e+02,3.458011001640e-04,3.769231991787e-02,0.000000000000e+00,0.000000000000e+00,7.023678086210e+01,0.000000000000e+00,0.000000000000e+00,0.000000000000e+00,0.000000000000e+00,8.841915824914e-04,9.637688249156e-02,2.671065615040e+02,2.678546447754e+02,0.000000000000e+00,1.139772745837e+00,0.000000000000e+00,5.546587731840e+04,1.090000000000e+02
2.316000000000e+03,1.032365544460e+08,9.295178662547e+04,1.334266708871e+06,6.123044440950e-01,3.604240828276e+02,3.359656968809e-04,3.662026096002e-02,0.000000000000e+00,0.000000000000e+00,7.003016052668e+01,0.000000000000e+00,0.000000000000e+00,0.000000000000e+00,0.000000000000e+00,6.667838725622e-04,7.267944210928e-02,2.672140635164e+02,2.686212768555e+02,0.000000000000e+00,1.139680153244e+00,0.000000000000e+00,5.546700891184e+04,1.090000000000e+02
2.317000000000e+03,1.032364845845e+08,9.302164810555e+04,1.336589878108e+06,6.128248990526e-01,3.607361041891e+02,3.846310819866e-04,4.192478793654e-02,0.000000000000e+00,0.000000000000e+00,6.986148008067e+01,0.000000000000e+00,0.000000000000e+00,0.000000000000e+00,0.000000000000e+00,7.634322025822e-04,8.321411008146e-02,2.673464478974e+02,2.694077758789e+02,0.000000000000e+00,1.138350434558e+00,0.000000000000e+00,5.546837655366e+04,1.090000000000e+02
2.318000000000e+03,1.032364147914e+08,9.309144001902e+04,1.338858384830e+06,6.132445410919e-01,3.610923043039e+02,4.084163678035e-04,4.451738409058e-02,0.000000000000e+00,1.160840211826e-03,6.979307431554e+01,0.000000000000e+00,0.000000000000e+00,0.000000000000e+00,0.000000000000e+00,7.782360504078e-04,8.482772949445e-02,2.674797464443e+02,2.699099731445e+02,0.000000000000e+00,1.137086132787e+00,1.160840211826e-03,5.546972464874e+04,1.090000000000e+02
2.319000000000e+03,1.032364097607e+08,9.308166345332e+04,1.341397784336e+06,6.136595741783e-01,3.615242507957e+02,4.440126180576e-04,4.839737536828e-02,0.000000000000e+00,1.480605729742e+01,5.029491594473e+00,0.000000000000e+00,0.000000000000e+00,0.000000000000e+00,0.000000000000e+00,8.589491032241e-04,9.362545225143e-02,2.676090406757e+02,2.703914794922e+02,0.000000000000e+00,1.135141688343e+00,1.480605729742e+01,5.547099015756e+04,1.090000000000e+02
2.320000000000e+03,1.032364023152e+08,9.306374950274e+04,1.345630898519e+06,6.153622368340e-01,3.616552820779e+02,4.845958514056e-04,5.282094780321e-02,0.000000000000e+00,2.535882356950e+01,7.444872993668e+00,0.000000000000e+00,0.000000000000e+00,0.000000000000e+00,0.000000000000e+00,1.180785007833e-03,1.287055658538e-01,2.677107436971e+02,2.702321166992e+02,0.000000000000e+00,1.132911800136e+00,2.535882356950e+01,5.547196754981e+04,1.090000000000e+02
2.321000000000e+03,1.032363716989e+08,9.306889232700e+04,1.350477933968e+06,6.173442894641e-01,3.617882335024e+02,4.855986093276e-04,5.293024841671e-02,0.000000000000e+00,2.547341569105e+01,3.061623994312e+01,0.000000000000e+00,0.000000000000e+00,0.000000000000e+00,0.000000000000e+00,1.284498731336e-03,1.400103617156e-01,2.677817823488e+02,2.700245056152e+02,0.000000000000e+00,1.131942068066e+00,2.547341569105e+01,5.547264630622e+04,1.090000000000e+02
2.322000000000e+03,1.032363284302e+08,9.308501442485e+04,1.353923639263e+06,6.185433310217e-01,3.620028523501e+02,4.835060029936e-04,5.270215432630e-02,0.000000000000e+00,2.714603137841e+01,4.326812923516e+01,0.000000000000e+00,0.000000000000e+00,0.000000000000e+00,0.000000000000e+00,1.050059862193e-03,1.144565249790e-01,2.678681401664e+02,2.705227355957e+02,0.000000000000e+00,1.131318812373e+00,2.714603137841e+01,5.547346665124e+04,1.090000000000e+02
2.323000000000e+03,1.032362593009e+08,9.312563916151e+04,1.356584571071e+06,6.192189234874e-01,3.623134735236e+02,4.903402924673e-04,5.344709187893e-02,0.000000000000e+00,2.850465003430e+01,6.912938669491e+01,0.000000000000e+00,0.000000000000e+00,0.000000000000e+00,0.000000000000e+00,9.272512261484e-04,1.010703836502e-01,2.679504383655e+02,2.704778747559e+02,0.000000000000e+00,1.131182987128e+00,2.850465003430e+01,5.547424737836e+04,1.090000000000e+02
2.324000000000e+03,1.032361630586e+08,9.319490471581e+04,1.358648043707e+06,6.196748791631e-01,3.625926229078e+02,5.101805146198e-04,5.560967609356e-02,0.000000000000e+00,2.697600804915e+01,9.624156234191e+01,0.000000000000e+00,0.000000000000e+00,0.000000000000e+00,0.000000000000e+00,8.483638420304e-04,9.247165878131e-02,2.680316944050e+02,2.707965087891e+02,0.000000000000e+00,1.130572501258e+00,2.697600804915e+01,5.547500571147e+04,1.090000000000e+02
2.325000000000e+03,1.032360733155e+08,9.325459830959e+04,1.360423182815e+06,6.199136459328e-01,3.629205460168e+02,5.748687548177e-04,6.266069427513e-02,0.000000000000e+00,3.004983982694e+01,8.974343360697e+01,0.000000000000e+00,0.000000000000e+00,0.000000000000e+00,0.000000000000e+00,8.647307720201e-04,9.425565415019e-02,2.681316944037e+02,2.715332641602e+02,0.000000000000e+00,1.130440000100e+00,3.004983982694e+01,5.547591914878e+04,1.090000000000e+02
2.326000000000e+03,1.032359863413e+08,9.330890684506e+04,1.361669816500e+06,6.199712832995e-01,3.632141684111e+02,6.548262945345e-04,7.137606610426e-02,0.000000000000e+00,3.266622628327e+01,8.697476175405e+01,0.000000000000e+00,0.000000000000e+00,0.000000000000e+00,0.000000000000e+00,8.577836849101e-04,9.349842165520e-02,2.682196142593e+02,2.717089233398e+02,0.000000000000e+00,1.128364917570e+00,3.266622628327e+01,5.547670803786e+04,1.090000000000e+02
2.327000000000e+03,1.032359010071e+08,9.335735990598e+04,1.362446362713e+06,6.197643565184e-01,3.635357949819e+02,6.930728468502e-04,7.554494030667e-02,0.000000000000e+00,3.688058757270e+01,8.533364849844e+01,0.000000000000e+00,0.000000000000e+00,0.000000000000e+00,0.000000000000e+00,8.172493157559e-04,8.908017541740e-02,2.683380721017e+02,2.724472961426e+02,0.000000000000e+00,1.127160321836e+00,3.688058757270e+01,5.547775215489e+04,1.090000000000e+02
2.328000000000e+03,1.032358166568e+08,9.339971476107e+04,1.363135053548e+06,6.194649960368e-01,3.638886656382e+02,6.620019222226e-04,7.215820952226e-02,0.000000000000e+00,4.199695721219e+01,8.435181229803e+01,0.000000000000e+00,0.000000000000e+00,0.000000000000e+00,0.000000000000e+00,7.717685238413e-04,8.412276909871e-02,2.684556658007e+02,2.728903503418e+02,0.000000000000e+00,1.126668970409e+00,4.199695721219e+01,5.547876636939e+04,1.090000000000e+02
2.329000000000e+03,1.032360477947e+08,9.350639696609e+04,1.363970082623e+06,6.193078215826e-01,3.641962587455e+02,6.642527689010e-04,7.240355181021e-02,0.000000000000e+00,5.691512531934e+01,-2.311381076571e+02,6.527214416508e-05,7.114663713994e-03,0.000000000000e+00,0.000000000000e+00,8.628392099409e-04,9.404947388356e-02,2.685970155101e+02,2.731107177734e+02,0.000000000000e+00,1.124168970409e+00,5.691512531934e+01,5.547994109560e+04,1.090000000000e+02
2.330000000000e+03,1.032479746640e+08,9.595485344747e+04,1.351348855043e+06,6.130525562823e-01,3.644687045569e+02,5.996856395627e-04,6.536573471234e-02,0.000000000000e+00,3.851476146644e+02,-1.192686871508e+04,2.440671228616e-03,2.660331639191e-01,0.000000000000e+00,0.000000000000e+00,9.292628530873e-04,1.012896509865e-01,2.694145716550e+02,2.735635070801e+02,0.000000000000e+00,9.949311295668e-01,3.851476146644e+02,5.548590376019e+04,1.090000000000e+02
2.331000000000e+03,1.032699288680e+08,1.028174796861e+05,1.323941816636e+06,5.997645969061e-01,3.649420843058e+02,4.847383420698e-04,5.283647928560e-02,0.000000000000e+00,1.532415318998e+03,-2.195420450625e+04,4.502410341114e-03,4.907627271814e-01,5.153270121365e-04,5.617064432288e-02,4.280390157649e-04,4.665625271838e-02,2.705442171683e+02,2.737495727539e+02,0.000000000000e+00,7.326356714603e-01,1.532415318998e+03,5.549287091414e+04,1.090000000000e+02
2.332000000000e+03,1.033120701269e+08,1.251181046897e+05,1.267436045842e+06,5.730438210651e-01,3.655932555004e+02,2.695950280858e-04,2.938585806136e-02,0.000000000000e+00,2.290787595554e+04,-4.214125843040e+04,9.108786557009e-03,9.928577347140e-01,5.330535942902e-03,5.810284177763e-01,0.000000000000e+00,0.000000000000e+00,2.727664343924e+02,2.749679870605e+02,0.000000000000e+00,1.950825130191e-01,2.290787595554e+04,5.550255461447e+04,1.090000000000e+02
2.333000000000e+03,1.033288208837e+08,1.467808108518e+05,1.181201575518e+06,5.331009647823e-01,3.662408901378e+02,5.745205306850e-05,6.262273784466e-03,0.000000000000e+00,1.034556669656e+05,-1.675074877094e+04,1.420013745096e-02,1.547814982155e+00,9.249822783526e-03,1.008230683404e+00,0.000000000000e+00,0.000000000000e+00,2.730776719290e+02,2.757260437012e+02,0.000000000000e+00,3.425925925882e-03,1.034556669656e+05,5.550352819001e+04,1.090000000000e+02
2.334000000000e+03,1.033325536975e+08,1.627514303411e+05,1.079395295402e+06,4.863389362464e-01,3.668546004198e+02,-5.917115620342e-05,-6.449656026173e-03,0.000000000000e+00,1.105043461381e+05,-3.732809942792e+03,1.688687188276e-02,1.840669035221e+00,4.635491154624e-03,5.052685358540e-01,0.000000000000e+00,0.000000000000e+00,2.730640035404e+02,2.760657348633e+02,0.000000000000e+00,2.407407407389e-03,1.105043461381e+05,5.550349560842e+04,1.090000000000e+02
2.335000000000e+03,1.033350762857e+08,1.782042355460e+05,9.691995925058e+05,4.360053195897e-01,3.674294467542e+02,-1.178992301256e-04,-1.285101608369e-02,0.000000000000e+00,9.558426106526e+04,-2.522585749455e+03,1.833238531928e-02,1.998229999802e+00,4.381766594333e-04,4.776125587823e-02,0.000000000000e+00,0.000000000000e+00,2.730585961137e+02,2.761352539062e+02,0.000000000000e+00,6.203703703679e-03,9.558426106526e+04,5.550348261903e+04,1.090000000000e+02
2.336000000000e+03,1.033369121839e+08,1.924607342360e+05,8.577876034796e+05,3.852974766320e-01,3.679900764162e+02,-1.238081157124e-04,-1.349508461265e-02,0.000000000000e+00,9.857882303664e+04,-1.835892894403e+03,1.853935778505e-02,2.020789998570e+00,4.149407223854e-04,4.522853874001e-02,0.000000000000e+00,0.000000000000e+00,2.730551254724e+02,2.759951782227e+02,0.000000000000e+00,9.259259259232e-03,9.857882303664e+04,5.550347380378e+04,1.090000000000e+02
2.337000000000e+03,1.033383813350e+08,2.044613364506e+05,7.399863370472e+05,3.319039335399e-01,3.685220620760e+02,-1.427250495454e-04,-1.555703040045e-02,0.000000000000e+00,1.587841895598e+05,-1.469129546108e+03,1.961444835535e-02,2.137974870733e+00,8.857839584934e-03,9.655045147578e-01,0.000000000000e+00,0.000000000000e+00,2.730639931270e+02,2.762627258301e+02,0.000000000000e+00,6.944444444429e-03,1.587841895598e+05,5.550349815189e+04,1.090000000000e+02
2.338000000000e+03,1.033394805131e+08,2.140114557006e+05,6.179758358890e+05,2.768012009633e-01,3.690250329470e+02,-1.520830438112e-04,-1.657705177542e-02,0.000000000000e+00,1.720307679676e+05,-1.099139518645e+03,2.031943142966e-02,2.214818025833e+00,9.876213148433e-03,1.076507233179e+00,0.000000000000e+00,0.000000000000e+00,2.730510283196e+02,2.762880859375e+02,0.000000000000e+00,5.462962962957e-03,1.720307679676e+05,5.550346073747e+04,1.090000000000e+02
2.339000000000e+03,1.033403482463e+08,2.249800770605e+05,4.970628430285e+05,2.223674858299e-01,3.694809045675e+02,-1.666452344338e-04,-1.816433055329e-02,0.000000000000e+00,1.243497179891e+05,-8.677212732127e+02,2.015267602138e-02,2.196641686331e+00,2.357872359748e-03,2.570080872125e-01,0.000000000000e+00,0.000000000000e+00,2.730519482845e+02,2.766585998535e+02,0.000000000000e+00,4.166666666669e-03,1.243497179891e+05,5.550346572285e+04,1.090000000000e+02
2.340000000000e+03,1.033409518349e+08,2.352480988363e+05,3.612282501935e+05,1.614755114366e-01,3.697655371045e+02,-2.492390716377e-04,-2.716705880851e-02,0.000000000000e+00,1.458386219145e+05,-6.035666349289e+02,2.270169075906e-02,2.474484292738e+00,3.201345502294e-03,3.489466597500e-01,0.000000000000e+00,0.000000000000e+00,2.730515733782e+02,2.772521362305e+02,0.000000000000e+00,7.037037037058e-03,1.458386219145e+05,5.550346451194e+04,1.090000000000e+02
2.341000000000e+03,1.033412921480e+08,2.447648573387e+05,2.148512531268e+05,9.603097619442e-02,3.698078825114e+02,-2.851122115156e-04,-3.107723105520e-02,0.000000000000e+00,1.533912091633e+05,-3.403263904280e+02,2.448024729315e-02,2.668346954953e+00,2.503486862879e-03,2.728800680539e-01,0.000000000000e+00,0.000000000000e+00,2.730512870526e+02,2.768986206055e+02,0.000000000000e+00,1.064814814819e-02,1.533912091633e+05,5.550346524702e+04,1.090000000000e+02
2.342000000000e+03,1.033416807340e+08,2.538803621392e+05,6.982821156987e+04,3.126332106188e-02,3.691726300596e+02,-2.749103769414e-04,-2.996523108662e-02,0.000000000000e+00,1.453971987341e+05,-3.885573235105e+02,2.424611665037e-02,2.642826714891e+00,1.357911467878e-03,1.480123499987e-01,0.000000000000e+00,0.000000000000e+00,2.730532686176e+02,2.771823425293e+02,0.000000000000e+00,1.083333333338e-02,1.453971987341e+05,5.550347236661e+04,1.090000000000e+02
2.343000000000e+03,1.033426699648e+08,1.228112241294e+05,3.055620308377e+03,1.379407397864e-03,3.661253707810e+02,-3.857152643960e-04,-4.204296381917e-02,2.708907526415e-03,2.068532311233e+05,-8.388908902331e+02,1.117093147470e-02,1.217631530742e+00,1.267318587229e-03,1.381377260079e-01,0.000000000000e+00,0.000000000000e+00,2.735837663100e+02,2.772532348633e+02,9.259259259247e-04,5.833333333340e-03,2.068532311233e+05,5.550417702545e+04,1.090000000000e+02
2.344000000000e+03,1.033507894329e+08,6.586956797253e+04,2.638546179073e+01,1.203570294588e-05,3.624937819582e+02,4.221884146321e-04,4.601853719490e-02,-5.512791605224e-02,6.471163416029e+04,-1.117934561729e+04,5.059849329414e-04,5.515235769061e-02,2.547875674264e-03,2.777184484948e-01,0.000000000000e+00,0.000000000000e+00,2.779974527000e+02,2.775728149414e+02,2.907407407405e-02,2.620370370372e-02,6.471163416029e+04,5.550202763640e+04,1.090000000000e+02
2.345000000000e+03,1.033515285186e+08,4.400614358591e+04,6.006981459221e-01,2.763404419919e-07,3.600999819301e+02,1.096288289293e-03,1.194954235329e-01,-1.241661262615e-01,3.042760145838e+04,-7.630567983529e+03,4.304971766438e-06,4.692419225418e-04,2.629845475049e-03,2.866531567803e-01,0.000000000000e+00,0.000000000000e+00,2.791160289581e+02,2.781106567383e+02,4.703703703699e-02,5.231481481479e-02,3.042760145838e+04,5.549889406326e+04,1.090000000000e+02
2.346000000000e+03,1.033500655829e+08,2.660742155037e+04,4.219908667949e-01,1.933996089821e-07,3.604808845039e+02,1.226375593068e-03,1.336749396444e-01,-1.383387194283e-01,2.426495920508e+04,-6.214716389977e+03,3.003825446005e-08,3.274169736145e-06,2.119569050127e-03,2.310330264639e-01,0.000000000000e+00,0.000000000000e+00,2.800633560573e+02,2.785783386230e+02,6.537037037031e-02,7.231481481478e-02,2.426495920508e+04,5.549572970660e+04,1.090000000000e+02
2.347000000000e+03,1.033630727218e+08,1.491515088726e+04,4.173567784239e-01,1.908800705319e-07,3.610367550741e+02,1.382750813494e-03,1.507198386708e-01,-1.537368092391e-01,2.267831210657e+04,-2.153904339978e+04,7.637459362191e-10,8.324830704789e-08,5.349229352736e-03,5.830659994482e-01,0.000000000000e+00,0.000000000000e+00,2.803988006940e+02,2.790574340820e+02,8.101851851844e-02,4.805555555557e-02,2.267831210657e+04,5.549476569465e+04,1.090000000000e+02
2.348000000000e+03,1.033674923691e+08,6.833363016361e+03,4.169517259884e-01,1.903461575842e-07,3.616372950502e+02,1.609039366879e-03,1.753852909898e-01,-1.758628928406e-01,2.204692332545e+04,-1.417920979886e+04,6.358157066694e-11,6.930391202696e-09,4.648423012943e-03,5.066781084108e-01,0.000000000000e+00,0.000000000000e+00,2.810750590292e+02,2.794629516602e+02,9.583333333325e-02,5.509259259258e-02,2.204692332545e+04,5.549208392938e+04,1.090000000000e+02
2.349000000000e+03,1.033705733796e+08,2.367150392281e+03,4.169185523017e-01,1.899891254616e-07,3.600066330150e+02,1.632865728541e-03,1.779823644110e-01,-1.788347289434e-01,1.475224825822e+04,-1.300515514628e+04,3.294466353628e-12,3.590968325455e-10,3.842815803289e-03,4.188669225585e-01,0.000000000000e+00,0.000000000000e+00,2.813236289596e+02,2.796016235352e+02,1.077777777777e-01,5.861111111111e-02,1.475224825822e+04,5.549119054309e+04,1.090000000000e+02
2.350000000000e+03,1.033684669450e+08,3.719678737105e+01,4.169302372304e-01,1.896430482888e-07,3.606646711360e+02,1.607077260976e-03,1.751714214464e-01,-1.751888099912e-01,1.353431807417e+04,-7.615421038709e+03,0.000000000000e+00,0.000000000000e+00,3.111219512820e-03,3.391229268974e-01,0.000000000000e+00,0.000000000000e+00,2.810509293444e+02,2.791690673828e+02,1.207407407407e-01,8.009259259257e-02,1.353431807417e+04,5.549263832831e+04,1.090000000000e+02
2.351000000000e+03,1.033564129239e+08,3.062911319662e+01,4.169157648885e-01,1.893000054301e-07,3.613192986206e+02,1.484153829088e-03,1.617727673706e-01,-1.617014099942e-01,6.888778688465e+03,3.080672078972e+03,0.000000000000e+00,0.000000000000e+00,6.291121694410e-04,6.857322646907e-02,0.000000000000e+00,0.000000000000e+00,2.814899283622e+02,2.793969116211e+02,1.314814814815e-01,1.148148148148e-01,6.888778688465e+03,5.549067480924e+04,1.090000000000e+02
2.352000000000e+03,1.033529787684e+08,2.943619844729e+01,4.169049736375e-01,1.889599494731e-07,3.619705567789e+02,1.473274865330e-03,1.605869603210e-01,-1.604997281149e-01,5.571582625180e+03,-5.472235685613e+03,0.000000000000e+00,0.000000000000e+00,1.826472766566e-03,1.990855315557e-01,0.000000000000e+00,0.000000000000e+00,2.817970517378e+02,2.798356933594e+02,1.420370370370e-01,1.288888888888e-01,5.571582625180e+03,5.548922798743e+04,1.090000000000e+02
2.353000000000e+03,1.033522670990e+08,2.820047345539e+01,4.168638056916e-01,1.886228341551e-07,3.626184861377e+02,1.573176981032e-03,1.714762909325e-01,-1.713764077949e-01,5.413086906466e+03,-8.797732871547e+03,0.000000000000e+00,0.000000000000e+00,2.350314352412e-03,2.561842644129e-01,0.000000000000e+00,0.000000000000e+00,2.828769857855e+02,2.808309326172e+02,1.530555555555e-01,1.375000000000e-01,5.413086906466e+03,5.548375499810e+04,1.090000000000e+02
2.354000000000e+03,1.033449487260e+08,2.420461680711e+01,4.168445549526e-01,1.882886141935e-07,3.632631264610e+02,1.583261473369e-03,1.725755005973e-01,-1.724764701243e-01,4.565859002064e+03,-2.251403180164e+03,0.000000000000e+00,0.000000000000e+00,1.127457048719e-03,1.228928183104e-01,0.000000000000e+00,0.000000000000e+00,2.833493206105e+02,2.810282287598e+02,1.639814814814e-01,1.589814814815e-01,4.565859002064e+03,5.548119265300e+04,1.090000000000e+02
2.355000000000e+03,1.033380907653e+08,2.196622181742e+01,4.168464154176e-01,1.879572452553e-07,3.639045167690e+02,1.497468030911e-03,1.632240153693e-01,-1.631339156058e-01,3.597566317495e+03,-2.193252965939e+03,0.000000000000e+00,0.000000000000e+00,9.579664549485e-04,1.044183435894e-01,0.000000000000e+00,0.000000000000e+00,2.833043775829e+02,2.809876098633e+02,1.742592592592e-01,1.802777777778e-01,3.597566317495e+03,5.548144144614e+04,1.090000000000e+02
2.356000000000e+03,1.033554273432e+08,3.050033274019e+01,4.168342729555e-01,1.876286839264e-07,3.645426953577e+02,1.499244796559e-03,1.634176828249e-01,-1.633179764171e-01,4.343295288675e+03,-2.639787174987e+04,0.000000000000e+00,0.000000000000e+00,5.085682941134e-03,5.543394405836e-01,0.000000000000e+00,0.000000000000e+00,2.835955777659e+02,2.814077453613e+02,1.844444444444e-01,1.525000000000e-01,4.343295288675e+03,5.547981821446e+04,1.090000000000e+02
2.357000000000e+03,1.033671264626e+08,3.050972217740e+01,4.168457884721e-01,1.873028880137e-07,3.651776998161e+02,1.652120749823e-03,1.800811617307e-01,-1.799570589262e-01,6.419328079866e+03,-2.168359752767e+04,0.000000000000e+00,0.000000000000e+00,4.648218831221e-03,5.066558526031e-01,0.000000000000e+00,0.000000000000e+00,2.833233121330e+02,2.810485839844e+02,1.928703703703e-01,1.366666666666e-01,6.419328079866e+03,5.548133606873e+04,1.090000000000e+02
2.358000000000e+03,1.033627427710e+08,2.786172561020e+01,4.168321791130e-01,1.869798159540e-07,3.658095670451e+02,1.634522868348e-03,1.781629926499e-01,-1.780472715726e-01,5.288716354531e+03,-5.494768583519e+03,0.000000000000e+00,0.000000000000e+00,1.783749358984e-03,1.944286801292e-01,0.000000000000e+00,0.000000000000e+00,2.836465201172e+02,2.814255371094e+02,2.006481481481e-01,1.518518518518e-01,5.288716354531e+03,5.547953084048e+04,1.090000000000e+02
2.359000000000e+03,1.033597785606e+08,2.570217935006e+01,4.168321694674e-01,1.866594271734e-07,3.664383332735e+02,1.604475398579e-03,1.748878184451e-01,-1.747765984590e-01,4.727047817411e+03,-6.732632968718e+03,0.000000000000e+00,0.000000000000e+00,1.895632525353e-03,2.066239452635e-01,0.000000000000e+00,0.000000000000e+00,2.836464294862e+02,2.815067443848e+02,2.094444444444e-01,1.640740740741e-01,4.727047817411e+03,5.547953179444e+04,1.090000000000e+02
2.360000000000e+03,1.033593291100e+08,2.568111100415e+01,4.168065167371e-01,1.863416818652e-07,3.670640340754e+02,1.568494960296e-03,1.709659506723e-01,-1.708589015586e-01,4.331397773716e+03,-9.029750513373e+03,0.000000000000e+00,0.000000000000e+00,2.210456711316e-03,2.409397815334e-01,0.000000000000e+00,0.000000000000e+00,2.842373887873e+02,2.821379394531e+02,2.193518518518e-01,1.707407407407e-01,4.331397773716e+03,5.547612482268e+04,1.090000000000e+02
2.361000000000e+03,1.033643404568e+08,2.702818355599e+01,4.168024801647e-01,1.860265411708e-07,3.676867043860e+02,1.537873890501e-03,1.676282540646e-01,-1.675207761768e-01,4.594787815879e+03,-1.430501630505e+04,0.000000000000e+00,0.000000000000e+00,3.126716615336e-03,3.408121110716e-01,0.000000000000e+00,0.000000000000e+00,2.843293688381e+02,2.824451293945e+02,2.293518518518e-01,1.665740740741e-01,4.594787815879e+03,5.547558330893e+04,1.090000000000e+02
2.362000000000e+03,1.033737035020e+08,2.985198588965e+01,4.168046902478e-01,1.857139670319e-07,3.683063785170e+02,1.490782912994e-03,1.624953375164e-01,-1.623871592971e-01,5.214144286305e+03,-1.837188495337e+04,0.000000000000e+00,0.000000000000e+00,3.901960768225e-03,4.253137237365e-01,0.000000000000e+00,0.000000000000e+00,2.842808924765e+02,2.823237609863e+02,2.387962962962e-01,1.551851851852e-01,5.214144286305e+03,5.547586934218e+04,1.090000000000e+02
2.363000000000e+03,1.033839268837e+08,3.245534061196e+01,4.168125349823e-01,1.854039207300e-07,3.689230901718e+02,1.496802670832e-03,1.631514911207e-01,-1.630381025961e-01,6.161440926074e+03,-1.926842975566e+04,0.000000000000e+00,0.000000000000e+00,4.206848802878e-03,4.585465195137e-01,0.000000000000e+00,0.000000000000e+00,2.841036377450e+02,2.824651489258e+02,2.447222222222e-01,1.412037037037e-01,6.161440926074e+03,5.547690724087e+04,1.090000000000e+02
2.364000000000e+03,1.033964825713e+08,3.710951301465e+01,4.168134288555e-01,1.850963676697e-07,3.695368724605e+02,1.603508385322e-03,1.747824140001e-01,-1.746540358222e-01,7.299207965264e+03,-2.224525004219e+04,0.000000000000e+00,0.000000000000e+00,4.887718953793e-03,5.327613659634e-01,0.000000000000e+00,0.000000000000e+00,2.840838833792e+02,2.821457519531e+02,2.499074074074e-01,1.228703703703e-01,7.299207965264e+03,5.547702091840e+04,1.090000000000e+02
2.365000000000e+03,1.034045870826e+08,3.878641548172e+01,4.168012563929e-01,1.847912716040e-07,3.701477579133e+02,1.804527934375e-03,1.966935448469e-01,-1.965409713313e-01,8.783520608074e+03,-1.900819429671e+04,0.000000000000e+00,0.000000000000e+00,4.597643301887e-03,5.011431199057e-01,0.000000000000e+00,0.000000000000e+00,2.843599480240e+02,2.825447692871e+02,2.598148148148e-01,1.128703703703e-01,8.783520608074e+03,5.547539940017e+04,1.090000000000e+02
2.366000000000e+03,1.034043857841e+08,3.686965564355e+01,4.167799471658e-01,1.844885987434e-07,3.707557784952e+02,1.856609396131e-03,2.023704241782e-01,-2.022157076356e-01,8.516234991386e+03,-1.101676233443e+04,0.000000000000e+00,0.000000000000e+00,3.231425034321e-03,3.522253287410e-01,0.000000000000e+00,0.000000000000e+00,2.848325978197e+02,2.828715820313e+02,2.692592592592e-01,1.192592592592e-01,8.516234991386e+03,5.547256548803e+04,1.090000000000e+02
2.367000000000e+03,1.033985587602e+08,3.217624420100e+01,4.167975135877e-01,1.841883140249e-07,3.713609656186e+02,1.797630771145e-03,1.959417540548e-01,-1.957974711735e-01,7.313285524681e+03,-5.034918402536e+03,0.000000000000e+00,0.000000000000e+00,2.042665533807e-03,2.226505431849e-01,0.000000000000e+00,0.000000000000e+00,2.844437697413e+02,2.822342224121e+02,2.745370370370e-01,1.370370370370e-01,7.313285524681e+03,5.547490429083e+04,1.090000000000e+02
2.368000000000e+03,1.033874655701e+08,2.653811545659e+01,4.168160463865e-01,1.838903835889e-07,3.719633501566e+02,1.581513565880e-03,1.723849786810e-01,-1.722689400292e-01,5.455444786372e+03,1.536107920889e+03,0.000000000000e+00,0.000000000000e+00,6.482546168042e-04,7.065975323165e-02,0.000000000000e+00,0.000000000000e+00,2.840234340956e+02,2.820247192383e+02,2.800000000000e-01,1.631481481481e-01,5.455444786372e+03,5.547737445526e+04,1.090000000000e+02
2.369000000000e+03,1.033795499749e+08,2.458446076535e+01,4.167757863611e-01,1.835947745305e-07,3.725629624556e+02,1.452801324110e-03,1.583553443280e-01,-1.582571694722e-01,4.250874556343e+03,-8.639223711125e+02,0.000000000000e+00,0.000000000000e+00,8.464279456410e-04,9.226064607487e-02,0.000000000000e+00,0.000000000000e+00,2.849200627133e+02,2.832162170410e+02,2.900000000000e-01,1.830555555555e-01,4.250874556343e+03,5.547203523600e+04,1.090000000000e+02
2.370000000000e+03,1.033740539953e+08,2.280483099462e+01,4.167391723113e-01,1.833014545650e-07,3.731598323473e+02,1.476880946323e-03,1.609800231492e-01,-1.608824434425e-01,3.826878281362e+03,-3.428358119148e+03,0.000000000000e+00,0.000000000000e+00,1.200527146541e-03,1.308574589730e-01,0.000000000000e+00,0.000000000000e+00,2.857022764150e+02,2.837638244629e+02,2.958333333333e-01,1.975925925926e-01,3.826878281362e+03,5.546717259383e+04,1.090000000000e+02
2.371000000000e+03,1.033683106455e+08,2.130873201038e+01,4.167381363894e-01,1.830103921233e-07,3.737539891608e+02,1.427222181740e-03,1.555672178097e-01,-1.554754898099e-01,3.365035801317e+03,-2.880704377853e+03,0.000000000000e+00,0.000000000000e+00,1.033603055889e-03,1.126627330918e-01,0.000000000000e+00,0.000000000000e+00,2.857233766744e+02,2.838768920898e+02,3.001851851851e-01,2.127777777778e-01,3.365035801317e+03,5.546703947034e+04,1.090000000000e+02
2.372000000000e+03,1.033612872173e+08,1.913754427049e+01,4.167537982296e-01,1.827215562554e-07,3.743454617338e+02,1.358606902497e-03,1.480881523722e-01,-1.480029826237e-01,2.937997907949e+03,-1.186274676943e+03,0.000000000000e+00,0.000000000000e+00,6.825325277329e-04,7.439604552289e-02,0.000000000000e+00,0.000000000000e+00,2.853913833891e+02,2.833965148926e+02,3.100925925925e-01,2.304629629629e-01,2.937997907949e+03,5.546912685112e+04,1.090000000000e+02
2.373000000000e+03,1.033679231321e+08,2.358239460087e+01,4.167629810051e-01,1.824349165093e-07,3.749342784241e+02,1.345385685531e-03,1.466470397228e-01,-1.465575259814e-01,3.130225369114e+03,-1.476565868785e+04,0.000000000000e+00,0.000000000000e+00,2.961368258169e-03,3.227891401405e-01,0.000000000000e+00,0.000000000000e+00,2.851942284913e+02,2.832008056641e+02,3.178703703703e-01,2.225925925926e-01,3.130225369114e+03,5.547035131941e+04,1.090000000000e+02
2.374000000000e+03,1.033713804088e+08,2.140449668418e+01,4.167502420315e-01,1.821504431310e-07,3.755204671201e+02,1.416938732228e-03,1.544463218129e-01,-1.543475877174e-01,3.707835365154e+03,-1.201912320607e+04,0.000000000000e+00,0.000000000000e+00,2.601634082986e-03,2.835781150455e-01,0.000000000000e+00,0.000000000000e+00,2.854662799933e+02,2.836847839355e+02,3.210185185185e-01,2.203703703704e-01,3.707835365154e+03,5.546865763561e+04,1.090000000000e+02
2.375000000000e+03,1.033721925563e+08,2.302853972023e+01,4.167533981679e-01,1.818681069203e-07,3.761040552517e+02,1.369330134288e-03,1.492569846373e-01,-1.491656857939e-01,3.313608353511e+03,-9.086435349561e+03,0.000000000000e+00,0.000000000000e+00,2.051983822274e-03,2.236662366279e-01,0.000000000000e+00,0.000000000000e+00,2.853993978609e+02,2.836751708984e+02,3.333333333333e-01,2.239814814815e-01,3.313608353511e+03,5.546907615831e+04,1.090000000000e+02
2.376000000000e+03,1.033762416625e+08,2.264318988718e+01,4.167622526890e-01,1.815878793376e-07,3.766850698004e+02,1.376096688602e-03,1.499945390577e-01,-1.498985342688e-01,3.696417556871e+03,-1.236416762417e+04,0.000000000000e+00,0.000000000000e+00,2.657097505451e-03,2.896236280942e-01,0.000000000000e+00,0.000000000000e+00,2.852098580000e+02,2.835539245605e+02,3.458333333332e-01,2.203703703704e-01,3.696417556871e+03,5.547025403902e+04,1.090000000000e+02
2.377000000000e+03,1.033810089239e+08,2.435815320700e+01,4.167562545148e-01,1.813097322195e-07,3.772635373090e+02,1.394095370923e-03,1.519563954306e-01,-1.518588352340e-01,3.730428468606e+03,-1.319108137463e+04,0.000000000000e+00,0.000000000000e+00,2.799843230778e-03,3.051829121548e-01,0.000000000000e+00,0.000000000000e+00,2.853384106666e+02,2.836198730469e+02,3.579629629629e-01,2.162962962963e-01,3.730428468606e+03,5.546945581231e+04,1.090000000000e+02
2.378000000000e+03,1.033971364824e+08,2.922564978352e+01,4.167722957331e-01,1.810336378571e-07,3.778394838916e+02,1.404638098969e-03,1.531055527876e-01,-1.529975059921e-01,4.686283141395e+03,-2.461462987162e+04,0.000000000000e+00,0.000000000000e+00,4.847859309190e-03,5.284166647017e-01,0.000000000000e+00,0.000000000000e+00,2.849953105154e+02,2.832793273926e+02,3.689814814814e-01,1.901851851852e-01,4.686283141395e+03,5.547157485811e+04,1.090000000000e+02
2.379000000000e+03,1.034550702307e+08,1.387847331730e+03,4.167860139039e-01,1.807595695395e-07,3.784129352430e+02,1.576588697472e-03,1.718481680244e-01,-1.713196515129e-01,1.170589131781e+04,-6.743747223746e+04,0.000000000000e+00,0.000000000000e+00,1.331865268517e-02,1.451733142684e+00,0.000000000000e+00,0.000000000000e+00,2.846996021628e+02,2.832844848633e+02,3.802777777777e-01,6.833333333338e-02,1.170589131781e+04,5.547336727318e+04,1.090000000000e+02
2.380000000000e+03,1.034738448638e+08,2.155781196507e+03,4.168013410885e-01,1.804875006406e-07,3.789839166477e+02,1.932927983301e-03,2.106891501798e-01,-2.011107706351e-01,6.086432384723e+04,-2.993139221481e+04,0.000000000000e+00,0.000000000000e+00,1.523055442013e-02,1.660130431795e+00,0.000000000000e+00,0.000000000000e+00,2.843660102774e+02,2.829555969238e+02,3.904629629629e-01,2.648148148155e-02,6.086432384723e+04,5.547536652277e+04,1.090000000000e+02
2.381000000000e+03,1.034777656722e+08,1.407323386462e+03,4.168246331915e-01,1.802174053783e-07,3.795524529888e+02,1.869286091786e-03,2.037521840047e-01,-1.976455947233e-01,3.824268195470e+04,-1.488576535977e+04,0.000000000000e+00,0.000000000000e+00,8.718177400954e-03,9.502813367040e-01,0.000000000000e+00,0.000000000000e+00,2.838357979012e+02,2.824926147461e+02,4.005555555555e-01,2.750000000004e-02,3.824268195470e+04,5.547845630293e+04,1.090000000000e+02
2.382000000000e+03,1.034823110328e+08,2.258395979160e+03,4.168065159628e-01,1.799492578184e-07,3.801185687567e+02,1.883079244706e-03,2.052556376730e-01,-1.990105402960e-01,3.863368771988e+04,-1.558613695562e+04,0.000000000000e+00,0.000000000000e+00,9.164378843735e-03,9.989172939671e-01,0.000000000000e+00,0.000000000000e+00,2.842509480228e+02,2.827685852051e+02,4.102777777778e-01,1.962962962968e-02,3.863368771988e+04,5.547604743967e+04,1.090000000000e+02
2.383000000000e+03,1.034811464949e+08,2.514741239288e+02,4.167806892476e-01,1.796830328132e-07,3.806822880575e+02,1.994187032877e-03,2.173663865836e-01,-2.122522174943e-01,3.167840447292e+04,-1.061027871382e+04,0.000000000000e+00,0.000000000000e+00,6.708601577972e-03,7.312375719989e-01,0.000000000000e+00,0.000000000000e+00,2.848265991465e+02,2.836785278320e+02,4.197222222222e-01,3.944444444444e-02,3.167840447292e+04,5.547260499327e+04,1.090000000000e+02
2.384000000000e+03,1.034730112898e+08,4.368387836440e+01,4.167626356118e-01,1.794187061673e-07,3.812436346213e+02,1.966404818974e-03,2.143381252682e-01,-2.139630771120e-01,1.150609115225e+04,-3.733899576870e+03,0.000000000000e+00,0.000000000000e+00,2.489548552408e-03,2.713607922124e-01,0.000000000000e+00,0.000000000000e+00,2.852153951995e+02,2.839899291992e+02,4.293518518518e-01,7.185185185184e-02,1.150609115225e+04,5.547021928199e+04,1.090000000000e+02
2.385000000000e+03,1.034643421169e+08,3.802506499320e+01,4.167647046301e-01,1.791562536104e-07,3.818026318100e+02,1.821908694122e-03,1.985880476593e-01,-1.984419847770e-01,9.422962499564e+03,-2.338726153070e+03,0.000000000000e+00,0.000000000000e+00,1.945647911505e-03,2.120756223540e-01,0.000000000000e+00,0.000000000000e+00,2.851687212752e+02,2.839898071289e+02,4.394444444444e-01,9.648148148145e-02,9.422962499564e+03,5.547050865216e+04,1.090000000000e+02
2.386000000000e+03,1.034602578170e+08,3.724009757929e+01,4.167619023396e-01,1.788956514031e-07,3.823593026252e+02,1.641202006675e-03,1.788910187276e-01,-1.787630618059e-01,8.236211623630e+03,-5.831969904912e+03,0.000000000000e+00,0.000000000000e+00,2.327768052480e-03,2.537267177204e-01,0.000000000000e+00,0.000000000000e+00,2.852274914657e+02,2.841086730957e+02,4.492592592592e-01,1.086111111111e-01,8.236211623630e+03,5.547014481548e+04,1.090000000000e+02
2.387000000000e+03,1.034738260028e+08,8.789632277404e+01,4.167822053459e-01,1.786368761495e-07,3.829136697154e+02,1.680042563337e-03,1.831246394037e-01,-1.829754336088e-01,9.734181339577e+03,-2.371831066511e+04,0.000000000000e+00,0.000000000000e+00,5.542342500745e-03,6.041153325813e-01,0.000000000000e+00,0.000000000000e+00,2.847879815670e+02,2.834442443848e+02,4.590740740740e-01,8.138888888887e-02,9.734181339577e+03,5.547283711100e+04,1.090000000000e+02
2.388000000000e+03,1.034786192445e+08,8.882141468987e+01,4.168095075868e-01,1.783799053947e-07,3.834657553841e+02,1.768174521128e-03,1.927310228029e-01,-1.919245024749e-01,1.448265962010e+04,-1.544040784667e+04,0.000000000000e+00,0.000000000000e+00,4.956173378801e-03,5.402228982893e-01,0.000000000000e+00,0.000000000000e+00,2.841794478896e+02,2.832254028320e+02,4.687037037036e-01,7.407407407407e-02,1.448265962010e+04,5.547646299359e+04,1.090000000000e+02
2.389000000000e+03,1.034721035084e+08,4.118266584757e+01,4.168163468998e-01,1.781247163226e-07,3.840155815960e+02,1.624939574983e-03,1.771184136731e-01,-1.769557210407e-01,1.054295825592e+04,-3.301403225442e+03,0.000000000000e+00,0.000000000000e+00,2.283054543887e-03,2.488529452837e-01,0.000000000000e+00,0.000000000000e+00,2.840219216229e+02,2.828412170410e+02,4.771296296295e-01,9.611111111108e-02,1.054295825592e+04,5.547738180895e+04,1.090000000000e+02
2.390000000000e+03,1.034644240044e+08,3.670384080299e+01,4.168298708412e-01,1.778712869932e-07,3.845631699848e+02,1.496859936659e-03,1.631577330959e-01,-1.630313458225e-01,8.970808446277e+03,-1.365355792988e+03,0.000000000000e+00,0.000000000000e+00,1.709666157609e-03,1.863536111794e-01,0.000000000000e+00,0.000000000000e+00,2.837071524708e+02,2.824974670410e+02,4.858333333332e-01,1.161111111111e-01,8.970808446277e+03,5.547918835238e+04,1.090000000000e+02
2.391000000000e+03,1.034869274552e+08,8.827079447870e+02,4.168460792991e-01,1.776195957583e-07,3.851085418594e+02,1.474405475714e-03,1.607101968528e-01,-1.603102152022e-01,1.150488667066e+04,-3.139762548928e+04,0.000000000000e+00,0.000000000000e+00,7.237964009308e-03,7.889380770146e-01,0.000000000000e+00,0.000000000000e+00,2.833236556062e+02,2.821470336914e+02,4.942592592592e-01,6.148148148151e-02,1.150488667066e+04,5.548133313946e+04,1.090000000000e+02
2.392000000000e+03,1.034945178665e+08,3.422027193825e+02,4.168464699334e-01,1.773696212925e-07,3.856517182110e+02,1.616806075618e-03,1.762318622424e-01,-1.726335052838e-01,2.935871818115e+04,-1.716853022117e+04,0.000000000000e+00,0.000000000000e+00,7.637264473601e-03,8.324618276225e-01,0.000000000000e+00,0.000000000000e+00,2.833177349580e+02,2.823159179688e+02,5.024074074073e-01,4.944444444446e-02,2.935871818115e+04,5.548136754936e+04,1.090000000000e+02
2.393000000000e+03,1.034921443774e+08,1.645090148972e+02,4.168364850868e-01,1.771213425404e-07,3.861927197192e+02,1.561933603595e-03,1.702507627918e-01,-1.697648697327e-01,1.311979777660e+04,-7.045338855972e+03,0.000000000000e+00,0.000000000000e+00,3.309573134393e-03,3.607434716489e-01,0.000000000000e+00,0.000000000000e+00,2.835551095945e+02,2.824949340820e+02,5.104629629629e-01,6.305555555555e-02,1.311979777660e+04,5.548004535187e+04,1.090000000000e+02
2.394000000000e+03,1.034883114274e+08,6.223689750928e+01,4.168219760294e-01,1.768747396041e-07,3.867315667582e+02,1.622246595430e-03,1.768248789018e-01,-1.764065424723e-01,1.249387487282e+04,-5.954115611427e+03,0.000000000000e+00,0.000000000000e+00,3.037546606023e-03,3.310925800565e-01,0.000000000000e+00,0.000000000000e+00,2.838935457495e+02,2.828835449219e+02,5.169444444444e-01,7.972222222221e-02,1.249387487282e+04,5.547812210298e+04,1.090000000000e+02
2.395000000000e+03,1.034859623856e+08,4.284224399649e+01,4.168527279250e-01,1.766297917854e-07,3.872682794033e+02,1.560727280183e-03,1.701192735400e-01,-1.699808778359e-01,1.031618420609e+04,-7.081665442127e+03,0.000000000000e+00,0.000000000000e+00,2.874974353488e-03,3.133722045302e-01,0.000000000000e+00,0.000000000000e+00,2.831627326993e+02,2.819721069336e+02,5.242592592592e-01,8.898148148146e-02,1.031618420609e+04,5.548221712488e+04,1.090000000000e+02
2.396000000000e+03,1.034795460390e+08,3.819359566788e+01,4.168583089891e-01,1.763864791757e-07,3.878028774367e+02,1.439771337256e-03,1.569350757609e-01,-1.568104750726e-01,9.866754028605e+03,-2.284046448136e+03,0.000000000000e+00,0.000000000000e+00,2.009550362982e-03,2.190409895651e-01,0.000000000000e+00,0.000000000000e+00,2.830246084396e+02,2.819758911133e+02,5.325000000000e-01,1.073148148148e-01,9.866754028605e+03,5.548296660251e+04,1.090000000000e+02
2.397000000000e+03,1.034726940707e+08,3.589414941861e+01,4.168436273401e-01,1.761447827236e-07,3.883353803531e+02,1.374538569897e-03,1.498247041188e-01,-1.497123100113e-01,7.940005609893e+03,-1.454497951576e+03,0.000000000000e+00,0.000000000000e+00,1.554083167327e-03,1.693950652386e-01,0.000000000000e+00,0.000000000000e+00,2.833802841907e+02,2.819118041992e+02,5.398148148148e-01,1.233333333333e-01,7.940005609893e+03,5.548102210432e+04,1.090000000000e+02
2.398000000000e+03,1.034683317132e+08,3.328738024600e+01,4.168448582077e-01,1.759046830277e-07,3.888658073657e+02,1.373171429954e-03,1.496756858649e-01,-1.495636782560e-01,7.372596072458e+03,-3.935740192112e+03,0.000000000000e+00,0.000000000000e+00,1.870515145782e-03,2.038861508903e-01,0.000000000000e+00,0.000000000000e+00,2.833503654807e+02,2.818783264160e+02,5.459259259259e-01,1.347222222222e-01,7.372596072458e+03,5.548118844692e+04,1.090000000000e+02
2.399000000000e+03,1.034854659310e+08,4.428066963833e+01,4.168580669851e-01,1.756661610119e-07,3.893941774115e+02,1.300947544621e-03,1.418032823636e-01,-1.416922328576e-01,8.205209591352e+03,-2.499570171098e+04,0.000000000000e+00,0.000000000000e+00,5.492790580162e-03,5.987141732377e-01,0.000000000000e+00,0.000000000000e+00,2.830299840733e+02,2.820270385742e+02,5.532407407407e-01,1.026851851852e-01,8.205209591352e+03,5.548293751803e+04,1.090000000000e+02
2.400000000000e+03,1.035034065723e+08,5.936122597934e+02,4.168795390354e-01,1.754291989069e-07,3.899205091568e+02,1.370960389809e-03,1.494346824892e-01,-1.482283117769e-01,1.803846056952e+04,-2.616511574542e+04,0.000000000000e+00,0.000000000000e+00,7.410927745376e-03,8.077911242459e-01,0.000000000000e+00,0.000000000000e+00,2.824911065289e+02,2.817007446289e+02,5.610185185185e-01,5.851851851854e-02,1.803846056952e+04,5.548577730914e+04,1.090000000000e+02
2.401000000000e+03,1.035013386871e+08,1.051649425826e+02,4.168755427889e-01,1.751937779269e-07,3.904448210024e+02,1.330117900910e-03,1.449828511992e-01,-1.440722967697e-01,1.571340087703e+04,-5.926155773043e+03,0.000000000000e+00,0.000000000000e+00,3.505584722674e-03,3.821087347715e-01,0.000000000000e+00,0.000000000000e+00,2.825939569035e+02,2.819637756348e+02,5.669444444444e-01,7.324074074073e-02,1.571340087703e+04,5.548524572472e+04,1.090000000000e+02
2.402000000000e+03,1.034918016530e+08,3.909470376107e+01,4.168701507418e-01,1.749598802962e-07,3.909671310886e+02,1.302086324407e-03,1.419274093604e-01,-1.417797846590e-01,1.002234926325e+04,1.670287592901e+03,0.000000000000e+00,0.000000000000e+00,1.371410308601e-03,1.494837236375e-01,0.000000000000e+00,0.000000000000e+00,2.827297158493e+02,2.817910766602e+02,5.732407407407e-01,1.004629629629e-01,1.002234926325e+04,5.548453723138e+04,1.090000000000e+02
2.403000000000e+03,1.034819369181e+08,3.472700452764e+01,4.168827696082e-01,1.747274884839e-07,3.914874573008e+02,1.229617166000e-03,1.340282710940e-01,-1.339262892206e-01,8.101708122859e+03,2.433687714478e+03,0.000000000000e+00,0.000000000000e+00,9.373879452217e-04,1.021752860292e-01,0.000000000000e+00,0.000000000000e+00,2.824048295619e+02,2.815087585449e+02,5.798148148147e-01,1.232407407407e-01,8.101708122859e+03,5.548622213235e+04,1.090000000000e+02
2.404000000000e+03,1.034835561497e+08,3.688652094932e+01,4.168862947701e-01,1.744965844113e-07,3.920058172734e+02,1.133182546532e-03,1.235168975720e-01,-1.234238465437e-01,7.483582597120e+03,-8.467668969734e+03,0.000000000000e+00,0.000000000000e+00,2.638629160050e-03,2.876105784454e-01,0.000000000000e+00,0.000000000000e+00,2.823121037700e+02,2.814277343750e+02,5.851851851851e-01,1.222222222222e-01,7.483582597120e+03,5.548669309469e+04,1.090000000000e+02
2.405000000000e+03,1.034841395113e+08,3.607848685752e+01,4.168828889349e-01,1.742671504983e-07,3.925222283955e+02,1.144221003458e-03,1.247200893770e-01,-1.246236752949e-01,8.293450839190e+03,-7.498384941292e+03,0.000000000000e+00,0.000000000000e+00,2.611807152971e-03,2.846869796738e-01,0.000000000000e+00,0.000000000000e+00,2.824008754738e+02,2.813230285645e+02,5.917592592592e-01,1.238888888889e-01,8.293450839190e+03,5.548624176685e+04,1.090000000000e+02
2.406000000000e+03,1.035108878415e+08,1.333394858907e+03,4.169050094301e-01,1.740391723641e-07,3.930367078150e+02,1.183739161787e-03,1.290275686348e-01,-1.285235162870e-01,1.289973000010e+04,-3.387986992005e+04,0.000000000000e+00,0.000000000000e+00,7.953592772420e-03,8.669416121938e-01,0.000000000000e+00,0.000000000000e+00,2.818086013157e+02,2.810931091309e+02,5.978703703703e-01,5.731481481487e-02,1.289973000010e+04,5.548917437377e+04,1.090000000000e+02
2.407000000000e+03,1.035169096033e+08,2.100214288862e+02,4.169101191407e-01,1.738126334156e-07,3.935492724433e+02,1.299545541548e-03,1.416504640288e-01,-1.381303206843e-01,3.331185309478e+04,-1.368664107566e+04,0.000000000000e+00,0.000000000000e+00,7.617000862754e-03,8.302530940402e-01,0.000000000000e+00,0.000000000000e+00,2.816695660538e+02,2.810392150879e+02,6.033333333332e-01,5.333333333333e-02,3.331185309478e+04,5.548983901420e+04,1.090000000000e+02
2.408000000000e+03,1.035057015894e+08,3.902056668848e+01,4.169119132753e-01,1.735875166007e-07,3.940599389597e+02,1.144246246455e-03,1.247228408636e-01,-1.245579020163e-01,1.012589311882e+04,4.296234156521e+03,0.000000000000e+00,0.000000000000e+00,9.370658197049e-04,1.021401743478e-01,0.000000000000e+00,0.000000000000e+00,2.816173122543e+02,2.811347045898e+02,6.088888888888e-01,8.944444444442e-02,1.012589311882e+04,5.549008681671e+04,1.090000000000e+02
2.409000000000e+03,1.034967844898e+08,3.580680865444e+01,4.168987429232e-01,1.733638058996e-07,3.945687238159e+02,1.040344879311e-03,1.133975918449e-01,-1.133161470869e-01,8.331662696724e+03,2.629200340940e+03,0.000000000000e+00,0.000000000000e+00,9.430212898634e-04,1.027893205951e-01,0.000000000000e+00,0.000000000000e+00,2.819806867389e+02,2.814194335938e+02,6.140740740740e-01,1.104629629629e-01,8.331662696724e+03,5.548834305741e+04,1.090000000000e+02
2.410000000000e+03,1.034875438199e+08,3.214314361257e+01,4.169209994246e-01,1.731414856464e-07,3.950756432399e+02,9.793953937189e-04,1.067540979154e-01,-1.066796746529e-01,7.040549802130e+03,3.320975798214e+03,0.000000000000e+00,0.000000000000e+00,6.150393847960e-04,6.703929294276e-02,0.000000000000e+00,0.000000000000e+00,2.813543249184e+02,2.805650024414e+02,6.194444444443e-01,1.304629629629e-01,7.040549802130e+03,5.549130602850e+04,1.090000000000e+02
2.411000000000e+03,1.034882241980e+08,3.402330894940e+01,4.169254053055e-01,1.729205388825e-07,3.955807132405e+02,8.941633791016e-04,9.746380832208e-02,-9.739568500352e-02,6.567020942201e+03,-6.085071702615e+03,0.000000000000e+00,0.000000000000e+00,2.092670278763e-03,2.281010603851e-01,0.000000000000e+00,0.000000000000e+00,2.812242941702e+02,2.805459594727e+02,6.246296296295e-01,1.312037037037e-01,6.567020942201e+03,5.549189397763e+04,1.090000000000e+02
2.412000000000e+03,1.034885919278e+08,3.346297193971e+01,4.169318416636e-01,1.727009501044e-07,3.960839496109e+02,9.308017253858e-04,1.014573880671e-01,-1.013832856889e-01,7.212228045902e+03,-5.993777680609e+03,0.000000000000e+00,0.000000000000e+00,2.183876185063e-03,2.380425041718e-01,0.000000000000e+00,0.000000000000e+00,2.810304119626e+02,2.801643371582e+02,6.295370370369e-01,1.322222222222e-01,7.212228045902e+03,5.549275240891e+04,1.090000000000e+02
2.413000000000e+03,1.035022787220e+08,4.249531025246e+01,4.169282945676e-01,1.724827132040e-07,3.965853679331e+02,9.833034291889e-04,1.071800737816e-01,-1.070979888571e-01,7.964172935506e+03,-1.962997974388e+04,0.000000000000e+00,0.000000000000e+00,4.564257104597e-03,4.975040244011e-01,0.000000000000e+00,0.000000000000e+00,2.811378298590e+02,2.803503723145e+02,6.338888888888e-01,1.068518518518e-01,7.964172935506e+03,5.549227748105e+04,1.090000000000e+02
2.414000000000e+03,1.035145810620e+08,1.806161579605e+02,4.169463060126e-01,1.722658030076e-07,3.970849835815e+02,1.002020193170e-03,1.092202010555e-01,-1.088576820494e-01,1.304295469824e+04,-1.834328102477e+04,0.000000000000e+00,0.000000000000e+00,5.215016651745e-03,5.684368150402e-01,0.000000000000e+00,0.000000000000e+00,2.805798703318e+02,2.799125366211e+02,6.392592592592e-01,7.824074074073e-02,1.304295469824e+04,5.549466334045e+04,1.090000000000e+02
2.415000000000e+03,1.035068773847e+08,3.942899640170e+01,4.169459910570e-01,1.720502085534e-07,3.975828117264e+02,8.774130728545e-04,9.563802494114e-02,-9.552574111779e-02,1.051167416304e+04,2.402465572476e+03,0.000000000000e+00,0.000000000000e+00,1.318287919253e-03,1.436933831986e-01,0.000000000000e+00,0.000000000000e+00,2.805894346341e+02,2.800462036133e+02,6.433333333332e-01,1.025925925926e-01,1.051167416304e+04,5.549462475563e+04,1.090000000000e+02
2.416000000000e+03,1.034975099678e+08,3.539754725418e+01,4.169605086443e-01,1.718359154800e-07,3.980788673383e+02,8.053327783388e-04,8.778127283893e-02,-8.771499174063e-02,8.203695152923e+03,4.499590441680e+03,0.000000000000e+00,0.000000000000e+00,6.122835761228e-04,6.673890979738e-02,0.000000000000e+00,0.000000000000e+00,2.801019411322e+02,2.794725646973e+02,6.479629629629e-01,1.237037037037e-01,8.203695152923e+03,5.549655801404e+04,1.090000000000e+02
2.417000000000e+03,1.034953136319e+08,3.482359057073e+01,4.169689552242e-01,1.716229117619e-07,3.985731651909e+02,7.501123767015e-04,8.176224906046e-02,-8.170096203704e-02,7.368214421540e+03,-2.337862817549e+03,0.000000000000e+00,0.000000000000e+00,1.604986471804e-03,1.749435254266e-01,0.000000000000e+00,0.000000000000e+00,2.797992910654e+02,2.790285949707e+02,6.518518518518e-01,1.302777777777e-01,7.368214421540e+03,5.549768143708e+04,1.090000000000e+02
2.418000000000e+03,1.035147147143e+08,1.678980039655e+02,4.169802817902e-01,1.714111889411e-07,3.990657198651e+02,7.537883302249e-04,8.216292799451e-02,-8.208864161382e-02,9.114119537453e+03,-2.395689038722e+04,0.000000000000e+00,0.000000000000e+00,5.489554250003e-03,5.983614132503e-01,0.000000000000e+00,0.000000000000e+00,2.793665514716e+02,2.787380981445e+02,6.550000000000e-01,8.666666666666e-02,9.114119537453e+03,5.549918016807e+04,1.090000000000e+02
2.419000000000e+03,1.035223122703e+08,1.798805790587e+02,4.169875572649e-01,1.712007169824e-07,3.995565457519e+02,8.555164798817e-04,9.325129630710e-02,-9.240100674780e-02,1.745850998819e+04,-1.272580849004e+04,0.000000000000e+00,0.000000000000e+00,4.999370541649e-03,5.449313890397e-01,0.000000000000e+00,0.000000000000e+00,2.790664920976e+02,2.783651733398e+02,6.585185185185e-01,7.314814814813e-02,1.745850998819e+04,5.550014382968e+04,1.090000000000e+02
2.420000000000e+03,1.035162489838e+08,4.031472319687e+01,4.169974941951e-01,1.709914915620e-07,4.000456570562e+02,7.963059510177e-04,8.679734866093e-02,-8.667644638541e-02,1.018216528806e+04,1.252657933080e+03,0.000000000000e+00,0.000000000000e+00,1.454088245324e-03,1.584956187403e-01,0.000000000000e+00,0.000000000000e+00,2.786178760323e+02,2.781217346191e+02,6.616666666666e-01,9.222222222220e-02,1.018216528806e+04,5.550146701756e+04,1.090000000000e+02
2.421000000000e+03,1.035091407390e+08,3.689467392372e+01,4.170046153991e-01,1.707834998014e-07,4.005330677998e+02,6.967552915491e-04,7.594632677885e-02,-7.588769333986e-02,8.851301665806e+03,2.896316229269e+03,0.000000000000e+00,0.000000000000e+00,9.843143027236e-04,1.072902589969e-01,0.000000000000e+00,0.000000000000e+00,2.782595682180e+02,2.777251586914e+02,6.638888888889e-01,1.109259259259e-01,8.851301665806e+03,5.550241593786e+04,1.090000000000e+02
2.422000000000e+03,1.035221734937e+08,5.018599670067e+02,4.169985717811e-01,1.705767391993e-07,4.010187918248e+02,7.206818901181e-04,7.855432602287e-02,-7.842546775927e-02,9.939558770650e+03,-1.738553714924e+04,0.000000000000e+00,0.000000000000e+00,4.594802306768e-03,5.008334514377e-01,0.000000000000e+00,0.000000000000e+00,2.785656721751e+02,2.779897155762e+02,6.661111111111e-01,7.657407407409e-02,9.939558770650e+03,5.550160894733e+04,1.090000000000e+02
2.423000000000e+03,1.035259951932e+08,1.080004090744e+02,4.170078227610e-01,1.703711755710e-07,4.015028427967e+02,8.258404851062e-04,9.001661287658e-02,-8.911598112739e-02,1.812794466629e+04,-8.767851475989e+03,0.000000000000e+00,0.000000000000e+00,4.388947370358e-03,4.783952633690e-01,0.000000000000e+00,0.000000000000e+00,2.780870306824e+02,2.776170043945e+02,6.678703703703e-01,7.370370370370e-02,1.812794466629e+04,5.550283567076e+04,1.090000000000e+02
2.424000000000e+03,1.035215066915e+08,8.226238246905e+01,4.170112226255e-01,1.701668073736e-07,4.019852342071e+02,7.482100375456e-04,8.155489409247e-02,-8.144281360680e-02,9.686867133906e+03,-3.183532223812e+01,0.000000000000e+00,0.000000000000e+00,1.603212014270e-03,1.747501095554e-01,0.000000000000e+00,0.000000000000e+00,2.778900727378e+02,2.773967285156e+02,6.698148148148e-01,8.703703703703e-02,9.686867133906e+03,5.550328922722e+04,1.090000000000e+02
2.425000000000e+03,1.035222592834e+08,7.714825926524e+01,4.170101522517e-01,1.699636196053e-07,4.024659793774e+02,6.965542387635e-04,7.592441202522e-02,-7.580252855361e-02,1.046128186522e+04,-4.959888736368e+03,0.000000000000e+00,0.000000000000e+00,2.549287305154e-03,2.778723162618e-01,0.000000000000e+00,0.000000000000e+00,2.779530645760e+02,2.774201660156e+02,6.713888888888e-01,8.546296296295e-02,1.046128186522e+04,5.550314792677e+04,1.090000000000e+02
2.426000000000e+03,1.035235389537e+08,1.379272085053e+02,4.170131481346e-01,1.697615968292e-07,4.029450914610e+02,6.640857393778e-04,7.238534559218e-02,-7.226391317622e-02,1.070710360425e+04,-5.290570440692e+03,0.000000000000e+00,0.000000000000e+00,2.655461665614e-03,2.894453215519e-01,0.000000000000e+00,0.000000000000e+00,2.777708774521e+02,2.773899841309e+02,6.731481481481e-01,8.249999999999e-02,1.070710360425e+04,5.550354870200e+04,1.090000000000e+02
2.427000000000e+03,1.035284400356e+08,4.726652456893e+02,4.170102812362e-01,1.695607414916e-07,4.034225834467e+02,6.547319202093e-04,7.136577930282e-02,-7.094743547679e-02,1.365082180130e+04,-8.838914357572e+03,0.000000000000e+00,0.000000000000e+00,3.776560356106e-03,4.116450788155e-01,0.000000000000e+00,0.000000000000e+00,2.779448189225e+02,2.776781311035e+02,6.748148148148e-01,7.046296296298e-02,1.365082180130e+04,5.550316669534e+04,1.090000000000e+02
2.428000000000e+03,1.035371055911e+08,1.290127702633e+03,4.170244954098e-01,1.693610306388e-07,4.038984681613e+02,6.708798100791e-04,7.312589929862e-02,-7.209917499570e-02,2.110273385479e+04,-1.266736492825e+04,0.000000000000e+00,0.000000000000e+00,5.726409500199e-03,6.241786355217e-01,0.000000000000e+00,0.000000000000e+00,2.769256495087e+02,2.766098327637e+02,6.758333333333e-01,4.287037037043e-02,2.110273385479e+04,5.550505435917e+04,1.090000000000e+02
2.429000000000e+03,1.035384222037e+08,5.001542500371e+02,4.170267077152e-01,1.691624550559e-07,4.043727582723e+02,6.743780280088e-04,7.350720505295e-02,-7.213186755967e-02,2.354651458070e+04,-5.320312085216e+03,0.000000000000e+00,0.000000000000e+00,4.653367912648e-03,5.072171024786e-01,0.000000000000e+00,0.000000000000e+00,2.767043371130e+02,2.765415649414e+02,6.768518518518e-01,4.759259259262e-02,2.354651458070e+04,5.550534831099e+04,1.090000000000e+02
2.430000000000e+03,1.035314592256e+08,7.919856002590e+01,4.170272972049e-01,1.689650037287e-07,4.048454662906e+02,6.216821218735e-04,6.776335128421e-02,-6.750629865244e-02,1.160109998685e+04,3.216011215987e+03,0.000000000000e+00,0.000000000000e+00,1.318724690836e-03,1.437409913011e-01,0.000000000000e+00,0.000000000000e+00,2.766390996994e+02,2.764434814453e+02,6.775000000000e-01,7.481481481480e-02,1.160109998685e+04,5.550542755795e+04,1.090000000000e+02
2.431000000000e+03,1.035424832301e+08,2.702516501371e+03,4.170318126260e-01,1.687686635797e-07,4.053166045733e+02,5.626209561396e-04,6.132568421922e-02,-6.043351158214e-02,2.168743397453e+04,-1.437841338480e+04,0.000000000000e+00,0.000000000000e+00,6.402943367357e-03,6.979208270419e-01,0.000000000000e+00,0.000000000000e+00,2.759459579877e+02,2.759356079102e+02,6.776851851851e-01,3.212962962969e-02,2.168743397453e+04,5.550602776327e+04,1.090000000000e+02
2.432000000000e+03,1.035443941771e+08,5.384096308757e+02,4.170329652210e-01,1.685734247234e-07,4.057861853260e+02,5.936282559274e-04,6.470547989609e-02,-6.262199388369e-02,3.729674823406e+04,-5.386850002242e+03,0.000000000000e+00,0.000000000000e+00,6.716368122555e-03,7.320841253585e-01,0.000000000000e+00,0.000000000000e+00,2.754930092855e+02,2.754302673340e+02,6.775000000000e-01,3.759259259262e-02,3.729674823406e+04,5.550618085445e+04,1.090000000000e+02
2.433000000000e+03,1.035448446119e+08,1.317299140249e+03,4.170321121326e-01,1.683792751381e-07,4.062542206056e+02,6.134029220099e-04,6.686091849908e-02,-6.607700490565e-02,1.672495270340e+04,-4.118114091705e+03,0.000000000000e+00,0.000000000000e+00,3.580969876356e-03,3.903257165229e-01,0.000000000000e+00,0.000000000000e+00,2.758685387616e+02,2.757243041992e+02,6.764814814814e-01,3.212962962968e-02,1.672495270340e+04,5.550606732914e+04,1.090000000000e+02
2.434000000000e+03,1.035435566168e+08,4.239530564811e+02,4.170329556298e-01,1.681862051097e-07,4.067207223225e+02,5.930019869333e-04,6.463721657573e-02,-6.349338074056e-02,2.153676102695e+04,-2.236276893621e+03,0.000000000000e+00,0.000000000000e+00,3.792156728251e-03,4.133450833794e-01,0.000000000000e+00,0.000000000000e+00,2.755030450615e+02,2.753952331543e+02,6.753703703703e-01,4.240740740743e-02,2.153676102695e+04,5.550617964233e+04,1.090000000000e+02
2.435000000000e+03,1.035442822041e+08,1.094668464928e+03,4.170324466922e-01,1.679942041017e-07,4.071857022434e+02,5.216973573128e-04,5.686501194709e-02,-5.627478519068e-02,1.580491985443e+04,-3.849184777038e+03,0.000000000000e+00,0.000000000000e+00,3.364794777455e-03,3.667626307426e-01,0.000000000000e+00,0.000000000000e+00,2.757666742791e+02,2.759801940918e+02,6.745370370370e-01,3.638888888893e-02,1.580491985443e+04,5.550611156222e+04,1.090000000000e+02
2.436000000000e+03,1.035434137243e+08,4.831337041946e+02,4.170326164421e-01,1.678032616592e-07,4.076491719931e+02,5.497685019846e-04,5.992476671632e-02,-5.898214766679e-02,1.993626840707e+04,-2.405390036386e+03,0.000000000000e+00,0.000000000000e+00,3.600304617855e-03,3.924332033462e-01,0.000000000000e+00,0.000000000000e+00,2.757043397050e+02,2.755638122559e+02,6.733333333333e-01,4.314814814817e-02,1.993626840707e+04,5.550613351877e+04,1.090000000000e+02
2.437000000000e+03,1.035392518844e+08,1.297588169795e+02,4.170329358680e-01,1.676133641767e-07,4.081111430572e+02,5.329698298673e-04,5.809371145553e-02,-5.782071380002e-02,1.204869811458e+04,9.524342423715e+02,0.000000000000e+00,0.000000000000e+00,1.778137970253e-03,1.938170387576e-01,0.000000000000e+00,0.000000000000e+00,2.752055298041e+02,2.752113037109e+02,6.725925925926e-01,5.944444444445e-02,1.204869811458e+04,5.550617627640e+04,1.090000000000e+02
2.438000000000e+03,1.035428992131e+08,1.091639937546e+03,4.170329736105e-01,1.674245042628e-07,4.085716267845e+02,4.867082891832e-04,5.305120352097e-02,-5.264019970892e-02,1.442765862226e+04,-6.569187754675e+03,0.000000000000e+00,0.000000000000e+00,3.633208377233e-03,3.960197131184e-01,0.000000000000e+00,0.000000000000e+00,2.752451266153e+02,2.754689636230e+02,6.717592592592e-01,4.064814814819e-02,1.442765862226e+04,5.550618128452e+04,1.090000000000e+02
2.439000000000e+03,1.035404041616e+08,1.349585977194e+02,4.170321927781e-01,1.672366719612e-07,4.090306343889e+02,4.763346329013e-04,5.192047498625e-02,-5.120407741445e-02,1.848252599584e+04,-3.470878551644e+02,0.000000000000e+00,0.000000000000e+00,2.960692629562e-03,3.227154966222e-01,0.000000000000e+00,0.000000000000e+00,2.748873307804e+02,2.750495300293e+02,6.697222222222e-01,5.620370370371e-02,1.848252599584e+04,5.550607712617e+04,1.090000000000e+02
2.440000000000e+03,1.035337822254e+08,8.413783175074e+01,4.170295623767e-01,1.670498546230e-07,4.094881769517e+02,4.052378656186e-04,4.417092735243e-02,-4.409325379155e-02,9.300667310373e+03,4.174497972279e+03,0.000000000000e+00,0.000000000000e+00,8.395936493480e-04,9.151570777893e-02,0.000000000000e+00,0.000000000000e+00,2.743991022943e+02,2.745464477539e+02,6.675925925926e-01,7.611111111110e-02,9.300667310373e+03,5.550572708036e+04,1.090000000000e+02
2.441000000000e+03,1.035334990520e+08,1.109112394510e+02,4.170248032042e-01,1.668640460875e-07,4.099442654236e+02,3.691956864419e-04,4.024232982216e-02,-4.017113827535e-02,9.465804863846e+03,-1.946544161915e+03,0.000000000000e+00,0.000000000000e+00,1.891388985830e-03,2.061613994555e-01,0.000000000000e+00,0.000000000000e+00,2.738862957118e+02,2.740815124512e+02,6.651851851852e-01,7.425925925925e-02,9.465804863846e+03,5.550509344169e+04,1.090000000000e+02
2.442000000000e+03,1.035360682802e+08,4.199266245710e+02,4.170260489591e-01,1.666792314145e-07,4.103989106271e+02,3.322263008547e-04,3.621266679316e-02,-3.604256449024e-02,1.178917570797e+04,-4.569773598268e+03,0.000000000000e+00,0.000000000000e+00,2.756567310652e-03,3.004658368611e-01,0.000000000000e+00,0.000000000000e+00,2.740015694752e+02,2.743074951172e+02,6.603703703703e-01,6.444444444446e-02,1.178917570797e+04,5.550526007698e+04,1.090000000000e+02
2.443000000000e+03,1.035323942367e+08,8.106148810131e+01,2.521205998329e+03,4.167223434090e-03,1.000000000000e+02,2.682224210729e-04,2.923624389695e-02,-3.163412275906e-02,1.206999008105e+04,1.918179466112e+03,1.514566115056e-05,1.650877065411e-03,1.607675965147e-03,1.752366802010e-01,4.089328510651e-04,4.457368076610e-02,2.740856024619e+02,2.743923034668e+02,6.538888888888e-01,7.703703703703e-02,1.206999008105e+04,5.550537266577e+04,1.090000000000e+02
2.444000000000e+03,1.035233772062e+08,3.619640867745e+01,9.159913276073e+03,1.514025939886e-02,1.000000000000e+02,2.315335487192e-06,2.523715681039e-04,-1.665183924426e-02,8.356620452176e+03,8.092766481902e+03,3.640910698185e-05,3.968592661021e-03,0.000000000000e+00,0.000000000000e+00,9.830458885098e-04,1.071520018476e-01,2.737838926222e+02,2.744028015137e+02,6.475925925925e-01,9.898148148145e-02,8.356620452176e+03,5.550493451848e+04,1.090000000000e+02
2.445000000000e+03,1.035160744514e+08,3.351302790754e+01,1.929262180047e+04,3.129009463205e-02,1.018652661491e+02,-2.984831423516e-04,-3.253466251632e-02,-1.373948742372e-03,7.327631195013e+03,7.226494983220e+03,1.633602405989e-05,1.780626622528e-03,0.000000000000e+00,0.000000000000e+00,1.380064683001e-03,1.504270504471e-01,2.732242116376e+02,2.738864746094e+02,2.583333333333e-02,1.137037037037e-01,7.327631195013e+03,5.550385942902e+04,1.090000000000e+02
2.446000000000e+03,1.035094691383e+08,3.387431570696e+01,3.089185194803e+04,4.598281820145e-02,1.108867758678e+02,-3.441746667386e-04,-3.751503867451e-02,-1.334530157427e-04,6.597545062826e+03,6.597906350628e+03,0.000000000000e+00,0.000000000000e+00,0.000000000000e+00,0.000000000000e+00,1.571839450978e-03,1.713305001566e-01,2.732138291121e+02,2.735253601074e+02,0.000000000000e+00,1.269444444444e-01,6.597545062826e+03,5.550383728426e+04,1.090000000000e+02
2.447000000000e+03,1.035034141459e+08,3.175838013530e+01,4.188844671630e+04,5.799667649130e-02,1.192704048474e+02,-3.675005341926e-04,-4.005755822700e-02,0.000000000000e+00,6.057108144115e+03,6.054992208539e+03,0.000000000000e+00,0.000000000000e+00,0.000000000000e+00,0.000000000000e+00,1.450142399328e-03,1.580655215268e-01,2.732153922454e+02,2.733212890625e+02,0.000000000000e+00,1.376851851852e-01,6.057108144115e+03,5.550384078688e+04,1.090000000000e+02
2.448000000000e+03,1.034977951570e+08,3.061425473099e+01,5.182534530577e+04,6.760283423303e-02,1.266397666488e+02,-3.737895814279e-04,-4.074306437564e-02,0.000000000000e+00,5.620134606145e+03,5.618990480749e+03,0.000000000000e+00,0.000000000000e+00,0.000000000000e+00,0.000000000000e+00,1.268667205004e-03,1.382847253454e-01,2.732127784470e+02,2.729063110352e+02,0.000000000000e+00,1.488888888889e-01,5.620134606145e+03,5.550383493074e+04,1.090000000000e+02
2.449000000000e+03,1.034925643267e+08,2.966781039873e+01,6.247195130222e+04,7.777447242660e-02,1.327170800792e+02,-3.681357414218e-04,-4.012679581497e-02,0.000000000000e+00,5.231776015294e+03,5.230829570970e+03,0.000000000000e+00,0.000000000000e+00,0.000000000000e+00,0.000000000000e+00,1.391658532849e-03,1.516907800805e-01,2.732101008439e+02,2.722380981445e+02,0.000000000000e+00,1.588888888889e-01,5.231776015294e+03,5.550382892310e+04,1.090000000000e+02
2.450000000000e+03,1.034876388788e+08,2.871644608499e+01,7.327402140195e+04,8.769494725728e-02,1.380709674829e+02,-3.623286378492e-04,-3.949382152556e-02,0.000000000000e+00,4.926399976427e+03,4.925448612117e+03,0.000000000000e+00,0.000000000000e+00,0.000000000000e+00,0.000000000000e+00,1.423163368700e-03,1.551248071883e-01,2.732083740325e+02,2.720433349609e+02,0.000000000000e+00,1.682407407407e-01,4.926399976427e+03,5.550382504371e+04,1.090000000000e+02
2.451000000000e+03,1.034829770979e+08,2.816819606803e+01,8.353915388807e+04,9.648001985274e-02,1.430902770122e+02,-3.561845902385e-04,-3.882412033599e-02,0.000000000000e+00,4.662329775812e+03,4.661781525803e+03,0.000000000000e+00,0.000000000000e+00,0.000000000000e+00,0.000000000000e+00,1.340557705243e-03,1.461207898715e-01,2.732040792861e+02,2.718146057129e+02,0.000000000000e+00,1.774074074074e-01,4.662329775812e+03,5.550381538205e+04,1.090000000000e+02
2.452000000000e+03,1.034785532912e+08,2.789132327554e+01,9.382828752486e+04,1.050031584717e-01,1.476757383839e+02,-3.653222651964e-04,-3.982012690640e-02,0.000000000000e+00,4.424083778404e+03,4.423806905611e+03,0.000000000000e+00,0.000000000000e+00,0.000000000000e+00,0.000000000000e+00,1.335386559732e-03,1.455571350108e-01,2.731983962974e+02,2.714259948730e+02,0.000000000000e+00,1.868518518518e-01,4.424083778404e+03,5.550380256578e+04,1.090000000000e+02
2.453000000000e+03,1.034743101332e+08,2.771943068482e+01,1.056579510605e+05,1.154138761663e-01,1.512993281528e+02,-3.673267829606e-04,-4.003861934270e-02,0.000000000000e+00,4.243330402241e+03,4.243158509652e+03,0.000000000000e+00,0.000000000000e+00,0.000000000000e+00,0.000000000000e+00,1.588019590163e-03,1.730941353278e-01,2.731927071945e+02,2.707429199219e+02,0.000000000000e+00,1.955555555555e-01,4.243330402241e+03,5.550378969944e+04,1.090000000000e+02
2.454000000000e+03,1.034702375671e+08,2.743994085374e+01,1.186184646765e+05,1.269199486379e-01,1.544638017991e+02,-3.565033528666e-04,-3.885886546246e-02,0.000000000000e+00,4.072846010133e+03,4.072566520300e+03,0.000000000000e+00,0.000000000000e+00,0.000000000000e+00,0.000000000000e+00,1.785753703506e-03,1.946471536822e-01,2.731889840497e+02,2.704045104980e+02,0.000000000000e+00,2.044444444444e-01,4.072846010133e+03,5.550378125979e+04,1.090000000000e+02
2.455000000000e+03,1.034663262946e+08,2.729118216826e+01,1.314906882361e+05,1.381839361439e-01,1.572716290590e+02,-3.580780458242e-04,-3.903050699484e-02,0.000000000000e+00,3.911421649117e+03,3.911272890429e+03,0.000000000000e+00,0.000000000000e+00,0.000000000000e+00,0.000000000000e+00,1.769596171024e-03,1.928859826416e-01,2.731856015895e+02,2.700735168457e+02,0.000000000000e+00,2.125925925926e-01,3.911421649117e+03,5.550377357942e+04,1.090000000000e+02
2.456000000000e+03,1.034625448948e+08,2.749743955753e+01,1.451289679726e+05,1.497995700659e-01,1.601264688089e+02,-3.590011367844e-04,-3.913112390950e-02,0.000000000000e+00,3.781193552000e+03,3.781399809403e+03,0.000000000000e+00,0.000000000000e+00,0.000000000000e+00,0.000000000000e+00,1.895298005867e-03,2.065874826395e-01,2.731803716509e+02,2.694647521973e+02,0.000000000000e+00,2.214814814815e-01,3.781193552000e+03,5.550376167868e+04,1.090000000000e+02
2.457000000000e+03,1.034588592980e+08,2.810151901050e+01,1.569617523872e+05,1.584660426307e-01,1.637125914459e+02,-3.464775388801e-04,-3.776605173793e-02,0.000000000000e+00,3.684992923065e+03,3.685597002523e+03,0.000000000000e+00,0.000000000000e+00,0.000000000000e+00,0.000000000000e+00,1.609394402369e-03,1.754239898583e-01,2.731732426513e+02,2.685157775879e+02,0.000000000000e+00,2.300000000000e-01,3.684992923065e+03,5.550374540701e+04,1.090000000000e+02
2.458000000000e+03,1.034552729790e+08,2.865077656399e+01,1.670623562757e+05,1.651309554784e-01,1.672161549967e+02,-3.259691599626e-04,-3.553063843592e-02,0.000000000000e+00,3.585770180432e+03,3.586319437986e+03,0.000000000000e+00,0.000000000000e+00,0.000000000000e+00,0.000000000000e+00,1.343577855453e-03,1.464499862443e-01,2.731673317703e+02,2.681567382813e+02,0.000000000000e+00,2.386111111111e-01,3.585770180432e+03,5.550373187192e+04,1.090000000000e+02
2.459000000000e+03,1.034517897327e+08,2.920550114478e+01,1.796519059094e+05,1.754984656873e-01,1.691959039720e+02,-3.177741681958e-04,-3.463738433334e-02,0.000000000000e+00,3.482691800338e+03,3.483246524923e+03,0.000000000000e+00,0.000000000000e+00,0.000000000000e+00,0.000000000000e+00,1.763182107016e-03,1.921868496647e-01,2.731617665824e+02,2.678457641602e+02,0.000000000000e+00,2.472222222222e-01,3.482691800338e+03,5.550371909256e+04,1.090000000000e+02
2.460000000000e+03,1.034483852212e+08,3.019895190947e+01,1.918432894416e+05,1.845656815322e-01,1.718025591786e+02,-3.117406563908e-04,-3.397973154660e-02,0.000000000000e+00,3.403518180470e+03,3.404511631238e+03,0.000000000000e+00,0.000000000000e+00,0.000000000000e+00,0.000000000000e+00,1.703405037446e-03,1.856711490816e-01,2.731545787604e+02,2.672311096191e+02,0.000000000000e+00,2.556481481481e-01,3.403518180470e+03,5.550370253644e+04,1.090000000000e+02
2.461000000000e+03,1.034450475426e+08,3.103614022506e+01,2.021949542735e+05,1.910689821145e-01,1.749106009534e+02,-3.053573835459e-04,-3.328395480650e-02,0.000000000000e+00,3.336841832193e+03,3.337679020510e+03,0.000000000000e+00,0.000000000000e+00,0.000000000000e+00,0.000000000000e+00,1.405696214759e-03,1.532208874088e-01,2.731492268546e+02,2.670113830566e+02,0.000000000000e+00,2.640740740741e-01,3.336841832193e+03,5.550369017145e+04,1.090000000000e+02
2.462000000000e+03,1.034417599505e+08,3.180170279459e+01,2.126886626452e+05,1.971935730851e-01,1.782745423632e+02,-3.017249415317e-04,-3.288801862695e-02,0.000000000000e+00,3.286827554853e+03,3.287593117421e+03,0.000000000000e+00,0.000000000000e+00,0.000000000000e+00,0.000000000000e+00,1.432806999270e-03,1.561759629204e-01,2.731448363517e+02,2.674907226563e+02,0.000000000000e+00,2.723148148148e-01,3.286827554853e+03,5.550368000352e+04,1.090000000000e+02
2.463000000000e+03,1.034385237325e+08,3.271805476574e+01,2.240014457919e+05,2.049085530713e-01,1.806882813508e+02,-3.073550236595e-04,-3.350169757889e-02,0.000000000000e+00,3.235301490470e+03,3.236217842446e+03,0.000000000000e+00,0.000000000000e+00,0.000000000000e+00,0.000000000000e+00,1.562567129497e-03,1.703198171152e-01,2.731402117251e+02,2.673902587891e+02,0.000000000000e+00,2.812037037037e-01,3.235301490470e+03,5.550366926965e+04,1.090000000000e+02
2.464000000000e+03,1.034353454598e+08,3.379721951634e+01,2.339007307424e+05,2.114473618957e-01,1.828393989162e+02,-2.941802802119e-04,-3.206565054310e-02,0.000000000000e+00,3.177194384790e+03,3.178273549551e+03,0.000000000000e+00,0.000000000000e+00,0.000000000000e+00,0.000000000000e+00,1.342100178192e-03,1.462889194229e-01,2.731353201416e+02,2.672338867188e+02,0.000000000000e+00,2.895370370370e-01,3.177194384790e+03,5.550365788976e+04,1.090000000000e+02
2.465000000000e+03,1.034322110436e+08,3.537110621803e+01,2.422919848683e+05,2.156051126150e-01,1.857468836515e+02,-2.986334692551e-04,-3.255104814881e-02,0.000000000000e+00,3.132841870153e+03,3.134415756844e+03,0.000000000000e+00,0.000000000000e+00,0.000000000000e+00,0.000000000000e+00,1.088384320269e-03,1.186338909093e-01,2.731291066646e+02,2.668755798340e+02,0.000000000000e+00,2.979629629629e-01,3.132841870153e+03,5.550364339640e+04,1.090000000000e+02
2.466000000000e+03,1.034291138406e+08,3.665084394475e+01,2.556641650122e+05,2.253508782294e-01,1.875224228155e+02,-3.101703385699e-04,-3.380856690412e-02,0.000000000000e+00,3.095923248634e+03,3.097202986364e+03,0.000000000000e+00,0.000000000000e+00,0.000000000000e+00,0.000000000000e+00,1.900153289114e-03,2.071167085134e-01,2.731245398557e+02,2.667943420410e+02,0.000000000000e+00,3.050000000000e-01,3.095923248634e+03,5.550363271609e+04,1.090000000000e+02
2.467000000000e+03,1.034260523553e+08,3.844278561837e+01,2.693836517190e+05,2.354771069587e-01,1.890889334304e+02,-3.208955948042e-04,-3.497761983366e-02,0.000000000000e+00,3.059692350578e+03,3.061484292252e+03,0.000000000000e+00,0.000000000000e+00,0.000000000000e+00,0.000000000000e+00,1.946838547173e-03,2.122054016419e-01,2.731185198226e+02,2.665367736816e+02,0.000000000000e+00,3.135185185185e-01,3.059692350578e+03,5.550361860178e+04,1.090000000000e+02
2.468000000000e+03,1.034230287739e+08,4.146549761651e+01,2.810813697088e+05,2.431369282697e-01,1.910845460977e+02,-2.953916421921e-04,-3.219768899893e-02,0.000000000000e+00,3.020558376480e+03,3.023581088485e+03,0.000000000000e+00,0.000000000000e+00,0.000000000000e+00,0.000000000000e+00,1.638165654128e-03,1.785600562999e-01,2.731102079392e+02,2.658544006348e+02,0.000000000000e+00,3.222222222222e-01,3.020558376480e+03,5.550359904752e+04,1.090000000000e+02
2.469000000000e+03,1.034200367883e+08,4.626461327858e+01,2.923081222716e+05,2.495216320291e-01,1.936323659167e+02,-2.845164349810e-04,-3.101229141293e-02,0.000000000000e+00,2.987186916661e+03,2.991986032316e+03,0.000000000000e+00,0.000000000000e+00,0.000000000000e+00,0.000000000000e+00,1.571201121309e-03,1.712609222226e-01,2.730990845643e+02,2.650914611816e+02,0.000000000000e+00,3.303703703703e-01,2.987186916661e+03,5.550357275774e+04,1.090000000000e+02
2.470000000000e+03,1.034170792804e+08,5.197208710558e+01,3.018933053241e+05,2.546686286262e-01,1.959404103308e+02,-2.723553418698e-04,-2.968673226381e-02,0.000000000000e+00,2.951800587867e+03,2.957508061689e+03,0.000000000000e+00,0.000000000000e+00,0.000000000000e+00,0.000000000000e+00,1.312023461825e-03,1.430105573389e-01,2.730888667866e+02,2.644819641113e+02,0.000000000000e+00,3.390740740741e-01,2.951800587867e+03,5.550354848517e+04,1.090000000000e+02
2.471000000000e+03,1.034141515539e+08,5.787428827663e+01,3.109674346108e+05,2.593794016777e-01,1.981645744804e+02,-2.533939176887e-04,-2.761993702807e-02,0.000000000000e+00,2.921823471160e+03,2.927725672326e+03,0.000000000000e+00,0.000000000000e+00,0.000000000000e+00,0.000000000000e+00,1.246509120972e-03,1.358694941860e-01,2.730803261014e+02,2.644597473145e+02,0.000000000000e+00,3.476851851852e-01,2.921823471160e+03,5.550352810586e+04,1.090000000000e+02
2.472000000000e+03,1.034112474631e+08,6.355206946354e+01,3.213182908633e+05,2.652998745204e-01,2.001914618056e+02,-2.637262308184e-04,-2.874615915921e-02,0.000000000000e+00,2.898413052358e+03,2.904090833550e+03,0.000000000000e+00,0.000000000000e+00,0.000000000000e+00,0.000000000000e+00,1.447207601279e-03,1.577456285394e-01,2.730734486485e+02,2.643859558105e+02,0.000000000000e+00,3.558333333333e-01,2.898413052358e+03,5.550351163501e+04,1.090000000000e+02
2.473000000000e+03,1.034083658494e+08,7.194417847813e+01,3.316018580984e+05,2.710698864880e-01,2.022010645663e+02,-2.656886193719e-04,-2.896005951154e-02,0.000000000000e+00,2.873221636279e+03,2.881613745297e+03,0.000000000000e+00,0.000000000000e+00,0.000000000000e+00,0.000000000000e+00,1.434135493534e-03,1.563207687953e-01,2.730614907617e+02,2.635574340820e+02,0.000000000000e+00,3.653703703704e-01,2.873221636279e+03,5.550348287121e+04,1.090000000000e+02
2.474000000000e+03,1.034055137294e+08,8.416031052819e+01,3.401782501097e+05,2.754682928737e-01,2.041189154204e+02,-2.464270906645e-04,-2.686055288243e-02,0.000000000000e+00,2.839903537179e+03,2.852119669234e+03,0.000000000000e+00,0.000000000000e+00,0.000000000000e+00,0.000000000000e+00,1.171219580668e-03,1.276629342928e-01,2.730481980374e+02,2.634318237305e+02,0.000000000000e+00,3.740740740741e-01,2.839903537179e+03,5.550345070639e+04,1.090000000000e+02
2.475000000000e+03,1.034026867683e+08,9.883057857403e+01,3.487549013505e+05,2.794572365604e-01,2.062784367529e+02,-2.308507244658e-04,-2.516272896677e-02,0.000000000000e+00,2.812290602412e+03,2.826960870462e+03,0.000000000000e+00,0.000000000000e+00,0.000000000000e+00,0.000000000000e+00,1.186833411472e-03,1.293648418504e-01,2.730352968462e+02,2.631764831543e+02,0.000000000000e+00,3.827777777778e-01,2.812290602412e+03,5.550341929625e+04,1.090000000000e+02
2.476000000000e+03,1.033998805940e+08,1.143888635397e+02,3.584653644784e+05,2.846937189817e-01,2.081223212553e+02,-2.255818250519e-04,-2.458841893066e-02,0.000000000000e+00,2.790616336098e+03,2.806174621066e+03,0.000000000000e+00,0.000000000000e+00,0.000000000000e+00,0.000000000000e+00,1.379509895355e-03,1.503665785937e-01,2.730251000487e+02,2.627090454102e+02,0.000000000000e+00,3.918518518518e-01,2.790616336098e+03,5.550339433577e+04,1.090000000000e+02
2.477000000000e+03,1.033970958440e+08,1.359534017618e+02,3.666728983935e+05,2.884881604903e-01,2.100877911276e+02,-2.120232324569e-04,-2.311053233780e-02,0.000000000000e+00,2.763184978953e+03,2.784749517179e+03,0.000000000000e+00,0.000000000000e+00,0.000000000000e+00,0.000000000000e+00,1.144675289533e-03,1.247696065591e-01,2.730039542433e+02,2.621520385742e+02,0.000000000000e+00,4.004629629630e-01,2.763184978953e+03,5.550334219964e+04,1.090000000000e+02
2.478000000000e+03,1.033943426101e+08,1.672081649198e+02,3.735175093851e+05,2.909920020197e-01,2.121683430589e+02,-1.941450370762e-04,-2.116180904131e-02,0.000000000000e+00,2.721980222428e+03,2.753234985590e+03,0.000000000000e+00,0.000000000000e+00,0.000000000000e+00,0.000000000000e+00,9.372842088504e-04,1.021639787647e-01,2.729802544115e+02,2.611498107910e+02,0.000000000000e+00,4.101851851852e-01,2.721980222428e+03,5.550328316339e+04,1.090000000000e+02
2.479000000000e+03,1.033916111600e+08,1.981305918142e+02,3.822971343864e+05,2.954203656852e-01,2.139004458860e+02,-2.101156767698e-04,-2.290260876790e-02,0.000000000000e+00,2.700527650618e+03,2.731450077516e+03,0.000000000000e+00,0.000000000000e+00,0.000000000000e+00,0.000000000000e+00,1.241126759368e-03,1.352828167711e-01,2.729701066699e+02,2.612925415039e+02,0.000000000000e+00,4.177777777778e-01,2.700527650618e+03,5.550325768681e+04,1.090000000000e+02
2.480000000000e+03,1.033888879630e+08,2.303414149105e+02,3.903768583656e+05,2.991620468982e-01,2.156895852922e+02,-2.185741967847e-04,-2.382458744953e-02,0.000000000000e+00,2.690987510568e+03,2.723198333667e+03,0.000000000000e+00,0.000000000000e+00,0.000000000000e+00,0.000000000000e+00,1.117001547742e-03,1.217531687038e-01,2.729528703997e+02,2.609349670410e+02,0.000000000000e+00,4.258333333333e-01,2.690987510568e+03,5.550321414644e+04,1.090000000000e+02
2.481000000000e+03,1.033861818621e+08,2.717063872389e+02,3.969102166083e+05,3.014687199532e-01,2.176217570759e+02,-1.965682800462e-04,-2.142594252504e-02,0.000000000000e+00,2.664735950688e+03,2.706100923022e+03,0.000000000000e+00,0.000000000000e+00,0.000000000000e+00,0.000000000000e+00,8.834310565805e-04,9.629398516728e-02,2.729268107463e+02,2.602474670410e+02,0.000000000000e+00,4.335277777778e-01,2.664735950688e+03,5.550314767960e+04,1.090000000000e+02
2.482000000000e+03,1.033834945393e+08,3.183355930256e+02,4.054418542570e+05,3.057298409367e-01,2.192015394354e+02,-1.882618733298e-04,-2.052054419295e-02,0.000000000000e+00,2.640693956803e+03,2.687323162591e+03,0.000000000000e+00,0.000000000000e+00,0.000000000000e+00,0.000000000000e+00,1.222025627213e-03,1.332007933662e-01,2.729070595593e+02,2.592016906738e+02,0.000000000000e+00,4.408615740741e-01,2.640693956803e+03,5.550309679037e+04,1.090000000000e+02
2.483000000000e+03,1.033808180255e+08,3.680993239146e+02,4.129536029874e+05,3.089297875657e-01,2.209504528154e+02,-1.821582413410e-04,-1.985524830617e-02,0.000000000000e+00,2.626750930357e+03,2.676514661248e+03,0.000000000000e+00,0.000000000000e+00,0.000000000000e+00,0.000000000000e+00,1.059556880626e-03,1.154916999882e-01,2.728862300247e+02,2.587669372559e+02,0.000000000000e+00,4.478152777778e-01,2.626750930357e+03,5.550304264021e+04,1.090000000000e+02
2.484000000000e+03,1.033781525392e+08,4.214046264896e+02,4.191612906228e+05,3.110118713191e-01,2.227707186944e+02,-1.823551667540e-04,-1.987671317619e-02,0.000000000000e+00,2.612181614017e+03,2.665486916594e+03,0.000000000000e+00,0.000000000000e+00,0.000000000000e+00,0.000000000000e+00,8.438016358291e-04,9.197437830538e-02,2.728691202291e+02,2.591825561523e+02,0.000000000000e+00,4.552708564815e-01,2.612181614017e+03,5.550299778504e+04,1.090000000000e+02
2.485000000000e+03,1.033754963961e+08,4.766673820066e+02,4.264866818381e+05,3.141613973645e-01,2.243918162197e+02,-1.889825622565e-04,-2.059909928596e-02,0.000000000000e+00,2.600881911273e+03,2.656144666793e+03,0.000000000000e+00,0.000000000000e+00,0.000000000000e+00,0.000000000000e+00,1.021922023840e-03,1.113895005986e-01,2.728531055729e+02,2.589403686523e+02,0.000000000000e+00,4.610607650463e-01,2.600881911273e+03,5.550295549531e+04,1.090000000000e+02
2.486000000000e+03,1.033728541365e+08,5.373734504523e+02,4.345927348145e+05,3.180505295163e-01,2.258610334016e+02,-1.855744569547e-04,-2.022761580807e-02,0.000000000000e+00,2.581553644202e+03,2.642259712648e+03,0.000000000000e+00,0.000000000000e+00,0.000000000000e+00,0.000000000000e+00,1.154387530924e-03,1.258282408707e-01,2.728294915529e+02,2.588750610352e+02,0.000000000000e+00,4.682385659722e-01,2.581553644202e+03,5.550289260029e+04,1.090000000000e+02
2.487000000000e+03,1.033708023937e+08,7.070916108548e+02,4.418920889561e+05,3.211592571318e-01,2.274319294618e+02,-1.745429012763e-04,-1.902517623912e-02,0.000000000000e+00,1.882024280539e+03,2.051742440942e+03,0.000000000000e+00,0.000000000000e+00,0.000000000000e+00,0.000000000000e+00,1.032110516450e-03,1.125000462931e-01,2.728026830551e+02,2.585750122070e+02,0.000000000000e+00,4.703759340856e-01,1.882024280539e+03,5.550281985977e+04,1.090000000000e+02
2.488000000000e+03,1.033687564459e+08,9.070020207598e+02,4.483156515461e+05,3.235220808703e-01,2.290530516111e+02,-1.728968102697e-04,-1.884575231939e-02,0.000000000000e+00,1.846035180904e+03,2.045945590810e+03,0.000000000000e+00,0.000000000000e+00,0.000000000000e+00,0.000000000000e+00,8.889423576788e-04,9.689471698699e-02,2.727860417895e+02,2.581688537598e+02,0.000000000000e+00,4.740352164930e-01,1.846035180904e+03,5.550277462925e+04,1.090000000000e+02
2.489000000000e+03,1.033665393836e+08,1.069172743650e+03,4.547174868193e+05,3.258796123386e-01,2.306431967141e+02,-1.873327283582e-04,-2.041926739104e-02,0.000000000000e+00,2.054893794549e+03,2.217064517441e+03,0.000000000000e+00,0.000000000000e+00,0.000000000000e+00,0.000000000000e+00,8.708562005582e-04,9.492332586084e-02,2.727869146375e+02,2.584033508301e+02,0.000000000000e+00,4.786429726881e-01,2.054893794549e+03,5.550277702980e+04,1.090000000000e+02
2.490000000000e+03,1.033642560132e+08,1.218968693621e+03,4.610734607801e+05,3.282280403999e-01,2.321939525634e+02,-1.983464071701e-04,-2.161975838154e-02,0.000000000000e+00,2.133576816530e+03,2.283372766505e+03,0.000000000000e+00,0.000000000000e+00,0.000000000000e+00,0.000000000000e+00,8.522962646303e-04,9.290029284470e-02,2.727781727854e+02,2.589501037598e+02,0.000000000000e+00,4.827652180585e-01,2.133576816530e+03,5.550275314026e+04,1.090000000000e+02
2.491000000000e+03,1.033619469423e+08,1.372724485001e+03,4.697132095215e+05,3.326356873932e-01,2.334107658614e+02,-1.908546164162e-04,-2.080315318937e-02,0.000000000000e+00,2.155315945116e+03,2.309071736496e+03,0.000000000000e+00,0.000000000000e+00,0.000000000000e+00,0.000000000000e+00,1.237324894664e-03,1.348684135183e-01,2.727594165326e+02,2.585108337402e+02,0.000000000000e+00,4.877788250262e-01,2.155315945116e+03,5.550270156432e+04,1.090000000000e+02
2.492000000000e+03,1.033597681741e+08,1.548538662650e+03,4.787973671129e+05,3.373967270296e-01,2.345675625533e+02,-1.868176427096e-04,-2.036312305535e-02,0.000000000000e+00,2.002956859960e+03,2.178771037609e+03,0.000000000000e+00,0.000000000000e+00,0.000000000000e+00,0.000000000000e+00,1.314627252097e-03,1.432943704786e-01,2.727583701065e+02,2.590639648437e+02,0.000000000000e+00,4.903479234058e-01,2.002956859960e+03,5.550269790709e+04,1.090000000000e+02
2.493000000000e+03,1.033578784184e+08,1.884408077010e+03,4.856047595073e+05,3.401500357951e-01,2.359772170067e+02,-1.804500836532e-04,-1.966905911820e-02,0.000000000000e+00,1.553882464412e+03,1.889751878771e+03,0.000000000000e+00,0.000000000000e+00,0.000000000000e+00,0.000000000000e+00,9.448732951887e-04,1.029911891756e-01,2.727344832111e+02,2.579129638672e+02,0.000000000000e+00,4.936170776780e-01,1.553882464412e+03,5.550263160652e+04,1.090000000000e+02
2.494000000000e+03,1.033558363703e+08,2.157393552953e+03,4.913236740086e+05,3.419550101124e-01,2.374962540818e+02,-1.593814665830e-04,-1.737257985755e-02,0.000000000000e+00,1.769061263028e+03,2.042046738970e+03,0.000000000000e+00,0.000000000000e+00,0.000000000000e+00,0.000000000000e+00,7.859842100548e-04,8.567227889597e-02,2.727201768238e+02,2.584201660156e+02,0.000000000000e+00,4.963713612428e-01,1.769061263028e+03,5.550259155165e+04,1.090000000000e+02
2.495000000000e+03,1.033537489322e+08,2.415913005493e+03,4.971503867332e+05,3.438870929771e-01,2.389628098977e+02,-1.453825535567e-04,-1.584669833768e-02,0.000000000000e+00,1.828918287186e+03,2.087437739725e+03,0.000000000000e+00,0.000000000000e+00,0.000000000000e+00,0.000000000000e+00,8.178025714492e-04,8.914048028796e-02,2.727065646013e+02,2.589536132812e+02,0.000000000000e+00,5.017284871174e-01,1.828918287186e+03,5.550255320123e+04,1.090000000000e+02
2.496000000000e+03,1.033516404119e+08,2.671443027160e+03,5.037481663605e+05,3.465205133725e-01,2.402942097545e+02,-1.608688166549e-04,-1.753470101539e-02,0.000000000000e+00,1.852989611121e+03,2.108519632787e+03,0.000000000000e+00,0.000000000000e+00,0.000000000000e+00,0.000000000000e+00,9.297730043154e-04,1.013452574704e-01,2.726929261021e+02,2.585171508789e+02,0.000000000000e+00,5.062931931938e-01,1.852989611121e+03,5.550251454514e+04,1.090000000000e+02
2.497000000000e+03,1.033496659382e+08,3.101178624513e+03,5.100618018598e+05,3.488976882911e-01,2.416484804055e+02,-1.619942276063e-04,-1.765737080909e-02,0.000000000000e+00,1.544737556898e+03,1.974473154249e+03,0.000000000000e+00,0.000000000000e+00,0.000000000000e+00,0.000000000000e+00,8.817281566051e-04,9.610836906996e-02,2.726699948445e+02,2.571536254883e+02,0.000000000000e+00,5.093889855474e-01,1.544737556898e+03,5.550244804250e+04,1.090000000000e+02
2.498000000000e+03,1.033476799104e+08,3.531444690014e+03,5.161743874987e+05,3.511271719081e-01,2.429922126169e+02,-1.342959377711e-04,-1.463825721705e-02,0.000000000000e+00,1.555759774808e+03,1.986025840307e+03,0.000000000000e+00,0.000000000000e+00,0.000000000000e+00,0.000000000000e+00,8.762694208512e-04,9.551336687278e-02,2.726291512535e+02,2.567618103027e+02,0.000000000000e+00,5.141092648905e-01,1.555759774808e+03,5.550232970965e+04,1.090000000000e+02
2.499000000000e+03,1.033456780654e+08,3.991192925373e+03,5.222848876632e+05,3.533713260913e-01,2.443081714206e+02,-1.201397978818e-04,-1.309523796911e-02,0.000000000000e+00,1.542095974886e+03,2.001844210245e+03,0.000000000000e+00,0.000000000000e+00,0.000000000000e+00,0.000000000000e+00,8.901898612936e-04,9.703069488101e-02,2.725669286175e+02,2.555773773193e+02,0.000000000000e+00,5.190032682363e-01,1.542095974886e+03,5.550214550946e+04,1.090000000000e+02
2.500000000000e+03,1.033437151318e+08,4.566046043901e+03,5.273187328364e+05,3.547171394738e-01,2.457273542433e+02,-1.138774605564e-04,-1.241264320064e-02,0.000000000000e+00,1.388080613222e+03,1.962933731749e+03,0.000000000000e+00,0.000000000000e+00,0.000000000000e+00,0.000000000000e+00,7.183225708902e-04,7.829716022703e-02,2.725425916015e+02,2.548891906738e+02,0.000000000000e+00,5.237517883202e-01,1.388080613222e+03,5.550207036509e+04,1.090000000000e+02
2.501000000000e+03,1.033417991767e+08,5.212251020848e+03,5.315525040540e+05,3.554269209802e-01,2.472058823351e+02,-1.131690895421e-04,-1.233543076009e-02,0.000000000000e+00,1.269750848602e+03,1.915955825542e+03,0.000000000000e+00,0.000000000000e+00,0.000000000000e+00,0.000000000000e+00,5.867460861795e-04,6.395532339357e-02,2.725246635152e+02,2.553917236328e+02,0.000000000000e+00,5.282175686365e-01,1.269750848602e+03,5.550201589799e+04,1.090000000000e+02
2.502000000000e+03,1.033398614126e+08,5.778754543556e+03,5.356043086574e+05,3.560208992001e-01,2.486746255400e+02,-1.087315066300e-04,-1.185173422267e-02,0.000000000000e+00,1.371261050323e+03,1.937764573027e+03,0.000000000000e+00,0.000000000000e+00,0.000000000000e+00,0.000000000000e+00,5.609996987281e-04,6.114896716136e-02,2.725285295511e+02,2.556392517090e+02,0.000000000000e+00,5.327727110696e-01,1.371261050323e+03,5.550202771325e+04,1.090000000000e+02
2.503000000000e+03,1.033379415883e+08,6.344627888610e+03,5.401535738163e+05,3.570518415698e-01,2.500625526788e+02,-9.321190932063e-05,-1.016009811595e-02,0.000000000000e+00,1.353951554692e+03,1.919824899743e+03,0.000000000000e+00,0.000000000000e+00,0.000000000000e+00,0.000000000000e+00,6.587230001377e-04,7.180080701501e-02,2.725401243843e+02,2.564550170898e+02,0.000000000000e+00,5.369796145343e-01,1.353951554692e+03,5.550206120496e+04,1.090000000000e+02
2.504000000000e+03,1.033360966441e+08,7.059792108746e+03,5.459057113865e+05,3.591243225259e-01,2.512671046474e+02,-1.121532779532e-04,-1.222470729690e-02,0.000000000000e+00,1.129777076862e+03,1.844941296994e+03,0.000000000000e+00,0.000000000000e+00,0.000000000000e+00,0.000000000000e+00,8.386753330306e-04,9.141561130034e-02,2.725362098669e+02,2.569036560059e+02,0.000000000000e+00,5.412169021786e-01,1.129777076862e+03,5.550204946432e+04,1.090000000000e+02
2.505000000000e+03,1.033342286829e+08,7.714358636520e+03,5.527461882862e+05,3.620931839252e-01,2.523300620599e+02,-1.475556591845e-04,-1.608356685111e-02,0.000000000000e+00,1.213397075199e+03,1.867963602971e+03,0.000000000000e+00,0.000000000000e+00,0.000000000000e+00,0.000000000000e+00,9.833059923356e-04,1.071803531646e-01,2.725057708502e+02,2.563990478516e+02,0.000000000000e+00,5.460245902031e-01,1.213397075199e+03,5.550195624016e+04,1.090000000000e+02
2.506000000000e+03,1.033323657261e+08,8.418962424295e+03,5.589545544151e+05,3.645302026912e-01,2.534592753637e+02,-1.630505866385e-04,-1.777251394360e-02,0.000000000000e+00,1.158354747861e+03,1.862958535631e+03,0.000000000000e+00,0.000000000000e+00,0.000000000000e+00,0.000000000000e+00,8.635113567695e-04,9.412273788788e-02,2.724411395595e+02,2.548158111572e+02,0.000000000000e+00,5.509222275469e-01,1.158354747861e+03,5.550175446565e+04,1.090000000000e+02
2.507000000000e+03,1.033305961739e+08,9.416533937528e+03,5.645774642760e+05,3.665224773555e-01,2.546182852653e+02,-1.456483034307e-04,-1.587566507395e-02,0.000000000000e+00,7.719803850795e+02,1.769551898307e+03,0.000000000000e+00,0.000000000000e+00,0.000000000000e+00,0.000000000000e+00,7.841228765306e-04,8.546939354184e-02,2.723850903432e+02,2.542895660400e+02,0.000000000000e+00,5.565757634287e-01,7.719803850795e+02,5.550157306285e+04,1.090000000000e+02
2.508000000000e+03,1.033288008573e+08,1.029441338869e+04,5.699855258343e+05,3.683385883539e-01,2.557905215805e+02,-1.229365421424e-04,-1.340008309352e-02,0.000000000000e+00,9.174367700732e+02,1.795316221233e+03,0.000000000000e+00,0.000000000000e+00,0.000000000000e+00,0.000000000000e+00,7.712548217625e-04,8.406677557211e-02,2.723403317929e+02,2.535805053711e+02,0.000000000000e+00,5.616852555841e-01,9.174367700732e+02,5.550142734043e+04,1.090000000000e+02
2.509000000000e+03,1.033270468261e+08,1.130697785488e+04,5.748904570926e+05,3.697481641675e-01,2.570084631622e+02,-1.070234421485e-04,-1.166555519419e-02,0.000000000000e+00,7.414657670562e+02,1.754030233244e+03,0.000000000000e+00,0.000000000000e+00,0.000000000000e+00,0.000000000000e+00,7.038655664416e-04,7.672134674214e-02,2.723226680360e+02,2.533937225342e+02,0.000000000000e+00,5.675048826766e-01,7.414657670562e+02,5.550136622312e+04,1.090000000000e+02
2.510000000000e+03,1.033253050987e+08,1.227763708369e+04,5.805479680775e+05,3.717979872298e-01,2.581070612975e+02,-8.928419821477e-05,-9.731977605410e-03,0.000000000000e+00,7.710690015073e+02,1.741728230318e+03,0.000000000000e+00,0.000000000000e+00,0.000000000000e+00,0.000000000000e+00,8.459876660272e-04,9.221265559697e-02,2.723061042024e+02,2.537482757568e+02,0.000000000000e+00,5.720334628213e-01,7.710690015073e+02,5.550131162728e+04,1.090000000000e+02
2.511000000000e+03,1.033235721161e+08,1.324153760608e+04,5.862260354108e+05,3.738566684454e-01,2.591969314286e+02,-8.622347851276e-05,-9.398359157891e-03,0.000000000000e+00,7.690804634878e+02,1.732980985877e+03,0.000000000000e+00,0.000000000000e+00,0.000000000000e+00,0.000000000000e+00,8.525892382520e-04,9.293222696946e-02,2.722672241805e+02,2.536108703613e+02,0.000000000000e+00,5.779322368262e-01,7.690804634878e+02,5.550117848829e+04,1.090000000000e+02
2.512000000000e+03,1.033218824104e+08,1.438134182739e+04,5.905083415350e+05,3.748269533931e-01,2.604152729240e+02,-1.034916888474e-04,-1.128059408436e-02,0.000000000000e+00,5.499022620571e+02,1.689706483364e+03,0.000000000000e+00,0.000000000000e+00,0.000000000000e+00,0.000000000000e+00,6.046612338931e-04,6.590807449435e-02,2.722179346746e+02,2.532135467529e+02,0.000000000000e+00,5.845844968617e-01,5.499022620571e+02,5.550101078977e+04,1.090000000000e+02
2.513000000000e+03,1.033201881925e+08,1.539699123986e+04,5.949248310945e+05,3.759167493810e-01,2.616026298064e+02,-1.171197595630e-04,-1.276605379237e-02,0.000000000000e+00,6.785725369182e+02,1.694221949393e+03,0.000000000000e+00,0.000000000000e+00,0.000000000000e+00,0.000000000000e+00,6.130172684404e-04,6.681888226001e-02,2.722018262596e+02,2.543534698486e+02,0.000000000000e+00,5.897850446043e-01,6.785725369182e+02,5.550095581921e+04,1.090000000000e+02
2.514000000000e+03,1.033185588736e+08,1.656258796292e+04,6.000243693865e+05,3.775689877251e-01,2.626900446144e+02,-1.238841055894e-04,-1.350336750924e-02,0.000000000000e+00,4.637245461847e+02,1.629321269242e+03,0.000000000000e+00,0.000000000000e+00,0.000000000000e+00,0.000000000000e+00,7.189191726316e-04,7.836218981684e-02,2.722276401941e+02,2.540127410889e+02,0.000000000000e+00,5.957303529691e-01,4.637245461847e+02,5.550104174992e+04,1.090000000000e+02
2.515000000000e+03,1.033169256397e+08,1.762341043017e+04,6.051415522719e+05,3.792337480830e-01,2.637677083994e+02,-1.431373579460e-04,-1.560197201612e-02,0.000000000000e+00,5.724143090324e+02,1.633236776286e+03,0.000000000000e+00,0.000000000000e+00,0.000000000000e+00,0.000000000000e+00,7.028619571366e-04,7.661195332789e-02,2.722065939850e+02,2.534426269531e+02,0.000000000000e+00,6.016521683623e-01,5.724143090324e+02,5.550096992137e+04,1.090000000000e+02
2.516000000000e+03,1.033153125418e+08,1.885197542141e+04,6.110624642078e+05,3.815589148887e-01,2.647263785315e+02,-1.498583093827e-04,-1.633455572271e-02,0.000000000000e+00,3.845324123438e+02,1.613097403579e+03,0.000000000000e+00,0.000000000000e+00,0.000000000000e+00,0.000000000000e+00,8.292346963278e-04,9.038658189973e-02,2.721504036159e+02,2.525922546387e+02,0.000000000000e+00,6.089240210692e-01,3.845324123438e+02,5.550077053898e+04,1.090000000000e+02
2.517000000000e+03,1.033137029143e+08,2.012913558284e+04,6.171874294639e+05,3.840293966602e-01,2.656606747411e+02,-1.286878538384e-04,-1.402697606839e-02,0.000000000000e+00,3.324686397597e+02,1.609628801196e+03,0.000000000000e+00,0.000000000000e+00,0.000000000000e+00,0.000000000000e+00,8.841078822954e-04,9.636775917020e-02,2.720992474046e+02,2.525356140137e+02,0.000000000000e+00,6.155111851488e-01,3.324686397597e+02,5.550058818473e+04,1.090000000000e+02
2.518000000000e+03,1.033121048486e+08,2.145420467876e+04,6.227481707581e+05,3.860619780169e-01,2.666437535946e+02,-1.091107980006e-04,-1.189307698206e-02,0.000000000000e+00,2.729979452359e+02,1.598067041152e+03,0.000000000000e+00,0.000000000000e+00,0.000000000000e+00,0.000000000000e+00,8.103975879907e-04,8.833333709099e-02,2.720542243385e+02,2.526210479736e+02,0.000000000000e+00,6.224180419038e-01,2.729979452359e+02,5.550042318949e+04,1.090000000000e+02
2.519000000000e+03,1.033105277852e+08,2.275282311537e+04,6.274987887034e+05,3.874573600293e-01,2.677104363471e+02,-1.029735703056e-04,-1.122411916331e-02,0.000000000000e+00,2.784447996548e+02,1.577063236265e+03,0.000000000000e+00,0.000000000000e+00,0.000000000000e+00,0.000000000000e+00,6.823886944633e-04,7.438036769649e-02,2.720433216178e+02,2.526845245361e+02,0.000000000000e+00,6.295402781498e-01,2.784447996548e+02,5.550038273575e+04,1.090000000000e+02
2.520000000000e+03,1.033089764598e+08,2.393829094053e+04,6.318562806638e+05,3.885644373780e-01,2.688013464344e+02,-1.071480948387e-04,-1.167914233741e-02,0.000000000000e+00,3.658598107322e+02,1.551327635898e+03,0.000000000000e+00,0.000000000000e+00,0.000000000000e+00,0.000000000000e+00,6.131136980437e-04,6.682939308677e-02,2.720485154689e+02,2.531290130615e+02,0.000000000000e+00,6.368547499757e-01,3.658598107322e+02,5.550040369794e+04,1.090000000000e+02
2.521000000000e+03,1.033074725586e+08,2.522884895621e+04,6.364935233421e+05,3.899354815837e-01,2.698225994349e+02,-1.178476048866e-04,-1.284538893264e-02,0.000000000000e+00,2.133447995447e+02,1.503902815217e+03,0.000000000000e+00,0.000000000000e+00,0.000000000000e+00,0.000000000000e+00,6.489089271489e-04,7.073107305923e-02,2.720182138221e+02,2.527994995117e+02,0.000000000000e+00,6.432491971182e-01,2.133447995447e+02,5.550029083938e+04,1.090000000000e+02
2.522000000000e+03,1.033059736916e+08,2.647200824021e+04,6.414298375471e+05,3.915441864457e-01,2.707990994747e+02,-1.232118484573e-04,-1.343009148185e-02,0.000000000000e+00,2.557068482476e+02,1.498866132249e+03,0.000000000000e+00,0.000000000000e+00,0.000000000000e+00,0.000000000000e+00,6.931942378636e-04,7.555817192713e-02,2.719588247196e+02,2.526025085449e+02,0.000000000000e+00,6.507372908169e-01,2.557068482476e+02,5.550007002285e+04,1.090000000000e+02
2.523000000000e+03,1.033045551969e+08,2.771396699543e+04,6.465894935578e+05,3.932899983007e-01,2.717662315664e+02,-1.320410418721e-04,-1.439247356406e-02,0.000000000000e+00,1.765363989745e+02,1.418495154197e+03,0.000000000000e+00,0.000000000000e+00,0.000000000000e+00,0.000000000000e+00,7.210836531615e-04,7.859811819460e-02,2.719286477398e+02,2.523730163574e+02,0.000000000000e+00,6.577619351714e-01,1.765363989745e+02,5.549995597923e+04,1.090000000000e+02
2.524000000000e+03,1.033031371886e+08,2.895198875194e+04,6.514712627208e+05,3.948507960155e-01,2.727357236392e+02,-1.260554190183e-04,-1.374004067299e-02,0.000000000000e+00,1.799862329592e+02,1.418007989472e+03,0.000000000000e+00,0.000000000000e+00,0.000000000000e+00,0.000000000000e+00,6.809201231243e-04,7.422029342055e-02,2.719283706834e+02,2.532419433594e+02,0.000000000000e+00,6.655369723890e-01,1.799862329592e+02,5.549995454781e+04,1.090000000000e+02
2.525000000000e+03,1.033017260973e+08,3.019623023264e+04,6.560798558605e+05,3.962132057462e-01,2.737222316415e+02,-1.006699659258e-04,-1.097302628591e-02,0.000000000000e+00,1.668503917023e+02,1.411091872399e+03,0.000000000000e+00,0.000000000000e+00,0.000000000000e+00,0.000000000000e+00,6.617713965804e-04,7.213308222727e-02,2.718450701495e+02,2.523300018311e+02,0.000000000000e+00,6.733385291533e-01,1.668503917023e+02,5.549963337856e+04,1.090000000000e+02
2.526000000000e+03,1.033003715568e+08,3.139918895516e+04,6.604473209278e+05,3.974274745639e-01,2.747035626846e+02,-8.934357159961e-05,-9.738449304357e-03,0.000000000000e+00,1.515817028549e+02,1.354540425375e+03,0.000000000000e+00,0.000000000000e+00,0.000000000000e+00,0.000000000000e+00,6.330351569153e-04,6.900083210377e-02,2.717905429329e+02,2.516966857910e+02,0.000000000000e+00,6.806993846651e-01,1.515817028549e+02,5.549942098798e+04,1.090000000000e+02
2.527000000000e+03,1.032990102152e+08,3.260046166080e+04,6.649741586731e+05,3.987912009257e-01,2.756408475359e+02,-1.081880178416e-04,-1.179249394474e-02,0.000000000000e+00,1.600697228044e+02,1.361342428448e+03,0.000000000000e+00,0.000000000000e+00,0.000000000000e+00,0.000000000000e+00,6.402109988375e-04,6.978299887329e-02,2.717790177081e+02,2.519540557861e+02,0.000000000000e+00,6.889638073641e-01,1.600697228044e+02,5.549937474830e+04,1.090000000000e+02
2.528000000000e+03,1.032976561121e+08,3.379294622487e+04,6.689891272170e+05,3.996654337517e-01,2.766990359251e+02,-1.152559891938e-04,-1.256290282212e-02,0.000000000000e+00,1.616196541000e+02,1.354104218170e+03,0.000000000000e+00,0.000000000000e+00,0.000000000000e+00,0.000000000000e+00,5.486378995770e-04,5.980153105389e-02,2.717541655534e+02,2.524174652100e+02,0.000000000000e+00,6.972760585835e-01,1.616196541000e+02,5.549927483567e+04,1.090000000000e+02
2.529000000000e+03,1.032963180675e+08,3.495710749153e+04,6.735474989028e+05,4.010262738562e-01,2.776383889388e+02,-1.229496567327e-04,-1.340151258386e-02,0.000000000000e+00,1.738842691522e+02,1.338045535807e+03,0.000000000000e+00,0.000000000000e+00,0.000000000000e+00,0.000000000000e+00,6.302953752360e-04,6.870219590073e-02,2.717887505156e+02,2.536688690186e+02,0.000000000000e+00,7.061606783812e-01,1.738842691522e+02,5.549941232903e+04,1.090000000000e+02
2.530000000000e+03,1.032950004565e+08,3.608750779045e+04,6.794459715483e+05,4.033942298006e-01,2.784254971215e+02,-1.485569104473e-04,-1.619270323875e-02,0.000000000000e+00,1.872111398236e+02,1.317611438743e+03,0.000000000000e+00,0.000000000000e+00,0.000000000000e+00,0.000000000000e+00,8.263932572195e-04,9.007686503692e-02,2.718008479302e+02,2.541053009033e+02,0.000000000000e+00,7.140265169834e-01,1.872111398236e+02,5.549946000697e+04,1.090000000000e+02
2.531000000000e+03,1.032936975023e+08,3.720620388416e+04,6.852291272708e+05,4.057043750032e-01,2.791966768499e+02,-1.385982514119e-04,-1.510720940389e-02,0.000000000000e+00,1.842579914013e+02,1.302954085114e+03,0.000000000000e+00,0.000000000000e+00,0.000000000000e+00,0.000000000000e+00,8.174743865041e-04,8.910470812894e-02,2.717897296386e+02,2.542877807617e+02,0.000000000000e+00,7.238300217763e-01,1.842579914013e+02,5.549941560158e+04,1.090000000000e+02
2.532000000000e+03,1.032924126007e+08,3.830341454135e+04,6.899847972097e+05,4.071898916465e-01,2.801085926199e+02,-1.109141271374e-04,-1.208963985798e-02,0.000000000000e+00,1.876903301948e+02,1.284900987384e+03,0.000000000000e+00,0.000000000000e+00,0.000000000000e+00,0.000000000000e+00,6.751550168963e-04,7.359189684170e-02,2.717975009795e+02,2.553469085693e+02,0.000000000000e+00,7.328995658298e-01,1.876903301948e+02,5.549944598147e+04,1.090000000000e+02
2.533000000000e+03,1.032911428374e+08,3.939244651962e+04,6.938351625772e+05,4.080463906129e-01,2.810813391649e+02,-1.095570599000e-04,-1.194171952910e-02,0.000000000000e+00,1.807307871957e+02,1.269762765468e+03,0.000000000000e+00,0.000000000000e+00,0.000000000000e+00,0.000000000000e+00,5.272797181998e-04,5.747348928378e-02,2.717547934900e+02,2.539951934814e+02,0.000000000000e+00,7.414649771226e-01,1.807307871957e+02,5.549927529303e+04,1.090000000000e+02
2.534000000000e+03,1.032898827787e+08,4.049154240336e+04,6.978119974147e+05,4.090207243711e-01,2.820203256555e+02,-1.108764369355e-04,-1.208553162597e-02,0.000000000000e+00,1.609642492789e+02,1.260060133019e+03,0.000000000000e+00,0.000000000000e+00,0.000000000000e+00,0.000000000000e+00,5.470533287538e-04,5.962881283416e-02,2.716910801564e+02,2.536811370850e+02,0.000000000000e+00,7.527629687308e-01,1.609642492789e+02,5.549901630345e+04,1.090000000000e+02
2.535000000000e+03,1.032886358889e+08,4.158939721620e+04,7.022434893310e+05,4.103366736561e-01,2.829023166436e+02,-1.043137372936e-04,-1.137019736500e-02,0.000000000000e+00,1.490363331424e+02,1.246891145985e+03,0.000000000000e+00,0.000000000000e+00,0.000000000000e+00,0.000000000000e+00,6.287224515401e-04,6.853074721787e-02,2.716352844014e+02,2.542044982910e+02,0.000000000000e+00,7.629078867924e-01,1.490363331424e+02,5.549878503001e+04,1.090000000000e+02
2.536000000000e+03,1.032874012872e+08,4.269141030264e+04,7.074089587206e+05,4.121846167539e-01,2.837073803365e+02,-1.013968738568e-04,-1.105225925039e-02,0.000000000000e+00,1.325882594856e+02,1.234601345920e+03,0.000000000000e+00,0.000000000000e+00,0.000000000000e+00,0.000000000000e+00,7.532235793313e-04,8.210137014711e-02,2.715528794450e+02,2.526791687012e+02,0.000000000000e+00,7.732783824648e-01,1.325882594856e+02,5.549843663047e+04,1.090000000000e+02
2.537000000000e+03,1.032861716584e+08,4.382311346425e+04,7.119737148285e+05,4.135908456541e-01,2.845706852459e+02,-8.917624054217e-05,-9.720210219097e-03,0.000000000000e+00,9.792581080702e+01,1.229628972415e+03,0.000000000000e+00,0.000000000000e+00,0.000000000000e+00,0.000000000000e+00,6.668354388210e-04,7.268506283149e-02,2.713997200979e+02,2.513524322510e+02,0.000000000000e+00,7.846696690919e-01,9.792581080702e+01,5.549776665075e+04,1.090000000000e+02
2.538000000000e+03,1.032849476357e+08,4.497639881955e+04,7.149767841434e+05,4.138867328865e-01,2.855695138687e+02,-7.626934475818e-05,-8.313358578642e-03,0.000000000000e+00,7.073691730164e+01,1.224022272610e+03,0.000000000000e+00,0.000000000000e+00,0.000000000000e+00,0.000000000000e+00,4.213308818556e-04,4.592506612227e-02,2.712797492620e+02,2.503384704590e+02,0.000000000000e+00,7.973953038242e-01,7.073691730164e+01,5.549722034870e+04,1.090000000000e+02
2.539000000000e+03,1.032837482358e+08,4.609531948437e+04,7.185790342746e+05,4.146446477351e-01,2.864833105376e+02,-9.260186731444e-05,-1.009360353727e-02,0.000000000000e+00,8.047885759634e+01,1.199399522416e+03,0.000000000000e+00,0.000000000000e+00,0.000000000000e+00,0.000000000000e+00,5.027339944903e-04,5.479800539944e-02,2.712958636584e+02,2.508208923340e+02,0.000000000000e+00,8.102608286802e-01,8.047885759634e+01,5.549729324072e+04,1.090000000000e+02
2.540000000000e+03,1.032825842434e+08,4.715170791525e+04,7.235290131139e+05,4.163318351140e-01,2.872864432942e+02,-1.151571814250e-04,-1.255213277533e-02,0.000000000000e+00,1.076041846299e+02,1.163992615503e+03,0.000000000000e+00,0.000000000000e+00,0.000000000000e+00,0.000000000000e+00,7.025613047268e-04,7.657918221522e-02,2.713536107272e+02,2.522371978760e+02,0.000000000000e+00,8.223051564884e-01,1.076041846299e+02,5.549755606366e+04,1.090000000000e+02
2.541000000000e+03,1.032814570706e+08,4.814718201981e+04,7.287327064859e+05,4.182355924750e-01,2.880337621874e+02,-1.134702522930e-04,-1.236825749994e-02,0.000000000000e+00,1.317001833110e+02,1.127174287875e+03,0.000000000000e+00,0.000000000000e+00,0.000000000000e+00,0.000000000000e+00,7.460078021947e-04,8.131485043923e-02,2.714304139226e+02,2.537629241943e+02,0.000000000000e+00,8.340381160938e-01,1.317001833110e+02,5.549789954654e+04,1.090000000000e+02
2.542000000000e+03,1.032803647746e+08,4.909334181782e+04,7.338309849152e+05,4.200612184341e-01,2.887871913342e+02,-1.085887094188e-04,-1.183616932665e-02,0.000000000000e+00,1.461356357388e+02,1.092295433748e+03,0.000000000000e+00,0.000000000000e+00,0.000000000000e+00,0.000000000000e+00,7.337380989364e-04,7.997745278406e-02,2.714788314901e+02,2.542690124512e+02,0.000000000000e+00,8.444779697698e-01,1.461356357388e+02,5.549811235693e+04,1.090000000000e+02
2.543000000000e+03,1.032792991066e+08,5.001906807238e+04,7.400590934644e+05,4.226936393654e-01,2.894248152134e+02,-1.297433108574e-04,-1.414202088346e-02,0.000000000000e+00,1.399432067672e+02,1.065669461332e+03,0.000000000000e+00,0.000000000000e+00,0.000000000000e+00,0.000000000000e+00,8.999838721853e-04,9.809824206819e-02,2.714613698409e+02,2.540317077637e+02,0.000000000000e+00,8.563727383872e-01,1.399432067672e+02,5.549803604595e+04,1.090000000000e+02
2.544000000000e+03,1.032782568830e+08,5.093197684324e+04,7.460140707428e+05,4.251415625900e-01,2.900743101111e+02,-1.288415435949e-04,-1.404372825184e-02,0.000000000000e+00,1.293146553853e+02,1.042223426237e+03,0.000000000000e+00,0.000000000000e+00,0.000000000000e+00,0.000000000000e+00,8.557740179401e-04,9.327936795547e-02,2.714403360134e+02,2.541607360840e+02,0.000000000000e+00,8.676661937872e-01,1.293146553853e+02,5.549794346917e+04,1.090000000000e+02
2.545000000000e+03,1.032772283176e+08,5.184537646093e+04,7.515487714210e+05,4.272929181071e-01,2.907565292448e+02,-1.216641928017e-04,-1.326139701539e-02,0.000000000000e+00,1.151669796223e+02,1.028566597321e+03,0.000000000000e+00,0.000000000000e+00,0.000000000000e+00,0.000000000000e+00,7.938948618152e-04,8.653453993786e-02,2.713775150923e+02,2.529650726318e+02,0.000000000000e+00,8.783364638571e-01,1.151669796223e+02,5.549766534714e+04,1.090000000000e+02
2.546000000000e+03,1.032761873614e+08,5.279159513803e+04,7.570616333580e+05,4.293944266269e-01,2.914572690015e+02,-1.195969429940e-04,-1.303606678634e-02,0.000000000000e+00,9.473768359044e+01,1.040956360682e+03,0.000000000000e+00,0.000000000000e+00,0.000000000000e+00,0.000000000000e+00,7.923232805508e-04,8.636323758004e-02,2.713194326392e+02,2.524856262207e+02,0.000000000000e+00,8.887892866092e-01,9.473768359044e+01,5.549740421781e+04,1.090000000000e+02
2.547000000000e+03,1.032751762967e+08,5.371386850370e+04,7.620889936398e+05,4.311807082796e-01,2.921780509923e+02,-1.112384828629e-04,-1.212499463206e-02,0.000000000000e+00,8.879381538991e+01,1.011067181064e+03,0.000000000000e+00,0.000000000000e+00,0.000000000000e+00,0.000000000000e+00,7.201720674526e-04,7.849875535234e-02,2.712871716332e+02,2.527892150879e+02,0.000000000000e+00,8.989016213394e-01,8.879381538991e+01,5.549725697327e+04,1.090000000000e+02
2.548000000000e+03,1.032741893148e+08,5.462314399636e+04,7.670020208890e+05,4.328944190691e-01,2.928991949898e+02,-1.080881155777e-04,-1.178160459797e-02,0.000000000000e+00,7.770535429117e+01,9.869808469565e+02,0.000000000000e+00,0.000000000000e+00,0.000000000000e+00,0.000000000000e+00,7.047989325888e-04,7.682308365218e-02,2.712204025377e+02,2.516610565186e+02,0.000000000000e+00,9.081601614496e-01,7.770535429117e+01,5.549694701207e+04,1.090000000000e+02
2.549000000000e+03,1.032732221895e+08,5.552179613831e+04,7.710476421779e+05,4.339571632874e-01,2.937245003076e+02,-1.070268555440e-04,-1.166592725429e-02,0.000000000000e+00,6.847096681786e+01,9.671231087679e+02,0.000000000000e+00,0.000000000000e+00,0.000000000000e+00,0.000000000000e+00,5.623928172349e-04,6.130081707860e-02,2.711621582235e+02,2.513882751465e+02,0.000000000000e+00,9.158811844175e-01,6.847096681786e+01,5.549667176415e+04,1.090000000000e+02
2.550000000000e+03,1.032722740527e+08,5.640414462745e+04,7.743628913757e+05,4.345165374742e-01,2.946087454797e+02,-1.021594541060e-04,-1.113538049756e-02,0.000000000000e+00,6.578555636130e+01,9.481340454934e+02,0.000000000000e+00,0.000000000000e+00,0.000000000000e+00,0.000000000000e+00,4.463561220717e-04,4.865281730582e-02,2.711200525049e+02,2.516314849854e+02,0.000000000000e+00,9.243279614467e-01,6.578555636130e+01,5.549646989374e+04,1.090000000000e+02
2.551000000000e+03,1.032713440827e+08,5.726904124438e+04,7.774041881148e+05,4.348961735551e-01,2.955082713339e+02,-1.090144581904e-04,-1.188257594275e-02,0.000000000000e+00,6.506889874929e+01,9.299655156835e+02,0.000000000000e+00,0.000000000000e+00,0.000000000000e+00,0.000000000000e+00,3.940244794080e-04,4.294866825547e-02,2.710955129183e+02,2.525847625732e+02,0.000000000000e+00,9.327298644474e-01,6.506889874929e+01,5.549635106785e+04,1.090000000000e+02
2.552000000000e+03,1.032704321845e+08,5.811448853058e+04,7.813648214409e+05,4.359767770645e-01,2.962777335215e+02,-1.235846687620e-04,-1.347072889506e-02,0.000000000000e+00,6.644554029294e+01,9.118928264948e+02,0.000000000000e+00,0.000000000000e+00,0.000000000000e+00,0.000000000000e+00,5.312062171134e-04,5.790147766536e-02,2.710914496413e+02,2.525290985107e+02,0.000000000000e+00,9.395867334455e-01,6.644554029294e+01,5.549633126435e+04,1.090000000000e+02
2.553000000000e+03,1.032695374762e+08,5.894345003722e+04,7.865129765919e+05,4.378772107902e-01,2.969360104670e+02,-1.343179772984e-04,-1.464065952552e-02,0.000000000000e+00,6.574458927107e+01,8.947060959036e+02,0.000000000000e+00,0.000000000000e+00,0.000000000000e+00,0.000000000000e+00,7.169853639064e-04,7.815140466580e-02,2.710705733228e+02,2.516068267822e+02,0.000000000000e+00,9.467649494850e-01,6.574458927107e+01,5.549622965775e+04,1.090000000000e+02
2.554000000000e+03,1.032686565495e+08,5.976422936134e+04,7.921797762405e+05,4.400928176880e-01,2.975711698901e+02,-1.197649461900e-04,-1.305437913471e-02,0.000000000000e+00,6.014745944799e+01,8.809267835734e+02,0.000000000000e+00,0.000000000000e+00,0.000000000000e+00,0.000000000000e+00,8.176571693200e-04,8.912463145588e-02,2.710172359202e+02,2.512489471436e+02,0.000000000000e+00,9.523211153889e-01,6.014745944799e+01,5.549596734919e+04,1.090000000000e+02
2.555000000000e+03,1.032677897321e+08,6.057131815890e+04,7.983698900512e+05,4.426908316812e-01,2.981366249581e+02,-1.395641422356e-04,-1.521249150368e-02,0.000000000000e+00,5.972617230908e+01,8.668149698645e+02,0.000000000000e+00,0.000000000000e+00,0.000000000000e+00,0.000000000000e+00,8.838514883465e-04,9.633981222977e-02,2.710090836823e+02,2.519989776611e+02,0.000000000000e+00,9.613728991093e-01,5.972617230908e+01,5.549592668768e+04,1.090000000000e+02
2.556000000000e+03,1.032669394310e+08,6.135963566036e+04,8.048830688983e+05,4.455309823845e-01,2.986530058016e+02,-1.812595658808e-04,-1.975729268100e-02,0.000000000000e+00,6.198222104830e+01,8.502997225072e+02,0.000000000000e+00,0.000000000000e+00,0.000000000000e+00,0.000000000000e+00,8.955558572944e-04,9.761558844509e-02,2.710016289589e+02,2.520103759766e+02,0.000000000000e+00,9.672826977669e-01,6.198222104830e+01,5.549588942052e+04,1.090000000000e+02
2.557000000000e+03,1.032661047186e+08,6.213158909382e+04,8.108425916648e+05,4.479662159355e-01,2.992286832940e+02,-1.942076065618e-04,-2.116862911524e-02,0.000000000000e+00,6.275611315790e+01,8.347095466234e+02,0.000000000000e+00,0.000000000000e+00,0.000000000000e+00,0.000000000000e+00,7.909609754115e-04,8.621474631986e-02,2.710038594798e+02,2.526075439453e+02,0.000000000000e+00,9.747034962331e-01,6.275611315790e+01,5.549590038061e+04,1.090000000000e+02
2.558000000000e+03,1.032652852590e+08,6.288991602669e+04,8.151255630504e+05,4.492175535326e-01,2.999720355374e+02,-1.692122499944e-04,-1.844413524939e-02,0.000000000000e+00,6.113168641167e+01,8.194586192772e+02,0.000000000000e+00,0.000000000000e+00,0.000000000000e+00,0.000000000000e+00,5.391492110132e-04,5.876726400044e-02,2.709773308946e+02,2.526165313721e+02,0.000000000000e+00,9.809997113272e-01,6.113168641167e+01,5.549576801605e+04,1.090000000000e+02
2.559000000000e+03,1.032644794371e+08,6.363796490257e+04,8.198567997874e+05,4.508286221195e-01,3.006357392056e+02,-1.248321553805e-04,-1.360670493647e-02,0.000000000000e+00,5.776911132736e+01,8.058179872078e+02,0.000000000000e+00,0.000000000000e+00,0.000000000000e+00,0.000000000000e+00,6.576578264462e-04,7.168470308264e-02,2.709493095129e+02,2.526100158691e+02,0.000000000000e+00,9.895901372427e-01,5.776911132736e+01,5.549562720839e+04,1.090000000000e+02
2.560000000000e+03,1.032636844464e+08,6.438599661055e+04,8.252707928163e+05,4.528473212987e-01,3.012753371475e+02,-1.131505220284e-04,-1.233340690110e-02,0.000000000000e+00,4.695710684164e+01,7.949888148228e+02,0.000000000000e+00,0.000000000000e+00,0.000000000000e+00,0.000000000000e+00,7.833821027510e-04,8.538864919986e-02,2.708292346797e+02,2.508502655029e+02,0.000000000000e+00,9.955847857056e-01,4.695710684164e+01,5.549501216507e+04,1.090000000000e+02
2.561000000000e+03,1.032628960121e+08,6.514280058656e+04,8.306832073184e+05,4.549766102102e-01,3.018359569396e+02,-1.187409235592e-04,-1.294276066795e-02,0.000000000000e+00,3.163010346198e+01,7.884340794762e+02,0.000000000000e+00,0.000000000000e+00,0.000000000000e+00,0.000000000000e+00,7.778295198291e-04,8.478341766137e-02,2.706917690092e+02,2.500630798340e+02,0.000000000000e+00,1.005817218715e+00,3.163010346198e+01,5.549428439141e+04,1.090000000000e+02
2.562000000000e+03,1.032621161149e+08,6.589663359922e+04,8.364425651469e+05,4.572119482308e-01,3.024455526799e+02,-1.268280102147e-04,-1.382425311340e-02,0.000000000000e+00,2.606143673628e+01,7.798944493917e+02,0.000000000000e+00,0.000000000000e+00,0.000000000000e+00,0.000000000000e+00,8.265899580530e-04,9.009830542778e-02,2.705975428628e+02,2.503898010254e+02,0.000000000000e+00,1.014432026456e+00,2.606143673628e+01,5.549377012527e+04,1.090000000000e+02
2.563000000000e+03,1.032613488125e+08,6.663336461402e+04,8.408036914320e+05,4.584928819165e-01,3.031731441522e+02,-1.327923323001e-04,-1.447436422071e-02,0.000000000000e+00,3.056906641055e+01,7.673000812100e+02,0.000000000000e+00,0.000000000000e+00,0.000000000000e+00,0.000000000000e+00,5.882134588765e-04,6.411526701754e-02,2.705964610338e+02,2.510000000000e+02,0.000000000000e+00,1.021974453599e+00,3.056906641055e+01,5.549376252835e+04,1.090000000000e+02
2.564000000000e+03,1.032605969259e+08,6.735124961809e+04,8.446063666588e+05,4.594954758439e-01,3.038801200369e+02,-1.293239222661e-04,-1.409630752701e-02,0.000000000000e+00,3.400150484267e+01,7.518865089142e+02,0.000000000000e+00,0.000000000000e+00,0.000000000000e+00,0.000000000000e+00,4.994866802467e-04,5.444404814689e-02,2.705861955485e+02,2.510683288574e+02,0.000000000000e+00,1.030436814016e+00,3.400150484267e+01,5.549370433571e+04,1.090000000000e+02
2.565000000000e+03,1.032598597407e+08,6.805392600633e+04,8.488622988228e+05,4.607241118079e-01,3.045970793151e+02,-1.264156468516e-04,-1.377930550682e-02,0.000000000000e+00,3.450711064381e+01,7.371834988896e+02,0.000000000000e+00,0.000000000000e+00,0.000000000000e+00,0.000000000000e+00,5.772588396371e-04,6.292121352044e-02,2.705807772731e+02,2.517420959473e+02,0.000000000000e+00,1.037098258508e+00,3.450711064381e+01,5.549367297546e+04,1.090000000000e+02
2.566000000000e+03,1.032591355505e+08,6.875111937022e+04,8.525111307572e+05,4.615826200988e-01,3.053405135759e+02,-1.104165821858e-04,-1.203540745826e-02,0.000000000000e+00,2.699686750428e+01,7.241902313893e+02,0.000000000000e+00,0.000000000000e+00,0.000000000000e+00,0.000000000000e+00,4.942348650542e-04,5.387160029090e-02,2.704810412746e+02,2.507825164795e+02,0.000000000000e+00,1.043487841849e+00,2.699686750428e+01,5.549311309884e+04,1.090000000000e+02
2.567000000000e+03,1.032584242888e+08,6.943726183339e+04,8.560764106581e+05,4.623645221023e-01,3.060992998425e+02,-9.759043137386e-05,-1.063735701975e-02,0.000000000000e+00,2.511800222703e+01,7.112604653993e+02,0.000000000000e+00,0.000000000000e+00,0.000000000000e+00,0.000000000000e+00,4.919901993443e-04,5.362693172853e-02,2.704705766169e+02,2.513494567871e+02,0.000000000000e+00,1.052615587336e+00,2.511800222703e+01,5.549305177952e+04,1.090000000000e+02
2.568000000000e+03,1.032578079385e+08,7.002092502639e+04,8.603716468846e+05,4.636908810781e-01,3.067554625290e+02,-1.171936878657e-04,-1.277411197736e-02,0.000000000000e+00,3.268660169412e+01,6.163497946914e+02,0.000000000000e+00,0.000000000000e+00,0.000000000000e+00,0.000000000000e+00,5.930593136864e-04,6.464346519182e-02,2.704634325625e+02,2.517384948730e+02,0.000000000000e+00,1.058213913532e+00,3.268660169412e+01,5.549299367121e+04,1.090000000000e+02
2.569000000000e+03,1.032572019198e+08,7.059266744326e+04,8.651072302294e+05,4.652661990902e-01,3.074007313022e+02,-1.551436528393e-04,-1.691065815948e-02,0.000000000000e+00,3.427605122342e+01,6.060184680991e+02,0.000000000000e+00,0.000000000000e+00,0.000000000000e+00,0.000000000000e+00,6.283146475590e-04,6.848629658393e-02,2.704277454612e+02,2.516017303467e+02,0.000000000000e+00,1.065404573758e+00,3.427605122342e+01,5.549277905400e+04,1.090000000000e+02
2.570000000000e+03,1.032565897712e+08,7.117312089709e+04,8.690187357655e+05,4.663174458704e-01,3.080958327908e+02,-1.578476477562e-04,-1.720539360542e-02,0.000000000000e+00,3.169375614884e+01,6.121472099698e+02,0.000000000000e+00,0.000000000000e+00,0.000000000000e+00,0.000000000000e+00,4.894429718877e-04,5.334928393576e-02,2.703869862069e+02,2.519206085205e+02,0.000000000000e+00,1.071833411016e+00,3.169375614884e+01,5.549253844688e+04,1.090000000000e+02
2.571000000000e+03,1.032559492453e+08,7.178329807422e+04,8.726863123197e+05,4.671777418181e-01,3.088272821955e+02,-1.499162986006e-04,-1.634087654746e-02,0.000000000000e+00,3.034834585006e+01,6.405255229826e+02,0.000000000000e+00,0.000000000000e+00,0.000000000000e+00,0.000000000000e+00,4.568518557685e-04,4.979685227877e-02,2.703574023874e+02,2.518365478516e+02,0.000000000000e+00,1.080542007200e+00,3.034834585006e+01,5.549237449302e+04,1.090000000000e+02
2.572000000000e+03,1.032552876139e+08,7.242375475514e+04,8.777603030836e+05,4.690637958350e-01,3.093772114748e+02,-1.494524491314e-04,-1.629031695532e-02,0.000000000000e+00,2.117339054656e+01,6.616300714652e+02,0.000000000000e+00,0.000000000000e+00,0.000000000000e+00,0.000000000000e+00,6.909621538116e-04,7.531487476546e-02,2.702569909795e+02,2.510751037598e+02,0.000000000000e+00,1.089066890364e+00,2.117339054656e+01,5.549178008484e+04,1.090000000000e+02
2.573000000000e+03,1.032546487869e+08,7.305534929476e+04,8.830205546345e+05,4.710512791978e-01,3.099240246796e+02,-1.285979279117e-04,-1.401717414238e-02,0.000000000000e+00,7.232772744956e+00,6.388273123702e+02,0.000000000000e+00,0.000000000000e+00,0.000000000000e+00,0.000000000000e+00,7.438603582504e-04,8.108077904929e-02,2.700840462063e+02,2.503266143799e+02,0.000000000000e+00,1.096080147561e+00,7.232772744956e+00,5.549071843556e+04,1.090000000000e+02
2.574000000000e+03,1.032540275930e+08,7.367411871174e+04,8.869602963576e+05,4.721208725628e-01,3.106052373245e+02,-1.214035280442e-04,-1.323298455682e-02,0.000000000000e+00,2.423881205767e+00,6.211932981859e+02,0.000000000000e+00,0.000000000000e+00,0.000000000000e+00,0.000000000000e+00,5.317027531318e-04,5.795560009137e-02,2.699807705679e+02,2.501602478027e+02,0.000000000000e+00,1.105710195406e+00,2.423881205767e+00,5.549005795194e+04,1.090000000000e+02
2.575000000000e+03,1.032534260229e+08,7.426994231983e+04,8.899218652479e+05,4.725164320892e-01,3.113837296561e+02,-1.285742568446e-04,-1.401459399606e-02,0.000000000000e+00,5.746325273659e+00,6.015699333627e+02,0.000000000000e+00,0.000000000000e+00,0.000000000000e+00,0.000000000000e+00,3.621376690994e-04,3.947300593184e-02,2.699202173775e+02,2.511623840332e+02,0.000000000000e+00,1.112775997943e+00,5.746325273659e+00,5.548965538034e+04,1.090000000000e+02
2.576000000000e+03,1.032528435112e+08,7.484548622347e+04,8.931884328408e+05,4.731723105133e-01,3.120960822520e+02,-1.395702327965e-04,-1.521315537482e-02,0.000000000000e+00,6.967941836097e+00,5.825118454768e+02,0.000000000000e+00,0.000000000000e+00,0.000000000000e+00,0.000000000000e+00,4.017237972507e-04,4.378789390033e-02,2.698522911112e+02,2.513104553223e+02,0.000000000000e+00,1.116181978575e+00,6.967941836097e+00,5.548919715211e+04,1.090000000000e+02
2.577000000000e+03,1.032522799367e+08,7.540547305097e+04,8.972229153048e+05,4.743299307260e-01,3.127448871422e+02,-1.221602701465e-04,-1.331546944597e-02,0.000000000000e+00,3.587452744666e+00,5.635742802418e+02,0.000000000000e+00,0.000000000000e+00,0.000000000000e+00,0.000000000000e+00,5.468747177164e-04,5.960934423108e-02,2.697425852585e+02,2.510350799561e+02,0.000000000000e+00,1.124143993022e+00,3.587452744666e+00,5.548845188156e+04,1.090000000000e+02
2.578000000000e+03,1.032517359142e+08,7.594941085541e+04,9.016741776075e+05,4.760145228045e-01,3.131890608365e+02,-1.231608927399e-04,-1.342453730865e-02,0.000000000000e+00,8.474732874193e-02,5.440225517716e+02,0.000000000000e+00,0.000000000000e+00,0.000000000000e+00,0.000000000000e+00,6.151190739330e-04,6.704797905870e-02,2.696184719923e+02,2.509133758545e+02,0.000000000000e+00,1.130860580409e+00,8.474732874193e-02,5.548758882312e+04,1.090000000000e+02
2.579000000000e+03,1.032512105504e+08,7.647477458397e+04,9.067805735380e+05,4.781453838333e-01,3.135662121952e+02,-1.486670877675e-04,-1.620471256666e-02,0.000000000000e+00,0.000000000000e+00,5.253637285615e+02,0.000000000000e+00,0.000000000000e+00,0.000000000000e+00,0.000000000000e+00,6.990282143096e-04,7.619407535975e-02,2.694419285989e+02,2.503815002441e+02,0.000000000000e+00,1.135470589840e+00,0.000000000000e+00,5.548632969115e+04,1.090000000000e+02
2.580000000000e+03,1.032507002792e+08,7.698504578113e+04,9.108867587174e+05,4.792053327196e-01,3.142985685592e+02,-1.422870924385e-04,-1.550929307580e-02,0.000000000000e+00,0.000000000000e+00,5.102711971546e+02,0.000000000000e+00,0.000000000000e+00,0.000000000000e+00,0.000000000000e+00,5.410249122803e-04,5.897171543855e-02,2.692239904557e+02,2.495313720703e+02,0.000000000000e+00,1.140257029462e+00,0.000000000000e+00,5.548471692421e+04,1.090000000000e+02
2.581000000000e+03,1.032502067686e+08,7.747855643254e+04,9.142299552594e+05,4.798665253553e-01,3.150252009195e+02,-1.547735435481e-04,-1.687031624674e-02,0.000000000000e+00,0.000000000000e+00,4.935106514156e+02,0.000000000000e+00,0.000000000000e+00,0.000000000000e+00,0.000000000000e+00,4.017236507918e-04,4.378787793631e-02,2.690479488022e+02,2.494858703613e+02,0.000000000000e+00,1.144865998454e+00,0.000000000000e+00,5.548335796193e+04,1.090000000000e+02
2.582000000000e+03,1.032497326976e+08,7.795262744037e+04,9.174804001964e+05,4.805254293176e-01,3.157173716937e+02,-1.511643004875e-04,-1.647690875314e-02,0.000000000000e+00,0.000000000000e+00,4.740710078246e+02,0.000000000000e+00,0.000000000000e+00,0.000000000000e+00,0.000000000000e+00,3.890114815391e-04,4.240225148777e-02,2.689243716064e+02,2.502594757080e+02,0.000000000000e+00,1.147868018806e+00,0.000000000000e+00,5.548236877017e+04,1.090000000000e+02
2.583000000000e+03,1.032492774556e+08,7.840786942817e+04,9.209894014702e+05,4.813987706831e-01,3.163578159179e+02,-1.292060416724e-04,-1.408345854229e-02,0.000000000000e+00,0.000000000000e+00,4.552419877977e+02,0.000000000000e+00,0.000000000000e+00,0.000000000000e+00,0.000000000000e+00,4.548310885754e-04,4.957658865472e-02,2.687548178839e+02,2.504782257080e+02,0.000000000000e+00,1.150206805880e+00,0.000000000000e+00,5.548098357900e+04,1.090000000000e+02
2.584000000000e+03,1.032488388623e+08,7.884646269900e+04,9.248657199237e+05,4.825266095142e-01,3.169575098041e+02,-1.208521443949e-04,-1.317288373905e-02,0.000000000000e+00,0.000000000000e+00,4.385932708336e+02,0.000000000000e+00,0.000000000000e+00,0.000000000000e+00,0.000000000000e+00,5.253159548467e-04,5.725943907829e-02,2.685318402434e+02,2.498409729004e+02,0.000000000000e+00,1.155888370463e+00,0.000000000000e+00,5.547910500194e+04,1.090000000000e+02
2.585000000000e+03,1.032484193070e+08,7.926601805755e+04,9.296212115110e+05,4.842929730541e-01,3.174308370674e+02,-1.509533536161e-04,-1.645391554416e-02,0.000000000000e+00,0.000000000000e+00,4.195553585550e+02,0.000000000000e+00,0.000000000000e+00,0.000000000000e+00,0.000000000000e+00,6.381373103924e-04,6.955696683277e-02,2.684209244956e+02,2.503921813965e+02,0.000000000000e+00,1.158361218777e+00,0.000000000000e+00,5.547813199890e+04,1.090000000000e+02
2.586000000000e+03,1.032480177910e+08,7.966753398506e+04,9.339084968482e+05,4.855455273999e-01,3.180815852145e+02,-1.557758415071e-04,-1.697956672428e-02,0.000000000000e+00,0.000000000000e+00,4.015159275047e+02,0.000000000000e+00,0.000000000000e+00,0.000000000000e+00,0.000000000000e+00,5.577905144233e-04,6.079916607214e-02,2.682364051775e+02,2.503721160889e+02,0.000000000000e+00,1.161234449417e+00,0.000000000000e+00,5.547648558953e+04,1.090000000000e+02
2.587000000000e+03,1.032476357902e+08,8.004953482757e+04,9.380667260499e+05,4.868197029215e-01,3.186648148075e+02,-1.795686578449e-04,-1.957298370510e-02,0.000000000000e+00,0.000000000000e+00,3.820008425114e+02,0.000000000000e+00,0.000000000000e+00,0.000000000000e+00,0.000000000000e+00,5.096497202326e-04,5.555181950535e-02,2.681765575419e+02,2.512306823730e+02,0.000000000000e+00,1.160793509220e+00,0.000000000000e+00,5.547592829943e+04,1.090000000000e+02
2.588000000000e+03,1.032472756420e+08,8.040968306206e+04,9.434444407413e+05,4.890396069129e-01,3.190364163068e+02,-2.122350286729e-04,-2.313361812534e-02,0.000000000000e+00,0.000000000000e+00,3.601482344886e+02,0.000000000000e+00,0.000000000000e+00,0.000000000000e+00,0.000000000000e+00,6.768977160517e-04,7.378185104963e-02,2.681867209532e+02,2.528276824951e+02,0.000000000000e+00,1.162011581721e+00,0.000000000000e+00,5.547600127622e+04,1.090000000000e+02
2.589000000000e+03,1.032469349494e+08,8.075037567798e+04,9.492158225038e+05,4.913531148648e-01,3.194802801076e+02,-1.870593491603e-04,-2.038946905847e-02,0.000000000000e+00,0.000000000000e+00,3.406926159197e+02,0.000000000000e+00,0.000000000000e+00,0.000000000000e+00,0.000000000000e+00,7.691272721161e-04,8.383487266066e-02,2.681205257208e+02,2.528637695313e+02,0.000000000000e+00,1.163573984935e+00,0.000000000000e+00,5.547538415586e+04,1.090000000000e+02
2.590000000000e+03,1.032466104395e+08,8.107488550085e+04,9.546820585934e+05,4.934245652842e-01,3.199776778932e+02,-1.421958561337e-04,-1.549934831857e-02,0.000000000000e+00,0.000000000000e+00,3.245098228742e+02,0.000000000000e+00,0.000000000000e+00,0.000000000000e+00,0.000000000000e+00,7.650193204190e-04,8.338710592567e-02,2.679989714791e+02,2.530167694092e+02,0.000000000000e+00,1.165352225676e+00,0.000000000000e+00,5.547425020482e+04,1.090000000000e+02
2.591000000000e+03,1.032463023922e+08,8.138293280528e+04,9.604093523440e+05,4.957468969829e-01,3.203921536351e+02,-1.350774634095e-04,-1.472344351164e-02,0.000000000000e+00,0.000000000000e+00,3.080473044318e+02,0.000000000000e+00,0.000000000000e+00,0.000000000000e+00,0.000000000000e+00,8.134913238866e-04,8.867055430364e-02,2.679481533571e+02,2.537395019531e+02,0.000000000000e+00,1.165836234020e+00,0.000000000000e+00,5.547376481551e+04,1.090000000000e+02
2.592000000000e+03,1.032460102023e+08,8.167512273515e+04,9.661907223214e+05,4.980444838926e-01,3.208373479963e+02,-1.509617140514e-04,-1.645482683160e-02,0.000000000000e+00,0.000000000000e+00,2.921899298653e+02,0.000000000000e+00,0.000000000000e+00,0.000000000000e+00,0.000000000000e+00,8.068931349518e-04,8.795135170974e-02,2.678857808798e+02,2.539246063232e+02,0.000000000000e+00,1.166666195989e+00,0.000000000000e+00,5.547316625376e+04,1.090000000000e+02
2.593000000000e+03,1.032457324331e+08,8.195289198823e+04,9.722616603384e+05,5.005780787580e-01,3.212230130433e+02,-1.542796549153e-04,-1.681648238577e-02,0.000000000000e+00,0.000000000000e+00,2.777692530768e+02,0.000000000000e+00,0.000000000000e+00,0.000000000000e+00,0.000000000000e+00,8.516471989273e-04,9.282954468308e-02,2.678180237173e+02,2.538435516357e+02,0.000000000000e+00,1.168093257115e+00,0.000000000000e+00,5.547251210837e+04,1.090000000000e+02
2.594000000000e+03,1.032454674624e+08,8.221786266076e+04,9.787509681789e+05,5.033825874794e-01,3.215709226235e+02,-1.358966798847e-04,-1.481273810744e-02,0.000000000000e+00,0.000000000000e+00,2.649706725325e+02,0.000000000000e+00,0.000000000000e+00,0.000000000000e+00,0.000000000000e+00,9.401073496046e-04,1.024717011069e-01,2.677206016625e+02,2.538814697266e+02,0.000000000000e+00,1.166490041628e+00,0.000000000000e+00,5.547156319816e+04,1.090000000000e+02
2.595000000000e+03,1.032452121227e+08,8.247320232710e+04,9.845246237456e+05,5.055678081810e-01,3.220811082793e+02,-1.263492609322e-04,-1.377206944160e-02,0.000000000000e+00,0.000000000000e+00,2.553396663454e+02,0.000000000000e+00,0.000000000000e+00,0.000000000000e+00,0.000000000000e+00,8.342870359294e-04,9.093728691630e-02,2.675236827311e+02,2.527250061035e+02,0.000000000000e+00,1.167735662499e+00,0.000000000000e+00,5.546960733730e+04,1.090000000000e+02
2.596000000000e+03,1.032449655715e+08,8.271975351238e+04,9.899211187768e+05,5.076054363289e-01,3.225571170464e+02,-1.342514344529e-04,-1.463340635537e-02,0.000000000000e+00,0.000000000000e+00,2.465511852713e+02,0.000000000000e+00,0.000000000000e+00,0.000000000000e+00,0.000000000000e+00,7.636542317112e-04,8.323831125652e-02,2.673460130589e+02,2.526265106201e+02,0.000000000000e+00,1.168143654773e+00,0.000000000000e+00,5.546779240458e+04,1.090000000000e+02
2.597000000000e+03,1.032448005071e+08,8.288481799957e+04,9.952316057175e+05,5.091531254959e-01,3.233109691792e+02,-1.413901683169e-04,-1.541152834654e-02,0.000000000000e+00,0.000000000000e+00,1.650644871974e+02,0.000000000000e+00,0.000000000000e+00,0.000000000000e+00,0.000000000000e+00,7.416486725083e-04,8.083970530341e-02,2.671990630939e+02,2.530519561768e+02,0.000000000000e+00,1.166957726718e+00,0.000000000000e+00,5.546621150943e+04,1.090000000000e+02
2.598000000000e+03,1.032447886885e+08,8.289663655804e+04,1.001656997181e+06,5.118945694289e-01,3.236662672613e+02,-1.292287635073e-04,-1.408593522229e-02,0.000000000000e+00,0.000000000000e+00,1.181855846994e+01,0.000000000000e+00,0.000000000000e+00,0.000000000000e+00,0.000000000000e+00,9.389849953150e-04,1.023493644893e-01,2.670408723315e+02,2.524792022705e+02,0.000000000000e+00,1.164828097088e+00,0.000000000000e+00,5.546439460992e+04,1.090000000000e+02
2.599000000000e+03,1.032444908901e+08,8.319443498617e+04,1.007334260610e+06,5.140509942839e-01,3.241409044367e+02,-1.344960237011e-04,-1.466006658342e-02,0.000000000000e+00,0.000000000000e+00,2.977984281226e+02,0.000000000000e+00,0.000000000000e+00,0.000000000000e+00,0.000000000000e+00,8.074530235009e-04,8.801237956160e-02,2.669412460916e+02,2.520738525391e+02,0.000000000000e+00,1.168809578570e+00,0.000000000000e+00,5.546343715591e+04,1.090000000000e+02
2.600000000000e+03,1.032442413748e+08,8.344395025130e+04,1.011422729910e+06,5.152357803997e-01,3.247163415664e+02,-1.516007112271e-04,-1.652447752375e-02,0.000000000000e+00,0.000000000000e+00,2.495152651386e+02,0.000000000000e+00,0.000000000000e+00,0.000000000000e+00,0.000000000000e+00,5.289219311339e-04,5.765249049359e-02,2.668132289726e+02,2.520551757812e+02,0.000000000000e+00,1.170204203800e+00,0.000000000000e+00,5.546203206682e+04,1.090000000000e+02
2.601000000000e+03,1.032440095747e+08,8.367575037078e+04,1.016006861125e+06,5.168122000270e-01,3.252018123401e+02,-1.507790102713e-04,-1.643491211957e-02,0.000000000000e+00,0.000000000000e+00,2.318001194802e+02,0.000000000000e+00,0.000000000000e+00,0.000000000000e+00,0.000000000000e+00,6.120072188052e-04,6.670878684977e-02,2.666813053799e+02,2.516903991699e+02,0.000000000000e+00,1.171709554657e+00,0.000000000000e+00,5.546054908362e+04,1.090000000000e+02
2.602000000000e+03,1.032437893498e+08,8.389597529422e+04,1.019904654947e+06,5.178717166550e-01,3.257934562855e+02,-1.333245624525e-04,-1.453237730732e-02,0.000000000000e+00,0.000000000000e+00,2.202249234329e+02,0.000000000000e+00,0.000000000000e+00,0.000000000000e+00,0.000000000000e+00,5.176260452043e-04,5.642123892727e-02,2.665051450136e+02,2.509975128174e+02,0.000000000000e+00,1.172791053850e+00,0.000000000000e+00,5.545852004077e+04,1.090000000000e+02
2.603000000000e+03,1.032435787079e+08,8.410661711983e+04,1.023181294952e+06,5.185575719843e-01,3.264150295770e+02,-1.339011237953e-04,-1.459522249368e-02,0.000000000000e+00,0.000000000000e+00,2.106418256168e+02,0.000000000000e+00,0.000000000000e+00,0.000000000000e+00,0.000000000000e+00,4.118663574687e-04,4.489343296409e-02,2.664009875600e+02,2.515601043701e+02,0.000000000000e+00,1.173111064521e+00,0.000000000000e+00,5.545730056521e+04,1.090000000000e+02
2.604000000000e+03,1.032433781894e+08,8.430713568417e+04,1.027524462326e+06,5.199594403206e-01,3.269177752911e+02,-1.409386533237e-04,-1.536231321228e-02,0.000000000000e+00,0.000000000000e+00,2.005185643329e+02,0.000000000000e+00,0.000000000000e+00,0.000000000000e+00,0.000000000000e+00,5.780587892321e-04,6.300840802630e-02,2.663867949707e+02,2.528369598389e+02,0.000000000000e+00,1.173388842299e+00,0.000000000000e+00,5.545713558386e+04,1.090000000000e+02
2.605000000000e+03,1.032431858538e+08,8.449947126176e+04,1.032585614733e+06,5.217901922711e-01,3.273862910272e+02,-1.437589565132e-04,-1.566972625994e-02,0.000000000000e+00,0.000000000000e+00,1.923355775939e+02,0.000000000000e+00,0.000000000000e+00,0.000000000000e+00,0.000000000000e+00,6.992125942423e-04,7.621417277241e-02,2.662327578245e+02,2.511847381592e+02,0.000000000000e+00,1.173552520892e+00,0.000000000000e+00,5.545528573340e+04,1.090000000000e+02
2.606000000000e+03,1.032429987756e+08,8.468654948299e+04,1.036416695496e+06,5.227742178111e-01,3.279993606995e+02,-1.217189894879e-04,-1.326736985418e-02,0.000000000000e+00,0.000000000000e+00,1.870782212298e+02,0.000000000000e+00,0.000000000000e+00,0.000000000000e+00,0.000000000000e+00,5.209336959428e-04,5.678177285777e-02,2.660000699200e+02,2.503520812988e+02,0.000000000000e+00,1.175574206744e+00,0.000000000000e+00,5.545242422033e+04,1.090000000000e+02
2.607000000000e+03,1.032428170777e+08,8.486824735462e+04,1.040079605379e+06,5.237497351106e-01,3.285563947910e+02,-9.479392215860e-05,-1.033253751529e-02,0.000000000000e+00,0.000000000000e+00,1.816978716323e+02,0.000000000000e+00,0.000000000000e+00,0.000000000000e+00,0.000000000000e+00,5.169199881217e-04,5.634427870526e-02,2.658538687304e+02,2.515233459473e+02,0.000000000000e+00,1.175304000945e+00,0.000000000000e+00,5.545058676215e+04,1.090000000000e+02
2.608000000000e+03,1.032426421856e+08,8.504313944665e+04,1.044294172283e+06,5.250385603507e-01,3.290808839203e+02,-8.907181206292e-05,-9.708827514858e-03,0.000000000000e+00,0.000000000000e+00,1.748920920292e+02,0.000000000000e+00,0.000000000000e+00,0.000000000000e+00,0.000000000000e+00,6.097558388751e-04,6.646338643739e-02,2.658150133854e+02,2.524405059814e+02,0.000000000000e+00,1.175251221340e+00,0.000000000000e+00,5.545009714916e+04,1.090000000000e+02
2.609000000000e+03,1.032424746450e+08,8.521068008478e+04,1.049397215337e+06,5.269173130104e-01,3.295094391869e+02,-1.121671022713e-04,-1.222621414757e-02,0.000000000000e+00,0.000000000000e+00,1.675406381245e+02,0.000000000000e+00,0.000000000000e+00,0.000000000000e+00,0.000000000000e+00,7.319070476159e-04,7.977786819013e-02,2.658205174586e+02,2.527494659424e+02,0.000000000000e+00,1.175846685460e+00,0.000000000000e+00,5.545017168279e+04,1.090000000000e+02
2.610000000000e+03,1.032423142853e+08,8.537103972150e+04,1.054822650059e+06,5.289411312301e-01,3.299440382537e+02,-1.218468947509e-04,-1.328131152785e-02,0.000000000000e+00,0.000000000000e+00,1.603596367250e+02,0.000000000000e+00,0.000000000000e+00,0.000000000000e+00,0.000000000000e+00,7.748967627465e-04,8.446374713937e-02,2.658426622572e+02,2.531639709473e+02,0.000000000000e+00,1.174081541031e+00,0.000000000000e+00,5.545045843207e+04,1.090000000000e+02
2.611000000000e+03,1.032421605480e+08,8.552477701618e+04,1.060407027689e+06,5.310884257316e-01,3.303492658058e+02,-1.335888233012e-04,-1.456118173983e-02,0.000000000000e+00,0.000000000000e+00,1.537372946768e+02,0.000000000000e+00,0.000000000000e+00,0.000000000000e+00,0.000000000000e+00,7.901095036338e-04,8.612193589609e-02,2.658483791060e+02,2.537136688232e+02,0.000000000000e+00,1.173073758137e+00,0.000000000000e+00,5.545053465691e+04,1.090000000000e+02
2.612000000000e+03,1.032420114952e+08,8.567382981753e+04,1.065731315204e+06,5.329622288573e-01,3.308515865237e+02,-1.168270772496e-04,-1.273415142020e-02,0.000000000000e+00,0.000000000000e+00,1.490528013494e+02,0.000000000000e+00,0.000000000000e+00,0.000000000000e+00,0.000000000000e+00,7.698995184359e-04,8.391904750952e-02,2.657060352349e+02,2.519697570801e+02,0.000000000000e+00,1.172934216522e+00,0.000000000000e+00,5.544870521782e+04,1.090000000000e+02
2.613000000000e+03,1.032418661995e+08,8.581912555826e+04,1.071595178014e+06,5.354199449808e-01,3.311519908846e+02,-1.165551003999e-04,-1.270450594358e-02,0.000000000000e+00,0.000000000000e+00,1.452957407360e+02,0.000000000000e+00,0.000000000000e+00,0.000000000000e+00,0.000000000000e+00,8.574263761551e-04,9.345947500090e-02,2.656147673867e+02,2.524085693359e+02,0.000000000000e+00,1.173304586892e+00,0.000000000000e+00,5.544752668864e+04,1.090000000000e+02
2.614000000000e+03,1.032417256546e+08,8.595967041621e+04,1.077477450484e+06,5.376822157778e-01,3.315708742209e+02,-1.261388714707e-04,-1.374913699031e-02,0.000000000000e+00,0.000000000000e+00,1.405448579473e+02,0.000000000000e+00,0.000000000000e+00,0.000000000000e+00,0.000000000000e+00,8.482416295852e-04,9.245833762479e-02,2.655878382656e+02,2.533397979736e+02,0.000000000000e+00,1.173582364670e+00,0.000000000000e+00,5.544718368502e+04,1.090000000000e+02
2.615000000000e+03,1.032415896331e+08,8.609569198831e+04,1.082181081097e+06,5.391973661999e-01,3.320867549755e+02,-9.796518136920e-05,-1.067820476924e-02,0.000000000000e+00,0.000000000000e+00,1.360215720968e+02,0.000000000000e+00,0.000000000000e+00,0.000000000000e+00,0.000000000000e+00,6.825744222416e-04,7.440061202434e-02,2.655339906990e+02,2.535629119873e+02,0.000000000000e+00,1.173674957262e+00,0.000000000000e+00,5.544647951301e+04,1.090000000000e+02
2.616000000000e+03,1.032414575094e+08,8.622781569052e+04,1.086443121946e+06,5.405008859802e-01,3.325952644076e+02,-8.053790669302e-05,-8.778631829539e-03,0.000000000000e+00,0.000000000000e+00,1.321237022111e+02,0.000000000000e+00,0.000000000000e+00,0.000000000000e+00,0.000000000000e+00,6.271931354487e-04,6.836405176391e-02,2.654747763840e+02,2.533247375488e+02,0.000000000000e+00,1.173952735040e+00,0.000000000000e+00,5.544570204811e+04,1.090000000000e+02
2.617000000000e+03,1.032413290495e+08,8.635627550362e+04,1.090780855965e+06,5.418499746736e-01,3.330963437880e+02,-7.936206391391e-05,-8.650464966616e-03,0.000000000000e+00,0.000000000000e+00,1.284598130967e+02,0.000000000000e+00,0.000000000000e+00,0.000000000000e+00,0.000000000000e+00,6.408482367089e-04,6.985245780127e-02,2.654174265874e+02,2.534742431641e+02,0.000000000000e+00,1.174415698003e+00,0.000000000000e+00,5.544494474305e+04,1.090000000000e+02
2.618000000000e+03,1.032412039143e+08,8.648141078356e+04,1.094704736346e+06,5.429249604756e-01,3.336394233462e+02,-6.437124106398e-05,-7.016465275974e-03,0.000000000000e+00,0.000000000000e+00,1.251352799414e+02,0.000000000000e+00,0.000000000000e+00,0.000000000000e+00,0.000000000000e+00,5.885531609931e-04,6.415229454825e-02,2.653340882455e+02,2.537136230469e+02,0.000000000000e+00,1.174722665596e+00,0.000000000000e+00,5.544382792308e+04,1.090000000000e+02
2.619000000000e+03,1.032410822697e+08,8.660305536707e+04,1.098585275760e+06,5.439898773210e-01,3.341668364300e+02,-5.981260233061e-05,-6.519573654037e-03,0.000000000000e+00,0.000000000000e+00,1.216445835087e+02,0.000000000000e+00,0.000000000000e+00,0.000000000000e+00,0.000000000000e+00,5.823905965146e-04,6.348057502009e-02,2.653309108444e+02,2.548011016846e+02,0.000000000000e+00,1.173960418263e+00,0.000000000000e+00,5.544380061459e+04,1.090000000000e+02
2.620000000000e+03,1.032409641380e+08,8.672118708820e+04,1.103057658214e+06,5.454460656616e-01,3.346356053974e+02,-6.995894652701e-05,-7.625525171444e-03,0.000000000000e+00,0.000000000000e+00,1.181317211312e+02,0.000000000000e+00,0.000000000000e+00,0.000000000000e+00,0.000000000000e+00,6.723376392229e-04,7.328480267530e-02,2.652802192781e+02,2.546492462158e+02,0.000000000000e+00,1.172803528801e+00,0.000000000000e+00,5.544311772406e+04,1.090000000000e+02
2.621000000000e+03,1.032410088319e+08,8.667649319130e+04,1.106364845845e+06,5.460703493149e-01,3.352656063772e+02,-5.597691414008e-05,-6.101483641268e-03,0.000000000000e+00,0.000000000000e+00,-4.469389689526e+01,0.000000000000e+00,0.000000000000e+00,0.000000000000e+00,0.000000000000e+00,4.969540543940e-04,5.416799192894e-02,2.651628772756e+02,2.534848632813e+02,0.000000000000e+00,1.169095650180e+00,0.000000000000e+00,5.544139794318e+04,1.090000000000e+02
2.622000000000e+03,1.032409985458e+08,8.668677923303e+04,1.109589424022e+06,5.467413466668e-01,3.358386008792e+02,-4.431110734389e-05,-4.829910700484e-03,0.000000000000e+00,0.000000000000e+00,1.028604172808e+01,0.000000000000e+00,0.000000000000e+00,0.000000000000e+00,0.000000000000e+00,4.939299320692e-04,5.383836259554e-02,2.650608813312e+02,2.530272521973e+02,0.000000000000e+00,1.169466020550e+00,0.000000000000e+00,5.543999636571e+04,1.090000000000e+02
2.623000000000e+03,1.032408301871e+08,8.685513795798e+04,1.113980407661e+06,5.481467634004e-01,3.363089805787e+02,-6.369657644781e-05,-6.942926832811e-03,0.000000000000e+00,0.000000000000e+00,1.683587249530e+02,0.000000000000e+00,0.000000000000e+00,0.000000000000e+00,0.000000000000e+00,6.661329329697e-04,7.260848969369e-02,2.649868623638e+02,2.532356414795e+02,0.000000000000e+00,1.171292857505e+00,0.000000000000e+00,5.543903423567e+04,1.090000000000e+02
2.624000000000e+03,1.032406901566e+08,8.699516841335e+04,1.117840187663e+06,5.492888740887e-01,3.367747300897e+02,-8.018563652226e-05,-8.740234380926e-03,0.000000000000e+00,0.000000000000e+00,1.400304553697e+02,0.000000000000e+00,0.000000000000e+00,0.000000000000e+00,0.000000000000e+00,5.597462880327e-04,6.101234539557e-02,2.649590814660e+02,2.536759490967e+02,0.000000000000e+00,1.171941005653e+00,0.000000000000e+00,5.543867570194e+04,1.090000000000e+02
2.625000000000e+03,1.032405605213e+08,8.712480377628e+04,1.121147533072e+06,5.499783986295e-01,3.373498913750e+02,-9.322116246395e-05,-1.016110670857e-02,0.000000000000e+00,0.000000000000e+00,1.296353629272e+02,0.000000000000e+00,0.000000000000e+00,0.000000000000e+00,0.000000000000e+00,4.553184577766e-04,4.962971189765e-02,2.649318530001e+02,2.542370605469e+02,0.000000000000e+00,1.171748776117e+00,0.000000000000e+00,5.543831116364e+04,1.090000000000e+02
2.626000000000e+03,1.032404373131e+08,8.724801189324e+04,1.124347269245e+06,5.506273856639e-01,3.379185682657e+02,-8.722057783117e-05,-9.507042983597e-03,0.000000000000e+00,0.000000000000e+00,1.232081169611e+02,0.000000000000e+00,0.000000000000e+00,0.000000000000e+00,0.000000000000e+00,4.448434156223e-04,4.848793230283e-02,2.648774669432e+02,2.541549987793e+02,0.000000000000e+00,1.171543717512e+00,0.000000000000e+00,5.543755213741e+04,1.090000000000e+02
2.627000000000e+03,1.032403189196e+08,8.736640543870e+04,1.127947584892e+06,5.515629440854e-01,3.384300155319e+02,-7.071309859586e-05,-7.707727746949e-03,0.000000000000e+00,0.000000000000e+00,1.183935454597e+02,0.000000000000e+00,0.000000000000e+00,0.000000000000e+00,0.000000000000e+00,5.275225718811e-04,5.749996033504e-02,2.648260461377e+02,2.539223632812e+02,0.000000000000e+00,1.171914087882e+00,0.000000000000e+00,5.543683283391e+04,1.090000000000e+02
2.628000000000e+03,1.032402045255e+08,8.748079958190e+04,1.131305153216e+06,5.522926825128e-01,3.389927782524e+02,-5.389994693386e-05,-5.875094215791e-03,0.000000000000e+00,0.000000000000e+00,1.143941432003e+02,0.000000000000e+00,0.000000000000e+00,0.000000000000e+00,0.000000000000e+00,5.038750192780e-04,5.492237710130e-02,2.647811582944e+02,2.538805236816e+02,0.000000000000e+00,1.171465915820e+00,0.000000000000e+00,5.543620395336e+04,1.090000000000e+02
2.629000000000e+03,1.032400934283e+08,8.759189677452e+04,1.133938491292e+06,5.526023038944e-01,3.395992404243e+02,-3.744979279620e-05,-4.082027414786e-03,0.000000000000e+00,0.000000000000e+00,1.110971926178e+02,0.000000000000e+00,0.000000000000e+00,0.000000000000e+00,0.000000000000e+00,4.026392622552e-04,4.388767958582e-02,2.646930501992e+02,2.531322937012e+02,0.000000000000e+00,1.171924703865e+00,0.000000000000e+00,5.543493726398e+04,1.090000000000e+02
2.630000000000e+03,1.032399853438e+08,8.769998123535e+04,1.138039093988e+06,5.539084603098e-01,3.400253126019e+02,-5.010384494304e-05,-5.461319098791e-03,0.000000000000e+00,0.000000000000e+00,1.080844608309e+02,0.000000000000e+00,0.000000000000e+00,0.000000000000e+00,0.000000000000e+00,6.294691248590e-04,6.861213460963e-02,2.646725910758e+02,2.538346862793e+02,0.000000000000e+00,1.172017296457e+00,0.000000000000e+00,5.543466186655e+04,1.090000000000e+02
2.631000000000e+03,1.032398802572e+08,8.780506788410e+04,1.141886142237e+06,5.549048021182e-01,3.405652572111e+02,-6.215572531361e-05,-6.774974059184e-03,0.000000000000e+00,0.000000000000e+00,1.050866487466e+02,0.000000000000e+00,0.000000000000e+00,0.000000000000e+00,0.000000000000e+00,5.762447967381e-04,6.281068284445e-02,2.646371614610e+02,2.539913330078e+02,0.000000000000e+00,1.172017296457e+00,0.000000000000e+00,5.543415770737e+04,1.090000000000e+02
2.632000000000e+03,1.032397777528e+08,8.790757225286e+04,1.145533455639e+06,5.558930363598e-01,3.410517240319e+02,-6.343030934745e-05,-6.913903718872e-03,0.000000000000e+00,0.000000000000e+00,1.025043687617e+02,0.000000000000e+00,0.000000000000e+00,0.000000000000e+00,0.000000000000e+00,5.435491615087e-04,5.924685860445e-02,2.645698540805e+02,2.537506408691e+02,0.000000000000e+00,1.171726273540e+00,0.000000000000e+00,5.543317796280e+04,1.090000000000e+02
2.633000000000e+03,1.032396775396e+08,8.800778544366e+04,1.149222819506e+06,5.568523893536e-01,3.415670449083e+02,-6.974141849858e-05,-7.601814616345e-03,0.000000000000e+00,0.000000000000e+00,1.002131907979e+02,0.000000000000e+00,0.000000000000e+00,0.000000000000e+00,0.000000000000e+00,5.444042630128e-04,5.934006466839e-02,2.644992677710e+02,2.531352996826e+02,0.000000000000e+00,1.171726273540e+00,0.000000000000e+00,5.543214467528e+04,1.090000000000e+02
2.634000000000e+03,1.032395797666e+08,8.810555840484e+04,1.152374245390e+06,5.574685261536e-01,3.421210343861e+02,-4.783522365952e-05,-5.214039378888e-03,0.000000000000e+00,0.000000000000e+00,9.777296118269e+01,0.000000000000e+00,0.000000000000e+00,0.000000000000e+00,0.000000000000e+00,4.714473055865e-04,5.138775630892e-02,2.645420994079e+02,2.549983367920e+02,0.000000000000e+00,1.171818866132e+00,0.000000000000e+00,5.543281157269e+04,1.090000000000e+02
2.635000000000e+03,1.032394847238e+08,8.820060120490e+04,1.155664858707e+06,5.582024090625e-01,3.426401375178e+02,-4.561633281550e-05,-4.972180276889e-03,0.000000000000e+00,0.000000000000e+00,9.504280006506e+01,0.000000000000e+00,0.000000000000e+00,0.000000000000e+00,0.000000000000e+00,4.952234958352e-04,5.397936104603e-02,2.646143925418e+02,2.559228820801e+02,0.000000000000e+00,1.170096146530e+00,0.000000000000e+00,5.543390301346e+04,1.090000000000e+02
2.636000000000e+03,1.032393921520e+08,8.829317306842e+04,1.158870501478e+06,5.588621935745e-01,3.431823557245e+02,-4.890231808788e-05,-5.330352671579e-03,0.000000000000e+00,0.000000000000e+00,9.257186351324e+01,0.000000000000e+00,0.000000000000e+00,0.000000000000e+00,0.000000000000e+00,4.801895061508e-04,5.234065617043e-02,2.646416845932e+02,2.558812561035e+02,0.000000000000e+00,1.168840447895e+00,0.000000000000e+00,5.543431964060e+04,1.090000000000e+02
2.637000000000e+03,1.032393018301e+08,8.838349489044e+04,1.162070385968e+06,5.595392094829e-01,3.437076388982e+02,-3.236087762565e-05,-3.527335661196e-03,0.000000000000e+00,0.000000000000e+00,9.032182201831e+01,0.000000000000e+00,0.000000000000e+00,0.000000000000e+00,0.000000000000e+00,4.938942647833e-04,5.383447486138e-02,2.647056307597e+02,2.567831115723e+02,0.000000000000e+00,1.168566845035e+00,0.000000000000e+00,5.543527688361e+04,1.090000000000e+02
2.638000000000e+03,1.032392135190e+08,8.847180603918e+04,1.166182318918e+06,5.608171877377e-01,3.441378032241e+02,-2.006716719885e-05,-2.187321224675e-03,0.000000000000e+00,0.000000000000e+00,8.831114874652e+01,0.000000000000e+00,0.000000000000e+00,0.000000000000e+00,0.000000000000e+00,6.604251912197e-04,7.198634584294e-02,2.647050374335e+02,2.560948791504e+02,0.000000000000e+00,1.167907796927e+00,0.000000000000e+00,5.543528138275e+04,1.090000000000e+02
2.639000000000e+03,1.032391266212e+08,8.855870380628e+04,1.170860643945e+06,5.624166574904e-01,3.445449429862e+02,-2.802468776705e-05,-3.054690966609e-03,0.000000000000e+00,0.000000000000e+00,8.689776709645e+01,0.000000000000e+00,0.000000000000e+00,0.000000000000e+00,0.000000000000e+00,7.513944223312e-04,8.190199203410e-02,2.646034467493e+02,2.543579406738e+02,0.000000000000e+00,1.168640646380e+00,0.000000000000e+00,5.543380177677e+04,1.090000000000e+02
2.640000000000e+03,1.032390409060e+08,8.864441902271e+04,1.175701604380e+06,5.641157325567e-01,3.449359283606e+02,-2.898642041522e-05,-3.159519825259e-03,0.000000000000e+00,0.000000000000e+00,8.571521643491e+01,0.000000000000e+00,0.000000000000e+00,0.000000000000e+00,0.000000000000e+00,7.769816893841e-04,8.469100414287e-02,2.645102493522e+02,2.539071044922e+02,0.000000000000e+00,1.169210818265e+00,0.000000000000e+00,5.543243882678e+04,1.090000000000e+02
2.641000000000e+03,1.032390748717e+08,8.861045333680e+04,1.179512846930e+06,5.650975604118e-01,3.454560174579e+02,-8.162991199363e-06,-8.897660407306e-04,0.000000000000e+00,0.000000000000e+00,-3.396568591355e+01,0.000000000000e+00,0.000000000000e+00,0.000000000000e+00,0.000000000000e+00,6.244077157703e-04,6.806044101896e-02,2.644793656080e+02,2.550620422363e+02,0.000000000000e+00,1.165877484932e+00,0.000000000000e+00,5.543193057067e+04,1.090000000000e+02
2.642000000000e+03,1.032391052438e+08,8.858008124875e+04,1.182882853607e+06,5.658810048756e-01,3.459600695093e+02,-5.367049299007e-06,-5.850083735918e-04,0.000000000000e+00,0.000000000000e+00,-3.037208804995e+01,0.000000000000e+00,0.000000000000e+00,0.000000000000e+00,0.000000000000e+00,5.505114867427e-04,6.000575205495e-02,2.645165791802e+02,2.561318969727e+02,0.000000000000e+00,1.164381387121e+00,0.000000000000e+00,5.543246213283e+04,1.090000000000e+02
2.643000000000e+03,1.032390156769e+08,8.866964817694e+04,1.186517070732e+06,5.667547746417e-01,3.464816221283e+02,-2.562647090049e-05,-2.793285328153e-03,0.000000000000e+00,0.000000000000e+00,8.956692818988e+01,0.000000000000e+00,0.000000000000e+00,0.000000000000e+00,0.000000000000e+00,5.722538920116e-04,6.237567422926e-02,2.645793659890e+02,2.568470153809e+02,0.000000000000e+00,1.164958674572e+00,0.000000000000e+00,5.543347751125e+04,1.090000000000e+02
2.644000000000e+03,1.032389031761e+08,8.878214890333e+04,1.190151932554e+06,5.678357415302e-01,3.468764446846e+02,-2.680642372102e-05,-2.921900185591e-03,0.000000000000e+00,0.000000000000e+00,1.125007263918e+02,0.000000000000e+00,0.000000000000e+00,0.000000000000e+00,0.000000000000e+00,5.719212832671e-04,6.233941987611e-02,2.646309281445e+02,2.572004699707e+02,0.000000000000e+00,1.165185755943e+00,0.000000000000e+00,5.543427835951e+04,1.090000000000e+02
2.645000000000e+03,1.032388017612e+08,8.888356387345e+04,1.193942291326e+06,5.688353525229e-01,3.473644280560e+02,-1.807015491898e-05,-1.969646886169e-03,0.000000000000e+00,0.000000000000e+00,1.014149701145e+02,0.000000000000e+00,0.000000000000e+00,0.000000000000e+00,0.000000000000e+00,6.062522626752e-04,6.608149663160e-02,2.646859533801e+02,2.573688354492e+02,0.000000000000e+00,1.165132799908e+00,0.000000000000e+00,5.543511348709e+04,1.090000000000e+02
2.646000000000e+03,1.032387062917e+08,8.897903333377e+04,1.197053479641e+06,5.694380779560e-01,3.478950793619e+02,1.624872726762e-06,1.771111272170e-04,0.000000000000e+00,0.000000000000e+00,9.546946031943e+01,0.000000000000e+00,0.000000000000e+00,0.000000000000e+00,0.000000000000e+00,5.131638999870e-04,5.593486509859e-02,2.647487333877e+02,2.580736083984e+02,0.000000000000e+00,1.165410577686e+00,0.000000000000e+00,5.543605093077e+04,1.090000000000e+02
2.647000000000e+03,1.032386150728e+08,8.907025222795e+04,1.200329194727e+06,5.702963392444e-01,3.483179354887e+02,3.913617863786e-06,4.265843471527e-04,0.000000000000e+00,0.000000000000e+00,9.121889418034e+01,0.000000000000e+00,0.000000000000e+00,0.000000000000e+00,0.000000000000e+00,5.436526498423e-04,5.925813883282e-02,2.647931288997e+02,2.582598876953e+02,0.000000000000e+00,1.165171315034e+00,0.000000000000e+00,5.543671239510e+04,1.090000000000e+02
2.648000000000e+03,1.032385268685e+08,8.915845658080e+04,1.204896270580e+06,5.718443605970e-01,3.486939931199e+02,-1.523338043307e-05,-1.660438467205e-03,0.000000000000e+00,0.000000000000e+00,8.820435285568e+01,0.000000000000e+00,0.000000000000e+00,0.000000000000e+00,0.000000000000e+00,7.390151078172e-04,8.055264675208e-02,2.648220708929e+02,2.582938537598e+02,0.000000000000e+00,1.165356500219e+00,0.000000000000e+00,5.543714727027e+04,1.090000000000e+02
2.649000000000e+03,1.032384411330e+08,8.924419208347e+04,1.209884147425e+06,5.735980970381e-01,3.490635393778e+02,-1.954482920958e-05,-2.130386383844e-03,0.000000000000e+00,0.000000000000e+00,8.573550266953e+01,0.000000000000e+00,0.000000000000e+00,0.000000000000e+00,0.000000000000e+00,8.039423249309e-04,8.762971341747e-02,2.648585370527e+02,2.583962707520e+02,0.000000000000e+00,1.164648733113e+00,0.000000000000e+00,5.543768930936e+04,1.090000000000e+02
2.650000000000e+03,1.032383574500e+08,8.932787506086e+04,1.214089537419e+06,5.747475912946e-01,3.495722116887e+02,-7.203715707709e-06,-7.852050121403e-04,0.000000000000e+00,0.000000000000e+00,8.368297739267e+01,0.000000000000e+00,0.000000000000e+00,0.000000000000e+00,0.000000000000e+00,6.864015248509e-04,7.481776620875e-02,2.649024391896e+02,2.586511230469e+02,0.000000000000e+00,1.164648733113e+00,0.000000000000e+00,5.543833461274e+04,1.090000000000e+02
2.651000000000e+03,1.032382756118e+08,8.940971328362e+04,1.218731520507e+06,5.763554337572e-01,3.499249272211e+02,1.933246662778e-05,2.107238862428e-03,0.000000000000e+00,0.000000000000e+00,8.183822275561e+01,0.000000000000e+00,0.000000000000e+00,0.000000000000e+00,0.000000000000e+00,7.846792739879e-04,8.553004086468e-02,2.649561681788e+02,2.590455932617e+02,0.000000000000e+00,1.164015375865e+00,0.000000000000e+00,5.543911468544e+04,1.090000000000e+02
2.652000000000e+03,1.032381954776e+08,8.948984746041e+04,1.223471800661e+06,5.779705612943e-01,3.502999205374e+02,3.727199160569e-05,4.062647085020e-03,0.000000000000e+00,0.000000000000e+00,8.013417679396e+01,0.000000000000e+00,0.000000000000e+00,0.000000000000e+00,0.000000000000e+00,8.191827434567e-04,8.929091903678e-02,2.650042447366e+02,2.592492065430e+02,0.000000000000e+00,1.164015375865e+00,0.000000000000e+00,5.543980803553e+04,1.090000000000e+02
2.653000000000e+03,1.032381167231e+08,8.956860192216e+04,1.227392468253e+06,5.791186909958e-01,3.507234103783e+02,6.706452855861e-05,7.310033612888e-03,0.000000000000e+00,0.000000000000e+00,7.875446175007e+01,0.000000000000e+00,0.000000000000e+00,0.000000000000e+00,0.000000000000e+00,7.145056574801e-04,7.788111666533e-02,2.650296530668e+02,2.592140502930e+02,0.000000000000e+00,1.163524024438e+00,0.000000000000e+00,5.544017913875e+04,1.090000000000e+02
2.654000000000e+03,1.032380392293e+08,8.964609576091e+04,1.231717550617e+06,5.805563148521e-01,3.510837025056e+02,7.159399754716e-05,7.803745732640e-03,0.000000000000e+00,0.000000000000e+00,7.749383874489e+01,0.000000000000e+00,0.000000000000e+00,0.000000000000e+00,0.000000000000e+00,7.849755120656e-04,8.556233081515e-02,2.650740394138e+02,2.595045776367e+02,0.000000000000e+00,1.162215693014e+00,0.000000000000e+00,5.544081557273e+04,1.090000000000e+02
2.655000000000e+03,1.032379629450e+08,8.972238002437e+04,1.235377297802e+06,5.815095592454e-01,3.515432238876e+02,5.842846537667e-05,6.368702726057e-03,0.000000000000e+00,0.000000000000e+00,7.628426346691e+01,0.000000000000e+00,0.000000000000e+00,0.000000000000e+00,0.000000000000e+00,6.603127862092e-04,7.197409369680e-02,2.651457451026e+02,2.601454162598e+02,0.000000000000e+00,1.160887626217e+00,0.000000000000e+00,5.544182594935e+04,1.090000000000e+02
2.656000000000e+03,1.032378877383e+08,8.979758674492e+04,1.239402848018e+06,5.827649768358e-01,3.519233864335e+02,5.839957869170e-05,6.365554077395e-03,0.000000000000e+00,0.000000000000e+00,7.520672054679e+01,0.000000000000e+00,0.000000000000e+00,0.000000000000e+00,0.000000000000e+00,7.212830136928e-04,7.861984849251e-02,2.652086903402e+02,2.603712158203e+02,0.000000000000e+00,1.160887626217e+00,0.000000000000e+00,5.544270503535e+04,1.090000000000e+02
2.657000000000e+03,1.032378135146e+08,8.987181041874e+04,1.243508777856e+06,5.840295212636e-01,3.523182950703e+02,7.155412797480e-05,7.799399949253e-03,0.000000000000e+00,0.000000000000e+00,7.422367382045e+01,0.000000000000e+00,0.000000000000e+00,0.000000000000e+00,0.000000000000e+00,7.472161931303e-04,8.144656505121e-02,2.652819900402e+02,2.609060668945e+02,0.000000000000e+00,1.158807951996e+00,0.000000000000e+00,5.544371807253e+04,1.090000000000e+02
2.658000000000e+03,1.032377401764e+08,8.994514865339e+04,1.246846916533e+06,5.848348301011e-01,3.527721071864e+02,8.475659620666e-05,9.238468986526e-03,0.000000000000e+00,0.000000000000e+00,7.333823464721e+01,0.000000000000e+00,0.000000000000e+00,0.000000000000e+00,0.000000000000e+00,6.338879690509e-04,6.909378862655e-02,2.653453578133e+02,2.612587280273e+02,0.000000000000e+00,1.158088256636e+00,0.000000000000e+00,5.544458656589e+04,1.090000000000e+02
2.659000000000e+03,1.032376676688e+08,9.001765619756e+04,1.249641680181e+06,5.853534826490e-01,3.532403438091e+02,1.121992890753e-04,1.222972250920e-02,0.000000000000e+00,0.000000000000e+00,7.250754417333e+01,0.000000000000e+00,0.000000000000e+00,0.000000000000e+00,0.000000000000e+00,5.692501843033e-04,6.204827008906e-02,2.654524075896e+02,2.623363647461e+02,0.000000000000e+00,1.156320181248e+00,0.000000000000e+00,5.544603205252e+04,1.090000000000e+02
2.660000000000e+03,1.032375959799e+08,9.008934513039e+04,1.252928914782e+06,5.862245719612e-01,3.536356760996e+02,1.026639407948e-04,1.119036954664e-02,0.000000000000e+00,0.000000000000e+00,7.168893283129e+01,0.000000000000e+00,0.000000000000e+00,0.000000000000e+00,0.000000000000e+00,6.421261350325e-04,6.999174871854e-02,2.655419641542e+02,2.624875183105e+02,0.000000000000e+00,1.156227588655e+00,0.000000000000e+00,5.544722428969e+04,1.090000000000e+02
2.661000000000e+03,1.032375249328e+08,9.016039223108e+04,1.258198266315e+06,5.883014939313e-01,3.538638817214e+02,9.211812176972e-05,1.004087527290e-02,0.000000000000e+00,0.000000000000e+00,7.104710068866e+01,0.000000000000e+00,0.000000000000e+00,0.000000000000e+00,0.000000000000e+00,9.608473784669e-04,1.047323642529e-01,2.656051871897e+02,2.624607849121e+02,0.000000000000e+00,1.156227588655e+00,0.000000000000e+00,5.544805995525e+04,1.090000000000e+02
2.662000000000e+03,1.032374545241e+08,9.023080090228e+04,1.262235129874e+06,5.894441641670e-01,3.543037757760e+02,1.166694168037e-04,1.271696643160e-02,0.000000000000e+00,0.000000000000e+00,7.040867119298e+01,0.000000000000e+00,0.000000000000e+00,0.000000000000e+00,0.000000000000e+00,7.803132835268e-04,8.505414790443e-02,2.656921910225e+02,2.630239257812e+02,0.000000000000e+00,1.155526484472e+00,0.000000000000e+00,5.544919753283e+04,1.090000000000e+02
2.663000000000e+03,1.032373846353e+08,9.030068974788e+04,1.265434618111e+06,5.902620760458e-01,3.547053011569e+02,1.334795088460e-04,1.454926646421e-02,0.000000000000e+00,0.000000000000e+00,6.988884560766e+01,0.000000000000e+00,0.000000000000e+00,0.000000000000e+00,0.000000000000e+00,6.602753193070e-04,7.197000980446e-02,2.657446447755e+02,2.627440795898e+02,0.000000000000e+00,1.155433891879e+00,0.000000000000e+00,5.544987886493e+04,1.090000000000e+02
2.664000000000e+03,1.032373152725e+08,9.037005259033e+04,1.268398975179e+06,5.908706314444e-01,3.551631281469e+02,1.233498780528e-04,1.344513670776e-02,0.000000000000e+00,0.000000000000e+00,6.936284244844e+01,0.000000000000e+00,0.000000000000e+00,0.000000000000e+00,0.000000000000e+00,6.097251021713e-04,6.646003613667e-02,2.658286071669e+02,2.635914916992e+02,0.000000000000e+00,1.155248706694e+00,0.000000000000e+00,5.545095758103e+04,1.090000000000e+02
2.665000000000e+03,1.032372464876e+08,9.043883746032e+04,1.272182473112e+06,5.920693856063e-01,3.554922841684e+02,1.333023399267e-04,1.452995505201e-02,0.000000000000e+00,0.000000000000e+00,6.878486998457e+01,0.000000000000e+00,0.000000000000e+00,0.000000000000e+00,0.000000000000e+00,7.539399882161e-04,8.217945871555e-02,2.659398009275e+02,2.643602294922e+02,0.000000000000e+00,1.154608122221e+00,0.000000000000e+00,5.545236326386e+04,1.090000000000e+02
2.666000000000e+03,1.032371782243e+08,9.050710072869e+04,1.276097036643e+06,5.932597140278e-01,3.558605855992e+02,1.541775491495e-04,1.680535285729e-02,0.000000000000e+00,0.000000000000e+00,6.826326837004e+01,0.000000000000e+00,0.000000000000e+00,0.000000000000e+00,0.000000000000e+00,7.958286789558e-04,8.674532600618e-02,2.660664335498e+02,2.653844299316e+02,0.000000000000e+00,1.153845874889e+00,0.000000000000e+00,5.545393637338e+04,1.090000000000e+02
2.667000000000e+03,1.032371103020e+08,9.057502308166e+04,1.279173776151e+06,5.939695638898e-01,3.562847413040e+02,1.662476746962e-04,1.812099654188e-02,0.000000000000e+00,0.000000000000e+00,6.792235297331e+01,0.000000000000e+00,0.000000000000e+00,0.000000000000e+00,0.000000000000e+00,6.707918091949e-04,7.311630720225e-02,2.661621668090e+02,2.653823852539e+02,0.000000000000e+00,1.153660689704e+00,0.000000000000e+00,5.545510769358e+04,1.090000000000e+02
2.668000000000e+03,1.032370426048e+08,9.064272029749e+04,1.282181058322e+06,5.947130692932e-01,3.566694215306e+02,1.903187833270e-04,2.074474738264e-02,0.000000000000e+00,0.000000000000e+00,6.769721583193e+01,0.000000000000e+00,0.000000000000e+00,0.000000000000e+00,0.000000000000e+00,6.839958838704e-04,7.455555134188e-02,2.662450412524e+02,2.653506774902e+02,0.000000000000e+00,1.153173857366e+00,0.000000000000e+00,5.545611101810e+04,1.090000000000e+02
2.669000000000e+03,1.032369751409e+08,9.071018414469e+04,1.285567279863e+06,5.956644942087e-01,3.570332835092e+02,1.893934609138e-04,2.064388723961e-02,0.000000000000e+00,0.000000000000e+00,6.746384719635e+01,0.000000000000e+00,0.000000000000e+00,0.000000000000e+00,0.000000000000e+00,7.454816569754e-04,8.125750061032e-02,2.663345593288e+02,2.656712951660e+02,0.000000000000e+00,1.151545880396e+00,0.000000000000e+00,5.545718218836e+04,1.090000000000e+02
2.670000000000e+03,1.032369078915e+08,9.077743357765e+04,1.290022299434e+06,5.979206053797e-01,3.569119492270e+02,1.986371592022e-04,2.165145035304e-02,0.000000000000e+00,0.000000000000e+00,6.724943296295e+01,0.000000000000e+00,0.000000000000e+00,0.000000000000e+00,0.000000000000e+00,9.315993485641e-04,1.015443289935e-01,2.664232544070e+02,2.658271179199e+02,0.000000000000e+00,1.151196686110e+00,0.000000000000e+00,5.545822991019e+04,1.090000000000e+02
2.671000000000e+03,1.032368407190e+08,9.084460602448e+04,1.293500008549e+06,5.983379550367e-01,3.576196624864e+02,2.102305216127e-04,2.291512685579e-02,0.000000000000e+00,0.000000000000e+00,6.717244682921e+01,0.000000000000e+00,0.000000000000e+00,0.000000000000e+00,0.000000000000e+00,7.826374384067e-04,8.530748078633e-02,2.664874436799e+02,2.656517944336e+02,0.000000000000e+00,1.150644846925e+00,0.000000000000e+00,5.545898116228e+04,1.090000000000e+02
2.672000000000e+03,1.032367736712e+08,9.091165389308e+04,1.296789531466e+06,5.993011080061e-01,3.579474510343e+02,2.543290256698e-04,2.772186379800e-02,0.000000000000e+00,0.000000000000e+00,6.704786859966e+01,0.000000000000e+00,0.000000000000e+00,0.000000000000e+00,0.000000000000e+00,7.952176636970e-04,8.667872534297e-02,2.665605936878e+02,2.660412597656e+02,0.000000000000e+00,1.150103131977e+00,0.000000000000e+00,5.545982915506e+04,1.090000000000e+02
2.673000000000e+03,1.032367068847e+08,9.097844040901e+04,1.301445372067e+06,6.012027444698e-01,3.580878016732e+02,3.265271112239e-04,3.559145512341e-02,0.000000000000e+00,0.000000000000e+00,6.678651592858e+01,0.000000000000e+00,0.000000000000e+00,0.000000000000e+00,0.000000000000e+00,1.091594968998e-03,1.189838516208e-01,2.666759682404e+02,2.670380859375e+02,0.000000000000e+00,1.149210179685e+00,0.000000000000e+00,5.546114576299e+04,1.090000000000e+02
2.674000000000e+03,1.032367156858e+08,9.096963933359e+04,1.307243441933e+06,6.033982720295e-01,3.583669908027e+02,3.290313399168e-04,3.586441605093e-02,0.000000000000e+00,0.000000000000e+00,-8.801075415412e+00,0.000000000000e+00,0.000000000000e+00,0.000000000000e+00,0.000000000000e+00,1.283687099819e-03,1.399218938803e-01,2.667798368034e+02,2.674275207520e+02,0.000000000000e+00,1.145347306620e+00,0.000000000000e+00,5.546228733521e+04,1.090000000000e+02
2.675000000000e+03,1.032367231742e+08,9.096215084813e+04,1.313227867065e+06,6.059428410328e-01,3.584905009402e+02,2.668129699034e-04,2.908261371947e-02,0.000000000000e+00,0.000000000000e+00,-7.488485466120e+00,0.000000000000e+00,0.000000000000e+00,0.000000000000e+00,0.000000000000e+00,1.253545788672e-03,1.366364909652e-01,2.668548013348e+02,2.674375915527e+02,0.000000000000e+00,1.143813628266e+00,0.000000000000e+00,5.546309970572e+04,1.090000000000e+02
2.676000000000e+03,1.032367046410e+08,9.098068404669e+04,1.318260328744e+06,6.078075557841e-01,3.587561737386e+02,2.282996769524e-04,2.488466478781e-02,0.000000000000e+00,0.000000000000e+00,1.853319856255e+01,0.000000000000e+00,0.000000000000e+00,0.000000000000e+00,0.000000000000e+00,1.058263420330e-03,1.153507128160e-01,2.669124104116e+02,2.670426025391e+02,0.000000000000e+00,1.142651572720e+00,0.000000000000e+00,5.546372808604e+04,1.090000000000e+02
2.677000000000e+03,1.032366634900e+08,9.102183512846e+04,1.321616571132e+06,6.087709839335e-01,3.590981926378e+02,2.513642480080e-04,2.739870303287e-02,0.000000000000e+00,0.000000000000e+00,4.115108177452e+01,0.000000000000e+00,0.000000000000e+00,0.000000000000e+00,0.000000000000e+00,8.052129805124e-04,8.776821487585e-02,2.669419893137e+02,2.664530639648e+02,0.000000000000e+00,1.141551197234e+00,0.000000000000e+00,5.546406059001e+04,1.090000000000e+02
2.678000000000e+03,1.032365648709e+08,9.112045422709e+04,1.324581886733e+06,6.094662017512e-01,3.594906988864e+02,2.683260181019e-04,2.924753597311e-02,0.000000000000e+00,0.000000000000e+00,9.861909863030e+01,0.000000000000e+00,0.000000000000e+00,0.000000000000e+00,0.000000000000e+00,7.571984173410e-04,8.253462749016e-02,2.669776846018e+02,2.665059814453e+02,0.000000000000e+00,1.141821930661e+00,0.000000000000e+00,5.546447070970e+04,1.090000000000e+02
2.679000000000e+03,1.032364784498e+08,9.120687529064e+04,1.329016904029e+06,6.113456832156e-01,3.595816089734e+02,2.924876488075e-04,3.188115372002e-02,0.000000000000e+00,0.000000000000e+00,8.642106354312e+01,0.000000000000e+00,0.000000000000e+00,0.000000000000e+00,0.000000000000e+00,1.023724661083e-03,1.115859880581e-01,2.670319055359e+02,2.668302612305e+02,0.000000000000e+00,1.141767142452e+00,0.000000000000e+00,5.546506436759e+04,1.090000000000e+02
2.680000000000e+03,1.032363966091e+08,9.128871601030e+04,1.332346845070e+06,6.123642067405e-01,3.598757064361e+02,3.450267788332e-04,3.760791889282e-02,0.000000000000e+00,0.000000000000e+00,8.184071966297e+01,0.000000000000e+00,0.000000000000e+00,0.000000000000e+00,0.000000000000e+00,8.913660091521e-04,9.715889499758e-02,2.671366709867e+02,2.678546447754e+02,0.000000000000e+00,1.140922713389e+00,0.000000000000e+00,5.546618535445e+04,1.090000000000e+02
2.681000000000e+03,1.032363173407e+08,9.136798435796e+04,1.334377353009e+06,6.124638810535e-01,3.603581510280e+02,3.361170807800e-04,3.663676180502e-02,0.000000000000e+00,0.000000000000e+00,7.926834766236e+01,0.000000000000e+00,0.000000000000e+00,0.000000000000e+00,0.000000000000e+00,6.674690176667e-04,7.275412292567e-02,2.672443734787e+02,2.686212768555e+02,0.000000000000e+00,1.140547352242e+00,0.000000000000e+00,5.546731618142e+04,1.090000000000e+02
2.682000000000e+03,1.032362398649e+08,9.144546013716e+04,1.336697324339e+06,6.129845078016e-01,3.606692150665e+02,3.840823460621e-04,4.186497572077e-02,0.000000000000e+00,0.000000000000e+00,7.747577919276e+01,0.000000000000e+00,0.000000000000e+00,0.000000000000e+00,0.000000000000e+00,7.623740138345e-04,8.309876750796e-02,2.673766660601e+02,2.694077758789e+02,0.000000000000e+00,1.140050523615e+00,0.000000000000e+00,5.546867831035e+04,1.090000000000e+02
2.683000000000e+03,1.032361636408e+08,9.152126805754e+04,1.338976387605e+06,6.131827482657e-01,3.611586021645e+02,4.086556237142e-04,4.454346298485e-02,0.000000000000e+00,4.162173004944e-01,7.622413768672e+01,0.000000000000e+00,0.000000000000e+00,0.000000000000e+00,0.000000000000e+00,7.802398467338e-04,8.504614329398e-02,2.675099235311e+02,2.699099731445e+02,0.000000000000e+00,1.140050523615e+00,4.162173004944e-01,5.547002120509e+04,1.090000000000e+02
2.684000000000e+03,1.032360877223e+08,9.158504520972e+04,1.341518061563e+06,6.138485597533e-01,3.614429496641e+02,4.438898090411e-04,4.838398918548e-02,0.000000000000e+00,1.214165016575e+01,7.591880234182e+01,0.000000000000e+00,0.000000000000e+00,0.000000000000e+00,0.000000000000e+00,8.589108746361e-04,9.362128533534e-02,2.676456256397e+02,2.703914794922e+02,0.000000000000e+00,1.139957931022e+00,1.214165016575e+01,5.547136074201e+04,1.090000000000e+02
2.685000000000e+03,1.032360118955e+08,9.164346628737e+04,1.345728344648e+06,6.154879866227e-01,3.616050673426e+02,4.844813423848e-04,5.280846631994e-02,0.000000000000e+00,1.740669222515e+01,7.582776987434e+01,0.000000000000e+00,0.000000000000e+00,0.000000000000e+00,0.000000000000e+00,1.176825666793e-03,1.282739976805e-01,2.677482577493e+02,2.702321166992e+02,0.000000000000e+00,1.138813397521e+00,1.740669222515e+01,5.547235406042e+04,1.090000000000e+02
2.686000000000e+03,1.032359360821e+08,9.170135769657e+04,1.350573215915e+06,6.175059312833e-01,3.617165624888e+02,4.854420708136e-04,5.291318571868e-02,0.000000000000e+00,1.792107952061e+01,7.581248872559e+01,0.000000000000e+00,0.000000000000e+00,0.000000000000e+00,0.000000000000e+00,1.283992809923e-03,1.399552162816e-01,2.678189308019e+02,2.700245056152e+02,0.000000000000e+00,1.138552823368e+00,1.792107952061e+01,5.547302904541e+04,1.090000000000e+02
2.687000000000e+03,1.032358603631e+08,9.175704351910e+04,1.354030146156e+06,6.186402397912e-01,3.619721909887e+02,4.834953624188e-04,5.270099450365e-02,0.000000000000e+00,2.003355484700e+01,7.571937737628e+01,0.000000000000e+00,0.000000000000e+00,0.000000000000e+00,0.000000000000e+00,1.051938942639e-03,1.146613447476e-01,2.679048143099e+02,2.705227355957e+02,0.000000000000e+00,1.137734280935e+00,2.003355484700e+01,5.547384008663e+04,1.090000000000e+02
2.688000000000e+03,1.032357846707e+08,9.181017556197e+04,1.356691275114e+06,6.194377895565e-01,3.622118156870e+02,4.902869703601e-04,5.344127976925e-02,0.000000000000e+00,2.256127941273e+01,7.569332227923e+01,0.000000000000e+00,0.000000000000e+00,0.000000000000e+00,0.000000000000e+00,9.274125221576e-04,1.010879649152e-01,2.679837421814e+02,2.704778747559e+02,0.000000000000e+00,1.137734280935e+00,2.256127941273e+01,5.547457495418e+04,1.090000000000e+02
2.689000000000e+03,1.032357089301e+08,9.186154367778e+04,1.358761312034e+06,6.198043692304e-01,3.625451433978e+02,5.099421786849e-04,5.558369747665e-02,0.000000000000e+00,2.437288596490e+01,7.574100177396e+01,0.000000000000e+00,0.000000000000e+00,0.000000000000e+00,0.000000000000e+00,8.493167409644e-04,9.257552476511e-02,2.680631952714e+02,2.707965087891e+02,0.000000000000e+00,1.137549095750e+00,2.437288596490e+01,5.547530542995e+04,1.090000000000e+02
2.690000000000e+03,1.032356331597e+08,9.190923603431e+04,1.360537213769e+06,6.200818957511e-01,3.628506395991e+02,5.748748139144e-04,6.266135471667e-02,0.000000000000e+00,2.807807578650e+01,7.577043232261e+01,0.000000000000e+00,0.000000000000e+00,0.000000000000e+00,0.000000000000e+00,8.649328438215e-04,9.427767997654e-02,2.681622724849e+02,2.715332641602e+02,0.000000000000e+00,1.136152540877e+00,2.807807578650e+01,5.547620279179e+04,1.090000000000e+02
2.691000000000e+03,1.032355572167e+08,9.195420395272e+04,1.361763319268e+06,6.201258782853e-01,3.631467918663e+02,6.556660534624e-04,7.146759982740e-02,0.000000000000e+00,3.097572260189e+01,7.594364101267e+01,0.000000000000e+00,0.000000000000e+00,0.000000000000e+00,0.000000000000e+00,8.552792049799e-04,9.322543334281e-02,2.682494062899e+02,2.717089233398e+02,0.000000000000e+00,1.135674961584e+00,3.097572260189e+01,5.547697900646e+04,1.090000000000e+02
2.692000000000e+03,1.032354811259e+08,9.199498627815e+04,1.362539503016e+06,6.198547314379e-01,3.635059452069e+02,6.929090795197e-04,7.552708966765e-02,0.000000000000e+00,3.530864510449e+01,7.609097052974e+01,0.000000000000e+00,0.000000000000e+00,0.000000000000e+00,0.000000000000e+00,8.170684642662e-04,8.906046260501e-02,2.683673857866e+02,2.724472961426e+02,0.000000000000e+00,1.134983580784e+00,3.530864510449e+01,5.547801246694e+04,1.090000000000e+02
2.693000000000e+03,1.032354047831e+08,9.203074534077e+04,1.363226060027e+06,6.196296662134e-01,3.638146159225e+02,6.611855714017e-04,7.206922728278e-02,0.000000000000e+00,4.058373116270e+01,7.634279378372e+01,0.000000000000e+00,0.000000000000e+00,0.000000000000e+00,0.000000000000e+00,7.706386662900e-04,8.399961462562e-02,2.684845272751e+02,2.728903503418e+02,0.000000000000e+00,1.132823913295e+00,4.058373116270e+01,5.547901683163e+04,1.090000000000e+02
2.694000000000e+03,1.032356636778e+08,9.213352490113e+04,1.364045268231e+06,6.194238395303e-01,3.641464896007e+02,6.641592621127e-04,7.239335957028e-02,0.000000000000e+00,5.555847851278e+01,-2.588938075836e+02,6.899199827545e-05,7.520127812025e-03,0.000000000000e+00,0.000000000000e+00,8.638484322526e-04,9.415947911553e-02,2.686266019604e+02,2.731107177734e+02,0.000000000000e+00,1.127937688254e+00,5.555847851278e+01,5.548019070135e+04,1.090000000000e+02
2.695000000000e+03,1.032476201053e+08,9.454936426995e+04,1.351425029845e+06,6.131804341130e-01,3.644120960117e+02,5.995807680806e-04,6.535430372079e-02,0.000000000000e+00,3.854831060114e+02,-1.195642647308e+04,2.440212204016e-03,2.659831302377e-01,0.000000000000e+00,0.000000000000e+00,9.291692958351e-04,1.012794532460e-01,2.694386907642e+02,2.735635070801e+02,0.000000000000e+00,9.999634674388e-01,3.854831060114e+02,5.548607931457e+04,1.090000000000e+02
2.696000000000e+03,1.032705282978e+08,1.016771986948e+05,1.324030171547e+06,5.998869919001e-01,3.648886131262e+02,4.847945515686e-04,5.284260612097e-02,0.000000000000e+00,1.663678556904e+03,-2.290819388596e+04,4.502186287444e-03,4.907383053314e-01,7.387948199957e-04,8.052863537953e-02,4.285630812062e-04,4.671337585147e-02,2.706377849111e+02,2.737495727539e+02,0.000000000000e+00,7.263782239282e-01,1.663678556904e+03,5.549338415391e+04,1.090000000000e+02
2.697000000000e+03,1.033054163113e+08,1.210331164632e+05,1.267640188255e+06,5.732296066474e-01,3.655400549986e+02,2.695322568851e-04,2.937901600047e-02,0.000000000000e+00,1.203400480504e+04,-3.488802054851e+04,9.084012854455e-03,9.901574011356e-01,1.872223340022e-03,2.040723440624e-01,0.000000000000e+00,0.000000000000e+00,2.724940864820e+02,2.749679870605e+02,0.000000000000e+00,2.959604832506e-01,1.203400480504e+04,5.550158445993e+04,1.090000000000e+02
2.698000000000e+03,1.033284932061e+08,1.439328513161e+05,1.181572397769e+06,5.333453664475e-01,3.661879679282e+02,5.744420168985e-05,6.261417984194e-03,0.000000000000e+00,7.030540455489e+04,-2.307689759251e+04,1.417628628230e-02,1.545215204771e+00,5.044422226352e-03,5.498420226723e-01,0.000000000000e+00,0.000000000000e+00,2.730799580675e+02,2.757260437012e+02,0.000000000000e+00,3.425925925882e-03,7.030540455489e+04,5.550353342597e+04,1.090000000000e+02
2.699000000000e+03,1.033324682554e+08,1.604427251315e+05,1.079803095548e+06,4.865922124662e-01,3.668021771209e+02,-5.918124213991e-05,-6.450755393250e-03,0.000000000000e+00,1.065346213628e+05,-3.975048091852e+03,1.688075967032e-02,1.840002804065e+00,4.114611722680e-03,4.484926777721e-01,0.000000000000e+00,0.000000000000e+00,2.730650279119e+02,2.760657348633e+02,0.000000000000e+00,2.407407407389e-03,1.065346213628e+05,5.550349802692e+04,1.090000000000e+02
2.700000000000e+03,1.033350984110e+08,1.758613989677e+05,9.696444142292e+05,4.362672506911e-01,3.673773496082e+02,-1.178984522346e-04,-1.285093129357e-02,0.000000000000e+00,1.010247763661e+05,-2.630151951685e+03,1.832627976090e-02,1.997564493938e+00,1.355695238141e-03,1.477707809574e-01,0.000000000000e+00,0.000000000000e+00,2.730614293555e+02,2.761352539062e+02,0.000000000000e+00,6.203703703679e-03,1.010247763661e+05,5.550348981837e+04,1.090000000000e+02
2.701000000000e+03,1.033370071525e+08,1.897457666260e+05,8.582682472733e+05,3.855676845093e-01,3.679382190512e+02,-1.238087922165e-04,-1.349515835160e-02,0.000000000000e+00,1.088877488801e+05,-1.908741992316e+03,1.853343091295e-02,2.020143969512e+00,2.075384788805e-03,2.262169419798e-01,0.000000000000e+00,0.000000000000e+00,2.730574326758e+02,2.759951782227e+02,0.000000000000e+00,9.351851851824e-03,1.088877488801e+05,5.550347982026e+04,1.090000000000e+02
2.702000000000e+03,1.033384988153e+08,2.026709499236e+05,7.405073721892e+05,3.321846199652e-01,3.684701193627e+02,-1.427359510640e-04,-1.555821866597e-02,0.000000000000e+00,1.141153888450e+05,-1.491663713766e+03,1.960771684199e-02,2.137241135776e+00,1.637705793367e-03,1.785099314770e-01,0.000000000000e+00,0.000000000000e+00,2.730552033443e+02,2.762627258301e+02,0.000000000000e+00,7.129629629612e-03,1.141153888450e+05,5.550347397137e+04,1.090000000000e+02
2.703000000000e+03,1.033396377378e+08,2.147418346544e+05,6.185457490794e+05,2.770943601817e-01,3.689745650272e+02,-1.520851399685e-04,-1.657728025656e-02,0.000000000000e+00,1.156720536582e+05,-1.138921701042e+03,2.031143216075e-02,2.213946105522e+00,9.917831998296e-04,1.081043687814e-01,0.000000000000e+00,0.000000000000e+00,2.730523613893e+02,2.762880859375e+02,0.000000000000e+00,5.648148148140e-03,1.156720536582e+05,5.550346670896e+04,1.090000000000e+02
2.704000000000e+03,1.033405343342e+08,2.261149267958e+05,4.976713573829e+05,2.226701814565e-01,3.694304025045e+02,-1.666573312195e-04,-1.816564910292e-02,0.000000000000e+00,1.156578518767e+05,-8.965929615331e+02,2.014629272472e-02,2.195945906994e+00,9.991819573023e-04,1.089108333460e-01,0.000000000000e+00,0.000000000000e+00,2.730506023369e+02,2.766585998535e+02,0.000000000000e+00,4.166666666669e-03,1.156578518767e+05,5.550346244491e+04,1.090000000000e+02
2.705000000000e+03,1.033412634056e+08,2.330171006027e+05,3.618638901634e+05,1.617806834501e-01,3.697172851841e+02,-2.492084929874e-04,-2.716372573563e-02,0.000000000000e+00,2.347759726676e+05,-7.290396839198e+02,2.269721649903e-02,2.473996598395e+00,1.737087772624e-02,1.893425672160e+00,0.000000000000e+00,0.000000000000e+00,2.730636429956e+02,2.772521362305e+02,0.000000000000e+00,3.611111111113e-03,2.347759726676e+05,5.550349862293e+04,1.090000000000e+02
2.706000000000e+03,1.033417894338e+08,2.371581135547e+05,2.155071708239e+05,9.633692604154e-02,3.697591806143e+02,-2.851046842992e-04,-3.107641058861e-02,0.000000000000e+00,2.468830005193e+05,-5.260066295298e+02,2.447676334005e-02,2.667967204065e+00,1.710257752556e-02,1.864180950286e+00,0.000000000000e+00,0.000000000000e+00,2.730422353631e+02,2.768986206055e+02,0.000000000000e+00,4.351851851863e-03,2.468830005193e+05,5.550342738895e+04,1.090000000000e+02
2.707000000000e+03,1.033419586416e+08,2.463169723117e+05,7.052129001211e+04,3.157644623384e-02,3.691401644939e+02,-2.749121682443e-04,-2.996542633863e-02,0.000000000000e+00,1.440714567291e+05,-1.691930330078e+02,2.424003075641e-02,2.642163352449e+00,1.115772176538e-03,1.216191672427e-01,0.000000000000e+00,0.000000000000e+00,2.730532988345e+02,2.771823425293e+02,0.000000000000e+00,1.101851851856e-02,1.440714567291e+05,5.550347192891e+04,1.090000000000e+02
2.708000000000e+03,1.033430465173e+08,1.180646163323e+05,3.084322515210e+03,1.392508568018e-03,3.660877846083e+02,-3.815463921269e-04,-4.158855674183e-02,2.911546431877e-03,2.016696109602e+05,-9.262889547559e+02,1.128204672494e-02,1.229743093019e+00,7.867546534693e-04,8.575625722815e-02,0.000000000000e+00,0.000000000000e+00,2.736733897198e+02,2.772532348633e+02,1.203703703702e-03,5.925925925954e-03,2.016696109602e+05,5.550424802835e+04,1.090000000000e+02
2.709000000000e+03,1.033510922090e+08,6.439311298447e+04,2.566274183610e+01,1.170769977071e-05,3.624496955521e+02,4.474710539729e-04,4.877434488304e-02,-5.737722116839e-02,6.120722345858e+04,-1.123041300167e+04,5.108349723986e-04,5.568101199145e-02,2.517382222370e-03,2.743946622383e-01,0.000000000000e+00,0.000000000000e+00,2.780273946991e+02,2.775728149414e+02,2.935185185182e-02,2.750000000001e-02,6.120722345858e+04,5.550195551613e+04,1.090000000000e+02
2.710000000000e+03,1.033524894655e+08,4.290706439419e+04,5.991303695284e-01,2.756261917965e-07,3.600994027887e+02,1.105702792745e-03,1.205216044092e-01,-1.250520095369e-01,3.039007068090e+04,-8.337906418898e+03,4.184756128847e-06,4.561384180443e-04,2.804355542670e-03,3.056747541510e-01,0.000000000000e+00,0.000000000000e+00,2.791209297595e+02,2.781106567383e+02,4.731481481477e-02,5.064814814813e-02,3.039007068090e+04,5.549888603778e+04,1.090000000000e+02
2.711000000000e+03,1.033473897959e+08,2.583821804448e+04,4.221051434739e-01,1.934505312363e-07,3.604865640050e+02,1.226574095122e-03,1.336965763683e-01,-1.382644071190e-01,2.347433661290e+04,-2.573862479778e+03,2.972611913298e-08,3.240146985495e-06,1.442402197560e-03,1.572218395341e-01,0.000000000000e+00,0.000000000000e+00,2.800940389922e+02,2.785783386230e+02,6.537037037031e-02,8.046296296293e-02,2.347433661290e+04,5.549561188659e+04,1.090000000000e+02
2.712000000000e+03,1.033408434928e+08,1.401212711841e+04,4.175451051490e-01,1.909674759765e-07,3.610412699012e+02,1.273228699239e-03,1.387819282171e-01,-1.421073354728e-01,1.773975321343e+04,-1.340165021177e+03,7.528450570604e-10,8.206011121958e-08,1.168626040066e-03,1.273802383672e-01,0.000000000000e+00,0.000000000000e+00,2.805798584099e+02,2.790574340820e+02,8.129629629622e-02,1.083333333333e-01,1.773975321343e+04,5.549400870535e+04,1.090000000000e+02
2.713000000000e+03,1.033320814981e+08,6.694332046732e+03,4.171839776499e-01,1.904559062274e-07,3.616506070657e+02,1.293529493664e-03,1.409947148094e-01,-1.429926171320e-01,1.198043256472e+04,8.267111522955e+02,5.063548158425e-11,5.519267492683e-09,6.157942063652e-04,6.712156849381e-02,0.000000000000e+00,0.000000000000e+00,2.813499990477e+02,2.794629516602e+02,9.583333333325e-02,1.365740740740e-01,1.198043256472e+04,5.549082873854e+04,1.090000000000e+02
2.714000000000e+03,1.033250420556e+08,2.325571828888e+03,4.171493732303e-01,1.900953833194e-07,3.600165625603e+02,1.276695261308e-03,1.391597834826e-01,-1.402838329561e-01,8.614361885305e+03,-7.452256463123e+02,3.398942171529e-12,3.704846966967e-10,8.147805204672e-04,8.881107673092e-02,0.000000000000e+00,0.000000000000e+00,2.816385748415e+02,2.796016235352e+02,1.065740740740e-01,1.606481481481e-01,8.614361885305e+03,5.548972130532e+04,1.090000000000e+02
2.715000000000e+03,1.033222110069e+08,2.310279186082e+01,4.171627526942e-01,1.897490999151e-07,3.606745440608e+02,1.190204126355e-03,1.297322497727e-01,-1.302887678473e-01,6.384260315642e+03,-4.398978805138e+03,0.000000000000e+00,0.000000000000e+00,1.396986606507e-03,1.522715401093e-01,0.000000000000e+00,0.000000000000e+00,2.813283920510e+02,2.791690673828e+02,1.206481481481e-01,1.749074074074e-01,6.384260315642e+03,5.549139512250e+04,1.090000000000e+02
2.716000000000e+03,1.033317204665e+08,2.550360154595e+01,4.171527666007e-01,1.894058608452e-07,3.613291156829e+02,1.204574129388e-03,1.312985801033e-01,-1.312477957490e-01,3.816605107031e+03,-1.679272024270e+04,0.000000000000e+00,0.000000000000e+00,3.408187053063e-03,3.714923887839e-01,0.000000000000e+00,0.000000000000e+00,2.816328161564e+02,2.793969116211e+02,1.320370370370e-01,1.623148148148e-01,3.816605107031e+03,5.549000781325e+04,1.090000000000e+02
2.717000000000e+03,1.033495374682e+08,3.064911484796e+01,4.171463500824e-01,1.890656104620e-07,3.619803187208e+02,1.380104738510e-03,1.504314164975e-01,-1.503486308793e-01,5.144427146179e+03,-2.616004045126e+04,0.000000000000e+00,0.000000000000e+00,5.177266155748e-03,5.643220109765e-01,0.000000000000e+00,0.000000000000e+00,2.818171609856e+02,2.798356933594e+02,1.428703703703e-01,1.343518518518e-01,5.144427146179e+03,5.548913124156e+04,1.090000000000e+02
2.718000000000e+03,1.033850062398e+08,7.522353684200e+02,4.171169547564e-01,1.887283019538e-07,3.626281936858e+02,1.703198315445e-03,1.856486163835e-01,-1.852868203401e-01,9.638644996183e+03,-4.575011614981e+04,0.000000000000e+00,0.000000000000e+00,9.280685034439e-03,1.011594668754e+00,0.000000000000e+00,0.000000000000e+00,2.826005965212e+02,2.808309326172e+02,1.536111111111e-01,5.925925925929e-02,9.638644996183e+03,5.548520480780e+04,1.090000000000e+02
2.719000000000e+03,1.033955614215e+08,4.123774735556e+02,4.171036012419e-01,1.883938908025e-07,3.632727803268e+02,2.090877427706e-03,2.279056396200e-01,-2.233488905852e-01,2.672735773648e+04,-2.294798632129e+04,0.000000000000e+00,0.000000000000e+00,8.199302843067e-03,8.937240098943e-01,0.000000000000e+00,0.000000000000e+00,2.829442451400e+02,2.810282287598e+02,1.641666666666e-01,4.370370370372e-02,2.672735773648e+04,5.548339564421e+04,1.090000000000e+02
2.720000000000e+03,1.034050131076e+08,2.884232064066e+03,4.171102800051e-01,1.880623320812e-07,3.639141176495e+02,2.125730044386e-03,2.317045748381e-01,-2.262555234564e-01,3.019501362329e+04,-2.200559045288e+04,0.000000000000e+00,0.000000000000e+00,9.090076249233e-03,9.908183111664e-01,0.000000000000e+00,0.000000000000e+00,2.827774158042e+02,2.809876098633e+02,1.746296296296e-01,2.037037037042e-02,3.019501362329e+04,5.548428515405e+04,1.090000000000e+02
2.721000000000e+03,1.034103810213e+08,1.369238822130e+03,4.170954978568e-01,1.877335828373e-07,3.645522439354e+02,2.184289798653e-03,2.380875880531e-01,-2.286841550806e-01,4.653114064627e+04,-1.805646037945e+04,0.000000000000e+00,0.000000000000e+00,1.051539754502e-02,1.146178332408e+00,0.000000000000e+00,0.000000000000e+00,2.831481358227e+02,2.814077453613e+02,1.840740740740e-01,2.138888888892e-02,4.653114064627e+04,5.548229922883e+04,1.090000000000e+02
2.722000000000e+03,1.034088725615e+08,1.375865658204e+02,4.171018002328e-01,1.874076004850e-07,3.651871967600e+02,2.138598284320e-03,2.331072129909e-01,-2.303062832287e-01,1.843448938917e+04,-1.126992709159e+04,0.000000000000e+00,0.000000000000e+00,4.733741334800e-03,5.159778054932e-01,0.000000000000e+00,0.000000000000e+00,2.829936257815e+02,2.810485839844e+02,1.920370370370e-01,4.537037037037e-02,1.843448938917e+04,5.548313358826e+04,1.090000000000e+02
2.723000000000e+03,1.034037206095e+08,4.539988454200e+01,4.170872574345e-01,1.870843433419e-07,3.658190130105e+02,2.053834286498e-03,2.238679372282e-01,-2.235077838404e-01,1.025207921947e+04,-7.249121637377e+03,0.000000000000e+00,0.000000000000e+00,2.881931054083e-03,3.141304848950e-01,0.000000000000e+00,0.000000000000e+00,2.833459268726e+02,2.814255371094e+02,2.007407407407e-01,7.055555555554e-02,1.025207921947e+04,5.548121102014e+04,1.090000000000e+02
2.724000000000e+03,1.033933168126e+08,3.362848465546e+01,4.170837863998e-01,1.867637710605e-07,3.664477289028e+02,1.953432700521e-03,2.129241643568e-01,-2.127765606123e-01,8.197502567042e+03,-1.401619380521e+03,0.000000000000e+00,0.000000000000e+00,1.586657530503e-03,1.729456708248e-01,0.000000000000e+00,0.000000000000e+00,2.834268588030e+02,2.815067443848e+02,2.093518518518e-01,1.014814814814e-01,8.197502567042e+03,5.548076271155e+04,1.090000000000e+02
2.725000000000e+03,1.033800499524e+08,2.794466909393e+01,4.170543291203e-01,1.864458437798e-07,3.670733799983e+02,1.788723713497e-03,1.949708847711e-01,-1.948457436875e-01,5.877115477232e+03,2.456696357697e+03,0.000000000000e+00,0.000000000000e+00,5.657758372320e-04,6.166956625829e-02,0.000000000000e+00,0.000000000000e+00,2.841115688441e+02,2.821379394531e+02,2.192592592592e-01,1.332407407407e-01,5.877115477232e+03,5.547686147042e+04,1.090000000000e+02
2.726000000000e+03,1.033687994584e+08,2.391088768803e+01,4.170454567758e-01,1.861305226083e-07,3.676960012196e+02,1.615393056631e-03,1.760778431728e-01,-1.759732826731e-01,4.392708981517e+03,1.487834303848e+03,0.000000000000e+00,0.000000000000e+00,4.806309032030e-04,5.238876844912e-02,0.000000000000e+00,0.000000000000e+00,2.843112749753e+02,2.824451293945e+02,2.293518518518e-01,1.607407407407e-01,4.392708981517e+03,5.547569115782e+04,1.090000000000e+02
2.727000000000e+03,1.033826335690e+08,3.227930204458e+01,4.170488248860e-01,1.858177691212e-07,3.683156268665e+02,1.500785578032e-03,1.635856280054e-01,-1.634825078960e-01,4.812339880503e+03,-2.290372462378e+04,0.000000000000e+00,0.000000000000e+00,4.585825731078e-03,4.998550046875e-01,0.000000000000e+00,0.000000000000e+00,2.842362431999e+02,2.823237609863e+02,2.377777777777e-01,1.397222222222e-01,4.812339880503e+03,5.547613246342e+04,1.090000000000e+02
2.728000000000e+03,1.033998196488e+08,3.694310864197e+01,4.170589064034e-01,1.855075451147e-07,3.689322906307e+02,1.607499403437e-03,1.752174349746e-01,-1.750899174639e-01,7.771207812119e+03,-2.689981614056e+04,0.000000000000e+00,0.000000000000e+00,5.735515924109e-03,6.251712357279e-01,0.000000000000e+00,0.000000000000e+00,2.840080656474e+02,2.824651489258e+02,2.431481481481e-01,1.120370370370e-01,7.771207812119e+03,5.547746212538e+04,1.090000000000e+02
2.729000000000e+03,1.034042600109e+08,3.829002134222e+01,4.170577266657e-01,1.851998166726e-07,3.695460256107e+02,1.691319828605e-03,1.843538613179e-01,-1.842173067998e-01,8.302343099054e+03,-1.466055233044e+04,0.000000000000e+00,0.000000000000e+00,3.798813460607e-03,4.140706672062e-01,0.000000000000e+00,0.000000000000e+00,2.840351369560e+02,2.821457519531e+02,2.506481481481e-01,1.091666666666e-01,8.302343099054e+03,5.547730439306e+04,1.090000000000e+02
2.730000000000e+03,1.034148727453e+08,4.331593291413e+01,4.170469224900e-01,1.848945470120e-07,3.701568643260e+02,1.867549038132e-03,2.035628451564e-01,-2.034035891031e-01,9.601110555134e+03,-2.189719547853e+04,0.000000000000e+00,0.000000000000e+00,5.211210261935e-03,5.680219185510e-01,0.000000000000e+00,0.000000000000e+00,2.842812329845e+02,2.825447692871e+02,2.599074074074e-01,9.222222222220e-02,9.601110555134e+03,5.547586360430e+04,1.090000000000e+02
2.731000000000e+03,1.034149606927e+08,4.017043876766e+01,4.170257097073e-01,1.845916986350e-07,3.707648387303e+02,1.978190025107e-03,2.156227127367e-01,-2.154508644975e-01,1.053838746402e+04,-1.204036431038e+04,0.000000000000e+00,0.000000000000e+00,3.735028628217e-03,4.071181204757e-01,0.000000000000e+00,0.000000000000e+00,2.847536326868e+02,2.828715820313e+02,2.687037037037e-01,9.861111111108e-02,1.053838746402e+04,5.547304363940e+04,1.090000000000e+02
2.732000000000e+03,1.034062341746e+08,3.476271472063e+01,4.170418001957e-01,1.842912417379e-07,3.713699802256e+02,1.868996498564e-03,2.037206183434e-01,-2.035677753270e-01,8.209689964788e+03,-2.566542285767e+03,0.000000000000e+00,0.000000000000e+00,1.782633710928e-03,1.943070744912e-01,0.000000000000e+00,0.000000000000e+00,2.843956375051e+02,2.822342224121e+02,2.731481481481e-01,1.228703703703e-01,8.209689964788e+03,5.547518996453e+04,1.090000000000e+02
2.733000000000e+03,1.033994242246e+08,3.067846748297e+01,4.170610854681e-01,1.839931404580e-07,3.719723196749e+02,1.658567786770e-03,1.807838887580e-01,-1.806556578054e-01,6.586227216927e+03,-3.212459828185e+03,0.000000000000e+00,0.000000000000e+00,1.620900971691e-03,1.766782059143e-01,0.000000000000e+00,0.000000000000e+00,2.839572048235e+02,2.820247192383e+02,2.802777777778e-01,1.407407407407e-01,6.586227216927e+03,5.547775707387e+04,1.090000000000e+02
2.734000000000e+03,1.033972157186e+08,3.013175052511e+01,4.170227028838e-01,1.836973618621e-07,3.725718874144e+02,1.560188304763e-03,1.700605252191e-01,-1.699454153227e-01,5.744966312586e+03,-7.219509579356e+03,0.000000000000e+00,0.000000000000e+00,2.144962936929e-03,2.338009601253e-01,0.000000000000e+00,0.000000000000e+00,2.848164485893e+02,2.832162170410e+02,2.898148148148e-01,1.497222222222e-01,5.744966312586e+03,5.547266507209e+04,1.090000000000e+02
2.735000000000e+03,1.033944917681e+08,2.832660489223e+01,4.169868451691e-01,1.834038726807e-07,3.731687132662e+02,1.617301482215e-03,1.762858615615e-01,-1.761675723242e-01,5.540267753303e+03,-7.048413061689e+03,0.000000000000e+00,0.000000000000e+00,2.082793155053e-03,2.270244539008e-01,0.000000000000e+00,0.000000000000e+00,2.855863635462e+02,2.837638244629e+02,2.950925925926e-01,1.596296296296e-01,5.540267753303e+03,5.546790319954e+04,1.090000000000e+02
2.736000000000e+03,1.033935568978e+08,2.824795037023e+01,4.169866386614e-01,1.831126424088e-07,3.737628265496e+02,1.584199312016e-03,1.726777250098e-01,-1.725633779416e-01,5.092840158274e+03,-8.637153747666e+03,0.000000000000e+00,0.000000000000e+00,2.271914698242e-03,2.476387021083e-01,0.000000000000e+00,0.000000000000e+00,2.855903945866e+02,2.838768920898e+02,3.008333333333e-01,1.662962962963e-01,5.092840158274e+03,5.546787810668e+04,1.090000000000e+02
2.737000000000e+03,1.033911483171e+08,2.606228504168e+01,4.170028124919e-01,1.828236408336e-07,3.743542560933e+02,1.548101604558e-03,1.687430748968e-01,-1.686307221040e-01,4.915040508059e+03,-6.945479976710e+03,0.000000000000e+00,0.000000000000e+00,1.962307702129e-03,2.138915395321e-01,0.000000000000e+00,0.000000000000e+00,2.852460861355e+02,2.833965148926e+02,3.100925925925e-01,1.757407407407e-01,4.915040508059e+03,5.547002977865e+04,1.090000000000e+02
2.738000000000e+03,1.033856687861e+08,2.414922559262e+01,4.170090946775e-01,1.825368365850e-07,3.749430302459e+02,1.505868447482e-03,1.641396607756e-01,-1.640350213074e-01,4.175449719401e+03,-3.619830385378e+03,0.000000000000e+00,0.000000000000e+00,1.289873016120e-03,1.405961587571e-01,0.000000000000e+00,0.000000000000e+00,2.851097512480e+02,2.832008056641e+02,3.170370370370e-01,1.909259259259e-01,4.175449719401e+03,5.547087245043e+04,1.090000000000e+02
2.739000000000e+03,1.033859974273e+08,2.481353387513e+01,4.169957309905e-01,1.822521999111e-07,3.755291768871e+02,1.493043609005e-03,1.627417533816e-01,-1.626389034080e-01,4.010427575112e+03,-9.350474473765e+03,0.000000000000e+00,0.000000000000e+00,2.210811367317e-03,2.409784390375e-01,0.000000000000e+00,0.000000000000e+00,2.853952200762e+02,2.836847839355e+02,3.215740740740e-01,1.953703703704e-01,4.010427575112e+03,5.546910170320e+04,1.090000000000e+02
2.740000000000e+03,1.033903842500e+08,2.583186535802e+01,4.169995920290e-01,1.819697016498e-07,3.761127234381e+02,1.477492951746e-03,1.610467317403e-01,-1.609414433536e-01,4.316618723224e+03,-1.331439782537e+04,0.000000000000e+00,0.000000000000e+00,2.917165096149e-03,3.179709954802e-01,0.000000000000e+00,0.000000000000e+00,2.853135280370e+02,2.836751708984e+02,3.330555555555e-01,1.910185185185e-01,4.316618723224e+03,5.546961083823e+04,1.090000000000e+02
2.741000000000e+03,1.033908102635e+08,2.472095052952e+01,4.170076713095e-01,1.816893132076e-07,3.766936968719e+02,1.471240114907e-03,1.603651725249e-01,-1.602606009976e-01,4.336763288589e+03,-9.315944378316e+03,0.000000000000e+00,0.000000000000e+00,2.258787368165e-03,2.462078231300e-01,0.000000000000e+00,0.000000000000e+00,2.851397505294e+02,2.835539245605e+02,3.448148148147e-01,1.949074074074e-01,4.336763288589e+03,5.547068700548e+04,1.090000000000e+02
2.742000000000e+03,1.033842475409e+08,2.191091348892e+01,4.169989020576e-01,1.814110063906e-07,3.772721237232e+02,1.446021578533e-03,1.576163520601e-01,-1.575191073754e-01,3.719007551785e+03,-2.175118543389e+03,0.000000000000e+00,0.000000000000e+00,9.752315419381e-04,1.063002380713e-01,0.000000000000e+00,0.000000000000e+00,2.853270079702e+02,2.836198730469e+02,3.564814814814e-01,2.113888888889e-01,3.719007551785e+03,5.546952715114e+04,1.090000000000e+02
2.743000000000e+03,1.033945607599e+08,2.767328185655e+01,4.170135452683e-01,1.811347536692e-07,3.778480300982e+02,1.381721268712e-03,1.506076182896e-01,-1.505089821408e-01,3.992645472892e+03,-1.866223981908e+04,0.000000000000e+00,0.000000000000e+00,3.748719790580e-03,4.086104571733e-01,0.000000000000e+00,0.000000000000e+00,2.850132510178e+02,2.832793273926e+02,3.684259259258e-01,1.962037037037e-01,3.992645472892e+03,5.547146556226e+04,1.090000000000e+02
2.744000000000e+03,1.034018598542e+08,2.624732623293e+01,4.170112310674e-01,1.808605279587e-07,3.784214416838e+02,1.399517559740e-03,1.525474140117e-01,-1.524405377467e-01,5.089106227900e+03,-1.575540422986e+04,0.000000000000e+00,0.000000000000e+00,3.448143709112e-03,3.758476642933e-01,0.000000000000e+00,0.000000000000e+00,2.850646164637e+02,2.832844848633e+02,3.794444444443e-01,1.871296296296e-01,5.089106227900e+03,5.547115005581e+04,1.090000000000e+02
2.745000000000e+03,1.033960840572e+08,2.419810220011e+01,4.170198372218e-01,1.805883027727e-07,3.789923837568e+02,1.320545371542e-03,1.439394454981e-01,-1.438474464308e-01,4.158982874776e+03,-2.203869826171e+03,0.000000000000e+00,0.000000000000e+00,1.052808350985e-03,1.147561102574e-01,0.000000000000e+00,0.000000000000e+00,2.848776595363e+02,2.829555969238e+02,3.899999999999e-01,2.018518518518e-01,4.158982874776e+03,5.547229477084e+04,1.090000000000e+02
2.746000000000e+03,1.033925842930e+08,2.280034471003e+01,4.170437573291e-01,1.803180521468e-07,3.795608811928e+02,1.214082382362e-03,1.323349796775e-01,-1.322522476887e-01,3.770518422126e+03,-3.836966009868e+03,0.000000000000e+00,0.000000000000e+00,1.258633066157e-03,1.371910042111e-01,0.000000000000e+00,0.000000000000e+00,2.843483349901e+02,2.824926147461e+02,4.000925925926e-01,2.124074074074e-01,3.770518422126e+03,5.547547309032e+04,1.090000000000e+02
2.747000000000e+03,1.033885798927e+08,2.164867924689e+01,4.170211076275e-01,1.800497504320e-07,3.801269584752e+02,1.199708890932e-03,1.307682691116e-01,-1.306883430401e-01,3.424685175418e+03,-3.245560001676e+03,0.000000000000e+00,0.000000000000e+00,1.103647552782e-03,1.202975832532e-01,0.000000000000e+00,0.000000000000e+00,2.848486115321e+02,2.827685852051e+02,4.099074074074e-01,2.234259259259e-01,3.424685175418e+03,5.547247175936e+04,1.090000000000e+02
2.748000000000e+03,1.033911701619e+08,2.352462422449e+01,4.169950099332e-01,1.797833726011e-07,3.806906397028e+02,1.257405740442e-03,1.370572257082e-01,-1.369717285562e-01,3.493042381262e+03,-1.018838012872e+04,0.000000000000e+00,0.000000000000e+00,2.263853415393e-03,2.467600222778e-01,0.000000000000e+00,0.000000000000e+00,2.854099284069e+02,2.836785278320e+02,4.197222222222e-01,2.224074074074e-01,3.493042381262e+03,5.546901043482e+04,1.090000000000e+02
2.749000000000e+03,1.034037081427e+08,2.734443531877e+01,4.169829284359e-01,1.795188940040e-07,3.812519485988e+02,1.368600033142e-03,1.491774036125e-01,-1.490765213496e-01,4.327208935064e+03,-2.080720590682e+04,0.000000000000e+00,0.000000000000e+00,4.158707895199e-03,4.532991605766e-01,0.000000000000e+00,0.000000000000e+00,2.856655076362e+02,2.839899291992e+02,4.298148148148e-01,2.026851851852e-01,4.327208935064e+03,5.546740405554e+04,1.090000000000e+02
2.750000000000e+03,1.034092145805e+08,2.642448555551e+01,4.169918089860e-01,1.792562906272e-07,3.818109085183e+02,1.404208758732e-03,1.530587547018e-01,-1.529541338023e-01,4.919260258525e+03,-1.399072423094e+04,0.000000000000e+00,0.000000000000e+00,3.128459831909e-03,3.410021216781e-01,0.000000000000e+00,0.000000000000e+00,2.854796802780e+02,2.839898071289e+02,4.400925925925e-01,1.963888888889e-01,4.919260258525e+03,5.546857340733e+04,1.090000000000e+02
2.751000000000e+03,1.034041994870e+08,2.394542690698e+01,4.169893524152e-01,1.789955386017e-07,3.823675424562e+02,1.309324428377e-03,1.427163626931e-01,-1.426259137683e-01,4.216447987469e+03,-2.896345058048e+03,0.000000000000e+00,0.000000000000e+00,1.176824934920e-03,1.282739179063e-01,0.000000000000e+00,0.000000000000e+00,2.855310859439e+02,2.841086730957e+02,4.500925925925e-01,2.103703703704e-01,4.216447987469e+03,5.546825130054e+04,1.090000000000e+02
2.752000000000e+03,1.034008765516e+08,2.303501615591e+01,4.170050205461e-01,1.787366147091e-07,3.829218730548e+02,1.263876854099e-03,1.377625770968e-01,-1.376762788994e-01,3.731994696256e+03,-4.314069382472e+03,0.000000000000e+00,0.000000000000e+00,1.331384191053e-03,1.451208768247e-01,0.000000000000e+00,0.000000000000e+00,2.851970309124e+02,2.834442443848e+02,4.599074074073e-01,2.204629629629e-01,3.731994696256e+03,5.547033417355e+04,1.090000000000e+02
2.753000000000e+03,1.034012445869e+08,2.315298409502e+01,4.170316643154e-01,1.784794960250e-07,3.834739226108e+02,1.206999540736e-03,1.315629499402e-01,-1.314788438508e-01,3.663400114590e+03,-7.661617972693e+03,0.000000000000e+00,0.000000000000e+00,1.873761137778e-03,2.042399640178e-01,0.000000000000e+00,0.000000000000e+00,2.846163089424e+02,2.832254028320e+02,4.699074074073e-01,2.234259259259e-01,3.663400114590e+03,5.547387527515e+04,1.090000000000e+02
2.754000000000e+03,1.034100270744e+08,2.626964334596e+01,4.170437940093e-01,1.782241602129e-07,3.840237130832e+02,1.165998789315e-03,1.270938680353e-01,-1.270081454649e-01,4.096039669712e+03,-1.582837537960e+04,0.000000000000e+00,0.000000000000e+00,3.296338980860e-03,3.593009489138e-01,0.000000000000e+00,0.000000000000e+00,2.843466259103e+02,2.828412170410e+02,4.795370370369e-01,2.107407407407e-01,4.096039669712e+03,5.547548231635e+04,1.090000000000e+02
2.755000000000e+03,1.034131013599e+08,2.460527774904e+01,4.170610432358e-01,1.779705850678e-07,3.845712660993e+02,1.164569517015e-03,1.269380773546e-01,-1.268505755323e-01,4.489238985393e+03,-1.011167061286e+04,0.000000000000e+00,0.000000000000e+00,2.415108376820e-03,2.632468130734e-01,0.000000000000e+00,0.000000000000e+00,2.839549724298e+02,2.824974670410e+02,4.876851851851e-01,2.088888888889e-01,4.489238985393e+03,5.547777085663e+04,1.090000000000e+02
2.756000000000e+03,1.034074858203e+08,2.262370199943e+01,4.170700508077e-01,1.777187490992e-07,3.851166029624e+02,1.094788866715e-03,1.193319864719e-01,-1.192549877735e-01,3.747006127273e+03,-1.000663449479e+03,0.000000000000e+00,0.000000000000e+00,7.854698542085e-04,8.561621410873e-02,0.000000000000e+00,0.000000000000e+00,2.837461285847e+02,2.821470336914e+02,4.951851851851e-01,2.225925925926e-01,3.747006127273e+03,5.547896856568e+04,1.090000000000e+02
2.757000000000e+03,1.034016984545e+08,2.092260497341e+01,4.170678297310e-01,1.774686309377e-07,3.856597446576e+02,1.013634237226e-03,1.104861318576e-01,-1.104178075650e-01,3.291245852323e+03,-3.385984407561e+02,0.000000000000e+00,0.000000000000e+00,6.005820015278e-04,6.546343816652e-02,0.000000000000e+00,0.000000000000e+00,2.837976192147e+02,2.823159179688e+02,5.033333333332e-01,2.366666666666e-01,3.291245852323e+03,5.547867542277e+04,1.090000000000e+02
2.758000000000e+03,1.033994411534e+08,2.121551493954e+01,4.170573735328e-01,1.772202096853e-07,3.862007118589e+02,1.007561978765e-03,1.098242556854e-01,-1.097575717751e-01,3.111763796472e+03,-3.831941627372e+03,0.000000000000e+00,0.000000000000e+00,1.148917151835e-03,1.252319695501e-01,0.000000000000e+00,0.000000000000e+00,2.840376432678e+02,2.824949340820e+02,5.110185185184e-01,2.434259259259e-01,3.111763796472e+03,5.547729318282e+04,1.090000000000e+02
2.759000000000e+03,1.033964705322e+08,1.988105814926e+01,4.170429316663e-01,1.769734646921e-07,3.867395249351e+02,1.049286702528e-03,1.143722505756e-01,-1.143023195385e-01,3.054973853026e+03,-3.370584187065e+03,0.000000000000e+00,0.000000000000e+00,1.063014900674e-03,1.158686241734e-01,0.000000000000e+00,0.000000000000e+00,2.843641107079e+02,2.828835449219e+02,5.197222222222e-01,2.515740740741e-01,3.054973853026e+03,5.547537948308e+04,1.090000000000e+02
2.760000000000e+03,1.034002757740e+08,2.257509212317e+01,4.170778969397e-01,1.767283758909e-07,3.872762039560e+02,1.026892037150e-03,1.119312320493e-01,-1.118602632912e-01,3.111338845892e+03,-1.001110686040e+04,0.000000000000e+00,0.000000000000e+00,2.171108292666e-03,2.366508039006e-01,0.000000000000e+00,0.000000000000e+00,2.835602820674e+02,2.819721069336e+02,5.270370370370e-01,2.480555555555e-01,3.111338845892e+03,5.548001966361e+04,1.090000000000e+02
2.761000000000e+03,1.034216871553e+08,2.902538662403e+01,4.170890741782e-01,1.764849234927e-07,3.878107686985e+02,1.026017737677e-03,1.118359334068e-01,-1.117551192096e-01,4.436356603201e+03,-2.761174705439e+04,0.000000000000e+00,0.000000000000e+00,5.301264349355e-03,5.778378140797e-01,0.000000000000e+00,0.000000000000e+00,2.832942189552e+02,2.819758911133e+02,5.344444444444e-01,2.113888888889e-01,4.436356603201e+03,5.548149823889e+04,1.090000000000e+02
2.762000000000e+03,1.034368215118e+08,3.037223908255e+01,4.170785044221e-01,1.762430877429e-07,3.883432386521e+02,1.147067457443e-03,1.250303528613e-01,-1.249341710413e-01,5.862009598181e+03,-2.206593159038e+04,0.000000000000e+00,0.000000000000e+00,4.619243621991e-03,5.034975547970e-01,0.000000000000e+00,0.000000000000e+00,2.835476099756e+02,2.819118041992e+02,5.416666666666e-01,1.864814814815e-01,5.862009598181e+03,5.548008803625e+04,1.090000000000e+02
2.763000000000e+03,1.034453685138e+08,3.260471529516e+01,4.170828115308e-01,1.760028494405e-07,3.888736330249e+02,1.211654863488e-03,1.320703801202e-01,-1.319687321152e-01,6.095635864156e+03,-1.586880383536e+04,0.000000000000e+00,0.000000000000e+00,3.633355539340e-03,3.960357537881e-01,0.000000000000e+00,0.000000000000e+00,2.834463100030e+02,2.818783264160e+02,5.495370370370e-01,1.742592592592e-01,6.095635864156e+03,5.548065445720e+04,1.090000000000e+02
2.764000000000e+03,1.034459623080e+08,2.976332588642e+01,4.170924808412e-01,1.757641901515e-07,3.894019707490e+02,1.169396880764e-03,1.274642600032e-01,-1.273666173442e-01,6.366191916645e+03,-7.660383005553e+03,0.000000000000e+00,0.000000000000e+00,2.319832282710e-03,2.528617188153e-01,0.000000000000e+00,0.000000000000e+00,2.832145214178e+02,2.820270385742e+02,5.558333333333e-01,1.763888888889e-01,6.366191916645e+03,5.548193533002e+04,1.090000000000e+02
2.765000000000e+03,1.034447085355e+08,2.965174212935e+01,4.171095403978e-01,1.755270914634e-07,3.899282704857e+02,1.041006549198e-03,1.134697138626e-01,-1.133889772637e-01,5.438418997136e+03,-5.037491747325e+03,0.000000000000e+00,0.000000000000e+00,1.732926837945e-03,1.888890253360e-01,0.000000000000e+00,0.000000000000e+00,2.827935276822e+02,2.817007446289e+02,5.630555555555e-01,1.820370370370e-01,5.438418997136e+03,5.548420150114e+04,1.090000000000e+02
2.766000000000e+03,1.034504657971e+08,3.106482646045e+01,4.171070356127e-01,1.752915341641e-07,3.904525506311e+02,1.012232539814e-03,1.103333468397e-01,-1.102535180186e-01,5.879942408197e+03,-1.187466587922e+04,0.000000000000e+00,0.000000000000e+00,2.936685292690e-03,3.200986969032e-01,0.000000000000e+00,0.000000000000e+00,2.828561475922e+02,2.819637756348e+02,5.699999999999e-01,1.743518518518e-01,5.879942408197e+03,5.548386883745e+04,1.090000000000e+02
2.767000000000e+03,1.034494194268e+08,2.909767027328e+01,4.171041438707e-01,1.750575018480e-07,3.909748293210e+02,1.047997615469e-03,1.142317400861e-01,-1.141481916098e-01,5.854270941091e+03,-5.287090606552e+03,0.000000000000e+00,0.000000000000e+00,1.842668101111e-03,2.008508230211e-01,0.000000000000e+00,0.000000000000e+00,2.829283204057e+02,2.817910766602e+02,5.762037037036e-01,1.795370370370e-01,5.854270941091e+03,5.548348455340e+04,1.090000000000e+02
2.768000000000e+03,1.034409735085e+08,2.541325081228e+01,4.171184045264e-01,1.748249762045e-07,3.914951244359e+02,1.001917577004e-03,1.092090158935e-01,-1.091325724417e-01,4.780104787837e+03,2.390658160522e+03,0.000000000000e+00,0.000000000000e+00,3.951752782206e-04,4.307410532605e-02,0.000000000000e+00,0.000000000000e+00,2.825685659264e+02,2.815087585449e+02,5.825925925925e-01,1.977777777778e-01,4.780104787837e+03,5.548538042724e+04,1.090000000000e+02
2.769000000000e+03,1.034384420834e+08,2.565433185746e+01,4.171213776714e-01,1.745939398305e-07,3.920134536061e+02,9.275034016665e-04,1.010978707816e-01,-1.010295445226e-01,4.253726491269e+03,-3.074335956274e+03,0.000000000000e+00,0.000000000000e+00,1.212319716706e-03,1.321428491210e-01,0.000000000000e+00,0.000000000000e+00,2.824915762921e+02,2.814277343750e+02,5.893518518518e-01,2.051851851852e-01,4.253726491269e+03,5.548577807539e+04,1.090000000000e+02
2.770000000000e+03,1.034441133526e+08,2.759288088694e+01,4.171185331224e-01,1.743643755040e-07,3.925298342159e+02,9.318175660991e-04,1.015681147048e-01,-1.014973337712e-01,4.677210015003e+03,-1.130298753835e+04,0.000000000000e+00,0.000000000000e+00,2.643219096667e-03,2.881108815367e-01,0.000000000000e+00,0.000000000000e+00,2.825646888035e+02,2.813230285645e+02,5.947222222221e-01,1.971296296296e-01,4.677210015003e+03,5.548540002213e+04,1.090000000000e+02
2.771000000000e+03,1.035110370844e+08,3.905120566548e+03,4.171479672583e-01,1.741362663116e-07,3.930442834092e+02,1.095519928728e-03,1.194116722314e-01,-1.179390579739e-01,2.299772693549e+04,-7.346792025022e+04,0.000000000000e+00,0.000000000000e+00,1.660420822972e-02,1.809858697040e+00,0.000000000000e+00,0.000000000000e+00,2.817842050809e+02,2.810931091309e+02,6.007407407407e-01,4.537037037043e-02,2.299772693549e+04,5.548928948594e+04,1.090000000000e+02
2.772000000000e+03,1.035234079569e+08,9.547984010054e+02,4.171537700051e-01,1.739095968535e-07,3.935568180931e+02,1.333851715103e-03,1.453898369462e-01,-1.372750918035e-01,8.065001325059e+04,-1.998830607689e+04,0.000000000000e+00,0.000000000000e+00,1.622554885333e-02,1.768584825014e+00,0.000000000000e+00,0.000000000000e+00,2.816285803030e+02,2.810392150879e+02,6.074999999999e-01,3.157407407411e-02,8.065001325059e+04,5.549003419258e+04,1.090000000000e+02
2.773000000000e+03,1.035164955209e+08,9.378394530350e+01,4.171561398374e-01,1.736843502517e-07,3.940674549428e+02,1.211084433647e-03,1.320082032675e-01,-1.314297016297e-01,1.337854838236e+04,-3.806906979691e+02,0.000000000000e+00,0.000000000000e+00,2.137789382202e-03,2.330190426600e-01,0.000000000000e+00,0.000000000000e+00,2.815603987645e+02,2.811347045898e+02,6.124999999999e-01,6.462962962962e-02,1.337854838236e+04,5.549035408289e+04,1.090000000000e+02
2.774000000000e+03,1.035070770807e+08,3.816651458142e+01,4.171426757226e-01,1.734605106688e-07,3.945762104059e+02,1.098917798276e-03,1.197820400121e-01,-1.196643520058e-01,9.533617370742e+03,2.778251665813e+03,0.000000000000e+00,0.000000000000e+00,1.108764116218e-03,1.208552886678e-01,0.000000000000e+00,0.000000000000e+00,2.819335469401e+02,2.814194335938e+02,6.179629629629e-01,9.120370370367e-02,9.533617370742e+03,5.548857344391e+04,1.090000000000e+02
2.775000000000e+03,1.035015205946e+08,3.689730933649e+01,4.171650968803e-01,1.732380622714e-07,3.950831007065e+02,1.033386062731e-03,1.126390808377e-01,-1.125579509992e-01,8.205628785072e+03,-6.894174768940e+02,0.000000000000e+00,0.000000000000e+00,1.471158729509e-03,1.603563015165e-01,0.000000000000e+00,0.000000000000e+00,2.812989817899e+02,2.805650024414e+02,6.229629629629e-01,1.050000000000e-01,8.205628785072e+03,5.549155732224e+04,1.090000000000e+02
2.776000000000e+03,1.035174481756e+08,5.616187766084e+02,4.171723490305e-01,1.730169890132e-07,3.955881418494e+02,1.000708709528e-03,1.090772493385e-01,-1.088723331033e-01,1.063050540606e+04,-2.196917806074e+04,0.000000000000e+00,0.000000000000e+00,5.478213065646e-03,5.971252241555e-01,0.000000000000e+00,0.000000000000e+00,2.810837137766e+02,2.805459594727e+02,6.282407407406e-01,6.462962962964e-02,1.063050540606e+04,5.549251726226e+04,1.090000000000e+02
2.777000000000e+03,1.035273966703e+08,1.324465176179e+03,4.171811733940e-01,1.727972769653e-07,3.960913496242e+02,1.141973026620e-03,1.244750599016e-01,-1.219326489245e-01,2.829430635372e+04,-1.671497442487e+04,0.000000000000e+00,0.000000000000e+00,7.590521801231e-03,8.273668763342e-01,0.000000000000e+00,0.000000000000e+00,2.808146144759e+02,2.801643371582e+02,6.332407407406e-01,3.685185185190e-02,2.829430635372e+04,5.549368202635e+04,1.090000000000e+02
2.778000000000e+03,1.035250190305e+08,1.363856224886e+02,4.171747955430e-01,1.725789105418e-07,3.965927396089e+02,1.201211192095e-03,1.309320199383e-01,-1.292003925943e-01,2.031617194939e+04,-4.792178458778e+03,0.000000000000e+00,0.000000000000e+00,3.970438113872e-03,4.327777544120e-01,0.000000000000e+00,0.000000000000e+00,2.810114843885e+02,2.803503723145e+02,6.377777777777e-01,5.731481481482e-02,2.031617194939e+04,5.549283417839e+04,1.090000000000e+02
2.779000000000e+03,1.035144895310e+08,3.847165668633e+01,4.171879883169e-01,1.723618752484e-07,3.970923271743e+02,1.021695124873e-03,1.113647686111e-01,-1.112167664418e-01,9.948314124088e+03,4.357630060838e+03,0.000000000000e+00,0.000000000000e+00,9.094280067089e-04,9.912765273127e-02,0.000000000000e+00,0.000000000000e+00,2.805969659815e+02,2.799125366211e+02,6.426851851851e-01,8.879629629627e-02,9.948314124088e+03,5.549459503192e+04,1.090000000000e+02
2.780000000000e+03,1.035146704213e+08,4.115919108650e+01,4.171888974993e-01,1.721461572062e-07,3.975901274873e+02,8.652709192264e-04,9.431453019568e-02,-9.424433936329e-02,8.943406442204e+03,-5.410984566541e+03,0.000000000000e+00,0.000000000000e+00,2.374133702384e-03,2.587805735599e-01,0.000000000000e+00,0.000000000000e+00,2.805668679052e+02,2.800462036133e+02,6.462962962962e-01,8.916666666665e-02,8.943406442204e+03,5.549471816422e+04,1.090000000000e+02
2.781000000000e+03,1.035391359758e+08,4.786914920572e+03,4.172083327237e-01,1.719317405294e-07,3.980861555147e+02,9.474149296273e-04,1.032682273294e-01,-9.930877069995e-02,5.794462795301e+04,-2.997682670877e+04,0.000000000000e+00,0.000000000000e+00,1.535548863730e-02,1.673748261465e+00,0.000000000000e+00,0.000000000000e+00,2.799051283969e+02,2.794725646973e+02,6.510185185185e-01,1.444444444448e-02,5.794462795301e+04,5.549729716831e+04,1.090000000000e+02
2.782000000000e+03,1.035407700966e+08,7.144273747588e+02,4.172164420134e-01,1.717186120243e-07,3.985804260269e+02,9.892746647693e-04,1.078309384599e-01,-1.017704943572e-01,7.831357186705e+04,-7.282189506457e+03,0.000000000000e+00,0.000000000000e+00,1.353218516328e-02,1.475008182797e+00,0.000000000000e+00,0.000000000000e+00,2.796070999038e+02,2.790285949707e+02,6.545370370370e-01,2.333333333336e-02,7.831357186705e+04,5.549836591485e+04,1.090000000000e+02
2.783000000000e+03,1.035370574451e+08,5.142425849818e+02,4.172247146524e-01,1.715067581130e-07,3.990729536011e+02,9.158816364299e-04,9.983109837086e-02,-9.938010130088e-02,1.300902060390e+04,-1.802853951796e+03,0.000000000000e+00,0.000000000000e+00,2.419532259312e-03,2.637290162650e-01,0.000000000000e+00,0.000000000000e+00,2.792798243941e+02,2.787380981445e+02,6.578703703703e-01,3.657407407409e-02,1.300902060390e+04,5.549946824488e+04,1.090000000000e+02
2.784000000000e+03,1.035389480833e+08,1.218143969799e+03,4.172315330791e-01,1.712961692569e-07,3.995637526253e+02,9.254460850415e-04,1.008736232695e-01,-9.922034899485e-02,2.164634129420e+04,-7.397380911898e+03,0.000000000000e+00,0.000000000000e+00,4.932537617713e-03,5.376466003308e-01,0.000000000000e+00,0.000000000000e+00,2.789926226159e+02,2.783651733398e+02,6.618518518518e-01,2.962962962968e-02,2.164634129420e+04,5.550037438144e+04,1.090000000000e+02
2.785000000000e+03,1.035367462416e+08,2.665911556453e+02,4.172413730825e-01,1.710868239708e-07,4.000528373010e+02,8.903643001722e-04,9.704970871877e-02,-9.561179443395e-02,2.025577509108e+04,-3.104725735563e+03,0.000000000000e+00,0.000000000000e+00,3.717392723706e-03,4.051958068839e-01,0.000000000000e+00,0.000000000000e+00,2.785397253937e+02,2.781217346191e+02,6.639814814815e-01,4.342592592593e-02,2.025577509108e+04,5.550168371510e+04,1.090000000000e+02
2.786000000000e+03,1.035303349151e+08,8.750992592502e+01,4.172481680152e-01,1.708787120722e-07,4.005402216468e+02,7.758803360191e-04,8.457095662608e-02,-8.437296574183e-02,1.104766073880e+04,1.728434890230e+03,0.000000000000e+00,0.000000000000e+00,1.512649627691e-03,1.648788094183e-01,0.000000000000e+00,0.000000000000e+00,2.781897603954e+02,2.777251586914e+02,6.660185185185e-01,6.777777777777e-02,1.104766073880e+04,5.550259020278e+04,1.090000000000e+02
2.787000000000e+03,1.035284787422e+08,9.852308707386e+01,4.172410254605e-01,1.706718221015e-07,4.010259195017e+02,7.745690583435e-04,8.442802735944e-02,-8.428965145025e-02,9.966754684125e+03,-2.822098172119e+03,0.000000000000e+00,0.000000000000e+00,2.117043276513e-03,2.307577171399e-01,0.000000000000e+00,0.000000000000e+00,2.785541650769e+02,2.779897155762e+02,6.683333333333e-01,7.231481481481e-02,9.966754684125e+03,5.550164266238e+04,1.090000000000e+02
2.788000000000e+03,1.035298348155e+08,2.013450204530e+02,4.172501291951e-01,1.704661384153e-07,4.015099445280e+02,8.162776704450e-04,8.897426607851e-02,-8.875283567138e-02,1.138511057769e+04,-6.282068870816e+03,0.000000000000e+00,0.000000000000e+00,2.939344481750e-03,3.203885485108e-01,0.000000000000e+00,0.000000000000e+00,2.780800314041e+02,2.776170043945e+02,6.711111111111e-01,6.740740740740e-02,1.138511057769e+04,5.550285323590e+04,1.090000000000e+02
2.789000000000e+03,1.035327019135e+08,4.578342049526e+02,4.172541290479e-01,1.702616545906e-07,4.019923102144e+02,7.814492454316e-04,8.517796775205e-02,-8.467406392928e-02,1.384072407461e+04,-7.566784634289e+03,0.000000000000e+00,0.000000000000e+00,3.585540829160e-03,3.908239503784e-01,0.000000000000e+00,0.000000000000e+00,2.778473064863e+02,2.773967285156e+02,6.726851851851e-01,5.953703703705e-02,1.384072407461e+04,5.550338398460e+04,1.090000000000e+02
2.790000000000e+03,1.035319023729e+08,1.844902958286e+02,4.172528935494e-01,1.700583512183e-07,4.024730298793e+02,7.337588694545e-04,7.997971677054e-02,-7.944351785421e-02,1.447709084922e+04,-3.609849938349e+03,0.000000000000e+00,0.000000000000e+00,2.949380569123e-03,3.214824820345e-01,0.000000000000e+00,0.000000000000e+00,2.779215381647e+02,2.774201660156e+02,6.738888888888e-01,6.537037037037e-02,1.447709084922e+04,5.550321990614e+04,1.090000000000e+02
2.791000000000e+03,1.035269105345e+08,7.361853607401e+01,4.172554174701e-01,1.698562191447e-07,4.029521166731e+02,6.795374688277e-04,7.406958410222e-02,-7.392526696540e-02,1.059563040156e+04,8.887258166323e+02,0.000000000000e+00,0.000000000000e+00,1.587478436037e-03,1.730351495280e-01,0.000000000000e+00,0.000000000000e+00,2.777676023059e+02,2.773899841309e+02,6.750000000000e-01,8.120370370369e-02,1.059563040156e+04,5.550355668347e+04,1.090000000000e+02
2.792000000000e+03,1.035302658043e+08,3.702078945927e+02,4.172524743422e-01,1.696552455750e-07,4.034295835819e+02,6.513353885033e-04,7.099555734686e-02,-7.081865024673e-02,1.101274190531e+04,-7.285953821292e+03,0.000000000000e+00,0.000000000000e+00,3.075292000015e-03,3.352068280016e-01,0.000000000000e+00,0.000000000000e+00,2.779452591378e+02,2.776781311035e+02,6.760185185185e-01,7.000000000001e-02,1.101274190531e+04,5.550316624283e+04,1.090000000000e+02
2.793000000000e+03,1.035282834362e+08,7.260635590974e+01,4.172661777927e-01,1.694554199907e-07,4.039054434296e+02,6.533160144376e-04,7.121144557369e-02,-7.083125362296e-02,1.322762309911e+04,-1.949064107418e+03,0.000000000000e+00,0.000000000000e+00,2.462873576149e-03,2.684532198003e-01,0.000000000000e+00,0.000000000000e+00,2.769729368237e+02,2.766098327637e+02,6.787962962963e-01,8.009259259258e-02,1.322762309911e+04,5.550498648191e+04,1.090000000000e+02
2.794000000000e+03,1.035336605802e+08,7.053765199255e+02,4.172686637993e-01,1.692567298779e-07,4.043797088808e+02,6.251630030628e-04,6.814276733385e-02,-6.786755205151e-02,1.197994633934e+04,-9.144146587143e+03,0.000000000000e+00,0.000000000000e+00,3.598660034677e-03,3.922539437798e-01,0.000000000000e+00,0.000000000000e+00,2.767289504185e+02,2.765415649414e+02,6.801851851851e-01,6.203703703706e-02,1.197994633934e+04,5.550531713471e+04,1.090000000000e+02
2.795000000000e+03,1.035385965178e+08,6.112393495997e+02,4.172697561085e-01,1.690591639434e-07,4.048523924439e+02,6.330755675041e-04,6.900523685795e-02,-6.800547657056e-02,2.083619064165e+04,-8.710613167337e+03,0.000000000000e+00,0.000000000000e+00,4.877310539379e-03,5.316268487923e-01,0.000000000000e+00,0.000000000000e+00,2.766097217165e+02,2.764434814453e+02,6.809259259259e-01,5.018518518521e-02,2.083619064165e+04,5.550546125997e+04,1.090000000000e+02
2.796000000000e+03,1.035353005528e+08,1.460094068572e+02,4.172738559226e-01,1.688627109553e-07,4.053235064732e+02,5.662166296834e-04,6.171761263549e-02,-6.133191452054e-02,1.344678086774e+04,-1.083103320074e+02,0.000000000000e+00,0.000000000000e+00,2.167107524031e-03,2.362147201194e-01,0.000000000000e+00,0.000000000000e+00,2.759836999617e+02,2.759356079102e+02,6.810185185185e-01,6.490740740741e-02,1.344678086774e+04,5.550600625089e+04,1.090000000000e+02
2.797000000000e+03,1.035277494978e+08,3.770191856786e+01,4.172750877103e-01,1.686673591720e-07,4.057930631717e+02,5.408200426324e-04,5.894938464693e-02,-5.885456804532e-02,9.581523665275e+03,4.284266486845e+03,0.000000000000e+00,0.000000000000e+00,8.585242807213e-04,9.357914659862e-02,0.000000000000e+00,0.000000000000e+00,2.755579149605e+02,2.754302673340e+02,6.807407407407e-01,8.703703703702e-02,9.581523665275e+03,5.550617009374e+04,1.090000000000e+02
2.798000000000e+03,1.035197036108e+08,3.543600666003e+01,4.172739033428e-01,1.684730977667e-07,4.062610745938e+02,5.375236027220e-04,5.859007269670e-02,-5.854745427467e-02,7.923768659578e+03,4.796144944007e+03,0.000000000000e+00,0.000000000000e+00,5.169649259831e-04,5.634917693216e-02,0.000000000000e+00,0.000000000000e+00,2.759702736692e+02,2.757243041992e+02,6.796296296296e-01,1.055555555555e-01,7.923768659578e+03,5.550601358522e+04,1.090000000000e+02
2.799000000000e+03,1.035202864362e+08,3.762823380027e+01,4.172750708776e-01,1.682799233334e-07,4.067275526474e+02,5.042746465698e-04,5.496593647611e-02,-5.492576977801e-02,7.837339183481e+03,-3.631540288953e+03,0.000000000000e+00,0.000000000000e+00,1.896361234765e-03,2.067033745894e-01,0.000000000000e+00,0.000000000000e+00,2.755822778399e+02,2.753952331543e+02,6.783333333333e-01,1.038888888889e-01,7.837339183481e+03,5.550616565458e+04,1.090000000000e+02
2.800000000000e+03,1.035199634640e+08,3.737920781983e+01,4.172743741297e-01,1.680878036189e-07,4.071925090965e+02,4.595466754552e-04,5.009058762461e-02,-5.005292720091e-02,8.604904759326e+03,-2.455273899722e+03,0.000000000000e+00,0.000000000000e+00,1.828381790060e-03,1.992936151165e-01,0.000000000000e+00,0.000000000000e+00,2.758505333593e+02,2.759801940918e+02,6.768518518518e-01,1.045370370370e-01,8.604904759326e+03,5.550607585054e+04,1.090000000000e+02
2.801000000000e+03,1.035161164628e+08,3.639041535791e+01,4.172745551487e-01,1.678967490381e-07,4.076559555637e+02,4.686262641149e-04,5.108026278852e-02,-5.104220966765e-02,8.029474120322e+03,1.013846705937e+03,0.000000000000e+00,0.000000000000e+00,1.159762056591e-03,1.264140641684e-01,0.000000000000e+00,0.000000000000e+00,2.757952152896e+02,2.755638122559e+02,6.757407407407e-01,1.129629629629e-01,8.029474120322e+03,5.550609991162e+04,1.090000000000e+02
2.802000000000e+03,1.035108344395e+08,3.379417093352e+01,4.172752667391e-01,1.677067661159e-07,4.081179035321e+02,4.514634921453e-04,4.920952064384e-02,-4.917307621462e-02,7.530172079631e+03,2.552613312870e+03,0.000000000000e+00,0.000000000000e+00,8.226189889030e-04,8.966546979043e-02,0.000000000000e+00,0.000000000000e+00,2.752825284374e+02,2.752113037109e+02,6.753703703703e-01,1.237037037037e-01,7.530172079631e+03,5.550618541629e+04,1.090000000000e+02
2.803000000000e+03,1.035046397604e+08,3.171114322888e+01,4.172752904533e-01,1.675177964460e-07,4.085783643482e+02,4.010101112102e-04,4.371010212191e-02,-4.367908262130e-02,6.553031758101e+03,3.770219480819e+03,0.000000000000e+00,0.000000000000e+00,4.598960078565e-04,5.012866485636e-02,0.000000000000e+00,0.000000000000e+00,2.753554294719e+02,2.754689636230e+02,6.745370370370e-01,1.366666666666e-01,6.553031758101e+03,5.550618887818e+04,1.090000000000e+02
2.804000000000e+03,1.035190095722e+08,4.083152098809e+01,4.172746676978e-01,1.673298605651e-07,4.090373492236e+02,3.875323662493e-04,4.224102792117e-02,-4.220906688545e-02,7.402209629693e+03,-1.671267029850e+04,0.000000000000e+00,0.000000000000e+00,3.987618976487e-03,4.346504684371e-01,0.000000000000e+00,0.000000000000e+00,2.749475729931e+02,2.750495300293e+02,6.734259259259e-01,1.067592592592e-01,7.402209629693e+03,5.550610341868e+04,1.090000000000e+02
2.805000000000e+03,1.035326485088e+08,4.537250164078e+02,4.172718153724e-01,1.671429352086e-07,4.094948692371e+02,3.967784205417e-04,4.324884783905e-02,-4.294069660442e-02,1.443500592520e+04,-1.602240040158e+04,0.000000000000e+00,0.000000000000e+00,5.105229532597e-03,5.564700190530e-01,0.000000000000e+00,0.000000000000e+00,2.743974354884e+02,2.745464477539e+02,6.721296296296e-01,7.092592592594e-02,1.443500592520e+04,5.550572466106e+04,1.090000000000e+02
2.806000000000e+03,1.035480288311e+08,3.952999454972e+03,4.172665044534e-01,1.669570184912e-07,4.099509353374e+02,3.923191117338e-04,4.276278317898e-02,-4.121481552860e-02,4.603122807234e+04,-1.766796773826e+04,0.000000000000e+00,0.000000000000e+00,1.112124139046e-02,1.212215311560e+00,0.000000000000e+00,0.000000000000e+00,2.738377525989e+02,2.740815124512e+02,6.689814814814e-01,2.351851851856e-02,4.603122807234e+04,5.550501926628e+04,1.090000000000e+02
2.807000000000e+03,1.035506655149e+08,7.612277387192e+02,4.172679589819e-01,1.667721006157e-07,4.104055583448e+02,3.648616656920e-04,3.976992156043e-02,-3.783894373600e-02,5.778683691037e+04,-4.736939843050e+03,0.000000000000e+00,0.000000000000e+00,9.824575749534e-03,1.070878756699e+00,0.000000000000e+00,0.000000000000e+00,2.739674890780e+02,2.743074951172e+02,6.644444444444e-01,2.685185185188e-02,5.778683691037e+04,5.550521332851e+04,1.090000000000e+02
2.808000000000e+03,1.035409566300e+08,6.785450715026e+01,2.553337797293e+03,4.220334278176e-03,1.000000000000e+02,2.787357084840e-04,3.038219222476e-02,-3.288596415855e-02,1.029988479346e+04,7.883539420072e+03,1.532860619163e-05,1.670818074887e-03,2.701948669626e-04,2.945124049893e-02,4.135844997836e-04,4.508071047641e-02,2.740735595999e+02,2.743923034668e+02,6.573148148148e-01,6.314814814814e-02,1.029988479346e+04,5.550535779411e+04,1.090000000000e+02
2.809000000000e+03,1.035324191076e+08,3.527092285036e+01,9.234146625241e+03,1.526296508976e-02,1.000000000000e+02,7.821394845198e-08,8.525320381265e-06,-1.677496881638e-02,7.858876697820e+03,7.606423828579e+03,3.654756074714e-05,3.983684121438e-03,0.000000000000e+00,0.000000000000e+00,9.867841401727e-04,1.075594712788e-01,2.737693815205e+02,2.744028015137e+02,6.514814814814e-01,8.398148148145e-02,7.858876697820e+03,5.550491115925e+04,1.090000000000e+02
2.810000000000e+03,1.035253801419e+08,3.297943971235e+01,1.938485527866e+04,3.143581050022e-02,1.018765262263e+02,-3.001154416302e-04,-3.271258313769e-02,-1.307695673136e-03,7.076149022701e+03,6.966382237613e+03,1.781927299855e-05,1.942300756842e-03,0.000000000000e+00,0.000000000000e+00,1.383506190424e-03,1.508021747562e-01,2.732254933038e+02,2.738864746094e+02,2.620370370370e-02,9.861111111108e-02,7.076149022701e+03,5.550386226740e+04,1.090000000000e+02
2.811000000000e+03,1.035188820801e+08,3.367611776240e+01,3.098316099093e+04,4.591872638187e-02,1.113601110593e+02,-3.441803431138e-04,-3.751565739941e-02,-1.344533471880e-04,6.489902390785e+03,6.490599068816e+03,0.000000000000e+00,0.000000000000e+00,0.000000000000e+00,0.000000000000e+00,1.571691503865e-03,1.713143739213e-01,2.732146014249e+02,2.735253601074e+02,0.000000000000e+00,1.107407407407e-01,6.489902390785e+03,5.550383901647e+04,1.090000000000e+02
2.812000000000e+03,1.035127872389e+08,3.202314545194e+01,4.197956426583e+04,5.814829659224e-02,1.192117158369e+02,-3.675321233823e-04,-4.006100144867e-02,0.000000000000e+00,6.096494274310e+03,6.094841302013e+03,0.000000000000e+00,0.000000000000e+00,0.000000000000e+00,0.000000000000e+00,1.450079184076e-03,1.580586310643e-01,2.732163186515e+02,2.733212890625e+02,0.000000000000e+00,1.220370370370e-01,6.096494274310e+03,5.550384286236e+04,1.090000000000e+02
2.813000000000e+03,1.035070336646e+08,3.117062281774e+01,5.190710509120e+04,6.768194563961e-02,1.266877883239e+02,-3.736937859675e-04,-4.073262267046e-02,0.000000000000e+00,5.754428683498e+03,5.753576160872e+03,0.000000000000e+00,0.000000000000e+00,0.000000000000e+00,0.000000000000e+00,1.267239943683e-03,1.381291538614e-01,2.732136091929e+02,2.729063110352e+02,0.000000000000e+00,1.331481481481e-01,5.754428683498e+03,5.550383679435e+04,1.090000000000e+02
2.814000000000e+03,1.035016124422e+08,3.037586441341e+01,6.260505870838e+04,7.792879108961e-02,1.327339947393e+02,-3.681707592090e-04,-4.013061275378e-02,0.000000000000e+00,5.422017388215e+03,5.421222629816e+03,0.000000000000e+00,0.000000000000e+00,0.000000000000e+00,0.000000000000e+00,1.400112053287e-03,1.526122138083e-01,2.732109381033e+02,2.722380981445e+02,0.000000000000e+00,1.437037037037e-01,5.422017388215e+03,5.550383080372e+04,1.090000000000e+02
2.815000000000e+03,1.034964662293e+08,2.949523750938e+01,7.340131419643e+04,8.783136030729e-02,1.380941661305e+02,-3.623215379905e-04,-3.949304764096e-02,0.000000000000e+00,5.147093749063e+03,5.146213122166e+03,0.000000000000e+00,0.000000000000e+00,0.000000000000e+00,0.000000000000e+00,1.422209656062e-03,1.550208525108e-01,2.732092039663e+02,2.720433349609e+02,0.000000000000e+00,1.539814814815e-01,5.147093749063e+03,5.550382690945e+04,1.090000000000e+02
2.816000000000e+03,1.034915784540e+08,2.897367842935e+01,8.367197765576e+04,9.661780205926e-02,1.431119572515e+02,-3.561778454472e-04,-3.882338515375e-02,0.000000000000e+00,4.888297031393e+03,4.887775472324e+03,0.000000000000e+00,0.000000000000e+00,0.000000000000e+00,0.000000000000e+00,1.341478528415e-03,1.462211595973e-01,2.732049332517e+02,2.718146057129e+02,0.000000000000e+00,1.630555555555e-01,4.888297031393e+03,5.550381730587e+04,1.090000000000e+02
2.817000000000e+03,1.034869220251e+08,2.869159429656e+01,9.397395534640e+04,1.051679919251e-01,1.476720334553e+02,-3.647723333657e-04,-3.976018433686e-02,0.000000000000e+00,4.656710954765e+03,4.656428870635e+03,0.000000000000e+00,0.000000000000e+00,0.000000000000e+00,0.000000000000e+00,1.338061541757e-03,1.458487080515e-01,2.731992871506e+02,2.714259948730e+02,0.000000000000e+00,1.730555555555e-01,4.656710954765e+03,5.550380457828e+04,1.090000000000e+02
2.818000000000e+03,1.034824660942e+08,2.849322688127e+01,1.058480491512e+05,1.156514174976e-01,1.512592935944e+02,-3.673168161017e-04,-4.003753295509e-02,0.000000000000e+00,4.456129423747e+03,4.455931056335e+03,0.000000000000e+00,0.000000000000e+00,0.000000000000e+00,0.000000000000e+00,1.595374282949e-03,1.738957968414e-01,2.731936577603e+02,2.707429199219e+02,0.000000000000e+00,1.824074074074e-01,4.456129423747e+03,5.550379185275e+04,1.090000000000e+02
2.819000000000e+03,1.034781904092e+08,2.817652527232e+01,1.188109038533e+05,1.271299377526e-01,1.544580628255e+02,-3.565665996958e-04,-3.886575936684e-02,0.000000000000e+00,4.276003242822e+03,4.275686541214e+03,0.000000000000e+00,0.000000000000e+00,0.000000000000e+00,0.000000000000e+00,1.786015440185e-03,1.946756829802e-01,2.731899163002e+02,2.704045104980e+02,0.000000000000e+00,1.913888888889e-01,4.276003242822e+03,5.550378337545e+04,1.090000000000e+02
2.820000000000e+03,1.034740890353e+08,2.799275977020e+01,1.316715710714e+05,1.383033162904e-01,1.573513756921e+02,-3.576514345096e-04,-3.898400636155e-02,0.000000000000e+00,4.101557842492e+03,4.101374076998e+03,0.000000000000e+00,0.000000000000e+00,0.000000000000e+00,0.000000000000e+00,1.768112535893e-03,1.927242664124e-01,2.731864539384e+02,2.700735168457e+02,0.000000000000e+00,2.000925925926e-01,4.101557842492e+03,5.550377551707e+04,1.090000000000e+02
2.821000000000e+03,1.034701276248e+08,2.817932999404e+01,1.452566403477e+05,1.495985482043e-01,1.604821081612e+02,-3.594880253792e-04,-3.918419476633e-02,0.000000000000e+00,3.961223585515e+03,3.961410155749e+03,0.000000000000e+00,0.000000000000e+00,0.000000000000e+00,0.000000000000e+00,1.886018255066e-03,2.055759898022e-01,2.731811080795e+02,2.694647521973e+02,0.000000000000e+00,2.095370370370e-01,3.961223585515e+03,5.550376335737e+04,1.090000000000e+02
2.822000000000e+03,1.034662857542e+08,2.873798942181e+01,1.569504686635e+05,1.586301668323e-01,1.635309667550e+02,-3.457990375914e-04,-3.769209509746e-02,0.000000000000e+00,3.841311449947e+03,3.841870109364e+03,0.000000000000e+00,0.000000000000e+00,0.000000000000e+00,0.000000000000e+00,1.587108346598e-03,1.729948097792e-01,2.731741112838e+02,2.685157775879e+02,0.000000000000e+00,2.179629629629e-01,3.841311449947e+03,5.550374739374e+04,1.090000000000e+02
2.823000000000e+03,1.034625509785e+08,2.926538159832e+01,1.670507870692e+05,1.650584674177e-01,1.672775647174e+02,-3.259160456996e-04,-3.552484898125e-02,0.000000000000e+00,3.734249608172e+03,3.734777000349e+03,0.000000000000e+00,0.000000000000e+00,0.000000000000e+00,0.000000000000e+00,1.343592881032e-03,1.464516240325e-01,2.731681302182e+02,2.681567382813e+02,0.000000000000e+00,2.266666666667e-01,3.734249608172e+03,5.550373370356e+04,1.090000000000e+02
2.824000000000e+03,1.034589271178e+08,2.983352291721e+01,1.794003489533e+05,1.749773587929e-01,1.694617747890e+02,-3.171490483714e-04,-3.456924627248e-02,0.000000000000e+00,3.623292899983e+03,3.623861041299e+03,0.000000000000e+00,0.000000000000e+00,0.000000000000e+00,0.000000000000e+00,1.724139551580e-03,1.879312111222e-01,2.731623324542e+02,2.678457641602e+02,0.000000000000e+00,2.356481481481e-01,3.623292899983e+03,5.550372039461e+04,1.090000000000e+02
2.825000000000e+03,1.034553898046e+08,3.082794336724e+01,1.918115281553e+05,1.839260596739e-01,1.723711369790e+02,-3.127199904715e-04,-3.408647896140e-02,0.000000000000e+00,3.536318566529e+03,3.537312986974e+03,0.000000000000e+00,0.000000000000e+00,0.000000000000e+00,0.000000000000e+00,1.738756523860e-03,1.895244611007e-01,2.731549473559e+02,2.672311096191e+02,0.000000000000e+00,2.446296296296e-01,3.536318566529e+03,5.550370338800e+04,1.090000000000e+02
2.826000000000e+03,1.034519305993e+08,3.167214367197e+01,2.023827436442e+05,1.907646651898e-01,1.753520348527e+02,-3.058568982313e-04,-3.333840190722e-02,0.000000000000e+00,3.458361519156e+03,3.459205719483e+03,0.000000000000e+00,0.000000000000e+00,0.000000000000e+00,0.000000000000e+00,1.441486760385e-03,1.571220568819e-01,2.731494321466e+02,2.670113830566e+02,0.000000000000e+00,2.536111111111e-01,3.458361519156e+03,5.550369064758e+04,1.090000000000e+02
2.827000000000e+03,1.034485374630e+08,3.234881069096e+01,2.128943744835e+05,1.973296870587e-01,1.783235994012e+02,-3.017440596513e-04,-3.289010250199e-02,0.000000000000e+00,3.392460206104e+03,3.393136873131e+03,0.000000000000e+00,0.000000000000e+00,0.000000000000e+00,0.000000000000e+00,1.435747366267e-03,1.564964629231e-01,2.731453394726e+02,2.674907226563e+02,0.000000000000e+00,2.615740740741e-01,3.392460206104e+03,5.550368117097e+04,1.090000000000e+02
2.828000000000e+03,1.034452009819e+08,3.322407627052e+01,2.242050551757e+05,2.052162116480e-01,1.805811293454e+02,-3.073274473385e-04,-3.349869175989e-02,0.000000000000e+00,3.335605278505e+03,3.336480544084e+03,0.000000000000e+00,0.000000000000e+00,0.000000000000e+00,0.000000000000e+00,1.562164437560e-03,1.702759236941e-01,2.731408159760e+02,2.673902587891e+02,0.000000000000e+00,2.698148148148e-01,3.335605278505e+03,5.550367067461e+04,1.090000000000e+02
2.829000000000e+03,1.034419268500e+08,3.429441413267e+01,2.342807223967e+05,2.116234669569e-01,1.829838087590e+02,-2.960764707363e-04,-3.227233531025e-02,0.000000000000e+00,3.273061701638e+03,3.274132039491e+03,0.000000000000e+00,0.000000000000e+00,0.000000000000e+00,0.000000000000e+00,1.369358480040e-03,1.492600743244e-01,2.731358603349e+02,2.672338867188e+02,0.000000000000e+00,2.788888888889e-01,3.273061701638e+03,5.550365914889e+04,1.090000000000e+02
2.830000000000e+03,1.034387027364e+08,3.584511850342e+01,2.427645060439e+05,2.156616918784e-01,1.860600964791e+02,-2.974767341420e-04,-3.242496402147e-02,0.000000000000e+00,3.222562180997e+03,3.224112885371e+03,0.000000000000e+00,0.000000000000e+00,0.000000000000e+00,0.000000000000e+00,1.104835597343e-03,1.204270801104e-01,2.731296101817e+02,2.668755798340e+02,0.000000000000e+00,2.870370370370e-01,3.222562180997e+03,5.550364457365e+04,1.090000000000e+02
2.831000000000e+03,1.034355239073e+08,3.707680665861e+01,2.560369100716e+05,2.256461347971e-01,1.875498924759e+02,-3.100452722291e-04,-3.379493467297e-02,0.000000000000e+00,3.177597348231e+03,3.178829036382e+03,0.000000000000e+00,0.000000000000e+00,0.000000000000e+00,0.000000000000e+00,1.883785763807e-03,2.053326482549e-01,2.731251322594e+02,2.667943420410e+02,0.000000000000e+00,2.957407407407e-01,3.177597348231e+03,5.550363410398e+04,1.090000000000e+02
2.832000000000e+03,1.034323856653e+08,3.883715754413e+01,2.697494556518e+05,2.354578549704e-01,1.893610063563e+02,-3.211092925578e-04,-3.500091288880e-02,0.000000000000e+00,3.136481740526e+03,3.138242091414e+03,0.000000000000e+00,0.000000000000e+00,0.000000000000e+00,0.000000000000e+00,1.945477453848e-03,2.120570424694e-01,2.731190855547e+02,2.665367736816e+02,0.000000000000e+00,3.034259259259e-01,3.136481740526e+03,5.550361993114e+04,1.090000000000e+02
2.833000000000e+03,1.034292850264e+08,4.186818578635e+01,2.816324594987e+05,2.429899291669e-01,1.915748547437e+02,-3.004392011112e-04,-3.274787292113e-02,0.000000000000e+00,3.097608825256e+03,3.100639853503e+03,0.000000000000e+00,0.000000000000e+00,0.000000000000e+00,0.000000000000e+00,1.663744598099e-03,1.813481611928e-01,2.731106157674e+02,2.658544006348e+02,0.000000000000e+00,3.126851851852e-01,3.097608825256e+03,5.550360001020e+04,1.090000000000e+02
2.834000000000e+03,1.034262236605e+08,4.658482322085e+01,2.928671661145e+05,2.498210067665e-01,1.937700516044e+02,-2.846869532305e-04,-3.103087790213e-02,0.000000000000e+00,3.056648082038e+03,3.061364719471e+03,0.000000000000e+00,0.000000000000e+00,0.000000000000e+00,0.000000000000e+00,1.572344835314e-03,1.713855870492e-01,2.730996820571e+02,2.650914611816e+02,0.000000000000e+00,3.219444444444e-01,3.056648082038e+03,5.550357417488e+04,1.090000000000e+02
2.835000000000e+03,1.034232019895e+08,5.220696343638e+01,3.024196686044e+05,2.556415768146e-01,1.955348517774e+02,-2.719943888872e-04,-2.964738838870e-02,0.000000000000e+00,3.016048288300e+03,3.021670428509e+03,0.000000000000e+00,0.000000000000e+00,0.000000000000e+00,0.000000000000e+00,1.306982543248e-03,1.424610972141e-01,2.730897521667e+02,2.644819641113e+02,0.000000000000e+00,3.296296296296e-01,3.016048288300e+03,5.550355059448e+04,1.090000000000e+02
2.836000000000e+03,1.034202124539e+08,5.804035320918e+01,3.114903086337e+05,2.600191352149e-01,1.980092617058e+02,-2.535488051682e-04,-2.763681976334e-02,0.000000000000e+00,2.983702551266e+03,2.989535941025e+03,0.000000000000e+00,0.000000000000e+00,0.000000000000e+00,0.000000000000e+00,1.245777532333e-03,1.357897510243e-01,2.730811536007e+02,2.644597473145e+02,0.000000000000e+00,3.388888888889e-01,2.983702551266e+03,5.550353008540e+04,1.090000000000e+02
2.837000000000e+03,1.034172496815e+08,6.360031332815e+01,3.218590263306e+05,2.658604730535e-01,2.001053830857e+02,-2.641051032527e-04,-2.878745625454e-02,0.000000000000e+00,2.957212741696e+03,2.962772701819e+03,0.000000000000e+00,0.000000000000e+00,0.000000000000e+00,0.000000000000e+00,1.449780705087e-03,1.580260968545e-01,2.730743295479e+02,2.643859558105e+02,0.000000000000e+00,3.476851851852e-01,2.957212741696e+03,5.550351374906e+04,1.090000000000e+02
2.838000000000e+03,1.034143119233e+08,7.190177676159e+01,3.321249878675e+05,2.715125012944e-01,2.021897811039e+02,-2.655196009524e-04,-2.894163650381e-02,0.000000000000e+00,2.929455994704e+03,2.937757458133e+03,0.000000000000e+00,0.000000000000e+00,0.000000000000e+00,0.000000000000e+00,1.431394671103e-03,1.560220191502e-01,2.730623706555e+02,2.635574340820e+02,0.000000000000e+00,3.560185185185e-01,2.929455994704e+03,5.550348499484e+04,1.090000000000e+02
2.839000000000e+03,1.034114069679e+08,8.399157204540e+01,3.406476783336e+05,2.760574514186e-01,2.039642331281e+02,-2.459896269558e-04,-2.681286933818e-02,0.000000000000e+00,2.892865711891e+03,2.904955507166e+03,0.000000000000e+00,0.000000000000e+00,0.000000000000e+00,0.000000000000e+00,1.162780605968e-03,1.267430860505e-01,2.730492273629e+02,2.634318237305e+02,0.000000000000e+00,3.650925925926e-01,2.892865711891e+03,5.550345320593e+04,1.090000000000e+02
2.840000000000e+03,1.034085289824e+08,9.843778884518e+01,3.492571155035e+05,2.798245465141e-01,2.063042034580e+02,-2.304068270678e-04,-2.511434415039e-02,0.000000000000e+00,2.863539114500e+03,2.877985331306e+03,0.000000000000e+00,0.000000000000e+00,0.000000000000e+00,0.000000000000e+00,1.192701201247e-03,1.300044309359e-01,2.730363746696e+02,2.631764831543e+02,0.000000000000e+00,3.745370370370e-01,2.863539114500e+03,5.550342192937e+04,1.090000000000e+02
2.841000000000e+03,1.034056730861e+08,1.137994581748e+02,3.589682847696e+05,2.851067480332e-01,2.081122732526e+02,-2.256234324409e-04,-2.459295413605e-02,0.000000000000e+00,2.840534912822e+03,2.855896582154e+03,0.000000000000e+00,0.000000000000e+00,0.000000000000e+00,0.000000000000e+00,1.379587785687e-03,1.503750686399e-01,2.730261621030e+02,2.627090454102e+02,0.000000000000e+00,3.831481481481e-01,2.840534912822e+03,5.550339694280e+04,1.090000000000e+02
2.842000000000e+03,1.034028408111e+08,1.351479951816e+02,3.671794044075e+05,2.888741229717e-01,2.100968034738e+02,-2.120879059622e-04,-2.311758174988e-02,0.000000000000e+00,2.810925826439e+03,2.832274363449e+03,0.000000000000e+00,0.000000000000e+00,0.000000000000e+00,0.000000000000e+00,1.145203523530e-03,1.248271840648e-01,2.730050507921e+02,2.621520385742e+02,0.000000000000e+00,3.925925925926e-01,2.810925826439e+03,5.550334491778e+04,1.090000000000e+02
2.843000000000e+03,1.034000421582e+08,1.661499381726e+02,3.740237105779e+05,2.913814290807e-01,2.121718290279e+02,-1.941703458207e-04,-2.116456769446e-02,0.000000000000e+00,2.767651588759e+03,2.798653531756e+03,0.000000000000e+00,0.000000000000e+00,0.000000000000e+00,0.000000000000e+00,9.372054616415e-04,1.021553953189e-01,2.729813889777e+02,2.611498107910e+02,0.000000000000e+00,4.012037037037e-01,2.767651588759e+03,5.550328600655e+04,1.090000000000e+02
2.844000000000e+03,1.033972672219e+08,1.968057463044e+02,3.828030615583e+05,2.958402792143e-01,2.138794056644e+02,-2.101398430111e-04,-2.290524288821e-02,0.000000000000e+00,2.744280522269e+03,2.774936330404e+03,0.000000000000e+00,0.000000000000e+00,0.000000000000e+00,0.000000000000e+00,1.241057985743e-03,1.352753204460e-01,2.729712508844e+02,2.612925415039e+02,0.000000000000e+00,4.100925925926e-01,2.744280522269e+03,5.550326056753e+04,1.090000000000e+02
2.845000000000e+03,1.033945023027e+08,2.287420742821e+02,3.908861971597e+05,2.995471883025e-01,2.156932203188e+02,-2.186073203012e-04,-2.382819791283e-02,0.000000000000e+00,2.732984036171e+03,2.764920364153e+03,0.000000000000e+00,0.000000000000e+00,0.000000000000e+00,0.000000000000e+00,1.117533325572e-03,1.218111324874e-01,2.729540357023e+02,2.609349670410e+02,0.000000000000e+00,4.176851851852e-01,2.732984036171e+03,5.550321710318e+04,1.090000000000e+02
2.846000000000e+03,1.033917560578e+08,2.698222531465e+02,3.974200331401e+05,3.018620480251e-01,2.176172605221e+02,-1.965710625407e-04,-2.142624581694e-02,0.000000000000e+00,2.705166052672e+03,2.746246231539e+03,0.000000000000e+00,0.000000000000e+00,0.000000000000e+00,0.000000000000e+00,8.835081242344e-04,9.630238554155e-02,2.729280182501e+02,2.602474670410e+02,0.000000000000e+00,4.255555555555e-01,2.705166052672e+03,5.550315077927e+04,1.090000000000e+02
2.847000000000e+03,1.033890299367e+08,3.161539073478e+02,4.059524575673e+05,3.060715085754e-01,2.192325000626e+02,-1.882911063587e-04,-2.052373059310e-02,0.000000000000e+00,2.679789711700e+03,2.726121365901e+03,0.000000000000e+00,0.000000000000e+00,0.000000000000e+00,0.000000000000e+00,1.222124520656e-03,1.332115727515e-01,2.729082640058e+02,2.592016906738e+02,0.000000000000e+00,4.327870370370e-01,2.679789711700e+03,5.550309990945e+04,1.090000000000e+02
2.848000000000e+03,1.033863157145e+08,3.656200294551e+02,4.134645765284e+05,3.093232929502e-01,2.209423273822e+02,-1.821857994696e-04,-1.985825214218e-02,0.000000000000e+00,2.664756809635e+03,2.714222931744e+03,0.000000000000e+00,0.000000000000e+00,0.000000000000e+00,0.000000000000e+00,1.059591566306e-03,1.154954807274e-01,2.728874561058e+02,2.587669372559e+02,0.000000000000e+00,4.398430555555e-01,2.664756809635e+03,5.550304584466e+04,1.090000000000e+02
2.849000000000e+03,1.033836134091e+08,4.186158947651e+02,4.196722426961e+05,3.113746538587e-01,2.227823176598e+02,-1.823788953277e-04,-1.987929959072e-02,0.000000000000e+00,2.649310300294e+03,2.702306165606e+03,0.000000000000e+00,0.000000000000e+00,0.000000000000e+00,0.000000000000e+00,8.437733284033e-04,9.197129279596e-02,2.728703493323e+02,2.591825561523e+02,0.000000000000e+00,4.467333564815e-01,2.649310300294e+03,5.550300102169e+04,1.090000000000e+02
2.850000000000e+03,1.033809211846e+08,4.735605408597e+02,4.269979735483e+05,3.145370488903e-01,2.243924279595e+02,-1.890109000576e-04,-2.060218810628e-02,0.000000000000e+00,2.637280576302e+03,2.692225222396e+03,0.000000000000e+00,0.000000000000e+00,0.000000000000e+00,0.000000000000e+00,1.021949261716e-03,1.113924695271e-01,2.728543410134e+02,2.589403686523e+02,0.000000000000e+00,4.531412268518e-01,2.637280576302e+03,5.550295877150e+04,1.090000000000e+02
2.851000000000e+03,1.033782434934e+08,5.339408204612e+02,4.351026504120e+05,3.184139065408e-01,2.258678980493e+02,-1.855941659894e-04,-2.022976409284e-02,0.000000000000e+00,2.617311224570e+03,2.677691504171e+03,0.000000000000e+00,0.000000000000e+00,0.000000000000e+00,0.000000000000e+00,1.154140719575e-03,1.258013384337e-01,2.728307490922e+02,2.588750610352e+02,0.000000000000e+00,4.596718761574e-01,2.617311224570e+03,5.550289596944e+04,1.090000000000e+02
2.852000000000e+03,1.033761119463e+08,6.951768591943e+02,4.423939577839e+05,3.215100086786e-01,2.274417479758e+02,-1.745203774544e-04,-1.902272114252e-02,0.000000000000e+00,1.970309046216e+03,2.131545084951e+03,0.000000000000e+00,0.000000000000e+00,0.000000000000e+00,0.000000000000e+00,1.030794449240e-03,1.123565949672e-01,2.728039698781e+02,2.585750122070e+02,0.000000000000e+00,4.626830104167e-01,1.970309046216e+03,5.550282334684e+04,1.090000000000e+02
2.853000000000e+03,1.033740446877e+08,8.986580427178e+02,4.488173135128e+05,3.238571733686e-01,2.290720134888e+02,-1.729078151216e-04,-1.884695184826e-02,0.000000000000e+00,1.863774602066e+03,2.067255785592e+03,0.000000000000e+00,0.000000000000e+00,0.000000000000e+00,0.000000000000e+00,8.888980995700e-04,9.688989285313e-02,2.727873999111e+02,2.581688537598e+02,0.000000000000e+00,4.661166748264e-01,1.863774602066e+03,5.550277833794e+04,1.090000000000e+02
2.854000000000e+03,1.033717950685e+08,1.061317262057e+03,4.552194874902e+05,3.262247683129e-01,2.306534453438e+02,-1.873550351815e-04,-2.042169883479e-02,0.000000000000e+00,2.086958944632e+03,2.249618163973e+03,0.000000000000e+00,0.000000000000e+00,0.000000000000e+00,0.000000000000e+00,8.708778619071e-04,9.492568694787e-02,2.727882746548e+02,2.584033508301e+02,0.000000000000e+00,4.702389201967e-01,2.086958944632e+03,5.550278074357e+04,1.090000000000e+02
2.855000000000e+03,1.033694779332e+08,1.211248973639e+03,4.615754321739e+05,3.285687161183e-01,2.322056515537e+02,-1.983676788289e-04,-2.162207699235e-02,0.000000000000e+00,2.167204375609e+03,2.317136087190e+03,0.000000000000e+00,0.000000000000e+00,0.000000000000e+00,0.000000000000e+00,8.522736990575e-04,9.289783319726e-02,2.727795402674e+02,2.589501037598e+02,0.000000000000e+00,4.754948245399e-01,2.167204375609e+03,5.550275688903e+04,1.090000000000e+02
2.856000000000e+03,1.033671351729e+08,1.365019674473e+03,4.702151074990e+05,3.329784384121e-01,2.334195743979e+02,-1.908756838478e-04,-2.080544953941e-02,0.000000000000e+00,2.188990301572e+03,2.342761002407e+03,0.000000000000e+00,0.000000000000e+00,0.000000000000e+00,0.000000000000e+00,1.237288763449e-03,1.348644752160e-01,2.727608055545e+02,2.585108337402e+02,0.000000000000e+00,4.800800328733e-01,2.188990301572e+03,5.550270540282e+04,1.090000000000e+02
2.857000000000e+03,1.033648921790e+08,1.515943283061e+03,4.792987495781e+05,3.377260100095e-01,2.345841816196e+02,-1.868363842490e-04,-2.036516588314e-02,0.000000000000e+00,2.092070176195e+03,2.242993784782e+03,0.000000000000e+00,0.000000000000e+00,0.000000000000e+00,0.000000000000e+00,1.314658226747e-03,1.432977467155e-01,2.727592144067e+02,2.590639648437e+02,0.000000000000e+00,4.832417879892e-01,2.092070176195e+03,5.550270038610e+04,1.090000000000e+02
2.858000000000e+03,1.033629836343e+08,1.872958519133e+03,4.861098561524e+05,3.404759868906e-01,2.359964458090e+02,-1.805080479217e-04,-1.967537722346e-02,0.000000000000e+00,1.551528553288e+03,1.908543789359e+03,0.000000000000e+00,0.000000000000e+00,0.000000000000e+00,0.000000000000e+00,9.454278854169e-04,1.030516395104e-01,2.727359197656e+02,2.579129638672e+02,0.000000000000e+00,4.851627382206e-01,1.551528553288e+03,5.550263562207e+04,1.090000000000e+02
2.859000000000e+03,1.033609083642e+08,2.146254221671e+03,4.918288728271e+05,3.422882061764e-01,2.375089576998e+02,-1.594088396284e-04,-1.737556351950e-02,0.000000000000e+00,1.801975544014e+03,2.075271246550e+03,0.000000000000e+00,0.000000000000e+00,0.000000000000e+00,0.000000000000e+00,7.859735111762e-04,8.567111271821e-02,2.727216296485e+02,2.584201660156e+02,0.000000000000e+00,4.895430036039e-01,1.801975544014e+03,5.550259563871e+04,1.090000000000e+02
2.860000000000e+03,1.033587878157e+08,2.404729527513e+03,4.976556842828e+05,3.442212490928e-01,2.389734042345e+02,-1.454048319505e-04,-1.584912668261e-02,0.000000000000e+00,1.862073681545e+03,2.120548987387e+03,0.000000000000e+00,0.000000000000e+00,0.000000000000e+00,0.000000000000e+00,8.177974046805e-04,8.913991711017e-02,2.727080327440e+02,2.589536132812e+02,0.000000000000e+00,4.935009908724e-01,1.862073681545e+03,5.550255735583e+04,1.090000000000e+02
2.861000000000e+03,1.033566466413e+08,2.660114887112e+03,5.042535386270e+05,3.468482177100e-01,2.403079471318e+02,-1.608874170692e-04,-1.753672846055e-02,0.000000000000e+00,1.885788373689e+03,2.141173733286e+03,0.000000000000e+00,0.000000000000e+00,0.000000000000e+00,0.000000000000e+00,9.297650526052e-04,1.013443907340e-01,2.726944113168e+02,2.585171508789e+02,0.000000000000e+00,4.985803389693e-01,1.885788373689e+03,5.550251877275e+04,1.090000000000e+02
2.862000000000e+03,1.033546326369e+08,3.084929891425e+03,5.105647831671e+05,3.492216815337e-01,2.416622901786e+02,-1.619619962733e-04,-1.765385759378e-02,0.000000000000e+00,1.589189823827e+03,2.014004828142e+03,0.000000000000e+00,0.000000000000e+00,0.000000000000e+00,0.000000000000e+00,8.813431052490e-04,9.606639847214e-02,2.726715231777e+02,2.571536254883e+02,0.000000000000e+00,5.012006006012e-01,1.589189823827e+03,5.550245243720e+04,1.090000000000e+02
2.863000000000e+03,1.033526143346e+08,3.516422716676e+03,5.166774381144e+05,3.514602755779e-01,2.429984295916e+02,-1.343154949720e-04,-1.464038895195e-02,0.000000000000e+00,1.586808755973e+03,2.018301581226e+03,0.000000000000e+00,0.000000000000e+00,0.000000000000e+00,0.000000000000e+00,8.762638453738e-04,9.551275914574e-02,2.726307342931e+02,2.567618103027e+02,0.000000000000e+00,5.060260402956e-01,1.586808755973e+03,5.550233434177e+04,1.090000000000e+02
2.864000000000e+03,1.033505805132e+08,3.976358019012e+03,5.227880871527e+05,3.536930179096e-01,2.443210617336e+02,-1.201542694345e-04,-1.309681536836e-02,0.000000000000e+00,1.573885227468e+03,2.033820529806e+03,0.000000000000e+00,0.000000000000e+00,0.000000000000e+00,0.000000000000e+00,8.901987689326e-04,9.703166581366e-02,2.725685995307e+02,2.555773773193e+02,0.000000000000e+00,5.107759315572e-01,1.573885227468e+03,5.550215052451e+04,1.090000000000e+02
2.865000000000e+03,1.033485829075e+08,4.545465662006e+03,5.278221301985e+05,3.550362999688e-01,2.457407539026e+02,-1.138862556004e-04,-1.241360186045e-02,0.000000000000e+00,1.428496287285e+03,1.997603930278e+03,0.000000000000e+00,0.000000000000e+00,0.000000000000e+00,0.000000000000e+00,7.183487644496e-04,7.830001532501e-02,2.725443255805e+02,2.548891906738e+02,0.000000000000e+00,5.159181007624e-01,1.428496287285e+03,5.550207562435e+04,1.090000000000e+02
2.866000000000e+03,1.033466350576e+08,5.194549923974e+03,5.320560354964e+05,3.557340582367e-01,2.472263466776e+02,-1.131867419772e-04,-1.233735487552e-02,0.000000000000e+00,1.298767493933e+03,1.947851755894e+03,0.000000000000e+00,0.000000000000e+00,0.000000000000e+00,0.000000000000e+00,5.867507523745e-04,6.395583200883e-02,2.725264552981e+02,2.553917236328e+02,0.000000000000e+00,5.205110475795e-01,1.298767493933e+03,5.550202137910e+04,1.090000000000e+02
2.867000000000e+03,1.033446656090e+08,5.761167528082e+03,5.361076941867e+05,3.563325865727e-01,2.486905468658e+02,-1.087595210651e-04,-1.185478779609e-02,0.000000000000e+00,1.402831213416e+03,1.969448817519e+03,0.000000000000e+00,0.000000000000e+00,0.000000000000e+00,0.000000000000e+00,5.609477651642e-04,6.114330640289e-02,2.725303341995e+02,2.556392517090e+02,0.000000000000e+00,5.246064575254e-01,1.402831213416e+03,5.550203322748e+04,1.090000000000e+02
2.868000000000e+03,1.033427104148e+08,6.311249559472e+03,5.406572105313e+05,3.573541828958e-01,2.500838762742e+02,-9.323037058047e-05,-1.016211039327e-02,0.000000000000e+00,1.405113430706e+03,1.955195462093e+03,0.000000000000e+00,0.000000000000e+00,0.000000000000e+00,0.000000000000e+00,6.587476976632e-04,7.180349904528e-02,2.725417960368e+02,2.564550170898e+02,0.000000000000e+00,5.286060444029e-01,1.405113430706e+03,5.550206634867e+04,1.090000000000e+02
2.869000000000e+03,1.033408348015e+08,7.039263275721e+03,5.464092154680e+05,3.594402317773e-01,2.512777445465e+02,-1.121676067169e-04,-1.222626913214e-02,0.000000000000e+00,1.147600662884e+03,1.875614379128e+03,0.000000000000e+00,0.000000000000e+00,0.000000000000e+00,0.000000000000e+00,8.386402652750e-04,9.141178891497e-02,2.725379965094e+02,2.569036560059e+02,0.000000000000e+00,5.331537063196e-01,1.147600662884e+03,5.550205491817e+04,1.090000000000e+02
2.870000000000e+03,1.033389353127e+08,7.693937874122e+03,5.532497092496e+05,3.624079832098e-01,2.523404688002e+02,-1.475660369021e-04,-1.608469802233e-02,0.000000000000e+00,1.244815951698e+03,1.899490550098e+03,0.000000000000e+00,0.000000000000e+00,0.000000000000e+00,0.000000000000e+00,9.833008041809e-04,1.071797876557e-01,2.725075798530e+02,2.563990478516e+02,0.000000000000e+00,5.378835688453e-01,1.244815951698e+03,5.550196183069e+04,1.090000000000e+02
2.871000000000e+03,1.033370386459e+08,8.401070459592e+03,5.594571826689e+05,3.648409528060e-01,2.534710543972e+02,-1.630743431469e-04,-1.777510340301e-02,0.000000000000e+00,1.189535430546e+03,1.896668016013e+03,0.000000000000e+00,0.000000000000e+00,0.000000000000e+00,0.000000000000e+00,8.633414405190e-04,9.410421701657e-02,2.724424566145e+02,2.548158111572e+02,0.000000000000e+00,5.437551960976e-01,1.189535430546e+03,5.550175867720e+04,1.090000000000e+02
2.872000000000e+03,1.033352386142e+08,9.398279940918e+03,5.650804677900e+05,3.668231847852e-01,2.546361492065e+02,-1.456389102025e-04,-1.587464121208e-02,0.000000000000e+00,8.028221519559e+02,1.800031633276e+03,0.000000000000e+00,0.000000000000e+00,0.000000000000e+00,0.000000000000e+00,7.841849010560e-04,8.547615421510e-02,2.723871209089e+02,2.542895660400e+02,0.000000000000e+00,5.479991731488e-01,8.028221519559e+02,5.550157960917e+04,1.090000000000e+02
2.873000000000e+03,1.033334125029e+08,1.027822958565e+04,5.704872595787e+05,3.686535304483e-01,2.557968927748e+02,-1.229316510300e-04,-1.339954996227e-02,0.000000000000e+00,9.461609520244e+02,1.826110596752e+03,0.000000000000e+00,0.000000000000e+00,0.000000000000e+00,0.000000000000e+00,7.710471214854e-04,8.404413624191e-02,2.723424967022e+02,2.535805053711e+02,0.000000000000e+00,5.541439049765e-01,9.461609520244e+02,5.550143444045e+04,1.090000000000e+02
2.874000000000e+03,1.033316264671e+08,1.129147093325e+04,5.753924099291e+05,3.700501563909e-01,2.570228654173e+02,-1.070552577893e-04,-1.166902309903e-02,0.000000000000e+00,7.727933422516e+02,1.786034689846e+03,0.000000000000e+00,0.000000000000e+00,0.000000000000e+00,0.000000000000e+00,7.038680180190e-04,7.672161396407e-02,2.723248720540e+02,2.533937225342e+02,0.000000000000e+00,5.590783161841e-01,7.727933422516e+02,5.550137349849e+04,1.090000000000e+02
2.875000000000e+03,1.033298538461e+08,1.226485751306e+04,5.810517356586e+05,3.721071365168e-01,2.581163329387e+02,-8.928880690823e-05,-9.732479952997e-03,0.000000000000e+00,7.992348390731e+02,1.772621418884e+03,0.000000000000e+00,0.000000000000e+00,0.000000000000e+00,0.000000000000e+00,8.462849992752e-04,9.224506492100e-02,2.723083916267e+02,2.537482757568e+02,0.000000000000e+00,5.645511789729e-01,7.992348390731e+02,5.550131922519e+04,1.090000000000e+02
2.876000000000e+03,1.033280896489e+08,1.322867211818e+04,5.867309599620e+05,3.741562986418e-01,2.592123567531e+02,-8.623756979756e-05,-9.399895107934e-03,0.000000000000e+00,8.003818642428e+02,1.764196469359e+03,0.000000000000e+00,0.000000000000e+00,0.000000000000e+00,0.000000000000e+00,8.527618705025e-04,9.295104388478e-02,2.722695638041e+02,2.536108703613e+02,0.000000000000e+00,5.699885344960e-01,8.003818642428e+02,5.550118635847e+04,1.090000000000e+02
2.877000000000e+03,1.033263694430e+08,1.437884016387e+04,5.910129784000e+05,3.751337816798e-01,2.604245590205e+02,-1.035118363256e-04,-1.128279015949e-02,0.000000000000e+00,5.700384260800e+02,1.720206471774e+03,0.000000000000e+00,0.000000000000e+00,0.000000000000e+00,0.000000000000e+00,6.045974574051e-04,6.590112285716e-02,2.722204485799e+02,2.532135467529e+02,0.000000000000e+00,5.758801003445e-01,5.700384260800e+02,5.550101933775e+04,1.090000000000e+02
2.878000000000e+03,1.033246450567e+08,1.539882059509e+04,5.954267823680e+05,3.762111734766e-01,2.616183664934e+02,-1.171338891159e-04,-1.276759391364e-02,0.000000000000e+00,7.044098306746e+02,1.724390261894e+03,0.000000000000e+00,0.000000000000e+00,0.000000000000e+00,0.000000000000e+00,6.125552291745e-04,6.676851998002e-02,2.722043439907e+02,2.543534698486e+02,0.000000000000e+00,5.812511635284e-01,7.044098306746e+02,5.550096443997e+04,1.090000000000e+02
2.879000000000e+03,1.033229844592e+08,1.657019010170e+04,6.005263285010e+05,3.778547959513e-01,2.627108581308e+02,-1.239036967178e-04,-1.350550294224e-02,0.000000000000e+00,4.892282426185e+02,1.660597749236e+03,0.000000000000e+00,0.000000000000e+00,0.000000000000e+00,0.000000000000e+00,7.188995020568e-04,7.836004572419e-02,2.722302183530e+02,2.540127410889e+02,0.000000000000e+00,5.872343314063e-01,4.892282426185e+02,5.550105048218e+04,1.090000000000e+02
2.880000000000e+03,1.033213206096e+08,1.763950618045e+04,6.056436938328e+05,3.795282553243e-01,2.637816466719e+02,-1.431692038737e-04,-1.560544322223e-02,0.000000000000e+00,5.945356796134e+02,1.663851758358e+03,0.000000000000e+00,0.000000000000e+00,0.000000000000e+00,0.000000000000e+00,7.028549864502e-04,7.661119352308e-02,2.722095290799e+02,2.534426269531e+02,0.000000000000e+00,5.930641492654e-01,5.945356796134e+02,5.550097991180e+04,1.090000000000e+02
2.881000000000e+03,1.033196769237e+08,1.888366490974e+04,6.115664525698e+05,3.818570611992e-01,2.647377661083e+02,-1.498398708098e-04,-1.633254591827e-02,0.000000000000e+00,3.995276348162e+02,1.643686364113e+03,0.000000000000e+00,0.000000000000e+00,0.000000000000e+00,0.000000000000e+00,8.295517101127e-04,9.042113640229e-02,2.721535416445e+02,2.525922546387e+02,0.000000000000e+00,5.997827565455e-01,3.995276348162e+02,5.550078129057e+04,1.090000000000e+02
2.882000000000e+03,1.033180362550e+08,2.018099414892e+04,6.176906583230e+05,3.843406223536e-01,2.656618900228e+02,-1.286776836020e-04,-1.402586751262e-02,0.000000000000e+00,3.433416823395e+02,1.640670921519e+03,0.000000000000e+00,0.000000000000e+00,0.000000000000e+00,0.000000000000e+00,8.839902777963e-04,9.635494027979e-02,2.721027670362e+02,2.525356140137e+02,0.000000000000e+00,6.064240210692e-01,3.433416823395e+02,5.550060042781e+04,1.090000000000e+02
2.883000000000e+03,1.033164090636e+08,2.152256943910e+04,6.232515543675e+05,3.863653217432e-01,2.666496795592e+02,-1.091272818289e-04,-1.189487371935e-02,0.000000000000e+00,2.856179101974e+02,1.627193200377e+03,0.000000000000e+00,0.000000000000e+00,0.000000000000e+00,0.000000000000e+00,8.104045385148e-04,8.833409469811e-02,2.720575616677e+02,2.526210479736e+02,0.000000000000e+00,6.137699576266e-01,2.856179101974e+02,5.550043489810e+04,1.090000000000e+02
2.884000000000e+03,1.033148039978e+08,2.282944527423e+04,6.279972543162e+05,3.877451108483e-01,2.677241774447e+02,-1.029917044468e-04,-1.122609578470e-02,0.000000000000e+00,2.981903042917e+02,1.605066139422e+03,0.000000000000e+00,0.000000000000e+00,0.000000000000e+00,0.000000000000e+00,6.815608577075e-04,7.429013349012e-02,2.720464870025e+02,2.526845245361e+02,0.000000000000e+00,6.215586747207e-01,2.981903042917e+02,5.550039417164e+04,1.090000000000e+02
2.885000000000e+03,1.033132282442e+08,2.404086901831e+04,6.323526989917e+05,3.888503483852e-01,2.688145644473e+02,-1.071177139045e-04,-1.167583081559e-02,0.000000000000e+00,3.643305533199e+02,1.575754297393e+03,0.000000000000e+00,0.000000000000e+00,0.000000000000e+00,0.000000000000e+00,6.127755091724e-04,6.679253049979e-02,2.720566684845e+02,2.531290130615e+02,0.000000000000e+00,6.281183123396e-01,3.643305533199e+02,5.550043126662e+04,1.090000000000e+02
2.886000000000e+03,1.033116936011e+08,2.533850180848e+04,6.369900207784e+05,3.902359296083e-01,2.698250811728e+02,-1.179188098095e-04,-1.285315026923e-02,0.000000000000e+00,2.370093952878e+02,1.534642185465e+03,0.000000000000e+00,0.000000000000e+00,0.000000000000e+00,0.000000000000e+00,6.488821097088e-04,7.072814995826e-02,2.720214959800e+02,2.527994995117e+02,0.000000000000e+00,6.344095381842e-01,2.370093952878e+02,5.550030257272e+04,1.090000000000e+02
2.887000000000e+03,1.033101769754e+08,2.658411649269e+04,6.419261768278e+05,3.917904840087e-01,2.708381429385e+02,-1.232317981033e-04,-1.343226599326e-02,0.000000000000e+00,2.710118020770e+02,1.516626486281e+03,0.000000000000e+00,0.000000000000e+00,0.000000000000e+00,0.000000000000e+00,6.931326935777e-04,7.555146359997e-02,2.719641784635e+02,2.526025085449e+02,0.000000000000e+00,6.414273363703e-01,2.710118020770e+02,5.550009032881e+04,1.090000000000e+02
2.888000000000e+03,1.033087254491e+08,2.786401785705e+04,6.470859724118e+05,3.935784088427e-01,2.717755038198e+02,-1.319984506630e-04,-1.438783112227e-02,0.000000000000e+00,1.716252649898e+02,1.451526629349e+03,0.000000000000e+00,0.000000000000e+00,0.000000000000e+00,0.000000000000e+00,7.211618337104e-04,7.860663987443e-02,2.719325231959e+02,2.523730163574e+02,0.000000000000e+00,6.488853507763e-01,1.716252649898e+02,5.549996973387e+04,1.090000000000e+02
2.889000000000e+03,1.033072813858e+08,2.912646231577e+04,6.519683505509e+05,3.951468189534e-01,2.727392499424e+02,-1.260986908587e-04,-1.374475730360e-02,0.000000000000e+00,1.816195970047e+02,1.444064055731e+03,0.000000000000e+00,0.000000000000e+00,0.000000000000e+00,0.000000000000e+00,6.809721006394e-04,7.422595896970e-02,2.719323488168e+02,2.532419433594e+02,0.000000000000e+00,6.557774962790e-01,1.816195970047e+02,5.549996868719e+04,1.090000000000e+02
2.890000000000e+03,1.033058742498e+08,3.036315191189e+04,6.565774249611e+05,3.964721917270e-01,2.737507501528e+02,-1.007657321131e-04,-1.098346480033e-02,0.000000000000e+00,1.704484758109e+02,1.407138071929e+03,0.000000000000e+00,0.000000000000e+00,0.000000000000e+00,0.000000000000e+00,6.617442239563e-04,7.213012041123e-02,2.718500418240e+02,2.523300018311e+02,0.000000000000e+00,6.626194608797e-01,1.704484758109e+02,5.549965390256e+04,1.090000000000e+02
2.891000000000e+03,1.033044799886e+08,3.160260823817e+04,6.609425615772e+05,3.976815915974e-01,2.747337554868e+02,-8.937583927658e-05,-9.741966481147e-03,0.000000000000e+00,1.548050741744e+02,1.394261400453e+03,0.000000000000e+00,0.000000000000e+00,0.000000000000e+00,0.000000000000e+00,6.326192645928e-04,6.895549984062e-02,2.717957053625e+02,2.516966857910e+02,0.000000000000e+00,6.714200830729e-01,1.548050741744e+02,5.549944065956e+04,1.090000000000e+02
2.892000000000e+03,1.033030892340e+08,3.283163467598e+04,6.654665508114e+05,3.990128112240e-01,2.756916240034e+02,-1.080233598466e-04,-1.177454622327e-02,0.000000000000e+00,1.617290849748e+02,1.390755522789e+03,0.000000000000e+00,0.000000000000e+00,0.000000000000e+00,0.000000000000e+00,6.399059357536e-04,6.974974699714e-02,2.717839256890e+02,2.519540557861e+02,0.000000000000e+00,6.799788836980e-01,1.617290849748e+02,5.549939330422e+04,1.090000000000e+02
2.893000000000e+03,1.033017087221e+08,3.404864960638e+04,6.694793274015e+05,3.999259660385e-01,2.767212712657e+02,-1.152309113658e-04,-1.256016933887e-02,0.000000000000e+00,1.634977857255e+02,1.380512716116e+03,0.000000000000e+00,0.000000000000e+00,0.000000000000e+00,0.000000000000e+00,5.482985046555e-04,5.976453700745e-02,2.717592175648e+02,2.524174652100e+02,0.000000000000e+00,6.881405895675e-01,1.634977857255e+02,5.549929410051e+04,1.090000000000e+02
2.894000000000e+03,1.033003457070e+08,3.523586177988e+04,6.740305281007e+05,4.012876069925e-01,2.776564332768e+02,-1.228594437583e-04,-1.339167936965e-02,0.000000000000e+00,1.758041544176e+02,1.363016327923e+03,0.000000000000e+00,0.000000000000e+00,0.000000000000e+00,0.000000000000e+00,6.292002861507e-04,6.858283119042e-02,2.717936647161e+02,2.536688690186e+02,0.000000000000e+00,6.962764101406e-01,1.758041544176e+02,5.549943093736e+04,1.090000000000e+02
2.895000000000e+03,1.032990040975e+08,3.638813147494e+04,6.799283984934e+05,4.036797662072e-01,2.784259830546e+02,-1.485206781875e-04,-1.618875392244e-02,0.000000000000e+00,1.893404994803e+02,1.341610194543e+03,0.000000000000e+00,0.000000000000e+00,0.000000000000e+00,0.000000000000e+00,8.263280141425e-04,9.006975354153e-02,2.718058085218e+02,2.541053009033e+02,0.000000000000e+00,7.050153058899e-01,1.893404994803e+02,5.549947880263e+04,1.090000000000e+02
2.896000000000e+03,1.032976778022e+08,3.752792102045e+04,6.857118825420e+05,4.059608796526e-01,2.792167167830e+02,-1.386266318215e-04,-1.511030286854e-02,0.000000000000e+00,1.865047654042e+02,1.326294310915e+03,0.000000000000e+00,0.000000000000e+00,0.000000000000e+00,0.000000000000e+00,8.174995839932e-04,8.910745465526e-02,2.717946968779e+02,2.542877807617e+02,0.000000000000e+00,7.134135800948e-01,1.865047654042e+02,5.549943453027e+04,1.090000000000e+02
2.897000000000e+03,1.032963699906e+08,3.864572714873e+04,6.904712490381e+05,4.074468249765e-01,2.801291910073e+02,-1.109788627628e-04,-1.209669604114e-02,0.000000000000e+00,1.900057813369e+02,1.307811909608e+03,0.000000000000e+00,0.000000000000e+00,0.000000000000e+00,0.000000000000e+00,6.757063731491e-04,7.365199467325e-02,2.718024103453e+02,2.553469085693e+02,0.000000000000e+00,7.211862659314e-01,1.900057813369e+02,5.549946469126e+04,1.090000000000e+02
2.898000000000e+03,1.032950776701e+08,3.975491188378e+04,6.943212077200e+05,4.083078100003e-01,2.810980269817e+02,-1.095961459027e-04,-1.194597990340e-02,0.000000000000e+00,1.831355681603e+02,1.292320303212e+03,0.000000000000e+00,0.000000000000e+00,0.000000000000e+00,0.000000000000e+00,5.271745639654e-04,5.746202747223e-02,2.717597637304e+02,2.539951934814e+02,0.000000000000e+00,7.314360254072e-01,1.831355681603e+02,5.549929449621e+04,1.090000000000e+02
2.899000000000e+03,1.032937952198e+08,4.087387210943e+04,6.982975261068e+05,4.092831460168e-01,2.820354700059e+02,-1.108966211222e-04,-1.208773170232e-02,0.000000000000e+00,1.634903448169e+02,1.282450570467e+03,0.000000000000e+00,0.000000000000e+00,0.000000000000e+00,0.000000000000e+00,5.469462220414e-04,5.961713820252e-02,2.716962231074e+02,2.536811370850e+02,0.000000000000e+00,7.413733166710e-01,1.634903448169e+02,5.549903656453e+04,1.090000000000e+02
2.900000000000e+03,1.032925261005e+08,4.199136948039e+04,7.027290621940e+05,4.105708049516e-01,2.829363570531e+02,-1.043212184529e-04,-1.137101281137e-02,0.000000000000e+00,1.516222320095e+02,1.269119602972e+03,0.000000000000e+00,0.000000000000e+00,0.000000000000e+00,0.000000000000e+00,6.287201327948e-04,6.853049447463e-02,2.716405584545e+02,2.542044982910e+02,0.000000000000e+00,7.510963020641e-01,1.516222320095e+02,5.549880616029e+04,1.090000000000e+02
2.901000000000e+03,1.032912692843e+08,4.311291384991e+04,7.078924490143e+05,4.124325920198e-01,2.837304454935e+02,-1.014078513316e-04,-1.105345579515e-02,0.000000000000e+00,1.352710074663e+02,1.256815376984e+03,0.000000000000e+00,0.000000000000e+00,0.000000000000e+00,0.000000000000e+00,7.528662433325e-04,8.206242052324e-02,2.715583779818e+02,2.526791687012e+02,0.000000000000e+00,7.628187902085e-01,1.352710074663e+02,5.549845919453e+04,1.090000000000e+02
2.902000000000e+03,1.032900173851e+08,4.426429412705e+04,7.124536640146e+05,4.138354064185e-01,2.845940794119e+02,-8.914819861547e-05,-9.717153649087e-03,0.000000000000e+00,1.005195726967e+02,1.251899849842e+03,0.000000000000e+00,0.000000000000e+00,0.000000000000e+00,0.000000000000e+00,6.662730756343e-04,7.262376524414e-02,2.714054901020e+02,2.513524322510e+02,0.000000000000e+00,7.744606338855e-01,1.005195726967e+02,5.549779132264e+04,1.090000000000e+02
2.903000000000e+03,1.032887708411e+08,4.543830464668e+04,7.154743513584e+05,4.141460005622e-01,2.855891972059e+02,-7.633464639973e-05,-8.320476457570e-03,0.000000000000e+00,7.253252786884e+01,1.246543047500e+03,0.000000000000e+00,0.000000000000e+00,0.000000000000e+00,0.000000000000e+00,4.241801814576e-04,4.623563977888e-02,2.712852166189e+02,2.503384704590e+02,0.000000000000e+00,7.874192499369e-01,7.253252786884e+01,5.549724435401e+04,1.090000000000e+02
2.904000000000e+03,1.032875491567e+08,4.657650815435e+04,7.190785425497e+05,4.148791114046e-01,2.865202727093e+02,-9.266588253693e-05,-1.010058119653e-02,0.000000000000e+00,8.348132486945e+01,1.221684832531e+03,0.000000000000e+00,0.000000000000e+00,0.000000000000e+00,0.000000000000e+00,5.029839088796e-04,5.482524606788e-02,2.713020068042e+02,2.508208923340e+02,0.000000000000e+00,7.988645061608e-01,8.348132486945e+01,5.549732033637e+04,1.090000000000e+02
2.905000000000e+03,1.032863627291e+08,4.765217914344e+04,7.240285371695e+05,4.166000571147e-01,2.872995242260e+02,-1.151630204604e-04,-1.255276923019e-02,0.000000000000e+00,1.107564482887e+02,1.186427437386e+03,0.000000000000e+00,0.000000000000e+00,0.000000000000e+00,0.000000000000e+00,7.025569667797e-04,7.657870937899e-02,2.713598778117e+02,2.522371978760e+02,0.000000000000e+00,8.092812618947e-01,1.107564482887e+02,5.549758339847e+04,1.090000000000e+02
2.906000000000e+03,1.032852131069e+08,4.866696501771e+04,7.292313661595e+05,4.185042348995e-01,2.880456723462e+02,-1.134064024605e-04,-1.236129786820e-02,0.000000000000e+00,1.348359434677e+02,1.149621817735e+03,0.000000000000e+00,0.000000000000e+00,0.000000000000e+00,0.000000000000e+00,7.459276319569e-04,8.130611188330e-02,2.714367609841e+02,2.537629241943e+02,0.000000000000e+00,8.211940453773e-01,1.348359434677e+02,5.549792676931e+04,1.090000000000e+02
2.907000000000e+03,1.032840981150e+08,4.963273928595e+04,7.343297939564e+05,4.203123644934e-01,2.888106516138e+02,-1.086146490511e-04,-1.183899674657e-02,0.000000000000e+00,1.492180190383e+02,1.114992287275e+03,0.000000000000e+00,0.000000000000e+00,0.000000000000e+00,0.000000000000e+00,7.337380577710e-04,7.997744829704e-02,2.714850555649e+02,2.542690124512e+02,0.000000000000e+00,8.331035184434e-01,1.492180190383e+02,5.549813875372e+04,1.090000000000e+02
2.908000000000e+03,1.032830094672e+08,5.057836654726e+04,7.405616946641e+05,4.229776519710e-01,2.894267401980e+02,-1.297904162818e-04,-1.414715537472e-02,0.000000000000e+00,1.430211449903e+02,1.088648406303e+03,0.000000000000e+00,0.000000000000e+00,0.000000000000e+00,0.000000000000e+00,9.005631994510e-04,9.816138874016e-02,2.714675983607e+02,2.540317077637e+02,0.000000000000e+00,8.431589685341e-01,1.430211449903e+02,5.549806261503e+04,1.090000000000e+02
2.909000000000e+03,1.032819440302e+08,5.151133615214e+04,7.465164713161e+05,4.254032474782e-01,2.900909356683e+02,-1.288439251974e-04,-1.404398784651e-02,0.000000000000e+00,1.324672478590e+02,1.065436852736e+03,0.000000000000e+00,0.000000000000e+00,0.000000000000e+00,0.000000000000e+00,8.557373444029e-04,9.327537053992e-02,2.714465786535e+02,2.541607360840e+02,0.000000000000e+00,8.555394050538e-01,1.324672478590e+02,5.549797026416e+04,1.090000000000e+02
2.910000000000e+03,1.032809007541e+08,5.243609299819e+04,7.520542046471e+05,4.275690196311e-01,2.907640588995e+02,-1.216765560682e-04,-1.326274461144e-02,0.000000000000e+00,1.185200908371e+02,1.043276936889e+03,0.000000000000e+00,0.000000000000e+00,0.000000000000e+00,0.000000000000e+00,7.943995643989e-04,8.658955251948e-02,2.713824521908e+02,2.529650726318e+02,0.000000000000e+00,8.659229891323e-01,1.185200908371e+02,5.549768509772e+04,1.090000000000e+02
2.911000000000e+03,1.032798774653e+08,5.335766639563e+04,7.575639208235e+05,4.296644277035e-01,2.914672840338e+02,-1.195919199681e-04,-1.303551927652e-02,0.000000000000e+00,1.017154935226e+02,1.023288890969e+03,0.000000000000e+00,0.000000000000e+00,0.000000000000e+00,0.000000000000e+00,7.918259124350e-04,8.630902445542e-02,2.713229230172e+02,2.524856262207e+02,0.000000000000e+00,8.753072864326e-01,1.017154935226e+02,5.549741556578e+04,1.090000000000e+02
2.912000000000e+03,1.032788781270e+08,5.426000972627e+04,7.625903952960e+05,4.314280985923e-01,2.922025652296e+02,-1.112702229994e-04,-1.212845430693e-02,0.000000000000e+00,9.699608635054e+01,9.993394169891e+02,0.000000000000e+00,0.000000000000e+00,0.000000000000e+00,0.000000000000e+00,7.200011735248e-04,7.848012791420e-02,2.712901493162e+02,2.527892150879e+02,0.000000000000e+00,8.852118255312e-01,9.699608635054e+01,5.549726500879e+04,1.090000000000e+02
2.913000000000e+03,1.032778623605e+08,5.519223567480e+04,7.675077714185e+05,4.331076229624e-01,2.929478958936e+02,-1.080823077200e-04,-1.178097154148e-02,0.000000000000e+00,8.354096643553e+01,1.015766914960e+03,0.000000000000e+00,0.000000000000e+00,0.000000000000e+00,0.000000000000e+00,7.054997090470e-04,7.689946828613e-02,2.712262127243e+02,2.516610565186e+02,0.000000000000e+00,8.948851174231e-01,8.354096643553e+01,5.549697147469e+04,1.090000000000e+02
2.914000000000e+03,1.032768656518e+08,5.611801224768e+04,7.715540125802e+05,4.341899331057e-01,2.937596492846e+02,-1.070325979882e-04,-1.166655318071e-02,0.000000000000e+00,7.092978674485e+01,9.967063596228e+02,0.000000000000e+00,0.000000000000e+00,0.000000000000e+00,0.000000000000e+00,5.624789421043e-04,6.131020468937e-02,2.711687997960e+02,2.513882751465e+02,0.000000000000e+00,9.033118970588e-01,7.092978674485e+01,5.549670104890e+04,1.090000000000e+02
2.915000000000e+03,1.032758905863e+08,5.702495119330e+04,7.748690342160e+05,4.347581503066e-01,2.946372816782e+02,-1.021584053891e-04,-1.113526618741e-02,0.000000000000e+00,6.812385357458e+01,9.750627992001e+02,0.000000000000e+00,0.000000000000e+00,0.000000000000e+00,0.000000000000e+00,4.463133630670e-04,4.864815657431e-02,2.711271645075e+02,2.516314849854e+02,0.000000000000e+00,9.116179582126e-01,6.812385357458e+01,5.549650195185e+04,1.090000000000e+02
2.916000000000e+03,1.032749348531e+08,5.791332765911e+04,7.779110931064e+05,4.351558304868e-01,2.955243095454e+02,-1.089537412682e-04,-1.187595779823e-02,0.000000000000e+00,6.735251682342e+01,9.557289826321e+02,0.000000000000e+00,0.000000000000e+00,0.000000000000e+00,0.000000000000e+00,3.942052126961e-04,4.296836818387e-02,2.711028858518e+02,2.525847625732e+02,0.000000000000e+00,9.183330174879e-01,6.735251682342e+01,5.549638470070e+04,1.090000000000e+02
2.917000000000e+03,1.032739981192e+08,5.878131553718e+04,7.818820707971e+05,4.361918043677e-01,2.963275026646e+02,-1.236615240786e-04,-1.347910612457e-02,0.000000000000e+00,6.874242758875e+01,9.367303056597e+02,0.000000000000e+00,0.000000000000e+00,0.000000000000e+00,0.000000000000e+00,5.328359534824e-04,5.807911892958e-02,2.710990699311e+02,2.525290985107e+02,0.000000000000e+00,9.260339783390e-01,6.874242758875e+01,5.549636621142e+04,1.090000000000e+02
2.918000000000e+03,1.032730790131e+08,5.963241240878e+04,7.870314143284e+05,4.381182980413e-01,2.969680167482e+02,-1.343417565058e-04,-1.464325145914e-02,0.000000000000e+00,6.800767963756e+01,9.191045512396e+02,0.000000000000e+00,0.000000000000e+00,0.000000000000e+00,0.000000000000e+00,7.171509206262e-04,7.816945034825e-02,2.710783883845e+02,2.516068267822e+02,0.000000000000e+00,9.328493513145e-01,6.800767963756e+01,5.549626577920e+04,1.090000000000e+02
2.919000000000e+03,1.032721739649e+08,6.047504384993e+04,7.926983077681e+05,4.403920423109e-01,2.975634050280e+02,-1.197623139208e-04,-1.305409221737e-02,0.000000000000e+00,6.241652136421e+01,9.050479625100e+02,0.000000000000e+00,0.000000000000e+00,0.000000000000e+00,0.000000000000e+00,8.176696715870e-04,8.912599420298e-02,2.710253146561e+02,2.512489471436e+02,0.000000000000e+00,9.406683921597e-01,6.241652136421e+01,5.549600526256e+04,1.090000000000e+02
2.920000000000e+03,1.032712833022e+08,6.130368570979e+04,7.988893166571e+05,4.429860122444e-01,2.981315724045e+02,-1.396883837261e-04,-1.522603382615e-02,0.000000000000e+00,6.201801938498e+01,8.906598792497e+02,0.000000000000e+00,0.000000000000e+00,0.000000000000e+00,0.000000000000e+00,8.838710043561e-04,9.634193947481e-02,2.710173530789e+02,2.519989776611e+02,0.000000000000e+00,9.476561546924e-01,6.201801938498e+01,5.549596564869e+04,1.090000000000e+02
2.921000000000e+03,1.032704094394e+08,6.211326639814e+04,8.054039751771e+05,4.457613746724e-01,2.986915933325e+02,-1.814102344256e-04,-1.977371555239e-02,0.000000000000e+00,6.428100474154e+01,8.738616930843e+02,0.000000000000e+00,0.000000000000e+00,0.000000000000e+00,0.000000000000e+00,8.956576633320e-04,9.762668530319e-02,2.710100343167e+02,2.520103759766e+02,0.000000000000e+00,9.536483096649e-01,6.428100474154e+01,5.549592914052e+04,1.090000000000e+02
2.922000000000e+03,1.032695512136e+08,6.290641741643e+04,8.113583458046e+05,4.482002976918e-01,2.992623949876e+02,-1.942517675230e-04,-2.117344266000e-02,0.000000000000e+00,6.507248688775e+01,8.582235051783e+02,0.000000000000e+00,0.000000000000e+00,0.000000000000e+00,0.000000000000e+00,7.900638178923e-04,8.611695615026e-02,2.710124490520e+02,2.526075439453e+02,0.000000000000e+00,9.600333937955e-01,6.507248688775e+01,5.549594100748e+04,1.090000000000e+02
2.923000000000e+03,1.032687081905e+08,6.368599075320e+04,8.156465028834e+05,4.494749510067e-01,2.999916031327e+02,-1.693379345310e-04,-1.845783486388e-02,0.000000000000e+00,6.344929520020e+01,8.430226319757e+02,0.000000000000e+00,0.000000000000e+00,0.000000000000e+00,0.000000000000e+00,5.398771069315e-04,5.884660465553e-02,2.709861463795e+02,2.526165313721e+02,0.000000000000e+00,9.682737881118e-01,6.344929520020e+01,5.549581002969e+04,1.090000000000e+02
2.924000000000e+03,1.032678789146e+08,6.445516104359e+04,8.203869359093e+05,4.511663939915e-01,3.006046526680e+02,-1.246790159103e-04,-1.359001273423e-02,0.000000000000e+00,6.010412300307e+01,8.292744133951e+02,0.000000000000e+00,0.000000000000e+00,0.000000000000e+00,0.000000000000e+00,6.593209524518e-04,7.186598381725e-02,2.709585522405e+02,2.526100158691e+02,0.000000000000e+00,9.744059704335e-01,6.010412300307e+01,5.549567165006e+04,1.090000000000e+02
2.925000000000e+03,1.032670603905e+08,6.522448388234e+04,8.257947320172e+05,4.532087432098e-01,3.012259211295e+02,-1.130762024909e-04,-1.232530607151e-02,0.000000000000e+00,4.920103008285e+01,8.185238688238e+02,0.000000000000e+00,0.000000000000e+00,0.000000000000e+00,0.000000000000e+00,7.824269210816e-04,8.528453439789e-02,2.708386420110e+02,2.508502655029e+02,0.000000000000e+00,9.835651276079e-01,4.920103008285e+01,5.549505870578e+04,1.090000000000e+02
2.926000000000e+03,1.032662484026e+08,6.600255906911e+04,8.312226364975e+05,4.552227396581e-01,3.018683520037e+02,-1.188834253219e-04,-1.295829336008e-02,0.000000000000e+00,3.391235058105e+01,8.119875373525e+02,0.000000000000e+00,0.000000000000e+00,0.000000000000e+00,0.000000000000e+00,7.802329487216e-04,8.504539141065e-02,2.707020708674e+02,2.500630798340e+02,0.000000000000e+00,9.913077025460e-01,3.391235058105e+01,5.549433719921e+04,1.090000000000e+02
2.927000000000e+03,1.032654447829e+08,6.677769837238e+04,8.369817388871e+05,4.574704482913e-01,3.024691622359e+02,-1.268462303448e-04,-1.382623910759e-02,0.000000000000e+00,2.847686450075e+01,8.036161677783e+02,0.000000000000e+00,0.000000000000e+00,0.000000000000e+00,0.000000000000e+00,8.265184426323e-04,9.009051024692e-02,2.706085473830e+02,2.503898010254e+02,0.000000000000e+00,1.000370719732e+00,2.847686450075e+01,5.549382796228e+04,1.090000000000e+02
2.928000000000e+03,1.032646535907e+08,6.753595609601e+04,8.413570240144e+05,4.587723128226e-01,3.031875363976e+02,-1.327621517525e-04,-1.447107454103e-02,0.000000000000e+00,3.293188251148e+01,7.911896061339e+02,0.000000000000e+00,0.000000000000e+00,0.000000000000e+00,0.000000000000e+00,5.905792699270e-04,6.437314042204e-02,2.706077554275e+02,2.510000000000e+02,0.000000000000e+00,1.007304373980e+00,3.293188251148e+01,5.549382204561e+04,1.090000000000e+02
2.929000000000e+03,1.032638778677e+08,6.827521635790e+04,8.451648269934e+05,4.597956739264e-01,3.038821401396e+02,-1.293301519775e-04,-1.409698656554e-02,0.000000000000e+00,3.646099028205e+01,7.757212521750e+02,0.000000000000e+00,0.000000000000e+00,0.000000000000e+00,0.000000000000e+00,5.003144188461e-04,5.453427165423e-02,2.705983749954e+02,2.510683288574e+02,0.000000000000e+00,1.015090029781e+00,3.646099028205e+01,5.549376894420e+04,1.090000000000e+02
2.930000000000e+03,1.032631167636e+08,6.899929962577e+04,8.494198564824e+05,4.609777159441e-01,3.046290562547e+02,-1.263765318214e-04,-1.377504196853e-02,0.000000000000e+00,3.701841696684e+01,7.611016848372e+02,0.000000000000e+00,0.000000000000e+00,0.000000000000e+00,0.000000000000e+00,5.771328066698e-04,6.290747592701e-02,2.705940318490e+02,2.517420959473e+02,0.000000000000e+00,1.020785590737e+00,3.701841696684e+01,5.549374369141e+04,1.090000000000e+02
2.931000000000e+03,1.032623684037e+08,6.971823189217e+04,8.530633347032e+05,4.618252930691e-01,3.053772927477e+02,-1.102829058867e-04,-1.202083674165e-02,0.000000000000e+00,2.942645928931e+01,7.483587256921e+02,0.000000000000e+00,0.000000000000e+00,0.000000000000e+00,0.000000000000e+00,4.934656396363e-04,5.378775472036e-02,2.704953468311e+02,2.507825164795e+02,0.000000000000e+00,1.030650440953e+00,2.942645928931e+01,5.549319146534e+04,1.090000000000e+02
2.932000000000e+03,1.032616325116e+08,7.042661980320e+04,8.566208741318e+05,4.626223599788e-01,3.061227910790e+02,-9.753208987263e-05,-1.063099779612e-02,0.000000000000e+00,2.750323256834e+01,7.358911435930e+02,0.000000000000e+00,0.000000000000e+00,0.000000000000e+00,0.000000000000e+00,4.907563259305e-04,5.349243952643e-02,2.704856113587e+02,2.513494567871e+02,0.000000000000e+00,1.037077213127e+00,2.750323256834e+01,5.549313464808e+04,1.090000000000e+02
2.933000000000e+03,1.032609139211e+08,7.111231702427e+04,8.609171955967e+05,4.639686447105e-01,3.067653777453e+02,-1.171896036078e-04,-1.277366679325e-02,0.000000000000e+00,3.289214888030e+01,7.185893699522e+02,0.000000000000e+00,0.000000000000e+00,0.000000000000e+00,0.000000000000e+00,5.930768946746e-04,6.464538151953e-02,2.704871380397e+02,2.517384948730e+02,0.000000000000e+00,1.045242950653e+00,3.289214888030e+01,5.549314049548e+04,1.090000000000e+02
2.934000000000e+03,1.032602112824e+08,7.178356409401e+04,8.656558203063e+05,4.655499973602e-01,3.074071744065e+02,-1.556558375020e-04,-1.696648628772e-02,0.000000000000e+00,3.139116028255e+01,7.026382300236e+02,0.000000000000e+00,0.000000000000e+00,0.000000000000e+00,0.000000000000e+00,6.282343815765e-04,6.847754759184e-02,2.704545276420e+02,2.516017303467e+02,0.000000000000e+00,1.051278561451e+00,3.139116028255e+01,5.549295206248e+04,1.090000000000e+02
2.935000000000e+03,1.032595241157e+08,7.244170829010e+04,8.695813385359e+05,4.666056290530e-01,3.081038081824e+02,-1.580049605654e-04,-1.722254070163e-02,0.000000000000e+00,2.902243107217e+01,6.871666271585e+02,0.000000000000e+00,0.000000000000e+00,0.000000000000e+00,0.000000000000e+00,4.915548115095e-04,5.357947445454e-02,2.704162470114e+02,2.519206085205e+02,0.000000000000e+00,1.059139839458e+00,2.902243107217e+01,5.549272883298e+04,1.090000000000e+02
2.936000000000e+03,1.032588533265e+08,7.308380133012e+04,8.732661297818e+05,4.675050807815e-01,3.088151148627e+02,-1.499412353350e-04,-1.634359465151e-02,0.000000000000e+00,2.869652608301e+01,6.707895661041e+02,0.000000000000e+00,0.000000000000e+00,0.000000000000e+00,0.000000000000e+00,4.597222083161e-04,5.010972070646e-02,2.703854506872e+02,2.518365478516e+02,0.000000000000e+00,1.066903347974e+00,2.869652608301e+01,5.549254595037e+04,1.090000000000e+02
2.937000000000e+03,1.032581975412e+08,7.371694847739e+04,8.783420622814e+05,4.693226577130e-01,3.094104865779e+02,-1.494489715160e-04,-1.628993789524e-02,0.000000000000e+00,2.263786545356e+01,6.557850127210e+02,0.000000000000e+00,0.000000000000e+00,0.000000000000e+00,0.000000000000e+00,6.912661714294e-04,7.534801268580e-02,2.702865302925e+02,2.510751037598e+02,0.000000000000e+00,1.074240818424e+00,2.263786545356e+01,5.549195911237e+04,1.090000000000e+02
2.938000000000e+03,1.032575539765e+08,7.435116900434e+04,8.836011722827e+05,4.713384689847e-01,3.099376550913e+02,-1.285407162770e-04,-1.401093807420e-02,0.000000000000e+00,9.343750611479e+00,6.435642775704e+02,0.000000000000e+00,0.000000000000e+00,0.000000000000e+00,0.000000000000e+00,7.436464550823e-04,8.105746360397e-02,2.701176393929e+02,2.503266143799e+02,0.000000000000e+00,1.082856822014e+00,9.343750611479e+00,5.549092839985e+04,1.090000000000e+02
2.939000000000e+03,1.032570186078e+08,7.487871034245e+04,8.875708081445e+05,4.724040249311e-01,3.106317895640e+02,-1.211533282161e-04,-1.320571277555e-02,0.000000000000e+00,7.827186197388e+00,5.353685243069e+02,0.000000000000e+00,0.000000000000e+00,0.000000000000e+00,0.000000000000e+00,5.370131938291e-04,5.853443812737e-02,2.700099122627e+02,2.501602478027e+02,0.000000000000e+00,1.088571932875e+00,7.827186197388e+00,5.549022288389e+04,1.090000000000e+02
2.940000000000e+03,1.032564859843e+08,7.539667608552e+04,8.905611732053e+05,4.728714716176e-01,3.113724450952e+02,-1.283068693236e-04,-1.398544875627e-02,0.000000000000e+00,1.465804258980e+01,5.326237856533e+02,0.000000000000e+00,0.000000000000e+00,0.000000000000e+00,0.000000000000e+00,3.671305234357e-04,4.001722705449e-02,2.699525675975e+02,2.511623840332e+02,0.000000000000e+00,1.093487554968e+00,1.465804258980e+01,5.548983346160e+04,1.090000000000e+02
2.941000000000e+03,1.032559472043e+08,7.591933050639e+04,8.938132861997e+05,4.734719310915e-01,3.121155492652e+02,-1.392977851784e-04,-1.518345858445e-02,0.000000000000e+00,1.612635136471e+01,5.387807722412e+02,0.000000000000e+00,0.000000000000e+00,0.000000000000e+00,0.000000000000e+00,3.995061639483e-04,4.354617187037e-02,2.698902374248e+02,2.513104553223e+02,0.000000000000e+00,1.098673867948e+00,1.612635136471e+01,5.548941251199e+04,1.090000000000e+02
2.942000000000e+03,1.032553219855e+08,7.653531935466e+04,8.978374999592e+05,4.746787009306e-01,3.127272457970e+02,-1.230328025147e-04,-1.341057547410e-02,0.000000000000e+00,9.229910352923e+00,6.252187586151e+02,0.000000000000e+00,0.000000000000e+00,0.000000000000e+00,0.000000000000e+00,5.439771576058e-04,5.929351017904e-02,2.697940200123e+02,2.510350799561e+02,0.000000000000e+00,1.106158367469e+00,9.229910352923e+00,5.548878914546e+04,1.090000000000e+02
2.943000000000e+03,1.032547331261e+08,7.712110467775e+04,9.022702239594e+05,4.760699987947e-01,3.133573536855e+02,-1.206933281812e-04,-1.315557277175e-02,0.000000000000e+00,3.073971233754e+00,5.888592943232e+02,0.000000000000e+00,0.000000000000e+00,0.000000000000e+00,0.000000000000e+00,6.143777834669e-04,6.696717839790e-02,2.696757722901e+02,2.509133758545e+02,0.000000000000e+00,1.113638521091e+00,3.073971233754e+00,5.548797845092e+04,1.090000000000e+02
2.944000000000e+03,1.032541678666e+08,7.768631673783e+04,9.072598364429e+05,4.779717951458e-01,3.138432468150e+02,-1.461854541739e-04,-1.593421450496e-02,0.000000000000e+00,4.746341661630e-02,5.652595235039e+02,0.000000000000e+00,0.000000000000e+00,0.000000000000e+00,0.000000000000e+00,6.819980582861e-04,7.433778835319e-02,2.695074081184e+02,2.503815002441e+02,0.000000000000e+00,1.117863261571e+00,4.746341661630e-02,5.548679245403e+04,1.090000000000e+02
2.945000000000e+03,1.032536218630e+08,7.823232028158e+04,9.114933632374e+05,4.793983045156e-01,3.143782647138e+02,-1.432536802797e-04,-1.561465115049e-02,0.000000000000e+00,0.000000000000e+00,5.460035437431e+02,0.000000000000e+00,0.000000000000e+00,0.000000000000e+00,0.000000000000e+00,5.609325478138e-04,6.114164771170e-02,2.692955547863e+02,2.495313720703e+02,0.000000000000e+00,1.121363998337e+00,0.000000000000e+00,5.548524516426e+04,1.090000000000e+02
2.946000000000e+03,1.032530951674e+08,7.875901585695e+04,9.148307449106e+05,4.800836964501e-01,3.150862844060e+02,-1.549901817035e-04,-1.689392980568e-02,0.000000000000e+00,0.000000000000e+00,5.266955753712e+02,0.000000000000e+00,0.000000000000e+00,0.000000000000e+00,0.000000000000e+00,4.003896132998e-04,4.364246784967e-02,2.691245211085e+02,2.494858703613e+02,0.000000000000e+00,1.128613938580e+00,0.000000000000e+00,5.548394231798e+04,1.090000000000e+02
2.947000000000e+03,1.032525878528e+08,7.926633050022e+04,9.180816102055e+05,4.806008851002e-01,3.158711157472e+02,-1.515637666073e-04,-1.652045056020e-02,0.000000000000e+00,0.000000000000e+00,5.073146432695e+02,0.000000000000e+00,0.000000000000e+00,0.000000000000e+00,0.000000000000e+00,3.885844127435e-04,4.235570098905e-02,2.690035933311e+02,2.502594757080e+02,0.000000000000e+00,1.134047049493e+00,0.000000000000e+00,5.548298713468e+04,1.090000000000e+02
2.948000000000e+03,1.032520988398e+08,7.975534349179e+04,9.215494926558e+05,4.814232950180e-01,3.165301833694e+02,-1.319516406013e-04,-1.438272882554e-02,0.000000000000e+00,0.000000000000e+00,4.890129915770e+02,0.000000000000e+00,0.000000000000e+00,0.000000000000e+00,0.000000000000e+00,4.451126076883e-04,4.851727423803e-02,2.688393269059e+02,2.504782257080e+02,0.000000000000e+00,1.137400586415e+00,0.000000000000e+00,5.548166337863e+04,1.090000000000e+02
2.949000000000e+03,1.032516276980e+08,8.022648531058e+04,9.253815974671e+05,4.824962199437e-01,3.171500277460e+02,-1.212846196810e-04,-1.322002354523e-02,0.000000000000e+00,0.000000000000e+00,4.711418187828e+02,0.000000000000e+00,0.000000000000e+00,0.000000000000e+00,0.000000000000e+00,5.173996197779e-04,5.639655855579e-02,2.686203532595e+02,2.498409729004e+02,0.000000000000e+00,1.141971833450e+00,0.000000000000e+00,5.547984540250e+04,1.090000000000e+02
2.950000000000e+03,1.032511756555e+08,8.067852782755e+04,9.300131464904e+05,4.841147199688e-01,3.176776092902e+02,-1.457935430116e-04,-1.589149618826e-02,0.000000000000e+00,0.000000000000e+00,4.520425169746e+02,0.000000000000e+00,0.000000000000e+00,0.000000000000e+00,0.000000000000e+00,6.229230355456e-04,6.789861087447e-02,2.685022494355e+02,2.503921813965e+02,0.000000000000e+00,1.144101463080e+00,0.000000000000e+00,5.547882522371e+04,1.090000000000e+02
2.951000000000e+03,1.032507428838e+08,8.111129955005e+04,9.344176377198e+05,4.855053222093e-01,3.182768607486e+02,-1.571352617392e-04,-1.712774352958e-02,0.000000000000e+00,0.000000000000e+00,4.327717225035e+02,0.000000000000e+00,0.000000000000e+00,0.000000000000e+00,0.000000000000e+00,5.755666475551e-04,6.273676458351e-02,2.683250636735e+02,2.503721160889e+02,0.000000000000e+00,1.145815118081e+00,0.000000000000e+00,5.547726481969e+04,1.090000000000e+02
2.952000000000e+03,1.032503296268e+08,8.152455646298e+04,9.385625597713e+05,4.867633119437e-01,3.188660607836e+02,-1.758403197459e-04,-1.916659485230e-02,0.000000000000e+00,0.000000000000e+00,4.132569129289e+02,0.000000000000e+00,0.000000000000e+00,0.000000000000e+00,0.000000000000e+00,5.113487963738e-04,5.573701880474e-02,2.682571718493e+02,2.512306823730e+02,0.000000000000e+00,1.148035145700e+00,0.000000000000e+00,5.547664318706e+04,1.090000000000e+02
2.953000000000e+03,1.032499393674e+08,8.191481595262e+04,9.438110423358e+05,4.890433052918e-01,3.191539487548e+02,-2.094723766987e-04,-2.283248906016e-02,0.000000000000e+00,0.000000000000e+00,3.902594896341e+02,0.000000000000e+00,0.000000000000e+00,0.000000000000e+00,0.000000000000e+00,6.583295898008e-04,7.175792528829e-02,2.682654860285e+02,2.528276824951e+02,0.000000000000e+00,1.147600036085e+00,0.000000000000e+00,5.547669764433e+04,1.090000000000e+02
2.954000000000e+03,1.032495695623e+08,8.228462097306e+04,9.495802228265e+05,4.912052794231e-01,3.196948688833e+02,-1.899424107072e-04,-2.070372276709e-02,0.000000000000e+00,0.000000000000e+00,3.698050204437e+02,0.000000000000e+00,0.000000000000e+00,0.000000000000e+00,0.000000000000e+00,7.657622228513e-04,8.346808229079e-02,2.682027248415e+02,2.528637695313e+02,0.000000000000e+00,1.146670588430e+00,0.000000000000e+00,5.547611814873e+04,1.090000000000e+02
2.955000000000e+03,1.032492166862e+08,8.263749706987e+04,9.550733925465e+05,4.933127844031e-01,3.201769203096e+02,-1.450295649354e-04,-1.580822257796e-02,0.000000000000e+00,0.000000000000e+00,3.528760968116e+02,0.000000000000e+00,0.000000000000e+00,0.000000000000e+00,0.000000000000e+00,7.665303312541e-04,8.355180610670e-02,2.680834183371e+02,2.530167694092e+02,0.000000000000e+00,1.147827333080e+00,0.000000000000e+00,5.547501881639e+04,1.090000000000e+02
2.956000000000e+03,1.032488803500e+08,8.297383326740e+04,9.607601441793e+05,4.953396250081e-01,3.207684531230e+02,-1.347611776859e-04,-1.468896836776e-02,0.000000000000e+00,0.000000000000e+00,3.363361975242e+02,0.000000000000e+00,0.000000000000e+00,0.000000000000e+00,0.000000000000e+00,8.071945718949e-04,8.798420833655e-02,2.680280333576e+02,2.537395019531e+02,0.000000000000e+00,1.149416023483e+00,0.000000000000e+00,5.547449678784e+04,1.090000000000e+02
2.957000000000e+03,1.032485602659e+08,8.329391744948e+04,9.665497009505e+05,4.978198063257e-01,3.210970836252e+02,-1.483830306058e-04,-1.617375033604e-02,0.000000000000e+00,0.000000000000e+00,3.200841820811e+02,0.000000000000e+00,0.000000000000e+00,0.000000000000e+00,0.000000000000e+00,8.107793540957e-04,8.837494959643e-02,2.679662356876e+02,2.539246063232e+02,0.000000000000e+00,1.151817763153e+00,0.000000000000e+00,5.547391018958e+04,1.090000000000e+02
2.958000000000e+03,1.032482557456e+08,8.359843773956e+04,9.725858916852e+05,5.004383455524e-01,3.214154964436e+02,-1.543663437313e-04,-1.682593146671e-02,0.000000000000e+00,0.000000000000e+00,3.045202900798e+02,0.000000000000e+00,0.000000000000e+00,0.000000000000e+00,0.000000000000e+00,8.457847427379e-04,9.219053695844e-02,2.678983028094e+02,2.538435516357e+02,0.000000000000e+00,1.152546220986e+00,0.000000000000e+00,5.547326175319e+04,1.090000000000e+02
2.959000000000e+03,1.032479646386e+08,8.388954473012e+04,9.790384984274e+05,5.032020190671e-01,3.217763559741e+02,-1.376154572918e-04,-1.500008484481e-02,0.000000000000e+00,0.000000000000e+00,2.911069905615e+02,0.000000000000e+00,0.000000000000e+00,0.000000000000e+00,0.000000000000e+00,9.322568873506e-04,1.016160007212e-01,2.678014577421e+02,2.538814697266e+02,0.000000000000e+00,1.153255829475e+00,0.000000000000e+00,5.547232935721e+04,1.090000000000e+02
2.960000000000e+03,1.032476839783e+08,8.417020503973e+04,9.849034674295e+05,5.054877179313e-01,3.222512486802e+02,-1.269096682373e-04,-1.383315383787e-02,0.000000000000e+00,0.000000000000e+00,2.806603096155e+02,0.000000000000e+00,0.000000000000e+00,0.000000000000e+00,0.000000000000e+00,8.486258302260e-04,9.250021549463e-02,2.676087827859e+02,2.527250061035e+02,0.000000000000e+00,1.154723016744e+00,0.000000000000e+00,5.547043864837e+04,1.090000000000e+02
2.961000000000e+03,1.032474124239e+08,8.444175946320e+04,9.903116140778e+05,5.075382486245e-01,3.227222164316e+02,-1.331120174615e-04,-1.450920990330e-02,0.000000000000e+00,0.000000000000e+00,2.715544234703e+02,0.000000000000e+00,0.000000000000e+00,0.000000000000e+00,0.000000000000e+00,7.667077329315e-04,8.357114288953e-02,2.674289898815e+02,2.526265106201e+02,0.000000000000e+00,1.156411590796e+00,0.000000000000e+00,5.546862429529e+04,1.090000000000e+02
2.962000000000e+03,1.032471507563e+08,8.470342699223e+04,9.956262022879e+05,5.095251791128e-01,3.231969301241e+02,-1.412276855514e-04,-1.539381772510e-02,0.000000000000e+00,0.000000000000e+00,2.616675290265e+02,0.000000000000e+00,0.000000000000e+00,0.000000000000e+00,0.000000000000e+00,7.418766410274e-04,8.086455387198e-02,2.672959056897e+02,2.530519561768e+02,0.000000000000e+00,1.156628202991e+00,0.000000000000e+00,5.546724730051e+04,1.090000000000e+02
2.963000000000e+03,1.032468984573e+08,8.495572601677e+04,1.002179060376e+06,5.124435022409e-01,3.234807501771e+02,-1.276369523723e-04,-1.391242780858e-02,0.000000000000e+00,0.000000000000e+00,2.522990245373e+02,0.000000000000e+00,0.000000000000e+00,0.000000000000e+00,0.000000000000e+00,9.609979631796e-04,1.047487779866e-01,2.671444599435e+02,2.524792022705e+02,0.000000000000e+00,1.156413736248e+00,0.000000000000e+00,5.546564602089e+04,1.090000000000e+02
2.964000000000e+03,1.032466552614e+08,8.519892194701e+04,1.007605982800e+06,5.143177592368e-01,3.240542971973e+02,-1.369636736674e-04,-1.492904042975e-02,0.000000000000e+00,0.000000000000e+00,2.431959302455e+02,0.000000000000e+00,0.000000000000e+00,0.000000000000e+00,0.000000000000e+00,7.643054972467e-04,8.330929919989e-02,2.670324347424e+02,2.520738525391e+02,0.000000000000e+00,1.156277911003e+00,0.000000000000e+00,5.546443921245e+04,1.090000000000e+02
2.965000000000e+03,1.032464206998e+08,8.543348353989e+04,1.011631706478e+06,5.154208640706e-01,3.246611509475e+02,-1.521309487640e-04,-1.658227341527e-02,0.000000000000e+00,0.000000000000e+00,2.345615928785e+02,0.000000000000e+00,0.000000000000e+00,0.000000000000e+00,0.000000000000e+00,5.181193066419e-04,5.647500442397e-02,2.669008298594e+02,2.520551757812e+02,0.000000000000e+00,1.157058560309e+00,0.000000000000e+00,5.546299520390e+04,1.090000000000e+02
2.966000000000e+03,1.032461939778e+08,8.566020553929e+04,1.016293613789e+06,5.170789826394e-01,3.251200988250e+02,-1.503247438477e-04,-1.638539707940e-02,0.000000000000e+00,0.000000000000e+00,2.267219993961e+02,0.000000000000e+00,0.000000000000e+00,0.000000000000e+00,0.000000000000e+00,6.253135467365e-04,6.815917659427e-02,2.667680852240e+02,2.516903991699e+02,0.000000000000e+00,1.158722550570e+00,0.000000000000e+00,5.546151243047e+04,1.090000000000e+02
2.967000000000e+03,1.032459740289e+08,8.588015446746e+04,1.020115545520e+06,5.179843362141e-01,3.257843496880e+02,-1.323319510344e-04,-1.442418266275e-02,0.000000000000e+00,0.000000000000e+00,2.199489281685e+02,0.000000000000e+00,0.000000000000e+00,0.000000000000e+00,0.000000000000e+00,5.060861326321e-04,5.516338845690e-02,2.665895739076e+02,2.509975128174e+02,0.000000000000e+00,1.160675042485e+00,0.000000000000e+00,5.545947466602e+04,1.090000000000e+02
2.968000000000e+03,1.032460263242e+08,8.582785911310e+04,1.023377444704e+06,5.185258549027e-01,3.264943981447e+02,-1.330228215636e-04,-1.449948755043e-02,0.000000000000e+00,0.000000000000e+00,-5.229535436145e+01,0.000000000000e+00,0.000000000000e+00,0.000000000000e+00,0.000000000000e+00,4.115727929670e-04,4.486143443340e-02,2.664628356685e+02,2.515601043701e+02,0.000000000000e+00,1.156134289077e+00,0.000000000000e+00,5.545783774531e+04,1.090000000000e+02
2.969000000000e+03,1.032457728637e+08,8.608131958909e+04,1.027594306739e+06,5.197583781834e-01,3.270620260714e+02,-1.408122714266e-04,-1.534853758550e-02,0.000000000000e+00,0.000000000000e+00,2.534604759970e+02,0.000000000000e+00,0.000000000000e+00,0.000000000000e+00,0.000000000000e+00,5.566281256194e-04,6.067246569252e-02,2.664566740549e+02,2.528369598389e+02,0.000000000000e+00,1.159652807596e+00,0.000000000000e+00,5.545788657072e+04,1.090000000000e+02
2.970000000000e+03,1.032455359896e+08,8.631819373070e+04,1.032640823235e+06,5.216185934542e-01,3.275063207767e+02,-1.434627249875e-04,-1.563743702364e-02,0.000000000000e+00,0.000000000000e+00,2.368741416114e+02,0.000000000000e+00,0.000000000000e+00,0.000000000000e+00,0.000000000000e+00,6.966947924357e-04,7.593973237549e-02,2.663101307787e+02,2.511847381592e+02,0.000000000000e+00,1.161041696484e+00,0.000000000000e+00,5.545616060256e+04,1.090000000000e+02
2.971000000000e+03,1.032453145118e+08,8.653967155266e+04,1.036606469420e+06,5.227328235565e-01,3.280798609219e+02,-1.238617069278e-04,-1.350092605513e-02,0.000000000000e+00,0.000000000000e+00,2.214778219570e+02,0.000000000000e+00,0.000000000000e+00,0.000000000000e+00,0.000000000000e+00,5.408630893588e-04,5.895407674011e-02,2.660793611562e+02,2.503520812988e+02,0.000000000000e+00,1.162245400188e+00,0.000000000000e+00,5.545335753736e+04,1.090000000000e+02
2.972000000000e+03,1.032451032843e+08,8.675089904604e+04,1.040274249911e+06,5.238320678049e-01,3.285605809362e+02,-9.462980262545e-05,-1.031464848617e-02,0.000000000000e+00,0.000000000000e+00,2.112274933783e+02,0.000000000000e+00,0.000000000000e+00,0.000000000000e+00,0.000000000000e+00,5.178259840323e-04,5.644303225952e-02,2.659328528341e+02,2.515233459473e+02,0.000000000000e+00,1.163117685254e+00,0.000000000000e+00,5.545153796201e+04,1.090000000000e+02
2.973000000000e+03,1.032449013572e+08,8.695282612666e+04,1.044489216461e+06,5.250785133724e-01,3.291116723343e+02,-8.901870681980e-05,-9.703039043359e-03,0.000000000000e+00,0.000000000000e+00,2.019270806229e+02,0.000000000000e+00,0.000000000000e+00,0.000000000000e+00,0.000000000000e+00,6.098794493490e-04,6.647685997904e-02,2.658930323103e+02,2.524405059814e+02,0.000000000000e+00,1.164319194355e+00,0.000000000000e+00,5.545104325875e+04,1.090000000000e+02
2.974000000000e+03,1.032447085725e+08,8.714561084194e+04,1.049594633882e+06,5.269655379066e-01,3.295356955559e+02,-1.121258785536e-04,-1.222172076235e-02,0.000000000000e+00,0.000000000000e+00,1.927847152773e+02,0.000000000000e+00,0.000000000000e+00,0.000000000000e+00,0.000000000000e+00,7.323609854144e-04,7.982734741017e-02,2.658976109712e+02,2.527494659424e+02,0.000000000000e+00,1.162558156998e+00,0.000000000000e+00,5.545110686132e+04,1.090000000000e+02
2.975000000000e+03,1.032445243115e+08,8.732987179980e+04,1.055018729651e+06,5.289875317072e-01,3.299709257723e+02,-1.217342051028e-04,-1.326902835621e-02,0.000000000000e+00,0.000000000000e+00,1.842609578585e+02,0.000000000000e+00,0.000000000000e+00,0.000000000000e+00,0.000000000000e+00,7.748153055372e-04,8.445486830355e-02,2.659188228609e+02,2.531639709473e+02,0.000000000000e+00,1.163021119961e+00,0.000000000000e+00,5.545138003838e+04,1.090000000000e+02
2.976000000000e+03,1.032443477312e+08,8.750645211110e+04,1.060603434034e+06,5.311374208379e-01,3.303745365618e+02,-1.335504938422e-04,-1.455700382880e-02,0.000000000000e+00,0.000000000000e+00,1.765803113030e+02,0.000000000000e+00,0.000000000000e+00,0.000000000000e+00,0.000000000000e+00,7.902229576109e-04,8.613430237959e-02,2.659236481056e+02,2.537136688232e+02,0.000000000000e+00,1.162782978741e+00,0.000000000000e+00,5.545144478620e+04,1.090000000000e+02
2.977000000000e+03,1.032441766691e+08,8.767751421639e+04,1.065908805929e+06,5.330887718621e-01,3.308227950600e+02,-1.154449059506e-04,-1.258349474862e-02,0.000000000000e+00,0.000000000000e+00,1.710621052926e+02,0.000000000000e+00,0.000000000000e+00,0.000000000000e+00,0.000000000000e+00,7.681926044219e-04,8.373299388198e-02,2.657786789304e+02,2.519697570801e+02,0.000000000000e+00,1.161267558634e+00,0.000000000000e+00,5.544959838879e+04,1.090000000000e+02
2.978000000000e+03,1.032440101024e+08,8.784408090196e+04,1.071834329170e+06,5.354994648923e-01,3.311711330509e+02,-1.178552743173e-04,-1.284622490059e-02,0.000000000000e+00,0.000000000000e+00,1.665666855631e+02,0.000000000000e+00,0.000000000000e+00,0.000000000000e+00,0.000000000000e+00,8.661912579166e-04,9.441484711291e-02,2.656895719716e+02,2.524085693359e+02,0.000000000000e+00,1.160121224895e+00,0.000000000000e+00,5.544845792940e+04,1.090000000000e+02
2.979000000000e+03,1.032438489004e+08,8.800528297529e+04,1.077691239561e+06,5.377609978209e-01,3.315824911541e+02,-1.259181359931e-04,-1.372507682324e-02,0.000000000000e+00,0.000000000000e+00,1.612020733361e+02,0.000000000000e+00,0.000000000000e+00,0.000000000000e+00,0.000000000000e+00,8.442463613629e-04,9.202285338855e-02,2.656624745369e+02,2.533397979736e+02,0.000000000000e+00,1.159834880581e+00,0.000000000000e+00,5.544811567214e+04,1.090000000000e+02
2.980000000000e+03,1.032436927437e+08,8.816143970753e+04,1.082361967076e+06,5.392617777003e-01,3.320970612216e+02,-9.686160644284e-05,-1.055791510227e-02,0.000000000000e+00,0.000000000000e+00,1.561567322404e+02,0.000000000000e+00,0.000000000000e+00,0.000000000000e+00,0.000000000000e+00,6.782576100742e-04,7.393007949809e-02,2.656073198660e+02,2.535629119873e+02,0.000000000000e+00,1.159421277558e+00,0.000000000000e+00,5.544740043893e+04,1.090000000000e+02
2.981000000000e+03,1.032435409634e+08,8.831322000533e+04,1.086626416657e+06,5.405686811942e-01,3.326041243235e+02,-8.035166847588e-05,-8.758331863871e-03,0.000000000000e+00,0.000000000000e+00,1.517802977943e+02,0.000000000000e+00,0.000000000000e+00,0.000000000000e+00,0.000000000000e+00,6.277693438603e-04,6.842685848077e-02,2.655475504722e+02,2.533247375488e+02,0.000000000000e+00,1.159444096435e+00,0.000000000000e+00,5.544662219116e+04,1.090000000000e+02
2.982000000000e+03,1.032433932920e+08,8.846089138560e+04,1.090964608631e+06,5.419188775806e-01,3.331045641014e+02,-7.925847150078e-05,-8.639173393586e-03,0.000000000000e+00,0.000000000000e+00,1.476713802764e+02,0.000000000000e+00,0.000000000000e+00,0.000000000000e+00,0.000000000000e+00,6.410204331566e-04,6.987122721407e-02,2.654896378308e+02,2.534742431641e+02,0.000000000000e+00,1.159536689028e+00,0.000000000000e+00,5.544586365102e+04,1.090000000000e+02
2.983000000000e+03,1.032432493367e+08,8.860484665176e+04,1.094871244189e+06,5.429744894487e-01,3.336542129565e+02,-6.371033921943e-05,-6.944426974917e-03,0.000000000000e+00,0.000000000000e+00,1.439552661529e+02,0.000000000000e+00,0.000000000000e+00,0.000000000000e+00,0.000000000000e+00,5.863622203513e-04,6.391348201829e-02,2.654053304440e+02,2.537136230469e+02,0.000000000000e+00,1.159907059398e+00,0.000000000000e+00,5.544474292411e+04,1.090000000000e+02
2.984000000000e+03,1.032431092979e+08,8.874488547551e+04,1.098759126739e+06,5.440483668336e-01,3.341782072276e+02,-5.982525678672e-05,-6.520952989753e-03,0.000000000000e+00,0.000000000000e+00,1.400388237568e+02,0.000000000000e+00,0.000000000000e+00,0.000000000000e+00,0.000000000000e+00,5.835559448996e-04,6.360759799405e-02,2.654027833897e+02,2.548011016846e+02,0.000000000000e+00,1.160184837176e+00,0.000000000000e+00,5.544472421132e+04,1.090000000000e+02
2.985000000000e+03,1.032429731056e+08,8.888107770531e+04,1.103249593881e+06,5.455264070083e-01,3.346390497285e+02,-7.016384413349e-05,-7.647859010551e-03,0.000000000000e+00,0.000000000000e+00,1.361922297966e+02,0.000000000000e+00,0.000000000000e+00,0.000000000000e+00,0.000000000000e+00,6.751651454686e-04,7.359300085608e-02,2.653505197889e+02,2.546492462158e+02,0.000000000000e+00,1.160277429769e+00,0.000000000000e+00,5.544402550777e+04,1.090000000000e+02
2.986000000000e+03,1.032428397727e+08,8.901441067838e+04,1.106440654948e+06,5.460709150561e-01,3.352808563109e+02,-5.418782981204e-05,-5.906473449512e-03,0.000000000000e+00,0.000000000000e+00,1.333329730658e+02,0.000000000000e+00,0.000000000000e+00,0.000000000000e+00,0.000000000000e+00,4.784960923803e-04,5.215607406946e-02,2.652463970296e+02,2.534848632813e+02,0.000000000000e+00,1.160647800139e+00,0.000000000000e+00,5.544261534365e+04,1.090000000000e+02
2.987000000000e+03,1.032427088813e+08,8.914530202091e+04,1.109780761523e+06,5.468850866876e-01,3.358012544380e+02,-4.458652075623e-05,-4.859930762429e-03,0.000000000000e+00,0.000000000000e+00,1.308913425384e+02,0.000000000000e+00,0.000000000000e+00,0.000000000000e+00,0.000000000000e+00,5.129842539897e-04,5.591528368488e-02,2.651389774371e+02,2.530272521973e+02,0.000000000000e+00,1.161110763102e+00,0.000000000000e+00,5.544114539317e+04,1.090000000000e+02
2.988000000000e+03,1.032425806013e+08,8.927358209098e+04,1.114254054261e+06,5.483623164007e-01,3.362530742186e+02,-6.704530841864e-05,-7.307938617632e-03,0.000000000000e+00,0.000000000000e+00,1.282800700645e+02,0.000000000000e+00,0.000000000000e+00,0.000000000000e+00,0.000000000000e+00,6.767702298833e-04,7.376795505728e-02,2.650608100424e+02,2.532356414795e+02,0.000000000000e+00,1.161295948287e+00,0.000000000000e+00,5.544006898456e+04,1.090000000000e+02
2.989000000000e+03,1.032424552529e+08,8.939893047022e+04,1.118009287303e+06,5.492876077491e-01,3.368203278568e+02,-8.029866609969e-05,-8.752554604866e-03,0.000000000000e+00,0.000000000000e+00,1.253483792363e+02,0.000000000000e+00,0.000000000000e+00,0.000000000000e+00,0.000000000000e+00,5.424155393111e-04,5.912329378492e-02,2.650320138413e+02,2.536759490967e+02,0.000000000000e+00,1.161388540880e+00,0.000000000000e+00,5.543968153440e+04,1.090000000000e+02
2.990000000000e+03,1.032423329103e+08,8.952127302807e+04,1.121321763966e+06,5.500177996272e-01,3.373722381941e+02,-9.362774284199e-05,-1.020542396978e-02,0.000000000000e+00,0.000000000000e+00,1.223425578575e+02,0.000000000000e+00,0.000000000000e+00,0.000000000000e+00,0.000000000000e+00,4.558763827151e-04,4.969052571594e-02,2.650026131788e+02,2.542370605469e+02,0.000000000000e+00,1.160811478733e+00,0.000000000000e+00,5.543928003869e+04,1.090000000000e+02
2.991000000000e+03,1.032422132696e+08,8.964091379196e+04,1.124512075866e+06,5.506587866181e-01,3.379430588113e+02,-8.657816870227e-05,-9.437020388547e-03,0.000000000000e+00,0.000000000000e+00,1.196407638906e+02,0.000000000000e+00,0.000000000000e+00,0.000000000000e+00,0.000000000000e+00,4.439988154935e-04,4.839587088879e-02,2.649465043559e+02,2.541549987793e+02,0.000000000000e+00,1.160811478733e+00,0.000000000000e+00,5.543849652972e+04,1.090000000000e+02
2.992000000000e+03,1.032420960620e+08,8.975812133511e+04,1.128135283570e+06,5.516167541820e-01,3.384476090137e+02,-7.019245018478e-05,-7.650977070141e-03,0.000000000000e+00,0.000000000000e+00,1.172075431479e+02,0.000000000000e+00,0.000000000000e+00,0.000000000000e+00,0.000000000000e+00,5.318636591085e-04,5.797313884283e-02,2.648941631253e+02,2.539223632812e+02,0.000000000000e+00,1.160904071325e+00,0.000000000000e+00,5.543776526196e+04,1.090000000000e+02
2.993000000000e+03,1.032419811995e+08,8.987298389525e+04,1.131465423215e+06,5.523211859105e-01,3.390176656946e+02,-5.330772142959e-05,-5.810541635825e-03,0.000000000000e+00,0.000000000000e+00,1.148625601400e+02,0.000000000000e+00,0.000000000000e+00,0.000000000000e+00,0.000000000000e+00,4.999549946123e-04,5.449509441274e-02,2.648483399993e+02,2.538805236816e+02,0.000000000000e+00,1.160904071325e+00,0.000000000000e+00,5.543712436902e+04,1.090000000000e+02
2.994000000000e+03,1.032420433541e+08,8.981082924910e+04,1.134105355812e+06,5.525690131798e-01,3.396659947727e+02,-3.773966207468e-05,-4.113623166141e-03,0.000000000000e+00,0.000000000000e+00,-6.215464615382e+01,0.000000000000e+00,0.000000000000e+00,0.000000000000e+00,0.000000000000e+00,4.045227726186e-04,4.409298221542e-02,2.647457462276e+02,2.531322937012e+02,0.000000000000e+00,1.156922589844e+00,0.000000000000e+00,5.543553649556e+04,1.090000000000e+02
2.995000000000e+03,1.032420142808e+08,8.983990251085e+04,1.138087067036e+06,5.537024242287e-01,3.401622093734e+02,-4.858387687281e-05,-5.295642579136e-03,0.000000000000e+00,0.000000000000e+00,2.907326174815e+01,0.000000000000e+00,0.000000000000e+00,0.000000000000e+00,0.000000000000e+00,6.111515869942e-04,6.661552298237e-02,2.647273628609e+02,2.538346862793e+02,0.000000000000e+00,1.157385552807e+00,0.000000000000e+00,5.543530687486e+04,1.090000000000e+02
2.996000000000e+03,1.032418533137e+08,9.000086965749e+04,1.142087377983e+06,5.548970926963e-01,3.406251513698e+02,-6.210228364816e-05,-6.769148917649e-03,0.000000000000e+00,0.000000000000e+00,1.609671466429e+02,0.000000000000e+00,0.000000000000e+00,0.000000000000e+00,0.000000000000e+00,6.011628044108e-04,6.552674568077e-02,2.646977822415e+02,2.539913330078e+02,0.000000000000e+00,1.158560868046e+00,0.000000000000e+00,5.543494642345e+04,1.090000000000e+02
2.997000000000e+03,1.032417171953e+08,9.013698801650e+04,1.145690138933e+06,5.558475836763e-01,3.411211823783e+02,-6.318133454180e-05,-6.886765465056e-03,0.000000000000e+00,0.000000000000e+00,1.361183590113e+02,0.000000000000e+00,0.000000000000e+00,0.000000000000e+00,0.000000000000e+00,5.362967548910e-04,5.845634628312e-02,2.646314671039e+02,2.537506408691e+02,0.000000000000e+00,1.158758355189e+00,0.000000000000e+00,5.543400220283e+04,1.090000000000e+02
2.998000000000e+03,1.032415900474e+08,9.026413596834e+04,1.149389292267e+06,5.568395674992e-01,3.416192186333e+02,-6.949461793266e-05,-7.574913354660e-03,0.000000000000e+00,0.000000000000e+00,1.271479518350e+02,0.000000000000e+00,0.000000000000e+00,0.000000000000e+00,0.000000000000e+00,5.462176130597e-04,5.953771982351e-02,2.645608176950e+02,2.531352996826e+02,0.000000000000e+00,1.159221318152e+00,0.000000000000e+00,5.543298208110e+04,1.090000000000e+02
2.999000000000e+03,1.032414688379e+08,9.038534548477e+04,1.152537990747e+06,5.574365877643e-01,3.421840811621e+02,-4.751860877496e-05,-5.179528356471e-03,0.000000000000e+00,0.000000000000e+00,1.212095164381e+02,0.000000000000e+00,0.000000000000e+00,0.000000000000e+00,0.000000000000e+00,4.713075822870e-04,5.137252646928e-02,2.646035133305e+02,2.549983367920e+02,0.000000000000e+00,1.159499095930e+00,0.000000000000e+00,5.543364766409e+04,1.090000000000e+02
3.000000000000e+03,1.032413525082e+08,9.050167515146e+04,1.155818977148e+06,5.582008546584e-01,3.426817078135e+02,-4.505530233544e-05,-4.911027954563e-03,0.000000000000e+00,0.000000000000e+00,1.163296666822e+02,0.000000000000e+00,0.000000000000e+00,0.000000000000e+00,0.000000000000e+00,4.942378322802e-04,5.387192371854e-02,2.646749502263e+02,2.559228820801e+02,0.000000000000e+00,1.158791328823e+00,0.000000000000e+00,5.543472289546e+04,1.090000000000e+02
3.001000000000e+03,1.032412403344e+08,9.061384894267e+04,1.159011655362e+06,5.588971250105e-01,3.431976968625e+02,-4.847038330943e-05,-5.283271780728e-03,0.000000000000e+00,0.000000000000e+00,1.121737912152e+02,0.000000000000e+00,0.000000000000e+00,0.000000000000e+00,0.000000000000e+00,4.785111232739e-04,5.215771243685e-02,2.647014144204e+02,2.558812561035e+02,0.000000000000e+00,1.158435749353e+00,0.000000000000e+00,5.543512698068e+04,1.090000000000e+02
3.002000000000e+03,1.032411316012e+08,9.072258217600e+04,1.162219647695e+06,5.595600010417e-01,3.437339758381e+02,-3.160831388702e-05,-3.445306213685e-03,0.000000000000e+00,0.000000000000e+00,1.087332333289e+02,0.000000000000e+00,0.000000000000e+00,0.000000000000e+00,0.000000000000e+00,4.959669459155e-04,5.406039710479e-02,2.647659057355e+02,2.567831115723e+02,0.000000000000e+00,1.158435749353e+00,0.000000000000e+00,5.543608779376e+04,1.090000000000e+02
3.003000000000e+03,1.032410257869e+08,9.082839642883e+04,1.166372038466e+06,5.608722189078e-01,3.441551120176e+02,-1.974553992375e-05,-2.152263851688e-03,0.000000000000e+00,0.000000000000e+00,1.058142528322e+02,0.000000000000e+00,0.000000000000e+00,0.000000000000e+00,0.000000000000e+00,6.675104569485e-04,7.275863980738e-02,2.647636967701e+02,2.560948791504e+02,0.000000000000e+00,1.157986626998e+00,0.000000000000e+00,5.543607006165e+04,1.090000000000e+02
3.004000000000e+03,1.032409220811e+08,9.093210222740e+04,1.171051949472e+06,5.623908421275e-01,3.446121802003e+02,-2.831039195989e-05,-3.085832723628e-03,0.000000000000e+00,0.000000000000e+00,1.037057985655e+02,0.000000000000e+00,0.000000000000e+00,0.000000000000e+00,0.000000000000e+00,7.513810880812e-04,8.190053860085e-02,2.646610273836e+02,2.543579406738e+02,0.000000000000e+00,1.157238841906e+00,0.000000000000e+00,5.543458458664e+04,1.090000000000e+02
3.005000000000e+03,1.032408201431e+08,9.103404022554e+04,1.175888579813e+06,5.641241410024e-01,3.449807027193e+02,-2.894969226825e-05,-3.155516457239e-03,0.000000000000e+00,0.000000000000e+00,1.019379981446e+02,0.000000000000e+00,0.000000000000e+00,0.000000000000e+00,0.000000000000e+00,7.762580264213e-04,8.461212487992e-02,2.645678610222e+02,2.539071044922e+02,0.000000000000e+00,1.157516619684e+00,0.000000000000e+00,5.543323109032e+04,1.090000000000e+02
3.006000000000e+03,1.032407202174e+08,9.113396595371e+04,1.179598596634e+06,5.650592274174e-01,3.454978744183e+02,-6.476395248787e-06,-7.059270821178e-04,0.000000000000e+00,0.000000000000e+00,9.992572817140e+01,0.000000000000e+00,0.000000000000e+00,0.000000000000e+00,0.000000000000e+00,6.083427770091e-04,6.630936269399e-02,2.645507637956e+02,2.550620422363e+02,0.000000000000e+00,1.157516619684e+00,0.000000000000e+00,5.543300303980e+04,1.090000000000e+02
3.007000000000e+03,1.032406223965e+08,9.123178685600e+04,1.183004344909e+06,5.659338284339e-01,3.459561318769e+02,-6.091480527884e-06,-6.639713775394e-04,0.000000000000e+00,0.000000000000e+00,9.782090228970e+01,0.000000000000e+00,0.000000000000e+00,0.000000000000e+00,0.000000000000e+00,5.554241110178e-04,6.054122810094e-02,2.645900920405e+02,2.561318969727e+02,0.000000000000e+00,1.156065422420e+00,0.000000000000e+00,5.543361021934e+04,1.090000000000e+02
3.008000000000e+03,1.032405266829e+08,9.132750039886e+04,1.186632953744e+06,5.668685166159e-01,3.464399718547e+02,-2.760913596320e-05,-3.009395819989e-03,0.000000000000e+00,0.000000000000e+00,9.571354285693e+01,0.000000000000e+00,0.000000000000e+00,0.000000000000e+00,0.000000000000e+00,5.700239656571e-04,6.213261225663e-02,2.646443530495e+02,2.568470153809e+02,0.000000000000e+00,1.155374041620e+00,0.000000000000e+00,5.543442986395e+04,1.090000000000e+02
3.009000000000e+03,1.032404329261e+08,9.142125725308e+04,1.190266215524e+06,5.678097695333e-01,3.469201113238e+02,-2.610345712746e-05,-2.845276826893e-03,0.000000000000e+00,0.000000000000e+00,9.375685422167e+01,0.000000000000e+00,0.000000000000e+00,0.000000000000e+00,0.000000000000e+00,5.726120535391e-04,6.241471383576e-02,2.646927752952e+02,2.572004699707e+02,0.000000000000e+00,1.154149698123e+00,0.000000000000e+00,5.543515715858e+04,1.090000000000e+02
3.010000000000e+03,1.032403409623e+08,9.151322108305e+04,1.194062052236e+06,5.688592315628e-01,3.473794092856e+02,-1.785424389228e-05,-1.946112584259e-03,0.000000000000e+00,0.000000000000e+00,9.196382996450e+01,0.000000000000e+00,0.000000000000e+00,0.000000000000e+00,0.000000000000e+00,6.074995306560e-04,6.621744884150e-02,2.647462681282e+02,2.573688354492e+02,0.000000000000e+00,1.153398647625e+00,0.000000000000e+00,5.543595442644e+04,1.090000000000e+02
3.011000000000e+03,1.032402507025e+08,9.160348080369e+04,1.197134719573e+06,5.694157486086e-01,3.479272262889e+02,2.680602464472e-06,2.921856686274e-04,0.000000000000e+00,0.000000000000e+00,9.025972064447e+01,0.000000000000e+00,0.000000000000e+00,0.000000000000e+00,0.000000000000e+00,5.079393269700e-04,5.536538663973e-02,2.648078956609e+02,2.580736083984e+02,0.000000000000e+00,1.152901818997e+00,0.000000000000e+00,5.543686309684e+04,1.090000000000e+02
3.012000000000e+03,1.032401620071e+08,9.169217620187e+04,1.200368686092e+06,5.701680727484e-01,3.484027805023e+02,4.714643146743e-06,5.138961029950e-04,0.000000000000e+00,0.000000000000e+00,8.869539818212e+01,0.000000000000e+00,0.000000000000e+00,0.000000000000e+00,0.000000000000e+00,5.376139848917e-04,5.859992435320e-02,2.648513393184e+02,2.582598876953e+02,0.000000000000e+00,1.152385899999e+00,0.000000000000e+00,5.543750266716e+04,1.090000000000e+02
3.013000000000e+03,1.032400747055e+08,9.177947781561e+04,1.204872424317e+06,5.717004357182e-01,3.487700078990e+02,-1.405305889624e-05,-1.531783419690e-03,0.000000000000e+00,0.000000000000e+00,8.730161373526e+01,0.000000000000e+00,0.000000000000e+00,0.000000000000e+00,0.000000000000e+00,7.297685055694e-04,7.954476710707e-02,2.648793907800e+02,2.582938537598e+02,0.000000000000e+00,1.152385899999e+00,0.000000000000e+00,5.543791917446e+04,1.090000000000e+02
3.014000000000e+03,1.032399887025e+08,9.186548083656e+04,1.209860943465e+06,5.734558582517e-01,3.491387028018e+02,-1.940599190292e-05,-2.115253117418e-03,0.000000000000e+00,0.000000000000e+00,8.600302095561e+01,0.000000000000e+00,0.000000000000e+00,0.000000000000e+00,0.000000000000e+00,8.042624681186e-04,8.766460902493e-02,2.649145794193e+02,2.583962707520e+02,0.000000000000e+00,1.152084252846e+00,0.000000000000e+00,5.543843751249e+04,1.090000000000e+02
3.015000000000e+03,1.032399039233e+08,9.195026002730e+04,1.214078205269e+06,5.747004588673e-01,3.495929985686e+02,-7.167443938134e-06,-7.812513892567e-04,0.000000000000e+00,0.000000000000e+00,8.477919073340e+01,0.000000000000e+00,0.000000000000e+00,0.000000000000e+00,0.000000000000e+00,6.884492633500e-04,7.504096970515e-02,2.649576666791e+02,2.586511230469e+02,0.000000000000e+00,1.152084252846e+00,0.000000000000e+00,5.543906565849e+04,1.090000000000e+02
3.016000000000e+03,1.032398203150e+08,9.203386833989e+04,1.218715258956e+06,5.763245434908e-01,3.499344965043e+02,1.948737863716e-05,2.124124271450e-03,0.000000000000e+00,0.000000000000e+00,8.360831258849e+01,0.000000000000e+00,0.000000000000e+00,0.000000000000e+00,0.000000000000e+00,7.840700174771e-04,8.546363190500e-02,2.650106208111e+02,2.590455932617e+02,0.000000000000e+00,1.152084252846e+00,0.000000000000e+00,5.543982882594e+04,1.090000000000e+02
3.017000000000e+03,1.032398691432e+08,9.198504017718e+04,1.223507725883e+06,5.778829454112e-01,3.503602569982e+02,3.679245837217e-05,4.010377962566e-03,0.000000000000e+00,0.000000000000e+00,-4.882816270056e+01,0.000000000000e+00,0.000000000000e+00,0.000000000000e+00,0.000000000000e+00,8.281719020463e-04,9.027073732305e-02,2.650473188101e+02,2.592492065430e+02,0.000000000000e+00,1.148936104698e+00,0.000000000000e+00,5.544029126384e+04,1.090000000000e+02
3.018000000000e+03,1.032398763835e+08,9.197779981793e+04,1.227532707014e+06,5.790904942044e-01,3.507777044556e+02,6.288151057287e-05,6.854084652443e-03,0.000000000000e+00,0.000000000000e+00,-7.240359259390e+00,0.000000000000e+00,0.000000000000e+00,0.000000000000e+00,0.000000000000e+00,7.276997645807e-04,7.931927433930e-02,2.650726219358e+02,2.592140502930e+02,0.000000000000e+00,1.147660984486e+00,0.000000000000e+00,5.544062965220e+04,1.090000000000e+02
3.019000000000e+03,1.032397982084e+08,9.205597495638e+04,1.231734281258e+06,5.803539802724e-01,3.512074013032e+02,7.345096956396e-05,8.006155682472e-03,0.000000000000e+00,0.000000000000e+00,7.817513845894e+01,0.000000000000e+00,0.000000000000e+00,0.000000000000e+00,0.000000000000e+00,7.660311761008e-04,8.349739819498e-02,2.651210886683e+02,2.595045776367e+02,0.000000000000e+00,1.148231535631e+00,0.000000000000e+00,5.544136282315e+04,1.090000000000e+02
3.020000000000e+03,1.032396860963e+08,9.216808703757e+04,1.235597783992e+06,5.815370354515e-01,3.515858066678e+02,6.095121804051e-05,6.643682766415e-03,0.000000000000e+00,0.000000000000e+00,1.121120811873e+02,0.000000000000e+00,0.000000000000e+00,0.000000000000e+00,0.000000000000e+00,6.965071459841e-04,7.591927891227e-02,2.651924328938e+02,2.601454162598e+02,0.000000000000e+00,1.147780038314e+00,0.000000000000e+00,5.544238407695e+04,1.090000000000e+02
3.021000000000e+03,1.032395857943e+08,9.226838900892e+04,1.239658405627e+06,5.829023050209e-01,3.519093490546e+02,5.867162764681e-05,6.395207413502e-03,0.000000000000e+00,0.000000000000e+00,1.003019713511e+02,0.000000000000e+00,0.000000000000e+00,0.000000000000e+00,0.000000000000e+00,7.272767034520e-04,7.927316067627e-02,2.652565256483e+02,2.603712158203e+02,0.000000000000e+00,1.147648493988e+00,0.000000000000e+00,5.544328253373e+04,1.090000000000e+02
3.022000000000e+03,1.032394900633e+08,9.236412005977e+04,1.243786619862e+06,5.841861238294e-01,3.522988816417e+02,7.085674295547e-05,7.723384982147e-03,0.000000000000e+00,0.000000000000e+00,9.573105084724e+01,0.000000000000e+00,0.000000000000e+00,0.000000000000e+00,0.000000000000e+00,7.502056003240e-04,8.177241043531e-02,2.653296880890e+02,2.609060668945e+02,0.000000000000e+00,1.147926271766e+00,0.000000000000e+00,5.544429372770e+04,1.090000000000e+02
3.023000000000e+03,1.032393977745e+08,9.245640886953e+04,1.247185334380e+06,5.850190895680e-01,3.527530126654e+02,8.437047439123e-05,9.196381708644e-03,0.000000000000e+00,0.000000000000e+00,9.228880975969e+01,0.000000000000e+00,0.000000000000e+00,0.000000000000e+00,0.000000000000e+00,6.434998251401e-04,7.014148094027e-02,2.653935091371e+02,2.612587280273e+02,0.000000000000e+00,1.148111456951e+00,0.000000000000e+00,5.544516725493e+04,1.090000000000e+02
3.024000000000e+03,1.032393081448e+08,9.254603855747e+04,1.249967522303e+06,5.855058450053e-01,3.532367898916e+02,1.134191735591e-04,1.236268991794e-02,0.000000000000e+00,0.000000000000e+00,8.962968793782e+01,0.000000000000e+00,0.000000000000e+00,0.000000000000e+00,0.000000000000e+00,5.683785847666e-04,6.195326573956e-02,2.655010248595e+02,2.623363647461e+02,0.000000000000e+00,1.147478099703e+00,0.000000000000e+00,5.544661387111e+04,1.090000000000e+02
3.025000000000e+03,1.032392206252e+08,9.263355812250e+04,1.253252842570e+06,5.862920156891e-01,3.536827593765e+02,1.029267103824e-04,1.121901143168e-02,0.000000000000e+00,0.000000000000e+00,8.751956503015e+01,0.000000000000e+00,0.000000000000e+00,0.000000000000e+00,0.000000000000e+00,6.421017581585e-04,6.998909163927e-02,2.655901322405e+02,2.624875183105e+02,0.000000000000e+00,1.146936384755e+00,0.000000000000e+00,5.544779575497e+04,1.090000000000e+02
3.026000000000e+03,1.032391347305e+08,9.271945283525e+04,1.258508675256e+06,5.884324582752e-01,3.538687914282e+02,9.232183495451e-05,1.006308001004e-02,0.000000000000e+00,0.000000000000e+00,8.589471275016e+01,0.000000000000e+00,0.000000000000e+00,0.000000000000e+00,0.000000000000e+00,9.588284988803e-04,1.045123063780e-01,2.656530907921e+02,2.624607849121e+02,0.000000000000e+00,1.146420465757e+00,0.000000000000e+00,5.544862494681e+04,1.090000000000e+02
3.027000000000e+03,1.032390502728e+08,9.280391050644e+04,1.262560077203e+06,5.895704235243e-01,3.543155397211e+02,1.167473606673e-04,1.272546231274e-02,0.000000000000e+00,0.000000000000e+00,8.445767119637e+01,0.000000000000e+00,0.000000000000e+00,0.000000000000e+00,0.000000000000e+00,7.828296079780e-04,8.532842726960e-02,2.657396541794e+02,2.630239257812e+02,0.000000000000e+00,1.146087899771e+00,0.000000000000e+00,5.544975200172e+04,1.090000000000e+02
3.028000000000e+03,1.032389669860e+08,9.288719732607e+04,1.265754894455e+06,5.903885985469e-01,3.547155191928e+02,1.336939466908e-04,1.457264018929e-02,0.000000000000e+00,0.000000000000e+00,8.328681962398e+01,0.000000000000e+00,0.000000000000e+00,0.000000000000e+00,0.000000000000e+00,6.597310007250e-04,7.191067907903e-02,2.657919163665e+02,2.627440795898e+02,0.000000000000e+00,1.145287540072e+00,0.000000000000e+00,5.545042810586e+04,1.090000000000e+02
3.029000000000e+03,1.032388847752e+08,9.296940812584e+04,1.268721219140e+06,5.909949436574e-01,3.551751764880e+02,1.236816994099e-04,1.348130523568e-02,0.000000000000e+00,0.000000000000e+00,8.221079977450e+01,0.000000000000e+00,0.000000000000e+00,0.000000000000e+00,0.000000000000e+00,6.104176287471e-04,6.653552153343e-02,2.658754106976e+02,2.635914916992e+02,0.000000000000e+00,1.144027358576e+00,0.000000000000e+00,5.545149595971e+04,1.090000000000e+02
3.030000000000e+03,1.032388036363e+08,9.305054706428e+04,1.272494709978e+06,5.921958113636e-01,3.555002417214e+02,1.334368699089e-04,1.454461882007e-02,0.000000000000e+00,0.000000000000e+00,8.113893843545e+01,0.000000000000e+00,0.000000000000e+00,0.000000000000e+00,0.000000000000e+00,7.524586926060e-04,8.201799749405e-02,2.659861512713e+02,2.643602294922e+02,0.000000000000e+00,1.143430117845e+00,0.000000000000e+00,5.545288920352e+04,1.090000000000e+02
3.031000000000e+03,1.032387234585e+08,9.313072484105e+04,1.276411025521e+06,5.933845378784e-01,3.558699713991e+02,1.543795362430e-04,1.682736945048e-02,0.000000000000e+00,0.000000000000e+00,8.017777676866e+01,0.000000000000e+00,0.000000000000e+00,0.000000000000e+00,0.000000000000e+00,7.963652571253e-04,8.680381302666e-02,2.661123224682e+02,2.653844299316e+02,0.000000000000e+00,1.141114942925e+00,0.000000000000e+00,5.545444886953e+04,1.090000000000e+02
3.032000000000e+03,1.032386440017e+08,9.321018169824e+04,1.279489970758e+06,5.940925521132e-01,3.562957919495e+02,1.664837974823e-04,1.814673392558e-02,0.000000000000e+00,0.000000000000e+00,7.945685719705e+01,0.000000000000e+00,0.000000000000e+00,0.000000000000e+00,0.000000000000e+00,6.714227236403e-04,7.318507687680e-02,2.662077672698e+02,2.653823852539e+02,0.000000000000e+00,1.139714018909e+00,0.000000000000e+00,5.545561088221e+04,1.090000000000e+02
3.033000000000e+03,1.032385651008e+08,9.328908259540e+04,1.282493596418e+06,5.948364778887e-01,3.566791594867e+02,1.904323330886e-04,2.075712430666e-02,0.000000000000e+00,0.000000000000e+00,7.890089716107e+01,0.000000000000e+00,0.000000000000e+00,0.000000000000e+00,0.000000000000e+00,6.835341346293e-04,7.450522067459e-02,2.662902928347e+02,2.653506774902e+02,0.000000000000e+00,1.139309782874e+00,0.000000000000e+00,5.545660506011e+04,1.090000000000e+02
3.034000000000e+03,1.032384867568e+08,9.336742651047e+04,1.285891566177e+06,5.959433548533e-01,3.569531037484e+02,1.887587408376e-04,2.057470275130e-02,0.000000000000e+00,0.000000000000e+00,7.834391506326e+01,0.000000000000e+00,0.000000000000e+00,0.000000000000e+00,0.000000000000e+00,7.468153081990e-04,8.140286859369e-02,2.663795093281e+02,2.656712951660e+02,0.000000000000e+00,1.139309782874e+00,0.000000000000e+00,5.545766727894e+04,1.090000000000e+02
3.035000000000e+03,1.032384089375e+08,9.344524581196e+04,1.290343863555e+06,5.975781004188e-01,3.572024581660e+02,1.989876392660e-04,2.168965267999e-02,0.000000000000e+00,0.000000000000e+00,7.781930149340e+01,0.000000000000e+00,0.000000000000e+00,0.000000000000e+00,0.000000000000e+00,9.315288978994e-04,1.015366498710e-01,2.664679025488e+02,2.658271179199e+02,0.000000000000e+00,1.139309782874e+00,0.000000000000e+00,5.545870626971e+04,1.090000000000e+02
3.036000000000e+03,1.032383314511e+08,9.352273230994e+04,1.293894540966e+06,5.987009257699e-01,3.575087963164e+02,2.102858787913e-04,2.292116078825e-02,0.000000000000e+00,0.000000000000e+00,7.748649797955e+01,0.000000000000e+00,0.000000000000e+00,0.000000000000e+00,0.000000000000e+00,7.947677779896e-04,8.662968780087e-02,2.665322130180e+02,2.656517944336e+02,0.000000000000e+00,1.139013023615e+00,0.000000000000e+00,5.545945513375e+04,1.090000000000e+02
3.037000000000e+03,1.032382543284e+08,9.359985500618e+04,1.297174081097e+06,5.996787697832e-01,3.578251081392e+02,2.521204880614e-04,2.748113319870e-02,0.000000000000e+00,0.000000000000e+00,7.712269624370e+01,0.000000000000e+00,0.000000000000e+00,0.000000000000e+00,0.000000000000e+00,7.913959024108e-04,8.626215336278e-02,2.666047393773e+02,2.660412597656e+02,0.000000000000e+00,1.138735245837e+00,0.000000000000e+00,5.546029177336e+04,1.090000000000e+02
3.038000000000e+03,1.032381777202e+08,9.367646316791e+04,1.301744133093e+06,6.016292365739e-01,3.579132466804e+02,3.233148073223e-04,3.524131399813e-02,0.000000000000e+00,0.000000000000e+00,7.660816172223e+01,0.000000000000e+00,0.000000000000e+00,0.000000000000e+00,0.000000000000e+00,1.074271148838e-03,1.170955552233e-01,2.667187105630e+02,2.670380859375e+02,0.000000000000e+00,1.137957631255e+00,0.000000000000e+00,5.546158603334e+04,1.090000000000e+02
3.039000000000e+03,1.032381015234e+08,9.375265995308e+04,1.307751595319e+06,6.043173100841e-01,3.579576039229e+02,3.245449421585e-04,3.537539869528e-02,0.000000000000e+00,0.000000000000e+00,7.619678517494e+01,0.000000000000e+00,0.000000000000e+00,0.000000000000e+00,0.000000000000e+00,1.313451677021e-03,1.431662327953e-01,2.668296970544e+02,2.674275207520e+02,0.000000000000e+00,1.137163934479e+00,0.000000000000e+00,5.546282432437e+04,1.090000000000e+02
3.040000000000e+03,1.032380254813e+08,9.382870204018e+04,1.313643419066e+06,6.066345680787e-01,3.581916377984e+02,2.515677056963e-04,2.742087992090e-02,0.000000000000e+00,0.000000000000e+00,7.604208709342e+01,0.000000000000e+00,0.000000000000e+00,0.000000000000e+00,0.000000000000e+00,1.223023180330e-03,1.333095266560e-01,2.669022802044e+02,2.674375915527e+02,0.000000000000e+00,1.137163934479e+00,0.000000000000e+00,5.546362359556e+04,1.090000000000e+02
3.041000000000e+03,1.032379495244e+08,9.390465893024e+04,1.318508237681e+06,6.083317429834e-01,3.585110775453e+02,2.274728305471e-04,2.479453852963e-02,0.000000000000e+00,0.000000000000e+00,7.595689006622e+01,0.000000000000e+00,0.000000000000e+00,0.000000000000e+00,0.000000000000e+00,1.029714003664e-03,1.122388263994e-01,2.669593496810e+02,2.670426025391e+02,0.000000000000e+00,1.137163934479e+00,0.000000000000e+00,5.546424764279e+04,1.090000000000e+02
3.042000000000e+03,1.032378735570e+08,9.398062640102e+04,1.321691075495e+06,6.087910147802e-01,3.591035096656e+02,2.547299252778e-04,2.776556185528e-02,0.000000000000e+00,0.000000000000e+00,7.596747077554e+01,0.000000000000e+00,0.000000000000e+00,0.000000000000e+00,0.000000000000e+00,7.800511005129e-04,8.502556995591e-02,2.669859766315e+02,2.664530639648e+02,0.000000000000e+00,1.137163934479e+00,0.000000000000e+00,5.546453926982e+04,1.090000000000e+02
3.043000000000e+03,1.032377976805e+08,9.405650283248e+04,1.324712427067e+06,6.094859948667e-01,3.595116777232e+02,2.685298162757e-04,2.926974997406e-02,0.000000000000e+00,0.000000000000e+00,7.587643146076e+01,0.000000000000e+00,0.000000000000e+00,0.000000000000e+00,0.000000000000e+00,7.668736509814e-04,8.358922795697e-02,2.670187230827e+02,2.665059814453e+02,0.000000000000e+00,1.136437984639e+00,0.000000000000e+00,5.546489696255e+04,1.090000000000e+02
3.044000000000e+03,1.032377221040e+08,9.413207935869e+04,1.329439037309e+06,6.118033361279e-01,3.594240091462e+02,2.977052944682e-04,3.244987709703e-02,0.000000000000e+00,0.000000000000e+00,7.557652621633e+01,0.000000000000e+00,0.000000000000e+00,0.000000000000e+00,0.000000000000e+00,1.077185023779e-03,1.174131675919e-01,2.670733442750e+02,2.668302612305e+02,0.000000000000e+00,1.136437984639e+00,0.000000000000e+00,5.546548621404e+04,1.090000000000e+02
3.045000000000e+03,1.032376469981e+08,9.420718525459e+04,1.332527923058e+06,6.124451206450e-01,3.598742918753e+02,3.498432097212e-04,3.813290985961e-02,0.000000000000e+00,0.000000000000e+00,7.510589589790e+01,0.000000000000e+00,0.000000000000e+00,0.000000000000e+00,0.000000000000e+00,8.562899728282e-04,9.333560703827e-02,2.671793369257e+02,2.678546447754e+02,0.000000000000e+00,1.136252799454e+00,0.000000000000e+00,5.546661098666e+04,1.090000000000e+02
3.046000000000e+03,1.032375722057e+08,9.428197770216e+04,1.334519168035e+06,6.125985220963e-01,3.603145949084e+02,3.329785627954e-04,3.629466334470e-02,0.000000000000e+00,0.000000000000e+00,7.479244756473e+01,0.000000000000e+00,0.000000000000e+00,0.000000000000e+00,0.000000000000e+00,6.579139035068e-04,7.171261548224e-02,2.672858567390e+02,2.686212768555e+02,0.000000000000e+00,1.135867812754e+00,0.000000000000e+00,5.546772135985e+04,1.090000000000e+02
3.047000000000e+03,1.032374977150e+08,9.435646835007e+04,1.336886191499e+06,6.131960250418e-01,3.605931440152e+02,3.910352667490e-04,4.262284407564e-02,0.000000000000e+00,0.000000000000e+00,7.449064791399e+01,0.000000000000e+00,0.000000000000e+00,0.000000000000e+00,0.000000000000e+00,7.771316384908e-04,8.470734859550e-02,2.674183829382e+02,2.694077758789e+02,0.000000000000e+00,1.134071697695e+00,0.000000000000e+00,5.546907694130e+04,1.090000000000e+02
3.048000000000e+03,1.032374232236e+08,9.442634769338e+04,1.339189013675e+06,6.132844462893e-01,3.611535730631e+02,4.101881997876e-04,4.471051377685e-02,0.000000000000e+00,4.612543750940e+00,7.449188705953e+01,0.000000000000e+00,0.000000000000e+00,0.000000000000e+00,0.000000000000e+00,7.857777361686e-04,8.564977324237e-02,2.675504969716e+02,2.699099731445e+02,0.000000000000e+00,1.133170664225e+00,4.612543750940e+00,5.547040054114e+04,1.090000000000e+02
3.049000000000e+03,1.032373481497e+08,9.448507794659e+04,1.341724111709e+06,6.139705994799e-01,3.614242396940e+02,4.439929560656e-04,4.839523221116e-02,0.000000000000e+00,1.634547307218e+01,7.507572628780e+01,0.000000000000e+00,0.000000000000e+00,0.000000000000e+00,0.000000000000e+00,8.580102167526e-04,9.352311362604e-02,2.676852462083e+02,2.703914794922e+02,0.000000000000e+00,1.131220649406e+00,1.634547307218e+01,5.547172268909e+04,1.090000000000e+02
3.050000000000e+03,1.032372724951e+08,9.453993497943e+04,1.345923269538e+06,6.155001961126e-01,3.616479719470e+02,4.848342436893e-04,5.284693256213e-02,0.000000000000e+00,2.079698494632e+01,7.565401777742e+01,0.000000000000e+00,0.000000000000e+00,0.000000000000e+00,0.000000000000e+00,1.175379803056e-03,1.281163985331e-01,2.677873422341e+02,2.702321166992e+02,0.000000000000e+00,1.130942871628e+00,2.079698494632e+01,5.547270491124e+04,1.090000000000e+02
3.051000000000e+03,1.032371962883e+08,9.459499224580e+04,1.350769710907e+06,6.175581860350e-01,3.617363298326e+02,4.859203656863e-04,5.296531985981e-02,0.000000000000e+00,2.114873939507e+01,7.620600577005e+01,0.000000000000e+00,0.000000000000e+00,0.000000000000e+00,0.000000000000e+00,1.284757375413e-03,1.400385539200e-01,2.678576040552e+02,2.700245056152e+02,0.000000000000e+00,1.129048799365e+00,2.114873939507e+01,5.547337193162e+04,1.090000000000e+02
3.052000000000e+03,1.032371197135e+08,9.464838680686e+04,1.354236412713e+06,6.186624341746e-01,3.620121620672e+02,4.838768544947e-04,5.274257713992e-02,0.000000000000e+00,2.318028361431e+01,7.657484467391e+01,0.000000000000e+00,0.000000000000e+00,0.000000000000e+00,0.000000000000e+00,1.053974531103e-03,1.148832238903e-01,2.679428929238e+02,2.705227355957e+02,0.000000000000e+00,1.128457510163e+00,2.318028361431e+01,5.547417273164e+04,1.090000000000e+02
3.053000000000e+03,1.032370427934e+08,9.469958230560e+04,1.356895677682e+06,6.194003561861e-01,3.622861550942e+02,4.906852408233e-04,5.348469124974e-02,0.000000000000e+00,2.572388617640e+01,7.691938491728e+01,0.000000000000e+00,0.000000000000e+00,0.000000000000e+00,0.000000000000e+00,9.275375550115e-04,1.011015934963e-01,2.680213145671e+02,2.704778747559e+02,0.000000000000e+00,1.127160321836e+00,2.572388617640e+01,5.547489873485e+04,1.090000000000e+02
3.054000000000e+03,1.032369655191e+08,9.474933164703e+04,1.358960060598e+06,6.198741115955e-01,3.625553019161e+02,5.103777890357e-04,5.563117900489e-02,0.000000000000e+00,2.752405672496e+01,7.727339814857e+01,0.000000000000e+00,0.000000000000e+00,0.000000000000e+00,0.000000000000e+00,8.488438761334e-04,9.252398249854e-02,2.681003334233e+02,2.707965087891e+02,0.000000000000e+00,1.126576377817e+00,2.752405672496e+01,5.547562115724e+04,1.090000000000e+02
3.055000000000e+03,1.032368879718e+08,9.479565875471e+04,1.360733567864e+06,6.201075597969e-01,3.628859670683e+02,5.752482930358e-04,6.270206394090e-02,0.000000000000e+00,3.122133204354e+01,7.754843972588e+01,0.000000000000e+00,0.000000000000e+00,0.000000000000e+00,0.000000000000e+00,8.649360664485e-04,9.427803124288e-02,2.681989887707e+02,2.715332641602e+02,0.000000000000e+00,1.126576377817e+00,3.122133204354e+01,5.547650980596e+04,1.090000000000e+02
3.056000000000e+03,1.032368100436e+08,9.483947702767e+04,1.361959645938e+06,6.202135549213e-01,3.631458335366e+02,6.559567781354e-04,7.149928881676e-02,0.000000000000e+00,3.411018145834e+01,7.792845442072e+01,0.000000000000e+00,0.000000000000e+00,0.000000000000e+00,0.000000000000e+00,8.555986898266e-04,9.326025719110e-02,2.682857004231e+02,2.717089233398e+02,0.000000000000e+00,1.126576377817e+00,3.411018145834e+01,5.547727802415e+04,1.090000000000e+02
3.057000000000e+03,1.032367318054e+08,9.487932165557e+04,1.362731191677e+06,6.199168348845e-01,3.635187641361e+02,6.932538239359e-04,7.556466680901e-02,0.000000000000e+00,3.839305240915e+01,7.823768030501e+01,0.000000000000e+00,0.000000000000e+00,0.000000000000e+00,0.000000000000e+00,8.166893142771e-04,8.901913525620e-02,2.684030523367e+02,2.724472961426e+02,0.000000000000e+00,1.125458222355e+00,3.839305240915e+01,5.547830047123e+04,1.090000000000e+02
3.058000000000e+03,1.032366531904e+08,9.491426666780e+04,1.363418773183e+06,6.196219857569e-01,3.638687093663e+02,6.625252522928e-04,7.221525249992e-02,0.000000000000e+00,4.366982195102e+01,7.861483418446e+01,0.000000000000e+00,0.000000000000e+00,0.000000000000e+00,0.000000000000e+00,7.721792913035e-04,8.416754275208e-02,2.685198723860e+02,2.728903503418e+02,0.000000000000e+00,1.124402919104e+00,4.366982195102e+01,5.547929669015e+04,1.090000000000e+02
3.059000000000e+03,1.032369697897e+08,9.495112153743e+04,1.364219196948e+06,6.194517166630e-01,3.641749888960e+02,6.637524724818e-04,7.234901950051e-02,0.000000000000e+00,6.311953430605e+01,-3.165981402774e+02,6.888255289058e-05,7.508198265073e-03,0.000000000000e+00,0.000000000000e+00,8.604190232567e-04,9.378567353498e-02,2.686580623303e+02,2.731107177734e+02,0.000000000000e+00,1.119244667257e+00,6.311953430605e+01,5.548042384891e+04,1.090000000000e+02
3.060000000000e+03,1.032489021904e+08,9.743774431446e+04,1.351550552386e+06,6.131869553450e-01,3.644405212843e+02,5.995809925863e-04,6.535432819190e-02,0.000000000000e+00,3.871502352700e+02,-1.193239867612e+04,2.448207283788e-03,2.668545939328e-01,0.000000000000e+00,0.000000000000e+00,9.291664180971e-04,1.012791395726e-01,2.694744792328e+02,2.735635070801e+02,0.000000000000e+00,9.912733276547e-01,3.871502352700e+02,5.548631245257e+04,1.090000000000e+02
3.061000000000e+03,1.032749771811e+08,1.060135747389e+05,1.324053820217e+06,5.998338122612e-01,3.649166939063e+02,4.847730276546e-04,5.284026001435e-02,0.000000000000e+00,2.256175572386e+03,-2.607499085852e+04,4.524452350341e-03,4.931653061872e-01,1.577350763326e-03,1.719312332026e-01,4.284410001568e-04,4.670006901709e-02,2.709566336114e+02,2.737495727539e+02,0.000000000000e+00,6.788401046760e-01,2.256175572386e+03,5.549502067975e+04,1.090000000000e+02
3.062000000000e+03,1.033083650623e+08,1.257143528656e+05,1.267435404858e+06,5.730910675402e-01,3.655679936232e+02,2.695853042008e-04,2.938479815789e-02,0.000000000000e+00,1.287371651807e+04,-3.338788474936e+04,9.116031145704e-03,9.936473948817e-01,1.787902782719e-03,1.948814033164e-01,0.000000000000e+00,0.000000000000e+00,2.725461457677e+02,2.749679870605e+02,0.000000000000e+00,2.628009485333e-01,1.287371651807e+04,5.550178868020e+04,1.090000000000e+02
3.063000000000e+03,1.033290965753e+08,1.477011330726e+05,1.181347556042e+06,5.332035471875e-01,3.662157674613e+02,5.741987365461e-05,6.258766228353e-03,0.000000000000e+00,5.145743911045e+04,-2.073150936707e+04,1.417879004690e-02,1.545488115112e+00,1.387893423874e-03,1.512803832022e-01,0.000000000000e+00,0.000000000000e+00,2.730725587075e+02,2.757260437012e+02,0.000000000000e+00,4.166666666625e-03,5.145743911045e+04,5.550351576924e+04,1.090000000000e+02
3.064000000000e+03,1.033330326412e+08,1.653343562314e+05,1.079564911385e+06,4.864484730982e-01,3.668296226284e+02,-5.915186347055e-05,-6.447553118290e-03,0.000000000000e+00,8.982509130403e+04,-3.936065583101e+03,1.688299912764e-02,1.840246904913e+00,1.529652873920e-03,1.667321632573e-01,0.000000000000e+00,0.000000000000e+00,2.730644075433e+02,2.760657348633e+02,0.000000000000e+00,3.148148148128e-03,8.982509130403e+04,5.550349673880e+04,1.090000000000e+02
3.065000000000e+03,1.033356135795e+08,1.806273304320e+05,9.693865538677e+05,4.361190599610e-01,3.674044535515e+02,-1.178965475053e-04,-1.285072367808e-02,0.000000000000e+00,1.007990173530e+05,-2.580935464654e+03,1.832952435414e-02,1.997918154601e+00,1.286222698222e-03,1.401982741062e-01,0.000000000000e+00,0.000000000000e+00,2.730602733657e+02,2.761352539062e+02,0.000000000000e+00,5.925925925902e-03,1.007990173530e+05,5.550348705495e+04,1.090000000000e+02
3.066000000000e+03,1.033374793472e+08,1.944094585226e+05,8.579908144809e+05,3.854145851503e-01,3.679653747963e+02,-1.238089440330e-04,-1.349517489960e-02,0.000000000000e+00,1.102964985763e+05,-1.865763039044e+03,1.853667611371e-02,2.020497696395e+00,2.280992349151e-03,2.486281660574e-01,0.000000000000e+00,0.000000000000e+00,2.730575038846e+02,2.759951782227e+02,0.000000000000e+00,9.259259259232e-03,1.102964985763e+05,5.550348002067e+04,1.090000000000e+02
3.067000000000e+03,1.033389475848e+08,2.066258857708e+05,7.402114579385e+05,3.320271377332e-01,3.684975283463e+02,-1.427223771133e-04,-1.555673910535e-02,0.000000000000e+00,1.348924700827e+05,-1.468232619633e+03,1.961077846442e-02,2.137574852621e+00,4.947915305403e-03,5.393227682889e-01,0.000000000000e+00,0.000000000000e+00,2.730565056606e+02,2.762627258301e+02,0.000000000000e+00,6.851851851837e-03,1.348924700827e+05,5.550347756193e+04,1.090000000000e+02
3.068000000000e+03,1.033400650607e+08,2.174525732307e+05,6.182261085163e+05,2.769310777561e-01,3.690012786344e+02,-1.520884104880e-04,-1.657763674319e-02,0.000000000000e+00,1.435549400431e+05,-1.117471942958e+03,2.031539909778e-02,2.214378501658e+00,5.387446531843e-03,5.872316719709e-01,0.000000000000e+00,0.000000000000e+00,2.730539979762e+02,2.762880859375e+02,0.000000000000e+00,5.462962962957e-03,1.435549400431e+05,5.550347134837e+04,1.090000000000e+02
3.069000000000e+03,1.033409422266e+08,2.282473633952e+05,4.973288692666e+05,2.225004855768e-01,3.694576829584e+02,-1.666435863762e-04,-1.816415091500e-02,0.000000000000e+00,1.245369257730e+05,-8.771630059422e+02,2.015005132618e-02,2.196355594554e+00,2.364266572281e-03,2.577050563787e-01,0.000000000000e+00,0.000000000000e+00,2.730514943162e+02,2.766585998535e+02,0.000000000000e+00,4.166666666669e-03,1.245369257730e+05,5.550346508340e+04,1.090000000000e+02
3.070000000000e+03,1.033415601620e+08,2.380049435953e+05,3.615168429549e+05,1.616147663209e-01,3.697420489098e+02,-2.492215519710e-04,-2.716514916484e-02,0.000000000000e+00,1.567934464927e+05,-6.179252021572e+02,2.269794845550e-02,2.474076381649e+00,4.933839993250e-03,5.377885592642e-01,0.000000000000e+00,0.000000000000e+00,2.730535637150e+02,2.772521362305e+02,0.000000000000e+00,6.388888888903e-03,1.567934464927e+05,5.550347106458e+04,1.090000000000e+02
3.071000000000e+03,1.033419371854e+08,2.465242150259e+05,2.151532777577e+05,9.617249556232e-02,3.697827841307e+02,-2.851139132376e-04,-3.107741654289e-02,0.000000000000e+00,1.689437174247e+05,-3.770185788225e+02,2.447799552802e-02,2.668101512554e+00,4.917638786910e-03,5.360226277732e-01,0.000000000000e+00,0.000000000000e+00,2.730516869068e+02,2.768986206055e+02,0.000000000000e+00,9.907407407447e-03,1.689437174247e+05,5.550346666274e+04,1.090000000000e+02
3.072000000000e+03,1.033424154904e+08,2.545534708560e+05,7.013559633786e+04,3.140225850187e-02,3.691571847750e+02,-2.749042490847e-04,-2.996456315023e-02,0.000000000000e+00,1.681525577921e+05,-4.782959943713e+02,2.424525173484e-02,2.642732439097e+00,4.955352094141e-03,5.401333782614e-01,0.000000000000e+00,0.000000000000e+00,2.730551200038e+02,2.771823425293e+02,0.000000000000e+00,7.592592592632e-03,1.681525577921e+05,5.550347759450e+04,1.090000000000e+02
3.073000000000e+03,1.033434982909e+08,1.230636706708e+05,3.069052442067e+03,1.385544521041e-03,3.661059267463e+02,-3.843878494965e-04,-4.189827559512e-02,2.755540411310e-03,2.330240539969e+05,-9.298626742808e+02,1.122007150468e-02,1.222987794011e+00,5.491828169936e-03,5.986092705230e-01,0.000000000000e+00,0.000000000000e+00,2.736085117635e+02,2.772532348633e+02,1.111111111110e-03,3.796296296307e-03,2.330240539969e+05,5.550420137110e+04,1.090000000000e+02
3.074000000000e+03,1.033511812921e+08,6.624143913945e+04,2.633501266004e+01,1.201357617167e-05,3.624716942389e+02,4.341337756384e-04,4.732058154458e-02,-5.637083561410e-02,6.575845639253e+04,-1.081186709124e+04,5.082169502142e-04,5.539564757335e-02,2.678206463127e-03,2.919245044808e-01,0.000000000000e+00,0.000000000000e+00,2.779955738745e+02,2.775728149414e+02,2.898148148145e-02,3.027777777778e-02,6.575845639253e+04,5.550199827908e+04,1.090000000000e+02
3.075000000000e+03,1.033577693744e+08,4.503758900025e+04,6.024429606945e-01,2.771560381283e-07,3.600898927752e+02,1.110965588417e-03,1.210952491375e-01,-1.254947716729e-01,3.279873697847e+04,-1.355330410717e+04,4.296378259742e-06,4.683052303119e-04,4.112384748017e-03,4.482499375338e-01,0.000000000000e+00,0.000000000000e+00,2.790622996677e+02,2.781106567383e+02,4.712962962959e-02,2.731481481483e-02,3.279873697847e+04,5.549907902554e+04,1.090000000000e+02
3.076000000000e+03,1.033578755065e+08,2.689221047035e+04,4.219273719253e-01,1.933747756201e-07,3.604716885474e+02,1.327022900399e-03,1.446454961434e-01,-1.483025792394e-01,2.916415712228e+04,-8.336806675713e+03,3.030376465721e-08,3.303110347636e-06,3.166021731157e-03,3.450963686961e-01,0.000000000000e+00,0.000000000000e+00,2.800042124390e+02,2.785783386230e+02,6.537037037031e-02,5.370370370369e-02,2.916415712228e+04,5.549596546641e+04,1.090000000000e+02
3.077000000000e+03,1.033492172587e+08,1.460703627469e+04,4.172324017772e-01,1.908298886822e-07,3.610280485455e+02,1.348781245305e-03,1.470171557383e-01,-1.504455930830e-01,1.875189138814e+04,3.090001247755e+02,7.654750213742e-10,8.343677732979e-08,9.864685892180e-04,1.075250762248e-01,0.000000000000e+00,0.000000000000e+00,2.805163130516e+02,2.790574340820e+02,8.111111111104e-02,9.166666666663e-02,1.875189138814e+04,5.549426274461e+04,1.090000000000e+02
3.078000000000e+03,1.033418454869e+08,7.054772014327e+03,4.168149794725e-01,1.902919121173e-07,3.616287504424e+02,1.359633113329e-03,1.482000093529e-01,-1.502520554093e-01,1.320831114918e+04,-9.663946105868e+02,6.273508570982e-11,6.838124342370e-09,1.075975040717e-03,1.172812794381e-01,0.000000000000e+00,0.000000000000e+00,2.812876598482e+02,2.794629516602e+02,9.583333333325e-02,1.179629629629e-01,1.320831114918e+04,5.549111602122e+04,1.090000000000e+02
3.079000000000e+03,1.033349011815e+08,2.503598335158e+03,4.167756439399e-01,1.899278511349e-07,3.599951460625e+02,1.350731644821e-03,1.472297492855e-01,-1.483920574945e-01,9.671184255944e+03,-1.290342966801e+03,4.589010501331e-12,5.002021446451e-10,1.049113620698e-03,1.143533846561e-01,0.000000000000e+00,0.000000000000e+00,2.815832405366e+02,2.796016235352e+02,1.073148148147e-01,1.413888888889e-01,9.671184255944e+03,5.548998289038e+04,1.090000000000e+02
3.080000000000e+03,1.033260631186e+08,2.277481746540e+01,4.167876049177e-01,1.895818194760e-07,3.606532444525e+02,1.237643413286e-03,1.349031320482e-01,-1.355027903353e-01,6.791786317412e+03,1.318677555867e+03,0.000000000000e+00,0.000000000000e+00,4.891736874826e-04,5.331993193560e-02,0.000000000000e+00,0.000000000000e+00,2.813048759808e+02,2.791690673828e+02,1.206481481481e-01,1.682407407407e-01,6.791786317412e+03,5.549148908388e+04,1.090000000000e+02
3.081000000000e+03,1.033293835973e+08,2.402478968759e+01,4.167764785855e-01,1.892388420717e-07,3.613079314680e+02,1.201271910242e-03,1.309386382164e-01,-1.308914477495e-01,3.508228915631e+03,-1.058396539088e+04,0.000000000000e+00,0.000000000000e+00,2.330485058973e-03,2.540228714281e-01,0.000000000000e+00,0.000000000000e+00,2.816474589426e+02,2.793969116211e+02,1.319444444444e-01,1.687037037037e-01,3.508228915631e+03,5.548993868864e+04,1.090000000000e+02
3.082000000000e+03,1.033501127169e+08,3.128263297532e+01,4.167706219275e-01,1.888988513204e-07,3.619592484331e+02,1.362181887771e-03,1.484778257671e-01,-1.483972411882e-01,4.929280497997e+03,-2.896386571436e+04,0.000000000000e+00,0.000000000000e+00,5.605600541175e-03,6.110104589880e-01,0.000000000000e+00,0.000000000000e+00,2.818164210503e+02,2.798356933594e+02,1.428703703703e-01,1.343518518518e-01,4.929280497997e+03,5.548913459641e+04,1.090000000000e+02
3.083000000000e+03,1.033635079706e+08,3.424439146562e+01,4.167333949697e-01,1.885618009739e-07,3.626072358885e+02,1.627359424325e-03,1.773821772514e-01,-1.772699958748e-01,6.970496860290e+03,-2.323171456102e+04,0.000000000000e+00,0.000000000000e+00,4.995149801785e-03,5.444713283946e-01,0.000000000000e+00,0.000000000000e+00,2.827978867440e+02,2.808309326172e+02,1.536111111111e-01,1.153703703703e-01,6.970496860290e+03,5.548417359702e+04,1.090000000000e+02
3.084000000000e+03,1.033592203884e+08,2.974526985254e+01,4.167147465919e-01,1.882276456856e-07,3.632519336115e+02,1.700587404463e-03,1.853640270865e-01,-1.852467302359e-01,6.471752357569e+03,-5.990822428555e+03,0.000000000000e+00,0.000000000000e+00,2.061001192220e-03,2.246491299520e-01,0.000000000000e+00,0.000000000000e+00,2.832596113065e+02,2.810282287598e+02,1.645370370370e-01,1.324074074074e-01,6.471752357569e+03,5.548168615174e+04,1.090000000000e+02
3.085000000000e+03,1.033508428971e+08,2.539160969870e+01,4.167158801378e-01,1.878963411002e-07,3.638933806356e+02,1.608084190834e-03,1.752811768009e-01,-1.751762616510e-01,4.866061944297e+03,-1.341943514451e+03,0.000000000000e+00,0.000000000000e+00,1.026727567833e-03,1.119133048938e-01,0.000000000000e+00,0.000000000000e+00,2.832321163789e+02,2.809876098633e+02,1.748148148148e-01,1.556481481481e-01,4.866061944297e+03,5.548183798219e+04,1.090000000000e+02
3.086000000000e+03,1.033626206569e+08,3.182838142038e+01,4.167025034587e-01,1.875678434656e-07,3.645316152691e+02,1.574045024996e-03,1.715709077245e-01,-1.714639099835e-01,4.982117178216e+03,-2.129106441485e+04,0.000000000000e+00,0.000000000000e+00,4.346543519925e-03,4.737732436718e-01,0.000000000000e+00,0.000000000000e+00,2.835538940561e+02,2.814077453613e+02,1.845370370370e-01,1.400000000000e-01,4.982117178216e+03,5.548005232339e+04,1.090000000000e+02
3.087000000000e+03,1.033917867647e+08,4.468813922713e+01,4.167197593027e-01,1.872421112631e-07,3.651666751138e+02,1.768623377210e-03,1.927799481159e-01,-1.926356724863e-01,8.721589378189e+03,-3.985411505207e+04,0.000000000000e+00,0.000000000000e+00,8.035823848719e-03,8.759047995103e-01,0.000000000000e+00,0.000000000000e+00,2.831422950781e+02,2.810485839844e+02,1.939814814814e-01,8.546296296295e-02,8.721589378189e+03,5.548232517341e+04,1.090000000000e+02
3.088000000000e+03,1.033983770911e+08,4.228083395270e+01,4.167101530170e-01,1.869191026201e-07,3.657985970825e+02,1.991602077109e-03,2.170846264049e-01,-2.163613356618e-01,1.275350811903e+04,-1.859483645999e+04,0.000000000000e+00,0.000000000000e+00,5.189833680831e-03,5.656918712106e-01,0.000000000000e+00,0.000000000000e+00,2.833769033604e+02,2.814255371094e+02,2.009259259259e-01,7.972222222221e-02,1.275350811903e+04,5.548103604898e+04,1.090000000000e+02
3.089000000000e+03,1.034096883604e+08,8.646620945054e+02,4.167152763493e-01,1.865987768081e-07,3.664274174159e+02,2.011293717024e-03,2.192310151557e-01,-2.183274476227e-01,1.329140970334e+04,-2.342470896113e+04,0.000000000000e+00,0.000000000000e+00,6.215552736469e-03,6.774952482751e-01,0.000000000000e+00,0.000000000000e+00,2.832539310559e+02,2.815067443848e+02,2.093518518518e-01,5.287037037040e-02,1.329140970334e+04,5.548171365072e+04,1.090000000000e+02
3.090000000000e+03,1.034118927950e+08,9.737314348228e+01,4.166908675832e-01,1.862810943787e-07,3.670531716997e+02,2.146879532901e-03,2.340098690862e-01,-2.311771323290e-01,2.054635110873e+04,-1.503061111053e+04,0.000000000000e+00,0.000000000000e+00,5.782064954666e-03,6.302450800586e-01,0.000000000000e+00,0.000000000000e+00,2.838356740849e+02,2.821379394531e+02,2.192592592592e-01,6.407407407407e-02,2.054635110873e+04,5.547845211219e+04,1.090000000000e+02
3.091000000000e+03,1.034004642871e+08,3.605599635483e+01,4.166794712407e-01,1.859660163453e-07,3.676758948800e+02,1.926215934287e-03,2.099575368372e-01,-2.097819724944e-01,8.768009201260e+03,-2.100725593986e+02,0.000000000000e+00,0.000000000000e+00,1.476117571556e-03,1.608968152996e-01,0.000000000000e+00,0.000000000000e+00,2.840957976910e+02,2.824451293945e+02,2.293518518518e-01,1.001851851852e-01,8.768009201260e+03,5.547695219139e+04,1.090000000000e+02
3.092000000000e+03,1.033906318969e+08,3.104955139548e+01,4.166754283193e-01,1.856535046413e-07,3.682956212797e+02,1.690699862613e-03,1.842862850248e-01,-1.841612838288e-01,6.948512581507e+03,-3.845900766931e+02,0.000000000000e+00,0.000000000000e+00,1.212961841298e-03,1.322128407015e-01,0.000000000000e+00,0.000000000000e+00,2.841866612790e+02,2.823237609863e+02,2.386111111110e-01,1.259259259259e-01,6.948512581507e+03,5.547642292414e+04,1.090000000000e+02
3.093000000000e+03,1.033793615144e+08,2.627132421054e+01,4.166773652717e-01,1.853435220044e-07,3.689123846130e+02,1.514668768211e-03,1.650988957350e-01,-1.649955379055e-01,5.209160510570e+03,2.116716990693e+03,0.000000000000e+00,0.000000000000e+00,5.115211760143e-04,5.575580818556e-02,0.000000000000e+00,0.000000000000e+00,2.841410367174e+02,2.824651489258e+02,2.442592592592e-01,1.534259259259e-01,5.209160510570e+03,5.547669044605e+04,1.090000000000e+02
3.094000000000e+03,1.033711558682e+08,2.392573590341e+01,4.166723309910e-01,1.850360319354e-07,3.695262180001e+02,1.463656073420e-03,1.595385120028e-01,-1.594433070784e-01,4.139983516872e+03,-6.399524000193e+02,0.000000000000e+00,0.000000000000e+00,7.909196030126e-04,8.621023672837e-02,0.000000000000e+00,0.000000000000e+00,2.842536264796e+02,2.821457519531e+02,2.500925925926e-01,1.743518518518e-01,4.139983516872e+03,5.547603073071e+04,1.090000000000e+02
3.095000000000e+03,1.033646666565e+08,2.198500835971e+01,4.166553105554e-01,1.847309987141e-07,3.701371539816e+02,1.501785672281e-03,1.636946382787e-01,-1.635990023451e-01,3.615649303763e+03,-2.586701408565e+03,0.000000000000e+00,0.000000000000e+00,1.026243725318e-03,1.118605660597e-01,0.000000000000e+00,0.000000000000e+00,2.846324847601e+02,2.825447692871e+02,2.599074074074e-01,1.912962962963e-01,3.615649303763e+03,5.547377763114e+04,1.090000000000e+02
3.096000000000e+03,1.033604225191e+08,2.135981461382e+01,4.166331383269e-01,1.844283873572e-07,3.707452245324e+02,1.487090119448e-03,1.620928230199e-01,-1.619994142900e-01,3.263421881879e+03,-4.742628826045e+03,0.000000000000e+00,0.000000000000e+00,1.324797586460e-03,1.444029369241e-01,0.000000000000e+00,0.000000000000e+00,2.851161892764e+02,2.828715820313e+02,2.695370370370e-01,2.041666666667e-01,3.263421881879e+03,5.547083328761e+04,1.090000000000e+02
3.097000000000e+03,1.033725265925e+08,2.681198270255e+01,4.166566121546e-01,1.841281635817e-07,3.713504610746e+02,1.484297025982e-03,1.617883758321e-01,-1.616854126400e-01,3.873680127911e+03,-2.107342617940e+04,0.000000000000e+00,0.000000000000e+00,4.127665676543e-03,4.499155587432e-01,0.000000000000e+00,0.000000000000e+00,2.846039552713e+02,2.822342224121e+02,2.746296296296e-01,1.859259259259e-01,3.873680127911e+03,5.547394899220e+04,1.090000000000e+02
3.098000000000e+03,1.033822982205e+08,2.689471939951e+01,4.166810654654e-01,1.838302942274e-07,3.719528944908e+02,1.483825339100e-03,1.617369619619e-01,-1.616258498754e-01,4.980199290193e+03,-1.873816908578e+04,0.000000000000e+00,0.000000000000e+00,3.923451671964e-03,4.276562322441e-01,0.000000000000e+00,0.000000000000e+00,2.840551343361e+02,2.820247192383e+02,2.800925925926e-01,1.726851851852e-01,4.980199290193e+03,5.547719061354e+04,1.090000000000e+02
3.099000000000e+03,1.033857407394e+08,2.818899482784e+01,4.166438044321e-01,1.835347455861e-07,3.725525551366e+02,1.458997084512e-03,1.590306822118e-01,-1.589252313259e-01,4.845845687169e+03,-1.225910478112e+04,0.000000000000e+00,0.000000000000e+00,2.829945744965e-03,3.084640862012e-01,0.000000000000e+00,0.000000000000e+00,2.848863158255e+02,2.832162170410e+02,2.900925925926e-01,1.706481481481e-01,4.845845687169e+03,5.547224043460e+04,1.090000000000e+02
3.100000000000e+03,1.033863098194e+08,2.667626212562e+01,4.166089074930e-01,1.832414859770e-07,3.731494728528e+02,1.553385238845e-03,1.693189910341e-01,-1.692061364673e-01,5.043833388360e+03,-9.955233192329e+03,0.000000000000e+00,0.000000000000e+00,2.481456429128e-03,2.704787507750e-01,0.000000000000e+00,0.000000000000e+00,2.856347729701e+02,2.837638244629e+02,2.964814814814e-01,1.752777777778e-01,5.043833388360e+03,5.546759825597e+04,1.090000000000e+02
3.101000000000e+03,1.033874980325e+08,2.749689998057e+01,4.166093622952e-01,1.829504831832e-07,3.737436769772e+02,1.534128292082e-03,1.672199838369e-01,-1.671100759591e-01,4.702293761975e+03,-1.045770310996e+04,0.000000000000e+00,0.000000000000e+00,2.508556571135e-03,2.734326662537e-01,0.000000000000e+00,0.000000000000e+00,2.856251506393e+02,2.838768920898e+02,3.004629629629e-01,1.775000000000e-01,4.702293761975e+03,5.546765913883e+04,1.090000000000e+02
3.102000000000e+03,1.034016887145e+08,3.250801013579e+01,4.166301914398e-01,1.826617092404e-07,3.743351963563e+02,1.562620158795e-03,1.703255973086e-01,-1.702036568559e-01,5.690491248858e+03,-2.363200099201e+04,0.000000000000e+00,0.000000000000e+00,4.851692701402e-03,5.288345044528e-01,0.000000000000e+00,0.000000000000e+00,2.851827598268e+02,2.833965148926e+02,3.102777777777e-01,1.562037037037e-01,5.690491248858e+03,5.547042077517e+04,1.090000000000e+02
3.103000000000e+03,1.034099624505e+08,3.296273037773e+01,4.166403892204e-01,1.823751264183e-07,3.749240593562e+02,1.670836404432e-03,1.821211680831e-01,-1.819836668673e-01,6.902167278781e+03,-1.836886675030e+04,0.000000000000e+00,0.000000000000e+00,4.180848676160e-03,4.557125057014e-01,0.000000000000e+00,0.000000000000e+00,2.849626786781e+02,2.832008056641e+02,3.184259259259e-01,1.456481481481e-01,6.902167278781e+03,5.547177320981e+04,1.090000000000e+02
3.104000000000e+03,1.034356379586e+08,4.758384333766e+01,4.166361032497e-01,1.820907153905e-07,3.755102938736e+02,1.771118837708e-03,1.930519533101e-01,-1.928974706321e-01,8.643746151457e+03,-3.637607875770e+04,0.000000000000e+00,0.000000000000e+00,7.449561211973e-03,8.120021721050e-01,0.000000000000e+00,0.000000000000e+00,2.850575595335e+02,2.836847839355e+02,3.223148148147e-01,9.833333333331e-02,8.643746151457e+03,5.547118833792e+04,1.090000000000e+02
3.105000000000e+03,1.034532325971e+08,4.806418555034e+02,4.166457424788e-01,1.818084378591e-07,3.760939273465e+02,2.038897724846e-03,2.222398520082e-01,-2.199251753010e-01,2.091371583189e+04,-2.979465442106e+04,0.000000000000e+00,0.000000000000e+00,8.479295320236e-03,9.242431899057e-01,0.000000000000e+00,0.000000000000e+00,2.848526487137e+02,2.836751708984e+02,3.343518518518e-01,5.898148148150e-02,2.091371583189e+04,5.547244085720e+04,1.090000000000e+02
3.106000000000e+03,1.034478183180e+08,4.238035816791e+01,4.166504217357e-01,1.815282687137e-07,3.766749867642e+02,1.999524186362e-03,2.179481363134e-01,-2.171694975069e-01,1.350945552498e+04,-6.633025371393e+03,0.000000000000e+00,0.000000000000e+00,3.265866672115e-03,3.559794672605e-01,0.000000000000e+00,0.000000000000e+00,2.847489508120e+02,2.835539245605e+02,3.466666666666e-01,8.537037037035e-02,1.350945552498e+04,5.547307058313e+04,1.090000000000e+02
3.107000000000e+03,1.034413599753e+08,3.956979359148e+01,4.166402389517e-01,1.812501798024e-07,3.772534986771e+02,1.888856092342e-03,2.058853140653e-01,-2.057253215228e-01,9.498634624180e+03,-4.954025800674e+03,0.000000000000e+00,0.000000000000e+00,2.391221345971e-03,2.606431267109e-01,0.000000000000e+00,0.000000000000e+00,2.849696951277e+02,2.836198730469e+02,3.584259259258e-01,1.062962962963e-01,9.498634624180e+03,5.547172896606e+04,1.090000000000e+02
3.108000000000e+03,1.034319524766e+08,3.370129807076e+01,4.166477415348e-01,1.809741435637e-07,3.778294892071e+02,1.758081610789e-03,1.916308955760e-01,-1.914851004290e-01,8.234432648269e+03,-1.214878082086e+03,0.000000000000e+00,0.000000000000e+00,1.563113330063e-03,1.703793529768e-01,0.000000000000e+00,0.000000000000e+00,2.848049288833e+02,2.832793273926e+02,3.692592592592e-01,1.294444444444e-01,8.234432648269e+03,5.547273474879e+04,1.090000000000e+02
3.109000000000e+03,1.034199538509e+08,2.882261538627e+01,4.166398261101e-01,1.807001329692e-07,3.784029840562e+02,1.542691934317e-03,1.681534208405e-01,-1.680376234803e-01,5.955644528000e+03,2.676977232657e+03,0.000000000000e+00,0.000000000000e+00,5.424676705641e-04,5.912897609149e-02,0.000000000000e+00,0.000000000000e+00,2.849763628475e+02,2.832844848633e+02,3.797222222221e-01,1.565740740741e-01,5.955644528000e+03,5.547169138154e+04,1.090000000000e+02
3.110000000000e+03,1.034435973357e+08,4.274962792554e+01,4.166558346473e-01,1.804281215007e-07,3.789740085161e+02,1.502414044934e-03,1.637631308978e-01,-1.636409475221e-01,7.089374074394e+03,-3.272128820866e+04,0.000000000000e+00,0.000000000000e+00,6.587429274402e-03,7.180297909098e-01,0.000000000000e+00,0.000000000000e+00,2.846269724711e+02,2.829555969238e+02,3.906481481480e-01,1.147222222222e-01,7.089374074394e+03,5.547380914307e+04,1.090000000000e+02
3.111000000000e+03,1.034686032118e+08,6.916092064236e+02,4.166876288364e-01,1.801580831481e-07,3.795425874769e+02,1.702485332054e-03,1.855709011938e-01,-1.839804592438e-01,1.908598210276e+04,-3.521259566878e+04,0.000000000000e+00,0.000000000000e+00,9.101484705340e-03,9.920618328820e-01,0.000000000000e+00,0.000000000000e+00,2.839123708696e+02,2.824926147461e+02,4.012962962963e-01,5.555555555558e-02,1.908598210276e+04,5.547801305638e+04,1.090000000000e+02
3.112000000000e+03,1.034781225447e+08,2.119486059854e+03,4.166713729997e-01,1.798899921724e-07,3.801087454359e+02,1.824099941904e-03,1.988268936675e-01,-1.941233279732e-01,3.253648550075e+04,-2.028893110730e+04,0.000000000000e+00,0.000000000000e+00,9.015082696734e-03,9.826440139440e-01,0.000000000000e+00,0.000000000000e+00,2.842851261124e+02,2.827685852051e+02,4.112037037037e-01,3.055555555563e-02,3.253648550075e+04,5.547584335830e+04,1.090000000000e+02
3.113000000000e+03,1.034809446616e+08,6.970801631733e+02,4.166471647952e-01,1.796238238938e-07,3.806725065061e+02,1.975365158791e-03,2.153148023082e-01,-2.096232904823e-01,3.504568581470e+04,-1.445107538469e+04,0.000000000000e+00,0.000000000000e+00,8.002657867341e-03,8.722897075401e-01,0.000000000000e+00,0.000000000000e+00,2.848255628736e+02,2.836785278320e+02,4.205555555555e-01,3.694444444447e-02,3.504568581470e+04,5.547261009536e+04,1.090000000000e+02
3.114000000000e+03,1.034738102741e+08,6.565138206300e+01,4.166294493115e-01,1.793595536586e-07,3.812338944241e+02,1.991910916253e-03,2.171182898715e-01,-2.162109548776e-01,1.392158967153e+04,-4.859439383364e+03,0.000000000000e+00,0.000000000000e+00,3.009996987923e-03,3.280896716836e-01,0.000000000000e+00,0.000000000000e+00,2.852081154805e+02,2.839899291992e+02,4.303703703703e-01,7.101851851850e-02,1.392158967153e+04,5.547026362388e+04,1.090000000000e+02
3.115000000000e+03,1.034649127976e+08,3.896658377689e+01,4.166312400723e-01,1.790971572175e-07,3.817929325583e+02,1.817139410103e-03,1.980681957012e-01,-1.979176424266e-01,9.508136346217e+03,-2.081335581882e+03,0.000000000000e+00,0.000000000000e+00,1.913728301449e-03,2.085963848579e-01,0.000000000000e+00,0.000000000000e+00,2.851672519345e+02,2.839898071289e+02,4.402777777777e-01,9.657407407404e-02,9.508136346217e+03,5.547051733314e+04,1.090000000000e+02
3.116000000000e+03,1.034592034857e+08,3.658526319306e+01,4.166279184573e-01,1.788366109011e-07,3.823496439164e+02,1.643835268445e-03,1.791780442605e-01,-1.790478221570e-01,8.460413063154e+03,-4.222757835212e+03,0.000000000000e+00,0.000000000000e+00,2.098454213316e-03,2.287315092514e-01,0.000000000000e+00,0.000000000000e+00,2.852371296531e+02,2.841086730957e+02,4.502777777777e-01,1.118518518518e-01,8.460413063154e+03,5.547008490407e+04,1.090000000000e+02
3.117000000000e+03,1.034519671709e+08,3.308844044919e+01,4.166411583551e-01,1.785778914103e-07,3.829040511535e+02,1.588213468093e-03,1.731152680222e-01,-1.729909686842e-01,7.394566448463e+03,-2.359876390109e+03,0.000000000000e+00,0.000000000000e+00,1.613814503408e-03,1.759057808714e-01,0.000000000000e+00,0.000000000000e+00,2.849498525032e+02,2.834442443848e+02,4.599999999999e-01,1.293518518518e-01,7.394566448463e+03,5.547185368172e+04,1.090000000000e+02
3.118000000000e+03,1.034520087192e+08,3.392158192680e+01,4.166669390268e-01,1.783209757993e-07,3.834561765788e+02,1.498042257437e-03,1.632866060606e-01,-1.631693880777e-01,6.726049719741e+03,-9.093318062357e+03,0.000000000000e+00,0.000000000000e+00,2.617406442500e-03,2.852973022326e-01,0.000000000000e+00,0.000000000000e+00,2.843795585731e+02,2.832254028320e+02,4.696296296295e-01,1.334259259259e-01,6.726049719741e+03,5.547528688869e+04,1.090000000000e+02
3.119000000000e+03,1.034511389036e+08,3.234956940865e+01,4.166765861184e-01,1.780658417570e-07,3.840060421631e+02,1.436467170954e-03,1.565749216340e-01,-1.564602088901e-01,6.969334224948e+03,-7.810136322771e+03,0.000000000000e+00,0.000000000000e+00,2.444919892686e-03,2.664962683028e-01,0.000000000000e+00,0.000000000000e+00,2.841614092976e+02,2.828412170410e+02,4.781481481481e-01,1.384259259259e-01,6.969334224948e+03,5.547657124502e+04,1.090000000000e+02
3.120000000000e+03,1.034472408427e+08,3.078343927252e+01,4.166918289652e-01,1.778124673191e-07,3.845536695459e+02,1.345452401287e-03,1.466543117403e-01,-1.465507812322e-01,6.128177951124e+03,-4.232379602302e+03,0.000000000000e+00,0.000000000000e+00,1.713987061958e-03,1.868245897534e-01,0.000000000000e+00,0.000000000000e+00,2.838101805577e+02,2.824974670410e+02,4.863888888888e-01,1.487962962963e-01,6.128177951124e+03,5.547860253549e+04,1.090000000000e+02
3.121000000000e+03,1.034510904239e+08,3.256314864833e+01,4.167022113065e-01,1.775608307194e-07,3.850990800418e+02,1.296067547356e-03,1.412713626618e-01,-1.411692638670e-01,6.236073845699e+03,-1.168169606963e+04,0.000000000000e+00,0.000000000000e+00,2.964170755034e-03,3.230946122987e-01,0.000000000000e+00,0.000000000000e+00,2.835667875073e+02,2.821470336914e+02,4.949999999999e-01,1.450000000000e-01,6.236073845699e+03,5.547998213985e+04,1.090000000000e+02
3.122000000000e+03,1.034496864505e+08,3.049534835198e+01,4.167003693913e-01,1.773109104196e-07,3.856422946476e+02,1.254448367609e-03,1.367348720694e-01,-1.366356716528e-01,6.408247945103e+03,-6.176693196274e+03,0.000000000000e+00,0.000000000000e+00,2.081629041785e-03,2.268975655546e-01,0.000000000000e+00,0.000000000000e+00,2.836102417289e+02,2.823159179688e+02,5.035185185184e-01,1.506481481481e-01,6.408247945103e+03,5.547973780507e+04,1.090000000000e+02
3.123000000000e+03,1.034413644738e+08,2.727768797843e+01,4.166889472457e-01,1.770626861379e-07,3.861833340482e+02,1.214940935696e-03,1.324285619909e-01,-1.323393928933e-01,5.293592811007e+03,9.797888552505e+02,0.000000000000e+00,0.000000000000e+00,7.136211844205e-04,7.778470910183e-02,0.000000000000e+00,0.000000000000e+00,2.838757977979e+02,2.824949340820e+02,5.112962962962e-01,1.698148148148e-01,5.293592811007e+03,5.547822686137e+04,1.090000000000e+02
3.124000000000e+03,1.034477436918e+08,3.145707595594e+01,4.166767256398e-01,1.768161369293e-07,3.867222186234e+02,1.258515579419e-03,1.371781981566e-01,-1.370830296437e-01,5.335715306232e+03,-1.398436959790e+04,0.000000000000e+00,0.000000000000e+00,3.196525061965e-03,3.484212317541e-01,0.000000000000e+00,0.000000000000e+00,2.841559906228e+02,2.828835449219e+02,5.184259259259e-01,1.607407407407e-01,5.335715306232e+03,5.547660274960e+04,1.090000000000e+02
3.125000000000e+03,1.034509381259e+08,2.995961704414e+01,4.167104766244e-01,1.765712426500e-07,3.872589684537e+02,1.306559229704e-03,1.424149560377e-01,-1.423099220542e-01,6.277881565108e+03,-1.108976549539e+04,0.000000000000e+00,0.000000000000e+00,2.872746068351e-03,3.131293214503e-01,0.000000000000e+00,0.000000000000e+00,2.833688626686e+02,2.819721069336e+02,5.260185185185e-01,1.576851851852e-01,6.277881565108e+03,5.548108628677e+04,1.090000000000e+02
3.126000000000e+03,1.034433059860e+08,2.698837184930e+01,4.167167049239e-01,1.763279837186e-07,3.877936033263e+02,1.187446063333e-03,1.294316209033e-01,-1.293439594010e-01,5.127888532865e+03,4.558245583417e+02,0.000000000000e+00,0.000000000000e+00,7.728594630088e-04,8.424168146796e-02,0.000000000000e+00,0.000000000000e+00,2.832176146002e+02,2.819758911133e+02,5.338888888889e-01,1.754629629629e-01,5.127888532865e+03,5.548191962013e+04,1.090000000000e+02
3.127000000000e+03,1.034465668092e+08,2.931741091141e+01,4.167041343396e-01,1.760863404068e-07,3.883261427410e+02,1.184440784662e-03,1.291040455282e-01,-1.290158243337e-01,5.017210799872e+03,-1.041887758614e+04,0.000000000000e+00,0.000000000000e+00,2.553687157616e-03,2.783519001801e-01,0.000000000000e+00,0.000000000000e+00,2.835189528081e+02,2.819118041992e+02,5.417592592592e-01,1.715740740741e-01,5.017210799872e+03,5.548025025916e+04,1.090000000000e+02
3.128000000000e+03,1.034500887402e+08,2.910835191133e+01,4.167073999132e-01,1.758462934356e-07,3.888566059160e+02,1.241436788177e-03,1.353166099113e-01,-1.352192771756e-01,5.624473144743e+03,-1.102409075863e+04,0.000000000000e+00,0.000000000000e+00,2.753866540438e-03,3.001714529077e-01,0.000000000000e+00,0.000000000000e+00,2.834417350651e+02,2.818783264160e+02,5.480555555555e-01,1.684259259259e-01,5.624473144743e+03,5.548068158319e+04,1.090000000000e+02
3.129000000000e+03,1.034456397965e+08,2.696956077801e+01,4.167162131660e-01,1.756078244799e-07,3.893850117930e+02,1.138296646317e-03,1.240743344486e-01,-1.239888080055e-01,5.058475532525e+03,-2.430232979770e+03,0.000000000000e+00,0.000000000000e+00,1.238737954304e-03,1.350224370191e-01,0.000000000000e+00,0.000000000000e+00,2.832296485103e+02,2.820270385742e+02,5.550000000000e-01,1.795370370370e-01,5.058475532525e+03,5.548185409358e+04,1.090000000000e+02
3.130000000000e+03,1.034387471530e+08,2.440752694540e+01,4.167324776649e-01,1.753709147448e-07,3.899113790432e+02,1.012464614737e-03,1.103586430063e-01,-1.102872046117e-01,4.366801467464e+03,7.734855224141e+02,0.000000000000e+00,0.000000000000e+00,5.943885771388e-04,6.478835490813e-02,0.000000000000e+00,0.000000000000e+00,2.828283215686e+02,2.817007446289e+02,5.628703703703e-01,1.956481481481e-01,4.366801467464e+03,5.548401886958e+04,1.090000000000e+02
3.131000000000e+03,1.034492002256e+08,3.032381553355e+01,4.167306704454e-01,1.751355458537e-07,3.904357260719e+02,9.688717269381e-04,1.056070182363e-01,-1.055361962607e-01,4.722017737563e+03,-1.630871415791e+04,0.000000000000e+00,0.000000000000e+00,3.479070650483e-03,3.792187009027e-01,0.000000000000e+00,0.000000000000e+00,2.828734081995e+02,2.819637756348e+02,5.692592592592e-01,1.781481481481e-01,4.722017737563e+03,5.548377837045e+04,1.090000000000e+02
3.132000000000e+03,1.034597895800e+08,3.133184297436e+01,4.167299312440e-01,1.749017003156e-07,3.909580710243e+02,1.070382090307e-03,1.166716478434e-01,-1.165842643687e-01,6.310676344615e+03,-1.705798540994e+04,0.000000000000e+00,0.000000000000e+00,3.864992528386e-03,4.212841855941e-01,0.000000000000e+00,0.000000000000e+00,2.828928145687e+02,2.817910766602e+02,5.751851851851e-01,1.608333333333e-01,6.310676344615e+03,5.548367442611e+04,1.090000000000e+02
3.133000000000e+03,1.034576727094e+08,2.972677279391e+01,4.167449894488e-01,1.746693602691e-07,3.914784317898e+02,1.066639751433e-03,1.162637329062e-01,-1.161780968407e-01,5.822772101811e+03,-4.329333584298e+03,0.000000000000e+00,0.000000000000e+00,1.679140710215e-03,1.830263374134e-01,0.000000000000e+00,0.000000000000e+00,2.825113205330e+02,2.815087585449e+02,5.825925925925e-01,1.682407407407e-01,5.822772101811e+03,5.548567610159e+04,1.090000000000e+02
3.134000000000e+03,1.034592554343e+08,3.022182898083e+01,4.167485687128e-01,1.744385081243e-07,3.919968260076e+02,1.014722949759e-03,1.106048015238e-01,-1.105244061781e-01,5.670429873957e+03,-7.715356426506e+03,0.000000000000e+00,0.000000000000e+00,2.214078168803e-03,2.413345203995e-01,0.000000000000e+00,0.000000000000e+00,2.824184293623e+02,2.814277343750e+02,5.881481481481e-01,1.679629629629e-01,5.670429873957e+03,5.548615273963e+04,1.090000000000e+02
3.135000000000e+03,1.034811087309e+08,4.100703726759e+01,4.167488790448e-01,1.742091260863e-07,3.925132710709e+02,1.055984039599e-03,1.151022603163e-01,-1.150119271695e-01,7.289082698296e+03,-2.823494794538e+04,0.000000000000e+00,0.000000000000e+00,5.876295897924e-03,6.405162528737e-01,0.000000000000e+00,0.000000000000e+00,2.824111049168e+02,2.813230285645e+02,5.942592592592e-01,1.292592592592e-01,7.289082698296e+03,5.548618817423e+04,1.090000000000e+02
3.136000000000e+03,1.034959829865e+08,4.441130249709e+01,4.167680904079e-01,1.739811984404e-07,3.930277841319e+02,1.190181734473e-03,1.297298090575e-01,-1.296158063094e-01,1.141481661680e+04,-2.206640468420e+04,0.000000000000e+00,0.000000000000e+00,5.537411142224e-03,6.035778145024e-01,0.000000000000e+00,0.000000000000e+00,2.818997005294e+02,2.810931091309e+02,6.011111111110e-01,9.999999999998e-02,1.141481661680e+04,5.548873381923e+04,1.090000000000e+02
3.137000000000e+03,1.034895159471e+08,3.907319012397e+01,4.167706034238e-01,1.737547104246e-07,3.935403821061e+02,1.123436453757e-03,1.224545734596e-01,-1.223548524330e-01,9.936211831729e+03,-3.223786562791e+02,0.000000000000e+00,0.000000000000e+00,1.696136144810e-03,1.848788397843e-01,0.000000000000e+00,0.000000000000e+00,2.818299928246e+02,2.810392150879e+02,6.057407407406e-01,1.191666666666e-01,9.936211831729e+03,5.548907220304e+04,1.090000000000e+02
3.138000000000e+03,1.034863718252e+08,3.744483904641e+01,4.167749822828e-01,1.735296439385e-07,3.940510816769e+02,1.016252114277e-03,1.107714804562e-01,-1.106854795038e-01,8.495217398917e+03,-2.997813838050e+03,0.000000000000e+00,0.000000000000e+00,1.900705346840e-03,2.071768828056e-01,0.000000000000e+00,0.000000000000e+00,2.817082761417e+02,2.811347045898e+02,6.122222222221e-01,1.279629629629e-01,8.495217398917e+03,5.548965584198e+04,1.090000000000e+02
3.139000000000e+03,1.035008364415e+08,4.620320109810e+01,4.167661032664e-01,1.733059833527e-07,3.945598993000e+02,1.007351227153e-03,1.098012837597e-01,-1.097123321289e-01,9.701963307644e+03,-2.055251866777e+04,0.000000000000e+00,0.000000000000e+00,5.004406692052e-03,5.454803294337e-01,0.000000000000e+00,0.000000000000e+00,2.819537290546e+02,2.814194335938e+02,6.170370370369e-01,9.814814814813e-02,9.701963307644e+03,5.548847161706e+04,1.090000000000e+02
3.140000000000e+03,1.035047011079e+08,4.315997800225e+01,4.167904247137e-01,1.730837131976e-07,3.950668512073e+02,1.081181621608e-03,1.178487967552e-01,-1.174543980497e-01,1.320165643727e+04,-1.038229042452e+04,0.000000000000e+00,0.000000000000e+00,3.902329298754e-03,4.253538935642e-01,0.000000000000e+00,0.000000000000e+00,2.812667001638e+02,2.805650024414e+02,6.231481481480e-01,9.388888888887e-02,1.320165643727e+04,5.549170009452e+04,1.090000000000e+02
3.141000000000e+03,1.034957609117e+08,3.834092122742e+01,4.167930458027e-01,1.728628179818e-07,3.955719534113e+02,9.661411261063e-04,1.053093827456e-01,-1.052266002882e-01,9.323696169542e+03,3.100918541414e+03,0.000000000000e+00,0.000000000000e+00,1.028748971648e-03,1.121336379096e-01,0.000000000000e+00,0.000000000000e+00,2.811881093907e+02,2.805459594727e+02,6.277777777777e-01,1.177777777777e-01,9.323696169542e+03,5.549205428405e+04,1.090000000000e+02
3.142000000000e+03,1.034875973326e+08,3.398046077019e+01,4.167981480626e-01,1.726432823994e-07,3.960752217093e+02,9.424262569508e-04,1.027244620076e-01,-1.026465131409e-01,7.892506951162e+03,2.467423459618e+03,0.000000000000e+00,0.000000000000e+00,8.968932427465e-04,9.776136345937e-02,0.000000000000e+00,0.000000000000e+00,2.810336754934e+02,2.801643371582e+02,6.329629629629e-01,1.359259259259e-01,7.892506951162e+03,5.549273735497e+04,1.090000000000e+02
3.143000000000e+03,1.034828374267e+08,3.241670560692e+01,4.167916478520e-01,1.724250914239e-07,3.965766716868e+02,9.407919771273e-04,1.025463255069e-01,-1.024717937909e-01,6.642320503449e+03,-9.265441769679e+02,0.000000000000e+00,0.000000000000e+00,1.251749237237e-03,1.364406668588e-01,0.000000000000e+00,0.000000000000e+00,2.812279376646e+02,2.803503723145e+02,6.371296296295e-01,1.474074074074e-01,6.642320503449e+03,5.549187631059e+04,1.090000000000e+02
3.144000000000e+03,1.035076342407e+08,7.962884000479e+01,4.168115276790e-01,1.722082298152e-07,3.970763187217e+02,8.881560439390e-04,9.680900878935e-02,-9.673119183348e-02,8.538396018506e+03,-3.016476875858e+04,0.000000000000e+00,0.000000000000e+00,6.407018395707e-03,6.983650051321e-01,0.000000000000e+00,0.000000000000e+00,2.806169718797e+02,2.799125366211e+02,6.424999999999e-01,9.638888888887e-02,8.538396018506e+03,5.549451037629e+04,1.090000000000e+02
3.145000000000e+03,1.035180393238e+08,1.388954154917e+02,4.168140529194e-01,1.719926843348e-07,3.975741779882e+02,9.160925851053e-04,9.985409177647e-02,-9.890060222944e-02,1.872688676702e+04,-1.589359310623e+04,0.000000000000e+00,0.000000000000e+00,5.741947186429e-03,6.258722433208e-01,0.000000000000e+00,0.000000000000e+00,2.805368669948e+02,2.800462036133e+02,6.462037037036e-01,7.601851851850e-02,1.872688676702e+04,5.549483900619e+04,1.090000000000e+02
3.146000000000e+03,1.035108207269e+08,4.033921118551e+01,4.168283706699e-01,1.717784397587e-07,3.980702644601e+02,8.658489630411e-04,9.437753697148e-02,-9.427439742338e-02,1.006528517897e+04,1.986733713465e+03,0.000000000000e+00,0.000000000000e+00,1.320155763641e-03,1.438969782369e-01,0.000000000000e+00,0.000000000000e+00,2.800519542471e+02,2.794725646973e+02,6.514814814814e-01,9.851851851849e-02,1.006528517897e+04,5.549674656490e+04,1.090000000000e+02
3.147000000000e+03,1.035114085877e+08,4.166498877421e+01,4.168370255419e-01,1.715654963755e-07,3.985645929146e+02,8.171371632878e-04,8.906795079837e-02,-8.899657457116e-02,9.639996418211e+03,-5.526956630733e+03,0.000000000000e+00,0.000000000000e+00,2.508130313326e-03,2.733862041525e-01,0.000000000000e+00,0.000000000000e+00,2.797396099863e+02,2.790285949707e+02,6.545370370370e-01,9.805555555553e-02,9.639996418211e+03,5.549789449976e+04,1.090000000000e+02
3.148000000000e+03,1.035142066261e+08,4.296463196447e+01,4.168470032551e-01,1.713540112600e-07,3.990571779359e+02,8.006155944351e-04,8.726709979343e-02,-8.719487034303e-02,1.035630535797e+04,-7.637260971491e+03,0.000000000000e+00,0.000000000000e+00,2.975342601739e-03,3.243123435896e-01,0.000000000000e+00,0.000000000000e+00,2.793735742585e+02,2.787380981445e+02,6.587037037037e-01,9.361111111110e-02,1.035630535797e+04,5.549915695192e+04,1.090000000000e+02
3.149000000000e+03,1.035246584507e+08,7.447059576566e+02,4.168546862259e-01,1.711435957897e-07,3.995480339185e+02,8.307748888094e-04,9.055446288023e-02,-9.003660335832e-02,1.436789510236e+04,-1.544884560775e+04,0.000000000000e+00,0.000000000000e+00,5.049566624957e-03,5.504027621204e-01,0.000000000000e+00,0.000000000000e+00,2.790564044954e+02,2.783651733398e+02,6.621296296296e-01,6.592592592596e-02,1.436789510236e+04,5.550017471203e+04,1.090000000000e+02
3.150000000000e+03,1.035266888142e+08,1.722457777949e+02,4.168652533605e-01,1.709344182193e-07,4.000371750704e+02,8.442886112363e-04,9.202745862476e-02,-9.102927163719e-02,1.860165162444e+04,-7.082586366910e+03,0.000000000000e+00,0.000000000000e+00,4.160150893403e-03,4.534564473809e-01,0.000000000000e+00,0.000000000000e+00,2.785778469092e+02,2.781217346191e+02,6.644444444444e-01,6.833333333333e-02,1.860165162444e+04,5.550157743252e+04,1.090000000000e+02
3.151000000000e+03,1.035185277673e+08,3.890667565734e+01,4.168720815913e-01,1.707264741171e-07,4.005246154167e+02,7.328560760195e-04,7.988131228613e-02,-7.976416735684e-02,9.925935861728e+03,3.733960459992e+03,0.000000000000e+00,0.000000000000e+00,1.002546920975e-03,1.092776143862e-01,0.000000000000e+00,0.000000000000e+00,2.782304601932e+02,2.777251586914e+02,6.666666666666e-01,9.314814814812e-02,9.925935861728e+03,5.550248842574e+04,1.090000000000e+02
3.152000000000e+03,1.035109454052e+08,3.636380233659e+01,4.168642233090e-01,1.705197503001e-07,4.010103688026e+02,7.204029045994e-04,7.852391660134e-02,-7.846528706374e-02,8.387007710121e+03,3.227366734948e+03,0.000000000000e+00,0.000000000000e+00,8.529885384816e-04,9.297575069450e-02,0.000000000000e+00,0.000000000000e+00,2.786249100747e+02,2.779897155762e+02,6.694444444444e-01,1.115740740740e-01,8.387007710121e+03,5.550144692083e+04,1.090000000000e+02
3.153000000000e+03,1.035080287299e+08,3.614324695593e+01,4.168731993327e-01,1.703142384734e-07,4.014944488967e+02,7.272828961869e-04,7.927383568437e-02,-7.921517995823e-02,7.787128092270e+03,-1.479943259464e+03,0.000000000000e+00,0.000000000000e+00,1.532314882784e-03,1.670223222234e-01,0.000000000000e+00,0.000000000000e+00,2.781688912854e+02,2.776170043945e+02,6.716666666666e-01,1.177777777777e-01,7.787128092270e+03,5.550263979433e+04,1.090000000000e+02
3.154000000000e+03,1.035063488309e+08,3.537445558834e+01,4.168770414415e-01,1.701099226878e-07,4.019768691937e+02,6.848377757993e-04,7.464731756212e-02,-7.459167863707e-02,7.795303307062e+03,-2.460167704447e+03,0.000000000000e+00,0.000000000000e+00,1.695553005603e-03,1.848152776107e-01,0.000000000000e+00,0.000000000000e+00,2.779528622556e+02,2.773967285156e+02,6.731481481481e-01,1.225000000000e-01,7.795303307062e+03,5.550314913703e+04,1.090000000000e+02
3.155000000000e+03,1.035034552105e+08,3.442377117587e+01,4.168757725197e-01,1.699067837936e-07,4.024576430178e+02,6.252843272095e-04,6.815599166583e-02,-6.810646680930e-02,7.352128410856e+03,-8.865080867328e+02,0.000000000000e+00,0.000000000000e+00,1.362091437172e-03,1.484679666518e-01,0.000000000000e+00,0.000000000000e+00,2.780262251767e+02,2.774201660156e+02,6.744444444444e-01,1.287962962963e-01,7.352128410856e+03,5.550298088438e+04,1.090000000000e+02
3.156000000000e+03,1.034991014888e+08,3.240339265144e+01,4.168786183258e-01,1.697048151891e-07,4.029367835256e+02,5.856239865242e-04,6.383301453114e-02,-6.378760686530e-02,6.864227132574e+03,8.132961290808e+02,0.000000000000e+00,0.000000000000e+00,1.000260797657e-03,1.090284269447e-01,0.000000000000e+00,0.000000000000e+00,2.778590851063e+02,2.773899841309e+02,6.757407407407e-01,1.382407407407e-01,6.864227132574e+03,5.550335959087e+04,1.090000000000e+02
3.157000000000e+03,1.035405165817e+08,4.246846274405e+03,4.168781162383e-01,1.695040055324e-07,4.034143037087e+02,6.282681981353e-04,6.848123359675e-02,-6.714350195058e-02,3.144359041818e+04,-4.514178651849e+04,0.000000000000e+00,0.000000000000e+00,1.336792469418e-02,1.457103791665e+00,0.000000000000e+00,0.000000000000e+00,2.778907453983e+02,2.776781311035e+02,6.775925925925e-01,3.037037037042e-02,3.144359041818e+04,5.550328882245e+04,1.090000000000e+02
3.158000000000e+03,1.035474988666e+08,1.086829480430e+03,4.168917133814e-01,1.693043415025e-07,4.038902163966e+02,7.229722063210e-04,7.880397048899e-02,-7.439617743969e-02,7.568638979646e+04,-1.111159190722e+04,0.000000000000e+00,0.000000000000e+00,1.386504672112e-02,1.511290092603e+00,0.000000000000e+00,0.000000000000e+00,2.769006570106e+02,2.766098327637e+02,6.796296296296e-01,2.351851851855e-02,7.568638979646e+04,5.550509223756e+04,1.090000000000e+02
3.159000000000e+03,1.035416090527e+08,1.251892657447e+02,4.168936055108e-01,1.691058120578e-07,4.043645342597e+02,6.816309685064e-04,7.429777556720e-02,-7.384913609469e-02,1.330361129978e+04,1.790797488764e+03,0.000000000000e+00,0.000000000000e+00,1.748091088079e-03,1.905419286006e-01,0.000000000000e+00,0.000000000000e+00,2.767083616691e+02,2.765415649414e+02,6.812962962962e-01,5.064814814815e-02,1.330361129978e+04,5.550534497194e+04,1.090000000000e+02
3.160000000000e+03,1.035534993448e+08,5.748401470822e+03,4.168950671386e-01,1.689084059554e-07,4.048372698117e+02,6.624388992125e-04,7.220584001416e-02,-6.849072202811e-02,8.031474256560e+04,-1.569190252172e+04,0.000000000000e+00,0.000000000000e+00,1.683213642227e-02,1.834702870027e+00,0.000000000000e+00,0.000000000000e+00,2.765422628941e+02,2.764434814453e+02,6.816666666666e-01,5.555555555570e-03,8.031474256560e+04,5.550554051747e+04,1.090000000000e+02
3.161000000000e+03,1.035535014868e+08,1.651854473909e+03,4.168988680755e-01,1.687121118294e-07,4.053084354122e+02,6.173022339163e-04,6.728594349687e-02,-6.249448705669e-02,1.055230885802e+05,-3.470949401814e+03,0.000000000000e+00,0.000000000000e+00,1.738202410435e-02,1.894640627374e+00,0.000000000000e+00,0.000000000000e+00,2.759182048724e+02,2.759356079102e+02,6.816666666666e-01,1.212962962964e-02,1.055230885802e+05,5.550604542875e+04,1.090000000000e+02
3.162000000000e+03,1.035472818018e+08,1.611311662772e+02,4.168998848974e-01,1.685169177135e-07,4.057780432697e+02,5.988921074471e-04,6.527923971173e-02,-6.457980343474e-02,1.593533894159e+04,2.635110067913e+03,0.000000000000e+00,0.000000000000e+00,1.958347388993e-03,2.134598654003e-01,0.000000000000e+00,0.000000000000e+00,2.754950613052e+02,2.754302673340e+02,6.815740740740e-01,4.055555555556e-02,1.593533894159e+04,5.550618168128e+04,1.090000000000e+02
3.163000000000e+03,1.035454533979e+08,4.086339203399e+02,4.168989897126e-01,1.683228135308e-07,4.062461054436e+02,6.094283489573e-04,6.642769003635e-02,-6.621864416033e-02,1.102013138045e+04,-1.847141892532e+03,0.000000000000e+00,0.000000000000e+00,2.169589258020e-03,2.364852291242e-01,0.000000000000e+00,0.000000000000e+00,2.758800323170e+02,2.757243041992e+02,6.801851851851e-01,4.064814814817e-02,1.102013138045e+04,5.550606242554e+04,1.090000000000e+02
3.164000000000e+03,1.035478073720e+08,1.422935793102e+03,4.168998909163e-01,1.681297913405e-07,4.067126338468e+02,5.926502244050e-04,6.459887446015e-02,-6.355519668711e-02,2.047526552847e+04,-5.881678401143e+03,0.000000000000e+00,0.000000000000e+00,4.533621639581e-03,4.941647587143e-01,0.000000000000e+00,0.000000000000e+00,2.754888742320e+02,2.753952331543e+02,6.786111111111e-01,2.842592592598e-02,2.047526552847e+04,5.550618172351e+04,1.090000000000e+02
3.165000000000e+03,1.035467275772e+08,6.140566720912e+02,4.168993775601e-01,1.679378364782e-07,4.071776402485e+02,5.317581190972e-04,5.796163498159e-02,-5.684811025338e-02,2.292348476813e+04,-2.075624093114e+03,0.000000000000e+00,0.000000000000e+00,4.008487369872e-03,4.369251233161e-01,0.000000000000e+00,0.000000000000e+00,2.757656392398e+02,2.759801940918e+02,6.773148148148e-01,3.712962962966e-02,2.292348476813e+04,5.550611251559e+04,1.090000000000e+02
3.166000000000e+03,1.035404877043e+08,9.709834971103e+01,4.168994819874e-01,1.677469364754e-07,4.076411362761e+02,5.394012031850e-04,5.879473114716e-02,-5.852363820681e-02,1.195393833646e+04,2.991452240878e+03,0.000000000000e+00,0.000000000000e+00,1.398403550490e-03,1.524259870034e-01,0.000000000000e+00,0.000000000000e+00,2.757255114118e+02,2.755638122559e+02,6.763888888888e-01,6.185185185185e-02,1.195393833646e+04,5.550612676778e+04,1.090000000000e+02
3.167000000000e+03,1.035325035446e+08,3.682333864930e+01,4.168998867030e-01,1.675570840003e-07,4.081031334177e+02,5.051509488098e-04,5.506145342027e-02,-5.499801527644e-02,8.644552846395e+03,4.931430498806e+03,0.000000000000e+00,0.000000000000e+00,6.043411541738e-04,6.587318580495e-02,0.000000000000e+00,0.000000000000e+00,2.752329905781e+02,2.752113037109e+02,6.759259259259e-01,8.240740740738e-02,8.644552846395e+03,5.550618054091e+04,1.090000000000e+02
3.168000000000e+03,1.035259904919e+08,3.533977991522e+01,4.168999392934e-01,1.673682683632e-07,4.085636430243e+02,4.449872452796e-04,4.850360973547e-02,-4.846931342112e-02,7.791241827339e+03,3.822706107317e+03,0.000000000000e+00,0.000000000000e+00,6.560068995374e-04,7.150475204957e-02,0.000000000000e+00,0.000000000000e+00,2.753091955889e+02,2.754689636230e+02,6.752777777777e-01,9.685185185182e-02,7.791241827339e+03,5.550618752147e+04,1.090000000000e+02
3.169000000000e+03,1.035415630041e+08,1.295376069477e+03,4.168991036316e-01,1.671804793632e-07,4.090226763122e+02,4.371112383069e-04,4.764512497545e-02,-4.740519804544e-02,1.237227429066e+04,-1.820378914772e+04,0.000000000000e+00,0.000000000000e+00,5.264219660991e-03,5.737999430480e-01,0.000000000000e+00,0.000000000000e+00,2.748863629591e+02,2.750495300293e+02,6.738888888888e-01,4.722222222229e-02,1.237227429066e+04,5.550607625458e+04,1.090000000000e+02
3.170000000000e+03,1.035495683364e+08,2.330317365469e+03,4.168961135224e-01,1.669937070689e-07,4.094802443651e+02,4.374809576187e-04,4.768542438044e-02,-4.586180230541e-02,4.200323292699e+04,-1.055093210577e+04,0.000000000000e+00,0.000000000000e+00,8.874223784245e-03,9.672903924827e-01,0.000000000000e+00,0.000000000000e+00,2.743505102586e+02,2.745464477539e+02,6.719444444444e-01,2.361111111117e-02,4.200323292699e+04,5.550567913760e+04,1.090000000000e+02
3.171000000000e+03,1.035476004874e+08,3.500047250313e+02,4.168913345757e-01,1.668079428174e-07,4.099363581359e+02,4.071036411344e-04,4.437429688365e-02,-4.328118891311e-02,2.732476116276e+04,-4.344886023319e+02,0.000000000000e+00,0.000000000000e+00,4.270941711411e-03,4.655326465438e-01,0.000000000000e+00,0.000000000000e+00,2.738530164818e+02,2.740815124512e+02,6.686111111111e-01,3.907407407409e-02,2.732476116276e+04,5.550504333777e+04,1.090000000000e+02
3.172000000000e+03,1.035385583954e+08,6.322048068971e+01,4.168929999028e-01,1.666231749856e-07,4.103910284495e+02,3.410488750279e-04,3.717432737804e-02,-3.709631619537e-02,9.419839483769e+03,6.983056207481e+03,0.000000000000e+00,0.000000000000e+00,3.560839343827e-04,3.881314884771e-02,0.000000000000e+00,0.000000000000e+00,2.740035173319e+02,2.743074951172e+02,6.642592592592e-01,7.027777777776e-02,9.419839483769e+03,5.550526347470e+04,1.090000000000e+02
3.173000000000e+03,1.035299533380e+08,3.499918033714e+01,2.872466346298e+03,4.747810265349e-03,1.000000000000e+02,2.393572386286e-04,2.608993901052e-02,-2.961139115361e-02,7.734383557320e+03,6.961468025380e+03,1.700727639600e-05,1.853793127165e-03,1.062971755169e-04,1.158639213134e-02,4.591964626921e-04,5.005241443344e-02,2.740901935644e+02,2.743923034668e+02,6.571296296296e-01,8.999999999997e-02,7.734383557320e+03,5.550537917374e+04,1.090000000000e+02
3.174000000000e+03,1.035223274417e+08,3.335748109913e+01,9.734409240381e+03,1.608985643184e-02,1.000000000000e+02,-4.445575287140e-05,-4.845677062982e-03,-1.384320162059e-02,7.081973901394e+03,6.857526672778e+03,3.702125840914e-05,4.035317166596e-03,0.000000000000e+00,0.000000000000e+00,9.995739770468e-04,1.089535634981e-01,2.737379550740e+02,2.744028015137e+02,6.517592592592e-01,1.050925925926e-01,7.081973901394e+03,5.550485920162e+04,1.090000000000e+02
3.175000000000e+03,1.035159403289e+08,3.122716530166e+01,1.994814749207e+04,3.206614311716e-02,1.027541865391e+02,-3.084207329331e-04,-3.361785988970e-02,-9.751577050912e-04,6.432405269112e+03,6.332986628647e+03,1.612717413445e-05,1.757861980655e-03,0.000000000000e+00,0.000000000000e+00,1.386984357081e-03,1.511812949218e-01,2.732242032969e+02,2.738864746094e+02,2.657407407407e-02,1.175000000000e-01,6.432405269112e+03,5.550385936982e+04,1.090000000000e+02
3.176000000000e+03,1.035100158777e+08,3.188717434742e+01,3.154649637367e+04,4.634542039247e-02,1.123314427696e+02,-3.446463021074e-04,-3.756644692971e-02,-1.167198610439e-04,5.917311093961e+03,5.917971103034e+03,0.000000000000e+00,0.000000000000e+00,0.000000000000e+00,0.000000000000e+00,1.571397221557e-03,1.712822971497e-01,2.732133763932e+02,2.735253601074e+02,0.000000000000e+00,1.280555555555e-01,5.917311093961e+03,5.550383627121e+04,1.090000000000e+02
3.177000000000e+03,1.035044344831e+08,3.039128636269e+01,4.257032372396e+04,5.871713107211e-02,1.197191837094e+02,-3.669990871189e-04,-4.000290049596e-02,0.000000000000e+00,5.582890310487e+03,5.581394422507e+03,0.000000000000e+00,0.000000000000e+00,0.000000000000e+00,0.000000000000e+00,1.455144908772e-03,1.586107950561e-01,2.732154132115e+02,2.733212890625e+02,0.000000000000e+00,1.388888888889e-01,5.582890310487e+03,5.550384083487e+04,1.090000000000e+02
3.178000000000e+03,1.034991751339e+08,2.964601361610e+01,5.244167518856e+04,6.815575446872e-02,1.271024739857e+02,-3.731054496581e-04,-4.066849401273e-02,0.000000000000e+00,5.260094908633e+03,5.259349635885e+03,0.000000000000e+00,0.000000000000e+00,0.000000000000e+00,0.000000000000e+00,1.258534340743e-03,1.371802431410e-01,2.732127498021e+02,2.729063110352e+02,0.000000000000e+00,1.489814814815e-01,5.260094908633e+03,5.550383486735e+04,1.090000000000e+02
3.179000000000e+03,1.034941920810e+08,2.896307998779e+01,6.318698091897e+04,7.850804451352e-02,1.329797979298e+02,-3.681093526613e-04,-4.012391944008e-02,0.000000000000e+00,4.983735465059e+03,4.983052531433e+03,0.000000000000e+00,0.000000000000e+00,0.000000000000e+00,0.000000000000e+00,1.408000284355e-03,1.534720309947e-01,2.732101396843e+02,2.722380981445e+02,0.000000000000e+00,1.583333333333e-01,4.983735465059e+03,5.550382901098e+04,1.090000000000e+02
3.180000000000e+03,1.034894399307e+08,2.819009362784e+01,7.395880201071e+04,8.831684505015e-02,1.383774379852e+02,-3.621850909580e-04,-3.947817491442e-02,0.000000000000e+00,4.752923817115e+03,4.752150830769e+03,0.000000000000e+00,0.000000000000e+00,0.000000000000e+00,0.000000000000e+00,1.418300838768e-03,1.545947914257e-01,2.732083632933e+02,2.720433349609e+02,0.000000000000e+00,1.678703703703e-01,4.752923817115e+03,5.550382502017e+04,1.090000000000e+02
3.181000000000e+03,1.034849003740e+08,2.776698765730e+01,8.422529731050e+04,9.707919804413e-02,1.433731097979e+02,-3.561859991668e-04,-3.882427390919e-02,0.000000000000e+00,4.539980629489e+03,4.539557523521e+03,0.000000000000e+00,0.000000000000e+00,0.000000000000e+00,0.000000000000e+00,1.340780979329e-03,1.461451267468e-01,2.732040720860e+02,2.718146057129e+02,0.000000000000e+00,1.764814814815e-01,4.539980629489e+03,5.550381536639e+04,1.090000000000e+02
3.182000000000e+03,1.034805590891e+08,2.757170979315e+01,9.452297476876e+04,1.057114779505e-01,1.477707470768e+02,-3.648864975907e-04,-3.977262823738e-02,0.000000000000e+00,4.341481016280e+03,4.341285738408e+03,0.000000000000e+00,0.000000000000e+00,0.000000000000e+00,0.000000000000e+00,1.337236377224e-03,1.457587651174e-01,2.731984467904e+02,2.714259948730e+02,0.000000000000e+00,1.856481481481e-01,4.341481016280e+03,5.550380268033e+04,1.090000000000e+02
3.183000000000e+03,1.034763810702e+08,2.746448935195e+01,1.063506226721e+05,1.159705739839e-01,1.515587837830e+02,-3.673464600244e-04,-4.004076414266e-02,0.000000000000e+00,4.178126746034e+03,4.178019525597e+03,0.000000000000e+00,0.000000000000e+00,0.000000000000e+00,0.000000000000e+00,1.587675004272e-03,1.730565754657e-01,2.731927216315e+02,2.707429199219e+02,0.000000000000e+00,1.947222222222e-01,4.178126746034e+03,5.550378973266e+04,1.090000000000e+02
3.184000000000e+03,1.034723562297e+08,2.723269869474e+01,1.193095758935e+05,1.274901136215e-01,1.546677980517e+02,-3.564801689909e-04,-3.885633842001e-02,0.000000000000e+00,4.025073112680e+03,4.024841322025e+03,0.000000000000e+00,0.000000000000e+00,0.000000000000e+00,0.000000000000e+00,1.785525964793e-03,1.946223301624e-01,2.731890294869e+02,2.704045104980e+02,0.000000000000e+00,2.034259259259e-01,4.025073112680e+03,5.550378136335e+04,1.090000000000e+02
3.185000000000e+03,1.034684704645e+08,2.713542289035e+01,1.321449682358e+05,1.385924830855e-01,1.575872943553e+02,-3.566779905916e-04,-3.887790097449e-02,0.000000000000e+00,3.885862247389e+03,3.885764971590e+03,0.000000000000e+00,0.000000000000e+00,0.000000000000e+00,0.000000000000e+00,1.764908040095e-03,1.923749763704e-01,2.731855227119e+02,2.700735168457e+02,0.000000000000e+00,2.114814814815e-01,3.885862247389e+03,5.550377340061e+04,1.090000000000e+02
3.186000000000e+03,1.034647155523e+08,2.736116810669e+01,1.458027848655e+05,1.502997499842e-01,1.603337339165e+02,-3.587523495604e-04,-3.910400610208e-02,0.000000000000e+00,3.754686463798e+03,3.754912209018e+03,0.000000000000e+00,0.000000000000e+00,0.000000000000e+00,0.000000000000e+00,1.898776190532e-03,2.069666047680e-01,2.731803713713e+02,2.694647521973e+02,0.000000000000e+00,2.200925925926e-01,3.754686463798e+03,5.550376167845e+04,1.090000000000e+02
3.187000000000e+03,1.034610526731e+08,2.799347666249e+01,1.574316943144e+05,1.586841465664e-01,1.639763163837e+02,-3.456444256493e-04,-3.767524239577e-02,0.000000000000e+00,3.662247071967e+03,3.662879380537e+03,0.000000000000e+00,0.000000000000e+00,0.000000000000e+00,0.000000000000e+00,1.576523909894e-03,1.718411061784e-01,2.731732153457e+02,2.685157775879e+02,0.000000000000e+00,2.288888888889e-01,3.662247071967e+03,5.550374534496e+04,1.090000000000e+02
3.188000000000e+03,1.034574778848e+08,2.856349005498e+01,1.675313024508e+05,1.653464002771e-01,1.674663799345e+02,-3.260155787696e-04,-3.553569808589e-02,0.000000000000e+00,3.574218228022e+03,3.574788241420e+03,0.000000000000e+00,0.000000000000e+00,0.000000000000e+00,0.000000000000e+00,1.343378373972e-03,1.464282427629e-01,2.731672801314e+02,2.681567382813e+02,0.000000000000e+00,2.375925925926e-01,3.574218228022e+03,5.550373175386e+04,1.090000000000e+02
3.189000000000e+03,1.034539979259e+08,2.917196138822e+01,1.799233524366e+05,1.752130507547e-01,1.697269928033e+02,-3.172544516266e-04,-3.458073522730e-02,0.000000000000e+00,3.479351252896e+03,3.479959724233e+03,0.000000000000e+00,0.000000000000e+00,0.000000000000e+00,0.000000000000e+00,1.731056592212e-03,1.886851685511e-01,2.731614860323e+02,2.678457641602e+02,0.000000000000e+00,2.461111111111e-01,3.479351252896e+03,5.550371844780e+04,1.090000000000e+02
3.190000000000e+03,1.034505944510e+08,3.018529374177e+01,1.922201587536e+05,1.840516909279e-01,1.726202664853e+02,-3.121803427113e-04,-3.402765735554e-02,0.000000000000e+00,3.402461647826e+03,3.403474980179e+03,0.000000000000e+00,0.000000000000e+00,0.000000000000e+00,0.000000000000e+00,1.720391105828e-03,1.875226305352e-01,2.731541650219e+02,2.672311096191e+02,0.000000000000e+00,2.547222222222e-01,3.402461647826e+03,5.550370158206e+04,1.090000000000e+02
3.191000000000e+03,1.034472502937e+08,3.109500521566e+01,2.028844491718e+05,1.910561641523e-01,1.755183719043e+02,-3.059526514787e-04,-3.334883901118e-02,0.000000000000e+00,3.343247645664e+03,3.344157357148e+03,0.000000000000e+00,0.000000000000e+00,0.000000000000e+00,0.000000000000e+00,1.456775449778e-03,1.587885240258e-01,2.731485365781e+02,2.670113830566e+02,0.000000000000e+00,2.628703703704e-01,3.343247645664e+03,5.550368857474e+04,1.090000000000e+02
3.192000000000e+03,1.034439652838e+08,3.180276434470e+01,2.133882438005e+05,1.975687609723e-01,1.785208414731e+02,-3.017432240639e-04,-3.289001142296e-02,0.000000000000e+00,3.284302180614e+03,3.285009939752e+03,0.000000000000e+00,0.000000000000e+00,0.000000000000e+00,0.000000000000e+00,1.434454203483e-03,1.563555081797e-01,2.731444759010e+02,2.674907226563e+02,0.000000000000e+00,2.707407407407e-01,3.284302180614e+03,5.550367916815e+04,1.090000000000e+02
3.193000000000e+03,1.034407294413e+08,3.268998441901e+01,2.247078619628e+05,2.056470342397e-01,1.806068107775e+02,-3.075126735086e-04,-3.351888141244e-02,0.000000000000e+00,3.234955855879e+03,3.235843075954e+03,0.000000000000e+00,0.000000000000e+00,0.000000000000e+00,0.000000000000e+00,1.563524030338e-03,1.704241193068e-01,2.731400476994e+02,2.673902587891e+02,0.000000000000e+00,2.797222222222e-01,3.234955855879e+03,5.550366888876e+04,1.090000000000e+02
3.194000000000e+03,1.034375502455e+08,3.374907633165e+01,2.345553941457e+05,2.121664398476e-01,1.827293632804e+02,-2.936248739177e-04,-3.200511125703e-02,0.000000000000e+00,3.178136891957e+03,3.179195983870e+03,0.000000000000e+00,0.000000000000e+00,0.000000000000e+00,0.000000000000e+00,1.334101052205e-03,1.454170146904e-01,2.731352350148e+02,2.672338867188e+02,0.000000000000e+00,2.875000000000e-01,3.178136891957e+03,5.550365769166e+04,1.090000000000e+02
3.195000000000e+03,1.034344129287e+08,3.532050014550e+01,2.429467131433e+05,2.160503234156e-01,1.858646777857e+02,-2.986443422309e-04,-3.255223330317e-02,0.000000000000e+00,3.135745692587e+03,3.137317116415e+03,0.000000000000e+00,0.000000000000e+00,0.000000000000e+00,0.000000000000e+00,1.088384320269e-03,1.186338909093e-01,2.731289950549e+02,2.668755798340e+02,0.000000000000e+00,2.962037037037e-01,3.135745692587e+03,5.550364313582e+04,1.090000000000e+02
3.196000000000e+03,1.034313099094e+08,3.674911647321e+01,2.556860117096e+05,2.247238313499e-01,1.880614263058e+02,-3.089200355433e-04,-3.367228387422e-02,0.000000000000e+00,3.101590750887e+03,3.103019367216e+03,0.000000000000e+00,0.000000000000e+00,0.000000000000e+00,0.000000000000e+00,1.796793848907e-03,1.958505295309e-01,2.731239736122e+02,2.667943420410e+02,0.000000000000e+00,3.037962962963e-01,3.101590750887e+03,5.550363139050e+04,1.090000000000e+02
3.197000000000e+03,1.034282436937e+08,3.854562992297e+01,2.695404926758e+05,2.351103386460e-01,1.894938880277e+02,-3.203824945005e-04,-3.492169190056e-02,0.000000000000e+00,3.064419691290e+03,3.066216204731e+03,0.000000000000e+00,0.000000000000e+00,0.000000000000e+00,0.000000000000e+00,1.969665132658e-03,2.146934994597e-01,2.731179754111e+02,2.665367736816e+02,0.000000000000e+00,3.125925925926e-01,3.064419691290e+03,5.550361732364e+04,1.090000000000e+02
3.198000000000e+03,1.034252143536e+08,4.158423428796e+01,2.813228478588e+05,2.425116481287e-01,1.917415561690e+02,-2.976184188510e-04,-3.244040765476e-02,0.000000000000e+00,3.026301689266e+03,3.029340293641e+03,0.000000000000e+00,0.000000000000e+00,0.000000000000e+00,0.000000000000e+00,1.649928913756e-03,1.798422515995e-01,2.731095767856e+02,2.658544006348e+02,0.000000000000e+00,3.214814814815e-01,3.026301689266e+03,5.550359755975e+04,1.090000000000e+02
3.199000000000e+03,1.034222183609e+08,4.637399166202e+01,2.925487358755e+05,2.492776055934e-01,1.939812176678e+02,-2.845679005823e-04,-3.101790116347e-02,0.000000000000e+00,2.991202437722e+03,2.995992195106e+03,0.000000000000e+00,0.000000000000e+00,0.000000000000e+00,0.000000000000e+00,1.571007365194e-03,1.712398028062e-01,2.730985501614e+02,2.650914611816e+02,0.000000000000e+00,3.292592592592e-01,2.991202437722e+03,5.550357149132e+04,1.090000000000e+02
3.200000000000e+03,1.034192554876e+08,5.211841391333e+01,3.022223936841e+05,2.547529697192e-01,1.960888271311e+02,-2.728662665053e-04,-2.974242304908e-02,0.000000000000e+00,2.957128542061e+03,2.962872964314e+03,0.000000000000e+00,0.000000000000e+00,0.000000000000e+00,0.000000000000e+00,1.326136421415e-03,1.445488699342e-01,2.730883514972e+02,2.644819641113e+02,0.000000000000e+00,3.381481481481e-01,2.957128542061e+03,5.550354725807e+04,1.090000000000e+02
3.201000000000e+03,1.034163230926e+08,5.800200048927e+01,3.112955389647e+05,2.596136297426e-01,1.981944601807e+02,-2.533795503313e-04,-2.761837098611e-02,0.000000000000e+00,2.926510776658e+03,2.932394363244e+03,0.000000000000e+00,0.000000000000e+00,0.000000000000e+00,0.000000000000e+00,1.246360824337e-03,1.358533298527e-01,2.730799047955e+02,2.644597473145e+02,0.000000000000e+00,3.466666666666e-01,2.926510776658e+03,5.550352709851e+04,1.090000000000e+02
3.202000000000e+03,1.034134140593e+08,6.365719823086e+01,3.216451535229e+05,2.655926198812e-01,2.001740135238e+02,-2.637050498515e-04,-2.874385043381e-02,0.000000000000e+00,2.903377934782e+03,2.909033132524e+03,0.000000000000e+00,0.000000000000e+00,0.000000000000e+00,0.000000000000e+00,1.447023191169e-03,1.577255278374e-01,2.730730977341e+02,2.643859558105e+02,0.000000000000e+00,3.547222222222e-01,2.903377934782e+03,5.550351079324e+04,1.090000000000e+02
3.203000000000e+03,1.034105275845e+08,7.206846554479e+01,3.318935015516e+05,2.711335784627e-01,2.023311619752e+02,-2.652324191114e-04,-2.891033368314e-02,0.000000000000e+00,2.878063650163e+03,2.886474917479e+03,0.000000000000e+00,0.000000000000e+00,0.000000000000e+00,0.000000000000e+00,1.428769718171e-03,1.557358992807e-01,2.730610841833e+02,2.635574340820e+02,0.000000000000e+00,3.638888888889e-01,2.878063650163e+03,5.550348189035e+04,1.090000000000e+02
3.204000000000e+03,1.034076699755e+08,8.428127140027e+01,3.404726764682e+05,2.754867970583e-01,2.042816721320e+02,-2.463873374525e-04,-2.685621978232e-02,0.000000000000e+00,2.845395814075e+03,2.857608619931e+03,0.000000000000e+00,0.000000000000e+00,0.000000000000e+00,0.000000000000e+00,1.171719569729e-03,1.277174331004e-01,2.730477975721e+02,2.634318237305e+02,0.000000000000e+00,3.733333333333e-01,2.845395814075e+03,5.550344973419e+04,1.090000000000e+02
3.205000000000e+03,1.034048377856e+08,9.893165158895e+01,3.490587626937e+05,2.798018830401e-01,2.062036733350e+02,-2.306810705346e-04,-2.514423668827e-02,0.000000000000e+00,2.817539495504e+03,2.832189875699e+03,0.000000000000e+00,0.000000000000e+00,0.000000000000e+00,0.000000000000e+00,1.188568147776e-03,1.295539281076e-01,2.730350662200e+02,2.631764831543e+02,0.000000000000e+00,3.820370370370e-01,2.817539495504e+03,5.550341873294e+04,1.090000000000e+02
3.206000000000e+03,1.034020258685e+08,1.143775475028e+02,3.587967826482e+05,2.848398035992e-01,2.082077309780e+02,-2.256717493045e-04,-2.459822067419e-02,0.000000000000e+00,2.796471965719e+03,2.811917861637e+03,0.000000000000e+00,0.000000000000e+00,0.000000000000e+00,0.000000000000e+00,1.383978513024e-03,1.508536579196e-01,2.730248583342e+02,2.627090454102e+02,0.000000000000e+00,3.907407407407e-01,2.796471965719e+03,5.550339374254e+04,1.090000000000e+02
3.207000000000e+03,1.033992350731e+08,1.359029866344e+02,3.670086573404e+05,2.886095646557e-01,2.101915483847e+02,-2.120468211057e-04,-2.311310350052e-02,0.000000000000e+00,2.769269635469e+03,2.790795074605e+03,0.000000000000e+00,0.000000000000e+00,0.000000000000e+00,0.000000000000e+00,1.145365849586e-03,1.248448776049e-01,2.730036698451e+02,2.621520385742e+02,0.000000000000e+00,3.996296296296e-01,2.769269635469e+03,5.550334149482e+04,1.090000000000e+02
3.208000000000e+03,1.033964758973e+08,1.671296901766e+02,3.738539656352e+05,2.911355082544e-01,2.122546265486e+02,-1.941377483320e-04,-2.116101456818e-02,0.000000000000e+00,2.727950228950e+03,2.759176932495e+03,0.000000000000e+00,0.000000000000e+00,0.000000000000e+00,0.000000000000e+00,9.374067336481e-04,1.021773339676e-01,2.729799509977e+02,2.611498107910e+02,0.000000000000e+00,4.087962962963e-01,2.727950228950e+03,5.550328240320e+04,1.090000000000e+02
3.209000000000e+03,1.033937385371e+08,1.980176594757e+02,3.826334886200e+05,2.955638022800e-01,2.139845935098e+02,-2.101057498412e-04,-2.290152673270e-02,0.000000000000e+00,2.706472297225e+03,2.737360266522e+03,0.000000000000e+00,0.000000000000e+00,0.000000000000e+00,0.000000000000e+00,1.241119401250e-03,1.352820147362e-01,2.729697986779e+02,2.612925415039e+02,0.000000000000e+00,4.169444444444e-01,2.706472297225e+03,5.550325691156e+04,1.090000000000e+02
3.210000000000e+03,1.033910094989e+08,2.301877461621e+02,3.907162704509e+05,2.992948049968e-01,2.157812155336e+02,-2.185725516924e-04,-2.382440813447e-02,0.000000000000e+00,2.696869244831e+03,2.729039331518e+03,0.000000000000e+00,0.000000000000e+00,0.000000000000e+00,0.000000000000e+00,1.117508290645e-03,1.218084036803e-01,2.729525426304e+02,2.609349670410e+02,0.000000000000e+00,4.250000000000e-01,2.696869244831e+03,5.550321331502e+04,1.090000000000e+02
3.211000000000e+03,1.033882976191e+08,2.715156081357e+02,3.972496469170e+05,3.016075855034e-01,2.177074419864e+02,-1.965599666349e-04,-2.142503636320e-02,0.000000000000e+00,2.670551931638e+03,2.711879793611e+03,0.000000000000e+00,0.000000000000e+00,0.000000000000e+00,0.000000000000e+00,8.834410506749e-04,9.629507452357e-02,2.729264562568e+02,2.602474670410e+02,0.000000000000e+00,4.327870370370e-01,2.670551931638e+03,5.550314677000e+04,1.090000000000e+02
3.212000000000e+03,1.033856045550e+08,3.181079354469e+02,4.057813382242e+05,3.058680076482e-01,2.192858471461e+02,-1.882577849894e-04,-2.052009856385e-02,0.000000000000e+00,2.646472080622e+03,2.693064407936e+03,0.000000000000e+00,0.000000000000e+00,0.000000000000e+00,0.000000000000e+00,1.222038592264e-03,1.332022065568e-01,2.729067019972e+02,2.592016906738e+02,0.000000000000e+00,4.398430555555e-01,2.646472080622e+03,5.550309586491e+04,1.090000000000e+02
3.213000000000e+03,1.033829223321e+08,3.678335127279e+02,4.132930506413e+05,3.090755895848e-01,2.210276296259e+02,-1.821528917440e-04,-1.985466520010e-02,0.000000000000e+00,2.632498302436e+03,2.682223879718e+03,0.000000000000e+00,0.000000000000e+00,0.000000000000e+00,0.000000000000e+00,1.059557991487e-03,1.154918210721e-01,2.728858753594e+02,2.587669372559e+02,0.000000000000e+00,4.467967592592e-01,2.632498302436e+03,5.550304171373e+04,1.090000000000e+02
3.214000000000e+03,1.033802512368e+08,4.210944918664e+02,4.195007073051e+05,3.111588095335e-01,2.228456994488e+02,-1.823508640588e-04,-1.987624418241e-02,0.000000000000e+00,2.617834952392e+03,2.671095931531e+03,0.000000000000e+00,0.000000000000e+00,0.000000000000e+00,0.000000000000e+00,8.438013470074e-04,9.197434682381e-02,2.728687700010e+02,2.591825561523e+02,0.000000000000e+00,4.540671527778e-01,2.617834952392e+03,5.550299686319e+04,1.090000000000e+02
3.215000000000e+03,1.033775895754e+08,4.763075833645e+02,4.268262268674e+05,3.143096581696e-01,2.244644138774e+02,-1.889823845749e-04,-2.059907991867e-02,0.000000000000e+00,2.606449311774e+03,2.661662403275e+03,0.000000000000e+00,0.000000000000e+00,0.000000000000e+00,0.000000000000e+00,1.021942906936e-03,1.113917768561e-01,2.728527541131e+02,2.589403686523e+02,0.000000000000e+00,4.604126168981e-01,2.606449311774e+03,5.550295456374e+04,1.090000000000e+02
3.216000000000e+03,1.033749418382e+08,5.369585129056e+02,4.349301064916e+05,3.181981807501e-01,2.259313659437e+02,-1.855690041008e-04,-2.022702144699e-02,0.000000000000e+00,2.587086523610e+03,2.647737453151e+03,0.000000000000e+00,0.000000000000e+00,0.000000000000e+00,0.000000000000e+00,1.154032514101e-03,1.257895440371e-01,2.728291367211e+02,2.588750610352e+02,0.000000000000e+00,4.667570844907e-01,2.587086523610e+03,5.550289165004e+04,1.090000000000e+02
3.217000000000e+03,1.033728792394e+08,7.058388189006e+02,4.422332722461e+05,3.213056482022e-01,2.275037159298e+02,-1.745539336646e-04,-1.902637876944e-02,0.000000000000e+00,1.893720161659e+03,2.062600467657e+03,0.000000000000e+00,0.000000000000e+00,0.000000000000e+00,0.000000000000e+00,1.032648738873e-03,1.125587125371e-01,2.728023198300e+02,2.585750122070e+02,0.000000000000e+00,4.691722303819e-01,1.893720161659e+03,5.550281887360e+04,1.090000000000e+02
3.218000000000e+03,1.033708297817e+08,9.064597408632e+02,4.486564678116e+05,3.236745494803e-01,2.291190938044e+02,-1.728904008093e-04,-1.884505368822e-02,0.000000000000e+00,1.848835274089e+03,2.049456196053e+03,0.000000000000e+00,0.000000000000e+00,0.000000000000e+00,0.000000000000e+00,8.888912550558e-04,9.688914680108e-02,2.727856855190e+02,2.581688537598e+02,0.000000000000e+00,4.732018831597e-01,1.848835274089e+03,5.550277365541e+04,1.090000000000e+02
3.219000000000e+03,1.033686079727e+08,1.068937452427e+03,4.550585531001e+05,3.260325532144e-01,2.307078125049e+02,-1.873282271036e-04,-2.041877675429e-02,0.000000000000e+00,2.059332249968e+03,2.221809961532e+03,0.000000000000e+00,0.000000000000e+00,0.000000000000e+00,0.000000000000e+00,8.708985948433e-04,9.492794683792e-02,2.727865770785e+02,2.584033508301e+02,0.000000000000e+00,4.776771381973e-01,2.059332249968e+03,5.550277610748e+04,1.090000000000e+02
3.220000000000e+03,1.033663196968e+08,1.218969725206e+03,4.614148373476e+05,3.283907973111e-01,2.322505998419e+02,-1.983465441765e-04,-2.161977331524e-02,0.000000000000e+00,2.138244372373e+03,2.288276645153e+03,0.000000000000e+00,0.000000000000e+00,0.000000000000e+00,0.000000000000e+00,8.523434154230e-04,9.290543228111e-02,2.727778470491e+02,2.589501037598e+02,0.000000000000e+00,4.817277180585e-01,2.138244372373e+03,5.550275224692e+04,1.090000000000e+02
3.221000000000e+03,1.033640057504e+08,1.372936749435e+03,4.700547562397e+05,3.327976873514e-01,2.334666853987e+02,-1.908529876982e-04,-2.080297565911e-02,0.000000000000e+00,2.159982385858e+03,2.313949410087e+03,0.000000000000e+00,0.000000000000e+00,0.000000000000e+00,0.000000000000e+00,1.237350817211e-03,1.348712390760e-01,2.727590904157e+02,2.585108337402e+02,0.000000000000e+00,4.872232694706e-01,2.159982385858e+03,5.550270066287e+04,1.090000000000e+02
3.222000000000e+03,1.033618322290e+08,1.557071016366e+03,4.791386451056e+05,3.375619846192e-01,2.346197432653e+02,-1.868139442153e-04,-2.036271991946e-02,0.000000000000e+00,1.989389684663e+03,2.173523951594e+03,0.000000000000e+00,0.000000000000e+00,0.000000000000e+00,0.000000000000e+00,1.314721799879e-03,1.433046761868e-01,2.727581192157e+02,2.590639648437e+02,0.000000000000e+00,4.900701456280e-01,1.989389684663e+03,5.550269720810e+04,1.090000000000e+02
3.223000000000e+03,1.033599314704e+08,1.886516948592e+03,4.859479362578e+05,3.403068112036e-01,2.360350994256e+02,-1.804698996769e-04,-1.967121906478e-02,0.000000000000e+00,1.571309125069e+03,1.900755057294e+03,0.000000000000e+00,0.000000000000e+00,0.000000000000e+00,0.000000000000e+00,9.451673749995e-04,1.030232438749e-01,2.727341555705e+02,2.579129638672e+02,0.000000000000e+00,4.923622107219e-01,1.571309125069e+03,5.550263069099e+04,1.090000000000e+02
3.224000000000e+03,1.033578835750e+08,2.159384321189e+03,4.916668216803e+05,3.421181266197e-01,2.375487199098e+02,-1.593881015682e-04,-1.737330307094e-02,0.000000000000e+00,1.775027956537e+03,2.047895329132e+03,0.000000000000e+00,0.000000000000e+00,0.000000000000e+00,0.000000000000e+00,7.859735392568e-04,8.567111577899e-02,2.727198539453e+02,2.584201660156e+02,0.000000000000e+00,4.957232130946e-01,1.775027956537e+03,5.550259064360e+04,1.090000000000e+02
3.225000000000e+03,1.033557908274e+08,2.417921462210e+03,4.974935313857e+05,3.440515211156e-01,2.390133749718e+02,-1.453831346670e-04,-1.584676167871e-02,0.000000000000e+00,1.834209632208e+03,2.092746773228e+03,0.000000000000e+00,0.000000000000e+00,0.000000000000e+00,0.000000000000e+00,8.178029161668e-04,8.914051786218e-02,2.727062503327e+02,2.589536132812e+02,0.000000000000e+00,5.006469879247e-01,1.834209632208e+03,5.550255231217e+04,1.090000000000e+02
3.226000000000e+03,1.033536772378e+08,2.673512061492e+03,5.040913075932e+05,3.466703986237e-01,2.403538419735e+02,-1.608691964556e-04,-1.753474241366e-02,0.000000000000e+00,1.857999648875e+03,2.113590248156e+03,0.000000000000e+00,0.000000000000e+00,0.000000000000e+00,0.000000000000e+00,9.297704411085e-04,1.013449780808e-01,2.726926133037e+02,2.585171508789e+02,0.000000000000e+00,5.050602996753e-01,1.857999648875e+03,5.550251365513e+04,1.090000000000e+02
3.227000000000e+03,1.033516992056e+08,3.105196488865e+03,5.104049262890e+05,3.490507223320e-01,2.417049383870e+02,-1.619958333524e-04,-1.765754583541e-02,0.000000000000e+00,1.546346897953e+03,1.978031325328e+03,0.000000000000e+00,0.000000000000e+00,0.000000000000e+00,0.000000000000e+00,8.817253214228e-04,9.610806003508e-02,2.726696877543e+02,2.571536254883e+02,0.000000000000e+00,5.082024854691e-01,1.546346897953e+03,5.550244715977e+04,1.090000000000e+02
3.228000000000e+03,1.033497078868e+08,3.535398512701e+03,5.165169043953e+05,3.512900144720e-01,2.430406566701e+02,-1.343023482399e-04,-1.463895595815e-02,0.000000000000e+00,1.561114707357e+03,1.991316731193e+03,0.000000000000e+00,0.000000000000e+00,0.000000000000e+00,0.000000000000e+00,8.761634028965e-04,9.550181091571e-02,2.726288410379e+02,2.567618103027e+02,0.000000000000e+00,5.130615565572e-01,1.561114707357e+03,5.550232880200e+04,1.090000000000e+02
3.229000000000e+03,1.033477011443e+08,3.995373991805e+03,5.226271070359e+05,3.535310210290e-01,2.443577407173e+02,-1.201371815048e-04,-1.309495278402e-02,0.000000000000e+00,1.546767287515e+03,2.006742766619e+03,0.000000000000e+00,0.000000000000e+00,0.000000000000e+00,0.000000000000e+00,8.901424798917e-04,9.702553030819e-02,2.725665970859e+02,2.555773773193e+02,0.000000000000e+00,5.176852238325e-01,1.546767287515e+03,5.550214451433e+04,1.090000000000e+02
3.230000000000e+03,1.033457353915e+08,4.575246890935e+03,5.276607474798e+05,3.548702865045e-01,2.457805382432e+02,-1.138769343676e-04,-1.241258584607e-02,0.000000000000e+00,1.385878762007e+03,1.965751661137e+03,0.000000000000e+00,0.000000000000e+00,0.000000000000e+00,0.000000000000e+00,7.182924118413e-04,7.829387289070e-02,2.725422651225e+02,2.548891906738e+02,0.000000000000e+00,5.225198438758e-01,1.385878762007e+03,5.550206937862e+04,1.090000000000e+02
3.231000000000e+03,1.033438139313e+08,5.219409372676e+03,5.318939253044e+05,3.555723034470e-01,2.472634483919e+02,-1.131729791959e-04,-1.233585473235e-02,0.000000000000e+00,1.277299183249e+03,1.921461664988e+03,0.000000000000e+00,0.000000000000e+00,0.000000000000e+00,0.000000000000e+00,5.866443297803e-04,6.394423194605e-02,2.725243538404e+02,2.553917236328e+02,0.000000000000e+00,5.272823028960e-01,1.277299183249e+03,5.550201495152e+04,1.090000000000e+02
3.232000000000e+03,1.033418714028e+08,5.785986415541e+03,5.359454746013e+05,3.561737466330e-01,2.487261656296e+02,-1.087382863943e-04,-1.185247321698e-02,0.000000000000e+00,1.375951688632e+03,1.942528731493e+03,0.000000000000e+00,0.000000000000e+00,0.000000000000e+00,0.000000000000e+00,5.609510829025e-04,6.114366803637e-02,2.725282331746e+02,2.556392517090e+02,0.000000000000e+00,5.317541925511e-01,1.375951688632e+03,5.550202680831e+04,1.090000000000e+02
3.233000000000e+03,1.033399500457e+08,6.363861297507e+03,5.404958335071e+05,3.572084762833e-01,2.501112044601e+02,-9.319351523282e-05,-1.015809316038e-02,0.000000000000e+00,1.343483231074e+03,1.921358113037e+03,0.000000000000e+00,0.000000000000e+00,0.000000000000e+00,0.000000000000e+00,6.589203397626e-04,7.182231703413e-02,2.725399170851e+02,2.564550170898e+02,0.000000000000e+00,5.351947080436e-01,1.343483231074e+03,5.550206056125e+04,1.090000000000e+02
3.234000000000e+03,1.033380988393e+08,7.070117411254e+03,5.462480258452e+05,3.592791124033e-01,2.513162679199e+02,-1.121564470399e-04,-1.222505272735e-02,0.000000000000e+00,1.144947188551e+03,1.851203302298e+03,0.000000000000e+00,0.000000000000e+00,0.000000000000e+00,0.000000000000e+00,8.386818372408e-04,9.141632025925e-02,2.725359650941e+02,2.569036560059e+02,0.000000000000e+00,5.402909762527e-01,1.144947188551e+03,5.550204871907e+04,1.090000000000e+02
3.235000000000e+03,1.033362261656e+08,7.724542764763e+03,5.530886749240e+05,3.622484497806e-01,2.523781164261e+02,-1.475664750150e-04,-1.608474577664e-02,0.000000000000e+00,1.218251022499e+03,1.872676376008e+03,0.000000000000e+00,0.000000000000e+00,0.000000000000e+00,0.000000000000e+00,9.833251449280e-04,1.071824407972e-01,2.725055274550e+02,2.563990478516e+02,0.000000000000e+00,5.443697968545e-01,1.218251022499e+03,5.550195548930e+04,1.090000000000e+02
3.236000000000e+03,1.033343619098e+08,8.431647974409e+03,5.592972196332e+05,3.646863795541e-01,2.535059489398e+02,-1.630685437941e-04,-1.777447127356e-02,0.000000000000e+00,1.157150239690e+03,1.864255449334e+03,0.000000000000e+00,0.000000000000e+00,0.000000000000e+00,0.000000000000e+00,8.635225088939e-04,9.412395346944e-02,2.724430123168e+02,2.548158111572e+02,0.000000000000e+00,5.501100702983e-01,1.157150239690e+03,5.550175987542e+04,1.090000000000e+02
3.237000000000e+03,1.033325856472e+08,9.429570761898e+03,5.649205604634e+05,3.666871188229e-01,2.546585566603e+02,-1.456195536591e-04,-1.587253134884e-02,0.000000000000e+00,7.783409244472e+02,1.776263711931e+03,0.000000000000e+00,0.000000000000e+00,0.000000000000e+00,0.000000000000e+00,7.842226828433e-04,8.548027242992e-02,2.723848595432e+02,2.542895660400e+02,0.000000000000e+00,5.554407829423e-01,7.783409244472e+02,5.550157231728e+04,1.090000000000e+02
3.238000000000e+03,1.033307857883e+08,1.030719990170e+04,5.703290909129e+05,3.685028135899e-01,2.558305719367e+02,-1.229473994712e-04,-1.340126654236e-02,0.000000000000e+00,9.222292427333e+02,1.799858382532e+03,0.000000000000e+00,0.000000000000e+00,0.000000000000e+00,0.000000000000e+00,7.713239948141e-04,8.407431543473e-02,2.723400744687e+02,2.535805053711e+02,0.000000000000e+00,5.609445148434e-01,9.222292427333e+02,5.550142649447e+04,1.090000000000e+02
3.239000000000e+03,1.033290282066e+08,1.132309996719e+04,5.752340362548e+05,3.699075678525e-01,2.570511779813e+02,-1.070232233853e-04,-1.166553134900e-02,0.000000000000e+00,7.416789444003e+02,1.757579009887e+03,0.000000000000e+00,0.000000000000e+00,0.000000000000e+00,0.000000000000e+00,7.038650144880e-04,7.672128657919e-02,2.723224245155e+02,2.533937225342e+02,0.000000000000e+00,5.662110639876e-01,7.416789444003e+02,5.550136542034e+04,1.090000000000e+02
3.240000000000e+03,1.033272819344e+08,1.229281033043e+04,5.808935317436e+05,3.719753595495e-01,2.581374817774e+02,-8.927371583553e-05,-9.730835026072e-03,0.000000000000e+00,7.765627831696e+02,1.746273146411e+03,0.000000000000e+00,0.000000000000e+00,0.000000000000e+00,0.000000000000e+00,8.463272716287e-04,9.224967260752e-02,2.723059132348e+02,2.537482757568e+02,0.000000000000e+00,5.716630924509e-01,7.765627831696e+02,5.550131099117e+04,1.090000000000e+02
3.241000000000e+03,1.033255458648e+08,1.326546422097e+04,5.865718206899e+05,3.740192372364e-01,2.592370253789e+02,-8.622542999586e-05,-9.398571869549e-03,0.000000000000e+00,7.634143230609e+02,1.736068213599e+03,0.000000000000e+00,0.000000000000e+00,0.000000000000e+00,0.000000000000e+00,8.526179816634e-04,9.293536000131e-02,2.722671811052e+02,2.536108703613e+02,0.000000000000e+00,5.769137183077e-01,7.634143230609e+02,5.550117820296e+04,1.090000000000e+02
3.242000000000e+03,1.033238513075e+08,1.439969621537e+04,5.908548026359e+05,3.749745370430e-01,2.604654449218e+02,-1.034780615912e-04,-1.127910871344e-02,0.000000000000e+00,5.603257597267e+02,1.694557754135e+03,0.000000000000e+00,0.000000000000e+00,0.000000000000e+00,0.000000000000e+00,6.047842229900e-04,6.592148030591e-02,2.722177317483e+02,2.532135467529e+02,0.000000000000e+00,5.833420981180e-01,5.603257597267e+02,5.550101008653e+04,1.090000000000e+02
3.243000000000e+03,1.033221528527e+08,1.541542644860e+04,5.952694217192e+05,3.760835606827e-01,2.616379919048e+02,-1.171234885892e-04,-1.276646025623e-02,0.000000000000e+00,6.827294821395e+02,1.698459715363e+03,0.000000000000e+00,0.000000000000e+00,0.000000000000e+00,0.000000000000e+00,6.127146811906e-04,6.678590024978e-02,2.722016293013e+02,2.543534698486e+02,0.000000000000e+00,5.889813231894e-01,6.827294821395e+02,5.550095513010e+04,1.090000000000e+02
3.244000000000e+03,1.033205201054e+08,1.658396273258e+04,6.003687094989e+05,3.777094947557e-01,2.627429587447e+02,-1.239012907031e-04,-1.350524068664e-02,0.000000000000e+00,4.642128959740e+02,1.632749179961e+03,0.000000000000e+00,0.000000000000e+00,0.000000000000e+00,0.000000000000e+00,7.188625849766e-04,7.835602176245e-02,2.722274876245e+02,2.540127410889e+02,0.000000000000e+00,5.948086019610e-01,4.642128959740e+02,5.550104121782e+04,1.090000000000e+02
3.245000000000e+03,1.033188825898e+08,1.764576561747e+04,6.054862042707e+05,3.794061829407e-01,2.637979249511e+02,-1.432141286914e-04,-1.561034002736e-02,0.000000000000e+00,5.757148497759e+02,1.637517734659e+03,0.000000000000e+00,0.000000000000e+00,0.000000000000e+00,0.000000000000e+00,7.028368685601e-04,7.660921867305e-02,2.722065602304e+02,2.534426269531e+02,0.000000000000e+00,5.998709602640e-01,5.757148497759e+02,5.550096978164e+04,1.090000000000e+02
3.246000000000e+03,1.033172658117e+08,1.887964419823e+04,6.114086196455e+05,3.816979499964e-01,2.647797972564e+02,-1.498446245453e-04,-1.633306407543e-02,0.000000000000e+00,3.829009860255e+02,1.616779566784e+03,0.000000000000e+00,0.000000000000e+00,0.000000000000e+00,0.000000000000e+00,8.295816798118e-04,9.042440309948e-02,2.721503915615e+02,2.525922546387e+02,0.000000000000e+00,6.068803120688e-01,3.829009860255e+02,5.550077044734e+04,1.090000000000e+02
3.247000000000e+03,1.033156518565e+08,2.015902673496e+04,6.175349977478e+05,3.842003093105e-01,2.656919739991e+02,-1.287236041138e-04,-1.403087284840e-02,0.000000000000e+00,3.345739975044e+02,1.613956534238e+03,0.000000000000e+00,0.000000000000e+00,0.000000000000e+00,0.000000000000e+00,8.843063843154e-04,9.638939589038e-02,2.720992391658e+02,2.525356140137e+02,0.000000000000e+00,6.142488083959e-01,3.345739975044e+02,5.550058810014e+04,1.090000000000e+02
3.248000000000e+03,1.033140500548e+08,2.148711930704e+04,6.230957237415e+05,3.862107500206e-01,2.666897360927e+02,-1.091102280252e-04,-1.189301485475e-02,0.000000000000e+00,2.737087196402e+02,1.601801291724e+03,0.000000000000e+00,0.000000000000e+00,0.000000000000e+00,0.000000000000e+00,8.103939739305e-04,8.833294315843e-02,2.720541957558e+02,2.526210479736e+02,0.000000000000e+00,6.213995233853e-01,2.737087196402e+02,5.550042302311e+04,1.090000000000e+02
3.249000000000e+03,1.033124695312e+08,2.278652929447e+04,6.278453399702e+05,3.876182747512e-01,2.677470298704e+02,-1.029706430802e-04,-1.122380009574e-02,0.000000000000e+00,2.811138752174e+02,1.580523862649e+03,0.000000000000e+00,0.000000000000e+00,0.000000000000e+00,0.000000000000e+00,6.822335033633e-04,7.436345186660e-02,2.720432536439e+02,2.526845245361e+02,0.000000000000e+00,6.278573384009e-01,2.811138752174e+02,5.550038250656e+04,1.090000000000e+02
3.250000000000e+03,1.033109162800e+08,2.397510400551e+04,6.322014611926e+05,3.887222317378e-01,2.688389158037e+02,-1.071238977689e-04,-1.167650485681e-02,0.000000000000e+00,3.646762966225e+02,1.553251007659e+03,0.000000000000e+00,0.000000000000e+00,0.000000000000e+00,0.000000000000e+00,6.128947010172e-04,6.680552241088e-02,2.720510695426e+02,2.531290130615e+02,0.000000000000e+00,6.358419740002e-01,3.646762966225e+02,5.550041256921e+04,1.090000000000e+02
3.251000000000e+03,1.033094074756e+08,2.526745094844e+04,6.368386703284e+05,3.900826084172e-01,2.698670342226e+02,-1.178779966122e-04,-1.284870163073e-02,0.000000000000e+00,2.164581798807e+02,1.508805122811e+03,0.000000000000e+00,0.000000000000e+00,0.000000000000e+00,0.000000000000e+00,6.488924996352e-04,7.072928246023e-02,2.720181648445e+02,2.527994995117e+02,0.000000000000e+00,6.424370398696e-01,2.164581798807e+02,5.550029061113e+04,1.090000000000e+02
3.252000000000e+03,1.033079047307e+08,2.651152800111e+04,6.417757727938e+05,3.916854639026e-01,2.708473626651e+02,-1.232303728217e-04,-1.343211063756e-02,0.000000000000e+00,2.586676880049e+02,1.502744740679e+03,0.000000000000e+00,0.000000000000e+00,0.000000000000e+00,0.000000000000e+00,6.933046675659e-04,7.557020876468e-02,2.719588303543e+02,2.526025085449e+02,0.000000000000e+00,6.498113648910e-01,2.586676880049e+02,5.550006998798e+04,1.090000000000e+02
3.253000000000e+03,1.033064841525e+08,2.775809548716e+04,6.469356058959e+05,3.934714462635e-01,2.717862577617e+02,-1.319977231164e-04,-1.438775181968e-02,0.000000000000e+00,1.740115450188e+02,1.420579031062e+03,0.000000000000e+00,0.000000000000e+00,0.000000000000e+00,0.000000000000e+00,7.211568035490e-04,7.860609158684e-02,2.719286930627e+02,2.523730163574e+02,0.000000000000e+00,6.561070183505e-01,1.740115450188e+02,5.549995602040e+04,1.090000000000e+02
3.254000000000e+03,1.033050625512e+08,2.899960923813e+04,6.518181123562e+05,3.950045515122e-01,2.727746557896e+02,-1.260967257571e-04,-1.374454310753e-02,0.000000000000e+00,1.800879637268e+02,1.421601714698e+03,0.000000000000e+00,0.000000000000e+00,0.000000000000e+00,0.000000000000e+00,6.809998705356e-04,7.422898588838e-02,2.719284643863e+02,2.532419433594e+02,0.000000000000e+00,6.632518261754e-01,1.800879637268e+02,5.549995476404e+04,1.090000000000e+02
3.255000000000e+03,1.033036481310e+08,3.024704542485e+04,6.564267196744e+05,3.963742948681e-01,2.737555887864e+02,-1.006653587066e-04,-1.097252409902e-02,0.000000000000e+00,1.669843516894e+02,1.414420538407e+03,0.000000000000e+00,0.000000000000e+00,0.000000000000e+00,0.000000000000e+00,6.617800536151e-04,7.213402584404e-02,2.718452050989e+02,2.523300018311e+02,0.000000000000e+00,6.711563895051e-01,1.669843516894e+02,5.549963374521e+04,1.090000000000e+02
3.256000000000e+03,1.033022929735e+08,3.144996426014e+04,6.607944186294e+05,3.975741731319e-01,2.747464608136e+02,-8.935361400279e-05,-9.739543926305e-03,0.000000000000e+00,1.522367128798e+02,1.355155548171e+03,0.000000000000e+00,0.000000000000e+00,0.000000000000e+00,0.000000000000e+00,6.330647189089e-04,6.900405436107e-02,2.717907749474e+02,2.516966857910e+02,0.000000000000e+00,6.784508122802e-01,1.522367128798e+02,5.549942182292e+04,1.090000000000e+02
3.257000000000e+03,1.033009271771e+08,3.265564370427e+04,6.653179517001e+05,3.988821858683e-01,2.757203948607e+02,-1.079946762072e-04,-1.177141970659e-02,0.000000000000e+00,1.601178429392e+02,1.365797287074e+03,0.000000000000e+00,0.000000000000e+00,0.000000000000e+00,0.000000000000e+00,6.398591510348e-04,6.974464746280e-02,2.717790990441e+02,2.519540557861e+02,0.000000000000e+00,6.870301355485e-01,1.601178429392e+02,5.549937493913e+04,1.090000000000e+02
3.258000000000e+03,1.032995692102e+08,3.385185117446e+04,6.693340486303e+05,3.998304853329e-01,2.767273597405e+02,-1.152740623410e-04,-1.256487279517e-02,0.000000000000e+00,1.617586489311e+02,1.357966119119e+03,0.000000000000e+00,0.000000000000e+00,0.000000000000e+00,0.000000000000e+00,5.488039413114e-04,5.981962960294e-02,2.717544385659e+02,2.524174652100e+02,0.000000000000e+00,6.962865499661e-01,1.617586489311e+02,5.549927578953e+04,1.090000000000e+02
3.259000000000e+03,1.032982274634e+08,3.501964475935e+04,6.738857248816e+05,4.011892456629e-01,2.776649119941e+02,-1.228616434633e-04,-1.339191913750e-02,0.000000000000e+00,1.739531529579e+02,1.341746737853e+03,0.000000000000e+00,0.000000000000e+00,0.000000000000e+00,0.000000000000e+00,6.292781757410e-04,6.859132115577e-02,2.717889710823e+02,2.536688690186e+02,0.000000000000e+00,7.040236846097e-01,1.739531529579e+02,5.549941307585e+04,1.090000000000e+02
3.260000000000e+03,1.032969063431e+08,3.615337077855e+04,6.797842419300e+05,4.035801600593e-01,2.784357225582e+02,-1.485605527000e-04,-1.619310024430e-02,0.000000000000e+00,1.873943441003e+02,1.321120363297e+03,0.000000000000e+00,0.000000000000e+00,0.000000000000e+00,0.000000000000e+00,8.263945029272e-04,9.007700081907e-02,2.718011733486e+02,2.541053009033e+02,0.000000000000e+00,7.122683829358e-01,1.873943441003e+02,5.549946117632e+04,1.090000000000e+02
3.261000000000e+03,1.032955999339e+08,3.727532095542e+04,6.855676630823e+05,4.058369652483e-01,2.792432958777e+02,-1.386197673093e-04,-1.510955463672e-02,0.000000000000e+00,1.844595788980e+02,1.306409755768e+03,0.000000000000e+00,0.000000000000e+00,0.000000000000e+00,0.000000000000e+00,8.174962897575e-04,8.910709558356e-02,2.717900778154e+02,2.542877807617e+02,0.000000000000e+00,7.219682894501e-01,1.844595788980e+02,5.549941687157e+04,1.090000000000e+02
3.262000000000e+03,1.032943115505e+08,3.837583284589e+04,6.903277968429e+05,4.073331508121e-01,2.801492188461e+02,-1.109871289525e-04,-1.209759705582e-02,0.000000000000e+00,1.878716614648e+02,1.288383551931e+03,0.000000000000e+00,0.000000000000e+00,0.000000000000e+00,0.000000000000e+00,6.758210159527e-04,7.366449073885e-02,2.717978415498e+02,2.553469085693e+02,0.000000000000e+00,7.310770538889e-01,1.878716614648e+02,5.549944722687e+04,1.090000000000e+02
3.263000000000e+03,1.032930383849e+08,3.946806255098e+04,6.941777642105e+05,4.081973149182e-01,2.811160983975e+02,-1.095922734321e-04,-1.194555780409e-02,0.000000000000e+00,1.809363878773e+02,1.273166092973e+03,0.000000000000e+00,0.000000000000e+00,0.000000000000e+00,0.000000000000e+00,5.271783732496e-04,5.746244268420e-02,2.717551850600e+02,2.539951934814e+02,0.000000000000e+00,7.402460083078e-01,1.809363878773e+02,5.549927675961e+04,1.090000000000e+02
3.264000000000e+03,1.032917748732e+08,4.057035289302e+04,6.981539002259e+05,4.091724768058e-01,2.820538016973e+02,-1.108975782886e-04,-1.208783603346e-02,0.000000000000e+00,1.612215793443e+02,1.263511921383e+03,0.000000000000e+00,0.000000000000e+00,0.000000000000e+00,0.000000000000e+00,5.469164524335e-04,5.961389331525e-02,2.716915603232e+02,2.536811370850e+02,0.000000000000e+00,7.507303998304e-01,1.612215793443e+02,5.549901815861e+04,1.090000000000e+02
3.265000000000e+03,1.032905244819e+08,4.167144586387e+04,7.025847183033e+05,4.104720554254e-01,2.829463723935e+02,-1.043201390634e-04,-1.137089515791e-02,0.000000000000e+00,1.492981620730e+02,1.250391132927e+03,0.000000000000e+00,0.000000000000e+00,0.000000000000e+00,0.000000000000e+00,6.286044361812e-04,6.851788354376e-02,2.716357934477e+02,2.542044982910e+02,0.000000000000e+00,7.596068125675e-01,1.492981620730e+02,5.549878703516e+04,1.090000000000e+02
3.266000000000e+03,1.032892863347e+08,4.277670960816e+04,7.077483508053e+05,4.123304716658e-01,2.837430293118e+02,-1.014042172418e-04,-1.105305967936e-02,0.000000000000e+00,1.328834182095e+02,1.238147162492e+03,0.000000000000e+00,0.000000000000e+00,0.000000000000e+00,0.000000000000e+00,7.529123027518e-04,8.206744099994e-02,2.715534898294e+02,2.526791687012e+02,0.000000000000e+00,7.699382498703e-01,1.328834182095e+02,5.549843911206e+04,1.090000000000e+02
3.267000000000e+03,1.032880531060e+08,4.391175454979e+04,7.123123959267e+05,4.137382482149e-01,2.846045599959e+02,-8.917591373138e-05,-9.720174596720e-03,0.000000000000e+00,9.818314792669e+01,1.233228089559e+03,0.000000000000e+00,0.000000000000e+00,0.000000000000e+00,0.000000000000e+00,6.667169508725e-04,7.267214764510e-02,2.714003984651e+02,2.513524322510e+02,0.000000000000e+00,7.828879323424e-01,9.818314792669e+01,5.549776953172e+04,1.090000000000e+02
3.268000000000e+03,1.032868252073e+08,4.506856295888e+04,7.153279338910e+05,4.140444638422e-01,2.856008729019e+02,-7.631996980691e-05,-8.318876708953e-03,0.000000000000e+00,7.108992491538e+01,1.227898334003e+03,0.000000000000e+00,0.000000000000e+00,0.000000000000e+00,0.000000000000e+00,4.233455149383e-04,4.614466112828e-02,2.712800522326e+02,2.503384704590e+02,0.000000000000e+00,7.956387947352e-01,7.108992491538e+01,5.549722158281e+04,1.090000000000e+02
3.269000000000e+03,1.032856219402e+08,4.619111756540e+04,7.189260686044e+05,4.147603681472e-01,2.865416410879e+02,-9.254565949933e-05,-1.008747688543e-02,0.000000000000e+00,8.071257839525e+01,1.203267184917e+03,0.000000000000e+00,0.000000000000e+00,0.000000000000e+00,0.000000000000e+00,5.021076835771e-04,5.472973750990e-02,2.712963547248e+02,2.508208923340e+02,0.000000000000e+00,8.085687137160e-01,8.071257839525e+01,5.549729534318e+04,1.090000000000e+02
3.270000000000e+03,1.032844540375e+08,4.725108788121e+04,7.238762270664e+05,4.164900540330e-01,2.873150586141e+02,-1.151628412606e-04,-1.255274969741e-02,0.000000000000e+00,1.079342335875e+02,1.167904549394e+03,0.000000000000e+00,0.000000000000e+00,0.000000000000e+00,0.000000000000e+00,7.025832983323e-04,7.658157951822e-02,2.713543539751e+02,2.522371978760e+02,0.000000000000e+00,8.209064903669e-01,1.079342335875e+02,5.549755929658e+04,1.090000000000e+02
3.271000000000e+03,1.032833230474e+08,4.824986065241e+04,7.290785955391e+05,4.183788590370e-01,2.880717296629e+02,-1.133977634880e-04,-1.236035622019e-02,0.000000000000e+00,1.322179457925e+02,1.130990716992e+03,0.000000000000e+00,0.000000000000e+00,0.000000000000e+00,0.000000000000e+00,7.458577896516e-04,8.129849907202e-02,2.714314220862e+02,2.537629241943e+02,0.000000000000e+00,8.317460270919e-01,1.322179457925e+02,5.549790391219e+04,1.090000000000e+02
3.272000000000e+03,1.032822265406e+08,4.919987299002e+04,7.341768785674e+05,4.202078282742e-01,2.888224396755e+02,-1.085883711271e-04,-1.183613245285e-02,0.000000000000e+00,1.464939399406e+02,1.096506277560e+03,0.000000000000e+00,0.000000000000e+00,0.000000000000e+00,0.000000000000e+00,7.337381076582e-04,7.997745373474e-02,2.714798796134e+02,2.542690124512e+02,0.000000000000e+00,8.420988164117e-01,1.464939399406e+02,5.549811686085e+04,1.090000000000e+02
3.273000000000e+03,1.032811565198e+08,5.012958397785e+04,7.404059210421e+05,4.228818891708e-01,2.894314834350e+02,-1.297466965172e-04,-1.414238992038e-02,0.000000000000e+00,1.403096868566e+02,1.070020674679e+03,0.000000000000e+00,0.000000000000e+00,0.000000000000e+00,0.000000000000e+00,9.001344750335e-04,9.811465777866e-02,2.714625155111e+02,2.540317077637e+02,0.000000000000e+00,8.544115763384e-01,1.403096868566e+02,5.549804101419e+04,1.090000000000e+02
3.274000000000e+03,1.032801097804e+08,5.104661630562e+04,7.463599482695e+05,4.252981103543e-01,2.901019047068e+02,-1.288347922917e-04,-1.404299235980e-02,0.000000000000e+00,1.297080016937e+02,1.046740329467e+03,0.000000000000e+00,0.000000000000e+00,0.000000000000e+00,0.000000000000e+00,8.556231556473e-04,9.326292396555e-02,2.714415491202e+02,2.541607360840e+02,0.000000000000e+00,8.639531862914e-01,1.297080016937e+02,5.549794877444e+04,1.090000000000e+02
3.275000000000e+03,1.032790852442e+08,5.195540483836e+04,7.518964206146e+05,4.274894961930e-01,2.907572306984e+02,-1.216652279389e-04,-1.326150984534e-02,0.000000000000e+00,1.157479357299e+02,1.024536468473e+03,0.000000000000e+00,0.000000000000e+00,0.000000000000e+00,0.000000000000e+00,7.942033698820e-04,8.656816731714e-02,2.713774143632e+02,2.529650726318e+02,0.000000000000e+00,8.743142584791e-01,1.157479357299e+02,5.549766319998e+04,1.090000000000e+02
3.276000000000e+03,1.032780456657e+08,5.289831208057e+04,7.574118375008e+05,4.295599211731e-01,2.914796905397e+02,-1.196129572251e-04,-1.303781233753e-02,0.000000000000e+00,9.667077840158e+01,1.039578020612e+03,0.000000000000e+00,0.000000000000e+00,0.000000000000e+00,0.000000000000e+00,7.927161749334e-04,8.640606306774e-02,2.713203545340e+02,2.524856262207e+02,0.000000000000e+00,8.843859400156e-01,9.667077840158e+01,5.549740787586e+04,1.090000000000e+02
3.277000000000e+03,1.032770279781e+08,5.382644829879e+04,7.624371914257e+05,4.313238558884e-01,2.922144691007e+02,-1.112967907166e-04,-1.213135018811e-02,0.000000000000e+00,8.955235907168e+01,1.017688577284e+03,0.000000000000e+00,0.000000000000e+00,0.000000000000e+00,0.000000000000e+00,7.197803175175e-04,7.845605460941e-02,2.712882363854e+02,2.527892150879e+02,0.000000000000e+00,8.943001698227e-01,8.955235907168e+01,5.549726150432e+04,1.090000000000e+02
3.278000000000e+03,1.032760351847e+08,5.474089093945e+04,7.673519961310e+05,4.330668487309e-01,2.929160957608e+02,-1.080908290164e-04,-1.178190036279e-02,0.000000000000e+00,7.835052506718e+01,9.927931657363e+02,0.000000000000e+00,0.000000000000e+00,0.000000000000e+00,0.000000000000e+00,7.050883860738e-04,7.685463408205e-02,2.712217293465e+02,2.516610565186e+02,0.000000000000e+00,9.042774595420e-01,7.835052506718e+01,5.549695288842e+04,1.090000000000e+02
3.279000000000e+03,1.032750625111e+08,5.564458946381e+04,7.713946296282e+05,4.341030836884e-01,2.937578277696e+02,-1.070193866302e-04,-1.166511314269e-02,0.000000000000e+00,6.897369812564e+01,9.726722224809e+02,0.000000000000e+00,0.000000000000e+00,0.000000000000e+00,0.000000000000e+00,5.619062345739e-04,6.124777956856e-02,2.711636666575e+02,2.513882751465e+02,0.000000000000e+00,9.130580103538e-01,6.897369812564e+01,5.549667860572e+04,1.090000000000e+02
3.280000000000e+03,1.032741087823e+08,5.653201966144e+04,7.747096016525e+05,4.346505355293e-01,2.946497077654e+02,-1.021567090968e-04,-1.113508129155e-02,0.000000000000e+00,6.629573677552e+01,9.537259344058e+02,0.000000000000e+00,0.000000000000e+00,0.000000000000e+00,0.000000000000e+00,4.463132293860e-04,4.864814200307e-02,2.711216497112e+02,2.516314849854e+02,0.000000000000e+00,9.200246990516e-01,6.629573677552e+01,5.549647724379e+04,1.090000000000e+02
3.281000000000e+03,1.032731733440e+08,5.740184626582e+04,7.777485174171e+05,4.350334175491e-01,2.955458041058e+02,-1.092076630963e-04,-1.190363527750e-02,0.000000000000e+00,6.560785314774e+01,9.354344575233e+02,0.000000000000e+00,0.000000000000e+00,0.000000000000e+00,0.000000000000e+00,3.934365215822e-04,4.288458085246e-02,2.710973783501e+02,2.525847625732e+02,0.000000000000e+00,9.300446927234e-01,6.560785314774e+01,5.549635976871e+04,1.090000000000e+02
3.282000000000e+03,1.032722556855e+08,5.825253328699e+04,7.817063327244e+05,4.360984753462e-01,2.963244264626e+02,-1.235680093293e-04,-1.346891301689e-02,0.000000000000e+00,6.696747824110e+01,9.176544994193e+02,0.000000000000e+00,0.000000000000e+00,0.000000000000e+00,0.000000000000e+00,5.307568170986e-04,5.785249306375e-02,2.710932896781e+02,2.525290985107e+02,0.000000000000e+00,9.349451941079e-01,6.696747824110e+01,5.549633985537e+04,1.090000000000e+02
3.283000000000e+03,1.032713551420e+08,5.908679631657e+04,7.868540898429e+05,4.380479908442e-01,2.969488872665e+02,-1.343109111505e-04,-1.463988931540e-02,0.000000000000e+00,6.627791839579e+01,9.005409479720e+02,0.000000000000e+00,0.000000000000e+00,0.000000000000e+00,0.000000000000e+00,7.169205348889e-04,7.814433830289e-02,2.710725770979e+02,2.516068267822e+02,0.000000000000e+00,9.422491319836e-01,6.627791839579e+01,5.549623909261e+04,1.090000000000e+02
3.284000000000e+03,1.032704682765e+08,5.991296308323e+04,7.925198112885e+05,4.402285114325e-01,2.976070459979e+02,-1.198295275682e-04,-1.306141850493e-02,0.000000000000e+00,6.069771433434e+01,8.868644809935e+02,0.000000000000e+00,0.000000000000e+00,0.000000000000e+00,0.000000000000e+00,8.174142894541e-04,8.909815755050e-02,2.710193177922e+02,2.512489471436e+02,0.000000000000e+00,9.500861802273e-01,6.069771433434e+01,5.549597729356e+04,1.090000000000e+02
3.285000000000e+03,1.032695941024e+08,6.073076104946e+04,7.984638168689e+05,4.426949768491e-01,2.981698060007e+02,-1.049150258662e-04,-1.143573781941e-02,0.000000000000e+00,5.637560503691e+01,8.741735712655e+02,0.000000000000e+00,0.000000000000e+00,0.000000000000e+00,0.000000000000e+00,8.782517369355e-04,9.572943932596e-02,2.709742274426e+02,2.512489471436e+02,0.000000000000e+00,9.574666059340e-01,5.637560503691e+01,5.549575254364e+04,1.090000000000e+02
