# Observation File: observation_2D.dat column names:
# -----------------------------------------------------------------------------
# Observation Name: time [d]
# -----------------------------------------------------------------------------
# Observation Name: water content [mol]
# Region: subsurface domain
# Reduction: extensive integral
# Variable: water_content
# Number of Vectors: 1
# -----------------------------------------------------------------------------
# Observation Name: surface water content [mol]
# Region: surface domain
# Reduction: extensive integral
# Variable: surface-water_content
# Number of Vectors: 1
# -----------------------------------------------------------------------------
# Observation Name: snow water content [mol]
# Region: surface domain
# Reduction: extensive integral
# Variable: snow-water_content
# Number of Vectors: 1
# -----------------------------------------------------------------------------
# Observation Name: snow depth [m]
# Region: surface domain
# Reduction: average
# Variable: snow-depth
# Number of Vectors: 1
# -----------------------------------------------------------------------------
# Observation Name: snow density [kg/m^3]
# Region: surface domain
# Reduction: average
# Variable: snow-density
# Number of Vectors: 1
# -----------------------------------------------------------------------------
# Observation Name: evaporation rate [m/d]
# Region: surface domain
# Reduction: average
# Variable: surface-evaporative_flux
# Number of Vectors: 1
# -----------------------------------------------------------------------------
# Observation Name: evaporation cumulation [m3/d]
# Region: surface domain
# Reduction: integral
# Variable: surface-evaporative_flux
# Number of Vectors: 1
# -----------------------------------------------------------------------------
# Observation Name: subsurface evaporation cumulation [m3/d]
# Region: surface domain
# Reduction: integral
# Variable: surface-subsurface_evaporative_flux
# Number of Vectors: 1
# -----------------------------------------------------------------------------
# Observation Name: discharge cumulation [mol/d]
# Region: surface outlet
# Reduction: extensive integral
# Variable: surface-water_flux
# Number of Vectors: 1
# -----------------------------------------------------------------------------
# Observation Name: surface-subsurface exchange cumulation [mol/d]
# Region: surface domain
# Reduction: extensive integral
# Variable: surface-surface_subsurface_flux
# Number of Vectors: 1
# -----------------------------------------------------------------------------
# Observation Name: snowmelt rate [m/d]
# Region: surface domain
# Reduction: average
# Variable: snow-melt
# Number of Vectors: 1
# -----------------------------------------------------------------------------
# Observation Name: snowmelt cumulation [m3/d]
# Region: surface domain
# Reduction: integral
# Variable: snow-melt
# Number of Vectors: 1
# -----------------------------------------------------------------------------
# Observation Name: rain [m/d]
# Region: surface domain
# Reduction: average
# Variable: surface-precipitation_rain
# Number of Vectors: 1
# -----------------------------------------------------------------------------
# Observation Name: rain cumulation [m3/d]
# Region: surface domain
# Reduction: integral
# Variable: surface-precipitation_rain
# Number of Vectors: 1
# -----------------------------------------------------------------------------
# Observation Name: snow [mSWE/d]
# Region: surface domain
# Reduction: average
# Variable: snow-precipitation
# Number of Vectors: 1
# -----------------------------------------------------------------------------
# Observation Name: snow cumulation [m3SWE/d]
# Region: surface domain
# Reduction: integral
# Variable: snow-precipitation
# Number of Vectors: 1
# -----------------------------------------------------------------------------
# Observation Name: surface temperature [K]
# Region: surface domain
# Reduction: average
# Variable: surface-temperature
# Number of Vectors: 1
# -----------------------------------------------------------------------------
# Observation Name: air temperature [K]
# Region: surface domain
# Reduction: average
# Variable: surface-air_temperature
# Number of Vectors: 1
# -----------------------------------------------------------------------------
# Observation Name: thaw depth [m]
# Region: surface domain
# Reduction: average
# Variable: surface-thaw_depth
# Number of Vectors: 1
# -----------------------------------------------------------------------------
# Observation Name: water table depth [m]
# Region: surface domain
# Reduction: average
# Variable: surface-water_table
# Number of Vectors: 1
# -----------------------------------------------------------------------------
# Observation Name: net runoff [mol/d]
# Region: surface outlet
# Reduction: extensive integral
# Variable: surface-water_flux
# Number of Vectors: 1
# -----------------------------------------------------------------------------
# Observation Name: molar density liquid [mol m^-3]
# Region: surface domain
# Reduction: average
# Variable: surface-molar_density_liquid
# Number of Vectors: 1
# -----------------------------------------------------------------------------
# Observation Name: surface area [m^2]
# Region: surface domain
# Reduction: extensive integral
# Variable: surface-cell_volume
# Number of Vectors: 1
# =============================================================================
"time [d]","water content [mol]","surface water content [mol]","snow water content [mol]","snow depth [m]","snow density [kg/m^3]","evaporation rate [m/d]","evaporation cumulation [m3/d]","subsurface evaporation cumulation [m3/d]","discharge cumulation [mol/d]","surface-subsurface exchange cumulation [mol/d]","snowmelt rate [m/d]","snowmelt cumulation [m3/d]","rain [m/d]","rain cumulation [m3/d]","snow [mSWE/d]","snow cumulation [m3SWE/d]","surface temperature [K]","air temperature [K]","thaw depth [m]","water table depth [m]","net runoff [mol/d]","molar density liquid [mol m^-3]","surface area [m^2]"
0.000000000000e+00,1.032690698452e+08,6.115102084294e+04,7.988388776863e+05,4.428925800524e-01,2.981766801787e+02,0.000000000000e+00,0.000000000000e+00,0.000000000000e+00,0.000000000000e+00,0.000000000000e+00,0.000000000000e+00,0.000000000000e+00,0.000000000000e+00,0.000000000000e+00,0.000000000000e+00,0.000000000000e+00,2.709784391779e+02,2.519989776611e+02,0.000000000000e+00,9.519610547756e-01,0.000000000000e+00,5.549577234268e+04,1.090000000000e+02
1.000000000000e+00,1.032682020192e+08,6.195516762279e+04,8.053551510141e+05,4.457584083040e-01,2.986757979269e+02,-1.813795413335e-04,-1.977037000535e-02,0.000000000000e+00,6.367957860170e+01,8.678263584501e+02,0.000000000000e+00,0.000000000000e+00,0.000000000000e+00,0.000000000000e+00,8.956280132420e-04,9.762345344338e-02,2.709979272994e+02,2.520103759766e+02,0.000000000000e+00,9.590657826948e-01,6.367957860170e+01,5.549586926339e+04,1.090000000000e+02
2.000000000000e+00,1.032673504369e+08,6.274223098987e+04,8.113049976607e+05,4.481633736886e-01,2.992675941693e+02,-1.942894541552e-04,-2.117755050292e-02,0.000000000000e+00,6.451619972473e+01,8.515795668083e+02,0.000000000000e+00,0.000000000000e+00,0.000000000000e+00,0.000000000000e+00,7.892347300893e-04,8.602658557973e-02,2.710041757435e+02,2.526075439453e+02,0.000000000000e+00,9.655083957457e-01,6.451619972473e+01,5.549590021801e+04,1.090000000000e+02
3.000000000000e+00,1.032665142682e+08,6.351554314782e+04,8.155911472753e+05,4.494291066166e-01,3.000020268195e+02,-1.692919678974e-04,-1.845282450082e-02,0.000000000000e+00,6.285630187704e+01,8.361684598213e+02,0.000000000000e+00,0.000000000000e+00,0.000000000000e+00,0.000000000000e+00,5.395745590903e-04,5.881362694084e-02,2.709793214955e+02,2.526165313721e+02,0.000000000000e+00,9.725471770176e-01,6.285630187704e+01,5.549577622846e+04,1.090000000000e+02
4.000000000000e+00,1.032656920025e+08,6.427831653720e+04,8.203172345997e+05,4.509749257611e-01,3.007069067422e+02,-1.249195687405e-04,-1.361623299271e-02,0.000000000000e+00,5.949034464167e+01,8.222637340237e+02,0.000000000000e+00,0.000000000000e+00,0.000000000000e+00,0.000000000000e+00,6.567209343168e-04,7.158258184053e-02,2.709520242138e+02,2.526100158691e+02,0.000000000000e+00,9.795354334712e-01,5.949034464167e+01,5.549563912093e+04,1.090000000000e+02
5.000000000000e+00,1.032648808081e+08,6.504082400132e+04,8.257314925609e+05,4.530808498188e-01,3.012880469353e+02,-1.131155505689e-04,-1.232959501201e-02,0.000000000000e+00,4.868540021065e+01,8.111928643287e+02,0.000000000000e+00,0.000000000000e+00,0.000000000000e+00,0.000000000000e+00,7.834531782244e-04,8.539639642646e-02,2.708325468262e+02,2.508502655029e+02,0.000000000000e+00,9.885757936420e-01,4.868540021065e+01,5.549502744539e+04,1.090000000000e+02
6.000000000000e+00,1.032640764593e+08,6.581190198780e+04,8.311586541886e+05,4.552201505378e-01,3.018470194166e+02,-1.188666325682e-04,-1.295646294994e-02,0.000000000000e+00,3.327040582437e+01,8.043483923071e+02,0.000000000000e+00,0.000000000000e+00,0.000000000000e+00,0.000000000000e+00,7.801343903051e-04,8.503464854326e-02,2.706956588653e+02,2.500630798340e+02,0.000000000000e+00,9.974947212540e-01,3.327040582437e+01,5.549430316238e+04,1.090000000000e+02
7.000000000000e+00,1.032632807488e+08,6.657979737555e+04,8.369175019410e+05,4.574064002249e-01,3.024885109901e+02,-1.268500969262e-04,-1.382666056496e-02,0.000000000000e+00,2.781331605726e+01,7.957087038043e+02,0.000000000000e+00,0.000000000000e+00,0.000000000000e+00,0.000000000000e+00,8.264842669970e-04,9.008678510267e-02,2.706014276814e+02,2.503898010254e+02,0.000000000000e+00,1.006394924930e+00,2.781331605726e+01,5.549378920664e+04,1.090000000000e+02
8.000000000000e+00,1.032624978439e+08,6.733037084158e+04,8.412754997490e+05,4.586960602014e-01,3.032087802179e+02,-1.327713751653e-04,-1.447207989302e-02,0.000000000000e+00,3.232998358388e+01,7.829034496214e+02,0.000000000000e+00,0.000000000000e+00,0.000000000000e+00,0.000000000000e+00,5.877186184964e-04,6.406132941610e-02,2.706002618906e+02,2.510000000000e+02,0.000000000000e+00,1.012399216488e+00,3.232998358388e+01,5.549378113990e+04,1.090000000000e+02
9.000000000000e+00,1.032617306513e+08,6.806180837690e+04,8.450883329150e+05,4.597333248663e-01,3.038961056030e+02,-1.293366904645e-04,-1.409769926063e-02,0.000000000000e+00,3.575476798270e+01,7.671923033011e+02,0.000000000000e+00,0.000000000000e+00,0.000000000000e+00,0.000000000000e+00,5.011553204254e-04,5.462592992637e-02,2.705897686883e+02,2.510683288574e+02,0.000000000000e+00,1.020115935997e+00,3.575476798270e+01,5.549372169355e+04,1.090000000000e+02
1.000000000000e+01,1.032609781807e+08,6.877802315886e+04,8.493444112777e+05,4.609907264517e-01,3.045937053618e+02,-1.264185924143e-04,-1.377962657315e-02,0.000000000000e+00,3.625435346980e+01,7.524691354231e+02,0.000000000000e+00,0.000000000000e+00,0.000000000000e+00,0.000000000000e+00,5.772848881730e-04,6.292405281085e-02,2.705840725148e+02,2.517420959473e+02,0.000000000000e+00,1.027891891456e+00,3.625435346980e+01,5.549368875968e+04,1.090000000000e+02
1.100000000000e+01,1.032602389169e+08,6.948865482333e+04,8.529855526312e+05,4.617957498675e-01,3.053693604497e+02,-1.102270018645e-04,-1.201474320324e-02,0.000000000000e+00,2.863152366782e+01,7.392631881462e+02,0.000000000000e+00,0.000000000000e+00,0.000000000000e+00,0.000000000000e+00,4.931742300638e-04,5.375599107695e-02,2.704832978025e+02,2.507825164795e+02,0.000000000000e+00,1.036450110360e+00,2.863152366782e+01,5.549312318668e+04,1.090000000000e+02
1.200000000000e+01,1.032595124240e+08,7.018843756489e+04,8.565421979934e+05,4.625469951931e-01,3.061449968385e+02,-9.758551398944e-05,-1.063682102485e-02,0.000000000000e+00,2.670662791225e+01,7.264893694640e+02,0.000000000000e+00,0.000000000000e+00,0.000000000000e+00,0.000000000000e+00,4.905877395985e-04,5.347406361623e-02,2.704714152070e+02,2.513494567871e+02,0.000000000000e+00,1.043886653971e+00,2.670662791225e+01,5.549305372572e+04,1.090000000000e+02
1.300000000000e+01,1.032588035840e+08,7.086520504872e+04,8.608360319838e+05,4.638759828923e-01,3.067982597716e+02,-1.170608850575e-04,-1.275963647127e-02,0.000000000000e+00,3.207162523392e+01,7.088391090646e+02,0.000000000000e+00,0.000000000000e+00,0.000000000000e+00,0.000000000000e+00,5.928337124712e-04,6.461887465937e-02,2.704704234624e+02,2.517384948730e+02,0.000000000000e+00,1.051185968858e+00,3.207162523392e+01,5.549304492377e+04,1.090000000000e+02
1.400000000000e+01,1.032581109425e+08,7.152727124470e+04,8.655722291707e+05,4.655220995271e-01,3.073965443204e+02,-1.552402690086e-04,-1.692118932194e-02,0.000000000000e+00,3.057504759547e+01,6.926412435753e+02,0.000000000000e+00,0.000000000000e+00,0.000000000000e+00,0.000000000000e+00,6.282987143990e-04,6.848455986949e-02,2.704347842786e+02,2.516017303467e+02,0.000000000000e+00,1.058263273472e+00,3.057504759547e+01,5.549283794618e+04,1.090000000000e+02
1.500000000000e+01,1.032574346642e+08,7.217539316078e+04,8.694768461647e+05,4.665173049117e-01,3.081258807379e+02,-1.577593516370e-04,-1.719576932843e-02,0.000000000000e+00,2.815558400337e+01,6.762775000904e+02,0.000000000000e+00,0.000000000000e+00,0.000000000000e+00,0.000000000000e+00,4.884034188006e-04,5.323597264926e-02,2.703925930859e+02,2.519206085205e+02,0.000000000000e+00,1.066903347974e+00,2.815558400337e+01,5.549259045226e+04,1.090000000000e+02
1.600000000000e+01,1.032567748630e+08,7.280743570002e+04,8.731521222006e+05,4.673778173410e-01,3.088598110235e+02,-1.499354797535e-04,-1.634296729313e-02,0.000000000000e+00,2.775765966187e+01,6.598001988994e+02,0.000000000000e+00,0.000000000000e+00,0.000000000000e+00,0.000000000000e+00,4.582321473807e-04,4.994730406449e-02,2.703570553383e+02,2.518365478516e+02,0.000000000000e+00,1.073329683398e+00,2.775765966187e+01,5.549237818363e+04,1.090000000000e+02
1.700000000000e+01,1.032561308185e+08,7.342983992234e+04,8.782348040476e+05,4.692400693994e-01,3.094283096154e+02,-1.493922204321e-04,-1.628375202710e-02,0.000000000000e+00,2.163914332795e+01,6.440433656470e+02,0.000000000000e+00,0.000000000000e+00,0.000000000000e+00,0.000000000000e+00,6.925435967596e-04,7.548725204680e-02,2.702524032755e+02,2.510751037598e+02,0.000000000000e+00,1.081569375549e+00,2.163914332795e+01,5.549175225989e+04,1.090000000000e+02
1.800000000000e+01,1.032556387110e+08,7.390752683858e+04,8.835058222072e+05,4.712842474206e-01,3.099417723266e+02,-1.289425521097e-04,-1.405473817995e-02,0.000000000000e+00,1.442038966947e+01,4.921073059077e+02,0.000000000000e+00,0.000000000000e+00,0.000000000000e+00,0.000000000000e+00,7.455691783621e-04,8.126704044147e-02,2.700679444980e+02,2.503266143799e+02,0.000000000000e+00,1.087400223698e+00,1.442038966947e+01,5.549058725185e+04,1.090000000000e+02
1.900000000000e+01,1.032550864049e+08,7.444973184168e+04,8.874580930908e+05,4.723395431944e-01,3.106365770800e+02,-1.213333817956e-04,-1.322533861572e-02,0.000000000000e+00,1.010179206620e+01,5.523067951707e+02,0.000000000000e+00,0.000000000000e+00,0.000000000000e+00,0.000000000000e+00,5.339293831672e-04,5.819830276523e-02,2.699610707471e+02,2.501602478027e+02,0.000000000000e+00,1.093487554968e+00,1.010179206620e+01,5.548989560014e+04,1.090000000000e+02
2.000000000000e+01,1.032544909337e+08,7.503305492923e+04,8.904496535081e+05,4.727205958300e-01,3.114345971753e+02,-1.283566522623e-04,-1.399087509659e-02,0.000000000000e+00,1.214888624812e+01,5.954719737919e+02,0.000000000000e+00,0.000000000000e+00,0.000000000000e+00,0.000000000000e+00,3.672508349519e-04,4.003034100975e-02,2.699016986663e+02,2.511623840332e+02,0.000000000000e+00,1.101571435674e+00,1.214888624812e+01,5.548951737500e+04,1.090000000000e+02
2.100000000000e+01,1.032538745775e+08,7.563926881637e+04,8.937142381835e+05,4.733661502661e-01,3.121526825220e+02,-1.395619489111e-04,-1.521225243131e-02,0.000000000000e+00,1.014238023912e+01,6.163562673783e+02,0.000000000000e+00,0.000000000000e+00,0.000000000000e+00,0.000000000000e+00,4.014019055870e-04,4.375280770899e-02,2.698333312582e+02,2.513104553223e+02,0.000000000000e+00,1.107105799986e+00,1.014238023912e+01,5.548906079756e+04,1.090000000000e+02
2.200000000000e+01,1.032532873950e+08,7.622033882373e+04,8.977472817045e+05,4.745683691692e-01,3.127712907821e+02,-1.222931768423e-04,-1.332995627581e-02,0.000000000000e+00,6.112475758099e+00,5.871824831270e+02,0.000000000000e+00,0.000000000000e+00,0.000000000000e+00,0.000000000000e+00,5.465533262904e-04,5.957431256565e-02,2.697213276583e+02,2.510350799561e+02,0.000000000000e+00,1.114008891461e+00,6.112475758099e+00,5.548829813661e+04,1.090000000000e+02
2.300000000000e+01,1.032527232382e+08,7.678319664168e+04,9.021839200846e+05,4.760231736852e-01,3.133614401792e+02,-1.213826637306e-04,-1.323071034664e-02,0.000000000000e+00,1.298689708206e+00,5.641565076564e+02,0.000000000000e+00,0.000000000000e+00,0.000000000000e+00,0.000000000000e+00,6.145621419049e-04,6.698727346763e-02,2.695934889941e+02,2.509133758545e+02,0.000000000000e+00,1.119701048041e+00,1.298689708206e+00,5.548740557704e+04,1.090000000000e+02
2.400000000000e+01,1.032521801250e+08,7.732630990241e+04,9.072080194435e+05,4.780081838949e-01,3.138052060892e+02,-1.470757220565e-04,-1.603125370416e-02,0.000000000000e+00,0.000000000000e+00,5.431132607313e+02,0.000000000000e+00,0.000000000000e+00,0.000000000000e+00,0.000000000000e+00,6.870731033943e-04,7.489096826998e-02,2.694149872268e+02,2.503815002441e+02,0.000000000000e+00,1.123720076146e+00,0.000000000000e+00,5.548612570524e+04,1.090000000000e+02
2.500000000000e+01,1.032516548286e+08,7.785160626961e+04,9.114291411761e+05,4.792283132077e-01,3.144719691817e+02,-1.432430840550e-04,-1.561349616200e-02,0.000000000000e+00,0.000000000000e+00,5.252963671962e+02,0.000000000000e+00,0.000000000000e+00,0.000000000000e+00,0.000000000000e+00,5.591704641044e-04,6.094958058738e-02,2.691937271024e+02,2.495313720703e+02,0.000000000000e+00,1.132843345789e+00,0.000000000000e+00,5.548447897883e+04,1.090000000000e+02
2.600000000000e+01,1.032511474713e+08,7.835896354197e+04,9.148081508650e+05,4.799430073386e-01,3.151758458318e+02,-1.532009972928e-04,-1.669890870492e-02,0.000000000000e+00,0.000000000000e+00,5.073572723637e+02,0.000000000000e+00,0.000000000000e+00,0.000000000000e+00,0.000000000000e+00,4.093698328843e-04,4.462131178438e-02,2.690117948119e+02,2.494858703613e+02,0.000000000000e+00,1.135395837701e+00,0.000000000000e+00,5.548306610793e+04,1.090000000000e+02
2.700000000000e+01,1.032506603995e+08,7.884603532512e+04,9.180563128677e+05,4.805987141690e-01,3.158692962781e+02,-1.522177852657e-04,-1.659173859396e-02,0.000000000000e+00,0.000000000000e+00,4.870717831461e+02,0.000000000000e+00,0.000000000000e+00,0.000000000000e+00,0.000000000000e+00,3.877152195814e-04,4.226095893437e-02,2.688831104342e+02,2.502594757080e+02,0.000000000000e+00,1.140748197794e+00,0.000000000000e+00,5.548202934655e+04,1.090000000000e+02
2.800000000000e+01,1.032501932051e+08,7.931322973358e+04,9.215391863893e+05,4.814340460167e-01,3.165254958469e+02,-1.309756341944e-04,-1.427634412719e-02,0.000000000000e+00,0.000000000000e+00,4.671944084567e+02,0.000000000000e+00,0.000000000000e+00,0.000000000000e+00,0.000000000000e+00,4.487957739033e-04,4.891873935546e-02,2.687127472103e+02,2.504782257080e+02,0.000000000000e+00,1.143512933890e+00,0.000000000000e+00,5.548062641432e+04,1.090000000000e+02
2.900000000000e+01,1.032497434912e+08,7.976294369604e+04,9.253873400183e+05,4.825207948609e-01,3.171422764688e+02,-1.211922890424e-04,-1.320995950563e-02,0.000000000000e+00,0.000000000000e+00,4.497139624599e+02,0.000000000000e+00,0.000000000000e+00,0.000000000000e+00,0.000000000000e+00,5.203997983254e-04,5.672357801747e-02,2.684883667616e+02,2.498409729004e+02,0.000000000000e+00,1.146956521350e+00,0.000000000000e+00,5.547872089845e+04,1.090000000000e+02
3.000000000000e+01,1.032493128371e+08,8.019359777774e+04,9.300654718207e+05,4.841760400218e-01,3.176618084932e+02,-1.478032077378e-04,-1.611054964342e-02,0.000000000000e+00,0.000000000000e+00,4.306540817084e+02,0.000000000000e+00,0.000000000000e+00,0.000000000000e+00,0.000000000000e+00,6.286890296091e-04,6.852710422739e-02,2.683705735985e+02,2.503921813965e+02,0.000000000000e+00,1.149482715211e+00,0.000000000000e+00,5.547768022861e+04,1.090000000000e+02
3.100000000000e+01,1.032489009196e+08,8.060551526414e+04,9.344253321966e+05,4.855328027569e-01,3.182685022219e+02,-1.567309147309e-04,-1.708366970567e-02,0.000000000000e+00,0.000000000000e+00,4.119174863934e+02,0.000000000000e+00,0.000000000000e+00,0.000000000000e+00,0.000000000000e+00,5.688297455902e-04,6.200244226933e-02,2.681883790862e+02,2.503721160889e+02,0.000000000000e+00,1.151598504233e+00,0.000000000000e+00,5.547603954077e+04,1.090000000000e+02
3.200000000000e+01,1.032485076580e+08,8.099877687947e+04,9.385716324378e+05,4.867927287510e-01,3.188570399944e+02,-1.762385026342e-04,-1.920999678713e-02,0.000000000000e+00,0.000000000000e+00,3.932616153366e+02,0.000000000000e+00,0.000000000000e+00,0.000000000000e+00,0.000000000000e+00,5.112511604054e-04,5.572637648419e-02,2.681197376499e+02,2.512306823730e+02,0.000000000000e+00,1.154701787665e+00,0.000000000000e+00,5.547539736433e+04,1.090000000000e+02
3.300000000000e+01,1.032481361472e+08,8.137028769847e+04,9.437644211909e+05,4.887620914239e-01,3.193291394320e+02,-2.085772780021e-04,-2.273492330223e-02,0.000000000000e+00,0.000000000000e+00,3.715108189957e+02,0.000000000000e+00,0.000000000000e+00,0.000000000000e+00,0.000000000000e+00,6.501115504750e-04,7.086215900178e-02,2.681247798983e+02,2.528276824951e+02,0.000000000000e+00,1.154494380037e+00,0.000000000000e+00,5.547542415483e+04,1.090000000000e+02
3.400000000000e+01,1.032477848965e+08,8.172153832959e+04,9.495332822037e+05,4.910499137561e-01,3.197875937978e+02,-1.918973031756e-04,-2.091680604614e-02,0.000000000000e+00,0.000000000000e+00,3.512506311229e+02,0.000000000000e+00,0.000000000000e+00,0.000000000000e+00,0.000000000000e+00,7.637943615479e-04,8.325358540872e-02,2.680627675572e+02,2.528637695313e+02,0.000000000000e+00,1.155999730894e+00,0.000000000000e+00,5.547483830951e+04,1.090000000000e+02
3.500000000000e+01,1.032474503276e+08,8.205610732108e+04,9.550432719436e+05,4.931775483028e-01,3.202621687879e+02,-1.470259991330e-04,-1.602583390549e-02,0.000000000000e+00,0.000000000000e+00,3.345689914912e+02,0.000000000000e+00,0.000000000000e+00,0.000000000000e+00,0.000000000000e+00,7.674139616314e-04,8.364812181782e-02,2.679432331997e+02,2.530167694092e+02,0.000000000000e+00,1.156016401417e+00,0.000000000000e+00,5.547371175692e+04,1.090000000000e+02
3.600000000000e+01,1.032471320343e+08,8.237440059568e+04,9.607188858152e+05,4.954354213624e-01,3.207003383150e+02,-1.348102894388e-04,-1.469432154883e-02,0.000000000000e+00,0.000000000000e+00,3.182932745949e+02,0.000000000000e+00,0.000000000000e+00,0.000000000000e+00,0.000000000000e+00,8.053851189000e-04,8.778697796010e-02,2.678868608651e+02,2.537395019531e+02,0.000000000000e+00,1.155109690152e+00,0.000000000000e+00,5.547316919784e+04,1.090000000000e+02
3.700000000000e+01,1.032468298604e+08,8.267657445906e+04,9.665089015759e+05,4.977439001705e-01,3.211402347896e+02,-1.486990909761e-04,-1.620820091640e-02,0.000000000000e+00,0.000000000000e+00,3.021738633794e+02,0.000000000000e+00,0.000000000000e+00,0.000000000000e+00,0.000000000000e+00,8.105864448428e-04,8.835392248786e-02,2.678255328823e+02,2.539246063232e+02,0.000000000000e+00,1.156464204488e+00,0.000000000000e+00,5.547257426890e+04,1.090000000000e+02
3.800000000000e+01,1.032465438610e+08,8.296257387561e+04,9.725924200555e+05,5.009436756034e-01,3.211010626149e+02,-1.542350460091e-04,-1.681162001499e-02,0.000000000000e+00,0.000000000000e+00,2.859994165487e+02,0.000000000000e+00,0.000000000000e+00,0.000000000000e+00,0.000000000000e+00,8.537186248293e-04,9.305533010639e-02,2.677607926259e+02,2.538435516357e+02,0.000000000000e+00,1.157950676747e+00,0.000000000000e+00,5.547194260646e+04,1.090000000000e+02
3.900000000000e+01,1.032462704757e+08,8.323595920607e+04,9.791062638954e+05,5.031796497804e-01,3.218207276312e+02,-1.346748686108e-04,-1.467956067858e-02,0.000000000000e+00,0.000000000000e+00,2.733853304657e+02,0.000000000000e+00,0.000000000000e+00,0.000000000000e+00,0.000000000000e+00,9.454184033547e-04,1.030506059657e-01,2.676636414453e+02,2.538814697266e+02,0.000000000000e+00,1.158876602673e+00,0.000000000000e+00,5.547098701363e+04,1.090000000000e+02
4.000000000000e+01,1.032460057873e+08,8.350064756266e+04,9.849679940599e+05,5.054748219573e-01,3.222886174024e+02,-1.270876458542e-04,-1.385255339811e-02,0.000000000000e+00,0.000000000000e+00,2.646883565841e+02,0.000000000000e+00,0.000000000000e+00,0.000000000000e+00,0.000000000000e+00,8.480520227166e-04,9.243767047610e-02,2.674710981899e+02,2.527250061035e+02,0.000000000000e+00,1.160692109526e+00,0.000000000000e+00,5.546905691088e+04,1.090000000000e+02
4.100000000000e+01,1.032457499641e+08,8.375647078850e+04,9.903758540804e+05,5.075269657771e-01,3.227585528711e+02,-1.333015262872e-04,-1.452986636531e-02,0.000000000000e+00,0.000000000000e+00,2.558232258405e+02,0.000000000000e+00,0.000000000000e+00,0.000000000000e+00,0.000000000000e+00,7.665855384224e-04,8.355782368804e-02,2.672919645114e+02,2.526265106201e+02,0.000000000000e+00,1.161448531166e+00,0.000000000000e+00,5.546721149177e+04,1.090000000000e+02
4.200000000000e+01,1.032455037248e+08,8.400271007568e+04,9.956904492493e+05,5.095148988954e-01,3.232326506655e+02,-1.413673933535e-04,-1.540904587554e-02,0.000000000000e+00,0.000000000000e+00,2.462392871789e+02,0.000000000000e+00,0.000000000000e+00,0.000000000000e+00,0.000000000000e+00,7.418137851753e-04,8.085770258411e-02,2.671598073954e+02,2.530519561768e+02,0.000000000000e+00,1.162506958250e+00,0.000000000000e+00,5.546581662228e+04,1.090000000000e+02
4.300000000000e+01,1.032452665291e+08,8.423990581657e+04,1.002249797132e+06,5.124181456534e-01,3.235280808793e+02,-1.276864977905e-04,-1.391782825917e-02,0.000000000000e+00,0.000000000000e+00,2.371957408912e+02,0.000000000000e+00,0.000000000000e+00,0.000000000000e+00,0.000000000000e+00,9.621220397720e-04,1.048713023351e-01,2.670090814046e+02,2.524792022705e+02,0.000000000000e+00,1.162647571626e+00,0.000000000000e+00,5.546419156409e+04,1.090000000000e+02
4.400000000000e+01,1.032450381148e+08,8.446832011028e+04,1.007668367588e+06,5.143142816640e-01,3.240851105919e+02,-1.371752314158e-04,-1.495210022432e-02,0.000000000000e+00,0.000000000000e+00,2.284142937108e+02,0.000000000000e+00,0.000000000000e+00,0.000000000000e+00,0.000000000000e+00,7.627637485733e-04,8.314124859449e-02,2.668983005280e+02,2.520738525391e+02,0.000000000000e+00,1.164284703727e+00,0.000000000000e+00,5.546297554412e+04,1.090000000000e+02
4.500000000000e+01,1.032448922200e+08,8.461421488788e+04,1.011697131304e+06,5.153099582803e-01,3.247618488587e+02,-1.522507861655e-04,-1.659533569204e-02,0.000000000000e+00,0.000000000000e+00,1.458947776000e+02,0.000000000000e+00,0.000000000000e+00,0.000000000000e+00,0.000000000000e+00,5.191623466085e-04,5.658869578033e-02,2.667544110835e+02,2.520551757812e+02,0.000000000000e+00,1.161499881599e+00,0.000000000000e+00,5.546131887726e+04,1.090000000000e+02
4.600000000000e+01,1.032448964681e+08,8.460996679485e+04,1.016210535556e+06,5.168304222769e-01,3.252611023895e+02,-1.511284807974e-04,-1.647300440692e-02,0.000000000000e+00,0.000000000000e+00,-4.248093033401e+00,0.000000000000e+00,0.000000000000e+00,0.000000000000e+00,0.000000000000e+00,6.006889212847e-04,6.547509242003e-02,2.666148522349e+02,2.516903991699e+02,0.000000000000e+00,1.158078635071e+00,0.000000000000e+00,5.545959846849e+04,1.090000000000e+02
4.700000000000e+01,1.032446104850e+08,8.489594988987e+04,1.020259389809e+06,5.179137109736e-01,3.258841415912e+02,-1.351326569009e-04,-1.472945960220e-02,0.000000000000e+00,0.000000000000e+00,2.859830950249e+02,0.000000000000e+00,0.000000000000e+00,0.000000000000e+00,0.000000000000e+00,5.398985629491e-04,5.884894336145e-02,2.664546869119e+02,2.509975128174e+02,0.000000000000e+00,1.161750852933e+00,0.000000000000e+00,5.545787244271e+04,1.090000000000e+02
4.800000000000e+01,1.032443736935e+08,8.513274141364e+04,1.023531108694e+06,5.186950383875e-01,3.264438922036e+02,-1.333208495229e-04,-1.453197259800e-02,0.000000000000e+00,0.000000000000e+00,2.367915237704e+02,0.000000000000e+00,0.000000000000e+00,0.000000000000e+00,0.000000000000e+00,4.116401758189e-04,4.486877916426e-02,2.663499697439e+02,2.515601043701e+02,0.000000000000e+00,1.162633546207e+00,0.000000000000e+00,5.545665304787e+04,1.090000000000e+02
4.900000000000e+01,1.032441549486e+08,8.535148632737e+04,1.027868455594e+06,5.201472526314e-01,3.269128107866e+02,-1.409605532349e-04,-1.536470030261e-02,0.000000000000e+00,0.000000000000e+00,2.187449137250e+02,0.000000000000e+00,0.000000000000e+00,0.000000000000e+00,0.000000000000e+00,5.770117717347e-04,6.289428311908e-02,2.663372239778e+02,2.528369598389e+02,0.000000000000e+00,1.163578453614e+00,0.000000000000e+00,5.545651113176e+04,1.090000000000e+02
5.000000000000e+01,1.032439475678e+08,8.555886710629e+04,1.032928439217e+06,5.219887631811e-01,3.273740466371e+02,-1.437435769114e-04,-1.566804988334e-02,0.000000000000e+00,0.000000000000e+00,2.073807789202e+02,0.000000000000e+00,0.000000000000e+00,0.000000000000e+00,0.000000000000e+00,6.990288940769e-04,7.619414945438e-02,2.661844487858e+02,2.511847381592e+02,0.000000000000e+00,1.164411786948e+00,0.000000000000e+00,5.545466682279e+04,1.090000000000e+02
5.100000000000e+01,1.032437472792e+08,8.575915564649e+04,1.036769256900e+06,5.229457686143e-01,3.280070114723e+02,-1.219171448509e-04,-1.328896878875e-02,0.000000000000e+00,0.000000000000e+00,2.002885402032e+02,0.000000000000e+00,0.000000000000e+00,0.000000000000e+00,0.000000000000e+00,5.223864796863e-04,5.694012628581e-02,2.659523792981e+02,2.503520812988e+02,0.000000000000e+00,1.165669568117e+00,0.000000000000e+00,5.545179554710e+04,1.090000000000e+02
5.200000000000e+01,1.032435535770e+08,8.595285788325e+04,1.040427899601e+06,5.239335026572e-01,3.285548936825e+02,-9.494033170793e-05,-1.034849615616e-02,0.000000000000e+00,0.000000000000e+00,1.937022367580e+02,0.000000000000e+00,0.000000000000e+00,0.000000000000e+00,0.000000000000e+00,5.160964531889e-04,5.625451339759e-02,2.658065054103e+02,2.515233459473e+02,0.000000000000e+00,1.166867529278e+00,0.000000000000e+00,5.544995196381e+04,1.090000000000e+02
5.300000000000e+01,1.032433675287e+08,8.613890620934e+04,1.044641196169e+06,5.252262190032e-01,3.290763644557e+02,-8.907798521928e-05,-9.709500388901e-03,0.000000000000e+00,0.000000000000e+00,1.860483260884e+02,0.000000000000e+00,0.000000000000e+00,0.000000000000e+00,0.000000000000e+00,6.095395422757e-04,6.643981010805e-02,2.657679820290e+02,2.524405059814e+02,0.000000000000e+00,1.167432344093e+00,0.000000000000e+00,5.544946517447e+04,1.090000000000e+02
5.400000000000e+01,1.032431894495e+08,8.631698541792e+04,1.049738980921e+06,5.271216193365e-01,3.294926946966e+02,-1.120747441083e-04,-1.221614710781e-02,0.000000000000e+00,0.000000000000e+00,1.780792085830e+02,0.000000000000e+00,0.000000000000e+00,0.000000000000e+00,0.000000000000e+00,7.311127362676e-04,7.969128825317e-02,2.657739842649e+02,2.527494659424e+02,0.000000000000e+00,1.167524936686e+00,0.000000000000e+00,5.544954806669e+04,1.090000000000e+02
5.500000000000e+01,1.032430190204e+08,8.648741447927e+04,1.055165860100e+06,5.291422002066e-01,3.299296217905e+02,-1.219230349462e-04,-1.328961080914e-02,0.000000000000e+00,0.000000000000e+00,1.704290613479e+02,0.000000000000e+00,0.000000000000e+00,0.000000000000e+00,0.000000000000e+00,7.750392985432e-04,8.447928354121e-02,2.657966373321e+02,2.531639709473e+02,0.000000000000e+00,1.168080492241e+00,0.000000000000e+00,5.544984438919e+04,1.090000000000e+02
5.600000000000e+01,1.032428555908e+08,8.665084412187e+04,1.060748670298e+06,5.312949309874e-01,3.303308524144e+02,-1.335100314561e-04,-1.455259342872e-02,0.000000000000e+00,0.000000000000e+00,1.634296426036e+02,0.000000000000e+00,0.000000000000e+00,0.000000000000e+00,0.000000000000e+00,7.899109791185e-04,8.610029672392e-02,2.658029331862e+02,2.537136688232e+02,0.000000000000e+00,1.167410837501e+00,0.000000000000e+00,5.544992947530e+04,1.090000000000e+02
5.700000000000e+01,1.032426972008e+08,8.680923411420e+04,1.066059181434e+06,5.332425976740e-01,3.307831199176e+02,-1.159074161835e-04,-1.263390836400e-02,0.000000000000e+00,0.000000000000e+00,1.583899923337e+02,0.000000000000e+00,0.000000000000e+00,0.000000000000e+00,0.000000000000e+00,7.686338633959e-04,8.378109111015e-02,2.656594213724e+02,2.519697570801e+02,0.000000000000e+00,1.166980848172e+00,0.000000000000e+00,5.544807396721e+04,1.090000000000e+02
5.800000000000e+01,1.032425428205e+08,8.696361439416e+04,1.071949717371e+06,5.355563158048e-01,3.311808702523e+02,-1.172044593556e-04,-1.277528606976e-02,0.000000000000e+00,0.000000000000e+00,1.543802799579e+02,0.000000000000e+00,0.000000000000e+00,0.000000000000e+00,0.000000000000e+00,8.611516115585e-04,9.386552565988e-02,2.655698818849e+02,2.524085693359e+02,0.000000000000e+00,1.167443811135e+00,0.000000000000e+00,5.544691134822e+04,1.090000000000e+02
5.900000000000e+01,1.032423934158e+08,8.711301906974e+04,1.077830177145e+06,5.377953454428e-01,3.316132918401e+02,-1.261793000322e-04,-1.375354370350e-02,0.000000000000e+00,0.000000000000e+00,1.494046755824e+02,0.000000000000e+00,0.000000000000e+00,0.000000000000e+00,0.000000000000e+00,8.478984581189e-04,9.242093193495e-02,2.655434013167e+02,2.533397979736e+02,0.000000000000e+00,1.167628996321e+00,0.000000000000e+00,5.544657294647e+04,1.090000000000e+02
6.000000000000e+01,1.032422487965e+08,8.725763833811e+04,1.082511022727e+06,5.393800951906e-01,3.320791089933e+02,-9.734027334539e-05,-1.061008979465e-02,0.000000000000e+00,0.000000000000e+00,1.446192683683e+02,0.000000000000e+00,0.000000000000e+00,0.000000000000e+00,0.000000000000e+00,6.794354647520e-04,7.405846565797e-02,2.654899164389e+02,2.535629119873e+02,0.000000000000e+00,1.167708343773e+00,0.000000000000e+00,5.544587003044e+04,1.090000000000e+02
6.100000000000e+01,1.032421082495e+08,8.739818536146e+04,1.086775579356e+06,5.407112993565e-01,3.325711917379e+02,-8.054338111611e-05,-8.779228541656e-03,0.000000000000e+00,0.000000000000e+00,1.405470233475e+02,0.000000000000e+00,0.000000000000e+00,0.000000000000e+00,0.000000000000e+00,6.275970159092e-04,6.840807473410e-02,2.654313785062e+02,2.533247375488e+02,0.000000000000e+00,1.167289499712e+00,0.000000000000e+00,5.544509767791e+04,1.090000000000e+02
6.200000000000e+01,1.032419716411e+08,8.753479373839e+04,1.091117012541e+06,5.420395309188e-01,3.330860423178e+02,-7.945923153724e-05,-8.661056237559e-03,0.000000000000e+00,0.000000000000e+00,1.366083769284e+02,0.000000000000e+00,0.000000000000e+00,0.000000000000e+00,0.000000000000e+00,6.413414739392e-04,6.990622065938e-02,2.653750026555e+02,2.534742431641e+02,0.000000000000e+00,1.165866338488e+00,0.000000000000e+00,5.544434965074e+04,1.090000000000e+02
6.300000000000e+01,1.032418384491e+08,8.766798582252e+04,1.094993728097e+06,5.430728172663e-01,3.336403053615e+02,-6.289984172928e-05,-6.856082748491e-03,0.000000000000e+00,0.000000000000e+00,1.331920841313e+02,0.000000000000e+00,0.000000000000e+00,0.000000000000e+00,0.000000000000e+00,5.822774595589e-04,6.346824309192e-02,2.652909859237e+02,2.537136230469e+02,0.000000000000e+00,1.166338806676e+00,0.000000000000e+00,5.544321773873e+04,1.090000000000e+02
6.400000000000e+01,1.032417088264e+08,8.779760843553e+04,1.098881377820e+06,5.440550151660e-01,3.342204374735e+02,-6.000359926550e-05,-6.540392319939e-03,0.000000000000e+00,0.000000000000e+00,1.296226130103e+02,0.000000000000e+00,0.000000000000e+00,0.000000000000e+00,0.000000000000e+00,5.833184083155e-04,6.358170650639e-02,2.652892170502e+02,2.548011016846e+02,0.000000000000e+00,1.166338806676e+00,0.000000000000e+00,5.544321013941e+04,1.090000000000e+02
6.500000000000e+01,1.032415828161e+08,8.792361875953e+04,1.103338738036e+06,5.455059560475e-01,3.346876556078e+02,-6.973939012707e-05,-7.601593523851e-03,0.000000000000e+00,0.000000000000e+00,1.260103240029e+02,0.000000000000e+00,0.000000000000e+00,0.000000000000e+00,0.000000000000e+00,6.700633252739e-04,7.303690245486e-02,2.652391225002e+02,2.546492462158e+02,0.000000000000e+00,1.165207055772e+00,0.000000000000e+00,5.544253225471e+04,1.090000000000e+02
6.600000000000e+01,1.032414596073e+08,8.804682753406e+04,1.106513934606e+06,5.461184738596e-01,3.352829765023e+02,-5.404618215051e-05,-5.891033854405e-03,0.000000000000e+00,0.000000000000e+00,1.232087745238e+02,0.000000000000e+00,0.000000000000e+00,0.000000000000e+00,0.000000000000e+00,4.760698340207e-04,5.189161190825e-02,2.651353855492e+02,2.534848632813e+02,0.000000000000e+00,1.164700860157e+00,0.000000000000e+00,5.544110916353e+04,1.090000000000e+02
6.700000000000e+01,1.032413386777e+08,8.816775714517e+04,1.109864904160e+06,5.469217046953e-01,3.358134093874e+02,-4.477903102788e-05,-4.880914382039e-03,0.000000000000e+00,0.000000000000e+00,1.209296111147e+02,0.000000000000e+00,0.000000000000e+00,0.000000000000e+00,0.000000000000e+00,5.146336589682e-04,5.609506882753e-02,2.650287146996e+02,2.530272521973e+02,0.000000000000e+00,1.164886045342e+00,0.000000000000e+00,5.543963090826e+04,1.090000000000e+02
6.800000000000e+01,1.032412202180e+08,8.828621684151e+04,1.114343744062e+06,5.483987097404e-01,3.362670173610e+02,-6.738783123144e-05,-7.345273604227e-03,0.000000000000e+00,0.000000000000e+00,1.184596963358e+02,0.000000000000e+00,0.000000000000e+00,0.000000000000e+00,0.000000000000e+00,6.773676117501e-04,7.383306968076e-02,2.649514663337e+02,2.532356414795e+02,0.000000000000e+00,1.164452681187e+00,0.000000000000e+00,5.543855421975e+04,1.090000000000e+02
6.900000000000e+01,1.032411045334e+08,8.840190145022e+04,1.118090302982e+06,5.493258089833e-01,3.368304504115e+02,-8.046745713854e-05,-8.770952828101e-03,0.000000000000e+00,0.000000000000e+00,1.156846087146e+02,0.000000000000e+00,0.000000000000e+00,0.000000000000e+00,0.000000000000e+00,5.407925311226e-04,5.894638589236e-02,2.649237598508e+02,2.536759490967e+02,0.000000000000e+00,1.164545273779e+00,0.000000000000e+00,5.543817812258e+04,1.090000000000e+02
7.000000000000e+01,1.032409916912e+08,8.851474368442e+04,1.121405174173e+06,5.500562754682e-01,3.373828424664e+02,-9.389185446541e-05,-1.023421213673e-02,0.000000000000e+00,0.000000000000e+00,1.128422341986e+02,0.000000000000e+00,0.000000000000e+00,0.000000000000e+00,0.000000000000e+00,4.559972958162e-04,4.970370524397e-02,2.648951856938e+02,2.542370605469e+02,0.000000000000e+00,1.165008236742e+00,0.000000000000e+00,5.543778415203e+04,1.090000000000e+02
7.100000000000e+01,1.032411075859e+08,8.839884894743e+04,1.124608501603e+06,5.506708445801e-01,3.379759498585e+02,-8.799230471515e-05,-9.591161213952e-03,0.000000000000e+00,0.000000000000e+00,-1.158947369946e+02,0.000000000000e+00,0.000000000000e+00,0.000000000000e+00,0.000000000000e+00,4.459586326379e-04,4.860949095753e-02,2.648251067890e+02,2.541549987793e+02,0.000000000000e+00,1.160193421927e+00,0.000000000000e+00,5.543664195165e+04,1.090000000000e+02
7.200000000000e+01,1.032410051375e+08,8.850129733061e+04,1.128188112311e+06,5.515145502800e-01,3.385362007774e+02,-7.123117214109e-05,-7.764197763379e-03,0.000000000000e+00,0.000000000000e+00,1.024483831856e+02,0.000000000000e+00,0.000000000000e+00,0.000000000000e+00,0.000000000000e+00,5.229065944369e-04,5.699681879362e-02,2.647827263930e+02,2.539223632812e+02,0.000000000000e+00,1.161278465081e+00,0.000000000000e+00,5.543612545040e+04,1.090000000000e+02
7.300000000000e+01,1.032408587544e+08,8.864768042903e+04,1.131608576797e+06,5.523373603239e-01,3.390602498268e+02,-5.502327030566e-05,-5.997536463317e-03,0.000000000000e+00,0.000000000000e+00,1.463830984240e+02,0.000000000000e+00,0.000000000000e+00,0.000000000000e+00,0.000000000000e+00,5.129783153631e-04,5.591463637458e-02,2.647399112054e+02,2.538805236816e+02,0.000000000000e+00,1.163037724340e+00,0.000000000000e+00,5.543555244273e+04,1.090000000000e+02
7.400000000000e+01,1.032407281728e+08,8.877826205061e+04,1.134240722641e+06,5.527546287183e-01,3.396000018001e+02,-3.741627358382e-05,-4.078373820637e-03,0.000000000000e+00,0.000000000000e+00,1.305816215755e+02,0.000000000000e+00,0.000000000000e+00,0.000000000000e+00,0.000000000000e+00,4.024113888326e-04,4.386284138276e-02,2.646529623165e+02,2.531322937012e+02,0.000000000000e+00,1.163685872489e+00,0.000000000000e+00,5.543430690010e+04,1.090000000000e+02
7.500000000000e+01,1.032406050147e+08,8.890142013682e+04,1.138402263956e+06,5.540995544544e-01,3.400201904116e+02,-5.087680286168e-05,-5.545571511923e-03,0.000000000000e+00,0.000000000000e+00,1.231580862144e+02,0.000000000000e+00,0.000000000000e+00,0.000000000000e+00,0.000000000000e+00,6.386856789105e-04,6.961673900125e-02,2.646342615750e+02,2.538346862793e+02,0.000000000000e+00,1.163447731268e+00,0.000000000000e+00,5.543406230474e+04,1.090000000000e+02
7.600000000000e+01,1.032404872353e+08,8.901919958998e+04,1.142201444748e+06,5.550399245460e-01,3.405800462697e+02,-6.217587394630e-05,-6.777170260146e-03,0.000000000000e+00,0.000000000000e+00,1.177794531529e+02,0.000000000000e+00,0.000000000000e+00,0.000000000000e+00,0.000000000000e+00,5.683104531979e-04,6.194583939857e-02,2.645986674186e+02,2.539913330078e+02,0.000000000000e+00,1.163208468617e+00,0.000000000000e+00,5.543355743417e+04,1.090000000000e+02
7.700000000000e+01,1.032403735795e+08,8.913285539585e+04,1.145873576415e+06,5.560569947472e-01,3.410560817758e+02,-6.353765987207e-05,-6.925604926056e-03,0.000000000000e+00,0.000000000000e+00,1.136558058683e+02,0.000000000000e+00,0.000000000000e+00,0.000000000000e+00,0.000000000000e+00,5.475580395793e-04,5.968382631414e-02,2.645314776229e+02,2.537506408691e+02,0.000000000000e+00,1.163393653802e+00,0.000000000000e+00,5.543257772610e+04,1.090000000000e+02
7.800000000000e+01,1.032402633096e+08,8.924312522359e+04,1.149548890291e+06,5.569997794163e-01,3.415772257814e+02,-7.000295260040e-05,-7.630321833444e-03,0.000000000000e+00,0.000000000000e+00,1.102698277429e+02,0.000000000000e+00,0.000000000000e+00,0.000000000000e+00,0.000000000000e+00,5.418158077521e-04,5.905792304498e-02,2.644612459852e+02,2.531352996826e+02,0.000000000000e+00,1.164174303107e+00,0.000000000000e+00,5.543154722130e+04,1.090000000000e+02
7.900000000000e+01,1.032401563182e+08,8.935011660938e+04,1.152689227843e+06,5.576024234612e-01,3.421358590689e+02,-4.682658052280e-05,-5.104097276985e-03,0.000000000000e+00,0.000000000000e+00,1.069913857958e+02,0.000000000000e+00,0.000000000000e+00,0.000000000000e+00,0.000000000000e+00,4.705165814222e-04,5.128630737502e-02,2.645058397311e+02,2.549983367920e+02,0.000000000000e+00,1.163504648367e+00,0.000000000000e+00,5.543224571182e+04,1.090000000000e+02
8.000000000000e+01,1.032400526838e+08,8.945375103265e+04,1.155992789060e+06,5.583510544285e-01,3.426495545286e+02,-4.626817986727e-05,-5.043231605532e-03,0.000000000000e+00,0.000000000000e+00,1.036344232610e+02,0.000000000000e+00,0.000000000000e+00,0.000000000000e+00,0.000000000000e+00,4.966860348569e-04,5.413877779940e-02,2.645783206319e+02,2.559228820801e+02,0.000000000000e+00,1.163504648367e+00,0.000000000000e+00,5.543334665793e+04,1.090000000000e+02
8.100000000000e+01,1.032399520014e+08,8.955443350917e+04,1.159188049784e+06,5.589987482778e-01,3.431959925565e+02,-4.869437802153e-05,-5.307687204347e-03,0.000000000000e+00,0.000000000000e+00,1.006824765292e+02,0.000000000000e+00,0.000000000000e+00,0.000000000000e+00,0.000000000000e+00,4.786936796507e-04,5.217761108193e-02,2.646051994396e+02,2.558812561035e+02,0.000000000000e+00,1.163464739803e+00,0.000000000000e+00,5.543376052031e+04,1.090000000000e+02
8.200000000000e+01,1.032398539765e+08,8.965245830968e+04,1.162394763848e+06,5.596831696978e-01,3.437184941430e+02,-3.196011927656e-05,-3.483653001145e-03,0.000000000000e+00,0.000000000000e+00,9.802480050540e+01,0.000000000000e+00,0.000000000000e+00,0.000000000000e+00,0.000000000000e+00,4.953640704550e-04,5.399468367959e-02,2.646700395081e+02,2.567831115723e+02,0.000000000000e+00,1.163464739803e+00,0.000000000000e+00,5.543473650494e+04,1.090000000000e+02
8.300000000000e+01,1.032397582883e+08,8.974814651357e+04,1.166536381590e+06,5.609955239011e-01,3.441362635751e+02,-1.999592485260e-05,-2.179555808933e-03,0.000000000000e+00,0.000000000000e+00,9.568820388832e+01,0.000000000000e+00,0.000000000000e+00,0.000000000000e+00,0.000000000000e+00,6.654495838249e-04,7.253400463691e-02,2.646687203917e+02,2.560948791504e+02,0.000000000000e+00,1.163464739803e+00,0.000000000000e+00,5.543473141999e+04,1.090000000000e+02
8.400000000000e+01,1.032396643008e+08,8.984213397706e+04,1.171216424192e+06,5.625972597219e-01,3.445425168188e+02,-2.839009511791e-05,-3.094520367853e-03,0.000000000000e+00,0.000000000000e+00,9.398746349514e+01,0.000000000000e+00,0.000000000000e+00,0.000000000000e+00,0.000000000000e+00,7.513809498805e-04,8.190052353698e-02,2.645663985225e+02,2.543579406738e+02,0.000000000000e+00,1.163875018738e+00,0.000000000000e+00,5.543323509208e+04,1.090000000000e+02
8.500000000000e+01,1.032395717770e+08,8.993465786611e+04,1.176062567069e+06,5.643018871822e-01,3.449314882482e+02,-2.890319841329e-05,-3.150448627049e-03,0.000000000000e+00,0.000000000000e+00,9.252388904153e+01,0.000000000000e+00,0.000000000000e+00,0.000000000000e+00,0.000000000000e+00,7.779100308078e-04,8.479219335805e-02,2.644739892685e+02,2.539071044922e+02,0.000000000000e+00,1.164245389108e+00,0.000000000000e+00,5.543187848575e+04,1.090000000000e+02
8.600000000000e+01,1.032394809105e+08,9.002552434580e+04,1.179790546137e+06,5.652236138654e-01,3.454620566577e+02,-6.918227794449e-06,-7.540868295949e-04,0.000000000000e+00,0.000000000000e+00,9.086647969944e+01,0.000000000000e+00,0.000000000000e+00,0.000000000000e+00,0.000000000000e+00,6.109038081911e-04,6.658851509283e-02,2.644567573868e+02,2.550620422363e+02,0.000000000000e+00,1.163445029409e+00,0.000000000000e+00,5.543164615926e+04,1.090000000000e+02
8.700000000000e+01,1.032393918862e+08,9.011454859261e+04,1.183195502823e+06,5.660500907039e-01,3.459493460866e+02,-6.220449222782e-06,-6.780289652832e-04,0.000000000000e+00,0.000000000000e+00,8.902424680638e+01,0.000000000000e+00,0.000000000000e+00,0.000000000000e+00,0.000000000000e+00,5.551250244454e-04,6.050862766454e-02,2.644966285716e+02,2.561318969727e+02,0.000000000000e+00,1.163445029409e+00,0.000000000000e+00,5.543226805131e+04,1.090000000000e+02
8.800000000000e+01,1.032393047263e+08,9.020170852240e+04,1.186825526303e+06,5.669851446446e-01,3.464331972240e+02,-2.769810775165e-05,-3.019093744930e-03,0.000000000000e+00,0.000000000000e+00,8.715992979035e+01,0.000000000000e+00,0.000000000000e+00,0.000000000000e+00,0.000000000000e+00,5.701180250840e-04,6.214286473416e-02,2.645515260562e+02,2.568470153809e+02,0.000000000000e+00,1.163445029409e+00,0.000000000000e+00,5.543310604969e+04,1.090000000000e+02
8.900000000000e+01,1.032392193124e+08,9.028712247276e+04,1.190460201993e+06,5.679267809988e-01,3.469133386886e+02,-2.635557465075e-05,-2.872757636932e-03,0.000000000000e+00,0.000000000000e+00,8.541395035835e+01,0.000000000000e+00,0.000000000000e+00,0.000000000000e+00,0.000000000000e+00,5.725423810196e-04,6.240711953114e-02,2.646006295606e+02,2.572004699707e+02,0.000000000000e+00,1.162227728142e+00,0.000000000000e+00,5.543385134362e+04,1.090000000000e+02
9.000000000000e+01,1.032391355111e+08,9.037092372860e+04,1.194260194985e+06,5.689783381529e-01,3.473723828226e+02,-1.805703026464e-05,-1.968216298845e-03,0.000000000000e+00,0.000000000000e+00,8.380125583699e+01,0.000000000000e+00,0.000000000000e+00,0.000000000000e+00,0.000000000000e+00,6.079267295413e-04,6.626401352000e-02,2.646549100241e+02,2.573688354492e+02,0.000000000000e+00,1.161534680652e+00,0.000000000000e+00,5.543466879926e+04,1.090000000000e+02
9.100000000000e+01,1.032390532265e+08,9.045320829962e+04,1.197334545642e+06,5.695333447607e-01,3.479214011366e+02,2.447543395584e-06,2.667822301187e-04,0.000000000000e+00,0.000000000000e+00,8.228457102307e+01,0.000000000000e+00,0.000000000000e+00,0.000000000000e+00,0.000000000000e+00,5.079246438525e-04,5.536378617992e-02,2.647172043601e+02,2.580736083984e+02,0.000000000000e+00,1.160616542235e+00,0.000000000000e+00,5.543559694267e+04,1.090000000000e+02
9.200000000000e+01,1.032391128579e+08,9.039357696283e+04,1.200517267695e+06,5.702051152305e-01,3.484326318228e+02,5.168066519804e-06,5.633192506586e-04,0.000000000000e+00,0.000000000000e+00,-5.963133679253e+01,0.000000000000e+00,0.000000000000e+00,0.000000000000e+00,0.000000000000e+00,5.303986007176e-04,5.781344747822e-02,2.647501678457e+02,2.582598876953e+02,0.000000000000e+00,1.155190064279e+00,0.000000000000e+00,5.543601381046e+04,1.090000000000e+02
9.300000000000e+01,1.032391276267e+08,9.037880815519e+04,1.204955096779e+06,5.716979736996e-01,3.488049887683e+02,-1.323704774388e-05,-1.442838204083e-03,0.000000000000e+00,0.000000000000e+00,-1.476880763846e+01,0.000000000000e+00,0.000000000000e+00,0.000000000000e+00,0.000000000000e+00,7.197981264599e-04,7.845799578413e-02,2.647781672459e+02,2.582938537598e+02,0.000000000000e+00,1.153815015998e+00,0.000000000000e+00,5.543640241178e+04,1.090000000000e+02
9.400000000000e+01,1.032390331946e+08,9.047324024356e+04,1.209952861685e+06,5.733423548532e-01,3.492427832085e+02,-1.976133499520e-05,-2.153985514477e-03,0.000000000000e+00,0.000000000000e+00,9.443208837294e+01,0.000000000000e+00,0.000000000000e+00,0.000000000000e+00,0.000000000000e+00,8.048121077045e-04,8.772451973979e-02,2.648212498850e+02,2.583962707520e+02,0.000000000000e+00,1.154540708287e+00,0.000000000000e+00,5.543709978650e+04,1.090000000000e+02
9.500000000000e+01,1.032389246899e+08,9.058174495472e+04,1.214242288831e+06,5.747482358365e-01,3.496192450151e+02,-8.351509027067e-06,-9.103144839503e-04,0.000000000000e+00,0.000000000000e+00,1.085047111619e+02,0.000000000000e+00,0.000000000000e+00,0.000000000000e+00,0.000000000000e+00,6.990130714821e-04,7.619242479155e-02,2.648666677781e+02,2.586511230469e+02,0.000000000000e+00,1.155096263842e+00,0.000000000000e+00,5.543778780100e+04,1.090000000000e+02
9.600000000000e+01,1.032388261782e+08,9.068025668961e+04,1.218842818696e+06,5.763347979852e-01,3.499727357377e+02,1.840501609168e-05,2.006146753993e-03,0.000000000000e+00,0.000000000000e+00,9.851173488623e+01,0.000000000000e+00,0.000000000000e+00,0.000000000000e+00,0.000000000000e+00,7.768280981235e-04,8.467426269546e-02,2.649209789528e+02,2.590455932617e+02,0.000000000000e+00,1.154242290715e+00,0.000000000000e+00,5.543858765459e+04,1.090000000000e+02
9.700000000000e+01,1.032387329263e+08,9.077350855529e+04,1.223615844748e+06,5.779691471398e-01,3.503452456598e+02,3.685893926082e-05,4.017624379430e-03,0.000000000000e+00,0.000000000000e+00,9.325186567882e+01,0.000000000000e+00,0.000000000000e+00,0.000000000000e+00,0.000000000000e+00,8.241365921378e-04,8.983088854302e-02,2.649696178051e+02,2.592492065430e+02,0.000000000000e+00,1.153954203181e+00,0.000000000000e+00,5.543929676143e+04,1.090000000000e+02
9.800000000000e+01,1.032386431127e+08,9.086332217269e+04,1.227590112538e+06,5.791780951693e-01,3.507470270310e+02,6.484124996242e-05,7.067696245904e-03,0.000000000000e+00,0.000000000000e+00,8.981361740285e+01,0.000000000000e+00,0.000000000000e+00,0.000000000000e+00,0.000000000000e+00,7.210946996302e-04,7.859932225969e-02,2.649959304279e+02,2.592140502930e+02,0.000000000000e+00,1.154139388366e+00,0.000000000000e+00,5.543968532197e+04,1.090000000000e+02
9.900000000000e+01,1.032385559488e+08,9.095048604249e+04,1.231857042469e+06,5.805888976848e-01,3.511069039778e+02,7.234574706546e-05,7.885686430136e-03,0.000000000000e+00,0.000000000000e+00,8.716386979491e+01,0.000000000000e+00,0.000000000000e+00,0.000000000000e+00,0.000000000000e+00,7.761224581085e-04,8.459734793382e-02,2.650396637826e+02,2.595045776367e+02,0.000000000000e+00,1.153920337516e+00,0.000000000000e+00,5.544031784682e+04,1.090000000000e+02
1.000000000000e+02,1.032384710026e+08,9.103543224322e+04,1.235598682385e+06,5.815804150965e-01,3.515665421052e+02,5.929019750687e-05,6.462631528249e-03,0.000000000000e+00,0.000000000000e+00,8.494620073693e+01,0.000000000000e+00,0.000000000000e+00,0.000000000000e+00,0.000000000000e+00,6.747350931496e-04,7.354612515331e-02,2.651108216014e+02,2.601454162598e+02,0.000000000000e+00,1.153589603703e+00,0.000000000000e+00,5.544132708690e+04,1.090000000000e+02
1.010000000000e+02,1.032383879067e+08,9.111852818382e+04,1.239556155320e+06,5.828043200829e-01,3.519462339610e+02,5.819462271016e-05,6.343213875408e-03,0.000000000000e+00,0.000000000000e+00,8.309594059215e+01,0.000000000000e+00,0.000000000000e+00,0.000000000000e+00,0.000000000000e+00,7.097685886119e-04,7.736477615870e-02,2.651743320194e+02,2.603712158203e+02,0.000000000000e+00,1.153682196296e+00,0.000000000000e+00,5.544221941901e+04,1.090000000000e+02
1.020000000000e+02,1.032383063966e+08,9.120003824750e+04,1.243685110999e+06,5.840797782198e-01,3.523410029510e+02,7.064998149398e-05,7.700847982843e-03,0.000000000000e+00,0.000000000000e+00,8.151006368622e+01,0.000000000000e+00,0.000000000000e+00,0.000000000000e+00,0.000000000000e+00,7.501192073147e-04,8.176299359730e-02,2.652473475179e+02,2.609060668945e+02,0.000000000000e+00,1.153682196296e+00,0.000000000000e+00,5.544323441148e+04,1.090000000000e+02
1.030000000000e+02,1.032382262658e+08,9.128016898411e+04,1.247076517288e+06,5.849098413512e-01,3.527948114988e+02,8.423746773055e-05,9.181883982630e-03,0.000000000000e+00,0.000000000000e+00,8.013073660932e+01,0.000000000000e+00,0.000000000000e+00,0.000000000000e+00,0.000000000000e+00,6.421587054933e-04,6.999529889877e-02,2.653112663931e+02,2.612587280273e+02,0.000000000000e+00,1.153380549142e+00,0.000000000000e+00,5.544411531537e+04,1.090000000000e+02
1.040000000000e+02,1.032381474173e+08,9.135901754452e+04,1.249857123614e+06,5.854193950890e-01,3.532643219557e+02,1.134518632128e-04,1.236625309020e-02,0.000000000000e+00,0.000000000000e+00,7.884856041346e+01,0.000000000000e+00,0.000000000000e+00,0.000000000000e+00,0.000000000000e+00,5.680809892266e-04,6.192082782570e-02,2.654194130612e+02,2.623363647461e+02,0.000000000000e+00,1.153380549142e+00,0.000000000000e+00,5.544558274011e+04,1.090000000000e+02
1.050000000000e+02,1.032380696921e+08,9.143674271516e+04,1.253144570378e+06,5.862656969382e-01,3.536745624032e+02,1.026349907730e-04,1.118721399425e-02,0.000000000000e+00,0.000000000000e+00,7.772517063644e+01,0.000000000000e+00,0.000000000000e+00,0.000000000000e+00,0.000000000000e+00,6.421215792214e-04,6.999125213513e-02,2.655088788298e+02,2.624875183105e+02,0.000000000000e+00,1.152083922339e+00,0.000000000000e+00,5.544677976244e+04,1.090000000000e+02
1.060000000000e+02,1.032379928942e+08,9.151354058958e+04,1.258414088346e+06,5.883427809173e-01,3.539025429775e+02,9.208806067765e-05,1.003759861386e-02,0.000000000000e+00,0.000000000000e+00,7.679787441979e+01,0.000000000000e+00,0.000000000000e+00,0.000000000000e+00,0.000000000000e+00,9.608332958887e-04,1.047308292519e-01,2.655721524948e+02,2.624607849121e+02,0.000000000000e+00,1.151274487803e+00,0.000000000000e+00,5.544762042396e+04,1.090000000000e+02
1.070000000000e+02,1.032379169826e+08,9.158945226363e+04,1.262451366578e+06,5.894856670676e-01,3.543422808332e+02,1.166405708531e-04,1.271382222299e-02,0.000000000000e+00,0.000000000000e+00,7.591167405282e+01,0.000000000000e+00,0.000000000000e+00,0.000000000000e+00,0.000000000000e+00,7.803308360030e-04,8.505606112433e-02,2.656592578955e+02,2.630239257812e+02,0.000000000000e+00,1.151274487803e+00,0.000000000000e+00,5.544876496936e+04,1.090000000000e+02
1.080000000000e+02,1.032378418074e+08,9.166462740127e+04,1.265651088646e+06,5.903038523218e-01,3.547435994443e+02,1.334533693884e-04,1.454641726334e-02,0.000000000000e+00,0.000000000000e+00,7.517513763266e+01,0.000000000000e+00,0.000000000000e+00,0.000000000000e+00,0.000000000000e+00,6.602715224441e-04,7.196959594640e-02,2.657118330168e+02,2.627440795898e+02,0.000000000000e+00,1.150815241210e+00,0.000000000000e+00,5.544945138327e+04,1.090000000000e+02
1.090000000000e+02,1.032377673503e+08,9.173908454816e+04,1.268615773621e+06,5.909126851547e-01,3.552012399955e+02,1.233230381611e-04,1.344221115956e-02,0.000000000000e+00,0.000000000000e+00,7.445714689794e+01,0.000000000000e+00,0.000000000000e+00,0.000000000000e+00,0.000000000000e+00,6.097299328505e-04,6.646056268071e-02,2.657959273291e+02,2.635914916992e+02,0.000000000000e+00,1.150089291370e+00,0.000000000000e+00,5.545053706973e+04,1.090000000000e+02
1.100000000000e+02,1.032376936368e+08,9.181279805243e+04,1.272399553517e+06,5.921116791794e-01,3.555301816769e+02,1.332738506340e-04,1.452684971910e-02,0.000000000000e+00,0.000000000000e+00,7.371350426449e+01,0.000000000000e+00,0.000000000000e+00,0.000000000000e+00,0.000000000000e+00,7.539296555239e-04,8.217833245211e-02,2.659072662617e+02,2.643602294922e+02,0.000000000000e+00,1.149655940325e+00,0.000000000000e+00,5.545195128663e+04,1.090000000000e+02
1.110000000000e+02,1.032376205886e+08,9.188584622771e+04,1.276314517937e+06,5.933022323359e-01,3.558983040543e+02,1.541461949206e-04,1.680193524635e-02,0.000000000000e+00,0.000000000000e+00,7.304817528022e+01,0.000000000000e+00,0.000000000000e+00,0.000000000000e+00,0.000000000000e+00,7.958324218259e-04,8.674573397902e-02,2.660340519687e+02,2.653844299316e+02,0.000000000000e+00,1.148836447599e+00,0.000000000000e+00,5.545353371268e+04,1.090000000000e+02
1.120000000000e+02,1.032375480100e+08,9.195842478958e+04,1.279391633490e+06,5.940123582570e-01,3.563222802012e+02,1.662148070982e-04,1.811741397370e-02,0.000000000000e+00,0.000000000000e+00,7.257856187586e+01,0.000000000000e+00,0.000000000000e+00,0.000000000000e+00,0.000000000000e+00,6.707962101023e-04,7.311678690115e-02,2.661299419739e+02,2.653823852539e+02,0.000000000000e+00,1.148003799090e+00,0.000000000000e+00,5.545471249572e+04,1.090000000000e+02
1.130000000000e+02,1.032374757756e+08,9.203065924164e+04,1.282399200644e+06,5.947561315559e-01,3.567067660744e+02,1.902897548610e-04,2.074158327985e-02,0.000000000000e+00,0.000000000000e+00,7.223445205545e+01,0.000000000000e+00,0.000000000000e+00,0.000000000000e+00,0.000000000000e+00,6.839926629652e-04,7.455520026321e-02,2.662129751092e+02,2.653506774902e+02,0.000000000000e+00,1.147110846799e+00,0.000000000000e+00,5.545572250238e+04,1.090000000000e+02
1.140000000000e+02,1.032374039091e+08,9.210252571926e+04,1.285846761823e+06,5.962321310656e-01,3.567733346938e+02,1.853470991389e-04,2.020283380614e-02,0.000000000000e+00,0.000000000000e+00,7.186647762297e+01,0.000000000000e+00,0.000000000000e+00,0.000000000000e+00,0.000000000000e+00,7.515398186785e-04,8.191784023596e-02,2.663030353975e+02,2.656712951660e+02,0.000000000000e+00,1.145563628266e+00,0.000000000000e+00,5.545680501223e+04,1.090000000000e+02
1.150000000000e+02,1.032373323322e+08,9.217410261862e+04,1.290322286818e+06,5.975005914664e-01,3.572482778171e+02,1.990107647018e-04,2.169217335250e-02,0.000000000000e+00,0.000000000000e+00,7.157689935458e+01,0.000000000000e+00,0.000000000000e+00,0.000000000000e+00,0.000000000000e+00,9.353444563160e-04,1.019525457384e-01,2.663918879064e+02,2.658271179199e+02,0.000000000000e+00,1.144873794943e+00,0.000000000000e+00,5.545785952885e+04,1.090000000000e+02
1.160000000000e+02,1.032372609308e+08,9.224550403302e+04,1.293800432877e+06,5.984264016965e-01,3.576522084809e+02,2.101991159782e-04,2.291170364162e-02,0.000000000000e+00,0.000000000000e+00,7.140141440201e+01,0.000000000000e+00,0.000000000000e+00,0.000000000000e+00,0.000000000000e+00,7.826662831439e-04,8.531062486268e-02,2.664561259684e+02,2.656517944336e+02,0.000000000000e+00,1.143495641678e+00,0.000000000000e+00,5.545861484245e+04,1.090000000000e+02
1.170000000000e+02,1.032371897255e+08,9.231670929637e+04,1.297066323227e+06,5.993713041989e-01,3.579842656116e+02,2.481384985840e-04,2.704709634566e-02,0.000000000000e+00,0.000000000000e+00,7.120526334673e+01,0.000000000000e+00,0.000000000000e+00,0.000000000000e+00,0.000000000000e+00,7.851136894558e-04,8.557739215069e-02,2.665290988310e+02,2.660412597656e+02,0.000000000000e+00,1.141738753988e+00,0.000000000000e+00,5.545946486535e+04,1.090000000000e+02
1.180000000000e+02,1.032371188507e+08,9.238758406367e+04,1.301515859391e+06,6.010622851169e-01,3.581933328144e+02,3.175416604632e-04,3.461204099049e-02,0.000000000000e+00,0.000000000000e+00,7.087476729964e+01,0.000000000000e+00,0.000000000000e+00,0.000000000000e+00,0.000000000000e+00,1.048551364635e-03,1.142920987452e-01,2.666424397264e+02,2.670380859375e+02,0.000000000000e+00,1.140922713389e+00,0.000000000000e+00,5.546076486047e+04,1.090000000000e+02
1.190000000000e+02,1.032370482308e+08,9.245820403794e+04,1.307437307322e+06,6.035297715322e-01,3.583437012043e+02,3.263115840041e-04,3.556796265644e-02,0.000000000000e+00,0.000000000000e+00,7.061997427560e+01,0.000000000000e+00,0.000000000000e+00,0.000000000000e+00,0.000000000000e+00,1.300904707482e-03,1.417986131156e-01,2.667546536091e+02,2.674275207520e+02,0.000000000000e+00,1.140362167057e+00,0.000000000000e+00,5.546202926395e+04,1.090000000000e+02
1.200000000000e+02,1.032369776340e+08,9.252880078693e+04,1.313322262590e+06,6.062401039485e-01,3.583421457607e+02,2.497521532771e-04,2.722298470720e-02,0.000000000000e+00,0.000000000000e+00,7.059674898876e+01,0.000000000000e+00,0.000000000000e+00,0.000000000000e+00,0.000000000000e+00,1.220042617541e-03,1.329846453120e-01,2.668275213787e+02,2.674375915527e+02,0.000000000000e+00,1.140269574464e+00,0.000000000000e+00,5.546283945486e+04,1.090000000000e+02
1.210000000000e+02,1.032369070071e+08,9.259942767258e+04,1.318170985323e+06,6.079600079179e-01,3.586435297921e+02,2.270727494753e-04,2.475092969281e-02,0.000000000000e+00,0.000000000000e+00,7.062688565014e+01,0.000000000000e+00,0.000000000000e+00,0.000000000000e+00,0.000000000000e+00,1.026617664383e-03,1.119013254177e-01,2.668850849638e+02,2.670426025391e+02,0.000000000000e+00,1.139772745837e+00,0.000000000000e+00,5.546347495858e+04,1.090000000000e+02
1.220000000000e+02,1.032368362766e+08,9.267015815982e+04,1.321269167510e+06,6.084756356723e-01,3.591799510360e+02,2.560453805067e-04,2.790894647523e-02,0.000000000000e+00,0.000000000000e+00,7.073048724300e+01,0.000000000000e+00,0.000000000000e+00,0.000000000000e+00,0.000000000000e+00,7.673722387213e-04,8.364357402062e-02,2.669114598484e+02,2.664530639648e+02,0.000000000000e+00,1.139772745837e+00,0.000000000000e+00,5.546376655862e+04,1.090000000000e+02
1.230000000000e+02,1.032367655574e+08,9.274087743673e+04,1.324312378596e+06,6.094995356864e-01,3.594000602227e+02,2.682776690888e-04,2.924226593068e-02,0.000000000000e+00,0.000000000000e+00,7.071927690272e+01,0.000000000000e+00,0.000000000000e+00,0.000000000000e+00,0.000000000000e+00,7.702012406741e-04,8.395193523348e-02,2.669449203718e+02,2.665059814453e+02,0.000000000000e+00,1.139772745837e+00,0.000000000000e+00,5.546413532951e+04,1.090000000000e+02
1.240000000000e+02,1.032366950017e+08,9.281143311251e+04,1.328897697424e+06,6.112153500411e-01,3.596281738488e+02,2.951740255171e-04,3.217396878136e-02,0.000000000000e+00,0.000000000000e+00,7.055567578533e+01,0.000000000000e+00,0.000000000000e+00,0.000000000000e+00,0.000000000000e+00,1.051262218010e-03,1.145875817631e-01,2.669996470206e+02,2.668302612305e+02,0.000000000000e+00,1.139772745837e+00,0.000000000000e+00,5.546473151142e+04,1.090000000000e+02
1.250000000000e+02,1.032366247733e+08,9.288166151873e+04,1.332193248778e+06,6.120653676539e-01,3.600120270801e+02,3.456041908117e-04,3.767085679847e-02,0.000000000000e+00,0.000000000000e+00,7.022840622303e+01,0.000000000000e+00,0.000000000000e+00,0.000000000000e+00,0.000000000000e+00,8.862400627721e-04,9.660016684216e-02,2.671046810380e+02,2.678546447754e+02,0.000000000000e+00,1.139772745837e+00,0.000000000000e+00,5.546585740139e+04,1.090000000000e+02
1.260000000000e+02,1.032365547527e+08,9.295168209873e+04,1.334222863104e+06,6.122725358326e-01,3.604311347161e+02,3.362424024421e-04,3.665042186618e-02,0.000000000000e+00,0.000000000000e+00,7.002057999153e+01,0.000000000000e+00,0.000000000000e+00,0.000000000000e+00,0.000000000000e+00,6.674350879193e-04,7.275042458321e-02,2.672124024362e+02,2.686212768555e+02,0.000000000000e+00,1.139680153244e+00,0.000000000000e+00,5.546699159578e+04,1.090000000000e+02
1.270000000000e+02,1.032364849003e+08,9.302153448678e+04,1.336542261198e+06,6.127936187467e-01,3.607417701716e+02,3.842542989968e-04,4.188371859065e-02,0.000000000000e+00,0.000000000000e+00,6.985238804887e+01,0.000000000000e+00,0.000000000000e+00,0.000000000000e+00,0.000000000000e+00,7.624264174446e-04,8.310447950146e-02,2.673448900474e+02,2.694077758789e+02,0.000000000000e+00,1.138350434558e+00,0.000000000000e+00,5.546836063695e+04,1.090000000000e+02
1.280000000000e+02,1.032364151172e+08,9.309131761886e+04,1.338812157382e+06,6.132132729033e-01,3.610983407588e+02,4.085462534494e-04,4.453154162598e-02,0.000000000000e+00,0.000000000000e+00,6.978313208657e+01,0.000000000000e+00,0.000000000000e+00,0.000000000000e+00,0.000000000000e+00,7.785890015648e-04,8.486620117056e-02,2.674783396335e+02,2.699099731445e+02,0.000000000000e+00,1.137086132787e+00,0.000000000000e+00,5.546971056381e+04,1.090000000000e+02
1.290000000000e+02,1.032364105589e+08,9.308117663381e+04,1.341350893211e+06,6.136333874164e-01,3.615271236733e+02,4.440412376317e-04,4.840049490186e-02,0.000000000000e+00,1.469986160173e+01,4.558876551292e+00,0.000000000000e+00,0.000000000000e+00,0.000000000000e+00,0.000000000000e+00,8.588631803010e-04,9.361608665281e-02,2.676077597756e+02,2.703914794922e+02,0.000000000000e+00,1.135141688343e+00,1.469986160173e+01,5.547097749295e+04,1.090000000000e+02
1.300000000000e+02,1.032364033293e+08,9.306311477488e+04,1.345541335796e+06,6.152323841903e-01,3.617075862935e+02,4.846311975371e-04,5.282480053155e-02,0.000000000000e+00,2.529133080541e+01,7.229471870579e+00,0.000000000000e+00,0.000000000000e+00,0.000000000000e+00,0.000000000000e+00,1.173741733020e-03,1.279378488992e-01,2.677100096296e+02,2.702321166992e+02,0.000000000000e+00,1.132911800136e+00,2.529133080541e+01,5.547196028802e+04,1.090000000000e+02
1.310000000000e+02,1.032363724101e+08,9.306860068472e+04,1.350382481866e+06,6.172576422924e-01,3.618135062056e+02,4.855419770951e-04,5.292407550336e-02,0.000000000000e+00,2.543428653619e+01,3.092019638194e+01,0.000000000000e+00,0.000000000000e+00,0.000000000000e+00,0.000000000000e+00,1.283477160292e-03,1.398990104719e-01,2.677808094618e+02,2.700245056152e+02,0.000000000000e+00,1.131942068066e+00,2.543428653619e+01,5.547263696343e+04,1.090000000000e+02
1.320000000000e+02,1.032363292510e+08,9.308473224450e+04,1.353868835242e+06,6.184622313093e-01,3.620357334031e+02,4.837023130250e-04,5.272355211973e-02,0.000000000000e+00,2.702655918253e+01,4.315811896443e+01,0.000000000000e+00,0.000000000000e+00,0.000000000000e+00,0.000000000000e+00,1.056980957189e-03,1.152109243336e-01,2.678670813377e+02,2.705227355957e+02,0.000000000000e+00,1.131318812373e+00,2.702655918253e+01,5.547345664452e+04,1.090000000000e+02
1.330000000000e+02,1.032362594407e+08,9.312608695002e+04,1.356529930169e+06,6.191419329816e-01,3.623439913278e+02,4.904235605559e-04,5.345616810059e-02,0.000000000000e+00,2.845512171241e+01,6.980982723076e+01,0.000000000000e+00,0.000000000000e+00,0.000000000000e+00,0.000000000000e+00,9.273583299814e-04,1.010820579680e-01,2.679494623604e+02,2.704778747559e+02,0.000000000000e+00,1.131182987128e+00,2.845512171241e+01,5.547423845306e+04,1.090000000000e+02
1.340000000000e+02,1.032361633231e+08,9.319527075317e+04,1.358597681080e+06,6.195590331566e-01,3.626470316873e+02,5.101494961658e-04,5.560629508207e-02,0.000000000000e+00,2.693351336461e+01,9.611731651521e+01,0.000000000000e+00,0.000000000000e+00,0.000000000000e+00,0.000000000000e+00,8.490371122079e-04,9.254504523066e-02,2.680308100563e+02,2.707965087891e+02,0.000000000000e+00,1.130572501258e+00,2.693351336461e+01,5.547499764333e+04,1.090000000000e+02
1.350000000000e+02,1.032360736248e+08,9.325496934185e+04,1.360370176691e+06,6.198971162623e-01,3.629161362908e+02,5.744373533953e-04,6.261367152009e-02,0.000000000000e+00,2.999921464058e+01,8.969780331819e+01,0.000000000000e+00,0.000000000000e+00,0.000000000000e+00,0.000000000000e+00,8.638623009836e-04,9.416099080721e-02,2.681307896730e+02,2.715332641602e+02,0.000000000000e+00,1.130440000100e+00,2.999921464058e+01,5.547591100847e+04,1.090000000000e+02
1.360000000000e+02,1.032359867135e+08,9.330921834024e+04,1.361592146109e+06,6.199165834731e-01,3.632255589395e+02,6.559984870051e-04,7.150383508356e-02,0.000000000000e+00,3.266200494621e+01,8.691100333233e+01,0.000000000000e+00,0.000000000000e+00,0.000000000000e+00,0.000000000000e+00,8.548841367231e-04,9.318237090282e-02,2.682185736243e+02,2.717089233398e+02,0.000000000000e+00,1.128364917570e+00,3.266200494621e+01,5.547669879249e+04,1.090000000000e+02
1.370000000000e+02,1.032359013912e+08,9.335769797069e+04,1.362367494610e+06,6.196630290211e-01,3.635742464250e+02,6.931227045135e-04,7.555037479197e-02,0.000000000000e+00,3.684248771645e+01,8.532211817418e+01,0.000000000000e+00,0.000000000000e+00,0.000000000000e+00,0.000000000000e+00,8.170928560892e-04,8.906312131372e-02,2.683371522638e+02,2.724472961426e+02,0.000000000000e+00,1.127160321836e+00,3.684248771645e+01,5.547774414936e+04,1.090000000000e+02
1.380000000000e+02,1.032358170548e+08,9.340004976064e+04,1.363055241203e+06,6.194074960650e-01,3.639011844397e+02,6.619413517173e-04,7.215160733718e-02,0.000000000000e+00,4.198390416649e+01,8.433569411142e+01,0.000000000000e+00,0.000000000000e+00,0.000000000000e+00,0.000000000000e+00,7.715470819844e-04,8.409863193630e-02,2.684548443518e+02,2.728903503418e+02,0.000000000000e+00,1.126668970409e+00,4.198390416649e+01,5.547875935972e+04,1.090000000000e+02
1.390000000000e+02,1.032360599852e+08,9.350846722046e+04,1.363875628678e+06,6.192324503406e-01,3.642153697255e+02,6.641307428267e-04,7.239025096811e-02,0.000000000000e+00,5.700413894556e+01,-2.429310827405e+02,6.752391283443e-05,7.360106498953e-03,0.000000000000e+00,0.000000000000e+00,8.625219006167e-04,9.401488716722e-02,2.685969605846e+02,2.731107177734e+02,0.000000000000e+00,1.124168970409e+00,5.700413894556e+01,5.547994039046e+04,1.090000000000e+02
1.400000000000e+02,1.032480003833e+08,9.596175458614e+04,1.351235680470e+06,6.129867665361e-01,3.644772794644e+02,5.996232840137e-04,6.535893795750e-02,0.000000000000e+00,3.856150557367e+02,-1.194039599035e+04,2.443784181025e-03,2.663724757318e-01,0.000000000000e+00,0.000000000000e+00,9.292073253068e-04,1.012835984584e-01,2.694149918570e+02,2.735635070801e+02,0.000000000000e+00,9.944681666038e-01,3.856150557367e+02,5.548590615328e+04,1.090000000000e+02
1.410000000000e+02,1.032726422517e+08,1.039368919039e+05,1.323781211993e+06,5.996567573499e-01,3.649552142291e+02,4.847783748104e-04,5.284084285433e-02,0.000000000000e+00,1.893188042678e+03,-2.464186830624e+04,4.515522721226e-03,4.921919766136e-01,1.190089155764e-03,1.297197179783e-01,4.284312562207e-04,4.669900692805e-02,2.707795531394e+02,2.737495727539e+02,0.000000000000e+00,7.014589473339e-01,1.893188042678e+03,5.549411999320e+04,1.090000000000e+02
1.420000000000e+02,1.033077308349e+08,1.242965655414e+05,1.267224814820e+06,5.729351558224e-01,3.656063189760e+02,2.695656496720e-04,2.938265581425e-02,0.000000000000e+00,1.363480324034e+04,-3.508858373482e+04,9.109576576672e-03,9.929438468573e-01,2.310269155090e-03,2.518193379048e-01,0.000000000000e+00,0.000000000000e+00,2.725654551787e+02,2.749679870605e+02,0.000000000000e+00,2.611890700751e-01,1.363480324034e+04,5.550184878077e+04,1.090000000000e+02
1.430000000000e+02,1.033284151275e+08,1.464722545415e+05,1.181092027707e+06,5.330327403144e-01,3.662538943096e+02,5.741355920457e-05,6.258077953299e-03,0.000000000000e+00,5.223626579132e+04,-2.068429059720e+04,1.418599326152e-02,1.546273265505e+00,1.532840258792e-03,1.670795882084e-01,0.000000000000e+00,0.000000000000e+00,2.730716057641e+02,2.757260437012e+02,0.000000000000e+00,3.888888888848e-03,5.223626579132e+04,5.550351345666e+04,1.090000000000e+02
1.440000000000e+02,1.033323449894e+08,1.645640145639e+05,1.079281198447e+06,4.862703678152e-01,3.668675307774e+02,-5.915315489649e-05,-6.447693883718e-03,0.000000000000e+00,8.716843411726e+04,-3.929849690794e+03,1.688768302240e-02,1.840757449442e+00,1.160609377271e-03,1.265064221225e-01,0.000000000000e+00,0.000000000000e+00,2.730649486896e+02,2.760657348633e+02,0.000000000000e+00,3.425925925905e-03,8.716843411726e+04,5.550349812231e+04,1.090000000000e+02
1.450000000000e+02,1.033349556157e+08,1.797050119738e+05,9.690724127042e+05,4.359324677726e-01,3.674425533569e+02,-1.178953435894e-04,-1.285059245124e-02,0.000000000000e+00,1.200239377308e+05,-2.610626733605e+03,1.833456855543e-02,1.998467972541e+00,4.438698896926e-03,4.838181797649e-01,0.000000000000e+00,0.000000000000e+00,2.730630827501e+02,2.761352539062e+02,0.000000000000e+00,6.203703703679e-03,1.200239377308e+05,5.550349398063e+04,1.090000000000e+02
1.460000000000e+02,1.033368397681e+08,1.921829250374e+05,8.576458070463e+05,3.852202238417e-01,3.680029332667e+02,-1.238102970413e-04,-1.349532237750e-02,0.000000000000e+00,1.561604586101e+05,-1.884144198138e+03,1.854177949637e-02,2.021053965104e+00,9.644317035511e-03,1.051230556871e+00,0.000000000000e+00,0.000000000000e+00,2.730608317075e+02,2.759951782227e+02,0.000000000000e+00,9.259259259233e-03,1.561604586101e+05,5.550348866225e+04,1.090000000000e+02
1.470000000000e+02,1.033383056659e+08,2.037231472574e+05,7.398357742131e+05,3.318254191946e-01,3.685344193803e+02,-1.427219149803e-04,-1.555668873285e-02,0.000000000000e+00,1.428963853829e+05,-1.465893657280e+03,1.961578633064e-02,2.138120710040e+00,6.153734925912e-03,6.707571069244e-01,0.000000000000e+00,0.000000000000e+00,2.730551908644e+02,2.762627258301e+02,0.000000000000e+00,7.037037037020e-03,1.428963853829e+05,5.550347440507e+04,1.090000000000e+02
1.480000000000e+02,1.033394279911e+08,2.156686571655e+05,6.178225597872e+05,2.767226167692e-01,3.690382000879e+02,-1.520820415630e-04,-1.657694253036e-02,0.000000000000e+00,1.244400061757e+05,-1.122326186900e+03,2.031995360904e-02,2.214874943385e+00,2.409071570770e-03,2.625888012139e-01,0.000000000000e+00,0.000000000000e+00,2.730542483826e+02,2.762880859375e+02,0.000000000000e+00,5.462962962957e-03,1.244400061757e+05,5.550347192680e+04,1.090000000000e+02
1.490000000000e+02,1.033403197881e+08,2.258723634155e+05,4.968917810010e+05,2.222832175901e-01,3.694936499350e+02,-1.666542108842e-04,-1.816530898637e-02,0.000000000000e+00,1.499134863369e+05,-8.916895601626e+02,2.015562592985e-02,2.196963226354e+00,6.457944712909e-03,7.039159737070e-01,0.000000000000e+00,0.000000000000e+00,2.730579522407e+02,2.766585998535e+02,0.000000000000e+00,4.166666666669e-03,1.499134863369e+05,5.550348390618e+04,1.090000000000e+02
1.500000000000e+02,1.033408615901e+08,2.354462103458e+05,3.610572387434e+05,1.613945307342e-01,3.697759543573e+02,-2.491958863327e-04,-2.716235161026e-02,0.000000000000e+00,1.553873214894e+05,-5.417111219298e+02,2.270160529714e-02,2.474474977388e+00,4.654793194701e-03,5.073724582224e-01,0.000000000000e+00,0.000000000000e+00,2.730502953293e+02,2.772521362305e+02,0.000000000000e+00,9.166666666696e-03,1.553873214894e+05,5.550346039710e+04,1.090000000000e+02
1.510000000000e+02,1.033412506478e+08,2.454011010158e+05,2.146748579432e+05,9.594935095168e-02,3.698185872830e+02,-2.850988727385e-04,-3.107577712849e-02,0.000000000000e+00,1.467781694180e+05,-3.890497908184e+02,2.448099547585e-02,2.668428506867e+00,1.490126518775e-03,1.624237905465e-01,0.000000000000e+00,0.000000000000e+00,2.730516122189e+02,2.768986206055e+02,0.000000000000e+00,1.111111111116e-02,1.467781694180e+05,5.550346622762e+04,1.090000000000e+02
1.520000000000e+02,1.033416511771e+08,2.543999580275e+05,6.964268698936e+04,3.117918335866e-02,3.691851634417e+02,-2.749231916930e-04,-2.996662789453e-02,0.000000000000e+00,1.467078761889e+05,-4.005227257266e+02,2.424766583752e-02,2.642995576289e+00,1.555703721889e-03,1.695717056859e-01,0.000000000000e+00,0.000000000000e+00,2.730530731709e+02,2.771823425293e+02,0.000000000000e+00,1.111111111115e-02,1.467078761889e+05,5.550347185615e+04,1.090000000000e+02
1.530000000000e+02,1.033427202893e+08,1.232253608489e+05,3.041307598831e+03,1.372945849127e-03,3.661252688722e+02,-3.857496604407e-04,-4.204671298804e-02,2.695751350583e-03,2.060743097799e+05,-9.194964941251e+02,1.114227636526e-02,1.214508123814e+00,1.162604702372e-03,1.267239125585e-01,0.000000000000e+00,0.000000000000e+00,2.735874676677e+02,2.772532348633e+02,9.259259259247e-04,5.185185185182e-03,2.060743097799e+05,5.550417652576e+04,1.090000000000e+02
1.540000000000e+02,1.033480609772e+08,6.565990331620e+04,2.625210507006e+01,1.197498740398e-05,3.624922540949e+02,4.140514796046e-04,4.513161127690e-02,-5.438926780264e-02,6.429757471407e+04,-8.359562155542e+03,5.036160583552e-04,5.489415036072e-02,1.911213541582e-03,2.083222760325e-01,0.000000000000e+00,0.000000000000e+00,2.780203864826e+02,2.775728149414e+02,2.907407407405e-02,4.212962962962e-02,6.429757471407e+04,5.550195758146e+04,1.090000000000e+02
1.550000000000e+02,1.033475843486e+08,4.403818563345e+04,6.003717857710e-01,2.761795989007e-07,3.601173702491e+02,1.047865010341e-03,1.142172861271e-01,-1.193127840442e-01,2.805426642487e+04,-6.145463258552e+03,4.282717249047e-06,4.668161801461e-04,2.028136468908e-03,2.210668751110e-01,0.000000000000e+00,0.000000000000e+00,2.791474684923e+02,2.781106567383e+02,4.694444444440e-02,6.379629629626e-02,2.805426642487e+04,5.549878402181e+04,1.090000000000e+02
1.560000000000e+02,1.033457163879e+08,2.664643578868e+04,4.218654353248e-01,1.933320999484e-07,3.604962306999e+02,1.196270251095e-03,1.303934573694e-01,-1.350802775320e-01,2.388373090780e+04,-5.628842547267e+03,3.002471082526e-08,3.272693479953e-06,1.960632663540e-03,2.137089603258e-01,0.000000000000e+00,0.000000000000e+00,2.800946806296e+02,2.785783386230e+02,6.537037037031e-02,8.324074074071e-02,2.388373090780e+04,5.549560220712e+04,1.090000000000e+02
1.570000000000e+02,1.033450928368e+08,1.447004654024e+04,4.172451516723e-01,1.908207406969e-07,3.610539551397e+02,1.280933530436e-03,1.396217548175e-01,-1.430450446331e-01,1.876251040426e+04,-7.314964129264e+03,7.456698996458e-10,8.127801906139e-08,2.266642136529e-03,2.470639928816e-01,0.000000000000e+00,0.000000000000e+00,2.805410475234e+02,2.790574340820e+02,8.101851851844e-02,9.814814814811e-02,1.876251040426e+04,5.549416515936e+04,1.090000000000e+02
1.580000000000e+02,1.033432148040e+08,6.928804681886e+03,4.168617214714e-01,1.902983702349e-07,3.616548852226e+02,1.360313460119e-03,1.482741671530e-01,-1.503151454520e-01,1.371203081281e+04,-6.463637471517e+03,6.295875355130e-11,6.862504137092e-09,2.070001576354e-03,2.256301718226e-01,0.000000000000e+00,0.000000000000e+00,2.812721475931e+02,2.794629516602e+02,9.583333333325e-02,1.131481481481e-01,1.371203081281e+04,5.549118754685e+04,1.090000000000e+02
1.590000000000e+02,1.033409735090e+08,2.388724384522e+03,4.168198772305e-01,1.899330862337e-07,3.600206584349e+02,1.384371557046e-03,1.508964997180e-01,-1.520430114410e-01,1.043679424527e+04,-6.195971425118e+03,4.968898158671e-12,5.416098992952e-10,1.988721011577e-03,2.167705902619e-01,0.000000000000e+00,0.000000000000e+00,2.815418995716e+02,2.796016235352e+02,1.065740740740e-01,1.274074074074e-01,1.043679424527e+04,5.549017789618e+04,1.090000000000e+02
1.600000000000e+02,1.033410824764e+08,2.840965644745e+01,4.168333432518e-01,1.895871677888e-07,3.606786248659e+02,1.319430352976e-03,1.438179084744e-01,-1.443629516044e-01,8.044998637313e+03,-8.120062287175e+03,0.000000000000e+00,0.000000000000e+00,2.277290280836e-03,2.482246406111e-01,0.000000000000e+00,0.000000000000e+00,2.812254393150e+02,2.791690673828e+02,1.205555555555e-01,1.366666666666e-01,8.044998637313e+03,5.549186046315e+04,1.090000000000e+02
1.610000000000e+02,1.033650614493e+08,4.009502166694e+01,4.168271251025e-01,1.892442815683e-07,3.613331815176e+02,1.388241789063e-03,1.513183550078e-01,-1.512517950965e-01,6.579105301220e+03,-3.237238701609e+04,0.000000000000e+00,0.000000000000e+00,6.442316833867e-03,7.022125348914e-01,0.000000000000e+00,0.000000000000e+00,2.814259442139e+02,2.793969116211e+02,1.317592592592e-01,9.527777777775e-02,6.579105301220e+03,5.549096837222e+04,1.090000000000e+02
1.620000000000e+02,1.033786120182e+08,7.117423804672e+01,4.168215587484e-01,1.889043803234e-07,3.619843696840e+02,1.714075252609e-03,1.868342025344e-01,-1.861547612939e-01,1.226550353911e+04,-2.388073604704e+04,0.000000000000e+00,0.000000000000e+00,5.987392418528e-03,6.526257736195e-01,0.000000000000e+00,0.000000000000e+00,2.815920966119e+02,2.798356933594e+02,1.424074074074e-01,7.092592592591e-02,1.226550353911e+04,5.549019706093e+04,1.090000000000e+02
1.630000000000e+02,1.033801614823e+08,8.055939050802e+01,4.167820405963e-01,1.885674171966e-07,3.626322298763e+02,1.820722281265e-03,1.984587286579e-01,-1.983051826262e-01,9.542782243882e+03,-1.255329062706e+04,0.000000000000e+00,0.000000000000e+00,3.656298209058e-03,3.985365047874e-01,0.000000000000e+00,0.000000000000e+00,2.826516927695e+02,2.808309326172e+02,1.531481481481e-01,7.685185185184e-02,9.542782243882e+03,5.548493978003e+04,1.090000000000e+02
1.640000000000e+02,1.033852783807e+08,8.185039827648e+01,4.167663843904e-01,1.882333449004e-07,3.632768018432e+02,1.939996438499e-03,2.114596117963e-01,-2.110955076906e-01,1.105599507068e+04,-1.682971279997e+04,0.000000000000e+00,0.000000000000e+00,4.614416004471e-03,5.029713444874e-01,0.000000000000e+00,0.000000000000e+00,2.830460126814e+02,2.810282287598e+02,1.639814814814e-01,7.398148148147e-02,1.105599507068e+04,5.548284633053e+04,1.090000000000e+02
1.650000000000e+02,1.033872442731e+08,4.854899741769e+01,4.167700266287e-01,1.879021251693e-07,3.639181245901e+02,1.937558339110e-03,2.111938589630e-01,-2.109440674747e-01,1.038537873776e+04,-1.367011339249e+04,0.000000000000e+00,0.000000000000e+00,3.974382619801e-03,4.332077055583e-01,0.000000000000e+00,0.000000000000e+00,2.829568596745e+02,2.809876098633e+02,1.742592592592e-01,7.972222222221e-02,1.038537873776e+04,5.548332626140e+04,1.090000000000e+02
1.660000000000e+02,1.033935279378e+08,1.727912000720e+02,4.167558274705e-01,1.875737112803e-07,3.645562363983e+02,1.932429365005e-03,2.106348007855e-01,-2.103162751096e-01,1.093701131730e+04,-1.795290301528e+04,0.000000000000e+00,0.000000000000e+00,4.800517337346e-03,5.232563897707e-01,0.000000000000e+00,0.000000000000e+00,2.833053099782e+02,2.814077453613e+02,1.841666666666e-01,7.120370370370e-02,1.093701131730e+04,5.548143180198e+04,1.090000000000e+02
1.670000000000e+02,1.033952076366e+08,4.847438687971e+01,4.167638784442e-01,1.872480606542e-07,3.651911748430e+02,1.960728233638e-03,2.137193774665e-01,-2.131268650005e-01,1.190627292750e+04,-1.350477805007e+04,0.000000000000e+00,0.000000000000e+00,4.186712464672e-03,4.563516586493e-01,0.000000000000e+00,0.000000000000e+00,2.831107049234e+02,2.810485839844e+02,1.923148148148e-01,7.870370370369e-02,1.190627292750e+04,5.548249719874e+04,1.090000000000e+02
1.680000000000e+02,1.033990877953e+08,9.727885517836e+01,4.167533436460e-01,1.869251315776e-07,3.658229768109e+02,1.952341479715e-03,2.128052212890e-01,-2.126027808459e-01,1.039101095395e+04,-1.567610562703e+04,0.000000000000e+00,0.000000000000e+00,4.320266149279e-03,4.709090102714e-01,0.000000000000e+00,0.000000000000e+00,2.833661243685e+02,2.814255371094e+02,2.006481481481e-01,7.537037037036e-02,1.039101095395e+04,5.548109556915e+04,1.090000000000e+02
1.690000000000e+02,1.034013438212e+08,4.251273171159e+01,4.167544911962e-01,1.866048844694e-07,3.664516785177e+02,2.014936143419e-03,2.196280396326e-01,-2.192093715057e-01,1.160563389283e+04,-1.441840503575e+04,0.000000000000e+00,0.000000000000e+00,4.298036198696e-03,4.684859456579e-01,0.000000000000e+00,0.000000000000e+00,2.833390927480e+02,2.815067443848e+02,2.093518518518e-01,8.018518518518e-02,1.160563389283e+04,5.548124542070e+04,1.090000000000e+02
1.700000000000e+02,1.033923417071e+08,3.598396344191e+01,4.167258829133e-01,1.862872796640e-07,3.670773155242e+02,1.923832330253e-03,2.096977239975e-01,-2.095413995714e-01,9.094776310303e+03,-2.623501330800e+03,0.000000000000e+00,0.000000000000e+00,1.938071238175e-03,2.112497649611e-01,0.000000000000e+00,0.000000000000e+00,2.840096519208e+02,2.821379394531e+02,2.192592592592e-01,1.082407407407e-01,9.094776310303e+03,5.547745120219e+04,1.090000000000e+02
1.710000000000e+02,1.033805294129e+08,2.983048850101e+01,4.167161375070e-01,1.859722778677e-07,3.676999227528e+02,1.734177713617e-03,1.890253707843e-01,-1.888960270708e-01,6.602749133971e+03,1.332604617786e+03,0.000000000000e+00,0.000000000000e+00,8.716508190003e-04,9.500993927103e-02,0.000000000000e+00,0.000000000000e+00,2.842308319330e+02,2.824451293945e+02,2.293518518518e-01,1.374074074074e-01,6.602749133971e+03,5.547616328596e+04,1.090000000000e+02
1.720000000000e+02,1.033767061164e+08,2.857904136722e+01,4.167145324089e-01,1.856598410619e-07,3.683195345027e+02,1.545001649982e-03,1.684051798480e-01,-1.682964830214e-01,5.309962252365e+03,-5.513425179812e+03,0.000000000000e+00,0.000000000000e+00,1.790655817957e-03,1.951814841573e-01,0.000000000000e+00,0.000000000000e+00,2.842669431463e+02,2.823237609863e+02,2.367592592592e-01,1.504629629629e-01,5.309962252365e+03,5.547595188612e+04,1.090000000000e+02
1.730000000000e+02,1.033881516155e+08,3.376193177890e+01,4.167226999786e-01,1.853499311619e-07,3.689361844651e+02,1.502644471042e-03,1.637882473435e-01,-1.636770636812e-01,5.982327658381e+03,-2.052600213577e+04,0.000000000000e+00,0.000000000000e+00,4.385593558765e-03,4.780296979054e-01,0.000000000000e+00,0.000000000000e+00,2.840818651529e+02,2.824651489258e+02,2.436111111110e-01,1.338888888889e-01,5.982327658381e+03,5.547703421735e+04,1.090000000000e+02
1.740000000000e+02,1.034020562955e+08,3.859407354093e+01,4.167242323953e-01,1.850425112849e-07,3.695499057381e+02,1.650680220683e-03,1.799241440544e-01,-1.797894884572e-01,8.058817118849e+03,-2.387918575229e+04,0.000000000000e+00,0.000000000000e+00,5.283608945998e-03,5.759133751138e-01,0.000000000000e+00,0.000000000000e+00,2.840476475068e+02,2.821457519531e+02,2.503703703704e-01,1.124074074074e-01,8.058817118849e+03,5.547723150149e+04,1.090000000000e+02
1.750000000000e+02,1.034096747359e+08,4.089397690172e+01,4.167121758270e-01,1.847375486018e-07,3.701607308404e+02,1.844337471151e-03,2.010327843554e-01,-2.008758923892e-01,9.313195258666e+03,-1.876264356090e+04,0.000000000000e+00,0.000000000000e+00,4.644763440186e-03,5.062792149803e-01,0.000000000000e+00,0.000000000000e+00,2.843217861743e+02,2.825447692871e+02,2.598148148148e-01,1.029629629629e-01,9.313195258666e+03,5.547562487448e+04,1.090000000000e+02
1.760000000000e+02,1.034239551069e+08,3.005871142917e+02,4.166971130513e-01,1.844350120047e-07,3.707686917256e+02,1.976980783183e-03,2.154909053670e-01,-2.151985375264e-01,1.134156158631e+04,-2.621878022121e+04,0.000000000000e+00,0.000000000000e+00,6.257270318327e-03,6.820424646976e-01,0.000000000000e+00,0.000000000000e+00,2.846598989164e+02,2.828715820313e+02,2.682407407407e-01,7.166666666667e-02,1.134156158631e+04,5.547360729839e+04,1.090000000000e+02
1.770000000000e+02,1.034298639705e+08,2.007077516160e+02,4.167182199673e-01,1.841348565488e-07,3.713738197949e+02,2.107015038425e-03,2.296646391883e-01,-2.279890465340e-01,1.664919461602e+04,-1.855691849910e+04,0.000000000000e+00,0.000000000000e+00,5.821113733963e-03,6.345013970020e-01,0.000000000000e+00,0.000000000000e+00,2.841894221256e+02,2.822342224121e+02,2.731481481481e-01,6.703703703703e-02,1.664919461602e+04,5.547640260536e+04,1.090000000000e+02
1.780000000000e+02,1.034226540139e+08,3.953665849970e+01,4.167352888226e-01,1.838370543436e-07,3.719761459106e+02,1.916627956221e-03,2.089124472281e-01,-2.086053991803e-01,1.090009795683e+04,-4.363252169532e+03,0.000000000000e+00,0.000000000000e+00,2.500227168002e-03,2.725247613123e-01,0.000000000000e+00,0.000000000000e+00,2.837956428046e+02,2.820247192383e+02,2.803703703703e-01,9.462962962960e-02,1.090009795683e+04,5.547868266663e+04,1.090000000000e+02
1.790000000000e+02,1.034119055723e+08,3.437627654267e+01,4.166946372239e-01,1.835415721392e-07,3.725757004086e+02,1.719364483233e-03,1.874107286724e-01,-1.872740070423e-01,8.066612177952e+03,3.589265670889e+02,0.000000000000e+00,0.000000000000e+00,1.275011291868e-03,1.389762308136e-01,0.000000000000e+00,0.000000000000e+00,2.847128640260e+02,2.832162170410e+02,2.895370370370e-01,1.218518518518e-01,8.066612177952e+03,5.547329131000e+04,1.090000000000e+02
1.800000000000e+02,1.034020935258e+08,2.986272303174e+01,4.166564290719e-01,1.832483776772e-07,3.731725131102e+02,1.696964580147e-03,1.849691392360e-01,-1.848423872914e-01,6.376490580352e+03,-4.416156626063e+02,0.000000000000e+00,0.000000000000e+00,1.128012567721e-03,1.229533698816e-01,0.000000000000e+00,0.000000000000e+00,2.855362138077e+02,2.837638244629e+02,2.945370370370e-01,1.454629629629e-01,6.376490580352e+03,5.546821834884e+04,1.090000000000e+02
1.810000000000e+02,1.034002206600e+08,2.992421783992e+01,4.166557758491e-01,1.829574396480e-07,3.737666133343e+02,1.633808468390e-03,1.780851230545e-01,-1.779657479433e-01,5.541717718919e+03,-7.998870109549e+03,0.000000000000e+00,0.000000000000e+00,2.240644722345e-03,2.442302747356e-01,0.000000000000e+00,0.000000000000e+00,2.855494750304e+02,2.838768920898e+02,3.006481481481e-01,1.539814814815e-01,5.541717718919e+03,5.546813533836e+04,1.090000000000e+02
1.820000000000e+02,1.034015083791e+08,2.947229858281e+01,4.166728670078e-01,1.826687265522e-07,3.743580299087e+02,1.612466920502e-03,1.757588943348e-01,-1.756372729377e-01,5.706744923872e+03,-1.103048830157e+04,0.000000000000e+00,0.000000000000e+00,2.769245380415e-03,3.018477464653e-01,0.000000000000e+00,0.000000000000e+00,2.851847562876e+02,2.833965148926e+02,3.099074074074e-01,1.563888888889e-01,5.706744923872e+03,5.547040907168e+04,1.090000000000e+02
1.830000000000e+02,1.034051656149e+08,3.086882359230e+01,4.166816585838e-01,1.823822068186e-07,3.749467911817e+02,1.620234163601e-03,1.766055238325e-01,-1.764818737295e-01,5.694498903704e+03,-1.344713392373e+04,0.000000000000e+00,0.000000000000e+00,3.167144540372e-03,3.452187549005e-01,0.000000000000e+00,0.000000000000e+00,2.849943284548e+02,2.832008056641e+02,3.161111111111e-01,1.542592592592e-01,5.694498903704e+03,5.547158046543e+04,1.090000000000e+02
1.840000000000e+02,1.034186480054e+08,3.626823201540e+01,4.166726632852e-01,1.820978536826e-07,3.755329250321e+02,1.700896694498e-03,1.853977397003e-01,-1.852605204429e-01,6.891073774263e+03,-2.375925278024e+04,0.000000000000e+00,0.000000000000e+00,5.071357321049e-03,5.527779479944e-01,0.000000000000e+00,0.000000000000e+00,2.851894381527e+02,2.836847839355e+02,3.212037037036e-01,1.327777777777e-01,6.891073774263e+03,5.547037828464e+04,1.090000000000e+02
1.850000000000e+02,1.034318858366e+08,4.099216266324e+01,4.166793443676e-01,1.818156364458e-07,3.761164588806e+02,1.785542216584e-03,1.946241016077e-01,-1.944691525727e-01,8.984454176530e+03,-2.402549528302e+04,0.000000000000e+00,0.000000000000e+00,5.461671149909e-03,5.953221553400e-01,0.000000000000e+00,0.000000000000e+00,2.850468905489e+02,2.836751708984e+02,3.324074074073e-01,1.120370370370e-01,8.984454176530e+03,5.547125608846e+04,1.090000000000e+02
1.860000000000e+02,1.034295160804e+08,3.670662325710e+01,4.166864442137e-01,1.815355266048e-07,3.766974196996e+02,1.800453737202e-03,1.962494573550e-01,-1.960943362417e-01,9.196774996905e+03,-8.508238871551e+03,0.000000000000e+00,0.000000000000e+00,2.928856807220e-03,3.192453919870e-01,0.000000000000e+00,0.000000000000e+00,2.848921672028e+02,2.835539245605e+02,3.444444444444e-01,1.216666666666e-01,9.196774996905e+03,5.547220272133e+04,1.090000000000e+02
1.870000000000e+02,1.034231484210e+08,3.328042648168e+01,4.166769863418e-01,1.812574959715e-07,3.772758340231e+02,1.728380173029e-03,1.883934388602e-01,-1.882551466667e-01,7.231241355961e+03,-4.075422686519e+03,0.000000000000e+00,0.000000000000e+00,1.870648702640e-03,2.039007085878e-01,0.000000000000e+00,0.000000000000e+00,2.850966013663e+02,2.836198730469e+02,3.556481481481e-01,1.393518518518e-01,7.231241355961e+03,5.547095145357e+04,1.090000000000e+02
1.880000000000e+02,1.034180771367e+08,3.003251595216e+01,4.166867123382e-01,1.809815171019e-07,3.778517279566e+02,1.620930294837e-03,1.766814021373e-01,-1.765555099050e-01,6.293455350120e+03,-4.722788301975e+03,0.000000000000e+00,0.000000000000e+00,1.822532833417e-03,1.986560788425e-01,0.000000000000e+00,0.000000000000e+00,2.848853436571e+02,2.832793273926e+02,3.668518518517e-01,1.527777777778e-01,6.293455350120e+03,5.547224653542e+04,1.090000000000e+02
1.890000000000e+02,1.034186355098e+08,3.087972719818e+01,4.166825641890e-01,1.807075629274e-07,3.784251271864e+02,1.497845661019e-03,1.632651770511e-01,-1.631520440529e-01,5.720511017274e+03,-9.608963172947e+03,0.000000000000e+00,0.000000000000e+00,2.536435736774e-03,2.764714953084e-01,0.000000000000e+00,0.000000000000e+00,2.849756116178e+02,2.832844848633e+02,3.779629629628e-01,1.562962962963e-01,5.720511017274e+03,5.547169565117e+04,1.090000000000e+02
1.900000000000e+02,1.034234526523e+08,3.181136654378e+01,4.166933083750e-01,1.804356070741e-07,3.789960569886e+02,1.470889600412e-03,1.603269664449e-01,-1.602126751500e-01,6.246140193950e+03,-1.370474487790e+04,0.000000000000e+00,0.000000000000e+00,3.300751466897e-03,3.597819098918e-01,0.000000000000e+00,0.000000000000e+00,2.847414095409e+02,2.829555969238e+02,3.885185185184e-01,1.512962962963e-01,6.246140193950e+03,5.547312053285e+04,1.090000000000e+02
1.910000000000e+02,1.034450875337e+08,4.284718837214e+01,4.167228213231e-01,1.801656233889e-07,3.795645422383e+02,1.457107990498e-03,1.588247709643e-01,-1.587017659627e-01,7.922094611338e+03,-3.043906061241e+04,0.000000000000e+00,0.000000000000e+00,6.346949878842e-03,6.918175367938e-01,0.000000000000e+00,0.000000000000e+00,2.840817502415e+02,2.824926147461e+02,3.988888888888e-01,1.137037037037e-01,7.922094611338e+03,5.547703414490e+04,1.090000000000e+02
1.920000000000e+02,1.034568111514e+08,4.457515828570e+01,4.167060979370e-01,1.798975862615e-07,3.801306074179e+02,1.647531196320e-03,1.795809003989e-01,-1.794026649700e-01,1.204285318306e+04,-2.167640444711e+04,0.000000000000e+00,0.000000000000e+00,5.578152967825e-03,6.080186734930e-01,0.000000000000e+00,0.000000000000e+00,2.844609307197e+02,2.827685852051e+02,4.087962962963e-01,9.203703703701e-02,1.204285318306e+04,5.547479998218e+04,1.090000000000e+02
1.930000000000e+02,1.034470073252e+08,3.806103948444e+01,4.166771045484e-01,1.796314709797e-07,3.806942766259e+02,1.685995953966e-03,1.837735589823e-01,-1.836277340844e-01,9.705636337721e+03,-3.827932232952e+02,0.000000000000e+00,0.000000000000e+00,1.668683653889e-03,1.818865182739e-01,0.000000000000e+00,0.000000000000e+00,2.850958817344e+02,2.836785278320e+02,4.183333333333e-01,1.195370370370e-01,9.705636337721e+03,5.547095550901e+04,1.090000000000e+02
1.940000000000e+02,1.034538288879e+08,4.286307216848e+01,4.166650547821e-01,1.793672523779e-07,3.812555735847e+02,1.718307355260e-03,1.872955017233e-01,-1.871479324333e-01,9.037962835834e+03,-1.720293361656e+04,0.000000000000e+00,0.000000000000e+00,4.342165537055e-03,4.732960435390e-01,0.000000000000e+00,0.000000000000e+00,2.853544000336e+02,2.839899291992e+02,4.279629629629e-01,1.097222222222e-01,9.037962835834e+03,5.546935327165e+04,1.090000000000e+02
1.950000000000e+02,1.034745257057e+08,8.245183037887e+02,4.166790488835e-01,1.791049072555e-07,3.818145216486e+02,1.831606881203e-03,1.996451500511e-01,-1.985218909444e-01,1.647450005962e+04,-3.170914703260e+04,0.000000000000e+00,0.000000000000e+00,8.108708234288e-03,8.838491975374e-01,0.000000000000e+00,0.000000000000e+00,2.850567284964e+02,2.839898071289e+02,4.383333333333e-01,5.990740740744e-02,1.647450005962e+04,5.547119491008e+04,1.090000000000e+02
1.960000000000e+02,1.034819652487e+08,7.806272415599e+02,4.166808360390e-01,1.788444112760e-07,3.823711438121e+02,1.853357817692e-03,2.020160021284e-01,-1.986416399374e-01,2.627979014200e+04,-1.845871569648e+04,0.000000000000e+00,0.000000000000e+00,7.422884813524e-03,8.090944446741e-01,0.000000000000e+00,0.000000000000e+00,2.850210940059e+02,2.841086730957e+02,4.484259259259e-01,4.574074074076e-02,2.627979014200e+04,5.547141458736e+04,1.090000000000e+02
1.970000000000e+02,1.034809222653e+08,1.516046706139e+02,4.166948592289e-01,1.785857413327e-07,3.829254627165e+02,1.863985289513e-03,2.031743965569e-01,-2.015519577962e-01,1.745562219312e+04,-1.013780961480e+04,0.000000000000e+00,0.000000000000e+00,4.474376993449e-03,4.877070922860e-01,0.000000000000e+00,0.000000000000e+00,2.847145489126e+02,2.834442443848e+02,4.581481481481e-01,6.157407407407e-02,1.745562219312e+04,5.547328071143e+04,1.090000000000e+02
1.980000000000e+02,1.034733385544e+08,4.116318447493e+01,4.167167581443e-01,1.783288748033e-07,3.834775006583e+02,1.745538171903e-03,1.902636607375e-01,-1.899562523506e-01,1.140065964614e+04,-2.954261811303e+03,0.000000000000e+00,0.000000000000e+00,2.358525634900e-03,2.570792942041e-01,0.000000000000e+00,0.000000000000e+00,2.842231696960e+02,2.832254028320e+02,4.674999999999e-01,8.879629629627e-02,1.140065964614e+04,5.547620739336e+04,1.090000000000e+02
1.990000000000e+02,1.034622048375e+08,3.564045081102e+01,4.167226342929e-01,1.780737890750e-07,3.840272795953e+02,1.555911405478e-03,1.695943431971e-01,-1.694663794703e-01,8.688292308537e+03,1.732118704791e+03,0.000000000000e+00,0.000000000000e+00,1.150597298603e-03,1.254151055477e-01,0.000000000000e+00,0.000000000000e+00,2.840874848782e+02,2.828412170410e+02,4.762962962962e-01,1.162037037037e-01,8.688292308537e+03,5.547700184653e+04,1.090000000000e+02
2.000000000000e+02,1.034615756003e+08,3.660907407087e+01,4.167383384100e-01,1.778204615768e-07,3.845748211546e+02,1.432438545507e-03,1.561358014602e-01,-1.560204315606e-01,7.566660509889e+03,-8.026618277680e+03,0.000000000000e+00,0.000000000000e+00,2.579822804757e-03,2.812006857185e-01,0.000000000000e+00,0.000000000000e+00,2.837236330017e+02,2.824974670410e+02,4.849999999999e-01,1.206481481481e-01,7.566660509889e+03,5.547909485017e+04,1.090000000000e+02
2.010000000000e+02,1.034604789580e+08,3.485869464939e+01,4.167473608530e-01,1.775688714202e-07,3.851201466385e+02,1.397631267146e-03,1.523418081189e-01,-1.522256857366e-01,7.990213297884e+03,-7.348946537922e+03,0.000000000000e+00,0.000000000000e+00,2.537294169418e-03,2.765650644666e-01,0.000000000000e+00,0.000000000000e+00,2.835106542174e+02,2.821470336914e+02,4.933333333332e-01,1.265740740740e-01,7.990213297884e+03,5.548029636505e+04,1.090000000000e+02
2.020000000000e+02,1.034514500809e+08,3.072889600249e+01,4.167436578974e-01,1.773189974688e-07,3.856632770317e+02,1.278909711838e-03,1.394011585904e-01,-1.393013810501e-01,6.574803194135e+03,1.300293816060e+03,0.000000000000e+00,0.000000000000e+00,8.724185109358e-04,9.509361769200e-02,0.000000000000e+00,0.000000000000e+00,2.835974749641e+02,2.823159179688e+02,5.013888888888e-01,1.466666666666e-01,6.574803194135e+03,5.547980975523e+04,1.090000000000e+02
2.030000000000e+02,1.034477089841e+08,2.991645094763e+01,4.167332351921e-01,1.770708183311e-07,3.862042330074e+02,1.237865400223e-03,1.349273286243e-01,-1.348347660422e-01,5.723975069385e+03,-3.739550323604e+03,0.000000000000e+00,0.000000000000e+00,1.565636166956e-03,1.706543421982e-01,0.000000000000e+00,0.000000000000e+00,2.838402994609e+02,2.824949340820e+02,5.091666666666e-01,1.564814814815e-01,5.723975069385e+03,5.547843011795e+04,1.090000000000e+02
2.040000000000e+02,1.034519469936e+08,3.190879400425e+01,4.167206502492e-01,1.768243138892e-07,3.867430349338e+02,1.309206862752e-03,1.427035480400e-01,-1.426019913367e-01,6.027356511651e+03,-1.214936174611e+04,0.000000000000e+00,0.000000000000e+00,3.007127911241e-03,3.277769423252e-01,0.000000000000e+00,0.000000000000e+00,2.841294529269e+02,2.828835449219e+02,5.155555555555e-01,1.510185185185e-01,6.027356511651e+03,5.547675756741e+04,1.090000000000e+02
2.050000000000e+02,1.034516875811e+08,3.028170403155e+01,4.167535277961e-01,1.765794636945e-07,3.872797028800e+02,1.314783602760e-03,1.433114127009e-01,-1.432074203718e-01,6.229759008398e+03,-7.685724449613e+03,0.000000000000e+00,0.000000000000e+00,2.301823551973e-03,2.508987671650e-01,0.000000000000e+00,0.000000000000e+00,2.833614386135e+02,2.819721069336e+02,5.236111111111e-01,1.550000000000e-01,6.229759008398e+03,5.548112746658e+04,1.090000000000e+02
2.060000000000e+02,1.034566386482e+08,3.306740888506e+01,4.167622935514e-01,1.763362479105e-07,3.878142566223e+02,1.228402740492e-03,1.338958987137e-01,-1.337998818866e-01,6.101867400132e+03,-1.237463109096e+04,0.000000000000e+00,0.000000000000e+00,3.056544388542e-03,3.331633383510e-01,0.000000000000e+00,0.000000000000e+00,2.831491240177e+02,2.819758911133e+02,5.320370370370e-01,1.489814814815e-01,6.101867400132e+03,5.548229273605e+04,1.090000000000e+02
2.070000000000e+02,1.034620925084e+08,3.380619722690e+01,4.167504978406e-01,1.760946468938e-07,3.883467156496e+02,1.296214418071e-03,1.412873715697e-01,-1.411811990332e-01,7.093715353325e+03,-1.328694064962e+04,0.000000000000e+00,0.000000000000e+00,3.371175111642e-03,3.674580871690e-01,0.000000000000e+00,0.000000000000e+00,2.834340771321e+02,2.819118041992e+02,5.397222222222e-01,1.412037037037e-01,7.093715353325e+03,5.548072303731e+04,1.090000000000e+02
2.080000000000e+02,1.034604969223e+08,3.242886457584e+01,4.167525469076e-01,1.758546422642e-07,3.888770991693e+02,1.317751399748e-03,1.436349025726e-01,-1.435281766014e-01,6.732140223788e+03,-6.367615924778e+03,0.000000000000e+00,0.000000000000e+00,2.166907987583e-03,2.361929706465e-01,0.000000000000e+00,0.000000000000e+00,2.833850984607e+02,2.818783264160e+02,5.454629629629e-01,1.476851851852e-01,6.732140223788e+03,5.548099575601e+04,1.090000000000e+02
2.090000000000e+02,1.034589572838e+08,3.129695599624e+01,4.167616360215e-01,1.756162147454e-07,3.894054261128e+02,1.210968539674e-03,1.319955708244e-01,-1.318995224626e-01,6.309212728059e+03,-5.778485031177e+03,0.000000000000e+00,0.000000000000e+00,1.999469544594e-03,2.179421803608e-01,0.000000000000e+00,0.000000000000e+00,2.831654567827e+02,2.820270385742e+02,5.529629629629e-01,1.532407407407e-01,6.309212728059e+03,5.548220429097e+04,1.090000000000e+02
2.100000000000e+02,1.034655068060e+08,3.441491608040e+01,4.167799332603e-01,1.753793456574e-07,3.899317151409e+02,1.119025261756e-03,1.219737535315e-01,-1.218846223159e-01,6.547538519273e+03,-1.331219458157e+04,0.000000000000e+00,0.000000000000e+00,3.285162699432e-03,3.580827342381e-01,0.000000000000e+00,0.000000000000e+00,2.827113342103e+02,2.817007446289e+02,5.607407407407e-01,1.436111111111e-01,6.547538519273e+03,5.548463467929e+04,1.090000000000e+02
2.110000000000e+02,1.034757104990e+08,3.803500739696e+01,4.167786125817e-01,1.751440160222e-07,3.904559846490e+02,1.122366698011e-03,1.223379700832e-01,-1.222439824599e-01,8.000053603482e+03,-1.698644466138e+04,0.000000000000e+00,0.000000000000e+00,4.132935972556e-03,4.504900210086e-01,0.000000000000e+00,0.000000000000e+00,2.827449658682e+02,2.819637756348e+02,5.667592592592e-01,1.276851851851e-01,8.000053603482e+03,5.548445671995e+04,1.090000000000e+02
2.120000000000e+02,1.034792647103e+08,3.837396896235e+01,4.167766877484e-01,1.749102101045e-07,3.909782527723e+02,1.191773756796e-03,1.299033394908e-01,-1.297998055220e-01,8.753452405708e+03,-1.075617296584e+04,0.000000000000e+00,0.000000000000e+00,3.226900028575e-03,3.517321031147e-01,0.000000000000e+00,0.000000000000e+00,2.827938580348e+02,2.817910766602e+02,5.732407407407e-01,1.238888888889e-01,8.753452405708e+03,5.548419870035e+04,1.090000000000e+02
2.130000000000e+02,1.034788349898e+08,3.707435161472e+01,4.167916001960e-01,1.746779091339e-07,3.914985373906e+02,1.192304398054e-03,1.299611793879e-01,-1.298568839201e-01,8.429823249239e+03,-6.775523786485e+03,0.000000000000e+00,0.000000000000e+00,2.514884312945e-03,2.741223901110e-01,0.000000000000e+00,0.000000000000e+00,2.824126742404e+02,2.815087585449e+02,5.802777777777e-01,1.275000000000e-01,8.429823249239e+03,5.548618115468e+04,1.090000000000e+02
2.140000000000e+02,1.034859855449e+08,4.079057413481e+01,4.167962190472e-01,1.744470944146e-07,3.920168561336e+02,1.148837087547e-03,1.252232425427e-01,-1.251221728719e-01,8.681171302726e+03,-1.409323303569e+04,0.000000000000e+00,0.000000000000e+00,3.767120339205e-03,4.106161169734e-01,0.000000000000e+00,0.000000000000e+00,2.822918011299e+02,2.814277343750e+02,5.856481481481e-01,1.164814814814e-01,8.681171302726e+03,5.548679436428e+04,1.090000000000e+02
2.150000000000e+02,1.034895425328e+08,4.043422255226e+01,4.167934458996e-01,1.742177506720e-07,3.925332263853e+02,1.182291779495e-03,1.288698039650e-01,-1.287633750193e-01,9.969067012990e+03,-1.070173278689e+04,0.000000000000e+00,0.000000000000e+00,3.418667732568e-03,3.726347828499e-01,0.000000000000e+00,0.000000000000e+00,2.823647544570e+02,2.813230285645e+02,5.917592592592e-01,1.117592592592e-01,9.969067012990e+03,5.548642423741e+04,1.090000000000e+02
2.160000000000e+02,1.034837213579e+08,3.662797310760e+01,4.168082978174e-01,1.739898620110e-07,3.930476652886e+02,1.138012666149e-03,1.240433806102e-01,-1.239459365919e-01,8.694490930789e+03,-1.056347879195e+03,0.000000000000e+00,0.000000000000e+00,1.612462192039e-03,1.757583789323e-01,0.000000000000e+00,0.000000000000e+00,2.819683301684e+02,2.810931091309e+02,5.981481481481e-01,1.264814814814e-01,8.694490930789e+03,5.548840225207e+04,1.090000000000e+02
2.170000000000e+02,1.034960575638e+08,4.453063300424e+01,4.168145926868e-01,1.737634107713e-07,3.935601897501e+02,1.086867277956e-03,1.184685332972e-01,-1.183743694048e-01,9.039399272370e+03,-1.890472894191e+04,0.000000000000e+00,0.000000000000e+00,4.622333283481e-03,5.038343278994e-01,0.000000000000e+00,0.000000000000e+00,2.817958130356e+02,2.810392150879e+02,6.034259259258e-01,1.031481481481e-01,9.039399272370e+03,5.548923626579e+04,1.090000000000e+02
2.180000000000e+02,1.035068785264e+08,2.429436568894e+02,4.168218405594e-01,1.735383809208e-07,3.940708164444e+02,1.128687796085e-03,1.230269697733e-01,-1.224613700377e-01,1.429244825997e+04,-1.761639119411e+04,0.000000000000e+00,0.000000000000e+00,5.313584676628e-03,5.791807297524e-01,0.000000000000e+00,0.000000000000e+00,2.815943502822e+02,2.811347045898e+02,6.097222222221e-01,7.814814814815e-02,1.429244825997e+04,5.549019183448e+04,1.090000000000e+02
2.190000000000e+02,1.035061776338e+08,8.378923073064e+01,4.168102604119e-01,1.733147535872e-07,3.945795618186e+02,1.093432607855e-03,1.191841542562e-01,-1.189051742229e-01,1.221570766441e+04,-5.897168667295e+03,0.000000000000e+00,0.000000000000e+00,2.970915842549e-03,3.238298268378e-01,0.000000000000e+00,0.000000000000e+00,2.819163630726e+02,2.814194335938e+02,6.139814814814e-01,8.509259259258e-02,1.221570766441e+04,5.548865378305e+04,1.090000000000e+02
2.200000000000e+02,1.035104250393e+08,3.566585399802e+02,4.168343672971e-01,1.730925141303e-07,3.950864420961e+02,1.088598516705e-03,1.186572383208e-01,-1.182887999580e-01,1.274984456860e+04,-1.081133758213e+04,0.000000000000e+00,0.000000000000e+00,3.943896384340e-03,4.298847058930e-01,0.000000000000e+00,0.000000000000e+00,2.812312843371e+02,2.805650024414e+02,6.205555555555e-01,7.583333333334e-02,1.274984456860e+04,5.549185943797e+04,1.090000000000e+02
2.210000000000e+02,1.035206855392e+08,1.082683487169e+03,4.168406065027e-01,1.728716534187e-07,3.955914732812e+02,1.069851431181e-03,1.166138059988e-01,-1.152087721116e-01,2.074558848506e+04,-1.665375370556e+04,0.000000000000e+00,0.000000000000e+00,6.315989415056e-03,6.884428462411e-01,0.000000000000e+00,0.000000000000e+00,2.810456293065e+02,2.805459594727e+02,6.246296296295e-01,4.842592592597e-02,2.074558848506e+04,5.549268375633e+04,1.090000000000e+02
2.220000000000e+02,1.035220557476e+08,3.146337582014e+02,4.168471151630e-01,1.726521521493e-07,3.960946711628e+02,1.136238104022e-03,1.238499533384e-01,-1.219897946263e-01,2.257065272838e+04,-8.139861687253e+03,0.000000000000e+00,0.000000000000e+00,4.967253355963e-03,5.414306157999e-01,0.000000000000e+00,0.000000000000e+00,2.808464868583e+02,2.801643371582e+02,6.307407407406e-01,5.518518518520e-02,2.257065272838e+04,5.549354543861e+04,1.090000000000e+02
2.230000000000e+02,1.035166421268e+08,9.071811622439e+01,4.168402144716e-01,1.724339951009e-07,3.965960513186e+02,1.142365200431e-03,1.245178068470e-01,-1.241985722222e-01,1.192158017276e+04,-1.478605953422e+03,0.000000000000e+00,0.000000000000e+00,2.181266871566e-03,2.377580890007e-01,0.000000000000e+00,0.000000000000e+00,2.810572660008e+02,2.803503723145e+02,6.342592592592e-01,7.657407407406e-02,1.192158017276e+04,5.549263286063e+04,1.090000000000e+02
2.240000000000e+02,1.035157440629e+08,9.558440495255e+01,4.168554575706e-01,1.722171634056e-07,3.970956291185e+02,1.009110523536e-03,1.099930470654e-01,-1.098129785244e-01,1.069444865609e+04,-5.195900261184e+03,0.000000000000e+00,0.000000000000e+00,2.629470281642e-03,2.866122606990e-01,0.000000000000e+00,0.000000000000e+00,2.805800180259e+02,2.799125366211e+02,6.393518518518e-01,8.009259259259e-02,1.069444865609e+04,5.549466350779e+04,1.090000000000e+02
2.250000000000e+02,1.035203068622e+08,3.907631482898e+02,4.168571425128e-01,1.720016492878e-07,3.975934197290e+02,9.074037675839e-04,9.890701066665e-02,-9.851826457239e-02,1.309004527895e+04,-1.003009160726e+04,0.000000000000e+00,0.000000000000e+00,3.874543194648e-03,4.223252082166e-01,0.000000000000e+00,0.000000000000e+00,2.805249259630e+02,2.800462036133e+02,6.431481481481e-01,6.833333333334e-02,1.309004527895e+04,5.549488829618e+04,1.090000000000e+02
2.260000000000e+02,1.035299947016e+08,1.675289455445e+03,4.168740665142e-01,1.717874372899e-07,3.980894381163e+02,9.363393422531e-04,1.020609883056e-01,-1.004829097538e-01,2.353464237061e+04,-1.526427143758e+04,0.000000000000e+00,0.000000000000e+00,6.640847047107e-03,7.238523281347e-01,0.000000000000e+00,0.000000000000e+00,2.799482920852e+02,2.794725646973e+02,6.479629629629e-01,3.759259259266e-02,2.353464237061e+04,5.549713482232e+04,1.090000000000e+02
2.270000000000e+02,1.035301230944e+08,2.601571683512e+02,4.168821495613e-01,1.715745121493e-07,3.985836990502e+02,9.387832726256e-04,1.023273767162e-01,-1.003209310297e-01,2.589677189108e+04,-5.696001859821e+03,0.000000000000e+00,0.000000000000e+00,5.007073366325e-03,5.457709969294e-01,0.000000000000e+00,0.000000000000e+00,2.796513859469e+02,2.790285949707e+02,6.516666666666e-01,5.027777777778e-02,2.589677189108e+04,5.549820804524e+04,1.090000000000e+02
2.280000000000e+02,1.035242322342e+08,9.398535466379e+01,4.168902001462e-01,1.713628602297e-07,3.990762171076e+02,8.619950386571e-04,9.395745921363e-02,-9.375042900177e-02,1.113567381098e+04,6.878071378125e+02,0.000000000000e+00,0.000000000000e+00,1.701527873674e-03,1.854665382305e-01,0.000000000000e+00,0.000000000000e+00,2.793358931369e+02,2.787380981445e+02,6.548148148148e-01,7.240740740740e-02,1.113567381098e+04,5.549928299164e+04,1.090000000000e+02
2.290000000000e+02,1.035210632242e+08,6.585150302034e+01,4.168962714567e-01,1.711524674485e-07,3.995670066756e+02,8.384703396328e-04,9.139326701997e-02,-9.125163987794e-02,1.010988477262e+04,-1.895450964290e+03,0.000000000000e+00,0.000000000000e+00,1.981173641935e-03,2.159479269710e-01,0.000000000000e+00,0.000000000000e+00,2.790831747838e+02,2.783651733398e+02,6.585185185185e-01,8.175925925924e-02,1.010988477262e+04,5.550009324169e+04,1.090000000000e+02
2.300000000000e+02,1.035240322508e+08,2.077729072518e+02,4.169072147361e-01,1.709433229023e-07,4.000560819553e+02,8.026538404320e-04,8.748926860708e-02,-8.733287494739e-02,1.059597426698e+04,-7.816088166573e+03,0.000000000000e+00,0.000000000000e+00,3.068410395970e-03,3.344567331608e-01,0.000000000000e+00,0.000000000000e+00,2.785885831633e+02,2.781217346191e+02,6.611111111111e-01,7.296296296296e-02,1.059597426698e+04,5.550154822974e+04,1.090000000000e+02
2.310000000000e+02,1.035340672623e+08,1.404652780308e+03,4.169157676986e-01,1.707354090467e-07,4.005434569649e+02,7.736546820305e-04,8.432836034133e-02,-8.325501888520e-02,2.026714767289e+04,-1.465585307184e+04,0.000000000000e+00,0.000000000000e+00,5.980332408509e-03,6.518562325275e-01,0.000000000000e+00,0.000000000000e+00,2.781508770028e+02,2.777251586914e+02,6.634259259259e-01,3.990740740747e-02,2.026714767289e+04,5.550268382583e+04,1.090000000000e+02
2.320000000000e+02,1.035346560041e+08,3.591497537683e+02,4.169088452491e-01,1.705287154991e-07,4.010291455427e+02,8.283390927691e-04,9.028896111183e-02,-8.861101314961e-02,2.429703066518e+04,-5.506871068502e+03,0.000000000000e+00,0.000000000000e+00,4.769035408365e-03,5.198248595117e-01,0.000000000000e+00,0.000000000000e+00,2.785102521921e+02,2.779897155762e+02,6.655555555555e-01,4.861111111113e-02,2.429703066518e+04,5.550176164547e+04,1.090000000000e+02
2.330000000000e+02,1.035297985520e+08,1.164070882644e+02,4.169171000672e-01,1.703232285480e-07,4.015131613505e+02,8.343784327769e-04,9.094724917268e-02,-9.068214883290e-02,1.167167117069e+04,-1.756287778435e+02,0.000000000000e+00,0.000000000000e+00,1.920618063166e-03,2.093473688851e-01,0.000000000000e+00,0.000000000000e+00,2.780764905531e+02,2.776170043945e+02,6.673148148148e-01,6.777777777777e-02,1.167167117069e+04,5.550286185201e+04,1.090000000000e+02
2.340000000000e+02,1.035231365368e+08,3.870736374776e+01,4.169203221361e-01,1.701189360077e-07,4.019955178766e+02,7.605881669802e-04,8.290411020085e-02,-8.278541395000e-02,9.803862373025e+03,2.067157249456e+03,0.000000000000e+00,0.000000000000e+00,1.267073778932e-03,1.381110419036e-01,0.000000000000e+00,0.000000000000e+00,2.778888725848e+02,2.773967285156e+02,6.693518518518e-01,8.675925925924e-02,9.803862373025e+03,5.550329289903e+04,1.090000000000e+02
2.350000000000e+02,1.035158974965e+08,3.658155489989e+01,4.169187070378e-01,1.699158260085e-07,4.024762284386e+02,6.733089933659e-04,7.339068027688e-02,-7.333774780795e-02,8.314386484926e+03,3.168550291900e+03,0.000000000000e+00,0.000000000000e+00,8.507058958814e-04,9.272694265107e-02,0.000000000000e+00,0.000000000000e+00,2.779833895484e+02,2.774201660156e+02,6.711111111111e-01,1.039814814814e-01,8.314386484926e+03,5.550308008350e+04,1.090000000000e+02
2.360000000000e+02,1.035186015320e+08,3.982983248876e+01,4.169218576134e-01,1.697138983402e-07,4.029553061868e+02,6.326054183486e-04,6.895399060000e-02,-6.890318383408e-02,8.427587296369e+03,-6.528397343979e+03,0.000000000000e+00,0.000000000000e+00,2.473122152155e-03,2.695703145849e-01,0.000000000000e+00,0.000000000000e+00,2.777965241408e+02,2.773899841309e+02,6.725925925926e-01,9.796296296293e-02,8.427587296369e+03,5.550349508022e+04,1.090000000000e+02
2.370000000000e+02,1.035249037932e+08,1.117365712262e+02,4.169190991806e-01,1.695131135894e-07,4.034327641064e+02,6.381995020265e-04,6.956374572089e-02,-6.948099911628e-02,1.030386985151e+04,-1.015870050136e+04,0.000000000000e+00,0.000000000000e+00,3.394962529576e-03,3.700509157238e-01,0.000000000000e+00,0.000000000000e+00,2.779618545303e+02,2.776781311035e+02,6.743518518518e-01,8.129629629628e-02,1.030386985151e+04,5.550312838258e+04,1.090000000000e+02
2.380000000000e+02,1.035281539140e+08,3.191850937410e+02,4.169331569979e-01,1.693134801181e-07,4.039086150210e+02,6.425324881942e-04,7.003604121316e-02,-6.973940429892e-02,1.237028540554e+04,-7.120949713264e+03,0.000000000000e+00,0.000000000000e+00,3.258729167437e-03,3.552014792506e-01,0.000000000000e+00,0.000000000000e+00,2.769664409335e+02,2.766098327637e+02,6.755555555555e-01,7.324074074075e-02,1.237028540554e+04,5.550499552502e+04,1.090000000000e+02
2.390000000000e+02,1.035298497905e+08,2.792060173476e+02,4.169354766349e-01,1.691149809993e-07,4.043828715947e+02,6.338798378850e-04,6.909290232946e-02,-6.868315757109e-02,1.348759695598e+04,-5.508146290842e+03,0.000000000000e+00,0.000000000000e+00,3.136910215076e-03,3.419232134432e-01,0.000000000000e+00,0.000000000000e+00,2.767400703823e+02,2.765415649414e+02,6.768518518518e-01,7.120370370371e-02,1.348759695598e+04,5.550530308534e+04,1.090000000000e+02
2.400000000000e+02,1.035437455562e+08,3.342558381319e+03,4.169369425236e-01,1.689176018618e-07,4.048555463354e+02,6.314915974614e-04,6.883258412330e-02,-6.698253369006e-02,3.545534012659e+04,-1.761366076215e+04,0.000000000000e+00,0.000000000000e+00,9.294907418300e-03,1.013144908595e+00,0.000000000000e+00,0.000000000000e+00,2.765785556562e+02,2.764434814453e+02,6.773148148148e-01,2.666666666672e-02,3.545534012659e+04,5.550549739391e+04,1.090000000000e+02
2.410000000000e+02,1.035498283490e+08,2.688211218377e+03,4.169410465970e-01,1.687213348533e-07,4.053266515969e+02,6.037044281767e-04,6.580378267126e-02,-6.225154577123e-02,6.530579678275e+04,-9.538115001430e+03,0.000000000000e+00,0.000000000000e+00,1.229506536827e-02,1.340162125142e+00,0.000000000000e+00,0.000000000000e+00,2.759228772410e+02,2.759356079102e+02,6.775000000000e-01,1.425925925929e-02,6.530579678275e+04,5.550604210823e+04,1.090000000000e+02
2.420000000000e+02,1.035484147112e+08,8.651415706588e+02,4.169421091281e-01,1.685261685499e-07,4.057961995817e+02,6.059744305294e-04,6.605121292770e-02,-6.403186314050e-02,3.379685163102e+04,-2.140522467224e+03,0.000000000000e+00,0.000000000000e+00,5.657098653861e-03,6.166237532709e-01,0.000000000000e+00,0.000000000000e+00,2.754789683836e+02,2.754302673340e+02,6.774074074074e-01,2.620370370373e-02,3.379685163102e+04,5.550618352128e+04,1.090000000000e+02
2.430000000000e+02,1.035440173917e+08,1.908929878048e+02,4.169412039670e-01,1.683320926618e-07,4.062642023437e+02,6.186753245110e-04,6.743561037170e-02,-6.690940501054e-02,1.379817781432e+04,6.834358648885e+02,0.000000000000e+00,0.000000000000e+00,2.061049754317e-03,2.246544232205e-01,0.000000000000e+00,0.000000000000e+00,2.758807330197e+02,2.757243041992e+02,6.761111111111e-01,4.342592592593e-02,1.379817781432e+04,5.550606216203e+04,1.090000000000e+02
2.440000000000e+02,1.035417550674e+08,2.521840880865e+02,4.169420609723e-01,1.681390874270e-07,4.067306717904e+02,5.791735422939e-04,6.312991611003e-02,-6.293239338020e-02,1.132543975979e+04,-1.230812147940e+03,0.000000000000e+00,0.000000000000e+00,2.087298406761e-03,2.275155263370e-01,0.000000000000e+00,0.000000000000e+00,2.755123249544e+02,2.753952331543e+02,6.749074074074e-01,4.916666666668e-02,1.132543975979e+04,5.550617843213e+04,1.090000000000e+02
2.450000000000e+02,1.035390046787e+08,1.390378369314e+02,4.169414860787e-01,1.679471553214e-07,4.071956196853e+02,5.118900749992e-04,5.579601817491e-02,-5.556819695617e-02,1.179644793138e+04,-3.339887823362e+02,0.000000000000e+00,0.000000000000e+00,1.988362983326e-03,2.167315651825e-01,0.000000000000e+00,0.000000000000e+00,2.757907936119e+02,2.759801940918e+02,6.738888888888e-01,5.851851851852e-02,1.179644793138e+04,5.550610214755e+04,1.090000000000e+02
2.460000000000e+02,1.035374629552e+08,2.450771801521e+02,4.169416490393e-01,1.677562766079e-07,4.076590576504e+02,5.244767040011e-04,5.716796073612e-02,-5.700365571676e-02,1.103386426262e+04,-1.622330997708e+03,0.000000000000e+00,0.000000000000e+00,2.110909614069e-03,2.300891479335e-01,0.000000000000e+00,0.000000000000e+00,2.757280229044e+02,2.755638122559e+02,6.730555555555e-01,6.120370370371e-02,1.103386426262e+04,5.550612526045e+04,1.090000000000e+02
2.470000000000e+02,1.035430088849e+08,1.327752180339e+03,4.169420044424e-01,1.675664485707e-07,4.081209971687e+02,5.315862318766e-04,5.794289927455e-02,-5.728100462201e-02,1.761262827521e+04,-8.725379766850e+03,0.000000000000e+00,0.000000000000e+00,4.538287095449e-03,4.946732934039e-01,0.000000000000e+00,0.000000000000e+00,2.751849509669e+02,2.752113037109e+02,6.725000000000e-01,3.805555555562e-02,1.761262827521e+04,5.550617249852e+04,1.090000000000e+02
2.480000000000e+02,1.035430307206e+08,4.697762500035e+02,4.169420762973e-01,1.673776580038e-07,4.085814495858e+02,5.009461866143e-04,5.460313434096e-02,-5.359142529027e-02,2.240055871890e+04,-2.996488928418e+03,0.000000000000e+00,0.000000000000e+00,4.065210723832e-03,4.431079688977e-01,0.000000000000e+00,0.000000000000e+00,2.752465002894e+02,2.754689636230e+02,6.716666666666e-01,4.435185185188e-02,2.240055871890e+04,5.550618175915e+04,1.090000000000e+02
2.490000000000e+02,1.035379156251e+08,1.175510922100e+02,4.169413444820e-01,1.671899024792e-07,4.090404261131e+02,4.654173665162e-04,5.073049295026e-02,-5.052481238232e-02,1.152164699844e+04,2.310658551681e+03,0.000000000000e+00,0.000000000000e+00,1.466104238657e-03,1.598053620136e-01,0.000000000000e+00,0.000000000000e+00,2.748958718961e+02,2.750495300293e+02,6.696296296296e-01,6.407407407407e-02,1.152164699844e+04,5.550608112669e+04,1.090000000000e+02
2.500000000000e+02,1.035323109226e+08,6.862938325529e+01,4.169387065979e-01,1.670031538853e-07,4.094979378290e+02,4.017518469411e-04,4.379095131658e-02,-4.371687364023e-02,9.303851425137e+03,3.178157024684e+03,0.000000000000e+00,0.000000000000e+00,1.005080585765e-03,1.095537838484e-01,0.000000000000e+00,0.000000000000e+00,2.744017764245e+02,2.745464477539e+02,6.676851851851e-01,7.907407407406e-02,9.303851425137e+03,5.550572963469e+04,1.090000000000e+02
2.510000000000e+02,1.035291198438e+08,4.820977793964e+01,4.169340465694e-01,1.668174115411e-07,4.099539956816e+02,3.619408684138e-04,3.945155465711e-02,-3.941044013314e-02,8.549222484251e+03,1.003584926765e+03,0.000000000000e+00,0.000000000000e+00,1.244196361329e-03,1.356174033849e-01,0.000000000000e+00,0.000000000000e+00,2.738966083101e+02,2.740815124512e+02,6.646296296296e-01,8.611111111110e-02,8.549222484251e+03,5.550510903732e+04,1.090000000000e+02
2.520000000000e+02,1.035424338707e+08,2.031865906428e+03,4.169349610256e-01,1.666326664262e-07,4.104086104909e+02,3.331459770775e-04,3.631291150145e-02,-3.593078089301e-02,1.738052976766e+04,-1.530837129580e+04,0.000000000000e+00,0.000000000000e+00,5.734446039480e-03,6.250546183033e-01,0.000000000000e+00,0.000000000000e+00,2.739812283596e+02,2.743074951172e+02,6.600925925926e-01,3.777777777785e-02,1.738052976766e+04,5.550523158934e+04,1.090000000000e+02
2.530000000000e+02,1.035430772246e+08,2.951648145864e+02,2.509611342237e+03,4.148061269244e-03,1.000000000000e+02,2.871350480488e-04,3.129772023732e-02,-3.328969388674e-02,2.893499298786e+04,-2.491108480078e+03,1.508241907261e-05,1.643983678915e-03,4.896515319022e-03,5.337201697734e-01,4.072253149605e-04,4.438755933069e-02,2.740625982483e+02,2.743923034668e+02,6.537037037036e-01,4.703703703704e-02,2.893499298786e+04,5.550534295057e+04,1.090000000000e+02
2.540000000000e+02,1.035332500572e+08,4.760927350683e+01,9.128961847347e+03,1.508910478154e-02,1.000000000000e+02,1.432953862400e-05,1.561919710016e-03,-1.780355321421e-02,9.305068305937e+03,8.838976386676e+03,3.634147668101e-05,3.961220958230e-03,0.000000000000e+00,0.000000000000e+00,9.812198703872e-04,1.069529658722e-01,2.737740758121e+02,2.744028015137e+02,6.474074074073e-01,7.842592592591e-02,9.305068305937e+03,5.550491863469e+04,1.090000000000e+02
2.550000000000e+02,1.035256358421e+08,3.445461741655e+01,1.924130531291e+04,3.125334547538e-02,1.017178262778e+02,-2.953124970072e-04,-3.218906217378e-02,-1.533008659961e-03,7.638290820719e+03,7.529125128887e+03,1.591732373919e-05,1.734988287572e-03,0.000000000000e+00,0.000000000000e+00,1.378005356798e-03,1.502025838910e-01,2.732256274131e+02,2.738864746094e+02,2.583333333333e-02,9.499999999997e-02,7.638290820719e+03,5.550386261027e+04,1.090000000000e+02
2.560000000000e+02,1.035186646951e+08,3.491783426488e+01,3.084045504989e+04,4.581603330517e-02,1.111045790942e+02,-3.442578625500e-04,-3.752410701795e-02,-1.270545265135e-04,6.963632717811e+03,6.964095934649e+03,0.000000000000e+00,0.000000000000e+00,0.000000000000e+00,0.000000000000e+00,1.571790070314e-03,1.713251176642e-01,2.732148229004e+02,2.735253601074e+02,0.000000000000e+00,1.090740740740e-01,6.963632717811e+03,5.550383951114e+04,1.090000000000e+02
2.570000000000e+02,1.035121815623e+08,3.307510737353e+01,4.185757528739e+04,5.804139999580e-02,1.190909291406e+02,-3.670764127826e-04,-4.001132899331e-02,0.000000000000e+00,6.484974707572e+03,6.483131980683e+03,0.000000000000e+00,0.000000000000e+00,0.000000000000e+00,0.000000000000e+00,1.453959145201e-03,1.584815468269e-01,2.732164045657e+02,2.733212890625e+02,0.000000000000e+00,1.214814814814e-01,6.484974707572e+03,5.550384305368e+04,1.090000000000e+02
2.580000000000e+02,1.035061351052e+08,3.200771301558e+01,5.177416362777e+04,6.754727262389e-02,1.266200032337e+02,-3.735637895872e-04,-4.071845306500e-02,0.000000000000e+00,6.047524416410e+03,6.046457022056e+03,0.000000000000e+00,0.000000000000e+00,0.000000000000e+00,0.000000000000e+00,1.265564092964e-03,1.379464861331e-01,2.732136360373e+02,2.729063110352e+02,0.000000000000e+00,1.329629629629e-01,6.047524416410e+03,5.550383685378e+04,1.090000000000e+02
2.590000000000e+02,1.035004958846e+08,3.101031951990e+01,6.247299043129e+04,7.780088520884e-02,1.326750258350e+02,-3.681407232227e-04,-4.012733883128e-02,0.000000000000e+00,5.640217965088e+03,5.639220571622e+03,0.000000000000e+00,0.000000000000e+00,0.000000000000e+00,0.000000000000e+00,1.400285228324e-03,1.526310898873e-01,2.732109447149e+02,2.722380981445e+02,0.000000000000e+00,1.440740740740e-01,5.640217965088e+03,5.550383081794e+04,1.090000000000e+02
2.600000000000e+02,1.034951934678e+08,2.996854504653e+01,7.324373515665e+04,8.766811636866e-02,1.380567925006e+02,-3.621402619819e-04,-3.947328855602e-02,0.000000000000e+00,5.303458744509e+03,5.302416970038e+03,0.000000000000e+00,0.000000000000e+00,0.000000000000e+00,0.000000000000e+00,1.418173430190e-03,1.545809038907e-01,2.732091914782e+02,2.720433349609e+02,0.000000000000e+00,1.541666666666e-01,5.303458744509e+03,5.550382688087e+04,1.090000000000e+02
2.610000000000e+02,1.034901862396e+08,2.933084811665e+01,8.351018937614e+04,9.645338089713e-02,1.430806909010e+02,-3.561830348346e-04,-3.882395079697e-02,0.000000000000e+00,5.007865711578e+03,5.007228014659e+03,0.000000000000e+00,0.000000000000e+00,0.000000000000e+00,0.000000000000e+00,1.340777306861e-03,1.461447264479e-01,2.732049035981e+02,2.718146057129e+02,0.000000000000e+00,1.639814814815e-01,5.007865711578e+03,5.550381723862e+04,1.090000000000e+02
2.620000000000e+02,1.034854680425e+08,2.896827055942e+01,9.377722701313e+04,1.051332761751e-01,1.474132957115e+02,-3.663916588139e-04,-3.993669081072e-02,0.000000000000e+00,4.718558760197e+03,4.718196182638e+03,0.000000000000e+00,0.000000000000e+00,0.000000000000e+00,0.000000000000e+00,1.330666469469e-03,1.450426451721e-01,2.731993197897e+02,2.714259948730e+02,0.000000000000e+00,1.738888888889e-01,4.718558760197e+03,5.550380465148e+04,1.090000000000e+02
2.630000000000e+02,1.034809493127e+08,2.871026531704e+01,1.056936279554e+05,1.155313050598e-01,1.511969679120e+02,-3.672745729375e-04,-4.003292845018e-02,0.000000000000e+00,4.518988540086e+03,4.518730534848e+03,0.000000000000e+00,0.000000000000e+00,0.000000000000e+00,0.000000000000e+00,1.602406428807e-03,1.746623007400e-01,2.731936282692e+02,2.707429199219e+02,0.000000000000e+00,1.833333333333e-01,4.518988540086e+03,5.550379178556e+04,1.090000000000e+02
2.640000000000e+02,1.034766384857e+08,2.832862675381e+01,1.185854768941e+05,1.271236127834e-01,1.541737924838e+02,-3.550823918851e-04,-3.870398071547e-02,0.000000000000e+00,4.311209494600e+03,4.310827856035e+03,0.000000000000e+00,0.000000000000e+00,0.000000000000e+00,0.000000000000e+00,1.775818165854e-03,1.935641800781e-01,2.731900788189e+02,2.704045104980e+02,0.000000000000e+00,1.926851851852e-01,4.311209494600e+03,5.550378374359e+04,1.090000000000e+02
2.650000000000e+02,1.034725039352e+08,2.811154251635e+01,1.314591825695e+05,1.380877445053e-01,1.573437044819e+02,-3.581192105857e-04,-3.903499395384e-02,0.000000000000e+00,4.134767442550e+03,4.134550358330e+03,0.000000000000e+00,0.000000000000e+00,0.000000000000e+00,0.000000000000e+00,1.769799968083e-03,1.929081965210e-01,2.731865258761e+02,2.700735168457e+02,0.000000000000e+00,2.013888888889e-01,4.134767442550e+03,5.550377568009e+04,1.090000000000e+02
2.660000000000e+02,1.034685150757e+08,2.826905206986e+01,1.450455291298e+05,1.494652637856e-01,1.603925315161e+02,-3.594987069696e-04,-3.918535905968e-02,0.000000000000e+00,3.988702294935e+03,3.988859804491e+03,0.000000000000e+00,0.000000000000e+00,0.000000000000e+00,0.000000000000e+00,1.886216620793e-03,2.055976116664e-01,2.731811365984e+02,2.694647521973e+02,0.000000000000e+00,2.103703703704e-01,3.988702294935e+03,5.550376342194e+04,1.090000000000e+02
2.670000000000e+02,1.034646537268e+08,2.881920805451e+01,1.567007029183e+05,1.581461270182e-01,1.637710971947e+02,-3.457243858199e-04,-3.768395805437e-02,0.000000000000e+00,3.860797946255e+03,3.861348102240e+03,0.000000000000e+00,0.000000000000e+00,0.000000000000e+00,0.000000000000e+00,1.580781594101e-03,1.723051937571e-01,2.731740019642e+02,2.685157775879e+02,0.000000000000e+00,2.192592592592e-01,3.860797946255e+03,5.550374714355e+04,1.090000000000e+02
2.680000000000e+02,1.034609038988e+08,2.932183909322e+01,1.668010752404e+05,1.648178167751e-01,1.672719700774e+02,-3.258151594978e-04,-3.551385238526e-02,0.000000000000e+00,3.749326091899e+03,3.749828722942e+03,0.000000000000e+00,0.000000000000e+00,0.000000000000e+00,0.000000000000e+00,1.343705274827e-03,1.464638749561e-01,2.731680568673e+02,2.681567382813e+02,0.000000000000e+00,2.282407407407e-01,3.749326091899e+03,5.550373353512e+04,1.090000000000e+02
2.690000000000e+02,1.034572698521e+08,2.988389319837e+01,1.791691207300e+05,1.746226073527e-01,1.695876916122e+02,-3.171860006177e-04,-3.457327406733e-02,0.000000000000e+00,3.633484618768e+03,3.634046672877e+03,0.000000000000e+00,0.000000000000e+00,0.000000000000e+00,0.000000000000e+00,1.727157660999e-03,1.882601850489e-01,2.731622122301e+02,2.678457641602e+02,0.000000000000e+00,2.373148148148e-01,3.633484618768e+03,5.550372011797e+04,1.090000000000e+02
2.700000000000e+02,1.034537294893e+08,3.085549211466e+01,1.914749218833e+05,1.835508480293e-01,1.724208376745e+02,-3.122086507437e-04,-3.403074293107e-02,0.000000000000e+00,3.539391144232e+03,3.540362743151e+03,0.000000000000e+00,0.000000000000e+00,0.000000000000e+00,0.000000000000e+00,1.721849460627e-03,1.876815912084e-01,2.731548822138e+02,2.672311096191e+02,0.000000000000e+00,2.460185185185e-01,3.539391144232e+03,5.550370323745e+04,1.090000000000e+02
2.710000000000e+02,1.034502628599e+08,3.171566207106e+01,2.021002728909e+05,1.904692998126e-01,1.753792453900e+02,-3.059029858645e-04,-3.334342545923e-02,0.000000000000e+00,3.465769849585e+03,3.466630019541e+03,0.000000000000e+00,0.000000000000e+00,0.000000000000e+00,0.000000000000e+00,1.450389220145e-03,1.580924249958e-01,2.731492602732e+02,2.670113830566e+02,0.000000000000e+00,2.547222222222e-01,3.465769849585e+03,5.550369024976e+04,1.090000000000e+02
2.720000000000e+02,1.034468627153e+08,3.243310703375e+01,2.125410816026e+05,1.969676413122e-01,1.783552819102e+02,-3.017559195932e-04,-3.289139523566e-02,0.000000000000e+00,3.399427609460e+03,3.400145054424e+03,0.000000000000e+00,0.000000000000e+00,0.000000000000e+00,0.000000000000e+00,1.424034887260e-03,1.552198027114e-01,2.731449806057e+02,2.674907226563e+02,0.000000000000e+00,2.629629629630e-01,3.399427609460e+03,5.550368033898e+04,1.090000000000e+02
2.730000000000e+02,1.034435250825e+08,3.329453244978e+01,2.238518541318e+05,2.048229351736e-01,1.806431763523e+02,-3.073019492340e-04,-3.349591246650e-02,0.000000000000e+00,3.336770191642e+03,3.337631617063e+03,0.000000000000e+00,0.000000000000e+00,0.000000000000e+00,0.000000000000e+00,1.562271144392e-03,1.702875547387e-01,2.731404934642e+02,2.673902587891e+02,0.000000000000e+00,2.711111111111e-01,3.336770191642e+03,5.550366992525e+04,1.090000000000e+02
2.740000000000e+02,1.034402563796e+08,3.431457185168e+01,2.336476972239e+05,2.115946561460e-01,1.825145290973e+02,-2.930290304154e-04,-3.194016431528e-02,0.000000000000e+00,3.267683364064e+03,3.268703403486e+03,0.000000000000e+00,0.000000000000e+00,0.000000000000e+00,0.000000000000e+00,1.326152954120e-03,1.445506719990e-01,2.731357483074e+02,2.672338867188e+02,0.000000000000e+00,2.802777777778e-01,3.267683364064e+03,5.550365888785e+04,1.090000000000e+02
2.750000000000e+02,1.034370356741e+08,3.587636319321e+01,2.420387410805e+05,2.153756678548e-01,1.857504833474e+02,-2.985987909979e-04,-3.254726821877e-02,0.000000000000e+00,3.219143706527e+03,3.220705497887e+03,0.000000000000e+00,0.000000000000e+00,0.000000000000e+00,0.000000000000e+00,1.088384320269e-03,1.186338909093e-01,2.731294625358e+02,2.668755798340e+02,0.000000000000e+00,2.885185185185e-01,3.219143706527e+03,5.550364422867e+04,1.090000000000e+02
2.760000000000e+02,1.034338598762e+08,3.696994785590e+01,2.558932476474e+05,2.264311576489e-01,1.867950480814e+02,-3.111438716489e-04,-3.391468200973e-02,0.000000000000e+00,3.174705004681e+03,3.175798589336e+03,0.000000000000e+00,0.000000000000e+00,0.000000000000e+00,0.000000000000e+00,1.978903338795e-03,2.157004639287e-01,2.731254052404e+02,2.667943420410e+02,0.000000000000e+00,2.971296296296e-01,3.174705004681e+03,5.550363474258e+04,1.090000000000e+02
2.770000000000e+02,1.034307198037e+08,3.879121106355e+01,2.698169258581e+05,2.356858608322e-01,1.892253800939e+02,-3.203443459354e-04,-3.491753370696e-02,0.000000000000e+00,3.138251764386e+03,3.140073027612e+03,0.000000000000e+00,0.000000000000e+00,0.000000000000e+00,0.000000000000e+00,1.981141482266e-03,2.159444215670e-01,2.731190899588e+02,2.665367736816e+02,0.000000000000e+00,3.045370370370e-01,3.138251764386e+03,5.550361994130e+04,1.090000000000e+02
2.780000000000e+02,1.034276214010e+08,4.178195362161e+01,2.816793843115e+05,2.431885355850e-01,1.914505221994e+02,-2.999066480845e-04,-3.268982464121e-02,0.000000000000e+00,3.095411078974e+03,3.098401821534e+03,0.000000000000e+00,0.000000000000e+00,0.000000000000e+00,0.000000000000e+00,1.660880914101e-03,1.810360196370e-01,2.731106867379e+02,2.658544006348e+02,0.000000000000e+00,3.134259259259e-01,3.095411078974e+03,5.550360017726e+04,1.090000000000e+02
2.790000000000e+02,1.034245631369e+08,4.646871308116e+01,2.929068091845e+05,2.501845308472e-01,1.935149005666e+02,-2.846268511634e-04,-3.102432677681e-02,0.000000000000e+00,3.053577491807e+03,3.058264251271e+03,0.000000000000e+00,0.000000000000e+00,0.000000000000e+00,0.000000000000e+00,1.571201121309e-03,1.712609222226e-01,2.730998245024e+02,2.650914611816e+02,0.000000000000e+00,3.226851851852e-01,3.053577491807e+03,5.550357451215e+04,1.090000000000e+02
2.800000000000e+02,1.034215422404e+08,5.209975965787e+01,3.025567409494e+05,2.552485621563e-01,1.959248986582e+02,-2.729421534972e-04,-2.975069473120e-02,0.000000000000e+00,3.015266221463e+03,3.020897268047e+03,0.000000000000e+00,0.000000000000e+00,0.000000000000e+00,0.000000000000e+00,1.322138473341e-03,1.441130935941e-01,2.730895864235e+02,2.644819641113e+02,0.000000000000e+00,3.306481481481e-01,3.015266221463e+03,5.550355019984e+04,1.090000000000e+02
2.810000000000e+02,1.034185557286e+08,5.785952121571e+01,3.116345988058e+05,2.602091890200e-01,1.979564854220e+02,-2.534099609474e-04,-2.762168574326e-02,0.000000000000e+00,2.980751885619e+03,2.986511647183e+03,0.000000000000e+00,0.000000000000e+00,0.000000000000e+00,0.000000000000e+00,1.247109252278e-03,1.359349084983e-01,2.730812205680e+02,2.644597473145e+02,0.000000000000e+00,3.399074074074e-01,2.980751885619e+03,5.550353024534e+04,1.090000000000e+02
2.820000000000e+02,1.034155960059e+08,6.333643344703e+01,3.220301571375e+05,2.662244457118e-01,1.999382335762e+02,-2.646428879279e-04,-2.884607478414e-02,0.000000000000e+00,2.954245847157e+03,2.959722759389e+03,0.000000000000e+00,0.000000000000e+00,0.000000000000e+00,0.000000000000e+00,1.453678735189e-03,1.584509821356e-01,2.730745046963e+02,2.643859558105e+02,0.000000000000e+00,3.487037037037e-01,2.954245847157e+03,5.550351416887e+04,1.090000000000e+02
2.830000000000e+02,1.034126634570e+08,7.174738859622e+01,3.321535233191e+05,2.720235906284e-01,2.018274007735e+02,-2.635876035961e-04,-2.873104879198e-02,0.000000000000e+00,2.924137282264e+03,2.932548237418e+03,0.000000000000e+00,0.000000000000e+00,0.000000000000e+00,0.000000000000e+00,1.409757005601e-03,1.536635136105e-01,2.730626020187e+02,2.635574340820e+02,0.000000000000e+00,3.575000000000e-01,2.924137282264e+03,5.550348555251e+04,1.090000000000e+02
2.840000000000e+02,1.034097606830e+08,8.373089684218e+01,3.407023846395e+05,2.760597422819e-01,2.039954592160e+02,-2.462845240608e-04,-2.684501312263e-02,0.000000000000e+00,2.890790546736e+03,2.902774054985e+03,0.000000000000e+00,0.000000000000e+00,0.000000000000e+00,0.000000000000e+00,1.166810958076e-03,1.271823944303e-01,2.730492684658e+02,2.634318237305e+02,0.000000000000e+00,3.662037037037e-01,2.890790546736e+03,5.550345330553e+04,1.090000000000e+02
2.850000000000e+02,1.034068860101e+08,9.811626639651e+01,3.493155721621e+05,2.803121797870e-01,2.059799327934e+02,-2.303747463763e-04,-2.511084735502e-02,0.000000000000e+00,2.860287860351e+03,2.874673229909e+03,0.000000000000e+00,0.000000000000e+00,0.000000000000e+00,0.000000000000e+00,1.193353515018e-03,1.300755331370e-01,2.730366325492e+02,2.631764831543e+02,0.000000000000e+00,3.753703703704e-01,2.860287860351e+03,5.550342255870e+04,1.090000000000e+02
2.860000000000e+02,1.034040331870e+08,1.133382003600e+02,3.590468954803e+05,2.852511219680e-01,2.080526384738e+02,-2.257324045585e-04,-2.460483209688e-02,0.000000000000e+00,2.837601679268e+03,2.852823613230e+03,0.000000000000e+00,0.000000000000e+00,0.000000000000e+00,0.000000000000e+00,1.382813742834e-03,1.507266979689e-01,2.730263532285e+02,2.627090454102e+02,0.000000000000e+00,3.845370370370e-01,2.837601679268e+03,5.550339741145e+04,1.090000000000e+02
2.870000000000e+02,1.034012038857e+08,1.346033254165e+02,3.672591022562e+05,2.890115765336e-01,2.100426014848e+02,-2.121040294602e-04,-2.311933921116e-02,0.000000000000e+00,2.808035752496e+03,2.829300877555e+03,0.000000000000e+00,0.000000000000e+00,0.000000000000e+00,0.000000000000e+00,1.145364062732e-03,1.248446828378e-01,2.730052331628e+02,2.621520385742e+02,0.000000000000e+00,3.933333333333e-01,2.808035752496e+03,5.550334536936e+04,1.090000000000e+02
2.880000000000e+02,1.033984083320e+08,1.655038076793e+02,3.741036839411e+05,2.915206927796e-01,2.121159496290e+02,-1.941902568826e-04,-2.116673800020e-02,0.000000000000e+00,2.764654035481e+03,2.795554517746e+03,0.000000000000e+00,0.000000000000e+00,0.000000000000e+00,0.000000000000e+00,9.372345379899e-04,1.021585646409e-01,2.729815750342e+02,2.611498107910e+02,0.000000000000e+00,4.024074074074e-01,2.764654035481e+03,5.550328647229e+04,1.090000000000e+02
2.890000000000e+02,1.033956365935e+08,1.960631735051e+02,3.828826881048e+05,2.959561923140e-01,2.138402382387e+02,-2.101546175053e-04,-2.290685330808e-02,0.000000000000e+00,2.741179098788e+03,2.771738464616e+03,0.000000000000e+00,0.000000000000e+00,0.000000000000e+00,0.000000000000e+00,1.240985912644e-03,1.352674644781e-01,2.729714125606e+02,2.612925415039e+02,0.000000000000e+00,4.109259259259e-01,2.741179098788e+03,5.550326097415e+04,1.090000000000e+02
2.900000000000e+02,1.033928749673e+08,2.279074973463e+02,3.909642856744e+05,2.996629241969e-01,2.156531114869e+02,-2.186231652922e-04,-2.382992501685e-02,0.000000000000e+00,2.729783372997e+03,2.761627696837e+03,0.000000000000e+00,0.000000000000e+00,0.000000000000e+00,0.000000000000e+00,1.117261902038e-03,1.217815473222e-01,2.729541934071e+02,2.609349670410e+02,0.000000000000e+00,4.189814814815e-01,2.729783372997e+03,5.550321750299e+04,1.090000000000e+02
2.910000000000e+02,1.033901320523e+08,2.688761846307e+02,3.974976185369e+05,3.019642440965e-01,2.175861989999e+02,-1.966214292501e-04,-2.143173578826e-02,0.000000000000e+00,2.701946430110e+03,2.742915117395e+03,0.000000000000e+00,0.000000000000e+00,0.000000000000e+00,0.000000000000e+00,8.833752750087e-04,9.628790497595e-02,2.729281803424e+02,2.602474670410e+02,0.000000000000e+00,4.263981481481e-01,2.701946430110e+03,5.550315119509e+04,1.090000000000e+02
2.920000000000e+02,1.033874093549e+08,3.150988552543e+02,4.060301105546e+05,3.062099653898e-01,2.191754021612e+02,-1.883065167979e-04,-2.052541033097e-02,0.000000000000e+00,2.676475077947e+03,2.722697748574e+03,0.000000000000e+00,0.000000000000e+00,0.000000000000e+00,0.000000000000e+00,1.222121163903e-03,1.332112068654e-01,2.729084418158e+02,2.592016906738e+02,0.000000000000e+00,4.341759259259e-01,2.676475077947e+03,5.550310036959e+04,1.090000000000e+02
2.930000000000e+02,1.033846986393e+08,3.644549158622e+02,4.135434836923e+05,3.094381142915e-01,2.209026034409e+02,-1.822076588673e-04,-1.986063481653e-02,0.000000000000e+00,2.661360450417e+03,2.710716511026e+03,0.000000000000e+00,0.000000000000e+00,0.000000000000e+00,0.000000000000e+00,1.059776174502e-03,1.155156030207e-01,2.728876346931e+02,2.587669372559e+02,0.000000000000e+00,4.407782407407e-01,2.661360450417e+03,5.550304631108e+04,1.090000000000e+02
2.940000000000e+02,1.033819998929e+08,4.173413599785e+02,4.197509682262e+05,3.114997195675e-01,2.227347523652e+02,-1.823935093101e-04,-1.988089251480e-02,0.000000000000e+00,2.645860662840e+03,2.698747106961e+03,0.000000000000e+00,0.000000000000e+00,0.000000000000e+00,0.000000000000e+00,8.437300101607e-04,9.196657110751e-02,2.728705304625e+02,2.591825561523e+02,0.000000000000e+00,4.480296527778e-01,2.645860662840e+03,5.550300149832e+04,1.090000000000e+02
2.950000000000e+02,1.033793112686e+08,4.721784305090e+02,4.270765444292e+05,3.146339046061e-01,2.243647319413e+02,-1.890202477106e-04,-2.060320700045e-02,0.000000000000e+00,2.633789003586e+03,2.688626074117e+03,0.000000000000e+00,0.000000000000e+00,0.000000000000e+00,0.000000000000e+00,1.021914520183e-03,1.113886826999e-01,2.728545299097e+02,2.589403686523e+02,0.000000000000e+00,4.542523379629e-01,2.633789003586e+03,5.550295927204e+04,1.090000000000e+02
2.960000000000e+02,1.033766371751e+08,5.324531317620e+02,4.351825780806e+05,3.185363220724e-01,2.258226701480e+02,-1.856011103307e-04,-2.023052102604e-02,0.000000000000e+00,2.613818854967e+03,2.674093556222e+03,0.000000000000e+00,0.000000000000e+00,0.000000000000e+00,0.000000000000e+00,1.154354591216e-03,1.258246504425e-01,2.728309578054e+02,2.588750610352e+02,0.000000000000e+00,4.610899548611e-01,2.613818854967e+03,5.550289652816e+04,1.090000000000e+02
2.970000000000e+02,1.033744910804e+08,6.894404582029e+02,4.424803220111e+05,3.216150307592e-01,2.274119606569e+02,-1.745535308391e-04,-1.902633486146e-02,0.000000000000e+00,1.989106420890e+03,2.146093747334e+03,0.000000000000e+00,0.000000000000e+00,0.000000000000e+00,0.000000000000e+00,1.031825216366e-03,1.124689485839e-01,2.728041596685e+02,2.585750122070e+02,0.000000000000e+00,4.637015289352e-01,1.989106420890e+03,5.550282385952e+04,1.090000000000e+02
2.980000000000e+02,1.033724359925e+08,8.942490115802e+02,4.489037282812e+05,3.239734882084e-01,2.290339529644e+02,-1.729140209787e-04,-1.884762828667e-02,0.000000000000e+00,1.850278897556e+03,2.055087450936e+03,0.000000000000e+00,0.000000000000e+00,0.000000000000e+00,0.000000000000e+00,8.888998020206e-04,9.689007842025e-02,2.727876188095e+02,2.581688537598e+02,0.000000000000e+00,4.673203785301e-01,1.850278897556e+03,5.550277893479e+04,1.090000000000e+02
2.990000000000e+02,1.033701924004e+08,1.056879431427e+03,4.553056508835e+05,3.263415089794e-01,2.306146671113e+02,-1.873681212167e-04,-2.042312521262e-02,0.000000000000e+00,2.080962493559e+03,2.243592913407e+03,0.000000000000e+00,0.000000000000e+00,0.000000000000e+00,0.000000000000e+00,8.708316231113e-04,9.492064691913e-02,2.727884856261e+02,2.584033508301e+02,0.000000000000e+00,4.714130119821e-01,2.080962493559e+03,5.550278131900e+04,1.090000000000e+02
3.000000000000e+02,1.033678802140e+08,1.206645854477e+03,4.616618242836e+05,3.286792077604e-01,2.321711258489e+02,-1.983833988189e-04,-2.162379047126e-02,0.000000000000e+00,2.162422467166e+03,2.312188890216e+03,0.000000000000e+00,0.000000000000e+00,0.000000000000e+00,0.000000000000e+00,8.522917172542e-04,9.289979718070e-02,2.727797480841e+02,2.589501037598e+02,0.000000000000e+00,4.760503800955e-01,2.162422467166e+03,5.550275745817e+04,1.090000000000e+02
3.010000000000e+02,1.033655419479e+08,1.360203339238e+03,4.703016908127e+05,3.330806079655e-01,2.333910276492e+02,-1.908876057885e-04,-2.080674903095e-02,0.000000000000e+00,2.184708531381e+03,2.338266016142e+03,0.000000000000e+00,0.000000000000e+00,0.000000000000e+00,0.000000000000e+00,1.237308066661e-03,1.348665792661e-01,2.727610197267e+02,2.585108337402e+02,0.000000000000e+00,4.812665329515e-01,2.184708531381e+03,5.550270599417e+04,1.090000000000e+02
3.020000000000e+02,1.033632630386e+08,1.500535065021e+03,4.793838889669e+05,3.378261267250e-01,2.345564308103e+02,-1.868565170705e-04,-2.036736036069e-02,0.000000000000e+00,2.138580093265e+03,2.278911819047e+03,0.000000000000e+00,0.000000000000e+00,0.000000000000e+00,0.000000000000e+00,1.314414006216e-03,1.432711266776e-01,2.727566284588e+02,2.590639648437e+02,0.000000000000e+00,4.843928076651e-01,2.138580093265e+03,5.550269379591e+04,1.090000000000e+02
3.030000000000e+02,1.033613873385e+08,1.863456180608e+03,4.861954862609e+05,3.405870711792e-01,2.359611120181e+02,-1.805228434317e-04,-1.967698993406e-02,0.000000000000e+00,1.512777308521e+03,1.875698424107e+03,0.000000000000e+00,0.000000000000e+00,0.000000000000e+00,0.000000000000e+00,9.454820500387e-04,1.030575434542e-01,2.727361696162e+02,2.579129638672e+02,0.000000000000e+00,4.862928308132e-01,1.512777308521e+03,5.550263631741e+04,1.090000000000e+02
3.040000000000e+02,1.033593187583e+08,2.137241795973e+03,4.919145676458e+05,3.423876619298e-01,2.374814153833e+02,-1.594223092932e-04,-1.737703171296e-02,0.000000000000e+00,1.794794700050e+03,2.068580315414e+03,0.000000000000e+00,0.000000000000e+00,0.000000000000e+00,0.000000000000e+00,7.859716633482e-04,8.567091130495e-02,2.727218696936e+02,2.584201660156e+02,0.000000000000e+00,4.905615221224e-01,1.794794700050e+03,5.550259631214e+04,1.090000000000e+02
3.050000000000e+02,1.033572035352e+08,2.395769651166e+03,4.977414874265e+05,3.443128023555e-01,2.389511283066e+02,-1.454163072044e-04,-1.585037748528e-02,0.000000000000e+00,1.856695499910e+03,2.115223355102e+03,0.000000000000e+00,0.000000000000e+00,0.000000000000e+00,0.000000000000e+00,8.178035334012e-04,8.914058514073e-02,2.727082691366e+02,2.589536132812e+02,0.000000000000e+00,4.940565464280e-01,1.856695499910e+03,5.550255802336e+04,1.090000000000e+02
3.060000000000e+02,1.033550671494e+08,2.651085787122e+03,5.043392180612e+05,3.469339968647e-01,2.402894266420e+02,-1.608929027385e-04,-1.753732639850e-02,0.000000000000e+00,1.881070574805e+03,2.136386710760e+03,0.000000000000e+00,0.000000000000e+00,0.000000000000e+00,0.000000000000e+00,9.297410101222e-04,1.013417701033e-01,2.726946436945e+02,2.585171508789e+02,0.000000000000e+00,4.993722429623e-01,1.881070574805e+03,5.550251943298e+04,1.090000000000e+02
3.070000000000e+02,1.033530531272e+08,3.070654931260e+03,5.106523184731e+05,3.493107608455e-01,2.416421565112e+02,-1.620138551070e-04,-1.765951020667e-02,0.000000000000e+00,1.594452307710e+03,2.014021451847e+03,0.000000000000e+00,0.000000000000e+00,0.000000000000e+00,0.000000000000e+00,8.816214001147e-04,9.609673261251e-02,2.726717798410e+02,2.571536254883e+02,0.000000000000e+00,5.024968968975e-01,1.594452307710e+03,5.550245317102e+04,1.090000000000e+02
3.080000000000e+02,1.033510405079e+08,3.503066865082e+03,5.167643056645e+05,3.515466911711e-01,2.429796112115e+02,-1.343329212419e-04,-1.464228841537e-02,0.000000000000e+00,1.580205264838e+03,2.012617198660e+03,0.000000000000e+00,0.000000000000e+00,0.000000000000e+00,0.000000000000e+00,8.761343137770e-04,9.549864020170e-02,2.726310076660e+02,2.567618103027e+02,0.000000000000e+00,5.065815958512e-01,1.580205264838e+03,5.550233513958e+04,1.090000000000e+02
3.090000000000e+02,1.033490114212e+08,3.962940248933e+03,5.228749059348e+05,3.537856552057e-01,2.442977182001e+02,-1.201594256193e-04,-1.309737739250e-02,0.000000000000e+00,1.569212067291e+03,2.029085451142e+03,0.000000000000e+00,0.000000000000e+00,0.000000000000e+00,0.000000000000e+00,8.901863009440e-04,9.703030680289e-02,2.725689101751e+02,2.555773773193e+02,0.000000000000e+00,5.115166722979e-01,1.569212067291e+03,5.550215145520e+04,1.090000000000e+02
3.100000000000e+02,1.033470142744e+08,4.521005274315e+03,5.279088998071e+05,3.551247711825e-01,2.457199867916e+02,-1.138986104782e-04,-1.241494854213e-02,0.000000000000e+00,1.439081423418e+03,1.997146448800e+03,0.000000000000e+00,0.000000000000e+00,0.000000000000e+00,0.000000000000e+00,7.183309930209e-04,7.829807823928e-02,2.725446403501e+02,2.548891906738e+02,0.000000000000e+00,5.169877825332e-01,1.439081423418e+03,5.550207656757e+04,1.090000000000e+02
3.110000000000e+02,1.033450725603e+08,5.175766338722e+03,5.321427904839e+05,3.558289083414e-01,2.472008110994e+02,-1.131969962828e-04,-1.233847259482e-02,0.000000000000e+00,1.286955359673e+03,1.941716424074e+03,0.000000000000e+00,0.000000000000e+00,0.000000000000e+00,0.000000000000e+00,5.867370557534e-04,6.395433907712e-02,2.725267743498e+02,2.553917236328e+02,0.000000000000e+00,5.212517883202e-01,1.286955359673e+03,5.550202235177e+04,1.090000000000e+02
3.120000000000e+02,1.033431076684e+08,5.742599808861e+03,5.361943864197e+05,3.564118367240e-01,2.486755186479e+02,-1.087729506343e-04,-1.185625161914e-02,0.000000000000e+00,1.398058969224e+03,1.964892439357e+03,0.000000000000e+00,0.000000000000e+00,0.000000000000e+00,0.000000000000e+00,5.609252180660e-04,6.114084876920e-02,2.725306229856e+02,2.556392517090e+02,0.000000000000e+00,5.255835467037e-01,1.398058969224e+03,5.550203410765e+04,1.090000000000e+02
3.130000000000e+02,1.033411488045e+08,6.267820229896e+03,5.407442325933e+05,3.574408984841e-01,2.500635253191e+02,-9.323688929135e-05,-1.016282093276e-02,0.000000000000e+00,1.433643902114e+03,1.958864323144e+03,0.000000000000e+00,0.000000000000e+00,0.000000000000e+00,0.000000000000e+00,6.587985439111e-04,7.180904128631e-02,2.725407699308e+02,2.564550170898e+02,0.000000000000e+00,5.297171555140e-01,1.433643902114e+03,5.550206395236e+04,1.090000000000e+02
3.140000000000e+02,1.033392827326e+08,7.015027666274e+03,5.464945539462e+05,3.595121661004e-01,2.512667646737e+02,-1.121281754819e-04,-1.222197112752e-02,0.000000000000e+00,1.118862149845e+03,1.866069586219e+03,0.000000000000e+00,0.000000000000e+00,0.000000000000e+00,0.000000000000e+00,8.383998785027e-04,9.138558675679e-02,2.725382730427e+02,2.569036560059e+02,0.000000000000e+00,5.342403663859e-01,1.118862149845e+03,5.550205575777e+04,1.090000000000e+02
3.150000000000e+02,1.033373878166e+08,7.670143022018e+03,5.533362317922e+05,3.624924679900e-01,2.523211706170e+02,-1.476378993035e-04,-1.609253102408e-02,0.000000000000e+00,1.239801133429e+03,1.894916489173e+03,0.000000000000e+00,0.000000000000e+00,0.000000000000e+00,0.000000000000e+00,9.834224096614e-04,1.071930426531e-01,2.725078574364e+02,2.563990478516e+02,0.000000000000e+00,5.385409762527e-01,1.239801133429e+03,5.550196268526e+04,1.090000000000e+02
3.160000000000e+02,1.033354947147e+08,8.377661256952e+03,5.595425713112e+05,3.649386615969e-01,2.534419242714e+02,-1.630773752991e-04,-1.777543390760e-02,0.000000000000e+00,1.185583865635e+03,1.893102100568e+03,0.000000000000e+00,0.000000000000e+00,0.000000000000e+00,0.000000000000e+00,8.631513858373e-04,9.408350105627e-02,2.724427463789e+02,2.548158111572e+02,0.000000000000e+00,5.444959368383e-01,1.185583865635e+03,5.550175959324e+04,1.090000000000e+02
3.170000000000e+02,1.033336977744e+08,9.369817899229e+03,5.651654774145e+05,3.669097288717e-01,2.546144414026e+02,-1.456752448569e-04,-1.587860168940e-02,0.000000000000e+00,8.047824775687e+02,1.796939119841e+03,0.000000000000e+00,0.000000000000e+00,0.000000000000e+00,0.000000000000e+00,7.840843295129e-04,8.546519191691e-02,2.723874610461e+02,2.542895660400e+02,0.000000000000e+00,5.485547287043e-01,8.047824775687e+02,5.550158070026e+04,1.090000000000e+02
3.180000000000e+02,1.033318761061e+08,1.025053267000e+04,5.705730653091e+05,3.687170861755e-01,2.557913233063e+02,-1.229485090203e-04,-1.340138748322e-02,0.000000000000e+00,9.409528397486e+02,1.821667610517e+03,0.000000000000e+00,0.000000000000e+00,0.000000000000e+00,0.000000000000e+00,7.711721307319e-04,8.405776224977e-02,2.723428355276e+02,2.535805053711e+02,0.000000000000e+00,5.548846457173e-01,9.409528397486e+02,5.550143554788e+04,1.090000000000e+02
3.190000000000e+02,1.033300927337e+08,1.125763390578e+04,5.754782304847e+05,3.701265446743e-01,2.570082006895e+02,-1.070578613942e-04,-1.166930689197e-02,0.000000000000e+00,7.762691827540e+02,1.783370418528e+03,0.000000000000e+00,0.000000000000e+00,0.000000000000e+00,0.000000000000e+00,7.038668319424e-04,7.672148468172e-02,2.723252427674e+02,2.533937225342e+02,0.000000000000e+00,5.598190569248e-01,7.762691827540e+02,5.550137471006e+04,1.090000000000e+02
3.200000000000e+02,1.033283246600e+08,1.223318568806e+04,5.811349501981e+05,3.721703751120e-01,2.581094866300e+02,-8.931523042470e-05,-9.735360116292e-03,0.000000000000e+00,7.925223903129e+02,1.768074172600e+03,0.000000000000e+00,0.000000000000e+00,0.000000000000e+00,0.000000000000e+00,8.458285340442e-04,9.219531021082e-02,2.723087229854e+02,2.537482757568e+02,0.000000000000e+00,5.654393005147e-01,7.925223903129e+02,5.550132031927e+04,1.090000000000e+02
3.210000000000e+02,1.033265619506e+08,1.317981489078e+04,5.868131187844e+05,3.742205714877e-01,2.592041814575e+02,-8.624596051408e-05,-9.400809696035e-03,0.000000000000e+00,8.160817367426e+02,1.762710939455e+03,0.000000000000e+00,0.000000000000e+00,0.000000000000e+00,0.000000000000e+00,8.525735585327e-04,9.293051788007e-02,2.722697042329e+02,2.536108703613e+02,0.000000000000e+00,5.709656236742e-01,8.160817367426e+02,5.550118699603e+04,1.090000000000e+02
3.220000000000e+02,1.033248474257e+08,1.434286128854e+04,5.910967012652e+05,3.751905346446e-01,2.604221027269e+02,-1.034775277724e-04,-1.127905052719e-02,0.000000000000e+00,5.514797816169e+02,1.714526179380e+03,0.000000000000e+00,0.000000000000e+00,0.000000000000e+00,0.000000000000e+00,6.048861004453e-04,6.593258494853e-02,2.722207964666e+02,2.532135467529e+02,0.000000000000e+00,5.768398919350e-01,5.514797816169e+02,5.550102052226e+04,1.090000000000e+02
3.230000000000e+02,1.033231271683e+08,1.536341386734e+04,5.955095129838e+05,3.762843735713e-01,2.616038655980e+02,-1.171412855204e-04,-1.276840012172e-02,0.000000000000e+00,6.997099121722e+02,1.720262490982e+03,0.000000000000e+00,0.000000000000e+00,0.000000000000e+00,0.000000000000e+00,6.123961581876e-04,6.675118124245e-02,2.722046747988e+02,2.543534698486e+02,0.000000000000e+00,5.828718119172e-01,6.997099121722e+02,5.550096557816e+04,1.090000000000e+02
3.240000000000e+02,1.033214693127e+08,1.652954788345e+04,6.006090549350e+05,3.779166646098e-01,2.627040834449e+02,-1.238927175357e-04,-1.350430621139e-02,0.000000000000e+00,4.917223878952e+02,1.657856404004e+03,0.000000000000e+00,0.000000000000e+00,0.000000000000e+00,0.000000000000e+00,7.189198204175e-04,7.836226042551e-02,2.722305177398e+02,2.540127410889e+02,0.000000000000e+00,5.881602573322e-01,4.917223878952e+02,5.550105150012e+04,1.090000000000e+02
3.250000000000e+02,1.033198097714e+08,1.759778670341e+04,6.057264348418e+05,3.796116532945e-01,2.637597749456e+02,-1.431749821791e-04,-1.560607305752e-02,0.000000000000e+00,5.913058414122e+02,1.659544661367e+03,0.000000000000e+00,0.000000000000e+00,0.000000000000e+00,0.000000000000e+00,7.028555473885e-04,7.661125466534e-02,2.722097109148e+02,2.534426269531e+02,0.000000000000e+00,5.942288284390e-01,5.913058414122e+02,5.550098055972e+04,1.090000000000e+02
3.260000000000e+02,1.033181694043e+08,1.883432491093e+04,6.116480901566e+05,3.819078670180e-01,2.647379317744e+02,-1.498653280236e-04,-1.633532075458e-02,0.000000000000e+00,4.038295665813e+02,1.640367774100e+03,0.000000000000e+00,0.000000000000e+00,0.000000000000e+00,0.000000000000e+00,8.293468236310e-04,9.039880377578e-02,2.721537288567e+02,2.525922546387e+02,0.000000000000e+00,6.012790445907e-01,4.038295665813e+02,5.550078200137e+04,1.090000000000e+02
3.270000000000e+02,1.033165331482e+08,2.012955855909e+04,6.177749844315e+05,3.843925404389e-01,2.656623206823e+02,-1.287460177393e-04,-1.403331593358e-02,0.000000000000e+00,3.410235655517e+02,1.636257213719e+03,0.000000000000e+00,0.000000000000e+00,0.000000000000e+00,0.000000000000e+00,8.843665343341e-04,9.639595224241e-02,2.721028777614e+02,2.525356140137e+02,0.000000000000e+00,6.074558984559e-01,3.410235655517e+02,5.550060088724e+04,1.090000000000e+02
3.280000000000e+02,1.033149094879e+08,2.146778030871e+04,6.233355206132e+05,3.864322053013e-01,2.666394910759e+02,-1.091014186098e-04,-1.189205462847e-02,0.000000000000e+00,2.854380113204e+02,1.623659760938e+03,0.000000000000e+00,0.000000000000e+00,0.000000000000e+00,0.000000000000e+00,8.103702025436e-04,8.833035207726e-02,2.720578480656e+02,2.526210479736e+02,0.000000000000e+00,6.152319054633e-01,2.854380113204e+02,5.550043599037e+04,1.090000000000e+02
3.290000000000e+02,1.033133075539e+08,2.277495695363e+04,6.280877729959e+05,3.878193044901e-01,2.677115865244e+02,-1.029847168032e-04,-1.122533413155e-02,0.000000000000e+00,2.947603908931e+02,1.601937035809e+03,0.000000000000e+00,0.000000000000e+00,0.000000000000e+00,0.000000000000e+00,6.826590652696e-04,7.440983811438e-02,2.720467717738e+02,2.526845245361e+02,0.000000000000e+00,6.223183969430e-01,2.947603908931e+02,5.550039514707e+04,1.090000000000e+02
3.300000000000e+02,1.033117342984e+08,2.397844639388e+04,6.324440077721e+05,3.889210388181e-01,2.688045673686e+02,-1.071392934197e-04,-1.167818298275e-02,0.000000000000e+00,3.697671475209e+02,1.573256587772e+03,0.000000000000e+00,0.000000000000e+00,0.000000000000e+00,0.000000000000e+00,6.128866185835e-04,6.680464142560e-02,2.720562357556e+02,2.531290130615e+02,0.000000000000e+00,6.290727249722e-01,3.697671475209e+02,5.550043025560e+04,1.090000000000e+02
3.310000000000e+02,1.033102035454e+08,2.527839678321e+04,6.370813616813e+05,3.903009138434e-01,2.698188837919e+02,-1.179126730047e-04,-1.285248135751e-02,0.000000000000e+00,2.308037847144e+02,1.530754174049e+03,0.000000000000e+00,0.000000000000e+00,0.000000000000e+00,0.000000000000e+00,6.488895318401e-04,7.072895897057e-02,2.720218102157e+02,2.527994995117e+02,0.000000000000e+00,6.353017615638e-01,2.308037847144e+02,5.550030376153e+04,1.090000000000e+02
3.320000000000e+02,1.033086832952e+08,2.652590643852e+04,6.420188269829e+05,3.918480122340e-01,2.708375411476e+02,-1.232384722342e-04,-1.343299347353e-02,0.000000000000e+00,2.727394593282e+02,1.520249114640e+03,0.000000000000e+00,0.000000000000e+00,0.000000000000e+00,0.000000000000e+00,6.933540981527e-04,7.557559669865e-02,2.719627595574e+02,2.526025085449e+02,0.000000000000e+00,6.425196245788e-01,2.727394593282e+02,5.550008460928e+04,1.090000000000e+02
3.330000000000e+02,1.033072404397e+08,2.779720431034e+04,6.471787353121e+05,3.936566509887e-01,2.717604807805e+02,-1.319991052850e-04,-1.438790247606e-02,0.000000000000e+00,1.715590422578e+02,1.442856914072e+03,0.000000000000e+00,0.000000000000e+00,0.000000000000e+00,0.000000000000e+00,7.211679098725e-04,7.860730217611e-02,2.719327773729e+02,2.523730163574e+02,0.000000000000e+00,6.500784240431e-01,1.715590422578e+02,5.549997084449e+04,1.090000000000e+02
3.340000000000e+02,1.033057997573e+08,2.905624458670e+04,6.520620943277e+05,3.952021290636e-01,2.727403323041e+02,-1.261466890678e-04,-1.374998910839e-02,0.000000000000e+00,1.816427159621e+02,1.440682992328e+03,0.000000000000e+00,0.000000000000e+00,0.000000000000e+00,0.000000000000e+00,6.810903019400e-04,7.423884291146e-02,2.719325201843e+02,2.532419433594e+02,0.000000000000e+00,6.573606343737e-01,1.816427159621e+02,5.549996948254e+04,1.090000000000e+02
3.350000000000e+02,1.033043906492e+08,3.029537525103e+04,6.566711728564e+05,3.965573049209e-01,2.737311194286e+02,-1.007821047801e-04,-1.098524942103e-02,0.000000000000e+00,1.699791263619e+02,1.409109790687e+03,0.000000000000e+00,0.000000000000e+00,0.000000000000e+00,0.000000000000e+00,6.617325709827e-04,7.212885023711e-02,2.718500613070e+02,2.523300018311e+02,0.000000000000e+00,6.637935526650e-01,1.699791263619e+02,5.549965387015e+04,1.090000000000e+02
3.360000000000e+02,1.033030025573e+08,3.152858183814e+04,6.610381780330e+05,3.977808676218e-01,2.747049685339e+02,-8.937039592940e-05,-9.741373156304e-03,0.000000000000e+00,1.548843257035e+02,1.388090912819e+03,0.000000000000e+00,0.000000000000e+00,0.000000000000e+00,0.000000000000e+00,6.329305106753e-04,6.898942566361e-02,2.717956925661e+02,2.516966857910e+02,0.000000000000e+00,6.721608238137e-01,1.548843257035e+02,5.549944074954e+04,1.090000000000e+02
3.370000000000e+02,1.033016158590e+08,3.275338134539e+04,6.655644478274e+05,3.990701619057e-01,2.756925970457e+02,-1.081570891910e-04,-1.178912272182e-02,0.000000000000e+00,1.618985397044e+02,1.386698046950e+03,0.000000000000e+00,0.000000000000e+00,0.000000000000e+00,0.000000000000e+00,6.401488749553e-04,6.977622737013e-02,2.717840442453e+02,2.519540557861e+02,0.000000000000e+00,6.817179352071e-01,1.618985397044e+02,5.549939394023e+04,1.090000000000e+02
3.380000000000e+02,1.033002389733e+08,3.396666952022e+04,6.695790311849e+05,3.999946454504e-01,2.767150032896e+02,-1.152609840285e-04,-1.256344725911e-02,0.000000000000e+00,1.635976728566e+02,1.376885847682e+03,0.000000000000e+00,0.000000000000e+00,0.000000000000e+00,0.000000000000e+00,5.485716390694e-04,5.979430865856e-02,2.717593327934e+02,2.524174652100e+02,0.000000000000e+00,6.897656623995e-01,1.635976728566e+02,5.549929473181e+04,1.090000000000e+02
3.390000000000e+02,1.032988793615e+08,3.515044241487e+04,6.741277517678e+05,4.013501729021e-01,2.776532355587e+02,-1.228319545976e-04,-1.338868305113e-02,0.000000000000e+00,1.758389989501e+02,1.359611893607e+03,0.000000000000e+00,0.000000000000e+00,0.000000000000e+00,0.000000000000e+00,6.288179940613e-04,6.854116135268e-02,2.717936981184e+02,2.536688690186e+02,0.000000000000e+00,6.980739162165e-01,1.758389989501e+02,5.549943122346e+04,1.090000000000e+02
3.400000000000e+02,1.032975410709e+08,3.629934926760e+04,6.800257835894e+05,4.037187999151e-01,2.784389803695e+02,-1.485365986485e-04,-1.619048925268e-02,0.000000000000e+00,1.893837995944e+02,1.338290652322e+03,0.000000000000e+00,0.000000000000e+00,0.000000000000e+00,0.000000000000e+00,8.263392930054e-04,9.007098293759e-02,2.718058152239e+02,2.541053009033e+02,0.000000000000e+00,7.058486392232e-01,1.893837995944e+02,5.549947897196e+04,1.090000000000e+02
3.410000000000e+02,1.032962180087e+08,3.743588056329e+04,6.858095730955e+05,4.060175697234e-01,2.792175464226e+02,-1.386525488237e-04,-1.511312782179e-02,0.000000000000e+00,1.865312078232e+02,1.323062503510e+03,0.000000000000e+00,0.000000000000e+00,0.000000000000e+00,0.000000000000e+00,8.175250091801e-04,8.911022600063e-02,2.717946961759e+02,2.542877807617e+02,0.000000000000e+00,7.144125649685e-01,1.865312078232e+02,5.549943466577e+04,1.090000000000e+02
3.420000000000e+02,1.032949134881e+08,3.855033267597e+04,6.905628948258e+05,4.075212964082e-01,2.801152133460e+02,-1.108914675124e-04,-1.208716995885e-02,0.000000000000e+00,1.900678826377e+02,1.304519995319e+03,0.000000000000e+00,0.000000000000e+00,0.000000000000e+00,0.000000000000e+00,6.747917230992e-04,7.355229781781e-02,2.718025102218e+02,2.553469085693e+02,0.000000000000e+00,7.227736988737e-01,1.900678826377e+02,5.549946521683e+04,1.090000000000e+02
3.430000000000e+02,1.032936243550e+08,3.965634055972e+04,6.944127651310e+05,4.083848476984e-01,2.810821006525e+02,-1.096075549340e-04,-1.194722348780e-02,0.000000000000e+00,1.831250679599e+02,1.289132951716e+03,0.000000000000e+00,0.000000000000e+00,0.000000000000e+00,0.000000000000e+00,5.271475163157e-04,5.745907927841e-02,2.717598141641e+02,2.539951934814e+02,0.000000000000e+00,7.324077283819e-01,1.831250679599e+02,5.549929483183e+04,1.090000000000e+02
3.440000000000e+02,1.032923450713e+08,4.077211296250e+04,6.983880894857e+05,4.093305014068e-01,2.820394552375e+02,-1.109273910530e-04,-1.209108562478e-02,0.000000000000e+00,1.635117380607e+02,1.279284140837e+03,0.000000000000e+00,0.000000000000e+00,0.000000000000e+00,0.000000000000e+00,5.467509616608e-04,5.959585482103e-02,2.716962160931e+02,2.536811370850e+02,0.000000000000e+00,7.430804562338e-01,1.635117380607e+02,5.549903667722e+04,1.090000000000e+02
3.450000000000e+02,1.032910791548e+08,4.188641468626e+04,7.028195596862e+05,4.106375463633e-01,2.829268415594e+02,-1.043272354323e-04,-1.137166866213e-02,0.000000000000e+00,1.516147733087e+02,1.265916497067e+03,0.000000000000e+00,0.000000000000e+00,0.000000000000e+00,0.000000000000e+00,6.287058708340e-04,6.852893992090e-02,2.716405496708e+02,2.542044982910e+02,0.000000000000e+00,7.523809275008e-01,1.516147733087e+02,5.549880627128e+04,1.090000000000e+02
3.460000000000e+02,1.032898255910e+08,4.300474181464e+04,7.079844049505e+05,4.124944614725e-01,2.837247804834e+02,-1.014062415381e-04,-1.105328032766e-02,0.000000000000e+00,1.352376608031e+02,1.253564789182e+03,0.000000000000e+00,0.000000000000e+00,0.000000000000e+00,0.000000000000e+00,7.531096894941e-04,8.208895615485e-02,2.715583389989e+02,2.526791687012e+02,0.000000000000e+00,7.631595486604e-01,1.352376608031e+02,5.549845918733e+04,1.090000000000e+02
3.470000000000e+02,1.032885769930e+08,4.415271081662e+04,7.125511144184e+05,4.139069172371e-01,2.845838679229e+02,-8.920509097872e-05,-9.723354916680e-03,0.000000000000e+00,1.006297341942e+02,1.248598736178e+03,0.000000000000e+00,0.000000000000e+00,0.000000000000e+00,0.000000000000e+00,6.671244764476e-04,7.271656793279e-02,2.714055309478e+02,2.513524322510e+02,0.000000000000e+00,7.758818631241e-01,1.006297341942e+02,5.549779169302e+04,1.090000000000e+02
3.480000000000e+02,1.032873337586e+08,4.532341263438e+04,7.155758164906e+05,4.142101915606e-01,2.855854759904e+02,-7.635415626619e-05,-8.322603033014e-03,0.000000000000e+00,7.253151220202e+01,1.243233329962e+03,0.000000000000e+00,0.000000000000e+00,0.000000000000e+00,0.000000000000e+00,4.248277277698e-04,4.630622232690e-02,2.712850211304e+02,2.503384704590e+02,0.000000000000e+00,7.888036657903e-01,7.253151220202e+01,5.549724365806e+04,1.090000000000e+02
3.490000000000e+02,1.032861151228e+08,4.645888429657e+04,7.191627746151e+05,4.149340833035e-01,2.865159310197e+02,-9.235353053224e-05,-1.006653482801e-02,0.000000000000e+00,8.316542041943e+01,1.218637082614e+03,0.000000000000e+00,0.000000000000e+00,0.000000000000e+00,0.000000000000e+00,5.004553960901e-04,5.454963817382e-02,2.713010911840e+02,2.508208923340e+02,0.000000000000e+00,8.004226191950e-01,8.316542041943e+01,5.549731631351e+04,1.090000000000e+02
3.500000000000e+02,1.032849322449e+08,4.753100147963e+04,7.241146306064e+05,4.166498914787e-01,2.872993700024e+02,-1.151968201125e-04,-1.255645339227e-02,0.000000000000e+00,1.107625637287e+02,1.182879746788e+03,0.000000000000e+00,0.000000000000e+00,0.000000000000e+00,0.000000000000e+00,7.028277401752e-04,7.660822367909e-02,2.713593132311e+02,2.522371978760e+02,0.000000000000e+00,8.122285775371e-01,1.107625637287e+02,5.549758101015e+04,1.090000000000e+02
3.510000000000e+02,1.032837861863e+08,4.854229111636e+04,7.293176315145e+05,4.185629857691e-01,2.880393594228e+02,-1.134388883950e-04,-1.236483883506e-02,0.000000000000e+00,1.347691297365e+02,1.146058766467e+03,0.000000000000e+00,0.000000000000e+00,0.000000000000e+00,0.000000000000e+00,7.459223864370e-04,8.130554012163e-02,2.714362741445e+02,2.537629241943e+02,0.000000000000e+00,8.221747595118e-01,1.347691297365e+02,5.549792475763e+04,1.090000000000e+02
3.520000000000e+02,1.032826748548e+08,4.950450369795e+04,7.344160999928e+05,4.203939356839e-01,2.887885958032e+02,-1.086202789898e-04,-1.183961040988e-02,0.000000000000e+00,1.491183976576e+02,1.111330979245e+03,0.000000000000e+00,0.000000000000e+00,0.000000000000e+00,0.000000000000e+00,7.337380580172e-04,7.997744832387e-02,2.714846337195e+02,2.542690124512e+02,0.000000000000e+00,8.345503405468e-01,1.491183976576e+02,5.549813703507e+04,1.090000000000e+02
3.530000000000e+02,1.032815899949e+08,5.044645536427e+04,7.406489984996e+05,4.230731433574e-01,2.893955727673e+02,-1.298168748946e-04,-1.415003936351e-02,0.000000000000e+00,1.429089749109e+02,1.084860641232e+03,0.000000000000e+00,0.000000000000e+00,0.000000000000e+00,0.000000000000e+00,9.007022842393e-04,9.817654898208e-02,2.714671526598e+02,2.540317077637e+02,0.000000000000e+00,8.454773608210e-01,1.429089749109e+02,5.549806077413e+04,1.090000000000e+02
3.540000000000e+02,1.032805284318e+08,5.137567325619e+04,7.466062915467e+05,4.254551695349e-01,2.900904797811e+02,-1.288692974007e-04,-1.404675341668e-02,0.000000000000e+00,1.323463122776e+02,1.061564204194e+03,0.000000000000e+00,0.000000000000e+00,0.000000000000e+00,0.000000000000e+00,8.561287455531e-04,9.331803326529e-02,2.714460904335e+02,2.541607360840e+02,0.000000000000e+00,8.568206019054e-01,1.323463122776e+02,5.549796821624e+04,1.090000000000e+02
3.550000000000e+02,1.032794891604e+08,5.229651574567e+04,7.521416366664e+05,4.275907191162e-01,2.907831525324e+02,-1.216727302609e-04,-1.326232759843e-02,0.000000000000e+00,1.184295213951e+02,1.039272010879e+03,0.000000000000e+00,0.000000000000e+00,0.000000000000e+00,0.000000000000e+00,7.940095833494e-04,8.654704458508e-02,2.713819467863e+02,2.529650726318e+02,0.000000000000e+00,8.679731613798e-01,1.184295213951e+02,5.549768293467e+04,1.090000000000e+02
3.560000000000e+02,1.032784700015e+08,5.321408282283e+04,7.576544757555e+05,4.297340131136e-01,2.914549707611e+02,-1.196100043604e-04,-1.303749047529e-02,0.000000000000e+00,1.015925099366e+02,1.019159587098e+03,0.000000000000e+00,0.000000000000e+00,0.000000000000e+00,0.000000000000e+00,7.923253036866e-04,8.636345810184e-02,2.713223681686e+02,2.524856262207e+02,0.000000000000e+00,8.779660934867e-01,1.015925099366e+02,5.549741314264e+04,1.090000000000e+02
3.570000000000e+02,1.032774647479e+08,5.412275163385e+04,7.626791518607e+05,4.314692566759e-01,2.922087013331e+02,-1.113283831353e-04,-1.213479376175e-02,0.000000000000e+00,9.658462925311e+01,1.005253440273e+03,0.000000000000e+00,0.000000000000e+00,0.000000000000e+00,0.000000000000e+00,7.196272423978e-04,7.843936942136e-02,2.712909784644e+02,2.527892150879e+02,0.000000000000e+00,8.871263363130e-01,9.658462925311e+01,5.549727100044e+04,1.090000000000e+02
3.580000000000e+02,1.032764482240e+08,5.505736819517e+04,7.675952778256e+05,4.332157150254e-01,2.929082317315e+02,-1.080874109288e-04,-1.178152779124e-02,0.000000000000e+00,8.190732664210e+01,1.016523887961e+03,0.000000000000e+00,0.000000000000e+00,0.000000000000e+00,0.000000000000e+00,7.052899517630e-04,7.687660474217e-02,2.712259424098e+02,2.516610565186e+02,0.000000000000e+00,8.969926997871e-01,8.190732664210e+01,5.549697087410e+04,1.090000000000e+02
3.590000000000e+02,1.032754575020e+08,5.597742492943e+04,7.716479327951e+05,4.342689632868e-01,2.937419906187e+02,-1.070561478005e-04,-1.166912011026e-02,0.000000000000e+00,7.066077617708e+01,9.907175104341e+02,0.000000000000e+00,0.000000000000e+00,0.000000000000e+00,0.000000000000e+00,5.635194132516e-04,6.142361604443e-02,2.711681386926e+02,2.513882751465e+02,0.000000000000e+00,9.053643281943e-01,7.066077617708e+01,5.549669837694e+04,1.090000000000e+02
3.600000000000e+02,1.032744877422e+08,5.687929139784e+04,7.749629473401e+05,4.348445638052e-01,2.946144824592e+02,-1.021628312718e-04,-1.113574860863e-02,0.000000000000e+00,6.789054175550e+01,9.697570101697e+02,0.000000000000e+00,0.000000000000e+00,0.000000000000e+00,0.000000000000e+00,4.463075926471e-04,4.864752759853e-02,2.711264766586e+02,2.516314849854e+02,0.000000000000e+00,9.137716614811e-01,6.789054175550e+01,5.549649906805e+04,1.090000000000e+02
3.610000000000e+02,1.032735371068e+08,5.776278678727e+04,7.780045581397e+05,4.352039766275e-01,2.955271701478e+02,-1.090093532758e-04,-1.188201950707e-02,0.000000000000e+00,6.713536327809e+01,9.506307527009e+02,0.000000000000e+00,0.000000000000e+00,0.000000000000e+00,0.000000000000e+00,3.940772531924e-04,4.295442059797e-02,2.711021292474e+02,2.525847625732e+02,0.000000000000e+00,9.223608120629e-01,6.713536327809e+01,5.549638144399e+04,1.090000000000e+02
3.620000000000e+02,1.032726052182e+08,5.862618080026e+04,7.819637005420e+05,4.362505453248e-01,2.963185908620e+02,-1.235831826722e-04,-1.347056691127e-02,0.000000000000e+00,6.849033957392e+01,9.318843525676e+02,0.000000000000e+00,0.000000000000e+00,0.000000000000e+00,0.000000000000e+00,5.309591754409e-04,5.787455012306e-02,2.710981295815e+02,2.525290985107e+02,0.000000000000e+00,9.290261742049e-01,6.849033957392e+01,5.549636204921e+04,1.090000000000e+02
3.630000000000e+02,1.032716909820e+08,5.947263214895e+04,7.871111314878e+05,4.381611563131e-01,2.969691025380e+02,-1.343122177201e-04,-1.464003173149e-02,0.000000000000e+00,6.778365195956e+01,9.142350006477e+02,0.000000000000e+00,0.000000000000e+00,0.000000000000e+00,0.000000000000e+00,7.168649419912e-04,7.813827867704e-02,2.710773967901e+02,2.516068267822e+02,0.000000000000e+00,9.354607131136e-01,6.778365195956e+01,5.549626134165e+04,1.090000000000e+02
3.640000000000e+02,1.032707908517e+08,6.031056873047e+04,7.927767987905e+05,4.404726338869e-01,2.975384769130e+02,-1.198467867591e-04,-1.306329975674e-02,0.000000000000e+00,6.219221136120e+01,9.001287928788e+02,0.000000000000e+00,0.000000000000e+00,0.000000000000e+00,0.000000000000e+00,8.173839735550e-04,8.909485311749e-02,2.710243024314e+02,2.512489471436e+02,0.000000000000e+00,9.430292636208e-01,6.219221136120e+01,5.549600066762e+04,1.090000000000e+02
3.650000000000e+02,1.032699051039e+08,6.113455986699e+04,7.989663791999e+05,4.429859728412e-01,2.981604236646e+02,-1.394918542905e-04,-1.520461211767e-02,0.000000000000e+00,6.175443997366e+01,8.857455764981e+02,0.000000000000e+00,0.000000000000e+00,0.000000000000e+00,0.000000000000e+00,8.838388844615e-04,9.633843840630e-02,2.710160062293e+02,2.519989776611e+02,0.000000000000e+00,9.497399464627e-01,6.175443997366e+01,5.549595938388e+04,1.090000000000e+02
3.660000000000e+02,1.032690364134e+08,6.193919462242e+04,8.054830682637e+05,4.458253847327e-01,2.986780975371e+02,-1.816024430430e-04,-1.979466629168e-02,0.000000000000e+00,6.405583901881e+01,8.686905944485e+02,0.000000000000e+00,0.000000000000e+00,0.000000000000e+00,0.000000000000e+00,8.957864355882e-04,9.764072147912e-02,2.710088653829e+02,2.520103759766e+02,0.000000000000e+00,9.580630313583e-01,6.405583901881e+01,5.549592374763e+04,1.090000000000e+02
3.670000000000e+02,1.032681831650e+08,6.272764329642e+04,8.114424371945e+05,4.482628575086e-01,2.992517083536e+02,-1.942157124642e-04,-2.116951265860e-02,0.000000000000e+00,6.479545758264e+01,8.532441315834e+02,0.000000000000e+00,0.000000000000e+00,0.000000000000e+00,0.000000000000e+00,7.909304973260e-04,8.621142420853e-02,2.710110669676e+02,2.526075439453e+02,0.000000000000e+00,9.629600268505e-01,6.479545758264e+01,5.549593456210e+04,1.090000000000e+02
3.680000000000e+02,1.032673452567e+08,6.350236293053e+04,8.157297682729e+05,4.495043248984e-01,3.000026927390e+02,-1.693232516381e-04,-1.845623442855e-02,0.000000000000e+00,6.318710469734e+01,8.379067388037e+02,0.000000000000e+00,0.000000000000e+00,0.000000000000e+00,0.000000000000e+00,5.397583869200e-04,5.883366417428e-02,2.709846195454e+02,2.526165313721e+02,0.000000000000e+00,9.704532373186e-01,6.318710469734e+01,5.549580282294e+04,1.090000000000e+02
3.690000000000e+02,1.032665211377e+08,6.426664560455e+04,8.204656992512e+05,4.511377165006e-01,3.006527017970e+02,-1.247628830773e-04,-1.359915425543e-02,0.000000000000e+00,5.983485893200e+01,8.241175329591e+02,0.000000000000e+00,0.000000000000e+00,0.000000000000e+00,0.000000000000e+00,6.585061639597e-04,7.177717187161e-02,2.709567466388e+02,2.526100158691e+02,0.000000000000e+00,9.780386514558e-01,5.983485893200e+01,5.549566299441e+04,1.090000000000e+02
3.700000000000e+02,1.032657078870e+08,6.503092824524e+04,8.258755604322e+05,4.531842407492e-01,3.012717755644e+02,-1.131910596975e-04,-1.233782550703e-02,0.000000000000e+00,4.896679288305e+01,8.132494335687e+02,0.000000000000e+00,0.000000000000e+00,0.000000000000e+00,0.000000000000e+00,7.826560483425e-04,8.530950926934e-02,2.708367303910e+02,2.508502655029e+02,0.000000000000e+00,9.855408686953e-01,4.896679288305e+01,5.549504925220e+04,1.090000000000e+02
3.710000000000e+02,1.032649011571e+08,6.580390594544e+04,8.312858943024e+05,4.552147928914e-01,3.018966982757e+02,-1.187363275873e-04,-1.294225970702e-02,0.000000000000e+00,3.375048072099e+01,8.067281809241e+02,0.000000000000e+00,0.000000000000e+00,0.000000000000e+00,0.000000000000e+00,7.774877809231e-04,8.474616812061e-02,2.706994912171e+02,2.500630798340e+02,0.000000000000e+00,9.938406423626e-01,3.375048072099e+01,5.549432386188e+04,1.090000000000e+02
3.720000000000e+02,1.032641029921e+08,6.657388854497e+04,8.370459909730e+05,4.575269070057e-01,3.024551689590e+02,-1.267918237473e-04,-1.382030878845e-02,0.000000000000e+00,2.817906986534e+01,7.981616693915e+02,0.000000000000e+00,0.000000000000e+00,0.000000000000e+00,0.000000000000e+00,8.267422080605e-04,9.011490067859e-02,2.706056261920e+02,2.503898010254e+02,0.000000000000e+00,1.003096692166e+00,2.817906986534e+01,5.549381243674e+04,1.090000000000e+02
3.730000000000e+02,1.032633174682e+08,6.732673667742e+04,8.414138568407e+05,4.588159660506e-01,3.031792884442e+02,-1.328072298424e-04,-1.447598805282e-02,0.000000000000e+00,3.267215265568e+01,7.855202851060e+02,0.000000000000e+00,0.000000000000e+00,0.000000000000e+00,0.000000000000e+00,5.893104182502e-04,6.423483558927e-02,2.706046561820e+02,2.510000000000e+02,0.000000000000e+00,1.010285730563e+00,3.267215265568e+01,5.549380551191e+04,1.090000000000e+02
3.740000000000e+02,1.032625474512e+08,6.806060902294e+04,8.452186142898e+05,4.597968659508e-01,3.039008309384e+02,-1.293312524233e-04,-1.409710651414e-02,0.000000000000e+00,3.614294265866e+01,7.700152881780e+02,0.000000000000e+00,0.000000000000e+00,0.000000000000e+00,0.000000000000e+00,4.998190999773e-04,5.448028189752e-02,2.705946608841e+02,2.510683288574e+02,0.000000000000e+00,1.019930750812e+00,3.614294265866e+01,5.549374895619e+04,1.090000000000e+02
3.750000000000e+02,1.032617922315e+08,6.877913693139e+04,8.494734530352e+05,4.610473357296e-01,3.046024313273e+02,-1.263695466843e-04,-1.377428058859e-02,0.000000000000e+00,3.669100965791e+01,7.552189181114e+02,0.000000000000e+00,0.000000000000e+00,0.000000000000e+00,0.000000000000e+00,5.771184731799e-04,6.290591357661e-02,2.705897469722e+02,2.517420959473e+02,0.000000000000e+00,1.024867503529e+00,3.669100965791e+01,5.549372049558e+04,1.090000000000e+02
3.760000000000e+02,1.032610498987e+08,6.949238966476e+04,8.531160992365e+05,4.618694388812e-01,3.053671823336e+02,-1.102734255968e-04,-1.201980339005e-02,0.000000000000e+00,2.907883587593e+01,7.423315692440e+02,0.000000000000e+00,0.000000000000e+00,0.000000000000e+00,0.000000000000e+00,4.933559740919e-04,5.377580117601e-02,2.704900623941e+02,2.507825164795e+02,0.000000000000e+00,1.034983022450e+00,2.907883587593e+01,5.549316202838e+04,1.090000000000e+02
3.770000000000e+02,1.032603202231e+08,7.019489029231e+04,8.566747142637e+05,4.626397411378e-01,3.061307506319e+02,-9.755802630135e-05,-1.063382486685e-02,0.000000000000e+00,2.717535259216e+01,7.296759801384e+02,0.000000000000e+00,0.000000000000e+00,0.000000000000e+00,0.000000000000e+00,4.909215050886e-04,5.351044405466e-02,2.704794078298e+02,2.513494567871e+02,0.000000000000e+00,1.041153096378e+00,2.717535259216e+01,5.549309986647e+04,1.090000000000e+02
3.780000000000e+02,1.032596081125e+08,7.087445701874e+04,8.609757204023e+05,4.640103934949e-01,3.067588877885e+02,-1.174831380334e-04,-1.280566204564e-02,0.000000000000e+00,3.254238655924e+01,7.121091129893e+02,0.000000000000e+00,0.000000000000e+00,0.000000000000e+00,0.000000000000e+00,5.935764250162e-04,6.469983032676e-02,2.704797323418e+02,2.517384948730e+02,0.000000000000e+00,1.048504552984e+00,3.254238655924e+01,5.549309882936e+04,1.090000000000e+02
3.790000000000e+02,1.032589120221e+08,7.153953497387e+04,8.657138620623e+05,4.656667535378e-01,3.073510118701e+02,-1.555882593209e-04,-1.695912026598e-02,0.000000000000e+00,3.101250004453e+01,6.960904551807e+02,0.000000000000e+00,0.000000000000e+00,0.000000000000e+00,0.000000000000e+00,6.282460237068e-04,6.847881658404e-02,2.704456746289e+02,2.516017303467e+02,0.000000000000e+00,1.055460047523e+00,3.101250004453e+01,5.549290171000e+04,1.090000000000e+02
3.800000000000e+02,1.032582316589e+08,7.219127643912e+04,8.696416061777e+05,4.666211711686e-01,3.081152765220e+02,-1.580465564311e-04,-1.722707465099e-02,0.000000000000e+00,2.861984091300e+01,6.803613061624e+02,0.000000000000e+00,0.000000000000e+00,0.000000000000e+00,0.000000000000e+00,4.919107350407e-04,5.361827011944e-02,2.704053139624e+02,2.519206085205e+02,0.000000000000e+00,1.065061082983e+00,2.861984091300e+01,5.549266590016e+04,1.090000000000e+02
3.810000000000e+02,1.032575679374e+08,7.282673029833e+04,8.733249343836e+05,4.675631141808e-01,3.087980312188e+02,-1.499238777815e-04,-1.634170267818e-02,0.000000000000e+00,2.826863089708e+01,6.637224901090e+02,0.000000000000e+00,0.000000000000e+00,0.000000000000e+00,0.000000000000e+00,4.595315348277e-04,5.008893729622e-02,2.703722935702e+02,2.518365478516e+02,0.000000000000e+00,1.070465651734e+00,2.826863089708e+01,5.549246947745e+04,1.090000000000e+02
3.820000000000e+02,1.032569194520e+08,7.345296311266e+04,8.783897852291e+05,4.693798909448e-01,3.093901223556e+02,-1.494577874893e-04,-1.629089883634e-02,0.000000000000e+00,2.225132491950e+01,6.484841392465e+02,0.000000000000e+00,0.000000000000e+00,0.000000000000e+00,0.000000000000e+00,6.894736296415e-04,7.515262563093e-02,2.702706836958e+02,2.510751037598e+02,0.000000000000e+00,1.078074892680e+00,2.225132491950e+01,5.549186467890e+04,1.090000000000e+02
3.830000000000e+02,1.032563994543e+08,7.395959688205e+04,8.836689263747e+05,4.713616830921e-01,3.099472735007e+02,-1.291409417741e-04,-1.407636265337e-02,0.000000000000e+00,1.336320169893e+01,5.199969710881e+02,0.000000000000e+00,0.000000000000e+00,0.000000000000e+00,0.000000000000e+00,7.466249001895e-04,8.138211412066e-02,2.700901765776e+02,2.503266143799e+02,0.000000000000e+00,1.083705346939e+00,1.336320169893e+01,5.549073328248e+04,1.090000000000e+02
3.840000000000e+02,1.032558484565e+08,7.449993976485e+04,8.876162836073e+05,4.724210688923e-01,3.106374053308e+02,-1.213334398046e-04,-1.322534493870e-02,0.000000000000e+00,1.065520853648e+01,5.509980913381e+02,0.000000000000e+00,0.000000000000e+00,0.000000000000e+00,0.000000000000e+00,5.330519827431e-04,5.810266611900e-02,2.699867153649e+02,2.501602478027e+02,0.000000000000e+00,1.091543799620e+00,1.065520853648e+01,5.549006563998e+04,1.090000000000e+02
3.850000000000e+02,1.032552815273e+08,7.505312066182e+04,8.905951676513e+05,4.728387200409e-01,3.114067061788e+02,-1.284282828079e-04,-1.399868282606e-02,0.000000000000e+00,1.374796124586e+01,5.669288582159e+02,0.000000000000e+00,0.000000000000e+00,0.000000000000e+00,0.000000000000e+00,3.650636591154e-04,3.979193884358e-02,2.699293842986e+02,2.511623840332e+02,0.000000000000e+00,1.097694469251e+00,1.374796124586e+01,5.548969449949e+04,1.090000000000e+02
3.860000000000e+02,1.032546513367e+08,7.567205120631e+04,8.938454514849e+05,4.735489959051e-01,3.120767315287e+02,-1.392926231013e-04,-1.518289591804e-02,0.000000000000e+00,1.126074214525e+01,6.301912866341e+02,0.000000000000e+00,0.000000000000e+00,0.000000000000e+00,0.000000000000e+00,3.991807393442e-04,4.351070058852e-02,2.698664964745e+02,2.513104553223e+02,0.000000000000e+00,1.105154639850e+00,1.126074214525e+01,5.548928468691e+04,1.090000000000e+02
3.870000000000e+02,1.032540566043e+08,7.625995177373e+04,8.978841344854e+05,4.746714178746e-01,3.127496295236e+02,-1.218607301338e-04,-1.328281958458e-02,0.000000000000e+00,6.831890823117e+00,5.947324582371e+02,0.000000000000e+00,0.000000000000e+00,0.000000000000e+00,0.000000000000e+00,5.478252080005e-04,5.971294767206e-02,2.697584914405e+02,2.510350799561e+02,0.000000000000e+00,1.111993572027e+00,6.831890823117e+00,5.548855584617e+04,1.090000000000e+02
3.880000000000e+02,1.032534850564e+08,7.682951971417e+04,9.023184520478e+05,4.761028244601e-01,3.133541028814e+02,-1.210040922517e-04,-1.318944605543e-02,0.000000000000e+00,1.980222444875e+00,5.715481628865e+02,0.000000000000e+00,0.000000000000e+00,0.000000000000e+00,0.000000000000e+00,6.144579467042e-04,6.697591619076e-02,2.696346664374e+02,2.509133758545e+02,0.000000000000e+00,1.116552348946e+00,1.980222444875e+00,5.548769884215e+04,1.090000000000e+02
3.890000000000e+02,1.032529347870e+08,7.737978912417e+04,9.073402055599e+05,4.781130245528e-01,3.137802399460e+02,-1.469172317031e-04,-1.601397825563e-02,0.000000000000e+00,0.000000000000e+00,5.502694100077e+02,0.000000000000e+00,0.000000000000e+00,0.000000000000e+00,0.000000000000e+00,6.867284201390e-04,7.485339779515e-02,2.694603283927e+02,2.503815002441e+02,0.000000000000e+00,1.121086220560e+00,0.000000000000e+00,5.548646012882e+04,1.090000000000e+02
3.900000000000e+02,1.032524023101e+08,7.791226601659e+04,9.115495849591e+05,4.793058883286e-01,3.144605014404e+02,-1.431089023407e-04,-1.559887035514e-02,0.000000000000e+00,0.000000000000e+00,5.324768924199e+02,0.000000000000e+00,0.000000000000e+00,0.000000000000e+00,0.000000000000e+00,5.572398677805e-04,6.073914558808e-02,2.692428889604e+02,2.495313720703e+02,0.000000000000e+00,1.128880028228e+00,0.000000000000e+00,5.548485716720e+04,1.090000000000e+02
3.910000000000e+02,1.032518875135e+08,7.842706262951e+04,9.149265773720e+05,4.800577170779e-01,3.151389636262e+02,-1.532698140404e-04,-1.670640973041e-02,0.000000000000e+00,0.000000000000e+00,5.147966129179e+02,0.000000000000e+00,0.000000000000e+00,0.000000000000e+00,0.000000000000e+00,4.088503888370e-04,4.456469238323e-02,2.690645839297e+02,2.494858703613e+02,0.000000000000e+00,1.134553245108e+00,0.000000000000e+00,5.548348585428e+04,1.090000000000e+02
3.920000000000e+02,1.032513928793e+08,7.892169682728e+04,9.181754318988e+05,4.807133321977e-01,3.158323967288e+02,-1.521479942806e-04,-1.658413137659e-02,0.000000000000e+00,0.000000000000e+00,4.946341977656e+02,0.000000000000e+00,0.000000000000e+00,0.000000000000e+00,0.000000000000e+00,3.878032812506e-04,4.227055765631e-02,2.689388799478e+02,2.502594757080e+02,0.000000000000e+00,1.139017237694e+00,0.000000000000e+00,5.548248290900e+04,1.090000000000e+02
3.930000000000e+02,1.032509180395e+08,7.939653665866e+04,9.216603327491e+05,4.815525883559e-01,3.164864134081e+02,-1.308007212019e-04,-1.425727861100e-02,0.000000000000e+00,0.000000000000e+00,4.748398313860e+02,0.000000000000e+00,0.000000000000e+00,0.000000000000e+00,0.000000000000e+00,4.492057835319e-04,4.896343040497e-02,2.687710235257e+02,2.504782257080e+02,0.000000000000e+00,1.142127761371e+00,0.000000000000e+00,5.548111475987e+04,1.090000000000e+02
3.940000000000e+02,1.032504606603e+08,7.985391582378e+04,9.255109828460e+05,4.826438579355e-01,3.171007825356e+02,-1.211587959715e-04,-1.320630876089e-02,0.000000000000e+00,0.000000000000e+00,4.573791651200e+02,0.000000000000e+00,0.000000000000e+00,0.000000000000e+00,0.000000000000e+00,5.207337778474e-04,5.675998178537e-02,2.685488921649e+02,2.498409729004e+02,0.000000000000e+00,1.144716637594e+00,0.000000000000e+00,5.547924814221e+04,1.090000000000e+02
3.950000000000e+02,1.032500224245e+08,8.029215168024e+04,9.301943832595e+05,4.843119637166e-01,3.176135227707e+02,-1.479523288775e-04,-1.612680384764e-02,0.000000000000e+00,0.000000000000e+00,4.382358564568e+02,0.000000000000e+00,0.000000000000e+00,0.000000000000e+00,0.000000000000e+00,6.293308993881e-04,6.859706803330e-02,2.684329200005e+02,2.503921813965e+02,0.000000000000e+00,1.147202813286e+00,0.000000000000e+00,5.547823393759e+04,1.090000000000e+02
3.960000000000e+02,1.032496029914e+08,8.071158474966e+04,9.345502182276e+05,4.856558699315e-01,3.182270583983e+02,-1.567294245501e-04,-1.708350727596e-02,0.000000000000e+00,0.000000000000e+00,4.194330694217e+02,0.000000000000e+00,0.000000000000e+00,0.000000000000e+00,0.000000000000e+00,5.680797944582e-04,6.192069759594e-02,2.682519558445e+02,2.503721160889e+02,0.000000000000e+00,1.150501233729e+00,0.000000000000e+00,5.547662157842e+04,1.090000000000e+02
3.970000000000e+02,1.032492030944e+08,8.111148175298e+04,9.387019292436e+05,4.869196093796e-01,3.188146413179e+02,-1.776276083611e-04,-1.936140931136e-02,0.000000000000e+00,0.000000000000e+00,3.998970033184e+02,0.000000000000e+00,0.000000000000e+00,0.000000000000e+00,0.000000000000e+00,5.106331889143e-04,5.565901759166e-02,2.681872229581e+02,2.512306823730e+02,0.000000000000e+00,1.151818227635e+00,0.000000000000e+00,5.547602107340e+04,1.090000000000e+02
3.980000000000e+02,1.032488252213e+08,8.148935482699e+04,9.439720106045e+05,4.889912969617e-01,3.192459886077e+02,-2.101544713470e-04,-2.290683737682e-02,0.000000000000e+00,0.000000000000e+00,3.778730740092e+02,0.000000000000e+00,0.000000000000e+00,0.000000000000e+00,0.000000000000e+00,6.612544623129e-04,7.207673639210e-02,2.681944188027e+02,2.528276824951e+02,0.000000000000e+00,1.152779231376e+00,0.000000000000e+00,5.547606650509e+04,1.090000000000e+02
3.990000000000e+02,1.032484674359e+08,8.184714022231e+04,9.497415030058e+05,4.913017205454e-01,3.196901423660e+02,-1.899177200892e-04,-2.070103148972e-02,0.000000000000e+00,0.000000000000e+00,3.577853953226e+02,0.000000000000e+00,0.000000000000e+00,0.000000000000e+00,0.000000000000e+00,7.658885524675e-04,8.348185221896e-02,2.681308770124e+02,2.528637695313e+02,0.000000000000e+00,1.155049935592e+00,0.000000000000e+00,5.547547322802e+04,1.090000000000e+02
4.000000000000e+02,1.032481263282e+08,8.218824794690e+04,9.552336967540e+05,4.934090749959e-01,3.201720278676e+02,-1.449928551992e-04,-1.580422121671e-02,0.000000000000e+00,0.000000000000e+00,3.411077245869e+02,0.000000000000e+00,0.000000000000e+00,0.000000000000e+00,0.000000000000e+00,7.664736053628e-04,8.354562298454e-02,2.680108127241e+02,2.530167694092e+02,0.000000000000e+00,1.154353873225e+00,0.000000000000e+00,5.547435396158e+04,1.090000000000e+02
4.010000000000e+02,1.032478017826e+08,8.251279359159e+04,9.609296541680e+05,4.956884766348e-01,3.206030990759e+02,-1.349086248367e-04,-1.470504010720e-02,0.000000000000e+00,0.000000000000e+00,3.245456446872e+02,0.000000000000e+00,0.000000000000e+00,0.000000000000e+00,0.000000000000e+00,8.085683601448e-04,8.813395125579e-02,2.679565557843e+02,2.537395019531e+02,0.000000000000e+00,1.154129686760e+00,0.000000000000e+00,5.547383656635e+04,1.090000000000e+02
4.020000000000e+02,1.032474934759e+08,8.282110018971e+04,9.667160484391e+05,4.979925032078e-01,3.210448626354e+02,-1.495364435444e-04,-1.629947234634e-02,0.000000000000e+00,0.000000000000e+00,3.083065981240e+02,0.000000000000e+00,0.000000000000e+00,0.000000000000e+00,0.000000000000e+00,8.091361118702e-04,8.819583619385e-02,2.678946682537e+02,2.539246063232e+02,0.000000000000e+00,1.154365779363e+00,0.000000000000e+00,5.547324251626e+04,1.090000000000e+02
4.030000000000e+02,1.032471999079e+08,8.311466824778e+04,9.727587726485e+05,5.004872010320e-01,3.214451872827e+02,-1.544648558613e-04,-1.683666928888e-02,0.000000000000e+00,0.000000000000e+00,2.935680580692e+02,0.000000000000e+00,0.000000000000e+00,0.000000000000e+00,0.000000000000e+00,8.468021711757e-04,9.230143665815e-02,2.678266705331e+02,2.538435516357e+02,0.000000000000e+00,1.156649389674e+00,0.000000000000e+00,5.547258614970e+04,1.090000000000e+02
4.040000000000e+02,1.032469194993e+08,8.339507678556e+04,9.792178377108e+05,5.032504773115e-01,3.218083100323e+02,-1.373642087439e-04,-1.497269875308e-02,0.000000000000e+00,0.000000000000e+00,2.804085377840e+02,0.000000000000e+00,0.000000000000e+00,0.000000000000e+00,0.000000000000e+00,9.336193339581e-04,1.017645074014e-01,2.677298767477e+02,2.538814697266e+02,0.000000000000e+00,1.157945685970e+00,0.000000000000e+00,5.547164375562e+04,1.090000000000e+02
4.050000000000e+02,1.032466492584e+08,8.366531774651e+04,9.850679128170e+05,5.055375432559e-01,3.222774451896e+02,-1.270242797731e-04,-1.384564649527e-02,0.000000000000e+00,0.000000000000e+00,2.702409609413e+02,0.000000000000e+00,0.000000000000e+00,0.000000000000e+00,0.000000000000e+00,8.461373345155e-04,9.222896946219e-02,2.675367136555e+02,2.527250061035e+02,0.000000000000e+00,1.159770358518e+00,0.000000000000e+00,5.546972707648e+04,1.090000000000e+02
4.060000000000e+02,1.032463879502e+08,8.392662596773e+04,9.904744270202e+05,5.075883405161e-01,3.227476742750e+02,-1.334299940230e-04,-1.454386934850e-02,0.000000000000e+00,0.000000000000e+00,2.613082212286e+02,0.000000000000e+00,0.000000000000e+00,0.000000000000e+00,0.000000000000e+00,7.661777982291e-04,8.351338000697e-02,2.673573383609e+02,2.526265106201e+02,0.000000000000e+00,1.160354712790e+00,0.000000000000e+00,5.546789719081e+04,1.090000000000e+02
4.070000000000e+02,1.032461363519e+08,8.417822419835e+04,9.957881452726e+05,5.095752989048e-01,3.232220106580e+02,-1.413907873990e-04,-1.541159582649e-02,0.000000000000e+00,0.000000000000e+00,2.515982306201e+02,0.000000000000e+00,0.000000000000e+00,0.000000000000e+00,0.000000000000e+00,7.416040469680e-04,8.083484111952e-02,2.672249082137e+02,2.530519561768e+02,0.000000000000e+00,1.160821428399e+00,0.000000000000e+00,5.546651251736e+04,1.090000000000e+02
4.080000000000e+02,1.032458939050e+08,8.442067105931e+04,1.002368610991e+06,5.124919746186e-01,3.235157252217e+02,-1.273884186391e-04,-1.388533763166e-02,0.000000000000e+00,0.000000000000e+00,2.424468609559e+02,0.000000000000e+00,0.000000000000e+00,0.000000000000e+00,0.000000000000e+00,9.658728728534e-04,1.052801431410e-01,2.670736429200e+02,2.524792022705e+02,0.000000000000e+00,1.161687780035e+00,0.000000000000e+00,5.546489665251e+04,1.090000000000e+02
4.090000000000e+02,1.032456603834e+08,8.465419269253e+04,1.007757545488e+06,5.143683509461e-01,3.240755706097e+02,-1.373816032186e-04,-1.497459475083e-02,0.000000000000e+00,0.000000000000e+00,2.335216332193e+02,0.000000000000e+00,0.000000000000e+00,0.000000000000e+00,0.000000000000e+00,7.576192219760e-04,8.258049519538e-02,2.669626233419e+02,2.520738525391e+02,0.000000000000e+00,1.161899786534e+00,0.000000000000e+00,5.546368871450e+04,1.090000000000e+02
4.100000000000e+02,1.032454352826e+08,8.487929346717e+04,1.011772473636e+06,5.154723231583e-01,3.246783935945e+02,-1.523770601583e-04,-1.660909955725e-02,0.000000000000e+00,0.000000000000e+00,2.251007746447e+02,0.000000000000e+00,0.000000000000e+00,0.000000000000e+00,0.000000000000e+00,5.161313564848e-04,5.625831785684e-02,2.668312748228e+02,2.520551757812e+02,0.000000000000e+00,1.163722103821e+00,0.000000000000e+00,5.546223339756e+04,1.090000000000e+02
4.110000000000e+02,1.032453977446e+08,8.491683154435e+04,1.016392879802e+06,5.169652957148e-01,3.252298008745e+02,-1.506077024152e-04,-1.641623956325e-02,0.000000000000e+00,0.000000000000e+00,3.753807717863e+01,0.000000000000e+00,0.000000000000e+00,0.000000000000e+00,0.000000000000e+00,6.191880295588e-04,6.749149522191e-02,2.666810623747e+02,2.516903991699e+02,0.000000000000e+00,1.157473818026e+00,0.000000000000e+00,5.546041793163e+04,1.090000000000e+02
4.120000000000e+02,1.032452572238e+08,8.505735230488e+04,1.020299426037e+06,5.179402143846e-01,3.258764509189e+02,-1.333981913157e-04,-1.454040285341e-02,0.000000000000e+00,0.000000000000e+00,1.405207605226e+02,0.000000000000e+00,0.000000000000e+00,0.000000000000e+00,0.000000000000e+00,5.185994885561e-04,5.652734425262e-02,2.665128948751e+02,2.509975128174e+02,0.000000000000e+00,1.159457214203e+00,0.000000000000e+00,5.545852214061e+04,1.090000000000e+02
4.130000000000e+02,1.032449982238e+08,8.531635233180e+04,1.023569468856e+06,5.186764524117e-01,3.264637036826e+02,-1.329801605451e-04,-1.449483749941e-02,0.000000000000e+00,0.000000000000e+00,2.590000269268e+02,0.000000000000e+00,0.000000000000e+00,0.000000000000e+00,0.000000000000e+00,4.115356097407e-04,4.485738146173e-02,2.664096414341e+02,2.515601043701e+02,0.000000000000e+00,1.161429842503e+00,0.000000000000e+00,5.545735564565e+04,1.090000000000e+02
4.140000000000e+02,1.032447691046e+08,8.554547147821e+04,1.027824257898e+06,5.199704277617e-01,3.270059819938e+02,-1.408790180383e-04,-1.535581296618e-02,0.000000000000e+00,0.000000000000e+00,2.291191464060e+02,0.000000000000e+00,0.000000000000e+00,0.000000000000e+00,0.000000000000e+00,5.635250482683e-04,6.142423026124e-02,2.663937374275e+02,2.528369598389e+02,0.000000000000e+00,1.162818731392e+00,0.000000000000e+00,5.545718172986e+04,1.090000000000e+02
4.150000000000e+02,1.032445546221e+08,8.575995403105e+04,1.032878932045e+06,5.219206650107e-01,3.273968603487e+02,-1.435638432027e-04,-1.564845890910e-02,0.000000000000e+00,0.000000000000e+00,2.144825528400e+02,0.000000000000e+00,0.000000000000e+00,0.000000000000e+00,0.000000000000e+00,6.981820276174e-04,7.610184101030e-02,2.662434086274e+02,2.511847381592e+02,0.000000000000e+00,1.163578453614e+00,0.000000000000e+00,5.545538203859e+04,1.090000000000e+02
4.160000000000e+02,1.032443483183e+08,8.596625779781e+04,1.036761078782e+06,5.228712472131e-01,3.280467871378e+02,-1.225456340704e-04,-1.335747411368e-02,0.000000000000e+00,0.000000000000e+00,2.063037667577e+02,0.000000000000e+00,0.000000000000e+00,0.000000000000e+00,0.000000000000e+00,5.284987932534e-04,5.760636846462e-02,2.660118000648e+02,2.503520812988e+02,0.000000000000e+00,1.164504379540e+00,0.000000000000e+00,5.545253919175e+04,1.090000000000e+02
4.170000000000e+02,1.032441491478e+08,8.616542831321e+04,1.040401016724e+06,5.238284140192e-01,3.286079693685e+02,-9.532587510365e-05,-1.039052038630e-02,0.000000000000e+00,0.000000000000e+00,1.991705154019e+02,0.000000000000e+00,0.000000000000e+00,0.000000000000e+00,0.000000000000e+00,5.126315852996e-04,5.587684279766e-02,2.658641954155e+02,2.515233459473e+02,0.000000000000e+00,1.165669568117e+00,0.000000000000e+00,5.545068778706e+04,1.090000000000e+02
4.180000000000e+02,1.032439579926e+08,8.635658345864e+04,1.044608201295e+06,5.251115024259e-01,3.291335912793e+02,-8.901233158791e-05,-9.702344143082e-03,0.000000000000e+00,0.000000000000e+00,1.911551454368e+02,0.000000000000e+00,0.000000000000e+00,0.000000000000e+00,0.000000000000e+00,6.086295151329e-04,6.634061714948e-02,2.658242794301e+02,2.524405059814e+02,0.000000000000e+00,1.166774936686e+00,0.000000000000e+00,5.545018642158e+04,1.090000000000e+02
4.190000000000e+02,1.032437751076e+08,8.653946852866e+04,1.049680123620e+06,5.269651704862e-01,3.295678313859e+02,-1.111622254266e-04,-1.211668257150e-02,0.000000000000e+00,0.000000000000e+00,1.828850700166e+02,0.000000000000e+00,0.000000000000e+00,0.000000000000e+00,0.000000000000e+00,7.277708210978e-04,7.932701949966e-02,2.658294831827e+02,2.527494659424e+02,0.000000000000e+00,1.166720859219e+00,0.000000000000e+00,5.545025793991e+04,1.090000000000e+02
4.200000000000e+02,1.032436001248e+08,8.671445134459e+04,1.055111621543e+06,5.289939781817e-01,3.300009583454e+02,-1.221115315563e-04,-1.331015693964e-02,0.000000000000e+00,0.000000000000e+00,1.749828159330e+02,0.000000000000e+00,0.000000000000e+00,0.000000000000e+00,0.000000000000e+00,7.756389910217e-04,8.454465002137e-02,2.658514687295e+02,2.531639709473e+02,0.000000000000e+00,1.166813451812e+00,0.000000000000e+00,5.545054301661e+04,1.090000000000e+02
4.210000000000e+02,1.032434323598e+08,8.688221626337e+04,1.060685848036e+06,5.311330843949e-01,3.304078308979e+02,-1.329354030344e-04,-1.448995893075e-02,0.000000000000e+00,0.000000000000e+00,1.677649187780e+02,0.000000000000e+00,0.000000000000e+00,0.000000000000e+00,0.000000000000e+00,7.890757246671e-04,8.600925398872e-02,2.658573416324e+02,2.537136688232e+02,0.000000000000e+00,1.165630474410e+00,0.000000000000e+00,5.545062149474e+04,1.090000000000e+02
4.220000000000e+02,1.032432698569e+08,8.704471917330e+04,1.066009044018e+06,5.331012801365e-01,3.308509435948e+02,-1.167148560191e-04,-1.272191930608e-02,0.000000000000e+00,0.000000000000e+00,1.625029099301e+02,0.000000000000e+00,0.000000000000e+00,0.000000000000e+00,0.000000000000e+00,7.698152381740e-04,8.390986096097e-02,2.657152780785e+02,2.519697570801e+02,0.000000000000e+00,1.166186029965e+00,0.000000000000e+00,5.544879698980e+04,1.090000000000e+02
4.230000000000e+02,1.032431115142e+08,8.720306189093e+04,1.071898091140e+06,5.354765119541e-01,3.312099817869e+02,-1.171085372897e-04,-1.276483056458e-02,0.000000000000e+00,0.000000000000e+00,1.583427176253e+02,0.000000000000e+00,0.000000000000e+00,0.000000000000e+00,0.000000000000e+00,8.609951065804e-04,9.384846661727e-02,2.656249909165e+02,2.524085693359e+02,0.000000000000e+00,1.165802414455e+00,0.000000000000e+00,5.544763218388e+04,1.090000000000e+02
4.240000000000e+02,1.032429581268e+08,8.735644936157e+04,1.077807477804e+06,5.378157520794e-01,3.315895535391e+02,-1.262337600445e-04,-1.375947984485e-02,0.000000000000e+00,0.000000000000e+00,1.533874706423e+02,0.000000000000e+00,0.000000000000e+00,0.000000000000e+00,0.000000000000e+00,8.526838936640e-04,9.294254440938e-02,2.655967685788e+02,2.533397979736e+02,0.000000000000e+00,1.166080192233e+00,0.000000000000e+00,5.544727270568e+04,1.090000000000e+02
4.250000000000e+02,1.032428098601e+08,8.750471601862e+04,1.082430129598e+06,5.394675613934e-01,3.319962791575e+02,-9.556257864030e-05,-1.041632107179e-02,0.000000000000e+00,0.000000000000e+00,1.482666570495e+02,0.000000000000e+00,0.000000000000e+00,0.000000000000e+00,0.000000000000e+00,6.715741235885e-04,7.320157947114e-02,2.655429793657e+02,2.535629119873e+02,0.000000000000e+00,1.165610184919e+00,0.000000000000e+00,5.544656973773e+04,1.090000000000e+02
4.260000000000e+02,1.032426658822e+08,8.764869387503e+04,1.086711415097e+06,5.408321535385e-01,3.324729611481e+02,-8.009259717147e-05,-8.730093091690e-03,0.000000000000e+00,0.000000000000e+00,1.439778564114e+02,0.000000000000e+00,0.000000000000e+00,0.000000000000e+00,0.000000000000e+00,6.307515028411e-04,6.875191380968e-02,2.654853745582e+02,2.533247375488e+02,0.000000000000e+00,1.164372208881e+00,0.000000000000e+00,5.544581407240e+04,1.090000000000e+02
4.270000000000e+02,1.032425257319e+08,8.778884419637e+04,1.091056288566e+06,5.421882799772e-01,3.329718043874e+02,-7.943030930333e-05,-8.657903714063e-03,0.000000000000e+00,0.000000000000e+00,1.401503213435e+02,0.000000000000e+00,0.000000000000e+00,0.000000000000e+00,0.000000000000e+00,6.419116335849e-04,6.996836806075e-02,2.654291121859e+02,2.534742431641e+02,0.000000000000e+00,1.164835171844e+00,0.000000000000e+00,5.544507165795e+04,1.090000000000e+02
4.280000000000e+02,1.032423889335e+08,8.792564265618e+04,1.094900806600e+06,5.429343956051e-01,3.336927728947e+02,-6.171774048342e-05,-6.727233712693e-03,0.000000000000e+00,0.000000000000e+00,1.367984598052e+02,0.000000000000e+00,0.000000000000e+00,0.000000000000e+00,0.000000000000e+00,5.781550582997e-04,6.301890135467e-02,2.653438772985e+02,2.537136230469e+02,0.000000000000e+00,1.164423116299e+00,0.000000000000e+00,5.544392989992e+04,1.090000000000e+02
4.290000000000e+02,1.032422557709e+08,8.805880526187e+04,1.098790742035e+06,5.440044152854e-01,3.342196524951e+02,-5.992673991310e-05,-6.532014650528e-03,0.000000000000e+00,0.000000000000e+00,1.331626056950e+02,0.000000000000e+00,0.000000000000e+00,0.000000000000e+00,0.000000000000e+00,5.837548991968e-04,6.362928401245e-02,2.653424269916e+02,2.548011016846e+02,0.000000000000e+00,1.164124954562e+00,0.000000000000e+00,5.544392592469e+04,1.090000000000e+02
4.300000000000e+02,1.032421263386e+08,8.818823752288e+04,1.103284814320e+06,5.454725608280e-01,3.346875920636e+02,-7.028193946333e-05,-7.660731401503e-03,0.000000000000e+00,0.000000000000e+00,1.294322610047e+02,0.000000000000e+00,0.000000000000e+00,0.000000000000e+00,0.000000000000e+00,6.756478719437e-04,7.364561804186e-02,2.652906809662e+02,2.546492462158e+02,0.000000000000e+00,1.162960301042e+00,0.000000000000e+00,5.544322923731e+04,1.090000000000e+02
4.310000000000e+02,1.032419996594e+08,8.831491676106e+04,1.106465808700e+06,5.460494761410e-01,3.353064920809e+02,-5.410324351704e-05,-5.897253543357e-03,0.000000000000e+00,0.000000000000e+00,1.266792381774e+02,0.000000000000e+00,0.000000000000e+00,0.000000000000e+00,0.000000000000e+00,4.769312394092e-04,5.198550509561e-02,2.651870879732e+02,2.534848632813e+02,0.000000000000e+00,1.163052893634e+00,0.000000000000e+00,5.544181634598e+04,1.090000000000e+02
4.320000000000e+02,1.032418753260e+08,8.843925018181e+04,1.109813332998e+06,5.468421060338e-01,3.358423696473e+02,-4.469446330936e-05,-4.871696500720e-03,0.000000000000e+00,0.000000000000e+00,1.243334207553e+02,0.000000000000e+00,0.000000000000e+00,0.000000000000e+00,0.000000000000e+00,5.141185063962e-04,5.603891719719e-02,2.650803037452e+02,2.530272521973e+02,0.000000000000e+00,1.163857217066e+00,0.000000000000e+00,5.544034501288e+04,1.090000000000e+02
4.330000000000e+02,1.032417535062e+08,8.856106995405e+04,1.114290277253e+06,5.483093414077e-01,3.363013528690e+02,-6.724185488458e-05,-7.329362182419e-03,0.000000000000e+00,0.000000000000e+00,1.218197722378e+02,0.000000000000e+00,0.000000000000e+00,0.000000000000e+00,0.000000000000e+00,6.771810336755e-04,7.381273267063e-02,2.650028027841e+02,2.532356414795e+02,0.000000000000e+00,1.164042402251e+00,0.000000000000e+00,5.543927072420e+04,1.090000000000e+02
4.340000000000e+02,1.032416345137e+08,8.868006247009e+04,1.118039373906e+06,5.492557844685e-01,3.368537270535e+02,-8.038466560454e-05,-8.761928550895e-03,0.000000000000e+00,0.000000000000e+00,1.189925160449e+02,0.000000000000e+00,0.000000000000e+00,0.000000000000e+00,0.000000000000e+00,5.412994392825e-04,5.900163888180e-02,2.649747279116e+02,2.536759490967e+02,0.000000000000e+00,1.163593279896e+00,0.000000000000e+00,5.543889108181e+04,1.090000000000e+02
4.350000000000e+02,1.032415184191e+08,8.879615707917e+04,1.121353096922e+06,5.499831590846e-01,3.374077128720e+02,-9.374169248502e-05,-1.021784448087e-02,0.000000000000e+00,0.000000000000e+00,1.160946090740e+02,0.000000000000e+00,0.000000000000e+00,0.000000000000e+00,0.000000000000e+00,4.559595314734e-04,4.969958893060e-02,2.649458434792e+02,2.542370605469e+02,0.000000000000e+00,1.163168832059e+00,0.000000000000e+00,5.543849447135e+04,1.090000000000e+02
4.360000000000e+02,1.032414591170e+08,8.885545914029e+04,1.124540240817e+06,5.505699227546e-01,3.380120428409e+02,-8.666897803570e-05,-9.446918605891e-03,0.000000000000e+00,0.000000000000e+00,5.930206112190e+01,0.000000000000e+00,0.000000000000e+00,0.000000000000e+00,0.000000000000e+00,4.440309765310e-04,4.839937644187e-02,2.648795128031e+02,2.541549987793e+02,0.000000000000e+00,1.160338098246e+00,0.000000000000e+00,5.543751955151e+04,1.090000000000e+02
4.370000000000e+02,1.032415283606e+08,8.878621560412e+04,1.128105799736e+06,5.515649393334e-01,3.384776363243e+02,-7.119948516463e-05,-7.760743882944e-03,0.000000000000e+00,0.000000000000e+00,-6.924353616602e+01,0.000000000000e+00,0.000000000000e+00,0.000000000000e+00,0.000000000000e+00,5.219320685261e-04,5.689059546935e-02,2.648226985453e+02,2.539223632812e+02,0.000000000000e+00,1.158023283431e+00,0.000000000000e+00,5.543660868467e+04,1.090000000000e+02
4.380000000000e+02,1.032414123189e+08,8.890225721870e+04,1.131524484340e+06,5.522565977183e-01,3.390806990108e+02,-5.489380125155e-05,-5.983424336419e-03,0.000000000000e+00,0.000000000000e+00,1.160416145805e+02,0.000000000000e+00,0.000000000000e+00,0.000000000000e+00,0.000000000000e+00,5.122613495534e-04,5.583648710133e-02,2.647871411848e+02,2.538805236816e+02,0.000000000000e+00,1.160245505654e+00,0.000000000000e+00,5.543619756422e+04,1.090000000000e+02
4.390000000000e+02,1.032412670632e+08,8.904751301958e+04,1.134191278592e+06,5.526218823639e-01,3.396624776674e+02,-3.830765224312e-05,-4.175534094501e-03,0.000000000000e+00,0.000000000000e+00,1.452558008794e+02,0.000000000000e+00,0.000000000000e+00,0.000000000000e+00,0.000000000000e+00,4.070554964906e-04,4.436904911748e-02,2.647026188765e+02,2.531322937012e+02,0.000000000000e+00,1.161624889317e+00,0.000000000000e+00,5.543500908739e+04,1.090000000000e+02
4.400000000000e+02,1.032411359828e+08,8.917859338876e+04,1.138239523499e+06,5.539765861653e-01,3.400429272515e+02,-4.947201996101e-05,-5.392450175750e-03,0.000000000000e+00,0.000000000000e+00,1.310803691730e+02,0.000000000000e+00,0.000000000000e+00,0.000000000000e+00,0.000000000000e+00,6.214291882610e-04,6.773578152044e-02,2.646815631626e+02,2.538346862793e+02,0.000000000000e+00,1.162180444873e+00,0.000000000000e+00,5.543473570106e+04,1.090000000000e+02
4.410000000000e+02,1.032410123369e+08,8.930223932556e+04,1.142087499209e+06,5.549468695820e-01,3.405989707181e+02,-6.211653717434e-05,-6.770702552003e-03,0.000000000000e+00,0.000000000000e+00,1.236459368007e+02,0.000000000000e+00,0.000000000000e+00,0.000000000000e+00,0.000000000000e+00,5.763942603141e-04,6.282697437424e-02,2.646465135514e+02,2.539913330078e+02,0.000000000000e+00,1.162458222651e+00,0.000000000000e+00,5.543424315875e+04,1.090000000000e+02
4.420000000000e+02,1.032408938053e+08,8.942077088672e+04,1.145764775572e+06,5.559434468757e-01,3.410891175360e+02,-6.348346558458e-05,-6.919697748719e-03,0.000000000000e+00,0.000000000000e+00,1.185315611664e+02,0.000000000000e+00,0.000000000000e+00,0.000000000000e+00,0.000000000000e+00,5.484426581395e-04,5.978024973720e-02,2.645791849311e+02,2.537506408691e+02,0.000000000000e+00,1.161973753096e+00,0.000000000000e+00,5.543326726342e+04,1.090000000000e+02
4.430000000000e+02,1.032407791511e+08,8.953542509035e+04,1.149436599819e+06,5.568913517534e-01,3.416060968284e+02,-6.997571487223e-05,-7.627352921073e-03,0.000000000000e+00,0.000000000000e+00,1.146542036235e+02,0.000000000000e+00,0.000000000000e+00,0.000000000000e+00,0.000000000000e+00,5.412446266072e-04,5.899566430019e-02,2.645088191558e+02,2.531352996826e+02,0.000000000000e+00,1.162353628692e+00,0.000000000000e+00,5.543224042285e+04,1.090000000000e+02
4.440000000000e+02,1.032406681229e+08,8.964645328122e+04,1.152573977954e+06,5.574981437106e-01,3.421613910505e+02,-4.654671400989e-05,-5.073591827078e-03,0.000000000000e+00,0.000000000000e+00,1.110281908771e+02,0.000000000000e+00,0.000000000000e+00,0.000000000000e+00,0.000000000000e+00,4.703112032951e-04,5.126392115916e-02,2.645534622730e+02,2.549983367920e+02,0.000000000000e+00,1.162446221284e+00,0.000000000000e+00,5.543293583004e+04,1.090000000000e+02
4.450000000000e+02,1.032405607183e+08,8.975385790379e+04,1.155879595426e+06,5.582422182309e-01,3.426786083387e+02,-4.631597781448e-05,-5.048441581779e-03,0.000000000000e+00,0.000000000000e+00,1.074046225700e+02,0.000000000000e+00,0.000000000000e+00,0.000000000000e+00,0.000000000000e+00,4.970087658407e-04,5.417395547664e-02,2.646256477655e+02,2.559228820801e+02,0.000000000000e+00,1.162158938281e+00,0.000000000000e+00,5.543402629642e+04,1.090000000000e+02
4.460000000000e+02,1.032404564628e+08,8.985811338972e+04,1.159071802393e+06,5.588936042859e-01,3.432219881229e+02,-4.854147878755e-05,-5.291021187843e-03,0.000000000000e+00,0.000000000000e+00,1.042554859232e+02,0.000000000000e+00,0.000000000000e+00,0.000000000000e+00,0.000000000000e+00,4.783636032898e-04,5.214163275859e-02,2.646521239007e+02,2.558812561035e+02,0.000000000000e+00,1.162344123466e+00,0.000000000000e+00,5.543443175581e+04,1.090000000000e+02
4.470000000000e+02,1.032403550272e+08,8.995954897635e+04,1.162279180682e+06,5.595756893800e-01,3.437462271029e+02,-3.176781367761e-05,-3.462691690860e-03,0.000000000000e+00,0.000000000000e+00,1.014355866331e+02,0.000000000000e+00,0.000000000000e+00,0.000000000000e+00,0.000000000000e+00,4.956884049331e-04,5.403003613771e-02,2.647167861059e+02,2.567831115723e+02,0.000000000000e+00,1.162529308652e+00,0.000000000000e+00,5.543539966833e+04,1.090000000000e+02
4.480000000000e+02,1.032402560534e+08,9.005852276951e+04,1.166426603465e+06,5.608773617435e-01,3.441723097916e+02,-1.986510957106e-05,-2.165296943246e-03,0.000000000000e+00,0.000000000000e+00,9.897379316002e+01,0.000000000000e+00,0.000000000000e+00,0.000000000000e+00,0.000000000000e+00,6.665582907683e-04,7.265485369375e-02,2.647149865240e+02,2.560948791504e+02,0.000000000000e+00,1.160862236378e+00,0.000000000000e+00,5.543538730391e+04,1.090000000000e+02
4.490000000000e+02,1.032401588499e+08,9.015572631730e+04,1.171106438596e+06,5.624000839368e-01,3.446268466346e+02,-2.832686372907e-05,-3.087628146469e-03,0.000000000000e+00,0.000000000000e+00,9.720354778746e+01,0.000000000000e+00,0.000000000000e+00,0.000000000000e+00,0.000000000000e+00,7.513815701045e-04,8.190059114139e-02,2.646125025967e+02,2.543579406738e+02,0.000000000000e+00,1.161047421563e+00,0.000000000000e+00,5.543389605413e+04,1.090000000000e+02
4.500000000000e+02,1.032400631788e+08,9.025139742119e+04,1.175954304669e+06,5.642572942808e-01,3.449228499207e+02,-2.875788454544e-05,-3.134609415452e-03,0.000000000000e+00,0.000000000000e+00,9.567110389059e+01,0.000000000000e+00,0.000000000000e+00,0.000000000000e+00,0.000000000000e+00,7.783078977948e-04,8.483556085963e-02,2.645200763626e+02,2.539071044922e+02,0.000000000000e+00,1.161700560489e+00,0.000000000000e+00,5.543254586404e+04,1.090000000000e+02
4.510000000000e+02,1.032399692161e+08,9.034536005586e+04,1.179666688841e+06,5.651340965440e-01,3.454763566939e+02,-6.563906604018e-06,-7.154658198379e-04,0.000000000000e+00,0.000000000000e+00,9.396263466862e+01,0.000000000000e+00,0.000000000000e+00,0.000000000000e+00,0.000000000000e+00,6.086701515718e-04,6.634504652133e-02,2.645027745746e+02,2.550620422363e+02,0.000000000000e+00,1.162265621269e+00,0.000000000000e+00,5.543231329595e+04,1.090000000000e+02
4.520000000000e+02,1.032398771621e+08,9.043741406236e+04,1.183075743812e+06,5.659608434971e-01,3.459647599598e+02,-6.262334893883e-06,-6.825945034333e-04,0.000000000000e+00,0.000000000000e+00,9.205400650447e+01,0.000000000000e+00,0.000000000000e+00,0.000000000000e+00,0.000000000000e+00,5.557752728596e-04,6.057950474169e-02,2.645425010409e+02,2.561318969727e+02,0.000000000000e+00,1.160979125096e+00,0.000000000000e+00,5.543292945546e+04,1.090000000000e+02
4.530000000000e+02,1.032397870339e+08,9.052754232707e+04,1.186705147815e+06,5.668958669673e-01,3.464485424860e+02,-2.782448305349e-05,-3.032868652830e-03,0.000000000000e+00,0.000000000000e+00,9.012826470586e+01,0.000000000000e+00,0.000000000000e+00,0.000000000000e+00,0.000000000000e+00,5.699135291326e-04,6.212057467546e-02,2.645971226160e+02,2.568470153809e+02,0.000000000000e+00,1.160060986680e+00,0.000000000000e+00,5.543375868854e+04,1.090000000000e+02
4.540000000000e+02,1.032396987050e+08,9.061587120520e+04,1.190339319375e+06,5.678374366646e-01,3.469286722348e+02,-2.614706142609e-05,-2.850029695444e-03,0.000000000000e+00,0.000000000000e+00,8.832887813272e+01,0.000000000000e+00,0.000000000000e+00,0.000000000000e+00,0.000000000000e+00,5.726938570453e-04,6.242363041794e-02,2.646458990380e+02,2.572004699707e+02,0.000000000000e+00,1.160060986680e+00,0.000000000000e+00,5.543449499428e+04,1.090000000000e+02
4.550000000000e+02,1.032396120307e+08,9.070254549041e+04,1.194137049412e+06,5.688868959828e-01,3.473884338485e+02,-1.795651469884e-05,-1.957260102174e-03,0.000000000000e+00,0.000000000000e+00,8.667428520873e+01,0.000000000000e+00,0.000000000000e+00,0.000000000000e+00,0.000000000000e+00,6.076802429802e-04,6.623714648484e-02,2.646997982798e+02,2.573688354492e+02,0.000000000000e+00,1.159220608996e+00,0.000000000000e+00,5.543530238002e+04,1.090000000000e+02
4.560000000000e+02,1.032395269342e+08,9.078764201260e+04,1.197205216380e+06,5.694450923188e-01,3.479338260452e+02,2.698594240975e-06,2.941467722662e-04,0.000000000000e+00,0.000000000000e+00,8.509652218796e+01,0.000000000000e+00,0.000000000000e+00,0.000000000000e+00,0.000000000000e+00,5.071804749495e-04,5.528267176950e-02,2.647618170252e+02,2.580736083984e+02,0.000000000000e+00,1.157796497479e+00,0.000000000000e+00,5.543622149847e+04,1.090000000000e+02
4.570000000000e+02,1.032394432872e+08,9.087128905242e+04,1.200444231063e+06,5.701966070994e-01,3.484112680761e+02,4.536154667945e-06,4.944408588060e-04,0.000000000000e+00,0.000000000000e+00,8.364703982304e+01,0.000000000000e+00,0.000000000000e+00,0.000000000000e+00,0.000000000000e+00,5.382540503060e-04,5.866969148335e-02,2.648055703430e+02,2.582598876953e+02,0.000000000000e+00,1.156536315983e+00,0.000000000000e+00,5.543686890871e+04,1.090000000000e+02
4.580000000000e+02,1.032394218975e+08,9.089267870879e+04,1.204936338491e+06,5.715710932635e-01,3.488724404237e+02,-1.404168847799e-05,-1.530544044101e-03,0.000000000000e+00,0.000000000000e+00,2.138965636945e+01,0.000000000000e+00,0.000000000000e+00,0.000000000000e+00,0.000000000000e+00,7.284348470926e-04,7.939939833309e-02,2.648247721344e+02,2.582938537598e+02,0.000000000000e+00,1.154128908576e+00,0.000000000000e+00,5.543712634234e+04,1.090000000000e+02
4.590000000000e+02,1.032394667530e+08,9.084782323099e+04,1.209925782410e+06,5.733803264491e-01,3.492089852730e+02,-1.961791999161e-05,-2.138353279086e-03,0.000000000000e+00,0.000000000000e+00,-4.485547779880e+01,0.000000000000e+00,0.000000000000e+00,0.000000000000e+00,0.000000000000e+00,8.045405740034e-04,8.769492256637e-02,2.648575544559e+02,2.583962707520e+02,0.000000000000e+00,1.151094142567e+00,0.000000000000e+00,5.543755455085e+04,1.090000000000e+02
4.600000000000e+02,1.032394465371e+08,9.086803915478e+04,1.214169934040e+06,5.746559303550e-01,3.496516510507e+02,-7.650821418608e-06,-8.339395346283e-04,0.000000000000e+00,0.000000000000e+00,2.021592379215e+01,0.000000000000e+00,0.000000000000e+00,0.000000000000e+00,0.000000000000e+00,6.921821557731e-04,7.544785497927e-02,2.649045371418e+02,2.586511230469e+02,0.000000000000e+00,1.150620869847e+00,0.000000000000e+00,5.543825192080e+04,1.090000000000e+02
4.610000000000e+02,1.032393223442e+08,9.099223199874e+04,1.218675549028e+06,5.761205880101e-01,3.500513994579e+02,1.646085144805e-05,1.794232807838e-03,0.000000000000e+00,0.000000000000e+00,1.241928439616e+02,0.000000000000e+00,0.000000000000e+00,0.000000000000e+00,0.000000000000e+00,7.588851558167e-04,8.271848198402e-02,2.649620991736e+02,2.590455932617e+02,0.000000000000e+00,1.152565314292e+00,0.000000000000e+00,5.543913027301e+04,1.090000000000e+02
4.620000000000e+02,1.032392188766e+08,9.109569965558e+04,1.223476384202e+06,5.779391854272e-01,3.503199791669e+02,3.665093965548e-05,3.994952422448e-03,0.000000000000e+00,0.000000000000e+00,1.034676568315e+02,0.000000000000e+00,0.000000000000e+00,0.000000000000e+00,0.000000000000e+00,8.284780132770e-04,9.030410344719e-02,2.650113789092e+02,2.592492065430e+02,0.000000000000e+00,1.152624041220e+00,0.000000000000e+00,5.543985191399e+04,1.090000000000e+02
4.630000000000e+02,1.032391224739e+08,9.119210235591e+04,1.227410084515e+06,5.791126985137e-01,3.507317161757e+02,6.663341678182e-05,7.263042429219e-03,0.000000000000e+00,0.000000000000e+00,9.640270033021e+01,0.000000000000e+00,0.000000000000e+00,0.000000000000e+00,0.000000000000e+00,7.161818310531e-04,7.806381958479e-02,2.650373491113e+02,2.592140502930e+02,0.000000000000e+00,1.152084252846e+00,0.000000000000e+00,5.544023652050e+04,1.090000000000e+02
4.640000000000e+02,1.032390298600e+08,9.128471621791e+04,1.231646240735e+06,5.803890473669e-01,3.511642611237e+02,7.288863716309e-05,7.944861450776e-03,0.000000000000e+00,0.000000000000e+00,9.261386200125e+01,0.000000000000e+00,0.000000000000e+00,0.000000000000e+00,0.000000000000e+00,7.715899680817e-04,8.410330652091e-02,2.650807173668e+02,2.595045776367e+02,0.000000000000e+00,1.152362030624e+00,0.000000000000e+00,5.544086260710e+04,1.090000000000e+02
4.650000000000e+02,1.032389403958e+08,9.137418037304e+04,1.235394196716e+06,5.815760869980e-01,3.515075569448e+02,5.959463512386e-05,6.495815228501e-03,0.000000000000e+00,0.000000000000e+00,8.946415513349e+01,0.000000000000e+00,0.000000000000e+00,0.000000000000e+00,0.000000000000e+00,6.760941994861e-04,7.369426774399e-02,2.651518741834e+02,2.601454162598e+02,0.000000000000e+00,1.152454623217e+00,0.000000000000e+00,5.544186804063e+04,1.090000000000e+02
4.660000000000e+02,1.032388533787e+08,9.146119748689e+04,1.239387829011e+06,5.828610706622e-01,3.518607881202e+02,5.843309806971e-05,6.369207689598e-03,0.000000000000e+00,0.000000000000e+00,8.701711384956e+01,0.000000000000e+00,0.000000000000e+00,0.000000000000e+00,0.000000000000e+00,7.160008323554e-04,7.804409072674e-02,2.652152879008e+02,2.603712158203e+02,0.000000000000e+00,1.152547215809e+00,0.000000000000e+00,5.544275538233e+04,1.090000000000e+02
4.670000000000e+02,1.032387682991e+08,9.154627713018e+04,1.243503316129e+06,5.841193676616e-01,3.522622405999e+02,7.130482181846e-05,7.772225578212e-03,0.000000000000e+00,0.000000000000e+00,8.507964329118e+01,0.000000000000e+00,0.000000000000e+00,0.000000000000e+00,0.000000000000e+00,7.485479354656e-04,8.159172496575e-02,2.652884962573e+02,2.609060668945e+02,0.000000000000e+00,1.152290614116e+00,0.000000000000e+00,5.544376853533e+04,1.090000000000e+02
4.680000000000e+02,1.032386848527e+08,9.162972348585e+04,1.246865180184e+06,5.849044667743e-01,3.527349352740e+02,8.463924907695e-05,9.225678149388e-03,0.000000000000e+00,0.000000000000e+00,8.344635566454e+01,0.000000000000e+00,0.000000000000e+00,0.000000000000e+00,0.000000000000e+00,6.376821254570e-04,6.950735167481e-02,2.653520586905e+02,2.612587280273e+02,0.000000000000e+00,1.152290614116e+00,0.000000000000e+00,5.544464067198e+04,1.090000000000e+02
4.690000000000e+02,1.032386028921e+08,9.171168406881e+04,1.249629510752e+06,5.853988136749e-01,3.532090580590e+02,1.150362915086e-04,1.253895577444e-02,0.000000000000e+00,0.000000000000e+00,8.196058296071e+01,0.000000000000e+00,0.000000000000e+00,0.000000000000e+00,0.000000000000e+00,5.669625890843e-04,6.179892221018e-02,2.654608847679e+02,2.623363647461e+02,0.000000000000e+00,1.150718932247e+00,0.000000000000e+00,5.544611019776e+04,1.090000000000e+02
4.700000000000e+02,1.032385222072e+08,9.179236904636e+04,1.252949813046e+06,5.862912907720e-01,3.536009074609e+02,1.014837448560e-04,1.106172818931e-02,0.000000000000e+00,0.000000000000e+00,8.068497754955e+01,0.000000000000e+00,0.000000000000e+00,0.000000000000e+00,0.000000000000e+00,6.464538044435e-04,7.046346468434e-02,2.655495964230e+02,2.624875183105e+02,0.000000000000e+00,1.150259685655e+00,0.000000000000e+00,5.544729152027e+04,1.090000000000e+02
4.710000000000e+02,1.032384425653e+08,9.187201089810e+04,1.258298639693e+06,5.884996324650e-01,3.537725710222e+02,9.232683236844e-05,1.006362472816e-02,0.000000000000e+00,0.000000000000e+00,7.964185174408e+01,0.000000000000e+00,0.000000000000e+00,0.000000000000e+00,0.000000000000e+00,9.742247424400e-04,1.061904969260e-01,2.656123952897e+02,2.624607849121e+02,0.000000000000e+00,1.150259685655e+00,0.000000000000e+00,5.544812193034e+04,1.090000000000e+02
4.720000000000e+02,1.032383639124e+08,9.195066383923e+04,1.262227461274e+06,5.894750167047e-01,3.542826520962e+02,1.178947895187e-04,1.285053205753e-02,0.000000000000e+00,0.000000000000e+00,7.865294113400e+01,0.000000000000e+00,0.000000000000e+00,0.000000000000e+00,0.000000000000e+00,7.636397838887e-04,8.323673644387e-02,2.656998402837e+02,2.630239257812e+02,0.000000000000e+00,1.149285569955e+00,0.000000000000e+00,5.544926527479e+04,1.090000000000e+02
4.730000000000e+02,1.032382860697e+08,9.202850654254e+04,1.265447160298e+06,5.903282221707e-01,3.546687111419e+02,1.337033185441e-04,1.457366172131e-02,0.000000000000e+00,0.000000000000e+00,7.784270330667e+01,0.000000000000e+00,0.000000000000e+00,0.000000000000e+00,0.000000000000e+00,6.638820464422e-04,7.236314306220e-02,2.657514601600e+02,2.627440795898e+02,0.000000000000e+00,1.149192977362e+00,0.000000000000e+00,5.544993608832e+04,1.090000000000e+02
4.740000000000e+02,1.032382090255e+08,9.210555066579e+04,1.268387284273e+06,5.908936942875e-01,3.551455745936e+02,1.228047097584e-04,1.338571336366e-02,0.000000000000e+00,0.000000000000e+00,7.704412324419e+01,0.000000000000e+00,0.000000000000e+00,0.000000000000e+00,0.000000000000e+00,6.051363292072e-04,6.595985988358e-02,2.658361294220e+02,2.635914916992e+02,0.000000000000e+00,1.148651262414e+00,0.000000000000e+00,5.545102370421e+04,1.090000000000e+02
4.750000000000e+02,1.032381328050e+08,9.218177116516e+04,1.272224479645e+06,5.921865770875e-01,3.554332337492e+02,1.342440568880e-04,1.463260220079e-02,0.000000000000e+00,0.000000000000e+00,7.622049937780e+01,0.000000000000e+00,0.000000000000e+00,0.000000000000e+00,0.000000000000e+00,7.637552494426e-04,8.324932218925e-02,2.659475648681e+02,2.643602294922e+02,0.000000000000e+00,1.148241940311e+00,0.000000000000e+00,5.545243203892e+04,1.090000000000e+02
4.760000000000e+02,1.032380573293e+08,9.225724690174e+04,1.276113124370e+06,5.933402732139e-01,3.558163163804e+02,1.549112594098e-04,1.688532727567e-02,0.000000000000e+00,0.000000000000e+00,7.547573657363e+01,0.000000000000e+00,0.000000000000e+00,0.000000000000e+00,0.000000000000e+00,7.922732408198e-04,8.635778324936e-02,2.660742781927e+02,2.653844299316e+02,0.000000000000e+00,1.146546031984e+00,0.000000000000e+00,5.545400561087e+04,1.090000000000e+02
4.770000000000e+02,1.032379823907e+08,9.233218548473e+04,1.279140137313e+06,5.938633885147e-01,3.563387184259e+02,1.666260625136e-04,1.816224081398e-02,0.000000000000e+00,0.000000000000e+00,7.493858299670e+01,0.000000000000e+00,0.000000000000e+00,0.000000000000e+00,0.000000000000e+00,6.629946414514e-04,7.226641591820e-02,2.661689133029e+02,2.653823852539e+02,0.000000000000e+00,1.145193257895e+00,0.000000000000e+00,5.545516330873e+04,1.090000000000e+02
4.780000000000e+02,1.032379078552e+08,9.240672101105e+04,1.282167040326e+06,5.946959346713e-01,3.566754549213e+02,1.921076000161e-04,2.093972840176e-02,0.000000000000e+00,0.000000000000e+00,7.453552631539e+01,0.000000000000e+00,0.000000000000e+00,0.000000000000e+00,0.000000000000e+00,6.890344283028e-04,7.510475268501e-02,2.662516943976e+02,2.653506774902e+02,0.000000000000e+00,1.144503424572e+00,0.000000000000e+00,5.545616534311e+04,1.090000000000e+02
4.790000000000e+02,1.032378337261e+08,9.248085008137e+04,1.285573271365e+06,5.956624217121e-01,3.570358277866e+02,1.882395461495e-04,2.051811053030e-02,0.000000000000e+00,0.000000000000e+00,7.412907032350e+01,0.000000000000e+00,0.000000000000e+00,0.000000000000e+00,0.000000000000e+00,7.476261226579e-04,8.149124736972e-02,2.663414691602e+02,2.656712951660e+02,0.000000000000e+00,1.143358570634e+00,0.000000000000e+00,5.545723931109e+04,1.090000000000e+02
4.800000000000e+02,1.032377599641e+08,9.255461215125e+04,1.289911637298e+06,5.972367058851e-01,3.572896278376e+02,1.971642145965e-04,2.149089939101e-02,0.000000000000e+00,0.000000000000e+00,7.376206987373e+01,0.000000000000e+00,0.000000000000e+00,0.000000000000e+00,0.000000000000e+00,9.108263641431e-04,9.928007369160e-02,2.664303391937e+02,2.658271179199e+02,0.000000000000e+00,1.141183198433e+00,0.000000000000e+00,5.545828896926e+04,1.090000000000e+02
4.810000000000e+02,1.032376864471e+08,9.262812913200e+04,1.293558257088e+06,5.982694515458e-01,3.576762549168e+02,2.099417342474e-04,2.288364903296e-02,0.000000000000e+00,0.000000000000e+00,7.351698075376e+01,0.000000000000e+00,0.000000000000e+00,0.000000000000e+00,0.000000000000e+00,8.102385051641e-04,8.831599706289e-02,2.664957201850e+02,2.656517944336e+02,0.000000000000e+00,1.140644935612e+00,0.000000000000e+00,5.545905377691e+04,1.090000000000e+02
4.820000000000e+02,1.032376131853e+08,9.270139088268e+04,1.296825327119e+06,5.992136095057e-01,3.580091986946e+02,2.493112593792e-04,2.717492727233e-02,0.000000000000e+00,0.000000000000e+00,7.326175068242e+01,0.000000000000e+00,0.000000000000e+00,0.000000000000e+00,0.000000000000e+00,7.865217250821e-04,8.573086803395e-02,2.665680834993e+02,2.660412597656e+02,0.000000000000e+00,1.140176981872e+00,0.000000000000e+00,5.545989250299e+04,1.090000000000e+02
4.830000000000e+02,1.032375403207e+08,9.277425555067e+04,1.301291107960e+06,6.009871921210e-01,3.581735424501e+02,3.184463444643e-04,3.471065154661e-02,0.000000000000e+00,0.000000000000e+00,7.286466798578e+01,0.000000000000e+00,0.000000000000e+00,0.000000000000e+00,0.000000000000e+00,1.052176788372e-03,1.146872699325e-01,2.666811358980e+02,2.670380859375e+02,0.000000000000e+00,1.140176981872e+00,0.000000000000e+00,5.546118270617e+04,1.090000000000e+02
4.840000000000e+02,1.032374677764e+08,9.284679984477e+04,1.307210109323e+06,6.035605288939e-01,3.582605604201e+02,3.265349627082e-04,3.559231093520e-02,0.000000000000e+00,0.000000000000e+00,7.254429410098e+01,0.000000000000e+00,0.000000000000e+00,0.000000000000e+00,0.000000000000e+00,1.300761179236e-03,1.417829685367e-01,2.667929001996e+02,2.674275207520e+02,0.000000000000e+00,1.139772745837e+00,0.000000000000e+00,5.546243578953e+04,1.090000000000e+02
4.850000000000e+02,1.032373953131e+08,9.291926307765e+04,1.313138142301e+06,6.059642088130e-01,3.584523586229e+02,2.574669775136e-04,2.806390054899e-02,0.000000000000e+00,0.000000000000e+00,7.246323288540e+01,0.000000000000e+00,0.000000000000e+00,0.000000000000e+00,0.000000000000e+00,1.234835774692e-03,1.345970994415e-01,2.668670904909e+02,2.674375915527e+02,0.000000000000e+00,1.139587560652e+00,0.000000000000e+00,5.546325650372e+04,1.090000000000e+02
4.860000000000e+02,1.032373228533e+08,9.299172291507e+04,1.318074889991e+06,6.077670307810e-01,3.587285953579e+02,2.278717947053e-04,2.483802562288e-02,0.000000000000e+00,0.000000000000e+00,7.245983741763e+01,0.000000000000e+00,0.000000000000e+00,0.000000000000e+00,0.000000000000e+00,1.041985444507e-03,1.135764134512e-01,2.669245952728e+02,2.670426025391e+02,0.000000000000e+00,1.139494968059e+00,0.000000000000e+00,5.546388811599e+04,1.090000000000e+02
4.870000000000e+02,1.032372503170e+08,9.306425920147e+04,1.321258736048e+06,6.085437271912e-01,3.591342738168e+02,2.546672100131e-04,2.775872589142e-02,0.000000000000e+00,0.000000000000e+00,7.253628639591e+01,0.000000000000e+00,0.000000000000e+00,0.000000000000e+00,0.000000000000e+00,7.801643210981e-04,8.503791099969e-02,2.669509818884e+02,2.664530639648e+02,0.000000000000e+00,1.139494968059e+00,0.000000000000e+00,5.546417837985e+04,1.090000000000e+02
4.880000000000e+02,1.032371778109e+08,9.313676530265e+04,1.324315211394e+06,6.093901497817e-01,3.594627483704e+02,2.683917061861e-04,2.925469597428e-02,0.000000000000e+00,0.000000000000e+00,7.250610117714e+01,0.000000000000e+00,0.000000000000e+00,0.000000000000e+00,0.000000000000e+00,7.725433277295e-04,8.420722272251e-02,2.669837485801e+02,2.665059814453e+02,0.000000000000e+00,1.139494968059e+00,0.000000000000e+00,5.546453785885e+04,1.090000000000e+02
4.890000000000e+02,1.032371055076e+08,9.320906863728e+04,1.328912222314e+06,6.112199887736e-01,3.596268379692e+02,2.955184546622e-04,3.221151155818e-02,0.000000000000e+00,0.000000000000e+00,7.230333463775e+01,0.000000000000e+00,0.000000000000e+00,0.000000000000e+00,0.000000000000e+00,1.053575591434e-03,1.148397394663e-01,2.670379237439e+02,2.668302612305e+02,0.000000000000e+00,1.139402375466e+00,0.000000000000e+00,5.546512514632e+04,1.090000000000e+02
4.900000000000e+02,1.032370335624e+08,9.328101382100e+04,1.332405358008e+06,6.120683494654e-01,3.600652595351e+02,3.419944789278e-04,3.727739820313e-02,0.000000000000e+00,0.000000000000e+00,7.194518371659e+01,0.000000000000e+00,0.000000000000e+00,0.000000000000e+00,0.000000000000e+00,9.154321514049e-04,9.978210450313e-02,2.671404788930e+02,2.678546447754e+02,0.000000000000e+00,1.138165249372e+00,0.000000000000e+00,5.546621933780e+04,1.090000000000e+02
4.910000000000e+02,1.032369619108e+08,9.335266543814e+04,1.334421742144e+06,6.123412648394e-01,3.604420937492e+02,3.350709993869e-04,3.652273893318e-02,0.000000000000e+00,0.000000000000e+00,7.165161713872e+01,0.000000000000e+00,0.000000000000e+00,0.000000000000e+00,0.000000000000e+00,6.640904097733e-04,7.238585466529e-02,2.672482782121e+02,2.686212768555e+02,0.000000000000e+00,1.137904675220e+00,0.000000000000e+00,5.546734884459e+04,1.090000000000e+02
4.920000000000e+02,1.032368904830e+08,9.342409322420e+04,1.336789935165e+06,6.131404315323e-01,3.606022151843e+02,3.908551668788e-04,4.260321318979e-02,0.000000000000e+00,0.000000000000e+00,7.142778605914e+01,0.000000000000e+00,0.000000000000e+00,0.000000000000e+00,0.000000000000e+00,7.770883444596e-04,8.470262954609e-02,2.673815913923e+02,2.694077758789e+02,0.000000000000e+00,1.136808355009e+00,0.000000000000e+00,5.546871943171e+04,1.090000000000e+02
4.930000000000e+02,1.032368191076e+08,9.349391251338e+04,1.339059315391e+06,6.132233951145e-01,3.611567888737e+02,4.085397715541e-04,4.453083509940e-02,0.000000000000e+00,1.556215390064e+00,7.137550456773e+01,0.000000000000e+00,0.000000000000e+00,0.000000000000e+00,0.000000000000e+00,7.785348720484e-04,8.486030105328e-02,2.675146655818e+02,2.699099731445e+02,0.000000000000e+00,1.136715762417e+00,1.556215390064e+00,5.547005902686e+04,1.090000000000e+02
4.940000000000e+02,1.032367471181e+08,9.355176471768e+04,1.341607816901e+06,6.138126087308e-01,3.614880818595e+02,4.448078513699e-04,4.848405579932e-02,0.000000000000e+00,1.413795624919e+01,7.199016055495e+01,0.000000000000e+00,0.000000000000e+00,0.000000000000e+00,0.000000000000e+00,8.609614026589e-04,9.384479288983e-02,2.676502063864e+02,2.703914794922e+02,0.000000000000e+00,1.134841628251e+00,1.413795624919e+01,5.547139567523e+04,1.090000000000e+02
4.950000000000e+02,1.032366744519e+08,9.360525628362e+04,1.345835161479e+06,6.155093776039e-01,3.616210058755e+02,4.847612681690e-04,5.283897823042e-02,0.000000000000e+00,1.917345760883e+01,7.266502354415e+01,0.000000000000e+00,0.000000000000e+00,0.000000000000e+00,0.000000000000e+00,1.179942456065e-03,1.286137277111e-01,2.677525248580e+02,2.702321166992e+02,0.000000000000e+00,1.134563850473e+00,1.917345760883e+01,5.547238499315e+04,1.090000000000e+02
4.960000000000e+02,1.032366011865e+08,9.365878459654e+04,1.350680483388e+06,6.175374755226e-01,3.617266221274e+02,4.857026673554e-04,5.294159074174e-02,0.000000000000e+00,1.973598948561e+01,7.326430240652e+01,0.000000000000e+00,0.000000000000e+00,0.000000000000e+00,0.000000000000e+00,1.284330703110e-03,1.399920466390e-01,2.678231948991e+02,2.700245056152e+02,0.000000000000e+00,1.132849653795e+00,1.973598948561e+01,5.547305923080e+04,1.090000000000e+02
4.970000000000e+02,1.032366126836e+08,9.361987788134e+04,1.354148046762e+06,6.186267899002e-01,3.620119485844e+02,4.836933952071e-04,5.272258007757e-02,0.000000000000e+00,2.740957599607e+01,-1.149713920007e+01,0.000000000000e+00,0.000000000000e+00,0.000000000000e+00,0.000000000000e+00,1.054240464039e-03,1.149122105803e-01,2.679020471214e+02,2.705227355957e+02,0.000000000000e+00,1.130243816062e+00,2.740957599607e+01,5.547378455533e+04,1.090000000000e+02
4.980000000000e+02,1.032365907133e+08,9.361027664092e+04,1.356807380904e+06,6.193770424239e-01,3.622787788854e+02,4.904479889702e-04,5.345883079775e-02,0.000000000000e+00,3.157080137269e+01,2.196956094718e+01,0.000000000000e+00,0.000000000000e+00,0.000000000000e+00,0.000000000000e+00,9.273198129198e-04,1.010778596083e-01,2.679806160392e+02,2.704778747559e+02,0.000000000000e+00,1.128998427184e+00,3.157080137269e+01,5.547450908753e+04,1.090000000000e+02
4.990000000000e+02,1.032365510037e+08,9.361719670150e+04,1.358876471516e+06,6.197610530450e-01,3.626016527415e+02,5.101205655519e-04,5.560314164516e-02,0.000000000000e+00,3.278963206668e+01,3.970969265207e+01,0.000000000000e+00,0.000000000000e+00,0.000000000000e+00,0.000000000000e+00,8.493473587005e-04,9.257886209836e-02,2.680601069954e+02,2.707965087891e+02,0.000000000000e+00,1.128905834591e+00,3.278963206668e+01,5.547523897637e+04,1.090000000000e+02
5.000000000000e+02,1.032365011008e+08,9.363116457772e+04,1.360650532991e+06,6.200739029289e-01,3.628859575886e+02,5.748872171892e-04,6.266270667362e-02,0.000000000000e+00,3.593483648318e+01,4.990271269879e+01,0.000000000000e+00,0.000000000000e+00,0.000000000000e+00,0.000000000000e+00,8.646194175126e-04,9.424351650888e-02,2.681593871415e+02,2.715332641602e+02,0.000000000000e+00,1.126513065718e+00,3.593483648318e+01,5.547613986221e+04,1.090000000000e+02
5.010000000000e+02,1.032364277097e+08,9.366687991953e+04,1.361901924199e+06,6.200907815881e-01,3.632044956164e+02,6.546787053207e-04,7.135997887995e-02,0.000000000000e+00,3.767644375218e+01,7.339178556725e+01,0.000000000000e+00,0.000000000000e+00,0.000000000000e+00,0.000000000000e+00,8.583299476709e-04,9.355796429613e-02,2.682494713264e+02,2.717089233398e+02,0.000000000000e+00,1.126175668982e+00,3.767644375218e+01,5.547695176941e+04,1.090000000000e+02
5.020000000000e+02,1.032363300268e+08,9.372568963851e+04,1.362674523359e+06,6.198485631720e-01,3.635456550157e+02,6.930376383277e-04,7.554110257772e-02,0.000000000000e+00,3.887449349813e+01,9.768421247161e+01,0.000000000000e+00,0.000000000000e+00,0.000000000000e+00,0.000000000000e+00,8.165325073988e-04,8.900204330647e-02,2.683686606993e+02,2.724472961426e+02,0.000000000000e+00,1.125743044483e+00,3.887449349813e+01,5.547800272896e+04,1.090000000000e+02
5.030000000000e+02,1.032362384519e+08,9.377369895045e+04,1.363362111104e+06,6.196163778058e-01,3.638587430140e+02,6.619757318354e-04,7.215535477005e-02,0.000000000000e+00,4.356541879887e+01,9.157473074113e+01,0.000000000000e+00,0.000000000000e+00,0.000000000000e+00,0.000000000000e+00,7.715637408234e-04,8.410044774976e-02,2.684864541655e+02,2.728903503418e+02,0.000000000000e+00,1.125743044483e+00,4.356541879887e+01,5.547901558825e+04,1.090000000000e+02
5.040000000000e+02,1.032364668564e+08,9.388591303930e+04,1.364193749715e+06,6.194334638180e-01,3.641804975384e+02,6.643866732308e-04,7.241814738216e-02,0.000000000000e+00,5.828340063627e+01,-2.284040419922e+02,6.596072393489e-05,7.189718908903e-03,0.000000000000e+00,0.000000000000e+00,8.631067521201e-04,9.407863598109e-02,2.686280971749e+02,2.731107177734e+02,0.000000000000e+00,1.121927055710e+00,5.828340063627e+01,5.548018747694e+04,1.090000000000e+02
5.050000000000e+02,1.032483961728e+08,9.634422796728e+04,1.351548645174e+06,6.131740255623e-01,3.644490338951e+02,5.996054604057e-04,6.535699518422e-02,0.000000000000e+00,3.958610513507e+02,-1.192931557658e+04,2.444467514839e-03,2.664469591174e-01,0.000000000000e+00,0.000000000000e+00,9.291928782760e-04,1.012820237321e-01,2.694445927591e+02,2.735635070801e+02,0.000000000000e+00,9.931794339833e-01,3.958610513507e+02,5.548611131851e+04,1.090000000000e+02
5.060000000000e+02,1.032716224357e+08,1.036848423720e+05,1.324114357587e+06,5.998648672259e-01,3.649238141963e+02,4.847666332028e-04,5.283956301911e-02,0.000000000000e+00,1.750249906241e+03,-2.322626287090e+04,4.509247659838e-03,4.915079949223e-01,8.337995866569e-04,9.088415494560e-02,4.283268816513e-04,4.668763010000e-02,2.706789715858e+02,2.737495727539e+02,0.000000000000e+00,7.169347210336e-01,1.750249906241e+03,5.549360670922e+04,1.090000000000e+02
5.070000000000e+02,1.033045137219e+08,1.223587989816e+05,1.267702124984e+06,5.732054822059e-01,3.655750778398e+02,2.695237059139e-04,2.937808394461e-02,0.000000000000e+00,1.039951956389e+04,-3.289128690528e+04,9.085807773920e-03,9.903530473573e-01,1.157459430632e-03,1.261630779389e-01,0.000000000000e+00,0.000000000000e+00,2.724192150168e+02,2.749679870605e+02,0.000000000000e+00,3.093651819669e-01,1.039951956389e+04,5.550131622935e+04,1.090000000000e+02
5.080000000000e+02,1.033279402540e+08,1.447569657639e+05,1.181666686213e+06,5.333377333147e-01,3.662228091784e+02,5.739907620071e-05,6.256499305878e-03,0.000000000000e+00,4.677211831763e+04,-2.342653340117e+04,1.417180049269e-02,1.544726253704e+00,1.133951318250e-03,1.236006936893e-01,0.000000000000e+00,0.000000000000e+00,2.730573529823e+02,2.757260437012e+02,0.000000000000e+00,1.249999999997e-02,4.677211831763e+04,5.550347716182e+04,1.090000000000e+02
5.090000000000e+02,1.033324400281e+08,1.631397844684e+05,1.079878534753e+06,4.865803367999e-01,3.668367217119e+02,-5.915518498604e-05,-6.447915163479e-03,0.000000000000e+00,9.250379547194e+04,-4.499772342754e+03,1.688407583578e-02,1.840364266101e+00,2.188424347039e-03,2.385382538273e-01,0.000000000000e+00,0.000000000000e+00,2.730673955997e+02,2.760657348633e+02,0.000000000000e+00,2.592592592576e-03,9.250379547194e+04,5.550350416114e+04,1.090000000000e+02
5.100000000000e+02,1.033350962003e+08,1.784058472134e+05,9.696933323733e+05,4.362480771798e-01,3.674120646045e+02,-1.178930320080e-04,-1.285034048887e-02,0.000000000000e+00,1.039629411472e+05,-2.656167980409e+03,1.833062594047e-02,1.998038227511e+00,1.816079861878e-03,1.979527049447e-01,0.000000000000e+00,0.000000000000e+00,2.730597852313e+02,2.761352539062e+02,0.000000000000e+00,6.203703703679e-03,1.039629411472e+05,5.550348577090e+04,1.090000000000e+02
5.110000000000e+02,1.033370222657e+08,1.924541720145e+05,8.582920350056e+05,3.855423766108e-01,3.679725589465e+02,-1.238093369864e-04,-1.349521773152e-02,0.000000000000e+00,1.113817591241e+05,-1.926060367281e+03,1.853760411434e-02,2.020598848463e+00,2.513416438183e-03,2.739623917620e-01,0.000000000000e+00,0.000000000000e+00,2.730584873408e+02,2.759951782227e+02,0.000000000000e+00,9.444444444417e-03,1.113817591241e+05,5.550348253945e+04,1.090000000000e+02
5.120000000000e+02,1.033385249934e+08,2.050759753428e+05,7.405059652564e+05,3.321526372815e-01,3.685049056918e+02,-1.427285971534e-04,-1.555741708972e-02,0.000000000000e+00,1.213658101281e+05,-1.502727556000e+03,1.961189158853e-02,2.137696183149e+00,2.783653477623e-03,3.034182290609e-01,0.000000000000e+00,0.000000000000e+00,2.730552209414e+02,2.762627258301e+02,0.000000000000e+00,7.222222222205e-03,1.213658101281e+05,5.550347416669e+04,1.090000000000e+02
5.130000000000e+02,1.033396705028e+08,2.171292690585e+05,6.185175248102e+05,2.770561964508e-01,3.690085563503e+02,-1.520831432335e-04,-1.657706261245e-02,0.000000000000e+00,1.171121868823e+05,-1.145506875797e+03,2.031585370205e-02,2.214428053524e+00,1.223585693507e-03,1.333708405923e-01,0.000000000000e+00,0.000000000000e+00,2.730525722258e+02,2.762880859375e+02,0.000000000000e+00,5.555555555549e-03,1.171121868823e+05,5.550346736988e+04,1.090000000000e+02
5.140000000000e+02,1.033405742469e+08,2.284210203787e+05,4.976163810524e+05,2.226254354053e-01,3.694638312573e+02,-1.666514477208e-04,-1.816500780156e-02,0.000000000000e+00,1.186829571832e+05,-9.037385755206e+02,2.015071018135e-02,2.196427409767e+00,1.482527732551e-03,1.615955228481e-01,0.000000000000e+00,0.000000000000e+00,2.730515054772e+02,2.766585998535e+02,0.000000000000e+00,4.166666666669e-03,1.186829571832e+05,5.550346487780e+04,1.090000000000e+02
5.150000000000e+02,1.033411737894e+08,2.384382138803e+05,3.617952625190e+05,1.617360334383e-01,3.697494316504e+02,-2.492393106335e-04,-2.716708485905e-02,0.000000000000e+00,1.527021655738e+05,-5.995290280061e+02,2.269946831977e-02,2.474242046854e+00,4.295933766577e-03,4.682567805569e-01,0.000000000000e+00,0.000000000000e+00,2.730527201648e+02,2.772521362305e+02,0.000000000000e+00,7.407407407433e-03,1.527021655738e+05,5.550346851862e+04,1.090000000000e+02
5.160000000000e+02,1.033416072344e+08,2.471935262447e+05,2.154268445133e+05,9.629237137059e-02,3.697921014942e+02,-2.851134834890e-04,-3.107736970030e-02,0.000000000000e+00,1.683527316238e+05,-4.334905900979e+02,2.447886584635e-02,2.668196377253e+00,4.867433657066e-03,5.305502686202e-01,0.000000000000e+00,0.000000000000e+00,2.730520428412e+02,2.768986206055e+02,0.000000000000e+00,9.814814814855e-03,1.683527316238e+05,5.550346771755e+04,1.090000000000e+02
5.170000000000e+02,1.033419736327e+08,2.559761764020e+05,7.040829795504e+04,3.152319235980e-02,3.691710637203e+02,-2.749061036838e-04,-2.996476530153e-02,0.000000000000e+00,1.506277015014e+05,-3.663818692269e+02,2.424539543124e-02,2.642748102005e+00,2.164512973425e-03,2.359319141034e-01,0.000000000000e+00,0.000000000000e+00,2.730530870243e+02,2.771823425293e+02,0.000000000000e+00,1.046296296301e-02,1.506277015014e+05,5.550347199197e+04,1.090000000000e+02
5.180000000000e+02,1.033429933355e+08,1.254169381469e+05,3.101438105728e+03,1.400130873819e-03,3.661148423139e+02,-3.861914808653e-04,-4.209487141431e-02,2.604218972229e-03,2.080137966213e+05,-8.751697785577e+02,1.126033860203e-02,1.227376907621e+00,1.459683167143e-03,1.591054652186e-01,0.000000000000e+00,0.000000000000e+00,2.735393306451e+02,2.772532348633e+02,8.333333333322e-04,4.722222222228e-03,2.080137966213e+05,5.550412443184e+04,1.090000000000e+02
5.190000000000e+02,1.033528232913e+08,6.699332503483e+04,2.732040018659e+01,1.246231752540e-05,3.624869388266e+02,4.203089725662e-04,4.581367800972e-02,-5.479894206879e-02,7.096606390079e+04,-1.287158311407e+04,5.135139416384e-04,5.597301963858e-02,3.610152068701e-03,3.935065754884e-01,0.000000000000e+00,0.000000000000e+00,2.779508759476e+02,2.775728149414e+02,2.861111111109e-02,1.592592592595e-02,7.096606390079e+04,5.550212273097e+04,1.090000000000e+02
5.200000000000e+02,1.033546462309e+08,4.438207091808e+04,6.029134867235e-01,2.773921895485e-07,3.600542482624e+02,1.119384758555e-03,1.220129386825e-01,-1.259183699606e-01,3.406927275148e+04,-8.811679166867e+03,4.460525510938e-06,4.861972806922e-04,3.310300424265e-03,3.608227462449e-01,0.000000000000e+00,0.000000000000e+00,2.790891299101e+02,2.781106567383e+02,4.694444444440e-02,4.398148148147e-02,3.406927275148e+04,5.549898607383e+04,1.090000000000e+02
5.210000000000e+02,1.033580529102e+08,2.703188923596e+04,4.217948684220e-01,1.933335462774e-07,3.604359137261e+02,1.273338750299e-03,1.387939237826e-01,-1.431820615294e-01,2.623030922886e+04,-1.135315091109e+04,3.039164178756e-08,3.312688954844e-06,3.304452427459e-03,3.601853145930e-01,0.000000000000e+00,0.000000000000e+00,2.799950317633e+02,2.785783386230e+02,6.537037037031e-02,5.037037037036e-02,2.623030922886e+04,5.549600161339e+04,1.090000000000e+02
5.220000000000e+02,1.033613245299e+08,1.459334992885e+04,4.170873379343e-01,1.907812006786e-07,3.609940406413e+02,1.440809601581e-03,1.570482465724e-01,-1.598539818021e-01,2.305233864852e+04,-1.214304262122e+04,7.569339120921e-10,8.250579641804e-08,3.736281619772e-03,4.072546965552e-01,0.000000000000e+00,0.000000000000e+00,2.804175877901e+02,2.790574340820e+02,8.101851851844e-02,5.870370370369e-02,2.305233864852e+04,5.549468501973e+04,1.090000000000e+02
5.230000000000e+02,1.033558713105e+08,6.936998581888e+03,4.167081836052e-01,1.902610552001e-07,3.615863104629e+02,1.492564853066e-03,1.626895689842e-01,-1.646976286217e-01,1.523889574568e+04,-3.686668559875e+03,6.290253163057e-11,6.856375947732e-09,1.844581605578e-03,2.010593950081e-01,0.000000000000e+00,0.000000000000e+00,2.811824012147e+02,2.794629516602e+02,9.583333333325e-02,8.740740740738e-02,1.523889574568e+04,5.549159769439e+04,1.090000000000e+02
5.240000000000e+02,1.033667075963e+08,2.395252632183e+03,4.166845734694e-01,1.899091624243e-07,3.599597710685e+02,1.529763301064e-03,1.667441998160e-01,-1.678515360713e-01,1.347682646034e+04,-2.015088340931e+04,3.408120661959e-12,3.714851521535e-10,4.798549310053e-03,5.230418747958e-01,0.000000000000e+00,0.000000000000e+00,2.813602787842e+02,2.796016235352e+02,1.076851851851e-01,7.101851851851e-02,1.347682646034e+04,5.549102092058e+04,1.090000000000e+02
5.250000000000e+02,1.033843781742e+08,2.444485939876e+03,4.167024119222e-01,1.895622422059e-07,3.607056408316e+02,1.687645083533e-03,1.839533141051e-01,-1.802201052851e-01,3.158212781474e+04,-2.767167257836e+04,0.000000000000e+00,0.000000000000e+00,9.838532526116e-03,1.072400045347e+00,0.000000000000e+00,0.000000000000e+00,2.809054339725e+02,2.791690673828e+02,1.205555555555e-01,2.324074074079e-02,3.158212781474e+04,5.549327101483e+04,1.090000000000e+02
5.260000000000e+02,1.033867842291e+08,1.976306529589e+02,4.166915173453e-01,1.892180472538e-07,3.615115702525e+02,1.778527853428e-03,1.938595360236e-01,-1.889180366623e-01,3.000908856304e+04,-1.288988757304e+04,0.000000000000e+00,0.000000000000e+00,6.766076765651e-03,7.375023674559e-01,0.000000000000e+00,0.000000000000e+00,2.812525560366e+02,2.793969116211e+02,1.313888888889e-01,3.981481481482e-02,3.000908856304e+04,5.549176107238e+04,1.090000000000e+02
5.270000000000e+02,1.033830624339e+08,8.292791323795e+01,4.166805122404e-01,1.888773201301e-07,3.622728171768e+02,1.770062451930e-03,1.929368072603e-01,-1.926297685649e-01,9.633739432686e+03,-6.967718663588e+03,0.000000000000e+00,0.000000000000e+00,2.728526139332e-03,2.974093491872e-01,0.000000000000e+00,0.000000000000e+00,2.815738245748e+02,2.798356933594e+02,1.417592592592e-01,6.527777777777e-02,9.633739432686e+03,5.549028604224e+04,1.090000000000e+02
5.280000000000e+02,1.033768198663e+08,3.506327452083e+01,4.166384464041e-01,1.885397415953e-07,3.630089636424e+02,1.834771465212e-03,1.999900897081e-01,-1.998168514310e-01,8.541485073781e+03,-4.845145319892e+03,0.000000000000e+00,0.000000000000e+00,2.206941778955e-03,2.405566539061e-01,0.000000000000e+00,0.000000000000e+00,2.826993561558e+02,2.808309326172e+02,1.522222222222e-01,8.999999999997e-02,8.541485073781e+03,5.548469363680e+04,1.090000000000e+02
5.290000000000e+02,1.033712656140e+08,3.289014110445e+01,4.166191277655e-01,1.882051728405e-07,3.637280933180e+02,1.791906740483e-03,1.953178347127e-01,-1.951961315858e-01,6.847905374344e+03,-5.276264320263e+03,0.000000000000e+00,0.000000000000e+00,2.005468965782e-03,2.185961172702e-01,0.000000000000e+00,0.000000000000e+00,2.831797033401e+02,2.810282287598e+02,1.637037037037e-01,1.092592592592e-01,6.847905374344e+03,5.548212399102e+04,1.090000000000e+02
5.300000000000e+02,1.033649542204e+08,2.859292377620e+01,4.166206414893e-01,1.878735269874e-07,3.644344163042e+02,1.732712794795e-03,1.888656946327e-01,-1.887473411296e-01,6.093112952663e+03,-4.161100333822e+03,0.000000000000e+00,0.000000000000e+00,1.695913171269e-03,1.848545356683e-01,0.000000000000e+00,0.000000000000e+00,2.831426800680e+02,2.809876098633e+02,1.743518518518e-01,1.295370370370e-01,6.093112952663e+03,5.548232630175e+04,1.090000000000e+02
5.310000000000e+02,1.033612343764e+08,2.778778855032e+01,4.166030984727e-01,1.875447379103e-07,3.651304388026e+02,1.634344255841e-03,1.781435238867e-01,-1.780361637851e-01,4.970671420384e+03,-6.158150636462e+03,0.000000000000e+00,0.000000000000e+00,1.841059617783e-03,2.006754983383e-01,0.000000000000e+00,0.000000000000e+00,2.835642718186e+02,2.814077453613e+02,1.837037037037e-01,1.433333333333e-01,4.970671420384e+03,5.547999485540e+04,1.090000000000e+02
5.320000000000e+02,1.033593327514e+08,2.593507962281e+01,4.166109042788e-01,1.872187497877e-07,3.658177907205e+02,1.600927905903e-03,1.745011417435e-01,-1.743941616890e-01,4.828335576048e+03,-7.774185027646e+03,0.000000000000e+00,0.000000000000e+00,2.084591536661e-03,2.272204774961e-01,0.000000000000e+00,0.000000000000e+00,2.833784010538e+02,2.810485839844e+02,1.921296296296e-01,1.532407407407e-01,4.828335576048e+03,5.548103260953e+04,1.090000000000e+02
5.330000000000e+02,1.033520543438e+08,2.288027824696e+01,4.165965328879e-01,1.868955125123e-07,3.664976016187e+02,1.554087333819e-03,1.693955193862e-01,-1.692956050884e-01,4.011581693868e+03,-2.114441938382e+03,0.000000000000e+00,0.000000000000e+00,1.013374463847e-03,1.104578165593e-01,0.000000000000e+00,0.000000000000e+00,2.837177701761e+02,2.814255371094e+02,2.006481481481e-01,1.734259259259e-01,4.011581693868e+03,5.547912829757e+04,1.090000000000e+02
5.340000000000e+02,1.033711301269e+08,3.288540722188e+01,4.166024816846e-01,1.865749795785e-07,3.671706929640e+02,1.571554895205e-03,1.712994835773e-01,-1.711882845767e-01,4.753293732671e+03,-2.857351492169e+04,0.000000000000e+00,0.000000000000e+00,5.513683281890e-03,6.009914777260e-01,0.000000000000e+00,0.000000000000e+00,2.835788951747e+02,2.815067443848e+02,2.094444444444e-01,1.425000000000e-01,4.753293732671e+03,5.547991185674e+04,1.090000000000e+02
5.350000000000e+02,1.034024290674e+08,4.798070054307e+01,4.165881722014e-01,1.862571070927e-07,3.678376853127e+02,1.853243182458e-03,2.020035068879e-01,-2.018434278682e-01,9.406628770347e+03,-4.249736402979e+04,0.000000000000e+00,0.000000000000e+00,8.587037262937e-03,9.359870616601e-01,0.000000000000e+00,0.000000000000e+00,2.839167719580e+02,2.821379394531e+02,2.194444444444e-01,8.314814814813e-02,9.406628770347e+03,5.547798477406e+04,1.090000000000e+02
5.360000000000e+02,1.034151009052e+08,5.417042000000e+02,4.165871231381e-01,1.859418534844e-07,3.684990621511e+02,2.019558661988e-03,2.201318941567e-01,-2.185433560841e-01,1.641768184845e+04,-2.479655771525e+04,0.000000000000e+00,0.000000000000e+00,6.911706878162e-03,7.533760497197e-01,0.000000000000e+00,0.000000000000e+00,2.839440560236e+02,2.824451293945e+02,2.293518518518e-01,5.583333333335e-02,1.641768184845e+04,5.547782861988e+04,1.090000000000e+02
5.370000000000e+02,1.034164544390e+08,1.282464347595e+02,4.165858715612e-01,1.856291780174e-07,3.691552099637e+02,1.941262534683e-03,2.115976162805e-01,-2.101966129912e-01,1.568688335760e+04,-1.301512876102e+04,0.000000000000e+00,0.000000000000e+00,4.690853543462e-03,5.113030362374e-01,0.000000000000e+00,0.000000000000e+00,2.839741434512e+02,2.823237609863e+02,2.378703703703e-01,6.537037037037e-02,1.568688335760e+04,5.547765647205e+04,1.090000000000e+02
5.380000000000e+02,1.034107642742e+08,3.994536690673e+01,4.165879375458e-01,1.853190422886e-07,3.698064444757e+02,1.787243068615e-03,1.948094944791e-01,-1.945554590321e-01,1.043894795693e+04,-5.103658140465e+03,0.000000000000e+00,0.000000000000e+00,2.557948687112e-03,2.788164068952e-01,0.000000000000e+00,0.000000000000e+00,2.839249142937e+02,2.824651489258e+02,2.437962962962e-01,8.981481481479e-02,1.043894795693e+04,5.547794143467e+04,1.090000000000e+02
5.390000000000e+02,1.034050592175e+08,3.684324285824e+01,4.165832388881e-01,1.850114080709e-07,3.704530284584e+02,1.737955867831e-03,1.894371895936e-01,-1.892981069838e-01,8.644760455824e+03,-4.797058795460e+03,0.000000000000e+00,0.000000000000e+00,2.223585947285e-03,2.423708682541e-01,0.000000000000e+00,0.000000000000e+00,2.840315910977e+02,2.821457519531e+02,2.508333333333e-01,1.084259259259e-01,8.644760455824e+03,5.547732506274e+04,1.090000000000e+02
5.400000000000e+02,1.033977789416e+08,3.254792212670e+01,4.165660311314e-01,1.847062385487e-07,3.710951841773e+02,1.782428748941e-03,1.942847336346e-01,-1.941457947413e-01,7.374187620623e+03,-3.490521275445e+03,0.000000000000e+00,0.000000000000e+00,1.797250410387e-03,1.959002947322e-01,0.000000000000e+00,0.000000000000e+00,2.844200037342e+02,2.825447692871e+02,2.599074074074e-01,1.283333333333e-01,7.374187620623e+03,5.547504514734e+04,1.090000000000e+02
5.410000000000e+02,1.033980932707e+08,3.340177122318e+01,4.165449138738e-01,1.844034978771e-07,3.717331023193e+02,1.763098723961e-03,1.921777609118e-01,-1.920432491827e-01,6.488918104351e+03,-1.096799044920e+04,0.000000000000e+00,0.000000000000e+00,2.888391477805e-03,3.148346710808e-01,0.000000000000e+00,0.000000000000e+00,2.848866717815e+02,2.828715820313e+02,2.686111111111e-01,1.332407407407e-01,6.488918104351e+03,5.547223773259e+04,1.090000000000e+02
5.420000000000e+02,1.033999169951e+08,3.253547946525e+01,4.165650833821e-01,1.841031472374e-07,3.723669485388e+02,1.772834608832e-03,1.932389723627e-01,-1.930986570396e-01,6.906123423364e+03,-1.253591930292e+04,0.000000000000e+00,0.000000000000e+00,3.216462426017e-03,3.505944044358e-01,0.000000000000e+00,0.000000000000e+00,2.844410566618e+02,2.822342224121e+02,2.736111111111e-01,1.351851851851e-01,6.906123423364e+03,5.547492072726e+04,1.090000000000e+02
5.430000000000e+02,1.034084885401e+08,3.684763051374e+01,4.165889093512e-01,1.838051558046e-07,3.729968683523e+02,1.662322297100e-03,1.811931303839e-01,-1.810598971952e-01,7.025643829135e+03,-1.861636398194e+04,0.000000000000e+00,0.000000000000e+00,4.242375630381e-03,4.624189437116e-01,0.000000000000e+00,0.000000000000e+00,2.838997617238e+02,2.820247192383e+02,2.803703703703e-01,1.237037037037e-01,7.025643829135e+03,5.547808714800e+04,1.090000000000e+02
5.440000000000e+02,1.034203736030e+08,4.118458431327e+01,4.165556817448e-01,1.835094946865e-07,3.736229908601e+02,1.720126398922e-03,1.874937774825e-01,-1.873460196682e-01,9.264417603674e+03,-2.227854274172e+04,0.000000000000e+00,0.000000000000e+00,5.218423659118e-03,5.688081788439e-01,0.000000000000e+00,0.000000000000e+00,2.846509496099e+02,2.832162170410e+02,2.898148148148e-01,1.046296296296e-01,9.264417603674e+03,5.547366303596e+04,1.090000000000e+02
5.450000000000e+02,1.034223363343e+08,4.062520142057e+01,4.165216342783e-01,1.832161245975e-07,3.742454316215e+02,1.840910532362e-03,2.006592480274e-01,-2.005010769329e-01,9.783229231930e+03,-1.308513646944e+04,0.000000000000e+00,0.000000000000e+00,3.783465274685e-03,4.123977149406e-01,0.000000000000e+00,0.000000000000e+00,2.853899901240e+02,2.837638244629e+02,2.951851851851e-01,1.066666666666e-01,9.783229231930e+03,5.546913196784e+04,1.090000000000e+02
5.460000000000e+02,1.034230847946e+08,3.979746196257e+01,4.165215361141e-01,1.829250183730e-07,3.748642949050e+02,1.834644028023e-03,1.999761990545e-01,-1.998198083105e-01,9.368291746253e+03,-1.183262554049e+04,0.000000000000e+00,0.000000000000e+00,3.507775487711e-03,3.823475281605e-01,0.000000000000e+00,0.000000000000e+00,2.853921291770e+02,2.838768920898e+02,3.012962962963e-01,1.101851851851e-01,9.368291746253e+03,5.546911906815e+04,1.090000000000e+02
5.470000000000e+02,1.034234836916e+08,3.839070901065e+01,4.165379957257e-01,1.826361425244e-07,3.754796754727e+02,1.805360856874e-03,1.967843333993e-01,-1.966300711982e-01,9.016013357148e+03,-1.130632888889e+04,0.000000000000e+00,0.000000000000e+00,3.362283042378e-03,3.664888516192e-01,0.000000000000e+00,0.000000000000e+00,2.850383264625e+02,2.833965148926e+02,3.099999999999e-01,1.155555555555e-01,9.016013357148e+03,5.547130954848e+04,1.090000000000e+02
5.480000000000e+02,1.034224788144e+08,3.661944213678e+01,4.165452557853e-01,1.823494662269e-07,3.760916600099e+02,1.795640498846e-03,1.957248143742e-01,-1.955735519565e-01,8.347850593009e+03,-9.844241773376e+03,0.000000000000e+00,0.000000000000e+00,3.009785274345e-03,3.280665949037e-01,0.000000000000e+00,0.000000000000e+00,2.848797056109e+02,2.832008056641e+02,3.167592592592e-01,1.224074074074e-01,8.347850593009e+03,5.547227933950e+04,1.090000000000e+02
5.490000000000e+02,1.034239040199e+08,3.666130949787e+01,4.165325335337e-01,1.820649594692e-07,3.767003282833e+02,1.790343231553e-03,1.951474122393e-01,-1.949993771187e-01,7.967534816740e+03,-1.224239632993e+04,0.000000000000e+00,0.000000000000e+00,3.343806841779e-03,3.644749457539e-01,0.000000000000e+00,0.000000000000e+00,2.851552740943e+02,2.836847839355e+02,3.221296296296e-01,1.249074074074e-01,7.967534816740e+03,5.547058924076e+04,1.090000000000e+02
5.500000000000e+02,1.034234348622e+08,3.501705661497e+01,4.165344681447e-01,1.817825927881e-07,3.773057540875e+02,1.754335341657e-03,1.912225522406e-01,-1.910781460311e-01,7.845108104669e+03,-1.013037973358e+04,0.000000000000e+00,0.000000000000e+00,2.973979905743e-03,3.241638097259e-01,0.000000000000e+00,0.000000000000e+00,2.851136741185e+02,2.836751708984e+02,3.331481481481e-01,1.302777777777e-01,7.845108104669e+03,5.547084646018e+04,1.090000000000e+02
5.510000000000e+02,1.034218129623e+08,3.354698819676e+01,4.165418062999e-01,1.815023373516e-07,3.779080060259e+02,1.699670203499e-03,1.852640521813e-01,-1.851281757342e-01,7.100327292910e+03,-8.647683329264e+03,0.000000000000e+00,0.000000000000e+00,2.605499830768e-03,2.839994815537e-01,0.000000000000e+00,0.000000000000e+00,2.849538666574e+02,2.835539245605e+02,3.448148148147e-01,1.384259259259e-01,7.100327292910e+03,5.547182710395e+04,1.090000000000e+02
5.520000000000e+02,1.034252965455e+08,3.470488889533e+01,4.165356534009e-01,1.812241649943e-07,3.785071481589e+02,1.707282701959e-03,1.860938145135e-01,-1.859564052123e-01,7.074671506863e+03,-1.379911482731e+04,0.000000000000e+00,0.000000000000e+00,3.453692232368e-03,3.764524533281e-01,0.000000000000e+00,0.000000000000e+00,2.850873736106e+02,2.836198730469e+02,3.562962962962e-01,1.360185185185e-01,7.074671506863e+03,5.547100815035e+04,1.090000000000e+02
5.530000000000e+02,1.034299621129e+08,3.569805728162e+01,4.165482567147e-01,1.809480479845e-07,3.791032405478e+02,1.680335572609e-03,1.831565774144e-01,-1.830171290591e-01,7.568932871995e+03,-1.481812593936e+04,0.000000000000e+00,0.000000000000e+00,3.703930599950e-03,4.037284353945e-01,0.000000000000e+00,0.000000000000e+00,2.848139354736e+02,2.832793273926e+02,3.676851851851e-01,1.311111111111e-01,7.568932871995e+03,5.547267988582e+04,1.090000000000e+02
5.540000000000e+02,1.034444595159e+08,4.322410001157e+01,4.165483726329e-01,1.806739589641e-07,3.796963397120e+02,1.647050131359e-03,1.795284643182e-01,-1.793856103748e-01,8.866743070472e+03,-2.444864036849e+04,0.000000000000e+00,0.000000000000e+00,5.512367273443e-03,6.008480328053e-01,0.000000000000e+00,0.000000000000e+00,2.848126439355e+02,2.832844848633e+02,3.787962962962e-01,1.067592592592e-01,8.866743070472e+03,5.547268683737e+04,1.090000000000e+02
5.550000000000e+02,1.034677261578e+08,1.290809335557e+03,4.165663684228e-01,1.804018714850e-07,3.802864990180e+02,1.783253519122e-03,1.943746335843e-01,-1.926909794750e-01,1.945165846652e+04,-3.395620118253e+04,0.000000000000e+00,0.000000000000e+00,9.054359813485e-03,9.869252196699e-01,0.000000000000e+00,0.000000000000e+00,2.844174654384e+02,2.829555969238e+02,3.900925925925e-01,4.620370370376e-02,1.945165846652e+04,5.547505873174e+04,1.090000000000e+02
5.560000000000e+02,1.034714752646e+08,3.620161422362e+02,4.165896059679e-01,1.801317593979e-07,3.808737690113e+02,1.817932122517e-03,1.981546013544e-01,-1.942466957065e-01,2.806340084404e+04,-1.452546757552e+04,0.000000000000e+00,0.000000000000e+00,6.925287098752e-03,7.548562937640e-01,0.000000000000e+00,0.000000000000e+00,2.838908772194e+02,2.824926147461e+02,4.003703703703e-01,5.000000000001e-02,2.806340084404e+04,5.547813792673e+04,1.090000000000e+02
5.570000000000e+02,1.034713313380e+08,3.179422084491e+02,4.165692900122e-01,1.798635972862e-07,3.814581977006e+02,1.773988321324e-03,1.933647270243e-01,-1.925467364762e-01,1.431633783297e+04,-1.053817473661e+04,0.000000000000e+00,0.000000000000e+00,4.110432520238e-03,4.480371447060e-01,0.000000000000e+00,0.000000000000e+00,2.843534953663e+02,2.827685852051e+02,4.098148148148e-01,5.787037037038e-02,1.431633783297e+04,5.547543883571e+04,1.090000000000e+02
5.580000000000e+02,1.034715543401e+08,1.643417673752e+02,4.165442041730e-01,1.795973598566e-07,3.820398308042e+02,1.871461104662e-03,2.039892604081e-01,-2.029548116173e-01,1.506632343182e+04,-1.148194610034e+04,0.000000000000e+00,0.000000000000e+00,4.374621886924e-03,4.768337856747e-01,0.000000000000e+00,0.000000000000e+00,2.849084368954e+02,2.836785278320e+02,4.190740740740e-01,6.453703703703e-02,1.506632343182e+04,5.547210361868e+04,1.090000000000e+02
5.590000000000e+02,1.034758624329e+08,5.495291008096e+02,4.165323494301e-01,1.793330217166e-07,3.826187119628e+02,1.950748656343e-03,2.126316035414e-01,-2.114958914448e-01,1.553728325693e+04,-1.604032275033e+04,0.000000000000e+00,0.000000000000e+00,5.296668010914e-03,5.773368131896e-01,0.000000000000e+00,0.000000000000e+00,2.851652418153e+02,2.839899291992e+02,4.285185185185e-01,5.592592592595e-02,1.553728325693e+04,5.547052658406e+04,1.090000000000e+02
5.600000000000e+02,1.034737763254e+08,9.362353361937e+01,4.165361342870e-01,1.790705595074e-07,3.831948829255e+02,1.925308235863e-03,2.098585977091e-01,-2.085007900350e-01,1.646112295328e+04,-9.479875027706e+03,0.000000000000e+00,0.000000000000e+00,4.227397746679e-03,4.607863543880e-01,0.000000000000e+00,0.000000000000e+00,2.850837363057e+02,2.839898071289e+02,4.384259259259e-01,7.231481481481e-02,1.646112295328e+04,5.547103073471e+04,1.090000000000e+02
5.610000000000e+02,1.034807002132e+08,7.879056482184e+02,4.165378276293e-01,1.788099489731e-07,3.837683837123e+02,1.773566188608e-03,1.933187145582e-01,-1.924862442642e-01,1.439690724410e+04,-1.760153761516e+04,0.000000000000e+00,0.000000000000e+00,5.414627517386e-03,5.901943993950e-01,0.000000000000e+00,0.000000000000e+00,2.850466771197e+02,2.841086730957e+02,4.485185185185e-01,5.342592592596e-02,1.439690724410e+04,5.547125773931e+04,1.090000000000e+02
5.620000000000e+02,1.034815012458e+08,1.251685232007e+02,4.165528791457e-01,1.785511671908e-07,3.843392527575e+02,1.871403678163e-03,2.039830009198e-01,-2.016698238395e-01,2.106497985121e+04,-1.198836605760e+04,0.000000000000e+00,0.000000000000e+00,5.378140920028e-03,5.862173602831e-01,0.000000000000e+00,0.000000000000e+00,2.847194093958e+02,2.834442443848e+02,4.583333333333e-01,6.324074074074e-02,2.106497985121e+04,5.547325189017e+04,1.090000000000e+02
5.630000000000e+02,1.034704986303e+08,3.907283678583e+01,4.165737050416e-01,1.782941910573e-07,3.849075270353e+02,1.715133242870e-03,1.869495234729e-01,-1.867462759903e-01,1.017360253842e+04,6.427460585185e+02,0.000000000000e+00,0.000000000000e+00,1.563798989131e-03,1.704540898153e-01,0.000000000000e+00,0.000000000000e+00,2.842517910029e+02,2.832254028320e+02,4.676851851851e-01,9.657407407404e-02,1.017360253842e+04,5.547603999013e+04,1.090000000000e+02
5.640000000000e+02,1.034711342054e+08,4.109505265465e+01,4.165832905289e-01,1.780389980176e-07,3.854732421724e+02,1.563394788665e-03,1.704100319645e-01,-1.702786602731e-01,9.066757055101e+03,-1.008223836758e+04,0.000000000000e+00,0.000000000000e+00,3.168225700216e-03,3.453366013236e-01,0.000000000000e+00,0.000000000000e+00,2.840326013438e+02,2.828412170410e+02,4.764814814814e-01,9.898148148145e-02,9.066757055101e+03,5.547732013685e+04,1.090000000000e+02
5.650000000000e+02,1.034722140045e+08,4.072187170825e+01,4.165994508094e-01,1.777855653619e-07,3.860364325472e+02,1.534276651870e-03,1.672361550538e-01,-1.671017605859e-01,1.001379033732e+04,-1.035051317130e+04,0.000000000000e+00,0.000000000000e+00,3.368741720904e-03,3.671928475785e-01,0.000000000000e+00,0.000000000000e+00,2.836569199834e+02,2.824974670410e+02,4.849074074073e-01,9.999999999997e-02,1.001379033732e+04,5.547947215247e+04,1.090000000000e+02
5.660000000000e+02,1.034654383183e+08,3.676501307348e+01,4.166067145864e-01,1.775338726857e-07,3.865971313786e+02,1.440626953310e-03,1.570283379107e-01,-1.569057317845e-01,8.826669882296e+03,-1.929587951345e+03,0.000000000000e+00,0.000000000000e+00,1.779133312432e-03,1.939255310550e-01,0.000000000000e+00,0.000000000000e+00,2.834840956505e+02,2.821470336914e+02,4.937962962962e-01,1.179629629629e-01,8.826669882296e+03,5.548044467705e+04,1.090000000000e+02
5.670000000000e+02,1.034628946710e+08,3.579792649798e+01,4.166043698340e-01,1.772838978837e-07,3.871553708056e+02,1.327299743486e-03,1.446756720400e-01,-1.445663507731e-01,7.760093658519e+03,-5.477071528431e+03,0.000000000000e+00,0.000000000000e+00,2.189744383036e-03,2.386821377509e-01,0.000000000000e+00,0.000000000000e+00,2.835393513821e+02,2.823159179688e+02,5.020370370369e-01,1.263888888888e-01,7.760093658519e+03,5.548013584989e+04,1.090000000000e+02
5.680000000000e+02,1.034615851124e+08,3.459727465285e+01,4.165946670584e-01,1.770356199072e-07,3.877111819590e+02,1.324612646208e-03,1.443827784366e-01,-1.442749741294e-01,7.578821300002e+03,-6.694889325669e+03,0.000000000000e+00,0.000000000000e+00,2.361126114949e-03,2.573627465294e-01,0.000000000000e+00,0.000000000000e+00,2.837668712112e+02,2.824949340820e+02,5.091666666666e-01,1.312037037037e-01,7.578821300002e+03,5.547884888690e+04,1.090000000000e+02
5.690000000000e+02,1.034617963045e+08,3.481506012397e+01,4.165812862661e-01,1.767890187935e-07,3.882645950258e+02,1.380014761342e-03,1.504216089862e-01,-1.503097196443e-01,7.245003293970e+03,-8.550220731837e+03,0.000000000000e+00,0.000000000000e+00,2.613080224083e-03,2.848257444250e-01,0.000000000000e+00,0.000000000000e+00,2.840754905166e+02,2.828835449219e+02,5.165740740740e-01,1.341666666666e-01,7.245003293970e+03,5.547707148871e+04,1.090000000000e+02
5.700000000000e+02,1.034647803904e+08,3.545171983189e+01,4.166145828033e-01,1.765440739348e-07,3.888156393072e+02,1.382546446108e-03,1.506975626257e-01,-1.505823396866e-01,7.516108104344e+03,-1.133843580638e+04,0.000000000000e+00,0.000000000000e+00,3.119013721521e-03,3.399724956458e-01,0.000000000000e+00,0.000000000000e+00,2.832941529277e+02,2.819721069336e+02,5.240740740740e-01,1.311111111111e-01,7.516108104344e+03,5.548149826073e+04,1.090000000000e+02
5.710000000000e+02,1.034730893463e+08,3.932441357391e+01,4.166241204838e-01,1.763007652118e-07,3.893643432719e+02,1.327910760228e-03,1.447422728648e-01,-1.446291836581e-01,8.192128917906e+03,-1.633341485465e+04,0.000000000000e+00,0.000000000000e+00,4.057105609871e-03,4.422245114759e-01,0.000000000000e+00,0.000000000000e+00,2.830619582189e+02,2.819758911133e+02,5.324074074074e-01,1.187037037037e-01,8.192128917906e+03,5.548276465800e+04,1.090000000000e+02
5.720000000000e+02,1.034808049048e+08,4.190300395140e+01,4.166133986453e-01,1.760590729614e-07,3.899107346036e+02,1.411621629039e-03,1.538667575653e-01,-1.537404690685e-01,9.790534853328e+03,-1.624553758324e+04,0.000000000000e+00,0.000000000000e+00,4.306791391613e-03,4.694402616858e-01,0.000000000000e+00,0.000000000000e+00,2.833233990533e+02,2.819118041992e+02,5.396296296296e-01,1.062037037037e-01,9.790534853328e+03,5.548133492253e+04,1.090000000000e+02
5.730000000000e+02,1.034973063876e+08,7.552726262229e+02,4.166208631073e-01,1.758189789176e-07,3.904548402453e+02,1.530476234045e-03,1.668219095109e-01,-1.662342250514e-01,1.358989633187e+04,-2.572459928482e+04,0.000000000000e+00,0.000000000000e+00,6.624263734683e-03,7.220447470805e-01,0.000000000000e+00,0.000000000000e+00,2.831438810572e+02,2.818783264160e+02,5.463888888889e-01,6.462962962966e-02,1.358989633187e+04,5.548231748002e+04,1.090000000000e+02
5.740000000000e+02,1.034999480254e+08,1.233893228428e+02,4.166298609327e-01,1.755804637346e-07,3.909966864390e+02,1.554083337743e-03,1.693950838140e-01,-1.675277507730e-01,2.049807982939e+04,-1.193671781197e+04,0.000000000000e+00,0.000000000000e+00,5.275851718269e-03,5.750678372913e-01,0.000000000000e+00,0.000000000000e+00,2.829242546192e+02,2.820270385742e+02,5.535185185185e-01,6.833333333333e-02,2.049807982939e+04,5.548350418701e+04,1.090000000000e+02
5.750000000000e+02,1.035022270483e+08,4.977577073748e+02,4.166464873733e-01,1.753435083513e-07,3.915362987624e+02,1.367719298322e-03,1.490814035171e-01,-1.486217223852e-01,1.280361604122e+04,-1.052533320575e+04,0.000000000000e+00,0.000000000000e+00,3.923505812227e-03,4.276621335328e-01,0.000000000000e+00,0.000000000000e+00,2.825020962805e+02,2.817007446289e+02,5.608333333333e-01,6.351851851853e-02,1.280361604122e+04,5.548572074087e+04,1.090000000000e+02
5.760000000000e+02,1.035116521385e+08,1.569603893153e+03,4.166461675970e-01,1.751080953008e-07,3.920737021628e+02,1.366283583271e-03,1.489249105766e-01,-1.461380637247e-01,2.726998931861e+04,-1.753377355649e+04,0.000000000000e+00,0.000000000000e+00,7.610872351389e-03,8.295850863014e-01,0.000000000000e+00,0.000000000000e+00,2.825117452163e+02,2.819637756348e+02,5.671296296296e-01,3.620370370376e-02,2.726998931861e+04,5.548567168461e+04,1.090000000000e+02
5.770000000000e+02,1.035097121037e+08,1.274901865072e+02,4.166423725577e-01,1.748742067537e-07,3.926089209876e+02,1.440644829724e-03,1.570302864400e-01,-1.545801594576e-01,2.360807759069e+04,-6.637030288441e+03,0.000000000000e+00,0.000000000000e+00,4.784922445774e-03,5.215565465893e-01,0.000000000000e+00,0.000000000000e+00,2.826101139059e+02,2.817910766602e+02,5.732407407407e-01,5.824074074074e-02,2.360807759069e+04,5.548516299501e+04,1.090000000000e+02
5.780000000000e+02,1.035016026012e+08,4.070828877438e+01,4.166542931227e-01,1.746418247751e-07,3.931419790135e+02,1.362976558788e-03,1.485644449079e-01,-1.483824219498e-01,1.019242362151e+04,-1.237311480731e+02,0.000000000000e+00,0.000000000000e+00,1.693027235967e-03,1.845399687204e-01,0.000000000000e+00,0.000000000000e+00,2.822989660562e+02,2.815087585449e+02,5.797222222222e-01,8.416666666664e-02,1.019242362151e+04,5.548675937699e+04,1.090000000000e+02
5.790000000000e+02,1.034957708675e+08,3.833317219665e+01,4.166560694017e-01,1.744109320232e-07,3.936728994725e+02,1.246338829989e-03,1.358509324688e-01,-1.357465317421e-01,9.222083556384e+03,-1.700513761163e+03,0.000000000000e+00,0.000000000000e+00,1.806515938441e-03,1.969102372901e-01,0.000000000000e+00,0.000000000000e+00,2.822507071855e+02,2.814277343750e+02,5.854629629629e-01,1.004629629629e-01,9.222083556384e+03,5.548700283104e+04,1.090000000000e+02
5.800000000000e+02,1.034900120627e+08,3.644699583749e+01,4.166512776460e-01,1.741815114243e-07,3.942017050762e+02,1.177511084819e-03,1.283487082453e-01,-1.282525893932e-01,8.248856788707e+03,-1.357597035580e+03,0.000000000000e+00,0.000000000000e+00,1.588913902215e-03,1.731916153415e-01,0.000000000000e+00,0.000000000000e+00,2.823755878702e+02,2.813230285645e+02,5.917592592592e-01,1.140740740740e-01,8.248856788707e+03,5.548637107146e+04,1.090000000000e+02
5.810000000000e+02,1.034916316647e+08,3.813207543272e+01,4.166676052010e-01,1.739535454894e-07,3.947284180393e+02,1.144093376917e-03,1.247061780839e-01,-1.246118161665e-01,8.153661929888e+03,-8.534072314826e+03,0.000000000000e+00,0.000000000000e+00,2.760283166889e-03,3.008708651909e-01,0.000000000000e+00,0.000000000000e+00,2.819392991098e+02,2.810931091309e+02,5.976851851851e-01,1.127777777777e-01,8.153661929888e+03,5.548854471461e+04,1.090000000000e+02
5.820000000000e+02,1.034942094167e+08,3.897746393713e+01,4.166721182620e-01,1.737270133754e-07,3.952530600997e+02,1.111287599534e-03,1.211303483492e-01,-1.210364980686e-01,8.914785630187e+03,-9.294004891736e+03,0.000000000000e+00,0.000000000000e+00,3.011560972160e-03,3.282601459654e-01,0.000000000000e+00,0.000000000000e+00,2.818146978540e+02,2.810392150879e+02,6.035185185184e-01,1.100925925926e-01,8.914785630187e+03,5.548914732251e+04,1.090000000000e+02
5.830000000000e+02,1.034964500535e+08,4.020746008817e+01,4.166774631243e-01,1.735019085709e-07,3.957756525392e+02,1.051245488526e-03,1.145857582493e-01,-1.144966812941e-01,9.091625992194e+03,-8.594068727612e+03,0.000000000000e+00,0.000000000000e+00,2.925060132825e-03,3.188315544779e-01,0.000000000000e+00,0.000000000000e+00,2.816657240280e+02,2.811347045898e+02,6.091666666666e-01,1.087037037037e-01,9.091625992194e+03,5.548985807598e+04,1.090000000000e+02
5.840000000000e+02,1.034961760694e+08,3.917051528572e+01,4.166659722403e-01,1.732782046387e-07,3.962962162009e+02,1.025482542919e-03,1.117775971782e-01,-1.116905222217e-01,9.372624506411e+03,-5.923696541347e+03,0.000000000000e+00,0.000000000000e+00,2.529635585455e-03,2.757302788146e-01,0.000000000000e+00,0.000000000000e+00,2.819825120480e+02,2.814194335938e+02,6.143518518518e-01,1.109259259259e-01,9.372624506411e+03,5.548833322792e+04,1.090000000000e+02
5.850000000000e+02,1.034944618465e+08,3.806745971131e+01,4.166894092259e-01,1.730558988749e-07,3.968147715070e+02,9.987845942703e-04,1.088675207755e-01,-1.087838891299e-01,8.693484021949e+03,-4.322248492525e+03,0.000000000000e+00,0.000000000000e+00,2.152500902313e-03,2.346225983521e-01,0.000000000000e+00,0.000000000000e+00,2.813223458815e+02,2.805650024414e+02,6.193518518518e-01,1.172222222222e-01,8.693484021949e+03,5.549145051198e+04,1.090000000000e+02
5.860000000000e+02,1.034929284499e+08,3.666429903878e+01,4.166934661291e-01,1.728349668089e-07,3.973313384749e+02,9.333767445803e-04,1.017380651593e-01,-1.016602344442e-01,8.355383948347e+03,-4.107961641792e+03,0.000000000000e+00,0.000000000000e+00,2.061008570367e-03,2.246499341700e-01,0.000000000000e+00,0.000000000000e+00,2.812022491071e+02,2.805459594727e+02,6.247222222221e-01,1.224074074074e-01,8.355383948347e+03,5.549199201351e+04,1.090000000000e+02
5.870000000000e+02,1.034995842798e+08,4.073284963294e+01,4.167008495368e-01,1.726153924062e-07,3.978459367317e+02,9.572300980121e-04,1.043380806833e-01,-1.042567538791e-01,8.540017479729e+03,-1.244134445430e+04,0.000000000000e+00,0.000000000000e+00,3.470159057115e-03,3.782473372256e-01,0.000000000000e+00,0.000000000000e+00,2.809789978100e+02,2.801643371582e+02,6.299999999999e-01,1.113888888889e-01,8.540017479729e+03,5.549297535153e+04,1.090000000000e+02
5.880000000000e+02,1.035090336068e+08,4.457831870340e+01,4.166970183401e-01,1.723971658788e-07,3.983585855291e+02,1.061132152257e-03,1.156634045960e-01,-1.155669197913e-01,1.067373947353e+04,-1.586251528426e+04,0.000000000000e+00,0.000000000000e+00,4.388604546558e-03,4.783578955748e-01,0.000000000000e+00,0.000000000000e+00,2.810956740707e+02,2.803503723145e+02,6.348148148147e-01,9.092592592591e-02,1.067373947353e+04,5.549246261552e+04,1.090000000000e+02
5.890000000000e+02,1.035096103198e+08,4.314265192937e+01,4.167127945117e-01,1.721802657827e-07,3.988693037560e+02,9.821379256793e-04,1.070530338990e-01,-1.069645357615e-01,1.102276953723e+04,-6.512599666427e+03,0.000000000000e+00,0.000000000000e+00,2.899558102278e-03,3.160518331483e-01,0.000000000000e+00,0.000000000000e+00,2.806047872356e+02,2.799125366211e+02,6.391666666666e-01,9.333333333331e-02,1.102276953723e+04,5.549456104155e+04,1.090000000000e+02
5.900000000000e+02,1.035062786619e+08,4.069352698270e+01,4.167131493486e-01,1.719646884982e-07,3.993781099517e+02,8.577094132643e-04,9.349032604581e-02,-9.341539361805e-02,1.010487292208e+04,-1.852434097208e+03,0.000000000000e+00,0.000000000000e+00,1.977046760620e-03,2.154980969076e-01,0.000000000000e+00,0.000000000000e+00,2.805928177746e+02,2.800462036133e+02,6.440740740740e-01,1.044444444444e-01,1.010487292208e+04,5.549461066677e+04,1.090000000000e+02
5.910000000000e+02,1.035052591985e+08,4.014815092922e+01,4.167286206618e-01,1.717504114294e-07,3.998850223174e+02,8.221877306056e-04,8.961846263601e-02,-8.954696807114e-02,9.399900628091e+03,-3.950039713364e+03,0.000000000000e+00,0.000000000000e+00,2.207513371973e-03,2.406189575451e-01,0.000000000000e+00,0.000000000000e+00,2.800723841474e+02,2.794725646973e+02,6.471296296295e-01,1.090740740740e-01,9.399900628091e+03,5.549666964373e+04,1.090000000000e+02
5.920000000000e+02,1.035150885351e+08,1.554650110572e+02,4.167384771457e-01,1.715374330494e-07,4.003900587274e+02,8.145863577791e-04,8.878991299792e-02,-8.870177139719e-02,1.039229922501e+04,-1.475207037937e+04,0.000000000000e+00,0.000000000000e+00,4.176500819468e-03,4.552385893220e-01,0.000000000000e+00,0.000000000000e+00,2.797167539347e+02,2.790285949707e+02,6.517592592592e-01,8.462962962962e-02,1.039229922501e+04,5.549797536773e+04,1.090000000000e+02
5.930000000000e+02,1.035253467674e+08,6.739889040912e+02,4.167487626396e-01,1.713257191400e-07,4.008932367397e+02,8.502383662090e-04,9.267598191678e-02,-9.177837534185e-02,1.785804798240e+04,-1.535183471556e+04,0.000000000000e+00,0.000000000000e+00,5.583769497004e-03,6.086308751735e-01,0.000000000000e+00,0.000000000000e+00,2.793181124270e+02,2.787380981445e+02,6.553703703703e-01,6.018518518522e-02,1.785804798240e+04,5.549934005480e+04,1.090000000000e+02
5.940000000000e+02,1.035302188480e+08,8.061681247442e+02,4.167557977275e-01,1.711152658005e-07,4.013945736062e+02,8.890502142469e-04,9.690647335291e-02,-9.556307972622e-02,2.076457017370e+04,-1.017583809868e+04,0.000000000000e+00,0.000000000000e+00,5.148728439771e-03,5.612113999351e-01,0.000000000000e+00,0.000000000000e+00,2.790246417527e+02,2.783651733398e+02,6.587962962963e-01,4.888888888892e-02,2.076457017370e+04,5.550027354005e+04,1.090000000000e+02
5.950000000000e+02,1.035302699855e+08,3.634083774516e+02,4.167660077070e-01,1.709060603307e-07,4.018940862819e+02,8.622241433369e-04,9.398243162372e-02,-9.293063955267e-02,1.773645690040e+04,-5.208892646386e+03,0.000000000000e+00,0.000000000000e+00,3.729331122104e-03,4.064970923094e-01,0.000000000000e+00,0.000000000000e+00,2.785579764015e+02,2.781217346191e+02,6.618518518518e-01,5.583333333335e-02,1.773645690040e+04,5.550163229018e+04,1.090000000000e+02
5.960000000000e+02,1.035391287721e+08,3.029922874080e+03,4.167743492361e-01,1.706980884556e-07,4.023917914343e+02,7.998638238809e-04,8.718515680302e-02,-8.485987342123e-02,3.359076875483e+04,-1.356870668049e+04,0.000000000000e+00,0.000000000000e+00,8.257368105996e-03,9.000531235535e-01,0.000000000000e+00,0.000000000000e+00,2.781267300291e+02,2.777251586914e+02,6.641666666666e-01,2.574074074080e-02,3.359076875483e+04,5.550274331609e+04,1.090000000000e+02
5.970000000000e+02,1.035422542822e+08,1.195469264974e+03,4.167677625138e-01,1.704913375520e-07,4.028877054514e+02,8.551709537077e-04,9.321363395414e-02,-8.949701246952e-02,4.723169972627e+04,-8.092818811987e+03,0.000000000000e+00,0.000000000000e+00,8.875770160391e-03,9.674589474827e-01,0.000000000000e+00,0.000000000000e+00,2.784732608142e+02,2.779897155762e+02,6.659259259259e-01,2.555555555560e-02,4.723169972627e+04,5.550186310351e+04,1.090000000000e+02
5.980000000000e+02,1.035388599356e+08,2.969652485916e+02,4.167760056637e-01,1.702857942979e-07,4.033818444508e+02,8.773345417175e-04,9.562946504721e-02,-9.450599560160e-02,1.748405391978e+04,-1.850974944730e+03,0.000000000000e+00,0.000000000000e+00,3.057788512271e-03,3.332989478375e-01,0.000000000000e+00,0.000000000000e+00,2.780348490116e+02,2.776170043945e+02,6.674074074074e-01,4.240740740742e-02,1.748405391978e+04,5.550296111871e+04,1.090000000000e+02
5.990000000000e+02,1.035377199453e+08,3.969522903509e+02,4.167795826896e-01,1.700814487371e-07,4.038742242863e+02,8.120360430144e-04,8.851192868857e-02,-8.809335483550e-02,1.296177330441e+04,-3.749482326026e+03,0.000000000000e+00,0.000000000000e+00,2.782624812772e-03,3.033061045921e-01,0.000000000000e+00,0.000000000000e+00,2.778229312339e+02,2.773967285156e+02,6.695370370370e-01,4.574074074076e-02,1.296177330441e+04,5.550343809899e+04,1.090000000000e+02
6.000000000000e+02,1.035364689285e+08,2.819736091316e+02,4.167783038227e-01,1.698782852918e-07,4.043648605563e+02,7.521157498171e-04,8.198061673006e-02,-8.141640484976e-02,1.420397549168e+04,-3.267880935668e+03,0.000000000000e+00,0.000000000000e+00,2.874142952204e-03,3.132815817903e-01,0.000000000000e+00,0.000000000000e+00,2.779000564765e+02,2.774201660156e+02,6.714814814814e-01,5.212962962964e-02,1.420397549168e+04,5.550326859484e+04,1.090000000000e+02
6.010000000000e+02,1.035350505807e+08,2.840482593134e+02,4.167810324332e-01,1.696762913942e-07,4.048537686104e+02,7.059208349106e-04,7.694537100525e-02,-7.658682035882e-02,1.282139490715e+04,-2.832490879688e+03,0.000000000000e+00,0.000000000000e+00,2.591103365962e-03,2.824302668898e-01,0.000000000000e+00,0.000000000000e+00,2.777316080106e+02,2.773899841309e+02,6.731481481481e-01,5.740740740742e-02,1.282139490715e+04,5.550363284281e+04,1.090000000000e+02
6.020000000000e+02,1.035335833071e+08,2.081993566974e+02,4.167777726470e-01,1.694754610385e-07,4.053409635562e+02,6.787145078591e-04,7.397988135665e-02,-7.362856527391e-02,1.284592673961e+04,-2.619376192285e+03,0.000000000000e+00,0.000000000000e+00,2.546985563765e-03,2.776214264504e-01,0.000000000000e+00,0.000000000000e+00,2.779312302244e+02,2.776781311035e+02,6.745370370370e-01,6.324074074074e-02,1.284592673961e+04,5.550319849163e+04,1.090000000000e+02
6.030000000000e+02,1.035359143377e+08,5.565183223638e+02,4.167915637017e-01,1.692757722747e-07,4.058264602659e+02,6.657130585331e-04,7.256272338011e-02,-7.212076964968e-02,1.383751265934e+04,-6.334038404720e+03,0.000000000000e+00,0.000000000000e+00,3.395789013127e-03,3.701410024308e-01,0.000000000000e+00,0.000000000000e+00,2.769404977880e+02,2.766098327637e+02,6.755555555555e-01,5.546296296298e-02,1.383751265934e+04,5.550503358604e+04,1.090000000000e+02
6.040000000000e+02,1.035393095358e+08,7.986236202275e+02,4.167939564022e-01,1.690772182681e-07,4.063102733825e+02,6.660701124243e-04,7.260164225425e-02,-7.165855881778e-02,1.882155138789e+04,-7.372626377111e+03,0.000000000000e+00,0.000000000000e+00,4.378235881826e-03,4.772277111190e-01,0.000000000000e+00,0.000000000000e+00,2.767011733129e+02,2.765415649414e+02,6.769444444444e-01,4.435185185188e-02,1.882155138789e+04,5.550535217399e+04,1.090000000000e+02
6.050000000000e+02,1.035418058496e+08,1.150572714169e+03,4.167950445301e-01,1.688798405638e-07,4.067924173253e+02,6.435095198324e-04,7.014253766173e-02,-6.895539120031e-02,2.163911154559e+04,-6.323714023158e+03,0.000000000000e+00,0.000000000000e+00,4.690948555704e-03,5.113133925717e-01,0.000000000000e+00,0.000000000000e+00,2.765935616662e+02,2.764434814453e+02,6.773148148148e-01,3.787037037042e-02,2.163911154559e+04,5.550548019111e+04,1.090000000000e+02
6.060000000000e+02,1.035422180710e+08,7.457518966329e+02,4.167991218987e-01,1.686835242845e-07,4.072729062962e+02,5.846795177448e-04,6.373006743419e-02,-6.261910546332e-02,2.147914719033e+04,-3.887944900412e+03,0.000000000000e+00,0.000000000000e+00,4.136100720455e-03,4.508349785296e-01,0.000000000000e+00,0.000000000000e+00,2.759552280180e+02,2.759356079102e+02,6.774074074074e-01,4.138888888892e-02,2.147914719033e+04,5.550602292760e+04,1.090000000000e+02
6.070000000000e+02,1.035397566101e+08,2.557751448262e+02,4.168002906223e-01,1.684883126711e-07,4.077517542849e+02,5.761202249648e-04,6.279710452116e-02,-6.226921497707e-02,1.454356996863e+04,-9.948623338814e+02,0.000000000000e+00,0.000000000000e+00,2.492122745891e-03,2.716413793021e-01,0.000000000000e+00,0.000000000000e+00,2.755124034262e+02,2.754302673340e+02,6.774074074074e-01,5.277777777779e-02,1.454356996863e+04,5.550617761661e+04,1.090000000000e+02
6.080000000000e+02,1.035336993624e+08,8.211896346915e+01,4.167992587981e-01,1.682941876101e-07,4.082289750738e+02,5.849250793883e-04,6.375683365333e-02,-6.359663820381e-02,1.052397951352e+04,2.527242778779e+03,0.000000000000e+00,0.000000000000e+00,1.294504719099e-03,1.411010143818e-01,0.000000000000e+00,0.000000000000e+00,2.759209875755e+02,2.757243041992e+02,6.764814814814e-01,7.324074074073e-02,1.052397951352e+04,5.550604057469e+04,1.090000000000e+02
6.090000000000e+02,1.035351092625e+08,3.182941088144e+02,4.168002601579e-01,1.681011399972e-07,4.087045822435e+02,5.480857384437e-04,5.974134549036e-02,-5.960950612401e-02,1.014371500707e+04,-4.718593241389e+03,0.000000000000e+00,0.000000000000e+00,2.496757268034e-03,2.721465422157e-01,0.000000000000e+00,0.000000000000e+00,2.755340957833e+02,2.753952331543e+02,6.753703703703e-01,6.527777777779e-02,1.014371500707e+04,5.550617425381e+04,1.090000000000e+02
6.100000000000e+02,1.035370757615e+08,3.437377519170e+02,4.167996991920e-01,1.679091622084e-07,4.091785891777e+02,5.039976487557e-04,5.493574371437e-02,-5.451081720110e-02,1.458306595273e+04,-4.992183192270e+03,0.000000000000e+00,0.000000000000e+00,3.243591008021e-03,3.535514198743e-01,0.000000000000e+00,0.000000000000e+00,2.757946929314e+02,2.759801940918e+02,6.742592592592e-01,6.046296296298e-02,1.458306595273e+04,5.550609986029e+04,1.090000000000e+02
6.110000000000e+02,1.035347273733e+08,1.802418712659e+02,4.167998678863e-01,1.677182437146e-07,4.096510090671e+02,5.215751048623e-04,5.685168642999e-02,-5.658642826662e-02,1.213885049363e+04,-7.925043470616e+02,0.000000000000e+00,0.000000000000e+00,2.112765548171e-03,2.302914447506e-01,0.000000000000e+00,0.000000000000e+00,2.757360849957e+02,2.755638122559e+02,6.734259259259e-01,6.842592592592e-02,1.213885049363e+04,5.550612202300e+04,1.090000000000e+02
6.120000000000e+02,1.035317783455e+08,9.175560686502e+01,4.168002909284e-01,1.675283691846e-07,4.101218549148e+02,5.081868500274e-04,5.539236665299e-02,-5.526062835728e-02,1.055578252684e+04,-1.182776680327e+02,0.000000000000e+00,0.000000000000e+00,1.750840348041e-03,1.908415979365e-01,0.000000000000e+00,0.000000000000e+00,2.752267571241e+02,2.752113037109e+02,6.728703703703e-01,7.657407407407e-02,1.055578252684e+04,5.550617882714e+04,1.090000000000e+02
6.130000000000e+02,1.035351460158e+08,5.129737662921e+02,4.168003328765e-01,1.673395367307e-07,4.105911395402e+02,4.661237737453e-04,5.080749133824e-02,-5.058372562968e-02,1.187057205693e+04,-6.175380416319e+03,0.000000000000e+00,0.000000000000e+00,3.054390173266e-03,3.329285288860e-01,0.000000000000e+00,0.000000000000e+00,2.752731336233e+02,2.754689636230e+02,6.720370370370e-01,6.500000000001e-02,1.187057205693e+04,5.550618374162e+04,1.090000000000e+02
6.140000000000e+02,1.035374662380e+08,3.925297674874e+02,4.167995541549e-01,1.671517301011e-07,4.110588755828e+02,4.598546056023e-04,5.012415201065e-02,-4.964761668081e-02,1.584254914714e+04,-5.075968908260e+03,0.000000000000e+00,0.000000000000e+00,3.441973305180e-03,3.751750902646e-01,0.000000000000e+00,0.000000000000e+00,2.748939099542e+02,2.750495300293e+02,6.700925925926e-01,6.037037037039e-02,1.584254914714e+04,5.550607969410e+04,1.090000000000e+02
6.150000000000e+02,1.035398604662e+08,7.147549052224e+02,4.167967358174e-01,1.669649370738e-07,4.115250755071e+02,4.162457758731e-04,4.537078957016e-02,-4.496647640691e-02,1.507321622812e+04,-4.890131587514e+03,0.000000000000e+00,0.000000000000e+00,3.356617208778e-03,3.658712757568e-01,0.000000000000e+00,0.000000000000e+00,2.743776568216e+02,2.745464477539e+02,6.682407407407e-01,5.166666666670e-02,1.507321622812e+04,5.550570556286e+04,1.090000000000e+02
6.160000000000e+02,1.035406986978e+08,5.278761412846e+02,4.167919344110e-01,1.667791761940e-07,4.119897516057e+02,3.913848061831e-04,4.266094387395e-02,-4.212345321003e-02,1.731759373343e+04,-3.176312646700e+03,0.000000000000e+00,0.000000000000e+00,3.361413404171e-03,3.663940610546e-01,0.000000000000e+00,0.000000000000e+00,2.738640283738e+02,2.740815124512e+02,6.659259259259e-01,5.064814814817e-02,1.731759373343e+04,5.550505942437e+04,1.090000000000e+02
6.170000000000e+02,1.035395868015e+08,3.878024691050e+02,4.167933836540e-01,1.665944029292e-07,4.124529160033e+02,3.436052456065e-04,3.745297177111e-02,-3.716494999001e-02,1.369787139111e+04,-9.509467903049e+02,0.000000000000e+00,0.000000000000e+00,2.400758193439e-03,2.616826430848e-01,0.000000000000e+00,0.000000000000e+00,2.739926892350e+02,2.743074951172e+02,6.602777777777e-01,5.620370370372e-02,1.369787139111e+04,5.550524778085e+04,1.090000000000e+02
6.180000000000e+02,1.035339124497e+08,8.421349772691e+01,2.534182533471e+03,4.188672242802e-03,1.000000000000e+02,2.703317894556e-04,2.946616505066e-02,-3.191331324937e-02,1.129656315327e+04,3.902993882680e+03,1.521533581462e-05,1.658471603793e-03,1.157416512824e-03,1.261583998978e-01,4.108140669947e-04,4.477873330242e-02,2.740827205194e+02,2.743923034668e+02,6.542592592592e-01,7.518518518518e-02,1.129656315327e+04,5.550536897765e+04,1.090000000000e+02
6.190000000000e+02,1.035249911103e+08,3.603529996724e+01,9.171607850722e+03,1.515959050317e-02,1.000000000000e+02,2.904973348785e-06,3.166420950176e-04,-1.672963545374e-02,8.259855196654e+03,7.992756976780e+03,3.639624613393e-05,3.967190828598e-03,0.000000000000e+00,0.000000000000e+00,9.826986456161e-04,1.071141523722e-01,2.737809939138e+02,2.744028015137e+02,6.477777777777e-01,9.620370370367e-02,8.259855196654e+03,5.550492980683e+04,1.090000000000e+02
6.200000000000e+02,1.035177135521e+08,3.349419131566e+01,1.928262498029e+04,3.126166410871e-02,1.019033349624e+02,-2.974269626592e-04,-3.241953892986e-02,-1.420200614614e-03,7.305956584837e+03,7.198731397695e+03,1.735753385061e-05,1.891971189717e-03,0.000000000000e+00,0.000000000000e+00,1.378141015357e-03,1.502173706739e-01,2.732245184794e+02,2.738864746094e+02,2.620370370370e-02,1.113888888889e-01,7.305956584837e+03,5.550386008252e+04,1.090000000000e+02
6.210000000000e+02,1.035110849151e+08,3.390781400199e+01,3.088152704955e+04,4.594632757153e-02,1.109338947806e+02,-3.438728641573e-04,-3.748214219314e-02,-1.462674181821e-04,6.620105160304e+03,6.620518782999e+03,0.000000000000e+00,0.000000000000e+00,0.000000000000e+00,0.000000000000e+00,1.571974926492e-03,1.713452669877e-01,2.732139545203e+02,2.735253601074e+02,0.000000000000e+00,1.237037037037e-01,6.620105160304e+03,5.550383756510e+04,1.090000000000e+02
6.220000000000e+02,1.035049589635e+08,3.191666822433e+01,4.191561122081e+04,5.811579371941e-02,1.190976415887e+02,-3.667029750693e-04,-3.997062428255e-02,0.000000000000e+00,6.127943106646e+03,6.125951960876e+03,0.000000000000e+00,0.000000000000e+00,0.000000000000e+00,0.000000000000e+00,1.457136510161e-03,1.588278796075e-01,2.732156095096e+02,2.733212890625e+02,0.000000000000e+00,1.360185185185e-01,6.127943106646e+03,5.550384127329e+04,1.090000000000e+02
6.230000000000e+02,1.034992792582e+08,3.084378948174e+01,5.183049216598e+04,6.758710552847e-02,1.266798022523e+02,-3.735607548181e-04,-4.071812227518e-02,0.000000000000e+00,5.680778995080e+03,5.679706116358e+03,0.000000000000e+00,0.000000000000e+00,0.000000000000e+00,0.000000000000e+00,1.265280546269e-03,1.379155795434e-01,2.732128870364e+02,2.729063110352e+02,0.000000000000e+00,1.466666666666e-01,5.680778995080e+03,5.550383517421e+04,1.090000000000e+02
6.240000000000e+02,1.034939785930e+08,2.989295704924e+01,6.247750350629e+04,7.777995816610e-02,1.327179999077e+02,-3.681367572324e-04,-4.012690653833e-02,0.000000000000e+00,5.301616145563e+03,5.300665313137e+03,0.000000000000e+00,0.000000000000e+00,0.000000000000e+00,0.000000000000e+00,1.391724410689e-03,1.516979607651e-01,2.732102170796e+02,2.722380981445e+02,0.000000000000e+00,1.569444444444e-01,5.301616145563e+03,5.550382918407e+04,1.090000000000e+02
6.250000000000e+02,1.034889873840e+08,2.892292733730e+01,7.328302011042e+04,8.770098798648e-02,1.380770641855e+02,-3.623548112054e-04,-3.949667442138e-02,0.000000000000e+00,4.992179572132e+03,4.991209542435e+03,0.000000000000e+00,0.000000000000e+00,0.000000000000e+00,0.000000000000e+00,1.423702738568e-03,1.551835985039e-01,2.732084839455e+02,2.720433349609e+02,0.000000000000e+00,1.664814814815e-01,4.992179572132e+03,5.550382529072e+04,1.090000000000e+02
6.260000000000e+02,1.034842678121e+08,2.835601708805e+01,8.355043578247e+04,9.647225584139e-02,1.431200595882e+02,-3.561882934763e-04,-3.882452398891e-02,0.000000000000e+00,4.720139028180e+03,4.719572117929e+03,0.000000000000e+00,0.000000000000e+00,0.000000000000e+00,0.000000000000e+00,1.340931165366e-03,1.461614970249e-01,2.732041815949e+02,2.718146057129e+02,0.000000000000e+00,1.757407407407e-01,4.720139028180e+03,5.550381561248e+04,1.090000000000e+02
6.270000000000e+02,1.034797868021e+08,2.805563998821e+01,9.384766709280e+04,1.050578485229e-01,1.476285865937e+02,-3.649858167503e-04,-3.978345402578e-02,0.000000000000e+00,4.481310809208e+03,4.481010432115e+03,0.000000000000e+00,0.000000000000e+00,0.000000000000e+00,0.000000000000e+00,1.337063452289e-03,1.457399162995e-01,2.731985197863e+02,2.714259948730e+02,0.000000000000e+00,1.852777777778e-01,4.481310809208e+03,5.550380284467e+04,1.090000000000e+02
6.280000000000e+02,1.034755000223e+08,2.785873816227e+01,1.057303252926e+05,1.154922139844e-01,1.512996211640e+02,-3.673066498544e-04,-4.003642483413e-02,0.000000000000e+00,4.286977106591e+03,4.286780204774e+03,0.000000000000e+00,0.000000000000e+00,0.000000000000e+00,0.000000000000e+00,1.596802379918e-03,1.740514594111e-01,2.731928425974e+02,2.707429199219e+02,0.000000000000e+00,1.945370370370e-01,4.286977106591e+03,5.550379000610e+04,1.090000000000e+02
6.290000000000e+02,1.034713876537e+08,2.755140102808e+01,1.186815028167e+05,1.271740281019e-01,1.542366499647e+02,-3.562808835692e-04,-3.883461630904e-02,0.000000000000e+00,4.112676133645e+03,4.112368796514e+03,0.000000000000e+00,0.000000000000e+00,0.000000000000e+00,0.000000000000e+00,1.784425930530e-03,1.945024264277e-01,2.731891962805e+02,2.704045104980e+02,0.000000000000e+00,2.027777777778e-01,4.112676133645e+03,5.550378174130e+04,1.090000000000e+02
6.300000000000e+02,1.034674391621e+08,2.739079209890e+01,1.315492967762e+05,1.382661922968e-01,1.572476910417e+02,-3.579175266520e-04,-3.901301040507e-02,0.000000000000e+00,3.948652177080e+03,3.948491568143e+03,0.000000000000e+00,0.000000000000e+00,0.000000000000e+00,0.000000000000e+00,1.769024535805e-03,1.928236744028e-01,2.731857402056e+02,2.700735168457e+02,0.000000000000e+00,2.116666666667e-01,3.948652177080e+03,5.550377389445e+04,1.090000000000e+02
6.310000000000e+02,1.034636201654e+08,2.759062381774e+01,1.451438551991e+05,1.497646018361e-01,1.601799129549e+02,-3.593674883299e-04,-3.917105622796e-02,0.000000000000e+00,3.818797566624e+03,3.818997398332e+03,0.000000000000e+00,0.000000000000e+00,0.000000000000e+00,0.000000000000e+00,1.887704995955e-03,2.057598445591e-01,2.731804490555e+02,2.694647521973e+02,0.000000000000e+00,2.204629629629e-01,3.818797566624e+03,5.550376185511e+04,1.090000000000e+02
6.320000000000e+02,1.034599091251e+08,2.818305169758e+01,1.568694336275e+05,1.582982220737e-01,1.637894303434e+02,-3.459888603612e-04,-3.771278577937e-02,0.000000000000e+00,3.710448282302e+03,3.711040710182e+03,0.000000000000e+00,0.000000000000e+00,0.000000000000e+00,0.000000000000e+00,1.592158062734e-03,1.735452288380e-01,2.731733011683e+02,2.685157775879e+02,0.000000000000e+00,2.293518518518e-01,3.710448282302e+03,5.550374554087e+04,1.090000000000e+02
6.330000000000e+02,1.034563059439e+08,2.869112327263e+01,1.669831686718e+05,1.650122628038e-01,1.672568237494e+02,-3.237996935676e-04,-3.529416659887e-02,0.000000000000e+00,3.602673324698e+03,3.603181396279e+03,0.000000000000e+00,0.000000000000e+00,0.000000000000e+00,0.000000000000e+00,1.347924348385e-03,1.469237539739e-01,2.731675661724e+02,2.681567382813e+02,0.000000000000e+00,2.376851851852e-01,3.602673324698e+03,5.550373240945e+04,1.090000000000e+02
6.340000000000e+02,1.034528008108e+08,2.920517952934e+01,1.796444579985e+05,1.761089406790e-01,1.686021382185e+02,-3.178905696585e-04,-3.465007209277e-02,0.000000000000e+00,3.504619688880e+03,3.505133745140e+03,0.000000000000e+00,0.000000000000e+00,0.000000000000e+00,0.000000000000e+00,1.774923710415e-03,1.934666844352e-01,2.731621783288e+02,2.678457641602e+02,0.000000000000e+00,2.464814814815e-01,3.504619688880e+03,5.550372003925e+04,1.090000000000e+02
6.350000000000e+02,1.034493776687e+08,3.021947047621e+01,1.917658958635e+05,1.841203267296e-01,1.721484198223e+02,-3.114459082857e-04,-3.394760400314e-02,0.000000000000e+00,3.422127801119e+03,3.423142092064e+03,0.000000000000e+00,0.000000000000e+00,0.000000000000e+00,0.000000000000e+00,1.692138546099e-03,1.844431015248e-01,2.731547306654e+02,2.672311096191e+02,0.000000000000e+00,2.549074074074e-01,3.422127801119e+03,5.550370288702e+04,1.090000000000e+02
6.360000000000e+02,1.034460161776e+08,3.108457537609e+01,2.022697301840e+05,1.908521145918e-01,1.751739175897e+02,-3.056975122540e-04,-3.332102883569e-02,0.000000000000e+00,3.360625999397e+03,3.361491104304e+03,0.000000000000e+00,0.000000000000e+00,0.000000000000e+00,0.000000000000e+00,1.430508651791e-03,1.559254430453e-01,2.731491824787e+02,2.670113830566e+02,0.000000000000e+00,2.626851851852e-01,3.360625999397e+03,5.550369006892e+04,1.090000000000e+02
6.370000000000e+02,1.034427102470e+08,3.183672230618e+01,2.127328946890e+05,1.971686555213e-01,1.783339696714e+02,-3.017624234907e-04,-3.289210416049e-02,0.000000000000e+00,3.305177818127e+03,3.305929965063e+03,0.000000000000e+00,0.000000000000e+00,0.000000000000e+00,0.000000000000e+00,1.427722359646e-03,1.556217372014e-01,2.731448084323e+02,2.674907226563e+02,0.000000000000e+00,2.712037037037e-01,3.305177818127e+03,5.550367993893e+04,1.090000000000e+02
6.380000000000e+02,1.034394586591e+08,3.273354572078e+01,2.240455049187e+05,2.049872496462e-01,1.806542723867e+02,-3.073610663453e-04,-3.350235623164e-02,0.000000000000e+00,3.250690411870e+03,3.251587235288e+03,0.000000000000e+00,0.000000000000e+00,0.000000000000e+00,0.000000000000e+00,1.562520370708e-03,1.703147204072e-01,2.731402381407e+02,2.673902587891e+02,0.000000000000e+00,2.801851851852e-01,3.250690411870e+03,5.550366933115e+04,1.090000000000e+02
6.390000000000e+02,1.034362602610e+08,3.384975835759e+01,2.342931859799e+05,2.114230098963e-01,1.831671375792e+02,-2.978936676050e-04,-3.247040976895e-02,0.000000000000e+00,3.197281996774e+03,3.198398209419e+03,0.000000000000e+00,0.000000000000e+00,0.000000000000e+00,0.000000000000e+00,1.395974119493e-03,1.521611790247e-01,2.731351687850e+02,2.672338867188e+02,0.000000000000e+00,2.881481481481e-01,3.197281996774e+03,5.550365753737e+04,1.090000000000e+02
6.400000000000e+02,1.034331104808e+08,3.538321024845e+01,2.427846780442e+05,2.159151566695e-01,1.858571982969e+02,-2.973986937007e-04,-3.241645761337e-02,0.000000000000e+00,3.148246257204e+03,3.149779709090e+03,0.000000000000e+00,0.000000000000e+00,0.000000000000e+00,0.000000000000e+00,1.106187678957e-03,1.205744570063e-01,2.731290385756e+02,2.668755798340e+02,0.000000000000e+00,2.964814814815e-01,3.148246257204e+03,5.550364323745e+04,1.090000000000e+02
6.410000000000e+02,1.034300033139e+08,3.651960969173e+01,2.565584408467e+05,2.260895164842e-01,1.875634513513e+02,-3.111100068432e-04,-3.391099074591e-02,0.000000000000e+00,3.106030710295e+03,3.107167109739e+03,0.000000000000e+00,0.000000000000e+00,0.000000000000e+00,0.000000000000e+00,1.965591004265e-03,2.142494194649e-01,2.731248078322e+02,2.667943420410e+02,0.000000000000e+00,3.039814814815e-01,3.106030710295e+03,5.550363334345e+04,1.090000000000e+02
6.420000000000e+02,1.034269297646e+08,3.827478953748e+01,2.703665356590e+05,2.359671470881e-01,1.893846317600e+02,-3.207903121403e-04,-3.496614402329e-02,0.000000000000e+00,3.071793494767e+03,3.073548674612e+03,0.000000000000e+00,0.000000000000e+00,0.000000000000e+00,0.000000000000e+00,1.961589715506e-03,2.138132789902e-01,2.731187608612e+02,2.665367736816e+02,0.000000000000e+00,3.130555555555e-01,3.071793494767e+03,5.550361916775e+04,1.090000000000e+02
6.430000000000e+02,1.034238936091e+08,4.123668231123e+01,2.821640955910e+05,2.437144564562e-01,1.913659575006e+02,-2.982198689543e-04,-3.250596571602e-02,0.000000000000e+00,3.033192835719e+03,3.036154728503e+03,0.000000000000e+00,0.000000000000e+00,0.000000000000e+00,0.000000000000e+00,1.651840338772e-03,1.800505969261e-01,2.731104740356e+02,2.658544006348e+02,0.000000000000e+00,3.214814814815e-01,3.033192835719e+03,5.550359967484e+04,1.090000000000e+02
6.440000000000e+02,1.034208935669e+08,4.588506201598e+01,2.933811450762e+05,2.506896588344e-01,1.934375743115e+02,-2.845834880140e-04,-3.101960019353e-02,0.000000000000e+00,2.995393897608e+03,3.000042277299e+03,0.000000000000e+00,0.000000000000e+00,0.000000000000e+00,0.000000000000e+00,1.569529486704e-03,1.710787140507e-01,2.730996645462e+02,2.650914611816e+02,0.000000000000e+00,3.294444444444e-01,2.995393897608e+03,5.550357413199e+04,1.090000000000e+02
6.450000000000e+02,1.034179278743e+08,5.141168544691e+01,3.028465311049e+05,2.556637322453e-01,1.957939447118e+02,-2.716943995468e-04,-2.961468955060e-02,0.000000000000e+00,2.960166476041e+03,2.965693099475e+03,0.000000000000e+00,0.000000000000e+00,0.000000000000e+00,0.000000000000e+00,1.292882250840e-03,1.409241653415e-01,2.730895897016e+02,2.644819641113e+02,0.000000000000e+00,3.385185185185e-01,2.960166476041e+03,5.550355020632e+04,1.090000000000e+02
6.460000000000e+02,1.034149919033e+08,5.708981706422e+01,3.119531505436e+05,2.603937242271e-01,1.980182702590e+02,-2.526494685218e-04,-2.753879206888e-02,0.000000000000e+00,2.930293049585e+03,2.935971181192e+03,0.000000000000e+00,0.000000000000e+00,0.000000000000e+00,0.000000000000e+00,1.252623672446e-03,1.365359802966e-01,2.730812084388e+02,2.644597473145e+02,0.000000000000e+00,3.463888888889e-01,2.930293049585e+03,5.550353021497e+04,1.090000000000e+02
6.470000000000e+02,1.034120789618e+08,6.264067815406e+01,3.223097781241e+05,2.660821462709e-01,2.002187380461e+02,-2.639551544072e-04,-2.877111183039e-02,0.000000000000e+00,2.907391945434e+03,2.912942806533e+03,0.000000000000e+00,0.000000000000e+00,0.000000000000e+00,0.000000000000e+00,1.447931398789e-03,1.578245224680e-01,2.730742639238e+02,2.643859558105e+02,0.000000000000e+00,3.550925925926e-01,2.907391945434e+03,5.550351359019e+04,1.090000000000e+02
6.480000000000e+02,1.034091889290e+08,7.085900670420e+01,3.326032264883e+05,2.719597772063e-01,2.021479635959e+02,-2.659172934371e-04,-2.898498498464e-02,0.000000000000e+00,2.881814162851e+03,2.890032491403e+03,0.000000000000e+00,0.000000000000e+00,0.000000000000e+00,0.000000000000e+00,1.435542022983e-03,1.564740805052e-01,2.730623539097e+02,2.635574340820e+02,0.000000000000e+00,3.641666666666e-01,2.881814162851e+03,5.550348495287e+04,1.090000000000e+02
6.490000000000e+02,1.034063294778e+08,8.285363694344e+01,3.411597054975e+05,2.765200898101e-01,2.039291001758e+02,-2.463232075637e-04,-2.684922962444e-02,0.000000000000e+00,2.847456766287e+03,2.859451396539e+03,0.000000000000e+00,0.000000000000e+00,0.000000000000e+00,0.000000000000e+00,1.168032099644e-03,1.273154988612e-01,2.730491807047e+02,2.634318237305e+02,0.000000000000e+00,3.733333333333e-01,2.847456766287e+03,5.550345309110e+04,1.090000000000e+02
6.500000000000e+02,1.034034965359e+08,9.712049360731e+01,3.498206513859e+05,2.807753573491e-01,2.059373679486e+02,-2.297105870179e-04,-2.503845398495e-02,0.000000000000e+00,2.818674889685e+03,2.832941746342e+03,0.000000000000e+00,0.000000000000e+00,0.000000000000e+00,0.000000000000e+00,1.201911570030e-03,1.310083611332e-01,2.730367074505e+02,2.631764831543e+02,0.000000000000e+00,3.822222222222e-01,2.818674889685e+03,5.550342273984e+04,1.090000000000e+02
6.510000000000e+02,1.034006827346e+08,1.122102565932e+02,3.595725518013e+05,2.856739730886e-01,2.080487224139e+02,-2.258462224038e-04,-2.461723824201e-02,0.000000000000e+00,2.798712260339e+03,2.813802023325e+03,0.000000000000e+00,0.000000000000e+00,0.000000000000e+00,0.000000000000e+00,1.386117797049e-03,1.510868398783e-01,2.730264421127e+02,2.627090454102e+02,0.000000000000e+00,3.909259259259e-01,2.798712260339e+03,5.550339762764e+04,1.090000000000e+02
6.520000000000e+02,1.033978906042e+08,1.333866967815e+02,3.677856289307e+05,2.894312320758e-01,2.100386484794e+02,-2.121501878744e-04,-2.312437047830e-02,0.000000000000e+00,2.770953631681e+03,2.792130071871e+03,0.000000000000e+00,0.000000000000e+00,0.000000000000e+00,0.000000000000e+00,1.145466723679e-03,1.248558728810e-01,2.730053394943e+02,2.621520385742e+02,0.000000000000e+00,3.999074074074e-01,2.770953631681e+03,5.550334563069e+04,1.090000000000e+02
6.530000000000e+02,1.033951306618e+08,1.641831282364e+02,3.746307978877e+05,2.919165017404e-01,2.121267132627e+02,-1.942195335884e-04,-2.116992916114e-02,0.000000000000e+00,2.729146792058e+03,2.759943223517e+03,0.000000000000e+00,0.000000000000e+00,0.000000000000e+00,0.000000000000e+00,9.373053326000e-04,1.021662812534e-01,2.729817091970e+02,2.611498107910e+02,0.000000000000e+00,4.087037037037e-01,2.729146792058e+03,5.550328680597e+04,1.090000000000e+02
6.540000000000e+02,1.033923930965e+08,1.946331098761e+02,3.834119276548e+05,2.963716583553e-01,2.138355420894e+02,-2.102105177235e-04,-2.291294643186e-02,0.000000000000e+00,2.707115416206e+03,2.737565397848e+03,0.000000000000e+00,0.000000000000e+00,0.000000000000e+00,0.000000000000e+00,1.241281246394e-03,1.352996558570e-01,2.729715526100e+02,2.612925415039e+02,0.000000000000e+00,4.170370370370e-01,2.707115416206e+03,5.550326132414e+04,1.090000000000e+02
6.550000000000e+02,1.033896642681e+08,2.263818283202e+02,3.914926548469e+05,3.000714891550e-01,2.156504459693e+02,-2.186537095501e-04,-2.383325434096e-02,0.000000000000e+00,2.697081138447e+03,2.728829856892e+03,0.000000000000e+00,0.000000000000e+00,0.000000000000e+00,0.000000000000e+00,1.117086293625e-03,1.217624060051e-01,2.729543529674e+02,2.609349670410e+02,0.000000000000e+00,4.250000000000e-01,2.697081138447e+03,5.550321790506e+04,1.090000000000e+02
6.560000000000e+02,1.033869529201e+08,2.672492181980e+02,3.980261409016e+05,3.023578593554e-01,2.175917859062e+02,-1.966450387615e-04,-2.143430922500e-02,0.000000000000e+00,2.670480525564e+03,2.711347915445e+03,0.000000000000e+00,0.000000000000e+00,0.000000000000e+00,0.000000000000e+00,8.833767387947e-04,9.628806452863e-02,2.729283947761e+02,2.602474670410e+02,0.000000000000e+00,4.326944444444e-01,2.670480525564e+03,5.550315174231e+04,1.090000000000e+02
6.570000000000e+02,1.033842606702e+08,3.133691124427e+02,4.065587640124e+05,3.065935280355e-01,2.191861306530e+02,-1.883337369317e-04,-2.052837732555e-02,0.000000000000e+00,2.646130267237e+03,2.692250161483e+03,0.000000000000e+00,0.000000000000e+00,0.000000000000e+00,0.000000000000e+00,1.222116379818e-03,1.332106854001e-01,2.729086885095e+02,2.592016906738e+02,0.000000000000e+00,4.400282407407e-01,2.646130267237e+03,5.550310100486e+04,1.090000000000e+02
6.580000000000e+02,1.033815794704e+08,3.626235238800e+02,4.140710415011e+05,3.098252839347e-01,2.209079273384e+02,-1.822311522937e-04,-1.986319560001e-02,0.000000000000e+00,2.631946407999e+03,2.681200819441e+03,0.000000000000e+00,0.000000000000e+00,0.000000000000e+00,0.000000000000e+00,1.059572725470e-03,1.154934270762e-01,2.728879119184e+02,2.587669372559e+02,0.000000000000e+00,4.467967592592e-01,2.631946407999e+03,5.550304703184e+04,1.090000000000e+02
6.590000000000e+02,1.033789093815e+08,4.154077201775e+02,4.202788898651e+05,3.118757457367e-01,2.227459201853e+02,-1.824211145079e-04,-1.988390148136e-02,0.000000000000e+00,2.617305299480e+03,2.670089495779e+03,0.000000000000e+00,0.000000000000e+00,0.000000000000e+00,0.000000000000e+00,8.437597742317e-04,9.196981539126e-02,2.728708197499e+02,2.591825561523e+02,0.000000000000e+00,4.544375231481e-01,2.617305299480e+03,5.550300225625e+04,1.090000000000e+02
6.600000000000e+02,1.033762486636e+08,4.701432744451e+02,4.276047237989e+05,3.150268664035e-01,2.243619175425e+02,-1.890479229727e-04,-2.060622360402e-02,0.000000000000e+00,2.605983586048e+03,2.660719140317e+03,0.000000000000e+00,0.000000000000e+00,0.000000000000e+00,0.000000000000e+00,1.021929155841e-03,1.113902779866e-01,2.728548341742e+02,2.589403686523e+02,0.000000000000e+00,4.605052094907e-01,2.605983586048e+03,5.550296007485e+04,1.090000000000e+02
6.610000000000e+02,1.033736018214e+08,5.303143875274e+02,4.357105575021e+05,3.188895003171e-01,2.258461644318e+02,-1.856255526033e-04,-2.023318523376e-02,0.000000000000e+00,2.586671427869e+03,2.646842540952e+03,0.000000000000e+00,0.000000000000e+00,0.000000000000e+00,0.000000000000e+00,1.154298065738e-03,1.258184891655e-01,2.728312799788e+02,2.588750610352e+02,0.000000000000e+00,4.672200474537e-01,2.586671427869e+03,5.550289738704e+04,1.090000000000e+02
6.620000000000e+02,1.033714578838e+08,6.801753565480e+02,4.430081783404e+05,3.219864520201e-01,2.274205394707e+02,-1.745650621349e-04,-1.902759177271e-02,0.000000000000e+00,1.994077129750e+03,2.143938098772e+03,0.000000000000e+00,0.000000000000e+00,0.000000000000e+00,0.000000000000e+00,1.031792164651e-03,1.124653459470e-01,2.728044907727e+02,2.585750122070e+02,0.000000000000e+00,4.699129711227e-01,1.994077129750e+03,5.550282475073e+04,1.090000000000e+02
6.630000000000e+02,1.033694480471e+08,8.878642244007e+02,4.494313764287e+05,3.243357327897e-01,2.290469875968e+02,-1.729245816296e-04,-1.884877939763e-02,0.000000000000e+00,1.802148316701e+03,2.009837184554e+03,0.000000000000e+00,0.000000000000e+00,0.000000000000e+00,0.000000000000e+00,8.888551237471e-04,9.688520848844e-02,2.727879884220e+02,2.581688537598e+02,0.000000000000e+00,4.734796609375e-01,1.802148316701e+03,5.550277993834e+04,1.090000000000e+02
6.640000000000e+02,1.033672374591e+08,1.050750445519e+03,4.558335814970e+05,3.266897778121e-01,2.306358655913e+02,-1.873916644229e-04,-2.042569142210e-02,0.000000000000e+00,2.047704152191e+03,2.210590373310e+03,0.000000000000e+00,0.000000000000e+00,0.000000000000e+00,0.000000000000e+00,8.708579629063e-04,9.492351795678e-02,2.727888142318e+02,2.584033508301e+02,0.000000000000e+00,4.779549159751e-01,2.047704152191e+03,5.550278221079e+04,1.090000000000e+02
6.650000000000e+02,1.033649555502e+08,1.200527824694e+03,4.621897662671e+05,3.290405182313e-01,2.321813301687e+02,-1.984075874560e-04,-2.162642703270e-02,0.000000000000e+00,2.132132043088e+03,2.281909422264e+03,0.000000000000e+00,0.000000000000e+00,0.000000000000e+00,0.000000000000e+00,8.522666904860e-04,9.289706926297e-02,2.727800832616e+02,2.589501037598e+02,0.000000000000e+00,4.820054958362e-01,2.132132043088e+03,5.550275837140e+04,1.090000000000e+02
6.660000000000e+02,1.033626459451e+08,1.354018208005e+03,4.708300775147e+05,3.334581793089e-01,2.333886148537e+02,-1.909077403191e-04,-2.080894369478e-02,0.000000000000e+00,2.156117011469e+03,2.309607394781e+03,0.000000000000e+00,0.000000000000e+00,0.000000000000e+00,0.000000000000e+00,1.237360531359e-03,1.348722979181e-01,2.727613952277e+02,2.585108337402e+02,0.000000000000e+00,4.874084546558e-01,2.156117011469e+03,5.550270702586e+04,1.090000000000e+02
6.670000000000e+02,1.033603468608e+08,1.499884882766e+03,4.799104093645e+05,3.381753452869e-01,2.345715145201e+02,-1.868882491478e-04,-2.037081915711e-02,0.000000000000e+00,2.153220743320e+03,2.299087418080e+03,0.000000000000e+00,0.000000000000e+00,0.000000000000e+00,0.000000000000e+00,1.314061439072e-03,1.432326968589e-01,2.727561460876e+02,2.590639648437e+02,0.000000000000e+00,4.920145900725e-01,2.153220743320e+03,5.550269250668e+04,1.090000000000e+02
6.680000000000e+02,1.033585363366e+08,1.850691628928e+03,4.867221043178e+05,3.409264592204e-01,2.359814778982e+02,-1.805433723086e-04,-1.967922758164e-02,0.000000000000e+00,1.459714138448e+03,1.810520884609e+03,0.000000000000e+00,0.000000000000e+00,0.000000000000e+00,0.000000000000e+00,9.454807661799e-04,1.030574035136e-01,2.727365598416e+02,2.579129638672e+02,0.000000000000e+00,4.931029514627e-01,1.459714138448e+03,5.550263739892e+04,1.090000000000e+02
6.690000000000e+02,1.033565002422e+08,2.125023989078e+03,4.924413362428e+05,3.427303978524e-01,2.374979225228e+02,-1.594374522906e-04,-1.737868229967e-02,0.000000000000e+00,1.761762680141e+03,2.036095040289e+03,0.000000000000e+00,0.000000000000e+00,0.000000000000e+00,0.000000000000e+00,7.859820655225e-04,8.567204514195e-02,2.727222660496e+02,2.584201660156e+02,0.000000000000e+00,4.960935834650e-01,1.761762680141e+03,5.550259741885e+04,1.090000000000e+02
6.700000000000e+02,1.033544144123e+08,2.383545020015e+03,4.982683879501e+05,3.446666658809e-01,2.389584309311e+02,-1.454404840651e-04,-1.585301276310e-02,0.000000000000e+00,1.827308059714e+03,2.085829090649e+03,0.000000000000e+00,0.000000000000e+00,0.000000000000e+00,0.000000000000e+00,8.177986553219e-04,8.914005343009e-02,2.727086692499e+02,2.589536132812e+02,0.000000000000e+00,5.013581167470e-01,1.827308059714e+03,5.550255914742e+04,1.090000000000e+02
6.710000000000e+02,1.033523058241e+08,2.638697895055e+03,5.048663874647e+05,3.472745162051e-01,2.403046730412e+02,-1.609201471441e-04,-1.754029603870e-02,0.000000000000e+00,1.853435980310e+03,2.108588855348e+03,0.000000000000e+00,0.000000000000e+00,0.000000000000e+00,0.000000000000e+00,9.297650150933e-04,1.013443866452e-01,2.726950467549e+02,2.585171508789e+02,0.000000000000e+00,5.054598598605e-01,1.853435980310e+03,5.550252057187e+04,1.090000000000e+02
6.720000000000e+02,1.033503108690e+08,3.047645169925e+03,5.111789013864e+05,3.496437557604e-01,2.416609055319e+02,-1.620216029925e-04,-1.766035472618e-02,0.000000000000e+00,1.586007115967e+03,1.994954390835e+03,0.000000000000e+00,0.000000000000e+00,0.000000000000e+00,0.000000000000e+00,8.815132314110e-04,9.608494222380e-02,2.726722482835e+02,2.571536254883e+02,0.000000000000e+00,5.088334299918e-01,1.586007115967e+03,5.550245450174e+04,1.090000000000e+02
6.730000000000e+02,1.033483288044e+08,3.482687974403e+03,5.172911044903e+05,3.518916485743e-01,2.429888165461e+02,-1.343523916635e-04,-1.464441069132e-02,0.000000000000e+00,1.547020513945e+03,1.982063318424e+03,0.000000000000e+00,0.000000000000e+00,0.000000000000e+00,0.000000000000e+00,8.761516585132e-04,9.550053077794e-02,2.726315363240e+02,2.567618103027e+02,0.000000000000e+00,5.136171121127e-01,1.547020513945e+03,5.550233667393e+04,1.090000000000e+02
6.740000000000e+02,1.033463274073e+08,3.942932539617e+03,5.234023760985e+05,3.541158483861e-01,2.443160809180e+02,-1.201817517746e-04,-1.309981094343e-02,0.000000000000e+00,1.541151089735e+03,2.001395654948e+03,0.000000000000e+00,0.000000000000e+00,0.000000000000e+00,0.000000000000e+00,8.902753603679e-04,9.704001428010e-02,2.725695320565e+02,2.555773773193e+02,0.000000000000e+00,5.183161683552e-01,1.541151089735e+03,5.550215330906e+04,1.090000000000e+02
6.750000000000e+02,1.033443495180e+08,4.475499428880e+03,5.284359726685e+05,3.554565161808e-01,2.457357028979e+02,-1.139107153519e-04,-1.241626797336e-02,0.000000000000e+00,1.445322719336e+03,1.977889608597e+03,0.000000000000e+00,0.000000000000e+00,0.000000000000e+00,0.000000000000e+00,7.182478470429e-04,7.828901532767e-02,2.725452409929e+02,2.548891906738e+02,0.000000000000e+00,5.231679920240e-01,1.445322719336e+03,5.550207836831e+04,1.090000000000e+02
6.760000000000e+02,1.033424391654e+08,5.146878558428e+03,5.326701653286e+05,3.561550564139e-01,2.472191427691e+02,-1.132158409900e-04,-1.234052666791e-02,0.000000000000e+00,1.238975852270e+03,1.910354981810e+03,0.000000000000e+00,0.000000000000e+00,0.000000000000e+00,0.000000000000e+00,5.867682409613e-04,6.395773826478e-02,2.725273876408e+02,2.553917236328e+02,0.000000000000e+00,5.275600806738e-01,1.238975852270e+03,5.550202421047e+04,1.090000000000e+02
6.770000000000e+02,1.033405012017e+08,5.714347370910e+03,5.367221776879e+05,3.567379372785e-01,2.486926996673e+02,-1.087925128207e-04,-1.185838389745e-02,0.000000000000e+00,1.370494745133e+03,1.937963557611e+03,0.000000000000e+00,0.000000000000e+00,0.000000000000e+00,0.000000000000e+00,5.609730296329e-04,6.114606022998e-02,2.725311811691e+02,2.556392517090e+02,0.000000000000e+00,5.321245629214e-01,1.370494745133e+03,5.550203579721e+04,1.090000000000e+02
6.780000000000e+02,1.033385561003e+08,6.233776373978e+03,5.412724270492e+05,3.577733649693e-01,2.500751778684e+02,-9.325584236460e-05,-1.016488681774e-02,0.000000000000e+00,1.425672498645e+03,1.945101501708e+03,0.000000000000e+00,0.000000000000e+00,0.000000000000e+00,0.000000000000e+00,6.588552442324e-04,7.181522162133e-02,2.725374098404e+02,2.564550170898e+02,0.000000000000e+00,5.361396154510e-01,1.425672498645e+03,5.550205477517e+04,1.090000000000e+02
6.790000000000e+02,1.033367242494e+08,6.975925426480e+03,5.470224874759e+05,3.598372366697e-01,2.512822357927e+02,-1.121398852352e-04,-1.222324749063e-02,0.000000000000e+00,1.089698715164e+03,1.831847767663e+03,0.000000000000e+00,0.000000000000e+00,0.000000000000e+00,0.000000000000e+00,8.383322337110e-04,9.137821347449e-02,2.725387859537e+02,2.569036560059e+02,0.000000000000e+00,5.407539392157e-01,1.089698715164e+03,5.550205730204e+04,1.090000000000e+02
6.800000000000e+02,1.033348562128e+08,7.632171558133e+03,5.538632301149e+05,3.628248314434e-01,2.523300718029e+02,-1.476045785234e-04,-1.608889905905e-02,0.000000000000e+00,1.211792277623e+03,1.868038409272e+03,0.000000000000e+00,0.000000000000e+00,0.000000000000e+00,0.000000000000e+00,9.833008919495e-04,1.071797972225e-01,2.725084243345e+02,2.563990478516e+02,0.000000000000e+00,5.448327598175e-01,1.211792277623e+03,5.550196441822e+04,1.090000000000e+02
6.810000000000e+02,1.033329885661e+08,8.339707801666e+03,5.600708720680e+05,3.652464733110e-01,2.534673723923e+02,-1.630966570744e-04,-1.777753562111e-02,0.000000000000e+00,1.160109532879e+03,1.867645776409e+03,0.000000000000e+00,0.000000000000e+00,0.000000000000e+00,0.000000000000e+00,8.633459741446e-04,9.410471118176e-02,2.724433999442e+02,2.548158111572e+02,0.000000000000e+00,5.507582184465e-01,1.160109532879e+03,5.550176164860e+04,1.090000000000e+02
6.820000000000e+02,1.033312145606e+08,9.320015909410e+03,5.656940463006e+05,3.672209795830e-01,2.546365056360e+02,-1.456721900107e-04,-1.587826871117e-02,0.000000000000e+00,7.936978878857e+02,1.774005995624e+03,0.000000000000e+00,0.000000000000e+00,0.000000000000e+00,0.000000000000e+00,7.841306389579e-04,8.547023964641e-02,2.723882164735e+02,2.542895660400e+02,0.000000000000e+00,5.559037459053e-01,7.936978878857e+02,5.550158312893e+04,1.090000000000e+02
6.830000000000e+02,1.033294191923e+08,1.020169709157e+04,5.711013108661e+05,3.690296263332e-01,2.558112489722e+02,-1.229554849158e-04,-1.340214785582e-02,0.000000000000e+00,9.136864562587e+02,1.795367638416e+03,0.000000000000e+00,0.000000000000e+00,0.000000000000e+00,0.000000000000e+00,7.711044545474e-04,8.405038554567e-02,2.723435953819e+02,2.535805053711e+02,0.000000000000e+00,5.615926629915e-01,9.136864562587e+02,5.550143803730e+04,1.090000000000e+02
6.840000000000e+02,1.033276582261e+08,1.119321685032e+04,5.760064799487e+05,3.704395813121e-01,2.570266818063e+02,-1.070584835984e-04,-1.166937471222e-02,0.000000000000e+00,7.694467876814e+02,1.760966546424e+03,0.000000000000e+00,0.000000000000e+00,0.000000000000e+00,0.000000000000e+00,7.038642271207e-04,7.672120075616e-02,2.723260046770e+02,2.533937225342e+02,0.000000000000e+00,5.664888417653e-01,7.694467876814e+02,5.550137720810e+04,1.090000000000e+02
6.850000000000e+02,1.033259169790e+08,1.217337246029e+04,5.816630705753e+05,3.724893643613e-01,2.581227597335e+02,-8.933634788938e-05,-9.737661919942e-03,0.000000000000e+00,7.610920787518e+02,1.741247688719e+03,0.000000000000e+00,0.000000000000e+00,0.000000000000e+00,0.000000000000e+00,8.457874571383e-04,9.219083282807e-02,2.723094346640e+02,2.537482757568e+02,0.000000000000e+00,5.719408702287e-01,7.610920787518e+02,5.550132267615e+04,1.090000000000e+02
6.860000000000e+02,1.033241725215e+08,1.310096960793e+04,5.873397814205e+05,3.745382660544e-01,2.592167905557e+02,-8.626280020718e-05,-9.402645222582e-03,0.000000000000e+00,8.168592947911e+02,1.744456442434e+03,0.000000000000e+00,0.000000000000e+00,0.000000000000e+00,0.000000000000e+00,8.523516640817e-04,9.290633138490e-02,2.722639798345e+02,2.536108703613e+02,0.000000000000e+00,5.777470516411e-01,8.168592947911e+02,5.550117066255e+04,1.090000000000e+02
6.870000000000e+02,1.033224882068e+08,1.426785442605e+04,5.916227224026e+05,3.755072593425e-01,2.604339517966e+02,-1.035112250421e-04,-1.128272352958e-02,0.000000000000e+00,5.174299848479e+02,1.684314802970e+03,0.000000000000e+00,0.000000000000e+00,0.000000000000e+00,0.000000000000e+00,6.047234172655e-04,6.591485248193e-02,2.722215592728e+02,2.532135467529e+02,0.000000000000e+00,5.837124684884e-01,5.174299848479e+02,5.550102316724e+04,1.090000000000e+02
6.880000000000e+02,1.033207933501e+08,1.528835130285e+04,5.960359899831e+05,3.765916077530e-01,2.616214811186e+02,-1.171526304360e-04,-1.276963671752e-02,0.000000000000e+00,6.743654963958e+02,1.694862373202e+03,0.000000000000e+00,0.000000000000e+00,0.000000000000e+00,0.000000000000e+00,6.124501248576e-04,6.675706360948e-02,2.722053723799e+02,2.543534698486e+02,0.000000000000e+00,5.891665083746e-01,6.743654963958e+02,5.550096802059e+04,1.090000000000e+02
6.890000000000e+02,1.033191577735e+08,1.643799845827e+04,6.011358257659e+05,3.782272822984e-01,2.627185090602e+02,-1.239179737584e-04,-1.350705913967e-02,0.000000000000e+00,4.859340054908e+02,1.635581160913e+03,0.000000000000e+00,0.000000000000e+00,0.000000000000e+00,0.000000000000e+00,7.189344336000e-04,7.836385326240e-02,2.722311168769e+02,2.540127410889e+02,0.000000000000e+00,5.952715649239e-01,4.859340054908e+02,5.550105358983e+04,1.090000000000e+02
6.900000000000e+02,1.033175243635e+08,1.750162407427e+04,6.062533436174e+05,3.799021644544e-01,2.637873031769e+02,-1.432050841910e-04,-1.560935417682e-02,0.000000000000e+00,5.697877456437e+02,1.633413361638e+03,0.000000000000e+00,0.000000000000e+00,0.000000000000e+00,0.000000000000e+00,7.028510858452e-04,7.661076835712e-02,2.722097408552e+02,2.534426269531e+02,0.000000000000e+00,6.005191084122e-01,5.697877456437e+02,5.550098076833e+04,1.090000000000e+02
6.910000000000e+02,1.033159073551e+08,1.870886438060e+04,6.121769405506e+05,3.822118645988e-01,2.647560508294e+02,-1.498542264962e-04,-1.633411068809e-02,0.000000000000e+00,4.097685717423e+02,1.617008878071e+03,0.000000000000e+00,0.000000000000e+00,0.000000000000e+00,0.000000000000e+00,8.296809925310e-04,9.043522818588e-02,2.721536426716e+02,2.525922546387e+02,0.000000000000e+00,6.079914231799e-01,4.097685717423e+02,5.550078196847e+04,1.090000000000e+02
6.920000000000e+02,1.033142979712e+08,1.998923995326e+04,6.183032589189e+05,3.846802469480e-01,2.656905982373e+02,-1.287425063337e-04,-1.403293319037e-02,0.000000000000e+00,3.290092058969e+02,1.609384778564e+03,0.000000000000e+00,0.000000000000e+00,0.000000000000e+00,0.000000000000e+00,8.842775986378e-04,9.638625825152e-02,2.721027261932e+02,2.525356140137e+02,0.000000000000e+00,6.149062158033e-01,3.290092058969e+02,5.550060068133e+04,1.090000000000e+02
6.930000000000e+02,1.033126975954e+08,2.130924897514e+04,6.238640269744e+05,3.867254372150e-01,2.666631755910e+02,-1.091240101971e-04,-1.189451711148e-02,0.000000000000e+00,2.803674201636e+02,1.600376442043e+03,0.000000000000e+00,0.000000000000e+00,0.000000000000e+00,0.000000000000e+00,8.103830404933e-04,8.833175141377e-02,2.720580887333e+02,2.526210479736e+02,0.000000000000e+00,6.220476715335e-01,2.803674201636e+02,5.550043723930e+04,1.090000000000e+02
6.940000000000e+02,1.033111170006e+08,2.260585204407e+04,6.286125085088e+05,3.881067513028e-01,2.677367511537e+02,-1.029928084682e-04,-1.122621612304e-02,0.000000000000e+00,2.839910287451e+02,1.580594097675e+03,0.000000000000e+00,0.000000000000e+00,0.000000000000e+00,0.000000000000e+00,6.820177774357e-04,7.433993774049e-02,2.720477917128e+02,2.526845245361e+02,0.000000000000e+00,6.283203013639e-01,2.839910287451e+02,5.550039857823e+04,1.090000000000e+02
6.950000000000e+02,1.033095647988e+08,2.380670313473e+04,6.329702861591e+05,3.892534125997e-01,2.687985643199e+02,-1.071847482351e-04,-1.168313755763e-02,0.000000000000e+00,3.513519176961e+02,1.552203008360e+03,0.000000000000e+00,0.000000000000e+00,0.000000000000e+00,0.000000000000e+00,6.131298341396e-04,6.683115192121e-02,2.720520436973e+02,2.531290130615e+02,0.000000000000e+00,6.360271591854e-01,3.513519176961e+02,5.550041646765e+04,1.090000000000e+02
6.960000000000e+02,1.033080563284e+08,2.508696802930e+04,6.376077899133e+05,3.905852367788e-01,2.698452196939e+02,-1.179090643143e-04,-1.285208801026e-02,0.000000000000e+00,2.282057640462e+02,1.508470658611e+03,0.000000000000e+00,0.000000000000e+00,0.000000000000e+00,0.000000000000e+00,6.488913139661e-04,7.072915322230e-02,2.720223137316e+02,2.527994995117e+02,0.000000000000e+00,6.423298309475e-01,2.282057640462e+02,5.550030585855e+04,1.090000000000e+02
6.970000000000e+02,1.033065561841e+08,2.633374004510e+04,6.425460957867e+05,3.921615423551e-01,2.708432217049e+02,-1.232544745956e-04,-1.343473773092e-02,0.000000000000e+00,2.533729564083e+02,1.500144972207e+03,0.000000000000e+00,0.000000000000e+00,0.000000000000e+00,0.000000000000e+00,6.934789940749e-04,7.558921035416e-02,2.719629969584e+02,2.526025085449e+02,0.000000000000e+00,6.502743278539e-01,2.533729564083e+02,5.550008567484e+04,1.090000000000e+02
6.980000000000e+02,1.033051304297e+08,2.757293390597e+04,6.477062858106e+05,3.939429977288e-01,2.717842742948e+02,-1.319592819837e-04,-1.438356173623e-02,0.000000000000e+00,1.865610313572e+02,1.425754892231e+03,0.000000000000e+00,0.000000000000e+00,0.000000000000e+00,0.000000000000e+00,7.212531023178e-04,7.861658815264e-02,2.719327379949e+02,2.523730163574e+02,0.000000000000e+00,6.569496109431e-01,1.865610313572e+02,5.549997156096e+04,1.090000000000e+02
6.990000000000e+02,1.033037116529e+08,2.881116784725e+04,6.525872601273e+05,3.955331378393e-01,2.727315256024e+02,-1.260175868267e-04,-1.373591696411e-02,0.000000000000e+00,1.805428031521e+02,1.418776744427e+03,0.000000000000e+00,0.000000000000e+00,0.000000000000e+00,0.000000000000e+00,6.808254166599e-04,7.420997041593e-02,2.719325786154e+02,2.532419433594e+02,0.000000000000e+00,6.646596965458e-01,1.805428031521e+02,5.549997057421e+04,1.090000000000e+02
7.000000000000e+02,1.033022994353e+08,3.005598626364e+04,6.571959810048e+05,3.968614585900e-01,2.737399144739e+02,-1.006891674798e-04,-1.097511925529e-02,0.000000000000e+00,1.673990462688e+02,1.412217462665e+03,0.000000000000e+00,0.000000000000e+00,0.000000000000e+00,0.000000000000e+00,6.617738739305e-04,7.213335225842e-02,2.718493993285e+02,2.523300018311e+02,0.000000000000e+00,6.718140428784e-01,1.673990462688e+02,5.549965032316e+04,1.090000000000e+02
7.010000000000e+02,1.033009396438e+08,3.126429645911e+04,6.615656573663e+05,3.980290810922e-01,2.747527087347e+02,-8.938370174185e-05,-9.742823489862e-03,0.000000000000e+00,1.514821971843e+02,1.359792392657e+03,0.000000000000e+00,0.000000000000e+00,0.000000000000e+00,0.000000000000e+00,6.333613592682e-04,6.903638816023e-02,2.717948268828e+02,2.516966857910e+02,0.000000000000e+00,6.786359974654e-01,1.514821971843e+02,5.549943795720e+04,1.090000000000e+02
7.020000000000e+02,1.032995785257e+08,3.246468836277e+04,6.660893175070e+05,3.993666583600e-01,2.757051508873e+02,-1.080127924595e-04,-1.177339437808e-02,0.000000000000e+00,1.607264237843e+02,1.361118327438e+03,0.000000000000e+00,0.000000000000e+00,0.000000000000e+00,0.000000000000e+00,6.398612409194e-04,6.974487526021e-02,2.717832136959e+02,2.519540557861e+02,0.000000000000e+00,6.874930985114e-01,1.607264237843e+02,5.549939151690e+04,1.090000000000e+02
7.030000000000e+02,1.032982238857e+08,3.365698318927e+04,6.701049695337e+05,4.002826804469e-01,2.767330622253e+02,-1.152853870076e-04,-1.256610718383e-02,0.000000000000e+00,1.623466454562e+02,1.354641471955e+03,0.000000000000e+00,0.000000000000e+00,0.000000000000e+00,0.000000000000e+00,5.487210068308e-04,5.981058974456e-02,2.717585220883e+02,2.524174652100e+02,0.000000000000e+00,6.963791425587e-01,1.623466454562e+02,5.549929239587e+04,1.090000000000e+02
7.040000000000e+02,1.032968848911e+08,3.482146160532e+04,6.746575467725e+05,4.016499980535e-01,2.776639965059e+02,-1.228977846862e-04,-1.339585853079e-02,0.000000000000e+00,1.745160138969e+02,1.338994429950e+03,0.000000000000e+00,0.000000000000e+00,0.000000000000e+00,0.000000000000e+00,6.293895807847e-04,6.860346430553e-02,2.717929210517e+02,2.536688690186e+02,0.000000000000e+00,7.043014623875e-01,1.745160138969e+02,5.549942896380e+04,1.090000000000e+02
7.050000000000e+02,1.032955661203e+08,3.595232319832e+04,6.805557862201e+05,4.040122043003e-01,2.784536062416e+02,-1.485586399639e-04,-1.619289175607e-02,0.000000000000e+00,1.879092306562e+02,1.318770823657e+03,0.000000000000e+00,0.000000000000e+00,0.000000000000e+00,0.000000000000e+00,8.263514147185e-04,9.007230420432e-02,2.718050143932e+02,2.541053009033e+02,0.000000000000e+00,7.128869191656e-01,1.879092306562e+02,5.549947656149e+04,1.090000000000e+02
7.060000000000e+02,1.032942618485e+08,3.707162510449e+04,6.863392907800e+05,4.062970002646e-01,2.792410158428e+02,-1.386392135723e-04,-1.511167427938e-02,0.000000000000e+00,1.849713561722e+02,1.304273262338e+03,0.000000000000e+00,0.000000000000e+00,0.000000000000e+00,0.000000000000e+00,8.174905200707e-04,8.910646668771e-02,2.717938954745e+02,2.542877807617e+02,0.000000000000e+00,7.223386598205e-01,1.849713561722e+02,5.549943221123e+04,1.090000000000e+02
7.070000000000e+02,1.032929754889e+08,3.816958009587e+04,6.910954746445e+05,4.078120592449e-01,2.801313580273e+02,-1.109510678758e-04,-1.209366639846e-02,0.000000000000e+00,1.884047219313e+02,1.286359713310e+03,0.000000000000e+00,0.000000000000e+00,0.000000000000e+00,0.000000000000e+00,6.752040875997e-04,7.359724554837e-02,2.718016670411e+02,2.553469085693e+02,0.000000000000e+00,7.315400168519e-01,1.884047219313e+02,5.549946255243e+04,1.090000000000e+02
7.080000000000e+02,1.032917041571e+08,3.925946981617e+04,6.949457297586e+05,4.086482151548e-01,2.811165233743e+02,-1.096112472648e-04,-1.194762595186e-02,0.000000000000e+00,1.814423133275e+02,1.271332033632e+03,0.000000000000e+00,0.000000000000e+00,0.000000000000e+00,0.000000000000e+00,5.272063101839e-04,5.746548781004e-02,2.717590416958e+02,2.539951934814e+02,0.000000000000e+00,7.408015638634e-01,1.814423133275e+02,5.549929241735e+04,1.090000000000e+02
7.090000000000e+02,1.032904423939e+08,4.035948619585e+04,6.989215738637e+05,4.096179423236e-01,2.820568146120e+02,-1.109311738215e-04,-1.209149794655e-02,0.000000000000e+00,1.617477385188e+02,1.261764118199e+03,0.000000000000e+00,0.000000000000e+00,0.000000000000e+00,0.000000000000e+00,5.468340619240e-04,5.960491274971e-02,2.716955304534e+02,2.536811370850e+02,0.000000000000e+00,7.512172321687e-01,1.617477385188e+02,5.549903459705e+04,1.090000000000e+02
7.100000000000e+02,1.032891937665e+08,4.145831237559e+04,7.033539417884e+05,4.109281734592e-01,2.829416926578e+02,-1.043317217541e-04,-1.137215767119e-02,0.000000000000e+00,1.498016206362e+02,1.248627800370e+03,0.000000000000e+00,0.000000000000e+00,0.000000000000e+00,0.000000000000e+00,6.288466407219e-04,6.854428383869e-02,2.716399064009e+02,2.542044982910e+02,0.000000000000e+00,7.610341871612e-01,1.498016206362e+02,5.549880435461e+04,1.090000000000e+02
7.110000000000e+02,1.032879572969e+08,4.256138313579e+04,7.085187393060e+05,4.127717859318e-01,2.837481299978e+02,-1.014181960723e-04,-1.105458337188e-02,0.000000000000e+00,1.333996893251e+02,1.236470449527e+03,0.000000000000e+00,0.000000000000e+00,0.000000000000e+00,0.000000000000e+00,7.530909521436e-04,8.208691378365e-02,2.715576860516e+02,2.526791687012e+02,0.000000000000e+00,7.702452174629e-01,1.333996893251e+02,5.549845722932e+04,1.090000000000e+02
7.120000000000e+02,1.032867257191e+08,4.369424346933e+04,7.130821653016e+05,4.141844816103e-01,2.846050893599e+02,-8.917088540325e-05,-9.719626508954e-03,0.000000000000e+00,9.871774978697e+01,1.231578083326e+03,0.000000000000e+00,0.000000000000e+00,0.000000000000e+00,0.000000000000e+00,6.666165148219e-04,7.266120011558e-02,2.714049067520e+02,2.513524322510e+02,0.000000000000e+00,7.830731175276e-01,9.871774978697e+01,5.549778988517e+04,1.090000000000e+02
7.130000000000e+02,1.032854994199e+08,4.484909939639e+04,7.161033354807e+05,4.144884646550e-01,2.856041125705e+02,-7.634549608040e-05,-8.321659072763e-03,0.000000000000e+00,7.143993642445e+01,1.226295863493e+03,0.000000000000e+00,0.000000000000e+00,0.000000000000e+00,0.000000000000e+00,4.242509335547e-04,4.624335175746e-02,2.712845583941e+02,2.503384704590e+02,0.000000000000e+00,7.958239799203e-01,7.143993642445e+01,5.549724263676e+04,1.090000000000e+02
7.140000000000e+02,1.032842977963e+08,4.596942246579e+04,7.197000058938e+05,4.152327427410e-01,2.865237053663e+02,-9.252863154614e-05,-1.008562083853e-02,0.000000000000e+00,8.130040214458e+01,1.201623471535e+03,0.000000000000e+00,0.000000000000e+00,0.000000000000e+00,0.000000000000e+00,5.018825427690e-04,5.470519716182e-02,2.713008507653e+02,2.508208923340e+02,0.000000000000e+00,8.088464914937e-01,8.130040214458e+01,5.549731625449e+04,1.090000000000e+02
7.150000000000e+02,1.032831315575e+08,4.702714151666e+04,7.246497438508e+05,4.169235478524e-01,2.873229506397e+02,-1.151715954843e-04,-1.255370390779e-02,0.000000000000e+00,1.085213016029e+02,1.166240352480e+03,0.000000000000e+00,0.000000000000e+00,0.000000000000e+00,0.000000000000e+00,7.025061192882e-04,7.657316700241e-02,2.713586605180e+02,2.522371978760e+02,0.000000000000e+00,8.212241767095e-01,1.085213016029e+02,5.549757900058e+04,1.090000000000e+02
7.160000000000e+02,1.032820021006e+08,4.802396559658e+04,7.298530868824e+05,4.188479183335e-01,2.880547320777e+02,-1.134617754098e-04,-1.236733351967e-02,0.000000000000e+00,1.326349970512e+02,1.129459076972e+03,0.000000000000e+00,0.000000000000e+00,0.000000000000e+00,0.000000000000e+00,7.459583959212e-04,8.130946515541e-02,2.714354373686e+02,2.537629241943e+02,0.000000000000e+00,8.326192689900e-01,1.326349970512e+02,5.549792187655e+04,1.090000000000e+02
7.170000000000e+02,1.032809073594e+08,4.897168827482e+04,7.349516673237e+05,4.206576947605e-01,2.888179766372e+02,-1.086395565279e-04,-1.184171166154e-02,0.000000000000e+00,1.470189952963e+02,1.094741673532e+03,0.000000000000e+00,0.000000000000e+00,0.000000000000e+00,0.000000000000e+00,7.337380563060e-04,7.997744813735e-02,2.714837034091e+02,2.542690124512e+02,0.000000000000e+00,8.430531308015e-01,1.470189952963e+02,5.549813371082e+04,1.090000000000e+02
7.180000000000e+02,1.032798390556e+08,4.989918631303e+04,7.411812478243e+05,4.233103491083e-01,2.894412498545e+02,-1.297812459640e-04,-1.414615581008e-02,0.000000000000e+00,1.408061735044e+02,1.068304211716e+03,0.000000000000e+00,0.000000000000e+00,0.000000000000e+00,0.000000000000e+00,9.001897765921e-04,9.812068564853e-02,2.714662114982e+02,2.540317077637e+02,0.000000000000e+00,8.551618223043e-01,1.408061735044e+02,5.549805736077e+04,1.090000000000e+02
7.190000000000e+02,1.032787940235e+08,5.081402174081e+04,7.471387535009e+05,4.257562493665e-01,2.900920694196e+02,-1.288844184003e-04,-1.404840160564e-02,0.000000000000e+00,1.301958110432e+02,1.045031238826e+03,0.000000000000e+00,0.000000000000e+00,0.000000000000e+00,0.000000000000e+00,8.561496361365e-04,9.332031033887e-02,2.714451538169e+02,2.541607360840e+02,0.000000000000e+00,8.653059743261e-01,1.301958110432e+02,5.549796479304e+04,1.090000000000e+02
7.200000000000e+02,1.032777659545e+08,5.172587398785e+04,7.526723826328e+05,4.278474058755e-01,2.908137253181e+02,-1.216915305475e-04,-1.326437682968e-02,0.000000000000e+00,1.162158052491e+02,1.028068052281e+03,0.000000000000e+00,0.000000000000e+00,0.000000000000e+00,0.000000000000e+00,7.937065847178e-04,8.651401773425e-02,2.713820839110e+02,2.529650726318e+02,0.000000000000e+00,8.755004022179e-01,1.162158052491e+02,5.549768553535e+04,1.090000000000e+02
7.210000000000e+02,1.032767213070e+08,5.267466033875e+04,7.581880361749e+05,4.299804632904e-01,2.914929570335e+02,-1.196318588790e-04,-1.303987261781e-02,0.000000000000e+00,9.586249762059e+01,1.044648848522e+03,0.000000000000e+00,0.000000000000e+00,0.000000000000e+00,0.000000000000e+00,7.927461697798e-04,8.640933250600e-02,2.713242900390e+02,2.524856262207e+02,0.000000000000e+00,8.870109933553e-01,9.586249762059e+01,5.549742632188e+04,1.090000000000e+02
7.220000000000e+02,1.032757072246e+08,5.359894483510e+04,7.632135576776e+05,4.317406686188e-01,2.922295588039e+02,-1.113149635789e-04,-1.213333103010e-02,0.000000000000e+00,8.980019125971e+01,1.014084687615e+03,0.000000000000e+00,0.000000000000e+00,0.000000000000e+00,0.000000000000e+00,7.197901369551e-04,7.845712492810e-02,2.712919748636e+02,2.527892150879e+02,0.000000000000e+00,8.962052830947e-01,8.980019125971e+01,5.549727905322e+04,1.090000000000e+02
7.230000000000e+02,1.032747174886e+08,5.451007303712e+04,7.681284724342e+05,4.334342168247e-01,2.929639079646e+02,-1.081091612980e-04,-1.178389858148e-02,0.000000000000e+00,7.860744830074e+01,9.897356503147e+02,0.000000000000e+00,0.000000000000e+00,0.000000000000e+00,0.000000000000e+00,7.050888623385e-04,7.685468599489e-02,2.712254702115e+02,2.516610565186e+02,0.000000000000e+00,9.063198529280e-01,7.860744830074e+01,5.549697075982e+04,1.090000000000e+02
7.240000000000e+02,1.032737478309e+08,5.541057407249e+04,7.721790439607e+05,4.345482651292e-01,2.937552200151e+02,-1.070610275825e-04,-1.166965200649e-02,0.000000000000e+00,6.915314998275e+01,9.696541853554e+02,0.000000000000e+00,0.000000000000e+00,0.000000000000e+00,0.000000000000e+00,5.631748821780e-04,6.138606215740e-02,2.711674872342e+02,2.513882751465e+02,0.000000000000e+00,9.139152130624e-01,6.915314998275e+01,5.549669715804e+04,1.090000000000e+02
7.250000000000e+02,1.032727974903e+08,5.629445481651e+04,7.754939903126e+05,4.351046459066e-01,2.946401274562e+02,-1.021728098610e-04,-1.113683627484e-02,0.000000000000e+00,6.645667506318e+01,9.503374190846e+02,0.000000000000e+00,0.000000000000e+00,0.000000000000e+00,0.000000000000e+00,4.462903692687e-04,4.864565025029e-02,2.711257114935e+02,2.516314849854e+02,0.000000000000e+00,9.222527700853e-01,6.645667506318e+01,5.549649718345e+04,1.090000000000e+02
7.260000000000e+02,1.032718654556e+08,5.716075014934e+04,7.785351805894e+05,4.354804931744e-01,2.955409358247e+02,-1.090465490439e-04,-1.188607384578e-02,0.000000000000e+00,6.573530462228e+01,9.320306374471e+02,0.000000000000e+00,0.000000000000e+00,0.000000000000e+00,0.000000000000e+00,3.939728378266e-04,4.294303932310e-02,2.711013911604e+02,2.525847625732e+02,0.000000000000e+00,9.314016574972e-01,6.573530462228e+01,5.549637961400e+04,1.090000000000e+02
7.270000000000e+02,1.032709516256e+08,5.800745793629e+04,7.825012509267e+05,4.365375170796e-01,2.963273465854e+02,-1.236409858175e-04,-1.347686745411e-02,0.000000000000e+00,6.711871495055e+01,9.138265019094e+02,0.000000000000e+00,0.000000000000e+00,0.000000000000e+00,0.000000000000e+00,5.320477328096e-04,5.799320287625e-02,2.710974882070e+02,2.525290985107e+02,0.000000000000e+00,9.375734204046e-01,6.711871495055e+01,5.549636063230e+04,1.090000000000e+02
7.280000000000e+02,1.032700549423e+08,5.883772969064e+04,7.876479898255e+05,4.384513728310e-01,2.969749369951e+02,-1.343122873242e-04,-1.464003931833e-02,0.000000000000e+00,6.640843106356e+01,8.966801854043e+02,0.000000000000e+00,0.000000000000e+00,0.000000000000e+00,0.000000000000e+00,7.167504953633e-04,7.812580399460e-02,2.710767278171e+02,2.516068267822e+02,0.000000000000e+00,9.457522018593e-01,6.640843106356e+01,5.549625976705e+04,1.090000000000e+02
7.290000000000e+02,1.032691720889e+08,5.965975880480e+04,7.933132247581e+05,4.406694720274e-01,2.976067975632e+02,-1.198799114344e-04,-1.306691034635e-02,0.000000000000e+00,6.082378245464e+01,8.828528966167e+02,0.000000000000e+00,0.000000000000e+00,0.000000000000e+00,0.000000000000e+00,8.172808873504e-04,8.908361672119e-02,2.710235392470e+02,2.512489471436e+02,0.000000000000e+00,9.523211153889e-01,6.082378245464e+01,5.549599863170e+04,1.090000000000e+02
7.300000000000e+02,1.032683033886e+08,6.046806858814e+04,7.995034356808e+05,4.432950817815e-01,2.981527802300e+02,-1.395796447924e-04,-1.521418128237e-02,0.000000000000e+00,6.038848068112e+01,8.686982640232e+02,0.000000000000e+00,0.000000000000e+00,0.000000000000e+00,0.000000000000e+00,8.838507358407e-04,9.633973020664e-02,2.710154292544e+02,2.519989776611e+02,0.000000000000e+00,9.602357589714e-01,6.038848068112e+01,5.549595825562e+04,1.090000000000e+02
7.310000000000e+02,1.032674511935e+08,6.125762152727e+04,8.060167955531e+05,4.461969890542e-01,2.986270823476e+02,-1.812831341834e-04,-1.975986162599e-02,0.000000000000e+00,6.264177616759e+01,8.521947152946e+02,0.000000000000e+00,0.000000000000e+00,0.000000000000e+00,0.000000000000e+00,8.955596405027e-04,9.761600081480e-02,2.710081324266e+02,2.520103759766e+02,0.000000000000e+00,9.655906785813e-01,6.264177616759e+01,5.549592184275e+04,1.090000000000e+02
7.320000000000e+02,1.032666145469e+08,6.203085423470e+04,8.119767464126e+05,4.485363150549e-01,2.992661821993e+02,-1.942198314488e-04,-2.116996162792e-02,0.000000000000e+00,6.341211255327e+01,8.366448199887e+02,0.000000000000e+00,0.000000000000e+00,0.000000000000e+00,0.000000000000e+00,7.910260134314e-04,8.622183546403e-02,2.710102536986e+02,2.526075439453e+02,0.000000000000e+00,9.724330778333e-01,6.341211255327e+01,5.549593224885e+04,1.090000000000e+02
7.330000000000e+02,1.032657930675e+08,6.279052475590e+04,8.162673241048e+05,4.497745533772e-01,3.000200176925e+02,-1.694140031779e-04,-1.846612634640e-02,0.000000000000e+00,6.180848065590e+01,8.214790018588e+02,0.000000000000e+00,0.000000000000e+00,0.000000000000e+00,0.000000000000e+00,5.402023343665e-04,5.888205444595e-02,2.709838140651e+02,2.526165313721e+02,0.000000000000e+00,9.794275403446e-01,6.180848065590e+01,5.549580056075e+04,1.090000000000e+02
7.340000000000e+02,1.032649852308e+08,6.353991836177e+04,8.209986658339e+05,4.514099683484e-01,3.006665471020e+02,-1.248465925480e-04,-1.360827858773e-02,0.000000000000e+00,5.844015910297e+01,8.078337649659e+02,0.000000000000e+00,0.000000000000e+00,0.000000000000e+00,0.000000000000e+00,6.576606379923e-04,7.168500954116e-02,2.709559426825e+02,2.526100158691e+02,0.000000000000e+00,9.879032530536e-01,5.844015910297e+01,5.549566075666e+04,1.090000000000e+02
7.350000000000e+02,1.032641881614e+08,6.428931883910e+04,8.264143310369e+05,4.534231670436e-01,3.013094392149e+02,-1.131343753207e-04,-1.233164690995e-02,0.000000000000e+00,4.766736392203e+01,7.970678412528e+02,0.000000000000e+00,0.000000000000e+00,0.000000000000e+00,0.000000000000e+00,7.836713358866e-04,8.542017561164e-02,2.708362645977e+02,2.508502655029e+02,0.000000000000e+00,9.950242393731e-01,4.766736392203e+01,5.549504883739e+04,1.090000000000e+02
7.360000000000e+02,1.032633976566e+08,6.504753778389e+04,8.318342254657e+05,4.554850365708e-01,3.019165721445e+02,-1.188010053857e-04,-1.294930958704e-02,0.000000000000e+00,3.228295757590e+01,7.905019023719e+02,0.000000000000e+00,0.000000000000e+00,0.000000000000e+00,0.000000000000e+00,7.790045703511e-04,8.491149816827e-02,2.706992366101e+02,2.500630798340e+02,0.000000000000e+00,1.004207803277e+00,3.228295757590e+01,5.549432471301e+04,1.090000000000e+02
7.370000000000e+02,1.032626155628e+08,6.580285659318e+04,8.375939132761e+05,4.578079570871e-01,3.024673249488e+02,-1.268151201659e-04,-1.382284809808e-02,0.000000000000e+00,2.677184824163e+01,7.820906575311e+02,0.000000000000e+00,0.000000000000e+00,0.000000000000e+00,0.000000000000e+00,8.266502946456e-04,9.010488211637e-02,2.706054213434e+02,2.503898010254e+02,0.000000000000e+00,1.012510056966e+00,2.677184824163e+01,5.549381369885e+04,1.090000000000e+02
7.380000000000e+02,1.032618460143e+08,6.654113467104e+04,8.419559031598e+05,4.590769251632e-01,3.032021187966e+02,-1.327530937245e-04,-1.447008721598e-02,0.000000000000e+00,3.126926233278e+01,7.695473401882e+02,0.000000000000e+00,0.000000000000e+00,0.000000000000e+00,0.000000000000e+00,5.883922252038e-04,6.413475254721e-02,2.706044853911e+02,2.510000000000e+02,0.000000000000e+00,1.020736570763e+00,3.126926233278e+01,5.549380698747e+04,1.090000000000e+02
7.390000000000e+02,1.032610920026e+08,6.726042025318e+04,8.457735709218e+05,4.600398329314e-01,3.039397284077e+02,-1.293553863645e-04,-1.409973711373e-02,0.000000000000e+00,3.472483795917e+01,7.540104201046e+02,0.000000000000e+00,0.000000000000e+00,0.000000000000e+00,0.000000000000e+00,5.019277347067e-04,5.471012308303e-02,2.705945198836e+02,2.510683288574e+02,0.000000000000e+00,1.027611337810e+00,3.472483795917e+01,5.549375065523e+04,1.090000000000e+02
7.400000000000e+02,1.032603523428e+08,6.796487147144e+04,8.500305701136e+05,4.613009275829e-01,3.046346133964e+02,-1.264664422365e-04,-1.378484220378e-02,0.000000000000e+00,3.520714310875e+01,7.396583613616e+02,0.000000000000e+00,0.000000000000e+00,0.000000000000e+00,0.000000000000e+00,5.773776068829e-04,6.293415915024e-02,2.705895348240e+02,2.517420959473e+02,0.000000000000e+00,1.036820480731e+00,3.520714310875e+01,5.549372186882e+04,1.090000000000e+02
7.410000000000e+02,1.032596257770e+08,6.866387911338e+04,8.536680213695e+05,4.621297750735e-01,3.053925705167e+02,-1.101474431040e-04,-1.200607129834e-02,0.000000000000e+00,2.755866275339e+01,7.265663046979e+02,0.000000000000e+00,0.000000000000e+00,0.000000000000e+00,0.000000000000e+00,4.926211916976e-04,5.369570989504e-02,2.704899293685e+02,2.507825164795e+02,0.000000000000e+00,1.042898420629e+00,2.755866275339e+01,5.549316406295e+04,1.090000000000e+02
7.420000000000e+02,1.032589116892e+08,6.935230530231e+04,8.572241452967e+05,4.629118680026e-01,3.061469748593e+02,-9.751848533059e-05,-1.062951490103e-02,0.000000000000e+00,2.566197591226e+01,7.140881648407e+02,0.000000000000e+00,0.000000000000e+00,0.000000000000e+00,0.000000000000e+00,4.905480081099e-04,5.346973288397e-02,2.704794131041e+02,2.513494567871e+02,0.000000000000e+00,1.051369468299e+00,2.566197591226e+01,5.549310278781e+04,1.090000000000e+02
7.430000000000e+02,1.032582806959e+08,6.995059410241e+04,8.615056877662e+05,4.642189479315e-01,3.068100366878e+02,-1.163719494972e-04,-1.268454249520e-02,0.000000000000e+00,3.270422961495e+01,6.309930297132e+02,0.000000000000e+00,0.000000000000e+00,0.000000000000e+00,0.000000000000e+00,5.915904937466e-04,6.448336381838e-02,2.704736430108e+02,2.517384948730e+02,0.000000000000e+00,1.055478780003e+00,3.270422961495e+01,5.549305459533e+04,1.090000000000e+02
7.440000000000e+02,1.032576760219e+08,7.052028365168e+04,8.662427385533e+05,4.658469443983e-01,3.074201135615e+02,-1.554085068580e-04,-1.693952724752e-02,0.000000000000e+00,3.498407453324e+01,6.046736238025e+02,0.000000000000e+00,0.000000000000e+00,0.000000000000e+00,0.000000000000e+00,6.282785386014e-04,6.848236070755e-02,2.704389262762e+02,2.516017303467e+02,0.000000000000e+00,1.064681125752e+00,3.498407453324e+01,5.549284519605e+04,1.090000000000e+02
7.450000000000e+02,1.032570624120e+08,7.110146575959e+04,8.701418149084e+05,4.669066929317e-01,3.081042473443e+02,-1.576978465844e-04,-1.718906527770e-02,0.000000000000e+00,3.242606733955e+01,6.136081752560e+02,0.000000000000e+00,0.000000000000e+00,0.000000000000e+00,0.000000000000e+00,4.875150675392e-04,5.313914236177e-02,2.703995432063e+02,2.519206085205e+02,0.000000000000e+00,1.069867355278e+00,3.242606733955e+01,5.549261327748e+04,1.090000000000e+02
7.460000000000e+02,1.032564316274e+08,7.170075279076e+04,8.738176044826e+05,4.677182677508e-01,3.088698146405e+02,-1.499372647883e-04,-1.634316186193e-02,0.000000000000e+00,3.149672653878e+01,6.307837577084e+02,0.000000000000e+00,0.000000000000e+00,0.000000000000e+00,0.000000000000e+00,4.581795939400e-04,4.994157573946e-02,2.703707776853e+02,2.518365478516e+02,0.000000000000e+00,1.077710657149e+00,3.149672653878e+01,5.549245265632e+04,1.090000000000e+02
7.470000000000e+02,1.032557640167e+08,7.234625544852e+04,8.788961932713e+05,4.696273973034e-01,3.094052504922e+02,-1.494415386814e-04,-1.628912771627e-02,0.000000000000e+00,2.210677214302e+01,6.676094298994e+02,0.000000000000e+00,0.000000000000e+00,0.000000000000e+00,0.000000000000e+00,6.916845909364e-04,7.539362041207e-02,2.702728273219e+02,2.510751037598e+02,0.000000000000e+00,1.087083836066e+00,2.210677214302e+01,5.549187733188e+04,1.090000000000e+02
7.480000000000e+02,1.032551211385e+08,7.298105449022e+04,8.841585806929e+05,4.715517817218e-01,3.099934060835e+02,-1.286517402565e-04,-1.402303968795e-02,0.000000000000e+00,8.080160696839e+00,6.428792024000e+02,0.000000000000e+00,0.000000000000e+00,0.000000000000e+00,0.000000000000e+00,7.441080915747e-04,8.110778198165e-02,2.701023825583e+02,2.503266143799e+02,0.000000000000e+00,1.094826225535e+00,8.080160696839e+00,5.549083616251e+04,1.090000000000e+02
7.490000000000e+02,1.032544962082e+08,7.360271524225e+04,8.880979272083e+05,4.726659863692e-01,3.106441739857e+02,-1.214088670298e-04,-1.323356650625e-02,0.000000000000e+00,3.269742479614e+00,6.249304945082e+02,0.000000000000e+00,0.000000000000e+00,0.000000000000e+00,0.000000000000e+00,5.315820071360e-04,5.794243877783e-02,2.700015354077e+02,2.501602478027e+02,0.000000000000e+00,1.102754986373e+00,3.269742479614e+00,5.549019490833e+04,1.090000000000e+02
7.500000000000e+02,1.032538906553e+08,7.420175048253e+04,8.910686666146e+05,4.730818495023e-01,3.114114940487e+02,-1.285006209588e-04,-1.400656768451e-02,0.000000000000e+00,6.517697111774e+00,6.055529373921e+02,0.000000000000e+00,0.000000000000e+00,0.000000000000e+00,0.000000000000e+00,3.636886563216e-04,3.964206353905e-02,2.699427981956e+02,2.511623840332e+02,0.000000000000e+00,1.109810503449e+00,6.517697111774e+00,5.548980701357e+04,1.090000000000e+02
7.510000000000e+02,1.032533044453e+08,7.478014931480e+04,8.943379392161e+05,4.737799748405e-01,3.120959625876e+02,-1.396105036268e-04,-1.521754489532e-02,0.000000000000e+00,7.811605960422e+00,5.862104382253e+02,0.000000000000e+00,0.000000000000e+00,0.000000000000e+00,0.000000000000e+00,4.020798686450e-04,4.382670568231e-02,2.698772867447e+02,2.513104553223e+02,0.000000000000e+00,1.115667852360e+00,7.811605960422e+00,5.548936789316e+04,1.090000000000e+02
7.520000000000e+02,1.032527373766e+08,7.534288334209e+04,8.983855092684e+05,4.750119930358e-01,3.126993968822e+02,-1.211801159916e-04,-1.320863264308e-02,0.000000000000e+00,4.334374931496e+00,5.670684022276e+02,0.000000000000e+00,0.000000000000e+00,0.000000000000e+00,0.000000000000e+00,5.499650828214e-04,5.994619402753e-02,2.697698519872e+02,2.510350799561e+02,0.000000000000e+00,1.120583444609e+00,4.334374931496e+00,5.548864284834e+04,1.090000000000e+02
7.530000000000e+02,1.032521887581e+08,7.589114053165e+04,9.028288076148e+05,4.764571788060e-01,3.132975766051e+02,-1.221154581875e-04,-1.331058494244e-02,0.000000000000e+00,3.616117656243e-01,5.486188013195e+02,0.000000000000e+00,0.000000000000e+00,0.000000000000e+00,0.000000000000e+00,6.147977589355e-04,6.701295572397e-02,2.696475284492e+02,2.509133758545e+02,0.000000000000e+00,1.128331188364e+00,3.616117656243e-01,5.548779797885e+04,1.090000000000e+02
7.540000000000e+02,1.032516583783e+08,7.642152036890e+04,9.078815653048e+05,4.783935749689e-01,3.137826989725e+02,-1.475831975280e-04,-1.608656853055e-02,0.000000000000e+00,0.000000000000e+00,5.303798372545e+02,0.000000000000e+00,0.000000000000e+00,0.000000000000e+00,0.000000000000e+00,6.911638180405e-04,7.533685616642e-02,2.694739891762e+02,2.503815002441e+02,0.000000000000e+00,1.134654549241e+00,0.000000000000e+00,5.548656863367e+04,1.090000000000e+02
7.550000000000e+02,1.032511432767e+08,7.693662191380e+04,9.121037216763e+05,4.796210206403e-01,3.144441790604e+02,-1.432205060569e-04,-1.561103516020e-02,0.000000000000e+00,0.000000000000e+00,5.151015448974e+02,0.000000000000e+00,0.000000000000e+00,0.000000000000e+00,0.000000000000e+00,5.591892408234e-04,6.095162724975e-02,2.692585125719e+02,2.495313720703e+02,0.000000000000e+00,1.139506783496e+00,0.000000000000e+00,5.548498529381e+04,1.090000000000e+02
7.560000000000e+02,1.032506447741e+08,7.743512457237e+04,9.154834899651e+05,4.803281109386e-01,3.151524448992e+02,-1.531614008231e-04,-1.669459268972e-02,0.000000000000e+00,0.000000000000e+00,4.985026585752e+02,0.000000000000e+00,0.000000000000e+00,0.000000000000e+00,0.000000000000e+00,4.093777450279e-04,4.462217420804e-02,2.690815609452e+02,2.494858703613e+02,0.000000000000e+00,1.143775932724e+00,0.000000000000e+00,5.548362905495e+04,1.090000000000e+02
7.570000000000e+02,1.032501655310e+08,7.791436762055e+04,9.187322778175e+05,4.809830508126e-01,3.158458247994e+02,-1.521944745935e-04,-1.658919773069e-02,0.000000000000e+00,0.000000000000e+00,4.792430481803e+02,0.000000000000e+00,0.000000000000e+00,0.000000000000e+00,0.000000000000e+00,3.877138782308e-04,4.226081272716e-02,2.689568827648e+02,2.502594757080e+02,0.000000000000e+00,1.146545910260e+00,0.000000000000e+00,5.548263773600e+04,1.090000000000e+02
7.580000000000e+02,1.032497054090e+08,7.837448964729e+04,9.222156183454e+05,4.818215625133e-01,3.164993255127e+02,-1.309206233566e-04,-1.427034794587e-02,0.000000000000e+00,0.000000000000e+00,4.601220267361e+02,0.000000000000e+00,0.000000000000e+00,0.000000000000e+00,0.000000000000e+00,4.487895286588e-04,4.891805862381e-02,2.687901521178e+02,2.504782257080e+02,0.000000000000e+00,1.149349500288e+00,0.000000000000e+00,5.548128386656e+04,1.090000000000e+02
7.590000000000e+02,1.032492622320e+08,7.881766666999e+04,9.260645130897e+05,4.829120376244e-01,3.171131548467e+02,-1.211645688061e-04,-1.320693799986e-02,0.000000000000e+00,0.000000000000e+00,4.431770227004e+02,0.000000000000e+00,0.000000000000e+00,0.000000000000e+00,0.000000000000e+00,5.203947111674e-04,5.672302351725e-02,2.685690500362e+02,2.498409729004e+02,0.000000000000e+00,1.155867212826e+00,0.000000000000e+00,5.547943325689e+04,1.090000000000e+02
7.600000000000e+02,1.032488377332e+08,7.924216547355e+04,9.307427945004e+05,4.845791356655e-01,3.176244421264e+02,-1.477379481571e-04,-1.610343634912e-02,0.000000000000e+00,0.000000000000e+00,4.244988035574e+02,0.000000000000e+00,0.000000000000e+00,0.000000000000e+00,0.000000000000e+00,6.286792526833e-04,6.852603854248e-02,2.684533935406e+02,2.503921813965e+02,0.000000000000e+00,1.158784863646e+00,0.000000000000e+00,5.547842576267e+04,1.090000000000e+02
7.610000000000e+02,1.032484317234e+08,7.964817520863e+04,9.351035383266e+05,4.859226649803e-01,3.182394500738e+02,-1.567420187965e-04,-1.708488004882e-02,0.000000000000e+00,0.000000000000e+00,4.060097350813e+02,0.000000000000e+00,0.000000000000e+00,0.000000000000e+00,0.000000000000e+00,5.688411688053e-04,6.200368739978e-02,2.682732247673e+02,2.503721160889e+02,0.000000000000e+00,1.161790595444e+00,0.000000000000e+00,5.547682699711e+04,1.090000000000e+02
7.620000000000e+02,1.032480449150e+08,8.003498363675e+04,9.392544148980e+05,4.871855948224e-01,3.188269091349e+02,-1.774087337244e-04,-1.933755197596e-02,0.000000000000e+00,0.000000000000e+00,3.868084281239e+02,0.000000000000e+00,0.000000000000e+00,0.000000000000e+00,0.000000000000e+00,5.107059625023e-04,5.566694991275e-02,2.682084856053e+02,2.512306823730e+02,0.000000000000e+00,1.160423138850e+00,0.000000000000e+00,5.547622882940e+04,1.090000000000e+02
7.630000000000e+02,1.032476798716e+08,8.040002706638e+04,9.445162876878e+05,4.892559520341e-01,3.192560545144e+02,-2.099501601917e-04,-2.288456746090e-02,0.000000000000e+00,0.000000000000e+00,3.650434296249e+02,0.000000000000e+00,0.000000000000e+00,0.000000000000e+00,0.000000000000e+00,6.600969107581e-04,7.195056327263e-02,2.682157497528e+02,2.528276824951e+02,0.000000000000e+00,1.161456026165e+00,0.000000000000e+00,5.547627464446e+04,1.090000000000e+02
7.640000000000e+02,1.032473347722e+08,8.074512640037e+04,9.502857053088e+05,4.915656947689e-01,3.197002985763e+02,-1.901250186985e-04,-2.072362703814e-02,0.000000000000e+00,0.000000000000e+00,3.450993339951e+02,0.000000000000e+00,0.000000000000e+00,0.000000000000e+00,0.000000000000e+00,7.656488974043e-04,8.345572981706e-02,2.681526133118e+02,2.528637695313e+02,0.000000000000e+00,1.163388799750e+00,0.000000000000e+00,5.547568754709e+04,1.090000000000e+02
7.650000000000e+02,1.032470062399e+08,8.107365878247e+04,9.557800620962e+05,4.936725854711e-01,3.201828627870e+02,-1.452203657694e-04,-1.582901986886e-02,0.000000000000e+00,0.000000000000e+00,3.285323820928e+02,0.000000000000e+00,0.000000000000e+00,0.000000000000e+00,0.000000000000e+00,7.665812178727e-04,8.355735274812e-02,2.680328309523e+02,2.530167694092e+02,0.000000000000e+00,1.165074447898e+00,0.000000000000e+00,5.547457560366e+04,1.090000000000e+02
7.660000000000e+02,1.032466941110e+08,8.138578764800e+04,9.614735387416e+05,4.959510919190e-01,3.206133953597e+02,-1.348571818567e-04,-1.469943282237e-02,0.000000000000e+00,0.000000000000e+00,3.121288655345e+02,0.000000000000e+00,0.000000000000e+00,0.000000000000e+00,0.000000000000e+00,8.082040763182e-04,8.809424431868e-02,2.679784460472e+02,2.537395019531e+02,0.000000000000e+00,1.165743641428e+00,0.000000000000e+00,5.547405914602e+04,1.090000000000e+02
7.670000000000e+02,1.032463981025e+08,8.168179609336e+04,9.672602386035e+05,4.982544451800e-01,3.210553882612e+02,-1.494082647038e-04,-1.628550085271e-02,0.000000000000e+00,0.000000000000e+00,2.960084453629e+02,0.000000000000e+00,0.000000000000e+00,0.000000000000e+00,0.000000000000e+00,8.093020851045e-04,8.821392727639e-02,2.679166619112e+02,2.539246063232e+02,0.000000000000e+00,1.166105556092e+00,0.000000000000e+00,5.547346850884e+04,1.090000000000e+02
7.680000000000e+02,1.032461167250e+08,8.196317359970e+04,9.733007685325e+05,5.007482830332e-01,3.214552555900e+02,-1.544487641764e-04,-1.683491529522e-02,0.000000000000e+00,0.000000000000e+00,2.813775063357e+02,0.000000000000e+00,0.000000000000e+00,0.000000000000e+00,0.000000000000e+00,8.464436543670e-04,9.226235832601e-02,2.678486902565e+02,2.538435516357e+02,0.000000000000e+00,1.168088950542e+00,0.000000000000e+00,5.547281504719e+04,1.090000000000e+02
7.690000000000e+02,1.032458484158e+08,8.223148280062e+04,9.797576244245e+05,5.035107245057e-01,3.218179096552e+02,-1.374623099261e-04,-1.498339178194e-02,0.000000000000e+00,0.000000000000e+00,2.683092009191e+02,0.000000000000e+00,0.000000000000e+00,0.000000000000e+00,0.000000000000e+00,9.331392412149e-04,1.017121772924e-01,2.677519914748e+02,2.538814697266e+02,0.000000000000e+00,1.166304856443e+00,0.000000000000e+00,5.547187736608e+04,1.090000000000e+02
7.700000000000e+02,1.032455902108e+08,8.248968781252e+04,9.856131428146e+05,5.057974072523e-01,3.222887200467e+02,-1.270150806088e-04,-1.384464378636e-02,0.000000000000e+00,0.000000000000e+00,2.582050118971e+02,0.000000000000e+00,0.000000000000e+00,0.000000000000e+00,0.000000000000e+00,8.470142193236e-04,9.232454990627e-02,2.675591299635e+02,2.527250061035e+02,0.000000000000e+00,1.167457884722e+00,0.000000000000e+00,5.546997138019e+04,1.090000000000e+02
7.710000000000e+02,1.032453408226e+08,8.273907601041e+04,9.910203506421e+05,5.078475849735e-01,3.227592402625e+02,-1.333361380289e-04,-1.453363904515e-02,0.000000000000e+00,0.000000000000e+00,2.493881978900e+02,0.000000000000e+00,0.000000000000e+00,0.000000000000e+00,0.000000000000e+00,7.663645342109e-04,8.353373422899e-02,2.673797333264e+02,2.526265106201e+02,0.000000000000e+00,1.167836687181e+00,0.000000000000e+00,5.546814845518e+04,1.090000000000e+02
7.720000000000e+02,1.032451010139e+08,8.297888473444e+04,9.963344576153e+05,5.098339491583e-01,3.232337644864e+02,-1.413434919670e-04,-1.540644062441e-02,0.000000000000e+00,0.000000000000e+00,2.398087240319e+02,0.000000000000e+00,0.000000000000e+00,0.000000000000e+00,0.000000000000e+00,7.417001024237e-04,8.084531116418e-02,2.672472172033e+02,2.530519561768e+02,0.000000000000e+00,1.169457726718e+00,0.000000000000e+00,5.546676813594e+04,1.090000000000e+02
7.730000000000e+02,1.032451148438e+08,8.296505486108e+04,1.002712912478e+06,5.124623731477e-01,3.236460546095e+02,-1.297439137525e-04,-1.414208659902e-02,0.000000000000e+00,0.000000000000e+00,-1.382987336271e+01,0.000000000000e+00,0.000000000000e+00,0.000000000000e+00,0.000000000000e+00,9.311351503885e-04,1.014937313923e-01,2.670766777175e+02,2.524792022705e+02,0.000000000000e+00,1.165198467459e+00,0.000000000000e+00,5.546480653740e+04,1.090000000000e+02
7.740000000000e+02,1.032448719934e+08,8.320790519991e+04,1.008415082129e+06,5.144629241337e-01,3.242267040555e+02,-1.341913748083e-04,-1.462685985411e-02,0.000000000000e+00,0.000000000000e+00,2.428503388353e+02,0.000000000000e+00,0.000000000000e+00,0.000000000000e+00,0.000000000000e+00,8.120008514585e-04,8.850809280898e-02,2.669751236424e+02,2.520738525391e+02,0.000000000000e+00,1.168531800792e+00,0.000000000000e+00,5.546380676641e+04,1.090000000000e+02
7.750000000000e+02,1.032446155627e+08,8.346433593923e+04,1.012518284604e+06,5.156994587663e-01,3.247734878029e+02,-1.514043170075e-04,-1.650307055381e-02,0.000000000000e+00,0.000000000000e+00,2.564307393204e+02,0.000000000000e+00,0.000000000000e+00,0.000000000000e+00,0.000000000000e+00,5.314883896925e-04,5.793223447648e-02,2.668480380026e+02,2.520551757812e+02,0.000000000000e+00,1.169833833430e+00,0.000000000000e+00,5.546242380993e+04,1.090000000000e+02
7.760000000000e+02,1.032443798421e+08,8.370005650934e+04,1.017103376231e+06,5.172561264284e-01,3.252710014596e+02,-1.507411220099e-04,-1.643078229907e-02,0.000000000000e+00,0.000000000000e+00,2.357205701044e+02,0.000000000000e+00,0.000000000000e+00,0.000000000000e+00,0.000000000000e+00,6.121646985910e-04,6.672595214642e-02,2.667165176336e+02,2.516903991699e+02,0.000000000000e+00,1.171431776879e+00,0.000000000000e+00,5.546095348344e+04,1.090000000000e+02
7.770000000000e+02,1.032441564096e+08,8.392348904665e+04,1.021002459711e+06,5.183597515574e-01,3.258346063427e+02,-1.333170091107e-04,-1.453155399307e-02,0.000000000000e+00,0.000000000000e+00,2.234325373161e+02,0.000000000000e+00,0.000000000000e+00,0.000000000000e+00,0.000000000000e+00,5.178089131979e-04,5.644117153857e-02,2.665406323542e+02,2.509975128174e+02,0.000000000000e+00,1.172420683479e+00,0.000000000000e+00,5.545893765397e+04,1.090000000000e+02
7.780000000000e+02,1.032439429260e+08,8.413697266019e+04,1.024278996636e+06,5.190447979166e-01,3.264559776428e+02,-1.338672687901e-04,-1.459153229812e-02,0.000000000000e+00,0.000000000000e+00,2.134836135368e+02,0.000000000000e+00,0.000000000000e+00,0.000000000000e+00,0.000000000000e+00,4.118629999435e-04,4.489306699384e-02,2.664365569523e+02,2.515601043701e+02,0.000000000000e+00,1.172361064521e+00,0.000000000000e+00,5.545772479029e+04,1.090000000000e+02
7.790000000000e+02,1.032437397940e+08,8.434010460018e+04,1.028618846968e+06,5.204613325429e-01,3.269478726490e+02,-1.408999796971e-04,-1.535809778699e-02,0.000000000000e+00,0.000000000000e+00,2.031319399923e+02,0.000000000000e+00,0.000000000000e+00,0.000000000000e+00,0.000000000000e+00,5.775476898442e-04,6.295269819302e-02,2.664222269741e+02,2.528369598389e+02,0.000000000000e+00,1.173388842299e+00,0.000000000000e+00,5.545755852459e+04,1.090000000000e+02
7.800000000000e+02,1.032435450168e+08,8.453488187192e+04,1.033679316039e+06,5.222995834125e-01,3.274108373847e+02,-1.437092378855e-04,-1.566430692952e-02,0.000000000000e+00,0.000000000000e+00,1.947772717405e+02,0.000000000000e+00,0.000000000000e+00,0.000000000000e+00,0.000000000000e+00,6.991082885120e-04,7.620280344780e-02,2.662685697702e+02,2.511847381592e+02,0.000000000000e+00,1.173944397854e+00,0.000000000000e+00,5.545572174262e+04,1.090000000000e+02
7.810000000000e+02,1.032433556021e+08,8.472429659110e+04,1.037516104449e+06,5.232732498398e-01,3.280314717398e+02,-1.217907415295e-04,-1.327519082672e-02,0.000000000000e+00,0.000000000000e+00,1.894147191782e+02,0.000000000000e+00,0.000000000000e+00,0.000000000000e+00,0.000000000000e+00,5.217585926925e-04,5.687168660348e-02,2.660361624774e+02,2.503520812988e+02,0.000000000000e+00,1.174446522703e+00,0.000000000000e+00,5.545287695295e+04,1.090000000000e+02
7.820000000000e+02,1.032431716422e+08,8.490825645640e+04,1.041176573526e+06,5.242519716113e-01,3.285850940963e+02,-9.483547404361e-05,-1.033706667075e-02,0.000000000000e+00,0.000000000000e+00,1.839598653039e+02,0.000000000000e+00,0.000000000000e+00,0.000000000000e+00,0.000000000000e+00,5.164523815062e-04,5.629330958418e-02,2.658899157779e+02,2.515233459473e+02,0.000000000000e+00,1.175304000945e+00,0.000000000000e+00,5.545104707530e+04,1.090000000000e+02
7.830000000000e+02,1.032429945658e+08,8.508533289381e+04,1.045390149573e+06,5.255410691182e-01,3.291085272775e+02,-8.902979498887e-05,-9.704247653786e-03,0.000000000000e+00,0.000000000000e+00,1.770764374092e+02,0.000000000000e+00,0.000000000000e+00,0.000000000000e+00,0.000000000000e+00,6.096330247518e-04,6.644999969795e-02,2.658508486561e+02,2.524405059814e+02,0.000000000000e+00,1.174514196969e+00,0.000000000000e+00,5.545055644317e+04,1.090000000000e+02
7.840000000000e+02,1.032428249225e+08,8.525497619499e+04,1.050489653718e+06,5.274243953124e-01,3.295326148923e+02,-1.120360882092e-04,-1.221193361481e-02,0.000000000000e+00,0.000000000000e+00,1.696433011763e+02,0.000000000000e+00,0.000000000000e+00,0.000000000000e+00,0.000000000000e+00,7.314560342752e-04,7.972870773600e-02,2.658561570319e+02,2.527494659424e+02,0.000000000000e+00,1.175069752525e+00,0.000000000000e+00,5.545062752277e+04,1.090000000000e+02
7.850000000000e+02,1.032426625393e+08,8.541735933817e+04,1.055915383501e+06,5.294458904721e-01,3.299682606132e+02,-1.218209653057e-04,-1.327848521833e-02,0.000000000000e+00,0.000000000000e+00,1.623831431764e+02,0.000000000000e+00,0.000000000000e+00,0.000000000000e+00,0.000000000000e+00,7.749776951743e-04,8.447256877400e-02,2.658780942288e+02,2.531639709473e+02,0.000000000000e+00,1.173763854689e+00,0.000000000000e+00,5.545090971703e+04,1.090000000000e+02
7.860000000000e+02,1.032425068500e+08,8.557304862552e+04,1.061498332805e+06,5.315938401930e-01,3.303721536282e+02,-1.334652133851e-04,-1.454770825898e-02,0.000000000000e+00,0.000000000000e+00,1.556892873550e+02,0.000000000000e+00,0.000000000000e+00,0.000000000000e+00,0.000000000000e+00,7.899967805750e-04,8.610964908267e-02,2.658836914940e+02,2.537136688232e+02,0.000000000000e+00,1.172888572952e+00,0.000000000000e+00,5.545098352206e+04,1.090000000000e+02
7.870000000000e+02,1.032423559238e+08,8.572397483253e+04,1.066807348830e+06,5.335456653490e-01,3.308208777240e+02,-1.157301959390e-04,-1.261459135735e-02,0.000000000000e+00,0.000000000000e+00,1.509262070098e+02,0.000000000000e+00,0.000000000000e+00,0.000000000000e+00,0.000000000000e+00,7.685125067524e-04,8.376786323601e-02,2.657396637530e+02,2.519697570801e+02,0.000000000000e+00,1.172474969929e+00,0.000000000000e+00,5.544914026400e+04,1.090000000000e+02
7.880000000000e+02,1.032422088248e+08,8.587107388550e+04,1.072725967380e+06,5.359523114678e-01,3.311693267915e+02,-1.177536435222e-04,-1.283514714392e-02,0.000000000000e+00,0.000000000000e+00,1.470990529675e+02,0.000000000000e+00,0.000000000000e+00,0.000000000000e+00,0.000000000000e+00,8.651668364043e-04,9.430318516806e-02,2.656508666061e+02,2.524085693359e+02,0.000000000000e+00,1.173211994300e+00,0.000000000000e+00,5.544799821047e+04,1.090000000000e+02
7.890000000000e+02,1.032420664873e+08,8.601341130797e+04,1.078588104129e+06,5.382150145052e-01,3.315812245402e+02,-1.259972062999e-04,-1.373369548668e-02,0.000000000000e+00,0.000000000000e+00,1.423374224771e+02,0.000000000000e+00,0.000000000000e+00,0.000000000000e+00,0.000000000000e+00,8.450292264987e-04,9.210818568836e-02,2.656242352761e+02,2.533397979736e+02,0.000000000000e+00,1.173397179485e+00,0.000000000000e+00,5.544766000881e+04,1.090000000000e+02
7.900000000000e+02,1.032419286906e+08,8.615120802748e+04,1.083260670478e+06,5.396755487782e-01,3.321206838167e+02,-9.700082064038e-05,-1.057308944980e-02,0.000000000000e+00,0.000000000000e+00,1.377967195033e+02,0.000000000000e+00,0.000000000000e+00,0.000000000000e+00,0.000000000000e+00,6.784161896541e-04,7.394736467229e-02,2.655696751968e+02,2.535629119873e+02,0.000000000000e+00,1.173582364670e+00,0.000000000000e+00,5.544694913221e+04,1.090000000000e+02
7.910000000000e+02,1.032417948168e+08,8.628508187982e+04,1.087525839369e+06,5.409607761248e-01,3.326408389703e+02,-8.041593307985e-05,-8.765336705703e-03,0.000000000000e+00,0.000000000000e+00,1.338738523380e+02,0.000000000000e+00,0.000000000000e+00,0.000000000000e+00,0.000000000000e+00,6.278179390990e-04,6.843215536179e-02,2.655105060737e+02,2.533247375488e+02,0.000000000000e+00,1.173674957262e+00,0.000000000000e+00,5.544617518519e+04,1.090000000000e+02
7.920000000000e+02,1.032416646306e+08,8.641526807808e+04,1.091864590038e+06,5.423096420383e-01,3.331418009305e+02,-7.932947460813e-05,-8.646912732286e-03,0.000000000000e+00,0.000000000000e+00,1.301861982636e+02,0.000000000000e+00,0.000000000000e+00,0.000000000000e+00,0.000000000000e+00,6.410349555539e-04,6.987281015538e-02,2.654531879502e+02,2.534742431641e+02,0.000000000000e+00,1.174045327633e+00,0.000000000000e+00,5.544542110077e+04,1.090000000000e+02
7.930000000000e+02,1.032415377751e+08,8.654212356090e+04,1.095770406426e+06,5.433724777267e-01,3.336863023312e+02,-6.376260739435e-05,-6.950124205984e-03,0.000000000000e+00,0.000000000000e+00,1.268554828248e+02,0.000000000000e+00,0.000000000000e+00,0.000000000000e+00,0.000000000000e+00,5.861774447018e-04,6.389334147249e-02,2.653693475724e+02,2.537136230469e+02,0.000000000000e+00,1.174415698003e+00,0.000000000000e+00,5.544430189720e+04,1.090000000000e+02
7.940000000000e+02,1.032414144709e+08,8.666542773221e+04,1.099659466150e+06,5.444417980667e-01,3.342129601203e+02,-5.989477525548e-05,-6.528530502847e-03,0.000000000000e+00,0.000000000000e+00,1.233041713054e+02,0.000000000000e+00,0.000000000000e+00,0.000000000000e+00,0.000000000000e+00,5.836542259761e-04,6.361831063139e-02,2.653675135501e+02,2.548011016846e+02,0.000000000000e+00,1.173326110723e+00,0.000000000000e+00,5.544429225843e+04,1.090000000000e+02
7.950000000000e+02,1.032412946745e+08,8.678522419924e+04,1.104151812592e+06,5.459099107072e-01,3.346800305073e+02,-7.023524736039e-05,-7.655641962282e-03,0.000000000000e+00,0.000000000000e+00,1.197964670270e+02,0.000000000000e+00,0.000000000000e+00,0.000000000000e+00,0.000000000000e+00,6.754036066543e-04,7.361899312532e-02,2.653156599865e+02,2.546492462158e+02,0.000000000000e+00,1.172618343616e+00,0.000000000000e+00,5.544359616839e+04,1.090000000000e+02
7.960000000000e+02,1.032412384615e+08,8.684143711876e+04,1.107349892578e+06,5.464431899822e-01,3.353315973064e+02,-5.439528489205e-05,-5.929086053234e-03,0.000000000000e+00,0.000000000000e+00,5.621291952555e+01,0.000000000000e+00,0.000000000000e+00,0.000000000000e+00,0.000000000000e+00,4.801248237796e-04,5.233360579198e-02,2.652006032803e+02,2.534848632813e+02,0.000000000000e+00,1.170210936209e+00,0.000000000000e+00,5.544198411073e+04,1.090000000000e+02
7.970000000000e+02,1.032413115392e+08,8.676835944102e+04,1.110585918671e+06,5.471563050568e-01,3.358832644579e+02,-4.431662896923e-05,-4.830512557646e-03,0.000000000000e+00,0.000000000000e+00,-7.307767774377e+01,0.000000000000e+00,0.000000000000e+00,0.000000000000e+00,0.000000000000e+00,4.966603225765e-04,5.413597516084e-02,2.650887067879e+02,2.530272521973e+02,0.000000000000e+00,1.168262316846e+00,0.000000000000e+00,5.544032827931e+04,1.090000000000e+02
7.980000000000e+02,1.032411725119e+08,8.690738675154e+04,1.114990726559e+06,5.485320823659e-01,3.363747692490e+02,-6.414593615912e-05,-6.991907041344e-03,0.000000000000e+00,0.000000000000e+00,1.390273105177e+02,0.000000000000e+00,0.000000000000e+00,0.000000000000e+00,0.000000000000e+00,6.675600004459e-04,7.276404004860e-02,2.650204819230e+02,2.532356414795e+02,0.000000000000e+00,1.170644709357e+00,0.000000000000e+00,5.543948928202e+04,1.090000000000e+02
7.990000000000e+02,1.032410249871e+08,8.705491156206e+04,1.118864289988e+06,5.496537261258e-01,3.368566627908e+02,-8.011047460800e-05,-8.732041732272e-03,0.000000000000e+00,0.000000000000e+00,1.475248105226e+02,0.000000000000e+00,0.000000000000e+00,0.000000000000e+00,0.000000000000e+00,5.620556440373e-04,6.126406520006e-02,2.649929628500e+02,2.536759490967e+02,0.000000000000e+00,1.171663227875e+00,0.000000000000e+00,5.543914348973e+04,1.090000000000e+02
8.000000000000e+02,1.032408912524e+08,8.718864623662e+04,1.122166614459e+06,5.503726698387e-01,3.374117584337e+02,-9.277357624687e-05,-1.011231981091e-02,0.000000000000e+00,0.000000000000e+00,1.337346745649e+02,0.000000000000e+00,0.000000000000e+00,0.000000000000e+00,0.000000000000e+00,4.549164999684e-04,4.958589849655e-02,2.649658313805e+02,2.542370605469e+02,0.000000000000e+00,1.171193220562e+00,0.000000000000e+00,5.543878370546e+04,1.090000000000e+02
8.010000000000e+02,1.032407651244e+08,8.731477424936e+04,1.125364386617e+06,5.510049723359e-01,3.379895729609e+02,-8.706478397449e-05,-9.490061453220e-03,0.000000000000e+00,0.000000000000e+00,1.261280127345e+02,0.000000000000e+00,0.000000000000e+00,0.000000000000e+00,0.000000000000e+00,4.446590247362e-04,4.846783369624e-02,2.649114578597e+02,2.541549987793e+02,0.000000000000e+00,1.170554736107e+00,0.000000000000e+00,5.543802841171e+04,1.090000000000e+02
8.020000000000e+02,1.032406442964e+08,8.743560222404e+04,1.128984015640e+06,5.520201342033e-01,3.384574845954e+02,-7.030318809849e-05,-7.663047502735e-03,0.000000000000e+00,0.000000000000e+00,1.208279746834e+02,0.000000000000e+00,0.000000000000e+00,0.000000000000e+00,0.000000000000e+00,5.311063683538e-04,5.789059415056e-02,2.648602550113e+02,2.539223632812e+02,0.000000000000e+00,1.171417259255e+00,0.000000000000e+00,5.543731516530e+04,1.090000000000e+02
8.030000000000e+02,1.032405276958e+08,8.755220282589e+04,1.132319341480e+06,5.527272019341e-01,3.390269688635e+02,-5.344119910281e-05,-5.825090702206e-03,0.000000000000e+00,0.000000000000e+00,1.166006018462e+02,0.000000000000e+00,0.000000000000e+00,0.000000000000e+00,0.000000000000e+00,5.006388321585e-04,5.456963270528e-02,2.648153989819e+02,2.538805236816e+02,0.000000000000e+00,1.170783902007e+00,0.000000000000e+00,5.543668909451e+04,1.090000000000e+02
8.040000000000e+02,1.032404144637e+08,8.766543496728e+04,1.134959449324e+06,5.530042523221e-01,3.396549248630e+02,-3.758811595130e-05,-4.097104638692e-03,0.000000000000e+00,0.000000000000e+00,1.132321413943e+02,0.000000000000e+00,0.000000000000e+00,0.000000000000e+00,0.000000000000e+00,4.036001053857e-04,4.399241148704e-02,2.647274123701e+02,2.531322937012e+02,0.000000000000e+00,1.171154272377e+00,0.000000000000e+00,5.543542895360e+04,1.090000000000e+02
8.050000000000e+02,1.032403043877e+08,8.777551092505e+04,1.139046657304e+06,5.543570105357e-01,3.400479904757e+02,-4.989813462308e-05,-5.438896673915e-03,0.000000000000e+00,0.000000000000e+00,1.100759577670e+02,0.000000000000e+00,0.000000000000e+00,0.000000000000e+00,0.000000000000e+00,6.274703013108e-04,6.839426284288e-02,2.647065576650e+02,2.538346862793e+02,0.000000000000e+00,1.171520467830e+00,0.000000000000e+00,5.543514859745e+04,1.090000000000e+02
8.060000000000e+02,1.032401973932e+08,8.788250546753e+04,1.142903774415e+06,5.553396348484e-01,3.405988617888e+02,-6.209335074323e-05,-6.768175231012e-03,0.000000000000e+00,0.000000000000e+00,1.069945424813e+02,0.000000000000e+00,0.000000000000e+00,0.000000000000e+00,0.000000000000e+00,5.779655431927e-04,6.299824420800e-02,2.646710483347e+02,2.539913330078e+02,0.000000000000e+00,1.171044259727e+00,0.000000000000e+00,5.543464488693e+04,1.090000000000e+02
8.070000000000e+02,1.032400930364e+08,8.798686230582e+04,1.146545406423e+06,5.563336235773e-01,3.410796456244e+02,-6.334635150279e-05,-6.904752313804e-03,0.000000000000e+00,0.000000000000e+00,1.043568382879e+02,0.000000000000e+00,0.000000000000e+00,0.000000000000e+00,0.000000000000e+00,5.426797433027e-04,5.915209201999e-02,2.646037381142e+02,2.537506408691e+02,0.000000000000e+00,1.171044259727e+00,0.000000000000e+00,5.543366849206e+04,1.090000000000e+02
8.080000000000e+02,1.032399910079e+08,8.808889073306e+04,1.150237640195e+06,5.572883652506e-01,3.415981750849e+02,-6.964726804994e-05,-7.591552217443e-03,0.000000000000e+00,0.000000000000e+00,1.020284272406e+02,0.000000000000e+00,0.000000000000e+00,0.000000000000e+00,0.000000000000e+00,5.449656295821e-04,5.940125362444e-02,2.645330315403e+02,2.531352996826e+02,0.000000000000e+00,1.171726273540e+00,0.000000000000e+00,5.543263693897e+04,1.090000000000e+02
8.090000000000e+02,1.032398915138e+08,8.818838486120e+04,1.153375127842e+06,5.578960537750e-01,3.421526020306e+02,-4.657405493823e-05,-5.076571988267e-03,0.000000000000e+00,0.000000000000e+00,9.949412813644e+01,0.000000000000e+00,0.000000000000e+00,0.000000000000e+00,0.000000000000e+00,4.703229053450e-04,5.126519668261e-02,2.645774954752e+02,2.549983367920e+02,0.000000000000e+00,1.171322037505e+00,0.000000000000e+00,5.543332487860e+04,1.090000000000e+02
8.100000000000e+02,1.032397947942e+08,8.828510440767e+04,1.156680313709e+06,5.586444629532e-01,3.426667130898e+02,-4.628372359652e-05,-5.044925872020e-03,0.000000000000e+00,0.000000000000e+00,9.671954647146e+01,0.000000000000e+00,0.000000000000e+00,0.000000000000e+00,0.000000000000e+00,4.969903772511e-04,5.417195112037e-02,2.646495187423e+02,2.559228820801e+02,0.000000000000e+00,1.169313720615e+00,0.000000000000e+00,5.543440747472e+04,1.090000000000e+02
8.110000000000e+02,1.032397005663e+08,8.837933231537e+04,1.159872366879e+06,5.592904918831e-01,3.432129787936e+02,-4.850810210334e-05,-5.287383129264e-03,0.000000000000e+00,0.000000000000e+00,9.422790770310e+01,0.000000000000e+00,0.000000000000e+00,0.000000000000e+00,0.000000000000e+00,4.783824104049e-04,5.214368273413e-02,2.646758667966e+02,2.558812561035e+02,0.000000000000e+00,1.168381659849e+00,0.000000000000e+00,5.543480823228e+04,1.090000000000e+02
8.120000000000e+02,1.032396086265e+08,8.847127216023e+04,1.163079402242e+06,5.599742864906e-01,3.437357364496e+02,-3.174648239938e-05,-3.460366581533e-03,0.000000000000e+00,0.000000000000e+00,9.193984486107e+01,0.000000000000e+00,0.000000000000e+00,0.000000000000e+00,0.000000000000e+00,4.956699249795e-04,5.402802182277e-02,2.647403856582e+02,2.567831115723e+02,0.000000000000e+00,1.167630019150e+00,0.000000000000e+00,5.543576961856e+04,1.090000000000e+02
8.130000000000e+02,1.032395187094e+08,8.856118926125e+04,1.167226190980e+06,5.612873134530e-01,3.441543978908e+02,-1.982724189798e-05,-2.161169366880e-03,0.000000000000e+00,0.000000000000e+00,8.991710101608e+01,0.000000000000e+00,0.000000000000e+00,0.000000000000e+00,0.000000000000e+00,6.664951187830e-04,7.264796794734e-02,2.647384963054e+02,2.560948791504e+02,0.000000000000e+00,1.167722611742e+00,0.000000000000e+00,5.543575493914e+04,1.090000000000e+02
8.140000000000e+02,1.032394301906e+08,8.864970807353e+04,1.171906308199e+06,5.628882854228e-01,3.445608299170e+02,-2.837828157744e-05,-3.093232691941e-03,0.000000000000e+00,0.000000000000e+00,8.851881228061e+01,0.000000000000e+00,0.000000000000e+00,0.000000000000e+00,0.000000000000e+00,7.513781463739e-04,8.190021795475e-02,2.646357158968e+02,2.543579406738e+02,0.000000000000e+00,1.167815204335e+00,0.000000000000e+00,5.543426314875e+04,1.090000000000e+02
8.150000000000e+02,1.032393428516e+08,8.873704708365e+04,1.176752951191e+06,5.645921796619e-01,3.449500722823e+02,-2.875456280001e-05,-3.134247345201e-03,0.000000000000e+00,0.000000000000e+00,8.733901012042e+01,0.000000000000e+00,0.000000000000e+00,0.000000000000e+00,0.000000000000e+00,7.781032110562e-04,8.481325000512e-02,2.645431408822e+02,2.539071044922e+02,0.000000000000e+00,1.168548053787e+00,0.000000000000e+00,5.543291394988e+04,1.090000000000e+02
8.160000000000e+02,1.032392569299e+08,8.882296873229e+04,1.180471227516e+06,5.655102984509e-01,3.454796884604e+02,-6.625247195977e-06,-7.221519443615e-04,0.000000000000e+00,0.000000000000e+00,8.592164863753e+01,0.000000000000e+00,0.000000000000e+00,0.000000000000e+00,0.000000000000e+00,6.095830821710e-04,6.644455595664e-02,2.645258123367e+02,2.550620422363e+02,0.000000000000e+00,1.168640646380e+00,0.000000000000e+00,5.543268075308e+04,1.090000000000e+02
8.170000000000e+02,1.032393569458e+08,8.872295281600e+04,1.183826833494e+06,5.662217631070e-01,3.460246444003e+02,-5.027494811620e-06,-5.479969344666e-04,0.000000000000e+00,0.000000000000e+00,-1.000159162855e+02,0.000000000000e+00,0.000000000000e+00,0.000000000000e+00,0.000000000000e+00,5.493343889833e-04,5.987744839918e-02,2.645502474621e+02,2.561318969727e+02,0.000000000000e+00,1.164018908039e+00,0.000000000000e+00,5.543296461943e+04,1.090000000000e+02
8.180000000000e+02,1.032393422636e+08,8.873763506830e+04,1.187457016231e+06,5.672509729893e-01,3.464504845162e+02,-2.649234251615e-05,-2.887665334260e-03,0.000000000000e+00,0.000000000000e+00,1.468225229693e+01,0.000000000000e+00,0.000000000000e+00,0.000000000000e+00,0.000000000000e+00,5.711962137775e-04,6.226038730175e-02,2.646079992855e+02,2.568470153809e+02,0.000000000000e+00,1.162622353165e+00,0.000000000000e+00,5.543384358682e+04,1.090000000000e+02
8.190000000000e+02,1.032392126565e+08,8.886724211323e+04,1.191091737857e+06,5.680886052645e-01,3.469930114226e+02,-2.771221594595e-05,-3.020631538108e-03,0.000000000000e+00,0.000000000000e+00,1.296070449368e+02,0.000000000000e+00,0.000000000000e+00,0.000000000000e+00,0.000000000000e+00,5.706879120841e-04,6.220498241716e-02,2.646632112464e+02,2.572004699707e+02,0.000000000000e+00,1.164167237425e+00,0.000000000000e+00,5.543472825475e+04,1.090000000000e+02
8.200000000000e+02,1.032391063037e+08,8.897359497336e+04,1.194877975104e+06,5.691520012994e-01,3.474404269881e+02,-1.796280597644e-05,-1.957945851431e-03,0.000000000000e+00,0.000000000000e+00,1.063528601227e+02,0.000000000000e+00,0.000000000000e+00,0.000000000000e+00,0.000000000000e+00,6.056739769965e-04,6.601846349262e-02,2.647181273297e+02,2.573688354492e+02,0.000000000000e+00,1.164762429537e+00,0.000000000000e+00,5.543556224716e+04,1.090000000000e+02
8.210000000000e+02,1.032390075764e+08,8.907232223028e+04,1.197989981349e+06,5.697947826334e-01,3.479464917572e+02,1.713370376790e-06,1.867573710701e-04,0.000000000000e+00,0.000000000000e+00,9.872725692833e+01,0.000000000000e+00,0.000000000000e+00,0.000000000000e+00,0.000000000000e+00,5.133948139511e-04,5.596003472067e-02,2.647807882884e+02,2.580736083984e+02,0.000000000000e+00,1.164947614723e+00,0.000000000000e+00,5.543649573376e+04,1.090000000000e+02
8.220000000000e+02,1.032389136631e+08,8.916623559105e+04,1.201226785471e+06,5.705548499220e-01,3.484176738737e+02,4.618949434114e-06,5.034654883184e-04,0.000000000000e+00,0.000000000000e+00,9.391336076811e+01,0.000000000000e+00,0.000000000000e+00,0.000000000000e+00,0.000000000000e+00,5.379174445356e-04,5.863300145438e-02,2.648252132522e+02,2.582598876953e+02,0.000000000000e+00,1.164893537256e+00,0.000000000000e+00,5.543715573244e+04,1.090000000000e+02
8.230000000000e+02,1.032388231380e+08,8.925676067054e+04,1.205734026456e+06,5.720856144619e-01,3.487865090093e+02,-1.416185814837e-05,-1.543642538173e-03,0.000000000000e+00,0.000000000000e+00,9.052507948933e+01,0.000000000000e+00,0.000000000000e+00,0.000000000000e+00,0.000000000000e+00,7.301876541181e-04,7.959045429888e-02,2.648540514725e+02,2.582938537598e+02,0.000000000000e+00,1.165171315034e+00,0.000000000000e+00,5.543758780217e+04,1.090000000000e+02
8.240000000000e+02,1.032387353205e+08,8.934457820256e+04,1.210723084397e+06,5.738405353408e-01,3.491552857751e+02,-1.946234011357e-05,-2.121395072379e-03,0.000000000000e+00,0.000000000000e+00,8.781753202265e+01,0.000000000000e+00,0.000000000000e+00,0.000000000000e+00,0.000000000000e+00,8.042479560255e-04,8.766302720678e-02,2.648899506184e+02,2.583962707520e+02,0.000000000000e+00,1.164463547928e+00,0.000000000000e+00,5.543811993372e+04,1.090000000000e+02
8.250000000000e+02,1.032386497685e+08,8.943013018423e+04,1.214938631843e+06,5.750854743081e-01,3.496084694422e+02,-7.198743644731e-06,-7.846630572757e-04,0.000000000000e+00,0.000000000000e+00,8.555198166046e+01,0.000000000000e+00,0.000000000000e+00,0.000000000000e+00,0.000000000000e+00,6.880977832933e-04,7.500265837897e-02,2.649336685488e+02,2.586511230469e+02,0.000000000000e+00,1.164463547928e+00,0.000000000000e+00,5.543876034879e+04,1.090000000000e+02
8.260000000000e+02,1.032385661812e+08,8.951371746591e+04,1.219578981223e+06,5.767076363556e-01,3.499517405894e+02,1.948338125751e-05,2.123688557069e-03,0.000000000000e+00,0.000000000000e+00,8.358728168167e+01,0.000000000000e+00,0.000000000000e+00,0.000000000000e+00,0.000000000000e+00,7.845735963054e-04,8.551852199729e-02,2.649871980518e+02,2.590455932617e+02,0.000000000000e+00,1.163830190680e+00,0.000000000000e+00,5.543953482521e+04,1.090000000000e+02
8.270000000000e+02,1.032384843220e+08,8.959557665313e+04,1.224352738359e+06,5.783369526628e-01,3.503274327894e+02,3.703383567718e-05,4.036688088812e-03,0.000000000000e+00,0.000000000000e+00,8.185918722115e+01,0.000000000000e+00,0.000000000000e+00,0.000000000000e+00,0.000000000000e+00,8.244980811775e-04,8.987029084835e-02,2.650350908626e+02,2.592492065430e+02,0.000000000000e+00,1.163338839253e+00,0.000000000000e+00,5.544022321313e+04,1.090000000000e+02
8.280000000000e+02,1.032384039369e+08,8.967596181087e+04,1.228328289794e+06,5.795088751580e-01,3.507518335415e+02,6.492800006740e-05,7.077152007347e-03,0.000000000000e+00,0.000000000000e+00,8.038515773815e+01,0.000000000000e+00,0.000000000000e+00,0.000000000000e+00,0.000000000000e+00,7.214302288716e-04,7.863589494701e-02,2.650609161703e+02,2.592140502930e+02,0.000000000000e+00,1.162963478106e+00,0.000000000000e+00,5.544059878325e+04,1.090000000000e+02
8.290000000000e+02,1.032383248753e+08,8.975502338294e+04,1.232590816448e+06,5.809190283955e-01,3.511106995574e+02,7.258541558438e-05,7.911810298697e-03,0.000000000000e+00,0.000000000000e+00,7.906157207806e+01,0.000000000000e+00,0.000000000000e+00,0.000000000000e+00,0.000000000000e+00,7.756716401578e-04,8.454820877720e-02,2.651041595748e+02,2.595045776367e+02,0.000000000000e+00,1.161677430193e+00,0.000000000000e+00,5.544121714959e+04,1.090000000000e+02
8.300000000000e+02,1.032382470822e+08,8.983281648918e+04,1.236335065037e+06,5.819081968236e-01,3.515723133260e+02,5.954470483340e-05,6.490372826840e-03,0.000000000000e+00,0.000000000000e+00,7.779310623426e+01,0.000000000000e+00,0.000000000000e+00,0.000000000000e+00,0.000000000000e+00,6.754695103225e-04,7.362617662515e-02,2.651748575913e+02,2.601454162598e+02,0.000000000000e+00,1.160609848440e+00,0.000000000000e+00,5.544221021797e+04,1.090000000000e+02
8.310000000000e+02,1.032381704211e+08,8.990947751855e+04,1.240287574438e+06,5.831317808082e-01,3.519506300548e+02,5.839267884875e-05,6.364801994514e-03,0.000000000000e+00,0.000000000000e+00,7.666102937022e+01,0.000000000000e+00,0.000000000000e+00,0.000000000000e+00,0.000000000000e+00,7.091822474981e-04,7.730086497729e-02,2.652379988711e+02,2.603712158203e+02,0.000000000000e+00,1.158715359403e+00,0.000000000000e+00,5.544308898905e+04,1.090000000000e+02
8.320000000000e+02,1.032380947776e+08,8.998512107997e+04,1.244416167543e+06,5.844059746334e-01,3.523458992369e+02,7.082459960401e-05,7.719881356838e-03,0.000000000000e+00,0.000000000000e+00,7.564356142070e+01,0.000000000000e+00,0.000000000000e+00,0.000000000000e+00,0.000000000000e+00,7.502670355005e-04,8.177910686955e-02,2.653106146626e+02,2.609060668945e+02,0.000000000000e+00,1.158715359403e+00,0.000000000000e+00,5.544408932302e+04,1.090000000000e+02
8.330000000000e+02,1.032380200510e+08,9.005984768977e+04,1.247808815122e+06,5.852343642204e-01,3.528008687182e+02,8.443146995395e-05,9.203030224980e-03,0.000000000000e+00,0.000000000000e+00,7.472660980393e+01,0.000000000000e+00,0.000000000000e+00,0.000000000000e+00,0.000000000000e+00,6.425798704915e-04,7.004120588357e-02,2.653742071166e+02,2.612587280273e+02,0.000000000000e+00,1.156320181248e+00,0.000000000000e+00,5.544495784939e+04,1.090000000000e+02
8.340000000000e+02,1.032379462276e+08,9.013367103041e+04,1.250588925487e+06,5.857428544660e-01,3.532707174142e+02,1.135790763474e-04,1.238011932186e-02,0.000000000000e+00,0.000000000000e+00,7.382334063606e+01,0.000000000000e+00,0.000000000000e+00,0.000000000000e+00,0.000000000000e+00,5.681862103977e-04,6.193229693335e-02,2.654818874317e+02,2.623363647461e+02,0.000000000000e+00,1.156227588655e+00,0.000000000000e+00,5.544640655047e+04,1.090000000000e+02
8.350000000000e+02,1.032378732123e+08,9.020668629680e+04,1.253871379226e+06,5.865881144399e-01,3.536800148372e+02,1.030151721898e-04,1.122865376868e-02,0.000000000000e+00,0.000000000000e+00,7.301526638986e+01,0.000000000000e+00,0.000000000000e+00,0.000000000000e+00,0.000000000000e+00,6.417139953934e-04,6.994682549788e-02,2.655710541936e+02,2.624875183105e+02,0.000000000000e+00,1.156042403470e+00,0.000000000000e+00,5.544758938591e+04,1.090000000000e+02
8.360000000000e+02,1.032378008430e+08,9.027905559213e+04,1.259131722230e+06,5.886657546864e-01,3.539049833990e+02,9.232086957693e-05,1.006297478389e-02,0.000000000000e+00,0.000000000000e+00,7.236929533029e+01,0.000000000000e+00,0.000000000000e+00,0.000000000000e+00,0.000000000000e+00,9.595734036236e-04,1.045935009950e-01,2.656340543850e+02,2.624607849121e+02,0.000000000000e+00,1.155949810877e+00,0.000000000000e+00,5.544841911234e+04,1.090000000000e+02
8.370000000000e+02,1.032377291175e+08,9.035078115813e+04,1.263177272158e+06,5.898054042607e-01,3.543488135533e+02,1.167983956469e-04,1.273102512551e-02,0.000000000000e+00,0.000000000000e+00,7.172556599990e+01,0.000000000000e+00,0.000000000000e+00,0.000000000000e+00,0.000000000000e+00,7.819011613129e-04,8.522722658310e-02,2.657207864994e+02,2.630239257812e+02,0.000000000000e+00,1.155248706694e+00,0.000000000000e+00,5.544954909653e+04,1.090000000000e+02
8.380000000000e+02,1.032376579158e+08,9.042198284303e+04,1.266373310964e+06,5.906228435084e-01,3.547493641996e+02,1.336981812228e-04,1.457310175328e-02,0.000000000000e+00,0.000000000000e+00,7.120168490034e+01,0.000000000000e+00,0.000000000000e+00,0.000000000000e+00,0.000000000000e+00,6.599318376131e-04,7.193257029983e-02,2.657731380942e+02,2.627440795898e+02,0.000000000000e+00,1.155248706694e+00,0.000000000000e+00,5.545022659579e+04,1.090000000000e+02
8.390000000000e+02,1.032375872456e+08,9.049265307257e+04,1.269338405064e+06,5.912296296723e-01,3.552081702445e+02,1.236444377597e-04,1.347724371581e-02,0.000000000000e+00,0.000000000000e+00,7.067022954479e+01,0.000000000000e+00,0.000000000000e+00,0.000000000000e+00,0.000000000000e+00,6.101621076478e-04,6.650766973361e-02,2.658568556511e+02,2.635914916992e+02,0.000000000000e+00,1.154608122221e+00,0.000000000000e+00,5.545129831655e+04,1.090000000000e+02
8.400000000000e+02,1.032375171730e+08,9.056272561165e+04,1.273115051115e+06,5.924288280319e-01,3.555348925007e+02,1.334798346231e-04,1.454930197392e-02,0.000000000000e+00,0.000000000000e+00,7.007253907449e+01,0.000000000000e+00,0.000000000000e+00,0.000000000000e+00,0.000000000000e+00,7.530052453244e-04,8.207757174036e-02,2.659678268122e+02,2.643602294922e+02,0.000000000000e+00,1.154608122221e+00,0.000000000000e+00,5.545269620216e+04,1.090000000000e+02
8.410000000000e+02,1.032374476490e+08,9.063224963141e+04,1.277030161674e+06,5.936176527831e-01,3.559039793663e+02,1.544011909319e-04,1.682972981158e-02,0.000000000000e+00,0.000000000000e+00,6.952401976081e+01,0.000000000000e+00,0.000000000000e+00,0.000000000000e+00,0.000000000000e+00,7.961672762124e-04,8.678223310715e-02,2.660942324048e+02,2.653844299316e+02,0.000000000000e+00,1.153568097111e+00,0.000000000000e+00,5.545426093741e+04,1.090000000000e+02
8.420000000000e+02,1.032373784901e+08,9.070140852736e+04,1.280107724745e+06,5.943259199801e-01,3.563290323030e+02,1.664947736354e-04,1.814793032626e-02,0.000000000000e+00,0.000000000000e+00,6.915889595241e+01,0.000000000000e+00,0.000000000000e+00,0.000000000000e+00,0.000000000000e+00,6.711899355305e-04,7.315970297282e-02,2.661898380015e+02,2.653823852539e+02,0.000000000000e+00,1.153081264773e+00,0.000000000000e+00,5.545542652775e+04,1.090000000000e+02
8.430000000000e+02,1.032373095754e+08,9.077032327852e+04,1.283112086666e+06,5.950690250342e-01,3.567128811098e+02,1.904943601450e-04,2.076388525581e-02,0.000000000000e+00,0.000000000000e+00,6.891475115849e+01,0.000000000000e+00,0.000000000000e+00,0.000000000000e+00,0.000000000000e+00,6.837045059591e-04,7.452379114955e-02,2.662725491952e+02,2.653506774902e+02,0.000000000000e+00,1.152564224344e+00,0.000000000000e+00,5.545642431575e+04,1.090000000000e+02
8.440000000000e+02,1.032372409338e+08,9.083896484688e+04,1.286559372850e+06,5.965452773910e-01,3.567792390187e+02,1.855272116915e-04,2.022246607438e-02,0.000000000000e+00,0.000000000000e+00,6.864156835705e+01,0.000000000000e+00,0.000000000000e+00,0.000000000000e+00,0.000000000000e+00,7.517140653825e-04,8.193683312669e-02,2.663622786352e+02,2.656712951660e+02,0.000000000000e+00,1.151104093518e+00,0.000000000000e+00,5.545749400913e+04,1.090000000000e+02
8.450000000000e+02,1.032371725105e+08,9.090738819359e+04,1.291019806798e+06,5.978259022562e-01,3.572425375121e+02,1.991185045345e-04,2.170391699426e-02,0.000000000000e+00,0.000000000000e+00,6.842334671600e+01,0.000000000000e+00,0.000000000000e+00,0.000000000000e+00,0.000000000000e+00,9.329923526797e-04,1.016961664421e-01,2.664507937962e+02,2.658271179199e+02,0.000000000000e+00,1.150644846925e+00,0.000000000000e+00,5.545853596568e+04,1.090000000000e+02
8.460000000000e+02,1.032371041953e+08,9.097570330410e+04,1.294512247377e+06,5.987516182193e-01,3.576503034472e+02,2.104548124243e-04,2.293957455425e-02,0.000000000000e+00,0.000000000000e+00,6.831511050269e+01,0.000000000000e+00,0.000000000000e+00,0.000000000000e+00,0.000000000000e+00,7.853113798021e-04,8.559894039843e-02,2.665148380717e+02,2.656517944336e+02,0.000000000000e+00,1.150103131977e+00,0.000000000000e+00,5.545928285060e+04,1.090000000000e+02
8.470000000000e+02,1.032370360247e+08,9.104387393754e+04,1.297775869276e+06,5.996975492279e-01,3.579810016519e+02,2.483548699554e-04,2.707068082514e-02,0.000000000000e+00,0.000000000000e+00,6.817063344848e+01,0.000000000000e+00,0.000000000000e+00,0.000000000000e+00,0.000000000000e+00,7.849872665959e-04,8.556361205895e-02,2.665874488613e+02,2.660412597656e+02,0.000000000000e+00,1.150010539385e+00,0.000000000000e+00,5.546012179867e+04,1.090000000000e+02
8.480000000000e+02,1.032369681464e+08,9.111175222362e+04,1.302234684532e+06,6.013287100881e-01,3.582282182089e+02,3.183983648820e-04,3.470542177214e-02,0.000000000000e+00,0.000000000000e+00,6.787828607701e+01,0.000000000000e+00,0.000000000000e+00,0.000000000000e+00,0.000000000000e+00,1.050981054550e-03,1.145569349460e-01,2.667005339786e+02,2.670380859375e+02,0.000000000000e+00,1.148353502235e+00,0.000000000000e+00,5.546140835927e+04,1.090000000000e+02
8.490000000000e+02,1.032369004914e+08,9.117940723665e+04,1.308139807807e+06,6.040129441254e-01,3.582453765372e+02,3.269728630840e-04,3.564004207615e-02,0.000000000000e+00,0.000000000000e+00,6.765501302796e+01,0.000000000000e+00,0.000000000000e+00,0.000000000000e+00,0.000000000000e+00,1.298909260631e-03,1.415811094087e-01,2.668123243663e+02,2.674275207520e+02,0.000000000000e+00,1.147252799331e+00,0.000000000000e+00,5.546265784766e+04,1.090000000000e+02
8.500000000000e+02,1.032369250626e+08,9.115483601097e+04,1.314125567639e+06,6.063686609375e-01,3.584817757823e+02,2.681502482730e-04,2.922837706176e-02,0.000000000000e+00,0.000000000000e+00,-2.457122567702e+01,0.000000000000e+00,0.000000000000e+00,0.000000000000e+00,0.000000000000e+00,1.255423109339e-03,1.368411189180e-01,2.668809363745e+02,2.674375915527e+02,0.000000000000e+00,1.143401572720e+00,0.000000000000e+00,5.546338662017e+04,1.090000000000e+02
8.510000000000e+02,1.032369230927e+08,9.115680591622e+04,1.319145029445e+06,6.081244905471e-01,3.588080987797e+02,2.285501659858e-04,2.491196809245e-02,0.000000000000e+00,0.000000000000e+00,1.969905242829e+00,0.000000000000e+00,0.000000000000e+00,0.000000000000e+00,0.000000000000e+00,1.056430261008e-03,1.151508984499e-01,2.669378135200e+02,2.670426025391e+02,0.000000000000e+00,1.141366012048e+00,0.000000000000e+00,5.546399635325e+04,1.090000000000e+02
8.520000000000e+02,1.032368998500e+08,9.118004858559e+04,1.322497255440e+06,6.091031889938e-01,3.591399734214e+02,2.517267775110e-04,2.743821874869e-02,0.000000000000e+00,0.000000000000e+00,2.324266937418e+01,0.000000000000e+00,0.000000000000e+00,0.000000000000e+00,0.000000000000e+00,8.050396043294e-04,8.774931687190e-02,2.669654475424e+02,2.664530639648e+02,0.000000000000e+00,1.140062671401e+00,0.000000000000e+00,5.546429544695e+04,1.090000000000e+02
8.530000000000e+02,1.032368462887e+08,9.123360994380e+04,1.325490049462e+06,6.098715913445e-01,3.594966047690e+02,2.685763927113e-04,2.927482680553e-02,0.000000000000e+00,0.000000000000e+00,5.356135821355e+01,0.000000000000e+00,0.000000000000e+00,0.000000000000e+00,0.000000000000e+00,7.620416679628e-04,8.306254180794e-02,2.670006161390e+02,2.665059814453e+02,0.000000000000e+00,1.140656031341e+00,0.000000000000e+00,5.546469277365e+04,1.090000000000e+02
8.540000000000e+02,1.032367500228e+08,9.132987579335e+04,1.329824761205e+06,6.114195555487e-01,3.597551519523e+02,2.911789012889e-04,3.173850024049e-02,0.000000000000e+00,0.000000000000e+00,9.626584954214e+01,0.000000000000e+00,0.000000000000e+00,0.000000000000e+00,0.000000000000e+00,1.005750051528e-03,1.096267556165e-01,2.670558847149e+02,2.668302612305e+02,0.000000000000e+00,1.140905420655e+00,0.000000000000e+00,5.546530411038e+04,1.090000000000e+02
8.550000000000e+02,1.032366640170e+08,9.141588159992e+04,1.333261837967e+06,6.126102991178e-01,3.599766859933e+02,3.433383366059e-04,3.742387869004e-02,0.000000000000e+00,0.000000000000e+00,8.600580657592e+01,0.000000000000e+00,0.000000000000e+00,0.000000000000e+00,0.000000000000e+00,9.074308544497e-04,9.890996313502e-02,2.671598964387e+02,2.678546447754e+02,0.000000000000e+00,1.140737528204e+00,0.000000000000e+00,5.546641553714e+04,1.090000000000e+02
8.560000000000e+02,1.032365820367e+08,9.149786188702e+04,1.335285311694e+06,6.126928549170e-01,3.604670779579e+02,3.360115969389e-04,3.662526406634e-02,0.000000000000e+00,0.000000000000e+00,8.198028709409e+01,0.000000000000e+00,0.000000000000e+00,0.000000000000e+00,0.000000000000e+00,6.661910798128e-04,7.261482769959e-02,2.672679745433e+02,2.686212768555e+02,0.000000000000e+00,1.140362167057e+00,0.000000000000e+00,5.546754750327e+04,1.090000000000e+02
8.570000000000e+02,1.032365023505e+08,9.157754817163e+04,1.337570802095e+06,6.131756123635e-01,3.607909703117e+02,3.805836137652e-04,4.148361390040e-02,0.000000000000e+00,0.000000000000e+00,7.968628461885e+01,0.000000000000e+00,0.000000000000e+00,0.000000000000e+00,0.000000000000e+00,7.532057760458e-04,8.209942958900e-02,2.673996634365e+02,2.694077758789e+02,0.000000000000e+00,1.139865338429e+00,0.000000000000e+00,5.546889967095e+04,1.090000000000e+02
8.580000000000e+02,1.032364242690e+08,9.165326803761e+04,1.339857317144e+06,6.135277753149e-01,3.611915485236e+02,4.095399010735e-04,4.463984921701e-02,0.000000000000e+00,2.361952908589e+00,7.808181888169e+01,0.000000000000e+00,0.000000000000e+00,0.000000000000e+00,0.000000000000e+00,7.823652161839e-04,8.527780856405e-02,2.675329628871e+02,2.699099731445e+02,0.000000000000e+00,1.139865338429e+00,2.361952908589e+00,5.547023926298e+04,1.090000000000e+02
8.590000000000e+02,1.032363466876e+08,9.171672869321e+04,1.342395377077e+06,6.141649544179e-01,3.614915997213e+02,4.442898495900e-04,4.842759360531e-02,0.000000000000e+00,1.412139827410e+01,7.758205388119e+01,0.000000000000e+00,0.000000000000e+00,0.000000000000e+00,0.000000000000e+00,8.587274954256e-04,9.360129700139e-02,2.676686407630e+02,2.703914794922e+02,0.000000000000e+00,1.138720804928e+00,1.412139827410e+01,5.547157440399e+04,1.090000000000e+02
8.600000000000e+02,1.032362694168e+08,9.177532204292e+04,1.346621503745e+06,6.159026493915e-01,3.616000836591e+02,4.849531205659e-04,5.285989014168e-02,0.000000000000e+00,1.867748599664e+01,7.727083570055e+01,0.000000000000e+00,0.000000000000e+00,0.000000000000e+00,0.000000000000e+00,1.179934567851e-03,1.286128678957e-01,2.677710180685e+02,2.702321166992e+02,0.000000000000e+00,1.138460230776e+00,1.867748599664e+01,5.547256217799e+04,1.090000000000e+02
8.610000000000e+02,1.032361922879e+08,9.183347250363e+04,1.351457268894e+06,6.177706085085e-01,3.617969127181e+02,4.857386887277e-04,5.294551707132e-02,0.000000000000e+00,1.897719099410e+01,7.712765170152e+01,0.000000000000e+00,0.000000000000e+00,0.000000000000e+00,0.000000000000e+00,1.282791944876e-03,1.398243219915e-01,2.678416000413e+02,2.700245056152e+02,0.000000000000e+00,1.137734280935e+00,1.897719099410e+01,5.547323424622e+04,1.090000000000e+02
8.620000000000e+02,1.032361153518e+08,9.188941638766e+04,1.354912565000e+06,6.189329312280e-01,3.620354699688e+02,4.839464986695e-04,5.275016835497e-02,0.000000000000e+00,2.099004248299e+01,7.693392651285e+01,0.000000000000e+00,0.000000000000e+00,0.000000000000e+00,0.000000000000e+00,1.052124107526e-03,1.146815277204e-01,2.679274902242e+02,2.705227355957e+02,0.000000000000e+00,1.137456503157e+00,2.099004248299e+01,5.547404278938e+04,1.090000000000e+02
8.630000000000e+02,1.032360385209e+08,9.194278481046e+04,1.357570976579e+06,6.197053683170e-01,3.622888678429e+02,4.907506232247e-04,5.349181793149e-02,0.000000000000e+00,2.346234925191e+01,7.683077205491e+01,0.000000000000e+00,0.000000000000e+00,0.000000000000e+00,0.000000000000e+00,9.274340286241e-04,1.010903091200e-01,2.680063754163e+02,2.704778747559e+02,0.000000000000e+00,1.137456503157e+00,2.346234925191e+01,5.547477491751e+04,1.090000000000e+02
8.640000000000e+02,1.032359617004e+08,9.199432527447e+04,1.359615387196e+06,6.200722109525e-01,3.626150337933e+02,5.108555992490e-04,5.568326031814e-02,0.000000000000e+00,2.527990075656e+01,7.682036476891e+01,0.000000000000e+00,0.000000000000e+00,0.000000000000e+00,0.000000000000e+00,8.460062121965e-04,9.221467712942e-02,2.680857327607e+02,2.707965087891e+02,0.000000000000e+00,1.136152540877e+00,2.527990075656e+01,5.547550214575e+04,1.090000000000e+02
8.650000000000e+02,1.032358849054e+08,9.204221395936e+04,1.361388671105e+06,6.203160182310e-01,3.629394148542e+02,5.754417367139e-04,6.272314930182e-02,0.000000000000e+00,2.890659647165e+01,7.679528135818e+01,0.000000000000e+00,0.000000000000e+00,0.000000000000e+00,0.000000000000e+00,8.650752092786e-04,9.429319781136e-02,2.681847419798e+02,2.715332641602e+02,0.000000000000e+00,1.135674961584e+00,2.890659647165e+01,5.547639592680e+04,1.090000000000e+02
8.660000000000e+02,1.032358079893e+08,9.208737180308e+04,1.362628506545e+06,6.203702067460e-01,3.632331440784e+02,6.553850326945e-04,7.143696856370e-02,0.000000000000e+00,3.175957733811e+01,7.691742105800e+01,0.000000000000e+00,0.000000000000e+00,0.000000000000e+00,0.000000000000e+00,8.572772247381e-04,9.344321749646e-02,2.682719068417e+02,2.717089233398e+02,0.000000000000e+00,1.135582368992e+00,3.175957733811e+01,5.547716982558e+04,1.090000000000e+02
8.670000000000e+02,1.032357309631e+08,9.212834151765e+04,1.363400336394e+06,6.201654621737e-01,3.635521387737e+02,6.933930870589e-04,7.557984648942e-02,0.000000000000e+00,3.605778891438e+01,7.702750348730e+01,0.000000000000e+00,0.000000000000e+00,0.000000000000e+00,0.000000000000e+00,8.168537515107e-04,8.903705891467e-02,2.683895556522e+02,2.724472961426e+02,0.000000000000e+00,1.133421154025e+00,3.605778891438e+01,5.547819687488e+04,1.090000000000e+02
8.680000000000e+02,1.032356537299e+08,9.216425377221e+04,1.364085283851e+06,6.199004563049e-01,3.638837103711e+02,6.621332733850e-04,7.217252679896e-02,0.000000000000e+00,4.132026944012e+01,7.723252400407e+01,0.000000000000e+00,0.000000000000e+00,0.000000000000e+00,0.000000000000e+00,7.713310322675e-04,8.407508251716e-02,2.685065844333e+02,2.728903503418e+02,0.000000000000e+00,1.132516945702e+00,4.132026944012e+01,5.547919683028e+04,1.090000000000e+02
8.690000000000e+02,1.032359058030e+08,9.226725062064e+04,1.364902470909e+06,6.197086189860e-01,3.642067433194e+02,6.645413316856e-04,7.243500515373e-02,0.000000000000e+00,5.631932736467e+01,-2.520728420087e+02,6.802554865442e-05,7.414784803332e-03,0.000000000000e+00,0.000000000000e+00,8.629616115556e-04,9.406281565956e-02,2.686482937517e+02,2.731107177734e+02,0.000000000000e+00,1.127620001911e+00,5.631932736467e+01,5.548036332495e+04,1.090000000000e+02
8.700000000000e+02,1.032479105679e+08,9.468757528370e+04,1.352217862652e+06,6.134376506661e-01,3.644719736953e+02,5.995731268751e-04,6.535347082938e-02,0.000000000000e+00,3.966744783296e+02,-1.200476297271e+04,2.450789720741e-03,2.671360795608e-01,0.000000000000e+00,0.000000000000e+00,9.291623811634e-04,1.012786995468e-01,2.694608738675e+02,2.735635070801e+02,0.000000000000e+00,9.995005044759e-01,3.966744783296e+02,5.548623332033e+04,1.090000000000e+02
8.710000000000e+02,1.032696935896e+08,1.013585044791e+05,1.324774866259e+06,6.001304466306e-01,3.649484691532e+02,4.847626712850e-04,5.283913117006e-02,0.000000000000e+00,1.566852540387e+03,-2.178302372702e+04,4.507632534448e-03,4.913319462549e-01,4.557847832931e-04,4.968054137895e-02,4.282709259234e-04,4.668153092565e-02,2.705594030256e+02,2.737495727539e+02,0.000000000000e+00,7.419173050896e-01,1.566852540387e+03,5.549296735857e+04,1.090000000000e+02
8.720000000000e+02,1.033065024652e+08,1.211676400736e+05,1.268362896487e+06,5.734607801058e-01,3.655996080287e+02,2.695291768488e-04,2.937868027652e-02,0.000000000000e+00,1.374490764806e+04,-3.680887716782e+04,9.090117751358e-03,9.908228348981e-01,2.541374137859e-03,2.770097810266e-01,0.000000000000e+00,0.000000000000e+00,2.725516659378e+02,2.749679870605e+02,0.000000000000e+00,2.837866666315e-01,1.374490764806e+04,5.550179599475e+04,1.090000000000e+02
8.730000000000e+02,1.033287472227e+08,1.435332662644e+05,1.182224292201e+06,5.335533321889e-01,3.662472177051e+02,5.743103032547e-05,6.259982305476e-03,0.000000000000e+00,6.522679080900e+04,-2.224475466379e+04,1.418718807373e-02,1.546403500037e+00,3.968214481158e-03,4.325353784463e-01,0.000000000000e+00,0.000000000000e+00,2.730775269515e+02,2.757260437012e+02,0.000000000000e+00,3.518518518475e-03,6.522679080900e+04,5.550352760552e+04,1.090000000000e+02
8.740000000000e+02,1.033327160343e+08,1.606026252748e+05,1.080419010197e+06,4.867918122910e-01,3.668608946906e+02,-5.913767181928e-05,-6.446006228302e-03,0.000000000000e+00,9.538552697240e+04,-3.968815046317e+03,1.688670151739e-02,1.840650465396e+00,2.357258449357e-03,2.569411709799e-01,0.000000000000e+00,0.000000000000e+00,2.730653783924e+02,2.760657348633e+02,0.000000000000e+00,2.407407407389e-03,9.538552697240e+04,5.550349896819e+04,1.090000000000e+02
8.750000000000e+02,1.033353523464e+08,1.757962407895e+05,9.702151754219e+05,4.364542690286e-01,3.674360491804e+02,-1.178946490521e-04,-1.285051674667e-02,0.000000000000e+00,1.092012774436e+05,-2.636310722106e+03,1.833374541555e-02,1.998378250295e+00,2.663560392190e-03,2.903280827487e-01,0.000000000000e+00,0.000000000000e+00,2.730629058682e+02,2.761352539062e+02,0.000000000000e+00,6.203703703679e-03,1.092012774436e+05,5.550349346136e+04,1.090000000000e+02
8.760000000000e+02,1.033372543097e+08,1.892881520157e+05,8.587941598581e+05,3.857427777755e-01,3.679965556862e+02,-1.238076659042e-04,-1.349503558356e-02,0.000000000000e+00,1.137241197990e+05,-1.901957912134e+03,1.854082968309e-02,2.020950435457e+00,2.801409850058e-03,3.053536736563e-01,0.000000000000e+00,0.000000000000e+00,2.730569582059e+02,2.759951782227e+02,0.000000000000e+00,9.351851851824e-03,1.137241197990e+05,5.550347869521e+04,1.090000000000e+02
8.770000000000e+02,1.033387419352e+08,2.022383497095e+05,7.409881471104e+05,3.323472143677e-01,3.685289464148e+02,-1.427389881112e-04,-1.555854970412e-02,0.000000000000e+00,1.117120147416e+05,-1.487626377050e+03,1.961522033669e-02,2.138059016699e+00,1.236410002489e-03,1.347686902713e-01,0.000000000000e+00,0.000000000000e+00,2.730552825982e+02,2.762627258301e+02,0.000000000000e+00,7.222222222205e-03,1.117120147416e+05,5.550347423519e+04,1.090000000000e+02
8.780000000000e+02,1.033398866813e+08,2.135596469701e+05,6.189776974638e+05,2.772445990951e-01,3.690320107358e+02,-1.520826776049e-04,-1.657701185893e-02,0.000000000000e+00,1.430234118686e+05,-1.144728985212e+03,2.031953047836e-02,2.214828822141e+00,5.381717484133e-03,5.866072057705e-01,0.000000000000e+00,0.000000000000e+00,2.730582019139e+02,2.762880859375e+02,0.000000000000e+00,5.555555555549e-03,1.430234118686e+05,5.550348355935e+04,1.090000000000e+02
8.790000000000e+02,1.033407774915e+08,2.234822494104e+05,4.980531813790e+05,2.228062698533e-01,3.694879921706e+02,-1.666671323913e-04,-1.816671743065e-02,0.000000000000e+00,1.437240090177e+05,-8.907718171638e+02,2.015455473833e-02,2.196846466478e+00,5.389326410577e-03,5.874365787529e-01,0.000000000000e+00,0.000000000000e+00,2.730511032297e+02,2.766585998535e+02,0.000000000000e+00,4.259259259258e-03,1.437240090177e+05,5.550346291333e+04,1.090000000000e+02
8.800000000000e+02,1.033413318625e+08,2.342496422046e+05,3.622168652338e+05,1.619135429813e-01,3.697744583167e+02,-2.492315638286e-04,-2.716624045732e-02,0.000000000000e+00,1.319053220536e+05,-5.543644758515e+02,2.270197017431e-02,2.474514749000e+00,9.724056160466e-04,1.059922121491e-01,0.000000000000e+00,0.000000000000e+00,2.730511136694e+02,2.772521362305e+02,0.000000000000e+00,9.166666666696e-03,1.319053220536e+05,5.550346334208e+04,1.090000000000e+02
8.810000000000e+02,1.033417218046e+08,2.441694822183e+05,2.158357094393e+05,9.647050628902e-02,3.698097590595e+02,-2.850980009993e-04,-3.107568210893e-02,0.000000000000e+00,1.457713268584e+05,-3.899405041450e+02,2.448090136512e-02,2.668418248798e+00,1.318150236290e-03,1.436783757556e-01,0.000000000000e+00,0.000000000000e+00,2.730516533501e+02,2.768986206055e+02,0.000000000000e+00,1.129629629634e-02,1.457713268584e+05,5.550346633737e+04,1.090000000000e+02
8.820000000000e+02,1.033421495092e+08,2.529444831046e+05,7.079291760433e+04,3.169396662024e-02,3.691876264416e+02,-2.749144684767e-04,-2.996567706396e-02,0.000000000000e+00,1.501862685099e+05,-4.276878404668e+02,2.424941402685e-02,2.643186128926e+00,2.096398098532e-03,2.285073927400e-01,0.000000000000e+00,0.000000000000e+00,2.730534224664e+02,2.771823425293e+02,0.000000000000e+00,1.055555555560e-02,1.501862685099e+05,5.550347277828e+04,1.090000000000e+02
8.830000000000e+02,1.033432518252e+08,1.229782978239e+05,3.124345623074e+03,1.410342614183e-03,3.661484945017e+02,-3.851874604848e-04,-4.198543319284e-02,2.637744189514e-03,2.137020769066e+05,-9.559253690945e+02,1.132082255822e-02,1.233969658846e+00,2.452809222352e-03,2.673562052363e-01,0.000000000000e+00,0.000000000000e+00,2.735571435297e+02,2.772532348633e+02,8.333333333322e-04,4.259259259258e-03,2.137020769066e+05,5.550414572768e+04,1.090000000000e+02
8.840000000000e+02,1.033484121619e+08,6.465680777616e+04,2.710019522387e+01,1.236100956288e-05,3.625148765139e+02,4.130874196091e-04,4.502652873739e-02,-5.433932188653e-02,6.638234047538e+04,-8.176443223421e+03,5.173624271525e-04,5.639250455962e-02,2.086471567181e-03,2.274254008227e-01,0.000000000000e+00,0.000000000000e+00,2.780226076022e+02,2.775728149414e+02,2.907407407405e-02,4.361111111109e-02,6.638234047538e+04,5.550196315197e+04,1.090000000000e+02
8.850000000000e+02,1.033474180287e+08,4.330667895774e+04,6.023854743044e-01,2.771125586592e-07,3.601084366800e+02,1.037822458952e-03,1.131226480258e-01,-1.182190471060e-01,2.732177967170e+04,-5.567265513141e+03,4.423768871618e-06,4.821908070064e-04,1.856232568552e-03,2.023293499722e-01,0.000000000000e+00,0.000000000000e+00,2.791553507699e+02,2.781106567383e+02,4.694444444440e-02,6.546296296293e-02,2.732177967170e+04,5.549876246706e+04,1.090000000000e+02
8.860000000000e+02,1.033460063634e+08,2.613218149873e+04,4.220387792599e-01,1.934170699360e-07,3.604915685387e+02,1.198394829861e-03,1.306250364549e-01,-1.352491691276e-01,2.373761481508e+04,-6.094514128682e+03,3.026593147747e-08,3.298986531045e-06,2.049942774338e-03,2.234437624028e-01,0.000000000000e+00,0.000000000000e+00,2.801001104188e+02,2.785783386230e+02,6.537037037031e-02,8.388888888886e-02,2.373761481508e+04,5.549558623517e+04,1.090000000000e+02
8.870000000000e+02,1.033437895649e+08,1.417973927835e+04,4.175119602308e-01,1.909497145985e-07,3.610441657539e+02,1.272298134100e-03,1.386804966170e-01,-1.420390179138e-01,1.822359910354e+04,-5.665889847830e+03,7.678638534562e-10,8.369716002673e-08,1.942547203414e-03,2.117376451721e-01,0.000000000000e+00,0.000000000000e+00,2.805579779253e+02,2.790574340820e+02,8.092592592585e-02,1.013888888888e-01,1.822359910354e+04,5.549410048278e+04,1.090000000000e+02
8.880000000000e+02,1.033506439441e+08,6.717072669962e+03,4.171114935362e-01,1.904178621499e-07,3.616481923411e+02,1.371497168507e-03,1.494931913673e-01,-1.514980009481e-01,1.423729519919e+04,-1.526169535959e+04,5.555872552286e-11,6.055901081991e-09,3.624711327358e-03,3.950935346820e-01,0.000000000000e+00,0.000000000000e+00,2.812256307149e+02,2.794629516602e+02,9.583333333325e-02,9.842592592589e-02,1.423729519919e+04,5.549140141438e+04,1.090000000000e+02
8.890000000000e+02,1.033583161718e+08,2.223235299063e+03,4.170794405907e-01,1.900573823946e-07,3.600159374730e+02,1.500920765287e-03,1.636003634163e-01,-1.646936247464e-01,1.282568966284e+04,-1.681156393950e+04,4.006852432982e-12,4.367469151951e-10,4.146861865319e-03,4.520079433198e-01,0.000000000000e+00,0.000000000000e+00,2.814315212919e+02,2.796016235352e+02,1.075925925925e-01,9.351851851849e-02,1.282568966284e+04,5.549069384837e+04,1.090000000000e+02
8.900000000000e+02,1.033588173578e+08,3.485010805707e+01,4.170924914047e-01,1.897111978985e-07,3.606739257730e+02,1.465559869496e-03,1.597460257750e-01,-1.602085215793e-01,1.032532861573e+04,-9.391664206459e+03,0.000000000000e+00,0.000000000000e+00,2.893686474569e-03,3.154118257280e-01,0.000000000000e+00,0.000000000000e+00,2.811228310229e+02,2.791690673828e+02,1.207407407407e-01,1.022222222222e-01,1.032532861573e+04,5.549232037527e+04,1.090000000000e+02
8.910000000000e+02,1.033570378863e+08,3.220709934912e+01,4.170805602500e-01,1.893680485692e-07,3.613285040622e+02,1.449120489610e-03,1.579541333675e-01,-1.578837944928e-01,6.925084544090e+03,-6.982004831646e+03,0.000000000000e+00,0.000000000000e+00,2.299398705998e-03,2.506344589538e-01,0.000000000000e+00,0.000000000000e+00,2.814874825235e+02,2.793969116211e+02,1.322222222222e-01,1.137037037037e-01,6.925084544090e+03,5.549068583265e+04,1.090000000000e+02
8.920000000000e+02,1.033647095384e+08,3.618295963782e+01,4.170725288458e-01,1.890278852194e-07,3.619797136385e+02,1.522507424433e-03,1.659533092632e-01,-1.658569626372e-01,6.867183665773e+03,-1.687534832836e+04,0.000000000000e+00,0.000000000000e+00,3.926916383629e-03,4.280338858156e-01,0.000000000000e+00,0.000000000000e+00,2.817187110535e+02,2.798356933594e+02,1.430555555555e-01,1.063888888889e-01,6.867183665773e+03,5.548960097720e+04,1.090000000000e+02
8.930000000000e+02,1.033663891896e+08,3.398612124315e+01,4.170325307822e-01,1.886906639032e-07,3.626275950167e+02,1.707756513711e-03,1.861454599945e-01,-1.860252233323e-01,7.944368294492e+03,-1.200198209267e+04,0.000000000000e+00,0.000000000000e+00,3.298607936197e-03,3.595482650455e-01,0.000000000000e+00,0.000000000000e+00,2.827774724595e+02,2.808309326172e+02,1.536111111111e-01,1.108333333333e-01,7.944368294492e+03,5.548428147546e+04,1.090000000000e+02
8.940000000000e+02,1.033613117990e+08,3.101059390837e+01,4.170135386625e-01,1.883563395981e-07,3.632721879490e+02,1.702101631346e-03,1.855290778168e-01,-1.854123212447e-01,6.344958393944e+03,-5.210207367099e+03,0.000000000000e+00,0.000000000000e+00,1.911218212695e-03,2.083227851837e-01,0.000000000000e+00,0.000000000000e+00,2.832473355760e+02,2.810282287598e+02,1.640740740740e-01,1.283333333333e-01,6.344958393944e+03,5.548175348321e+04,1.090000000000e+02
8.950000000000e+02,1.033843831155e+08,4.408752024215e+01,4.170241737971e-01,1.880248663378e-07,3.639135314444e+02,1.750569210910e-03,1.908120439892e-01,-1.906786044993e-01,7.784519279960e+03,-3.365097124493e+04,0.000000000000e+00,0.000000000000e+00,6.854909052962e-03,7.471850867729e-01,0.000000000000e+00,0.000000000000e+00,2.829896135535e+02,2.809876098633e+02,1.745370370370e-01,8.712962962961e-02,7.784519279960e+03,5.548315063545e+04,1.090000000000e+02
8.960000000000e+02,1.033945216053e+08,7.463079540076e+01,4.170114021265e-01,1.876962021188e-07,3.645516637876e+02,1.983686678791e-03,2.162218479882e-01,-2.149609381502e-01,1.475172401986e+04,-2.206546672992e+04,0.000000000000e+00,0.000000000000e+00,6.104437364130e-03,6.653836726902e-01,0.000000000000e+00,0.000000000000e+00,2.833048462297e+02,2.814077453613e+02,1.843518518518e-01,7.231481481480e-02,1.475172401986e+04,5.548143513935e+04,1.090000000000e+02
8.970000000000e+02,1.033872327556e+08,3.725207847689e+01,4.170162073161e-01,1.873703039036e-07,3.651866225570e+02,1.879962736241e-03,2.049159382502e-01,-2.047646381967e-01,8.900081135436e+03,-4.072203539033e+03,0.000000000000e+00,0.000000000000e+00,2.140215142605e-03,2.332834505439e-01,0.000000000000e+00,0.000000000000e+00,2.831876435955e+02,2.810485839844e+02,1.930555555555e-01,9.935185185182e-02,8.900081135436e+03,5.548207988582e+04,1.090000000000e+02
8.980000000000e+02,1.033884899402e+08,3.771588343671e+01,4.170043925246e-01,1.870471302196e-07,3.658184446427e+02,1.842648402568e-03,2.008486758799e-01,-2.007033502676e-01,8.258690947176e+03,-1.239281955417e+04,0.000000000000e+00,0.000000000000e+00,3.416266966493e-03,3.723730993477e-01,0.000000000000e+00,0.000000000000e+00,2.834715341803e+02,2.814255371094e+02,2.009259259259e-01,1.038888888889e-01,8.258690947176e+03,5.548051180415e+04,1.090000000000e+02
8.990000000000e+02,1.034095705260e+08,9.054935806779e+02,4.170134180973e-01,1.867266403501e-07,3.664471662635e+02,1.963156668557e-03,2.139840768728e-01,-2.131804127817e-01,1.269503104501e+04,-3.290840908111e+04,0.000000000000e+00,0.000000000000e+00,7.691768524007e-03,8.384027691168e-01,0.000000000000e+00,0.000000000000e+00,2.832567152055e+02,2.815067443848e+02,2.093518518518e-01,5.370370370374e-02,1.269503104501e+04,5.548169839714e+04,1.090000000000e+02
9.000000000000e+02,1.034132678299e+08,1.178410746386e+02,4.169898237172e-01,1.864087946981e-07,3.670728229835e+02,2.158185466002e-03,2.352422157943e-01,-2.320033899699e-01,2.211611766096e+04,-1.656932937509e+04,0.000000000000e+00,0.000000000000e+00,6.296442419184e-03,6.863122236911e-01,0.000000000000e+00,0.000000000000e+00,2.838196736531e+02,2.821379394531e+02,2.193518518518e-01,6.027777777778e-02,2.211611766096e+04,5.547854370928e+04,1.090000000000e+02
9.010000000000e+02,1.034060722213e+08,3.915372326229e+01,4.169798004950e-01,1.860935543498e-07,3.676954497280e+02,1.963183738001e-03,2.139870274421e-01,-2.137743373193e-01,9.498110184511e+03,-4.664495992286e+03,0.000000000000e+00,0.000000000000e+00,2.330943252567e-03,2.540728145298e-01,0.000000000000e+00,0.000000000000e+00,2.840488985043e+02,2.824451293945e+02,2.293518518518e-01,8.805555555553e-02,9.498110184511e+03,5.547722432618e+04,1.090000000000e+02
9.020000000000e+02,1.034105066021e+08,4.545803947007e+01,4.169802951533e-01,1.857808811974e-07,3.683150807993e+02,1.808676552052e-03,1.971457441737e-01,-1.969988258084e-01,9.514374177429e+03,-1.536366269638e+04,0.000000000000e+00,0.000000000000e+00,4.116441666154e-03,4.486921416108e-01,0.000000000000e+00,0.000000000000e+00,2.840375506512e+02,2.823237609863e+02,2.377777777777e-01,8.333333333332e-02,9.514374177429e+03,5.547729005914e+04,1.090000000000e+02
9.030000000000e+02,1.034066229849e+08,3.801602303278e+01,4.169836057293e-01,1.854707377306e-07,3.689317498917e+02,1.749196079048e-03,1.906623726162e-01,-1.904964368268e-01,9.926309496253e+03,-6.684978837299e+03,0.000000000000e+00,0.000000000000e+00,2.747251602508e-03,2.994504246734e-01,0.000000000000e+00,0.000000000000e+00,2.839606494123e+02,2.824651489258e+02,2.437037037036e-01,9.962962962960e-02,9.926309496253e+03,5.547773579069e+04,1.090000000000e+02
9.040000000000e+02,1.034132134994e+08,4.374499600589e+01,4.169832621792e-01,1.851630866848e-07,3.695454901059e+02,1.726826060610e-03,1.882240406065e-01,-1.880822142786e-01,8.980781154851e+03,-1.702516132678e+04,0.000000000000e+00,0.000000000000e+00,4.302800936557e-03,4.690053020847e-01,0.000000000000e+00,0.000000000000e+00,2.839681917827e+02,2.821457519531e+02,2.509259259259e-01,9.074074074071e-02,8.980781154851e+03,5.547769078241e+04,1.090000000000e+02
9.050000000000e+02,1.034232142043e+08,1.645305211770e+02,4.169729988737e-01,1.848578945719e-07,3.701563339638e+02,1.992516599463e-03,2.171843093414e-01,-2.163829830008e-01,1.341693587677e+04,-2.200536322018e+04,0.000000000000e+00,0.000000000000e+00,5.885088474962e-03,6.414746437708e-01,0.000000000000e+00,0.000000000000e+00,2.842039567416e+02,2.825447692871e+02,2.599074074074e-01,7.111111111110e-02,1.341693587677e+04,5.547631673190e+04,1.090000000000e+02
9.060000000000e+02,1.034209517702e+08,4.277221058636e+01,4.169505394962e-01,1.845551250540e-07,3.707643134215e+02,2.032335657551e-03,2.215245866731e-01,-2.212293926592e-01,1.131073288774e+04,-1.001061144379e+04,0.000000000000e+00,0.000000000000e+00,3.508592885056e-03,3.824366244712e-01,0.000000000000e+00,0.000000000000e+00,2.847055019140e+02,2.828715820313e+02,2.686111111111e-01,8.592592592590e-02,1.131073288774e+04,5.547333397195e+04,1.090000000000e+02
9.070000000000e+02,1.034111846423e+08,3.578678626884e+01,4.169658044425e-01,1.842547443405e-07,3.713694598830e+02,1.934194847218e-03,2.108272383468e-01,-2.106652672708e-01,9.196976228062e+03,-1.919727808238e+03,0.000000000000e+00,0.000000000000e+00,1.838762175146e-03,2.004250770909e-01,0.000000000000e+00,0.000000000000e+00,2.843646898030e+02,2.822342224121e+02,2.735185185185e-01,1.141666666666e-01,9.196976228062e+03,5.547537313443e+04,1.090000000000e+02
9.080000000000e+02,1.034009692858e+08,3.082860911013e+01,4.169839232014e-01,1.839567184855e-07,3.719718042134e+02,1.675880328291e-03,1.826709557837e-01,-1.825418116782e-01,6.664717078214e+03,8.829956827032e+01,0.000000000000e+00,0.000000000000e+00,1.087882114178e-03,1.185791504454e-01,0.000000000000e+00,0.000000000000e+00,2.839516475317e+02,2.820247192383e+02,2.804629629629e-01,1.391666666666e-01,6.664717078214e+03,5.547778926427e+04,1.090000000000e+02
9.090000000000e+02,1.034145965545e+08,3.900779647333e+01,4.169505587997e-01,1.836610145492e-07,3.725713767511e+02,1.616493740738e-03,1.761978177404e-01,-1.760701973285e-01,7.009034029065e+03,-2.339511673276e+04,0.000000000000e+00,0.000000000000e+00,5.030644288923e-03,5.483402274926e-01,0.000000000000e+00,0.000000000000e+00,2.847024132256e+02,2.832162170410e+02,2.898148148148e-01,1.174074074074e-01,7.009034029065e+03,5.547335394471e+04,1.090000000000e+02
9.100000000000e+02,1.034339503158e+08,1.409382557499e+02,4.169237848208e-01,1.833676000669e-07,3.731682073200e+02,1.889019462805e-03,2.059031214458e-01,-2.056777507452e-01,1.136696255505e+04,-3.076338705052e+04,0.000000000000e+00,0.000000000000e+00,6.986696515651e-03,7.615499202060e-01,0.000000000000e+00,0.000000000000e+00,2.852860679841e+02,2.837638244629e+02,2.950000000000e-01,7.712962962962e-02,1.136696255505e+04,5.546977731982e+04,1.090000000000e+02
9.110000000000e+02,1.034321713967e+08,4.256725600656e+01,4.169222751308e-01,1.830764439641e-07,3.737623252415e+02,1.970441322202e-03,2.147781041201e-01,-2.143871505927e-01,1.233493890498e+04,-1.011344303477e+04,0.000000000000e+00,0.000000000000e+00,3.700072290051e-03,4.033078796156e-01,0.000000000000e+00,0.000000000000e+00,2.853186525653e+02,2.838768920898e+02,3.014814814814e-01,9.185185185182e-02,1.233493890498e+04,5.546957604954e+04,1.090000000000e+02
9.120000000000e+02,1.034337726000e+08,4.409481490653e+01,4.169389726621e-01,1.827875148746e-07,3.743537593460e+02,1.876510754160e-03,2.045396722035e-01,-2.043755716615e-01,1.021773295754e+04,-1.293835464344e+04,0.000000000000e+00,0.000000000000e+00,3.831497188544e-03,4.176331935513e-01,0.000000000000e+00,0.000000000000e+00,2.849582961300e+02,2.833965148926e+02,3.101851851851e-01,9.407407407405e-02,1.021773295754e+04,5.547179875571e+04,1.090000000000e+02
9.130000000000e+02,1.034332582330e+08,4.065538201945e+01,4.169462900732e-01,1.825007807286e-07,3.749425379840e+02,1.924241245592e-03,2.097422957695e-01,-2.095696209127e-01,1.082655856979e+04,-1.111127724685e+04,0.000000000000e+00,0.000000000000e+00,3.629169115877e-03,3.955794336306e-01,0.000000000000e+00,0.000000000000e+00,2.847980946543e+02,2.832008056641e+02,3.162962962962e-01,1.020370370370e-01,1.082655856979e+04,5.547277426078e+04,1.090000000000e+02
9.140000000000e+02,1.034238934169e+08,3.534276520791e+01,4.169296653080e-01,1.822162154285e-07,3.755286890369e+02,1.831589906588e-03,1.996432998181e-01,-1.994916719003e-01,8.401396917922e+03,-1.701629685030e+03,0.000000000000e+00,0.000000000000e+00,1.671381960331e-03,1.821806336760e-01,0.000000000000e+00,0.000000000000e+00,2.851574084984e+02,2.836847839355e+02,3.222222222222e-01,1.261111111111e-01,8.401396917922e+03,5.547057634379e+04,1.090000000000e+02
9.150000000000e+02,1.034284487746e+08,3.802844372514e+01,4.169331433483e-01,1.819337877306e-07,3.761122399277e+02,1.749827578967e-03,1.907312061074e-01,-1.905877367841e-01,7.770066623430e+03,-1.512768777357e+04,0.000000000000e+00,0.000000000000e+00,3.788779268978e-03,4.129769403186e-01,0.000000000000e+00,0.000000000000e+00,2.850827276566e+02,2.836751708984e+02,3.327777777777e-01,1.208333333333e-01,7.770066623430e+03,5.547103678733e+04,1.090000000000e+02
9.160000000000e+02,1.034293645621e+08,3.596387117435e+01,4.169414142123e-01,1.816534693482e-07,3.766932176309e+02,1.773773630883e-03,1.933413257662e-01,-1.931914794092e-01,8.570834025042e+03,-1.163272534865e+04,0.000000000000e+00,0.000000000000e+00,3.342412265385e-03,3.643229369270e-01,0.000000000000e+00,0.000000000000e+00,2.849030182407e+02,2.835539245605e+02,3.445370370370e-01,1.245370370370e-01,8.570834025042e+03,5.547213707744e+04,1.090000000000e+02
9.170000000000e+02,1.034235719629e+08,3.285459254695e+01,4.169322171749e-01,1.813752319388e-07,3.772716486830e+02,1.721480194093e-03,1.876413411561e-01,-1.875045225700e-01,7.058454357051e+03,-4.608833799346e+03,0.000000000000e+00,0.000000000000e+00,1.930331256333e-03,2.104061069403e-01,0.000000000000e+00,0.000000000000e+00,2.851016400169e+02,2.836198730469e+02,3.561111111110e-01,1.398148148148e-01,7.058454357051e+03,5.547092074056e+04,1.090000000000e+02
9.180000000000e+02,1.034272729486e+08,3.442954218829e+01,4.169445281873e-01,1.810990478495e-07,3.778475591916e+02,1.646421273520e-03,1.794599188137e-01,-1.793278518177e-01,6.840231220033e+03,-1.364885881121e+04,0.000000000000e+00,0.000000000000e+00,3.390064984319e-03,3.695170832908e-01,0.000000000000e+00,0.000000000000e+00,2.848347907201e+02,2.832793273926e+02,3.677777777777e-01,1.369444444444e-01,6.840231220033e+03,5.547255367484e+04,1.090000000000e+02
9.190000000000e+02,1.034391164580e+08,3.952619788770e+01,4.169437201407e-01,1.808248903375e-07,3.784209748451e+02,1.618951931938e-03,1.764657605812e-01,-1.763288908410e-01,8.166424644594e+03,-2.162515399926e+04,0.000000000000e+00,0.000000000000e+00,4.929141012603e-03,5.372763703737e-01,0.000000000000e+00,0.000000000000e+00,2.848535575844e+02,2.832844848633e+02,3.790740740740e-01,1.187037037037e-01,8.166424644594e+03,5.547243902798e+04,1.090000000000e+02
9.200000000000e+02,1.034567758391e+08,1.400439054795e+02,4.169589237994e-01,1.805527326113e-07,3.789919209219e+02,1.679603008454e-03,1.830767279215e-01,-1.829062086013e-01,1.096432340370e+04,-2.780604938658e+04,0.000000000000e+00,0.000000000000e+00,6.430077221166e-03,7.008784171071e-01,0.000000000000e+00,0.000000000000e+00,2.845204247831e+02,2.829555969238e+02,3.896296296295e-01,8.203703703703e-02,1.096432340370e+04,5.547444549357e+04,1.090000000000e+02
9.210000000000e+02,1.034600813393e+08,6.865261756487e+01,4.169827669968e-01,1.802825487510e-07,3.795604222990e+02,1.700549273266e-03,1.853598707860e-01,-1.845373611070e-01,1.453180461147e+04,-1.354312162026e+04,0.000000000000e+00,0.000000000000e+00,4.638601641477e-03,5.056075789210e-01,0.000000000000e+00,0.000000000000e+00,2.839824590125e+02,2.824926147461e+02,4.000925925925e-01,8.240740740740e-02,1.453180461147e+04,5.547760896853e+04,1.090000000000e+02
9.220000000000e+02,1.034491840941e+08,3.792054857069e+01,4.169584174769e-01,1.800143134787e-07,3.801265034610e+02,1.618855453720e-03,1.764552444555e-01,-1.763132140333e-01,9.830003879800e+03,1.115862315365e+03,0.000000000000e+00,0.000000000000e+00,1.437278465689e-03,1.566633527601e-01,0.000000000000e+00,0.000000000000e+00,2.845308711355e+02,2.827685852051e+02,4.098148148148e-01,1.125925925926e-01,9.830003879800e+03,5.547438486767e+04,1.090000000000e+02
9.230000000000e+02,1.034434987822e+08,3.586753544179e+01,4.169309540663e-01,1.797480015262e-07,3.806901885082e+02,1.613358349707e-03,1.758560601180e-01,-1.757242162350e-01,7.923197989273e+03,-4.062792410207e+03,0.000000000000e+00,0.000000000000e+00,1.983149100987e-03,2.161632520076e-01,0.000000000000e+00,0.000000000000e+00,2.851304052149e+02,2.836785278320e+02,4.190740740740e-01,1.282407407407e-01,7.923197989273e+03,5.547074368626e+04,1.090000000000e+02
9.240000000000e+02,1.034488237219e+08,3.860816925696e+01,4.169183163150e-01,1.794835881514e-07,3.812515011652e+02,1.689656493285e-03,1.841725577681e-01,-1.840317699247e-01,8.173361899555e+03,-1.553341653183e+04,0.000000000000e+00,0.000000000000e+00,3.922643139265e-03,4.275681021799e-01,0.000000000000e+00,0.000000000000e+00,2.854008580192e+02,2.839899291992e+02,4.286111111111e-01,1.211111111111e-01,8.173361899555e+03,5.546906451771e+04,1.090000000000e+02
9.250000000000e+02,1.034511045829e+08,3.817488412906e+01,4.169253428377e-01,1.792210493539e-07,3.818104647881e+02,1.684359241945e-03,1.835951573721e-01,-1.834526205721e-01,8.936801446682e+03,-1.245714858181e+04,0.000000000000e+00,0.000000000000e+00,3.539626963514e-03,3.858193390231e-01,0.000000000000e+00,0.000000000000e+00,2.852514809643e+02,2.839898071289e+02,4.391666666666e-01,1.210185185185e-01,8.936801446682e+03,5.546999490982e+04,1.090000000000e+02
9.260000000000e+02,1.034554533525e+08,4.029791058275e+01,4.169252980785e-01,1.789603615065e-07,3.823671023733e+02,1.588515080293e-03,1.731481437519e-01,-1.730150409533e-01,8.818166483796e+03,-1.394613814853e+04,0.000000000000e+00,0.000000000000e+00,3.766583426924e-03,4.105575935347e-01,0.000000000000e+00,0.000000000000e+00,2.852524189185e+02,2.841086730957e+02,4.492592592592e-01,1.168518518518e-01,8.818166483796e+03,5.546998875353e+04,1.090000000000e+02
9.270000000000e+02,1.034657424868e+08,4.452154711879e+01,4.169442742781e-01,1.787015011585e-07,3.829214365641e+02,1.655145590875e-03,1.804108694054e-01,-1.802619585066e-01,1.042242164830e+04,-2.028872340029e+04,0.000000000000e+00,0.000000000000e+00,5.081301443442e-03,5.538618573352e-01,0.000000000000e+00,0.000000000000e+00,2.848428993681e+02,2.834442443848e+02,4.591666666666e-01,9.925925925923e-02,1.042242164830e+04,5.547250294421e+04,1.090000000000e+02
9.280000000000e+02,1.034695815556e+08,4.410938409451e+01,4.169710763802e-01,1.784444455740e-07,3.834734896586e+02,1.670162459038e-03,1.820477080352e-01,-1.818930743988e-01,1.136493132838e+04,-1.392967007721e+04,0.000000000000e+00,0.000000000000e+00,4.184536955210e-03,4.561145281179e-01,0.000000000000e+00,0.000000000000e+00,2.842475505322e+02,2.832254028320e+02,4.687962962962e-01,9.574074074071e-02,1.136493132838e+04,5.547606289307e+04,1.090000000000e+02
9.290000000000e+02,1.034703937834e+08,4.338595007582e+01,4.169806750776e-01,1.781891723785e-07,3.840232836167e+02,1.584893937152e-03,1.727534391495e-01,-1.726092482961e-01,1.077806142650e+04,-1.038820491183e+04,0.000000000000e+00,0.000000000000e+00,3.501490827697e-03,3.816625002190e-01,0.000000000000e+00,0.000000000000e+00,2.840289746939e+02,2.828412170410e+02,4.777777777777e-01,9.907407407404e-02,1.077806142650e+04,5.547733975252e+04,1.090000000000e+02
9.300000000000e+02,1.034683586252e+08,4.053282888119e+01,4.169957758091e-01,1.779356591684e-07,3.845708400669e+02,1.518017113211e-03,1.654638653400e-01,-1.653276697856e-01,1.026143846717e+04,-7.137116628744e+03,0.000000000000e+00,0.000000000000e+00,2.877912579531e-03,3.136924711688e-01,0.000000000000e+00,0.000000000000e+00,2.836784472612e+02,2.824974670410e+02,4.862962962962e-01,1.083333333333e-01,1.026143846717e+04,5.547934975301e+04,1.090000000000e+02
9.310000000000e+02,1.034688522265e+08,4.063033360470e+01,4.170049994050e-01,1.776838845506e-07,3.851161803136e+02,1.437710053038e-03,1.567103957811e-01,-1.565836374451e-01,9.368840483997e+03,-9.181002973408e+03,0.000000000000e+00,0.000000000000e+00,3.068606352527e-03,3.344780924255e-01,0.000000000000e+00,0.000000000000e+00,2.834601951693e+02,2.821470336914e+02,4.940740740740e-01,1.107407407407e-01,9.368840483997e+03,5.548057702308e+04,1.090000000000e+02
9.320000000000e+02,1.034667968861e+08,3.785590223745e+01,4.170026944027e-01,1.774338267819e-07,3.856593253430e+02,1.374863267928e-03,1.498600962041e-01,-1.497396510488e-01,9.266148038554e+03,-6.252430429292e+03,0.000000000000e+00,0.000000000000e+00,2.566794292486e-03,2.797805778809e-01,0.000000000000e+00,0.000000000000e+00,2.835148413649e+02,2.823159179688e+02,5.024074074073e-01,1.187037037037e-01,9.266148038554e+03,5.548027236359e+04,1.090000000000e+02
9.330000000000e+02,1.034819762513e+08,1.132631674523e+02,4.169978468175e-01,1.771854660987e-07,3.862002958300e+02,1.390097626408e-03,1.515206412785e-01,-1.513909874651e-01,9.882454761266e+03,-2.357865895303e+04,0.000000000000e+00,0.000000000000e+00,5.546879062567e-03,6.046098178198e-01,0.000000000000e+00,0.000000000000e+00,2.836299702799e+02,2.824949340820e+02,5.110185185184e-01,8.620370370369e-02,9.882454761266e+03,5.547962241770e+04,1.090000000000e+02
9.340000000000e+02,1.034912644856e+08,2.420890669339e+02,4.169880709498e-01,1.769387811872e-07,3.867391121444e+02,1.628936534978e-03,1.775540823126e-01,-1.760323114305e-01,1.845532462176e+04,-1.905453230782e+04,0.000000000000e+00,0.000000000000e+00,6.238050584823e-03,6.799475137457e-01,0.000000000000e+00,0.000000000000e+00,2.838605795217e+02,2.828835449219e+02,5.181481481481e-01,6.750000000001e-02,1.845532462176e+04,5.547830972668e+04,1.090000000000e+02
9.350000000000e+02,1.034915690880e+08,2.290581314327e+02,4.170194617964e-01,1.766937518638e-07,3.872757943571e+02,1.622405402454e-03,1.768421888675e-01,-1.763298527489e-01,1.312423662327e+04,-1.008759160913e+04,0.000000000000e+00,0.000000000000e+00,3.840859278470e-03,4.186536613532e-01,0.000000000000e+00,0.000000000000e+00,2.831134718569e+02,2.819721069336e+02,5.250000000000e-01,7.185185185185e-02,1.312423662327e+04,5.548248348540e+04,1.090000000000e+02
9.360000000000e+02,1.034880386225e+08,4.253725907044e+01,4.170254171374e-01,1.764503580632e-07,3.878103622458e+02,1.508154450140e-03,1.643888350653e-01,-1.639489225499e-01,1.245189639895e+04,-5.566039541722e+03,0.000000000000e+00,0.000000000000e+00,2.952511915280e-03,3.218237987655e-01,0.000000000000e+00,0.000000000000e+00,2.829659521324e+02,2.819758911133e+02,5.329629629629e-01,8.777777777776e-02,1.245189639895e+04,5.548328053839e+04,1.090000000000e+02
9.370000000000e+02,1.034776452195e+08,3.732386735372e+01,4.170095945510e-01,1.762085811930e-07,3.883428353011e+02,1.432885312952e-03,1.561844991118e-01,-1.560627715554e-01,9.221931982508e+03,1.734548045186e+03,0.000000000000e+00,0.000000000000e+00,1.238317111537e-03,1.349765651576e-01,0.000000000000e+00,0.000000000000e+00,2.833501553050e+02,2.819118041992e+02,5.406481481481e-01,1.148148148148e-01,9.221931982508e+03,5.548118817589e+04,1.090000000000e+02
9.380000000000e+02,1.034702101719e+08,3.406900039530e+01,4.170099306356e-01,1.759684015319e-07,3.888732327317e+02,1.387666599713e-03,1.512556593687e-01,-1.511416369941e-01,7.599023142393e+03,-9.506101080382e+02,0.000000000000e+00,0.000000000000e+00,1.414246968696e-03,1.541529195879e-01,0.000000000000e+00,0.000000000000e+00,2.833412820481e+02,2.818783264160e+02,5.472222222222e-01,1.317592592592e-01,7.599023142393e+03,5.548123837306e+04,1.090000000000e+02
9.390000000000e+02,1.034824222942e+08,4.176074210243e+01,4.170219064781e-01,1.757297998193e-07,3.894015734708e+02,1.300357258491e-03,1.417389411756e-01,-1.416283278723e-01,8.099160075544e+03,-2.007006214358e+04,0.000000000000e+00,0.000000000000e+00,4.660224132074e-03,5.079644303961e-01,0.000000000000e+00,0.000000000000e+00,2.830508036872e+02,2.820270385742e+02,5.537962962963e-01,1.101851851851e-01,8.099160075544e+03,5.548282536737e+04,1.090000000000e+02
9.400000000000e+02,1.034912855115e+08,4.351749895558e+01,4.170407523872e-01,1.754927583231e-07,3.899278761805e+02,1.298408347289e-03,1.415265098545e-01,-1.414068349639e-01,1.120380139183e+04,-1.670916244533e+04,0.000000000000e+00,0.000000000000e+00,4.616805929150e-03,5.032318462773e-01,0.000000000000e+00,0.000000000000e+00,2.825789671010e+02,2.817007446289e+02,5.614814814814e-01,9.425925925923e-02,1.120380139183e+04,5.548532371288e+04,1.090000000000e+02
9.410000000000e+02,1.034934325888e+08,4.492751574561e+01,4.170379783755e-01,1.752572581664e-07,3.904521592578e+02,1.232105502771e-03,1.342994998020e-01,-1.341897965801e-01,1.069675133504e+04,-9.592717703975e+03,0.000000000000e+00,0.000000000000e+00,3.356035188005e-03,3.658078354925e-01,0.000000000000e+00,0.000000000000e+00,2.826494504833e+02,2.819637756348e+02,5.680555555555e-01,9.231481481479e-02,1.069675133504e+04,5.548495639381e+04,1.090000000000e+02
9.420000000000e+02,1.034956194666e+08,4.404820231812e+01,4.170359201117e-01,1.750232814054e-07,3.909744408391e+02,1.305442459216e-03,1.422932280545e-01,-1.421621047409e-01,1.154628348622e+04,-1.007483520468e+04,0.000000000000e+00,0.000000000000e+00,3.576051578999e-03,3.897896221109e-01,0.000000000000e+00,0.000000000000e+00,2.827021336869e+02,2.817910766602e+02,5.739814814814e-01,9.074074074072e-02,1.154628348622e+04,5.548468052929e+04,1.090000000000e+02
9.430000000000e+02,1.034925797892e+08,4.165673171311e+01,4.170497423205e-01,1.747908116855e-07,3.914947388059e+02,1.290221457690e-03,1.406341388882e-01,-1.405169992922e-01,1.040889294243e+04,-4.757095754724e+03,0.000000000000e+00,0.000000000000e+00,2.508298061015e-03,2.734044886506e-01,0.000000000000e+00,0.000000000000e+00,2.823458884943e+02,2.815087585449e+02,5.809259259259e-01,1.019444444444e-01,1.040889294243e+04,5.548652055769e+04,1.090000000000e+02
9.440000000000e+02,1.035075127980e+08,8.277241472456e+02,4.170567208957e-01,1.745598302165e-07,3.920130707890e+02,1.260819664139e-03,1.374293433911e-01,-1.369000064319e-01,1.363113916556e+04,-2.252926447292e+04,0.000000000000e+00,0.000000000000e+00,6.113632509153e-03,6.663859434977e-01,0.000000000000e+00,0.000000000000e+00,2.821621998187e+02,2.814277343750e+02,5.866666666666e-01,6.268518518521e-02,1.363113916556e+04,5.548744316741e+04,1.090000000000e+02
9.450000000000e+02,1.035154298186e+08,7.221253277349e+02,4.170553932084e-01,1.743303211671e-07,3.925294541738e+02,1.364658134597e-03,1.487477366710e-01,-1.461150340165e-01,2.641936674090e+04,-1.602466612804e+04,0.000000000000e+00,0.000000000000e+00,7.024390207010e-03,7.656585325640e-01,0.000000000000e+00,0.000000000000e+00,2.822003660786e+02,2.813230285645e+02,5.925925925925e-01,4.629629629632e-02,2.641936674090e+04,5.548725355037e+04,1.090000000000e+02
9.460000000000e+02,1.035105354414e+08,9.522127531851e+01,4.170691842316e-01,1.741022674036e-07,3.930439061047e+02,1.325873848708e-03,1.445202495092e-01,-1.436710171366e-01,1.480005489736e+04,-3.077749786729e+03,0.000000000000e+00,0.000000000000e+00,2.860020798303e-03,3.117422670150e-01,0.000000000000e+00,0.000000000000e+00,2.818261886191e+02,2.810931091309e+02,5.989814814814e-01,7.148148148147e-02,1.480005489736e+04,5.548909140095e+04,1.090000000000e+02
9.470000000000e+02,1.035185901184e+08,1.284326317991e+03,4.170753434245e-01,1.738756520489e-07,3.935564434896e+02,1.237873103492e-03,1.349281682807e-01,-1.340131307588e-01,1.598611445560e+04,-1.549106689808e+04,0.000000000000e+00,0.000000000000e+00,5.409234712046e-03,5.896065836130e-01,0.000000000000e+00,0.000000000000e+00,2.816542513020e+02,2.810392150879e+02,6.043518518518e-01,4.194444444451e-02,1.598611445560e+04,5.548991054699e+04,1.090000000000e+02
9.480000000000e+02,1.035255765473e+08,1.844600394333e+03,4.170813414496e-01,1.736504590328e-07,3.940670830043e+02,1.243428116496e-03,1.355336646980e-01,-1.313039696234e-01,3.921601460132e+04,-1.427259665582e+04,0.000000000000e+00,0.000000000000e+00,8.974790975760e-03,9.782522163579e-01,0.000000000000e+00,0.000000000000e+00,2.814854979624e+02,2.811347045898e+02,6.101851851851e-01,2.703703703709e-02,3.921601460132e+04,5.549070260130e+04,1.090000000000e+02
9.490000000000e+02,1.035261510695e+08,7.502899633299e+02,4.170700755560e-01,1.734266729309e-07,3.945758410971e+02,1.209795579121e-03,1.318677181242e-01,-1.287972039912e-01,3.006479152482e+04,-7.721551500813e+03,0.000000000000e+00,0.000000000000e+00,6.094540751504e-03,6.643049419140e-01,0.000000000000e+00,0.000000000000e+00,2.818036582030e+02,2.814194335938e+02,6.150925925925e-01,3.546296296299e-02,3.006479152482e+04,5.548920194739e+04,1.090000000000e+02
9.500000000000e+02,1.035222225035e+08,1.349649234869e+02,4.170917156794e-01,1.732042778264e-07,3.950827339929e+02,1.176238054409e-03,1.282099479305e-01,-1.273870931358e-01,1.495529232905e+04,-3.140279103536e+03,0.000000000000e+00,0.000000000000e+00,2.897573307736e-03,3.158354905433e-01,0.000000000000e+00,0.000000000000e+00,2.811821207431e+02,2.805650024414e+02,6.203703703703e-01,5.611111111111e-02,1.495529232905e+04,5.549208235639e+04,1.090000000000e+02
9.510000000000e+02,1.035244525468e+08,6.303668202116e+02,4.170964399728e-01,1.729832575275e-07,3.955877776970e+02,1.089015110523e-03,1.187026470470e-01,-1.181626656213e-01,1.384345991538e+04,-8.787225023353e+03,0.000000000000e+00,0.000000000000e+00,3.828276856193e-03,4.172821773250e-01,0.000000000000e+00,0.000000000000e+00,2.810393971155e+02,2.805459594727e+02,6.251851851851e-01,4.629629629632e-02,1.384345991538e+04,5.549271280827e+04,1.090000000000e+02
9.520000000000e+02,1.035258573668e+08,4.804900098869e+02,4.171032382132e-01,1.727635981724e-07,3.960909879996e+02,1.141921779045e-03,1.244694739159e-01,-1.229591073024e-01,1.933549551783e+04,-8.228265672864e+03,0.000000000000e+00,0.000000000000e+00,4.546004032712e-03,4.955144395656e-01,0.000000000000e+00,0.000000000000e+00,2.808303605406e+02,2.801643371582e+02,6.305555555554e-01,4.685185185188e-02,1.933549551783e+04,5.549361516299e+04,1.090000000000e+02
9.530000000000e+02,1.035243770658e+08,2.534155214027e+02,4.170973135691e-01,1.725452842638e-07,3.965923804794e+02,1.179148684176e-03,1.285272065752e-01,-1.277415021728e-01,1.470965449155e+04,-5.608550947071e+03,0.000000000000e+00,0.000000000000e+00,3.328726332546e-03,3.628311702475e-01,0.000000000000e+00,0.000000000000e+00,2.810123952123e+02,2.803503723145e+02,6.351851851851e-01,5.601851851853e-02,1.470965449155e+04,5.549282974167e+04,1.090000000000e+02
9.540000000000e+02,1.035194346616e+08,8.356575763164e+01,4.171114311482e-01,1.723283004546e-07,3.970919705078e+02,1.045287452205e-03,1.139363322903e-01,-1.136208750418e-01,1.209637359611e+04,-1.362887986792e+03,0.000000000000e+00,0.000000000000e+00,2.199918808278e-03,2.397911501023e-01,0.000000000000e+00,0.000000000000e+00,2.805686753089e+02,2.799125366211e+02,6.394444444443e-01,7.546296296295e-02,1.209637359611e+04,5.549471068923e+04,1.090000000000e+02
9.550000000000e+02,1.035203759525e+08,1.602027491190e+02,4.171125342844e-01,1.721126318431e-07,3.975897732523e+02,8.994263668519e-04,9.803747398686e-02,-9.786531350224e-02,1.083782727592e+04,-6.372345496186e+03,0.000000000000e+00,0.000000000000e+00,2.859402140163e-03,3.116748332778e-01,0.000000000000e+00,0.000000000000e+00,2.805320763406e+02,2.800462036133e+02,6.442592592592e-01,7.194444444444e-02,1.083782727592e+04,5.549485967574e+04,1.090000000000e+02
9.560000000000e+02,1.035178584441e+08,4.423098675665e+01,4.171275286092e-01,1.718982673764e-07,3.980858036802e+02,8.974909031259e-04,9.782650844072e-02,-9.752328056091e-02,1.223703312491e+04,-2.894664377984e+03,0.000000000000e+00,0.000000000000e+00,2.485116779933e-03,2.708777290127e-01,0.000000000000e+00,0.000000000000e+00,2.800237087673e+02,2.794725646973e+02,6.477777777777e-01,8.296296296295e-02,1.223703312491e+04,5.549685341709e+04,1.090000000000e+02
9.570000000000e+02,1.035201082220e+08,1.869193949654e+02,4.171363845374e-01,1.716851916591e-07,3.985800765625e+02,8.443065916181e-04,9.202941848637e-02,-9.191801811835e-02,1.043236860682e+04,-7.351018334652e+03,0.000000000000e+00,0.000000000000e+00,2.964380546716e-03,3.231174795921e-01,0.000000000000e+00,0.000000000000e+00,2.797013694752e+02,2.790285949707e+02,6.522222222222e-01,7.601851851852e-02,1.043236860682e+04,5.549803067317e+04,1.090000000000e+02
9.580000000000e+02,1.035219652318e+08,1.049016112091e+02,4.171456483916e-01,1.714733879579e-07,3.990726064770e+02,8.467046875177e-04,9.229081093943e-02,-9.180950267726e-02,1.378732792320e+04,-6.952338729916e+03,0.000000000000e+00,0.000000000000e+00,3.419270286174e-03,3.727004611930e-01,0.000000000000e+00,0.000000000000e+00,2.793422112404e+02,2.787380981445e+02,6.556481481481e-01,7.490740740740e-02,1.378732792320e+04,5.549926126092e+04,1.090000000000e+02
9.590000000000e+02,1.035171659090e+08,4.085091272745e+01,4.171514992094e-01,1.712628444929e-07,3.995634078122e+02,8.247598560520e-04,8.989882430967e-02,-8.979500959604e-02,1.024564742467e+04,-1.842921605824e+02,0.000000000000e+00,0.000000000000e+00,1.714471711805e-03,1.868774165868e-01,0.000000000000e+00,0.000000000000e+00,2.790996071493e+02,2.783651733398e+02,6.587037037037e-01,9.083333333331e-02,1.024564742467e+04,5.550004143968e+04,1.090000000000e+02
9.600000000000e+02,1.035133278482e+08,3.920177838112e+01,4.171618688492e-01,1.710535480422e-07,4.000524947700e+02,7.666250759519e-04,8.356213327876e-02,-8.349616263836e-02,9.321740249203e+03,-7.960549327978e+02,0.000000000000e+00,0.000000000000e+00,1.672808852956e-03,1.823361649722e-01,0.000000000000e+00,0.000000000000e+00,2.786346206410e+02,2.781217346191e+02,6.621296296296e-01,1.016666666666e-01,9.321740249203e+03,5.550142088910e+04,1.090000000000e+02
9.610000000000e+02,1.035083726476e+08,3.671531604347e+01,4.171692209734e-01,1.708454854397e-07,4.005398813697e+02,6.823568623520e-04,7.437689799637e-02,-7.431927991734e-02,8.548616015141e+03,8.303239647541e+02,0.000000000000e+00,0.000000000000e+00,1.275928412637e-03,1.390761969774e-01,0.000000000000e+00,0.000000000000e+00,2.782663271974e+02,2.777251586914e+02,6.645370370370e-01,1.134259259259e-01,8.548616015141e+03,5.550239927113e+04,1.090000000000e+02
9.620000000000e+02,1.035097688001e+08,3.862341432003e+01,4.171620488731e-01,1.706386714062e-07,4.010255814506e+02,6.955821200725e-04,7.581845108790e-02,-7.576053433525e-02,8.221479207125e+03,-5.601020186679e+03,0.000000000000e+00,0.000000000000e+00,2.285667867397e-03,2.491377975462e-01,0.000000000000e+00,0.000000000000e+00,2.786277198157e+02,2.779897155762e+02,6.661111111111e-01,1.121296296296e-01,8.221479207125e+03,5.550143908318e+04,1.090000000000e+02
9.630000000000e+02,1.035099347856e+08,3.752031232335e+01,4.171713645083e-01,1.704330805100e-07,4.015096086756e+02,7.411827052030e-04,8.078891486713e-02,-8.072595136492e-02,8.840026959973e+03,-4.646460377325e+03,0.000000000000e+00,0.000000000000e+00,2.229671923903e-03,2.430342397054e-01,0.000000000000e+00,0.000000000000e+00,2.781595526503e+02,2.776170043945e+02,6.679629629629e-01,1.128703703703e-01,8.840026959973e+03,5.550266232636e+04,1.090000000000e+02
9.640000000000e+02,1.035110365984e+08,3.879359913995e+01,4.171753769152e-01,1.702286572255e-07,4.019919765340e+02,6.932127088963e-04,7.556018526970e-02,-7.550228697547e-02,8.405755397101e+03,-5.292420277282e+03,0.000000000000e+00,0.000000000000e+00,2.264967053721e-03,2.468814088556e-01,0.000000000000e+00,0.000000000000e+00,2.779344398776e+02,2.773967285156e+02,6.703703703703e-01,1.112962962963e-01,8.405755397101e+03,5.550319053007e+04,1.090000000000e+02
9.650000000000e+02,1.035244585938e+08,4.246707514923e+02,4.171752262568e-01,1.700254105569e-07,4.024726983444e+02,6.769095315889e-04,7.378313894319e-02,-7.365134988493e-02,1.074298207464e+04,-1.750988890721e+04,0.000000000000e+00,0.000000000000e+00,4.735005216039e-03,5.161155685482e-01,0.000000000000e+00,0.000000000000e+00,2.779450751197e+02,2.774201660156e+02,6.722222222222e-01,7.740740740741e-02,1.074298207464e+04,5.550316568919e+04,1.090000000000e+02
9.660000000000e+02,1.035324972450e+08,6.280898758732e+02,4.171786905878e-01,1.698233261091e-07,4.029517872579e+02,6.938171326978e-04,7.562606746407e-02,-7.477590779977e-02,1.873305093172e+04,-1.218897864306e+04,0.000000000000e+00,0.000000000000e+00,5.152612198671e-03,5.616347296552e-01,0.000000000000e+00,0.000000000000e+00,2.777355103709e+02,2.773899841309e+02,6.739814814814e-01,5.861111111113e-02,1.873305093172e+04,5.550362347058e+04,1.090000000000e+02
9.670000000000e+02,1.035407963145e+08,2.407668447933e+03,4.171762085766e-01,1.696224001534e-07,4.034292562608e+02,6.988885595599e-04,7.617885299203e-02,-7.430313777771e-02,3.060102290357e+04,-1.242316345824e+04,0.000000000000e+00,0.000000000000e+00,7.422939797193e-03,8.091004378941e-01,0.000000000000e+00,0.000000000000e+00,2.778891504464e+02,2.776781311035e+02,6.752777777777e-01,3.166666666673e-02,3.060102290357e+04,5.550329261022e+04,1.090000000000e+02
9.680000000000e+02,1.035436715084e+08,1.042077252049e+03,4.171896549923e-01,1.694226216267e-07,4.039051181776e+02,7.093999071973e-04,7.732458988451e-02,-7.481652519012e-02,3.719081370299e+04,-7.027830658713e+03,0.000000000000e+00,0.000000000000e+00,7.106224146702e-03,7.745784319905e-01,0.000000000000e+00,0.000000000000e+00,2.769097265307e+02,2.766098327637e+02,6.764814814814e-01,3.203703703708e-02,3.719081370299e+04,5.550507842924e+04,1.090000000000e+02
9.690000000000e+02,1.035437242925e+08,1.046481349686e+03,4.171918610738e-01,1.692239798434e-07,4.043793856733e+02,6.849613651235e-04,7.466078879846e-02,-7.340750948225e-02,2.095359751593e+04,-4.127289287877e+03,0.000000000000e+00,0.000000000000e+00,4.157777261464e-03,4.531977214996e-01,0.000000000000e+00,0.000000000000e+00,2.766861946028e+02,2.765415649414e+02,6.776851851851e-01,3.379629629634e-02,2.095359751593e+04,5.550537157414e+04,1.090000000000e+02
9.700000000000e+02,1.035427593174e+08,5.735534054194e+02,4.171926586943e-01,1.690264619865e-07,4.048520712567e+02,6.500652318335e-04,7.085711026985e-02,-6.978411572403e-02,1.952175709959e+04,-2.908424778416e+03,0.000000000000e+00,0.000000000000e+00,3.639087024876e-03,3.966604857115e-01,0.000000000000e+00,0.000000000000e+00,2.765965259682e+02,2.764434814453e+02,6.782407407407e-01,4.074074074077e-02,1.952175709959e+04,5.550547741661e+04,1.090000000000e+02
9.710000000000e+02,1.035395043674e+08,1.752135788890e+02,4.171966934147e-01,1.688300556842e-07,4.053231872825e+02,5.761999647700e-04,6.280579615993e-02,-6.242135522179e-02,1.314922755988e+04,-2.097966071457e+02,0.000000000000e+00,0.000000000000e+00,2.145743965347e-03,2.338860922228e-01,0.000000000000e+00,0.000000000000e+00,2.759710275958e+02,2.759356079102e+02,6.786111111111e-01,5.481481481481e-02,1.314922755988e+04,5.550601412636e+04,1.090000000000e+02
9.720000000000e+02,1.035393419537e+08,4.033427489491e+02,4.171979181526e-01,1.686347498786e-07,4.057927459542e+02,5.644946851738e-04,6.152992068394e-02,-6.125812462442e-02,1.207628855583e+04,-3.237785458888e+03,0.000000000000e+00,0.000000000000e+00,2.571381685524e-03,2.802806037221e-01,0.000000000000e+00,0.000000000000e+00,2.755153059669e+02,2.754302673340e+02,6.781481481481e-01,5.370370370372e-02,1.207628855583e+04,5.550617707935e+04,1.090000000000e+02
9.730000000000e+02,1.035406894672e+08,5.532725848420e+02,4.171970052043e-01,1.684405313854e-07,4.062607593265e+02,6.006395760580e-04,6.546971379032e-02,-6.486694277583e-02,1.540639709390e+04,-4.948028202465e+03,0.000000000000e+00,0.000000000000e+00,3.394585163868e-03,3.700097828616e-01,0.000000000000e+00,0.000000000000e+00,2.758892440734e+02,2.757243041992e+02,6.773148148148e-01,4.833333333336e-02,1.540639709390e+04,5.550605645446e+04,1.090000000000e+02
9.740000000000e+02,1.035447292505e+08,1.666735857128e+03,4.171979358084e-01,1.682473939754e-07,4.067272393076e+02,5.848703212954e-04,6.375086502119e-02,-6.260759706041e-02,2.264530145233e+04,-7.514888414610e+03,0.000000000000e+00,0.000000000000e+00,5.179543502594e-03,5.645702417827e-01,0.000000000000e+00,0.000000000000e+00,2.754935047070e+02,2.753952331543e+02,6.760185185185e-01,3.240740740747e-02,2.264530145233e+04,5.550618038012e+04,1.090000000000e+02
9.750000000000e+02,1.035458155172e+08,9.171719640963e+02,4.171974292233e-01,1.680553253130e-07,4.071921976620e+02,5.302434644449e-04,5.779653762449e-02,-5.641401606001e-02,2.754635227862e+04,-4.217591268134e+03,0.000000000000e+00,0.000000000000e+00,5.138882038804e-03,5.601381422297e-01,0.000000000000e+00,0.000000000000e+00,2.757635228417e+02,2.759801940918e+02,6.748148148148e-01,3.537037037041e-02,2.754635227862e+04,5.550611297680e+04,1.090000000000e+02
9.760000000000e+02,1.035457522953e+08,1.002030523726e+03,4.171976034437e-01,1.678643145215e-07,4.076556460125e+02,5.513501382105e-04,6.009716506495e-02,-5.915392169377e-02,1.949288958719e+04,-3.220184624594e+03,0.000000000000e+00,0.000000000000e+00,3.776802643289e-03,4.116714881185e-01,0.000000000000e+00,0.000000000000e+00,2.756957786147e+02,2.755638122559e+02,6.737037037037e-01,3.555555555560e-02,1.949288958719e+04,5.550613634670e+04,1.090000000000e+02
9.770000000000e+02,1.035440781286e+08,4.167782448512e+02,4.171978893737e-01,1.676743544995e-07,4.081175958429e+02,5.459674032551e-04,5.951044695480e-02,-5.869693378847e-02,1.787058401628e+04,-1.583874337298e+03,0.000000000000e+00,0.000000000000e+00,3.126251368526e-03,3.407613991694e-01,0.000000000000e+00,0.000000000000e+00,2.751893803537e+02,2.752113037109e+02,6.733333333333e-01,4.407407407409e-02,1.787058401628e+04,5.550617374519e+04,1.090000000000e+02
9.780000000000e+02,1.035430847076e+08,4.930242303741e+02,4.171979436649e-01,1.674854256439e-07,4.085780584997e+02,4.936336961143e-04,5.380607287645e-02,-5.343431663966e-02,1.336757875927e+04,-1.972508351826e+03,0.000000000000e+00,0.000000000000e+00,2.551491874694e-03,2.781126143416e-01,0.000000000000e+00,0.000000000000e+00,2.752497845120e+02,2.754689636230e+02,6.723148148148e-01,4.611111111114e-02,1.336757875927e+04,5.550618208166e+04,1.090000000000e+02
9.790000000000e+02,1.035402988807e+08,1.752471390431e+02,4.171971657202e-01,1.672975286272e-07,4.090370451949e+02,4.701331945176e-04,5.124451820241e-02,-5.089494509028e-02,1.330121347020e+04,-3.915648560145e+01,0.000000000000e+00,0.000000000000e+00,2.155641200850e-03,2.349648908926e-01,0.000000000000e+00,0.000000000000e+00,2.748898239854e+02,2.750495300293e+02,6.703703703703e-01,5.796296296296e-02,1.330121347020e+04,5.550607824006e+04,1.090000000000e+02
9.800000000000e+02,1.035338416189e+08,7.290387448268e+01,4.171945315040e-01,1.671106475747e-07,4.094945670078e+02,4.062221679902e-04,4.427821631093e-02,-4.418984135053e-02,9.737757341030e+03,4.004463235790e+03,0.000000000000e+00,0.000000000000e+00,9.315237669396e-04,1.015360905964e-01,0.000000000000e+00,0.000000000000e+00,2.743996090955e+02,2.745464477539e+02,6.686111111111e-01,7.759259259258e-02,9.737757341030e+03,5.550572753215e+04,1.090000000000e+02
9.810000000000e+02,1.035291233714e+08,3.730147076638e+01,4.171899052445e-01,1.669247744692e-07,4.099506348873e+02,3.611762574528e-04,3.936821206236e-02,-3.933193280532e-02,8.395032439887e+03,2.535111192023e+03,0.000000000000e+00,0.000000000000e+00,9.630161813144e-04,1.049687637633e-01,0.000000000000e+00,0.000000000000e+00,2.738981965190e+02,2.740815124512e+02,6.660185185185e-01,8.768518518517e-02,8.395032439887e+03,5.550511145879e+04,1.090000000000e+02
9.820000000000e+02,1.035319540627e+08,1.547630464288e+02,4.171911841797e-01,1.667399132885e-07,4.104052596540e+02,3.203055875882e-04,3.491330904712e-02,-3.486902411171e-02,9.034876286478e+03,-4.766101950604e+03,0.000000000000e+00,0.000000000000e+00,2.300949634007e-03,2.508035101068e-01,0.000000000000e+00,0.000000000000e+00,2.740135713859e+02,2.743074951172e+02,6.608333333333e-01,7.722222222222e-02,9.034876286478e+03,5.550527665979e+04,1.090000000000e+02
9.830000000000e+02,1.035297259547e+08,4.706475246467e+01,2.521403902901e+03,4.167549896770e-03,1.000000000000e+02,2.624391393210e-04,2.860586618599e-02,-3.103999285525e-02,1.076174395773e+04,5.052165712401e+02,1.514712348600e-05,1.651036459974e-03,1.662856352159e-03,1.812513423853e-01,4.089689058338e-04,4.457761073589e-02,2.740921455941e+02,2.743923034668e+02,6.549074074073e-01,8.499999999999e-02,1.076174395773e+04,5.550538104576e+04,1.090000000000e+02
9.840000000000e+02,1.035208047658e+08,3.598837653586e+01,9.212680186452e+03,1.522747781913e-02,1.000000000000e+02,-7.227093464681e-06,-7.877531876503e-04,-1.598397386841e-02,8.265291507914e+03,8.033994200806e+03,3.661198158496e-05,3.990705992760e-03,0.000000000000e+00,0.000000000000e+00,9.885235027938e-04,1.077490618045e-01,2.737819243846e+02,2.744028015137e+02,6.487037037036e-01,1.057407407407e-01,8.265291507914e+03,5.550493133720e+04,1.090000000000e+02
9.850000000000e+02,1.035136201748e+08,3.314692330596e+01,1.939008728436e+04,3.146676242554e-02,1.018078466547e+02,-3.006867734265e-04,-3.277485830349e-02,-1.281546928070e-03,7.203466672631e+03,7.113460316014e+03,1.444331971257e-05,1.574321848670e-03,0.000000000000e+00,0.000000000000e+00,1.384231546313e-03,1.508812385481e-01,2.732238880149e+02,2.738864746094e+02,2.629629629629e-02,1.200000000000e-01,7.203466672631e+03,5.550385871006e+04,1.090000000000e+02
9.860000000000e+02,1.035071649651e+08,3.309118754937e+01,3.099091546560e+04,4.606878275771e-02,1.110385475501e+02,-3.444947435430e-04,-3.754992704619e-02,-1.196969661415e-04,6.448621528202e+03,6.448565792456e+03,0.000000000000e+00,0.000000000000e+00,0.000000000000e+00,0.000000000000e+00,1.571927991344e-03,1.713401510565e-01,2.732134551661e+02,2.735253601074e+02,0.000000000000e+00,1.319444444444e-01,6.448621528202e+03,5.550383644613e+04,1.090000000000e+02
9.870000000000e+02,1.035012853913e+08,3.115418100508e+01,4.198959818446e+04,5.813236608333e-02,1.192850515444e+02,-3.675096604584e-04,-4.005855298997e-02,0.000000000000e+00,5.881511046040e+03,5.879574039505e+03,0.000000000000e+00,0.000000000000e+00,0.000000000000e+00,0.000000000000e+00,1.450478419408e-03,1.581021477155e-01,2.732151331897e+02,2.733212890625e+02,0.000000000000e+00,1.429629629629e-01,5.881511046040e+03,5.550384020666e+04,1.090000000000e+02
9.880000000000e+02,1.034958448807e+08,3.005387628594e+01,5.190168693823e+04,6.767389858072e-02,1.266970328051e+02,-3.735331370752e-04,-4.071511194120e-02,0.000000000000e+00,5.441610891012e+03,5.440510586298e+03,0.000000000000e+00,0.000000000000e+00,0.000000000000e+00,0.000000000000e+00,1.264823640266e-03,1.378657767890e-01,2.732125218381e+02,2.729063110352e+02,0.000000000000e+00,1.536111111111e-01,5.441610891012e+03,5.550383435525e+04,1.090000000000e+02
9.890000000000e+02,1.034907670478e+08,2.916019825978e+01,6.256430561120e+04,7.786994379723e-02,1.327533515317e+02,-3.681278640649e-04,-4.012593718307e-02,0.000000000000e+00,5.078726661715e+03,5.077832983704e+03,0.000000000000e+00,0.000000000000e+00,0.000000000000e+00,0.000000000000e+00,1.394313296113e-03,1.519801492764e-01,2.732098729930e+02,2.722380981445e+02,0.000000000000e+00,1.633333333333e-01,5.078726661715e+03,5.550382841140e+04,1.090000000000e+02
9.900000000000e+02,1.034859769589e+08,2.825592452065e+01,7.334544975317e+04,8.775263481733e-02,1.381166150733e+02,-3.622070106380e-04,-3.948056415954e-02,0.000000000000e+00,4.790993296582e+03,4.790089022850e+03,0.000000000000e+00,0.000000000000e+00,0.000000000000e+00,0.000000000000e+00,1.419825962373e-03,1.547610298986e-01,2.732081521645e+02,2.720433349609e+02,0.000000000000e+00,1.726851851852e-01,4.790993296582e+03,5.550382454501e+04,1.090000000000e+02
9.910000000000e+02,1.034814306429e+08,2.774487806201e+01,8.361154428000e+04,9.653687999675e-02,1.431313989472e+02,-3.561728630051e-04,-3.882284206756e-02,0.000000000000e+00,4.546827155745e+03,4.546316109298e+03,0.000000000000e+00,0.000000000000e+00,0.000000000000e+00,0.000000000000e+00,1.340726032708e-03,1.461391375652e-01,2.732038613364e+02,2.718146057129e+02,0.000000000000e+00,1.813888888889e-01,4.546827155745e+03,5.550381489110e+04,1.090000000000e+02
9.920000000000e+02,1.034770995614e+08,2.749134043668e+01,9.391319456323e+04,1.051341025936e-01,1.476265301637e+02,-3.646914822895e-04,-3.975137156955e-02,0.000000000000e+00,4.331336023712e+03,4.331082486088e+03,0.000000000000e+00,0.000000000000e+00,0.000000000000e+00,0.000000000000e+00,1.338087402095e-03,1.458515268283e-01,2.731982007950e+02,2.714259948730e+02,0.000000000000e+00,1.906481481481e-01,4.331336023712e+03,5.550380212411e+04,1.090000000000e+02
9.930000000000e+02,1.034729459983e+08,2.734055827505e+01,1.057617993130e+05,1.155051777555e-01,1.513292878432e+02,-3.673209481752e-04,-4.003798335109e-02,0.000000000000e+00,4.153714715743e+03,4.153563933584e+03,0.000000000000e+00,0.000000000000e+00,0.000000000000e+00,0.000000000000e+00,1.591156677370e-03,1.734360778333e-01,2.731924986990e+02,2.707429199219e+02,0.000000000000e+00,1.999074074074e-01,4.153714715743e+03,5.550378922708e+04,1.090000000000e+02
9.940000000000e+02,1.034689528476e+08,2.707800910003e+01,1.187109271387e+05,1.271348405823e-01,1.543237396710e+02,-3.562259561445e-04,-3.882862921975e-02,0.000000000000e+00,3.993413682724e+03,3.993151133554e+03,0.000000000000e+00,0.000000000000e+00,0.000000000000e+00,0.000000000000e+00,1.784156372040e-03,1.944730445524e-01,2.731888515515e+02,2.704045104980e+02,0.000000000000e+00,2.081481481481e-01,3.993413682724e+03,5.550378095898e+04,1.090000000000e+02
9.950000000000e+02,1.034651138274e+08,2.694508682630e+01,1.316065779468e+05,1.383426227046e-01,1.572303401176e+02,-3.589756235740e-04,-3.912834296956e-02,0.000000000000e+00,3.839152835394e+03,3.839019913119e+03,0.000000000000e+00,0.000000000000e+00,0.000000000000e+00,0.000000000000e+00,1.772570837752e-03,1.932102213150e-01,2.731855160913e+02,2.700735168457e+02,0.000000000000e+00,2.168518518518e-01,3.839152835394e+03,5.550377338490e+04,1.090000000000e+02
9.960000000000e+02,1.034613910213e+08,2.716833281069e+01,1.452416916267e+05,1.500443816560e-01,1.599899314034e+02,-3.590570581405e-04,-3.913721933731e-02,0.000000000000e+00,3.722582984573e+03,3.722806230564e+03,0.000000000000e+00,0.000000000000e+00,0.000000000000e+00,0.000000000000e+00,1.894718928874e-03,2.065243632473e-01,2.731802889267e+02,2.694647521973e+02,0.000000000000e+00,2.243518518518e-01,3.722582984573e+03,5.550376148998e+04,1.090000000000e+02
9.970000000000e+02,1.034577623869e+08,2.778589678965e+01,1.569337809296e+05,1.584500573303e-01,1.637003989094e+02,-3.458876575280e-04,-3.770175467055e-02,0.000000000000e+00,3.628016953896e+03,3.628634517878e+03,0.000000000000e+00,0.000000000000e+00,0.000000000000e+00,0.000000000000e+00,1.586722983750e-03,1.729528052287e-01,2.731731016643e+02,2.685157775879e+02,0.000000000000e+00,2.331481481481e-01,3.628016953896e+03,5.550374508441e+04,1.090000000000e+02
9.980000000000e+02,1.034542236316e+08,2.834815667121e+01,1.670338318599e+05,1.650443010042e-01,1.672757948674e+02,-3.259606413017e-04,-3.552970990188e-02,0.000000000000e+00,3.538193360009e+03,3.538755619897e+03,0.000000000000e+00,0.000000000000e+00,0.000000000000e+00,0.000000000000e+00,1.343504673406e-03,1.464420094012e-01,2.731671446436e+02,2.681567382813e+02,0.000000000000e+00,2.417592592592e-01,3.538193360009e+03,5.550373144258e+04,1.090000000000e+02
9.990000000000e+02,1.034507826954e+08,2.888580679964e+01,1.796322051229e+05,1.759662290281e-01,1.687279811008e+02,-3.177333458379e-04,-3.463293469633e-02,0.000000000000e+00,3.440398759789e+03,3.440936409931e+03,0.000000000000e+00,0.000000000000e+00,0.000000000000e+00,0.000000000000e+00,1.764681019451e-03,1.923502311202e-01,2.731617308619e+02,2.678457641602e+02,0.000000000000e+00,2.502777777778e-01,3.440398759789e+03,5.550371901016e+04,1.090000000000e+02
1.000000000000e+03,1.034474112242e+08,2.992923843075e+01,1.919682679335e+05,1.839884944876e-01,1.724541228479e+02,-3.124870039012e-04,-3.406108342523e-02,0.000000000000e+00,3.370428423819e+03,3.371471855463e+03,0.000000000000e+00,0.000000000000e+00,0.000000000000e+00,0.000000000000e+00,1.726574039740e-03,1.881965703316e-01,2.731541581581e+02,2.672311096191e+02,0.000000000000e+00,2.591666666667e-01,3.370428423819e+03,5.550370156562e+04,1.090000000000e+02
1.001000000000e+03,1.034441034884e+08,3.077309648146e+01,2.025081097197e+05,1.912742282508e-01,1.749938218883e+02,-3.057145937090e-04,-3.332289071428e-02,0.000000000000e+00,3.306891217700e+03,3.307735075762e+03,0.000000000000e+00,0.000000000000e+00,0.000000000000e+00,0.000000000000e+00,1.436443575087e-03,1.565723496845e-01,2.731487811450e+02,2.670113830566e+02,0.000000000000e+00,2.677777777778e-01,3.306891217700e+03,5.550368914001e+04,1.090000000000e+02
1.002000000000e+03,1.034408549732e+08,3.141223042928e+01,2.131430324781e+05,1.975207578112e-01,1.783597311280e+02,-3.017329349126e-04,-3.288888990547e-02,0.000000000000e+00,3.247876524833e+03,3.248515658787e+03,0.000000000000e+00,0.000000000000e+00,0.000000000000e+00,0.000000000000e+00,1.456141118868e-03,1.587193819566e-01,2.731448824011e+02,2.674907226563e+02,0.000000000000e+00,2.752777777778e-01,3.247876524833e+03,5.550368010989e+04,1.090000000000e+02
1.003000000000e+03,1.034376486893e+08,3.230362864928e+01,2.244655138029e+05,2.056839017320e-01,1.803803233522e+02,-3.076227463651e-04,-3.353087935380e-02,0.000000000000e+00,3.205392922122e+03,3.206284320356e+03,0.000000000000e+00,0.000000000000e+00,0.000000000000e+00,0.000000000000e+00,1.563848151357e-03,1.704594484979e-01,2.731403630290e+02,2.673902587891e+02,0.000000000000e+00,2.835185185185e-01,3.205392922122e+03,5.550366962078e+04,1.090000000000e+02
1.004000000000e+03,1.034344941691e+08,3.341124584353e+01,2.345430604030e+05,2.116504230116e-01,1.831658451403e+02,-2.961656966737e-04,-3.228206093744e-02,0.000000000000e+00,3.153412499978e+03,3.154520117180e+03,0.000000000000e+00,0.000000000000e+00,0.000000000000e+00,0.000000000000e+00,1.369580199347e-03,1.492842417288e-01,2.731352721572e+02,2.672338867188e+02,0.000000000000e+00,2.912037037037e-01,3.153412499978e+03,5.550365777761e+04,1.090000000000e+02
1.005000000000e+03,1.034313821582e+08,3.495849488874e+01,2.430279341697e+05,2.159452596005e-01,1.860178369020e+02,-2.975232608754e-04,-3.243003543541e-02,0.000000000000e+00,3.110462699752e+03,3.112009948796e+03,0.000000000000e+00,0.000000000000e+00,0.000000000000e+00,0.000000000000e+00,1.104969412199e-03,1.204416659297e-01,2.731290640207e+02,2.668755798340e+02,0.000000000000e+00,3.000925925926e-01,3.110462699752e+03,5.550364329636e+04,1.090000000000e+02
1.006000000000e+03,1.034283084570e+08,3.620054941747e+01,2.562959081998e+05,2.259236614111e-01,1.875093871496e+02,-3.100867938378e-04,-3.379946052832e-02,0.000000000000e+00,3.072458821867e+03,3.073700876416e+03,0.000000000000e+00,0.000000000000e+00,0.000000000000e+00,0.000000000000e+00,1.883012076478e-03,2.052483163361e-01,2.731245813841e+02,2.667943420410e+02,0.000000000000e+00,3.086111111111e-01,3.072458821867e+03,5.550363281286e+04,1.090000000000e+02
1.007000000000e+03,1.034252691494e+08,3.795858970926e+01,2.700105795875e+05,2.357287700623e-01,1.893268399296e+02,-3.211436650467e-04,-3.500465949009e-02,0.000000000000e+00,3.037548370716e+03,3.039306411007e+03,0.000000000000e+00,0.000000000000e+00,0.000000000000e+00,0.000000000000e+00,1.945794642024e-03,2.120916159807e-01,2.731185352252e+02,2.665367736816e+02,0.000000000000e+00,3.157407407407e-01,3.037548370716e+03,5.550361863748e+04,1.090000000000e+02
1.008000000000e+03,1.034222634525e+08,4.094223091134e+01,2.818340900672e+05,2.431424297243e-01,1.915921047789e+02,-2.988613186991e-04,-3.257588373821e-02,0.000000000000e+00,3.002713277419e+03,3.005696918640e+03,0.000000000000e+00,0.000000000000e+00,0.000000000000e+00,0.000000000000e+00,1.655488187173e-03,1.804482124019e-01,2.731101060657e+02,2.658544006348e+02,0.000000000000e+00,3.245370370370e-01,3.002713277419e+03,5.550359880693e+04,1.090000000000e+02
1.009000000000e+03,1.034192895867e+08,4.561693914999e+01,2.930739192323e+05,2.499364236161e-01,1.938176189718e+02,-2.847890770753e-04,-3.104200940120e-02,0.000000000000e+00,2.969190980128e+03,2.973865688375e+03,0.000000000000e+00,0.000000000000e+00,0.000000000000e+00,0.000000000000e+00,1.573090173412e-03,1.714668289020e-01,2.730990973605e+02,2.650914611816e+02,0.000000000000e+00,3.329629629629e-01,2.969190980128e+03,5.550357278755e+04,1.090000000000e+02
1.010000000000e+03,1.034163538749e+08,5.107410295306e+01,3.023515154561e+05,2.559558060858e-01,1.952510740364e+02,-2.700074797453e-04,-2.943081529224e-02,0.000000000000e+00,2.930255534788e+03,2.935712698594e+03,0.000000000000e+00,0.000000000000e+00,0.000000000000e+00,0.000000000000e+00,1.263528335084e-03,1.377245885241e-01,2.730894604448e+02,2.644819641113e+02,0.000000000000e+00,3.416666666666e-01,2.930255534788e+03,5.550354989795e+04,1.090000000000e+02
1.011000000000e+03,1.034134421236e+08,5.697423319255e+01,3.113993046720e+05,2.597795322232e-01,1.981342693100e+02,-2.541625110499e-04,-2.770371370444e-02,0.000000000000e+00,2.905851626163e+03,2.911751756408e+03,0.000000000000e+00,0.000000000000e+00,0.000000000000e+00,0.000000000000e+00,1.241388000495e-03,1.353112920539e-01,2.730804805839e+02,2.644597473145e+02,0.000000000000e+00,3.504629629629e-01,2.905851626163e+03,5.550352847454e+04,1.090000000000e+02
1.012000000000e+03,1.034105542255e+08,6.258680835141e+01,3.217146928178e+05,2.657569677658e-01,2.000938116028e+02,-2.631354915922e-04,-2.868176858355e-02,0.000000000000e+00,2.882286614043e+03,2.887899189211e+03,0.000000000000e+00,0.000000000000e+00,0.000000000000e+00,0.000000000000e+00,1.441936171970e-03,1.571710427448e-01,2.730735735138e+02,2.643859558105e+02,0.000000000000e+00,3.590740740741e-01,2.882286614043e+03,5.550351193383e+04,1.090000000000e+02
1.013000000000e+03,1.034076884099e+08,7.083784570912e+01,3.319913576040e+05,2.713482946987e-01,2.022309853329e+02,-2.656279924661e-04,-2.895345117880e-02,0.000000000000e+00,2.857564458443e+03,2.865815495807e+03,0.000000000000e+00,0.000000000000e+00,0.000000000000e+00,0.000000000000e+00,1.433056885247e-03,1.562032004920e-01,2.730616040194e+02,2.635574340820e+02,0.000000000000e+00,3.674074074074e-01,2.857564458443e+03,5.550348314367e+04,1.090000000000e+02
1.014000000000e+03,1.034048511319e+08,8.284556501411e+01,3.405625285631e+05,2.757725230021e-01,2.041241733385e+02,-2.464047091227e-04,-2.685811329437e-02,0.000000000000e+00,2.825270709696e+03,2.837278429020e+03,0.000000000000e+00,0.000000000000e+00,0.000000000000e+00,0.000000000000e+00,1.170379047698e-03,1.275713161991e-01,2.730483494759e+02,2.634318237305e+02,0.000000000000e+00,3.761111111111e-01,2.825270709696e+03,5.550345107319e+04,1.090000000000e+02
1.015000000000e+03,1.034020382563e+08,9.729830160973e+01,3.491319364515e+05,2.798771820537e-01,2.061917005038e+02,-2.309708974024e-04,-2.517582781687e-02,0.000000000000e+00,2.798423021325e+03,2.812875757924e+03,0.000000000000e+00,0.000000000000e+00,0.000000000000e+00,0.000000000000e+00,1.185521845408e-03,1.292218811495e-01,2.730355262689e+02,2.631764831543e+02,0.000000000000e+00,3.850925925926e-01,2.798423021325e+03,5.550341985566e+04,1.090000000000e+02
1.016000000000e+03,1.033992454129e+08,1.126098176143e+02,3.588423744688e+05,2.849636868262e-01,2.081439358599e+02,-2.255992581429e-04,-2.459031913758e-02,0.000000000000e+00,2.777532128064e+03,2.792843644070e+03,0.000000000000e+00,0.000000000000e+00,0.000000000000e+00,0.000000000000e+00,1.379494837815e-03,1.503649373218e-01,2.730252739721e+02,2.627090454102e+02,0.000000000000e+00,3.938888888889e-01,2.777532128064e+03,5.550339476161e+04,1.090000000000e+02
1.017000000000e+03,1.033964734101e+08,1.339037528321e+02,3.670556296747e+05,2.887606872036e-01,2.101086938834e+02,-2.120679996883e-04,-2.311541196602e-02,0.000000000000e+00,2.750708610967e+03,2.772002546188e+03,0.000000000000e+00,0.000000000000e+00,0.000000000000e+00,0.000000000000e+00,1.145578808046e-03,1.248680900770e-01,2.730041624231e+02,2.621520385742e+02,0.000000000000e+00,4.029629629630e-01,2.750708610967e+03,5.550334271444e+04,1.090000000000e+02
1.018000000000e+03,1.033937323883e+08,1.648394716216e+02,3.739003440908e+05,2.912533526998e-01,2.121953171653e+02,-1.941587074336e-04,-2.116329911026e-02,0.000000000000e+00,2.710086842384e+03,2.741022561177e+03,0.000000000000e+00,0.000000000000e+00,0.000000000000e+00,0.000000000000e+00,9.372903782362e-04,1.021646512277e-01,2.729804901824e+02,2.611498107910e+02,0.000000000000e+00,4.123148148148e-01,2.710086842384e+03,5.550328375285e+04,1.090000000000e+02
1.019000000000e+03,1.033910126474e+08,1.954323144835e+02,3.826789474261e+05,2.956921865558e-01,2.139173362378e+02,-2.101164854748e-04,-2.290269691675e-02,0.000000000000e+00,2.689148285839e+03,2.719741128703e+03,0.000000000000e+00,0.000000000000e+00,0.000000000000e+00,0.000000000000e+00,1.240957315884e-03,1.352643474314e-01,2.729703483280e+02,2.612925415039e+02,0.000000000000e+00,4.209259259259e-01,2.689148285839e+03,5.550325829382e+04,1.090000000000e+02
1.020000000000e+03,1.033883006434e+08,2.273058050362e+02,3.907617611378e+05,2.994291327977e-01,2.157097544598e+02,-2.185950532960e-04,-2.382686080926e-02,0.000000000000e+00,2.680131468497e+03,2.712004959051e+03,0.000000000000e+00,0.000000000000e+00,0.000000000000e+00,0.000000000000e+00,1.117491258782e-03,1.218065472073e-01,2.729531404272e+02,2.609349670410e+02,0.000000000000e+00,4.282500000000e-01,2.680131468497e+03,5.550321483003e+04,1.090000000000e+02
1.021000000000e+03,1.033856052914e+08,2.683163786039e+02,3.972952574498e+05,3.017070944149e-01,2.176608464358e+02,-1.965764263121e-04,-2.142683046801e-02,0.000000000000e+00,2.654341408038e+03,2.695351981610e+03,0.000000000000e+00,0.000000000000e+00,0.000000000000e+00,0.000000000000e+00,8.834457021369e-04,9.629558153292e-02,2.729271157966e+02,2.602474670410e+02,0.000000000000e+00,4.363055555555e-01,2.654341408038e+03,5.550314846085e+04,1.090000000000e+02
1.022000000000e+03,1.033829282961e+08,3.145821793826e+02,4.058271029661e+05,3.059416305233e-01,2.192580148834e+02,-1.882774093956e-04,-2.052223762412e-02,0.000000000000e+00,2.630729834032e+03,2.676995634811e+03,0.000000000000e+00,0.000000000000e+00,0.000000000000e+00,0.000000000000e+00,1.222044826408e-03,1.332028860785e-01,2.729073823076e+02,2.592016906738e+02,0.000000000000e+00,4.435560185185e-01,2.630729834032e+03,5.550309762417e+04,1.090000000000e+02
1.023000000000e+03,1.033802617420e+08,3.639808918479e+02,4.133372859982e+05,3.092008115378e-01,2.209619670774e+02,-1.821662914749e-04,-1.985612577076e-02,0.000000000000e+00,2.617156378400e+03,2.666555090867e+03,0.000000000000e+00,0.000000000000e+00,0.000000000000e+00,0.000000000000e+00,1.059292731261e-03,1.154629077074e-01,2.728865899519e+02,2.587669372559e+02,0.000000000000e+00,4.509000231481e-01,2.617156378400e+03,5.550304357880e+04,1.090000000000e+02
1.024000000000e+03,1.033776058463e+08,4.169012838030e+02,4.195462934429e+05,3.112815503842e-01,2.227822324220e+02,-1.823783850586e-04,-1.987924397139e-02,0.000000000000e+00,2.602976033038e+03,2.655896424995e+03,0.000000000000e+00,0.000000000000e+00,0.000000000000e+00,0.000000000000e+00,8.439944497662e-04,9.199539502451e-02,2.728694949921e+02,2.591825561523e+02,0.000000000000e+00,4.572245601852e-01,2.602976033038e+03,5.550299876978e+04,1.090000000000e+02
1.025000000000e+03,1.033749589705e+08,4.717656717117e+02,4.268719218302e+05,3.144152854444e-01,2.244132176543e+02,-1.889991379658e-04,-2.060090603827e-02,0.000000000000e+00,2.592012305621e+03,2.646876693534e+03,0.000000000000e+00,0.000000000000e+00,0.000000000000e+00,0.000000000000e+00,1.021945355540e-03,1.113920437538e-01,2.728534758887e+02,2.589403686523e+02,0.000000000000e+00,4.635899548611e-01,2.592012305621e+03,5.550295647516e+04,1.090000000000e+02
1.026000000000e+03,1.033723256701e+08,5.320644749881e+02,4.349770239131e+05,3.183181968425e-01,2.258707279115e+02,-1.855776053942e-04,-2.022795898797e-02,0.000000000000e+00,2.573001843779e+03,2.633300647058e+03,0.000000000000e+00,0.000000000000e+00,0.000000000000e+00,0.000000000000e+00,1.154225366456e-03,1.258105649437e-01,2.728298917797e+02,2.588750610352e+02,0.000000000000e+00,4.697200474537e-01,2.573001843779e+03,5.550289367029e+04,1.090000000000e+02
1.027000000000e+03,1.033702190250e+08,6.870186127095e+02,4.422730759167e+05,3.213983640792e-01,2.274587340447e+02,-1.745338788283e-04,-1.902419279228e-02,0.000000000000e+00,1.951690631670e+03,2.106644769392e+03,0.000000000000e+00,0.000000000000e+00,0.000000000000e+00,0.000000000000e+00,1.031575089112e-03,1.124416847132e-01,2.728030477418e+02,2.585750122070e+02,0.000000000000e+00,4.726907489005e-01,1.951690631670e+03,5.550282084002e+04,1.090000000000e+02
1.028000000000e+03,1.033682136476e+08,8.926890274100e+02,4.486961846197e+05,3.237536470456e-01,2.290835650134e+02,-1.728976372726e-04,-1.884584246271e-02,0.000000000000e+00,1.799706976680e+03,2.005377391382e+03,0.000000000000e+00,0.000000000000e+00,0.000000000000e+00,0.000000000000e+00,8.888676206455e-04,9.688657065036e-02,2.727864781462e+02,2.581688537598e+02,0.000000000000e+00,4.764130119821e-01,1.799706976680e+03,5.550277581537e+04,1.090000000000e+02
1.029000000000e+03,1.033660149162e+08,1.055570290783e+03,4.550982181149e+05,3.261161083437e-01,2.306689725492e+02,-1.873434086355e-04,-2.042043154126e-02,0.000000000000e+00,2.035851637329e+03,2.198732900704e+03,0.000000000000e+00,0.000000000000e+00,0.000000000000e+00,0.000000000000e+00,8.708760200788e-04,9.492548618859e-02,2.727873280786e+02,2.584033508301e+02,0.000000000000e+00,4.809577875029e-01,2.035851637329e+03,5.550277815446e+04,1.090000000000e+02
1.030000000000e+03,1.033637457000e+08,1.205510851671e+03,4.614543888405e+05,3.284707058525e-01,2.322141635688e+02,-1.983617111511e-04,-2.162142651547e-02,0.000000000000e+00,2.119276989914e+03,2.269217550802e+03,0.000000000000e+00,0.000000000000e+00,0.000000000000e+00,0.000000000000e+00,8.523156388760e-04,9.290240463749e-02,2.727785872835e+02,2.589501037598e+02,0.000000000000e+00,4.851554218404e-01,2.119276989914e+03,5.550275427269e+04,1.090000000000e+02
1.031000000000e+03,1.033614489073e+08,1.359224956097e+03,4.700943773288e+05,3.328933621394e-01,2.334194150536e+02,-1.908651483826e-04,-2.080430117371e-02,0.000000000000e+00,2.143081632719e+03,2.296795737147e+03,0.000000000000e+00,0.000000000000e+00,0.000000000000e+00,0.000000000000e+00,1.237356045380e-03,1.348718089464e-01,2.727598568245e+02,2.585108337402e+02,0.000000000000e+00,4.906891039614e-01,2.143081632719e+03,5.550270277728e+04,1.090000000000e+02
1.032000000000e+03,1.033591996956e+08,1.500682760718e+03,4.791746485961e+05,3.376239960156e-01,2.345944661377e+02,-1.868445557297e-04,-2.036605657454e-02,0.000000000000e+00,2.107756089651e+03,2.249213894274e+03,0.000000000000e+00,0.000000000000e+00,0.000000000000e+00,0.000000000000e+00,1.314108634758e-03,1.432378411886e-01,2.727552885976e+02,2.590639648437e+02,0.000000000000e+00,4.936076456280e-01,2.107756089651e+03,5.550269009268e+04,1.090000000000e+02
1.033000000000e+03,1.033573791214e+08,1.860757193975e+03,4.859834495268e+05,3.403852905923e-01,2.359980703941e+02,-1.804748038129e-04,-1.967175361561e-02,0.000000000000e+00,1.460497188740e+03,1.820571621996e+03,0.000000000000e+00,0.000000000000e+00,0.000000000000e+00,0.000000000000e+00,9.450728713006e-04,1.030129429718e-01,2.727349547617e+02,2.579129638672e+02,0.000000000000e+00,4.954689295298e-01,1.460497188740e+03,5.550263291597e+04,1.090000000000e+02
1.034000000000e+03,1.033553540316e+08,2.134843314085e+03,4.917024048462e+05,3.421903519910e-01,2.375159114647e+02,-1.593981203235e-04,-1.737439511527e-02,0.000000000000e+00,1.751003745825e+03,2.025089865934e+03,0.000000000000e+00,0.000000000000e+00,0.000000000000e+00,0.000000000000e+00,7.859750864511e-04,8.567128442317e-02,2.727206356836e+02,2.584201660156e+02,0.000000000000e+00,4.992607130946e-01,1.751003745825e+03,5.550259283628e+04,1.090000000000e+02
1.035000000000e+03,1.033532800633e+08,2.393526286812e+03,4.975291744683e+05,3.441196900404e-01,2.389832865481e+02,-1.453957451854e-04,-1.584813622521e-02,0.000000000000e+00,1.815285859758e+03,2.073968832484e+03,0.000000000000e+00,0.000000000000e+00,0.000000000000e+00,0.000000000000e+00,8.177988500107e-04,8.914007465116e-02,2.727070176305e+02,2.589536132812e+02,0.000000000000e+00,5.043722429623e-01,1.815285859758e+03,5.550255447784e+04,1.090000000000e+02
1.036000000000e+03,1.033511834910e+08,2.648954999255e+03,5.041268555803e+05,3.467401643023e-01,2.403225626178e+02,-1.608740091164e-04,-1.753526699369e-02,0.000000000000e+00,1.841142469023e+03,2.096571181464e+03,0.000000000000e+00,0.000000000000e+00,0.000000000000e+00,0.000000000000e+00,9.297434183514e-04,1.013420326003e-01,2.726933737621e+02,2.585171508789e+02,0.000000000000e+00,5.081450450457e-01,1.841142469023e+03,5.550251581438e+04,1.090000000000e+02
1.037000000000e+03,1.033492076980e+08,3.064827762379e+03,5.104393461635e+05,3.491187453767e-01,2.416742711251e+02,-1.619840034260e-04,-1.765625637344e-02,0.000000000000e+00,1.559918500307e+03,1.975791263432e+03,0.000000000000e+00,0.000000000000e+00,0.000000000000e+00,0.000000000000e+00,8.815498490723e-04,9.608893354888e-02,2.726705057802e+02,2.571536254883e+02,0.000000000000e+00,5.116741884438e-01,1.559918500307e+03,5.550244949693e+04,1.090000000000e+02
1.038000000000e+03,1.033472365458e+08,3.498502722086e+03,5.165512843668e+05,3.513607025427e-01,2.430080611843e+02,-1.343132546340e-04,-1.464014475511e-02,0.000000000000e+00,1.537476168151e+03,1.971151127857e+03,0.000000000000e+00,0.000000000000e+00,0.000000000000e+00,0.000000000000e+00,8.761452039524e-04,9.549982723081e-02,2.726296925594e+02,2.567618103027e+02,0.000000000000e+00,5.156833389646e-01,1.537476168151e+03,5.550233128453e+04,1.090000000000e+02
1.039000000000e+03,1.033452467697e+08,3.958905651746e+03,5.226617181737e+05,3.535970543378e-01,2.443284092254e+02,-1.201456938157e-04,-1.309588062591e-02,0.000000000000e+00,1.529372262145e+03,1.989775191806e+03,0.000000000000e+00,0.000000000000e+00,0.000000000000e+00,0.000000000000e+00,8.901727251186e-04,9.702882703793e-02,2.725675279331e+02,2.555773773193e+02,0.000000000000e+00,5.218440266883e-01,1.529372262145e+03,5.550214730043e+04,1.090000000000e+02
1.040000000000e+03,1.033432862407e+08,4.509620433354e+03,5.276953737037e+05,3.549440382819e-01,2.457457132075e+02,-1.138835619021e-04,-1.241330824733e-02,0.000000000000e+00,1.409813805022e+03,1.960528586628e+03,0.000000000000e+00,0.000000000000e+00,0.000000000000e+00,0.000000000000e+00,7.182904787023e-04,7.829366217855e-02,2.725431987994e+02,2.548891906738e+02,0.000000000000e+00,5.258814179499e-01,1.409813805022e+03,5.550207217830e+04,1.090000000000e+02
1.041000000000e+03,1.033413855580e+08,5.169471367709e+03,5.319291278488e+05,3.556358701107e-01,2.472357305600e+02,-1.131800754809e-04,-1.233662822741e-02,0.000000000000e+00,1.240831889308e+03,1.900682823657e+03,0.000000000000e+00,0.000000000000e+00,0.000000000000e+00,0.000000000000e+00,5.867320032974e-04,6.395378835941e-02,2.725252709570e+02,2.553917236328e+02,0.000000000000e+00,5.306761392963e-01,1.240831889308e+03,5.550201774425e+04,1.090000000000e+02
1.042000000000e+03,1.033394592356e+08,5.737050367616e+03,5.359806709056e+05,3.562321111436e-01,2.487018611204e+02,-1.087513216111e-04,-1.185389405561e-02,0.000000000000e+00,1.358743621614e+03,1.926322621516e+03,0.000000000000e+00,0.000000000000e+00,0.000000000000e+00,0.000000000000e+00,5.609391223431e-04,6.114236433539e-02,2.725290848980e+02,2.556392517090e+02,0.000000000000e+00,5.345319703288e-01,1.358743621614e+03,5.550202940067e+04,1.090000000000e+02
1.043000000000e+03,1.033375332661e+08,6.255301099355e+03,5.405305471007e+05,3.572612401591e-01,2.500904852673e+02,-9.320940231596e-05,-1.015982485244e-02,0.000000000000e+00,1.407719402194e+03,1.925970133929e+03,0.000000000000e+00,0.000000000000e+00,0.000000000000e+00,0.000000000000e+00,6.588447085811e-04,7.181407323534e-02,2.725368704006e+02,2.564550170898e+02,0.000000000000e+00,5.397544926011e-01,1.407719402194e+03,5.550205292956e+04,1.090000000000e+02
1.044000000000e+03,1.033357101924e+08,7.006541097139e+03,5.462818191226e+05,3.593374768445e-01,2.512911042693e+02,-1.121351441582e-04,-1.222273071325e-02,0.000000000000e+00,1.071829908632e+03,1.823069906411e+03,0.000000000000e+00,0.000000000000e+00,0.000000000000e+00,0.000000000000e+00,8.385395248768e-04,9.140080821158e-02,2.725367585323e+02,2.569036560059e+02,0.000000000000e+00,5.429854206971e-01,1.071829908632e+03,5.550205112447e+04,1.090000000000e+02
1.045000000000e+03,1.033338536587e+08,7.662585852020e+03,5.531224839601e+05,3.623238320026e-01,2.523411403206e+02,-1.475729787052e-04,-1.608545467887e-02,0.000000000000e+00,1.200491039643e+03,1.856535794521e+03,0.000000000000e+00,0.000000000000e+00,0.000000000000e+00,0.000000000000e+00,9.833211769892e-04,1.071820082918e-01,2.725063428528e+02,2.563990478516e+02,0.000000000000e+00,5.485700109124e-01,1.200491039643e+03,5.550195799620e+04,1.090000000000e+02
1.046000000000e+03,1.033319975902e+08,8.369646081354e+03,5.593297723257e+05,3.647483693518e-01,2.534777583399e+02,-1.630629398024e-04,-1.777386043846e-02,0.000000000000e+00,1.149010308596e+03,1.856070537930e+03,0.000000000000e+00,0.000000000000e+00,0.000000000000e+00,0.000000000000e+00,8.633294889574e-04,9.410291429636e-02,2.724411554959e+02,2.548158111572e+02,0.000000000000e+00,5.536473212969e-01,1.149010308596e+03,5.550175455502e+04,1.090000000000e+02
1.047000000000e+03,1.033302384600e+08,9.355320536820e+03,5.649525133380e+05,3.667309270269e-01,2.546426392820e+02,-1.456778614469e-04,-1.587888689772e-02,0.000000000000e+00,7.734561587386e+02,1.759130614200e+03,0.000000000000e+00,0.000000000000e+00,0.000000000000e+00,0.000000000000e+00,7.840489010680e-04,8.546133021642e-02,2.723857920981e+02,2.542895660400e+02,0.000000000000e+00,5.593290901617e-01,7.734561587386e+02,5.550157530937e+04,1.090000000000e+02
1.048000000000e+03,1.033284543156e+08,1.023515600519e+04,5.703597915078e+05,3.685532621722e-01,2.558094199759e+02,-1.229348075181e-04,-1.339989401948e-02,0.000000000000e+00,9.043101981183e+02,1.784145666486e+03,0.000000000000e+00,0.000000000000e+00,0.000000000000e+00,0.000000000000e+00,7.711270134069e-04,8.405284446135e-02,2.723410700333e+02,2.535805053711e+02,0.000000000000e+00,5.639894399620e-01,9.043101981183e+02,5.550142975086e+04,1.090000000000e+02
1.049000000000e+03,1.033267074735e+08,1.123446671878e+04,5.752647663526e+05,3.699647834623e-01,2.570252499645e+02,-1.070257183600e-04,-1.166580330124e-02,0.000000000000e+00,7.475302040914e+02,1.746840917678e+03,0.000000000000e+00,0.000000000000e+00,0.000000000000e+00,0.000000000000e+00,7.038640631526e-04,7.672118288363e-02,2.723234233827e+02,2.533937225342e+02,0.000000000000e+00,5.694585863803e-01,7.475302040914e+02,5.550136868695e+04,1.090000000000e+02
1.050000000000e+03,1.033249772952e+08,1.221035378405e+04,5.809204752275e+05,3.720105974748e-01,2.581250970228e+02,-8.930701480726e-05,-9.734464613991e-03,0.000000000000e+00,7.542896099790e+02,1.730176675245e+03,0.000000000000e+00,0.000000000000e+00,0.000000000000e+00,0.000000000000e+00,8.456680549413e-04,9.217781798860e-02,2.723068137718e+02,2.537482757568e+02,0.000000000000e+00,5.751322903409e-01,7.542896099790e+02,5.550131396590e+04,1.090000000000e+02
1.051000000000e+03,1.033232480502e+08,1.314051317331e+04,5.865983111235e+05,3.740549954141e-01,2.592240743275e+02,-8.623163345892e-05,-9.399248047022e-03,0.000000000000e+00,7.990848820826e+02,1.729244271342e+03,0.000000000000e+00,0.000000000000e+00,0.000000000000e+00,0.000000000000e+00,8.525757165463e-04,9.293075310354e-02,2.722654656190e+02,2.536108703613e+02,0.000000000000e+00,5.806023225667e-01,7.990848820826e+02,5.550117436538e+04,1.090000000000e+02
1.052000000000e+03,1.033215732331e+08,1.430501745548e+04,5.908826596245e+05,3.750283519497e-01,2.604404370924e+02,-1.034459862185e-04,-1.127561249782e-02,0.000000000000e+00,5.103153061641e+02,1.674819588332e+03,0.000000000000e+00,0.000000000000e+00,0.000000000000e+00,0.000000000000e+00,6.050438869569e-04,6.594978367830e-02,2.722186873504e+02,2.532135467529e+02,0.000000000000e+00,5.867141264914e-01,5.103153061641e+02,5.550101335566e+04,1.090000000000e+02
1.053000000000e+03,1.033198895886e+08,1.532230830851e+04,5.952960045050e+05,3.761198413342e-01,2.616245260317e+02,-1.171312933131e-04,-1.276731097113e-02,0.000000000000e+00,6.663585795574e+02,1.683649432592e+03,0.000000000000e+00,0.000000000000e+00,0.000000000000e+00,0.000000000000e+00,6.124787475085e-04,6.676018347842e-02,2.722024983036e+02,2.543534698486e+02,0.000000000000e+00,5.931602573322e-01,6.663585795574e+02,5.550095813360e+04,1.090000000000e+02
1.054000000000e+03,1.033182678165e+08,1.647614846938e+04,6.003955953634e+05,3.777704523304e-01,2.627124148722e+02,-1.238870107444e-04,-1.350368417114e-02,0.000000000000e+00,4.679347182872e+02,1.621774879159e+03,0.000000000000e+00,0.000000000000e+00,0.000000000000e+00,0.000000000000e+00,7.189329374295e-04,7.836369017982e-02,2.722282901487e+02,2.540127410889e+02,0.000000000000e+00,5.986343211504e-01,4.679347182872e+02,5.550104396405e+04,1.090000000000e+02
1.055000000000e+03,1.033166456454e+08,1.753602069774e+04,6.055129666747e+05,3.794434577503e-01,2.637837633151e+02,-1.431841688097e-04,-1.560707440026e-02,0.000000000000e+00,5.623014175283e+02,1.622173645893e+03,0.000000000000e+00,0.000000000000e+00,0.000000000000e+00,0.000000000000e+00,7.028483273243e-04,7.661046767835e-02,2.722069057752e+02,2.534426269531e+02,0.000000000000e+00,6.034815723554e-01,5.623014175283e+02,5.550097102967e+04,1.090000000000e+02
1.056000000000e+03,1.033150413117e+08,1.874601006295e+04,6.114369017555e+05,3.817784977189e-01,2.647362716528e+02,-1.498262479931e-04,-1.633106103125e-02,0.000000000000e+00,3.943450321290e+02,1.604334397332e+03,0.000000000000e+00,0.000000000000e+00,0.000000000000e+00,0.000000000000e+00,8.297598387584e-04,9.044382242467e-02,2.721506838874e+02,2.525922546387e+02,0.000000000000e+00,6.103129099581e-01,3.943450321290e+02,5.550077163711e+04,1.090000000000e+02
1.057000000000e+03,1.033134430959e+08,2.001809109881e+04,6.175655026978e+05,3.842430914563e-01,2.656756063117e+02,-1.287810488946e-04,-1.403713432951e-02,0.000000000000e+00,3.261359573006e+02,1.598216993164e+03,0.000000000000e+00,0.000000000000e+00,0.000000000000e+00,0.000000000000e+00,8.846164580555e-04,9.642319392805e-02,2.720994777309e+02,2.525356140137e+02,0.000000000000e+00,6.182144020711e-01,3.261359573006e+02,5.550058914034e+04,1.090000000000e+02
1.058000000000e+03,1.033118543616e+08,2.133397402918e+04,6.231262089143e+05,3.862901611713e-01,2.666480404002e+02,-1.091099461799e-04,-1.189298413361e-02,0.000000000000e+00,2.728525417813e+02,1.588735472159e+03,0.000000000000e+00,0.000000000000e+00,0.000000000000e+00,0.000000000000e+00,8.103868565600e-04,8.833216736504e-02,2.720547826184e+02,2.526210479736e+02,0.000000000000e+00,6.249329593339e-01,2.728525417813e+02,5.550042537359e+04,1.090000000000e+02
1.059000000000e+03,1.033102854541e+08,2.262739728799e+04,6.278728493608e+05,3.876631363307e-01,2.677278499861e+02,-1.029756850861e-04,-1.122434967439e-02,0.000000000000e+00,2.754845424963e+02,1.568907801304e+03,0.000000000000e+00,0.000000000000e+00,0.000000000000e+00,0.000000000000e+00,6.817280380348e-04,7.430835614579e-02,2.720444120014e+02,2.526845245361e+02,0.000000000000e+00,6.321041589730e-01,2.754845424963e+02,5.550038646586e+04,1.090000000000e+02
1.060000000000e+03,1.033087441306e+08,2.382140634478e+04,6.322303568440e+05,3.887932515871e-01,2.688022238329e+02,-1.071553532560e-04,-1.167993350490e-02,0.000000000000e+00,3.473137143202e+02,1.541322771106e+03,0.000000000000e+00,0.000000000000e+00,0.000000000000e+00,0.000000000000e+00,6.131137018291e-04,6.682939349937e-02,2.720487566444e+02,2.531290130615e+02,0.000000000000e+00,6.390054652675e-01,3.473137143202e+02,5.550040460803e+04,1.090000000000e+02
1.061000000000e+03,1.033072471022e+08,2.509549272959e+04,6.368679274425e+05,3.901231902222e-01,2.698514350972e+02,-1.178756053733e-04,-1.284844098569e-02,0.000000000000e+00,2.229433957320e+02,1.497029780542e+03,0.000000000000e+00,0.000000000000e+00,0.000000000000e+00,0.000000000000e+00,6.489038232203e-04,7.073051673101e-02,2.720189318955e+02,2.527994995117e+02,0.000000000000e+00,6.460759474814e-01,2.229433957320e+02,5.550029357505e+04,1.090000000000e+02
1.062000000000e+03,1.033057583005e+08,2.633778927058e+04,6.418040554714e+05,3.917298482648e-01,2.708286856539e+02,-1.232308535879e-04,-1.343216304109e-02,0.000000000000e+00,2.465052149481e+02,1.488801755940e+03,0.000000000000e+00,0.000000000000e+00,0.000000000000e+00,0.000000000000e+00,6.931441130261e-04,7.555270831984e-02,2.719595087021e+02,2.526025085449e+02,0.000000000000e+00,6.539132354657e-01,2.465052149481e+02,5.550007273101e+04,1.090000000000e+02
1.063000000000e+03,1.033043435660e+08,2.756780199629e+04,6.469639762420e+05,3.934978071055e-01,2.717800474546e+02,-1.319826366009e-04,-1.438610738949e-02,0.000000000000e+00,1.847216338895e+02,1.414734359598e+03,0.000000000000e+00,0.000000000000e+00,0.000000000000e+00,0.000000000000e+00,7.211877245020e-04,7.860946197072e-02,2.719290629456e+02,2.523730163574e+02,0.000000000000e+00,6.601398937787e-01,1.847216338895e+02,5.549995794713e+04,1.090000000000e+02
1.064000000000e+03,1.033029347158e+08,2.879679510249e+04,6.518451079961e+05,3.950474581674e-01,2.727564027947e+02,-1.260201025603e-04,-1.373619117907e-02,0.000000000000e+00,1.798570612281e+02,1.408850167426e+03,0.000000000000e+00,0.000000000000e+00,0.000000000000e+00,0.000000000000e+00,6.808481249623e-04,7.421244562089e-02,2.719288373830e+02,2.532419433594e+02,0.000000000000e+00,6.675898489613e-01,1.798570612281e+02,5.549995672194e+04,1.090000000000e+02
1.065000000000e+03,1.033015319242e+08,3.003289812382e+04,6.564538612283e+05,3.964084185033e-01,2.737434169061e+02,-1.007098811892e-04,-1.097737704962e-02,0.000000000000e+00,1.666896869162e+02,1.402792708250e+03,0.000000000000e+00,0.000000000000e+00,0.000000000000e+00,0.000000000000e+00,6.617592413315e-04,7.213175730514e-02,2.718455895103e+02,2.523300018311e+02,0.000000000000e+00,6.756289812364e-01,1.666896869162e+02,5.549963586401e+04,1.090000000000e+02
1.066000000000e+03,1.033001758710e+08,3.123918370019e+04,6.608219142745e+05,3.975942972550e-01,2.747440689585e+02,-8.937229564531e-05,-9.741580225338e-03,0.000000000000e+00,1.497675900710e+02,1.356053166437e+03,0.000000000000e+00,0.000000000000e+00,0.000000000000e+00,0.000000000000e+00,6.331077353479e-04,6.900874315292e-02,2.717908190330e+02,2.516966857910e+02,0.000000000000e+00,6.839196602537e-01,1.497675900710e+02,5.549942223738e+04,1.090000000000e+02
1.067000000000e+03,1.032988265468e+08,3.242851130699e+04,6.653473734855e+05,3.989123208052e-01,2.757118380771e+02,-1.081028434377e-04,-1.178320993471e-02,0.000000000000e+00,1.599963661573e+02,1.349323972961e+03,0.000000000000e+00,0.000000000000e+00,0.000000000000e+00,0.000000000000e+00,6.400688660309e-04,6.976750639737e-02,2.717791638591e+02,2.519540557861e+02,0.000000000000e+00,6.918244313323e-01,1.599963661573e+02,5.549937569567e+04,1.090000000000e+02
1.068000000000e+03,1.032974820805e+08,3.361147520331e+04,6.693599424068e+05,3.998627824185e-01,2.767157931858e+02,-1.152321563691e-04,-1.256030504423e-02,0.000000000000e+00,1.615030371092e+02,1.344466933433e+03,0.000000000000e+00,0.000000000000e+00,0.000000000000e+00,0.000000000000e+00,5.482699330994e-04,5.976142270784e-02,2.717544168956e+02,2.524174652100e+02,0.000000000000e+00,7.002417545171e-01,1.615030371092e+02,5.549927624487e+04,1.090000000000e+02
1.069000000000e+03,1.032961526164e+08,3.476728106645e+04,6.739142827154e+05,4.012186011387e-01,2.776564427867e+02,-1.229039269797e-04,-1.339652804079e-02,0.000000000000e+00,1.736596358155e+02,1.329465498952e+03,0.000000000000e+00,0.000000000000e+00,0.000000000000e+00,0.000000000000e+00,6.296763915904e-04,6.863472668335e-02,2.717889048916e+02,2.536688690186e+02,0.000000000000e+00,7.085910305610e-01,1.736596358155e+02,5.549941330750e+04,1.090000000000e+02
1.070000000000e+03,1.032948429960e+08,3.588992086034e+04,6.798125510424e+05,4.035787769740e-01,2.784483533960e+02,-1.485486478730e-04,-1.619180261816e-02,0.000000000000e+00,1.869813747951e+02,1.309621168686e+03,0.000000000000e+00,0.000000000000e+00,0.000000000000e+00,0.000000000000e+00,8.263674047040e-04,9.007404711274e-02,2.718010245136e+02,2.541053009033e+02,0.000000000000e+00,7.167163327393e-01,1.869813747951e+02,5.549946104290e+04,1.090000000000e+02
1.071000000000e+03,1.032935476231e+08,3.700130237442e+04,6.855957884631e+05,4.059418379782e-01,2.791826863680e+02,-1.386123312004e-04,-1.510874410084e-02,0.000000000000e+00,1.839914699973e+02,1.295372984074e+03,0.000000000000e+00,0.000000000000e+00,0.000000000000e+00,0.000000000000e+00,8.174743270404e-04,8.910470164740e-02,2.717899993626e+02,2.542877807617e+02,0.000000000000e+00,7.251263180726e-01,1.839914699973e+02,5.549941699602e+04,1.090000000000e+02
1.072000000000e+03,1.032922699351e+08,3.809161803398e+04,6.903538833952e+05,4.073717788658e-01,2.801333195510e+02,-1.109587135842e-04,-1.209449978068e-02,0.000000000000e+00,1.873735904204e+02,1.277689249981e+03,0.000000000000e+00,0.000000000000e+00,0.000000000000e+00,0.000000000000e+00,6.755130800476e-04,7.363092572519e-02,2.717976716389e+02,2.553469085693e+02,0.000000000000e+00,7.356070397823e-01,1.873735904204e+02,5.549944696129e+04,1.090000000000e+02
1.073000000000e+03,1.032910071938e+08,3.917398145427e+04,6.942038085448e+05,4.082349168336e-01,2.811008303542e+02,-1.095974869179e-04,-1.194612607405e-02,0.000000000000e+00,1.803790646867e+02,1.262742484984e+03,0.000000000000e+00,0.000000000000e+00,0.000000000000e+00,0.000000000000e+00,5.271638426051e-04,5.746085884396e-02,2.717549980668e+02,2.539951934814e+02,0.000000000000e+00,7.438145284919e-01,1.803790646867e+02,5.549927642408e+04,1.090000000000e+02
1.074000000000e+03,1.032897539426e+08,4.026658791829e+04,6.981801270803e+05,4.092126791117e-01,2.820367645357e+02,-1.108979549444e-04,-1.208787708893e-02,0.000000000000e+00,1.606454552144e+02,1.253251919234e+03,0.000000000000e+00,0.000000000000e+00,0.000000000000e+00,0.000000000000e+00,5.469460123492e-04,5.961711534606e-02,2.716913752799e+02,2.536811370850e+02,0.000000000000e+00,7.537909924745e-01,1.606454552144e+02,5.549901784223e+04,1.090000000000e+02
1.075000000000e+03,1.032885137450e+08,4.135810182541e+04,7.026124209136e+05,4.105155229183e-01,2.829276439405e+02,-1.043190379529e-04,-1.137077513687e-02,0.000000000000e+00,1.486833392229e+02,1.240197246341e+03,0.000000000000e+00,0.000000000000e+00,0.000000000000e+00,0.000000000000e+00,6.288548804115e-04,6.854518196486e-02,2.716356543691e+02,2.542044982910e+02,0.000000000000e+00,7.653399662932e-01,1.486833392229e+02,5.549878691968e+04,1.090000000000e+02
1.076000000000e+03,1.032872856698e+08,4.245393456487e+04,7.077776948989e+05,4.123840000670e-01,2.837180375754e+02,-1.014026781569e-04,-1.105289191910e-02,0.000000000000e+00,1.322448322549e+02,1.228077571710e+03,0.000000000000e+00,0.000000000000e+00,0.000000000000e+00,0.000000000000e+00,7.531857278388e-04,8.209724433443e-02,2.715533036386e+02,2.526791687012e+02,0.000000000000e+00,7.768340667391e-01,1.322448322549e+02,5.549843882236e+04,1.090000000000e+02
1.077000000000e+03,1.032860624788e+08,4.357951396650e+04,7.123428419746e+05,4.137782377533e-01,2.845892923273e+02,-8.919309680597e-05,-9.722047551851e-03,0.000000000000e+00,9.761204052890e+01,1.223191442164e+03,0.000000000000e+00,0.000000000000e+00,0.000000000000e+00,0.000000000000e+00,6.668814849875e-04,7.269008186363e-02,2.714002302462e+02,2.513524322510e+02,0.000000000000e+00,7.871287805812e-01,9.761204052890e+01,5.549776937691e+04,1.090000000000e+02
1.078000000000e+03,1.032848446213e+08,4.472654311099e+04,7.153566519145e+05,4.140703341703e-01,2.855945674112e+02,-7.632767911882e-05,-8.319717023951e-03,0.000000000000e+00,7.082597543240e+01,1.217855119918e+03,0.000000000000e+00,0.000000000000e+00,0.000000000000e+00,0.000000000000e+00,4.230525255371e-04,4.611272528355e-02,2.712798893843e+02,2.503384704590e+02,0.000000000000e+00,7.994278678257e-01,7.082597543240e+01,5.549722150641e+04,1.090000000000e+02
1.079000000000e+03,1.032836513197e+08,4.583981518795e+04,7.189525255613e+05,4.147918148887e-01,2.865305393969e+02,-9.250345622239e-05,-1.008287672824e-02,0.000000000000e+00,8.003003948296e+01,1.193302116450e+03,0.000000000000e+00,0.000000000000e+00,0.000000000000e+00,0.000000000000e+00,5.017777015139e-04,5.469376946502e-02,2.712959660284e+02,2.508208923340e+02,0.000000000000e+00,8.119784332693e-01,8.003003948296e+01,5.549729418958e+04,1.090000000000e+02
1.080000000000e+03,1.032824935477e+08,4.689037788395e+04,7.239046568757e+05,4.165348439705e-01,2.872955229701e+02,-1.151990004151e-04,-1.255669104525e-02,0.000000000000e+00,1.072102017675e+02,1.157772897765e+03,0.000000000000e+00,0.000000000000e+00,0.000000000000e+00,0.000000000000e+00,7.028727601108e-04,7.661313085208e-02,2.713540019387e+02,2.522371978760e+02,0.000000000000e+00,8.240639936441e-01,1.072102017675e+02,5.549755827527e+04,1.090000000000e+02
1.081000000000e+03,1.032813725492e+08,4.787998526299e+04,7.291072243624e+05,4.184121278413e-01,2.880602153576e+02,-1.133939768676e-04,-1.235994347857e-02,0.000000000000e+00,1.313920274246e+02,1.120999406461e+03,0.000000000000e+00,0.000000000000e+00,0.000000000000e+00,0.000000000000e+00,7.458978635913e-04,8.130286713145e-02,2.714308936602e+02,2.537629241943e+02,0.000000000000e+00,8.352807715305e-01,1.313920274246e+02,5.549790206750e+04,1.090000000000e+02
1.082000000000e+03,1.032802861889e+08,4.882063380675e+04,7.342056350622e+05,4.202443685659e-01,2.888087188157e+02,-1.086103998815e-04,-1.183853358709e-02,0.000000000000e+00,1.457124051858e+02,1.086360948948e+03,0.000000000000e+00,0.000000000000e+00,0.000000000000e+00,0.000000000000e+00,7.337380719100e-04,7.997744983819e-02,2.714793017927e+02,2.542690124512e+02,0.000000000000e+00,8.466189072761e-01,1.457124051858e+02,5.549811477332e+04,1.090000000000e+02
1.083000000000e+03,1.032792263698e+08,4.974097923365e+04,7.404391263212e+05,4.228909674854e-01,2.894383334798e+02,-1.298171912726e-04,-1.415007384871e-02,0.000000000000e+00,1.394747721031e+02,1.059820199005e+03,0.000000000000e+00,0.000000000000e+00,0.000000000000e+00,0.000000000000e+00,9.008008275232e-04,9.818729020003e-02,2.714617961870e+02,2.540317077637e+02,0.000000000000e+00,8.577465278314e-01,1.394747721031e+02,5.549803827096e+04,1.090000000000e+02
1.084000000000e+03,1.032781898865e+08,5.064858187995e+04,7.463905865856e+05,4.253285497359e-01,2.900931338589e+02,-1.288173127187e-04,-1.404108708634e-02,0.000000000000e+00,1.288809932284e+02,1.036483639525e+03,0.000000000000e+00,0.000000000000e+00,0.000000000000e+00,0.000000000000e+00,8.552165763604e-04,9.321860682328e-02,2.714408207148e+02,2.541607360840e+02,0.000000000000e+00,8.690670688654e-01,1.288809932284e+02,5.549794595958e+04,1.090000000000e+02
1.085000000000e+03,1.032771341177e+08,5.159237652914e+04,7.519241867606e+05,4.274560793656e-01,2.907907015787e+02,-1.216623630395e-04,-1.326119757130e-02,0.000000000000e+00,1.119745378762e+02,1.055769187068e+03,0.000000000000e+00,0.000000000000e+00,0.000000000000e+00,0.000000000000e+00,7.936995523329e-04,8.651325120429e-02,2.713793635018e+02,2.529650726318e+02,0.000000000000e+00,8.802789697871e-01,1.119745378762e+02,5.549767559314e+04,1.090000000000e+02
1.086000000000e+03,1.032761053719e+08,5.252766789850e+04,7.574359703634e+05,4.295823633945e-01,2.914738094868e+02,-1.195979494548e-04,-1.303617649057e-02,0.000000000000e+00,9.345318135087e+01,1.028744550711e+03,0.000000000000e+00,0.000000000000e+00,0.000000000000e+00,0.000000000000e+00,7.921555309549e-04,8.634495287408e-02,2.713203229516e+02,2.524856262207e+02,0.000000000000e+00,8.914074722647e-01,9.345318135087e+01,5.549740918452e+04,1.090000000000e+02
1.087000000000e+03,1.032751021834e+08,5.344287287063e+04,7.624624183610e+05,4.313686008544e-01,2.921938969972e+02,-1.112702989358e-04,-1.212846258400e-02,0.000000000000e+00,8.798519569137e+01,1.003190167824e+03,0.000000000000e+00,0.000000000000e+00,0.000000000000e+00,0.000000000000e+00,7.199930111788e-04,7.847923821849e-02,2.712877728389e+02,2.527892150879e+02,0.000000000000e+00,9.007972793356e-01,8.798519569137e+01,5.549726048380e+04,1.090000000000e+02
1.088000000000e+03,1.032741222586e+08,5.434561662639e+04,7.673727536363e+05,4.330804815645e-01,2.929148771627e+02,-1.081051766305e-04,-1.178346425273e-02,0.000000000000e+00,7.718366863053e+01,9.799274243894e+02,0.000000000000e+00,0.000000000000e+00,0.000000000000e+00,0.000000000000e+00,7.043374922153e-04,7.677278665147e-02,2.712209574005e+02,2.516610565186e+02,0.000000000000e+00,9.103930661351e-01,7.718366863053e+01,5.549695032957e+04,1.090000000000e+02
1.089000000000e+03,1.032731616581e+08,5.523783135568e+04,7.714150777134e+05,4.341300575475e-01,2.937474420857e+02,-1.070240009652e-04,-1.166561610521e-02,0.000000000000e+00,6.838447167248e+01,9.605992009606e+02,0.000000000000e+00,0.000000000000e+00,0.000000000000e+00,0.000000000000e+00,5.618512292274e-04,6.124178398579e-02,2.711628255636e+02,2.513882751465e+02,0.000000000000e+00,9.179366765963e-01,6.838447167248e+01,5.549667565796e+04,1.090000000000e+02
1.090000000000e+03,1.032722197843e+08,5.611399069276e+04,7.747287751415e+05,4.346778914124e-01,2.946385347911e+02,-1.021376559625e-04,-1.113300449991e-02,0.000000000000e+00,6.571250427992e+01,9.418718413622e+02,0.000000000000e+00,0.000000000000e+00,0.000000000000e+00,0.000000000000e+00,4.461202671561e-04,4.862710912002e-02,2.711208502729e+02,2.516314849854e+02,0.000000000000e+00,9.266630321495e-01,6.571250427992e+01,5.549647445251e+04,1.090000000000e+02
1.091000000000e+03,1.032712957716e+08,5.697299298610e+04,7.777697916516e+05,4.350590498480e-01,2.955365587990e+02,-1.090412858449e-04,-1.188550015709e-02,0.000000000000e+00,6.500659500399e+01,9.240088883418e+02,0.000000000000e+00,0.000000000000e+00,0.000000000000e+00,0.000000000000e+00,3.939506258551e-04,4.294061821820e-02,2.710963677078e+02,2.525847625732e+02,0.000000000000e+00,9.340849665001e-01,6.500659500399e+01,5.549635592620e+04,1.090000000000e+02
1.092000000000e+03,1.032703896258e+08,5.781274455385e+04,7.817318833773e+05,4.361202770753e-01,2.963193800485e+02,-1.236008713176e-04,-1.347249497362e-02,0.000000000000e+00,6.638933875222e+01,9.061409065036e+02,0.000000000000e+00,0.000000000000e+00,0.000000000000e+00,0.000000000000e+00,5.314309362749e-04,5.792597205396e-02,2.710923301252e+02,2.525290985107e+02,0.000000000000e+00,9.414452510473e-01,6.638933875222e+01,5.549633624307e+04,1.090000000000e+02
1.093000000000e+03,1.032695005966e+08,5.863609244415e+04,7.868835519971e+05,4.380070385982e-01,2.969878553307e+02,-1.343826955404e-04,-1.464771381391e-02,0.000000000000e+00,6.567940087657e+01,8.890272911760e+02,0.000000000000e+00,0.000000000000e+00,0.000000000000e+00,0.000000000000e+00,7.174975748512e-04,7.820723565878e-02,2.710715021949e+02,2.516068267822e+02,0.000000000000e+00,9.486842376714e-01,6.567940087657e+01,5.549623489894e+04,1.090000000000e+02
1.094000000000e+03,1.032686251014e+08,5.945149604489e+04,7.925518233270e+05,4.403454332355e-01,2.975401216204e+02,-1.196980983031e-04,-1.304709271504e-02,0.000000000000e+00,6.008970469771e+01,8.754933054394e+02,0.000000000000e+00,0.000000000000e+00,0.000000000000e+00,0.000000000000e+00,8.179641624646e-04,8.915809370864e-02,2.710184067958e+02,2.512489471436e+02,0.000000000000e+00,9.567515600364e-01,6.008970469771e+01,5.549597387977e+04,1.090000000000e+02
1.095000000000e+03,1.032677635422e+08,6.025336460871e+04,7.987421955087e+05,4.428760967192e-01,2.981508690567e+02,-1.396003522529e-04,-1.521643839556e-02,0.000000000000e+00,5.968766022129e+01,8.615562240384e+02,0.000000000000e+00,0.000000000000e+00,0.000000000000e+00,0.000000000000e+00,8.838566904881e-04,9.634037926321e-02,2.710101823896e+02,2.519989776611e+02,0.000000000000e+00,9.624331028026e-01,5.968766022129e+01,5.549593287743e+04,1.090000000000e+02
1.096000000000e+03,1.032669183985e+08,6.103656184314e+04,8.052560730941e+05,4.457212503397e-01,2.986638481763e+02,-1.813303053693e-04,-1.976500328526e-02,0.000000000000e+00,6.194561755047e+01,8.451428519762e+02,0.000000000000e+00,0.000000000000e+00,0.000000000000e+00,0.000000000000e+00,8.956007601556e-04,9.762048285696e-02,2.710028311576e+02,2.520103759766e+02,0.000000000000e+00,9.699102714383e-01,6.194561755047e+01,5.549589614312e+04,1.090000000000e+02
1.097000000000e+03,1.032660886692e+08,6.180356980647e+04,8.112139866799e+05,4.481253211762e-01,2.992594363121e+02,-1.942243687501e-04,-2.117045619376e-02,0.000000000000e+00,6.271895268529e+01,8.297269160148e+02,0.000000000000e+00,0.000000000000e+00,0.000000000000e+00,0.000000000000e+00,7.906787657326e-04,8.618398546485e-02,2.710051090172e+02,2.526075439453e+02,0.000000000000e+00,9.771932188121e-01,6.271895268529e+01,5.549590733930e+04,1.090000000000e+02
1.098000000000e+03,1.032652740052e+08,6.255713737918e+04,8.155008122309e+05,4.494149878644e-01,2.999782675885e+02,-1.693251255422e-04,-1.845643868410e-02,0.000000000000e+00,6.109644394666e+01,8.146640166583e+02,0.000000000000e+00,0.000000000000e+00,0.000000000000e+00,0.000000000000e+00,5.396724892591e-04,5.882430132924e-02,2.709786970032e+02,2.526165313721e+02,0.000000000000e+00,9.829973982199e-01,6.109644394666e+01,5.549577562786e+04,1.090000000000e+02
1.099000000000e+03,1.032644728827e+08,6.330052112902e+04,8.202331353412e+05,4.509660950010e-01,3.006820302223e+02,-1.248303574673e-04,-1.360650896393e-02,0.000000000000e+00,5.773719424195e+01,8.011209440894e+02,0.000000000000e+00,0.000000000000e+00,0.000000000000e+00,0.000000000000e+00,6.578416174223e-04,7.170473629903e-02,2.709506833445e+02,2.526100158691e+02,0.000000000000e+00,9.907304381687e-01,5.773719424195e+01,5.549563494025e+04,1.090000000000e+02
1.100000000000e+03,1.032636824725e+08,6.404401887367e+04,8.256458329814e+05,4.530248419111e-01,3.012941125598e+02,-1.131383201702e-04,-1.233207689856e-02,0.000000000000e+00,4.691020455039e+01,7.904079491955e+02,0.000000000000e+00,0.000000000000e+00,0.000000000000e+00,0.000000000000e+00,7.831780186110e-04,8.536640402860e-02,2.708307755202e+02,2.508502655029e+02,0.000000000000e+00,9.996218732764e-01,4.691020455039e+01,5.549502107721e+04,1.090000000000e+02
1.101000000000e+03,1.032628985174e+08,6.479636907002e+04,8.310606665814e+05,4.550842535584e-01,3.019016475143e+02,-1.187731242770e-04,-1.294627054620e-02,0.000000000000e+00,3.160286065479e+01,7.839530570025e+02,0.000000000000e+00,0.000000000000e+00,0.000000000000e+00,0.000000000000e+00,7.781945122916e-04,8.482320183979e-02,2.706935042371e+02,2.500630798340e+02,0.000000000000e+00,1.007471733521e+00,3.160286065479e+01,5.549429475036e+04,1.090000000000e+02
1.102000000000e+03,1.032621229979e+08,6.554582733111e+04,8.368192411890e+05,4.574143952545e-01,3.024477781374e+02,-1.268630174465e-04,-1.382806890167e-02,0.000000000000e+00,2.606002600403e+01,7.755182870933e+02,0.000000000000e+00,0.000000000000e+00,0.000000000000e+00,0.000000000000e+00,8.264173144182e-04,9.007948727159e-02,2.705998645526e+02,2.503898010254e+02,0.000000000000e+00,1.016020541439e+00,2.606002600403e+01,5.549378405263e+04,1.090000000000e+02
1.103000000000e+03,1.032613599700e+08,6.627824743921e+04,8.411707246883e+05,4.586860757816e-01,3.031776696578e+02,-1.327789560643e-04,-1.447290621101e-02,0.000000000000e+00,3.060956509755e+01,7.630296731964e+02,0.000000000000e+00,0.000000000000e+00,0.000000000000e+00,0.000000000000e+00,5.866274915927e-04,6.394239658361e-02,2.705991864723e+02,2.510000000000e+02,0.000000000000e+00,1.024012028012e+00,3.060956509755e+01,5.549377877034e+04,1.090000000000e+02
1.104000000000e+03,1.032606122006e+08,6.699201931070e+04,8.449769241492e+05,4.596566746693e-01,3.039067505518e+02,-1.293309962597e-04,-1.409707859230e-02,0.000000000000e+00,3.399772343707e+01,7.477695949291e+02,0.000000000000e+00,0.000000000000e+00,0.000000000000e+00,0.000000000000e+00,5.000582190549e-04,5.450634587699e-02,2.705891408770e+02,2.510683288574e+02,0.000000000000e+00,1.031338288897e+00,3.399772343707e+01,5.549372195236e+04,1.090000000000e+02
1.105000000000e+03,1.032598792199e+08,6.769043106569e+04,8.492304082153e+05,4.609084872449e-01,3.046071655012e+02,-1.263131990664e-04,-1.376813869823e-02,0.000000000000e+00,3.456961972218e+01,7.329813747170e+02,0.000000000000e+00,0.000000000000e+00,0.000000000000e+00,0.000000000000e+00,5.769477117159e-04,6.288730057704e-02,2.705845482312e+02,2.517420959473e+02,0.000000000000e+00,1.038075347687e+00,3.456961972218e+01,5.549369532268e+04,1.090000000000e+02
1.106000000000e+03,1.032592202723e+08,6.832087508112e+04,8.528708742245e+05,4.617114640846e-01,3.053842451046e+02,-1.102462103475e-04,-1.201683692788e-02,0.000000000000e+00,2.850348417918e+01,6.589474996044e+02,0.000000000000e+00,0.000000000000e+00,0.000000000000e+00,0.000000000000e+00,4.931314632724e-04,5.375132949669e-02,2.704792437018e+02,2.507825164795e+02,0.000000000000e+00,1.044865535932e+00,2.850348417918e+01,5.549309363374e+04,1.090000000000e+02
1.107000000000e+03,1.032585812616e+08,6.892996816459e+04,8.564264135729e+05,4.625133094625e-01,3.061261319467e+02,-9.751395473854e-05,-1.062902106650e-02,0.000000000000e+00,2.991762960724e+01,6.390107130775e+02,0.000000000000e+00,0.000000000000e+00,0.000000000000e+00,0.000000000000e+00,4.904876394638e-04,5.346315270155e-02,2.704677378311e+02,2.513494567871e+02,0.000000000000e+00,1.051938876715e+00,2.991762960724e+01,5.549302000965e+04,1.090000000000e+02
1.108000000000e+03,1.032579381432e+08,6.953783969736e+04,8.607348834437e+05,4.638713757404e-01,3.067654191084e+02,-1.179312104277e-04,-1.285450193662e-02,0.000000000000e+00,3.524677160821e+01,6.431183043760e+02,0.000000000000e+00,0.000000000000e+00,0.000000000000e+00,0.000000000000e+00,5.943543882155e-04,6.478462831549e-02,2.704688955796e+02,2.517384948730e+02,0.000000000000e+00,1.058599435553e+00,3.524677160821e+01,5.549302262769e+04,1.090000000000e+02
1.109000000000e+03,1.032573016665e+08,7.014069593340e+04,8.654706273895e+05,4.654652127365e-01,3.073981037491e+02,-1.551066619554e-04,-1.690662615313e-02,0.000000000000e+00,3.361813862505e+01,6.364743746661e+02,0.000000000000e+00,0.000000000000e+00,0.000000000000e+00,0.000000000000e+00,6.283183551965e-04,6.848670071642e-02,2.704358091071e+02,2.516017303467e+02,0.000000000000e+00,1.065682351536e+00,3.361813862505e+01,5.549283074367e+04,1.090000000000e+02
1.110000000000e+03,1.032566100037e+08,7.080369805665e+04,8.694197818185e+05,4.665200754636e-01,3.081035647303e+02,-1.583065098010e-04,-1.725540956831e-02,0.000000000000e+00,2.866083230991e+01,6.916629555605e+02,0.000000000000e+00,0.000000000000e+00,0.000000000000e+00,0.000000000000e+00,4.950667842091e-04,5.396227947880e-02,2.704016250366e+02,2.519206085205e+02,0.000000000000e+00,1.075654809999e+00,2.866083230991e+01,5.549264466933e+04,1.090000000000e+02
1.111000000000e+03,1.032559440846e+08,7.144280174859e+04,8.730966914687e+05,4.674071390260e-01,3.088203964445e+02,-1.499114326497e-04,-1.634034615882e-02,0.000000000000e+00,2.681516492350e+01,6.659188568686e+02,0.000000000000e+00,0.000000000000e+00,0.000000000000e+00,0.000000000000e+00,4.584464076578e-04,4.997065843470e-02,2.703706008768e+02,2.518365478516e+02,0.000000000000e+00,1.083326829328e+00,2.681516492350e+01,5.549246253697e+04,1.090000000000e+02
1.112000000000e+03,1.032552990381e+08,7.206761627855e+04,8.781989015002e+05,4.692588327573e-01,3.094026871677e+02,-1.494165738526e-04,-1.628640654994e-02,0.000000000000e+00,2.023242877718e+01,6.450469587362e+02,0.000000000000e+00,0.000000000000e+00,0.000000000000e+00,0.000000000000e+00,6.956680680380e-04,7.582781941614e-02,2.702702152992e+02,2.510751037598e+02,0.000000000000e+00,1.090718766131e+00,2.023242877718e+01,5.549186652938e+04,1.090000000000e+02
1.113000000000e+03,1.032546691629e+08,7.269058958982e+04,8.834586754790e+05,4.712433924994e-01,3.099508127525e+02,-1.285744016737e-04,-1.401460978243e-02,0.000000000000e+00,6.901437989417e+00,6.298747492582e+02,0.000000000000e+00,0.000000000000e+00,0.000000000000e+00,0.000000000000e+00,7.437534889050e-04,8.106913029065e-02,2.700998423016e+02,2.503266143799e+02,0.000000000000e+00,1.098302970084e+00,6.901437989417e+00,5.549082441128e+04,1.090000000000e+02
1.114000000000e+03,1.032540545362e+08,7.330292714244e+04,8.873838044266e+05,4.723097276539e-01,3.106285741887e+02,-1.215063153624e-04,-1.324418837451e-02,0.000000000000e+00,2.288565472227e+00,6.146261180896e+02,0.000000000000e+00,0.000000000000e+00,0.000000000000e+00,0.000000000000e+00,5.291173892587e-04,5.767379542920e-02,2.699999814305e+02,2.501602478027e+02,0.000000000000e+00,1.107084293395e+00,2.288565472227e+00,5.549018894394e+04,1.090000000000e+02
1.115000000000e+03,1.032534578600e+08,7.389398763006e+04,8.903482834248e+05,4.727587197348e-01,3.113724435639e+02,-1.285357641282e-04,-1.401039828998e-02,0.000000000000e+00,5.616361768338e+00,5.966768493958e+02,0.000000000000e+00,0.000000000000e+00,0.000000000000e+00,0.000000000000e+00,3.626034956847e-04,3.952378102964e-02,2.699420699803e+02,2.511623840332e+02,0.000000000000e+00,1.113916298869e+00,5.616361768338e+00,5.548980638708e+04,1.090000000000e+02
1.116000000000e+03,1.032528798726e+08,7.446503056770e+04,8.936408482240e+05,4.734459914749e-01,3.120726923101e+02,-1.399758004815e-04,-1.525736225248e-02,0.000000000000e+00,6.943587321767e+00,5.779865249585e+02,0.000000000000e+00,0.000000000000e+00,0.000000000000e+00,0.000000000000e+00,4.055504934653e-04,4.420500378772e-02,2.698773414671e+02,2.513104553223e+02,0.000000000000e+00,1.118535148722e+00,6.943587321767e+00,5.548937262581e+04,1.090000000000e+02
1.117000000000e+03,1.032523199436e+08,7.502144554455e+04,8.976867324092e+05,4.746298307252e-01,3.127077273641e+02,-1.212970305584e-04,-1.322137633087e-02,0.000000000000e+00,3.513538823767e+00,5.599285156709e+02,0.000000000000e+00,0.000000000000e+00,0.000000000000e+00,0.000000000000e+00,5.495522394396e-04,5.990119409891e-02,2.697707062879e+02,2.510350799561e+02,0.000000000000e+00,1.127218299397e+00,3.513538823767e+00,5.548865340779e+04,1.090000000000e+02
1.118000000000e+03,1.032517786004e+08,7.556269517168e+04,9.021381256597e+05,4.762608803656e-01,3.131868401237e+02,-1.231118393133e-04,-1.341919048515e-02,0.000000000000e+00,9.361567862954e-02,5.413432428116e+02,0.000000000000e+00,0.000000000000e+00,0.000000000000e+00,0.000000000000e+00,6.151120237271e-04,6.704721058626e-02,2.696497728800e+02,2.509133758545e+02,0.000000000000e+00,1.133294475005e+00,9.361567862954e-02,5.548781873261e+04,1.090000000000e+02
1.119000000000e+03,1.032512554869e+08,7.608580863390e+04,9.072463740718e+05,4.784793628778e-01,3.135068396523e+02,-1.484643355654e-04,-1.618261257663e-02,0.000000000000e+00,0.000000000000e+00,5.231134622135e+02,0.000000000000e+00,0.000000000000e+00,0.000000000000e+00,0.000000000000e+00,6.994483033379e-04,7.623986506383e-02,2.694764136051e+02,2.503815002441e+02,0.000000000000e+00,1.137473826036e+00,0.000000000000e+00,5.548659181924e+04,1.090000000000e+02
1.120000000000e+03,1.032507474491e+08,7.659384639947e+04,9.112668086005e+05,4.791901382166e-01,3.144380463041e+02,-1.415990224238e-04,-1.543429344420e-02,0.000000000000e+00,0.000000000000e+00,5.080377655766e+02,0.000000000000e+00,0.000000000000e+00,0.000000000000e+00,0.000000000000e+00,5.274573825147e-04,5.749285469410e-02,2.692605532851e+02,2.495313720703e+02,0.000000000000e+00,1.141959095186e+00,0.000000000000e+00,5.548500697967e+04,1.090000000000e+02
1.121000000000e+03,1.032502558995e+08,7.708539601935e+04,9.145830132351e+05,4.798573100779e-01,3.151510285874e+02,-1.559062833281e-04,-1.699378488277e-02,0.000000000000e+00,0.000000000000e+00,4.915496198805e+02,0.000000000000e+00,0.000000000000e+00,0.000000000000e+00,0.000000000000e+00,3.960065580223e-04,4.316471482443e-02,2.690888429500e+02,2.494858703613e+02,0.000000000000e+00,1.146502380903e+00,0.000000000000e+00,5.548369193203e+04,1.090000000000e+02
1.122000000000e+03,1.032497835859e+08,7.755770959766e+04,9.178359179673e+05,4.805157872883e-01,3.158439400230e+02,-1.504927579464e-04,-1.640371061616e-02,0.000000000000e+00,0.000000000000e+00,4.723135783047e+02,0.000000000000e+00,0.000000000000e+00,0.000000000000e+00,0.000000000000e+00,3.899807037963e-04,4.250789671379e-02,2.689691640743e+02,2.502594757080e+02,0.000000000000e+00,1.152281230832e+00,0.000000000000e+00,5.548274173732e+04,1.090000000000e+02
1.123000000000e+03,1.032493296059e+08,7.801168961884e+04,9.213643023978e+05,4.813844018965e-01,3.164937918800e+02,-1.278305084818e-04,-1.393352542452e-02,0.000000000000e+00,0.000000000000e+00,4.539800211864e+02,0.000000000000e+00,0.000000000000e+00,0.000000000000e+00,0.000000000000e+00,4.593437268381e-04,5.006846622535e-02,2.688010400078e+02,2.504782257080e+02,0.000000000000e+00,1.156010082422e+00,0.000000000000e+00,5.548138038849e+04,1.090000000000e+02
1.124000000000e+03,1.032488918908e+08,7.844940466139e+04,9.252621641052e+05,4.825071869450e-01,3.171037266088e+02,-1.206597911228e-04,-1.315191723238e-02,0.000000000000e+00,0.000000000000e+00,4.377150425423e+02,0.000000000000e+00,0.000000000000e+00,0.000000000000e+00,0.000000000000e+00,5.289917923512e-04,5.766010536628e-02,2.685793994835e+02,2.498409729004e+02,0.000000000000e+00,1.161039522418e+00,0.000000000000e+00,5.547952948146e+04,1.090000000000e+02
1.125000000000e+03,1.032484734920e+08,7.886780352842e+04,9.300749044630e+05,4.842597779421e-01,3.176048245802e+02,-1.532121803983e-04,-1.670012766341e-02,0.000000000000e+00,0.000000000000e+00,4.183988670327e+02,0.000000000000e+00,0.000000000000e+00,0.000000000000e+00,0.000000000000e+00,6.452018423507e-04,7.032700081623e-02,2.684733365428e+02,2.503921813965e+02,0.000000000000e+00,1.163756318449e+00,0.000000000000e+00,5.547860645844e+04,1.090000000000e+02
1.126000000000e+03,1.032480713139e+08,7.926998155473e+04,9.344409810564e+05,4.856100451151e-01,3.182177491987e+02,-1.567133320113e-04,-1.708175318923e-02,0.000000000000e+00,0.000000000000e+00,4.021780263072e+02,0.000000000000e+00,0.000000000000e+00,0.000000000000e+00,0.000000000000e+00,5.697796154383e-04,6.210597808278e-02,2.682910921589e+02,2.503721160889e+02,0.000000000000e+00,1.165817224861e+00,0.000000000000e+00,5.547699566854e+04,1.090000000000e+02
1.127000000000e+03,1.032476885311e+08,7.965276439546e+04,9.385901925632e+05,4.868723705892e-01,3.188055436983e+02,-1.770787788448e-04,-1.930158689409e-02,0.000000000000e+00,0.000000000000e+00,3.827828407351e+02,0.000000000000e+00,0.000000000000e+00,0.000000000000e+00,0.000000000000e+00,5.107956609914e-04,5.567672704806e-02,2.682245644488e+02,2.512306823730e+02,0.000000000000e+00,1.167124896604e+00,0.000000000000e+00,5.547638380794e+04,1.090000000000e+02
1.128000000000e+03,1.032473276301e+08,8.001366542199e+04,9.438415765117e+05,4.889327047231e-01,3.192381053862e+02,-2.096689376328e-04,-2.285391420197e-02,0.000000000000e+00,0.000000000000e+00,3.609010265339e+02,0.000000000000e+00,0.000000000000e+00,0.000000000000e+00,0.000000000000e+00,6.586701482683e-04,7.179504616124e-02,2.682306646744e+02,2.528276824951e+02,0.000000000000e+00,1.168145875997e+00,0.000000000000e+00,5.547641934803e+04,1.090000000000e+02
1.129000000000e+03,1.032469867962e+08,8.035449928546e+04,9.496107494922e+05,4.912430163796e-01,3.196822851168e+02,-1.903855989443e-04,-2.075203028493e-02,0.000000000000e+00,0.000000000000e+00,3.408338634643e+02,0.000000000000e+00,0.000000000000e+00,0.000000000000e+00,0.000000000000e+00,7.653535059348e-04,8.342353214689e-02,2.681669534044e+02,2.528637695313e+02,0.000000000000e+00,1.165397205279e+00,0.000000000000e+00,5.547582892201e+04,1.090000000000e+02
1.130000000000e+03,1.032466626078e+08,8.067868772091e+04,9.551077464396e+05,4.933533874163e-01,3.201638728794e+02,-1.455265582775e-04,-1.586239485224e-02,0.000000000000e+00,0.000000000000e+00,3.241884354469e+02,0.000000000000e+00,0.000000000000e+00,0.000000000000e+00,0.000000000000e+00,7.667138577468e-04,8.357181049440e-02,2.680465648635e+02,2.530167694092e+02,0.000000000000e+00,1.166356903587e+00,0.000000000000e+00,5.547471454196e+04,1.090000000000e+02
1.131000000000e+03,1.032463543516e+08,8.098694389959e+04,9.607828501182e+05,4.955007788071e-01,3.206736056789e+02,-1.346826751706e-04,-1.468041159359e-02,0.000000000000e+00,0.000000000000e+00,3.082561786809e+02,0.000000000000e+00,0.000000000000e+00,0.000000000000e+00,0.000000000000e+00,8.054065174878e-04,8.778931040617e-02,2.679893967140e+02,2.537395019531e+02,0.000000000000e+00,1.168582003545e+00,0.000000000000e+00,5.547417358171e+04,1.090000000000e+02
1.132000000000e+03,1.032460623029e+08,8.127899254604e+04,9.665727882874e+05,4.978087612103e-01,3.211138124878e+02,-1.483949314752e-04,-1.617504753080e-02,0.000000000000e+00,0.000000000000e+00,2.920486464552e+02,0.000000000000e+00,0.000000000000e+00,0.000000000000e+00,0.000000000000e+00,8.108524982684e-04,8.838292231126e-02,2.679273057749e+02,2.539246063232e+02,0.000000000000e+00,1.169623621931e+00,0.000000000000e+00,5.547358130428e+04,1.090000000000e+02
1.133000000000e+03,1.032457855024e+08,8.155579310086e+04,9.726111426150e+05,5.004813412908e-01,3.213981785297e+02,-1.544072097519e-04,-1.683038586296e-02,0.000000000000e+00,0.000000000000e+00,2.768005548228e+02,0.000000000000e+00,0.000000000000e+00,0.000000000000e+00,0.000000000000e+00,8.461148666796e-04,9.222652046807e-02,2.678594581116e+02,2.538435516357e+02,0.000000000000e+00,1.170642140449e+00,0.000000000000e+00,5.547293035139e+04,1.090000000000e+02
1.134000000000e+03,1.032455218342e+08,8.181946130050e+04,9.790720460570e+05,5.030485791690e-01,3.218875314888e+02,-1.372337360797e-04,-1.495847723269e-02,0.000000000000e+00,0.000000000000e+00,2.636681996353e+02,0.000000000000e+00,0.000000000000e+00,0.000000000000e+00,0.000000000000e+00,9.340395797300e-04,1.018103141906e-01,2.677623199961e+02,2.538814697266e+02,0.000000000000e+00,1.171767143260e+00,0.000000000000e+00,5.547199026799e+04,1.090000000000e+02
1.135000000000e+03,1.032452681816e+08,8.207311384052e+04,9.849168754314e+05,5.053539633252e-01,3.223430303997e+02,-1.268922507475e-04,-1.383125533147e-02,0.000000000000e+00,0.000000000000e+00,2.536525400200e+02,0.000000000000e+00,0.000000000000e+00,0.000000000000e+00,0.000000000000e+00,8.453697596284e-04,9.214530379949e-02,2.675688777846e+02,2.527250061035e+02,0.000000000000e+00,1.173046235931e+00,0.000000000000e+00,5.547008210579e+04,1.090000000000e+02
1.136000000000e+03,1.032451150054e+08,8.222629004124e+04,9.903192392840e+05,5.074071870182e-01,3.228113035706e+02,-1.334326092257e-04,-1.454415440560e-02,0.000000000000e+00,0.000000000000e+00,1.531762007162e+02,0.000000000000e+00,0.000000000000e+00,0.000000000000e+00,0.000000000000e+00,7.660143402140e-04,8.349556308332e-02,2.673759312067e+02,2.526265106201e+02,0.000000000000e+00,1.170756911150e+00,0.000000000000e+00,5.546807209343e+04,1.090000000000e+02
1.137000000000e+03,1.032450737033e+08,8.226759221153e+04,9.956380567297e+05,5.094010142511e-01,3.232837716598e+02,-1.407145128788e-04,-1.533788190379e-02,0.000000000000e+00,0.000000000000e+00,4.130217029163e+01,0.000000000000e+00,0.000000000000e+00,0.000000000000e+00,0.000000000000e+00,7.435906397979e-04,8.105137973797e-02,2.672362138840e+02,2.530519561768e+02,0.000000000000e+00,1.167538193175e+00,0.000000000000e+00,5.546652944763e+04,1.090000000000e+02
1.138000000000e+03,1.032447700623e+08,8.257123314492e+04,1.001947615061e+06,5.119554663949e-01,3.237171884596e+02,-1.307182147356e-04,-1.424828540618e-02,0.000000000000e+00,0.000000000000e+00,3.036409333887e+02,0.000000000000e+00,0.000000000000e+00,0.000000000000e+00,0.000000000000e+00,9.169844224074e-04,9.995130204240e-02,2.670977918809e+02,2.524792022705e+02,0.000000000000e+00,1.171284543157e+00,0.000000000000e+00,5.546516317806e+04,1.090000000000e+02
1.139000000000e+03,1.032445155021e+08,8.282579340464e+04,1.007546692522e+06,5.141850648224e-01,3.241215881844e+02,-1.352517663273e-04,-1.474244252968e-02,0.000000000000e+00,0.000000000000e+00,2.545602597196e+02,0.000000000000e+00,0.000000000000e+00,0.000000000000e+00,0.000000000000e+00,7.944433336607e-04,8.659432336902e-02,2.669868623660e+02,2.520738525391e+02,0.000000000000e+00,1.172731073803e+00,0.000000000000e+00,5.546397582591e+04,1.090000000000e+02
1.140000000000e+03,1.032442786169e+08,8.306267855453e+04,1.011604144135e+06,5.153439407566e-01,3.247033559632e+02,-1.518528428441e-04,-1.655195987000e-02,0.000000000000e+00,0.000000000000e+00,2.368851498928e+02,0.000000000000e+00,0.000000000000e+00,0.000000000000e+00,0.000000000000e+00,5.235734461581e-04,5.706950563123e-02,2.668576938377e+02,2.520551757812e+02,0.000000000000e+00,1.174428584221e+00,0.000000000000e+00,5.546255736243e+04,1.090000000000e+02
1.141000000000e+03,1.032440539164e+08,8.328737911972e+04,1.016219706090e+06,5.168693551481e-01,3.252308661480e+02,-1.505901386854e-04,-1.641432511671e-02,0.000000000000e+00,0.000000000000e+00,2.247005651951e+02,0.000000000000e+00,0.000000000000e+00,0.000000000000e+00,0.000000000000e+00,6.173704998733e-04,6.729338448619e-02,2.667257962135e+02,2.516903991699e+02,0.000000000000e+00,1.175354510147e+00,0.000000000000e+00,5.546108036130e+04,1.090000000000e+02
1.142000000000e+03,1.032438387158e+08,8.350257966417e+04,1.020108348826e+06,5.178868545492e-01,3.258458422657e+02,-1.331719004342e-04,-1.451573714733e-02,0.000000000000e+00,0.000000000000e+00,2.152005444490e+02,0.000000000000e+00,0.000000000000e+00,0.000000000000e+00,0.000000000000e+00,5.162367952997e-04,5.626981068767e-02,2.665493539135e+02,2.509975128174e+02,0.000000000000e+00,1.176474880517e+00,0.000000000000e+00,5.545905894171e+04,1.090000000000e+02
1.143000000000e+03,1.032436321897e+08,8.370910575766e+04,1.023385472477e+06,5.185720357266e-01,3.264678512620e+02,-1.339265080619e-04,-1.459798937875e-02,0.000000000000e+00,0.000000000000e+00,2.065260934910e+02,0.000000000000e+00,0.000000000000e+00,0.000000000000e+00,0.000000000000e+00,4.118918646199e-04,4.489621324357e-02,2.664453635772e+02,2.515601043701e+02,0.000000000000e+00,1.178199534403e+00,0.000000000000e+00,5.545784736300e+04,1.090000000000e+02
1.144000000000e+03,1.032434352387e+08,8.390605679288e+04,1.027733772467e+06,5.199777998056e-01,3.269696122377e+02,-1.408928673745e-04,-1.535732254382e-02,0.000000000000e+00,0.000000000000e+00,1.969510352147e+02,0.000000000000e+00,0.000000000000e+00,0.000000000000e+00,0.000000000000e+00,5.789471017187e-04,6.310523408734e-02,2.664311865422e+02,2.528369598389e+02,0.000000000000e+00,1.178357130855e+00,0.000000000000e+00,5.545768205010e+04,1.090000000000e+02
1.145000000000e+03,1.032432460992e+08,8.409519624713e+04,1.032795505105e+06,5.218152602785e-01,3.274338425734e+02,-1.437193375523e-04,-1.566540779320e-02,0.000000000000e+00,0.000000000000e+00,1.891394542540e+02,0.000000000000e+00,0.000000000000e+00,0.000000000000e+00,0.000000000000e+00,6.993156065952e-04,7.622540111887e-02,2.662769357405e+02,2.511847381592e+02,0.000000000000e+00,1.179005279004e+00,0.000000000000e+00,5.545584022781e+04,1.090000000000e+02
1.146000000000e+03,1.032430619494e+08,8.427934606796e+04,1.036621243108e+06,5.228052977163e-01,3.280412193847e+02,-1.215914477367e-04,-1.325346780330e-02,0.000000000000e+00,0.000000000000e+00,1.841498208298e+02,0.000000000000e+00,0.000000000000e+00,0.000000000000e+00,0.000000000000e+00,5.201190278050e-04,5.669297403074e-02,2.660442860430e+02,2.503520812988e+02,0.000000000000e+00,1.179167037425e+00,0.000000000000e+00,5.545299587560e+04,1.090000000000e+02
1.147000000000e+03,1.032428829794e+08,8.445831612404e+04,1.040286625306e+06,5.237782120589e-01,3.286004733080e+02,-9.469770882011e-05,-1.032205026139e-02,0.000000000000e+00,0.000000000000e+00,1.789700560752e+02,0.000000000000e+00,0.000000000000e+00,0.000000000000e+00,0.000000000000e+00,5.173817964763e-04,5.639461581592e-02,2.658982604076e+02,2.515233459473e+02,0.000000000000e+00,1.180917446854e+00,0.000000000000e+00,5.545117070932e+04,1.090000000000e+02
1.148000000000e+03,1.032427106658e+08,8.463062964001e+04,1.044501771326e+06,5.250661599755e-01,3.291255313422e+02,-8.903177521470e-05,-9.704463498402e-03,0.000000000000e+00,0.000000000000e+00,1.723135159713e+02,0.000000000000e+00,0.000000000000e+00,0.000000000000e+00,0.000000000000e+00,6.098771301194e-04,6.647660718301e-02,2.658594351945e+02,2.524405059814e+02,0.000000000000e+00,1.180838694868e+00,0.000000000000e+00,5.545068333197e+04,1.090000000000e+02
1.149000000000e+03,1.032425455927e+08,8.479570275118e+04,1.049607745404e+06,5.269411554551e-01,3.295571752674e+02,-1.122066062307e-04,-1.223052007915e-02,0.000000000000e+00,0.000000000000e+00,1.650731111724e+02,0.000000000000e+00,0.000000000000e+00,0.000000000000e+00,0.000000000000e+00,7.323524684501e-04,7.982641906106e-02,2.658648270327e+02,2.527494659424e+02,0.000000000000e+00,1.179410063471e+00,0.000000000000e+00,5.545075495932e+04,1.090000000000e+02
1.150000000000e+03,1.032423876181e+08,8.495367736279e+04,1.055032081496e+06,5.289654852136e-01,3.299909182434e+02,-1.217499193760e-04,-1.327074121198e-02,0.000000000000e+00,0.000000000000e+00,1.579746116046e+02,0.000000000000e+00,0.000000000000e+00,0.000000000000e+00,0.000000000000e+00,7.748168338702e-04,8.445503489186e-02,2.658868238564e+02,2.531639709473e+02,0.000000000000e+00,1.177356555405e+00,0.000000000000e+00,5.545103715823e+04,1.090000000000e+02
1.151000000000e+03,1.032422361994e+08,8.510509613358e+04,1.060617098680e+06,5.311113693063e-01,3.303970157550e+02,-1.335841113225e-04,-1.456066813416e-02,0.000000000000e+00,0.000000000000e+00,1.514187707913e+02,0.000000000000e+00,0.000000000000e+00,0.000000000000e+00,0.000000000000e+00,7.902208289415e-04,8.613407035463e-02,2.658923832039e+02,2.537136688232e+02,0.000000000000e+00,1.176957796571e+00,0.000000000000e+00,5.545111007305e+04,1.090000000000e+02
1.152000000000e+03,1.032420894138e+08,8.525188173616e+04,1.065922633121e+06,5.330687942413e-01,3.308415110756e+02,-1.154776489961e-04,-1.258706374057e-02,0.000000000000e+00,0.000000000000e+00,1.467856025831e+02,0.000000000000e+00,0.000000000000e+00,0.000000000000e+00,0.000000000000e+00,7.681956151885e-04,8.373332205555e-02,2.657478449838e+02,2.519697570801e+02,0.000000000000e+00,1.177420759534e+00,0.000000000000e+00,5.544926256289e+04,1.090000000000e+02
1.153000000000e+03,1.032419463145e+08,8.539498096906e+04,1.071827806758e+06,5.353531598346e-01,3.312617030440e+02,-1.174341438039e-04,-1.280032167463e-02,0.000000000000e+00,0.000000000000e+00,1.430992328968e+02,0.000000000000e+00,0.000000000000e+00,0.000000000000e+00,0.000000000000e+00,8.632753549194e-04,9.409701368622e-02,2.656584041371e+02,2.524085693359e+02,0.000000000000e+00,1.176770732009e+00,0.000000000000e+00,5.544811333699e+04,1.090000000000e+02
1.154000000000e+03,1.032418078386e+08,8.553345693757e+04,1.077712365044e+06,5.377414566607e-01,3.316031431982e+02,-1.260858123446e-04,-1.374335354556e-02,0.000000000000e+00,0.000000000000e+00,1.384759685154e+02,0.000000000000e+00,0.000000000000e+00,0.000000000000e+00,0.000000000000e+00,8.486702939802e-04,9.250506204384e-02,2.656311943055e+02,2.533397979736e+02,0.000000000000e+00,1.177141102379e+00,0.000000000000e+00,5.544776778736e+04,1.090000000000e+02
1.155000000000e+03,1.032416738464e+08,8.566744905327e+04,1.082424349274e+06,5.392807807401e-01,3.321065151307e+02,-9.818862180689e-05,-1.070255977695e-02,0.000000000000e+00,0.000000000000e+00,1.339921156970e+02,0.000000000000e+00,0.000000000000e+00,0.000000000000e+00,0.000000000000e+00,6.837143735693e-04,7.452486671906e-02,2.655773883122e+02,2.535629119873e+02,0.000000000000e+00,1.175349346092e+00,0.000000000000e+00,5.544706737811e+04,1.090000000000e+02
1.156000000000e+03,1.032415437747e+08,8.579752081467e+04,1.086688749801e+06,5.406874883326e-01,3.325520885321e+02,-8.041130791245e-05,-8.764832562458e-03,0.000000000000e+00,0.000000000000e+00,1.300717613998e+02,0.000000000000e+00,0.000000000000e+00,0.000000000000e+00,0.000000000000e+00,6.276803700191e-04,6.841716033208e-02,2.655184164709e+02,2.533247375488e+02,0.000000000000e+00,1.175534531277e+00,0.000000000000e+00,5.544629674601e+04,1.090000000000e+02
1.157000000000e+03,1.032414173889e+08,8.592390660244e+04,1.091029810177e+06,5.420476063872e-01,3.330472697674e+02,-7.934086928632e-05,-8.648154752209e-03,0.000000000000e+00,0.000000000000e+00,1.263857877658e+02,0.000000000000e+00,0.000000000000e+00,0.000000000000e+00,0.000000000000e+00,6.413804300980e-04,6.991046688068e-02,2.654615391897e+02,2.534742431641e+02,0.000000000000e+00,1.175719716462e+00,0.000000000000e+00,5.544554913921e+04,1.090000000000e+02
1.158000000000e+03,1.032412942007e+08,8.604709482975e+04,1.094901924726e+06,5.430708009711e-01,3.336063354584e+02,-6.260116167136e-05,-6.823526622179e-03,0.000000000000e+00,0.000000000000e+00,1.231882273114e+02,0.000000000000e+00,0.000000000000e+00,0.000000000000e+00,0.000000000000e+00,5.817818010680e-04,6.341421631641e-02,2.653770890173e+02,2.537136230469e+02,0.000000000000e+00,1.176090086832e+00,0.000000000000e+00,5.544442279951e+04,1.090000000000e+02
1.159000000000e+03,1.032411745421e+08,8.616675340957e+04,1.098807463558e+06,5.441598850041e-01,3.341260945408e+02,-6.016386284062e-05,-6.557861049627e-03,0.000000000000e+00,0.000000000000e+00,1.196585798198e+02,0.000000000000e+00,0.000000000000e+00,0.000000000000e+00,0.000000000000e+00,5.859922428587e-04,6.387315447160e-02,2.653780011197e+02,2.548011016846e+02,0.000000000000e+00,1.176090086832e+00,0.000000000000e+00,5.544444973622e+04,1.090000000000e+02
1.160000000000e+03,1.032412801546e+08,8.606114086806e+04,1.103254839647e+06,5.454022897754e-01,3.347206509955e+02,-6.954989839938e-05,-7.580938925532e-03,0.000000000000e+00,0.000000000000e+00,-1.056125415112e+02,0.000000000000e+00,0.000000000000e+00,0.000000000000e+00,0.000000000000e+00,6.698418287836e-04,7.301275933741e-02,2.653102532384e+02,2.546492462158e+02,0.000000000000e+00,1.171090086832e+00,0.000000000000e+00,5.544339031250e+04,1.090000000000e+02
1.161000000000e+03,1.032411774596e+08,8.616383595740e+04,1.106642327087e+06,5.461432932893e-01,3.352999201867e+02,-5.682276157243e-05,-6.193681011395e-03,0.000000000000e+00,0.000000000000e+00,1.026950893481e+02,0.000000000000e+00,0.000000000000e+00,0.000000000000e+00,0.000000000000e+00,5.075692745099e-04,5.532505092158e-02,2.652183060029e+02,2.534848632813e+02,0.000000000000e+00,1.173497494240e+00,0.000000000000e+00,5.544222291655e+04,1.090000000000e+02
1.162000000000e+03,1.032410238931e+08,8.631740238663e+04,1.109860352054e+06,5.468631328343e-01,3.358408748350e+02,-4.420512815204e-05,-4.818358968572e-03,0.000000000000e+00,0.000000000000e+00,1.535664292222e+02,0.000000000000e+00,0.000000000000e+00,0.000000000000e+00,0.000000000000e+00,4.929839643616e-04,5.373525211542e-02,2.651129879682e+02,2.530272521973e+02,0.000000000000e+00,1.175071568314e+00,0.000000000000e+00,5.544080926440e+04,1.090000000000e+02
1.163000000000e+03,1.032408867298e+08,8.645456570405e+04,1.114336889184e+06,5.484817646435e-01,3.362067045289e+02,-6.716424254625e-05,-7.320902437541e-03,0.000000000000e+00,0.000000000000e+00,1.371633174260e+02,0.000000000000e+00,0.000000000000e+00,0.000000000000e+00,0.000000000000e+00,6.770886000460e-04,7.380265740501e-02,2.650363750263e+02,2.532356414795e+02,0.000000000000e+00,1.174679691352e+00,0.000000000000e+00,5.543976422805e+04,1.090000000000e+02
1.164000000000e+03,1.032407576705e+08,8.658362502923e+04,1.118085573458e+06,5.493448555639e-01,3.368099588983e+02,-8.035517140354e-05,-8.758713682986e-03,0.000000000000e+00,0.000000000000e+00,1.290593251776e+02,0.000000000000e+00,0.000000000000e+00,0.000000000000e+00,0.000000000000e+00,5.412150528414e-04,5.899244075971e-02,2.650085352407e+02,2.536759490967e+02,0.000000000000e+00,1.174712664986e+00,0.000000000000e+00,5.543939637995e+04,1.090000000000e+02
1.165000000000e+03,1.032406345898e+08,8.670670568274e+04,1.121397401687e+06,5.500735803744e-01,3.373624554857e+02,-9.355671902648e-05,-1.019768237389e-02,0.000000000000e+00,0.000000000000e+00,1.230806535124e+02,0.000000000000e+00,0.000000000000e+00,0.000000000000e+00,0.000000000000e+00,4.557972268137e-04,4.968189772269e-02,2.649797954725e+02,2.542370605469e+02,0.000000000000e+00,1.174637365128e+00,0.000000000000e+00,5.543900799172e+04,1.090000000000e+02
1.166000000000e+03,1.032405163319e+08,8.682496365420e+04,1.124572162737e+06,5.507054550117e-01,3.379341232799e+02,-8.559450171956e-05,-9.329800687432e-03,0.000000000000e+00,0.000000000000e+00,1.182579714568e+02,0.000000000000e+00,0.000000000000e+00,0.000000000000e+00,0.000000000000e+00,4.423959241634e-04,4.822115573381e-02,2.649239205950e+02,2.541549987793e+02,0.000000000000e+00,1.174373427958e+00,0.000000000000e+00,5.543822936605e+04,1.090000000000e+02
1.167000000000e+03,1.032404016706e+08,8.693962495602e+04,1.128167846569e+06,5.516566310184e-01,3.384345162176e+02,-7.069267574240e-05,-7.705501655922e-03,0.000000000000e+00,0.000000000000e+00,1.146613018193e+02,0.000000000000e+00,0.000000000000e+00,0.000000000000e+00,0.000000000000e+00,5.267861697294e-04,5.741969250050e-02,2.648720385470e+02,2.539223632812e+02,0.000000000000e+00,1.174466020550e+00,0.000000000000e+00,5.543750549105e+04,1.090000000000e+02
1.168000000000e+03,1.032402904825e+08,8.705081299809e+04,1.131499002208e+06,5.523608301568e-01,3.390049327444e+02,-5.335820732737e-05,-5.816044598684e-03,0.000000000000e+00,0.000000000000e+00,1.111880420772e+02,0.000000000000e+00,0.000000000000e+00,0.000000000000e+00,0.000000000000e+00,5.000424574092e-04,5.450462785760e-02,2.648269530296e+02,2.538805236816e+02,0.000000000000e+00,1.174558613143e+00,0.000000000000e+00,5.543687560920e+04,1.090000000000e+02
1.169000000000e+03,1.032401821310e+08,8.715916449661e+04,1.134116879450e+06,5.526558961028e-01,3.396156747241e+02,-3.695010537583e-05,-4.027561485966e-03,0.000000000000e+00,0.000000000000e+00,1.083514985182e+02,0.000000000000e+00,0.000000000000e+00,0.000000000000e+00,0.000000000000e+00,4.006070339620e-04,4.366616670186e-02,2.647378343927e+02,2.531322937012e+02,0.000000000000e+00,1.173996013236e+00,0.000000000000e+00,5.543559989417e+04,1.090000000000e+02
1.170000000000e+03,1.032400764829e+08,8.726481261106e+04,1.138292180334e+06,5.540346392891e-01,3.400193065284e+02,-5.090726979285e-05,-5.548892407421e-03,0.000000000000e+00,0.000000000000e+00,1.056481144434e+02,0.000000000000e+00,0.000000000000e+00,0.000000000000e+00,0.000000000000e+00,6.409607698453e-04,6.986472391314e-02,2.647185808023e+02,2.538346862793e+02,0.000000000000e+00,1.174088605829e+00,0.000000000000e+00,5.543534216348e+04,1.090000000000e+02
1.171000000000e+03,1.032399735744e+08,8.736772114273e+04,1.142078612257e+06,5.549723631762e-01,3.405770891175e+02,-6.204562483293e-05,-6.762973106789e-03,0.000000000000e+00,0.000000000000e+00,1.029085316689e+02,0.000000000000e+00,0.000000000000e+00,0.000000000000e+00,0.000000000000e+00,5.663518737807e-04,6.173235424210e-02,2.646822763298e+02,2.539913330078e+02,0.000000000000e+00,1.173206209261e+00,0.000000000000e+00,5.543482681851e+04,1.090000000000e+02
1.172000000000e+03,1.032398730269e+08,8.746826858677e+04,1.145756228738e+06,5.559902985829e-01,3.410542799128e+02,-6.344871269184e-05,-6.915909683411e-03,0.000000000000e+00,0.000000000000e+00,1.005474440487e+02,0.000000000000e+00,0.000000000000e+00,0.000000000000e+00,0.000000000000e+00,5.485476244183e-04,5.979169106159e-02,2.646145064759e+02,2.537506408691e+02,0.000000000000e+00,1.173761764816e+00,0.000000000000e+00,5.543384447224e+04,1.090000000000e+02
1.173000000000e+03,1.032397745875e+08,8.756670798494e+04,1.149427365808e+06,5.569320562685e-01,3.415748521607e+02,-6.993302304955e-05,-7.622699512401e-03,0.000000000000e+00,0.000000000000e+00,9.843939816319e+01,0.000000000000e+00,0.000000000000e+00,0.000000000000e+00,0.000000000000e+00,5.411768519052e-04,5.898827685767e-02,2.645438068766e+02,2.531352996826e+02,0.000000000000e+00,1.173332574235e+00,0.000000000000e+00,5.543281392709e+04,1.090000000000e+02
1.174000000000e+03,1.032396784748e+08,8.766282074091e+04,1.152564298170e+06,5.575340166672e-01,3.421330216308e+02,-4.652477363776e-05,-5.071200326516e-03,0.000000000000e+00,0.000000000000e+00,9.611275596954e+01,0.000000000000e+00,0.000000000000e+00,0.000000000000e+00,0.000000000000e+00,4.702868337208e-04,5.126126487556e-02,2.645882403976e+02,2.549983367920e+02,0.000000000000e+00,1.173332574235e+00,0.000000000000e+00,5.543349983137e+04,1.090000000000e+02
1.175000000000e+03,1.032395849756e+08,8.775631992436e+04,1.155864076675e+06,5.581902684794e-01,3.427025011757e+02,-4.602618936876e-05,-5.016854641194e-03,0.000000000000e+00,0.000000000000e+00,9.349918345703e+01,0.000000000000e+00,0.000000000000e+00,0.000000000000e+00,0.000000000000e+00,4.963754340029e-04,5.410492230632e-02,2.646599666417e+02,2.559228820801e+02,0.000000000000e+00,1.173128407568e+00,0.000000000000e+00,5.543457603808e+04,1.090000000000e+02
1.176000000000e+03,1.032394938224e+08,8.784747311346e+04,1.159078167393e+06,5.589145920755e-01,3.432075447992e+02,-4.901048280358e-05,-5.342142625590e-03,0.000000000000e+00,0.000000000000e+00,9.115318909367e+01,0.000000000000e+00,0.000000000000e+00,0.000000000000e+00,0.000000000000e+00,4.814945209946e-04,5.248290278841e-02,2.646871064781e+02,2.558812561035e+02,0.000000000000e+00,1.172374421688e+00,0.000000000000e+00,5.543498738314e+04,1.090000000000e+02
1.177000000000e+03,1.032394048724e+08,8.793642313341e+04,1.162276751002e+06,5.595914988639e-01,3.437325108452e+02,-3.226243963830e-05,-3.516605920575e-03,0.000000000000e+00,0.000000000000e+00,8.895001995137e+01,0.000000000000e+00,0.000000000000e+00,0.000000000000e+00,0.000000000000e+00,4.938216624887e-04,5.382656121127e-02,2.647504328496e+02,2.567831115723e+02,0.000000000000e+00,1.171683040887e+00,0.000000000000e+00,5.543592971167e+04,1.090000000000e+02
1.178000000000e+03,1.032393178658e+08,8.802342970471e+04,1.166386418372e+06,5.608700982302e-01,3.441615502069e+02,-1.995240802931e-05,-2.174812475195e-03,0.000000000000e+00,0.000000000000e+00,8.700657130532e+01,0.000000000000e+00,0.000000000000e+00,0.000000000000e+00,0.000000000000e+00,6.601770070963e-04,7.195929377350e-02,2.647494896633e+02,2.560948791504e+02,0.000000000000e+00,1.171055938120e+00,0.000000000000e+00,5.543592845340e+04,1.090000000000e+02
1.179000000000e+03,1.032393455572e+08,8.799573826740e+04,1.171057492975e+06,5.624166895055e-01,3.446001992398e+02,-2.756953595851e-05,-3.005079419478e-03,0.000000000000e+00,0.000000000000e+00,-2.769143731102e+01,0.000000000000e+00,0.000000000000e+00,0.000000000000e+00,0.000000000000e+00,7.514101579702e-04,8.190370721876e-02,2.646372130448e+02,2.543579406738e+02,0.000000000000e+00,1.166744683929e+00,0.000000000000e+00,5.543422900310e+04,1.090000000000e+02
1.180000000000e+03,1.032393787889e+08,8.796250659245e+04,1.175896168128e+06,5.641957843171e-01,3.449418893016e+02,-2.890922325371e-05,-3.151105334654e-03,0.000000000000e+00,0.000000000000e+00,-3.323167495460e+01,0.000000000000e+00,0.000000000000e+00,0.000000000000e+00,0.000000000000e+00,7.769464446173e-04,8.468716246329e-02,2.645420545193e+02,2.539071044922e+02,0.000000000000e+00,1.165540980226e+00,0.000000000000e+00,5.543278886425e+04,1.090000000000e+02
1.181000000000e+03,1.032392885366e+08,8.805275894481e+04,1.179777396401e+06,5.651178896723e-01,3.455163252984e+02,-8.957553775813e-06,-9.763733615636e-04,0.000000000000e+00,0.000000000000e+00,9.025235235910e+01,0.000000000000e+00,0.000000000000e+00,0.000000000000e+00,0.000000000000e+00,6.337390093986e-04,6.907755202444e-02,2.645295822260e+02,2.550620422363e+02,0.000000000000e+00,1.167578017263e+00,0.000000000000e+00,5.543269255031e+04,1.090000000000e+02
1.182000000000e+03,1.032391729025e+08,8.816839304292e+04,1.183135058142e+06,5.659068479208e-01,3.460125943747e+02,-4.869615799068e-06,-5.307881220984e-04,0.000000000000e+00,0.000000000000e+00,1.156340981085e+02,0.000000000000e+00,0.000000000000e+00,0.000000000000e+00,0.000000000000e+00,5.485696916330e-04,5.979409638799e-02,2.645695994354e+02,2.561318969727e+02,0.000000000000e+00,1.168284892339e+00,0.000000000000e+00,5.543333369376e+04,1.090000000000e+02
1.183000000000e+03,1.032390692159e+08,8.827207963620e+04,1.186764808289e+06,5.669334735341e-01,3.464402768514e+02,-2.645610335488e-05,-2.883715265682e-03,0.000000000000e+00,0.000000000000e+00,1.036865932837e+02,0.000000000000e+00,0.000000000000e+00,0.000000000000e+00,0.000000000000e+00,5.712351603494e-04,6.226463247809e-02,2.646256702098e+02,2.568470153809e+02,0.000000000000e+00,1.168474252442e+00,0.000000000000e+00,5.543419096830e+04,1.090000000000e+02
1.184000000000e+03,1.032389717718e+08,8.836952376357e+04,1.190398970400e+06,5.678810426617e-01,3.469165859137e+02,-2.616691265857e-05,-2.852193479784e-03,0.000000000000e+00,0.000000000000e+00,9.744412736546e+01,0.000000000000e+00,0.000000000000e+00,0.000000000000e+00,0.000000000000e+00,5.725947476695e-04,6.241282749597e-02,2.646756441956e+02,2.572004699707e+02,0.000000000000e+00,1.167907796927e+00,0.000000000000e+00,5.543494743601e+04,1.090000000000e+02
1.185000000000e+03,1.032388784792e+08,8.846281634317e+04,1.194195431020e+06,5.689287163606e-01,3.473769784814e+02,-1.792338238723e-05,-1.953648680208e-03,0.000000000000e+00,0.000000000000e+00,9.329257960376e+01,0.000000000000e+00,0.000000000000e+00,0.000000000000e+00,0.000000000000e+00,6.074613002173e-04,6.621328172369e-02,2.647302625931e+02,2.573688354492e+02,0.000000000000e+00,1.168092982113e+00,0.000000000000e+00,5.543576563904e+04,1.090000000000e+02
1.186000000000e+03,1.032387884710e+08,8.855282455611e+04,1.197270053495e+06,5.694935237433e-01,3.479201328786e+02,2.574905945780e-06,2.806647480900e-04,0.000000000000e+00,0.000000000000e+00,9.000821293691e+01,0.000000000000e+00,0.000000000000e+00,0.000000000000e+00,0.000000000000e+00,5.080998652497e-04,5.538288531222e-02,2.647927926322e+02,2.580736083984e+02,0.000000000000e+00,1.166881612425e+00,0.000000000000e+00,5.543669088577e+04,1.090000000000e+02
1.187000000000e+03,1.032387011540e+08,8.864014155441e+04,1.200503771612e+06,5.702392263573e-01,3.483995248383e+02,4.663728748554e-06,5.083464335924e-04,0.000000000000e+00,0.000000000000e+00,8.731699830298e+01,0.000000000000e+00,0.000000000000e+00,0.000000000000e+00,0.000000000000e+00,5.374785764093e-04,5.858516482862e-02,2.648369780713e+02,2.582598876953e+02,0.000000000000e+00,1.166974205017e+00,0.000000000000e+00,5.543734360063e+04,1.090000000000e+02
1.188000000000e+03,1.032386160696e+08,8.872522596100e+04,1.205006805276e+06,5.717618873855e-01,3.487723651190e+02,-1.408741746445e-05,-1.535528503625e-03,0.000000000000e+00,0.000000000000e+00,8.508440658759e+01,0.000000000000e+00,0.000000000000e+00,0.000000000000e+00,0.000000000000e+00,7.295814748718e-04,7.952438076103e-02,2.648656565301e+02,2.582938537598e+02,0.000000000000e+00,1.166458286019e+00,0.000000000000e+00,5.543777082090e+04,1.090000000000e+02
1.189000000000e+03,1.032385329190e+08,8.880837656742e+04,1.209996104743e+06,5.735743721310e-01,3.491064476393e+02,-1.947372565903e-05,-2.122636096834e-03,0.000000000000e+00,0.000000000000e+00,8.315060642139e+01,0.000000000000e+00,0.000000000000e+00,0.000000000000e+00,0.000000000000e+00,8.042897625903e-04,8.766758412234e-02,2.649014114798e+02,2.583962707520e+02,0.000000000000e+00,1.166458286019e+00,0.000000000000e+00,5.543829867488e+04,1.090000000000e+02
1.190000000000e+03,1.032384515330e+08,8.888976253440e+04,1.214164699030e+06,5.748394890482e-01,3.495341553823e+02,-6.531507174548e-06,-7.119342820258e-04,0.000000000000e+00,0.000000000000e+00,8.138596698206e+01,0.000000000000e+00,0.000000000000e+00,0.000000000000e+00,0.000000000000e+00,6.809928827435e-04,7.422822421904e-02,2.649453095469e+02,2.586511230469e+02,0.000000000000e+00,1.166458286019e+00,0.000000000000e+00,5.543893950095e+04,1.090000000000e+02
1.191000000000e+03,1.032383717016e+08,8.896959393698e+04,1.218882435768e+06,5.764896721677e-01,3.498829685262e+02,2.113662894365e-05,2.303892554858e-03,0.000000000000e+00,0.000000000000e+00,7.983140257569e+01,0.000000000000e+00,0.000000000000e+00,0.000000000000e+00,0.000000000000e+00,7.990190948691e-04,8.709308134073e-02,2.649992278136e+02,2.590455932617e+02,0.000000000000e+00,1.166033838182e+00,0.000000000000e+00,5.543971722552e+04,1.090000000000e+02
1.192000000000e+03,1.032382932133e+08,8.904808217971e+04,1.223660182794e+06,5.781185215946e-01,3.502604472241e+02,3.696718063815e-05,4.029422689559e-03,0.000000000000e+00,0.000000000000e+00,7.848824273233e+01,0.000000000000e+00,0.000000000000e+00,0.000000000000e+00,0.000000000000e+00,8.251074058660e-04,8.993670723939e-02,2.650469345700e+02,2.592492065430e+02,0.000000000000e+00,1.165233478483e+00,0.000000000000e+00,5.544040119678e+04,1.090000000000e+02
1.193000000000e+03,1.032382159809e+08,8.912531466549e+04,1.227602839138e+06,5.793194442977e-01,3.506582381539e+02,6.628223700955e-05,7.224763834041e-03,0.000000000000e+00,0.000000000000e+00,7.723248578210e+01,0.000000000000e+00,0.000000000000e+00,0.000000000000e+00,0.000000000000e+00,7.173661499773e-04,7.819291034753e-02,2.650722986249e+02,2.592140502930e+02,0.000000000000e+00,1.164293153643e+00,0.000000000000e+00,5.544076913534e+04,1.090000000000e+02
1.194000000000e+03,1.032381398860e+08,8.920140956771e+04,1.231941794587e+06,5.806358056184e-01,3.510958604897e+02,7.155321819964e-05,7.799300783761e-03,0.000000000000e+00,0.000000000000e+00,7.609490221661e+01,0.000000000000e+00,0.000000000000e+00,0.000000000000e+00,0.000000000000e+00,7.872440417573e-04,8.580960055155e-02,2.651164583995e+02,2.595045776367e+02,0.000000000000e+00,1.164293153643e+00,0.000000000000e+00,5.544139855430e+04,1.090000000000e+02
1.195000000000e+03,1.032380648279e+08,8.927646764477e+04,1.235688424547e+06,5.816362505848e-01,3.515516263557e+02,5.956595309255e-05,6.492688887088e-03,0.000000000000e+00,0.000000000000e+00,7.505807706706e+01,0.000000000000e+00,0.000000000000e+00,0.000000000000e+00,0.000000000000e+00,6.759078696170e-04,7.367395778825e-02,2.651868454673e+02,2.601454162598e+02,0.000000000000e+00,1.164293153643e+00,0.000000000000e+00,5.544238524518e+04,1.090000000000e+02
1.196000000000e+03,1.032379907609e+08,8.935053466251e+04,1.239638929992e+06,5.828514244063e-01,3.519346927531e+02,5.836190882827e-05,6.361448062281e-03,0.000000000000e+00,0.000000000000e+00,7.406701773219e+01,0.000000000000e+00,0.000000000000e+00,0.000000000000e+00,0.000000000000e+00,7.088322719168e-04,7.726271763893e-02,2.652498796410e+02,2.603712158203e+02,0.000000000000e+00,1.162868831939e+00,0.000000000000e+00,5.544326072318e+04,1.090000000000e+02
1.197000000000e+03,1.032379175866e+08,8.942370892333e+04,1.243769543670e+06,5.841852886052e-01,3.522947913246e+02,7.073292933177e-05,7.709889297163e-03,0.000000000000e+00,0.000000000000e+00,7.317426082051e+01,0.000000000000e+00,0.000000000000e+00,0.000000000000e+00,0.000000000000e+00,7.505297393392e-04,8.180774158797e-02,2.653223978251e+02,2.609060668945e+02,0.000000000000e+00,1.161425889038e+00,0.000000000000e+00,5.544425776119e+04,1.090000000000e+02
1.198000000000e+03,1.032378452417e+08,8.949605383649e+04,1.247125851718e+06,5.850408467312e-01,3.527233708669e+02,8.474766577262e-05,9.237495569215e-03,0.000000000000e+00,0.000000000000e+00,7.234491315896e+01,0.000000000000e+00,0.000000000000e+00,0.000000000000e+00,0.000000000000e+00,6.368952559489e-04,6.942158289843e-02,2.653858248911e+02,2.612587280273e+02,0.000000000000e+00,1.160980218810e+00,0.000000000000e+00,5.544512232019e+04,1.090000000000e+02
1.199000000000e+03,1.032377736983e+08,8.956759727231e+04,1.249889665629e+06,5.854197010607e-01,3.532669840672e+02,1.149706178609e-04,1.253179734683e-02,0.000000000000e+00,0.000000000000e+00,7.154343582301e+01,0.000000000000e+00,0.000000000000e+00,0.000000000000e+00,0.000000000000e+00,5.668425038758e-04,6.178583292246e-02,2.654945071376e+02,2.623363647461e+02,0.000000000000e+00,1.159178322366e+00,0.000000000000e+00,5.544658154809e+04,1.090000000000e+02
1.200000000000e+03,1.032377028492e+08,8.963844633139e+04,1.253146532928e+06,5.862399546746e-01,3.536843980290e+02,1.040319888599e-04,1.133948678573e-02,0.000000000000e+00,0.000000000000e+00,7.084905908625e+01,0.000000000000e+00,0.000000000000e+00,0.000000000000e+00,0.000000000000e+00,6.385047975513e-04,6.959702293309e-02,2.655836189016e+02,2.624875183105e+02,0.000000000000e+00,1.157768793684e+00,0.000000000000e+00,5.544776138433e+04,1.090000000000e+02
1.201000000000e+03,1.032376325797e+08,8.970871582057e+04,1.258389104754e+06,5.884584988328e-01,3.538197675691e+02,9.227638760642e-05,1.005812624910e-02,0.000000000000e+00,0.000000000000e+00,7.026948917543e+01,0.000000000000e+00,0.000000000000e+00,0.000000000000e+00,0.000000000000e+00,9.566021106158e-04,1.042696300571e-01,2.656464563103e+02,2.624607849121e+02,0.000000000000e+00,1.157110335778e+00,0.000000000000e+00,5.544858733190e+04,1.090000000000e+02
1.202000000000e+03,1.032375628856e+08,8.977840988976e+04,1.262412372505e+06,5.894700520729e-01,3.543346709739e+02,1.169941880084e-04,1.275236649292e-02,0.000000000000e+00,0.000000000000e+00,6.969406918974e+01,0.000000000000e+00,0.000000000000e+00,0.000000000000e+00,0.000000000000e+00,7.784170343594e-04,8.484745674518e-02,2.657331034069e+02,2.630239257812e+02,0.000000000000e+00,1.156412773840e+00,0.000000000000e+00,5.544971405236e+04,1.090000000000e+02
1.203000000000e+03,1.032374936560e+08,8.984763952840e+04,1.265646116260e+06,5.903063632993e-01,3.547348038158e+02,1.338197722824e-04,1.458635517879e-02,0.000000000000e+00,0.000000000000e+00,6.922963863882e+01,0.000000000000e+00,0.000000000000e+00,0.000000000000e+00,0.000000000000e+00,6.663557375082e-04,7.263277538839e-02,2.657842351546e+02,2.627440795898e+02,0.000000000000e+00,1.156320181248e+00,0.000000000000e+00,5.545037470709e+04,1.090000000000e+02
1.204000000000e+03,1.032374248910e+08,8.991640448853e+04,1.268602433867e+06,5.909297524422e-01,3.551814058744e+02,1.233687757083e-04,1.344719655221e-02,0.000000000000e+00,0.000000000000e+00,6.876496013498e+01,0.000000000000e+00,0.000000000000e+00,0.000000000000e+00,0.000000000000e+00,6.084169998717e-04,6.631745298602e-02,2.658684714301e+02,2.635914916992e+02,0.000000000000e+00,1.156320181248e+00,0.000000000000e+00,5.545145104768e+04,1.090000000000e+02
1.205000000000e+03,1.032373566798e+08,8.998461576297e+04,1.272449725850e+06,5.922604044910e-01,3.554491423774e+02,1.344398763436e-04,1.465394652145e-02,0.000000000000e+00,0.000000000000e+00,6.821127443667e+01,0.000000000000e+00,0.000000000000e+00,0.000000000000e+00,0.000000000000e+00,7.656341254105e-04,8.345411966974e-02,2.659801041081e+02,2.643602294922e+02,0.000000000000e+00,1.155619077064e+00,0.000000000000e+00,5.545285454133e+04,1.090000000000e+02
1.206000000000e+03,1.032372889636e+08,9.005233192786e+04,1.276321317919e+06,5.933108071854e-01,3.558893674912e+02,1.552377526126e-04,1.692091503478e-02,0.000000000000e+00,0.000000000000e+00,6.771616488624e+01,0.000000000000e+00,0.000000000000e+00,0.000000000000e+00,0.000000000000e+00,7.897944237012e-04,8.608759218343e-02,2.661070181052e+02,2.653844299316e+02,0.000000000000e+00,1.155029655844e+00,0.000000000000e+00,5.545442248972e+04,1.090000000000e+02
1.207000000000e+03,1.032372215505e+08,9.011974503568e+04,1.279352104615e+06,5.939973438636e-01,3.563147600519e+02,1.666815945531e-04,1.816829380629e-02,0.000000000000e+00,0.000000000000e+00,6.741310782338e+01,0.000000000000e+00,0.000000000000e+00,0.000000000000e+00,0.000000000000e+00,6.636966662626e-04,7.234293662263e-02,2.662016039413e+02,2.653823852539e+02,0.000000000000e+00,1.154700714814e+00,0.000000000000e+00,5.545557357209e+04,1.090000000000e+02
1.208000000000e+03,1.032371543387e+08,9.018695677877e+04,1.282357383262e+06,5.947378098634e-01,3.567006721508e+02,1.905206188466e-04,2.076674745428e-02,0.000000000000e+00,0.000000000000e+00,6.721174309167e+01,0.000000000000e+00,0.000000000000e+00,0.000000000000e+00,0.000000000000e+00,6.838771864277e-04,7.454261332062e-02,2.662845497029e+02,2.653506774902e+02,0.000000000000e+00,1.153938467482e+00,0.000000000000e+00,5.545657232447e+04,1.090000000000e+02
1.209000000000e+03,1.032370873496e+08,9.025394595506e+04,1.285761974359e+06,5.957498068932e-01,3.570332924860e+02,1.883369103923e-04,2.052872323276e-02,0.000000000000e+00,0.000000000000e+00,6.698917628654e+01,0.000000000000e+00,0.000000000000e+00,0.000000000000e+00,0.000000000000e+00,7.474759847214e-04,8.147488233463e-02,2.663740985655e+02,2.656712951660e+02,0.000000000000e+00,1.153845874889e+00,0.000000000000e+00,5.545763801016e+04,1.090000000000e+02
1.210000000000e+03,1.032370205545e+08,9.032074098438e+04,1.290092380169e+06,5.973720333510e-01,3.572562209520e+02,1.971139632078e-04,2.148542198965e-02,0.000000000000e+00,0.000000000000e+00,6.679502931977e+01,0.000000000000e+00,0.000000000000e+00,0.000000000000e+00,0.000000000000e+00,9.094823278624e-04,9.913357373701e-02,2.664628090951e+02,2.658271179199e+02,0.000000000000e+00,1.153753282296e+00,0.000000000000e+00,5.545868037069e+04,1.090000000000e+02
1.211000000000e+03,1.032370253936e+08,9.031590193619e+04,1.293809808349e+06,5.982241465621e-01,3.577710969507e+02,2.097890491327e-04,2.286700635547e-02,0.000000000000e+00,0.000000000000e+00,-4.839048186226e+00,0.000000000000e+00,0.000000000000e+00,0.000000000000e+00,0.000000000000e+00,8.222208933587e-04,8.962207737610e-02,2.665210134054e+02,2.656517944336e+02,0.000000000000e+00,1.149986422651e+00,0.000000000000e+00,5.545933428950e+04,1.090000000000e+02
1.212000000000e+03,1.032370372531e+08,9.030404243678e+04,1.297070776471e+06,5.992106561008e-01,3.580771835348e+02,2.478715501741e-04,2.701799896897e-02,0.000000000000e+00,0.000000000000e+00,-1.185949941654e+01,0.000000000000e+00,0.000000000000e+00,0.000000000000e+00,0.000000000000e+00,7.842286371641e-04,8.548092145089e-02,2.665918524953e+02,2.660412597656e+02,0.000000000000e+00,1.148418908333e+00,0.000000000000e+00,5.546013164034e+04,1.090000000000e+02
1.213000000000e+03,1.032370230590e+08,9.031823651397e+04,1.301365724823e+06,6.008455458775e-01,3.582772175084e+02,3.110809156947e-04,3.390781981072e-02,0.000000000000e+00,0.000000000000e+00,1.419407719759e+01,0.000000000000e+00,0.000000000000e+00,0.000000000000e+00,0.000000000000e+00,1.016689870252e-03,1.108191958575e-01,2.667026416390e+02,2.670380859375e+02,0.000000000000e+00,1.147867069147e+00,0.000000000000e+00,5.546138548000e+04,1.090000000000e+02
1.214000000000e+03,1.032369752601e+08,9.036603539000e+04,1.307136750521e+06,6.031953739942e-01,3.584556485983e+02,3.300842158076e-04,3.597917952303e-02,0.000000000000e+00,0.000000000000e+00,4.779887603004e+01,0.000000000000e+00,0.000000000000e+00,0.000000000000e+00,0.000000000000e+00,1.279605741017e-03,1.394770257709e-01,2.668186197043e+02,2.674275207520e+02,0.000000000000e+00,1.147262373525e+00,0.000000000000e+00,5.546269567327e+04,1.090000000000e+02
1.215000000000e+03,1.032368793592e+08,9.046193631813e+04,1.313134515047e+06,6.058728176397e-01,3.585033187689e+02,2.696922912171e-04,2.939645974266e-02,0.000000000000e+00,0.000000000000e+00,9.590092812457e+01,0.000000000000e+00,0.000000000000e+00,0.000000000000e+00,0.000000000000e+00,1.258322707612e-03,1.371571751297e-01,2.668979995694e+02,2.674375915527e+02,0.000000000000e+00,1.146175661613e+00,0.000000000000e+00,5.546358503452e+04,1.090000000000e+02
1.216000000000e+03,1.032367938237e+08,9.054747181227e+04,1.318097285780e+06,6.075901482235e-01,3.588369734185e+02,2.282129979613e-04,2.487521677779e-02,0.000000000000e+00,0.000000000000e+00,8.553549414004e+01,0.000000000000e+00,0.000000000000e+00,0.000000000000e+00,0.000000000000e+00,1.046608758748e-03,1.140803547036e-01,2.669557397705e+02,2.670426025391e+02,0.000000000000e+00,1.146039836369e+00,0.000000000000e+00,5.546422156283e+04,1.090000000000e+02
1.217000000000e+03,1.032367118409e+08,9.062945463539e+04,1.321444249613e+06,6.085747154968e-01,3.591641245728e+02,2.518912003624e-04,2.745614083950e-02,0.000000000000e+00,0.000000000000e+00,8.198282312569e+01,0.000000000000e+00,0.000000000000e+00,0.000000000000e+00,0.000000000000e+00,8.042879021040e-04,8.766738132934e-02,2.669838268849e+02,2.664530639648e+02,0.000000000000e+00,1.145841406043e+00,0.000000000000e+00,5.546453178735e+04,1.090000000000e+02
1.218000000000e+03,1.032366322769e+08,9.070901862213e+04,1.324459760369e+06,6.094126503661e-01,3.594864509262e+02,2.685625890293e-04,2.927332220419e-02,0.000000000000e+00,0.000000000000e+00,7.956398674096e+01,0.000000000000e+00,0.000000000000e+00,0.000000000000e+00,0.000000000000e+00,7.659491309300e-04,8.348845527137e-02,2.670161757682e+02,2.665059814453e+02,0.000000000000e+00,1.145336757906e+00,0.000000000000e+00,5.546488704809e+04,1.090000000000e+02
1.219000000000e+03,1.032365545430e+08,9.078675255889e+04,1.329018595042e+06,6.113626978933e-01,3.595694374134e+02,2.949733643102e-04,3.215209670981e-02,0.000000000000e+00,0.000000000000e+00,7.773393675637e+01,0.000000000000e+00,0.000000000000e+00,0.000000000000e+00,0.000000000000e+00,1.046728261594e-03,1.140933805137e-01,2.670700856026e+02,2.668302612305e+02,0.000000000000e+00,1.145336757906e+00,0.000000000000e+00,5.546547012194e+04,1.090000000000e+02
1.220000000000e+03,1.032364783570e+08,9.086293849417e+04,1.332309994349e+06,6.121059588816e-01,3.600150309000e+02,3.459828667657e-04,3.771213247746e-02,0.000000000000e+00,0.000000000000e+00,7.618593528344e+01,0.000000000000e+00,0.000000000000e+00,0.000000000000e+00,0.000000000000e+00,8.859887248768e-04,9.657277101157e-02,2.671745311016e+02,2.678546447754e+02,0.000000000000e+00,1.143118226957e+00,0.000000000000e+00,5.546657974135e+04,1.090000000000e+02
1.221000000000e+03,1.032364033152e+08,9.093798027865e+04,1.334340254483e+06,6.123832144823e-01,3.603931332481e+02,3.367021320443e-04,3.670053239283e-02,0.000000000000e+00,0.000000000000e+00,7.504178447385e+01,0.000000000000e+00,0.000000000000e+00,0.000000000000e+00,0.000000000000e+00,6.680636714527e-04,7.281894018835e-02,2.672816413757e+02,2.686212768555e+02,0.000000000000e+00,1.142294309544e+00,0.000000000000e+00,5.546769721588e+04,1.090000000000e+02
1.222000000000e+03,1.032363292001e+08,9.101209541491e+04,1.336654315499e+06,6.129043099426e-01,3.607024182675e+02,3.840921437387e-04,4.186604366752e-02,0.000000000000e+00,0.000000000000e+00,7.411513626475e+01,0.000000000000e+00,0.000000000000e+00,0.000000000000e+00,0.000000000000e+00,7.614555865684e-04,8.299865893596e-02,2.674134547489e+02,2.694077758789e+02,0.000000000000e+00,1.141288092983e+00,0.000000000000e+00,5.546904638789e+04,1.090000000000e+02
1.223000000000e+03,1.032362557771e+08,9.108547800717e+04,1.338923887798e+06,6.133226318419e-01,3.610597625802e+02,4.088708896171e-04,4.456692696826e-02,0.000000000000e+00,4.041756379585e-02,7.342300981779e+01,0.000000000000e+00,0.000000000000e+00,0.000000000000e+00,0.000000000000e+00,7.789296865363e-04,8.490333583246e-02,2.675463282831e+02,2.699099731445e+02,0.000000000000e+00,1.140883856948e+00,4.041756379585e-02,5.547037756934e+04,1.090000000000e+02
1.224000000000e+03,1.032361823019e+08,9.114760902361e+04,1.341478146905e+06,6.138237770463e-01,3.614445356337e+02,4.455629924690e-04,4.856636617912e-02,0.000000000000e+00,1.134444293659e+01,7.347545938121e+01,0.000000000000e+00,0.000000000000e+00,0.000000000000e+00,0.000000000000e+00,8.626921984703e-04,9.403344963326e-02,2.676818733048e+02,2.703914794922e+02,0.000000000000e+00,1.140698671763e+00,1.134444293659e+01,5.547170793900e+04,1.090000000000e+02
1.225000000000e+03,1.032361085383e+08,9.120426579771e+04,1.345709269635e+06,6.153695778540e-01,3.616673286703e+02,4.849630674843e-04,5.286097435579e-02,0.000000000000e+00,1.710644290507e+01,7.376321700307e+01,0.000000000000e+00,0.000000000000e+00,0.000000000000e+00,0.000000000000e+00,1.180793864335e-03,1.287065312125e-01,2.677841126116e+02,2.702321166992e+02,0.000000000000e+00,1.140606079170e+00,1.710644290507e+01,5.547269186002e+04,1.090000000000e+02
1.226000000000e+03,1.032360345070e+08,9.126052613037e+04,1.350550144823e+06,6.173546875014e-01,3.617968384186e+02,4.858300126543e-04,5.295547137931e-02,0.000000000000e+00,1.777027066999e+01,7.403060333494e+01,0.000000000000e+00,0.000000000000e+00,0.000000000000e+00,0.000000000000e+00,1.283735263118e-03,1.399271436799e-01,2.678546562454e+02,2.700245056152e+02,0.000000000000e+00,1.139665712335e+00,1.777027066999e+01,5.547336180435e+04,1.090000000000e+02
1.227000000000e+03,1.032359603490e+08,9.131478167047e+04,1.354034358787e+06,6.186077524701e-01,3.619902163473e+02,4.839347587729e-04,5.274888870624e-02,0.000000000000e+00,1.990304420861e+01,7.415858430487e+01,0.000000000000e+00,0.000000000000e+00,0.000000000000e+00,0.000000000000e+00,1.056918905052e-03,1.152041606507e-01,2.679402021752e+02,2.705227355957e+02,0.000000000000e+00,1.139665712335e+00,1.990304420861e+01,5.547416511390e+04,1.090000000000e+02
1.228000000000e+03,1.032358860399e+08,9.136652204390e+04,1.356693391666e+06,6.193023391357e-01,3.622895253146e+02,4.906944966850e-04,5.348570013866e-02,0.000000000000e+00,2.256770338039e+01,7.430807680867e+01,0.000000000000e+00,0.000000000000e+00,0.000000000000e+00,0.000000000000e+00,9.274939532716e-04,1.010968409066e-01,2.680189980089e+02,2.704778747559e+02,0.000000000000e+00,1.138847169902e+00,2.256770338039e+01,5.547489463180e+04,1.090000000000e+02
1.229000000000e+03,1.032358115354e+08,9.141659592900e+04,1.358753840429e+06,6.197245920460e-01,3.625877783579e+02,5.104719936455e-04,5.564144730735e-02,0.000000000000e+00,2.443032756225e+01,7.450421265881e+01,0.000000000000e+00,0.000000000000e+00,0.000000000000e+00,0.000000000000e+00,8.482945425082e-04,9.246410513340e-02,2.680982853607e+02,2.707965087891e+02,0.000000000000e+00,1.138643003236e+00,2.443032756225e+01,5.547561947399e+04,1.090000000000e+02
1.230000000000e+03,1.032357368866e+08,9.146310638973e+04,1.360526253478e+06,6.200133441105e-01,3.628858368582e+02,5.750631891823e-04,6.268188762087e-02,0.000000000000e+00,2.813993990574e+01,7.465040063939e+01,0.000000000000e+00,0.000000000000e+00,0.000000000000e+00,0.000000000000e+00,8.645590734470e-04,9.423693900573e-02,2.681971548111e+02,2.715332641602e+02,0.000000000000e+00,1.138104651305e+00,2.813993990574e+01,5.547650989415e+04,1.090000000000e+02
1.231000000000e+03,1.032356619676e+08,9.150696359124e+04,1.361759503062e+06,6.199909963340e-01,3.632228121447e+02,6.556234902147e-04,7.146296043340e-02,0.000000000000e+00,3.106152364483e+01,7.491872515533e+01,0.000000000000e+00,0.000000000000e+00,0.000000000000e+00,0.000000000000e+00,8.564388759804e-04,9.335183748187e-02,2.682842155626e+02,2.717089233398e+02,0.000000000000e+00,1.136615503840e+00,3.106152364483e+01,5.547728106354e+04,1.090000000000e+02
1.232000000000e+03,1.032355868167e+08,9.154670732801e+04,1.362532394930e+06,6.197906845523e-01,3.635397010211e+02,6.933158684823e-04,7.557142966457e-02,0.000000000000e+00,3.540854070677e+01,7.515227747464e+01,0.000000000000e+00,0.000000000000e+00,0.000000000000e+00,0.000000000000e+00,8.169647600811e-04,8.904915884884e-02,2.684018741936e+02,2.724472961426e+02,0.000000000000e+00,1.136337726062e+00,3.540854070677e+01,5.547830581679e+04,1.090000000000e+02
1.233000000000e+03,1.032355113529e+08,9.158149453014e+04,1.363219093725e+06,6.195259750308e-01,3.638717830561e+02,6.623756905540e-04,7.219895027038e-02,0.000000000000e+00,4.067576912203e+01,7.546297125115e+01,0.000000000000e+00,0.000000000000e+00,0.000000000000e+00,0.000000000000e+00,7.718920321085e-04,8.413623149983e-02,2.685188582537e+02,2.728903503418e+02,0.000000000000e+00,1.134983580784e+00,4.067576912203e+01,5.547930307160e+04,1.090000000000e+02
1.234000000000e+03,1.032357596205e+08,9.168252011983e+04,1.364040941231e+06,6.193788501138e-01,3.641700065274e+02,6.644187271813e-04,7.242164126276e-02,0.000000000000e+00,5.569047050264e+01,-2.482677125614e+02,6.696625812936e-05,7.299322136101e-03,0.000000000000e+00,0.000000000000e+00,8.626093886263e-04,9.402442336027e-02,2.686601271760e+02,2.731107177734e+02,0.000000000000e+00,1.130387316072e+00,5.569047050264e+01,5.548046336279e+04,1.090000000000e+02
1.235000000000e+03,1.032477650825e+08,9.409138509527e+04,1.351369661935e+06,6.130968689804e-01,3.644453468249e+02,5.995810768316e-04,6.535433737465e-02,0.000000000000e+00,3.933772156346e+02,-1.200546048666e+04,2.448461202826e-03,2.668822711080e-01,0.000000000000e+00,0.000000000000e+00,9.291686923846e-04,1.012793874699e-01,2.694709321632e+02,2.735635070801e+02,0.000000000000e+00,1.000894384142e+00,3.933772156346e+02,5.548630763284e+04,1.090000000000e+02
1.236000000000e+03,1.032705019179e+08,1.010886906597e+05,1.323927716475e+06,5.997853813228e-01,3.649218625930e+02,4.847786400424e-04,5.284087176462e-02,0.000000000000e+00,1.681489601821e+03,-2.273683748239e+04,4.509142792806e-03,4.914965644159e-01,6.848592310735e-04,7.464965618701e-02,4.284370139955e-04,4.669963452551e-02,2.706452437562e+02,2.737495727539e+02,0.000000000000e+00,7.300377485603e-01,1.681489601821e+03,5.549343608105e+04,1.090000000000e+02
1.237000000000e+03,1.033047300514e+08,1.198684377851e+05,1.267522663725e+06,5.731258918505e-01,3.655731361055e+02,2.695090084475e-04,2.937648192077e-02,0.000000000000e+00,1.125549500637e+04,-3.422813778699e+04,9.085854654373e-03,9.903581573267e-01,1.537376938078e-03,1.675740862505e-01,0.000000000000e+00,0.000000000000e+00,2.724588236094e+02,2.749679870605e+02,0.000000000000e+00,3.091580545854e-01,1.125549500637e+04,5.550146161684e+04,1.090000000000e+02
1.238000000000e+03,1.033287044484e+08,1.425079822318e+05,1.181451390229e+06,5.332428543441e-01,3.662208780751e+02,5.741619359796e-05,6.258365102178e-03,0.000000000000e+00,6.149811131570e+04,-2.397439947632e+04,1.417735098307e-02,1.545331257154e+00,3.692936197822e-03,4.025300455626e-01,0.000000000000e+00,0.000000000000e+00,2.730796892379e+02,2.757260437012e+02,0.000000000000e+00,3.333333333290e-03,6.149811131570e+04,5.550353268981e+04,1.090000000000e+02
1.239000000000e+03,1.033327626242e+08,1.594571917650e+05,1.079664598991e+06,4.864864177274e-01,3.668348883943e+02,-5.913750962815e-05,-6.445988549468e-03,0.000000000000e+00,1.015206967395e+05,-4.058176137058e+03,1.688362490842e-02,1.840315115017e+00,3.369341971736e-03,3.672582749192e-01,0.000000000000e+00,0.000000000000e+00,2.730661319998e+02,2.760657348633e+02,0.000000000000e+00,1.851851851823e-03,1.015206967395e+05,5.550350079878e+04,1.090000000000e+02
1.240000000000e+03,1.033354086536e+08,1.747423761575e+05,9.694816199846e+05,4.361552901962e-01,3.674100040153e+02,-1.178970683149e-04,-1.285078044632e-02,0.000000000000e+00,9.825900670142e+04,-2.646025172997e+03,1.833027439293e-02,1.997999908829e+00,8.750985831711e-04,9.538574556565e-02,0.000000000000e+00,0.000000000000e+00,2.730600394736e+02,2.761352539062e+02,0.000000000000e+00,6.296296296272e-03,9.825900670142e+04,5.550348628389e+04,1.090000000000e+02
1.241000000000e+03,1.033373421650e+08,1.885337690321e+05,8.580804857171e+05,3.854492603583e-01,3.679707303290e+02,-1.238090151934e-04,-1.349518265608e-02,0.000000000000e+00,1.173661385039e+05,-1.933509727281e+03,1.853757976600e-02,2.020596194494e+00,3.461375494415e-03,3.772899288912e-01,0.000000000000e+00,0.000000000000e+00,2.730596785134e+02,2.759951782227e+02,0.000000000000e+00,9.444444444417e-03,1.173661385039e+05,5.550348552044e+04,1.090000000000e+02
1.242000000000e+03,1.033388426906e+08,2.004892360328e+05,7.402957253661e+05,3.320607749057e-01,3.685021868262e+02,-1.427212556615e-04,-1.555661686710e-02,0.000000000000e+00,1.368365189249e+05,-1.500527418494e+03,1.961165619081e-02,2.137670524798e+00,5.230576207939e-03,5.701328066654e-01,0.000000000000e+00,0.000000000000e+00,2.730568412041e+02,2.762627258301e+02,0.000000000000e+00,7.314814814799e-03,1.368365189249e+05,5.550347845581e+04,1.090000000000e+02
1.243000000000e+03,1.033399833797e+08,2.118050783752e+05,6.183057525876e+05,2.769627781552e-01,3.690066209413e+02,-1.520856157589e-04,-1.657733211772e-02,0.000000000000e+00,1.332525086304e+05,-1.140694132665e+03,2.031610893204e-02,2.214455873592e+00,3.768513094399e-03,4.107679272895e-01,0.000000000000e+00,0.000000000000e+00,2.730545310383e+02,2.762880859375e+02,0.000000000000e+00,5.555555555549e-03,1.332525086304e+05,5.550347267522e+04,1.090000000000e+02
1.244000000000e+03,1.033408830362e+08,2.225533665552e+05,4.974029402825e+05,2.225312414673e-01,3.694616797342e+02,-1.666399532525e-04,-1.816375490452e-02,0.000000000000e+00,1.280024481298e+05,-8.996567254157e+02,2.015097193621e-02,2.196455941047e+00,2.932201903795e-03,3.196100075137e-01,0.000000000000e+00,0.000000000000e+00,2.730529468577e+02,2.766585998535e+02,0.000000000000e+00,4.259259259258e-03,1.280024481298e+05,5.550346884724e+04,1.090000000000e+02
1.245000000000e+03,1.033415044741e+08,2.330022100038e+05,3.615792917670e+05,1.616410451725e-01,3.697459369518e+02,-2.492519137243e-04,-2.716845859595e-02,0.000000000000e+00,1.376064485261e+05,-6.214257953185e+02,2.269988739376e-02,2.474287725920e+00,1.875271732650e-03,2.044046188588e-01,0.000000000000e+00,0.000000000000e+00,2.730513000562e+02,2.772521362305e+02,0.000000000000e+00,7.129629629650e-03,1.376064485261e+05,5.550346378111e+04,1.090000000000e+02
1.246000000000e+03,1.033418408909e+08,2.428865764801e+05,2.152174617591e+05,9.620018835453e-02,3.697867730485e+02,-2.851062674636e-04,-3.107658315353e-02,0.000000000000e+00,1.455587154155e+05,-3.364125400311e+02,2.447761835435e-02,2.668060400625e+00,1.271578685697e-03,1.386020767410e-01,0.000000000000e+00,0.000000000000e+00,2.730516192149e+02,2.768986206055e+02,0.000000000000e+00,1.138888888894e-02,1.455587154155e+05,5.550346619032e+04,1.090000000000e+02
1.247000000000e+03,1.033422512407e+08,2.518356385483e+05,7.020270431589e+04,3.143165732165e-02,3.691653912719e+02,-2.749120713490e-04,-2.996541577704e-02,0.000000000000e+00,1.461043951846e+05,-4.103464192505e+02,2.424476855837e-02,2.642679772863e+00,1.452244706499e-03,1.582946730084e-01,0.000000000000e+00,0.000000000000e+00,2.730533498671e+02,2.771823425293e+02,0.000000000000e+00,1.120370370375e-02,1.461043951846e+05,5.550347252532e+04,1.090000000000e+02
1.248000000000e+03,1.033437526916e+08,1.211848701375e+05,3.068666120462e+03,1.385343753144e-03,3.661133206556e+02,-3.839266487493e-04,-4.184800471367e-02,2.665552526626e-03,2.401468623596e+05,-1.353504298706e+03,1.123137378666e-02,1.224219742746e+00,6.866350955617e-03,7.484322541622e-01,0.000000000000e+00,0.000000000000e+00,2.736145970047e+02,2.772532348633e+02,1.111111111110e-03,1.203703703701e-03,2.401468623596e+05,5.550420689267e+04,1.090000000000e+02
1.249000000000e+03,1.033540316411e+08,6.442997403865e+04,2.605291831212e+01,1.188470539891e-05,3.624751755412e+02,4.618840847586e-04,5.034536523869e-02,-5.776742914336e-02,9.129494427659e+04,-1.348533062867e+04,5.081923681267e-04,5.539296812581e-02,7.367102769927e-03,8.030142019220e-01,0.000000000000e+00,0.000000000000e+00,2.779940019520e+02,2.775728149414e+02,2.925925925923e-02,1.527777777778e-02,9.129494427659e+04,5.550205065921e+04,1.090000000000e+02
1.250000000000e+03,1.033528959151e+08,4.268971110325e+04,5.970168470411e-01,2.746508500579e-07,3.600938605621e+02,1.104466776999e-03,1.203868786929e-01,-1.250637802936e-01,2.900347539622e+04,-5.805569921187e+03,4.250030700106e-06,4.632533463116e-04,2.113128675091e-03,2.303310255849e-01,0.000000000000e+00,0.000000000000e+00,2.791217859514e+02,2.781106567383e+02,4.731481481477e-02,5.120370370368e-02,2.900347539622e+04,5.549888566270e+04,1.090000000000e+02
1.251000000000e+03,1.033521343916e+08,2.567208346226e+04,4.220464366344e-01,1.934245996805e-07,3.604827997823e+02,1.244314547676e-03,1.356302856967e-01,-1.401681449744e-01,2.410656704829e+04,-7.017664958338e+03,2.939410423307e-08,3.203957361405e-06,2.290269304541e-03,2.496393541950e-01,0.000000000000e+00,0.000000000000e+00,2.800611276640e+02,2.785783386230e+02,6.537037037031e-02,7.027777777774e-02,2.410656704829e+04,5.549574587243e+04,1.090000000000e+02
1.252000000000e+03,1.033609129636e+08,1.404034017622e+04,4.175805583742e-01,1.909838269549e-07,3.610425021918e+02,1.375794386205e-03,1.499615880964e-01,-1.531424477961e-01,2.067245766856e+04,-1.727749638568e+04,7.413555157943e-10,8.080775122158e-08,4.321625353096e-03,4.710571634874e-01,0.000000000000e+00,0.000000000000e+00,2.804326271654e+02,2.790574340820e+02,8.129629629622e-02,5.879629629628e-02,2.067245766856e+04,5.549462826745e+04,1.090000000000e+02
1.253000000000e+03,1.033664680765e+08,6.521948824177e+03,4.172268064720e-01,1.904737198840e-07,3.616479755540e+02,1.570884502996e-03,1.712264108266e-01,-1.725304228358e-01,1.894748650831e+04,-1.512970644839e+04,5.110650518183e-11,5.570609064820e-09,4.378738704295e-03,4.772825187682e-01,0.000000000000e+00,0.000000000000e+00,2.810931017327e+02,2.794629516602e+02,9.583333333325e-02,5.888888888888e-02,1.894748650831e+04,5.549200346981e+04,1.090000000000e+02
1.254000000000e+03,1.033675854930e+08,2.097845589835e+03,4.172061949039e-01,1.901257046237e-07,3.600194709651e+02,1.618944205254e-03,1.764649183726e-01,-1.773284611717e-01,1.421556628535e+04,-1.095795603082e+04,2.480696900765e-12,2.703959621834e-10,3.422487983302e-03,3.730511901799e-01,0.000000000000e+00,0.000000000000e+00,2.813601821479e+02,2.796016235352e+02,1.080555555555e-01,7.055555555554e-02,1.421556628535e+04,5.549102376618e+04,1.090000000000e+02
1.255000000000e+03,1.033677751613e+08,3.855533684627e+01,4.172187815663e-01,1.897783533022e-07,3.607698463664e+02,1.560799745022e-03,1.701271722074e-01,-1.704719670876e-01,1.177252889445e+04,-9.649749030430e+03,0.000000000000e+00,0.000000000000e+00,3.198023621160e-03,3.485845747065e-01,0.000000000000e+00,0.000000000000e+00,2.810618419240e+02,2.791690673828e+02,1.208333333333e-01,8.249999999998e-02,1.177252889445e+04,5.549259055893e+04,1.090000000000e+02
1.256000000000e+03,1.033673860678e+08,3.734584007595e+01,4.172071497170e-01,1.894337504175e-07,3.615738917004e+02,1.532634116736e-03,1.670571187243e-01,-1.669773446800e-01,8.460475339428e+03,-8.877053684292e+03,0.000000000000e+00,0.000000000000e+00,2.866858217971e-03,3.124875457589e-01,0.000000000000e+00,0.000000000000e+00,2.814189992654e+02,2.793969116211e+02,1.327777777778e-01,9.277777777775e-02,8.460475339428e+03,5.549100060258e+04,1.090000000000e+02
1.257000000000e+03,1.033609877242e+08,3.210890389650e+01,4.171956640275e-01,1.890926842788e-07,3.623340917599e+02,1.573653517647e-03,1.715282334235e-01,-1.714273365725e-01,7.503198065767e+03,-3.114491139563e+03,0.000000000000e+00,0.000000000000e+00,1.755453040687e-03,1.913443814349e-01,0.000000000000e+00,0.000000000000e+00,2.817477849586e+02,2.798356933594e+02,1.431481481481e-01,1.147222222222e-01,7.503198065767e+03,5.548946297177e+04,1.090000000000e+02
1.258000000000e+03,1.033550897510e+08,2.946003182788e+01,4.171531983535e-01,1.887547989158e-07,3.630694935903e+02,1.598246958097e-03,1.742089184325e-01,-1.741056034153e-01,5.792416983268e+03,-3.762889336249e+03,0.000000000000e+00,0.000000000000e+00,1.580375747534e-03,1.722609564812e-01,0.000000000000e+00,0.000000000000e+00,2.828640540586e+02,2.808309326172e+02,1.536111111111e-01,1.341666666666e-01,5.792416983268e+03,5.548382365275e+04,1.090000000000e+02
1.259000000000e+03,1.033538980972e+08,2.797834838431e+01,4.171355104867e-01,1.884199418301e-07,3.637880258737e+02,1.626156585348e-03,1.772510678030e-01,-1.771437909218e-01,5.321447261864e+03,-8.637109180858e+03,0.000000000000e+00,0.000000000000e+00,2.308796455312e-03,2.516588136291e-01,0.000000000000e+00,0.000000000000e+00,2.832993345031e+02,2.810282287598e+02,1.643518518518e-01,1.435185185185e-01,5.321447261864e+03,5.548146800213e+04,1.090000000000e+02
1.260000000000e+03,1.033643090941e+08,3.279696707213e+01,4.171418430092e-01,1.880880196834e-07,3.644938360729e+02,1.631895366482e-03,1.778765949465e-01,-1.777625368098e-01,5.647801834842e+03,-2.027393699416e+04,0.000000000000e+00,0.000000000000e+00,4.288128469745e-03,4.674060032022e-01,0.000000000000e+00,0.000000000000e+00,2.831472032180e+02,2.809876098633e+02,1.748148148148e-01,1.300000000000e-01,5.647801834842e+03,5.548230067310e+04,1.090000000000e+02
1.261000000000e+03,1.033792911851e+08,3.800899277829e+01,4.171298400876e-01,1.877589611316e-07,3.651893998999e+02,1.745163529564e-03,1.902228247224e-01,-1.900876953307e-01,7.813176302529e+03,-2.552880770740e+04,0.000000000000e+00,0.000000000000e+00,5.515407408389e-03,6.011794075144e-01,0.000000000000e+00,0.000000000000e+00,2.834386422357e+02,2.814077453613e+02,1.847222222222e-01,1.076851851851e-01,7.813176302529e+03,5.548069522448e+04,1.090000000000e+02
1.262000000000e+03,1.033875935181e+08,4.009490927168e+01,4.171405143686e-01,1.874327115681e-07,3.658763305103e+02,1.819349889563e-03,1.983091379623e-01,-1.981616823750e-01,9.045303849142e+03,-1.929698479078e+04,0.000000000000e+00,0.000000000000e+00,4.688276172955e-03,5.110221028521e-01,0.000000000000e+00,0.000000000000e+00,2.831830189860e+02,2.810485839844e+02,1.938888888888e-01,9.777777777775e-02,9.045303849142e+03,5.548210438167e+04,1.090000000000e+02
1.263000000000e+03,1.033854475229e+08,3.603908858431e+01,4.171275474791e-01,1.871092178927e-07,3.665557474345e+02,1.852978698402e-03,2.019746781259e-01,-2.018244375752e-01,8.830159552423e+03,-9.051850612170e+03,0.000000000000e+00,0.000000000000e+00,2.957589770238e-03,3.223772849560e-01,0.000000000000e+00,0.000000000000e+00,2.834946627712e+02,2.814255371094e+02,2.012037037036e-01,1.095370370370e-01,8.830159552423e+03,5.548038268804e+04,1.090000000000e+02
1.264000000000e+03,1.033803246219e+08,3.271915741519e+01,4.171264958996e-01,1.867884328006e-07,3.672284657330e+02,1.781695178924e-03,1.942047745028e-01,-1.940679130617e-01,7.036888693891e+03,-5.644383280237e+03,0.000000000000e+00,0.000000000000e+00,2.097652000857e-03,2.286440680934e-01,0.000000000000e+00,0.000000000000e+00,2.835190545172e+02,2.815067443848e+02,2.094444444444e-01,1.262037037037e-01,7.036888693891e+03,5.548024713764e+04,1.090000000000e+02
1.265000000000e+03,1.033822520608e+08,3.302473899215e+01,4.171018072539e-01,1.864703116524e-07,3.678951016581e+02,1.750702039215e-03,1.908265222744e-01,-1.906928311495e-01,6.616748225691e+03,-1.250715004229e+04,0.000000000000e+00,0.000000000000e+00,3.163688327903e-03,3.448420277414e-01,0.000000000000e+00,0.000000000000e+00,2.840930385315e+02,2.821379394531e+02,2.194444444444e-01,1.287037037037e-01,6.616748225691e+03,5.547696771340e+04,1.090000000000e+02
1.266000000000e+03,1.033836485342e+08,3.229341889597e+01,4.170964624036e-01,1.861548122796e-07,3.685561356840e+02,1.708852267136e-03,1.862648971178e-01,-1.861343713087e-01,6.680518239492e+03,-1.172291735641e+04,0.000000000000e+00,0.000000000000e+00,3.044449853839e-03,3.318450340684e-01,0.000000000000e+00,0.000000000000e+00,2.842150759566e+02,2.824451293945e+02,2.293518518518e-01,1.325000000000e-01,6.680518239492e+03,5.547625523920e+04,1.090000000000e+02
1.267000000000e+03,1.033766202895e+08,2.769631937315e+01,4.170939842397e-01,1.858418937756e-07,3.692119521148e+02,1.569554252961e-03,1.710814135727e-01,-1.709677571786e-01,5.769294155639e+03,-2.456689181040e+03,0.000000000000e+00,0.000000000000e+00,1.360599589414e-03,1.483053552461e-01,0.000000000000e+00,0.000000000000e+00,2.842709771048e+02,2.823237609863e+02,2.388888888888e-01,1.522222222222e-01,5.769294155639e+03,5.547592800873e+04,1.090000000000e+02
1.268000000000e+03,1.033695562633e+08,2.528102987179e+01,4.170973444862e-01,1.855315169600e-07,3.698628650510e+02,1.429312539535e-03,1.557950668093e-01,-1.556990001720e-01,4.512475665543e+03,-1.573823918796e+03,0.000000000000e+00,0.000000000000e+00,1.006955664824e-03,1.097581674658e-01,0.000000000000e+00,0.000000000000e+00,2.841939822433e+02,2.824651489258e+02,2.449074074074e-01,1.710185185185e-01,4.512475665543e+03,5.547638071930e+04,1.090000000000e+02
1.269000000000e+03,1.033777322983e+08,2.937372690403e+01,4.170965209985e-01,1.852236424993e-07,3.705091360239e+02,1.450996015310e-03,1.581585656688e-01,-1.580562268238e-01,4.745400497642e+03,-1.694467336892e+04,0.000000000000e+00,0.000000000000e+00,3.588542152333e-03,3.911510946043e-01,0.000000000000e+00,0.000000000000e+00,2.842124272534e+02,2.821457519531e+02,2.510185185185e-01,1.603703703704e-01,4.745400497642e+03,5.547627173279e+04,1.090000000000e+02
1.270000000000e+03,1.033881651453e+08,3.141388214862e+01,4.170843626757e-01,1.849182366538e-07,3.711509863315e+02,1.639697932901e-03,1.787270746862e-01,-1.786014319785e-01,6.029960576196e+03,-2.034115477363e+04,0.000000000000e+00,0.000000000000e+00,4.362587105257e-03,4.755219944730e-01,0.000000000000e+00,0.000000000000e+00,2.844859727278e+02,2.825447692871e+02,2.599074074074e-01,1.464814814815e-01,6.029960576196e+03,5.547465261305e+04,1.090000000000e+02
1.271000000000e+03,1.033854278074e+08,2.847762770229e+01,4.170623736123e-01,1.846152592661e-07,3.717886058914e+02,1.693639172284e-03,1.846066697789e-01,-1.844799021285e-01,5.788291523663e+03,-7.496681177336e+03,0.000000000000e+00,0.000000000000e+00,2.197724562993e-03,2.395519773662e-01,0.000000000000e+00,0.000000000000e+00,2.849695487407e+02,2.828715820313e+02,2.697222222222e-01,1.568518518518e-01,5.788291523663e+03,5.547173213066e+04,1.090000000000e+02
1.272000000000e+03,1.033919743115e+08,3.191716121933e+01,4.170842134096e-01,1.843146786479e-07,3.724221597363e+02,1.656994301002e-03,1.806123788092e-01,-1.804872533218e-01,5.557514106805e+03,-1.655899781774e+04,0.000000000000e+00,0.000000000000e+00,3.659348218385e-03,3.988689558040e-01,0.000000000000e+00,0.000000000000e+00,2.844897836935e+02,2.822342224121e+02,2.754629629629e-01,1.500925925926e-01,5.557514106805e+03,5.547463067079e+04,1.090000000000e+02
1.273000000000e+03,1.034039736340e+08,3.492287631786e+01,4.171090509824e-01,1.840164616409e-07,3.730517928721e+02,1.639555957288e-03,1.787115993444e-01,-1.785778346106e-01,7.063171889166e+03,-2.190642860203e+04,0.000000000000e+00,0.000000000000e+00,4.792495033899e-03,5.223819586950e-01,0.000000000000e+00,0.000000000000e+00,2.839286208362e+02,2.820247192383e+02,2.803703703703e-01,1.317592592592e-01,7.063171889166e+03,5.547792088817e+04,1.090000000000e+02
1.274000000000e+03,1.034060119562e+08,3.428149483533e+01,4.170721537839e-01,1.837205697829e-07,3.736776339744e+02,1.633473959552e-03,1.780486615911e-01,-1.779170925745e-01,7.374707771626e+03,-1.190862434015e+04,0.000000000000e+00,0.000000000000e+00,3.190055591510e-03,3.477160594746e-01,0.000000000000e+00,0.000000000000e+00,2.847573876164e+02,2.832162170410e+02,2.900000000000e-01,1.331481481481e-01,7.374707771626e+03,5.547302181678e+04,1.090000000000e+02
1.275000000000e+03,1.034078959024e+08,3.461704691471e+01,4.170377839679e-01,1.834269727434e-07,3.742997982442e+02,1.703072537532e-03,1.856349065910e-01,-1.854995738019e-01,7.163821466718e+03,-1.217405201216e+04,0.000000000000e+00,0.000000000000e+00,3.199556364826e-03,3.487516437661e-01,0.000000000000e+00,0.000000000000e+00,2.854984398726e+02,2.837638244629e+02,2.965740740740e-01,1.353703703703e-01,7.163821466718e+03,5.546845438629e+04,1.090000000000e+02
1.276000000000e+03,1.034295543430e+08,4.669419400216e+01,4.170452848537e-01,1.831356398712e-07,3.749183896449e+02,1.786719608936e-03,1.947524373741e-01,-1.945979212668e-01,9.117858746309e+03,-3.245288693456e+04,0.000000000000e+00,0.000000000000e+00,6.878991933729e-03,7.498101207764e-01,0.000000000000e+00,0.000000000000e+00,2.853408976621e+02,2.838768920898e+02,3.016666666666e-01,9.592592592590e-02,9.117858746309e+03,5.546943695679e+04,1.090000000000e+02
1.277000000000e+03,1.034386235138e+08,6.821191664712e+01,4.170654262230e-01,1.828465372115e-07,3.755335026756e+02,1.979375896211e-03,2.157519726870e-01,-2.148208717311e-01,1.479391434472e+04,-2.098582541528e+04,0.000000000000e+00,0.000000000000e+00,5.929676424703e-03,6.463347302926e-01,0.000000000000e+00,0.000000000000e+00,2.849090299729e+02,2.833965148926e+02,3.101851851851e-01,8.101851851851e-02,1.479391434472e+04,5.547209829639e+04,1.090000000000e+02
1.278000000000e+03,1.034390099981e+08,5.404455671990e+01,4.170729328717e-01,1.825596353370e-07,3.761452237928e+02,1.946485639452e-03,2.121669347002e-01,-2.119889042502e-01,1.095707913902e+04,-1.214635826178e+04,0.000000000000e+00,0.000000000000e+00,3.820198542470e-03,4.164016411293e-01,0.000000000000e+00,0.000000000000e+00,2.847438941808e+02,2.832008056641e+02,3.179629629629e-01,8.759259259258e-02,1.095707913902e+04,5.547310094311e+04,1.090000000000e+02
1.279000000000e+03,1.034451741138e+08,1.560188164614e+02,4.170625126979e-01,1.822749011235e-07,3.767536325625e+02,2.001592164553e-03,2.181735459363e-01,-2.177103146983e-01,1.279391308375e+04,-1.824137390543e+04,0.000000000000e+00,0.000000000000e+00,5.153837773295e-03,5.617683172892e-01,0.000000000000e+00,0.000000000000e+00,2.849717121661e+02,2.836847839355e+02,3.227777777777e-01,7.675925925925e-02,1.279391308375e+04,5.547171433712e+04,1.090000000000e+02
1.280000000000e+03,1.034480931575e+08,1.248669224352e+02,4.170652236091e-01,1.819923113541e-07,3.773588026017e+02,1.987783755185e-03,2.166684293152e-01,-2.160845907835e-01,1.327471081255e+04,-1.490598484611e+04,0.000000000000e+00,0.000000000000e+00,4.660872514267e-03,5.080351040551e-01,0.000000000000e+00,0.000000000000e+00,2.849133428665e+02,2.836751708984e+02,3.341666666666e-01,7.648148148147e-02,1.327471081255e+04,5.547207168961e+04,1.090000000000e+02
1.281000000000e+03,1.034458811872e+08,4.335687436186e+01,4.170717028755e-01,1.817118342056e-07,3.779608023553e+02,1.944081564201e-03,2.119048904979e-01,-2.116074237669e-01,1.189950749033e+04,-9.526732266651e+03,0.000000000000e+00,0.000000000000e+00,3.532782459943e-03,3.850732881338e-01,0.000000000000e+00,0.000000000000e+00,2.847709038331e+02,2.835539245605e+02,3.461111111110e-01,9.083333333331e-02,1.189950749033e+04,5.547293786762e+04,1.090000000000e+02
1.282000000000e+03,1.034367590393e+08,3.747531064582e+01,4.170607038672e-01,1.814334409081e-07,3.785596957417e+02,1.863109165122e-03,2.030788989982e-01,-2.029190150101e-01,9.536483189257e+03,-2.134519837687e+03,0.000000000000e+00,0.000000000000e+00,1.930665966770e-03,2.104425903779e-01,0.000000000000e+00,0.000000000000e+00,2.850091675259e+02,2.836198730469e+02,3.574074074073e-01,1.162962962963e-01,9.536483189257e+03,5.547148788846e+04,1.090000000000e+02
1.283000000000e+03,1.034250067189e+08,3.125231279940e+01,4.170678347774e-01,1.811571039811e-07,3.791555426933e+02,1.689761615747e-03,1.841840161164e-01,-1.840489249010e-01,7.160853716593e+03,1.542511157118e+03,0.000000000000e+00,0.000000000000e+00,9.293721115086e-04,1.013015601544e-01,0.000000000000e+00,0.000000000000e+00,2.848530342513e+02,2.832793273926e+02,3.687037037036e-01,1.430555555555e-01,7.160853716593e+03,5.547244322069e+04,1.090000000000e+02
1.284000000000e+03,1.034148987923e+08,2.730421002332e+01,4.170607051159e-01,1.808827962885e-07,3.797483996127e+02,1.498680565275e-03,1.633561816150e-01,-1.632465186706e-01,5.385862482753e+03,1.052092843651e+03,0.000000000000e+00,0.000000000000e+00,7.170667566811e-04,7.816027647824e-02,0.000000000000e+00,0.000000000000e+00,2.850071554654e+02,2.832844848633e+02,3.795370370369e-01,1.662962962963e-01,5.385862482753e+03,5.547150313309e+04,1.090000000000e+02
1.285000000000e+03,1.034106411414e+08,2.641379712203e+01,4.170692987109e-01,1.806104911139e-07,3.803383197598e+02,1.388226324857e-03,1.513166694094e-01,-1.512187123317e-01,4.669174001508e+03,-4.130970155111e+03,0.000000000000e+00,0.000000000000e+00,1.456140909424e-03,1.587193591272e-01,0.000000000000e+00,0.000000000000e+00,2.848196423211e+02,2.829555969238e+02,3.902777777777e-01,1.778703703704e-01,4.669174001508e+03,5.547264766508e+04,1.090000000000e+02
1.286000000000e+03,1.034121595623e+08,2.699724175723e+01,4.170939521505e-01,1.803401623194e-07,3.809253535816e+02,1.299562681173e-03,1.416523322478e-01,-1.415589303285e-01,4.687572993815e+03,-9.371484827422e+03,0.000000000000e+00,0.000000000000e+00,2.326001067506e-03,2.535341163581e-01,0.000000000000e+00,0.000000000000e+00,2.842722337646e+02,2.824926147461e+02,4.006481481481e-01,1.787037037037e-01,4.687572993815e+03,5.547592195849e+04,1.090000000000e+02
1.287000000000e+03,1.034204619231e+08,3.009505896185e+01,4.170744602666e-01,1.800717843110e-07,3.815095489963e+02,1.337953681855e-03,1.458369513222e-01,-1.457358183222e-01,5.251924762236e+03,-1.638717198673e+04,0.000000000000e+00,0.000000000000e+00,3.580067655587e-03,3.902273744590e-01,0.000000000000e+00,0.000000000000e+00,2.847063514396e+02,2.827685852051e+02,4.105555555555e-01,1.667592592592e-01,5.251924762236e+03,5.547333266051e+04,1.090000000000e+02
1.288000000000e+03,1.034333650337e+08,3.444429916862e+01,4.170519655825e-01,1.798053317826e-07,3.820909516379e+02,1.488904149136e-03,1.622905522559e-01,-1.621706073068e-01,6.522337025146e+03,-2.189922384614e+04,0.000000000000e+00,0.000000000000e+00,4.702351151174e-03,5.125562754780e-01,0.000000000000e+00,0.000000000000e+00,2.851958405083e+02,2.836785278320e+02,4.201851851851e-01,1.462037037037e-01,6.522337025146e+03,5.547033973625e+04,1.090000000000e+02
1.289000000000e+03,1.034413849374e+08,3.622928410958e+01,4.170400565646e-01,1.795407803018e-07,3.826696050689e+02,1.641318537527e-03,1.789037205905e-01,-1.787664901901e-01,7.715032575047e+03,-1.793625951171e+04,0.000000000000e+00,0.000000000000e+00,4.244075978340e-03,4.626042816390e-01,0.000000000000e+00,0.000000000000e+00,2.854505302270e+02,2.839899291992e+02,4.302777777777e-01,1.350925925926e-01,7.715032575047e+03,5.546875410274e+04,1.090000000000e+02
1.290000000000e+03,1.034370011250e+08,3.218068404313e+01,4.170453694719e-01,1.792781053650e-07,3.832455509651e+02,1.605836819195e-03,1.750362132923e-01,-1.749075022221e-01,7.299889845893e+03,-5.318399168048e+03,0.000000000000e+00,0.000000000000e+00,2.087480339393e-03,2.275353569938e-01,0.000000000000e+00,0.000000000000e+00,2.853378135829e+02,2.839898071289e+02,4.404629629629e-01,1.477777777777e-01,7.299889845893e+03,5.546945899898e+04,1.090000000000e+02
1.291000000000e+03,1.034321646589e+08,3.028201057450e+01,4.170425889771e-01,1.790172832961e-07,3.838188292780e+02,1.458123967555e-03,1.589355124635e-01,-1.588267553134e-01,5.963429779669e+03,-3.973754281952e+03,0.000000000000e+00,0.000000000000e+00,1.644209295014e-03,1.792188131565e-01,0.000000000000e+00,0.000000000000e+00,2.853961880767e+02,2.841086730957e+02,4.504629629629e-01,1.612037037037e-01,5.963429779669e+03,5.546909539229e+04,1.090000000000e+02
1.292000000000e+03,1.034387610354e+08,3.305089289983e+01,4.170602147710e-01,1.787582905822e-07,3.843894783770e+02,1.454253530440e-03,1.585136348179e-01,-1.584000707642e-01,6.191929266407e+03,-1.538307425259e+04,0.000000000000e+00,0.000000000000e+00,3.569786185517e-03,3.891066942214e-01,0.000000000000e+00,0.000000000000e+00,2.850182966603e+02,2.834442443848e+02,4.604629629629e-01,1.525925925926e-01,6.191929266407e+03,5.547143392736e+04,1.090000000000e+02
1.293000000000e+03,1.034417708602e+08,3.209168267354e+01,4.170870025560e-01,1.785011046229e-07,3.849575351756e+02,1.452600600830e-03,1.583334654905e-01,-1.582152968181e-01,6.795134735210e+03,-1.178672691348e+04,0.000000000000e+00,0.000000000000e+00,3.074030388059e-03,3.350693122984e-01,0.000000000000e+00,0.000000000000e+00,2.844291613486e+02,2.832254028320e+02,4.702777777777e-01,1.510185185185e-01,6.795134735210e+03,5.547499180905e+04,1.090000000000e+02
1.294000000000e+03,1.034346483023e+08,2.827490796549e+01,4.170952650831e-01,1.782457026381e-07,3.855230352426e+02,1.344032970634e-03,1.464995937991e-01,-1.463967693806e-01,5.718119243310e+03,-9.990552347392e+02,0.000000000000e+00,0.000000000000e+00,1.111147532354e-03,1.211150810266e-01,0.000000000000e+00,0.000000000000e+00,2.842429212666e+02,2.828412170410e+02,4.789814814814e-01,1.682407407407e-01,5.718119243310e+03,5.547609334453e+04,1.090000000000e+02
1.295000000000e+03,1.034297023927e+08,2.676838996894e+01,4.171105940549e-01,1.779920625920e-07,3.860860129016e+02,1.246988131480e-03,1.359217063314e-01,-1.358305079715e-01,4.856259993875e+03,-2.589722361898e+03,0.000000000000e+00,0.000000000000e+00,1.231913700312e-03,1.342785933340e-01,0.000000000000e+00,0.000000000000e+00,2.838919669229e+02,2.824974670410e+02,4.874999999999e-01,1.807407407407e-01,4.856259993875e+03,5.547813386677e+04,1.090000000000e+02
1.296000000000e+03,1.034426021567e+08,3.292899255279e+01,4.171230055786e-01,1.777401625846e-07,3.866465013195e+02,1.216608513614e-03,1.326103279840e-01,-1.325150889939e-01,5.491247962805e+03,-2.025168961727e+04,0.000000000000e+00,0.000000000000e+00,4.258860037404e-03,4.642157440770e-01,0.000000000000e+00,0.000000000000e+00,2.836030837997e+02,2.821470336914e+02,4.962962962962e-01,1.599074074074e-01,5.491247962805e+03,5.547977743870e+04,1.090000000000e+02
1.297000000000e+03,1.034695233082e+08,4.439888541791e+01,4.171277028675e-01,1.774899816817e-07,3.872045325858e+02,1.302056319627e-03,1.419241388393e-01,-1.418066541758e-01,8.790070645604e+03,-3.478873472459e+04,0.000000000000e+00,0.000000000000e+00,7.209243444328e-03,7.858075354317e-01,0.000000000000e+00,0.000000000000e+00,2.834939108772e+02,2.823159179688e+02,5.041666666666e-01,1.109259259259e-01,8.790070645604e+03,5.548038789093e+04,1.090000000000e+02
1.298000000000e+03,1.034913384695e+08,9.691285375991e+02,4.171257288381e-01,1.772414985919e-07,3.877601377839e+02,1.503334036192e-03,1.638634099449e-01,-1.624390273691e-01,1.904611352160e+04,-3.082748668222e+04,0.000000000000e+00,0.000000000000e+00,8.413141928947e-03,9.170324702552e-01,0.000000000000e+00,0.000000000000e+00,2.835433599961e+02,2.824949340820e+02,5.122222222221e-01,5.555555555560e-02,1.904611352160e+04,5.548010851384e+04,1.090000000000e+02
1.299000000000e+03,1.034937151213e+08,2.063758469344e+02,4.171132108235e-01,1.769946928825e-07,3.883133470554e+02,1.684750781711e-03,1.836378352065e-01,-1.810826045370e-01,2.291642175952e+04,-1.242318704953e+04,0.000000000000e+00,0.000000000000e+00,5.741180901427e-03,6.257887182555e-01,0.000000000000e+00,0.000000000000e+00,2.838388628172e+02,2.828835449219e+02,5.201851851851e-01,6.175925925926e-02,2.291642175952e+04,5.547843416492e+04,1.090000000000e+02
1.300000000000e+03,1.034854289669e+08,4.084267600391e+01,4.171413730914e-01,1.767495444217e-07,3.888641896581e+02,1.602049967728e-03,1.746234464824e-01,-1.743360746134e-01,1.114798785346e+04,-1.386202827639e+03,0.000000000000e+00,0.000000000000e+00,2.047923867135e-03,2.232237015177e-01,0.000000000000e+00,0.000000000000e+00,2.831680533206e+02,2.819721069336e+02,5.271296296296e-01,9.175925925924e-02,1.114798785346e+04,5.548218767798e+04,1.090000000000e+02
1.301000000000e+03,1.035025699531e+08,2.250017574332e+03,4.171545360295e-01,1.765060331668e-07,3.894126940189e+02,1.515604905495e-03,1.652009346990e-01,-1.636149107016e-01,1.934438757952e+04,-2.621895961852e+04,0.000000000000e+00,0.000000000000e+00,7.913859860943e-03,8.626107248428e-01,0.000000000000e+00,0.000000000000e+00,2.828435317538e+02,2.819758911133e+02,5.342592592592e-01,3.777777777784e-02,1.934438757952e+04,5.548393353984e+04,1.090000000000e+02
1.302000000000e+03,1.035099187386e+08,1.463012333473e+03,4.171443298393e-01,1.762641396971e-07,3.899588877816e+02,1.679723128448e-03,1.830898210009e-01,-1.762975267342e-01,4.689130866765e+04,-1.713049294565e+04,0.000000000000e+00,0.000000000000e+00,1.051831868890e-02,1.146496737090e+00,0.000000000000e+00,0.000000000000e+00,2.830997455005e+02,2.819118041992e+02,5.420370370370e-01,2.814814814819e-02,4.689130866765e+04,5.548256115879e+04,1.090000000000e+02
1.303000000000e+03,1.035066047332e+08,1.339531065162e+02,4.171443654570e-01,1.760238446074e-07,3.905027978507e+02,1.717078252895e-03,1.871615295655e-01,-1.846749640110e-01,2.101097578115e+04,-6.932386610288e+03,0.000000000000e+00,0.000000000000e+00,4.423594715200e-03,4.821718239568e-01,0.000000000000e+00,0.000000000000e+00,2.830987890263e+02,2.818783264160e+02,5.489814814814e-01,5.305555555556e-02,2.101097578115e+04,5.548256624153e+04,1.090000000000e+02
1.304000000000e+03,1.034996582873e+08,5.361340994652e+01,4.171502840725e-01,1.757851294094e-07,3.910444504308e+02,1.513727278399e-03,1.649962733455e-01,-1.647360867378e-01,1.075381421954e+04,-2.193721046214e+03,0.000000000000e+00,0.000000000000e+00,2.130007783403e-03,2.321708483909e-01,0.000000000000e+00,0.000000000000e+00,2.829507865922e+02,2.820270385742e+02,5.549074074074e-01,7.694444444443e-02,1.075381421954e+04,5.548336450324e+04,1.090000000000e+02
1.305000000000e+03,1.034953131016e+08,4.014541973084e+01,4.171653865177e-01,1.755479753647e-07,3.915838710640e+02,1.328077753460e-03,1.447604751271e-01,-1.446472483814e-01,9.726723894612e+03,-3.680579577979e+03,0.000000000000e+00,0.000000000000e+00,2.215688454807e-03,2.415100415740e-01,0.000000000000e+00,0.000000000000e+00,2.825687700461e+02,2.817007446289e+02,5.625925925925e-01,9.018518518516e-02,9.726723894612e+03,5.548537851563e+04,1.090000000000e+02
1.306000000000e+03,1.035062041659e+08,6.268072093820e+02,4.171652691201e-01,1.753123632213e-07,3.921210846628e+02,1.272124259085e-03,1.386615442402e-01,-1.383045656433e-01,1.194294911138e+04,-1.856503764422e+04,0.000000000000e+00,0.000000000000e+00,5.144657213562e-03,5.607676362783e-01,0.000000000000e+00,0.000000000000e+00,2.825717494050e+02,2.819637756348e+02,5.693518518518e-01,6.027777777780e-02,1.194294911138e+04,5.548536125876e+04,1.090000000000e+02
1.307000000000e+03,1.035100025122e+08,2.778487749379e+02,4.171638698953e-01,1.750782768220e-07,3.926561155413e+02,1.416611255997e-03,1.544106269037e-01,-1.526196395449e-01,2.055825948667e+04,-1.226661132997e+04,0.000000000000e+00,0.000000000000e+00,5.386195438480e-03,5.870953027944e-01,0.000000000000e+00,0.000000000000e+00,2.826092981876e+02,2.817910766602e+02,5.747222222222e-01,5.574074074075e-02,2.055825948667e+04,5.548516651439e+04,1.090000000000e+02
1.308000000000e+03,1.035120047127e+08,5.754054695475e+02,4.171788252559e-01,1.748456972886e-07,3.931889874436e+02,1.421803679997e-03,1.549766011197e-01,-1.540996518129e-01,1.506425148788e+04,-1.055269108873e+04,0.000000000000e+00,0.000000000000e+00,4.292837624378e-03,4.679193010572e-01,0.000000000000e+00,0.000000000000e+00,2.822199916352e+02,2.815087585449e+02,5.822222222222e-01,5.240740740743e-02,1.506425148788e+04,5.548715563718e+04,1.090000000000e+02
1.309000000000e+03,1.035120665324e+08,2.015627731341e+02,4.171816929305e-01,1.746146082758e-07,3.937197235704e+02,1.377099666481e-03,1.501038636465e-01,-1.487667019015e-01,1.742148735459e+04,-8.316593871885e+03,0.000000000000e+00,0.000000000000e+00,4.205990503639e-03,4.584529648966e-01,0.000000000000e+00,0.000000000000e+00,2.821436524326e+02,2.814277343750e+02,5.884259259258e-01,5.898148148148e-02,1.742148735459e+04,5.548753722856e+04,1.090000000000e+02
1.310000000000e+03,1.035172888083e+08,1.157541440448e+03,4.171799154536e-01,1.743849919116e-07,3.942483466029e+02,1.342636915180e-03,1.463474237546e-01,-1.450810288889e-01,1.755100480337e+04,-1.327253758831e+04,0.000000000000e+00,0.000000000000e+00,5.266049986120e-03,5.739994484871e-01,0.000000000000e+00,0.000000000000e+00,2.821909955055e+02,2.813230285645e+02,5.937037037036e-01,4.092592592597e-02,1.755100480337e+04,5.548730078153e+04,1.090000000000e+02
1.311000000000e+03,1.035211744175e+08,1.071277352981e+03,4.171961867185e-01,1.741568324576e-07,3.947748787262e+02,1.376701883096e-03,1.500605052575e-01,-1.467347804159e-01,2.898899282354e+04,-1.202776498514e+04,0.000000000000e+00,0.000000000000e+00,6.797855464338e-03,7.409662456128e-01,0.000000000000e+00,0.000000000000e+00,2.817495612730e+02,2.810931091309e+02,5.999074074073e-01,3.648148148152e-02,2.898899282354e+04,5.548945964640e+04,1.090000000000e+02
1.312000000000e+03,1.035212147582e+08,5.381383257608e+02,4.171997623640e-01,1.739301123402e-07,3.952993416498e+02,1.302865326554e-03,1.420123205944e-01,-1.399673776005e-01,2.100064912948e+04,-7.807165863751e+03,0.000000000000e+00,0.000000000000e+00,4.693503536284e-03,5.115918854550e-01,0.000000000000e+00,0.000000000000e+00,2.816492855361e+02,2.810392150879e+02,6.051851851851e-01,4.314814814817e-02,2.100064912948e+04,5.548993562436e+04,1.090000000000e+02
1.313000000000e+03,1.035263220599e+08,2.133018293087e+03,4.172055749114e-01,1.737048159977e-07,3.958217566273e+02,1.236094870934e-03,1.347343409319e-01,-1.319303491657e-01,2.813238122255e+04,-1.242822567787e+04,0.000000000000e+00,0.000000000000e+00,6.995348875226e-03,7.624930273996e-01,0.000000000000e+00,0.000000000000e+00,2.814839418992e+02,2.811347045898e+02,6.113888888888e-01,2.592592592599e-02,2.813238122255e+04,5.549070994004e+04,1.090000000000e+02
1.314000000000e+03,1.035259084519e+08,3.790484416797e+02,4.171939760642e-01,1.734809269508e-07,3.963421444749e+02,1.210325401316e-03,1.319254687435e-01,-1.287424941856e-01,3.121913152533e+04,-6.730386120187e+03,0.000000000000e+00,0.000000000000e+00,6.013477794132e-03,6.554690795604e-01,0.000000000000e+00,0.000000000000e+00,2.818113964054e+02,2.814194335938e+02,6.159259259258e-01,4.027777777779e-02,3.121913152533e+04,5.548916491454e+04,1.090000000000e+02
1.315000000000e+03,1.035191399862e+08,9.064552966183e+01,4.172150052619e-01,1.732584299301e-07,3.968605255886e+02,1.149224210340e-03,1.252654389271e-01,-1.249669219066e-01,1.179330833031e+04,-1.660697327337e+02,0.000000000000e+00,0.000000000000e+00,1.932306287013e-03,2.106213852845e-01,0.000000000000e+00,0.000000000000e+00,2.812081042437e+02,2.805650024414e+02,6.216666666666e-01,6.749999999999e-02,1.179330833031e+04,5.549196648350e+04,1.090000000000e+02
1.316000000000e+03,1.035155259575e+08,6.840496392506e+01,4.172184608810e-01,1.730373093521e-07,3.973769199599e+02,1.044029512057e-03,1.137992168142e-01,-1.136349790722e-01,1.017508373521e+04,-2.691881707723e+03,0.000000000000e+00,0.000000000000e+00,2.125067027985e-03,2.316323060503e-01,0.000000000000e+00,0.000000000000e+00,2.811036604945e+02,2.805459594727e+02,6.260185185184e-01,7.879629629628e-02,1.017508373521e+04,5.549243065731e+04,1.090000000000e+02
1.317000000000e+03,1.035093579959e+08,3.865784023667e+01,4.172237836024e-01,1.728175499664e-07,3.978913471912e+02,1.041045802898e-03,1.134739925159e-01,-1.133783134638e-01,9.491468240491e+03,-1.237721134148e+02,0.000000000000e+00,0.000000000000e+00,1.585587490109e-03,1.728290364219e-01,0.000000000000e+00,0.000000000000e+00,2.809405500747e+02,2.801643371582e+02,6.316666666666e-01,9.499999999997e-02,9.491468240491e+03,5.549314301271e+04,1.090000000000e+02
1.318000000000e+03,1.035099327805e+08,4.111126903966e+01,4.172182625256e-01,1.725991352945e-07,3.984038265096e+02,1.054692407463e-03,1.149614724134e-01,-1.148735968615e-01,8.984761217672e+03,-6.949494385596e+03,0.000000000000e+00,0.000000000000e+00,2.635530073308e-03,2.872727779906e-01,0.000000000000e+00,0.000000000000e+00,2.811075005957e+02,2.803503723145e+02,6.357407407406e-01,9.546296296293e-02,8.984761217672e+03,5.549241243599e+04,1.090000000000e+02
1.319000000000e+03,1.035130293014e+08,4.231283726940e+01,4.172346271736e-01,1.723820636999e-07,3.989143767806e+02,9.853303424005e-04,1.074010073216e-01,-1.073151409613e-01,1.030437316344e+04,-9.051859480543e+03,0.000000000000e+00,0.000000000000e+00,3.201003807063e-03,3.489094149699e-01,0.000000000000e+00,0.000000000000e+00,2.806000969025e+02,2.799125366211e+02,6.408333333332e-01,8.944444444442e-02,1.030437316344e+04,5.549458124258e+04,1.090000000000e+02
1.320000000000e+03,1.035098067205e+08,4.043677544248e+01,4.172350507947e-01,1.721662990469e-07,3.994230165203e+02,8.640673105585e-04,9.418333685088e-02,-9.410912875805e-02,9.875954681695e+03,-2.000011107347e+03,0.000000000000e+00,0.000000000000e+00,1.963686702758e-03,2.140418506006e-01,0.000000000000e+00,0.000000000000e+00,2.805858295274e+02,2.800462036133e+02,6.450925925925e-01,9.935185185182e-02,9.875954681695e+03,5.549464001448e+04,1.090000000000e+02
1.321000000000e+03,1.035068245084e+08,3.887887652980e+01,4.172502982075e-01,1.719518371094e-07,3.999297639072e+02,8.280659717405e-04,9.025919091972e-02,-9.018849925289e-02,9.159769493162e+03,-2.022891035371e+03,0.000000000000e+00,0.000000000000e+00,1.849056630891e-03,2.015471727671e-01,0.000000000000e+00,0.000000000000e+00,2.800732423298e+02,2.794725646973e+02,6.492592592592e-01,1.081481481481e-01,9.159769493162e+03,5.549666693883e+04,1.090000000000e+02
1.322000000000e+03,1.035135868488e+08,4.334268623831e+01,4.172597348539e-01,1.717386742223e-07,4.004346367938e+02,8.041363487242e-04,8.765086201094e-02,-8.758006794582e-02,9.505887852957e+03,-1.162281822852e+04,0.000000000000e+00,0.000000000000e+00,3.494185555436e-03,3.808662255425e-01,0.000000000000e+00,0.000000000000e+00,2.797336373419e+02,2.790285949707e+02,6.537037037037e-01,9.453703703701e-02,9.505887852957e+03,5.549791620060e+04,1.090000000000e+02
1.323000000000e+03,1.035213923883e+08,2.972935902324e+02,4.172698476006e-01,1.715267758089e-07,4.009376527165e+02,8.290689820430e-04,9.036851904269e-02,-9.004338830346e-02,1.275220291779e+04,-1.280284608451e+04,0.000000000000e+00,0.000000000000e+00,4.269392290648e-03,4.653637596806e-01,0.000000000000e+00,0.000000000000e+00,2.793433129674e+02,2.787380981445e+02,6.568518518518e-01,7.425925925927e-02,1.275220291779e+04,5.549925725566e+04,1.090000000000e+02
1.324000000000e+03,1.035215338520e+08,1.107036215260e+02,4.172762817639e-01,1.713161393663e-07,4.014388289061e+02,8.436030252291e-04,9.195272974997e-02,-9.155966037988e-02,1.278321138209e+04,-5.223019634277e+03,0.000000000000e+00,0.000000000000e+00,2.949259437416e-03,3.214692786784e-01,0.000000000000e+00,0.000000000000e+00,2.790767756967e+02,2.783651733398e+02,6.601851851852e-01,7.787037037036e-02,1.278321138209e+04,5.550011202875e+04,1.090000000000e+02
1.325000000000e+03,1.035161270582e+08,3.990911899823e+01,4.172863479156e-01,1.711067494675e-07,4.019381822973e+02,7.908192824325e-04,8.619930178515e-02,-8.609524084461e-02,1.025412777624e+04,6.284224039926e+02,0.000000000000e+00,0.000000000000e+00,1.580387225864e-03,1.722622076192e-01,0.000000000000e+00,0.000000000000e+00,2.786236034198e+02,2.781217346191e+02,6.633333333333e-01,9.574074074071e-02,1.025412777624e+04,5.550145127419e+04,1.090000000000e+02
1.326000000000e+03,1.035095089050e+08,3.714571057046e+01,4.172935302692e-01,1.708985947906e-07,4.024357295373e+02,6.882252163049e-04,7.501654857724e-02,-7.495843696648e-02,8.665435121604e+03,2.457801762443e+03,0.000000000000e+00,0.000000000000e+00,1.026178180746e-03,1.118534217013e-01,0.000000000000e+00,0.000000000000e+00,2.782630025147e+02,2.777251586914e+02,6.656481481481e-01,1.115740740740e-01,8.665435121604e+03,5.550240748678e+04,1.090000000000e+02
1.327000000000e+03,1.035113459742e+08,3.929909624284e+01,4.172864077923e-01,1.706916920517e-07,4.029314869949e+02,7.014510796396e-04,7.645816768072e-02,-7.639920146398e-02,8.465299056826e+03,-6.077384764948e+03,0.000000000000e+00,0.000000000000e+00,2.404761860196e-03,2.621190427614e-01,0.000000000000e+00,0.000000000000e+00,2.786225604725e+02,2.779897155762e+02,6.673148148148e-01,1.089814814814e-01,8.465299056826e+03,5.550145324027e+04,1.090000000000e+02
1.328000000000e+03,1.035159537490e+08,4.105875591635e+01,4.172961983385e-01,1.704860769916e-07,4.034254707681e+02,7.547961269109e-04,8.227277783329e-02,-8.220695576325e-02,9.546557025335e+03,-9.170451302716e+03,0.000000000000e+00,0.000000000000e+00,3.094755247142e-03,3.373283219385e-01,0.000000000000e+00,0.000000000000e+00,2.781367576629e+02,2.776170043945e+02,6.696296296296e-01,9.990740740738e-02,9.546557025335e+03,5.550271693724e+04,1.090000000000e+02
1.329000000000e+03,1.035196227511e+08,4.284382277475e+01,4.173005496586e-01,1.702816344859e-07,4.039176966922e+02,7.281952141021e-04,7.937327833713e-02,-7.930904637670e-02,1.005864895120e+04,-8.070899673504e+03,0.000000000000e+00,0.000000000000e+00,2.997587574166e-03,3.267370455841e-01,0.000000000000e+00,0.000000000000e+00,2.779001948650e+02,2.773967285156e+02,6.716666666666e-01,9.194444444443e-02,1.005864895120e+04,5.550326637825e+04,1.090000000000e+02
1.330000000000e+03,1.035183227355e+08,4.057578475121e+01,4.172993866853e-01,1.700783134194e-07,4.044081803471e+02,6.860228006120e-04,7.477648526671e-02,-7.471661219668e-02,1.026464754748e+04,-2.847009697393e+03,0.000000000000e+00,0.000000000000e+00,2.167442465645e-03,2.362512287553e-01,0.000000000000e+00,0.000000000000e+00,2.779722582888e+02,2.774201660156e+02,6.736111111111e-01,9.740740740738e-02,1.026464754748e+04,5.550310434822e+04,1.090000000000e+02
1.331000000000e+03,1.035127341003e+08,3.793228854960e+01,4.173020095004e-01,1.698761404816e-07,4.048969370646e+02,6.309147423696e-04,6.876970691829e-02,-6.871713787805e-02,8.926447447052e+03,1.774598133152e+03,0.000000000000e+00,0.000000000000e+00,1.182195576951e-03,1.288593178877e-01,0.000000000000e+00,0.000000000000e+00,2.778155702565e+02,2.773899841309e+02,6.751851851851e-01,1.114814814814e-01,8.926447447052e+03,5.550345372786e+04,1.090000000000e+02
1.332000000000e+03,1.035147540879e+08,3.996158689861e+01,4.172989171947e-01,1.696751536234e-07,4.053839819347e+02,6.022922049886e-04,6.564985034376e-02,-6.559946424031e-02,8.755481351879e+03,-5.660977275908e+03,0.000000000000e+00,0.000000000000e+00,2.383740818741e-03,2.598277492428e-01,0.000000000000e+00,0.000000000000e+00,2.780028804385e+02,2.776781311035e+02,6.762037037037e-01,1.080555555555e-01,8.755481351879e+03,5.550303462031e+04,1.090000000000e+02
1.333000000000e+03,1.035306549124e+08,8.440774805079e+02,4.173137965478e-01,1.694752830854e-07,4.058693298123e+02,6.258764223703e-04,6.822053003837e-02,-6.788585404027e-02,1.349254438424e+04,-1.966877135225e+04,0.000000000000e+00,0.000000000000e+00,5.617231243664e-03,6.122782055593e-01,0.000000000000e+00,0.000000000000e+00,2.769564519847e+02,2.766098327637e+02,6.779629629629e-01,6.490740740744e-02,1.349254438424e+04,5.550500962317e+04,1.090000000000e+02
1.334000000000e+03,1.035392133643e+08,1.190583556960e+03,4.173164038597e-01,1.692765530099e-07,4.063529953234e+02,6.663857800628e-04,7.263605002685e-02,-7.115306654247e-02,2.660145734993e+04,-1.250782077787e+04,0.000000000000e+00,0.000000000000e+00,6.535150019550e-03,7.123313521309e-01,0.000000000000e+00,0.000000000000e+00,2.766989462585e+02,2.765415649414e+02,6.794444444444e-01,4.212962962968e-02,2.660145734993e+04,5.550535443478e+04,1.090000000000e+02
1.335000000000e+03,1.035383882665e+08,3.372967667473e+02,4.173171849768e-01,1.690789468145e-07,4.068349928710e+02,6.402798177205e-04,6.979050013153e-02,-6.879946861339e-02,1.919213140658e+04,-2.993648853313e+03,0.000000000000e+00,0.000000000000e+00,3.535071736459e-03,3.853228192741e-01,0.000000000000e+00,0.000000000000e+00,2.766122251585e+02,2.764434814453e+02,6.797222222222e-01,5.333333333335e-02,1.919213140658e+04,5.550545850889e+04,1.090000000000e+02
1.336000000000e+03,1.035322741454e+08,8.575337048358e+01,4.173212510099e-01,1.688824542627e-07,4.073153366408e+02,5.577237460055e-04,6.079188831460e-02,-6.061698267167e-02,1.097703630157e+04,2.749528865323e+03,0.000000000000e+00,0.000000000000e+00,1.319918819777e-03,1.438711513557e-01,0.000000000000e+00,0.000000000000e+00,2.759955394266e+02,2.759356079102e+02,6.798148148148e-01,7.546296296296e-02,1.097703630157e+04,5.550599940826e+04,1.090000000000e+02
1.337000000000e+03,1.035429488612e+08,2.474479211490e+03,4.173226090167e-01,1.686870633498e-07,4.077940406064e+02,5.617965258282e-04,6.123582131527e-02,-6.034435367615e-02,2.057231972170e+04,-1.402419589505e+04,0.000000000000e+00,0.000000000000e+00,6.121271325659e-03,6.672185744968e-01,0.000000000000e+00,0.000000000000e+00,2.754918198009e+02,2.754302673340e+02,6.796296296296e-01,3.407407407413e-02,2.057231972170e+04,5.550617987103e+04,1.090000000000e+02
1.338000000000e+03,1.035468898690e+08,1.178669754593e+03,4.173217826584e-01,1.684927637293e-07,4.082711185349e+02,6.242231464158e-04,6.804032295933e-02,-6.564442485381e-02,3.931801582254e+04,-7.584676419642e+03,0.000000000000e+00,0.000000000000e+00,7.560096138230e-03,8.240504790671e-01,0.000000000000e+00,0.000000000000e+00,2.758644426775e+02,2.757243041992e+02,6.787037037037e-01,3.027777777783e-02,3.931801582254e+04,5.550606955476e+04,1.090000000000e+02
1.339000000000e+03,1.035485898948e+08,1.906515046758e+03,4.173226325302e-01,1.682995445412e-07,4.087465839916e+02,5.988192419696e-04,6.527129737469e-02,-6.370445517226e-02,2.764666486046e+04,-5.236012559161e+03,0.000000000000e+00,0.000000000000e+00,5.569677717862e-03,6.070948712469e-01,0.000000000000e+00,0.000000000000e+00,2.754827250136e+02,2.753952331543e+02,6.774074074074e-01,2.398148148155e-02,2.764666486046e+04,5.550618251005e+04,1.090000000000e+02
1.340000000000e+03,1.035463383709e+08,3.541920559221e+02,4.173221039953e-01,1.681073941581e-07,4.092204503450e+02,5.339709078929e-04,5.820282896033e-02,-5.695958435425e-02,2.496415940813e+04,-9.100858367809e+02,0.000000000000e+00,0.000000000000e+00,4.031443849537e-03,4.394273795995e-01,0.000000000000e+00,0.000000000000e+00,2.757673719029e+02,2.759801940918e+02,6.763888888888e-01,3.990740740742e-02,2.496415940813e+04,5.550611197384e+04,1.090000000000e+02
1.341000000000e+03,1.035417753205e+08,1.338019544894e+02,4.173222274557e-01,1.679163014944e-07,4.096927307714e+02,5.371730343792e-04,5.855186074733e-02,-5.839594429086e-02,1.090059800280e+04,1.321717471313e+03,0.000000000000e+00,0.000000000000e+00,1.548245587198e-03,1.687587690046e-01,0.000000000000e+00,0.000000000000e+00,2.757193641949e+02,2.755638122559e+02,6.750000000000e-01,5.564814814815e-02,1.090059800280e+04,5.550612877633e+04,1.090000000000e+02
1.342000000000e+03,1.035455767825e+08,1.278158188565e+03,4.173225521499e-01,1.677262571131e-07,4.101634382594e+02,5.371523059980e-04,5.854960135379e-02,-5.797882090288e-02,1.597227919075e+04,-7.019645724540e+03,0.000000000000e+00,0.000000000000e+00,3.994590263085e-03,4.354103386763e-01,0.000000000000e+00,0.000000000000e+00,2.751818347376e+02,2.752113037109e+02,6.745370370370e-01,3.509259259264e-02,1.597227919075e+04,5.550617226741e+04,1.090000000000e+02
1.343000000000e+03,1.035453236094e+08,5.713569459494e+02,4.173226210335e-01,1.675372506436e-07,4.106325856141e+02,5.031707406752e-04,5.484561073360e-02,-5.383910059483e-02,2.203059952115e+04,-2.735229519134e+03,0.000000000000e+00,0.000000000000e+00,3.985819191148e-03,4.344542918351e-01,0.000000000000e+00,0.000000000000e+00,2.752431840403e+02,2.754689636230e+02,6.737962962963e-01,4.120370370373e-02,2.203059952115e+04,5.550618155000e+04,1.090000000000e+02
1.344000000000e+03,1.035439209856e+08,4.801217866365e+02,4.173218027512e-01,1.673492713018e-07,4.111001854615e+02,4.750472748622e-04,5.178015295998e-02,-5.136576258826e-02,1.392332001248e+04,-1.448486588704e+03,0.000000000000e+00,0.000000000000e+00,2.529445465006e-03,2.757095556857e-01,0.000000000000e+00,0.000000000000e+00,2.748792057546e+02,2.750495300293e+02,6.725000000000e-01,4.564814814817e-02,1.392332001248e+04,5.550607327248e+04,1.090000000000e+02
1.345000000000e+03,1.035409922904e+08,1.757602579817e+02,4.173190661169e-01,1.671623098603e-07,4.115662502522e+02,4.234082026536e-04,4.615149408924e-02,-4.585092079356e-02,1.295440289051e+04,3.836945994339e+02,0.000000000000e+00,0.000000000000e+00,2.030203544210e-03,2.212921863189e-01,0.000000000000e+00,0.000000000000e+00,2.743814493171e+02,2.745464477539e+02,6.701851851851e-01,5.759259259259e-02,1.295440289051e+04,5.550570977088e+04,1.090000000000e+02
1.346000000000e+03,1.035379033120e+08,1.434027811482e+02,4.173143948115e-01,1.669763798659e-07,4.120307922655e+02,3.800602852174e-04,4.142657108870e-02,-4.132435775078e-02,1.038690712177e+04,7.952493459609e+02,0.000000000000e+00,0.000000000000e+00,1.580964388629e-03,1.723251183605e-01,0.000000000000e+00,0.000000000000e+00,2.738780363205e+02,2.740815124512e+02,6.674074074074e-01,6.555555555555e-02,1.038690712177e+04,5.550508101319e+04,1.090000000000e+02
1.347000000000e+03,1.035399852494e+08,5.178844788600e+02,4.173158513740e-01,1.667914960458e-07,4.124938236131e+02,3.371512908362e-04,3.674949070115e-02,-3.654286584652e-02,1.244385926468e+04,-4.110256607835e+03,0.000000000000e+00,0.000000000000e+00,2.799982009952e-03,3.051980390848e-01,0.000000000000e+00,0.000000000000e+00,2.739950301871e+02,2.743074951172e+02,6.629629629629e-01,5.694444444447e-02,1.244385926468e+04,5.550525106549e+04,1.090000000000e+02
1.348000000000e+03,1.035364664665e+08,1.044056843170e+02,2.525332866340e+03,4.174045224310e-03,1.000000000000e+02,2.730980788562e-04,2.976769059532e-02,-3.215558025790e-02,1.315731214003e+04,1.733976114598e+03,1.516765993159e-05,1.653274932544e-03,1.805690403079e-03,1.968202539356e-01,4.095268181530e-04,4.463842317868e-02,2.740794645777e+02,2.743923034668e+02,6.563888888888e-01,7.018518518518e-02,1.315731214003e+04,5.550536477409e+04,1.090000000000e+02
1.349000000000e+03,1.035273145317e+08,3.640080608621e+01,9.182375761277e+03,1.517738991530e-02,1.000000000000e+02,1.894738665526e-06,2.065265145423e-04,-1.674535757520e-02,8.509871022911e+03,8.222479769655e+03,3.647644064224e-05,3.975932030004e-03,0.000000000000e+00,0.000000000000e+00,9.848638973405e-04,1.073501648101e-01,2.737781107559e+02,2.744028015137e+02,6.496296296296e-01,9.379629629627e-02,8.509871022911e+03,5.550492514135e+04,1.090000000000e+02
1.350000000000e+03,1.035199085724e+08,3.382396686658e+01,1.926969216678e+04,3.121314619460e-02,1.019904481199e+02,-2.973606568087e-04,-3.241231159214e-02,-1.423472867160e-03,7.438135255175e+03,7.326950914932e+03,1.801028110405e-05,1.963120640342e-03,0.000000000000e+00,0.000000000000e+00,1.374907677266e-03,1.498649368219e-01,2.732247186852e+02,2.738864746094e+02,2.648148148148e-02,1.091666666666e-01,7.438135255175e+03,5.550386051606e+04,1.090000000000e+02
1.351000000000e+03,1.035131758776e+08,3.420793100001e+01,3.086734977707e+04,4.578685244626e-02,1.112632922094e+02,-3.437824729350e-04,-3.747228954991e-02,-1.499976163542e-04,6.723985113275e+03,6.724369077428e+03,0.000000000000e+00,0.000000000000e+00,0.000000000000e+00,0.000000000000e+00,1.571838418135e-03,1.713303875767e-01,2.732139326426e+02,2.735253601074e+02,0.000000000000e+00,1.219444444444e-01,6.723985113275e+03,5.550383751619e+04,1.090000000000e+02
1.352000000000e+03,1.035069721054e+08,3.220394455288e+01,4.186791037892e+04,5.801006015297e-02,1.191768814111e+02,-3.673954988293e-04,-4.004610937239e-02,0.000000000000e+00,6.205775936470e+03,6.203771950037e+03,0.000000000000e+00,0.000000000000e+00,0.000000000000e+00,0.000000000000e+00,1.450903051683e-03,1.581484326334e-01,2.732156881839e+02,2.733212890625e+02,0.000000000000e+00,1.332407407407e-01,6.205775936470e+03,5.550384144961e+04,1.090000000000e+02
1.353000000000e+03,1.035012120252e+08,3.107303012429e+01,5.179031377546e+04,6.754278169172e-02,1.266626532687e+02,-3.736208359110e-04,-4.072467111430e-02,0.000000000000e+00,5.761211965670e+03,5.760081051251e+03,0.000000000000e+00,0.000000000000e+00,0.000000000000e+00,0.000000000000e+00,1.266460682670e-03,1.380442144110e-01,2.732129891073e+02,2.729063110352e+02,0.000000000000e+00,1.445370370370e-01,5.761211965670e+03,5.550383540319e+04,1.090000000000e+02
1.354000000000e+03,1.034958698699e+08,3.009437239675e+01,6.258911620250e+04,7.799801168914e-02,1.325833695109e+02,-3.681133452957e-04,-4.012435463723e-02,0.000000000000e+00,5.343133593702e+03,5.342154935981e+03,0.000000000000e+00,0.000000000000e+00,0.000000000000e+00,0.000000000000e+00,1.416838024885e-03,1.544353447125e-01,2.732103900763e+02,2.722380981445e+02,0.000000000000e+00,1.548148148148e-01,5.343133593702e+03,5.550382957257e+04,1.090000000000e+02
1.355000000000e+03,1.034908298014e+08,2.908824553759e+01,7.336510239624e+04,8.782419173292e-02,1.380369605049e+02,-3.622429930349e-04,-3.948448624080e-02,0.000000000000e+00,5.041074249443e+03,5.040068122586e+03,0.000000000000e+00,0.000000000000e+00,0.000000000000e+00,0.000000000000e+00,1.418945057861e-03,1.546650113069e-01,2.732086087021e+02,2.720433349609e+02,0.000000000000e+00,1.648148148148e-01,5.041074249443e+03,5.550382557115e+04,1.090000000000e+02
1.356000000000e+03,1.034860616337e+08,2.849892492127e+01,8.362828846761e+04,9.658414694834e-02,1.430868298310e+02,-3.562513657118e-04,-3.883139886258e-02,0.000000000000e+00,4.768757846819e+03,4.768168526215e+03,0.000000000000e+00,0.000000000000e+00,0.000000000000e+00,0.000000000000e+00,1.340168046810e-03,1.460783171023e-01,2.732043037096e+02,2.718146057129e+02,0.000000000000e+00,1.741666666666e-01,4.768757846819e+03,5.550381588756e+04,1.090000000000e+02
1.357000000000e+03,1.034815417805e+08,2.817885623204e+01,9.392337996662e+04,1.052232029584e-01,1.475150625988e+02,-3.649468118577e-04,-3.977920249249e-02,0.000000000000e+00,4.520173748934e+03,4.519853680237e+03,0.000000000000e+00,0.000000000000e+00,0.000000000000e+00,0.000000000000e+00,1.336748322823e-03,1.457055671877e-01,2.731986721548e+02,2.714259948730e+02,0.000000000000e+00,1.831481481481e-01,4.520173748934e+03,5.550380318884e+04,1.090000000000e+02
1.358000000000e+03,1.034772317615e+08,2.795599652944e+01,1.060260461185e+05,1.159268628923e-01,1.511535862788e+02,-3.672176740112e-04,-4.002672646722e-02,0.000000000000e+00,4.310241975025e+03,4.310019115340e+03,0.000000000000e+00,0.000000000000e+00,0.000000000000e+00,0.000000000000e+00,1.633254436359e-03,1.780247335631e-01,2.731931167373e+02,2.707429199219e+02,0.000000000000e+00,1.927777777778e-01,4.310241975025e+03,5.550379062698e+04,1.090000000000e+02
1.359000000000e+03,1.034730853056e+08,2.763761064781e+01,1.189890937338e+05,1.274008018659e-01,1.543607911405e+02,-3.566772326170e-04,-3.887781835525e-02,0.000000000000e+00,4.146774740231e+03,4.146456354352e+03,0.000000000000e+00,0.000000000000e+00,0.000000000000e+00,0.000000000000e+00,1.785985714366e-03,1.946724428659e-01,2.731893859775e+02,2.704045104980e+02,0.000000000000e+00,2.012962962963e-01,4.146774740231e+03,5.550378217173e+04,1.090000000000e+02
1.360000000000e+03,1.034691013083e+08,2.747119079564e+01,1.318270511499e+05,1.384785555233e-01,1.573377821664e+02,-3.568626040808e-04,-3.889802384480e-02,0.000000000000e+00,3.984164733987e+03,3.983998314151e+03,0.000000000000e+00,0.000000000000e+00,0.000000000000e+00,0.000000000000e+00,1.765148912314e-03,1.924012314422e-01,2.731858487945e+02,2.700735168457e+02,0.000000000000e+00,2.101851851852e-01,3.984164733987e+03,5.550377414132e+04,1.090000000000e+02
1.361000000000e+03,1.034652581532e+08,2.765604791720e+01,1.454249611681e+05,1.500212709099e-01,1.602153414340e+02,-3.594130976633e-04,-3.917602764530e-02,0.000000000000e+00,3.842970524378e+03,3.843155381496e+03,0.000000000000e+00,0.000000000000e+00,0.000000000000e+00,0.000000000000e+00,1.888213502371e-03,2.058152717584e-01,2.731805936582e+02,2.694647521973e+02,0.000000000000e+00,2.186111111111e-01,3.842970524378e+03,5.550376218465e+04,1.090000000000e+02
1.362000000000e+03,1.034615248456e+08,2.823472647576e+01,1.571460604563e+05,1.586332886000e-01,1.637315073305e+02,-3.461014396136e-04,-3.772505691788e-02,0.000000000000e+00,3.732728821502e+03,3.733307500066e+03,0.000000000000e+00,0.000000000000e+00,0.000000000000e+00,0.000000000000e+00,1.591301530046e-03,1.734518667750e-01,2.731734846702e+02,2.685157775879e+02,0.000000000000e+00,2.272222222222e-01,3.732728821502e+03,5.550374596049e+04,1.090000000000e+02
1.363000000000e+03,1.034578938994e+08,2.875687567264e+01,1.672485493409e+05,1.652535874159e-01,1.672778343494e+02,-3.256455376285e-04,-3.549536360151e-02,0.000000000000e+00,3.630424656996e+03,3.630946806195e+03,0.000000000000e+00,0.000000000000e+00,0.000000000000e+00,0.000000000000e+00,1.344222917029e-03,1.465202979561e-01,2.731675918981e+02,2.681567382813e+02,0.000000000000e+00,2.362037037037e-01,3.630424656996e+03,5.550373246853e+04,1.090000000000e+02
1.364000000000e+03,1.034543792917e+08,2.918056721512e+01,1.802905503228e+05,1.772331059813e-01,1.681351080044e+02,-3.188870883029e-04,-3.475869262502e-02,0.000000000000e+00,3.514183799086e+03,3.514607490639e+03,0.000000000000e+00,0.000000000000e+00,0.000000000000e+00,0.000000000000e+00,1.836854947847e-03,2.002171893153e-01,2.731626531041e+02,2.678457641602e+02,0.000000000000e+00,2.444444444444e-01,3.514183799086e+03,5.550372113060e+04,1.090000000000e+02
1.365000000000e+03,1.034509365442e+08,3.017654622232e+01,1.924834472165e+05,1.852882587932e-01,1.717032787050e+02,-3.118658399066e-04,-3.399337654982e-02,0.000000000000e+00,3.441751590627e+03,3.442747569636e+03,0.000000000000e+00,0.000000000000e+00,0.000000000000e+00,0.000000000000e+00,1.703530308816e-03,1.856848036610e-01,2.731552205338e+02,2.672311096191e+02,0.000000000000e+00,2.529629629630e-01,3.441751590627e+03,5.550370401714e+04,1.090000000000e+02
1.366000000000e+03,1.034475568942e+08,3.104904240059e+01,2.030656153193e+05,1.915977174098e-01,1.751787156510e+02,-3.060034996279e-04,-3.335438145944e-02,0.000000000000e+00,3.378778304289e+03,3.379650800466e+03,0.000000000000e+00,0.000000000000e+00,0.000000000000e+00,0.000000000000e+00,1.443150929958e-03,1.573034513655e-01,2.731494983531e+02,2.670113830566e+02,0.000000000000e+00,2.612037037037e-01,3.378778304289e+03,5.550369079967e+04,1.090000000000e+02
1.367000000000e+03,1.034442361487e+08,3.177150197520e+01,2.135176818763e+05,1.980919821445e-01,1.781574639355e+02,-3.019247733103e-04,-3.290980029082e-02,0.000000000000e+00,3.320023476743e+03,3.320745936320e+03,0.000000000000e+00,0.000000000000e+00,0.000000000000e+00,0.000000000000e+00,1.425729409774e-03,1.554045056654e-01,2.731451991416e+02,2.674907226563e+02,0.000000000000e+00,2.698148148148e-01,3.320023476743e+03,5.550368084469e+04,1.090000000000e+02
1.368000000000e+03,1.034409727691e+08,3.261877195603e+01,2.248537973809e+05,2.061007604650e-01,1.803263809821e+02,-3.079485932113e-04,-3.356639666003e-02,0.000000000000e+00,3.262532784374e+03,3.263380054371e+03,0.000000000000e+00,0.000000000000e+00,0.000000000000e+00,0.000000000000e+00,1.565793164598e-03,1.706714549412e-01,2.731407673512e+02,2.673902587891e+02,0.000000000000e+00,2.786111111111e-01,3.262532784374e+03,5.550367056061e+04,1.090000000000e+02
1.369000000000e+03,1.034377631187e+08,3.372012500120e+01,2.350297846372e+05,2.120441573239e-01,1.832046779515e+02,-2.972608007799e-04,-3.240142728501e-02,0.000000000000e+00,3.208549235246e+03,3.209650588298e+03,0.000000000000e+00,0.000000000000e+00,0.000000000000e+00,0.000000000000e+00,1.384756700071e-03,1.509384803077e-01,2.731356514358e+02,2.672338867188e+02,0.000000000000e+00,2.863888888889e-01,3.208549235246e+03,5.550365866145e+04,1.090000000000e+02
1.370000000000e+03,1.034346000812e+08,3.524881300452e+01,2.435663861966e+05,2.163919676084e-01,1.860446979056e+02,-2.969137989806e-04,-3.236360408889e-02,0.000000000000e+00,3.161508059886e+03,3.163036747906e+03,0.000000000000e+00,0.000000000000e+00,0.000000000000e+00,0.000000000000e+00,1.114128926971e-03,1.214400530398e-01,2.731294598310e+02,2.668755798340e+02,0.000000000000e+00,2.951851851852e-01,3.161508059886e+03,5.550364422147e+04,1.090000000000e+02
1.371000000000e+03,1.034314785661e+08,3.658830052681e+01,2.563215200556e+05,2.256753505094e-01,1.877340714690e+02,-3.091417558276e-04,-3.369645138521e-02,0.000000000000e+00,3.120174583695e+03,3.121514071223e+03,0.000000000000e+00,0.000000000000e+00,0.000000000000e+00,0.000000000000e+00,1.799189233203e-03,1.961116264192e-01,2.731246532240e+02,2.667943420410e+02,0.000000000000e+00,3.026851851852e-01,3.120174583695e+03,5.550363298172e+04,1.090000000000e+02
1.372000000000e+03,1.034283948494e+08,3.834279830232e+01,2.702438493429e+05,2.356987240685e-01,1.895142032350e+02,-3.203806210699e-04,-3.492148769661e-02,0.000000000000e+00,3.081962662315e+03,3.083717160093e+03,0.000000000000e+00,0.000000000000e+00,0.000000000000e+00,0.000000000000e+00,1.980881820594e-03,2.159161184447e-01,2.731186031050e+02,2.665367736816e+02,0.000000000000e+00,3.118518518518e-01,3.081962662315e+03,5.550361879760e+04,1.090000000000e+02
1.373000000000e+03,1.034253500252e+08,4.128023577554e+01,2.820528450943e+05,2.438519769084e-01,1.911825555311e+02,-2.984389863337e-04,-3.252984951038e-02,0.000000000000e+00,3.041885577074e+03,3.044823014557e+03,0.000000000000e+00,0.000000000000e+00,0.000000000000e+00,0.000000000000e+00,1.653511356373e-03,1.802327378447e-01,2.731104296840e+02,2.658544006348e+02,0.000000000000e+00,3.202777777778e-01,3.041885577074e+03,5.550359957050e+04,1.090000000000e+02
1.374000000000e+03,1.034223370937e+08,4.598276242095e+01,2.933022604768e+05,2.501537653719e-01,1.937997877990e+02,-2.848100084616e-04,-3.104429092231e-02,0.000000000000e+00,3.008227700383e+03,3.012930227032e+03,0.000000000000e+00,0.000000000000e+00,0.000000000000e+00,0.000000000000e+00,1.574654697608e-03,1.716373620393e-01,2.730993050762e+02,2.650914611816e+02,0.000000000000e+00,3.282407407407e-01,3.008227700383e+03,5.550357328058e+04,1.090000000000e+02
1.375000000000e+03,1.034193627941e+08,5.155890669646e+01,3.029295074415e+05,2.558384230832e-01,1.957138027988e+02,-2.725892481359e-04,-2.971222804681e-02,0.000000000000e+00,2.968723491589e+03,2.974299635860e+03,0.000000000000e+00,0.000000000000e+00,0.000000000000e+00,0.000000000000e+00,1.318740737122e-03,1.437427403463e-01,2.730893326527e+02,2.644819641113e+02,0.000000000000e+00,3.372222222222e-01,2.968723491589e+03,5.550354959462e+04,1.090000000000e+02
1.376000000000e+03,1.034164187839e+08,5.734356648870e+01,3.119902561537e+05,2.601898539792e-01,1.981969481689e+02,-2.538897814393e-04,-2.767398617689e-02,0.000000000000e+00,2.938225283153e+03,2.944009942953e+03,0.000000000000e+00,0.000000000000e+00,0.000000000000e+00,0.000000000000e+00,1.243801948991e-03,1.355744124400e-01,2.730807344445e+02,2.644597473145e+02,0.000000000000e+00,3.454629629629e-01,2.938225283153e+03,5.550352908228e+04,1.090000000000e+02
1.377000000000e+03,1.034134995788e+08,6.287123412421e+01,3.223241883758e+05,2.662251692749e-01,2.001200688396e+02,-2.635386106493e-04,-2.872570856077e-02,0.000000000000e+00,2.913677332624e+03,2.919205000268e+03,0.000000000000e+00,0.000000000000e+00,0.000000000000e+00,0.000000000000e+00,1.444597643682e-03,1.574611431613e-01,2.730739671629e+02,2.643859558105e+02,0.000000000000e+00,3.542592592592e-01,2.913677332624e+03,5.550351287881e+04,1.090000000000e+02
1.378000000000e+03,1.034106036976e+08,7.107961458090e+01,3.325903975080e+05,2.718606636196e-01,2.022138135423e+02,-2.655555409642e-04,-2.894555396510e-02,0.000000000000e+00,2.887672334919e+03,2.895880715368e+03,0.000000000000e+00,0.000000000000e+00,0.000000000000e+00,0.000000000000e+00,1.431397482873e-03,1.560223256332e-01,2.730620563232e+02,2.635574340820e+02,0.000000000000e+00,3.633333333333e-01,2.887672334919e+03,5.550348423549e+04,1.090000000000e+02
1.379000000000e+03,1.034077366508e+08,8.302071386275e+01,3.412464615379e+05,2.763741833334e-01,2.040886040165e+02,-2.471412761110e-04,-2.693839909610e-02,0.000000000000e+00,2.855104891892e+03,2.867045991174e+03,0.000000000000e+00,0.000000000000e+00,0.000000000000e+00,0.000000000000e+00,1.183675034326e-03,1.290205787416e-01,2.730487911460e+02,2.634318237305e+02,0.000000000000e+00,3.725925925926e-01,2.855104891892e+03,5.550345214610e+04,1.090000000000e+02
1.380000000000e+03,1.034048968919e+08,9.737291977461e+01,3.498331506821e+05,2.805700821184e-01,2.060953631571e+02,-2.307824295754e-04,-2.515528482372e-02,0.000000000000e+00,2.825406165249e+03,2.839758371162e+03,0.000000000000e+00,0.000000000000e+00,0.000000000000e+00,0.000000000000e+00,1.188565454587e-03,1.295536345500e-01,2.730361675823e+02,2.631764831543e+02,0.000000000000e+00,3.814814814815e-01,2.825406165249e+03,5.550342142239e+04,1.090000000000e+02
1.381000000000e+03,1.034020778599e+08,1.124974015148e+02,3.595748009403e+05,2.855956697968e-01,2.081070254894e+02,-2.257844495402e-04,-2.461050499989e-02,0.000000000000e+00,2.803907560790e+03,2.819032042534e+03,0.000000000000e+00,0.000000000000e+00,0.000000000000e+00,0.000000000000e+00,1.384464964711e-03,1.509066811535e-01,2.730260430739e+02,2.627090454102e+02,0.000000000000e+00,3.897222222222e-01,2.803907560790e+03,5.550339664924e+04,1.090000000000e+02
1.382000000000e+03,1.033992804389e+08,1.336660005681e+02,3.677907328629e+05,2.893521748318e-01,2.100989121978e+02,-2.121500708412e-04,-2.312435772169e-02,0.000000000000e+00,2.776252349988e+03,2.797420949043e+03,0.000000000000e+00,0.000000000000e+00,0.000000000000e+00,0.000000000000e+00,1.145936190221e-03,1.249070447341e-01,2.730049889529e+02,2.621520385742e+02,0.000000000000e+00,3.988888888889e-01,2.776252349988e+03,5.550334476284e+04,1.090000000000e+02
1.383000000000e+03,1.033965151729e+08,1.644571769033e+02,3.746355606001e+05,2.918389507552e-01,2.121857419780e+02,-1.942027917034e-04,-2.116810429567e-02,0.000000000000e+00,2.734475526012e+03,2.765266702350e+03,0.000000000000e+00,0.000000000000e+00,0.000000000000e+00,0.000000000000e+00,9.372602260517e-04,1.021613646396e-01,2.729813952502e+02,2.611498107910e+02,0.000000000000e+00,4.078703703704e-01,2.734475526012e+03,5.550328602033e+04,1.090000000000e+02
1.384000000000e+03,1.033937722612e+08,1.948976929936e+02,3.834146185584e+05,2.962718869951e-01,2.139090175588e+02,-2.101677167182e-04,-2.290828112228e-02,0.000000000000e+00,2.712471459397e+03,2.742911975490e+03,0.000000000000e+00,0.000000000000e+00,0.000000000000e+00,0.000000000000e+00,1.240979738910e-03,1.352667915411e-01,2.729712816460e+02,2.612925415039e+02,0.000000000000e+00,4.164814814815e-01,2.712471459397e+03,5.550326064291e+04,1.090000000000e+02
1.385000000000e+03,1.033910380962e+08,2.266182231955e+02,3.914976638211e+05,3.000055495972e-01,2.157005690146e+02,-2.186421085497e-04,-2.383198983192e-02,0.000000000000e+00,2.702445516667e+03,2.734166046871e+03,0.000000000000e+00,0.000000000000e+00,0.000000000000e+00,0.000000000000e+00,1.117482771128e-03,1.218056220530e-01,2.729541262398e+02,2.609349670410e+02,0.000000000000e+00,4.245370370370e-01,2.702445516667e+03,5.550321733054e+04,1.090000000000e+02
1.386000000000e+03,1.033883214757e+08,2.674647472464e+02,3.980313486280e+05,3.022907453712e-01,2.176429084955e+02,-1.966168832647e-04,-2.143124027585e-02,0.000000000000e+00,2.675774186053e+03,2.716620710108e+03,0.000000000000e+00,0.000000000000e+00,0.000000000000e+00,0.000000000000e+00,8.834361149666e-04,9.629453653136e-02,2.729281819488e+02,2.602474670410e+02,0.000000000000e+00,4.322314814815e-01,2.675774186053e+03,5.550315119667e+04,1.090000000000e+02
1.387000000000e+03,1.033856240216e+08,3.135610298723e+02,4.065639505584e+05,3.065273212451e-01,2.192362363233e+02,-1.883198001359e-04,-2.052685821482e-02,0.000000000000e+00,2.651358217263e+03,2.697454499890e+03,0.000000000000e+00,0.000000000000e+00,0.000000000000e+00,0.000000000000e+00,1.222125585989e-03,1.332116888728e-01,2.729084914962e+02,2.592016906738e+02,0.000000000000e+00,4.391949074074e-01,2.651358217263e+03,5.550310049537e+04,1.090000000000e+02
1.388000000000e+03,1.033829376971e+08,3.627894334442e+02,4.140748896363e+05,3.097661775220e-01,2.209520999753e+02,-1.822122821945e-04,-1.986113875920e-02,0.000000000000e+00,2.637097482447e+03,2.686325886021e+03,0.000000000000e+00,0.000000000000e+00,0.000000000000e+00,0.000000000000e+00,1.059368043757e-03,1.154711167695e-01,2.728877293975e+02,2.587669372559e+02,0.000000000000e+00,4.463337962963e-01,2.637097482447e+03,5.550304655552e+04,1.090000000000e+02
1.389000000000e+03,1.033802625736e+08,4.155375924320e+02,4.202841444648e+05,3.118421944920e-01,2.227726391727e+02,-1.824202627797e-04,-1.988380864299e-02,0.000000000000e+00,2.622376093560e+03,2.675124252551e+03,0.000000000000e+00,0.000000000000e+00,0.000000000000e+00,0.000000000000e+00,8.439946587687e-04,9.199541780579e-02,2.728706608801e+02,2.591825561523e+02,0.000000000000e+00,4.530486342592e-01,2.622376093560e+03,5.550300183856e+04,1.090000000000e+02
1.390000000000e+03,1.033775969138e+08,4.702287140392e+02,4.276099504639e+05,3.149571027465e-01,2.244143271767e+02,-1.890373059327e-04,-2.060506634667e-02,0.000000000000e+00,2.610969913261e+03,2.665661034867e+03,0.000000000000e+00,0.000000000000e+00,0.000000000000e+00,0.000000000000e+00,1.021938193406e-03,1.113912630813e-01,2.728546656380e+02,2.589403686523e+02,0.000000000000e+00,4.601348391204e-01,2.610969913261e+03,5.550295962870e+04,1.090000000000e+02
1.391000000000e+03,1.033749452272e+08,5.303523608391e+02,4.357148620074e+05,3.188286784064e-01,2.258914508839e+02,-1.856104018297e-04,-2.023153379944e-02,0.000000000000e+00,2.591563061891e+03,2.651686708692e+03,0.000000000000e+00,0.000000000000e+00,0.000000000000e+00,0.000000000000e+00,1.154160209349e-03,1.258034628190e-01,2.728311146489e+02,2.588750610352e+02,0.000000000000e+00,4.660163437500e-01,2.591563061891e+03,5.550289694494e+04,1.090000000000e+02
1.392000000000e+03,1.033727963521e+08,6.803852232315e+02,4.430138688198e+05,3.219423552425e-01,2.274545828335e+02,-1.745651541215e-04,-1.902760179925e-02,0.000000000000e+00,1.998842149115e+03,2.148875011509e+03,0.000000000000e+00,0.000000000000e+00,0.000000000000e+00,0.000000000000e+00,1.032028263267e-03,1.124910806961e-01,2.728043271801e+02,2.585750122070e+02,0.000000000000e+00,4.688018600116e-01,1.998842149115e+03,5.550282430773e+04,1.090000000000e+02
1.393000000000e+03,1.033707813234e+08,8.880834913590e+02,4.494375427574e+05,3.242901739427e-01,2.290822814551e+02,-1.729229549880e-04,-1.884860209369e-02,0.000000000000e+00,1.807331255007e+03,2.015029523134e+03,0.000000000000e+00,0.000000000000e+00,0.000000000000e+00,0.000000000000e+00,8.889366095520e-04,9.689409044117e-02,2.727878333566e+02,2.581688537598e+02,0.000000000000e+00,4.727389201967e-01,1.807331255007e+03,5.550277951552e+04,1.090000000000e+02
1.394000000000e+03,1.033685659522e+08,1.051034789028e+03,4.558398971657e+05,3.266423782323e-01,2.306725027352e+02,-1.873801525948e-04,-2.042443663284e-02,0.000000000000e+00,2.052418018285e+03,2.215369315955e+03,0.000000000000e+00,0.000000000000e+00,0.000000000000e+00,0.000000000000e+00,8.708946563128e-04,9.492751753809e-02,2.727886663011e+02,2.584033508301e+02,0.000000000000e+00,4.771215826418e-01,2.052418018285e+03,5.550278180762e+04,1.090000000000e+02
1.395000000000e+03,1.033662793856e+08,1.200870866531e+03,4.621958963366e+05,3.289900559833e-01,2.322199972980e+02,-1.983954787586e-04,-2.162510718468e-02,0.000000000000e+00,2.136732462776e+03,2.286568540280e+03,0.000000000000e+00,0.000000000000e+00,0.000000000000e+00,0.000000000000e+00,8.522518490786e-04,9.289545154957e-02,2.727799393478e+02,2.589501037598e+02,0.000000000000e+00,4.808943847251e-01,2.136732462776e+03,5.550275797776e+04,1.090000000000e+02
1.396000000000e+03,1.033639652633e+08,1.354421906236e+03,4.708361721264e+05,3.333858374367e-01,2.334422550940e+02,-1.908984189538e-04,-2.080792766596e-02,0.000000000000e+00,2.160572511224e+03,2.314123550930e+03,0.000000000000e+00,0.000000000000e+00,0.000000000000e+00,0.000000000000e+00,1.237369997655e-03,1.348733297444e-01,2.727612374763e+02,2.585108337402e+02,0.000000000000e+00,4.869454916929e-01,2.160572511224e+03,5.550270659096e+04,1.090000000000e+02
1.397000000000e+03,1.033616674465e+08,1.499482702101e+03,4.799165889347e+05,3.381336515718e-01,2.346034335345e+02,-1.868785306247e-04,-2.036975983809e-02,0.000000000000e+00,2.152756740411e+03,2.297817536276e+03,0.000000000000e+00,0.000000000000e+00,0.000000000000e+00,0.000000000000e+00,1.314090723356e-03,1.432358888459e-01,2.727561154619e+02,2.590639648437e+02,0.000000000000e+00,4.913664419243e-01,2.152756740411e+03,5.550269241659e+04,1.090000000000e+02
1.398000000000e+03,1.033598489137e+08,1.852239716504e+03,4.867284344064e+05,3.408828629302e-01,2.360147039095e+02,-1.805367442956e-04,-1.967850512822e-02,0.000000000000e+00,1.465772855370e+03,1.818529869770e+03,0.000000000000e+00,0.000000000000e+00,0.000000000000e+00,0.000000000000e+00,9.455101163506e-04,1.030606026822e-01,2.727364080079e+02,2.579129638672e+02,0.000000000000e+00,4.918992477590e-01,1.465772855370e+03,5.550263697594e+04,1.090000000000e+02
1.399000000000e+03,1.033578078708e+08,2.126568256040e+03,4.924475978105e+05,3.426933235897e-01,2.375266133336e+02,-1.594314649341e-04,-1.737802967782e-02,0.000000000000e+00,1.766714695209e+03,2.041043234742e+03,0.000000000000e+00,0.000000000000e+00,0.000000000000e+00,0.000000000000e+00,7.859775433759e-04,8.567155222797e-02,2.727221146422e+02,2.584201660156e+02,0.000000000000e+00,4.954454353168e-01,1.766714695209e+03,5.550259699429e+04,1.090000000000e+02
1.400000000000e+03,1.033557175403e+08,2.385170055542e+03,4.982745435381e+05,3.446340146179e-01,2.389840001350e+02,-1.454332620980e-04,-1.585222556868e-02,0.000000000000e+00,1.831728883723e+03,2.090330683223e+03,0.000000000000e+00,0.000000000000e+00,0.000000000000e+00,0.000000000000e+00,8.177901645356e-04,8.913912793438e-02,2.727085177963e+02,2.589536132812e+02,0.000000000000e+00,5.005543953321e-01,1.831728883723e+03,5.550255872026e+04,1.090000000000e+02
1.401000000000e+03,1.033536046686e+08,2.640420939156e+03,5.048728580365e+05,3.472443774569e-01,2.403285881968e+02,-1.609206523660e-04,-1.754035110789e-02,0.000000000000e+00,1.857620823678e+03,2.112871707291e+03,0.000000000000e+00,0.000000000000e+00,0.000000000000e+00,0.000000000000e+00,9.298095275186e-04,1.013492384995e-01,2.726948977768e+02,2.585171508789e+02,0.000000000000e+00,5.047825218975e-01,1.857620823678e+03,5.550252014930e+04,1.090000000000e+02
1.402000000000e+03,1.033516071929e+08,3.051448892863e+03,5.111845859063e+05,3.496154996252e-01,2.416831030276e+02,-1.619986738139e-04,-1.765785544571e-02,0.000000000000e+00,1.586447515135e+03,1.997475468841e+03,0.000000000000e+00,0.000000000000e+00,0.000000000000e+00,0.000000000000e+00,8.814071708525e-04,9.607338162292e-02,2.726720886707e+02,2.571536254883e+02,0.000000000000e+00,5.079154484320e-01,1.586447515135e+03,5.550245404546e+04,1.090000000000e+02
1.403000000000e+03,1.033496204996e+08,3.486138133604e+03,5.172964389987e+05,3.518399983562e-01,2.430269733423e+02,-1.343481810875e-04,-1.464395173854e-02,0.000000000000e+00,1.552003174680e+03,1.986692415420e+03,0.000000000000e+00,0.000000000000e+00,0.000000000000e+00,0.000000000000e+00,8.760983549073e-04,9.549472068489e-02,2.726313524551e+02,2.567618103027e+02,0.000000000000e+00,5.127837787794e-01,1.552003174680e+03,5.550233613811e+04,1.090000000000e+02
1.404000000000e+03,1.033476149460e+08,3.946461470700e+03,5.234076635613e+05,3.540829848644e-01,2.443412053838e+02,-1.201763491695e-04,-1.309922205948e-02,0.000000000000e+00,1.545229119239e+03,2.005552456337e+03,0.000000000000e+00,0.000000000000e+00,0.000000000000e+00,0.000000000000e+00,8.902722841262e-04,9.703967896975e-02,2.725693340866e+02,2.555773773193e+02,0.000000000000e+00,5.172909840868e-01,1.545229119239e+03,5.550215271711e+04,1.090000000000e+02
1.405000000000e+03,1.033456348870e+08,4.485940714574e+03,5.284416464184e+05,3.554177623700e-01,2.457651169339e+02,-1.139087950321e-04,-1.241605865850e-02,0.000000000000e+00,1.440578802538e+03,1.980058046412e+03,0.000000000000e+00,0.000000000000e+00,0.000000000000e+00,0.000000000000e+00,7.183142110853e-04,7.829624900830e-02,2.725450449891e+02,2.548891906738e+02,0.000000000000e+00,5.226758392462e-01,1.440578802538e+03,5.550207777454e+04,1.090000000000e+02
1.406000000000e+03,1.033437195981e+08,5.152648463380e+03,5.326757515484e+05,3.561157996063e-01,2.472489696860e+02,-1.132093892102e-04,-1.233982342391e-02,0.000000000000e+00,1.248583724017e+03,1.915291472816e+03,0.000000000000e+00,0.000000000000e+00,0.000000000000e+00,0.000000000000e+00,5.867597500026e-04,6.395681275029e-02,2.725271820248e+02,2.553917236328e+02,0.000000000000e+00,5.263497112202e-01,1.248583724017e+03,5.550202358479e+04,1.090000000000e+02
1.407000000000e+03,1.033417776838e+08,5.720144326255e+03,5.367274550658e+05,3.567029541030e-01,2.487195172124e+02,-1.087898092483e-04,-1.185808920806e-02,0.000000000000e+00,1.374418296021e+03,1.941914158889e+03,0.000000000000e+00,0.000000000000e+00,0.000000000000e+00,0.000000000000e+00,5.609233734755e-04,6.114064770882e-02,2.725309834007e+02,2.556392517090e+02,0.000000000000e+00,5.316615999585e-01,1.374418296021e+03,5.550203519597e+04,1.090000000000e+02
1.408000000000e+03,1.033398293953e+08,6.239466198647e+03,5.412777199948e+05,3.577389500864e-01,2.501016626336e+02,-9.324473985469e-05,-1.016367664416e-02,0.000000000000e+00,1.428966874132e+03,1.948288746521e+03,0.000000000000e+00,0.000000000000e+00,0.000000000000e+00,0.000000000000e+00,6.588682567500e-04,7.181663998575e-02,2.725372550212e+02,2.564550170898e+02,0.000000000000e+00,5.348190073659e-01,1.428966874132e+03,5.550205430462e+04,1.090000000000e+02
1.409000000000e+03,1.033379942866e+08,6.984229478242e+03,5.470284619761e+05,3.598067206305e-01,2.513062745766e+02,-1.121518500825e-04,-1.222455165899e-02,0.000000000000e+00,1.090343390000e+03,1.835106669592e+03,0.000000000000e+00,0.000000000000e+00,0.000000000000e+00,0.000000000000e+00,8.384322931461e-04,9.138911995293e-02,2.725386109102e+02,2.569036560059e+02,0.000000000000e+00,5.400343745597e-01,1.090343390000e+03,5.550205677184e+04,1.090000000000e+02
1.410000000000e+03,1.033361224062e+08,7.640341740687e+03,5.538692430962e+05,3.627807642524e-01,2.523634451796e+02,-1.476025102066e-04,-1.608867361252e-02,0.000000000000e+00,1.215770106601e+03,1.871882369045e+03,0.000000000000e+00,0.000000000000e+00,0.000000000000e+00,0.000000000000e+00,9.833097717812e-04,1.071807651242e-01,2.725082382509e+02,2.563990478516e+02,0.000000000000e+00,5.438669253268e-01,1.215770106601e+03,5.550196384687e+04,1.090000000000e+02
1.411000000000e+03,1.033342511365e+08,8.347918211969e+03,5.600763234292e+05,3.652312632741e-01,2.534803785473e+02,-1.630872530957e-04,-1.777651058743e-02,0.000000000000e+00,1.163695755359e+03,1.871272226639e+03,0.000000000000e+00,0.000000000000e+00,0.000000000000e+00,0.000000000000e+00,8.632644161004e-04,9.409582135494e-02,2.724432037804e+02,2.548158111572e+02,0.000000000000e+00,5.498031027057e-01,1.163695755359e+03,5.550176103101e+04,1.090000000000e+02
1.412000000000e+03,1.033324743345e+08,9.330647941504e+03,5.656990435966e+05,3.671908474138e-01,2.546596355407e+02,-1.456997065656e-04,-1.588126801565e-02,0.000000000000e+00,7.940726989422e+02,1.776802428473e+03,0.000000000000e+00,0.000000000000e+00,0.000000000000e+00,0.000000000000e+00,7.840318104305e-04,8.545946733692e-02,2.723879797957e+02,2.542895660400e+02,0.000000000000e+00,5.547813517129e-01,7.940726989422e+02,5.550158236874e+04,1.090000000000e+02
1.413000000000e+03,1.033306752899e+08,1.021210731637e+04,5.711082268338e+05,3.690048909646e-01,2.558314801284e+02,-1.229785891059e-04,-1.340466621254e-02,0.000000000000e+00,9.175849343454e+02,1.799044309205e+03,0.000000000000e+00,0.000000000000e+00,0.000000000000e+00,0.000000000000e+00,7.713890178530e-04,8.408140294598e-02,2.723433228527e+02,2.535805053711e+02,0.000000000000e+00,5.605648852137e-01,9.175849343454e+02,5.550143714597e+04,1.090000000000e+02
1.414000000000e+03,1.033289115748e+08,1.120680817215e+04,5.760134009416e+05,3.704171560538e-01,2.570453162181e+02,-1.070569152034e-04,-1.166920375717e-02,0.000000000000e+00,7.690155528116e+02,1.763716408594e+03,0.000000000000e+00,0.000000000000e+00,0.000000000000e+00,0.000000000000e+00,7.038652314744e-04,7.672131023071e-02,2.723257552089e+02,2.533937225342e+02,0.000000000000e+00,5.657481010246e-01,7.690155528116e+02,5.550137639017e+04,1.090000000000e+02
1.415000000000e+03,1.033271666424e+08,1.218593033797e+04,5.816691602001e+05,3.724713868939e-01,2.581379061676e+02,-8.933649644820e-05,-9.737678112853e-03,0.000000000000e+00,7.658095484799e+02,1.744931714302e+03,0.000000000000e+00,0.000000000000e+00,0.000000000000e+00,0.000000000000e+00,8.456476660749e-04,9.217559560216e-02,2.723091965556e+02,2.537482757568e+02,0.000000000000e+00,5.715305912935e-01,7.658095484799e+02,5.550132188906e+04,1.090000000000e+02
1.416000000000e+03,1.033254194634e+08,1.311334252642e+04,5.873468457915e+05,3.745063567015e-01,2.592419731384e+02,-8.625706466092e-05,-9.402020048040e-03,0.000000000000e+00,8.197648921748e+02,1.747177080620e+03,0.000000000000e+00,0.000000000000e+00,0.000000000000e+00,0.000000000000e+00,8.525118790655e-04,9.292379481814e-02,2.722642471851e+02,2.536108703613e+02,0.000000000000e+00,5.770989034929e-01,8.197648921748e+02,5.550117152273e+04,1.090000000000e+02
1.417000000000e+03,1.033237316616e+08,1.428300277306e+04,5.916288070224e+05,3.754752548226e-01,2.604588154214e+02,-1.035317597294e-04,-1.128496181050e-02,0.000000000000e+00,5.181429138950e+02,1.687803160540e+03,0.000000000000e+00,0.000000000000e+00,0.000000000000e+00,0.000000000000e+00,6.045415962986e-04,6.589503399655e-02,2.722213324797e+02,2.532135467529e+02,0.000000000000e+00,5.827902589330e-01,5.181429138950e+02,5.550102239075e+04,1.090000000000e+02
1.418000000000e+03,1.033220334772e+08,1.530319940408e+04,5.960450831919e+05,3.765774805470e-01,2.616352723344e+02,-1.171425228886e-04,-1.276853499486e-02,0.000000000000e+00,6.779937099531e+02,1.698190340978e+03,0.000000000000e+00,0.000000000000e+00,0.000000000000e+00,0.000000000000e+00,6.129660771891e-04,6.681330241362e-02,2.722052294539e+02,2.543534698486e+02,0.000000000000e+00,5.886845639301e-01,6.779937099531e+02,5.550096752769e+04,1.090000000000e+02
1.419000000000e+03,1.033203953437e+08,1.645556181647e+04,6.011447349486e+05,3.782099326314e-01,2.627344395488e+02,-1.239407852319e-04,-1.350954559028e-02,0.000000000000e+00,4.857729005502e+02,1.638135312934e+03,0.000000000000e+00,0.000000000000e+00,0.000000000000e+00,0.000000000000e+00,7.188825099807e-04,7.835819358790e-02,2.722309985435e+02,2.540127410889e+02,0.000000000000e+00,5.935683807559e-01,4.857729005502e+02,5.550105318587e+04,1.090000000000e+02
1.420000000000e+03,1.033187585750e+08,1.751949813599e+04,6.062621920884e+05,3.798901064107e-01,2.637995104672e+02,-1.431934319215e-04,-1.560808407944e-02,0.000000000000e+00,5.728362464871e+02,1.636772566013e+03,0.000000000000e+00,0.000000000000e+00,0.000000000000e+00,0.000000000000e+00,7.028531932740e-04,7.661099806686e-02,2.722096815531e+02,2.534426269531e+02,0.000000000000e+00,5.997783676714e-01,5.728362464871e+02,5.550098055856e+04,1.090000000000e+02
1.421000000000e+03,1.033171387705e+08,1.873145452797e+04,6.121847444910e+05,3.821837231241e-01,2.647789056452e+02,-1.498809672133e-04,-1.633702542625e-02,0.000000000000e+00,4.078503629675e+02,1.619806754943e+03,0.000000000000e+00,0.000000000000e+00,0.000000000000e+00,0.000000000000e+00,8.294827736027e-04,9.041362232269e-02,2.721535914365e+02,2.525922546387e+02,0.000000000000e+00,6.057734280273e-01,4.078503629675e+02,5.550078176446e+04,1.090000000000e+02
1.422000000000e+03,1.033155259588e+08,2.001343072813e+04,6.183123023555e+05,3.846606796041e-01,2.657079850103e+02,-1.287696028998e-04,-1.403588671608e-02,0.000000000000e+00,3.308359203248e+02,1.612812120488e+03,0.000000000000e+00,0.000000000000e+00,0.000000000000e+00,0.000000000000e+00,8.844528104800e-04,9.640535634232e-02,2.721026641218e+02,2.525356140137e+02,0.000000000000e+00,6.140636232107e-01,3.308359203248e+02,5.550060042396e+04,1.090000000000e+02
1.423000000000e+03,1.033139227291e+08,2.133611082123e+04,6.238729340018e+05,3.866915313161e-01,2.666903511488e+02,-1.091170575975e-04,-1.189375927813e-02,0.000000000000e+00,2.805516387671e+02,1.603231731865e+03,0.000000000000e+00,0.000000000000e+00,0.000000000000e+00,0.000000000000e+00,8.103782402833e-04,8.833122819088e-02,2.720579709417e+02,2.526210479736e+02,0.000000000000e+00,6.212050789409e-01,2.805516387671e+02,5.550043676999e+04,1.090000000000e+02
1.424000000000e+03,1.033123396422e+08,2.263534961621e+04,6.286222864295e+05,3.880891347242e-01,2.677530580658e+02,-1.029894878892e-04,-1.122585417992e-02,0.000000000000e+00,2.838482743213e+02,1.583087069307e+03,0.000000000000e+00,0.000000000000e+00,0.000000000000e+00,0.000000000000e+00,6.821662120407e-04,7.435611711244e-02,2.720475137367e+02,2.526845245361e+02,0.000000000000e+00,6.274147280971e-01,2.838482743213e+02,5.550039766592e+04,1.090000000000e+02
1.425000000000e+03,1.033107842449e+08,2.383324386471e+04,6.329797126925e+05,3.892351978303e-01,2.688151340378e+02,-1.071744137373e-04,-1.168201109737e-02,0.000000000000e+00,3.575032194351e+02,1.555397467936e+03,0.000000000000e+00,0.000000000000e+00,0.000000000000e+00,0.000000000000e+00,6.130813097877e-04,6.682586276686e-02,2.720518678175e+02,2.531290130615e+02,0.000000000000e+00,6.345240204325e-01,3.575032194351e+02,5.550041582565e+04,1.090000000000e+02
1.426000000000e+03,1.033092736978e+08,2.511791764021e+04,6.376172040181e+05,3.905517392152e-01,2.698723363206e+02,-1.179035675289e-04,-1.285148886065e-02,0.000000000000e+00,2.258735199300e+02,1.510547295426e+03,0.000000000000e+00,0.000000000000e+00,0.000000000000e+00,0.000000000000e+00,6.488967770000e-04,7.072974869300e-02,2.720221704614e+02,2.527994995117e+02,0.000000000000e+00,6.413896549854e-01,2.258735199300e+02,5.550030531515e+04,1.090000000000e+02
1.427000000000e+03,1.033077705085e+08,2.636513387839e+04,6.425525975165e+05,3.921579178790e-01,2.708484531357e+02,-1.232360590574e-04,-1.343273043726e-02,0.000000000000e+00,2.559727774584e+02,1.503189015636e+03,0.000000000000e+00,0.000000000000e+00,0.000000000000e+00,0.000000000000e+00,6.930165406268e-04,7.553880292833e-02,2.719628566635e+02,2.526025085449e+02,0.000000000000e+00,6.492274208715e-01,2.559727774584e+02,5.550008512065e+04,1.090000000000e+02
1.428000000000e+03,1.033063434510e+08,2.760759535654e+04,6.477126520023e+05,3.939141382649e-01,2.718068440132e+02,-1.319897249093e-04,-1.438688001511e-02,0.000000000000e+00,1.845978540558e+02,1.427059332206e+03,0.000000000000e+00,0.000000000000e+00,0.000000000000e+00,0.000000000000e+00,7.211995989083e-04,7.861075628101e-02,2.719327031347e+02,2.523730163574e+02,0.000000000000e+00,6.556976962471e-01,1.845978540558e+02,5.549997133095e+04,1.090000000000e+02
1.429000000000e+03,1.033049218685e+08,2.884860739633e+04,6.525965612092e+05,3.954764948249e-01,2.727744663495e+02,-1.262006931909e-04,-1.375587555781e-02,0.000000000000e+00,1.805700641013e+02,1.421582103897e+03,0.000000000000e+00,0.000000000000e+00,0.000000000000e+00,0.000000000000e+00,6.811276161370e-04,7.424291015893e-02,2.719323449395e+02,2.532419433594e+02,0.000000000000e+00,6.627647416577e-01,1.805700641013e+02,5.549996959127e+04,1.090000000000e+02
1.430000000000e+03,1.033035071403e+08,3.009578210822e+04,6.572052144424e+05,3.968364174313e-01,2.737610231050e+02,-1.006784397539e-04,-1.097394993318e-02,0.000000000000e+00,1.675543570272e+02,1.414729068910e+03,0.000000000000e+00,0.000000000000e+00,0.000000000000e+00,0.000000000000e+00,6.617727176422e-04,7.213322622300e-02,2.718492600871e+02,2.523300018311e+02,0.000000000000e+00,6.711563895051e-01,1.675543570272e+02,5.549964966730e+04,1.090000000000e+02
1.431000000000e+03,1.033021472799e+08,3.130352358631e+04,6.615722080477e+05,3.980108221077e-01,2.747680153455e+02,-8.938335856356e-05,-9.742786083428e-03,0.000000000000e+00,1.521197842031e+02,1.359861262299e+03,0.000000000000e+00,0.000000000000e+00,0.000000000000e+00,0.000000000000e+00,6.329157564055e-04,6.898781744820e-02,2.717950571033e+02,2.516966857910e+02,0.000000000000e+00,6.784508122802e-01,1.521197842031e+02,5.549943882292e+04,1.090000000000e+02
1.432000000000e+03,1.033007828368e+08,3.250709294584e+04,6.660969906971e+05,3.993524932923e-01,2.757180892356e+02,-1.080804479547e-04,-1.178076882706e-02,0.000000000000e+00,1.608739460236e+02,1.364443305557e+03,0.000000000000e+00,0.000000000000e+00,0.000000000000e+00,0.000000000000e+00,6.399791218316e-04,6.975772427964e-02,2.717833897342e+02,2.519540557861e+02,0.000000000000e+00,6.865073936001e-01,1.608739460236e+02,5.549939213174e+04,1.090000000000e+02
1.433000000000e+03,1.032994253448e+08,3.370210261743e+04,6.701101303930e+05,4.002597414895e-01,2.767510371033e+02,-1.152510724503e-04,-1.256236689709e-02,0.000000000000e+00,1.624823843825e+02,1.357492055967e+03,0.000000000000e+00,0.000000000000e+00,0.000000000000e+00,0.000000000000e+00,5.483388741448e-04,5.976893728178e-02,2.717586605296e+02,2.524174652100e+02,0.000000000000e+00,6.953700399603e-01,1.624823843825e+02,5.549929285943e+04,1.090000000000e+02
1.434000000000e+03,1.032980836871e+08,3.486908492112e+04,6.746629649112e+05,4.016348301188e-01,2.776766962949e+02,-1.228959982396e-04,-1.339566380811e-02,0.000000000000e+00,1.746756039715e+02,1.341657907664e+03,0.000000000000e+00,0.000000000000e+00,0.000000000000e+00,0.000000000000e+00,6.294348739899e-04,6.860840126490e-02,2.717930728542e+02,2.536688690186e+02,0.000000000000e+00,7.041162772023e-01,1.746756039715e+02,5.549942948463e+04,1.090000000000e+02
1.435000000000e+03,1.032967623974e+08,3.600228225028e+04,6.805617393935e+05,4.040182299616e-01,2.784518725474e+02,-1.485901663780e-04,-1.619632813520e-02,0.000000000000e+00,1.880929930221e+02,1.321290322179e+03,0.000000000000e+00,0.000000000000e+00,0.000000000000e+00,0.000000000000e+00,8.264075629499e-04,9.007842436154e-02,2.718051757355e+02,2.541053009033e+02,0.000000000000e+00,7.112567904659e-01,1.880929930221e+02,5.549947712507e+04,1.090000000000e+02
1.436000000000e+03,1.032954556186e+08,3.712390382853e+04,6.863456743890e+05,4.062773331786e-01,2.792571148251e+02,-1.386689998730e-04,-1.511492098615e-02,0.000000000000e+00,1.851591089428e+02,1.306780687192e+03,0.000000000000e+00,0.000000000000e+00,0.000000000000e+00,0.000000000000e+00,8.175335171316e-04,8.911115336734e-02,2.717940395085e+02,2.542877807617e+02,0.000000000000e+00,7.213843454307e-01,1.851591089428e+02,5.549943271251e+04,1.090000000000e+02
1.437000000000e+03,1.032941668215e+08,3.822408814689e+04,6.911009397898e+05,4.077868866748e-01,2.801508497192e+02,-1.109335663001e-04,-1.209175872671e-02,0.000000000000e+00,1.886146240053e+02,1.288798942367e+03,0.000000000000e+00,0.000000000000e+00,0.000000000000e+00,0.000000000000e+00,6.750717359545e-04,7.358281921904e-02,2.718018327180e+02,2.553469085693e+02,0.000000000000e+00,7.297744451952e-01,1.886146240053e+02,5.549946314382e+04,1.090000000000e+02
1.438000000000e+03,1.032928930524e+08,3.931620946632e+04,6.949511372588e+05,4.086461255445e-01,2.811201318722e+02,-1.096092538626e-04,-1.194740867103e-02,0.000000000000e+00,1.816481671382e+02,1.273769486568e+03,0.000000000000e+00,0.000000000000e+00,0.000000000000e+00,0.000000000000e+00,5.271988213501e-04,5.746467152716e-02,2.717592208652e+02,2.539951934814e+02,0.000000000000e+00,7.392282415555e-01,1.816481671382e+02,5.549929307048e+04,1.090000000000e+02
1.439000000000e+03,1.032916288578e+08,4.041845427451e+04,6.989274822347e+05,4.096159292386e-01,2.820605687255e+02,-1.109152538261e-04,-1.208976266705e-02,0.000000000000e+00,1.619503533076e+02,1.264195161494e+03,0.000000000000e+00,0.000000000000e+00,0.000000000000e+00,0.000000000000e+00,5.469316085809e-04,5.961554533532e-02,2.716957164047e+02,2.536811370850e+02,0.000000000000e+00,7.491346995061e-01,1.619503533076e+02,5.549903528817e+04,1.090000000000e+02
1.440000000000e+03,1.032903777555e+08,4.151952886943e+04,7.033594684767e+05,4.109179637712e-01,2.829509295967e+02,-1.043313518106e-04,-1.137211734736e-02,0.000000000000e+00,1.500281715552e+02,1.251102766481e+03,0.000000000000e+00,0.000000000000e+00,0.000000000000e+00,0.000000000000e+00,6.287854972107e-04,6.853761919597e-02,2.716400929901e+02,2.542044982910e+02,0.000000000000e+00,7.586643137116e-01,1.500281715552e+02,5.549880505877e+04,1.090000000000e+02
1.441000000000e+03,1.032891387993e+08,4.262486455912e+04,7.085245971410e+05,4.127939289881e-01,2.837352368879e+02,-1.014117153317e-04,-1.105387697115e-02,0.000000000000e+00,1.336200075195e+02,1.238955697211e+03,0.000000000000e+00,0.000000000000e+00,0.000000000000e+00,0.000000000000e+00,7.531504870706e-04,8.209340309070e-02,2.715579502824e+02,2.526791687012e+02,0.000000000000e+00,7.688792890464e-01,1.336200075195e+02,5.549845827758e+04,1.090000000000e+02
1.442000000000e+03,1.032879046855e+08,4.376003950051e+04,7.130877159690e+05,4.141718104543e-01,2.846159947314e+02,-8.916633333603e-05,-9.719130333628e-03,0.000000000000e+00,9.894051561441e+01,1.234115457002e+03,0.000000000000e+00,0.000000000000e+00,0.000000000000e+00,0.000000000000e+00,6.665706474996e-04,7.265620057746e-02,2.714051400294e+02,2.513524322510e+02,0.000000000000e+00,7.816818251577e-01,9.894051561441e+01,5.549779083121e+04,1.090000000000e+02
1.443000000000e+03,1.032866758286e+08,4.491730939538e+04,7.161073665371e+05,4.144692576908e-01,2.856189361581e+02,-7.635396527737e-05,-8.322582215234e-03,0.000000000000e+00,7.158603347722e+01,1.228855928347e+03,0.000000000000e+00,0.000000000000e+00,0.000000000000e+00,0.000000000000e+00,4.239931807030e-04,4.621525669663e-02,2.712848827096e+02,2.503384704590e+02,0.000000000000e+00,7.951044152644e-01,7.158603347722e+01,5.549724402908e+04,1.090000000000e+02
1.444000000000e+03,1.032854714916e+08,4.604016254184e+04,7.197007530810e+05,4.152046288969e-01,2.865433871801e+02,-9.246722643006e-05,-1.007892768088e-02,0.000000000000e+00,8.148336958962e+01,1.204336516051e+03,0.000000000000e+00,0.000000000000e+00,0.000000000000e+00,0.000000000000e+00,5.014035208818e-04,5.465298377612e-02,2.713010541846e+02,2.508208923340e+02,0.000000000000e+00,8.079847696965e-01,8.148336958962e+01,5.549731709654e+04,1.090000000000e+02
1.445000000000e+03,1.032843024858e+08,4.710041142525e+04,7.246495755372e+05,4.169549072791e-01,2.873012548266e+02,-1.151505231660e-04,-1.255140702509e-02,0.000000000000e+00,1.087578168412e+02,1.169006700247e+03,0.000000000000e+00,0.000000000000e+00,0.000000000000e+00,0.000000000000e+00,7.023738172509e-04,7.655874608035e-02,2.713589802391e+02,2.522371978760e+02,0.000000000000e+00,8.201554398691e-01,1.087578168412e+02,5.549758036938e+04,1.090000000000e+02
1.446000000000e+03,1.032831702769e+08,4.809967731191e+04,7.298524660470e+05,4.188356650088e-01,2.880628937059e+02,-1.134183018348e-04,-1.236259489999e-02,0.000000000000e+00,1.329442566429e+02,1.132210143302e+03,0.000000000000e+00,0.000000000000e+00,0.000000000000e+00,0.000000000000e+00,7.459251209205e-04,8.130583818033e-02,2.714358272739e+02,2.537629241943e+02,0.000000000000e+00,8.306275728982e-01,1.329442566429e+02,5.549792354284e+04,1.090000000000e+02
1.447000000000e+03,1.032820726297e+08,4.905002562609e+04,7.349509932153e+05,4.206323628789e-01,2.888350848877e+02,-1.086307691628e-04,-1.184075383874e-02,0.000000000000e+00,1.472998903857e+02,1.097648204574e+03,0.000000000000e+00,0.000000000000e+00,0.000000000000e+00,0.000000000000e+00,7.337380670190e-04,7.997744930508e-02,2.714840948382e+02,2.542690124512e+02,0.000000000000e+00,8.417971692586e-01,1.472998903857e+02,5.549813537524e+04,1.090000000000e+02
1.448000000000e+03,1.032810013253e+08,4.998022501040e+04,7.411798593549e+05,4.232813872404e-01,2.894604902191e+02,-1.297765626548e-04,-1.414564532937e-02,0.000000000000e+00,1.411070364428e+02,1.071306420749e+03,0.000000000000e+00,0.000000000000e+00,0.000000000000e+00,0.000000000000e+00,9.000760821325e-04,9.810829295245e-02,2.714666574920e+02,2.540317077637e+02,0.000000000000e+00,8.521658728724e-01,1.411070364428e+02,5.549805927995e+04,1.090000000000e+02
1.449000000000e+03,1.032799532918e+08,5.089774952884e+04,7.471288791064e+05,4.257440477961e-01,2.900965252146e+02,-1.288102292689e-04,-1.404031499031e-02,0.000000000000e+00,1.305100138202e+02,1.048034532262e+03,0.000000000000e+00,0.000000000000e+00,0.000000000000e+00,0.000000000000e+00,8.548195018894e-04,9.317532570594e-02,2.714457005134e+02,2.541607360840e+02,0.000000000000e+00,8.624227862092e-01,1.305100138202e+02,5.549796717347e+04,1.090000000000e+02
1.450000000000e+03,1.032789273318e+08,5.180712574901e+04,7.526633592058e+05,4.278444895853e-01,2.908122302642e+02,-1.216840551349e-04,-1.326356200970e-02,0.000000000000e+00,1.165838400290e+02,1.025960060199e+03,0.000000000000e+00,0.000000000000e+00,0.000000000000e+00,0.000000000000e+00,7.938559212060e-04,8.653029541145e-02,2.713814926672e+02,2.529650726318e+02,0.000000000000e+00,8.737057468883e-01,1.165838400290e+02,5.549768160292e+04,1.090000000000e+02
1.451000000000e+03,1.032778847080e+08,5.275243681874e+04,7.581810071589e+05,4.299886679186e-01,2.914846764670e+02,-1.196360243069e-04,-1.304032664945e-02,0.000000000000e+00,9.731406254715e+01,1.042625132270e+03,0.000000000000e+00,0.000000000000e+00,0.000000000000e+00,0.000000000000e+00,7.930597253265e-04,8.644351006059e-02,2.713245763610e+02,2.524856262207e+02,0.000000000000e+00,8.843859400156e-01,9.731406254715e+01,5.549742724768e+04,1.090000000000e+02
1.452000000000e+03,1.032768661761e+08,5.368060225161e+04,7.632069856482e+05,4.317414343946e-01,2.922265015306e+02,-1.112985678474e-04,-1.213154389537e-02,0.000000000000e+00,9.036540595035e+01,1.018530838824e+03,0.000000000000e+00,0.000000000000e+00,0.000000000000e+00,0.000000000000e+00,7.198808983395e-04,7.846701791901e-02,2.712924973273e+02,2.527892150879e+02,0.000000000000e+00,8.938544995942e-01,9.036540595035e+01,5.549728120388e+04,1.090000000000e+02
1.453000000000e+03,1.032758725320e+08,5.459522838644e+04,7.681199482600e+05,4.334857138294e-01,2.929258275079e+02,-1.081048674757e-04,-1.178343055485e-02,0.000000000000e+00,7.901705902290e+01,9.936431938503e+02,0.000000000000e+00,0.000000000000e+00,0.000000000000e+00,0.000000000000e+00,7.047665283636e-04,7.681955159163e-02,2.712261270362e+02,2.516610565186e+02,0.000000000000e+00,9.029244069347e-01,7.901705902290e+01,5.549697360141e+04,1.090000000000e+02
1.454000000000e+03,1.032748990971e+08,5.549923391640e+04,7.721649566916e+05,4.344987543406e-01,2.937833074398e+02,-1.070445806610e-04,-1.166785929205e-02,0.000000000000e+00,6.942753092400e+01,9.734330608906e+02,0.000000000000e+00,0.000000000000e+00,0.000000000000e+00,0.000000000000e+00,5.622711422958e-04,6.128755451024e-02,2.711681394445e+02,2.513882751465e+02,0.000000000000e+00,9.124592221459e-01,6.942753092400e+01,5.549670002925e+04,1.090000000000e+02
1.455000000000e+03,1.032739448510e+08,5.638674098353e+04,7.754806906562e+05,4.350502269700e-01,2.946719032949e+02,-1.021830621381e-04,-1.113795377306e-02,0.000000000000e+00,6.673439551742e+01,9.542414626477e+02,0.000000000000e+00,0.000000000000e+00,0.000000000000e+00,0.000000000000e+00,4.464097076532e-04,4.865865813420e-02,2.711263586469e+02,2.516314849854e+02,0.000000000000e+00,9.200246990516e-01,6.673439551742e+01,5.549650006816e+04,1.090000000000e+02
1.456000000000e+03,1.032730089411e+08,5.725662974039e+04,7.785219601014e+05,4.354566748283e-01,2.955520538261e+02,-1.090410079165e-04,-1.188546986290e-02,0.000000000000e+00,6.601880525448e+01,9.359075621078e+02,0.000000000000e+00,0.000000000000e+00,0.000000000000e+00,0.000000000000e+00,3.939914604189e-04,4.294506918566e-02,2.711021244171e+02,2.525847625732e+02,0.000000000000e+00,9.277515392537e-01,6.601880525448e+01,5.549638293702e+04,1.090000000000e+02
1.457000000000e+03,1.032720911082e+08,5.810707794586e+04,7.824771404557e+05,4.364807100281e-01,2.963567564019e+02,-1.235622684037e-04,-1.346828725601e-02,0.000000000000e+00,6.738172214551e+01,9.178299276139e+02,0.000000000000e+00,0.000000000000e+00,0.000000000000e+00,0.000000000000e+00,5.303245629054e-04,5.780537735668e-02,2.710980929254e+02,2.525290985107e+02,0.000000000000e+00,9.343479533776e-01,6.738172214551e+01,5.549636333692e+04,1.090000000000e+02
1.458000000000e+03,1.032711904122e+08,5.894106676245e+04,7.876220453322e+05,4.383757192321e-01,2.970163779922e+02,-1.342783339441e-04,-1.463633839991e-02,0.000000000000e+00,6.670465098595e+01,9.006934675793e+02,0.000000000000e+00,0.000000000000e+00,0.000000000000e+00,0.000000000000e+00,7.164807515728e-04,7.809640192144e-02,2.710773869731e+02,2.516068267822e+02,0.000000000000e+00,9.411852374980e-01,6.670465098595e+01,5.549626274872e+04,1.090000000000e+02
1.459000000000e+03,1.032703035649e+08,5.976680268326e+04,7.932881454752e+05,4.406352392538e-01,2.976204799526e+02,-1.198217547861e-04,-1.306057127169e-02,0.000000000000e+00,6.110880189857e+01,8.868447227064e+02,0.000000000000e+00,0.000000000000e+00,0.000000000000e+00,0.000000000000e+00,8.174820887032e-04,8.910554766865e-02,2.710243093282e+02,2.512489471436e+02,0.000000000000e+00,9.489111080313e-01,6.110880189857e+01,5.549600219535e+04,1.090000000000e+02
1.460000000000e+03,1.032694294931e+08,6.058407906873e+04,7.992322676137e+05,4.430856756961e-01,2.981934728085e+02,-1.049319552500e-04,-1.143758312225e-02,0.000000000000e+00,5.679229467544e+01,8.740686801526e+02,0.000000000000e+00,0.000000000000e+00,0.000000000000e+00,0.000000000000e+00,8.782517369355e-04,9.572943932596e-02,2.709793974898e+02,2.512489471436e+02,0.000000000000e+00,9.578369763044e-01,5.679229467544e+01,5.549577864315e+04,1.090000000000e+02
