# Observation File: observation_2D.dat column names:
# -----------------------------------------------------------------------------
# Observation Name: time [d]
# -----------------------------------------------------------------------------
# Observation Name: water content [mol]
# Region: subsurface domain
# Reduction: extensive integral
# Variable: water_content
# Number of Vectors: 1
# -----------------------------------------------------------------------------
# Observation Name: surface water content [mol]
# Region: surface domain
# Reduction: extensive integral
# Variable: surface-water_content
# Number of Vectors: 1
# -----------------------------------------------------------------------------
# Observation Name: snow water content [mol]
# Region: surface domain
# Reduction: extensive integral
# Variable: snow-water_content
# Number of Vectors: 1
# -----------------------------------------------------------------------------
# Observation Name: snow depth [m]
# Region: surface domain
# Reduction: average
# Variable: snow-depth
# Number of Vectors: 1
# -----------------------------------------------------------------------------
# Observation Name: snow density [kg/m^3]
# Region: surface domain
# Reduction: average
# Variable: snow-density
# Number of Vectors: 1
# -----------------------------------------------------------------------------
# Observation Name: evaporation rate [m/d]
# Region: surface domain
# Reduction: average
# Variable: surface-evaporative_flux
# Number of Vectors: 1
# -----------------------------------------------------------------------------
# Observation Name: evaporation cumulation [m3/d]
# Region: surface domain
# Reduction: integral
# Variable: surface-evaporative_flux
# Number of Vectors: 1
# -----------------------------------------------------------------------------
# Observation Name: subsurface evaporation cumulation [m3/d]
# Region: surface domain
# Reduction: integral
# Variable: surface-subsurface_evaporative_flux
# Number of Vectors: 1
# -----------------------------------------------------------------------------
# Observation Name: discharge cumulation [mol/d]
# Region: surface outlet
# Reduction: extensive integral
# Variable: surface-water_flux
# Number of Vectors: 1
# -----------------------------------------------------------------------------
# Observation Name: surface-subsurface exchange cumulation [mol/d]
# Region: surface domain
# Reduction: extensive integral
# Variable: surface-surface_subsurface_flux
# Number of Vectors: 1
# -----------------------------------------------------------------------------
# Observation Name: snowmelt rate [m/d]
# Region: surface domain
# Reduction: average
# Variable: snow-melt
# Number of Vectors: 1
# -----------------------------------------------------------------------------
# Observation Name: snowmelt cumulation [m3/d]
# Region: surface domain
# Reduction: integral
# Variable: snow-melt
# Number of Vectors: 1
# -----------------------------------------------------------------------------
# Observation Name: rain [m/d]
# Region: surface domain
# Reduction: average
# Variable: surface-precipitation_rain
# Number of Vectors: 1
# -----------------------------------------------------------------------------
# Observation Name: rain cumulation [m3/d]
# Region: surface domain
# Reduction: integral
# Variable: surface-precipitation_rain
# Number of Vectors: 1
# -----------------------------------------------------------------------------
# Observation Name: snow [mSWE/d]
# Region: surface domain
# Reduction: average
# Variable: snow-precipitation
# Number of Vectors: 1
# -----------------------------------------------------------------------------
# Observation Name: snow cumulation [m3SWE/d]
# Region: surface domain
# Reduction: integral
# Variable: snow-precipitation
# Number of Vectors: 1
# -----------------------------------------------------------------------------
# Observation Name: surface temperature [K]
# Region: surface domain
# Reduction: average
# Variable: surface-temperature
# Number of Vectors: 1
# -----------------------------------------------------------------------------
# Observation Name: air temperature [K]
# Region: surface domain
# Reduction: average
# Variable: surface-air_temperature
# Number of Vectors: 1
# -----------------------------------------------------------------------------
# Observation Name: thaw depth [m]
# Region: surface domain
# Reduction: average
# Variable: surface-thaw_depth
# Number of Vectors: 1
# -----------------------------------------------------------------------------
# Observation Name: water table depth [m]
# Region: surface domain
# Reduction: average
# Variable: surface-water_table
# Number of Vectors: 1
# -----------------------------------------------------------------------------
# Observation Name: net runoff [mol/d]
# Region: surface outlet
# Reduction: extensive integral
# Variable: surface-water_flux
# Number of Vectors: 1
# -----------------------------------------------------------------------------
# Observation Name: molar density liquid [mol m^-3]
# Region: surface domain
# Reduction: average
# Variable: surface-molar_density_liquid
# Number of Vectors: 1
# -----------------------------------------------------------------------------
# Observation Name: surface area [m^2]
# Region: surface domain
# Reduction: extensive integral
# Variable: surface-cell_volume
# Number of Vectors: 1
# =============================================================================
"time [d]","water content [mol]","surface water content [mol]","snow water content [mol]","snow depth [m]","snow density [kg/m^3]","evaporation rate [m/d]","evaporation cumulation [m3/d]","subsurface evaporation cumulation [m3/d]","discharge cumulation [mol/d]","surface-subsurface exchange cumulation [mol/d]","snowmelt rate [m/d]","snowmelt cumulation [m3/d]","rain [m/d]","rain cumulation [m3/d]","snow [mSWE/d]","snow cumulation [m3SWE/d]","surface temperature [K]","air temperature [K]","thaw depth [m]","water table depth [m]","net runoff [mol/d]","molar density liquid [mol m^-3]","surface area [m^2]"
2.190000000000e+03,1.032674729202e+08,6.059071613146e+04,7.986205647063e+05,4.427430804960e-01,2.981961126910e+02,0.000000000000e+00,0.000000000000e+00,0.000000000000e+00,0.000000000000e+00,0.000000000000e+00,0.000000000000e+00,0.000000000000e+00,0.000000000000e+00,0.000000000000e+00,0.000000000000e+00,0.000000000000e+00,2.709737622387e+02,2.519989776611e+02,0.000000000000e+00,9.618775472471e-01,0.000000000000e+00,5.549574988426e+04,1.090000000000e+02
2.191000000000e+03,1.032666207011e+08,6.138115150753e+04,8.051354748636e+05,4.456000204652e-01,2.987007250261e+02,-1.812447104318e-04,-1.975567343706e-02,0.000000000000e+00,6.178334524809e+01,8.522187213270e+02,0.000000000000e+00,0.000000000000e+00,0.000000000000e+00,0.000000000000e+00,8.955383849567e-04,9.761368396028e-02,2.709932695993e+02,2.520103759766e+02,0.000000000000e+00,9.700439152152e-01,6.178334524809e+01,5.549584697964e+04,1.090000000000e+02
2.192000000000e+03,1.032657846149e+08,6.215461674874e+04,8.110895890495e+05,4.480126766594e-01,2.992890324557e+02,-1.942528438635e-04,-2.117355998112e-02,0.000000000000e+00,6.262090883158e+01,8.360861500367e+02,0.000000000000e+00,0.000000000000e+00,0.000000000000e+00,0.000000000000e+00,7.899752323088e-04,8.610730032166e-02,2.709995681463e+02,2.526075439453e+02,0.000000000000e+00,9.753022844410e-01,6.262090883158e+01,5.549587819894e+04,1.090000000000e+02
2.193000000000e+03,1.032649639959e+08,6.291429363094e+04,8.153570032194e+05,4.492746001455e-01,3.000193022152e+02,-1.687862646889e-04,-1.839770285109e-02,0.000000000000e+00,6.094033326581e+01,8.206172154695e+02,0.000000000000e+00,0.000000000000e+00,0.000000000000e+00,0.000000000000e+00,5.369840789667e-04,5.853126460737e-02,2.709746785018e+02,2.526165313721e+02,0.000000000000e+00,9.832277308718e-01,6.094033326581e+01,5.549575389152e+04,1.090000000000e+02
2.194000000000e+03,1.032641570683e+08,6.366362231979e+04,8.200900509279e+05,4.508738799541e-01,3.006912524083e+02,-1.248040805914e-04,-1.360364478446e-02,0.000000000000e+00,5.759775755149e+01,8.069264463958e+02,0.000000000000e+00,0.000000000000e+00,0.000000000000e+00,0.000000000000e+00,6.579714478940e-04,7.171888782044e-02,2.709476438099e+02,2.526100158691e+02,0.000000000000e+00,9.903523845752e-01,5.759775755149e+01,5.549561794987e+04,1.090000000000e+02
2.195000000000e+03,1.032633611090e+08,6.441285073427e+04,8.255013153272e+05,4.528928084222e-01,3.013293813215e+02,-1.131934428065e-04,-1.233808526591e-02,0.000000000000e+00,4.672879308628e+01,7.959572075729e+02,0.000000000000e+00,0.000000000000e+00,0.000000000000e+00,0.000000000000e+00,7.828841263814e-04,8.533436977557e-02,2.708279662516e+02,2.508502655029e+02,0.000000000000e+00,9.986836340574e-01,4.672879308628e+01,5.549500463413e+04,1.090000000000e+02
2.196000000000e+03,1.032625718756e+08,6.517071800119e+04,8.309245526376e+05,4.550046112648e-01,3.019052145884e+02,-1.188394828531e-04,-1.295350363099e-02,0.000000000000e+00,3.136412281877e+01,7.892313897355e+02,0.000000000000e+00,0.000000000000e+00,0.000000000000e+00,0.000000000000e+00,7.795166139798e-04,8.496731092379e-02,2.706909842926e+02,2.500630798340e+02,0.000000000000e+00,1.007687046308e+00,3.136412281877e+01,5.549427910429e+04,1.090000000000e+02
2.197000000000e+03,1.032617911703e+08,6.592555868450e+04,8.366843576762e+05,4.572921397421e-01,3.024800671420e+02,-1.267959136112e-04,-1.382075458362e-02,0.000000000000e+00,2.586195292516e+01,7.807026362319e+02,0.000000000000e+00,0.000000000000e+00,0.000000000000e+00,0.000000000000e+00,8.266964147904e-04,9.010990921215e-02,2.705969049162e+02,2.503898010254e+02,0.000000000000e+00,1.016005750539e+00,2.586195292516e+01,5.549376541793e+04,1.090000000000e+02
2.198000000000e+03,1.032610231700e+08,6.666320533118e+04,8.410472328612e+05,4.585709830064e-01,3.032094480938e+02,-1.327440334967e-04,-1.446909965114e-02,0.000000000000e+00,3.035193768686e+01,7.679985843714e+02,0.000000000000e+00,0.000000000000e+00,0.000000000000e+00,0.000000000000e+00,5.885506218785e-04,6.415201778476e-02,2.705958121428e+02,2.510000000000e+02,0.000000000000e+00,1.023507590966e+00,3.035193768686e+01,5.549375763779e+04,1.090000000000e+02
2.199000000000e+03,1.032602708387e+08,6.738172849420e+04,8.448611917935e+05,4.595520655826e-01,3.039345094257e+02,-1.293338414545e-04,-1.409738871854e-02,0.000000000000e+00,3.380805282400e+01,7.523312158406e+02,0.000000000000e+00,0.000000000000e+00,0.000000000000e+00,0.000000000000e+00,5.013421247447e-04,5.464629159717e-02,2.705855824434e+02,2.510683288574e+02,0.000000000000e+00,1.032358792795e+00,3.380805282400e+01,5.549369946911e+04,1.090000000000e+02
2.200000000000e+03,1.032595337951e+08,6.808430777758e+04,8.491110414686e+05,4.608561818091e-01,3.045991320162e+02,-1.261632499817e-04,-1.375179424801e-02,0.000000000000e+00,3.446372455644e+01,7.370430079398e+02,0.000000000000e+00,0.000000000000e+00,0.000000000000e+00,0.000000000000e+00,5.764972575535e-04,6.283820107333e-02,2.705810061980e+02,2.517420959473e+02,0.000000000000e+00,1.037725361275e+00,3.446372455644e+01,5.549367254011e+04,1.090000000000e+02
2.201000000000e+03,1.032588092378e+08,6.878215785108e+04,8.527536822451e+05,4.616249058998e-01,3.053995474674e+02,-1.102674742415e-04,-1.201915469233e-02,0.000000000000e+00,2.670645417567e+01,7.245565276728e+02,0.000000000000e+00,0.000000000000e+00,0.000000000000e+00,0.000000000000e+00,4.933804151428e-04,5.377846525056e-02,2.704804583698e+02,2.507825164795e+02,0.000000000000e+00,1.046858709902e+00,2.670645417567e+01,5.549310775368e+04,1.090000000000e+02
2.202000000000e+03,1.032580973901e+08,6.946925861480e+04,8.563110241181e+05,4.624097053821e-01,3.061534403232e+02,-9.756328284960e-05,-1.063439783061e-02,0.000000000000e+00,2.474428713459e+01,7.118450508555e+02,0.000000000000e+00,0.000000000000e+00,0.000000000000e+00,0.000000000000e+00,4.907198302720e-04,5.348846149965e-02,2.704690184741e+02,2.513494567871e+02,0.000000000000e+00,1.054196477498e+00,2.474428713459e+01,5.549304048323e+04,1.090000000000e+02
2.203000000000e+03,1.032574387174e+08,7.009741814665e+04,8.605972538965e+05,4.636853387382e-01,3.068396680313e+02,-1.166386834062e-04,-1.271361649128e-02,0.000000000000e+00,3.051081742004e+01,6.586703492686e+02,0.000000000000e+00,0.000000000000e+00,0.000000000000e+00,0.000000000000e+00,5.920927692216e-04,6.453811184515e-02,2.704629187872e+02,2.517384948730e+02,0.000000000000e+00,1.061588942797e+00,3.051081742004e+01,5.549299479353e+04,1.090000000000e+02
2.204000000000e+03,1.032568549800e+08,7.064700831471e+04,8.653330017343e+05,4.653294820976e-01,3.074393281548e+02,-1.552255179102e-04,-1.691958145221e-02,0.000000000000e+00,3.414767228667e+01,5.837378403516e+02,0.000000000000e+00,0.000000000000e+00,0.000000000000e+00,0.000000000000e+00,6.283016664138e-04,6.848488163910e-02,2.704256525222e+02,2.516017303467e+02,0.000000000000e+00,1.066297526050e+00,3.414767228667e+01,5.549276394229e+04,1.090000000000e+02
2.205000000000e+03,1.032562490483e+08,7.122131768034e+04,8.692532548398e+05,4.663730468585e-01,3.081424616236e+02,-1.579590448632e-04,-1.721753589009e-02,0.000000000000e+00,3.162161217437e+01,6.059309778027e+02,0.000000000000e+00,0.000000000000e+00,0.000000000000e+00,0.000000000000e+00,4.907957855732e-04,5.349674062748e-02,2.703841619724e+02,2.519206085205e+02,0.000000000000e+00,1.073802958147e+00,3.162161217437e+01,5.549251669526e+04,1.090000000000e+02
2.206000000000e+03,1.032556370334e+08,7.180233822607e+04,8.729209091929e+05,4.672248187090e-01,3.088795181153e+02,-1.499170134256e-04,-1.634095446339e-02,0.000000000000e+00,3.099159781992e+01,6.120121435501e+02,0.000000000000e+00,0.000000000000e+00,0.000000000000e+00,0.000000000000e+00,4.569184285677e-04,4.980410871388e-02,2.703522309385e+02,2.518365478516e+02,0.000000000000e+00,1.080826829328e+00,3.099159781992e+01,5.549233167342e+04,1.090000000000e+02
2.207000000000e+03,1.032549674584e+08,7.245052293637e+04,8.780041764627e+05,4.691972606379e-01,3.093754271348e+02,-1.494090021041e-04,-1.628558122935e-02,0.000000000000e+00,2.138973939693e+01,6.695744496959e+02,0.000000000000e+00,0.000000000000e+00,0.000000000000e+00,0.000000000000e+00,6.925164604138e-04,7.548429418510e-02,2.702528593820e+02,2.510751037598e+02,0.000000000000e+00,1.091061283152e+00,2.138973939693e+01,5.549174683902e+04,1.090000000000e+02
2.208000000000e+03,1.032543262082e+08,7.308457010622e+04,8.832680303520e+05,4.710848726203e-01,3.099890834463e+02,-1.287004371657e-04,-1.402834765106e-02,0.000000000000e+00,7.202906964899e+00,6.412500768158e+02,0.000000000000e+00,0.000000000000e+00,0.000000000000e+00,0.000000000000e+00,7.443637717527e-04,8.113565112105e-02,2.700797606508e+02,2.503266143799e+02,0.000000000000e+00,1.097960988178e+00,7.202906964899e+00,5.549068163586e+04,1.090000000000e+02
2.209000000000e+03,1.032537035085e+08,7.370503631930e+04,8.872171319290e+05,4.721995805839e-01,3.106437280655e+02,-1.213051041959e-04,-1.322225635736e-02,0.000000000000e+00,2.233593835307e+00,6.226998069135e+02,0.000000000000e+00,0.000000000000e+00,0.000000000000e+00,0.000000000000e+00,5.333640888409e-04,5.813668568366e-02,2.699760466365e+02,2.501602478027e+02,0.000000000000e+00,1.106436145246e+00,2.233593835307e+00,5.549001549942e+04,1.090000000000e+02
2.210000000000e+03,1.032531009760e+08,7.430197771663e+04,8.901771211447e+05,4.725875622303e-01,3.114265040484e+02,-1.285802874581e-04,-1.401525133293e-02,0.000000000000e+00,5.591074169214e+00,6.025324714939e+02,0.000000000000e+00,0.000000000000e+00,0.000000000000e+00,0.000000000000e+00,3.618728077492e-04,3.944413604466e-02,2.699158264159e+02,2.511623840332e+02,0.000000000000e+00,1.113439495298e+00,5.591074169214e+00,5.548961219236e+04,1.090000000000e+02
2.211000000000e+03,1.032525177038e+08,7.487844485819e+04,8.934507557901e+05,4.732642149646e-01,3.121274546378e+02,-1.396896999760e-04,-1.522617729739e-02,0.000000000000e+00,6.804926423559e+00,5.832720679860e+02,0.000000000000e+00,0.000000000000e+00,0.000000000000e+00,0.000000000000e+00,4.027716785495e-04,4.390211296190e-02,2.698484573968e+02,2.513104553223e+02,0.000000000000e+00,1.117887000573e+00,6.804926423559e+00,5.548915459854e+04,1.090000000000e+02
2.212000000000e+03,1.032519531879e+08,7.543952311940e+04,8.974832521302e+05,4.744030689733e-01,3.127877271192e+02,-1.223151803042e-04,-1.333235465315e-02,0.000000000000e+00,3.437943441708e+00,5.645162046562e+02,0.000000000000e+00,0.000000000000e+00,0.000000000000e+00,0.000000000000e+00,5.463867346109e-04,5.955615407259e-02,2.697395610624e+02,2.510350799561e+02,0.000000000000e+00,1.124519354169e+00,3.437943441708e+00,5.548841143660e+04,1.090000000000e+02
2.213000000000e+03,1.032514083667e+08,7.598428294177e+04,9.019374279886e+05,4.759336274775e-01,3.133340567093e+02,-1.235278439783e-04,-1.346453499364e-02,0.000000000000e+00,6.141140116402e-02,5.448212337710e+02,0.000000000000e+00,0.000000000000e+00,0.000000000000e+00,0.000000000000e+00,6.152278384143e-04,6.705983438716e-02,2.696162834061e+02,2.509133758545e+02,0.000000000000e+00,1.130931996917e+00,6.141140116402e-02,5.548755090954e+04,1.090000000000e+02
2.214000000000e+03,1.032508809694e+08,7.651168026159e+04,9.069931379958e+05,4.778569415302e-01,3.138292980174e+02,-1.477722622366e-04,-1.610717658378e-02,0.000000000000e+00,0.000000000000e+00,5.273973198138e+02,0.000000000000e+00,0.000000000000e+00,0.000000000000e+00,0.000000000000e+00,6.915220149239e-04,7.537589962671e-02,2.694413359104e+02,2.503815002441e+02,0.000000000000e+00,1.136352405168e+00,0.000000000000e+00,5.548629990689e+04,1.090000000000e+02
2.215000000000e+03,1.032503688842e+08,7.702376545308e+04,9.112087412062e+05,4.790797889006e-01,3.144922784491e+02,-1.431724688512e-04,-1.560579910478e-02,0.000000000000e+00,0.000000000000e+00,5.120851914923e+02,0.000000000000e+00,0.000000000000e+00,0.000000000000e+00,0.000000000000e+00,5.582128251518e-04,6.084519794154e-02,2.692247668891e+02,2.495313720703e+02,0.000000000000e+00,1.141047009867e+00,0.000000000000e+00,5.548469446260e+04,1.090000000000e+02
2.216000000000e+03,1.032498734155e+08,7.751923407451e+04,9.145863374689e+05,4.797959306671e-01,3.151946706648e+02,-1.532586113016e-04,-1.670518863188e-02,0.000000000000e+00,0.000000000000e+00,4.954686214293e+02,0.000000000000e+00,0.000000000000e+00,0.000000000000e+00,0.000000000000e+00,4.089663024829e-04,4.457732697063e-02,2.690471412922e+02,2.494858703613e+02,0.000000000000e+00,1.145342206557e+00,0.000000000000e+00,5.548332128656e+04,1.090000000000e+02
2.217000000000e+03,1.032493972228e+08,7.799542680708e+04,9.178349962795e+05,4.804519628132e-01,3.158880649942e+02,-1.521359672858e-04,-1.658282043416e-02,0.000000000000e+00,0.000000000000e+00,4.761927325716e+02,0.000000000000e+00,0.000000000000e+00,0.000000000000e+00,0.000000000000e+00,3.877836303388e-04,4.226841570693e-02,2.689220221865e+02,2.502594757080e+02,0.000000000000e+00,1.147868018806e+00,0.000000000000e+00,5.548231816209e+04,1.090000000000e+02
2.218000000000e+03,1.032489401385e+08,7.845251111693e+04,9.213195763111e+05,4.812869461545e-01,3.165450512069e+02,-1.308448997901e-04,-1.426209407713e-02,0.000000000000e+00,0.000000000000e+00,4.570843098541e+02,0.000000000000e+00,0.000000000000e+00,0.000000000000e+00,0.000000000000e+00,4.491142901148e-04,4.895345762251e-02,2.687545390783e+02,2.504782257080e+02,0.000000000000e+00,1.150611041914e+00,0.000000000000e+00,5.548094788626e+04,1.090000000000e+02
2.219000000000e+03,1.032484999944e+08,7.889265519926e+04,9.251696451819e+05,4.823732868644e-01,3.171626901569e+02,-1.211486420465e-04,-1.320520198307e-02,0.000000000000e+00,0.000000000000e+00,4.401440823298e+02,0.000000000000e+00,0.000000000000e+00,0.000000000000e+00,0.000000000000e+00,5.206592505056e-04,5.675185830512e-02,2.685326071395e+02,2.498409729004e+02,0.000000000000e+00,1.154274790545e+00,0.000000000000e+00,5.547907703009e+04,1.090000000000e+02
2.220000000000e+03,1.032480785439e+08,7.931410576978e+04,9.298520212908e+05,4.840267320049e-01,3.176847849816e+02,-1.479306811336e-04,-1.612444424356e-02,0.000000000000e+00,0.000000000000e+00,4.214505705198e+02,0.000000000000e+00,0.000000000000e+00,0.000000000000e+00,0.000000000000e+00,6.291876665093e-04,6.858145564951e-02,2.684167725560e+02,2.503921813965e+02,0.000000000000e+00,1.156710356671e+00,0.000000000000e+00,5.547806152842e+04,1.090000000000e+02
2.221000000000e+03,1.032476755462e+08,7.971710338318e+04,9.342084377785e+05,4.853858439916e-01,3.182887321077e+02,-1.566692019933e-04,-1.707694301727e-02,0.000000000000e+00,0.000000000000e+00,4.029976133935e+02,0.000000000000e+00,0.000000000000e+00,0.000000000000e+00,0.000000000000e+00,5.682471456299e-04,6.193893887366e-02,2.682357897291e+02,2.503721160889e+02,0.000000000000e+00,1.158771263084e+00,0.000000000000e+00,5.547644536753e+04,1.090000000000e+02
2.222000000000e+03,1.032472917391e+08,8.010091050851e+04,9.383594112344e+05,4.866482479617e-01,3.188771133462e+02,-1.774937290912e-04,-1.934681647094e-02,0.000000000000e+00,0.000000000000e+00,3.838071253363e+02,0.000000000000e+00,0.000000000000e+00,0.000000000000e+00,0.000000000000e+00,5.106491846532e-04,5.566076112719e-02,2.681709641101e+02,2.512306823730e+02,0.000000000000e+00,1.160315725239e+00,0.000000000000e+00,5.547584386385e+04,1.090000000000e+02
2.223000000000e+03,1.032469296524e+08,8.046299723625e+04,9.436275129419e+05,4.886966755917e-01,3.193229550439e+02,-2.100775726892e-04,-2.289845542313e-02,0.000000000000e+00,0.000000000000e+00,3.620867277333e+02,0.000000000000e+00,0.000000000000e+00,0.000000000000e+00,0.000000000000e+00,6.610000308236e-04,7.204900335978e-02,2.681781969103e+02,2.528276824951e+02,0.000000000000e+00,1.162268183414e+00,0.000000000000e+00,5.547589166534e+04,1.090000000000e+02
2.224000000000e+03,1.032465874221e+08,8.080522750428e+04,9.493971184265e+05,4.910076438740e-01,3.197667046008e+02,-1.899933415731e-04,-2.070927423147e-02,0.000000000000e+00,0.000000000000e+00,3.422302680374e+02,0.000000000000e+00,0.000000000000e+00,0.000000000000e+00,0.000000000000e+00,7.658358759415e-04,8.347611047762e-02,2.681145221603e+02,2.528637695313e+02,0.000000000000e+00,1.163573984935e+00,0.000000000000e+00,5.547529771017e+04,1.090000000000e+02
2.225000000000e+03,1.032462616755e+08,8.113097416490e+04,9.548900666256e+05,4.931220814715e-01,3.202442287069e+02,-1.451067058419e-04,-1.581663093676e-02,0.000000000000e+00,0.000000000000e+00,3.257466606176e+02,0.000000000000e+00,0.000000000000e+00,0.000000000000e+00,0.000000000000e+00,7.664972587465e-04,8.354820120337e-02,2.679941137798e+02,2.530167694092e+02,0.000000000000e+00,1.164632530317e+00,0.000000000000e+00,5.547417447158e+04,1.090000000000e+02
2.226000000000e+03,1.032459522608e+08,8.144038882012e+04,9.605853506437e+05,4.953952709471e-01,3.206790310914e+02,-1.348859191298e-04,-1.470256518515e-02,0.000000000000e+00,0.000000000000e+00,3.094146552222e+02,0.000000000000e+00,0.000000000000e+00,0.000000000000e+00,0.000000000000e+00,8.084882900381e-04,8.812522361415e-02,2.679395247976e+02,2.537395019531e+02,0.000000000000e+00,1.165035874321e+00,0.000000000000e+00,5.547365486704e+04,1.090000000000e+02
2.227000000000e+03,1.032456588628e+08,8.173378679175e+04,9.663718213791e+05,4.977012186124e-01,3.211195089489e+02,-1.495221837869e-04,-1.629791803277e-02,0.000000000000e+00,0.000000000000e+00,2.933979716311e+02,0.000000000000e+00,0.000000000000e+00,0.000000000000e+00,0.000000000000e+00,8.091725930247e-04,8.819981263970e-02,2.678772820229e+02,2.539246063232e+02,0.000000000000e+00,1.166573603396e+00,0.000000000000e+00,5.547305818752e+04,1.090000000000e+02
2.228000000000e+03,1.032453799863e+08,8.201266330971e+04,9.724140179954e+05,5.001904417421e-01,3.215230640584e+02,-1.544687993595e-04,-1.683709913019e-02,0.000000000000e+00,0.000000000000e+00,2.788765179528e+02,0.000000000000e+00,0.000000000000e+00,0.000000000000e+00,0.000000000000e+00,8.467233686678e-04,9.229284718479e-02,2.678088616939e+02,2.538435516357e+02,0.000000000000e+00,1.164993943817e+00,0.000000000000e+00,5.547239832047e+04,1.090000000000e+02
2.229000000000e+03,1.032451140637e+08,8.227858591471e+04,9.788726848685e+05,5.029480308270e-01,3.218895159981e+02,-1.374207800534e-04,-1.497886502582e-02,0.000000000000e+00,0.000000000000e+00,2.659226050002e+02,0.000000000000e+00,0.000000000000e+00,0.000000000000e+00,0.000000000000e+00,9.335138088857e-04,1.017530051685e-01,2.677115774784e+02,2.538814697266e+02,0.000000000000e+00,1.163528921130e+00,0.000000000000e+00,5.547145086513e+04,1.090000000000e+02
2.230000000000e+03,1.032448581406e+08,8.253450902118e+04,9.847234856240e+05,5.052520177302e-01,3.223480639923e+02,-1.269810799602e-04,-1.384093771566e-02,0.000000000000e+00,0.000000000000e+00,2.559231064751e+02,0.000000000000e+00,0.000000000000e+00,0.000000000000e+00,0.000000000000e+00,8.463300750519e-04,9.224997818066e-02,2.675177389805e+02,2.527250061035e+02,0.000000000000e+00,1.165656938570e+00,0.000000000000e+00,5.546952445972e+04,1.090000000000e+02
2.231000000000e+03,1.032446109726e+08,8.278167704293e+04,9.901298713125e+05,5.073056342164e-01,3.228164939988e+02,-1.333969935563e-04,-1.454027229764e-02,0.000000000000e+00,0.000000000000e+00,2.471680217519e+02,0.000000000000e+00,0.000000000000e+00,0.000000000000e+00,0.000000000000e+00,7.662188430653e-04,8.351785389412e-02,2.673377041713e+02,2.526265106201e+02,0.000000000000e+00,1.166843438649e+00,0.000000000000e+00,5.546768491770e+04,1.090000000000e+02
2.232000000000e+03,1.032443733115e+08,8.301933810179e+04,9.954435401833e+05,5.092945231852e-01,3.232896330700e+02,-1.413882028424e-04,-1.541131410982e-02,0.000000000000e+00,0.000000000000e+00,2.376610588541e+02,0.000000000000e+00,0.000000000000e+00,0.000000000000e+00,0.000000000000e+00,7.416251600947e-04,8.083714245033e-02,2.672046776707e+02,2.530519561768e+02,0.000000000000e+00,1.168888926022e+00,0.000000000000e+00,5.546629223271e+04,1.090000000000e+02
2.233000000000e+03,1.032444180393e+08,8.297461032206e+04,1.001800348581e+06,5.118877325664e-01,3.237175939375e+02,-1.300562469953e-04,-1.417613092249e-02,0.000000000000e+00,0.000000000000e+00,-4.472777973298e+01,0.000000000000e+00,0.000000000000e+00,0.000000000000e+00,0.000000000000e+00,9.273690662468e-04,1.010832282209e-01,2.670324896146e+02,2.524792022705e+02,0.000000000000e+00,1.164259296393e+00,0.000000000000e+00,5.546428896452e+04,1.090000000000e+02
2.234000000000e+03,1.032441421967e+08,8.325045288522e+04,1.007539853316e+06,5.140685549254e-01,3.241968109883e+02,-1.338882387674e-04,-1.459381802565e-02,0.000000000000e+00,0.000000000000e+00,2.758425631650e+02,0.000000000000e+00,0.000000000000e+00,0.000000000000e+00,0.000000000000e+00,8.184322349481e-04,8.920911360935e-02,2.669313228373e+02,2.520738525391e+02,0.000000000000e+00,1.168055592689e+00,0.000000000000e+00,5.546330688746e+04,1.090000000000e+02
2.235000000000e+03,1.032438905702e+08,8.350207939258e+04,1.011630518845e+06,5.153279040055e-01,3.247257958720e+02,-1.515512178297e-04,-1.651908274344e-02,0.000000000000e+00,0.000000000000e+00,2.516265073582e+02,0.000000000000e+00,0.000000000000e+00,0.000000000000e+00,0.000000000000e+00,5.293257078420e-04,5.769650215478e-02,2.668034941417e+02,2.520551757812e+02,0.000000000000e+00,1.169722259356e+00,0.000000000000e+00,5.546190540252e+04,1.090000000000e+02
2.236000000000e+03,1.032436577594e+08,8.373489019969e+04,1.016240242840e+06,5.169847519584e-01,3.251687379967e+02,-1.506533263459e-04,-1.642121257170e-02,0.000000000000e+00,0.000000000000e+00,2.328108071078e+02,0.000000000000e+00,0.000000000000e+00,0.000000000000e+00,0.000000000000e+00,6.163617421378e-04,6.718342989302e-02,2.666717664426e+02,2.516903991699e+02,0.000000000000e+00,1.170422362620e+00,0.000000000000e+00,5.546042452708e+04,1.090000000000e+02
2.237000000000e+03,1.032434365958e+08,8.395605378398e+04,1.020128668391e+06,5.178947633065e-01,3.258513625138e+02,-1.332177863721e-04,-1.452073871456e-02,0.000000000000e+00,0.000000000000e+00,2.211635842957e+02,0.000000000000e+00,0.000000000000e+00,0.000000000000e+00,0.000000000000e+00,5.162157617703e-04,5.626751803296e-02,2.664948515668e+02,2.509975128174e+02,0.000000000000e+00,1.171805508965e+00,0.000000000000e+00,5.545838555648e+04,1.090000000000e+02
2.238000000000e+03,1.032432252006e+08,8.416744903360e+04,1.023405893582e+06,5.185801660575e-01,3.264733156165e+02,-1.339789107899e-04,-1.460370127610e-02,0.000000000000e+00,0.000000000000e+00,2.113952496159e+02,0.000000000000e+00,0.000000000000e+00,0.000000000000e+00,0.000000000000e+00,4.118922508034e-04,4.489625533757e-02,2.663905678997e+02,2.515601043701e+02,0.000000000000e+00,1.172453657113e+00,0.000000000000e+00,5.545716445977e+04,1.090000000000e+02
2.239000000000e+03,1.032430240098e+08,8.436863982484e+04,1.027754631888e+06,5.199860967684e-01,3.269751090558e+02,-1.409579388990e-04,-1.536441534000e-02,0.000000000000e+00,0.000000000000e+00,2.011907912466e+02,0.000000000000e+00,0.000000000000e+00,0.000000000000e+00,0.000000000000e+00,5.789658245962e-04,6.310727488099e-02,2.663761716957e+02,2.528369598389e+02,0.000000000000e+00,1.172626594966e+00,0.000000000000e+00,5.545699851773e+04,1.090000000000e+02
2.240000000000e+03,1.032428310459e+08,8.456160374978e+04,1.032816350148e+06,5.218237700002e-01,3.274392957064e+02,-1.437778575458e-04,-1.567178647250e-02,0.000000000000e+00,0.000000000000e+00,1.929639249311e+02,0.000000000000e+00,0.000000000000e+00,0.000000000000e+00,0.000000000000e+00,6.993183803254e-04,7.622570345547e-02,2.662214615179e+02,2.511847381592e+02,0.000000000000e+00,1.172249180245e+00,0.000000000000e+00,5.545513940832e+04,1.090000000000e+02
2.241000000000e+03,1.032426434222e+08,8.474922741626e+04,1.036641649835e+06,5.228141224191e-01,3.280464878194e+02,-1.216312977471e-04,-1.325781145443e-02,0.000000000000e+00,0.000000000000e+00,1.876236664874e+02,0.000000000000e+00,0.000000000000e+00,0.000000000000e+00,0.000000000000e+00,5.200970918952e-04,5.669058301658e-02,2.659882391625e+02,2.503520812988e+02,0.000000000000e+00,1.172394807421e+00,0.000000000000e+00,5.545226840033e+04,1.090000000000e+02
2.242000000000e+03,1.032424612712e+08,8.493137837841e+04,1.040306980193e+06,5.237871605847e-01,3.286057453110e+02,-9.473803360068e-05,-1.032644566247e-02,0.000000000000e+00,0.000000000000e+00,1.821509621483e+02,0.000000000000e+00,0.000000000000e+00,0.000000000000e+00,0.000000000000e+00,5.173942312162e-04,5.639597120256e-02,2.658417449567e+02,2.515233459473e+02,0.000000000000e+00,1.173186711414e+00,0.000000000000e+00,5.545042594700e+04,1.090000000000e+02
2.243000000000e+03,1.032422859792e+08,8.510667040274e+04,1.044522342273e+06,5.250753258377e-01,3.291307597988e+02,-8.908875168983e-05,-9.710673934192e-03,0.000000000000e+00,0.000000000000e+00,1.752920243283e+02,0.000000000000e+00,0.000000000000e+00,0.000000000000e+00,0.000000000000e+00,6.098803960306e-04,6.647696316733e-02,2.658026082813e+02,2.524405059814e+02,0.000000000000e+00,1.172974457383e+00,0.000000000000e+00,5.544993367094e+04,1.090000000000e+02
2.244000000000e+03,1.032421180543e+08,8.527459535900e+04,1.049628767794e+06,5.269505175855e-01,3.295624167560e+02,-1.122801500201e-04,-1.223853635219e-02,0.000000000000e+00,0.000000000000e+00,1.679249562607e+02,0.000000000000e+00,0.000000000000e+00,0.000000000000e+00,0.000000000000e+00,7.323644619365e-04,7.982772635108e-02,2.658077584564e+02,2.527494659424e+02,0.000000000000e+00,1.172176960331e+00,0.000000000000e+00,5.545000552286e+04,1.090000000000e+02
2.245000000000e+03,1.032419573109e+08,8.543533872771e+04,1.055053563203e+06,5.289751905636e-01,3.299960718917e+02,-1.218336971022e-04,-1.327987298414e-02,0.000000000000e+00,0.000000000000e+00,1.607433687126e+02,0.000000000000e+00,0.000000000000e+00,0.000000000000e+00,0.000000000000e+00,7.748146816901e-04,8.445480030422e-02,2.658295426745e+02,2.531639709473e+02,0.000000000000e+00,1.170905097889e+00,0.000000000000e+00,5.545028981361e+04,1.090000000000e+02
2.246000000000e+03,1.032418031904e+08,8.558945918137e+04,1.060639063439e+06,5.311213833057e-01,3.304021240575e+02,-1.336750289102e-04,-1.457057815121e-02,0.000000000000e+00,0.000000000000e+00,1.541204536572e+02,0.000000000000e+00,0.000000000000e+00,0.000000000000e+00,0.000000000000e+00,7.902238265080e-04,8.613439708937e-02,2.658348504072e+02,2.537136688232e+02,0.000000000000e+00,1.171182875667e+00,0.000000000000e+00,5.545036254105e+04,1.090000000000e+02
2.247000000000e+03,1.032416538052e+08,8.573884441042e+04,1.065944620629e+06,5.330791439348e-01,3.308465168019e+02,-1.155526211993e-04,-1.259523571072e-02,0.000000000000e+00,0.000000000000e+00,1.493852290497e+02,0.000000000000e+00,0.000000000000e+00,0.000000000000e+00,0.000000000000e+00,7.681913754632e-04,8.373285992549e-02,2.656898823808e+02,2.519697570801e+02,0.000000000000e+00,1.171685747194e+00,0.000000000000e+00,5.544849755875e+04,1.090000000000e+02
2.248000000000e+03,1.032415082867e+08,8.588436289303e+04,1.071870583465e+06,5.354770497160e-01,3.312028822230e+02,-1.179681637919e-04,-1.285852985331e-02,0.000000000000e+00,0.000000000000e+00,1.455184826059e+02,0.000000000000e+00,0.000000000000e+00,0.000000000000e+00,0.000000000000e+00,8.661951934042e-04,9.441527608106e-02,2.656010021510e+02,2.524085693359e+02,0.000000000000e+00,1.172163326487e+00,0.000000000000e+00,5.544734920276e+04,1.090000000000e+02
2.249000000000e+03,1.032413675256e+08,8.602512399867e+04,1.077728069697e+06,5.377478126641e-01,3.316086312620e+02,-1.260301272412e-04,-1.373728386929e-02,0.000000000000e+00,0.000000000000e+00,1.407611056399e+02,0.000000000000e+00,0.000000000000e+00,0.000000000000e+00,0.000000000000e+00,8.442433538547e-04,9.202252557016e-02,2.655742426066e+02,2.533397979736e+02,0.000000000000e+00,1.172533696857e+00,0.000000000000e+00,5.544700922652e+04,1.090000000000e+02
2.250000000000e+03,1.032412312761e+08,8.616137350914e+04,1.082399543111e+06,5.392621694876e-01,3.321150541221e+02,-9.701269912458e-05,-1.057438420458e-02,0.000000000000e+00,0.000000000000e+00,1.362495104778e+02,0.000000000000e+00,0.000000000000e+00,0.000000000000e+00,0.000000000000e+00,6.782539004199e-04,7.392967514577e-02,2.655193104752e+02,2.535629119873e+02,0.000000000000e+00,1.172718882043e+00,0.000000000000e+00,5.544629099863e+04,1.090000000000e+02
2.251000000000e+03,1.032410989443e+08,8.629370533906e+04,1.086664637090e+06,5.405681930938e-01,3.326228563568e+02,-8.048167600737e-05,-8.772502684803e-03,0.000000000000e+00,0.000000000000e+00,1.323318299189e+02,0.000000000000e+00,0.000000000000e+00,0.000000000000e+00,0.000000000000e+00,6.277698390252e-04,6.842691245375e-02,2.654597996964e+02,2.533247375488e+02,0.000000000000e+00,1.172269759687e+00,0.000000000000e+00,5.544550962068e+04,1.090000000000e+02
2.252000000000e+03,1.032409703915e+08,8.642225812056e+04,1.091005536663e+06,5.420561153199e-01,3.330394369268e+02,-7.941553040691e-05,-8.656292814353e-03,0.000000000000e+00,0.000000000000e+00,1.285527814948e+02,0.000000000000e+00,0.000000000000e+00,0.000000000000e+00,0.000000000000e+00,6.413113151277e-04,6.990293334892e-02,2.654026769325e+02,2.534742431641e+02,0.000000000000e+00,1.172244536725e+00,0.000000000000e+00,5.544475533251e+04,1.090000000000e+02
2.253000000000e+03,1.032408451571e+08,8.654749251807e+04,1.094870962114e+06,5.429563459566e-01,3.336721293613e+02,-6.251076996911e-05,-6.813673926633e-03,0.000000000000e+00,0.000000000000e+00,1.252343975163e+02,0.000000000000e+00,0.000000000000e+00,0.000000000000e+00,0.000000000000e+00,5.808240089345e-04,6.330981697386e-02,2.653175531226e+02,2.537136230469e+02,0.000000000000e+00,1.172218783431e+00,0.000000000000e+00,5.544361355472e+04,1.090000000000e+02
2.254000000000e+03,1.032407235506e+08,8.666909900789e+04,1.098780395080e+06,5.440397992087e-01,3.341964859090e+02,-6.028449081531e-05,-6.571009498869e-03,0.000000000000e+00,0.000000000000e+00,1.216064898113e+02,0.000000000000e+00,0.000000000000e+00,0.000000000000e+00,0.000000000000e+00,5.865016868366e-04,6.392868386519e-02,2.653187890623e+02,2.548011016846e+02,0.000000000000e+00,1.171907139989e+00,0.000000000000e+00,5.544364721443e+04,1.090000000000e+02
2.255000000000e+03,1.032406053157e+08,8.678733385267e+04,1.103283439797e+06,5.455181170501e-01,3.346610804477e+02,-7.053811289891e-05,-7.688654305982e-03,0.000000000000e+00,0.000000000000e+00,1.182348447816e+02,0.000000000000e+00,0.000000000000e+00,0.000000000000e+00,0.000000000000e+00,6.769537948091e-04,7.378796363419e-02,2.652654123050e+02,2.546492462158e+02,0.000000000000e+00,1.171999732581e+00,0.000000000000e+00,5.544292805693e+04,1.090000000000e+02
2.256000000000e+03,1.032405549743e+08,8.683767530015e+04,1.106519092345e+06,5.461082628491e-01,3.352896581135e+02,-5.491760493718e-05,-5.986018938152e-03,0.000000000000e+00,0.000000000000e+00,5.034144747976e+01,0.000000000000e+00,0.000000000000e+00,0.000000000000e+00,0.000000000000e+00,4.858511885060e-04,5.295777954715e-02,2.651503613087e+02,2.534848632813e+02,0.000000000000e+00,1.169714107581e+00,0.000000000000e+00,5.544130718841e+04,1.090000000000e+02
2.257000000000e+03,1.032406290096e+08,8.676363995442e+04,1.109746869593e+06,5.468573638565e-01,3.358172415795e+02,-4.435173138005e-05,-4.834338720425e-03,0.000000000000e+00,0.000000000000e+00,-7.403534572444e+01,0.000000000000e+00,0.000000000000e+00,0.000000000000e+00,0.000000000000e+00,4.953260688242e-04,5.399054150184e-02,2.650376934300e+02,2.530272521973e+02,0.000000000000e+00,1.167710936209e+00,0.000000000000e+00,5.543963204527e+04,1.090000000000e+02
2.258000000000e+03,1.032404877671e+08,8.690488247363e+04,1.114151032081e+06,5.481470537962e-01,3.363618583918e+02,-6.416986346773e-05,-6.994515117982e-03,0.000000000000e+00,0.000000000000e+00,1.412425192126e+02,0.000000000000e+00,0.000000000000e+00,0.000000000000e+00,0.000000000000e+00,6.674596817873e-04,7.275310531481e-02,2.649690232594e+02,2.532356414795e+02,0.000000000000e+00,1.169619146488e+00,0.000000000000e+00,5.543878594805e+04,1.090000000000e+02
2.259000000000e+03,1.032403424320e+08,8.705021757461e+04,1.118013361550e+06,5.492419398575e-01,3.368571733276e+02,-8.020024738350e-05,-8.741826964801e-03,0.000000000000e+00,0.000000000000e+00,1.453351009770e+02,0.000000000000e+00,0.000000000000e+00,0.000000000000e+00,0.000000000000e+00,5.601244350481e-04,6.105356342025e-02,2.649413414241e+02,2.536759490967e+02,0.000000000000e+00,1.169443624996e+00,0.000000000000e+00,5.543843702773e+04,1.090000000000e+02
2.260000000000e+03,1.032402106602e+08,8.718198940607e+04,1.121320888038e+06,5.499605639701e-01,3.374144830624e+02,-9.325548148234e-05,-1.016484748158e-02,0.000000000000e+00,0.000000000000e+00,1.317718314603e+02,0.000000000000e+00,0.000000000000e+00,0.000000000000e+00,0.000000000000e+00,4.553159215484e-04,4.962943544877e-02,2.649139330355e+02,2.542370605469e+02,0.000000000000e+00,1.168813984118e+00,0.000000000000e+00,5.543807277722e+04,1.090000000000e+02
2.261000000000e+03,1.032400863028e+08,8.730634681389e+04,1.124521089963e+06,5.507166629469e-01,3.379175212666e+02,-8.726812644446e-05,-9.512225782446e-03,0.000000000000e+00,0.000000000000e+00,1.243574078230e+02,0.000000000000e+00,0.000000000000e+00,0.000000000000e+00,0.000000000000e+00,4.448809156777e-04,4.849201980887e-02,2.648593641242e+02,2.541549987793e+02,0.000000000000e+00,1.169369539674e+00,0.000000000000e+00,5.543731194479e+04,1.090000000000e+02
2.262000000000e+03,1.032399672956e+08,8.742535401868e+04,1.128138591552e+06,5.516801986753e-01,3.384168964834e+02,-7.039520376240e-05,-7.673077210101e-03,0.000000000000e+00,0.000000000000e+00,1.190072047860e+02,0.000000000000e+00,0.000000000000e+00,0.000000000000e+00,0.000000000000e+00,5.306949179639e-04,5.784574605807e-02,2.648077893112e+02,2.539223632813e+02,0.000000000000e+00,1.169832502637e+00,0.000000000000e+00,5.543659075201e+04,1.090000000000e+02
2.263000000000e+03,1.032398525663e+08,8.754008323349e+04,1.131468306462e+06,5.523451581878e-01,3.390109906616e+02,-5.341075426701e-05,-5.821772215104e-03,0.000000000000e+00,0.000000000000e+00,1.147292148127e+02,0.000000000000e+00,0.000000000000e+00,0.000000000000e+00,0.000000000000e+00,4.997672073047e-04,5.447462559622e-02,2.647626686319e+02,2.538805236816e+02,0.000000000000e+00,1.169634072312e+00,0.000000000000e+00,5.543595873789e+04,1.090000000000e+02
2.264000000000e+03,1.032397413654e+08,8.765128420549e+04,1.134066326805e+06,5.526762331282e-01,3.395937979565e+02,-3.646824097962e-05,-3.975038266778e-03,0.000000000000e+00,0.000000000000e+00,1.112009720000e+02,0.000000000000e+00,0.000000000000e+00,0.000000000000e+00,0.000000000000e+00,3.978717350710e-04,4.336801912274e-02,2.646727617673e+02,2.531322937012e+02,0.000000000000e+00,1.170492879089e+00,0.000000000000e+00,5.543466462852e+04,1.090000000000e+02
2.265000000000e+03,1.032396333454e+08,8.775930423459e+04,1.138343661024e+06,5.541736154479e-01,3.399549784878e+02,-5.222975393749e-05,-5.693043179186e-03,0.000000000000e+00,0.000000000000e+00,1.080200290952e+02,0.000000000000e+00,0.000000000000e+00,0.000000000000e+00,0.000000000000e+00,6.564280694061e-04,7.155065956527e-02,2.646556427920e+02,2.538346862793e+02,0.000000000000e+00,1.170678064274e+00,0.000000000000e+00,5.543443870478e+04,1.090000000000e+02
2.266000000000e+03,1.032395284029e+08,8.786424671842e+04,1.142049609068e+06,5.550169037754e-01,3.405467814979e+02,-6.210080971393e-05,-6.768988258818e-03,0.000000000000e+00,0.000000000000e+00,1.049424838308e+02,0.000000000000e+00,0.000000000000e+00,0.000000000000e+00,0.000000000000e+00,5.530363908281e-04,6.028096660026e-02,2.646183871113e+02,2.539913330078e+02,0.000000000000e+00,1.170770656867e+00,0.000000000000e+00,5.543390796321e+04,1.090000000000e+02
2.267000000000e+03,1.032394261092e+08,8.796654037097e+04,1.145768795722e+06,5.560836038776e-01,3.410065451120e+02,-6.365039836963e-05,-6.937893422290e-03,0.000000000000e+00,0.000000000000e+00,1.022936525506e+02,0.000000000000e+00,0.000000000000e+00,0.000000000000e+00,0.000000000000e+00,5.552753577635e-04,6.052501399622e-02,2.645501677224e+02,2.537506408691e+02,0.000000000000e+00,1.170079276067e+00,0.000000000000e+00,5.543291401837e+04,1.090000000000e+02
2.268000000000e+03,1.032393261767e+08,8.806647285041e+04,1.149416295244e+06,5.569974633982e-01,3.415372455377e+02,-7.039691783660e-05,-7.673264044190e-03,0.000000000000e+00,0.000000000000e+00,9.993247943648e+01,0.000000000000e+00,0.000000000000e+00,0.000000000000e+00,0.000000000000e+00,5.368328842257e-04,5.851478438060e-02,2.644794526168e+02,2.531352996826e+02,0.000000000000e+00,1.170445471519e+00,0.000000000000e+00,5.543187788884e+04,1.090000000000e+02
2.269000000000e+03,1.032392287403e+08,8.816390927863e+04,1.152545212938e+06,5.574703566729e-01,3.421720938070e+02,-4.587993556139e-05,-5.000912976191e-03,0.000000000000e+00,0.000000000000e+00,9.743642821844e+01,0.000000000000e+00,0.000000000000e+00,0.000000000000e+00,0.000000000000e+00,4.695387302951e-04,5.117972160217e-02,2.645248810382e+02,2.549983367920e+02,0.000000000000e+00,1.169221128022e+00,0.000000000000e+00,5.543258568914e+04,1.090000000000e+02
2.270000000000e+03,1.032391339693e+08,8.825868029900e+04,1.155834224740e+06,5.581754280843e-01,3.427084448956e+02,-4.556245672674e-05,-4.966307783215e-03,0.000000000000e+00,0.000000000000e+00,9.477102037725e+01,0.000000000000e+00,0.000000000000e+00,0.000000000000e+00,0.000000000000e+00,4.950688370406e-04,5.396250323742e-02,2.645958800482e+02,2.559228820801e+02,0.000000000000e+00,1.167537426557e+00,0.000000000000e+00,5.543366103146e+04,1.090000000000e+02
2.271000000000e+03,1.032390416671e+08,8.835098245822e+04,1.159048557081e+06,5.588828634696e-01,3.432239358741e+02,-4.911629004825e-05,-5.353675615260e-03,0.000000000000e+00,0.000000000000e+00,9.230215921895e+01,0.000000000000e+00,0.000000000000e+00,0.000000000000e+00,0.000000000000e+00,4.814240660962e-04,5.247522320449e-02,2.646228726911e+02,2.558812561035e+02,0.000000000000e+00,1.167630019150e+00,0.000000000000e+00,5.543407506898e+04,1.090000000000e+02
2.272000000000e+03,1.032389516517e+08,8.844099784363e+04,1.162250713939e+06,5.595365877551e-01,3.437641518759e+02,-3.222668098284e-05,-3.512708227130e-03,0.000000000000e+00,0.000000000000e+00,9.001538540576e+01,0.000000000000e+00,0.000000000000e+00,0.000000000000e+00,0.000000000000e+00,4.944162797390e-04,5.389137449155e-02,2.646864373507e+02,2.567831115723e+02,0.000000000000e+00,1.167630019150e+00,0.000000000000e+00,5.543502943322e+04,1.090000000000e+02
2.273000000000e+03,1.032388636910e+08,8.852895860061e+04,1.166446473088e+06,5.610786419924e-01,3.440571330092e+02,-1.974391511792e-05,-2.152086747853e-03,0.000000000000e+00,0.000000000000e+00,8.796075697886e+01,0.000000000000e+00,0.000000000000e+00,0.000000000000e+00,0.000000000000e+00,6.747428272096e-04,7.354696816585e-02,2.646834681511e+02,2.560948791504e+02,0.000000000000e+00,1.167088304201e+00,0.000000000000e+00,5.543500014141e+04,1.090000000000e+02
2.274000000000e+03,1.032387771376e+08,8.861551193324e+04,1.171129360346e+06,5.626847916357e-01,3.444618411092e+02,-2.897269771692e-05,-3.158024051144e-03,0.000000000000e+00,0.000000000000e+00,8.655333263308e+01,0.000000000000e+00,0.000000000000e+00,0.000000000000e+00,0.000000000000e+00,7.513560308957e-04,8.189780736763e-02,2.645791314849e+02,2.543579406738e+02,0.000000000000e+00,1.167366081979e+00,0.000000000000e+00,5.543347750245e+04,1.090000000000e+02
2.275000000000e+03,1.032386918453e+08,8.870080428691e+04,1.175984657301e+06,5.644003902185e-01,3.448468873116e+02,-2.865074424325e-05,-3.122931122514e-03,0.000000000000e+00,0.000000000000e+00,8.529235367523e+01,0.000000000000e+00,0.000000000000e+00,0.000000000000e+00,0.000000000000e+00,7.796271145375e-04,8.497935548459e-02,2.644874322198e+02,2.539071044922e+02,0.000000000000e+00,1.167366081979e+00,0.000000000000e+00,5.543213403080e+04,1.090000000000e+02
2.276000000000e+03,1.032386080313e+08,8.878461829701e+04,1.179635216355e+06,5.652254310179e-01,3.454137893235e+02,-5.776073595216e-06,-6.295920218785e-04,0.000000000000e+00,0.000000000000e+00,8.381401009448e+01,0.000000000000e+00,0.000000000000e+00,0.000000000000e+00,0.000000000000e+00,5.991645274970e-04,6.530893349717e-02,2.644714391746e+02,2.550620422363e+02,0.000000000000e+00,1.167458674572e+00,0.000000000000e+00,5.543192031651e+04,1.090000000000e+02
2.277000000000e+03,1.032387107707e+08,8.868187888759e+04,1.182987722785e+06,5.658463119017e-01,3.460136458066e+02,-5.047344809312e-06,-5.501605842150e-04,0.000000000000e+00,0.000000000000e+00,-1.027394094211e+02,0.000000000000e+00,0.000000000000e+00,0.000000000000e+00,0.000000000000e+00,5.488393268553e-04,5.982348662723e-02,2.644951923430e+02,2.561318969727e+02,0.000000000000e+00,1.162714945758e+00,0.000000000000e+00,5.543219583817e+04,1.090000000000e+02
2.278000000000e+03,1.032386963850e+08,8.869626452054e+04,1.186619295451e+06,5.668356391195e-01,3.464644308932e+02,-2.624832438966e-05,-2.861067358473e-03,0.000000000000e+00,0.000000000000e+00,1.438563295135e+01,0.000000000000e+00,0.000000000000e+00,0.000000000000e+00,0.000000000000e+00,5.715920906979e-04,6.230353788607e-02,2.645537615624e+02,2.568470153809e+02,0.000000000000e+00,1.162685755943e+00,0.000000000000e+00,5.543309993026e+04,1.090000000000e+02
2.279000000000e+03,1.032385701128e+08,8.882253679711e+04,1.190254530872e+06,5.677149664341e-01,3.469820961163e+02,-2.772653779437e-05,-3.022192619587e-03,0.000000000000e+00,0.000000000000e+00,1.262722765760e+02,0.000000000000e+00,0.000000000000e+00,0.000000000000e+00,0.000000000000e+00,5.708141670636e-04,6.221874420994e-02,2.646080682477e+02,2.572004699707e+02,0.000000000000e+00,1.163743911019e+00,0.000000000000e+00,5.543397197035e+04,1.090000000000e+02
2.280000000000e+03,1.032384657735e+08,8.892687602424e+04,1.194041174019e+06,5.688519264119e-01,3.473849867111e+02,-1.810422420527e-05,-1.973360438374e-03,0.000000000000e+00,0.000000000000e+00,1.043392271247e+02,0.000000000000e+00,0.000000000000e+00,0.000000000000e+00,0.000000000000e+00,6.055839786256e-04,6.600865367019e-02,2.646630845268e+02,2.573688354492e+02,0.000000000000e+00,1.164669836945e+00,0.000000000000e+00,5.543481347378e+04,1.090000000000e+02
2.281000000000e+03,1.032383691582e+08,8.902349137391e+04,1.197114330917e+06,5.694175093549e-01,3.479272011822e+02,2.511287637711e-06,2.737303525105e-04,0.000000000000e+00,0.000000000000e+00,9.661534967407e+01,0.000000000000e+00,0.000000000000e+00,0.000000000000e+00,0.000000000000e+00,5.077332540553e-04,5.534292469202e-02,2.647260701715e+02,2.580736083984e+02,0.000000000000e+00,1.164523166886e+00,0.000000000000e+00,5.543575814436e+04,1.090000000000e+02
2.282000000000e+03,1.032382771692e+08,8.911548035713e+04,1.200351186846e+06,5.701700588933e-01,3.484033131389e+02,4.489974970451e-06,4.894072717791e-04,0.000000000000e+00,0.000000000000e+00,9.198898321853e+01,0.000000000000e+00,0.000000000000e+00,0.000000000000e+00,0.000000000000e+00,5.377878002628e-04,5.861887022865e-02,2.647705166658e+02,2.582598876953e+02,0.000000000000e+00,1.164708352071e+00,0.000000000000e+00,5.543642333835e+04,1.090000000000e+02
2.283000000000e+03,1.032381885667e+08,8.920408289641e+04,1.204858070706e+06,5.717024695578e-01,3.487713235399e+02,-1.427974354334e-05,-1.556492046224e-03,0.000000000000e+00,0.000000000000e+00,8.860253927998e+01,0.000000000000e+00,0.000000000000e+00,0.000000000000e+00,0.000000000000e+00,7.300085851385e-04,7.957093578010e-02,2.647993738797e+02,2.582938537598e+02,0.000000000000e+00,1.164185770150e+00,0.000000000000e+00,5.543685910443e+04,1.090000000000e+02
2.284000000000e+03,1.032381026584e+08,8.928999120008e+04,1.209848050477e+06,5.734586319122e-01,3.491398960140e+02,-1.960408075426e-05,-2.136844802214e-03,0.000000000000e+00,0.000000000000e+00,8.590830366740e+01,0.000000000000e+00,0.000000000000e+00,0.000000000000e+00,0.000000000000e+00,8.042541558936e-04,8.766370299240e-02,2.648353210473e+02,2.583962707520e+02,0.000000000000e+00,1.164370955335e+00,0.000000000000e+00,5.543739584303e+04,1.090000000000e+02
2.285000000000e+03,1.032380189908e+08,8.937365882419e+04,1.214065533076e+06,5.747044752346e-01,3.495934049376e+02,-7.360028613034e-06,-8.022431188207e-04,0.000000000000e+00,0.000000000000e+00,8.366762410833e+01,0.000000000000e+00,0.000000000000e+00,0.000000000000e+00,0.000000000000e+00,6.882479428854e-04,7.501902577451e-02,2.648791225072e+02,2.586511230469e+02,0.000000000000e+00,1.163830190680e+00,0.000000000000e+00,5.543804193233e+04,1.090000000000e+02
2.286000000000e+03,1.032379372559e+08,8.945539365737e+04,1.218705759843e+06,5.763283010687e-01,3.499358799906e+02,1.930113718056e-05,2.103823952681e-03,0.000000000000e+00,0.000000000000e+00,8.173483318574e+01,0.000000000000e+00,0.000000000000e+00,0.000000000000e+00,0.000000000000e+00,7.843584569539e-04,8.549507180798e-02,2.649327507192e+02,2.590455932617e+02,0.000000000000e+00,1.163338839253e+00,0.000000000000e+00,5.543882302623e+04,1.090000000000e+02
2.287000000000e+03,1.032378572210e+08,8.953542858613e+04,1.223481051608e+06,5.779586912924e-01,3.503116361756e+02,3.686387393325e-05,4.018162258724e-03,0.000000000000e+00,0.000000000000e+00,8.003492875271e+01,0.000000000000e+00,0.000000000000e+00,0.000000000000e+00,0.000000000000e+00,8.245704715110e-04,8.987818139469e-02,2.649807319679e+02,2.592492065430e+02,0.000000000000e+00,1.162778292920e+00,0.000000000000e+00,5.543951732660e+04,1.090000000000e+02
2.288000000000e+03,1.032377786538e+08,8.961399582484e+04,1.227458415895e+06,5.791317009005e-01,3.507361989344e+02,6.472827621847e-05,7.055382107814e-03,0.000000000000e+00,0.000000000000e+00,7.856723871778e+01,0.000000000000e+00,0.000000000000e+00,0.000000000000e+00,0.000000000000e+00,7.215245355852e-04,7.864617437879e-02,2.650066266676e+02,2.592140502930e+02,0.000000000000e+00,1.161492245008e+00,0.000000000000e+00,5.543989663443e+04,1.090000000000e+02
2.289000000000e+03,1.032377014137e+08,8.969123590066e+04,1.231721211373e+06,5.805432868581e-01,3.510945318864e+02,7.242342440990e-05,7.894153260679e-03,0.000000000000e+00,0.000000000000e+00,7.724007581237e+01,0.000000000000e+00,0.000000000000e+00,0.000000000000e+00,0.000000000000e+00,7.755449294152e-04,8.453439730626e-02,2.650499481354e+02,2.595045776367e+02,0.000000000000e+00,1.160609848440e+00,0.000000000000e+00,5.544052027911e+04,1.090000000000e+02
2.290000000000e+03,1.032376254357e+08,8.976721384804e+04,1.235467809424e+06,5.815331809688e-01,3.515566686150e+02,5.938073470908e-05,6.472500083290e-03,0.000000000000e+00,0.000000000000e+00,7.597794738717e+01,0.000000000000e+00,0.000000000000e+00,0.000000000000e+00,0.000000000000e+00,6.756759318841e-04,7.364867657536e-02,2.651207652852e+02,2.601454162598e+02,0.000000000000e+00,1.159975540899e+00,0.000000000000e+00,5.544152144978e+04,1.090000000000e+02
2.291000000000e+03,1.032375505926e+08,8.984205700215e+04,1.239420534485e+06,5.827583130345e-01,3.519343584912e+02,5.820633775248e-05,6.344490815020e-03,0.000000000000e+00,0.000000000000e+00,7.484315410969e+01,0.000000000000e+00,0.000000000000e+00,0.000000000000e+00,0.000000000000e+00,7.090174454581e-04,7.728290155493e-02,2.651840372920e+02,2.603712158203e+02,0.000000000000e+00,1.158715359403e+00,0.000000000000e+00,5.544240782830e+04,1.090000000000e+02
2.292000000000e+03,1.032374767811e+08,8.991586848530e+04,1.243550670984e+06,5.840336572818e-01,3.523296258692e+02,7.062292806527e-05,7.697899159114e-03,0.000000000000e+00,0.000000000000e+00,7.381148314869e+01,0.000000000000e+00,0.000000000000e+00,0.000000000000e+00,0.000000000000e+00,7.503085853527e-04,8.178363580344e-02,2.652567843642e+02,2.609060668945e+02,0.000000000000e+00,1.156978639153e+00,0.000000000000e+00,5.544341652184e+04,1.090000000000e+02
2.293000000000e+03,1.032374039067e+08,8.998874289597e+04,1.246945384034e+06,5.848630445040e-01,3.527848596623e+02,8.422654607887e-05,9.180693522596e-03,0.000000000000e+00,0.000000000000e+00,7.287441066969e+01,0.000000000000e+00,0.000000000000e+00,0.000000000000e+00,0.000000000000e+00,6.426982467220e-04,7.005410889270e-02,2.653204949606e+02,2.612587280273e+02,0.000000000000e+00,1.156320181248e+00,0.000000000000e+00,5.544429247807e+04,1.090000000000e+02
2.294000000000e+03,1.032373319398e+08,9.006070977183e+04,1.249727327161e+06,5.853727938717e-01,3.532547215298e+02,1.133379299966e-04,1.235383436963e-02,0.000000000000e+00,0.000000000000e+00,7.196687586295e+01,0.000000000000e+00,0.000000000000e+00,0.000000000000e+00,0.000000000000e+00,5.682157847585e-04,6.193552053867e-02,2.654283434117e+02,2.623363647461e+02,0.000000000000e+00,1.156227588655e+00,0.000000000000e+00,5.544575277305e+04,1.090000000000e+02
2.295000000000e+03,1.032372607758e+08,9.013187380254e+04,1.253010356589e+06,5.862194539000e-01,3.536635717350e+02,1.028364813847e-04,1.120917647094e-02,0.000000000000e+00,0.000000000000e+00,7.116403070187e+01,0.000000000000e+00,0.000000000000e+00,0.000000000000e+00,0.000000000000e+00,6.415994364025e-04,6.993433856787e-02,2.655176748882e+02,2.624875183105e+02,0.000000000000e+00,1.156042403470e+00,0.000000000000e+00,5.544694558476e+04,1.090000000000e+02
2.296000000000e+03,1.032371902747e+08,9.020237485324e+04,1.258269960626e+06,5.882991361435e-01,3.538872796812e+02,9.210099901384e-05,1.003900889251e-02,0.000000000000e+00,0.000000000000e+00,7.050105070677e+01,0.000000000000e+00,0.000000000000e+00,0.000000000000e+00,0.000000000000e+00,9.592192875458e-04,1.045549023425e-01,2.655807858574e+02,2.624607849121e+02,0.000000000000e+00,1.155526484472e+00,0.000000000000e+00,5.544778242913e+04,1.090000000000e+02
2.297000000000e+03,1.032371204194e+08,9.027223014754e+04,1.262319847598e+06,5.894392349402e-01,3.543323279111e+02,1.165455607112e-04,1.270346611752e-02,0.000000000000e+00,0.000000000000e+00,6.985529429536e+01,0.000000000000e+00,0.000000000000e+00,0.000000000000e+00,0.000000000000e+00,7.823425303529e-04,8.527533580847e-02,2.656676482848e+02,2.630239257812e+02,0.000000000000e+00,1.155248706694e+00,0.000000000000e+00,5.544892156742e+04,1.090000000000e+02
2.298000000000e+03,1.032370510882e+08,9.034156137898e+04,1.265516805490e+06,5.902581544550e-01,3.547324921176e+02,1.334654846626e-04,1.454773782823e-02,0.000000000000e+00,0.000000000000e+00,6.933123144006e+01,0.000000000000e+00,0.000000000000e+00,0.000000000000e+00,0.000000000000e+00,6.598363628941e-04,7.192216355545e-02,2.657201164238e+02,2.627440795898e+02,0.000000000000e+00,1.154844470659e+00,0.000000000000e+00,5.544960526471e+04,1.090000000000e+02
2.299000000000e+03,1.032369822750e+08,9.041037454835e+04,1.268484109412e+06,5.908659225232e-01,3.551915867411e+02,1.234256664595e-04,1.345339764408e-02,0.000000000000e+00,0.000000000000e+00,6.881316937513e+01,0.000000000000e+00,0.000000000000e+00,0.000000000000e+00,0.000000000000e+00,6.102835783866e-04,6.652091004413e-02,2.658039595159e+02,2.635914916992e+02,0.000000000000e+00,1.154608122221e+00,0.000000000000e+00,5.545068561687e+04,1.090000000000e+02
2.300000000000e+03,1.032369139985e+08,9.047865106273e+04,1.272261023694e+06,5.920670564932e-01,3.555174015099e+02,1.332080211695e-04,1.451967430747e-02,0.000000000000e+00,0.000000000000e+00,6.827651437467e+01,0.000000000000e+00,0.000000000000e+00,0.000000000000e+00,0.000000000000e+00,7.527454227005e-04,8.204925107436e-02,2.659151273248e+02,2.643602294922e+02,0.000000000000e+00,1.154608122221e+00,0.000000000000e+00,5.545209494985e+04,1.090000000000e+02
2.301000000000e+03,1.032368461928e+08,9.054645682576e+04,1.276148753167e+06,5.934296913614e-01,3.557747837986e+02,1.548353197766e-04,1.687704985564e-02,0.000000000000e+00,0.000000000000e+00,6.780576302653e+01,0.000000000000e+00,0.000000000000e+00,0.000000000000e+00,0.000000000000e+00,7.920161266635e-04,8.632975780632e-02,2.660421780049e+02,2.653844299316e+02,0.000000000000e+00,1.153660689704e+00,0.000000000000e+00,5.545367749369e+04,1.090000000000e+02
2.302000000000e+03,1.032367786639e+08,9.061398562635e+04,1.279189661584e+06,5.939884032423e-01,3.562796107057e+02,1.664178360822e-04,1.813954413296e-02,0.000000000000e+00,0.000000000000e+00,6.752880059610e+01,0.000000000000e+00,0.000000000000e+00,0.000000000000e+00,0.000000000000e+00,6.650552467152e-04,7.249102189196e-02,2.661372493084e+02,2.653823852539e+02,0.000000000000e+00,1.153173857366e+00,0.000000000000e+00,5.545484399155e+04,1.090000000000e+02
2.303000000000e+03,1.032367113221e+08,9.068132744052e+04,1.282214227032e+06,5.947547735281e-01,3.566553646586e+02,1.916704329173e-04,2.089207718799e-02,0.000000000000e+00,0.000000000000e+00,6.734181416812e+01,0.000000000000e+00,0.000000000000e+00,0.000000000000e+00,0.000000000000e+00,6.881943190007e-04,7.501318077108e-02,2.662201687521e+02,2.653506774902e+02,0.000000000000e+00,1.151930867096e+00,0.000000000000e+00,5.545585060288e+04,1.090000000000e+02
2.304000000000e+03,1.032366441698e+08,9.074847979816e+04,1.285618121170e+06,5.957207948703e-01,3.570153423785e+02,1.882817347069e-04,2.052270908305e-02,0.000000000000e+00,0.000000000000e+00,6.715235764248e+01,0.000000000000e+00,0.000000000000e+00,0.000000000000e+00,0.000000000000e+00,7.472685619393e-04,8.145227325139e-02,2.663100556713e+02,2.656712951660e+02,0.000000000000e+00,1.151104093518e+00,0.000000000000e+00,5.545692899182e+04,1.090000000000e+02
2.305000000000e+03,1.032365771738e+08,9.081547576264e+04,1.289947122091e+06,5.972948393021e-01,3.572666968804e+02,1.968284246457e-04,2.145429828638e-02,0.000000000000e+00,0.000000000000e+00,6.699596447581e+01,0.000000000000e+00,0.000000000000e+00,0.000000000000e+00,0.000000000000e+00,9.089276746197e-04,9.907311653355e-02,2.663990954705e+02,2.658271179199e+02,0.000000000000e+00,1.150644846925e+00,0.000000000000e+00,5.545798362640e+04,1.090000000000e+02
2.306000000000e+03,1.032365102403e+08,9.088240927581e+04,1.293607957890e+06,5.983291909615e-01,3.576562715531e+02,2.097402329507e-04,2.286168539162e-02,0.000000000000e+00,0.000000000000e+00,6.693351317018e+01,0.000000000000e+00,0.000000000000e+00,0.000000000000e+00,0.000000000000e+00,8.123737075574e-04,8.854873412376e-02,2.664647154931e+02,2.656517944336e+02,0.000000000000e+00,1.150103131977e+00,0.000000000000e+00,5.545875326706e+04,1.090000000000e+02
2.307000000000e+03,1.032364433864e+08,9.094926319141e+04,1.296874743698e+06,5.992745493103e-01,3.579884015009e+02,2.486954525968e-04,2.710780433305e-02,0.000000000000e+00,0.000000000000e+00,6.685391560668e+01,0.000000000000e+00,0.000000000000e+00,0.000000000000e+00,0.000000000000e+00,7.858490123531e-04,8.565754234649e-02,2.665371845902e+02,2.660412597656e+02,0.000000000000e+00,1.150010539385e+00,0.000000000000e+00,5.545959544236e+04,1.090000000000e+02
2.308000000000e+03,1.032363767258e+08,9.101592377426e+04,1.301326998207e+06,6.010485767695e-01,3.581487826580e+02,3.176467115105e-04,3.462349155464e-02,0.000000000000e+00,0.000000000000e+00,6.666058284991e+01,0.000000000000e+00,0.000000000000e+00,0.000000000000e+00,0.000000000000e+00,1.049127420956e-03,1.143548888842e-01,2.666502881668e+02,2.670380859375e+02,0.000000000000e+00,1.148353502235e+00,0.000000000000e+00,5.546088986809e+04,1.090000000000e+02
2.309000000000e+03,1.032363101871e+08,9.108246247189e+04,1.307234864832e+06,6.036205698508e-01,3.582336109736e+02,3.266464549227e-04,3.560446358657e-02,0.000000000000e+00,0.000000000000e+00,6.653869762905e+01,0.000000000000e+00,0.000000000000e+00,0.000000000000e+00,0.000000000000e+00,1.299009691995e-03,1.415920564275e-01,2.667623204881e+02,2.674275207520e+02,0.000000000000e+00,1.146683998636e+00,0.000000000000e+00,5.546214950829e+04,1.090000000000e+02
2.310000000000e+03,1.032363459554e+08,9.104669420010e+04,1.313225834717e+06,6.059019772428e-01,3.585155992489e+02,2.684139868240e-04,2.925712456382e-02,0.000000000000e+00,0.000000000000e+00,-3.576827179593e+01,0.000000000000e+00,0.000000000000e+00,0.000000000000e+00,0.000000000000e+00,1.256548981548e-03,1.369638389887e-01,2.668311048287e+02,2.674375915527e+02,0.000000000000e+00,1.143308980128e+00,0.000000000000e+00,5.546288068592e+04,1.090000000000e+02
2.311000000000e+03,1.032363418206e+08,9.105082899067e+04,1.318256250264e+06,6.077994387647e-01,3.587613934595e+02,2.283265143332e-04,2.488759006232e-02,0.000000000000e+00,0.000000000000e+00,4.134790576049e+00,0.000000000000e+00,0.000000000000e+00,0.000000000000e+00,0.000000000000e+00,1.057991741612e-03,1.153210998357e-01,2.668883558707e+02,2.670426025391e+02,0.000000000000e+00,1.141366012048e+00,0.000000000000e+00,5.546349958110e+04,1.090000000000e+02
2.312000000000e+03,1.032363177747e+08,9.107487484167e+04,1.321561583474e+06,6.086932341491e-01,3.591308848452e+02,2.522866575421e-04,2.749924567209e-02,0.000000000000e+00,0.000000000000e+00,2.404585099881e+01,0.000000000000e+00,0.000000000000e+00,0.000000000000e+00,0.000000000000e+00,7.978542015096e-04,8.696610796455e-02,2.669156561863e+02,2.664530639648e+02,0.000000000000e+00,1.140062671401e+00,0.000000000000e+00,5.546379726799e+04,1.090000000000e+02
2.313000000000e+03,1.032362555745e+08,9.113707502416e+04,1.324575580172e+06,6.095059084283e-01,3.594673232016e+02,2.682402246052e-04,2.923818448197e-02,0.000000000000e+00,0.000000000000e+00,6.220018249224e+01,0.000000000000e+00,0.000000000000e+00,0.000000000000e+00,0.000000000000e+00,7.651594615801e-04,8.340238131223e-02,2.669516715313e+02,2.665059814453e+02,0.000000000000e+00,1.140656031341e+00,0.000000000000e+00,5.546420946509e+04,1.090000000000e+02
2.314000000000e+03,1.032361621992e+08,9.123045033302e+04,1.328952108523e+06,6.111197397141e-01,3.596986541898e+02,2.915557616306e-04,3.177957801773e-02,0.000000000000e+00,0.000000000000e+00,9.337530885429e+01,0.000000000000e+00,0.000000000000e+00,0.000000000000e+00,0.000000000000e+00,1.013048496671e-03,1.104222861371e-01,2.670068861812e+02,2.668302612305e+02,0.000000000000e+00,1.141090605840e+00,0.000000000000e+00,5.546482164791e+04,1.090000000000e+02
2.315000000000e+03,1.032360775087e+08,9.131514085480e+04,1.332455072194e+06,6.120855569271e-01,3.600704703090e+02,3.416855329265e-04,3.724372308899e-02,0.000000000000e+00,0.000000000000e+00,8.469052178599e+01,0.000000000000e+00,0.000000000000e+00,0.000000000000e+00,0.000000000000e+00,9.166740143224e-04,9.991746756114e-02,2.671105519013e+02,2.678546447754e+02,0.000000000000e+00,1.140737528204e+00,0.000000000000e+00,5.546593587076e+04,1.090000000000e+02
2.316000000000e+03,1.032359965605e+08,9.139608905750e+04,1.334510922642e+06,6.124264008311e-01,3.604178949747e+02,3.384889157162e-04,3.689529181306e-02,0.000000000000e+00,0.000000000000e+00,8.094820269828e+01,0.000000000000e+00,0.000000000000e+00,0.000000000000e+00,0.000000000000e+00,6.739910200161e-04,7.346502118175e-02,2.672189029085e+02,2.686212768555e+02,0.000000000000e+00,1.140362167057e+00,0.000000000000e+00,5.546707752609e+04,1.090000000000e+02
2.317000000000e+03,1.032359179400e+08,9.147470960183e+04,1.336821059707e+06,6.130467081057e-01,3.606675780125e+02,3.830072325421e-04,4.174778834709e-02,0.000000000000e+00,0.000000000000e+00,7.862054432219e+01,0.000000000000e+00,0.000000000000e+00,0.000000000000e+00,0.000000000000e+00,7.596466548503e-04,8.280148537869e-02,2.673514333544e+02,2.694077758789e+02,0.000000000000e+00,1.139865338429e+00,0.000000000000e+00,5.546844651398e+04,1.090000000000e+02
2.318000000000e+03,1.032358409153e+08,9.155173423291e+04,1.339067415198e+06,6.136098247224e-01,3.609332872491e+02,4.075596435227e-04,4.442400114398e-02,0.000000000000e+00,0.000000000000e+00,7.702463108735e+01,0.000000000000e+00,0.000000000000e+00,0.000000000000e+00,0.000000000000e+00,7.737014993798e-04,8.433346343240e-02,2.674851425323e+02,2.699099731445e+02,0.000000000000e+00,1.139865338429e+00,0.000000000000e+00,5.546979796549e+04,1.090000000000e+02
2.319000000000e+03,1.032357644292e+08,9.161994326345e+04,1.341621694100e+06,6.138097553308e-01,3.614951688094e+02,4.449604880501e-04,4.850069319747e-02,0.000000000000e+00,8.277575684068e+00,7.648660621983e+01,0.000000000000e+00,0.000000000000e+00,0.000000000000e+00,0.000000000000e+00,8.620054421729e-04,9.395859319684e-02,2.676216601672e+02,2.703914794922e+02,0.000000000000e+00,1.139236723926e+00,8.277575684068e+00,5.547114951758e+04,1.090000000000e+02
2.320000000000e+03,1.032356880926e+08,9.168079867952e+04,1.345820557317e+06,6.155363824701e-01,3.616028116908e+02,4.845055287668e-04,5.281110263558e-02,0.000000000000e+00,1.548191457488e+01,7.633733064989e+01,0.000000000000e+00,0.000000000000e+00,0.000000000000e+00,0.000000000000e+00,1.174934287324e-03,1.280678373183e-01,2.677247445591e+02,2.702321166992e+02,0.000000000000e+00,1.138460230776e+00,1.548191457488e+01,5.547215017491e+04,1.090000000000e+02
2.321000000000e+03,1.032356118768e+08,9.174072090076e+04,1.350673877776e+06,6.175028307020e-01,3.617466988207e+02,4.857095952178e-04,5.294234587874e-02,0.000000000000e+00,1.629287967475e+01,7.621510090677e+01,0.000000000000e+00,0.000000000000e+00,0.000000000000e+00,0.000000000000e+00,1.285635900323e-03,1.401343131352e-01,2.677958654670e+02,2.700245056152e+02,0.000000000000e+00,1.138460230776e+00,1.629287967475e+01,5.547283137343e+04,1.090000000000e+02
2.322000000000e+03,1.032355358464e+08,9.179822861627e+04,1.354125980939e+06,6.185969032099e-01,3.620245082990e+02,4.835395490617e-04,5.270581084773e-02,0.000000000000e+00,1.852275803114e+01,7.603047354287e+01,0.000000000000e+00,0.000000000000e+00,0.000000000000e+00,0.000000000000e+00,1.051170364705e-03,1.145775697528e-01,2.678819019798e+02,2.705227355957e+02,0.000000000000e+00,1.137734280935e+00,1.852275803114e+01,5.547364620053e+04,1.090000000000e+02
2.323000000000e+03,1.032354599087e+08,9.185307109301e+04,1.356787063385e+06,6.194353124926e-01,3.622401579122e+02,4.903596519493e-04,5.344920206247e-02,0.000000000000e+00,2.109462047115e+01,7.593709721158e+01,0.000000000000e+00,0.000000000000e+00,0.000000000000e+00,0.000000000000e+00,9.274726712003e-04,1.010945211608e-01,2.679609166068e+02,2.704778747559e+02,0.000000000000e+00,1.137456503157e+00,2.109462047115e+01,5.547438400206e+04,1.090000000000e+02
2.324000000000e+03,1.032353839859e+08,9.190604740159e+04,1.358849062556e+06,6.197737080669e-01,3.625877920671e+02,5.101565304574e-04,5.560706181986e-02,0.000000000000e+00,2.294657079030e+01,7.592287937551e+01,0.000000000000e+00,0.000000000000e+00,0.000000000000e+00,0.000000000000e+00,8.481779774167e-04,9.245139953842e-02,2.680405350169e+02,2.707965087891e+02,0.000000000000e+00,1.136694255825e+00,2.294657079030e+01,5.547511813104e+04,1.090000000000e+02
2.325000000000e+03,1.032353080767e+08,9.195530972977e+04,1.360624376900e+06,6.200262985996e-01,3.629076961211e+02,5.748336579054e-04,6.265686871169e-02,0.000000000000e+00,2.664902087260e+01,7.591134904533e+01,0.000000000000e+00,0.000000000000e+00,0.000000000000e+00,0.000000000000e+00,8.647551105759e-04,9.425830705277e-02,2.681397986304e+02,2.715332641602e+02,0.000000000000e+00,1.136059948284e+00,2.664902087260e+01,5.547601985403e+04,1.090000000000e+02
2.326000000000e+03,1.032352320338e+08,9.200179480870e+04,1.361856760081e+06,6.201371918720e-01,3.631663313162e+02,6.554414578993e-04,7.144311891102e-02,0.000000000000e+00,2.955861793539e+01,7.604369687456e+01,0.000000000000e+00,0.000000000000e+00,0.000000000000e+00,0.000000000000e+00,8.560802120528e-04,9.331274311376e-02,2.682271280816e+02,2.717089233398e+02,0.000000000000e+00,1.135674961584e+00,2.955861793539e+01,5.547680011884e+04,1.090000000000e+02
2.327000000000e+03,1.032351558681e+08,9.204409692924e+04,1.362630967160e+06,6.198619520756e-01,3.635273363694e+02,6.929312205512e-04,7.552950304008e-02,0.000000000000e+00,3.386303622206e+01,7.616515675404e+01,0.000000000000e+00,0.000000000000e+00,0.000000000000e+00,0.000000000000e+00,8.167489104988e-04,8.902563124437e-02,2.683451748024e+02,2.724472961426e+02,0.000000000000e+00,1.134229594903e+00,3.386303622206e+01,5.547783731441e+04,1.090000000000e+02
2.328000000000e+03,1.032350794572e+08,9.208131863292e+04,1.363317908143e+06,6.196027804461e-01,3.638561076012e+02,6.614329055267e-04,7.209618670241e-02,0.000000000000e+00,3.918765878880e+01,7.640936247473e+01,0.000000000000e+00,0.000000000000e+00,0.000000000000e+00,0.000000000000e+00,7.709278995682e-04,8.403114105293e-02,2.684625802336e+02,2.728903503418e+02,0.000000000000e+00,1.132516945702e+00,3.918765878880e+01,5.547884702106e+04,1.090000000000e+02
2.329000000000e+03,1.032353192998e+08,9.218464025108e+04,1.364149695837e+06,6.194182475802e-01,3.641788593560e+02,6.641104051696e-04,7.238803416349e-02,0.000000000000e+00,5.406210786568e+01,-2.398437250765e+02,6.568413534242e-05,7.159570752324e-03,0.000000000000e+00,0.000000000000e+00,8.625677929055e-04,9.401988942670e-02,2.686040684374e+02,2.731107177734e+02,0.000000000000e+00,1.127937688254e+00,5.406210786568e+01,5.548001966807e+04,1.090000000000e+02
2.330000000000e+03,1.032472805463e+08,9.462960931088e+04,1.351522639450e+06,6.131667204371e-01,3.644474716813e+02,5.995978807479e-04,6.535616900152e-02,0.000000000000e+00,3.594456949312e+02,-1.196124417263e+04,2.441526110117e-03,2.661263460027e-01,0.000000000000e+00,0.000000000000e+00,9.291794779414e-04,1.012805630956e-01,2.694202596290e+02,2.735635070801e+02,0.000000000000e+00,9.997782822537e-01,3.594456949312e+02,5.548595608752e+04,1.090000000000e+02
2.331000000000e+03,1.032673132041e+08,1.007749705608e+05,1.324152180806e+06,5.998983267632e-01,3.649246758905e+02,4.847523338721e-04,5.283800439206e-02,0.000000000000e+00,1.270635197455e+03,-2.003266082028e+04,4.492732931692e-03,4.897078895544e-01,4.547560722306e-05,4.956841187313e-03,4.281409181758e-04,4.666736008116e-02,2.703859295021e+02,2.737495727539e+02,0.000000000000e+00,7.649590469595e-01,1.270635197455e+03,5.549198289866e+04,1.090000000000e+02
2.332000000000e+03,1.033122868644e+08,1.232171934048e+05,1.267740252286e+06,5.732077270595e-01,3.655759350846e+02,2.696245317091e-04,2.938907395629e-02,0.000000000000e+00,2.569410450332e+04,-4.497366506000e+04,9.097124954963e-03,9.915866200910e-01,6.294406691200e-03,6.860903293407e-01,0.000000000000e+00,0.000000000000e+00,2.727955164217e+02,2.749679870605e+02,0.000000000000e+00,1.860952393260e-01,2.569410450332e+04,5.550265249765e+04,1.090000000000e+02
2.333000000000e+03,1.033285438375e+08,1.444797023729e+05,1.181505580517e+06,5.332634892073e-01,3.662236360218e+02,5.746575863131e-05,6.263767690813e-03,0.000000000000e+00,1.178871682227e+05,-1.625696995268e+04,1.419979480742e-02,1.547777634009e+00,1.148780460708e-02,1.252170702172e+00,0.000000000000e+00,0.000000000000e+00,2.730786267285e+02,2.757260437012e+02,0.000000000000e+00,3.425925925882e-03,1.178871682227e+05,5.550353037069e+04,1.090000000000e+02
2.334000000000e+03,1.033323053721e+08,1.601094469361e+05,1.079708204602e+06,4.865027007095e-01,3.668375912498e+02,-5.919133882815e-05,-6.451855932268e-03,0.000000000000e+00,1.145161647123e+05,-3.761536197403e+03,1.688540986743e-02,1.840509675550e+00,5.248479975983e-03,5.720843173822e-01,0.000000000000e+00,0.000000000000e+00,2.730637772753e+02,2.760657348633e+02,0.000000000000e+00,2.037037037012e-03,1.145161647123e+05,5.550349482568e+04,1.090000000000e+02
2.335000000000e+03,1.033348441785e+08,1.755969144749e+05,9.695256792896e+05,4.361723737336e-01,3.674124842786e+02,-1.178981691306e-04,-1.285090043523e-02,0.000000000000e+00,9.295441831718e+04,-2.538805529398e+03,1.833020410240e-02,1.997992247162e+00,1.407542718873e-05,1.534221563571e-03,0.000000000000e+00,0.000000000000e+00,2.730580279437e+02,2.761352539063e+02,0.000000000000e+00,6.296296296272e-03,9.295441831718e+04,5.550348093030e+04,1.090000000000e+02
2.336000000000e+03,1.033366950019e+08,1.899308164881e+05,8.581270733137e+05,3.854678857296e-01,3.679731692022e+02,-1.238086822520e-04,-1.349514636547e-02,0.000000000000e+00,9.603951540918e+04,-1.850824099618e+03,1.853714607072e-02,2.020548921708e+00,1.268650694087e-05,1.382829256555e-03,0.000000000000e+00,0.000000000000e+00,2.730546847565e+02,2.759951782227e+02,0.000000000000e+00,9.351851851824e-03,9.603951540918e+04,5.550347242090e+04,1.090000000000e+02
2.337000000000e+03,1.033382203906e+08,1.995568924227e+05,7.403339162804e+05,3.320749750796e-01,3.685054162290e+02,-1.427173535246e-04,-1.555619153418e-02,0.000000000000e+00,2.452735766869e+05,-1.525374860758e+03,1.961313109583e-02,2.137831289445e+00,2.277200134796e-02,2.482148146927e+00,0.000000000000e+00,0.000000000000e+00,2.730683091457e+02,2.762627258301e+02,0.000000000000e+00,5.925925925914e-03,2.452735766869e+05,5.550350832411e+04,1.090000000000e+02
2.338000000000e+03,1.033392934454e+08,2.052175372058e+05,6.183282568932e+05,2.769713459463e-01,3.690089229673e+02,-1.520846800552e-04,-1.657723012602e-02,0.000000000000e+00,2.548086298937e+05,-1.073040649831e+03,2.031861315723e-02,2.214728834138e+00,2.291236805458e-02,2.497448117950e+00,0.000000000000e+00,0.000000000000e+00,2.730514277644e+02,2.762880859375e+02,0.000000000000e+00,5.648148148139e-03,2.548086298937e+05,5.550346126389e+04,1.090000000000e+02
2.339000000000e+03,1.033401420990e+08,2.164944998972e+05,4.974292253691e+05,2.225412694445e-01,3.694648406878e+02,-1.666467798434e-04,-1.816449900293e-02,0.000000000000e+00,1.132361097791e+05,-8.486476157184e+02,2.015036800761e-02,2.196390112830e+00,5.709980908549e-04,6.223879190318e-02,0.000000000000e+00,0.000000000000e+00,2.730517520121e+02,2.766585998535e+02,0.000000000000e+00,4.537037037033e-03,1.132361097791e+05,5.550346495114e+04,1.090000000000e+02
2.340000000000e+03,1.033408403612e+08,2.273350706036e+05,3.616003151563e+05,1.616505152350e-01,3.697460342041e+02,-2.492620537590e-04,-2.716956385973e-02,0.000000000000e+00,1.334106099952e+05,-6.982215506136e+02,2.270079151462e-02,2.474386275094e+00,1.258269676929e-03,1.371513947852e-01,0.000000000000e+00,0.000000000000e+00,2.730559062770e+02,2.772521362305e+02,0.000000000000e+00,3.611111111113e-03,1.334106099952e+05,5.550347825364e+04,1.090000000000e+02
2.341000000000e+03,1.033411428430e+08,2.372927200714e+05,2.152344558519e+05,9.620695011012e-02,3.697906405307e+02,-2.851108759937e-04,-3.107708548332e-02,0.000000000000e+00,1.441071348870e+05,-3.024523850552e+02,2.447831059219e-02,2.668135854548e+00,1.037450263339e-03,1.130820787039e-01,0.000000000000e+00,0.000000000000e+00,2.730508335649e+02,2.768986206055e+02,0.000000000000e+00,1.037037037041e-02,1.441071348870e+05,5.550346307001e+04,1.090000000000e+02
2.342000000000e+03,1.033414728487e+08,2.467648340968e+05,7.022070458719e+04,3.143997619227e-02,3.691649008401e+02,-2.749094835877e-04,-2.996513371106e-02,0.000000000000e+00,1.381072107680e+05,-3.299931931434e+02,2.424460874975e-02,2.642662353723e+00,2.037042306339e-04,2.220376113909e-02,0.000000000000e+00,0.000000000000e+00,2.730530228857e+02,2.771823425293e+02,0.000000000000e+00,1.194444444449e-02,1.381072107680e+05,5.550347118352e+04,1.090000000000e+02
2.343000000000e+03,1.033425357932e+08,1.177781670827e+05,3.065471640005e+03,1.383909297730e-03,3.661144023845e+02,-3.830463598040e-04,-4.175205321864e-02,2.978413815020e-03,1.985546303577e+05,-8.976445995050e+02,1.123492536302e-02,1.224606864569e+00,1.914436891601e-04,2.086736211845e-02,0.000000000000e+00,0.000000000000e+00,2.736551538172e+02,2.772532348633e+02,1.111111111110e-03,6.481481481521e-03,1.985546303577e+05,5.550424958930e+04,1.090000000000e+02
2.344000000000e+03,1.033452600792e+08,6.458469823675e+04,2.540558929199e+01,1.158914113694e-05,3.624731661785e+02,4.287425890223e-04,4.673294220343e-02,-5.535124717507e-02,5.795153675187e+04,-5.796555547026e+03,5.077208392654e-04,5.534157147993e-02,1.163016324616e-03,1.267687793831e-01,0.000000000000e+00,0.000000000000e+00,2.780817266145e+02,2.775728149414e+02,2.935185185182e-02,5.259259259257e-02,5.795153675187e+04,5.550180636428e+04,1.090000000000e+02
2.345000000000e+03,1.033408562513e+08,4.335691041767e+04,6.041167043699e-01,2.778725262681e-07,3.601542240375e+02,1.017106901269e-03,1.108646522383e-01,-1.159591380916e-01,2.657358414675e+04,-2.032129956448e+03,4.141139813646e-06,4.513842396874e-04,1.168698518682e-03,1.273881385364e-01,0.000000000000e+00,0.000000000000e+00,2.792039568116e+02,2.781106567383e+02,4.703703703699e-02,8.037037037033e-02,2.657358414675e+04,5.549859415374e+04,1.090000000000e+02
2.346000000000e+03,1.033333675580e+08,2.629846856078e+04,4.222114615504e-01,1.934758616873e-07,3.605356617496e+02,1.119573396337e-03,1.220335002008e-01,-1.266605607412e-01,2.181434983657e+04,4.592015336202e+02,3.057356809581e-08,3.332518922443e-06,6.677736324523e-04,7.278732593730e-02,0.000000000000e+00,0.000000000000e+00,2.801855193158e+02,2.785783386230e+02,6.537037037031e-02,1.100000000000e-01,2.181434983657e+04,5.549523968351e+04,1.090000000000e+02
2.347000000000e+03,1.033441178065e+08,1.423551458806e+04,4.175042694935e-01,1.909237381603e-07,3.610891239691e+02,1.209732021245e-03,1.318607903157e-01,-1.352594720613e-01,1.836932600584e+04,-1.825666231935e+04,7.656140051985e-10,8.345192656663e-08,4.029513017243e-03,4.392169188795e-01,0.000000000000e+00,0.000000000000e+00,2.805509126336e+02,2.790574340820e+02,8.101851851844e-02,9.888888888885e-02,1.836932600584e+04,5.549412265951e+04,1.090000000000e+02
2.348000000000e+03,1.033495782076e+08,6.732261242936e+03,4.171154763511e-01,1.903977686207e-07,3.616847047553e+02,1.415120237601e-03,1.542481058985e-01,-1.562543129516e-01,1.510845992285e+04,-1.413168278609e+04,6.432026132791e-11,7.010908484742e-09,3.575145428613e-03,3.896908517188e-01,0.000000000000e+00,0.000000000000e+00,2.812276316511e+02,2.794629516602e+02,9.583333333325e-02,9.990740740737e-02,1.510845992285e+04,5.549139264057e+04,1.090000000000e+02
2.349000000000e+03,1.033474893239e+08,2.256633095755e+03,4.170750738102e-01,1.900356275846e-07,3.600593641938e+02,1.426028662313e-03,1.554371241921e-01,-1.565547355174e-01,1.092077859284e+04,-6.598765081860e+03,5.419567331605e-12,5.907328391450e-10,2.146252587794e-03,2.339415320696e-01,0.000000000000e+00,0.000000000000e+00,2.815019549289e+02,2.796016235352e+02,1.068518518518e-01,1.144444444444e-01,1.092077859284e+04,5.549036581967e+04,1.090000000000e+02
2.350000000000e+03,1.033444061451e+08,2.785670042716e+01,4.170877323873e-01,1.896896330879e-07,3.607171260590e+02,1.375801385633e-03,1.499623510340e-01,-1.504539179925e-01,8.659481498820e+03,-5.265948618675e+03,0.000000000000e+00,0.000000000000e+00,1.929253462383e-03,2.102886273997e-01,0.000000000000e+00,0.000000000000e+00,2.812079529069e+02,2.791690673828e+02,1.207407407407e-01,1.296296296296e-01,8.659481498820e+03,5.549194149627e+04,1.090000000000e+02
2.351000000000e+03,1.033326922273e+08,2.212273741154e+01,4.170737467110e-01,1.893466753013e-07,3.613714806721e+02,1.293821842659e-03,1.410265808498e-01,-1.409731397547e-01,4.081257979081e+03,3.890930844202e+03,0.000000000000e+00,0.000000000000e+00,3.096969879314e-05,3.375697168452e-03,0.000000000000e+00,0.000000000000e+00,2.816269392743e+02,2.793969116211e+02,1.321296296296e-01,1.607407407407e-01,4.081257979081e+03,5.549003604423e+04,1.090000000000e+02
2.352000000000e+03,1.033248157022e+08,1.994511285998e+01,4.170618080673e-01,1.890067021440e-07,3.620224692782e+02,1.281793159020e-03,1.397154543331e-01,-1.396517189731e-01,3.079237047328e+03,1.271087065340e+02,0.000000000000e+00,0.000000000000e+00,4.882772546641e-04,5.322222075839e-02,0.000000000000e+00,0.000000000000e+00,2.819600355072e+02,2.798356933594e+02,1.425925925926e-01,1.834259259259e-01,3.079237047328e+03,5.548844055642e+04,1.090000000000e+02
2.353000000000e+03,1.033178192298e+08,1.769402427841e+01,4.170182229983e-01,1.886696671478e-07,3.626701323411e+02,1.330177100605e-03,1.449893039660e-01,-1.449212370729e-01,2.610963606487e+03,-1.044853697671e+03,0.000000000000e+00,0.000000000000e+00,6.046750283316e-04,6.590957808814e-02,0.000000000000e+00,0.000000000000e+00,2.830821046929e+02,2.808309326172e+02,1.533333333333e-01,2.047222222222e-01,2.610963606487e+03,5.548265511965e+04,1.090000000000e+02
2.354000000000e+03,1.033087692321e+08,1.523874354019e+01,4.169993312041e-01,1.883355256316e-07,3.633145095630e+02,1.320258038759e-03,1.439081262247e-01,-1.438430112320e-01,2.062820728196e+03,1.069074939676e+03,0.000000000000e+00,0.000000000000e+00,1.644640897184e-04,1.792658577930e-02,0.000000000000e+00,0.000000000000e+00,2.835382400873e+02,2.810282287598e+02,1.637962962963e-01,2.293518518518e-01,2.062820728196e+03,5.548014176721e+04,1.090000000000e+02
2.355000000000e+03,1.033001579823e+08,1.356923180559e+01,4.170016229192e-01,1.880042331622e-07,3.639556399042e+02,1.252012587725e-03,1.364693720621e-01,-1.364102529881e-01,1.640948961652e+03,1.042876936795e+03,0.000000000000e+00,0.000000000000e+00,9.911834646999e-05,1.080389976523e-02,0.000000000000e+00,0.000000000000e+00,2.834836815859e+02,2.809876098633e+02,1.741666666666e-01,2.537962962963e-01,1.640948961652e+03,5.548044754959e+04,1.090000000000e+02
2.356000000000e+03,1.033201105347e+08,2.398435546773e+01,4.169889000613e-01,1.876757461660e-07,3.645935616019e+02,1.253238780433e-03,1.366030270672e-01,-1.365298347507e-01,2.471222766162e+03,-2.752744647957e+04,0.000000000000e+00,0.000000000000e+00,4.963074261910e-03,5.409750945482e-01,0.000000000000e+00,0.000000000000e+00,2.837840033719e+02,2.814077453613e+02,1.838888888888e-01,2.192592592592e-01,2.471222766162e+03,5.547875140279e+04,1.090000000000e+02
2.357000000000e+03,1.033355849146e+08,2.176134215056e+01,4.170010241139e-01,1.873500224683e-07,3.652283121885e+02,1.404866408381e-03,1.531304385136e-01,-1.530334785758e-01,4.018111059656e+03,-2.396492350203e+04,0.000000000000e+00,0.000000000000e+00,4.627872931650e-03,5.044381495498e-01,0.000000000000e+00,0.000000000000e+00,2.835019676999e+02,2.810485839844e+02,1.924999999999e-01,1.957407407407e-01,4.018111059656e+03,5.548034491152e+04,1.090000000000e+02
2.358000000000e+03,1.033265467011e+08,1.839145057560e+01,4.169864135508e-01,1.870270131739e-07,3.658599285090e+02,1.382893487352e-03,1.507353901213e-01,-1.506532031989e-01,2.797261991301e+03,6.797740742954e+02,0.000000000000e+00,0.000000000000e+00,3.503097352014e-04,3.818376113695e-02,0.000000000000e+00,0.000000000000e+00,2.838433747375e+02,2.814255371094e+02,1.993518518518e-01,2.197222222222e-01,2.797261991301e+03,5.547841227491e+04,1.090000000000e+02
2.359000000000e+03,1.033185921966e+08,1.609315902657e+01,4.169859504087e-01,1.867066930309e-07,3.664884467382e+02,1.328451039521e-03,1.448011633078e-01,-1.447270804559e-01,2.228393367802e+03,-7.499821795921e+01,0.000000000000e+00,0.000000000000e+00,3.811623219752e-04,4.154669309529e-02,0.000000000000e+00,0.000000000000e+00,2.838534470927e+02,2.815067443848e+02,2.092592592592e-01,2.410185185185e-01,2.228393367802e+03,5.547835494416e+04,1.090000000000e+02
2.360000000000e+03,1.033124038088e+08,1.532093304077e+01,4.169588903177e-01,1.863890145421e-07,3.671139023973e+02,1.278812292553e-03,1.393905398882e-01,-1.393221768190e-01,1.889653115754e+03,-1.540992870014e+03,0.000000000000e+00,0.000000000000e+00,5.677962272307e-04,6.188978876815e-02,0.000000000000e+00,0.000000000000e+00,2.844672200112e+02,2.821379394531e+02,2.192592592592e-01,2.579629629629e-01,1.889653115754e+03,5.547476681977e+04,1.090000000000e+02
2.361000000000e+03,1.033096458393e+08,1.537576044050e+01,4.169538251917e-01,1.860739388791e-07,3.677363303699e+02,1.220718801189e-03,1.330583493296e-01,-1.329928602571e-01,1.838682756634e+03,-4.619997048579e+03,0.000000000000e+00,0.000000000000e+00,1.068700574482e-03,1.164883626186e-01,0.000000000000e+00,0.000000000000e+00,2.845802361416e+02,2.824451293945e+02,2.291666666666e-01,2.683333333333e-01,1.838682756634e+03,5.547409205710e+04,1.090000000000e+02
2.362000000000e+03,1.033113085876e+08,1.662243251881e+01,4.169547734192e-01,1.857614277807e-07,3.683557649175e+02,1.147619797575e-03,1.250905579357e-01,-1.250264909704e-01,1.968303215071e+03,-8.598730267972e+03,0.000000000000e+00,0.000000000000e+00,1.748332048499e-03,1.905681932864e-01,0.000000000000e+00,0.000000000000e+00,2.845599233530e+02,2.823237609863e+02,2.390740740740e-01,2.706481481481e-01,1.968303215071e+03,5.547421406081e+04,1.090000000000e+02
2.363000000000e+03,1.033146164014e+08,1.707530144052e+01,4.169609505192e-01,1.854514446445e-07,3.689722396945e+02,1.113358358295e-03,1.213560610541e-01,-1.212910559805e-01,2.181212516182e+03,-1.003661886403e+04,0.000000000000e+00,0.000000000000e+00,2.021203184181e-03,2.203111470758e-01,0.000000000000e+00,0.000000000000e+00,2.844223675901e+02,2.824651489258e+02,2.437962962962e-01,2.697222222222e-01,2.181212516182e+03,5.547503426142e+04,1.090000000000e+02
2.364000000000e+03,1.033227974530e+08,1.968183079468e+01,4.169592538696e-01,1.851439526524e-07,3.695857877628e+02,1.155775565841e-03,1.259795366767e-01,-1.259074549346e-01,2.474208368831e+03,-1.516598355008e+04,0.000000000000e+00,0.000000000000e+00,2.918352848873e-03,3.181004605271e-01,0.000000000000e+00,0.000000000000e+00,2.844598947956e+02,2.821457519531e+02,2.498148148148e-01,2.590740740741e-01,2.474208368831e+03,5.547481065373e+04,1.090000000000e+02
2.365000000000e+03,1.033281192606e+08,1.878287021799e+01,4.169442975493e-01,1.848389160875e-07,3.701964416064e+02,1.272978875930e-03,1.387546974764e-01,-1.386718289789e-01,2.782106621455e+03,-1.301471911978e+04,0.000000000000e+00,0.000000000000e+00,2.613059626211e-03,2.848234992570e-01,0.000000000000e+00,0.000000000000e+00,2.847900904551e+02,2.825447692871e+02,2.597222222222e-01,2.547222222222e-01,2.782106621455e+03,5.547282629593e+04,1.090000000000e+02
2.366000000000e+03,1.033248375884e+08,1.710579220494e+01,4.169227000954e-01,1.845363001841e-07,3.708042331442e+02,1.297248734747e-03,1.414001120875e-01,-1.413213024948e-01,2.389480726859e+03,-4.557880395886e+03,0.000000000000e+00,0.000000000000e+00,1.149414519727e-03,1.252861826503e-01,0.000000000000e+00,0.000000000000e+00,2.852580622575e+02,2.828715820313e+02,2.695370370370e-01,2.656481481481e-01,2.389480726859e+03,5.546995614098e+04,1.090000000000e+02
2.367000000000e+03,1.033181941618e+08,1.501987176343e+01,4.169428773741e-01,1.842360706325e-07,3.714091937444e+02,1.247988194778e-03,1.360307132308e-01,-1.359592998436e-01,1.984543837142e+03,-8.986668094178e+02,0.000000000000e+00,0.000000000000e+00,4.771251353864e-04,5.200663975712e-02,0.000000000000e+00,0.000000000000e+00,2.848215687889e+02,2.822342224121e+02,2.737962962963e-01,2.825000000000e-01,1.984543837142e+03,5.547263624970e+04,1.090000000000e+02
2.368000000000e+03,1.033102286744e+08,1.358283443567e+01,4.169653664223e-01,1.839381938176e-07,3.720113542366e+02,1.120703757568e-03,1.221567095749e-01,-1.220972477978e-01,1.614183421867e+03,1.192034531938e+03,0.000000000000e+00,0.000000000000e+00,7.009371802204e-05,7.640215264403e-03,0.000000000000e+00,0.000000000000e+00,2.843232407620e+02,2.820247192383e+02,2.800925925926e-01,3.007407407407e-01,1.614183421867e+03,5.547562180137e+04,1.090000000000e+02
2.369000000000e+03,1.033029911540e+08,1.278648093846e+01,4.169242476872e-01,1.836426370130e-07,3.726107449246e+02,1.074965795314e-03,1.171712716892e-01,-1.171173319849e-01,1.418853327491e+03,7.404801356107e+02,0.000000000000e+00,0.000000000000e+00,1.125246083150e-04,1.226518230634e-02,0.000000000000e+00,0.000000000000e+00,2.852229132870e+02,2.832162170410e+02,2.900000000000e-01,3.166666666667e-01,1.418853327491e+03,5.547017432509e+04,1.090000000000e+02
2.370000000000e+03,1.032958582518e+08,1.181883876624e+01,4.168879238830e-01,1.833493677865e-07,3.732073955988e+02,1.108443375983e-03,1.208203279822e-01,-1.207667858282e-01,1.269137498348e+03,4.340236354006e+02,0.000000000000e+00,0.000000000000e+00,1.384202518861e-04,1.508780745558e-02,0.000000000000e+00,0.000000000000e+00,2.859887148526e+02,2.837638244629e+02,2.956481481481e-01,3.317592592592e-01,1.269137498348e+03,5.546535150581e+04,1.090000000000e+02
2.371000000000e+03,1.032887512613e+08,1.107559048522e+01,4.168881233482e-01,1.830583545925e-07,3.738013355477e+02,1.082641888120e-03,1.180079658051e-01,-1.179576149737e-01,1.120212165842e+03,5.641971281082e+02,0.000000000000e+00,0.000000000000e+00,9.227166688209e-05,1.005761169015e-02,0.000000000000e+00,0.000000000000e+00,2.859844387169e+02,2.838768920898e+02,3.002777777777e-01,3.481481481481e-01,1.120212165842e+03,5.546537898908e+04,1.090000000000e+02
2.372000000000e+03,1.032817884325e+08,1.025096033991e+01,4.169055422520e-01,1.827695666358e-07,3.743925935694e+02,1.037209232054e-03,1.130558062938e-01,-1.130088921610e-01,9.955358612856e+02,6.943984026703e+02,0.000000000000e+00,0.000000000000e+00,5.007205811399e-05,5.457854334424e-03,0.000000000000e+00,0.000000000000e+00,2.856198551341e+02,2.833965148926e+02,3.101851851851e-01,3.618518518518e-01,9.955358612856e+02,5.546769406543e+04,1.090000000000e+02
2.373000000000e+03,1.032848675227e+08,1.419839842453e+01,4.169136471594e-01,1.824829736377e-07,3.749811979831e+02,1.031907911025e-03,1.124779623017e-01,-1.124245196648e-01,1.240960914644e+03,-9.315281259821e+03,0.000000000000e+00,0.000000000000e+00,1.747084735417e-03,1.904322361604e-01,0.000000000000e+00,0.000000000000e+00,2.854471734901e+02,2.832008056641e+02,3.179629629629e-01,3.605555555555e-01,1.240960914644e+03,5.546877818551e+04,1.090000000000e+02
2.374000000000e+03,1.032862195620e+08,1.208368714885e+01,4.168997949351e-01,1.821985455140e-07,3.755671766395e+02,1.065317338083e-03,1.161195898511e-01,-1.160595638908e-01,1.510866922022e+03,-7.789824049556e+03,0.000000000000e+00,0.000000000000e+00,1.538482453009e-03,1.676945873780e-01,0.000000000000e+00,0.000000000000e+00,2.857387363353e+02,2.836847839355e+02,3.206481481481e-01,3.615740740740e-01,1.510866922022e+03,5.546694224048e+04,1.090000000000e+02
2.375000000000e+03,1.032834620957e+08,1.272550249528e+01,4.169034662379e-01,1.819162539612e-07,3.761505569314e+02,1.035515433486e-03,1.128711822500e-01,-1.128181644183e-01,1.243321236163e+03,-3.500439648195e+03,0.000000000000e+00,0.000000000000e+00,7.851835297682e-04,8.558500474473e-02,0.000000000000e+00,0.000000000000e+00,2.856623060555e+02,2.836751708984e+02,3.315740740740e-01,3.695370370370e-01,1.243321236163e+03,5.546742587204e+04,1.090000000000e+02
2.376000000000e+03,1.032811060912e+08,1.152554275856e+01,4.169111996580e-01,1.816360691913e-07,3.767313658041e+02,1.018988088026e-03,1.110697015948e-01,-1.110167307491e-01,1.268291591825e+03,-3.802059622808e+03,0.000000000000e+00,0.000000000000e+00,8.388894493774e-04,9.143894998213e-02,0.000000000000e+00,0.000000000000e+00,2.854982027476e+02,2.835539245605e+02,3.417592592592e-01,3.770370370370e-01,1.268291591825e+03,5.546845827101e+04,1.090000000000e+02
2.377000000000e+03,1.032794679958e+08,1.241839195630e+01,4.169042080521e-01,1.813579636951e-07,3.773096297653e+02,1.017331456291e-03,1.108891287357e-01,-1.108374372080e-01,1.190940293633e+03,-4.510025125637e+03,0.000000000000e+00,0.000000000000e+00,9.435260318921e-04,1.028443374762e-01,0.000000000000e+00,0.000000000000e+00,2.856455848870e+02,2.836198730469e+02,3.552777777777e-01,3.824074074074e-01,1.190940293633e+03,5.546753114924e+04,1.090000000000e+02
2.378000000000e+03,1.032897983486e+08,1.666268470576e+01,4.169190906921e-01,1.810819095525e-07,3.778853748946e+02,9.878475168770e-04,1.076753793396e-01,-1.076145292746e-01,1.676864558031e+03,-1.629974583091e+04,0.000000000000e+00,0.000000000000e+00,2.974499361670e-03,3.242204304220e-01,0.000000000000e+00,0.000000000000e+00,2.853315248947e+02,2.832793273926e+02,3.682407407406e-01,3.699074074074e-01,1.676864558031e+03,5.546949993129e+04,1.090000000000e+02
2.379000000000e+03,1.034589316063e+08,5.588317234253e+03,4.169515931336e-01,1.808078805169e-07,3.784586268529e+02,1.285134814496e-03,1.400796947801e-01,-1.379497243646e-01,3.207859960752e+04,-1.767856619071e+05,0.000000000000e+00,0.000000000000e+00,3.548468351158e-02,3.867830502762e+00,0.000000000000e+00,0.000000000000e+00,2.846377799798e+02,2.832844848633e+02,3.805555555554e-01,4.240740740746e-02,3.207859960752e+04,5.547373952139e+04,1.090000000000e+02
2.380000000000e+03,1.034800810821e+08,3.703217319777e+03,4.169666563171e-01,1.805358497494e-07,3.790294108917e+02,2.022438528169e-03,2.204457995705e-01,-1.988478128346e-01,2.067388815472e+05,-3.218073951753e+04,0.000000000000e+00,0.000000000000e+00,3.939843400576e-02,4.294429306627e+00,0.000000000000e+00,0.000000000000e+00,2.843123380544e+02,2.829555969238e+02,3.912962962962e-01,5.740740740756e-03,2.067388815472e+05,5.547568911932e+04,1.090000000000e+02
2.381000000000e+03,1.034808418027e+08,1.555444196969e+03,4.169887702052e-01,1.802657912314e-07,3.795977518618e+02,1.927388021993e-03,2.100852943973e-01,-2.010275293506e-01,5.290542596594e+04,-1.191332789849e+04,0.000000000000e+00,0.000000000000e+00,1.044706589891e-02,1.138730182981e+00,0.000000000000e+00,0.000000000000e+00,2.838076897641e+02,2.824926147461e+02,4.015740740741e-01,1.694444444446e-02,5.290542596594e+04,5.547861987163e+04,1.090000000000e+02
2.382000000000e+03,1.034849232035e+08,3.656333577467e+03,4.169707069463e-01,1.799976798027e-07,3.801636742221e+02,1.918994454684e-03,2.091703955606e-01,-2.002047876378e-01,5.393392997345e+04,-1.518845549855e+04,0.000000000000e+00,0.000000000000e+00,1.186045218763e-02,1.292789288452e+00,0.000000000000e+00,0.000000000000e+00,2.842202720931e+02,2.827685852051e+02,4.112962962963e-01,9.537037037065e-03,5.393392997345e+04,5.547622993952e+04,1.090000000000e+02
2.383000000000e+03,1.034824177049e+08,1.534963605164e+02,4.169440843704e-01,1.797314899506e-07,3.807272020477e+02,2.028156603518e-03,2.210690697834e-01,-2.132258043336e-01,4.647343602215e+04,-9.323352527950e+03,0.000000000000e+00,0.000000000000e+00,8.720138304497e-03,9.504950751902e-01,0.000000000000e+00,0.000000000000e+00,2.848152234610e+02,2.836785278320e+02,4.204629629629e-01,3.833333333334e-02,4.647343602215e+04,5.547267556127e+04,1.090000000000e+02
2.384000000000e+03,1.034652904436e+08,3.630776052461e+01,4.169221398491e-01,1.794671971278e-07,3.812883590385e+02,1.921193152735e-03,2.094100536481e-01,-2.092137352043e-01,9.492022831463e+03,5.521655987998e+03,0.000000000000e+00,0.000000000000e+00,6.390312239375e-04,6.965440340919e-02,0.000000000000e+00,0.000000000000e+00,2.852858446021e+02,2.839899291992e+02,4.299074074074e-01,8.999999999997e-02,9.492022831463e+03,5.546978389379e+04,1.090000000000e+02
2.385000000000e+03,1.034506096393e+08,3.031536039177e+01,4.169230382747e-01,1.792047773386e-07,3.818471685266e+02,1.717364784707e-03,1.871927615331e-01,-1.870697499253e-01,6.794217006388e+03,4.303838480435e+03,0.000000000000e+00,0.000000000000e+00,4.119909125759e-04,4.490700947077e-02,0.000000000000e+00,0.000000000000e+00,2.852640120799e+02,2.839898071289e+02,4.398148148148e-01,1.226851851851e-01,6.794217006388e+03,5.546991994089e+04,1.090000000000e+02
2.386000000000e+03,1.034402693441e+08,2.741823352018e+01,4.169184993203e-01,1.789442069284e-07,3.824036534847e+02,1.513616612188e-03,1.649842107285e-01,-1.648832454445e-01,5.246800653354e+03,1.194070735749e+03,0.000000000000e+00,0.000000000000e+00,6.707102868884e-04,7.310742127084e-02,0.000000000000e+00,0.000000000000e+00,2.853588835719e+02,2.841086730957e+02,4.498148148148e-01,1.464814814815e-01,5.246800653354e+03,5.546932988205e+04,1.090000000000e+02
2.387000000000e+03,1.034531012244e+08,3.516406434309e+01,4.169379101907e-01,1.786854626423e-07,3.829578365331e+02,1.505364108062e-03,1.640846877788e-01,-1.639746175960e-01,5.900024568904e+03,-2.192784319984e+04,0.000000000000e+00,0.000000000000e+00,4.604705575872e-03,5.019129077701e-01,0.000000000000e+00,0.000000000000e+00,2.849415588466e+02,2.834442443848e+02,4.599074074073e-01,1.250000000000e-01,5.900024568904e+03,5.547190494530e+04,1.090000000000e+02
2.388000000000e+03,1.034595643073e+08,3.521497082853e+01,4.169657029628e-01,1.784285195543e-07,3.835097399472e+02,1.583036024366e-03,1.725509266559e-01,-1.724212216530e-01,8.138528002162e+03,-1.602814191568e+04,0.000000000000e+00,0.000000000000e+00,3.997912470894e-03,4.357724593274e-01,0.000000000000e+00,0.000000000000e+00,2.843271900767e+02,2.832254028320e+02,4.693518518518e-01,1.167592592592e-01,8.138528002162e+03,5.547559665641e+04,1.090000000000e+02
2.389000000000e+03,1.034476199346e+08,2.981940211404e+01,4.169722660849e-01,1.781733594401e-07,3.840593856648e+02,1.441490095916e-03,1.571224204549e-01,-1.570133270233e-01,6.428488672164e+03,3.233728560710e+03,0.000000000000e+00,0.000000000000e+00,5.284162719853e-04,5.759737364639e-02,0.000000000000e+00,0.000000000000e+00,2.841773782863e+02,2.828412170410e+02,4.770370370369e-01,1.435185185185e-01,6.428488672164e+03,5.547647844264e+04,1.090000000000e+02
2.390000000000e+03,1.034366335525e+08,2.585627581660e+01,4.169859529758e-01,1.779199581921e-07,3.846067952927e+02,1.302991806820e-03,1.420261069434e-01,-1.419342250066e-01,4.979124859154e+03,3.112092211466e+03,0.000000000000e+00,0.000000000000e+00,3.089197276393e-04,3.367225031268e-02,0.000000000000e+00,0.000000000000e+00,2.838620932754e+02,2.824974670410e+02,4.839814814814e-01,1.672222222222e-01,4.979124859154e+03,5.547830618576e+04,1.090000000000e+02
2.391000000000e+03,1.034902181455e+08,2.205859354594e+03,4.170103580392e-01,1.776682941552e-07,3.851519901139e+02,1.371726529496e-03,1.495181917151e-01,-1.488512772750e-01,1.219472563489e+04,-6.184294746261e+04,0.000000000000e+00,0.000000000000e+00,1.260962372347e-02,1.374448985859e+00,0.000000000000e+00,0.000000000000e+00,2.832882577566e+02,2.821470336914e+02,4.924999999999e-01,4.546296296302e-02,1.219472563489e+04,5.548152847867e+04,1.090000000000e+02
2.392000000000e+03,1.034984179416e+08,3.152724572656e+02,4.170104463242e-01,1.774183460628e-07,3.856949910939e+02,1.666917184227e-03,1.816939730807e-01,-1.739714125194e-01,5.801986446184e+04,-1.785216733761e+04,0.000000000000e+00,0.000000000000e+00,1.230420182774e-02,1.341157999224e+00,0.000000000000e+00,0.000000000000e+00,2.832920972971e+02,2.823159179688e+02,5.022222222221e-01,3.935185185186e-02,5.801986446184e+04,5.548151092731e+04,1.090000000000e+02
2.393000000000e+03,1.034869657616e+08,3.991862535683e+01,4.169970572911e-01,1.771700930606e-07,3.862358188873e+02,1.540318219448e-03,1.678946859198e-01,-1.676775210498e-01,1.041179988330e+04,2.149180099755e+03,0.000000000000e+00,0.000000000000e+00,1.322754342733e-03,1.441802233579e-01,0.000000000000e+00,0.000000000000e+00,2.836089048283e+02,2.824949340820e+02,5.104629629629e-01,8.111111111108e-02,1.041179988330e+04,5.547974501056e+04,1.090000000000e+02
2.394000000000e+03,1.034763439068e+08,3.514898305372e+01,4.169806334290e-01,1.769235146508e-07,3.867744938438e+02,1.525941804438e-03,1.663276566837e-01,-1.662067657751e-01,8.511475925230e+03,1.400750620323e+03,0.000000000000e+00,0.000000000000e+00,1.176164903219e-03,1.282019744509e-01,0.000000000000e+00,0.000000000000e+00,2.839890116065e+02,2.828835449219e+02,5.165740740740e-01,1.066666666666e-01,8.511475925230e+03,5.547757403527e+04,1.090000000000e+02
2.395000000000e+03,1.034671873413e+08,3.197810625376e+01,4.170104095213e-01,1.766785906864e-07,3.873110360146e+02,1.422630288398e-03,1.550667014353e-01,-1.549584210762e-01,6.761703221667e+03,5.594056452319e+02,0.000000000000e+00,0.000000000000e+00,1.026076092582e-03,1.118422940915e-01,0.000000000000e+00,0.000000000000e+00,2.832867645866e+02,2.819721069336e+02,5.231481481481e-01,1.277777777777e-01,6.761703221667e+03,5.548154035572e+04,1.090000000000e+02
2.396000000000e+03,1.034581385730e+08,2.827244153994e+01,4.170160215286e-01,1.764353013656e-07,3.878454651583e+02,1.277427523489e-03,1.392396000603e-01,-1.391465768131e-01,5.786589800986e+03,1.328524323837e+03,0.000000000000e+00,0.000000000000e+00,7.373962562150e-04,8.037619192744e-02,0.000000000000e+00,0.000000000000e+00,2.831491565483e+02,2.819758911133e+02,5.319444444444e-01,1.471296296296e-01,5.786589800986e+03,5.548229395427e+04,1.090000000000e+02
2.397000000000e+03,1.034484557111e+08,2.578279046925e+01,4.170007387050e-01,1.761936272024e-07,3.883778007467e+02,1.227282318971e-03,1.337737727679e-01,-1.336890873917e-01,4.709866805810e+03,2.265503319937e+03,0.000000000000e+00,0.000000000000e+00,4.045463459779e-04,4.409555171159e-02,0.000000000000e+00,0.000000000000e+00,2.835152605481e+02,2.819118041992e+02,5.400000000000e-01,1.687037037037e-01,4.709866805810e+03,5.548027209988e+04,1.090000000000e+02
2.398000000000e+03,1.034396280355e+08,2.331837691588e+01,4.170015815341e-01,1.759535490738e-07,3.889080619701e+02,1.193171781365e-03,1.300557241688e-01,-1.299749465557e-01,4.067233539480e+03,1.616500531185e+03,0.000000000000e+00,0.000000000000e+00,4.055727221363e-04,4.420742671285e-02,0.000000000000e+00,0.000000000000e+00,2.834944052966e+02,2.818783264160e+02,5.451851851851e-01,1.878703703704e-01,4.067233539480e+03,5.548038933089e+04,1.090000000000e+02
2.399000000000e+03,1.034655784275e+08,3.714749891729e+01,4.170163182661e-01,1.757150469747e-07,3.894362677435e+02,1.137833205624e-03,1.240238194130e-01,-1.239362616893e-01,5.344496085378e+03,-3.282663688808e+04,0.000000000000e+00,0.000000000000e+00,6.314974921713e-03,6.883322664667e-01,0.000000000000e+00,0.000000000000e+00,2.831410741271e+02,2.820270385742e+02,5.528703703703e-01,1.404629629629e-01,5.344496085378e+03,5.548233744683e+04,1.090000000000e+02
2.400000000000e+03,1.034936603575e+08,7.532576180364e+01,4.170397775530e-01,1.754781045908e-07,3.899624367114e+02,1.275253152688e-03,1.390025936430e-01,-1.388643853954e-01,1.112665816054e+04,-3.578678759549e+04,0.000000000000e+00,0.000000000000e+00,7.764770815623e-03,8.463600189029e-01,0.000000000000e+00,0.000000000000e+00,2.825570461080e+02,2.817007446289e+02,5.608333333333e-01,8.379629629628e-02,1.112665816054e+04,5.548543680231e+04,1.090000000000e+02
2.401000000000e+03,1.034864640046e+08,3.947816426884e+01,4.170346780037e-01,1.752427029273e-07,3.904865872531e+02,1.244185271724e-03,1.356161946179e-01,-1.355027864415e-01,1.069082806603e+04,-3.221461707762e+02,0.000000000000e+00,0.000000000000e+00,1.816059336587e-03,1.979504676880e-01,0.000000000000e+00,0.000000000000e+00,2.826863944905e+02,2.819637756348e+02,5.668518518518e-01,1.072222222222e-01,1.069082806603e+04,5.548476413537e+04,1.090000000000e+02
2.402000000000e+03,1.034726505794e+08,3.275001794501e+01,4.170288582567e-01,1.750088239237e-07,3.910087374884e+02,1.187166961566e-03,1.294011988107e-01,-1.293048565664e-01,7.748657126097e+03,6.638922419795e+03,0.000000000000e+00,0.000000000000e+00,1.832506262826e-04,1.997431826481e-02,0.000000000000e+00,0.000000000000e+00,2.828318972998e+02,2.817910766602e+02,5.731481481481e-01,1.375000000000e-01,7.748657126097e+03,5.548399860467e+04,1.090000000000e+02
2.403000000000e+03,1.034607187335e+08,2.789629452447e+01,4.170418548728e-01,1.747764500107e-07,3.915289052817e+02,1.102174198776e-03,1.201369876666e-01,-1.200528006453e-01,5.725697123598e+03,5.270640183083e+03,0.000000000000e+00,0.000000000000e+00,7.520014787436e-05,8.196816118305e-03,0.000000000000e+00,0.000000000000e+00,2.825008344178e+02,2.815087585449e+02,5.802777777777e-01,1.625000000000e-01,5.725697123598e+03,5.548573081479e+04,1.090000000000e+02
2.404000000000e+03,1.034567463604e+08,2.764409346144e+01,4.170445238856e-01,1.745455639786e-07,3.920471082476e+02,1.002932418159e-03,1.093196335793e-01,-1.092460154700e-01,4.904672865814e+03,-2.089321835105e+03,0.000000000000e+00,0.000000000000e+00,1.157042758746e-03,1.261176607033e-01,0.000000000000e+00,0.000000000000e+00,2.824310404919e+02,2.814277343750e+02,5.853703703703e-01,1.722222222222e-01,4.904672865814e+03,5.548608918502e+04,1.090000000000e+02
2.405000000000e+03,1.034521739290e+08,2.546084576221e+01,4.170401764167e-01,1.743161484764e-07,3.925633637554e+02,9.824763842337e-04,1.070899258815e-01,-1.070190457723e-01,4.733338934162e+03,-1.365688480184e+03,0.000000000000e+00,0.000000000000e+00,1.008720695543e-03,1.099505558142e-01,0.000000000000e+00,0.000000000000e+00,2.825427436836e+02,2.813230285645e+02,5.913888888888e-01,1.827777777778e-01,4.733338934162e+03,5.548551462222e+04,1.090000000000e+02
2.406000000000e+03,1.035158348025e+08,4.309708286054e+03,4.170695451894e-01,1.740881872642e-07,3.930776889335e+02,1.111128371083e-03,1.211129924481e-01,-1.196197344608e-01,2.281917853359e+04,-7.029832771957e+04,0.000000000000e+00,0.000000000000e+00,1.611800876811e-02,1.756862955724e+00,0.000000000000e+00,0.000000000000e+00,2.817620734586e+02,2.810931091309e+02,5.983333333332e-01,3.490740740747e-02,2.281917853359e+04,5.548939795149e+04,1.090000000000e+02
2.407000000000e+03,1.035242033060e+08,4.715179934127e+02,4.170746237908e-01,1.738616636099e-07,3.935901006745e+02,1.348452249164e-03,1.469812951589e-01,-1.388738815970e-01,8.129558460266e+04,-1.607466134547e+04,0.000000000000e+00,0.000000000000e+00,1.553834385269e-02,1.693679479944e+00,0.000000000000e+00,0.000000000000e+00,2.816260376114e+02,2.810392150879e+02,6.037037037036e-01,3.277777777778e-02,8.129558460266e+04,5.549004759268e+04,1.090000000000e+02
2.408000000000e+03,1.035082330275e+08,3.664738605913e+01,4.170750291667e-01,1.736365614888e-07,3.941006156390e+02,1.168983856474e-03,1.274192403557e-01,-1.272471348006e-01,9.809399793621e+03,8.909263717135e+03,0.000000000000e+00,0.000000000000e+00,7.849276896391e-05,8.555711817066e-03,0.000000000000e+00,0.000000000000e+00,2.816120023911e+02,2.811347045898e+02,6.097222222221e-01,8.537037037034e-02,9.809399793621e+03,5.549011366019e+04,1.090000000000e+02
2.409000000000e+03,1.034952979035e+08,3.206984630431e+01,4.170611475057e-01,1.734128648962e-07,3.946092502603e+02,1.033715197311e-03,1.126749565069e-01,-1.125999824798e-01,7.164455235377e+03,6.686970426260e+03,0.000000000000e+00,0.000000000000e+00,7.886543574438e-05,8.596332496137e-03,0.000000000000e+00,0.000000000000e+00,2.819943545417e+02,2.814194335938e+02,6.144444444443e-01,1.141666666666e-01,7.164455235377e+03,5.548827772720e+04,1.090000000000e+02
2.410000000000e+03,1.034839966732e+08,2.829383553578e+01,4.170832227833e-01,1.731905581713e-07,3.951160207486e+02,9.574536644271e-04,1.043624494226e-01,-1.042962533528e-01,5.702771854626e+03,5.513798924181e+03,0.000000000000e+00,0.000000000000e+00,3.121873355575e-05,3.402841957577e-03,0.000000000000e+00,0.000000000000e+00,2.813740761242e+02,2.805650024414e+02,6.199999999999e-01,1.376851851852e-01,5.702771854626e+03,5.549121703381e+04,1.090000000000e+02
2.411000000000e+03,1.034782996259e+08,2.766559322704e+01,4.170868195656e-01,1.729696258930e-07,3.956209430950e+02,8.601631094595e-04,9.375777893109e-02,-9.369926989579e-02,4.997504181928e+03,4.974891189105e+02,0.000000000000e+00,0.000000000000e+00,7.444051439394e-04,8.114016068940e-02,0.000000000000e+00,0.000000000000e+00,2.812679434844e+02,2.805459594727e+02,6.245370370369e-01,1.504629629629e-01,4.997504181928e+03,5.549169893208e+04,1.090000000000e+02
2.412000000000e+03,1.034723175230e+08,2.570227154360e+01,4.170923718906e-01,1.727500530405e-07,3.961240330755e+02,8.612117836099e-04,9.387208441348e-02,-9.381334128120e-02,4.733399538191e+03,7.761563103842e+02,0.000000000000e+00,0.000000000000e+00,6.544463082834e-04,7.133464760289e-02,0.000000000000e+00,0.000000000000e+00,2.811016015436e+02,2.801643371582e+02,6.299074074073e-01,1.634259259259e-01,4.733399538191e+03,5.549244115179e+04,1.090000000000e+02
2.413000000000e+03,1.034884601947e+08,3.517991446232e+01,4.170887993590e-01,1.725318245887e-07,3.966253062550e+02,9.028819106456e-04,9.841412826037e-02,-9.834706003000e-02,5.529387389748e+03,-2.160021155755e+04,0.000000000000e+00,0.000000000000e+00,4.487417520598e-03,4.891285097452e-01,0.000000000000e+00,0.000000000000e+00,2.812086329303e+02,2.803503723145e+02,6.346296296295e-01,1.345370370370e-01,5.529387389748e+03,5.549196388464e+04,1.090000000000e+02
2.414000000000e+03,1.035014543151e+08,3.782516426502e+01,4.171071104206e-01,1.723149318772e-07,3.971247779911e+02,9.250124294846e-04,1.008263548138e-01,-1.007479016425e-01,8.726873749719e+03,-1.858499029689e+04,0.000000000000e+00,0.000000000000e+00,4.516462485895e-03,4.922944109625e-01,0.000000000000e+00,0.000000000000e+00,2.806471484365e+02,2.799125366211e+02,6.393518518517e-01,1.115740740740e-01,8.726873749719e+03,5.549438729928e+04,1.090000000000e+02
2.415000000000e+03,1.034908909466e+08,3.247625379076e+01,4.171067829782e-01,1.720993480818e-07,3.976224634382e+02,8.002247708943e-04,8.722450002748e-02,-8.716137797398e-02,7.381608042075e+03,5.726363294798e+03,0.000000000000e+00,0.000000000000e+00,2.733341648543e-04,2.979342396912e-02,0.000000000000e+00,0.000000000000e+00,2.806568292422e+02,2.800462036133e+02,6.434259259258e-01,1.346296296296e-01,7.381608042075e+03,5.549434750489e+04,1.090000000000e+02
2.416000000000e+03,1.034808841100e+08,2.860796978056e+01,4.171217631978e-01,1.718850652464e-07,3.981183775503e+02,7.358371948949e-04,8.020625424354e-02,-8.015156084363e-02,5.803824160039e+03,5.558764904821e+03,0.000000000000e+00,0.000000000000e+00,4.037056142527e-05,4.400391195355e-03,0.000000000000e+00,0.000000000000e+00,2.801591238476e+02,2.794725646973e+02,6.476851851851e-01,1.555555555555e-01,5.803824160039e+03,5.549634011128e+04,1.090000000000e+02
2.417000000000e+03,1.034736788999e+08,2.656296527658e+01,4.171299560312e-01,1.716720693577e-07,3.986125350856e+02,6.768004536279e-04,7.377124944544e-02,-7.372254077958e-02,4.892598409903e+03,3.113810409501e+03,0.000000000000e+00,0.000000000000e+00,2.941600894162e-04,3.206344974637e-02,0.000000000000e+00,0.000000000000e+00,2.798685719980e+02,2.790285949707e+02,6.523148148148e-01,1.706481481481e-01,4.892598409903e+03,5.549743067795e+04,1.090000000000e+02
2.418000000000e+03,1.034961612548e+08,3.866419383398e+01,4.171413487052e-01,1.714603560234e-07,3.991049506093e+02,6.677018038562e-04,7.277949662032e-02,-7.272611310370e-02,6.110248652551e+03,-2.651853649581e+04,0.000000000000e+00,0.000000000000e+00,5.396279281575e-03,5.881944416917e-01,0.000000000000e+00,0.000000000000e+00,2.794395518841e+02,2.787380981445e+02,6.554629629629e-01,1.291666666666e-01,6.110248652551e+03,5.549893768765e+04,1.090000000000e+02
2.419000000000e+03,1.035115649239e+08,4.144694206496e+01,4.171493197820e-01,1.712498958439e-07,3.995956384973e+02,7.926519926717e-04,8.639906720121e-02,-8.632529444974e-02,1.064204334635e+04,-2.019470700722e+04,0.000000000000e+00,0.000000000000e+00,5.098597178434e-03,5.557470924493e-01,0.000000000000e+00,0.000000000000e+00,2.791151309157e+02,2.783651733398e+02,6.589814814815e-01,9.879629629627e-02,1.064204334635e+04,5.549999207661e+04,1.090000000000e+02
2.420000000000e+03,1.034999332648e+08,3.501498873281e+01,4.171592065960e-01,1.710406788179e-07,4.000846129395e+02,7.359589938578e-04,8.021953033050e-02,-8.015731355596e-02,8.388700504485e+03,7.182860822200e+03,0.000000000000e+00,0.000000000000e+00,1.988320085981e-04,2.167268893719e-02,0.000000000000e+00,0.000000000000e+00,2.786749624581e+02,2.781217346191e+02,6.621296296296e-01,1.258333333333e-01,8.388700504485e+03,5.550130780948e+04,1.090000000000e+02
2.421000000000e+03,1.034902183164e+08,3.075421930125e+01,4.171664303406e-01,1.708326948122e-07,4.005718879431e+02,6.297818473734e-04,6.864622136370e-02,-6.859650892248e-02,6.620734093679e+03,5.907705362032e+03,0.000000000000e+00,0.000000000000e+00,1.176126990058e-04,1.281978419164e-02,0.000000000000e+00,0.000000000000e+00,2.783178192243e+02,2.777251586914e+02,6.641666666666e-01,1.460185185185e-01,6.620734093679e+03,5.550226916839e+04,1.090000000000e+02
2.422000000000e+03,1.035090342093e+08,4.282441168567e+01,4.171602669798e-01,1.706259434940e-07,4.010574773358e+02,6.577884844767e-04,7.169894480796e-02,-7.164474389311e-02,7.361496299239e+03,-2.279231947387e+04,0.000000000000e+00,0.000000000000e+00,4.986850675549e-03,5.435667236348e-01,0.000000000000e+00,0.000000000000e+00,2.786249147633e+02,2.779897155762e+02,6.662037037037e-01,1.097222222222e-01,7.361496299239e+03,5.550144612091e+04,1.090000000000e+02
2.423000000000e+03,1.035198346124e+08,5.835450276802e+01,4.171703330567e-01,1.704203867813e-07,4.015413947686e+02,7.944492126305e-04,8.659496417672e-02,-8.613061579771e-02,1.398401110979e+04,-1.558085368554e+04,0.000000000000e+00,0.000000000000e+00,4.893814438081e-03,5.334257737508e-01,0.000000000000e+00,0.000000000000e+00,2.781104266515e+02,2.776170043945e+02,6.683333333333e-01,8.611111111110e-02,1.398401110979e+04,5.550277928755e+04,1.090000000000e+02
2.424000000000e+03,1.035095836973e+08,3.696961984996e+01,4.171734166864e-01,1.702160247216e-07,4.020236537196e+02,7.175162668162e-04,7.820927308296e-02,-7.814967267636e-02,8.831551113613e+03,5.913362758560e+03,0.000000000000e+00,0.000000000000e+00,4.793691680337e-04,5.225123931567e-02,0.000000000000e+00,0.000000000000e+00,2.779340440798e+02,2.773967285156e+02,6.705555555555e-01,1.135185185185e-01,8.831551113613e+03,5.550319111804e+04,1.090000000000e+02
2.425000000000e+03,1.035022193168e+08,3.405601163265e+01,4.171718668348e-01,1.700128449339e-07,4.025042674962e+02,6.354362577325e-04,6.926255209285e-02,-6.921219424826e-02,7.614767137802e+03,3.522878403220e+03,0.000000000000e+00,0.000000000000e+00,6.763423649717e-04,7.372131778191e-02,0.000000000000e+00,0.000000000000e+00,2.780237334522e+02,2.774201660156e+02,6.724074074074e-01,1.291666666666e-01,7.614767137802e+03,5.550298646531e+04,1.090000000000e+02
2.426000000000e+03,1.034968279401e+08,3.222093455874e+01,4.171746436563e-01,1.698108352080e-07,4.029832492385e+02,5.834579754196e-04,6.359691932074e-02,-6.355235095178e-02,6.688755962520e+03,1.864009686894e+03,0.000000000000e+00,0.000000000000e+00,7.976029038840e-04,8.693871652336e-02,0.000000000000e+00,0.000000000000e+00,2.778606764277e+02,2.773899841309e+02,6.733333333333e-01,1.404629629629e-01,6.688755962520e+03,5.550335597666e+04,1.090000000000e+02
2.427000000000e+03,1.034972144942e+08,3.313745966325e+01,4.171713951918e-01,1.696100030768e-07,4.034606119221e+02,5.574624073203e-04,6.076340239792e-02,-6.072065009936e-02,6.554383832962e+03,-3.756751118683e+03,0.000000000000e+00,0.000000000000e+00,1.704907517689e-03,1.858349194281e-01,0.000000000000e+00,0.000000000000e+00,2.780529890450e+02,2.776781311035e+02,6.746296296296e-01,1.402777777777e-01,6.554383832962e+03,5.550291851215e+04,1.090000000000e+02
2.428000000000e+03,1.035117068609e+08,4.100853564387e+01,4.171864592601e-01,1.694103009873e-07,4.039363683607e+02,5.630786494986e-04,6.137557279534e-02,-6.132812272686e-02,7.909392901081e+03,-1.789632724378e+04,0.000000000000e+00,0.000000000000e+00,4.267181147574e-03,4.651227450855e-01,0.000000000000e+00,0.000000000000e+00,2.770205705488e+02,2.766098327637e+02,6.765740740740e-01,1.119444444444e-01,7.909392901081e+03,5.550491565421e+04,1.090000000000e+02
2.429000000000e+03,1.035178992370e+08,4.077551672128e+01,4.171889893964e-01,1.692117301329e-07,4.044105312091e+02,5.991044030327e-04,6.530237993056e-02,-6.523904978526e-02,1.047726316566e+04,-9.813481365483e+03,0.000000000000e+00,0.000000000000e+00,3.354354778345e-03,3.656246708396e-01,0.000000000000e+00,0.000000000000e+00,2.767803760757e+02,2.765415649414e+02,6.780555555555e-01,9.916666666665e-02,1.047726316566e+04,5.550525110121e+04,1.090000000000e+02
2.430000000000e+03,1.035077536188e+08,3.526577031030e+01,4.171896711162e-01,1.690142820637e-07,4.048831129656e+02,5.509882742947e-04,6.005772189812e-02,-6.001227361865e-02,8.379476410005e+03,6.814615343340e+03,0.000000000000e+00,0.000000000000e+00,2.581573848358e-04,2.813915494710e-02,0.000000000000e+00,0.000000000000e+00,2.767094871658e+02,2.764434814453e+02,6.787962962962e-01,1.233333333333e-01,8.379476410005e+03,5.550534232249e+04,1.090000000000e+02
2.431000000000e+03,1.035395018780e+08,3.790587474211e+03,4.171948194520e-01,1.688179467323e-07,4.053541259750e+02,5.272433510077e-04,5.746952525984e-02,-5.649250100253e-02,2.749150996009e+04,-3.488391557249e+04,0.000000000000e+00,0.000000000000e+00,1.093942251267e-02,1.192397053881e+00,0.000000000000e+00,0.000000000000e+00,2.759521579051e+02,2.759356079102e+02,6.794444444444e-01,3.537037037043e-02,2.749150996009e+04,5.550602374755e+04,1.090000000000e+02
2.432000000000e+03,1.035452035694e+08,5.469409550761e+02,4.171960120687e-01,1.686227108122e-07,4.058235824307e+02,5.980122890405e-04,6.518333950541e-02,-6.216227708702e-02,5.948447221546e+04,-9.152079102077e+03,0.000000000000e+00,0.000000000000e+00,1.083616617986e-02,1.181142113604e+00,0.000000000000e+00,0.000000000000e+00,2.754902097564e+02,2.754302673340e+02,6.791666666666e-01,3.453703703706e-02,5.948447221546e+04,5.550618146697e+04,1.090000000000e+02
2.433000000000e+03,1.035429287832e+08,6.923452558889e+02,4.171951089417e-01,1.684285639352e-07,4.062914943778e+02,6.080908548608e-04,6.628190317983e-02,-6.596880083573e-02,1.220156340424e+04,-1.386887937939e+03,0.000000000000e+00,0.000000000000e+00,2.272868691179e-03,2.477426873385e-01,0.000000000000e+00,0.000000000000e+00,2.758809061670e+02,2.757243041992e+02,6.777777777777e-01,4.046296296299e-02,1.220156340424e+04,5.550606137438e+04,1.090000000000e+02
2.434000000000e+03,1.035392035334e+08,1.167673533569e+02,4.171959785316e-01,1.682354968905e-07,4.067578737148e+02,5.832135606495e-04,6.357027811080e-02,-6.299266426526e-02,1.471726823099e+04,2.287709610616e+02,0.000000000000e+00,0.000000000000e+00,2.304892243279e-03,2.512332545174e-01,0.000000000000e+00,0.000000000000e+00,2.755214698139e+02,2.753952331543e+02,6.760185185185e-01,5.879629629630e-02,1.471726823099e+04,5.550617694003e+04,1.090000000000e+02
2.435000000000e+03,1.035365238085e+08,1.482900865911e+02,4.171953801439e-01,1.680434964082e-07,4.072227321969e+02,4.978956182240e-04,5.427062238642e-02,-5.416425834611e-02,9.935349868861e+03,-3.267251914646e+02,0.000000000000e+00,0.000000000000e+00,1.702349448200e-03,1.855560898538e-01,0.000000000000e+00,0.000000000000e+00,2.758010658068e+02,2.759801940918e+02,6.745370370370e-01,6.407407407407e-02,9.935349868861e+03,5.550609776142e+04,1.090000000000e+02
2.436000000000e+03,1.035330823694e+08,7.730654698284e+01,4.171955463157e-01,1.678525547906e-07,4.076860814376e+02,5.196188369527e-04,5.663845322785e-02,-5.647846170137e-02,1.091211477766e+04,3.065369133634e+02,0.000000000000e+00,0.000000000000e+00,1.742675369972e-03,1.899516153269e-01,0.000000000000e+00,0.000000000000e+00,2.757441356647e+02,2.755638122559e+02,6.738888888888e-01,7.574074074073e-02,1.091211477766e+04,5.550611958966e+04,1.090000000000e+02
2.437000000000e+03,1.035237308492e+08,3.577092083230e+01,4.171960230746e-01,1.676626589142e-07,4.081479329114e+02,4.884701125088e-04,5.324324226346e-02,-5.319880399494e-02,8.350964794418e+03,6.398658047594e+03,0.000000000000e+00,0.000000000000e+00,3.162286278346e-04,3.446892043397e-02,0.000000000000e+00,0.000000000000e+00,2.752515617646e+02,2.752113037109e+02,6.733333333333e-01,9.861111111108e-02,8.350964794418e+03,5.550618252875e+04,1.090000000000e+02
2.438000000000e+03,1.035262995708e+08,3.999757498627e+01,4.171960858220e-01,1.674738127466e-07,4.086082979559e+02,4.370855918193e-04,4.764232950831e-02,-4.760721168732e-02,8.159825734910e+03,-5.211213918948e+03,0.000000000000e+00,0.000000000000e+00,2.211046372234e-03,2.410040545735e-01,0.000000000000e+00,0.000000000000e+00,2.753043425791e+02,2.754689636230e+02,6.728703703703e-01,9.111111111109e-02,8.159825734910e+03,5.550618668073e+04,1.090000000000e+02
2.439000000000e+03,1.035262563945e+08,3.864006819335e+01,4.171953958212e-01,1.672859812713e-07,4.090671877743e+02,4.338404561768e-04,4.728860972327e-02,-4.722750709650e-02,9.694762194467e+03,-2.578239058708e+03,0.000000000000e+00,0.000000000000e+00,2.028873667345e-03,2.211472297406e-01,0.000000000000e+00,0.000000000000e+00,2.749254876294e+02,2.750495300293e+02,6.715740740740e-01,9.101851851849e-02,9.694762194467e+03,5.550609411252e+04,1.090000000000e+02
2.440000000000e+03,1.035168655323e+08,3.474384951580e+01,4.171928939150e-01,1.670991654328e-07,4.095246134373e+02,3.696843366225e-04,4.029559269185e-02,-4.026565126500e-02,7.879274758606e+03,7.155879570049e+03,0.000000000000e+00,0.000000000000e+00,1.191973399909e-04,1.299251005900e-02,0.000000000000e+00,0.000000000000e+00,2.744341043858e+02,2.745464477539e+02,6.699074074074e-01,1.122222222222e-01,7.879274758606e+03,5.550576033627e+04,1.090000000000e+02
2.441000000000e+03,1.035103270506e+08,3.263813103663e+01,4.171884108938e-01,1.669133563862e-07,4.099805858851e+02,3.280579455902e-04,3.575831606933e-02,-3.573244244158e-02,6.892712276164e+03,4.555135931527e+03,0.000000000000e+00,0.000000000000e+00,3.862597931436e-04,4.210231745265e-02,0.000000000000e+00,0.000000000000e+00,2.739329084836e+02,2.740815124512e+02,6.662962962963e-01,1.250925925926e-01,6.892712276164e+03,5.550516287168e+04,1.090000000000e+02
2.442000000000e+03,1.035073880911e+08,3.224135927980e+01,4.171897250723e-01,1.667285444907e-07,4.104351159300e+02,2.838858196016e-04,3.094355433657e-02,-3.092172547600e-02,6.479108584964e+03,1.222642168169e+03,0.000000000000e+00,0.000000000000e+00,8.689615593191e-04,9.471680996578e-02,0.000000000000e+00,0.000000000000e+00,2.740585228271e+02,2.743074951172e+02,6.619444444444e-01,1.308333333333e-01,6.479108584964e+03,5.550533764814e+04,1.090000000000e+02
2.443000000000e+03,1.035030009921e+08,3.105780363334e+01,2.606027690990e+03,4.307417278350e-03,1.000000000000e+02,2.203619724840e-04,2.401945500076e-02,-2.672717873727e-02,6.328500232024e+03,2.903597239871e+03,1.560195970753e-05,1.700613608121e-03,5.504743883150e-04,6.000170832633e-02,4.212529121034e-04,4.591656741927e-02,2.741379900319e+02,2.743923034668e+02,6.556481481481e-01,1.385185185185e-01,6.328500232024e+03,5.550543934930e+04,1.090000000000e+02
2.444000000000e+03,1.034967282599e+08,2.940190553082e+01,9.358722324211e+03,1.546885997945e-02,1.000000000000e+02,-3.549235036248e-05,-3.868666189510e-03,-1.350466664017e-02,5.746362448022e+03,5.523151823951e+03,3.679170775256e-05,4.010296145029e-03,0.000000000000e+00,0.000000000000e+00,9.933761093192e-04,1.082779959158e-01,2.738000600404e+02,2.744028015137e+02,6.504629629629e-01,1.501851851852e-01,5.746362448022e+03,5.550496079083e+04,1.090000000000e+02
2.445000000000e+03,1.034915679672e+08,2.737691913230e+01,1.943204624928e+04,3.143796264446e-02,1.021129634265e+02,-2.963217073064e-04,-3.229906609640e-02,-1.400955724818e-03,5.176058902828e+03,5.082532798727e+03,1.516718944517e-05,1.653223649524e-03,0.000000000000e+00,0.000000000000e+00,1.371015024527e-03,1.494406376734e-01,2.732215078538e+02,2.738864746094e+02,2.564814814815e-02,1.593518518518e-01,5.176058902828e+03,5.550385325626e+04,1.090000000000e+02
2.446000000000e+03,1.034868094140e+08,2.811760570818e+01,3.103127247027e+04,4.592989649516e-02,1.115100338939e+02,-3.442128199378e-04,-3.751919737322e-02,-1.280309565522e-04,4.750706515506e+03,4.751447202072e+03,0.000000000000e+00,0.000000000000e+00,0.000000000000e+00,0.000000000000e+00,1.571859086248e-03,1.713326404010e-01,2.732109370185e+02,2.735253601074e+02,0.000000000000e+00,1.685185185185e-01,4.750706515506e+03,5.550383079930e+04,1.090000000000e+02
2.447000000000e+03,1.034823121742e+08,2.689311137999e+01,4.202480342349e+04,5.804195324881e-02,1.195683805743e+02,-3.676245614156e-04,-4.007107719430e-02,0.000000000000e+00,4.498465146325e+03,4.497240652002e+03,0.000000000000e+00,0.000000000000e+00,0.000000000000e+00,0.000000000000e+00,1.449511984231e-03,1.579968062812e-01,2.732131348061e+02,2.733212890625e+02,0.000000000000e+00,1.765740740741e-01,4.498465146325e+03,5.550383572906e+04,1.090000000000e+02
2.448000000000e+03,1.034780260936e+08,2.635964542689e+01,5.189753285866e+04,6.761532558320e-02,1.267933260533e+02,-3.730743379877e-04,-4.066510284066e-02,0.000000000000e+00,4.286613998417e+03,4.286080532466e+03,0.000000000000e+00,0.000000000000e+00,0.000000000000e+00,0.000000000000e+00,1.258805683249e-03,1.372098194741e-01,2.732107715306e+02,2.729063110352e+02,0.000000000000e+00,1.849074074074e-01,4.286613998417e+03,5.550383042826e+04,1.090000000000e+02
2.449000000000e+03,1.034739161492e+08,2.592706034696e+01,6.257327759494e+04,7.785010672967e-02,1.328040013504e+02,-3.680820794776e-04,-4.012094666305e-02,0.000000000000e+00,4.110376675686e+03,4.109944090615e+03,0.000000000000e+00,0.000000000000e+00,0.000000000000e+00,0.000000000000e+00,1.396528985095e-03,1.522216593754e-01,2.732082326924e+02,2.722380981445e+02,0.000000000000e+00,1.931481481481e-01,4.110376675686e+03,5.550382472617e+04,1.090000000000e+02
2.450000000000e+03,1.034699640980e+08,2.542709428191e+01,7.327082085116e+04,8.761390113629e-02,1.381927830046e+02,-3.616240472084e-04,-3.941702114571e-02,0.000000000000e+00,3.952550819917e+03,3.952050853871e+03,0.000000000000e+00,0.000000000000e+00,0.000000000000e+00,0.000000000000e+00,1.406589895464e-03,1.533182986056e-01,2.732065460367e+02,2.720433349609e+02,0.000000000000e+00,2.012962962963e-01,3.952550819917e+03,5.550382093327e+04,1.090000000000e+02
2.451000000000e+03,1.034661391201e+08,2.523013287363e+01,8.353768513433e+04,9.641813992749e-02,1.431796842746e+02,-3.561138035215e-04,-3.881640458384e-02,0.000000000000e+00,3.825174698571e+03,3.824977737171e+03,0.000000000000e+00,0.000000000000e+00,0.000000000000e+00,0.000000000000e+00,1.340913854298e-03,1.461596101185e-01,2.732022560131e+02,2.718146057129e+02,0.000000000000e+00,2.089814814815e-01,3.825174698571e+03,5.550381127331e+04,1.090000000000e+02
2.452000000000e+03,1.034624472439e+08,2.524928429625e+01,9.380255762984e+04,1.049801022930e-01,1.476677902435e+02,-3.666250166947e-04,-3.996212681972e-02,0.000000000000e+00,3.691857548499e+03,3.691876699915e+03,0.000000000000e+00,0.000000000000e+00,0.000000000000e+00,0.000000000000e+00,1.330075204848e-03,1.449781973285e-01,2.731965750891e+02,2.714259948730e+02,0.000000000000e+00,2.166666666667e-01,3.691857548499e+03,5.550379845000e+04,1.090000000000e+02
2.453000000000e+03,1.034588509788e+08,2.532947521854e+01,1.058593333451e+05,1.156570731397e-01,1.512690407415e+02,-3.671439435307e-04,-4.001868984485e-02,0.000000000000e+00,3.596185702459e+03,3.596265893378e+03,0.000000000000e+00,0.000000000000e+00,0.000000000000e+00,0.000000000000e+00,1.625744959883e-03,1.772062006273e-01,2.731909769455e+02,2.707429199219e+02,0.000000000000e+00,2.243518518518e-01,3.596185702459e+03,5.550378577817e+04,1.090000000000e+02
2.454000000000e+03,1.034553419001e+08,2.529081227923e+01,1.188216325014e+05,1.271653655301e-01,1.544298310942e+02,-3.565861339442e-04,-3.886788859991e-02,0.000000000000e+00,3.509118026958e+03,3.509079364020e+03,0.000000000000e+00,0.000000000000e+00,0.000000000000e+00,0.000000000000e+00,1.785943539732e-03,1.946678458308e-01,2.731872916190e+02,2.704045104980e+02,0.000000000000e+00,2.323148148148e-01,3.509118026958e+03,5.550377741715e+04,1.090000000000e+02
2.455000000000e+03,1.034519215028e+08,2.534644101577e+01,1.316743651880e+05,1.382537254717e-01,1.574118624071e+02,-3.573731349527e-04,-3.895367170985e-02,0.000000000000e+00,3.420342059453e+03,3.420397688192e+03,0.000000000000e+00,0.000000000000e+00,0.000000000000e+00,0.000000000000e+00,1.767080668718e-03,1.926117928903e-01,2.731838665644e+02,2.700735168457e+02,0.000000000000e+00,2.400925925926e-01,3.420342059453e+03,5.550376963343e+04,1.090000000000e+02
2.456000000000e+03,1.034485795469e+08,2.570050749758e+01,1.453157091297e+05,1.499460134027e-01,1.601759679655e+02,-3.590071276789e-04,-3.913177691700e-02,0.000000000000e+00,3.341601827460e+03,3.341955893942e+03,0.000000000000e+00,0.000000000000e+00,0.000000000000e+00,0.000000000000e+00,1.895798739273e-03,2.066420625808e-01,2.731786953813e+02,2.694647521973e+02,0.000000000000e+00,2.475925925926e-01,3.341601827460e+03,5.550375785636e+04,1.090000000000e+02
2.457000000000e+03,1.034453031645e+08,2.643607421418e+01,1.565793310161e+05,1.581090052359e-01,1.636825298976e+02,-3.439915164729e-04,-3.749507529555e-02,0.000000000000e+00,3.275646661960e+03,3.276382228662e+03,0.000000000000e+00,0.000000000000e+00,0.000000000000e+00,0.000000000000e+00,1.517799539575e-03,1.654401498137e-01,2.731715044241e+02,2.685157775879e+02,0.000000000000e+00,2.558333333333e-01,3.275646661960e+03,5.550374142929e+04,1.090000000000e+02
2.458000000000e+03,1.034420788134e+08,2.711563475646e+01,1.666819530149e+05,1.646015332616e-01,1.673720158897e+02,-3.253497570599e-04,-3.546312351953e-02,0.000000000000e+00,3.223672020858e+03,3.224351581406e+03,0.000000000000e+00,0.000000000000e+00,0.000000000000e+00,0.000000000000e+00,1.344536246758e-03,1.465544508966e-01,2.731655104902e+02,2.681567382813e+02,0.000000000000e+00,2.631481481481e-01,3.223672020858e+03,5.550372769194e+04,1.090000000000e+02
2.459000000000e+03,1.034389132242e+08,2.782949980286e+01,1.789876873612e+05,1.746799664698e-01,1.693602105653e+02,-3.169401425240e-04,-3.454647553512e-02,0.000000000000e+00,3.164875107001e+03,3.165588972052e+03,0.000000000000e+00,0.000000000000e+00,0.000000000000e+00,0.000000000000e+00,1.717102620499e-03,1.871641856344e-01,2.731596966905e+02,2.678457641602e+02,0.000000000000e+00,2.710185185185e-01,3.164875107001e+03,5.550371432895e+04,1.090000000000e+02
2.460000000000e+03,1.034358013333e+08,2.892525785227e+01,1.911786815467e+05,1.838167130890e-01,1.719049652344e+02,-3.115511974669e-04,-3.395908052389e-02,0.000000000000e+00,3.110795418318e+03,3.111891176389e+03,0.000000000000e+00,0.000000000000e+00,0.000000000000e+00,0.000000000000e+00,1.703530308816e-03,1.856848036610e-01,2.731524898807e+02,2.672311096191e+02,0.000000000000e+00,2.796296296296e-01,3.110795418318e+03,5.550369771219e+04,1.090000000000e+02
2.461000000000e+03,1.034327317803e+08,2.986718423426e+01,2.015300017180e+05,1.903445264302e-01,1.749988983069e+02,-3.051737892528e-04,-3.326394302856e-02,0.000000000000e+00,3.068611415460e+03,3.069553341871e+03,0.000000000000e+00,0.000000000000e+00,0.000000000000e+00,0.000000000000e+00,1.405823041978e-03,1.532347115756e-01,2.731471441976e+02,2.670113830566e+02,0.000000000000e+00,2.870370370370e-01,3.068611415460e+03,5.550368534896e+04,1.090000000000e+02
2.462000000000e+03,1.034296988314e+08,3.057021794774e+01,2.121944720057e+05,1.974381569380e-01,1.776399677783e+02,-3.014750901253e-04,-3.286078482366e-02,0.000000000000e+00,3.032245724525e+03,3.032948758236e+03,0.000000000000e+00,0.000000000000e+00,0.000000000000e+00,0.000000000000e+00,1.461281348725e-03,1.592796670110e-01,2.731434353423e+02,2.674907226562e+02,0.000000000000e+00,2.954629629629e-01,3.032245724525e+03,5.550367675205e+04,1.090000000000e+02
2.463000000000e+03,1.034266932533e+08,3.161407942513e+01,2.235143629404e+05,2.043329410505e-01,1.808032802420e+02,-3.074065748197e-04,-3.350731665534e-02,0.000000000000e+00,3.004534480823e+03,3.005578342300e+03,0.000000000000e+00,0.000000000000e+00,0.000000000000e+00,0.000000000000e+00,1.563646949078e-03,1.704375174495e-01,2.731385364474e+02,2.673902587891e+02,0.000000000000e+00,3.023148148148e-01,3.004534480823e+03,5.550366537308e+04,1.090000000000e+02
2.464000000000e+03,1.034237237892e+08,3.278747354814e+01,2.335734805352e+05,2.110546224675e-01,1.829233544531e+02,-2.957895327270e-04,-3.224105906724e-02,0.000000000000e+00,2.968290486579e+03,2.969463880716e+03,0.000000000000e+00,0.000000000000e+00,0.000000000000e+00,0.000000000000e+00,1.366910156389e-03,1.489932070464e-01,2.731335600559e+02,2.672338867188e+02,0.000000000000e+00,3.107407407407e-01,2.968290486579e+03,5.550365378620e+04,1.090000000000e+02
2.465000000000e+03,1.034207870239e+08,3.441568053002e+01,2.418990673319e+05,2.148651356554e-01,1.860843348947e+02,-2.994557084299e-04,-3.264067221885e-02,0.000000000000e+00,2.935137162886e+03,2.936765369857e+03,0.000000000000e+00,0.000000000000e+00,0.000000000000e+00,0.000000000000e+00,1.076707959625e-03,1.173611675992e-01,2.731273167964e+02,2.668755798340e+02,0.000000000000e+00,3.187037037037e-01,2.935137162886e+03,5.550363921080e+04,1.090000000000e+02
2.466000000000e+03,1.034178737706e+08,3.578087879943e+01,2.551344707909e+05,2.248876011736e-01,1.875194133227e+02,-3.098434012855e-04,-3.377293074012e-02,0.000000000000e+00,2.911888691477e+03,2.913253889740e+03,0.000000000000e+00,0.000000000000e+00,0.000000000000e+00,0.000000000000e+00,1.877872050631e-03,2.046880535188e-01,2.731227720433e+02,2.667943420410e+02,0.000000000000e+00,3.261111111111e-01,2.911888691477e+03,5.550362857287e+04,1.090000000000e+02
2.467000000000e+03,1.034149850510e+08,3.765595359331e+01,2.688605797864e+05,2.347131942900e-01,1.893360084148e+02,-3.209270682175e-04,-3.498105043571e-02,0.000000000000e+00,2.886843752995e+03,2.888718827793e+03,0.000000000000e+00,0.000000000000e+00,0.000000000000e+00,0.000000000000e+00,1.947901895648e-03,2.123213066256e-01,2.731166878357e+02,2.665367736816e+02,0.000000000000e+00,3.345370370370e-01,2.886843752995e+03,5.550361429564e+04,1.090000000000e+02
2.468000000000e+03,1.034121215200e+08,4.077570798309e+01,2.806701341002e+05,2.423882402495e-01,1.913943521208e+02,-2.983539533259e-04,-3.252058091253e-02,0.000000000000e+00,2.860411376797e+03,2.863531131188e+03,0.000000000000e+00,0.000000000000e+00,0.000000000000e+00,0.000000000000e+00,1.653689175488e-03,1.802521201282e-01,2.731082822709e+02,2.658544006348e+02,0.000000000000e+00,3.419444444444e-01,2.860411376797e+03,5.550359450304e+04,1.090000000000e+02
2.469000000000e+03,1.034092841257e+08,4.562065820507e+01,2.918880905605e+05,2.493989505913e-01,1.934492434572e+02,-2.843922281907e-04,-3.099875287278e-02,0.000000000000e+00,2.832548589486e+03,2.837393539696e+03,0.000000000000e+00,0.000000000000e+00,0.000000000000e+00,0.000000000000e+00,1.569871343203e-03,1.711159764091e-01,2.730973617561e+02,2.650914611816e+02,0.000000000000e+00,3.504629629629e-01,2.832548589486e+03,5.550356866993e+04,1.090000000000e+02
2.470000000000e+03,1.034064719698e+08,5.138533020757e+01,3.013769518055e+05,2.543997253109e-01,1.958120389718e+02,-2.716607054076e-04,-2.961101688943e-02,0.000000000000e+00,2.806391148724e+03,2.812155820712e+03,0.000000000000e+00,0.000000000000e+00,0.000000000000e+00,0.000000000000e+00,1.296796711189e-03,1.413508415196e-01,2.730871804544e+02,2.644819641113e+02,0.000000000000e+00,3.586111111111e-01,2.806391148724e+03,5.550354446417e+04,1.090000000000e+02
2.471000000000e+03,1.034036812357e+08,5.732545135855e+01,3.104759636277e+05,2.591628827880e-01,1.980166845201e+02,-2.526425024252e-04,-2.753803276435e-02,0.000000000000e+00,2.784793890640e+03,2.790734011792e+03,0.000000000000e+00,0.000000000000e+00,0.000000000000e+00,0.000000000000e+00,1.251373220250e-03,1.363996810073e-01,2.730787262201e+02,2.644597473145e+02,0.000000000000e+00,3.669444444444e-01,2.784793890640e+03,5.550352427523e+04,1.090000000000e+02
2.472000000000e+03,1.034009068585e+08,6.302923423659e+01,3.208927235881e+05,2.650152502263e-01,2.001410465758e+02,-2.648762379729e-04,-2.887150993904e-02,0.000000000000e+00,2.768672956269e+03,2.774376739149e+03,0.000000000000e+00,0.000000000000e+00,0.000000000000e+00,0.000000000000e+00,1.456951247152e-03,1.588076859395e-01,2.730719148225e+02,2.643859558105e+02,0.000000000000e+00,3.750000000000e-01,2.768672956269e+03,5.550350795027e+04,1.090000000000e+02
2.473000000000e+03,1.033981486479e+08,7.159518769839e+01,3.311553682270e+05,2.706924401891e-01,2.022103819476e+02,-2.654018387322e-04,-2.892880042181e-02,0.000000000000e+00,2.749643269048e+03,2.758209222515e+03,0.000000000000e+00,0.000000000000e+00,0.000000000000e+00,0.000000000000e+00,1.430964211911e-03,1.559750990983e-01,2.730598585061e+02,2.635574340820e+02,0.000000000000e+00,3.830555555555e-01,2.749643269048e+03,5.550347892781e+04,1.090000000000e+02
2.474000000000e+03,1.033954120009e+08,8.396603963254e+01,3.398802027638e+05,2.749797316151e-01,2.043024369278e+02,-2.476486071021e-04,-2.699369817413e-02,0.000000000000e+00,2.724276401769e+03,2.736647253707e+03,0.000000000000e+00,0.000000000000e+00,0.000000000000e+00,0.000000000000e+00,1.194532069432e-03,1.302039955681e-01,2.730462926721e+02,2.634318237305e+02,0.000000000000e+00,3.923148148148e-01,2.724276401769e+03,5.550344607457e+04,1.090000000000e+02
2.475000000000e+03,1.033926968495e+08,9.895895474507e+01,3.483939579958e+05,2.793503237581e-01,2.061438256565e+02,-2.317560353651e-04,-2.526140785479e-02,0.000000000000e+00,2.700160352484e+03,2.715153267600e+03,0.000000000000e+00,0.000000000000e+00,0.000000000000e+00,0.000000000000e+00,1.175535942872e-03,1.281334177731e-01,2.730334211925e+02,2.631764831543e+02,0.000000000000e+00,4.009259259259e-01,2.700160352484e+03,5.550341470875e+04,1.090000000000e+02
2.476000000000e+03,1.033899984642e+08,1.147360145748e+02,3.581114035219e+05,2.844252798627e-01,2.081130587592e+02,-2.255928211512e-04,-2.458961750548e-02,0.000000000000e+00,2.682609328512e+03,2.698386388347e+03,0.000000000000e+00,0.000000000000e+00,0.000000000000e+00,0.000000000000e+00,1.380649614665e-03,1.504908079985e-01,2.730232447437e+02,2.627090454102e+02,0.000000000000e+00,4.099074074074e-01,2.682609328512e+03,5.550338977623e+04,1.090000000000e+02
2.477000000000e+03,1.033873165743e+08,1.365368197471e+02,3.663230612023e+05,2.882295768883e-01,2.100756632883e+02,-2.120275615314e-04,-2.311100420692e-02,0.000000000000e+00,2.660088813538e+03,2.681889618709e+03,0.000000000000e+00,0.000000000000e+00,0.000000000000e+00,0.000000000000e+00,1.145353619965e-03,1.248435445762e-01,2.730020797715e+02,2.621520385742e+02,0.000000000000e+00,4.178703703704e-01,2.660088813538e+03,5.550333754743e+04,1.090000000000e+02
2.478000000000e+03,1.033846616824e+08,1.680826786733e+02,3.731679127252e+05,2.907438228545e-01,2.121507151668e+02,-1.941339925318e-04,-2.116060518597e-02,0.000000000000e+00,2.623346889387e+03,2.654892748316e+03,0.000000000000e+00,0.000000000000e+00,0.000000000000e+00,0.000000000000e+00,9.373331922303e-04,1.021693179531e-01,2.729783609484e+02,2.611498107910e+02,0.000000000000e+00,4.269444444444e-01,2.623346889387e+03,5.550327841222e+04,1.090000000000e+02
2.479000000000e+03,1.033820244217e+08,1.993241771676e+02,3.819474733180e+05,2.951809252941e-01,2.138781710857e+02,-2.101035439189e-04,-2.290128628716e-02,0.000000000000e+00,2.606019328274e+03,2.637260826768e+03,0.000000000000e+00,0.000000000000e+00,0.000000000000e+00,0.000000000000e+00,1.241128924894e-03,1.352830528135e-01,2.729682209070e+02,2.612925415039e+02,0.000000000000e+00,4.353796296296e-01,2.606019328274e+03,5.550325293272e+04,1.090000000000e+02
2.480000000000e+03,1.033793916934e+08,2.318678398958e+02,3.900229252287e+05,2.989266976409e-01,2.156637090243e+02,-2.185490837174e-04,-2.382185012520e-02,0.000000000000e+00,2.600186133695e+03,2.632729796425e+03,0.000000000000e+00,0.000000000000e+00,0.000000000000e+00,0.000000000000e+00,1.116319799432e-03,1.216788581381e-01,2.729509717765e+02,2.609349670410e+02,0.000000000000e+00,4.430837962963e-01,2.600186133695e+03,5.550320932231e+04,1.090000000000e+02
2.481000000000e+03,1.033767726295e+08,2.735694313897e+02,3.965562589671e+05,3.012346487019e-01,2.175966524353e+02,-1.965554804904e-04,-2.142454737345e-02,0.000000000000e+00,2.577362327682e+03,2.619063919179e+03,0.000000000000e+00,0.000000000000e+00,0.000000000000e+00,0.000000000000e+00,8.834398113879e-04,9.629493944128e-02,2.729248962560e+02,2.602474670410e+02,0.000000000000e+00,4.499449074074e-01,2.577362327682e+03,5.550314275792e+04,1.090000000000e+02
2.482000000000e+03,1.033741692079e+08,3.205360298839e+02,4.050884865899e+05,3.054702481516e-01,2.191966272091e+02,-1.882545476215e-04,-2.051974569075e-02,0.000000000000e+00,2.556455399604e+03,2.603421998100e+03,0.000000000000e+00,0.000000000000e+00,0.000000000000e+00,0.000000000000e+00,1.222128691900e-03,1.332120274171e-01,2.729051602686e+02,2.592016906738e+02,0.000000000000e+00,4.578634490741e-01,2.556455399604e+03,5.550309186458e+04,1.090000000000e+02
2.483000000000e+03,1.033715740314e+08,3.706432774197e+02,4.125962920221e+05,3.087063469290e-01,2.209190758388e+02,-1.821314517789e-04,-1.985232824390e-02,0.000000000000e+00,2.545070477700e+03,2.595177725238e+03,0.000000000000e+00,0.000000000000e+00,0.000000000000e+00,0.000000000000e+00,1.058932367610e-03,1.154236280695e-01,2.728843647194e+02,2.587669372559e+02,0.000000000000e+00,4.650422465278e-01,2.545070477700e+03,5.550303775742e+04,1.090000000000e+02
2.484000000000e+03,1.033689877876e+08,4.243089861236e+02,4.188051131607e+05,3.107924290339e-01,2.227385981388e+02,-1.823523011778e-04,-1.987640082838e-02,0.000000000000e+00,2.532578718511e+03,2.586244427219e+03,0.000000000000e+00,0.000000000000e+00,0.000000000000e+00,0.000000000000e+00,8.439900764137e-04,9.199491832909e-02,2.728672601690e+02,2.591825561523e+02,0.000000000000e+00,4.713867141204e-01,2.532578718511e+03,5.550299287893e+04,1.090000000000e+02
2.485000000000e+03,1.033664091277e+08,4.799512609328e+02,4.261305787245e+05,3.139092445005e-01,2.243845704224e+02,-1.889737375076e-04,-2.059813738833e-02,0.000000000000e+00,2.523018760264e+03,2.578661035072e+03,0.000000000000e+00,0.000000000000e+00,0.000000000000e+00,0.000000000000e+00,1.021939984889e-03,1.113914583529e-01,2.728512285957e+02,2.589403686523e+02,0.000000000000e+00,4.786166748264e-01,2.523018760264e+03,5.550295050966e+04,1.090000000000e+02
2.486000000000e+03,1.033638427580e+08,5.410364132236e+02,4.342352947675e+05,3.177994384420e-01,2.258535926382e+02,-1.855604630079e-04,-2.022609046786e-02,0.000000000000e+00,2.505284706449e+03,2.566369858742e+03,0.000000000000e+00,0.000000000000e+00,0.000000000000e+00,0.000000000000e+00,1.154178981586e-03,1.258055089929e-01,2.728275990782e+02,2.588750610352e+02,0.000000000000e+00,4.844981794560e-01,2.505284706449e+03,5.550288752132e+04,1.090000000000e+02
2.487000000000e+03,1.033619157213e+08,7.180870165793e+02,4.415312616357e+05,3.209160114703e-01,2.274184861010e+02,-1.745234022223e-04,-1.902305084223e-02,0.000000000000e+00,1.749983877466e+03,1.927034480823e+03,0.000000000000e+00,0.000000000000e+00,0.000000000000e+00,0.000000000000e+00,1.031569922652e-03,1.124411215691e-01,2.728007536977e+02,2.585750122070e+02,0.000000000000e+00,4.866059356510e-01,1.749983877466e+03,5.550281461979e+04,1.090000000000e+02
2.488000000000e+03,1.033599381547e+08,9.155539116657e+02,4.479549875937e+05,3.232820128889e-01,2.290387598029e+02,-1.728905494718e-04,-1.884506989243e-02,0.000000000000e+00,1.780099661192e+03,1.977566556279e+03,0.000000000000e+00,0.000000000000e+00,0.000000000000e+00,0.000000000000e+00,8.889765925735e-04,9.689844859052e-02,2.727840268868e+02,2.581688537598e+02,0.000000000000e+00,4.900800328733e-01,1.780099661192e+03,5.550276911516e+04,1.090000000000e+02
2.489000000000e+03,1.033577968715e+08,1.077584348976e+03,4.543566940182e+05,3.256479133822e-01,2.306241886878e+02,-1.873246686691e-04,-2.041838888493e-02,0.000000000000e+00,1.979254835570e+03,2.141285272879e+03,0.000000000000e+00,0.000000000000e+00,0.000000000000e+00,0.000000000000e+00,8.708426426595e-04,9.492184804989e-02,2.727848789632e+02,2.584033508301e+02,0.000000000000e+00,4.950010472484e-01,1.979254835570e+03,5.550277145909e+04,1.090000000000e+02
2.490000000000e+03,1.033555890032e+08,1.227519716777e+03,4.607125895005e+05,3.280137223522e-01,2.321638342130e+02,-1.983334783664e-04,-2.161834914194e-02,0.000000000000e+00,2.057933312103e+03,2.207868679903e+03,0.000000000000e+00,0.000000000000e+00,0.000000000000e+00,0.000000000000e+00,8.522980162487e-04,9.290048377111e-02,2.727761301005e+02,2.589501037598e+02,0.000000000000e+00,4.993294048873e-01,2.057933312103e+03,5.550274752843e+04,1.090000000000e+02
2.491000000000e+03,1.033533540710e+08,1.381502259402e+03,4.693534327586e+05,3.324362240282e-01,2.333719474725e+02,-1.908375731928e-04,-2.080129547802e-02,0.000000000000e+00,2.080951287036e+03,2.234933829662e+03,0.000000000000e+00,0.000000000000e+00,0.000000000000e+00,0.000000000000e+00,1.237522103598e-03,1.348899092922e-01,2.727573731076e+02,2.585108337402e+02,0.000000000000e+00,5.046355961965e-01,2.080951287036e+03,5.550269590475e+04,1.090000000000e+02
2.492000000000e+03,1.033512853381e+08,1.578833746560e+03,4.784362066490e+05,3.371748014630e-01,2.345449215771e+02,-1.868097875575e-04,-2.036226684377e-02,0.000000000000e+00,1.871401961847e+03,2.068733449007e+03,0.000000000000e+00,0.000000000000e+00,0.000000000000e+00,0.000000000000e+00,1.314536321756e-03,1.432844590714e-01,2.727564476254e+02,2.590639648438e+02,0.000000000000e+00,5.070195093909e-01,1.871401961847e+03,5.550269257022e+04,1.090000000000e+02
2.493000000000e+03,1.033494588036e+08,1.897401535269e+03,4.852473481617e+05,3.399180153175e-01,2.359645132500e+02,-1.804805682937e-04,-1.967238194401e-02,0.000000000000e+00,1.507964785546e+03,1.826532574252e+03,0.000000000000e+00,0.000000000000e+00,0.000000000000e+00,0.000000000000e+00,9.454654191605e-04,1.030557306885e-01,2.727323507996e+02,2.579129638672e+02,0.000000000000e+00,5.096914500804e-01,1.507964785546e+03,5.550262563224e+04,1.090000000000e+02
2.494000000000e+03,1.033474904228e+08,2.169739391776e+03,4.909661622871e+05,3.417472529254e-01,2.374677397559e+02,-1.593755581791e-04,-1.737193584153e-02,0.000000000000e+00,1.696043524621e+03,1.968381381126e+03,0.000000000000e+00,0.000000000000e+00,0.000000000000e+00,0.000000000000e+00,7.859755836604e-04,8.567133861898e-02,2.727180274109e+02,2.584201660156e+02,0.000000000000e+00,5.135154154160e-01,1.696043524621e+03,5.550258549073e+04,1.090000000000e+02
2.495000000000e+03,1.033454752301e+08,2.428090556221e+03,4.967928382470e+05,3.436668437455e-01,2.389440105969e+02,-1.453719134524e-04,-1.584553856632e-02,0.000000000000e+00,1.756841505017e+03,2.015192669461e+03,0.000000000000e+00,0.000000000000e+00,0.000000000000e+00,0.000000000000e+00,8.178032641279e-04,8.914055578994e-02,2.727043944301e+02,2.589536132812e+02,0.000000000000e+00,5.185556522140e-01,1.756841505017e+03,5.550254704500e+04,1.090000000000e+02
2.496000000000e+03,1.033434372774e+08,2.683589919141e+03,5.033914929561e+05,3.462916492167e-01,2.402827961551e+02,-1.608884823947e-04,-1.753684458103e-02,0.000000000000e+00,1.782453818297e+03,2.037953181218e+03,0.000000000000e+00,0.000000000000e+00,0.000000000000e+00,0.000000000000e+00,9.299135380883e-04,1.013605756516e-01,2.726907357319e+02,2.585171508789e+02,0.000000000000e+00,5.225060010016e-01,1.782453818297e+03,5.550250829480e+04,1.090000000000e+02
2.497000000000e+03,1.033415401741e+08,3.115492510534e+03,5.097037016944e+05,3.486756512021e-01,2.416326264822e+02,-1.619594588969e-04,-1.765358101976e-02,0.000000000000e+00,1.465200364011e+03,1.897102955405e+03,0.000000000000e+00,0.000000000000e+00,0.000000000000e+00,0.000000000000e+00,8.815267600982e-04,9.608641685070e-02,2.726677943790e+02,2.571536254883e+02,0.000000000000e+00,5.257169100127e-01,1.465200364011e+03,5.550244169416e+04,1.090000000000e+02
2.498000000000e+03,1.033396256534e+08,3.545361655375e+03,5.158166164153e+05,3.509143145415e-01,2.429711093917e+02,-1.342825220879e-04,-1.463679490758e-02,0.000000000000e+00,1.484651209369e+03,1.914520354210e+03,0.000000000000e+00,0.000000000000e+00,0.000000000000e+00,0.000000000000e+00,8.763399940439e-04,9.552105935079e-02,2.726269163333e+02,2.567618103027e+02,0.000000000000e+00,5.302684318388e-01,1.484651209369e+03,5.550232314973e+04,1.090000000000e+02
2.499000000000e+03,1.033376931200e+08,4.005231905696e+03,5.219268290270e+05,3.531639175455e-01,2.442840933506e+02,-1.201310012510e-04,-1.309427913636e-02,0.000000000000e+00,1.472662401387e+03,1.932532651709e+03,0.000000000000e+00,0.000000000000e+00,0.000000000000e+00,0.000000000000e+00,8.901513250650e-04,9.702649443209e-02,2.725646190990e+02,2.555773773193e+02,0.000000000000e+00,5.352386001091e-01,1.472662401387e+03,5.550213855594e+04,1.090000000000e+02
2.500000000000e+03,1.033358011675e+08,4.582402757472e+03,5.269607239353e+05,3.545010532054e-01,2.457102375097e+02,-1.138691174631e-04,-1.241173380347e-02,0.000000000000e+00,1.314781239623e+03,1.891952091398e+03,0.000000000000e+00,0.000000000000e+00,0.000000000000e+00,0.000000000000e+00,7.183261371348e-04,7.829754894770e-02,2.725401778499e+02,2.548891906738e+02,0.000000000000e+00,5.411986369955e-01,1.314781239623e+03,5.550206301450e+04,1.090000000000e+02
2.501000000000e+03,1.033339553274e+08,5.227576895918e+03,5.311942010621e+05,3.552061739919e-01,2.471928077032e+02,-1.131609576008e-04,-1.233454437849e-02,0.000000000000e+00,1.200666463271e+03,1.845840601711e+03,0.000000000000e+00,0.000000000000e+00,0.000000000000e+00,0.000000000000e+00,5.867046660805e-04,6.395080860278e-02,2.725221409078e+02,2.553917236328e+02,0.000000000000e+00,5.450113007145e-01,1.200666463271e+03,5.550200815440e+04,1.090000000000e+02
2.502000000000e+03,1.033320856541e+08,5.794333336826e+03,5.352457744783e+05,3.558027311554e-01,2.486605755202e+02,-1.087227606685e-04,-1.185078091287e-02,0.000000000000e+00,1.302916830468e+03,1.869673271371e+03,0.000000000000e+00,0.000000000000e+00,0.000000000000e+00,0.000000000000e+00,5.609702063979e-04,6.114575249738e-02,2.725259300049e+02,2.556392517090e+02,0.000000000000e+00,5.500131984749e-01,1.302916830468e+03,5.550201974300e+04,1.090000000000e+02
2.503000000000e+03,1.033302341720e+08,6.360928381161e+03,5.397950802851e+05,3.568422133978e-01,2.500434264059e+02,-9.319734644346e-05,-1.015851076234e-02,0.000000000000e+00,1.284887497643e+03,1.851482541973e+03,0.000000000000e+00,0.000000000000e+00,0.000000000000e+00,0.000000000000e+00,6.587495544027e-04,7.180370142989e-02,2.725375514683e+02,2.564550170898e+02,0.000000000000e+00,5.540801457587e-01,1.284887497643e+03,5.550205334099e+04,1.090000000000e+02
2.504000000000e+03,1.033284590277e+08,7.075454944484e+03,5.455471442989e+05,3.589159050425e-01,2.512479114305e+02,-1.121412369294e-04,-1.222339482531e-02,0.000000000000e+00,1.060613407520e+03,1.775139970841e+03,0.000000000000e+00,0.000000000000e+00,0.000000000000e+00,0.000000000000e+00,8.386755348039e-04,9.141563329363e-02,2.725336352812e+02,2.569036560059e+02,0.000000000000e+00,5.579804406687e-01,1.060613407520e+03,5.550204157535e+04,1.090000000000e+02
2.505000000000e+03,1.033266585246e+08,7.730286327611e+03,5.523877519735e+05,3.619171566426e-01,2.522891174135e+02,-1.475533192478e-04,-1.608331179801e-02,0.000000000000e+00,1.145674765673e+03,1.800506148797e+03,0.000000000000e+00,0.000000000000e+00,0.000000000000e+00,0.000000000000e+00,9.833313894716e-04,1.071831214524e-01,2.725032148397e+02,2.563990478516e+02,0.000000000000e+00,5.626558970011e-01,1.145674765673e+03,5.550194831154e+04,1.090000000000e+02
2.506000000000e+03,1.033248601353e+08,8.433070298898e+03,5.585953694904e+05,3.643240126393e-01,2.534398000767e+02,-1.630407809341e-04,-1.777144512181e-02,0.000000000000e+00,1.095605930052e+03,1.798389901338e+03,0.000000000000e+00,0.000000000000e+00,0.000000000000e+00,0.000000000000e+00,8.633971876509e-04,9.411029345395e-02,2.724380233057e+02,2.548158111572e+02,0.000000000000e+00,5.682712464837e-01,1.095605930052e+03,5.550174463015e+04,1.090000000000e+02
2.507000000000e+03,1.033231603988e+08,9.422550232766e+03,5.642186597928e+05,3.663102794053e-01,2.546039116060e+02,-1.456159138743e-04,-1.587213461230e-02,0.000000000000e+00,7.102554905104e+02,1.699735424374e+03,0.000000000000e+00,0.000000000000e+00,0.000000000000e+00,0.000000000000e+00,7.842114099475e-04,8.547904368428e-02,2.723823176857e+02,2.542895660400e+02,0.000000000000e+00,5.736725782827e-01,7.102554905104e+02,5.550156410530e+04,1.090000000000e+02
2.508000000000e+03,1.033214311169e+08,1.029712483946e+04,5.696257120241e+05,3.681380369775e-01,2.557683522890e+02,-1.229182124906e-04,-1.339808516147e-02,0.000000000000e+00,8.547071012290e+02,1.729281707918e+03,0.000000000000e+00,0.000000000000e+00,0.000000000000e+00,0.000000000000e+00,7.711032026957e-04,8.405024909383e-02,2.723374128311e+02,2.535805053711e+02,0.000000000000e+00,5.794935542565e-01,8.547071012290e+02,5.550141774838e+04,1.090000000000e+02
2.509000000000e+03,1.033197431225e+08,1.130016383532e+04,5.745303376325e+05,3.695502071199e-01,2.569851007912e+02,-1.069834039743e-04,-1.166119103320e-02,0.000000000000e+00,6.849526212508e+02,1.687991617112e+03,0.000000000000e+00,0.000000000000e+00,0.000000000000e+00,0.000000000000e+00,7.038596811897e-04,7.672070524968e-02,2.723196383261e+02,2.533937225342e+02,0.000000000000e+00,5.856174220114e-01,6.849526212508e+02,5.550135619752e+04,1.090000000000e+02
2.510000000000e+03,1.033180675983e+08,1.226682674917e+04,5.801873043098e+05,3.715971925768e-01,2.580861449626e+02,-8.927950593525e-05,-9.731466146942e-03,0.000000000000e+00,7.088590113760e+02,1.675521925227e+03,0.000000000000e+00,0.000000000000e+00,0.000000000000e+00,0.000000000000e+00,8.458995450264e-04,9.220305040787e-02,2.723028935626e+02,2.537482757568e+02,0.000000000000e+00,5.902272782588e-01,7.088590113760e+02,5.550130097421e+04,1.090000000000e+02
2.511000000000e+03,1.033163975621e+08,1.320843190325e+04,5.858659796751e+05,3.736577705563e-01,2.591756736796e+02,-8.621517673339e-05,-9.397454263940e-03,0.000000000000e+00,7.284308140929e+02,1.670035968168e+03,0.000000000000e+00,0.000000000000e+00,0.000000000000e+00,0.000000000000e+00,8.526991494369e-04,9.294420728862e-02,2.722637286582e+02,2.536108703613e+02,0.000000000000e+00,5.957635802691e-01,7.284308140929e+02,5.550116693164e+04,1.090000000000e+02
2.512000000000e+03,1.033147747493e+08,1.434505155919e+04,5.901487858600e+05,3.746210327040e-01,2.603998212398e+02,-1.034697601358e-04,-1.127820385480e-02,0.000000000000e+00,4.861927525778e+02,1.622812408525e+03,0.000000000000e+00,0.000000000000e+00,0.000000000000e+00,0.000000000000e+00,6.047726921149e-04,6.592022344053e-02,2.722143994547e+02,2.532135467529e+02,0.000000000000e+00,6.021794918671e-01,4.861927525778e+02,5.550099879293e+04,1.090000000000e+02
2.513000000000e+03,1.033131448260e+08,1.535360157497e+04,5.945637371717e+05,3.757334193896e-01,2.615714721112e+02,-1.171152306573e-04,-1.276556014165e-02,0.000000000000e+00,6.213750081367e+02,1.629925023916e+03,0.000000000000e+00,0.000000000000e+00,0.000000000000e+00,0.000000000000e+00,6.127738041521e-04,6.679234465258e-02,2.721981459315e+02,2.543534698486e+02,0.000000000000e+00,6.084820713751e-01,6.213750081367e+02,5.550094322848e+04,1.090000000000e+02
2.514000000000e+03,1.033115799446e+08,1.649969018002e+04,5.996631513784e+05,3.773524689253e-01,2.626826010963e+02,-1.238829994123e-04,-1.350324693594e-02,0.000000000000e+00,4.187945634481e+02,1.564883168499e+03,0.000000000000e+00,0.000000000000e+00,0.000000000000e+00,0.000000000000e+00,7.189060316352e-04,7.836075744824e-02,2.722238253487e+02,2.540127410889e+02,0.000000000000e+00,6.130882428421e-01,4.187945634481e+02,5.550102883995e+04,1.090000000000e+02
2.515000000000e+03,1.033100118639e+08,1.754924557910e+04,6.047802453976e+05,3.790238267834e-01,2.637562940391e+02,-1.431448881111e-04,-1.560279280411e-02,0.000000000000e+00,5.185241675787e+02,1.568079566658e+03,0.000000000000e+00,0.000000000000e+00,0.000000000000e+00,0.000000000000e+00,7.028563831219e-04,7.661134576029e-02,2.722021599370e+02,2.534426269531e+02,0.000000000000e+00,6.204525120996e-01,5.185241675787e+02,5.550095480943e+04,1.090000000000e+02
2.516000000000e+03,1.033084626833e+08,1.873296173456e+04,6.107016515713e+05,3.813566869689e-01,2.647104473872e+02,-1.498507858903e-04,-1.633373566204e-02,0.000000000000e+00,3.654663932336e+02,1.549182548696e+03,0.000000000000e+00,0.000000000000e+00,0.000000000000e+00,0.000000000000e+00,8.293259768632e-04,9.039653147808e-02,2.721452542325e+02,2.525922546387e+02,0.000000000000e+00,6.263650878360e-01,3.654663932336e+02,5.550075294119e+04,1.090000000000e+02
2.517000000000e+03,1.033069185693e+08,1.997287958868e+04,6.168256766306e+05,3.838456756935e-01,2.656321330511e+02,-1.286634540413e-04,-1.402431649050e-02,0.000000000000e+00,3.041962780237e+02,1.544114132148e+03,0.000000000000e+00,0.000000000000e+00,0.000000000000e+00,0.000000000000e+00,8.839801901097e-04,9.635384072195e-02,2.720937511530e+02,2.525356140137e+02,0.000000000000e+00,6.329543055656e-01,3.041962780237e+02,5.550056906093e+04,1.090000000000e+02
2.518000000000e+03,1.033053829357e+08,2.125490239401e+04,6.223860063823e+05,3.858643935703e-01,2.666252295396e+02,-1.090744273916e-04,-1.188911258569e-02,0.000000000000e+00,2.536108457880e+02,1.535633651110e+03,0.000000000000e+00,0.000000000000e+00,0.000000000000e+00,0.000000000000e+00,8.103600489075e-04,8.832924533092e-02,2.720489301923e+02,2.526210479736e+02,0.000000000000e+00,6.410147611732e-01,2.536108457880e+02,5.550040489560e+04,1.090000000000e+02
2.519000000000e+03,1.033038629929e+08,2.252118498828e+04,6.271288833038e+05,3.872464051038e-01,2.676984595643e+02,-1.029518443408e-04,-1.122175103315e-02,0.000000000000e+00,2.536603795878e+02,1.519942973863e+03,0.000000000000e+00,0.000000000000e+00,0.000000000000e+00,0.000000000000e+00,6.811278672603e-04,7.424293753137e-02,2.720381606011e+02,2.526845245361e+02,0.000000000000e+00,6.482507660965e-01,2.536603795878e+02,5.550036497691e+04,1.090000000000e+02
2.520000000000e+03,1.033023750863e+08,2.371534312415e+04,6.314854966586e+05,3.883877039836e-01,2.687659437734e+02,-1.071257889631e-04,-1.167671099698e-02,0.000000000000e+00,2.937485432058e+02,1.487906679071e+03,0.000000000000e+00,0.000000000000e+00,0.000000000000e+00,0.000000000000e+00,6.129999534435e-04,6.681699492534e-02,2.720432858352e+02,2.531290130615e+02,0.000000000000e+00,6.551181114349e-01,2.937485432058e+02,5.550038502279e+04,1.090000000000e+02
2.521000000000e+03,1.033009232529e+08,2.493789768638e+04,6.361227864948e+05,3.897369588765e-01,2.698028859029e+02,-1.178666164461e-04,-1.284746119262e-02,0.000000000000e+00,2.292799839081e+02,1.451834546144e+03,0.000000000000e+00,0.000000000000e+00,0.000000000000e+00,0.000000000000e+00,6.489015663632e-04,7.073027073359e-02,2.720130711026e+02,2.527994995117e+02,0.000000000000e+00,6.630125110620e-01,2.292799839081e+02,5.550027261343e+04,1.090000000000e+02
2.522000000000e+03,1.032994874999e+08,2.616749250687e+04,6.410595931835e+05,3.913286402306e-01,2.707919554759e+02,-1.232088784453e-04,-1.342976775053e-02,0.000000000000e+00,2.061578796322e+02,1.435752700119e+03,0.000000000000e+00,0.000000000000e+00,0.000000000000e+00,0.000000000000e+00,6.932788867913e-04,7.556739866026e-02,2.719534649246e+02,2.526025085449e+02,0.000000000000e+00,6.688389789280e-01,2.061578796322e+02,5.550005067038e+04,1.090000000000e+02
2.523000000000e+03,1.032981124828e+08,2.735624759568e+04,6.462193905690e+05,3.931349402468e-01,2.717179169729e+02,-1.319791786412e-04,-1.438573047189e-02,0.000000000000e+00,1.862626353213e+02,1.375017724133e+03,0.000000000000e+00,0.000000000000e+00,0.000000000000e+00,0.000000000000e+00,7.211810848588e-04,7.860873824961e-02,2.719219262137e+02,2.523730163574e+02,0.000000000000e+00,6.777304635791e-01,1.862626353213e+02,5.549993232960e+04,1.090000000000e+02
2.524000000000e+03,1.032967517067e+08,2.854039093153e+04,6.511029272590e+05,3.946438835655e-01,2.727245539875e+02,-1.261567774785e-04,-1.375108874515e-02,0.000000000000e+00,1.766340857116e+02,1.360777421561e+03,0.000000000000e+00,0.000000000000e+00,0.000000000000e+00,0.000000000000e+00,6.811103759227e-04,7.424103097557e-02,2.719215151125e+02,2.532419433594e+02,0.000000000000e+00,6.846923203680e-01,1.766340857116e+02,5.549993059087e+04,1.090000000000e+02
2.525000000000e+03,1.032953934516e+08,2.973547513612e+04,6.557116614134e+05,3.960042788624e-01,2.737130730901e+02,-1.007141447660e-04,-1.097784177949e-02,0.000000000000e+00,1.631714188398e+02,1.358255623425e+03,0.000000000000e+00,0.000000000000e+00,0.000000000000e+00,0.000000000000e+00,6.617559132230e-04,7.213139454131e-02,2.718380041231e+02,2.523300018311e+02,0.000000000000e+00,6.934070198375e-01,1.631714188398e+02,5.549960819462e+04,1.090000000000e+02
2.526000000000e+03,1.032940372947e+08,3.094899788329e+04,6.600783132794e+05,3.972025497043e-01,2.747056941293e+02,-8.936616672592e-05,-9.740912173125e-03,0.000000000000e+00,1.426339536366e+02,1.356156700812e+03,0.000000000000e+00,0.000000000000e+00,0.000000000000e+00,0.000000000000e+00,6.328849434119e-04,6.898445883190e-02,2.717833083307e+02,2.516966857910e+02,0.000000000000e+00,7.019441140344e-01,1.426339536366e+02,5.549939172748e+04,1.090000000000e+02
2.527000000000e+03,1.032927299640e+08,3.210419018779e+04,6.645982934054e+05,3.985199260521e-01,2.756727313198e+02,-1.077828928886e-04,-1.174833532485e-02,0.000000000000e+00,1.521401638695e+02,1.307332468371e+03,0.000000000000e+00,0.000000000000e+00,0.000000000000e+00,0.000000000000e+00,6.394886236985e-04,6.970425998313e-02,2.717706091535e+02,2.519540557861e+02,0.000000000000e+00,7.099496105357e-01,1.521401638695e+02,5.549934241800e+04,1.090000000000e+02
2.528000000000e+03,1.032914455589e+08,3.323056620556e+04,6.686169794041e+05,3.994595953449e-01,2.766877830418e+02,-1.153057726147e-04,-1.256832921500e-02,0.000000000000e+00,1.580291271085e+02,1.284405144874e+03,0.000000000000e+00,0.000000000000e+00,0.000000000000e+00,0.000000000000e+00,5.492035191851e-04,5.986318359118e-02,2.717453277016e+02,2.524174652100e+02,0.000000000000e+00,7.186416506109e-01,1.580291271085e+02,5.549924094950e+04,1.090000000000e+02
2.529000000000e+03,1.032901658172e+08,3.434025301691e+04,6.731741396324e+05,4.008222819106e-01,2.776258787973e+02,-1.229324907873e-04,-1.339964149581e-02,0.000000000000e+00,1.700548557605e+02,1.279741667111e+03,0.000000000000e+00,0.000000000000e+00,0.000000000000e+00,0.000000000000e+00,6.301143333314e-04,6.868246233312e-02,2.717798874355e+02,2.536688690186e+02,0.000000000000e+00,7.269614523201e-01,1.700548557605e+02,5.549937860718e+04,1.090000000000e+02
2.530000000000e+03,1.032889020009e+08,3.542098788867e+04,6.790728282056e+05,4.032130989004e-01,2.783977615981e+02,-1.485702119839e-04,-1.619415310625e-02,0.000000000000e+00,1.830813440920e+02,1.263816215851e+03,0.000000000000e+00,0.000000000000e+00,0.000000000000e+00,0.000000000000e+00,8.264127896911e-04,9.007899407633e-02,2.717920752850e+02,2.541053009033e+02,0.000000000000e+00,7.365503134983e-01,1.830813440920e+02,5.549942665107e+04,1.090000000000e+02
2.531000000000e+03,1.032876500572e+08,3.649308606430e+04,6.848566741971e+05,4.054881887121e-01,2.791938613362e+02,-1.386510277461e-04,-1.511296202432e-02,0.000000000000e+00,1.798471649426e+02,1.251945340570e+03,0.000000000000e+00,0.000000000000e+00,0.000000000000e+00,0.000000000000e+00,8.175375861459e-04,8.911159688990e-02,2.717810111587e+02,2.542877807617e+02,0.000000000000e+00,7.451089944190e-01,1.798471649426e+02,5.549938228281e+04,1.090000000000e+02
2.532000000000e+03,1.032864142257e+08,3.754589618611e+04,6.896147234268e+05,4.070150006330e-01,2.800788186991e+02,-1.109532048713e-04,-1.209389933097e-02,0.000000000000e+00,1.830223922419e+02,1.235832514059e+03,0.000000000000e+00,0.000000000000e+00,0.000000000000e+00,0.000000000000e+00,6.755098427168e-04,7.363057285613e-02,2.717888472173e+02,2.553469085693e+02,0.000000000000e+00,7.539911164519e-01,1.830223922419e+02,5.549941290041e+04,1.090000000000e+02
2.533000000000e+03,1.032851923234e+08,3.859196730167e+04,6.934644818335e+05,4.078532595000e-01,2.810643718589e+02,-1.096013529362e-04,-1.194654747004e-02,0.000000000000e+00,1.758321913780e+02,1.221903306937e+03,0.000000000000e+00,0.000000000000e+00,0.000000000000e+00,0.000000000000e+00,5.271359922757e-04,5.745782315806e-02,2.717460895056e+02,2.539951934814e+02,0.000000000000e+00,7.623651032013e-01,1.758321913780e+02,5.549924158723e+04,1.090000000000e+02
2.534000000000e+03,1.032839791890e+08,3.964918127141e+04,6.974411004433e+05,4.088322444869e-01,2.820005513309e+02,-1.108818045687e-04,-1.208611669799e-02,0.000000000000e+00,1.559207914342e+02,1.213134761173e+03,0.000000000000e+00,0.000000000000e+00,0.000000000000e+00,0.000000000000e+00,5.470146552045e-04,5.962459741729e-02,2.716823047252e+02,2.536811370850e+02,0.000000000000e+00,7.720025495431e-01,1.559207914342e+02,5.549898172079e+04,1.090000000000e+02
2.535000000000e+03,1.032827754219e+08,4.070930396577e+04,7.018726091829e+05,4.101327319249e-01,2.828936838333e+02,-1.043177671428e-04,-1.137063661857e-02,0.000000000000e+00,1.436445410794e+02,1.203767235438e+03,0.000000000000e+00,0.000000000000e+00,0.000000000000e+00,0.000000000000e+00,6.287221259080e-04,6.853071172397e-02,2.716265812411e+02,2.542044982910e+02,0.000000000000e+00,7.841301562429e-01,1.436445410794e+02,5.549875028607e+04,1.090000000000e+02
2.536000000000e+03,1.032815829241e+08,4.177499261243e+04,7.070366355939e+05,4.119766645637e-01,2.837013749318e+02,-1.014018439227e-04,-1.105280098757e-02,0.000000000000e+00,1.268074789722e+02,1.192496125636e+03,0.000000000000e+00,0.000000000000e+00,0.000000000000e+00,0.000000000000e+00,7.529845928820e-04,8.207532062414e-02,2.715440160833e+02,2.526791687012e+02,0.000000000000e+00,7.952231660105e-01,1.268074789722e+02,5.549840050756e+04,1.090000000000e+02
2.537000000000e+03,1.032803987001e+08,4.286699178767e+04,7.115950610026e+05,4.134059732547e-01,2.845467381652e+02,-8.910570916988e-05,-9.712522299517e-03,0.000000000000e+00,9.222529195869e+01,1.184224467199e+03,0.000000000000e+00,0.000000000000e+00,0.000000000000e+00,0.000000000000e+00,6.658679481440e-04,7.257960634770e-02,2.713901785489e+02,2.513524322510e+02,0.000000000000e+00,8.073050823782e-01,9.222529195869e+01,5.549772611265e+04,1.090000000000e+02
2.538000000000e+03,1.032792219228e+08,4.397569418252e+04,7.146147853166e+05,4.136967979644e-01,2.855562155363e+02,-7.633889749417e-05,-8.320939826864e-03,0.000000000000e+00,6.807255621510e+01,1.176774951061e+03,0.000000000000e+00,0.000000000000e+00,0.000000000000e+00,0.000000000000e+00,4.240315251322e-04,4.621943623941e-02,2.712689472297e+02,2.503384704590e+02,0.000000000000e+00,8.220062450794e-01,6.807255621510e+01,5.549717277172e+04,1.090000000000e+02
2.539000000000e+03,1.032780636725e+08,4.505875334221e+04,7.182160769057e+05,4.144414416831e-01,2.864792350760e+02,-9.259833439921e-05,-1.009321844951e-02,0.000000000000e+00,7.518958769139e+01,1.158248747380e+03,0.000000000000e+00,0.000000000000e+00,0.000000000000e+00,0.000000000000e+00,5.025732529882e-04,5.478048457572e-02,2.712855734227e+02,2.508208923340e+02,0.000000000000e+00,8.334093104075e-01,7.518958769139e+01,5.549724811332e+04,1.090000000000e+02
2.540000000000e+03,1.032769316875e+08,4.609114493902e+04,7.231699292662e+05,4.161505098526e-01,2.872691854957e+02,-1.152190777172e-04,-1.255887947117e-02,0.000000000000e+00,9.959422215968e+01,1.131985818977e+03,0.000000000000e+00,0.000000000000e+00,0.000000000000e+00,0.000000000000e+00,7.031299259248e-04,7.664116192580e-02,2.713442708415e+02,2.522371978760e+02,0.000000000000e+00,8.464826324622e-01,9.959422215968e+01,5.549751612716e+04,1.090000000000e+02
2.541000000000e+03,1.032758278484e+08,4.707189569612e+04,7.283731701750e+05,4.180594560283e-01,2.880131252004e+02,-1.134407324739e-04,-1.236503983965e-02,0.000000000000e+00,1.230892746510e+02,1.103840031747e+03,0.000000000000e+00,0.000000000000e+00,0.000000000000e+00,0.000000000000e+00,7.459496999877e-04,8.130851729866e-02,2.714220942361e+02,2.537629241943e+02,0.000000000000e+00,8.584966844922e-01,1.230892746510e+02,5.549786549543e+04,1.090000000000e+02
2.542000000000e+03,1.032747525200e+08,4.801095949975e+04,7.334714758222e+05,4.198853977672e-01,2.887667262526e+02,-1.085812167074e-04,-1.183535262111e-02,0.000000000000e+00,1.362649556949e+02,1.075328759322e+03,0.000000000000e+00,0.000000000000e+00,0.000000000000e+00,0.000000000000e+00,7.337381178954e-04,7.997745485060e-02,2.714714878480e+02,2.542690124512e+02,0.000000000000e+00,8.702879761946e-01,1.362649556949e+02,5.549808391141e+04,1.090000000000e+02
2.543000000000e+03,1.032737020779e+08,4.893234586701e+04,7.397032839146e+05,4.225111283153e-01,2.894107548848e+02,-1.297820846485e-04,-1.414624722668e-02,0.000000000000e+00,1.290551966006e+02,1.050441563867e+03,0.000000000000e+00,0.000000000000e+00,0.000000000000e+00,0.000000000000e+00,9.005413144942e-04,9.815900327987e-02,2.714546649924e+02,2.540317077637e+02,0.000000000000e+00,8.816576453300e-01,1.290551966006e+02,5.549801129833e+04,1.090000000000e+02
2.544000000000e+03,1.032726747694e+08,4.984194767581e+04,7.456616216689e+05,4.249565679434e-01,2.900635977152e+02,-1.288681836080e-04,-1.404663201327e-02,0.000000000000e+00,1.177069756459e+02,1.027308784445e+03,0.000000000000e+00,0.000000000000e+00,0.000000000000e+00,0.000000000000e+00,8.562964734909e-04,9.333631561050e-02,2.714341053287e+02,2.541607360840e+02,0.000000000000e+00,8.931183143529e-01,1.177069756459e+02,5.549792163976e+04,1.090000000000e+02
2.545000000000e+03,1.032716703301e+08,5.074328439698e+04,7.511996131003e+05,4.270940152286e-01,2.907569433851e+02,-1.216705675192e-04,-1.326209185959e-02,0.000000000000e+00,1.031019522860e+02,1.004438673457e+03,0.000000000000e+00,0.000000000000e+00,0.000000000000e+00,0.000000000000e+00,7.944486447686e-04,8.659490227978e-02,2.713700398330e+02,2.529650726318e+02,0.000000000000e+00,9.042656961373e-01,1.031019522860e+02,5.549763683123e+04,1.090000000000e+02
2.546000000000e+03,1.032706873171e+08,5.164046469861e+04,7.567110522573e+05,4.292325605799e-01,2.914323569095e+02,-1.195930593430e-04,-1.303564346839e-02,0.000000000000e+00,8.583131493321e+01,9.830116165552e+02,0.000000000000e+00,0.000000000000e+00,0.000000000000e+00,0.000000000000e+00,7.921117342012e-04,8.634017902793e-02,2.713103749895e+02,2.524856262207e+02,0.000000000000e+00,9.149629848280e-01,8.583131493321e+01,5.549736666221e+04,1.090000000000e+02
2.547000000000e+03,1.032697276628e+08,5.251959287306e+04,7.617353940868e+05,4.310020623865e-01,2.921637537321e+02,-1.113224419841e-04,-1.213414617627e-02,0.000000000000e+00,8.052684792480e+01,9.596550223827e+02,0.000000000000e+00,0.000000000000e+00,0.000000000000e+00,0.000000000000e+00,7.195989881777e-04,7.843628971137e-02,2.712772915864e+02,2.527892150879e+02,0.000000000000e+00,9.240483035605e-01,8.052684792480e+01,5.549721496827e+04,1.090000000000e+02
2.548000000000e+03,1.032687901572e+08,5.338510523343e+04,7.666490982853e+05,4.326960789265e-01,2.928988551606e+02,-1.080951424738e-04,-1.178237052965e-02,0.000000000000e+00,7.199170623488e+01,9.375040665988e+02,0.000000000000e+00,0.000000000000e+00,0.000000000000e+00,0.000000000000e+00,7.049106891448e-04,7.683526511678e-02,2.712101647484e+02,2.516610565186e+02,0.000000000000e+00,9.343308336239e-01,7.199170623488e+01,5.549690254980e+04,1.090000000000e+02
2.549000000000e+03,1.032678712284e+08,5.423943699995e+04,7.706911627743e+05,4.337884991575e-01,2.937030981927e+02,-1.070185095610e-04,-1.166501754215e-02,0.000000000000e+00,6.459457178245e+01,9.189263383083e+02,0.000000000000e+00,0.000000000000e+00,0.000000000000e+00,0.000000000000e+00,5.618183334629e-04,6.123819834746e-02,2.711517287907e+02,2.513882751465e+02,0.000000000000e+00,9.430676884136e-01,6.459457178245e+01,5.549662567740e+04,1.090000000000e+02
2.550000000000e+03,1.032669703390e+08,5.507840211952e+04,7.740044499654e+05,4.343414150878e-01,2.945913567874e+02,-1.021289924672e-04,-1.113206017892e-02,0.000000000000e+00,6.192144638050e+01,9.008865659473e+02,0.000000000000e+00,0.000000000000e+00,0.000000000000e+00,0.000000000000e+00,4.460685316559e-04,4.862146995049e-02,2.711094061855e+02,2.516314849854e+02,0.000000000000e+00,9.516426036129e-01,6.192144638050e+01,5.549642222040e+04,1.090000000000e+02
2.551000000000e+03,1.032660867553e+08,5.590077406881e+04,7.770454955201e+05,4.347205419993e-01,2.954915183491e+02,-1.090331315534e-04,-1.188461133932e-02,0.000000000000e+00,6.120816952985e+01,8.835801188213e+02,0.000000000000e+00,0.000000000000e+00,0.000000000000e+00,0.000000000000e+00,3.939681232446e-04,4.294252543366e-02,2.710846712264e+02,2.525847625732e+02,0.000000000000e+00,9.577443024583e-01,6.120816952985e+01,5.549630210317e+04,1.090000000000e+02
2.552000000000e+03,1.032652207118e+08,5.670420830062e+04,7.810171524208e+05,4.357917146044e-01,2.962719270921e+02,-1.236677347543e-04,-1.347978308822e-02,0.000000000000e+00,6.260648173306e+01,8.660407135386e+02,0.000000000000e+00,0.000000000000e+00,0.000000000000e+00,0.000000000000e+00,5.329468905514e-04,5.809121107010e-02,2.710806093562e+02,2.525290985107e+02,0.000000000000e+00,9.654166340363e-01,6.260648173306e+01,5.549628220200e+04,1.090000000000e+02
2.553000000000e+03,1.032643713063e+08,5.749174557263e+04,7.861662048518e+05,4.377126009472e-01,2.969169769890e+02,-1.343407757849e-04,-1.464314456056e-02,0.000000000000e+00,6.186436368013e+01,8.494016356914e+02,0.000000000000e+00,0.000000000000e+00,0.000000000000e+00,0.000000000000e+00,7.171097004650e-04,7.816495735068e-02,2.710596514163e+02,2.516068267822e+02,0.000000000000e+00,9.733703633859e-01,6.186436368013e+01,5.549617993294e+04,1.090000000000e+02
2.554000000000e+03,1.032635353312e+08,5.827147547716e+04,7.918335442427e+05,4.399628251436e-01,2.975292680893e+02,-1.197450417974e-04,-1.305220955592e-02,0.000000000000e+00,5.624374319204e+01,8.359736477225e+02,0.000000000000e+00,0.000000000000e+00,0.000000000000e+00,0.000000000000e+00,8.177692683014e-04,8.913685024485e-02,2.710061989049e+02,2.512489471436e+02,0.000000000000e+00,9.799365002299e-01,5.624374319204e+01,5.549591644540e+04,1.090000000000e+02
2.555000000000e+03,1.032627131192e+08,5.903788776147e+04,7.980232522344e+05,4.425307618706e-01,2.981152533196e+02,-1.395082478662e-04,-1.520639901742e-02,0.000000000000e+00,5.579567961886e+01,8.222079639273e+02,0.000000000000e+00,0.000000000000e+00,0.000000000000e+00,0.000000000000e+00,8.838418255705e-04,9.633875898719e-02,2.709978063164e+02,2.519989776611e+02,0.000000000000e+00,9.885564336977e-01,5.579567961886e+01,5.549587447103e+04,1.090000000000e+02
2.556000000000e+03,1.032619497027e+08,5.974242544431e+04,8.045356577889e+05,4.453294036152e-01,2.986596700850e+02,-1.812351964851e-04,-1.975463641687e-02,0.000000000000e+00,5.887791381358e+01,7.634155966571e+02,0.000000000000e+00,0.000000000000e+00,0.000000000000e+00,0.000000000000e+00,8.955345234357e-04,9.761326305450e-02,2.709855387705e+02,2.520103759766e+02,0.000000000000e+00,9.935030560897e-01,5.887791381358e+01,5.549580686990e+04,1.090000000000e+02
2.557000000000e+03,1.032612305593e+08,6.039807363012e+04,8.104915632855e+05,4.478022831903e-01,2.992091473367e+02,-1.942465093603e-04,-2.117286952027e-02,0.000000000000e+00,6.349221157627e+01,7.191403973858e+02,0.000000000000e+00,0.000000000000e+00,0.000000000000e+00,0.000000000000e+00,7.903596681708e-04,8.614920383062e-02,2.709865191206e+02,2.526075439453e+02,0.000000000000e+00,9.999365248950e-01,6.349221157627e+01,5.549580573099e+04,1.090000000000e+02
2.558000000000e+03,1.032605002825e+08,6.106669000286e+04,8.147741550857e+05,4.490601866744e-01,2.999483086394e+02,-1.692083590479e-04,-1.844371113622e-02,0.000000000000e+00,6.165951767097e+01,7.302758904113e+02,0.000000000000e+00,0.000000000000e+00,0.000000000000e+00,0.000000000000e+00,5.390941409994e-04,5.876126136893e-02,2.709600208299e+02,2.526165313721e+02,0.000000000000e+00,1.005775674810e+00,6.165951767097e+01,5.549567219678e+04,1.090000000000e+02
2.559000000000e+03,1.032597729756e+08,6.173590338643e+04,8.195466603424e+05,4.506622848499e-01,3.006334407472e+02,-1.242431834768e-04,-1.354250699897e-02,0.000000000000e+00,5.809087826054e+01,7.273042618273e+02,0.000000000000e+00,0.000000000000e+00,0.000000000000e+00,0.000000000000e+00,6.650624016006e-04,7.249180177447e-02,2.709325164924e+02,2.526100158691e+02,0.000000000000e+00,1.013591648772e+00,5.809087826054e+01,5.549553380977e+04,1.090000000000e+02
2.560000000000e+03,1.032590260418e+08,6.243624389644e+04,8.249631431621e+05,4.527271514307e-01,3.012433609583e+02,-1.132083699443e-04,-1.233971232393e-02,0.000000000000e+00,4.659437484961e+01,7.469348848564e+02,0.000000000000e+00,0.000000000000e+00,0.000000000000e+00,0.000000000000e+00,7.836861561026e-04,8.542179101519e-02,2.708155480325e+02,2.508502655029e+02,0.000000000000e+00,1.023045643035e+00,4.659437484961e+01,5.549493926842e+04,1.090000000000e+02
2.561000000000e+03,1.032582552825e+08,6.317840825098e+04,8.303875797002e+05,4.548019979575e-01,3.018447279415e+02,-1.188304902608e-04,-1.295252343842e-02,0.000000000000e+00,2.859507408390e+01,7.707594286312e+02,0.000000000000e+00,0.000000000000e+00,0.000000000000e+00,0.000000000000e+00,7.797060167205e-04,8.498795582253e-02,2.706795711447e+02,2.500630798340e+02,0.000000000000e+00,1.032081490512e+00,2.859507408390e+01,5.549422061037e+04,1.090000000000e+02
2.562000000000e+03,1.032575014240e+08,6.390971694290e+04,8.361468125881e+05,4.570871017135e-01,3.024215406750e+02,-1.268375127492e-04,-1.382528888966e-02,0.000000000000e+00,2.254593656285e+01,7.538546284786e+02,0.000000000000e+00,0.000000000000e+00,0.000000000000e+00,0.000000000000e+00,8.265615522160e-04,9.009520919155e-02,2.705853559801e+02,2.503898010254e+02,0.000000000000e+00,1.041467436926e+00,2.254593656285e+01,5.549370616122e+04,1.090000000000e+02
2.563000000000e+03,1.032567636124e+08,6.462077506688e+04,8.405109941289e+05,4.583778776200e-01,3.031439973614e+02,-1.327799170180e-04,-1.447301095496e-02,0.000000000000e+00,2.675075113802e+01,7.378088751222e+02,0.000000000000e+00,0.000000000000e+00,0.000000000000e+00,0.000000000000e+00,5.887343907260e-04,6.417204858913e-02,2.705840081305e+02,2.510000000000e+02,0.000000000000e+00,1.049463520081e+00,2.675075113802e+01,5.549369757079e+04,1.090000000000e+02
2.564000000000e+03,1.032560432854e+08,6.531108971621e+04,8.443233671709e+05,4.594636164793e-01,3.037997231032e+02,-1.293427214035e-04,-1.409835663298e-02,0.000000000000e+00,3.001257500055e+01,7.203272243275e+02,0.000000000000e+00,0.000000000000e+00,0.000000000000e+00,0.000000000000e+00,5.010733162450e-04,5.461699147070e-02,2.705735996838e+02,2.510683288574e+02,0.000000000000e+00,1.058349150373e+00,3.001257500055e+01,5.549363868367e+04,1.090000000000e+02
2.565000000000e+03,1.032553387032e+08,6.598533207309e+04,8.485799327870e+05,4.606157128812e-01,3.045677921113e+02,-1.264484534377e-04,-1.378288142471e-02,0.000000000000e+00,3.033671080306e+01,7.045790676848e+02,0.000000000000e+00,0.000000000000e+00,0.000000000000e+00,0.000000000000e+00,5.773386992214e-04,6.292991821514e-02,2.705676756804e+02,2.517420959473e+02,0.000000000000e+00,1.064316905574e+00,3.033671080306e+01,5.549360451472e+04,1.090000000000e+02
2.566000000000e+03,1.032546482574e+08,6.665322084371e+04,8.522189241285e+05,4.614338293458e-01,3.053347017455e+02,-1.101758686022e-04,-1.200916967764e-02,0.000000000000e+00,2.255705248827e+01,6.904458231024e+02,0.000000000000e+00,0.000000000000e+00,0.000000000000e+00,0.000000000000e+00,4.928690709761e-04,5.372272873640e-02,2.704667353204e+02,2.507825164795e+02,0.000000000000e+00,1.073856850490e+00,2.255705248827e+01,5.549303633863e+04,1.090000000000e+02
2.567000000000e+03,1.032539712677e+08,6.730962354291e+04,8.557796053044e+05,4.622287825299e-01,3.060834844552e+02,-9.757525463862e-05,-1.063570275561e-02,0.000000000000e+00,2.058503519978e+01,6.769877344063e+02,0.000000000000e+00,0.000000000000e+00,0.000000000000e+00,0.000000000000e+00,4.912585985153e-04,5.354718723817e-02,2.704554440743e+02,2.513494567871e+02,0.000000000000e+00,1.081520312314e+00,2.058503519978e+01,5.549296990378e+04,1.090000000000e+02
2.568000000000e+03,1.032533123772e+08,6.794266345850e+04,8.600934996834e+05,4.636551898485e-01,3.066800632297e+02,-1.182675557379e-04,-1.289116357543e-02,0.000000000000e+00,2.584964909410e+01,6.588895646826e+02,0.000000000000e+00,0.000000000000e+00,0.000000000000e+00,0.000000000000e+00,5.949378429464e-04,6.484822488116e-02,2.704549540512e+02,2.517384948730e+02,0.000000000000e+00,1.088839378955e+00,2.584964909410e+01,5.549296371061e+04,1.090000000000e+02
2.569000000000e+03,1.032526692883e+08,6.856157281755e+04,8.648291956942e+05,4.651522839441e-01,3.073773194562e+02,-1.551416920824e-04,-1.691044443698e-02,0.000000000000e+00,2.417971632975e+01,6.430890753836e+02,0.000000000000e+00,0.000000000000e+00,0.000000000000e+00,0.000000000000e+00,6.283152658519e-04,6.848636397786e-02,2.704194131656e+02,2.516017303467e+02,0.000000000000e+00,1.096255022989e+00,2.417971632975e+01,5.549275640955e+04,1.090000000000e+02
2.570000000000e+03,1.032520425964e+08,6.916663804073e+04,8.687396774271e+05,4.661988069526e-01,3.080754316537e+02,-1.578420847510e-04,-1.720478723786e-02,0.000000000000e+00,2.162491677553e+01,6.266901399519e+02,0.000000000000e+00,0.000000000000e+00,0.000000000000e+00,0.000000000000e+00,4.892888872127e-04,5.333248870619e-02,2.703776976068e+02,2.519206085205e+02,0.000000000000e+00,1.104693688274e+00,2.162491677553e+01,5.549251049521e+04,1.090000000000e+02
2.571000000000e+03,1.032514323597e+08,6.975574363422e+04,8.724174722013e+05,4.671303462132e-01,3.087638792593e+02,-1.499307530888e-04,-1.634245208668e-02,0.000000000000e+00,2.113027116602e+01,6.102358646528e+02,0.000000000000e+00,0.000000000000e+00,0.000000000000e+00,0.000000000000e+00,4.586501677927e-04,4.999286828940e-02,2.703428008767e+02,2.518365478516e+02,0.000000000000e+00,1.112417583257e+00,2.113027116602e+01,5.549230069709e+04,1.090000000000e+02
2.572000000000e+03,1.032508379624e+08,7.033538722933e+04,8.775368084324e+05,4.690153582076e-01,3.093309747467e+02,-1.494185441210e-04,-1.628662130919e-02,0.000000000000e+00,1.475356473935e+01,5.943971598506e+02,0.000000000000e+00,0.000000000000e+00,0.000000000000e+00,0.000000000000e+00,6.985803465049e-04,7.614525776903e-02,2.702383449539e+02,2.510751037598e+02,0.000000000000e+00,1.117228885558e+00,1.475356473935e+01,5.549167352708e+04,1.090000000000e+02
2.573000000000e+03,1.032502561386e+08,7.091444940971e+04,8.827813233264e+05,4.710494680519e-01,3.098419474552e+02,-1.281917770085e-04,-1.397290369393e-02,0.000000000000e+00,2.761848461088e+00,5.818240288438e+02,0.000000000000e+00,0.000000000000e+00,0.000000000000e+00,0.000000000000e+00,7.417116375418e-04,8.084656849206e-02,2.700635777344e+02,2.503266143799e+02,0.000000000000e+00,1.128989747076e+00,2.761848461088e+00,5.549059350833e+04,1.090000000000e+02
2.574000000000e+03,1.032496913690e+08,7.147921898053e+04,8.863713422649e+05,4.722805997423e-01,3.102944074368e+02,-1.235140441621e-04,-1.346303081367e-02,0.000000000000e+00,0.000000000000e+00,5.647695708140e+02,0.000000000000e+00,0.000000000000e+00,0.000000000000e+00,0.000000000000e+00,4.716293657875e-04,5.140760087084e-02,2.699697094645e+02,2.501602478027e+02,0.000000000000e+00,1.135236987484e+00,0.000000000000e+00,5.548998716279e+04,1.090000000000e+02
2.575000000000e+03,1.032491414752e+08,7.202904720513e+04,8.892707212802e+05,4.722591221538e-01,3.113258964464e+02,-1.291106016012e-04,-1.407305557453e-02,0.000000000000e+00,6.557606591599e-02,5.498938006693e+02,0.000000000000e+00,0.000000000000e+00,0.000000000000e+00,0.000000000000e+00,3.513531213972e-04,3.829749023230e-02,2.699076886398e+02,2.511623840332e+02,0.000000000000e+00,1.141322276001e+00,6.557606591599e-02,5.548957173234e+04,1.090000000000e+02
2.576000000000e+03,1.032486074810e+08,7.256189871933e+04,8.925571793025e+05,4.728127505847e-01,3.121132402680e+02,-1.399006288189e-04,-1.524916854126e-02,0.000000000000e+00,1.142854640925e+00,5.339943688456e+02,0.000000000000e+00,0.000000000000e+00,0.000000000000e+00,0.000000000000e+00,4.047229054893e-04,4.411479669834e-02,2.698379301965e+02,2.513104553223e+02,0.000000000000e+00,1.149414846941e+00,1.142854640925e+00,5.548909808303e+04,1.090000000000e+02
2.577000000000e+03,1.032480912471e+08,7.307805415187e+04,8.966180559613e+05,4.741028158627e-01,3.126843878470e+02,-1.201414108602e-04,-1.309541378376e-02,0.000000000000e+00,7.862577927115e-02,5.162340583204e+02,0.000000000000e+00,0.000000000000e+00,0.000000000000e+00,0.000000000000e+00,5.532871259931e-04,6.030829673325e-02,2.697272183638e+02,2.510350799561e+02,0.000000000000e+00,1.154610306956e+00,7.862577927115e-02,5.548834188533e+04,1.090000000000e+02
2.578000000000e+03,1.032475928506e+08,7.357645068539e+04,9.010785088110e+05,4.757494490371e-01,3.131571720354e+02,-1.243305488828e-04,-1.355202982823e-02,0.000000000000e+00,0.000000000000e+00,4.983965335134e+02,0.000000000000e+00,0.000000000000e+00,0.000000000000e+00,0.000000000000e+00,6.154721473816e-04,6.708646406459e-02,2.696035917840e+02,2.509133758545e+02,0.000000000000e+00,1.158670814749e+00,0.000000000000e+00,5.548747767811e+04,1.090000000000e+02
2.579000000000e+03,1.032471114931e+08,7.405780812614e+04,9.061986257797e+05,4.777074575573e-01,3.136529016210e+02,-1.491257393709e-04,-1.625470559143e-02,0.000000000000e+00,0.000000000000e+00,4.813574407566e+02,0.000000000000e+00,0.000000000000e+00,0.000000000000e+00,0.000000000000e+00,7.008518637441e-04,7.639285314811e-02,2.694270502676e+02,2.503815002441e+02,0.000000000000e+00,1.164075498109e+00,0.000000000000e+00,5.548621330506e+04,1.090000000000e+02
2.580000000000e+03,1.032466442370e+08,7.452506426141e+04,9.102776965688e+05,4.787815998337e-01,3.143670597244e+02,-1.420863858582e-04,-1.548741605854e-02,0.000000000000e+00,0.000000000000e+00,4.672561352697e+02,0.000000000000e+00,0.000000000000e+00,0.000000000000e+00,0.000000000000e+00,5.367459671146e-04,5.850531041549e-02,2.692096386912e+02,2.495313720703e+02,0.000000000000e+00,1.168954524330e+00,0.000000000000e+00,5.548459865528e+04,1.090000000000e+02
2.581000000000e+03,1.032461928590e+08,7.497644224905e+04,9.136121944455e+05,4.794511678546e-01,3.150856999173e+02,-1.551210809808e-04,-1.690819782691e-02,0.000000000000e+00,0.000000000000e+00,4.513779876377e+02,0.000000000000e+00,0.000000000000e+00,0.000000000000e+00,0.000000000000e+00,3.999205866459e-04,4.359134394441e-02,2.690349374905e+02,2.494858703613e+02,0.000000000000e+00,1.175863081313e+00,0.000000000000e+00,5.548324548733e+04,1.090000000000e+02
2.582000000000e+03,1.032457600760e+08,7.540922531949e+04,9.168636610457e+05,4.801109976712e-01,3.157780789117e+02,-1.510033352429e-04,-1.645936354148e-02,0.000000000000e+00,0.000000000000e+00,4.327830704381e+02,0.000000000000e+00,0.000000000000e+00,0.000000000000e+00,0.000000000000e+00,3.893171561139e-04,4.243557001642e-02,2.689128076777e+02,2.502594757080e+02,0.000000000000e+00,1.179345056387e+00,0.000000000000e+00,5.548226489169e+04,1.090000000000e+02
2.583000000000e+03,1.032453453051e+08,7.582399618293e+04,9.203786202366e+05,4.809802495251e-01,3.164236849032e+02,-1.287591371775e-04,-1.403474595235e-02,0.000000000000e+00,0.000000000000e+00,4.147708634453e+02,0.000000000000e+00,0.000000000000e+00,0.000000000000e+00,0.000000000000e+00,4.562542902939e-04,4.973171764204e-02,2.687439015298e+02,2.504782257080e+02,0.000000000000e+00,1.181378377053e+00,0.000000000000e+00,5.548088242102e+04,1.090000000000e+02
2.584000000000e+03,1.032449464762e+08,7.622282506529e+04,9.242617865566e+05,4.821036969296e-01,3.170289706849e+02,-1.208197897221e-04,-1.316935707970e-02,0.000000000000e+00,0.000000000000e+00,3.988288823531e+02,0.000000000000e+00,0.000000000000e+00,0.000000000000e+00,0.000000000000e+00,5.264752452549e-04,5.738580173278e-02,2.685213487187e+02,2.498409729004e+02,0.000000000000e+00,1.183666569092e+00,0.000000000000e+00,5.547900500450e+04,1.090000000000e+02
2.585000000000e+03,1.032445661479e+08,7.660315339123e+04,9.290351631894e+05,4.838557812248e-01,3.175178411386e+02,-1.516383286156e-04,-1.652857781910e-02,0.000000000000e+00,0.000000000000e+00,3.803283259466e+02,0.000000000000e+00,0.000000000000e+00,0.000000000000e+00,0.000000000000e+00,6.403653316603e-04,6.979982115098e-02,2.684123415912e+02,2.503921813965e+02,0.000000000000e+00,1.185746477512e+00,0.000000000000e+00,5.547804799087e+04,1.090000000000e+02
2.586000000000e+03,1.032442032137e+08,7.696608756021e+04,9.333066772369e+05,4.851241158711e-01,3.181532176870e+02,-1.557671896433e-04,-1.697862367112e-02,0.000000000000e+00,0.000000000000e+00,3.629341689747e+02,0.000000000000e+00,0.000000000000e+00,0.000000000000e+00,0.000000000000e+00,5.551873274112e-04,6.051541868782e-02,2.682279129205e+02,2.503721160889e+02,0.000000000000e+00,1.189841285257e+00,0.000000000000e+00,5.547640226493e+04,1.090000000000e+02
2.587000000000e+03,1.032438587417e+08,7.731055963199e+04,9.374656262071e+05,4.862260349358e-01,3.188499729395e+02,-1.794748304235e-04,-1.956275651616e-02,0.000000000000e+00,0.000000000000e+00,3.444720717780e+02,0.000000000000e+00,0.000000000000e+00,0.000000000000e+00,0.000000000000e+00,5.098833895175e-04,5.557728945741e-02,2.681671030581e+02,2.512306823730e+02,0.000000000000e+00,1.191398155706e+00,0.000000000000e+00,5.547583746019e+04,1.090000000000e+02
2.588000000000e+03,1.032435338570e+08,7.763544434509e+04,9.426598106951e+05,4.882226891986e-01,3.193053289651e+02,-2.085610965243e-04,-2.273315952115e-02,0.000000000000e+00,0.000000000000e+00,3.248847131069e+02,0.000000000000e+00,0.000000000000e+00,0.000000000000e+00,0.000000000000e+00,6.503866227393e-04,7.089214187859e-02,2.681705663699e+02,2.528276824951e+02,0.000000000000e+00,1.191512160884e+00,0.000000000000e+00,5.547585187315e+04,1.090000000000e+02
2.589000000000e+03,1.032433725635e+08,7.779673779819e+04,9.484239889780e+05,4.903716889755e-01,3.198545033344e+02,-1.928715355350e-04,-2.102299737332e-02,0.000000000000e+00,0.000000000000e+00,1.612934530912e+02,0.000000000000e+00,0.000000000000e+00,0.000000000000e+00,0.000000000000e+00,7.626144167165e-04,8.312497142210e-02,2.680926462408e+02,2.528637695313e+02,0.000000000000e+00,1.186421768278e+00,0.000000000000e+00,5.547506174126e+04,1.090000000000e+02
2.590000000000e+03,1.032432109282e+08,7.795837313388e+04,9.539052830787e+05,4.928704323565e-01,3.200786790645e+02,-1.438925902570e-04,-1.568429233802e-02,0.000000000000e+00,0.000000000000e+00,1.616353356938e+02,0.000000000000e+00,0.000000000000e+00,0.000000000000e+00,0.000000000000e+00,7.658310998274e-04,8.347558988119e-02,2.679726457474e+02,2.530167694092e+02,0.000000000000e+00,1.187093785802e+00,0.000000000000e+00,5.547392236674e+04,1.090000000000e+02
2.591000000000e+03,1.032428684715e+08,7.830082982549e+04,9.595445664275e+05,4.947594218444e-01,3.207440941470e+02,-1.343759573190e-04,-1.464697934777e-02,0.000000000000e+00,0.000000000000e+00,3.424566916101e+02,0.000000000000e+00,0.000000000000e+00,0.000000000000e+00,0.000000000000e+00,7.994690385737e-04,8.714212520454e-02,2.679210351795e+02,2.537395019531e+02,0.000000000000e+00,1.188735349782e+00,0.000000000000e+00,5.547349746380e+04,1.090000000000e+02
2.592000000000e+03,1.032425762807e+08,7.859302061386e+04,9.653350295466e+05,4.973576635967e-01,3.209971503578e+02,-1.485777837710e-04,-1.619497843104e-02,0.000000000000e+00,0.000000000000e+00,2.921907883737e+02,0.000000000000e+00,0.000000000000e+00,0.000000000000e+00,0.000000000000e+00,8.106520550054e-04,8.836107399559e-02,2.678624713375e+02,2.539246063232e+02,0.000000000000e+00,1.190680238319e+00,0.000000000000e+00,5.547294470543e+04,1.090000000000e+02
2.593000000000e+03,1.032423069343e+08,7.886236703355e+04,9.713801828089e+05,4.997724771401e-01,3.214503108785e+02,-1.544683894535e-04,-1.683705445044e-02,0.000000000000e+00,0.000000000000e+00,2.693464196887e+02,0.000000000000e+00,0.000000000000e+00,0.000000000000e+00,0.000000000000e+00,8.471565209566e-04,9.234006078427e-02,2.677956611751e+02,2.538435516357e+02,0.000000000000e+00,1.192254312393e+00,0.000000000000e+00,5.547230432141e+04,1.090000000000e+02
2.594000000000e+03,1.032420541903e+08,7.911511103142e+04,9.778416029029e+05,5.025381427982e-01,3.218131228401e+02,-1.372566208358e-04,-1.496097167110e-02,0.000000000000e+00,0.000000000000e+00,2.527439978664e+02,0.000000000000e+00,0.000000000000e+00,0.000000000000e+00,0.000000000000e+00,9.340938466009e-04,1.018162292795e-01,2.676995098339e+02,2.538814697266e+02,0.000000000000e+00,1.193880765635e+00,0.000000000000e+00,5.547137004389e+04,1.090000000000e+02
2.595000000000e+03,1.032418137485e+08,7.935555273677e+04,9.836863439648e+05,5.048264235933e-01,3.222803883712e+02,-1.270157243135e-04,-1.384471395017e-02,0.000000000000e+00,0.000000000000e+00,2.404417053474e+02,0.000000000000e+00,0.000000000000e+00,0.000000000000e+00,0.000000000000e+00,8.452706417072e-04,9.213449994609e-02,2.675062177239e+02,2.527250061035e+02,0.000000000000e+00,1.195506002961e+00,0.000000000000e+00,5.546945003116e+04,1.090000000000e+02
2.596000000000e+03,1.032415836277e+08,7.958567359744e+04,9.890922361399e+05,5.068791315838e-01,3.227498438778e+02,-1.335105882898e-04,-1.455265412359e-02,0.000000000000e+00,0.000000000000e+00,2.301208606754e+02,0.000000000000e+00,0.000000000000e+00,0.000000000000e+00,0.000000000000e+00,7.659932326727e-04,8.349326236132e-02,2.673269856065e+02,2.526265106201e+02,0.000000000000e+00,1.194274954043e+00,0.000000000000e+00,5.546761942078e+04,1.090000000000e+02
2.597000000000e+03,1.032413639948e+08,7.980530652625e+04,9.944056571110e+05,5.088680090964e-01,3.232235029575e+02,-1.414287831971e-04,-1.541573736849e-02,0.000000000000e+00,0.000000000000e+00,2.196329288081e+02,0.000000000000e+00,0.000000000000e+00,0.000000000000e+00,0.000000000000e+00,7.415091079614e-04,8.082449276779e-02,2.671948396894e+02,2.530519561768e+02,0.000000000000e+00,1.194830227481e+00,0.000000000000e+00,5.546623676779e+04,1.090000000000e+02
2.598000000000e+03,1.032411539787e+08,8.001532255554e+04,1.000995711947e+06,5.117881622753e-01,3.235185238834e+02,-1.272801955811e-04,-1.387354131834e-02,0.000000000000e+00,0.000000000000e+00,2.100160292928e+02,0.000000000000e+00,0.000000000000e+00,0.000000000000e+00,0.000000000000e+00,9.675707054586e-04,1.054652068950e-01,2.670435579289e+02,2.524792022705e+02,0.000000000000e+00,1.195970528406e+00,0.000000000000e+00,5.546461912555e+04,1.090000000000e+02
2.599000000000e+03,1.032409530069e+08,8.021629435977e+04,1.006414164395e+06,5.135667264256e-01,3.241503824146e+02,-1.370448687864e-04,-1.493789069771e-02,0.000000000000e+00,0.000000000000e+00,2.009718042274e+02,0.000000000000e+00,0.000000000000e+00,0.000000000000e+00,0.000000000000e+00,7.628535501076e-04,8.315103696173e-02,2.669321784944e+02,2.520738525391e+02,0.000000000000e+00,1.195822007997e+00,0.000000000000e+00,5.546340661168e+04,1.090000000000e+02
2.600000000000e+03,1.032407603369e+08,8.040896442106e+04,1.010486186794e+06,5.147324416920e-01,3.247333585018e+02,-1.517725616762e-04,-1.654320922271e-02,0.000000000000e+00,0.000000000000e+00,1.926700612869e+02,0.000000000000e+00,0.000000000000e+00,0.000000000000e+00,0.000000000000e+00,5.261710279065e-04,5.735264204181e-02,2.668011552218e+02,2.520551757812e+02,0.000000000000e+00,1.196525067191e+00,0.000000000000e+00,5.546195365497e+04,1.090000000000e+02
2.601000000000e+03,1.032405754710e+08,8.059383029731e+04,1.015069348436e+06,5.162879931983e-01,3.252322056498e+02,-1.507802087287e-04,-1.643504275143e-02,0.000000000000e+00,0.000000000000e+00,1.848658762532e+02,0.000000000000e+00,0.000000000000e+00,0.000000000000e+00,0.000000000000e+00,6.119063610874e-04,6.669779335852e-02,2.666678730234e+02,2.516903991699e+02,0.000000000000e+00,1.197981905680e+00,0.000000000000e+00,5.546044913258e+04,1.090000000000e+02
2.602000000000e+03,1.032403973660e+08,8.077193527500e+04,1.019003410095e+06,5.173429993652e-01,3.258388801072e+02,-1.337601562276e-04,-1.457985702881e-02,0.000000000000e+00,0.000000000000e+00,1.781049776876e+02,0.000000000000e+00,0.000000000000e+00,0.000000000000e+00,0.000000000000e+00,5.232195854734e-04,5.703093481660e-02,2.664910852716e+02,2.509975128174e+02,0.000000000000e+00,1.198725224473e+00,0.000000000000e+00,5.545840917216e+04,1.090000000000e+02
2.603000000000e+03,1.032402258633e+08,8.094343794073e+04,1.022276939322e+06,5.181212379929e-01,3.264019458670e+02,-1.335679721623e-04,-1.455890896569e-02,0.000000000000e+00,0.000000000000e+00,1.715026657312e+02,0.000000000000e+00,0.000000000000e+00,0.000000000000e+00,0.000000000000e+00,4.117480099038e-04,4.488053307951e-02,2.663853081628e+02,2.515601043701e+02,0.000000000000e+00,1.199048645820e+00,0.000000000000e+00,5.545716844124e+04,1.090000000000e+02
2.604000000000e+03,1.032400623930e+08,8.110690826080e+04,1.026621710497e+06,5.194640913709e-01,3.269427947137e+02,-1.409413189821e-04,-1.536260376905e-02,0.000000000000e+00,0.000000000000e+00,1.634703200758e+02,0.000000000000e+00,0.000000000000e+00,0.000000000000e+00,0.000000000000e+00,5.783192566418e-04,6.303679897396e-02,2.663712814380e+02,2.528369598389e+02,0.000000000000e+00,1.199326423598e+00,0.000000000000e+00,5.545700455704e+04,1.090000000000e+02
2.605000000000e+03,1.032399054909e+08,8.126381034616e+04,1.031682809115e+06,5.213037130900e-01,3.274061124390e+02,-1.437568878111e-04,-1.566950077141e-02,0.000000000000e+00,0.000000000000e+00,1.569020853569e+02,0.000000000000e+00,0.000000000000e+00,0.000000000000e+00,0.000000000000e+00,6.992225934943e-04,7.621526269088e-02,2.662168230578e+02,2.511847381592e+02,0.000000000000e+00,1.200291301257e+00,0.000000000000e+00,5.545514822830e+04,1.090000000000e+02
2.606000000000e+03,1.032397526184e+08,8.141668291831e+04,1.035513193011e+06,5.222898787438e-01,3.280181978757e+02,-1.217072103534e-04,-1.326608592852e-02,0.000000000000e+00,0.000000000000e+00,1.528725721483e+02,0.000000000000e+00,0.000000000000e+00,0.000000000000e+00,0.000000000000e+00,5.208546173491e-04,5.677315329105e-02,2.659835139891e+02,2.503520812988e+02,0.000000000000e+00,1.200118737047e+00,0.000000000000e+00,5.545227680602e+04,1.090000000000e+02
2.607000000000e+03,1.032396040429e+08,8.156525842403e+04,1.039176233721e+06,5.232665432605e-01,3.285750609501e+02,-9.478555520743e-05,-1.033162551761e-02,0.000000000000e+00,0.000000000000e+00,1.485755057231e+02,0.000000000000e+00,0.000000000000e+00,0.000000000000e+00,0.000000000000e+00,5.169648151544e-04,5.634916485183e-02,2.658369802832e+02,2.515233459473e+02,0.000000000000e+00,1.200952070380e+00,0.000000000000e+00,5.545043362852e+04,1.090000000000e+02
2.608000000000e+03,1.032394612802e+08,8.170802107500e+04,1.043390846358e+06,5.245566908673e-01,3.290991783103e+02,-8.907083683164e-05,-9.708721214649e-03,0.000000000000e+00,0.000000000000e+00,1.427626509651e+02,0.000000000000e+00,0.000000000000e+00,0.000000000000e+00,0.000000000000e+00,6.097676124312e-04,6.646466975500e-02,2.657980701509e+02,2.524405059814e+02,0.000000000000e+00,1.200118146576e+00,0.000000000000e+00,5.544994316586e+04,1.090000000000e+02
2.609000000000e+03,1.032393249930e+08,8.184430826929e+04,1.048494208680e+06,5.264364092596e-01,3.295275548393e+02,-1.121758261406e-04,-1.222716504932e-02,0.000000000000e+00,0.000000000000e+00,1.362871942880e+02,0.000000000000e+00,0.000000000000e+00,0.000000000000e+00,0.000000000000e+00,7.319502839370e-04,7.978258094913e-02,2.658036106498e+02,2.527494659424e+02,0.000000000000e+00,1.198765742694e+00,0.000000000000e+00,5.545001876810e+04,1.090000000000e+02
2.610000000000e+03,1.032394581937e+08,8.171110754083e+04,1.053927242179e+06,5.283983072246e-01,3.300060490194e+02,-1.224884665101e-04,-1.335124284960e-02,0.000000000000e+00,0.000000000000e+00,-1.332007284593e+02,0.000000000000e+00,0.000000000000e+00,0.000000000000e+00,0.000000000000e+00,7.768457383413e-04,8.467618547920e-02,2.658059991908e+02,2.531639709473e+02,0.000000000000e+00,1.191920148159e+00,0.000000000000e+00,5.544988285034e+04,1.090000000000e+02
2.611000000000e+03,1.032392931384e+08,8.187616286461e+04,1.059489397850e+06,5.304617547922e-01,3.304550364219e+02,-1.318665866370e-04,-1.437345794343e-02,0.000000000000e+00,0.000000000000e+00,1.650553237888e+02,0.000000000000e+00,0.000000000000e+00,0.000000000000e+00,0.000000000000e+00,7.872535896998e-04,8.581064127728e-02,2.658246701604e+02,2.537136688232e+02,0.000000000000e+00,1.194306048975e+00,0.000000000000e+00,5.545024714563e+04,1.090000000000e+02
2.612000000000e+03,1.032391339006e+08,8.203540068401e+04,1.064839044912e+06,5.325215333323e-01,3.308493499521e+02,-1.184488025367e-04,-1.291091947650e-02,0.000000000000e+00,0.000000000000e+00,1.592378193955e+02,0.000000000000e+00,0.000000000000e+00,0.000000000000e+00,0.000000000000e+00,7.721952220521e-04,8.416927920368e-02,2.656874788732e+02,2.519697570801e+02,0.000000000000e+00,1.195602345271e+00,0.000000000000e+00,5.544850520903e+04,1.090000000000e+02
2.613000000000e+03,1.032389893940e+08,8.217990726246e+04,1.070705996919e+06,5.349034582934e-01,3.311978388240e+02,-1.166259514571e-04,-1.271222870882e-02,0.000000000000e+00,0.000000000000e+00,1.445065784482e+02,0.000000000000e+00,0.000000000000e+00,0.000000000000e+00,0.000000000000e+00,8.578395557714e-04,9.350451157909e-02,2.655961164114e+02,2.524085693359e+02,0.000000000000e+00,1.196528271197e+00,0.000000000000e+00,5.544733512679e+04,1.090000000000e+02
2.614000000000e+03,1.032388543825e+08,8.231491878306e+04,1.076576760466e+06,5.371643190938e-01,3.316141603593e+02,-1.260798371995e-04,-1.374270225475e-02,0.000000000000e+00,0.000000000000e+00,1.350115206016e+02,0.000000000000e+00,0.000000000000e+00,0.000000000000e+00,0.000000000000e+00,8.463451976091e-04,9.225162653940e-02,2.655699817076e+02,2.533397979736e+02,0.000000000000e+00,1.197083826752e+00,0.000000000000e+00,5.544700904790e+04,1.090000000000e+02
2.615000000000e+03,1.032387263445e+08,8.244295675104e+04,1.081313964129e+06,5.387823722487e-01,3.320772399453e+02,-9.902968294191e-05,-1.079423544067e-02,0.000000000000e+00,0.000000000000e+00,1.280379679823e+02,0.000000000000e+00,0.000000000000e+00,0.000000000000e+00,0.000000000000e+00,6.870373093588e-04,7.488706672010e-02,2.655164778129e+02,2.535629119873e+02,0.000000000000e+00,1.196252039179e+00,0.000000000000e+00,5.544631367709e+04,1.090000000000e+02
2.616000000000e+03,1.032386041293e+08,8.256517194082e+04,1.085578271339e+06,5.401688548285e-01,3.325357360696e+02,-8.049485377539e-05,-8.773939061517e-03,0.000000000000e+00,0.000000000000e+00,1.222151897780e+02,0.000000000000e+00,0.000000000000e+00,0.000000000000e+00,0.000000000000e+00,6.275895715603e-04,6.840726330007e-02,2.654575548364e+02,2.533247375488e+02,0.000000000000e+00,1.196354109850e+00,0.000000000000e+00,5.544554296333e+04,1.090000000000e+02
2.617000000000e+03,1.032384868763e+08,8.268242501102e+04,1.089919243923e+06,5.415192398546e-01,3.330374007927e+02,-7.940722385966e-05,-8.655387400703e-03,0.000000000000e+00,0.000000000000e+00,1.172530701982e+02,0.000000000000e+00,0.000000000000e+00,0.000000000000e+00,0.000000000000e+00,6.413044047422e-04,6.990218011690e-02,2.654008302932e+02,2.534742431641e+02,0.000000000000e+00,1.194377168377e+00,0.000000000000e+00,5.544479607681e+04,1.090000000000e+02
2.618000000000e+03,1.032383737360e+08,8.279556531141e+04,1.093799413123e+06,5.425507311026e-01,3.335944079754e+02,-6.297931725168e-05,-6.864745580434e-03,0.000000000000e+00,0.000000000000e+00,1.131403003917e+02,0.000000000000e+00,0.000000000000e+00,0.000000000000e+00,0.000000000000e+00,5.827491093024e-04,6.351965291396e-02,2.653165221016e+02,2.537136230469e+02,0.000000000000e+00,1.195025316525e+00,0.000000000000e+00,5.544366743596e+04,1.090000000000e+02
2.619000000000e+03,1.032382647598e+08,8.290454149785e+04,1.097701774456e+06,5.436380130929e-01,3.341148367093e+02,-6.015730160824e-05,-6.557145875298e-03,0.000000000000e+00,0.000000000000e+00,1.089761864375e+02,0.000000000000e+00,0.000000000000e+00,0.000000000000e+00,0.000000000000e+00,5.854777373230e-04,6.381707336820e-02,2.653173261843e+02,2.548011016846e+02,0.000000000000e+00,1.195117909118e+00,0.000000000000e+00,5.544369572280e+04,1.090000000000e+02
2.620000000000e+03,1.032381596665e+08,8.300963474116e+04,1.102223765540e+06,5.451465600758e-01,3.345671614311e+02,-7.078113407553e-05,-7.715143614232e-03,0.000000000000e+00,0.000000000000e+00,1.050932433115e+02,0.000000000000e+00,0.000000000000e+00,0.000000000000e+00,0.000000000000e+00,6.798280258143e-04,7.410125481376e-02,2.652641926451e+02,2.546492462158e+02,0.000000000000e+00,1.193868427063e+00,0.000000000000e+00,5.544298098129e+04,1.090000000000e+02
2.621000000000e+03,1.032380574774e+08,8.311182386596e+04,1.105315583082e+06,5.455993869888e-01,3.352358251337e+02,-5.294159942839e-05,-5.770634337695e-03,0.000000000000e+00,0.000000000000e+00,1.021891247981e+02,0.000000000000e+00,0.000000000000e+00,0.000000000000e+00,0.000000000000e+00,4.633804471037e-04,5.050846873431e-02,2.651596342675e+02,2.534848632813e+02,0.000000000000e+00,1.194053612248e+00,0.000000000000e+00,5.544155421961e+04,1.090000000000e+02
2.622000000000e+03,1.032379577588e+08,8.321154252159e+04,1.108724050264e+06,5.464779613289e-01,3.357378677294e+02,-4.494301484501e-05,-4.898788618106e-03,0.000000000000e+00,0.000000000000e+00,9.971865562794e+01,0.000000000000e+00,0.000000000000e+00,0.000000000000e+00,0.000000000000e+00,5.239405274209e-04,5.710951748888e-02,2.650531911437e+02,2.530272521973e+02,0.000000000000e+00,1.194540444587e+00,0.000000000000e+00,5.544008648106e+04,1.090000000000e+02
2.623000000000e+03,1.032378605980e+08,8.330870328073e+04,1.113229827970e+06,5.479859050351e-01,3.361811012196e+02,-6.841977837363e-05,-7.457755842726e-03,0.000000000000e+00,0.000000000000e+00,9.716075914877e+01,0.000000000000e+00,0.000000000000e+00,0.000000000000e+00,0.000000000000e+00,6.807383754636e-04,7.420048292553e-02,2.649765181140e+02,2.532356414795e+02,0.000000000000e+00,1.195043316115e+00,0.000000000000e+00,5.543902314714e+04,1.090000000000e+02
2.624000000000e+03,1.032377662160e+08,8.340308528761e+04,1.116921702605e+06,5.488524454467e-01,3.367656929234e+02,-8.053305529357e-05,-8.778103026999e-03,0.000000000000e+00,0.000000000000e+00,9.438200687671e+01,0.000000000000e+00,0.000000000000e+00,0.000000000000e+00,0.000000000000e+00,5.316346081711e-04,5.794817229065e-02,2.649494412042e+02,2.536759490967e+02,0.000000000000e+00,1.194295531023e+00,0.000000000000e+00,5.543865786965e+04,1.090000000000e+02
2.625000000000e+03,1.032376746128e+08,8.349468847308e+04,1.120243772422e+06,5.495922587517e-01,3.373150904890e+02,-9.440809076515e-05,-1.029048189340e-02,0.000000000000e+00,0.000000000000e+00,9.160318546628e+01,0.000000000000e+00,0.000000000000e+00,0.000000000000e+00,0.000000000000e+00,4.566795553833e-04,4.977807153677e-02,2.649204366630e+02,2.542370605469e+02,0.000000000000e+00,1.192650887122e+00,0.000000000000e+00,5.543825991199e+04,1.090000000000e+02
2.626000000000e+03,1.032377462921e+08,8.342300922216e+04,1.123439359890e+06,5.501420661488e-01,3.379459212023e+02,-8.738491863317e-05,-9.524956131015e-03,0.000000000000e+00,0.000000000000e+00,-7.167925091965e+01,0.000000000000e+00,0.000000000000e+00,0.000000000000e+00,0.000000000000e+00,4.451157950590e-04,4.851762166143e-02,2.648504763906e+02,2.541549987793e+02,0.000000000000e+00,1.188947183419e+00,0.000000000000e+00,5.543716460703e+04,1.090000000000e+02
2.627000000000e+03,1.032377655520e+08,8.340374930657e+04,1.127021788884e+06,5.511462189257e-01,3.384103164213e+02,-7.101022331021e-05,-7.740114340813e-03,0.000000000000e+00,0.000000000000e+00,-1.925991558866e+01,0.000000000000e+00,0.000000000000e+00,0.000000000000e+00,0.000000000000e+00,5.242877496913e-04,5.714736471636e-02,2.648002631404e+02,2.539223632813e+02,0.000000000000e+00,1.187834678869e+00,0.000000000000e+00,5.543643978711e+04,1.090000000000e+02
2.628000000000e+03,1.032376220347e+08,8.354726654295e+04,1.130453165004e+06,5.518311743449e-01,3.390220276136e+02,-5.514402931500e-05,-6.010699195335e-03,0.000000000000e+00,0.000000000000e+00,1.435172363826e+02,0.000000000000e+00,0.000000000000e+00,0.000000000000e+00,0.000000000000e+00,5.142120936187e-04,5.604911820444e-02,2.647629694005e+02,2.538805236816e+02,0.000000000000e+00,1.190033031716e+00,0.000000000000e+00,5.543599889448e+04,1.090000000000e+02
2.629000000000e+03,1.032375086390e+08,8.366066231885e+04,1.133085928529e+06,5.521522393618e-01,3.396215752354e+02,-3.741794216932e-05,-4.078555696456e-03,0.000000000000e+00,0.000000000000e+00,1.133957758990e+02,0.000000000000e+00,0.000000000000e+00,0.000000000000e+00,0.000000000000e+00,4.024703495891e-04,4.386926810521e-02,2.646760054242e+02,2.531322937012e+02,0.000000000000e+00,1.190958957642e+00,0.000000000000e+00,5.543476331851e+04,1.090000000000e+02
2.630000000000e+03,1.032374042840e+08,8.376501733179e+04,1.137193216179e+06,5.534317774123e-01,3.400661829593e+02,-5.019356351050e-05,-5.471098422644e-03,0.000000000000e+00,0.000000000000e+00,1.043550129367e+02,0.000000000000e+00,0.000000000000e+00,0.000000000000e+00,0.000000000000e+00,6.304242756163e-04,6.871624604218e-02,2.646562943448e+02,2.538346862793e+02,0.000000000000e+00,1.191607105790e+00,0.000000000000e+00,5.543450665951e+04,1.090000000000e+02
2.631000000000e+03,1.032373058814e+08,8.386341991120e+04,1.141035506700e+06,5.544514719804e-01,3.405907016807e+02,-6.216008902135e-05,-6.775449703327e-03,0.000000000000e+00,0.000000000000e+00,9.840257941524e+01,0.000000000000e+00,0.000000000000e+00,0.000000000000e+00,0.000000000000e+00,5.754225269181e-04,6.272105543407e-02,2.646210958509e+02,2.539913330078e+02,0.000000000000e+00,1.191884883568e+00,0.000000000000e+00,5.543401083803e+04,1.090000000000e+02
2.632000000000e+03,1.032372118221e+08,8.395747921645e+04,1.144685479181e+06,5.554293682578e-01,3.410846341609e+02,-6.344097110235e-05,-6.915065850156e-03,0.000000000000e+00,0.000000000000e+00,9.405930525034e+01,0.000000000000e+00,0.000000000000e+00,0.000000000000e+00,0.000000000000e+00,5.439646186203e-04,5.929214342961e-02,2.645538460993e+02,2.537506408691e+02,0.000000000000e+00,1.192347846531e+00,0.000000000000e+00,5.543303515885e+04,1.090000000000e+02
2.633000000000e+03,1.032371212082e+08,8.404809314055e+04,1.148373487942e+06,5.563964568233e-01,3.415951577587e+02,-6.977610280797e-05,-7.605595206069e-03,0.000000000000e+00,0.000000000000e+00,9.061392409511e+01,0.000000000000e+00,0.000000000000e+00,0.000000000000e+00,0.000000000000e+00,5.441360103677e-04,5.931082513008e-02,2.644832758359e+02,2.531352996826e+02,0.000000000000e+00,1.191714489283e+00,0.000000000000e+00,5.543200438750e+04,1.090000000000e+02
2.634000000000e+03,1.032370337840e+08,8.413551725626e+04,1.151523715010e+06,5.570188604666e-01,3.421453123947e+02,-4.770325810399e-05,-5.199655133335e-03,0.000000000000e+00,0.000000000000e+00,8.742411571490e+01,0.000000000000e+00,0.000000000000e+00,0.000000000000e+00,0.000000000000e+00,4.713508506766e-04,5.137724272375e-02,2.645265610280e+02,2.549983367920e+02,0.000000000000e+00,1.191899674468e+00,0.000000000000e+00,5.543268046617e+04,1.090000000000e+02
2.635000000000e+03,1.032369495516e+08,8.421974969194e+04,1.154815757329e+06,5.577479656690e-01,3.426681266973e+02,-4.568202594217e-05,-4.979340827696e-03,0.000000000000e+00,0.000000000000e+00,8.423243567904e+01,0.000000000000e+00,0.000000000000e+00,0.000000000000e+00,0.000000000000e+00,4.953750649841e-04,5.399588208327e-02,2.645991491917e+02,2.559228820801e+02,0.000000000000e+00,1.191992267061e+00,0.000000000000e+00,5.543377866711e+04,1.090000000000e+02
2.636000000000e+03,1.032368681197e+08,8.430118163312e+04,1.158020420991e+06,5.584137030942e-01,3.432067889991e+02,-4.888679199834e-05,-5.328660327819e-03,0.000000000000e+00,0.000000000000e+00,8.143194117529e+01,0.000000000000e+00,0.000000000000e+00,0.000000000000e+00,0.000000000000e+00,4.800344872786e-04,5.232375911337e-02,2.646265241477e+02,2.558812561035e+02,0.000000000000e+00,1.191070388729e+00,0.000000000000e+00,5.543419835187e+04,1.090000000000e+02
2.637000000000e+03,1.032367891755e+08,8.438012576943e+04,1.161221078002e+06,5.590888378743e-01,3.437338156689e+02,-3.231688196412e-05,-3.522540134089e-03,0.000000000000e+00,0.000000000000e+00,7.894413631014e+01,0.000000000000e+00,0.000000000000e+00,0.000000000000e+00,0.000000000000e+00,4.940465870062e-04,5.385107798367e-02,2.646908011412e+02,2.567831115723e+02,0.000000000000e+00,1.189882179301e+00,0.000000000000e+00,5.543516199127e+04,1.090000000000e+02
2.638000000000e+03,1.032367124201e+08,8.445688121767e+04,1.165336145688e+06,5.603542061069e-01,3.441729360346e+02,-2.006546544954e-05,-2.187135734000e-03,0.000000000000e+00,0.000000000000e+00,7.675544824059e+01,0.000000000000e+00,0.000000000000e+00,0.000000000000e+00,0.000000000000e+00,6.609458904284e-04,7.204310205669e-02,2.646901620879e+02,2.560948791504e+02,0.000000000000e+00,1.188240088866e+00,0.000000000000e+00,5.543516699621e+04,1.090000000000e+02
2.639000000000e+03,1.032366372661e+08,8.453203520965e+04,1.170013479971e+06,5.619528769681e-01,3.445804543164e+02,-2.782164672707e-05,-3.032559493251e-03,0.000000000000e+00,0.000000000000e+00,7.515399197715e+01,0.000000000000e+00,0.000000000000e+00,0.000000000000e+00,0.000000000000e+00,7.514029736046e-04,8.190292412290e-02,2.645890955771e+02,2.543579406738e+02,0.000000000000e+00,1.187828033321e+00,0.000000000000e+00,5.543369558762e+04,1.090000000000e+02
2.640000000000e+03,1.032365634831e+08,8.460581823330e+04,1.174854125847e+06,5.638020980696e-01,3.448797056778e+02,-2.899941152023e-05,-3.160935855705e-03,0.000000000000e+00,0.000000000000e+00,7.378302365125e+01,0.000000000000e+00,0.000000000000e+00,0.000000000000e+00,0.000000000000e+00,7.769238911441e-04,8.468470413471e-02,2.644957025661e+02,2.539071044922e+02,0.000000000000e+00,1.187920625914e+00,0.000000000000e+00,5.543232998442e+04,1.090000000000e+02
2.641000000000e+03,1.032364912007e+08,8.467810055478e+04,1.178569026432e+06,5.646772706701e-01,3.454354611951e+02,-6.680536427345e-06,-7.281784705806e-04,0.000000000000e+00,0.000000000000e+00,7.228232148039e+01,0.000000000000e+00,0.000000000000e+00,0.000000000000e+00,0.000000000000e+00,6.089714076331e-04,6.637788343201e-02,2.644784380289e+02,2.550620422363e+02,0.000000000000e+00,1.188105811099e+00,0.000000000000e+00,5.543209765691e+04,1.090000000000e+02
2.642000000000e+03,1.032364205830e+08,8.474871834603e+04,1.181999109683e+06,5.655957870597e-01,3.458742141600e+02,-6.814858952848e-06,-7.428196258604e-04,0.000000000000e+00,0.000000000000e+00,7.061779125162e+01,0.000000000000e+00,0.000000000000e+00,0.000000000000e+00,0.000000000000e+00,5.586293507550e-04,6.089059923230e-02,2.645196234858e+02,2.561318969727e+02,0.000000000000e+00,1.188013218506e+00,0.000000000000e+00,5.543273597064e+04,1.090000000000e+02
2.643000000000e+03,1.032363515954e+08,8.481770591580e+04,1.185628661725e+06,5.665312894934e-01,3.463581770787e+02,-2.872809538051e-05,-3.131362396475e-03,0.000000000000e+00,0.000000000000e+00,6.898756977013e+01,0.000000000000e+00,0.000000000000e+00,0.000000000000e+00,0.000000000000e+00,5.690159531266e-04,6.202273889080e-02,2.645746214337e+02,2.568470153809e+02,0.000000000000e+00,1.187553971914e+00,0.000000000000e+00,5.543357150733e+04,1.090000000000e+02
2.644000000000e+03,1.032362841238e+08,8.488517748273e+04,1.189263811014e+06,5.674745014984e-01,3.468380424747e+02,-2.564031806797e-05,-2.794794669409e-03,0.000000000000e+00,0.000000000000e+00,6.747156693125e+01,0.000000000000e+00,0.000000000000e+00,0.000000000000e+00,0.000000000000e+00,5.733587173774e-04,6.249610019414e-02,2.646234749193e+02,2.572004699707e+02,0.000000000000e+00,1.187168985214e+00,0.000000000000e+00,5.543430967225e+04,1.090000000000e+02
2.645000000000e+03,1.032362180341e+08,8.495126716562e+04,1.193070992639e+06,5.685363763549e-01,3.472934006467e+02,-1.803564614557e-05,-1.965885429867e-03,0.000000000000e+00,0.000000000000e+00,6.608968288999e+01,0.000000000000e+00,0.000000000000e+00,0.000000000000e+00,0.000000000000e+00,6.091489875552e-04,6.639723964352e-02,2.646777592395e+02,2.573688354492e+02,0.000000000000e+00,1.185606378182e+00,0.000000000000e+00,5.543512332137e+04,1.090000000000e+02
2.646000000000e+03,1.032361532441e+08,8.501605722897e+04,1.196096823482e+06,5.690407664801e-01,3.478597689044e+02,3.554613564885e-06,3.874528785724e-04,0.000000000000e+00,0.000000000000e+00,6.479006334987e+01,0.000000000000e+00,0.000000000000e+00,0.000000000000e+00,0.000000000000e+00,5.010128834860e-04,5.461040429998e-02,2.647401527419e+02,2.580736083984e+02,0.000000000000e+00,1.184997866592e+00,0.000000000000e+00,5.543604849369e+04,1.090000000000e+02
2.647000000000e+03,1.032360896271e+08,8.507967422391e+04,1.199370869299e+06,5.698366156035e-01,3.483207369500e+02,3.936689704618e-06,4.290991778034e-04,0.000000000000e+00,0.000000000000e+00,6.361699494131e+01,0.000000000000e+00,0.000000000000e+00,0.000000000000e+00,0.000000000000e+00,5.434562002354e-04,5.923672582566e-02,2.647837575985e+02,2.582598876953e+02,0.000000000000e+00,1.184681137081e+00,0.000000000000e+00,5.543669422474e+04,1.090000000000e+02
2.648000000000e+03,1.032360270422e+08,8.514225909324e+04,1.203929795275e+06,5.714315259930e-01,3.486661855425e+02,-1.509983155209e-05,-1.645881639178e-03,0.000000000000e+00,0.000000000000e+00,6.258486933261e+01,0.000000000000e+00,0.000000000000e+00,0.000000000000e+00,0.000000000000e+00,7.378379676283e-04,8.042433847149e-02,2.648121893269e+02,2.582938537598e+02,0.000000000000e+00,1.184352196051e+00,0.000000000000e+00,5.543711858375e+04,1.090000000000e+02
2.649000000000e+03,1.032359654001e+08,8.520390122506e+04,1.208917795612e+06,5.731856961919e-01,3.490359138862e+02,-1.955708903552e-05,-2.131722704872e-03,0.000000000000e+00,0.000000000000e+00,6.164213181877e+01,0.000000000000e+00,0.000000000000e+00,0.000000000000e+00,0.000000000000e+00,8.039830808110e-04,8.763415580840e-02,2.648482194869e+02,2.583962707520e+02,0.000000000000e+00,1.183511818367e+00,0.000000000000e+00,5.543765173246e+04,1.090000000000e+02
2.650000000000e+03,1.032359046247e+08,8.526467661751e+04,1.213091812661e+06,5.743805203079e-01,3.495084073045e+02,-6.739843432368e-06,-7.346429341282e-04,0.000000000000e+00,0.000000000000e+00,6.077539244357e+01,0.000000000000e+00,0.000000000000e+00,0.000000000000e+00,0.000000000000e+00,6.816825573904e-04,7.430339875555e-02,2.648920364877e+02,2.586511230469e+02,0.000000000000e+00,1.181952885186e+00,0.000000000000e+00,5.543829353460e+04,1.090000000000e+02
2.651000000000e+03,1.032360080405e+08,8.516126081069e+04,1.217663486483e+06,5.759051976342e-01,3.498934012555e+02,1.792153472279e-05,1.953447284784e-03,0.000000000000e+00,0.000000000000e+00,-1.034158068201e+02,0.000000000000e+00,0.000000000000e+00,0.000000000000e+00,0.000000000000e+00,7.725305447322e-04,8.420582937581e-02,2.649338560007e+02,2.590455932617e+02,0.000000000000e+00,1.177781227743e+00,0.000000000000e+00,5.543882802447e+04,1.090000000000e+02
2.652000000000e+03,1.032360282115e+08,8.514108980868e+04,1.222452970074e+06,5.774351409473e-01,3.503347219517e+02,3.665208297307e-05,3.995077044064e-03,0.000000000000e+00,0.000000000000e+00,-2.017100200192e+01,0.000000000000e+00,0.000000000000e+00,0.000000000000e+00,0.000000000000e+00,8.268043903223e-04,9.012167854513e-02,2.649815662190e+02,2.592492065430e+02,0.000000000000e+00,1.176158963895e+00,0.000000000000e+00,5.543949575720e+04,1.090000000000e+02
2.653000000000e+03,1.032359400656e+08,8.522923574258e+04,1.226505572469e+06,5.786022690578e-01,3.507836101580e+02,6.175791224060e-05,6.731612434225e-03,0.000000000000e+00,0.000000000000e+00,8.814593389704e+01,0.000000000000e+00,0.000000000000e+00,0.000000000000e+00,0.000000000000e+00,7.303721859355e-04,7.961056826697e-02,2.650161378412e+02,2.592140502930e+02,0.000000000000e+00,1.177678249760e+00,0.000000000000e+00,5.544004849885e+04,1.090000000000e+02
2.654000000000e+03,1.032358543922e+08,8.531490913553e+04,1.230709665368e+06,5.800147408034e-01,3.511247434120e+02,7.319258384045e-05,7.977991638609e-03,0.000000000000e+00,0.000000000000e+00,8.567339294663e+01,0.000000000000e+00,0.000000000000e+00,0.000000000000e+00,0.000000000000e+00,7.665283001330e-04,8.355158471449e-02,2.650600373085e+02,2.595045776367e+02,0.000000000000e+00,1.177877275553e+00,0.000000000000e+00,5.544069195776e+04,1.090000000000e+02
2.655000000000e+03,1.032357766709e+08,8.539263036360e+04,1.234496406344e+06,5.810943682788e-01,3.515443139015e+02,5.983254516848e-05,6.521747423365e-03,0.000000000000e+00,0.000000000000e+00,7.772122807604e+01,0.000000000000e+00,0.000000000000e+00,0.000000000000e+00,0.000000000000e+00,6.827278976004e-04,7.441734083845e-02,2.651314264985e+02,2.601454162598e+02,0.000000000000e+00,1.177196226023e+00,0.000000000000e+00,5.544170486073e+04,1.090000000000e+02
2.656000000000e+03,1.032357031918e+08,8.546610951612e+04,1.238420354935e+06,5.822436093295e-01,3.519599314581e+02,5.810555659831e-05,6.333505669216e-03,0.000000000000e+00,0.000000000000e+00,7.347915251580e+01,0.000000000000e+00,0.000000000000e+00,0.000000000000e+00,0.000000000000e+00,7.041080248613e-04,7.674777470988e-02,2.651954491802e+02,2.603712158203e+02,0.000000000000e+00,1.177288818616e+00,0.000000000000e+00,5.544260302215e+04,1.090000000000e+02
2.657000000000e+03,1.032356326599e+08,8.553664141453e+04,1.242551041908e+06,5.836388550343e-01,3.522832196488e+02,7.060651567334e-05,7.696110208394e-03,0.000000000000e+00,0.000000000000e+00,7.053189840856e+01,0.000000000000e+00,0.000000000000e+00,0.000000000000e+00,0.000000000000e+00,7.503622570304e-04,8.178948601632e-02,2.652686709565e+02,2.609060668945e+02,0.000000000000e+00,1.176875215593e+00,0.000000000000e+00,5.544361804225e+04,1.090000000000e+02
2.658000000000e+03,1.032355643467e+08,8.560495457122e+04,1.245913848557e+06,5.845269844502e-01,3.526943287157e+02,8.449575318250e-05,9.210037096892e-03,0.000000000000e+00,0.000000000000e+00,6.831315669529e+01,0.000000000000e+00,0.000000000000e+00,0.000000000000e+00,0.000000000000e+00,6.376745097812e-04,6.950652156615e-02,2.653326227578e+02,2.612587280273e+02,0.000000000000e+00,1.174778623306e+00,0.000000000000e+00,5.544449667768e+04,1.090000000000e+02
2.659000000000e+03,1.032354977906e+08,8.567151073964e+04,1.248679284561e+06,5.850225303707e-01,3.531683437763e+02,1.148741717268e-04,1.252128471822e-02,0.000000000000e+00,0.000000000000e+00,6.655616841960e+01,0.000000000000e+00,0.000000000000e+00,0.000000000000e+00,0.000000000000e+00,5.669606864325e-04,6.179871482114e-02,2.654418983191e+02,2.623363647461e+02,0.000000000000e+00,1.173522924670e+00,0.000000000000e+00,5.544597340069e+04,1.090000000000e+02
2.660000000000e+03,1.032354326584e+08,8.573664289382e+04,1.252000731043e+06,5.859146124543e-01,3.535610425313e+02,1.013166134275e-04,1.104351086360e-02,0.000000000000e+00,0.000000000000e+00,6.513215418211e+01,0.000000000000e+00,0.000000000000e+00,0.000000000000e+00,0.000000000000e+00,6.464611745390e-04,7.046426802475e-02,2.655309279762e+02,2.624875183105e+02,0.000000000000e+00,1.173615517263e+00,0.000000000000e+00,5.544716001359e+04,1.090000000000e+02
2.661000000000e+03,1.032353686632e+08,8.580063810261e+04,1.257350713555e+06,5.881199493241e-01,3.537350817048e+02,9.216787075093e-05,1.004629791185e-02,0.000000000000e+00,0.000000000000e+00,6.399520878135e+01,0.000000000000e+00,0.000000000000e+00,0.000000000000e+00,0.000000000000e+00,9.742475243212e-04,1.061929801510e-01,2.655939491602e+02,2.624607849121e+02,0.000000000000e+00,1.173615517263e+00,0.000000000000e+00,5.544799418448e+04,1.090000000000e+02
2.662000000000e+03,1.032353056745e+08,8.586362677812e+04,1.261280482062e+06,5.891013205130e-01,3.542421973214e+02,1.177237257215e-04,1.283188610365e-02,0.000000000000e+00,0.000000000000e+00,6.298867551833e+01,0.000000000000e+00,0.000000000000e+00,0.000000000000e+00,0.000000000000e+00,7.636113886317e-04,8.323364136086e-02,2.656816988934e+02,2.630239257812e+02,0.000000000000e+00,1.172853269930e+00,0.000000000000e+00,5.544914222791e+04,1.090000000000e+02
2.663000000000e+03,1.032352434813e+08,8.592581998931e+04,1.264501305328e+06,5.899543490485e-01,3.546289683669e+02,1.335316944656e-04,1.455495469675e-02,0.000000000000e+00,0.000000000000e+00,6.219321118695e+01,0.000000000000e+00,0.000000000000e+00,0.000000000000e+00,0.000000000000e+00,6.638881887606e-04,7.236381257491e-02,2.657334873793e+02,2.627440795898e+02,0.000000000000e+00,1.172853269930e+00,0.000000000000e+00,5.544981582850e+04,1.090000000000e+02
2.664000000000e+03,1.032351820211e+08,8.598728015673e+04,1.267442517613e+06,5.905220960216e-01,3.551050888394e+02,1.226288301836e-04,1.336654249001e-02,0.000000000000e+00,0.000000000000e+00,6.146016741927e+01,0.000000000000e+00,0.000000000000e+00,0.000000000000e+00,0.000000000000e+00,6.051285144478e-04,6.595900807481e-02,2.658184464651e+02,2.635914916992e+02,0.000000000000e+00,1.172218962390e+00,0.000000000000e+00,5.545090763163e+04,1.090000000000e+02
2.665000000000e+03,1.032351212508e+08,8.604805045000e+04,1.271281037510e+06,5.918130166977e-01,3.553945421443e+02,1.340556063150e-04,1.461206108834e-02,0.000000000000e+00,0.000000000000e+00,6.077029326768e+01,0.000000000000e+00,0.000000000000e+00,0.000000000000e+00,0.000000000000e+00,7.637719650015e-04,8.325114418517e-02,2.659302442283e+02,2.643602294922e+02,0.000000000000e+00,1.171722133762e+00,0.000000000000e+00,5.545232102779e+04,1.090000000000e+02
2.666000000000e+03,1.032350610576e+08,8.610824365813e+04,1.275170949445e+06,5.929688079078e-01,3.557770121466e+02,1.547099852743e-04,1.686338839490e-02,0.000000000000e+00,0.000000000000e+00,6.019320812841e+01,0.000000000000e+00,0.000000000000e+00,0.000000000000e+00,0.000000000000e+00,7.922671858474e-04,8.635712325737e-02,2.660573674784e+02,2.653844299316e+02,0.000000000000e+00,1.171536948577e+00,0.000000000000e+00,5.545390011962e+04,1.090000000000e+02
2.667000000000e+03,1.032350012409e+08,8.616806034605e+04,1.278221769612e+06,5.936395308514e-01,3.562177691956e+02,1.663237430115e-04,1.812928798825e-02,0.000000000000e+00,0.000000000000e+00,5.981668792072e+01,0.000000000000e+00,0.000000000000e+00,0.000000000000e+00,0.000000000000e+00,6.666041668778e-04,7.265985418968e-02,2.661526715156e+02,2.653823852539e+02,0.000000000000e+00,1.170128077287e+00,0.000000000000e+00,5.545506625527e+04,1.090000000000e+02
2.668000000000e+03,1.032349416825e+08,8.622761882131e+04,1.281241813834e+06,5.944162147278e-01,3.565863890483e+02,1.912726739507e-04,2.084872146062e-02,0.000000000000e+00,0.000000000000e+00,5.955847525760e+01,0.000000000000e+00,0.000000000000e+00,0.000000000000e+00,0.000000000000e+00,6.870567395619e-04,7.488918461225e-02,2.662356869802e+02,2.653506774902e+02,0.000000000000e+00,1.169017140747e+00,0.000000000000e+00,5.545607120534e+04,1.090000000000e+02
2.669000000000e+03,1.032348823653e+08,8.628693596109e+04,1.284675488215e+06,5.955616078151e-01,3.568474481916e+02,1.863085198670e-04,2.030762866550e-02,0.000000000000e+00,0.000000000000e+00,5.931713978044e+01,0.000000000000e+00,0.000000000000e+00,0.000000000000e+00,0.000000000000e+00,7.502185368810e-04,8.177382052003e-02,2.663258624934e+02,2.656712951660e+02,0.000000000000e+00,1.168557894154e+00,0.000000000000e+00,5.545714981553e+04,1.090000000000e+02
2.670000000000e+03,1.032348232239e+08,8.634607736945e+04,1.289091561653e+06,5.972510247776e-01,3.570544728914e+02,1.980789998547e-04,2.159061098416e-02,0.000000000000e+00,0.000000000000e+00,5.914140836770e+01,0.000000000000e+00,0.000000000000e+00,0.000000000000e+00,0.000000000000e+00,9.245923889598e-04,1.007805703966e-01,2.664148246393e+02,2.658271179199e+02,0.000000000000e+00,1.167328164618e+00,0.000000000000e+00,5.545820036648e+04,1.090000000000e+02
2.671000000000e+03,1.032347641525e+08,8.640514873382e+04,1.292644125853e+06,5.981519954059e-01,3.574942787590e+02,2.099911586898e-04,2.288903629718e-02,0.000000000000e+00,0.000000000000e+00,5.907136436847e+01,0.000000000000e+00,0.000000000000e+00,0.000000000000e+00,0.000000000000e+00,7.947576965471e-04,8.662858892364e-02,2.664796370091e+02,2.656517944336e+02,0.000000000000e+00,1.166021320213e+00,0.000000000000e+00,5.545895845675e+04,1.090000000000e+02
2.672000000000e+03,1.032347051655e+08,8.646413581497e+04,1.295925644539e+06,5.991309575038e-01,3.578107319863e+02,2.518269286604e-04,2.744913522398e-02,0.000000000000e+00,0.000000000000e+00,5.898708115000e+01,0.000000000000e+00,0.000000000000e+00,0.000000000000e+00,0.000000000000e+00,7.913990786506e-04,8.626249957291e-02,2.665527076682e+02,2.660412597656e+02,0.000000000000e+00,1.165655124761e+00,0.000000000000e+00,5.545980502760e+04,1.090000000000e+02
2.673000000000e+03,1.032346463563e+08,8.652294497614e+04,1.300498044064e+06,6.010804432700e-01,3.579001551109e+02,3.229848183768e-04,3.520534520307e-02,0.000000000000e+00,0.000000000000e+00,5.880916117021e+01,0.000000000000e+00,0.000000000000e+00,0.000000000000e+00,0.000000000000e+00,1.074285546546e-03,1.170971245736e-01,2.666674264523e+02,2.670380859375e+02,0.000000000000e+00,1.164102022163e+00,0.000000000000e+00,5.546111352814e+04,1.090000000000e+02
2.674000000000e+03,1.032345876312e+08,8.658167010263e+04,1.306507857843e+06,6.037688185671e-01,3.579450114686e+02,3.242035679782e-04,3.533818890962e-02,0.000000000000e+00,0.000000000000e+00,5.872512649052e+01,0.000000000000e+00,0.000000000000e+00,0.000000000000e+00,0.000000000000e+00,1.313459946737e-03,1.431671341943e-01,2.667791228335e+02,2.674275207520e+02,0.000000000000e+00,1.161711264828e+00,0.000000000000e+00,5.546236526573e+04,1.090000000000e+02
2.675000000000e+03,1.032345288044e+08,8.664049688528e+04,1.312401815240e+06,6.060895294546e-01,3.581778061875e+02,2.512320018699e-04,2.738428820382e-02,0.000000000000e+00,0.000000000000e+00,5.882678264306e+01,0.000000000000e+00,0.000000000000e+00,0.000000000000e+00,0.000000000000e+00,1.223015482696e-03,1.333086876139e-01,2.668522261818e+02,2.674375915527e+02,0.000000000000e+00,1.159917303371e+00,0.000000000000e+00,5.546317371044e+04,1.090000000000e+02
2.676000000000e+03,1.032344698384e+08,8.669946286422e+04,1.317268695005e+06,6.077901524046e-01,3.584960636510e+02,2.271459167624e-04,2.475890492710e-02,0.000000000000e+00,0.000000000000e+00,5.896597894227e+01,0.000000000000e+00,0.000000000000e+00,0.000000000000e+00,0.000000000000e+00,1.029706007025e-03,1.122379547657e-01,2.669097628877e+02,2.670426025391e+02,0.000000000000e+00,1.159917303371e+00,0.000000000000e+00,5.546380536938e+04,1.090000000000e+02
2.677000000000e+03,1.032344106707e+08,8.675863060476e+04,1.320329778024e+06,6.084055939569e-01,3.589638301799e+02,2.565516209701e-04,2.796412668574e-02,0.000000000000e+00,0.000000000000e+00,5.916774054504e+01,0.000000000000e+00,0.000000000000e+00,0.000000000000e+00,0.000000000000e+00,7.617773456233e-04,8.303373067294e-02,2.669353982472e+02,2.664530639648e+02,0.000000000000e+00,1.159917303371e+00,0.000000000000e+00,5.546408719460e+04,1.090000000000e+02
2.678000000000e+03,1.032343514143e+08,8.681788695713e+04,1.323435260799e+06,6.093185783851e-01,3.592666232976e+02,2.679900887750e-04,2.921091967647e-02,0.000000000000e+00,0.000000000000e+00,5.925635237038e+01,0.000000000000e+00,0.000000000000e+00,0.000000000000e+00,0.000000000000e+00,7.802181656956e-04,8.504378006082e-02,2.669689268984e+02,2.665059814453e+02,0.000000000000e+00,1.159917303371e+00,0.000000000000e+00,5.546445443113e+04,1.090000000000e+02
2.679000000000e+03,1.032342921977e+08,8.687710360263e+04,1.328156411462e+06,6.113327359883e-01,3.593564799422e+02,2.972637647557e-04,3.240175035837e-02,0.000000000000e+00,0.000000000000e+00,5.921664549623e+01,0.000000000000e+00,0.000000000000e+00,0.000000000000e+00,0.000000000000e+00,1.075818775701e-03,1.172642465514e-01,2.670240470710e+02,2.668302612305e+02,0.000000000000e+00,1.159917303371e+00,0.000000000000e+00,5.546505126188e+04,1.090000000000e+02
2.680000000000e+03,1.032342331469e+08,8.693615441292e+04,1.331257781164e+06,6.119525117058e-01,3.598234276381e+02,3.493985264837e-04,3.808443938673e-02,0.000000000000e+00,0.000000000000e+00,5.905081028743e+01,0.000000000000e+00,0.000000000000e+00,0.000000000000e+00,0.000000000000e+00,8.578684768365e-04,9.350766397518e-02,2.671307677025e+02,2.678546447754e+02,0.000000000000e+00,1.159917303371e+00,0.000000000000e+00,5.546618847539e+04,1.090000000000e+02
2.681000000000e+03,1.032341741243e+08,8.699517695486e+04,1.333253411530e+06,6.120995948011e-01,3.602689280225e+02,3.327993908556e-04,3.627513360326e-02,0.000000000000e+00,0.000000000000e+00,5.902254194773e+01,0.000000000000e+00,0.000000000000e+00,0.000000000000e+00,0.000000000000e+00,6.584157126094e-04,7.176731267443e-02,2.672380851100e+02,2.686212768555e+02,0.000000000000e+00,1.159425150593e+00,0.000000000000e+00,5.546731189880e+04,1.090000000000e+02
2.682000000000e+03,1.032341151112e+08,8.705419008223e+04,1.335619954876e+06,6.127115616394e-01,3.605390263143e+02,3.903894838161e-04,4.255245373595e-02,0.000000000000e+00,0.000000000000e+00,5.901312736834e+01,0.000000000000e+00,0.000000000000e+00,0.000000000000e+00,0.000000000000e+00,7.763566074172e-04,8.462287020847e-02,2.673714604024e+02,2.694077758789e+02,0.000000000000e+00,1.157869206485e+00,0.000000000000e+00,5.546868204298e+04,1.090000000000e+02
2.683000000000e+03,1.032340559989e+08,8.711330235582e+04,1.337866101541e+06,6.130963552301e-01,3.609099647465e+02,4.075446488448e-04,4.442236672408e-02,0.000000000000e+00,0.000000000000e+00,5.911227359055e+01,0.000000000000e+00,0.000000000000e+00,0.000000000000e+00,0.000000000000e+00,7.737006049438e-04,8.433336593888e-02,2.675047084534e+02,2.699099731445e+02,0.000000000000e+00,1.157396738297e+00,0.000000000000e+00,5.547002204986e+04,1.090000000000e+02
2.684000000000e+03,1.032339967066e+08,8.717259472515e+04,1.340571231636e+06,6.139485927153e-01,3.611289607431e+02,4.569840281876e-04,4.981125907245e-02,0.000000000000e+00,0.000000000000e+00,5.929236932703e+01,0.000000000000e+00,0.000000000000e+00,0.000000000000e+00,0.000000000000e+00,8.990201223120e-04,9.799319333200e-02,2.676411380651e+02,2.703914794922e+02,0.000000000000e+00,1.156674815919e+00,0.000000000000e+00,5.547136522426e+04,1.090000000000e+02
2.685000000000e+03,1.032339370390e+08,8.723174497903e+04,1.345068543491e+06,6.151909983988e-01,3.616023564278e+02,4.849771843370e-04,5.286251309273e-02,0.000000000000e+00,5.172515989604e-01,5.966750547527e+01,0.000000000000e+00,0.000000000000e+00,0.000000000000e+00,0.000000000000e+00,1.224886502729e-03,1.335126287974e-01,2.677418897564e+02,2.702321166992e+02,0.000000000000e+00,1.155763680893e+00,5.172515989604e-01,5.547233821999e+04,1.090000000000e+02
2.686000000000e+03,1.032338765735e+08,8.728477744252e+04,1.349906939182e+06,6.172707451827e-01,3.616759288668e+02,4.851030717137e-04,5.287623481679e-02,0.000000000000e+00,7.432293215511e+00,6.046475670586e+01,0.000000000000e+00,0.000000000000e+00,0.000000000000e+00,0.000000000000e+00,1.282562469285e-03,1.397993091520e-01,2.678132753046e+02,2.700245056152e+02,0.000000000000e+00,1.155671088301e+00,7.432293215511e+00,5.547301892007e+04,1.090000000000e+02
2.687000000000e+03,1.032338154720e+08,8.733420150616e+04,1.353361409744e+06,6.184715262921e-01,3.618921510545e+02,4.833188198136e-04,5.268175135968e-02,0.000000000000e+00,1.167708947714e+01,6.110115312306e+01,0.000000000000e+00,0.000000000000e+00,0.000000000000e+00,0.000000000000e+00,1.051343422022e-03,1.145964330004e-01,2.678996607846e+02,2.705227355957e+02,0.000000000000e+00,1.155578495708e+00,1.167708947714e+01,5.547383347959e+04,1.090000000000e+02
2.688000000000e+03,1.032337538107e+08,8.738070755576e+04,1.356023687314e+06,6.191513989636e-01,3.622010704854e+02,4.901408022560e-04,5.342534744591e-02,0.000000000000e+00,1.515627593684e+01,6.166232553835e+01,0.000000000000e+00,0.000000000000e+00,0.000000000000e+00,0.000000000000e+00,9.274574669752e-04,1.010928639003e-01,2.679788897513e+02,2.704778747559e+02,0.000000000000e+00,1.153390439602e+00,1.515627593684e+01,5.547457007435e+04,1.090000000000e+02
2.689000000000e+03,1.032336916054e+08,8.742536003647e+04,1.358086904001e+06,6.195576401492e-01,3.625095255639e+02,5.099370775742e-04,5.558314145559e-02,0.000000000000e+00,1.755086411696e+01,6.220334482331e+01,0.000000000000e+00,0.000000000000e+00,0.000000000000e+00,0.000000000000e+00,8.481892845242e-04,9.245263201313e-02,2.680585725041e+02,2.707965087891e+02,0.000000000000e+00,1.152036294324e+00,1.755086411696e+01,5.547530161752e+04,1.090000000000e+02
2.690000000000e+03,1.032336289279e+08,8.746638772709e+04,1.359865856660e+06,6.197850335912e-01,3.628453136626e+02,5.751688994647e-04,6.269341004165e-02,0.000000000000e+00,2.164997177956e+01,6.267766240246e+01,0.000000000000e+00,0.000000000000e+00,0.000000000000e+00,0.000000000000e+00,8.657199620833e-04,9.436347586708e-02,2.681579534637e+02,2.715332641602e+02,0.000000000000e+00,1.151549461985e+00,2.164997177956e+01,5.547620059066e+04,1.090000000000e+02
2.691000000000e+03,1.032335656767e+08,8.750481209419e+04,1.361086748736e+06,6.198411947902e-01,3.631330838251e+02,6.557939393275e-04,7.148153938670e-02,0.000000000000e+00,2.482744184151e+01,6.325180893718e+01,0.000000000000e+00,0.000000000000e+00,0.000000000000e+00,0.000000000000e+00,8.545509035637e-04,9.314604848845e-02,2.682452125932e+02,2.717089233398e+02,0.000000000000e+00,1.149748894006e+00,2.482744184151e+01,5.547697696480e+04,1.090000000000e+02
2.692000000000e+03,1.032335019182e+08,8.753914411154e+04,1.361865866200e+06,6.196443954769e-01,3.634495549676e+02,6.927741672863e-04,7.551238423420e-02,0.000000000000e+00,2.942587183388e+01,6.375788918821e+01,0.000000000000e+00,0.000000000000e+00,0.000000000000e+00,0.000000000000e+00,8.174115127856e-04,8.909785489363e-02,2.683635718733e+02,2.724472961426e+02,0.000000000000e+00,1.146655344549e+00,2.942587183388e+01,5.547801256275e+04,1.090000000000e+02
2.693000000000e+03,1.032334375595e+08,8.756865960885e+04,1.362555203583e+06,6.193492306774e-01,3.638002205416e+02,6.614455426267e-04,7.209756414631e-02,0.000000000000e+00,3.484281122324e+01,6.435830852439e+01,0.000000000000e+00,0.000000000000e+00,0.000000000000e+00,0.000000000000e+00,7.713539743337e-04,8.407758320238e-02,2.684809629565e+02,2.728903503418e+02,0.000000000000e+00,1.146470159364e+00,3.484281122324e+01,5.547901797939e+04,1.090000000000e+02
2.694000000000e+03,1.032336924961e+08,8.766096788896e+04,1.363392701737e+06,6.191621923748e-01,3.641261140951e+02,6.640886493342e-04,7.238566277743e-02,0.000000000000e+00,4.981350253303e+01,-2.549366296099e+02,6.565622244696e-05,7.156528246718e-03,0.000000000000e+00,0.000000000000e+00,8.635054998901e-04,9.412209948802e-02,2.686224607129e+02,2.731107177734e+02,0.000000000000e+00,1.143006505160e+00,4.981350253303e+01,5.548018651383e+04,1.090000000000e+02
2.695000000000e+03,1.032457030993e+08,9.003468790378e+04,1.350812449775e+06,6.129360190312e-01,3.643922668402e+02,5.996991970489e-04,6.536721247833e-02,0.000000000000e+00,3.330346128858e+02,-1.201060260017e+04,2.433534519539e-03,2.652552626298e-01,0.000000000000e+00,0.000000000000e+00,9.292816234302e-04,1.012916969539e-01,2.694337834036e+02,2.735635070801e+02,0.000000000000e+00,1.015097326085e+00,3.330346128858e+02,5.548606324199e+04,1.090000000000e+02
2.696000000000e+03,1.032658926586e+08,9.608675124496e+04,1.323476668459e+06,5.996879065234e-01,3.648660418405e+02,4.847610746729e-04,5.283895713935e-02,0.000000000000e+00,1.241329309347e+03,-2.018955958018e+04,4.486830446372e-03,4.890645186545e-01,5.704259134480e-05,6.217642456583e-03,4.282139052316e-04,4.667531567024e-02,2.703946244194e+02,2.737495727539e+02,0.000000000000e+00,7.791767092318e-01,1.241329309347e+03,5.549203466425e+04,1.090000000000e+02
2.697000000000e+03,1.032978039647e+08,1.125457672639e+05,1.267369240960e+06,5.731541752974e-01,3.655175980258e+02,2.694421504723e-04,2.936919440148e-02,0.000000000000e+00,7.544765470096e+03,-3.191130692298e+04,9.038364914226e-03,9.851817756506e-01,2.050476412501e-04,2.235019289626e-02,0.000000000000e+00,0.000000000000e+00,2.721904845088e+02,2.749679870605e+02,0.000000000000e+00,3.930197806214e-01,7.544765470096e+03,5.550043634934e+04,1.090000000000e+02
2.698000000000e+03,1.033263779410e+08,1.353276593559e+05,1.181478923785e+06,5.333364869206e-01,3.661656085578e+02,5.741421058695e-05,6.258148953978e-03,0.000000000000e+00,4.869349861031e+04,-2.857397664596e+04,1.415104754017e-02,1.542464181878e+00,2.386650300565e-03,2.601448827615e-01,0.000000000000e+00,0.000000000000e+00,2.730496642890e+02,2.757260437012e+02,0.000000000000e+00,1.861111111113e-02,4.869349861031e+04,5.550345521542e+04,1.090000000000e+02
2.699000000000e+03,1.033316068729e+08,1.536616835502e+05,1.079735575394e+06,4.865912067413e-01,3.667799678343e+02,-5.914121715911e-05,-6.446392670343e-03,0.000000000000e+00,9.201881189480e+04,-5.228936049635e+03,1.687672439491e-02,1.839562959045e+00,2.228070878891e-03,2.428597257991e-01,0.000000000000e+00,0.000000000000e+00,2.730667157397e+02,2.760657348633e+02,0.000000000000e+00,1.944444444415e-03,9.201881189480e+04,5.550350196716e+04,1.090000000000e+02
2.700000000000e+03,1.033344241290e+08,1.694444967914e+05,9.695935370513e+05,4.362705869281e-01,3.673552873922e+02,-1.178949625210e-04,-1.285055091478e-02,0.000000000000e+00,9.315459257558e+04,-2.817255805907e+03,1.832350009359e-02,1.997261510202e+00,1.487091705597e-04,1.620929959101e-02,0.000000000000e+00,0.000000000000e+00,2.730598482369e+02,2.761352539063e+02,0.000000000000e+00,6.388888888865e-03,9.315459257558e+04,5.550348546782e+04,1.090000000000e+02
2.701000000000e+03,1.033364580634e+08,1.838791544203e+05,8.582349254435e+05,3.855760697004e-01,3.679159511009e+02,-1.238073441272e-04,-1.349500050986e-02,0.000000000000e+00,9.711778544866e+04,-2.033929431998e+03,1.853053043498e-02,2.019827817413e+00,2.444508803751e-04,2.664514596089e-02,0.000000000000e+00,0.000000000000e+00,2.730560825376e+02,2.759951782227e+02,0.000000000000e+00,9.444444444417e-03,9.711778544866e+04,5.550347609841e+04,1.090000000000e+02
2.702000000000e+03,1.033380323840e+08,1.972993265892e+05,7.404900809842e+05,3.321960908882e-01,3.684487985323e+02,-1.427451307723e-04,-1.555921925418e-02,0.000000000000e+00,1.045162423086e+05,-1.574317512503e+03,1.960508392262e-02,2.136954147566e+00,1.491522432068e-04,1.625759450955e-02,0.000000000000e+00,0.000000000000e+00,2.730545328394e+02,2.762627258301e+02,0.000000000000e+00,7.685185185171e-03,1.045162423086e+05,5.550347189922e+04,1.090000000000e+02
2.703000000000e+03,1.033392341581e+08,2.097356099356e+05,6.185467579766e+05,2.771111151775e-01,3.689528581077e+02,-1.520823446655e-04,-1.657697556853e-02,0.000000000000e+00,1.095684334936e+05,-1.201774687714e+03,2.030839568515e-02,2.213615129682e+00,5.672404300776e-05,6.182920687846e-03,0.000000000000e+00,0.000000000000e+00,2.730519632717e+02,2.762880859375e+02,0.000000000000e+00,6.203703703692e-03,1.095684334936e+05,5.550346523291e+04,1.090000000000e+02
2.704000000000e+03,1.033401743220e+08,2.213930702022e+05,4.976905934974e+05,2.226921589025e-01,3.694082552893e+02,-1.666535213042e-04,-1.816523382216e-02,0.000000000000e+00,1.096158657513e+05,-9.401675283571e+02,2.014327532213e-02,2.195617010112e+00,5.771118377755e-05,6.290519031753e-03,0.000000000000e+00,0.000000000000e+00,2.730482232863e+02,2.766585998535e+02,0.000000000000e+00,4.351851851848e-03,1.096158657513e+05,5.550345561061e+04,1.090000000000e+02
2.705000000000e+03,1.033409660623e+08,2.186917862607e+05,3.619129556672e+05,1.618117806961e-01,3.696962490287e+02,-2.491166731733e-04,-2.715371737589e-02,0.000000000000e+00,4.676889522722e+05,-7.916967762702e+02,2.269230335080e-02,2.473461065238e+00,5.429752467932e-02,5.918430190046e+00,0.000000000000e+00,0.000000000000e+00,2.730692260036e+02,2.772521362305e+02,0.000000000000e+00,2.777777777786e-03,4.676889522722e+05,5.550351138414e+04,1.090000000000e+02
2.706000000000e+03,1.033415112938e+08,2.105690749749e+05,2.155224480308e+05,9.634950034183e-02,3.697366935715e+02,-2.851632842407e-04,-3.108279798224e-02,0.000000000000e+00,4.821023469690e+05,-5.452997849022e+02,2.448250326850e-02,2.668592856267e+00,5.395289659464e-02,5.880865728816e+00,0.000000000000e+00,0.000000000000e+00,2.730585806630e+02,2.768986206055e+02,0.000000000000e+00,3.703703703705e-03,4.821023469690e+05,5.550348485944e+04,1.090000000000e+02
2.707000000000e+03,1.033419698959e+08,2.198215393013e+05,7.051129938715e+04,3.157406216787e-02,3.691155650311e+02,-2.749014811301e-04,-2.996426144319e-02,0.000000000000e+00,1.373384099485e+05,-4.586044269375e+02,2.424414354294e-02,2.642611646180e+00,6.203882150201e-05,6.762231543719e-03,0.000000000000e+00,0.000000000000e+00,2.730572470508e+02,2.771823425293e+02,0.000000000000e+00,3.148148148156e-03,1.373384099485e+05,5.550348183830e+04,1.090000000000e+02
2.708000000000e+03,1.033433798270e+08,1.000810288979e+05,2.950238485101e+03,1.332029488124e-03,3.660737953675e+02,-3.610749249434e-04,-3.935716681883e-02,3.548168680429e-03,1.882790240449e+05,-1.212999756250e+03,1.130235132724e-02,1.231956294669e+00,3.352174479794e-05,3.653870182976e-03,0.000000000000e+00,0.000000000000e+00,2.741121145080e+02,2.772532348633e+02,2.499999999997e-03,8.055555555593e-03,1.882790240449e+05,5.550457969177e+04,1.090000000000e+02
2.709000000000e+03,1.033432749391e+08,5.895502681524e+04,2.121281650781e+01,9.678889492219e-06,3.624357435631e+02,5.308143024507e-04,5.785875896713e-02,-6.465816037546e-02,4.505382477164e+04,-3.483949893559e+03,4.889110857469e-04,5.329130834641e-02,6.785702288626e-04,7.396415494602e-02,0.000000000000e+00,0.000000000000e+00,2.781921307488e+02,2.775728149414e+02,3.092592592590e-02,6.259259259256e-02,4.505382477164e+04,5.550154339348e+04,1.090000000000e+02
2.710000000000e+03,1.033368232484e+08,3.926045175876e+04,5.879244395480e-01,2.703401463489e-07,3.603134949766e+02,1.008481729169e-03,1.099245084794e-01,-1.146756375621e-01,2.429793286964e+04,8.699926124651e+01,3.444402368408e-06,3.754398581565e-04,6.995230150121e-04,7.624800863632e-02,0.000000000000e+00,0.000000000000e+00,2.792835699017e+02,2.781106567383e+02,4.861111111107e-02,9.111111111106e-02,2.429793286964e+04,5.549838706041e+04,1.090000000000e+02
2.711000000000e+03,1.033268078419e+08,2.328383707904e+04,4.229502906874e-01,1.937166469855e-07,3.607206858622e+02,1.094610052132e-03,1.193124956824e-01,-1.236320482286e-01,2.007843118132e+04,3.154017550822e+03,2.768800266692e-08,3.017992290694e-06,1.169789921011e-04,1.275071013902e-02,0.000000000000e+00,0.000000000000e+00,2.802592702650e+02,2.785783386230e+02,6.574074074068e-02,1.253703703703e-01,2.007843118132e+04,5.549499679243e+04,1.090000000000e+02
2.712000000000e+03,1.033172927820e+08,1.255249317830e+04,4.187810115304e-01,1.914165385572e-07,3.612848969434e+02,1.110160791306e-03,1.210075262523e-01,-1.240910328473e-01,1.409645379418e+04,2.628507531434e+03,6.939385828109e-10,7.563930552639e-08,9.343639534084e-05,1.018456709215e-02,0.000000000000e+00,0.000000000000e+00,2.807393443090e+02,2.790574340820e+02,8.203703703696e-02,1.567592592592e-01,1.409645379418e+04,5.549333488719e+04,1.090000000000e+02
2.713000000000e+03,1.033079290878e+08,5.814773316828e+03,4.184350749965e-01,1.909122447032e-07,3.618838049252e+02,1.126145817270e-03,1.227498940825e-01,-1.246117259391e-01,9.392373189308e+03,2.448520306898e+03,5.390070794595e-11,5.875177166108e-09,1.694981881863e-05,1.847530251230e-03,0.000000000000e+00,0.000000000000e+00,2.814999108923e+02,2.794629516602e+02,9.611111111103e-02,1.869444444444e-01,9.392373189308e+03,5.549013053698e+04,1.090000000000e+02
2.714000000000e+03,1.032987007622e+08,1.897955224716e+03,4.184027634157e-01,1.905571849443e-07,3.602559423555e+02,1.107474710527e-03,1.207147434474e-01,-1.217346447571e-01,6.641464290334e+03,2.473069704351e+03,3.997562019725e-12,4.357342601500e-10,3.219106107693e-05,3.508825657386e-03,0.000000000000e+00,0.000000000000e+00,2.817778453950e+02,2.796016235352e+02,1.068518518518e-01,2.158333333333e-01,6.641464290334e+03,5.548905601800e+04,1.090000000000e+02
2.715000000000e+03,1.032906292609e+08,1.594103576786e+01,4.184162268893e-01,1.902108890432e-07,3.609126807533e+02,1.016218286889e-03,1.107677932709e-01,-1.112252425754e-01,4.502045413212e+03,1.899416020019e+03,0.000000000000e+00,0.000000000000e+00,1.149077206142e-04,1.252494154694e-02,0.000000000000e+00,0.000000000000e+00,2.814741915370e+02,2.791690673828e+02,1.208333333333e-01,2.410185185185e-01,4.502045413212e+03,5.549073135205e+04,1.090000000000e+02
2.716000000000e+03,1.032884249161e+08,1.496530581564e+01,4.184039456776e-01,1.898676219914e-07,3.615660243493e+02,9.880599333064e-04,1.076985327304e-01,-1.076624151475e-01,1.778216802670e+03,-3.770033786586e+03,0.000000000000e+00,0.000000000000e+00,9.174507414387e-04,1.000021308168e-01,0.000000000000e+00,0.000000000000e+00,2.818329377081e+02,2.793969116211e+02,1.319444444444e-01,2.520370370370e-01,1.778216802670e+03,5.548905554915e+04,1.090000000000e+02
2.717000000000e+03,1.032912234116e+08,1.560705500593e+01,4.183935618606e-01,1.895273369948e-07,3.622160141515e+02,1.051086522302e-03,1.145684309309e-01,-1.145198021618e-01,1.833538609016e+03,-9.153227474770e+03,0.000000000000e+00,0.000000000000e+00,1.817045414294e-03,1.980579501580e-01,0.000000000000e+00,0.000000000000e+00,2.821171896857e+02,2.798356933594e+02,1.423148148148e-01,2.514814814815e-01,1.833538609016e+03,5.548766753400e+04,1.090000000000e+02
2.718000000000e+03,1.033281817335e+08,2.993379339698e+01,4.183579993446e-01,1.891899871703e-07,3.628626903927e+02,1.231133660630e-03,1.341935690086e-01,-1.341161685516e-01,3.382381777454e+03,-4.440004306177e+04,0.000000000000e+00,0.000000000000e+00,7.903806292165e-03,8.615148858460e-01,0.000000000000e+00,0.000000000000e+00,2.830277779600e+02,2.808309326172e+02,1.532407407407e-01,1.819444444444e-01,3.382381777454e+03,5.548294785142e+04,1.090000000000e+02
2.719000000000e+03,1.033542975219e+08,3.005232068931e+01,4.183476093906e-01,1.888555277580e-07,3.635060925502e+02,1.594468332928e-03,1.737970482892e-01,-1.736786753117e-01,6.481025127331e+03,-3.575225588206e+04,0.000000000000e+00,0.000000000000e+00,6.984524380539e-03,7.613131574787e-01,0.000000000000e+00,0.000000000000e+00,2.832862705553e+02,2.810282287598e+02,1.649074074074e-01,1.390740740740e-01,6.481025127331e+03,5.548153999086e+04,1.090000000000e+02
2.720000000000e+03,1.033912142622e+08,7.294112180616e+02,4.183631869027e-01,1.885239151849e-07,3.641462593651e+02,1.735683228475e-03,1.891894719037e-01,-1.889228394555e-01,8.662487164633e+03,-4.739896386529e+04,0.000000000000e+00,0.000000000000e+00,9.388078375297e-03,1.023300542907e+00,0.000000000000e+00,0.000000000000e+00,2.829095101308e+02,2.809876098633e+02,1.761111111111e-01,6.203703703706e-02,8.662487164633e+03,5.548357896982e+04,1.090000000000e+02
2.721000000000e+03,1.034044188718e+08,4.686101432284e+02,4.183517097808e-01,1.881951068825e-07,3.647832288610e+02,2.123593883508e-03,2.314717333024e-01,-2.248183808699e-01,3.650922768729e+04,-2.567861391164e+04,0.000000000000e+00,0.000000000000e+00,1.030078371476e-02,1.122785424908e+00,0.000000000000e+00,0.000000000000e+00,2.831975698876e+02,2.814077453613e+02,1.847222222222e-01,3.870370370372e-02,3.650922768729e+04,5.548202666415e+04,1.090000000000e+02
2.722000000000e+03,1.033932522556e+08,3.589882131638e+01,4.183539842719e-01,1.878690598205e-07,3.654170383618e+02,1.997704329948e-03,2.177497719644e-01,-2.173574204237e-01,1.010637026101e+04,-8.932135493193e+02,0.000000000000e+00,0.000000000000e+00,1.750840154297e-03,1.908415768184e-01,0.000000000000e+00,0.000000000000e+00,2.831405376107e+02,2.810485839844e+02,1.930555555555e-01,8.546296296293e-02,1.010637026101e+04,5.548233838933e+04,1.090000000000e+02
2.723000000000e+03,1.033787782650e+08,2.919155908172e+01,4.183369418089e-01,1.875457326828e-07,3.660477245094e+02,1.821371079837e-03,1.985294477022e-01,-1.984013390187e-01,6.485470461075e+03,3.466090374980e+03,0.000000000000e+00,0.000000000000e+00,4.992928027521e-04,5.442291549998e-02,0.000000000000e+00,0.000000000000e+00,2.835464966490e+02,2.814255371094e+02,2.006481481481e-01,1.218518518518e-01,6.485470461075e+03,5.548009492399e+04,1.090000000000e+02
2.724000000000e+03,1.033653703839e+08,2.380023666121e+01,4.183337248472e-01,1.872250850177e-07,3.666753232807e+02,1.679734954730e-03,1.830911100655e-01,-1.829822917490e-01,4.555954979892e+03,3.255722249214e+03,0.000000000000e+00,0.000000000000e+00,2.150662467116e-04,2.344222089156e-02,0.000000000000e+00,0.000000000000e+00,2.836203309081e+02,2.815067443848e+02,2.092592592592e-01,1.543518518518e-01,4.555954979892e+03,5.547968023111e+04,1.090000000000e+02
2.725000000000e+03,1.033527564656e+08,2.016293772135e+01,4.183047473314e-01,1.869070772596e-07,3.672998700035e+02,1.552316641498e-03,1.692025139232e-01,-1.691098450622e-01,3.318387674186e+03,3.231772870951e+03,0.000000000000e+00,0.000000000000e+00,1.452180618671e-05,1.582876874351e-03,0.000000000000e+00,0.000000000000e+00,2.842837024682e+02,2.821379394531e+02,2.193518518518e-01,1.842592592593e-01,3.318387674186e+03,5.547585376846e+04,1.090000000000e+02
2.726000000000e+03,1.033417142636e+08,1.765277143582e+01,4.182970322505e-01,1.865916706313e-07,3.679213993730e+02,1.411984916720e-03,1.539063559224e-01,-1.538278096886e-01,2.572031356277e+03,2.508263862815e+03,0.000000000000e+00,0.000000000000e+00,1.080435460633e-05,1.177674652090e-03,0.000000000000e+00,0.000000000000e+00,2.844553981912e+02,2.824451293945e+02,2.292592592592e-01,2.109259259259e-01,2.572031356277e+03,5.547483781241e+04,1.090000000000e+02
2.727000000000e+03,1.033482917022e+08,2.276939795835e+01,4.182986029311e-01,1.862788273663e-07,3.685399454668e+02,1.303454927571e-03,1.420765871052e-01,-1.419987001875e-01,2.837653036485e+03,-1.445506427899e+04,0.000000000000e+00,0.000000000000e+00,2.861349222575e-03,3.118870652607e-01,0.000000000000e+00,0.000000000000e+00,2.844208722256e+02,2.823237609863e+02,2.391666666666e-01,2.044444444444e-01,2.837653036485e+03,5.547504309800e+04,1.090000000000e+02
2.728000000000e+03,1.033542920833e+08,2.151500650019e+01,4.183053592575e-01,1.859685094399e-07,3.691555417598e+02,1.315226105997e-03,1.433596455537e-01,-1.432738829024e-01,3.630724391949e+03,-1.394883054737e+04,0.000000000000e+00,0.000000000000e+00,2.907779754059e-03,3.169479931924e-01,0.000000000000e+00,0.000000000000e+00,2.842701280844e+02,2.824651489258e+02,2.449074074074e-01,1.976851851852e-01,3.630724391949e+03,5.547593422835e+04,1.090000000000e+02
2.729000000000e+03,1.033491519644e+08,2.002782286238e+01,4.183013190898e-01,1.856606818603e-07,3.697682211389e+02,1.319287335607e-03,1.438023195812e-01,-1.437220935700e-01,3.008132357504e+03,-2.833207732635e+03,0.000000000000e+00,0.000000000000e+00,9.664666717627e-04,1.053448672221e-01,0.000000000000e+00,0.000000000000e+00,2.843597246037e+02,2.821457519531e+02,2.499074074074e-01,2.128703703704e-01,3.008132357504e+03,5.547540537424e+04,1.090000000000e+02
2.730000000000e+03,1.033494384761e+08,2.073985584201e+01,4.182856967437e-01,1.853553084797e-07,3.703780159170e+02,1.384734732978e-03,1.509360858946e-01,-1.508503180751e-01,2.954025882281e+03,-8.655096338389e+03,0.000000000000e+00,0.000000000000e+00,1.920778571001e-03,2.093648642391e-01,0.000000000000e+00,0.000000000000e+00,2.847047347116e+02,2.825447692871e+02,2.598148148148e-01,2.174074074074e-01,2.954025882281e+03,5.547334273703e+04,1.090000000000e+02
2.731000000000e+03,1.033454695960e+08,1.831205336015e+01,4.182636707902e-01,1.850523538118e-07,3.709849578461e+02,1.408437622150e-03,1.535197008144e-01,-1.534332707614e-01,2.833164646990e+03,-4.542636812518e+03,0.000000000000e+00,0.000000000000e+00,1.220196285010e-03,1.330013950661e-01,0.000000000000e+00,0.000000000000e+00,2.851821236904e+02,2.828715820313e+02,2.696296296296e-01,2.303703703703e-01,2.833164646990e+03,5.547042654776e+04,1.090000000000e+02
2.732000000000e+03,1.033362788464e+08,1.617751408024e+01,4.182829052189e-01,1.847517847173e-07,3.715890781315e+02,1.333963257845e-03,1.454019951051e-01,-1.453263607835e-01,2.203509074656e+03,1.128983484860e+03,0.000000000000e+00,0.000000000000e+00,1.780140487334e-04,1.940353131194e-02,0.000000000000e+00,0.000000000000e+00,2.847653312975e+02,2.822342224121e+02,2.751851851852e-01,2.521296296296e-01,2.203509074656e+03,5.547297739439e+04,1.090000000000e+02
2.733000000000e+03,1.033280975484e+08,1.483300348659e+01,4.183049336844e-01,1.844535672168e-07,3.721904074434e+02,1.190455799816e-03,1.297596821799e-01,-1.296953881691e-01,1.858607723288e+03,9.862989360524e+02,0.000000000000e+00,0.000000000000e+00,1.445982535015e-04,1.576120963166e-02,0.000000000000e+00,0.000000000000e+00,2.842769434462e+02,2.820247192383e+02,2.800925925926e-01,2.713888888889e-01,1.858607723288e+03,5.547589497705e+04,1.090000000000e+02
2.734000000000e+03,1.033213609823e+08,1.429602663318e+01,4.182653992311e-01,1.841583030978e-07,3.727889759303e+02,1.136620717956e-03,1.238916582572e-01,-1.238325306306e-01,1.676824090736e+03,-1.330289369710e+02,0.000000000000e+00,0.000000000000e+00,2.997419392982e-04,3.267187138351e-02,0.000000000000e+00,0.000000000000e+00,2.851731303960e+02,2.832162170410e+02,2.900000000000e-01,2.862962962963e-01,1.676824090736e+03,5.547048245380e+04,1.090000000000e+02
2.735000000000e+03,1.033144210560e+08,1.314939574201e+01,4.182288898623e-01,1.838646900812e-07,3.733848132307e+02,1.169795556076e-03,1.275077156123e-01,-1.274484438174e-01,1.529885584038e+03,-1.296166666283e+02,0.000000000000e+00,0.000000000000e+00,2.747918893720e-04,2.995231594155e-02,0.000000000000e+00,0.000000000000e+00,2.859419475294e+02,2.837638244629e+02,2.962037037037e-01,3.022222222222e-01,1.529885584038e+03,5.546565047533e+04,1.090000000000e+02
2.736000000000e+03,1.033082627882e+08,1.285602561629e+01,4.182289704742e-01,1.835733322105e-07,3.739779484846e+02,1.139948998765e-03,1.242544408654e-01,-1.241979309858e-01,1.384183624519e+03,-7.306898426221e+02,0.000000000000e+00,0.000000000000e+00,3.502443144792e-04,3.817663027824e-02,0.000000000000e+00,0.000000000000e+00,2.859400117999e+02,2.838768920898e+02,3.002777777777e-01,3.175925925926e-01,1.384183624519e+03,5.546566294806e+04,1.090000000000e+02
2.737000000000e+03,1.033020201842e+08,1.179154663024e+01,4.182462377041e-01,1.832841986975e-07,3.745684103452e+02,1.094215313521e-03,1.192694691738e-01,-1.192155981768e-01,1.280176974281e+03,-3.701305345705e+02,0.000000000000e+00,0.000000000000e+00,2.732509725196e-04,2.978435600464e-02,0.000000000000e+00,0.000000000000e+00,2.855790368360e+02,2.833965148926e+02,3.101851851851e-01,3.310185185185e-01,1.280176974281e+03,5.546795124828e+04,1.090000000000e+02
2.738000000000e+03,1.032949472540e+08,1.099163819689e+01,4.182532968092e-01,1.829972591913e-07,3.751562269899e+02,1.073852860075e-03,1.170499617481e-01,-1.169996084172e-01,1.108219869997e+03,5.829375680834e+02,0.000000000000e+00,0.000000000000e+00,8.717944177061e-05,9.502559152996e-03,0.000000000000e+00,0.000000000000e+00,2.854288819781e+02,2.832008056641e+02,3.185185185185e-01,3.459259259259e-01,1.108219869997e+03,5.546889287631e+04,1.090000000000e+02
2.739000000000e+03,1.032893337954e+08,1.093805247973e+01,4.182387175866e-01,1.827124840281e-07,3.757414261309e+02,1.071424564110e-03,1.167852774880e-01,-1.167362936826e-01,1.042743808491e+03,-8.618659628574e+02,0.000000000000e+00,0.000000000000e+00,3.154302572050e-04,3.438189803535e-02,0.000000000000e+00,0.000000000000e+00,2.857344478642e+02,2.836847839355e+02,3.207407407407e-01,3.581481481481e-01,1.042743808491e+03,5.546696969156e+04,1.090000000000e+02
2.740000000000e+03,1.032851210392e+08,1.090501642696e+01,4.182421784942e-01,1.824298414972e-07,3.763240350256e+02,1.037264887574e-03,1.130618727456e-01,-1.130137055974e-01,1.044536860184e+03,-2.055997915944e+03,0.000000000000e+00,0.000000000000e+00,5.132372195670e-04,5.594285693280e-02,0.000000000000e+00,0.000000000000e+00,2.856623112688e+02,2.836751708984e+02,3.315740740740e-01,3.678703703703e-01,1.044536860184e+03,5.546742606889e+04,1.090000000000e+02
2.741000000000e+03,1.032799456327e+08,1.004350805145e+01,4.182496857227e-01,1.821493082266e-07,3.769040804869e+02,1.013243380509e-03,1.104435284755e-01,-1.103977019561e-01,9.753883878762e+02,-9.483185089112e+02,0.000000000000e+00,0.000000000000e+00,3.184288798753e-04,3.470874790641e-02,0.000000000000e+00,0.000000000000e+00,2.855033552116e+02,2.835539245605e+02,3.421296296295e-01,3.790740740740e-01,9.753883878762e+02,5.546842619476e+04,1.090000000000e+02
2.742000000000e+03,1.032734566265e+08,9.190399709473e+00,4.182422442028e-01,1.818708532776e-07,3.774815888930e+02,1.004713927850e-03,1.095138181356e-01,-1.094712446710e-01,8.377099186339e+02,4.166755270213e+02,0.000000000000e+00,0.000000000000e+00,6.986010188096e-05,7.614751105024e-03,0.000000000000e+00,0.000000000000e+00,2.856596335970e+02,2.836198730469e+02,3.564814814814e-01,3.929629629629e-01,8.377099186339e+02,5.546744273167e+04,1.090000000000e+02
2.743000000000e+03,1.032763849143e+08,1.324164175261e+01,4.182565799462e-01,1.815944499179e-07,3.780565861967e+02,9.586857050310e-04,1.044967418484e-01,-1.044495280772e-01,1.067478423927e+03,-8.722105611839e+03,0.000000000000e+00,0.000000000000e+00,1.620238606775e-03,1.766060081385e-01,0.000000000000e+00,0.000000000000e+00,2.853581760945e+02,2.832793273926e+02,3.686111111110e-01,3.914814814815e-01,1.067478423927e+03,5.546933425327e+04,1.090000000000e+02
2.744000000000e+03,1.032782055487e+08,1.130667571243e+01,4.182530988852e-01,1.813200705874e-07,3.786290979354e+02,9.254676842467e-04,1.008759775829e-01,-1.008248478287e-01,1.348226797493e+03,-7.413462028808e+03,0.000000000000e+00,0.000000000000e+00,1.449262251113e-03,1.579695853714e-01,0.000000000000e+00,0.000000000000e+00,2.854325539885e+02,2.832844848633e+02,3.797222222221e-01,3.920370370370e-01,1.348226797493e+03,5.546887000969e+04,1.090000000000e+02
2.745000000000e+03,1.032722696238e+08,1.014960667546e+01,4.182640455247e-01,1.810476890284e-07,3.791991492391e+02,8.866699855683e-04,9.664702842695e-02,-9.660577612076e-02,9.820022584895e+02,5.770872526222e+02,0.000000000000e+00,0.000000000000e+00,6.713524925637e-05,7.317742168944e-03,0.000000000000e+00,0.000000000000e+00,2.852004576052e+02,2.829555969238e+02,3.912037037036e-01,4.043518518518e-01,9.820022584895e+02,5.547031409070e+04,1.090000000000e+02
2.746000000000e+03,1.032669226199e+08,9.597384160107e+00,4.182899977584e-01,1.807772793143e-07,3.797667648403e+02,8.229551903745e-04,8.970211575082e-02,-8.966556746156e-02,8.743639011271e+02,3.729340868112e+02,0.000000000000e+00,0.000000000000e+00,8.315552343873e-05,9.063952054821e-03,0.000000000000e+00,0.000000000000e+00,2.846380618219e+02,2.824926147461e+02,4.005555555555e-01,4.152777777778e-01,8.743639011271e+02,5.547374600495e+04,1.090000000000e+02
2.747000000000e+03,1.032615297468e+08,9.012216683637e+00,4.182665739053e-01,1.805088160644e-07,3.803319690817e+02,8.210283989280e-04,8.949209548315e-02,-8.945682309301e-02,7.944424303983e+02,4.303821203109e+02,0.000000000000e+00,0.000000000000e+00,6.041763117692e-05,6.585521798284e-03,0.000000000000e+00,0.000000000000e+00,2.851454609663e+02,2.827685852051e+02,4.099074074074e-01,4.263888888889e-01,7.944424303983e+02,5.547065378393e+04,1.090000000000e+02
2.748000000000e+03,1.032577974731e+08,9.478969538369e+00,4.182382956365e-01,1.802422743867e-07,3.808947859251e+02,8.638647720051e-04,9.416126014855e-02,-9.412414854802e-02,7.803143829393e+02,-1.488828829383e+03,0.000000000000e+00,0.000000000000e+00,3.757053472665e-04,4.095188285205e-02,0.000000000000e+00,0.000000000000e+00,2.857423448330e+02,2.836785278320e+02,4.196296296296e-01,4.349074074074e-01,7.803143829393e+02,5.546691976167e+04,1.090000000000e+02
2.749000000000e+03,1.032585481117e+08,1.099257471655e+01,4.182224099702e-01,1.799776293129e-07,3.814552389591e+02,9.116062915278e-04,9.936508577653e-02,-9.932191977641e-02,9.365802531166e+02,-6.259781048182e+03,0.000000000000e+00,0.000000000000e+00,1.190937795602e-03,1.298122197206e-01,0.000000000000e+00,0.000000000000e+00,2.860707678309e+02,2.839899291992e+02,4.292592592592e-01,4.362962962963e-01,9.365802531166e+02,5.546482554310e+04,1.090000000000e+02
2.750000000000e+03,1.032570399690e+08,9.661473601281e+00,4.182316001401e-01,1.797148571509e-07,3.820133514073e+02,9.001195196329e-04,9.811302763999e-02,-9.807039266326e-02,9.758798258811e+02,-3.931538447754e+03,0.000000000000e+00,0.000000000000e+00,8.118663495153e-04,8.849343209717e-02,0.000000000000e+00,0.000000000000e+00,2.858820340126e+02,2.839898071289e+02,4.394444444444e-01,4.410185185185e-01,9.758798258811e+02,5.546603240733e+04,1.090000000000e+02
2.751000000000e+03,1.032515930042e+08,8.662263898564e+00,4.182302300205e-01,1.794539340681e-07,3.825691461357e+02,8.483335647205e-04,9.246835855454e-02,-9.243327766864e-02,7.608296778050e+02,3.199141655699e+02,0.000000000000e+00,0.000000000000e+00,7.306423189485e-05,7.964001276539e-03,0.000000000000e+00,0.000000000000e+00,2.859102321044e+02,2.841086730957e+02,4.491666666666e-01,4.525925925926e-01,7.608296778050e+02,5.546585267166e+04,1.090000000000e+02
2.752000000000e+03,1.032465382444e+08,8.206528765284e+00,4.182480144775e-01,1.791948369372e-07,3.831226456604e+02,8.235099987061e-04,8.976258985896e-02,-8.972956239826e-02,6.682894197358e+02,7.757844491297e+01,0.000000000000e+00,0.000000000000e+00,9.791180770706e-05,1.067238704007e-02,0.000000000000e+00,0.000000000000e+00,2.855390115336e+02,2.834442443848e+02,4.587037037036e-01,4.623148148148e-01,6.682894197358e+02,5.546820278223e+04,1.090000000000e+02
2.753000000000e+03,1.032423741570e+08,8.122183034707e+00,4.182757268089e-01,1.789375429489e-07,3.836738721548e+02,7.811192876007e-04,8.514200234847e-02,-8.511059056277e-02,6.375061380665e+02,-5.571316412612e+02,0.000000000000e+00,0.000000000000e+00,1.978404767425e-04,2.156461196493e-02,0.000000000000e+00,0.000000000000e+00,2.849471863959e+02,2.832254028320e+02,4.666666666666e-01,4.712962962963e-01,6.375061380665e+02,5.547187132306e+04,1.090000000000e+02
2.754000000000e+03,1.032417687745e+08,9.636900500328e+00,4.182872041194e-01,1.786820327768e-07,3.842228474567e+02,7.395914750641e-04,8.061547078198e-02,-8.058301674692e-02,7.337540939472e+02,-3.864881248365e+03,0.000000000000e+00,0.000000000000e+00,7.610730592832e-04,8.295696346187e-02,0.000000000000e+00,0.000000000000e+00,2.846975200022e+02,2.828412170410e+02,4.735185185184e-01,4.754629629629e-01,7.337540939472e+02,5.547338744567e+04,1.090000000000e+02
2.755000000000e+03,1.032399509982e+08,8.492365448629e+00,4.183049346780e-01,1.784282783874e-07,3.847695930751e+02,7.122210806097e-04,7.763209778646e-02,-7.759956147396e-02,7.821103474894e+02,-2.487131566745e+03,0.000000000000e+00,0.000000000000e+00,5.407619238910e-04,5.894304970412e-02,0.000000000000e+00,0.000000000000e+00,2.843044814231e+02,2.824974670410e+02,4.830555555555e-01,4.804629629629e-01,7.821103474894e+02,5.547573255441e+04,1.090000000000e+02
2.756000000000e+03,1.032353900919e+08,7.882088437910e+00,4.183159142140e-01,1.781762612221e-07,3.853141301970e+02,6.788954814135e-04,7.399960747407e-02,-7.397156740243e-02,6.312774022418e+02,4.571309786448e+02,0.000000000000e+00,0.000000000000e+00,2.894332257118e-05,3.154822160259e-03,0.000000000000e+00,0.000000000000e+00,2.840569392764e+02,2.821470336914e+02,4.926851851851e-01,4.893518518518e-01,6.312774022418e+02,5.547718204190e+04,1.090000000000e+02
2.757000000000e+03,1.032310253505e+08,7.615524400329e+00,4.183147147450e-01,1.779259599093e-07,3.858564796939e+02,6.443348567892e-04,7.023249939002e-02,-7.020684881830e-02,5.836721773625e+02,4.697836519183e+02,0.000000000000e+00,0.000000000000e+00,1.901337331438e-05,2.072457691268e-03,0.000000000000e+00,0.000000000000e+00,2.840844301758e+02,2.823159179688e+02,5.020370370369e-01,4.983333333333e-01,5.836721773625e+02,5.547702226327e+04,1.090000000000e+02
2.758000000000e+03,1.032270986650e+08,7.500748527470e+00,4.183034337985e-01,1.776773538298e-07,3.863966621283e+02,6.551258052932e-04,7.140871277696e-02,-7.138336241001e-02,5.604930778666e+02,-3.348116590884e+01,0.000000000000e+00,0.000000000000e+00,9.842896657920e-05,1.072875735713e-02,0.000000000000e+00,0.000000000000e+00,2.843375352242e+02,2.824949340820e+02,5.089814814814e-01,5.062037037037e-01,5.604930778666e+02,5.547553722870e+04,1.090000000000e+02
2.759000000000e+03,1.032229129678e+08,6.955986618825e+00,4.182887802949e-01,1.774304220417e-07,3.869346977598e+02,6.819855966760e-04,7.433643003768e-02,-7.431060730852e-02,5.223169151603e+02,6.325379829415e+01,0.000000000000e+00,0.000000000000e+00,7.605146375341e-05,8.289609549122e-03,0.000000000000e+00,0.000000000000e+00,2.846618516335e+02,2.828835449219e+02,5.136111111110e-01,5.143518518518e-01,5.223169151603e+02,5.547360211911e+04,1.090000000000e+02
2.760000000000e+03,1.032211687023e+08,8.182527454636e+00,4.183253782618e-01,1.771851449086e-07,3.874706065513e+02,6.643046170478e-04,7.240920325821e-02,-7.238262791410e-02,5.568077808777e+02,-2.271330279629e+03,0.000000000000e+00,0.000000000000e+00,4.681289618013e-04,5.102605683634e-02,0.000000000000e+00,0.000000000000e+00,2.838391576297e+02,2.819721069336e+02,5.229629629629e-01,5.192592592593e-01,5.568077808777e+02,5.547843819477e+04,1.090000000000e+02
2.761000000000e+03,1.032288912443e+08,1.229336064066e+01,4.183337055395e-01,1.769415025678e-07,3.880044081746e+02,6.344128998352e-04,6.915100608203e-02,-6.911779596284e-02,9.344237405513e+02,-1.155720482819e+04,0.000000000000e+00,0.000000000000e+00,2.066653788036e-03,2.252652628960e-01,0.000000000000e+00,0.000000000000e+00,2.836447908540e+02,2.819758911133e+02,5.323148148148e-01,5.105555555556e-01,9.344237405513e+02,5.547954369933e+04,1.090000000000e+02
2.762000000000e+03,1.032340241327e+08,1.042664925572e+01,4.183197071428e-01,1.766994754982e-07,3.885361220165e+02,6.587241041136e-04,7.180092734838e-02,-7.176210025112e-02,1.178319590393e+03,-9.114231471854e+03,0.000000000000e+00,0.000000000000e+00,1.702073994970e-03,1.855260654518e-01,0.000000000000e+00,0.000000000000e+00,2.839684180848e+02,2.819118041992e+02,5.373148148148e-01,5.049074074074e-01,1.178319590393e+03,5.547769409683e+04,1.090000000000e+02
2.763000000000e+03,1.032345622863e+08,1.089346022928e+01,4.183234812806e-01,1.764590445979e-07,3.890657671843e+02,6.663176936176e-04,7.262862860432e-02,-7.259278964931e-02,9.659393371871e+02,-4.565537985668e+03,0.000000000000e+00,0.000000000000e+00,9.151268356211e-04,9.974882508270e-02,0.000000000000e+00,0.000000000000e+00,2.838825080628e+02,2.818783264160e+02,5.436111111111e-01,5.059259259259e-01,9.659393371871e+02,5.547818924445e+04,1.090000000000e+02
2.764000000000e+03,1.032336433333e+08,9.479617186643e+00,4.183347151363e-01,1.762201911787e-07,3.895933625112e+02,6.239062710464e-04,6.800578354406e-02,-6.797254057426e-02,9.494456692019e+02,-2.852168886685e+03,0.000000000000e+00,0.000000000000e+00,6.287206427888e-04,6.853055006398e-02,0.000000000000e+00,0.000000000000e+00,2.836225229352e+02,2.820270385742e+02,5.526851851851e-01,5.100925925926e-01,9.494456692019e+02,5.547966984842e+04,1.090000000000e+02
2.765000000000e+03,1.032311865032e+08,9.619003281660e+00,4.183534541794e-01,1.759828968119e-07,3.901189265616e+02,5.740903040046e-04,6.257584313650e-02,-6.254831299375e-02,8.143922570304e+02,-1.013475557527e+03,0.000000000000e+00,0.000000000000e+00,3.025210320222e-04,3.297479249042e-02,0.000000000000e+00,0.000000000000e+00,2.831763573263e+02,2.817007446289e+02,5.602777777777e-01,5.156574074074e-01,8.143922570304e+02,5.548214666483e+04,1.090000000000e+02
2.766000000000e+03,1.032301191200e+08,9.639439255282e+00,4.183494832359e-01,1.757471426596e-07,3.906424776366e+02,5.556042037332e-04,6.056085820692e-02,-6.053403268077e-02,8.490588218476e+02,-2.291220168659e+03,0.000000000000e+00,0.000000000000e+00,5.195080208605e-04,5.662637427379e-02,0.000000000000e+00,0.000000000000e+00,2.832715690744e+02,2.819637756348e+02,5.638888888888e-01,5.193611111111e-01,8.490588218476e+02,5.548162485744e+04,1.090000000000e+02
2.767000000000e+03,1.032273915280e+08,8.740652934634e+00,4.183473577659e-01,1.755129117784e-07,3.911640337788e+02,5.607906324713e-04,6.112617893937e-02,-6.109932397871e-02,7.810644506144e+02,-6.623514601420e+02,0.000000000000e+00,0.000000000000e+00,2.387696364655e-04,2.602589037474e-02,0.000000000000e+00,0.000000000000e+00,2.833231338997e+02,2.817910766602e+02,5.725925925925e-01,5.255837962963e-01,7.810644506144e+02,5.548134104242e+04,1.090000000000e+02
2.768000000000e+03,1.032235380759e+08,8.218392457103e+00,4.183647396519e-01,1.752801862696e-07,3.916836127771e+02,5.427469974047e-04,5.915942271712e-02,-5.913437610300e-02,6.740269428600e+02,5.724656030594e+02,0.000000000000e+00,0.000000000000e+00,1.692980031249e-05,1.845348234061e-03,0.000000000000e+00,0.000000000000e+00,2.829005041606e+02,2.815087585449e+02,5.767592592592e-01,5.328152777778e-01,6.740269428600e+02,5.548363582849e+04,1.090000000000e+02
2.769000000000e+03,1.032206763875e+08,8.443423812669e+00,4.183679475155e-01,1.750489488437e-07,3.922012321722e+02,5.201012733501e-04,5.669103879516e-02,-5.666750828034e-02,6.588901618457e+02,-2.824977155077e+02,0.000000000000e+00,0.000000000000e+00,1.559054188139e-04,1.699369065071e-02,0.000000000000e+00,0.000000000000e+00,2.828202077358e+02,2.814277343750e+02,5.836111111110e-01,5.388629861111e-01,6.588901618457e+02,5.548406263849e+04,1.090000000000e+02
2.770000000000e+03,1.032194106295e+08,8.889285777149e+00,4.183639791611e-01,1.748191827396e-07,3.927169092606e+02,5.213902300298e-04,5.683153507325e-02,-5.680735352381e-02,7.087616268775e+02,-1.886183713209e+03,0.000000000000e+00,0.000000000000e+00,4.293659334228e-04,4.680088674309e-02,0.000000000000e+00,0.000000000000e+00,2.829184410129e+02,2.813230285645e+02,5.918518518518e-01,5.424930787037e-01,7.087616268775e+02,5.548353968692e+04,1.090000000000e+02
2.771000000000e+03,1.034611755175e+08,2.336553197511e+03,4.183996863348e-01,1.745908707428e-07,3.932306610995e+02,6.799435820484e-04,7.411385044328e-02,-7.336187445142e-02,2.446181595586e+04,-2.458354792892e+05,0.000000000000e+00,0.000000000000e+00,4.508387721283e-02,4.914142616198e+00,0.000000000000e+00,0.000000000000e+00,2.819983256157e+02,2.810931091309e+02,5.945370370370e-01,1.414814814815e-01,2.446181595586e+04,5.548824530923e+04,1.090000000000e+02
2.772000000000e+03,1.035233675810e+08,1.245998318256e+03,4.184140404008e-01,1.743639966842e-07,3.937425045116e+02,1.336153307707e-03,1.456407105400e-01,-1.328827802074e-01,1.916016642355e+05,-6.956573973598e+04,0.000000000000e+00,0.000000000000e+00,4.311670626516e-02,4.699720982902e+00,0.000000000000e+00,0.000000000000e+00,2.816201484054e+02,2.810392150879e+02,6.033333333332e-01,1.907407407410e-02,1.916016642355e+05,5.549007639526e+04,1.090000000000e+02
2.773000000000e+03,1.035081790348e+08,3.702887745923e+01,4.184143871630e-01,1.741385444608e-07,3.942524560888e+02,1.196278918121e-03,1.303944020752e-01,-1.300825935443e-01,1.083978903176e+04,7.970192703081e+03,0.000000000000e+00,0.000000000000e+00,2.774070187202e-04,3.023736504050e-02,0.000000000000e+00,0.000000000000e+00,2.816084607085e+02,2.811347045898e+02,6.096296296295e-01,8.009259259256e-02,1.083978903176e+04,5.549013069560e+04,1.090000000000e+02
2.774000000000e+03,1.034951056306e+08,3.204126003434e+01,4.184003797266e-01,1.739144981184e-07,3.947605321971e+02,1.046127477467e-03,1.140278950439e-01,-1.139520470809e-01,7.220371721033e+03,6.750225984957e+03,0.000000000000e+00,0.000000000000e+00,7.759219785289e-05,8.457549565965e-03,0.000000000000e+00,0.000000000000e+00,2.819931483277e+02,2.814194335938e+02,6.137962962962e-01,1.107407407407e-01,7.220371721033e+03,5.548828396064e+04,1.090000000000e+02
2.775000000000e+03,1.034845357333e+08,2.846790761410e+01,4.184225690569e-01,1.736918420382e-07,3.952667489806e+02,9.657623845556e-04,1.052680999166e-01,-1.052013726056e-01,5.718206299967e+03,4.732244115146e+03,0.000000000000e+00,0.000000000000e+00,1.630245466877e-04,1.776967558896e-02,0.000000000000e+00,0.000000000000e+00,2.813715173985e+02,2.805650024414e+02,6.207407407406e-01,1.346296296296e-01,5.718206299967e+03,5.549122894124e+04,1.090000000000e+02
2.776000000000e+03,1.034911057528e+08,3.355822212801e+01,4.184278300884e-01,1.734705611795e-07,3.957711223655e+02,8.892884399166e-04,9.693243995091e-02,-9.686854026749e-02,5.794833834149e+03,-1.194545206288e+04,0.000000000000e+00,0.000000000000e+00,2.934382565058e-03,3.198476995913e-01,0.000000000000e+00,0.000000000000e+00,2.812174255907e+02,2.805459594727e+02,6.239814814814e-01,1.243518518518e-01,5.794833834149e+03,5.549192580099e+04,1.090000000000e+02
2.777000000000e+03,1.035030642786e+08,3.843476746146e+01,4.184361527892e-01,1.732506374068e-07,3.962736680641e+02,9.747672928355e-04,1.062496349191e-01,-1.061706075856e-01,8.032004706661e+03,-1.785024878396e+04,0.000000000000e+00,0.000000000000e+00,4.280518748790e-03,4.665765436181e-01,0.000000000000e+00,0.000000000000e+00,2.809675414611e+02,2.801643371582e+02,6.313888888888e-01,1.040740740740e-01,8.032004706661e+03,5.549302650228e+04,1.090000000000e+02
2.778000000000e+03,1.034977971844e+08,3.498072458683e+01,4.184296559994e-01,1.730320583110e-07,3.967744015788e+02,1.031017811977e-03,1.123809415055e-01,-1.122967164031e-01,8.277150795111e+03,-9.646032539249e+02,0.000000000000e+00,0.000000000000e+00,1.528081340236e-03,1.665608660857e-01,0.000000000000e+00,0.000000000000e+00,2.811624359261e+02,2.803503723145e+02,6.339814814814e-01,1.174074074074e-01,8.277150795111e+03,5.549216971438e+04,1.090000000000e+02
2.779000000000e+03,1.034862915776e+08,3.022686250910e+01,4.184446246477e-01,1.728148116416e-07,3.972733382058e+02,8.778497293197e-04,9.568562049585e-02,-9.561922452218e-02,6.487062761377e+03,6.199353901277e+03,0.000000000000e+00,0.000000000000e+00,4.738256064417e-05,5.164699110214e-03,0.000000000000e+00,0.000000000000e+00,2.807033708239e+02,2.799125366211e+02,6.400925925925e-01,1.410185185185e-01,6.487062761377e+03,5.549415413216e+04,1.090000000000e+02
2.780000000000e+03,1.034799139659e+08,2.864234597042e+01,4.184448000562e-01,1.725988806260e-07,3.977704930391e+02,7.418132684507e-04,8.085764626113e-02,-8.080403862559e-02,5.444628024376e+03,1.893422700934e+03,0.000000000000e+00,0.000000000000e+00,5.873110969937e-04,6.401690957232e-02,0.000000000000e+00,0.000000000000e+00,2.806970883014e+02,2.800462036133e+02,6.437037037036e-01,1.552777777778e-01,5.444628024376e+03,5.549418044696e+04,1.090000000000e+02
2.781000000000e+03,1.035417249453e+08,8.006355233827e+03,4.184693001088e-01,1.723842510135e-07,3.982658809738e+02,8.962508567206e-04,9.769134338255e-02,-9.188871191302e-02,1.293212234690e+05,-6.691045248934e+04,0.000000000000e+00,0.000000000000e+00,3.381183103326e-02,3.685489582626e+00,0.000000000000e+00,0.000000000000e+00,2.798750631743e+02,2.794725646973e+02,6.461111111110e-01,3.240740740742e-03,1.293212234690e+05,5.549740963666e+04,1.090000000000e+02
2.782000000000e+03,1.035420634544e+08,1.265938598208e+03,4.184769663370e-01,1.721709089105e-07,3.987595167096e+02,1.002962152863e-03,1.093228746621e-01,-9.898027977048e-02,1.985897145094e+05,-5.831731740470e+03,0.000000000000e+00,0.000000000000e+00,3.277342615890e-02,3.572303451320e+00,0.000000000000e+00,0.000000000000e+00,2.795923326247e+02,2.790285949707e+02,6.535185185185e-01,1.388888888890e-02,1.985897145094e+05,5.549841816869e+04,1.090000000000e+02
2.783000000000e+03,1.035302504740e+08,3.884361833307e+01,4.184838452116e-01,1.719588403855e-07,3.992514147548e+02,9.000087209899e-04,9.810095058790e-02,-9.781652877319e-02,1.101889345742e+04,6.384256390399e+03,0.000000000000e+00,0.000000000000e+00,5.658931071826e-04,6.168234868290e-02,0.000000000000e+00,0.000000000000e+00,2.793207634163e+02,2.787380981445e+02,6.542592592592e-01,6.185185185184e-02,1.101889345742e+04,5.549933496127e+04,1.090000000000e+02
2.784000000000e+03,1.035266608921e+08,3.896573909497e+01,4.184899029052e-01,1.717480319145e-07,3.997415894291e+02,8.531792424435e-04,9.299653742635e-02,-9.293007100397e-02,8.810842327410e+03,-1.568033573676e+03,0.000000000000e+00,0.000000000000e+00,1.716291832504e-03,1.870758097429e-01,0.000000000000e+00,0.000000000000e+00,2.790685553877e+02,2.783651733398e+02,6.574074074074e-01,7.185185185183e-02,8.810842327410e+03,5.550014065411e+04,1.090000000000e+02
2.785000000000e+03,1.035199937380e+08,3.617382580092e+01,4.184999299934e-01,1.715384701501e-07,4.002300548674e+02,7.947402465207e-04,8.662668687076e-02,-8.656420285764e-02,8.506658813064e+03,1.862751289376e+03,0.000000000000e+00,0.000000000000e+00,1.098353559691e-03,1.197205380063e-01,0.000000000000e+00,0.000000000000e+00,2.786167281749e+02,2.781217346191e+02,6.631481481481e-01,8.888888888886e-02,8.506658813064e+03,5.550147221266e+04,1.090000000000e+02
2.786000000000e+03,1.035094424438e+08,3.251017645301e+01,4.185068909449e-01,1.713301419148e-07,4.007168250227e+02,6.879384091064e-04,7.498528659259e-02,-7.493326202015e-02,7.131518489436e+03,6.392340189744e+03,0.000000000000e+00,0.000000000000e+00,1.220544667743e-04,1.330393687840e-02,0.000000000000e+00,0.000000000000e+00,2.782675855948e+02,2.777251586914e+02,6.640740740740e-01,1.123148148148e-01,7.131518489436e+03,5.550239736866e+04,1.090000000000e+02
2.787000000000e+03,1.035011762051e+08,3.032638726898e+01,4.184988604641e-01,1.711230342504e-07,4.012019136694e+02,6.811125912656e-04,7.424127244795e-02,-7.419200625633e-02,6.103230672952e+03,4.148431720279e+03,0.000000000000e+00,0.000000000000e+00,3.232128945554e-04,3.523020550654e-02,0.000000000000e+00,0.000000000000e+00,2.786648569364e+02,2.779897155762e+02,6.644444444444e-01,1.289814814814e-01,6.103230672952e+03,5.550133684441e+04,1.090000000000e+02
2.788000000000e+03,1.034947258341e+08,2.867698123958e+01,4.185078577349e-01,1.709171343759e-07,4.016853344065e+02,6.809140312573e-04,7.421962940705e-02,-7.417149122694e-02,5.510304647425e+03,2.333690990695e+03,0.000000000000e+00,0.000000000000e+00,5.252516349627e-04,5.725242821094e-02,0.000000000000e+00,0.000000000000e+00,2.782143799064e+02,2.776170043945e+02,6.657407407407e-01,1.426851851851e-01,5.510304647425e+03,5.550252963620e+04,1.090000000000e+02
2.789000000000e+03,1.034910762807e+08,2.829566815238e+01,4.185116903724e-01,1.707124297336e-07,4.021671006605e+02,6.286381469314e-04,6.852155801552e-02,-6.847758743657e-02,5.200728022353e+03,-1.511563243285e+02,0.000000000000e+00,0.000000000000e+00,8.849756483747e-04,9.646234567284e-02,0.000000000000e+00,0.000000000000e+00,2.780021293031e+02,2.773967285156e+02,6.713888888889e-01,1.495370370370e-01,5.200728022353e+03,5.550303777150e+04,1.090000000000e+02
2.790000000000e+03,1.034861986235e+08,2.686492578130e+01,4.185103751661e-01,1.705089071493e-07,4.026472256885e+02,5.785066804674e-04,6.305722817094e-02,-6.301738422887e-02,4.989225404283e+03,1.379996396445e+03,0.000000000000e+00,0.000000000000e+00,5.967117615520e-04,6.504158200917e-02,0.000000000000e+00,0.000000000000e+00,2.780763399907e+02,2.774201660156e+02,6.730555555555e-01,1.602777777778e-01,4.989225404283e+03,5.550286442296e+04,1.090000000000e+02
2.791000000000e+03,1.034793283909e+08,2.518481222163e+01,4.185132339854e-01,1.703065559663e-07,4.031257225808e+02,5.323664022160e-04,5.802793784155e-02,-5.799246278476e-02,4.441521554348e+03,3.651463336240e+03,0.000000000000e+00,0.000000000000e+00,1.306382928290e-04,1.423957391836e-02,0.000000000000e+00,0.000000000000e+00,2.779118652623e+02,2.773899841309e+02,6.741666666666e-01,1.740740740741e-01,4.441521554348e+03,5.550324365514e+04,1.090000000000e+02
2.792000000000e+03,1.034767890588e+08,2.562580106043e+01,4.185097869525e-01,1.701053745539e-07,4.036026042644e+02,5.043827102667e-04,5.497771541907e-02,-5.494399451506e-02,4.263676053163e+03,-5.102337853487e+02,0.000000000000e+00,0.000000000000e+00,7.894801220678e-04,8.605333330539e-02,0.000000000000e+00,0.000000000000e+00,2.781100319366e+02,2.776781311035e+02,6.742592592592e-01,1.789814814815e-01,4.263676053163e+03,5.550278443434e+04,1.090000000000e+02
2.793000000000e+03,1.034737509673e+08,2.428505482286e+01,4.185248291674e-01,1.699053392827e-07,4.040778835050e+02,4.855790334518e-04,5.292811464625e-02,-5.289467647131e-02,4.253888240168e+03,1.022279880038e+02,0.000000000000e+00,0.000000000000e+00,6.863233995286e-04,7.480925054862e-02,0.000000000000e+00,0.000000000000e+00,2.771156452480e+02,2.766098327637e+02,6.746296296296e-01,1.853703703704e-01,4.253888240168e+03,5.550477046497e+04,1.090000000000e+02
2.794000000000e+03,1.034769200156e+08,2.698124080499e+01,4.185272962544e-01,1.697064432083e-07,4.045515729103e+02,4.681610191269e-04,5.102955108483e-02,-5.099678621229e-02,4.251906836479e+03,-5.999623342575e+03,0.000000000000e+00,0.000000000000e+00,1.695201159082e-03,1.847769263400e-01,0.000000000000e+00,0.000000000000e+00,2.768997597538e+02,2.765415649414e+02,6.757407407407e-01,1.798148148148e-01,4.251906836479e+03,5.550509252485e+04,1.090000000000e+02
2.795000000000e+03,1.034807553047e+08,2.692045287951e+01,4.185285632842e-01,1.695086734114e-07,4.050236849323e+02,4.697141554424e-04,5.119884294322e-02,-5.116501077937e-02,4.924478100740e+03,-6.675219310904e+03,0.000000000000e+00,0.000000000000e+00,1.917585512379e-03,2.090168208493e-01,0.000000000000e+00,0.000000000000e+00,2.767802807647e+02,2.764434814453e+02,6.786111111111e-01,1.733333333333e-01,4.924478100740e+03,5.550525383792e+04,1.090000000000e+02
2.796000000000e+03,1.034754555475e+08,2.503412985252e+01,4.185335612262e-01,1.693119984868e-07,4.054942318701e+02,4.156669176312e-04,4.530769402180e-02,-4.527916375938e-02,4.433534122389e+03,2.786506012551e+03,0.000000000000e+00,0.000000000000e+00,2.721810358572e-04,2.966773290843e-02,0.000000000000e+00,0.000000000000e+00,2.761279900158e+02,2.759356079102e+02,6.794444444444e-01,1.837962962963e-01,4.433534122389e+03,5.550591363439e+04,1.090000000000e+02
2.797000000000e+03,1.034693510183e+08,2.341099219726e+01,4.185352591858e-01,1.691164246347e-07,4.059632258725e+02,4.026704342693e-04,4.389107733535e-02,-4.386372435626e-02,3.934262940668e+03,3.669826015724e+03,0.000000000000e+00,0.000000000000e+00,4.369009212317e-05,4.762220041426e-03,0.000000000000e+00,0.000000000000e+00,2.756952976170e+02,2.754302673340e+02,6.788888888888e-01,1.962037037037e-01,3.934262940668e+03,5.550613718854e+04,1.090000000000e+02
2.798000000000e+03,1.034633837965e+08,2.230260998627e+01,4.185336760512e-01,1.689219408697e-07,4.064306789403e+02,4.084705654557e-04,4.452329163467e-02,-4.449630122408e-02,3.579392999922e+03,3.497407918642e+03,0.000000000000e+00,0.000000000000e+00,1.361520410403e-05,1.484057247339e-03,0.000000000000e+00,0.000000000000e+00,2.761049028457e+02,2.757243041992e+02,6.765740740740e-01,2.076851851852e-01,3.579392999922e+03,5.550592949428e+04,1.090000000000e+02
2.799000000000e+03,1.034595256064e+08,2.207112641386e+01,4.185352286391e-01,1.687285361383e-07,4.068966029291e+02,3.852930044615e-04,4.199693748630e-02,-4.197212817461e-02,3.413030097455e+03,1.528483347894e+03,0.000000000000e+00,0.000000000000e+00,3.116762611923e-04,3.397271246996e-02,0.000000000000e+00,0.000000000000e+00,2.757077471384e+02,2.753952331543e+02,6.748148148148e-01,2.147222222222e-01,3.413030097455e+03,5.550613332873e+04,1.090000000000e+02
2.800000000000e+03,1.034557387686e+08,2.136092447659e+01,4.185342747105e-01,1.685361993388e-07,4.073610095510e+02,3.429349251395e-04,3.737990684020e-02,-3.735807737244e-02,3.325173230226e+03,1.713236196511e+03,0.000000000000e+00,0.000000000000e+00,2.665114019218e-04,2.904974280947e-02,0.000000000000e+00,0.000000000000e+00,2.759821578389e+02,2.759801940918e+02,6.745370370370e-01,2.216666666667e-01,3.325173230226e+03,5.550600849856e+04,1.090000000000e+02
2.801000000000e+03,1.034510160237e+08,2.069911173885e+01,4.185345159561e-01,1.683449213153e-07,4.078239103779e+02,3.479928537065e-04,3.793122105401e-02,-3.790896773906e-02,3.117331238339e+03,2.618568052330e+03,0.000000000000e+00,0.000000000000e+00,8.253271228470e-05,8.996065639032e-03,0.000000000000e+00,0.000000000000e+00,2.759249932812e+02,2.755638122559e+02,6.744444444444e-01,2.309259259259e-01,3.117331238339e+03,5.550604031070e+04,1.090000000000e+02
2.802000000000e+03,1.034463601839e+08,1.999026228289e+01,4.185356618897e-01,1.681546908695e-07,4.082853168430e+02,3.307849857121e-04,3.605556344262e-02,-3.603455790213e-02,2.951794871642e+03,2.655700070847e+03,0.000000000000e+00,0.000000000000e+00,4.901545449056e-05,5.342684539471e-03,0.000000000000e+00,0.000000000000e+00,2.753914171595e+02,2.752113037109e+02,6.743518518518e-01,2.391666666666e-01,2.951794871642e+03,5.550618948096e+04,1.090000000000e+02
2.803000000000e+03,1.034417966117e+08,1.947188589938e+01,4.185356314252e-01,1.679654977852e-07,4.087452402435e+02,3.014861717179e-04,3.286199271725e-02,-3.284301757750e-02,2.807528682371e+03,2.740581318238e+03,0.000000000000e+00,0.000000000000e+00,1.115376073183e-05,1.215759919769e-03,0.000000000000e+00,0.000000000000e+00,2.754575691925e+02,2.754689636230e+02,6.743518518518e-01,2.476851851852e-01,2.807528682371e+03,5.550618574905e+04,1.090000000000e+02
2.804000000000e+03,1.034487259231e+08,2.352766672888e+01,4.185353340024e-01,1.677773358447e-07,4.092036917425e+02,2.861524571965e-04,3.119061783441e-02,-3.117107212267e-02,3.165072230685e+03,-8.659498611661e+03,0.000000000000e+00,0.000000000000e+00,1.955268417798e-03,2.131242575400e-01,0.000000000000e+00,0.000000000000e+00,2.750560817072e+02,2.750495300293e+02,6.737962962963e-01,2.352777777778e-01,3.165072230685e+03,5.550614323692e+04,1.090000000000e+02
2.805000000000e+03,1.034562579233e+08,2.346139980205e+01,4.185330877666e-01,1.675901988841e-07,4.096606823714e+02,2.720802547724e-04,2.965674777019e-02,-2.963663138802e-02,3.928844471108e+03,-9.177015181602e+03,0.000000000000e+00,0.000000000000e+00,2.166374168619e-03,2.361347843795e-01,0.000000000000e+00,0.000000000000e+00,2.745232253438e+02,2.745464477539e+02,6.723148148148e-01,2.214814814815e-01,3.928844471108e+03,5.550583973266e+04,1.090000000000e+02
2.806000000000e+03,1.035324451401e+08,3.357412557071e+03,4.185273505643e-01,1.674040581386e-07,4.101162230320e+02,3.045838107403e-04,3.319963537069e-02,-3.282193176530e-02,2.052680643351e+04,-7.800901301859e+04,0.000000000000e+00,0.000000000000e+00,1.684119644499e-02,1.835690412504e+00,0.000000000000e+00,0.000000000000e+00,2.738780024636e+02,2.740815124512e+02,6.691666666666e-01,5.203703703710e-02,2.052680643351e+04,5.550507987184e+04,1.090000000000e+02
2.807000000000e+03,1.035461054298e+08,8.220218243945e+02,4.185284099019e-01,1.672189150679e-07,4.105703244984e+02,3.599020494286e-04,3.922932338771e-02,-3.686830963593e-02,8.421339976342e+04,-1.570666905040e+04,0.000000000000e+00,0.000000000000e+00,1.611815827389e-02,1.756879251854e+00,0.000000000000e+00,0.000000000000e+00,2.739747136308e+02,2.743074951172e+02,6.644444444444e-01,3.212962962966e-02,8.421339976342e+04,5.550522315671e+04,1.090000000000e+02
2.808000000000e+03,1.035353269342e+08,4.408484613152e+01,2.566410821322e+03,4.241941272121e-03,1.000000000000e+02,2.733238751810e-04,2.979230239473e-02,-3.234053032825e-02,9.889367404460e+03,8.983424772215e+03,1.539976285450e-05,1.678574151140e-03,6.418069752229e-06,6.995696029930e-04,4.154863757917e-04,4.528801496130e-02,2.740835835643e+02,2.743923034668e+02,6.570370370370e-01,7.333333333332e-02,9.889367404460e+03,5.550537062593e+04,1.090000000000e+02
2.809000000000e+03,1.035270326740e+08,3.474095533388e+01,9.297967584606e+03,1.536845205893e-02,1.000000000000e+02,-1.035349091111e-05,-1.128530509311e-03,-1.603116286241e-02,7.634791915392e+03,7.404447236422e+03,3.673153189018e-05,4.003736976030e-03,0.000000000000e+00,0.000000000000e+00,9.917513610349e-04,1.081008983528e-01,2.737728829904e+02,2.744028015137e+02,6.522222222222e-01,9.212962962960e-02,7.634791915392e+03,5.550491687733e+04,1.090000000000e+02
2.810000000000e+03,1.035201720242e+08,3.243644008470e+01,1.941799988331e+04,3.148144266876e-02,1.019022915587e+02,-2.984664435501e-04,-3.253284234696e-02,-1.375931135204e-03,6.891106215339e+03,6.784278704733e+03,1.732610240427e-05,1.888545162065e-03,0.000000000000e+00,0.000000000000e+00,1.378970718015e-03,1.503078082636e-01,2.732249838023e+02,2.738864746094e+02,2.629629629629e-02,1.064814814814e-01,6.891106215339e+03,5.550386110669e+04,1.090000000000e+02
2.811000000000e+03,1.035138556593e+08,3.303595418610e+01,3.101708716194e+04,4.596971788965e-02,1.113584366614e+02,-3.437563501546e-04,-3.746944216686e-02,-1.537384241707e-04,6.307232869288e+03,6.307832383380e+03,0.000000000000e+00,0.000000000000e+00,0.000000000000e+00,0.000000000000e+00,1.571995276248e-03,1.713474851110e-01,2.732140668158e+02,2.735253601074e+02,0.000000000000e+00,1.194444444444e-01,6.307232869288e+03,5.550383781795e+04,1.090000000000e+02
2.812000000000e+03,1.035079416837e+08,3.138354755020e+01,4.204246595582e+04,5.830620230406e-02,1.190649603132e+02,-3.668966902004e-04,-3.999173923185e-02,0.000000000000e+00,5.915627952744e+03,5.913975546124e+03,0.000000000000e+00,0.000000000000e+00,0.000000000000e+00,0.000000000000e+00,1.455504036928e-03,1.586499400252e-01,2.732159505482e+02,2.733212890625e+02,0.000000000000e+00,1.303703703703e-01,5.915627952744e+03,5.550384203766e+04,1.090000000000e+02
2.813000000000e+03,1.035023764146e+08,3.057894156516e+01,5.195940731513e+04,6.771198150667e-02,1.267595853649e+02,-3.735897617644e-04,-4.072128403232e-02,0.000000000000e+00,5.566075351149e+03,5.565270745175e+03,0.000000000000e+00,0.000000000000e+00,0.000000000000e+00,0.000000000000e+00,1.265597144548e-03,1.379500887557e-01,2.732131916009e+02,2.729063110352e+02,0.000000000000e+00,1.411111111111e-01,5.566075351149e+03,5.550383585764e+04,1.090000000000e+02
2.814000000000e+03,1.034971321622e+08,2.980712633936e+01,6.268354451537e+04,7.802452619806e-02,1.327379142694e+02,-3.681353780044e-04,-4.012675620248e-02,0.000000000000e+00,5.245024554852e+03,5.244252739621e+03,0.000000000000e+00,0.000000000000e+00,0.000000000000e+00,0.000000000000e+00,1.404474344164e-03,1.530877035139e-01,2.732105864964e+02,2.722380981445e+02,0.000000000000e+00,1.514814814814e-01,5.245024554852e+03,5.550383001380e+04,1.090000000000e+02
2.815000000000e+03,1.034921499824e+08,2.895510677143e+01,7.345644720227e+04,8.788302956544e-02,1.381165696339e+02,-3.621895113743e-04,-3.947865673979e-02,0.000000000000e+00,4.983032402443e+03,4.982180382881e+03,0.000000000000e+00,0.000000000000e+00,0.000000000000e+00,0.000000000000e+00,1.418478980538e-03,1.546142088787e-01,2.732088701741e+02,2.720433349609e+02,0.000000000000e+00,1.609259259259e-01,4.983032402443e+03,5.550382615879e+04,1.090000000000e+02
2.816000000000e+03,1.034874068325e+08,2.846174449136e+01,8.372275997977e+04,9.666206182327e-02,1.431331850122e+02,-3.561992465063e-04,-3.882571786919e-02,0.000000000000e+00,4.743643391134e+03,4.743150028862e+03,0.000000000000e+00,0.000000000000e+00,0.000000000000e+00,0.000000000000e+00,1.340737403510e-03,1.461403769826e-01,2.732046039654e+02,2.718146057129e+02,0.000000000000e+00,1.705555555555e-01,4.743643391134e+03,5.550381656367e+04,1.090000000000e+02
2.817000000000e+03,1.034828893167e+08,2.820610111298e+01,9.401600482957e+04,1.052396414749e-01,1.476375168103e+02,-3.651464003898e-04,-3.980095764249e-02,0.000000000000e+00,4.517771742360e+03,4.517516098981e+03,0.000000000000e+00,0.000000000000e+00,0.000000000000e+00,0.000000000000e+00,1.336243580424e-03,1.456505502662e-01,2.731989757813e+02,2.714259948730e+02,0.000000000000e+00,1.797222222222e-01,4.517771742360e+03,5.550380387437e+04,1.090000000000e+02
2.818000000000e+03,1.034785538845e+08,2.803714123903e+01,1.058671788512e+05,1.156019528279e-01,1.513512806009e+02,-3.673304572884e-04,-4.003901984444e-02,0.000000000000e+00,4.335601573266e+03,4.335432613391e+03,0.000000000000e+00,0.000000000000e+00,0.000000000000e+00,0.000000000000e+00,1.591574025561e-03,1.734815687861e-01,2.731932982567e+02,2.707429199219e+02,0.000000000000e+00,1.891666666666e-01,4.335601573266e+03,5.550379103784e+04,1.090000000000e+02
2.819000000000e+03,1.034743907848e+08,2.774469212297e+01,1.188180494892e+05,1.271343383079e-01,1.544619634406e+02,-3.563056900016e-04,-3.883732021018e-02,0.000000000000e+00,4.163392963017e+03,4.163100513906e+03,0.000000000000e+00,0.000000000000e+00,0.000000000000e+00,0.000000000000e+00,1.784342095762e-03,1.944932884381e-01,2.731896091450e+02,2.704045104980e+02,0.000000000000e+00,1.975925925926e-01,4.163392963017e+03,5.550378267776e+04,1.090000000000e+02
2.820000000000e+03,1.034703914879e+08,2.758710658987e+01,1.316903655847e+05,1.383007513873e-01,1.573767130037e+02,-3.580797947383e-04,-3.903069762648e-02,0.000000000000e+00,3.999454426266e+03,3.999296840724e+03,0.000000000000e+00,0.000000000000e+00,0.000000000000e+00,0.000000000000e+00,1.769609651166e-03,1.928874519771e-01,2.731861698941e+02,2.700735168457e+02,0.000000000000e+00,2.065740740741e-01,3.999454426266e+03,5.550377487072e+04,1.090000000000e+02
2.821000000000e+03,1.034665220033e+08,2.778611316371e+01,1.452901445983e+05,1.498819771248e-01,1.602155685902e+02,-3.593475291923e-04,-3.916888068196e-02,0.000000000000e+00,3.869285669236e+03,3.869484675819e+03,0.000000000000e+00,0.000000000000e+00,0.000000000000e+00,0.000000000000e+00,1.888587904434e-03,2.058560815833e-01,2.731808891251e+02,2.694647521973e+02,0.000000000000e+00,2.153703703704e-01,3.869285669236e+03,5.550376285756e+04,1.090000000000e+02
2.822000000000e+03,1.034627610192e+08,2.837441979466e+01,1.570247567440e+05,1.584999519920e-01,1.637427460837e+02,-3.460340687959e-04,-3.771771349875e-02,0.000000000000e+00,3.760395042902e+03,3.760983349540e+03,0.000000000000e+00,0.000000000000e+00,0.000000000000e+00,0.000000000000e+00,1.593605661945e-03,1.737030171520e-01,2.731737658777e+02,2.685157775879e+02,0.000000000000e+00,2.237962962963e-01,3.760395042902e+03,5.550374660313e+04,1.090000000000e+02
2.823000000000e+03,1.034591027024e+08,2.890670361569e+01,1.671270638546e+05,1.651154593071e-01,1.672961560709e+02,-3.256542068534e-04,-3.549630854702e-02,0.000000000000e+00,3.657785127782e+03,3.658317411618e+03,0.000000000000e+00,0.000000000000e+00,0.000000000000e+00,0.000000000000e+00,1.344180374861e-03,1.465156608598e-01,2.731678616127e+02,2.681567382813e+02,0.000000000000e+00,2.325000000000e-01,3.657785127782e+03,5.550373308663e+04,1.090000000000e+02
2.824000000000e+03,1.034555469400e+08,2.948416112061e+01,1.794870360732e+05,1.751434089852e-01,1.693828968747e+02,-3.171775216472e-04,-3.457234985955e-02,0.000000000000e+00,3.555185011877e+03,3.555762469383e+03,0.000000000000e+00,0.000000000000e+00,0.000000000000e+00,0.000000000000e+00,1.725830291564e-03,1.881155017805e-01,2.731620970195e+02,2.678457641602e+02,0.000000000000e+00,2.412037037037e-01,3.555185011877e+03,5.550371985213e+04,1.090000000000e+02
2.825000000000e+03,1.034520745867e+08,3.047607428643e+01,1.918315979346e+05,1.841646758860e-01,1.721657905296e+02,-3.123967552453e-04,-3.405124632174e-02,0.000000000000e+00,3.471360728897e+03,3.472352642080e+03,0.000000000000e+00,0.000000000000e+00,0.000000000000e+00,0.000000000000e+00,1.728068498717e-03,1.883594663602e-01,2.731547828593e+02,2.672311096191e+02,0.000000000000e+00,2.499074074074e-01,3.471360728897e+03,5.550370300718e+04,1.090000000000e+02
2.826000000000e+03,1.034486747248e+08,3.131779946350e+01,2.023362469191e+05,1.908951583742e-01,1.751918836783e+02,-3.056746835618e-04,-3.331854050823e-02,0.000000000000e+00,3.399020775446e+03,3.399862500629e+03,0.000000000000e+00,0.000000000000e+00,0.000000000000e+00,0.000000000000e+00,1.430665991859e-03,1.559425931126e-01,2.731493151899e+02,2.670113830566e+02,0.000000000000e+00,2.588888888889e-01,3.399020775446e+03,5.550369037567e+04,1.090000000000e+02
2.827000000000e+03,1.034453334360e+08,3.203888129957e+01,2.128291592961e+05,1.971512706447e-01,1.784302845294e+02,-3.017344769339e-04,-3.288905798580e-02,0.000000000000e+00,3.340567944653e+03,3.341289026500e+03,0.000000000000e+00,0.000000000000e+00,0.000000000000e+00,0.000000000000e+00,1.432661406375e-03,1.561600932949e-01,2.731450502094e+02,2.674907226562e+02,0.000000000000e+00,2.675925925926e-01,3.340567944653e+03,5.550368049915e+04,1.090000000000e+02
2.828000000000e+03,1.034420464811e+08,3.292889984309e+01,2.241393560322e+05,2.049529960605e-01,1.807600462640e+02,-3.072999457867e-04,-3.349569409075e-02,0.000000000000e+00,3.286065006060e+03,3.286955024600e+03,0.000000000000e+00,0.000000000000e+00,0.000000000000e+00,0.000000000000e+00,1.562137250753e-03,1.702729603321e-01,2.731404941512e+02,2.673902587891e+02,0.000000000000e+00,2.755555555555e-01,3.286065006060e+03,5.550366992566e+04,1.090000000000e+02
2.829000000000e+03,1.034388228861e+08,3.398803846838e+01,2.339451741162e+05,2.110884823079e-01,1.831848037484e+02,-2.931938038975e-04,-3.195812462483e-02,0.000000000000e+00,3.222534917035e+03,3.223594055648e+03,0.000000000000e+00,0.000000000000e+00,0.000000000000e+00,0.000000000000e+00,1.327637338821e-03,1.447124699315e-01,2.731355883871e+02,2.672338867188e+02,0.000000000000e+00,2.837962962963e-01,3.222534917035e+03,5.550365851426e+04,1.090000000000e+02
2.830000000000e+03,1.034356409267e+08,3.557643357922e+01,2.424316999364e+05,2.151313024976e-01,1.862630979730e+02,-2.973558143488e-04,-3.241178376402e-02,0.000000000000e+00,3.180370081109e+03,3.181958476217e+03,0.000000000000e+00,0.000000000000e+00,0.000000000000e+00,0.000000000000e+00,1.105409813285e-03,1.204896696480e-01,2.731292610063e+02,2.668755798340e+02,0.000000000000e+00,2.917592592592e-01,3.180370081109e+03,5.550364375671e+04,1.090000000000e+02
2.831000000000e+03,1.034325001279e+08,3.693875795364e+01,2.552237947820e+05,2.244440291237e-01,1.879555731455e+02,-3.090330851845e-04,-3.368460628512e-02,0.000000000000e+00,3.139436824394e+03,3.140799148761e+03,0.000000000000e+00,0.000000000000e+00,0.000000000000e+00,0.000000000000e+00,1.805407135591e-03,1.967893777794e-01,2.731244378251e+02,2.667943420410e+02,0.000000000000e+00,3.005555555555e-01,3.139436824394e+03,5.550363247706e+04,1.090000000000e+02
2.832000000000e+03,1.034294000874e+08,3.871041211792e+01,2.689407712069e+05,2.347623711045e-01,1.893525960628e+02,-3.208588516575e-04,-3.497361483067e-02,0.000000000000e+00,3.098269264442e+03,3.100040918614e+03,0.000000000000e+00,0.000000000000e+00,0.000000000000e+00,0.000000000000e+00,1.946460205977e-03,2.121641624515e-01,2.731184708123e+02,2.665367736816e+02,0.000000000000e+00,3.090740740741e-01,3.098269264442e+03,5.550361848657e+04,1.090000000000e+02
2.833000000000e+03,1.034263380130e+08,4.175326844630e+01,2.807230023514e+05,2.420927566569e-01,1.916638586328e+02,-2.975980398441e-04,-3.243818634301e-02,0.000000000000e+00,3.059032182209e+03,3.062075038543e+03,0.000000000000e+00,0.000000000000e+00,0.000000000000e+00,0.000000000000e+00,1.649928913756e-03,1.798422515995e-01,2.731100162992e+02,2.658544006348e+02,0.000000000000e+00,3.172222222222e-01,3.059032182209e+03,5.550359859566e+04,1.090000000000e+02
2.834000000000e+03,1.034233115876e+08,4.653986214910e+01,2.919486003840e+05,2.488224115926e-01,1.939374975046e+02,-2.845451846970e-04,-3.101542513197e-02,0.000000000000e+00,3.021639079835e+03,3.026425673539e+03,0.000000000000e+00,0.000000000000e+00,0.000000000000e+00,0.000000000000e+00,1.570981322706e-03,1.712369641749e-01,2.730989659065e+02,2.650914611816e+02,0.000000000000e+00,3.257407407407e-01,3.021639079835e+03,5.550357247637e+04,1.090000000000e+02
2.835000000000e+03,1.034203200269e+08,5.229178053197e+01,3.016449046517e+05,2.544168076040e-01,1.959728054042e+02,-2.730099445704e-04,-2.975808395818e-02,0.000000000000e+00,2.985808117796e+03,2.991560036178e+03,0.000000000000e+00,0.000000000000e+00,0.000000000000e+00,0.000000000000e+00,1.329735944219e-03,1.449412179199e-01,2.730887521860e+02,2.644819641113e+02,0.000000000000e+00,3.350925925926e-01,2.985808117796e+03,5.550354821206e+04,1.090000000000e+02
2.836000000000e+03,1.034173607423e+08,5.822038291580e+01,3.107021497612e+05,2.590977962187e-01,1.982105611007e+02,-2.538014647294e-04,-2.766435965550e-02,0.000000000000e+00,2.953355477387e+03,2.959284079770e+03,0.000000000000e+00,0.000000000000e+00,0.000000000000e+00,0.000000000000e+00,1.243311311953e-03,1.355209330029e-01,2.730801846893e+02,2.644597473145e+02,0.000000000000e+00,3.433333333333e-01,2.953355477387e+03,5.550352776751e+04,1.090000000000e+02
2.837000000000e+03,1.034144269592e+08,6.389464871252e+01,3.210317908703e+05,2.649238667672e-01,2.002966968941e+02,-2.633278122027e-04,-2.870273153009e-02,0.000000000000e+00,2.928109940234e+03,2.933784206033e+03,0.000000000000e+00,0.000000000000e+00,0.000000000000e+00,0.000000000000e+00,1.444099120954e-03,1.574068041840e-01,2.730733241007e+02,2.643859558105e+02,0.000000000000e+00,3.523148148148e-01,2.928109940234e+03,5.550351133602e+04,1.090000000000e+02
2.838000000000e+03,1.034115168559e+08,7.225539591808e+01,3.313212008215e+05,2.707808877253e-01,2.022454116021e+02,-2.657115745046e-04,-2.896256162100e-02,0.000000000000e+00,2.901742254221e+03,2.910103001426e+03,0.000000000000e+00,0.000000000000e+00,0.000000000000e+00,0.000000000000e+00,1.435078988942e-03,1.564236097947e-01,2.730614004555e+02,2.635574340820e+02,0.000000000000e+00,3.608333333333e-01,2.901742254221e+03,5.550348265312e+04,1.090000000000e+02
2.839000000000e+03,1.034086374184e+08,8.444508212305e+01,3.399073443875e+05,2.749456096036e-01,2.043439639231e+02,-2.464672237405e-04,-2.686492738772e-02,0.000000000000e+00,2.867247541563e+03,2.879437227780e+03,0.000000000000e+00,0.000000000000e+00,0.000000000000e+00,0.000000000000e+00,1.172791822843e-03,1.278343086899e-01,2.730480325662e+02,2.634318237305e+02,0.000000000000e+00,3.698148148148e-01,2.867247541563e+03,5.550345030442e+04,1.090000000000e+02
2.840000000000e+03,1.034057837742e+08,9.919250767812e+01,3.484240584059e+05,2.792058739755e-01,2.062681586399e+02,-2.316842370232e-04,-2.525358183552e-02,0.000000000000e+00,2.838898221419e+03,2.853645646977e+03,0.000000000000e+00,0.000000000000e+00,0.000000000000e+00,0.000000000000e+00,1.176099610207e-03,1.281948575125e-01,2.730350804939e+02,2.631764831543e+02,0.000000000000e+00,3.791666666667e-01,2.838898221419e+03,5.550341876755e+04,1.090000000000e+02
2.841000000000e+03,1.034029529949e+08,1.147488586525e+02,3.581348571882e+05,2.843790164117e-01,2.081604145678e+02,-2.255386353444e-04,-2.458371125254e-02,0.000000000000e+00,2.815223426622e+03,2.830779777599e+03,0.000000000000e+00,0.000000000000e+00,0.000000000000e+00,0.000000000000e+00,1.379599853788e-03,1.503763840629e-01,2.730249057676e+02,2.627090454102e+02,0.000000000000e+00,3.875925925926e-01,2.815223426622e+03,5.550339385867e+04,1.090000000000e+02
2.842000000000e+03,1.034001444799e+08,1.363081121453e+02,3.663453799334e+05,2.881927007383e-01,2.101152165251e+02,-2.119954841647e-04,-2.310750777395e-02,0.000000000000e+00,2.786955457946e+03,2.808514711438e+03,0.000000000000e+00,0.000000000000e+00,0.000000000000e+00,0.000000000000e+00,1.145170938702e-03,1.248236323185e-01,2.730037528036e+02,2.621520385742e+02,0.000000000000e+00,3.967592592593e-01,2.786955457946e+03,5.550334170009e+04,1.090000000000e+02
2.843000000000e+03,1.033973683956e+08,1.675577130108e+02,3.731895312094e+05,2.906888493519e-01,2.122030047863e+02,-1.941163432584e-04,-2.115868141517e-02,0.000000000000e+00,2.744835458888e+03,2.776085059756e+03,0.000000000000e+00,0.000000000000e+00,0.000000000000e+00,0.000000000000e+00,9.372361722379e-04,1.021587427739e-01,2.729800319257e+02,2.611498107910e+02,0.000000000000e+00,4.055555555555e-01,2.744835458888e+03,5.550328260563e+04,1.090000000000e+02
2.844000000000e+03,1.033946149234e+08,1.984621076726e+02,3.819691613544e+05,2.951293656449e-01,2.139275628279e+02,-2.100868515968e-04,-2.289946682405e-02,0.000000000000e+00,2.722567899684e+03,2.753472294345e+03,0.000000000000e+00,0.000000000000e+00,0.000000000000e+00,0.000000000000e+00,1.241155973192e-03,1.352860010780e-01,2.729699123440e+02,2.612925415039e+02,0.000000000000e+00,4.142592592592e-01,2.722567899684e+03,5.550325719727e+04,1.090000000000e+02
2.845000000000e+03,1.033918704818e+08,2.306430089258e+02,3.900527038195e+05,2.988608795774e-01,2.157275583618e+02,-2.185537706369e-04,-2.382236099942e-02,0.000000000000e+00,2.712261715682e+03,2.744442616938e+03,0.000000000000e+00,0.000000000000e+00,0.000000000000e+00,0.000000000000e+00,1.117652084947e-03,1.218240772593e-01,2.729526724082e+02,2.609349670410e+02,0.000000000000e+00,4.219444444444e-01,2.712261715682e+03,5.550321364366e+04,1.090000000000e+02
2.846000000000e+03,1.033891438091e+08,2.719866089694e+02,3.965859897038e+05,3.011821410087e-01,2.176507916594e+02,-1.965406884916e-04,-2.142293504558e-02,0.000000000000e+00,2.685329519348e+03,2.726673119397e+03,0.000000000000e+00,0.000000000000e+00,0.000000000000e+00,0.000000000000e+00,8.834478395389e-04,9.629581450974e-02,2.729265816508e+02,2.602474670410e+02,0.000000000000e+00,4.301018518518e-01,2.685329519348e+03,5.550314709108e+04,1.090000000000e+02
2.847000000000e+03,1.033864364905e+08,3.185958062288e+02,4.051174101888e+05,3.054172511675e-01,2.192502072914e+02,-1.882415914349e-04,-2.051833346640e-02,0.000000000000e+00,2.660709727847e+03,2.707318925110e+03,0.000000000000e+00,0.000000000000e+00,0.000000000000e+00,0.000000000000e+00,1.222008992464e-03,1.331989801785e-01,2.729068021065e+02,2.592016906738e+02,0.000000000000e+00,4.375282407407e-01,2.660709727847e+03,5.550309612334e+04,1.090000000000e+02
2.848000000000e+03,1.033837404463e+08,3.683386755701e+02,4.126294312130e+05,3.086663695952e-01,2.209653287634e+02,-1.821327946832e-04,-1.985247462047e-02,0.000000000000e+00,2.646302314335e+03,2.696045183681e+03,0.000000000000e+00,0.000000000000e+00,0.000000000000e+00,0.000000000000e+00,1.059625462958e-03,1.154991754624e-01,2.728859707039e+02,2.587669372559e+02,0.000000000000e+00,4.445745370370e-01,2.646302314335e+03,5.550304196212e+04,1.090000000000e+02
2.849000000000e+03,1.033810558795e+08,4.216134989700e+02,4.188372190471e+05,3.107423878659e-01,2.227914422964e+02,-1.823321499454e-04,-1.987420434404e-02,0.000000000000e+00,2.631292551032e+03,2.684567374434e+03,0.000000000000e+00,0.000000000000e+00,0.000000000000e+00,0.000000000000e+00,8.438374233333e-04,9.197827914333e-02,2.728688520013e+02,2.591825561523e+02,0.000000000000e+00,4.513819675926e-01,2.631292551032e+03,5.550299707831e+04,1.090000000000e+02
2.850000000000e+03,1.033783810662e+08,4.768367517579e+02,4.261625919314e+05,3.138953877517e-01,2.244112324597e+02,-1.889614628154e-04,-2.059679944687e-02,0.000000000000e+00,2.619591110424e+03,2.674814363215e+03,0.000000000000e+00,0.000000000000e+00,0.000000000000e+00,0.000000000000e+00,1.021937857952e-03,1.113912265168e-01,2.728528245408e+02,2.589403686523e+02,0.000000000000e+00,4.576875231481e-01,2.619591110424e+03,5.550295474966e+04,1.090000000000e+02
2.851000000000e+03,1.033757205026e+08,5.375008870975e+02,4.342675343291e+05,3.178089483124e-01,2.258635034048e+02,-1.855474232901e-04,-2.022466913862e-02,0.000000000000e+00,2.599899559903e+03,2.660563695243e+03,0.000000000000e+00,0.000000000000e+00,0.000000000000e+00,0.000000000000e+00,1.154231054831e-03,1.258111849765e-01,2.728291971576e+02,2.588750610352e+02,0.000000000000e+00,4.637751400463e-01,2.599899559903e+03,5.550289181110e+04,1.090000000000e+02
2.852000000000e+03,1.033736495832e+08,7.080791520969e+02,4.415674302335e+05,3.208943530792e-01,2.274523695908e+02,-1.745320617529e-04,-1.902399473107e-02,0.000000000000e+00,1.900342360576e+03,2.070920625575e+03,0.000000000000e+00,0.000000000000e+00,0.000000000000e+00,0.000000000000e+00,1.032206012854e-03,1.125104554010e-01,2.728023623294e+02,2.585750122070e+02,0.000000000000e+00,4.665397292245e-01,1.900342360576e+03,5.550281898886e+04,1.090000000000e+02
2.853000000000e+03,1.033715824868e+08,9.082953026749e+02,4.479904069895e+05,3.232537719231e-01,2.290767860082e+02,-1.728770871399e-04,-1.884360249825e-02,0.000000000000e+00,1.866877401317e+03,2.067093551896e+03,0.000000000000e+00,0.000000000000e+00,0.000000000000e+00,0.000000000000e+00,8.888658625433e-04,9.688637901722e-02,2.727857065911e+02,2.581688537598e+02,0.000000000000e+00,4.702199387153e-01,1.866877401317e+03,5.550277371239e+04,1.090000000000e+02
2.854000000000e+03,1.033693458860e+08,1.070767526012e+03,4.543918419383e+05,3.256385622578e-01,2.306485584178e+02,-1.873137669374e-04,-2.041720059618e-02,0.000000000000e+00,2.074130268897e+03,2.236602492236e+03,0.000000000000e+00,0.000000000000e+00,0.000000000000e+00,0.000000000000e+00,8.708099753155e-04,9.491828730939e-02,2.727866127897e+02,2.584033508301e+02,0.000000000000e+00,4.755475085677e-01,2.074130268897e+03,5.550277620419e+04,1.090000000000e+02
2.855000000000e+03,1.033670437824e+08,1.220862647640e+03,4.607473631107e+05,3.279839606201e-01,2.322023339390e+02,-1.983218868957e-04,-2.161708567163e-02,0.000000000000e+00,2.152010041131e+03,2.302105162760e+03,0.000000000000e+00,0.000000000000e+00,0.000000000000e+00,0.000000000000e+00,8.522465990931e-04,9.289487930115e-02,2.727778637396e+02,2.589501037598e+02,0.000000000000e+00,4.786721625029e-01,2.152010041131e+03,5.550275229180e+04,1.090000000000e+02
2.856000000000e+03,1.033647166236e+08,1.374910485149e+03,4.693876932280e+05,3.324097493335e-01,2.334074806110e+02,-1.908309638265e-04,-2.080057505709e-02,0.000000000000e+00,2.173112633529e+03,2.327160471040e+03,0.000000000000e+00,0.000000000000e+00,0.000000000000e+00,0.000000000000e+00,1.237441117314e-03,1.348810817872e-01,2.727590978629e+02,2.585108337402e+02,0.000000000000e+00,4.844869210331e-01,2.173112633529e+03,5.550270068242e+04,1.090000000000e+02
2.857000000000e+03,1.033625425939e+08,1.568405773340e+03,4.784703999442e+05,3.371595805692e-01,2.345721849738e+02,-1.868005200502e-04,-2.036125668547e-02,0.000000000000e+00,1.980535435106e+03,2.174030723297e+03,0.000000000000e+00,0.000000000000e+00,0.000000000000e+00,0.000000000000e+00,1.314533010325e-03,1.432840981255e-01,2.727581986416e+02,2.590639648438e+02,0.000000000000e+00,4.870145900725e-01,1.980535435106e+03,5.550269742511e+04,1.090000000000e+02
2.858000000000e+03,1.033606198147e+08,1.891281123554e+03,4.852817970733e+05,3.399082390866e-01,2.359879646810e+02,-1.804741430823e-04,-1.967168159597e-02,0.000000000000e+00,1.599901909627e+03,1.922777259839e+03,0.000000000000e+00,0.000000000000e+00,0.000000000000e+00,0.000000000000e+00,9.455114288905e-04,1.030607457491e-01,2.727341330389e+02,2.579129638672e+02,0.000000000000e+00,4.894918403516e-01,1.599901909627e+03,5.550263062782e+04,1.090000000000e+02
2.859000000000e+03,1.033585572553e+08,2.164139132511e+03,4.910005732533e+05,3.417245435367e-01,2.375000793863e+02,-1.593624626035e-04,-1.737050842378e-02,0.000000000000e+00,1.789702185376e+03,2.062560194333e+03,0.000000000000e+00,0.000000000000e+00,0.000000000000e+00,0.000000000000e+00,7.859814595703e-04,8.567197909316e-02,2.727198241683e+02,2.584201660156e+02,0.000000000000e+00,4.934718010576e-01,1.789702185376e+03,5.550259055888e+04,1.090000000000e+02
2.860000000000e+03,1.033564511299e+08,2.422862812359e+03,4.968271635399e+05,3.436637505651e-01,2.389625857026e+02,-1.453624184649e-04,-1.584450361267e-02,0.000000000000e+00,1.847402102536e+03,2.106125782384e+03,0.000000000000e+00,0.000000000000e+00,0.000000000000e+00,0.000000000000e+00,8.178019617368e-04,8.914041382931e-02,2.727062061827e+02,2.589536132812e+02,0.000000000000e+00,4.976747657025e-01,1.847402102536e+03,5.550255218597e+04,1.090000000000e+02
2.861000000000e+03,1.033543248744e+08,2.678688182710e+03,5.034247515454e+05,3.462779659702e-01,2.403080829663e+02,-1.608469832241e-04,-1.753232117143e-02,0.000000000000e+00,1.870430207612e+03,2.126255577960e+03,0.000000000000e+00,0.000000000000e+00,0.000000000000e+00,0.000000000000e+00,9.297613471681e-04,1.013439868413e-01,2.726925487543e+02,2.585171508789e+02,0.000000000000e+00,5.023751144901e-01,1.870430207612e+03,5.550251347002e+04,1.090000000000e+02
2.862000000000e+03,1.033523380235e+08,3.115329366811e+03,5.097374737598e+05,3.486614459958e-01,2.416583994481e+02,-1.619556009274e-04,-1.765316050109e-02,0.000000000000e+00,1.550209539995e+03,1.986850724096e+03,0.000000000000e+00,0.000000000000e+00,0.000000000000e+00,0.000000000000e+00,8.816150527513e-04,9.609604074989e-02,2.726695791920e+02,2.571536254883e+02,0.000000000000e+00,5.056735317523e-01,1.550209539995e+03,5.550244684927e+04,1.090000000000e+02
2.863000000000e+03,1.033503329045e+08,3.544792632946e+03,5.158495327899e+05,3.508964735560e-01,2.429988873437e+02,-1.342813971618e-04,-1.463667229064e-02,0.000000000000e+00,1.575654860467e+03,2.005118126603e+03,0.000000000000e+00,0.000000000000e+00,0.000000000000e+00,0.000000000000e+00,8.761999438608e-04,9.550579388082e-02,2.726286910338e+02,2.567618103027e+02,0.000000000000e+00,5.099134084090e-01,1.575654860467e+03,5.550232836266e+04,1.090000000000e+02
2.864000000000e+03,1.033483135480e+08,4.004788411913e+03,5.219602283179e+05,3.531515190364e-01,2.443082216674e+02,-1.201300388857e-04,-1.309417423854e-02,0.000000000000e+00,1.559359710335e+03,2.019355489300e+03,0.000000000000e+00,0.000000000000e+00,0.000000000000e+00,0.000000000000e+00,8.902321885283e-04,9.703530854959e-02,2.725663954173e+02,2.555773773193e+02,0.000000000000e+00,5.151560241498e-01,1.559359710335e+03,5.550214390788e+04,1.090000000000e+02
2.865000000000e+03,1.033463385422e+08,4.592735511354e+03,5.269941735628e+05,3.544957638456e-01,2.457294195000e+02,-1.138591736087e-04,-1.241064992335e-02,0.000000000000e+00,1.387057266189e+03,1.975004365630e+03,0.000000000000e+00,0.000000000000e+00,0.000000000000e+00,0.000000000000e+00,7.183573454499e-04,7.830095065404e-02,2.725420314360e+02,2.548891906738e+02,0.000000000000e+00,5.205462096165e-01,1.387057266189e+03,5.550206867535e+04,1.090000000000e+02
2.866000000000e+03,1.033444033682e+08,5.233654071288e+03,5.312272754443e+05,3.551950911514e-01,2.472158302561e+02,-1.131544221987e-04,-1.233383201966e-02,0.000000000000e+00,1.294257526293e+03,1.935176086221e+03,0.000000000000e+00,0.000000000000e+00,0.000000000000e+00,0.000000000000e+00,5.866504134539e-04,6.394489506648e-02,2.725241187511e+02,2.553917236328e+02,0.000000000000e+00,5.236645260350e-01,1.294257526293e+03,5.550201423177e+04,1.090000000000e+02
2.867000000000e+03,1.033424486234e+08,5.800127355062e+03,5.352786870401e+05,3.557985571250e-01,2.486787003979e+02,-1.087156053934e-04,-1.185000098788e-02,0.000000000000e+00,1.388271981160e+03,1.954745264930e+03,0.000000000000e+00,0.000000000000e+00,0.000000000000e+00,0.000000000000e+00,5.609514441286e-04,6.114370741002e-02,2.725280138261e+02,2.556392517090e+02,0.000000000000e+00,5.294393777363e-01,1.388271981160e+03,5.550202613650e+04,1.090000000000e+02
2.868000000000e+03,1.033405205150e+08,6.395988128776e+03,5.398277511769e+05,3.568290343371e-01,2.500677129649e+02,-9.319102179576e-05,-1.015782137574e-02,0.000000000000e+00,1.332248762286e+03,1.928109535995e+03,0.000000000000e+00,0.000000000000e+00,0.000000000000e+00,0.000000000000e+00,6.587161648690e-04,7.180006197072e-02,2.725397234514e+02,2.564550170898e+02,0.000000000000e+00,5.325967851437e-01,1.332248762286e+03,5.550205996713e+04,1.090000000000e+02
2.869000000000e+03,1.033386544666e+08,7.090113901141e+03,5.455792570959e+05,3.588991960825e-01,2.512743177633e+02,-1.121175389456e-04,-1.222081174507e-02,0.000000000000e+00,1.171919859882e+03,1.866045632247e+03,0.000000000000e+00,0.000000000000e+00,0.000000000000e+00,0.000000000000e+00,8.386074736493e-04,9.140821462777e-02,2.725357135500e+02,2.569036560059e+02,0.000000000000e+00,5.374417819671e-01,1.171919859882e+03,5.550204795181e+04,1.090000000000e+02
2.870000000000e+03,1.033367697060e+08,7.744237582998e+03,5.524196629230e+05,3.618770530099e-01,2.523315730938e+02,-1.475368112774e-04,-1.608151242924e-02,0.000000000000e+00,1.230639388948e+03,1.884763070801e+03,0.000000000000e+00,0.000000000000e+00,0.000000000000e+00,0.000000000000e+00,9.833144861524e-04,1.071812789906e-01,2.725052480704e+02,2.563990478516e+02,0.000000000000e+00,5.415521105120e-01,1.230639388948e+03,5.550195462506e+04,1.090000000000e+02
2.871000000000e+03,1.033349002708e+08,8.468256265805e+03,5.586292777996e+05,3.643151490967e-01,2.534612004913e+02,-1.630464693223e-04,-1.777206515614e-02,0.000000000000e+00,1.145419271351e+03,1.869437954158e+03,0.000000000000e+00,0.000000000000e+00,0.000000000000e+00,0.000000000000e+00,8.637042274978e-04,9.414376079726e-02,2.724456762698e+02,2.548158111572e+02,0.000000000000e+00,5.477660656687e-01,1.145419271351e+03,5.550176663034e+04,1.090000000000e+02
2.872000000000e+03,1.033331075899e+08,9.455073611918e+03,5.642525850030e+05,3.663218712044e-01,2.546110826709e+02,-1.455994372693e-04,-1.587033866235e-02,0.000000000000e+00,8.058647223793e+02,1.792682068487e+03,0.000000000000e+00,0.000000000000e+00,0.000000000000e+00,0.000000000000e+00,7.842517885606e-04,8.548344495310e-02,2.723844403413e+02,2.542895660400e+02,0.000000000000e+00,5.528369072685e-01,8.058647223793e+02,5.550157095937e+04,1.090000000000e+02
2.873000000000e+03,1.033312960066e+08,1.033230520322e+04,5.696605103487e+05,3.681300321490e-01,2.557894572407e+02,-1.229262925702e-04,-1.339896589015e-02,0.000000000000e+00,9.343510342196e+02,1.811582625516e+03,0.000000000000e+00,0.000000000000e+00,0.000000000000e+00,0.000000000000e+00,7.712355252332e-04,8.406467225042e-02,2.723396396304e+02,2.535805053711e+02,0.000000000000e+00,5.588056259545e-01,9.343510342196e+02,5.550142505900e+04,1.090000000000e+02
2.874000000000e+03,1.033295284686e+08,1.135528458129e+04,5.745654168412e+05,3.695466017465e-01,2.570032160772e+02,-1.070133623729e-04,-1.166445649864e-02,0.000000000000e+00,7.445577443459e+02,1.767537122413e+03,0.000000000000e+00,0.000000000000e+00,0.000000000000e+00,0.000000000000e+00,7.038663143168e-04,7.672142826053e-02,2.723219572191e+02,2.533937225342e+02,0.000000000000e+00,5.640814343579e-01,7.445577443459e+02,5.550136387427e+04,1.090000000000e+02
2.875000000000e+03,1.033277703742e+08,1.232350944691e+04,5.802213229923e+05,3.715958139935e-01,2.581021500404e+02,-8.927779818368e-05,-9.731280002021e-03,0.000000000000e+00,7.898708134501e+02,1.758095679066e+03,0.000000000000e+00,0.000000000000e+00,0.000000000000e+00,0.000000000000e+00,8.457308491582e-04,9.218466255825e-02,2.723053967223e+02,2.537482757568e+02,0.000000000000e+00,5.693083690713e-01,7.898708134501e+02,5.550130926483e+04,1.090000000000e+02
2.876000000000e+03,1.033260256006e+08,1.331436173498e+04,5.858998524013e+05,3.736622286287e-01,2.591874754620e+02,-8.621041668436e-05,-9.396935418595e-03,0.000000000000e+00,7.539224788983e+02,1.744774766975e+03,0.000000000000e+00,0.000000000000e+00,0.000000000000e+00,0.000000000000e+00,8.526768083679e-04,9.294177211210e-02,2.722666940556e+02,2.536108703613e+02,0.000000000000e+00,5.754956396040e-01,7.539224788983e+02,5.550117651987e+04,1.090000000000e+02
2.877000000000e+03,1.033243185322e+08,1.443736930554e+04,5.901808695294e+05,3.746205122712e-01,2.604142506497e+02,-1.035074677342e-04,-1.128231398303e-02,0.000000000000e+00,5.840597693286e+02,1.707067339887e+03,0.000000000000e+00,0.000000000000e+00,0.000000000000e+00,0.000000000000e+00,6.044373094566e-04,6.588366673077e-02,2.722171890525e+02,2.532135467529e+02,0.000000000000e+00,5.813050610810e-01,5.840597693286e+02,5.550100819800e+04,1.090000000000e+02
2.878000000000e+03,1.033226090570e+08,1.545307313364e+04,5.945961053046e+05,3.756990693581e-01,2.616095379464e+02,-1.171102177930e-04,-1.276501373944e-02,0.000000000000e+00,6.937755644105e+02,1.709479392512e+03,0.000000000000e+00,0.000000000000e+00,0.000000000000e+00,0.000000000000e+00,6.128317362972e-04,6.679865925639e-02,2.722010677744e+02,2.543534698486e+02,0.000000000000e+00,5.872956750412e-01,6.937755644105e+02,5.550095316062e+04,1.090000000000e+02
2.879000000000e+03,1.033209667462e+08,1.662950373042e+04,5.996953672458e+05,3.773560305690e-01,2.626941403921e+02,-1.238775647728e-04,-1.350265456024e-02,0.000000000000e+00,4.658805805298e+02,1.642311177318e+03,0.000000000000e+00,0.000000000000e+00,0.000000000000e+00,0.000000000000e+00,7.188803071153e-04,7.835795347557e-02,2.722269578189e+02,2.540127410889e+02,0.000000000000e+00,5.924094952592e-01,4.658805805298e+02,5.550103937164e+04,1.090000000000e+02
2.880000000000e+03,1.033193179619e+08,1.769451245446e+04,6.048127819982e+05,3.790387629358e-01,2.637599810901e+02,-1.432012857648e-04,-1.560894014836e-02,0.000000000000e+00,5.837793457444e+02,1.648788069774e+03,0.000000000000e+00,0.000000000000e+00,0.000000000000e+00,0.000000000000e+00,7.028320634166e-04,7.660869491241e-02,2.722062585789e+02,2.534426269531e+02,0.000000000000e+00,5.983307518545e-01,5.837793457444e+02,5.550096866214e+04,1.090000000000e+02
2.881000000000e+03,1.033176913568e+08,1.894153650708e+04,6.107343493614e+05,3.813682486440e-01,2.647164751100e+02,-1.498442550603e-04,-1.633302380158e-02,0.000000000000e+00,3.795800302898e+02,1.626604082911e+03,0.000000000000e+00,0.000000000000e+00,0.000000000000e+00,0.000000000000e+00,8.293600888493e-04,9.040024968457e-02,2.721500775303e+02,2.525922546387e+02,0.000000000000e+00,6.049885516521e-01,3.795800302898e+02,5.550076918665e+04,1.090000000000e+02
2.882000000000e+03,1.033160660175e+08,2.022752659629e+04,6.168599975531e+05,3.838396181585e-01,2.656509786207e+02,-1.286966648308e-04,-1.402793646655e-02,0.000000000000e+00,3.393504873819e+02,1.625340576593e+03,0.000000000000e+00,0.000000000000e+00,0.000000000000e+00,0.000000000000e+00,8.842120487159e-04,9.637911331003e-02,2.720989529185e+02,2.525356140137e+02,0.000000000000e+00,6.123969565440e-01,3.393504873819e+02,5.550058688969e+04,1.090000000000e+02
2.883000000000e+03,1.033144546123e+08,2.156302431145e+04,6.224201619109e+05,3.858659912087e-01,2.666386395738e+02,-1.090591327556e-04,-1.188744547036e-02,0.000000000000e+00,2.759074730220e+02,1.611405188188e+03,0.000000000000e+00,0.000000000000e+00,0.000000000000e+00,0.000000000000e+00,8.103507273687e-04,8.832822928319e-02,2.720536741428e+02,2.526210479736e+02,0.000000000000e+00,6.195384122742e-01,2.759074730220e+02,5.550042093792e+04,1.090000000000e+02
2.884000000000e+03,1.033128651747e+08,2.286332940567e+04,6.271713943451e+05,3.872641199895e-01,2.677042497167e+02,-1.029598541043e-04,-1.122262409737e-02,0.000000000000e+00,2.891337992406e+02,1.589438893463e+03,0.000000000000e+00,0.000000000000e+00,0.000000000000e+00,0.000000000000e+00,6.825109664309e-04,7.439369534096e-02,2.720423936327e+02,2.526845245361e+02,0.000000000000e+00,6.268206574152e-01,2.891337992406e+02,5.550037941291e+04,1.090000000000e+02
2.885000000000e+03,1.033113049100e+08,2.406680669098e+04,6.315278151491e+05,3.883830134708e-01,2.687870079855e+02,-1.071142918692e-04,-1.167545781375e-02,0.000000000000e+00,3.567883005020e+02,1.560265585808e+03,0.000000000000e+00,0.000000000000e+00,0.000000000000e+00,0.000000000000e+00,6.129468228955e-04,6.681120369561e-02,2.720525959685e+02,2.531290130615e+02,0.000000000000e+00,6.337072600291e-01,3.567883005020e+02,5.550041669309e+04,1.090000000000e+02
2.886000000000e+03,1.033097860636e+08,2.535652280978e+04,6.361649819064e+05,3.897431778653e-01,2.698163646376e+02,-1.178944621672e-04,-1.285049637623e-02,0.000000000000e+00,2.291300451273e+02,1.518846163930e+03,0.000000000000e+00,0.000000000000e+00,0.000000000000e+00,0.000000000000e+00,6.488818886432e-04,7.072812586211e-02,2.720174134830e+02,2.527994995117e+02,0.000000000000e+00,6.406685213511e-01,2.291300451273e+02,5.550028770447e+04,1.090000000000e+02
2.887000000000e+03,1.033082844065e+08,2.659613885984e+04,6.411006889398e+05,3.913242140050e-01,2.708122292270e+02,-1.232014408236e-04,-1.342895704977e-02,0.000000000000e+00,2.620421657673e+02,1.501658215824e+03,0.000000000000e+00,0.000000000000e+00,0.000000000000e+00,0.000000000000e+00,6.930916343529e-04,7.554698814447e-02,2.719595815607e+02,2.526025085449e+02,0.000000000000e+00,6.477650685947e-01,2.620421657673e+02,5.550007326515e+04,1.090000000000e+02
2.888000000000e+03,1.033068487245e+08,2.786119797779e+04,6.462604644773e+05,3.930998845731e-01,2.717592819181e+02,-1.319633889729e-04,-1.438400939805e-02,0.000000000000e+00,1.706222467487e+02,1.435681364698e+03,0.000000000000e+00,0.000000000000e+00,0.000000000000e+00,0.000000000000e+00,7.211941285315e-04,7.861016000994e-02,2.719279636361e+02,2.523730163574e+02,0.000000000000e+00,6.546255368690e-01,1.706222467487e+02,5.549995284812e+04,1.090000000000e+02
2.889000000000e+03,1.033054188329e+08,2.911050590942e+04,6.511404110715e+05,3.946455923818e-01,2.727389298759e+02,-1.259321382804e-04,-1.372660307256e-02,0.000000000000e+00,1.805845000042e+02,1.429892431632e+03,0.000000000000e+00,0.000000000000e+00,0.000000000000e+00,0.000000000000e+00,6.807402681389e-04,7.420068922714e-02,2.719279061325e+02,2.532419433594e+02,0.000000000000e+00,6.626086688042e-01,1.805845000042e+02,5.549995223530e+04,1.090000000000e+02
2.890000000000e+03,1.033040129328e+08,3.034839721636e+04,6.557492388222e+05,3.960051657899e-01,2.737279891084e+02,-1.007204239275e-04,-1.097852620810e-02,0.000000000000e+00,1.680104431591e+02,1.405901750099e+03,0.000000000000e+00,0.000000000000e+00,0.000000000000e+00,0.000000000000e+00,6.617496699788e-04,7.213071402769e-02,2.718445985375e+02,2.523300018311e+02,0.000000000000e+00,6.699810742653e-01,1.680104431591e+02,5.549963250444e+04,1.090000000000e+02
2.891000000000e+03,1.033026403908e+08,3.156745057372e+04,6.601164719363e+05,3.972322338962e-01,2.747008705150e+02,-8.934650406244e-05,-9.738768942806e-03,0.000000000000e+00,1.534873935249e+02,1.372540750886e+03,0.000000000000e+00,0.000000000000e+00,0.000000000000e+00,0.000000000000e+00,6.329935544141e-04,6.899629743114e-02,2.717903125934e+02,2.516966857910e+02,0.000000000000e+00,6.782598562022e-01,1.534873935249e+02,5.549941967089e+04,1.090000000000e+02
2.892000000000e+03,1.033012650313e+08,3.278238271373e+04,6.646394918174e+05,3.985140187344e-01,2.756937233925e+02,-1.079498853223e-04,-1.176653750013e-02,0.000000000000e+00,1.604276483244e+02,1.375359788338e+03,0.000000000000e+00,0.000000000000e+00,0.000000000000e+00,0.000000000000e+00,6.398206861895e-04,6.974045479466e-02,2.717784988156e+02,2.519540557861e+02,0.000000000000e+00,6.861042096226e-01,1.604276483244e+02,5.549937213480e+04,1.090000000000e+02
2.893000000000e+03,1.032998989881e+08,3.398630547716e+04,6.686541634719e+05,3.994607099225e-01,2.767022044136e+02,-1.152419558116e-04,-1.256137318347e-02,0.000000000000e+00,1.621209490866e+02,1.366043712511e+03,0.000000000000e+00,0.000000000000e+00,0.000000000000e+00,0.000000000000e+00,5.486004082321e-04,5.979744449730e-02,2.717537908855e+02,2.524174652100e+02,0.000000000000e+00,6.948976610772e-01,1.621209490866e+02,5.549927276131e+04,1.090000000000e+02
2.894000000000e+03,1.032985499905e+08,3.516093961062e+04,6.732064258871e+05,4.008397042675e-01,2.776269331908e+02,-1.228551046463e-04,-1.339120640645e-02,0.000000000000e+00,1.743639207589e+02,1.348998054225e+03,0.000000000000e+00,0.000000000000e+00,0.000000000000e+00,0.000000000000e+00,6.293793416230e-04,6.860234823691e-02,2.717883536665e+02,2.536688690186e+02,0.000000000000e+00,7.040301580957e-01,1.743639207589e+02,5.549941023050e+04,1.090000000000e+02
2.895000000000e+03,1.032972222063e+08,3.630089038181e+04,6.791049952654e+05,4.031914156828e-01,2.784257291558e+02,-1.485541474868e-04,-1.619240207606e-02,0.000000000000e+00,1.878340136039e+02,1.327784784795e+03,0.000000000000e+00,0.000000000000e+00,0.000000000000e+00,0.000000000000e+00,8.264097786903e-04,9.007866587724e-02,2.718005003870e+02,2.541053009033e+02,0.000000000000e+00,7.111894419057e-01,1.878340136039e+02,5.549945814782e+04,1.090000000000e+02
2.896000000000e+03,1.032959095610e+08,3.742861871601e+04,6.848887008669e+05,4.055108057093e-01,2.791911521282e+02,-1.386329832478e-04,-1.511099517401e-02,0.000000000000e+00,1.849167736644e+02,1.312645107863e+03,0.000000000000e+00,0.000000000000e+00,0.000000000000e+00,0.000000000000e+00,8.175295821404e-04,8.911072445330e-02,2.717893952471e+02,2.542877807617e+02,0.000000000000e+00,7.209497709316e-01,1.849167736644e+02,5.549941380899e+04,1.090000000000e+02
2.897000000000e+03,1.032946154034e+08,3.853439021169e+04,6.896447508697e+05,4.069998317342e-01,2.801012611120e+02,-1.109089033338e-04,-1.208907046339e-02,0.000000000000e+00,1.883864026359e+02,1.294157898315e+03,0.000000000000e+00,0.000000000000e+00,0.000000000000e+00,0.000000000000e+00,6.752233928187e-04,7.359934981723e-02,2.717971713834e+02,2.553469085693e+02,0.000000000000e+00,7.305744543686e-01,1.883864026359e+02,5.549944423723e+04,1.090000000000e+02
2.898000000000e+03,1.032933367347e+08,3.963165585764e+04,6.934942883564e+05,4.078523685175e-01,2.810768733578e+02,-1.095893389451e-04,-1.194523794501e-02,0.000000000000e+00,1.814021597916e+02,1.278667805746e+03,0.000000000000e+00,0.000000000000e+00,0.000000000000e+00,0.000000000000e+00,5.271100143800e-04,5.745499156742e-02,2.717543718899e+02,2.539951934814e+02,0.000000000000e+00,7.387848794855e-01,1.814021597916e+02,5.549927315470e+04,1.090000000000e+02
2.899000000000e+03,1.032920679838e+08,4.073868500339e+04,6.974698810591e+05,4.088393153409e-01,2.820071136718e+02,-1.108954074461e-04,-1.208759941163e-02,0.000000000000e+00,1.617222413798e+02,1.268751387123e+03,0.000000000000e+00,0.000000000000e+00,0.000000000000e+00,0.000000000000e+00,5.468291673051e-04,5.960437923626e-02,2.716906453983e+02,2.536811370850e+02,0.000000000000e+00,7.501060274930e-01,1.617222413798e+02,5.549901405346e+04,1.090000000000e+02
2.900000000000e+03,1.032908126276e+08,4.184424680069e+04,7.019004439064e+05,4.101221906461e-01,2.829119782743e+02,-1.043107069920e-04,-1.136986706213e-02,0.000000000000e+00,1.497956433267e+02,1.255357440628e+03,0.000000000000e+00,0.000000000000e+00,0.000000000000e+00,0.000000000000e+00,6.285772934310e-04,6.851492498398e-02,2.716347580826e+02,2.542044982910e+02,0.000000000000e+00,7.604966698531e-01,1.497956433267e+02,5.549878234468e+04,1.090000000000e+02
2.901000000000e+03,1.032895697803e+08,4.295374935224e+04,7.070657315868e+05,4.119796267103e-01,2.837108081179e+02,-1.013911174336e-04,-1.105163180027e-02,0.000000000000e+00,1.333455830386e+02,1.242848134586e+03,0.000000000000e+00,0.000000000000e+00,0.000000000000e+00,0.000000000000e+00,7.532006760715e-04,8.209887369180e-02,2.715523151895e+02,2.526791687012e+02,0.000000000000e+00,7.717371605620e-01,1.333455830386e+02,5.549843368817e+04,1.090000000000e+02
2.902000000000e+03,1.032883320526e+08,4.409280367325e+04,7.116306177427e+05,4.134090321393e-01,2.845586286386e+02,-8.917564259622e-05,-9.720145042988e-03,0.000000000000e+00,9.867379934003e+01,1.237728120354e+03,0.000000000000e+00,0.000000000000e+00,0.000000000000e+00,0.000000000000e+00,6.668572376284e-04,7.268743890150e-02,2.713990963779e+02,2.513524322510e+02,0.000000000000e+00,7.820718026345e-01,9.867379934003e+01,5.549776324891e+04,1.090000000000e+02
2.903000000000e+03,1.032870998853e+08,4.525360886634e+04,7.146470947829e+05,4.136866082812e-01,2.855759165625e+02,-7.632572280950e-05,-8.319503786236e-03,0.000000000000e+00,7.136148073344e+01,1.232166673821e+03,0.000000000000e+00,0.000000000000e+00,0.000000000000e+00,0.000000000000e+00,4.234975556624e-04,4.616123356721e-02,2.712785337055e+02,2.503384704590e+02,0.000000000000e+00,7.954819980139e-01,7.136148073344e+01,5.549721403762e+04,1.090000000000e+02
2.904000000000e+03,1.032858924687e+08,4.637993294096e+04,7.182390274945e+05,4.144385810258e-01,2.864901371370e+02,-9.242534963070e-05,-1.007436310975e-02,0.000000000000e+00,8.109294061367e+01,1.207417015240e+03,0.000000000000e+00,0.000000000000e+00,0.000000000000e+00,0.000000000000e+00,5.012035505779e-04,5.463118701299e-02,2.712945757546e+02,2.508208923340e+02,0.000000000000e+00,8.084364845660e-01,8.109294061367e+01,5.549728662959e+04,1.090000000000e+02
2.905000000000e+03,1.032847210074e+08,4.744279339652e+04,7.231935023858e+05,4.161409583453e-01,2.872849272428e+02,-1.152326306375e-04,-1.256035673949e-02,0.000000000000e+00,1.086027051749e+02,1.171463160729e+03,0.000000000000e+00,0.000000000000e+00,0.000000000000e+00,0.000000000000e+00,7.032241778668e-04,7.665143538748e-02,2.713528440831e+02,2.522371978760e+02,0.000000000000e+00,8.205890760318e-01,1.086027051749e+02,5.549755195599e+04,1.090000000000e+02
2.906000000000e+03,1.032835864205e+08,4.844476294230e+04,7.283963553265e+05,4.180421746775e-01,2.880340075098e+02,-1.134061570366e-04,-1.236127111699e-02,0.000000000000e+00,1.326178054253e+02,1.134587351205e+03,0.000000000000e+00,0.000000000000e+00,0.000000000000e+00,0.000000000000e+00,7.459308002881e-04,8.130645723141e-02,2.714298919645e+02,2.537629241943e+02,0.000000000000e+00,8.321796632546e-01,1.326178054253e+02,5.549789666118e+04,1.090000000000e+02
2.907000000000e+03,1.032824868018e+08,4.939738071151e+04,7.334947175233e+05,4.198678047634e-01,2.887878108354e+02,-1.086015957016e-04,-1.183757393147e-02,0.000000000000e+00,1.470027977086e+02,1.099620566924e+03,0.000000000000e+00,0.000000000000e+00,0.000000000000e+00,0.000000000000e+00,7.337380440501e-04,7.997744680146e-02,2.714784121650e+02,2.542690124512e+02,0.000000000000e+00,8.435710240792e-01,1.470027977086e+02,5.549811000372e+04,1.090000000000e+02
2.908000000000e+03,1.032814138929e+08,5.032953983094e+04,7.397287584693e+05,4.225483684426e-01,2.893950672313e+02,-1.298018955541e-04,-1.414840661540e-02,0.000000000000e+00,1.407507537378e+02,1.072909873169e+03,0.000000000000e+00,0.000000000000e+00,0.000000000000e+00,0.000000000000e+00,9.009063651237e-04,9.819879379849e-02,2.714609791476e+02,2.540317077637e+02,0.000000000000e+00,8.544107749875e-01,1.407507537378e+02,5.549803383075e+04,1.090000000000e+02
2.909000000000e+03,1.032803645009e+08,5.124876638116e+04,7.456819626978e+05,4.249637094867e-01,2.900665019720e+02,-1.288157567014e-04,-1.404091748045e-02,0.000000000000e+00,1.301652553526e+02,1.049391805568e+03,0.000000000000e+00,0.000000000000e+00,0.000000000000e+00,0.000000000000e+00,8.555058255670e-04,9.325013498681e-02,2.714400282293e+02,2.541607360840e+02,0.000000000000e+00,8.656093594095e-01,1.301652553526e+02,5.549794161740e+04,1.090000000000e+02
2.910000000000e+03,1.032793375292e+08,5.215951212828e+04,7.512155967021e+05,4.271067129823e-01,2.907543590386e+02,-1.216509445167e-04,-1.325995295232e-02,0.000000000000e+00,1.162244278261e+02,1.026970174950e+03,0.000000000000e+00,0.000000000000e+00,0.000000000000e+00,0.000000000000e+00,7.937502232005e-04,8.651877432885e-02,2.713757943017e+02,2.529650726318e+02,0.000000000000e+00,8.748204540944e-01,1.162244278261e+02,5.549765545568e+04,1.090000000000e+02
2.911000000000e+03,1.032783168704e+08,5.308130106442e+04,7.567291419651e+05,4.292086591711e-01,2.914553762185e+02,-1.195964174612e-04,-1.303600950327e-02,0.000000000000e+00,9.886867330393e+01,1.020657609440e+03,0.000000000000e+00,0.000000000000e+00,0.000000000000e+00,0.000000000000e+00,7.924343392442e-04,8.637534297762e-02,2.713178438906e+02,2.524856262207e+02,0.000000000000e+00,8.862435891897e-01,9.886867330393e+01,5.549739493130e+04,1.090000000000e+02
2.912000000000e+03,1.032772923424e+08,5.401538591812e+04,7.617546498635e+05,4.309872685792e-01,2.921809446421e+02,-1.112809131805e-04,-1.212961953667e-02,0.000000000000e+00,9.044467994235e+01,1.024529533645e+03,0.000000000000e+00,0.000000000000e+00,0.000000000000e+00,0.000000000000e+00,7.198130968114e-04,7.845962755244e-02,2.712863453404e+02,2.527892150879e+02,0.000000000000e+00,8.962469682695e-01,9.044467994235e+01,5.549725204683e+04,1.090000000000e+02
2.913000000000e+03,1.032762957117e+08,5.493319952999e+04,7.666689435290e+05,4.327043946800e-01,2.929005650186e+02,-1.080774048592e-04,-1.178043712965e-02,0.000000000000e+00,7.881745396935e+01,9.966310658330e+02,0.000000000000e+00,0.000000000000e+00,0.000000000000e+00,0.000000000000e+00,7.050156984870e-04,7.684671113508e-02,2.712198136091e+02,2.516610565186e+02,0.000000000000e+00,9.048962808899e-01,7.881745396935e+01,5.549694325124e+04,1.090000000000e+02
2.914000000000e+03,1.032753205270e+08,5.583920873908e+04,7.706849514901e+05,4.337355868285e-01,2.937362981815e+02,-1.069393814896e-04,-1.165639258237e-02,0.000000000000e+00,6.917406540533e+01,9.751832745030e+02,0.000000000000e+00,0.000000000000e+00,0.000000000000e+00,0.000000000000e+00,5.575799191208e-04,6.077621118417e-02,2.711619881670e+02,2.513882751465e+02,0.000000000000e+00,9.141420318515e-01,6.917406540533e+01,5.549666998080e+04,1.090000000000e+02
2.915000000000e+03,1.032743645312e+08,5.672871371876e+04,7.739964289424e+05,4.343122702395e-01,2.946078013736e+02,-1.020849034954e-04,-1.112725448099e-02,0.000000000000e+00,6.648911651628e+01,9.559940961904e+02,0.000000000000e+00,0.000000000000e+00,0.000000000000e+00,0.000000000000e+00,4.458084904784e-04,4.859312546214e-02,2.711198836367e+02,2.516314849854e+02,0.000000000000e+00,9.228237750258e-01,6.648911651628e+01,5.549646812176e+04,1.090000000000e+02
2.916000000000e+03,1.032734268525e+08,5.760063261386e+04,7.770380928307e+05,4.346957464418e-01,2.955052844825e+02,-1.089702736448e-04,-1.187775982728e-02,0.000000000000e+00,6.575540399836e+01,9.376742991009e+02,0.000000000000e+00,0.000000000000e+00,0.000000000000e+00,0.000000000000e+00,3.941306515162e-04,4.296024101526e-02,2.710951628629e+02,2.525847625732e+02,0.000000000000e+00,9.303940177125e-01,6.575540399836e+01,5.549634842073e+04,1.090000000000e+02
2.917000000000e+03,1.032725080576e+08,5.845219343695e+04,7.810447591626e+05,4.358556429446e-01,2.962386520100e+02,-1.238902657959e-04,-1.350403897176e-02,0.000000000000e+00,6.723247824864e+01,9.187933013329e+02,0.000000000000e+00,0.000000000000e+00,0.000000000000e+00,0.000000000000e+00,5.385044941527e-04,5.869698986264e-02,2.710917062360e+02,2.525290985107e+02,0.000000000000e+00,9.375837301616e-01,6.723247824864e+01,5.549633157204e+04,1.090000000000e+02
2.918000000000e+03,1.032716062375e+08,5.928757456856e+04,7.861915745929e+05,4.377095515601e-01,2.969283408368e+02,-1.342869180452e-04,-1.463727406693e-02,0.000000000000e+00,6.643783643444e+01,9.018189680448e+02,0.000000000000e+00,0.000000000000e+00,0.000000000000e+00,0.000000000000e+00,7.167930000749e-04,7.813043700816e-02,2.710705212396e+02,2.516068267822e+02,0.000000000000e+00,9.438983493639e-01,6.643783643444e+01,5.549622845999e+04,1.090000000000e+02
2.919000000000e+03,1.032707184727e+08,6.011451176982e+04,7.918581566498e+05,4.399947857177e-01,2.975166116900e+02,-1.197705868810e-04,-1.305499397003e-02,0.000000000000e+00,6.082697627427e+01,8.877641775382e+02,0.000000000000e+00,0.000000000000e+00,0.000000000000e+00,0.000000000000e+00,8.176156189748e-04,8.912010246825e-02,2.710171411681e+02,2.512489471436e+02,0.000000000000e+00,9.517466797756e-01,6.082697627427e+01,5.549596590116e+04,1.090000000000e+02
2.920000000000e+03,1.032698450451e+08,6.092753279335e+04,7.980484380712e+05,4.425339331840e-01,2.981222317129e+02,-1.395866774025e-04,-1.521494783687e-02,0.000000000000e+00,6.040350652834e+01,8.734245300579e+02,0.000000000000e+00,0.000000000000e+00,0.000000000000e+00,0.000000000000e+00,8.838566823915e-04,9.634037838067e-02,2.710088013849e+02,2.519989776611e+02,0.000000000000e+00,9.593435604726e-01,6.040350652834e+01,5.549592428814e+04,1.090000000000e+02
2.921000000000e+03,1.032689885051e+08,6.172140027490e+04,8.045636311483e+05,4.453707633925e-01,2.986418577867e+02,-1.814525017575e-04,-1.977832269157e-02,0.000000000000e+00,6.267395066185e+01,8.565414322137e+02,0.000000000000e+00,0.000000000000e+00,0.000000000000e+00,0.000000000000e+00,8.956929988721e-04,9.763053687706e-02,2.710014574809e+02,2.520103759766e+02,0.000000000000e+00,9.660694927934e-01,6.267395066185e+01,5.549588753841e+04,1.090000000000e+02
2.922000000000e+03,1.032681476322e+08,6.249882655694e+04,8.105170003838e+05,4.477716190111e-01,2.992385044836e+02,-1.942458622823e-04,-2.117279898877e-02,0.000000000000e+00,6.344457895951e+01,8.408708609936e+02,0.000000000000e+00,0.000000000000e+00,0.000000000000e+00,0.000000000000e+00,7.899063581565e-04,8.609979303906e-02,2.710036381154e+02,2.526075439453e+02,0.000000000000e+00,9.726397696102e-01,6.344457895951e+01,5.549589822074e+04,1.090000000000e+02
2.923000000000e+03,1.032673220329e+08,6.326261940569e+04,8.148082001432e+05,4.490442394937e-01,2.999709655249e+02,-1.694114741607e-04,-1.846585068351e-02,0.000000000000e+00,6.180395744733e+01,8.255968062014e+02,0.000000000000e+00,0.000000000000e+00,0.000000000000e+00,0.000000000000e+00,5.403113254381e-04,5.889393447275e-02,2.709770192400e+02,2.526165313721e+02,0.000000000000e+00,9.798860221643e-01,6.180395744733e+01,5.549576533791e+04,1.090000000000e+02
2.924000000000e+03,1.032665103064e+08,6.401591474013e+04,8.195443017233e+05,4.506699825779e-01,3.006269263568e+02,-1.247555187706e-04,-1.359835154600e-02,0.000000000000e+00,5.842848760564e+01,8.117238220455e+02,0.000000000000e+00,0.000000000000e+00,0.000000000000e+00,0.000000000000e+00,6.585433516377e-04,7.178122532851e-02,2.709489141407e+02,2.526100158691e+02,0.000000000000e+00,9.868516059005e-01,5.842848760564e+01,5.549562401648e+04,1.090000000000e+02
2.925000000000e+03,1.032657095272e+08,6.476922371436e+04,8.249500086050e+05,4.526620362250e-01,3.012815108297e+02,-1.131216142644e-04,-1.233025595481e-02,0.000000000000e+00,4.746950699728e+01,8.007784812299e+02,0.000000000000e+00,0.000000000000e+00,0.000000000000e+00,0.000000000000e+00,7.820459875561e-04,8.524301264362e-02,2.708283054645e+02,2.508502655029e+02,0.000000000000e+00,9.935840406696e-01,4.746950699728e+01,5.549500595655e+04,1.090000000000e+02
2.926000000000e+03,1.032649153730e+08,6.553112879421e+04,8.303670000900e+05,4.547576014064e-01,3.018663811540e+02,-1.187880315953e-04,-1.294789544389e-02,0.000000000000e+00,3.224766616098e+01,7.941527460066e+02,0.000000000000e+00,0.000000000000e+00,0.000000000000e+00,0.000000000000e+00,7.785434382897e-04,8.486123477357e-02,2.706907709459e+02,2.500630798340e+02,0.000000000000e+00,1.003452560149e+00,3.224766616098e+01,5.549427740503e+04,1.090000000000e+02
2.927000000000e+03,1.032641299877e+08,6.628978917862e+04,8.361224569268e+05,4.570922441123e-01,3.024089760769e+02,-1.269703382265e-04,-1.383976686669e-02,0.000000000000e+00,2.672504490874e+01,7.853854293183e+02,0.000000000000e+00,0.000000000000e+00,0.000000000000e+00,0.000000000000e+00,8.257975911971e-04,9.001193744049e-02,2.705972275255e+02,2.503898010254e+02,0.000000000000e+00,1.012569785344e+00,2.672504490874e+01,5.549376649367e+04,1.090000000000e+02
2.928000000000e+03,1.032633570299e+08,6.703157843940e+04,8.404937403262e+05,4.583318691370e-01,3.031678703331e+02,-1.327709088316e-04,-1.447202906264e-02,0.000000000000e+00,3.116701939957e+01,7.729562801839e+02,0.000000000000e+00,0.000000000000e+00,0.000000000000e+00,0.000000000000e+00,5.899276892458e-04,6.430211812779e-02,2.705953568696e+02,2.510000000000e+02,0.000000000000e+00,1.020301121183e+00,3.116701939957e+01,5.549375428425e+04,1.090000000000e+02
2.929000000000e+03,1.032625995698e+08,6.775439012363e+04,8.442911478847e+05,4.593201352497e-01,3.038827008063e+02,-1.293137693256e-04,-1.409520085649e-02,0.000000000000e+00,3.464664654240e+01,7.574583307734e+02,0.000000000000e+00,0.000000000000e+00,0.000000000000e+00,0.000000000000e+00,4.986306104818e-04,5.435073654252e-02,2.705847622105e+02,2.510683288574e+02,0.000000000000e+00,1.028354854419e+00,3.464664654240e+01,5.549369390033e+04,1.090000000000e+02
2.930000000000e+03,1.032618567700e+08,6.846207678979e+04,8.485486664677e+05,4.605653966101e-01,3.045895190237e+02,-1.264767617457e-04,-1.378596703028e-02,0.000000000000e+00,3.510993542439e+01,7.427966015820e+02,0.000000000000e+00,0.000000000000e+00,0.000000000000e+00,0.000000000000e+00,5.774706995399e-04,6.294430624984e-02,2.705788197440e+02,2.517420959473e+02,0.000000000000e+00,1.036450110360e+00,3.510993542439e+01,5.549365917676e+04,1.090000000000e+02
2.931000000000e+03,1.032611272017e+08,6.916405357539e+04,8.521934535964e+05,4.613964310793e-01,3.053499790803e+02,-1.103220319742e-04,-1.202510148519e-02,0.000000000000e+00,2.758941963115e+01,7.295662052281e+02,0.000000000000e+00,0.000000000000e+00,0.000000000000e+00,0.000000000000e+00,4.936734417325e-04,5.381040514884e-02,2.704784613235e+02,2.507825164795e+02,0.000000000000e+00,1.041917706494e+00,2.758941963115e+01,5.549309480033e+04,1.090000000000e+02
2.932000000000e+03,1.032604102908e+08,6.985536066960e+04,8.557503289089e+05,4.621985947378e-01,3.060926723530e+02,-9.759706091825e-05,-1.063807964009e-02,0.000000000000e+00,2.560161645620e+01,7.169087106662e+02,0.000000000000e+00,0.000000000000e+00,0.000000000000e+00,0.000000000000e+00,4.906134247855e-04,5.347686330162e-02,2.704667986715e+02,2.513494567871e+02,0.000000000000e+00,1.051185968858e+00,2.560161645620e+01,5.549302582318e+04,1.090000000000e+02
2.933000000000e+03,1.032597107736e+08,7.052392005437e+04,8.600422564651e+05,4.635145052767e-01,3.067545473476e+02,-1.169421868320e-04,-1.274669836469e-02,0.000000000000e+00,3.095658662864e+01,6.995159713972e+02,0.000000000000e+00,0.000000000000e+00,0.000000000000e+00,0.000000000000e+00,5.926356135115e-04,6.459728187275e-02,2.704660918011e+02,2.517384948730e+02,0.000000000000e+00,1.058170680880e+00,3.095658662864e+01,5.549301775355e+04,1.090000000000e+02
2.934000000000e+03,1.032590272998e+08,7.117792386164e+04,8.647786130336e+05,4.651713401552e-01,3.073464154226e+02,-1.552653940448e-04,-1.692392795089e-02,0.000000000000e+00,2.946904823377e+01,6.834728555059e+02,0.000000000000e+00,0.000000000000e+00,0.000000000000e+00,0.000000000000e+00,6.282936606217e-04,6.848400900776e-02,2.704310189883e+02,2.516017303467e+02,0.000000000000e+00,1.065973168302e+00,2.946904823377e+01,5.549281269348e+04,1.090000000000e+02
2.935000000000e+03,1.032584372868e+08,7.173875948688e+04,8.687356116110e+05,4.661678520127e-01,3.080944315260e+02,-1.584292060621e-04,-1.726878346077e-02,0.000000000000e+00,2.917760866856e+01,5.900132339132e+02,0.000000000000e+00,0.000000000000e+00,0.000000000000e+00,0.000000000000e+00,4.965482149207e-04,5.412375542636e-02,2.703822643064e+02,2.519206085205e+02,0.000000000000e+00,1.071547619508e+00,2.917760866856e+01,5.549250926352e+04,1.090000000000e+02
2.936000000000e+03,1.032578674466e+08,7.227595532473e+04,8.724139335861e+05,4.670975235421e-01,3.087843786573e+02,-1.499354076559e-04,-1.634295943449e-02,0.000000000000e+00,3.264385440135e+01,5.698396922542e+02,0.000000000000e+00,0.000000000000e+00,0.000000000000e+00,0.000000000000e+00,4.587623710739e-04,5.000509844705e-02,2.703469995299e+02,2.518365478516e+02,0.000000000000e+00,1.077944905569e+00,3.264385440135e+01,5.549228686000e+04,1.090000000000e+02
2.937000000000e+03,1.032572864827e+08,7.283057530549e+04,8.774973630455e+05,4.689589097328e-01,3.093543172054e+02,-1.493970059002e-04,-1.628427364312e-02,0.000000000000e+00,2.634551042316e+01,5.809654911760e+02,0.000000000000e+00,0.000000000000e+00,0.000000000000e+00,0.000000000000e+00,6.926464569373e-04,7.549846380617e-02,2.702443070552e+02,2.510751037598e+02,0.000000000000e+00,1.084861613844e+00,2.634551042316e+01,5.549166707272e+04,1.090000000000e+02
2.938000000000e+03,1.032566478330e+08,7.345780606221e+04,8.827853913918e+05,4.709196826992e-01,3.099284050892e+02,-1.293317095243e-04,-1.409715633815e-02,0.000000000000e+00,1.141914439149e+01,6.386499011113e+02,0.000000000000e+00,0.000000000000e+00,0.000000000000e+00,0.000000000000e+00,7.475899423649e-04,8.148730371777e-02,2.700775962815e+02,2.503266143799e+02,0.000000000000e+00,1.093529929239e+00,1.141914439149e+01,5.549065471705e+04,1.090000000000e+02
2.939000000000e+03,1.032560078887e+08,7.409381508103e+04,8.867405894122e+05,4.719992244424e-01,3.106086037647e+02,-1.212778060819e-04,-1.321928086293e-02,0.000000000000e+00,3.935217545237e+00,6.399442363651e+02,0.000000000000e+00,0.000000000000e+00,0.000000000000e+00,0.000000000000e+00,5.343547763961e-04,5.824467062718e-02,2.699762488421e+02,2.501602478027e+02,0.000000000000e+00,1.100803497578e+00,3.935217545237e+00,5.549000530685e+04,1.090000000000e+02
2.940000000000e+03,1.032553928584e+08,7.470195776667e+04,8.897148191027e+05,4.724544293628e-01,3.113523589895e+02,-1.284778672748e-04,-1.400408753295e-02,0.000000000000e+00,6.887318629204e+00,6.150300042736e+02,0.000000000000e+00,0.000000000000e+00,0.000000000000e+00,0.000000000000e+00,3.643012243767e-04,3.970883345707e-02,2.699177473412e+02,2.511623840332e+02,0.000000000000e+00,1.107889773379e+00,6.887318629204e+00,5.548961244501e+04,1.090000000000e+02
2.941000000000e+03,1.032547992372e+08,7.528747991999e+04,8.929883137471e+05,4.731311633892e-01,3.120534165827e+02,-1.396804124504e-04,-1.522516495709e-02,0.000000000000e+00,8.098726862067e+00,5.936208801796e+02,0.000000000000e+00,0.000000000000e+00,0.000000000000e+00,0.000000000000e+00,4.027129934138e-04,4.389571628211e-02,2.698530959261e+02,2.513104553223e+02,0.000000000000e+00,1.114838693944e+00,8.098726862067e+00,5.548917147720e+04,1.090000000000e+02
2.942000000000e+03,1.032542250946e+08,7.585698115499e+04,8.970249946503e+05,4.742940632334e-01,3.126995473187e+02,-1.220116379624e-04,-1.329926853790e-02,0.000000000000e+00,4.641772378395e+00,5.741430073782e+02,0.000000000000e+00,0.000000000000e+00,0.000000000000e+00,0.000000000000e+00,5.473295909028e-04,5.965892540841e-02,2.697472035624e+02,2.510350799561e+02,0.000000000000e+00,1.118960307300e+00,4.641772378395e+00,5.548844748650e+04,1.090000000000e+02
2.943000000000e+03,1.032536696367e+08,7.641196113969e+04,9.014641960393e+05,4.757747594579e-01,3.132738017135e+02,-1.215898872021e-04,-1.325329770503e-02,0.000000000000e+00,4.779108338275e-01,5.554578955320e+02,0.000000000000e+00,0.000000000000e+00,0.000000000000e+00,0.000000000000e+00,6.146377631441e-04,6.699551618271e-02,2.696267525730e+02,2.509133758545e+02,0.000000000000e+00,1.123173404168e+00,4.779108338275e-01,5.548760587776e+04,1.090000000000e+02
2.944000000000e+03,1.032531340726e+08,7.694752526815e+04,9.066083112047e+05,4.783997236863e-01,3.133396543352e+02,-1.488007229852e-04,-1.621927880538e-02,0.000000000000e+00,0.000000000000e+00,5.355641284620e+02,0.000000000000e+00,0.000000000000e+00,0.000000000000e+00,0.000000000000e+00,7.050362407579e-04,7.684895024262e-02,2.694555033041e+02,2.503815002441e+02,0.000000000000e+00,1.131639642086e+00,0.000000000000e+00,5.548638154720e+04,1.090000000000e+02
2.945000000000e+03,1.032526120711e+08,7.746952677644e+04,9.107154381669e+05,4.791610879304e-01,3.142679443961e+02,-1.422762031344e-04,-1.550810614165e-02,0.000000000000e+00,0.000000000000e+00,5.220015082898e+02,0.000000000000e+00,0.000000000000e+00,0.000000000000e+00,0.000000000000e+00,5.410881023238e-04,5.897860315329e-02,2.692427516128e+02,2.495313720703e+02,0.000000000000e+00,1.136200193617e+00,0.000000000000e+00,5.548480635219e+04,1.090000000000e+02
2.946000000000e+03,1.032521061239e+08,7.797547391197e+04,9.140594268355e+05,4.798204570669e-01,3.149959069772e+02,-1.547582909698e-04,-1.686865371571e-02,0.000000000000e+00,0.000000000000e+00,5.059471355265e+02,0.000000000000e+00,0.000000000000e+00,0.000000000000e+00,0.000000000000e+00,4.017502778453e-04,4.379078028514e-02,2.690723186664e+02,2.494858703613e+02,0.000000000000e+00,1.141324787645e+00,0.000000000000e+00,5.548349069794e+04,1.090000000000e+02
2.947000000000e+03,1.032516189713e+08,7.846262657294e+04,9.173103530772e+05,4.804792458280e-01,3.156881851234e+02,-1.511327845845e-04,-1.647347351971e-02,0.000000000000e+00,0.000000000000e+00,4.871526609784e+02,0.000000000000e+00,0.000000000000e+00,0.000000000000e+00,0.000000000000e+00,3.890069674384e-04,4.240175945078e-02,2.689539253569e+02,2.502594757080e+02,0.000000000000e+00,1.144238895687e+00,0.000000000000e+00,5.548254313439e+04,1.090000000000e+02
2.948000000000e+03,1.032511501110e+08,7.893148683911e+04,9.208198776633e+05,4.813536394755e-01,3.163279799674e+02,-1.291922697720e-04,-1.408195740514e-02,0.000000000000e+00,0.000000000000e+00,4.688602661640e+02,0.000000000000e+00,0.000000000000e+00,0.000000000000e+00,0.000000000000e+00,4.548100712043e-04,4.957429776127e-02,2.687892083923e+02,2.504782257080e+02,0.000000000000e+00,1.146764707937e+00,0.000000000000e+00,5.548120123747e+04,1.090000000000e+02
2.949000000000e+03,1.032506974069e+08,7.938419090522e+04,9.246967107790e+05,4.824826292086e-01,3.169269494304e+02,-1.208237485666e-04,-1.316978859376e-02,0.000000000000e+00,0.000000000000e+00,4.527040661074e+02,0.000000000000e+00,0.000000000000e+00,0.000000000000e+00,0.000000000000e+00,5.252988348303e-04,5.725757299651e-02,2.685707269349e+02,2.498409729004e+02,0.000000000000e+00,1.149296934558e+00,0.000000000000e+00,5.547936879042e+04,1.090000000000e+02
2.950000000000e+03,1.032502633509e+08,7.981824689855e+04,9.294524408468e+05,4.842524265378e-01,3.173980488098e+02,-1.509224571925e-04,-1.645054783398e-02,0.000000000000e+00,0.000000000000e+00,4.340559933327e+02,0.000000000000e+00,0.000000000000e+00,0.000000000000e+00,0.000000000000e+00,6.381044077131e-04,6.955338044072e-02,2.684633820940e+02,2.503921813965e+02,0.000000000000e+00,1.152220777699e+00,0.000000000000e+00,5.547843151308e+04,1.090000000000e+02
2.951000000000e+03,1.032498470444e+08,8.023455343229e+04,9.337403272664e+05,4.855014669679e-01,3.180512087897e+02,-1.557232160184e-04,-1.697383054600e-02,0.000000000000e+00,0.000000000000e+00,4.163065337456e+02,0.000000000000e+00,0.000000000000e+00,0.000000000000e+00,0.000000000000e+00,5.578289574260e-04,6.080335635943e-02,2.682821180920e+02,2.503721160889e+02,0.000000000000e+00,1.154621388089e+00,0.000000000000e+00,5.547682421797e+04,1.090000000000e+02
2.952000000000e+03,1.032494500681e+08,8.063152974020e+04,9.378985037810e+05,4.867757100350e-01,3.186343552044e+02,-1.794815565239e-04,-1.956348966110e-02,0.000000000000e+00,0.000000000000e+00,3.969763079016e+02,0.000000000000e+00,0.000000000000e+00,0.000000000000e+00,0.000000000000e+00,5.096533946869e-04,5.555222002087e-02,2.682245874418e+02,2.512306823730e+02,0.000000000000e+00,1.156752411158e+00,0.000000000000e+00,5.547629204128e+04,1.090000000000e+02
2.953000000000e+03,1.032490748826e+08,8.100671522816e+04,9.432756525433e+05,4.890007188145e-01,3.190025030635e+02,-2.121491098695e-04,-2.312425297577e-02,0.000000000000e+00,0.000000000000e+00,3.751854879618e+02,0.000000000000e+00,0.000000000000e+00,0.000000000000e+00,0.000000000000e+00,6.768392694312e-04,7.377548036800e-02,2.682364735291e+02,2.528276824951e+02,0.000000000000e+00,1.157870430134e+00,0.000000000000e+00,5.547638100842e+04,1.090000000000e+02
2.954000000000e+03,1.032487191330e+08,8.136246481619e+04,9.490470768830e+05,4.913141423466e-01,3.194465046486e+02,-1.870164233433e-04,-2.038479014442e-02,0.000000000000e+00,0.000000000000e+00,3.557495880342e+02,0.000000000000e+00,0.000000000000e+00,0.000000000000e+00,0.000000000000e+00,7.691151715505e-04,8.383355369901e-02,2.681717733073e+02,2.528637695313e+02,0.000000000000e+00,1.157615316233e+00,0.000000000000e+00,5.547578340280e+04,1.090000000000e+02
2.955000000000e+03,1.032483795403e+08,8.170205757398e+04,9.545136022906e+05,4.933841225069e-01,3.199449938167e+02,-1.421691620110e-04,-1.549643865920e-02,0.000000000000e+00,0.000000000000e+00,3.395927577933e+02,0.000000000000e+00,0.000000000000e+00,0.000000000000e+00,0.000000000000e+00,7.650247539459e-04,8.338769818010e-02,2.680514866921e+02,2.530167694092e+02,0.000000000000e+00,1.157956713557e+00,0.000000000000e+00,5.547467126522e+04,1.090000000000e+02
2.956000000000e+03,1.032480564350e+08,8.202516283899e+04,9.602405427111e+05,4.957077294052e-01,3.203586265427e+02,-1.349937924626e-04,-1.471432337842e-02,0.000000000000e+00,0.000000000000e+00,3.231052650099e+02,0.000000000000e+00,0.000000000000e+00,0.000000000000e+00,0.000000000000e+00,8.134729306164e-04,8.866854943719e-02,2.680014429541e+02,2.537395019531e+02,0.000000000000e+00,1.156478058351e+00,0.000000000000e+00,5.547419851890e+04,1.090000000000e+02
2.957000000000e+03,1.032477492359e+08,8.233236190058e+04,9.660217360189e+05,4.980048249847e-01,3.208041839519e+02,-1.508819698566e-04,-1.644613471437e-02,0.000000000000e+00,0.000000000000e+00,3.071990615837e+02,0.000000000000e+00,0.000000000000e+00,0.000000000000e+00,0.000000000000e+00,8.069015152046e-04,8.795226515730e-02,2.679396516406e+02,2.539246063232e+02,0.000000000000e+00,1.157793336129e+00,0.000000000000e+00,5.547361187534e+04,1.090000000000e+02
2.958000000000e+03,1.032474565171e+08,8.262508072700e+04,9.720923049650e+05,5.005395629494e-01,3.211891146326e+02,-1.541979914165e-04,-1.680758106440e-02,0.000000000000e+00,0.000000000000e+00,2.927188264253e+02,0.000000000000e+00,0.000000000000e+00,0.000000000000e+00,0.000000000000e+00,8.516290968430e-04,9.282757155589e-02,2.678722617114e+02,2.538435516357e+02,0.000000000000e+00,1.158455324885e+00,0.000000000000e+00,5.547296819731e+04,1.090000000000e+02
2.959000000000e+03,1.032471766522e+08,8.290494558864e+04,9.785813473982e+05,5.033453551411e-01,3.215362443884e+02,-1.358326185317e-04,-1.480575541996e-02,0.000000000000e+00,0.000000000000e+00,2.798648616337e+02,0.000000000000e+00,0.000000000000e+00,0.000000000000e+00,0.000000000000e+00,9.400831089579e-04,1.024690588764e-01,2.677751294168e+02,2.538814697266e+02,0.000000000000e+00,1.159020358518e+00,0.000000000000e+00,5.547203132347e+04,1.090000000000e+02
2.960000000000e+03,1.032469064410e+08,8.317515680548e+04,9.843551686017e+05,5.055266063120e-01,3.220490631945e+02,-1.262629723184e-04,-1.376266398270e-02,0.000000000000e+00,0.000000000000e+00,2.702112168462e+02,0.000000000000e+00,0.000000000000e+00,0.000000000000e+00,0.000000000000e+00,8.343313112391e-04,9.094211292506e-02,2.675785795638e+02,2.527250061035e+02,0.000000000000e+00,1.161137779754e+00,0.000000000000e+00,5.547009603317e+04,1.090000000000e+02
2.961000000000e+03,1.032466450427e+08,8.343655507816e+04,9.897517006955e+05,5.075635600571e-01,3.225255587072e+02,-1.341864531358e-04,-1.462632339180e-02,0.000000000000e+00,0.000000000000e+00,2.613982726779e+02,0.000000000000e+00,0.000000000000e+00,0.000000000000e+00,0.000000000000e+00,7.636636603081e-04,8.323933897358e-02,2.674011388406e+02,2.526265106201e+02,0.000000000000e+00,1.162063705680e+00,0.000000000000e+00,5.546829896061e+04,1.090000000000e+02
2.962000000000e+03,1.032463932775e+08,8.368832027829e+04,9.950604030324e+05,5.095432970892e-01,3.230035417131e+02,-1.417574170427e-04,-1.545155845765e-02,0.000000000000e+00,0.000000000000e+00,2.517652001337e+02,0.000000000000e+00,0.000000000000e+00,0.000000000000e+00,0.000000000000e+00,7.403107950665e-04,8.069387666225e-02,2.672705527294e+02,2.530519561768e+02,0.000000000000e+00,1.163110995799e+00,0.000000000000e+00,5.546694411605e+04,1.090000000000e+02
2.963000000000e+03,1.032461504223e+08,8.393117552969e+04,1.001770802311e+06,5.126441407026e-01,3.232242148955e+02,-1.257097461249e-04,-1.370236232761e-02,0.000000000000e+00,0.000000000000e+00,2.428552514000e+02,0.000000000000e+00,0.000000000000e+00,0.000000000000e+00,0.000000000000e+00,9.890006190005e-04,1.078010674711e-01,2.671190485814e+02,2.524792022705e+02,0.000000000000e+00,1.164365771341e+00,0.000000000000e+00,5.546533813716e+04,1.090000000000e+02
2.964000000000e+03,1.032459950111e+08,8.408658668840e+04,1.007191349863e+06,5.139623212593e-01,3.241479645679e+02,-1.369231614264e-04,-1.492462459548e-02,0.000000000000e+00,0.000000000000e+00,1.554111587003e+02,0.000000000000e+00,0.000000000000e+00,0.000000000000e+00,0.000000000000e+00,7.639138036142e-04,8.326660459395e-02,2.669924748411e+02,2.520738525391e+02,0.000000000000e+00,1.162226621309e+00,0.000000000000e+00,5.546392525737e+04,1.090000000000e+02
2.965000000000e+03,1.032459762608e+08,8.410533707283e+04,1.011293573010e+06,5.152241701836e-01,3.246805814825e+02,-1.513442865735e-04,-1.649652723651e-02,0.000000000000e+00,0.000000000000e+00,1.875038443877e+01,0.000000000000e+00,0.000000000000e+00,0.000000000000e+00,0.000000000000e+00,5.320977186831e-04,5.799865133646e-02,2.668556093913e+02,2.520551757812e+02,0.000000000000e+00,1.158536918636e+00,0.000000000000e+00,5.546230457250e+04,1.090000000000e+02
2.966000000000e+03,1.032456818288e+08,8.439976906630e+04,1.015803213731e+06,5.167042650150e-01,3.252014111455e+02,-1.510854470101e-04,-1.646831372410e-02,0.000000000000e+00,0.000000000000e+00,2.944319934644e+02,0.000000000000e+00,0.000000000000e+00,0.000000000000e+00,0.000000000000e+00,5.985867435204e-04,6.524595504372e-02,2.667354163187e+02,2.516903991699e+02,0.000000000000e+00,1.161728596142e+00,0.000000000000e+00,5.546108126971e+04,1.090000000000e+02
2.967000000000e+03,1.032454328048e+08,8.464879298416e+04,1.019782906655e+06,5.177863533273e-01,3.258048636067e+02,-1.342644403370e-04,-1.463482399673e-02,0.000000000000e+00,0.000000000000e+00,2.490239178573e+02,0.000000000000e+00,0.000000000000e+00,0.000000000000e+00,0.000000000000e+00,5.300906193356e-04,5.777987750758e-02,2.665607973041e+02,2.509975128174e+02,0.000000000000e+00,1.163057458986e+00,0.000000000000e+00,5.545909724467e+04,1.090000000000e+02
2.968000000000e+03,1.032452001018e+08,8.488149606870e+04,1.023053817605e+06,5.184665900478e-01,3.264283130926e+02,-1.332241457626e-04,-1.452143188812e-02,0.000000000000e+00,0.000000000000e+00,2.327030845423e+02,0.000000000000e+00,0.000000000000e+00,0.000000000000e+00,0.000000000000e+00,4.116375031958e-04,4.486848784834e-02,2.664540625795e+02,2.515601043701e+02,0.000000000000e+00,1.163510112192e+00,0.000000000000e+00,5.545786228462e+04,1.090000000000e+02
2.969000000000e+03,1.032449807342e+08,8.510086357973e+04,1.027392975281e+06,5.199509632205e-01,3.268779084709e+02,-1.408685454078e-04,-1.535467144944e-02,0.000000000000e+00,0.000000000000e+00,2.193675110285e+02,0.000000000000e+00,0.000000000000e+00,0.000000000000e+00,0.000000000000e+00,5.774396813023e-04,6.294092526195e-02,2.664399735247e+02,2.528369598389e+02,0.000000000000e+00,1.163578453614e+00,0.000000000000e+00,5.545770338147e+04,1.090000000000e+02
2.970000000000e+03,1.032447710339e+08,8.531056396775e+04,1.032453281047e+06,5.217903159468e-01,3.273407920868e+02,-1.436792181782e-04,-1.566103478143e-02,0.000000000000e+00,0.000000000000e+00,2.097003880207e+02,0.000000000000e+00,0.000000000000e+00,0.000000000000e+00,0.000000000000e+00,6.990922874159e-04,7.620105932833e-02,2.662860736402e+02,2.511847381592e+02,0.000000000000e+00,1.164411786948e+00,0.000000000000e+00,5.545587005547e+04,1.090000000000e+02
2.971000000000e+03,1.032445675388e+08,8.551405905518e+04,1.036290930502e+06,5.227626328528e-01,3.279632418841e+02,-1.217865721200e-04,-1.327473636108e-02,0.000000000000e+00,0.000000000000e+00,2.034950874295e+02,0.000000000000e+00,0.000000000000e+00,0.000000000000e+00,0.000000000000e+00,5.218851365757e-04,5.688547988675e-02,2.660532787419e+02,2.503520812988e+02,0.000000000000e+00,1.165669568117e+00,0.000000000000e+00,5.545302792194e+04,1.090000000000e+02
2.972000000000e+03,1.032443700180e+08,8.571157983270e+04,1.039934399978e+06,5.236734566708e-01,3.285548295706e+02,-9.520896980513e-05,-1.037777770876e-02,0.000000000000e+00,0.000000000000e+00,1.975207775281e+02,0.000000000000e+00,0.000000000000e+00,0.000000000000e+00,0.000000000000e+00,5.133052266064e-04,5.595026970010e-02,2.659053996549e+02,2.515233459473e+02,0.000000000000e+00,1.166867529278e+00,0.000000000000e+00,5.545118285206e+04,1.090000000000e+02
2.973000000000e+03,1.032441798012e+08,8.590179666893e+04,1.044139541061e+06,5.250178688206e-01,3.290416906188e+02,-8.892554175904e-05,-9.692884051735e-03,0.000000000000e+00,0.000000000000e+00,1.902168362204e+02,0.000000000000e+00,0.000000000000e+00,0.000000000000e+00,0.000000000000e+00,6.083974260747e-04,6.631531944214e-02,2.658646033703e+02,2.524405059814e+02,0.000000000000e+00,1.167247158908e+00,0.000000000000e+00,5.545067326033e+04,1.090000000000e+02
2.974000000000e+03,1.032439975540e+08,8.608404380547e+04,1.049242923070e+06,5.269061372519e-01,3.294645275415e+02,-1.121682326100e-04,-1.222633735449e-02,0.000000000000e+00,0.000000000000e+00,1.822471365418e+02,0.000000000000e+00,0.000000000000e+00,0.000000000000e+00,0.000000000000e+00,7.319453876888e-04,7.978204725808e-02,2.658702254399e+02,2.527494659424e+02,0.000000000000e+00,1.167432344093e+00,0.000000000000e+00,5.545075026425e+04,1.090000000000e+02
2.975000000000e+03,1.032438228489e+08,8.625874892605e+04,1.054668026679e+06,5.289285841059e-01,3.299000649044e+02,-1.218019868767e-04,-1.327641656956e-02,0.000000000000e+00,0.000000000000e+00,1.747051205839e+02,0.000000000000e+00,0.000000000000e+00,0.000000000000e+00,0.000000000000e+00,7.748898923458e-04,8.446299826570e-02,2.658920974681e+02,2.531639709473e+02,0.000000000000e+00,1.167710121871e+00,0.000000000000e+00,5.545103317549e+04,1.090000000000e+02
2.976000000000e+03,1.032436550950e+08,8.642650283351e+04,1.060252119009e+06,5.310788583514e-01,3.303035446731e+02,-1.335356013699e-04,-1.455538054932e-02,0.000000000000e+00,0.000000000000e+00,1.677539074620e+02,0.000000000000e+00,0.000000000000e+00,0.000000000000e+00,0.000000000000e+00,7.901190727596e-04,8.612297893080e-02,2.658974268345e+02,2.537136688232e+02,0.000000000000e+00,1.167318244909e+00,0.000000000000e+00,5.545110522407e+04,1.090000000000e+02
2.977000000000e+03,1.032434923194e+08,8.658927845305e+04,1.065559290776e+06,5.330296449640e-01,3.307530258150e+02,-1.155979769602e-04,-1.260017948866e-02,0.000000000000e+00,0.000000000000e+00,1.627756195326e+02,0.000000000000e+00,0.000000000000e+00,0.000000000000e+00,0.000000000000e+00,7.683395380215e-04,8.374900964434e-02,2.657528773704e+02,2.519697570801e+02,0.000000000000e+00,1.166795662987e+00,0.000000000000e+00,5.544925916690e+04,1.090000000000e+02
2.978000000000e+03,1.032433335912e+08,8.674800661776e+04,1.071481737443e+06,5.354415572270e-01,3.311000273626e+02,-1.178252874836e-04,-1.284295633571e-02,0.000000000000e+00,0.000000000000e+00,1.587281647174e+02,0.000000000000e+00,0.000000000000e+00,0.000000000000e+00,0.000000000000e+00,8.657207332409e-04,9.436355992326e-02,2.656638932582e+02,2.524085693359e+02,0.000000000000e+00,1.167073440765e+00,0.000000000000e+00,5.544811761398e+04,1.090000000000e+02
2.979000000000e+03,1.032431798289e+08,8.690176896934e+04,1.077341170461e+06,5.377023371535e-01,3.315129644756e+02,-1.259744314382e-04,-1.373121302677e-02,0.000000000000e+00,0.000000000000e+00,1.537623515816e+02,0.000000000000e+00,0.000000000000e+00,0.000000000000e+00,0.000000000000e+00,8.446059373379e-04,9.206204716983e-02,2.656370005947e+02,2.533397979736e+02,0.000000000000e+00,1.167443811135e+00,0.000000000000e+00,5.544777791368e+04,1.090000000000e+02
2.980000000000e+03,1.032430307800e+08,8.705081779746e+04,1.082015575328e+06,5.392019028171e-01,3.320296541850e+02,-9.702293968670e-05,-1.057550042585e-02,0.000000000000e+00,0.000000000000e+00,1.490488281121e+02,0.000000000000e+00,0.000000000000e+00,0.000000000000e+00,0.000000000000e+00,6.787011342470e-04,7.397842363292e-02,2.655821066223e+02,2.535629119873e+02,0.000000000000e+00,1.167152788218e+00,0.000000000000e+00,5.544706491847e+04,1.090000000000e+02
2.981000000000e+03,1.032428858254e+08,8.719577244691e+04,1.086280032430e+06,5.405088052916e-01,3.325369377998e+02,-8.041206132251e-05,-8.764914684154e-03,0.000000000000e+00,0.000000000000e+00,1.449546494508e+02,0.000000000000e+00,0.000000000000e+00,0.000000000000e+00,0.000000000000e+00,6.277101422205e-04,6.842040550203e-02,2.655225392179e+02,2.533247375488e+02,0.000000000000e+00,1.166142016249e+00,0.000000000000e+00,5.544628801315e+04,1.090000000000e+02
2.982000000000e+03,1.032427447291e+08,8.733686868651e+04,1.090618442830e+06,5.418589493345e-01,3.330376976450e+02,-7.931109065928e-05,-8.644908881862e-03,0.000000000000e+00,0.000000000000e+00,1.410962396063e+02,0.000000000000e+00,0.000000000000e+00,0.000000000000e+00,0.000000000000e+00,6.410027410996e-04,6.986929877985e-02,2.654648216048e+02,2.534742431641e+02,0.000000000000e+00,1.165588560711e+00,0.000000000000e+00,5.544553082482e+04,1.090000000000e+02
2.983000000000e+03,1.032426071318e+08,8.747446604472e+04,1.094527142420e+06,5.429138473286e-01,3.335886099161e+02,-6.382942543855e-05,-6.957407372802e-03,0.000000000000e+00,0.000000000000e+00,1.375973582069e+02,0.000000000000e+00,0.000000000000e+00,0.000000000000e+00,0.000000000000e+00,5.865873251504e-04,6.393801844140e-02,2.653806854070e+02,2.537136230469e+02,0.000000000000e+00,1.165773745896e+00,0.000000000000e+00,5.544441011243e+04,1.090000000000e+02
2.984000000000e+03,1.032424731862e+08,8.760841166262e+04,1.098408438503e+06,5.438961041708e-01,3.341671513789e+02,-5.976719403780e-05,-6.514624150121e-03,0.000000000000e+00,0.000000000000e+00,1.339456178975e+02,0.000000000000e+00,0.000000000000e+00,0.000000000000e+00,0.000000000000e+00,5.825668180197e-04,6.349978316415e-02,2.653771617905e+02,2.548011016846e+02,0.000000000000e+00,1.165361690351e+00,0.000000000000e+00,5.544437912202e+04,1.090000000000e+02
2.985000000000e+03,1.032423429337e+08,8.773866414032e+04,1.102878787351e+06,5.453459104597e-01,3.346392939712e+02,-6.985046046090e-05,-7.613700190238e-03,0.000000000000e+00,0.000000000000e+00,1.302524777069e+02,0.000000000000e+00,0.000000000000e+00,0.000000000000e+00,0.000000000000e+00,6.721064474431e-04,7.325960277130e-02,2.653260311560e+02,2.546492462158e+02,0.000000000000e+00,1.164135799376e+00,0.000000000000e+00,5.544369466147e+04,1.090000000000e+02
2.986000000000e+03,1.032422154336e+08,8.786616424217e+04,1.106135267948e+06,5.459793929280e-01,3.352464653813e+02,-5.507787523286e-05,-6.003488400382e-03,0.000000000000e+00,0.000000000000e+00,1.275001018446e+02,0.000000000000e+00,0.000000000000e+00,0.000000000000e+00,0.000000000000e+00,4.884114646255e-04,5.323684964418e-02,2.652225968236e+02,2.534848632813e+02,0.000000000000e+00,1.164515674971e+00,0.000000000000e+00,5.544229090766e+04,1.090000000000e+02
2.987000000000e+03,1.032420902569e+08,8.799134088160e+04,1.109431217842e+06,5.467327428343e-01,3.357910241297e+02,-4.448747162730e-05,-4.849134407376e-03,0.000000000000e+00,0.000000000000e+00,1.251766394315e+02,0.000000000000e+00,0.000000000000e+00,0.000000000000e+00,0.000000000000e+00,5.057972945511e-04,5.513190510607e-02,2.651150275648e+02,2.530272521973e+02,0.000000000000e+00,1.164042402251e+00,0.000000000000e+00,5.544081587619e+04,1.090000000000e+02
2.988000000000e+03,1.032419675563e+08,8.811404152492e+04,1.113883761507e+06,5.481815518875e-01,3.362542206996e+02,-6.624315170784e-05,-7.220503536155e-03,0.000000000000e+00,0.000000000000e+00,1.227006433224e+02,0.000000000000e+00,0.000000000000e+00,0.000000000000e+00,0.000000000000e+00,6.741672552943e-04,7.348423082708e-02,2.650364271854e+02,2.532356414795e+02,0.000000000000e+00,1.164134994844e+00,0.000000000000e+00,5.543973147420e+04,1.090000000000e+02
2.989000000000e+03,1.032419017007e+08,8.817989711236e+04,1.117677701628e+06,5.491644749062e-01,3.367991219751e+02,-8.026387295106e-05,-8.748762151666e-03,0.000000000000e+00,0.000000000000e+00,6.585558743998e+01,0.000000000000e+00,0.000000000000e+00,0.000000000000e+00,0.000000000000e+00,5.494874799029e-04,5.989413530942e-02,2.649968973967e+02,2.536759490967e+02,0.000000000000e+00,1.161912772622e+00,0.000000000000e+00,5.543915633716e+04,1.090000000000e+02
2.990000000000e+03,1.032419677486e+08,8.811384917140e+04,1.120970966685e+06,5.498852674198e-01,3.373522744637e+02,-9.241279179514e-05,-1.007299430567e-02,0.000000000000e+00,0.000000000000e+00,-6.604794096518e+01,0.000000000000e+00,0.000000000000e+00,0.000000000000e+00,0.000000000000e+00,4.545188384075e-04,4.954255338642e-02,2.649626486401e+02,2.542370605469e+02,0.000000000000e+00,1.158963650266e+00,0.000000000000e+00,5.543857478571e+04,1.090000000000e+02
2.991000000000e+03,1.032418438203e+08,8.823777746336e+04,1.124186924069e+06,5.505064470830e-01,3.379416667803e+02,-8.795582483901e-05,-9.587184907452e-03,0.000000000000e+00,0.000000000000e+00,1.239282919660e+02,0.000000000000e+00,0.000000000000e+00,0.000000000000e+00,0.000000000000e+00,4.460637021029e-04,4.862094352922e-02,2.649176209483e+02,2.541549987793e+02,0.000000000000e+00,1.161185872489e+00,0.000000000000e+00,5.543803197550e+04,1.090000000000e+02
2.992000000000e+03,1.032416932833e+08,8.838831445305e+04,1.127749098929e+06,5.514672079884e-01,3.384260143706e+02,-7.130297104620e-05,-7.772023844035e-03,0.000000000000e+00,0.000000000000e+00,1.505369896853e+02,0.000000000000e+00,0.000000000000e+00,0.000000000000e+00,0.000000000000e+00,5.204787888868e-04,5.673218798866e-02,2.648671639887e+02,2.539223632813e+02,0.000000000000e+00,1.161863030538e+00,0.000000000000e+00,5.543735352465e+04,1.090000000000e+02
2.993000000000e+03,1.032415572031e+08,8.852439469942e+04,1.131110568872e+06,5.522365086288e-01,3.389656602340e+02,-5.390471775785e-05,-5.875614235606e-03,0.000000000000e+00,0.000000000000e+00,1.360802463743e+02,0.000000000000e+00,0.000000000000e+00,0.000000000000e+00,0.000000000000e+00,5.044573982895e-04,5.498585641355e-02,2.648225007126e+02,2.538805236816e+02,0.000000000000e+00,1.162087852280e+00,0.000000000000e+00,5.543673996712e+04,1.090000000000e+02
2.994000000000e+03,1.032414283908e+08,8.865320698051e+04,1.133727123000e+06,5.525319029900e-01,3.395759077209e+02,-3.693020917005e-05,-4.025392799535e-03,0.000000000000e+00,0.000000000000e+00,1.288122810880e+02,0.000000000000e+00,0.000000000000e+00,0.000000000000e+00,0.000000000000e+00,4.003769915095e-04,4.364109207453e-02,2.647336442940e+02,2.531322937012e+02,0.000000000000e+00,1.162458222651e+00,0.000000000000e+00,5.543547311820e+04,1.090000000000e+02
2.995000000000e+03,1.032413046941e+08,8.877690371271e+04,1.137911183670e+06,5.539087876592e-01,3.399834404673e+02,-5.103029130643e-05,-5.562301752401e-03,0.000000000000e+00,0.000000000000e+00,1.236967321975e+02,0.000000000000e+00,0.000000000000e+00,0.000000000000e+00,0.000000000000e+00,6.422615913157e-04,7.000651345341e-02,2.647146233267e+02,2.538346862793e+02,0.000000000000e+00,1.162736000428e+00,0.000000000000e+00,5.543522333591e+04,1.090000000000e+02
2.996000000000e+03,1.032411853408e+08,8.889625697982e+04,1.141691030289e+06,5.548480877267e-01,3.405384666832e+02,-6.206826475622e-05,-6.765440858428e-03,0.000000000000e+00,0.000000000000e+00,1.193532671058e+02,0.000000000000e+00,0.000000000000e+00,0.000000000000e+00,0.000000000000e+00,5.652320230889e-04,6.161029051669e-02,2.646782558571e+02,2.539913330078e+02,0.000000000000e+00,1.163115876024e+00,0.000000000000e+00,5.543471017685e+04,1.090000000000e+02
2.997000000000e+03,1.032410695117e+08,8.901208612593e+04,1.145372284703e+06,5.558652608680e-01,3.410173830360e+02,-6.348487712284e-05,-6.919851606390e-03,0.000000000000e+00,0.000000000000e+00,1.158291461162e+02,0.000000000000e+00,0.000000000000e+00,0.000000000000e+00,0.000000000000e+00,5.491134361780e-04,5.985336454340e-02,2.646103889144e+02,2.537506408691e+02,0.000000000000e+00,1.163208468617e+00,0.000000000000e+00,5.543372834411e+04,1.090000000000e+02
2.998000000000e+03,1.032409566878e+08,8.912490993884e+04,1.149041288005e+06,5.568215134549e-01,3.415286062150e+02,-6.998921067908e-05,-7.628823964020e-03,0.000000000000e+00,0.000000000000e+00,1.128238129076e+02,0.000000000000e+00,0.000000000000e+00,0.000000000000e+00,0.000000000000e+00,5.407689103420e-04,5.894381122728e-02,2.645396264808e+02,2.531352996826e+02,0.000000000000e+00,1.163001776840e+00,0.000000000000e+00,5.543269842671e+04,1.090000000000e+02
2.999000000000e+03,1.032408468069e+08,8.923479088307e+04,1.152198437729e+06,5.573790362391e-01,3.421204633672e+02,-4.835460325773e-05,-5.270651755093e-03,0.000000000000e+00,0.000000000000e+00,1.098809442322e+02,0.000000000000e+00,0.000000000000e+00,0.000000000000e+00,0.000000000000e+00,4.719423220656e-04,5.144171310515e-02,2.645811260411e+02,2.549983367920e+02,0.000000000000e+00,1.163001776840e+00,0.000000000000e+00,5.543334422540e+04,1.090000000000e+02
3.000000000000e+03,1.032407402526e+08,8.934134521799e+04,1.155509940874e+06,5.581949108262e-01,3.425954658056e+02,-4.658314016580e-05,-5.077562278072e-03,0.000000000000e+00,0.000000000000e+00,1.065543349184e+02,0.000000000000e+00,0.000000000000e+00,0.000000000000e+00,0.000000000000e+00,4.976865176788e-04,5.424783042699e-02,2.646541044634e+02,2.559228820801e+02,0.000000000000e+00,1.163001776840e+00,0.000000000000e+00,5.543444228729e+04,1.090000000000e+02
3.001000000000e+03,1.032406365851e+08,8.944501271359e+04,1.158676990428e+06,5.588129228065e-01,3.431521062938e+02,-4.793688802498e-05,-5.225120794723e-03,0.000000000000e+00,0.000000000000e+00,1.036674955969e+02,0.000000000000e+00,0.000000000000e+00,0.000000000000e+00,0.000000000000e+00,4.748467229998e-04,5.175829280697e-02,2.646797888652e+02,2.558812561035e+02,0.000000000000e+00,1.163001776840e+00,0.000000000000e+00,5.543483462482e+04,1.090000000000e+02
3.002000000000e+03,1.032405354980e+08,8.954609975587e+04,1.161899570075e+06,5.595059083879e-01,3.436741667524e+02,-3.074853612743e-05,-3.351590437890e-03,0.000000000000e+00,0.000000000000e+00,1.010870422805e+02,0.000000000000e+00,0.000000000000e+00,0.000000000000e+00,0.000000000000e+00,4.991441069125e-04,5.440670765346e-02,2.647461904223e+02,2.567831115723e+02,0.000000000000e+00,1.162714493837e+00,0.000000000000e+00,5.543582434546e+04,1.090000000000e+02
3.003000000000e+03,1.032404366012e+08,8.964499660406e+04,1.166041251101e+06,5.608591853728e-01,3.440671278417e+02,-1.986266392424e-05,-2.165030367743e-03,0.000000000000e+00,0.000000000000e+00,9.889684819736e+01,0.000000000000e+00,0.000000000000e+00,0.000000000000e+00,0.000000000000e+00,6.656181551886e-04,7.255237891556e-02,2.647441374140e+02,2.560948791504e+02,0.000000000000e+00,1.162807086429e+00,0.000000000000e+00,5.543580838190e+04,1.090000000000e+02
3.004000000000e+03,1.032403393588e+08,8.974223901351e+04,1.170721318782e+06,5.623802091937e-01,3.445230820379e+02,-2.837485271677e-05,-3.092858946128e-03,0.000000000000e+00,0.000000000000e+00,9.724240944815e+01,0.000000000000e+00,0.000000000000e+00,0.000000000000e+00,0.000000000000e+00,7.513780540782e-04,8.190020789453e-02,2.646410410112e+02,2.543579406738e+02,0.000000000000e+00,1.162191911915e+00,0.000000000000e+00,5.543431350239e+04,1.090000000000e+02
3.005000000000e+03,1.032402435371e+08,8.983806070572e+04,1.175568143711e+06,5.640829729879e-01,3.449135336361e+02,-2.877860533359e-05,-3.136867981362e-03,0.000000000000e+00,0.000000000000e+00,9.582169221051e+01,0.000000000000e+00,0.000000000000e+00,0.000000000000e+00,0.000000000000e+00,7.781095708409e-04,8.481394322166e-02,2.645482607713e+02,2.539071044922e+02,0.000000000000e+00,1.162849565289e+00,0.000000000000e+00,5.543296274650e+04,1.090000000000e+02
3.006000000000e+03,1.032401493482e+08,8.993224956037e+04,1.179286403155e+06,5.650188843429e-01,3.454328123937e+02,-6.670463802061e-06,-7.270805544246e-04,0.000000000000e+00,0.000000000000e+00,9.418885465067e+01,0.000000000000e+00,0.000000000000e+00,0.000000000000e+00,0.000000000000e+00,6.095396018814e-04,6.643981660507e-02,2.645307364878e+02,2.550620422363e+02,0.000000000000e+00,1.163074659039e+00,0.000000000000e+00,5.543272774814e+04,1.090000000000e+02
3.007000000000e+03,1.032400569918e+08,9.002460595963e+04,1.182693387666e+06,5.658406086073e-01,3.459238750504e+02,-6.190862049151e-06,-6.748039633574e-04,0.000000000000e+00,0.000000000000e+00,9.235639925644e+01,0.000000000000e+00,0.000000000000e+00,0.000000000000e+00,0.000000000000e+00,5.555221638185e-04,6.055191585622e-02,2.645701867334e+02,2.561318969727e+02,0.000000000000e+00,1.161632264021e+00,0.000000000000e+00,5.543333787414e+04,1.090000000000e+02
3.008000000000e+03,1.032399664892e+08,9.011510865711e+04,1.186322619531e+06,5.667158729364e-01,3.464443482934e+02,-2.758211934747e-05,-3.006451008874e-03,0.000000000000e+00,0.000000000000e+00,9.050269748008e+01,0.000000000000e+00,0.000000000000e+00,0.000000000000e+00,0.000000000000e+00,5.701500591356e-04,6.214635644578e-02,2.646244498675e+02,2.568470153809e+02,0.000000000000e+00,1.161164310282e+00,0.000000000000e+00,5.543415923632e+04,1.090000000000e+02
3.009000000000e+03,1.032398777511e+08,9.020384680612e+04,1.189956447033e+06,5.677717837703e-01,3.468546913420e+02,-2.606795786099e-05,-2.841407406848e-03,0.000000000000e+00,0.000000000000e+00,8.873814900970e+01,0.000000000000e+00,0.000000000000e+00,0.000000000000e+00,0.000000000000e+00,5.727257624346e-04,6.242710810537e-02,2.646730991963e+02,2.572004699707e+02,0.000000000000e+00,1.160246171865e+00,0.000000000000e+00,5.543489143026e+04,1.090000000000e+02
3.010000000000e+03,1.032397906137e+08,9.029098415410e+04,1.193754022986e+06,5.687887421319e-01,3.473344739280e+02,-1.795341137225e-05,-1.956921839576e-03,0.000000000000e+00,0.000000000000e+00,8.713734798030e+01,0.000000000000e+00,0.000000000000e+00,0.000000000000e+00,0.000000000000e+00,6.076759805061e-04,6.623668187516e-02,2.647267649507e+02,2.573688354492e+02,0.000000000000e+00,1.160246171865e+00,0.000000000000e+00,5.543569293458e+04,1.090000000000e+02
3.011000000000e+03,1.032398058767e+08,9.027572122656e+04,1.196885594053e+06,5.693107118525e-01,3.479219700945e+02,1.164466338488e-06,1.269268308952e-04,0.000000000000e+00,0.000000000000e+00,-1.526292754430e+01,0.000000000000e+00,0.000000000000e+00,0.000000000000e+00,0.000000000000e+00,5.169717921940e-04,5.634992534914e-02,2.647775062891e+02,2.580736083984e+02,0.000000000000e+00,1.156257646033e+00,0.000000000000e+00,5.543639005848e+04,1.090000000000e+02
3.012000000000e+03,1.032398303926e+08,9.025120529850e+04,1.200060112764e+06,5.700724795478e-01,3.483749258255e+02,5.434981449959e-06,5.924129780456e-04,0.000000000000e+00,0.000000000000e+00,-2.451592805142e+01,0.000000000000e+00,0.000000000000e+00,0.000000000000e+00,0.000000000000e+00,5.286891769535e-04,5.762712028794e-02,2.648202599395e+02,2.582598876953e+02,0.000000000000e+00,1.153153622710e+00,0.000000000000e+00,5.543697764895e+04,1.090000000000e+02
3.013000000000e+03,1.032397696379e+08,9.031195997455e+04,1.204483816869e+06,5.714235173412e-01,3.488289417964e+02,-1.285715228266e-05,-1.401429598810e-03,0.000000000000e+00,0.000000000000e+00,6.075467604096e+01,0.000000000000e+00,0.000000000000e+00,0.000000000000e+00,0.000000000000e+00,7.172449709954e-04,7.817970183850e-02,2.648549003229e+02,2.582938537598e+02,0.000000000000e+00,1.153522189768e+00,0.000000000000e+00,5.543752841706e+04,1.090000000000e+02
3.014000000000e+03,1.032396510715e+08,9.043052642661e+04,1.209478798680e+06,5.732612810074e-01,3.491489563638e+02,-1.966174314682e-05,-2.143130003003e-03,0.000000000000e+00,0.000000000000e+00,1.185664520627e+02,0.000000000000e+00,0.000000000000e+00,0.000000000000e+00,0.000000000000e+00,8.048540147741e-04,8.772908761037e-02,2.648924540095e+02,2.583962707520e+02,0.000000000000e+00,1.153408957382e+00,0.000000000000e+00,5.543810980573e+04,1.090000000000e+02
3.015000000000e+03,1.032395466113e+08,9.053498660856e+04,1.213731818482e+06,5.746511133560e-01,3.495251523450e+02,-7.745455823593e-06,-8.442546847716e-04,0.000000000000e+00,0.000000000000e+00,1.044601819525e+02,0.000000000000e+00,0.000000000000e+00,0.000000000000e+00,0.000000000000e+00,6.936948352324e-04,7.561273704033e-02,2.649367058144e+02,2.586511230469e+02,0.000000000000e+00,1.153213462440e+00,0.000000000000e+00,5.543876679831e+04,1.090000000000e+02
3.016000000000e+03,1.032394482757e+08,9.063332222197e+04,1.218373797161e+06,5.761811616377e-01,3.499252691463e+02,1.944111661126e-05,2.119081710628e-03,0.000000000000e+00,0.000000000000e+00,9.833561340867e+01,0.000000000000e+00,0.000000000000e+00,0.000000000000e+00,0.000000000000e+00,7.847727004933e-04,8.554022435378e-02,2.649904966301e+02,2.590455932617e+02,0.000000000000e+00,1.153583832810e+00,0.000000000000e+00,5.543954980061e+04,1.090000000000e+02
3.017000000000e+03,1.032393538529e+08,9.072774496880e+04,1.223147694678e+06,5.778166639103e-01,3.502976463403e+02,3.696048999044e-05,4.028693408958e-03,0.000000000000e+00,0.000000000000e+00,9.442274682700e+01,0.000000000000e+00,0.000000000000e+00,0.000000000000e+00,0.000000000000e+00,8.244310863741e-04,8.986298841478e-02,2.650384579654e+02,2.592492065430e+02,0.000000000000e+00,1.153364781960e+00,0.000000000000e+00,5.544024225606e+04,1.090000000000e+02
3.018000000000e+03,1.032392623244e+08,9.081927348660e+04,1.227123022972e+06,5.789961873477e-01,3.507178108288e+02,6.488450221042e-05,7.072410740936e-03,0.000000000000e+00,0.000000000000e+00,9.152851780862e+01,0.000000000000e+00,0.000000000000e+00,0.000000000000e+00,0.000000000000e+00,7.213429512002e-04,7.862638168082e-02,2.650642579608e+02,2.592140502930e+02,0.000000000000e+00,1.153034048147e+00,0.000000000000e+00,5.544061968752e+04,1.090000000000e+02
3.019000000000e+03,1.032391731253e+08,9.090847263711e+04,1.231386819434e+06,5.803980320366e-01,3.510824609440e+02,7.249374607462e-05,7.901818322133e-03,0.000000000000e+00,0.000000000000e+00,8.919915050873e+01,0.000000000000e+00,0.000000000000e+00,0.000000000000e+00,0.000000000000e+00,7.757889066613e-04,8.456099082608e-02,2.651074569620e+02,2.595045776367e+02,0.000000000000e+00,1.153219233333e+00,0.000000000000e+00,5.544123911027e+04,1.090000000000e+02
3.020000000000e+03,1.032390859440e+08,9.099565391934e+04,1.235130445710e+06,5.814030364579e-01,3.515347874656e+02,5.945753482313e-05,6.480871295721e-03,0.000000000000e+00,0.000000000000e+00,8.718128222656e+01,0.000000000000e+00,0.000000000000e+00,0.000000000000e+00,0.000000000000e+00,6.752784741540e-04,7.360535368279e-02,2.651780874414e+02,2.601454162598e+02,0.000000000000e+00,1.153010178772e+00,0.000000000000e+00,5.544223252440e+04,1.090000000000e+02
3.021000000000e+03,1.032390004762e+08,9.108112169261e+04,1.239084410613e+06,5.826155169328e-01,3.519206377712e+02,5.830047428949e-05,6.354751697555e-03,0.000000000000e+00,0.000000000000e+00,8.546777326839e+01,0.000000000000e+00,0.000000000000e+00,0.000000000000e+00,0.000000000000e+00,7.093347662081e-04,7.731748951668e-02,2.652411358498e+02,2.603712158203e+02,0.000000000000e+00,1.153010178772e+00,0.000000000000e+00,5.544311103880e+04,1.090000000000e+02
3.022000000000e+03,1.032389164952e+08,9.116510268737e+04,1.243213159648e+06,5.838935383586e-01,3.523140638612e+02,7.074889986284e-05,7.711630085050e-03,0.000000000000e+00,0.000000000000e+00,8.398099476214e+01,0.000000000000e+00,0.000000000000e+00,0.000000000000e+00,0.000000000000e+00,7.502285825187e-04,8.177491549453e-02,2.653136713037e+02,2.609060668945e+02,0.000000000000e+00,1.153010178772e+00,0.000000000000e+00,5.544411110170e+04,1.090000000000e+02
3.023000000000e+03,1.032388338192e+08,9.124777867779e+04,1.246605716012e+06,5.847313407747e-01,3.527637816596e+02,8.433203659176e-05,9.192191988502e-03,0.000000000000e+00,0.000000000000e+00,8.267599041833e+01,0.000000000000e+00,0.000000000000e+00,0.000000000000e+00,0.000000000000e+00,6.424703172967e-04,7.002926458535e-02,2.653771636659e+02,2.612587280273e+02,0.000000000000e+00,1.153102771365e+00,0.000000000000e+00,5.544497896441e+04,1.090000000000e+02
3.024000000000e+03,1.032387523733e+08,9.132922456093e+04,1.249385888572e+06,5.852425802327e-01,3.532324354490e+02,1.135358811220e-04,1.237541104230e-02,0.000000000000e+00,0.000000000000e+00,8.144588313776e+01,0.000000000000e+00,0.000000000000e+00,0.000000000000e+00,0.000000000000e+00,5.681588403278e-04,6.192931359573e-02,2.654847771221e+02,2.623363647461e+02,0.000000000000e+00,1.150996710025e+00,0.000000000000e+00,5.544642730719e+04,1.090000000000e+02
3.025000000000e+03,1.032386720136e+08,9.140958427471e+04,1.252669753111e+06,5.860804471141e-01,3.536470098142e+02,1.028853169686e-04,1.121449954958e-02,0.000000000000e+00,0.000000000000e+00,8.035971377871e+01,0.000000000000e+00,0.000000000000e+00,0.000000000000e+00,0.000000000000e+00,6.418200158620e-04,6.995838172896e-02,2.655738361924e+02,2.624875183105e+02,0.000000000000e+00,1.150996710025e+00,0.000000000000e+00,5.544760917126e+04,1.090000000000e+02
3.026000000000e+03,1.032385925455e+08,9.148905239968e+04,1.257932747774e+06,5.881334631532e-01,3.538878614342e+02,9.220361179532e-05,1.005019368569e-02,0.000000000000e+00,0.000000000000e+00,7.946812497790e+01,0.000000000000e+00,0.000000000000e+00,0.000000000000e+00,0.000000000000e+00,9.599011260679e-04,1.046292227414e-01,2.656367364346e+02,2.624607849121e+02,0.000000000000e+00,1.150630056025e+00,0.000000000000e+00,5.544843801068e+04,1.090000000000e+02
3.027000000000e+03,1.032385139399e+08,9.156765803503e+04,1.261976352727e+06,5.893059538547e-01,3.543118432206e+02,1.167101040353e-04,1.272140133985e-02,0.000000000000e+00,0.000000000000e+00,7.860563534376e+01,0.000000000000e+00,0.000000000000e+00,0.000000000000e+00,0.000000000000e+00,7.814926892053e-04,8.518270312338e-02,2.657233947314e+02,2.630239257812e+02,0.000000000000e+00,1.150444870840e+00,0.000000000000e+00,5.544956739665e+04,1.090000000000e+02
3.028000000000e+03,1.032384360534e+08,9.164554445905e+04,1.265173685952e+06,5.901173660192e-01,3.547167803661e+02,1.335665149869e-04,1.455875013357e-02,0.000000000000e+00,0.000000000000e+00,7.788642402776e+01,0.000000000000e+00,0.000000000000e+00,0.000000000000e+00,0.000000000000e+00,6.600201962341e-04,7.194220138951e-02,2.657756367145e+02,2.627440795898e+02,0.000000000000e+00,1.149470755140e+00,0.000000000000e+00,5.545024384106e+04,1.090000000000e+02
3.029000000000e+03,1.032383588763e+08,9.172272160757e+04,1.268139019552e+06,5.907338734006e-01,3.551702447626e+02,1.234904659706e-04,1.346046079080e-02,0.000000000000e+00,0.000000000000e+00,7.717714851112e+01,0.000000000000e+00,0.000000000000e+00,0.000000000000e+00,0.000000000000e+00,6.100496905906e-04,6.649541627437e-02,2.658592831330e+02,2.635914916992e+02,0.000000000000e+00,1.149470755140e+00,0.000000000000e+00,5.545131495065e+04,1.090000000000e+02
3.030000000000e+03,1.032382824742e+08,9.179912371928e+04,1.271988560942e+06,5.921183940916e-01,3.554063849385e+02,1.343272111341e-04,1.464166601362e-02,0.000000000000e+00,0.000000000000e+00,7.640211171677e+01,0.000000000000e+00,0.000000000000e+00,0.000000000000e+00,0.000000000000e+00,7.658934369857e-04,8.348238463145e-02,2.659707882968e+02,2.643602294922e+02,0.000000000000e+00,1.148519718088e+00,0.000000000000e+00,5.545271958724e+04,1.090000000000e+02
3.031000000000e+03,1.032382067521e+08,9.187484584106e+04,1.275872657058e+06,5.932760123636e-01,3.557859782944e+02,1.548686989716e-04,1.688068818790e-02,0.000000000000e+00,0.000000000000e+00,7.572212177307e+01,0.000000000000e+00,0.000000000000e+00,0.000000000000e+00,0.000000000000e+00,7.914987129334e-04,8.627335970974e-02,2.660974233573e+02,2.653844299316e+02,0.000000000000e+00,1.147818613905e+00,0.000000000000e+00,5.545428709963e+04,1.090000000000e+02
3.032000000000e+03,1.032381315088e+08,9.195008913037e+04,1.278916775307e+06,5.939490537173e-01,3.562232997279e+02,1.664954356606e-04,1.814800248701e-02,0.000000000000e+00,0.000000000000e+00,7.524328931515e+01,0.000000000000e+00,0.000000000000e+00,0.000000000000e+00,0.000000000000e+00,6.657005880707e-04,7.256136409970e-02,2.661921696828e+02,2.653823852539e+02,0.000000000000e+00,1.146731217169e+00,0.000000000000e+00,5.545544236936e+04,1.090000000000e+02
3.033000000000e+03,1.032380566291e+08,9.202496882748e+04,1.281938619464e+06,5.947155001562e-01,3.565984059356e+02,1.916143576283e-04,2.088596498148e-02,0.000000000000e+00,0.000000000000e+00,7.487969711032e+01,0.000000000000e+00,0.000000000000e+00,0.000000000000e+00,0.000000000000e+00,6.877220110938e-04,7.496169920922e-02,2.662747468308e+02,2.653506774902e+02,0.000000000000e+00,1.145285850488e+00,0.000000000000e+00,5.545643867639e+04,1.090000000000e+02
3.034000000000e+03,1.032379821197e+08,9.209947820901e+04,1.285339839303e+06,5.956808022316e-01,3.569582497008e+02,1.884885454566e-04,2.054525145477e-02,0.000000000000e+00,0.000000000000e+00,7.450938152905e+01,0.000000000000e+00,0.000000000000e+00,0.000000000000e+00,0.000000000000e+00,7.470675419599e-04,8.143036207363e-02,2.663642545746e+02,2.656712951660e+02,0.000000000000e+00,1.144263451179e+00,0.000000000000e+00,5.545750598929e+04,1.090000000000e+02
3.035000000000e+03,1.032379079473e+08,9.217365057872e+04,1.289662190909e+06,5.972551155339e-01,3.572078240201e+02,1.968209766765e-04,2.145348645774e-02,0.000000000000e+00,0.000000000000e+00,7.417236970689e+01,0.000000000000e+00,0.000000000000e+00,0.000000000000e+00,0.000000000000e+00,9.078602348563e-04,9.895676559933e-02,2.664529465248e+02,2.658271179199e+02,0.000000000000e+00,1.142700112729e+00,0.000000000000e+00,5.545855016275e+04,1.090000000000e+02
3.036000000000e+03,1.032378339962e+08,9.224760173030e+04,1.293329755150e+06,5.982886366848e-01,3.575999209259e+02,2.098056257590e-04,2.286881320773e-02,0.000000000000e+00,0.000000000000e+00,7.395115158769e+01,0.000000000000e+00,0.000000000000e+00,0.000000000000e+00,0.000000000000e+00,8.135741144220e-04,8.867957847200e-02,2.665183183901e+02,2.656517944336e+02,0.000000000000e+00,1.140830120797e+00,0.000000000000e+00,5.545931236599e+04,1.090000000000e+02
3.037000000000e+03,1.032377602773e+08,9.232132057920e+04,1.296595136615e+06,5.992344116298e-01,3.579315746548e+02,2.485205916420e-04,2.708874448898e-02,0.000000000000e+00,0.000000000000e+00,7.371884889600e+01,0.000000000000e+00,0.000000000000e+00,0.000000000000e+00,0.000000000000e+00,7.854708144922e-04,8.561631877965e-02,2.665904380415e+02,2.660412597656e+02,0.000000000000e+00,1.140830120797e+00,0.000000000000e+00,5.546014556535e+04,1.090000000000e+02
3.038000000000e+03,1.032376869343e+08,9.239466355805e+04,1.301038313620e+06,6.010097129483e-01,3.580889515783e+02,3.173890557481e-04,3.459540707654e-02,0.000000000000e+00,0.000000000000e+00,7.334297884495e+01,0.000000000000e+00,0.000000000000e+00,0.000000000000e+00,0.000000000000e+00,1.047413072194e-03,1.141680248692e-01,2.667030422262e+02,2.670380859375e+02,0.000000000000e+00,1.140176981872e+00,0.000000000000e+00,5.546142655576e+04,1.090000000000e+02
3.039000000000e+03,1.032376138970e+08,9.246770085550e+04,1.306938478593e+06,6.035813984365e-01,3.581721721447e+02,3.268988968009e-04,3.563197975130e-02,0.000000000000e+00,0.000000000000e+00,7.303729745089e+01,0.000000000000e+00,0.000000000000e+00,0.000000000000e+00,0.000000000000e+00,1.298025009085e-03,1.414847259903e-01,2.668147042397e+02,2.674275207520e+02,0.000000000000e+00,1.139772745837e+00,0.000000000000e+00,5.546267448969e+04,1.090000000000e+02
3.040000000000e+03,1.032375409294e+08,9.254066847981e+04,1.312874420055e+06,6.059820806869e-01,3.583682489419e+02,2.587041614148e-04,2.819875359422e-02,0.000000000000e+00,0.000000000000e+00,7.296762431032e+01,0.000000000000e+00,0.000000000000e+00,0.000000000000e+00,0.000000000000e+00,1.237382662028e-03,1.348747101611e-01,2.668890090357e+02,2.674375915527e+02,0.000000000000e+00,1.139772745837e+00,0.000000000000e+00,5.546349379988e+04,1.090000000000e+02
3.041000000000e+03,1.032374679540e+08,9.261364386561e+04,1.317826872344e+06,6.077851566514e-01,3.586488636043e+02,2.279104035230e-04,2.484223398400e-02,0.000000000000e+00,0.000000000000e+00,7.297538580011e+01,0.000000000000e+00,0.000000000000e+00,0.000000000000e+00,0.000000000000e+00,1.044631262717e-03,1.138648076361e-01,2.669464571983e+02,2.670426025391e+02,0.000000000000e+00,1.139680153244e+00,0.000000000000e+00,5.546412272234e+04,1.090000000000e+02
3.042000000000e+03,1.032373948958e+08,9.268670209840e+04,1.321038205838e+06,6.085639403500e-01,3.590608687674e+02,2.540839365348e-04,2.769514908230e-02,0.000000000000e+00,0.000000000000e+00,7.305823279612e+01,0.000000000000e+00,0.000000000000e+00,0.000000000000e+00,0.000000000000e+00,7.841261145118e-04,8.546974648179e-02,2.669729244685e+02,2.664530639648e+02,0.000000000000e+00,1.139680153244e+00,0.000000000000e+00,5.546441287873e+04,1.090000000000e+02
3.043000000000e+03,1.032373218588e+08,9.275973903396e+04,1.324085097318e+06,6.094098701039e-01,3.593871427097e+02,2.683121336928e-04,2.924602257252e-02,0.000000000000e+00,0.000000000000e+00,7.303693555919e+01,0.000000000000e+00,0.000000000000e+00,0.000000000000e+00,0.000000000000e+00,7.708896505085e-04,8.402697190543e-02,2.670054851419e+02,2.665059814453e+02,0.000000000000e+00,1.139680153244e+00,0.000000000000e+00,5.546476893515e+04,1.090000000000e+02
3.044000000000e+03,1.032372490184e+08,9.283257949368e+04,1.328656313406e+06,6.112400376189e-01,3.595443060021e+02,2.949774416742e-04,3.215254114249e-02,0.000000000000e+00,0.000000000000e+00,7.284045971952e+01,0.000000000000e+00,0.000000000000e+00,0.000000000000e+00,0.000000000000e+00,1.048782910819e-03,1.143173372792e-01,2.670593951808e+02,2.668302612305e+02,0.000000000000e+00,1.139680153244e+00,0.000000000000e+00,5.546535145945e+04,1.090000000000e+02
3.045000000000e+03,1.032371765543e+08,9.290504362033e+04,1.331970622900e+06,6.120898536121e-01,3.599335591595e+02,3.452990015485e-04,3.763759116879e-02,0.000000000000e+00,0.000000000000e+00,7.246412664694e+01,0.000000000000e+00,0.000000000000e+00,0.000000000000e+00,0.000000000000e+00,8.891045471973e-04,9.691239564451e-02,2.671635645312e+02,2.678546447754e+02,0.000000000000e+00,1.138647193817e+00,0.000000000000e+00,5.546645888527e+04,1.090000000000e+02
3.046000000000e+03,1.032371043497e+08,9.297724818349e+04,1.334003262704e+06,6.122952705517e-01,3.603546221081e+02,3.365932111718e-04,3.668866001772e-02,0.000000000000e+00,0.000000000000e+00,7.220456315799e+01,0.000000000000e+00,0.000000000000e+00,0.000000000000e+00,0.000000000000e+00,6.683457123785e-04,7.284968264926e-02,2.672706741856e+02,2.686212768555e+02,0.000000000000e+00,1.138257841965e+00,0.000000000000e+00,5.546757736089e+04,1.090000000000e+02
3.047000000000e+03,1.032370323627e+08,9.304923516567e+04,1.336317141569e+06,6.128176830202e-01,3.606631562473e+02,3.836888236039e-04,4.182208177282e-02,0.000000000000e+00,0.000000000000e+00,7.198698218041e+01,0.000000000000e+00,0.000000000000e+00,0.000000000000e+00,0.000000000000e+00,7.610199817132e-04,8.295117800673e-02,2.674024306714e+02,2.694077758789e+02,0.000000000000e+00,1.136900947602e+00,0.000000000000e+00,5.546892760709e+04,1.090000000000e+02
3.048000000000e+03,1.032369604762e+08,9.312036395319e+04,1.338598829300e+06,6.129998211048e-01,3.611629341246e+02,4.089959596852e-04,4.458055960569e-02,0.000000000000e+00,7.578612408824e-01,7.188664876771e+01,0.000000000000e+00,0.000000000000e+00,0.000000000000e+00,0.000000000000e+00,7.810529880876e-04,8.513477570155e-02,2.675353416652e+02,2.699099731445e+02,0.000000000000e+00,1.136715762417e+00,7.578612408824e-01,5.547026115504e+04,1.090000000000e+02
3.049000000000e+03,1.032369883997e+08,9.307204473062e+04,1.341131437994e+06,6.136504024674e-01,3.614545597096e+02,4.435743412313e-04,4.834960319421e-02,0.000000000000e+00,2.039623526230e+01,-2.792298731183e+01,0.000000000000e+00,0.000000000000e+00,0.000000000000e+00,0.000000000000e+00,8.575010542197e-04,9.346761490995e-02,2.676634410760e+02,2.703914794922e+02,0.000000000000e+00,1.133096985321e+00,2.039623526230e+01,5.547149777076e+04,1.090000000000e+02
3.050000000000e+03,1.032369644854e+08,9.307000306804e+04,1.345356736435e+06,6.154601507802e-01,3.615207603074e+02,4.845514827672e-04,5.281611162162e-02,0.000000000000e+00,2.595699354583e+01,2.391533097055e+01,0.000000000000e+00,0.000000000000e+00,0.000000000000e+00,0.000000000000e+00,1.179440935313e-03,1.285590619492e-01,2.677653917689e+02,2.702321166992e+02,0.000000000000e+00,1.131849475473e+00,2.595699354583e+01,5.547247548494e+04,1.090000000000e+02
3.051000000000e+03,1.032369246899e+08,9.308385587349e+04,1.350206295432e+06,6.173660234569e-01,3.616994430409e+02,4.856845166201e-04,5.293961231159e-02,0.000000000000e+00,2.594072115198e+01,3.979352660168e+01,0.000000000000e+00,0.000000000000e+00,0.000000000000e+00,0.000000000000e+00,1.285012701392e-03,1.400663844517e-01,2.678363197428e+02,2.700245056152e+02,0.000000000000e+00,1.131226219780e+00,2.594072115198e+01,5.547314983864e+04,1.090000000000e+02
3.052000000000e+03,1.032368748791e+08,9.310614306898e+04,1.353679274729e+06,6.185029239756e-01,3.619579387218e+02,4.836125128105e-04,5.271376389635e-02,0.000000000000e+00,2.752312292694e+01,4.981031841701e+01,0.000000000000e+00,0.000000000000e+00,0.000000000000e+00,0.000000000000e+00,1.054712732705e-03,1.149636878649e-01,2.679222495545e+02,2.705227355957e+02,0.000000000000e+00,1.129966038284e+00,2.752312292694e+01,5.547396026259e+04,1.090000000000e+02
3.053000000000e+03,1.032367828585e+08,9.317062530864e+04,1.356339995746e+06,6.192304868023e-01,3.622381602040e+02,4.903767063284e-04,5.345106098980e-02,0.000000000000e+00,2.753800667991e+01,9.202024633831e+01,0.000000000000e+00,0.000000000000e+00,0.000000000000e+00,0.000000000000e+00,9.272483411421e-04,1.010700691845e-01,2.680049587472e+02,2.704778747559e+02,0.000000000000e+00,1.129884444545e+00,2.753800667991e+01,5.547474140229e+04,1.090000000000e+02
3.054000000000e+03,1.032366887212e+08,9.323740174428e+04,1.358389886856e+06,6.196949009306e-01,3.625089037620e+02,5.104662549408e-04,5.564082178854e-02,0.000000000000e+00,2.735930204286e+01,9.413573767926e+01,0.000000000000e+00,0.000000000000e+00,0.000000000000e+00,0.000000000000e+00,8.464755784955e-04,9.226583805601e-02,2.680852041871e+02,2.707965087891e+02,0.000000000000e+00,1.129981212055e+00,2.735930204286e+01,5.547548128959e+04,1.090000000000e+02
3.055000000000e+03,1.032365987229e+08,9.329678100817e+04,1.360164163319e+06,6.199045019398e-01,3.628537744889e+02,5.748488867611e-04,6.265852865696e-02,0.000000000000e+00,3.061969716926e+01,8.999896106008e+01,0.000000000000e+00,0.000000000000e+00,0.000000000000e+00,0.000000000000e+00,8.646204860645e-04,9.424363298103e-02,2.681846450016e+02,2.715332641602e+02,0.000000000000e+00,1.128364917570e+00,3.061969716926e+01,5.547638132246e+04,1.090000000000e+02
3.056000000000e+03,1.032365108790e+08,9.335132501697e+04,1.361397851728e+06,6.199707477400e-01,3.631389869403e+02,6.554292657172e-04,7.144178996318e-02,0.000000000000e+00,3.329907890655e+01,8.784308770220e+01,0.000000000000e+00,0.000000000000e+00,0.000000000000e+00,0.000000000000e+00,8.562892971832e-04,9.333553339297e-02,2.682720194947e+02,2.717089233398e+02,0.000000000000e+00,1.127160321836e+00,3.329907890655e+01,5.547715849477e+04,1.090000000000e+02
3.057000000000e+03,1.032364243792e+08,9.340032138011e+04,1.362173004594e+06,6.196979039056e-01,3.634989641600e+02,6.930723908168e-04,7.554489059903e-02,0.000000000000e+00,3.750326515929e+01,8.649962830577e+01,0.000000000000e+00,0.000000000000e+00,0.000000000000e+00,0.000000000000e+00,8.170713368460e-04,8.906077571622e-02,2.683899985568e+02,2.724472961426e+02,0.000000000000e+00,1.126668970409e+00,3.750326515929e+01,5.547818950356e+04,1.090000000000e+02
3.058000000000e+03,1.032363387272e+08,9.344331110954e+04,1.362859537181e+06,6.194323823839e-01,3.638314839306e+02,6.616140389749e-04,7.211593024827e-02,0.000000000000e+00,4.266169470218e+01,8.565142412911e+01,0.000000000000e+00,0.000000000000e+00,0.000000000000e+00,0.000000000000e+00,7.710718758534e-04,8.404683446802e-02,2.685071355804e+02,2.728903503418e+02,0.000000000000e+00,1.126576377817e+00,4.266169470218e+01,5.547919116834e+04,1.090000000000e+02
3.059000000000e+03,1.032365740056e+08,9.355225238514e+04,1.363685070135e+06,6.192511108177e-01,3.641507912906e+02,6.641046615381e-04,7.238740810766e-02,0.000000000000e+00,5.747359444706e+01,-2.352793091340e+02,6.642235166761e-05,7.240036331769e-03,0.000000000000e+00,0.000000000000e+00,8.623173452137e-04,9.399259062829e-02,2.686483369817e+02,2.731107177734e+02,0.000000000000e+00,1.122718959703e+00,5.747359444706e+01,5.548035395694e+04,1.090000000000e+02
3.060000000000e+03,1.032485024821e+08,9.599053975480e+04,1.351052153698e+06,6.130054473603e-01,3.644145945630e+02,5.996305479987e-04,6.535972973186e-02,0.000000000000e+00,4.031026255104e+02,-1.192847496797e+04,2.442208380135e-03,2.662007134347e-01,0.000000000000e+00,0.000000000000e+00,9.292149112452e-04,1.012844253257e-01,2.694609015342e+02,2.735635070801e+02,0.000000000000e+00,9.939201747240e-01,4.031026255104e+02,5.548622187824e+04,1.090000000000e+02
3.061000000000e+03,1.032699377038e+08,1.025885242830e+05,1.323653976026e+06,5.997166587461e-01,3.648921778552e+02,4.847491634575e-04,5.283765881687e-02,0.000000000000e+00,1.546067012668e+03,-2.143522110272e+04,4.499593282672e-03,4.904556678113e-01,3.908303819476e-04,4.260051163229e-02,4.281475052481e-04,4.666807807205e-02,2.705371300046e+02,2.737495727539e+02,0.000000000000e+00,7.405062289297e-01,1.546067012668e+03,5.549282999250e+04,1.090000000000e+02
3.062000000000e+03,1.033014786657e+08,1.197653489478e+05,1.267412149333e+06,5.731294449205e-01,3.655436017005e+02,2.695053626410e-04,2.937608452787e-02,0.000000000000e+00,8.450020495101e+03,-3.154096439048e+04,9.058604541512e-03,9.873878950248e-01,3.918089423640e-04,4.270717471767e-02,0.000000000000e+00,0.000000000000e+00,2.722728876398e+02,2.749679870605e+02,0.000000000000e+00,3.536412191320e-01,8.450020495101e+03,5.550075866005e+04,1.090000000000e+02
3.063000000000e+03,1.033267152235e+08,1.419985454985e+05,1.181484267209e+06,5.333018647237e-01,3.661914763904e+02,5.740641192016e-05,6.257298899297e-03,0.000000000000e+00,3.941471972663e+04,-2.523656080875e+04,1.415580140996e-02,1.542982353686e+00,2.058031408468e-04,2.243254235230e-02,0.000000000000e+00,0.000000000000e+00,2.730236214461e+02,2.757260437012e+02,0.000000000000e+00,2.870370370373e-02,3.941471972663e+04,5.550338588654e+04,1.090000000000e+02
3.064000000000e+03,1.033323426095e+08,1.611985280701e+05,1.079725796206e+06,4.865525862271e-01,3.668057573741e+02,-5.915776356909e-05,-6.448196229030e-03,0.000000000000e+00,7.859516660301e+04,-5.627382508824e+03,1.687947932674e-02,1.839863246615e+00,2.154896557166e-04,2.348837247311e-02,0.000000000000e+00,0.000000000000e+00,2.730654355938e+02,2.760657348633e+02,0.000000000000e+00,1.851851851823e-03,7.859516660301e+04,5.550349909075e+04,1.090000000000e+02
3.065000000000e+03,1.033350740134e+08,1.770422024328e+05,9.695659304349e+05,4.362277195254e-01,3.673809205315e+02,-1.178974403782e-04,-1.285082100122e-02,0.000000000000e+00,9.311046782709e+04,-2.731407792155e+03,1.832644945427e-02,1.997582990515e+00,1.343370707035e-04,1.464274070668e-02,0.000000000000e+00,0.000000000000e+00,2.730587528690e+02,2.761352539063e+02,0.000000000000e+00,6.481481481457e-03,9.311046782709e+04,5.550348290991e+04,1.090000000000e+02
3.066000000000e+03,1.033370510782e+08,1.914575847519e+05,8.581898939263e+05,3.855287999936e-01,3.679417375285e+02,-1.238086204727e-04,-1.349513963153e-02,0.000000000000e+00,9.818988717793e+04,-1.977060482788e+03,1.853341921419e-02,2.020142694347e+00,4.061871061437e-04,4.427439456967e-02,0.000000000000e+00,0.000000000000e+00,2.730555611453e+02,2.759951782227e+02,0.000000000000e+00,9.444444444417e-03,9.818988717793e+04,5.550347482782e+04,1.090000000000e+02
3.067000000000e+03,1.033385982005e+08,2.044501555754e+05,7.404293441856e+05,3.321462451276e-01,3.684738192369e+02,-1.427259087377e-04,-1.555712405241e-02,0.000000000000e+00,1.202388442948e+05,-1.547121757494e+03,1.960766703474e-02,2.137235706786e+00,2.670223219625e-03,2.910543309391e-01,0.000000000000e+00,0.000000000000e+00,2.730555615782e+02,2.762627258301e+02,0.000000000000e+00,7.407407407395e-03,1.202388442948e+05,5.550347465270e+04,1.090000000000e+02
3.068000000000e+03,1.033397744391e+08,2.160365457447e+05,6.184643330522e+05,2.770556331226e-01,3.689775210207e+02,-1.520856427698e-04,-1.657733506190e-02,0.000000000000e+00,1.277113904926e+05,-1.176239106700e+03,2.031198016254e-02,2.214005837717e+00,2.907332877991e-03,3.168992837011e-01,0.000000000000e+00,0.000000000000e+00,2.730526059772e+02,2.762880859375e+02,0.000000000000e+00,5.555555555549e-03,1.277113904926e+05,5.550346711264e+04,1.090000000000e+02
3.069000000000e+03,1.033406856527e+08,2.274172370124e+05,4.975894034287e+05,2.226317633235e-01,3.694333245135e+02,-1.666610205823e-04,-1.816605124347e-02,0.000000000000e+00,1.130854419268e+05,-9.112139466155e+02,2.014636720595e-02,2.195954025449e+00,5.775809948019e-04,6.295632843340e-02,0.000000000000e+00,0.000000000000e+00,2.730467206528e+02,2.766585998535e+02,0.000000000000e+00,4.259259259260e-03,1.130854419268e+05,5.550345155715e+04,1.090000000000e+02
3.070000000000e+03,1.033414210946e+08,2.377375702034e+05,3.617772560968e+05,1.617416870267e-01,3.697179852247e+02,-2.492883595575e-04,-2.717243119177e-02,0.000000000000e+00,1.490287579989e+05,-7.354260320833e+02,2.269805801890e-02,2.474088324060e+00,3.762724529141e-03,4.101369736764e-01,0.000000000000e+00,0.000000000000e+00,2.730539030682e+02,2.772521362305e+02,0.000000000000e+00,3.518518518522e-03,1.490287579989e+05,5.550347234570e+04,1.090000000000e+02
3.071000000000e+03,1.033417379091e+08,2.466950739837e+05,2.154405402647e+05,9.630706927528e-02,3.697590297866e+02,-2.851149411970e-04,-3.107752859047e-02,0.000000000000e+00,1.613262074696e+05,-3.168128739908e+02,2.447353856271e-02,2.667615703335e+00,3.725467646940e-03,4.060759735164e-01,0.000000000000e+00,0.000000000000e+00,2.730503801311e+02,2.768986206055e+02,0.000000000000e+00,1.037037037041e-02,1.613262074696e+05,5.550346238354e+04,1.090000000000e+02
3.072000000000e+03,1.033422158587e+08,2.551896274159e+05,7.044450326472e+04,3.154186668763e-02,3.691412813980e+02,-2.749102149201e-04,-2.996521342629e-02,0.000000000000e+00,1.604674580007e+05,-4.779350205750e+02,2.424168434307e-02,2.642343593395e+00,3.765481291878e-03,4.104374608147e-01,0.000000000000e+00,0.000000000000e+00,2.730542511938e+02,2.771823425293e+02,0.000000000000e+00,8.240740740781e-03,1.604674580007e+05,5.550347511975e+04,1.090000000000e+02
3.073000000000e+03,1.033431266115e+08,1.234766035039e+05,3.109082746941e+03,1.403694527052e-03,3.660839712103e+02,-3.867334613960e-04,-4.215394729216e-02,2.697949229614e-03,2.239836808036e+05,-7.610137700859e+02,1.126513587957e-02,1.227899810873e+00,3.885401983726e-03,4.235088162261e-01,0.000000000000e+00,0.000000000000e+00,2.735355241194e+02,2.772532348633e+02,7.407407407397e-04,4.907407407429e-03,2.239836808036e+05,5.550414436145e+04,1.090000000000e+02
3.074000000000e+03,1.033430599614e+08,6.572347204185e+04,2.661478104642e+01,1.214181340956e-05,3.624549631479e+02,3.879760271968e-04,4.228938696445e-02,-5.161427799279e-02,6.198315363990e+04,-2.798198458833e+03,5.148813196106e-04,5.612206383755e-02,5.666316961698e-04,6.176285488251e-02,0.000000000000e+00,0.000000000000e+00,2.780583772210e+02,2.775728149414e+02,2.879629629627e-02,6.305555555552e-02,6.198315363990e+04,5.550183711786e+04,1.090000000000e+02
3.075000000000e+03,1.033412378803e+08,4.417261685190e+04,6.031508327355e-01,2.775010302762e-07,3.600729096194e+02,9.832427762840e-04,1.071734626150e-01,-1.123842280802e-01,2.666931179879e+04,-4.415452057474e+03,4.342663407342e-06,4.733503114003e-04,1.523840433912e-03,1.660986072964e-01,0.000000000000e+00,0.000000000000e+00,2.791949922160e+02,2.781106567383e+02,4.666666666662e-02,7.981481481478e-02,2.666931179879e+04,5.549861763759e+04,1.090000000000e+02
3.076000000000e+03,1.033361475751e+08,2.676941816256e+04,4.219605364146e-01,1.934021927989e-07,3.604536635805e+02,1.136510137762e-03,1.238796050160e-01,-1.285875853430e-01,2.281800221037e+04,-2.046146718080e+03,3.044753755263e-08,3.318781593237e-06,1.190099569244e-03,1.297208530476e-01,0.000000000000e+00,0.000000000000e+00,2.801591072272e+02,2.785783386230e+02,6.537037037031e-02,1.048148148148e-01,2.281800221037e+04,5.549533531235e+04,1.090000000000e+02
3.077000000000e+03,1.033254290646e+08,1.457719631767e+04,4.171528175950e-01,1.908043553393e-07,3.610056865316e+02,1.158730326457e-03,1.263016055838e-01,-1.297549246875e-01,1.629631574705e+04,3.517591387869e+03,8.220680641130e-10,8.960541898832e-08,6.522656459321e-05,7.109695540660e-03,0.000000000000e+00,0.000000000000e+00,2.806611017749e+02,2.790574340820e+02,8.064814814807e-02,1.394444444444e-01,1.629631574705e+04,5.549364529495e+04,1.090000000000e+02
3.078000000000e+03,1.033156654724e+08,7.106937863428e+03,4.167503962655e-01,1.902737400437e-07,3.616035874458e+02,1.171431769901e-03,1.276860629192e-01,-1.297575531959e-01,1.064506918428e+04,2.562819990291e+03,6.050608173412e-11,6.595162909020e-09,8.212382372825e-05,8.951496786379e-03,0.000000000000e+00,0.000000000000e+00,2.814448600753e+02,2.794629516602e+02,9.583333333325e-02,1.702777777778e-01,1.064506918428e+04,5.549038453923e+04,1.090000000000e+02
3.079000000000e+03,1.033061676722e+08,2.555542835409e+03,4.167156578754e-01,1.899179548924e-07,3.599684006125e+02,1.151062344728e-03,1.254657955753e-01,-1.266673882567e-01,7.567179737077e+03,2.468786907021e+03,4.612738769955e-12,5.027885259251e-10,7.936488060237e-05,8.650771985658e-03,0.000000000000e+00,0.000000000000e+00,2.817342304947e+02,2.796016235352e+02,1.065740740740e-01,1.998148148148e-01,7.567179737077e+03,5.548926248361e+04,1.090000000000e+02
3.080000000000e+03,1.032971887364e+08,1.800933356530e+01,4.167286463671e-01,1.895719046536e-07,3.606266473511e+02,1.051439710076e-03,1.146069283982e-01,-1.152619465637e-01,5.257235472647e+03,2.582830954779e+03,0.000000000000e+00,0.000000000000e+00,1.658168523302e-05,1.807403690399e-03,0.000000000000e+00,0.000000000000e+00,2.814301877403e+02,2.791690673828e+02,1.186111111110e-01,2.275000000000e-01,5.257235472647e+03,5.549090559184e+04,1.090000000000e+02
3.081000000000e+03,1.032938686937e+08,1.567557481858e+01,4.167162382433e-01,1.892289017457e-07,3.612814807819e+02,1.014979385311e-03,1.106327529989e-01,-1.105992843099e-01,1.991041779477e+03,-2.817321824191e+03,0.000000000000e+00,0.000000000000e+00,7.948717082664e-04,8.664101620103e-02,0.000000000000e+00,0.000000000000e+00,2.818076114845e+02,2.793969116211e+02,1.300000000000e-01,2.412037037037e-01,1.991041779477e+03,5.548917667442e+04,1.090000000000e+02
3.082000000000e+03,1.033030391820e+08,1.912691280323e+01,4.167069737818e-01,1.888888860381e-07,3.619329422686e+02,1.089559093323e-03,1.187619411722e-01,-1.187090076188e-01,2.234626988896e+03,-1.575769830231e+04,0.000000000000e+00,0.000000000000e+00,2.975826829571e-03,3.243651244232e-01,0.000000000000e+00,0.000000000000e+00,2.820644713094e+02,2.798356933594e+02,1.404629629629e-01,2.274074074074e-01,2.234626988896e+03,5.548792792655e+04,1.090000000000e+02
3.083000000000e+03,1.033080479161e+08,1.743239910251e+01,4.166653719904e-01,1.885518116455e-07,3.625810723905e+02,1.241215096214e-03,1.352924454874e-01,-1.352251881940e-01,2.600108361237e+03,-1.251200143402e+04,0.000000000000e+00,0.000000000000e+00,2.499008061828e-03,2.723918787392e-01,0.000000000000e+00,0.000000000000e+00,2.831303265778e+02,2.808309326172e+02,1.510185185185e-01,2.235185185185e-01,2.600108361237e+03,5.548239351940e+04,1.090000000000e+02
3.084000000000e+03,1.033010629598e+08,1.458057746868e+01,4.166471268081e-01,1.882176330029e-07,3.632259109623e+02,1.267428506581e-03,1.381497072174e-01,-1.380866496124e-01,1.965905991484e+03,-6.765558778132e+02,0.000000000000e+00,0.000000000000e+00,4.370106509442e-04,4.763416095292e-02,0.000000000000e+00,0.000000000000e+00,2.835706581527e+02,2.810282287598e+02,1.630555555555e-01,2.444444444444e-01,1.965905991484e+03,5.547995986488e+04,1.090000000000e+02
3.085000000000e+03,1.032926677959e+08,1.268507962108e+01,4.166495817395e-01,1.878863057506e-07,3.638674970538e+02,1.208719083613e-03,1.317503801138e-01,-1.316944612617e-01,1.490602721318e+03,1.088453650051e+03,0.000000000000e+00,0.000000000000e+00,6.665483327159e-05,7.265376826603e-03,0.000000000000e+00,0.000000000000e+00,2.835125483373e+02,2.809876098633e+02,1.734259259259e-01,2.681481481481e-01,1.490602721318e+03,5.548028623751e+04,1.090000000000e+02
3.086000000000e+03,1.033001402074e+08,1.816769382821e+01,4.166343837069e-01,1.875577865677e-07,3.645058690091e+02,1.186220295713e-03,1.292980122327e-01,-1.292363428162e-01,1.783696590538e+03,-1.464262324422e+04,0.000000000000e+00,0.000000000000e+00,2.717780221965e-03,2.962380441942e-01,0.000000000000e+00,0.000000000000e+00,2.838693966188e+02,2.814077453613e+02,1.821296296296e-01,2.590740740741e-01,1.783696590538e+03,5.547826334521e+04,1.090000000000e+02
3.087000000000e+03,1.033265709558e+08,2.440068991510e+01,4.166483337410e-01,1.872320329318e-07,3.651410644642e+02,1.278363848015e-03,1.393416594336e-01,-1.392554277386e-01,3.243499738532e+03,-3.415680135045e+04,0.000000000000e+00,0.000000000000e+00,6.186475546168e-03,6.743258345323e-01,0.000000000000e+00,0.000000000000e+00,2.835452425882e+02,2.810485839844e+02,1.893518518518e-01,2.137037037037e-01,3.243499738532e+03,5.548010268476e+04,1.090000000000e+02
3.088000000000e+03,1.033352970669e+08,2.135429036018e+01,4.166374600112e-01,1.869090034335e-07,3.657731203655e+02,1.411782496489e-03,1.538842921173e-01,-1.537864450463e-01,3.877418735430e+03,-1.725839659632e+04,0.000000000000e+00,0.000000000000e+00,3.495438139664e-03,3.810027572234e-01,0.000000000000e+00,0.000000000000e+00,2.838018306267e+02,2.814255371094e+02,1.991666666666e-01,2.027777777778e-01,3.877418735430e+03,5.547864949290e+04,1.090000000000e+02
3.089000000000e+03,1.033578359030e+08,3.173198567105e+01,4.166438266581e-01,1.865886576222e-07,3.664020729864e+02,1.462840656469e-03,1.594496315552e-01,-1.593442409690e-01,4.318488371666e+03,-3.137938037124e+04,0.000000000000e+00,0.000000000000e+00,5.905827776771e-03,6.437352276680e-01,0.000000000000e+00,0.000000000000e+00,2.836544321992e+02,2.815067443848e+02,2.093518518518e-01,1.656481481481e-01,4.318488371666e+03,5.547948607035e+04,1.090000000000e+02
3.090000000000e+03,1.033730467327e+08,3.062487357903e+01,4.166227259724e-01,1.862709544280e-07,3.670279579443e+02,1.684179007816e-03,1.835755118520e-01,-1.834390758611e-01,6.871435214868e+03,-2.538805364034e+04,0.000000000000e+00,0.000000000000e+00,5.335644004809e-03,5.815851965242e-01,0.000000000000e+00,0.000000000000e+00,2.841448949541e+02,2.821379394531e+02,2.193518518518e-01,1.436111111111e-01,6.871435214868e+03,5.547666538625e+04,1.090000000000e+02
3.091000000000e+03,1.033598431759e+08,2.401791789159e+01,4.166135414663e-01,1.859558574801e-07,3.676508102165e+02,1.569822748999e-03,1.711106796409e-01,-1.710024187577e-01,4.674476857891e+03,3.716700941208e+03,0.000000000000e+00,0.000000000000e+00,1.582424146942e-04,1.724842320167e-02,0.000000000000e+00,0.000000000000e+00,2.843523365435e+02,2.824451293945e+02,2.293518518518e-01,1.755555555555e-01,4.674476857891e+03,5.547544795255e+04,1.090000000000e+02
3.092000000000e+03,1.033488357968e+08,2.030340888021e+01,4.166108357480e-01,1.856433274056e-07,3.682706641557e+02,1.378645934560e-03,1.502724068670e-01,-1.501869013906e-01,3.357791662237e+03,2.675442122277e+03,0.000000000000e+00,0.000000000000e+00,1.129714652976e-04,1.231388971743e-02,0.000000000000e+00,0.000000000000e+00,2.844125447871e+02,2.823237609863e+02,2.391666666666e-01,2.026851851852e-01,3.357791662237e+03,5.547509228770e+04,1.090000000000e+02
3.093000000000e+03,1.033387772633e+08,1.779933769051e+01,4.166142067816e-01,1.853333269558e-07,3.688875535056e+02,1.250121549453e-03,1.362632488904e-01,-1.361916379207e-01,2.603799305296e+03,2.503011169309e+03,0.000000000000e+00,0.000000000000e+00,1.687293813068e-05,1.839150256244e-03,0.000000000000e+00,0.000000000000e+00,2.843357077780e+02,2.824651489258e+02,2.439814814814e-01,2.271296296296e-01,2.603799305296e+03,5.547554776093e+04,1.090000000000e+02
3.094000000000e+03,1.033295704440e+08,1.590342815052e+01,4.166094606744e-01,1.850258196264e-07,3.695015114150e+02,1.220986253662e-03,1.330875016492e-01,-1.330209826128e-01,2.129143675631e+03,1.827213246106e+03,0.000000000000e+00,0.000000000000e+00,5.019238393825e-05,5.470969849270e-03,0.000000000000e+00,0.000000000000e+00,2.844406241548e+02,2.821457519531e+02,2.500000000000e-01,2.496296296296e-01,2.129143675631e+03,5.547492582078e+04,1.090000000000e+02
3.095000000000e+03,1.033206434070e+08,1.430445665481e+01,4.165920277799e-01,1.847207696762e-07,3.701125704525e+02,1.250495142258e-03,1.363039705061e-01,-1.362389521766e-01,1.777365075279e+03,1.369105547872e+03,0.000000000000e+00,0.000000000000e+00,6.781132908850e-05,7.391434870646e-03,0.000000000000e+00,0.000000000000e+00,2.848243261178e+02,2.825447692871e+02,2.599074074074e-01,2.706481481481e-01,1.777365075279e+03,5.547261936396e+04,1.090000000000e+02
3.096000000000e+03,1.033124342671e+08,1.325567726714e+01,4.165697146666e-01,1.844181421061e-07,3.707207626200e+02,1.235184457450e-03,1.346351058620e-01,-1.345733461261e-01,1.525420268818e+03,7.439542120481e+02,0.000000000000e+00,0.000000000000e+00,1.295990823515e-04,1.412629997631e-02,0.000000000000e+00,0.000000000000e+00,2.853064832729e+02,2.828715820313e+02,2.696296296296e-01,2.897222222222e-01,1.525420268818e+03,5.546965598578e+04,1.090000000000e+02
3.097000000000e+03,1.033153252273e+08,1.676785705286e+01,4.165915575018e-01,1.841179024572e-07,3.713261193660e+02,1.199727671449e-03,1.307703161880e-01,-1.307037826634e-01,1.747101922396e+03,-1.014148284703e+04,0.000000000000e+00,0.000000000000e+00,1.967382338150e-03,2.144446748584e-01,0.000000000000e+00,0.000000000000e+00,2.848341832713e+02,2.822342224121e+02,2.728703703704e-01,2.893518518518e-01,1.747101922396e+03,5.547255982416e+04,1.090000000000e+02
3.098000000000e+03,1.033170740885e+08,1.506315871365e+01,4.166152551401e-01,1.838200174395e-07,3.719286715991e+02,1.137436638346e-03,1.239805935797e-01,-1.239122751921e-01,2.057843435389e+03,-8.622995737662e+03,0.000000000000e+00,0.000000000000e+00,1.766724002935e-03,1.925729163199e-01,0.000000000000e+00,0.000000000000e+00,2.843093216056e+02,2.820247192383e+02,2.800925925926e-01,2.899074074074e-01,2.057843435389e+03,5.547570397203e+04,1.090000000000e+02
3.099000000000e+03,1.033130424064e+08,1.487447161490e+01,4.165747665623e-01,1.835244543654e-07,3.725284497000e+02,1.100900733983e-03,1.199981800042e-01,-1.199380422517e-01,1.727999448908e+03,-2.621855011381e+03,0.000000000000e+00,0.000000000000e+00,7.198893064995e-04,7.846793440845e-02,0.000000000000e+00,0.000000000000e+00,2.851971437193e+02,2.832162170410e+02,2.900925925926e-01,3.009259259259e-01,1.727999448908e+03,5.547033383481e+04,1.090000000000e+02
3.100000000000e+03,1.033080976075e+08,1.335584978794e+01,4.165387275201e-01,1.832311802744e-07,3.731254835339e+02,1.146982647139e-03,1.250211085382e-01,-1.249598748064e-01,1.622596361952e+03,-1.986694955018e+03,0.000000000000e+00,0.000000000000e+00,5.972376635090e-04,6.509890532249e-02,0.000000000000e+00,0.000000000000e+00,2.859586980102e+02,2.837638244629e+02,2.959259259259e-01,3.128703703704e-01,1.622596361952e+03,5.546554337960e+04,1.090000000000e+02
3.101000000000e+03,1.033034916753e+08,1.351063388489e+01,4.165406592915e-01,1.829408700923e-07,3.737198024628e+02,1.124294189738e-03,1.225480666815e-01,-1.224899530278e-01,1.450467617181e+03,-2.188278008756e+03,0.000000000000e+00,0.000000000000e+00,6.023912663001e-04,6.566064802671e-02,0.000000000000e+00,0.000000000000e+00,2.859518462258e+02,2.838768920898e+02,3.003703703703e-01,3.250925925926e-01,1.450467617181e+03,5.546558727878e+04,1.090000000000e+02
3.102000000000e+03,1.033081254278e+08,1.635057233569e+01,4.165591772515e-01,1.826520782218e-07,3.743114353564e+02,1.097978439222e-03,1.196796498752e-01,-1.196156878363e-01,1.742918840317e+03,-1.126867013909e+04,0.000000000000e+00,0.000000000000e+00,2.153156949414e-03,2.346941074861e-01,0.000000000000e+00,0.000000000000e+00,2.855632984991e+02,2.833965148926e+02,3.104629629629e-01,3.204629629630e-01,1.742918840317e+03,5.546804999676e+04,1.090000000000e+02
3.103000000000e+03,1.033100827593e+08,1.462406194718e+01,4.165672156230e-01,1.823654834031e-07,3.749004106036e+02,1.119203069118e-03,1.219931345339e-01,-1.219241257127e-01,1.949778527563e+03,-8.720505061401e+03,0.000000000000e+00,0.000000000000e+00,1.765147560361e-03,1.924010840793e-01,0.000000000000e+00,0.000000000000e+00,2.853922464233e+02,2.832008056641e+02,3.190740740740e-01,3.216666666667e-01,1.949778527563e+03,5.546912143096e+04,1.090000000000e+02
3.104000000000e+03,1.033498610725e+08,3.063377376726e+01,4.165596269056e-01,1.820810554509e-07,3.754867561235e+02,1.194269532494e-03,1.301753790418e-01,-1.300814100778e-01,3.474308965176e+03,-4.699394871894e+04,0.000000000000e+00,0.000000000000e+00,8.350794844250e-03,9.102366380232e-01,0.000000000000e+00,0.000000000000e+00,2.855529501556e+02,2.836847839355e+02,3.213888888888e-01,2.569444444444e-01,3.474308965176e+03,5.546811311348e+04,1.090000000000e+02
3.105000000000e+03,1.033856224198e+08,3.082828319966e+01,4.165705770552e-01,1.817987645688e-07,3.760704993756e+02,1.430626024882e-03,1.559382367122e-01,-1.558042785748e-01,6.652924450605e+03,-4.440390654747e+04,0.000000000000e+00,0.000000000000e+00,8.445817163586e-03,9.205940708308e-01,0.000000000000e+00,0.000000000000e+00,2.853252029534e+02,2.836751708984e+02,3.321296296296e-01,1.965740740741e-01,6.652924450605e+03,5.546953626653e+04,1.090000000000e+02
3.106000000000e+03,1.033783985533e+08,2.431391753313e+01,4.165768854750e-01,1.815185826302e-07,3.766516673703e+02,1.437837043996e-03,1.567242377956e-01,-1.566130008739e-01,4.849877685466e+03,-1.463705295393e+03,0.000000000000e+00,0.000000000000e+00,1.044128573927e-03,1.138100145580e-01,0.000000000000e+00,0.000000000000e+00,2.851900387830e+02,2.835539245605e+02,3.467592592592e-01,2.153703703704e-01,4.849877685466e+03,5.547037565630e+04,1.090000000000e+02
3.107000000000e+03,1.033695600248e+08,2.114071792690e+01,4.165677438369e-01,1.812404812974e-07,3.772302866791e+02,1.374577146045e-03,1.498289089189e-01,-1.497348359866e-01,3.484891730128e+03,5.325353295543e+02,0.000000000000e+00,0.000000000000e+00,4.886040129523e-04,5.325783741180e-02,0.000000000000e+00,0.000000000000e+00,2.853851325713e+02,2.836198730469e+02,3.591666666666e-01,2.367592592592e-01,3.484891730128e+03,5.546916463222e+04,1.090000000000e+02
3.108000000000e+03,1.033611405562e+08,1.847075800496e+01,4.165787667216e-01,1.809644330471e-07,3.778063834437e+02,1.269317197271e-03,1.383555745026e-01,-1.382736248230e-01,2.821301341410e+03,7.492304857510e+02,0.000000000000e+00,0.000000000000e+00,3.429862183390e-04,3.738549779895e-02,0.000000000000e+00,0.000000000000e+00,2.851493979776e+02,2.832793273926e+02,3.708333333332e-01,2.563888888889e-01,2.821301341410e+03,5.547062871743e+04,1.090000000000e+02
3.109000000000e+03,1.033520168163e+08,1.664614246207e+01,4.165734523410e-01,1.806904108126e-07,3.783799833861e+02,1.156910010685e-03,1.261031911647e-01,-1.260341870158e-01,2.284241877071e+03,2.132398048225e+03,0.000000000000e+00,0.000000000000e+00,2.541677471142e-05,2.770428443545e-03,0.000000000000e+00,0.000000000000e+00,2.852632281093e+02,2.832844848633e+02,3.818518518517e-01,2.764814814815e-01,2.284241877071e+03,5.546992466814e+04,1.090000000000e+02
3.110000000000e+03,1.033879219410e+08,3.278746778362e+01,4.165902640812e-01,1.804183879589e-07,3.789511118171e+02,1.157295101406e-03,1.261451660532e-01,-1.260561292513e-01,3.977018128394e+03,-4.289775657112e+04,0.000000000000e+00,0.000000000000e+00,7.756008157990e-03,8.454048892209e-01,0.000000000000e+00,0.000000000000e+00,2.849013694753e+02,2.829555969238e+02,3.922222222221e-01,2.147222222222e-01,3.977018128394e+03,5.547214946615e+04,1.090000000000e+02
3.111000000000e+03,1.034257930386e+08,3.871997576661e+01,4.166227487126e-01,1.801483372271e-07,3.795197936458e+02,1.357935247117e-03,1.480149419357e-01,-1.478855498789e-01,8.424888584209e+03,-4.607515251832e+04,0.000000000000e+00,0.000000000000e+00,9.015378267218e-03,9.826762311268e-01,0.000000000000e+00,0.000000000000e+00,2.841829340549e+02,2.824926147461e+02,4.024074074074e-01,1.486111111111e-01,8.424888584209e+03,5.547644277331e+04,1.090000000000e+02
3.112000000000e+03,1.034573434728e+08,8.275213750911e+02,4.166118089750e-01,1.798802349820e-07,3.800860533878e+02,1.538048088669e-03,1.676472416650e-01,-1.672201532819e-01,1.236922259004e+04,-4.082727862260e+04,0.000000000000e+00,0.000000000000e+00,8.931769289492e-03,9.735628525546e-01,0.000000000000e+00,0.000000000000e+00,2.844314659888e+02,2.827685852051e+02,4.124074074074e-01,8.175925925927e-02,1.236922259004e+04,5.547497225618e+04,1.090000000000e+02
3.113000000000e+03,1.034672990602e+08,1.494010918990e+02,4.165897882305e-01,1.796140565418e-07,3.806499151742e+02,1.872137049736e-03,2.040629384212e-01,-2.009107556926e-01,2.608440824678e+04,-2.110112600337e+04,0.000000000000e+00,0.000000000000e+00,7.720282479960e-03,8.415107903156e-01,0.000000000000e+00,0.000000000000e+00,2.849225305991e+02,2.836785278320e+02,4.225000000000e-01,7.018518518518e-02,2.608440824678e+04,5.547201522544e+04,1.090000000000e+02
3.114000000000e+03,1.034518988855e+08,3.670579735761e+01,4.165690829000e-01,1.793497764245e-07,3.812114027590e+02,1.830075593132e-03,1.994782396514e-01,-1.992590285308e-01,9.966916436248e+03,4.346856211754e+03,0.000000000000e+00,0.000000000000e+00,9.128296832166e-04,9.949843547061e-02,0.000000000000e+00,0.000000000000e+00,2.853662012886e+02,2.839899291992e+02,4.321296296296e-01,1.148148148148e-01,9.966916436248e+03,5.546927991576e+04,1.090000000000e+02
3.115000000000e+03,1.034368722407e+08,3.035507285171e+01,4.165704732123e-01,1.790873704364e-07,3.817705395279e+02,1.631401037782e-03,1.778227131183e-01,-1.776988160750e-01,6.806496905170e+03,5.169561013256e+03,0.000000000000e+00,0.000000000000e+00,2.707899514218e-04,2.951610470498e-02,0.000000000000e+00,0.000000000000e+00,2.853348617401e+02,2.839898071289e+02,4.417592592592e-01,1.480555555555e-01,6.806496905170e+03,5.546947746847e+04,1.090000000000e+02
3.116000000000e+03,1.034250349408e+08,2.621123234742e+01,4.165657452839e-01,1.788268148852e-07,3.823273485054e+02,1.435566957727e-03,1.564767983923e-01,-1.563767796521e-01,5.102354436832e+03,3.162992411668e+03,0.000000000000e+00,0.000000000000e+00,3.209608600461e-04,3.498473374502e-02,0.000000000000e+00,0.000000000000e+00,2.854338304736e+02,2.841086730957e+02,4.516666666666e-01,1.743518518518e-01,5.102354436832e+03,5.546886065976e+04,1.090000000000e+02
3.117000000000e+03,1.034140028490e+08,2.294710448636e+01,4.165790603922e-01,1.785680864856e-07,3.828818523630e+02,1.346833684504e-03,1.468048716109e-01,-1.467149033534e-01,4.032002515670e+03,2.893653358044e+03,0.000000000000e+00,0.000000000000e+00,1.885328854872e-04,2.055008451810e-02,0.000000000000e+00,0.000000000000e+00,2.851475657862e+02,2.834442443848e+02,4.612037037036e-01,1.989814814815e-01,4.032002515670e+03,5.547064005698e+04,1.090000000000e+02
3.118000000000e+03,1.034074415160e+08,2.202323536127e+01,4.166041123118e-01,1.783111623868e-07,3.834340734259e+02,1.238948563564e-03,1.350453934285e-01,-1.349639773759e-01,3.449462459358e+03,-9.256096145920e+02,0.000000000000e+00,0.000000000000e+00,7.241369663441e-04,7.893092933151e-02,0.000000000000e+00,0.000000000000e+00,2.845991599212e+02,2.832254028320e+02,4.710185185184e-01,2.147222222222e-01,3.449462459358e+03,5.547397873660e+04,1.090000000000e+02
3.119000000000e+03,1.034008565325e+08,2.003960131445e+01,4.166133589609e-01,1.780560201399e-07,3.839840336809e+02,1.146229498418e-03,1.249390153275e-01,-1.248648574730e-01,3.146043090620e+03,-3.419965529236e+02,0.000000000000e+00,0.000000000000e+00,5.771801154489e-04,6.291263258393e-02,0.000000000000e+00,0.000000000000e+00,2.843926010392e+02,2.828412170410e+02,4.805555555555e-01,2.300925925926e-01,3.146043090620e+03,5.547521126525e+04,1.090000000000e+02
3.120000000000e+03,1.033931019388e+08,1.865359725313e+01,4.166289882458e-01,1.778026376937e-07,3.845317547825e+02,1.064139723313e-03,1.159912298412e-01,-1.159254466221e-01,2.688439213154e+03,1.323348590764e+03,0.000000000000e+00,0.000000000000e+00,2.261054165213e-04,2.464549040082e-02,0.000000000000e+00,0.000000000000e+00,2.840376884786e+02,2.824974670410e+02,4.881481481481e-01,2.472222222222e-01,2.688439213154e+03,5.547729373956e+04,1.090000000000e+02
3.121000000000e+03,1.033889806431e+08,1.863028721410e+01,4.166386357514e-01,1.775509934088e-07,3.850772580606e+02,9.976702750128e-04,1.087460599764e-01,-1.086839066689e-01,2.540808624435e+03,-1.908381679400e+03,0.000000000000e+00,0.000000000000e+00,7.363046111435e-04,8.025720261465e-02,0.000000000000e+00,0.000000000000e+00,2.838148476024e+02,2.821470336914e+02,4.941666666666e-01,2.573148148148e-01,2.540808624435e+03,5.547857766889e+04,1.090000000000e+02
3.122000000000e+03,1.033839139962e+08,1.729794241938e+01,4.166368005249e-01,1.773010659653e-07,3.856205645266e+02,9.389750348780e-04,1.023482788017e-01,-1.022902729591e-01,2.426330335410e+03,-6.083681785519e+02,0.000000000000e+00,0.000000000000e+00,5.021350605522e-04,5.473272160019e-02,0.000000000000e+00,0.000000000000e+00,2.838572869163e+02,2.823159179688e+02,5.032407407406e-01,2.693518518518e-01,2.426330335410e+03,5.547833481026e+04,1.090000000000e+02
3.123000000000e+03,1.033763934281e+08,1.606889083339e+01,4.166255940409e-01,1.770528345307e-07,3.861616948798e+02,9.261764644822e-04,1.009532346286e-01,-1.008995241582e-01,2.102509957121e+03,1.922799462313e+03,0.000000000000e+00,0.000000000000e+00,2.999150023757e-05,3.269073525895e-03,0.000000000000e+00,0.000000000000e+00,2.841134610611e+02,2.824949340820e+02,5.124074074073e-01,2.850000000000e-01,2.102509957121e+03,5.547685316441e+04,1.090000000000e+02
3.124000000000e+03,1.033766886602e+08,1.833519557387e+01,4.166115710550e-01,1.768062785689e-07,3.867006695142e+02,9.556832349696e-04,1.041694726117e-01,-1.041111405018e-01,2.195980033550e+03,-6.071013294386e+03,0.000000000000e+00,0.000000000000e+00,1.368051161912e-03,1.491175766485e-01,0.000000000000e+00,0.000000000000e+00,2.844291377821e+02,2.828835449219e+02,5.208333333333e-01,2.867592592592e-01,2.195980033550e+03,5.547499452325e+04,1.090000000000e+02
3.125000000000e+03,1.033759202228e+08,1.666980726976e+01,4.166462888946e-01,1.765613779240e-07,3.872375085239e+02,9.495019459985e-04,1.034957121138e-01,-1.034344658673e-01,2.379340634344e+03,-4.969938889259e+03,0.000000000000e+00,0.000000000000e+00,1.215643598769e-03,1.325051522658e-01,0.000000000000e+00,0.000000000000e+00,2.836341284086e+02,2.819721069336e+02,5.269444444444e-01,2.905555555555e-01,2.379340634344e+03,5.547960460779e+04,1.090000000000e+02
3.126000000000e+03,1.033689082643e+08,1.538855249945e+01,4.166536038714e-01,1.763181126263e-07,3.877722317098e+02,8.769144739419e-04,9.558367765966e-02,-9.553261146386e-02,1.952777926986e+03,1.711703285630e+03,0.000000000000e+00,0.000000000000e+00,4.010842975645e-05,4.371818843453e-03,0.000000000000e+00,0.000000000000e+00,2.834603309593e+02,2.819758911133e+02,5.335185185185e-01,3.050000000000e-01,1.952777926986e+03,5.548057994300e+04,1.090000000000e+02
3.127000000000e+03,1.033661778604e+08,1.614300586076e+01,4.166396315373e-01,1.760764714908e-07,3.883048585848e+02,8.772875568502e-04,9.562434369667e-02,-9.557278914783e-02,1.910999329982e+03,-2.572035388102e+03,0.000000000000e+00,0.000000000000e+00,7.419184408528e-04,8.086911005296e-02,0.000000000000e+00,0.000000000000e+00,2.837889625124e+02,2.819118041992e+02,5.428703703703e-01,3.119444444444e-01,1.910999329982e+03,5.547872529776e+04,1.090000000000e+02
3.128000000000e+03,1.033631274235e+08,1.510836450997e+01,4.166425523624e-01,1.758364191238e-07,3.888354083801e+02,8.824937007241e-04,9.619181337893e-02,-9.613836886648e-02,1.928759168074e+03,-2.283317153449e+03,0.000000000000e+00,0.000000000000e+00,6.968386881715e-04,7.595541701069e-02,0.000000000000e+00,0.000000000000e+00,2.837211349459e+02,2.818783264160e+02,5.504629629629e-01,3.187962962963e-01,1.928759168074e+03,5.547911178439e+04,1.090000000000e+02
3.129000000000e+03,1.033572084393e+08,1.424858226097e+01,4.166527687548e-01,1.755979445409e-07,3.893639000502e+02,8.077361891584e-04,8.804324461826e-02,-8.799689634234e-02,1.694159707698e+03,1.036841923934e+03,0.000000000000e+00,0.000000000000e+00,1.089669469616e-04,1.187739721881e-02,0.000000000000e+00,0.000000000000e+00,2.834806231815e+02,2.820270385742e+02,5.539814814814e-01,3.313888888889e-01,1.694159707698e+03,5.548046707139e+04,1.090000000000e+02
3.130000000000e+03,1.033513891631e+08,1.363831545128e+01,4.166706423893e-01,1.753610293316e-07,3.898903522784e+02,7.329505037657e-04,7.989160491046e-02,-7.985147584378e-02,1.562699412048e+03,1.388904390993e+03,0.000000000000e+00,0.000000000000e+00,2.899580185170e-05,3.160542401835e-03,0.000000000000e+00,0.000000000000e+00,2.830484526806e+02,2.817007446289e+02,5.634259259259e-01,3.435185185185e-01,1.562699412048e+03,5.548284175921e+04,1.090000000000e+02
3.131000000000e+03,1.033564822109e+08,1.766152273322e+01,4.166673118833e-01,1.751256548470e-07,3.904147834825e+02,7.060491302256e-04,7.695935519460e-02,-7.691714328205e-02,1.869167139019e+03,-9.360681764020e+03,0.000000000000e+00,0.000000000000e+00,1.857953176080e-03,2.025168961927e-01,0.000000000000e+00,0.000000000000e+00,2.831292292841e+02,2.819637756348e+02,5.712037037036e-01,3.367592592592e-01,1.869167139019e+03,5.548240357856e+04,1.090000000000e+02
3.132000000000e+03,1.033606503517e+08,1.607943283396e+01,4.166652545162e-01,1.748918042259e-07,3.909372118194e+02,7.352513523421e-04,8.014239740529e-02,-8.009289790058e-02,2.274475833582e+03,-8.611949928673e+03,0.000000000000e+00,0.000000000000e+00,1.800313997759e-03,1.962342257557e-01,0.000000000000e+00,0.000000000000e+00,2.831798872854e+02,2.817910766602e+02,5.741666666666e-01,3.322222222222e-01,2.274475833582e+03,5.548212767293e+04,1.090000000000e+02
3.133000000000e+03,1.033556899926e+08,1.485812019742e+01,4.166816490307e-01,1.746594594740e-07,3.914576551904e+02,7.144562927271e-04,7.787573590725e-02,-7.783104221072e-02,1.832295253181e+03,6.419688643056e+02,0.000000000000e+00,0.000000000000e+00,1.970223249660e-04,2.147543342129e-02,0.000000000000e+00,0.000000000000e+00,2.827748714851e+02,2.815087585449e+02,5.833333333333e-01,3.423148148148e-01,1.832295253181e+03,5.548430296255e+04,1.090000000000e+02
3.134000000000e+03,1.033521787423e+08,1.471266709031e+01,4.166848307590e-01,1.744286060442e-07,3.919761312459e+02,6.775383005528e-04,7.385167476026e-02,-7.381056969061e-02,1.723746110385e+03,-5.841563312064e+02,0.000000000000e+00,0.000000000000e+00,3.819537601030e-04,4.163295985123e-02,0.000000000000e+00,0.000000000000e+00,2.826942201079e+02,2.814277343750e+02,5.907407407407e-01,3.497222222222e-01,1.723746110385e+03,5.548472708714e+04,1.090000000000e+02
3.135000000000e+03,1.033713285631e+08,2.315194248361e+01,4.166824661320e-01,1.741992212044e-07,3.924926573904e+02,6.893132239667e-04,7.513514141237e-02,-7.508489214476e-02,2.547194040766e+03,-2.331593480470e+04,0.000000000000e+00,0.000000000000e+00,4.278292629250e-03,4.663338965883e-01,0.000000000000e+00,0.000000000000e+00,2.827534166494e+02,2.813230285645e+02,5.938888888888e-01,3.215740740741e-01,2.547194040766e+03,5.548441528080e+04,1.090000000000e+02
3.136000000000e+03,1.033867456916e+08,2.078754801928e+01,4.167008065260e-01,1.739712911132e-07,3.930072507870e+02,7.407318724795e-04,8.073977410027e-02,-8.067873898606e-02,3.646495165951e+03,-1.989370476986e+04,0.000000000000e+00,0.000000000000e+00,3.892453962680e-03,4.242774819322e-01,0.000000000000e+00,0.000000000000e+00,2.822820655903e+02,2.810931091309e+02,6.020370370369e-01,2.975925925926e-01,3.646495165951e+03,5.548684629610e+04,1.090000000000e+02
3.137000000000e+03,1.033810634759e+08,1.811483661344e+01,4.167046372593e-01,1.737447992261e-07,3.935199283622e+02,7.120528404860e-04,7.761375961298e-02,-7.756541661410e-02,2.673931209467e+03,1.378276404906e+03,0.000000000000e+00,0.000000000000e+00,2.142194699343e-04,2.334992222284e-02,0.000000000000e+00,0.000000000000e+00,2.821806564200e+02,2.810392150879e+02,6.054629629629e-01,3.093518518518e-01,2.673931209467e+03,5.548735555806e+04,1.090000000000e+02
3.138000000000e+03,1.033765592868e+08,1.733435975586e+01,4.167170445823e-01,1.735224338943e-07,3.940307068099e+02,6.582306219389e-04,7.174713779134e-02,-7.170506965713e-02,2.324675490585e+03,5.253845503896e+02,0.000000000000e+00,0.000000000000e+00,2.977432329949e-04,3.245401239644e-02,0.000000000000e+00,0.000000000000e+00,2.820229000337e+02,2.811347045898e+02,6.134259259258e-01,3.194444444444e-01,2.324675490585e+03,5.548813791188e+04,1.090000000000e+02
3.139000000000e+03,1.033866285645e+08,2.221772030681e+01,4.167052917078e-01,1.732987667343e-07,3.945396025960e+02,6.423214141320e-04,7.001303414039e-02,-6.996825308161e-02,2.749729429398e+03,-1.395168403166e+04,0.000000000000e+00,0.000000000000e+00,2.762643309961e-03,3.011281207857e-01,0.000000000000e+00,0.000000000000e+00,2.823347818433e+02,2.814194335938e+02,6.189814814814e-01,3.043518518518e-01,2.749729429398e+03,5.548657971943e+04,1.090000000000e+02
3.140000000000e+03,1.033938512679e+08,2.016245443791e+01,4.167318961089e-01,1.730764894164e-07,3.950466319626e+02,6.636105297476e-04,7.233354774249e-02,-7.228343348746e-02,3.360982431710e+03,-1.123363791877e+04,0.000000000000e+00,0.000000000000e+00,2.413180439310e-03,2.630366678848e-01,0.000000000000e+00,0.000000000000e+00,2.816134503564e+02,2.805650024414e+02,6.236111111110e-01,2.944444444444e-01,3.360982431710e+03,5.549010674841e+04,1.090000000000e+02
3.141000000000e+03,1.033880324382e+08,1.828732235535e+01,4.167362206884e-01,1.728555875789e-07,3.955518109324e+02,6.131002333360e-04,6.682792543363e-02,-6.678668910149e-02,2.636904287474e+03,2.112767398011e+03,0.000000000000e+00,0.000000000000e+00,8.671929189221e-05,9.452402816251e-03,0.000000000000e+00,0.000000000000e+00,2.814903587870e+02,2.805459594727e+02,6.306481481480e-01,3.066666666666e-01,2.636904287474e+03,5.549068154401e+04,1.090000000000e+02
3.142000000000e+03,1.033824001345e+08,1.699741711563e+01,4.167421311059e-01,1.726360457011e-07,3.960551553121e+02,6.147807645772e-04,6.701110333892e-02,-6.697151585131e-02,2.313635423197e+03,1.915939754576e+03,0.000000000000e+00,0.000000000000e+00,6.589569513881e-05,7.182630770130e-03,0.000000000000e+00,0.000000000000e+00,2.813183106605e+02,2.801643371582e+02,6.337037037036e-01,3.180555555555e-01,2.313635423197e+03,5.549147054242e+04,1.090000000000e+02
3.143000000000e+03,1.033774273115e+08,1.642255249479e+01,4.167356037133e-01,1.724178490049e-07,3.965566806969e+02,6.263124509141e-04,6.826805714964e-02,-6.822875566422e-02,2.114801433514e+03,1.186697322985e+03,0.000000000000e+00,0.000000000000e+00,1.537032394842e-04,1.675365310378e-02,0.000000000000e+00,0.000000000000e+00,2.815065599816e+02,2.803503723145e+02,6.402777777777e-01,3.278703703704e-01,2.114801433514e+03,5.549060612062e+04,1.090000000000e+02
3.144000000000e+03,1.034085776990e+08,2.941361701199e+01,4.167565761822e-01,1.722009831880e-07,3.970564024742e+02,5.854530266408e-04,6.381437990384e-02,-6.376774193248e-02,3.514477393789e+03,-3.468901879204e+04,0.000000000000e+00,0.000000000000e+00,6.318587053328e-03,6.887259888128e-01,0.000000000000e+00,0.000000000000e+00,2.808855422304e+02,2.799125366211e+02,6.436111111110e-01,2.776851851852e-01,3.514477393789e+03,5.549338179440e+04,1.090000000000e+02
3.145000000000e+03,1.034342344076e+08,2.832582332711e+01,4.167592036219e-01,1.719854385762e-07,3.975543358273e+02,6.085610507133e-04,6.633315452775e-02,-6.627618716972e-02,5.954612908850e+03,-2.933465208921e+04,0.000000000000e+00,0.000000000000e+00,5.834432090733e-03,6.359530978899e-01,0.000000000000e+00,0.000000000000e+00,2.808051429662e+02,2.800462036133e+02,6.488888888888e-01,2.334259259259e-01,5.954612908850e+03,5.549372353440e+04,1.090000000000e+02
3.146000000000e+03,1.034271357457e+08,2.411165839901e+01,4.167754579859e-01,1.717711889038e-07,3.980504957392e+02,5.933531892261e-04,6.467549762564e-02,-6.462814843424e-02,4.401549665222e+03,3.512104737549e+03,0.000000000000e+00,0.000000000000e+00,1.467750855170e-04,1.599848432136e-02,0.000000000000e+00,0.000000000000e+00,2.802772179390e+02,2.794725646973e+02,6.531481481481e-01,2.488888888889e-01,4.401549665222e+03,5.549588087383e+04,1.090000000000e+02
3.147000000000e+03,1.034233563405e+08,2.273809011119e+01,4.167843151708e-01,1.715582266801e-07,3.985448969958e+02,5.536725831136e-04,6.035031155938e-02,-6.030830900964e-02,3.707783515531e+03,4.324806569814e+02,0.000000000000e+00,0.000000000000e+00,5.416055342691e-04,5.903500323533e-02,0.000000000000e+00,0.000000000000e+00,2.799694357329e+02,2.790285949707e+02,6.544444444444e-01,2.581481481481e-01,3.707783515531e+03,5.549705789465e+04,1.090000000000e+02
3.148000000000e+03,1.034208572470e+08,2.177674048860e+01,4.167941430963e-01,1.713465380704e-07,3.990375541901e+02,5.205758616540e-04,5.674276892028e-02,-5.670415972403e-02,3.421878404101e+03,-6.478850430486e+02,0.000000000000e+00,0.000000000000e+00,6.729628096585e-04,7.335294625277e-02,0.000000000000e+00,0.000000000000e+00,2.796074651932e+02,2.787380981445e+02,6.610185185185e-01,2.639814814815e-01,3.421878404101e+03,5.549836303099e+04,1.090000000000e+02
3.149000000000e+03,1.034307282642e+08,2.618615275123e+01,4.168011073479e-01,1.711361165877e-07,3.995284817250e+02,5.302903207109e-04,5.780164495749e-02,-5.776014912444e-02,3.791377320876e+03,-1.307665124970e+04,0.000000000000e+00,0.000000000000e+00,2.789494939389e-03,3.040549483934e-01,0.000000000000e+00,0.000000000000e+00,2.793345094761e+02,2.783651733398e+02,6.636111111111e-01,2.482407407407e-01,3.791377320876e+03,5.549928762923e+04,1.090000000000e+02
3.150000000000e+03,1.034377946856e+08,2.492388474085e+01,4.168133151547e-01,1.709269444995e-07,4.000176938171e+02,5.411014389760e-04,5.898005684838e-02,-5.893535015646e-02,4.588306626201e+03,-1.033735724596e+04,0.000000000000e+00,0.000000000000e+00,2.467462332992e-03,2.689533942961e-01,0.000000000000e+00,0.000000000000e+00,2.788160113473e+02,2.781217346191e+02,6.643518518518e-01,2.372222222222e-01,4.588306626201e+03,5.550090253652e+04,1.090000000000e+02
3.151000000000e+03,1.034314757841e+08,2.251519359339e+01,4.168212480716e-01,1.707189959685e-07,4.005052044996e+02,4.860406225739e-04,5.297842786056e-02,-5.294216248820e-02,3.754905700776e+03,3.380520621204e+03,0.000000000000e+00,0.000000000000e+00,6.181875274062e-05,6.738244048728e-03,0.000000000000e+00,0.000000000000e+00,2.784380684894e+02,2.777251586914e+02,6.704629629629e-01,2.505555555556e-01,3.754905700776e+03,5.550195659754e+04,1.090000000000e+02
3.152000000000e+03,1.034254313712e+08,2.099969252985e+01,4.168126154442e-01,1.705122678953e-07,4.009910276258e+02,5.013426048007e-04,5.464634392328e-02,-5.461146224976e-02,3.277025603979e+03,3.013391879844e+03,0.000000000000e+00,0.000000000000e+00,4.364613829101e-05,4.757429073720e-03,0.000000000000e+00,0.000000000000e+00,2.788459094819e+02,2.779897155762e+02,6.718518518518e-01,2.621296296296e-01,3.277025603979e+03,5.550081414463e+04,1.090000000000e+02
3.153000000000e+03,1.034205593579e+08,2.016697316736e+01,4.168253491775e-01,1.703079321357e-07,4.014751768722e+02,5.095875341810e-04,5.554504122573e-02,-5.551073288045e-02,3.007717082626e+03,1.791073834197e+03,0.000000000000e+00,0.000000000000e+00,2.012843620239e-04,2.193999546060e-02,0.000000000000e+00,0.000000000000e+00,2.783757521909e+02,2.776170043945e+02,6.737962962963e-01,2.719444444444e-01,3.007717082626e+03,5.550211966103e+04,1.090000000000e+02
3.154000000000e+03,1.034161162875e+08,1.929686493980e+01,4.168295505388e-01,1.701036053978e-07,4.019576657414e+02,4.732766321192e-04,5.158715290099e-02,-5.155615907779e-02,2.805855078778e+03,1.581568021209e+03,0.000000000000e+00,0.000000000000e+00,2.025089152404e-04,2.207347176121e-02,0.000000000000e+00,0.000000000000e+00,2.781541108627e+02,2.773967285156e+02,6.741666666666e-01,2.808333333333e-01,2.805855078778e+03,5.550267727935e+04,1.090000000000e+02
3.155000000000e+03,1.034116131503e+08,1.870873750543e+01,4.168284269843e-01,1.699004613244e-07,4.024385075652e+02,4.356915376099e-04,4.749037759948e-02,-4.746272528380e-02,2.628926155505e+03,1.868823423049e+03,0.000000000000e+00,0.000000000000e+00,1.257966883926e-04,1.371183903479e-02,0.000000000000e+00,0.000000000000e+00,2.782152221096e+02,2.774201660156e+02,6.758333333333e-01,2.899074074074e-01,2.628926155505e+03,5.550252774374e+04,1.090000000000e+02
3.156000000000e+03,1.034070959980e+08,1.806099475405e+01,4.168317030699e-01,1.696984877052e-07,4.029177155077e+02,4.089997915917e-04,4.458097728349e-02,-4.455537320318e-02,2.491092527098e+03,2.044197594243e+03,0.000000000000e+00,0.000000000000e+00,7.399627353031e-05,8.065593814804e-03,0.000000000000e+00,0.000000000000e+00,2.780346706549e+02,2.773899841309e+02,6.803703703703e-01,2.978703703704e-01,2.491092527098e+03,5.550296249035e+04,1.090000000000e+02
3.157000000000e+03,1.035408943665e+08,7.937577236451e+03,4.168344818237e-01,1.694976724699e-07,4.033953025678e+02,5.466407347813e-04,5.958384009116e-02,-5.672828149928e-02,1.031076071753e+05,-1.369469733346e+05,0.000000000000e+00,0.000000000000e+00,4.101469845052e-02,4.470602131107e+00,0.000000000000e+00,0.000000000000e+00,2.778778407562e+02,2.776781311035e+02,6.814814814814e-01,2.268518518521e-02,1.031076071753e+05,5.550331788270e+04,1.090000000000e+02
3.158000000000e+03,1.035507908935e+08,1.615223041459e+03,4.168480199346e-01,1.692980039969e-07,4.038712815824e+02,7.413057880927e-04,8.080233090210e-02,-7.249596918034e-02,2.341742176823e+05,-1.392036938058e+04,0.000000000000e+00,0.000000000000e+00,4.003899571390e-02,4.364250532815e+00,0.000000000000e+00,0.000000000000e+00,2.768868518943e+02,2.766098327637e+02,6.825925925925e-01,1.064814814816e-02,2.341742176823e+05,5.550511295619e+04,1.090000000000e+02
3.159000000000e+03,1.035385488492e+08,3.700348748278e+01,4.168495605069e-01,1.690994701970e-07,4.043456652289e+02,6.779885239848e-04,7.390074911434e-02,-7.362767977940e-02,1.106735900753e+04,8.155320767786e+03,0.000000000000e+00,0.000000000000e+00,2.229683541331e-04,2.430355060050e-02,0.000000000000e+00,0.000000000000e+00,2.767297050603e+02,2.765415649414e+02,6.838888888888e-01,6.268518518516e-02,1.106735900753e+04,5.550531949606e+04,1.090000000000e+02
3.160000000000e+03,1.035549055367e+08,1.115277870740e+04,4.168514628918e-01,1.689020603999e-07,4.048184660280e+02,6.724964100518e-04,7.330210869565e-02,-6.496940685964e-02,3.611743914619e+05,-1.996282833065e+04,0.000000000000e+00,0.000000000000e+00,6.491056277181e-02,7.075251342127e+00,0.000000000000e+00,0.000000000000e+00,2.765131136235e+02,2.764434814453e+02,6.840740740740e-01,-5.266010107398e-16,3.611743914619e+05,5.550557293523e+04,1.090000000000e+02
3.161000000000e+03,1.035547873586e+08,2.215995827343e+03,4.168550794984e-01,1.687057726541e-07,4.052896963463e+02,6.165187952042e-04,6.720054867726e-02,-5.831323521275e-02,3.959113288849e+05,-3.118523234426e+03,0.000000000000e+00,0.000000000000e+00,6.455837255309e-02,7.036862608287e+00,0.000000000000e+00,0.000000000000e+00,2.759094214815e+02,2.759356079102e+02,6.842592592592e-01,6.481481481512e-03,3.959113288849e+05,5.550605037019e+04,1.090000000000e+02
3.162000000000e+03,1.035433365417e+08,5.077119410559e+01,4.168560415524e-01,1.685105749489e-07,4.057593683989e+02,5.880741981275e-04,6.410008759590e-02,-6.375679269449e-02,1.220013335823e+04,7.911924304115e+03,0.000000000000e+00,0.000000000000e+00,3.540463815691e-04,3.859105559104e-02,0.000000000000e+00,0.000000000000e+00,2.755168342535e+02,2.754302673340e+02,6.838888888888e-01,5.675925925925e-02,1.220013335823e+04,5.550617906164e+04,1.090000000000e+02
3.163000000000e+03,1.035349967488e+08,3.541185953439e+01,4.168549697534e-01,1.683164670428e-07,4.062274942518e+02,5.745714355027e-04,6.262828646980e-02,-6.258559478874e-02,7.799541642595e+03,4.865908429443e+03,0.000000000000e+00,0.000000000000e+00,4.827377419416e-04,5.261841387163e-02,0.000000000000e+00,0.000000000000e+00,2.759316468588e+02,2.757243041992e+02,6.828703703703e-01,7.749999999997e-02,7.799541642595e+03,5.550603669849e+04,1.090000000000e+02
3.164000000000e+03,1.035358330448e+08,7.538785356609e+01,4.168559997200e-01,1.681234380548e-07,4.066940858246e+02,5.384983014286e-04,5.869631485572e-02,-5.865250743615e-02,7.970969902031e+03,-4.091868970501e+03,0.000000000000e+00,0.000000000000e+00,2.000811577198e-03,2.180884619146e-01,0.000000000000e+00,0.000000000000e+00,2.755452477089e+02,2.753952331543e+02,6.822222222222e-01,7.398148148146e-02,7.970969902031e+03,5.550617373971e+04,1.090000000000e+02
3.165000000000e+03,1.035338158576e+08,4.296399974888e+01,4.168553781407e-01,1.679314765348e-07,4.071591548927e+02,4.909912178259e-04,5.351804274302e-02,-5.343831272026e-02,9.160590101134e+03,-9.489664308779e+02,0.000000000000e+00,0.000000000000e+00,1.666326122956e-03,1.816295474022e-01,0.000000000000e+00,0.000000000000e+00,2.758170446404e+02,2.759801940918e+02,6.816666666666e-01,7.861111111109e-02,9.160590101134e+03,5.550609152817e+04,1.090000000000e+02
3.166000000000e+03,1.035240905888e+08,3.459512873470e+01,4.168554918668e-01,1.677405733923e-07,4.076227130900e+02,4.899531948408e-04,5.340489823765e-02,-5.336734339606e-02,7.848848324338e+03,6.763054974143e+03,0.000000000000e+00,0.000000000000e+00,1.784262881853e-04,1.944846541220e-02,0.000000000000e+00,0.000000000000e+00,2.757796324335e+02,2.755638122559e+02,6.803703703703e-01,1.006481481481e-01,7.848848324338e+03,5.550610692344e+04,1.090000000000e+02
3.167000000000e+03,1.035147488432e+08,3.165628657426e+01,4.168560898053e-01,1.675507174714e-07,4.080847719106e+02,4.563005958978e-04,4.973676495286e-02,-4.970263653335e-02,6.710039361054e+03,6.582942500954e+03,0.000000000000e+00,0.000000000000e+00,2.083448495919e-05,2.270958860551e-03,0.000000000000e+00,0.000000000000e+00,2.752786529429e+02,2.752113037109e+02,6.789814814814e-01,1.192592592592e-01,6.710039361054e+03,5.550618568264e+04,1.090000000000e+02
3.168000000000e+03,1.035066447019e+08,2.939590473704e+01,4.168561169181e-01,1.673618985459e-07,4.085453427118e+02,4.014650307447e-04,4.375968835117e-02,-4.373064935379e-02,5.829007394035e+03,5.676819670503e+03,0.000000000000e+00,0.000000000000e+00,2.504708470299e-05,2.730132232626e-03,0.000000000000e+00,0.000000000000e+00,2.753558959968e+02,2.754689636230e+02,6.773148148148e-01,1.354629629629e-01,5.829007394035e+03,5.550618938654e+04,1.090000000000e+02
3.169000000000e+03,1.035253912739e+08,4.313655361729e+01,4.168554632501e-01,1.671741113916e-07,4.090044367157e+02,3.892236530247e-04,4.242537817969e-02,-4.239449013011e-02,6.972687773071e+03,-2.109971491535e+04,0.000000000000e+00,0.000000000000e+00,4.642490584461e-03,5.060314737062e-01,0.000000000000e+00,0.000000000000e+00,2.749390852387e+02,2.750495300293e+02,6.747222222222e-01,9.537037037035e-02,6.972687773071e+03,5.550610016268e+04,1.090000000000e+02
3.170000000000e+03,1.035438788785e+08,1.617307075002e+03,4.168524292550e-01,1.669873411418e-07,4.094620650119e+02,4.172740540349e-04,4.548287188981e-02,-4.464998067795e-02,2.422300546743e+04,-2.096594276589e+04,0.000000000000e+00,0.000000000000e+00,7.736894946815e-03,8.433215492028e-01,0.000000000000e+00,0.000000000000e+00,2.743674751883e+02,2.745464477539e+02,6.746296296296e-01,3.694444444451e-02,2.422300546743e+04,5.550569555687e+04,1.090000000000e+02
3.171000000000e+03,1.035415734391e+08,1.524413230325e+02,4.168477097526e-01,1.668015743228e-07,4.099182385592e+02,3.968998485234e-04,4.326208348905e-02,-4.255532419038e-02,2.034991393598e+04,-5.661086386750e+01,0.000000000000e+00,0.000000000000e+00,3.137284958597e-03,3.419640604871e-01,0.000000000000e+00,0.000000000000e+00,2.738688629348e+02,2.740815124512e+02,6.725925925926e-01,5.629629629630e-02,2.034991393598e+04,5.550506714036e+04,1.090000000000e+02
3.172000000000e+03,1.035311790837e+08,3.565023128475e+01,4.168493464993e-01,1.666168034347e-07,4.103729681880e+02,3.283688782273e-04,3.579220772677e-02,-3.574316714361e-02,8.568280804298e+03,8.410425419963e+03,0.000000000000e+00,0.000000000000e+00,7.237293201261e-06,7.888649589374e-04,0.000000000000e+00,0.000000000000e+00,2.740184236976e+02,2.743074951172e+02,6.668518518518e-01,8.666666666664e-02,8.568280804298e+03,5.550528370444e+04,1.090000000000e+02
3.173000000000e+03,1.035223986495e+08,3.388517483833e+01,2.834232961267e+03,4.684613882267e-03,1.000000000000e+02,2.318351988609e-04,2.527003667584e-02,-2.866750832861e-02,7.299116322884e+03,7.189234463522e+03,1.680870523357e-05,1.832148870460e-03,1.258345359452e-06,1.371596441802e-04,4.538350413065e-04,4.946801950241e-02,2.741047733037e+02,2.743923034668e+02,6.620370370370e-01,1.052777777777e-01,7.299116322884e+03,5.550539769350e+04,1.090000000000e+02
3.174000000000e+03,1.035151421470e+08,3.233047479738e+01,9.658662148847e+03,1.596464602116e-02,1.000000000000e+02,-4.240436002792e-05,-4.622075243043e-03,-1.371468184185e-02,6.718969843121e+03,6.495265669034e+03,3.690720760365e-05,4.022885628798e-03,0.000000000000e+00,0.000000000000e+00,9.964946052985e-04,1.086179119775e-01,2.737566063596e+02,2.744028015137e+02,6.536111111111e-01,1.198148148148e-01,6.718969843121e+03,5.550489015898e+04,1.090000000000e+02
3.175000000000e+03,1.035090787395e+08,3.022113886930e+01,1.979729350200e+04,3.188584765049e-02,1.025564700979e+02,-3.028432034885e-04,-3.300990918025e-02,-1.178251242829e-03,6.112294948189e+03,5.998009058967e+03,1.860002213651e-05,2.027402412879e-03,0.000000000000e+00,0.000000000000e+00,1.380751682260e-03,1.505019333663e-01,2.732235312945e+02,2.738864746094e+02,2.675925925926e-02,1.303703703703e-01,6.112294948189e+03,5.550385779578e+04,1.090000000000e+02
3.176000000000e+03,1.035034696478e+08,3.098864423675e+01,3.139494552895e+04,4.644439356528e-02,1.115543917515e+02,-3.440263465352e-04,-3.749887177234e-02,-1.427999390568e-04,5.600398586965e+03,5.601166092338e+03,0.000000000000e+00,0.000000000000e+00,0.000000000000e+00,0.000000000000e+00,1.571663994229e-03,1.713113753710e-01,2.732128510836e+02,2.735253601074e+02,0.000000000000e+00,1.410185185185e-01,5.600398586965e+03,5.550383509282e+04,1.090000000000e+02
3.177000000000e+03,1.034982037927e+08,2.946478312215e+01,4.236755969014e+04,5.842923908807e-02,1.197284479668e+02,-3.680504879355e-04,-4.011750318497e-02,0.000000000000e+00,5.267379213197e+03,5.265855352083e+03,0.000000000000e+00,0.000000000000e+00,0.000000000000e+00,0.000000000000e+00,1.445628784498e-03,1.575735375102e-01,2.732146460591e+02,2.733212890625e+02,0.000000000000e+00,1.511111111111e-01,5.267379213197e+03,5.550383911608e+04,1.090000000000e+02
3.178000000000e+03,1.034932200777e+08,2.874297363529e+01,5.224173153349e+04,6.793000743014e-02,1.270330662527e+02,-3.730889001736e-04,-4.066669011893e-02,0.000000000000e+00,4.984438741400e+03,4.983716931926e+03,0.000000000000e+00,0.000000000000e+00,0.000000000000e+00,0.000000000000e+00,1.259024589978e-03,1.372336803076e-01,2.732120964850e+02,2.729063110352e+02,0.000000000000e+00,1.602777777778e-01,4.984438741400e+03,5.550383340154e+04,1.090000000000e+02
3.179000000000e+03,1.034884916350e+08,2.811035241970e+01,6.299809240550e+04,7.829182132028e-02,1.329443923114e+02,-3.680887150912e-04,-4.012166994494e-02,0.000000000000e+00,4.729076607826e+03,4.728443986619e+03,0.000000000000e+00,0.000000000000e+00,0.000000000000e+00,0.000000000000e+00,1.409847308085e-03,1.536733565813e-01,2.732095245542e+02,2.722380981445e+02,0.000000000000e+00,1.692592592592e-01,4.729076607826e+03,5.550382762895e+04,1.090000000000e+02
3.180000000000e+03,1.034839726694e+08,2.739639302219e+01,7.376472979899e+04,8.812307524204e-02,1.383150454671e+02,-3.621256766006e-04,-3.947169874946e-02,0.000000000000e+00,4.519680521352e+03,4.518966561962e+03,0.000000000000e+00,0.000000000000e+00,0.000000000000e+00,0.000000000000e+00,1.417508812789e-03,1.545084605940e-01,2.732077874316e+02,2.720433349609e+02,0.000000000000e+00,1.779629629629e-01,4.519680521352e+03,5.550382372510e+04,1.090000000000e+02
3.181000000000e+03,1.034796449617e+08,2.702404967341e+01,8.402904859600e+04,9.689340782346e-02,1.433111981438e+02,-3.561858608397e-04,-3.882425883153e-02,0.000000000000e+00,4.328080635246e+03,4.327708291905e+03,0.000000000000e+00,0.000000000000e+00,0.000000000000e+00,0.000000000000e+00,1.340420038374e-03,1.461057841827e-01,2.732034956019e+02,2.718146057129e+02,0.000000000000e+00,1.865740740741e-01,4.328080635246e+03,5.550381406708e+04,1.090000000000e+02
3.182000000000e+03,1.034754961193e+08,2.688005293746e+01,9.432791064915e+04,1.054628267571e-01,1.478117143933e+02,-3.648758195040e-04,-3.977146432593e-02,0.000000000000e+00,4.148986481719e+03,4.148842484984e+03,0.000000000000e+00,0.000000000000e+00,0.000000000000e+00,0.000000000000e+00,1.337442240826e-03,1.457812042501e-01,2.731978291911e+02,2.714259948730e+02,0.000000000000e+00,1.958333333333e-01,4.148986481719e+03,5.550380128445e+04,1.090000000000e+02
3.183000000000e+03,1.034714991658e+08,2.681340508428e+01,1.062812470180e+05,1.159799049570e-01,1.514463965045e+02,-3.672623638618e-04,-4.003159766094e-02,0.000000000000e+00,3.997020384506e+03,3.996953736643e+03,0.000000000000e+00,0.000000000000e+00,0.000000000000e+00,0.000000000000e+00,1.608529006116e-03,1.753296616667e-01,2.731922004356e+02,2.707429199219e+02,0.000000000000e+00,2.040740740741e-01,3.997020384506e+03,5.550378855114e+04,1.090000000000e+02
3.184000000000e+03,1.034676336890e+08,2.662992498077e+01,1.192363043424e+05,1.274954498252e-01,1.545652600352e+02,-3.564050413972e-04,-3.884814951230e-02,0.000000000000e+00,3.865660857312e+03,3.865477377214e+03,0.000000000000e+00,0.000000000000e+00,0.000000000000e+00,0.000000000000e+00,1.784934150317e-03,1.945578223845e-01,2.731885301850e+02,2.704045104980e+02,0.000000000000e+00,2.122222222222e-01,3.865660857312e+03,5.550378022938e+04,1.090000000000e+02
3.185000000000e+03,1.034638906595e+08,2.658042775166e+01,1.320686770672e+05,1.384714650462e-01,1.576330459241e+02,-3.565897911715e-04,-3.886828723770e-02,0.000000000000e+00,3.743079381299e+03,3.743029884073e+03,0.000000000000e+00,0.000000000000e+00,0.000000000000e+00,0.000000000000e+00,1.764498202984e-03,1.923303041252e-01,2.731849911530e+02,2.700735168457e+02,0.000000000000e+00,2.208333333333e-01,3.743079381299e+03,5.550377219138e+04,1.090000000000e+02
3.186000000000e+03,1.034602631566e+08,2.683494986176e+01,1.457112881276e+05,1.504534893354e-01,1.600686474615e+02,-3.589083717187e-04,-3.912101251733e-02,0.000000000000e+00,3.627248757108e+03,3.627503279234e+03,0.000000000000e+00,0.000000000000e+00,0.000000000000e+00,0.000000000000e+00,1.896106765569e-03,2.066756374470e-01,2.731799040352e+02,2.694647521973e+02,0.000000000000e+00,2.297222222222e-01,3.627248757108e+03,5.550376061248e+04,1.090000000000e+02
3.187000000000e+03,1.034567271098e+08,2.750207871765e+01,1.569739543423e+05,1.584973106695e-01,1.636916194622e+02,-3.440209652907e-04,-3.749828521668e-02,0.000000000000e+00,3.535379601388e+03,3.536046730246e+03,0.000000000000e+00,0.000000000000e+00,0.000000000000e+00,0.000000000000e+00,1.517612109886e-03,1.654197199776e-01,2.731727043353e+02,2.685157775879e+02,0.000000000000e+00,2.381481481481e-01,3.535379601388e+03,5.550374417525e+04,1.090000000000e+02
3.188000000000e+03,1.034532704804e+08,2.807357695410e+01,1.670905640427e+05,1.650414694776e-01,1.673338164630e+02,-3.231730649324e-04,-3.522586407763e-02,0.000000000000e+00,3.456057782360e+03,3.456629280605e+03,0.000000000000e+00,0.000000000000e+00,0.000000000000e+00,0.000000000000e+00,1.349025505128e-03,1.470437800589e-01,2.731669211611e+02,2.681567382813e+02,0.000000000000e+00,2.462962962963e-01,3.456057782360e+03,5.550373092943e+04,1.090000000000e+02
3.189000000000e+03,1.034498870179e+08,2.873870556626e+01,1.794013164323e+05,1.747895374552e-01,1.696440678261e+02,-3.169596366436e-04,-3.454860039415e-02,0.000000000000e+00,3.382798052413e+03,3.383463181031e+03,0.000000000000e+00,0.000000000000e+00,0.000000000000e+00,0.000000000000e+00,1.717913924311e-03,1.872526177499e-01,2.731609686858e+02,2.678457641602e+02,0.000000000000e+00,2.544444444444e-01,3.382798052413e+03,5.550371725674e+04,1.090000000000e+02
3.190000000000e+03,1.034465702141e+08,2.980195820692e+01,1.918151335569e+05,1.837242021266e-01,1.725631258204e+02,-3.126331712816e-04,-3.407701566970e-02,0.000000000000e+00,3.315740922193e+03,3.316804174851e+03,0.000000000000e+00,0.000000000000e+00,0.000000000000e+00,0.000000000000e+00,1.739279258443e-03,1.895814391703e-01,2.731535266422e+02,2.672311096191e+02,0.000000000000e+00,2.624074074074e-01,3.315740922193e+03,5.550370010731e+04,1.090000000000e+02
3.191000000000e+03,1.034433104411e+08,3.074347495890e+01,2.024887243852e+05,1.905867618988e-01,1.756070570084e+02,-3.059466707181e-04,-3.334818710827e-02,0.000000000000e+00,3.258831052381e+03,3.259772569146e+03,0.000000000000e+00,0.000000000000e+00,0.000000000000e+00,0.000000000000e+00,1.458319312665e-03,1.589568050805e-01,2.731478538598e+02,2.670113830566e+02,0.000000000000e+00,2.705555555555e-01,3.258831052381e+03,5.550368699332e+04,1.090000000000e+02
3.192000000000e+03,1.034401048832e+08,3.144830398604e+01,2.130211703644e+05,1.973895102387e-01,1.783752067532e+02,-3.016804563694e-04,-3.288316974426e-02,0.000000000000e+00,3.204853045311e+03,3.205557874351e+03,0.000000000000e+00,0.000000000000e+00,0.000000000000e+00,0.000000000000e+00,1.439253779308e-03,1.568786619446e-01,2.731439396798e+02,2.674907226562e+02,0.000000000000e+00,2.793518518518e-01,3.204853045311e+03,5.550367792333e+04,1.090000000000e+02
3.193000000000e+03,1.034369413984e+08,3.238416746500e+01,2.243320955821e+05,2.049914556341e-01,1.808810851866e+02,-3.073111934509e-04,-3.349692008614e-02,0.000000000000e+00,3.162549533116e+03,3.163485396593e+03,0.000000000000e+00,0.000000000000e+00,0.000000000000e+00,0.000000000000e+00,1.562295520259e-03,1.702902117082e-01,2.731393703714e+02,2.673902587891e+02,0.000000000000e+00,2.871296296296e-01,3.162549533116e+03,5.550366731326e+04,1.090000000000e+02
3.194000000000e+03,1.034338262354e+08,3.349878086047e+01,2.343823300372e+05,2.112484302053e-01,1.833877383526e+02,-2.957906070636e-04,-3.224117616993e-02,0.000000000000e+00,3.114048513416e+03,3.115163126817e+03,0.000000000000e+00,0.000000000000e+00,0.000000000000e+00,0.000000000000e+00,1.365440617880e-03,1.488330273490e-01,2.731344037869e+02,2.672338867188e+02,0.000000000000e+00,2.954629629629e-01,3.114048513416e+03,5.550365575390e+04,1.090000000000e+02
3.195000000000e+03,1.034307500848e+08,3.507732768274e+01,2.428526628978e+05,2.155531366513e-01,1.862209943867e+02,-2.976176148504e-04,-3.244032001870e-02,0.000000000000e+00,3.074572251575e+03,3.076150798405e+03,0.000000000000e+00,0.000000000000e+00,0.000000000000e+00,0.000000000000e+00,1.102471039335e-03,1.201693432875e-01,2.731282246536e+02,2.668755798340e+02,0.000000000000e+00,3.028703703704e-01,3.074572251575e+03,5.550364133433e+04,1.090000000000e+02
3.196000000000e+03,1.034277091554e+08,3.633115431818e+01,2.562086083873e+05,2.255483506264e-01,1.877566615137e+02,-3.101827144560e-04,-3.380991587570e-02,0.000000000000e+00,3.039675552871e+03,3.040929379508e+03,0.000000000000e+00,0.000000000000e+00,0.000000000000e+00,0.000000000000e+00,1.897457105105e-03,2.068228244565e-01,2.731238066880e+02,2.667943420410e+02,0.000000000000e+00,3.119444444444e-01,3.039675552871e+03,5.550363099803e+04,1.090000000000e+02
3.197000000000e+03,1.034247000276e+08,3.812404617746e+01,2.698879033228e+05,2.353555630236e-01,1.895402018983e+02,-3.212182110007e-04,-3.501278499908e-02,0.000000000000e+00,3.007334247610e+03,3.009127139483e+03,0.000000000000e+00,0.000000000000e+00,0.000000000000e+00,0.000000000000e+00,1.939872621431e-03,2.114461157360e-01,2.731177876062e+02,2.665367736816e+02,0.000000000000e+00,3.200925925926e-01,3.007334247610e+03,5.550361688093e+04,1.090000000000e+02
3.198000000000e+03,1.034217204600e+08,4.118043740388e+01,2.817908442592e+05,2.431685196960e-01,1.915415001061e+02,-3.009281124044e-04,-3.280116425208e-02,0.000000000000e+00,2.976510410797e+03,2.979566802031e+03,0.000000000000e+00,0.000000000000e+00,0.000000000000e+00,0.000000000000e+00,1.666551696481e-03,1.816541349164e-01,2.731093809155e+02,2.658544006348e+02,0.000000000000e+00,3.279629629629e-01,2.976510410797e+03,5.550359709624e+04,1.090000000000e+02
3.199000000000e+03,1.034187737529e+08,4.592715885825e+01,2.930225653151e+05,2.500454273884e-01,1.936985703584e+02,-2.846584864316e-04,-3.102777502104e-02,0.000000000000e+00,2.941960277797e+03,2.946706999262e+03,0.000000000000e+00,0.000000000000e+00,0.000000000000e+00,0.000000000000e+00,1.571879949060e-03,1.713349144475e-01,2.730984609857e+02,2.650914611816e+02,0.000000000000e+00,3.363888888889e-01,2.941960277797e+03,5.550357127817e+04,1.090000000000e+02
3.200000000000e+03,1.034158591420e+08,5.158343157953e+01,3.025935067205e+05,2.551970159958e-01,1.959878088125e+02,-2.722838078081e-04,-2.967893505108e-02,0.000000000000e+00,2.908954356147e+03,2.914610628883e+03,0.000000000000e+00,0.000000000000e+00,0.000000000000e+00,0.000000000000e+00,1.309740638546e-03,1.427617296015e-01,2.730883508694e+02,2.644819641113e+02,0.000000000000e+00,3.439814814815e-01,2.908954356147e+03,5.550354725467e+04,1.090000000000e+02
3.201000000000e+03,1.034129705667e+08,5.753880774855e+01,3.116395313094e+05,2.598604924969e-01,1.982248086285e+02,-2.542230345783e-04,-2.771031076904e-02,0.000000000000e+00,2.882619544664e+03,2.888574920833e+03,0.000000000000e+00,0.000000000000e+00,0.000000000000e+00,0.000000000000e+00,1.241034714355e-03,1.352727838647e-01,2.730796994084e+02,2.644597473145e+02,0.000000000000e+00,3.531481481481e-01,2.882619544664e+03,5.550352660540e+04,1.090000000000e+02
3.202000000000e+03,1.034101046014e+08,6.309389410639e+01,3.220311060643e+05,2.659652580896e-01,2.001332470114e+02,-2.645205375911e-04,-2.883273859743e-02,0.000000000000e+00,2.860410835887e+03,2.865965922235e+03,0.000000000000e+00,0.000000000000e+00,0.000000000000e+00,0.000000000000e+00,1.453143078269e-03,1.583925955313e-01,2.730730541956e+02,2.643859558105e+02,0.000000000000e+00,3.618518518518e-01,2.860410835887e+03,5.550351068676e+04,1.090000000000e+02
3.203000000000e+03,1.034072587444e+08,7.146256407870e+01,3.322844287532e+05,2.715778502917e-01,2.022379424107e+02,-2.653613938051e-04,-2.892439192475e-02,0.000000000000e+00,2.837488152302e+03,2.845856822276e+03,0.000000000000e+00,0.000000000000e+00,0.000000000000e+00,0.000000000000e+00,1.429465062774e-03,1.558116918424e-01,2.730610880691e+02,2.635574340820e+02,0.000000000000e+00,3.703703703704e-01,2.837488152302e+03,5.550348189759e+04,1.090000000000e+02
3.204000000000e+03,1.034044398316e+08,8.362008481074e+01,3.408668443182e+05,2.759596064542e-01,2.041676134118e+02,-2.464795503839e-04,-2.686627099184e-02,0.000000000000e+00,2.806754328633e+03,2.818911849369e+03,0.000000000000e+00,0.000000000000e+00,0.000000000000e+00,0.000000000000e+00,1.172163286896e-03,1.277657982717e-01,2.730478401758e+02,2.634318237305e+02,0.000000000000e+00,3.795370370370e-01,2.806754328633e+03,5.550344983534e+04,1.090000000000e+02
3.205000000000e+03,1.034016434030e+08,9.833609612757e+01,3.493614203309e+05,2.797836663011e-01,2.063957685508e+02,-2.320907746562e-04,-2.529789443752e-02,0.000000000000e+00,2.781713727314e+03,2.796429738635e+03,0.000000000000e+00,0.000000000000e+00,0.000000000000e+00,0.000000000000e+00,1.172032742618e-03,1.277515689454e-01,2.730346948663e+02,2.631764831543e+02,0.000000000000e+00,3.883333333333e-01,2.781713727314e+03,5.550341782354e+04,1.090000000000e+02
3.206000000000e+03,1.033988678500e+08,1.138574651810e+02,3.590719197758e+05,2.851046581456e-01,2.081736906827e+02,-2.256092646842e-04,-2.459140985057e-02,0.000000000000e+00,2.760031926550e+03,2.775553295607e+03,0.000000000000e+00,0.000000000000e+00,0.000000000000e+00,0.000000000000e+00,1.379487977983e-03,1.503641896001e-01,2.730246152966e+02,2.627090454102e+02,0.000000000000e+00,3.966666666667e-01,2.760031926550e+03,5.550339314366e+04,1.090000000000e+02
3.207000000000e+03,1.033961119962e+08,1.353663966475e+02,3.672819144807e+05,2.888878279208e-01,2.101453068006e+02,-2.120677581354e-04,-2.311538563676e-02,0.000000000000e+00,2.734344517258e+03,2.755853448726e+03,0.000000000000e+00,0.000000000000e+00,0.000000000000e+00,0.000000000000e+00,1.145034549513e-03,1.248087658969e-01,2.730035252173e+02,2.621520385742e+02,0.000000000000e+00,4.054629629630e-01,2.734344517258e+03,5.550334113372e+04,1.090000000000e+02
3.208000000000e+03,1.033933861452e+08,1.665575424171e+02,3.741265590413e+05,2.913870812871e-01,2.122258807704e+02,-1.941646568332e-04,-2.116394759482e-02,0.000000000000e+00,2.694660222377e+03,2.725851368149e+03,0.000000000000e+00,0.000000000000e+00,0.000000000000e+00,0.000000000000e+00,9.372718691860e-04,1.021626337413e-01,2.729798748655e+02,2.611498107910e+02,0.000000000000e+00,4.148148148148e-01,2.694660222377e+03,5.550328220952e+04,1.090000000000e+02
3.209000000000e+03,1.033906807373e+08,1.974201555753e+02,3.829050401831e+05,2.958419968940e-01,2.139349746299e+02,-2.101211722611e-04,-2.290320777646e-02,0.000000000000e+00,2.674545520724e+03,2.705408133884e+03,0.000000000000e+00,0.000000000000e+00,0.000000000000e+00,0.000000000000e+00,1.240933688646e-03,1.352617720624e-01,2.729697653655e+02,2.612925415039e+02,0.000000000000e+00,4.233333333333e-01,2.674545520724e+03,5.550325682462e+04,1.090000000000e+02
3.210000000000e+03,1.033879823854e+08,2.295662451390e+02,3.909857033526e+05,2.995793853703e-01,2.157247815373e+02,-2.185933683184e-04,-2.382667714671e-02,0.000000000000e+00,2.666207368926e+03,2.698353458494e+03,0.000000000000e+00,0.000000000000e+00,0.000000000000e+00,0.000000000000e+00,1.117137280410e-03,1.217679635647e-01,2.729525689383e+02,2.609349670410e+02,0.000000000000e+00,4.313981481481e-01,2.666207368926e+03,5.550321337839e+04,1.090000000000e+02
3.211000000000e+03,1.033853000355e+08,2.708625622481e+02,3.975191530181e+05,3.018635806518e-01,2.176702781831e+02,-1.965863264648e-04,-2.142790958466e-02,0.000000000000e+00,2.641053739618e+03,2.682350056728e+03,0.000000000000e+00,0.000000000000e+00,0.000000000000e+00,0.000000000000e+00,8.834283419987e-04,9.629368927786e-02,2.729265520296e+02,2.602474670410e+02,0.000000000000e+00,4.388245370370e-01,2.641053739618e+03,5.550314701206e+04,1.090000000000e+02
3.212000000000e+03,1.033826354691e+08,3.174212983028e+02,4.060510665704e+05,3.060785460069e-01,2.192805649354e+02,-1.882827991313e-04,-2.052282510531e-02,0.000000000000e+00,2.618007887829e+03,2.664566623883e+03,0.000000000000e+00,0.000000000000e+00,0.000000000000e+00,0.000000000000e+00,1.222050742602e-03,1.332035309436e-01,2.729068305483e+02,2.592016906738e+02,0.000000000000e+00,4.461486111111e-01,2.618007887829e+03,5.550309619376e+04,1.090000000000e+02
3.213000000000e+03,1.033799809061e+08,3.671123744412e+02,4.135646206265e+05,3.093340709138e-01,2.209879467488e+02,-1.821852719990e-04,-1.985819464789e-02,0.000000000000e+00,2.604872886778e+03,2.654563962917e+03,0.000000000000e+00,0.000000000000e+00,0.000000000000e+00,0.000000000000e+00,1.059829808718e-03,1.155214491503e-01,2.728860563745e+02,2.587669372559e+02,0.000000000000e+00,4.531222453704e-01,2.604872886778e+03,5.550304218254e+04,1.090000000000e+02
3.214000000000e+03,1.033773367277e+08,4.203409084778e+02,4.197725227889e+05,3.114101079336e-01,2.228100450102e+02,-1.823760398302e-04,-1.987898834149e-02,0.000000000000e+00,2.590950467343e+03,2.644179001379e+03,0.000000000000e+00,0.000000000000e+00,0.000000000000e+00,0.000000000000e+00,8.438162504899e-04,9.197597130340e-02,2.728689733915e+02,2.591825561523e+02,0.000000000000e+00,4.596319675926e-01,2.590950467343e+03,5.550299739434e+04,1.090000000000e+02
3.215000000000e+03,1.033747013515e+08,4.755253980089e+02,4.270981797436e+05,3.145442059172e-01,2.244398496342e+02,-1.890052474739e-04,-2.060157197466e-02,0.000000000000e+00,2.580192758157e+03,2.635377247690e+03,0.000000000000e+00,0.000000000000e+00,0.000000000000e+00,0.000000000000e+00,1.021942691121e-03,1.113917533322e-01,2.728529706494e+02,2.589403686523e+02,0.000000000000e+00,4.664603252315e-01,2.580192758157e+03,5.550295513330e+04,1.090000000000e+02
3.216000000000e+03,1.033720793394e+08,5.361514277807e+02,4.352036307870e+05,3.184325991083e-01,2.259069304641e+02,-1.855878232129e-04,-2.022907273020e-02,0.000000000000e+00,2.561386121284e+03,2.622012151058e+03,0.000000000000e+00,0.000000000000e+00,0.000000000000e+00,0.000000000000e+00,1.154273120426e-03,1.258157701265e-01,2.728293843848e+02,2.588750610352e+02,0.000000000000e+00,4.722804699653e-01,2.561386121284e+03,5.550289230860e+04,1.090000000000e+02
3.217000000000e+03,1.033700354555e+08,7.021633669606e+02,4.425028088090e+05,3.215389763778e-01,2.274770934471e+02,-1.745513240744e-04,-1.902609432411e-02,0.000000000000e+00,1.877871835286e+03,2.043883774468e+03,0.000000000000e+00,0.000000000000e+00,0.000000000000e+00,0.000000000000e+00,1.032070113889e-03,1.124956424139e-01,2.728025906319e+02,2.585750122070e+02,0.000000000000e+00,4.754051239004e-01,1.877871835286e+03,5.550281960265e+04,1.090000000000e+02
3.218000000000e+03,1.033680200845e+08,9.035492143757e+02,4.489258473555e+05,3.238887472348e-01,2.291049556453e+02,-1.728999265675e-04,-1.884609199586e-02,0.000000000000e+00,1.813984134220e+03,2.015369981636e+03,0.000000000000e+00,0.000000000000e+00,0.000000000000e+00,0.000000000000e+00,8.888571039385e-04,9.688542432930e-02,2.727859621685e+02,2.581688537598e+02,0.000000000000e+00,4.790660270862e-01,1.813984134220e+03,5.550277440526e+04,1.090000000000e+02
3.219000000000e+03,1.033658272866e+08,1.065995566587e+03,4.553270881568e+05,3.262620218699e-01,2.306815097639e+02,-1.873614470991e-04,-2.042239773380e-02,0.000000000000e+00,2.030352991902e+03,2.192799344113e+03,0.000000000000e+00,0.000000000000e+00,0.000000000000e+00,0.000000000000e+00,8.707258913546e-04,9.490912215765e-02,2.727868324435e+02,2.584033508301e+02,0.000000000000e+00,4.834869773177e-01,2.030352991902e+03,5.550277679878e+04,1.090000000000e+02
3.220000000000e+03,1.033635665585e+08,1.215942677792e+03,4.616830474042e+05,3.286006741963e-01,2.322370927243e+02,-1.983654700493e-04,-2.162183623537e-02,0.000000000000e+00,2.110781451998e+03,2.260728563203e+03,0.000000000000e+00,0.000000000000e+00,0.000000000000e+00,0.000000000000e+00,8.522731120212e-04,9.289776921031e-02,2.727780918626e+02,2.589501037598e+02,0.000000000000e+00,4.879128469591e-01,2.110781451998e+03,5.550275291173e+04,1.090000000000e+02
3.221000000000e+03,1.033612790218e+08,1.369797491735e+03,4.703232429744e+05,3.330087409911e-01,2.334519041486e+02,-1.908708990475e-04,-2.080492799618e-02,0.000000000000e+00,2.133682760596e+03,2.287537574542e+03,0.000000000000e+00,0.000000000000e+00,0.000000000000e+00,0.000000000000e+00,1.237376156074e-03,1.348740010120e-01,2.727593577850e+02,2.585108337402e+02,0.000000000000e+00,4.929405159984e-01,2.133682760596e+03,5.550270139495e+04,1.090000000000e+02
3.222000000000e+03,1.033591085654e+08,1.532184674747e+03,4.794063202312e+05,3.377568130988e-01,2.346153269929e+02,-1.868418569685e-04,-2.036576240957e-02,0.000000000000e+00,2.008070794444e+03,2.170457977455e+03,0.000000000000e+00,0.000000000000e+00,0.000000000000e+00,0.000000000000e+00,1.314425185235e-03,1.432723451906e-01,2.727581330805e+02,2.590639648438e+02,0.000000000000e+00,4.960029337515e-01,2.008070794444e+03,5.550269728023e+04,1.090000000000e+02
3.223000000000e+03,1.033572513860e+08,1.879349319534e+03,4.862161534389e+05,3.405162684958e-01,2.360200303942e+02,-1.804924849001e-04,-1.967368085411e-02,0.000000000000e+00,1.510011315701e+03,1.857175960486e+03,0.000000000000e+00,0.000000000000e+00,0.000000000000e+00,0.000000000000e+00,9.452338574671e-04,1.030304904639e-01,2.727344464040e+02,2.579129638672e+02,0.000000000000e+00,4.981940232798e-01,1.510011315701e+03,5.550263149444e+04,1.090000000000e+02
3.224000000000e+03,1.033552325485e+08,2.152671672083e+03,4.919351397642e+05,3.423186799612e-01,2.375390332372e+02,-1.594068610253e-04,-1.737534785175e-02,0.000000000000e+00,1.745515411512e+03,2.018837764060e+03,0.000000000000e+00,0.000000000000e+00,0.000000000000e+00,0.000000000000e+00,7.859741843202e-04,8.567118609090e-02,2.727201394110e+02,2.584201660156e+02,0.000000000000e+00,5.028599508877e-01,1.745515411512e+03,5.550259143724e+04,1.090000000000e+02
3.225000000000e+03,1.033531667782e+08,2.411340020655e+03,4.977619287838e+05,3.442545940119e-01,2.390011796236e+02,-1.454033732469e-04,-1.584896768392e-02,0.000000000000e+00,1.807102729711e+03,2.065771078281e+03,0.000000000000e+00,0.000000000000e+00,0.000000000000e+00,0.000000000000e+00,8.177987393259e-04,8.914006258652e-02,2.727065377737e+02,2.589536132812e+02,0.000000000000e+00,5.070047441197e-01,1.807102729711e+03,5.550255311579e+04,1.090000000000e+02
3.226000000000e+03,1.033510789993e+08,2.666958279540e+03,5.043603251829e+05,3.468965417517e-01,2.403252665603e+02,-1.609027938667e-04,-1.753840453147e-02,0.000000000000e+00,1.832160433057e+03,2.087778691941e+03,0.000000000000e+00,0.000000000000e+00,0.000000000000e+00,0.000000000000e+00,9.298429941377e-04,1.013528863610e-01,2.726929121566e+02,2.585171508789e+02,0.000000000000e+00,5.102936561568e-01,1.832160433057e+03,5.550251449552e+04,1.090000000000e+02
3.227000000000e+03,1.033491233895e+08,3.093581086845e+03,5.106729124471e+05,3.492499466853e-01,2.416938232762e+02,-1.619912312669e-04,-1.765704420809e-02,0.000000000000e+00,1.528986946380e+03,1.955609753686e+03,0.000000000000e+00,0.000000000000e+00,0.000000000000e+00,0.000000000000e+00,8.815568229804e-04,9.608969370486e-02,2.726700185904e+02,2.571536254883e+02,0.000000000000e+00,5.151911861868e-01,1.528986946380e+03,5.550244809738e+04,1.090000000000e+02
3.228000000000e+03,1.033471592509e+08,3.524827731851e+03,5.167849076722e+05,3.514939389229e-01,2.430256142276e+02,-1.343203165803e-04,-1.464091450725e-02,0.000000000000e+00,1.532889503007e+03,1.964136148013e+03,0.000000000000e+00,0.000000000000e+00,0.000000000000e+00,0.000000000000e+00,8.761517477583e-04,9.550054050566e-02,2.726292204948e+02,2.567618103027e+02,0.000000000000e+00,5.182115797053e-01,1.532889503007e+03,5.550232989924e+04,1.090000000000e+02
3.229000000000e+03,1.033451779140e+08,3.984938587970e+03,5.228960239289e+05,3.537281656708e-01,2.443471447807e+02,-1.201581904067e-04,-1.309724275433e-02,0.000000000000e+00,1.521225380958e+03,1.981336237075e+03,0.000000000000e+00,0.000000000000e+00,0.000000000000e+00,0.000000000000e+00,8.902722902759e-04,9.703967964007e-02,2.725670579505e+02,2.555773773193e+02,0.000000000000e+00,5.253610244314e-01,1.521225380958e+03,5.550214588375e+04,1.090000000000e+02
3.230000000000e+03,1.033432334678e+08,4.554284070908e+03,5.279292611742e+05,3.550736874772e-01,2.457646751959e+02,-1.138813055090e-04,-1.241306230049e-02,0.000000000000e+00,1.375100915418e+03,1.944446398356e+03,0.000000000000e+00,0.000000000000e+00,0.000000000000e+00,0.000000000000e+00,7.182219447467e-04,7.828619197739e-02,2.725427364385e+02,2.548891906738e+02,0.000000000000e+00,5.284740105425e-01,1.375100915418e+03,5.550207078520e+04,1.090000000000e+02
3.231000000000e+03,1.033413391783e+08,5.203674613898e+03,5.321628237019e+05,3.557754972258e-01,2.472470932461e+02,-1.131878679819e-04,-1.233747761003e-02,0.000000000000e+00,1.244899160048e+03,1.894289703032e+03,0.000000000000e+00,0.000000000000e+00,0.000000000000e+00,0.000000000000e+00,5.866929837018e-04,6.394953522349e-02,2.725247857393e+02,2.553917236328e+02,0.000000000000e+00,5.335134518103e-01,1.244899160048e+03,5.550201625422e+04,1.090000000000e+02
3.232000000000e+03,1.033394215244e+08,5.770586759217e+03,5.362145949218e+05,3.563588180009e-01,2.487217570378e+02,-1.087568475198e-04,-1.185449637965e-02,0.000000000000e+00,1.350742141139e+03,1.917654286454e+03,0.000000000000e+00,0.000000000000e+00,0.000000000000e+00,0.000000000000e+00,5.609675408816e-04,6.114546195610e-02,2.725285999077e+02,2.556392517090e+02,0.000000000000e+00,5.371245629214e-01,1.350742141139e+03,5.550202791040e+04,1.090000000000e+02
3.233000000000e+03,1.033375170434e+08,6.317321251764e+03,5.407642897265e+05,3.573910522697e-01,2.501075345896e+02,-9.322927084907e-05,-1.016199052255e-02,0.000000000000e+00,1.357747309168e+03,1.904481801710e+03,0.000000000000e+00,0.000000000000e+00,0.000000000000e+00,0.000000000000e+00,6.587782473394e-04,7.180682895999e-02,2.725400266014e+02,2.564550170898e+02,0.000000000000e+00,5.422565967819e-01,1.357747309168e+03,5.550206096378e+04,1.090000000000e+02
3.234000000000e+03,1.033356954525e+08,7.048041713227e+03,5.465157856326e+05,3.594620139677e-01,2.513114578127e+02,-1.121534195219e-04,-1.222472272788e-02,0.000000000000e+00,1.090868240358e+03,1.821588701818e+03,0.000000000000e+00,0.000000000000e+00,0.000000000000e+00,0.000000000000e+00,8.385690475385e-04,9.140402618170e-02,2.725362682190e+02,2.569036560059e+02,0.000000000000e+00,5.454409994008e-01,1.090868240358e+03,5.550204962189e+04,1.090000000000e+02
3.235000000000e+03,1.033338475501e+08,7.703045819055e+03,5.533564425206e+05,3.624402884922e-01,2.523665905360e+02,-1.475775993500e-04,-1.608595832915e-02,0.000000000000e+00,1.192900560979e+03,1.847904666803e+03,0.000000000000e+00,0.000000000000e+00,0.000000000000e+00,0.000000000000e+00,9.833146237859e-04,1.071812939927e-01,2.725058700935e+02,2.563990478516e+02,0.000000000000e+00,5.513581952983e-01,1.192900560979e+03,5.550195652667e+04,1.090000000000e+02
3.236000000000e+03,1.033320006414e+08,8.408790080299e+03,5.595647133688e+05,3.648819080341e-01,2.534912562893e+02,-1.630660267543e-04,-1.777419691622e-02,0.000000000000e+00,1.141168398461e+03,1.846912659703e+03,0.000000000000e+00,0.000000000000e+00,0.000000000000e+00,0.000000000000e+00,8.634823604251e-04,9.411957728633e-02,2.724407081815e+02,2.548158111572e+02,0.000000000000e+00,5.566577311417e-01,1.141168398461e+03,5.550175313603e+04,1.090000000000e+02
3.237000000000e+03,1.033302533139e+08,9.399099471033e+03,5.651881875540e+05,3.668678529893e-01,2.546536224482e+02,-1.456264333625e-04,-1.587328123651e-02,0.000000000000e+00,7.570195958414e+02,1.747328986571e+03,0.000000000000e+00,0.000000000000e+00,0.000000000000e+00,0.000000000000e+00,7.842281227986e-04,8.548086538505e-02,2.723853255844e+02,2.542895660400e+02,0.000000000000e+00,5.620163795276e-01,7.570195958414e+02,5.550157381532e+04,1.090000000000e+02
3.238000000000e+03,1.033284777901e+08,1.027660746803e+04,5.705953987249e+05,3.686837017899e-01,2.558243896288e+02,-1.229390492672e-04,-1.340035637012e-02,0.000000000000e+00,8.980156484757e+02,1.775523645470e+03,0.000000000000e+00,0.000000000000e+00,0.000000000000e+00,0.000000000000e+00,7.711105329379e-04,8.405104809023e-02,2.723405623515e+02,2.535805053711e+02,0.000000000000e+00,5.675215586068e-01,8.980156484757e+02,5.550142809239e+04,1.090000000000e+02
3.239000000000e+03,1.033267421426e+08,1.128176363007e+04,5.755004395362e+05,3.700944292198e-01,2.570403178872e+02,-1.070379856424e-04,-1.166714043502e-02,0.000000000000e+00,7.304931910631e+02,1.735649353104e+03,0.000000000000e+00,0.000000000000e+00,0.000000000000e+00,0.000000000000e+00,7.038648782840e-04,7.672127173295e-02,2.723228777048e+02,2.533937225342e+02,0.000000000000e+00,5.726589060301e-01,7.304931910631e+02,5.550136690569e+04,1.090000000000e+02
3.240000000000e+03,1.033250205237e+08,1.225337685401e+04,5.811558438254e+05,3.721410879393e-01,2.581389802635e+02,-8.931680746197e-05,-9.735532013354e-03,0.000000000000e+00,7.500065532310e+02,1.721619777167e+03,0.000000000000e+00,0.000000000000e+00,0.000000000000e+00,0.000000000000e+00,8.456042844246e-04,9.217086700228e-02,2.723062485838e+02,2.537482757568e+02,0.000000000000e+00,5.788826137970e-01,7.500065532310e+02,5.550131210697e+04,1.090000000000e+02
3.241000000000e+03,1.033233042174e+08,1.319667162990e+04,5.868347589687e+05,3.741872541578e-01,2.592367235698e+02,-8.623880433429e-05,-9.400029672437e-03,0.000000000000e+00,7.730107289732e+02,1.716305504866e+03,0.000000000000e+00,0.000000000000e+00,0.000000000000e+00,0.000000000000e+00,8.527116954971e-04,9.294557480918e-02,2.722672475218e+02,2.536108703613e+02,0.000000000000e+00,5.843749634440e-01,7.730107289732e+02,5.550117869552e+04,1.090000000000e+02
3.242000000000e+03,1.033216358202e+08,1.434719424039e+04,5.911162354973e+05,3.751636231586e-01,2.604492994535e+02,-1.035237075623e-04,-1.128408412429e-02,0.000000000000e+00,5.178732376392e+02,1.668395848133e+03,0.000000000000e+00,0.000000000000e+00,0.000000000000e+00,0.000000000000e+00,6.044969615247e-04,6.589016880619e-02,2.722181229732e+02,2.532135467529e+02,0.000000000000e+00,5.899624170167e-01,5.178732376392e+02,5.550101146190e+04,1.090000000000e+02
3.243000000000e+03,1.033199610304e+08,1.536185832698e+04,5.955300402543e+05,3.762397773785e-01,2.616438057331e+02,-1.171347245066e-04,-1.276768497122e-02,0.000000000000e+00,6.601308943175e+02,1.674794980912e+03,0.000000000000e+00,0.000000000000e+00,0.000000000000e+00,0.000000000000e+00,6.125873544027e-04,6.677202162989e-02,2.722019120633e+02,2.543534698486e+02,0.000000000000e+00,5.958739363115e-01,6.601308943175e+02,5.550095613955e+04,1.090000000000e+02
3.244000000000e+03,1.033183499002e+08,1.651753705803e+04,6.006296149999e+05,3.778819247395e-01,2.627371448133e+02,-1.239030300839e-04,-1.350543027914e-02,0.000000000000e+00,4.554528319527e+02,1.611131563000e+03,0.000000000000e+00,0.000000000000e+00,0.000000000000e+00,0.000000000000e+00,7.189083723419e-04,7.836101258527e-02,2.722276668945e+02,2.540127410889e+02,0.000000000000e+00,6.015149219913e-01,4.554528319527e+02,5.550104186870e+04,1.090000000000e+02
3.245000000000e+03,1.033167366849e+08,1.757452970798e+04,6.057469979408e+05,3.795604180383e-01,2.638042625533e+02,-1.431711667801e-04,-1.560565717903e-02,0.000000000000e+00,5.562240106851e+02,1.613216660634e+03,0.000000000000e+00,0.000000000000e+00,0.000000000000e+00,0.000000000000e+00,7.028557969517e-04,7.661128186773e-02,2.722062756093e+02,2.534426269531e+02,0.000000000000e+00,6.074400946940e-01,5.562240106851e+02,5.550096888563e+04,1.090000000000e+02
3.246000000000e+03,1.033151422075e+08,1.878400860402e+04,6.116695301346e+05,3.818741797131e-01,2.647705019868e+02,-1.498531353412e-04,-1.633399175219e-02,0.000000000000e+00,3.849990698251e+02,1.594477965867e+03,0.000000000000e+00,0.000000000000e+00,0.000000000000e+00,0.000000000000e+00,8.295057661981e-04,9.041612851559e-02,2.721500042911e+02,2.525922546387e+02,0.000000000000e+00,6.140852213990e-01,3.849990698251e+02,5.550076931457e+04,1.090000000000e+02
3.247000000000e+03,1.033135531124e+08,2.004946735733e+04,6.177943393137e+05,3.843512206105e-01,2.656991501319e+02,-1.286939919894e-04,-1.402764512684e-02,0.000000000000e+00,3.236370189479e+02,1.589095772254e+03,0.000000000000e+00,0.000000000000e+00,0.000000000000e+00,0.000000000000e+00,8.840758912350e-04,9.636427214462e-02,2.720987654884e+02,2.525356140137e+02,0.000000000000e+00,6.215210832063e-01,3.236370189479e+02,5.550058666016e+04,1.090000000000e+02
3.248000000000e+03,1.033119734634e+08,2.136039384239e+04,6.233549107245e+05,3.863982711611e-01,2.666711455385e+02,-1.091057371221e-04,-1.189252534631e-02,0.000000000000e+00,2.687242466401e+02,1.579650731706e+03,0.000000000000e+00,0.000000000000e+00,0.000000000000e+00,0.000000000000e+00,8.103805559064e-04,8.833148059380e-02,2.720540234510e+02,2.526210479736e+02,0.000000000000e+00,6.280177083434e-01,2.687242466401e+02,5.550042274417e+04,1.090000000000e+02
3.249000000000e+03,1.033104134392e+08,2.264980838988e+04,6.280998145201e+05,3.877780244325e-01,2.677451528097e+02,-1.029936991621e-04,-1.122631320867e-02,0.000000000000e+00,2.706100291180e+02,1.560024576606e+03,0.000000000000e+00,0.000000000000e+00,0.000000000000e+00,0.000000000000e+00,6.814204769727e-04,7.427483199002e-02,2.720437139862e+02,2.526845245361e+02,0.000000000000e+00,6.351641548505e-01,2.706100291180e+02,5.550038399886e+04,1.090000000000e+02
3.250000000000e+03,1.033088810215e+08,2.384162715426e+04,6.324576301088e+05,3.888955292111e-01,2.688280089404e+02,-1.071673383857e-04,-1.168123988404e-02,0.000000000000e+00,3.405995898782e+02,1.532418354260e+03,0.000000000000e+00,0.000000000000e+00,0.000000000000e+00,0.000000000000e+00,6.131527714537e-04,6.683365208845e-02,2.720480394010e+02,2.531290130615e+02,0.000000000000e+00,6.425130056220e-01,3.405995898782e+02,5.550040204970e+04,1.090000000000e+02
3.251000000000e+03,1.033073924221e+08,2.510846989920e+04,6.370949883455e+05,3.902466580561e-01,2.698621154235e+02,-1.178639255548e-04,-1.284716788547e-02,0.000000000000e+00,2.217580333431e+02,1.488600778281e+03,0.000000000000e+00,0.000000000000e+00,0.000000000000e+00,0.000000000000e+00,6.489124680435e-04,7.073145901674e-02,2.720181800300e+02,2.527994995117e+02,0.000000000000e+00,6.490176789903e-01,2.217580333431e+02,5.550029090114e+04,1.090000000000e+02
3.252000000000e+03,1.033059128272e+08,2.634796244358e+04,6.420307800151e+05,3.918448254285e-01,2.708447438239e+02,-1.232305412707e-04,-1.343212899850e-02,0.000000000000e+00,2.401023561636e+02,1.479594900538e+03,0.000000000000e+00,0.000000000000e+00,0.000000000000e+00,0.000000000000e+00,6.930890691950e-04,7.554670854225e-02,2.719587279504e+02,2.526025085449e+02,0.000000000000e+00,6.572917082469e-01,2.401023561636e+02,5.550006988733e+04,1.090000000000e+02
3.253000000000e+03,1.033045058104e+08,2.757024195651e+04,6.471907119444e+05,3.936136091232e-01,2.717951951666e+02,-1.319873805652e-04,-1.438662448161e-02,0.000000000000e+00,1.847390214050e+02,1.407018534342e+03,0.000000000000e+00,0.000000000000e+00,0.000000000000e+00,0.000000000000e+00,7.211863170111e-04,7.860930855421e-02,2.719280983600e+02,2.523730163574e+02,0.000000000000e+00,6.635641814165e-01,1.847390214050e+02,5.549995452505e+04,1.090000000000e+02
3.254000000000e+03,1.033031050749e+08,2.879209743196e+04,6.520760516666e+05,3.951612053300e-01,2.727743896748e+02,-1.262817914592e-04,-1.376471526906e-02,0.000000000000e+00,1.788801760287e+02,1.400735651476e+03,0.000000000000e+00,0.000000000000e+00,0.000000000000e+00,0.000000000000e+00,6.812843299336e-04,7.425999196276e-02,2.719276273724e+02,2.532419433594e+02,0.000000000000e+00,6.713805814845e-01,1.788801760287e+02,5.549995237693e+04,1.090000000000e+02
3.255000000000e+03,1.033017100416e+08,3.002130818011e+04,6.566848780528e+05,3.965120112568e-01,2.737681010215e+02,-1.007231187196e-04,-1.097881994043e-02,0.000000000000e+00,1.658229489436e+02,1.395033697094e+03,0.000000000000e+00,0.000000000000e+00,0.000000000000e+00,0.000000000000e+00,6.617517738430e-04,7.213094334888e-02,2.718444753264e+02,2.523300018311e+02,0.000000000000e+00,6.791569487041e-01,1.658229489436e+02,5.549963180366e+04,1.090000000000e+02
3.256000000000e+03,1.033003544000e+08,3.122912918600e+04,6.610528993610e+05,3.977146241704e-01,2.747568506409e+02,-8.939009932508e-05,-9.743520826433e-03,0.000000000000e+00,1.478200670971e+02,1.355641072983e+03,0.000000000000e+00,0.000000000000e+00,0.000000000000e+00,0.000000000000e+00,6.330839030138e-04,6.900614542850e-02,2.717895754376e+02,2.516966857910e+02,0.000000000000e+00,6.873273473055e-01,1.478200670971e+02,5.549941729625e+04,1.090000000000e+02
3.257000000000e+03,1.032990160749e+08,3.240839243355e+04,6.655747780192e+05,3.990515145802e-01,2.757097696370e+02,-1.079060621335e-04,-1.176176077255e-02,0.000000000000e+00,1.590630716771e+02,1.338326319235e+03,0.000000000000e+00,0.000000000000e+00,0.000000000000e+00,0.000000000000e+00,6.396745062475e-04,6.972452118098e-02,2.717777885172e+02,2.519540557861e+02,0.000000000000e+00,6.955720536086e-01,1.590630716771e+02,5.549937038462e+04,1.090000000000e+02
3.258000000000e+03,1.032976803991e+08,3.358346797876e+04,6.695862888347e+05,3.999697371141e-01,2.767352486656e+02,-1.152180565149e-04,-1.255876816012e-02,0.000000000000e+00,1.606014163693e+02,1.335676961580e+03,0.000000000000e+00,0.000000000000e+00,0.000000000000e+00,0.000000000000e+00,5.481035793340e-04,5.974329014741e-02,2.717530611355e+02,2.524174652100e+02,0.000000000000e+00,7.040504344701e-01,1.606014163693e+02,5.549927099439e+04,1.090000000000e+02
3.259000000000e+03,1.032963590125e+08,3.473214016899e+04,6.741414096605e+05,4.013501258602e-01,2.776589039909e+02,-1.229179855627e-04,-1.339806042633e-02,0.000000000000e+00,1.727144549251e+02,1.321386645147e+03,0.000000000000e+00,0.000000000000e+00,0.000000000000e+00,0.000000000000e+00,6.297901245448e-04,6.864712357539e-02,2.717876096790e+02,2.536688690186e+02,0.000000000000e+00,7.124026651674e-01,1.727144549251e+02,5.549940832765e+04,1.090000000000e+02
3.260000000000e+03,1.032950570696e+08,3.584808214624e+04,6.800399954499e+05,4.037175576486e-01,2.784456679624e+02,-1.485698660519e-04,-1.619411539965e-02,0.000000000000e+00,1.860020877359e+02,1.301944064986e+03,0.000000000000e+00,0.000000000000e+00,0.000000000000e+00,0.000000000000e+00,8.263967588426e-04,9.007724671384e-02,2.717997621840e+02,2.541053009033e+02,0.000000000000e+00,7.218443590142e-01,1.860020877359e+02,5.549945619123e+04,1.090000000000e+02
3.261000000000e+03,1.032937690501e+08,3.695313084005e+04,6.858241732786e+05,4.059853777257e-01,2.792456452856e+02,-1.386814907267e-04,-1.511628248921e-02,0.000000000000e+00,1.829728148864e+02,1.288021508696e+03,0.000000000000e+00,0.000000000000e+00,0.000000000000e+00,0.000000000000e+00,8.175602961304e-04,8.911407227821e-02,2.717886553648e+02,2.542877807617e+02,0.000000000000e+00,7.313980814396e-01,1.829728148864e+02,5.549941179327e+04,1.090000000000e+02
3.262000000000e+03,1.032924985602e+08,3.803728821036e+04,6.905813066501e+05,4.074877875881e-01,2.801457335060e+02,-1.109541267589e-04,-1.209399981672e-02,0.000000000000e+00,1.863323796152e+02,1.270489749932e+03,0.000000000000e+00,0.000000000000e+00,0.000000000000e+00,0.000000000000e+00,6.753618145583e-04,7.361443778686e-02,2.717964349806e+02,2.553469085693e+02,0.000000000000e+00,7.390363844069e-01,1.863323796152e+02,5.549944217945e+04,1.090000000000e+02
3.263000000000e+03,1.032912428815e+08,3.911368877589e+04,6.944310405134e+05,4.083491859554e-01,2.811140651369e+02,-1.096142840213e-04,-1.194795695832e-02,0.000000000000e+00,1.792772757180e+02,1.255677841249e+03,0.000000000000e+00,0.000000000000e+00,0.000000000000e+00,0.000000000000e+00,5.271165640329e-04,5.745570547959e-02,2.717537669460e+02,2.539951934814e+02,0.000000000000e+00,7.477609711616e-01,1.792772757180e+02,5.549927160238e+04,1.090000000000e+02
3.264000000000e+03,1.032899965959e+08,4.020045940514e+04,6.984076083315e+05,4.093133263573e-01,2.820591959968e+02,-1.108978121592e-04,-1.208786152535e-02,0.000000000000e+00,1.595153288642e+02,1.246285958110e+03,0.000000000000e+00,0.000000000000e+00,0.000000000000e+00,0.000000000000e+00,5.469876393314e-04,5.962165268712e-02,2.716901386859e+02,2.536811370850e+02,0.000000000000e+00,7.589017463179e-01,1.595153288642e+02,5.549901291273e+04,1.090000000000e+02
3.265000000000e+03,1.032887632390e+08,4.128627741539e+04,7.028390825898e+05,4.106091136322e-01,2.829543213902e+02,-1.043263595115e-04,-1.137157318676e-02,0.000000000000e+00,1.475384428092e+02,1.233356453056e+03,0.000000000000e+00,0.000000000000e+00,0.000000000000e+00,0.000000000000e+00,6.287107913352e-04,6.852947625554e-02,2.716343792905e+02,2.542044982910e+02,0.000000000000e+00,7.679701301393e-01,1.475384428092e+02,5.549878175130e+04,1.090000000000e+02
3.266000000000e+03,1.032875419766e+08,4.237646392702e+04,7.080033517566e+05,4.124785722976e-01,2.837433388407e+02,-1.014090550033e-04,-1.105358699536e-02,0.000000000000e+00,1.310758902182e+02,1.221262401852e+03,0.000000000000e+00,0.000000000000e+00,0.000000000000e+00,0.000000000000e+00,7.530133643086e-04,8.207845670964e-02,2.715520454912e+02,2.526791687012e+02,0.000000000000e+00,7.791318631241e-01,1.310758902182e+02,5.549843361091e+04,1.090000000000e+02
3.267000000000e+03,1.032863255848e+08,4.349652191987e+04,7.125646929124e+05,4.138706147770e-01,2.846143036062e+02,-8.915404357941e-05,-9.717790750156e-03,0.000000000000e+00,9.633320101448e+01,1.216391193864e+03,0.000000000000e+00,0.000000000000e+00,0.000000000000e+00,0.000000000000e+00,6.662941287819e-04,7.262606003723e-02,2.713989076801e+02,2.513524322510e+02,0.000000000000e+00,7.916740361607e-01,9.633320101448e+01,5.549776367721e+04,1.090000000000e+02
3.268000000000e+03,1.032851144551e+08,4.463758516835e+04,7.155789699225e+05,4.141902566034e-01,2.856005313361e+02,-7.631750498388e-05,-8.318608043243e-03,0.000000000000e+00,7.006433145885e+01,1.211127579939e+03,0.000000000000e+00,0.000000000000e+00,0.000000000000e+00,0.000000000000e+00,4.231399443872e-04,4.612225393821e-02,2.712785649892e+02,2.503384704590e+02,0.000000000000e+00,8.044700752231e-01,7.006433145885e+01,5.549721563366e+04,1.090000000000e+02
3.269000000000e+03,1.032839278642e+08,4.574540529418e+04,7.191746207467e+05,4.149024721946e-01,2.865425340093e+02,-9.250799427106e-05,-1.008337137555e-02,0.000000000000e+00,7.877024608637e+01,1.186590371921e+03,0.000000000000e+00,0.000000000000e+00,0.000000000000e+00,0.000000000000e+00,5.017389408874e-04,5.468954455673e-02,2.712946159629e+02,2.508208923340e+02,0.000000000000e+00,8.181403822511e-01,7.877024608637e+01,5.549728817941e+04,1.090000000000e+02
3.270000000000e+03,1.032827767702e+08,4.679071813353e+04,7.241264940391e+05,4.166477631910e-01,2.873056030533e+02,-1.152001336872e-04,-1.255681457191e-02,0.000000000000e+00,1.057825759999e+02,1.151095415345e+03,0.000000000000e+00,0.000000000000e+00,0.000000000000e+00,0.000000000000e+00,7.028293732759e-04,7.660840168708e-02,2.713526170355e+02,2.522371978760e+02,0.000000000000e+00,8.299027074684e-01,1.057825759999e+02,5.549755216408e+04,1.090000000000e+02
3.271000000000e+03,1.032816623086e+08,4.777519309884e+04,7.293298718561e+05,4.185294672270e-01,2.880673219576e+02,-1.134567761469e-04,-1.236678860001e-02,0.000000000000e+00,1.299877976345e+02,1.114462762946e+03,0.000000000000e+00,0.000000000000e+00,0.000000000000e+00,0.000000000000e+00,7.459675070123e-04,8.131045826434e-02,2.714294839896e+02,2.537629241943e+02,0.000000000000e+00,8.417082930365e-01,1.299877976345e+02,5.549789594167e+04,1.090000000000e+02
3.272000000000e+03,1.032805825110e+08,4.871060472315e+04,7.344282083675e+05,4.203489221685e-01,2.888243402356e+02,-1.085974121623e-04,-1.183711792569e-02,0.000000000000e+00,1.443847038390e+02,1.079796328146e+03,0.000000000000e+00,0.000000000000e+00,0.000000000000e+00,0.000000000000e+00,7.337381156443e-04,7.997745460522e-02,2.714779457607e+02,2.542690124512e+02,0.000000000000e+00,8.528657601178e-01,1.443847038390e+02,5.549810895166e+04,1.090000000000e+02
3.273000000000e+03,1.032795292735e+08,4.962567652187e+04,7.406604623800e+05,4.230165309063e-01,2.894388396429e+02,-1.297999662008e-04,-1.414819631589e-02,0.000000000000e+00,1.381667440275e+02,1.053238542753e+03,0.000000000000e+00,0.000000000000e+00,0.000000000000e+00,0.000000000000e+00,9.006129311805e-04,9.816680949867e-02,2.714605743183e+02,2.540317077637e+02,0.000000000000e+00,8.618826450313e-01,1.381667440275e+02,5.549803301957e+04,1.090000000000e+02
3.274000000000e+03,1.032784693838e+08,5.055980122793e+04,7.466205463683e+05,4.254479302980e-01,2.901009436190e+02,-1.288933016784e-04,-1.404936988295e-02,0.000000000000e+00,1.257651957876e+02,1.059889901841e+03,0.000000000000e+00,0.000000000000e+00,0.000000000000e+00,0.000000000000e+00,8.565369238661e-04,9.336252470140e-02,2.714419713248e+02,2.541607360840e+02,0.000000000000e+00,8.756537874277e-01,1.257651957876e+02,5.549795367083e+04,1.090000000000e+02
3.275000000000e+03,1.032774257155e+08,5.149420421056e+04,7.521564259448e+05,4.275870210554e-01,2.907913506971e+02,-1.216735131762e-04,-1.326241293620e-02,0.000000000000e+00,1.092657769368e+02,1.043668759574e+03,0.000000000000e+00,0.000000000000e+00,0.000000000000e+00,0.000000000000e+00,7.940878050666e-04,8.655557075226e-02,2.713786519893e+02,2.529650726318e+02,0.000000000000e+00,8.868784921979e-01,1.092657769368e+02,5.549767308055e+04,1.090000000000e+02
3.276000000000e+03,1.032764059016e+08,5.242232389322e+04,7.576631915490e+05,4.297179193132e-01,2.914691925197e+02,-1.195795718900e-04,-1.303417333601e-02,0.000000000000e+00,9.169391004743e+01,1.019813592699e+03,0.000000000000e+00,0.000000000000e+00,0.000000000000e+00,0.000000000000e+00,7.913460690952e-04,8.625672153138e-02,2.713194795509e+02,2.524856262207e+02,0.000000000000e+00,8.962052830947e-01,9.169391004743e+01,5.549740584717e+04,1.090000000000e+02
3.277000000000e+03,1.032754105467e+08,5.333131834291e+04,7.626905938769e+05,4.314572225983e-01,2.922212271075e+02,-1.112498563142e-04,-1.212623433825e-02,0.000000000000e+00,8.636011652342e+01,9.953545662168e+02,0.000000000000e+00,0.000000000000e+00,0.000000000000e+00,0.000000000000e+00,7.201721311520e-04,7.849876229557e-02,2.712868375306e+02,2.527892150879e+02,0.000000000000e+00,9.062272603354e-01,8.636011652342e+01,5.549725661872e+04,1.090000000000e+02
3.278000000000e+03,1.032744378048e+08,5.422808637997e+04,7.676043853699e+05,4.331809054093e-01,2.929352917956e+02,-1.081022606732e-04,-1.178314641338e-02,0.000000000000e+00,7.597340681336e+01,9.727414438779e+02,0.000000000000e+00,0.000000000000e+00,0.000000000000e+00,0.000000000000e+00,7.049114420731e-04,7.683534718597e-02,2.712199970548e+02,2.516610565186e+02,0.000000000000e+00,9.143781760254e-01,7.597340681336e+01,5.549694626435e+04,1.090000000000e+02
3.279000000000e+03,1.032734841751e+08,5.511421806634e+04,7.716532197460e+05,4.342349527773e-01,2.937670733199e+02,-1.070477867686e-04,-1.166820875778e-02,0.000000000000e+00,6.749421985491e+01,9.536259062207e+02,0.000000000000e+00,0.000000000000e+00,0.000000000000e+00,0.000000000000e+00,5.629045932321e-04,6.135660066230e-02,2.711617377880e+02,2.513882751465e+02,0.000000000000e+00,9.241324665045e-01,6.749421985491e+01,5.549667090736e+04,1.090000000000e+02
3.280000000000e+03,1.032725491553e+08,5.598441710751e+04,7.749682750723e+05,4.348180609688e-01,2.946345389600e+02,-1.021659990854e-04,-1.113609390031e-02,0.000000000000e+00,6.481751602453e+01,9.350165571931e+02,0.000000000000e+00,0.000000000000e+00,0.000000000000e+00,0.000000000000e+00,4.463162938465e-04,4.864847602927e-02,2.711198103177e+02,2.516314849854e+02,0.000000000000e+00,9.318646204602e-01,6.481751602453e+01,5.549646985825e+04,1.090000000000e+02
3.281000000000e+03,1.032716320638e+08,5.683738299413e+04,7.780079228852e+05,4.351986114935e-01,2.955321668945e+02,-1.091395565580e-04,-1.189621166482e-02,0.000000000000e+00,6.412351622780e+01,9.170894028471e+02,0.000000000000e+00,0.000000000000e+00,0.000000000000e+00,0.000000000000e+00,3.936270234834e-04,4.290534555969e-02,2.710955081890e+02,2.525847625732e+02,0.000000000000e+00,9.391671015851e-01,6.412351622780e+01,5.549635215387e+04,1.090000000000e+02
3.282000000000e+03,1.032707326927e+08,5.767124650655e+04,7.819743688097e+05,4.363197611390e-01,2.962757001895e+02,-1.236338781966e-04,-1.347609272343e-02,0.000000000000e+00,6.550445073004e+01,8.993679631525e+02,0.000000000000e+00,0.000000000000e+00,0.000000000000e+00,0.000000000000e+00,5.321170806329e-04,5.800076178899e-02,2.710916212719e+02,2.525290985107e+02,0.000000000000e+00,9.470088615983e-01,6.550445073004e+01,5.549633317531e+04,1.090000000000e+02
3.283000000000e+03,1.032698502509e+08,5.848889202594e+04,7.871229515328e+05,4.381370604586e-01,2.969899752467e+02,-1.343380751723e-04,-1.464285019378e-02,0.000000000000e+00,6.479684342983e+01,8.824423628168e+02,0.000000000000e+00,0.000000000000e+00,0.000000000000e+00,0.000000000000e+00,7.170363534483e-04,7.815696252587e-02,2.710707316986e+02,2.516068267822e+02,0.000000000000e+00,9.529692635371e-01,6.479684342983e+01,5.549623150506e+04,1.090000000000e+02
3.284000000000e+03,1.032689813930e+08,5.929855325275e+04,7.927895913544e+05,4.404228662482e-01,2.975769851955e+02,-1.197952006257e-04,-1.305767686820e-02,0.000000000000e+00,5.919551849538e+01,8.688567453119e+02,0.000000000000e+00,0.000000000000e+00,0.000000000000e+00,0.000000000000e+00,8.175983681516e-04,8.911822212853e-02,2.710176081057e+02,2.512489471436e+02,0.000000000000e+00,9.616506768871e-01,5.919551849538e+01,5.549597030261e+04,1.090000000000e+02
3.285000000000e+03,1.032681253291e+08,6.009973442658e+04,7.987337044136e+05,4.428178896080e-01,2.981878013398e+02,-1.049314628882e-04,-1.143752945482e-02,0.000000000000e+00,5.488168869519e+01,8.560628625271e+02,0.000000000000e+00,0.000000000000e+00,0.000000000000e+00,0.000000000000e+00,8.782517369355e-04,9.572943932596e-02,2.709727535298e+02,2.512489471436e+02,0.000000000000e+00,9.697173650145e-01,5.488168869519e+01,5.549574666484e+04,1.090000000000e+02
