# Observation File: observation_2D.dat column names:
# -----------------------------------------------------------------------------
# Observation Name: time [d]
# -----------------------------------------------------------------------------
# Observation Name: water content [mol]
# Region: subsurface domain
# Reduction: extensive integral
# Variable: water_content
# Number of Vectors: 1
# -----------------------------------------------------------------------------
# Observation Name: surface water content [mol]
# Region: surface domain
# Reduction: extensive integral
# Variable: surface-water_content
# Number of Vectors: 1
# -----------------------------------------------------------------------------
# Observation Name: snow water content [mol]
# Region: surface domain
# Reduction: extensive integral
# Variable: snow-water_content
# Number of Vectors: 1
# -----------------------------------------------------------------------------
# Observation Name: snow depth [m]
# Region: surface domain
# Reduction: average
# Variable: snow-depth
# Number of Vectors: 1
# -----------------------------------------------------------------------------
# Observation Name: snow density [kg/m^3]
# Region: surface domain
# Reduction: average
# Variable: snow-density
# Number of Vectors: 1
# -----------------------------------------------------------------------------
# Observation Name: evaporation rate [m/d]
# Region: surface domain
# Reduction: average
# Variable: surface-evaporative_flux
# Number of Vectors: 1
# -----------------------------------------------------------------------------
# Observation Name: evaporation cumulation [m3/d]
# Region: surface domain
# Reduction: integral
# Variable: surface-evaporative_flux
# Number of Vectors: 1
# -----------------------------------------------------------------------------
# Observation Name: subsurface evaporation cumulation [m3/d]
# Region: surface domain
# Reduction: integral
# Variable: surface-subsurface_evaporative_flux
# Number of Vectors: 1
# -----------------------------------------------------------------------------
# Observation Name: discharge cumulation [mol/d]
# Region: surface outlet
# Reduction: extensive integral
# Variable: surface-water_flux
# Number of Vectors: 1
# -----------------------------------------------------------------------------
# Observation Name: surface-subsurface exchange cumulation [mol/d]
# Region: surface domain
# Reduction: extensive integral
# Variable: surface-surface_subsurface_flux
# Number of Vectors: 1
# -----------------------------------------------------------------------------
# Observation Name: snowmelt rate [m/d]
# Region: surface domain
# Reduction: average
# Variable: snow-melt
# Number of Vectors: 1
# -----------------------------------------------------------------------------
# Observation Name: snowmelt cumulation [m3/d]
# Region: surface domain
# Reduction: integral
# Variable: snow-melt
# Number of Vectors: 1
# -----------------------------------------------------------------------------
# Observation Name: rain [m/d]
# Region: surface domain
# Reduction: average
# Variable: surface-precipitation_rain
# Number of Vectors: 1
# -----------------------------------------------------------------------------
# Observation Name: rain cumulation [m3/d]
# Region: surface domain
# Reduction: integral
# Variable: surface-precipitation_rain
# Number of Vectors: 1
# -----------------------------------------------------------------------------
# Observation Name: snow [mSWE/d]
# Region: surface domain
# Reduction: average
# Variable: snow-precipitation
# Number of Vectors: 1
# -----------------------------------------------------------------------------
# Observation Name: snow cumulation [m3SWE/d]
# Region: surface domain
# Reduction: integral
# Variable: snow-precipitation
# Number of Vectors: 1
# -----------------------------------------------------------------------------
# Observation Name: surface temperature [K]
# Region: surface domain
# Reduction: average
# Variable: surface-temperature
# Number of Vectors: 1
# -----------------------------------------------------------------------------
# Observation Name: air temperature [K]
# Region: surface domain
# Reduction: average
# Variable: surface-air_temperature
# Number of Vectors: 1
# -----------------------------------------------------------------------------
# Observation Name: thaw depth [m]
# Region: surface domain
# Reduction: average
# Variable: surface-thaw_depth
# Number of Vectors: 1
# -----------------------------------------------------------------------------
# Observation Name: water table depth [m]
# Region: surface domain
# Reduction: average
# Variable: surface-water_table
# Number of Vectors: 1
# -----------------------------------------------------------------------------
# Observation Name: net runoff [mol/d]
# Region: surface outlet
# Reduction: extensive integral
# Variable: surface-water_flux
# Number of Vectors: 1
# -----------------------------------------------------------------------------
# Observation Name: molar density liquid [mol m^-3]
# Region: surface domain
# Reduction: average
# Variable: surface-molar_density_liquid
# Number of Vectors: 1
# -----------------------------------------------------------------------------
# Observation Name: surface area [m^2]
# Region: surface domain
# Reduction: extensive integral
# Variable: surface-cell_volume
# Number of Vectors: 1
# =============================================================================
"time [d]","water content [mol]","surface water content [mol]","snow water content [mol]","snow depth [m]","snow density [kg/m^3]","evaporation rate [m/d]","evaporation cumulation [m3/d]","subsurface evaporation cumulation [m3/d]","discharge cumulation [mol/d]","surface-subsurface exchange cumulation [mol/d]","snowmelt rate [m/d]","snowmelt cumulation [m3/d]","rain [m/d]","rain cumulation [m3/d]","snow [mSWE/d]","snow cumulation [m3SWE/d]","surface temperature [K]","air temperature [K]","thaw depth [m]","water table depth [m]","net runoff [mol/d]","molar density liquid [mol m^-3]","surface area [m^2]"
2.190000000000e+03,1.032691736213e+08,6.110085783799e+04,7.988824163192e+05,4.429246337191e-01,2.981713285965e+02,0.000000000000e+00,0.000000000000e+00,0.000000000000e+00,0.000000000000e+00,0.000000000000e+00,0.000000000000e+00,0.000000000000e+00,0.000000000000e+00,0.000000000000e+00,0.000000000000e+00,0.000000000000e+00,2.709788016519e+02,2.519989776611e+02,0.000000000000e+00,9.530212068980e-01,0.000000000000e+00,5.549577429193e+04,1.090000000000e+02
2.191000000000e+03,1.032683075906e+08,6.190349753560e+04,8.054003204134e+05,4.458622748587e-01,2.986229372655e+02,-1.815373265034e-04,-1.978756858887e-02,0.000000000000e+00,6.338958278308e+01,8.660292803902e+02,0.000000000000e+00,0.000000000000e+00,0.000000000000e+00,0.000000000000e+00,8.957376774960e-04,9.763540684706e-02,2.709985344888e+02,2.520103759766e+02,0.000000000000e+00,9.603206767984e-01,6.338958278308e+01,5.549587240869e+04,1.090000000000e+02
2.192000000000e+03,1.032674578877e+08,6.268890904241e+04,8.113317326017e+05,4.481452297681e-01,2.992895403357e+02,-1.944274187966e-04,-2.119258864883e-02,0.000000000000e+00,6.429067981440e+01,8.497021866293e+02,0.000000000000e+00,0.000000000000e+00,0.000000000000e+00,0.000000000000e+00,7.860481013922e-04,8.567924305175e-02,2.710048985151e+02,2.526075439453e+02,0.000000000000e+00,9.682737881118e-01,6.429067981440e+01,5.549590392512e+04,1.090000000000e+02
2.193000000000e+03,1.032666232692e+08,6.346096936833e+04,8.156210433943e+05,4.493904779647e-01,3.000387810552e+02,-1.693648083423e-04,-1.846076410931e-02,0.000000000000e+00,6.255535380730e+01,8.346156797230e+02,0.000000000000e+00,0.000000000000e+00,0.000000000000e+00,0.000000000000e+00,5.400235501454e-04,5.886256696585e-02,2.709799966538e+02,2.526165313721e+02,0.000000000000e+00,9.744059704335e-01,6.255535380730e+01,5.549577972069e+04,1.090000000000e+02
2.194000000000e+03,1.032658024718e+08,6.422258673388e+04,8.203349479002e+05,4.509844576997e-01,3.007070123738e+02,-1.250998270111e-04,-1.363588114421e-02,0.000000000000e+00,5.917708892227e+01,8.207944544738e+02,0.000000000000e+00,0.000000000000e+00,0.000000000000e+00,0.000000000000e+00,6.545206637167e-04,7.134275234512e-02,2.709527165078e+02,2.526100158691e+02,0.000000000000e+00,9.817350645518e-01,5.917708892227e+01,5.549564272127e+04,1.090000000000e+02
2.195000000000e+03,1.032649927907e+08,6.498392644976e+04,8.257471460391e+05,4.530359560215e-01,3.013235842243e+02,-1.131458851772e-04,-1.233290148431e-02,0.000000000000e+00,4.834066291619e+01,8.096803787926e+02,0.000000000000e+00,0.000000000000e+00,0.000000000000e+00,0.000000000000e+00,7.830822816585e-04,8.535596870078e-02,2.708332042380e+02,2.508502655029e+02,0.000000000000e+00,9.898894216122e-01,4.834066291619e+01,5.549503097890e+04,1.090000000000e+02
2.196000000000e+03,1.032641898072e+08,6.575388181410e+04,8.311631194595e+05,4.551267313899e-01,3.019105686530e+02,-1.187659892529e-04,-1.294549282857e-02,0.000000000000e+00,3.302785114944e+01,8.029832154953e+02,0.000000000000e+00,0.000000000000e+00,0.000000000000e+00,0.000000000000e+00,7.783859530226e-04,8.484406887946e-02,2.706962553562e+02,2.500630798340e+02,0.000000000000e+00,9.986451189311e-01,3.302785114944e+01,5.549430649684e+04,1.090000000000e+02
2.197000000000e+03,1.032633955161e+08,6.652067571693e+04,8.369216285446e+05,4.573965333172e-01,3.024964841185e+02,-1.268740101300e-04,-1.382926710417e-02,0.000000000000e+00,2.749514704680e+01,7.942890498760e+02,0.000000000000e+00,0.000000000000e+00,0.000000000000e+00,0.000000000000e+00,8.263971069721e-04,9.007728465996e-02,2.706024687612e+02,2.503898010254e+02,0.000000000000e+00,1.007206790611e+00,2.749514704680e+01,5.549379504239e+04,1.090000000000e+02
2.198000000000e+03,1.032626139326e+08,6.727025371756e+04,8.412816085672e+05,4.586701016181e-01,3.032280937800e+02,-1.327676074699e-04,-1.447166921422e-02,0.000000000000e+00,3.200302414156e+01,7.815810247670e+02,0.000000000000e+00,0.000000000000e+00,0.000000000000e+00,0.000000000000e+00,5.880478450180e-04,6.409721510696e-02,2.706014761665e+02,2.510000000000e+02,0.000000000000e+00,1.015840275747e+00,3.200302414156e+01,5.549378787893e+04,1.090000000000e+02
2.199000000000e+03,1.032618478548e+08,6.800089707718e+04,8.450818208175e+05,4.596158128436e-01,3.039714099546e+02,-1.293191963063e-04,-1.409579239739e-02,0.000000000000e+00,3.543178965447e+01,7.660751492766e+02,0.000000000000e+00,0.000000000000e+00,0.000000000000e+00,0.000000000000e+00,4.990837164862e-04,5.440012509700e-02,2.705911092521e+02,2.510683288574e+02,0.000000000000e+00,1.021416535260e+00,3.543178965447e+01,5.549372908743e+04,1.090000000000e+02
2.200000000000e+03,1.032610964806e+08,6.871635478083e+04,8.493389391707e+05,4.608842518886e-01,3.046620527121e+02,-1.264595463421e-04,-1.378409055129e-02,0.000000000000e+00,3.591306463777e+01,7.513707682927e+02,0.000000000000e+00,0.000000000000e+00,0.000000000000e+00,0.000000000000e+00,5.774115490850e-04,6.293785885027e-02,2.705856198221e+02,2.517420959473e+02,0.000000000000e+00,1.030928218731e+00,3.591306463777e+01,5.549369723429e+04,1.090000000000e+02
2.201000000000e+03,1.032603582947e+08,6.942611114259e+04,8.529867226710e+05,4.617318811873e-01,3.054119288626e+02,-1.103927327864e-04,-1.203280787372e-02,0.000000000000e+00,2.842821258897e+01,7.381845743421e+02,0.000000000000e+00,0.000000000000e+00,0.000000000000e+00,0.000000000000e+00,4.940851781420e-04,5.385528441748e-02,2.704858685476e+02,2.507825164795e+02,0.000000000000e+00,1.037169805720e+00,2.842821258897e+01,5.549313758685e+04,1.090000000000e+02
2.202000000000e+03,1.032596329313e+08,7.012501794360e+04,8.565462726841e+05,4.625317559251e-01,3.061564258315e+02,-9.754259516789e-05,-1.063214287330e-02,0.000000000000e+00,2.645726324613e+01,7.253640642616e+02,0.000000000000e+00,0.000000000000e+00,0.000000000000e+00,0.000000000000e+00,4.911006604402e-04,5.352997198798e-02,2.704747507771e+02,2.513494567871e+02,0.000000000000e+00,1.046303154347e+00,2.645726324613e+01,5.549307236583e+04,1.090000000000e+02
2.203000000000e+03,1.032589249720e+08,7.080121203124e+04,8.608378139724e+05,4.638391130654e-01,3.068231541875e+02,-1.169192648970e-04,-1.274419987377e-02,0.000000000000e+00,3.176434502469e+01,7.079584326658e+02,0.000000000000e+00,0.000000000000e+00,0.000000000000e+00,0.000000000000e+00,5.925906304848e-04,6.459237872284e-02,2.704742168863e+02,2.517384948730e+02,0.000000000000e+00,1.052519152988e+00,3.176434502469e+01,5.549306598978e+04,1.090000000000e+02
2.204000000000e+03,1.032582331174e+08,7.146278131000e+04,8.655740229844e+05,4.654432765934e-01,3.074490868506e+02,-1.552267435889e-04,-1.691971505119e-02,0.000000000000e+00,3.028402794551e+01,6.918533066993e+02,0.000000000000e+00,0.000000000000e+00,0.000000000000e+00,0.000000000000e+00,6.283020254088e-04,6.848492076956e-02,2.704393651221e+02,2.516017303467e+02,0.000000000000e+00,1.059232432050e+00,3.028402794551e+01,5.549286346605e+04,1.090000000000e+02
2.205000000000e+03,1.032575572285e+08,7.211080910751e+04,8.695046246524e+05,4.665105741630e-01,3.081399838161e+02,-1.580806849357e-04,-1.723079465799e-02,0.000000000000e+00,2.786085390969e+01,6.758886514189e+02,0.000000000000e+00,0.000000000000e+00,0.000000000000e+00,0.000000000000e+00,4.923708007690e-04,5.366841728382e-02,2.703982455801e+02,2.519206085205e+02,0.000000000000e+00,1.068149377901e+00,2.786085390969e+01,5.549262211024e+04,1.090000000000e+02
2.206000000000e+03,1.032568982510e+08,7.274226123721e+04,8.731978951559e+05,4.674467651767e-01,3.088302044916e+02,-1.499391256777e-04,-1.634336469887e-02,0.000000000000e+00,2.752511662158e+01,6.589772463276e+02,0.000000000000e+00,0.000000000000e+00,0.000000000000e+00,0.000000000000e+00,4.611788686748e-04,5.026849668555e-02,2.703643332283e+02,2.518365478516e+02,0.000000000000e+00,1.075694446557e+00,2.752511662158e+01,5.549241911449e+04,1.090000000000e+02
2.207000000000e+03,1.032563377103e+08,7.327907258123e+04,8.782650353802e+05,4.692609719285e-01,3.094252399442e+02,-1.494832159763e-04,-1.629367054141e-02,0.000000000000e+00,2.373055402279e+01,5.605418980351e+02,0.000000000000e+00,0.000000000000e+00,0.000000000000e+00,0.000000000000e+00,6.900243225485e-04,7.521265115779e-02,2.702537200209e+02,2.510751037598e+02,0.000000000000e+00,1.081567570069e+00,2.373055402279e+01,5.549173915356e+04,1.090000000000e+02
2.208000000000e+03,1.032557907800e+08,7.381155142584e+04,8.835358594833e+05,4.712424162174e-01,3.099794493698e+02,-1.288983810226e-04,-1.404992353146e-02,0.000000000000e+00,1.445107317228e+01,5.469299177862e+02,0.000000000000e+00,0.000000000000e+00,0.000000000000e+00,0.000000000000e+00,7.453765721673e-04,8.124604636624e-02,2.700791085450e+02,2.503266143799e+02,0.000000000000e+00,1.088386747690e+00,1.445107317228e+01,5.549065232328e+04,1.090000000000e+02
2.209000000000e+03,1.032552278625e+08,7.436484100029e+04,8.874883822979e+05,4.723327260835e-01,3.106511632063e+02,-1.213231535741e-04,-1.322422373958e-02,0.000000000000e+00,9.628523343088e+00,5.629180977966e+02,0.000000000000e+00,0.000000000000e+00,0.000000000000e+00,0.000000000000e+00,5.339216767269e-04,5.819746276323e-02,2.699751528103e+02,2.501602478027e+02,0.000000000000e+00,1.094335329210e+00,9.628523343088e+00,5.548998290983e+04,1.090000000000e+02
2.210000000000e+03,1.032545984520e+08,7.498393994517e+04,8.904797086234e+05,4.727405260122e-01,3.114313166555e+02,-1.283407015536e-04,-1.398913646934e-02,0.000000000000e+00,1.031070998546e+01,6.294096548641e+02,0.000000000000e+00,0.000000000000e+00,0.000000000000e+00,0.000000000000e+00,3.671515904873e-04,4.001952336312e-02,2.699197119562e+02,2.511623840332e+02,0.000000000000e+00,1.103663653144e+00,1.031070998546e+01,5.548963341921e+04,1.090000000000e+02
2.211000000000e+03,1.032539866708e+08,7.558615286634e+04,8.937278328210e+05,4.733874340528e-01,3.121426670319e+02,-1.392652204538e-04,-1.517990902946e-02,0.000000000000e+00,9.569345348921e+00,6.117822665132e+02,0.000000000000e+00,0.000000000000e+00,0.000000000000e+00,0.000000000000e+00,3.989453460424e-04,4.348504271862e-02,2.698535343773e+02,2.513104553223e+02,0.000000000000e+00,1.109744314898e+00,9.569345348921e+00,5.548918846573e+04,1.090000000000e+02
2.212000000000e+03,1.032534008831e+08,7.616622252952e+04,8.977713579697e+05,4.746040791040e-01,3.127552863232e+02,-1.214849031305e-04,-1.324185444122e-02,0.000000000000e+00,5.718320130671e+00,5.857879833099e+02,0.000000000000e+00,0.000000000000e+00,0.000000000000e+00,0.000000000000e+00,5.490324508590e-04,5.984453714363e-02,2.697447316316e+02,2.510350799561e+02,0.000000000000e+00,1.115482667175e+00,5.718320130671e+00,5.548844853662e+04,1.090000000000e+02
2.213000000000e+03,1.032528361648e+08,7.672982779836e+04,9.022083533681e+05,4.760059426071e-01,3.133802495899e+02,-1.213607329611e-04,-1.322831989276e-02,0.000000000000e+00,1.112913448154e+00,5.647181822890e+02,0.000000000000e+00,0.000000000000e+00,0.000000000000e+00,0.000000000000e+00,6.145634211654e-04,6.698741290703e-02,2.696206422785e+02,2.509133758545e+02,0.000000000000e+00,1.119701048041e+00,1.112913448154e+00,5.548758446443e+04,1.090000000000e+02
2.214000000000e+03,1.032522914464e+08,7.727454616744e+04,9.072310568365e+05,4.780144201003e-01,3.138078628353e+02,-1.469946993279e-04,-1.602242222674e-02,0.000000000000e+00,0.000000000000e+00,5.447183690838e+02,0.000000000000e+00,0.000000000000e+00,0.000000000000e+00,0.000000000000e+00,6.868274136699e-04,7.486418809002e-02,2.694462287194e+02,2.503815002441e+02,0.000000000000e+00,1.125168689703e+00,0.000000000000e+00,5.548633916153e+04,1.090000000000e+02
2.215000000000e+03,1.032517637753e+08,7.780221727063e+04,9.114605288671e+05,4.792536845410e-01,3.144647109110e+02,-1.432811490089e-04,-1.561764524197e-02,0.000000000000e+00,0.000000000000e+00,5.276711031943e+02,0.000000000000e+00,0.000000000000e+00,0.000000000000e+00,0.000000000000e+00,5.604053952085e-04,6.108418807773e-02,2.692290220519e+02,2.495313720703e+02,0.000000000000e+00,1.132658160604e+00,0.000000000000e+00,5.548473108299e+04,1.090000000000e+02
2.216000000000e+03,1.032512534610e+08,7.831253155707e+04,9.148424936375e+05,4.799662543756e-01,3.151707736362e+02,-1.530728164765e-04,-1.668493699594e-02,0.000000000000e+00,0.000000000000e+00,5.103142864322e+02,0.000000000000e+00,0.000000000000e+00,0.000000000000e+00,0.000000000000e+00,4.098902087970e-04,4.467803275888e-02,2.690505163171e+02,2.494858703613e+02,0.000000000000e+00,1.137383544661e+00,0.000000000000e+00,5.548335261564e+04,1.090000000000e+02
2.217000000000e+03,1.032507629963e+08,7.880299628267e+04,9.180907646377e+05,4.806220528476e-01,3.158640049931e+02,-1.522423315871e-04,-1.659441414300e-02,0.000000000000e+00,0.000000000000e+00,4.904647256050e+02,0.000000000000e+00,0.000000000000e+00,0.000000000000e+00,0.000000000000e+00,3.876269999325e-04,4.225134299265e-02,2.689246907920e+02,2.502594757080e+02,0.000000000000e+00,1.140802275260e+00,0.000000000000e+00,5.548234468821e+04,1.090000000000e+02
2.218000000000e+03,1.032502921589e+08,7.927383371980e+04,9.215724915861e+05,4.814544777353e-01,3.165215100752e+02,-1.310469435771e-04,-1.428411684991e-02,0.000000000000e+00,0.000000000000e+00,4.708374371241e+02,0.000000000000e+00,0.000000000000e+00,0.000000000000e+00,0.000000000000e+00,4.484436738721e-04,4.888036045206e-02,2.687570646745e+02,2.504782257080e+02,0.000000000000e+00,1.143801021425e+00,0.000000000000e+00,5.548097375944e+04,1.090000000000e+02
2.219000000000e+03,1.032498386560e+08,7.972733654739e+04,9.254197011805e+05,4.825377131135e-01,3.171400545789e+02,-1.211741134506e-04,-1.320797836611e-02,0.000000000000e+00,0.000000000000e+00,4.535028275902e+02,0.000000000000e+00,0.000000000000e+00,0.000000000000e+00,0.000000000000e+00,5.201629012744e-04,5.669775623890e-02,2.685350534830e+02,2.498409729004e+02,0.000000000000e+00,1.147704474470e+00,0.000000000000e+00,5.547910264050e+04,1.090000000000e+02
2.220000000000e+03,1.032494041012e+08,8.016189136369e+04,9.300943343537e+05,4.841957724703e-01,3.176564139781e+02,-1.476216302636e-04,-1.609075769873e-02,0.000000000000e+00,0.000000000000e+00,4.345548163086e+02,0.000000000000e+00,0.000000000000e+00,0.000000000000e+00,0.000000000000e+00,6.282337410426e-04,6.847747777364e-02,2.684185407529e+02,2.503921813965e+02,0.000000000000e+00,1.149654059788e+00,0.000000000000e+00,5.547808118908e+04,1.090000000000e+02
2.221000000000e+03,1.032489882902e+08,8.057770243359e+04,9.344578643146e+05,4.855498314638e-01,3.182659596077e+02,-1.567277741107e-04,-1.708332737807e-02,0.000000000000e+00,0.000000000000e+00,4.158110698910e+02,0.000000000000e+00,0.000000000000e+00,0.000000000000e+00,0.000000000000e+00,5.693616980002e-04,6.206042508202e-02,2.682377795524e+02,2.503721160889e+02,0.000000000000e+00,1.151990622711e+00,0.000000000000e+00,5.547646665044e+04,1.090000000000e+02
2.222000000000e+03,1.032485918593e+08,8.097413334892e+04,9.386077704545e+05,4.868124141786e-01,3.188537575875e+02,-1.772277796342e-04,-1.931782798013e-02,0.000000000000e+00,0.000000000000e+00,3.964309153335e+02,0.000000000000e+00,0.000000000000e+00,0.000000000000e+00,0.000000000000e+00,5.107557156589e-04,5.567237300682e-02,2.681723677789e+02,2.512306823730e+02,0.000000000000e+00,1.154735653330e+00,0.000000000000e+00,5.547585924507e+04,1.090000000000e+02
2.223000000000e+03,1.032482173455e+08,8.134864706742e+04,9.438640384776e+05,4.888680918952e-01,3.192908264762e+02,-2.098235092401e-04,-2.287076250717e-02,0.000000000000e+00,0.000000000000e+00,3.745137184962e+02,0.000000000000e+00,0.000000000000e+00,0.000000000000e+00,0.000000000000e+00,6.593055268860e-04,7.186430243058e-02,2.681793558827e+02,2.528276824951e+02,0.000000000000e+00,1.154758317207e+00,0.000000000000e+00,5.547590398411e+04,1.090000000000e+02
2.224000000000e+03,1.032478628957e+08,8.170309691205e+04,9.496335243201e+05,4.911788437122e-01,3.197346609583e+02,-1.903182141929e-04,-2.074468534702e-02,0.000000000000e+00,0.000000000000e+00,3.544498446323e+02,0.000000000000e+00,0.000000000000e+00,0.000000000000e+00,0.000000000000e+00,7.654850523028e-04,8.343787070100e-02,2.681160418101e+02,2.528637695313e+02,0.000000000000e+00,1.155721953116e+00,0.000000000000e+00,5.547531234071e+04,1.090000000000e+02
2.225000000000e+03,1.032475250888e+08,8.204090376931e+04,9.551294975371e+05,4.932910388128e-01,3.202146205463e+02,-1.454462496116e-04,-1.585364120766e-02,0.000000000000e+00,0.000000000000e+00,3.378068572672e+02,0.000000000000e+00,0.000000000000e+00,0.000000000000e+00,0.000000000000e+00,7.666547893731e-04,8.356537204167e-02,2.679958924426e+02,2.530167694092e+02,0.000000000000e+00,1.154719514650e+00,0.000000000000e+00,5.547419056479e+04,1.090000000000e+02
2.226000000000e+03,1.032472037477e+08,8.236224484568e+04,9.608213092034e+05,4.955660915314e-01,3.206470633834e+02,-1.348534091655e-04,-1.469902159904e-02,0.000000000000e+00,0.000000000000e+00,3.213410763632e+02,0.000000000000e+00,0.000000000000e+00,0.000000000000e+00,0.000000000000e+00,8.079550262054e-04,8.806709785639e-02,2.679411018472e+02,2.537395019531e+02,0.000000000000e+00,1.155299866114e+00,0.000000000000e+00,5.547366814801e+04,1.090000000000e+02
2.227000000000e+03,1.032468985850e+08,8.266740754892e+04,9.666083380504e+05,4.978713439755e-01,3.210881668898e+02,-1.493691729808e-04,-1.628123985491e-02,0.000000000000e+00,0.000000000000e+00,3.051627032441e+02,0.000000000000e+00,0.000000000000e+00,0.000000000000e+00,0.000000000000e+00,8.094155561118e-04,8.822629561619e-02,2.678790758089e+02,2.539246063232e+02,0.000000000000e+00,1.157251621181e+00,0.000000000000e+00,5.547307255276e+04,1.090000000000e+02
2.228000000000e+03,1.032466080928e+08,8.295789976421e+04,9.726474648855e+05,5.003622277766e-01,3.214896566643e+02,-1.544849138960e-04,-1.683885561466e-02,0.000000000000e+00,0.000000000000e+00,2.904922152928e+02,0.000000000000e+00,0.000000000000e+00,0.000000000000e+00,0.000000000000e+00,8.461985469945e-04,9.223564162240e-02,2.678108177936e+02,2.538435516357e+02,0.000000000000e+00,1.157858084154e+00,0.000000000000e+00,5.547241330972e+04,1.090000000000e+02
2.229000000000e+03,1.032463306984e+08,8.323529416708e+04,9.791029524422e+05,5.031215963372e-01,3.218539740087e+02,-1.375927979909e-04,-1.499761498101e-02,0.000000000000e+00,0.000000000000e+00,2.773944028661e+02,0.000000000000e+00,0.000000000000e+00,0.000000000000e+00,0.000000000000e+00,9.328110159601e-04,1.016764007397e-01,2.677138154986e+02,2.538814697266e+02,0.000000000000e+00,1.158784010080e+00,0.000000000000e+00,5.547146771257e+04,1.090000000000e+02
2.230000000000e+03,1.032460634484e+08,8.350254418389e+04,9.849618300199e+05,5.054199613085e-01,3.223187282554e+02,-1.270195331243e-04,-1.384512911054e-02,0.000000000000e+00,0.000000000000e+00,2.672500168081e+02,0.000000000000e+00,0.000000000000e+00,0.000000000000e+00,0.000000000000e+00,8.476137196153e-04,9.238989543807e-02,2.675205783221e+02,2.527250061035e+02,0.000000000000e+00,1.160414331748e+00,0.000000000000e+00,5.546954653775e+04,1.090000000000e+02
2.231000000000e+03,1.032458050633e+08,8.376092930174e+04,9.903692365883e+05,5.074725466846e-01,3.227881102652e+02,-1.332923386673e-04,-1.452886491474e-02,0.000000000000e+00,0.000000000000e+00,2.583851178513e+02,0.000000000000e+00,0.000000000000e+00,0.000000000000e+00,0.000000000000e+00,7.664922000965e-04,8.354764981052e-02,2.673406642020e+02,2.526265106201e+02,0.000000000000e+00,1.161355938574e+00,0.000000000000e+00,5.546770766720e+04,1.090000000000e+02
2.232000000000e+03,1.032455563084e+08,8.400968417044e+04,9.956834697916e+05,5.094607339695e-01,3.232618358020e+02,-1.413409121186e-04,-1.540615942093e-02,0.000000000000e+00,0.000000000000e+00,2.487548687013e+02,0.000000000000e+00,0.000000000000e+00,0.000000000000e+00,0.000000000000e+00,7.417657727069e-04,8.085246922505e-02,2.672077010942e+02,2.530519561768e+02,0.000000000000e+00,1.162321773064e+00,0.000000000000e+00,5.546631506458e+04,1.090000000000e+02
2.233000000000e+03,1.032453166499e+08,8.424934269138e+04,1.002247507841e+06,5.123583064947e-01,3.235621930382e+02,-1.275847802417e-04,-1.390674104634e-02,0.000000000000e+00,0.000000000000e+00,2.396585209386e+02,0.000000000000e+00,0.000000000000e+00,0.000000000000e+00,0.000000000000e+00,9.629806661378e-04,1.049648926090e-01,2.670561298298e+02,2.524792022705e+02,0.000000000000e+00,1.162277201255e+00,0.000000000000e+00,5.546469294115e+04,1.090000000000e+02
2.234000000000e+03,1.032450858410e+08,8.448015159082e+04,1.007659095704e+06,5.142622706168e-01,3.241119652708e+02,-1.371895105342e-04,-1.495365664823e-02,0.000000000000e+00,0.000000000000e+00,2.308088994416e+02,0.000000000000e+00,0.000000000000e+00,0.000000000000e+00,0.000000000000e+00,7.615860832173e-04,8.301288307069e-02,2.669445570349e+02,2.520738525391e+02,0.000000000000e+00,1.163351733451e+00,0.000000000000e+00,5.546347708580e+04,1.090000000000e+02
2.235000000000e+03,1.032449378353e+08,8.462815727053e+04,1.011688620031e+06,5.152811942062e-01,3.247742799249e+02,-1.522023851160e-04,-1.659005997764e-02,0.000000000000e+00,0.000000000000e+00,1.480056797113e+02,0.000000000000e+00,0.000000000000e+00,0.000000000000e+00,0.000000000000e+00,5.193197997426e-04,5.660585817194e-02,2.667998894753e+02,2.520551757812e+02,0.000000000000e+00,1.161407289006e+00,0.000000000000e+00,5.546182373776e+04,1.090000000000e+02
2.236000000000e+03,1.032449386300e+08,8.462736263914e+04,1.016201956859e+06,5.167784997860e-01,3.252880512382e+02,-1.510851853304e-04,-1.646828520102e-02,0.000000000000e+00,0.000000000000e+00,-7.946313917985e-01,0.000000000000e+00,0.000000000000e+00,0.000000000000e+00,0.000000000000e+00,6.007063843001e-04,6.547699588871e-02,2.666594583011e+02,2.516903991699e+02,0.000000000000e+00,1.157484127783e+00,0.000000000000e+00,5.546010589495e+04,1.090000000000e+02
2.237000000000e+03,1.032446511561e+08,8.491483651940e+04,1.020272733614e+06,5.178768091324e-01,3.259086115683e+02,-1.353580691161e-04,-1.475402953365e-02,0.000000000000e+00,0.000000000000e+00,2.874738802552e+02,0.000000000000e+00,0.000000000000e+00,0.000000000000e+00,0.000000000000e+00,5.432816359910e-04,5.921769832302e-02,2.664987325644e+02,2.509975128174e+02,0.000000000000e+00,1.161565667748e+00,0.000000000000e+00,5.545838376115e+04,1.090000000000e+02
2.238000000000e+03,1.032444125397e+08,8.515345288955e+04,1.023544519151e+06,5.186276231937e-01,3.264875964317e+02,-1.333189358773e-04,-1.453176401062e-02,0.000000000000e+00,0.000000000000e+00,2.386163701585e+02,0.000000000000e+00,0.000000000000e+00,0.000000000000e+00,0.000000000000e+00,4.116542692680e-04,4.487031535021e-02,2.663932084284e+02,2.515601043701e+02,0.000000000000e+00,1.162355768429e+00,0.000000000000e+00,5.545716234554e+04,1.090000000000e+02
2.239000000000e+03,1.032441919531e+08,8.537403950874e+04,1.027896893804e+06,5.200228950580e-01,3.269970497987e+02,-1.409550273996e-04,-1.536409798656e-02,0.000000000000e+00,0.000000000000e+00,2.205866191807e+02,0.000000000000e+00,0.000000000000e+00,0.000000000000e+00,0.000000000000e+00,5.795104664736e-04,6.316664084562e-02,2.663799913788e+02,2.528369598389e+02,0.000000000000e+00,1.163189101762e+00,0.000000000000e+00,5.545701597248e+04,1.090000000000e+02
2.240000000000e+03,1.032439826939e+08,8.558329865214e+04,1.032959230199e+06,5.218600650974e-01,3.274615966552e+02,-1.437781316341e-04,-1.567181634811e-02,0.000000000000e+00,0.000000000000e+00,2.092591434048e+02,0.000000000000e+00,0.000000000000e+00,0.000000000000e+00,0.000000000000e+00,6.993990671569e-04,7.623449832010e-02,2.662256823327e+02,2.511847381592e+02,0.000000000000e+00,1.164226601762e+00,0.000000000000e+00,5.545516435097e+04,1.090000000000e+02
2.241000000000e+03,1.032437805550e+08,8.578543762453e+04,1.036780333989e+06,5.228538972594e-01,3.280651575459e+02,-1.215561528987e-04,-1.324962066596e-02,0.000000000000e+00,0.000000000000e+00,2.021389723886e+02,0.000000000000e+00,0.000000000000e+00,0.000000000000e+00,0.000000000000e+00,5.194589840482e-04,5.662102926125e-02,2.659928704750e+02,2.503520812988e+02,0.000000000000e+00,1.165576975525e+00,0.000000000000e+00,5.545230013310e+04,1.090000000000e+02
2.242000000000e+03,1.032435850817e+08,8.598091091951e+04,1.040447658522e+06,5.238253490191e-01,3.286259254078e+02,-9.468708185849e-05,-1.032089192258e-02,0.000000000000e+00,0.000000000000e+00,1.954732949816e+02,0.000000000000e+00,0.000000000000e+00,0.000000000000e+00,0.000000000000e+00,5.177559533963e-04,5.643539892019e-02,2.658468178012e+02,2.515233459473e+02,0.000000000000e+00,1.166774936686e+00,0.000000000000e+00,5.545046446153e+04,1.090000000000e+02
2.243000000000e+03,1.032433973427e+08,8.616864991281e+04,1.044663667235e+06,5.251129640440e-01,3.291513749294e+02,-8.908758585161e-05,-9.710546857826e-03,0.000000000000e+00,0.000000000000e+00,1.877389932984e+02,0.000000000000e+00,0.000000000000e+00,0.000000000000e+00,0.000000000000e+00,6.099754002306e-04,6.648731862514e-02,2.658079788410e+02,2.524405059814e+02,0.000000000000e+00,1.167052714463e+00,0.000000000000e+00,5.544997659685e+04,1.090000000000e+02
2.244000000000e+03,1.032432176389e+08,8.634835364831e+04,1.049772689683e+06,5.269859573317e-01,3.295851027452e+02,-1.123527484309e-04,-1.224644957897e-02,0.000000000000e+00,0.000000000000e+00,1.797037355031e+02,0.000000000000e+00,0.000000000000e+00,0.000000000000e+00,0.000000000000e+00,7.327133482085e-04,7.986575495473e-02,2.658133027539e+02,2.527494659424e+02,0.000000000000e+00,1.167432344093e+00,0.000000000000e+00,5.545005083807e+04,1.090000000000e+02
2.245000000000e+03,1.032430456435e+08,8.652034904800e+04,1.055196949797e+06,5.290109510387e-01,3.300182634532e+02,-1.218016536769e-04,-1.327638025078e-02,0.000000000000e+00,0.000000000000e+00,1.719953996865e+02,0.000000000000e+00,0.000000000000e+00,0.000000000000e+00,0.000000000000e+00,7.747520755309e-04,8.444797623286e-02,2.658352198268e+02,2.531639709473e+02,0.000000000000e+00,1.167617529278e+00,0.000000000000e+00,5.545033673373e+04,1.090000000000e+02
2.246000000000e+03,1.032428806988e+08,8.668529383857e+04,1.060783268723e+06,5.311563446967e-01,3.304249426530e+02,-1.337183774045e-04,-1.457530313709e-02,0.000000000000e+00,0.000000000000e+00,1.649447905750e+02,0.000000000000e+00,0.000000000000e+00,0.000000000000e+00,0.000000000000e+00,7.903110246555e-04,8.614390168745e-02,2.658406303426e+02,2.537136688232e+02,0.000000000000e+00,1.166893797072e+00,0.000000000000e+00,5.545041059728e+04,1.090000000000e+02
2.247000000000e+03,1.032427207725e+08,8.684522009244e+04,1.066114519019e+06,5.331315788095e-01,3.308660990458e+02,-1.173043685371e-04,-1.278617617055e-02,0.000000000000e+00,0.000000000000e+00,1.599262538680e+02,0.000000000000e+00,0.000000000000e+00,0.000000000000e+00,0.000000000000e+00,7.705554084436e-04,8.399053952035e-02,2.656989355528e+02,2.519697570801e+02,0.000000000000e+00,1.166795662987e+00,0.000000000000e+00,5.544858826955e+04,1.090000000000e+02
2.248000000000e+03,1.032425649693e+08,8.700102330442e+04,1.071978152357e+06,5.355890045274e-01,3.311665021204e+02,-1.165536923209e-04,-1.270435246297e-02,0.000000000000e+00,0.000000000000e+00,1.558032119761e+02,0.000000000000e+00,0.000000000000e+00,0.000000000000e+00,0.000000000000e+00,8.574171222975e-04,9.345846633042e-02,2.656071044824e+02,2.524085693359e+02,0.000000000000e+00,1.167166033358e+00,0.000000000000e+00,5.544740218726e+04,1.090000000000e+02
2.249000000000e+03,1.032424143234e+08,8.715166921045e+04,1.077836958911e+06,5.378170950633e-01,3.315990008790e+02,-1.260148806688e-04,-1.373562199290e-02,0.000000000000e+00,0.000000000000e+00,1.506459060355e+02,0.000000000000e+00,0.000000000000e+00,0.000000000000e+00,0.000000000000e+00,8.444569607055e-04,9.204580871690e-02,2.655807654821e+02,2.533397979736e+02,0.000000000000e+00,1.166875010440e+00,0.000000000000e+00,5.544706769867e+04,1.090000000000e+02
2.250000000000e+03,1.032422684090e+08,8.729758357026e+04,1.082510799419e+06,5.393426007617e-01,3.320992352741e+02,-9.705801697369e-05,-1.057932385013e-02,0.000000000000e+00,0.000000000000e+00,1.459143598087e+02,0.000000000000e+00,0.000000000000e+00,0.000000000000e+00,0.000000000000e+00,6.785946789359e-04,7.396682000401e-02,2.655259761662e+02,2.535629119873e+02,0.000000000000e+00,1.166497595719e+00,0.000000000000e+00,5.544635138958e+04,1.090000000000e+02
2.251000000000e+03,1.032421266171e+08,8.743937552465e+04,1.086775583118e+06,5.406498827730e-01,3.326061261246e+02,-8.047338377794e-05,-8.771598831795e-03,0.000000000000e+00,0.000000000000e+00,1.417919543891e+02,0.000000000000e+00,0.000000000000e+00,0.000000000000e+00,0.000000000000e+00,6.277243518833e-04,6.842195435528e-02,2.654665212782e+02,2.533247375488e+02,0.000000000000e+00,1.165259619680e+00,0.000000000000e+00,5.544557083175e+04,1.090000000000e+02
2.252000000000e+03,1.032419887061e+08,8.757728654335e+04,1.091114268264e+06,5.420004076951e-01,3.331064729796e+02,-7.937448288862e-05,-8.651818634860e-03,0.000000000000e+00,0.000000000000e+00,1.379110186945e+02,0.000000000000e+00,0.000000000000e+00,0.000000000000e+00,0.000000000000e+00,6.410069875726e-04,6.986976164541e-02,2.654089200221e+02,2.534742431641e+02,0.000000000000e+00,1.165773745896e+00,0.000000000000e+00,5.544481022064e+04,1.090000000000e+02
2.253000000000e+03,1.032418543182e+08,8.771167440422e+04,1.095022718705e+06,5.430559041114e-01,3.336567216698e+02,-6.387343623117e-05,-6.962204549198e-03,0.000000000000e+00,0.000000000000e+00,1.343878608777e+02,0.000000000000e+00,0.000000000000e+00,0.000000000000e+00,0.000000000000e+00,5.865332951722e-04,6.393212917377e-02,2.653248602485e+02,2.537136230469e+02,0.000000000000e+00,1.165958931081e+00,0.000000000000e+00,5.544368313512e+04,1.090000000000e+02
2.254000000000e+03,1.032417236551e+08,8.784233753733e+04,1.098910725070e+06,5.441302900824e-01,3.341803482296e+02,-5.993184891364e-05,-6.532571531587e-03,0.000000000000e+00,0.000000000000e+00,1.306631331032e+02,0.000000000000e+00,0.000000000000e+00,0.000000000000e+00,0.000000000000e+00,5.834649512129e-04,6.359767968221e-02,2.653226333476e+02,2.548011016846e+02,0.000000000000e+00,1.165454282943e+00,0.000000000000e+00,5.544366977679e+04,1.090000000000e+02
2.255000000000e+03,1.032415966695e+08,8.796932307600e+04,1.103400257816e+06,5.456090798841e-01,3.346404038775e+02,-7.024727068369e-05,-7.656952504523e-03,0.000000000000e+00,0.000000000000e+00,1.269855386701e+02,0.000000000000e+00,0.000000000000e+00,0.000000000000e+00,0.000000000000e+00,6.749443658112e-04,7.356893587342e-02,2.652707166899e+02,2.546492462158e+02,0.000000000000e+00,1.164135799376e+00,0.000000000000e+00,5.544297030316e+04,1.090000000000e+02
2.256000000000e+03,1.032414724310e+08,8.809356158978e+04,1.106596426698e+06,5.461522951098e-01,3.352845233397e+02,-5.435499038313e-05,-5.924693951761e-03,0.000000000000e+00,0.000000000000e+00,1.242385137862e+02,0.000000000000e+00,0.000000000000e+00,0.000000000000e+00,0.000000000000e+00,4.792117931359e-04,5.223408545181e-02,2.651668764393e+02,2.534848632813e+02,0.000000000000e+00,1.164515674971e+00,0.000000000000e+00,5.544155184984e+04,1.090000000000e+02
2.257000000000e+03,1.032413505440e+08,8.821544859141e+04,1.109933761452e+06,5.469678140728e-01,3.358032486643e+02,-4.468755715900e-05,-4.870943730331e-03,0.000000000000e+00,0.000000000000e+00,1.218870016321e+02,0.000000000000e+00,0.000000000000e+00,0.000000000000e+00,0.000000000000e+00,5.124654925985e-04,5.585873869323e-02,2.650597061352e+02,2.530272521973e+02,0.000000000000e+00,1.164134994844e+00,0.000000000000e+00,5.544007284722e+04,1.090000000000e+02
2.258000000000e+03,1.032412311699e+08,8.833482273308e+04,1.114405961409e+06,5.484457707763e-01,3.362542794135e+02,-6.708479260195e-05,-7.312242393613e-03,0.000000000000e+00,0.000000000000e+00,1.193741416640e+02,0.000000000000e+00,0.000000000000e+00,0.000000000000e+00,0.000000000000e+00,6.765823447658e-04,7.374747557947e-02,2.649817724082e+02,2.532356414795e+02,0.000000000000e+00,1.164227587437e+00,0.000000000000e+00,5.543899105347e+04,1.090000000000e+02
2.259000000000e+03,1.032411146081e+08,8.845138454995e+04,1.118164843004e+06,5.493703007983e-01,3.368230198841e+02,-8.039740631285e-05,-8.763317288101e-03,0.000000000000e+00,0.000000000000e+00,1.165618168732e+02,0.000000000000e+00,0.000000000000e+00,0.000000000000e+00,0.000000000000e+00,5.429259985354e-04,5.917893384036e-02,2.649532900028e+02,2.536759490967e+02,0.000000000000e+00,1.164227587437e+00,0.000000000000e+00,5.543860577654e+04,1.090000000000e+02
2.260000000000e+03,1.032410009258e+08,8.856506681437e+04,1.121477413757e+06,5.501008422894e-01,3.373746641256e+02,-9.368587056287e-05,-1.021175989135e-02,0.000000000000e+00,0.000000000000e+00,1.136822644177e+02,0.000000000000e+00,0.000000000000e+00,0.000000000000e+00,0.000000000000e+00,4.558383538202e-04,4.968638056640e-02,2.649242082024e+02,2.542370605469e+02,0.000000000000e+00,1.164320180029e+00,0.000000000000e+00,5.543820645042e+04,1.090000000000e+02
2.261000000000e+03,1.032411057992e+08,8.846019340113e+04,1.124684751381e+06,5.507142724340e-01,3.379695916226e+02,-8.821712973624e-05,-9.615667141250e-03,0.000000000000e+00,0.000000000000e+00,-1.048734132349e+02,0.000000000000e+00,0.000000000000e+00,0.000000000000e+00,0.000000000000e+00,4.463680953055e-04,4.865412238830e-02,2.648539097887e+02,2.541549987793e+02,0.000000000000e+00,1.159334020637e+00,0.000000000000e+00,5.543707049666e+04,1.090000000000e+02
2.262000000000e+03,1.032410175515e+08,8.854844107566e+04,1.128253208770e+06,5.515595006099e-01,3.385256755137e+02,-7.134970058259e-05,-7.777117363503e-03,0.000000000000e+00,0.000000000000e+00,8.824767452687e+01,0.000000000000e+00,0.000000000000e+00,0.000000000000e+00,0.000000000000e+00,5.210240719428e-04,5.679162384176e-02,2.648102840911e+02,2.539223632813e+02,0.000000000000e+00,1.161000687303e+00,0.000000000000e+00,5.543652840247e+04,1.090000000000e+02
2.263000000000e+03,1.032408684140e+08,8.869757857194e+04,1.131676878155e+06,5.523471727475e-01,3.390722024810e+02,-5.504570530364e-05,-5.999981878097e-03,0.000000000000e+00,0.000000000000e+00,1.491374962800e+02,0.000000000000e+00,0.000000000000e+00,0.000000000000e+00,0.000000000000e+00,5.134730182990e-04,5.596855899459e-02,2.647672493749e+02,2.538805236816e+02,0.000000000000e+00,1.162667353970e+00,0.000000000000e+00,5.543595815184e+04,1.090000000000e+02
2.264000000000e+03,1.032407363890e+08,8.882960358883e+04,1.134325414822e+06,5.527018837285e-01,3.396552260099e+02,-3.784671608000e-05,-4.125292052720e-03,0.000000000000e+00,0.000000000000e+00,1.320250168875e+02,0.000000000000e+00,0.000000000000e+00,0.000000000000e+00,0.000000000000e+00,4.046625332802e-04,4.410821612755e-02,2.646805019927e+02,2.531322937012e+02,0.000000000000e+00,1.162560320468e+00,0.000000000000e+00,5.543472091517e+04,1.090000000000e+02
2.265000000000e+03,1.032406122759e+08,8.895371667627e+04,1.138438608048e+06,5.539612410091e-01,3.401135319672e+02,-5.026120479526e-05,-5.478471322683e-03,0.000000000000e+00,0.000000000000e+00,1.241130874432e+02,0.000000000000e+00,0.000000000000e+00,0.000000000000e+00,0.000000000000e+00,6.313684147279e-04,6.881915720534e-02,2.646602065723e+02,2.538346862793e+02,0.000000000000e+00,1.162930690839e+00,0.000000000000e+00,5.543445446220e+04,1.090000000000e+02
2.266000000000e+03,1.032404936963e+08,8.907229634116e+04,1.142275771738e+06,5.549844193452e-01,3.406338484233e+02,-6.215113927174e-05,-6.774474180620e-03,0.000000000000e+00,0.000000000000e+00,1.185796648861e+02,0.000000000000e+00,0.000000000000e+00,0.000000000000e+00,0.000000000000e+00,5.746097367995e-04,6.263246131114e-02,2.646245510010e+02,2.539913330078e+02,0.000000000000e+00,1.163115876024e+00,0.000000000000e+00,5.543395090246e+04,1.090000000000e+02
2.267000000000e+03,1.032403793453e+08,8.918664732505e+04,1.145928112868e+06,5.559590493860e-01,3.411299804585e+02,-6.344201235264e-05,-6.915179346438e-03,0.000000000000e+00,0.000000000000e+00,1.143509838931e+02,0.000000000000e+00,0.000000000000e+00,0.000000000000e+00,0.000000000000e+00,5.443752860518e-04,5.933690617965e-02,2.645570414961e+02,2.537506408691e+02,0.000000000000e+00,1.163208468617e+00,0.000000000000e+00,5.543297008172e+04,1.090000000000e+02
2.268000000000e+03,1.032402684976e+08,8.929749496190e+04,1.149600091665e+06,5.570179489150e-01,3.415788898613e+02,-7.001141847382e-05,-7.631244613646e-03,0.000000000000e+00,0.000000000000e+00,1.108476368442e+02,0.000000000000e+00,0.000000000000e+00,0.000000000000e+00,0.000000000000e+00,5.412607040123e-04,5.899741673734e-02,2.644863763111e+02,2.531352996826e+02,0.000000000000e+00,1.163001776840e+00,0.000000000000e+00,5.543193680185e+04,1.090000000000e+02
2.269000000000e+03,1.032401609164e+08,8.940507617985e+04,1.152747503804e+06,5.575757618208e-01,3.421672551855e+02,-4.753107699632e-05,-5.180887392598e-03,0.000000000000e+00,0.000000000000e+00,1.075812179587e+02,0.000000000000e+00,0.000000000000e+00,0.000000000000e+00,0.000000000000e+00,4.710632052875e-04,5.134588937633e-02,2.645294517102e+02,2.549983367920e+02,0.000000000000e+00,1.163001776840e+00,0.000000000000e+00,5.543261101309e+04,1.090000000000e+02
2.270000000000e+03,1.032400567100e+08,8.950928256103e+04,1.156038654938e+06,5.583229007888e-01,3.426782317502e+02,-4.563396022522e-05,-4.974101664549e-03,0.000000000000e+00,0.000000000000e+00,1.042063811789e+02,0.000000000000e+00,0.000000000000e+00,0.000000000000e+00,0.000000000000e+00,4.953008299624e-04,5.398779046590e-02,2.646013713099e+02,2.559228820801e+02,0.000000000000e+00,1.163001776840e+00,0.000000000000e+00,5.543370092269e+04,1.090000000000e+02
2.271000000000e+03,1.032399555263e+08,8.961046633992e+04,1.159234069393e+06,5.590199061087e-01,3.431944510163e+02,-4.865678145260e-05,-5.303589178334e-03,0.000000000000e+00,0.000000000000e+00,1.011837788843e+02,0.000000000000e+00,0.000000000000e+00,0.000000000000e+00,0.000000000000e+00,4.787657719925e-04,5.218546914718e-02,2.646280475396e+02,2.558812561035e+02,0.000000000000e+00,1.163001776840e+00,0.000000000000e+00,5.543411100241e+04,1.090000000000e+02
2.272000000000e+03,1.032398570141e+08,8.970897843977e+04,1.162439982527e+06,5.597052320558e-01,3.437161840855e+02,-3.192133699894e-05,-3.479425732884e-03,0.000000000000e+00,0.000000000000e+00,9.851209985177e+01,0.000000000000e+00,0.000000000000e+00,0.000000000000e+00,0.000000000000e+00,4.952932322041e-04,5.398696231025e-02,2.646925275357e+02,2.567831115723e+02,0.000000000000e+00,1.163186962025e+00,0.000000000000e+00,5.543507927367e+04,1.090000000000e+02
2.273000000000e+03,1.032397608597e+08,8.980513288035e+04,1.166579782149e+06,5.610225868611e-01,3.441303545321e+02,-1.994580125271e-05,-2.174092336545e-03,0.000000000000e+00,0.000000000000e+00,9.615444058420e+01,0.000000000000e+00,0.000000000000e+00,0.000000000000e+00,0.000000000000e+00,6.652074299195e-04,7.250760986122e-02,2.646909268360e+02,2.560948791504e+02,0.000000000000e+00,1.162992271615e+00,0.000000000000e+00,5.543507042356e+04,1.090000000000e+02
2.274000000000e+03,1.032396664435e+08,8.989954909558e+04,1.171259399746e+06,5.626244661998e-01,3.445363809091e+02,-2.831285646216e-05,-3.086101354375e-03,0.000000000000e+00,0.000000000000e+00,9.441621522579e+01,0.000000000000e+00,0.000000000000e+00,0.000000000000e+00,0.000000000000e+00,7.513815991942e-04,8.190059431216e-02,2.645883343353e+02,2.543579406738e+02,0.000000000000e+00,1.162756972696e+00,0.000000000000e+00,5.543357458342e+04,1.090000000000e+02
2.275000000000e+03,1.032395735340e+08,8.999245858409e+04,1.176105041501e+06,5.643297675878e-01,3.449247925780e+02,-2.886469573776e-05,-3.146251835416e-03,0.000000000000e+00,0.000000000000e+00,9.290948850927e+01,0.000000000000e+00,0.000000000000e+00,0.000000000000e+00,0.000000000000e+00,7.778652887824e-04,8.478731647729e-02,2.644955722945e+02,2.539071044922e+02,0.000000000000e+00,1.163259844224e+00,0.000000000000e+00,5.543221671557e+04,1.090000000000e+02
2.276000000000e+03,1.032394822738e+08,9.008371873806e+04,1.179906826663e+06,5.652148966200e-01,3.454994962897e+02,-7.961218504998e-06,-8.677728170448e-04,0.000000000000e+00,0.000000000000e+00,9.126015397489e+01,0.000000000000e+00,0.000000000000e+00,0.000000000000e+00,0.000000000000e+00,6.221715671559e-04,6.781670081999e-02,2.644763742558e+02,2.550620422363e+02,0.000000000000e+00,1.163445029409e+00,0.000000000000e+00,5.543195603453e+04,1.090000000000e+02
2.277000000000e+03,1.032393929060e+08,9.017308655713e+04,1.183299461834e+06,5.660333209870e-01,3.459880966438e+02,-5.859560568723e-06,-6.386921019908e-04,0.000000000000e+00,0.000000000000e+00,8.936781906983e+01,0.000000000000e+00,0.000000000000e+00,0.000000000000e+00,0.000000000000e+00,5.534687428670e-04,6.032809297251e-02,2.645158390829e+02,2.561318969727e+02,0.000000000000e+00,1.163445029409e+00,0.000000000000e+00,5.543257069077e+04,1.090000000000e+02
2.278000000000e+03,1.032393054455e+08,9.026054711303e+04,1.186929337986e+06,5.669683498083e-01,3.464718520717e+02,-2.789822533279e-05,-3.040906561274e-03,0.000000000000e+00,0.000000000000e+00,8.746055589631e+01,0.000000000000e+00,0.000000000000e+00,0.000000000000e+00,0.000000000000e+00,5.698804336784e-04,6.211696727094e-02,2.645709867133e+02,2.568470153809e+02,0.000000000000e+00,1.162227728142e+00,0.000000000000e+00,5.543341062648e+04,1.090000000000e+02
2.279000000000e+03,1.032392197074e+08,9.034628522346e+04,1.190563072798e+06,5.679661558869e-01,3.469173770345e+02,-2.669674032279e-05,-2.909944695184e-03,0.000000000000e+00,0.000000000000e+00,8.573811043224e+01,0.000000000000e+00,0.000000000000e+00,0.000000000000e+00,0.000000000000e+00,5.720558160473e-04,6.235408394916e-02,2.646199142008e+02,2.572004699707e+02,0.000000000000e+00,1.161256902874e+00,0.000000000000e+00,5.543415179458e+04,1.090000000000e+02
2.280000000000e+03,1.032391356098e+08,9.043038281281e+04,1.194360179727e+06,5.690077685064e-01,3.473816469514e+02,-1.804822720190e-05,-1.967256765007e-03,0.000000000000e+00,0.000000000000e+00,8.409758934667e+01,0.000000000000e+00,0.000000000000e+00,0.000000000000e+00,0.000000000000e+00,6.074767008065e-04,6.621496038791e-02,2.646738797572e+02,2.573688354492e+02,0.000000000000e+00,1.160431357050e+00,0.000000000000e+00,5.543496289913e+04,1.090000000000e+02
2.281000000000e+03,1.032390530420e+08,9.051295063714e+04,1.197424153811e+06,5.695170406296e-01,3.479555756512e+02,2.713071326023e-06,2.957247745365e-04,0.000000000000e+00,0.000000000000e+00,8.256782432631e+01,0.000000000000e+00,0.000000000000e+00,0.000000000000e+00,0.000000000000e+00,5.064872573885e-04,5.520711105535e-02,2.647360098324e+02,2.580736083984e+02,0.000000000000e+00,1.159405794181e+00,0.000000000000e+00,5.543588661503e+04,1.090000000000e+02
2.282000000000e+03,1.032390732794e+08,9.049271322565e+04,1.200628402551e+06,5.702430092946e-01,3.484397463490e+02,4.911205299767e-06,5.353213776747e-04,0.000000000000e+00,0.000000000000e+00,-2.023741148586e+01,0.000000000000e+00,0.000000000000e+00,0.000000000000e+00,0.000000000000e+00,5.336087865207e-04,5.816335773076e-02,2.647693963714e+02,2.582598876953e+02,0.000000000000e+00,1.155018719702e+00,0.000000000000e+00,5.543632837970e+04,1.090000000000e+02
2.283000000000e+03,1.032391023014e+08,9.046369118794e+04,1.205069000027e+06,5.717192556245e-01,3.488231495050e+02,-1.325268577471e-05,-1.444542749443e-03,0.000000000000e+00,0.000000000000e+00,-2.902203771103e+01,0.000000000000e+00,0.000000000000e+00,0.000000000000e+00,0.000000000000e+00,7.203281231919e-04,7.851576542792e-02,2.647965604467e+02,2.582938537598e+02,0.000000000000e+00,1.152647427094e+00,0.000000000000e+00,5.543669149822e+04,1.090000000000e+02
2.284000000000e+03,1.032390445414e+08,9.052145121224e+04,1.210065109209e+06,5.733612901252e-01,3.492620794530e+02,-1.970575079471e-05,-2.147926836624e-03,0.000000000000e+00,0.000000000000e+00,5.776002430099e+01,0.000000000000e+00,0.000000000000e+00,0.000000000000e+00,0.000000000000e+00,8.047383687555e-04,8.771648219435e-02,2.648381639896e+02,2.583962707520e+02,0.000000000000e+00,1.153614782361e+00,0.000000000000e+00,5.543734761499e+04,1.090000000000e+02
2.285000000000e+03,1.032389304425e+08,9.063555006034e+04,1.214375398364e+06,5.747875477464e-01,3.496319990863e+02,-8.591774637018e-06,-9.365034354350e-04,0.000000000000e+00,0.000000000000e+00,1.140988481010e+02,0.000000000000e+00,0.000000000000e+00,0.000000000000e+00,0.000000000000e+00,7.021710326754e-04,7.653664256162e-02,2.648841083273e+02,2.586511230469e+02,0.000000000000e+00,1.153594142567e+00,0.000000000000e+00,5.543804962150e+04,1.090000000000e+02
2.286000000000e+03,1.032388299571e+08,9.073603549571e+04,1.218977101417e+06,5.764573086223e-01,3.499352472341e+02,1.848589634040e-05,2.014962701104e-03,0.000000000000e+00,0.000000000000e+00,1.004854353704e+02,0.000000000000e+00,0.000000000000e+00,0.000000000000e+00,0.000000000000e+00,7.770990333764e-04,8.470379463803e-02,2.649384341446e+02,2.590455932617e+02,0.000000000000e+00,1.153306055032e+00,0.000000000000e+00,5.543884953616e+04,1.090000000000e+02
2.287000000000e+03,1.032387354478e+08,9.083054480094e+04,1.223755100012e+06,5.780884130813e-01,3.503111871889e+02,3.684558459406e-05,4.016168720752e-03,0.000000000000e+00,0.000000000000e+00,9.450930523405e+01,0.000000000000e+00,0.000000000000e+00,0.000000000000e+00,0.000000000000e+00,8.249544866013e-04,8.992003903955e-02,2.649869079390e+02,2.592492065430e+02,0.000000000000e+00,1.153676425403e+00,0.000000000000e+00,5.543955543191e+04,1.090000000000e+02
2.288000000000e+03,1.032386447201e+08,9.092127250625e+04,1.227736489269e+06,5.792627446364e-01,3.507359560450e+02,6.458922256857e-05,7.040225259974e-03,0.000000000000e+00,0.000000000000e+00,9.072770530138e+01,0.000000000000e+00,0.000000000000e+00,0.000000000000e+00,0.000000000000e+00,7.220248123406e-04,7.870070454513e-02,2.650131243481e+02,2.592140502930e+02,0.000000000000e+00,1.153549967146e+00,0.000000000000e+00,5.543994214681e+04,1.090000000000e+02
2.289000000000e+03,1.032385568320e+08,9.100916060131e+04,1.231994799864e+06,5.806722548416e-01,3.510941620930e+02,7.250481040881e-05,7.903024334560e-03,0.000000000000e+00,0.000000000000e+00,8.788809506235e+01,0.000000000000e+00,0.000000000000e+00,0.000000000000e+00,0.000000000000e+00,7.748727562817e-04,8.446113043470e-02,2.650565376616e+02,2.595045776367e+02,0.000000000000e+00,1.153219233333e+00,0.000000000000e+00,5.544056902429e+04,1.090000000000e+02
2.290000000000e+03,1.032384712815e+08,9.109471113397e+04,1.235747406201e+06,5.816641747520e-01,3.515566694369e+02,5.948851245014e-05,6.484247857066e-03,0.000000000000e+00,0.000000000000e+00,8.555053266556e+01,0.000000000000e+00,0.000000000000e+00,0.000000000000e+00,0.000000000000e+00,6.767709537032e-04,7.376803395365e-02,2.651273634088e+02,2.601454162598e+02,0.000000000000e+00,1.153404418518e+00,0.000000000000e+00,5.544157159267e+04,1.090000000000e+02
2.291000000000e+03,1.032383876670e+08,9.117832554460e+04,1.239694885655e+06,5.828869936434e-01,3.519341665757e+02,5.821065700708e-05,6.344961613772e-03,0.000000000000e+00,0.000000000000e+00,8.361441062831e+01,0.000000000000e+00,0.000000000000e+00,0.000000000000e+00,0.000000000000e+00,7.081432062153e-04,7.718760947747e-02,2.651907080406e+02,2.603712158203e+02,0.000000000000e+00,1.153497011110e+00,0.000000000000e+00,5.544245982357e+04,1.090000000000e+02
2.292000000000e+03,1.032383057118e+08,9.126028075890e+04,1.243823827610e+06,5.841032823774e-01,3.523646213383e+02,7.069699198973e-05,7.705972126881e-03,0.000000000000e+00,0.000000000000e+00,8.195521430022e+01,0.000000000000e+00,0.000000000000e+00,0.000000000000e+00,0.000000000000e+00,7.501823923973e-04,8.176988077130e-02,2.652634865613e+02,2.609060668945e+02,0.000000000000e+00,1.153195363957e+00,0.000000000000e+00,5.544346947870e+04,1.090000000000e+02
2.293000000000e+03,1.032382251913e+08,9.134080131356e+04,1.247211727253e+06,5.849155899758e-01,3.528281225863e+02,8.430895147441e-05,9.189675710710e-03,0.000000000000e+00,0.000000000000e+00,8.052055465589e+01,0.000000000000e+00,0.000000000000e+00,0.000000000000e+00,0.000000000000e+00,6.416477121147e-04,6.993960062050e-02,2.653271775235e+02,2.612587280273e+02,0.000000000000e+00,1.153287956550e+00,0.000000000000e+00,5.544434550950e+04,1.090000000000e+02
2.294000000000e+03,1.032381459898e+08,9.142000278737e+04,1.249990012877e+06,5.854272176042e-01,3.532957177344e+02,1.137008447086e-04,1.239339207324e-02,0.000000000000e+00,0.000000000000e+00,7.920147381633e+01,0.000000000000e+00,0.000000000000e+00,0.000000000000e+00,0.000000000000e+00,5.679533259071e-04,6.190691252387e-02,2.654352032083e+02,2.623363647461e+02,0.000000000000e+00,1.153102771365e+00,0.000000000000e+00,5.544580821890e+04,1.090000000000e+02
2.295000000000e+03,1.032380679382e+08,9.149805435992e+04,1.253280830915e+06,5.862626181226e-01,3.537134704496e+02,1.025569947729e-04,1.117871243025e-02,0.000000000000e+00,0.000000000000e+00,7.805157254252e+01,0.000000000000e+00,0.000000000000e+00,0.000000000000e+00,0.000000000000e+00,6.426160947635e-04,7.004515432922e-02,2.655243931400e+02,2.624875183105e+02,0.000000000000e+00,1.151181895210e+00,0.000000000000e+00,5.544699911776e+04,1.090000000000e+02
2.296000000000e+03,1.032379908404e+08,9.157515214188e+04,1.258559180756e+06,5.883053039366e-01,3.539645181194e+02,9.214588623839e-05,1.004390159998e-02,0.000000000000e+00,0.000000000000e+00,7.709778196686e+01,0.000000000000e+00,0.000000000000e+00,0.000000000000e+00,0.000000000000e+00,9.623619048855e-04,1.048974476325e-01,2.655874286939e+02,2.624607849121e+02,0.000000000000e+00,1.151181895210e+00,0.000000000000e+00,5.544783497295e+04,1.090000000000e+02
2.297000000000e+03,1.032379146482e+08,9.165134438438e+04,1.262583777710e+06,5.894901281901e-01,3.543754125284e+02,1.168310355099e-04,1.273458287058e-02,0.000000000000e+00,0.000000000000e+00,7.619224249524e+01,0.000000000000e+00,0.000000000000e+00,0.000000000000e+00,0.000000000000e+00,7.784255830993e-04,8.484838855783e-02,2.656743918856e+02,2.630239257812e+02,0.000000000000e+00,1.150722648618e+00,0.000000000000e+00,5.544897530838e+04,1.090000000000e+02
2.298000000000e+03,1.032378392068e+08,9.172678580043e+04,1.265785525785e+06,5.902988578736e-01,3.547829615636e+02,1.335137528842e-04,1.455299906438e-02,0.000000000000e+00,0.000000000000e+00,7.544141605540e+01,0.000000000000e+00,0.000000000000e+00,0.000000000000e+00,0.000000000000e+00,6.606836571186e-04,7.201451862593e-02,2.657266788960e+02,2.627440795898e+02,0.000000000000e+00,1.149996698777e+00,0.000000000000e+00,5.544965665618e+04,1.090000000000e+02
2.299000000000e+03,1.032377644933e+08,9.180149924001e+04,1.268747178838e+06,5.909193934824e-01,3.552327007975e+02,1.232953751326e-04,1.343919588945e-02,0.000000000000e+00,0.000000000000e+00,7.471343957789e+01,0.000000000000e+00,0.000000000000e+00,0.000000000000e+00,0.000000000000e+00,6.092055814423e-04,6.640340837721e-02,2.658106633134e+02,2.635914916992e+02,0.000000000000e+00,1.149904106185e+00,0.000000000000e+00,5.545073868312e+04,1.090000000000e+02
2.300000000000e+03,1.032376905369e+08,9.187545565569e+04,1.272602116622e+06,5.923220118371e-01,3.554592004398e+02,1.343189405973e-04,1.464076452510e-02,0.000000000000e+00,0.000000000000e+00,7.395641567825e+01,0.000000000000e+00,0.000000000000e+00,0.000000000000e+00,0.000000000000e+00,7.667379786439e-04,8.357443967219e-02,2.659224007929e+02,2.643602294922e+02,0.000000000000e+00,1.148929040192e+00,0.000000000000e+00,5.545215478183e+04,1.090000000000e+02
2.301000000000e+03,1.032376172261e+08,9.194876642549e+04,1.276484925282e+06,5.934798168542e-01,3.558380152544e+02,1.548204613831e-04,1.687543029076e-02,0.000000000000e+00,0.000000000000e+00,7.331076980305e+01,0.000000000000e+00,0.000000000000e+00,0.000000000000e+00,0.000000000000e+00,7.911927897847e-04,8.624001408654e-02,2.660492821323e+02,2.653844299316e+02,0.000000000000e+00,1.148519718088e+00,0.000000000000e+00,5.545373481047e+04,1.090000000000e+02
2.302000000000e+03,1.032375443624e+08,9.202163016858e+04,1.279527442249e+06,5.941531818948e-01,3.562744339549e+02,1.664315713745e-04,1.814104127982e-02,0.000000000000e+00,0.000000000000e+00,7.286374308753e+01,0.000000000000e+00,0.000000000000e+00,0.000000000000e+00,0.000000000000e+00,6.653408803065e-04,7.252215595341e-02,2.661442019125e+02,2.653823852539e+02,0.000000000000e+00,1.147018254206e+00,0.000000000000e+00,5.545489918404e+04,1.090000000000e+02
2.303000000000e+03,1.032374718353e+08,9.209415725827e+04,1.282550973640e+06,5.949193590680e-01,3.566499260683e+02,1.916273775328e-04,2.088738415108e-02,0.000000000000e+00,0.000000000000e+00,7.252708968503e+01,0.000000000000e+00,0.000000000000e+00,0.000000000000e+00,0.000000000000e+00,6.879852714904e-04,7.499039459245e-02,2.662269920918e+02,2.653506774902e+02,0.000000000000e+00,1.146132428961e+00,0.000000000000e+00,5.545590405987e+04,1.090000000000e+02
2.304000000000e+03,1.032373996410e+08,9.216635159134e+04,1.285953842883e+06,5.958848508014e-01,3.570098535127e+02,1.883567860047e-04,2.053088967451e-02,0.000000000000e+00,0.000000000000e+00,7.219433306870e+01,0.000000000000e+00,0.000000000000e+00,0.000000000000e+00,0.000000000000e+00,7.471795887809e-04,8.144257517712e-02,2.663167421308e+02,2.656712951660e+02,0.000000000000e+00,1.145471035673e+00,0.000000000000e+00,5.545698064206e+04,1.090000000000e+02
2.305000000000e+03,1.032373277386e+08,9.223825396845e+04,1.290280036486e+06,5.974586548671e-01,3.572605253238e+02,1.968104625193e-04,2.145234041460e-02,0.000000000000e+00,0.000000000000e+00,7.190237711955e+01,0.000000000000e+00,0.000000000000e+00,0.000000000000e+00,0.000000000000e+00,9.084552166708e-04,9.902161861712e-02,2.664056656663e+02,2.658271179199e+02,0.000000000000e+00,1.144061506991e+00,0.000000000000e+00,5.545803374909e+04,1.090000000000e+02
2.306000000000e+03,1.032372560191e+08,9.230997348670e+04,1.293943976101e+06,5.984925921354e-01,3.576511115036e+02,2.097564488282e-04,2.286345292227e-02,0.000000000000e+00,0.000000000000e+00,7.171951824899e+01,0.000000000000e+00,0.000000000000e+00,0.000000000000e+00,0.000000000000e+00,8.129050178801e-04,8.860664694893e-02,2.664712221939e+02,2.656517944336e+02,0.000000000000e+00,1.142137512823e+00,0.000000000000e+00,5.545880258689e+04,1.090000000000e+02
2.307000000000e+03,1.032371844920e+08,9.238150056910e+04,1.297210263650e+06,5.994378950187e-01,3.579830596208e+02,2.486075961487e-04,2.709822798020e-02,0.000000000000e+00,0.000000000000e+00,7.152708239793e+01,0.000000000000e+00,0.000000000000e+00,0.000000000000e+00,0.000000000000e+00,7.856816187523e-04,8.563929644400e-02,2.665435842516e+02,2.660412597656e+02,0.000000000000e+00,1.141460976210e+00,0.000000000000e+00,5.545964346306e+04,1.090000000000e+02
2.308000000000e+03,1.032371132780e+08,9.245271458333e+04,1.301658648626e+06,6.012120374429e-01,3.581422890314e+02,3.175223036283e-04,3.460993109548e-02,0.000000000000e+00,0.000000000000e+00,7.121401423097e+01,0.000000000000e+00,0.000000000000e+00,0.000000000000e+00,0.000000000000e+00,1.048368635564e-03,1.142721812764e-01,2.666565105040e+02,2.670380859375e+02,0.000000000000e+00,1.140362167057e+00,0.000000000000e+00,5.546093567609e+04,1.090000000000e+02
2.309000000000e+03,1.032370423014e+08,9.252369111507e+04,1.307563232665e+06,6.037834863830e-01,3.582265500733e+02,3.267502201700e-04,3.561577399854e-02,0.000000000000e+00,0.000000000000e+00,7.097653174204e+01,0.000000000000e+00,0.000000000000e+00,0.000000000000e+00,0.000000000000e+00,1.298573862936e-03,1.415445510600e-01,2.667684250183e+02,2.674275207520e+02,0.000000000000e+00,1.140176981872e+00,0.000000000000e+00,5.546219379282e+04,1.090000000000e+02
2.310000000000e+03,1.032369713499e+08,9.259464265014e+04,1.313498195735e+06,6.061851005361e-01,3.584214964412e+02,2.583744083615e-04,2.816281051140e-02,0.000000000000e+00,0.000000000000e+00,7.095153506227e+01,0.000000000000e+00,0.000000000000e+00,0.000000000000e+00,0.000000000000e+00,1.236871776796e-03,1.348190236708e-01,2.668429032248e+02,2.674375915527e+02,0.000000000000e+00,1.139772745837e+00,0.000000000000e+00,5.546301977290e+04,1.090000000000e+02
2.311000000000e+03,1.032369003618e+08,9.266563072623e+04,1.318448063290e+06,6.079885211663e-01,3.587009251602e+02,2.278247700838e-04,2.483289993914e-02,0.000000000000e+00,0.000000000000e+00,7.098807609254e+01,0.000000000000e+00,0.000000000000e+00,0.000000000000e+00,0.000000000000e+00,1.044100532743e-03,1.138069580690e-01,2.669005497406e+02,2.670426025391e+02,0.000000000000e+00,1.139772745837e+00,0.000000000000e+00,5.546365445581e+04,1.090000000000e+02
2.312000000000e+03,1.032368292750e+08,9.273671756616e+04,1.321654346211e+06,6.087675665691e-01,3.591111855197e+02,2.541332282568e-04,2.770052187999e-02,0.000000000000e+00,0.000000000000e+00,7.108683992753e+01,0.000000000000e+00,0.000000000000e+00,0.000000000000e+00,0.000000000000e+00,7.833314104359e-04,8.538312373751e-02,2.669271666004e+02,2.664530639648e+02,0.000000000000e+00,1.139772745837e+00,0.000000000000e+00,5.546394774774e+04,1.090000000000e+02
2.313000000000e+03,1.032367581934e+08,9.280779917993e+04,1.324703628715e+06,6.096133501618e-01,3.594379941087e+02,2.682620189227e-04,2.924056006257e-02,0.000000000000e+00,0.000000000000e+00,7.108161377111e+01,0.000000000000e+00,0.000000000000e+00,0.000000000000e+00,0.000000000000e+00,7.712213649344e-04,8.406312877785e-02,2.669599396590e+02,2.665059814453e+02,0.000000000000e+00,1.139772745837e+00,0.000000000000e+00,5.546430801632e+04,1.090000000000e+02
2.314000000000e+03,1.032366872762e+08,9.287871634226e+04,1.329280497405e+06,6.114425930921e-01,3.595969960482e+02,2.950215443787e-04,3.215734833728e-02,0.000000000000e+00,0.000000000000e+00,7.091716232923e+01,0.000000000000e+00,0.000000000000e+00,0.000000000000e+00,0.000000000000e+00,1.049744284223e-03,1.144221269803e-01,2.670140908594e+02,2.668302612305e+02,0.000000000000e+00,1.139772745837e+00,0.000000000000e+00,5.546489643014e+04,1.090000000000e+02
2.315000000000e+03,1.032366166796e+08,9.294931295647e+04,1.332587802039e+06,6.122927565517e-01,3.599838890848e+02,3.453843093336e-04,3.764688971736e-02,0.000000000000e+00,0.000000000000e+00,7.059661421625e+01,0.000000000000e+00,0.000000000000e+00,0.000000000000e+00,0.000000000000e+00,8.879938178969e-04,9.679132615076e-02,2.671185968862e+02,2.678546447754e+02,0.000000000000e+00,1.139680153244e+00,0.000000000000e+00,5.546601394282e+04,1.090000000000e+02
2.316000000000e+03,1.032365462844e+08,9.301970815874e+04,1.334619554878e+06,6.124988525129e-01,3.604040961493e+02,3.364238191487e-04,3.667019628721e-02,0.000000000000e+00,0.000000000000e+00,7.039520226736e+01,0.000000000000e+00,0.000000000000e+00,0.000000000000e+00,0.000000000000e+00,6.679926096493e-04,7.281119445177e-02,2.672259792408e+02,2.686212768555e+02,0.000000000000e+00,1.138647193817e+00,0.000000000000e+00,5.546714186260e+04,1.090000000000e+02
2.317000000000e+03,1.032364760493e+08,9.308994330463e+04,1.336935885788e+06,6.130203706457e-01,3.607135981780e+02,3.838746095630e-04,4.184233244237e-02,0.000000000000e+00,0.000000000000e+00,7.023514588791e+01,0.000000000000e+00,0.000000000000e+00,0.000000000000e+00,0.000000000000e+00,7.615653396709e-04,8.301062202412e-02,2.673580889807e+02,2.694077758789e+02,0.000000000000e+00,1.138089860405e+00,0.000000000000e+00,5.546850379902e+04,1.090000000000e+02
2.318000000000e+03,1.032364058765e+08,9.316011610012e+04,1.339207202574e+06,6.134393371233e-01,3.610708784182e+02,4.085926735471e-04,4.453660141663e-02,0.000000000000e+00,0.000000000000e+00,7.017279549581e+01,0.000000000000e+00,0.000000000000e+00,0.000000000000e+00,0.000000000000e+00,7.788911718645e-04,8.489913773323e-02,2.674912631015e+02,2.699099731445e+02,0.000000000000e+00,1.136808355009e+00,0.000000000000e+00,5.546984781078e+04,1.090000000000e+02
2.319000000000e+03,1.032363352176e+08,9.322034542808e+04,1.341762276898e+06,6.138435999320e-01,3.615127526131e+02,4.451716515159e-04,4.852371001524e-02,0.000000000000e+00,1.042940810197e+01,7.065873606085e+01,0.000000000000e+00,0.000000000000e+00,0.000000000000e+00,0.000000000000e+00,8.623886709136e-04,9.400036512958e-02,2.676271858340e+02,2.703914794922e+02,0.000000000000e+00,1.136715762417e+00,1.042940810197e+01,5.547119189958e+04,1.090000000000e+02
2.320000000000e+03,1.032363671333e+08,9.316373599243e+04,1.345958553578e+06,6.155746432895e-01,3.616176918778e+02,4.845056565731e-04,5.281111656647e-02,0.000000000000e+00,2.469379739751e+01,-3.191563825148e+01,0.000000000000e+00,0.000000000000e+00,0.000000000000e+00,0.000000000000e+00,1.174901505890e-03,1.280642641420e-01,2.677226677149e+02,2.702321166992e+02,0.000000000000e+00,1.132711998621e+00,2.469379739751e+01,5.547209383676e+04,1.090000000000e+02
2.321000000000e+03,1.032363435972e+08,9.316199647452e+04,1.350797401153e+06,6.176277490591e-01,3.617069757444e+02,4.854293228460e-04,5.291179619021e-02,0.000000000000e+00,2.527465916191e+01,2.353514125058e+01,0.000000000000e+00,0.000000000000e+00,0.000000000000e+00,0.000000000000e+00,1.283016735363e-03,1.398488241545e-01,2.677930206602e+02,2.700245056152e+02,0.000000000000e+00,1.131942068066e+00,2.527465916191e+01,5.547276171323e+04,1.090000000000e+02
2.322000000000e+03,1.032363044466e+08,9.317420277698e+04,1.354256593710e+06,6.187393093813e-01,3.619764585618e+02,4.835673948350e-04,5.270884603702e-02,0.000000000000e+00,2.694368882223e+01,3.914999127531e+01,0.000000000000e+00,0.000000000000e+00,0.000000000000e+00,0.000000000000e+00,1.052368999077e-03,1.147082208994e-01,2.678791741076e+02,2.705227355957e+02,0.000000000000e+00,1.131226219780e+00,2.694368882223e+01,5.547357720535e+04,1.090000000000e+02
2.323000000000e+03,1.032362555055e+08,9.319411065132e+04,1.356918094662e+06,6.193835357462e-01,3.623057599857e+02,4.904466188871e-04,5.345868145869e-02,0.000000000000e+00,2.903317867096e+01,4.894105301587e+01,0.000000000000e+00,0.000000000000e+00,0.000000000000e+00,0.000000000000e+00,9.276067572819e-04,1.011091365437e-01,2.679584602239e+02,2.704778747559e+02,0.000000000000e+00,1.130058630877e+00,2.903317867096e+01,5.547431909985e+04,1.090000000000e+02
2.324000000000e+03,1.032361622551e+08,9.325927432439e+04,1.358998051814e+06,6.198156942852e-01,3.626029951142e+02,5.098872746260e-04,5.557771293423e-02,0.000000000000e+00,2.808598473587e+01,9.324965780380e+01,0.000000000000e+00,0.000000000000e+00,0.000000000000e+00,0.000000000000e+00,8.506942708005e-04,9.272567551725e-02,2.680418754035e+02,2.707965087891e+02,0.000000000000e+00,1.130202130887e+00,2.808598473587e+01,5.547510244939e+04,1.090000000000e+02
2.325000000000e+03,1.032360696756e+08,9.332190600047e+04,1.360771224777e+06,6.201037619723e-01,3.629014520159e+02,5.745003392100e-04,6.262053697389e-02,0.000000000000e+00,2.994689304369e+01,9.257856912005e+01,0.000000000000e+00,0.000000000000e+00,0.000000000000e+00,0.000000000000e+00,8.640305583236e-04,9.417933085727e-02,2.681420296517e+02,2.715332641602e+02,0.000000000000e+00,1.129981212055e+00,2.994689304369e+01,5.547601682831e+04,1.090000000000e+02
2.326000000000e+03,1.032359811162e+08,9.337798503741e+04,1.362004857213e+06,6.201634649428e-01,3.631903199012e+02,6.554515936791e-04,7.144422371103e-02,0.000000000000e+00,3.248108268730e+01,8.856011962982e+01,0.000000000000e+00,0.000000000000e+00,0.000000000000e+00,0.000000000000e+00,8.562659843776e-04,9.333299229716e-02,2.682298659393e+02,2.717089233398e+02,0.000000000000e+00,1.128364917570e+00,3.248108268730e+01,5.547680384148e+04,1.090000000000e+02
2.327000000000e+03,1.032358946220e+08,9.342787695332e+04,1.362779575353e+06,6.198908488869e-01,3.635498880468e+02,6.930260540166e-04,7.553983988781e-02,0.000000000000e+00,3.660283668829e+01,8.649475259539e+01,0.000000000000e+00,0.000000000000e+00,0.000000000000e+00,0.000000000000e+00,8.169106175917e-04,8.904325731749e-02,2.683482308361e+02,2.724472961426e+02,0.000000000000e+00,1.127160321836e+00,3.660283668829e+01,5.547784528803e+04,1.090000000000e+02
2.328000000000e+03,1.032358093629e+08,9.347138691157e+04,1.363467170020e+06,6.196429368582e-01,3.638721996963e+02,6.618267556730e-04,7.213911636836e-02,0.000000000000e+00,4.175080578109e+01,8.526076403275e+01,0.000000000000e+00,0.000000000000e+00,0.000000000000e+00,0.000000000000e+00,7.714195755392e-04,8.408473373377e-02,2.684657719895e+02,2.728903503418e+02,0.000000000000e+00,1.126668970409e+00,4.175080578109e+01,5.547885713153e+04,1.090000000000e+02
2.329000000000e+03,1.032360463652e+08,9.357990994184e+04,1.364293873618e+06,6.194576453971e-01,3.641940024584e+02,6.642050215517e-04,7.239834734913e-02,0.000000000000e+00,5.661342490670e+01,-2.370033772231e+02,6.649647450398e-05,7.248115720934e-03,0.000000000000e+00,0.000000000000e+00,8.626865055164e-04,9.403282910129e-02,2.686074695836e+02,2.731107177734e+02,0.000000000000e+00,1.124076377817e+00,5.661342490670e+01,5.548003235371e+04,1.090000000000e+02
2.330000000000e+03,1.032479793037e+08,9.603879989747e+04,1.351661804495e+06,6.132083593814e-01,3.644599721851e+02,5.996456776359e-04,6.536137886231e-02,0.000000000000e+00,3.791953543402e+02,-1.193293800478e+04,2.442412248443e-03,2.662229350803e-01,0.000000000000e+00,0.000000000000e+00,9.292269693838e-04,1.012857396628e-01,2.694250265818e+02,2.735635070801e+02,0.000000000000e+00,9.938275821314e-01,3.791953543402e+02,5.548598063879e+04,1.090000000000e+02
2.331000000000e+03,1.032683121571e+08,1.023293137776e+05,1.324276167629e+06,5.999334067071e-01,3.649361219222e+02,4.847838809558e-04,5.284144302418e-02,0.000000000000e+00,1.332334493621e+03,-2.033285653723e+04,4.496150532133e-03,4.900804080025e-01,1.258816581024e-04,1.372110073316e-02,4.284235871057e-04,4.669817099452e-02,2.704192012917e+02,2.737495727539e+02,0.000000000000e+00,7.551824730025e-01,1.332334493621e+03,5.549217290249e+04,1.090000000000e+02
2.332000000000e+03,1.033128660507e+08,1.249182835604e+05,1.267830592463e+06,5.732302037692e-01,3.655873233040e+02,2.696215547930e-04,2.938874947243e-02,0.000000000000e+00,2.592856752790e+04,-4.455389460038e+04,9.102049961524e-03,9.921234458061e-01,6.283086505396e-03,6.848564290882e-01,0.000000000000e+00,0.000000000000e+00,2.728034189059e+02,2.749679870605e+02,0.000000000000e+00,1.807383886668e-01,2.592856752790e+04,5.550267935448e+04,1.090000000000e+02
2.333000000000e+03,1.033287797361e+08,1.461663071919e+05,1.181586092865e+06,5.332830927158e-01,3.662349712395e+02,5.747266623787e-05,6.264520619928e-03,0.000000000000e+00,1.183675028305e+05,-1.591368428670e+04,1.420130872619e-02,1.547942651155e+00,1.150654697599e-02,1.254213620383e+00,0.000000000000e+00,0.000000000000e+00,2.730784999260e+02,2.757260437012e+02,0.000000000000e+00,3.425925925882e-03,1.183675028305e+05,5.550353014422e+04,1.090000000000e+02
2.334000000000e+03,1.033325127953e+08,1.617675786793e+05,1.079781496006e+06,4.865204499399e-01,3.668489375468e+02,-5.918349439166e-05,-6.451000888691e-03,0.000000000000e+00,1.153563897188e+05,-3.733058612268e+03,1.688659395124e-02,1.840638740685e+00,5.376765243053e-03,5.860674114928e-01,0.000000000000e+00,0.000000000000e+00,2.730637419391e+02,2.760657348633e+02,0.000000000000e+00,2.037037037012e-03,1.153563897188e+05,5.550349483346e+04,1.090000000000e+02
2.335000000000e+03,1.033350338425e+08,1.772421489875e+05,9.695905846082e+05,4.361879590426e-01,3.674237633345e+02,-1.178975228877e-04,-1.285082999476e-02,0.000000000000e+00,9.325592730616e+04,-2.521044757865e+03,1.833158940289e-02,1.998143244915e+00,5.745974236438e-05,6.263111917717e-03,0.000000000000e+00,0.000000000000e+00,2.730580528989e+02,2.761352539063e+02,0.000000000000e+00,6.296296296272e-03,9.325592730616e+04,5.550348109255e+04,1.090000000000e+02
2.336000000000e+03,1.033368709324e+08,1.915583493933e+05,8.581837593117e+05,3.854811995594e-01,3.679845565908e+02,-1.238090016063e-04,-1.349518117508e-02,0.000000000000e+00,9.632113599806e+04,-1.837089939190e+03,1.853850505110e-02,2.020697050570e+00,5.268116212704e-05,5.742246671847e-03,0.000000000000e+00,0.000000000000e+00,2.730547073565e+02,2.759951782227e+02,0.000000000000e+00,9.351851851824e-03,9.632113599806e+04,5.550347258289e+04,1.090000000000e+02
2.337000000000e+03,1.033383624823e+08,2.021928703817e+05,7.403836213273e+05,3.320869700915e-01,3.685166270263e+02,-1.427188071276e-04,-1.555634997690e-02,0.000000000000e+00,2.101586477654e+05,-1.491532822028e+03,1.961427580525e-02,2.137956062773e+00,1.712771973956e-02,1.866921451612e+00,0.000000000000e+00,0.000000000000e+00,2.730669965129e+02,2.762627258301e+02,0.000000000000e+00,6.851851851837e-03,2.101586477654e+05,5.550350529257e+04,1.090000000000e+02
2.338000000000e+03,1.033394449794e+08,2.093912815135e+05,6.183721964188e+05,2.769820257159e-01,3.690206423095e+02,-1.520787461174e-04,-1.657658332680e-02,0.000000000000e+00,2.209104024456e+05,-1.082494303077e+03,2.031956469495e-02,2.214832551750e+00,1.756404054217e-02,1.914480419096e+00,0.000000000000e+00,0.000000000000e+00,2.730509676756e+02,2.762880859375e+02,0.000000000000e+00,5.648148148139e-03,2.209104024456e+05,5.550346002223e+04,1.090000000000e+02
2.339000000000e+03,1.033403013301e+08,2.205706909177e+05,4.974655189433e+05,2.225506404832e-01,3.694758963738e+02,-1.666561652319e-04,-1.816552201028e-02,0.000000000000e+00,1.163629242327e+05,-8.563422343848e+02,2.015164356988e-02,2.196529149117e+00,1.071709259361e-03,1.168163092704e-01,0.000000000000e+00,0.000000000000e+00,2.730515256128e+02,2.766585998535e+02,0.000000000000e+00,4.259259259258e-03,1.163629242327e+05,5.550346427178e+04,1.090000000000e+02
2.340000000000e+03,1.033409973184e+08,2.312292355801e+05,3.616180847904e+05,1.616534926991e-01,3.697568931570e+02,-2.492981844703e-04,-2.717350210726e-02,0.000000000000e+00,1.377138393277e+05,-6.959625380646e+02,2.270389230142e-02,2.474724260855e+00,1.935999265002e-03,2.110239198853e-01,0.000000000000e+00,0.000000000000e+00,2.730569155432e+02,2.772521362305e+02,0.000000000000e+00,3.611111111113e-03,1.377138393277e+05,5.550348144205e+04,1.090000000000e+02
2.341000000000e+03,1.033412591697e+08,2.410025015656e+05,2.152459770016e+05,9.620962333468e-02,3.697993268995e+02,-2.851171732902e-04,-3.107777188863e-02,0.000000000000e+00,1.473847753775e+05,-2.618463690190e+02,2.447950398105e-02,2.668265933934e+00,1.540838998583e-03,1.679514508455e-01,0.000000000000e+00,0.000000000000e+00,2.730509629116e+02,2.768986206055e+02,0.000000000000e+00,1.092592592597e-02,1.473847753775e+05,5.550346383872e+04,1.090000000000e+02
2.342000000000e+03,1.033416189176e+08,2.503789528793e+05,7.022375537153e+04,3.144044535240e-02,3.691722914515e+02,-2.749175772505e-04,-2.996601592030e-02,0.000000000000e+00,1.396804621320e+05,-3.597328057522e+02,2.424601732343e-02,2.642815888254e+00,4.514454552577e-04,4.920755462309e-02,0.000000000000e+00,0.000000000000e+00,2.730530150602e+02,2.771823425293e+02,0.000000000000e+00,1.157407407412e-02,1.396804621320e+05,5.550347138538e+04,1.090000000000e+02
2.343000000000e+03,1.033426327052e+08,1.206455652911e+05,3.075127119478e+03,1.388208622074e-03,3.661263324496e+02,-3.844296926440e-04,-4.190283649820e-02,2.859871774443e-03,2.007389351608e+05,-8.550607416538e+02,1.123383346372e-02,1.224487847545e+00,4.206475488074e-04,4.585058282000e-02,0.000000000000e+00,0.000000000000e+00,2.736144519953e+02,2.772532348633e+02,1.018518518517e-03,6.111111111144e-03,2.007389351608e+05,5.550421544910e+04,1.090000000000e+02
2.344000000000e+03,1.033475840026e+08,6.562747235957e+04,2.595624442244e+01,1.184055309023e-05,3.624792523487e+02,4.221588184092e-04,4.601531120660e-02,-5.489466295843e-02,6.065191912358e+04,-7.998225157082e+03,5.092750383797e-04,5.551097918338e-02,1.667791550297e-03,1.817892789823e-01,0.000000000000e+00,0.000000000000e+00,2.780458657746e+02,2.775728149414e+02,2.916666666664e-02,4.370370370369e-02,6.065191912358e+04,5.550189766366e+04,1.090000000000e+02
2.345000000000e+03,1.033452337460e+08,4.401480843470e+04,6.035174142321e-01,2.776297314719e-07,3.601316794229e+02,1.045986587845e-03,1.140125380751e-01,-1.190903375605e-01,2.788122688444e+04,-4.259491834152e+03,4.233010176418e-06,4.613981092296e-04,1.689476746443e-03,1.841529653623e-01,0.000000000000e+00,0.000000000000e+00,2.791672256171e+02,2.781106567383e+02,4.694444444440e-02,6.981481481478e-02,2.788122688444e+04,5.549871563401e+04,1.090000000000e+02
2.346000000000e+03,1.033394506244e+08,2.667822386581e+04,4.221958958907e-01,1.934785778939e-07,3.605129632417e+02,1.155318142083e-03,1.259296774870e-01,-1.306245956489e-01,2.279754751344e+04,-1.466383514903e+03,3.049321324080e-08,3.323760243247e-06,1.102027162549e-03,1.201209607178e-01,0.000000000000e+00,0.000000000000e+00,2.801400981740e+02,2.785783386230e+02,6.537037037031e-02,9.703703703699e-02,2.279754751344e+04,5.549541710476e+04,1.090000000000e+02
2.347000000000e+03,1.033532891077e+08,1.447928751081e+04,4.174460668705e-01,1.909054746947e-07,3.610651426629e+02,1.271095789265e-03,1.385494410299e-01,-1.419703412759e-01,1.977530320402e+04,-2.171734394354e+04,8.249773605511e-10,8.992253230007e-08,4.811358551152e-03,5.244380820755e-01,0.000000000000e+00,0.000000000000e+00,2.804837028444e+02,2.790574340820e+02,8.101851851844e-02,7.787037037034e-02,1.977530320402e+04,5.549440732040e+04,1.090000000000e+02
2.348000000000e+03,1.033598996937e+08,6.825329211948e+03,4.170371457398e-01,1.903696729082e-07,3.616645751434e+02,1.517088352456e-03,1.653626304177e-01,-1.672044423533e-01,1.721989540520e+04,-1.588959701803e+04,6.334923062521e-11,6.905066138148e-09,4.191405730031e-03,4.568632245734e-01,0.000000000000e+00,0.000000000000e+00,2.811447037970e+02,2.794629516602e+02,9.583333333325e-02,7.638888888886e-02,1.721989540520e+04,5.549176898312e+04,1.090000000000e+02
2.349000000000e+03,1.033597469130e+08,2.272799520339e+03,4.170014666843e-01,1.900069360334e-07,3.622978521169e+02,1.526247147065e-03,1.663609390301e-01,-1.674739133157e-01,1.274589611558e+04,-9.140856921774e+03,5.299353945874e-12,5.776295801003e-10,2.855592957626e-03,3.112596323812e-01,0.000000000000e+00,0.000000000000e+00,2.814168276310e+02,2.796016235352e+02,1.075925925925e-01,8.916666666664e-02,1.274589611558e+04,5.549076115962e+04,1.090000000000e+02
2.350000000000e+03,1.033571192617e+08,3.313814300480e+01,4.170093755507e-01,1.896607047536e-07,3.606883289850e+02,1.488340705231e-03,1.622291368702e-01,-1.626959292006e-01,1.078982620618e+04,-6.400874665136e+03,8.228385325182e-14,8.968940004449e-12,2.467508309129e-03,2.689584056951e-01,0.000000000000e+00,0.000000000000e+00,2.811304196089e+02,2.791690673828e+02,1.208333333333e-01,1.047222222222e-01,1.078982620618e+04,5.549228671582e+04,1.090000000000e+02
2.351000000000e+03,1.033439319245e+08,2.611845420337e+01,4.169949593809e-01,1.893177344543e-07,3.613428406892e+02,1.384053450222e-03,1.508618260742e-01,-1.507994451283e-01,5.472341364461e+03,4.819019426595e+03,0.000000000000e+00,0.000000000000e+00,1.073836799447e-04,1.170482111397e-02,0.000000000000e+00,0.000000000000e+00,2.815648812351e+02,2.793969116211e+02,1.321296296296e-01,1.393518518518e-01,5.472341364461e+03,5.549032650140e+04,1.090000000000e+02
2.352000000000e+03,1.033368290643e+08,2.369682663375e+01,4.169832267959e-01,1.889777493858e-07,3.619939843782e+02,1.362997918357e-03,1.485667731009e-01,-1.484929287595e-01,4.065073139235e+03,-1.137202743861e+03,0.000000000000e+00,0.000000000000e+00,8.603532523716e-04,9.377850450851e-02,0.000000000000e+00,0.000000000000e+00,2.818948850230e+02,2.798356933594e+02,1.430555555555e-01,1.603703703704e-01,4.065073139235e+03,5.548875694051e+04,1.090000000000e+02
2.353000000000e+03,1.033313448322e+08,2.130107251755e+01,4.169402852080e-01,1.886407034935e-07,3.626418005559e+02,1.422109510265e-03,1.550099366189e-01,-1.549299327591e-01,3.538002008688e+03,-3.112501382472e+03,0.000000000000e+00,0.000000000000e+00,1.099908904662e-03,1.198900706081e-01,0.000000000000e+00,0.000000000000e+00,2.830081635047e+02,2.808309326172e+02,1.535185185185e-01,1.782407407407e-01,3.538002008688e+03,5.548305379629e+04,1.090000000000e+02
2.354000000000e+03,1.033222230727e+08,1.807720373529e+01,4.169210599491e-01,1.883065515200e-07,3.632863289638e+02,1.411420928546e-03,1.538448812115e-01,-1.537683387515e-01,2.793773109323e+03,5.900922819151e+02,0.000000000000e+00,0.000000000000e+00,3.645090412584e-04,3.973148549717e-02,0.000000000000e+00,0.000000000000e+00,2.834748921906e+02,2.810282287598e+02,1.638888888889e-01,2.037037037037e-01,2.793773109323e+03,5.548049585754e+04,1.090000000000e+02
2.355000000000e+03,1.033135246329e+08,1.607423728032e+01,4.169230356004e-01,1.879752486915e-07,3.639276086003e+02,1.331924276435e-03,1.451797461314e-01,-1.451109018503e-01,2.174884842100e+03,6.472909732517e+02,0.000000000000e+00,0.000000000000e+00,2.528561174997e-04,2.756131680746e-02,0.000000000000e+00,0.000000000000e+00,2.834275109762e+02,2.809876098633e+02,1.743518518518e-01,2.273148148148e-01,2.174884842100e+03,5.548076042218e+04,1.090000000000e+02
2.356000000000e+03,1.033346564301e+08,2.666014823169e+01,4.169110001718e-01,1.876467522242e-07,3.645656777398e+02,1.335477395771e-03,1.455670361390e-01,-1.454846702090e-01,3.062766213970e+03,-2.920356331349e+04,0.000000000000e+00,0.000000000000e+00,5.338140700738e-03,5.818573363804e-01,0.000000000000e+00,0.000000000000e+00,2.837133640698e+02,2.814077453613e+02,1.842592592592e-01,1.918518518518e-01,3.062766213970e+03,5.547915301245e+04,1.090000000000e+02
2.357000000000e+03,1.033503305520e+08,2.536629811254e+01,4.169233637667e-01,1.873210197790e-07,3.652005739506e+02,1.510949592067e-03,1.646935055353e-01,-1.645846112977e-01,4.993929244709e+03,-2.480560648815e+04,0.000000000000e+00,0.000000000000e+00,4.928478929160e-03,5.372042032785e-01,0.000000000000e+00,0.000000000000e+00,2.834240814122e+02,2.810485839844e+02,1.926851851851e-01,1.681481481481e-01,4.993929244709e+03,5.548077864479e+04,1.090000000000e+02
2.358000000000e+03,1.033419765988e+08,2.179567021356e+01,4.169087809104e-01,1.869980099210e-07,3.658323341131e+02,1.485913561826e-03,1.619645782391e-01,-1.618693613488e-01,3.667663323824e+03,-6.268316719540e+02,0.000000000000e+00,0.000000000000e+00,7.103895522494e-04,7.743246119518e-02,0.000000000000e+00,0.000000000000e+00,2.837672199094e+02,2.814255371094e+02,1.992592592592e-01,1.911111111111e-01,3.667663323824e+03,5.547884688438e+04,1.090000000000e+02
2.359000000000e+03,1.033349543618e+08,1.917347876629e+01,4.169081598370e-01,1.866776819895e-07,3.664609944363e+02,1.429896469309e-03,1.558587151547e-01,-1.557717789524e-01,2.988154660011e+03,-1.620089041687e+03,0.000000000000e+00,0.000000000000e+00,7.623660080665e-04,8.309789487925e-02,0.000000000000e+00,0.000000000000e+00,2.837810413255e+02,2.815067443848e+02,2.093518518518e-01,2.107407407407e-01,2.988154660011e+03,5.547876858886e+04,1.090000000000e+02
2.360000000000e+03,1.033302001864e+08,1.853469254505e+01,4.168813444901e-01,1.863599962749e-07,3.670865904746e+02,1.376636639695e-03,1.500533937267e-01,-1.499726081174e-01,2.567783867973e+03,-3.566144143645e+03,0.000000000000e+00,0.000000000000e+00,1.014973270814e-03,1.106320865187e-01,0.000000000000e+00,0.000000000000e+00,2.843923365430e+02,2.821379394531e+02,2.192592592592e-01,2.258333333333e-01,2.567783867973e+03,5.547521145904e+04,1.090000000000e+02
2.361000000000e+03,1.033302263514e+08,1.896432368582e+01,4.168764935049e-01,1.860449134847e-07,3.677091571442e+02,1.322994746012e-03,1.442064273153e-01,-1.441275823182e-01,2.580512425346e+03,-8.021906004401e+03,0.000000000000e+00,0.000000000000e+00,1.754156948755e-03,1.912031074143e-01,0.000000000000e+00,0.000000000000e+00,2.845011686545e+02,2.824451293945e+02,2.292592592592e-01,2.312962962963e-01,2.580512425346e+03,5.547456454859e+04,1.090000000000e+02
2.362000000000e+03,1.033354724681e+08,2.076938425427e+01,4.168778905821e-01,1.857323963604e-07,3.683287287381e+02,1.256580262581e-03,1.369672486213e-01,-1.368890058612e-01,2.841131979907e+03,-1.284024669399e+04,0.000000000000e+00,0.000000000000e+00,2.594338798627e-03,2.827829290503e-01,0.000000000000e+00,0.000000000000e+00,2.844709567743e+02,2.823237609863e+02,2.392592592592e-01,2.268518518518e-01,2.841131979907e+03,5.547474491745e+04,1.090000000000e+02
2.363000000000e+03,1.033423689684e+08,2.181346881618e+01,4.168847267222e-01,1.854224074829e-07,3.689453389417e+02,1.238811915926e-03,1.350304988360e-01,-1.349498173311e-01,3.241859702742e+03,-1.438311639575e+04,0.000000000000e+00,0.000000000000e+00,2.915637084571e-03,3.178044422182e-01,0.000000000000e+00,0.000000000000e+00,2.843181909620e+02,2.824651489258e+02,2.448148148148e-01,2.188888888889e-01,3.241859702742e+03,5.547565061680e+04,1.090000000000e+02
2.364000000000e+03,1.033539623672e+08,2.515577594547e+01,4.168842137901e-01,1.851149092373e-07,3.695590208470e+02,1.306053800745e-03,1.423598642812e-01,-1.422697122867e-01,3.733489881857e+03,-1.948614476595e+04,0.000000000000e+00,0.000000000000e+00,3.841304559783e-03,4.187021970163e-01,0.000000000000e+00,0.000000000000e+00,2.843298991941e+02,2.821457519531e+02,2.499074074074e-01,2.029629629630e-01,3.733489881857e+03,5.547558071315e+04,1.090000000000e+02
2.365000000000e+03,1.033619597455e+08,2.507074048668e+01,4.168706039467e-01,1.848098677464e-07,3.701698069670e+02,1.466561142404e-03,1.598551645220e-01,-1.597492667021e-01,4.362526579514e+03,-1.685970303542e+04,0.000000000000e+00,0.000000000000e+00,3.510604766813e-03,3.826559195826e-01,0.000000000000e+00,0.000000000000e+00,2.846334859237e+02,2.825447692871e+02,2.598148148148e-01,1.930555555555e-01,4.362526579514e+03,5.547377054613e+04,1.090000000000e+02
2.366000000000e+03,1.033600984105e+08,2.318276462324e+01,4.168490012259e-01,1.845072474456e-07,3.707777292495e+02,1.502758149250e-03,1.638006382683e-01,-1.636970400845e-01,3.947305228136e+03,-7.219611693281e+03,0.000000000000e+00,0.000000000000e+00,1.847436902362e-03,2.013706223575e-01,0.000000000000e+00,0.000000000000e+00,2.851054237228e+02,2.828715820313e+02,2.696296296296e-01,2.019444444444e-01,3.947305228136e+03,5.547089884397e+04,1.090000000000e+02
2.367000000000e+03,1.033533320847e+08,2.016526507063e+01,4.168680338370e-01,1.842070139418e-07,3.713828190903e+02,1.441388631475e-03,1.571113608308e-01,-1.570172582887e-01,3.277942180046e+03,-1.944052879538e+03,0.000000000000e+00,0.000000000000e+00,8.639695406592e-04,9.417267993185e-02,0.000000000000e+00,0.000000000000e+00,2.846902444535e+02,2.822342224121e+02,2.753703703703e-01,2.202777777778e-01,3.277942180046e+03,5.547343028399e+04,1.090000000000e+02
2.368000000000e+03,1.033440715965e+08,1.763693492797e+01,4.168891137350e-01,1.839091336231e-07,3.719851073462e+02,1.281186856937e-03,1.396493674061e-01,-1.395721025336e-01,2.581709837354e+03,1.517516905658e+03,0.000000000000e+00,0.000000000000e+00,1.762532923295e-04,1.921160886392e-02,0.000000000000e+00,0.000000000000e+00,2.842193307155e+02,2.820247192383e+02,2.800925925926e-01,2.420370370370e-01,2.581709837354e+03,5.547623319082e+04,1.090000000000e+02
2.369000000000e+03,1.033362523288e+08,1.653538806306e+01,4.168482352927e-01,1.836135745138e-07,3.725846243476e+02,1.209638045584e-03,1.318505469686e-01,-1.317820851346e-01,2.175679635331e+03,5.086502021081e+02,0.000000000000e+00,0.000000000000e+00,2.761115958239e-04,3.009616394481e-02,0.000000000000e+00,0.000000000000e+00,2.851191631343e+02,2.832162170410e+02,2.900925925926e-01,2.601851851852e-01,2.175679635331e+03,5.547081516191e+04,1.090000000000e+02
2.370000000000e+03,1.033289316383e+08,1.520693228942e+01,4.168116544697e-01,1.833203027197e-07,3.731813999105e+02,1.233747357914e-03,1.344784620126e-01,-1.344107400033e-01,1.946316634898e+03,-1.350887332162e+02,0.000000000000e+00,0.000000000000e+00,3.446189819101e-04,3.756346902821e-02,0.000000000000e+00,0.000000000000e+00,2.858936818816e+02,2.837638244629e+02,2.963888888888e-01,2.777777777778e-01,1.946316634898e+03,5.546595813688e+04,1.090000000000e+02
2.371000000000e+03,1.033215358730e+08,1.418630609565e+01,4.168112916871e-01,1.830292872663e-07,3.737754633488e+02,1.195977576247e-03,1.303615558109e-01,-1.302981303455e-01,1.703058060475e+03,1.684107598813e+02,0.000000000000e+00,0.000000000000e+00,2.542122902761e-04,2.770913964009e-02,0.000000000000e+00,0.000000000000e+00,2.859008256826e+02,2.838768920898e+02,3.002777777777e-01,2.944444444444e-01,1.703058060475e+03,5.546591280970e+04,1.090000000000e+02
2.372000000000e+03,1.033140233184e+08,1.297322700539e+01,4.168280814997e-01,1.827404974266e-07,3.743668434853e+02,1.138806297611e-03,1.241298864396e-01,-1.240710902200e-01,1.494855943490e+03,6.304665661452e+02,0.000000000000e+00,0.000000000000e+00,1.432769881770e-04,1.561719171129e-02,0.000000000000e+00,0.000000000000e+00,2.855479295762e+02,2.833965148926e+02,3.102777777777e-01,3.118518518518e-01,1.494855943490e+03,5.546814680315e+04,1.090000000000e+02
2.373000000000e+03,1.033189988773e+08,1.751265974923e+01,4.168365452820e-01,1.824539025585e-07,3.749555686630e+02,1.130462198396e-03,1.232203796251e-01,-1.231549846011e-01,1.777945139865e+03,-1.180701795867e+04,0.000000000000e+00,0.000000000000e+00,2.248213135207e-03,2.450552317376e-01,0.000000000000e+00,0.000000000000e+00,2.853670809657e+02,2.832008056641e+02,3.187962962962e-01,3.066666666667e-01,1.777945139865e+03,5.546927843398e+04,1.090000000000e+02
2.374000000000e+03,1.033219936736e+08,1.518896782361e+01,4.168231304572e-01,1.821694730686e-07,3.755416667561e+02,1.178672744095e-03,1.284753291063e-01,-1.284015082729e-01,2.185507161429e+03,-1.011724732215e+04,0.000000000000e+00,0.000000000000e+00,2.035087581834e-03,2.218245464199e-01,0.000000000000e+00,0.000000000000e+00,2.856507988732e+02,2.836847839355e+02,3.207407407407e-01,3.055555555555e-01,2.185507161429e+03,5.546749821186e+04,1.090000000000e+02
2.375000000000e+03,1.033205838495e+08,1.627076657060e+01,4.168265775030e-01,1.818871800589e-07,3.761251651804e+02,1.143606889081e-03,1.246531509098e-01,-1.245868749014e-01,1.853069567455e+03,-5.500938661153e+03,0.000000000000e+00,0.000000000000e+00,1.217100385397e-03,1.326639420082e-01,0.000000000000e+00,0.000000000000e+00,2.855785851549e+02,2.836751708984e+02,3.316666666666e-01,3.117592592593e-01,1.853069567455e+03,5.546795357642e+04,1.090000000000e+02
2.376000000000e+03,1.033203009126e+08,1.509479898313e+01,4.168345028404e-01,1.816069947545e-07,3.767060909036e+02,1.131191018070e-03,1.232998209696e-01,-1.232321430782e-01,1.962503192282e+03,-6.552770670082e+03,0.000000000000e+00,0.000000000000e+00,1.408797726974e-03,1.535589522401e-01,0.000000000000e+00,0.000000000000e+00,2.854099066325e+02,2.835539245605e+02,3.458333333332e-01,3.158333333333e-01,1.962503192282e+03,5.546901086406e+04,1.090000000000e+02
2.377000000000e+03,1.033209802971e+08,1.634520153309e+01,4.168276821857e-01,1.813288859704e-07,3.772844704550e+02,1.131655548661e-03,1.233504548040e-01,-1.232834899632e-01,1.887888011881e+03,-7.517943441278e+03,0.000000000000e+00,0.000000000000e+00,1.556487030047e-03,1.696570862751e-01,0.000000000000e+00,0.000000000000e+00,2.855541452884e+02,2.836198730469e+02,3.582407407406e-01,3.187962962963e-01,1.887888011881e+03,5.546810699308e+04,1.090000000000e+02
2.378000000000e+03,1.033350118871e+08,2.092468595944e+01,4.168429617431e-01,1.810528321895e-07,3.778603299357e+02,1.112937897843e-03,1.213102308649e-01,-1.212333101085e-01,2.533653469102e+03,-2.075648044498e+04,0.000000000000e+00,0.000000000000e+00,3.853498618223e-03,4.200313493863e-01,0.000000000000e+00,0.000000000000e+00,2.852303974134e+02,2.832793273926e+02,3.696296296295e-01,2.986111111111e-01,2.533653469102e+03,5.547012777242e+04,1.090000000000e+02
2.379000000000e+03,1.034579972390e+08,3.486703131850e+03,4.168697746442e-01,1.807788035818e-07,3.784336950274e+02,1.386077279845e-03,1.510824235031e-01,-1.495936440756e-01,2.173456301344e+04,-1.312837326151e+05,0.000000000000e+00,0.000000000000e+00,2.589408783810e-02,2.822455574353e+00,0.000000000000e+00,0.000000000000e+00,2.846555139973e+02,2.832844848633e+02,3.813888888888e-01,5.046296296303e-02,2.173456301344e+04,5.547363219145e+04,1.090000000000e+02
2.380000000000e+03,1.034795211420e+08,3.351120566947e+03,4.168852002021e-01,1.805067734811e-07,3.790045910020e+02,1.997180346085e-03,2.176926577233e-01,-2.000301157977e-01,1.438580884064e+05,-3.262074371589e+04,0.000000000000e+00,0.000000000000e+00,2.932537531883e-02,3.196465909752e+00,0.000000000000e+00,0.000000000000e+00,2.843225217710e+02,2.829555969238e+02,3.918518518517e-01,9.537037037065e-03,1.438580884064e+05,5.547562792392e+04,1.090000000000e+02
2.381000000000e+03,1.034813792012e+08,1.722332396125e+03,4.169077943223e-01,1.802367159396e-07,3.795730427302e+02,1.919902164418e-03,2.092693359216e-01,-2.004332383656e-01,5.204798481841e+04,-1.297769382918e+04,0.000000000000e+00,0.000000000000e+00,1.056507583207e-02,1.151593265696e+00,0.000000000000e+00,0.000000000000e+00,2.838071179189e+02,2.824926147461e+02,4.019444444444e-01,1.675925925928e-02,5.204798481841e+04,5.547862293995e+04,1.090000000000e+02
2.382000000000e+03,1.034852472997e+08,3.435933882494e+03,4.168896083591e-01,1.799686056276e-07,3.801390746902e+02,1.918202703068e-03,2.090840946344e-01,-2.001947890120e-01,5.307420008130e+04,-1.497459791614e+04,0.000000000000e+00,0.000000000000e+00,1.161816058791e-02,1.266379504082e+00,0.000000000000e+00,0.000000000000e+00,2.842230254855e+02,2.827685852051e+02,4.113888888889e-01,1.055555555558e-02,5.307420008130e+04,5.547621361754e+04,1.090000000000e+02
2.383000000000e+03,1.034829710004e+08,1.796820833383e+02,4.168632086781e-01,1.797024172842e-07,3.807027109762e+02,2.025702492407e-03,2.208015716724e-01,-2.133719594824e-01,4.372858930974e+04,-9.560657794430e+03,0.000000000000e+00,0.000000000000e+00,8.342441123432e-03,9.093260824541e-01,0.000000000000e+00,0.000000000000e+00,2.848129285544e+02,2.836785278320e+02,4.206481481481e-01,3.666666666667e-02,4.372858930974e+04,5.547268935018e+04,1.090000000000e+02
2.384000000000e+03,1.034684678425e+08,3.800263381797e+01,4.168422902308e-01,1.794381263370e-07,3.812639753068e+02,1.939636011688e-03,2.114203252740e-01,-2.111938973485e-01,1.001496871791e+04,2.787692095190e+03,0.000000000000e+00,0.000000000000e+00,1.173912025675e-03,1.279564107986e-01,0.000000000000e+00,0.000000000000e+00,2.852621161074e+02,2.839899291992e+02,4.305555555555e-01,8.416666666663e-02,1.001496871791e+04,5.546993095361e+04,1.090000000000e+02
2.385000000000e+03,1.034552590480e+08,3.234689326007e+01,4.168434209489e-01,1.791757087003e-07,3.818228910322e+02,1.751556016823e-03,1.909196058337e-01,-1.907898028785e-01,7.500749846099e+03,2.625442770667e+03,0.000000000000e+00,0.000000000000e+00,8.065566697547e-04,8.791467700326e-02,0.000000000000e+00,0.000000000000e+00,2.852353471363e+02,2.839898071289e+02,4.404629629629e-01,1.149074074074e-01,7.500749846099e+03,5.547009745198e+04,1.090000000000e+02
2.386000000000e+03,1.034469265576e+08,3.002387174945e+01,4.168394128241e-01,1.789151406975e-07,3.823794811428e+02,1.552116018141e-03,1.691806459774e-01,-1.690724060075e-01,5.966910127684e+03,-1.046143551767e+03,0.000000000000e+00,0.000000000000e+00,1.160486017606e-03,1.264929759190e-01,0.000000000000e+00,0.000000000000e+00,2.853192747211e+02,2.841086730957e+02,4.502777777777e-01,1.339814814814e-01,5.966910127684e+03,5.546957618889e+04,1.090000000000e+02
2.387000000000e+03,1.034620565760e+08,3.917295755959e+01,4.168596152010e-01,1.786563990129e-07,3.829337682763e+02,1.563494719577e-03,1.704209244339e-01,-1.703008867281e-01,6.930738962730e+03,-2.457695299372e+04,0.000000000000e+00,0.000000000000e+00,5.213613513420e-03,5.682838729628e-01,0.000000000000e+00,0.000000000000e+00,2.848840034229e+02,2.834442443848e+02,4.603703703703e-01,1.080555555555e-01,6.930738962730e+03,5.547225543035e+04,1.090000000000e+02
2.388000000000e+03,1.034696215468e+08,4.033381460379e+01,4.168878457632e-01,1.783994608018e-07,3.834857747252e+02,1.667956287726e-03,1.818072353621e-01,-1.816614157848e-01,1.013470705962e+04,-1.764269950807e+04,0.000000000000e+00,0.000000000000e+00,4.595357309973e-03,5.008939467871e-01,0.000000000000e+00,0.000000000000e+00,2.842578106924e+02,2.832254028320e+02,4.697222222221e-01,9.712962962960e-02,1.013470705962e+04,5.547600456727e+04,1.090000000000e+02
2.389000000000e+03,1.034583433162e+08,3.446700916243e+01,4.168940628649e-01,1.781443038143e-07,3.840355224439e+02,1.522032391608e-03,1.659015306852e-01,-1.657771454175e-01,8.187137470600e+03,2.081335832489e+03,0.000000000000e+00,0.000000000000e+00,1.009882463269e-03,1.100771884963e-01,0.000000000000e+00,0.000000000000e+00,2.841150877526e+02,2.828412170410e+02,4.786111111110e-01,1.237037037037e-01,8.187137470600e+03,5.547684158257e+04,1.090000000000e+02
2.390000000000e+03,1.034475699171e+08,2.944192738866e+01,4.169074228854e-01,1.778909059262e-07,3.845830330555e+02,1.375884211461e-03,1.499713790493e-01,-1.498667987491e-01,6.308317457566e+03,2.458973747679e+03,0.000000000000e+00,0.000000000000e+00,6.366720471781e-04,6.939725314241e-02,0.000000000000e+00,0.000000000000e+00,2.838061351562e+02,2.824974670410e+02,4.856481481481e-01,1.475925925926e-01,6.308317457566e+03,5.547862592270e+04,1.090000000000e+02
2.391000000000e+03,1.034902482649e+08,1.903020288720e+03,4.169292032020e-01,1.776392453727e-07,3.851283278589e+02,1.412949791386e-03,1.540115272611e-01,-1.533463062608e-01,1.243113094397e+04,-5.118611534853e+04,0.000000000000e+00,0.000000000000e+00,1.083576425487e-02,1.181098303781e+00,0.000000000000e+00,0.000000000000e+00,2.832926110898e+02,2.821470336914e+02,4.941666666666e-01,4.750000000006e-02,1.243113094397e+04,5.548150450114e+04,1.090000000000e+02
2.392000000000e+03,1.034978806480e+08,3.280681935513e+02,4.169292326933e-01,1.773893011122e-07,3.856714278351e+02,1.657214798034e-03,1.806364129857e-01,-1.739226226045e-01,4.948770637191e+04,-1.728204399180e+04,0.000000000000e+00,0.000000000000e+00,1.084201740630e-02,1.181779897287e+00,0.000000000000e+00,0.000000000000e+00,2.832972163668e+02,2.823159179688e+02,5.022222222221e-01,4.120370370371e-02,4.948770637191e+04,5.548148224771e+04,1.090000000000e+02
2.393000000000e+03,1.034898880498e+08,7.445876918756e+01,4.169170568383e-01,1.771410523229e-07,3.862123536540e+02,1.551406882272e-03,1.691033501676e-01,-1.688011945828e-01,1.112682413969e+04,-1.372752695717e+03,0.000000000000e+00,0.000000000000e+00,2.027755325200e-03,2.210253304468e-01,0.000000000000e+00,0.000000000000e+00,2.835858452597e+02,2.824949340820e+02,5.107407407406e-01,7.305555555554e-02,1.112682413969e+04,5.547987425483e+04,1.090000000000e+02
2.394000000000e+03,1.034817221138e+08,3.816925976278e+01,4.169012936574e-01,1.768944781232e-07,3.867511256803e+02,1.566827553754e-03,1.707842033592e-01,-1.706334568854e-01,9.654390973732e+03,-1.300791334248e+03,0.000000000000e+00,0.000000000000e+00,1.806962931652e-03,1.969589595500e-01,0.000000000000e+00,0.000000000000e+00,2.839516531627e+02,2.828835449219e+02,5.176851851851e-01,9.620370370367e-02,9.654390973732e+03,5.547778911290e+04,1.090000000000e+02
2.395000000000e+03,1.034746831250e+08,3.586154551751e+01,4.169312463947e-01,1.766495585999e-07,3.872877639799e+02,1.473444815855e-03,1.606054849282e-01,-1.604868441172e-01,7.981120180309e+03,-1.864920787748e+03,0.000000000000e+00,0.000000000000e+00,1.628848165606e-03,1.775444500511e-01,0.000000000000e+00,0.000000000000e+00,2.832431280080e+02,2.819721069336e+02,5.245370370370e-01,1.137962962963e-01,7.981120180309e+03,5.548177939898e+04,1.090000000000e+02
2.396000000000e+03,1.034664629678e+08,3.162718734390e+01,4.169368668086e-01,1.764062739153e-07,3.878222883257e+02,1.335045640283e-03,1.455199747908e-01,-1.454157817841e-01,7.099241931465e+03,1.520453147348e+02,0.000000000000e+00,0.000000000000e+00,1.149000799533e-03,1.252410871491e-01,0.000000000000e+00,0.000000000000e+00,2.831049194740e+02,2.819758911133e+02,5.325000000000e-01,1.327777777777e-01,7.099241931465e+03,5.548253375418e+04,1.090000000000e+02
2.397000000000e+03,1.034573748264e+08,2.890739018162e+01,4.169217059953e-01,1.761646046327e-07,3.883547182032e+02,1.278794050671e-03,1.393885515231e-01,-1.392947978898e-01,5.676272733845e+03,1.359729945019e+03,0.000000000000e+00,0.000000000000e+00,7.141711852247e-04,7.784465918949e-02,0.000000000000e+00,0.000000000000e+00,2.834695487681e+02,2.819118041992e+02,5.402777777777e-01,1.524074074074e-01,5.676272733845e+03,5.548052700947e+04,1.090000000000e+02
2.398000000000e+03,1.034494624352e+08,2.613205515156e+01,4.169225108160e-01,1.759245315253e-07,3.888850728169e+02,1.249375878710e-03,1.361819707794e-01,-1.360920513828e-01,4.935697514771e+03,3.617968559982e+02,0.000000000000e+00,0.000000000000e+00,7.566915620236e-04,8.247938026057e-02,0.000000000000e+00,0.000000000000e+00,2.834496010678e+02,2.818783264160e+02,5.464814814814e-01,1.697222222222e-01,4.935697514771e+03,5.548063887594e+04,1.090000000000e+02
2.399000000000e+03,1.034746817397e+08,4.023788421221e+01,4.169372604933e-01,1.756860353575e-07,3.894133710950e+02,1.194127142295e-03,1.301598585102e-01,-1.300644368613e-01,6.237876211700e+03,-3.243558504375e+04,0.000000000000e+00,0.000000000000e+00,6.398127965667e-03,6.973959482577e-01,0.000000000000e+00,0.000000000000e+00,2.830946411693e+02,2.820270385742e+02,5.537962962962e-01,1.237962962963e-01,6.237876211700e+03,5.548258899952e+04,1.090000000000e+02
2.400000000000e+03,1.035005062618e+08,4.503937244933e+02,4.169605665381e-01,1.754490986495e-07,3.899396316951e+02,1.334916011469e-03,1.455058452502e-01,-1.447074471800e-01,1.540326861344e+04,-3.385361585229e+04,0.000000000000e+00,0.000000000000e+00,8.219778353643e-03,8.959558405471e-01,0.000000000000e+00,0.000000000000e+00,2.825121915387e+02,2.817007446289e+02,5.610185185185e-01,6.592592592594e-02,1.540326861344e+04,5.548566852074e+04,1.090000000000e+02
2.401000000000e+03,1.034950540737e+08,4.169599637738e+01,4.169557226856e-01,1.752137025035e-07,3.904638730097e+02,1.297746298238e-03,1.414543465080e-01,-1.409603485402e-01,1.309474140397e+04,-2.369162147191e+03,0.000000000000e+00,0.000000000000e+00,2.493837270475e-03,2.718282624818e-01,0.000000000000e+00,0.000000000000e+00,2.826360493097e+02,2.819637756348e+02,5.674999999999e-01,8.879629629627e-02,1.309474140397e+04,5.548502681832e+04,1.090000000000e+02
2.402000000000e+03,1.034815225045e+08,3.521781131185e+01,4.169496522826e-01,1.749798292539e-07,3.909861131709e+02,1.241204721728e-03,1.352913146684e-01,-1.351891349893e-01,8.638288132576e+03,6.030543701356e+03,0.000000000000e+00,0.000000000000e+00,4.310382296136e-04,4.698316702788e-02,0.000000000000e+00,0.000000000000e+00,2.827881463336e+02,2.817910766602e+02,5.737962962962e-01,1.211111111111e-01,8.638288132576e+03,5.548422987182e+04,1.090000000000e+02
2.403000000000e+03,1.034693390154e+08,3.008792018964e+01,4.169622801695e-01,1.747474612488e-07,3.915063700558e+02,1.152305329793e-03,1.256012809475e-01,-1.255107325605e-01,6.524198879444e+03,5.219423169298e+03,0.000000000000e+00,0.000000000000e+00,2.157111002259e-04,2.351250992463e-02,0.000000000000e+00,0.000000000000e+00,2.824649948669e+02,2.815087585449e+02,5.802777777777e-01,1.475000000000e-01,6.524198879444e+03,5.548591480462e+04,1.090000000000e+02
2.404000000000e+03,1.034676244081e+08,3.078972544462e+01,4.169652588893e-01,1.745165812819e-07,3.920246612910e+02,1.050473398148e-03,1.145016003981e-01,-1.144215023218e-01,5.705203183575e+03,-4.634279588052e+03,0.000000000000e+00,0.000000000000e+00,1.710412053930e-03,1.864349138784e-01,0.000000000000e+00,0.000000000000e+00,2.823869667802e+02,2.814277343750e+02,5.860185185184e-01,1.525925925926e-01,5.705203183575e+03,5.548631383144e+04,1.090000000000e+02
2.405000000000e+03,1.034649628597e+08,2.884892476181e+01,4.169612207823e-01,1.742871719938e-07,3.925410042578e+02,1.042631122334e-03,1.136467923344e-01,-1.135671968494e-01,5.831395529508e+03,-3.639934459966e+03,0.000000000000e+00,0.000000000000e+00,1.566426433533e-03,1.707404812551e-01,0.000000000000e+00,0.000000000000e+00,2.824913080273e+02,2.813230285645e+02,5.924074074073e-01,1.599074074074e-01,5.831395529508e+03,5.548577942896e+04,1.090000000000e+02
2.406000000000e+03,1.035155284624e+08,3.459102053837e+03,4.169883373659e-01,1.740592171636e-07,3.930554160962e+02,1.142365179064e-03,1.245178045180e-01,-1.233280620347e-01,1.894465129356e+04,-5.740883809912e+04,0.000000000000e+00,0.000000000000e+00,1.320225823511e-02,1.439046147627e+00,0.000000000000e+00,0.000000000000e+00,2.817681479833e+02,2.810931091309e+02,5.986111111110e-01,3.768518518524e-02,1.894465129356e+04,5.548936870562e+04,1.090000000000e+02
2.407000000000e+03,1.035226479832e+08,3.682819449211e+02,4.169932193264e-01,1.738327000838e-07,3.935679137103e+02,1.337298990679e-03,1.457655899840e-01,-1.389405735465e-01,6.457357318101e+04,-1.482937597062e+04,0.000000000000e+00,0.000000000000e+00,1.267955889331e-02,1.382071919371e+00,0.000000000000e+00,0.000000000000e+00,2.816369629024e+02,2.810392150879e+02,6.040740740740e-01,3.740740740742e-02,6.457357318101e+04,5.548999524162e+04,1.090000000000e+02
2.408000000000e+03,1.035075010330e+08,3.701495088106e+01,4.169939043421e-01,1.736076046304e-07,3.940785137719e+02,1.161325462335e-03,1.265844753945e-01,-1.264234484552e-01,9.786675050230e+03,8.131644819900e+03,0.000000000000e+00,0.000000000000e+00,2.203289170302e-04,2.401585195629e-02,0.000000000000e+00,0.000000000000e+00,2.816152224624e+02,2.811347045898e+02,6.099999999999e-01,8.712962962960e-02,9.786675050230e+03,5.549009807900e+04,1.090000000000e+02
2.409000000000e+03,1.034952559138e+08,3.265537717540e+01,4.169801527002e-01,1.733839148681e-07,3.945872327253e+02,1.032601222910e-03,1.125535332972e-01,-1.124774465419e-01,7.345424380564e+03,6.003764992233e+03,0.000000000000e+00,0.000000000000e+00,2.217898965539e-04,2.417509872437e-02,0.000000000000e+00,0.000000000000e+00,2.819940820175e+02,2.814194335938e+02,6.147222222221e-01,1.147222222222e-01,7.345424380564e+03,5.548827871687e+04,1.090000000000e+02
2.410000000000e+03,1.034841955270e+08,2.883973315931e+01,4.170022530206e-01,1.731616150819e-07,3.950940867915e+02,9.598161307734e-04,1.046199582543e-01,-1.045523895064e-01,5.903152861530e+03,5.258744344420e+03,0.000000000000e+00,0.000000000000e+00,1.065237090437e-04,1.161108428576e-02,0.000000000000e+00,0.000000000000e+00,2.813730258188e+02,2.805650024414e+02,6.204629629629e-01,1.380555555555e-01,5.903152861530e+03,5.549122159840e+04,1.090000000000e+02
2.411000000000e+03,1.034808437431e+08,2.922488264437e+01,4.170061551500e-01,1.729406899901e-07,3.955990919722e+02,8.657866150300e-04,9.437074103827e-02,-9.431023161307e-02,5.298575773804e+03,-1.881679726630e+03,0.000000000000e+00,0.000000000000e+00,1.187709450043e-03,1.294603300547e-01,0.000000000000e+00,0.000000000000e+00,2.812580189667e+02,2.805459594727e+02,6.249999999999e-01,1.460185185185e-01,5.298575773804e+03,5.549174337722e+04,1.090000000000e+02
2.412000000000e+03,1.034769989235e+08,2.754856607036e+01,4.170119894899e-01,1.727211218494e-07,3.961022640537e+02,8.793485805380e-04,9.584899527864e-02,-9.578635710167e-02,5.316396707646e+03,-1.470620154629e+03,0.000000000000e+00,0.000000000000e+00,1.122365591375e-03,1.223378494599e-01,0.000000000000e+00,0.000000000000e+00,2.810829381807e+02,2.801643371582e+02,6.305555555554e-01,1.549074074074e-01,5.316396707646e+03,5.549252307553e+04,1.090000000000e+02
2.413000000000e+03,1.034937915248e+08,3.768982524690e+01,4.170086283465e-01,1.725029038149e-07,3.966036186113e+02,9.247769331124e-04,1.008006857092e-01,-1.007297196613e-01,6.117090768752e+03,-2.238236947963e+04,0.000000000000e+00,0.000000000000e+00,4.714029173784e-03,5.138291799425e-01,0.000000000000e+00,0.000000000000e+00,2.811841993229e+02,2.803503723145e+02,6.348148148147e-01,1.243518518518e-01,6.117090768752e+03,5.549207254952e+04,1.090000000000e+02
2.414000000000e+03,1.035083825816e+08,4.163125176046e+01,4.170270755754e-01,1.722860130612e-07,3.971031710125e+02,9.593471612931e-04,1.045688405809e-01,-1.044836588137e-01,1.015018892383e+04,-2.038924944684e+04,0.000000000000e+00,0.000000000000e+00,5.050319656207e-03,5.504848425266e-01,0.000000000000e+00,0.000000000000e+00,2.806159485840e+02,2.799125366211e+02,6.401851851851e-01,9.685185185182e-02,1.015018892383e+04,5.549451571330e+04,1.090000000000e+02
2.415000000000e+03,1.034979095243e+08,3.555131506022e+01,4.170266238184e-01,1.720704368675e-07,3.976009364213e+02,8.332448743344e-04,9.082369130245e-02,-9.075458010034e-02,8.712861532308e+03,5.436636743014e+03,0.000000000000e+00,0.000000000000e+00,5.412466616437e-04,5.899588611916e-02,0.000000000000e+00,0.000000000000e+00,2.806296225174e+02,2.800462036133e+02,6.439814814814e-01,1.210185185185e-01,8.712861532308e+03,5.549445981824e+04,1.090000000000e+02
2.416000000000e+03,1.034873300004e+08,3.095210344365e+01,4.170413472938e-01,1.718561617517e-07,3.980969298016e+02,7.625474473207e-04,8.311767175796e-02,-8.305835116945e-02,6.708886484295e+03,5.970131664072e+03,0.000000000000e+00,0.000000000000e+00,1.219076612308e-04,1.328793507416e-02,0.000000000000e+00,0.000000000000e+00,2.801384691993e+02,2.794725646973e+02,6.482407407407e-01,1.433333333333e-01,6.708886484295e+03,5.549641908578e+04,1.090000000000e+02
2.417000000000e+03,1.034811312741e+08,2.897006494261e+01,4.170495460440e-01,1.716431737047e-07,3.985911659209e+02,7.012641790245e-04,7.643779551367e-02,-7.638514009943e-02,5.613262886261e+03,1.959554405760e+03,0.000000000000e+00,0.000000000000e+00,6.041519980350e-04,6.585256778581e-02,0.000000000000e+00,0.000000000000e+00,2.798466163085e+02,2.790285949707e+02,6.525000000000e-01,1.572222222222e-01,5.613262886261e+03,5.549751050996e+04,1.090000000000e+02
2.418000000000e+03,1.035044864084e+08,4.227138937915e+01,4.170610484862e-01,1.714314687577e-07,3.990836593537e+02,6.966272178024e-04,7.593236674046e-02,-7.587461198671e-02,7.021896112125e+03,-2.756605900205e+04,0.000000000000e+00,0.000000000000e+00,5.720376221582e-03,6.235210081524e-01,0.000000000000e+00,0.000000000000e+00,2.794112741862e+02,2.787380981445e+02,6.559259259259e-01,1.124074074074e-01,7.021896112125e+03,5.549903214913e+04,1.090000000000e+02
2.419000000000e+03,1.035179834117e+08,6.719121910704e+01,4.170689776843e-01,1.712210134935e-07,3.995744244851e+02,8.295044254658e-04,9.041598237577e-02,-8.995988740337e-02,1.395952464739e+04,-1.848976745145e+04,0.000000000000e+00,0.000000000000e+00,5.372314068141e-03,5.855822334273e-01,0.000000000000e+00,0.000000000000e+00,2.790864728224e+02,2.783651733398e+02,6.599074074074e-01,8.351851851851e-02,1.395952464739e+04,5.550008146502e+04,1.090000000000e+02
2.420000000000e+03,1.035071224171e+08,3.694491450599e+01,4.170786660529e-01,1.710118046528e-07,4.000634755137e+02,7.647022952330e-04,8.335255018039e-02,-8.328646736034e-02,9.072385133671e+03,6.238519991982e+03,0.000000000000e+00,0.000000000000e+00,4.640443155775e-04,5.058083039794e-02,0.000000000000e+00,0.000000000000e+00,2.786521438435e+02,2.781217346191e+02,6.626851851852e-01,1.128703703703e-01,9.072385133671e+03,5.550137176860e+04,1.090000000000e+02
2.421000000000e+03,1.034975258576e+08,3.278161240249e+01,4.170857949945e-01,1.708038289223e-07,4.005508264557e+02,6.547752448535e-04,7.137050168904e-02,-7.131760992615e-02,7.371926813397e+03,5.638287017406e+03,0.000000000000e+00,0.000000000000e+00,2.863624807216e-04,3.121351039866e-02,0.000000000000e+00,0.000000000000e+00,2.782972918179e+02,2.777251586914e+02,6.642592592592e-01,1.332407407407e-01,7.371926813397e+03,5.550232122375e+04,1.090000000000e+02
2.422000000000e+03,1.035164567014e+08,1.279427072474e+02,4.170798877360e-01,1.705970836289e-07,4.010364911472e+02,6.827479688644e-04,7.441952860622e-02,-7.435836081634e-02,8.247259356096e+03,-2.305788521247e+04,0.000000000000e+00,0.000000000000e+00,5.190954968759e-03,5.658140915947e-01,0.000000000000e+00,0.000000000000e+00,2.785936640697e+02,2.779897155762e+02,6.664814814814e-01,9.194444444443e-02,8.247259356096e+03,5.550153215423e+04,1.090000000000e+02
2.423000000000e+03,1.035245123773e+08,9.976171548366e+01,4.170896215451e-01,1.703915352695e-07,4.015204832479e+02,8.175197492900e-04,8.910965267261e-02,-8.827185634151e-02,1.773731295666e+04,-1.295497506959e+04,0.000000000000e+00,0.000000000000e+00,5.076368903941e-03,5.533242105295e-01,0.000000000000e+00,0.000000000000e+00,2.780927676456e+02,2.776170043945e+02,6.691666666666e-01,7.648148148147e-02,1.773731295666e+04,5.550282175256e+04,1.090000000000e+02
2.424000000000e+03,1.035159566255e+08,3.841395878010e+01,4.170927462429e-01,1.701871817800e-07,4.020028162440e+02,7.357066473434e-04,8.019202456043e-02,-8.011918181945e-02,9.141760878437e+03,4.108882516751e+03,0.000000000000e+00,0.000000000000e+00,8.224295094653e-04,8.964481653172e-02,0.000000000000e+00,0.000000000000e+00,2.779126017213e+02,2.773967285156e+02,6.712037037037e-01,1.000925925926e-01,9.141760878437e+03,5.550323923664e+04,1.090000000000e+02
2.425000000000e+03,1.035108779716e+08,3.670562459567e+01,4.170912903985e-01,1.699840106529e-07,4.024835034511e+02,6.590577058810e-04,7.183728994103e-02,-7.178401416062e-02,8.418925017269e+03,1.094403840389e+03,0.000000000000e+00,0.000000000000e+00,1.210900930339e-03,1.319882014070e-01,0.000000000000e+00,0.000000000000e+00,2.779974860623e+02,2.774201660156e+02,6.728703703703e-01,1.130555555555e-01,8.418925017269e+03,5.550304703677e+04,1.090000000000e+02
2.426000000000e+03,1.035076235684e+08,3.604708359310e+01,4.170960013970e-01,1.697827786526e-07,4.029625580174e+02,6.118121038065e-04,6.668751931491e-02,-6.663866561082e-02,7.860283268373e+03,-4.442684128374e+02,0.000000000000e+00,0.000000000000e+00,1.373024153206e-03,1.496596326995e-01,0.000000000000e+00,0.000000000000e+00,2.778299957069e+02,2.773899841309e+02,6.736111111111e-01,1.201851851852e-01,7.860283268373e+03,5.550342271535e+04,1.090000000000e+02
2.427000000000e+03,1.035108025994e+08,3.847605822372e+01,4.170930049307e-01,1.695819766710e-07,4.034399929263e+02,5.920159693354e-04,6.452974065756e-02,-6.448135276745e-02,8.171729974784e+03,-6.757961086417e+03,0.000000000000e+00,0.000000000000e+00,2.468622924380e-03,2.690798987575e-01,0.000000000000e+00,0.000000000000e+00,2.780131191847e+02,2.776781311035e+02,6.746296296296e-01,1.148148148148e-01,8.171729974784e+03,5.550301107678e+04,1.090000000000e+02
2.428000000000e+03,1.035264036283e+08,6.124493380450e+02,4.171079115100e-01,1.693822739030e-07,4.039158209992e+02,6.126314838569e-04,6.677683174040e-02,-6.659466683014e-02,1.134428102995e+04,-1.929730754143e+04,0.000000000000e+00,0.000000000000e+00,5.161307460009e-03,5.625825131410e-01,0.000000000000e+00,0.000000000000e+00,2.769694200065e+02,2.766098327637e+02,6.768518518518e-01,7.435185185187e-02,1.134428102995e+04,5.550499070456e+04,1.090000000000e+02
2.429000000000e+03,1.035299147860e+08,1.913563116872e+02,4.171102817556e-01,1.691837106523e-07,4.043900548985e+02,6.431494422323e-04,7.010328920332e-02,-6.939618238661e-02,1.755957126999e+04,-7.363009105047e+03,0.000000000000e+00,0.000000000000e+00,4.056278828705e-03,4.421343923289e-01,0.000000000000e+00,0.000000000000e+00,2.767384458812e+02,2.765415649414e+02,6.786111111111e-01,7.092592592592e-02,1.755957126999e+04,5.550530492425e+04,1.090000000000e+02
2.430000000000e+03,1.035202582303e+08,3.713741546192e+01,4.171108774962e-01,1.689862708466e-07,4.048627071301e+02,5.882252749995e-04,6.411655497494e-02,-6.402966199631e-02,9.410966233072e+03,6.102563572503e+03,0.000000000000e+00,0.000000000000e+00,5.221424940597e-04,5.691353185250e-02,0.000000000000e+00,0.000000000000e+00,2.766744561934e+02,2.764434814453e+02,6.792592592592e-01,9.935185185182e-02,9.410966233072e+03,5.550538505709e+04,1.090000000000e+02
2.431000000000e+03,1.035421795944e+08,3.614955892766e+03,4.171157244008e-01,1.687899422974e-07,4.053337900459e+02,5.480643802123e-04,5.973901744314e-02,-5.856255180548e-02,2.948907774287e+04,-2.517192189804e+04,0.000000000000e+00,0.000000000000e+00,9.636827071114e-03,1.050414150751e+00,0.000000000000e+00,0.000000000000e+00,2.759449213716e+02,2.759356079102e+02,6.795370370370e-01,3.120370370376e-02,2.948907774287e+04,5.550602819275e+04,1.090000000000e+02
2.432000000000e+03,1.035460524451e+08,5.392238471251e+02,4.171168837557e-01,1.685947146403e-07,4.058033158466e+02,5.991298132908e-04,6.530514964870e-02,-6.248079099259e-02,5.371092236620e+04,-7.340917685360e+03,0.000000000000e+00,0.000000000000e+00,9.608477717417e-03,1.047324071198e+00,0.000000000000e+00,0.000000000000e+00,2.754883935713e+02,2.754302673340e+02,6.791666666666e-01,3.370370370373e-02,5.371092236620e+04,5.550618183733e+04,1.090000000000e+02
2.433000000000e+03,1.035450325731e+08,1.077402813996e+03,4.171160151335e-01,1.684005762564e-07,4.062712965844e+02,6.132045867815e-04,6.683929995918e-02,-6.631582522990e-02,1.412414913695e+04,-2.661065208992e+03,0.000000000000e+00,0.000000000000e+00,2.868094169271e-03,3.126222644505e-01,0.000000000000e+00,0.000000000000e+00,2.758713349743e+02,2.757243041992e+02,6.782407407407e-01,3.379629629634e-02,1.412414913695e+04,5.550606622588e+04,1.090000000000e+02
2.434000000000e+03,1.035420822268e+08,1.575960403173e+02,4.171168563547e-01,1.682075162790e-07,4.067377441648e+02,5.904536872326e-04,6.435945190836e-02,-6.348657004817e-02,1.818810364360e+04,-5.735447353617e+02,0.000000000000e+00,0.000000000000e+00,2.956991683304e-03,3.223120934801e-01,0.000000000000e+00,0.000000000000e+00,2.755114977188e+02,2.753952331543e+02,6.760185185185e-01,4.990740740741e-02,1.818810364360e+04,5.550617855695e+04,1.090000000000e+02
2.435000000000e+03,1.035413132405e+08,4.576896840808e+02,4.171163031758e-01,1.680155243243e-07,4.072026703496e+02,5.098479129132e-04,5.557342250754e-02,-5.537875227862e-02,1.142180393008e+04,-2.304876385379e+03,0.000000000000e+00,0.000000000000e+00,2.320196043186e-03,2.529013687073e-01,0.000000000000e+00,0.000000000000e+00,2.757827256930e+02,2.759801940918e+02,6.750925925925e-01,4.935185185187e-02,1.142180393008e+04,5.550610524637e+04,1.090000000000e+02
2.436000000000e+03,1.035391161068e+08,1.395139879590e+02,4.171164679465e-01,1.678245904979e-07,4.076660867593e+02,5.379799506047e-04,5.863981461591e-02,-5.819908718147e-02,1.417461954643e+04,-1.033275105273e+03,0.000000000000e+00,0.000000000000e+00,2.465086195848e-03,2.686943953474e-01,0.000000000000e+00,0.000000000000e+00,2.757228825031e+02,2.755638122559e+02,6.741666666666e-01,5.907407407407e-02,1.417461954643e+04,5.550612713192e+04,1.090000000000e+02
2.437000000000e+03,1.035308640211e+08,3.739228580694e+01,4.171168684010e-01,1.676347034929e-07,4.081280048749e+02,5.075102495615e-04,5.531861720221e-02,-5.523163384951e-02,9.295656712405e+03,5.186388937357e+03,0.000000000000e+00,0.000000000000e+00,6.631173079652e-04,7.227978656821e-02,0.000000000000e+00,0.000000000000e+00,2.752327567162e+02,2.752113037109e+02,6.735185185185e-01,8.277777777776e-02,9.295656712405e+03,5.550618021987e+04,1.090000000000e+02
2.438000000000e+03,1.035351868227e+08,3.793356283354e+02,4.171169013900e-01,1.674458541410e-07,4.085884360406e+02,4.582364432177e-04,4.994777231073e-02,-4.985319480830e-02,9.642286359567e+03,-7.089962105809e+03,0.000000000000e+00,0.000000000000e+00,2.822967045001e-03,3.077034079051e-01,0.000000000000e+00,0.000000000000e+00,2.752765664122e+02,2.754689636230e+02,6.729629629629e-01,6.703703703705e-02,9.642286359567e+03,5.550618437162e+04,1.090000000000e+02
2.439000000000e+03,1.035342907740e+08,9.359997070132e+01,4.171161561692e-01,1.672580305852e-07,4.090473914658e+02,4.568339366663e-04,4.979489909663e-02,-4.945005404585e-02,1.382484165501e+04,-1.848733079923e+03,0.000000000000e+00,0.000000000000e+00,2.546535993701e-03,2.775724233135e-01,0.000000000000e+00,0.000000000000e+00,2.749049377946e+02,2.750495300293e+02,6.713888888888e-01,7.259259259258e-02,1.382484165501e+04,5.550608501212e+04,1.090000000000e+02
2.440000000000e+03,1.035251940450e+08,3.619485934105e+01,4.171136061446e-01,1.670712236987e-07,4.095048822276e+02,3.877982498850e-04,4.227000923746e-02,-4.222975263310e-02,8.425526024273e+03,6.752727719168e+03,0.000000000000e+00,0.000000000000e+00,2.673702551665e-04,2.914335781314e-02,0.000000000000e+00,0.000000000000e+00,2.744178665562e+02,2.745464477539e+02,6.691666666666e-01,9.555555555553e-02,8.425526024273e+03,5.550574501651e+04,1.090000000000e+02
2.441000000000e+03,1.035201832318e+08,3.520619433441e+01,4.171090437345e-01,1.668854236735e-07,4.099609192724e+02,3.441308196408e-04,3.751025934084e-02,-3.748274693496e-02,7.633106377500e+03,2.930316867196e+03,0.000000000000e+00,0.000000000000e+00,7.773982281379e-04,8.473640686704e-02,0.000000000000e+00,0.000000000000e+00,2.739154378455e+02,2.740815124512e+02,6.662962962963e-01,1.064814814814e-01,7.633106377500e+03,5.550513713414e+04,1.090000000000e+02
2.442000000000e+03,1.035195210900e+08,3.626141670944e+01,4.171104028866e-01,1.667006431622e-07,4.104155134184e+02,3.015770983672e-04,3.287190372202e-02,-3.284771070069e-02,7.651732395452e+03,-1.161078257332e+03,0.000000000000e+00,0.000000000000e+00,1.457042568225e-03,1.588176399365e-01,0.000000000000e+00,0.000000000000e+00,2.740382072618e+02,2.743074951172e+02,6.619444444444e-01,1.067592592592e-01,7.651732395452e+03,5.550531037834e+04,1.090000000000e+02
2.443000000000e+03,1.035155913803e+08,3.497689635746e+01,2.633170669470e+03,4.352283142466e-03,1.000000000000e+02,2.350918750292e-04,2.562501437819e-02,-2.841531013343e-02,7.805471082531e+03,2.352508141393e+03,1.574450482333e-05,1.716151025743e-03,8.855508523086e-04,9.652504290163e-02,4.251016302299e-04,4.633607769506e-02,2.741169026909e+02,2.743923034668e+02,6.554629629629e-01,1.150925925926e-01,7.805471082531e+03,5.550541283472e+04,1.090000000000e+02
2.444000000000e+03,1.035081461897e+08,3.263464296622e+01,9.469973241980e+03,1.565275788049e-02,1.000000000000e+02,-4.006737958155e-05,-4.367344374389e-03,-1.367630963007e-02,6.911661263256e+03,6.686083379370e+03,3.708916369841e-05,4.042718843126e-03,0.000000000000e+00,0.000000000000e+00,1.001407419857e-03,1.091534087644e-01,2.737717750062e+02,2.744028015137e+02,6.495370370370e-01,1.290740740740e-01,6.911661263256e+03,5.550491498934e+04,1.090000000000e+02
2.445000000000e+03,1.035020806360e+08,3.006112224654e+01,1.961949500960e+04,3.167257036485e-02,1.023259067894e+02,-3.069027825720e-04,-3.345240330035e-02,-1.012377866214e-03,6.124930475647e+03,6.009361205268e+03,1.872401124765e-05,2.040917225994e-03,0.000000000000e+00,0.000000000000e+00,1.380145644755e-03,1.504358752783e-01,2.732228686491e+02,2.738864746094e+02,2.583333333333e-02,1.406481481481e-01,6.124930475647e+03,5.550385630852e+04,1.090000000000e+02
2.446000000000e+03,1.034965742135e+08,3.045154254044e+01,3.121730355740e+04,4.625767936221e-02,1.113733293714e+02,-3.437561512440e-04,-3.746942048560e-02,-1.561751761314e-04,5.497364054735e+03,5.497754475041e+03,0.000000000000e+00,0.000000000000e+00,0.000000000000e+00,0.000000000000e+00,1.571828353715e-03,1.713292905549e-01,2.732122696899e+02,2.735253601074e+02,0.000000000000e+00,1.507407407407e-01,5.497364054735e+03,5.550383378856e+04,1.090000000000e+02
2.447000000000e+03,1.034914576935e+08,2.880166225375e+01,4.225365388672e+04,5.853299984694e-02,1.191917789329e+02,-3.667258311663e-04,-3.997311559713e-02,0.000000000000e+00,5.118169109971e+03,5.116519229693e+03,0.000000000000e+00,0.000000000000e+00,0.000000000000e+00,0.000000000000e+00,1.457487840979e-03,1.588661746667e-01,2.732143104038e+02,2.733212890625e+02,0.000000000000e+00,1.603703703703e-01,5.118169109971e+03,5.550383836362e+04,1.090000000000e+02
2.448000000000e+03,1.034866504004e+08,2.806554771098e+01,5.218315113906e+04,6.795744281912e-02,1.268403228386e+02,-3.737612966196e-04,-4.073998133154e-02,0.000000000000e+00,4.808030814174e+03,4.807294699637e+03,0.000000000000e+00,0.000000000000e+00,0.000000000000e+00,0.000000000000e+00,1.267487550051e-03,1.381561429555e-01,2.732116603640e+02,2.729063110352e+02,0.000000000000e+00,1.693518518518e-01,4.808030814174e+03,5.550383242283e+04,1.090000000000e+02
2.449000000000e+03,1.034821008757e+08,2.743590268570e+01,6.283739160196e+04,7.813584180885e-02,1.328700856780e+02,-3.681772027135e-04,-4.013131509577e-02,0.000000000000e+00,4.550154099039e+03,4.549524454018e+03,0.000000000000e+00,0.000000000000e+00,0.000000000000e+00,0.000000000000e+00,1.392878868626e-03,1.518237966803e-01,2.732090307314e+02,2.722380981445e+02,0.000000000000e+00,1.779629629629e-01,4.550154099039e+03,5.550382651941e+04,1.090000000000e+02
2.450000000000e+03,1.034777750319e+08,2.676755113999e+01,7.349377394655e+04,8.782529447467e-02,1.382746990566e+02,-3.614207180052e-04,-3.939485826256e-02,0.000000000000e+00,4.326512345819e+03,4.325843994261e+03,0.000000000000e+00,0.000000000000e+00,0.000000000000e+00,0.000000000000e+00,1.399989757332e-03,1.525988835492e-01,2.732072865505e+02,2.720433349609e+02,0.000000000000e+00,1.869444444444e-01,4.326512345819e+03,5.550382259879e+04,1.090000000000e+02
2.451000000000e+03,1.034736159335e+08,2.643104101087e+01,8.376096168878e+04,9.664741248970e-02,1.432180250219e+02,-3.561133455225e-04,-3.881635466196e-02,0.000000000000e+00,4.159435501130e+03,4.159098991001e+03,0.000000000000e+00,0.000000000000e+00,0.000000000000e+00,0.000000000000e+00,1.340968024307e-03,1.461655146494e-01,2.732030013717e+02,2.718146057129e+02,0.000000000000e+00,1.952777777778e-01,4.159435501130e+03,5.550381295337e+04,1.090000000000e+02
2.452000000000e+03,1.034696216205e+08,2.632746743974e+01,9.405635037283e+04,1.051983440930e-01,1.477570161512e+02,-3.649303037529e-04,-3.977740310907e-02,0.000000000000e+00,3.994416722438e+03,3.994313148879e+03,0.000000000000e+00,0.000000000000e+00,0.000000000000e+00,0.000000000000e+00,1.336814202339e-03,1.457127480550e-01,2.731973021912e+02,2.714259948730e+02,0.000000000000e+00,2.036111111111e-01,3.994416722438e+03,5.550380009356e+04,1.090000000000e+02
2.453000000000e+03,1.034657647290e+08,2.630616525404e+01,1.060165852832e+05,1.157337353796e-01,1.513908275134e+02,-3.672431086717e-04,-4.002949884522e-02,0.000000000000e+00,3.856913836030e+03,3.856892533854e+03,0.000000000000e+00,0.000000000000e+00,0.000000000000e+00,0.000000000000e+00,1.609684194174e-03,1.754555771649e-01,2.731916529732e+02,2.707429199219e+02,0.000000000000e+00,2.119444444444e-01,3.856913836030e+03,5.550378731060e+04,1.090000000000e+02
2.454000000000e+03,1.034620286735e+08,2.615969678907e+01,1.189541649451e+05,1.274596879625e-01,1.542430391989e+02,-3.559588474220e-04,-3.879951436899e-02,0.000000000000e+00,3.736201821005e+03,3.736055352537e+03,0.000000000000e+00,0.000000000000e+00,0.000000000000e+00,0.000000000000e+00,1.782515519104e-03,1.942941915824e-01,2.731880844402e+02,2.704045104980e+02,0.000000000000e+00,2.205555555555e-01,3.736201821005e+03,5.550377921749e+04,1.090000000000e+02
2.455000000000e+03,1.034584068306e+08,2.613777600166e+01,1.318215072995e+05,1.384638025743e-01,1.573469295789e+02,-3.578953596518e-04,-3.901059420205e-02,0.000000000000e+00,3.621864760787e+03,3.621842839999e+03,0.000000000000e+00,0.000000000000e+00,0.000000000000e+00,0.000000000000e+00,1.768972165841e-03,1.928179660766e-01,2.731846385410e+02,2.700735168457e+02,0.000000000000e+00,2.286111111111e-01,3.621864760787e+03,5.550377138945e+04,1.090000000000e+02
2.456000000000e+03,1.034548779653e+08,2.644147996520e+01,1.454132662752e+05,1.500428034429e-01,1.601786198206e+02,-3.593724405674e-04,-3.917159602185e-02,0.000000000000e+00,3.528561430421e+03,3.528865134392e+03,0.000000000000e+00,0.000000000000e+00,0.000000000000e+00,0.000000000000e+00,1.887237457640e-03,2.057088828828e-01,2.731793833954e+02,2.694647521973e+02,0.000000000000e+00,2.367592592592e-01,3.528561430421e+03,5.550375942555e+04,1.090000000000e+02
2.457000000000e+03,1.034514324423e+08,2.712727616380e+01,1.569197138325e+05,1.583223975311e-01,1.638159692322e+02,-3.450584547756e-04,-3.761137157054e-02,0.000000000000e+00,3.444837178327e+03,3.445522974523e+03,0.000000000000e+00,0.000000000000e+00,0.000000000000e+00,0.000000000000e+00,1.556869452204e-03,1.696987702902e-01,2.731721890902e+02,2.685157775879e+02,0.000000000000e+00,2.443518518518e-01,3.444837178327e+03,5.550374299645e+04,1.090000000000e+02
2.458000000000e+03,1.034480574752e+08,2.774752681067e+01,1.670238385976e+05,1.649378002605e-01,1.673722492859e+02,-3.252998954111e-04,-3.545768859981e-02,0.000000000000e+00,3.374347122717e+03,3.374967373370e+03,0.000000000000e+00,0.000000000000e+00,0.000000000000e+00,0.000000000000e+00,1.344769661740e-03,1.465798931297e-01,2.731662645836e+02,2.681567382813e+02,0.000000000000e+00,2.528703703704e-01,3.374347122717e+03,5.550372942304e+04,1.090000000000e+02
2.459000000000e+03,1.034447702628e+08,2.821527551685e+01,1.803022164361e+05,1.774317285125e-01,1.679571748589e+02,-3.194053037407e-04,-3.481517810774e-02,0.000000000000e+00,3.286744905031e+03,3.287212653745e+03,0.000000000000e+00,0.000000000000e+00,0.000000000000e+00,0.000000000000e+00,1.875404990172e-03,2.044191439287e-01,2.731615491590e+02,2.678457641602e+02,0.000000000000e+00,2.606481481481e-01,3.286744905031e+03,5.550371859137e+04,1.090000000000e+02
2.460000000000e+03,1.034415324785e+08,2.930094727382e+01,1.924949372500e+05,1.852390674571e-01,1.717586149966e+02,-3.118369765362e-04,-3.399023044245e-02,0.000000000000e+00,3.236698838449e+03,3.237784510216e+03,0.000000000000e+00,0.000000000000e+00,0.000000000000e+00,0.000000000000e+00,1.703530308816e-03,1.856848036610e-01,2.731540337061e+02,2.672311096191e+02,0.000000000000e+00,2.690740740741e-01,3.236698838449e+03,5.550370127737e+04,1.090000000000e+02
2.461000000000e+03,1.034383474356e+08,3.018353573560e+01,2.028478809630e+05,1.917187493885e-01,1.748799313695e+02,-3.054421471508e-04,-3.329319403943e-02,0.000000000000e+00,3.184160171686e+03,3.185042760153e+03,0.000000000000e+00,0.000000000000e+00,0.000000000000e+00,0.000000000000e+00,1.405823041978e-03,1.532347115756e-01,2.731486631573e+02,2.670113830566e+02,0.000000000000e+00,2.771296296296e-01,3.184160171686e+03,5.550368886589e+04,1.090000000000e+02
2.462000000000e+03,1.034352045219e+08,3.094506273732e+01,2.134190411332e+05,1.977196829383e-01,1.784100423193e+02,-3.017841851839e-04,-3.289447618504e-02,0.000000000000e+00,3.142152192543e+03,3.142913719547e+03,0.000000000000e+00,0.000000000000e+00,0.000000000000e+00,0.000000000000e+00,1.445543567828e-03,1.575642488933e-01,2.731444233601e+02,2.674907226562e+02,0.000000000000e+00,2.845370370370e-01,3.142152192543e+03,5.550367904451e+04,1.090000000000e+02
2.463000000000e+03,1.034321000448e+08,3.187402761541e+01,2.247489909780e+05,2.058941233537e-01,1.804228347512e+02,-3.077879649888e-04,-3.354888818378e-02,0.000000000000e+00,3.103549011787e+03,3.104477976661e+03,0.000000000000e+00,0.000000000000e+00,0.000000000000e+00,0.000000000000e+00,1.564967365736e-03,1.705814428653e-01,2.731398836038e+02,2.673902587891e+02,0.000000000000e+00,2.926851851852e-01,3.103549011787e+03,5.550366850565e+04,1.090000000000e+02
2.464000000000e+03,1.034290384562e+08,3.301841559526e+01,2.348434269470e+05,2.120355649813e-01,1.830664689355e+02,-2.963492397200e-04,-3.230206712948e-02,0.000000000000e+00,3.060443697238e+03,3.061588085223e+03,0.000000000000e+00,0.000000000000e+00,0.000000000000e+00,0.000000000000e+00,1.372188638447e-03,1.495685615907e-01,2.731347928453e+02,2.672338867188e+02,0.000000000000e+00,3.012037037037e-01,3.060443697238e+03,5.550365665998e+04,1.090000000000e+02
2.465000000000e+03,1.034260129020e+08,3.460695443702e+01,2.433371903330e+05,2.163182805161e-01,1.859326078469e+02,-2.974182575785e-04,-3.241859007606e-02,0.000000000000e+00,3.023965273758e+03,3.025553812595e+03,0.000000000000e+00,0.000000000000e+00,0.000000000000e+00,0.000000000000e+00,1.106543690546e-03,1.206132622695e-01,2.731285690557e+02,2.668755798340e+02,0.000000000000e+00,3.091666666667e-01,3.023965273758e+03,5.550364213878e+04,1.090000000000e+02
2.466000000000e+03,1.034230199797e+08,3.589544390173e+01,2.565495420620e+05,2.263782393704e-01,1.873173492652e+02,-3.099950004909e-04,-3.378945505351e-02,0.000000000000e+00,2.991633802150e+03,2.992922291610e+03,0.000000000000e+00,0.000000000000e+00,0.000000000000e+00,0.000000000000e+00,1.873909954010e-03,2.042561849871e-01,2.731240851961e+02,2.667943420410e+02,0.000000000000e+00,3.163888888889e-01,2.991633802150e+03,5.550363164989e+04,1.090000000000e+02
2.467000000000e+03,1.034200563384e+08,3.770211321874e+01,2.702859608969e+05,2.361539306827e-01,1.891780894073e+02,-3.210047981537e-04,-3.498952299876e-02,0.000000000000e+00,2.961834705467e+03,2.963641374781e+03,0.000000000000e+00,0.000000000000e+00,0.000000000000e+00,0.000000000000e+00,1.949528288657e-03,2.124985834636e-01,2.731180251162e+02,2.665367736816e+02,0.000000000000e+00,3.247222222222e-01,2.961834705467e+03,5.550361743838e+04,1.090000000000e+02
2.468000000000e+03,1.034171225796e+08,4.073129385068e+01,2.820722943973e+05,2.435736523122e-01,1.914139613858e+02,-2.978727581241e-04,-3.246813063553e-02,0.000000000000e+00,2.930729466560e+03,2.933758647184e+03,0.000000000000e+00,0.000000000000e+00,0.000000000000e+00,0.000000000000e+00,1.650332094517e-03,1.798861983023e-01,2.731096275086e+02,2.658544006348e+02,0.000000000000e+00,3.327777777778e-01,2.930729466560e+03,5.550359767728e+04,1.090000000000e+02
2.469000000000e+03,1.034142152372e+08,4.548931169603e+01,2.933188298918e+05,2.501232586174e-01,1.938341374587e+02,-2.848319242785e-04,-3.104667974636e-02,0.000000000000e+00,2.902585132595e+03,2.907343150444e+03,0.000000000000e+00,0.000000000000e+00,0.000000000000e+00,0.000000000000e+00,1.574137861194e-03,1.715810268702e-01,2.730985231605e+02,2.650914611816e+02,0.000000000000e+00,3.413888888889e-01,2.902585132595e+03,5.550357142519e+04,1.090000000000e+02
2.470000000000e+03,1.034113379619e+08,5.121541680544e+01,3.031377793913e+05,2.557452441166e-01,1.959195022984e+02,-2.739361994474e-04,-2.985904573976e-02,0.000000000000e+00,2.871548927269e+03,2.877275032376e+03,0.000000000000e+00,0.000000000000e+00,0.000000000000e+00,0.000000000000e+00,1.349083716897e-03,1.470501251417e-01,2.730883074880e+02,2.644819641113e+02,0.000000000000e+00,3.500925925926e-01,2.871548927269e+03,5.550354715102e+04,1.090000000000e+02
2.471000000000e+03,1.034084879924e+08,5.699080937653e+01,3.122103789971e+05,2.605146729904e-01,1.980892821290e+02,-2.535865140245e-04,-2.764093002867e-02,0.000000000000e+00,2.844194255154e+03,2.849969647725e+03,0.000000000000e+00,0.000000000000e+00,0.000000000000e+00,0.000000000000e+00,1.246063294635e-03,1.358208991152e-01,2.730799677279e+02,2.644597473145e+02,0.000000000000e+00,3.584259259259e-01,2.844194255154e+03,5.550352724664e+04,1.090000000000e+02
2.472000000000e+03,1.034056578941e+08,6.241425508587e+01,3.226466016010e+05,2.665947047879e-01,2.000423766877e+02,-2.654113032235e-04,-2.892983205136e-02,0.000000000000e+00,2.824674850829e+03,2.830098296549e+03,0.000000000000e+00,0.000000000000e+00,0.000000000000e+00,0.000000000000e+00,1.459631954566e-03,1.590998830476e-01,2.730734336630e+02,2.643859558105e+02,0.000000000000e+00,3.666666666666e-01,2.824674850829e+03,5.550351159656e+04,1.090000000000e+02
2.473000000000e+03,1.034028468384e+08,7.078812328131e+01,3.328245776225e+05,2.720653362811e-01,2.022037785598e+02,-2.644312358901e-04,-2.882300471202e-02,0.000000000000e+00,2.802681457815e+03,2.811055326014e+03,0.000000000000e+00,0.000000000000e+00,0.000000000000e+00,0.000000000000e+00,1.417939902643e-03,1.545554493881e-01,2.730614386224e+02,2.635574340820e+02,0.000000000000e+00,3.751851851852e-01,2.802681457815e+03,5.550348274273e+04,1.090000000000e+02
2.474000000000e+03,1.034000584580e+08,8.278596425742e+01,3.415500659056e+05,2.763335441923e-01,2.043000518695e+02,-2.477793510929e-04,-2.700794926912e-02,0.000000000000e+00,2.776382957671e+03,2.788380798653e+03,0.000000000000e+00,0.000000000000e+00,0.000000000000e+00,0.000000000000e+00,1.194515838557e-03,1.302022264027e-01,2.730479985195e+02,2.634318237305e+02,0.000000000000e+00,3.837962962963e-01,2.776382957671e+03,5.550345021925e+04,1.090000000000e+02
2.475000000000e+03,1.033972936753e+08,9.737334804681e+01,3.500523032781e+05,2.804423865116e-01,2.063182141366e+02,-2.320586302731e-04,-2.529439069977e-02,0.000000000000e+00,2.750197409244e+03,2.764784793035e+03,0.000000000000e+00,0.000000000000e+00,0.000000000000e+00,0.000000000000e+00,1.173326737602e-03,1.278926143987e-01,2.730351226956e+02,2.631764831543e+02,0.000000000000e+00,3.927777777778e-01,2.750197409244e+03,5.550341886796e+04,1.090000000000e+02
2.476000000000e+03,1.033945480890e+08,1.127526489701e+02,3.597643083848e+05,2.857436611634e-01,2.081087107755e+02,-2.256874974936e-04,-2.459993722680e-02,0.000000000000e+00,2.730207506702e+03,2.745586807629e+03,0.000000000000e+00,0.000000000000e+00,0.000000000000e+00,0.000000000000e+00,1.379657996560e-03,1.503827216251e-01,2.730250944978e+02,2.627090454102e+02,0.000000000000e+00,4.012962962963e-01,2.730207506702e+03,5.550339431898e+04,1.090000000000e+02
2.477000000000e+03,1.033918209838e+08,1.340966013224e+02,3.679776324959e+05,2.895266579992e-01,2.100788489547e+02,-2.121322057811e-04,-2.312241043014e-02,0.000000000000e+00,2.705761175015e+03,2.727105127372e+03,0.000000000000e+00,0.000000000000e+00,0.000000000000e+00,0.000000000000e+00,1.145519355637e-03,1.248616097644e-01,2.730041018070e+02,2.621520385742e+02,0.000000000000e+00,4.104629629630e-01,2.705761175015e+03,5.550334256175e+04,1.090000000000e+02
2.478000000000e+03,1.033891227676e+08,1.650808363600e+02,3.748231095046e+05,2.919901048275e-01,2.121819266711e+02,-1.942150390474e-04,-2.116943925617e-02,0.000000000000e+00,2.667232801677e+03,2.698217036716e+03,0.000000000000e+00,0.000000000000e+00,0.000000000000e+00,0.000000000000e+00,9.373584136629e-04,1.021720670893e-01,2.729805448033e+02,2.611498107910e+02,0.000000000000e+00,4.190740740741e-01,2.667232801677e+03,5.550328388685e+04,1.090000000000e+02
2.479000000000e+03,1.033864439554e+08,1.957315555270e+02,3.836032610440e+05,2.964408227546e-01,2.138921633964e+02,-2.101928552804e-04,-2.291102122556e-02,0.000000000000e+00,2.648161665990e+03,2.678812385157e+03,0.000000000000e+00,0.000000000000e+00,0.000000000000e+00,0.000000000000e+00,1.241136271873e-03,1.352838536341e-01,2.729704651726e+02,2.612925415039e+02,0.000000000000e+00,4.271296296296e-01,2.648161665990e+03,5.550325858486e+04,1.090000000000e+02
2.480000000000e+03,1.033837712640e+08,2.276766790434e+02,3.916842612012e+05,3.001628582744e-01,2.156901488760e+02,-2.186460512562e-04,-2.383241958693e-02,0.000000000000e+00,2.640747889691e+03,2.672693013211e+03,0.000000000000e+00,0.000000000000e+00,0.000000000000e+00,0.000000000000e+00,1.117140449949e-03,1.217683090444e-01,2.729533310759e+02,2.609349670410e+02,0.000000000000e+00,4.350092592592e-01,2.640747889691e+03,5.550321531030e+04,1.090000000000e+02
2.481000000000e+03,1.033811137363e+08,2.687497484735e+02,3.982181056604e+05,3.024339605154e-01,2.176417898591e+02,-1.966204294640e-04,-2.143162681157e-02,0.000000000000e+00,2.616455207771e+03,2.657528277203e+03,0.000000000000e+00,0.000000000000e+00,0.000000000000e+00,0.000000000000e+00,8.834580851293e-04,9.629693127910e-02,2.729274196016e+02,2.602474670410e+02,0.000000000000e+00,4.427134259259e-01,2.616455207771e+03,5.550314923677e+04,1.090000000000e+02
2.482000000000e+03,1.033784732152e+08,3.150705890812e+02,4.067498889960e+05,3.066406326909e-01,2.192553312537e+02,-1.883267425207e-04,-2.052761493476e-02,0.000000000000e+00,2.594200561121e+03,2.640521401730e+03,0.000000000000e+00,0.000000000000e+00,0.000000000000e+00,0.000000000000e+00,1.221985550371e-03,1.331964249904e-01,2.729077570204e+02,2.592016906738e+02,0.000000000000e+00,4.500375000000e-01,2.594200561121e+03,5.550309859021e+04,1.090000000000e+02
2.483000000000e+03,1.033758420494e+08,3.645225022046e+02,4.142625291809e+05,3.098980456591e-01,2.209580464387e+02,-1.822293668235e-04,-1.986300098376e-02,0.000000000000e+00,2.581714813727e+03,2.631166726851e+03,0.000000000000e+00,0.000000000000e+00,0.000000000000e+00,0.000000000000e+00,1.059636017911e-03,1.155003259522e-01,2.728870343170e+02,2.587669372559e+02,0.000000000000e+00,4.572153009259e-01,2.581714813727e+03,5.550304473547e+04,1.090000000000e+02
2.484000000000e+03,1.033732205911e+08,4.175103404550e+02,4.204709220380e+05,3.119452155294e-01,2.227979247753e+02,-1.824232233636e-04,-1.988413134663e-02,0.000000000000e+00,2.568471079709e+03,2.621458917963e+03,0.000000000000e+00,0.000000000000e+00,0.000000000000e+00,0.000000000000e+00,8.438487053309e-04,9.197950888107e-02,2.728699736770e+02,2.591825561523e+02,0.000000000000e+00,4.638385428241e-01,2.568471079709e+03,5.550300002537e+04,1.090000000000e+02
2.485000000000e+03,1.033706073264e+08,4.724583111336e+02,4.277968267551e+05,3.150893503669e-01,2.244180620472e+02,-1.890469695527e-04,-2.060611968124e-02,0.000000000000e+00,2.558317783687e+03,2.613265754368e+03,0.000000000000e+00,0.000000000000e+00,0.000000000000e+00,0.000000000000e+00,1.021937020323e-03,1.113911352152e-01,2.728540026595e+02,2.589403686523e+02,0.000000000000e+00,4.704607881944e-01,2.558317783687e+03,5.550295786679e+04,1.090000000000e+02
2.486000000000e+03,1.033680069058e+08,5.328479134836e+02,4.359039328277e+05,3.189787171886e-01,2.258830681241e+02,-1.856158957934e-04,-2.023213264148e-02,0.000000000000e+00,2.540031631267e+03,2.600421233621e+03,0.000000000000e+00,0.000000000000e+00,0.000000000000e+00,0.000000000000e+00,1.154518963069e-03,1.258425669745e-01,2.728304803120e+02,2.588750610352e+02,0.000000000000e+00,4.772277859375e-01,2.540031631267e+03,5.550289524127e+04,1.090000000000e+02
2.487000000000e+03,1.033659446782e+08,6.888567451696e+02,4.432031481797e+05,3.220681825388e-01,2.274627610874e+02,-1.745692035265e-04,-1.902804318438e-02,0.000000000000e+00,1.906218758200e+03,2.062227589887e+03,0.000000000000e+00,0.000000000000e+00,0.000000000000e+00,0.000000000000e+00,1.032076715608e-03,1.124963620013e-01,2.728037079237e+02,2.585750122070e+02,0.000000000000e+00,4.794981794560e-01,1.906218758200e+03,5.550282262729e+04,1.090000000000e+02
2.488000000000e+03,1.033639724325e+08,8.936077673913e+02,4.496264730870e+05,3.244191337476e-01,2.290873826176e+02,-1.729250674519e-04,-1.884883235225e-02,0.000000000000e+00,1.767494261717e+03,1.972245283940e+03,0.000000000000e+00,0.000000000000e+00,0.000000000000e+00,0.000000000000e+00,8.888757717059e-04,9.688745911594e-02,2.727871533430e+02,2.581688537598e+02,0.000000000000e+00,4.831800097251e-01,1.767494261717e+03,5.550277765456e+04,1.090000000000e+02
2.489000000000e+03,1.033618073000e+08,1.056144082803e+03,4.560284777013e+05,3.267809637318e-01,2.306699702434e+02,-1.873928739301e-04,-2.042582325838e-02,0.000000000000e+00,2.002595609325e+03,2.165131924738e+03,0.000000000000e+00,0.000000000000e+00,0.000000000000e+00,0.000000000000e+00,8.708177958273e-04,9.491913974517e-02,2.727879705468e+02,2.584033508301e+02,0.000000000000e+00,4.872096625029e-01,2.002595609325e+03,5.550277990300e+04,1.090000000000e+02
2.490000000000e+03,1.033595709502e+08,1.205828843926e+03,4.623846250331e+05,3.291272016084e-01,2.322179239008e+02,-1.984070581202e-04,-2.162636933510e-02,0.000000000000e+00,2.086666030589e+03,2.236350791714e+03,0.000000000000e+00,0.000000000000e+00,0.000000000000e+00,0.000000000000e+00,8.522625649910e-04,9.289661958402e-02,2.727792422857e+02,2.589501037598e+02,0.000000000000e+00,4.920380842854e-01,2.086666030589e+03,5.550275606167e+04,1.090000000000e+02
2.491000000000e+03,1.033573060824e+08,1.359310630705e+03,4.710257679269e+05,3.335218264568e-01,2.334409475482e+02,-1.909025996042e-04,-2.080838335686e-02,0.000000000000e+00,2.111387044553e+03,2.264868831335e+03,0.000000000000e+00,0.000000000000e+00,0.000000000000e+00,0.000000000000e+00,1.237506999612e-03,1.348882629577e-01,2.727605554788e+02,2.585108337402e+02,0.000000000000e+00,4.966632011836e-01,2.111387044553e+03,5.550270470054e+04,1.090000000000e+02
2.492000000000e+03,1.033550716687e+08,1.502316426794e+03,4.801066466442e+05,3.382609932223e-01,2.346078996267e+02,-1.868853848217e-04,-2.037050694556e-02,0.000000000000e+00,2.091410738812e+03,2.234416534902e+03,0.000000000000e+00,0.000000000000e+00,0.000000000000e+00,0.000000000000e+00,1.314162337338e-03,1.432436947698e-01,2.727556909447e+02,2.590639648438e+02,0.000000000000e+00,5.017652258261e-01,2.091410738812e+03,5.550269121774e+04,1.090000000000e+02
2.493000000000e+03,1.033532987457e+08,1.858081580427e+03,4.869179208873e+05,3.410188120469e-01,2.360123779111e+02,-1.805373911367e-04,-1.967857563390e-02,0.000000000000e+00,1.417154132054e+03,1.772919285686e+03,0.000000000000e+00,0.000000000000e+00,0.000000000000e+00,0.000000000000e+00,9.453999304704e-04,1.030485924213e-01,2.727357133706e+02,2.579129638672e+02,0.000000000000e+00,5.022046945761e-01,1.417154132054e+03,5.550263502774e+04,1.090000000000e+02
2.494000000000e+03,1.033513074340e+08,2.132184420576e+03,4.926371250526e+05,3.428154441907e-01,2.375333032318e+02,-1.594470116208e-04,-1.737972426666e-02,0.000000000000e+00,1.717208947747e+03,1.991311787894e+03,0.000000000000e+00,0.000000000000e+00,0.000000000000e+00,0.000000000000e+00,7.859687581877e-04,8.567059464246e-02,2.727214075658e+02,2.584201660156e+02,0.000000000000e+00,5.063581167470e-01,1.717208947747e+03,5.550259499792e+04,1.090000000000e+02
2.495000000000e+03,1.033492653539e+08,2.390723884925e+03,4.984641470543e+05,3.447489425258e-01,2.389951607865e+02,-1.454422294555e-04,-1.585320301065e-02,0.000000000000e+00,1.783541233133e+03,2.042080697482e+03,0.000000000000e+00,0.000000000000e+00,0.000000000000e+00,0.000000000000e+00,8.177937115101e-04,8.913951455460e-02,2.727078135452e+02,2.589536132812e+02,0.000000000000e+00,5.102746746753e-01,1.783541233133e+03,5.550255671935e+04,1.090000000000e+02
2.496000000000e+03,1.033471994380e+08,2.645963145095e+03,5.050625096204e+05,3.473641834337e-01,2.403358695490e+02,-1.609299558070e-04,-1.754136518297e-02,0.000000000000e+00,1.810676656619e+03,2.065915916787e+03,0.000000000000e+00,0.000000000000e+00,0.000000000000e+00,0.000000000000e+00,9.298097653087e-04,1.013492644186e-01,2.726941927141e+02,2.585171508789e+02,0.000000000000e+00,5.163038180734e-01,1.810676656619e+03,5.550251813382e+04,1.090000000000e+02
2.497000000000e+03,1.033452517295e+08,3.057415756221e+03,5.113744757494e+05,3.497325514811e-01,2.416918884402e+02,-1.620119236742e-04,-1.765929968048e-02,0.000000000000e+00,1.536255730929e+03,1.947708342053e+03,0.000000000000e+00,0.000000000000e+00,0.000000000000e+00,0.000000000000e+00,8.814346179949e-04,9.607637336145e-02,2.726714081134e+02,2.571536254883e+02,0.000000000000e+00,5.180907463720e-01,1.536255730929e+03,5.550245207795e+04,1.090000000000e+02
2.498000000000e+03,1.033433125110e+08,3.491881819464e+03,5.174864167169e+05,3.519682409239e-01,2.430275717184e+02,-1.343563199090e-04,-1.464483887008e-02,0.000000000000e+00,1.504751304656e+03,1.939217367900e+03,0.000000000000e+00,0.000000000000e+00,0.000000000000e+00,0.000000000000e+00,8.761037412270e-04,9.549530779374e-02,2.726306995875e+02,2.567618103027e+02,0.000000000000e+00,5.234087609478e-01,1.504751304656e+03,5.550233421653e+04,1.090000000000e+02
2.499000000000e+03,1.033413527486e+08,3.952198895645e+03,5.235978605469e+05,3.542013975917e-01,2.443482091257e+02,-1.201846319386e-04,-1.310012488131e-02,0.000000000000e+00,1.499443347717e+03,1.959760423898e+03,0.000000000000e+00,0.000000000000e+00,0.000000000000e+00,0.000000000000e+00,8.903031660629e-04,9.704304510086e-02,2.725687098052e+02,2.555773773193e+02,0.000000000000e+00,5.280846586906e-01,1.499443347717e+03,5.550215083101e+04,1.090000000000e+02
2.500000000000e+03,1.033394180828e+08,4.490664305471e+03,5.286320761768e+05,3.555360765730e-01,2.457717987550e+02,-1.139127446542e-04,-1.241648916731e-02,0.000000000000e+00,1.396199654054e+03,1.934665063880e+03,0.000000000000e+00,0.000000000000e+00,0.000000000000e+00,0.000000000000e+00,7.183496444371e-04,7.830011124364e-02,2.725443743330e+02,2.548891906738e+02,0.000000000000e+00,5.328082465332e-01,1.396199654054e+03,5.550207572592e+04,1.090000000000e+02
2.501000000000e+03,1.033375493226e+08,5.157623987813e+03,5.328657028932e+05,3.562427760553e-01,2.472489135361e+02,-1.132195840276e-04,-1.234093465901e-02,0.000000000000e+00,1.201800401292e+03,1.868760083624e+03,0.000000000000e+00,0.000000000000e+00,0.000000000000e+00,0.000000000000e+00,5.866718714339e-04,6.394723398630e-02,2.725264714894e+02,2.553917236328e+02,0.000000000000e+00,5.374023406992e-01,1.201800401292e+03,5.550202139538e+04,1.090000000000e+02
2.502000000000e+03,1.033356521539e+08,5.725181335908e+03,5.369174506238e+05,3.568235344783e-01,2.487234189820e+02,-1.087978167059e-04,-1.185896202094e-02,0.000000000000e+00,1.329611448307e+03,1.897168796399e+03,0.000000000000e+00,0.000000000000e+00,0.000000000000e+00,0.000000000000e+00,5.609260051691e-04,6.114093456343e-02,2.725302050408e+02,2.556392517090e+02,0.000000000000e+00,5.425981507640e-01,1.329611448307e+03,5.550203280126e+04,1.090000000000e+02
2.503000000000e+03,1.033337469790e+08,6.244700616281e+03,5.414677404654e+05,3.578568961356e-01,2.501069420154e+02,-9.325725596356e-05,-1.016504090003e-02,0.000000000000e+00,1.385655901716e+03,1.905175182084e+03,0.000000000000e+00,0.000000000000e+00,0.000000000000e+00,0.000000000000e+00,6.588603970508e-04,7.181578327854e-02,2.725364227606e+02,2.564550170898e+02,0.000000000000e+00,5.467724577342e-01,1.385655901716e+03,5.550205175153e+04,1.090000000000e+02
2.504000000000e+03,1.033319577001e+08,6.986918436591e+03,5.472188812606e+05,3.599239163216e-01,2.513118366483e+02,-1.121717626310e-04,-1.222672212678e-02,0.000000000000e+00,1.047058041678e+03,1.789275861986e+03,0.000000000000e+00,0.000000000000e+00,0.000000000000e+00,0.000000000000e+00,8.384799786025e-04,9.139431766767e-02,2.725378135366e+02,2.569036560059e+02,0.000000000000e+00,5.509319976106e-01,1.047058041678e+03,5.550205431856e+04,1.090000000000e+02
2.505000000000e+03,1.033301299807e+08,7.643215079964e+03,5.540597935128e+05,3.629051084479e-01,2.523637095950e+02,-1.476137219996e-04,-1.608989569795e-02,0.000000000000e+00,1.171424268209e+03,1.827720911581e+03,0.000000000000e+00,0.000000000000e+00,0.000000000000e+00,0.000000000000e+00,9.833205436507e-04,1.071819392579e-01,2.725074746022e+02,2.563990478516e+02,0.000000000000e+00,5.553666719914e-01,1.171424268209e+03,5.550196146777e+04,1.090000000000e+02
2.506000000000e+03,1.033283015276e+08,8.349300068344e+03,5.602685201317e+05,3.653482487823e-01,2.534861125163e+02,-1.630741226351e-04,-1.777507936722e-02,0.000000000000e+00,1.122368031841e+03,1.828453020219e+03,0.000000000000e+00,0.000000000000e+00,0.000000000000e+00,0.000000000000e+00,8.635477811921e-04,9.412670814994e-02,2.724424741337e+02,2.548158111572e+02,0.000000000000e+00,5.612741162756e-01,1.122368031841e+03,5.550175871532e+04,1.090000000000e+02
2.507000000000e+03,1.033265682547e+08,9.324667505449e+03,5.658920275152e+05,3.673109686329e-01,2.546631448844e+02,-1.456482716892e-04,-1.587566161412e-02,0.000000000000e+00,7.579040992609e+02,1.733271536362e+03,0.000000000000e+00,0.000000000000e+00,0.000000000000e+00,0.000000000000e+00,7.842120230619e-04,8.547911051375e-02,2.723872553848e+02,2.542895660400e+02,0.000000000000e+00,5.661297000285e-01,7.579040992609e+02,5.550158003911e+04,1.090000000000e+02
2.508000000000e+03,1.033248122466e+08,1.020402227547e+04,5.712996903466e+05,3.691163830648e-01,2.558398932481e+02,-1.229648955560e-04,-1.340317361560e-02,0.000000000000e+00,8.766543907632e+02,1.756009160784e+03,0.000000000000e+00,0.000000000000e+00,0.000000000000e+00,0.000000000000e+00,7.711610487228e-04,8.405655431078e-02,2.723425367347e+02,2.535805053711e+02,0.000000000000e+00,5.715814343579e-01,8.766543907632e+02,5.550143457617e+04,1.090000000000e+02
2.509000000000e+03,1.033230902134e+08,1.118911523939e+04,5.762047842080e+05,3.705323079486e-01,2.570507595145e+02,-1.070545715613e-04,-1.166894830018e-02,0.000000000000e+00,7.369410405369e+02,1.722034004445e+03,0.000000000000e+00,0.000000000000e+00,0.000000000000e+00,0.000000000000e+00,7.038631402757e-04,7.672108229005e-02,2.723248989348e+02,2.533937225342e+02,0.000000000000e+00,5.768482776361e-01,7.369410405369e+02,5.550137356996e+04,1.090000000000e+02
2.510000000000e+03,1.033213885087e+08,1.216759836015e+04,5.818626229087e+05,3.725772727262e-01,2.581503265640e+02,-8.933086340408e-05,-9.737064111044e-03,0.000000000000e+00,7.232211661201e+02,1.701704286878e+03,0.000000000000e+00,0.000000000000e+00,0.000000000000e+00,0.000000000000e+00,8.459971175493e-04,9.221368581287e-02,2.723082741691e+02,2.537482757568e+02,0.000000000000e+00,5.822840886781e-01,7.232211661201e+02,5.550131884020e+04,1.090000000000e+02
2.511000000000e+03,1.033196819575e+08,1.309037518132e+04,5.875389596413e+05,3.746358966105e-01,2.592370596095e+02,-8.626457846041e-05,-9.402839052185e-03,0.000000000000e+00,7.837742041365e+02,1.706551025305e+03,0.000000000000e+00,0.000000000000e+00,0.000000000000e+00,0.000000000000e+00,8.522906009972e-04,9.289967550869e-02,2.722627596325e+02,2.536108703613e+02,0.000000000000e+00,5.885272833032e-01,7.837742041365e+02,5.550116659194e+04,1.090000000000e+02
2.512000000000e+03,1.033180365597e+08,1.424618420736e+04,5.918225360822e+05,3.755966931501e-01,2.604598188651e+02,-1.034977136298e-04,-1.128125078564e-02,0.000000000000e+00,4.895886845723e+02,1.645397710623e+03,0.000000000000e+00,0.000000000000e+00,0.000000000000e+00,0.000000000000e+00,6.048355120644e-04,6.592707081502e-02,2.722202481235e+02,2.532135467529e+02,0.000000000000e+00,5.940739157820e-01,4.895886845723e+02,5.550101877368e+04,1.090000000000e+02
2.513000000000e+03,1.033163799015e+08,1.526222922464e+04,5.962356114672e+05,3.766876861195e-01,2.616422948442e+02,-1.171560658328e-04,-1.277001117578e-02,0.000000000000e+00,6.406171732554e+02,1.656662190534e+03,0.000000000000e+00,0.000000000000e+00,0.000000000000e+00,0.000000000000e+00,6.124232307958e-04,6.675413215674e-02,2.722039801028e+02,2.543534698486e+02,0.000000000000e+00,6.003641575165e-01,6.406171732554e+02,5.550096331073e+04,1.090000000000e+02
2.514000000000e+03,1.033147820884e+08,1.639935696606e+04,6.013353895853e+05,3.783243628741e-01,2.627382345692e+02,-1.239507178373e-04,-1.351062824427e-02,0.000000000000e+00,4.606869536705e+02,1.597814695088e+03,0.000000000000e+00,0.000000000000e+00,0.000000000000e+00,0.000000000000e+00,7.188932714924e-04,7.835936659267e-02,2.722296688521e+02,2.540127410889e+02,0.000000000000e+00,6.057262424364e-01,4.606869536705e+02,5.550104874834e+04,1.090000000000e+02
2.515000000000e+03,1.033131872282e+08,1.745764461935e+04,6.064529692858e+05,3.799887697412e-01,2.638139737674e+02,-1.432165951576e-04,-1.561060887218e-02,0.000000000000e+00,5.365742931049e+02,1.594861946397e+03,0.000000000000e+00,0.000000000000e+00,0.000000000000e+00,0.000000000000e+00,7.028480896006e-04,7.661044176646e-02,2.722080301465e+02,2.534426269531e+02,0.000000000000e+00,6.119821639206e-01,5.365742931049e+02,5.550097499201e+04,1.090000000000e+02
2.516000000000e+03,1.033116079087e+08,1.863729942327e+04,6.123765074720e+05,3.823136572692e-01,2.647718070413e+02,-1.498811782425e-04,-1.633704842843e-02,0.000000000000e+00,3.996661446228e+02,1.579320948543e+03,0.000000000000e+00,0.000000000000e+00,0.000000000000e+00,0.000000000000e+00,8.296463777135e-04,9.043145517077e-02,2.721513882649e+02,2.525922546387e+02,0.000000000000e+00,6.183321417292e-01,3.996661446228e+02,5.550077434246e+04,1.090000000000e+02
2.517000000000e+03,1.033100375672e+08,1.989472461172e+04,6.184938491969e+05,3.848103976143e-01,2.656825702700e+02,-1.285310963320e-04,-1.400988950019e-02,0.000000000000e+00,3.129157873138e+02,1.570340975763e+03,0.000000000000e+00,0.000000000000e+00,0.000000000000e+00,0.000000000000e+00,8.830048465889e-04,9.624752827819e-02,2.721005108474e+02,2.525356140137e+02,0.000000000000e+00,6.253810048668e-01,3.129157873138e+02,5.550059308977e+04,1.090000000000e+02
2.518000000000e+03,1.033084738899e+08,2.118771724890e+04,6.240542311971e+05,3.868083310257e-01,2.666872760281e+02,-1.090945725266e-04,-1.189130840540e-02,0.000000000000e+00,2.706862721587e+02,1.563678909340e+03,0.000000000000e+00,0.000000000000e+00,0.000000000000e+00,0.000000000000e+00,8.103477916271e-04,8.832790928735e-02,2.720558976790e+02,2.526210479736e+02,0.000000000000e+00,6.324869680306e-01,2.706862721587e+02,5.550042987038e+04,1.090000000000e+02
2.519000000000e+03,1.033069268597e+08,2.246696401670e+04,6.287979025220e+05,3.882035569225e-01,2.677489047311e+02,-1.029824726697e-04,-1.122508952099e-02,0.000000000000e+00,2.677842451287e+02,1.547031012922e+03,0.000000000000e+00,0.000000000000e+00,0.000000000000e+00,0.000000000000e+00,6.812301771625e-04,7.425408931071e-02,2.720446734946e+02,2.526845245361e+02,0.000000000000e+00,6.404954730052e-01,2.677842451287e+02,5.550038894438e+04,1.090000000000e+02
2.520000000000e+03,1.033054124239e+08,2.367264021210e+04,6.331544335740e+05,3.893166146259e-01,2.688330776814e+02,-1.071638198180e-04,-1.168085636017e-02,0.000000000000e+00,3.087594128306e+02,1.514435608232e+03,0.000000000000e+00,0.000000000000e+00,0.000000000000e+00,0.000000000000e+00,6.129427663423e-04,6.681076153131e-02,2.720501618628e+02,2.531290130615e+02,0.000000000000e+00,6.466037065363e-01,3.087594128306e+02,5.550040984801e+04,1.090000000000e+02
2.521000000000e+03,1.033039340196e+08,2.491215658669e+04,6.377919469159e+05,3.906577499563e-01,2.698730221927e+02,-1.178945916078e-04,-1.285051048525e-02,0.000000000000e+00,2.388888829098e+02,1.478405257508e+03,0.000000000000e+00,0.000000000000e+00,0.000000000000e+00,0.000000000000e+00,6.489096206689e-04,7.073114865291e-02,2.720201981570e+02,2.527994995117e+02,0.000000000000e+00,6.540706241502e-01,2.388888829098e+02,5.550029853204e+04,1.090000000000e+02
2.522000000000e+03,1.033024710823e+08,2.615099779743e+04,6.427295756631e+05,3.922529289518e-01,2.708574130487e+02,-1.232553641998e-04,-1.343483469778e-02,0.000000000000e+00,2.240957360673e+02,1.462936946800e+03,0.000000000000e+00,0.000000000000e+00,0.000000000000e+00,0.000000000000e+00,6.933673342063e-04,7.557703942849e-02,2.719607880078e+02,2.526025085449e+02,0.000000000000e+00,6.612088702023e-01,2.240957360673e+02,5.550007787446e+04,1.090000000000e+02
2.523000000000e+03,1.033010704097e+08,2.735833547843e+04,6.478896041577e+05,3.940036602742e-01,2.718193226365e+02,-1.319971478790e-04,-1.438768911881e-02,0.000000000000e+00,1.933362985185e+02,1.400673979516e+03,0.000000000000e+00,0.000000000000e+00,0.000000000000e+00,0.000000000000e+00,7.211943443631e-04,7.861018353558e-02,2.719297700115e+02,2.523730163574e+02,0.000000000000e+00,6.683726595087e-01,1.933362985185e+02,5.549996145992e+04,1.090000000000e+02
2.524000000000e+03,1.032996853270e+08,2.856484187188e+04,6.527728015186e+05,3.955761854513e-01,2.727793670017e+02,-1.261610345321e-04,-1.375155276400e-02,0.000000000000e+00,1.785764176028e+02,1.385082811060e+03,0.000000000000e+00,0.000000000000e+00,0.000000000000e+00,0.000000000000e+00,6.810499639242e-04,7.423444606774e-02,2.719294331804e+02,2.532419433594e+02,0.000000000000e+00,6.758881169525e-01,1.785764176028e+02,5.549995988886e+04,1.090000000000e+02
2.525000000000e+03,1.032983041791e+08,2.978070361945e+04,6.573815956991e+05,3.969157920571e-01,2.737797352834e+02,-1.007155551935e-04,-1.097799551610e-02,0.000000000000e+00,1.652875229527e+02,1.381149270518e+03,0.000000000000e+00,0.000000000000e+00,0.000000000000e+00,0.000000000000e+00,6.617606566059e-04,7.213191157004e-02,2.718462013189e+02,2.523300018311e+02,0.000000000000e+00,6.835434048728e-01,1.652875229527e+02,5.549963928704e+04,1.090000000000e+02
2.526000000000e+03,1.032969263543e+08,3.101351990525e+04,6.617478814595e+05,3.981189226247e-01,2.747663695686e+02,-8.939328495866e-05,-9.743868060494e-03,0.000000000000e+00,1.450083119226e+02,1.377824597723e+03,0.000000000000e+00,0.000000000000e+00,0.000000000000e+00,0.000000000000e+00,6.327936001374e-04,6.897450241497e-02,2.717918675269e+02,2.516966857910e+02,0.000000000000e+00,6.921611772151e-01,1.450083119226e+02,5.549942481778e+04,1.090000000000e+02
2.527000000000e+03,1.032956228933e+08,3.215887466231e+04,6.662703160972e+05,3.994277423528e-01,2.757379042677e+02,-1.079525417344e-04,-1.176682704905e-02,0.000000000000e+00,1.581084506922e+02,1.303463207749e+03,0.000000000000e+00,0.000000000000e+00,0.000000000000e+00,0.000000000000e+00,6.397221089599e-04,6.972970987663e-02,2.717793097647e+02,2.519540557861e+02,0.000000000000e+00,7.000828462624e-01,1.581084506922e+02,5.549937687095e+04,1.090000000000e+02
2.528000000000e+03,1.032943049625e+08,3.331650683130e+04,6.702835177442e+05,4.003597788870e-01,2.767535045920e+02,-1.152587495386e-04,-1.256320369971e-02,0.000000000000e+00,1.602983705352e+02,1.317930539533e+03,0.000000000000e+00,0.000000000000e+00,0.000000000000e+00,0.000000000000e+00,5.483428384989e-04,5.976936939638e-02,2.717544986884e+02,2.524174652100e+02,0.000000000000e+00,7.081998565016e-01,1.602983705352e+02,5.549927734263e+04,1.090000000000e+02
2.529000000000e+03,1.032929988044e+08,3.445032844954e+04,6.748410297174e+05,4.017135763360e-01,2.776955675568e+02,-1.229699142992e-04,-1.340372065861e-02,0.000000000000e+00,1.723368107222e+02,1.306158428963e+03,0.000000000000e+00,0.000000000000e+00,0.000000000000e+00,0.000000000000e+00,6.301342545472e-04,6.868463374565e-02,2.717889024856e+02,2.536688690186e+02,0.000000000000e+00,7.169894799463e-01,1.723368107222e+02,5.549941400826e+04,1.090000000000e+02
2.530000000000e+03,1.032917107841e+08,3.555284971761e+04,6.807401588818e+05,4.041330513388e-01,2.784457698373e+02,-1.486212817478e-04,-1.619971971051e-02,0.000000000000e+00,1.854987195564e+02,1.288019987627e+03,0.000000000000e+00,0.000000000000e+00,0.000000000000e+00,0.000000000000e+00,8.264370327653e-04,9.008163657142e-02,2.718009920106e+02,2.541053009033e+02,0.000000000000e+00,7.261353313660e-01,1.854987195564e+02,5.549946156558e+04,1.090000000000e+02
2.531000000000e+03,1.032904358953e+08,3.664533880260e+04,6.865226609730e+05,4.063823050062e-01,2.792570052587e+02,-1.385727525498e-04,-1.510443002793e-02,0.000000000000e+00,1.823993702617e+02,1.274888455247e+03,0.000000000000e+00,0.000000000000e+00,0.000000000000e+00,0.000000000000e+00,8.173965967647e-04,8.909622904735e-02,2.717898706687e+02,2.542877807617e+02,0.000000000000e+00,7.345132764612e-01,1.823993702617e+02,5.549941710968e+04,1.090000000000e+02
2.532000000000e+03,1.032891778431e+08,3.771772677006e+04,6.912827258514e+05,4.078723786446e-01,2.801658386816e+02,-1.110158838902e-04,-1.210073134403e-02,0.000000000000e+00,1.856642207122e+02,1.258052188168e+03,0.000000000000e+00,0.000000000000e+00,0.000000000000e+00,0.000000000000e+00,6.757826857975e-04,7.366031275192e-02,2.717975702137e+02,2.553469085693e+02,0.000000000000e+00,7.435312039744e-01,1.856642207122e+02,5.549944713725e+04,1.090000000000e+02
2.533000000000e+03,1.032879342183e+08,3.878270800124e+04,6.951332880501e+05,4.087308176154e-01,2.811355857014e+02,-1.095979900015e-04,-1.194618091016e-02,0.000000000000e+00,1.786436416730e+02,1.243624872859e+03,0.000000000000e+00,0.000000000000e+00,0.000000000000e+00,0.000000000000e+00,5.272713777735e-04,5.747258017731e-02,2.717549959605e+02,2.539951934814e+02,0.000000000000e+00,7.544333517679e-01,1.786436416730e+02,5.549927700956e+04,1.090000000000e+02
2.534000000000e+03,1.032866997180e+08,3.985840815151e+04,6.991104501195e+05,4.097174321031e-01,2.820645511163e+02,-1.109046190922e-04,-1.208860348105e-02,0.000000000000e+00,1.588001875988e+02,1.234500337868e+03,0.000000000000e+00,0.000000000000e+00,0.000000000000e+00,0.000000000000e+00,5.470787499957e-04,5.963158374953e-02,2.716914443659e+02,2.536811370850e+02,0.000000000000e+00,7.642822796792e-01,1.588001875988e+02,5.549901876462e+04,1.090000000000e+02
2.535000000000e+03,1.032854778826e+08,4.093343257619e+04,7.035415108794e+05,4.110175746332e-01,2.829556150461e+02,-1.043427185769e-04,-1.137335632488e-02,0.000000000000e+00,1.468120398261e+02,1.221836464510e+03,0.000000000000e+00,0.000000000000e+00,0.000000000000e+00,0.000000000000e+00,6.286229236207e-04,6.851989867466e-02,2.716356906301e+02,2.542044982910e+02,0.000000000000e+00,7.720970693147e-01,1.468120398261e+02,5.549878774707e+04,1.090000000000e+02
2.536000000000e+03,1.032842680643e+08,4.201299836143e+04,7.087100787260e+05,4.128622628325e-01,2.837625908792e+02,-1.014071949703e-04,-1.105338425176e-02,0.000000000000e+00,1.302514897212e+02,1.209817274954e+03,0.000000000000e+00,0.000000000000e+00,0.000000000000e+00,0.000000000000e+00,7.537265298719e-04,8.215619175604e-02,2.715533925323e+02,2.526791687012e+02,0.000000000000e+00,7.841836030138e-01,1.302514897212e+02,5.549843994437e+04,1.090000000000e+02
2.537000000000e+03,1.032830630120e+08,4.312239525464e+04,7.132738184149e+05,4.142722360164e-01,2.846213176794e+02,-8.917933072232e-05,-9.720547048733e-03,0.000000000000e+00,9.565563287487e+01,1.205052526086e+03,0.000000000000e+00,0.000000000000e+00,0.000000000000e+00,0.000000000000e+00,6.666628125077e-04,7.266624656333e-02,2.714004792743e+02,2.513524322510e+02,0.000000000000e+00,7.974192300792e-01,9.565563287487e+01,5.549777138358e+04,1.090000000000e+02
2.538000000000e+03,1.032818631767e+08,4.425251288956e+04,7.162867433795e+05,4.145537828819e-01,2.856322902984e+02,-7.631969619689e-05,-8.318846885461e-03,0.000000000000e+00,6.971587495944e+01,1.199833509883e+03,0.000000000000e+00,0.000000000000e+00,0.000000000000e+00,0.000000000000e+00,4.229156851436e-04,4.609780968066e-02,2.712802065725e+02,2.503384704590e+02,0.000000000000e+00,8.111086222808e-01,6.971587495944e+01,5.549722399944e+04,1.090000000000e+02
2.539000000000e+03,1.032806878259e+08,4.534983177834e+04,7.198821859712e+05,4.152951692204e-01,2.865532041471e+02,-9.251457806050e-05,-1.008408900859e-02,0.000000000000e+00,7.803286950147e+01,1.175351758281e+03,0.000000000000e+00,0.000000000000e+00,0.000000000000e+00,0.000000000000e+00,5.016964362053e-04,5.468491154638e-02,2.712961383449e+02,2.508208923340e+02,0.000000000000e+00,8.237336819347e-01,7.803286950147e+01,5.549729592164e+04,1.090000000000e+02
2.540000000000e+03,1.032795479835e+08,4.638486331458e+04,7.248340901272e+05,4.170008430752e-01,2.873428237010e+02,-1.152192050950e-04,-1.255889335536e-02,0.000000000000e+00,1.048133493074e+02,1.139844885547e+03,0.000000000000e+00,0.000000000000e+00,0.000000000000e+00,0.000000000000e+00,7.028164564977e-04,7.660699375825e-02,2.713539022737e+02,2.522371978760e+02,0.000000000000e+00,8.350962711696e-01,1.048133493074e+02,5.549755864884e+04,1.090000000000e+02
2.541000000000e+03,1.032784449030e+08,4.735878981488e+04,7.300367473243e+05,4.189056529779e-01,2.880875588409e+02,-1.134259206890e-04,-1.236342535510e-02,0.000000000000e+00,1.291536406286e+02,1.103080140923e+03,0.000000000000e+00,0.000000000000e+00,0.000000000000e+00,0.000000000000e+00,7.458796882206e-04,8.130088601605e-02,2.714306798040e+02,2.537629241943e+02,0.000000000000e+00,8.462464882883e-01,1.291536406286e+02,5.549790181698e+04,1.090000000000e+02
2.542000000000e+03,1.032773734687e+08,4.828682721836e+04,7.351352356115e+05,4.207125906016e-01,2.888524508205e+02,-1.086155376825e-04,-1.183909360739e-02,0.000000000000e+00,1.433980526611e+02,1.071435456149e+03,0.000000000000e+00,0.000000000000e+00,0.000000000000e+00,0.000000000000e+00,7.337381275037e-04,7.997745589791e-02,2.714796822177e+02,2.542690124512e+02,0.000000000000e+00,8.575237580631e-01,1.433980526611e+02,5.549811754031e+04,1.090000000000e+02
2.543000000000e+03,1.032762934266e+08,4.923276779359e+04,7.413697935248e+05,4.233833573562e-01,2.894649389699e+02,-1.298577044980e-04,-1.415448979028e-02,0.000000000000e+00,1.341023173800e+02,1.080042892603e+03,0.000000000000e+00,0.000000000000e+00,0.000000000000e+00,0.000000000000e+00,9.009161184735e-04,9.819985691361e-02,2.714639230533e+02,2.540317077637e+02,0.000000000000e+00,8.698250132316e-01,1.341023173800e+02,5.549805054406e+04,1.090000000000e+02
2.544000000000e+03,1.032752416579e+08,5.016233974356e+04,7.473206697655e+05,4.258024812183e-01,2.901311595102e+02,-1.288333728688e-04,-1.404283764270e-02,0.000000000000e+00,1.221983963332e+02,1.051770346306e+03,0.000000000000e+00,0.000000000000e+00,0.000000000000e+00,0.000000000000e+00,8.550943603705e-04,9.320528528038e-02,2.714435951825e+02,2.541607360840e+02,0.000000000000e+00,8.809867993299e-01,1.221983963332e+02,5.549796221944e+04,1.090000000000e+02
2.545000000000e+03,1.032742136472e+08,5.108284056051e+04,7.528561544677e+05,4.279411989227e-01,2.908209591294e+02,-1.216895645139e-04,-1.326416253202e-02,0.000000000000e+00,1.075102080292e+02,1.028011024981e+03,0.000000000000e+00,0.000000000000e+00,0.000000000000e+00,0.000000000000e+00,7.940129767870e-04,8.654741446978e-02,2.713797269055e+02,2.529650726318e+02,0.000000000000e+00,8.923437079477e-01,1.075102080292e+02,5.549767903116e+04,1.090000000000e+02
2.546000000000e+03,1.032732074922e+08,5.199881861598e+04,7.583708965662e+05,4.300657448465e-01,2.915054771445e+02,-1.196340343382e-04,-1.304010974286e-02,0.000000000000e+00,9.017542295726e+01,1.006153478423e+03,0.000000000000e+00,0.000000000000e+00,0.000000000000e+00,0.000000000000e+00,7.926147135912e-04,8.639500378144e-02,2.713201981188e+02,2.524856262207e+02,0.000000000000e+00,9.027259766096e-01,9.017542295726e+01,5.549741019481e+04,1.090000000000e+02
2.547000000000e+03,1.032722253301e+08,5.289610037733e+04,7.633986708141e+05,4.318732383376e-01,2.922107545505e+02,-1.112584776046e-04,-1.212717405890e-02,0.000000000000e+00,8.487983925844e+01,9.821616006144e+02,0.000000000000e+00,0.000000000000e+00,0.000000000000e+00,0.000000000000e+00,7.202244193515e-04,7.850446170931e-02,2.712876456388e+02,2.527892150879e+02,0.000000000000e+00,9.126394165542e-01,8.487983925844e+01,5.549726138094e+04,1.090000000000e+02
2.548000000000e+03,1.032712655925e+08,5.378094936569e+04,7.683106579364e+05,4.335741429517e-01,2.929388788794e+02,-1.081209106996e-04,-1.178517926626e-02,0.000000000000e+00,7.488708948629e+01,9.597360778415e+02,0.000000000000e+00,0.000000000000e+00,0.000000000000e+00,0.000000000000e+00,7.045962589493e-04,7.680099222548e-02,2.712207532035e+02,2.516610565186e+02,0.000000000000e+00,9.206949511865e-01,7.488708948629e+01,5.549695089766e+04,1.090000000000e+02
2.549000000000e+03,1.032703247940e+08,5.465494054042e+04,7.723611965595e+05,4.346207202721e-01,2.937755973016e+02,-1.070657400181e-04,-1.167016566197e-02,0.000000000000e+00,6.680421697940e+01,9.407953917150e+02,0.000000000000e+00,0.000000000000e+00,0.000000000000e+00,0.000000000000e+00,5.631682530348e-04,6.138533958079e-02,2.711624877647e+02,2.513882751465e+02,0.000000000000e+00,9.298138031678e-01,6.680421697940e+01,5.549667561593e+04,1.090000000000e+02
2.550000000000e+03,1.032694026616e+08,5.551295261007e+04,7.756762119600e+05,4.351923926568e-01,2.946500092158e+02,-1.021798875518e-04,-1.113760774315e-02,0.000000000000e+00,6.411556403251e+01,9.221276336749e+02,0.000000000000e+00,0.000000000000e+00,0.000000000000e+00,0.000000000000e+00,4.462962369459e-04,4.864628982711e-02,2.711206040612e+02,2.516314849854e+02,0.000000000000e+00,9.392400870713e-01,6.411556403251e+01,5.549647485524e+04,1.090000000000e+02
2.551000000000e+03,1.032684985143e+08,5.635368127814e+04,7.787153848602e+05,4.355545934684e-01,2.955591226079e+02,-1.092101143101e-04,-1.190390245980e-02,0.000000000000e+00,6.341617512003e+01,9.041448431913e+02,0.000000000000e+00,0.000000000000e+00,0.000000000000e+00,0.000000000000e+00,3.934782484850e-04,4.288912908487e-02,2.710963329911e+02,2.525847625732e+02,0.000000000000e+00,9.461515482110e-01,6.341617512003e+01,5.549635735032e+04,1.090000000000e+02
2.552000000000e+03,1.032676120685e+08,5.717533595096e+04,7.826850421921e+05,4.366323171074e-01,2.963326672410e+02,-1.236729357613e-04,-1.348034999798e-02,0.000000000000e+00,6.478884390967e+01,8.864435167311e+02,0.000000000000e+00,0.000000000000e+00,0.000000000000e+00,0.000000000000e+00,5.326104113819e-04,5.805453484062e-02,2.710923860376e+02,2.525290985107e+02,0.000000000000e+00,9.540507627298e-01,6.478884390967e+01,5.549633809324e+04,1.090000000000e+02
2.553000000000e+03,1.032667424556e+08,5.798088235032e+04,7.878314280634e+05,4.385013247278e-01,2.970103403717e+02,-1.343136242395e-04,-1.464018504210e-02,0.000000000000e+00,6.406379407344e+01,8.696101934376e+02,0.000000000000e+00,0.000000000000e+00,0.000000000000e+00,0.000000000000e+00,7.166935081038e-04,7.811959238332e-02,2.710715084698e+02,2.516068267822e+02,0.000000000000e+00,9.599589075338e-01,6.406379407344e+01,5.549623653173e+04,1.090000000000e+02
2.554000000000e+03,1.032658864989e+08,5.877837332822e+04,7.934964365914e+05,4.407425163145e-01,2.976262762667e+02,-1.199021016313e-04,-1.306932907781e-02,0.000000000000e+00,5.846437813657e+01,8.559553560302e+02,0.000000000000e+00,0.000000000000e+00,0.000000000000e+00,0.000000000000e+00,8.172239428500e-04,8.907740977065e-02,2.710182462521e+02,2.512489471436e+02,0.000000000000e+00,9.681138597184e-01,5.846437813657e+01,5.549597475913e+04,1.090000000000e+02
2.555000000000e+03,1.032650445752e+08,5.956225614926e+04,7.996879927732e+05,4.433369850859e-01,2.981935009401e+02,-1.397725648455e-04,-1.523520956816e-02,0.000000000000e+00,5.803939033054e+01,8.419222113745e+02,0.000000000000e+00,0.000000000000e+00,0.000000000000e+00,0.000000000000e+00,8.838805680149e-04,9.634298191362e-02,2.710101477144e+02,2.519989776611e+02,0.000000000000e+00,9.757082367752e-01,5.803939033054e+01,5.549593437669e+04,1.090000000000e+02
2.556000000000e+03,1.032642189959e+08,6.032757371316e+04,8.062018531562e+05,4.462151049550e-01,2.986836060010e+02,-1.813362408673e-04,-1.976565025454e-02,0.000000000000e+00,6.025985570852e+01,8.255774196109e+02,0.000000000000e+00,0.000000000000e+00,0.000000000000e+00,0.000000000000e+00,8.955912456421e-04,9.761944577499e-02,2.710027191784e+02,2.520103759766e+02,0.000000000000e+00,9.821656106469e-01,6.025985570852e+01,5.549589726150e+04,1.090000000000e+02
2.557000000000e+03,1.032634088039e+08,6.107675517148e+04,8.121627545760e+05,4.485884695109e-01,2.993000266116e+02,-1.942222809417e-04,-2.117022862264e-02,0.000000000000e+00,6.100694212480e+01,8.101884004369e+02,0.000000000000e+00,0.000000000000e+00,0.000000000000e+00,0.000000000000e+00,7.911803933667e-04,8.623866287697e-02,2.710047517077e+02,2.526075439453e+02,0.000000000000e+00,9.903183826235e-01,6.100694212480e+01,5.549590722670e+04,1.090000000000e+02
2.558000000000e+03,1.032626137971e+08,6.181239381739e+04,8.164418916995e+05,4.498734452431e-01,3.000183077841e+02,-1.691330784750e-04,-1.843550555377e-02,0.000000000000e+00,5.936731183636e+01,7.950059577486e+02,0.000000000000e+00,0.000000000000e+00,0.000000000000e+00,0.000000000000e+00,5.385942859914e-04,5.870677717307e-02,2.709782681075e+02,2.526165313721e+02,0.000000000000e+00,9.958575727064e-01,5.936731183636e+01,5.549577517582e+04,1.090000000000e+02
2.559000000000e+03,1.032618323741e+08,6.253780977213e+04,8.211839225436e+05,4.514372337162e-01,3.007163269359e+02,-1.247223835334e-04,-1.359473980514e-02,0.000000000000e+00,5.600396307526e+01,7.814199178167e+02,0.000000000000e+00,0.000000000000e+00,0.000000000000e+00,0.000000000000e+00,6.595584433693e-04,7.189187032725e-02,2.709502501922e+02,2.526100158691e+02,0.000000000000e+00,1.004317437623e+00,5.600396307526e+01,5.549563447601e+04,1.090000000000e+02
2.560000000000e+03,1.032610616704e+08,6.326329889451e+04,8.265998088499e+05,4.534986100611e-01,3.013270318660e+02,-1.131175606850e-04,-1.232981411467e-02,0.000000000000e+00,4.521321550346e+01,7.707023378877e+02,0.000000000000e+00,0.000000000000e+00,0.000000000000e+00,0.000000000000e+00,7.837251248290e-04,8.542603860636e-02,2.708305156298e+02,2.508502655029e+02,0.000000000000e+00,1.012119098373e+00,4.521321550346e+01,5.549502161345e+04,1.090000000000e+02
2.561000000000e+03,1.032603832499e+08,6.390856335016e+04,8.320097108200e+05,4.556503393124e-01,3.018710642807e+02,-1.187288399562e-04,-1.294144355523e-02,0.000000000000e+00,3.315459458685e+01,6.784190502317e+02,0.000000000000e+00,0.000000000000e+00,0.000000000000e+00,0.000000000000e+00,7.775360911970e-04,8.475143394047e-02,2.706874176747e+02,2.500630798340e+02,0.000000000000e+00,1.019688660200e+00,3.315459458685e+01,5.549425186358e+04,1.090000000000e+02
2.562000000000e+03,1.032596773185e+08,6.458573223683e+04,8.377672057443e+05,4.578763206000e-01,3.024851066600e+02,-1.269400194924e-04,-1.383646212467e-02,0.000000000000e+00,2.876108985479e+01,7.059299765272e+02,0.000000000000e+00,0.000000000000e+00,0.000000000000e+00,0.000000000000e+00,8.261734809942e-04,9.005290942837e-02,2.705935931098e+02,2.503898010254e+02,0.000000000000e+00,1.028201073957e+00,2.876108985479e+01,5.549373753782e+04,1.090000000000e+02
2.563000000000e+03,1.032589693616e+08,6.526080794855e+04,8.421412315361e+05,4.591375593646e-01,3.032291864478e+02,-1.328086873093e-04,-1.447614691671e-02,0.000000000000e+00,3.287729094063e+01,7.079530026555e+02,0.000000000000e+00,0.000000000000e+00,0.000000000000e+00,0.000000000000e+00,5.903299304906e-04,6.434596242347e-02,2.705924612727e+02,2.510000000000e+02,0.000000000000e+00,1.036223495835e+00,3.287729094063e+01,5.549373015382e+04,1.090000000000e+02
2.564000000000e+03,1.032582709789e+08,6.592296197746e+04,8.459620041740e+05,4.601904027701e-01,3.039083461807e+02,-1.293705237126e-04,-1.410138708467e-02,0.000000000000e+00,3.622756057088e+01,6.983815894877e+02,0.000000000000e+00,0.000000000000e+00,0.000000000000e+00,0.000000000000e+00,5.024238359320e-04,5.476419811659e-02,2.705827526751e+02,2.510683288574e+02,0.000000000000e+00,1.042098952960e+00,3.622756057088e+01,5.549367542024e+04,1.090000000000e+02
2.565000000000e+03,1.032575416362e+08,6.661706596654e+04,8.502200997574e+05,4.613752536282e-01,3.046536716863e+02,-1.265008064733e-04,-1.378858790559e-02,0.000000000000e+00,3.523758819666e+01,7.293415772735e+02,0.000000000000e+00,0.000000000000e+00,0.000000000000e+00,0.000000000000e+00,5.774563093812e-04,6.294273772255e-02,2.705812207911e+02,2.517420959473e+02,0.000000000000e+00,1.051874846595e+00,3.523758819666e+01,5.549367405872e+04,1.090000000000e+02
2.566000000000e+03,1.032568191633e+08,6.731358226620e+04,8.538671367343e+05,4.622161601733e-01,3.054068931562e+02,-1.103956040109e-04,-1.203312083719e-02,0.000000000000e+00,2.595512545526e+01,7.224714251147e+02,0.000000000000e+00,0.000000000000e+00,0.000000000000e+00,0.000000000000e+00,4.939391249444e-04,5.383936461894e-02,2.704828113695e+02,2.507825164795e+02,0.000000000000e+00,1.058555842150e+00,2.595512545526e+01,5.549312391167e+04,1.090000000000e+02
2.567000000000e+03,1.032561150304e+08,6.799422026298e+04,8.574233111230e+05,4.630122205660e-01,3.061519204325e+02,-9.754689189440e-05,-1.063261121649e-02,0.000000000000e+00,2.349353958600e+01,7.041315363721e+02,0.000000000000e+00,0.000000000000e+00,0.000000000000e+00,0.000000000000e+00,4.905302809119e-04,5.346780061939e-02,2.704720639567e+02,2.513494567871e+02,0.000000000000e+00,1.067904573758e+00,2.349353958600e+01,5.549306182752e+04,1.090000000000e+02
2.568000000000e+03,1.032554309307e+08,6.864967457140e+04,8.617185706845e+05,4.643251882249e-01,3.068155579184e+02,-1.171541913434e-04,-1.276980685643e-02,0.000000000000e+00,2.864591980353e+01,6.841002282235e+02,0.000000000000e+00,0.000000000000e+00,0.000000000000e+00,0.000000000000e+00,5.929561087122e-04,6.463221584963e-02,2.704723803503e+02,2.517384948730e+02,0.000000000000e+00,1.074611188794e+00,2.864591980353e+01,5.549306098657e+04,1.090000000000e+02
2.569000000000e+03,1.032547647271e+08,6.928895327091e+04,8.664591305326e+05,4.659365686913e-01,3.074376255152e+02,-1.560540254069e-04,-1.700988876936e-02,0.000000000000e+00,2.692526078927e+01,6.662039602933e+02,0.000000000000e+00,0.000000000000e+00,0.000000000000e+00,0.000000000000e+00,6.281845290902e-04,6.847211367083e-02,2.704380953721e+02,2.516017303467e+02,0.000000000000e+00,1.084160162661e+00,2.692526078927e+01,5.549286232041e+04,1.090000000000e+02
2.570000000000e+03,1.032541149835e+08,6.991429764774e+04,8.703922064293e+05,4.670000920360e-01,3.081311523458e+02,-1.581325815688e-04,-1.723645139100e-02,0.000000000000e+00,2.439908108200e+01,6.497434579099e+02,0.000000000000e+00,0.000000000000e+00,0.000000000000e+00,0.000000000000e+00,4.927138652002e-04,5.370581130683e-02,2.703979255212e+02,2.519206085205e+02,0.000000000000e+00,1.090811358723e+00,2.439908108200e+01,5.549262712741e+04,1.090000000000e+02
2.571000000000e+03,1.032534823266e+08,7.052307380037e+04,8.740625465131e+05,4.678642825854e-01,3.088600688685e+02,-1.499319103073e-04,-1.634257822349e-02,0.000000000000e+00,2.388103535605e+01,6.326571879864e+02,0.000000000000e+00,0.000000000000e+00,0.000000000000e+00,0.000000000000e+00,4.573857256238e-04,4.985504409299e-02,2.703646050926e+02,2.518365478516e+02,0.000000000000e+00,1.096913480894e+00,2.388103535605e+01,5.549242832156e+04,1.090000000000e+02
2.572000000000e+03,1.032528657577e+08,7.112195863636e+04,8.791442792329e+05,4.697563739845e-01,3.094078867540e+02,-1.494137947614e-04,-1.628610362899e-02,0.000000000000e+00,1.768387297465e+01,6.165687089695e+02,0.000000000000e+00,0.000000000000e+00,0.000000000000e+00,0.000000000000e+00,6.923157757780e-04,7.546241955980e-02,2.702628005174e+02,2.510751037598e+02,0.000000000000e+00,1.106543528739e+00,1.768387297465e+01,5.549182100106e+04,1.090000000000e+02
2.573000000000e+03,1.032522622365e+08,7.172081377480e+04,8.843980201256e+05,4.717344280076e-01,3.099576769710e+02,-1.284343562623e-04,-1.399934483259e-02,0.000000000000e+00,4.666802048056e+00,6.035219404818e+02,0.000000000000e+00,0.000000000000e+00,0.000000000000e+00,0.000000000000e+00,7.429445223794e-04,8.098095293936e-02,2.700902636918e+02,2.503266143799e+02,0.000000000000e+00,1.114643199002e+00,4.666802048056e+00,5.549076168347e+04,1.090000000000e+02
2.574000000000e+03,1.032516734236e+08,7.230943686812e+04,8.882369471108e+05,4.727730367362e-01,3.106227705713e+02,-1.222432995546e-04,-1.332451965145e-02,0.000000000000e+00,1.897279927623e-01,5.888128213126e+02,0.000000000000e+00,0.000000000000e+00,0.000000000000e+00,0.000000000000e+00,5.141186586171e-04,5.603893378926e-02,2.699917698671e+02,2.501602478027e+02,0.000000000000e+00,1.122053409479e+00,1.897279927623e-01,5.549013094519e+04,1.090000000000e+02
2.575000000000e+03,1.032511001725e+08,7.287975272295e+04,8.912160336644e+05,4.731006632214e-01,3.114510442122e+02,-1.284279181865e-04,-1.399864308233e-02,0.000000000000e+00,2.935031226152e+00,5.732508860577e+02,0.000000000000e+00,0.000000000000e+00,0.000000000000e+00,0.000000000000e+00,3.651945406095e-04,3.980620492643e-02,2.699304118320e+02,2.511623840332e+02,0.000000000000e+00,1.128897154483e+00,2.935031226152e+00,5.548972298288e+04,1.090000000000e+02
2.576000000000e+03,1.032505451651e+08,7.343026980072e+04,8.945009897701e+05,4.738399487426e-01,3.121138326850e+02,-1.398775937011e-04,-1.524665771342e-02,0.000000000000e+00,4.490224194851e+00,5.550073019646e+02,0.000000000000e+00,0.000000000000e+00,0.000000000000e+00,0.000000000000e+00,4.044280910691e-04,4.408266192653e-02,2.698642361092e+02,2.513104553223e+02,0.000000000000e+00,1.134925344042e+00,4.490224194851e+00,5.548927598590e+04,1.090000000000e+02
2.577000000000e+03,1.032500076753e+08,7.396635535475e+04,8.985446643975e+05,4.749766894695e-01,3.127785615288e+02,-1.214941382042e-04,-1.324286106426e-02,0.000000000000e+00,1.404287864354e+00,5.374898418936e+02,0.000000000000e+00,0.000000000000e+00,0.000000000000e+00,0.000000000000e+00,5.490265690011e-04,5.984389602112e-02,2.697563648913e+02,2.510350799561e+02,0.000000000000e+00,1.140377316080e+00,1.404287864354e+00,5.548854381371e+04,1.090000000000e+02
2.578000000000e+03,1.032494891122e+08,7.448491841693e+04,9.030115252780e+05,4.768165841979e-01,3.131252686237e+02,-1.250847096305e-04,-1.363423334973e-02,0.000000000000e+00,0.000000000000e+00,5.185630621794e+02,0.000000000000e+00,0.000000000000e+00,0.000000000000e+00,0.000000000000e+00,6.157100128799e-04,6.711239140391e-02,2.696356388983e+02,2.509133758545e+02,0.000000000000e+00,1.146573089843e+00,0.000000000000e+00,5.548770545958e+04,1.090000000000e+02
2.579000000000e+03,1.032489871620e+08,7.498686856712e+04,9.081271929914e+05,4.786761943006e-01,3.136828261358e+02,-1.489980538225e-04,-1.624078786665e-02,0.000000000000e+00,0.000000000000e+00,5.019501501963e+02,0.000000000000e+00,0.000000000000e+00,0.000000000000e+00,0.000000000000e+00,7.001816224543e-04,7.631979684752e-02,2.694612950026e+02,2.503815002441e+02,0.000000000000e+00,1.152752019086e+00,0.000000000000e+00,5.548646551443e+04,1.090000000000e+02
2.580000000000e+03,1.032484994292e+08,7.547460140051e+04,9.122164885074e+05,4.797451613134e-01,3.144022424666e+02,-1.421636356448e-04,-1.549583628528e-02,0.000000000000e+00,0.000000000000e+00,4.877328333917e+02,0.000000000000e+00,0.000000000000e+00,0.000000000000e+00,0.000000000000e+00,5.382881115691e-04,5.867340416103e-02,2.692462145485e+02,2.495313720703e+02,0.000000000000e+00,1.157884918214e+00,0.000000000000e+00,5.548487939716e+04,1.090000000000e+02
2.581000000000e+03,1.032480276957e+08,7.594633494965e+04,9.155544597877e+05,4.804114662634e-01,3.151226144237e+02,-1.549908196286e-04,-1.689399933952e-02,0.000000000000e+00,0.000000000000e+00,4.717335491349e+02,0.000000000000e+00,0.000000000000e+00,0.000000000000e+00,0.000000000000e+00,4.005704162806e-04,4.366217537458e-02,2.690731235566e+02,2.494858703613e+02,0.000000000000e+00,1.161839217113e+00,0.000000000000e+00,5.548354816311e+04,1.090000000000e+02
2.582000000000e+03,1.032475747408e+08,7.639928986019e+04,9.188059104579e+05,4.810689187371e-01,3.158150357698e+02,-1.510721661218e-04,-1.646686610728e-02,0.000000000000e+00,0.000000000000e+00,4.529549105395e+02,0.000000000000e+00,0.000000000000e+00,0.000000000000e+00,0.000000000000e+00,3.892069900959e-04,4.242356192045e-02,2.689520453928e+02,2.502594757080e+02,0.000000000000e+00,1.164854171894e+00,0.000000000000e+00,5.548258270896e+04,1.090000000000e+02
2.583000000000e+03,1.032471400440e+08,7.683398664167e+04,9.223189739388e+05,4.819363769742e-01,3.164597188394e+02,-1.289101133904e-04,-1.405120235955e-02,0.000000000000e+00,0.000000000000e+00,4.346967814857e+02,0.000000000000e+00,0.000000000000e+00,0.000000000000e+00,0.000000000000e+00,4.557413641981e-04,4.967580869760e-02,2.687843530346e+02,2.504782257080e+02,0.000000000000e+00,1.167361384273e+00,0.000000000000e+00,5.548121958917e+04,1.090000000000e+02
2.584000000000e+03,1.032467215283e+08,7.725250233643e+04,9.262000426489e+05,4.830580596642e-01,3.170640482101e+02,-1.208352472326e-04,-1.317104194835e-02,0.000000000000e+00,0.000000000000e+00,4.185156947556e+02,0.000000000000e+00,0.000000000000e+00,0.000000000000e+00,0.000000000000e+00,5.260574335735e-04,5.734026025951e-02,2.685629693962e+02,2.498409729004e+02,0.000000000000e+00,1.171148273622e+00,0.000000000000e+00,5.547936483499e+04,1.090000000000e+02
2.585000000000e+03,1.032463210070e+08,7.765302365638e+04,9.309262829005e+05,4.845631773802e-01,3.176977185797e+02,-1.496665671484e-04,-1.631365581918e-02,0.000000000000e+00,0.000000000000e+00,4.005213199495e+02,0.000000000000e+00,0.000000000000e+00,0.000000000000e+00,0.000000000000e+00,6.346043772033e-04,6.917187711516e-02,2.684506646349e+02,2.503921813965e+02,0.000000000000e+00,1.173199926988e+00,0.000000000000e+00,5.547838559622e+04,1.090000000000e+02
2.586000000000e+03,1.032459375702e+08,7.803646043416e+04,9.353311731256e+05,4.859524626045e-01,3.182975755589e+02,-1.571766763393e-04,-1.713225772098e-02,0.000000000000e+00,0.000000000000e+00,3.834367777819e+02,0.000000000000e+00,0.000000000000e+00,0.000000000000e+00,0.000000000000e+00,5.756971653663e-04,6.275099102493e-02,2.682709012681e+02,2.503721160889e+02,0.000000000000e+00,1.175521421327e+00,0.000000000000e+00,5.547679094513e+04,1.090000000000e+02
2.587000000000e+03,1.032455730846e+08,7.840094606433e+04,9.394759395065e+05,4.872095553479e-01,3.188868277596e+02,-1.758565626954e-04,-1.916836533380e-02,0.000000000000e+00,0.000000000000e+00,3.644856301727e+02,0.000000000000e+00,0.000000000000e+00,0.000000000000e+00,0.000000000000e+00,5.113612715109e-04,5.573837859469e-02,2.682015464560e+02,2.512306823730e+02,0.000000000000e+00,1.177879508106e+00,0.000000000000e+00,5.547615255757e+04,1.090000000000e+02
2.588000000000e+03,1.032452309158e+08,7.874311488382e+04,9.447257550729e+05,4.894958011206e-01,3.191707729317e+02,-2.095629008651e-04,-2.284235619429e-02,0.000000000000e+00,0.000000000000e+00,3.421688194907e+02,0.000000000000e+00,0.000000000000e+00,0.000000000000e+00,0.000000000000e+00,6.584805119486e-04,7.177437580239e-02,2.682090679422e+02,2.528276824951e+02,0.000000000000e+00,1.179185063661e+00,0.000000000000e+00,5.547620223793e+04,1.090000000000e+02
2.589000000000e+03,1.032449085270e+08,7.906550361816e+04,9.504951971563e+05,4.916506076997e-01,3.197159521443e+02,-1.900780030464e-04,-2.071850233206e-02,0.000000000000e+00,0.000000000000e+00,3.223887343393e+02,0.000000000000e+00,0.000000000000e+00,0.000000000000e+00,0.000000000000e+00,7.657101462119e-04,8.346240593709e-02,2.681454595513e+02,2.528637695313e+02,0.000000000000e+00,1.180536148166e+00,0.000000000000e+00,5.547561213252e+04,1.090000000000e+02
2.590000000000e+03,1.032446024927e+08,7.937153794343e+04,9.559890151005e+05,4.937573263474e-01,3.201983164237e+02,-1.451678502398e-04,-1.582329567614e-02,0.000000000000e+00,0.000000000000e+00,3.060343252638e+02,0.000000000000e+00,0.000000000000e+00,0.000000000000e+00,0.000000000000e+00,7.665537152703e-04,8.355435496446e-02,2.680253143195e+02,2.530167694092e+02,0.000000000000e+00,1.182869695461e+00,0.000000000000e+00,5.547449766725e+04,1.090000000000e+02
2.591000000000e+03,1.032443126207e+08,7.966140991086e+04,9.616831512903e+05,4.960357235252e-01,3.206290060977e+02,-1.348778518778e-04,-1.470168585468e-02,0.000000000000e+00,0.000000000000e+00,2.898719674288e+02,0.000000000000e+00,0.000000000000e+00,0.000000000000e+00,0.000000000000e+00,8.082971765836e-04,8.810439224762e-02,2.679706529501e+02,2.537395019531e+02,0.000000000000e+00,1.183653229691e+00,0.000000000000e+00,5.547397989267e+04,1.090000000000e+02
2.592000000000e+03,1.032440386098e+08,7.993542087857e+04,9.674697870918e+05,4.983389414667e-01,3.210709349644e+02,-1.494486917674e-04,-1.628990740264e-02,0.000000000000e+00,0.000000000000e+00,2.740109677107e+02,0.000000000000e+00,0.000000000000e+00,0.000000000000e+00,0.000000000000e+00,8.092596672121e-04,8.820930372612e-02,2.679084899305e+02,2.539246063232e+02,0.000000000000e+00,1.182967017577e+00,0.000000000000e+00,5.547338691021e+04,1.090000000000e+02
2.593000000000e+03,1.032440309134e+08,7.994311725174e+04,9.734576313746e+05,5.006008160088e-01,3.216041012097e+02,-1.547184829965e-04,-1.686431464662e-02,0.000000000000e+00,0.000000000000e+00,7.696373177166e+00,0.000000000000e+00,0.000000000000e+00,0.000000000000e+00,0.000000000000e+00,8.384063118835e-04,9.138628799530e-02,2.678197575324e+02,2.538435516357e+02,0.000000000000e+00,1.176532596304e+00,0.000000000000e+00,5.547240847074e+04,1.090000000000e+02
2.594000000000e+03,1.032437547749e+08,8.021925576833e+04,9.798786525083e+05,5.032305276208e-01,3.220379424176e+02,-1.395361775202e-04,-1.520944334970e-02,0.000000000000e+00,0.000000000000e+00,2.761385165883e+02,0.000000000000e+00,0.000000000000e+00,0.000000000000e+00,0.000000000000e+00,9.245114740330e-04,1.007717506696e-01,2.677358021846e+02,2.538814697266e+02,0.000000000000e+00,1.179001722724e+00,0.000000000000e+00,5.547168812445e+04,1.090000000000e+02
2.595000000000e+03,1.032434746444e+08,8.049938628924e+04,9.858271738481e+05,5.058173074776e-01,3.223466581228e+02,-1.274366856514e-04,-1.389059873600e-02,0.000000000000e+00,0.000000000000e+00,2.801305209131e+02,0.000000000000e+00,0.000000000000e+00,0.000000000000e+00,0.000000000000e+00,8.617579412073e-04,9.393161559160e-02,2.675489190553e+02,2.527250061035e+02,0.000000000000e+00,1.180911216333e+00,0.000000000000e+00,5.546985729031e+04,1.090000000000e+02
2.596000000000e+03,1.032432163274e+08,8.075770328138e+04,9.912412311775e+05,5.079380494800e-01,3.227743600516e+02,-1.326156550829e-04,-1.445510640403e-02,0.000000000000e+00,0.000000000000e+00,2.583169921385e+02,0.000000000000e+00,0.000000000000e+00,0.000000000000e+00,0.000000000000e+00,7.682439394224e-04,8.373858939705e-02,2.673681414060e+02,2.526265106201e+02,0.000000000000e+00,1.183303628152e+00,0.000000000000e+00,5.546802675314e+04,1.090000000000e+02
2.597000000000e+03,1.032429733014e+08,8.100072925186e+04,9.965559372679e+05,5.099246616479e-01,3.232487649657e+02,-1.413070057159e-04,-1.540246362304e-02,0.000000000000e+00,0.000000000000e+00,2.430259704775e+02,0.000000000000e+00,0.000000000000e+00,0.000000000000e+00,0.000000000000e+00,7.418305620625e-04,8.085953126481e-02,2.672355926643e+02,2.530519561768e+02,0.000000000000e+00,1.185942000492e+00,0.000000000000e+00,5.546664971914e+04,1.090000000000e+02
2.598000000000e+03,1.032427422646e+08,8.123176610361e+04,1.003113636408e+06,5.128293023941e-01,3.235423334862e+02,-1.276496428841e-04,-1.391381107437e-02,0.000000000000e+00,0.000000000000e+00,2.310368517492e+02,0.000000000000e+00,0.000000000000e+00,0.000000000000e+00,0.000000000000e+00,9.618220119215e-04,1.048385992994e-01,2.670843007869e+02,2.524792022705e+02,0.000000000000e+00,1.187391557859e+00,0.000000000000e+00,5.546504168310e+04,1.090000000000e+02
2.599000000000e+03,1.032425219480e+08,8.145208264844e+04,1.008534395654e+06,5.147205176546e-01,3.241025945750e+02,-1.370895669603e-04,-1.494276279867e-02,0.000000000000e+00,0.000000000000e+00,2.203165448323e+02,0.000000000000e+00,0.000000000000e+00,0.000000000000e+00,0.000000000000e+00,7.631752574896e-04,8.318610306637e-02,2.669727979665e+02,2.520738525391e+02,0.000000000000e+00,1.188410076377e+00,0.000000000000e+00,5.546383461008e+04,1.090000000000e+02
2.600000000000e+03,1.032423113074e+08,8.166272328924e+04,1.012558547123e+06,5.158282070591e-01,3.247055304573e+02,-1.522320519990e-04,-1.659329366789e-02,0.000000000000e+00,0.000000000000e+00,2.106406407964e+02,0.000000000000e+00,0.000000000000e+00,0.000000000000e+00,0.000000000000e+00,5.177832659898e-04,5.643837599288e-02,2.668414896620e+02,2.520551757812e+02,0.000000000000e+00,1.188482958576e+00,0.000000000000e+00,5.546238596170e+04,1.090000000000e+02
2.601000000000e+03,1.032421092156e+08,8.186481508171e+04,1.017224012223e+06,5.174765117344e-01,3.251713285760e+02,-1.503796958909e-04,-1.639138685210e-02,0.000000000000e+00,0.000000000000e+00,2.020917924692e+02,0.000000000000e+00,0.000000000000e+00,0.000000000000e+00,0.000000000000e+00,6.258730990683e-04,6.822016779845e-02,2.667091054161e+02,2.516903991699e+02,0.000000000000e+00,1.187927998488e+00,0.000000000000e+00,5.546089892123e+04,1.090000000000e+02
2.602000000000e+03,1.032419144021e+08,8.205962851965e+04,1.021041388809e+06,5.183940012790e-01,3.258259792138e+02,-1.323360242708e-04,-1.442462664552e-02,0.000000000000e+00,0.000000000000e+00,1.948134379428e+02,0.000000000000e+00,0.000000000000e+00,0.000000000000e+00,0.000000000000e+00,5.053710635832e-04,5.508544593057e-02,2.665308283023e+02,2.509975128174e+02,0.000000000000e+00,1.187717162956e+00,0.000000000000e+00,5.545885173367e+04,1.090000000000e+02
2.603000000000e+03,1.032417268593e+08,8.224717133263e+04,1.024323357280e+06,5.190847267836e-01,3.264454022989e+02,-1.344968700517e-04,-1.466015883564e-02,0.000000000000e+00,0.000000000000e+00,1.875428129789e+02,0.000000000000e+00,0.000000000000e+00,0.000000000000e+00,0.000000000000e+00,4.120913635443e-04,4.491795862633e-02,2.664281246319e+02,2.515601043701e+02,0.000000000000e+00,1.188067659906e+00,0.000000000000e+00,5.545765250494e+04,1.090000000000e+02
2.604000000000e+03,1.032415478638e+08,8.242616682325e+04,1.028730610767e+06,5.205714121467e-01,3.269145639878e+02,-1.409337479815e-04,-1.536177852998e-02,0.000000000000e+00,0.000000000000e+00,1.789954906187e+02,0.000000000000e+00,0.000000000000e+00,0.000000000000e+00,0.000000000000e+00,5.886191714831e-04,6.415948969165e-02,2.664151525134e+02,2.528369598389e+02,0.000000000000e+00,1.187134067996e+00,0.000000000000e+00,5.545750129989e+04,1.090000000000e+02
2.605000000000e+03,1.032413756835e+08,8.259834714086e+04,1.033800571901e+06,5.224206818081e-01,3.273739686086e+02,-1.438065857122e-04,-1.567491784263e-02,0.000000000000e+00,0.000000000000e+00,1.721803176109e+02,0.000000000000e+00,0.000000000000e+00,0.000000000000e+00,0.000000000000e+00,7.007484906522e-04,7.638158548109e-02,2.662570751131e+02,2.511847381592e+02,0.000000000000e+00,1.186907197636e+00,0.000000000000e+00,5.545561096539e+04,1.090000000000e+02
2.606000000000e+03,1.032412077874e+08,8.276624325619e+04,1.037549820113e+06,5.233038970352e-01,3.280236952602e+02,-1.203578929428e-04,-1.311901033077e-02,0.000000000000e+00,0.000000000000e+00,1.678961153314e+02,0.000000000000e+00,0.000000000000e+00,0.000000000000e+00,0.000000000000e+00,5.087871345546e-04,5.545779766645e-02,2.660228679755e+02,2.503520812988e+02,0.000000000000e+00,1.187370160599e+00,0.000000000000e+00,5.545274157298e+04,1.090000000000e+02
2.607000000000e+03,1.032410446167e+08,8.292941395254e+04,1.041249596791e+06,5.243231027901e-01,3.285641758347e+02,-9.390372924401e-05,-1.023550648760e-02,0.000000000000e+00,0.000000000000e+00,1.631706963517e+02,0.000000000000e+00,0.000000000000e+00,0.000000000000e+00,0.000000000000e+00,5.238054710173e-04,5.709479634088e-02,2.658789162756e+02,2.515233459473e+02,0.000000000000e+00,1.188924747335e+00,0.000000000000e+00,5.545093882052e+04,1.090000000000e+02
2.608000000000e+03,1.032408877015e+08,8.308632920263e+04,1.045475847890e+06,5.256250998605e-01,3.290833832854e+02,-8.913280320681e-05,-9.715475549542e-03,0.000000000000e+00,0.000000000000e+00,1.569152500923e+02,0.000000000000e+00,0.000000000000e+00,0.000000000000e+00,0.000000000000e+00,6.115642704017e-04,6.666050547379e-02,2.658414783221e+02,2.524405059814e+02,0.000000000000e+00,1.188569167865e+00,0.000000000000e+00,5.545046884884e+04,1.090000000000e+02
2.609000000000e+03,1.032407376250e+08,8.323640562273e+04,1.050628395749e+06,5.275632138713e-01,3.294898862560e+02,-1.137082959931e-04,-1.239420426325e-02,0.000000000000e+00,0.000000000000e+00,1.500764200913e+02,0.000000000000e+00,0.000000000000e+00,0.000000000000e+00,0.000000000000e+00,7.385481954101e-04,8.050175329970e-02,2.658470662143e+02,2.527494659424e+02,0.000000000000e+00,1.187208307335e+00,0.000000000000e+00,5.545054412027e+04,1.090000000000e+02
2.610000000000e+03,1.032405942705e+08,8.337976019453e+04,1.056043701436e+06,5.295738879104e-01,3.299290667610e+02,-1.213693319562e-04,-1.322925718323e-02,0.000000000000e+00,0.000000000000e+00,1.433545717996e+02,0.000000000000e+00,0.000000000000e+00,0.000000000000e+00,0.000000000000e+00,7.737050369909e-04,8.433384903200e-02,2.658689539132e+02,2.531639709473e+02,0.000000000000e+00,1.186609519127e+00,0.000000000000e+00,5.545082655814e+04,1.090000000000e+02
2.611000000000e+03,1.032404571146e+08,8.351691603296e+04,1.061643917363e+06,5.317397530163e-01,3.303273077820e+02,-1.345724870336e-04,-1.466840108666e-02,0.000000000000e+00,0.000000000000e+00,1.371558384375e+02,0.000000000000e+00,0.000000000000e+00,0.000000000000e+00,0.000000000000e+00,7.917693447655e-04,8.630285857944e-02,2.658739370051e+02,2.537136688232e+02,0.000000000000e+00,1.186702111720e+00,0.000000000000e+00,5.545089340326e+04,1.090000000000e+02
2.612000000000e+03,1.032403241870e+08,8.364984363214e+04,1.066925723208e+06,5.336644281498e-01,3.307847836628e+02,-1.139049257880e-04,-1.241563691089e-02,0.000000000000e+00,0.000000000000e+00,1.329275991783e+02,0.000000000000e+00,0.000000000000e+00,0.000000000000e+00,0.000000000000e+00,7.660054113111e-04,8.349458983291e-02,2.657258324074e+02,2.519697570801e+02,0.000000000000e+00,1.186532696544e+00,0.000000000000e+00,5.544899754074e+04,1.090000000000e+02
2.613000000000e+03,1.032401948158e+08,8.377921486013e+04,1.072901242099e+06,5.361290929670e-01,3.311148667483e+02,-1.190449722017e-04,-1.297590196999e-02,0.000000000000e+00,0.000000000000e+00,1.293712279905e+02,0.000000000000e+00,0.000000000000e+00,0.000000000000e+00,0.000000000000e+00,8.731952946501e-04,9.517828711686e-02,2.656394325120e+02,2.524085693359e+02,0.000000000000e+00,1.186625289136e+00,0.000000000000e+00,5.544788598364e+04,1.090000000000e+02
2.614000000000e+03,1.032402011507e+08,8.377287998580e+04,1.078781849243e+06,5.381204605709e-01,3.317016664685e+02,-1.261779851400e-04,-1.375340038026e-02,0.000000000000e+00,0.000000000000e+00,-6.334874330052e+00,0.000000000000e+00,0.000000000000e+00,0.000000000000e+00,0.000000000000e+00,8.489591692760e-04,9.253654945109e-02,2.655952347297e+02,2.533397979736e+02,0.000000000000e+00,1.183199363210e+00,0.000000000000e+00,5.544722036199e+04,1.090000000000e+02
2.615000000000e+03,1.032402266364e+08,8.374739427222e+04,1.083459852870e+06,5.397558535107e-01,3.321351525565e+02,-9.719274933830e-05,-1.059400967788e-02,0.000000000000e+00,0.000000000000e+00,-2.548571358312e+01,0.000000000000e+00,0.000000000000e+00,0.000000000000e+00,0.000000000000e+00,6.792455528882e-04,7.403776526481e-02,2.655417168926e+02,2.535629119873e+02,0.000000000000e+00,1.181903066914e+00,0.000000000000e+00,5.544647427475e+04,1.090000000000e+02
2.616000000000e+03,1.032400408219e+08,8.393320879914e+04,1.087715336109e+06,5.409536123611e-01,3.327046837811e+02,-8.075814976460e-05,-8.802638324342e-03,0.000000000000e+00,0.000000000000e+00,1.858145269244e+02,0.000000000000e+00,0.000000000000e+00,0.000000000000e+00,0.000000000000e+00,6.251486408210e-04,6.814120184949e-02,2.654918812592e+02,2.533247375488e+02,0.000000000000e+00,1.183465793671e+00,0.000000000000e+00,5.544592520765e+04,1.090000000000e+02
2.617000000000e+03,1.032398933523e+08,8.408067835054e+04,1.092053239829e+06,5.423557471797e-01,3.331722933319e+02,-7.932976984441e-05,-8.646944913041e-03,0.000000000000e+00,0.000000000000e+00,1.474695513992e+02,0.000000000000e+00,0.000000000000e+00,0.000000000000e+00,0.000000000000e+00,6.407767639194e-04,6.984466726721e-02,2.654360115029e+02,2.534742431641e+02,0.000000000000e+00,1.183787100806e+00,0.000000000000e+00,5.544520804516e+04,1.090000000000e+02
2.618000000000e+03,1.032397571926e+08,8.421683807877e+04,1.095980215935e+06,5.434769570957e-01,3.336871544104e+02,-6.444675342990e-05,-7.024696123859e-03,0.000000000000e+00,0.000000000000e+00,1.361597282302e+02,0.000000000000e+00,0.000000000000e+00,0.000000000000e+00,0.000000000000e+00,5.889231397143e-04,6.419262222886e-02,2.653532618345e+02,2.537136230469e+02,0.000000000000e+00,1.184250063769e+00,0.000000000000e+00,5.544411186437e+04,1.090000000000e+02
2.619000000000e+03,1.032396286508e+08,8.434537985975e+04,1.099859359618e+06,5.445414729656e-01,3.342137169788e+02,-5.975556262429e-05,-6.513356326047e-03,0.000000000000e+00,0.000000000000e+00,1.285417809791e+02,0.000000000000e+00,0.000000000000e+00,0.000000000000e+00,0.000000000000e+00,5.821938070184e-04,6.345912496500e-02,2.653501092059e+02,2.548011016846e+02,0.000000000000e+00,1.184881008292e+00,0.000000000000e+00,5.544409097097e+04,1.090000000000e+02
2.620000000000e+03,1.032395062123e+08,8.446781835735e+04,1.104328502680e+06,5.459980627415e-01,3.346805995160e+02,-6.986753217558e-05,-7.615561007139e-03,0.000000000000e+00,0.000000000000e+00,1.224384975972e+02,0.000000000000e+00,0.000000000000e+00,0.000000000000e+00,0.000000000000e+00,6.718601652444e-04,7.323275801164e-02,2.652996519380e+02,2.546492462158e+02,0.000000000000e+00,1.185343971255e+00,0.000000000000e+00,5.544341763448e+04,1.090000000000e+02
2.621000000000e+03,1.032393881914e+08,8.458583933201e+04,1.107590583459e+06,5.466067700722e-01,3.353038722408e+02,-5.519590212791e-05,-6.016353331942e-03,0.000000000000e+00,0.000000000000e+00,1.180209746616e+02,0.000000000000e+00,0.000000000000e+00,0.000000000000e+00,0.000000000000e+00,4.892098368926e-04,5.332387222130e-02,2.651966852596e+02,2.534848632813e+02,0.000000000000e+00,1.184988391785e+00,0.000000000000e+00,5.544201967978e+04,1.090000000000e+02
2.622000000000e+03,1.032392737000e+08,8.470033072614e+04,1.110883154231e+06,5.473758057183e-01,3.358370785103e+02,-4.450385520187e-05,-4.850920217004e-03,0.000000000000e+00,0.000000000000e+00,1.144913941292e+02,0.000000000000e+00,0.000000000000e+00,0.000000000000e+00,0.000000000000e+00,5.052186103667e-04,5.506882852997e-02,2.650894542639e+02,2.530272521973e+02,0.000000000000e+00,1.184882554052e+00,0.000000000000e+00,5.544054798670e+04,1.090000000000e+02
2.623000000000e+03,1.032391625576e+08,8.481147307138e+04,1.115334231160e+06,5.488314416214e-01,3.362949812452e+02,-6.620879971729e-05,-7.216759169184e-03,0.000000000000e+00,0.000000000000e+00,1.111423452368e+02,0.000000000000e+00,0.000000000000e+00,0.000000000000e+00,0.000000000000e+00,6.739576673260e-04,7.346138573854e-02,2.650111459356e+02,2.532356414795e+02,0.000000000000e+00,1.185400305224e+00,0.000000000000e+00,5.543946674082e+04,1.090000000000e+02
2.624000000000e+03,1.032390548317e+08,8.491919899669e+04,1.119135453456e+06,5.497979375165e-01,3.368503019277e+02,-8.028356221914e-05,-8.750908281886e-03,0.000000000000e+00,0.000000000000e+00,1.077259253118e+02,0.000000000000e+00,0.000000000000e+00,0.000000000000e+00,0.000000000000e+00,5.500569029265e-04,5.995620241899e-02,2.649822284424e+02,2.536759490967e+02,0.000000000000e+00,1.185238219905e+00,0.000000000000e+00,5.543907751217e+04,1.090000000000e+02
2.625000000000e+03,1.032389505029e+08,8.502352781351e+04,1.122448018079e+06,5.505490162247e-01,3.373888287252e+02,-9.360862395571e-05,-1.020334001117e-02,0.000000000000e+00,0.000000000000e+00,1.043288168258e+02,0.000000000000e+00,0.000000000000e+00,0.000000000000e+00,0.000000000000e+00,4.558782140220e-04,4.969072532839e-02,2.649536813521e+02,2.542370605469e+02,0.000000000000e+00,1.185423405091e+00,0.000000000000e+00,5.543868777692e+04,1.090000000000e+02
2.626000000000e+03,1.032388491450e+08,8.512488566488e+04,1.125628279367e+06,5.512619256345e-01,3.379119655501e+02,-8.597824746706e-05,-9.371628973910e-03,0.000000000000e+00,0.000000000000e+00,1.013578513711e+02,0.000000000000e+00,0.000000000000e+00,0.000000000000e+00,0.000000000000e+00,4.429321458236e-04,4.827960389477e-02,2.648979481030e+02,2.541549987793e+02,0.000000000000e+00,1.184824616883e+00,0.000000000000e+00,5.543790744420e+04,1.090000000000e+02
2.627000000000e+03,1.032387503605e+08,8.522367019780e+04,1.129281901770e+06,5.522578453488e-01,3.384018227494e+02,-6.971112604734e-05,-7.598512739160e-03,0.000000000000e+00,0.000000000000e+00,9.878453291853e+01,0.000000000000e+00,0.000000000000e+00,0.000000000000e+00,0.000000000000e+00,5.373461423830e-04,5.857072951974e-02,2.648465548561e+02,2.539223632813e+02,0.000000000000e+00,1.183568918247e+00,0.000000000000e+00,5.543718754422e+04,1.090000000000e+02
2.628000000000e+03,1.032386540137e+08,8.532001694177e+04,1.132579002060e+06,5.529176071624e-01,3.389887398859e+02,-5.277540807727e-05,-5.752519480422e-03,0.000000000000e+00,0.000000000000e+00,9.634674396921e+01,0.000000000000e+00,0.000000000000e+00,0.000000000000e+00,0.000000000000e+00,4.950042832951e-04,5.395546687917e-02,2.648014100372e+02,2.538805236816e+02,0.000000000000e+00,1.182941815480e+00,0.000000000000e+00,5.543655448852e+04,1.090000000000e+02
2.629000000000e+03,1.032385597725e+08,8.541425820306e+04,1.135177142562e+06,5.531870627239e-01,3.396088250396e+02,-3.642823763563e-05,-3.970677902284e-03,0.000000000000e+00,0.000000000000e+00,9.424126128774e+01,0.000000000000e+00,0.000000000000e+00,0.000000000000e+00,0.000000000000e+00,3.979355258870e-04,4.337497232168e-02,2.647111916915e+02,2.531322937012e+02,0.000000000000e+00,1.183404778443e+00,0.000000000000e+00,5.543525933279e+04,1.090000000000e+02
2.630000000000e+03,1.032384676918e+08,8.550633884252e+04,1.139451770767e+06,5.546899981035e-01,3.399654386193e+02,-5.215257174491e-05,-5.684630320195e-03,0.000000000000e+00,0.000000000000e+00,9.208063946441e+01,0.000000000000e+00,0.000000000000e+00,0.000000000000e+00,0.000000000000e+00,6.560673513643e-04,7.151134129871e-02,2.646938595066e+02,2.538346862793e+02,0.000000000000e+00,1.183497371036e+00,0.000000000000e+00,5.543502862876e+04,1.090000000000e+02
2.631000000000e+03,1.032383778717e+08,8.559615894597e+04,1.143159281695e+06,5.555266136714e-01,3.405612321483e+02,-6.204933754553e-05,-6.763377792462e-03,0.000000000000e+00,0.000000000000e+00,8.982010344494e+01,0.000000000000e+00,0.000000000000e+00,0.000000000000e+00,0.000000000000e+00,5.533469256385e-04,6.031481489460e-02,2.646564915278e+02,2.539913330078e+02,0.000000000000e+00,1.183497371036e+00,0.000000000000e+00,5.543449657001e+04,1.090000000000e+02
2.632000000000e+03,1.032384305386e+08,8.554349206994e+04,1.146778851045e+06,5.563277844275e-01,3.411553802337e+02,-6.335597288733e-05,-6.905801044718e-03,0.000000000000e+00,0.000000000000e+00,-5.266687602786e+01,0.000000000000e+00,0.000000000000e+00,0.000000000000e+00,0.000000000000e+00,5.400299408875e-04,5.886326355674e-02,2.645755576789e+02,2.537506408691e+02,0.000000000000e+00,1.179886259925e+00,0.000000000000e+00,5.543322524601e+04,1.090000000000e+02
2.633000000000e+03,1.032384662777e+08,8.550775299307e+04,1.150491390751e+06,5.573292065296e-01,3.416517193515e+02,-6.935998290551e-05,-7.560238136700e-03,0.000000000000e+00,0.000000000000e+00,-3.573907687640e+01,0.000000000000e+00,0.000000000000e+00,0.000000000000e+00,0.000000000000e+00,5.489037260922e-04,5.983050614405e-02,2.645031028242e+02,2.531352996826e+02,0.000000000000e+00,1.178497371036e+00,0.000000000000e+00,5.543211085749e+04,1.090000000000e+02
2.634000000000e+03,1.032383342711e+08,8.563975960722e+04,1.153682490406e+06,5.579397926694e-01,3.422192379586e+02,-5.088764825516e-05,-5.546753659813e-03,0.000000000000e+00,0.000000000000e+00,1.320066141514e+02,0.000000000000e+00,0.000000000000e+00,0.000000000000e+00,0.000000000000e+00,4.743600392637e-04,5.170524427974e-02,2.645512666099e+02,2.549983367920e+02,0.000000000000e+00,1.180748138383e+00,0.000000000000e+00,5.543295145628e+04,1.090000000000e+02
2.635000000000e+03,1.032382211194e+08,8.575291129516e+04,1.156965402527e+06,5.587145328013e-01,3.427100661306e+02,-4.513054754023e-05,-4.919229681885e-03,0.000000000000e+00,0.000000000000e+00,1.131516879392e+02,0.000000000000e+00,0.000000000000e+00,0.000000000000e+00,0.000000000000e+00,4.942316485007e-04,5.387124968658e-02,2.646262481275e+02,2.559228820801e+02,0.000000000000e+00,1.180025527608e+00,0.000000000000e+00,5.543410002118e+04,1.090000000000e+02
2.636000000000e+03,1.032381181196e+08,8.585591111439e+04,1.160178630437e+06,5.593740933360e-01,3.432538943799e+02,-4.902744957075e-05,-5.343992003212e-03,0.000000000000e+00,0.000000000000e+00,1.029998192329e+02,0.000000000000e+00,0.000000000000e+00,0.000000000000e+00,0.000000000000e+00,4.812127550043e-04,5.245219029547e-02,2.646549894152e+02,2.558812561035e+02,0.000000000000e+00,1.178842594382e+00,0.000000000000e+00,5.543454670349e+04,1.090000000000e+02
2.637000000000e+03,1.032380212252e+08,8.595280555536e+04,1.163374017511e+06,5.600446939943e-01,3.437811787627e+02,-3.259770575331e-05,-3.553149927111e-03,0.000000000000e+00,0.000000000000e+00,9.689444097091e+01,0.000000000000e+00,0.000000000000e+00,0.000000000000e+00,0.000000000000e+00,4.928888159773e-04,5.372488094152e-02,2.647190036638e+02,2.567831115723e+02,0.000000000000e+00,1.179120372160e+00,0.000000000000e+00,5.543550884602e+04,1.090000000000e+02
2.638000000000e+03,1.032379287248e+08,8.604530590723e+04,1.167465678472e+06,5.612958287255e-01,3.442211594010e+02,-2.008622946556e-05,-2.189399011746e-03,0.000000000000e+00,0.000000000000e+00,9.250035187418e+01,0.000000000000e+00,0.000000000000e+00,0.000000000000e+00,0.000000000000e+00,6.569881589349e-04,7.161170932391e-02,2.647193215186e+02,2.560948791504e+02,0.000000000000e+00,1.179044983193e+00,0.000000000000e+00,5.543553076824e+04,1.090000000000e+02
2.639000000000e+03,1.032378393117e+08,8.613471900280e+04,1.172142592570e+06,5.628924832080e-01,3.446289183956e+02,-2.772212527659e-05,-3.021711655148e-03,0.000000000000e+00,0.000000000000e+00,8.941309556495e+01,0.000000000000e+00,0.000000000000e+00,0.000000000000e+00,0.000000000000e+00,7.514036384199e-04,8.190299658777e-02,2.646184917083e+02,2.543579406738e+02,0.000000000000e+00,1.179490742531e+00,0.000000000000e+00,5.543406891152e+04,1.090000000000e+02
2.640000000000e+03,1.032377523425e+08,8.622168816332e+04,1.176983886313e+06,5.646422615453e-01,3.449884167275e+02,-2.891720347825e-05,-3.151975179129e-03,0.000000000000e+00,0.000000000000e+00,8.696916052579e+01,0.000000000000e+00,0.000000000000e+00,0.000000000000e+00,0.000000000000e+00,7.770943376982e-04,8.470328280910e-02,2.645251660526e+02,2.539071044922e+02,0.000000000000e+00,1.178835550032e+00,0.000000000000e+00,5.543270967930e+04,1.090000000000e+02
2.641000000000e+03,1.032376676996e+08,8.630633113711e+04,1.180729619020e+06,5.655789511265e-01,3.455146616458e+02,-7.031445365654e-06,-7.664275448563e-04,0.000000000000e+00,0.000000000000e+00,8.464297378063e+01,0.000000000000e+00,0.000000000000e+00,0.000000000000e+00,0.000000000000e+00,6.137486506396e-04,6.689860291972e-02,2.645072316245e+02,2.550620422363e+02,0.000000000000e+00,1.179215179661e+00,0.000000000000e+00,5.543246942450e+04,1.090000000000e+02
2.642000000000e+03,1.032375853905e+08,8.638864016504e+04,1.184134094852e+06,5.664625287861e-01,3.459665607000e+02,-6.107051207592e-06,-6.656685816275e-04,0.000000000000e+00,0.000000000000e+00,8.230902793302e+01,0.000000000000e+00,0.000000000000e+00,0.000000000000e+00,0.000000000000e+00,5.551651494992e-04,6.051300129542e-02,2.645470385164e+02,2.561318969727e+02,0.000000000000e+00,1.178332783093e+00,0.000000000000e+00,5.543308675467e+04,1.090000000000e+02
2.643000000000e+03,1.032375052886e+08,8.646874214744e+04,1.187763376358e+06,5.673522966502e-01,3.464774995471e+02,-2.771115302656e-05,-3.020515679896e-03,0.000000000000e+00,0.000000000000e+00,8.010198239891e+01,0.000000000000e+00,0.000000000000e+00,0.000000000000e+00,0.000000000000e+00,5.699996308260e-04,6.212995976003e-02,2.646017417327e+02,2.568470153809e+02,0.000000000000e+00,1.177713890812e+00,0.000000000000e+00,5.543391667479e+04,1.090000000000e+02
2.644000000000e+03,1.032374271895e+08,8.654684125644e+04,1.191397340138e+06,5.682927225660e-01,3.469578252416e+02,-2.617236912764e-05,-2.852788234913e-03,0.000000000000e+00,0.000000000000e+00,7.809910899863e+01,0.000000000000e+00,0.000000000000e+00,0.000000000000e+00,0.000000000000e+00,5.726300790476e-04,6.241667861619e-02,2.646505621492e+02,2.572004699707e+02,0.000000000000e+00,1.176446226023e+00,0.000000000000e+00,5.543465312789e+04,1.090000000000e+02
2.645000000000e+03,1.032373508888e+08,8.662314190110e+04,1.195194218897e+06,5.693392919971e-01,3.474186790813e+02,-1.795618750648e-05,-1.957224438206e-03,0.000000000000e+00,0.000000000000e+00,7.630064466274e+01,0.000000000000e+00,0.000000000000e+00,0.000000000000e+00,0.000000000000e+00,6.075393508506e-04,6.622178924271e-02,2.647044569151e+02,2.573688354492e+02,0.000000000000e+00,1.176446226023e+00,0.000000000000e+00,5.543545963941e+04,1.090000000000e+02
2.646000000000e+03,1.032372762557e+08,8.669777504345e+04,1.198266592053e+06,5.699062156417e-01,3.479594999477e+02,2.594413470970e-06,2.827910683358e-04,0.000000000000e+00,0.000000000000e+00,7.463314235115e+01,0.000000000000e+00,0.000000000000e+00,0.000000000000e+00,0.000000000000e+00,5.077721129449e-04,5.534716031099e-02,2.647664873107e+02,2.580736083984e+02,0.000000000000e+00,1.176278244464e+00,0.000000000000e+00,5.543637779794e+04,1.090000000000e+02
2.647000000000e+03,1.032372031260e+08,8.677090466726e+04,1.201502249851e+06,5.706493348673e-01,3.484406708303e+02,4.600055553687e-06,5.014060553518e-04,0.000000000000e+00,0.000000000000e+00,7.312962380551e+01,0.000000000000e+00,0.000000000000e+00,0.000000000000e+00,0.000000000000e+00,5.377550241344e-04,5.861529763065e-02,2.648102663293e+02,2.582598876953e+02,0.000000000000e+00,1.175832574235e+00,0.000000000000e+00,5.543702486487e+04,1.090000000000e+02
2.648000000000e+03,1.032371313175e+08,8.684271321246e+04,1.206007952108e+06,5.721682690975e-01,3.488162114974e+02,-1.416556816169e-05,-1.544046929624e-03,0.000000000000e+00,0.000000000000e+00,7.180854520466e+01,0.000000000000e+00,0.000000000000e+00,0.000000000000e+00,0.000000000000e+00,7.299633136603e-04,7.956600118897e-02,2.648386273231e+02,2.582938537598e+02,0.000000000000e+00,1.175141193435e+00,0.000000000000e+00,5.543744759036e+04,1.090000000000e+02
2.649000000000e+03,1.032370607114e+08,8.691331931287e+04,1.210997364286e+06,5.739912709479e-01,3.491435770833e+02,-1.950902357711e-05,-2.126483569905e-03,0.000000000000e+00,0.000000000000e+00,7.060610040969e+01,0.000000000000e+00,0.000000000000e+00,0.000000000000e+00,0.000000000000e+00,8.042853558153e-04,8.766710378387e-02,2.648741517686e+02,2.583962707520e+02,0.000000000000e+00,1.174479800147e+00,0.000000000000e+00,5.543797265888e+04,1.090000000000e+02
2.650000000000e+03,1.032369912487e+08,8.698278199097e+04,1.215143836186e+06,5.751364865102e-01,3.496374123038e+02,-6.252098375931e-06,-6.814787229765e-04,0.000000000000e+00,0.000000000000e+00,6.946267810107e+01,0.000000000000e+00,0.000000000000e+00,0.000000000000e+00,0.000000000000e+00,6.776115136317e-04,7.385965498585e-02,2.649179404746e+02,2.586511230469e+02,0.000000000000e+00,1.173194239475e+00,0.000000000000e+00,5.543861285097e+04,1.090000000000e+02
2.651000000000e+03,1.032369228144e+08,8.705121637433e+04,1.219864803657e+06,5.767959298718e-01,3.499810646770e+02,2.117545803854e-05,2.308124926201e-03,0.000000000000e+00,0.000000000000e+00,6.843438335713e+01,0.000000000000e+00,0.000000000000e+00,0.000000000000e+00,0.000000000000e+00,7.995976731708e-04,8.715614637561e-02,2.649717303897e+02,2.590455932617e+02,0.000000000000e+00,1.172596998744e+00,0.000000000000e+00,5.543939016794e+04,1.090000000000e+02
2.652000000000e+03,1.032368553383e+08,8.711869246575e+04,1.224605766083e+06,5.784098635145e-01,3.503565889112e+02,3.738538296079e-05,4.075006742727e-03,0.000000000000e+00,0.000000000000e+00,6.747609142589e+01,0.000000000000e+00,0.000000000000e+00,0.000000000000e+00,0.000000000000e+00,8.194427627218e-04,8.931926113668e-02,2.650192770326e+02,2.592492065430e+02,0.000000000000e+00,1.172411813559e+00,0.000000000000e+00,5.544007310582e+04,1.090000000000e+02
2.653000000000e+03,1.032367886971e+08,8.718533365423e+04,1.228528201283e+06,5.795570547192e-01,3.507807564059e+02,6.708892676205e-05,7.312693017063e-03,0.000000000000e+00,0.000000000000e+00,6.664118847448e+01,0.000000000000e+00,0.000000000000e+00,0.000000000000e+00,0.000000000000e+00,7.148443983201e-04,7.791803941689e-02,2.650443054390e+02,2.592140502930e+02,0.000000000000e+00,1.172411813559e+00,0.000000000000e+00,5.544043696961e+04,1.090000000000e+02
2.654000000000e+03,1.032367228485e+08,8.725118219345e+04,1.232849309061e+06,5.809941507397e-01,3.511398621056e+02,7.177605829610e-05,7.823590354275e-03,0.000000000000e+00,0.000000000000e+00,6.584853922098e+01,0.000000000000e+00,0.000000000000e+00,0.000000000000e+00,0.000000000000e+00,7.845203790029e-04,8.551272131131e-02,2.650883059963e+02,2.595045776367e+02,0.000000000000e+00,1.172411813559e+00,0.000000000000e+00,5.544106551938e+04,1.090000000000e+02
2.655000000000e+03,1.032366578009e+08,8.731622984617e+04,1.236512235944e+06,5.819455597389e-01,3.516009984147e+02,5.862045266218e-05,6.389629340178e-03,0.000000000000e+00,0.000000000000e+00,6.504765271797e+01,0.000000000000e+00,0.000000000000e+00,0.000000000000e+00,0.000000000000e+00,6.610542330321e-04,7.205491140050e-02,2.651596784638e+02,2.601454162598e+02,0.000000000000e+00,1.171649566227e+00,0.000000000000e+00,5.544206797331e+04,1.090000000000e+02
2.656000000000e+03,1.032365934778e+08,8.738055296688e+04,1.240533246982e+06,5.832007527698e-01,3.519796306860e+02,5.854148595364e-05,6.381021968947e-03,0.000000000000e+00,0.000000000000e+00,6.432312070981e+01,0.000000000000e+00,0.000000000000e+00,0.000000000000e+00,0.000000000000e+00,7.206910602745e-04,7.855532556992e-02,2.652223579777e+02,2.603712158203e+02,0.000000000000e+00,1.171649566227e+00,0.000000000000e+00,5.544294061210e+04,1.090000000000e+02
2.657000000000e+03,1.032365298275e+08,8.744420324563e+04,1.244639294707e+06,5.844643193866e-01,3.523747790907e+02,7.166488970842e-05,7.811472978218e-03,0.000000000000e+00,0.000000000000e+00,6.365027875432e+01,0.000000000000e+00,0.000000000000e+00,0.000000000000e+00,0.000000000000e+00,7.473654362890e-04,8.146283255551e-02,2.652953718103e+02,2.609060668945e+02,0.000000000000e+00,1.170611022651e+00,0.000000000000e+00,5.544394673783e+04,1.090000000000e+02
2.658000000000e+03,1.032364667889e+08,8.750724181951e+04,1.247979097550e+06,5.852683492632e-01,3.528294445994e+02,8.489114244245e-05,9.253134526227e-03,0.000000000000e+00,0.000000000000e+00,6.303857387584e+01,0.000000000000e+00,0.000000000000e+00,0.000000000000e+00,0.000000000000e+00,6.343131653308e-04,6.914013502105e-02,2.653585104237e+02,2.612587280273e+02,0.000000000000e+00,1.170425837466e+00,0.000000000000e+00,5.544480961447e+04,1.090000000000e+02
2.659000000000e+03,1.032364043799e+08,8.756965081041e+04,1.250732818880e+06,5.857643752794e-01,3.532991672721e+02,1.159612967153e-04,1.263978134197e-02,0.000000000000e+00,0.000000000000e+00,6.240899090287e+01,0.000000000000e+00,0.000000000000e+00,0.000000000000e+00,0.000000000000e+00,5.661209096205e-04,6.170717914863e-02,2.654677498383e+02,2.623363647461e+02,0.000000000000e+00,1.170240652281e+00,0.000000000000e+00,5.544627997180e+04,1.090000000000e+02
2.660000000000e+03,1.032364784002e+08,8.749563049135e+04,1.253964254126e+06,5.866755597901e-01,3.536554575664e+02,1.049594221176e-04,1.144057701082e-02,0.000000000000e+00,0.000000000000e+00,-7.402031906374e+01,0.000000000000e+00,0.000000000000e+00,0.000000000000e+00,0.000000000000e+00,6.359090534860e-04,6.931408682998e-02,2.655468975899e+02,2.624875183105e+02,0.000000000000e+00,1.165187072069e+00,0.000000000000e+00,5.544727743558e+04,1.090000000000e+02
2.661000000000e+03,1.032364898734e+08,8.748415732039e+04,1.259288614229e+06,5.885907192834e-01,3.539963662972e+02,9.233918145049e-05,1.006497077810e-02,0.000000000000e+00,0.000000000000e+00,-1.147317095771e+01,0.000000000000e+00,0.000000000000e+00,0.000000000000e+00,0.000000000000e+00,9.703032447741e-04,1.057630536804e-01,2.656087557597e+02,2.624607849121e+02,0.000000000000e+00,1.164172269921e+00,0.000000000000e+00,5.544807691178e+04,1.090000000000e+02
2.662000000000e+03,1.032364460858e+08,8.752794492128e+04,1.263433004546e+06,5.897942423151e-01,3.544288773626e+02,1.158017806514e-04,1.262239409100e-02,0.000000000000e+00,0.000000000000e+00,4.378760089279e+01,0.000000000000e+00,0.000000000000e+00,0.000000000000e+00,0.000000000000e+00,7.969384451183e-04,8.686629051790e-02,2.656999781862e+02,2.630239257812e+02,0.000000000000e+00,1.164098643146e+00,0.000000000000e+00,5.544929253476e+04,1.090000000000e+02
2.663000000000e+03,1.032363528954e+08,8.762113536516e+04,1.266578321450e+06,5.906245447171e-01,3.548069012070e+02,1.334226593166e-04,1.454306986551e-02,0.000000000000e+00,0.000000000000e+00,9.319044388346e+01,0.000000000000e+00,0.000000000000e+00,0.000000000000e+00,0.000000000000e+00,6.509777591745e-04,7.095657575002e-02,2.657566688345e+02,2.627440795898e+02,0.000000000000e+00,1.164414936050e+00,0.000000000000e+00,5.545004653023e+04,1.090000000000e+02
2.664000000000e+03,1.032362712006e+08,8.770283012954e+04,1.269576136172e+06,5.912476727905e-01,3.552649689716e+02,1.245253926218e-04,1.357326779577e-02,0.000000000000e+00,0.000000000000e+00,8.169476437701e+01,0.000000000000e+00,0.000000000000e+00,0.000000000000e+00,0.000000000000e+00,6.164479711225e-04,6.719282885236e-02,2.658398572288e+02,2.635914916992e+02,0.000000000000e+00,1.163823146329e+00,0.000000000000e+00,5.545112073147e+04,1.090000000000e+02
2.665000000000e+03,1.032361943278e+08,8.777970291641e+04,1.273304511927e+06,5.924859347445e-01,3.555545886557e+02,1.327591421388e-04,1.447074649313e-02,0.000000000000e+00,0.000000000000e+00,7.687278687069e+01,0.000000000000e+00,0.000000000000e+00,0.000000000000e+00,0.000000000000e+00,7.442673415652e-04,8.112514023060e-02,2.659509952684e+02,2.643602294922e+02,0.000000000000e+00,1.162727176112e+00,0.000000000000e+00,5.545252719048e+04,1.090000000000e+02
2.666000000000e+03,1.032361204702e+08,8.785356054064e+04,1.277221635880e+06,5.936676247644e-01,3.559283724342e+02,1.543514956578e-04,1.682431302670e-02,0.000000000000e+00,0.000000000000e+00,7.385762423243e+01,0.000000000000e+00,0.000000000000e+00,0.000000000000e+00,0.000000000000e+00,7.964119225624e-04,8.680889955930e-02,2.660778454233e+02,2.653844299316e+02,0.000000000000e+00,1.161567841571e+00,0.000000000000e+00,5.545410255379e+04,1.090000000000e+02
2.667000000000e+03,1.032360486529e+08,8.792537781181e+04,1.280253307230e+06,5.943536698302e-01,3.563539322437e+02,1.666656967150e-04,1.816656094194e-02,0.000000000000e+00,0.000000000000e+00,7.181727116147e+01,0.000000000000e+00,0.000000000000e+00,0.000000000000e+00,0.000000000000e+00,6.637843882290e-04,7.235249831697e-02,2.661728711630e+02,2.653823852539e+02,0.000000000000e+00,1.160104248292e+00,0.000000000000e+00,5.545526490684e+04,1.090000000000e+02
2.668000000000e+03,1.032359782236e+08,8.799580714863e+04,1.283280294551e+06,5.951078977875e-01,3.567373175365e+02,1.921925691603e-04,2.094899003848e-02,0.000000000000e+00,0.000000000000e+00,7.042933681869e+01,0.000000000000e+00,0.000000000000e+00,0.000000000000e+00,0.000000000000e+00,6.891244260000e-04,7.511456243400e-02,2.662558214438e+02,2.653506774902e+02,0.000000000000e+00,1.158314039482e+00,0.000000000000e+00,5.545626859014e+04,1.090000000000e+02
2.669000000000e+03,1.032359089163e+08,8.806511439535e+04,1.286686795950e+06,5.960690946207e-01,3.571005720623e+02,1.882401486353e-04,2.051817620124e-02,0.000000000000e+00,0.000000000000e+00,6.930724672394e+01,0.000000000000e+00,0.000000000000e+00,0.000000000000e+00,0.000000000000e+00,7.476644267705e-04,8.149542251798e-02,2.663457423387e+02,2.656712951660e+02,0.000000000000e+00,1.158314039482e+00,0.000000000000e+00,5.545734338405e+04,1.090000000000e+02
2.670000000000e+03,1.032358405076e+08,8.813352316820e+04,1.291026050878e+06,5.976187061534e-01,3.573690200729e+02,1.972299147282e-04,2.149806070538e-02,0.000000000000e+00,0.000000000000e+00,6.840877285184e+01,0.000000000000e+00,0.000000000000e+00,0.000000000000e+00,0.000000000000e+00,9.110297634915e-04,9.930224422058e-02,2.664347089425e+02,2.658271179199e+02,0.000000000000e+00,1.158221446890e+00,0.000000000000e+00,5.545839303667e+04,1.090000000000e+02
2.671000000000e+03,1.032357727556e+08,8.820127516423e+04,1.294670848652e+06,5.986770042355e-01,3.577394858224e+02,2.100158394166e-04,2.289172649641e-02,0.000000000000e+00,0.000000000000e+00,6.775199602929e+01,0.000000000000e+00,0.000000000000e+00,0.000000000000e+00,0.000000000000e+00,8.100097690963e-04,8.829106483150e-02,2.665001347735e+02,2.656517944336e+02,0.000000000000e+00,1.157934163887e+00,0.000000000000e+00,5.545915756524e+04,1.090000000000e+02
2.672000000000e+03,1.032357055710e+08,8.826845970738e+04,1.297938141392e+06,5.996118713180e-01,3.580777080884e+02,2.493503628202e-04,2.717918954740e-02,0.000000000000e+00,0.000000000000e+00,6.718454315335e+01,0.000000000000e+00,0.000000000000e+00,0.000000000000e+00,0.000000000000e+00,7.865937902245e-04,8.573872313447e-02,2.665725831185e+02,2.660412597656e+02,0.000000000000e+00,1.157325652296e+00,0.000000000000e+00,5.545999611437e+04,1.090000000000e+02
2.673000000000e+03,1.032356389758e+08,8.833505487455e+04,1.302330839917e+06,6.013340741027e-01,3.582523063070e+02,3.153260385377e-04,3.437053820061e-02,0.000000000000e+00,0.000000000000e+00,6.659516716351e+01,0.000000000000e+00,0.000000000000e+00,0.000000000000e+00,0.000000000000e+00,1.037002866324e-03,1.130333124293e-01,2.666848632246e+02,2.670380859375e+02,0.000000000000e+00,1.157007965953e+00,0.000000000000e+00,5.546127555227e+04,1.090000000000e+02
2.674000000000e+03,1.032355728667e+08,8.840116404887e+04,1.308172396356e+06,6.038462110396e-01,3.583540154955e+02,3.284453041587e-04,3.580053815330e-02,0.000000000000e+00,0.000000000000e+00,6.610917432018e+01,0.000000000000e+00,0.000000000000e+00,0.000000000000e+00,0.000000000000e+00,1.289844646848e-03,1.405930665064e-01,2.667970382903e+02,2.674275207520e+02,0.000000000000e+00,1.156822780768e+00,0.000000000000e+00,5.546253120805e+04,1.090000000000e+02
2.675000000000e+03,1.032355069886e+08,8.846704211580e+04,1.314129911402e+06,6.062854956465e-01,3.585322593500e+02,2.627996704080e-04,2.864516407447e-02,0.000000000000e+00,0.000000000000e+00,6.587806692846e+01,0.000000000000e+00,0.000000000000e+00,0.000000000000e+00,0.000000000000e+00,1.244997123059e-03,1.357046864134e-01,2.668723981145e+02,2.674375915527e+02,0.000000000000e+00,1.155656297401e+00,0.000000000000e+00,5.546336336908e+04,1.090000000000e+02
2.676000000000e+03,1.032354412278e+08,8.853280293032e+04,1.319127094546e+06,6.081391537300e-01,3.587945410955e+02,2.284416290919e-04,2.490013757102e-02,0.000000000000e+00,0.000000000000e+00,6.576081452562e+01,0.000000000000e+00,0.000000000000e+00,0.000000000000e+00,0.000000000000e+00,1.052541498625e-03,1.147270233501e-01,2.669301626520e+02,2.670426025391e+02,0.000000000000e+00,1.155563704808e+00,0.000000000000e+00,5.546399659635e+04,1.090000000000e+02
2.677000000000e+03,1.032353754957e+08,8.859853507039e+04,1.322417537146e+06,6.089995903268e-01,3.591793931045e+02,2.528745523196e-04,2.756332620284e-02,0.000000000000e+00,0.000000000000e+00,6.573214006642e+01,0.000000000000e+00,0.000000000000e+00,0.000000000000e+00,0.000000000000e+00,7.959707380015e-04,8.676081044216e-02,2.669573452609e+02,2.664530639648e+02,0.000000000000e+00,1.155563704808e+00,0.000000000000e+00,5.546429485847e+04,1.090000000000e+02
2.678000000000e+03,1.032353098551e+08,8.866417566681e+04,1.325459114373e+06,6.100214953693e-01,3.594001337916e+02,2.684899426261e-04,2.926540374625e-02,0.000000000000e+00,0.000000000000e+00,6.564059641856e+01,0.000000000000e+00,0.000000000000e+00,0.000000000000e+00,0.000000000000e+00,7.701964475307e-04,8.395141278084e-02,2.669896615634e+02,2.665059814453e+02,0.000000000000e+00,1.155563704808e+00,0.000000000000e+00,5.546464863163e+04,1.090000000000e+02
2.679000000000e+03,1.032352444444e+08,8.872958631415e+04,1.330043057971e+06,6.117361404333e-01,3.596284343444e+02,2.953919095362e-04,3.219771813945e-02,0.000000000000e+00,0.000000000000e+00,6.541064734523e+01,0.000000000000e+00,0.000000000000e+00,0.000000000000e+00,0.000000000000e+00,1.051297412057e-03,1.145914179142e-01,2.670436291389e+02,2.668302612305e+02,0.000000000000e+00,1.154837754968e+00,0.000000000000e+00,5.546523232676e+04,1.090000000000e+02
2.680000000000e+03,1.032351793979e+08,8.879463286919e+04,1.333336674295e+06,6.125845256962e-01,3.600124788396e+02,3.458348123517e-04,3.769599454633e-02,0.000000000000e+00,0.000000000000e+00,6.504655504083e+01,0.000000000000e+00,0.000000000000e+00,0.000000000000e+00,0.000000000000e+00,8.861994010904e-04,9.659573471885e-02,2.671480582190e+02,2.678546447754e+02,0.000000000000e+00,1.154416221345e+00,0.000000000000e+00,5.546634353968e+04,1.090000000000e+02
2.681000000000e+03,1.032351145861e+08,8.885944467289e+04,1.335364530056e+06,6.127900789459e-01,3.604317840474e+02,3.364733814259e-04,3.667559857542e-02,0.000000000000e+00,0.000000000000e+00,6.481180369524e+01,0.000000000000e+00,0.000000000000e+00,0.000000000000e+00,0.000000000000e+00,6.674221615017e-04,7.274901560369e-02,2.672552641017e+02,2.686212768555e+02,0.000000000000e+00,1.153899180916e+00,0.000000000000e+00,5.546746410960e+04,1.090000000000e+02
2.682000000000e+03,1.032350499568e+08,8.892407391948e+04,1.337682177155e+06,6.133094897223e-01,3.607427515182e+02,3.845126850279e-04,4.191188266804e-02,0.000000000000e+00,0.000000000000e+00,6.462924659586e+01,0.000000000000e+00,0.000000000000e+00,0.000000000000e+00,0.000000000000e+00,7.624463819595e-04,8.310665563359e-02,2.673872857031e+02,2.694077758789e+02,0.000000000000e+00,1.152207869152e+00,0.000000000000e+00,5.546881837254e+04,1.090000000000e+02
2.683000000000e+03,1.032349854041e+08,8.898862666478e+04,1.339950164357e+06,6.137274686345e-01,3.610995728415e+02,4.088061925070e-04,4.455987498326e-02,0.000000000000e+00,0.000000000000e+00,6.455274529361e+01,0.000000000000e+00,0.000000000000e+00,0.000000000000e+00,0.000000000000e+00,7.785819955966e-04,8.486543752003e-02,2.675203055094e+02,2.699099731445e+02,0.000000000000e+00,1.150413883389e+00,0.000000000000e+00,5.547015412961e+04,1.090000000000e+02
2.684000000000e+03,1.032349208233e+08,8.905309446623e+04,1.342581185766e+06,6.141940577811e-01,3.615250139169e+02,4.516255038014e-04,4.922717991435e-02,0.000000000000e+00,1.130274275379e-01,6.458082887822e+01,0.000000000000e+00,0.000000000000e+00,0.000000000000e+00,0.000000000000e+00,8.814111478359e-04,9.607381511411e-02,2.676564134317e+02,2.703914794922e+02,0.000000000000e+00,1.149206583590e+00,1.130274275379e-01,5.547149223970e+04,1.090000000000e+02
2.685000000000e+03,1.032348555853e+08,8.910856637445e+04,1.346759368322e+06,6.159232249700e-01,3.616255046178e+02,4.848037640492e-04,5.284361028137e-02,0.000000000000e+00,9.766378824101e+00,6.523828704286e+01,0.000000000000e+00,0.000000000000e+00,0.000000000000e+00,0.000000000000e+00,1.171839866788e-03,1.277305454798e-01,2.677592439724e+02,2.702321166992e+02,0.000000000000e+00,1.147947949572e+00,9.766378824101e+00,5.547248427175e+04,1.090000000000e+02
2.686000000000e+03,1.032347895963e+08,8.916185424254e+04,1.351592227562e+06,6.178854986285e-01,3.617662685518e+02,4.856269456386e-04,5.293333707461e-02,0.000000000000e+00,1.270110811244e+01,6.598897620856e+01,0.000000000000e+00,0.000000000000e+00,0.000000000000e+00,0.000000000000e+00,1.282214267448e-03,1.397613551518e-01,2.678294599410e+02,2.700245056152e+02,0.000000000000e+00,1.145822011216e+00,1.270110811244e+01,5.547315263893e+04,1.090000000000e+02
2.687000000000e+03,1.032347231410e+08,8.921270824411e+04,1.355059439071e+06,6.190323322055e-01,3.620170907693e+02,4.838985717091e-04,5.274494431629e-02,0.000000000000e+00,1.560117415441e+01,6.645517572185e+01,0.000000000000e+00,0.000000000000e+00,0.000000000000e+00,0.000000000000e+00,1.054053456275e-03,1.148918267340e-01,2.679151940934e+02,2.705227355957e+02,0.000000000000e+00,1.145071930661e+00,1.560117415441e+01,5.547395972298e+04,1.090000000000e+02
2.688000000000e+03,1.032346562313e+08,8.926096514523e+04,1.357719035786e+06,6.197931719814e-01,3.622775765240e+02,4.907519156899e-04,5.349195881020e-02,0.000000000000e+00,1.865252913508e+01,6.690943025670e+01,0.000000000000e+00,0.000000000000e+00,0.000000000000e+00,0.000000000000e+00,9.276387476429e-04,1.011126234931e-01,2.679939032614e+02,2.704778747559e+02,0.000000000000e+00,1.144487986641e+00,1.865252913508e+01,5.547469030192e+04,1.090000000000e+02
2.689000000000e+03,1.032345888834e+08,8.930756061769e+04,1.359782487537e+06,6.201322318051e-01,3.626250206748e+02,5.104385863566e-04,5.563780591287e-02,0.000000000000e+00,2.075207879107e+01,6.734755125109e+01,0.000000000000e+00,0.000000000000e+00,0.000000000000e+00,0.000000000000e+00,8.487372225155e-04,9.251235725419e-02,2.680733398872e+02,2.707965087891e+02,0.000000000000e+00,1.144117616271e+00,2.075207879107e+01,5.547541842823e+04,1.090000000000e+02
2.690000000000e+03,1.032345211549e+08,8.935058829087e+04,1.361558107077e+06,6.204682075654e-01,3.628960674172e+02,5.758143171723e-04,6.276376057178e-02,0.000000000000e+00,2.470123508024e+01,6.772890825918e+01,0.000000000000e+00,0.000000000000e+00,0.000000000000e+00,0.000000000000e+00,8.658257090255e-04,9.437500228378e-02,2.681724100025e+02,2.715332641602e+02,0.000000000000e+00,1.143111399710e+00,2.470123508024e+01,5.547631313228e+04,1.090000000000e+02
2.691000000000e+03,1.032344529471e+08,8.939105175590e+04,1.362786906060e+06,6.204266486157e-01,3.632428367461e+02,6.558506076009e-04,7.148771622850e-02,0.000000000000e+00,2.774510486128e+01,6.820856989249e+01,0.000000000000e+00,0.000000000000e+00,0.000000000000e+00,0.000000000000e+00,8.559155477624e-04,9.329479470610e-02,2.682595274338e+02,2.717089233398e+02,0.000000000000e+00,1.142686241131e+00,2.774510486128e+01,5.547708698369e+04,1.090000000000e+02
2.692000000000e+03,1.032343843174e+08,8.942747347813e+04,1.363559697873e+06,6.202268590226e-01,3.635591428680e+02,6.933596055831e-04,7.557619700856e-02,0.000000000000e+00,3.220718686748e+01,6.862890909751e+01,0.000000000000e+00,0.000000000000e+00,0.000000000000e+00,0.000000000000e+00,8.169714460065e-04,8.904988761471e-02,2.683773495054e+02,2.724472961426e+02,0.000000000000e+00,1.142399204094e+00,3.220718686748e+01,5.547811620464e+04,1.090000000000e+02
2.693000000000e+03,1.032343151785e+08,8.945900897149e+04,1.364244865752e+06,6.199560845002e-01,3.638941187527e+02,6.620443840215e-04,7.216283785835e-02,0.000000000000e+00,3.760334774662e+01,6.913884110785e+01,0.000000000000e+00,0.000000000000e+00,0.000000000000e+00,0.000000000000e+00,7.712738677957e-04,8.406885158974e-02,2.684944754873e+02,2.728903503418e+02,0.000000000000e+00,1.141717190281e+00,3.760334774662e+01,5.547911771333e+04,1.090000000000e+02
2.694000000000e+03,1.032345717436e+08,8.955531713983e+04,1.365073426095e+06,6.197979128741e-01,3.642003672941e+02,6.648070979911e-04,7.246397368103e-02,0.000000000000e+00,5.272440575025e+01,-2.565649466644e+02,6.706806063007e-05,7.310418608678e-03,0.000000000000e+00,0.000000000000e+00,8.641382962917e-04,9.419107429579e-02,2.686361743407e+02,2.731107177734e+02,0.000000000000e+00,1.137458281013e+00,5.272440575025e+01,5.548028552298e+04,1.090000000000e+02
2.695000000000e+03,1.032466302210e+08,9.195754717620e+04,1.352389521648e+06,6.135098095440e-01,3.644757780885e+02,5.995303750362e-04,6.534881087895e-02,0.000000000000e+00,3.606511100327e+02,-1.205847753796e+04,2.450726643319e-03,2.671292041218e-01,0.000000000000e+00,0.000000000000e+00,9.291217105413e-04,1.012742664490e-01,2.694498806339e+02,2.735635070801e+02,0.000000000000e+00,1.009574748053e+00,3.606511100327e+02,5.548616685849e+04,1.090000000000e+02
2.696000000000e+03,1.032673297774e+08,9.821505535142e+04,1.324964061332e+06,6.002162858301e-01,3.649522998729e+02,4.847052359879e-04,5.283287072268e-02,0.000000000000e+00,1.351740490759e+03,-2.069956035829e+04,4.502170466888e-03,4.907365808908e-01,1.782263466119e-04,1.942667178070e-02,4.277445181389e-04,4.662415247714e-02,2.704529773758e+02,2.737495727539e+02,0.000000000000e+00,7.661682933217e-01,1.351740490759e+03,5.549236881972e+04,1.090000000000e+02
2.697000000000e+03,1.032999078577e+08,1.153235908112e+05,1.268732698186e+06,5.736327348354e-01,3.656034194024e+02,2.695003987586e-04,2.937554346469e-02,0.000000000000e+00,8.470572469120e+03,-3.257807780094e+04,9.058717282311e-03,9.874001837719e-01,5.552770390320e-04,6.052519725449e-02,0.000000000000e+00,0.000000000000e+00,2.722724391018e+02,2.749679870605e+02,0.000000000000e+00,3.683055547071e-01,8.470572469120e+03,5.550075450380e+04,1.090000000000e+02
2.698000000000e+03,1.033275516114e+08,1.383362769629e+05,1.182724063587e+06,5.337734782930e-01,3.662509973377e+02,5.741056556393e-05,6.257751646468e-03,0.000000000000e+00,5.690722711010e+04,-2.764375707548e+04,1.416961377273e-02,1.544487901227e+00,3.610104416095e-03,3.935013813544e-01,0.000000000000e+00,0.000000000000e+00,2.730711500596e+02,2.757260437012e+02,0.000000000000e+00,7.222222222192e-03,5.690722711010e+04,5.550351138275e+04,1.090000000000e+02
2.699000000000e+03,1.033319834325e+08,1.558841658681e+05,1.080912983679e+06,4.870091336506e-01,3.668647877803e+02,-5.914425267384e-05,-6.446723541449e-03,0.000000000000e+00,9.975876345971e+04,-4.431818527110e+03,1.688771992520e-02,1.840761471846e+00,3.234729338223e-03,3.525854978663e-01,0.000000000000e+00,0.000000000000e+00,2.730663850058e+02,2.760657348633e+02,0.000000000000e+00,1.851851851823e-03,9.975876345971e+04,5.550350126209e+04,1.090000000000e+02
2.700000000000e+03,1.033347377876e+08,1.715322913067e+05,9.707075673256e+05,4.366711608507e-01,3.674399290714e+02,-1.178943878563e-04,-1.285048827633e-02,0.000000000000e+00,9.489920790195e+04,-2.754352688808e+03,1.833396738065e-02,1.998402444491e+00,3.939533414362e-04,4.294091421655e-02,0.000000000000e+00,0.000000000000e+00,2.730603512196e+02,2.761352539063e+02,0.000000000000e+00,6.388888888865e-03,9.489920790195e+04,5.550348689544e+04,1.090000000000e+02
2.701000000000e+03,1.033367317890e+08,1.857976567956e+05,8.592855153720e+05,3.859593643821e-01,3.680004389093e+02,-1.238070362144e-04,-1.349496694736e-02,0.000000000000e+00,9.982969113190e+04,-1.993997941684e+03,1.854101577192e-02,2.020970719140e+00,6.476397963027e-04,7.059273779700e-02,0.000000000000e+00,0.000000000000e+00,2.730564756423e+02,2.759951782227e+02,0.000000000000e+00,9.444444444417e-03,9.982969113190e+04,5.550347722215e+04,1.090000000000e+02
2.702000000000e+03,1.033382787238e+08,1.990749787766e+05,7.414767339506e+05,3.325628515913e-01,3.685327833983e+02,-1.427399230169e-04,-1.555865160884e-02,0.000000000000e+00,1.064786752608e+05,-1.546933372952e+03,1.961564622846e-02,2.138105438902e+00,4.348267546873e-04,4.739611626092e-02,0.000000000000e+00,0.000000000000e+00,2.730547224743e+02,2.762627258301e+02,0.000000000000e+00,7.407407407389e-03,1.064786752608e+05,5.550347251732e+04,1.090000000000e+02
2.703000000000e+03,1.033394595026e+08,2.114087506650e+05,6.194674617969e+05,2.774606659643e-01,3.690364564775e+02,-1.520773654304e-04,-1.657643283192e-02,0.000000000000e+00,1.105945065114e+05,-1.180778448761e+03,2.031929078820e-02,2.214802695914e+00,1.950161123874e-04,2.125675625022e-02,0.000000000000e+00,0.000000000000e+00,2.730520502097e+02,2.762880859375e+02,0.000000000000e+00,5.833333333322e-03,1.105945065114e+05,5.550346561437e+04,1.090000000000e+02
2.704000000000e+03,1.033403855931e+08,2.229889001140e+05,4.985464562640e+05,2.230247331846e-01,3.694915994749e+02,-1.666588410937e-04,-1.816581367922e-02,0.000000000000e+00,1.106193448614e+05,-9.260929414507e+02,2.015399485170e-02,2.196785438835e+00,1.977537565446e-04,2.155515946336e-02,0.000000000000e+00,0.000000000000e+00,2.730488763771e+02,2.766585998535e+02,0.000000000000e+00,4.259259259258e-03,1.106193448614e+05,5.550345755295e+04,1.090000000000e+02
2.705000000000e+03,1.033411480142e+08,2.239628245916e+05,3.626996856611e+05,1.621274033297e-01,3.697785272273e+02,-2.491440572986e-04,-2.715670224555e-02,0.000000000000e+00,3.795074974272e+05,-7.623482822421e+02,2.270371468360e-02,2.474704900513e+00,4.031301886848e-02,4.394119056664e+00,0.000000000000e+00,0.000000000000e+00,2.730673361083e+02,2.772521362305e+02,0.000000000000e+00,3.703703703705e-03,3.795074974272e+05,5.550350708912e+04,1.090000000000e+02
2.706000000000e+03,1.033417093760e+08,2.204746642522e+05,2.162491841114e+05,9.665213612244e-02,3.698216273232e+02,-2.851646782827e-04,-3.108294993281e-02,0.000000000000e+00,3.931815910779e+05,-5.614792054690e+02,2.449262456448e-02,2.669696077528e+00,4.001357966688e-02,4.361480183690e+00,0.000000000000e+00,0.000000000000e+00,2.730574417349e+02,2.768986206055e+02,0.000000000000e+00,3.333333333337e-03,3.931815910779e+05,5.550348239890e+04,1.090000000000e+02
2.707000000000e+03,1.033421687786e+08,2.296202879405e+05,7.118367554321e+04,3.186716491211e-02,3.692074339226e+02,-2.749228518358e-04,-2.996659085010e-02,0.000000000000e+00,1.384518442798e+05,-4.593896677539e+02,2.425316795904e-02,2.643595307535e+00,2.195302384525e-04,2.392879599132e-02,0.000000000000e+00,0.000000000000e+00,2.730548985196e+02,2.771823425293e+02,0.000000000000e+00,2.870370370381e-03,1.384518442798e+05,5.550347564958e+04,1.090000000000e+02
2.708000000000e+03,1.033433053352e+08,1.070565892398e+05,3.058733938279e+03,1.380682477384e-03,3.661599967682e+02,-3.704096550137e-04,-4.037465239649e-02,3.368904022471e-03,1.925751957914e+05,-9.495839453354e+02,1.139685568261e-02,1.242257269404e+00,1.292709746583e-04,1.409053623775e-02,0.000000000000e+00,0.000000000000e+00,2.739179208566e+02,2.772532348633e+02,1.944444444442e-03,6.759259259299e-03,1.925751957914e+05,5.550444896663e+04,1.090000000000e+02
2.709000000000e+03,1.033462947962e+08,6.110466728114e+04,2.319530727788e+01,1.058096899416e-05,3.625099211223e+02,4.941321805606e-04,5.386040768111e-02,-6.138394867222e-02,5.074126907782e+04,-6.396569949658e+03,5.068033929322e-04,5.524156982961e-02,1.278160077600e-03,1.393194484584e-01,0.000000000000e+00,0.000000000000e+00,2.781304493836e+02,2.775728149414e+02,3.018518518516e-02,5.157407407405e-02,5.074126907782e+04,5.550168773904e+04,1.090000000000e+02
2.710000000000e+03,1.033425958938e+08,4.063486790519e+04,5.944201647799e-01,2.733353110136e-07,3.602971783640e+02,1.039389758852e-03,1.132934837149e-01,-1.181589100779e-01,2.607383379738e+04,-2.859133508134e+03,3.774043218107e-06,4.113707107737e-04,1.350558247745e-03,1.472108490042e-01,0.000000000000e+00,0.000000000000e+00,2.792207548924e+02,2.781106567383e+02,4.796296296292e-02,7.814814814811e-02,2.607383379738e+04,5.549855246265e+04,1.090000000000e+02
2.711000000000e+03,1.033331797510e+08,2.431028841767e+04,4.226811307743e-01,1.936055283955e-07,3.606932323218e+02,1.133432032347e-03,1.235440915258e-01,-1.279847726529e-01,2.103299270515e+04,2.313165370114e+03,2.889312098788e-08,3.149350187679e-06,3.551467884252e-04,3.871099993835e-02,0.000000000000e+00,0.000000000000e+00,2.802045184437e+02,2.785783386230e+02,6.555555555550e-02,1.114814814814e-01,2.103299270515e+04,5.549517066295e+04,1.090000000000e+02
2.712000000000e+03,1.033239146626e+08,1.314662052055e+04,4.182695514211e-01,1.911921638670e-07,3.612541109623e+02,1.153306480253e-03,1.257104063475e-01,-1.288785836837e-01,1.514727577315e+04,2.112820219923e+03,7.221161797545e-10,7.871066359324e-08,2.801605089903e-04,3.053749547994e-02,0.000000000000e+00,0.000000000000e+00,2.806945465498e+02,2.790574340820e+02,8.148148148141e-02,1.425925925926e-01,1.514727577315e+04,5.549352368313e+04,1.090000000000e+02
2.713000000000e+03,1.033142604551e+08,6.179183800990e+03,4.179127123576e-01,1.906831096217e-07,3.618625260698e+02,1.167974194958e-03,1.273091872505e-01,-1.292300338138e-01,1.003189395875e+04,2.482726847688e+03,5.013182979800e-11,5.464369447981e-09,7.850347277071e-05,8.556878532007e-03,0.000000000000e+00,0.000000000000e+00,2.814609467296e+02,2.794629516602e+02,9.592592592584e-02,1.736111111111e-01,1.003189395875e+04,5.549031187291e+04,1.090000000000e+02
2.714000000000e+03,1.033051112091e+08,2.089836435900e+03,4.178750103695e-01,1.903211062433e-07,3.602276939206e+02,1.146707641552e-03,1.249911329291e-01,-1.260562927790e-01,7.085356112084e+03,2.154152896143e+03,4.178616341271e-12,4.554691811985e-10,1.293675452416e-04,1.410106243133e-02,0.000000000000e+00,0.000000000000e+00,2.817453094947e+02,2.796016235352e+02,1.066666666666e-01,2.020370370370e-01,7.085356112084e+03,5.548921181214e+04,1.090000000000e+02
2.715000000000e+03,1.032979722908e+08,1.751977866280e+01,4.178883774954e-01,1.899751593635e-07,3.608845790352e+02,1.053244493162e-03,1.148036497547e-01,-1.153146803461e-01,4.929539946527e+03,7.398884967860e+02,0.000000000000e+00,0.000000000000e+00,3.453376091619e-04,3.764179939864e-02,0.000000000000e+00,0.000000000000e+00,2.814422699700e+02,2.791690673828e+02,1.205555555555e-01,2.254629629629e-01,4.929539946527e+03,5.549087666530e+04,1.090000000000e+02
2.716000000000e+03,1.032999673810e+08,1.779750569025e+01,4.178767749837e-01,1.896322391657e-07,3.615380675721e+02,1.035191175836e-03,1.128358381661e-01,-1.127963912693e-01,2.211888175192e+03,-8.254379110188e+03,0.000000000000e+00,0.000000000000e+00,1.730794831184e-03,1.886566365991e-01,0.000000000000e+00,0.000000000000e+00,2.817852316526e+02,2.793969116211e+02,1.319444444444e-01,2.273148148148e-01,2.211888175192e+03,5.548928449065e+04,1.090000000000e+02
2.717000000000e+03,1.033096361301e+08,1.978616233491e+01,4.178677177717e-01,1.892922986671e-07,3.621882005729e+02,1.134884664841e-03,1.237024284677e-01,-1.236439669272e-01,2.611789909001e+03,-1.652981548211e+04,0.000000000000e+00,0.000000000000e+00,3.165641402706e-03,3.450549128949e-01,0.000000000000e+00,0.000000000000e+00,2.820363663583e+02,2.798356933594e+02,1.424074074074e-01,2.137037037037e-01,2.611789909001e+03,5.548806656626e+04,1.090000000000e+02
2.718000000000e+03,1.033543008362e+08,3.745424799751e+01,4.178358837959e-01,1.889552906268e-07,3.628350183031e+02,1.379365805412e-03,1.503508727899e-01,-1.502574833208e-01,4.867021429911e+03,-5.300214192640e+04,0.000000000000e+00,0.000000000000e+00,9.572205568129e-03,1.043370406926e+00,0.000000000000e+00,0.000000000000e+00,2.828635897380e+02,2.808309326172e+02,1.535185185185e-01,1.311111111111e-01,4.867021429911e+03,5.548382571138e+04,1.090000000000e+02
2.719000000000e+03,1.033829138758e+08,4.219745271057e+01,4.178279933775e-01,1.886211718367e-07,3.634785602718e+02,1.871474635440e-03,2.039907352630e-01,-2.037388229345e-01,1.107961003562e+04,-3.991758974242e+04,0.000000000000e+00,0.000000000000e+00,8.435502788316e-03,9.194698039264e-01,0.000000000000e+00,0.000000000000e+00,2.830655349631e+02,2.810282287598e+02,1.645370370370e-01,7.898148148147e-02,1.107961003562e+04,5.548274136338e+04,1.090000000000e+02
2.720000000000e+03,1.034028847097e+08,3.383406617107e+03,4.178391860606e-01,1.882898970346e-07,3.641188652512e+02,2.018549727731e-03,2.200219203227e-01,-2.160253582930e-01,2.766530322405e+04,-3.195703528138e+04,0.000000000000e+00,0.000000000000e+00,1.044774748936e-02,1.138804476340e+00,0.000000000000e+00,0.000000000000e+00,2.827900053217e+02,2.809876098633e+02,1.752777777777e-01,2.370370370376e-02,2.766530322405e+04,5.548421726021e+04,1.090000000000e+02
2.721000000000e+03,1.034095704682e+08,1.023093679655e+03,4.178247104153e-01,1.879614236538e-07,3.647559712951e+02,2.185071307656e-03,2.381727725345e-01,-2.277183631407e-01,5.425245696607e+04,-1.932071383205e+04,0.000000000000e+00,0.000000000000e+00,1.187103449754e-02,1.293942760232e+00,0.000000000000e+00,0.000000000000e+00,2.831543934609e+02,2.814077453613e+02,1.846296296296e-01,2.425925925929e-02,5.425245696607e+04,5.548226519570e+04,1.090000000000e+02
2.722000000000e+03,1.034026822955e+08,3.895768662800e+01,4.178283728780e-01,1.876357092542e-07,3.653899157569e+02,2.089811010781e-03,2.277894001751e-01,-2.266267057238e-01,1.302377006837e+04,-5.686019950091e+03,0.000000000000e+00,0.000000000000e+00,2.941636812364e-03,3.206384125477e-01,0.000000000000e+00,0.000000000000e+00,2.830636411913e+02,2.810485839844e+02,1.927777777777e-01,6.509259259258e-02,1.302377006837e+04,5.548275638490e+04,1.090000000000e+02
2.723000000000e+03,1.033902866957e+08,3.283378467196e+01,4.178116177575e-01,1.873127124955e-07,3.660207353074e+02,1.925385864820e-03,2.098670592653e-01,-2.097275868734e-01,7.662574989158e+03,7.592046268944e+02,0.000000000000e+00,0.000000000000e+00,1.141735007620e-03,1.244491158306e-01,0.000000000000e+00,0.000000000000e+00,2.834653895006e+02,2.814255371094e+02,2.006481481481e-01,1.002777777777e-01,7.662574989158e+03,5.548054890371e+04,1.090000000000e+02
2.724000000000e+03,1.033770699134e+08,2.671633962541e+01,4.178080712016e-01,1.869923929409e-07,3.666484659515e+02,1.786702862435e-03,1.947506120054e-01,-1.946289734527e-01,5.632803287835e+03,2.418368553692e+03,0.000000000000e+00,0.000000000000e+00,5.315952348729e-04,5.794388060115e-02,0.000000000000e+00,0.000000000000e+00,2.835473812504e+02,2.815067443848e+02,2.093518518518e-01,1.329629629629e-01,5.632803287835e+03,5.548009064330e+04,1.090000000000e+02
2.725000000000e+03,1.033636090609e+08,2.227625121446e+01,4.177787593252e-01,1.866747110589e-07,3.672731430444e+02,1.639289267916e-03,1.786825302028e-01,-1.785805905803e-01,3.969962550606e+03,3.553211113791e+03,0.000000000000e+00,0.000000000000e+00,6.906641733315e-05,7.528239489313e-03,0.000000000000e+00,0.000000000000e+00,2.842221201735e+02,2.821379394531e+02,2.193518518518e-01,1.646296296296e-01,3.969962550606e+03,5.547621584324e+04,1.090000000000e+02
2.726000000000e+03,1.033519529382e+08,1.929489315807e+01,4.177704843301e-01,1.863596281210e-07,3.678948013081e+02,1.482614219442e-03,1.616049499192e-01,-1.615193100383e-01,3.017988052976e+03,2.695433821166e+03,0.000000000000e+00,0.000000000000e+00,5.358675750839e-05,5.840956568414e-03,0.000000000000e+00,0.000000000000e+00,2.844068788381e+02,2.824451293945e+02,2.293518518518e-01,1.928703703704e-01,3.017988052976e+03,5.547512613563e+04,1.090000000000e+02
2.727000000000e+03,1.033641871101e+08,2.681303544506e+01,4.177733582632e-01,1.860471062378e-07,3.685134748462e+02,1.377508577369e-03,1.501484349332e-01,-1.500612909153e-01,3.507587254194e+03,-2.055912942993e+04,0.000000000000e+00,0.000000000000e+00,3.982071744450e-03,4.340458201451e-01,0.000000000000e+00,0.000000000000e+00,2.843433749083e+02,2.823237609863e+02,2.388888888888e-01,1.741666666667e-01,3.507587254194e+03,5.547550202602e+04,1.090000000000e+02
2.728000000000e+03,1.033764278472e+08,2.721062037808e+01,4.177817451584e-01,1.857371071537e-07,3.691291971591e+02,1.446286464427e-03,1.576452246226e-01,-1.575421251558e-01,5.131781549763e+03,-2.098083565729e+04,0.000000000000e+00,0.000000000000e+00,4.319328824712e-03,4.708068418936e-01,0.000000000000e+00,0.000000000000e+00,2.841554748926e+02,2.824651489258e+02,2.443518518518e-01,1.558333333333e-01,5.131781549763e+03,5.547660605993e+04,1.090000000000e+02
2.729000000000e+03,1.033743387317e+08,2.611028492940e+01,4.177783916440e-01,1.854295966416e-07,3.697420011586e+02,1.474721345947e-03,1.607446267082e-01,-1.606440240393e-01,4.596892600403e+03,-6.823102620405e+03,0.000000000000e+00,0.000000000000e+00,1.889263253603e-03,2.059296946428e-01,0.000000000000e+00,0.000000000000e+00,2.842306568333e+02,2.821457519531e+02,2.500000000000e-01,1.660185185185e-01,4.596892600403e+03,5.547616542738e+04,1.090000000000e+02
2.730000000000e+03,1.033796866971e+08,2.817320213254e+01,4.177645898140e-01,1.851245382778e-07,3.703519191817e+02,1.575771929286e-03,1.717591402922e-01,-1.716480647638e-01,4.781302573393e+03,-1.487047209031e+04,0.000000000000e+00,0.000000000000e+00,3.251267686742e-03,3.543881778549e-01,0.000000000000e+00,0.000000000000e+00,2.845390741984e+02,2.825447692871e+02,2.598148148148e-01,1.612037037037e-01,4.781302573393e+03,5.547433665991e+04,1.090000000000e+02
2.731000000000e+03,1.033777279945e+08,2.533990614072e+01,4.177428344512e-01,1.848218961351e-07,3.709589830045e+02,1.634733453686e-03,1.781859464518e-01,-1.780700565035e-01,4.886536368184e+03,-7.919684449178e+03,0.000000000000e+00,0.000000000000e+00,2.118468695879e-03,2.309130878508e-01,0.000000000000e+00,0.000000000000e+00,2.850154867214e+02,2.828715820313e+02,2.696296296296e-01,1.707407407407e-01,4.886536368184e+03,5.547145150176e+04,1.090000000000e+02
2.732000000000e+03,1.033677560171e+08,2.189018011122e+01,4.177605251114e-01,1.845216380659e-07,3.715632238549e+02,1.537834103178e-03,1.676239172464e-01,-1.675231740250e-01,3.726122540774e+03,6.787328824409e+02,0.000000000000e+00,0.000000000000e+00,5.043004270014e-04,5.496874654315e-02,0.000000000000e+00,0.000000000000e+00,2.846281018947e+02,2.822342224121e+02,2.746296296296e-01,1.950925925926e-01,3.726122540774e+03,5.547380441273e+04,1.090000000000e+02
2.733000000000e+03,1.033590853424e+08,1.953963052318e+01,4.177812254942e-01,1.842237295827e-07,3.721646724262e+02,1.355005083319e-03,1.476955540817e-01,-1.476117543661e-01,3.012239600281e+03,4.816389857333e+02,0.000000000000e+00,0.000000000000e+00,4.188487395350e-04,4.565451260932e-02,0.000000000000e+00,0.000000000000e+00,2.841647314664e+02,2.820247192383e+02,2.800000000000e-01,2.159259259259e-01,3.012239600281e+03,5.547655308062e+04,1.090000000000e+02
2.734000000000e+03,1.033531065913e+08,1.890782604576e+01,4.177408556857e-01,1.839281383455e-07,3.727633588888e+02,1.282565234954e-03,1.397996106100e-01,-1.397233672190e-01,2.662916560907e+03,-1.772472796795e+03,0.000000000000e+00,0.000000000000e+00,7.340944818451e-04,8.001629852111e-02,0.000000000000e+00,0.000000000000e+00,2.850546267719e+02,2.832162170410e+02,2.900000000000e-01,2.310185185185e-01,2.662916560907e+03,5.547121226376e+04,1.090000000000e+02
2.735000000000e+03,1.033468397200e+08,1.731989670001e+01,4.177042264407e-01,1.836348313617e-07,3.733593129026e+02,1.314539650097e-03,1.432848218606e-01,-1.432082383251e-01,2.445148314467e+03,-1.676957923274e+03,0.000000000000e+00,0.000000000000e+00,6.821748119297e-04,7.435705450034e-02,0.000000000000e+00,0.000000000000e+00,2.858307399673e+02,2.837638244629e+02,2.962037037037e-01,2.473148148148e-01,2.445148314467e+03,5.546635873673e+04,1.090000000000e+02
2.736000000000e+03,1.033418084166e+08,1.710243841084e+01,4.177038994368e-01,1.833437775282e-07,3.739525636291e+02,1.276878670445e-03,1.391797750785e-01,-1.391066654574e-01,2.210502832108e+03,-2.684690071429e+03,0.000000000000e+00,0.000000000000e+00,8.102760750275e-04,8.832009217800e-02,0.000000000000e+00,0.000000000000e+00,2.858370840194e+02,2.838768920898e+02,3.002777777777e-01,2.611111111111e-01,2.210502832108e+03,5.546631858249e+04,1.090000000000e+02
2.737000000000e+03,1.033363875261e+08,1.554517863686e+01,4.177206180014e-01,1.830549461162e-07,3.745431397418e+02,1.225794362947e-03,1.336115855613e-01,-1.335413431837e-01,2.068424610433e+03,-1.986545814907e+03,0.000000000000e+00,0.000000000000e+00,6.710465373306e-04,7.314407256903e-02,0.000000000000e+00,0.000000000000e+00,2.854855166708e+02,2.833965148926e+02,3.100925925925e-01,2.743518518518e-01,2.068424610433e+03,5.546853846150e+04,1.090000000000e+02
2.738000000000e+03,1.033291432305e+08,1.444090008084e+01,4.177273321703e-01,1.827683067083e-07,3.751310694384e+02,1.194392670229e-03,1.301888010549e-01,-1.301237800745e-01,1.753840372410e+03,2.623654714412e+01,0.000000000000e+00,0.000000000000e+00,2.861184179068e-04,3.118690755184e-02,0.000000000000e+00,0.000000000000e+00,2.853417407449e+02,2.832008056641e+02,3.186111111111e-01,2.911111111111e-01,1.753840372410e+03,5.546943659804e+04,1.090000000000e+02
2.739000000000e+03,1.033248872736e+08,1.468882771260e+01,4.177129121635e-01,1.824838298173e-07,3.757163804507e+02,1.184893024103e-03,1.291533396272e-01,-1.290896101016e-01,1.674989931074e+03,-2.904668460497e+03,0.000000000000e+00,0.000000000000e+00,7.580558647418e-04,8.262808925686e-02,0.000000000000e+00,0.000000000000e+00,2.856454726187e+02,2.836847839355e+02,3.211111111110e-01,3.024074074074e-01,1.674989931074e+03,5.546753214182e+04,1.090000000000e+02
2.740000000000e+03,1.033232373740e+08,1.489996548709e+01,4.177162564307e-01,1.822014860401e-07,3.762991000554e+02,1.150610033178e-03,1.254164936164e-01,-1.253524601982e-01,1.742032175602e+03,-5.303333559418e+03,0.000000000000e+00,0.000000000000e+00,1.165887001595e-03,1.270816831739e-01,0.000000000000e+00,0.000000000000e+00,2.855754490473e+02,2.836751708984e+02,3.318518518518e-01,3.087962962963e-01,1.742032175602e+03,5.546797354915e+04,1.090000000000e+02
2.741000000000e+03,1.033194481544e+08,1.376360063570e+01,4.177237714298e-01,1.819212472200e-07,3.768792550843e+02,1.126152135541e-03,1.227505827740e-01,-1.226890365613e-01,1.654737091651e+03,-3.016361789661e+03,0.000000000000e+00,0.000000000000e+00,7.729325156923e-04,8.424964421046e-02,0.000000000000e+00,0.000000000000e+00,2.854155881543e+02,2.835539245605e+02,3.456481481481e-01,3.185185185185e-01,1.654737091651e+03,5.546897565800e+04,1.090000000000e+02
2.742000000000e+03,1.033126274861e+08,1.240147762844e+01,4.177160190839e-01,1.816430850993e-07,3.774568719340e+02,1.111556983571e-03,1.211597112092e-01,-1.211029812999e-01,1.401081976394e+03,1.030741129916e+02,0.000000000000e+00,0.000000000000e+00,2.149513519555e-04,2.342969736315e-02,0.000000000000e+00,0.000000000000e+00,2.855791081755e+02,2.836198730469e+02,3.576851851851e-01,3.333333333333e-01,1.401081976394e+03,5.546795037580e+04,1.090000000000e+02
2.743000000000e+03,1.033201923088e+08,1.784803178427e+01,4.177305392520e-01,1.813669723723e-07,3.780319765754e+02,1.062345262942e-03,1.157956336607e-01,-1.157329692323e-01,1.769449513474e+03,-1.398458751985e+04,0.000000000000e+00,0.000000000000e+00,2.607082296320e-03,2.841719702989e-01,0.000000000000e+00,0.000000000000e+00,2.852720878386e+02,2.832793273926e+02,3.697222222221e-01,3.248148148148e-01,1.769449513474e+03,5.546986971082e+04,1.090000000000e+02
2.744000000000e+03,1.033255262553e+08,1.547682533464e+01,4.177274443327e-01,1.810928817937e-07,3.786045945633e+02,1.046366809740e-03,1.140539822617e-01,-1.139855376480e-01,2.264198565741e+03,-1.165686593065e+04,0.000000000000e+00,0.000000000000e+00,2.302656170346e-03,2.509895225677e-01,0.000000000000e+00,0.000000000000e+00,2.853389467027e+02,2.832844848633e+02,3.804629629628e-01,3.195370370370e-01,2.264198565741e+03,5.546945405063e+04,1.090000000000e+02
2.745000000000e+03,1.033191559404e+08,1.396188453968e+01,4.177377782643e-01,1.808207874815e-07,3.791747510452e+02,9.986263868373e-04,1.088502761653e-01,-1.087946920805e-01,1.668883877830e+03,3.352916835211e+02,0.000000000000e+00,0.000000000000e+00,2.208000032324e-04,2.406720035233e-02,0.000000000000e+00,0.000000000000e+00,2.851185100688e+02,2.829555969238e+02,3.912962962962e-01,3.332407407407e-01,1.668883877830e+03,5.547082015345e+04,1.090000000000e+02
2.746000000000e+03,1.033137560108e+08,1.311748314245e+01,4.177631454557e-01,1.805506632929e-07,3.797424707703e+02,9.217190483752e-04,1.004673762729e-01,-1.004180697085e-01,1.485772635544e+03,-1.706625115166e+02,0.000000000000e+00,0.000000000000e+00,2.742420761111e-04,2.989238629611e-02,0.000000000000e+00,0.000000000000e+00,2.845656746608e+02,2.824926147461e+02,4.013888888889e-01,3.448148148148e-01,1.485772635544e+03,5.547418042851e+04,1.090000000000e+02
2.747000000000e+03,1.033081795384e+08,1.236218313593e+01,4.177399020293e-01,1.802824837992e-07,3.803077780980e+02,9.152893514532e-04,9.976653930840e-02,-9.971909213834e-02,1.343914383762e+03,4.465732139869e+01,0.000000000000e+00,0.000000000000e+00,2.151662567560e-04,2.345312198640e-02,0.000000000000e+00,0.000000000000e+00,2.850717954847e+02,2.827685852051e+02,4.110185185185e-01,3.573148148148e-01,1.343914383762e+03,5.547110767556e+04,1.090000000000e+02
2.748000000000e+03,1.033062510810e+08,1.344827843497e+01,4.177120898661e-01,1.800162239737e-07,3.808706970061e+02,9.610349178368e-04,1.047528060442e-01,-1.047019747898e-01,1.366680194694e+03,-3.879439659922e+03,0.000000000000e+00,0.000000000000e+00,8.683085400614e-04,9.464563086670e-02,0.000000000000e+00,0.000000000000e+00,2.856616772185e+02,2.836785278320e+02,4.205555555555e-01,3.635185185185e-01,1.366680194694e+03,5.546743004377e+04,1.090000000000e+02
2.749000000000e+03,1.033117704261e+08,1.584563536604e+01,4.176969605780e-01,1.797518592313e-07,3.814312510991e+02,1.019895795216e-03,1.111686416786e-01,-1.111082536196e-01,1.707516657803e+03,-1.168230258565e+04,0.000000000000e+00,0.000000000000e+00,2.215646147348e-03,2.415054300609e-01,0.000000000000e+00,0.000000000000e+00,2.859760277252e+02,2.839899291992e+02,4.305555555555e-01,3.575000000000e-01,1.707516657803e+03,5.546543223003e+04,1.090000000000e+02
2.750000000000e+03,1.033132279348e+08,1.413482286649e+01,4.177060311940e-01,1.794893657307e-07,3.819894636161e+02,1.019664527002e-03,1.111434334433e-01,-1.110825532233e-01,1.836319362366e+03,-7.618994315201e+03,0.000000000000e+00,0.000000000000e+00,1.564203097183e-03,1.704981375930e-01,0.000000000000e+00,0.000000000000e+00,2.857889337310e+02,2.839898071289e+02,4.406481481481e-01,3.586111111111e-01,1.836319362366e+03,5.546662436677e+04,1.090000000000e+02
2.751000000000e+03,1.033074967371e+08,1.265801097520e+01,4.177044390048e-01,1.792287196107e-07,3.825453574383e+02,9.569066574397e-04,1.043028256609e-01,-1.042526480064e-01,1.443049422272e+03,-5.149786135097e+01,0.000000000000e+00,0.000000000000e+00,2.473943888317e-04,2.696598838266e-02,0.000000000000e+00,0.000000000000e+00,2.858218892084e+02,2.841086730957e+02,4.506481481481e-01,3.709259259259e-01,1.443049422272e+03,5.546641511551e+04,1.090000000000e+02
2.752000000000e+03,1.033024674972e+08,1.214002495344e+01,4.177216554939e-01,1.789698977858e-07,3.830989550966e+02,9.263953715176e-04,1.009770954954e-01,-1.009295662626e-01,1.276054567029e+03,-5.692345049658e+02,0.000000000000e+00,0.000000000000e+00,3.055377673442e-04,3.330361664051e-02,0.000000000000e+00,0.000000000000e+00,2.854606049894e+02,2.834442443848e+02,4.606481481481e-01,3.819444444444e-01,1.276054567029e+03,5.546869459202e+04,1.090000000000e+02
2.753000000000e+03,1.032992089981e+08,1.214761289348e+01,4.177489619726e-01,1.787128537168e-07,3.836502787790e+02,8.782076991179e-04,9.572463920385e-02,-9.567877876079e-02,1.241781949298e+03,-2.048990144489e+03,0.000000000000e+00,0.000000000000e+00,5.446647308175e-04,5.936845565911e-02,0.000000000000e+00,0.000000000000e+00,2.848732444101e+02,2.832254028320e+02,4.704629629629e-01,3.900925925926e-01,1.241781949298e+03,5.547232246214e+04,1.090000000000e+02
2.754000000000e+03,1.033018844773e+08,1.434605615734e+01,4.177604567487e-01,1.784576127107e-07,3.841993503375e+02,8.338646062254e-04,9.089124207857e-02,-9.084377622344e-02,1.428492947166e+03,-7.714982009996e+03,0.000000000000e+00,0.000000000000e+00,1.512954369616e-03,1.649120262881e-01,0.000000000000e+00,0.000000000000e+00,2.846216307860e+02,2.828412170410e+02,4.799074074073e-01,3.879629629629e-01,1.428492947166e+03,5.547384433086e+04,1.090000000000e+02
2.755000000000e+03,1.033021567295e+08,1.271270312915e+01,4.177780263630e-01,1.782041287550e-07,3.847461912951e+02,8.099223192600e-04,8.828153279934e-02,-8.823351658859e-02,1.543824206731e+03,-5.167118209274e+03,0.000000000000e+00,0.000000000000e+00,1.109999886272e-03,1.209899876036e-01,0.000000000000e+00,0.000000000000e+00,2.842299925979e+02,2.824974670410e+02,4.860185185184e-01,3.903703703704e-01,1.543824206731e+03,5.547617101601e+04,1.090000000000e+02
2.756000000000e+03,1.032969914809e+08,1.172774774152e+01,4.177886312762e-01,1.779523803735e-07,3.852908228524e+02,7.695648604109e-04,8.388256978479e-02,-8.384141979139e-02,1.234394967403e+03,5.138872648071e+02,0.000000000000e+00,0.000000000000e+00,1.193527955893e-04,1.300945471924e-02,0.000000000000e+00,0.000000000000e+00,2.839894351348e+02,2.821470336914e+02,4.932407407406e-01,4.011111111111e-01,1.234394967403e+03,5.547757344771e+04,1.090000000000e+02
2.757000000000e+03,1.032919806676e+08,1.115592022666e+01,4.177872953298e-01,1.777023463636e-07,3.858332658945e+02,7.263192292703e-04,7.916879599046e-02,-7.913157304134e-02,1.120013548877e+03,6.207012308861e+02,0.000000000000e+00,0.000000000000e+00,8.280529826853e-05,9.025777511270e-03,0.000000000000e+00,0.000000000000e+00,2.840201619753e+02,2.823159179688e+02,5.027777777777e-01,4.112037037037e-01,1.120013548877e+03,5.547739563243e+04,1.090000000000e+02
2.758000000000e+03,1.032881867002e+08,1.123853413977e+01,4.177762194091e-01,1.774540059496e-07,3.863735409968e+02,7.339289795587e-04,7.999825877190e-02,-7.996144844763e-02,1.081884035336e+03,-6.421179043129e+02,0.000000000000e+00,0.000000000000e+00,2.854412430548e-04,3.111309549297e-02,0.000000000000e+00,0.000000000000e+00,2.842700383566e+02,2.824949340820e+02,5.119444444443e-01,4.187962962963e-01,1.081884035336e+03,5.547593550509e+04,1.090000000000e+02
2.759000000000e+03,1.032839803563e+08,1.048386424330e+01,4.177616171214e-01,1.772073384423e-07,3.869116684319e+02,7.635561324224e-04,8.322761843404e-02,-8.318950695879e-02,1.039138883860e+03,-4.086948786126e+02,0.000000000000e+00,0.000000000000e+00,2.396474360711e-04,2.612157053175e-02,0.000000000000e+00,0.000000000000e+00,2.845949034565e+02,2.828835449219e+02,5.189814814814e-01,4.273148148148e-01,1.039138883860e+03,5.547400459822e+04,1.090000000000e+02
2.760000000000e+03,1.032839299851e+08,1.241640500548e+01,4.177984609640e-01,1.769626399967e-07,3.874476681753e+02,7.459774435651e-04,8.131154134860e-02,-8.127217615844e-02,1.101470720018e+03,-4.458406226895e+03,0.000000000000e+00,0.000000000000e+00,9.201110886833e-04,1.002921086665e-01,0.000000000000e+00,0.000000000000e+00,2.837789636503e+02,2.819721069336e+02,5.237037037037e-01,4.296296296296e-01,1.101470720018e+03,5.547878235444e+04,1.090000000000e+02
2.761000000000e+03,1.032984090845e+08,1.755048128986e+01,4.178073201583e-01,1.767192580317e-07,3.879815599111e+02,7.180316695904e-04,7.826545198535e-02,-7.821740077323e-02,1.769644517235e+03,-1.881863462425e+04,0.000000000000e+00,0.000000000000e+00,3.405839393468e-03,3.712364938880e-01,0.000000000000e+00,0.000000000000e+00,2.835710189887e+02,2.819758911133e+02,5.330555555555e-01,4.105555555555e-01,1.769644517235e+03,5.547995946746e+04,1.090000000000e+02
2.762000000000e+03,1.033090705767e+08,1.584864194556e+01,4.177939620061e-01,1.764774900685e-07,3.885133630383e+02,7.604070442300e-04,8.288436782107e-02,-8.282820667328e-02,2.247046195513e+03,-1.525681532765e+04,0.000000000000e+00,0.000000000000e+00,2.894740533987e-03,3.155267182046e-01,0.000000000000e+00,0.000000000000e+00,2.838822242652e+02,2.819118041992e+02,5.426851851851e-01,3.970370370370e-01,2.247046195513e+03,5.547819044246e+04,1.090000000000e+02
2.763000000000e+03,1.033132331704e+08,1.670889134385e+01,4.177977758450e-01,1.762373164323e-07,3.890430966760e+02,7.775996040825e-04,8.475835684499e-02,-8.470428483700e-02,1.979113866451e+03,-8.861949397343e+03,0.000000000000e+00,0.000000000000e+00,1.793380411139e-03,1.954784648142e-01,0.000000000000e+00,0.000000000000e+00,2.837947808022e+02,2.818783264160e+02,5.481481481481e-01,3.929629629630e-01,1.979113866451e+03,5.547869150391e+04,1.090000000000e+02
2.764000000000e+03,1.033140224960e+08,1.458562124446e+01,4.178087393214e-01,1.759987192205e-07,3.895707796691e+02,7.344286850332e-04,8.005272666862e-02,-8.000229008792e-02,1.960592565448e+03,-5.227891836068e+03,0.000000000000e+00,0.000000000000e+00,1.188823788293e-03,1.295817929239e-01,0.000000000000e+00,0.000000000000e+00,2.835392714687e+02,2.820270385742e+02,5.534259259259e-01,3.940740740741e-01,1.960592565448e+03,5.548013807003e+04,1.090000000000e+02
2.765000000000e+03,1.033123076142e+08,1.485046846257e+01,4.178271995733e-01,1.757616793874e-07,3.900964305935e+02,6.728057596540e-04,7.333582780229e-02,-7.329407809747e-02,1.677101405099e+03,-2.351646034885e+03,0.000000000000e+00,0.000000000000e+00,6.665999473320e-04,7.265939425918e-02,0.000000000000e+00,0.000000000000e+00,2.830963716375e+02,2.817007446289e+02,5.629629629629e-01,3.990740740741e-01,1.677101405099e+03,5.548258170203e+04,1.090000000000e+02
2.766000000000e+03,1.033137189625e+08,1.505051708419e+01,4.178234829438e-01,1.755261781197e-07,3.906200677614e+02,6.511053141687e-04,7.097047924439e-02,-7.092948382788e-02,1.779167961788e+03,-5.346749563490e+03,0.000000000000e+00,0.000000000000e+00,1.178709646424e-03,1.284793514603e-01,0.000000000000e+00,0.000000000000e+00,2.831862155623e+02,2.819637756348e+02,5.700925925925e-01,3.994444444444e-01,1.779167961788e+03,5.548209246917e+04,1.090000000000e+02
2.767000000000e+03,1.033116565023e+08,1.371110809235e+01,4.178211447416e-01,1.752921991915e-07,3.911417092263e+02,6.598873386087e-04,7.192771990835e-02,-7.188631985499e-02,1.663651039476e+03,-1.926001165622e+03,0.000000000000e+00,0.000000000000e+00,5.937216079337e-04,6.471565526477e-02,0.000000000000e+00,0.000000000000e+00,2.832432667795e+02,2.817910766602e+02,5.734259259259e-01,4.045370370370e-01,1.663651039476e+03,5.548178048494e+04,1.090000000000e+02
2.768000000000e+03,1.033067895443e+08,1.268614532423e+01,4.178379769567e-01,1.750597242095e-07,3.916613727881e+02,6.378815278095e-04,6.952908653124e-02,-6.949064281236e-02,1.415662807070e+03,1.011345825085e+03,0.000000000000e+00,0.000000000000e+00,6.703059957073e-05,7.306335353210e-03,0.000000000000e+00,0.000000000000e+00,2.828308208011e+02,2.815087585449e+02,5.827777777777e-01,4.141666666667e-01,1.415662807070e+03,5.548400657132e+04,1.090000000000e+02
2.769000000000e+03,1.033040702740e+08,1.310435285150e+01,4.178411963922e-01,1.748287274913e-07,3.921790759979e+02,6.078496053120e-04,6.625560697900e-02,-6.621973622749e-02,1.363910707986e+03,-9.549395161731e+02,0.000000000000e+00,0.000000000000e+00,3.838116322130e-04,4.183546791121e-02,0.000000000000e+00,0.000000000000e+00,2.827491493027e+02,2.814277343750e+02,5.870370370370e-01,4.207407407407e-01,1.363910707986e+03,5.548443810136e+04,1.090000000000e+02
2.770000000000e+03,1.033049022921e+08,1.394909014226e+01,4.178373737608e-01,1.745992016212e-07,3.926948361627e+02,6.083021396250e-04,6.630493321912e-02,-6.626778941051e-02,1.493791670758e+03,-4.508892056810e+03,0.000000000000e+00,0.000000000000e+00,9.930166923772e-04,1.082388194691e-01,0.000000000000e+00,0.000000000000e+00,2.828440390317e+02,2.813230285645e+02,5.933333333333e-01,4.215740740741e-01,1.493791670758e+03,5.548393604899e+04,1.090000000000e+02
2.771000000000e+03,1.034842491973e+08,3.609356128312e+03,4.178734572389e-01,1.743711360827e-07,3.932086703499e+02,7.876618427539e-04,8.585514086018e-02,-8.488295496369e-02,2.460825559348e+04,-1.840567926266e+05,0.000000000000e+00,0.000000000000e+00,3.510468465644e-02,3.826410627552e+00,0.000000000000e+00,0.000000000000e+00,2.819077262284e+02,2.810931091309e+02,6.011111111110e-01,9.870370370374e-02,2.460825559348e+04,5.548868899234e+04,1.090000000000e+02
2.772000000000e+03,1.035240181939e+08,1.141285321177e+03,4.178842766326e-01,1.741445071758e-07,3.937205953920e+02,1.339372358910e-03,1.459915871212e-01,-1.342412326633e-01,1.589446905784e+05,-4.721806685509e+04,0.000000000000e+00,0.000000000000e+00,3.378546535835e-02,3.682615724060e+00,0.000000000000e+00,0.000000000000e+00,2.816212884264e+02,2.810392150879e+02,6.040740740740e-01,2.314814814818e-02,1.589446905784e+05,5.549007013391e+04,1.090000000000e+02
2.773000000000e+03,1.035108345778e+08,3.827976471624e+01,4.178850717990e-01,1.739192987116e-07,3.942306278909e+02,1.197782306223e-03,1.305582713783e-01,-1.302137489029e-01,1.129404019154e+04,5.957978393023e+03,0.000000000000e+00,0.000000000000e+00,7.030128804371e-04,7.662840396764e-02,0.000000000000e+00,0.000000000000e+00,2.815971162279e+02,2.811347045898e+02,6.131481481480e-01,7.694444444442e-02,1.129404019154e+04,5.549018346105e+04,1.090000000000e+02
2.774000000000e+03,1.034982304208e+08,3.336964961543e+01,4.178711270272e-01,1.736954948110e-07,3.947387842222e+02,1.056535102021e-03,1.151623261202e-01,-1.150837331342e-01,7.713374681022e+03,6.218172907700e+03,0.000000000000e+00,0.000000000000e+00,2.471068694584e-04,2.693464877097e-02,0.000000000000e+00,0.000000000000e+00,2.819810264771e+02,2.814194335938e+02,6.146296296295e-01,1.072222222222e-01,7.713374681022e+03,5.548834291926e+04,1.090000000000e+02
2.775000000000e+03,1.034887594696e+08,3.021783366634e+01,4.178933592753e-01,1.734730798395e-07,3.952450805393e+02,9.781087969723e-04,1.066138588700e-01,-1.065440818677e-01,6.202370644057e+03,3.558781817240e+03,0.000000000000e+00,0.000000000000e+00,4.371807033655e-04,4.765269666684e-02,0.000000000000e+00,0.000000000000e+00,2.813565152967e+02,2.805650024414e+02,6.232407407406e-01,1.286111111111e-01,6.202370644057e+03,5.549129707463e+04,1.090000000000e+02
2.776000000000e+03,1.035016530385e+08,3.877876178940e+01,4.178995611110e-01,1.732520401627e-07,3.957495327778e+02,9.182517353486e-04,1.000894391530e-01,-1.000195941211e-01,6.815819882672e+03,-1.844386934487e+04,0.000000000000e+00,0.000000000000e+00,4.178167599831e-03,4.554202683816e-01,0.000000000000e+00,0.000000000000e+00,2.811744322815e+02,2.805459594727e+02,6.269444444443e-01,1.054629629629e-01,6.815819882672e+03,5.549211723102e+04,1.090000000000e+02
2.777000000000e+03,1.035193925528e+08,4.672520061372e+02,4.179095966948e-01,1.730323570842e-07,3.962521566590e+02,1.062709215147e-03,1.158353044511e-01,-1.153899048041e-01,1.291381401113e+04,-2.414287920457e+04,0.000000000000e+00,0.000000000000e+00,6.201293583938e-03,6.759410006492e-01,0.000000000000e+00,0.000000000000e+00,2.808708233618e+02,2.801643371582e+02,6.334259259258e-01,6.240740740742e-02,1.291381401113e+04,5.549344158975e+04,1.090000000000e+02
2.778000000000e+03,1.035149110312e+08,4.287364129729e+01,4.179030042914e-01,1.728140172541e-07,3.967529676943e+02,1.141837144846e-03,1.244602487882e-01,-1.238940127830e-01,1.359677500954e+04,-2.393799942668e+03,0.000000000000e+00,0.000000000000e+00,2.578639252756e-03,2.810716785504e-01,0.000000000000e+00,0.000000000000e+00,2.810720092525e+02,2.803503723145e+02,6.351851851851e-01,8.148148148147e-02,1.359677500954e+04,5.549256841013e+04,1.090000000000e+02
2.779000000000e+03,1.035016321472e+08,3.526017328050e+01,4.179166346885e-01,1.725970065747e-07,3.972519811888e+02,9.589033293055e-04,1.045204628943e-01,-1.044431144933e-01,8.520589608084e+03,7.482934410877e+03,0.000000000000e+00,0.000000000000e+00,1.709931178294e-04,1.863824984341e-02,0.000000000000e+00,0.000000000000e+00,2.806484840104e+02,2.799125366211e+02,6.429629629629e-01,1.141666666666e-01,8.520589608084e+03,5.549438213898e+04,1.090000000000e+02
2.780000000000e+03,1.034965648658e+08,3.430258596840e+01,4.179168595499e-01,1.723813104590e-07,3.977492122450e+02,8.003496932743e-04,8.723811656690e-02,-8.717568507535e-02,7.187570603981e+03,2.294813884471e+02,0.000000000000e+00,0.000000000000e+00,1.150717654939e-03,1.254282243883e-01,0.000000000000e+00,0.000000000000e+00,2.806405094535e+02,2.800462036133e+02,6.440740740740e-01,1.257407407407e-01,7.187570603981e+03,5.549441524946e+04,1.090000000000e+02
2.781000000000e+03,1.035422715586e+08,7.267458797619e+03,4.179393832830e-01,1.721669143735e-07,3.982446757663e+02,9.255933024977e-04,1.008896699722e-01,-9.519824438978e-02,1.129579507177e+05,-5.098984011274e+04,0.000000000000e+00,0.000000000000e+00,2.835074200624e-02,3.090230878680e+00,0.000000000000e+00,0.000000000000e+00,2.798799706528e+02,2.794725646973e+02,6.517592592592e-01,4.629629629631e-03,1.129579507177e+05,5.549739135943e+04,1.090000000000e+02
2.782000000000e+03,1.035426355160e+08,1.123827668996e+03,4.179471272173e-01,1.719538045481e-07,3.987383864610e+02,1.002182204168e-03,1.092378602543e-01,-9.988998224599e-02,1.626787688450e+05,-5.907667931622e+03,0.000000000000e+00,0.000000000000e+00,2.693909510802e-02,2.936361366775e+00,0.000000000000e+00,0.000000000000e+00,2.795944934566e+02,2.790285949707e+02,6.539814814815e-01,1.583333333334e-02,1.626787688450e+05,5.549841055384e+04,1.090000000000e+02
2.783000000000e+03,1.035335619089e+08,9.188285229871e+01,4.179544170481e-01,1.717419669990e-07,3.992303588454e+02,9.062213983002e-04,9.877813241472e-02,-9.847470809234e-02,1.142645560922e+04,3.608353020024e+03,0.000000000000e+00,0.000000000000e+00,1.124572163014e-03,1.225783657685e-01,0.000000000000e+00,0.000000000000e+00,2.793062900481e+02,2.787380981445e+02,6.577777777778e-01,5.370370370370e-02,1.142645560922e+04,5.549938229270e+04,1.090000000000e+02
2.784000000000e+03,1.035348468169e+08,2.150811764673e+02,4.179612287287e-01,1.715313874540e-07,3.997206072474e+02,8.899967880126e-04,9.700964989337e-02,-9.679060982168e-02,1.117464549018e+04,-6.656790639173e+03,0.000000000000e+00,0.000000000000e+00,2.969966775399e-03,3.237263785185e-01,0.000000000000e+00,0.000000000000e+00,2.790209768651e+02,2.783651733398e+02,6.619444444444e-01,4.583333333334e-02,1.117464549018e+04,5.550028716483e+04,1.090000000000e+02
2.785000000000e+03,1.035301879396e+08,8.759210051064e+01,4.179710246100e-01,1.713220541270e-07,4.002091458095e+02,8.600830518685e-04,9.374905265366e-02,-9.340146949207e-02,1.230986097390e+04,-5.250076612624e+02,0.000000000000e+00,0.000000000000e+00,2.103723827935e-03,2.293058972450e-01,0.000000000000e+00,0.000000000000e+00,2.785738341920e+02,2.781217346191e+02,6.638888888889e-01,6.574074074073e-02,1.230986097390e+04,5.550159027801e+04,1.090000000000e+02
2.786000000000e+03,1.035194340330e+08,3.621488710761e+01,4.179777063925e-01,1.711139533430e-07,4.006959884926e+02,7.301721799331e-04,7.958876761271e-02,-7.951840893394e-02,8.654373183923e+03,6.340460785225e+03,0.000000000000e+00,0.000000000000e+00,3.746341815280e-04,4.083512578655e-02,0.000000000000e+00,0.000000000000e+00,2.782341935611e+02,2.777251586914e+02,6.643518518518e-01,9.333333333330e-02,8.654373183923e+03,5.550248054189e+04,1.090000000000e+02
2.787000000000e+03,1.035121637809e+08,3.449868629833e+01,4.179698805897e-01,1.709070719493e-07,4.011811490788e+02,7.160902239779e-04,7.805383441360e-02,-7.799881996918e-02,7.469135841295e+03,2.941149303821e+03,0.000000000000e+00,0.000000000000e+00,7.486832303261e-04,8.160647210555e-02,0.000000000000e+00,0.000000000000e+00,2.786258355526e+02,2.779897155762e+02,6.687037037037e-01,1.092592592592e-01,7.469135841295e+03,5.550144565117e+04,1.090000000000e+02
2.788000000000e+03,1.035079057709e+08,3.346857930604e+01,4.179788197168e-01,1.707013971694e-07,4.016646411744e+02,7.249287228942e-04,7.901723079547e-02,-7.896184820897e-02,7.049376448099e+03,-1.245508660131e+02,0.000000000000e+00,0.000000000000e+00,1.186162355947e-03,1.292916967983e-01,0.000000000000e+00,0.000000000000e+00,2.781724082777e+02,2.776170043945e+02,6.716666666666e-01,1.187037037037e-01,7.049376448099e+03,5.550263227367e+04,1.090000000000e+02
2.789000000000e+03,1.035072582263e+08,3.421048228598e+01,4.179827630764e-01,1.704969329483e-07,4.021464782133e+02,6.785110472083e-04,7.395770414571e-02,-7.390558924780e-02,6.964021739184e+03,-3.454439119269e+03,0.000000000000e+00,0.000000000000e+00,1.722710414138e-03,1.877754351410e-01,0.000000000000e+00,0.000000000000e+00,2.779527236273e+02,2.773967285156e+02,6.725925925926e-01,1.207407407407e-01,6.964021739184e+03,5.550315027101e+04,1.090000000000e+02
2.790000000000e+03,1.035041763419e+08,3.285603757777e+01,4.179815062780e-01,1.702936356293e-07,4.026266734598e+02,6.308656796513e-04,6.876435908200e-02,-6.871588794839e-02,7.035471925895e+03,-7.320695470970e+02,0.000000000000e+00,0.000000000000e+00,1.284144966959e-03,1.399718013985e-01,0.000000000000e+00,0.000000000000e+00,2.780253423770e+02,2.774201660156e+02,6.737037037037e-01,1.275000000000e-01,7.035471925895e+03,5.550298353138e+04,1.090000000000e+02
2.791000000000e+03,1.034969239695e+08,3.022586131975e+01,4.179842182684e-01,1.700915061153e-07,4.031052400115e+02,5.800868467071e-04,6.322946629108e-02,-6.318677340989e-02,6.156141552569e+03,3.745296033819e+03,0.000000000000e+00,0.000000000000e+00,3.984527463676e-04,4.343134935407e-02,0.000000000000e+00,0.000000000000e+00,2.778664492146e+02,2.773899841309e+02,6.742592592592e-01,1.419444444444e-01,6.156141552569e+03,5.550334397092e+04,1.090000000000e+02
2.792000000000e+03,1.034971630128e+08,3.166188393449e+01,4.179809400321e-01,1.698905490465e-07,4.035821908021e+02,5.504682516897e-04,6.000103943417e-02,-5.996049658697e-02,5.916679226133e+03,-3.567044735236e+03,0.000000000000e+00,0.000000000000e+00,1.568208297010e-03,1.709347043741e-01,0.000000000000e+00,0.000000000000e+00,2.780590194336e+02,2.776781311035e+02,6.761111111111e-01,1.425925925926e-01,5.916679226133e+03,5.550290495405e+04,1.090000000000e+02
2.793000000000e+03,1.034955137712e+08,3.003917796070e+01,4.179956398810e-01,1.696907507999e-07,4.040575386043e+02,5.408604440976e-04,5.895378840664e-02,-5.891237136650e-02,6.181731802394e+03,-1.620635835009e+03,0.000000000000e+00,0.000000000000e+00,1.289782323728e-03,1.405862732864e-01,0.000000000000e+00,0.000000000000e+00,2.770689075430e+02,2.766098327637e+02,6.792592592592e-01,1.462037037037e-01,6.181731802394e+03,5.550484312405e+04,1.090000000000e+02
2.794000000000e+03,1.035022921790e+08,3.460850814284e+01,4.179981881994e-01,1.694920728910e-07,4.045312960325e+02,5.241014679793e-04,5.712706000975e-02,-5.708629887390e-02,6.201553665046e+03,-9.946982274897e+03,0.000000000000e+00,0.000000000000e+00,2.670285079930e-03,2.910610737124e-01,0.000000000000e+00,0.000000000000e+00,2.768383050724e+02,2.765415649414e+02,6.814814814814e-01,1.346296296296e-01,6.201553665046e+03,5.550517621560e+04,1.090000000000e+02
2.795000000000e+03,1.035100209909e+08,3.649880404962e+01,4.179995020943e-01,1.692945221425e-07,4.050034755453e+02,5.377007328861e-04,5.860937988458e-02,-5.856465743375e-02,8.020502010821e+03,-1.097947135419e+04,0.000000000000e+00,0.000000000000e+00,3.141176152004e-03,3.423882005685e-01,0.000000000000e+00,0.000000000000e+00,2.767089168471e+02,2.764434814453e+02,6.818518518518e-01,1.200000000000e-01,8.020502010821e+03,5.550534331054e+04,1.090000000000e+02
2.796000000000e+03,1.035040540328e+08,3.307232606621e+01,4.180041094061e-01,1.690980633184e-07,4.054740894484e+02,4.785666695070e-04,5.216376697626e-02,-5.212564108725e-02,7.293674187206e+03,3.073686540926e+03,0.000000000000e+00,0.000000000000e+00,6.972885550198e-04,7.600445249716e-02,0.000000000000e+00,0.000000000000e+00,2.760698122499e+02,2.759356079102e+02,6.819444444444e-01,1.329629629629e-01,7.293674187206e+03,5.550595305922e+04,1.090000000000e+02
2.797000000000e+03,1.034961219718e+08,2.971913533998e+01,4.180056168356e-01,1.689027045070e-07,4.059431498971e+02,4.589860143059e-04,5.002947555935e-02,-4.999427751861e-02,6.087182014687e+03,5.157073598550e+03,0.000000000000e+00,0.000000000000e+00,1.535015377490e-04,1.673166761464e-02,0.000000000000e+00,0.000000000000e+00,2.756412344197e+02,2.754302673340e+02,6.818518518518e-01,1.485185185185e-01,6.087182014687e+03,5.550615213306e+04,1.090000000000e+02
2.798000000000e+03,1.034885474933e+08,2.741613697668e+01,4.180041858142e-01,1.687084347038e-07,4.064106688983e+02,4.602388131791e-04,5.016603063652e-02,-5.013256910937e-02,5.181665796270e+03,4.791815920402e+03,0.000000000000e+00,0.000000000000e+00,6.436252838128e-05,7.015515593559e-03,0.000000000000e+00,0.000000000000e+00,2.760527830360e+02,2.757243041992e+02,6.812962962962e-01,1.631481481481e-01,5.181665796270e+03,5.550596389562e+04,1.090000000000e+02
2.799000000000e+03,1.034852664074e+08,2.722222542295e+01,4.180055799531e-01,1.685152453523e-07,4.068766583138e+02,4.320868235850e-04,4.709746377077e-02,-4.706700626535e-02,4.821476477870e+03,6.685812466733e+02,0.000000000000e+00,0.000000000000e+00,6.866576911414e-04,7.484568833441e-02,0.000000000000e+00,0.000000000000e+00,2.756625467275e+02,2.753952331543e+02,6.795370370370e-01,1.694444444444e-01,4.821476477870e+03,5.550614664097e+04,1.090000000000e+02
2.800000000000e+03,1.034821130118e+08,2.616275780472e+01,4.180046721424e-01,1.683231015940e-07,4.073411298620e+02,3.846320125339e-04,4.192488936620e-02,-4.189804714113e-02,4.747743371609e+03,8.277987878188e+02,0.000000000000e+00,0.000000000000e+00,6.479779060544e-04,7.062959175993e-02,0.000000000000e+00,0.000000000000e+00,2.759364577202e+02,2.759801940918e+02,6.779629629629e-01,1.757407407407e-01,4.747743371609e+03,5.550603370249e+04,1.090000000000e+02
2.801000000000e+03,1.034769993331e+08,2.508118091492e+01,4.180048851051e-01,1.681320344275e-07,4.078040951206e+02,3.891913372142e-04,4.242185575634e-02,-4.239496955258e-02,4.338247085670e+03,2.760501351816e+03,0.000000000000e+00,0.000000000000e+00,2.608453268503e-04,2.843214062668e-02,0.000000000000e+00,0.000000000000e+00,2.758818682117e+02,2.755638122559e+02,6.763888888888e-01,1.852777777778e-01,4.338247085670e+03,5.550606187085e+04,1.090000000000e+02
2.802000000000e+03,1.034717558329e+08,2.376272627778e+01,4.180058629764e-01,1.679420138900e-07,4.082655655289e+02,3.712643211850e-04,4.046781100917e-02,-4.044249588985e-02,4.026869091452e+03,2.998692973296e+03,0.000000000000e+00,0.000000000000e+00,1.699560428646e-04,1.852520867224e-02,0.000000000000e+00,0.000000000000e+00,2.753563142371e+02,2.752113037109e+02,6.761111111111e-01,1.950000000000e-01,4.026869091452e+03,5.550618943393e+04,1.090000000000e+02
2.803000000000e+03,1.034663635516e+08,2.279736584300e+01,4.180058491323e-01,1.677530295798e-07,4.087255523896e+02,3.341182389551e-04,3.641888804611e-02,-3.639659769372e-02,3.698138165533e+03,3.372044689471e+03,0.000000000000e+00,0.000000000000e+00,5.394313128713e-05,5.879801310297e-03,0.000000000000e+00,0.000000000000e+00,2.754248681237e+02,2.754689636230e+02,6.755555555555e-01,2.053703703704e-01,3.698138165533e+03,5.550618785536e+04,1.090000000000e+02
2.804000000000e+03,1.034779097150e+08,2.896298868956e+01,4.180054507765e-01,1.675650784453e-07,4.091840668718e+02,3.197378153313e-04,3.485142187111e-02,-3.482816275787e-02,4.267786164702e+03,-1.347933736815e+04,0.000000000000e+00,0.000000000000e+00,2.934557926048e-03,3.198668139393e-01,0.000000000000e+00,0.000000000000e+00,2.750197775981e+02,2.750495300293e+02,6.741666666666e-01,1.838888888889e-01,4.267786164702e+03,5.550613124205e+04,1.090000000000e+02
2.805000000000e+03,1.034908242991e+08,3.089762509885e+01,4.180030106833e-01,1.673781517759e-07,4.096411200125e+02,3.162557175744e-04,3.447187321561e-02,-3.444614676436e-02,5.971807599585e+03,-1.482655935277e+04,0.000000000000e+00,0.000000000000e+00,3.438213294356e-03,3.747652490848e-01,0.000000000000e+00,0.000000000000e+00,2.744789753049e+02,2.745464477539e+02,6.728703703703e-01,1.600000000000e-01,5.971807599585e+03,5.550580110423e+04,1.090000000000e+02
2.806000000000e+03,1.035423244315e+08,4.801922409585e+03,4.179972633779e-01,1.671922175323e-07,4.100967227189e+02,3.484726288503e-04,3.798351654468e-02,-3.701545563763e-02,4.056405433889e+04,-5.355468591310e+04,0.000000000000e+00,0.000000000000e+00,1.635407340370e-02,1.782594001004e+00,0.000000000000e+00,0.000000000000e+00,2.738509412044e+02,2.740815124512e+02,6.715740740740e-01,3.277777777783e-02,4.056405433889e+04,5.550503913129e+04,1.090000000000e+02
2.807000000000e+03,1.035503936558e+08,8.756638185729e+02,4.179985649133e-01,1.670072793442e-07,4.105508857706e+02,3.650951443603e-04,3.979537073527e-02,-3.732475442013e-02,8.673570375868e+04,-1.014093753162e+04,0.000000000000e+00,0.000000000000e+00,1.538623454418e-02,1.677099565315e+00,0.000000000000e+00,0.000000000000e+00,2.739677790988e+02,2.743074951172e+02,6.659259259259e-01,2.527777777781e-02,8.673570375868e+04,5.550521377231e+04,1.090000000000e+02
2.808000000000e+03,1.035396523480e+08,5.059297611770e+01,2.562447507889e+03,4.235390964728e-03,1.000000000000e+02,2.784011598026e-04,3.034572641849e-02,-3.283335094127e-02,1.000111364197e+04,8.918882752334e+03,1.142725615134e-05,1.245570920496e-03,3.178247029046e-05,3.464289261660e-03,4.113706006542e-04,4.483939547131e-02,2.740784396179e+02,2.743923034668e+02,6.596296296296e-01,6.648148148146e-02,1.000111364197e+04,5.550536420239e+04,1.090000000000e+02
2.809000000000e+03,1.035312985999e+08,3.473566207123e+01,9.355691448782e+03,1.546386373126e-02,1.000000000000e+02,-9.874344576075e-06,-1.076303558792e-03,-1.617599617078e-02,7.637224367851e+03,7.455895179802e+03,2.755332591440e-05,3.003312524670e-03,0.000000000000e+00,0.000000000000e+00,9.919197329185e-04,1.081192508881e-01,2.737695971645e+02,2.744028015137e+02,6.530555555555e-01,8.638888888886e-02,7.637224367851e+03,5.550491167429e+04,1.090000000000e+02
2.810000000000e+03,1.035244218447e+08,3.262649577488e+01,1.963094406738e+04,3.183303742445e-02,1.018963184185e+02,-3.070504134274e-04,-3.346849506359e-02,-9.872034466036e-04,6.893455257754e+03,6.821960616194e+03,1.150724644016e-05,1.254289861978e-03,0.000000000000e+00,0.000000000000e+00,1.393802281295e-03,1.519244486612e-01,2.732229628032e+02,2.738864746094e+02,1.990740740741e-02,1.001851851852e-01,6.893455257754e+03,5.550385696507e+04,1.090000000000e+02
2.811000000000e+03,1.035180370797e+08,3.315773766927e+01,3.123486912917e+04,4.642074096650e-02,1.111007310202e+02,-3.451076398330e-04,-3.761673274180e-02,-9.916058915648e-05,6.378730535669e+03,6.379261777565e+03,0.000000000000e+00,0.000000000000e+00,0.000000000000e+00,0.000000000000e+00,1.572000977373e-03,1.713481065337e-01,2.732147866624e+02,2.735253601074e+02,0.000000000000e+00,1.128703703703e-01,6.378730535669e+03,5.550383943171e+04,1.090000000000e+02
2.812000000000e+03,1.035120549214e+08,3.166493079550e+01,4.222730808123e+04,5.846175292937e-02,1.193071858610e+02,-3.676643657945e-04,-4.007541587160e-02,0.000000000000e+00,5.983651695837e+03,5.982158888947e+03,0.000000000000e+00,0.000000000000e+00,0.000000000000e+00,0.000000000000e+00,1.449291682135e-03,1.579727933527e-01,2.732162854604e+02,2.733212890625e+02,0.000000000000e+00,1.240740740740e-01,5.983651695837e+03,5.550384278810e+04,1.090000000000e+02
2.813000000000e+03,1.035063974718e+08,3.086567243850e+01,5.215666014065e+04,6.793778568033e-02,1.268409418854e+02,-3.737369979044e-04,-4.073733277158e-02,0.000000000000e+00,5.658249717845e+03,5.657450459522e+03,0.000000000000e+00,0.000000000000e+00,0.000000000000e+00,0.000000000000e+00,1.267493160821e-03,1.381567545295e-01,2.732135668404e+02,2.729063110352e+02,0.000000000000e+00,1.345370370370e-01,5.658249717845e+03,5.550383669942e+04,1.090000000000e+02
2.814000000000e+03,1.035010604954e+08,3.012159922655e+01,6.289084293252e+04,7.824406711124e-02,1.328195207964e+02,-3.681494812603e-04,-4.012829345737e-02,0.000000000000e+00,5.337720383416e+03,5.336976310200e+03,0.000000000000e+00,0.000000000000e+00,0.000000000000e+00,0.000000000000e+00,1.406120921963e-03,1.532671804939e-01,2.732109501185e+02,2.722380981445e+02,0.000000000000e+00,1.449074074074e-01,5.337720383416e+03,5.550383083062e+04,1.090000000000e+02
2.815000000000e+03,1.034959897335e+08,2.927701004777e+01,7.362608033856e+04,8.802102376630e-02,1.382306206373e+02,-3.619612205121e-04,-3.945377303582e-02,0.000000000000e+00,5.071607029133e+03,5.070762439966e+03,0.000000000000e+00,0.000000000000e+00,0.000000000000e+00,0.000000000000e+00,1.412481541951e-03,1.539604880727e-01,2.732092184922e+02,2.720433349609e+02,0.000000000000e+00,1.550925925926e-01,5.071607029133e+03,5.550382694196e+04,1.090000000000e+02
2.816000000000e+03,1.034911634897e+08,2.878303565168e+01,8.391156409780e+04,9.682916047965e-02,1.432179096619e+02,-3.561365871802e-04,-3.881888800264e-02,0.000000000000e+00,4.826737689665e+03,4.826243715294e+03,0.000000000000e+00,0.000000000000e+00,0.000000000000e+00,0.000000000000e+00,1.343968958273e-03,1.464926164518e-01,2.732049783387e+02,2.718146057129e+02,0.000000000000e+00,1.644444444444e-01,4.826737689665e+03,5.550381740720e+04,1.090000000000e+02
2.817000000000e+03,1.034865569064e+08,2.851980057784e+01,9.420424712028e+04,1.054465027176e-01,1.476505931768e+02,-3.650799893722e-04,-3.979371884157e-02,0.000000000000e+00,4.606846458275e+03,4.606583223211e+03,0.000000000000e+00,0.000000000000e+00,0.000000000000e+00,0.000000000000e+00,1.336217125278e-03,1.456476666553e-01,2.731993867205e+02,2.714259948730e+02,0.000000000000e+00,1.739814814815e-01,4.606846458275e+03,5.550380480282e+04,1.090000000000e+02
2.818000000000e+03,1.034821378960e+08,2.834115342917e+01,1.060721858836e+05,1.157724479274e-01,1.514272856518e+02,-3.673341133832e-04,-4.003941835877e-02,0.000000000000e+00,4.419188760031e+03,4.419010112882e+03,0.000000000000e+00,0.000000000000e+00,0.000000000000e+00,0.000000000000e+00,1.594339237063e-03,1.737829768399e-01,2.731937089559e+02,2.707429199219e+02,0.000000000000e+00,1.839814814815e-01,4.419188760031e+03,5.550379196836e+04,1.090000000000e+02
2.819000000000e+03,1.034778985579e+08,2.802546523150e+01,1.190066738370e+05,1.274703422478e-01,1.543045108503e+02,-3.558633912349e-04,-3.878910964460e-02,0.000000000000e+00,4.239654894978e+03,4.239339206793e+03,0.000000000000e+00,0.000000000000e+00,0.000000000000e+00,0.000000000000e+00,1.782019522675e-03,1.942401279716e-01,2.731901077628e+02,2.704045104980e+02,0.000000000000e+00,1.924074074074e-01,4.239654894978e+03,5.550378380929e+04,1.090000000000e+02
2.820000000000e+03,1.034738217059e+08,2.786293248401e+01,1.318610503839e+05,1.384002130644e-01,1.574716916291e+02,-3.573958130344e-04,-3.895614362075e-02,0.000000000000e+00,4.077014371612e+03,4.076851838871e+03,0.000000000000e+00,0.000000000000e+00,0.000000000000e+00,0.000000000000e+00,1.767328553315e-03,1.926388123113e-01,2.731865295471e+02,2.700735168457e+02,0.000000000000e+00,2.012962962963e-01,4.077014371612e+03,5.550377568848e+04,1.090000000000e+02
2.821000000000e+03,1.034698864247e+08,2.804826500773e+01,1.454714561186e+05,1.499506894722e-01,1.603455751121e+02,-3.592540033603e-04,-3.915868636627e-02,0.000000000000e+00,3.935096139843e+03,3.935281472398e+03,0.000000000000e+00,0.000000000000e+00,0.000000000000e+00,0.000000000000e+00,1.890437906976e-03,2.060577318604e-01,2.731812448511e+02,2.694647521973e+02,0.000000000000e+00,2.100925925926e-01,3.935096139843e+03,5.550376366849e+04,1.090000000000e+02
2.822000000000e+03,1.034660640447e+08,2.862856876050e+01,1.571589828884e+05,1.584830263935e-01,1.639033186805e+02,-3.458307720774e-04,-3.769555415644e-02,0.000000000000e+00,3.821799959273e+03,3.822380263027e+03,0.000000000000e+00,0.000000000000e+00,0.000000000000e+00,0.000000000000e+00,1.586027447728e-03,1.728769918023e-01,2.731741077675e+02,2.685157775879e+02,0.000000000000e+00,2.187962962963e-01,3.821799959273e+03,5.550374738531e+04,1.090000000000e+02
2.823000000000e+03,1.034623456893e+08,2.915431634155e+01,1.672586607592e+05,1.651790768920e-01,1.673661499477e+02,-3.260429296298e-04,-3.553867932965e-02,0.000000000000e+00,3.717829626126e+03,3.718355373708e+03,0.000000000000e+00,0.000000000000e+00,0.000000000000e+00,0.000000000000e+00,1.343355529984e-03,1.464257527682e-01,2.731681855356e+02,2.681567382813e+02,0.000000000000e+00,2.275925925926e-01,3.717829626126e+03,5.550373382990e+04,1.090000000000e+02
2.824000000000e+03,1.034587374294e+08,2.972342207140e+01,1.796490982139e+05,1.749615365992e-01,1.697144838982e+02,-3.172520336306e-04,-3.458047166573e-02,0.000000000000e+00,3.607691353180e+03,3.608260458926e+03,0.000000000000e+00,0.000000000000e+00,0.000000000000e+00,0.000000000000e+00,1.730793186771e-03,1.886564573581e-01,2.731623787226e+02,2.678457641602e+02,0.000000000000e+00,2.366666666667e-01,3.607691353180e+03,5.550372050045e+04,1.090000000000e+02
2.825000000000e+03,1.034552158570e+08,3.069687718402e+01,1.919900710541e+05,1.841875794503e-01,1.722887343134e+02,-3.123841993016e-04,-3.404987772388e-02,0.000000000000e+00,3.520598521552e+03,3.521571976656e+03,0.000000000000e+00,0.000000000000e+00,0.000000000000e+00,0.000000000000e+00,1.727487670250e-03,1.882961560572e-01,2.731551195196e+02,2.672311096191e+02,0.000000000000e+00,2.459259259259e-01,3.520598521552e+03,5.550370378457e+04,1.090000000000e+02
2.826000000000e+03,1.034517670443e+08,3.155846999616e+01,2.025837761418e+05,1.907328886403e-01,1.755573811804e+02,-3.059235333608e-04,-3.334566513633e-02,0.000000000000e+00,3.447951406383e+03,3.448812999209e+03,0.000000000000e+00,0.000000000000e+00,0.000000000000e+00,0.000000000000e+00,1.445137800993e-03,1.575200203082e-01,2.731494759181e+02,2.670113830566e+02,0.000000000000e+00,2.545370370370e-01,3.447951406383e+03,5.550369074820e+04,1.090000000000e+02
2.827000000000e+03,1.034483826216e+08,3.224613501787e+01,2.130636461642e+05,1.974608816245e-01,1.783485542346e+02,-3.017528173780e-04,-3.289105709420e-02,0.000000000000e+00,3.383735588870e+03,3.384423253898e+03,0.000000000000e+00,0.000000000000e+00,0.000000000000e+00,0.000000000000e+00,1.430494472187e-03,1.559238974684e-01,2.731453447787e+02,2.674907226562e+02,0.000000000000e+00,2.622222222222e-01,3.383735588870e+03,5.550368118264e+04,1.090000000000e+02
2.828000000000e+03,1.034450557859e+08,3.312581158285e+01,2.243747485412e+05,2.051133418086e-01,1.808100308426e+02,-3.073376499032e-04,-3.349980383945e-02,0.000000000000e+00,3.325956751892e+03,3.326836428463e+03,0.000000000000e+00,0.000000000000e+00,0.000000000000e+00,0.000000000000e+00,1.562304369700e-03,1.702911762973e-01,2.731407838050e+02,2.673902587891e+02,0.000000000000e+00,2.702777777778e-01,3.325956751892e+03,5.550367059922e+04,1.090000000000e+02
2.829000000000e+03,1.034417982636e+08,3.412791567682e+01,2.340242159964e+05,2.120439009107e-01,1.824224823761e+02,-2.914683289873e-04,-3.177004785961e-02,0.000000000000e+00,3.256519297284e+03,3.257521401364e+03,0.000000000000e+00,0.000000000000e+00,0.000000000000e+00,0.000000000000e+00,1.303518743310e-03,1.420835430208e-01,2.731361292371e+02,2.672338867188e+02,0.000000000000e+00,2.794444444444e-01,3.256519297284e+03,5.550365977421e+04,1.090000000000e+02
2.830000000000e+03,1.034385842792e+08,3.570325949377e+01,2.424152071966e+05,2.156058210689e-01,1.858418734780e+02,-2.985902961627e-04,-3.254634228174e-02,0.000000000000e+00,3.212408836197e+03,3.213984180019e+03,0.000000000000e+00,0.000000000000e+00,0.000000000000e+00,0.000000000000e+00,1.088384320269e-03,1.186338909093e-01,2.731297785913e+02,2.668755798340e+02,0.000000000000e+00,2.875925925926e-01,3.212408836197e+03,5.550364496615e+04,1.090000000000e+02
2.831000000000e+03,1.034354114313e+08,3.700392264467e+01,2.556665730927e+05,2.248461488797e-01,1.879461839653e+02,-3.098882419069e-04,-3.377781836786e-02,0.000000000000e+00,3.171547054210e+03,3.172847717359e+03,0.000000000000e+00,0.000000000000e+00,0.000000000000e+00,0.000000000000e+00,1.880465776694e-03,2.049707696596e-01,2.731250322829e+02,2.667943420410e+02,0.000000000000e+00,2.964814814815e-01,3.171547054210e+03,5.550363386917e+04,1.090000000000e+02
2.832000000000e+03,1.034322802320e+08,3.874065008029e+01,2.693038265146e+05,2.356595790522e-01,1.888874762728e+02,-3.209229064294e-04,-3.498059680080e-02,0.000000000000e+00,3.129462515193e+03,3.131199242657e+03,0.000000000000e+00,0.000000000000e+00,0.000000000000e+00,0.000000000000e+00,1.933218264122e-03,2.107207907893e-01,2.731191763287e+02,2.665367736816e+02,0.000000000000e+00,3.039814814815e-01,3.129462515193e+03,5.550362014330e+04,1.090000000000e+02
2.833000000000e+03,1.034291859245e+08,4.179930097051e+01,2.811614257191e+05,2.425330980181e-01,1.916157369856e+02,-2.996506510188e-04,-3.266192096105e-02,0.000000000000e+00,3.091248309741e+03,3.094306960626e+03,0.000000000000e+00,0.000000000000e+00,0.000000000000e+00,0.000000000000e+00,1.660334440832e-03,1.809764540507e-01,2.731105382657e+02,2.658544006348e+02,0.000000000000e+00,3.129629629629e-01,3.091248309741e+03,5.550359982658e+04,1.090000000000e+02
2.834000000000e+03,1.034261310633e+08,4.653520614631e+01,2.923875250406e+05,2.495498364392e-01,1.936638950043e+02,-2.845089930694e-04,-3.101148024457e-02,0.000000000000e+00,3.050125441583e+03,3.054861346758e+03,0.000000000000e+00,0.000000000000e+00,0.000000000000e+00,0.000000000000e+00,1.571100076453e-03,1.712499083334e-01,2.730996005652e+02,2.650914611816e+02,0.000000000000e+00,3.221296296296e-01,3.050125441583e+03,5.550357398077e+04,1.090000000000e+02
2.835000000000e+03,1.034231134487e+08,5.220350635364e+01,3.019863131617e+05,2.545457562286e-01,1.960961616928e+02,-2.724676852211e-04,-2.969897768910e-02,0.000000000000e+00,3.011945648722e+03,3.017613948938e+03,0.000000000000e+00,0.000000000000e+00,0.000000000000e+00,0.000000000000e+00,1.314160079086e-03,1.432434486204e-01,2.730893414154e+02,2.644819641113e+02,0.000000000000e+00,3.300000000000e-01,3.011945648722e+03,5.550354961557e+04,1.090000000000e+02
2.836000000000e+03,1.034201279745e+08,5.814056010538e+01,3.110331592067e+05,2.593316907595e-01,1.982436521696e+02,-2.541022703585e-04,-2.769714746908e-02,0.000000000000e+00,2.979536870750e+03,2.985473924511e+03,0.000000000000e+00,0.000000000000e+00,0.000000000000e+00,0.000000000000e+00,1.241290836378e-03,1.353007011653e-01,2.730807062275e+02,2.644597473145e+02,0.000000000000e+00,3.396296296296e-01,2.979536870750e+03,5.550352901490e+04,1.090000000000e+02
2.837000000000e+03,1.034171699586e+08,6.373856905890e+01,3.213906898264e+05,2.651450895235e-01,2.003541493253e+02,-2.638277019198e-04,-2.875721950926e-02,0.000000000000e+00,2.952418264516e+03,2.958016273483e+03,0.000000000000e+00,0.000000000000e+00,0.000000000000e+00,0.000000000000e+00,1.448209089811e-03,1.578547907894e-01,2.730738731308e+02,2.643859558105e+02,0.000000000000e+00,3.483333333333e-01,2.952418264516e+03,5.550351265335e+04,1.090000000000e+02
2.838000000000e+03,1.034142364687e+08,7.205232879612e+01,3.316773705261e+05,2.710448681176e-01,2.022664251391e+02,-2.657006129900e-04,-2.896136681591e-02,0.000000000000e+00,2.925175537456e+03,2.933489297195e+03,0.000000000000e+00,0.000000000000e+00,0.000000000000e+00,0.000000000000e+00,1.434637845862e-03,1.563755251990e-01,2.730619527450e+02,2.635574340820e+02,0.000000000000e+00,3.571296296296e-01,2.925175537456e+03,5.550348398568e+04,1.090000000000e+02
2.839000000000e+03,1.034113338919e+08,8.416245165968e+01,3.403332456995e+05,2.755484716182e-01,2.041531125929e+02,-2.470544224287e-04,-2.692893204473e-02,0.000000000000e+00,2.890466000550e+03,2.902576123413e+03,0.000000000000e+00,0.000000000000e+00,0.000000000000e+00,0.000000000000e+00,1.183730850759e-03,1.290266627327e-01,2.730486032356e+02,2.634318237305e+02,0.000000000000e+00,3.658333333333e-01,2.890466000550e+03,5.550345168998e+04,1.090000000000e+02
2.840000000000e+03,1.034084602406e+08,9.870691431257e+01,3.489195928120e+05,2.798188776137e-01,2.061097055267e+02,-2.306924172764e-04,-2.514547348313e-02,0.000000000000e+00,2.859106511960e+03,2.873650974630e+03,0.000000000000e+00,0.000000000000e+00,0.000000000000e+00,0.000000000000e+00,1.188599885956e-03,1.295573875692e-01,2.730359364239e+02,2.631764831543e+02,0.000000000000e+00,3.750925925926e-01,2.859106511960e+03,5.550342085786e+04,1.090000000000e+02
2.841000000000e+03,1.034056084811e+08,1.141015461716e+02,3.586349541058e+05,2.847597924266e-01,2.081730259318e+02,-2.255972473996e-04,-2.459009996655e-02,0.000000000000e+00,2.836365159711e+03,2.851759791575e+03,0.000000000000e+00,0.000000000000e+00,0.000000000000e+00,0.000000000000e+00,1.380291233659e-03,1.504517444688e-01,2.730256527460e+02,2.627090454102e+02,0.000000000000e+00,3.835185185185e-01,2.836365159711e+03,5.550339569156e+04,1.090000000000e+02
2.842000000000e+03,1.034027799785e+08,1.355032917931e+02,3.668441203379e+05,2.885563107626e-01,2.101367842660e+02,-2.120375875968e-04,-2.311209704805e-02,0.000000000000e+00,2.807100218455e+03,2.828501964080e+03,0.000000000000e+00,0.000000000000e+00,0.000000000000e+00,0.000000000000e+00,1.144930032947e-03,1.247973735912e-01,2.730045182018e+02,2.621520385742e+02,0.000000000000e+00,3.931481481481e-01,2.807100218455e+03,5.550334359644e+04,1.090000000000e+02
2.843000000000e+03,1.033999847815e+08,1.665633620946e+02,3.736884654227e+05,2.910695334136e-01,2.122094202605e+02,-1.941419821052e-04,-2.116147604947e-02,0.000000000000e+00,2.764137924596e+03,2.795197994898e+03,0.000000000000e+00,0.000000000000e+00,0.000000000000e+00,0.000000000000e+00,9.372430240353e-04,1.021594896199e-01,2.729808292138e+02,2.611498107910e+02,0.000000000000e+00,4.019444444444e-01,2.764137924596e+03,5.550328460239e+04,1.090000000000e+02
2.844000000000e+03,1.033972130260e+08,1.972803547463e+02,3.824660648906e+05,2.954932455861e-01,2.139426736103e+02,-2.100877910767e-04,-2.289956922736e-02,0.000000000000e+00,2.741038531292e+03,2.771755523948e+03,0.000000000000e+00,0.000000000000e+00,0.000000000000e+00,0.000000000000e+00,1.240821062638e-03,1.352494958275e-01,2.729706889719e+02,2.612925415039e+02,0.000000000000e+00,4.105555555555e-01,2.741038531292e+03,5.550325915125e+04,1.090000000000e+02
2.845000000000e+03,1.033944509716e+08,2.292716161525e+02,3.905460909740e+05,2.992306095275e-01,2.157341151056e+02,-2.185723968383e-04,-2.382439125537e-02,0.000000000000e+00,2.730064187284e+03,2.762055448691e+03,0.000000000000e+00,0.000000000000e+00,0.000000000000e+00,0.000000000000e+00,1.117053181647e-03,1.217587967995e-01,2.729534714946e+02,2.609349670410e+02,0.000000000000e+00,4.186111111111e-01,2.730064187284e+03,5.550321566967e+04,1.090000000000e+02
2.846000000000e+03,1.033917073431e+08,2.704013509675e+02,3.970791840324e+05,3.015384104386e-01,2.176645342600e+02,-1.965801849010e-04,-2.142724015421e-02,0.000000000000e+00,2.702498843001e+03,2.743628577820e+03,0.000000000000e+00,0.000000000000e+00,0.000000000000e+00,0.000000000000e+00,8.833774474843e-04,9.628814177579e-02,2.729274166403e+02,2.602474670410e+02,0.000000000000e+00,4.262129629629e-01,2.702498843001e+03,5.550314923257e+04,1.090000000000e+02
2.847000000000e+03,1.033889836754e+08,3.167935030330e+02,4.056114803916e+05,3.057853978881e-01,2.192538392527e+02,-1.882642215352e-04,-2.052080014734e-02,0.000000000000e+00,2.677275912368e+03,2.723668064437e+03,0.000000000000e+00,0.000000000000e+00,0.000000000000e+00,0.000000000000e+00,1.222128508526e-03,1.332120074293e-01,2.729076591666e+02,2.592016906738e+02,0.000000000000e+00,4.338055555555e-01,2.677275912368e+03,5.550309834058e+04,1.090000000000e+02
2.848000000000e+03,1.033862718255e+08,3.663187572643e+02,4.131225875354e+05,3.090112159421e-01,2.209830390746e+02,-1.821538566061e-04,-1.985477037007e-02,0.000000000000e+00,2.662325895724e+03,2.711851149958e+03,0.000000000000e+00,0.000000000000e+00,0.000000000000e+00,0.000000000000e+00,1.059455608459e-03,1.154806613220e-01,2.728868308423e+02,2.587669372559e+02,0.000000000000e+00,4.405930555555e-01,2.662325895724e+03,5.550304420782e+04,1.090000000000e+02
2.849000000000e+03,1.033835717055e+08,4.193699333168e+02,4.193311275394e+05,3.110954847604e-01,2.228014876336e+02,-1.823600587907e-04,-1.987724640819e-02,0.000000000000e+00,2.647069502873e+03,2.700120678928e+03,0.000000000000e+00,0.000000000000e+00,0.000000000000e+00,0.000000000000e+00,8.439327830245e-04,9.198867334968e-02,2.728697255654e+02,2.591825561523e+02,0.000000000000e+00,4.476592824074e-01,2.647069502873e+03,5.550299937631e+04,1.090000000000e+02
2.850000000000e+03,1.033808815283e+08,4.743658527099e+02,4.266566415723e+05,3.142642940776e-01,2.244081298877e+02,-1.889836763049e-04,-2.059922071723e-02,0.000000000000e+00,2.635182253517e+03,2.690178172911e+03,0.000000000000e+00,0.000000000000e+00,0.000000000000e+00,0.000000000000e+00,1.021939188942e-03,1.113913715947e-01,2.728537133018e+02,2.589403686523e+02,0.000000000000e+00,4.536967824074e-01,2.635182253517e+03,5.550295710400e+04,1.090000000000e+02
2.851000000000e+03,1.033782058345e+08,5.347999072187e+02,4.347625696325e+05,3.181584199726e-01,2.258730537489e+02,-1.855654017224e-04,-2.022662878774e-02,0.000000000000e+00,2.615259963324e+03,2.675694017836e+03,0.000000000000e+00,0.000000000000e+00,0.000000000000e+00,0.000000000000e+00,1.154374717066e-03,1.258268441602e-01,2.728301041096e+02,2.588750610352e+02,0.000000000000e+00,4.605343993055e-01,2.615259963324e+03,5.550289423831e+04,1.090000000000e+02
2.852000000000e+03,1.033760879408e+08,6.986011686214e+02,4.420631836656e+05,3.212366743618e-01,2.274655219965e+02,-1.745433487034e-04,-1.902522500867e-02,0.000000000000e+00,1.954092847571e+03,2.117894108974e+03,0.000000000000e+00,0.000000000000e+00,0.000000000000e+00,0.000000000000e+00,1.032181970757e-03,1.125078348125e-01,2.728032803715e+02,2.585750122070e+02,0.000000000000e+00,4.632385659722e-01,1.954092847571e+03,5.550282147039e+04,1.090000000000e+02
2.853000000000e+03,1.033740176992e+08,9.012704873625e+02,4.484861732459e+05,3.235995526705e-01,2.290856709936e+02,-1.728893791168e-04,-1.884494232374e-02,0.000000000000e+00,1.867571511244e+03,2.070240829986e+03,0.000000000000e+00,0.000000000000e+00,0.000000000000e+00,0.000000000000e+00,8.888575580576e-04,9.688547382828e-02,2.727866904509e+02,2.581688537598e+02,0.000000000000e+00,4.666722303819e-01,1.867571511244e+03,5.550277639396e+04,1.090000000000e+02
2.854000000000e+03,1.033717687759e+08,1.064016370504e+03,4.548885551272e+05,3.259604814738e-01,2.306730673225e+02,-1.873255297028e-04,-2.041848273760e-02,0.000000000000e+00,2.086175036793e+03,2.248920919936e+03,0.000000000000e+00,0.000000000000e+00,0.000000000000e+00,0.000000000000e+00,8.709502134245e-04,9.493357326327e-02,2.727875762908e+02,2.584033508301e+02,0.000000000000e+00,4.710426416117e-01,2.086175036793e+03,5.550277883076e+04,1.090000000000e+02
2.855000000000e+03,1.033694529411e+08,1.214099387279e+03,4.612445210022e+05,3.283138645713e-01,2.322197113098e+02,-1.983457535652e-04,-2.161968713861e-02,0.000000000000e+00,2.165754625123e+03,2.315837641898e+03,0.000000000000e+00,0.000000000000e+00,0.000000000000e+00,0.000000000000e+00,8.522969586716e-04,9.290036849521e-02,2.727788412531e+02,2.589501037598e+02,0.000000000000e+00,4.758651949103e-01,2.165754625123e+03,5.550275496729e+04,1.090000000000e+02
2.856000000000e+03,1.033671117390e+08,1.368043545825e+03,4.698830837752e+05,3.327256713404e-01,2.334323559741e+02,-1.908614419152e-04,-2.080389716875e-02,0.000000000000e+00,2.187259052150e+03,2.341203210696e+03,0.000000000000e+00,0.000000000000e+00,0.000000000000e+00,0.000000000000e+00,1.237120494217e-03,1.348461338697e-01,2.727600874610e+02,2.585108337402e+02,0.000000000000e+00,4.809887551738e-01,2.187259052150e+03,5.550270341291e+04,1.090000000000e+02
2.857000000000e+03,1.033648943613e+08,1.539091728993e+03,4.789669849592e+05,3.374756501070e-01,2.345960977996e+02,-1.868145313198e-04,-2.036278391385e-02,0.000000000000e+00,2.046331030662e+03,2.217379213831e+03,0.000000000000e+00,0.000000000000e+00,0.000000000000e+00,0.000000000000e+00,1.314720148310e-03,1.433044961658e-01,2.727589889278e+02,2.590639648438e+02,0.000000000000e+00,4.837446595169e-01,2.046331030662e+03,5.550269961679e+04,1.090000000000e+02
2.858000000000e+03,1.033629727694e+08,1.879471420960e+03,4.857781238855e+05,3.402255838480e-01,2.360093491063e+02,-1.804901073531e-04,-1.967342170149e-02,0.000000000000e+00,1.581211230317e+03,1.921590922282e+03,0.000000000000e+00,0.000000000000e+00,0.000000000000e+00,0.000000000000e+00,9.454528754103e-04,1.030543634197e-01,2.727351661400e+02,2.579129638672e+02,0.000000000000e+00,4.859224604429e-01,1.581211230317e+03,5.550263350946e+04,1.090000000000e+02
2.859000000000e+03,1.033608976319e+08,2.152511372919e+03,4.914970117677e+05,3.420417047815e-01,2.375201212782e+02,-1.593848054207e-04,-1.737294379086e-02,0.000000000000e+00,1.802097845633e+03,2.075137797591e+03,0.000000000000e+00,0.000000000000e+00,0.000000000000e+00,0.000000000000e+00,7.859775971922e-04,8.567155809395e-02,2.727208699305e+02,2.584201660156e+02,0.000000000000e+00,4.900985591594e-01,1.802097845633e+03,5.550259349549e+04,1.090000000000e+02
2.860000000000e+03,1.033587780707e+08,2.411007276454e+03,4.973237294772e+05,3.439736116771e-01,2.389862923177e+02,-1.453836811149e-04,-1.584682124153e-02,0.000000000000e+00,1.861065860500e+03,2.119561764033e+03,0.000000000000e+00,0.000000000000e+00,0.000000000000e+00,0.000000000000e+00,8.177991548737e-04,8.914010788123e-02,2.727072608320e+02,2.589536132812e+02,0.000000000000e+00,4.936861760576e-01,1.861065860500e+03,5.550255516536e+04,1.090000000000e+02
2.861000000000e+03,1.033566381951e+08,2.666479303005e+03,5.039217088365e+05,3.466172976649e-01,2.403101540119e+02,-1.608752718786e-04,-1.753540463477e-02,0.000000000000e+00,1.884404173765e+03,2.139876200315e+03,0.000000000000e+00,0.000000000000e+00,0.000000000000e+00,0.000000000000e+00,9.297997431610e-04,1.013481720045e-01,2.726936334379e+02,2.585171508789e+02,0.000000000000e+00,4.991870577771e-01,1.884404173765e+03,5.550251655236e+04,1.090000000000e+02
2.862000000000e+03,1.033546300765e+08,3.093255566076e+03,5.102352503311e+05,3.489807527216e-01,2.416733920803e+02,-1.619948424094e-04,-1.765743782262e-02,0.000000000000e+00,1.581341501078e+03,2.008117764148e+03,0.000000000000e+00,0.000000000000e+00,0.000000000000e+00,0.000000000000e+00,8.817142483138e-04,9.610685306621e-02,2.726705958685e+02,2.571536254883e+02,0.000000000000e+00,5.018487487494e-01,1.581341501078e+03,5.550244976945e+04,1.090000000000e+02
2.863000000000e+03,1.033526122949e+08,3.521205071783e+03,5.163475133334e+05,3.512212821692e-01,2.430088488425e+02,-1.342992474230e-04,-1.463861796911e-02,0.000000000000e+00,1.589831073912e+03,2.017780579619e+03,0.000000000000e+00,0.000000000000e+00,0.000000000000e+00,0.000000000000e+00,8.762198357147e-04,9.550796209290e-02,2.726297486681e+02,2.567618103027e+02,0.000000000000e+00,5.063964106660e-01,1.589831073912e+03,5.550233145619e+04,1.090000000000e+02
2.864000000000e+03,1.033505793333e+08,3.978563834652e+03,5.224577044722e+05,3.534699260664e-01,2.443210991388e+02,-1.201359750550e-04,-1.309482128100e-02,0.000000000000e+00,1.575601108113e+03,2.032959870982e+03,0.000000000000e+00,0.000000000000e+00,0.000000000000e+00,0.000000000000e+00,8.901393623617e-04,9.702519049743e-02,2.725675219409e+02,2.555773773193e+02,0.000000000000e+00,5.114240797053e-01,1.575601108113e+03,5.550214728856e+04,1.090000000000e+02
2.865000000000e+03,1.033485752891e+08,4.524942894924e+03,5.274920627808e+05,3.547989771877e-01,2.457516825333e+02,-1.138761207802e-04,-1.241249716504e-02,0.000000000000e+00,1.457664592091e+03,2.004043652363e+03,0.000000000000e+00,0.000000000000e+00,0.000000000000e+00,0.000000000000e+00,7.182619180822e-04,7.829054907096e-02,2.725432153821e+02,2.548891906738e+02,0.000000000000e+00,5.167100047554e-01,1.457664592091e+03,5.550207222941e+04,1.090000000000e+02
2.866000000000e+03,1.033466317142e+08,5.184304078377e+03,5.317258793277e+05,3.555090005755e-01,2.472296690401e+02,-1.131700952164e-04,-1.233554037859e-02,0.000000000000e+00,1.284215564485e+03,1.943576747931e+03,0.000000000000e+00,0.000000000000e+00,0.000000000000e+00,0.000000000000e+00,5.867525357442e-04,6.395602639611e-02,2.725253386381e+02,2.553917236328e+02,0.000000000000e+00,5.209740105425e-01,1.284215564485e+03,5.550201795589e+04,1.090000000000e+02
2.867000000000e+03,1.033446640880e+08,5.750096116746e+03,5.357774472272e+05,3.560941068894e-01,2.487041156439e+02,-1.087414524546e-04,-1.185281831755e-02,0.000000000000e+00,1.401834431044e+03,1.967626469407e+03,0.000000000000e+00,0.000000000000e+00,0.000000000000e+00,0.000000000000e+00,5.609507250543e-04,6.114362903092e-02,2.725292210057e+02,2.556392517090e+02,0.000000000000e+00,5.256383349122e-01,1.401834431044e+03,5.550202982163e+04,1.090000000000e+02
2.868000000000e+03,1.033426987744e+08,6.267816948596e+03,5.403270494974e+05,3.571282845411e-01,2.500895969689e+02,-9.320287811755e-05,-1.015911371481e-02,0.000000000000e+00,1.447593512722e+03,1.965314344566e+03,0.000000000000e+00,0.000000000000e+00,0.000000000000e+00,0.000000000000e+00,6.587977480010e-04,7.180895453211e-02,2.725375869748e+02,2.564550170898e+02,0.000000000000e+00,5.294393777363e-01,1.447593512722e+03,5.550205497747e+04,1.090000000000e+02
2.869000000000e+03,1.033408325542e+08,7.017935543798e+03,5.460772026797e+05,3.592029006210e-01,2.512912884426e+02,-1.120937828036e-04,-1.221822232560e-02,0.000000000000e+00,1.116100430230e+03,1.866219025428e+03,0.000000000000e+00,0.000000000000e+00,0.000000000000e+00,0.000000000000e+00,8.383989284333e-04,9.138548319923e-02,2.725369253139e+02,2.569036560059e+02,0.000000000000e+00,5.342403663859e-01,1.116100430230e+03,5.550205163986e+04,1.090000000000e+02
2.870000000000e+03,1.033389354005e+08,7.672417528258e+03,5.529175857540e+05,3.621856478185e-01,2.523440962616e+02,-1.475499906104e-04,-1.608294897654e-02,0.000000000000e+00,1.242674803655e+03,1.897156788114e+03,0.000000000000e+00,0.000000000000e+00,0.000000000000e+00,0.000000000000e+00,9.832963871527e-04,1.071793061996e-01,2.725064645209e+02,2.563990478516e+02,0.000000000000e+00,5.385409762527e-01,1.242674803655e+03,5.550195837812e+04,1.090000000000e+02
2.871000000000e+03,1.033370400702e+08,8.379673695985e+03,5.591251976419e+05,3.646292674840e-01,2.534680041355e+02,-1.630533183296e-04,-1.777281169793e-02,0.000000000000e+00,1.188077485800e+03,1.895333653526e+03,0.000000000000e+00,0.000000000000e+00,0.000000000000e+00,0.000000000000e+00,8.633860323093e-04,9.410907752172e-02,2.724412262466e+02,2.548158111572e+02,0.000000000000e+00,5.448126663491e-01,1.188077485800e+03,5.550175476271e+04,1.090000000000e+02
2.872000000000e+03,1.033352406167e+08,9.372296334486e+03,5.647479468460e+05,3.666029880441e-01,2.546394552282e+02,-1.456559491617e-04,-1.587649845862e-02,0.000000000000e+00,8.068300686080e+02,1.799452707103e+03,0.000000000000e+00,0.000000000000e+00,0.000000000000e+00,0.000000000000e+00,7.841017862558e-04,8.546709470188e-02,2.723858735420e+02,2.542895660400e+02,0.000000000000e+00,5.488287901116e-01,8.068300686080e+02,5.550157550936e+04,1.090000000000e+02
2.873000000000e+03,1.033334171091e+08,1.025474614419e+04,5.701554853532e+05,3.684213075148e-01,2.558095587427e+02,-1.229324631702e-04,-1.339963848555e-02,0.000000000000e+00,9.410591502232e+02,1.823508959925e+03,0.000000000000e+00,0.000000000000e+00,0.000000000000e+00,0.000000000000e+00,7.711695311231e-04,8.405747889241e-02,2.723411861048e+02,2.535805053711e+02,0.000000000000e+00,5.546994605321e-01,9.410591502232e+02,5.550143005037e+04,1.090000000000e+02
2.874000000000e+03,1.033316317675e+08,1.126298932171e+04,5.750605018123e+05,3.698381048867e-01,2.570221705178e+02,-1.070323521203e-04,-1.166652638112e-02,0.000000000000e+00,7.770977294849e+02,1.785340906999e+03,0.000000000000e+00,0.000000000000e+00,0.000000000000e+00,0.000000000000e+00,7.038662994148e-04,7.672142663622e-02,2.723235924802e+02,2.533937225342e+02,0.000000000000e+00,5.595412791471e-01,7.770977294849e+02,5.550136915204e+04,1.090000000000e+02
2.875000000000e+03,1.033298619366e+08,1.224012286614e+04,5.807163829811e+05,3.718789471456e-01,2.581259333095e+02,-8.929522578576e-05,-9.733179610648e-03,0.000000000000e+00,7.926975966298e+02,1.769831141060e+03,0.000000000000e+00,0.000000000000e+00,0.000000000000e+00,0.000000000000e+00,8.457101924602e-04,9.218241097817e-02,2.723070535100e+02,2.537482757568e+02,0.000000000000e+00,5.654096885963e-01,7.926975966298e+02,5.550131466138e+04,1.090000000000e+02
2.876000000000e+03,1.033280977638e+08,1.318941716074e+04,5.863950854557e+05,3.739283781053e-01,2.592221545969e+02,-8.622390763385e-05,-9.398405932090e-03,0.000000000000e+00,8.148771611421e+02,1.764171455740e+03,0.000000000000e+00,0.000000000000e+00,0.000000000000e+00,0.000000000000e+00,8.526914106539e-04,9.294336376127e-02,2.722681347969e+02,2.536108703613e+02,0.000000000000e+00,5.708822903409e-01,8.148771611421e+02,5.550118144651e+04,1.090000000000e+02
2.877000000000e+03,1.033263813500e+08,1.435248536549e+04,5.906758592627e+05,3.749046271794e-01,2.604353731866e+02,-1.035277121892e-04,-1.128452062862e-02,0.000000000000e+00,5.533489267067e+02,1.716417131457e+03,0.000000000000e+00,0.000000000000e+00,0.000000000000e+00,0.000000000000e+00,6.043759859319e-04,6.587698246658e-02,2.722190393508e+02,2.532135467529e+02,0.000000000000e+00,5.770964936280e-01,5.533489267067e+02,5.550101435433e+04,1.090000000000e+02
2.878000000000e+03,1.033246594870e+08,1.537400278179e+04,5.950900695118e+05,3.759920366050e-01,2.616230822192e+02,-1.171237158654e-04,-1.276648502932e-02,0.000000000000e+00,7.003486198104e+02,1.721866036119e+03,0.000000000000e+00,0.000000000000e+00,0.000000000000e+00,0.000000000000e+00,6.126479891711e-04,6.677863081965e-02,2.722029210683e+02,2.543534698486e+02,0.000000000000e+00,5.831642060245e-01,7.003486198104e+02,5.550095938647e+04,1.090000000000e+02
2.879000000000e+03,1.033230003408e+08,1.654225955723e+04,6.001896176076e+05,3.776386656850e-01,2.627140932665e+02,-1.238964766873e-04,-1.350471595891e-02,0.000000000000e+00,4.908920537671e+02,1.659148829199e+03,0.000000000000e+00,0.000000000000e+00,0.000000000000e+00,0.000000000000e+00,7.189079861581e-04,7.836097049124e-02,2.722288313113e+02,2.540127410889e+02,0.000000000000e+00,5.883549477426e-01,4.908920537671e+02,5.550104559284e+04,1.090000000000e+02
2.880000000000e+03,1.033213392156e+08,1.761172353476e+04,6.053068063019e+05,3.793128602269e-01,2.637848887484e+02,-1.431329257395e-04,-1.560148890561e-02,0.000000000000e+00,5.916641200305e+02,1.661128097565e+03,0.000000000000e+00,0.000000000000e+00,0.000000000000e+00,0.000000000000e+00,7.028650353594e-04,7.661228885418e-02,2.722080161678e+02,2.534426269531e+02,0.000000000000e+00,5.943844017058e-01,5.916641200305e+02,5.550097457138e+04,1.090000000000e+02
2.881000000000e+03,1.033196975890e+08,1.885162926561e+04,6.112315430441e+05,3.816315726203e-01,2.647493859467e+02,-1.498090407127e-04,-1.632918543768e-02,0.000000000000e+00,4.017212233322e+02,1.641626954180e+03,0.000000000000e+00,0.000000000000e+00,0.000000000000e+00,0.000000000000e+00,8.299122846729e-04,9.046043902935e-02,2.721519423194e+02,2.525922546387e+02,0.000000000000e+00,6.016456985906e-01,4.017212233322e+02,5.550077553809e+04,1.090000000000e+02
2.882000000000e+03,1.033180597792e+08,2.014840379702e+04,6.173555457700e+05,3.841250355076e-01,2.656670405056e+02,-1.286654365262e-04,-1.402453258136e-02,0.000000000000e+00,3.410366253952e+02,1.637811156810e+03,0.000000000000e+00,0.000000000000e+00,0.000000000000e+00,0.000000000000e+00,8.839682928537e-04,9.635254392106e-02,2.721011004268e+02,2.525356140137e+02,0.000000000000e+00,6.078691196831e-01,3.410366253952e+02,5.550059432945e+04,1.090000000000e+02
2.883000000000e+03,1.033164349730e+08,2.148857641253e+04,6.229155460330e+05,3.861523991780e-01,2.666531283318e+02,-1.090506964050e-04,-1.188652590815e-02,0.000000000000e+00,2.846337116063e+02,1.624806327118e+03,0.000000000000e+00,0.000000000000e+00,0.000000000000e+00,0.000000000000e+00,8.103307000677e-04,8.832604630738e-02,2.720559387937e+02,2.526210479736e+02,0.000000000000e+00,6.152830687156e-01,2.846337116063e+02,5.550042884559e+04,1.090000000000e+02
2.884000000000e+03,1.033148320873e+08,2.279621514712e+04,6.276663901440e+05,3.875418852011e-01,2.677236984275e+02,-1.029660589625e-04,-1.122330042691e-02,0.000000000000e+00,2.952485245254e+02,1.602887259110e+03,0.000000000000e+00,0.000000000000e+00,0.000000000000e+00,0.000000000000e+00,6.824373536375e-04,7.438567154648e-02,2.720448059364e+02,2.526845245361e+02,0.000000000000e+00,6.222258043504e-01,2.952485245254e+02,5.550038781248e+04,1.090000000000e+02
2.885000000000e+03,1.033132582912e+08,2.400377572397e+04,6.320224859773e+05,3.886608950818e-01,2.688054096921e+02,-1.071200328178e-04,-1.167608357714e-02,0.000000000000e+00,3.662362894639e+02,1.573796866312e+03,0.000000000000e+00,0.000000000000e+00,0.000000000000e+00,0.000000000000e+00,6.128894101861e-04,6.680494571029e-02,2.720546843519e+02,2.531290130615e+02,0.000000000000e+00,6.293722508575e-01,3.662362894639e+02,5.550042415326e+04,1.090000000000e+02
2.886000000000e+03,1.033117263732e+08,2.530281870707e+04,6.366596504020e+05,3.900086659743e-01,2.698425351242e+02,-1.178771574364e-04,-1.284861016057e-02,0.000000000000e+00,2.328750855221e+02,1.531918068622e+03,0.000000000000e+00,0.000000000000e+00,0.000000000000e+00,0.000000000000e+00,6.488957292451e-04,7.072963448772e-02,2.720198089926e+02,2.527994995117e+02,0.000000000000e+00,6.356684155637e-01,2.328750855221e+02,5.550029620294e+04,1.090000000000e+02
2.887000000000e+03,1.033102095926e+08,2.654879754340e+04,6.415942875932e+05,3.915868211076e-01,2.708391634849e+02,-1.232210216692e-04,-1.343109136194e-02,0.000000000000e+00,2.708020839650e+02,1.516780920298e+03,0.000000000000e+00,0.000000000000e+00,0.000000000000e+00,0.000000000000e+00,6.928985560798e-04,7.552594261270e-02,2.719616339780e+02,2.526025085449e+02,0.000000000000e+00,6.427801096221e-01,2.708020839650e+02,5.550008062539e+04,1.090000000000e+02
2.888000000000e+03,1.033087624507e+08,2.782471716026e+04,6.467540155503e+05,3.933685828339e-01,2.717812202569e+02,-1.320017913356e-04,-1.438819525558e-02,0.000000000000e+00,1.712223716524e+02,1.447141988516e+03,0.000000000000e+00,0.000000000000e+00,0.000000000000e+00,0.000000000000e+00,7.211438746148e-04,7.860468233302e-02,2.719306595731e+02,2.523730163574e+02,0.000000000000e+00,6.507461792977e-01,1.712223716524e+02,5.549996255801e+04,1.090000000000e+02
2.889000000000e+03,1.033073209139e+08,2.908500627192e+04,6.516361226401e+05,3.949446233880e-01,2.727400709176e+02,-1.260640958307e-04,-1.374098644554e-02,0.000000000000e+00,1.812482818101e+02,1.441537393466e+03,0.000000000000e+00,0.000000000000e+00,0.000000000000e+00,0.000000000000e+00,6.809647674265e-04,7.422515964949e-02,2.719304838117e+02,2.532419433594e+02,0.000000000000e+00,6.578519858005e-01,1.812482818101e+02,5.549996150548e+04,1.090000000000e+02
2.890000000000e+03,1.033059131267e+08,3.032309827965e+04,6.562451186844e+05,3.962770086932e-01,2.737472112757e+02,-1.007546383748e-04,-1.098225558286e-02,0.000000000000e+00,1.696958543126e+02,1.407787862046e+03,0.000000000000e+00,0.000000000000e+00,0.000000000000e+00,0.000000000000e+00,6.617508667736e-04,7.213084447832e-02,2.718479152146e+02,2.523300018311e+02,0.000000000000e+00,6.641385720328e-01,1.696958543126e+02,5.549964534717e+04,1.090000000000e+02
2.891000000000e+03,1.033045230853e+08,3.155875009788e+04,6.606125085688e+05,3.974790735762e-01,2.747367190277e+02,-8.936621011398e-05,-9.740916902424e-03,0.000000000000e+00,1.543891966761e+02,1.390041014902e+03,0.000000000000e+00,0.000000000000e+00,0.000000000000e+00,0.000000000000e+00,6.330028108287e-04,6.899730638032e-02,2.717933539624e+02,2.516966857910e+02,0.000000000000e+00,6.732807645140e-01,1.543891966761e+02,5.549943119968e+04,1.090000000000e+02
2.892000000000e+03,1.033031352750e+08,3.278523286304e+04,6.651351214903e+05,3.988091997146e-01,2.756952471580e+02,-1.079378067254e-04,-1.176522093306e-02,0.000000000000e+00,1.613282283815e+02,1.387810993547e+03,0.000000000000e+00,0.000000000000e+00,0.000000000000e+00,0.000000000000e+00,6.397641003066e-04,6.973428693342e-02,2.717816110842e+02,2.519540557861e+02,0.000000000000e+00,6.817179352071e-01,1.613282283815e+02,5.549938396061e+04,1.090000000000e+02
2.893000000000e+03,1.033017575435e+08,3.399985731821e+04,6.691483666956e+05,3.997283432461e-01,2.767214560076e+02,-1.152332681225e-04,-1.256042622535e-02,0.000000000000e+00,1.631071714322e+02,1.377731626600e+03,0.000000000000e+00,0.000000000000e+00,0.000000000000e+00,0.000000000000e+00,5.483718714300e-04,5.977253398587e-02,2.717569402488e+02,2.524174652100e+02,0.000000000000e+00,6.904494738484e-01,1.631071714322e+02,5.549928482729e+04,1.090000000000e+02
2.894000000000e+03,1.033003971993e+08,3.518483671431e+04,6.736969807480e+05,4.011282625973e-01,2.776295135988e+02,-1.228149417864e-04,-1.338682865472e-02,0.000000000000e+00,1.753645293473e+02,1.360343925449e+03,0.000000000000e+00,0.000000000000e+00,0.000000000000e+00,0.000000000000e+00,6.288164750059e-04,6.854099577564e-02,2.717914362250e+02,2.536688690186e+02,0.000000000000e+00,6.983479776238e-01,1.753645293473e+02,5.549942195519e+04,1.090000000000e+02
2.895000000000e+03,1.032990583169e+08,3.633477858825e+04,6.795956102946e+05,4.034838921472e-01,2.784250417355e+02,-1.485649682745e-04,-1.619358154192e-02,0.000000000000e+00,1.889410061304e+02,1.338882880069e+03,0.000000000000e+00,0.000000000000e+00,0.000000000000e+00,0.000000000000e+00,8.264079179802e-04,9.007846305984e-02,2.718035998244e+02,2.541053009033e+02,0.000000000000e+00,7.069059876174e-01,1.889410061304e+02,5.549946993121e+04,1.090000000000e+02
2.896000000000e+03,1.032977346967e+08,3.747231593542e+04,6.853792069411e+05,4.057364618431e-01,2.792358504672e+02,-1.386340334313e-04,-1.511110964402e-02,0.000000000000e+00,1.860838608483e+02,1.323621208020e+03,0.000000000000e+00,0.000000000000e+00,0.000000000000e+00,0.000000000000e+00,8.175200858084e-04,8.910968935311e-02,2.717924878842e+02,2.542877807617e+02,0.000000000000e+00,7.155932050449e-01,1.860838608483e+02,5.549942562260e+04,1.090000000000e+02
2.897000000000e+03,1.032964296951e+08,3.858768153324e+04,6.901315352479e+05,4.072405727134e-01,2.801334004116e+02,-1.108627112015e-04,-1.208403552097e-02,0.000000000000e+00,1.896358063470e+02,1.305001404158e+03,0.000000000000e+00,0.000000000000e+00,0.000000000000e+00,0.000000000000e+00,6.746541015626e-04,7.353729707033e-02,2.718003276142e+02,2.553469085693e+02,0.000000000000e+00,7.234809152651e-01,1.896358063470e+02,5.549945630314e+04,1.090000000000e+02
2.898000000000e+03,1.032951401179e+08,3.969456577250e+04,6.939815218049e+05,4.081016240273e-01,2.811026829290e+02,-1.095807543569e-04,-1.194430222491e-02,0.000000000000e+00,1.826933633454e+02,1.289577602609e+03,0.000000000000e+00,0.000000000000e+00,0.000000000000e+00,0.000000000000e+00,5.271927374134e-04,5.746400837806e-02,2.717575994085e+02,2.539951934814e+02,0.000000000000e+00,7.332316457950e-01,1.826933633454e+02,5.549928565891e+04,1.090000000000e+02
2.899000000000e+03,1.032938604948e+08,4.081118654010e+04,6.979589139370e+05,4.090789597630e-01,2.820396431486e+02,-1.108599725880e-04,-1.208373701209e-02,0.000000000000e+00,1.630034476318e+02,1.279624215232e+03,0.000000000000e+00,0.000000000000e+00,0.000000000000e+00,0.000000000000e+00,5.471615526207e-04,5.964060923565e-02,2.716939654626e+02,2.536811370850e+02,0.000000000000e+00,7.437773854993e-01,1.630034476318e+02,5.549902715531e+04,1.090000000000e+02
2.900000000000e+03,1.032925942192e+08,4.192631427164e+04,7.023901289338e+05,4.103817792043e-01,2.829303838634e+02,-1.043130739590e-04,-1.137012506153e-02,0.000000000000e+00,1.511484823154e+02,1.266276213856e+03,0.000000000000e+00,0.000000000000e+00,0.000000000000e+00,0.000000000000e+00,6.286764717429e-04,6.852573541997e-02,2.716382272180e+02,2.542044982910e+02,0.000000000000e+00,7.538795349130e-01,1.511484823154e+02,5.549879626938e+04,1.090000000000e+02
2.901000000000e+03,1.032913403241e+08,4.304542642765e+04,7.075534999037e+05,4.122289538887e-01,2.837349160875e+02,-1.014018534989e-04,-1.105280203138e-02,0.000000000000e+00,1.347839526294e+02,1.253896108644e+03,0.000000000000e+00,0.000000000000e+00,0.000000000000e+00,0.000000000000e+00,7.528701357270e-04,8.206284479425e-02,2.715559367769e+02,2.526791687012e+02,0.000000000000e+00,7.634921146467e-01,1.347839526294e+02,5.549844856721e+04,1.090000000000e+02
2.902000000000e+03,1.032900914326e+08,4.419424953436e+04,7.121166935371e+05,4.136453632223e-01,2.845903999061e+02,-8.916805310324e-05,-9.719317788254e-03,0.000000000000e+00,1.000684462177e+02,1.248891552922e+03,0.000000000000e+00,0.000000000000e+00,0.000000000000e+00,0.000000000000e+00,6.665823692322e-04,7.265747824631e-02,2.714028975849e+02,2.513524322510e+02,0.000000000000e+00,7.757892705315e-01,1.000684462177e+02,5.549777950418e+04,1.090000000000e+02
2.903000000000e+03,1.032888479389e+08,4.536544775719e+04,7.151385990964e+05,4.139557725792e-01,2.855865957264e+02,-7.634475995682e-05,-8.321578835293e-03,0.000000000000e+00,7.229348420822e+01,1.243491707041e+03,0.000000000000e+00,0.000000000000e+00,0.000000000000e+00,0.000000000000e+00,4.243756352706e-04,4.625694424450e-02,2.712823957101e+02,2.503384704590e+02,0.000000000000e+00,7.887110731977e-01,7.229348420822e+01,5.549723104358e+04,1.090000000000e+02
2.904000000000e+03,1.032876291619e+08,4.650153294109e+04,7.187316637515e+05,4.146794236660e-01,2.865202145684e+02,-9.244865657004e-05,-1.007690356613e-02,0.000000000000e+00,8.269232719411e+01,1.218777511094e+03,0.000000000000e+00,0.000000000000e+00,0.000000000000e+00,0.000000000000e+00,5.013668514366e-04,5.464898680659e-02,2.712986724217e+02,2.508208923340e+02,0.000000000000e+00,8.018586025727e-01,8.269232719411e+01,5.549730469482e+04,1.090000000000e+02
2.905000000000e+03,1.032864459637e+08,4.757459538679e+04,7.236818835259e+05,4.164010618355e-01,2.872994438109e+02,-1.151571830324e-04,-1.255213295053e-02,0.000000000000e+00,1.101345648951e+02,1.183197010597e+03,0.000000000000e+00,0.000000000000e+00,0.000000000000e+00,0.000000000000e+00,7.025976654947e-04,7.658314553892e-02,2.713568322452e+02,2.522371978760e+02,0.000000000000e+00,8.135114233690e-01,1.101345648951e+02,5.549756931408e+04,1.090000000000e+02
2.906000000000e+03,1.032852995952e+08,4.858675723219e+04,7.288851531433e+05,4.183052263083e-01,2.880461266302e+02,-1.134394088567e-04,-1.236489556538e-02,0.000000000000e+00,1.342070355725e+02,1.146368880974e+03,0.000000000000e+00,0.000000000000e+00,0.000000000000e+00,0.000000000000e+00,7.459662108009e-04,8.131031697730e-02,2.714338384320e+02,2.537629241943e+02,0.000000000000e+00,8.230695520958e-01,1.342070355725e+02,5.549791354552e+04,1.090000000000e+02
2.907000000000e+03,1.032841879831e+08,4.954974800300e+04,7.339834372165e+05,4.201108896985e-01,2.888131003968e+02,-1.085892797246e-04,-1.183623148998e-02,0.000000000000e+00,1.486219159147e+02,1.111612686720e+03,0.000000000000e+00,0.000000000000e+00,0.000000000000e+00,0.000000000000e+00,7.337380908503e-04,7.997745190268e-02,2.714823012173e+02,2.542690124512e+02,0.000000000000e+00,8.349994629023e-01,1.486219159147e+02,5.549812646081e+04,1.090000000000e+02
2.908000000000e+03,1.032831028397e+08,5.049243495644e+04,7.402114260967e+05,4.227653439698e-01,2.894353518395e+02,-1.297390252124e-04,-1.414155374815e-02,0.000000000000e+00,1.424570934773e+02,1.085144046921e+03,0.000000000000e+00,0.000000000000e+00,0.000000000000e+00,0.000000000000e+00,8.999674272204e-04,9.809644956703e-02,2.714649350992e+02,2.540317077637e+02,0.000000000000e+00,8.464370295741e-01,1.424570934773e+02,5.549805066776e+04,1.090000000000e+02
2.909000000000e+03,1.032820411099e+08,5.142229677555e+04,7.461618329783e+05,4.251892754864e-01,2.900992643296e+02,-1.287984154466e-04,-1.403902728368e-02,0.000000000000e+00,1.318678207541e+02,1.061729639860e+03,0.000000000000e+00,0.000000000000e+00,0.000000000000e+00,0.000000000000e+00,8.550612155194e-04,9.320167249162e-02,2.714439840420e+02,2.541607360840e+02,0.000000000000e+00,8.578556896514e-01,1.318678207541e+02,5.549795855005e+04,1.090000000000e+02
2.910000000000e+03,1.032810015581e+08,5.234391241464e+04,7.516970513275e+05,4.273549718814e-01,2.907717615920e+02,-1.216576677651e-04,-1.326068578640e-02,0.000000000000e+00,1.179364837804e+02,1.039552122869e+03,0.000000000000e+00,0.000000000000e+00,0.000000000000e+00,0.000000000000e+00,7.940031753406e-04,8.654634611212e-02,2.713798286835e+02,2.529650726318e+02,0.000000000000e+00,8.682320590998e-01,1.179364837804e+02,5.549767302749e+04,1.090000000000e+02
2.911000000000e+03,1.032799820276e+08,5.326234912797e+04,7.572116114503e+05,4.294652463632e-01,2.914670763368e+02,-1.196047746807e-04,-1.303692044020e-02,0.000000000000e+00,1.010955689802e+02,1.019532282314e+03,0.000000000000e+00,0.000000000000e+00,0.000000000000e+00,0.000000000000e+00,7.926165143390e-04,8.639520006295e-02,2.713202115961e+02,2.524856262207e+02,0.000000000000e+00,8.785078084348e-01,1.010955689802e+02,5.549740287194e+04,1.090000000000e+02
2.912000000000e+03,1.032789791564e+08,5.416900562639e+04,7.622380583210e+05,4.312207628013e-01,2.922081713732e+02,-1.112656989895e-04,-1.212796118985e-02,0.000000000000e+00,9.621509556058e+01,1.002871593975e+03,0.000000000000e+00,0.000000000000e+00,0.000000000000e+00,0.000000000000e+00,7.199838257113e-04,7.847823700253e-02,2.712887600827e+02,2.527892150879e+02,0.000000000000e+00,8.876957438709e-01,9.621509556058e+01,5.549726002839e+04,1.090000000000e+02
2.913000000000e+03,1.032779612579e+08,5.510531524378e+04,7.671540850866e+05,4.329262928256e-01,2.929357582577e+02,-1.080805983191e-04,-1.178078521678e-02,0.000000000000e+00,8.158671765208e+01,1.017896335045e+03,0.000000000000e+00,0.000000000000e+00,0.000000000000e+00,0.000000000000e+00,7.052814514294e-04,7.687567820580e-02,2.712236840168e+02,2.516610565186e+02,0.000000000000e+00,8.969001071946e-01,8.158671765208e+01,5.549695973994e+04,1.090000000000e+02
2.914000000000e+03,1.032769697768e+08,5.602624196621e+04,7.712031718788e+05,4.339996556565e-01,2.937550304602e+02,-1.070367869782e-04,-1.166700978063e-02,0.000000000000e+00,7.055020710040e+01,9.914769295302e+02,0.000000000000e+00,0.000000000000e+00,0.000000000000e+00,0.000000000000e+00,5.629491730051e-04,6.136145985755e-02,2.711659110583e+02,2.513882751465e+02,0.000000000000e+00,9.050772911572e-01,7.055020710040e+01,5.549668719691e+04,1.090000000000e+02
2.915000000000e+03,1.032759992884e+08,5.692894883490e+04,7.745159319735e+05,4.345941356422e-01,2.946143864482e+02,-1.021136271219e-04,-1.113038535629e-02,0.000000000000e+00,6.777868832451e+01,9.704855570135e+02,0.000000000000e+00,0.000000000000e+00,0.000000000000e+00,0.000000000000e+00,4.459849906056e-04,4.861236397601e-02,2.711243228973e+02,2.516314849854e+02,0.000000000000e+00,9.136790688885e-01,6.777868832451e+01,5.549648809187e+04,1.090000000000e+02
2.916000000000e+03,1.032750478444e+08,5.781334794587e+04,7.775561508475e+05,4.349495922444e-01,2.955297581707e+02,-1.090995720282e-04,-1.189185335107e-02,0.000000000000e+00,6.704128022893e+01,9.514403912054e+02,0.000000000000e+00,0.000000000000e+00,0.000000000000e+00,0.000000000000e+00,3.937606031401e-04,4.291990574227e-02,2.710999687054e+02,2.525847625732e+02,0.000000000000e+00,9.221464370629e-01,6.704128022893e+01,5.549637034382e+04,1.090000000000e+02
2.917000000000e+03,1.032741149646e+08,5.867784393558e+04,7.815122069725e+05,4.359996542681e-01,2.963180914445e+02,-1.235500562142e-04,-1.346695612735e-02,0.000000000000e+00,6.837931126437e+01,9.328753009741e+02,0.000000000000e+00,0.000000000000e+00,0.000000000000e+00,0.000000000000e+00,5.304841609339e-04,5.782277354179e-02,2.710958967783e+02,2.525290985107e+02,0.000000000000e+00,9.289622779668e-01,6.837931126437e+01,5.549635057386e+04,1.090000000000e+02
2.918000000000e+03,1.032731996788e+08,5.952543885662e+04,7.866577566349e+05,4.379111056003e-01,2.969676991705e+02,-1.342725094433e-04,-1.463570352932e-02,0.000000000000e+00,6.768856898852e+01,9.152834900275e+02,0.000000000000e+00,0.000000000000e+00,0.000000000000e+00,0.000000000000e+00,7.165941263363e-04,7.810875977065e-02,2.710751111566e+02,2.516068267822e+02,0.000000000000e+00,9.360265784262e-01,6.768856898852e+01,5.549624952972e+04,1.090000000000e+02
2.919000000000e+03,1.032722985205e+08,6.036449947994e+04,7.923221554409e+05,4.401489262248e-01,2.975867230036e+02,-1.198918964493e-04,-1.306821671297e-02,0.000000000000e+00,6.209578221974e+01,9.011564055339e+02,0.000000000000e+00,0.000000000000e+00,0.000000000000e+00,0.000000000000e+00,8.171314490782e-04,8.906732794953e-02,2.710218948540e+02,2.512489471436e+02,0.000000000000e+00,9.425424312825e-01,6.209578221974e+01,5.549598805650e+04,1.090000000000e+02
2.920000000000e+03,1.032714117591e+08,6.118960385447e+04,7.985119442961e+05,4.427801816692e-01,2.981295069771e+02,-1.395135198985e-04,-1.520697366893e-02,0.000000000000e+00,6.165464619037e+01,8.867590207228e+02,0.000000000000e+00,0.000000000000e+00,0.000000000000e+00,0.000000000000e+00,8.838442256953e-04,9.633902060079e-02,2.710138025078e+02,2.519989776611e+02,0.000000000000e+00,9.503058117753e-01,6.165464619037e+01,5.549594773814e+04,1.090000000000e+02
2.921000000000e+03,1.032705417965e+08,6.199563858338e+04,8.050258993849e+05,4.455731043749e-01,2.986777669272e+02,-1.813335917361e-04,-1.976536149924e-02,0.000000000000e+00,6.392721570088e+01,8.699619446157e+02,0.000000000000e+00,0.000000000000e+00,0.000000000000e+00,0.000000000000e+00,8.956093309804e-04,9.762141707686e-02,2.710064979140e+02,2.520103759766e+02,0.000000000000e+00,9.583937651713e-01,6.392721570088e+01,5.549591124771e+04,1.090000000000e+02
2.922000000000e+03,1.032696875679e+08,6.278514725341e+04,8.109802516596e+05,4.479935774327e-01,2.992612008808e+02,-1.942400622965e-04,-2.117216679031e-02,0.000000000000e+00,6.471841915226e+01,8.542270891783e+02,0.000000000000e+00,0.000000000000e+00,0.000000000000e+00,0.000000000000e+00,7.900729736431e-04,8.611795412710e-02,2.710089299729e+02,2.526075439453e+02,0.000000000000e+00,9.636937846137e-01,6.471841915226e+01,5.549592319176e+04,1.090000000000e+02
2.923000000000e+03,1.032688485663e+08,6.356105031111e+04,8.152715398981e+05,4.492669186132e-01,2.999927788787e+02,-1.694151721724e-04,-1.846625376679e-02,0.000000000000e+00,6.309776390134e+01,8.390008216052e+02,0.000000000000e+00,0.000000000000e+00,0.000000000000e+00,0.000000000000e+00,5.403191437635e-04,5.889478667022e-02,2.709825294728e+02,2.526165313721e+02,0.000000000000e+00,9.711228920584e-01,6.309776390134e+01,5.549579157982e+04,1.090000000000e+02
2.924000000000e+03,1.032680232443e+08,6.432664285104e+04,8.199872482383e+05,4.508314924053e-01,3.006816461329e+02,-1.250573451661e-04,-1.363125062310e-02,0.000000000000e+00,5.972544383864e+01,8.253179837640e+02,0.000000000000e+00,0.000000000000e+00,0.000000000000e+00,0.000000000000e+00,6.548617160357e-04,7.137992704789e-02,2.709545352155e+02,2.526100158691e+02,0.000000000000e+00,9.778542708024e-01,5.972544383864e+01,5.549565101924e+04,1.090000000000e+02
2.925000000000e+03,1.032672088439e+08,6.509206391009e+04,8.254039723918e+05,4.528804267932e-01,3.013018990902e+02,-1.131043280760e-04,-1.232837176029e-02,0.000000000000e+00,4.897824438347e+01,8.143993034396e+02,0.000000000000e+00,0.000000000000e+00,0.000000000000e+00,0.000000000000e+00,7.838718130465e-04,8.544202762207e-02,2.708348891001e+02,2.508502655029e+02,0.000000000000e+00,9.859641951009e-01,4.897824438347e+01,5.549503875199e+04,1.090000000000e+02
2.926000000000e+03,1.032664010184e+08,6.586628889870e+04,8.308208396589e+05,4.549954260986e-01,3.018734354202e+02,-1.187691423008e-04,-1.294583651079e-02,0.000000000000e+00,3.359846002261e+01,8.078234486236e+02,0.000000000000e+00,0.000000000000e+00,0.000000000000e+00,0.000000000000e+00,7.785298220473e-04,8.485975060315e-02,2.706978220139e+02,2.500630798340e+02,0.000000000000e+00,9.940259582512e-01,3.359846002261e+01,5.549431380723e+04,1.090000000000e+02
2.927000000000e+03,1.032656017169e+08,6.663750353460e+04,8.365791898189e+05,4.572513670255e-01,3.024688068646e+02,-1.268615754101e-04,-1.382791171971e-02,0.000000000000e+00,2.808458201493e+01,7.992992179174e+02,0.000000000000e+00,0.000000000000e+00,0.000000000000e+00,0.000000000000e+00,8.263814077410e-04,9.007557344377e-02,2.706042000482e+02,2.503898010254e+02,0.000000000000e+00,1.002897004593e+00,2.808458201493e+01,5.549380335100e+04,1.090000000000e+02
2.928000000000e+03,1.032648148306e+08,6.739186679064e+04,8.409561284678e+05,4.585556352240e-01,3.031865447377e+02,-1.327428279616e-04,-1.446896824781e-02,0.000000000000e+00,3.251845105684e+01,7.868817070955e+02,0.000000000000e+00,0.000000000000e+00,0.000000000000e+00,0.000000000000e+00,5.908783043973e-04,6.440573517931e-02,2.706030139918e+02,2.510000000000e+02,0.000000000000e+00,1.010848330469e+00,3.251845105684e+01,5.549379509693e+04,1.090000000000e+02
2.929000000000e+03,1.032640434398e+08,6.812720051860e+04,8.447609791608e+05,4.595595770664e-01,3.038932671304e+02,-1.293215765232e-04,-1.409605184103e-02,0.000000000000e+00,3.605452371389e+01,7.713882516817e+02,0.000000000000e+00,0.000000000000e+00,0.000000000000e+00,0.000000000000e+00,4.998396429764e-04,5.448252108443e-02,2.705933377390e+02,2.510683288574e+02,0.000000000000e+00,1.019652973034e+00,3.605452371389e+01,5.549374009863e+04,1.090000000000e+02
2.930000000000e+03,1.032632864886e+08,6.884761064681e+04,8.490184837740e+05,4.607894360178e-01,3.046098325352e+02,-1.264700718019e-04,-1.378523782640e-02,0.000000000000e+00,3.653684938027e+01,7.569469775806e+02,0.000000000000e+00,0.000000000000e+00,0.000000000000e+00,0.000000000000e+00,5.774560418579e-04,6.294270856251e-02,2.705883723455e+02,2.517420959473e+02,0.000000000000e+00,1.024240531466e+00,3.653684938027e+01,5.549371112473e+04,1.090000000000e+02
2.931000000000e+03,1.032625425767e+08,6.956247863580e+04,8.526642782886e+05,4.616153538540e-01,3.053735822021e+02,-1.103366975038e-04,-1.202670002791e-02,0.000000000000e+00,2.904135431822e+01,7.439093433107e+02,0.000000000000e+00,0.000000000000e+00,0.000000000000e+00,0.000000000000e+00,4.938024769461e-04,5.382446998713e-02,2.704893276052e+02,2.507825164795e+02,0.000000000000e+00,1.034705244673e+00,2.904135431822e+01,5.549315573663e+04,1.090000000000e+02
2.932000000000e+03,1.032618111905e+08,7.026679252068e+04,8.562214924523e+05,4.624182455311e-01,3.061154738163e+02,-9.751351496177e-05,-1.062897313083e-02,0.000000000000e+00,2.707117809702e+01,7.313850629763e+02,0.000000000000e+00,0.000000000000e+00,0.000000000000e+00,0.000000000000e+00,4.907308298729e-04,5.348966045615e-02,2.704790213294e+02,2.513494567871e+02,0.000000000000e+00,1.040967911193e+00,2.707117809702e+01,5.549309512700e+04,1.090000000000e+02
2.933000000000e+03,1.032610969448e+08,7.094860988700e+04,8.605093109662e+05,4.637300707015e-01,3.067781553762e+02,-1.166857393750e-04,-1.271874559187e-02,0.000000000000e+00,3.242791345620e+01,7.142452797825e+02,0.000000000000e+00,0.000000000000e+00,0.000000000000e+00,0.000000000000e+00,5.921890272640e-04,6.454860397178e-02,2.704797991945e+02,2.517384948730e+02,0.000000000000e+00,1.049027134905e+00,3.242791345620e+01,5.549309615732e+04,1.090000000000e+02
2.934000000000e+03,1.032603986632e+08,7.161591489218e+04,8.652458538160e+05,4.653242414476e-01,3.074110547335e+02,-1.552667795661e-04,-1.692407897271e-02,0.000000000000e+00,3.097564400536e+01,6.982806491809e+02,0.000000000000e+00,0.000000000000e+00,0.000000000000e+00,0.000000000000e+00,6.282923917061e-04,6.848387069596e-02,2.704465885924e+02,2.516017303467e+02,0.000000000000e+00,1.054620925335e+00,3.097564400536e+01,5.549290320093e+04,1.090000000000e+02
2.935000000000e+03,1.032597161565e+08,7.226983857992e+04,8.691624234998e+05,4.663658678888e-01,3.081141329208e+02,-1.578917688988e-04,-1.721020280997e-02,0.000000000000e+00,2.858242129914e+01,6.825061090378e+02,0.000000000000e+00,0.000000000000e+00,0.000000000000e+00,0.000000000000e+00,4.902064495769e-04,5.343250300388e-02,2.704074396098e+02,2.519206085205e+02,0.000000000000e+00,1.064666843238e+00,2.858242129914e+01,5.549267352622e+04,1.090000000000e+02
2.936000000000e+03,1.032590496654e+08,7.290812001851e+04,8.728328854932e+05,4.672585406391e-01,3.088252396213e+02,-1.498855915045e-04,-1.633752947399e-02,0.000000000000e+00,2.820652062134e+01,6.664879592100e+02,0.000000000000e+00,0.000000000000e+00,0.000000000000e+00,0.000000000000e+00,4.574309733789e-04,4.985997609830e-02,2.703755465263e+02,2.518365478516e+02,0.000000000000e+00,1.069808244327e+00,2.820652062134e+01,5.549248264288e+04,1.090000000000e+02
2.937000000000e+03,1.032583985285e+08,7.353716913829e+04,8.779279004237e+05,4.691041876415e-01,3.094091531524e+02,-1.494345082838e-04,-1.628836140293e-02,0.000000000000e+00,2.208933139328e+01,6.511384511755e+02,0.000000000000e+00,0.000000000000e+00,0.000000000000e+00,0.000000000000e+00,6.944633114358e-04,7.569650094650e-02,2.702753738484e+02,2.510751037598e+02,0.000000000000e+00,1.077982300088e+00,2.208933139328e+01,5.549188532444e+04,1.090000000000e+02
2.938000000000e+03,1.032578474774e+08,7.407654234629e+04,8.832098041173e+05,4.711216539089e-01,3.099438963424e+02,-1.291916523097e-04,-1.408189010176e-02,0.000000000000e+00,1.167708252935e+01,5.510502905357e+02,0.000000000000e+00,0.000000000000e+00,0.000000000000e+00,0.000000000000e+00,7.469588526590e-04,8.141851493983e-02,2.700984367531e+02,2.503266143799e+02,0.000000000000e+00,1.083412952832e+00,1.167708252935e+01,5.549078023013e+04,1.090000000000e+02
2.939000000000e+03,1.032573023254e+08,7.461105208348e+04,8.871692120873e+05,4.722105778019e-01,3.106191049489e+02,-1.212083550917e-04,-1.321171070500e-02,0.000000000000e+00,1.064195182591e+01,5.451516890087e+02,0.000000000000e+00,0.000000000000e+00,0.000000000000e+00,0.000000000000e+00,5.351368561914e-04,5.832991732486e-02,2.699975160328e+02,2.501602478027e+02,0.000000000000e+00,1.091543799620e+00,1.064195182591e+01,5.549012431169e+04,1.090000000000e+02
2.940000000000e+03,1.032567478880e+08,7.515166532391e+04,8.901657468930e+05,4.726242795789e-01,3.113976015480e+02,-1.282645964662e-04,-1.398084101481e-02,0.000000000000e+00,1.382429871014e+01,5.544375391457e+02,0.000000000000e+00,0.000000000000e+00,0.000000000000e+00,0.000000000000e+00,3.681736138704e-04,4.013092391188e-02,2.699405241507e+02,2.511623840332e+02,0.000000000000e+00,1.095978739349e+00,1.382429871014e+01,5.548974187927e+04,1.090000000000e+02
2.941000000000e+03,1.032561229526e+08,7.576400292459e+04,8.934123057699e+05,4.732440772576e-01,3.121259871804e+02,-1.391878799424e-04,-1.517147891372e-02,0.000000000000e+00,1.259801084027e+01,6.249356115210e+02,0.000000000000e+00,0.000000000000e+00,0.000000000000e+00,0.000000000000e+00,3.985188663906e-04,4.343855643657e-02,2.698852030505e+02,2.513104553223e+02,0.000000000000e+00,1.104413899110e+00,1.259801084027e+01,5.548938826075e+04,1.090000000000e+02
2.942000000000e+03,1.032555199801e+08,7.635980575891e+04,8.974518231127e+05,4.744534472850e-01,3.127419230463e+02,-1.217958477619e-04,-1.327574740605e-02,0.000000000000e+00,7.168748602058e+00,6.029715829200e+02,0.000000000000e+00,0.000000000000e+00,0.000000000000e+00,0.000000000000e+00,5.479123249361e-04,5.972244341803e-02,2.697834475272e+02,2.510350799561e+02,0.000000000000e+00,1.111160238694e+00,7.168748602058e+00,5.548870192724e+04,1.090000000000e+02
2.943000000000e+03,1.032549409115e+08,7.693661440742e+04,9.018890122123e+05,4.758998104968e-01,3.133375790733e+02,-1.212620409075e-04,-1.321756245891e-02,0.000000000000e+00,2.259546856116e+00,5.790681953662e+02,0.000000000000e+00,0.000000000000e+00,0.000000000000e+00,0.000000000000e+00,6.145482031169e-04,6.698575413974e-02,2.696661401864e+02,2.509133758545e+02,0.000000000000e+00,1.115667852360e+00,2.259546856116e+00,5.548789089100e+04,1.090000000000e+02
2.944000000000e+03,1.032543819655e+08,7.749556043895e+04,9.068909325560e+05,4.777412591750e-01,3.138676135499e+02,-1.464887163497e-04,-1.596727008212e-02,0.000000000000e+00,0.000000000000e+00,5.589460315296e+02,0.000000000000e+00,0.000000000000e+00,0.000000000000e+00,0.000000000000e+00,6.837220237547e-04,7.452570058926e-02,2.694988923919e+02,2.503815002441e+02,0.000000000000e+00,1.120438072411e+00,0.000000000000e+00,5.548670679152e+04,1.090000000000e+02
2.945000000000e+03,1.032538398611e+08,7.803766486965e+04,9.111794351883e+05,4.791140333094e-01,3.144569991024e+02,-1.437052946741e-04,-1.566387711948e-02,0.000000000000e+00,0.000000000000e+00,5.421044306960e+02,0.000000000000e+00,0.000000000000e+00,0.000000000000e+00,0.000000000000e+00,5.695460431748e-04,6.208051870605e-02,2.692890298046e+02,2.495313720703e+02,0.000000000000e+00,1.125027033875e+00,0.000000000000e+00,5.548516817845e+04,1.090000000000e+02
2.946000000000e+03,1.032533151746e+08,7.856235132239e+04,9.145632836356e+05,4.798874553220e-01,3.151235838795e+02,-1.529935033014e-04,-1.667629185985e-02,0.000000000000e+00,0.000000000000e+00,5.246864527448e+02,0.000000000000e+00,0.000000000000e+00,0.000000000000e+00,0.000000000000e+00,4.100992607505e-04,4.470081942180e-02,2.691171082862e+02,2.494858703613e+02,0.000000000000e+00,1.131240720773e+00,0.000000000000e+00,5.548385409925e+04,1.090000000000e+02
2.947000000000e+03,1.032528097608e+08,7.906776509662e+04,9.178121019260e+05,4.805429427381e-01,3.158170532710e+02,-1.522088875945e-04,-1.659076874781e-02,0.000000000000e+00,0.000000000000e+00,5.054137742249e+02,0.000000000000e+00,0.000000000000e+00,0.000000000000e+00,0.000000000000e+00,3.875915592262e-04,4.224747995565e-02,2.689970713159e+02,2.502594757080e+02,0.000000000000e+00,1.136979308626e+00,0.000000000000e+00,5.548290222021e+04,1.090000000000e+02
2.948000000000e+03,1.032523235011e+08,7.955402478774e+04,9.212936035933e+05,4.813804137934e-01,3.164709847614e+02,-1.310567210825e-04,-1.428518259799e-02,0.000000000000e+00,0.000000000000e+00,4.862596911182e+02,0.000000000000e+00,0.000000000000e+00,0.000000000000e+00,0.000000000000e+00,4.482200190168e-04,4.885598207283e-02,2.688350532472e+02,2.504782257080e+02,0.000000000000e+00,1.140187100746e+00,0.000000000000e+00,5.548159289188e+04,1.090000000000e+02
2.949000000000e+03,1.032518542173e+08,8.002330866082e+04,9.251403590516e+05,4.824695965283e-01,3.170852610876e+02,-1.211330169611e-04,-1.320349884876e-02,0.000000000000e+00,0.000000000000e+00,4.692838730885e+02,0.000000000000e+00,0.000000000000e+00,0.000000000000e+00,0.000000000000e+00,5.199308085057e-04,5.667245812712e-02,2.686183252961e+02,2.498409729004e+02,0.000000000000e+00,1.142527389006e+00,0.000000000000e+00,5.547979030123e+04,1.090000000000e+02
2.950000000000e+03,1.032514036248e+08,8.047390117356e+04,9.298119064969e+05,4.841319943467e-01,3.175976998868e+02,-1.474216903143e-04,-1.606896424426e-02,0.000000000000e+00,0.000000000000e+00,4.505925127403e+02,0.000000000000e+00,0.000000000000e+00,0.000000000000e+00,0.000000000000e+00,6.277876857478e-04,6.842885774651e-02,2.685055100167e+02,2.503921813965e+02,0.000000000000e+00,1.144796599562e+00,0.000000000000e+00,5.547881384974e+04,1.090000000000e+02
2.951000000000e+03,1.032509716530e+08,8.090587295606e+04,9.341793845299e+05,4.854814669603e-01,3.182114945540e+02,-1.566917912313e-04,-1.707940524421e-02,0.000000000000e+00,0.000000000000e+00,4.319717824980e+02,0.000000000000e+00,0.000000000000e+00,0.000000000000e+00,0.000000000000e+00,5.698828623925e-04,6.211723200078e-02,2.683285233310e+02,2.503721160889e+02,0.000000000000e+00,1.146976990624e+00,0.000000000000e+00,5.547725527655e+04,1.090000000000e+02
2.952000000000e+03,1.032505590163e+08,8.131850966176e+04,9.383288242801e+05,4.867441402798e-01,3.187991196952e+02,-1.770140421608e-04,-1.929453059552e-02,0.000000000000e+00,0.000000000000e+00,4.126367057026e+02,0.000000000000e+00,0.000000000000e+00,0.000000000000e+00,0.000000000000e+00,5.108055295289e-04,5.567780271865e-02,2.682652313518e+02,2.512306823730e+02,0.000000000000e+00,1.149135008717e+00,0.000000000000e+00,5.547667509557e+04,1.090000000000e+02
2.953000000000e+03,1.032501684165e+08,8.170910942654e+04,9.435791635067e+05,4.888064003641e-01,3.192300819430e+02,-2.095901986036e-04,-2.284533164779e-02,0.000000000000e+00,0.000000000000e+00,3.905997647780e+02,0.000000000000e+00,0.000000000000e+00,0.000000000000e+00,0.000000000000e+00,6.585131772950e-04,7.177793632515e-02,2.682736483633e+02,2.528276824951e+02,0.000000000000e+00,1.147915781182e+00,0.000000000000e+00,5.547673133948e+04,1.090000000000e+02
2.954000000000e+03,1.032497980875e+08,8.207943841072e+04,9.493483680195e+05,4.911168916385e-01,3.196741717239e+02,-1.903568406585e-04,-2.074889563178e-02,0.000000000000e+00,0.000000000000e+00,3.703289841771e+02,0.000000000000e+00,0.000000000000e+00,0.000000000000e+00,0.000000000000e+00,7.653210072626e-04,8.341998979162e-02,2.682118580980e+02,2.528637695313e+02,0.000000000000e+00,1.146198470797e+00,0.000000000000e+00,5.547616226775e+04,1.090000000000e+02
2.955000000000e+03,1.032494445960e+08,8.243292996418e+04,9.548457175636e+05,4.932269771932e-01,3.201560804811e+02,-1.455011177902e-04,-1.585962183913e-02,0.000000000000e+00,0.000000000000e+00,3.534915534634e+02,0.000000000000e+00,0.000000000000e+00,0.000000000000e+00,0.000000000000e+00,7.667284506523e-04,8.357340112110e-02,2.680930310693e+02,2.530167694092e+02,0.000000000000e+00,1.148397504965e+00,0.000000000000e+00,5.547506980609e+04,1.090000000000e+02
2.956000000000e+03,1.032491077697e+08,8.276975617801e+04,9.605354262768e+05,4.955035975688e-01,3.205870289819e+02,-1.347043054274e-04,-1.468276929159e-02,0.000000000000e+00,0.000000000000e+00,3.368262138244e+02,0.000000000000e+00,0.000000000000e+00,0.000000000000e+00,0.000000000000e+00,8.077056721789e-04,8.803991826750e-02,2.680387165738e+02,2.537395019531e+02,0.000000000000e+00,1.150214499264e+00,0.000000000000e+00,5.547455966781e+04,1.090000000000e+02
2.957000000000e+03,1.032487873798e+08,8.309014616073e+04,9.663222238642e+05,4.978080739966e-01,3.210287796716e+02,-1.491627439113e-04,-1.625873908633e-02,0.000000000000e+00,0.000000000000e+00,3.203899827258e+02,0.000000000000e+00,0.000000000000e+00,0.000000000000e+00,0.000000000000e+00,8.095291655868e-04,8.823867904896e-02,2.679771425067e+02,2.539246063232e+02,0.000000000000e+00,1.152065929012e+00,0.000000000000e+00,5.547397736190e+04,1.090000000000e+02
2.958000000000e+03,1.032484819172e+08,8.339560874517e+04,9.723593651949e+05,5.003003298621e-01,3.214289737065e+02,-1.543498212196e-04,-1.682413051294e-02,0.000000000000e+00,0.000000000000e+00,3.054625844369e+02,0.000000000000e+00,0.000000000000e+00,0.000000000000e+00,0.000000000000e+00,8.459531405195e-04,9.220889231662e-02,2.679090946836e+02,2.538435516357e+02,0.000000000000e+00,1.152638813579e+00,0.000000000000e+00,5.547333014230e+04,1.090000000000e+02
2.959000000000e+03,1.032481898052e+08,8.368772068748e+04,9.788129361814e+05,5.030612299133e-01,3.217919249461e+02,-1.375363310414e-04,-1.499146008351e-02,0.000000000000e+00,0.000000000000e+00,2.921119423090e+02,0.000000000000e+00,0.000000000000e+00,0.000000000000e+00,0.000000000000e+00,9.324823901749e-04,1.016405805291e-01,2.678123253132e+02,2.538814697266e+02,0.000000000000e+00,1.153348422068e+00,0.000000000000e+00,5.547240112470e+04,1.090000000000e+02
2.960000000000e+03,1.032479080500e+08,8.396947595831e+04,9.846755133687e+05,5.053543577461e-01,3.222613281366e+02,-1.269100565619e-04,-1.383319616525e-02,0.000000000000e+00,0.000000000000e+00,2.817552708313e+02,0.000000000000e+00,0.000000000000e+00,0.000000000000e+00,0.000000000000e+00,8.482139514721e-04,9.245532071046e-02,2.676196779571e+02,2.527250061035e+02,0.000000000000e+00,1.154723016744e+00,0.000000000000e+00,5.547051461349e+04,1.090000000000e+02
2.961000000000e+03,1.032476353160e+08,8.424220993746e+04,9.900834440140e+05,5.074059934135e-01,3.227315721138e+02,-1.331469193683e-04,-1.451301421114e-02,0.000000000000e+00,0.000000000000e+00,2.727339791532e+02,0.000000000000e+00,0.000000000000e+00,0.000000000000e+00,0.000000000000e+00,7.666200217717e-04,8.356158237312e-02,2.674399784699e+02,2.526265106201e+02,0.000000000000e+00,1.155753132891e+00,0.000000000000e+00,5.546870491671e+04,1.090000000000e+02
2.962000000000e+03,1.032473729927e+08,8.450453315594e+04,9.953920968303e+05,5.096036319622e-01,3.230705923410e+02,-1.417426522020e-04,-1.544994909002e-02,0.000000000000e+00,0.000000000000e+00,2.623232184778e+02,0.000000000000e+00,0.000000000000e+00,0.000000000000e+00,0.000000000000e+00,7.402704825010e-04,8.068948259261e-02,2.673100915869e+02,2.530519561768e+02,0.000000000000e+00,1.156628202991e+00,0.000000000000e+00,5.546736399393e+04,1.090000000000e+02
2.963000000000e+03,1.032471196911e+08,8.475783477064e+04,1.002106585497e+06,5.126872332663e-01,3.233029700254e+02,-1.256364377434e-04,-1.369437171403e-02,0.000000000000e+00,0.000000000000e+00,2.533016146966e+02,0.000000000000e+00,0.000000000000e+00,0.000000000000e+00,0.000000000000e+00,9.897215448936e-04,1.078796483934e-01,2.671584993743e+02,2.524792022705e+02,0.000000000000e+00,1.155722355447e+00,0.000000000000e+00,5.546576512260e+04,1.090000000000e+02
2.964000000000e+03,1.032468754199e+08,8.500210600263e+04,1.007309603724e+06,5.143320579037e-01,3.239492377864e+02,-1.392622895638e-04,-1.517958956245e-02,0.000000000000e+00,0.000000000000e+00,2.442712319927e+02,0.000000000000e+00,0.000000000000e+00,0.000000000000e+00,0.000000000000e+00,7.249091213240e-04,7.901509422432e-02,2.670480315330e+02,2.520738525391e+02,0.000000000000e+00,1.156185318410e+00,0.000000000000e+00,5.546457833036e+04,1.090000000000e+02
2.965000000000e+03,1.032466395366e+08,8.523798932204e+04,1.011268247525e+06,5.153673019876e-01,3.245775672566e+02,-1.527798461738e-04,-1.665300323294e-02,0.000000000000e+00,0.000000000000e+00,2.358833194096e+02,0.000000000000e+00,0.000000000000e+00,0.000000000000e+00,0.000000000000e+00,5.064060539661e-04,5.519825988231e-02,2.669149942118e+02,2.520551757812e+02,0.000000000000e+00,1.157058560309e+00,0.000000000000e+00,5.546312249549e+04,1.090000000000e+02
2.966000000000e+03,1.032464113762e+08,8.546614975521e+04,1.016044926017e+06,5.171424325763e-01,3.249999256870e+02,-1.497692387170e-04,-1.632484702015e-02,0.000000000000e+00,0.000000000000e+00,2.281604331660e+02,0.000000000000e+00,0.000000000000e+00,0.000000000000e+00,0.000000000000e+00,6.448176686526e-04,7.028512588313e-02,2.667828946641e+02,2.516903991699e+02,0.000000000000e+00,1.158244971278e+00,0.000000000000e+00,5.546165057457e+04,1.090000000000e+02
2.967000000000e+03,1.032463848912e+08,8.549263469913e+04,1.020031424880e+06,5.178570385971e-01,3.258386359444e+02,-1.343933450129e-04,-1.464887460640e-02,0.000000000000e+00,0.000000000000e+00,2.648494392516e+01,0.000000000000e+00,0.000000000000e+00,0.000000000000e+00,0.000000000000e+00,5.321841059527e-04,5.800806754885e-02,2.665878154860e+02,2.509975128174e+02,0.000000000000e+00,1.155767635077e+00,0.000000000000e+00,5.545930409814e+04,1.090000000000e+02
2.968000000000e+03,1.032462175752e+08,8.565995073251e+04,1.023303257331e+06,5.184839722053e-01,3.264949499019e+02,-1.330009497611e-04,-1.449710352396e-02,0.000000000000e+00,0.000000000000e+00,1.673160333738e+02,0.000000000000e+00,0.000000000000e+00,0.000000000000e+00,0.000000000000e+00,4.115656684343e-04,4.486065785934e-02,2.664887436525e+02,2.515601043701e+02,0.000000000000e+00,1.158171326114e+00,0.000000000000e+00,5.545821502503e+04,1.090000000000e+02
2.969000000000e+03,1.032459605023e+08,8.591702362478e+04,1.027512837358e+06,5.197948777419e-01,3.270121863201e+02,-1.407116968941e-04,-1.533757496146e-02,0.000000000000e+00,0.000000000000e+00,2.570728922698e+02,0.000000000000e+00,0.000000000000e+00,0.000000000000e+00,0.000000000000e+00,5.561484935322e-04,6.062018579500e-02,2.664721643666e+02,2.528369598389e+02,0.000000000000e+00,1.160023177966e+00,0.000000000000e+00,5.545805862214e+04,1.090000000000e+02
2.970000000000e+03,1.032457296102e+08,8.614791573444e+04,1.032563379484e+06,5.217133265562e-01,3.274215484021e+02,-1.435069820725e-04,-1.564226104590e-02,0.000000000000e+00,0.000000000000e+00,2.308921096674e+02,0.000000000000e+00,0.000000000000e+00,0.000000000000e+00,0.000000000000e+00,6.974182087121e-04,7.601858474962e-02,2.663231166873e+02,2.511847381592e+02,0.000000000000e+00,1.161412066855e+00,0.000000000000e+00,5.545629840902e+04,1.090000000000e+02
2.971000000000e+03,1.032455099927e+08,8.636753321110e+04,1.036404471302e+06,5.227667121337e-01,3.279940697263e+02,-1.218087648928e-04,-1.327715537331e-02,0.000000000000e+00,0.000000000000e+00,2.196174766594e+02,0.000000000000e+00,0.000000000000e+00,0.000000000000e+00,0.000000000000e+00,5.223867042057e-04,5.694015075842e-02,2.660900393818e+02,2.503520812988e+02,0.000000000000e+00,1.162245400188e+00,0.000000000000e+00,5.545346929306e+04,1.090000000000e+02
2.972000000000e+03,1.032452987415e+08,8.657878439938e+04,1.040062963545e+06,5.237544062029e-01,3.285419868782e+02,-9.483502734916e-05,-1.033701798106e-02,0.000000000000e+00,0.000000000000e+00,2.112511882777e+02,0.000000000000e+00,0.000000000000e+00,0.000000000000e+00,0.000000000000e+00,5.160963259163e-04,5.625449952488e-02,2.659429987135e+02,2.515233459473e+02,0.000000000000e+00,1.163210277847e+00,0.000000000000e+00,5.545164481192e+04,1.090000000000e+02
2.973000000000e+03,1.032450963037e+08,8.678122220247e+04,1.044275363015e+06,5.250469488952e-01,3.290635097265e+02,-8.893841331951e-05,-9.694287051826e-03,0.000000000000e+00,0.000000000000e+00,2.024378030920e+02,0.000000000000e+00,0.000000000000e+00,0.000000000000e+00,0.000000000000e+00,6.095395088483e-04,6.643980646446e-02,2.659029701713e+02,2.524405059814e+02,0.000000000000e+00,1.162895553734e+00,0.000000000000e+00,5.545114812462e+04,1.090000000000e+02
2.974000000000e+03,1.032449026896e+08,8.697483631249e+04,1.049371858919e+06,5.269420949921e-01,3.294798625084e+02,-1.119041091850e-04,-1.219754790117e-02,0.000000000000e+00,0.000000000000e+00,1.936141100203e+02,0.000000000000e+00,0.000000000000e+00,0.000000000000e+00,0.000000000000e+00,7.311126135113e-04,7.969127487274e-02,2.659073333933e+02,2.527494659424e+02,0.000000000000e+00,1.162558156998e+00,0.000000000000e+00,5.545120932097e+04,1.090000000000e+02
2.975000000000e+03,1.032447174000e+08,8.716012589598e+04,1.054797202028e+06,5.289622991590e-01,3.299168439861e+02,-1.217233268829e-04,-1.326784263024e-02,0.000000000000e+00,0.000000000000e+00,1.852895834873e+02,0.000000000000e+00,0.000000000000e+00,0.000000000000e+00,0.000000000000e+00,7.750393205713e-04,8.447928594227e-02,2.659283242985e+02,2.531639709473e+02,0.000000000000e+00,1.162505200963e+00,0.000000000000e+00,5.545147996836e+04,1.090000000000e+02
2.976000000000e+03,1.032445396613e+08,8.733786463681e+04,1.060378533718e+06,5.311146486130e-01,3.303181095105e+02,-1.333029460130e-04,-1.453002111542e-02,0.000000000000e+00,0.000000000000e+00,1.777387408313e+02,0.000000000000e+00,0.000000000000e+00,0.000000000000e+00,0.000000000000e+00,7.899109484377e-04,8.610029337971e-02,2.659330961920e+02,2.537136688232e+02,0.000000000000e+00,1.160803645378e+00,0.000000000000e+00,5.545154460367e+04,1.090000000000e+02
2.977000000000e+03,1.032443673736e+08,8.751015237828e+04,1.065688452685e+06,5.330620325210e-01,3.307704151226e+02,-1.157280208172e-04,-1.261435426907e-02,0.000000000000e+00,0.000000000000e+00,1.722877414671e+02,0.000000000000e+00,0.000000000000e+00,0.000000000000e+00,0.000000000000e+00,7.686339067905e-04,8.378109584016e-02,2.657885022790e+02,2.519697570801e+02,0.000000000000e+00,1.159658261932e+00,0.000000000000e+00,5.544970568916e+04,1.090000000000e+02
2.978000000000e+03,1.032441995007e+08,8.767802524972e+04,1.071603905162e+06,5.354811156284e-01,3.311107308844e+02,-1.176154939857e-04,-1.282008884444e-02,0.000000000000e+00,0.000000000000e+00,1.678728714377e+02,0.000000000000e+00,0.000000000000e+00,0.000000000000e+00,0.000000000000e+00,8.647780777155e-04,9.426081047098e-02,2.656988569090e+02,2.524085693359e+02,0.000000000000e+00,1.159401529536e+00,0.000000000000e+00,5.544856017025e+04,1.090000000000e+02
2.979000000000e+03,1.032440369361e+08,8.784058983883e+04,1.077467306269e+06,5.377369537555e-01,3.315278852051e+02,-1.259244495763e-04,-1.372576500381e-02,0.000000000000e+00,0.000000000000e+00,1.625645891118e+02,0.000000000000e+00,0.000000000000e+00,0.000000000000e+00,0.000000000000e+00,8.453263167297e-04,9.214056852354e-02,2.656713726633e+02,2.533397979736e+02,0.000000000000e+00,1.158895333921e+00,0.000000000000e+00,5.544821385935e+04,1.090000000000e+02
2.980000000000e+03,1.032438793882e+08,8.799813769007e+04,1.082148235203e+06,5.392295704869e-01,3.320507788682e+02,-9.721124025723e-05,-1.059602518804e-02,0.000000000000e+00,0.000000000000e+00,1.575478512427e+02,0.000000000000e+00,0.000000000000e+00,0.000000000000e+00,0.000000000000e+00,6.795896965981e-04,7.407527692920e-02,2.656161673405e+02,2.535629119873e+02,0.000000000000e+00,1.158762819653e+00,0.000000000000e+00,5.544749928866e+04,1.090000000000e+02
2.981000000000e+03,1.032437261930e+08,8.815133287359e+04,1.086411661578e+06,5.405444642030e-01,3.325527576842e+02,-8.036332112034e-05,-8.759602002117e-03,0.000000000000e+00,0.000000000000e+00,1.531951835174e+02,0.000000000000e+00,0.000000000000e+00,0.000000000000e+00,0.000000000000e+00,6.275901536164e-04,6.840732674418e-02,2.655562089861e+02,2.533247375488e+02,0.000000000000e+00,1.158762819653e+00,0.000000000000e+00,5.544671992100e+04,1.090000000000e+02
2.982000000000e+03,1.032435771947e+08,8.830033121449e+04,1.090751819513e+06,5.418891277205e-01,3.330573192290e+02,-7.927586531453e-05,-8.641069319284e-03,0.000000000000e+00,0.000000000000e+00,1.489983408996e+02,0.000000000000e+00,0.000000000000e+00,0.000000000000e+00,0.000000000000e+00,6.413111136514e-04,6.990291138801e-02,2.654985212772e+02,2.534742431641e+02,0.000000000000e+00,1.159142449282e+00,0.000000000000e+00,5.544596560726e+04,1.090000000000e+02
2.983000000000e+03,1.032434318434e+08,8.844568254490e+04,1.094630615494e+06,5.429199577189e-01,3.336138823062e+02,-6.282873827924e-05,-6.848332472437e-03,0.000000000000e+00,0.000000000000e+00,1.453513304166e+02,0.000000000000e+00,0.000000000000e+00,0.000000000000e+00,0.000000000000e+00,5.826637485292e-04,6.351034858968e-02,2.654134294460e+02,2.537136230469e+02,0.000000000000e+00,1.159721874213e+00,0.000000000000e+00,5.544483591517e+04,1.090000000000e+02
2.984000000000e+03,1.032432904422e+08,8.858708376180e+04,1.098532205108e+06,5.440056250307e-01,3.341347553050e+02,-6.002759649514e-05,-6.543008017971e-03,0.000000000000e+00,0.000000000000e+00,1.414012168924e+02,0.000000000000e+00,0.000000000000e+00,0.000000000000e+00,0.000000000000e+00,5.855231402140e-04,6.382202228333e-02,2.654130607991e+02,2.548011016846e+02,0.000000000000e+00,1.159999651991e+00,0.000000000000e+00,5.544484684433e+04,1.090000000000e+02
2.985000000000e+03,1.032431528234e+08,8.872470255099e+04,1.103054141246e+06,5.455121724033e-01,3.345879416796e+02,-7.066849078351e-05,-7.702865495403e-03,0.000000000000e+00,0.000000000000e+00,1.376187891948e+02,0.000000000000e+00,0.000000000000e+00,0.000000000000e+00,0.000000000000e+00,6.799381876849e-04,7.411326245765e-02,2.653590556618e+02,2.546492462158e+02,0.000000000000e+00,1.160184837176e+00,0.000000000000e+00,5.544412586996e+04,1.090000000000e+02
2.986000000000e+03,1.032430179915e+08,8.885953437968e+04,1.106178877136e+06,5.459284437202e-01,3.352885031539e+02,-5.332099724995e-05,-5.811988700245e-03,0.000000000000e+00,0.000000000000e+00,1.348318286882e+02,0.000000000000e+00,0.000000000000e+00,0.000000000000e+00,0.000000000000e+00,4.684129855894e-04,5.105701542924e-02,2.652541815812e+02,2.534848632813e+02,0.000000000000e+00,1.160462614954e+00,0.000000000000e+00,5.544270723843e+04,1.090000000000e+02
2.987000000000e+03,1.032428855739e+08,8.899195198059e+04,1.109471965633e+06,5.467294829451e-01,3.358028565646e+02,-4.441256409420e-05,-4.840969486267e-03,0.000000000000e+00,0.000000000000e+00,1.324176009083e+02,0.000000000000e+00,0.000000000000e+00,0.000000000000e+00,0.000000000000e+00,5.053774877827e-04,5.508614616832e-02,2.651466299390e+02,2.530272521973e+02,0.000000000000e+00,1.160925577917e+00,0.000000000000e+00,5.544123715441e+04,1.090000000000e+02
2.988000000000e+03,1.032427558251e+08,8.912170083049e+04,1.113945199174e+06,5.481786647404e-01,3.362719763346e+02,-6.702456770860e-05,-7.305677880237e-03,0.000000000000e+00,0.000000000000e+00,1.297488499039e+02,0.000000000000e+00,0.000000000000e+00,0.000000000000e+00,0.000000000000e+00,6.767725350321e-04,7.376820631850e-02,2.650684380173e+02,2.532356414795e+02,0.000000000000e+00,1.161295948287e+00,0.000000000000e+00,5.544016170539e+04,1.090000000000e+02
2.989000000000e+03,1.032426290167e+08,8.924850924654e+04,1.117700285271e+06,5.491200564246e-01,3.368294696564e+02,-8.028438145143e-05,-8.750997578206e-03,0.000000000000e+00,0.000000000000e+00,1.268084160455e+02,0.000000000000e+00,0.000000000000e+00,0.000000000000e+00,0.000000000000e+00,5.424092765242e-04,5.912261114114e-02,2.650395235742e+02,2.536759490967e+02,0.000000000000e+00,1.160533700955e+00,0.000000000000e+00,5.543977334309e+04,1.090000000000e+02
2.990000000000e+03,1.032425052223e+08,8.937230365103e+04,1.121012499502e+06,5.498480836651e-01,3.373827908832e+02,-9.358668034174e-05,-1.020094815725e-02,0.000000000000e+00,0.000000000000e+00,1.237944044924e+02,0.000000000000e+00,0.000000000000e+00,0.000000000000e+00,0.000000000000e+00,4.558768492888e-04,4.969057657248e-02,2.650099714183e+02,2.542370605469e+02,0.000000000000e+00,1.160626293547e+00,0.000000000000e+00,5.543937044499e+04,1.090000000000e+02
2.991000000000e+03,1.032423841368e+08,8.949338911070e+04,1.124202775280e+06,5.504923006115e-01,3.379517835336e+02,-8.657331489426e-05,-9.436491323474e-03,0.000000000000e+00,0.000000000000e+00,1.210854596730e+02,0.000000000000e+00,0.000000000000e+00,0.000000000000e+00,0.000000000000e+00,4.439981091830e-04,4.839579390095e-02,2.649537234126e+02,2.541549987793e+02,0.000000000000e+00,1.160718886140e+00,0.000000000000e+00,5.543858596609e+04,1.090000000000e+02
2.992000000000e+03,1.032422654915e+08,8.961203439225e+04,1.127825841279e+06,5.514420514431e-01,3.384614751792e+02,-7.016791918774e-05,-7.648303191464e-03,0.000000000000e+00,0.000000000000e+00,1.186452815508e+02,0.000000000000e+00,0.000000000000e+00,0.000000000000e+00,0.000000000000e+00,5.318672894127e-04,5.797353454599e-02,2.649012330112e+02,2.539223632813e+02,0.000000000000e+00,1.160320127306e+00,0.000000000000e+00,5.543785348908e+04,1.090000000000e+02
2.993000000000e+03,1.032422537302e+08,8.962379573429e+04,1.131182860227e+06,5.521063659187e-01,3.390659652536e+02,-5.389607494848e-05,-5.874672169384e-03,0.000000000000e+00,0.000000000000e+00,1.176134203739e+01,0.000000000000e+00,0.000000000000e+00,0.000000000000e+00,0.000000000000e+00,5.046900848698e-04,5.501121925081e-02,2.648424156706e+02,2.538805236816e+02,0.000000000000e+00,1.156073170004e+00,0.000000000000e+00,5.543695385980e+04,1.090000000000e+02
2.994000000000e+03,1.032422840780e+08,8.959344788049e+04,1.133826703617e+06,5.524942106371e-01,3.396282882585e+02,-3.770011353774e-05,-4.109312375614e-03,0.000000000000e+00,0.000000000000e+00,-3.034785379624e+01,0.000000000000e+00,0.000000000000e+00,0.000000000000e+00,0.000000000000e+00,4.044836936686e-04,4.408872260987e-02,2.647517246352e+02,2.531322937012e+02,0.000000000000e+00,1.155037358751e+00,0.000000000000e+00,5.543558042773e+04,1.090000000000e+02
2.995000000000e+03,1.032421434078e+08,8.973411816268e+04,1.137771009670e+06,5.535845158181e-01,3.401391172600e+02,-4.806938359352e-05,-5.239562811693e-03,0.000000000000e+00,0.000000000000e+00,1.406702821869e+02,0.000000000000e+00,0.000000000000e+00,0.000000000000e+00,0.000000000000e+00,6.050153524001e-04,6.594667341162e-02,2.647373749325e+02,2.538346862793e+02,0.000000000000e+00,1.156999095930e+00,0.000000000000e+00,5.543548600828e+04,1.090000000000e+02
2.996000000000e+03,1.032419986199e+08,8.987890602296e+04,1.141691704491e+06,5.547115013294e-01,3.406205249964e+02,-6.205682684396e-05,-6.764194125992e-03,0.000000000000e+00,0.000000000000e+00,1.447878602821e+02,0.000000000000e+00,0.000000000000e+00,0.000000000000e+00,0.000000000000e+00,5.883163804588e-04,6.412648547001e-02,2.647043019833e+02,2.539913330078e+02,0.000000000000e+00,1.157925021856e+00,0.000000000000e+00,5.543504140595e+04,1.090000000000e+02
2.997000000000e+03,1.032418658958e+08,9.001163011356e+04,1.145314810229e+06,5.557160419222e-01,3.410896752376e+02,-6.323178108195e-05,-6.892264137933e-03,0.000000000000e+00,0.000000000000e+00,1.327240906006e+02,0.000000000000e+00,0.000000000000e+00,0.000000000000e+00,0.000000000000e+00,5.396487657166e-04,5.882171546311e-02,2.646375426681e+02,2.537506408691e+02,0.000000000000e+00,1.158850947782e+00,0.000000000000e+00,5.543408602212e+04,1.090000000000e+02
2.998000000000e+03,1.032417398225e+08,9.013770343477e+04,1.149006645723e+06,5.567215042069e-01,3.415774513482e+02,-6.959774076203e-05,-7.586153743061e-03,0.000000000000e+00,0.000000000000e+00,1.260733212025e+02,0.000000000000e+00,0.000000000000e+00,0.000000000000e+00,0.000000000000e+00,5.449094364672e-04,5.939512857493e-02,2.645668097020e+02,2.531352996826e+02,0.000000000000e+00,1.159221318152e+00,0.000000000000e+00,5.543306331376e+04,1.090000000000e+02
2.999000000000e+03,1.032416188733e+08,9.025865258594e+04,1.152141861571e+06,5.573085051311e-01,3.421444783258e+02,-4.635521053894e-05,-5.052717948744e-03,0.000000000000e+00,0.000000000000e+00,1.209491511714e+02,0.000000000000e+00,0.000000000000e+00,0.000000000000e+00,0.000000000000e+00,4.701587986877e-04,5.124730905696e-02,2.646112337580e+02,2.549983367920e+02,0.000000000000e+00,1.158791328823e+00,0.000000000000e+00,5.543375280125e+04,1.090000000000e+02
3.000000000000e+03,1.032415023999e+08,9.037512596642e+04,1.155448754280e+06,5.580573159505e-01,3.426594340656e+02,-4.632673275887e-05,-5.049613870717e-03,0.000000000000e+00,0.000000000000e+00,1.164733804781e+02,0.000000000000e+00,0.000000000000e+00,0.000000000000e+00,0.000000000000e+00,4.972482542885e-04,5.420005971744e-02,2.646829202504e+02,2.559228820801e+02,0.000000000000e+00,1.158065378983e+00,0.000000000000e+00,5.543483010237e+04,1.090000000000e+02
3.001000000000e+03,1.032413896627e+08,9.048786325119e+04,1.158638395314e+06,5.587047546156e-01,3.432047323553e+02,-4.839107650980e-05,-5.274627339568e-03,0.000000000000e+00,0.000000000000e+00,1.127372847690e+02,0.000000000000e+00,0.000000000000e+00,0.000000000000e+00,0.000000000000e+00,4.781186640703e-04,5.211493438366e-02,2.647088127908e+02,2.558812561035e+02,0.000000000000e+00,1.158250564168e+00,0.000000000000e+00,5.543522519711e+04,1.090000000000e+02
3.002000000000e+03,1.032412801871e+08,9.059733879214e+04,1.161846013193e+06,5.593892043442e-01,3.437278504673e+02,-3.160211104653e-05,-3.444630104072e-03,0.000000000000e+00,0.000000000000e+00,1.094755409528e+02,0.000000000000e+00,0.000000000000e+00,0.000000000000e+00,0.000000000000e+00,4.959290832833e-04,5.405627007788e-02,2.647730397924e+02,2.567831115723e+02,0.000000000000e+00,1.157801441813e+00,0.000000000000e+00,5.543618118812e+04,1.090000000000e+02
3.003000000000e+03,1.032411735101e+08,9.070401586898e+04,1.165997479078e+06,5.607018270621e-01,3.441486257056e+02,-1.973216241569e-05,-2.150805703310e-03,0.000000000000e+00,0.000000000000e+00,1.066770768454e+02,0.000000000000e+00,0.000000000000e+00,0.000000000000e+00,0.000000000000e+00,6.673810270973e-04,7.274453195361e-02,2.647706177134e+02,2.560948791504e+02,0.000000000000e+00,1.156577448618e+00,0.000000000000e+00,5.543616023061e+04,1.090000000000e+02
3.004000000000e+03,1.032410688595e+08,9.080866637585e+04,1.170677671626e+06,5.623037161792e-01,3.445549475048e+02,-2.838759926903e-05,-3.094248320324e-03,0.000000000000e+00,0.000000000000e+00,1.046505068672e+02,0.000000000000e+00,0.000000000000e+00,0.000000000000e+00,0.000000000000e+00,7.513757708915e-04,8.189995902717e-02,2.646673342436e+02,2.543579406738e+02,0.000000000000e+00,1.155787644643e+00,0.000000000000e+00,5.543466672506e+04,1.090000000000e+02
3.005000000000e+03,1.032409659317e+08,9.091159425962e+04,1.175524873648e+06,5.640083653932e-01,3.449442871580e+02,-2.866853769221e-05,-3.124870608451e-03,0.000000000000e+00,0.000000000000e+00,1.029278837647e+02,0.000000000000e+00,0.000000000000e+00,0.000000000000e+00,0.000000000000e+00,7.782668975852e-04,8.483109183678e-02,2.645744871922e+02,2.539071044922e+02,0.000000000000e+00,1.155787644643e+00,0.000000000000e+00,5.543331854860e+04,1.090000000000e+02
3.006000000000e+03,1.032408649047e+08,9.101262119465e+04,1.179235254866e+06,5.649292202425e-01,3.454704739928e+02,-6.437620592180e-06,-7.017006445476e-04,0.000000000000e+00,0.000000000000e+00,1.010269350304e+02,0.000000000000e+00,0.000000000000e+00,0.000000000000e+00,0.000000000000e+00,6.084639974833e-04,6.632257572568e-02,2.645569470522e+02,2.550620422363e+02,0.000000000000e+00,1.156065422420e+00,0.000000000000e+00,5.543308385288e+04,1.090000000000e+02
3.007000000000e+03,1.032407659498e+08,9.111157614532e+04,1.182643921525e+06,5.657558849024e-01,3.459590456879e+02,-6.163977245076e-06,-6.718735197133e-04,0.000000000000e+00,0.000000000000e+00,9.895495066988e+01,0.000000000000e+00,0.000000000000e+00,0.000000000000e+00,0.000000000000e+00,5.558352871733e-04,6.058604630189e-02,2.645962941730e+02,2.561318969727e+02,0.000000000000e+00,1.155374041620e+00,0.000000000000e+00,5.543369069945e+04,1.090000000000e+02
3.008000000000e+03,1.032406690508e+08,9.120847507947e+04,1.186272597250e+06,5.666286785962e-01,3.464809208125e+02,-2.750898124079e-05,-2.998478955246e-03,0.000000000000e+00,0.000000000000e+00,9.689893415293e+01,0.000000000000e+00,0.000000000000e+00,0.000000000000e+00,0.000000000000e+00,5.701490111191e-04,6.214624221198e-02,2.646503268229e+02,2.568470153809e+02,0.000000000000e+00,1.153964512938e+00,0.000000000000e+00,5.543450630355e+04,1.090000000000e+02
3.009000000000e+03,1.032405740990e+08,9.130342687931e+04,1.189905724779e+06,5.676794106467e-01,3.468942465545e+02,-2.597911132077e-05,-2.831723133964e-03,0.000000000000e+00,0.000000000000e+00,9.495179984243e+01,0.000000000000e+00,0.000000000000e+00,0.000000000000e+00,0.000000000000e+00,5.727141151452e-04,6.242583855083e-02,2.646987633643e+02,2.572004699707e+02,0.000000000000e+00,1.153306055032e+00,0.000000000000e+00,5.543523321323e+04,1.090000000000e+02
3.010000000000e+03,1.032404809471e+08,9.139657878445e+04,1.193711753691e+06,5.687703328505e-01,3.473313214329e+02,-1.783151878436e-05,-1.943635547496e-03,0.000000000000e+00,0.000000000000e+00,9.315190514296e+01,0.000000000000e+00,0.000000000000e+00,0.000000000000e+00,0.000000000000e+00,6.091964798583e-04,6.640241630456e-02,2.647525466742e+02,2.573688354492e+02,0.000000000000e+00,1.152901818997e+00,0.000000000000e+00,5.543603402660e+04,1.090000000000e+02
3.011000000000e+03,1.032403894744e+08,9.148805151164e+04,1.196734591910e+06,5.692770964960e-01,3.478951767696e+02,3.807888147357e-06,4.150598080620e-04,0.000000000000e+00,0.000000000000e+00,9.147272718654e+01,0.000000000000e+00,0.000000000000e+00,0.000000000000e+00,0.000000000000e+00,5.008134525378e-04,5.458866632662e-02,2.648143776993e+02,2.580736083984e+02,0.000000000000e+00,1.152385899999e+00,0.000000000000e+00,5.543694485303e+04,1.090000000000e+02
3.012000000000e+03,1.032402995448e+08,9.157798108503e+04,1.200008235962e+06,5.700694222384e-01,3.483579996891e+02,4.137737337823e-06,4.510133698227e-04,0.000000000000e+00,0.000000000000e+00,8.992957338555e+01,0.000000000000e+00,0.000000000000e+00,0.000000000000e+00,0.000000000000e+00,5.436244133377e-04,5.925506105380e-02,2.648574514513e+02,2.582598876953e+02,0.000000000000e+00,1.152084252846e+00,0.000000000000e+00,5.543757859236e+04,1.090000000000e+02
3.013000000000e+03,1.032402110001e+08,9.166652582493e+04,1.204567329186e+06,5.716593879352e-01,3.487063077368e+02,-1.491753057817e-05,-1.626010833020e-03,0.000000000000e+00,0.000000000000e+00,8.854473990873e+01,0.000000000000e+00,0.000000000000e+00,0.000000000000e+00,0.000000000000e+00,7.380703091574e-04,8.044966369816e-02,2.648853987702e+02,2.582938537598e+02,0.000000000000e+00,1.152084252846e+00,0.000000000000e+00,5.543799322004e+04,1.090000000000e+02
3.014000000000e+03,1.032401237544e+08,9.175377155918e+04,1.209553831709e+06,5.734126095977e-01,3.490759575443e+02,-1.934244521965e-05,-2.108326528942e-03,0.000000000000e+00,0.000000000000e+00,8.724573424128e+01,0.000000000000e+00,0.000000000000e+00,0.000000000000e+00,0.000000000000e+00,8.039750364985e-04,8.763327897834e-02,2.649208836677e+02,2.583962707520e+02,0.000000000000e+00,1.152084252846e+00,0.000000000000e+00,5.543851533636e+04,1.090000000000e+02
3.015000000000e+03,1.032400377376e+08,9.183978828849e+04,1.213725025353e+06,5.746096187289e-01,3.495460970290e+02,-6.502649685251e-06,-7.087888156924e-04,0.000000000000e+00,0.000000000000e+00,8.601672931771e+01,0.000000000000e+00,0.000000000000e+00,0.000000000000e+00,0.000000000000e+00,6.814877257154e-04,7.428216210298e-02,2.649640964304e+02,2.586511230469e+02,0.000000000000e+00,1.152084252846e+00,0.000000000000e+00,5.543914478145e+04,1.090000000000e+02
3.016000000000e+03,1.032400275336e+08,9.184999230220e+04,1.218378224946e+06,5.760333791875e-01,3.500151837103e+02,1.991031735990e-05,2.170224592229e-03,0.000000000000e+00,0.000000000000e+00,1.020401371020e+01,0.000000000000e+00,0.000000000000e+00,0.000000000000e+00,0.000000000000e+00,7.877901022842e-04,8.586912114898e-02,2.650076358113e+02,2.590455932617e+02,0.000000000000e+00,1.149327651153e+00,0.000000000000e+00,5.543973624045e+04,1.090000000000e+02
3.017000000000e+03,1.032400570728e+08,9.182045312154e+04,1.223194711239e+06,5.777245657486e-01,3.503663894843e+02,3.652165615239e-05,3.980860520610e-03,0.000000000000e+00,0.000000000000e+00,-2.953918066227e+01,0.000000000000e+00,0.000000000000e+00,0.000000000000e+00,0.000000000000e+00,8.313639861657e-04,9.061867449206e-02,2.650530406312e+02,2.592492065430e+02,0.000000000000e+00,1.147753577079e+00,0.000000000000e+00,5.544033945032e+04,1.090000000000e+02
3.018000000000e+03,1.032400340393e+08,9.184348663281e+04,1.227212180888e+06,5.789854661465e-01,3.507490675493e+02,6.325104159111e-05,6.894363533431e-03,0.000000000000e+00,0.000000000000e+00,2.303351127026e+01,0.000000000000e+00,0.000000000000e+00,0.000000000000e+00,0.000000000000e+00,7.265942713619e-04,7.919877557844e-02,2.650807565996e+02,2.592140502930e+02,0.000000000000e+00,1.146510791498e+00,0.000000000000e+00,5.544074112022e+04,1.090000000000e+02
3.019000000000e+03,1.032399068005e+08,9.197072545566e+04,1.231377247228e+06,5.802659358126e-01,3.511582679323e+02,7.395122714161e-05,8.060683758435e-03,0.000000000000e+00,0.000000000000e+00,1.272388228493e+02,0.000000000000e+00,0.000000000000e+00,0.000000000000e+00,0.000000000000e+00,7.605207848229e-04,8.289676554569e-02,2.651282611740e+02,2.595045776367e+02,0.000000000000e+00,1.147708952313e+00,0.000000000000e+00,5.544146584236e+04,1.090000000000e+02
3.020000000000e+03,1.032398007582e+08,9.207676770230e+04,1.235217270256e+06,5.813758434620e-01,3.515744973745e+02,6.069164234797e-05,6.615389015928e-03,0.000000000000e+00,0.000000000000e+00,1.060422466366e+02,0.000000000000e+00,0.000000000000e+00,0.000000000000e+00,0.000000000000e+00,6.924313952793e-04,7.547502208544e-02,2.651989518827e+02,2.601454162598e+02,0.000000000000e+00,1.147555901396e+00,0.000000000000e+00,5.544246840829e+04,1.090000000000e+02
3.021000000000e+03,1.032397017273e+08,9.217579857432e+04,1.239164847447e+06,5.826888619253e-01,3.518976486912e+02,5.840762155564e-05,6.366430749565e-03,0.000000000000e+00,0.000000000000e+00,9.903087201981e+01,0.000000000000e+00,0.000000000000e+00,0.000000000000e+00,0.000000000000e+00,7.083293842331e-04,7.720790288141e-02,2.652627905864e+02,2.603712158203e+02,0.000000000000e+00,1.147648493988e+00,0.000000000000e+00,5.544336083769e+04,1.090000000000e+02
3.022000000000e+03,1.032396066837e+08,9.227084220774e+04,1.243293116652e+06,5.838782960009e-01,3.523443581865e+02,7.087505862620e-05,7.725381390256e-03,0.000000000000e+00,0.000000000000e+00,9.504363342359e+01,0.000000000000e+00,0.000000000000e+00,0.000000000000e+00,0.000000000000e+00,7.502590711890e-04,8.177823875960e-02,2.653355800953e+02,2.609060668945e+02,0.000000000000e+00,1.147926271766e+00,0.000000000000e+00,5.544436529246e+04,1.090000000000e+02
3.023000000000e+03,1.032395145265e+08,9.236299939044e+04,1.246685467086e+06,5.847155191235e-01,3.527943217600e+02,8.446579074986e-05,9.206771191735e-03,0.000000000000e+00,0.000000000000e+00,9.215718269546e+01,0.000000000000e+00,0.000000000000e+00,0.000000000000e+00,0.000000000000e+00,6.425571800335e-04,7.003873262366e-02,2.653991752292e+02,2.612587280273e+02,0.000000000000e+00,1.147478099703e+00,0.000000000000e+00,5.544523475855e+04,1.090000000000e+02
3.024000000000e+03,1.032394247061e+08,9.245281982730e+04,1.249464980788e+06,5.852265867466e-01,3.532628909207e+02,1.136593900204e-04,1.238887351222e-02,0.000000000000e+00,0.000000000000e+00,8.982043686451e+01,0.000000000000e+00,0.000000000000e+00,0.000000000000e+00,0.000000000000e+00,5.681805415587e-04,6.193167902990e-02,2.655067352486e+02,2.623363647461e+02,0.000000000000e+00,1.146936384755e+00,0.000000000000e+00,5.544668080865e+04,1.090000000000e+02
3.025000000000e+03,1.032393367862e+08,9.254073971180e+04,1.252747199316e+06,5.860646792099e-01,3.536768437824e+02,1.030646796922e-04,1.123405008645e-02,0.000000000000e+00,0.000000000000e+00,8.791988449899e+01,0.000000000000e+00,0.000000000000e+00,0.000000000000e+00,0.000000000000e+00,6.417359541595e-04,6.994921900339e-02,2.655957275979e+02,2.624875183105e+02,0.000000000000e+00,1.146936384755e+00,0.000000000000e+00,5.544786034440e+04,1.090000000000e+02
3.026000000000e+03,1.032392503684e+08,9.262715755300e+04,1.258007692658e+06,5.881188879181e-01,3.539161841013e+02,9.235353530506e-05,1.006653534825e-02,0.000000000000e+00,0.000000000000e+00,8.641784120055e+01,0.000000000000e+00,0.000000000000e+00,0.000000000000e+00,0.000000000000e+00,9.596412808987e-04,1.046008996180e-01,2.656585404232e+02,2.624607849121e+02,0.000000000000e+00,1.146087899771e+00,0.000000000000e+00,5.544868708935e+04,1.090000000000e+02
3.027000000000e+03,1.032391652967e+08,9.271222926230e+04,1.262052383682e+06,5.892894217871e-01,3.543416207493e+02,1.168488325060e-04,1.273652274316e-02,0.000000000000e+00,0.000000000000e+00,8.507170930048e+01,0.000000000000e+00,0.000000000000e+00,0.000000000000e+00,0.000000000000e+00,7.818165593148e-04,8.521800496532e-02,2.657450559182e+02,2.630239257812e+02,0.000000000000e+00,1.145287540072e+00,0.000000000000e+00,5.544981283073e+04,1.090000000000e+02
3.028000000000e+03,1.032390813295e+08,9.279619643106e+04,1.265248288811e+06,5.901010428234e-01,3.547460144995e+02,1.337260852653e-04,1.457614329392e-02,0.000000000000e+00,0.000000000000e+00,8.396716876256e+01,0.000000000000e+00,0.000000000000e+00,0.000000000000e+00,0.000000000000e+00,6.599501382896e-04,7.193456507356e-02,2.657971872919e+02,2.627440795898e+02,0.000000000000e+00,1.144027358576e+00,0.000000000000e+00,5.545048688216e+04,1.090000000000e+02
3.029000000000e+03,1.032389983908e+08,9.287913514636e+04,1.268212992243e+06,5.907168235881e-01,3.551997443581e+02,1.236670638016e-04,1.347970995437e-02,0.000000000000e+00,0.000000000000e+00,8.293871529927e+01,0.000000000000e+00,0.000000000000e+00,0.000000000000e+00,0.000000000000e+00,6.101388240319e-04,6.650513181948e-02,2.658806699892e+02,2.635914916992e+02,0.000000000000e+00,1.144027358576e+00,0.000000000000e+00,5.545155396667e+04,1.090000000000e+02
3.030000000000e+03,1.032389164898e+08,9.296103613648e+04,1.271989580465e+06,5.918989849886e-01,3.555370254237e+02,1.335158983278e-04,1.455323291773e-02,0.000000000000e+00,0.000000000000e+00,8.190099011790e+01,0.000000000000e+00,0.000000000000e+00,0.000000000000e+00,0.000000000000e+00,7.530550483489e-04,8.208300027003e-02,2.659913876812e+02,2.643602294922e+02,0.000000000000e+00,1.142938766418e+00,0.000000000000e+00,5.545294611559e+04,1.090000000000e+02
3.031000000000e+03,1.032388355223e+08,9.304200368821e+04,1.275907790517e+06,5.931645797502e-01,3.558612889568e+02,1.543813394705e-04,1.682756600228e-02,0.000000000000e+00,0.000000000000e+00,8.096755172596e+01,0.000000000000e+00,0.000000000000e+00,0.000000000000e+00,0.000000000000e+00,7.966897060865e-04,8.683917796342e-02,2.661174793861e+02,2.653844299316e+02,0.000000000000e+00,1.141022350333e+00,0.000000000000e+00,5.545450391809e+04,1.090000000000e+02
3.032000000000e+03,1.032387552735e+08,9.312225243411e+04,1.278951009561e+06,5.939068336173e-01,3.562568479828e+02,1.666788413664e-04,1.816799370894e-02,0.000000000000e+00,0.000000000000e+00,8.024874590424e+01,0.000000000000e+00,0.000000000000e+00,0.000000000000e+00,0.000000000000e+00,6.657413564148e-04,7.256580784921e-02,2.662122081970e+02,2.653823852539e+02,0.000000000000e+00,1.139309782874e+00,0.000000000000e+00,5.545565668645e+04,1.090000000000e+02
3.033000000000e+03,1.032386755664e+08,9.320195953295e+04,1.281975713039e+06,5.946490994744e-01,3.566472544998e+02,1.921209583935e-04,2.094118446490e-02,0.000000000000e+00,0.000000000000e+00,7.970709883687e+01,0.000000000000e+00,0.000000000000e+00,0.000000000000e+00,0.000000000000e+00,6.887146626853e-04,7.506989823270e-02,2.662946711290e+02,2.653506774902e+02,0.000000000000e+00,1.139309782874e+00,0.000000000000e+00,5.545664965078e+04,1.090000000000e+02
3.034000000000e+03,1.032385963929e+08,9.328113301698e+04,1.285379749622e+06,5.956148754140e-01,3.570075736097e+02,1.884343904874e-04,2.053934856313e-02,0.000000000000e+00,0.000000000000e+00,7.917348402910e+01,0.000000000000e+00,0.000000000000e+00,0.000000000000e+00,0.000000000000e+00,7.474900265289e-04,8.147641289165e-02,2.663841181839e+02,2.656712951660e+02,0.000000000000e+00,1.139309782874e+00,0.000000000000e+00,5.545771408902e+04,1.090000000000e+02
3.035000000000e+03,1.032385177081e+08,9.335981782454e+04,1.289713275427e+06,5.971884337394e-01,3.572606125065e+02,1.972128704708e-04,2.149620288131e-02,0.000000000000e+00,0.000000000000e+00,7.868480756061e+01,0.000000000000e+00,0.000000000000e+00,0.000000000000e+00,0.000000000000e+00,9.101036776707e-04,9.920130086611e-02,2.664726838946e+02,2.658271179199e+02,0.000000000000e+00,1.138827838429e+00,0.000000000000e+00,5.545875465962e+04,1.090000000000e+02
3.036000000000e+03,1.032384393778e+08,9.343814816430e+04,1.293364095096e+06,5.982215139642e-01,3.576483194582e+02,2.100378617707e-04,2.289412693300e-02,0.000000000000e+00,0.000000000000e+00,7.833033976193e+01,0.000000000000e+00,0.000000000000e+00,0.000000000000e+00,0.000000000000e+00,8.110512140702e-04,8.840458233365e-02,2.665378232855e+02,2.656517944336e+02,0.000000000000e+00,1.138735245837e+00,0.000000000000e+00,5.545951266074e+04,1.090000000000e+02
3.037000000000e+03,1.032383614078e+08,9.351611812753e+04,1.296629796385e+06,5.991655709781e-01,3.579810621310e+02,2.492549909932e-04,2.716879401826e-02,0.000000000000e+00,0.000000000000e+00,7.796996322927e+01,0.000000000000e+00,0.000000000000e+00,0.000000000000e+00,0.000000000000e+00,7.862656745889e-04,8.570295853018e-02,2.666098772935e+02,2.660412597656e+02,0.000000000000e+00,1.138474671684e+00,0.000000000000e+00,5.546034343961e+04,1.090000000000e+02
3.038000000000e+03,1.032382839508e+08,9.359357514884e+04,1.301089054197e+06,6.009385743914e-01,3.581441180365e+02,3.183249925254e-04,3.469742418527e-02,0.000000000000e+00,0.000000000000e+00,7.745702130659e+01,0.000000000000e+00,0.000000000000e+00,0.000000000000e+00,0.000000000000e+00,1.051016126476e-03,1.145607577859e-01,2.667225269706e+02,2.670380859375e+02,0.000000000000e+00,1.137349119664e+00,0.000000000000e+00,5.546162227527e+04,1.090000000000e+02
3.039000000000e+03,1.032382069288e+08,9.367059719508e+04,1.307002445532e+06,6.035108112414e-01,3.582304391377e+02,3.267641769033e-04,3.561729528246e-02,0.000000000000e+00,0.000000000000e+00,7.702204624881e+01,0.000000000000e+00,0.000000000000e+00,0.000000000000e+00,0.000000000000e+00,1.300094521460e-03,1.417103028391e-01,2.668339783353e+02,2.674275207520e+02,0.000000000000e+00,1.137163934479e+00,0.000000000000e+00,5.546286525362e+04,1.090000000000e+02
3.040000000000e+03,1.032381300832e+08,9.374744278010e+04,1.312931449961e+06,6.059138091949e-01,3.584230739074e+02,2.579075609007e-04,2.811192413818e-02,0.000000000000e+00,0.000000000000e+00,7.684558501954e+01,0.000000000000e+00,0.000000000000e+00,0.000000000000e+00,0.000000000000e+00,1.235456314408e-03,1.346647382705e-01,2.669079531744e+02,2.674375915527e+02,0.000000000000e+00,1.137163934479e+00,0.000000000000e+00,5.546367929646e+04,1.090000000000e+02
3.041000000000e+03,1.032380533243e+08,9.382420166211e+04,1.317871102566e+06,6.077167465362e-01,3.587001731392e+02,2.280173306538e-04,2.485388904126e-02,0.000000000000e+00,0.000000000000e+00,7.675888200662e+01,0.000000000000e+00,0.000000000000e+00,0.000000000000e+00,0.000000000000e+00,1.042630088365e-03,1.136466796318e-01,2.669652096547e+02,2.670426025391e+02,0.000000000000e+00,1.137071341887e+00,0.000000000000e+00,5.546430492757e+04,1.090000000000e+02
3.042000000000e+03,1.032379765623e+08,9.390096364071e+04,1.321060787086e+06,6.084941755844e-01,3.591070931144e+02,2.546567146439e-04,2.775758189619e-02,0.000000000000e+00,0.000000000000e+00,7.676197859541e+01,0.000000000000e+00,0.000000000000e+00,0.000000000000e+00,0.000000000000e+00,7.811295974666e-04,8.514312612386e-02,2.669914060943e+02,2.664530639648e+02,0.000000000000e+00,1.136345392046e+00,0.000000000000e+00,5.546459171018e+04,1.090000000000e+02
3.043000000000e+03,1.032378999032e+08,9.397762277908e+04,1.324114075527e+06,6.093399207817e-01,3.594351920207e+02,2.685017035113e-04,2.926668568273e-02,0.000000000000e+00,0.000000000000e+00,7.665913837294e+01,0.000000000000e+00,0.000000000000e+00,0.000000000000e+00,0.000000000000e+00,7.721404153674e-04,8.416330527504e-02,2.670239025919e+02,2.665059814453e+02,0.000000000000e+00,1.136345392046e+00,0.000000000000e+00,5.546494649449e+04,1.090000000000e+02
3.044000000000e+03,1.032378235290e+08,9.405399691909e+04,1.328703921589e+06,6.111688642553e-01,3.595979985957e+02,2.955167960588e-04,3.221133077041e-02,0.000000000000e+00,0.000000000000e+00,7.637414000638e+01,0.000000000000e+00,0.000000000000e+00,0.000000000000e+00,0.000000000000e+00,1.052407872460e-03,1.147124580981e-01,2.670777724179e+02,2.668302612305e+02,0.000000000000e+00,1.136252799454e+00,0.000000000000e+00,5.546552752044e+04,1.090000000000e+02
3.045000000000e+03,1.032377476329e+08,9.412989308823e+04,1.331988626140e+06,6.120169512847e-01,3.599802470567e+02,3.460028208765e-04,3.771430747553e-02,0.000000000000e+00,0.000000000000e+00,7.589616914863e+01,0.000000000000e+00,0.000000000000e+00,0.000000000000e+00,0.000000000000e+00,8.849164231119e-04,9.645589011920e-02,2.671819986203e+02,2.678546447754e+02,0.000000000000e+00,1.136252799454e+00,0.000000000000e+00,5.546663332034e+04,1.090000000000e+02
3.046000000000e+03,1.032376720904e+08,9.420543561110e+04,1.334014591852e+06,6.122233954687e-01,3.603989653903e+02,3.363484533622e-04,3.666198141648e-02,0.000000000000e+00,0.000000000000e+00,7.554252286148e+01,0.000000000000e+00,0.000000000000e+00,0.000000000000e+00,0.000000000000e+00,6.670143006254e-04,7.270455876817e-02,2.672888908476e+02,2.686212768555e+02,0.000000000000e+00,1.134378665288e+00,0.000000000000e+00,5.546774726711e+04,1.090000000000e+02
3.047000000000e+03,1.032375968607e+08,9.428066527346e+04,1.336334163026e+06,6.127431305304e-01,3.607106336046e+02,3.847902568808e-04,4.194213800001e-02,0.000000000000e+00,0.000000000000e+00,7.522966236547e+01,0.000000000000e+00,0.000000000000e+00,0.000000000000e+00,0.000000000000e+00,7.630763124474e-04,8.317531805677e-02,2.674205668459e+02,2.694077758789e+02,0.000000000000e+00,1.133629910817e+00,0.000000000000e+00,5.546909388620e+04,1.090000000000e+02
3.048000000000e+03,1.032375216600e+08,9.435137991406e+04,1.338616191601e+06,6.129974122720e-01,3.611680746799e+02,4.093043699644e-04,4.461417632612e-02,0.000000000000e+00,4.485860637482e+00,7.520050123711e+01,0.000000000000e+00,0.000000000000e+00,0.000000000000e+00,0.000000000000e+00,7.814378207759e-04,8.517672246457e-02,2.675531549270e+02,2.699099731445e+02,0.000000000000e+00,1.132479283424e+00,4.485860637482e+00,5.547042180780e+04,1.090000000000e+02
3.049000000000e+03,1.032374458668e+08,9.441068440039e+04,1.341167445557e+06,6.136289591276e-01,3.614753531477e+02,4.453216927042e-04,4.854006450476e-02,0.000000000000e+00,1.648913238387e+01,7.579361870919e+01,0.000000000000e+00,0.000000000000e+00,0.000000000000e+00,0.000000000000e+00,8.619839605025e-04,9.395625169477e-02,2.676882968102e+02,2.703914794922e+02,0.000000000000e+00,1.130942871628e+00,1.648913238387e+01,5.547174736976e+04,1.090000000000e+02
3.050000000000e+03,1.032373695154e+08,9.446623891087e+04,1.345354552280e+06,6.152338035800e-01,3.616515921875e+02,4.848471795582e-04,5.284834257184e-02,0.000000000000e+00,2.079710709944e+01,7.635161758247e+01,0.000000000000e+00,0.000000000000e+00,0.000000000000e+00,0.000000000000e+00,1.173389486559e-03,1.278994540349e-01,2.677906736212e+02,2.702321166992e+02,0.000000000000e+00,1.130191821130e+00,2.079710709944e+01,5.547273194366e+04,1.090000000000e+02
3.051000000000e+03,1.032372926169e+08,9.452196075587e+04,1.350204887850e+06,6.172525276857e-01,3.617640257364e+02,4.860594028043e-04,5.298047490567e-02,0.000000000000e+00,2.117646028642e+01,7.689830529107e+01,0.000000000000e+00,0.000000000000e+00,0.000000000000e+00,0.000000000000e+00,1.285536703168e-03,1.401235006453e-01,2.678610941594e+02,2.700245056152e+02,0.000000000000e+00,1.128731113023e+00,2.117646028642e+01,5.547340022240e+04,1.090000000000e+02
3.052000000000e+03,1.032372153578e+08,9.457602983229e+04,1.353681610443e+06,6.184272689586e-01,3.620013643165e+02,4.839219829439e-04,5.274749614088e-02,0.000000000000e+00,2.318846556337e+01,7.725754198282e+01,0.000000000000e+00,0.000000000000e+00,0.000000000000e+00,0.000000000000e+00,1.055680117744e-03,1.150691328341e-01,2.679463308766e+02,2.705227355957e+02,0.000000000000e+00,1.127564557871e+00,2.318846556337e+01,5.547420020466e+04,1.090000000000e+02
3.053000000000e+03,1.032371377648e+08,9.462786838718e+04,1.356340144468e+06,6.192319835740e-01,3.622362006641e+02,4.906919446593e-04,5.348542196786e-02,0.000000000000e+00,2.575359045087e+01,7.759214534280e+01,0.000000000000e+00,0.000000000000e+00,0.000000000000e+00,0.000000000000e+00,9.274211335325e-04,1.010889035550e-01,2.680248571846e+02,2.704778747559e+02,0.000000000000e+00,1.126576377817e+00,2.575359045087e+01,5.547492687361e+04,1.090000000000e+02
3.054000000000e+03,1.032370598230e+08,9.467824798022e+04,1.358407206986e+06,6.196098845914e-01,3.625622577017e+02,5.103523621255e-04,5.562840747168e-02,0.000000000000e+00,2.756324658777e+01,7.794283962740e+01,0.000000000000e+00,0.000000000000e+00,0.000000000000e+00,0.000000000000e+00,8.492748947206e-04,9.257096352454e-02,2.681039017483e+02,2.707965087891e+02,0.000000000000e+00,1.126576377817e+00,2.756324658777e+01,5.547564922197e+04,1.090000000000e+02
3.055000000000e+03,1.032369816189e+08,9.472520586069e+04,1.360178784178e+06,6.198363616473e-01,3.628966355490e+02,5.749111987235e-04,6.266532066086e-02,0.000000000000e+00,3.124722308236e+01,7.820510354900e+01,0.000000000000e+00,0.000000000000e+00,0.000000000000e+00,0.000000000000e+00,8.642841175059e-04,9.420696880814e-02,2.682025212312e+02,2.715332641602e+02,0.000000000000e+00,1.126576377817e+00,3.124722308236e+01,5.547653714693e+04,1.090000000000e+02
3.056000000000e+03,1.032369030500e+08,9.476963223299e+04,1.361423275307e+06,6.199157568913e-01,3.631771021429e+02,6.551133614883e-04,7.140735640223e-02,0.000000000000e+00,3.414252260151e+01,7.856889489832e+01,0.000000000000e+00,0.000000000000e+00,0.000000000000e+00,0.000000000000e+00,8.577949337812e-04,9.349964778215e-02,2.682894355335e+02,2.717089233398e+02,0.000000000000e+00,1.126483785224e+00,3.414252260151e+01,5.547730680759e+04,1.090000000000e+02
3.057000000000e+03,1.032368241704e+08,9.481002041412e+04,1.362196503456e+06,6.196654179819e-01,3.635234682495e+02,6.933349241908e-04,7.557350673679e-02,0.000000000000e+00,3.849101711514e+01,7.887919825240e+01,0.000000000000e+00,0.000000000000e+00,0.000000000000e+00,0.000000000000e+00,8.170494279333e-04,8.905838764473e-02,2.684068450888e+02,2.724472961426e+02,0.000000000000e+00,1.125458222355e+00,3.849101711514e+01,5.547832921774e+04,1.090000000000e+02
3.058000000000e+03,1.032367931624e+08,9.479513201520e+04,1.362883984957e+06,6.194053218915e-01,3.638534844822e+02,6.628830193280e-04,7.225424910675e-02,0.000000000000e+00,4.589527472922e+01,3.100687580172e+01,0.000000000000e+00,0.000000000000e+00,0.000000000000e+00,0.000000000000e+00,7.727476378383e-04,8.422949252437e-02,2.685181589001e+02,2.728903503418e+02,0.000000000000e+00,1.122360891290e+00,4.589527472922e+01,5.547926962881e+04,1.090000000000e+02
3.059000000000e+03,1.032370864605e+08,9.484939515089e+04,1.363706358398e+06,6.192522899016e-01,3.641552982931e+02,6.646494911531e-04,7.244679453569e-02,0.000000000000e+00,6.516483174422e+01,-2.932985079819e+02,6.824635415539e-05,7.438852602937e-03,0.000000000000e+00,0.000000000000e+00,8.641209294759e-04,9.418918131287e-02,2.686612633591e+02,2.731107177734e+02,0.000000000000e+00,1.118966889480e+00,6.516483174422e+01,5.548044255000e+04,1.090000000000e+02
3.060000000000e+03,1.032489982905e+08,9.735206520334e+04,1.351045667516e+06,6.129534794037e-01,3.644431145395e+02,5.996442279259e-04,6.536122084392e-02,0.000000000000e+00,3.837609717759e+02,-1.191182741790e+04,2.446897560705e-03,2.667118341168e-01,0.000000000000e+00,0.000000000000e+00,9.292341103095e-04,1.012865180237e-01,2.694787955309e+02,2.735635070801e+02,0.000000000000e+00,9.906288958770e-01,3.837609717759e+02,5.548633433526e+04,1.090000000000e+02
3.061000000000e+03,1.032719233097e+08,1.045242640063e+05,1.323597279831e+06,5.996425827092e-01,3.649166019219e+02,4.847692870509e-04,5.283985228855e-02,0.000000000000e+00,1.808279747819e+03,-2.292501922978e+04,4.510720312778e-03,4.916685140928e-01,7.642615119919e-04,8.330450480712e-02,4.283604851148e-04,4.669129287751e-02,2.706809847702e+02,2.737495727539e+02,0.000000000000e+00,7.179532395521e-01,1.808279747819e+03,5.549361248383e+04,1.090000000000e+02
3.062000000000e+03,1.033039333741e+08,1.225083251373e+05,1.267213959393e+06,5.729982078272e-01,3.655679019908e+02,2.695362179963e-04,2.937944776160e-02,0.000000000000e+00,9.667124865319e+03,-3.201006868606e+04,9.080241271391e-03,9.897462985816e-01,7.822652033210e-04,8.526690716199e-02,0.000000000000e+00,0.000000000000e+00,2.723669469415e+02,2.749679870605e+02,0.000000000000e+00,3.235770460144e-01,9.667124865319e+03,5.550112136394e+04,1.090000000000e+02
3.063000000000e+03,1.033277808396e+08,1.446450399851e+05,1.181219445865e+06,5.331468077605e-01,3.662156682639e+02,5.741585497915e-05,6.258328192727e-03,0.000000000000e+00,4.259875833000e+04,-2.384746780546e+04,1.416562576918e-02,1.544053208840e+00,4.766829812178e-04,5.195844495274e-02,0.000000000000e+00,0.000000000000e+00,2.730436803553e+02,2.757260437012e+02,0.000000000000e+00,1.962962962962e-02,4.259875833000e+04,5.550344089145e+04,1.090000000000e+02
3.064000000000e+03,1.033327071616e+08,1.633681476582e+05,1.079440723317e+06,4.863927103633e-01,3.668296261238e+02,-5.914887215390e-05,-6.447227064775e-03,0.000000000000e+00,8.157652152913e+04,-4.926327614365e+03,1.688262246222e-02,1.840205848382e+00,5.104371189890e-04,5.563764596980e-02,0.000000000000e+00,0.000000000000e+00,2.730649806895e+02,2.760657348633e+02,0.000000000000e+00,2.407407407389e-03,8.157652152913e+04,5.550349806176e+04,1.090000000000e+02
3.065000000000e+03,1.033353794575e+08,1.790258683669e+05,9.692630722952e+05,4.360632077611e-01,3.674049023062e+02,-1.178951764293e-04,-1.285057423079e-02,0.000000000000e+00,9.473145705079e+04,-2.672296558085e+03,1.832939278014e-02,1.997903813035e+00,3.588237412023e-04,3.911178779105e-02,0.000000000000e+00,0.000000000000e+00,2.730590657451e+02,2.761352539063e+02,0.000000000000e+00,6.203703703679e-03,9.473145705079e+04,5.550348384899e+04,1.090000000000e+02
3.066000000000e+03,1.033373141754e+08,1.932364674813e+05,8.578692478293e+05,3.853603473979e-01,3.679652396734e+02,-1.238096943307e-04,-1.349525668205e-02,0.000000000000e+00,1.014198861870e+05,-1.934718336792e+03,1.853635873630e-02,2.020463102257e+00,8.962939312000e-04,9.769603850080e-02,0.000000000000e+00,0.000000000000e+00,2.730561735561e+02,2.759951782227e+02,0.000000000000e+00,9.444444444417e-03,1.014198861870e+05,5.550347650779e+04,1.090000000000e+02
3.067000000000e+03,1.033388330650e+08,2.058955229362e+05,7.400907120446e+05,3.319730675418e-01,3.684976595058e+02,-1.427225456759e-04,-1.555675747867e-02,0.000000000000e+00,1.273709144086e+05,-1.518889475465e+03,1.961063736561e-02,2.137559472851e+00,3.786336304240e-03,4.127106571622e-01,0.000000000000e+00,0.000000000000e+00,2.730560693476e+02,2.762627258301e+02,0.000000000000e+00,7.222222222206e-03,1.273709144086e+05,5.550347617186e+04,1.090000000000e+02
3.068000000000e+03,1.033399871010e+08,2.170775297759e+05,6.181069309411e+05,2.768781995243e-01,3.690008829071e+02,-1.520854322506e-04,-1.657731211531e-02,0.000000000000e+00,1.357051107243e+05,-1.154033092612e+03,2.031516249366e-02,2.214352711809e+00,4.154940412828e-03,4.528885049983e-01,0.000000000000e+00,0.000000000000e+00,2.730531857131e+02,2.762880859375e+02,0.000000000000e+00,5.555555555549e-03,1.357051107243e+05,5.550346889272e+04,1.090000000000e+02
3.069000000000e+03,1.033408850276e+08,2.282471080021e+05,4.972124600177e+05,2.224491880659e-01,3.694567638265e+02,-1.666565553332e-04,-1.816556453132e-02,0.000000000000e+00,1.165241919950e+05,-8.979199267571e+02,2.014959798397e-02,2.196306180253e+00,1.105656369792e-03,1.205165443073e-01,0.000000000000e+00,0.000000000000e+00,2.730483269921e+02,2.766585998535e+02,0.000000000000e+00,4.166666666669e-03,1.165241919950e+05,5.550345635031e+04,1.090000000000e+02
3.070000000000e+03,1.033415981315e+08,2.381800075359e+05,3.613867202183e+05,1.615578765154e-01,3.697397219054e+02,-2.492761319356e-04,-2.717109838098e-02,0.000000000000e+00,1.548793507085e+05,-7.130968853555e+02,2.270025825167e-02,2.474328149432e+00,4.659854119109e-03,5.079240989829e-01,0.000000000000e+00,0.000000000000e+00,2.730471253381e+02,2.772521362305e+02,0.000000000000e+00,3.703703703705e-03,1.548793507085e+05,5.550344681242e+04,1.090000000000e+02
3.071000000000e+03,1.033419207256e+08,2.468351921130e+05,2.150261661814e+05,9.611582406694e-02,3.697829689959e+02,-2.851249232572e-04,-3.107861663503e-02,0.000000000000e+00,1.670748593003e+05,-3.226186334886e+02,2.447765180158e-02,2.668064046372e+00,4.622549791052e-03,5.038579272246e-01,0.000000000000e+00,0.000000000000e+00,2.730509098468e+02,2.768986206055e+02,0.000000000000e+00,1.018518518522e-02,1.670748593003e+05,5.550346416372e+04,1.090000000000e+02
3.072000000000e+03,1.033424127450e+08,2.550232501260e+05,7.001293332779e+04,3.134718091754e-02,3.691614049157e+02,-2.749053057165e-04,-2.996467832310e-02,0.000000000000e+00,1.662240191228e+05,-4.919577535070e+02,2.424450521070e-02,2.642651067967e+00,4.665832572947e-03,5.085757504512e-01,0.000000000000e+00,0.000000000000e+00,2.730548952551e+02,2.771823425293e+02,0.000000000000e+00,7.685185185222e-03,1.662240191228e+05,5.550347694354e+04,1.090000000000e+02
3.073000000000e+03,1.033433999882e+08,1.229622698398e+05,3.063227928486e+03,1.382948654750e-03,3.660994940327e+02,-3.855951218054e-04,-4.202986827679e-02,2.778589314856e-03,2.302162701419e+05,-8.330091793032e+02,1.120055027514e-02,1.220859979990e+00,4.935620380219e-03,5.379826214438e-01,0.000000000000e+00,0.000000000000e+00,2.735851993358e+02,2.772532348633e+02,8.333333333322e-04,4.537037037055e-03,2.302162701419e+05,5.550419297954e+04,1.090000000000e+02
3.074000000000e+03,1.033458043480e+08,6.627401291317e+04,2.615858497422e+01,1.193297168197e-05,3.624637563111e+02,4.089952208393e-04,4.458047907149e-02,-5.374979220514e-02,6.194378773317e+04,-5.387740034210e+03,5.072718199637e-04,5.529262837604e-02,1.173100829616e-03,1.278679904281e-01,0.000000000000e+00,0.000000000000e+00,2.780457566733e+02,2.775728149414e+02,2.888888888886e-02,5.388888888886e-02,6.194378773317e+04,5.550185829324e+04,1.090000000000e+02
3.075000000000e+03,1.033484309738e+08,4.462194478427e+04,6.050775843073e-01,2.783493433645e-07,3.601042959556e+02,1.023958403248e-03,1.116114659541e-01,-1.167725381616e-01,2.816091251936e+04,-9.107725215228e+03,4.266488956106e-06,4.650472962155e-04,2.529848284645e-03,2.757534630263e-01,0.000000000000e+00,0.000000000000e+00,2.791451641073e+02,2.781106567383e+02,4.694444444440e-02,6.249999999997e-02,2.816091251936e+04,5.549879037577e+04,1.090000000000e+02
3.076000000000e+03,1.033459238694e+08,2.705738589228e+04,4.217844401094e-01,1.933051571048e-07,3.604822326398e+02,1.211161182348e-03,1.320165688760e-01,-1.366828924244e-01,2.440285286291e+04,-5.078645333911e+03,3.077816181436e-08,3.354819637765e-06,1.927094658558e-03,2.100533177828e-01,0.000000000000e+00,0.000000000000e+00,2.800943719562e+02,2.785783386230e+02,6.527777777772e-02,8.453703703700e-02,2.440285286291e+04,5.549559601004e+04,1.090000000000e+02
3.077000000000e+03,1.033347185522e+08,1.469293953355e+04,4.170002774888e-01,1.907193853298e-07,3.610343441484e+02,1.230861134166e-03,1.341638636240e-01,-1.376590780044e-01,1.739679495462e+04,3.565720270515e+03,7.897056605018e-10,8.607791699469e-08,2.103412023591e-04,2.292719105714e-02,0.000000000000e+00,0.000000000000e+00,2.806050039376e+02,2.790574340820e+02,8.092592592585e-02,1.209259259259e-01,1.739679495462e+04,5.549387774046e+04,1.090000000000e+02
3.078000000000e+03,1.033248418065e+08,7.167037319818e+03,4.166055338334e-01,1.901926359299e-07,3.616315349575e+02,1.236626420617e-03,1.347922798472e-01,-1.368685167533e-01,1.143170082148e+04,2.281342269164e+03,6.141838019460e-11,6.694603441212e-09,2.494658504123e-04,2.719177769494e-02,0.000000000000e+00,0.000000000000e+00,2.813928150003e+02,2.794629516602e+02,9.583333333325e-02,1.520370370370e-01,1.143170082148e+04,5.549062777862e+04,1.090000000000e+02
3.079000000000e+03,1.033154193030e+08,2.589684389585e+03,4.165646652301e-01,1.898293001485e-07,3.599994748994e+02,1.213643846210e-03,1.322871792369e-01,-1.334858124019e-01,8.120531208179e+03,2.015093439359e+03,4.466094921927e-12,4.868043464900e-10,2.415955076242e-04,2.633391033104e-02,0.000000000000e+00,0.000000000000e+00,2.816889234626e+02,2.796016235352e+02,1.065740740740e-01,1.807407407407e-01,8.120531208179e+03,5.548947975025e+04,1.090000000000e+02
3.080000000000e+03,1.033060606093e+08,1.927113348635e+01,4.165772901435e-01,1.894835066515e-07,3.606575537288e+02,1.105345752311e-03,1.204826870019e-01,-1.211376300722e-01,5.655458321839e+03,2.636515385167e+03,0.000000000000e+00,0.000000000000e+00,6.810837400435e-05,7.423812766474e-03,0.000000000000e+00,0.000000000000e+00,2.813935354842e+02,2.791690673828e+02,1.200925925925e-01,2.090740740741e-01,5.655458321839e+03,5.549107373256e+04,1.090000000000e+02
3.081000000000e+03,1.033053571112e+08,1.826654571858e+01,4.165653179675e-01,1.891407478903e-07,3.613122213798e+02,1.068034150730e-03,1.164157224295e-01,-1.163788522617e-01,2.387846112673e+03,-5.754603625619e+03,0.000000000000e+00,0.000000000000e+00,1.346352865993e-03,1.467524623932e-01,0.000000000000e+00,0.000000000000e+00,2.817606687123e+02,2.793969116211e+02,1.307407407407e-01,2.167592592592e-01,2.387846112673e+03,5.548940143776e+04,1.090000000000e+02
3.082000000000e+03,1.033212891009e+08,2.348516684088e+01,4.165575505061e-01,1.888009736495e-07,3.619635191736e+02,1.176949232002e-03,1.282874662883e-01,-1.282249684442e-01,3.051862500063e+03,-2.304727710609e+04,0.000000000000e+00,0.000000000000e+00,4.316538809236e-03,4.705027302067e-01,0.000000000000e+00,0.000000000000e+00,2.819790352280e+02,2.798356933594e+02,1.413888888889e-01,1.905555555555e-01,3.051862500063e+03,5.548834726139e+04,1.090000000000e+02
3.083000000000e+03,1.033312292164e+08,2.291054720972e+01,4.165178092890e-01,1.884641375682e-07,3.626114876482e+02,1.383074015459e-03,1.507550676850e-01,-1.506717195829e-01,3.900208223085e+03,-1.830054245635e+04,0.000000000000e+00,0.000000000000e+00,3.671381716130e-03,4.001806070582e-01,0.000000000000e+00,0.000000000000e+00,2.830083300969e+02,2.808309326172e+02,1.525925925926e-01,1.778703703704e-01,3.900208223085e+03,5.548305276367e+04,1.090000000000e+02
3.084000000000e+03,1.033248300171e+08,1.921894748396e+01,4.164992080192e-01,1.881301943924e-07,3.632561665782e+02,1.424318350466e-03,1.552507002008e-01,-1.551696616231e-01,3.153023871991e+03,-2.210225110558e+03,0.000000000000e+00,0.000000000000e+00,8.869272993675e-04,9.667507563106e-02,0.000000000000e+00,0.000000000000e+00,2.834614007964e+02,2.810282287598e+02,1.637037037037e-01,1.986111111111e-01,3.153023871991e+03,5.548057107902e+04,1.090000000000e+02
3.085000000000e+03,1.033156664428e+08,1.646293797295e+01,4.165009999471e-01,1.877990998454e-07,3.638975949943e+02,1.346966981190e-03,1.468194009497e-01,-1.467481223987e-01,2.339616681421e+03,1.021579584117e+03,0.000000000000e+00,0.000000000000e+00,2.181009379454e-04,2.377300223605e-02,0.000000000000e+00,0.000000000000e+00,2.834184827394e+02,2.809876098633e+02,1.745370370370e-01,2.238888888889e-01,2.339616681421e+03,5.548081065094e+04,1.090000000000e+02
3.086000000000e+03,1.033270051058e+08,2.311448837358e+01,4.164868346191e-01,1.874708105662e-07,3.645358112024e+02,1.320897179112e-03,1.439777925232e-01,-1.439007442217e-01,2.690432270021e+03,-1.932254656501e+04,0.000000000000e+00,0.000000000000e+00,3.641915471463e-03,3.969687863895e-01,0.000000000000e+00,0.000000000000e+00,2.837540887550e+02,2.814077453613e+02,1.839814814814e-01,2.075925925926e-01,2.690432270021e+03,5.547892195307e+04,1.090000000000e+02
3.087000000000e+03,1.033602654279e+08,3.258362194849e+01,4.165033624057e-01,1.871452842744e-07,3.651708528016e+02,1.481201496662e-03,1.614509631362e-01,-1.613414478850e-01,5.083779540337e+03,-4.221185546662e+04,0.000000000000e+00,0.000000000000e+00,7.823443026915e-03,8.527552899337e-01,0.000000000000e+00,0.000000000000e+00,2.833663982302e+02,2.810485839844e+02,1.924999999999e-01,1.498148148148e-01,5.083779540337e+03,5.548109804184e+04,1.090000000000e+02
3.088000000000e+03,1.033704994904e+08,3.101511672402e+01,4.164937934618e-01,1.868224775275e-07,3.658027567020e+02,1.688250764900e-03,1.840193333741e-01,-1.838866980366e-01,6.900425310856e+03,-2.043654462006e+04,0.000000000000e+00,0.000000000000e+00,4.521349955277e-03,4.928271451252e-01,0.000000000000e+00,0.000000000000e+00,2.835959309651e+02,2.814255371094e+02,1.992592592592e-01,1.370370370370e-01,6.900425310856e+03,5.547981547012e+04,1.090000000000e+02
3.089000000000e+03,1.033930341918e+08,4.405241382428e+01,4.165015250057e-01,1.865023532316e-07,3.664315591420e+02,1.748678035024e-03,1.906059058176e-01,-1.904649852273e-01,7.486643083527e+03,-3.310205712763e+04,0.000000000000e+00,0.000000000000e+00,6.715217607410e-03,7.319587192077e-01,0.000000000000e+00,0.000000000000e+00,2.834138024363e+02,2.815067443848e+02,2.094444444444e-01,9.768518518516e-02,7.486643083527e+03,5.548083198274e+04,1.090000000000e+02
3.090000000000e+03,1.034041629283e+08,4.173914350714e+01,4.164809249873e-01,1.861848707671e-07,3.670572957047e+02,2.032687765547e-03,2.215629664447e-01,-2.205162937753e-01,1.425246333591e+04,-2.336332737286e+04,0.000000000000e+00,0.000000000000e+00,6.229373781250e-03,6.790017421563e-01,0.000000000000e+00,0.000000000000e+00,2.839017743370e+02,2.821379394531e+02,2.193518518518e-01,8.157407407406e-02,1.425246333591e+04,5.547807176692e+04,1.090000000000e+02
3.091000000000e+03,1.033878410704e+08,3.226709157013e+01,4.164686264710e-01,1.858699908029e-07,3.676800013339e+02,1.829621421029e-03,1.994287348921e-01,-1.992875380923e-01,7.803322710645e+03,5.265578454170e+03,0.000000000000e+00,0.000000000000e+00,4.193435393198e-04,4.570844578586e-02,0.000000000000e+00,0.000000000000e+00,2.841818512691e+02,2.824451293945e+02,2.293518518518e-01,1.245370370370e-01,7.803322710645e+03,5.547644991713e+04,1.090000000000e+02
3.092000000000e+03,1.033748560295e+08,2.631197675096e+01,4.164642459287e-01,1.855576752728e-07,3.682997103501e+02,1.570999657815e-03,1.712389627018e-01,-1.711290712219e-01,5.413821559337e+03,3.491151534488e+03,0.000000000000e+00,0.000000000000e+00,3.179354857948e-04,3.465496795163e-02,0.000000000000e+00,0.000000000000e+00,2.842800633269e+02,2.823237609863e+02,2.392592592592e-01,1.553703703704e-01,5.413821559337e+03,5.547587483018e+04,1.090000000000e+02
3.093000000000e+03,1.033629227773e+08,2.220859431186e+01,4.164664766326e-01,1.852478869495e-07,3.689164564649e+02,1.399495837999e-03,1.525450463419e-01,-1.524562360280e-01,3.899543106638e+03,3.475318877199e+03,0.000000000000e+00,0.000000000000e+00,7.025106258605e-05,7.657365821879e-03,0.000000000000e+00,0.000000000000e+00,2.842280786486e+02,2.824651489258e+02,2.448148148148e-01,1.834259259259e-01,3.899543106638e+03,5.547618121883e+04,1.090000000000e+02
3.094000000000e+03,1.033527146376e+08,1.955962445377e+01,4.164611652947e-01,1.849405893837e-07,3.695302727965e+02,1.350002469240e-03,1.471502691472e-01,-1.470695400096e-01,3.039590060160e+03,2.049083384464e+03,0.000000000000e+00,0.000000000000e+00,1.640685399851e-04,1.788347085838e-02,0.000000000000e+00,0.000000000000e+00,2.843462198422e+02,2.821457519531e+02,2.499074074074e-01,2.080555555555e-01,3.039590060160e+03,5.547548523393e+04,1.090000000000e+02
3.095000000000e+03,1.033432660355e+08,1.742721448917e+01,4.164435091799e-01,1.846357468983e-07,3.701411918833e+02,1.370040003002e-03,1.493343603272e-01,-1.492560446328e-01,2.504530321880e+03,1.168461888793e+03,0.000000000000e+00,0.000000000000e+00,2.212823050315e-04,2.411977124843e-02,0.000000000000e+00,0.000000000000e+00,2.847369157086e+02,2.825447692871e+02,2.600000000000e-01,2.302777777778e-01,2.504530321880e+03,5.547314871633e+04,1.090000000000e+02
3.096000000000e+03,1.033352010310e+08,1.623839445122e+01,4.164208438080e-01,1.843333244993e-07,3.707492456976e+02,1.343315380001e-03,1.464213764201e-01,-1.463472961717e-01,2.127571899587e+03,-5.338134982517e+01,0.000000000000e+00,0.000000000000e+00,3.611443969095e-04,3.936473926314e-02,0.000000000000e+00,0.000000000000e+00,2.852286735167e+02,2.828715820313e+02,2.697222222222e-01,2.501851851852e-01,2.127571899587e+03,5.547013877984e+04,1.090000000000e+02
3.097000000000e+03,1.033421830921e+08,2.090869092227e+01,4.164431882204e-01,1.840332879846e-07,3.713544656596e+02,1.312532566327e-03,1.430660497296e-01,-1.429853380570e-01,2.482526268950e+03,-1.491393870069e+04,0.000000000000e+00,0.000000000000e+00,2.878610931515e-03,3.137685915351e-01,0.000000000000e+00,0.000000000000e+00,2.847434374894e+02,2.822342224121e+02,2.749074074074e-01,2.422222222222e-01,2.482526268950e+03,5.547310959401e+04,1.090000000000e+02
3.098000000000e+03,1.033477266081e+08,1.933735034622e+01,4.164670794591e-01,1.837356035350e-07,3.719568826496e+02,1.275888881232e-03,1.390718880542e-01,-1.389864024169e-01,3.077245121169e+03,-1.325396923055e+04,0.000000000000e+00,0.000000000000e+00,2.701337508151e-03,2.944457883884e-01,0.000000000000e+00,0.000000000000e+00,2.842114291409e+02,2.820247192383e+02,2.800925925926e-01,2.365740740741e-01,3.077245121169e+03,5.547627947257e+04,1.090000000000e+02
3.099000000000e+03,1.033459358121e+08,1.952004618336e+01,4.164275371370e-01,1.834402384837e-07,3.725565270212e+02,1.236383658415e-03,1.347658187672e-01,-1.346892713998e-01,2.676573779722e+03,-5.681133728248e+03,0.000000000000e+00,0.000000000000e+00,1.382920136081e-03,1.507382948328e-01,0.000000000000e+00,0.000000000000e+00,2.850841761822e+02,2.832162170410e+02,2.900925925926e-01,2.442592592592e-01,2.676573779722e+03,5.547103040681e+04,1.090000000000e+02
3.100000000000e+03,1.033426411451e+08,1.765438460094e+01,4.163916656259e-01,1.831471603721e-07,3.731534286130e+02,1.292301464890e-03,1.408608596731e-01,-1.407816958560e-01,2.600843510873e+03,-4.514564706362e+03,0.000000000000e+00,0.000000000000e+00,1.177226836566e-03,1.283177251857e-01,0.000000000000e+00,0.000000000000e+00,2.858462692819e+02,2.837638244629e+02,2.971296296296e-01,2.546296296296e-01,2.600843510873e+03,5.546625981536e+04,1.090000000000e+02
3.101000000000e+03,1.033396638918e+08,1.803585760699e+01,4.163917543996e-01,1.828563382644e-07,3.737476167610e+02,1.264128944856e-03,1.377900549893e-01,-1.377147232753e-01,2.327945885886e+03,-4.661522657069e+03,0.000000000000e+00,0.000000000000e+00,1.156797818316e-03,1.260909621964e-01,0.000000000000e+00,0.000000000000e+00,2.858441510609e+02,2.838768920898e+02,3.005555555555e-01,2.647222222222e-01,2.327945885886e+03,5.546627347547e+04,1.090000000000e+02
3.102000000000e+03,1.033495863296e+08,2.181683389459e+01,4.164110708897e-01,1.825677408019e-07,3.743391203093e+02,1.251440218597e-03,1.364069838270e-01,-1.363230448756e-01,2.849077688039e+03,-1.748418425295e+04,0.000000000000e+00,0.000000000000e+00,3.364461851247e-03,3.667263417859e-01,0.000000000000e+00,0.000000000000e+00,2.854370986251e+02,2.833965148926e+02,3.103703703703e-01,2.512037037037e-01,2.849077688039e+03,5.546884102709e+04,1.090000000000e+02
3.103000000000e+03,1.033550711597e+08,2.028538479033e+01,4.164198779712e-01,1.822813370380e-07,3.749279676224e+02,1.306536707715e-03,1.424125011409e-01,-1.423204937242e-01,3.274331445690e+03,-1.337950948600e+04,0.000000000000e+00,0.000000000000e+00,2.755005120505e-03,3.002955581351e-01,0.000000000000e+00,0.000000000000e+00,2.852490376151e+02,2.832008056641e+02,3.195370370370e-01,2.459259259259e-01,3.274331445690e+03,5.547001186902e+04,1.090000000000e+02
3.104000000000e+03,1.033944781160e+08,3.714208332602e+01,4.164156831480e-01,1.819971004567e-07,3.755141865948e+02,1.407295374256e-03,1.533951957940e-01,-1.532809960101e-01,4.932101468563e+03,-4.790962890122e+04,0.000000000000e+00,0.000000000000e+00,8.743506076663e-03,9.530421623563e-01,0.000000000000e+00,0.000000000000e+00,2.853405154921e+02,2.836847839355e+02,3.216666666666e-01,1.769444444444e-01,4.932101468563e+03,5.546944069887e+04,1.090000000000e+02
3.105000000000e+03,1.034296506147e+08,4.374685838830e+01,4.164292791477e-01,1.817149969526e-07,3.760978046627e+02,1.754884761479e-03,1.912824390012e-01,-1.911103621059e-01,1.079090105156e+04,-4.577380010722e+04,0.000000000000e+00,0.000000000000e+00,9.357932439012e-03,1.020014635852e+00,0.000000000000e+00,0.000000000000e+00,2.850534918449e+02,2.836751708984e+02,3.337037037036e-01,1.153703703703e-01,1.079090105156e+04,5.547121351280e+04,1.090000000000e+02
3.106000000000e+03,1.034211322590e+08,3.499428833874e+01,4.164342042326e-01,1.814350006578e-07,3.766788488135e+02,1.759929957330e-03,1.918323653490e-01,-1.916776783243e-01,9.061057634076e+03,-2.114596523759e+03,0.000000000000e+00,0.000000000000e+00,1.848249298406e-03,2.014591735262e-01,0.000000000000e+00,0.000000000000e+00,2.849461085711e+02,2.835539245605e+02,3.478703703703e-01,1.382407407407e-01,9.061057634076e+03,5.547187302915e+04,1.090000000000e+02
3.107000000000e+03,1.034110041394e+08,2.979491756169e+01,4.164236652378e-01,1.811570830877e-07,3.772573455958e+02,1.650876729983e-03,1.799455635681e-01,-1.798160463152e-01,6.323629630450e+03,1.532444134521e+02,0.000000000000e+00,0.000000000000e+00,1.020805208262e-03,1.112677677006e-01,0.000000000000e+00,0.000000000000e+00,2.851732616368e+02,2.836198730469e+02,3.595370370369e-01,1.625000000000e-01,6.323629630450e+03,5.547047873006e+04,1.090000000000e+02
3.108000000000e+03,1.034009850854e+08,2.511981059336e+01,4.164325443760e-01,1.808812167437e-07,3.778333211296e+02,1.508152880292e-03,1.643886639518e-01,-1.642781561457e-01,4.892782156032e+03,9.061227833434e+02,0.000000000000e+00,0.000000000000e+00,6.595583898070e-04,7.189186448896e-02,0.000000000000e+00,0.000000000000e+00,2.849808592055e+02,2.832793273926e+02,3.705555555554e-01,1.854629629630e-01,4.892782156032e+03,5.547166376297e+04,1.090000000000e+02
3.109000000000e+03,1.033897268335e+08,2.181480944848e+01,4.164258097526e-01,1.806073746043e-07,3.784068011151e+02,1.345692229150e-03,1.466804529773e-01,-1.465907294662e-01,3.690803950606e+03,3.126475336544e+03,0.000000000000e+00,0.000000000000e+00,9.357893462549e-05,1.020010387418e-02,0.000000000000e+00,0.000000000000e+00,2.851257732855e+02,2.832844848633e+02,3.815740740740e-01,2.109259259259e-01,3.690803950606e+03,5.547077436078e+04,1.090000000000e+02
3.110000000000e+03,1.034256278444e+08,3.966399047298e+01,4.164442539829e-01,1.803355301664e-07,3.789778108422e+02,1.343473162094e-03,1.464385746683e-01,-1.463318121590e-01,5.524705678090e+03,-4.401850396643e+04,0.000000000000e+00,0.000000000000e+00,8.197647363242e-03,8.935435625934e-01,0.000000000000e+00,0.000000000000e+00,2.847261795332e+02,2.829555969238e+02,3.923148148147e-01,1.475000000000e-01,5.524705678090e+03,5.547321160346e+04,1.090000000000e+02
3.111000000000e+03,1.034612127077e+08,4.872073317977e+02,4.164784463931e-01,1.800656574985e-07,3.795463751995e+02,1.628148490207e-03,1.774681854325e-01,-1.764667356437e-01,1.601789997169e+04,-4.537468707887e+04,0.000000000000e+00,0.000000000000e+00,1.023605824195e-02,1.115730348372e+00,0.000000000000e+00,0.000000000000e+00,2.839611969264e+02,2.824926147461e+02,4.025925925926e-01,7.240740740742e-02,1.601789997169e+04,5.547773014389e+04,1.090000000000e+02
3.112000000000e+03,1.034757939912e+08,2.669384651617e+03,4.164638586292e-01,1.797977308961e-07,3.801125186825e+02,1.785692989412e-03,1.946405358459e-01,-1.900842313386e-01,3.315548312862e+04,-2.512676902267e+04,0.000000000000e+00,0.000000000000e+00,1.004092338192e-02,1.094460648629e+00,0.000000000000e+00,0.000000000000e+00,2.842957065097e+02,2.827685852051e+02,4.124074074074e-01,3.361111111117e-02,3.315548312862e+04,5.547577976096e+04,1.090000000000e+02
3.113000000000e+03,1.034792345787e+08,4.111171440418e+02,4.164395079078e-01,1.795317255690e-07,3.806762654025e+02,1.971182043599e-03,2.148588427523e-01,-2.083911265427e-01,3.983552236881e+04,-1.500118493571e+04,0.000000000000e+00,0.000000000000e+00,8.754645306853e-03,9.542563384469e-01,0.000000000000e+00,0.000000000000e+00,2.848405778780e+02,2.836785278320e+02,4.214814814814e-01,4.250000000001e-02,3.983552236881e+04,5.547251835804e+04,1.090000000000e+02
3.114000000000e+03,1.034663848273e+08,3.892201397436e+01,4.164193059632e-01,1.792676169117e-07,3.812376390944e+02,1.934793572081e-03,2.108924993568e-01,-2.105173913850e-01,1.129647702607e+04,1.171814098382e+03,0.000000000000e+00,0.000000000000e+00,1.616338814835e-03,1.761809308171e-01,0.000000000000e+00,0.000000000000e+00,2.852751881260e+02,2.839899291992e+02,4.312962962962e-01,8.833333333330e-02,1.129647702607e+04,5.546984810160e+04,1.090000000000e+02
3.115000000000e+03,1.034522267189e+08,3.301462019764e+01,4.164201423946e-01,1.790053807117e-07,3.817966631249e+02,1.728132077319e-03,1.883663964278e-01,-1.882344749517e-01,7.668775500251e+03,3.716520859122e+03,0.000000000000e+00,0.000000000000e+00,6.538701337686e-04,7.127184458078e-02,0.000000000000e+00,0.000000000000e+00,2.852548036254e+02,2.839898071289e+02,4.412962962962e-01,1.214814814814e-01,7.668775500251e+03,5.546997595956e+04,1.090000000000e+02
3.116000000000e+03,1.034415717488e+08,2.899396290526e+01,4.164155127188e-01,1.787449933432e-07,3.823533605005e+02,1.528153378502e-03,1.665687182567e-01,-1.664597811430e-01,5.992195255292e+03,1.421278723645e+03,0.000000000000e+00,0.000000000000e+00,7.563003416582e-04,8.243673724074e-02,0.000000000000e+00,0.000000000000e+00,2.853519739008e+02,2.841086730957e+02,4.512962962962e-01,1.451851851852e-01,5.992195255292e+03,5.546937213292e+04,1.090000000000e+02
3.117000000000e+03,1.034310016321e+08,2.548802550453e+01,4.164284035779e-01,1.784864315525e-07,3.829077538743e+02,1.442891560104e-03,1.572751800513e-01,-1.571759854460e-01,4.826055732108e+03,1.851327050908e+03,0.000000000000e+00,0.000000000000e+00,4.922968683772e-04,5.366035865312e-02,0.000000000000e+00,0.000000000000e+00,2.850733675007e+02,2.834442443848e+02,4.612962962962e-01,1.686111111111e-01,4.826055732108e+03,5.547109745046e+04,1.090000000000e+02
3.118000000000e+03,1.034264764129e+08,2.525977223735e+01,4.164534864326e-01,1.782296724625e-07,3.834598655541e+02,1.335651327934e-03,1.455859947448e-01,-1.454948303785e-01,4.219778350365e+03,-3.545950573666e+03,0.000000000000e+00,0.000000000000e+00,1.285091930325e-03,1.400750204055e-01,0.000000000000e+00,0.000000000000e+00,2.845217964402e+02,2.832254028320e+02,4.710185185184e-01,1.807407407407e-01,4.219778350365e+03,5.547444200142e+04,1.090000000000e+02
3.119000000000e+03,1.034217510301e+08,2.315863100772e+01,4.164627271900e-01,1.779746935787e-07,3.840097175094e+02,1.248504259756e-03,1.360869643135e-01,-1.360016609788e-01,4.039483559332e+03,-2.819475561279e+03,0.000000000000e+00,0.000000000000e+00,1.134731262059e-03,1.236857075644e-01,0.000000000000e+00,0.000000000000e+00,2.843143187650e+02,2.828412170410e+02,4.801851851851e-01,1.932407407407e-01,4.039483559332e+03,5.547567436492e+04,1.090000000000e+02
3.120000000000e+03,1.034145861183e+08,2.164660674475e+01,4.164779904371e-01,1.777214730682e-07,3.845573313780e+02,1.159421079655e-03,1.263768976824e-01,-1.263012499190e-01,3.444694984053e+03,1.580019179817e+02,0.000000000000e+00,0.000000000000e+00,5.439514166896e-04,5.929070441917e-02,0.000000000000e+00,0.000000000000e+00,2.839657400968e+02,2.824974670410e+02,4.882407407406e-01,2.101851851852e-01,3.444694984053e+03,5.547771020835e+04,1.090000000000e+02
3.121000000000e+03,1.034130942955e+08,2.220057416996e+01,4.164877284969e-01,1.774699891734e-07,3.851027284732e+02,1.091504209426e-03,1.189739588274e-01,-1.189014946686e-01,3.335040661851e+03,-5.104758099482e+03,0.000000000000e+00,0.000000000000e+00,1.396403798552e-03,1.522080140421e-01,0.000000000000e+00,0.000000000000e+00,2.837395803119e+02,2.821470336914e+02,4.961111111110e-01,2.156481481481e-01,3.335040661851e+03,5.547900681604e+04,1.090000000000e+02
3.122000000000e+03,1.034094162885e+08,2.046992376483e+01,4.164858587978e-01,1.772202206777e-07,3.856459297901e+02,1.035601566055e-03,1.128805707000e-01,-1.128119385901e-01,3.269847281477e+03,-2.580789934867e+03,0.000000000000e+00,0.000000000000e+00,9.678211585117e-04,1.054925062778e-01,0.000000000000e+00,0.000000000000e+00,2.837830764766e+02,2.823159179688e+02,5.041666666666e-01,2.250000000000e-01,3.269847281477e+03,5.547875915972e+04,1.090000000000e+02
3.123000000000e+03,1.034012412840e+08,1.873644152869e+01,4.164745331128e-01,1.769721467819e-07,3.861869560124e+02,1.013385269340e-03,1.104589943580e-01,-1.103965647567e-01,2.750632548700e+03,2.050310515790e+03,0.000000000000e+00,0.000000000000e+00,1.160796173094e-04,1.265267828672e-02,0.000000000000e+00,0.000000000000e+00,2.840433009392e+02,2.824949340820e+02,5.119444444443e-01,2.428703703703e-01,2.750632548700e+03,5.547726125821e+04,1.090000000000e+02
3.124000000000e+03,1.034051582223e+08,2.224115500669e+01,4.164612138895e-01,1.767257469123e-07,3.867258275184e+02,1.048896852122e-03,1.143297568813e-01,-1.142608413158e-01,2.950384066274e+03,-1.025583714261e+04,0.000000000000e+00,0.000000000000e+00,2.185163930573e-03,2.381828684325e-01,0.000000000000e+00,0.000000000000e+00,2.843448553051e+02,2.828835449219e+02,5.204629629629e-01,2.383333333333e-01,2.950384066274e+03,5.547549394581e+04,1.090000000000e+02
3.125000000000e+03,1.034068900706e+08,2.030179945221e+01,4.164956883337e-01,1.764810008674e-07,3.872625643872e+02,1.063379391916e-03,1.159083537189e-01,-1.158340935942e-01,3.343743970937e+03,-8.158185621361e+03,0.000000000000e+00,0.000000000000e+00,1.902433464497e-03,2.073652476302e-01,0.000000000000e+00,0.000000000000e+00,2.835507616328e+02,2.819721069336e+02,5.277777777778e-01,2.378703703703e-01,3.343743970937e+03,5.548007372112e+04,1.090000000000e+02
3.126000000000e+03,1.033991714922e+08,1.848749105990e+01,4.165026139980e-01,1.762378888892e-07,3.877971864048e+02,9.752899996375e-04,1.063066099605e-01,-1.062454734086e-01,2.682300865699e+03,1.823918806790e+03,0.000000000000e+00,0.000000000000e+00,1.421896980961e-04,1.549867709248e-02,0.000000000000e+00,0.000000000000e+00,2.833850011235e+02,2.819758911133e+02,5.348148148148e-01,2.548148148148e-01,2.682300865699e+03,5.548099870956e+04,1.090000000000e+02
3.127000000000e+03,1.033987826978e+08,1.997761627502e+01,4.164889971072e-01,1.759963914139e-07,3.883297130697e+02,9.736418654471e-04,1.061269633337e-01,-1.060647333684e-01,2.661359519073e+03,-5.495785737833e+03,0.000000000000e+00,0.000000000000e+00,1.349692482187e-03,1.471164805583e-01,0.000000000000e+00,0.000000000000e+00,2.837068368880e+02,2.819118041992e+02,5.422222222222e-01,2.578703703704e-01,2.661359519073e+03,5.547919255462e+04,1.090000000000e+02
3.128000000000e+03,1.033980664194e+08,1.882352854130e+01,4.164918941479e-01,1.757564895391e-07,3.888601635986e+02,9.914109620870e-04,1.080637948675e-01,-1.079977215216e-01,2.800168538261e+03,-5.275478144694e+03,0.000000000000e+00,0.000000000000e+00,1.335824893804e-03,1.456049134247e-01,0.000000000000e+00,0.000000000000e+00,2.836391562263e+02,2.818783264160e+02,5.502777777777e-01,2.613888888889e-01,2.800168538261e+03,5.547957599945e+04,1.090000000000e+02
3.129000000000e+03,1.033920881641e+08,1.748275695449e+01,4.165016039250e-01,1.755181642431e-07,3.893885569320e+02,9.054915069209e-04,9.869857425437e-02,-9.864172405271e-02,2.421836239969e+03,5.054917617119e+02,0.000000000000e+00,0.000000000000e+00,3.171769315670e-04,3.457228554081e-02,0.000000000000e+00,0.000000000000e+00,2.834089934105e+02,2.820270385742e+02,5.561111111111e-01,2.753703703704e-01,2.421836239969e+03,5.548086594181e+04,1.090000000000e+02
3.130000000000e+03,1.033856162308e+08,1.639498118765e+01,4.165190175878e-01,1.752813971011e-07,3.899149117399e+02,8.116223663200e-04,8.846683792888e-02,-8.841872904135e-02,2.158458345313e+03,1.566193549902e+03,0.000000000000e+00,0.000000000000e+00,9.818597852047e-05,1.070227165873e-02,0.000000000000e+00,0.000000000000e+00,2.829853391593e+02,2.817007446289e+02,5.627777777777e-01,2.886111111111e-01,2.158458345313e+03,5.548318173993e+04,1.090000000000e+02
3.131000000000e+03,1.033943759883e+08,2.173158968016e+01,4.165162715473e-01,1.750461699325e-07,3.904392464263e+02,7.835845585342e-04,8.541071688023e-02,-8.535994419391e-02,2.590761497659e+03,-1.349585586356e+04,0.000000000000e+00,0.000000000000e+00,2.661320535838e-03,2.900839384063e-01,0.000000000000e+00,0.000000000000e+00,2.830524347863e+02,2.819637756348e+02,5.712962962962e-01,2.763888888889e-01,2.590761497659e+03,5.548281960939e+04,1.090000000000e+02
3.132000000000e+03,1.034022361448e+08,2.033188552541e+01,4.165146327016e-01,1.748124645076e-07,3.909615791352e+02,8.380773858436e-04,9.135043505695e-02,-9.128914106450e-02,3.316765679471e+03,-1.292520730109e+04,0.000000000000e+00,0.000000000000e+00,2.685999565887e-03,2.927739526817e-01,0.000000000000e+00,0.000000000000e+00,2.830934091339e+02,2.817910766602e+02,5.770370370370e-01,2.644444444444e-01,3.316765679471e+03,5.548259775883e+04,1.090000000000e+02
3.133000000000e+03,1.033976151146e+08,1.878720985320e+01,4.165304595789e-01,1.745802635429e-07,3.914819277548e+02,8.216700321636e-04,8.956203350584e-02,-8.950577527918e-02,2.733756018426e+03,-3.451500646878e+02,0.000000000000e+00,0.000000000000e+00,5.093522748582e-04,5.551939795955e-02,0.000000000000e+00,0.000000000000e+00,2.826993302518e+02,2.815087585449e+02,5.828703703703e-01,2.748148148148e-01,2.733756018426e+03,5.548470017780e+04,1.090000000000e+02
3.134000000000e+03,1.033955893277e+08,1.879639374701e+01,4.165336876535e-01,1.743495502227e-07,3.920003099230e+02,7.737636876277e-04,8.434024195141e-02,-8.428853464090e-02,2.579967262730e+03,-2.651024253700e+03,0.000000000000e+00,0.000000000000e+00,8.653989501496e-04,9.432848556631e-02,0.000000000000e+00,0.000000000000e+00,2.826167716798e+02,2.814277343750e+02,5.904629629629e-01,2.809259259259e-01,2.579967262730e+03,5.548513141483e+04,1.090000000000e+02
3.135000000000e+03,1.034202725152e+08,2.869683744220e+01,4.165326824108e-01,1.741203069689e-07,3.925167430320e+02,8.007337447357e-04,8.727997817620e-02,-8.721741848863e-02,3.746804286954e+03,-2.952251696887e+04,0.000000000000e+00,0.000000000000e+00,5.503204445495e-03,5.998492845589e-01,0.000000000000e+00,0.000000000000e+00,2.826425246258e+02,2.813230285645e+02,5.953703703703e-01,2.388888888889e-01,3.746804286954e+03,5.548499596751e+04,1.090000000000e+02
3.136000000000e+03,1.034396495142e+08,2.815317517002e+01,4.165518746907e-01,1.738925172521e-07,3.930312442328e+02,9.010368271130e-04,9.821301415531e-02,-9.813481117686e-02,5.662407733464e+03,-2.482220924960e+04,0.000000000000e+00,0.000000000000e+00,5.041089901400e-03,5.494787992526e-01,0.000000000000e+00,0.000000000000e+00,2.821436732729e+02,2.810931091309e+02,6.020370370369e-01,2.058333333333e-01,5.662407733464e+03,5.548753832497e+04,1.090000000000e+02
3.137000000000e+03,1.034331730402e+08,2.437447250424e+01,4.165552541202e-01,1.736661647255e-07,3.935438304397e+02,8.643903343416e-04,9.421854644324e-02,-9.415398376461e-02,4.470049206833e+03,1.252011962585e+03,0.000000000000e+00,0.000000000000e+00,5.320273251795e-04,5.799097844457e-02,0.000000000000e+00,0.000000000000e+00,2.820528464353e+02,2.810392150879e+02,6.076851851851e-01,2.215740740741e-01,4.470049206833e+03,5.548798876417e+04,1.090000000000e+02
3.138000000000e+03,1.034288401576e+08,2.317373794653e+01,4.165605008503e-01,1.734412330913e-07,3.940545183351e+02,7.883525157460e-04,8.593042421631e-02,-8.587504760669e-02,3.794835364335e+03,-4.322404407398e+02,0.000000000000e+00,0.000000000000e+00,6.991954445933e-04,7.621230346067e-02,0.000000000000e+00,0.000000000000e+00,2.819107537979e+02,2.811347045898e+02,6.126851851851e-01,2.319444444444e-01,3.794835364335e+03,5.548868511884e+04,1.090000000000e+02
3.139000000000e+03,1.034435347447e+08,2.968813610781e+01,4.165501084637e-01,1.732177062890e-07,3.945633243736e+02,7.786080913503e-04,8.486828195718e-02,-8.480941333686e-02,4.486762125723e+03,-1.940054824474e+04,0.000000000000e+00,0.000000000000e+00,3.951121330937e-03,4.306722250721e-01,0.000000000000e+00,0.000000000000e+00,2.821908836545e+02,2.814194335938e+02,6.196296296295e-01,2.072222222222e-01,4.486762125723e+03,5.548730298255e+04,1.090000000000e+02
3.140000000000e+03,1.034524220084e+08,2.843055902710e+01,4.165761881049e-01,1.729955674911e-07,3.950702647859e+02,8.317985688907e-04,9.066604400909e-02,-9.059813518107e-02,5.796354296906e+03,-1.391452346801e+04,0.000000000000e+00,0.000000000000e+00,3.259351713838e-03,3.552693368084e-01,0.000000000000e+00,0.000000000000e+00,2.814722095991e+02,2.805650024414e+02,6.236111111110e-01,1.935185185185e-01,5.796354296906e+03,5.549076382318e+04,1.090000000000e+02
3.141000000000e+03,1.034447279828e+08,2.523602601649e+01,4.165798763709e-01,1.727748051536e-07,3.955753555836e+02,7.616331617666e-04,8.301801463256e-02,-8.296144674331e-02,4.626034265321e+03,3.090361477698e+03,0.000000000000e+00,0.000000000000e+00,2.538767397229e-04,2.767256462980e-02,0.000000000000e+00,0.000000000000e+00,2.813653246107e+02,2.805459594727e+02,6.300925925925e-01,2.100000000000e-01,4.626034265321e+03,5.549125561034e+04,1.090000000000e+02
3.142000000000e+03,1.034374824796e+08,2.280608281413e+01,4.165853971118e-01,1.725554003718e-07,3.960786125628e+02,7.520272451065e-04,8.197096971661e-02,-8.191791581244e-02,3.885736186085e+03,2.699696117162e+03,0.000000000000e+00,0.000000000000e+00,1.961648171593e-04,2.138196507036e-02,0.000000000000e+00,0.000000000000e+00,2.812019650895e+02,2.801643371582e+02,6.336111111110e-01,2.259259259259e-01,3.885736186085e+03,5.549199398168e+04,1.090000000000e+02
3.143000000000e+03,1.034318786118e+08,2.183642874594e+01,4.165787919851e-01,1.723373393802e-07,3.965800513080e+02,7.559821371887e-04,8.240205295357e-02,-8.235035915712e-02,3.424400122545e+03,1.034072563174e+03,0.000000000000e+00,0.000000000000e+00,3.954967208030e-04,4.310914256753e-02,0.000000000000e+00,0.000000000000e+00,2.813951789602e+02,2.803503723145e+02,6.399074074073e-01,2.379629629629e-01,3.424400122545e+03,5.549111915796e+04,1.090000000000e+02
3.144000000000e+03,1.034654103711e+08,3.699612745616e+01,4.165999258594e-01,1.721206072307e-07,3.970796871962e+02,7.150937426793e-04,7.794521795204e-02,-7.788707907596e-02,5.215389570512e+03,-3.785394443932e+04,0.000000000000e+00,0.000000000000e+00,7.123427984387e-03,7.764536502982e-01,0.000000000000e+00,0.000000000000e+00,2.807593273949e+02,2.799125366211e+02,6.431481481480e-01,1.782407407407e-01,5.215389570512e+03,5.549391748633e+04,1.090000000000e+02
3.145000000000e+03,1.034898284552e+08,4.028041399188e+01,4.166034877638e-01,1.719051890034e-07,3.975775354005e+02,7.807049972588e-04,8.509684470121e-02,-8.502082935705e-02,1.011972385519e+04,-2.913629254908e+04,0.000000000000e+00,0.000000000000e+00,6.491048135629e-03,7.075242467835e-01,0.000000000000e+00,0.000000000000e+00,2.806472214128e+02,2.800462036133e+02,6.491666666666e-01,1.339814814815e-01,1.011972385519e+04,5.549438433903e+04,1.090000000000e+02
3.146000000000e+03,1.034797314376e+08,3.358646759110e+01,4.166183602524e-01,1.716910721360e-07,3.980736108938e+02,7.519763628347e-04,8.196542354898e-02,-8.190017887116e-02,7.850229448744e+03,5.551903923106e+03,0.000000000000e+00,0.000000000000e+00,3.794380831571e-04,4.135875106412e-02,0.000000000000e+00,0.000000000000e+00,2.801527396766e+02,2.794725646973e+02,6.525000000000e-01,1.565740740740e-01,7.850229448744e+03,5.549636281820e+04,1.090000000000e+02
3.147000000000e+03,1.034757320827e+08,3.156385668326e+01,4.166267690258e-01,1.714782417742e-07,3.985679284523e+02,6.932488837636e-04,7.556412833023e-02,-7.550672700522e-02,6.471156914920e+03,-1.910653713674e+02,0.000000000000e+00,0.000000000000e+00,1.101532522529e-03,1.200670449556e-01,0.000000000000e+00,0.000000000000e+00,2.798540814535e+02,2.790285949707e+02,6.572222222222e-01,1.663888888889e-01,6.471156914920e+03,5.549748204447e+04,1.090000000000e+02
3.148000000000e+03,1.034740052224e+08,3.029733585250e+01,4.166361857350e-01,1.712666841463e-07,3.990605026593e+02,6.516626054642e-04,7.103122399559e-02,-7.097831170603e-02,5.980281968932e+03,-2.212334358013e+03,0.000000000000e+00,0.000000000000e+00,1.354579554755e-03,1.476491714683e-01,0.000000000000e+00,0.000000000000e+00,2.794995162433e+02,2.787380981445e+02,6.613888888889e-01,1.719444444444e-01,5.980281968932e+03,5.549873419379e+04,1.090000000000e+02
3.149000000000e+03,1.034870297980e+08,3.686331056787e+01,4.166436477830e-01,1.710564016318e-07,3.995513479082e+02,6.696634807205e-04,7.299331939854e-02,-7.293650729055e-02,6.612722681431e+03,-1.707250367651e+04,0.000000000000e+00,0.000000000000e+00,3.916888895002e-03,4.269408895552e-01,0.000000000000e+00,0.000000000000e+00,2.792006905710e+02,2.783651733398e+02,6.629629629629e-01,1.488888888889e-01,6.612722681431e+03,5.549972105409e+04,1.090000000000e+02
3.150000000000e+03,1.034942518850e+08,3.669358464561e+01,4.166553437488e-01,1.708473660811e-07,4.000404784062e+02,7.010151341376e-04,7.641064962100e-02,-7.634649046500e-02,8.717534691553e+03,-1.145938387339e+04,0.000000000000e+00,0.000000000000e+00,3.335845224460e-03,3.636071294661e-01,0.000000000000e+00,0.000000000000e+00,2.786887109831e+02,2.781217346191e+02,6.670370370370e-01,1.375000000000e-01,8.717534691553e+03,5.550126785341e+04,1.090000000000e+02
3.151000000000e+03,1.034847945941e+08,3.159754631375e+01,4.166626328287e-01,1.706395452258e-07,4.005279081774e+02,6.189951295288e-04,6.747046911864e-02,-6.741886045771e-02,6.980983953677e+03,5.715411616919e+03,0.000000000000e+00,0.000000000000e+00,2.088260237501e-04,2.276203658876e-02,0.000000000000e+00,0.000000000000e+00,2.783295508212e+02,2.777251586914e+02,6.702777777777e-01,1.574074074074e-01,6.980983953677e+03,5.550223836780e+04,1.090000000000e+02
3.152000000000e+03,1.034764020848e+08,2.835428890796e+01,4.166543555882e-01,1.704329438495e-07,4.010136510663e+02,6.166832420282e-04,6.721847338107e-02,-6.717132166696e-02,5.613657049282e+03,4.664375158740e+03,0.000000000000e+00,0.000000000000e+00,1.568088862439e-04,1.709216860059e-02,0.000000000000e+00,0.000000000000e+00,2.787331306344e+02,2.779897155762e+02,6.718518518518e-01,1.744444444444e-01,5.613657049282e+03,5.550114128330e+04,1.090000000000e+02
3.153000000000e+03,1.034708389303e+08,2.682285979868e+01,4.166636348440e-01,1.702275489038e-07,4.014977207403e+02,6.181062258210e-04,6.737357861449e-02,-6.732834697986e-02,4.899047969240e+03,1.826297152731e+03,0.000000000000e+00,0.000000000000e+00,5.080771990951e-04,5.538041470137e-02,0.000000000000e+00,0.000000000000e+00,2.782756754201e+02,2.776170043945e+02,6.727777777777e-01,1.862962962963e-01,4.899047969240e+03,5.550237530744e+04,1.090000000000e+02
3.154000000000e+03,1.034659825461e+08,2.526661620364e+01,4.166675437744e-01,1.700233483519e-07,4.019801306936e+02,5.704202465677e-04,6.217580687588e-02,-6.213531198340e-02,4.479881301037e+03,1.407697038646e+03,0.000000000000e+00,0.000000000000e+00,5.079298742967e-04,5.536435629834e-02,0.000000000000e+00,0.000000000000e+00,2.780628722312e+02,2.773967285156e+02,6.750925925926e-01,1.967592592592e-01,4.479881301037e+03,5.550289514476e+04,1.090000000000e+02
3.155000000000e+03,1.034609035014e+08,2.412518667545e+01,4.166662880876e-01,1.698203295325e-07,4.024608942493e+02,5.212414383535e-04,5.681531678053e-02,-5.677967362850e-02,4.086257317695e+03,1.927603301673e+03,0.000000000000e+00,0.000000000000e+00,3.569508546443e-04,3.890764315623e-02,0.000000000000e+00,0.000000000000e+00,2.781329731206e+02,2.774201660156e+02,6.777777777777e-01,2.065740740741e-01,4.086257317695e+03,5.550272843033e+04,1.090000000000e+02
3.156000000000e+03,1.034555909755e+08,2.283660649210e+01,4.166693274143e-01,1.696184802895e-07,4.029400245632e+02,4.848063542661e-04,5.284389261501e-02,-5.281149731793e-02,3.760164354318e+03,2.381323021538e+03,0.000000000000e+00,0.000000000000e+00,2.279976858422e-04,2.485174775680e-02,0.000000000000e+00,0.000000000000e+00,2.779608174571e+02,2.773899841309e+02,6.794444444444e-01,2.168518518518e-01,3.760164354318e+03,5.550313258530e+04,1.090000000000e+02
3.157000000000e+03,1.035440612150e+08,7.035368454287e+03,4.166709040481e-01,1.694177883772e-07,4.034175346261e+02,5.900099959043e-04,6.431108955357e-02,-6.163456536906e-02,8.158803885549e+04,-9.189116345614e+04,0.000000000000e+00,0.000000000000e+00,2.985861476044e-02,3.254589008888e+00,0.000000000000e+00,0.000000000000e+00,2.778716019135e+02,2.776781311035e+02,6.811111111111e-01,1.916666666669e-02,8.158803885549e+04,5.550333235898e+04,1.090000000000e+02
3.158000000000e+03,1.035513545133e+08,1.458738967529e+03,4.166843190390e-01,1.692182422417e-07,4.038934372668e+02,7.395331147159e-04,8.060910950403e-02,-7.340144000993e-02,1.744522784705e+05,-1.136739669057e+04,0.000000000000e+00,0.000000000000e+00,2.985868847718e-02,3.254597044013e+00,0.000000000000e+00,0.000000000000e+00,2.768871555514e+02,2.766098327637e+02,6.822222222222e-01,1.250000000001e-02,1.744522784705e+05,5.550511241308e+04,1.090000000000e+02
3.159000000000e+03,1.035405560580e+08,5.183875609999e+01,4.166859353497e-01,1.690198300067e-07,4.043677451546e+02,6.810064153592e-04,7.422969927416e-02,-7.392576285358e-02,1.147454158801e+04,6.695186617680e+03,0.000000000000e+00,0.000000000000e+00,5.602122553789e-04,6.106313583630e-02,0.000000000000e+00,0.000000000000e+00,2.767219615664e+02,2.765415649414e+02,6.829629629629e-01,5.861111111110e-02,1.147454158801e+04,5.550532906661e+04,1.090000000000e+02
3.160000000000e+03,1.035554084397e+08,9.440077582547e+03,4.166877034703e-01,1.688225404042e-07,4.048404708027e+02,6.713979267338e-04,7.318237401398e-02,-6.642081059718e-02,2.355254720087e+05,-1.853909430075e+04,0.000000000000e+00,0.000000000000e+00,4.360722571295e-02,4.753187602712e+00,0.000000000000e+00,0.000000000000e+00,2.765203587146e+02,2.764434814453e+02,6.838888888888e-01,9.259259259014e-05,2.355254720087e+05,5.550556510451e+04,1.090000000000e+02
3.161000000000e+03,1.035548829262e+08,1.998692556469e+03,4.166913624604e-01,1.686263701005e-07,4.053116265697e+02,6.177260014813e-04,6.733213416146e-02,-5.981036596616e-02,2.682273849129e+05,-2.794298957996e+03,0.000000000000e+00,0.000000000000e+00,4.363508531718e-02,4.756224299573e+00,0.000000000000e+00,0.000000000000e+00,2.759117818483e+02,2.759356079102e+02,6.839814814814e-01,7.777777777803e-03,2.682273849129e+05,5.550604907010e+04,1.090000000000e+02
3.162000000000e+03,1.035448938315e+08,7.582806681027e+01,4.166923389919e-01,1.684312911926e-07,4.057812246635e+02,5.918652517169e-04,6.451331243714e-02,-6.410708519111e-02,1.294581672645e+04,6.430759040777e+03,0.000000000000e+00,0.000000000000e+00,7.627461944190e-04,8.313933519167e-02,0.000000000000e+00,0.000000000000e+00,2.755107389836e+02,2.754302673340e+02,6.837962962962e-01,5.240740740740e-02,1.294581672645e+04,5.550617984550e+04,1.090000000000e+02
3.163000000000e+03,1.035388792632e+08,5.182447290742e+01,4.166913191416e-01,1.682373013390e-07,4.062492771425e+02,5.841792268619e-04,6.367553572795e-02,-6.361639062874e-02,8.334364613855e+03,2.483468291134e+03,0.000000000000e+00,0.000000000000e+00,9.636389335564e-04,1.050366437576e-01,0.000000000000e+00,0.000000000000e+00,2.759170619450e+02,2.757243041992e+02,6.824999999999e-01,6.814814814813e-02,8.334364613855e+03,5.550604419517e+04,1.090000000000e+02
3.164000000000e+03,1.035433408083e+08,4.004711216386e+02,4.166923176358e-01,1.680443869254e-07,4.067157959192e+02,5.623645415888e-04,6.129773503318e-02,-6.115190424935e-02,1.014186879559e+04,-7.855850024302e+03,0.000000000000e+00,0.000000000000e+00,3.033710738633e-03,3.306744705110e-01,0.000000000000e+00,0.000000000000e+00,2.755152438070e+02,2.753952331543e+02,6.818518518518e-01,4.768518518521e-02,1.014186879559e+04,5.550617805546e+04,1.090000000000e+02
3.165000000000e+03,1.035418162433e+08,1.579311657197e+02,4.166917590203e-01,1.678525426421e-07,4.071807927618e+02,5.186178605648e-04,5.652934680157e-02,-5.606727921140e-02,1.451773870474e+04,-1.587516149705e+03,0.000000000000e+00,0.000000000000e+00,2.626101114841e-03,2.862450215176e-01,0.000000000000e+00,0.000000000000e+00,2.757872840605e+02,2.759801940918e+02,6.810185185185e-01,5.500000000000e-02,1.451773870474e+04,5.550610366349e+04,1.090000000000e+02
3.166000000000e+03,1.035322902415e+08,3.687725004906e+01,4.166918500416e-01,1.676617549934e-07,4.076442792970e+02,5.142556398150e-04,5.605386473984e-02,-5.597062116786e-02,9.256698707856e+03,6.419289608094e+03,0.000000000000e+00,0.000000000000e+00,4.497356501536e-04,4.902118586674e-02,0.000000000000e+00,0.000000000000e+00,2.757550412219e+02,2.755638122559e+02,6.795370370370e-01,8.333333333331e-02,9.256698707856e+03,5.550611610415e+04,1.090000000000e+02
3.167000000000e+03,1.035224792771e+08,3.376638823775e+01,4.166923620059e-01,1.674720138092e-07,4.081062670122e+02,4.753792054963e-04,5.181633339909e-02,-5.178008994756e-02,7.465076795232e+03,6.936849419442e+03,0.000000000000e+00,0.000000000000e+00,8.712612951768e-05,9.496748117427e-03,0.000000000000e+00,0.000000000000e+00,2.752600539739e+02,2.752113037109e+02,6.787962962963e-01,1.046296296296e-01,7.465076795232e+03,5.550618376777e+04,1.090000000000e+02
3.168000000000e+03,1.035140308623e+08,3.142732922104e+01,4.166924004688e-01,1.672833087983e-07,4.085667672578e+02,4.174310728315e-04,4.549998693863e-02,-4.546897947634e-02,6.532601274272e+03,5.924604993065e+03,0.000000000000e+00,0.000000000000e+00,1.003902298739e-04,1.094253505625e-02,0.000000000000e+00,0.000000000000e+00,2.753392430781e+02,2.754689636230e+02,6.777777777777e-01,1.212037037037e-01,6.532601274272e+03,5.550618893611e+04,1.090000000000e+02
3.169000000000e+03,1.035351596665e+08,6.886797936209e+02,4.166916490185e-01,1.670956330522e-07,4.090257912493e+02,4.086353114774e-04,4.454124895104e-02,-4.446391825273e-02,8.665563797337e+03,-2.359681627473e+04,0.000000000000e+00,0.000000000000e+00,5.441818648647e-03,5.931582327025e-01,0.000000000000e+00,0.000000000000e+00,2.749109056646e+02,2.750495300293e+02,6.758333333333e-01,6.750000000002e-02,8.665563797337e+03,5.550608750432e+04,1.090000000000e+02
3.170000000000e+03,1.035482703740e+08,2.226726046000e+03,4.166886111727e-01,1.669089699649e-07,4.094833500696e+02,4.319882202526e-04,4.708671600753e-02,-4.546657450343e-02,3.909948146729e+04,-1.563436787185e+04,0.000000000000e+00,0.000000000000e+00,9.315780828694e-03,1.015420110328e+00,0.000000000000e+00,0.000000000000e+00,2.743554772209e+02,2.745464477539e+02,6.746296296296e-01,2.712962962969e-02,3.909948146729e+04,5.550568394864e+04,1.090000000000e+02
3.171000000000e+03,1.035461903187e+08,2.213324656817e+02,4.166838592642e-01,1.667233138637e-07,4.099394546712e+02,4.046017710928e-04,4.410159304912e-02,-4.310374326856e-02,2.570904591887e+04,-3.124372586029e+02,0.000000000000e+00,0.000000000000e+00,3.978691543659e-03,4.336773782589e-01,0.000000000000e+00,0.000000000000e+00,2.738584286813e+02,2.740815124512e+02,6.724074074074e-01,4.509259259260e-02,2.570904591887e+04,5.550505152570e+04,1.090000000000e+02
3.172000000000e+03,1.035357682679e+08,3.589274677557e+01,4.166855387295e-01,1.665386538664e-07,4.103941158781e+02,3.350188707566e-04,3.651705691247e-02,-3.646078750230e-02,8.800830727259e+03,8.398289232972e+03,0.000000000000e+00,0.000000000000e+00,3.640043260801e-05,3.967647154273e-03,0.000000000000e+00,0.000000000000e+00,2.740109353277e+02,2.743074951172e+02,6.662962962963e-01,7.787037037035e-02,8.800830727259e+03,5.550527365433e+04,1.090000000000e+02
3.173000000000e+03,1.035269006824e+08,3.403669865858e+01,2.849579829177e+03,4.709980936915e-03,1.000000000000e+02,2.370592659081e-04,2.583945998398e-02,-2.922732569840e-02,7.370496555653e+03,7.245313052468e+03,1.257187031813e-05,1.370333864676e-03,8.010370714727e-06,8.731304079053e-04,4.522220001709e-04,4.929219801862e-02,2.740987202800e+02,2.743923034668e+02,6.611111111111e-01,9.722222222219e-02,7.370496555653e+03,5.550539011652e+04,1.090000000000e+02
3.174000000000e+03,1.035195288772e+08,3.246082091247e+01,9.727847745350e+03,1.607900275265e-02,1.000000000000e+02,-4.123392240404e-05,-4.494497542041e-03,-1.391359671515e-02,6.767255806182e+03,6.599527779743e+03,2.765231822516e-05,3.014102686542e-03,0.000000000000e+00,0.000000000000e+00,9.954834561056e-04,1.085076967155e-01,2.737529970592e+02,2.744028015137e+02,6.546296296296e-01,1.113888888888e-01,6.767255806182e+03,5.550488436085e+04,1.090000000000e+02
3.175000000000e+03,1.035133788277e+08,3.055104894526e+01,1.993772675687e+04,3.210570317157e-02,1.025949603803e+02,-3.068789173756e-04,-3.344980199394e-02,-9.912225130217e-04,6.173842648247e+03,6.095032037074e+03,1.275859857821e-05,1.390687245025e-03,0.000000000000e+00,0.000000000000e+00,1.384373948971e-03,1.508967604378e-01,2.732214481317e+02,2.738864746094e+02,2.046296296296e-02,1.226851851851e-01,6.173842648247e+03,5.550385351910e+04,1.090000000000e+02
3.176000000000e+03,1.035076584136e+08,3.125887633563e+01,3.153881049035e+04,4.654156300872e-02,1.118777600057e+02,-3.449796970241e-04,-3.760278697563e-02,-1.033896835140e-04,5.713967468503e+03,5.714675295894e+03,0.000000000000e+00,0.000000000000e+00,0.000000000000e+00,0.000000000000e+00,1.571638764193e-03,1.713086252970e-01,2.732132454233e+02,2.735253601074e+02,0.000000000000e+00,1.337037037037e-01,5.713967468503e+03,5.550383597761e+04,1.090000000000e+02
3.177000000000e+03,1.035022725195e+08,2.983293906823e+01,4.252023327457e+04,5.869297404380e-02,1.196536098922e+02,-3.678866465511e-04,-4.009964447407e-02,0.000000000000e+00,5.387321027927e+03,5.385895090667e+03,0.000000000000e+00,0.000000000000e+00,0.000000000000e+00,0.000000000000e+00,1.447248603189e-03,1.577500977476e-01,2.732151343039e+02,2.733212890625e+02,0.000000000000e+00,1.433333333333e-01,5.387321027927e+03,5.550384021014e+04,1.090000000000e+02
3.178000000000e+03,1.034971615701e+08,2.913447330290e+01,5.243583047583e+04,6.815448316914e-02,1.271090214235e+02,-3.735546870215e-04,-4.071746088534e-02,0.000000000000e+00,5.111649450931e+03,5.110950985164e+03,0.000000000000e+00,0.000000000000e+00,0.000000000000e+00,0.000000000000e+00,1.265403693856e-03,1.379290026303e-01,2.732125068446e+02,2.729063110352e+02,0.000000000000e+00,1.536111111111e-01,5.111649450931e+03,5.550383432237e+04,1.090000000000e+02
3.179000000000e+03,1.034923300290e+08,2.850042641204e+01,6.331714359753e+04,7.874074055920e-02,1.328730594298e+02,-3.681498582902e-04,-4.012833455363e-02,0.000000000000e+00,4.832176259065e+03,4.831542212164e+03,0.000000000000e+00,0.000000000000e+00,0.000000000000e+00,0.000000000000e+00,1.430439523998e-03,1.559179081158e-01,2.732100193491e+02,2.722380981445e+02,0.000000000000e+00,1.625000000000e-01,4.832176259065e+03,5.550382874058e+04,1.090000000000e+02
3.180000000000e+03,1.034877089556e+08,2.777878775091e+01,7.401032742409e+04,8.838575982143e-02,1.383757226460e+02,-3.617546183542e-04,-3.943125340061e-02,0.000000000000e+00,4.621796026175e+03,4.621074387528e+03,0.000000000000e+00,0.000000000000e+00,0.000000000000e+00,0.000000000000e+00,1.405739891435e-03,1.532256481664e-01,2.732082382501e+02,2.720433349609e+02,0.000000000000e+00,1.719444444444e-01,4.621796026175e+03,5.550382473894e+04,1.090000000000e+02
3.181000000000e+03,1.034832750471e+08,2.739157128258e+01,8.427460745309e+04,9.714983931962e-02,1.433604602367e+02,-3.562303681233e-04,-3.882911012543e-02,0.000000000000e+00,4.434296372374e+03,4.433909155909e+03,0.000000000000e+00,0.000000000000e+00,0.000000000000e+00,0.000000000000e+00,1.340370696022e-03,1.461004058664e-01,2.732039695890e+02,2.718146057129e+02,0.000000000000e+00,1.806481481481e-01,4.434296372374e+03,5.550381513530e+04,1.090000000000e+02
3.182000000000e+03,1.034790268100e+08,2.722905100584e+01,9.457415803822e+04,1.056928020440e-01,1.478830337827e+02,-3.648468764282e-04,-3.976830953068e-02,0.000000000000e+00,4.248399861468e+03,4.248237341203e+03,0.000000000000e+00,0.000000000000e+00,0.000000000000e+00,0.000000000000e+00,1.337585509722e-03,1.457968205597e-01,2.731983208626e+02,2.714259948730e+02,0.000000000000e+00,1.895370370370e-01,4.248399861468e+03,5.550380239564e+04,1.090000000000e+02
3.183000000000e+03,1.034749343043e+08,2.714284602704e+01,1.064476157473e+05,1.161491170961e-01,1.514689396193e+02,-3.673265811089e-04,-4.003859734087e-02,0.000000000000e+00,4.092593555862e+03,4.092507350886e+03,0.000000000000e+00,0.000000000000e+00,0.000000000000e+00,0.000000000000e+00,1.595261245275e-03,1.738834757350e-01,2.731926864220e+02,2.707429199219e+02,0.000000000000e+00,1.981481481481e-01,4.092593555862e+03,5.550378965254e+04,1.090000000000e+02
3.184000000000e+03,1.034709854162e+08,2.692948287944e+01,1.193914064784e+05,1.278159608163e-01,1.543835259538e+02,-3.560887524376e-04,-3.881367401570e-02,0.000000000000e+00,3.949102032623e+03,3.948888669479e+03,0.000000000000e+00,0.000000000000e+00,0.000000000000e+00,0.000000000000e+00,1.783348403779e-03,1.943849760119e-01,2.731890784738e+02,2.704045104980e+02,0.000000000000e+00,2.064814814815e-01,3.949102032623e+03,5.550378147407e+04,1.090000000000e+02
3.185000000000e+03,1.034671846974e+08,2.680901172046e+01,1.323288504933e+05,1.395050355247e-01,1.567778197290e+02,-3.606072284214e-04,-3.930618789793e-02,0.000000000000e+00,3.800839145485e+03,3.800718674347e+03,0.000000000000e+00,0.000000000000e+00,0.000000000000e+00,0.000000000000e+00,1.777847078564e-03,1.937853315635e-01,2.731859750680e+02,2.700735168457e+02,0.000000000000e+00,2.150925925926e-01,3.800839145485e+03,5.550377442804e+04,1.090000000000e+02
3.186000000000e+03,1.034634903440e+08,2.705320429266e+01,1.460261251141e+05,1.511590726124e-01,1.596694060592e+02,-3.584540995915e-04,-3.907149685547e-02,0.000000000000e+00,3.694108917053e+03,3.694353109599e+03,0.000000000000e+00,0.000000000000e+00,0.000000000000e+00,0.000000000000e+00,1.905596550955e-03,2.077100240541e-01,2.731807568844e+02,2.694647521973e+02,0.000000000000e+00,2.232407407407e-01,3.694108917053e+03,5.550376255621e+04,1.090000000000e+02
3.187000000000e+03,1.034598783445e+08,2.771245162903e+01,1.576594708889e+05,1.589296060554e-01,1.639625058332e+02,-3.456920148480e-04,-3.768042961843e-02,0.000000000000e+00,3.611340433871e+03,3.611999681210e+03,0.000000000000e+00,0.000000000000e+00,0.000000000000e+00,0.000000000000e+00,1.577219597226e-03,1.719169360977e-01,2.731734055826e+02,2.685157775879e+02,0.000000000000e+00,2.319444444444e-01,3.611340433871e+03,5.550374577940e+04,1.090000000000e+02
3.188000000000e+03,1.034563514198e+08,2.828784400408e+01,1.677614654226e+05,1.656099561665e-01,1.674318495409e+02,-3.256489525344e-04,-3.549573582625e-02,0.000000000000e+00,3.526350324646e+03,3.526925717025e+03,0.000000000000e+00,0.000000000000e+00,0.000000000000e+00,0.000000000000e+00,1.344136161343e-03,1.465108415863e-01,2.731674927787e+02,2.681567382813e+02,0.000000000000e+00,2.402777777778e-01,3.526350324646e+03,5.550373224094e+04,1.090000000000e+02
3.189000000000e+03,1.034529130374e+08,2.890986586890e+01,1.801542521602e+05,1.754472808428e-01,1.697199198405e+02,-3.173002829164e-04,-3.458573083789e-02,0.000000000000e+00,3.437761062169e+03,3.438383084041e+03,0.000000000000e+00,0.000000000000e+00,0.000000000000e+00,0.000000000000e+00,1.731132790037e-03,1.886934741140e-01,2.731616776422e+02,2.678457641602e+02,0.000000000000e+00,2.487962962963e-01,3.437761062169e+03,5.550371888785e+04,1.090000000000e+02
3.190000000000e+03,1.034495474557e+08,2.992619262683e+01,1.924503594687e+05,1.842749949087e-01,1.726193402129e+02,-3.122137700449e-04,-3.403130093489e-02,0.000000000000e+00,3.364565926572e+03,3.365582253356e+03,0.000000000000e+00,0.000000000000e+00,0.000000000000e+00,0.000000000000e+00,1.720241939165e-03,1.875063713690e-01,2.731543521432e+02,2.672311096191e+02,0.000000000000e+00,2.571296296296e-01,3.364565926572e+03,5.550370201325e+04,1.090000000000e+02
3.191000000000e+03,1.034462418327e+08,3.080833472187e+01,2.029906563107e+05,1.910850268482e-01,1.755853299786e+02,-3.058388682820e-04,-3.333643664273e-02,0.000000000000e+00,3.304739661977e+03,3.305621804070e+03,0.000000000000e+00,0.000000000000e+00,0.000000000000e+00,0.000000000000e+00,1.436394384764e-03,1.565669879393e-01,2.731488427427e+02,2.670113830566e+02,0.000000000000e+00,2.659259259259e-01,3.304739661977e+03,5.550368928248e+04,1.090000000000e+02
3.192000000000e+03,1.034429891615e+08,3.151967934677e+01,2.135048296143e+05,1.977354934845e-01,1.784692208228e+02,-3.017353158296e-04,-3.288914942542e-02,0.000000000000e+00,3.251960208094e+03,3.252671552714e+03,0.000000000000e+00,0.000000000000e+00,0.000000000000e+00,0.000000000000e+00,1.436178750731e-03,1.565434838297e-01,2.731447578512e+02,2.674907226562e+02,0.000000000000e+00,2.738888888889e-01,3.251960208094e+03,5.550367982112e+04,1.090000000000e+02
3.193000000000e+03,1.034397827654e+08,3.243099245242e+01,2.248212777931e+05,2.054768545835e-01,1.808489560275e+02,-3.074422516166e-04,-3.351120542621e-02,0.000000000000e+00,3.205484752496e+03,3.206396065592e+03,0.000000000000e+00,0.000000000000e+00,0.000000000000e+00,0.000000000000e+00,1.562988630478e-03,1.703657607221e-01,2.731401959424e+02,2.673902587891e+02,0.000000000000e+00,2.824074074074e-01,3.205484752496e+03,5.550366923248e+04,1.090000000000e+02
3.194000000000e+03,1.034366299731e+08,3.350519779662e+01,2.347207181612e+05,2.120362140430e-01,1.829716925874e+02,-2.942058878317e-04,-3.206844177365e-02,0.000000000000e+00,3.151718909278e+03,3.152793114609e+03,0.000000000000e+00,0.000000000000e+00,0.000000000000e+00,0.000000000000e+00,1.342100178192e-03,1.462889194229e-01,2.731353441173e+02,2.672338867188e+02,0.000000000000e+00,2.901851851852e-01,3.151718909278e+03,5.550365794501e+04,1.090000000000e+02
3.195000000000e+03,1.034335182344e+08,3.506488964859e+01,2.431121247245e+05,2.161870175146e-01,1.858747613337e+02,-2.986587073208e-04,-3.255379909797e-02,0.000000000000e+00,3.110178876685e+03,3.111738568542e+03,0.000000000000e+00,0.000000000000e+00,0.000000000000e+00,0.000000000000e+00,1.088384320269e-03,1.186338909093e-01,2.731291619063e+02,2.668755798340e+02,0.000000000000e+00,2.987962962963e-01,3.110178876685e+03,5.550364352475e+04,1.090000000000e+02
3.196000000000e+03,1.034304414729e+08,3.633111174760e+01,2.564844496191e+05,2.259226987698e-01,1.876486603368e+02,-3.101941224482e-04,-3.381115934685e-02,0.000000000000e+00,3.075495283057e+03,3.076761505165e+03,0.000000000000e+00,0.000000000000e+00,0.000000000000e+00,0.000000000000e+00,1.900153289114e-03,2.071167085134e-01,2.731246149755e+02,2.667943420410e+02,0.000000000000e+00,3.074074074074e-01,3.075495283057e+03,5.550363289118e+04,1.090000000000e+02
3.197000000000e+03,1.034273970547e+08,3.812369054408e+01,2.703481207071e+05,2.358855548404e-01,1.894380132940e+02,-3.205142588967e-04,-3.493605421974e-02,0.000000000000e+00,3.042625327604e+03,3.044417906393e+03,0.000000000000e+00,0.000000000000e+00,0.000000000000e+00,0.000000000000e+00,1.971052383709e-03,2.148447098243e-01,2.731185162015e+02,2.665367736816e+02,0.000000000000e+00,3.142592592592e-01,3.042625327604e+03,5.550361859247e+04,1.090000000000e+02
3.198000000000e+03,1.034243879450e+08,4.110287166249e+01,2.821553859833e+05,2.438190718992e-01,1.912786612244e+02,-2.983553610862e-04,-3.252073435839e-02,0.000000000000e+00,3.006130312863e+03,3.009109493966e+03,0.000000000000e+00,0.000000000000e+00,0.000000000000e+00,0.000000000000e+00,1.653309160776e-03,1.802106985246e-01,2.731102487502e+02,2.658544006348e+02,0.000000000000e+00,3.229629629629e-01,3.006130312863e+03,5.550359914284e+04,1.090000000000e+02
3.199000000000e+03,1.034214126283e+08,4.579501921970e+01,2.933735143478e+05,2.505281131063e-01,1.935579450768e+02,-2.844905737778e-04,-3.100947254178e-02,0.000000000000e+00,2.970624300071e+03,2.975316447634e+03,0.000000000000e+00,0.000000000000e+00,0.000000000000e+00,0.000000000000e+00,1.569801077128e-03,1.711083174070e-01,2.730993355256e+02,2.650914611816e+02,0.000000000000e+00,3.312037037037e-01,2.970624300071e+03,5.550357335133e+04,1.090000000000e+02
3.200000000000e+03,1.034184697554e+08,5.137160972379e+01,3.028579010031e+05,2.555134462162e-01,1.959170933696e+02,-2.717255622359e-04,-2.961808628372e-02,0.000000000000e+00,2.937297220775e+03,2.942873811263e+03,0.000000000000e+00,0.000000000000e+00,0.000000000000e+00,0.000000000000e+00,1.295992122818e-03,1.412631413872e-01,2.730892162115e+02,2.644819641113e+02,0.000000000000e+00,3.400925925926e-01,2.937297220775e+03,5.550354931590e+04,1.090000000000e+02
3.201000000000e+03,1.034155540125e+08,5.721572118195e+01,3.119279621589e+05,2.598185800342e-01,1.984411912069e+02,-2.535765027991e-04,-2.763983880511e-02,0.000000000000e+00,2.909899768498e+03,2.915743879966e+03,0.000000000000e+00,0.000000000000e+00,0.000000000000e+00,0.000000000000e+00,1.245655600893e-03,1.357764604973e-01,2.730805312248e+02,2.644597473145e+02,0.000000000000e+00,3.490740740741e-01,2.909899768498e+03,5.550352859488e+04,1.090000000000e+02
3.202000000000e+03,1.034126604824e+08,6.299641991315e+01,3.221602533271e+05,2.657889183776e-01,2.003472047183e+02,-2.616380030069e-04,-2.851854232775e-02,0.000000000000e+00,2.887751186344e+03,2.893531885076e+03,0.000000000000e+00,0.000000000000e+00,0.000000000000e+00,0.000000000000e+00,1.429696994533e-03,1.558369724041e-01,2.730734406724e+02,2.643859558105e+02,0.000000000000e+00,3.576851851852e-01,2.887751186344e+03,5.550351161447e+04,1.090000000000e+02
3.203000000000e+03,1.034097899939e+08,7.127946133665e+01,3.324419371668e+05,2.715990572328e-01,2.023188196355e+02,-2.656825283875e-04,-2.895939559424e-02,0.000000000000e+00,2.862205172967e+03,2.870488214390e+03,0.000000000000e+00,0.000000000000e+00,0.000000000000e+00,0.000000000000e+00,1.433832008885e-03,1.562876889684e-01,2.730615804969e+02,2.635574340820e+02,0.000000000000e+00,3.661111111111e-01,2.862205172967e+03,5.550348308608e+04,1.090000000000e+02
3.204000000000e+03,1.034069482466e+08,8.337898526203e+01,3.409918360808e+05,2.761781958738e-01,2.040815930005e+02,-2.461858360983e-04,-2.683425613471e-02,0.000000000000e+00,2.829647749781e+03,2.841747273717e+03,0.000000000000e+00,0.000000000000e+00,0.000000000000e+00,0.000000000000e+00,1.167081308671e-03,1.272118626451e-01,2.730484228291e+02,2.634318237305e+02,0.000000000000e+00,3.750000000000e-01,2.829647749781e+03,5.550345125020e+04,1.090000000000e+02
3.205000000000e+03,1.034041312279e+08,9.779486664007e+01,3.496354870245e+05,2.800644666139e-01,2.063513089549e+02,-2.298804089406e-04,-2.505696457453e-02,0.000000000000e+00,2.802602644682e+03,2.817018526063e+03,0.000000000000e+00,0.000000000000e+00,0.000000000000e+00,0.000000000000e+00,1.198883049368e-03,1.306782523811e-01,2.730357696246e+02,2.631764831543e+02,0.000000000000e+00,3.835185185185e-01,2.802602644682e+03,5.550342044859e+04,1.090000000000e+02
3.206000000000e+03,1.034013327542e+08,1.131545457626e+02,3.593475696667e+05,2.852905248929e-01,2.081984652422e+02,-2.256094028641e-04,-2.459142491219e-02,0.000000000000e+00,2.783114758521e+03,2.798474437646e+03,0.000000000000e+00,0.000000000000e+00,0.000000000000e+00,0.000000000000e+00,1.379746465165e-03,1.503923647030e-01,2.730254892911e+02,2.627090454102e+02,0.000000000000e+00,3.929629629630e-01,2.783114758521e+03,5.550339528845e+04,1.090000000000e+02
3.207000000000e+03,1.033985553151e+08,1.345078940015e+02,3.675635768512e+05,2.890453354479e-01,2.101925270099e+02,-2.121021433133e-04,-2.311913362115e-02,0.000000000000e+00,2.756085803675e+03,2.777439151914e+03,0.000000000000e+00,0.000000000000e+00,0.000000000000e+00,0.000000000000e+00,1.146000511142e-03,1.249140557145e-01,2.730043650372e+02,2.621520385742e+02,0.000000000000e+00,4.013888888889e-01,2.756085803675e+03,5.550334321466e+04,1.090000000000e+02
3.208000000000e+03,1.033958090120e+08,1.655352570344e+02,3.744077770446e+05,2.915487666031e-01,2.122682579570e+02,-1.941625150282e-04,-2.116371413807e-02,0.000000000000e+00,2.715276482626e+03,2.746303845659e+03,0.000000000000e+00,0.000000000000e+00,0.000000000000e+00,0.000000000000e+00,9.371995397563e-04,1.021547498334e-01,2.729806962517e+02,2.611498107910e+02,0.000000000000e+00,4.110185185185e-01,2.715276482626e+03,5.550328426684e+04,1.090000000000e+02
3.209000000000e+03,1.033930841385e+08,1.962275496728e+02,3.831861410298e+05,2.959835530202e-01,2.139902501069e+02,-2.101200680935e-04,-2.290308742219e-02,0.000000000000e+00,2.694181257146e+03,2.724873549790e+03,0.000000000000e+00,0.000000000000e+00,0.000000000000e+00,0.000000000000e+00,1.240914376433e-03,1.352596670311e-01,2.729705435774e+02,2.612925415039e+02,0.000000000000e+00,4.194444444444e-01,2.694181257146e+03,5.550325878283e+04,1.090000000000e+02
3.210000000000e+03,1.033903670518e+08,2.282028054746e+02,3.912680137617e+05,2.997199698250e-01,2.157798723453e+02,-2.185994939207e-04,-2.382734483736e-02,0.000000000000e+00,2.685112401455e+03,2.717087657258e+03,0.000000000000e+00,0.000000000000e+00,0.000000000000e+00,0.000000000000e+00,1.117330154923e-03,1.217889868866e-01,2.729533366376e+02,2.609349670410e+02,0.000000000000e+00,4.266666666666e-01,2.685112401455e+03,5.550321532500e+04,1.090000000000e+02
3.211000000000e+03,1.033876666774e+08,2.693262525080e+02,3.978017914660e+05,3.020117794739e-01,2.177187203437e+02,-1.965681220815e-04,-2.142592530688e-02,0.000000000000e+00,2.659251679649e+03,2.700375126688e+03,0.000000000000e+00,0.000000000000e+00,0.000000000000e+00,0.000000000000e+00,8.835002881401e-04,9.630153140727e-02,2.729273272883e+02,2.602474670410e+02,0.000000000000e+00,4.343611111111e-01,2.659251679649e+03,5.550314900037e+04,1.090000000000e+02
3.212000000000e+03,1.033849847038e+08,3.157074436037e+02,4.063335303012e+05,3.062453184229e-01,2.193141505907e+02,-1.882842421035e-04,-2.052298238928e-02,0.000000000000e+00,2.635592865470e+03,2.681974056568e+03,0.000000000000e+00,0.000000000000e+00,0.000000000000e+00,0.000000000000e+00,1.222017706484e-03,1.331999300067e-01,2.729075982425e+02,2.592016906738e+02,0.000000000000e+00,4.417875000000e-01,2.635592865470e+03,5.550309817968e+04,1.090000000000e+02
3.213000000000e+03,1.033823132626e+08,3.652220816749e+02,4.138454856714e+05,3.094767775855e-01,2.210365791521e+02,-1.821807696108e-04,-1.985770388758e-02,0.000000000000e+00,2.621927527827e+03,2.671442165901e+03,0.000000000000e+00,0.000000000000e+00,0.000000000000e+00,0.000000000000e+00,1.059567340904e-03,1.154928401585e-01,2.728868022341e+02,2.587669372559e+02,0.000000000000e+00,4.487703935185e-01,2.621927527827e+03,5.550304412972e+04,1.090000000000e+02
3.214000000000e+03,1.033796524173e+08,4.182661544423e+02,4.200542991237e+05,3.115757062476e-01,2.228416151553e+02,-1.823845361330e-04,-1.987991443850e-02,0.000000000000e+00,2.607801969071e+03,2.660846041839e+03,0.000000000000e+00,0.000000000000e+00,0.000000000000e+00,0.000000000000e+00,8.439595612127e-04,9.199159217218e-02,2.728697191304e+02,2.591825561523e+02,0.000000000000e+00,4.560115972222e-01,2.607801969071e+03,5.550299935593e+04,1.090000000000e+02
3.215000000000e+03,1.033770005108e+08,4.732577593685e+02,4.273800071893e+05,3.147084571956e-01,2.244712236720e+02,-1.890075086835e-04,-2.060181844650e-02,0.000000000000e+00,2.596915795941e+03,2.651907400866e+03,0.000000000000e+00,0.000000000000e+00,0.000000000000e+00,0.000000000000e+00,1.021946345005e-03,1.113921516055e-01,2.728537080385e+02,2.589403686523e+02,0.000000000000e+00,4.619866909722e-01,2.596915795941e+03,5.550295708649e+04,1.090000000000e+02
3.216000000000e+03,1.033743621787e+08,5.336848546791e+02,4.354847137179e+05,3.185744396293e-01,2.259526626639e+02,-1.855903051406e-04,-2.022934326032e-02,0.000000000000e+00,2.577905278720e+03,2.638332374035e+03,0.000000000000e+00,0.000000000000e+00,0.000000000000e+00,0.000000000000e+00,1.154147485609e-03,1.258020759314e-01,2.728301163889e+02,2.588750610352e+02,0.000000000000e+00,4.688867141204e-01,2.577905278720e+03,5.550289426745e+04,1.090000000000e+02
3.217000000000e+03,1.033722717170e+08,6.933547509546e+02,4.427842204148e+05,3.216825250719e-01,2.275206419465e+02,-1.745523905152e-04,-1.902621056616e-02,0.000000000000e+00,1.930791814608e+03,2.090461710885e+03,0.000000000000e+00,0.000000000000e+00,0.000000000000e+00,0.000000000000e+00,1.032059101032e-03,1.124944420124e-01,2.728033134369e+02,2.585750122070e+02,0.000000000000e+00,4.715796377893e-01,1.930791814608e+03,5.550282155506e+04,1.090000000000e+02
3.218000000000e+03,1.033702512044e+08,8.973116428820e+02,4.492081936788e+05,3.240487039280e-01,2.291363301617e+02,-1.729108996086e-04,-1.884728805734e-02,0.000000000000e+00,1.816553878818e+03,2.020510770745e+03,0.000000000000e+00,0.000000000000e+00,0.000000000000e+00,0.000000000000e+00,8.889969223581e-04,9.690066453703e-02,2.727867532842e+02,2.581688537598e+02,0.000000000000e+00,4.749611424190e-01,1.816553878818e+03,5.550277656057e+04,1.090000000000e+02
3.219000000000e+03,1.033680444661e+08,1.060144809129e+03,4.556106135744e+05,3.264095441000e-01,2.307212603484e+02,-1.873477988663e-04,-2.042091007643e-02,0.000000000000e+00,2.043903109426e+03,2.206736275674e+03,0.000000000000e+00,0.000000000000e+00,0.000000000000e+00,0.000000000000e+00,8.709352199051e-04,9.493193896966e-02,2.727876015317e+02,2.584033508301e+02,0.000000000000e+00,4.795688986140e-01,2.043903109426e+03,5.550277889478e+04,1.090000000000e+02
3.220000000000e+03,1.033657684677e+08,1.210186564602e+03,4.619663464136e+05,3.287576521442e-01,2.322690587309e+02,-1.983676786216e-04,-2.162207696976e-02,0.000000000000e+00,2.125956733300e+03,2.275998488773e+03,0.000000000000e+00,0.000000000000e+00,0.000000000000e+00,0.000000000000e+00,8.522361215302e-04,9.289373724680e-02,2.727788670711e+02,2.589501037598e+02,0.000000000000e+00,4.837837365770e-01,2.125956733300e+03,5.550275503305e+04,1.090000000000e+02
3.221000000000e+03,1.033634654202e+08,1.364048976815e+03,4.706058798796e+05,3.331746800750e-01,2.334762590423e+02,-1.908774026782e-04,-2.080563689193e-02,0.000000000000e+00,2.149187562599e+03,2.303049974813e+03,0.000000000000e+00,0.000000000000e+00,0.000000000000e+00,0.000000000000e+00,1.237266559003e-03,1.348620549313e-01,2.727601461868e+02,2.585108337402e+02,0.000000000000e+00,4.887973435447e-01,2.149187562599e+03,5.550270356986e+04,1.090000000000e+02
3.222000000000e+03,1.033612512915e+08,1.508146454122e+03,4.796889916094e+05,3.379070189821e-01,2.346497144622e+02,-1.868403070191e-04,-2.036559346509e-02,0.000000000000e+00,2.070032962900e+03,2.214130440208e+03,0.000000000000e+00,0.000000000000e+00,0.000000000000e+00,0.000000000000e+00,1.314563175789e-03,1.432873861610e-01,2.727578284549e+02,2.590639648438e+02,0.000000000000e+00,4.920335715540e-01,2.070032962900e+03,5.550269674130e+04,1.090000000000e+02
3.223000000000e+03,1.033593952067e+08,1.870085140217e+03,4.865004878758e+05,3.406624276710e-01,2.360571123468e+02,-1.805122715186e-04,-1.967583759553e-02,0.000000000000e+00,1.494145191780e+03,1.856083877874e+03,0.000000000000e+00,0.000000000000e+00,0.000000000000e+00,0.000000000000e+00,9.454861519818e-04,1.030579905660e-01,2.727352504618e+02,2.579129638672e+02,0.000000000000e+00,4.948207813817e-01,1.494145191780e+03,5.550263373651e+04,1.090000000000e+02
3.224000000000e+03,1.033573617340e+08,2.143644620924e+03,4.922194670026e+05,3.424631396923e-01,2.375764395328e+02,-1.594074598427e-04,-1.737541312286e-02,0.000000000000e+00,1.759913102650e+03,2.033472583356e+03,0.000000000000e+00,0.000000000000e+00,0.000000000000e+00,0.000000000000e+00,7.859771126656e-04,8.567150528055e-02,2.727209511677e+02,2.584201660156e+02,0.000000000000e+00,4.976676575391e-01,1.759913102650e+03,5.550259371623e+04,1.090000000000e+02
3.225000000000e+03,1.033552808116e+08,2.402234523178e+03,4.980462548010e+05,3.444088213497e-01,2.390309753272e+02,-1.454085234673e-04,-1.584952905794e-02,0.000000000000e+00,1.822332195107e+03,2.080922097359e+03,0.000000000000e+00,0.000000000000e+00,0.000000000000e+00,0.000000000000e+00,8.177902115359e-04,8.913913305741e-02,2.727073524498e+02,2.589536132812e+02,0.000000000000e+00,5.027470056359e-01,1.822332195107e+03,5.550255541687e+04,1.090000000000e+02
3.226000000000e+03,1.033531778471e+08,2.657677567096e+03,5.046442322932e+05,3.470204603849e-01,2.403750339258e+02,-1.608930637275e-04,-1.753734394629e-02,0.000000000000e+00,1.847521161550e+03,2.102964205468e+03,0.000000000000e+00,0.000000000000e+00,0.000000000000e+00,0.000000000000e+00,9.297869054977e-04,1.013467726992e-01,2.726937204243e+02,2.585171508789e+02,0.000000000000e+00,5.073117117123e-01,1.847521161550e+03,5.550251679201e+04,1.090000000000e+02
3.227000000000e+03,1.033512010856e+08,3.076538054698e+03,5.109570921037e+05,3.493942178766e-01,2.417288105094e+02,-1.620000968946e-04,-1.765801056151e-02,0.000000000000e+00,1.557900895553e+03,1.976761383154e+03,0.000000000000e+00,0.000000000000e+00,0.000000000000e+00,0.000000000000e+00,8.815888621547e-04,9.609318597487e-02,2.726707533017e+02,2.571536254883e+02,0.000000000000e+00,5.106556699252e-01,1.557900895553e+03,5.550245020828e+04,1.090000000000e+02
3.228000000000e+03,1.033492224109e+08,3.506161758835e+03,5.170694020146e+05,3.516403319856e-01,2.430585069648e+02,-1.343214550862e-04,-1.464103860440e-02,0.000000000000e+00,1.549050323437e+03,1.978674027577e+03,0.000000000000e+00,0.000000000000e+00,0.000000000000e+00,0.000000000000e+00,8.761994254598e-04,9.550573737511e-02,2.726299648677e+02,2.567618103027e+02,0.000000000000e+00,5.146648204461e-01,1.549050323437e+03,5.550233207759e+04,1.090000000000e+02
3.229000000000e+03,1.033472258716e+08,3.963728642330e+03,5.231802528891e+05,3.538773488602e-01,2.443772262606e+02,-1.201584657696e-04,-1.309727276888e-02,0.000000000000e+00,1.538970832293e+03,1.996537715788e+03,0.000000000000e+00,0.000000000000e+00,0.000000000000e+00,0.000000000000e+00,8.902286225892e-04,9.703491986223e-02,2.725678309572e+02,2.555773773193e+02,0.000000000000e+00,5.204551377994e-01,1.538970832293e+03,5.550214820475e+04,1.090000000000e+02
3.230000000000e+03,1.033452501443e+08,4.482174213531e+03,5.282137781505e+05,3.552238173321e-01,2.457935213363e+02,-1.138915666469e-04,-1.241418076451e-02,0.000000000000e+00,1.457281575339e+03,1.975727146541e+03,0.000000000000e+00,0.000000000000e+00,0.000000000000e+00,0.000000000000e+00,7.182606320647e-04,7.829040889505e-02,2.725434530397e+02,2.548891906738e+02,0.000000000000e+00,5.249554920240e-01,1.457281575339e+03,5.550207294758e+04,1.090000000000e+02
3.231000000000e+03,1.033433470646e+08,5.161327806729e+03,5.324478014734e+05,3.559160513192e-01,2.472821165589e+02,-1.131902751746e-04,-1.233773999403e-02,0.000000000000e+00,1.223926089012e+03,1.903079682204e+03,0.000000000000e+00,0.000000000000e+00,0.000000000000e+00,0.000000000000e+00,5.867662591181e-04,6.395752224388e-02,2.725256233507e+02,2.553917236328e+02,0.000000000000e+00,5.296990501180e-01,1.223926089012e+03,5.550201881082e+04,1.090000000000e+02
3.232000000000e+03,1.033414150557e+08,5.727758447009e+03,5.364993992652e+05,3.565066421702e-01,2.487509826839e+02,-1.087672595568e-04,-1.185563129169e-02,0.000000000000e+00,1.365578263572e+03,1.932008903850e+03,0.000000000000e+00,0.000000000000e+00,0.000000000000e+00,0.000000000000e+00,5.609335676346e-04,6.114175887217e-02,2.725294395554e+02,2.556392517090e+02,0.000000000000e+00,5.339764147733e-01,1.365578263572e+03,5.550203047459e+04,1.090000000000e+02
3.233000000000e+03,1.033394756181e+08,6.246038500828e+03,5.410494061492e+05,3.575465182374e-01,2.501309587588e+02,-9.322361441786e-05,-1.016137397155e-02,0.000000000000e+00,1.421158849258e+03,1.939438903071e+03,0.000000000000e+00,0.000000000000e+00,0.000000000000e+00,0.000000000000e+00,6.588475545531e-04,7.181438344629e-02,2.725357009322e+02,2.564550170898e+02,0.000000000000e+00,5.390551812007e-01,1.421158849258e+03,5.550204956562e+04,1.090000000000e+02
3.234000000000e+03,1.033376493949e+08,6.985323957427e+03,5.467995127521e+05,3.596144594887e-01,2.513356317957e+02,-1.121145089379e-04,-1.222048147423e-02,0.000000000000e+00,1.086937426403e+03,1.826222883000e+03,0.000000000000e+00,0.000000000000e+00,0.000000000000e+00,0.000000000000e+00,8.383673283457e-04,9.138203878968e-02,2.725371249250e+02,2.569036560059e+02,0.000000000000e+00,5.423372725490e-01,1.086937426403e+03,5.550205222869e+04,1.090000000000e+02
3.235000000000e+03,1.033357877142e+08,7.640906105095e+03,5.536400984649e+05,3.625844121042e-01,2.523958790397e+02,-1.475746848954e-04,-1.608564065360e-02,0.000000000000e+00,1.206099946495e+03,1.861682094161e+03,0.000000000000e+00,0.000000000000e+00,0.000000000000e+00,0.000000000000e+00,9.833059413675e-04,1.071803476091e-01,2.725067129344e+02,2.563990478516e+02,0.000000000000e+00,5.478292701716e-01,1.206099946495e+03,5.550195912779e+04,1.090000000000e+02
3.236000000000e+03,1.033339262708e+08,8.347844700138e+03,5.598469823805e+05,3.650239075792e-01,2.535207477899e+02,-1.630754482506e-04,-1.777522385931e-02,0.000000000000e+00,1.154509556938e+03,1.861448151976e+03,0.000000000000e+00,0.000000000000e+00,0.000000000000e+00,0.000000000000e+00,8.632447845036e-04,9.409368151090e-02,2.724415712732e+02,2.548158111572e+02,0.000000000000e+00,5.524963016210e-01,1.154509556938e+03,5.550175584574e+04,1.090000000000e+02
3.237000000000e+03,1.033321586619e+08,9.328018295143e+03,5.654706621486e+05,3.670163158021e-01,2.546781065423e+02,-1.456508338146e-04,-1.587594088579e-02,0.000000000000e+00,7.874341114858e+02,1.767607706488e+03,0.000000000000e+00,0.000000000000e+00,0.000000000000e+00,0.000000000000e+00,7.841570055524e-04,8.547311360521e-02,2.723863226676e+02,2.542895660400e+02,0.000000000000e+00,5.581253864580e-01,7.874341114858e+02,5.550157695740e+04,1.090000000000e+02
3.238000000000e+03,1.033303697887e+08,1.021090010790e+04,5.708800516027e+05,3.688127057771e-01,2.558627530070e+02,-1.229705097790e-04,-1.340378556591e-02,0.000000000000e+00,9.059910587398e+02,1.788872871493e+03,0.000000000000e+00,0.000000000000e+00,0.000000000000e+00,0.000000000000e+00,7.714385544831e-04,8.408680243866e-02,2.723415771376e+02,2.535805053711e+02,0.000000000000e+00,5.631561066287e-01,9.059910587398e+02,5.550143133728e+04,1.090000000000e+02
3.239000000000e+03,1.033286153388e+08,1.120292950383e+04,5.757851022116e+05,3.702304426831e-01,2.570732431687e+02,-1.070414866334e-04,-1.166752204304e-02,0.000000000000e+00,7.624190121476e+02,1.754448408078e+03,0.000000000000e+00,0.000000000000e+00,0.000000000000e+00,0.000000000000e+00,7.038651774172e-04,7.672130433847e-02,2.723239984378e+02,2.533937225342e+02,0.000000000000e+00,5.688104382321e-01,7.624190121476e+02,5.550137048311e+04,1.090000000000e+02
3.240000000000e+03,1.033268806409e+08,1.218393114536e+04,5.814407326467e+05,3.722789250949e-01,2.581701545461e+02,-8.931987987572e-05,-9.735866906454e-03,0.000000000000e+00,7.536974584563e+02,1.734699099983e+03,0.000000000000e+00,0.000000000000e+00,0.000000000000e+00,0.000000000000e+00,8.456335245517e-04,9.217405417613e-02,2.723074168112e+02,2.537482757568e+02,0.000000000000e+00,5.738815983027e-01,7.536974584563e+02,5.550131586858e+04,1.090000000000e+02
3.241000000000e+03,1.033251425922e+08,1.311150464638e+04,5.871176528766e+05,3.743310475254e-01,2.592624018794e+02,-8.624331724994e-05,-9.400521580244e-03,0.000000000000e+00,8.104731217051e+02,1.738046622721e+03,0.000000000000e+00,0.000000000000e+00,0.000000000000e+00,0.000000000000e+00,8.524055836675e-04,9.291220861976e-02,2.722619145214e+02,2.536108703613e+02,0.000000000000e+00,5.797689892334e-01,8.104731217051e+02,5.550116358214e+04,1.090000000000e+02
3.242000000000e+03,1.033234649096e+08,1.427823283520e+04,5.914016304513e+05,3.752927751366e-01,2.604856164983e+02,-1.034671651045e-04,-1.127792099639e-02,0.000000000000e+00,5.109548048435e+02,1.677682993669e+03,0.000000000000e+00,0.000000000000e+00,0.000000000000e+00,0.000000000000e+00,6.049343145573e-04,6.593784028675e-02,2.722194011552e+02,2.532135467529e+02,0.000000000000e+00,5.857882005655e-01,5.109548048435e+02,5.550101565272e+04,1.090000000000e+02
3.243000000000e+03,1.033217764323e+08,1.529858504894e+04,5.958150333267e+05,3.764030841173e-01,2.616556830744e+02,-1.171381133643e-04,-1.276805435671e-02,0.000000000000e+00,6.681272829979e+02,1.688479496741e+03,0.000000000000e+00,0.000000000000e+00,0.000000000000e+00,0.000000000000e+00,6.124974743013e-04,6.676222469884e-02,2.722032368118e+02,2.543534698486e+02,0.000000000000e+00,5.913718082582e-01,6.681272829979e+02,5.550096053734e+04,1.090000000000e+02
3.244000000000e+03,1.033201476898e+08,1.644831748041e+04,6.009147080576e+05,3.780250404429e-01,2.627625722000e+02,-1.239141219795e-04,-1.350663929577e-02,0.000000000000e+00,4.790114581014e+02,1.628743889570e+03,0.000000000000e+00,0.000000000000e+00,0.000000000000e+00,0.000000000000e+00,7.189155595425e-04,7.836179599013e-02,2.722290310480e+02,2.540127410889e+02,0.000000000000e+00,5.973234085246e-01,4.790114581014e+02,5.550104634620e+04,1.090000000000e+02
3.245000000000e+03,1.033185207468e+08,1.751124796338e+04,6.060320636725e+05,3.797019137874e-01,2.638302866877e+02,-1.431736632009e-04,-1.560592928890e-02,0.000000000000e+00,5.640153573332e+02,1.626945840302e+03,0.000000000000e+00,0.000000000000e+00,0.000000000000e+00,0.000000000000e+00,7.028561084038e-04,7.661131581601e-02,2.722075843392e+02,2.534426269531e+02,0.000000000000e+00,6.028144427257e-01,5.640153573332e+02,5.550097322605e+04,1.090000000000e+02
3.246000000000e+03,1.033169104041e+08,1.871714710950e+04,6.119549079656e+05,3.820416916099e-01,2.647781096924e+02,-1.498510014918e-04,-1.633375916260e-02,0.000000000000e+00,4.044443084277e+02,1.610343454549e+03,0.000000000000e+00,0.000000000000e+00,0.000000000000e+00,0.000000000000e+00,8.295600888738e-04,9.042204968724e-02,2.721513881028e+02,2.525922546387e+02,0.000000000000e+00,6.095721692173e-01,4.044443084277e+02,5.550077394045e+04,1.090000000000e+02
3.247000000000e+03,1.033153074958e+08,1.999387386599e+04,6.180812355921e+05,3.845067842384e-01,2.657152077914e+02,-1.287322078730e-04,-1.403181065816e-02,0.000000000000e+00,3.261815924094e+02,1.602908348903e+03,0.000000000000e+00,0.000000000000e+00,0.000000000000e+00,0.000000000000e+00,8.842889430176e-04,9.638749478892e-02,2.721003418239e+02,2.525356140137e+02,0.000000000000e+00,6.173810687378e-01,3.261815924094e+02,5.550059204353e+04,1.090000000000e+02
3.248000000000e+03,1.033137134246e+08,2.131112191496e+04,6.236419215153e+05,3.865458870313e-01,2.666922556637e+02,-1.091110098603e-04,-1.189310007478e-02,0.000000000000e+00,2.768246243566e+02,1.594072673321e+03,0.000000000000e+00,0.000000000000e+00,0.000000000000e+00,0.000000000000e+00,8.103816920873e-04,8.833160443751e-02,2.720556738649e+02,2.526210479736e+02,0.000000000000e+00,6.238390518482e-01,2.768246243566e+02,5.550042837871e+04,1.090000000000e+02
3.249000000000e+03,1.033121389372e+08,2.260530897163e+04,6.283853725092e+05,3.879255841456e-01,2.677651937840e+02,-1.029736235804e-04,-1.122412497026e-02,0.000000000000e+00,2.803003760728e+02,1.574487432742e+03,0.000000000000e+00,0.000000000000e+00,0.000000000000e+00,0.000000000000e+00,6.811991997368e-04,7.425071277131e-02,2.720454983522e+02,2.526845245361e+02,0.000000000000e+00,6.307489726304e-01,2.803003760728e+02,5.550039008535e+04,1.090000000000e+02
3.250000000000e+03,1.033105930083e+08,2.380618657927e+04,6.327431107815e+05,3.890547269819e-01,2.688395047061e+02,-1.071675031592e-04,-1.168125784435e-02,0.000000000000e+00,3.450523684561e+02,1.545929976098e+03,0.000000000000e+00,0.000000000000e+00,0.000000000000e+00,0.000000000000e+00,6.131408269990e-04,6.683235014290e-02,2.720497241440e+02,2.531290130615e+02,0.000000000000e+00,6.376880833090e-01,3.450523684561e+02,5.550040789868e+04,1.090000000000e+02
3.251000000000e+03,1.033090902987e+08,2.508182601303e+04,6.373805128213e+05,3.904070326313e-01,2.698723511259e+02,-1.178836909773e-04,-1.284932231653e-02,0.000000000000e+00,2.270710657559e+02,1.502710499520e+03,0.000000000000e+00,0.000000000000e+00,0.000000000000e+00,0.000000000000e+00,6.488972517866e-04,7.072980044474e-02,2.720199243886e+02,2.527994995117e+02,0.000000000000e+00,6.443800026868e-01,2.270710657559e+02,5.550029697162e+04,1.090000000000e+02
3.252000000000e+03,1.033075964339e+08,2.632726667756e+04,6.423172278711e+05,3.919789623413e-01,2.708730518722e+02,-1.232385090694e-04,-1.343299748857e-02,0.000000000000e+00,2.484242607224e+02,1.493864925251e+03,0.000000000000e+00,0.000000000000e+00,0.000000000000e+00,0.000000000000e+00,6.932339626815e-04,7.556250193228e-02,2.719605044490e+02,2.526025085449e+02,0.000000000000e+00,6.515494480655e-01,2.484242607224e+02,5.550007621180e+04,1.090000000000e+02
3.253000000000e+03,1.033061759145e+08,2.756145305783e+04,6.474771906800e+05,3.937723795538e-01,2.718060538532e+02,-1.319860100342e-04,-1.438647509373e-02,0.000000000000e+00,1.863346658850e+02,1.420521046153e+03,0.000000000000e+00,0.000000000000e+00,0.000000000000e+00,0.000000000000e+00,7.211919552504e-04,7.860992312229e-02,2.719301449265e+02,2.523730163574e+02,0.000000000000e+00,6.587217267619e-01,1.863346658850e+02,5.549996173033e+04,1.090000000000e+02
3.254000000000e+03,1.033047627259e+08,2.879488227311e+04,6.523568107257e+05,3.953020643975e-01,2.727947723557e+02,-1.259331625506e-04,-1.372671471801e-02,0.000000000000e+00,1.797581123184e+02,1.413187327601e+03,0.000000000000e+00,0.000000000000e+00,0.000000000000e+00,0.000000000000e+00,6.806846693222e-04,7.419462895612e-02,2.719300025531e+02,2.532419433594e+02,0.000000000000e+00,6.667462189815e-01,1.797581123184e+02,5.549996081250e+04,1.090000000000e+02
3.255000000000e+03,1.033033556529e+08,3.003542060244e+04,6.569655209129e+05,3.966542713701e-01,2.737870453346e+02,-1.006959284804e-04,-1.097585620436e-02,0.000000000000e+00,1.665346888569e+02,1.407073018191e+03,0.000000000000e+00,0.000000000000e+00,0.000000000000e+00,0.000000000000e+00,6.617663488522e-04,7.213253202488e-02,2.718467285140e+02,2.523300018311e+02,0.000000000000e+00,6.743034068122e-01,1.665346888569e+02,5.549963992927e+04,1.090000000000e+02
3.256000000000e+03,1.033019972292e+08,3.124389432119e+04,6.613344754503e+05,3.978501950935e-01,2.747803833970e+02,-8.937996426548e-05,-9.742416104938e-03,0.000000000000e+00,1.499487469763e+02,1.358422465724e+03,0.000000000000e+00,0.000000000000e+00,0.000000000000e+00,0.000000000000e+00,6.332442121776e-04,6.902361912735e-02,2.717920169735e+02,2.516966857910e+02,0.000000000000e+00,6.820492490239e-01,1.499487469763e+02,5.549942668428e+04,1.090000000000e+02
3.257000000000e+03,1.033006426711e+08,3.243863207160e+04,6.658567565018e+05,3.991772997260e-01,2.757398239376e+02,-1.079259169485e-04,-1.176392494739e-02,0.000000000000e+00,1.598210444598e+02,1.354558794868e+03,0.000000000000e+00,0.000000000000e+00,0.000000000000e+00,0.000000000000e+00,6.397218283244e-04,6.972967928736e-02,2.717802746263e+02,2.519540557861e+02,0.000000000000e+00,6.907080710345e-01,1.598210444598e+02,5.549937976328e+04,1.090000000000e+02
3.258000000000e+03,1.032992935411e+08,3.362632142367e+04,6.698744507480e+05,4.000884373637e-01,2.767723642602e+02,-1.153040481111e-04,-1.256814124411e-02,0.000000000000e+00,1.614406923100e+02,1.349130044375e+03,0.000000000000e+00,0.000000000000e+00,0.000000000000e+00,0.000000000000e+00,5.490436377246e-04,5.984575651198e-02,2.717555824192e+02,2.524174652100e+02,0.000000000000e+00,6.985766086259e-01,1.614406923100e+02,5.549928054926e+04,1.090000000000e+02
3.259000000000e+03,1.032979595347e+08,3.478683292951e+04,6.744204030312e+05,4.014782046611e-01,2.776853582657e+02,-1.227955010640e-04,-1.338470961597e-02,0.000000000000e+00,1.734951309476e+02,1.334006636787e+03,0.000000000000e+00,0.000000000000e+00,0.000000000000e+00,0.000000000000e+00,6.283993175432e-04,6.849552561220e-02,2.717899503882e+02,2.536688690186e+02,0.000000000000e+00,7.068718072036e-01,1.734951309476e+02,5.549941710729e+04,1.090000000000e+02
3.260000000000e+03,1.032966455459e+08,3.591385218905e+04,6.803186087088e+05,4.038534221260e-01,2.784661904444e+02,-1.485439566142e-04,-1.619129127094e-02,0.000000000000e+00,1.869692317983e+02,1.313988491343e+03,0.000000000000e+00,0.000000000000e+00,0.000000000000e+00,0.000000000000e+00,8.263598215411e-04,9.007322054798e-02,2.718021600454e+02,2.541053009033e+02,0.000000000000e+00,7.154286510122e-01,1.869692317983e+02,5.549946519867e+04,1.090000000000e+02
3.261000000000e+03,1.032953458141e+08,3.702957475602e+04,6.861030112227e+05,4.061349679521e-01,2.792564362130e+02,-1.386989571927e-04,-1.511818633401e-02,0.000000000000e+00,1.840100766901e+02,1.299732643657e+03,0.000000000000e+00,0.000000000000e+00,0.000000000000e+00,0.000000000000e+00,8.175807341309e-04,8.911630002027e-02,2.717910829031e+02,2.542877807617e+02,0.000000000000e+00,7.244781699245e-01,1.840100766901e+02,5.549942096464e+04,1.090000000000e+02
3.262000000000e+03,1.032940638071e+08,3.812417948677e+04,6.908628798761e+05,4.076177405443e-01,2.801707588684e+02,-1.109933200525e-04,-1.209827188573e-02,0.000000000000e+00,1.874036726328e+02,1.282008403386e+03,0.000000000000e+00,0.000000000000e+00,0.000000000000e+00,0.000000000000e+00,6.757728009418e-04,7.365923530266e-02,2.717988343481e+02,2.553469085693e+02,0.000000000000e+00,7.337117230784e-01,1.874036726328e+02,5.549945124461e+04,1.090000000000e+02
3.263000000000e+03,1.032927967592e+08,3.921076795602e+04,6.947130475489e+05,4.084727833417e-01,2.811432755159e+02,-1.095899627497e-04,-1.194530593972e-02,0.000000000000e+00,1.804591549771e+02,1.267047624231e+03,0.000000000000e+00,0.000000000000e+00,0.000000000000e+00,0.000000000000e+00,5.272160424964e-04,5.746654863211e-02,2.717562436450e+02,2.539951934814e+02,0.000000000000e+00,7.430013889188e-01,1.804591549771e+02,5.549928108649e+04,1.090000000000e+02
3.264000000000e+03,1.032915392023e+08,4.030761655016e+04,6.986899801598e+05,4.094550726996e-01,2.820756919500e+02,-1.108913493178e-04,-1.208715707564e-02,0.000000000000e+00,1.607085856728e+02,1.257557179814e+03,0.000000000000e+00,0.000000000000e+00,0.000000000000e+00,0.000000000000e+00,5.470536660865e-04,5.962884960342e-02,2.716926888482e+02,2.536811370850e+02,0.000000000000e+00,7.530407465086e-01,1.607085856728e+02,5.549902285204e+04,1.090000000000e+02
3.265000000000e+03,1.032902946360e+08,4.140340554479e+04,7.031219136518e+05,4.107583501041e-01,2.829654769233e+02,-1.043253619145e-04,-1.137146444868e-02,0.000000000000e+00,1.487781998850e+02,1.244567194514e+03,0.000000000000e+00,0.000000000000e+00,0.000000000000e+00,0.000000000000e+00,6.287825996434e-04,6.853730336113e-02,2.716370197638e+02,2.542044982910e+02,0.000000000000e+00,7.643214477747e-01,1.487781998850e+02,5.549879221046e+04,1.090000000000e+02
3.266000000000e+03,1.032890621667e+08,4.250354132016e+04,7.082877064582e+05,4.125999457197e-01,2.837739272507e+02,-1.014057997237e-04,-1.105323216989e-02,0.000000000000e+00,1.323342489538e+02,1.232470024324e+03,0.000000000000e+00,0.000000000000e+00,0.000000000000e+00,0.000000000000e+00,7.532676331944e-04,8.210617201819e-02,2.715547514247e+02,2.526791687012e+02,0.000000000000e+00,7.745499170093e-01,1.323342489538e+02,5.549844456259e+04,1.090000000000e+02
3.267000000000e+03,1.032878345026e+08,4.363349500794e+04,7.128533804763e+05,4.140149720272e-01,2.846304532046e+02,-8.919057367947e-05,-9.721772531062e-03,0.000000000000e+00,9.771074877041e+01,1.227664436543e+03,0.000000000000e+00,0.000000000000e+00,0.000000000000e+00,0.000000000000e+00,6.669707245768e-04,7.269980897887e-02,2.714018578871e+02,2.513524322510e+02,0.000000000000e+00,7.860208957029e-01,9.771074877041e+01,5.549777611086e+04,1.090000000000e+02
3.268000000000e+03,1.032866120032e+08,4.478510640587e+04,7.158737100991e+05,4.143190155231e-01,2.856294921087e+02,-7.633941819674e-05,-8.320996583445e-03,0.000000000000e+00,7.088592959549e+01,1.222497327527e+03,0.000000000000e+00,0.000000000000e+00,0.000000000000e+00,0.000000000000e+00,4.241197721838e-04,4.622905516804e-02,2.712814157987e+02,2.503384704590e+02,0.000000000000e+00,7.974640270414e-01,7.088592959549e+01,5.549722794003e+04,1.090000000000e+02
3.269000000000e+03,1.032854142696e+08,4.590254400915e+04,7.194779090747e+05,4.150548317908e-01,2.865582453520e+02,-9.267550290873e-05,-1.010162981705e-02,0.000000000000e+00,8.029740917356e+01,1.197735012455e+03,0.000000000000e+00,0.000000000000e+00,0.000000000000e+00,0.000000000000e+00,5.029761933794e-04,5.482440507835e-02,2.712980995546e+02,2.508208923340e+02,0.000000000000e+00,8.105386064580e-01,8.029740917356e+01,5.549730339903e+04,1.090000000000e+02
3.270000000000e+03,1.032842516678e+08,4.695781258208e+04,7.244278094155e+05,4.167624953789e-01,2.873461321643e+02,-1.151677464000e-04,-1.255328435760e-02,0.000000000000e+00,1.073352141585e+02,1.162603787087e+03,0.000000000000e+00,0.000000000000e+00,0.000000000000e+00,0.000000000000e+00,7.025369411415e-04,7.657652658443e-02,2.713558710792e+02,2.522371978760e+02,0.000000000000e+00,8.224903416736e-01,1.073352141585e+02,5.549756617726e+04,1.090000000000e+02
3.271000000000e+03,1.032831257268e+08,4.795221807250e+04,7.296310994000e+05,4.186716319566e-01,2.880885470061e+02,-1.134576485030e-04,-1.236688368683e-02,0.000000000000e+00,1.315374405360e+02,1.125942930957e+03,0.000000000000e+00,0.000000000000e+00,0.000000000000e+00,0.000000000000e+00,7.459522897197e-04,8.130879957945e-02,2.714327244501e+02,2.537629241943e+02,0.000000000000e+00,8.349743517767e-01,1.315374405360e+02,5.549790967915e+04,1.090000000000e+02
3.272000000000e+03,1.032820343021e+08,4.889772320588e+04,7.347294559501e+05,4.205013057034e-01,2.888382060892e+02,-1.086007560242e-04,-1.183748240663e-02,0.000000000000e+00,1.459201869512e+02,1.091425320333e+03,0.000000000000e+00,0.000000000000e+00,0.000000000000e+00,0.000000000000e+00,7.337381134951e-04,7.997745437097e-02,2.714811260543e+02,2.542690124512e+02,0.000000000000e+00,8.449998215329e-01,1.459201869512e+02,5.549812229329e+04,1.090000000000e+02
3.273000000000e+03,1.032809693166e+08,4.982298570569e+04,7.409622392483e+05,4.231374729255e-01,2.894741115397e+02,-1.298264405332e-04,-1.415108201812e-02,0.000000000000e+00,1.397226997851e+02,1.064985199598e+03,0.000000000000e+00,0.000000000000e+00,0.000000000000e+00,0.000000000000e+00,9.006735248990e-04,9.817341421399e-02,2.714636880999e+02,2.540317077637e+02,0.000000000000e+00,8.563727383872e-01,1.397226997851e+02,5.549804613891e+04,1.090000000000e+02
3.274000000000e+03,1.032799274471e+08,5.073572287919e+04,7.469193197221e+05,4.255835309232e-01,2.901247311853e+02,-1.288719479619e-04,-1.404704232785e-02,0.000000000000e+00,1.291318453440e+02,1.041869018843e+03,0.000000000000e+00,0.000000000000e+00,0.000000000000e+00,0.000000000000e+00,8.560908416762e-04,9.331390174270e-02,2.714427479336e+02,2.541607360840e+02,0.000000000000e+00,8.678513789724e-01,1.291318453440e+02,5.549795403597e+04,1.090000000000e+02
3.275000000000e+03,1.032788837495e+08,5.166540894448e+04,7.524518398504e+05,4.277384102029e-01,2.908027266442e+02,-1.216681548526e-04,-1.326182887893e-02,0.000000000000e+00,1.140109769640e+02,1.043697042249e+03,0.000000000000e+00,0.000000000000e+00,0.000000000000e+00,0.000000000000e+00,7.935197723862e-04,8.649365519010e-02,2.713808462045e+02,2.529650726318e+02,0.000000000000e+00,8.773367597939e-01,1.140109769640e+02,5.549768113628e+04,1.090000000000e+02
3.276000000000e+03,1.032778471970e+08,5.260779003779e+04,7.579631803739e+05,4.298316929239e-01,2.915075238957e+02,-1.196040757187e-04,-1.303684425334e-02,0.000000000000e+00,9.417101488836e+01,1.036552108203e+03,0.000000000000e+00,0.000000000000e+00,0.000000000000e+00,0.000000000000e+00,7.920714175520e-04,8.633578451317e-02,2.713222232181e+02,2.524856262207e+02,0.000000000000e+00,8.887930029797e-01,9.417101488836e+01,5.549741700347e+04,1.090000000000e+02
3.277000000000e+03,1.032768375798e+08,5.352883949141e+04,7.629907773538e+05,4.316047124363e-01,2.922364383124e+02,-1.112480017531e-04,-1.212603219108e-02,0.000000000000e+00,8.856824326386e+01,1.009617696881e+03,0.000000000000e+00,0.000000000000e+00,0.000000000000e+00,0.000000000000e+00,7.202014630562e-04,7.850195947313e-02,2.712899362131e+02,2.527892150879e+02,0.000000000000e+00,8.983793940728e-01,8.856824326386e+01,5.549726963486e+04,1.090000000000e+02
3.278000000000e+03,1.032758513412e+08,5.443740320282e+04,7.679048114357e+05,4.332949251064e-01,2.929729152935e+02,-1.081029167188e-04,-1.178321792235e-02,0.000000000000e+00,7.767425867940e+01,9.862379700924e+02,0.000000000000e+00,0.000000000000e+00,0.000000000000e+00,0.000000000000e+00,7.049525694607e-04,7.683983007122e-02,2.712232421021e+02,2.516610565186e+02,0.000000000000e+00,9.070709034257e-01,7.767425867940e+01,5.549696021426e+04,1.090000000000e+02
3.279000000000e+03,1.032748846265e+08,5.533547977698e+04,7.719555716822e+05,4.343861457323e-01,2.937799706336e+02,-1.070532621769e-04,-1.166880557729e-02,0.000000000000e+00,6.863651149337e+01,9.667130856476e+02,0.000000000000e+00,0.000000000000e+00,0.000000000000e+00,0.000000000000e+00,5.632155968038e-04,6.139050005161e-02,2.711651468895e+02,2.513882751465e+02,0.000000000000e+00,9.154383281478e-01,6.863651149337e+01,5.549668585861e+04,1.090000000000e+02
3.280000000000e+03,1.032739367921e+08,5.621735578305e+04,7.752716049357e+05,4.349477232636e-01,2.946620708526e+02,-1.021843110198e-04,-1.113808990116e-02,0.000000000000e+00,6.595442636392e+01,9.478304324335e+02,0.000000000000e+00,0.000000000000e+00,0.000000000000e+00,0.000000000000e+00,4.464572770777e-04,4.866384320147e-02,2.711232817284e+02,2.516314849854e+02,0.000000000000e+00,9.244205540393e-01,6.595442636392e+01,5.549648528221e+04,1.090000000000e+02
3.281000000000e+03,1.032730071810e+08,5.708169877940e+04,7.783107207053e+05,4.353302236459e-01,2.955578752338e+02,-1.091955308543e-04,-1.190231286312e-02,0.000000000000e+00,6.526562189687e+01,9.296086182519e+02,0.000000000000e+00,0.000000000000e+00,0.000000000000e+00,0.000000000000e+00,3.934811242941e-04,4.288944254805e-02,2.710991397493e+02,2.525847625732e+02,0.000000000000e+00,9.328224570400e-01,6.526562189687e+01,5.549636846534e+04,1.090000000000e+02
3.282000000000e+03,1.032720952733e+08,5.792697949105e+04,7.822676362526e+05,4.363644352599e-01,2.963565434638e+02,-1.235710247585e-04,-1.346924169868e-02,0.000000000000e+00,6.662327372700e+01,9.119039853719e+02,0.000000000000e+00,0.000000000000e+00,0.000000000000e+00,0.000000000000e+00,5.306050086760e-04,5.783594594568e-02,2.710950904013e+02,2.525290985107e+02,0.000000000000e+00,9.392700039347e-01,6.662327372700e+01,5.549634873641e+04,1.090000000000e+02
3.283000000000e+03,1.032712004154e+08,5.875589634161e+04,7.874149125927e+05,4.382825757916e-01,2.970015591418e+02,-1.343153087055e-04,-1.464036864890e-02,0.000000000000e+00,6.594035309136e+01,8.948572036565e+02,0.000000000000e+00,0.000000000000e+00,0.000000000000e+00,0.000000000000e+00,7.168364425104e-04,7.813517223363e-02,2.710744161241e+02,2.516068267822e+02,0.000000000000e+00,9.464533060427e-01,6.594035309136e+01,5.549624820330e+04,1.090000000000e+02
3.284000000000e+03,1.032703192516e+08,5.957672176574e+04,7.930828710640e+05,4.406086324700e-01,2.975616180160e+02,-1.197330903163e-04,-1.305090684448e-02,0.000000000000e+00,6.033687665739e+01,8.811623007886e+02,0.000000000000e+00,0.000000000000e+00,0.000000000000e+00,0.000000000000e+00,8.178767286677e-04,8.914856342478e-02,2.710214466597e+02,2.512489471436e+02,0.000000000000e+00,9.529795732941e-01,6.033687665739e+01,5.549598796603e+04,1.090000000000e+02
3.285000000000e+03,1.032694507862e+08,6.038914867438e+04,7.990269281519e+05,4.430510995388e-01,2.981403082615e+02,-1.049294596803e-04,-1.143731110515e-02,0.000000000000e+00,5.603898638736e+01,8.684658950225e+02,0.000000000000e+00,0.000000000000e+00,0.000000000000e+00,0.000000000000e+00,8.782517369355e-04,9.572943932596e-02,2.709765986134e+02,2.512489471436e+02,0.000000000000e+00,9.611123249570e-01,5.603898638736e+01,5.549576454933e+04,1.090000000000e+02
