# Observation File: observation_2D.dat column names:
# -----------------------------------------------------------------------------
# Observation Name: time [d]
# -----------------------------------------------------------------------------
# Observation Name: water content [mol]
# Region: subsurface domain
# Reduction: extensive integral
# Variable: water_content
# Number of Vectors: 1
# -----------------------------------------------------------------------------
# Observation Name: surface water content [mol]
# Region: surface domain
# Reduction: extensive integral
# Variable: surface-water_content
# Number of Vectors: 1
# -----------------------------------------------------------------------------
# Observation Name: snow water content [mol]
# Region: surface domain
# Reduction: extensive integral
# Variable: snow-water_content
# Number of Vectors: 1
# -----------------------------------------------------------------------------
# Observation Name: snow depth [m]
# Region: surface domain
# Reduction: average
# Variable: snow-depth
# Number of Vectors: 1
# -----------------------------------------------------------------------------
# Observation Name: snow density [kg/m^3]
# Region: surface domain
# Reduction: average
# Variable: snow-density
# Number of Vectors: 1
# -----------------------------------------------------------------------------
# Observation Name: evaporation rate [m/d]
# Region: surface domain
# Reduction: average
# Variable: surface-evaporative_flux
# Number of Vectors: 1
# -----------------------------------------------------------------------------
# Observation Name: evaporation cumulation [m3/d]
# Region: surface domain
# Reduction: integral
# Variable: surface-evaporative_flux
# Number of Vectors: 1
# -----------------------------------------------------------------------------
# Observation Name: subsurface evaporation cumulation [m3/d]
# Region: surface domain
# Reduction: integral
# Variable: surface-subsurface_evaporative_flux
# Number of Vectors: 1
# -----------------------------------------------------------------------------
# Observation Name: discharge cumulation [mol/d]
# Region: surface outlet
# Reduction: extensive integral
# Variable: surface-water_flux
# Number of Vectors: 1
# -----------------------------------------------------------------------------
# Observation Name: surface-subsurface exchange cumulation [mol/d]
# Region: surface domain
# Reduction: extensive integral
# Variable: surface-surface_subsurface_flux
# Number of Vectors: 1
# -----------------------------------------------------------------------------
# Observation Name: snowmelt rate [m/d]
# Region: surface domain
# Reduction: average
# Variable: snow-melt
# Number of Vectors: 1
# -----------------------------------------------------------------------------
# Observation Name: snowmelt cumulation [m3/d]
# Region: surface domain
# Reduction: integral
# Variable: snow-melt
# Number of Vectors: 1
# -----------------------------------------------------------------------------
# Observation Name: rain [m/d]
# Region: surface domain
# Reduction: average
# Variable: surface-precipitation_rain
# Number of Vectors: 1
# -----------------------------------------------------------------------------
# Observation Name: rain cumulation [m3/d]
# Region: surface domain
# Reduction: integral
# Variable: surface-precipitation_rain
# Number of Vectors: 1
# -----------------------------------------------------------------------------
# Observation Name: snow [mSWE/d]
# Region: surface domain
# Reduction: average
# Variable: snow-precipitation
# Number of Vectors: 1
# -----------------------------------------------------------------------------
# Observation Name: snow cumulation [m3SWE/d]
# Region: surface domain
# Reduction: integral
# Variable: snow-precipitation
# Number of Vectors: 1
# -----------------------------------------------------------------------------
# Observation Name: surface temperature [K]
# Region: surface domain
# Reduction: average
# Variable: surface-temperature
# Number of Vectors: 1
# -----------------------------------------------------------------------------
# Observation Name: air temperature [K]
# Region: surface domain
# Reduction: average
# Variable: surface-air_temperature
# Number of Vectors: 1
# -----------------------------------------------------------------------------
# Observation Name: thaw depth [m]
# Region: surface domain
# Reduction: average
# Variable: surface-thaw_depth
# Number of Vectors: 1
# -----------------------------------------------------------------------------
# Observation Name: water table depth [m]
# Region: surface domain
# Reduction: average
# Variable: surface-water_table
# Number of Vectors: 1
# -----------------------------------------------------------------------------
# Observation Name: net runoff [mol/d]
# Region: surface outlet
# Reduction: extensive integral
# Variable: surface-water_flux
# Number of Vectors: 1
# -----------------------------------------------------------------------------
# Observation Name: molar density liquid [mol m^-3]
# Region: surface domain
# Reduction: average
# Variable: surface-molar_density_liquid
# Number of Vectors: 1
# -----------------------------------------------------------------------------
# Observation Name: surface area [m^2]
# Region: surface domain
# Reduction: extensive integral
# Variable: surface-cell_volume
# Number of Vectors: 1
# =============================================================================
"time [d]","water content [mol]","surface water content [mol]","snow water content [mol]","snow depth [m]","snow density [kg/m^3]","evaporation rate [m/d]","evaporation cumulation [m3/d]","subsurface evaporation cumulation [m3/d]","discharge cumulation [mol/d]","surface-subsurface exchange cumulation [mol/d]","snowmelt rate [m/d]","snowmelt cumulation [m3/d]","rain [m/d]","rain cumulation [m3/d]","snow [mSWE/d]","snow cumulation [m3SWE/d]","surface temperature [K]","air temperature [K]","thaw depth [m]","water table depth [m]","net runoff [mol/d]","molar density liquid [mol m^-3]","surface area [m^2]"
0.000000000000e+00,1.032674729202e+08,6.059071613146e+04,7.986205647063e+05,4.427430804960e-01,2.981961126910e+02,0.000000000000e+00,0.000000000000e+00,0.000000000000e+00,0.000000000000e+00,0.000000000000e+00,0.000000000000e+00,0.000000000000e+00,0.000000000000e+00,0.000000000000e+00,0.000000000000e+00,0.000000000000e+00,2.709737622387e+02,2.519989776611e+02,0.000000000000e+00,9.618775472471e-01,0.000000000000e+00,5.549574988426e+04,1.090000000000e+02
1.000000000000e+00,1.032666207135e+08,6.138113784837e+04,8.051356277745e+05,4.456506730156e-01,2.986668287086e+02,-1.812588020942e-04,-1.975720942827e-02,0.000000000000e+00,6.178351776069e+01,8.522052346711e+02,0.000000000000e+00,0.000000000000e+00,0.000000000000e+00,0.000000000000e+00,8.955481104443e-04,9.761474403843e-02,2.709933676939e+02,2.520103759766e+02,0.000000000000e+00,9.700439152152e-01,6.178351776069e+01,5.549584746840e+04,1.090000000000e+02
2.000000000000e+00,1.032657846623e+08,6.215455749254e+04,8.110873713804e+05,4.480015759935e-01,2.992956293501e+02,-1.942715819141e-04,-2.117560242864e-02,0.000000000000e+00,6.263018802083e+01,8.360498321945e+02,0.000000000000e+00,0.000000000000e+00,0.000000000000e+00,0.000000000000e+00,7.895664815084e-04,8.606274648441e-02,2.709995919864e+02,2.526075439453e+02,0.000000000000e+00,9.753022844410e-01,6.263018802083e+01,5.549587831760e+04,1.090000000000e+02
3.000000000000e+00,1.032649640030e+08,6.291427121026e+04,8.153608663045e+05,4.492647982690e-01,3.000272675632e+02,-1.689798723874e-04,-1.841880609022e-02,0.000000000000e+00,6.094528366428e+01,8.206590013871e+02,0.000000000000e+00,0.000000000000e+00,0.000000000000e+00,0.000000000000e+00,5.377960906742e-04,5.861977388349e-02,2.709747478141e+02,2.526165313721e+02,0.000000000000e+00,9.832277308718e-01,6.094528366428e+01,5.549575423823e+04,1.090000000000e+02
4.000000000000e+00,1.032641572304e+08,6.366343090518e+04,8.201210197085e+05,4.508663044885e-01,3.007076558113e+02,-1.244392188243e-04,-1.356387485184e-02,0.000000000000e+00,5.761012650041e+01,8.067698214177e+02,0.000000000000e+00,0.000000000000e+00,0.000000000000e+00,0.000000000000e+00,6.628272118261e-04,7.224816608905e-02,2.709477897942e+02,2.526100158691e+02,0.000000000000e+00,9.903523845752e-01,5.761012650041e+01,5.549561868545e+04,1.090000000000e+02
5.000000000000e+00,1.032633612552e+08,6.441261338538e+04,8.255353278814e+05,4.529353890889e-01,3.013134575746e+02,-1.131110043723e-04,-1.232909947659e-02,0.000000000000e+00,4.679078483933e+01,7.959732650440e+02,0.000000000000e+00,0.000000000000e+00,0.000000000000e+00,0.000000000000e+00,7.834672433883e-04,8.539792952933e-02,2.708283150009e+02,2.508502655029e+02,0.000000000000e+00,9.986836340574e-01,4.679078483933e+01,5.549500645146e+04,1.090000000000e+02
6.000000000000e+00,1.032625719968e+08,6.517045559284e+04,8.309530347413e+05,4.549790920892e-01,3.019324922560e+02,-1.187768023095e-04,-1.294667145173e-02,0.000000000000e+00,3.141498365683e+01,7.892571911149e+02,0.000000000000e+00,0.000000000000e+00,0.000000000000e+00,0.000000000000e+00,7.786680776910e-04,8.487482046832e-02,2.706911575157e+02,2.500630798340e+02,0.000000000000e+00,1.007687046308e+00,3.141498365683e+01,5.549428004154e+04,1.090000000000e+02
7.000000000000e+00,1.032617913211e+08,6.592525371198e+04,8.367126522171e+05,4.572981497839e-01,3.024863146227e+02,-1.268072369848e-04,-1.382198883134e-02,0.000000000000e+00,2.587476635145e+01,7.806728854919e+02,0.000000000000e+00,0.000000000000e+00,0.000000000000e+00,0.000000000000e+00,8.266523340973e-04,9.010510441660e-02,2.705971101988e+02,2.503898010254e+02,0.000000000000e+00,1.016005750539e+00,2.587476635145e+01,5.549376655279e+04,1.090000000000e+02
8.000000000000e+00,1.032610233708e+08,6.666282160019e+04,8.410707211284e+05,4.585949158246e-01,3.032020830970e+02,-1.327183421443e-04,-1.446629929373e-02,0.000000000000e+00,3.038156062050e+01,7.679494488278e+02,0.000000000000e+00,0.000000000000e+00,0.000000000000e+00,0.000000000000e+00,5.877825178147e-04,6.406829444181e-02,2.705961006673e+02,2.510000000000e+02,0.000000000000e+00,1.023507590966e+00,3.038156062050e+01,5.549375923233e+04,1.090000000000e+02
9.000000000000e+00,1.032602710124e+08,6.738136431004e+04,8.448808721765e+05,4.595717260098e-01,3.039285807338e+02,-1.293304635705e-04,-1.409702052919e-02,0.000000000000e+00,3.381483633731e+01,7.523575461832e+02,0.000000000000e+00,0.000000000000e+00,0.000000000000e+00,0.000000000000e+00,5.007172551238e-04,5.457818080849e-02,2.705857798129e+02,2.510683288574e+02,0.000000000000e+00,1.032451385387e+00,3.381483633731e+01,5.549370056541e+04,1.090000000000e+02
1.000000000000e+01,1.032595339889e+08,6.808391456618e+04,8.491306925566e+05,4.608608325878e-01,3.046031018970e+02,-1.261619612400e-04,-1.375165377516e-02,0.000000000000e+00,3.447279179290e+01,7.370230479333e+02,0.000000000000e+00,0.000000000000e+00,0.000000000000e+00,0.000000000000e+00,5.764943652653e-04,6.283788581392e-02,2.705811891894e+02,2.517420959473e+02,0.000000000000e+00,1.037725361275e+00,3.447279179290e+01,5.549367355688e+04,1.090000000000e+02
1.100000000000e+01,1.032588094388e+08,6.878173583710e+04,8.527743197716e+05,4.616338033796e-01,3.054010460759e+02,-1.102902293318e-04,-1.202163499717e-02,0.000000000000e+00,2.672784021686e+01,7.245491111385e+02,0.000000000000e+00,0.000000000000e+00,0.000000000000e+00,0.000000000000e+00,4.935201471276e-04,5.379369603690e-02,2.704806501728e+02,2.507825164795e+02,0.000000000000e+00,1.046858709902e+00,2.672784021686e+01,5.549310884541e+04,1.090000000000e+02
1.200000000000e+01,1.032580976403e+08,6.946875761773e+04,8.563328080367e+05,4.624295915236e-01,3.061480538121e+02,-9.754092726885e-05,-1.063196107230e-02,0.000000000000e+00,2.477570182294e+01,7.117974824577e+02,0.000000000000e+00,0.000000000000e+00,0.000000000000e+00,0.000000000000e+00,4.909305688257e-04,5.351143200200e-02,2.704692976943e+02,2.513494567871e+02,0.000000000000e+00,1.054196477498e+00,2.477570182294e+01,5.549304207403e+04,1.090000000000e+02
1.300000000000e+01,1.032574386092e+08,7.009726018430e+04,8.606228308383e+05,4.637034746205e-01,3.068367762977e+02,-1.168672315864e-04,-1.273852824292e-02,0.000000000000e+00,3.052752554234e+01,6.590300921089e+02,0.000000000000e+00,0.000000000000e+00,0.000000000000e+00,0.000000000000e+00,5.924921526493e-04,6.458164463877e-02,2.704632129343e+02,2.517384948730e+02,0.000000000000e+00,1.061588942797e+00,3.052752554234e+01,5.549299657533e+04,1.090000000000e+02
1.400000000000e+01,1.032568552519e+08,7.064645507089e+04,8.653582649840e+05,4.653387721569e-01,3.074421580639e+02,-1.551652819071e-04,-1.691301572787e-02,0.000000000000e+00,3.416180105269e+01,5.833566876438e+02,0.000000000000e+00,0.000000000000e+00,0.000000000000e+00,0.000000000000e+00,6.283108583931e-04,6.848588356485e-02,2.704258990572e+02,2.516017303467e+02,0.000000000000e+00,1.066297526050e+00,3.416180105269e+01,5.549276535439e+04,1.090000000000e+02
1.500000000000e+01,1.032562493545e+08,7.122071598710e+04,8.692765195052e+05,4.664110353574e-01,3.081256010757e+02,-1.579342661624e-04,-1.721483501170e-02,0.000000000000e+00,3.163519459612e+01,6.058961108022e+02,0.000000000000e+00,0.000000000000e+00,0.000000000000e+00,0.000000000000e+00,4.904888448391e-04,5.346328408746e-02,2.703844459972e+02,2.519206085205e+02,0.000000000000e+00,1.073802958147e+00,3.163519459612e+01,5.549251835045e+04,1.090000000000e+02
1.600000000000e+01,1.032556373796e+08,7.180167825897e+04,8.729439683944e+05,4.672421927342e-01,3.088761820578e+02,-1.499146151801e-04,-1.634069305463e-02,0.000000000000e+00,3.101150527195e+01,6.119737771432e+02,0.000000000000e+00,0.000000000000e+00,0.000000000000e+00,0.000000000000e+00,4.568880913996e-04,4.980080196255e-02,2.703525149656e+02,2.518365478516e+02,0.000000000000e+00,1.080919421921e+00,3.101150527195e+01,5.549233341878e+04,1.090000000000e+02
1.700000000000e+01,1.032549677602e+08,7.244986211629e+04,8.780209967870e+05,4.691146694754e-01,3.094358152738e+02,-1.494257488960e-04,-1.628740662967e-02,0.000000000000e+00,2.143409062754e+01,6.696179479480e+02,0.000000000000e+00,0.000000000000e+00,0.000000000000e+00,0.000000000000e+00,6.914691371711e-04,7.537013595165e-02,2.702530892486e+02,2.510751037598e+02,0.000000000000e+00,1.091061283152e+00,2.143409062754e+01,5.549174824720e+04,1.090000000000e+02
1.800000000000e+01,1.032543266130e+08,7.308387487854e+04,8.832789301419e+05,4.711083518635e-01,3.099774540643e+02,-1.285383472262e-04,-1.401067984765e-02,0.000000000000e+00,7.134692024138e+00,6.411474542741e+02,0.000000000000e+00,0.000000000000e+00,0.000000000000e+00,0.000000000000e+00,7.435480597111e-04,8.104673850851e-02,2.700799077839e+02,2.503266143799e+02,0.000000000000e+00,1.097960988178e+00,7.134692024138e+00,5.549068256233e+04,1.090000000000e+02
1.900000000000e+01,1.032537039787e+08,7.370424310684e+04,8.872222959262e+05,4.721751554933e-01,3.106615933959e+02,-1.213611717893e-04,-1.322836772503e-02,0.000000000000e+00,2.266404811725e+00,6.226346331116e+02,0.000000000000e+00,0.000000000000e+00,0.000000000000e+00,0.000000000000e+00,5.323567889491e-04,5.802688999545e-02,2.699763859060e+02,2.501602478027e+02,0.000000000000e+00,1.106436145246e+00,2.266404811725e+00,5.549001766919e+04,1.090000000000e+02
2.000000000000e+01,1.032531009435e+08,7.430180702701e+04,8.901980758455e+05,4.726105467519e-01,3.114187041399e+02,-1.284551944715e-04,-1.400161619740e-02,0.000000000000e+00,5.470617167260e+00,6.030345373417e+02,0.000000000000e+00,0.000000000000e+00,0.000000000000e+00,0.000000000000e+00,3.646209155769e-04,3.974367979788e-02,2.699154014617e+02,2.511623840332e+02,0.000000000000e+00,1.113439495298e+00,5.470617167260e+00,5.548960949498e+04,1.090000000000e+02
2.100000000000e+01,1.032525177218e+08,7.487821529372e+04,8.934733333027e+05,4.732449373125e-01,3.121480689245e+02,-1.397189892478e-04,-1.522936982801e-02,0.000000000000e+00,6.814041993161e+00,5.832223087048e+02,0.000000000000e+00,0.000000000000e+00,0.000000000000e+00,0.000000000000e+00,4.030085619202e-04,4.392793324931e-02,2.698481318826e+02,2.513104553223e+02,0.000000000000e+00,1.117887000573e+00,6.814041993161e+00,5.548915248134e+04,1.090000000000e+02
2.200000000000e+01,1.032519533986e+08,7.543913853821e+04,8.975124267689e+05,4.744155845453e-01,3.127896563860e+02,-1.218172179727e-04,-1.327807675902e-02,0.000000000000e+00,3.400368433194e+00,5.643236129187e+02,0.000000000000e+00,0.000000000000e+00,0.000000000000e+00,0.000000000000e+00,5.479764315630e-04,5.972943104037e-02,2.697392087579e+02,2.510350799561e+02,0.000000000000e+00,1.124519354169e+00,3.400368433194e+00,5.548840907075e+04,1.090000000000e+02
2.300000000000e+01,1.032514084272e+08,7.598404663867e+04,9.019643841846e+05,4.760966543571e-01,3.132361254386e+02,-1.232405102715e-04,-1.343321561959e-02,0.000000000000e+00,6.325928285520e-02,5.449713597430e+02,0.000000000000e+00,0.000000000000e+00,0.000000000000e+00,0.000000000000e+00,6.151427126138e-04,6.705055567491e-02,2.696162671472e+02,2.509133758545e+02,0.000000000000e+00,1.130931996917e+00,6.325928285520e-02,5.548755078871e+04,1.090000000000e+02
2.400000000000e+01,1.032508825983e+08,7.650987556321e+04,9.071176137293e+05,4.780011502892e-01,3.137777195754e+02,-1.498259001668e-04,-1.633102311818e-02,0.000000000000e+00,0.000000000000e+00,5.258289245380e+02,0.000000000000e+00,0.000000000000e+00,0.000000000000e+00,0.000000000000e+00,7.056129134228e-04,7.691180756308e-02,2.694402590734e+02,2.503815002441e+02,0.000000000000e+00,1.136259812575e+00,0.000000000000e+00,5.548629206923e+04,1.090000000000e+02
2.500000000000e+01,1.032503708972e+08,7.702157659368e+04,9.112243757810e+05,4.793401018049e-01,3.143268981304e+02,-1.422880798397e-04,-1.550940070253e-02,0.000000000000e+00,0.000000000000e+00,5.117010304708e+02,0.000000000000e+00,0.000000000000e+00,0.000000000000e+00,0.000000000000e+00,5.410877820220e-04,5.897856824040e-02,2.692244015064e+02,2.495313720703e+02,0.000000000000e+00,1.140954417275e+00,0.000000000000e+00,5.548469148220e+04,1.090000000000e+02
2.600000000000e+01,1.032498758752e+08,7.751659860296e+04,9.145678566514e+05,4.799997497677e-01,3.150543524923e+02,-1.547719328932e-04,-1.687014068536e-02,0.000000000000e+00,0.000000000000e+00,4.950220092815e+02,0.000000000000e+00,0.000000000000e+00,0.000000000000e+00,0.000000000000e+00,4.017501428763e-04,4.379076557352e-02,2.690497490677e+02,2.494858703613e+02,0.000000000000e+00,1.145249613964e+00,0.000000000000e+00,5.548334106599e+04,1.090000000000e+02
2.700000000000e+01,1.032494002475e+08,7.799222627656e+04,9.178183346907e+05,4.806587214745e-01,3.157462176032e+02,-1.511549749087e-04,-1.647589226505e-02,0.000000000000e+00,0.000000000000e+00,4.756276736005e+02,0.000000000000e+00,0.000000000000e+00,0.000000000000e+00,0.000000000000e+00,3.890069903197e-04,4.240176194485e-02,2.689272539682e+02,2.502594757080e+02,0.000000000000e+00,1.147682833621e+00,0.000000000000e+00,5.548235921449e+04,1.090000000000e+02
2.800000000000e+01,1.032489434366e+08,7.844903724216e+04,9.213273656235e+05,4.815331745260e-01,3.163856778624e+02,-1.292156677078e-04,-1.408450778015e-02,0.000000000000e+00,0.000000000000e+00,4.568109655961e+02,0.000000000000e+00,0.000000000000e+00,0.000000000000e+00,0.000000000000e+00,4.548101777385e-04,4.957430937350e-02,2.687585368844e+02,2.504782257080e+02,0.000000000000e+00,1.150114213287e+00,0.000000000000e+00,5.548098028385e+04,1.090000000000e+02
2.900000000000e+01,1.032485032857e+08,7.888918814333e+04,9.252036238520e+05,4.826621531189e-01,3.169843408712e+02,-1.208451331843e-04,-1.317211951709e-02,0.000000000000e+00,0.000000000000e+00,4.401509011712e+02,0.000000000000e+00,0.000000000000e+00,0.000000000000e+00,0.000000000000e+00,5.252989216094e-04,5.725758245542e-02,2.685361997931e+02,2.498409729004e+02,0.000000000000e+00,1.154274790545e+00,0.000000000000e+00,5.547910727794e+04,1.090000000000e+02
3.000000000000e+01,1.032480822071e+08,7.931026669929e+04,9.299589460672e+05,4.844316954827e-01,3.174552780897e+02,-1.509491069198e-04,-1.645345265425e-02,0.000000000000e+00,0.000000000000e+00,4.210785559643e+02,0.000000000000e+00,0.000000000000e+00,0.000000000000e+00,0.000000000000e+00,6.381045744923e-04,6.955339861966e-02,2.684256067648e+02,2.503921813965e+02,0.000000000000e+00,1.156158517486e+00,0.000000000000e+00,5.547813771833e+04,1.090000000000e+02
3.100000000000e+01,1.032476792188e+08,7.971325501364e+04,9.342463247949e+05,4.856810215252e-01,3.181079101393e+02,-1.557467394548e-04,-1.697639460057e-02,0.000000000000e+00,0.000000000000e+00,4.029883143506e+02,0.000000000000e+00,0.000000000000e+00,0.000000000000e+00,0.000000000000e+00,5.578287625636e-04,6.080333511943e-02,2.682412413920e+02,2.503721160889e+02,0.000000000000e+00,1.158678670491e+00,0.000000000000e+00,5.547649392481e+04,1.090000000000e+02
3.200000000000e+01,1.032472958060e+08,8.009666779753e+04,9.384042862809e+05,4.869553629680e-01,3.186907065888e+02,-1.795197545049e-04,-1.956765324104e-02,0.000000000000e+00,0.000000000000e+00,3.834127838851e+02,0.000000000000e+00,0.000000000000e+00,0.000000000000e+00,0.000000000000e+00,5.096533760616e-04,5.555221799071e-02,2.681812921504e+02,2.512306823730e+02,0.000000000000e+00,1.159789781602e+00,0.000000000000e+00,5.547593705790e+04,1.090000000000e+02
3.300000000000e+01,1.032469343088e+08,8.045816506974e+04,9.437814469332e+05,4.891800063462e-01,3.190588106624e+02,-2.122024201114e-04,-2.313006379214e-02,0.000000000000e+00,0.000000000000e+00,3.614972722100e+02,0.000000000000e+00,0.000000000000e+00,0.000000000000e+00,0.000000000000e+00,6.768395656892e-04,7.377551266012e-02,2.681912566447e+02,2.528276824951e+02,0.000000000000e+00,1.161733803943e+00,0.000000000000e+00,5.547600962874e+04,1.090000000000e+02
3.400000000000e+01,1.032465923268e+08,8.080014705172e+04,9.495528262269e+05,4.914934316877e-01,3.195025009926e+02,-1.870739624741e-04,-2.039106190968e-02,0.000000000000e+00,0.000000000000e+00,3.419819819786e+02,0.000000000000e+00,0.000000000000e+00,0.000000000000e+00,0.000000000000e+00,7.691152328867e-04,8.383356038465e-02,2.681247582480e+02,2.528637695313e+02,0.000000000000e+00,1.163481392343e+00,0.000000000000e+00,5.547539152666e+04,1.090000000000e+02
3.500000000000e+01,1.032462665890e+08,8.112588480926e+04,9.550192354519e+05,4.935635471348e-01,3.200005998213e+02,-1.422252172687e-04,-1.550254868229e-02,0.000000000000e+00,0.000000000000e+00,3.257377575475e+02,0.000000000000e+00,0.000000000000e+00,0.000000000000e+00,0.000000000000e+00,7.650247264041e-04,8.338769517805e-02,2.680027810019e+02,2.530167694092e+02,0.000000000000e+00,1.164539937724e+00,0.000000000000e+00,5.547425562748e+04,1.090000000000e+02
3.600000000000e+01,1.032459573711e+08,8.143510271180e+04,9.607462715685e+05,4.958870968726e-01,3.204139965295e+02,-1.350618845032e-04,-1.472174541085e-02,0.000000000000e+00,0.000000000000e+00,3.092179025313e+02,0.000000000000e+00,0.000000000000e+00,0.000000000000e+00,0.000000000000e+00,8.134730238494e-04,8.866855959958e-02,2.679514483285e+02,2.537395019531e+02,0.000000000000e+00,1.165035874321e+00,0.000000000000e+00,5.547376725207e+04,1.090000000000e+02
3.700000000000e+01,1.032456640587e+08,8.172841517040e+04,9.665275754753e+05,4.981842675112e-01,3.208592310305e+02,-1.509524624055e-04,-1.645381840220e-02,0.000000000000e+00,0.000000000000e+00,2.933124585993e+02,0.000000000000e+00,0.000000000000e+00,0.000000000000e+00,0.000000000000e+00,8.069014727262e-04,8.795226052716e-02,2.678885222860e+02,2.539246063232e+02,0.000000000000e+00,1.165447098187e+00,0.000000000000e+00,5.547316530780e+04,1.090000000000e+02
3.800000000000e+01,1.032453852049e+08,8.200726889140e+04,9.725982960786e+05,5.007189483565e-01,3.212439328140e+02,-1.542736096246e-04,-1.681582344908e-02,0.000000000000e+00,0.000000000000e+00,2.788537210048e+02,0.000000000000e+00,0.000000000000e+00,0.000000000000e+00,0.000000000000e+00,8.516291886000e-04,9.282758155740e-02,2.678201592959e+02,2.538435516357e+02,0.000000000000e+00,1.164425143121e+00,0.000000000000e+00,5.547250719568e+04,1.090000000000e+02
3.900000000000e+01,1.032451191834e+08,8.227329039263e+04,9.790874441865e+05,5.035246271958e-01,3.215908554227e+02,-1.359077599589e-04,-1.481394583552e-02,0.000000000000e+00,0.000000000000e+00,2.660215012314e+02,0.000000000000e+00,0.000000000000e+00,0.000000000000e+00,0.000000000000e+00,9.400832318304e-04,1.024690722695e-01,2.677221060714e+02,2.538814697266e+02,0.000000000000e+00,1.163436328538e+00,0.000000000000e+00,5.547155391088e+04,1.090000000000e+02
4.000000000000e+01,1.032448628367e+08,8.252963716262e+04,9.848611304158e+05,5.057061784412e-01,3.221031913859e+02,-1.263268342088e-04,-1.376962492876e-02,0.000000000000e+00,0.000000000000e+00,2.563467699922e+02,0.000000000000e+00,0.000000000000e+00,0.000000000000e+00,0.000000000000e+00,8.343310868135e-04,9.094208846268e-02,2.675245115799e+02,2.527250061035e+02,0.000000000000e+00,1.165139187399e+00,0.000000000000e+00,5.546959290280e+04,1.090000000000e+02
4.100000000000e+01,1.032446153255e+08,8.277714832267e+04,9.902574884757e+05,5.077431822085e-01,3.225793688382e+02,-1.342372596429e-04,-1.463186130107e-02,0.000000000000e+00,0.000000000000e+00,2.475111600466e+02,0.000000000000e+00,0.000000000000e+00,0.000000000000e+00,0.000000000000e+00,7.636636125158e-04,8.323933376423e-02,2.673461624586e+02,2.526265106201e+02,0.000000000000e+00,1.166843438649e+00,0.000000000000e+00,5.546777240398e+04,1.090000000000e+02
4.200000000000e+01,1.032443774338e+08,8.301504003040e+04,9.955660861809e+05,5.097229529671e-01,3.230570441263e+02,-1.418043649572e-04,-1.545667578034e-02,0.000000000000e+00,0.000000000000e+00,2.378917077259e+02,0.000000000000e+00,0.000000000000e+00,0.000000000000e+00,0.000000000000e+00,7.403107704826e-04,8.069387398260e-02,2.672148521066e+02,2.530519561768e+02,0.000000000000e+00,1.168796333430e+00,0.000000000000e+00,5.546639937945e+04,1.090000000000e+02
4.300000000000e+01,1.032443913085e+08,8.300116535493e+04,1.001900117845e+06,5.119606250501e-01,3.237031111268e+02,-1.303156767724e-04,-1.420440876819e-02,0.000000000000e+00,0.000000000000e+00,-1.387467546811e+01,0.000000000000e+00,0.000000000000e+00,0.000000000000e+00,0.000000000000e+00,9.233398385293e-04,1.006440423997e-01,2.670412839220e+02,2.524792022705e+02,0.000000000000e+00,1.164629666763e+00,0.000000000000e+00,5.546439626833e+04,1.090000000000e+02
4.400000000000e+01,1.032441521564e+08,8.324031740029e+04,1.007633598457e+06,5.140738503014e-01,3.242232208831e+02,-1.339280741506e-04,-1.459816008241e-02,0.000000000000e+00,0.000000000000e+00,2.391520453580e+02,0.000000000000e+00,0.000000000000e+00,0.000000000000e+00,0.000000000000e+00,8.175038134564e-04,8.910791566675e-02,2.669383270829e+02,2.520738525391e+02,0.000000000000e+00,1.167870407504e+00,0.000000000000e+00,5.546337780508e+04,1.090000000000e+02
4.500000000000e+01,1.032438965705e+08,8.349590334721e+04,1.011741569373e+06,5.153270824692e-01,3.247615173654e+02,-1.513854521333e-04,-1.650101428253e-02,0.000000000000e+00,0.000000000000e+00,2.555859469258e+02,0.000000000000e+00,0.000000000000e+00,0.000000000000e+00,0.000000000000e+00,5.323396840819e-04,5.802502556492e-02,2.668103966879e+02,2.520551757812e+02,0.000000000000e+00,1.169444481578e+00,0.000000000000e+00,5.546198096189e+04,1.090000000000e+02
4.600000000000e+01,1.032436623922e+08,8.373008161027e+04,1.016352935442e+06,5.171068667307e-01,3.251275503879e+02,-1.506335380353e-04,-1.641905564585e-02,0.000000000000e+00,0.000000000000e+00,2.341782630619e+02,0.000000000000e+00,0.000000000000e+00,0.000000000000e+00,0.000000000000e+00,6.166496395414e-04,6.721481071001e-02,2.666785388107e+02,2.516903991699e+02,0.000000000000e+00,1.170237177434e+00,0.000000000000e+00,5.546050106905e+04,1.090000000000e+02
4.700000000000e+01,1.032434403197e+08,8.395215413486e+04,1.020243931611e+06,5.179998175362e-01,3.258216495605e+02,-1.332462605270e-04,-1.452384239744e-02,0.000000000000e+00,0.000000000000e+00,2.220725245823e+02,0.000000000000e+00,0.000000000000e+00,0.000000000000e+00,0.000000000000e+00,5.166189788656e-04,5.631146869635e-02,2.665012435582e+02,2.509975128174e+02,0.000000000000e+00,1.171712916373e+00,0.000000000000e+00,5.545846006304e+04,1.090000000000e+02
4.800000000000e+01,1.032432282660e+08,8.416420786133e+04,1.023520926640e+06,5.186861879895e-01,3.264428531474e+02,-1.339582575297e-04,-1.460145007074e-02,0.000000000000e+00,0.000000000000e+00,2.120537264775e+02,0.000000000000e+00,0.000000000000e+00,0.000000000000e+00,0.000000000000e+00,4.118848475858e-04,4.489544838685e-02,2.663965559260e+02,2.515601043701e+02,0.000000000000e+00,1.172361064521e+00,0.000000000000e+00,5.545723552861e+04,1.090000000000e+02
4.900000000000e+01,1.032430265625e+08,8.436591127953e+04,1.027867561418e+06,5.201083283282e-01,3.269337906686e+02,-1.409806606934e-04,-1.536689201558e-02,0.000000000000e+00,0.000000000000e+00,2.017034182006e+02,0.000000000000e+00,0.000000000000e+00,0.000000000000e+00,0.000000000000e+00,5.786069031745e-04,6.306815244602e-02,2.663817870767e+02,2.528369598389e+02,0.000000000000e+00,1.172626594966e+00,0.000000000000e+00,5.545706546720e+04,1.090000000000e+02
5.000000000000e+01,1.032428331889e+08,8.455928489241e+04,1.032929195310e+06,5.219485137756e-01,3.273964097585e+02,-1.438157916092e-04,-1.567592128540e-02,0.000000000000e+00,0.000000000000e+00,1.933736128800e+02,0.000000000000e+00,0.000000000000e+00,0.000000000000e+00,0.000000000000e+00,6.992652073443e-04,7.621990760053e-02,2.662269644191e+02,2.511847381592e+02,0.000000000000e+00,1.172249180245e+00,0.000000000000e+00,5.545520652129e+04,1.090000000000e+02
5.100000000000e+01,1.032426452270e+08,8.474724682775e+04,1.036757304383e+06,5.229173586815e-01,3.280179171337e+02,-1.216749748681e-04,-1.326257226062e-02,0.000000000000e+00,0.000000000000e+00,1.879619353393e+02,0.000000000000e+00,0.000000000000e+00,0.000000000000e+00,0.000000000000e+00,5.205176078071e-04,5.673641925097e-02,2.659935824738e+02,2.503520812988e+02,0.000000000000e+00,1.172107524418e+00,0.000000000000e+00,5.545233569676e+04,1.090000000000e+02
5.200000000000e+01,1.032424627863e+08,8.492968754219e+04,1.040421279554e+06,5.238995175330e-01,3.285709846365e+02,-9.476103921618e-05,-1.032895327456e-02,0.000000000000e+00,0.000000000000e+00,1.824407144362e+02,0.000000000000e+00,0.000000000000e+00,0.000000000000e+00,0.000000000000e+00,5.171558546892e-04,5.636998816112e-02,2.658467764057e+02,2.515233459473e+02,0.000000000000e+00,1.173001526228e+00,0.000000000000e+00,5.545049060640e+04,1.090000000000e+02
5.300000000000e+01,1.032422872446e+08,8.510522919401e+04,1.044636299516e+06,5.251905013512e-01,3.290941154238e+02,-8.910430411097e-05,-9.712369148095e-03,0.000000000000e+00,0.000000000000e+00,1.755416518247e+02,0.000000000000e+00,0.000000000000e+00,0.000000000000e+00,0.000000000000e+00,6.098177878398e-04,6.647013887454e-02,2.658073702673e+02,2.524405059814e+02,0.000000000000e+00,1.172974457383e+00,0.000000000000e+00,5.544999521040e+04,1.090000000000e+02
5.400000000000e+01,1.032421191039e+08,8.527336987536e+04,1.049740773926e+06,5.270781307925e-01,3.295174335626e+02,-1.121943930971e-04,-1.222918884759e-02,0.000000000000e+00,0.000000000000e+00,1.681406813481e+02,0.000000000000e+00,0.000000000000e+00,0.000000000000e+00,0.000000000000e+00,7.321345443301e-04,7.980266533198e-02,2.658123220278e+02,2.527494659424e+02,0.000000000000e+00,1.171699381039e+00,0.000000000000e+00,5.545006447128e+04,1.090000000000e+02
5.500000000000e+01,1.032419581729e+08,8.543430089720e+04,1.055166039077e+06,5.291001578546e-01,3.299529671628e+02,-1.218774309512e-04,-1.328463997368e-02,0.000000000000e+00,0.000000000000e+00,1.609310218342e+02,0.000000000000e+00,0.000000000000e+00,0.000000000000e+00,0.000000000000e+00,7.748559394277e-04,8.445929739762e-02,2.658339109967e+02,2.531639709473e+02,0.000000000000e+00,1.170812505296e+00,0.000000000000e+00,5.545034608006e+04,1.090000000000e+02
5.600000000000e+01,1.032418038881e+08,8.558858572754e+04,1.060751027112e+06,5.312503856488e-01,3.303564415105e+02,-1.336531633887e-04,-1.456819480937e-02,0.000000000000e+00,0.000000000000e+00,1.542848303466e+02,0.000000000000e+00,0.000000000000e+00,0.000000000000e+00,0.000000000000e+00,7.901663625407e-04,8.612813351693e-02,2.658390381232e+02,2.537136688232e+02,0.000000000000e+00,1.171182875667e+00,0.000000000000e+00,5.545041644054e+04,1.090000000000e+02
5.700000000000e+01,1.032416543620e+08,8.573811181808e+04,1.066057532390e+06,5.332015720888e-01,3.308052611523e+02,-1.156250608367e-04,-1.260313163120e-02,0.000000000000e+00,0.000000000000e+00,1.495260905380e+02,0.000000000000e+00,0.000000000000e+00,0.000000000000e+00,0.000000000000e+00,7.682726518714e-04,8.374171905398e-02,2.656940676299e+02,2.519697570801e+02,0.000000000000e+00,1.171685747194e+00,0.000000000000e+00,5.544855241503e+04,1.090000000000e+02
5.800000000000e+01,1.032415087158e+08,8.588375803124e+04,1.071981628709e+06,5.356129040408e-01,3.311528657908e+02,-1.179274860407e-04,-1.285409597844e-02,0.000000000000e+00,0.000000000000e+00,1.456462131607e+02,0.000000000000e+00,0.000000000000e+00,0.000000000000e+00,0.000000000000e+00,8.659349223997e-04,9.438690654156e-02,2.656049519265e+02,2.524085693359e+02,0.000000000000e+00,1.172070733894e+00,0.000000000000e+00,5.544740156175e+04,1.090000000000e+02
5.900000000000e+01,1.032413678403e+08,8.602463354602e+04,1.077840353692e+06,5.378741603319e-01,3.315649766757e+02,-1.260415268964e-04,-1.373852643171e-02,0.000000000000e+00,0.000000000000e+00,1.408755147769e+02,0.000000000000e+00,0.000000000000e+00,0.000000000000e+00,0.000000000000e+00,8.444422535194e-04,9.204420563362e-02,2.655780117280e+02,2.533397979736e+02,0.000000000000e+00,1.172533696857e+00,0.000000000000e+00,5.544705934013e+04,1.090000000000e+02
6.000000000000e+01,1.032412314901e+08,8.616098376180e+04,1.082513498519e+06,5.393745002030e-01,3.320805499237e+02,-9.704649531984e-05,-1.057806798986e-02,0.000000000000e+00,0.000000000000e+00,1.363502157840e+02,0.000000000000e+00,0.000000000000e+00,0.000000000000e+00,0.000000000000e+00,6.784992360802e-04,7.395641673274e-02,2.655229956461e+02,2.535629119873e+02,0.000000000000e+00,1.172718882043e+00,0.000000000000e+00,5.544634030295e+04,1.090000000000e+02
6.100000000000e+01,1.032410990685e+08,8.629340534605e+04,1.086778389406e+06,5.406815622568e-01,3.325876355646e+02,-8.048512731125e-05,-8.772878876926e-03,0.000000000000e+00,0.000000000000e+00,1.324215842427e+02,0.000000000000e+00,0.000000000000e+00,0.000000000000e+00,0.000000000000e+00,6.277370916029e-04,6.842334298471e-02,2.654633709241e+02,2.533247375488e+02,0.000000000000e+00,1.172269759687e+00,0.000000000000e+00,5.544555773046e+04,1.090000000000e+02
6.200000000000e+01,1.032409703501e+08,8.642212367634e+04,1.091117149093e+06,5.420318935211e-01,3.330881516730e+02,-7.938855899580e-05,-8.653352930542e-03,0.000000000000e+00,0.000000000000e+00,1.287183302943e+02,0.000000000000e+00,0.000000000000e+00,0.000000000000e+00,0.000000000000e+00,6.410107947618e-04,6.987017662904e-02,2.654056127134e+02,2.534742431641e+02,0.000000000000e+00,1.172244536725e+00,0.000000000000e+00,5.544479524745e+04,1.090000000000e+02
6.300000000000e+01,1.032408449966e+08,8.654747721635e+04,1.095025265977e+06,5.430873250128e-01,3.336383541762e+02,-6.387301601885e-05,-6.962158746055e-03,0.000000000000e+00,0.000000000000e+00,1.253535400058e+02,0.000000000000e+00,0.000000000000e+00,0.000000000000e+00,0.000000000000e+00,5.864848544193e-04,6.392684913170e-02,2.653213774867e+02,2.537136230469e+02,0.000000000000e+00,1.172218783431e+00,0.000000000000e+00,5.544366604219e+04,1.090000000000e+02
6.400000000000e+01,1.032407232124e+08,8.666926137989e+04,1.098913520715e+06,5.441614593338e-01,3.341622238124e+02,-5.995080190540e-05,-6.534637407689e-03,0.000000000000e+00,0.000000000000e+00,1.217841635461e+02,0.000000000000e+00,0.000000000000e+00,0.000000000000e+00,0.000000000000e+00,5.834907165633e-04,6.360048810540e-02,2.653190541980e+02,2.548011016846e+02,0.000000000000e+00,1.171907139989e+00,0.000000000000e+00,5.544365151896e+04,1.090000000000e+02
6.500000000000e+01,1.032406049567e+08,8.678751716780e+04,1.103403530835e+06,5.456399275320e-01,3.346226568002e+02,-7.027062447036e-05,-7.659498067269e-03,0.000000000000e+00,0.000000000000e+00,1.182557879056e+02,0.000000000000e+00,0.000000000000e+00,0.000000000000e+00,0.000000000000e+00,6.750068807551e-04,7.357575000231e-02,2.652669624402e+02,2.546492462158e+02,0.000000000000e+00,1.171999732581e+00,0.000000000000e+00,5.544294992149e+04,1.090000000000e+02
6.600000000000e+01,1.032405458386e+08,8.684663521654e+04,1.106618436489e+06,5.461494512735e-01,3.352942670443e+02,-5.471131161740e-05,-5.963532966297e-03,0.000000000000e+00,0.000000000000e+00,5.911804874518e+01,0.000000000000e+00,0.000000000000e+00,0.000000000000e+00,0.000000000000e+00,4.825850676041e-04,5.260177236885e-02,2.651523240960e+02,2.534848632813e+02,0.000000000000e+00,1.169899292766e+00,0.000000000000e+00,5.544134107149e+04,1.090000000000e+02
6.700000000000e+01,1.032406252518e+08,8.676722201335e+04,1.109839737346e+06,5.468832198066e-01,3.358293141383e+02,-4.432992433530e-05,-4.831961752547e-03,0.000000000000e+00,0.000000000000e+00,-7.941320319430e+01,0.000000000000e+00,0.000000000000e+00,0.000000000000e+00,0.000000000000e+00,4.943057956622e-04,5.387933172719e-02,2.650393460395e+02,2.530272521973e+02,0.000000000000e+00,1.167803528801e+00,0.000000000000e+00,5.543965702954e+04,1.090000000000e+02
6.800000000000e+01,1.032404884780e+08,8.690399580573e+04,1.114243828190e+06,5.482099581159e-01,3.363511319343e+02,-6.416249660382e-05,-6.993712129816e-03,0.000000000000e+00,0.000000000000e+00,1.367737923769e+02,0.000000000000e+00,0.000000000000e+00,0.000000000000e+00,0.000000000000e+00,6.674601421717e-04,7.275315549671e-02,2.649707215981e+02,2.532356414795e+02,0.000000000000e+00,1.169619146488e+00,0.000000000000e+00,5.543880941737e+04,1.090000000000e+02
6.900000000000e+01,1.032403426417e+08,8.704983214866e+04,1.118110970672e+06,5.493188511476e-01,3.368392690019e+02,-8.018826134816e-05,-8.740520486949e-03,0.000000000000e+00,0.000000000000e+00,1.458363429359e+02,0.000000000000e+00,0.000000000000e+00,0.000000000000e+00,0.000000000000e+00,5.609310761971e-04,6.114148730548e-02,2.649430237585e+02,2.536759490967e+02,0.000000000000e+00,1.169443624996e+00,0.000000000000e+00,5.543846099578e+04,1.090000000000e+02
7.000000000000e+01,1.032402105988e+08,8.718187500831e+04,1.121414432961e+06,5.500364020532e-01,3.373959617337e+02,-9.291068528929e-05,-1.012726469653e-02,0.000000000000e+00,0.000000000000e+00,1.320428596526e+02,0.000000000000e+00,0.000000000000e+00,0.000000000000e+00,0.000000000000e+00,4.549888187665e-04,4.959378124555e-02,2.649155718002e+02,2.542370605469e+02,0.000000000000e+00,1.168813984118e+00,0.000000000000e+00,5.543809637491e+04,1.090000000000e+02
7.100000000000e+01,1.032400861420e+08,8.730633184222e+04,1.124615490704e+06,5.507221035630e-01,3.379424083653e+02,-8.731839087506e-05,-9.517704605381e-03,0.000000000000e+00,0.000000000000e+00,1.244568339057e+02,0.000000000000e+00,0.000000000000e+00,0.000000000000e+00,0.000000000000e+00,4.449735053857e-04,4.850211208704e-02,2.648609661272e+02,2.541549987793e+02,0.000000000000e+00,1.169369539674e+00,0.000000000000e+00,5.543733514367e+04,1.090000000000e+02
7.200000000000e+01,1.032399670991e+08,8.742537477312e+04,1.128239649041e+06,5.516768669367e-01,3.384491057012e+02,-7.027564383203e-05,-7.660045177691e-03,0.000000000000e+00,0.000000000000e+00,1.190429309023e+02,0.000000000000e+00,0.000000000000e+00,0.000000000000e+00,0.000000000000e+00,5.319116312838e-04,5.797836780993e-02,2.648094752388e+02,2.539223632813e+02,0.000000000000e+00,1.169832502637e+00,0.000000000000e+00,5.543661525138e+04,1.090000000000e+02
7.300000000000e+01,1.032398523126e+08,8.754016124973e+04,1.131570750516e+06,5.523976798066e-01,3.390092970548e+02,-5.344357958395e-05,-5.825350174651e-03,0.000000000000e+00,0.000000000000e+00,1.147864766113e+02,0.000000000000e+00,0.000000000000e+00,0.000000000000e+00,0.000000000000e+00,4.999615581543e-04,5.449580983882e-02,2.647643713954e+02,2.538805236816e+02,0.000000000000e+00,1.169634072312e+00,0.000000000000e+00,5.543598357744e+04,1.090000000000e+02
7.400000000000e+01,1.032397410105e+08,8.765146334872e+04,1.134188710592e+06,5.526931433695e-01,3.396198337988e+02,-3.703887877702e-05,-4.037237786696e-03,0.000000000000e+00,0.000000000000e+00,1.113020989891e+02,0.000000000000e+00,0.000000000000e+00,0.000000000000e+00,0.000000000000e+00,4.005641368712e-04,4.366149091896e-02,2.646752048818e+02,2.531322937012e+02,0.000000000000e+00,1.170492879089e+00,0.000000000000e+00,5.543470052890e+04,1.090000000000e+02
7.500000000000e+01,1.032396329038e+08,8.775957001668e+04,1.138369209907e+06,5.541110110299e-01,3.400009789938e+02,-5.106413653185e-05,-5.565990881972e-03,0.000000000000e+00,0.000000000000e+00,1.081066679531e+02,0.000000000000e+00,0.000000000000e+00,0.000000000000e+00,0.000000000000e+00,6.416678083772e-04,6.994179111312e-02,2.646560585400e+02,2.538346862793e+02,0.000000000000e+00,1.170678064274e+00,0.000000000000e+00,5.543444503846e+04,1.090000000000e+02
7.600000000000e+01,1.032395278547e+08,8.786461910674e+04,1.142217542591e+06,5.550250659646e-01,3.405917126752e+02,-6.217228346659e-05,-6.776778897858e-03,0.000000000000e+00,0.000000000000e+00,1.050490900639e+02,0.000000000000e+00,0.000000000000e+00,0.000000000000e+00,0.000000000000e+00,5.764775753239e-04,6.283605571030e-02,2.646198627163e+02,2.539913330078e+02,0.000000000000e+00,1.170770656867e+00,0.000000000000e+00,5.543393002061e+04,1.090000000000e+02
7.700000000000e+01,1.032394255071e+08,8.796696667510e+04,1.145864055296e+06,5.560137647306e-01,3.410775541750e+02,-6.344289938252e-05,-6.915276032694e-03,0.000000000000e+00,0.000000000000e+00,1.023475683638e+02,0.000000000000e+00,0.000000000000e+00,0.000000000000e+00,0.000000000000e+00,5.434315486321e-04,5.923403880090e-02,2.645520970005e+02,2.537506408691e+02,0.000000000000e+00,1.170079276067e+00,0.000000000000e+00,5.543294301035e+04,1.090000000000e+02
7.800000000000e+01,1.032393255498e+08,8.806692406279e+04,1.149553775454e+06,5.569728453908e-01,3.415930377639e+02,-6.975068675767e-05,-7.602824856586e-03,0.000000000000e+00,0.000000000000e+00,9.995738768411e+01,0.000000000000e+00,0.000000000000e+00,0.000000000000e+00,0.000000000000e+00,5.444802033791e-04,5.934834216832e-02,2.644811176077e+02,2.531352996826e+02,0.000000000000e+00,1.170445471519e+00,0.000000000000e+00,5.543190318803e+04,1.090000000000e+02
7.900000000000e+01,1.032392280870e+08,8.816438683601e+04,1.152705549196e+06,5.575887859530e-01,3.421471245797e+02,-4.787753366713e-05,-5.218651169717e-03,0.000000000000e+00,0.000000000000e+00,9.746277321859e+01,0.000000000000e+00,0.000000000000e+00,0.000000000000e+00,0.000000000000e+00,4.714746112676e-04,5.139073262817e-02,2.645235861992e+02,2.549983367920e+02,0.000000000000e+00,1.169221128022e+00,0.000000000000e+00,5.543256699928e+04,1.090000000000e+02
8.000000000000e+01,1.032391333569e+08,8.825911695101e+04,1.155995871670e+06,5.583229328328e-01,3.426658420622e+02,-4.561638101958e-05,-4.972185531134e-03,0.000000000000e+00,0.000000000000e+00,9.473011500563e+01,0.000000000000e+00,0.000000000000e+00,0.000000000000e+00,0.000000000000e+00,4.951805877151e-04,5.397468406095e-02,2.645956036482e+02,2.559228820801e+02,0.000000000000e+00,1.167537426557e+00,0.000000000000e+00,5.543365748020e+04,1.090000000000e+02
8.100000000000e+01,1.032390410956e+08,8.835137821107e+04,1.159201896423e+06,5.589825545436e-01,3.432081407280e+02,-4.892968368192e-05,-5.333335521330e-03,0.000000000000e+00,0.000000000000e+00,9.226126005651e+01,0.000000000000e+00,0.000000000000e+00,0.000000000000e+00,0.000000000000e+00,4.802333908623e-04,5.234543960399e-02,2.646226530896e+02,2.558812561035e+02,0.000000000000e+00,1.167630019150e+00,0.000000000000e+00,5.543407229570e+04,1.090000000000e+02
8.200000000000e+01,1.032389510805e+08,8.844139333433e+04,1.162401689745e+06,5.596597250365e-01,3.437331664170e+02,-3.239325278065e-05,-3.530864553091e-03,0.000000000000e+00,0.000000000000e+00,9.001512326260e+01,0.000000000000e+00,0.000000000000e+00,0.000000000000e+00,0.000000000000e+00,4.938511434735e-04,5.382977463861e-02,2.646863549911e+02,2.567831115723e+02,0.000000000000e+00,1.167630019150e+00,0.000000000000e+00,5.543502861412e+04,1.090000000000e+02
8.300000000000e+01,1.032388630798e+08,8.852939401404e+04,1.166512818564e+06,5.609382545920e-01,3.441626231277e+02,-2.009202382806e-05,-2.190030597258e-03,0.000000000000e+00,0.000000000000e+00,8.800067970658e+01,0.000000000000e+00,0.000000000000e+00,0.000000000000e+00,0.000000000000e+00,6.602777850733e-04,7.197027857299e-02,2.646855646090e+02,2.560948791504e+02,0.000000000000e+00,1.167088304201e+00,0.000000000000e+00,5.543503100319e+04,1.090000000000e+02
8.400000000000e+01,1.032387765449e+08,8.861592887706e+04,1.171191042386e+06,5.625377129768e-01,3.445696238882e+02,-2.803138777260e-05,-3.055421267213e-03,0.000000000000e+00,0.000000000000e+00,8.653486302515e+01,0.000000000000e+00,0.000000000000e+00,0.000000000000e+00,0.000000000000e+00,7.513948175874e-04,8.190203511702e-02,2.645837531651e+02,2.543579406738e+02,0.000000000000e+00,1.167366081979e+00,0.000000000000e+00,5.543354593319e+04,1.090000000000e+02
8.500000000000e+01,1.032386912688e+08,8.870120497649e+04,1.176031816706e+06,5.642368250188e-01,3.449604192345e+02,-2.900835825618e-05,-3.161911049924e-03,0.000000000000e+00,0.000000000000e+00,8.527609942407e+01,0.000000000000e+00,0.000000000000e+00,0.000000000000e+00,0.000000000000e+00,7.769544536081e-04,8.468803544328e-02,2.644902939046e+02,2.539071044922e+02,0.000000000000e+00,1.167366081979e+00,0.000000000000e+00,5.543217702755e+04,1.090000000000e+02
8.600000000000e+01,1.032386074500e+08,8.878502383491e+04,1.179799714342e+06,5.652643399531e-01,3.454381337370e+02,-7.502499730857e-06,-8.177724706634e-04,0.000000000000e+00,0.000000000000e+00,8.381885842523e+01,0.000000000000e+00,0.000000000000e+00,0.000000000000e+00,0.000000000000e+00,6.169835607002e-04,6.725120811632e-02,2.644718748367e+02,2.550620422363e+02,0.000000000000e+00,1.167458674572e+00,0.000000000000e+00,5.543192736164e+04,1.090000000000e+02
8.700000000000e+01,1.032387096432e+08,8.868283058168e+04,1.183160571912e+06,5.659481875816e-01,3.460017404702e+02,-5.249477580913e-06,-5.721930563195e-04,0.000000000000e+00,0.000000000000e+00,-1.021932532272e+02,0.000000000000e+00,0.000000000000e+00,0.000000000000e+00,0.000000000000e+00,5.499491386461e-04,5.994445611243e-02,2.644969222325e+02,2.561318969727e+02,0.000000000000e+00,1.162714945758e+00,0.000000000000e+00,5.543222269723e+04,1.090000000000e+02
8.800000000000e+01,1.032386950307e+08,8.869744314776e+04,1.186792535930e+06,5.668373100276e-01,3.465137653119e+02,-2.633520609706e-05,-2.870537464580e-03,0.000000000000e+00,0.000000000000e+00,1.461256607917e+01,0.000000000000e+00,0.000000000000e+00,0.000000000000e+00,0.000000000000e+00,5.715362717927e-04,6.229745362541e-02,2.645559790352e+02,2.568470153809e+02,0.000000000000e+00,1.162900130943e+00,0.000000000000e+00,5.543313607010e+04,1.090000000000e+02
8.900000000000e+01,1.032385694893e+08,8.882298456577e+04,1.190427587519e+06,5.677959921133e-01,3.469828614788e+02,-2.779435758296e-05,-3.029584976543e-03,0.000000000000e+00,0.000000000000e+00,1.255414180113e+02,0.000000000000e+00,0.000000000000e+00,0.000000000000e+00,0.000000000000e+00,5.707516582263e-04,6.221193074667e-02,2.646097913969e+02,2.572004699707e+02,0.000000000000e+00,1.163836503612e+00,0.000000000000e+00,5.543399780350e+04,1.090000000000e+02
9.000000000000e+01,1.032384652243e+08,8.892724956250e+04,1.194213603863e+06,5.689578259926e-01,3.473703304271e+02,-1.810850375930e-05,-1.973826909764e-03,0.000000000000e+00,0.000000000000e+00,1.042649967240e+02,0.000000000000e+00,0.000000000000e+00,0.000000000000e+00,0.000000000000e+00,6.054797894330e-04,6.599729704819e-02,2.646647424591e+02,2.573688354492e+02,0.000000000000e+00,1.164669836945e+00,0.000000000000e+00,5.543483805021e+04,1.090000000000e+02
9.100000000000e+01,1.032383684846e+08,8.902398922278e+04,1.197342290729e+06,5.695135088726e-01,3.479346808813e+02,1.220438384229e-06,1.330277838810e-04,0.000000000000e+00,0.000000000000e+00,9.673966027725e+01,0.000000000000e+00,0.000000000000e+00,0.000000000000e+00,0.000000000000e+00,5.156526056801e-04,5.620613401913e-02,2.647273101928e+02,2.580736083984e+02,0.000000000000e+00,1.164523166886e+00,0.000000000000e+00,5.543577651766e+04,1.090000000000e+02
9.200000000000e+01,1.032382765713e+08,8.911590247342e+04,1.200576933641e+06,5.703068892748e-01,3.483851095354e+02,4.506988775801e-06,4.912617765623e-04,0.000000000000e+00,0.000000000000e+00,9.191325064430e+01,0.000000000000e+00,0.000000000000e+00,0.000000000000e+00,0.000000000000e+00,5.374349822610e-04,5.858041306645e-02,2.647718324731e+02,2.582598876953e+02,0.000000000000e+00,1.164800944664e+00,0.000000000000e+00,5.543644259836e+04,1.090000000000e+02
9.300000000000e+01,1.032381880246e+08,8.920444923407e+04,1.205086326213e+06,5.718219447390e-01,3.487643936290e+02,-1.433523907066e-05,-1.562541058702e-03,0.000000000000e+00,0.000000000000e+00,8.854676065038e+01,0.000000000000e+00,0.000000000000e+00,0.000000000000e+00,0.000000000000e+00,7.303688028910e-04,7.961019951511e-02,2.648006672303e+02,2.582938537598e+02,0.000000000000e+00,1.164185770150e+00,0.000000000000e+00,5.543687789350e+04,1.090000000000e+02
9.400000000000e+01,1.032381021559e+08,8.929031793287e+04,1.210076304775e+06,5.735778835518e-01,3.491330458308e+02,-1.961655668215e-05,-2.138204678355e-03,0.000000000000e+00,0.000000000000e+00,8.586869879728e+01,0.000000000000e+00,0.000000000000e+00,0.000000000000e+00,0.000000000000e+00,8.042416841492e-04,8.766234357226e-02,2.648366170484e+02,2.583962707520e+02,0.000000000000e+00,1.164370955335e+00,0.000000000000e+00,5.543741452334e+04,1.090000000000e+02
9.500000000000e+01,1.032380185183e+08,8.937395548611e+04,1.214291909605e+06,5.748240894587e-01,3.495857147277e+02,-7.350911721267e-06,-8.012493776181e-04,0.000000000000e+00,0.000000000000e+00,8.363755324155e+01,0.000000000000e+00,0.000000000000e+00,0.000000000000e+00,0.000000000000e+00,6.879458796754e-04,7.498610088462e-02,2.648804132842e+02,2.586511230469e+02,0.000000000000e+00,1.163830190680e+00,0.000000000000e+00,5.543806038293e+04,1.090000000000e+02
9.600000000000e+01,1.032379368076e+08,8.945566623847e+04,1.218934560589e+06,5.764466950512e-01,3.499295775464e+02,1.933251402187e-05,2.107244028383e-03,0.000000000000e+00,0.000000000000e+00,8.171075236421e+01,0.000000000000e+00,0.000000000000e+00,0.000000000000e+00,0.000000000000e+00,7.847912343887e-04,8.554224454837e-02,2.649340330970e+02,2.590455932617e+02,0.000000000000e+00,1.163338839253e+00,0.000000000000e+00,5.543884118733e+04,1.090000000000e+02
9.700000000000e+01,1.032378567925e+08,8.953568131564e+04,1.223709024497e+06,5.780770705603e-01,3.503050482498e+02,3.685751652254e-05,4.017469300957e-03,0.000000000000e+00,0.000000000000e+00,8.001507716342e+01,0.000000000000e+00,0.000000000000e+00,0.000000000000e+00,0.000000000000e+00,8.244248500679e-04,8.986230865740e-02,2.649819908391e+02,2.592492065430e+02,0.000000000000e+00,1.162778292920e+00,0.000000000000e+00,5.543953500756e+04,1.090000000000e+02
9.800000000000e+01,1.032377782418e+08,8.961423200884e+04,1.227684978698e+06,5.792499915478e-01,3.507291908243e+02,6.477052012185e-05,7.059986693282e-03,0.000000000000e+00,0.000000000000e+00,7.855069320722e+01,0.000000000000e+00,0.000000000000e+00,0.000000000000e+00,0.000000000000e+00,7.213348268345e-04,7.862549612496e-02,2.650078557941e+02,2.592140502930e+02,0.000000000000e+00,1.161492245008e+00,0.000000000000e+00,5.543991380554e+04,1.090000000000e+02
9.900000000000e+01,1.032377010160e+08,8.969145780244e+04,1.231949559325e+06,5.806608887335e-01,3.510883921991e+02,7.238082501552e-05,7.889509926692e-03,0.000000000000e+00,0.000000000000e+00,7.722579360040e+01,0.000000000000e+00,0.000000000000e+00,0.000000000000e+00,0.000000000000e+00,7.757998225799e-04,8.456218066121e-02,2.650511832812e+02,2.595045776367e+02,0.000000000000e+00,1.160609848440e+00,0.000000000000e+00,5.544053740609e+04,1.090000000000e+02
1.000000000000e+02,1.032376250506e+08,8.976742315501e+04,1.235693949739e+06,5.816513863111e-01,3.515494529471e+02,5.933169155507e-05,6.467154379503e-03,0.000000000000e+00,0.000000000000e+00,7.596535256880e+01,0.000000000000e+00,0.000000000000e+00,0.000000000000e+00,0.000000000000e+00,6.752606912817e-04,7.360341534970e-02,2.651219986586e+02,2.601454162598e+02,0.000000000000e+00,1.159975540899e+00,0.000000000000e+00,5.544153837035e+04,1.090000000000e+02
1.010000000000e+02,1.032375502186e+08,8.984225524282e+04,1.239648781354e+06,5.828756225650e-01,3.519282227614e+02,5.819219957986e-05,6.342949754205e-03,0.000000000000e+00,0.000000000000e+00,7.483208780266e+01,0.000000000000e+00,0.000000000000e+00,0.000000000000e+00,0.000000000000e+00,7.093489636282e-04,7.731903703548e-02,2.651852384480e+02,2.603712158203e+02,0.000000000000e+00,1.158715359403e+00,0.000000000000e+00,5.544242414822e+04,1.090000000000e+02
1.020000000000e+02,1.032374764171e+08,8.991605674006e+04,1.243778399165e+06,5.841508060852e-01,3.523233746070e+02,7.062530139076e-05,7.698157851593e-03,0.000000000000e+00,0.000000000000e+00,7.380149724370e+01,0.000000000000e+00,0.000000000000e+00,0.000000000000e+00,0.000000000000e+00,7.502250030684e-04,8.177452533445e-02,2.652579756144e+02,2.609060668945e+02,0.000000000000e+00,1.157203732903e+00,0.000000000000e+00,5.544343253472e+04,1.090000000000e+02
1.030000000000e+02,1.032374035516e+08,8.998892216319e+04,1.247171679826e+06,5.849803312160e-01,3.527780400585e+02,8.422210641441e-05,9.180209599171e-03,0.000000000000e+00,0.000000000000e+00,7.286542313302e+01,0.000000000000e+00,0.000000000000e+00,0.000000000000e+00,0.000000000000e+00,6.424601193824e-04,7.002815301268e-02,2.653216553690e+02,2.612587280273e+02,0.000000000000e+00,1.156320181248e+00,0.000000000000e+00,5.544430792696e+04,1.090000000000e+02
1.040000000000e+02,1.032373315933e+08,9.006088047682e+04,1.249953030334e+06,5.854897550261e-01,3.532478411446e+02,1.133773359638e-04,1.235812962005e-02,0.000000000000e+00,0.000000000000e+00,7.195831363005e+01,0.000000000000e+00,0.000000000000e+00,0.000000000000e+00,0.000000000000e+00,5.681562925460e-04,6.192903588752e-02,2.654295168548e+02,2.623363647461e+02,0.000000000000e+00,1.156227588655e+00,0.000000000000e+00,5.544576816562e+04,1.090000000000e+02
1.050000000000e+02,1.032372604373e+08,9.013203648573e+04,1.253238035189e+06,5.863359390998e-01,3.536574683982e+02,1.027366401600e-04,1.119829377744e-02,0.000000000000e+00,0.000000000000e+00,7.115600891182e+01,0.000000000000e+00,0.000000000000e+00,0.000000000000e+00,0.000000000000e+00,6.418298849275e-04,6.995945745710e-02,2.655187940789e+02,2.624875183105e+02,0.000000000000e+00,1.156134996062e+00,0.000000000000e+00,5.544696007607e+04,1.090000000000e+02
1.060000000000e+02,1.032371899439e+08,9.020252989345e+04,1.258502039617e+06,5.884140237811e-01,3.538833543704e+02,9.208470778813e-05,1.003723314891e-02,0.000000000000e+00,0.000000000000e+00,7.049340771659e+01,0.000000000000e+00,0.000000000000e+00,0.000000000000e+00,0.000000000000e+00,9.599316325759e-04,1.046325479508e-01,2.655818679520e+02,2.624607849121e+02,0.000000000000e+00,1.155526484472e+00,0.000000000000e+00,5.544779630777e+04,1.090000000000e+02
1.070000000000e+02,1.032371200963e+08,9.027237756876e+04,1.262546379784e+06,5.895554311749e-01,3.543259795802e+02,1.165752975957e-04,1.270670743793e-02,0.000000000000e+00,0.000000000000e+00,6.984767531130e+01,0.000000000000e+00,0.000000000000e+00,0.000000000000e+00,0.000000000000e+00,7.814546660006e-04,8.517855859406e-02,2.656687323917e+02,2.630239257812e+02,0.000000000000e+00,1.155248706694e+00,0.000000000000e+00,5.544893530457e+04,1.090000000000e+02
1.080000000000e+02,1.032370507723e+08,9.034170152902e+04,1.265744595306e+06,5.903737265147e-01,3.547268053993e+02,1.334475202766e-04,1.454577971015e-02,0.000000000000e+00,0.000000000000e+00,6.932396025283e+01,0.000000000000e+00,0.000000000000e+00,0.000000000000e+00,0.000000000000e+00,6.600284212214e-04,7.194309791314e-02,2.657211464671e+02,2.627440795898e+02,0.000000000000e+00,1.154844470659e+00,0.000000000000e+00,5.544961820915e+04,1.090000000000e+02
1.090000000000e+02,1.032369819668e+08,9.041050705930e+04,1.268710773773e+06,5.909818121670e-01,3.551853085351e+02,1.233678434169e-04,1.344709493244e-02,0.000000000000e+00,0.000000000000e+00,6.880553028594e+01,0.000000000000e+00,0.000000000000e+00,0.000000000000e+00,0.000000000000e+00,6.100392260895e-04,6.649427564376e-02,2.658050035827e+02,2.635914916992e+02,0.000000000000e+00,1.154608122221e+00,0.000000000000e+00,5.545069858781e+04,1.090000000000e+02
1.100000000000e+02,1.032369136983e+08,9.047877556801e+04,1.272490750039e+06,5.921816054675e-01,3.555127331421e+02,1.332236094156e-04,1.452137342630e-02,0.000000000000e+00,0.000000000000e+00,6.826850871128e+01,0.000000000000e+00,0.000000000000e+00,0.000000000000e+00,0.000000000000e+00,7.532680856532e-04,8.210622133620e-02,2.659161573331e+02,2.643602294922e+02,0.000000000000e+00,1.154608122221e+00,0.000000000000e+00,5.545210755023e+04,1.090000000000e+02
1.110000000000e+02,1.032368458928e+08,9.054658107264e+04,1.276407209269e+06,5.933717217557e-01,3.558815568841e+02,1.541212284128e-04,1.679921389699e-02,0.000000000000e+00,0.000000000000e+00,6.780550462782e+01,0.000000000000e+00,0.000000000000e+00,0.000000000000e+00,0.000000000000e+00,7.960720660588e-04,8.677185520041e-02,2.660427906934e+02,2.653844299316e+02,0.000000000000e+00,1.153660689704e+00,0.000000000000e+00,5.545368482675e+04,1.090000000000e+02
1.120000000000e+02,1.032367783773e+08,9.061409652190e+04,1.279486005718e+06,5.940812926272e-01,3.563063265396e+02,1.662061242517e-04,1.811646754344e-02,0.000000000000e+00,0.000000000000e+00,6.751544925632e+01,0.000000000000e+00,0.000000000000e+00,0.000000000000e+00,0.000000000000e+00,6.710779863968e-04,7.314750051725e-02,2.661385814778e+02,2.653823852539e+02,0.000000000000e+00,1.153173857366e+00,0.000000000000e+00,5.545485992621e+04,1.090000000000e+02
1.130000000000e+02,1.032367110490e+08,9.068142483842e+04,1.282492666283e+06,5.948253171216e-01,3.566904078174e+02,1.902226527286e-04,2.073426914742e-02,0.000000000000e+00,0.000000000000e+00,6.732831652271e+01,0.000000000000e+00,0.000000000000e+00,0.000000000000e+00,0.000000000000e+00,6.837864385063e-04,7.453272179718e-02,2.662214842729e+02,2.653506774902e+02,0.000000000000e+00,1.151930867096e+00,0.000000000000e+00,5.545586616768e+04,1.090000000000e+02
1.140000000000e+02,1.032366439170e+08,9.074855683953e+04,1.285941385053e+06,5.963022433413e-01,3.567567989718e+02,1.852637327387e-04,2.019374686852e-02,0.000000000000e+00,0.000000000000e+00,6.713200110833e+01,0.000000000000e+00,0.000000000000e+00,0.000000000000e+00,0.000000000000e+00,7.516601508790e-04,8.193095644581e-02,2.663114289043e+02,2.656712951660e+02,0.000000000000e+00,1.151104093518e+00,0.000000000000e+00,5.545694492157e+04,1.090000000000e+02
1.150000000000e+02,1.032365769289e+08,9.081554489410e+04,1.290407587411e+06,5.975798575124e-01,3.572236891992e+02,1.988701451028e-04,2.167684581621e-02,0.000000000000e+00,0.000000000000e+00,6.698805457110e+01,0.000000000000e+00,0.000000000000e+00,0.000000000000e+00,0.000000000000e+00,9.336741875440e-04,1.017704864423e-01,2.664001735882e+02,2.658271179199e+02,0.000000000000e+00,1.150644846925e+00,0.000000000000e+00,5.545799584057e+04,1.090000000000e+02
1.160000000000e+02,1.032365100031e+08,9.088247076630e+04,1.294085101435e+06,5.986150569995e-01,3.576172463916e+02,2.096281616537e-04,2.284946962025e-02,0.000000000000e+00,0.000000000000e+00,6.692587219942e+01,0.000000000000e+00,0.000000000000e+00,0.000000000000e+00,0.000000000000e+00,8.150131606984e-04,8.883643451613e-02,2.664658920085e+02,2.656517944336e+02,0.000000000000e+00,1.150103131977e+00,0.000000000000e+00,5.545876654157e+04,1.090000000000e+02
1.170000000000e+02,1.032364431583e+08,9.094931556840e+04,1.297350927954e+06,5.995612507026e-01,3.579485227394e+02,2.480208308857e-04,2.703427056654e-02,0.000000000000e+00,0.000000000000e+00,6.684480209844e+01,0.000000000000e+00,0.000000000000e+00,0.000000000000e+00,0.000000000000e+00,7.850174313605e-04,8.556690001830e-02,2.665382519391e+02,2.660412597656e+02,0.000000000000e+00,1.150010539385e+00,0.000000000000e+00,5.545960734811e+04,1.090000000000e+02
1.180000000000e+02,1.032363765152e+08,9.101595867962e+04,1.301924815327e+06,6.016848501424e-01,3.579342296492e+02,3.230017085022e-04,3.520718622674e-02,0.000000000000e+00,0.000000000000e+00,6.664311122240e+01,0.000000000000e+00,0.000000000000e+00,0.000000000000e+00,0.000000000000e+00,1.074544444402e-03,1.171253444398e-01,2.666526741114e+02,2.670380859375e+02,0.000000000000e+00,1.148353502235e+00,0.000000000000e+00,5.546091630257e+04,1.090000000000e+02
1.190000000000e+02,1.032363099795e+08,9.108249436184e+04,1.307935821600e+06,6.043670502272e-01,3.579828685997e+02,3.241587465706e-04,3.533330337619e-02,0.000000000000e+00,0.000000000000e+00,6.653568221617e+01,0.000000000000e+00,0.000000000000e+00,0.000000000000e+00,0.000000000000e+00,1.313608651773e-03,1.431833430432e-01,2.667640899038e+02,2.674275207520e+02,0.000000000000e+00,1.146683998636e+00,0.000000000000e+00,5.546216860089e+04,1.090000000000e+02
1.200000000000e+02,1.032363428825e+08,9.104959138719e+04,1.313923947385e+06,6.062585442655e-01,3.584950962086e+02,2.675922554514e-04,2.916755584420e-02,0.000000000000e+00,0.000000000000e+00,-3.290297464405e+01,0.000000000000e+00,0.000000000000e+00,0.000000000000e+00,0.000000000000e+00,1.255253427833e-03,1.368226236338e-01,2.668327646849e+02,2.674375915527e+02,0.000000000000e+00,1.143308980128e+00,0.000000000000e+00,5.546289925434e+04,1.090000000000e+02
1.210000000000e+02,1.032363402336e+08,9.105224021421e+04,1.318983173477e+06,6.081188830425e-01,3.587705388509e+02,2.283908506536e-04,2.489460272124e-02,0.000000000000e+00,0.000000000000e+00,2.648827022984e+00,0.000000000000e+00,0.000000000000e+00,0.000000000000e+00,0.000000000000e+00,1.062817390374e-03,1.158470955508e-01,2.668901657773e+02,2.670426025391e+02,0.000000000000e+00,1.141366012048e+00,0.000000000000e+00,5.546351893996e+04,1.090000000000e+02
1.220000000000e+02,1.032363164917e+08,9.107598210652e+04,1.322283348139e+06,6.091535864567e-01,3.590553618011e+02,2.522326321814e-04,2.749335690777e-02,0.000000000000e+00,0.000000000000e+00,2.374189230944e+01,0.000000000000e+00,0.000000000000e+00,0.000000000000e+00,0.000000000000e+00,7.969563798155e-04,8.686824539989e-02,2.669172388257e+02,2.664530639648e+02,0.000000000000e+00,1.140062671401e+00,0.000000000000e+00,5.546381400569e+04,1.090000000000e+02
1.230000000000e+02,1.032362560997e+08,9.113637414438e+04,1.325297108292e+06,6.097753134673e-01,3.595041317040e+02,2.680993338859e-04,2.922282739356e-02,0.000000000000e+00,0.000000000000e+00,6.039203785237e+01,0.000000000000e+00,0.000000000000e+00,0.000000000000e+00,0.000000000000e+00,7.649837019056e-04,8.338322350771e-02,2.669531730557e+02,2.665059814453e+02,0.000000000000e+00,1.140656031341e+00,0.000000000000e+00,5.546422487348e+04,1.090000000000e+02
1.240000000000e+02,1.032361624582e+08,9.123001565676e+04,1.329660206280e+06,6.115807253554e-01,3.596189490592e+02,2.911658886516e-04,3.173708186302e-02,0.000000000000e+00,0.000000000000e+00,9.364151238729e+01,0.000000000000e+00,0.000000000000e+00,0.000000000000e+00,0.000000000000e+00,1.010441734952e-03,1.101381491098e-01,2.670082312319e+02,2.668302612305e+02,0.000000000000e+00,1.141090605840e+00,0.000000000000e+00,5.546483551385e+04,1.090000000000e+02
1.250000000000e+02,1.032360777807e+08,9.131469311493e+04,1.333085207247e+06,6.124945277203e-01,3.600000800609e+02,3.430990047755e-04,3.739779152053e-02,0.000000000000e+00,0.000000000000e+00,8.467745816782e+01,0.000000000000e+00,0.000000000000e+00,0.000000000000e+00,0.000000000000e+00,9.051610783045e-04,9.866255753519e-02,2.671125683460e+02,2.678546447754e+02,0.000000000000e+00,1.140737528204e+00,0.000000000000e+00,5.546595660139e+04,1.090000000000e+02
1.260000000000e+02,1.032359968237e+08,9.139565013363e+04,1.335122653191e+06,6.128168351289e-01,3.603532570092e+02,3.365611689336e-04,3.668516741377e-02,0.000000000000e+00,0.000000000000e+00,8.095701869944e+01,0.000000000000e+00,0.000000000000e+00,0.000000000000e+00,0.000000000000e+00,6.690266202411e-04,7.292390160628e-02,2.672207091380e+02,2.686212768555e+02,0.000000000000e+00,1.140362167057e+00,0.000000000000e+00,5.546709575269e+04,1.090000000000e+02
1.270000000000e+02,1.032359181294e+08,9.147434445728e+04,1.337434772760e+06,6.133368023705e-01,3.606623788270e+02,3.829989126428e-04,4.174688147806e-02,0.000000000000e+00,0.000000000000e+00,7.869432364822e+01,0.000000000000e+00,0.000000000000e+00,0.000000000000e+00,0.000000000000e+00,7.599683372752e-04,8.283654876300e-02,2.673531488420e+02,2.694077758789e+02,0.000000000000e+00,1.139865338429e+00,0.000000000000e+00,5.546846351346e+04,1.090000000000e+02
1.280000000000e+02,1.032358410576e+08,9.155141624805e+04,1.339681585373e+06,6.139124544703e-01,3.609207290441e+02,4.073941827802e-04,4.440596592305e-02,0.000000000000e+00,0.000000000000e+00,7.707179076714e+01,0.000000000000e+00,0.000000000000e+00,0.000000000000e+00,0.000000000000e+00,7.736168355337e-04,8.432423507318e-02,2.674866938768e+02,2.699099731445e+02,0.000000000000e+00,1.139865338429e+00,0.000000000000e+00,5.546981301851e+04,1.090000000000e+02
1.290000000000e+02,1.032357645143e+08,9.161933907026e+04,1.342229027097e+06,6.141355726604e-01,3.614668567770e+02,4.442048822921e-04,4.841833216984e-02,0.000000000000e+00,8.620886749163e+00,7.654370896656e+01,0.000000000000e+00,0.000000000000e+00,0.000000000000e+00,0.000000000000e+00,8.601290426644e-04,9.375406565042e-02,2.676230349314e+02,2.703914794922e+02,0.000000000000e+00,1.139236723926e+00,8.620886749163e+00,5.547116259472e+04,1.090000000000e+02
1.300000000000e+02,1.032356881425e+08,9.168003925448e+04,1.346437860994e+06,6.157682725236e-01,3.616323640514e+02,4.843827788507e-04,5.279772289472e-02,0.000000000000e+00,1.567097654590e+01,7.637116076477e+01,0.000000000000e+00,0.000000000000e+00,0.000000000000e+00,0.000000000000e+00,1.176469218593e-03,1.282351448266e-01,2.677259266769e+02,2.702321166992e+02,0.000000000000e+00,1.138460230776e+00,1.567097654590e+01,5.547216120998e+04,1.090000000000e+02
1.310000000000e+02,1.032356119027e+08,9.173986395915e+04,1.351277084125e+06,6.178675362866e-01,3.616945907200e+02,4.852257509519e-04,5.288960685376e-02,0.000000000000e+00,1.641462430950e+01,7.623932897299e+01,0.000000000000e+00,0.000000000000e+00,0.000000000000e+00,0.000000000000e+00,1.282838247176e-03,1.398293689422e-01,2.677965652619e+02,2.700245056152e+02,0.000000000000e+00,1.138460230776e+00,1.641462430950e+01,5.547283771091e+04,1.090000000000e+02
1.320000000000e+02,1.032355358541e+08,9.179733492496e+04,1.354749301514e+06,6.189799469348e-01,3.619669790614e+02,4.834274406244e-04,5.269359102806e-02,0.000000000000e+00,1.857730066712e+01,7.604826647649e+01,0.000000000000e+00,0.000000000000e+00,0.000000000000e+00,0.000000000000e+00,1.054384125811e-03,1.149278697134e-01,2.678825647485e+02,2.705227355957e+02,0.000000000000e+00,1.137734280935e+00,1.857730066712e+01,5.547365212418e+04,1.090000000000e+02
1.330000000000e+02,1.032354599051e+08,9.185210042132e+04,1.357411067513e+06,6.197769222780e-01,3.622069627330e+02,4.902155972375e-04,5.343350009888e-02,0.000000000000e+00,2.118400401664e+01,7.594950038186e+01,0.000000000000e+00,0.000000000000e+00,0.000000000000e+00,0.000000000000e+00,9.274335992473e-04,1.010902623180e-01,2.679616491622e+02,2.704778747559e+02,0.000000000000e+00,1.137456503157e+00,2.118400401664e+01,5.547439050669e+04,1.090000000000e+02
1.340000000000e+02,1.032353839742e+08,9.190500091463e+04,1.359473545771e+06,6.201426414452e-01,3.625385771982e+02,5.100198411159e-04,5.559216268164e-02,0.000000000000e+00,2.302994833991e+01,7.593044164637e+01,0.000000000000e+00,0.000000000000e+00,0.000000000000e+00,0.000000000000e+00,8.481920794270e-04,9.245293665755e-02,2.680412333554e+02,2.707965087891e+02,0.000000000000e+00,1.136694255825e+00,2.302994833991e+01,5.547512424541e+04,1.090000000000e+02
1.350000000000e+02,1.032353080581e+08,9.195414830001e+04,1.361253350466e+06,6.203980828037e-01,3.628578357295e+02,5.755252627774e-04,6.273225364273e-02,0.000000000000e+00,2.676879939012e+01,7.591618477064e+01,0.000000000000e+00,0.000000000000e+00,0.000000000000e+00,0.000000000000e+00,8.662011622585e-04,9.441592668617e-02,2.681405439849e+02,2.715332641602e+02,0.000000000000e+00,1.136059948284e+00,2.676879939012e+01,5.547602629313e+04,1.090000000000e+02
1.360000000000e+02,1.032352320104e+08,9.200056498886e+04,1.362484432112e+06,6.204358876256e-01,3.631587562671e+02,6.554015563965e-04,7.143876964722e-02,0.000000000000e+00,2.963055380804e+01,7.604724265681e+01,0.000000000000e+00,0.000000000000e+00,0.000000000000e+00,0.000000000000e+00,8.558255041917e-04,9.328497995689e-02,2.682278036984e+02,2.717089233398e+02,0.000000000000e+00,1.135674961584e+00,2.963055380804e+01,5.547680585857e+04,1.090000000000e+02
1.370000000000e+02,1.032351558426e+08,9.204279228259e+04,1.363259939113e+06,6.201849502873e-01,3.635056858559e+02,6.928038503635e-04,7.551561968962e-02,0.000000000000e+00,3.394212557667e+01,7.616941930791e+01,0.000000000000e+00,0.000000000000e+00,0.000000000000e+00,0.000000000000e+00,8.168360595139e-04,8.903513048701e-02,2.683458058415e+02,2.724472961426e+02,0.000000000000e+00,1.134229594903e+00,3.394212557667e+01,5.547784256001e+04,1.090000000000e+02
1.380000000000e+02,1.032350794314e+08,9.207995142080e+04,1.363947432744e+06,6.199297373898e-01,3.638321033249e+02,6.612103218383e-04,7.207192508037e-02,0.000000000000e+00,3.925212593236e+01,7.641126414824e+01,0.000000000000e+00,0.000000000000e+00,0.000000000000e+00,0.000000000000e+00,7.707965288119e-04,8.401682164049e-02,2.684631218836e+02,2.728903503418e+02,0.000000000000e+00,1.132516945702e+00,3.925212593236e+01,5.547885141031e+04,1.090000000000e+02
1.390000000000e+02,1.032353201670e+08,9.218350364048e+04,1.364782106966e+06,6.197446786111e-01,3.641557586924e+02,6.641177703076e-04,7.238883696353e-02,0.000000000000e+00,5.439187494048e+01,-2.407360934824e+02,6.592432357075e-05,7.185751269211e-03,0.000000000000e+00,0.000000000000e+00,8.633079930731e-04,9.410057124497e-02,2.686045198063e+02,2.731107177734e+02,0.000000000000e+00,1.127937688254e+00,5.439187494048e+01,5.548002320975e+04,1.090000000000e+02
1.400000000000e+02,1.032472739834e+08,9.462618415508e+04,1.352164622510e+06,6.135006544708e-01,3.644221268162e+02,5.995434244742e-04,6.535023326769e-02,0.000000000000e+00,3.596260264922e+02,-1.195381636425e+04,2.439949404632e-03,2.659544851048e-01,0.000000000000e+00,0.000000000000e+00,9.291321575413e-04,1.012754051720e-01,2.694201137605e+02,2.735635070801e+02,0.000000000000e+00,9.997782822537e-01,3.596260264922e+02,5.548595518159e+04,1.090000000000e+02
1.410000000000e+02,1.032678341520e+08,1.009556189460e+05,1.324802284968e+06,6.002329092743e-01,3.648987143292e+02,4.847214188509e-04,5.283463465474e-02,0.000000000000e+00,1.325623815193e+03,-2.056017365056e+04,4.492139356705e-03,4.896431898809e-01,1.728001351694e-04,1.883521473346e-02,4.278776745610e-04,4.663866652715e-02,2.704289956849e+02,2.737495727539e+02,0.000000000000e+00,7.570470144341e-01,1.325623815193e+03,5.549222729601e+04,1.090000000000e+02
1.420000000000e+02,1.033245172719e+08,1.306273347902e+05,1.267936444590e+06,5.733272130911e-01,3.655501049578e+02,2.698260337327e-04,2.941103767686e-02,0.000000000000e+00,1.674761425508e+05,-5.668312412353e+04,9.174568488405e-03,1.000027965236e+00,3.278279715821e-02,3.573324890245e+00,0.000000000000e+00,0.000000000000e+00,2.731052435878e+02,2.749679870605e+02,0.000000000000e+00,-5.266010107398e-16,1.674761425508e+05,5.550359270086e+04,1.090000000000e+02
1.430000000000e+02,1.033295613609e+08,1.419314790778e+05,1.181647754517e+06,5.333651761994e-01,3.661979598004e+02,5.744530251042e-05,6.261537973636e-03,0.000000000000e+00,2.731373880214e+05,-5.044063393202e+03,1.420508805260e-02,1.548354597734e+00,3.364465051351e-02,3.667266905972e+00,0.000000000000e+00,0.000000000000e+00,2.730738031006e+02,2.757260437012e+02,0.000000000000e+00,3.518518518475e-03,2.731373880214e+05,5.550351855162e+04,1.090000000000e+02
1.440000000000e+02,1.033329886175e+08,1.579701874196e+05,1.079880686228e+06,4.866143642825e-01,3.668120020576e+02,-5.914274491180e-05,-6.446559195387e-03,0.000000000000e+00,9.002024657908e+04,-3.427260777962e+03,1.688040551232e-02,1.839964200843e+00,1.216842014853e-03,1.326357796189e-01,0.000000000000e+00,0.000000000000e+00,2.730641547601e+02,2.760657348633e+02,0.000000000000e+00,1.851851851823e-03,9.002024657908e+04,5.550349574099e+04,1.090000000000e+02
1.450000000000e+02,1.033353477402e+08,1.731358544151e+05,9.697163274436e+05,4.362881134921e-01,3.673872366627e+02,-1.178950019461e-04,-1.285055521213e-02,0.000000000000e+00,9.443295078842e+04,-2.359122292099e+03,1.832720250754e-02,1.997665073322e+00,1.785752669754e-04,1.946470410032e-02,0.000000000000e+00,0.000000000000e+00,2.730590033119e+02,2.761352539063e+02,0.000000000000e+00,6.018518518494e-03,9.443295078842e+04,5.550348338814e+04,1.090000000000e+02
1.460000000000e+02,1.033370685461e+08,1.871666588895e+05,8.583354408913e+05,3.855884512423e-01,3.679474343906e+02,-1.238083600480e-04,-1.349511124523e-02,0.000000000000e+00,9.742930002696e+04,-1.720806798085e+03,1.853421235467e-02,2.020229146660e+00,1.737499881964e-04,1.893874871341e-02,0.000000000000e+00,0.000000000000e+00,2.730551883784e+02,2.759951782227e+02,0.000000000000e+00,8.796296296269e-03,9.742930002696e+04,5.550347368667e+04,1.090000000000e+02
1.470000000000e+02,1.033384251449e+08,2.003297949946e+05,7.405682446558e+05,3.322029006754e-01,3.684803689795e+02,-1.427406196497e-04,-1.555872754182e-02,0.000000000000e+00,1.041430214738e+05,-1.356599220771e+03,1.960877445473e-02,2.137356415566e+00,5.298397651087e-06,5.775253439685e-04,0.000000000000e+00,0.000000000000e+00,2.730539947380e+02,2.762627258301e+02,0.000000000000e+00,7.037037037020e-03,1.041430214738e+05,5.550347038033e+04,1.090000000000e+02
1.480000000000e+02,1.033394772552e+08,2.125653186244e+05,6.186013645557e+05,2.771120204176e-01,3.689844938939e+02,-1.520752167379e-04,-1.657619862443e-02,0.000000000000e+00,1.096453197773e+05,-1.052102849885e+03,2.031228398924e-02,2.214038954827e+00,7.621144845410e-06,8.307047881497e-04,0.000000000000e+00,0.000000000000e+00,2.730516882659e+02,2.762880859375e+02,0.000000000000e+00,5.370370370365e-03,1.096453197773e+05,5.550346444123e+04,1.090000000000e+02
1.490000000000e+02,1.033402983488e+08,2.238831790916e+05,4.977223299034e+05,2.226871837709e-01,3.694403871072e+02,-1.666567978684e-04,-1.816559096766e-02,0.000000000000e+00,1.146062925638e+05,-8.211031168500e+02,2.014708304750e-02,2.196032052178e+00,8.029708238925e-04,8.752381980429e-02,0.000000000000e+00,0.000000000000e+00,2.730485408878e+02,2.766585998535e+02,0.000000000000e+00,4.074074074077e-03,1.146062925638e+05,5.550345655460e+04,1.090000000000e+02
1.500000000000e+02,1.033409665270e+08,2.341576130216e+05,3.619083392591e+05,1.617971828239e-01,3.697257167259e+02,-2.492748508707e-04,-2.717095874491e-02,0.000000000000e+00,1.461645285953e+05,-6.681602310392e+02,2.269833071709e-02,2.474118048163e+00,3.270311004077e-03,3.564638994444e-01,0.000000000000e+00,0.000000000000e+00,2.730496530173e+02,2.772521362305e+02,0.000000000000e+00,3.425925925927e-03,1.461645285953e+05,5.550345737242e+04,1.090000000000e+02
1.510000000000e+02,1.033412524542e+08,2.432750204711e+05,2.155646106987e+05,9.636053537086e-02,3.697676425208e+02,-2.851207957108e-04,-3.107816673248e-02,0.000000000000e+00,1.599725184056e+05,-2.859348685031e+02,2.447492928124e-02,2.667767291655e+00,3.521648503574e-03,3.838596868896e-01,0.000000000000e+00,0.000000000000e+00,2.730512325664e+02,2.768986206055e+02,0.000000000000e+00,9.907407407447e-03,1.599725184056e+05,5.550346485724e+04,1.090000000000e+02
1.520000000000e+02,1.033415779275e+08,2.523378067033e+05,7.056636994244e+04,3.159603297864e-02,3.691505976971e+02,-2.749037593398e-04,-2.996450976803e-02,0.000000000000e+00,1.440685045364e+05,-3.254583845080e+02,2.424202985911e-02,2.642381254643e+00,1.123233325870e-03,1.224324325198e-01,0.000000000000e+00,0.000000000000e+00,2.730525783736e+02,2.771823425293e+02,0.000000000000e+00,1.111111111115e-02,1.440685045364e+05,5.550347028224e+04,1.090000000000e+02
1.530000000000e+02,1.033424543838e+08,1.220152956742e+05,3.115987955156e+03,1.406774686962e-03,3.660996573072e+02,-3.867468050809e-04,-4.215540175382e-02,2.708678916023e-03,1.997784492491e+05,-7.261277876526e+02,1.128440343889e-02,1.229999974838e+00,8.961739276845e-05,9.768295811761e-03,0.000000000000e+00,0.000000000000e+00,2.735323478711e+02,2.772532348633e+02,7.407407407397e-04,6.388888888899e-03,1.997784492491e+05,5.550414235325e+04,1.090000000000e+02
1.540000000000e+02,1.033400844656e+08,6.500112651334e+04,2.680635657048e+01,1.222791249534e-05,3.624699763193e+02,3.820751253357e-04,4.164618866159e-02,-5.085040166290e-02,6.046031697889e+04,-4.525352284317e+02,5.160111002987e-04,5.624520993256e-02,4.934171013574e-05,5.378246404795e-03,0.000000000000e+00,0.000000000000e+00,2.780941647506e+02,2.775728149414e+02,2.888888888886e-02,7.083333333329e-02,6.046031697889e+04,5.550176925200e+04,1.090000000000e+02
1.550000000000e+02,1.033312221098e+08,4.374488562962e+04,6.099777703080e-01,2.806143176616e-07,3.601005249999e+02,9.420642938316e-04,1.026850080276e-01,-1.078416258639e-01,2.486764840522e+04,2.876956529957e+03,4.373688531014e-06,4.767320498805e-04,6.972769280067e-05,7.600318515273e-03,0.000000000000e+00,0.000000000000e+00,2.792611373886e+02,2.781106567383e+02,4.666666666662e-02,1.019444444444e-01,2.486764840522e+04,5.549838855330e+04,1.090000000000e+02
1.560000000000e+02,1.033216114315e+08,2.658340925321e+04,4.222113135283e-01,1.935078367259e-07,3.604798083033e+02,1.042442035131e-03,1.136261818292e-01,-1.182918249773e-01,2.075032456399e+04,3.045660648030e+03,3.153572932646e-08,3.437394496584e-06,4.691194961379e-05,5.113402507903e-03,0.000000000000e+00,0.000000000000e+00,2.802524671185e+02,2.785783386230e+02,6.537037037031e-02,1.341666666666e-01,2.075032456399e+04,5.549496264515e+04,1.090000000000e+02
1.570000000000e+02,1.033405922975e+08,1.439602125053e+04,4.174551717375e-01,1.909318634334e-07,3.610355376151e+02,1.134652993541e-03,1.236771762959e-01,-1.271180027852e-01,1.812651893809e+04,-2.603542425857e+04,7.985043763640e-10,8.703697702368e-08,5.254421329593e-03,5.727319249257e-01,0.000000000000e+00,0.000000000000e+00,2.805665125517e+02,2.790574340820e+02,8.055555555548e-02,1.051851851851e-01,1.812651893809e+04,5.549404799940e+04,1.090000000000e+02
1.580000000000e+02,1.033546926767e+08,6.795377380443e+03,4.170402468388e-01,1.903923637671e-07,3.616320846713e+02,1.445266972691e-03,1.575341000234e-01,-1.595493621961e-01,1.642300139111e+04,-2.295453306090e+04,6.532003321444e-11,7.119883620374e-09,5.234892917900e-03,5.706033280511e-01,0.000000000000e+00,0.000000000000e+00,2.811856801108e+02,2.794629516602e+02,9.583333333325e-02,8.814814814811e-02,1.642300139111e+04,5.549158425184e+04,1.090000000000e+02
1.590000000000e+02,1.033403875635e+08,2.332509760459e+03,4.170045164144e-01,1.900371252656e-07,3.600013752821e+02,1.430283371415e-03,1.559008874843e-01,-1.570240630199e-01,1.040901424767e+04,5.591408169501e+03,4.266140803591e-12,4.650093475914e-10,4.829000309497e-05,5.263610337352e-03,0.000000000000e+00,0.000000000000e+00,2.815439008461e+02,2.796016235352e+02,1.065740740740e-01,1.281481481481e-01,1.040901424767e+04,5.549016963959e+04,1.090000000000e+02
1.600000000000e+02,1.033339672423e+08,2.537482164600e+01,4.170166935467e-01,1.896909366757e-07,3.606594395509e+02,1.284113434011e-03,1.399683643072e-01,-1.405112118214e-01,7.133065594987e+03,-1.377016417338e+03,0.000000000000e+00,0.000000000000e+00,1.020506146316e-03,1.112351699485e-01,0.000000000000e+00,0.000000000000e+00,2.812647902354e+02,2.791690673828e+02,1.205555555555e-01,1.498148148148e-01,7.133065594987e+03,5.549168474916e+04,1.090000000000e+02
1.610000000000e+02,1.033291569789e+08,2.139078023448e+01,4.170040723209e-01,1.893477832287e-07,3.613140928807e+02,1.250693195401e-03,1.363255582987e-01,-1.362755044998e-01,3.754856728880e+03,-2.752019482725e+03,0.000000000000e+00,0.000000000000e+00,1.075540816244e-03,1.172339489706e-01,0.000000000000e+00,0.000000000000e+00,2.816443219070e+02,2.793969116211e+02,1.312962962963e-01,1.675925925926e-01,3.754856728880e+03,5.548995426414e+04,1.090000000000e+02
1.620000000000e+02,1.033687609255e+08,4.295508557460e+01,4.170029685908e-01,1.890076176170e-07,3.619653765869e+02,1.392440711929e-03,1.517760376003e-01,-1.516899760663e-01,5.624382607189e+03,-4.802142505343e+04,0.000000000000e+00,0.000000000000e+00,8.873790885598e-03,9.672432065302e-01,0.000000000000e+00,0.000000000000e+00,2.816814993831e+02,2.798356933594e+02,1.422222222222e-01,9.416666666664e-02,5.624382607189e+03,5.548977689223e+04,1.090000000000e+02
1.630000000000e+02,1.033872089467e+08,9.585670808906e+01,4.169696153891e-01,1.886703942107e-07,3.626133312020e+02,1.944805372285e-03,2.119837855791e-01,-2.092222331805e-01,2.099352645116e+04,-3.005770353702e+04,0.000000000000e+00,0.000000000000e+00,8.474651717223e-03,9.237370371773e-01,0.000000000000e+00,0.000000000000e+00,2.825804831736e+02,2.808309326172e+02,1.527777777778e-01,5.925925925926e-02,2.099352645116e+04,5.548531227779e+04,1.090000000000e+02
1.640000000000e+02,1.033689837333e+08,3.034462126510e+01,4.169452298659e-01,1.883360673298e-07,3.632579964948e+02,1.856320483029e-03,2.023389326501e-01,-2.022007980646e-01,7.334851142506e+03,7.005976327149e+03,0.000000000000e+00,0.000000000000e+00,4.475157213912e-05,4.877921363164e-03,0.000000000000e+00,0.000000000000e+00,2.831878539262e+02,2.810282287598e+02,1.638888888889e-01,1.122222222222e-01,7.334851142506e+03,5.548207978410e+04,1.090000000000e+02
1.650000000000e+02,1.033545420950e+08,2.425983126873e+01,4.169444179785e-01,1.880045926112e-07,3.638994114909e+02,1.666741446707e-03,1.816748176911e-01,-1.815707192447e-01,4.796035607906e+03,4.367373895068e+03,0.000000000000e+00,0.000000000000e+00,7.077467551722e-05,7.714439631377e-03,0.000000000000e+00,0.000000000000e+00,2.832062771353e+02,2.809876098633e+02,1.740740740740e-01,1.474074074074e-01,4.796035607906e+03,5.548198006585e+04,1.090000000000e+02
1.660000000000e+02,1.033428759452e+08,2.061143171660e+01,4.169249161547e-01,1.876759266579e-07,3.645376144908e+02,1.525909606649e-03,1.663241471247e-01,-1.662360239242e-01,3.432979182793e+03,2.442931021968e+03,0.000000000000e+00,0.000000000000e+00,1.638682188112e-04,1.786163585042e-02,0.000000000000e+00,0.000000000000e+00,2.836708329962e+02,2.814077453613e+02,1.841666666666e-01,1.774074074074e-01,3.432979182793e+03,5.547939487969e+04,1.090000000000e+02
1.670000000000e+02,1.033499477925e+08,2.564177045215e+01,4.169351404640e-01,1.873500267616e-07,3.651726430889e+02,1.468978751683e-03,1.601186839334e-01,-1.600286161626e-01,3.508049022110e+03,-1.595053885785e+04,0.000000000000e+00,0.000000000000e+00,3.219321421806e-03,3.509060349768e-01,0.000000000000e+00,0.000000000000e+00,2.834292418752e+02,2.810485839844e+02,1.923148148148e-01,1.700000000000e-01,3.508049022110e+03,5.548075070942e+04,1.090000000000e+02
1.680000000000e+02,1.033555676891e+08,2.444859024981e+01,4.169240170408e-01,1.870268524950e-07,3.658045341903e+02,1.561585571747e-03,1.702128273205e-01,-1.701068747739e-01,4.493563835769e+03,-1.505775976683e+04,0.000000000000e+00,0.000000000000e+00,3.233764137485e-03,3.524802909859e-01,0.000000000000e+00,0.000000000000e+00,2.836928483509e+02,2.814255371094e+02,1.998148148148e-01,1.650925925926e-01,4.493563835769e+03,5.547926935093e+04,1.090000000000e+02
1.690000000000e+02,1.033477840166e+08,2.154788443206e+01,4.169229852107e-01,1.867063621169e-07,3.664333240287e+02,1.521120898706e-03,1.658021779590e-01,-1.657064869804e-01,3.578710616021e+03,-1.409895577389e+03,0.000000000000e+00,0.000000000000e+00,8.252917237754e-04,8.995679789152e-02,0.000000000000e+00,0.000000000000e+00,2.837161419011e+02,2.815067443848e+02,2.091666666666e-01,1.860185185185e-01,3.578710616021e+03,5.547913777476e+04,1.090000000000e+02
1.700000000000e+02,1.033386558743e+08,1.852704842023e+01,4.168951663566e-01,1.863885163060e-07,3.670590481827e+02,1.448909665383e-03,1.579311535267e-01,-1.578453213438e-01,2.880033437759e+03,3.710168810541e+02,0.000000000000e+00,0.000000000000e+00,4.151534257201e-04,4.525172340349e-02,0.000000000000e+00,0.000000000000e+00,2.843522148853e+02,2.821379394531e+02,2.192592592592e-01,2.099074074074e-01,2.880033437759e+03,5.547544911024e+04,1.090000000000e+02
1.710000000000e+02,1.033754922954e+08,3.668220367652e+01,4.168992559074e-01,1.860732758727e-07,3.676817415918e+02,1.462519083159e-03,1.594145800643e-01,-1.593087491968e-01,4.623275716157e+03,-4.567445012342e+04,0.000000000000e+00,0.000000000000e+00,8.321954635825e-03,9.070930553049e-01,0.000000000000e+00,0.000000000000e+00,2.842628481615e+02,2.824451293945e+02,2.292592592592e-01,1.446296296296e-01,4.623275716157e+03,5.547597449237e+04,1.090000000000e+02
1.720000000000e+02,1.034009486086e+08,3.994545875602e+01,4.169067189739e-01,1.857606030765e-07,3.683014385720e+02,1.739036869087e-03,1.895550187305e-01,-1.894013970716e-01,1.038168946750e+04,-3.596402298201e+04,0.000000000000e+00,0.000000000000e+00,7.666211877601e-03,8.356170946585e-01,0.000000000000e+00,0.000000000000e+00,2.840976964864e+02,2.823237609863e+02,2.391666666666e-01,1.009259259259e-01,1.038168946750e+04,5.547694001568e+04,1.090000000000e+02
1.730000000000e+02,1.033843124991e+08,3.007745209480e+01,4.169066384788e-01,1.854504608465e-07,3.689181728309e+02,1.596144982602e-03,1.739798031036e-01,-1.738584488849e-01,7.133969128502e+03,6.990684286404e+03,0.000000000000e+00,0.000000000000e+00,2.313221108396e-05,2.521411008152e-03,0.000000000000e+00,0.000000000000e+00,2.840980473417e+02,2.824651489258e+02,2.447222222222e-01,1.409259259259e-01,7.133969128502e+03,5.547694010967e+04,1.090000000000e+02
1.740000000000e+02,1.033707228884e+08,2.433456075632e+01,4.169000527689e-01,1.851428124337e-07,3.695319774827e+02,1.493628787490e-03,1.628055378364e-01,-1.627039150666e-01,4.718043344894e+03,4.563093417806e+03,0.000000000000e+00,0.000000000000e+00,2.556499111768e-05,2.786584031827e-03,0.000000000000e+00,0.000000000000e+00,2.842458463777e+02,2.821457519531e+02,2.498148148148e-01,1.727777777778e-01,4.718043344894e+03,5.547607602092e+04,1.090000000000e+02
1.750000000000e+02,1.033586433692e+08,2.060482615612e+01,4.168815705073e-01,1.848376221048e-07,3.701428850616e+02,1.485165616793e-03,1.618830522305e-01,-1.617902181214e-01,3.435465255807e+03,3.103954692547e+03,0.000000000000e+00,0.000000000000e+00,5.501551567079e-05,5.996691208116e-03,0.000000000000e+00,0.000000000000e+00,2.846565116767e+02,2.825447692871e+02,2.597222222222e-01,2.002777777778e-01,3.435465255807e+03,5.547363307416e+04,1.090000000000e+02
1.760000000000e+02,1.033479673508e+08,1.809878551859e+01,4.168579520128e-01,1.845348548205e-07,3.707509275366e+02,1.431512635380e-03,1.560348772564e-01,-1.559510146322e-01,2.678537863946e+03,2.024822596622e+03,0.000000000000e+00,0.000000000000e+00,1.084253544959e-04,1.181836364005e-02,0.000000000000e+00,0.000000000000e+00,2.851699797214e+02,2.828715820313e+02,2.695370370370e-01,2.259259259259e-01,2.678537863946e+03,5.547050160173e+04,1.090000000000e+02
1.770000000000e+02,1.033474107951e+08,2.008354780261e+01,4.168786370063e-01,1.842344762725e-07,3.713561363238e+02,1.369117775290e-03,1.492338375067e-01,-1.491510836716e-01,2.593351407218e+03,-7.717390029894e+03,0.000000000000e+00,0.000000000000e+00,1.706295814462e-03,1.859862437764e-01,0.000000000000e+00,0.000000000000e+00,2.847198144491e+02,2.822342224121e+02,2.746296296296e-01,2.312962962963e-01,2.593351407218e+03,5.547325229786e+04,1.090000000000e+02
1.780000000000e+02,1.033466400884e+08,1.831039274293e+01,4.169013928289e-01,1.839364529711e-07,3.719585423002e+02,1.281463712796e-03,1.396795446947e-01,-1.395989391586e-01,2.782256268849e+03,-6.973739827213e+03,0.000000000000e+00,0.000000000000e+00,1.613852589620e-03,1.759099322686e-01,0.000000000000e+00,0.000000000000e+00,2.842125967098e+02,2.820247192383e+02,2.800000000000e-01,2.372222222222e-01,2.782256268849e+03,5.547627273539e+04,1.090000000000e+02
1.790000000000e+02,1.033378191092e+08,1.618096425475e+01,4.168604582809e-01,1.836407518722e-07,3.725581758157e+02,1.218428216378e-03,1.328086755853e-01,-1.327397843578e-01,2.214462796186e+03,1.457218012058e+03,0.000000000000e+00,0.000000000000e+00,1.254768789244e-04,1.367697980276e-02,0.000000000000e+00,0.000000000000e+00,2.851140231676e+02,2.832162170410e+02,2.899074074074e-01,2.573148148148e-01,2.214462796186e+03,5.547084693212e+04,1.090000000000e+02
1.800000000000e+02,1.033288394160e+08,1.472468772349e+01,4.168235784550e-01,1.833473407664e-07,3.731550667057e+02,1.233446340187e-03,1.344456510804e-01,-1.343800106295e-01,1.841157906153e+03,1.525628711520e+03,0.000000000000e+00,0.000000000000e+00,5.250880795052e-05,5.723460066607e-03,0.000000000000e+00,0.000000000000e+00,2.858947809480e+02,2.837638244629e+02,2.959259259259e-01,2.775000000000e-01,1.841157906153e+03,5.546595123133e+04,1.090000000000e+02
1.810000000000e+02,1.033203005409e+08,1.348566622866e+01,4.168230639401e-01,1.830561880165e-07,3.737492443027e+02,1.190768396327e-03,1.297937551996e-01,-1.297328063248e-01,1.589023357321e+03,1.342880024821e+03,0.000000000000e+00,0.000000000000e+00,4.102900864156e-05,4.472161941930e-03,0.000000000000e+00,0.000000000000e+00,2.859049993621e+02,2.838768920898e+02,3.001851851851e-01,2.973148148148e-01,1.589023357321e+03,5.546588628865e+04,1.090000000000e+02
1.820000000000e+02,1.033191700799e+08,1.557338005895e+01,4.168406836875e-01,1.827672625581e-07,3.743407374479e+02,1.142714989569e-03,1.245559338631e-01,-1.244940126760e-01,1.648193146885e+03,-5.775079137346e+03,0.000000000000e+00,0.000000000000e+00,1.228689118805e-03,1.339271139497e-01,0.000000000000e+00,0.000000000000e+00,2.855346096356e+02,2.833965148926e+02,3.100925925925e-01,3.026851851852e-01,1.648193146885e+03,5.546823042490e+04,1.090000000000e+02
1.830000000000e+02,1.033189085156e+08,1.457003012880e+01,4.168484368610e-01,1.824805340771e-07,3.749295745025e+02,1.149747180149e-03,1.253224426363e-01,-1.252557114152e-01,1.843054281316e+03,-6.686431291333e+03,0.000000000000e+00,0.000000000000e+00,1.411159409154e-03,1.538163755977e-01,0.000000000000e+00,0.000000000000e+00,2.853692104663e+02,2.832008056641e+02,3.184259259259e-01,3.074074074074e-01,1.843054281316e+03,5.546926526469e+04,1.090000000000e+02
1.840000000000e+02,1.033162708498e+08,1.471135606662e+01,4.168343162116e-01,1.821959756948e-07,3.755157833581e+02,1.154767330601e-03,1.258696390355e-01,-1.258059185325e-01,1.679332401713e+03,-4.340798526457e+03,0.000000000000e+00,0.000000000000e+00,9.962907286195e-04,1.085956894195e-01,0.000000000000e+00,0.000000000000e+00,2.856672286391e+02,2.836847839355e+02,3.205555555555e-01,3.152777777778e-01,1.679332401713e+03,5.546739465020e+04,1.090000000000e+02
1.850000000000e+02,1.033127293184e+08,1.353505688455e+01,4.168375335026e-01,1.819135525770e-07,3.760993914479e+02,1.122629881083e-03,1.223666570380e-01,-1.223051604663e-01,1.624565694164e+03,-3.242655412464e+03,0.000000000000e+00,0.000000000000e+00,8.053745366147e-04,8.778582449101e-02,0.000000000000e+00,0.000000000000e+00,2.855999705498e+02,2.836751708984e+02,3.313888888888e-01,3.248148148148e-01,1.624565694164e+03,5.546781911318e+04,1.090000000000e+02
1.860000000000e+02,1.033065591773e+08,1.247190165771e+01,4.168447915910e-01,1.816332387267e-07,3.766804257563e+02,1.088847075085e-03,1.186843311842e-01,-1.186286845775e-01,1.384783551817e+03,-4.101931337198e+02,0.000000000000e+00,0.000000000000e+00,2.971898227662e-04,3.239369068152e-02,0.000000000000e+00,0.000000000000e+00,2.854452670537e+02,2.835539245605e+02,3.448148148147e-01,3.388888888889e-01,1.384783551817e+03,5.546879004213e+04,1.090000000000e+02
1.870000000000e+02,1.033005412634e+08,1.178439445022e+01,4.168372296799e-01,1.813550062377e-07,3.772589128295e+02,1.075540452559e-03,1.172339093289e-01,-1.171811031520e-01,1.235980279235e+03,-4.821166084050e+02,0.000000000000e+00,0.000000000000e+00,2.845105923593e-04,3.101165456716e-02,0.000000000000e+00,0.000000000000e+00,2.856048903348e+02,2.836198730469e+02,3.573148148147e-01,3.511111111111e-01,1.235980279235e+03,5.546778796080e+04,1.090000000000e+02
1.880000000000e+02,1.033018004883e+08,1.442833181801e+01,4.168511244082e-01,1.810788272790e-07,3.778348787844e+02,1.024346282326e-03,1.116537447736e-01,-1.115988743592e-01,1.388946472457e+03,-7.449648382043e+03,0.000000000000e+00,0.000000000000e+00,1.462778138073e-03,1.594428170500e-01,0.000000000000e+00,0.000000000000e+00,2.853110452787e+02,2.832793273926e+02,3.687037037036e-01,3.523148148148e-01,1.388946472457e+03,5.546962768915e+04,1.090000000000e+02
1.890000000000e+02,1.033014555472e+08,1.267176523210e+01,4.168474635745e-01,1.808046750641e-07,3.784083493189e+02,9.816953222870e-04,1.070047901293e-01,-1.069493591570e-01,1.559860376871e+03,-5.587644614388e+03,0.000000000000e+00,0.000000000000e+00,1.182346498211e-03,1.288757683050e-01,0.000000000000e+00,0.000000000000e+00,2.853895735094e+02,2.832844848633e+02,3.793518518517e-01,3.566666666666e-01,1.559860376871e+03,5.546913853841e+04,1.090000000000e+02
1.900000000000e+02,1.032975443532e+08,1.272094859021e+01,4.168582777745e-01,1.805325229111e-07,3.789793497202e+02,9.391484836844e-04,1.023671847216e-01,-1.023188328117e-01,1.307085063020e+03,-1.764576293313e+03,0.000000000000e+00,0.000000000000e+00,5.084570136845e-04,5.542181449161e-02,0.000000000000e+00,0.000000000000e+00,2.851588723445e+02,2.829555969238e+02,3.904629629628e-01,3.663888888889e-01,1.307085063020e+03,5.547057112927e+04,1.090000000000e+02
1.910000000000e+02,1.032936045214e+08,1.162152293239e+01,4.168839535270e-01,1.802623450740e-07,3.795479048743e+02,8.768636163968e-04,9.557813418725e-02,-9.553316406485e-02,1.265492131973e+03,-1.359750014387e+03,0.000000000000e+00,0.000000000000e+00,4.343929703338e-04,4.734883376638e-02,0.000000000000e+00,0.000000000000e+00,2.845994474068e+02,2.824926147461e+02,4.009259259259e-01,3.750925925926e-01,1.265492131973e+03,5.547397792580e+04,1.090000000000e+02
1.920000000000e+02,1.032887963399e+08,1.135614482370e+01,4.168607885152e-01,1.799941158192e-07,3.801140392745e+02,8.710588428224e-04,9.494541386764e-02,-9.490275215395e-02,1.121809315322e+03,-4.564395868886e+02,0.000000000000e+00,0.000000000000e+00,2.613481548473e-04,2.848694887836e-02,0.000000000000e+00,0.000000000000e+00,2.851039510651e+02,2.827685852051e+02,4.102777777778e-01,3.860185185185e-01,1.121809315322e+03,5.547090969946e+04,1.090000000000e+02
1.930000000000e+02,1.032835278499e+08,1.042046301928e+01,4.168326198871e-01,1.797278098491e-07,3.806777770295e+02,9.163254801239e-04,9.987947733351e-02,-9.983592032236e-02,1.043174402236e+03,-2.694641483269e+02,0.000000000000e+00,0.000000000000e+00,2.173225176938e-04,2.368815442862e-02,0.000000000000e+00,0.000000000000e+00,2.857016805872e+02,2.836785278320e+02,4.192592592592e-01,3.974074074074e-01,1.043174402236e+03,5.546717721119e+04,1.090000000000e+02
1.940000000000e+02,1.032770846590e+08,9.606115952753e+00,4.168163187738e-01,1.794634029060e-07,3.812391418721e+02,9.542884888337e-04,1.040174452829e-01,-1.039754185831e-01,8.929001604246e+02,6.759106598955e+02,0.000000000000e+00,0.000000000000e+00,3.611544306631e-05,3.936583294227e-03,0.000000000000e+00,0.000000000000e+00,2.860403618534e+02,2.839899291992e+02,4.294444444444e-01,4.092592592592e-01,8.929001604246e+02,5.546502062549e+04,1.090000000000e+02
1.950000000000e+02,1.032719393533e+08,9.709101802270e+00,4.168250880344e-01,1.792008706559e-07,3.817981571667e+02,9.260622083186e-04,1.009407807067e-01,-1.009016281386e-01,8.411408204305e+02,-4.514320608783e+02,0.000000000000e+00,0.000000000000e+00,2.141500071650e-04,2.334235078098e-02,0.000000000000e+00,0.000000000000e+00,2.858592102400e+02,2.839898071289e+02,4.394444444444e-01,4.198148148148e-01,8.411408204305e+02,5.546617784818e+04,1.090000000000e+02
1.960000000000e+02,1.032912830278e+08,1.933738019574e+01,4.168254524847e-01,1.789401894915e-07,3.823548459175e+02,8.936295387448e-04,9.740561972319e-02,-9.735146938205e-02,1.704059333884e+03,-2.474354344922e+04,0.000000000000e+00,0.000000000000e+00,4.376598070491e-03,4.770491896835e-01,0.000000000000e+00,0.000000000000e+00,2.858505808290e+02,2.841086730957e+02,4.496296296296e-01,3.931481481481e-01,1.704059333884e+03,5.546623230942e+04,1.090000000000e+02
1.970000000000e+02,1.033061950713e+08,1.571883259512e+01,4.168443412450e-01,1.786813359663e-07,3.829092307757e+02,9.338531914210e-04,1.017899978649e-01,-1.017202748799e-01,2.558826462188e+03,-2.055436429617e+04,0.000000000000e+00,0.000000000000e+00,3.822965137853e-03,4.167032000260e-01,0.000000000000e+00,0.000000000000e+00,2.854547875080e+02,2.834442443848e+02,4.596296296296e-01,3.735185185185e-01,2.558826462188e+03,5.546873047663e+04,1.090000000000e+02
1.980000000000e+02,1.032998077945e+08,1.311946564745e+01,4.168715497249e-01,1.784242874161e-07,3.834613340469e+02,8.896572698810e-04,9.697264241703e-02,-9.692024805840e-02,1.586112776570e+03,1.010919099774e+03,0.000000000000e+00,0.000000000000e+00,9.516385377390e-05,1.037286006136e-02,0.000000000000e+00,0.000000000000e+00,2.848700210652e+02,2.832254028320e+02,4.694444444444e-01,3.868518518518e-01,1.586112776570e+03,5.547234177778e+04,1.090000000000e+02
1.990000000000e+02,1.032939282492e+08,1.193344859403e+01,4.168824189436e-01,1.781690213281e-07,3.840111776986e+02,8.293568523919e-04,9.039989691071e-02,-9.035522625883e-02,1.294419775112e+03,8.671393688271e+02,0.000000000000e+00,0.000000000000e+00,7.086281100280e-05,7.724046399305e-03,0.000000000000e+00,0.000000000000e+00,2.846318899085e+02,2.828412170410e+02,4.775925925925e-01,3.985185185185e-01,1.294419775112e+03,5.547378259221e+04,1.090000000000e+02
2.000000000000e+02,1.032890200821e+08,1.154381885300e+01,4.168997062447e-01,1.779155156055e-07,3.845587833665e+02,7.878878667208e-04,8.587977747257e-02,-8.583905294106e-02,1.164761119710e+03,1.461379865274e+02,0.000000000000e+00,0.000000000000e+00,1.687509482931e-04,1.839385336395e-02,0.000000000000e+00,0.000000000000e+00,2.842458344237e+02,2.824974670410e+02,4.826851851851e-01,4.092592592592e-01,1.164761119710e+03,5.547607790295e+04,1.090000000000e+02
2.010000000000e+02,1.032841650165e+08,1.081870265345e+01,4.169103455654e-01,1.776637485433e-07,3.851041723620e+02,7.480356244135e-04,8.153588306107e-02,-8.149786564647e-02,1.082097349611e+03,3.337238143135e+02,0.000000000000e+00,0.000000000000e+00,1.239762574755e-04,1.351341206483e-02,0.000000000000e+00,0.000000000000e+00,2.840041932307e+02,2.821470336914e+02,4.924074074073e-01,4.192592592592e-01,1.082097349611e+03,5.547748796956e+04,1.090000000000e+02
2.020000000000e+02,1.033138263874e+08,2.427674515683e+01,4.169112652186e-01,1.774136989424e-07,3.856473656785e+02,7.327258024572e-04,7.986711246783e-02,-7.981283978580e-02,2.262055576190e+03,-3.408928069684e+04,0.000000000000e+00,0.000000000000e+00,6.014125428680e-03,6.555396717261e-01,0.000000000000e+00,0.000000000000e+00,2.839824231738e+02,2.823159179688e+02,5.021296296295e-01,3.765740740741e-01,2.262055576190e+03,5.547761327175e+04,1.090000000000e+02
2.030000000000e+02,1.033984738424e+08,4.454961828494e+01,4.169100291629e-01,1.771653459095e-07,3.861883839978e+02,8.981716004703e-04,9.790070445126e-02,-9.779693643523e-02,7.058495289093e+03,-9.007308741640e+04,0.000000000000e+00,0.000000000000e+00,1.606696575902e-02,1.751299267733e+00,0.000000000000e+00,0.000000000000e+00,2.840107236416e+02,2.824949340820e+02,5.117592592591e-01,2.368518518518e-01,7.058495289093e+03,5.547744403237e+04,1.090000000000e+02
2.040000000000e+02,1.034410683136e+08,4.307717904981e+01,4.169045361074e-01,1.769186688275e-07,3.867272476964e+02,1.274207876811e-03,1.388886585724e-01,-1.387359583016e-01,1.303763485612e+04,-5.029133762761e+04,0.000000000000e+00,0.000000000000e+00,1.047386506243e-02,1.141651291805e+00,0.000000000000e+00,0.000000000000e+00,2.841413272289e+02,2.828835449219e+02,5.192592592592e-01,1.638888888889e-01,1.303763485612e+04,5.547668164001e+04,1.090000000000e+02
2.050000000000e+02,1.034302479524e+08,3.152985125165e+01,4.169352631845e-01,1.766736477449e-07,3.872639768517e+02,1.263096065325e-03,1.376774711205e-01,-1.375602390201e-01,7.838012654212e+03,3.188554844820e+03,0.000000000000e+00,0.000000000000e+00,7.680149569104e-04,8.371363030323e-02,0.000000000000e+00,0.000000000000e+00,2.834278584664e+02,2.819721069336e+02,5.228703703704e-01,1.892592592592e-01,7.838012654212e+03,5.548075606299e+04,1.090000000000e+02
2.060000000000e+02,1.034204192379e+08,2.627910172343e+01,4.169411818074e-01,1.764302626727e-07,3.877985912479e+02,1.111018543966e-03,1.211010212923e-01,-1.210132535765e-01,5.216371825456e+03,3.114637201855e+03,0.000000000000e+00,0.000000000000e+00,3.474631350682e-04,3.787348172243e-02,0.000000000000e+00,0.000000000000e+00,2.832854046671e+02,2.819758911133e+02,5.325000000000e-01,2.118518518518e-01,5.216371825456e+03,5.548154574706e+04,1.090000000000e+02
2.070000000000e+02,1.034156908003e+08,2.500965059940e+01,4.169268505841e-01,1.761884943054e-07,3.883311103818e+02,1.082922729309e-03,1.180385774947e-01,-1.179580701498e-01,4.288339244497e+03,-1.816059357751e+03,0.000000000000e+00,0.000000000000e+00,1.009945832123e-03,1.100840957014e-01,0.000000000000e+00,0.000000000000e+00,2.836262224557e+02,2.819118041992e+02,5.419444444444e-01,2.240740740741e-01,4.288339244497e+03,5.547964639075e+04,1.090000000000e+02
2.080000000000e+02,1.034101903359e+08,2.239634435118e+01,4.169287237837e-01,1.759483229752e-07,3.888615534686e+02,1.074120260198e-03,1.170791083616e-01,-1.170006455830e-01,3.863138249372e+03,-9.908273208225e+02,0.000000000000e+00,0.000000000000e+00,8.029390886662e-04,8.752036066462e-02,0.000000000000e+00,0.000000000000e+00,2.835821870233e+02,2.818783264160e+02,5.482407407407e-01,2.372222222222e-01,3.863138249372e+03,5.547989548222e+04,1.090000000000e+02
2.090000000000e+02,1.034021055238e+08,2.036293181463e+01,4.169377706494e-01,1.757097302892e-07,3.893899394473e+02,9.633796522872e-04,1.050083820993e-01,-1.049426750295e-01,3.170544879270e+03,2.262433950599e+03,0.000000000000e+00,0.000000000000e+00,1.504184415149e-04,1.639561012512e-02,0.000000000000e+00,0.000000000000e+00,2.833670249278e+02,2.820270385742e+02,5.528703703703e-01,2.545370370370e-01,3.170544879270e+03,5.548109755910e+04,1.090000000000e+02
2.100000000000e+02,1.033948182520e+08,1.881028062576e+01,4.169548204859e-01,1.754726976169e-07,3.899162869861e+02,8.557352726237e-04,9.327514471598e-02,-9.322023796395e-02,2.754287987693e+03,2.115112751067e+03,0.000000000000e+00,0.000000000000e+00,1.059275712559e-04,1.154610526689e-02,0.000000000000e+00,0.000000000000e+00,2.829513177636e+02,2.817007446289e+02,5.622222222222e-01,2.701851851852e-01,2.754287987693e+03,5.548336337626e+04,1.090000000000e+02
2.110000000000e+02,1.033878804904e+08,1.766431919990e+01,4.169504543629e-01,1.752372067529e-07,3.904406144878e+02,8.016829767118e-04,8.738344446159e-02,-8.733459473022e-02,2.444363265979e+03,2.092093514433e+03,0.000000000000e+00,0.000000000000e+00,5.849694431999e-05,6.376166930879e-03,0.000000000000e+00,0.000000000000e+00,2.830581976408e+02,2.819637756348e+02,5.692592592592e-01,2.844444444444e-01,2.444363265979e+03,5.548278809591e+04,1.090000000000e+02
2.120000000000e+02,1.033885451569e+08,1.959448212105e+01,4.169480269469e-01,1.750032397686e-07,3.909629400946e+02,8.049628771989e-04,8.774095361468e-02,-8.768847917059e-02,2.529859663019e+03,-5.529930287929e+03,0.000000000000e+00,0.000000000000e+00,1.333515493538e-03,1.453531887956e-01,0.000000000000e+00,0.000000000000e+00,2.831176071302e+02,2.817910766602e+02,5.728703703703e-01,2.858333333333e-01,2.529859663019e+03,5.548246630637e+04,1.090000000000e+02
2.130000000000e+02,1.033910154651e+08,1.939621789882e+01,4.169646148027e-01,1.747707791716e-07,3.914832816935e+02,8.031782367588e-04,8.754642780671e-02,-8.748948629241e-02,2.816761318489e+03,-7.324611832353e+03,0.000000000000e+00,0.000000000000e+00,1.677378241453e-03,1.828342283184e-01,0.000000000000e+00,0.000000000000e+00,2.827057336483e+02,2.815087585449e+02,5.822222222221e-01,2.834259259259e-01,2.816761318489e+03,5.548466617218e+04,1.090000000000e+02
2.140000000000e+02,1.034266354955e+08,3.375503301643e+01,4.169719916178e-01,1.745398071733e-07,3.920016569210e+02,8.141293387741e-04,8.874009792638e-02,-8.867106274548e-02,4.401297296586e+03,-4.054002265028e+04,0.000000000000e+00,0.000000000000e+00,7.433907775655e-03,8.102959475464e-01,0.000000000000e+00,0.000000000000e+00,2.825177508322e+02,2.814277343750e+02,5.883333333333e-01,2.219444444444e-01,4.401297296586e+03,5.548564208935e+04,1.090000000000e+02
2.150000000000e+02,1.034568617502e+08,3.659279383543e+01,4.169728359884e-01,1.743103069072e-07,3.925180831678e+02,9.946967058235e-04,1.084219409348e-01,-1.083245840675e-01,8.330967508184e+03,-3.623681955957e+04,0.000000000000e+00,0.000000000000e+00,7.370422351931e-03,8.033760363605e-01,0.000000000000e+00,0.000000000000e+00,2.824979468507e+02,2.813230285645e+02,5.926851851851e-01,1.694444444444e-01,8.330967508184e+03,5.548574149928e+04,1.090000000000e+02
2.160000000000e+02,1.034484177774e+08,2.954843281175e+01,4.169880159655e-01,1.740822624740e-07,3.930325775835e+02,9.887396151429e-04,1.077726180506e-01,-1.076889300546e-01,6.570812515624e+03,2.468576648613e+03,0.000000000000e+00,0.000000000000e+00,6.778705256347e-04,7.388788729418e-02,0.000000000000e+00,0.000000000000e+00,2.820992711324e+02,2.810931091309e+02,6.003703703703e-01,1.888888888889e-01,6.570812515624e+03,5.548775759219e+04,1.090000000000e+02
2.170000000000e+02,1.035069588667e+08,2.964961448272e+03,4.170028595780e-01,1.738556572338e-07,3.935451570813e+02,1.044100012729e-03,1.138069013875e-01,-1.125867526265e-01,2.118561887658e+04,-6.478844172960e+04,0.000000000000e+00,0.000000000000e+00,1.471113180502e-02,1.603513366747e+00,0.000000000000e+00,0.000000000000e+00,2.816944358563e+02,2.810392150879e+02,6.033333333332e-01,5.722222222228e-02,2.118561887658e+04,5.548971571874e+04,1.090000000000e+02
2.180000000000e+02,1.035193541762e+08,3.810195862859e+02,4.170092667039e-01,1.736304740936e-07,3.940558383422e+02,1.241937051371e-03,1.353711385994e-01,-1.287210955739e-01,6.938935560309e+04,-1.953814380361e+04,0.000000000000e+00,0.000000000000e+00,1.433638162181e-02,1.562665596777e+00,0.000000000000e+00,0.000000000000e+00,2.815203753736e+02,2.811347045898e+02,6.122222222221e-01,4.527777777778e-02,6.938935560309e+04,5.549053934753e+04,1.090000000000e+02
2.190000000000e+02,1.035033430114e+08,3.655327856502e+01,4.169939459165e-01,1.734066976206e-07,3.945646378195e+02,1.105281771849e-03,1.204757131315e-01,-1.203220055031e-01,9.747150876204e+03,9.334477019041e+03,0.000000000000e+00,0.000000000000e+00,1.267661966704e-05,1.381751543707e-03,0.000000000000e+00,0.000000000000e+00,2.819457623189e+02,2.814194335938e+02,6.165740740740e-01,9.712962962960e-02,9.747150876204e+03,5.548851361917e+04,1.090000000000e+02
2.200000000000e+02,1.034903105820e+08,3.162208343862e+01,4.170152673073e-01,1.731843120841e-07,3.950715717428e+02,1.002954281097e-03,1.093220166396e-01,-1.092476211543e-01,7.051715649701e+03,6.970231327066e+03,0.000000000000e+00,0.000000000000e+00,1.333110899823e-05,1.453090880807e-03,0.000000000000e+00,0.000000000000e+00,2.813436045178e+02,2.805650024414e+02,6.223148148147e-01,1.255555555555e-01,7.051715649701e+03,5.549135502290e+04,1.090000000000e+02
2.210000000000e+02,1.034795873533e+08,2.814437196464e+01,4.170180920010e-01,1.729633020500e-07,3.955766561224e+02,8.828908458686e-04,9.623510219968e-02,-9.617278928600e-02,5.604440538755e+03,5.386400136079e+03,0.000000000000e+00,0.000000000000e+00,3.603825580440e-05,3.928169882680e-03,0.000000000000e+00,0.000000000000e+00,2.812595868966e+02,2.805459594727e+02,6.270370370369e-01,1.480555555555e-01,5.604440538755e+03,5.549173600601e+04,1.090000000000e+02
2.220000000000e+02,1.034699445244e+08,2.552485693961e+01,4.170231316530e-01,1.727436523423e-07,3.960799067533e+02,8.580647983264e-04,9.352906301758e-02,-9.347065694195e-02,4.681911501506e+03,4.455898306963e+03,0.000000000000e+00,0.000000000000e+00,3.746228549604e-05,4.083389119068e-03,0.000000000000e+00,0.000000000000e+00,2.811081570442e+02,2.801643371582e+02,6.319444444443e-01,1.683333333333e-01,4.681911501506e+03,5.549241183230e+04,1.090000000000e+02
2.230000000000e+02,1.034611267268e+08,2.358901600105e+01,4.170161220256e-01,1.725253480191e-07,3.965813392188e+02,8.512634492425e-04,9.278771596744e-02,-9.273136771643e-02,4.036830572098e+03,3.671905084513e+03,0.000000000000e+00,0.000000000000e+00,6.052184186727e-05,6.596880763532e-03,0.000000000000e+00,0.000000000000e+00,2.813149800134e+02,2.803503723145e+02,6.359259259258e-01,1.868518518518e-01,4.036830572098e+03,5.549148553176e+04,1.090000000000e+02
2.240000000000e+02,1.034710806612e+08,2.988665829249e+01,4.170346426999e-01,1.723083767064e-07,3.970809688948e+02,7.670644831138e-04,8.361002865940e-02,-8.355604546342e-02,4.485670483170e+03,-1.459071669931e+04,0.000000000000e+00,0.000000000000e+00,3.155308203956e-03,3.439285942312e-01,0.000000000000e+00,0.000000000000e+00,2.807544773510e+02,2.799125366211e+02,6.415740740740e-01,1.698148148148e-01,4.485670483170e+03,5.549393967600e+04,1.090000000000e+02
2.250000000000e+02,1.034789453272e+08,2.973040809095e+01,4.170364474512e-01,1.720927342029e-07,3.975788109533e+02,7.334163205484e-04,7.994237893977e-02,-7.988555304313e-02,6.040907609035e+03,-1.229788143676e+04,0.000000000000e+00,0.000000000000e+00,3.032268684244e-03,3.305172865826e-01,0.000000000000e+00,0.000000000000e+00,2.806987989466e+02,2.800462036133e+02,6.439814814814e-01,1.563888888889e-01,6.040907609035e+03,5.549417274154e+04,1.090000000000e+02
2.260000000000e+02,1.034699799929e+08,2.636075989534e+01,4.170518331239e-01,1.718783786302e-07,3.980748803661e+02,6.947364155557e-04,7.572626929557e-02,-7.567599635530e-02,4.979228432215e+03,4.765642532120e+03,0.000000000000e+00,0.000000000000e+00,3.520967831674e-05,3.837854936525e-03,0.000000000000e+00,0.000000000000e+00,2.801907359712e+02,2.794725646973e+02,6.504629629629e-01,1.751851851852e-01,4.979228432215e+03,5.549621833887e+04,1.090000000000e+02
2.270000000000e+02,1.035307757522e+08,4.731051435050e+03,4.170675511085e-01,1.716653117649e-07,3.985691919083e+02,7.767816528485e-04,8.466920016049e-02,-8.312815022271e-02,3.043915451793e+04,-6.540916610670e+04,0.000000000000e+00,0.000000000000e+00,1.663657964745e-02,1.813387181572e+00,0.000000000000e+00,0.000000000000e+00,2.796258894404e+02,2.790285949707e+02,6.531481481481e-01,3.138888888894e-02,3.043915451793e+04,5.549829684079e+04,1.090000000000e+02
2.280000000000e+02,1.035387123269e+08,6.279956314346e+02,4.170767892802e-01,1.714535181249e-07,3.990617601623e+02,9.481217485921e-04,1.033452705965e-01,-9.717136618861e-02,8.818613353288e+04,-1.332950366061e+04,0.000000000000e+00,0.000000000000e+00,1.615958050814e-02,1.761394275388e+00,0.000000000000e+00,0.000000000000e+00,2.792664990502e+02,2.787380981445e+02,6.583333333333e-01,2.777777777781e-02,8.818613353288e+04,5.549951225533e+04,1.090000000000e+02
2.290000000000e+02,1.035242417719e+08,3.652686405292e+01,4.170811665696e-01,1.712429850284e-07,3.995525995204e+02,8.749584488978e-04,9.537047092987e-02,-9.520928857550e-02,9.854673102433e+03,9.186439702028e+03,0.000000000000e+00,0.000000000000e+00,1.416554494887e-05,1.544044399427e-03,0.000000000000e+00,0.000000000000e+00,2.790816413869e+02,2.783651733398e+02,6.613888888889e-01,7.888888888886e-02,9.854673102433e+03,5.550010015059e+04,1.090000000000e+02
2.300000000000e+02,1.035137097625e+08,3.318282421858e+01,4.170909208072e-01,1.710336990253e-07,4.000417241889e+02,7.691408370398e-04,8.383635123734e-02,-8.377899079402e-02,7.296844050856e+03,5.882197870383e+03,0.000000000000e+00,0.000000000000e+00,2.338126144691e-04,2.548557497713e-02,0.000000000000e+00,0.000000000000e+00,2.786423890709e+02,2.781217346191e+02,6.630555555555e-01,1.022222222222e-01,7.296844050856e+03,5.550140098038e+04,1.090000000000e+02
2.310000000000e+02,1.035051422896e+08,3.040286835304e+01,4.170980924681e-01,1.708256469247e-07,4.005291481910e+02,6.664714066010e-04,7.264538331951e-02,-7.259714847966e-02,6.272202310235e+03,4.538181016437e+03,0.000000000000e+00,0.000000000000e+00,2.866108304030e-04,3.124058051392e-02,0.000000000000e+00,0.000000000000e+00,2.782838356506e+02,2.777251586914e+02,6.653703703703e-01,1.204629629629e-01,6.272202310235e+03,5.550235660683e+04,1.090000000000e+02
2.320000000000e+02,1.034972731860e+08,2.847607633675e+01,4.170900699247e-01,1.706188157450e-07,4.010148853700e+02,6.660859270216e-04,7.260336604536e-02,-7.255712404784e-02,5.483812389123e+03,3.842038512732e+03,0.000000000000e+00,0.000000000000e+00,2.714851819251e-04,2.959188482984e-02,0.000000000000e+00,0.000000000000e+00,2.786802439410e+02,2.779897155762e+02,6.686111111111e-01,1.367592592592e-01,5.483812389123e+03,5.550129366204e+04,1.090000000000e+02
2.330000000000e+02,1.034892940099e+08,2.638536639408e+01,4.170990010940e-01,1.704131926797e-07,4.014989493926e+02,6.655408058656e-04,7.254394783935e-02,-7.249903282248e-02,4.888799161205e+03,3.955326886489e+03,0.000000000000e+00,0.000000000000e+00,1.543657023868e-04,1.682586156016e-02,0.000000000000e+00,0.000000000000e+00,2.782337188386e+02,2.776170043945e+02,6.708333333333e-01,1.526851851852e-01,4.888799161205e+03,5.550248187600e+04,1.090000000000e+02
2.340000000000e+02,1.034826510641e+08,2.522340537858e+01,4.171027256918e-01,1.702087653548e-07,4.019813537519e+02,6.083094326451e-04,6.630572815831e-02,-6.626574943488e-02,4.394427503323e+03,2.965005256718e+03,0.000000000000e+00,0.000000000000e+00,2.364490562067e-04,2.577294712653e-02,0.000000000000e+00,0.000000000000e+00,2.780281717084e+02,2.773967285156e+02,6.717592592592e-01,1.660185185185e-01,4.394427503323e+03,5.550297766877e+04,1.090000000000e+02
2.350000000000e+02,1.034763215592e+08,2.388708626790e+01,4.171013620642e-01,1.700055209187e-07,4.024621117704e+02,5.480692964348e-04,5.973955331139e-02,-5.970442835253e-02,4.047732699393e+03,3.015727785228e+03,0.000000000000e+00,0.000000000000e+00,1.706845659610e-04,1.860461768975e-02,0.000000000000e+00,0.000000000000e+00,2.781047019324e+02,2.774201660156e+02,6.732407407407e-01,1.786111111111e-01,4.047732699393e+03,5.550279726066e+04,1.090000000000e+02
2.360000000000e+02,1.034696111332e+08,2.265263606557e+01,4.171042889562e-01,1.698034473653e-07,4.029412366027e+02,5.087162380412e-04,5.545006994649e-02,-5.541814616996e-02,3.694968141981e+03,3.634543582162e+03,0.000000000000e+00,0.000000000000e+00,1.007552144542e-05,1.098231837551e-03,0.000000000000e+00,0.000000000000e+00,2.779373034249e+02,2.773899841309e+02,6.746296296296e-01,1.916666666667e-01,3.694968141981e+03,5.550318671023e+04,1.090000000000e+02
2.370000000000e+02,1.034646167406e+08,2.220757207636e+01,4.171007113836e-01,1.696025326765e-07,4.034187412390e+02,4.784924916542e-04,5.215568159030e-02,-5.212572027883e-02,3.477166296011e+03,2.101253016647e+03,0.000000000000e+00,0.000000000000e+00,2.276308225138e-04,2.481175965400e-02,0.000000000000e+00,0.000000000000e+00,2.781400359724e+02,2.776781311035e+02,6.775000000000e-01,2.021296296296e-01,3.477166296011e+03,5.550271254320e+04,1.090000000000e+02
2.380000000000e+02,1.034597445357e+08,2.120718561055e+01,4.171159057531e-01,1.694027649561e-07,4.038946385070e+02,4.515642566594e-04,4.922050397587e-02,-4.919170796623e-02,3.308604835925e+03,2.141870374867e+03,0.000000000000e+00,0.000000000000e+00,1.929505801177e-04,2.103161323283e-02,0.000000000000e+00,0.000000000000e+00,2.771421669997e+02,2.766098327637e+02,6.793518518518e-01,2.115740740741e-01,3.308604835925e+03,5.550472836311e+04,1.090000000000e+02
2.390000000000e+02,1.034542126193e+08,2.031576989547e+01,4.171181204235e-01,1.692041325079e-07,4.043689410756e+02,4.321089733109e-04,4.709987809089e-02,-4.707285572828e-02,3.051079359120e+03,2.919138819558e+03,0.000000000000e+00,0.000000000000e+00,2.190851134148e-05,2.388027736221e-03,0.000000000000e+00,0.000000000000e+00,2.769488503922e+02,2.765415649414e+02,6.809259259259e-01,2.221296296296e-01,3.051079359120e+03,5.550502320970e+04,1.090000000000e+02
2.400000000000e+02,1.034584295112e+08,2.356615564907e+01,4.171194052272e-01,1.690066291683e-07,4.048416614568e+02,4.166705190996e-04,4.541708658186e-02,-4.539044434036e-02,3.286160265679e+03,-6.736295996764e+03,0.000000000000e+00,0.000000000000e+00,1.657369341090e-03,1.806532581788e-01,0.000000000000e+00,0.000000000000e+00,2.768279756193e+02,2.764434814453e+02,6.812962962962e-01,2.150000000000e-01,3.286160265679e+03,5.550519146830e+04,1.090000000000e+02
2.410000000000e+02,1.034619392840e+08,2.276262441370e+01,4.171247473272e-01,1.688102449181e-07,4.053128120087e+02,3.911515958524e-04,4.263552394791e-02,-4.260909064539e-02,3.833551093094e+03,-5.874816555565e+03,0.000000000000e+00,0.000000000000e+00,1.604773442785e-03,1.749203052636e-01,0.000000000000e+00,0.000000000000e+00,2.761551433300e+02,2.759356079102e+02,6.813888888888e-01,2.087962962963e-01,3.833551093094e+03,5.550589405651e+04,1.090000000000e+02
2.420000000000e+02,1.034566266909e+08,2.139731027400e+01,4.171265336854e-01,1.686149499070e-07,4.057824049381e+02,3.780205709501e-04,4.120424223356e-02,-4.117945817109e-02,3.371312577773e+03,3.026883637167e+03,0.000000000000e+00,0.000000000000e+00,5.693057675345e-05,6.205432866126e-03,0.000000000000e+00,0.000000000000e+00,2.757188608050e+02,2.754302673340e+02,6.814814814814e-01,2.193518518518e-01,3.371312577773e+03,5.550612972558e+04,1.090000000000e+02
2.430000000000e+02,1.034516955377e+08,2.061453103674e+01,4.171248921841e-01,1.684207450021e-07,4.062504523030e+02,3.869814557592e-04,4.218097867775e-02,-4.215614093422e-02,3.112587976206e+03,2.591232731112e+03,0.000000000000e+00,0.000000000000e+00,8.627055688986e-05,9.403490700995e-03,0.000000000000e+00,0.000000000000e+00,2.761272815586e+02,2.757243041992e+02,6.809259259259e-01,2.292592592592e-01,3.112587976206e+03,5.550591388342e+04,1.090000000000e+02
2.440000000000e+02,1.034476917635e+08,2.024193190893e+01,4.171265104147e-01,1.682276188788e-07,4.067169660149e+02,3.668712396022e-04,3.998896511664e-02,-3.996609037021e-02,2.976087303908e+03,1.785414424302e+03,0.000000000000e+00,0.000000000000e+00,1.969484282722e-04,2.146737868167e-02,0.000000000000e+00,0.000000000000e+00,2.757272457218e+02,2.753952331543e+02,6.801851851851e-01,2.368518518518e-01,2.976087303908e+03,5.550612692681e+04,1.090000000000e+02
2.450000000000e+02,1.034469201871e+08,2.099553132150e+01,4.171256287863e-01,1.680355947854e-07,4.071819578415e+02,3.285682700126e-04,3.581394143137e-02,-3.579333700487e-02,3.016119353109e+03,-1.215168343674e+03,0.000000000000e+00,0.000000000000e+00,6.996813169586e-04,7.626526354848e-02,0.000000000000e+00,0.000000000000e+00,2.759961671630e+02,2.759801940918e+02,6.794444444444e-01,2.378703703704e-01,3.016119353109e+03,5.550600031095e+04,1.090000000000e+02
2.460000000000e+02,1.034452107845e+08,2.031413128050e+01,4.171259748679e-01,1.678446286970e-07,4.076454394086e+02,3.370529205432e-04,3.673876833921e-02,-3.671688528176e-02,3.083121134188e+03,-3.286072060192e+02,0.000000000000e+00,0.000000000000e+00,5.639956201274e-04,6.147552259389e-02,0.000000000000e+00,0.000000000000e+00,2.759345586437e+02,2.755638122559e+02,6.780555555555e-01,2.412962962963e-01,3.083121134188e+03,5.550603520286e+04,1.090000000000e+02
2.470000000000e+02,1.034406057409e+08,1.951651424088e+01,4.171271555923e-01,1.676546773666e-07,4.081074222030e+02,3.255041864004e-04,3.547995631764e-02,-3.545930278436e-02,2.845122866435e+03,2.636834258182e+03,0.000000000000e+00,0.000000000000e+00,3.448453649280e-05,3.758814477716e-03,0.000000000000e+00,0.000000000000e+00,2.753998789105e+02,2.752113037109e+02,6.775000000000e-01,2.498148148148e-01,2.845122866435e+03,5.550618924373e+04,1.090000000000e+02
2.480000000000e+02,1.034362851015e+08,1.903318290211e+01,4.171271216380e-01,1.674657634545e-07,4.085679175744e+02,2.949137581447e-04,3.214559963777e-02,-3.212708997158e-02,2.696041627671e+03,2.537386496177e+03,0.000000000000e+00,0.000000000000e+00,2.631315361151e-05,2.868133743654e-03,0.000000000000e+00,0.000000000000e+00,2.754652414591e+02,2.754689636230e+02,6.762962962963e-01,2.578703703704e-01,2.696041627671e+03,5.550618504475e+04,1.090000000000e+02
2.490000000000e+02,1.034321998367e+08,1.859233269375e+01,4.171268593390e-01,1.672778767649e-07,4.090269367376e+02,2.719982961747e-04,2.964781428304e-02,-2.963059937417e-02,2.590230717413e+03,2.440583722323e+03,0.000000000000e+00,0.000000000000e+00,2.481940583492e-05,2.705315236006e-03,0.000000000000e+00,0.000000000000e+00,2.750722811178e+02,2.750495300293e+02,6.746296296296e-01,2.646296296296e-01,2.590230717413e+03,5.550614816311e+04,1.090000000000e+02
2.500000000000e+02,1.034287512180e+08,1.837697096670e+01,4.171247282150e-01,1.670910063670e-07,4.094844907749e+02,2.437563225344e-04,2.656943915625e-02,-2.655409492560e-02,2.519116286833e+03,1.974706150687e+03,0.000000000000e+00,0.000000000000e+00,9.008805386398e-05,9.819597871173e-03,0.000000000000e+00,0.000000000000e+00,2.745505772554e+02,2.745464477539e+02,6.725000000000e-01,2.706481481481e-01,2.519116286833e+03,5.550586259583e+04,1.090000000000e+02
2.510000000000e+02,1.035544600572e+08,1.035330078703e+04,4.171182909423e-01,1.669051443842e-07,4.099405906381e+02,3.385225265864e-04,3.689895539791e-02,-3.399248289847e-02,2.125267582777e+05,-1.275956034936e+05,0.000000000000e+00,0.000000000000e+00,5.795271730240e-02,6.316846185962e+00,0.000000000000e+00,0.000000000000e+00,2.738305159534e+02,2.740815124512e+02,6.713888888888e-01,1.111111111106e-03,2.125267582777e+05,5.550501005028e+04,1.090000000000e+02
2.520000000000e+02,1.035548833637e+08,2.054799792788e+03,4.171196289328e-01,1.667202838283e-07,4.103952471506e+02,3.778496602710e-04,4.118561296954e-02,-3.596900256239e-02,3.484287838617e+05,-2.419730160103e+03,0.000000000000e+00,0.000000000000e+00,5.666723430720e-02,6.176728539484e+00,0.000000000000e+00,0.000000000000e+00,2.739493796316e+02,2.743074951172e+02,6.669444444444e-01,6.759259259288e-03,3.484287838617e+05,5.550518828639e+04,1.090000000000e+02
2.530000000000e+02,1.035437837153e+08,5.814613006736e+01,2.548103495836e+03,4.211683078843e-03,1.000000000000e+02,2.863375599210e-04,3.121079403139e-02,-3.364049680599e-02,1.132076887409e+04,9.232421655742e+03,1.529558259515e-05,1.667218502871e-03,1.144566816509e-06,1.247577829995e-04,4.128197598402e-04,4.499735382258e-02,2.740691458991e+02,2.743923034668e+02,6.605555555555e-01,5.611111111110e-02,1.132076887409e+04,5.550535248022e+04,1.090000000000e+02
2.540000000000e+02,1.035354134196e+08,3.490146550911e+01,9.290880832711e+03,1.535674270622e-02,1.000000000000e+02,-5.926915963832e-06,-6.460338400577e-04,-1.656641999971e-02,7.695335020927e+03,7.450773048813e+03,3.678424161798e-05,4.009482336360e-03,0.000000000000e+00,0.000000000000e+00,9.931745236856e-04,1.082560230817e-01,2.737637117825e+02,2.744028015137e+02,6.523148148148e-01,7.685185185182e-02,7.695335020927e+03,5.550490209505e+04,1.090000000000e+02
2.550000000000e+02,1.035284795046e+08,3.263061404953e+01,1.937963312753e+04,3.132852980270e-02,1.021897278681e+02,-2.958814040132e-04,-3.225107303743e-02,-1.498291204459e-03,6.958145370896e+03,6.850752184307e+03,1.743189102387e-05,1.900076121602e-03,0.000000000000e+00,0.000000000000e+00,1.375361736660e-03,1.499144292960e-01,2.732257730409e+02,2.738864746094e+02,2.583333333333e-02,9.203703703701e-02,6.958145370896e+03,5.550386288800e+04,1.090000000000e+02
2.560000000000e+02,1.035220858582e+08,3.343139710952e+01,3.097806799632e+04,4.601997715400e-02,1.110997665070e+02,-3.441361136808e-04,-3.751083639121e-02,-1.352484309439e-04,6.385339217374e+03,6.386140000445e+03,0.000000000000e+00,0.000000000000e+00,0.000000000000e+00,0.000000000000e+00,1.571722305710e-03,1.713177313224e-01,2.732151336316e+02,2.735253601074e+02,0.000000000000e+00,1.049074074074e-01,6.385339217374e+03,5.550384020962e+04,1.090000000000e+02
2.570000000000e+02,1.035160553281e+08,3.190073463312e+01,4.197404034762e+04,5.809082391446e-02,1.193150352937e+02,-3.675398932729e-04,-4.006184836674e-02,0.000000000000e+00,6.032061721587e+03,6.030531059110e+03,0.000000000000e+00,0.000000000000e+00,0.000000000000e+00,0.000000000000e+00,1.450000253954e-03,1.580500276810e-01,2.732166381180e+02,2.733212890625e+02,0.000000000000e+00,1.159259259259e-01,6.032061721587e+03,5.550384357817e+04,1.090000000000e+02
2.580000000000e+02,1.035103232319e+08,3.118864357890e+01,5.188853797632e+04,6.763766906832e-02,1.267255900499e+02,-3.735325466974e-04,-4.071504759001e-02,0.000000000000e+00,5.732807945435e+03,5.732095854378e+03,0.000000000000e+00,0.000000000000e+00,0.000000000000e+00,0.000000000000e+00,1.265233416783e-03,1.379104424294e-01,2.732139471174e+02,2.729063110352e+02,0.000000000000e+00,1.273148148148e-01,5.732807945435e+03,5.550383755229e+04,1.090000000000e+02
2.590000000000e+02,1.035048798810e+08,3.051675402750e+01,6.261307589716e+04,7.794190820702e-02,1.327284454117e+02,-3.681401904887e-04,-4.012728076326e-02,0.000000000000e+00,5.444022394449e+03,5.443350504901e+03,0.000000000000e+00,0.000000000000e+00,0.000000000000e+00,0.000000000000e+00,1.404536003872e-03,1.530944244220e-01,2.732113054700e+02,2.722380981445e+02,0.000000000000e+00,1.376851851851e-01,5.444022394449e+03,5.550383162855e+04,1.090000000000e+02
2.600000000000e+02,1.034996812753e+08,2.972364377238e+01,7.340273500124e+04,8.782420814858e-02,1.381080068415e+02,-3.622755335080e-04,-3.948803315237e-02,0.000000000000e+00,5.199399254570e+03,5.198606144316e+03,0.000000000000e+00,0.000000000000e+00,0.000000000000e+00,0.000000000000e+00,1.421156484429e-03,1.549060568027e-01,2.732095778114e+02,2.720433349609e+02,0.000000000000e+00,1.476851851852e-01,5.199399254570e+03,5.550382774940e+04,1.090000000000e+02
2.610000000000e+02,1.034947202576e+08,2.925812290902e+01,8.366850158774e+04,9.660312667104e-02,1.431277407503e+02,-3.561936682401e-04,-3.882510983817e-02,0.000000000000e+00,4.961483322843e+03,4.961017801984e+03,0.000000000000e+00,0.000000000000e+00,0.000000000000e+00,0.000000000000e+00,1.340648465042e-03,1.461306826895e-01,2.732053219619e+02,2.718146057129e+02,0.000000000000e+00,1.574074074074e-01,4.961483322843e+03,5.550381818097e+04,1.090000000000e+02
2.620000000000e+02,1.034899829777e+08,2.901002461920e+01,9.397261407371e+04,1.051509530708e-01,1.476938475960e+02,-3.645832899736e-04,-3.973957860712e-02,0.000000000000e+00,4.737528402955e+03,4.737280304661e+03,0.000000000000e+00,0.000000000000e+00,0.000000000000e+00,0.000000000000e+00,1.338605833247e-03,1.459080358240e-01,2.731996948822e+02,2.714259948730e+02,0.000000000000e+00,1.669444444444e-01,4.737528402955e+03,5.550380549868e+04,1.090000000000e+02
2.630000000000e+02,1.034854455288e+08,2.883236281577e+01,1.058508475116e+05,1.156017438362e-01,1.513282677932e+02,-3.673161262800e-04,-4.003745776453e-02,0.000000000000e+00,4.537627429473e+03,4.537449767679e+03,0.000000000000e+00,0.000000000000e+00,0.000000000000e+00,0.000000000000e+00,1.596058669884e-03,1.739703950173e-01,2.731940725527e+02,2.707429199219e+02,0.000000000000e+00,1.762962962963e-01,4.537627429473e+03,5.550379279163e+04,1.090000000000e+02
2.640000000000e+02,1.034810948026e+08,2.850903870649e+01,1.187831453576e+05,1.272925558107e-01,1.542247567629e+02,-3.558805591715e-04,-3.879098094969e-02,0.000000000000e+00,4.351049937051e+03,4.350726612945e+03,0.000000000000e+00,0.000000000000e+00,0.000000000000e+00,0.000000000000e+00,1.781717962580e-03,1.942072579212e-01,2.731904725311e+02,2.704045104980e+02,0.000000000000e+00,1.859259259259e-01,4.351049937051e+03,5.550378463668e+04,1.090000000000e+02
2.650000000000e+02,1.034769238897e+08,2.831093162546e+01,1.316738043809e+05,1.385215479452e-01,1.571061704304e+02,-3.587852067612e-04,-3.910758753697e-02,0.000000000000e+00,4.171110820144e+03,4.170912713079e+03,0.000000000000e+00,0.000000000000e+00,0.000000000000e+00,0.000000000000e+00,1.771936076387e-03,1.931410323261e-01,2.731870652022e+02,2.700735168457e+02,0.000000000000e+00,1.950000000000e-01,4.171110820144e+03,5.550377690540e+04,1.090000000000e+02
2.660000000000e+02,1.034728860007e+08,2.848838119516e+01,1.452382333345e+05,1.499430902175e-01,1.600930909829e+02,-3.595613124255e-04,-3.919218305438e-02,0.000000000000e+00,4.037711919935e+03,4.037889369516e+03,0.000000000000e+00,0.000000000000e+00,0.000000000000e+00,0.000000000000e+00,1.882530565822e-03,2.051958316746e-01,2.731816993037e+02,2.694647521973e+02,0.000000000000e+00,2.042592592592e-01,4.037711919935e+03,5.550376470373e+04,1.090000000000e+02
2.670000000000e+02,1.034689878899e+08,2.907313527040e+01,1.565231759182e+05,1.580767113927e-01,1.636567265219e+02,-3.440495736384e-04,-3.750140352659e-02,0.000000000000e+00,3.897525724842e+03,3.898110478909e+03,0.000000000000e+00,0.000000000000e+00,0.000000000000e+00,0.000000000000e+00,1.521265451480e-03,1.658179342113e-01,2.731745004184e+02,2.685157775879e+02,0.000000000000e+00,2.125000000000e-01,3.897525724842e+03,5.550374828296e+04,1.090000000000e+02
2.680000000000e+02,1.034651890683e+08,2.960721334177e+01,1.666233362916e+05,1.646729352861e-01,1.672401405709e+02,-3.256186663349e-04,-3.549243463050e-02,0.000000000000e+00,3.798287594046e+03,3.798821672122e+03,0.000000000000e+00,0.000000000000e+00,0.000000000000e+00,0.000000000000e+00,1.343859784134e-03,1.464807164706e-01,2.731685044583e+02,2.681567382813e+02,0.000000000000e+00,2.213888888889e-01,3.798287594046e+03,5.550373456124e+04,1.090000000000e+02
2.690000000000e+02,1.034615063334e+08,3.019147699932e+01,1.789883957909e+05,1.743130703114e-01,1.697169410507e+02,-3.170879902878e-04,-3.456259094137e-02,0.000000000000e+00,3.682150394499e+03,3.682734658147e+03,0.000000000000e+00,0.000000000000e+00,0.000000000000e+00,0.000000000000e+00,1.726762466371e-03,1.882171088344e-01,2.731625990731e+02,2.678457641602e+02,0.000000000000e+00,2.307407407407e-01,3.682150394499e+03,5.550372100735e+04,1.090000000000e+02
2.700000000000e+02,1.034579140828e+08,3.118492391322e+01,1.914020159271e+05,1.835922825896e-01,1.723158168437e+02,-3.125970296123e-04,-3.407307622774e-02,0.000000000000e+00,3.591257155379e+03,3.592250602312e+03,0.000000000000e+00,0.000000000000e+00,0.000000000000e+00,0.000000000000e+00,1.739282668384e-03,1.895818108538e-01,2.731552637231e+02,2.672311096191e+02,0.000000000000e+00,2.398148148148e-01,3.591257155379e+03,5.550370411765e+04,1.090000000000e+02
2.710000000000e+02,1.034544011419e+08,3.206841948582e+01,2.020528042150e+05,1.903334197405e-01,1.754628032610e+02,-3.058997811139e-04,-3.334307614142e-02,0.000000000000e+00,3.512057308175e+03,3.512940803738e+03,0.000000000000e+00,0.000000000000e+00,0.000000000000e+00,0.000000000000e+00,1.454596900942e-03,1.585510622026e-01,2.731495712328e+02,2.670113830566e+02,0.000000000000e+00,2.484259259259e-01,3.512057308175e+03,5.550369096918e+04,1.090000000000e+02
2.720000000000e+02,1.034509576328e+08,3.278475777198e+01,2.124990345698e+05,1.968567338472e-01,1.784200750119e+02,-3.017160148176e-04,-3.288704561512e-02,0.000000000000e+00,3.442792970484e+03,3.443509308774e+03,0.000000000000e+00,0.000000000000e+00,0.000000000000e+00,0.000000000000e+00,1.424969579382e-03,1.553216841527e-01,2.731453283815e+02,2.674907226562e+02,0.000000000000e+00,2.573148148148e-01,3.442792970484e+03,5.550368114521e+04,1.090000000000e+02
2.730000000000e+02,1.034475776202e+08,3.365328915274e+01,2.238060017741e+05,2.048083905668e-01,1.806186466936e+02,-3.071940569893e-04,-3.348415221184e-02,0.000000000000e+00,3.379144109414e+03,3.380012640801e+03,0.000000000000e+00,0.000000000000e+00,0.000000000000e+00,0.000000000000e+00,1.561712328123e-03,1.702266437654e-01,2.731408545868e+02,2.673902587891e+02,0.000000000000e+00,2.659259259259e-01,3.379144109414e+03,5.550367076421e+04,1.090000000000e+02
2.740000000000e+02,1.034442685711e+08,3.468100480518e+01,2.336250165353e+05,2.114923643666e-01,1.825847560119e+02,-2.932554924910e-04,-3.196484868152e-02,0.000000000000e+00,3.308021170865e+03,3.309048886522e+03,0.000000000000e+00,0.000000000000e+00,0.000000000000e+00,0.000000000000e+00,1.329756500663e-03,1.449434585723e-01,2.731360894172e+02,2.672338867188e+02,0.000000000000e+00,2.742592592592e-01,3.308021170865e+03,5.550365968210e+04,1.090000000000e+02
2.750000000000e+02,1.034410096619e+08,3.625204618295e+01,2.420159350152e+05,2.153227942174e-01,1.857782860932e+02,-2.985780704751e-04,-3.254500968179e-02,0.000000000000e+00,3.257338076400e+03,3.258909117778e+03,0.000000000000e+00,0.000000000000e+00,0.000000000000e+00,0.000000000000e+00,1.088384320269e-03,1.186338909093e-01,2.731298200560e+02,2.668755798340e+02,0.000000000000e+00,2.830555555555e-01,3.257338076400e+03,5.550364506360e+04,1.090000000000e+02
2.760000000000e+02,1.034377944511e+08,3.755858806718e+01,2.552672308181e+05,2.245681729734e-01,1.878836458526e+02,-3.098765256717e-04,-3.377654129822e-02,0.000000000000e+00,3.213903513157e+03,3.215210055046e+03,0.000000000000e+00,0.000000000000e+00,0.000000000000e+00,0.000000000000e+00,1.880465776694e-03,2.049707696596e-01,2.731250906060e+02,2.667943420410e+02,0.000000000000e+00,2.910185185185e-01,3.213903513157e+03,5.550363400636e+04,1.090000000000e+02
2.770000000000e+02,1.034346216738e+08,3.933268205673e+01,2.690605127447e+05,2.352371394956e-01,1.890545731849e+02,-3.204818045569e-04,-3.493251669670e-02,0.000000000000e+00,3.171003324556e+03,3.172777418538e+03,0.000000000000e+00,0.000000000000e+00,0.000000000000e+00,0.000000000000e+00,1.959449920369e-03,2.135800413202e-01,2.731191528898e+02,2.665367736816e+02,0.000000000000e+00,2.993518518518e-01,3.171003324556e+03,5.550362008906e+04,1.090000000000e+02
2.780000000000e+02,1.034314900800e+08,4.241130694166e+01,2.809182284189e+05,2.424285691191e-01,1.915314789017e+02,-2.996693764763e-04,-3.266396203592e-02,0.000000000000e+00,3.128514121319e+03,3.131592746209e+03,0.000000000000e+00,0.000000000000e+00,0.000000000000e+00,0.000000000000e+00,1.660334440832e-03,1.809764540507e-01,2.731106240873e+02,2.658544006348e+02,0.000000000000e+00,3.084259259259e-01,3.128514121319e+03,5.550360002966e+04,1.090000000000e+02
2.790000000000e+02,1.034284000723e+08,4.720908289809e+01,2.921444238001e+05,2.494444453901e-01,1.935836404673e+02,-2.845248740111e-04,-3.101321126721e-02,0.000000000000e+00,3.085209469810e+03,3.090007245770e+03,0.000000000000e+00,0.000000000000e+00,0.000000000000e+00,0.000000000000e+00,1.571100076453e-03,1.712499083334e-01,2.730997098991e+02,2.650914611816e+02,0.000000000000e+00,3.173148148148e-01,3.085209469810e+03,5.550357424068e+04,1.090000000000e+02
2.800000000000e+02,1.034253492969e+08,5.295343347830e+01,3.017433017186e+05,2.544390924386e-01,1.960195693998e+02,-2.724820111060e-04,-2.970053921055e-02,0.000000000000e+00,3.045030777151e+03,3.050775127741e+03,0.000000000000e+00,0.000000000000e+00,0.000000000000e+00,0.000000000000e+00,1.314160079086e-03,1.432434486204e-01,2.730894652683e+02,2.644819641113e+02,0.000000000000e+00,3.259259259259e-01,3.045030777151e+03,5.550354991139e+04,1.090000000000e+02
2.810000000000e+02,1.034223324077e+08,5.896761997151e+01,3.107902293603e+05,2.592236321312e-01,1.981705109754e+02,-2.541160129853e-04,-2.769864541539e-02,0.000000000000e+00,3.010874108852e+03,3.016888295348e+03,0.000000000000e+00,0.000000000000e+00,0.000000000000e+00,0.000000000000e+00,1.241290836378e-03,1.353007011653e-01,2.730808399404e+02,2.644597473145e+02,0.000000000000e+00,3.350925925926e-01,3.010874108852e+03,5.550352933560e+04,1.090000000000e+02
2.820000000000e+02,1.034193446342e+08,6.463581205075e+01,3.211493150555e+05,2.651014461892e-01,2.002358075894e+02,-2.638681477135e-04,-2.876162810078e-02,0.000000000000e+00,2.982106036238e+03,2.987774228319e+03,0.000000000000e+00,0.000000000000e+00,0.000000000000e+00,0.000000000000e+00,1.448426011817e-03,1.578784352881e-01,2.730740323155e+02,2.643859558105e+02,0.000000000000e+00,3.437037037037e-01,2.982106036238e+03,5.550351303626e+04,1.090000000000e+02
2.830000000000e+02,1.034163828709e+08,7.305398685936e+01,3.314263569511e+05,2.709439006754e-01,2.021878856721e+02,-2.655964507916e-04,-2.895001313629e-02,0.000000000000e+00,2.953344366945e+03,2.961762541761e+03,0.000000000000e+00,0.000000000000e+00,0.000000000000e+00,0.000000000000e+00,1.433149849963e-03,1.562133336460e-01,2.730620994243e+02,2.635574340820e+02,0.000000000000e+00,3.525925925926e-01,2.953344366945e+03,5.550348434071e+04,1.090000000000e+02
2.840000000000e+02,1.034134537095e+08,8.529561462986e+01,3.400551000350e+05,2.752938269090e-01,2.041742069558e+02,-2.468535148051e-04,-2.690703311375e-02,0.000000000000e+00,2.916919326597e+03,2.929160954374e+03,0.000000000000e+00,0.000000000000e+00,0.000000000000e+00,0.000000000000e+00,1.179446283541e-03,1.285596449060e-01,2.730487492686e+02,2.634318237305e+02,0.000000000000e+00,3.618518518518e-01,2.916919326597e+03,5.550345204578e+04,1.090000000000e+02
2.850000000000e+02,1.034105544982e+08,9.999052917611e+01,3.486472077342e+05,2.795721155607e-01,2.061298774950e+02,-2.306115578910e-04,-2.513665981012e-02,0.000000000000e+00,2.884516132993e+03,2.899211047539e+03,0.000000000000e+00,0.000000000000e+00,0.000000000000e+00,0.000000000000e+00,1.189632618057e-03,1.296699553683e-01,2.730360771926e+02,2.631764831543e+02,0.000000000000e+00,3.710185185185e-01,2.884516132993e+03,5.550342120307e+04,1.090000000000e+02
2.860000000000e+02,1.034076782515e+08,1.155116697871e+02,3.583731933807e+05,2.846347189019e-01,2.081118189715e+02,-2.256435694021e-04,-2.459514906483e-02,0.000000000000e+00,2.860726295906e+03,2.876247436522e+03,0.000000000000e+00,0.000000000000e+00,0.000000000000e+00,0.000000000000e+00,1.382012562333e-03,1.506393692942e-01,2.730258547599e+02,2.627090454102e+02,0.000000000000e+00,3.798148148148e-01,2.860726295906e+03,5.550339618880e+04,1.090000000000e+02
2.870000000000e+02,1.034048261702e+08,1.370660962325e+02,3.665889490591e+05,2.884433747245e-01,2.100721911160e+02,-2.120694489010e-04,-2.311556993020e-02,0.000000000000e+00,2.830526596798e+03,2.852081023247e+03,0.000000000000e+00,0.000000000000e+00,0.000000000000e+00,0.000000000000e+00,1.145990417259e-03,1.249129554813e-01,2.730047097177e+02,2.621520385742e+02,0.000000000000e+00,3.887037037037e-01,2.830526596798e+03,5.550334407283e+04,1.090000000000e+02
2.880000000000e+02,1.034020085699e+08,1.683207642593e+02,3.734335819336e+05,2.909493482481e-01,2.121516584206e+02,-1.941447251638e-04,-2.116177504285e-02,0.000000000000e+00,2.786346581005e+03,2.817601249033e+03,0.000000000000e+00,0.000000000000e+00,0.000000000000e+00,0.000000000000e+00,9.372870646765e-04,1.021642900497e-01,2.729810059544e+02,2.611498107910e+02,0.000000000000e+00,3.985185185185e-01,2.786346581005e+03,5.550328504729e+04,1.090000000000e+02
2.890000000000e+02,1.033992154338e+08,1.992332931416e+02,3.822134296935e+05,2.953949605215e-01,2.138718993039e+02,-2.101159491197e-04,-2.290263845405e-02,0.000000000000e+00,2.762223696297e+03,2.793136225181e+03,0.000000000000e+00,0.000000000000e+00,0.000000000000e+00,0.000000000000e+00,1.241162636354e-03,1.352867273626e-01,2.729708768401e+02,2.612925415039e+02,0.000000000000e+00,4.062962962963e-01,2.762223696297e+03,5.550325962633e+04,1.090000000000e+02
2.900000000000e+02,1.033964330246e+08,2.314233249014e+02,3.902969700377e+05,2.991411963742e-01,2.156603752450e+02,-2.185806090642e-04,-2.382528638800e-02,0.000000000000e+00,2.750220226868e+03,2.782410258629e+03,0.000000000000e+00,0.000000000000e+00,0.000000000000e+00,0.000000000000e+00,1.117626153671e-03,1.218212507502e-01,2.729536455322e+02,2.609349670410e+02,0.000000000000e+00,4.145370370370e-01,2.750220226868e+03,5.550321611371e+04,1.090000000000e+02
2.910000000000e+02,1.033936698940e+08,2.727639292464e+02,3.968300854315e+05,3.014184508260e-01,2.176140111228e+02,-1.965816185206e-04,-2.142739641875e-02,0.000000000000e+00,2.721790294543e+03,2.763130898890e+03,0.000000000000e+00,0.000000000000e+00,0.000000000000e+00,0.000000000000e+00,8.833783584035e-04,9.628824106598e-02,2.729275590170e+02,2.602474670410e+02,0.000000000000e+00,4.223148148148e-01,2.721790294543e+03,5.550314960119e+04,1.090000000000e+02
2.920000000000e+02,1.033909274859e+08,3.193703941722e+02,4.053611119413e+05,3.056585390361e-01,2.192089162476e+02,-1.882620877310e-04,-2.052056756268e-02,0.000000000000e+00,2.695801954331e+03,2.742408419258e+03,0.000000000000e+00,0.000000000000e+00,0.000000000000e+00,0.000000000000e+00,1.221922468579e-03,1.331895490752e-01,2.729077796498e+02,2.592016906738e+02,0.000000000000e+00,4.299166666666e-01,2.695801954331e+03,5.550309865611e+04,1.090000000000e+02
2.930000000000e+02,1.033881974324e+08,3.691108362556e+02,4.128742573054e+05,3.088962509738e-01,2.209318917999e+02,-1.821624208104e-04,-1.985570386833e-02,0.000000000000e+00,2.680314034007e+03,2.730054476095e+03,0.000000000000e+00,0.000000000000e+00,0.000000000000e+00,0.000000000000e+00,1.059783264723e-03,1.155163758548e-01,2.728869452157e+02,2.587669372559e+02,0.000000000000e+00,4.373430555555e-01,2.680314034007e+03,5.550304451042e+04,1.090000000000e+02
2.940000000000e+02,1.033854797651e+08,4.223904335048e+02,4.190822270493e+05,3.109670892219e-01,2.227606856767e+02,-1.823567517266e-04,-1.987688593820e-02,0.000000000000e+00,2.664388366688e+03,2.717667963939e+03,0.000000000000e+00,0.000000000000e+00,0.000000000000e+00,0.000000000000e+00,8.438432017144e-04,9.197890898687e-02,2.728698319005e+02,2.591825561523e+02,0.000000000000e+00,4.436486111111e-01,2.664388366688e+03,5.550299966008e+04,1.090000000000e+02
2.950000000000e+02,1.033827725914e+08,4.776269197265e+02,4.264076911974e+05,3.141305141769e-01,2.243722268657e+02,-1.889831461222e-04,-2.059916292732e-02,0.000000000000e+00,2.651938713459e+03,2.707175199684e+03,0.000000000000e+00,0.000000000000e+00,0.000000000000e+00,0.000000000000e+00,1.021931839790e-03,1.113905705372e-01,2.728538164517e+02,2.589403686523e+02,0.000000000000e+00,4.499930787037e-01,2.651938713459e+03,5.550295738142e+04,1.090000000000e+02
2.960000000000e+02,1.033800803328e+08,5.383014129696e+02,4.345112235308e+05,3.180024495350e-01,2.258527308007e+02,-1.855722737342e-04,-2.022737783703e-02,0.000000000000e+00,2.631584252733e+03,2.692258745976e+03,0.000000000000e+00,0.000000000000e+00,0.000000000000e+00,0.000000000000e+00,1.153973319692e-03,1.257830918464e-01,2.728301854580e+02,2.588750610352e+02,0.000000000000e+00,4.566163206018e-01,2.631584252733e+03,5.550289446038e+04,1.090000000000e+02
2.970000000000e+02,1.033779836147e+08,7.115438937155e+02,4.418127111987e+05,3.211183401195e-01,2.274199686533e+02,-1.745495602495e-04,-1.902590206720e-02,0.000000000000e+00,1.923474033346e+03,2.096716514094e+03,0.000000000000e+00,0.000000000000e+00,0.000000000000e+00,0.000000000000e+00,1.032455950777e-03,1.125376986347e-01,2.728034124923e+02,2.585750122070e+02,0.000000000000e+00,4.587015289352e-01,1.923474033346e+03,5.550282184068e+04,1.090000000000e+02
2.980000000000e+02,1.033758758678e+08,9.107574210181e+02,4.482361162749e+05,3.234753452416e-01,2.290454240181e+02,-1.728946859888e-04,-1.884552077278e-02,0.000000000000e+00,1.908532946130e+03,2.107746473432e+03,0.000000000000e+00,0.000000000000e+00,0.000000000000e+00,0.000000000000e+00,8.889186958964e-04,9.689213785271e-02,2.727867826224e+02,2.581688537598e+02,0.000000000000e+00,4.624656551504e-01,1.908532946130e+03,5.550277665498e+04,1.090000000000e+02
2.990000000000e+02,1.033736036357e+08,1.072981427130e+03,4.546382766716e+05,3.258437071648e-01,2.306283523248e+02,-1.873261974037e-04,-2.041855551700e-02,0.000000000000e+00,2.110008121673e+03,2.272232127786e+03,0.000000000000e+00,0.000000000000e+00,0.000000000000e+00,0.000000000000e+00,8.709128692683e-04,9.492950275024e-02,2.727876878778e+02,2.584033508301e+02,0.000000000000e+00,4.667014201967e-01,2.110008121673e+03,5.550277914318e+04,1.090000000000e+02
3.000000000000e+02,1.033712675280e+08,1.222906050965e+03,4.609944067444e+05,3.281898652093e-01,2.321810698001e+02,-1.983461200494e-04,-2.161972708538e-02,0.000000000000e+00,2.186183229219e+03,2.336107853055e+03,0.000000000000e+00,0.000000000000e+00,0.000000000000e+00,0.000000000000e+00,8.523249436185e-04,9.290341885441e-02,2.727789530513e+02,2.589501037598e+02,0.000000000000e+00,4.717512122714e-01,2.186183229219e+03,5.550275528090e+04,1.090000000000e+02
3.010000000000e+02,1.033689075231e+08,1.376815113947e+03,4.696349178688e+05,3.326234827740e-01,2.333803495795e+02,-1.908489319996e-04,-2.080253358796e-02,0.000000000000e+00,2.206099149963e+03,2.360008212946e+03,0.000000000000e+00,0.000000000000e+00,0.000000000000e+00,0.000000000000e+00,1.237452945073e-03,1.348823710129e-01,2.727602085804e+02,2.585108337402e+02,0.000000000000e+00,4.763573476881e-01,2.206099149963e+03,5.550270375460e+04,1.090000000000e+02
3.020000000000e+02,1.033667091546e+08,1.576379321748e+03,4.787176354129e+05,3.373673075194e-01,2.345488783064e+02,-1.868188657318e-04,-2.036325636477e-02,0.000000000000e+00,1.998805695722e+03,2.198369903524e+03,0.000000000000e+00,0.000000000000e+00,0.000000000000e+00,0.000000000000e+00,1.314516636636e-03,1.432823133933e-01,2.727593583942e+02,2.590639648438e+02,0.000000000000e+00,4.793943284405e-01,1.998805695722e+03,5.550270063962e+04,1.090000000000e+02
3.030000000000e+02,1.033647451140e+08,1.894798507799e+03,4.855292540288e+05,3.401096331821e-01,2.359684830021e+02,-1.804931338931e-04,-1.967375159435e-02,0.000000000000e+00,1.645619886632e+03,1.964039072682e+03,0.000000000000e+00,0.000000000000e+00,0.000000000000e+00,0.000000000000e+00,9.455294236107e-04,1.030627071736e-01,2.727352721288e+02,2.579129638672e+02,0.000000000000e+00,4.813664419243e-01,1.645619886632e+03,5.550263381765e+04,1.090000000000e+02
3.040000000000e+02,1.033626479636e+08,2.167145079340e+03,4.912481129578e+05,3.419284912332e-01,2.374780764962e+02,-1.593897686830e-04,-1.737348478645e-02,0.000000000000e+00,1.824803876280e+03,2.097150447820e+03,0.000000000000e+00,0.000000000000e+00,0.000000000000e+00,0.000000000000e+00,7.859688712227e-04,8.567060696328e-02,2.727209824431e+02,2.584201660156e+02,0.000000000000e+00,4.855103588701e-01,1.824803876280e+03,5.550259382177e+04,1.090000000000e+02
3.050000000000e+02,1.033605089191e+08,2.425512738090e+03,4.970747509878e+05,3.438535192833e-01,2.389497149343e+02,-1.453835484819e-04,-1.584680678452e-02,0.000000000000e+00,1.880677077258e+03,2.139044736006e+03,0.000000000000e+00,0.000000000000e+00,0.000000000000e+00,0.000000000000e+00,8.177896705954e-04,8.913907409490e-02,2.727073785047e+02,2.589536132812e+02,0.000000000000e+00,4.897680973539e-01,1.880677077258e+03,5.550255550745e+04,1.090000000000e+02
3.060000000000e+02,1.033583508972e+08,2.681032742238e+03,5.036725361718e+05,3.464796394683e-01,2.402864093712e+02,-1.608669936370e-04,-1.753450230643e-02,0.000000000000e+00,1.902501551292e+03,2.158021555439e+03,0.000000000000e+00,0.000000000000e+00,0.000000000000e+00,0.000000000000e+00,9.297727122806e-04,1.013452256386e-01,2.726937478660e+02,2.585171508789e+02,0.000000000000e+00,4.947118027395e-01,1.902501551292e+03,5.550251688699e+04,1.090000000000e+02
3.070000000000e+02,1.033563321212e+08,3.119413589990e+03,5.099828874337e+05,3.488571661461e-01,2.416390931635e+02,-1.619322977664e-04,-1.765062045654e-02,0.000000000000e+00,1.580393710209e+03,2.018774557962e+03,0.000000000000e+00,0.000000000000e+00,0.000000000000e+00,0.000000000000e+00,8.812443109106e-04,9.605562988926e-02,2.726707846549e+02,2.571536254883e+02,0.000000000000e+00,4.973751144901e-01,1.580393710209e+03,5.550245032435e+04,1.090000000000e+02
3.080000000000e+02,1.033542942411e+08,3.548030228303e+03,5.160951221692e+05,3.510958683393e-01,2.429764954157e+02,-1.342971636749e-04,-1.463839084056e-02,0.000000000000e+00,1.609262251338e+03,2.037878889650e+03,0.000000000000e+00,0.000000000000e+00,0.000000000000e+00,0.000000000000e+00,8.762111933670e-04,9.550702007700e-02,2.726299459300e+02,2.567618103027e+02,0.000000000000e+00,5.030080410246e-01,1.609262251338e+03,5.550233204088e+04,1.090000000000e+02
3.090000000000e+02,1.033522435158e+08,4.007508140436e+03,5.222054154011e+05,3.533352996955e-01,2.442958397204e+02,-1.201389428421e-04,-1.309514476979e-02,0.000000000000e+00,1.591245777935e+03,2.050723690068e+03,0.000000000000e+00,0.000000000000e+00,0.000000000000e+00,0.000000000000e+00,8.901566642427e-04,9.702707640245e-02,2.725677123902e+02,2.555773773193e+02,0.000000000000e+00,5.075060010016e-01,1.591245777935e+03,5.550214786658e+04,1.090000000000e+02
3.100000000000e+02,1.033502380182e+08,4.597903438307e+03,5.272394769675e+05,3.546785740456e-01,2.457170735649e+02,-1.138709141997e-04,-1.241192964777e-02,0.000000000000e+00,1.415101983384e+03,2.005497281253e+03,0.000000000000e+00,0.000000000000e+00,0.000000000000e+00,0.000000000000e+00,7.183674386541e-04,7.830205081330e-02,2.725434023107e+02,2.548891906738e+02,0.000000000000e+00,5.123902424293e-01,1.415101983384e+03,5.550207284810e+04,1.090000000000e+02
3.110000000000e+02,1.033482705658e+08,5.237122851579e+03,5.314729363376e+05,3.553894471257e-01,2.471948780371e+02,-1.131682769379e-04,-1.233534218623e-02,0.000000000000e+00,1.328235102939e+03,1.967454516209e+03,0.000000000000e+00,0.000000000000e+00,0.000000000000e+00,0.000000000000e+00,5.866975023010e-04,6.395002775081e-02,2.725255513003e+02,2.553917236328e+02,0.000000000000e+00,5.158531772091e-01,1.328235102939e+03,5.550201862199e+04,1.090000000000e+02
3.120000000000e+02,1.033462849323e+08,5.802908210439e+03,5.355244900962e+05,3.559752902179e-01,2.486693605698e+02,-1.087372106541e-04,-1.185235596130e-02,0.000000000000e+00,1.419848137075e+03,1.985633495930e+03,0.000000000000e+00,0.000000000000e+00,0.000000000000e+00,0.000000000000e+00,5.609513097147e-04,6.114369275890e-02,2.725294739108e+02,2.556392517090e+02,0.000000000000e+00,5.207082288219e-01,1.419848137075e+03,5.550203060494e+04,1.090000000000e+02
3.130000000000e+02,1.033443275001e+08,6.403499150582e+03,5.400745034169e+05,3.570169009501e-01,2.500503534757e+02,-9.319328607583e-05,-1.015806818227e-02,0.000000000000e+00,1.356842465724e+03,1.957433405863e+03,0.000000000000e+00,0.000000000000e+00,0.000000000000e+00,0.000000000000e+00,6.588662069756e-04,7.181641656034e-02,2.725411905553e+02,2.564550170898e+02,0.000000000000e+00,5.251801184770e-01,1.356842465724e+03,5.550206444772e+04,1.090000000000e+02
3.140000000000e+02,1.033424288980e+08,7.093843580836e+03,5.458261718401e+05,3.590937266010e-01,2.512518388680e+02,-1.121364031341e-04,-1.222286794162e-02,0.000000000000e+00,1.208258203990e+03,1.898602634239e+03,0.000000000000e+00,0.000000000000e+00,0.000000000000e+00,0.000000000000e+00,8.386146425169e-04,9.140899603435e-02,2.725371786960e+02,2.569036560059e+02,0.000000000000e+00,5.282449332918e-01,1.208258203990e+03,5.550205243316e+04,1.090000000000e+02
3.150000000000e+02,1.033405132332e+08,7.747216017306e+03,5.526664827247e+05,3.620506424977e-01,2.523232610001e+02,-1.475427889887e-04,-1.608216399977e-02,0.000000000000e+00,1.262294632513e+03,1.915667068981e+03,0.000000000000e+00,0.000000000000e+00,0.000000000000e+00,0.000000000000e+00,9.832939287344e-04,1.071790382320e-01,2.725067168660e+02,2.563990478516e+02,0.000000000000e+00,5.346428281046e-01,1.262294632513e+03,5.550195917234e+04,1.090000000000e+02
3.160000000000e+02,1.033386156950e+08,8.481275207548e+03,5.588740331268e+05,3.644915009278e-01,2.534495470498e+02,-1.630638732494e-04,-1.777396218418e-02,0.000000000000e+00,1.163482096158e+03,1.897541286399e+03,0.000000000000e+00,0.000000000000e+00,0.000000000000e+00,0.000000000000e+00,8.633480672558e-04,9.410493933089e-02,2.724472618270e+02,2.548158111572e+02,0.000000000000e+00,5.386290561138e-01,1.163482096158e+03,5.550177159990e+04,1.090000000000e+02
3.170000000000e+02,1.033367901585e+08,9.463095536385e+03,5.644975175799e+05,3.664851366815e-01,2.546081098089e+02,-1.455982400987e-04,-1.587020817076e-02,0.000000000000e+00,8.437171548848e+02,1.825537483717e+03,0.000000000000e+00,0.000000000000e+00,0.000000000000e+00,0.000000000000e+00,7.842810092959e-04,8.548663001326e-02,2.723860642601e+02,2.542895660400e+02,0.000000000000e+00,5.452740793988e-01,8.437171548848e+02,5.550157620581e+04,1.090000000000e+02
3.180000000000e+02,1.033349482685e+08,1.034121158490e+04,5.699044920268e+05,3.682977989943e-01,2.557824213013e+02,-1.229175361033e-04,-1.339801143526e-02,0.000000000000e+00,9.637726371720e+02,1.841888685682e+03,0.000000000000e+00,0.000000000000e+00,0.000000000000e+00,0.000000000000e+00,7.710896848419e-04,8.404877564776e-02,2.723413847242e+02,2.535805053711e+02,0.000000000000e+00,5.508350226880e-01,9.637726371720e+02,5.550143079111e+04,1.090000000000e+02
3.190000000000e+02,1.033331505506e+08,1.136890675665e+04,5.748093393770e+05,3.697164279378e-01,2.569941969982e+02,-1.070040516733e-04,-1.166344163239e-02,0.000000000000e+00,7.700208601559e+02,1.797716031907e+03,0.000000000000e+00,0.000000000000e+00,0.000000000000e+00,0.000000000000e+00,7.038626142663e-04,7.672102495502e-02,2.723237677602e+02,2.533937225342e+02,0.000000000000e+00,5.553797000285e-01,7.700208601559e+02,5.550136986808e+04,1.090000000000e+02
3.200000000000e+02,1.033313618725e+08,1.233787913310e+04,5.804662941296e+05,3.717678524570e-01,2.580916076882e+02,-8.928424517976e-05,-9.731982724594e-03,0.000000000000e+00,8.197060189866e+02,1.788678395428e+03,0.000000000000e+00,0.000000000000e+00,0.000000000000e+00,0.000000000000e+00,8.458993267160e-04,9.220302661205e-02,2.723072724046e+02,2.537482757568e+02,0.000000000000e+00,5.609722379428e-01,8.197060189866e+02,5.550131550895e+04,1.090000000000e+02
3.210000000000e+02,1.033295880281e+08,1.333942139962e+04,5.861443404972e+05,3.738322069083e-01,2.591777047098e+02,-8.621806566760e-05,-9.397769157768e-03,0.000000000000e+00,7.723004945752e+02,1.773842761094e+03,0.000000000000e+00,0.000000000000e+00,0.000000000000e+00,0.000000000000e+00,8.525800672163e-04,9.293122732657e-02,2.722686831701e+02,2.536108703613e+02,0.000000000000e+00,5.663853146732e-01,7.723004945752e+02,5.550118316566e+04,1.090000000000e+02
3.220000000000e+02,1.033278501004e+08,1.446397461408e+04,5.904292176717e+05,3.747895062638e-01,2.604063341049e+02,-1.034238146594e-04,-1.127319579787e-02,0.000000000000e+00,6.133740573801e+02,1.737927271848e+03,0.000000000000e+00,0.000000000000e+00,0.000000000000e+00,0.000000000000e+00,6.051549799762e-04,6.596189281740e-02,2.722191911687e+02,2.532135467529e+02,0.000000000000e+00,5.722840886781e-01,6.133740573801e+02,5.550101501594e+04,1.090000000000e+02
3.230000000000e+02,1.033261107986e+08,1.548259768654e+04,5.948421258435e+05,3.758872327722e-01,2.615867404358e+02,-1.171231152950e-04,-1.276641956716e-02,0.000000000000e+00,7.206809277148e+02,1.739304000183e+03,0.000000000000e+00,0.000000000000e+00,0.000000000000e+00,0.000000000000e+00,6.124238109192e-04,6.675419539020e-02,2.722031351337e+02,2.543534698486e+02,0.000000000000e+00,5.782590107506e-01,7.206809277148e+02,5.550096024709e+04,1.090000000000e+02
3.240000000000e+02,1.033244384782e+08,1.666865549277e+04,5.999416566293e+05,3.775193653887e-01,2.626882950963e+02,-1.238598356045e-04,-1.350072208089e-02,0.000000000000e+00,4.862643911410e+02,1.672322197365e+03,0.000000000000e+00,0.000000000000e+00,0.000000000000e+00,0.000000000000e+00,7.189412300627e-04,7.836459407683e-02,2.722290443561e+02,2.540127410889e+02,0.000000000000e+00,5.831290083746e-01,4.862643911410e+02,5.550104644777e+04,1.090000000000e+02
3.250000000000e+02,1.033227590453e+08,1.774303675650e+04,6.050587533833e+05,3.791916555936e-01,2.637608195289e+02,-1.431277497233e-04,-1.560092471984e-02,0.000000000000e+00,6.050555947637e+02,1.679436858490e+03,0.000000000000e+00,0.000000000000e+00,0.000000000000e+00,0.000000000000e+00,7.028648910070e-04,7.661227311976e-02,2.722088164374e+02,2.534426269531e+02,0.000000000000e+00,5.894382315906e-01,6.050555947637e+02,5.550097733647e+04,1.090000000000e+02
3.260000000000e+02,1.033211025551e+08,1.901046561631e+04,6.109827255650e+05,3.815390715410e-01,2.647055236146e+02,-1.498198333867e-04,-1.633036183915e-02,0.000000000000e+00,3.890612617931e+02,1.656490121605e+03,0.000000000000e+00,0.000000000000e+00,0.000000000000e+00,0.000000000000e+00,8.297752539680e-04,9.044550268251e-02,2.721528107735e+02,2.525922546387e+02,0.000000000000e+00,5.964577239179e-01,3.890612617931e+02,5.550077848413e+04,1.090000000000e+02
3.270000000000e+02,1.033194457970e+08,2.031680879364e+04,6.171065182141e+05,3.840109336697e-01,2.656385358807e+02,-1.286573683565e-04,-1.402365315086e-02,0.000000000000e+00,3.504150242177e+02,1.656758201553e+03,0.000000000000e+00,0.000000000000e+00,0.000000000000e+00,0.000000000000e+00,8.839417426124e-04,9.634964994475e-02,2.721020328880e+02,2.525356140137e+02,0.000000000000e+00,6.032666136618e-01,3.504150242177e+02,5.550059751927e+04,1.090000000000e+02
3.280000000000e+02,1.033178055755e+08,2.166808581393e+04,6.226667013837e+05,3.860922283396e-01,2.665879063283e+02,-1.090656752395e-04,-1.188815860111e-02,0.000000000000e+00,2.889450714801e+02,1.640222091768e+03,0.000000000000e+00,0.000000000000e+00,0.000000000000e+00,0.000000000000e+00,8.103494859812e-04,8.832809397195e-02,2.720565631937e+02,2.526210479736e+02,0.000000000000e+00,6.102731157691e-01,2.889450714801e+02,5.550043104672e+04,1.090000000000e+02
3.290000000000e+02,1.033161883040e+08,2.297364409957e+04,6.274187882773e+05,3.874148958064e-01,2.677055809828e+02,-1.029616431106e-04,-1.122281909905e-02,0.000000000000e+00,3.117135534910e+02,1.617271839136e+03,0.000000000000e+00,0.000000000000e+00,0.000000000000e+00,0.000000000000e+00,6.826375437047e-04,7.440749226381e-02,2.720448948396e+02,2.526845245361e+02,0.000000000000e+00,6.170384122742e-01,3.117135534910e+02,5.550038849613e+04,1.090000000000e+02
3.300000000000e+02,1.033146037123e+08,2.421479373936e+04,6.317749405817e+05,3.885624824407e-01,2.687679359629e+02,-1.071151152122e-04,-1.167554755813e-02,0.000000000000e+00,3.434423134128e+02,1.584591953203e+03,0.000000000000e+00,0.000000000000e+00,0.000000000000e+00,0.000000000000e+00,6.128896630702e-04,6.680497327466e-02,2.720563526829e+02,2.531290130615e+02,0.000000000000e+00,6.243458337054e-01,3.434423134128e+02,5.550042907393e+04,1.090000000000e+02
3.310000000000e+02,1.033130542589e+08,2.550258488768e+04,6.364121224929e+05,3.898985171725e-01,2.698135992416e+02,-1.178976455423e-04,-1.285084336411e-02,0.000000000000e+00,2.616615687744e+02,1.549452717092e+03,0.000000000000e+00,0.000000000000e+00,0.000000000000e+00,0.000000000000e+00,6.488850596483e-04,7.072847150167e-02,2.720202690323e+02,2.527994995117e+02,0.000000000000e+00,6.313195470792e-01,2.616615687744e+02,5.550029790426e+04,1.090000000000e+02
3.320000000000e+02,1.033115374135e+08,2.675473886139e+04,6.413467974126e+05,3.914705021617e-01,2.708148539860e+02,-1.232194251878e-04,-1.343091734547e-02,0.000000000000e+00,2.646926417196e+02,1.516846615431e+03,0.000000000000e+00,0.000000000000e+00,0.000000000000e+00,0.000000000000e+00,6.928827637339e-04,7.552422124699e-02,2.719653327600e+02,2.526025085449e+02,0.000000000000e+00,6.376843823034e-01,2.646926417196e+02,5.550009399702e+04,1.090000000000e+02
3.330000000000e+02,1.033100676220e+08,2.805234244673e+04,6.465062961768e+05,3.932760475279e-01,2.717408208379e+02,-1.320228069977e-04,-1.439048596275e-02,0.000000000000e+00,1.721894605123e+02,1.469793045854e+03,0.000000000000e+00,0.000000000000e+00,0.000000000000e+00,0.000000000000e+00,7.211036518513e-04,7.860029805179e-02,2.719315554620e+02,2.523730163574e+02,0.000000000000e+00,6.449965500762e-01,1.721894605123e+02,5.549996550816e+04,1.090000000000e+02
3.340000000000e+02,1.033086114796e+08,2.932634614456e+04,6.513885038436e+05,3.948507031591e-01,2.727010559319e+02,-1.260582638491e-04,-1.374035075955e-02,0.000000000000e+00,1.821385746701e+02,1.456142272500e+03,0.000000000000e+00,0.000000000000e+00,0.000000000000e+00,0.000000000000e+00,6.809869129297e-04,7.422757350934e-02,2.719314915538e+02,2.532419433594e+02,0.000000000000e+00,6.527865415767e-01,1.821385746701e+02,5.549996488419e+04,1.090000000000e+02
3.350000000000e+02,1.033072065025e+08,3.055834187944e+04,6.559973473413e+05,3.961777586076e-01,2.737121714987e+02,-1.007270852259e-04,-1.097925228962e-02,0.000000000000e+00,1.729812158244e+02,1.404976950696e+03,0.000000000000e+00,0.000000000000e+00,0.000000000000e+00,0.000000000000e+00,6.617423892924e-04,7.212992043288e-02,2.718495162772e+02,2.523300018311e+02,0.000000000000e+00,6.598698427594e-01,1.729812158244e+02,5.549965178842e+04,1.090000000000e+02
3.360000000000e+02,1.033057941810e+08,3.181558657344e+04,6.603652609211e+05,3.973516921983e-01,2.747217088532e+02,-8.937515180701e-05,-9.741891546964e-03,0.000000000000e+00,1.550770768721e+02,1.412321770878e+03,0.000000000000e+00,0.000000000000e+00,0.000000000000e+00,0.000000000000e+00,6.330819994822e-04,6.900593794356e-02,2.717946497302e+02,2.516966857910e+02,0.000000000000e+00,6.686552586641e-01,1.550770768721e+02,5.549943588282e+04,1.090000000000e+02
3.370000000000e+02,1.033043898113e+08,3.305784639468e+04,6.648883031933e+05,3.986957620142e-01,2.756711288232e+02,-1.079622998354e-04,-1.176789068206e-02,0.000000000000e+00,1.621103373725e+02,1.404370158611e+03,0.000000000000e+00,0.000000000000e+00,0.000000000000e+00,0.000000000000e+00,6.398091503199e-04,6.973919738487e-02,2.717830572219e+02,2.519540557861e+02,0.000000000000e+00,6.763222405780e-01,1.621103373725e+02,5.549938919472e+04,1.090000000000e+02
3.380000000000e+02,1.033029970971e+08,3.428658681624e+04,6.689020445495e+05,3.996127418615e-01,2.766993882779e+02,-1.152348852446e-04,-1.256060249166e-02,0.000000000000e+00,1.639755617537e+02,1.392715983310e+03,0.000000000000e+00,0.000000000000e+00,0.000000000000e+00,0.000000000000e+00,5.484529084643e-04,5.978136702261e-02,2.717584460057e+02,2.524174652100e+02,0.000000000000e+00,6.842031360678e-01,1.639755617537e+02,5.549929035075e+04,1.090000000000e+02
3.390000000000e+02,1.033016227806e+08,3.548450769006e+04,6.734569123073e+05,4.010037847242e-01,2.776165064846e+02,-1.228933248802e-04,-1.339537241194e-02,0.000000000000e+00,1.763944651898e+02,1.374315339018e+03,0.000000000000e+00,0.000000000000e+00,0.000000000000e+00,0.000000000000e+00,6.297721221049e-04,6.864516130944e-02,2.717930912475e+02,2.536688690186e+02,0.000000000000e+00,6.937914057295e-01,1.763944651898e+02,5.549942806999e+04,1.090000000000e+02
3.400000000000e+02,1.033002704569e+08,3.664687880024e+04,6.793552987301e+05,4.033814310136e-01,2.783970616684e+02,-1.485434097464e-04,-1.619123166236e-02,0.000000000000e+00,1.899533319041e+02,1.352324442078e+03,0.000000000000e+00,0.000000000000e+00,0.000000000000e+00,0.000000000000e+00,8.263909114733e-04,9.007660935059e-02,2.718052492452e+02,2.541053009033e+02,0.000000000000e+00,7.011086244730e-01,1.899533319041e+02,5.549947604487e+04,1.090000000000e+02
3.410000000000e+02,1.032989338274e+08,3.779635485958e+04,6.851388475373e+05,4.056226995170e-01,2.792159918976e+02,-1.386230335207e-04,-1.510991065376e-02,0.000000000000e+00,1.871535035688e+02,1.336629562914e+03,0.000000000000e+00,0.000000000000e+00,0.000000000000e+00,0.000000000000e+00,8.175150464082e-04,8.910914005850e-02,2.717941006647e+02,2.542877807617e+02,0.000000000000e+00,7.095360203791e-01,1.871535035688e+02,5.549943164161e+04,1.090000000000e+02
3.420000000000e+02,1.032976160455e+08,3.892344220968e+04,6.898975611120e+05,4.071504044626e-01,2.801002285759e+02,-1.109530387948e-04,-1.209388122863e-02,0.000000000000e+00,1.906948538621e+02,1.317782203953e+03,0.000000000000e+00,0.000000000000e+00,0.000000000000e+00,0.000000000000e+00,6.756190354879e-04,7.364247486818e-02,2.718018784027e+02,2.553469085693e+02,0.000000000000e+00,7.192619281802e-01,1.906948538621e+02,5.549946209386e+04,1.090000000000e+02
3.430000000000e+02,1.032963139939e+08,4.004163825581e+04,6.937475613423e+05,4.080088675957e-01,2.810715839801e+02,-1.095756732682e-04,-1.194374838623e-02,0.000000000000e+00,1.838553890749e+02,1.302051435212e+03,0.000000000000e+00,0.000000000000e+00,0.000000000000e+00,0.000000000000e+00,5.271997362158e-04,5.746477124753e-02,2.717591940157e+02,2.539951934814e+02,0.000000000000e+00,7.282304497390e-01,1.838553890749e+02,5.549929171192e+04,1.090000000000e+02
3.440000000000e+02,1.032950220107e+08,4.116940647138e+04,6.977239518249e+05,4.089851895475e-01,2.820091253639e+02,-1.108806967989e-04,-1.208599595108e-02,0.000000000000e+00,1.642152558845e+02,1.291983471453e+03,0.000000000000e+00,0.000000000000e+00,0.000000000000e+00,0.000000000000e+00,5.469744031475e-04,5.962020994308e-02,2.716955859885e+02,2.536811370850e+02,0.000000000000e+00,7.380953526890e-01,1.642152558845e+02,5.549903343234e+04,1.090000000000e+02
3.450000000000e+02,1.032937435085e+08,4.229553835275e+04,7.021549934474e+05,4.102978900551e-01,2.828932835676e+02,-1.043085384318e-04,-1.136963068906e-02,0.000000000000e+00,1.523691918136e+02,1.278501073187e+03,0.000000000000e+00,0.000000000000e+00,0.000000000000e+00,0.000000000000e+00,6.286515144726e-04,6.852301507751e-02,2.716398809460e+02,2.542044982910e+02,0.000000000000e+00,7.484314695381e-01,1.523691918136e+02,5.549880279080e+04,1.090000000000e+02
3.460000000000e+02,1.032924774763e+08,4.342556768400e+04,7.073199099511e+05,4.121276174488e-01,2.837107758127e+02,-1.013942151141e-04,-1.105196944744e-02,0.000000000000e+00,1.360035445381e+02,1.266032875787e+03,0.000000000000e+00,0.000000000000e+00,0.000000000000e+00,0.000000000000e+00,7.531329547383e-04,8.209149206647e-02,2.715576041290e+02,2.526791687012e+02,0.000000000000e+00,7.595991323910e-01,1.360035445381e+02,5.549845529961e+04,1.090000000000e+02
3.470000000000e+02,1.032912164282e+08,4.458530443386e+04,7.118831387368e+05,4.135483380427e-01,2.845635966609e+02,-8.916781212172e-05,-9.719291521267e-03,0.000000000000e+00,1.013105148132e+02,1.261047264665e+03,0.000000000000e+00,0.000000000000e+00,0.000000000000e+00,0.000000000000e+00,6.665861550179e-04,7.265789089695e-02,2.714046488123e+02,2.513524322510e+02,0.000000000000e+00,7.717221960981e-01,1.013105148132e+02,5.549778688134e+04,1.090000000000e+02
3.480000000000e+02,1.032899609041e+08,4.576789678858e+04,7.148990269462e+05,4.138422609475e-01,2.855690109580e+02,-7.632515382369e-05,-8.319441766782e-03,0.000000000000e+00,7.293098137069e+01,1.255523336098e+03,0.000000000000e+00,0.000000000000e+00,0.000000000000e+00,0.000000000000e+00,4.233961133229e-04,4.615017635220e-02,2.712844651907e+02,2.503384704590e+02,0.000000000000e+00,7.841681324161e-01,7.293098137069e+01,5.549724011137e+04,1.090000000000e+02
3.490000000000e+02,1.032887301433e+08,4.691441286422e+04,7.184988555157e+05,4.145662851241e-01,2.865053517527e+02,-9.256384787768e-05,-1.008945941867e-02,0.000000000000e+00,8.424553217287e+01,1.230761607807e+03,0.000000000000e+00,0.000000000000e+00,0.000000000000e+00,0.000000000000e+00,5.023685819864e-04,5.475817543652e-02,2.713009535056e+02,2.508208923340e+02,0.000000000000e+00,7.953668947946e-01,8.424553217287e+01,5.549731475201e+04,1.090000000000e+02
3.500000000000e+02,1.032875348108e+08,4.799814898014e+04,7.234486352413e+05,4.163166234010e-01,2.872648785321e+02,-1.151429177896e-04,-1.255057803906e-02,0.000000000000e+00,1.115976643927e+02,1.195333780320e+03,0.000000000000e+00,0.000000000000e+00,0.000000000000e+00,0.000000000000e+00,7.025401423882e-04,7.657687552032e-02,2.713590110789e+02,2.522371978760e+02,0.000000000000e+00,8.070097912931e-01,1.115976643927e+02,5.549757879063e+04,1.090000000000e+02
3.510000000000e+02,1.032863762791e+08,4.902109436096e+04,7.286523337052e+05,4.182084587667e-01,2.880205344819e+02,-1.134647894067e-04,-1.236766204533e-02,0.000000000000e+00,1.355877073346e+02,1.158533088149e+03,0.000000000000e+00,0.000000000000e+00,0.000000000000e+00,0.000000000000e+00,7.460131411937e-04,8.131543239011e-02,2.714358986894e+02,2.537629241943e+02,0.000000000000e+00,8.187182426984e-01,1.355877073346e+02,5.549792233701e+04,1.090000000000e+02
3.520000000000e+02,1.032852526078e+08,4.999468663309e+04,7.337506781439e+05,4.200502233393e-01,2.887630001368e+02,-1.085992982883e-04,-1.183732351342e-02,0.000000000000e+00,1.500787367402e+02,1.123671008872e+03,0.000000000000e+00,0.000000000000e+00,0.000000000000e+00,0.000000000000e+00,7.337380552833e-04,7.997744802588e-02,2.714843628368e+02,2.542690124512e+02,0.000000000000e+00,8.301919999240e-01,1.500787367402e+02,5.549813517162e+04,1.090000000000e+02
3.530000000000e+02,1.032841553083e+08,5.094808285631e+04,7.399801459901e+05,4.226684547408e-01,2.894110358509e+02,-1.297380224296e-04,-1.414144444483e-02,0.000000000000e+00,1.439031609439e+02,1.097299384159e+03,0.000000000000e+00,0.000000000000e+00,0.000000000000e+00,0.000000000000e+00,9.002134432707e-04,9.812326531651e-02,2.714669427533e+02,2.540317077637e+02,0.000000000000e+00,8.414172692398e-01,1.439031609439e+02,5.549805919976e+04,1.090000000000e+02
3.540000000000e+02,1.032830812789e+08,5.188877004751e+04,7.459363427237e+05,4.251017522171e-01,2.900710994546e+02,-1.288427131065e-04,-1.404385572860e-02,0.000000000000e+00,1.333429315616e+02,1.074030122770e+03,0.000000000000e+00,0.000000000000e+00,0.000000000000e+00,0.000000000000e+00,8.559733813534e-04,9.330109856752e-02,2.714459664742e+02,2.541607360840e+02,0.000000000000e+00,8.521090010490e-01,1.333429315616e+02,5.549796703500e+04,1.090000000000e+02
3.550000000000e+02,1.032820294077e+08,5.282117242746e+04,7.514689752258e+05,4.272358354832e-01,2.907643886705e+02,-1.216473364113e-04,-1.325955966883e-02,0.000000000000e+00,1.194695793995e+02,1.051871959343e+03,0.000000000000e+00,0.000000000000e+00,0.000000000000e+00,0.000000000000e+00,7.935856121175e-04,8.650083172080e-02,2.713818602238e+02,2.529650726318e+02,0.000000000000e+00,8.612003451687e-01,1.194695793995e+02,5.549768188858e+04,1.090000000000e+02
3.560000000000e+02,1.032809976075e+08,5.375037516407e+04,7.569797741528e+05,4.293603114507e-01,2.914488425423e+02,-1.195849424426e-04,-1.303475872624e-02,0.000000000000e+00,1.025980150238e+02,1.031800751633e+03,0.000000000000e+00,0.000000000000e+00,0.000000000000e+00,0.000000000000e+00,7.920129195123e-04,8.632940822684e-02,2.713222896982e+02,2.524856262207e+02,0.000000000000e+00,8.719991716568e-01,1.025980150238e+02,5.549741209689e+04,1.090000000000e+02
3.570000000000e+02,1.032799897893e+08,5.466030773381e+04,7.620062892608e+05,4.311328879737e-01,2.921786983676e+02,-1.112559525353e-04,-1.212689882635e-02,0.000000000000e+00,9.788670101773e+01,1.007819270763e+03,0.000000000000e+00,0.000000000000e+00,0.000000000000e+00,0.000000000000e+00,7.200221670267e-04,7.848241620591e-02,2.712894862782e+02,2.527892150879e+02,0.000000000000e+00,8.826660835227e-01,9.788670101773e+01,5.549726136409e+04,1.090000000000e+02
3.580000000000e+02,1.032790030703e+08,5.556040887105e+04,7.669217774411e+05,4.328497383423e-01,2.928987385016e+02,-1.080816465226e-04,-1.178089947096e-02,0.000000000000e+00,8.661877784692e+01,9.867199150860e+02,0.000000000000e+00,0.000000000000e+00,0.000000000000e+00,0.000000000000e+00,7.052133619018e-04,7.686825644730e-02,2.712227287162e+02,2.516610565186e+02,0.000000000000e+00,8.898911155178e-01,8.661877784692e+01,5.549695069012e+04,1.090000000000e+02
3.590000000000e+02,1.032779995907e+08,5.649119858931e+04,7.709715446850e+05,4.339130016166e-01,2.937252712274e+02,-1.070329887113e-04,-1.166659576953e-02,0.000000000000e+00,7.269165215842e+01,1.003481370415e+03,0.000000000000e+00,0.000000000000e+00,0.000000000000e+00,0.000000000000e+00,5.630404894685e-04,6.137141335206e-02,2.711672525749e+02,2.513882751465e+02,0.000000000000e+00,9.002289617245e-01,7.269165215842e+01,5.549669183688e+04,1.090000000000e+02
3.600000000000e+02,1.032770116946e+08,5.741025082048e+04,7.742845006075e+05,4.344658502095e-01,2.946131272343e+02,-1.021127311937e-04,-1.113028770012e-02,0.000000000000e+00,6.884330516964e+01,9.878955363409e+02,0.000000000000e+00,0.000000000000e+00,0.000000000000e+00,0.000000000000e+00,4.460132921943e-04,4.861544884918e-02,2.711261439349e+02,2.516314849854e+02,0.000000000000e+00,9.074412409953e-01,6.884330516964e+01,5.549649563707e+04,1.090000000000e+02
3.610000000000e+02,1.032760451518e+08,5.830881261000e+04,7.773254014427e+05,4.348457205911e-01,2.955124315225e+02,-1.090286939960e-04,-1.188412764556e-02,0.000000000000e+00,6.797732182835e+01,9.665391113542e+02,0.000000000000e+00,0.000000000000e+00,0.000000000000e+00,0.000000000000e+00,3.939371576736e-04,4.293915018642e-02,2.711020030191e+02,2.525847625732e+02,0.000000000000e+00,9.149924849385e-01,6.797732182835e+01,5.549637915297e+04,1.090000000000e+02
3.620000000000e+02,1.032750982928e+08,5.918637404959e+04,7.812873367709e+05,4.359480622649e-01,2.962676848117e+02,-1.235862992059e-04,-1.347090661344e-02,0.000000000000e+00,6.929537047908e+01,9.468568100627e+02,0.000000000000e+00,0.000000000000e+00,0.000000000000e+00,0.000000000000e+00,5.314166563896e-04,5.792441554647e-02,2.710981663758e+02,2.525290985107e+02,0.000000000000e+00,9.233272781949e-01,6.929537047908e+01,5.549636063002e+04,1.090000000000e+02
3.630000000000e+02,1.032741695877e+08,6.004651542381e+04,7.864342146254e+05,4.378508044832e-01,2.969239953530e+02,-1.342861724327e-04,-1.463719279516e-02,0.000000000000e+00,6.856231851801e+01,9.287036927360e+02,0.000000000000e+00,0.000000000000e+00,0.000000000000e+00,0.000000000000e+00,7.167991222977e-04,7.813110433045e-02,2.710774162533e+02,2.516068267822e+02,0.000000000000e+00,9.298337764351e-01,6.856231851801e+01,5.549625986199e+04,1.090000000000e+02
3.640000000000e+02,1.032732553654e+08,6.089778211811e+04,7.921002392127e+05,4.400721865128e-01,2.975550510209e+02,-1.197852983140e-04,-1.305659751623e-02,0.000000000000e+00,6.295306143838e+01,9.142197557430e+02,0.000000000000e+00,0.000000000000e+00,0.000000000000e+00,0.000000000000e+00,8.175152974207e-04,8.910916741886e-02,2.710241911428e+02,2.512489471436e+02,0.000000000000e+00,9.372694690783e-01,6.295306143838e+01,5.549599850576e+04,1.090000000000e+02
3.650000000000e+02,1.032723558124e+08,6.173479694950e+04,7.982907360482e+05,4.426285289110e-01,2.981488318913e+02,-1.396133563258e-04,-1.521785583952e-02,0.000000000000e+00,6.253386933690e+01,8.995487007245e+02,0.000000000000e+00,0.000000000000e+00,0.000000000000e+00,0.000000000000e+00,8.838609631636e-04,9.634084498483e-02,2.710161688986e+02,2.519989776611e+02,0.000000000000e+00,9.438259852959e-01,6.253386933690e+01,5.549595858127e+04,1.090000000000e+02
3.660000000000e+02,1.032714734970e+08,6.255228816349e+04,8.048074074929e+05,4.455855733483e-01,2.985881340805e+02,-1.815948318624e-04,-1.979383667300e-02,0.000000000000e+00,6.482381171438e+01,8.823150257029e+02,0.000000000000e+00,0.000000000000e+00,0.000000000000e+00,0.000000000000e+00,8.957915925640e-04,9.764128358948e-02,2.710092986875e+02,2.520103759766e+02,0.000000000000e+00,9.503240476922e-01,6.482381171438e+01,5.549592428013e+04,1.090000000000e+02
3.670000000000e+02,1.032706068458e+08,6.335334430250e+04,8.107611321060e+05,4.479003955988e-01,2.992423805946e+02,-1.942405947858e-04,-2.117222483166e-02,0.000000000000e+00,6.559260389126e+01,8.666487429059e+02,0.000000000000e+00,0.000000000000e+00,0.000000000000e+00,0.000000000000e+00,7.899709435620e-04,8.610683284826e-02,2.710114723962e+02,2.526075439453e+02,0.000000000000e+00,9.580946918941e-01,6.559260389126e+01,5.549593494635e+04,1.090000000000e+02
3.680000000000e+02,1.032697555813e+08,6.414065001099e+04,8.150462549710e+05,4.491944602475e-01,2.999580548592e+02,-1.692619670924e-04,-1.844955441307e-02,0.000000000000e+00,6.395875838579e+01,8.512644668761e+02,0.000000000000e+00,0.000000000000e+00,0.000000000000e+00,0.000000000000e+00,5.394526502836e-04,5.880033888091e-02,2.709850945225e+02,2.526165313721e+02,0.000000000000e+00,9.636780146049e-01,6.395875838579e+01,5.549580351944e+04,1.090000000000e+02
3.690000000000e+02,1.032689180350e+08,6.491759487323e+04,8.197583011405e+05,4.507526151877e-01,3.006500931548e+02,-1.251161027924e-04,-1.363765520437e-02,0.000000000000e+00,6.059852457867e+01,8.375433868133e+02,0.000000000000e+00,0.000000000000e+00,0.000000000000e+00,0.000000000000e+00,6.541986601037e-04,7.130765395130e-02,2.709570388249e+02,2.526100158691e+02,0.000000000000e+00,9.719867000978e-01,6.059852457867e+01,5.549566272626e+04,1.090000000000e+02
3.700000000000e+02,1.032680915121e+08,6.569433231193e+04,8.251709805382e+05,4.528089785755e-01,3.012641779205e+02,-1.131676226741e-04,-1.233527087148e-02,0.000000000000e+00,4.978318155658e+01,8.265206202563e+02,0.000000000000e+00,0.000000000000e+00,0.000000000000e+00,0.000000000000e+00,7.831406604831e-04,8.536233199266e-02,2.708373079730e+02,2.508502655029e+02,0.000000000000e+00,9.786823184606e-01,4.978318155658e+01,5.549505031858e+04,1.090000000000e+02
3.710000000000e+02,1.032672715746e+08,6.647979938986e+04,8.305887103274e+05,4.549068367289e-01,3.018476590169e+02,-1.187771375652e-04,-1.294670799460e-02,0.000000000000e+00,3.446974844650e+01,8.199368263846e+02,0.000000000000e+00,0.000000000000e+00,0.000000000000e+00,0.000000000000e+00,7.786612081139e-04,8.487407168441e-02,2.707004112744e+02,2.500630798340e+02,0.000000000000e+00,9.882370338811e-01,3.446974844650e+01,5.549432662471e+04,1.090000000000e+02
3.720000000000e+02,1.032664601194e+08,6.726229101674e+04,8.363489710348e+05,4.571867129606e-01,3.024281350113e+02,-1.267871770061e-04,-1.381980229366e-02,0.000000000000e+00,2.895939693042e+01,8.114510238080e+02,0.000000000000e+00,0.000000000000e+00,0.000000000000e+00,0.000000000000e+00,8.267723997553e-04,9.011819157333e-02,2.706065606197e+02,2.503898010254e+02,0.000000000000e+00,9.969588174664e-01,2.895939693042e+01,5.549381516951e+04,1.090000000000e+02
3.730000000000e+02,1.032656613164e+08,6.802761483894e+04,8.407140256884e+05,4.584615395808e-01,3.031612574331e+02,-1.327664749219e-04,-1.447154576649e-02,0.000000000000e+00,3.347767827194e+01,7.988015004738e+02,0.000000000000e+00,0.000000000000e+00,0.000000000000e+00,0.000000000000e+00,5.888832782224e-04,6.418827732624e-02,2.706058779601e+02,2.510000000000e+02,0.000000000000e+00,1.004337734888e+00,3.347767827194e+01,5.549380967919e+04,1.090000000000e+02
3.740000000000e+02,1.032648779560e+08,6.877402402956e+04,8.445173229532e+05,4.594226628163e-01,3.038959448020e+02,-1.293152486811e-04,-1.409536210623e-02,0.000000000000e+00,3.695079186721e+01,7.833599824848e+02,0.000000000000e+00,0.000000000000e+00,0.000000000000e+00,0.000000000000e+00,4.995906772207e-04,5.445538381706e-02,2.705961130219e+02,2.510683288574e+02,0.000000000000e+00,1.010907150680e+00,3.695079186721e+01,5.549375420261e+04,1.090000000000e+02
3.750000000000e+02,1.032641093798e+08,6.950507858434e+04,8.487718402995e+05,4.606786309258e-01,3.045943674759e+02,-1.263455494760e-04,-1.377166489288e-02,0.000000000000e+00,3.752104037234e+01,7.685755951521e+02,0.000000000000e+00,0.000000000000e+00,0.000000000000e+00,0.000000000000e+00,5.770845124735e-04,6.290221185961e-02,2.705915726924e+02,2.517420959473e+02,0.000000000000e+00,1.019952257404e+00,3.752104037234e+01,5.549372755879e+04,1.090000000000e+02
3.760000000000e+02,1.032633535685e+08,7.023099855865e+04,8.524138030743e+05,4.615213102841e-01,3.053458714944e+02,-1.102350091348e-04,-1.201561599569e-02,0.000000000000e+00,2.988972689069e+01,7.558097011983e+02,0.000000000000e+00,0.000000000000e+00,0.000000000000e+00,0.000000000000e+00,4.932725293930e-04,5.376670570383e-02,2.704922837705e+02,2.507825164795e+02,0.000000000000e+00,1.025458491899e+00,2.988972689069e+01,5.549317109651e+04,1.090000000000e+02
3.770000000000e+02,1.032626102123e+08,7.094638782774e+04,8.559696164102e+05,4.623241262630e-01,3.060875126579e+02,-9.754003162958e-05,-1.063186344762e-02,0.000000000000e+00,2.796586267082e+01,7.433551317599e+02,0.000000000000e+00,0.000000000000e+00,0.000000000000e+00,0.000000000000e+00,4.904729995852e-04,5.346155695479e-02,2.704819506859e+02,2.513494567871e+02,0.000000000000e+00,1.034374378283e+00,2.796586267082e+01,5.549311033137e+04,1.090000000000e+02
3.780000000000e+02,1.032618841831e+08,7.163904025990e+04,8.602625336332e+05,4.636211511764e-01,3.067620138009e+02,-1.169836610362e-04,-1.275121905295e-02,0.000000000000e+00,3.337422089773e+01,7.260266530586e+02,0.000000000000e+00,0.000000000000e+00,0.000000000000e+00,0.000000000000e+00,5.927301057209e-04,6.460758152358e-02,2.704829042235e+02,2.517384948730e+02,0.000000000000e+00,1.040645355347e+00,3.337422089773e+01,5.549311227023e+04,1.090000000000e+02
3.790000000000e+02,1.032611739980e+08,7.231731020305e+04,8.649989007350e+05,4.652255321731e-01,3.073883071541e+02,-1.552291066880e-04,-1.691997262899e-02,0.000000000000e+00,3.191424812544e+01,7.101841912779e+02,0.000000000000e+00,0.000000000000e+00,0.000000000000e+00,0.000000000000e+00,6.282986310961e-04,6.848455078947e-02,2.704497128544e+02,2.516017303467e+02,0.000000000000e+00,1.048934542313e+00,3.191424812544e+01,5.549291943096e+04,1.090000000000e+02
3.800000000000e+02,1.032604796706e+08,7.298211215644e+04,8.689102057316e+05,4.662948497057e-01,3.080714187765e+02,-1.578197753573e-04,-1.720235551394e-02,0.000000000000e+00,2.952534988591e+01,6.943273032706e+02,0.000000000000e+00,0.000000000000e+00,0.000000000000e+00,0.000000000000e+00,4.894087035560e-04,5.334554868761e-02,2.704106795147e+02,2.519206085205e+02,0.000000000000e+00,1.055105394890e+00,2.952534988591e+01,5.549269040608e+04,1.090000000000e+02
3.810000000000e+02,1.032598016333e+08,7.363095265515e+04,8.725971489216e+05,4.672230166935e-01,3.087650823701e+02,-1.499011709819e-04,-1.633922763703e-02,0.000000000000e+00,2.919546916540e+01,6.780359678815e+02,0.000000000000e+00,0.000000000000e+00,0.000000000000e+00,0.000000000000e+00,4.601325295975e-04,5.015444572612e-02,2.703790182626e+02,2.518365478516e+02,0.000000000000e+00,1.064666843238e+00,2.919546916540e+01,5.549250078440e+04,1.090000000000e+02
3.820000000000e+02,1.032591386198e+08,7.427089267153e+04,8.776866473895e+05,4.690445750305e-01,3.093632158255e+02,-1.494076493389e-04,-1.628543377794e-02,0.000000000000e+00,2.307338288518e+01,6.630133992614e+02,0.000000000000e+00,0.000000000000e+00,0.000000000000e+00,0.000000000000e+00,6.935760891435e-04,7.559979371664e-02,2.702789171879e+02,2.510751037598e+02,0.000000000000e+00,1.069808244327e+00,2.307338288518e+01,5.549190406388e+04,1.090000000000e+02
3.830000000000e+02,1.032584876504e+08,7.491198725130e+04,8.829478700320e+05,4.710058510860e-01,3.099275685717e+02,-1.285984857999e-04,-1.401723495219e-02,0.000000000000e+00,9.874693419472e+00,6.509692731888e+02,0.000000000000e+00,0.000000000000e+00,0.000000000000e+00,0.000000000000e+00,7.439608858760e-04,8.109173656048e-02,2.701092708367e+02,2.503266143799e+02,0.000000000000e+00,1.077797114902e+00,9.874693419472e+00,5.549086426448e+04,1.090000000000e+02
3.840000000000e+02,1.032578495503e+08,7.554462890928e+04,8.868923696744e+05,4.721076623260e-01,3.105891593293e+02,-1.213071585148e-04,-1.322248027811e-02,0.000000000000e+00,5.458538042846e+00,6.381001960267e+02,0.000000000000e+00,0.000000000000e+00,0.000000000000e+00,0.000000000000e+00,5.325152859224e-04,5.804416616554e-02,2.700100110479e+02,2.501602478027e+02,0.000000000000e+00,1.087269021252e+00,5.458538042846e+00,5.549022967647e+04,1.090000000000e+02
3.850000000000e+02,1.032572280462e+08,7.615712729689e+04,8.898643367186e+05,4.725227093034e-01,3.113583185724e+02,-1.284537279216e-04,-1.400145634346e-02,0.000000000000e+00,9.006222317485e+00,6.215046099294e+02,0.000000000000e+00,0.000000000000e+00,0.000000000000e+00,0.000000000000e+00,3.638991873553e-04,3.966501142173e-02,2.699540279247e+02,2.511623840332e+02,0.000000000000e+00,1.094043799620e+00,9.006222317485e+00,5.548985598614e+04,1.090000000000e+02
3.860000000000e+02,1.032566450097e+08,7.672957952436e+04,8.931379863257e+05,4.731049325809e-01,3.121217766436e+02,-1.396464947522e-04,-1.522146792799e-02,0.000000000000e+00,1.058455796383e+01,5.830367854258e+02,0.000000000000e+00,0.000000000000e+00,0.000000000000e+00,0.000000000000e+00,4.028269062037e-04,4.390813277621e-02,2.698860952853e+02,2.513104553223e+02,0.000000000000e+00,1.097775802993e+00,1.058455796383e+01,5.548939347304e+04,1.090000000000e+02
3.870000000000e+02,1.032561950775e+08,7.716540567706e+04,8.971679814557e+05,4.743669159109e-01,3.127002900696e+02,-1.224307798921e-04,-1.334495500824e-02,0.000000000000e+00,1.410562160994e+01,4.499317743194e+02,0.000000000000e+00,0.000000000000e+00,0.000000000000e+00,0.000000000000e+00,5.458883387378e-04,5.950182892243e-02,2.697789680584e+02,2.510350799561e+02,0.000000000000e+00,1.101173914260e+00,1.410562160994e+01,5.548863768082e+04,1.090000000000e+02
3.880000000000e+02,1.032556990548e+08,7.765175762469e+04,9.016014073723e+05,4.758115844280e-01,3.132960981769e+02,-1.208202597407e-04,-1.316940831174e-02,0.000000000000e+00,9.671493362794e+00,4.960234409884e+02,0.000000000000e+00,0.000000000000e+00,0.000000000000e+00,0.000000000000e+00,6.144195698606e-04,6.697173311480e-02,2.696602170531e+02,2.509133758545e+02,0.000000000000e+00,1.105313117310e+00,9.671493362794e+00,5.548780764942e+04,1.090000000000e+02
3.890000000000e+02,1.032551139894e+08,7.823482537633e+04,9.065634111394e+05,4.776388155156e-01,3.138214545628e+02,-1.455149445713e-04,-1.586112895827e-02,0.000000000000e+00,1.997918571414e+00,5.850656702108e+02,0.000000000000e+00,0.000000000000e+00,0.000000000000e+00,0.000000000000e+00,6.778793552799e-04,7.388884972551e-02,2.695005825676e+02,2.503815002441e+02,0.000000000000e+00,1.113356568395e+00,1.997918571414e+00,5.548670507803e+04,1.090000000000e+02
3.900000000000e+02,1.032545464689e+08,7.880234584618e+04,9.107971888990e+05,4.790604283106e-01,3.143601190416e+02,-1.432483824286e-04,-1.561407368472e-02,0.000000000000e+00,0.000000000000e+00,5.675204698483e+02,0.000000000000e+00,0.000000000000e+00,0.000000000000e+00,0.000000000000e+00,5.609362343980e-04,6.114204954938e-02,2.692909648490e+02,2.495313720703e+02,0.000000000000e+00,1.119608455449e+00,0.000000000000e+00,5.548517287919e+04,1.090000000000e+02
3.910000000000e+02,1.032540021562e+08,7.934665854793e+04,9.141810458634e+05,4.796965877020e-01,3.151170906555e+02,-1.529844720524e-04,-1.667530745371e-02,0.000000000000e+00,0.000000000000e+00,5.443127017492e+02,0.000000000000e+00,0.000000000000e+00,0.000000000000e+00,0.000000000000e+00,4.101138940916e-04,4.470241445598e-02,2.691185437245e+02,2.494858703613e+02,0.000000000000e+00,1.122013924342e+00,0.000000000000e+00,5.548385684772e+04,1.090000000000e+02
3.920000000000e+02,1.032534803382e+08,7.986847656811e+04,9.174297840086e+05,4.803525851929e-01,3.158104921001e+02,-1.522027990816e-04,-1.659010509989e-02,0.000000000000e+00,0.000000000000e+00,5.218180201836e+02,0.000000000000e+00,0.000000000000e+00,0.000000000000e+00,0.000000000000e+00,3.875890784268e-04,4.224720954852e-02,2.689981264174e+02,2.502594757080e+02,0.000000000000e+00,1.125828728562e+00,0.000000000000e+00,5.548290296966e+04,1.090000000000e+02
3.930000000000e+02,1.032529795916e+08,8.036922317237e+04,9.209111406583e+05,4.811906480697e-01,3.164642740575e+02,-1.310532669640e-04,-1.428480609908e-02,0.000000000000e+00,0.000000000000e+00,5.007466042574e+02,0.000000000000e+00,0.000000000000e+00,0.000000000000e+00,0.000000000000e+00,4.482084685701e-04,4.885472307414e-02,2.688355899830e+02,2.504782257080e+02,0.000000000000e+00,1.129460439316e+00,0.000000000000e+00,5.548158999147e+04,1.090000000000e+02
3.940000000000e+02,1.032524971091e+08,8.085170564694e+04,9.247577336126e+05,4.822804344589e-01,3.170783808101e+02,-1.211279120665e-04,-1.320294241525e-02,0.000000000000e+00,0.000000000000e+00,4.824824745717e+02,0.000000000000e+00,0.000000000000e+00,0.000000000000e+00,0.000000000000e+00,5.199213999153e-04,5.667143259077e-02,2.686182482753e+02,2.498409729004e+02,0.000000000000e+00,1.132306121645e+00,0.000000000000e+00,5.547978243945e+04,1.090000000000e+02
3.950000000000e+02,1.032520342895e+08,8.131452525644e+04,9.294290183302e+05,4.839436054069e-01,3.175904769484e+02,-1.474108389158e-04,-1.606778144183e-02,0.000000000000e+00,0.000000000000e+00,4.628196094991e+02,0.000000000000e+00,0.000000000000e+00,0.000000000000e+00,0.000000000000e+00,6.277696035319e-04,6.842688678497e-02,2.685047664888e+02,2.503921813965e+02,0.000000000000e+00,1.135939807446e+00,0.000000000000e+00,5.547880050850e+04,1.090000000000e+02
3.960000000000e+02,1.032515908312e+08,8.175798348825e+04,9.337965045164e+05,4.852933398798e-01,3.182043945683e+02,-1.566880947186e-04,-1.707900232433e-02,0.000000000000e+00,0.000000000000e+00,4.434582318159e+02,0.000000000000e+00,0.000000000000e+00,0.000000000000e+00,0.000000000000e+00,5.699039893855e-04,6.211953484301e-02,2.683271197731e+02,2.503721160889e+02,0.000000000000e+00,1.138490168542e+00,0.000000000000e+00,5.547723583629e+04,1.090000000000e+02
3.970000000000e+02,1.032511672766e+08,8.218153816026e+04,9.379457949321e+05,4.865565341960e-01,3.187919067439e+02,-1.770033237298e-04,-1.929336228655e-02,0.000000000000e+00,0.000000000000e+00,4.235546720098e+02,0.000000000000e+00,0.000000000000e+00,0.000000000000e+00,0.000000000000e+00,5.108075488865e-04,5.567802282863e-02,2.682631733587e+02,2.512306823730e+02,0.000000000000e+00,1.140296416136e+00,0.000000000000e+00,5.547664986974e+04,1.090000000000e+02
3.980000000000e+02,1.032507662198e+08,8.258259490491e+04,9.431957871634e+05,4.886196920498e-01,3.192223914769e+02,-2.095798249329e-04,-2.284420091769e-02,0.000000000000e+00,0.000000000000e+00,4.010567446442e+02,0.000000000000e+00,0.000000000000e+00,0.000000000000e+00,0.000000000000e+00,6.584810569803e-04,7.177443521086e-02,2.682709920880e+02,2.528276824951e+02,0.000000000000e+00,1.141796879099e+00,0.000000000000e+00,5.547670103807e+04,1.090000000000e+02
3.990000000000e+02,1.032503858036e+08,8.296301111323e+04,9.489648715220e+05,4.909306978301e-01,3.196663422628e+02,-1.903588735362e-04,-2.074911721545e-02,0.000000000000e+00,0.000000000000e+00,3.804162083218e+02,0.000000000000e+00,0.000000000000e+00,0.000000000000e+00,0.000000000000e+00,7.653143571950e-04,8.341926493425e-02,2.682086431727e+02,2.528637695313e+02,0.000000000000e+00,1.143000452099e+00,0.000000000000e+00,5.547612661926e+04,1.090000000000e+02
4.000000000000e+02,1.032500225227e+08,8.332629207495e+04,9.544621601838e+05,4.930411868297e-01,3.201482175117e+02,-1.455046048260e-04,-1.586000192604e-02,0.000000000000e+00,0.000000000000e+00,3.632809617159e+02,0.000000000000e+00,0.000000000000e+00,0.000000000000e+00,0.000000000000e+00,7.667314367376e-04,8.357372660440e-02,2.680892739054e+02,2.530167694092e+02,0.000000000000e+00,1.144134663077e+00,0.000000000000e+00,5.547502836123e+04,1.090000000000e+02
4.010000000000e+02,1.032496761737e+08,8.367264108100e+04,9.601516917037e+05,4.953184209938e-01,3.205789378705e+02,-1.347002544190e-04,-1.468232773167e-02,0.000000000000e+00,0.000000000000e+00,3.463490060485e+02,0.000000000000e+00,0.000000000000e+00,0.000000000000e+00,0.000000000000e+00,8.076955638506e-04,8.803881645971e-02,2.680344488951e+02,2.537395019531e+02,0.000000000000e+00,1.144205738486e+00,0.000000000000e+00,5.547451312241e+04,1.090000000000e+02
4.020000000000e+02,1.032493464851e+08,8.400232967307e+04,9.659383977882e+05,4.976233795764e-01,3.210205787635e+02,-1.491577096816e-04,-1.625819035530e-02,0.000000000000e+00,0.000000000000e+00,3.296885920757e+02,0.000000000000e+00,0.000000000000e+00,0.000000000000e+00,0.000000000000e+00,8.095337710944e-04,8.823918104929e-02,2.679724017033e+02,2.539246063232e+02,0.000000000000e+00,1.144462009672e+00,0.000000000000e+00,5.547392585639e+04,1.090000000000e+02
4.030000000000e+02,1.032490319237e+08,8.431689108859e+04,9.719753844565e+05,5.001162417113e-01,3.214205502014e+02,-1.543487231723e-04,-1.682401082578e-02,0.000000000000e+00,0.000000000000e+00,3.145614155216e+02,0.000000000000e+00,0.000000000000e+00,0.000000000000e+00,0.000000000000e+00,8.459431922173e-04,9.220780795168e-02,2.679039045033e+02,2.538435516357e+02,0.000000000000e+00,1.143555385852e+00,0.000000000000e+00,5.547327374287e+04,1.090000000000e+02
4.040000000000e+02,1.032487308972e+08,8.461791756457e+04,9.784287959671e+05,5.028777566024e-01,3.217832654469e+02,-1.375392921660e-04,-1.499178284609e-02,0.000000000000e+00,0.000000000000e+00,3.010264759745e+02,0.000000000000e+00,0.000000000000e+00,0.000000000000e+00,0.000000000000e+00,9.324690683233e-04,1.016391284472e-01,2.678067045544e+02,2.538814697266e+02,0.000000000000e+00,1.144485307733e+00,0.000000000000e+00,5.547233958930e+04,1.090000000000e+02
4.050000000000e+02,1.032484403886e+08,8.490842611263e+04,9.842914056035e+05,5.051711011765e-01,3.222527874821e+02,-1.269096637842e-04,-1.383315335248e-02,0.000000000000e+00,0.000000000000e+00,2.905085480598e+02,0.000000000000e+00,0.000000000000e+00,0.000000000000e+00,0.000000000000e+00,8.482382837067e-04,9.245797292403e-02,2.676136304218e+02,2.527250061035e+02,0.000000000000e+00,1.146229571404e+00,0.000000000000e+00,5.547044669977e+04,1.090000000000e+02
4.060000000000e+02,1.032481590684e+08,8.518974631550e+04,9.896992414984e+05,5.072231833316e-01,3.227229575836e+02,-1.331445967180e-04,-1.451276104226e-02,0.000000000000e+00,0.000000000000e+00,2.813202028716e+02,0.000000000000e+00,0.000000000000e+00,0.000000000000e+00,0.000000000000e+00,7.666252034144e-04,8.356214717217e-02,2.674335103712e+02,2.526265106201e+02,0.000000000000e+00,1.148325244441e+00,0.000000000000e+00,5.546863066648e+04,1.090000000000e+02
4.070000000000e+02,1.032478877251e+08,8.546108970139e+04,9.950135960029e+05,5.092112095744e-01,3.231971971889e+02,-1.412346245948e-04,-1.539457408083e-02,0.000000000000e+00,0.000000000000e+00,2.713433858965e+02,0.000000000000e+00,0.000000000000e+00,0.000000000000e+00,0.000000000000e+00,7.418341885214e-04,8.085992654884e-02,2.673000883603e+02,2.530519561768e+02,0.000000000000e+00,1.149343762960e+00,0.000000000000e+00,5.546725168501e+04,1.090000000000e+02
4.080000000000e+02,1.032476258257e+08,8.572298908886e+04,1.001570659367e+06,5.121180376413e-01,3.234898227922e+02,-1.275803161905e-04,-1.390625446477e-02,0.000000000000e+00,0.000000000000e+00,2.618993874654e+02,0.000000000000e+00,0.000000000000e+00,0.000000000000e+00,0.000000000000e+00,9.617571584909e-04,1.048315302755e-01,2.671481855562e+02,2.524792022705e+02,0.000000000000e+00,1.150248512801e+00,0.000000000000e+00,5.546564702197e+04,1.090000000000e+02
4.090000000000e+02,1.032473731154e+08,8.597569937358e+04,1.006991495116e+06,5.140097179436e-01,3.240507628933e+02,-1.370030379837e-04,-1.493333114023e-02,0.000000000000e+00,0.000000000000e+00,2.527102847171e+02,0.000000000000e+00,0.000000000000e+00,0.000000000000e+00,0.000000000000e+00,7.632642084484e-04,8.319579872087e-02,2.670358581953e+02,2.520738525391e+02,0.000000000000e+00,1.151605231609e+00,0.000000000000e+00,5.546443837193e+04,1.090000000000e+02
4.100000000000e+02,1.032471291218e+08,8.621969293242e+04,1.011015441191e+06,5.151183928006e-01,3.246539229334e+02,-1.521556288480e-04,-1.658496354444e-02,0.000000000000e+00,0.000000000000e+00,2.439935588444e+02,0.000000000000e+00,0.000000000000e+00,0.000000000000e+00,0.000000000000e+00,5.178097127131e-04,5.644125868573e-02,2.669037870995e+02,2.520551757812e+02,0.000000000000e+00,1.152526982617e+00,0.000000000000e+00,5.546299055795e+04,1.090000000000e+02
4.110000000000e+02,1.032468930556e+08,8.645575914751e+04,1.015680307720e+06,5.167684681753e-01,3.251191880725e+02,-1.503083414777e-04,-1.638360922106e-02,0.000000000000e+00,0.000000000000e+00,2.360662150883e+02,0.000000000000e+00,0.000000000000e+00,0.000000000000e+00,0.000000000000e+00,6.258290617603e-04,6.821536773187e-02,2.667705803837e+02,2.516903991699e+02,0.000000000000e+00,1.152147497946e+00,0.000000000000e+00,5.546150384760e+04,1.090000000000e+02
4.120000000000e+02,1.032466638443e+08,8.668497047971e+04,1.019497827648e+06,5.176865316571e-01,3.257744498227e+02,-1.322715512395e-04,-1.441759908511e-02,0.000000000000e+00,0.000000000000e+00,2.292113322011e+02,0.000000000000e+00,0.000000000000e+00,0.000000000000e+00,0.000000000000e+00,5.054273402069e-04,5.509158008255e-02,2.665915897679e+02,2.509975128174e+02,0.000000000000e+00,1.152087878988e+00,0.000000000000e+00,5.545946164657e+04,1.090000000000e+02
4.130000000000e+02,1.032464414183e+08,8.690739644143e+04,1.022772491665e+06,5.182738660531e-01,3.264577655437e+02,-1.336693509005e-04,-1.456995924816e-02,0.000000000000e+00,0.000000000000e+00,2.224259617201e+02,0.000000000000e+00,0.000000000000e+00,0.000000000000e+00,0.000000000000e+00,4.118121312003e-04,4.488752230083e-02,2.664850417945e+02,2.515601043701e+02,0.000000000000e+00,1.152498157923e+00,0.000000000000e+00,5.545822512609e+04,1.090000000000e+02
4.140000000000e+02,1.032462277446e+08,8.712107014429e+04,1.027128866319e+06,5.196569508218e-01,3.269767359033e+02,-1.408239042721e-04,-1.534980556566e-02,0.000000000000e+00,0.000000000000e+00,2.136737028633e+02,0.000000000000e+00,0.000000000000e+00,0.000000000000e+00,0.000000000000e+00,5.803808099069e-04,6.326150827985e-02,2.664698818775e+02,2.528369598389e+02,0.000000000000e+00,1.153053713479e+00,0.000000000000e+00,5.545804895591e+04,1.090000000000e+02
4.150000000000e+02,1.032462601357e+08,8.708867908905e+04,1.032164731906e+06,5.214407921952e-01,3.274685009404e+02,-1.434497321334e-04,-1.563602080254e-02,0.000000000000e+00,0.000000000000e+00,-3.239105524202e+01,0.000000000000e+00,0.000000000000e+00,0.000000000000e+00,0.000000000000e+00,6.962505925296e-04,7.589131458573e-02,2.663019365350e+02,2.511847381592e+02,0.000000000000e+00,1.147348809020e+00,0.000000000000e+00,5.545589792706e+04,1.090000000000e+02
4.160000000000e+02,1.032460457016e+08,8.730311316979e+04,1.036185980171e+06,5.225567505824e-01,3.280575246694e+02,-1.247121948351e-04,-1.359362923703e-02,0.000000000000e+00,0.000000000000e+00,2.144340807379e+02,0.000000000000e+00,0.000000000000e+00,0.000000000000e+00,0.000000000000e+00,5.485264436133e-04,5.978938235385e-02,2.660819448261e+02,2.503520812988e+02,0.000000000000e+00,1.149378801706e+00,0.000000000000e+00,5.545331617300e+04,1.090000000000e+02
4.170000000000e+02,1.032458061881e+08,8.754262667726e+04,1.039783817527e+06,5.234905508289e-01,3.286203489068e+02,-9.630520883533e-05,-1.049726776305e-02,0.000000000000e+00,0.000000000000e+00,2.395135074739e+02,0.000000000000e+00,0.000000000000e+00,0.000000000000e+00,0.000000000000e+00,5.046672723494e-04,5.500873268609e-02,2.659313465102e+02,2.515233459473e+02,0.000000000000e+00,1.151045468373e+00,0.000000000000e+00,5.545146741892e+04,1.090000000000e+02
4.180000000000e+02,1.032455861856e+08,8.776262916473e+04,1.043985164226e+06,5.248140258919e-01,3.291191152185e+02,-8.885070078954e-05,-9.684726386060e-03,0.000000000000e+00,0.000000000000e+00,2.200024874642e+02,0.000000000000e+00,0.000000000000e+00,0.000000000000e+00,0.000000000000e+00,6.078281642554e-04,6.625326990384e-02,2.658899832728e+02,2.524405059814e+02,0.000000000000e+00,1.151366775508e+00,0.000000000000e+00,5.545096161585e+04,1.090000000000e+02
4.190000000000e+02,1.032453792134e+08,8.796960132955e+04,1.049087980633e+06,5.268878246083e-01,3.294255920827e+02,-1.121705875298e-04,-1.222659404075e-02,0.000000000000e+00,0.000000000000e+00,2.069721648236e+02,0.000000000000e+00,0.000000000000e+00,0.000000000000e+00,0.000000000000e+00,7.318346231557e-04,7.976997392397e-02,2.658955031455e+02,2.527494659424e+02,0.000000000000e+00,1.150601682173e+00,0.000000000000e+00,5.545104201793e+04,1.090000000000e+02
4.200000000000e+02,1.032451825087e+08,8.816630606923e+04,1.054512491323e+06,5.287961191245e-01,3.299323384081e+02,-1.217465794338e-04,-1.327037715829e-02,0.000000000000e+00,0.000000000000e+00,1.967047396750e+02,0.000000000000e+00,0.000000000000e+00,0.000000000000e+00,0.000000000000e+00,7.748591056375e-04,8.445964251449e-02,2.659167973550e+02,2.531639709473e+02,0.000000000000e+00,1.151325219288e+00,0.000000000000e+00,5.545131967749e+04,1.090000000000e+02
4.210000000000e+02,1.032449945925e+08,8.835422227556e+04,1.060096636946e+06,5.309465284653e-01,3.303357429735e+02,-1.335134696215e-04,-1.455296818874e-02,0.000000000000e+00,0.000000000000e+00,1.879162063374e+02,0.000000000000e+00,0.000000000000e+00,0.000000000000e+00,0.000000000000e+00,7.901619526290e-04,8.612765283656e-02,2.659215926027e+02,2.537136688232e+02,0.000000000000e+00,1.151510404473e+00,0.000000000000e+00,5.545138648654e+04,1.090000000000e+02
4.220000000000e+02,1.032448129679e+08,8.853584687783e+04,1.065402935384e+06,5.328979154438e-01,3.307845659232e+02,-1.155100594661e-04,-1.259059648181e-02,0.000000000000e+00,0.000000000000e+00,1.816246022676e+02,0.000000000000e+00,0.000000000000e+00,0.000000000000e+00,0.000000000000e+00,7.682788892022e-04,8.374239892304e-02,2.657765743278e+02,2.519697570801e+02,0.000000000000e+00,1.152065960029e+00,0.000000000000e+00,5.544954010198e+04,1.090000000000e+02
4.230000000000e+02,1.032446364261e+08,8.871238862706e+04,1.071326491447e+06,5.353095775708e-01,3.311320098999e+02,-1.178152188372e-04,-1.284185885326e-02,0.000000000000e+00,0.000000000000e+00,1.765417492303e+02,0.000000000000e+00,0.000000000000e+00,0.000000000000e+00,0.000000000000e+00,8.659149486286e-04,9.438472940052e-02,2.656871564558e+02,2.524085693359e+02,0.000000000000e+00,1.152768896386e+00,0.000000000000e+00,5.544839656564e+04,1.090000000000e+02
4.240000000000e+02,1.032444657096e+08,8.888310520000e+04,1.077184678574e+06,5.375710493894e-01,3.315441260163e+02,-1.259286140939e-04,-1.372621893624e-02,0.000000000000e+00,0.000000000000e+00,1.707165729387e+02,0.000000000000e+00,0.000000000000e+00,0.000000000000e+00,0.000000000000e+00,8.444575175185e-04,9.204586940952e-02,2.656597498173e+02,2.533397979736e+02,0.000000000000e+00,1.153324451941e+00,0.000000000000e+00,5.544805156471e+04,1.090000000000e+02
4.250000000000e+02,1.032443004090e+08,8.904840579115e+04,1.081857362408e+06,5.390715212214e-01,3.320597891598e+02,-9.693272635253e-05,-1.056566717243e-02,0.000000000000e+00,0.000000000000e+00,1.653005911459e+02,0.000000000000e+00,0.000000000000e+00,0.000000000000e+00,0.000000000000e+00,6.785180636800e-04,7.395846894112e-02,2.656043391119e+02,2.535629119873e+02,0.000000000000e+00,1.153509637126e+00,0.000000000000e+00,5.544733382012e+04,1.090000000000e+02
4.260000000000e+02,1.032441397957e+08,8.920901908096e+04,1.086121613390e+06,5.403787422218e-01,3.325668833228e+02,-8.036366335291e-05,-8.759639305467e-03,0.000000000000e+00,0.000000000000e+00,1.606132898117e+02,0.000000000000e+00,0.000000000000e+00,0.000000000000e+00,0.000000000000e+00,6.277345784934e-04,6.842306905579e-02,2.655442735131e+02,2.533247375488e+02,0.000000000000e+00,1.153321926831e+00,0.000000000000e+00,5.544655237773e+04,1.090000000000e+02
4.270000000000e+02,1.032439835596e+08,8.936525519520e+04,1.090459728736e+06,5.417292278246e-01,3.330674097410e+02,-7.926633294830e-05,-8.640030291365e-03,0.000000000000e+00,0.000000000000e+00,1.562361142372e+02,0.000000000000e+00,0.000000000000e+00,0.000000000000e+00,0.000000000000e+00,6.410100437340e-04,6.987009476701e-02,2.654860626238e+02,2.534742431641e+02,0.000000000000e+00,1.153784889794e+00,0.000000000000e+00,5.544579051204e+04,1.090000000000e+02
4.280000000000e+02,1.032438312772e+08,8.951753759888e+04,1.094367389668e+06,5.427847860140e-01,3.336176884383e+02,-6.375796322205e-05,-6.949617991204e-03,0.000000000000e+00,0.000000000000e+00,1.522824036834e+02,0.000000000000e+00,0.000000000000e+00,0.000000000000e+00,0.000000000000e+00,5.864944101173e-04,6.392789070279e-02,2.654014704316e+02,2.537136230469e+02,0.000000000000e+00,1.153784889794e+00,0.000000000000e+00,5.544466622216e+04,1.090000000000e+02
4.290000000000e+02,1.032436831221e+08,8.966569269697e+04,1.098254772632e+06,5.438590514968e-01,3.341415722634e+02,-5.982614334875e-05,-6.521049625014e-03,0.000000000000e+00,0.000000000000e+00,1.481550980925e+02,0.000000000000e+00,0.000000000000e+00,0.000000000000e+00,0.000000000000e+00,5.834856339439e-04,6.359993409989e-02,2.653985517333e+02,2.548011016846e+02,0.000000000000e+00,1.154155260164e+00,0.000000000000e+00,5.544464361180e+04,1.090000000000e+02
4.300000000000e+02,1.032435390053e+08,8.980980946105e+04,1.102744083866e+06,5.453377249647e-01,3.346019516025e+02,-7.015208557242e-05,-7.646577327394e-03,0.000000000000e+00,0.000000000000e+00,1.441167640739e+02,0.000000000000e+00,0.000000000000e+00,0.000000000000e+00,0.000000000000e+00,6.749945487022e-04,7.357440580854e-02,2.653460505277e+02,2.546492462158e+02,0.000000000000e+00,1.153998531916e+00,0.000000000000e+00,5.544394212777e+04,1.090000000000e+02
4.310000000000e+02,1.032433979332e+08,8.995088158619e+04,1.105938755480e+06,5.458812705738e-01,3.352457223493e+02,-5.424295838460e-05,-5.912482463922e-03,0.000000000000e+00,0.000000000000e+00,1.410721251421e+02,0.000000000000e+00,0.000000000000e+00,0.000000000000e+00,0.000000000000e+00,4.790491154081e-04,5.221635357948e-02,2.652416732297e+02,2.534848632813e+02,0.000000000000e+00,1.154959693204e+00,0.000000000000e+00,5.544252830178e+04,1.090000000000e+02
4.320000000000e+02,1.032432594835e+08,9.008933128124e+04,1.109276392767e+06,5.466964438243e-01,3.357650135357e+02,-4.459095403108e-05,-4.860413989387e-03,0.000000000000e+00,0.000000000000e+00,1.384496950481e+02,0.000000000000e+00,0.000000000000e+00,0.000000000000e+00,0.000000000000e+00,5.125834062988e-04,5.587159128656e-02,2.651339705546e+02,2.530272521973e+02,0.000000000000e+00,1.154251926098e+00,0.000000000000e+00,5.544105419320e+04,1.090000000000e+02
4.330000000000e+02,1.032431238168e+08,9.022499796863e+04,1.113748508168e+06,5.481743214199e-01,3.362163585552e+02,-6.700863490103e-05,-7.303941204212e-03,0.000000000000e+00,0.000000000000e+00,1.356666873962e+02,0.000000000000e+00,0.000000000000e+00,0.000000000000e+00,0.000000000000e+00,6.766250507763e-04,7.375213053462e-02,2.650554963650e+02,2.532356414795e+02,0.000000000000e+00,1.154344518690e+00,0.000000000000e+00,5.543997356956e+04,1.090000000000e+02
4.340000000000e+02,1.032429912387e+08,9.035757612115e+04,1.117506086082e+06,5.490991005621e-01,3.367849126039e+02,-8.030688255368e-05,-8.753450198351e-03,0.000000000000e+00,0.000000000000e+00,1.325781525205e+02,0.000000000000e+00,0.000000000000e+00,0.000000000000e+00,0.000000000000e+00,5.428099719055e-04,5.916628693770e-02,2.650263878702e+02,2.536759490967e+02,0.000000000000e+00,1.153618568850e+00,0.000000000000e+00,5.543958240384e+04,1.090000000000e+02
4.350000000000e+02,1.032428618097e+08,9.048700506886e+04,1.120818212827e+06,5.498295990240e-01,3.373367856878e+02,-9.360910999423e-05,-1.020339298937e-02,0.000000000000e+00,0.000000000000e+00,1.294289477090e+02,0.000000000000e+00,0.000000000000e+00,0.000000000000e+00,0.000000000000e+00,4.558469977320e-04,4.968732275279e-02,2.649967213250e+02,2.542370605469e+02,0.000000000000e+00,1.153618568850e+00,0.000000000000e+00,5.543917775288e+04,1.090000000000e+02
4.360000000000e+02,1.032427352205e+08,9.061359424262e+04,1.124008998871e+06,5.504706632301e-01,3.379079574604e+02,-8.662135236107e-05,-9.441727407357e-03,0.000000000000e+00,0.000000000000e+00,1.265891737589e+02,0.000000000000e+00,0.000000000000e+00,0.000000000000e+00,0.000000000000e+00,4.440432991844e-04,4.840071961109e-02,2.649403689321e+02,2.541549987793e+02,0.000000000000e+00,1.153234953340e+00,0.000000000000e+00,5.543839097897e+04,1.090000000000e+02
4.370000000000e+02,1.032426111988e+08,9.073761595915e+04,1.127630981753e+06,5.514292733851e-01,3.384120003938e+02,-7.022793659062e-05,-7.654845088378e-03,0.000000000000e+00,0.000000000000e+00,1.240217165339e+02,0.000000000000e+00,0.000000000000e+00,0.000000000000e+00,0.000000000000e+00,5.316350212292e-04,5.794821731398e-02,2.648877652360e+02,2.539223632813e+02,0.000000000000e+00,1.153605323710e+00,0.000000000000e+00,5.543765619896e+04,1.090000000000e+02
4.380000000000e+02,1.032424896515e+08,9.085916325482e+04,1.130962549007e+06,5.521334864990e-01,3.389828786316e+02,-5.335022016467e-05,-5.815173997949e-03,0.000000000000e+00,0.000000000000e+00,1.215472956651e+02,0.000000000000e+00,0.000000000000e+00,0.000000000000e+00,0.000000000000e+00,5.001614558234e-04,5.451759868475e-02,2.648416914575e+02,2.538805236816e+02,0.000000000000e+00,1.153892360747e+00,0.000000000000e+00,5.543701200566e+04,1.090000000000e+02
4.390000000000e+02,1.032423702841e+08,9.097853064912e+04,1.133580554355e+06,5.524286496232e-01,3.395939225499e+02,-3.694161109088e-05,-4.026635608906e-03,0.000000000000e+00,0.000000000000e+00,1.193673943024e+02,0.000000000000e+00,0.000000000000e+00,0.000000000000e+00,0.000000000000e+00,4.006701332550e-04,4.367304452479e-02,2.647517915866e+02,2.531322937012e+02,0.000000000000e+00,1.154674906077e+00,0.000000000000e+00,5.543572561903e+04,1.090000000000e+02
4.400000000000e+02,1.032422531476e+08,9.109566713540e+04,1.137753166797e+06,5.538085097488e-01,3.399963616427e+02,-5.086152238029e-05,-5.543905939451e-03,0.000000000000e+00,0.000000000000e+00,1.171364862791e+02,0.000000000000e+00,0.000000000000e+00,0.000000000000e+00,0.000000000000e+00,6.406039621599e-04,6.982583187542e-02,2.647316163778e+02,2.538346862793e+02,0.000000000000e+00,1.154019713578e+00,0.000000000000e+00,5.543545484487e+04,1.090000000000e+02
4.410000000000e+02,1.032421384173e+08,9.121039753115e+04,1.141541147527e+06,5.547459056551e-01,3.405551361304e+02,-6.202913678316e-05,-6.761175909364e-03,0.000000000000e+00,0.000000000000e+00,1.147303957444e+02,0.000000000000e+00,0.000000000000e+00,0.000000000000e+00,0.000000000000e+00,5.666590422451e-04,6.176583560471e-02,2.646945432716e+02,2.539913330078e+02,0.000000000000e+00,1.154112306171e+00,0.000000000000e+00,5.543492878330e+04,1.090000000000e+02
4.420000000000e+02,1.032420587124e+08,9.129010241419e+04,1.145201120821e+06,5.556258551867e-01,3.411129536808e+02,-6.340086079004e-05,-6.910693826114e-03,0.000000000000e+00,0.000000000000e+00,7.970488304666e+01,0.000000000000e+00,0.000000000000e+00,0.000000000000e+00,0.000000000000e+00,5.462053381356e-04,5.953638185678e-02,2.646176445115e+02,2.537506408691e+02,0.000000000000e+00,1.151655835529e+00,0.000000000000e+00,5.543379063561e+04,1.090000000000e+02
4.430000000000e+02,1.032421279358e+08,9.122087902618e+04,1.148918582142e+06,5.566729833940e-01,3.415841159511e+02,-6.920292536886e-05,-7.543118865206e-03,0.000000000000e+00,0.000000000000e+00,-6.922338801303e+01,0.000000000000e+00,0.000000000000e+00,0.000000000000e+00,0.000000000000e+00,5.502683197537e-04,5.997924685315e-02,2.645407056815e+02,2.531352996826e+02,0.000000000000e+00,1.148279269543e+00,0.000000000000e+00,5.543255839242e+04,1.090000000000e+02
4.440000000000e+02,1.032420420875e+08,9.130672724793e+04,1.152102491805e+06,5.572496459077e-01,3.421715026589e+02,-5.041228679555e-05,-5.494939260715e-03,0.000000000000e+00,0.000000000000e+00,8.584822175094e+01,0.000000000000e+00,0.000000000000e+00,0.000000000000e+00,0.000000000000e+00,4.738860279396e-04,5.165357704542e-02,2.645867238837e+02,2.549983367920e+02,0.000000000000e+00,1.148093797224e+00,0.000000000000e+00,5.543332901349e+04,1.090000000000e+02
4.450000000000e+02,1.032418956251e+08,9.145318967504e+04,1.155366017170e+06,5.580382577965e-01,3.426487005140e+02,-4.411784622901e-05,-4.808845238962e-03,0.000000000000e+00,0.000000000000e+00,1.464624271069e+02,0.000000000000e+00,0.000000000000e+00,0.000000000000e+00,0.000000000000e+00,4.920156766138e-04,5.362970875091e-02,2.646613895887e+02,2.559228820801e+02,0.000000000000e+00,1.148855714049e+00,0.000000000000e+00,5.543448398153e+04,1.090000000000e+02
4.460000000000e+02,1.032417656021e+08,9.158321264511e+04,1.158579481687e+06,5.586884591638e-01,3.431990932591e+02,-4.898587566726e-05,-5.339460447731e-03,0.000000000000e+00,0.000000000000e+00,1.300229700712e+02,0.000000000000e+00,0.000000000000e+00,0.000000000000e+00,0.000000000000e+00,4.813014953055e-04,5.246186298830e-02,2.646898072007e+02,2.558812561035e+02,0.000000000000e+00,1.147485252001e+00,0.000000000000e+00,5.543492789802e+04,1.090000000000e+02
4.470000000000e+02,1.032416433882e+08,9.170542660902e+04,1.161777382643e+06,5.594022626912e-01,3.437013119170e+02,-3.231295381251e-05,-3.522111965564e-03,0.000000000000e+00,0.000000000000e+00,1.222139639073e+02,0.000000000000e+00,0.000000000000e+00,0.000000000000e+00,0.000000000000e+00,4.936042816147e-04,5.380286669600e-02,2.647536259848e+02,2.567831115723e+02,0.000000000000e+00,1.147538892861e+00,0.000000000000e+00,5.543588640575e+04,1.090000000000e+02
4.480000000000e+02,1.032415263986e+08,9.182241619906e+04,1.165882898358e+06,5.606837813492e-01,3.441274796747e+02,-1.996968627628e-05,-2.176695804115e-03,0.000000000000e+00,0.000000000000e+00,1.169895900482e+02,0.000000000000e+00,0.000000000000e+00,0.000000000000e+00,0.000000000000e+00,6.594339110007e-04,7.187829629908e-02,2.647530922966e+02,2.560948791504e+02,0.000000000000e+00,1.147484815395e+00,0.000000000000e+00,5.543589663767e+04,1.090000000000e+02
4.490000000000e+02,1.032414130091e+08,9.193580569668e+04,1.170560241971e+06,5.622833252638e-01,3.445343210619e+02,-2.780899513957e-05,-3.031180470213e-03,0.000000000000e+00,0.000000000000e+00,1.133894976121e+02,0.000000000000e+00,0.000000000000e+00,0.000000000000e+00,0.000000000000e+00,7.513970803588e-04,8.190228175910e-02,2.646515829370e+02,2.543579406738e+02,0.000000000000e+00,1.148040370950e+00,0.000000000000e+00,5.543442867048e+04,1.090000000000e+02
4.500000000000e+02,1.032413024368e+08,9.204637803027e+04,1.175399812428e+06,5.639829738446e-01,3.449246265798e+02,-2.891360074545e-05,-3.151582481254e-03,0.000000000000e+00,0.000000000000e+00,1.105723335945e+02,0.000000000000e+00,0.000000000000e+00,0.000000000000e+00,0.000000000000e+00,7.767985336155e-04,8.467104016409e-02,2.645580472327e+02,2.539071044922e+02,0.000000000000e+00,1.148874140890e+00,0.000000000000e+00,5.543307012240e+04,1.090000000000e+02
4.510000000000e+02,1.032411946016e+08,9.215421321149e+04,1.179132972728e+06,5.648532181464e-01,3.454885366036e+02,-6.804258479725e-06,-7.416641742900e-04,0.000000000000e+00,0.000000000000e+00,1.078351812171e+02,0.000000000000e+00,0.000000000000e+00,0.000000000000e+00,0.000000000000e+00,6.118902986622e-04,6.669604255418e-02,2.645400032400e+02,2.550620422363e+02,0.000000000000e+00,1.148874140890e+00,0.000000000000e+00,5.543282964326e+04,1.090000000000e+02
4.520000000000e+02,1.032410894133e+08,9.225940148138e+04,1.182522991002e+06,5.657194825983e-01,3.459475463416e+02,-5.733898707299e-06,-6.249949590956e-04,0.000000000000e+00,0.000000000000e+00,1.051882698898e+02,0.000000000000e+00,0.000000000000e+00,0.000000000000e+00,0.000000000000e+00,5.532201435696e-04,6.030099564908e-02,2.645783918358e+02,2.561318969727e+02,0.000000000000e+00,1.148966733483e+00,0.000000000000e+00,5.543342551192e+04,1.090000000000e+02
4.530000000000e+02,1.032409867806e+08,9.236203416228e+04,1.186151945140e+06,5.666546579146e-01,3.464313954409e+02,-2.697812007114e-05,-2.940615087754e-03,0.000000000000e+00,0.000000000000e+00,1.026326809006e+02,0.000000000000e+00,0.000000000000e+00,0.000000000000e+00,0.000000000000e+00,5.707170891009e-04,6.220816271199e-02,2.646324322357e+02,2.568470153809e+02,0.000000000000e+00,1.148634878239e+00,0.000000000000e+00,5.543424461004e+04,1.090000000000e+02
4.540000000000e+02,1.032408864737e+08,9.246234107447e+04,1.189784993630e+06,5.675957554381e-01,3.469117538494e+02,-2.657582251856e-05,-2.896764654523e-03,0.000000000000e+00,0.000000000000e+00,1.003069121895e+02,0.000000000000e+00,0.000000000000e+00,0.000000000000e+00,0.000000000000e+00,5.720986370931e-04,6.235875144315e-02,2.646808498563e+02,2.572004699707e+02,0.000000000000e+00,1.148634878239e+00,0.000000000000e+00,5.543497418236e+04,1.090000000000e+02
4.550000000000e+02,1.032407882652e+08,9.256054961165e+04,1.193574407013e+06,5.686388627728e-01,3.473732640303e+02,-1.793112790416e-05,-1.954492941553e-03,0.000000000000e+00,0.000000000000e+00,9.820853718060e+01,0.000000000000e+00,0.000000000000e+00,0.000000000000e+00,0.000000000000e+00,6.063653411378e-04,6.609382218402e-02,2.647341180047e+02,2.573688354492e+02,0.000000000000e+00,1.148410741321e+00,0.000000000000e+00,5.543577052871e+04,1.090000000000e+02
4.560000000000e+02,1.032406920160e+08,9.265679882533e+04,1.196680871049e+06,5.692286020411e-01,3.479108268254e+02,1.845822153438e-06,2.011946147248e-04,0.000000000000e+00,0.000000000000e+00,9.624921367864e+01,0.000000000000e+00,0.000000000000e+00,0.000000000000e+00,0.000000000000e+00,5.127020458998e-04,5.588452300308e-02,2.647955522924e+02,2.580736083984e+02,0.000000000000e+00,1.148410741321e+00,0.000000000000e+00,5.543667884183e+04,1.090000000000e+02
4.570000000000e+02,1.032405975549e+08,9.275125988128e+04,1.199888657856e+06,5.699554369232e-01,3.483945132438e+02,5.039155403753e-06,5.492679390091e-04,0.000000000000e+00,0.000000000000e+00,9.446105595723e+01,0.000000000000e+00,0.000000000000e+00,0.000000000000e+00,0.000000000000e+00,5.335967963196e-04,5.816205079884e-02,2.648391883618e+02,2.582598876953e+02,0.000000000000e+00,1.148410741321e+00,0.000000000000e+00,5.543732304096e+04,1.090000000000e+02
4.580000000000e+02,1.032405047116e+08,9.284410315931e+04,1.204396109509e+06,5.715112362129e-01,3.487486752911e+02,-1.415530594656e-05,-1.542928348176e-03,0.000000000000e+00,0.000000000000e+00,9.284327802793e+01,0.000000000000e+00,0.000000000000e+00,0.000000000000e+00,0.000000000000e+00,7.302827764235e-04,7.960082263016e-02,2.648671698050e+02,2.582938537598e+02,0.000000000000e+00,1.147741086581e+00,0.000000000000e+00,5.543773995195e+04,1.090000000000e+02
4.590000000000e+02,1.032404133614e+08,9.293545336434e+04,1.209383129413e+06,5.733907218426e-01,3.490415634440e+02,-1.941638083647e-05,-2.116385511175e-03,0.000000000000e+00,0.000000000000e+00,9.135020502629e+01,0.000000000000e+00,0.000000000000e+00,0.000000000000e+00,0.000000000000e+00,8.039852979232e-04,8.763439747363e-02,2.649025854640e+02,2.583962707520e+02,0.000000000000e+00,1.147741086581e+00,0.000000000000e+00,5.543826298978e+04,1.090000000000e+02
4.600000000000e+02,1.032403233823e+08,9.302543244029e+04,1.213538571436e+06,5.744916307085e-01,3.495657135970e+02,-6.343451640871e-06,-6.914362288549e-04,0.000000000000e+00,0.000000000000e+00,8.997907594865e+01,0.000000000000e+00,0.000000000000e+00,0.000000000000e+00,0.000000000000e+00,6.790399836014e-04,7.401535821255e-02,2.649457974090e+02,2.586511230469e+02,0.000000000000e+00,1.147741086581e+00,0.000000000000e+00,5.543889443603e+04,1.090000000000e+02
4.610000000000e+02,1.032402346943e+08,9.311412050540e+04,1.218240554651e+06,5.762414730317e-01,3.498496647655e+02,2.079595528834e-05,2.266759126429e-03,0.000000000000e+00,0.000000000000e+00,8.868806511466e+01,0.000000000000e+00,0.000000000000e+00,0.000000000000e+00,0.000000000000e+00,7.961041141176e-04,8.677534843882e-02,2.649990446407e+02,2.590455932617e+02,0.000000000000e+00,1.147648493988e+00,0.000000000000e+00,5.543966336504e+04,1.090000000000e+02
4.620000000000e+02,1.032401472275e+08,9.320158729581e+04,1.222988901717e+06,5.778474726476e-01,3.502328764075e+02,3.731853498419e-05,4.067720313276e-03,0.000000000000e+00,0.000000000000e+00,8.746679040593e+01,0.000000000000e+00,0.000000000000e+00,0.000000000000e+00,0.000000000000e+00,8.206182794418e-04,8.944739245915e-02,2.650462151334e+02,2.592492065430e+02,0.000000000000e+00,1.146922544148e+00,0.000000000000e+00,5.544034039921e+04,1.090000000000e+02
4.630000000000e+02,1.032400608422e+08,9.328797256884e+04,1.226923564424e+06,5.789850811576e-01,3.506670168433e+02,6.658734967277e-05,7.258021114332e-03,0.000000000000e+00,0.000000000000e+00,8.638527303602e+01,0.000000000000e+00,0.000000000000e+00,0.000000000000e+00,0.000000000000e+00,7.163758060832e-04,7.808496286307e-02,2.650710324177e+02,2.592140502930e+02,0.000000000000e+00,1.146380829200e+00,0.000000000000e+00,5.544070117817e+04,1.090000000000e+02
4.640000000000e+02,1.032399754884e+08,9.337332639059e+04,1.231230891767e+06,5.804389238646e-01,3.510127551507e+02,7.196625392086e-05,7.844321677374e-03,0.000000000000e+00,0.000000000000e+00,8.535382174388e+01,0.000000000000e+00,0.000000000000e+00,0.000000000000e+00,0.000000000000e+00,7.824627755988e-04,8.528844254027e-02,2.651144478020e+02,2.595045776367e+02,0.000000000000e+00,1.146380829200e+00,0.000000000000e+00,5.544132118290e+04,1.090000000000e+02
4.650000000000e+02,1.032398911775e+08,9.345763723056e+04,1.234912650845e+06,5.813643743748e-01,3.514956570425e+02,5.881923372935e-05,6.411296476499e-03,0.000000000000e+00,0.000000000000e+00,8.431083997182e+01,0.000000000000e+00,0.000000000000e+00,0.000000000000e+00,0.000000000000e+00,6.644062274962e-04,7.242027879709e-02,2.651852119049e+02,2.601454162598e+02,0.000000000000e+00,1.146380829200e+00,0.000000000000e+00,5.544231427175e+04,1.090000000000e+02
4.660000000000e+02,1.032398078189e+08,9.354099586264e+04,1.238917583519e+06,5.826417739619e-01,3.518569497465e+02,5.850575985908e-05,6.377127824639e-03,0.000000000000e+00,0.000000000000e+00,8.335863208121e+01,0.000000000000e+00,0.000000000000e+00,0.000000000000e+00,0.000000000000e+00,7.180149080272e-04,7.826362497497e-02,2.652475968799e+02,2.603712158203e+02,0.000000000000e+00,1.145439751622e+00,0.000000000000e+00,5.544318199911e+04,1.090000000000e+02
4.670000000000e+02,1.032398241649e+08,9.352464987200e+04,1.243046020162e+06,5.837546028010e-01,3.523512794656e+02,7.059476272087e-05,7.694829136574e-03,0.000000000000e+00,0.000000000000e+00,-1.634599064382e+01,0.000000000000e+00,0.000000000000e+00,0.000000000000e+00,0.000000000000e+00,7.507134322490e-04,8.182776411514e-02,2.653099738515e+02,2.609060668945e+02,0.000000000000e+00,1.142569381252e+00,0.000000000000e+00,5.544399499224e+04,1.090000000000e+02
4.680000000000e+02,1.032398342913e+08,9.351452343517e+04,1.246475736387e+06,5.846511501106e-01,3.527764138853e+02,8.399904947460e-05,9.155896392732e-03,0.000000000000e+00,0.000000000000e+00,-1.012643682639e+01,0.000000000000e+00,0.000000000000e+00,0.000000000000e+00,0.000000000000e+00,6.484553006448e-04,7.068162777028e-02,2.653723726239e+02,2.612587280273e+02,0.000000000000e+00,1.140935688220e+00,0.000000000000e+00,5.544481699303e+04,1.090000000000e+02
4.690000000000e+02,1.032398047618e+08,9.354405295780e+04,1.249269942685e+06,5.851632607483e-01,3.532484665455e+02,1.123396837331e-04,1.224502552690e-02,0.000000000000e+00,0.000000000000e+00,2.952952262820e+01,0.000000000000e+00,0.000000000000e+00,0.000000000000e+00,0.000000000000e+00,5.692292863186e-04,6.204599220873e-02,2.654807475246e+02,2.623363647461e+02,0.000000000000e+00,1.139471340057e+00,0.000000000000e+00,5.544628108082e+04,1.090000000000e+02
4.700000000000e+02,1.032396822970e+08,9.366651780009e+04,1.252456281389e+06,5.858706231562e-01,3.537135095718e+02,1.069866906859e-04,1.166154928476e-02,0.000000000000e+00,0.000000000000e+00,1.224648422963e+02,0.000000000000e+00,0.000000000000e+00,0.000000000000e+00,0.000000000000e+00,6.293175570017e-04,6.859561371319e-02,2.655762344907e+02,2.624875183105e+02,0.000000000000e+00,1.139511151745e+00,0.000000000000e+00,5.544758901622e+04,1.090000000000e+02
4.710000000000e+02,1.032395788267e+08,9.376998804331e+04,1.257570608947e+06,5.878795209545e-01,3.539387797732e+02,9.209589694055e-05,1.003845276652e-02,0.000000000000e+00,0.000000000000e+00,1.034702432156e+02,0.000000000000e+00,0.000000000000e+00,0.000000000000e+00,0.000000000000e+00,9.351040986188e-04,1.019263467494e-01,2.656402562281e+02,2.624607849121e+02,0.000000000000e+00,1.137463197517e+00,0.000000000000e+00,5.544844250932e+04,1.090000000000e+02
4.720000000000e+02,1.032394816052e+08,9.386720954206e+04,1.261722371701e+06,5.891685648607e-01,3.543231207827e+02,1.157479946083e-04,1.261653141231e-02,0.000000000000e+00,0.000000000000e+00,9.722149875078e+01,0.000000000000e+00,0.000000000000e+00,0.000000000000e+00,0.000000000000e+00,7.984336050397e-04,8.702926294933e-02,2.657264232702e+02,2.630239257812e+02,0.000000000000e+00,1.137178375388e+00,0.000000000000e+00,5.544957107500e+04,1.090000000000e+02
4.730000000000e+02,1.032393879900e+08,9.396082476192e+04,1.264897918618e+06,5.899711122899e-01,3.547272715922e+02,1.335560707646e-04,1.455761171334e-02,0.000000000000e+00,0.000000000000e+00,9.361521986007e+01,0.000000000000e+00,0.000000000000e+00,0.000000000000e+00,0.000000000000e+00,6.563556229794e-04,7.154276290475e-02,2.657794533840e+02,2.627440795898e+02,0.000000000000e+00,1.137363560573e+00,0.000000000000e+00,5.545026097615e+04,1.090000000000e+02
4.740000000000e+02,1.032392969961e+08,9.405181870128e+04,1.267883073038e+06,5.905811203061e-01,3.551903470493e+02,1.241594229353e-04,1.353337709995e-02,0.000000000000e+00,0.000000000000e+00,9.099393936208e+01,0.000000000000e+00,0.000000000000e+00,0.000000000000e+00,0.000000000000e+00,6.140310784649e-04,6.692938755267e-02,2.658623123421e+02,2.635914916992e+02,0.000000000000e+00,1.137363560573e+00,0.000000000000e+00,5.545132475036e+04,1.090000000000e+02
4.750000000000e+02,1.032392081699e+08,9.414064492111e+04,1.271647818755e+06,5.918740124420e-01,3.554578678146e+02,1.332536466503e-04,1.452464748488e-02,0.000000000000e+00,0.000000000000e+00,8.882621983221e+01,0.000000000000e+00,0.000000000000e+00,0.000000000000e+00,0.000000000000e+00,7.508172431565e-04,8.183907950405e-02,2.659730964747e+02,2.643602294922e+02,0.000000000000e+00,1.137363560573e+00,0.000000000000e+00,5.545272260251e+04,1.090000000000e+02
4.760000000000e+02,1.032391211267e+08,9.422768812799e+04,1.275532422487e+06,5.930353881049e-01,3.558353910111e+02,1.549654574088e-04,1.689123485756e-02,0.000000000000e+00,0.000000000000e+00,8.704320687433e+01,0.000000000000e+00,0.000000000000e+00,0.000000000000e+00,0.000000000000e+00,7.916716465482e-04,8.629220947375e-02,2.660997860629e+02,2.653844299316e+02,0.000000000000e+00,1.136939112737e+00,0.000000000000e+00,5.545429255882e+04,1.090000000000e+02
4.770000000000e+02,1.032390353631e+08,9.431345168931e+04,1.278577056624e+06,5.937138626647e-01,3.562697106832e+02,1.665783404618e-04,1.815703911034e-02,0.000000000000e+00,0.000000000000e+00,8.576356132512e+01,0.000000000000e+00,0.000000000000e+00,0.000000000000e+00,0.000000000000e+00,6.658663861852e-04,7.257943609418e-02,2.661945291656e+02,2.653823852539e+02,0.000000000000e+00,1.136846520144e+00,0.000000000000e+00,5.545544910618e+04,1.090000000000e+02
4.780000000000e+02,1.032389506146e+08,9.439820017619e+04,1.281597805189e+06,5.944754742462e-01,3.566475003197e+02,1.916724510327e-04,2.089229716257e-02,0.000000000000e+00,0.000000000000e+00,8.474848687508e+01,0.000000000000e+00,0.000000000000e+00,0.000000000000e+00,0.000000000000e+00,6.876006679321e-04,7.494847280460e-02,2.662770468342e+02,2.653506774902e+02,0.000000000000e+00,1.136330601146e+00,0.000000000000e+00,5.545644578709e+04,1.090000000000e+02
4.790000000000e+02,1.032388667825e+08,9.448203232487e+04,1.284997988830e+06,5.954387924127e-01,3.570083142074e+02,1.886041576346e-04,2.055785318218e-02,0.000000000000e+00,0.000000000000e+00,8.383214868191e+01,0.000000000000e+00,0.000000000000e+00,0.000000000000e+00,0.000000000000e+00,7.470158968371e-04,8.142473275525e-02,2.663664548798e+02,2.656712951660e+02,0.000000000000e+00,1.136238008553e+00,0.000000000000e+00,5.545751288434e+04,1.090000000000e+02
4.800000000000e+02,1.032387837510e+08,9.456506375026e+04,1.289318304370e+06,5.970015589437e-01,3.572642076978e+02,1.968900439581e-04,2.146101479143e-02,0.000000000000e+00,0.000000000000e+00,8.303142538765e+01,0.000000000000e+00,0.000000000000e+00,0.000000000000e+00,0.000000000000e+00,9.075859931722e-04,9.892687325577e-02,2.664550389613e+02,2.658271179199e+02,0.000000000000e+00,1.136023633553e+00,0.000000000000e+00,5.545855663236e+04,1.090000000000e+02
4.810000000000e+02,1.032387013367e+08,9.464747811445e+04,1.292987125685e+06,5.980487841546e-01,3.576485290865e+02,2.099036030014e-04,2.287949272716e-02,0.000000000000e+00,0.000000000000e+00,8.241436418708e+01,0.000000000000e+00,0.000000000000e+00,0.000000000000e+00,0.000000000000e+00,8.138825173983e-04,8.871319439642e-02,2.665203204924e+02,2.656517944336e+02,0.000000000000e+00,1.136023633553e+00,0.000000000000e+00,5.545931845680e+04,1.090000000000e+02
4.820000000000e+02,1.032386195014e+08,9.472931338528e+04,1.296251815547e+06,5.989908817984e-01,3.579822515304e+02,2.485354766368e-04,2.709036695341e-02,0.000000000000e+00,0.000000000000e+00,8.183527083069e+01,0.000000000000e+00,0.000000000000e+00,0.000000000000e+00,0.000000000000e+00,7.853736496480e-04,8.560572781163e-02,2.665923215271e+02,2.660412597656e+02,0.000000000000e+00,1.134912697013e+00,0.000000000000e+00,5.546015093487e+04,1.090000000000e+02
4.830000000000e+02,1.032385384000e+08,9.481041484135e+04,1.300829767302e+06,6.011143316874e-01,3.579691002998e+02,3.234992011705e-04,3.526141292758e-02,0.000000000000e+00,0.000000000000e+00,8.110145607143e+01,0.000000000000e+00,0.000000000000e+00,0.000000000000e+00,0.000000000000e+00,1.075755481883e-03,1.172573475252e-01,2.667063481597e+02,2.670380859375e+02,0.000000000000e+00,1.134912697013e+00,0.000000000000e+00,5.546144838258e+04,1.090000000000e+02
4.840000000000e+02,1.032384578568e+08,9.489095797593e+04,1.306843820161e+06,6.037898329446e-01,3.580225037286e+02,3.243098186059e-04,3.534977022805e-02,0.000000000000e+00,0.000000000000e+00,8.054313458336e+01,0.000000000000e+00,0.000000000000e+00,0.000000000000e+00,0.000000000000e+00,1.314304244139e-03,1.432591626111e-01,2.668172963084e+02,2.674275207520e+02,0.000000000000e+00,1.133469948594e+00,0.000000000000e+00,5.546268866804e+04,1.090000000000e+02
4.850000000000e+02,1.032383775990e+08,9.497121578790e+04,1.312758665720e+06,6.057108489029e-01,3.584970744277e+02,2.551031375063e-04,2.780624198819e-02,0.000000000000e+00,0.000000000000e+00,8.025781196679e+01,0.000000000000e+00,0.000000000000e+00,0.000000000000e+00,0.000000000000e+00,1.230321903697e-03,1.341050875030e-01,2.668908415520e+02,2.674375915527e+02,0.000000000000e+00,1.132707701262e+00,0.000000000000e+00,5.546350007677e+04,1.090000000000e+02
4.860000000000e+02,1.032382975425e+08,9.505127235097e+04,1.317763388624e+06,6.076602667776e-01,3.587052202617e+02,2.283484367090e-04,2.488997960128e-02,0.000000000000e+00,0.000000000000e+00,8.005656306961e+01,0.000000000000e+00,0.000000000000e+00,0.000000000000e+00,0.000000000000e+00,1.053693453244e-03,1.148525864036e-01,2.669487671719e+02,2.670426025391e+02,0.000000000000e+00,1.132707701262e+00,0.000000000000e+00,5.546413454659e+04,1.090000000000e+02
4.870000000000e+02,1.032382176075e+08,9.513120733637e+04,1.320975975477e+06,6.085281889438e-01,3.590649866927e+02,2.540891016734e-04,2.769571208240e-02,0.000000000000e+00,0.000000000000e+00,7.993498539933e+01,0.000000000000e+00,0.000000000000e+00,0.000000000000e+00,0.000000000000e+00,7.843468699044e-04,8.549380881958e-02,2.669750266628e+02,2.664530639648e+02,0.000000000000e+00,1.132707701262e+00,0.000000000000e+00,5.546442269823e+04,1.090000000000e+02
4.880000000000e+02,1.032381378807e+08,9.521093415308e+04,1.324031165028e+06,6.093452333304e-01,3.594105740644e+02,2.683210435658e-04,2.924699374867e-02,0.000000000000e+00,0.000000000000e+00,7.972681671405e+01,0.000000000000e+00,0.000000000000e+00,0.000000000000e+00,0.000000000000e+00,7.722769833194e-04,8.417819118181e-02,2.670074069258e+02,2.665059814453e+02,0.000000000000e+00,1.132707701262e+00,0.000000000000e+00,5.546477709027e+04,1.090000000000e+02
4.890000000000e+02,1.032380585282e+08,9.529028656999e+04,1.328624303996e+06,6.111747416876e-01,3.595740102334e+02,2.953687638946e-04,3.219519526451e-02,0.000000000000e+00,0.000000000000e+00,7.935241690392e+01,0.000000000000e+00,0.000000000000e+00,0.000000000000e+00,0.000000000000e+00,1.052803673145e-03,1.147556003728e-01,2.670612087969e+02,2.668302612305e+02,0.000000000000e+00,1.132707701262e+00,0.000000000000e+00,5.546535876697e+04,1.090000000000e+02
4.900000000000e+02,1.032379797239e+08,9.536909090436e+04,1.331907136273e+06,6.120227123679e-01,3.599558370226e+02,3.458629305972e-04,3.769905943509e-02,0.000000000000e+00,0.000000000000e+00,7.880433437659e+01,0.000000000000e+00,0.000000000000e+00,0.000000000000e+00,0.000000000000e+00,8.844591320991e-04,9.640604539880e-02,2.671654149254e+02,2.678546447754e+02,0.000000000000e+00,1.131354927173e+00,0.000000000000e+00,5.546646696364e+04,1.090000000000e+02
4.910000000000e+02,1.032379013327e+08,9.544748215685e+04,1.333933779508e+06,6.122295149055e-01,3.603745172380e+02,3.360994881536e-04,3.663484420874e-02,0.000000000000e+00,0.000000000000e+00,7.839125248750e+01,0.000000000000e+00,0.000000000000e+00,0.000000000000e+00,0.000000000000e+00,6.668689270365e-04,7.268871304698e-02,2.672722845569e+02,2.686212768555e+02,0.000000000000e+00,1.130757686443e+00,0.000000000000e+00,5.546758328546e+04,1.090000000000e+02
4.920000000000e+02,1.032378233070e+08,9.552550777204e+04,1.336255474286e+06,6.127495120812e-01,3.606866011922e+02,3.846756593393e-04,4.192964686799e-02,0.000000000000e+00,0.000000000000e+00,7.802561519233e+01,0.000000000000e+00,0.000000000000e+00,0.000000000000e+00,0.000000000000e+00,7.633008381646e-04,8.319979135994e-02,2.674039755622e+02,2.694077758789e+02,0.000000000000e+00,1.128179732385e+00,0.000000000000e+00,5.546893324150e+04,1.090000000000e+02
4.930000000000e+02,1.032377452548e+08,9.559698041784e+04,1.338564444664e+06,6.130301741720e-01,3.611357654829e+02,4.101937099165e-04,4.471111438089e-02,0.000000000000e+00,6.579672829498e+00,7.805231862614e+01,0.000000000000e+00,0.000000000000e+00,0.000000000000e+00,0.000000000000e+00,7.867783001149e-04,8.575883471252e-02,2.675363892574e+02,2.699099731445e+02,0.000000000000e+00,1.127405125980e+00,6.579672829498e+00,5.547026280720e+04,1.090000000000e+02
4.940000000000e+02,1.032376666756e+08,9.565802478595e+04,1.341106642925e+06,6.136376467864e-01,3.614547866002e+02,4.442322936406e-04,4.842132000683e-02,0.000000000000e+00,1.753625404605e+01,7.858062215856e+01,0.000000000000e+00,0.000000000000e+00,0.000000000000e+00,0.000000000000e+00,8.593802835143e-04,9.367245090306e-02,2.676714338513e+02,2.703914794922e+02,0.000000000000e+00,1.125743044483e+00,1.753625404605e+01,5.547159061305e+04,1.090000000000e+02
4.950000000000e+02,1.032375875963e+08,9.571544431473e+04,1.345292977584e+06,6.152840364690e-01,3.616064362882e+02,4.846110666747e-04,5.282260626755e-02,0.000000000000e+00,2.166046191310e+01,7.907999069213e+01,0.000000000000e+00,0.000000000000e+00,0.000000000000e+00,0.000000000000e+00,1.173017910791e-03,1.278589522762e-01,2.677738323188e+02,2.702321166992e+02,0.000000000000e+00,1.125650451891e+00,2.166046191310e+01,5.547257774800e+04,1.090000000000e+02
4.960000000000e+02,1.032375080323e+08,9.577309355736e+04,1.350141971812e+06,6.173257637193e-01,3.617051656843e+02,4.857500754351e-04,5.294675822243e-02,0.000000000000e+00,2.191291834144e+01,7.956216096978e+01,0.000000000000e+00,0.000000000000e+00,0.000000000000e+00,0.000000000000e+00,1.285003134420e-03,1.400653416518e-01,2.678442012450e+02,2.700245056152e+02,0.000000000000e+00,1.125650451891e+00,2.191291834144e+01,5.547324711187e+04,1.090000000000e+02
4.970000000000e+02,1.032374281642e+08,9.582905822441e+04,1.353599641763e+06,6.184719396687e-01,3.619541889819e+02,4.836522707830e-04,5.271809751534e-02,0.000000000000e+00,2.390373042453e+01,7.986839747975e+01,0.000000000000e+00,0.000000000000e+00,0.000000000000e+00,0.000000000000e+00,1.052247149012e-03,1.146949392423e-01,2.679296057059e+02,2.705227355957e+02,0.000000000000e+00,1.125557859298e+00,2.390373042453e+01,5.547405062018e+04,1.090000000000e+02
4.980000000000e+02,1.032373480198e+08,9.588284417478e+04,1.356259041561e+06,6.191390558296e-01,3.622697751526e+02,4.904448913551e-04,5.345849315771e-02,0.000000000000e+00,2.635695635395e+01,8.014290672245e+01,0.000000000000e+00,0.000000000000e+00,0.000000000000e+00,0.000000000000e+00,9.273079585795e-04,1.010765674852e-01,2.680082908179e+02,2.704778747559e+02,0.000000000000e+00,1.124717481614e+00,2.635695635395e+01,5.547478052899e+04,1.090000000000e+02
4.990000000000e+02,1.032372675768e+08,9.593516570947e+04,1.358334653226e+06,6.195802076988e-01,3.625611158606e+02,5.099872447636e-04,5.558860967923e-02,0.000000000000e+00,2.812081955482e+01,8.044235424607e+01,0.000000000000e+00,0.000000000000e+00,0.000000000000e+00,0.000000000000e+00,8.503157303598e-04,9.268441460922e-02,2.680873241655e+02,2.707965087891e+02,0.000000000000e+00,1.123286817216e+00,2.812081955482e+01,5.547550454068e+04,1.090000000000e+02
5.000000000000e+02,1.032371869131e+08,9.598403908677e+04,1.360107551037e+06,6.198450848189e-01,3.628733645148e+02,5.746422893905e-04,6.263600954357e-02,0.000000000000e+00,3.179057193587e+01,8.066394923363e+01,0.000000000000e+00,0.000000000000e+00,0.000000000000e+00,0.000000000000e+00,8.642194481528e-04,9.419991984865e-02,2.681859749105e+02,2.715332641602e+02,0.000000000000e+00,1.123194224624e+00,3.179057193587e+01,5.547639497737e+04,1.090000000000e+02
5.010000000000e+02,1.032371059241e+08,9.603035724514e+04,1.361346659820e+06,6.198857327747e-01,3.631750811992e+02,6.551975304765e-04,7.141653082193e-02,0.000000000000e+00,3.467218491965e+01,8.099034328691e+01,0.000000000000e+00,0.000000000000e+00,0.000000000000e+00,0.000000000000e+00,8.569816295171e-04,9.341099761736e-02,2.682728961003e+02,2.717089233398e+02,0.000000000000e+00,1.123009039439e+00,3.467218491965e+01,5.547716662767e+04,1.090000000000e+02
5.020000000000e+02,1.032370246689e+08,9.607265771203e+04,1.362119890754e+06,6.196537000168e-01,3.635107078312e+02,6.930364578532e-04,7.554097390600e-02,0.000000000000e+00,3.895501399253e+01,8.125548088054e+01,0.000000000000e+00,0.000000000000e+00,0.000000000000e+00,0.000000000000e+00,8.167416105054e-04,8.902483554509e-02,2.683902887250e+02,2.724472961426e+02,0.000000000000e+00,1.122300222813e+00,3.895501399253e+01,5.547819155510e+04,1.090000000000e+02
5.030000000000e+02,1.032369430710e+08,9.610999623225e+04,1.362804175969e+06,6.193943319790e-01,3.638390658406e+02,6.611229175059e-04,7.206239800814e-02,0.000000000000e+00,4.425802417784e+01,8.159654440043e+01,0.000000000000e+00,0.000000000000e+00,0.000000000000e+00,0.000000000000e+00,7.702290509769e-04,8.395496655648e-02,2.685070753294e+02,2.728903503418e+02,0.000000000000e+00,1.120780576197e+00,4.425802417784e+01,5.547918957485e+04,1.090000000000e+02
5.040000000000e+02,1.032371749661e+08,9.621769531849e+04,1.363630018387e+06,6.192230994763e-01,3.641525661065e+02,6.640221078142e-04,7.237840975174e-02,0.000000000000e+00,5.898261152220e+01,-2.318954627211e+02,6.590690680732e-05,7.183852841998e-03,0.000000000000e+00,0.000000000000e+00,8.617543096779e-04,9.393121975489e-02,2.686484816937e+02,2.731107177734e+02,0.000000000000e+00,1.117353874549e+00,5.898261152220e+01,5.548035357807e+04,1.090000000000e+02
5.050000000000e+02,1.032491060375e+08,9.868251215006e+04,1.350981143939e+06,6.129639229998e-01,3.644201662351e+02,5.995399653499e-04,6.534985622314e-02,0.000000000000e+00,3.898272361807e+02,-1.193107134002e+04,2.444829288536e-03,2.664863924505e-01,0.000000000000e+00,0.000000000000e+00,9.291297762693e-04,1.012751456134e-01,2.694611172727e+02,2.735635070801e+02,0.000000000000e+00,9.874852960171e-01,3.898272361807e+02,5.548621598723e+04,1.090000000000e+02
5.060000000000e+02,1.032689996484e+08,1.047130603767e+05,1.323605600016e+06,5.996960076208e-01,3.648957811572e+02,4.847805444301e-04,5.284107934288e-02,0.000000000000e+00,1.466845508365e+03,-1.989361331988e+04,4.493476820851e-03,4.897889734728e-01,3.518293161419e-05,3.834939545947e-03,4.284049862055e-04,4.669614349640e-02,2.704157396110e+02,2.737495727539e+02,0.000000000000e+00,7.516559570864e-01,1.466845508365e+03,5.549216534126e+04,1.090000000000e+02
5.070000000000e+02,1.032999680086e+08,1.213266824094e+05,1.267471780530e+06,5.731535853902e-01,3.655471867550e+02,2.695244697342e-04,2.937816720103e-02,0.000000000000e+00,7.535216115515e+03,-3.096836122029e+04,9.042330821519e-03,9.856140595455e-01,6.916921194207e-05,7.539444101686e-03,0.000000000000e+00,0.000000000000e+00,2.722035950521e+02,2.749679870605e+02,0.000000000000e+00,3.744379112668e-01,7.535216115515e+03,5.550048811378e+04,1.090000000000e+02
5.080000000000e+02,1.033263213003e+08,1.439168333514e+05,1.181568191088e+06,5.333346183489e-01,3.661950553129e+02,5.739071009651e-05,6.255587400520e-03,0.000000000000e+00,3.949588794154e+04,-2.635329872026e+04,1.415279425319e-02,1.542654573598e+00,4.658438511170e-04,5.077697977176e-02,0.000000000000e+00,0.000000000000e+00,2.730205263913e+02,2.757260437012e+02,0.000000000000e+00,3.120370370373e-02,3.949588794154e+04,5.550337675402e+04,1.090000000000e+02
5.090000000000e+02,1.033321343048e+08,1.632378421555e+05,1.079808056729e+06,4.865849897534e-01,3.668092673525e+02,-5.915334645903e-05,-6.447714764034e-03,0.000000000000e+00,7.977812997367e+04,-5.813007739221e+03,1.687978305349e-02,1.839896352830e+00,4.614082104767e-04,5.029349494196e-02,0.000000000000e+00,0.000000000000e+00,2.730656363068e+02,2.760657348633e+02,0.000000000000e+00,1.851851851823e-03,7.977812997367e+04,5.550349967708e+04,1.090000000000e+02
5.100000000000e+02,1.033348941112e+08,1.791346444984e+05,9.696445907213e+05,4.362589998186e-01,3.673843483381e+02,-1.178937279223e-04,-1.285041634353e-02,0.000000000000e+00,9.701129212800e+04,-2.759805118124e+03,1.832705326708e-02,1.997648806112e+00,7.919850361151e-04,8.632636893655e-02,0.000000000000e+00,0.000000000000e+00,2.730604837383e+02,2.761352539063e+02,0.000000000000e+00,6.388888888865e-03,9.701129212800e+04,5.550348749038e+04,1.090000000000e+02
5.110000000000e+02,1.033368843557e+08,1.934411251464e+05,8.582652791355e+05,3.855593427211e-01,3.679449145349e+02,-1.238090666952e-04,-1.349518826978e-02,0.000000000000e+00,1.004419435087e+05,-1.990236663503e+03,1.853394015482e-02,2.020199476875e+00,7.620909817283e-04,8.306791700838e-02,0.000000000000e+00,0.000000000000e+00,2.730549526477e+02,2.759951782227e+02,0.000000000000e+00,9.444444444417e-03,1.004419435087e+05,5.550347337218e+04,1.090000000000e+02
5.120000000000e+02,1.033384342314e+08,2.069013070221e+05,7.405003737448e+05,3.321748408758e-01,3.684774733006e+02,-1.427423567072e-04,-1.555891688109e-02,0.000000000000e+00,1.036945827219e+05,-1.549874965244e+03,1.960839706033e-02,2.137315279576e+00,1.259895333832e-05,1.373285913877e-03,0.000000000000e+00,0.000000000000e+00,2.730535734288e+02,2.762627258301e+02,0.000000000000e+00,7.499999999986e-03,1.036945827219e+05,5.550346949967e+04,1.090000000000e+02
5.130000000000e+02,1.033396434850e+08,2.176451181008e+05,6.185256470231e+05,2.770799892160e-01,3.689814468229e+02,-1.520844720457e-04,-1.657720745298e-02,0.000000000000e+00,1.754255860972e+05,-1.209214298368e+03,2.031365727214e-02,2.214188642663e+00,1.065862867821e-02,1.161790525925e+00,0.000000000000e+00,0.000000000000e+00,2.730639024508e+02,2.762880859375e+02,0.000000000000e+00,5.555555555549e-03,1.754255860972e+05,5.550349855390e+04,1.090000000000e+02
5.140000000000e+02,1.033405576672e+08,2.260100518854e+05,4.976324668780e+05,2.226487784601e-01,3.694370429823e+02,-1.666624774155e-04,-1.816621003829e-02,0.000000000000e+00,1.772615902275e+05,-9.141390260616e+02,2.014930889889e-02,2.196274669979e+00,1.068446952414e-02,1.164607178132e+00,0.000000000000e+00,0.000000000000e+00,2.730485202623e+02,2.766585998535e+02,0.000000000000e+00,4.259259259258e-03,1.772615902275e+05,5.550345337250e+04,1.090000000000e+02
5.150000000000e+02,1.033412762391e+08,2.364689264199e+05,3.618127424143e+05,1.617568198828e-01,3.697199095183e+02,-2.493247647030e-04,-2.717639935263e-02,0.000000000000e+00,1.410517321718e+05,-7.185630231656e+02,2.269930304080e-02,2.474224031447e+00,2.463052176048e-03,2.684726871892e-01,0.000000000000e+00,0.000000000000e+00,2.730441636222e+02,2.772521362305e+02,0.000000000000e+00,3.796296296296e-03,1.410517321718e+05,5.550343435828e+04,1.090000000000e+02
5.160000000000e+02,1.033415902562e+08,2.458240409977e+05,2.154767812079e+05,9.632177482379e-02,3.697647448335e+02,-2.851061392982e-04,-3.107656918351e-02,0.000000000000e+00,1.565576466886e+05,-3.140132675338e+02,2.447350399017e-02,2.667611934928e+00,3.002554323332e-03,3.272784212432e-01,0.000000000000e+00,0.000000000000e+00,2.730507829104e+02,2.768986206055e+02,0.000000000000e+00,1.046296296300e-02,1.565576466886e+05,5.550346339210e+04,1.090000000000e+02
5.170000000000e+02,1.033419543667e+08,2.550727861126e+05,7.048379615886e+04,3.155931585485e-02,3.691428638184e+02,-2.749239566255e-04,-2.996671127218e-02,0.000000000000e+00,1.414966369901e+05,-3.640821606278e+02,2.424117594520e-02,2.642288178026e+00,7.360975241744e-04,8.023463013501e-02,0.000000000000e+00,0.000000000000e+00,2.730524805699e+02,2.771823425293e+02,0.000000000000e+00,1.157407407412e-02,1.414966369901e+05,5.550347003479e+04,1.090000000000e+02
5.180000000000e+02,1.033430256916e+08,1.250088103832e+05,3.107818935316e+03,1.403068529876e-03,3.660979892750e+02,-3.860603325908e-04,-4.208057625240e-02,2.770083945711e-03,2.028052342830e+05,-9.175878831742e+02,1.127193035888e-02,1.228640409118e+00,6.778496717127e-04,7.388561421668e-02,0.000000000000e+00,0.000000000000e+00,2.735636392077e+02,2.772532348633e+02,8.333333333322e-04,4.629629629647e-03,2.028052342830e+05,5.550418220223e+04,1.090000000000e+02
5.190000000000e+02,1.033460638005e+08,6.735123029011e+04,2.669904225805e+01,1.218029767491e-05,3.624540827666e+02,4.049295615529e-04,4.413732220926e-02,-5.348275683972e-02,6.348262721067e+04,-6.006668701705e+03,5.146425918993e-04,5.609604251702e-02,1.360641281958e-03,1.483098997335e-01,0.000000000000e+00,0.000000000000e+00,2.780256518108e+02,2.775728149414e+02,2.888888888886e-02,5.138888888886e-02,6.348262721067e+04,5.550189533719e+04,1.090000000000e+02
5.200000000000e+02,1.033397721829e+08,4.541796108442e+04,6.072493006150e-01,2.793937338709e-07,3.600721402757e+02,9.986391335669e-04,1.088516655588e-01,-1.141394242592e-01,2.671383486742e+04,-4.333806991089e+01,4.356290005234e-06,4.748356105705e-04,7.445294732084e-04,8.115371257972e-02,0.000000000000e+00,0.000000000000e+00,2.791972147422e+02,2.781106567383e+02,4.666666666662e-02,8.351851851848e-02,2.671383486742e+04,5.549860042202e+04,1.090000000000e+02
5.210000000000e+02,1.033293424481e+08,2.767674162337e+04,4.214901351922e-01,1.931883042662e-07,3.604437258910e+02,1.093643802384e-03,1.192071744598e-01,-1.240280303391e-01,2.188865085430e+04,3.546346751290e+03,3.128270956965e-08,3.409815343092e-06,5.505840447146e-05,6.001366087389e-03,0.000000000000e+00,0.000000000000e+00,2.801962703560e+02,2.785783386230e+02,6.518518518513e-02,1.191666666666e-01,2.188865085430e+04,5.549517178318e+04,1.090000000000e+02
5.220000000000e+02,1.033260607521e+08,1.510155964865e+04,4.165015016731e-01,1.905054883699e-07,3.609918331524e+02,1.126595186377e-03,1.227988753150e-01,-1.263677399122e-01,1.679533196227e+04,-3.731227813290e+03,8.440051603491e-10,9.199656247805e-08,1.281731919943e-03,1.397087792738e-01,0.000000000000e+00,0.000000000000e+00,2.806508058111e+02,2.790574340820e+02,8.046296296289e-02,1.375000000000e-01,1.679533196227e+04,5.549367697114e+04,1.090000000000e+02
5.230000000000e+02,1.033226335543e+08,7.418404971972e+03,4.160763037229e-01,1.899641166813e-07,3.615870278519e+02,1.208157445220e-03,1.316891615289e-01,-1.338109049495e-01,1.176895711099e+04,-3.998521427483e+03,6.961497595129e-11,7.588032378690e-09,1.317022912406e-03,1.435554974523e-01,0.000000000000e+00,0.000000000000e+00,2.813998998470e+02,2.794629516602e+02,9.574074074066e-02,1.550000000000e-01,1.176895711099e+04,5.549059347978e+04,1.090000000000e+02
5.240000000000e+02,1.033211126073e+08,2.683263506320e+03,4.160352969873e-01,1.895991402119e-07,3.622157086559e+02,1.217263407946e-03,1.326817114661e-01,-1.339216488172e-01,8.672208621256e+03,-5.910644581703e+03,6.466887301577e-12,7.048907158719e-10,1.616725732187e-03,1.762231048083e-01,0.000000000000e+00,0.000000000000e+00,2.816543492613e+02,2.796016235352e+02,1.064814814814e-01,1.672222222222e-01,8.672208621256e+03,5.548964310864e+04,1.090000000000e+02
5.250000000000e+02,1.033190780533e+08,2.214603169608e+01,4.160418738012e-01,1.892502891562e-07,3.606127999886e+02,1.177974078428e-03,1.283991745486e-01,-1.290566554763e-01,6.780402233660e+03,-5.127098926545e+03,5.685720116436e-13,6.197434926916e-11,1.522650737261e-03,1.659689303615e-01,0.000000000000e+00,0.000000000000e+00,2.813291718094e+02,2.791690673828e+02,1.197222222221e-01,1.809259259259e-01,6.780402233660e+03,5.549136665412e+04,1.090000000000e+02
5.260000000000e+02,1.033099965694e+08,1.702479858240e+01,4.160285301269e-01,1.889078612303e-07,3.612677091779e+02,1.128266592501e-03,1.229810585827e-01,-1.229431838217e-01,2.629778069182e+03,2.259089244318e+03,0.000000000000e+00,0.000000000000e+00,6.075159211627e-05,6.621923540674e-03,0.000000000000e+00,0.000000000000e+00,2.817378714273e+02,2.793969116211e+02,1.306481481481e-01,2.068518518518e-01,2.629778069182e+03,5.548951047969e+04,1.090000000000e+02
5.270000000000e+02,1.033060926991e+08,1.671002214355e+01,4.160172422118e-01,1.885684155688e-07,3.619192454572e+02,1.145016737875e-03,1.248068244283e-01,-1.247555860411e-01,2.106435772428e+03,-3.018890979741e+03,0.000000000000e+00,0.000000000000e+00,8.477882776097e-04,9.240892225946e-02,0.000000000000e+00,0.000000000000e+00,2.820509930960e+02,2.798356933594e+02,1.410185185185e-01,2.217592592592e-01,2.106435772428e+03,5.548799464802e+04,1.090000000000e+02
5.280000000000e+02,1.034025705932e+08,1.187817188473e+04,4.160085169876e-01,1.882319060875e-07,3.625674494250e+02,1.829440917457e-03,1.994090600028e-01,-1.778205722254e-01,3.539271765149e+05,-1.063450584222e+05,0.000000000000e+00,0.000000000000e+00,7.826035419953e-02,8.530378607748e+00,0.000000000000e+00,0.000000000000e+00,2.823017248297e+02,2.808309326172e+02,1.525000000000e-01,-5.266010107398e-16,3.539271765149e+05,5.548675058205e+04,1.090000000000e+02
5.290000000000e+02,1.034062241958e+08,1.983805039274e+03,4.159875211379e-01,1.878982869474e-07,3.632123609146e+02,2.212235541143e-03,2.411336739846e-01,-2.077419572414e-01,4.578621694713e+05,-1.518058000166e+04,0.000000000000e+00,0.000000000000e+00,7.688566839237e-02,8.380537854768e+00,0.000000000000e+00,0.000000000000e+00,2.828433526286e+02,2.810282287598e+02,1.636111111111e-01,7.592592592609e-03,4.578621694713e+05,5.548394168700e+04,1.090000000000e+02
5.300000000000e+02,1.033917961852e+08,3.474608226449e+01,4.159834886598e-01,1.875675148719e-07,3.638540190141e+02,2.065275623825e-03,2.251150429969e-01,-2.244121696744e-01,1.053551598552e+04,1.976424963042e+03,0.000000000000e+00,0.000000000000e+00,1.099365528723e-03,1.198308426308e-01,0.000000000000e+00,0.000000000000e+00,2.829425643498e+02,2.809876098633e+02,1.741666666666e-01,7.490740740737e-02,1.053551598552e+04,5.548340968553e+04,1.090000000000e+02
5.310000000000e+02,1.033774397348e+08,2.814812257342e+01,4.159621734686e-01,1.872395460825e-07,3.644924620852e+02,1.837339180196e-03,2.002699706414e-01,-2.001502501524e-01,6.195406319386e+03,3.251340917602e+03,0.000000000000e+00,0.000000000000e+00,4.867648208920e-04,5.305736547723e-02,0.000000000000e+00,0.000000000000e+00,2.834596666411e+02,2.814077453613e+02,1.826851851851e-01,1.117592592592e-01,6.195406319386e+03,5.548058247775e+04,1.090000000000e+02
5.320000000000e+02,1.033635370293e+08,2.294120109841e+01,4.159662631700e-01,1.869143382521e-07,3.651277277814e+02,1.663607571191e-03,1.813332252598e-01,-1.812335156482e-01,4.250694443812e+03,3.847388409086e+03,0.000000000000e+00,0.000000000000e+00,6.669186710936e-05,7.269413514921e-03,0.000000000000e+00,0.000000000000e+00,2.833596485990e+02,2.810485839844e+02,1.910185185185e-01,1.453703703704e-01,4.250694443812e+03,5.548113839384e+04,1.090000000000e+02
5.330000000000e+02,1.033524351901e+08,2.001123222041e+01,4.159508795618e-01,1.865918499663e-07,3.657598530656e+02,1.555349879200e-03,1.695331368328e-01,-1.694447982291e-01,3.190171823632e+03,1.700713839823e+03,0.000000000000e+00,0.000000000000e+00,2.465774175283e-04,2.687693851059e-02,0.000000000000e+00,0.000000000000e+00,2.837228482037e+02,2.814255371094e+02,1.992592592592e-01,1.726851851852e-01,3.190171823632e+03,5.547910103003e+04,1.090000000000e+02
5.340000000000e+02,1.033614089191e+08,2.598636961780e+01,4.159540620597e-01,1.862720404262e-07,3.663888742278e+02,1.528819798831e-03,1.666413580725e-01,-1.665471188272e-01,3.478909551482e+03,-1.821393403953e+04,0.000000000000e+00,0.000000000000e+00,3.589036067903e-03,3.912049314014e-01,0.000000000000e+00,0.000000000000e+00,2.836480971736e+02,2.815067443848e+02,2.092592592592e-01,1.613888888889e-01,3.478909551482e+03,5.547952401788e+04,1.090000000000e+02
5.350000000000e+02,1.033659830390e+08,2.399099656702e+01,4.159300434447e-01,1.859548694680e-07,3.670148269013e+02,1.625141515585e-03,1.771404251988e-01,-1.770308265285e-01,4.530226274388e+03,-1.439576734375e+04,0.000000000000e+00,0.000000000000e+00,3.130352768952e-03,3.412084518157e-01,0.000000000000e+00,0.000000000000e+00,2.842041917022e+02,2.821379394531e+02,2.193518518518e-01,1.585185185185e-01,4.530226274388e+03,5.547632072831e+04,1.090000000000e+02
5.360000000000e+02,1.033539682592e+08,2.012691221762e+01,4.159216229737e-01,1.856403000673e-07,3.676377460787e+02,1.507661109346e-03,1.643350609187e-01,-1.642447723395e-01,3.311355155202e+03,2.902871564955e+03,0.000000000000e+00,0.000000000000e+00,6.769358269995e-05,7.378600514295e-03,0.000000000000e+00,0.000000000000e+00,2.843933962121e+02,2.824451293945e+02,2.292592592592e-01,1.877777777778e-01,3.311355155202e+03,5.547520601561e+04,1.090000000000e+02
5.370000000000e+02,1.033440370220e+08,1.782165359291e+01,4.159194866870e-01,1.853282931985e-07,3.682576661282e+02,1.335589242715e-03,1.455792274559e-01,-1.455046420316e-01,2.600647243570e+03,1.859088291146e+03,0.000000000000e+00,0.000000000000e+00,1.228975953555e-04,1.339583789375e-02,0.000000000000e+00,0.000000000000e+00,2.844405971898e+02,2.823237609863e+02,2.386111111110e-01,2.125925925926e-01,2.600647243570e+03,5.547492636412e+04,1.090000000000e+02
5.380000000000e+02,1.033348741347e+08,1.601195065127e+01,4.159232183045e-01,1.850188116408e-07,3.688746208080e+02,1.221713296684e-03,1.331667493386e-01,-1.331021527057e-01,2.150415894359e+03,1.778779926566e+03,0.000000000000e+00,0.000000000000e+00,6.171604234878e-05,6.727048616017e-03,0.000000000000e+00,0.000000000000e+00,2.843555914638e+02,2.824651489258e+02,2.433333333333e-01,2.348148148148e-01,2.150415894359e+03,5.547543071432e+04,1.090000000000e+02
5.390000000000e+02,1.033260980723e+08,1.455083430391e+01,4.159186529448e-01,1.847118190148e-07,3.694886432814e+02,1.198001500318e-03,1.305821635347e-01,-1.305212518314e-01,1.810421779540e+03,1.535147978597e+03,0.000000000000e+00,0.000000000000e+00,4.580498060092e-05,4.992742885501e-03,0.000000000000e+00,0.000000000000e+00,2.844564400592e+02,2.821457519531e+02,2.500000000000e-01,2.557407407407e-01,1.810421779540e+03,5.547483213378e+04,1.090000000000e+02
5.400000000000e+02,1.033174951153e+08,1.323938411587e+01,4.159013448135e-01,1.844072795325e-07,3.700997661310e+02,1.230598939520e-03,1.341352844077e-01,-1.340750200367e-01,1.548532525624e+03,1.165080401590e+03,0.000000000000e+00,0.000000000000e+00,6.371310188828e-05,6.944728105822e-03,0.000000000000e+00,0.000000000000e+00,2.848376348242e+02,2.825447692871e+02,2.600000000000e-01,2.766666666667e-01,1.548532525624e+03,5.547253882488e+04,1.090000000000e+02
5.410000000000e+02,1.033132607537e+08,1.409643126741e+01,4.158797065362e-01,1.841051523290e-07,3.707080213723e+02,1.226346774035e-03,1.336717983698e-01,-1.336107700116e-01,1.493735118751e+03,-3.177427953382e+03,0.000000000000e+00,0.000000000000e+00,7.732272928335e-04,8.428177491886e-02,0.000000000000e+00,0.000000000000e+00,2.853055620548e+02,2.828715820313e+02,2.697222222222e-01,2.875925925926e-01,1.493735118751e+03,5.546966186234e+04,1.090000000000e+02
5.420000000000e+02,1.033522775951e+08,2.984502057277e+01,4.159079136909e-01,1.838054150364e-07,3.713134404673e+02,1.273587886148e-03,1.388210795901e-01,-1.387283390471e-01,3.285280039910e+03,-4.671254427501e+04,0.000000000000e+00,0.000000000000e+00,8.272389920869e-03,9.016905013747e-01,0.000000000000e+00,0.000000000000e+00,2.846939113415e+02,2.822342224121e+02,2.725000000000e-01,2.210185185185e-01,3.285280039910e+03,5.547340801689e+04,1.090000000000e+02
5.430000000000e+02,1.033829561048e+08,2.934876470358e+01,4.159369571054e-01,1.835080274818e-07,3.719160543375e+02,1.467515035250e-03,1.599591388423e-01,-1.598327146841e-01,6.291307755719e+03,-3.954555419908e+04,0.000000000000e+00,0.000000000000e+00,7.581427285366e-03,8.263755741049e-01,0.000000000000e+00,0.000000000000e+00,2.840454841106e+02,2.820247192383e+02,2.800925925926e-01,1.686111111111e-01,6.291307755719e+03,5.547724597153e+04,1.090000000000e+02
5.440000000000e+02,1.033731039948e+08,2.374031846772e+01,4.158964115448e-01,1.832129584746e-07,3.725158933763e+02,1.433323175625e-03,1.562322261431e-01,-1.561307359324e-01,4.520775546838e+03,1.190572647879e+03,0.000000000000e+00,0.000000000000e+00,5.507047530380e-04,6.002681808114e-02,0.000000000000e+00,0.000000000000e+00,2.849497265859e+02,2.832162170410e+02,2.900925925926e-01,1.933333333333e-01,4.520775546838e+03,5.547185401723e+04,1.090000000000e+02
5.450000000000e+02,1.033663181184e+08,2.197811418920e+01,4.158595270375e-01,1.829201748998e-07,3.731129874614e+02,1.431054103583e-03,1.559848972905e-01,-1.558915114002e-01,3.521857853503e+03,-1.861591082440e+03,0.000000000000e+00,0.000000000000e+00,8.909231831541e-04,9.711062696379e-02,0.000000000000e+00,0.000000000000e+00,2.857381633080e+02,2.837638244629e+02,2.962962962963e-01,2.110185185185e-01,3.521857853503e+03,5.546694554848e+04,1.090000000000e+02
5.460000000000e+02,1.033589360996e+08,1.927772330365e+01,4.158582443320e-01,1.826296452090e-07,3.737073659667e+02,1.384650216777e-03,1.509268736287e-01,-1.508397426684e-01,3.047151713536e+03,-9.848649402166e+02,0.000000000000e+00,0.000000000000e+00,6.672126288629e-04,7.272617654606e-02,0.000000000000e+00,0.000000000000e+00,2.857645330055e+02,2.838768920898e+02,3.003703703703e-01,2.296296296296e-01,3.047151713536e+03,5.546677889251e+04,1.090000000000e+02
5.470000000000e+02,1.033562037291e+08,2.005372592815e+01,4.158749247625e-01,1.823413383880e-07,3.742990577739e+02,1.313689359323e-03,1.431921401662e-01,-1.431101299782e-01,2.728586310752e+03,-5.205892491555e+03,0.000000000000e+00,0.000000000000e+00,1.313187795945e-03,1.431374697580e-01,0.000000000000e+00,0.000000000000e+00,2.854108658124e+02,2.833965148926e+02,3.102777777777e-01,2.390740740741e-01,2.728586310752e+03,5.546900518697e+04,1.090000000000e+02
5.480000000000e+02,1.033530261764e+08,1.800263522430e+01,4.158820375975e-01,1.820552239701e-07,3.748880912834e+02,1.308646449076e-03,1.426424629493e-01,-1.425594317808e-01,2.718070362918e+03,-4.730387172048e+03,0.000000000000e+00,0.000000000000e+00,1.232318906414e-03,1.343227607991e-01,0.000000000000e+00,0.000000000000e+00,2.852577625617e+02,2.832008056641e+02,3.188888888888e-01,2.491666666666e-01,2.718070362918e+03,5.546995818546e+04,1.090000000000e+02
5.490000000000e+02,1.033437138858e+08,1.589024807900e+01,4.158667351243e-01,1.817712726791e-07,3.754744944253e+02,1.280266521985e-03,1.395490508964e-01,-1.394757020686e-01,2.150069658468e+03,1.575489008600e+03,0.000000000000e+00,0.000000000000e+00,9.532034343409e-05,1.038991743432e-02,0.000000000000e+00,0.000000000000e+00,2.855824294920e+02,2.836847839355e+02,3.211111111110e-01,2.703703703704e-01,2.150069658468e+03,5.546792928471e+04,1.090000000000e+02
5.500000000000e+02,1.033395778507e+08,1.663135086434e+01,4.158693702151e-01,1.814894487654e-07,3.760582946704e+02,1.217485790024e-03,1.327059511127e-01,-1.326366917571e-01,1.994810615297e+03,-3.221291438448e+03,0.000000000000e+00,0.000000000000e+00,8.634566643102e-04,9.411677640981e-02,0.000000000000e+00,0.000000000000e+00,2.855261908177e+02,2.836751708984e+02,3.319444444444e-01,2.819444444444e-01,1.994810615297e+03,5.546828308029e+04,1.090000000000e+02
5.510000000000e+02,1.033394311534e+08,1.674933086644e+01,4.158772773988e-01,1.812097364070e-07,3.766395190398e+02,1.194605144734e-03,1.302119607760e-01,-1.301405765686e-01,2.147278209063e+03,-7.072260303938e+03,0.000000000000e+00,0.000000000000e+00,1.525516241162e-03,1.662812702866e-01,0.000000000000e+00,0.000000000000e+00,2.853568743465e+02,2.835539245605e+02,3.458333333332e-01,2.855555555555e-01,2.147278209063e+03,5.546934189122e+04,1.090000000000e+02
5.520000000000e+02,1.033342853672e+08,1.478155650419e+01,4.158695745090e-01,1.809321010068e-07,3.772181941154e+02,1.189810654026e-03,1.296893612888e-01,-1.296209985215e-01,1.950149117538e+03,-2.044349338633e+03,0.000000000000e+00,0.000000000000e+00,6.609415827164e-04,7.204263251608e-02,0.000000000000e+00,0.000000000000e+00,2.855205511423e+02,2.836198730469e+02,3.587962962962e-01,2.984259259259e-01,1.950149117538e+03,5.546831828982e+04,1.090000000000e+02
5.530000000000e+02,1.033354404653e+08,1.743462061951e+01,4.158830441229e-01,1.806565143165e-07,3.777943460492e+02,1.125477033544e-03,1.226769966563e-01,-1.226103574880e-01,1.949314243176e+03,-7.956388840837e+03,0.000000000000e+00,0.000000000000e+00,1.639363772462e-03,1.786906511984e-01,0.000000000000e+00,0.000000000000e+00,2.852337746745e+02,2.832793273926e+02,3.699074074073e-01,3.001851851852e-01,1.949314243176e+03,5.547010739059e+04,1.090000000000e+02
5.540000000000e+02,1.033501622354e+08,2.150484834827e+01,4.158814072988e-01,1.803829511182e-07,3.783680005730e+02,1.104533501335e-03,1.203941516455e-01,-1.203172789927e-01,2.781251539506e+03,-2.139594982452e+04,0.000000000000e+00,0.000000000000e+00,4.000076525442e-03,4.360083412732e-01,0.000000000000e+00,0.000000000000e+00,2.852696350630e+02,2.832844848633e+02,3.812037037036e-01,2.781481481481e-01,2.781251539506e+03,5.546988466451e+04,1.090000000000e+02
5.550000000000e+02,1.033543929263e+08,1.860058832093e+01,4.158925857146e-01,1.801113837376e-07,3.789391830077e+02,1.116064485833e-03,1.216510289558e-01,-1.215730460287e-01,3.045287836363e+03,-1.097460551575e+04,0.000000000000e+00,0.000000000000e+00,2.318975497136e-03,2.527683291878e-01,0.000000000000e+00,0.000000000000e+00,2.850299200303e+02,2.829555969238e+02,3.920370370369e-01,2.746296296296e-01,3.045287836363e+03,5.547136452832e+04,1.090000000000e+02
5.560000000000e+02,1.033461750044e+08,1.625363592297e+01,4.159169056286e-01,1.798417867888e-07,3.795079182718e+02,1.026644107158e-03,1.119042076803e-01,-1.118421215306e-01,2.226000901827e+03,2.013549927242e+03,0.000000000000e+00,0.000000000000e+00,3.529577771905e-05,3.847239771377e-03,0.000000000000e+00,0.000000000000e+00,2.844952101801e+02,2.824926147461e+02,4.020370370370e-01,2.929629629629e-01,2.226000901827e+03,5.547460136945e+04,1.090000000000e+02
5.570000000000e+02,1.033384980657e+08,1.481635050642e+01,4.158936074656e-01,1.795741345151e-07,3.800742308904e+02,1.003713118817e-03,1.094047299511e-01,-1.093475749972e-01,1.863432702228e+03,1.610954546479e+03,0.000000000000e+00,0.000000000000e+00,4.201929871282e-05,4.580103559697e-03,0.000000000000e+00,0.000000000000e+00,2.850065541603e+02,2.827685852051e+02,4.119444444444e-01,3.091666666667e-01,1.863432702228e+03,5.547150813350e+04,1.090000000000e+02
5.580000000000e+02,1.033307279955e+08,1.367269811776e+01,4.158654340503e-01,1.793084018709e-07,3.806381450034e+02,1.037037870041e-03,1.130371278345e-01,-1.129812440930e-01,1.608820943688e+03,1.502893085902e+03,0.000000000000e+00,0.000000000000e+00,1.781615091830e-05,1.941960450095e-03,0.000000000000e+00,0.000000000000e+00,2.856083479885e+02,2.836785278320e+02,4.212962962963e-01,3.257407407407e-01,1.608820943688e+03,5.546776647336e+04,1.090000000000e+02
5.590000000000e+02,1.033352879743e+08,1.788587939739e+01,4.158505120391e-01,1.790445642857e-07,3.811996843741e+02,1.082522427050e-03,1.179949445485e-01,-1.179308289457e-01,1.893976673430e+03,-1.110140477658e+04,0.000000000000e+00,0.000000000000e+00,2.150733072122e-03,2.344299048613e-01,0.000000000000e+00,0.000000000000e+00,2.859201459437e+02,2.839899291992e+02,4.313888888888e-01,3.214814814815e-01,1.893976673430e+03,5.546578909917e+04,1.090000000000e+02
5.600000000000e+02,1.033538486650e+08,2.217989569110e+01,4.158615838034e-01,1.787825976066e-07,3.817588723967e+02,1.112137418781e-03,1.212229786471e-01,-1.211440550834e-01,2.934823269402e+03,-2.528031453227e+04,0.000000000000e+00,0.000000000000e+00,4.668266123158e-03,5.088410074242e-01,0.000000000000e+00,0.000000000000e+00,2.856898469391e+02,2.839898071289e+02,4.416666666666e-01,2.928703703704e-01,2.934823269402e+03,5.546725152275e+04,1.090000000000e+02
5.610000000000e+02,1.033593284237e+08,1.907920468135e+01,4.158612846824e-01,1.785224780013e-07,3.823157321045e+02,1.106431156093e-03,1.206009960141e-01,-1.205230040339e-01,3.188804745600e+03,-1.216502291684e+04,0.000000000000e+00,0.000000000000e+00,2.539705490980e-03,2.768278985169e-01,0.000000000000e+00,0.000000000000e+00,2.856968299279e+02,2.841086730957e+02,4.517592592592e-01,2.868518518518e-01,3.188804745600e+03,5.546720728495e+04,1.090000000000e+02
5.620000000000e+02,1.033519131844e+08,1.673127680384e+01,4.158773577668e-01,1.782641827476e-07,3.828702861770e+02,1.069483874385e-03,1.165737423080e-01,-1.165072624773e-01,2.321581049735e+03,9.526084276285e+02,0.000000000000e+00,0.000000000000e+00,2.266215360157e-04,2.470174742571e-02,0.000000000000e+00,0.000000000000e+00,2.853563545679e+02,2.834442443848e+02,4.617592592592e-01,3.040740740741e-01,2.321581049735e+03,5.546934547069e+04,1.090000000000e+02
5.630000000000e+02,1.033688202077e+08,2.483165588192e+01,4.159066524865e-01,1.780076886677e-07,3.834225569480e+02,1.033697991546e-03,1.126730810785e-01,-1.125985619870e-01,2.955917260850e+03,-2.315315156853e+04,0.000000000000e+00,0.000000000000e+00,4.320094786624e-03,4.708903317420e-01,0.000000000000e+00,0.000000000000e+00,2.847207415514e+02,2.832254028320e+02,4.714814814814e-01,2.783333333333e-01,2.955917260850e+03,5.547324629287e+04,1.090000000000e+02
5.640000000000e+02,1.033821301495e+08,2.223454183536e+01,4.159192806878e-01,1.777529729061e-07,3.839725664120e+02,1.068998995522e-03,1.165208905119e-01,-1.164342825708e-01,4.128997642778e+03,-1.976917572971e+04,0.000000000000e+00,0.000000000000e+00,3.952641687542e-03,4.308379439421e-01,0.000000000000e+00,0.000000000000e+00,2.844419255690e+02,2.828412170410e+02,4.808333333332e-01,2.588888888889e-01,4.128997642778e+03,5.547491714947e+04,1.090000000000e+02
5.650000000000e+02,1.033733689553e+08,1.884448027531e+01,4.159350982984e-01,1.775000145423e-07,3.845203362315e+02,1.011718063771e-03,1.102772689510e-01,-1.102084224550e-01,2.919936006997e+03,2.647144175844e+03,0.000000000000e+00,0.000000000000e+00,4.516683588683e-05,4.923185111665e-03,0.000000000000e+00,0.000000000000e+00,2.840840501422e+02,2.824974670410e+02,4.894444444443e-01,2.781481481481e-01,2.919936006997e+03,5.547702352813e+04,1.090000000000e+02
5.660000000000e+02,1.033655894274e+08,1.707338271854e+01,4.159445336905e-01,1.772487913962e-07,3.850658877440e+02,9.375924357417e-04,1.021975754958e-01,-1.021379615590e-01,2.367619897792e+03,2.113036274910e+03,0.000000000000e+00,0.000000000000e+00,4.233902571657e-05,4.614953803107e-03,0.000000000000e+00,0.000000000000e+00,2.838667677080e+02,2.821470336914e+02,4.940740740740e-01,2.950925925926e-01,2.367619897792e+03,5.547827978528e+04,1.090000000000e+02
5.670000000000e+02,1.033695590830e+08,2.035809749097e+01,4.159438319362e-01,1.769992822448e-07,3.856092419683e+02,8.858013055140e-04,9.655234230103e-02,-9.649305346442e-02,2.540861928889e+03,-9.323023476877e+03,0.000000000000e+00,0.000000000000e+00,1.962977656503e-03,2.139645645588e-01,0.000000000000e+00,0.000000000000e+00,2.838830187147e+02,2.823159179688e+02,5.033333333332e-01,2.906481481481e-01,2.540861928889e+03,5.547818640046e+04,1.090000000000e+02
5.680000000000e+02,1.033715690479e+08,1.845680452209e+01,4.159337015613e-01,1.767514658085e-07,3.861504196113e+02,9.171007375398e-04,9.996398039184e-02,-9.990038116455e-02,2.862286150940e+03,-7.552305211305e+03,0.000000000000e+00,0.000000000000e+00,1.722505184895e-03,1.877530651536e-01,0.000000000000e+00,0.000000000000e+00,2.841152562677e+02,2.824949340820e+02,5.128703703703e-01,2.903703703704e-01,2.862286150940e+03,5.547684171446e+04,1.090000000000e+02
5.690000000000e+02,1.033638491782e+08,1.646429334297e+01,4.159187422169e-01,1.765053223396e-07,3.866894410740e+02,9.450104976042e-04,1.030061442389e-01,-1.029471038895e-01,2.250246625817e+03,2.008672336158e+03,0.000000000000e+00,0.000000000000e+00,4.014392234873e-05,4.375687536012e-03,0.000000000000e+00,0.000000000000e+00,2.844525267642e+02,2.828835449219e+02,5.206481481481e-01,3.065740740741e-01,2.250246625817e+03,5.547485490331e+04,1.090000000000e+02
5.700000000000e+02,1.033570926289e+08,1.546467083515e+01,4.159530454280e-01,1.762608313413e-07,3.872263264576e+02,9.020637507784e-04,9.832494883485e-02,-9.827052536716e-02,1.947861884949e+03,1.304656923150e+03,0.000000000000e+00,0.000000000000e+00,1.066853946293e-04,1.162870801459e-02,0.000000000000e+00,0.000000000000e+00,2.836669675536e+02,2.819721069336e+02,5.271296296296e-01,3.199074074074e-01,1.947861884949e+03,5.547941864126e+04,1.090000000000e+02
5.710000000000e+02,1.033508236504e+08,1.457027647309e+01,4.159604416983e-01,1.760179730141e-07,3.877610955698e+02,8.349680121594e-04,9.101151332537e-02,-9.096339102454e-02,1.768432089387e+03,1.222240127067e+03,0.000000000000e+00,0.000000000000e+00,9.060113087591e-05,9.875523265474e-03,0.000000000000e+00,0.000000000000e+00,2.834913569904e+02,2.819758911133e+02,5.333333333333e-01,3.333333333333e-01,1.768432089387e+03,5.548040637558e+04,1.090000000000e+02
5.720000000000e+02,1.033442357886e+08,1.368553715446e+01,4.159460611172e-01,1.757767279163e-07,3.882937679306e+02,8.365499602918e-04,9.118394567181e-02,-9.113734780048e-02,1.593336412271e+03,1.531525747181e+03,0.000000000000e+00,0.000000000000e+00,1.048846410138e-05,1.143242587051e-03,0.000000000000e+00,0.000000000000e+00,2.838288441790e+02,2.819118041992e+02,5.428703703703e-01,3.460185185185e-01,1.593336412271e+03,5.547849711427e+04,1.090000000000e+02
5.730000000000e+02,1.033408559430e+08,1.435422697580e+01,4.159491390069e-01,1.755370768794e-07,3.888243627774e+02,8.304916327708e-04,9.052358797201e-02,-9.047608638947e-02,1.572375414247e+03,-1.639748488568e+03,0.000000000000e+00,0.000000000000e+00,5.317093460710e-04,5.795631872174e-02,0.000000000000e+00,0.000000000000e+00,2.837573119911e+02,2.818783264160e+02,5.505555555555e-01,3.535185185185e-01,1.572375414247e+03,5.547890575948e+04,1.090000000000e+02
5.740000000000e+02,1.033372970080e+08,1.351628377267e+01,4.159596657636e-01,1.752990012919e-07,3.893528990713e+02,7.703836405859e-04,8.397181682386e-02,-8.392709170751e-02,1.587478227118e+03,-1.097395817683e+03,0.000000000000e+00,0.000000000000e+00,4.442423374131e-04,4.842241477803e-02,0.000000000000e+00,0.000000000000e+00,2.835098534009e+02,2.820270385742e+02,5.537962962962e-01,3.613888888889e-01,1.587478227118e+03,5.548030338662e+04,1.090000000000e+02
5.750000000000e+02,1.033775451509e+08,3.000272417746e+01,4.159812113829e-01,1.750624823807e-07,3.898793955022e+02,7.418734201495e-04,8.086420279630e-02,-8.080420825792e-02,3.293182279686e+03,-4.473137331025e+04,0.000000000000e+00,0.000000000000e+00,7.944413273880e-03,8.659410468529e-01,0.000000000000e+00,0.000000000000e+00,2.829872400167e+02,2.817007446289e+02,5.632407407407e-01,2.977777777778e-01,3.293182279686e+03,5.548316991566e+04,1.090000000000e+02
5.760000000000e+02,1.034106661498e+08,2.788499449810e+01,4.159811986157e-01,1.748275018686e-07,3.904038704939e+02,8.570494706689e-04,9.341839230291e-02,-9.333621329739e-02,6.099466273333e+03,-3.829967938266e+04,0.000000000000e+00,0.000000000000e+00,7.341911346982e-03,8.002683368210e-01,0.000000000000e+00,0.000000000000e+00,2.829893068879e+02,2.819637756348e+02,5.712037037036e-01,2.424074074074e-01,6.099466273333e+03,5.548315674488e+04,1.090000000000e+02
5.770000000000e+02,1.034017147177e+08,2.250294206690e+01,4.159776089440e-01,1.745940424149e-07,3.909263422093e+02,8.774958417053e-04,9.564704674588e-02,-9.557851469696e-02,4.070658594563e+03,3.648371142328e+03,0.000000000000e+00,0.000000000000e+00,6.955377107146e-05,7.581361046789e-03,0.000000000000e+00,0.000000000000e+00,2.830786730909e+02,2.817910766602e+02,5.746296296296e-01,2.623148148148e-01,4.070658594563e+03,5.548267619616e+04,1.090000000000e+02
5.780000000000e+02,1.033945276449e+08,2.017699105824e+01,4.159930239874e-01,1.743620861722e-07,3.914468285559e+02,8.310733952000e-04,9.058700007680e-02,-9.052620549585e-02,3.155390659987e+03,2.164262129413e+03,0.000000000000e+00,0.000000000000e+00,1.640465345504e-04,1.788107226599e-02,0.000000000000e+00,0.000000000000e+00,2.826941397717e+02,2.815087585449e+02,5.832407407407e-01,2.775000000000e-01,3.155390659987e+03,5.548472647739e+04,1.090000000000e+02
5.790000000000e+02,1.034424732094e+08,4.124623134923e+01,4.160022014628e-01,1.741316158042e-07,3.919653471898e+02,8.472566538235e-04,9.235097526677e-02,-9.227314389729e-02,5.498180251614e+03,-5.306543522559e+04,0.000000000000e+00,0.000000000000e+00,9.687469369778e-03,1.055934161306e+00,0.000000000000e+00,0.000000000000e+00,2.824589679792e+02,2.814277343750e+02,5.908333333333e-01,1.935185185185e-01,5.498180251614e+03,5.548594243817e+04,1.090000000000e+02
5.800000000000e+02,1.034775885044e+08,4.462587142100e+01,4.160047723658e-01,1.739026144801e-07,3.924819155214e+02,1.122636048720e-03,1.223673293105e-01,-1.221686882612e-01,1.327553524390e+04,-4.189408794318e+04,0.000000000000e+00,0.000000000000e+00,9.124326237019e-03,9.945515598351e-01,0.000000000000e+00,0.000000000000e+00,2.823952600056e+02,2.813230285645e+02,5.940740740740e-01,1.292592592592e-01,1.327553524390e+04,5.548626406630e+04,1.090000000000e+02
5.810000000000e+02,1.034676677001e+08,3.701629678899e+01,4.160188173416e-01,1.736750654027e-07,3.929965507194e+02,1.089093421644e-03,1.187111829592e-01,-1.186107411858e-01,9.084912337718e+03,3.339345348825e+03,0.000000000000e+00,0.000000000000e+00,9.496269351568e-04,1.035093359321e-01,0.000000000000e+00,0.000000000000e+00,2.820219207781e+02,2.810931091309e+02,6.028703703703e-01,1.545370370370e-01,9.084912337718e+03,5.548813732894e+04,1.090000000000e+02
5.820000000000e+02,1.034708653612e+08,3.775725161240e+01,4.160232250317e-01,1.734489519327e-07,3.935092697157e+02,1.011120831667e-03,1.102121706517e-01,-1.101224744718e-01,8.162964939771e+03,-9.308260869396e+03,0.000000000000e+00,0.000000000000e+00,2.889580561389e-03,3.149642811914e-01,0.000000000000e+00,0.000000000000e+00,2.819017648216e+02,2.810392150879e+02,6.081481481481e-01,1.512962962963e-01,8.162964939771e+03,5.548872429433e+04,1.090000000000e+02
5.830000000000e+02,1.035124735490e+08,3.274355093314e+03,4.160362551178e-01,1.732242576197e-07,3.940200892096e+02,1.072150241016e-03,1.168643762707e-01,-1.151434838328e-01,2.627779719912e+04,-4.799751757680e+04,0.000000000000e+00,0.000000000000e+00,1.283109848302e-02,1.398589734649e+00,0.000000000000e+00,0.000000000000e+00,2.815398529417e+02,2.811347045898e+02,6.132407407406e-01,4.935185185191e-02,2.627779719912e+04,5.549044441962e+04,1.090000000000e+02
5.840000000000e+02,1.035285311921e+08,3.429491291709e+03,4.160279553307e-01,1.730009677238e-07,3.945290256725e+02,1.210769769158e-03,1.319739048382e-01,-1.237507692411e-01,8.773101694592e+04,-2.292463622111e+04,0.000000000000e+00,0.000000000000e+00,1.839608272844e-02,2.005173017400e+00,0.000000000000e+00,0.000000000000e+00,2.817788150389e+02,2.814194335938e+02,6.199074074073e-01,1.916666666670e-02,8.773101694592e+04,5.548932138338e+04,1.090000000000e+02
5.850000000000e+02,1.035287034430e+08,4.424014402061e+02,4.160500735032e-01,1.727790659506e-07,3.950360953516e+02,1.228375160172e-03,1.338928924587e-01,-1.290523847501e-01,4.519515308420e+04,-7.333522958102e+03,0.000000000000e+00,0.000000000000e+00,8.235191913594e-03,8.976359185818e-01,0.000000000000e+00,0.000000000000e+00,2.811427739752e+02,2.805650024414e+02,6.236111111110e-01,3.453703703705e-02,4.519515308420e+04,5.549225901669e+04,1.090000000000e+02
5.860000000000e+02,1.035193190011e+08,4.570350930606e+01,4.160518446040e-01,1.725585368263e-07,3.955413142746e+02,1.088711703132e-03,1.186695756413e-01,-1.184244546621e-01,1.100603964582e+04,2.812734587728e+03,0.000000000000e+00,0.000000000000e+00,1.291220061216e-03,1.407429866725e-01,0.000000000000e+00,0.000000000000e+00,2.810873219177e+02,2.805459594727e+02,6.303703703703e-01,7.046296296295e-02,1.100603964582e+04,5.549250384674e+04,1.090000000000e+02
5.870000000000e+02,1.035197965066e+08,1.172378229388e+02,4.160584276291e-01,1.723393648653e-07,3.960446982534e+02,1.070855825086e-03,1.167232849344e-01,-1.165883418238e-01,9.876676945112e+03,-6.947383121935e+03,0.000000000000e+00,0.000000000000e+00,2.794474945909e-03,3.045977691040e-01,0.000000000000e+00,0.000000000000e+00,2.808846338494e+02,2.801643371582e+02,6.336111111110e-01,7.046296296295e-02,9.876676945112e+03,5.549338403359e+04,1.090000000000e+02
5.880000000000e+02,1.035164406548e+08,4.086117543443e+01,4.160522868885e-01,1.721215353720e-07,3.965462628881e+02,1.131636615222e-03,1.233483910592e-01,-1.231199932392e-01,1.119535017391e+04,-3.476512293895e+03,0.000000000000e+00,0.000000000000e+00,2.415061024614e-03,2.632416516830e-01,0.000000000000e+00,0.000000000000e+00,2.810719752634e+02,2.803503723145e+02,6.395370370369e-01,8.148148148146e-02,1.119535017391e+04,5.549256938511e+04,1.090000000000e+02
5.890000000000e+02,1.035040047516e+08,3.523590316502e+01,4.160660087804e-01,1.719050342810e-07,3.970460235708e+02,9.619408416163e-04,1.048515517362e-01,-1.047744378599e-01,8.479636093670e+03,6.621565906774e+03,0.000000000000e+00,0.000000000000e+00,3.069533421050e-04,3.345791428944e-02,0.000000000000e+00,0.000000000000e+00,2.806433953671e+02,2.799125366211e+02,6.433333333332e-01,1.110185185185e-01,8.479636093670e+03,5.549440355897e+04,1.090000000000e+02
5.900000000000e+02,1.034937984650e+08,3.152066972240e+01,4.160656442210e-01,1.716898466722e-07,3.975439954896e+02,7.969058831334e-04,8.686274126154e-02,-8.680233511816e-02,6.780371156611e+03,5.389206171602e+03,0.000000000000e+00,0.000000000000e+00,2.299217703508e-04,2.506147296824e-02,0.000000000000e+00,0.000000000000e+00,2.806540087473e+02,2.800462036133e+02,6.470370370370e-01,1.322222222222e-01,6.780371156611e+03,5.549435971778e+04,1.090000000000e+02
5.910000000000e+02,1.034872837698e+08,2.955657175786e+01,4.160808944128e-01,1.714759582909e-07,3.980401936320e+02,7.428099431108e-04,8.096628379908e-02,-8.091133917912e-02,5.815913006971e+03,2.024453438927e+03,0.000000000000e+00,0.000000000000e+00,6.269643293433e-04,6.833911189842e-02,0.000000000000e+00,0.000000000000e+00,2.801453710103e+02,2.794725646973e+02,6.519444444444e-01,1.462962962963e-01,5.815913006971e+03,5.549639314019e+04,1.090000000000e+02
5.920000000000e+02,1.035025733063e+08,3.862250445825e+01,4.160910758487e-01,1.712633593569e-07,3.985346327887e+02,7.290155428250e-04,7.946269416793e-02,-7.940419345746e-02,6.734665892289e+03,-1.969625864055e+04,0.000000000000e+00,0.000000000000e+00,4.371359364591e-03,4.764781707405e-01,0.000000000000e+00,0.000000000000e+00,2.797814484979e+02,2.790285949707e+02,6.541666666666e-01,1.184259259259e-01,6.734665892289e+03,5.549774599035e+04,1.090000000000e+02
5.930000000000e+02,1.035114038017e+08,3.989155129474e+01,4.161012861971e-01,1.710520384878e-07,3.990273275571e+02,7.859814216863e-04,8.567197496381e-02,-8.560119711926e-02,9.939462882122e+03,-1.358126027635e+04,0.000000000000e+00,0.000000000000e+00,3.889022056441e-03,4.239034041521e-01,0.000000000000e+00,0.000000000000e+00,2.793910304698e+02,2.787380981445e+02,6.601851851852e-01,1.017592592592e-01,9.939462882122e+03,5.549909985569e+04,1.090000000000e+02
5.940000000000e+02,1.035174455062e+08,8.010744762753e+01,4.161084096867e-01,1.708419652101e-07,3.995182923445e+02,7.897632950457e-04,8.608419915998e-02,-8.601161328936e-02,9.687920854415e+03,-1.081533223388e+04,0.000000000000e+00,0.000000000000e+00,3.396577371715e-03,3.702269335170e-01,0.000000000000e+00,0.000000000000e+00,2.790971985991e+02,2.783651733398e+02,6.622222222222e-01,8.749999999998e-02,9.687920854415e+03,5.550004851834e+04,1.090000000000e+02
5.950000000000e+02,1.035188949671e+08,4.138329079676e+01,4.161191854497e-01,1.706331357743e-07,4.000075413717e+02,8.070265022354e-04,8.796588874366e-02,-8.763865749506e-02,1.258421824075e+04,-6.313492756234e+03,0.000000000000e+00,0.000000000000e+00,3.120414009066e-03,3.401251269881e-01,0.000000000000e+00,0.000000000000e+00,2.786122818407e+02,2.781217346191e+02,6.640740740740e-01,8.833333333332e-02,1.258421824075e+04,5.550148252375e+04,1.090000000000e+02
5.960000000000e+02,1.035067470403e+08,3.531012450025e+01,4.161259221904e-01,1.704255378124e-07,4.004950886762e+02,6.892317383121e-04,7.512625947601e-02,-7.506895662883e-02,8.446494845565e+03,7.981442015452e+03,0.000000000000e+00,0.000000000000e+00,7.639226064440e-05,8.326756410239e-03,0.000000000000e+00,0.000000000000e+00,2.782727841091e+02,2.777251586914e+02,6.681481481481e-01,1.175000000000e-01,8.446494845565e+03,5.550238308768e+04,1.090000000000e+02
5.970000000000e+02,1.034999276780e+08,3.326872267064e+01,4.161180071807e-01,1.702191582272e-07,4.009809481155e+02,6.765029128069e-04,7.373881749595e-02,-7.368539916218e-02,7.070322138689e+03,2.729670948074e+03,0.000000000000e+00,0.000000000000e+00,7.176507725543e-04,7.822393420842e-02,0.000000000000e+00,0.000000000000e+00,2.786660994654e+02,2.779897155762e+02,6.712037037037e-01,1.323148148148e-01,7.070322138689e+03,5.550133214631e+04,1.090000000000e+02
5.980000000000e+02,1.034943202994e+08,3.085755265631e+01,4.161269894001e-01,1.700139842759e-07,4.014651333701e+02,6.843516367864e-04,7.459432840971e-02,-7.454187698870e-02,6.395370122342e+03,1.470142962519e+03,0.000000000000e+00,0.000000000000e+00,8.142074491731e-04,8.874861195987e-02,0.000000000000e+00,0.000000000000e+00,2.782142941175e+02,2.776170043945e+02,6.719444444444e-01,1.435185185185e-01,6.395370122342e+03,5.550252891683e+04,1.090000000000e+02
5.990000000000e+02,1.034921331797e+08,3.077207503976e+01,4.161308993097e-01,1.698100122420e-07,4.019476579466e+02,6.342485837162e-04,6.913309562506e-02,-6.908563889106e-02,5.893042645624e+03,-1.647335317605e+03,0.000000000000e+00,0.000000000000e+00,1.246802529829e-03,1.359014757513e-01,0.000000000000e+00,0.000000000000e+00,2.779978076514e+02,2.773967285156e+02,6.734259259259e-01,1.487962962963e-01,5.893042645624e+03,5.550304694232e+04,1.090000000000e+02
6.000000000000e+02,1.034893943879e+08,2.941863886299e+01,4.161296991028e-01,1.696072139199e-07,4.024285351809e+02,5.893248087667e-04,6.423640415556e-02,-6.419267884317e-02,5.845447591591e+03,-8.241033166238e+02,0.000000000000e+00,0.000000000000e+00,1.102612723862e-03,1.201847869010e-01,0.000000000000e+00,0.000000000000e+00,2.780666454016e+02,2.774201660156e+02,6.743518518518e-01,1.554629629629e-01,5.845447591591e+03,5.550288663549e+04,1.090000000000e+02
6.010000000000e+02,1.035177942537e+08,1.147274868589e+02,4.161342405321e-01,1.694055843296e-07,4.029077782407e+02,5.850589815800e-04,6.377142899223e-02,-6.372149425778e-02,7.757725381644e+03,-3.193661602512e+04,0.000000000000e+00,0.000000000000e+00,6.575765577570e-03,7.167584479552e-01,0.000000000000e+00,0.000000000000e+00,2.777994500513e+02,2.773899841309e+02,6.771296296296e-01,9.611111111109e-02,7.757725381644e+03,5.550348774401e+04,1.090000000000e+02
6.020000000000e+02,1.035337360405e+08,5.550574888969e+02,4.161322157922e-01,1.692051088899e-07,4.033854001290e+02,6.792068760002e-04,7.403354948403e-02,-7.287063651461e-02,2.361601362597e+04,-1.998636641197e+04,0.000000000000e+00,0.000000000000e+00,7.290604621466e-03,7.946759037398e-01,0.000000000000e+00,0.000000000000e+00,2.779243343704e+02,2.776781311035e+02,6.792592592592e-01,5.574074074077e-02,2.361601362597e+04,5.550321295114e+04,1.090000000000e+02
6.030000000000e+02,1.035271907964e+08,7.844237317305e+01,4.161454915900e-01,1.690057781250e-07,4.038614136862e+02,6.582505646659e-04,7.174931154859e-02,-7.146890481845e-02,1.201232418735e+04,2.578420170099e+03,0.000000000000e+00,0.000000000000e+00,1.483132812825e-03,1.616614765980e-01,0.000000000000e+00,0.000000000000e+00,2.769756126892e+02,2.766098327637e+02,6.813888888888e-01,8.185185185184e-02,1.201232418735e+04,5.550498238943e+04,1.090000000000e+02
6.040000000000e+02,1.035174963233e+08,3.583477026457e+01,4.161473974395e-01,1.688075802281e-07,4.043358315935e+02,6.009407842086e-04,6.550254547873e-02,-6.544760597765e-02,8.440308502881e+03,6.061791474963e+03,0.000000000000e+00,0.000000000000e+00,3.866008109664e-04,4.213948839533e-02,0.000000000000e+00,0.000000000000e+00,2.767913584521e+02,2.765415649414e+02,6.822222222222e-01,1.064814814814e-01,8.440308502881e+03,5.550523796900e+04,1.090000000000e+02
6.050000000000e+02,1.035078494954e+08,3.256669465301e+01,4.161481228909e-01,1.686105037478e-07,4.048086663751e+02,5.414588296297e-04,5.901901242964e-02,-5.897758145246e-02,7.089708823032e+03,6.373256770151e+03,0.000000000000e+00,0.000000000000e+00,1.182599188249e-04,1.289033115191e-02,0.000000000000e+00,0.000000000000e+00,2.767155472396e+02,2.764434814453e+02,6.823148148148e-01,1.263888888888e-01,7.089708823032e+03,5.550533542501e+04,1.090000000000e+02
6.060000000000e+02,1.035072332652e+08,3.390462108781e+01,4.161528100683e-01,1.684145462248e-07,4.052799304013e+02,4.764908510407e-04,5.193750276343e-02,-5.190125756180e-02,6.624238168180e+03,-2.264582789953e+03,0.000000000000e+00,0.000000000000e+00,1.469748964238e-03,1.602026371019e-01,0.000000000000e+00,0.000000000000e+00,2.760658647946e+02,2.759356079102e+02,6.824074074074e-01,1.281481481481e-01,6.624238168180e+03,5.550595570407e+04,1.090000000000e+02
6.070000000000e+02,1.035302382745e+08,8.275666593372e+02,4.161544563100e-01,1.682196864031e-07,4.057496358904e+02,5.044167312883e-04,5.498142371043e-02,-5.481499462467e-02,1.050307368333e+04,-2.604756830857e+04,0.000000000000e+00,0.000000000000e+00,6.173970596992e-03,6.729627950722e-01,0.000000000000e+00,0.000000000000e+00,2.755435250132e+02,2.754302673340e+02,6.824074074074e-01,7.074074074077e-02,1.050307368333e+04,5.550617139221e+04,1.090000000000e+02
6.080000000000e+02,1.035349709429e+08,1.706664332235e+02,4.161535061027e-01,1.680259066952e-07,4.062177949121e+02,5.935186824524e-04,6.469353638732e-02,-6.376748180137e-02,2.100497729664e+04,-8.272155800330e+03,0.000000000000e+00,0.000000000000e+00,4.738979797921e-03,5.165487979734e-01,0.000000000000e+00,0.000000000000e+00,2.759108515761e+02,2.757243041992e+02,6.819444444444e-01,6.518518518518e-02,2.100497729664e+04,5.550604478029e+04,1.090000000000e+02
6.090000000000e+02,1.035284840203e+08,8.184581631626e+01,4.161544481385e-01,1.678332039876e-07,4.066844193893e+02,5.426056747691e-04,5.914401854983e-02,-5.904273506453e-02,9.475334260400e+03,3.209689397897e+03,0.000000000000e+00,0.000000000000e+00,1.021863396118e-03,1.113831101769e-01,0.000000000000e+00,0.000000000000e+00,2.755561166432e+02,2.753952331543e+02,6.809259259259e-01,8.518518518517e-02,9.475334260400e+03,5.550617028236e+04,1.090000000000e+02
6.100000000000e+02,1.035225095899e+08,3.689085572663e+01,4.161537524182e-01,1.676415636906e-07,4.071495211007e+02,4.722999441895e-04,5.148069391666e-02,-5.142532978168e-02,8.829271295951e+03,3.120009643709e+03,0.000000000000e+00,0.000000000000e+00,9.367304984215e-04,1.021036243279e-01,0.000000000000e+00,0.000000000000e+00,2.758422492011e+02,2.759801940918e+02,6.794444444444e-01,9.990740740738e-02,8.829271295951e+03,5.550607949645e+04,1.090000000000e+02
6.110000000000e+02,1.035123657605e+08,3.337237236284e+01,4.161538751260e-01,1.674509834230e-07,4.076131116832e+02,4.652915739260e-04,5.071678155794e-02,-5.068052058539e-02,7.401559000172e+03,7.330751170378e+03,0.000000000000e+00,0.000000000000e+00,1.145446462450e-05,1.248536644071e-03,0.000000000000e+00,0.000000000000e+00,2.758049610417e+02,2.755638122559e+02,6.785185185185e-01,1.215740740740e-01,7.401559000172e+03,5.550609604424e+04,1.090000000000e+02
6.120000000000e+02,1.035045747285e+08,3.095262333488e+01,4.161545640576e-01,1.672614486061e-07,4.080752026345e+02,4.314046160483e-04,4.702310314927e-02,-4.699039237057e-02,6.328457363007e+03,5.182775201117e+03,0.000000000000e+00,0.000000000000e+00,1.892636572148e-04,2.062973863642e-02,0.000000000000e+00,0.000000000000e+00,2.752955089415e+02,2.752113037109e+02,6.775925925925e-01,1.368518518518e-01,6.328457363007e+03,5.550618657978e+04,1.090000000000e+02
6.130000000000e+02,1.035011081378e+08,3.057953079385e+01,4.161546008633e-01,1.670729569094e-07,4.085358053146e+02,3.902820507224e-04,4.254074352874e-02,-4.251150141524e-02,5.910653484660e+03,1.106940035135e+03,0.000000000000e+00,0.000000000000e+00,7.941859391451e-04,8.656626736682e-02,0.000000000000e+00,0.000000000000e+00,2.753631837365e+02,2.754689636230e+02,6.762962962963e-01,1.431481481481e-01,5.910653484660e+03,5.550618900481e+04,1.090000000000e+02
6.140000000000e+02,1.034993823827e+08,3.025970665529e+01,4.161543175879e-01,1.668855782180e-07,4.089949309491e+02,3.684970851515e-04,4.016618228152e-02,-4.013812208924e-02,5.884170821963e+03,-5.021589530490e+02,0.000000000000e+00,0.000000000000e+00,1.055766227594e-03,1.150785188077e-01,0.000000000000e+00,0.000000000000e+00,2.749840607240e+02,2.750495300293e+02,6.747222222222e-01,1.467592592592e-01,5.884170821963e+03,5.550611832816e+04,1.090000000000e+02
6.150000000000e+02,1.034946081676e+08,2.845048758024e+01,4.161519598590e-01,1.666991345884e-07,4.094525906304e+02,3.267442478469e-04,3.561512301531e-02,-3.559057855711e-02,5.547932818789e+03,2.798724003065e+03,0.000000000000e+00,0.000000000000e+00,4.543290016244e-04,4.952186117706e-02,0.000000000000e+00,0.000000000000e+00,2.744744494580e+02,2.745464477539e+02,6.730555555555e-01,1.557407407407e-01,5.547932818789e+03,5.550579733339e+04,1.090000000000e+02
6.160000000000e+02,1.034915158559e+08,2.804807229554e+01,4.161475552962e-01,1.665136810343e-07,4.099087953203e+02,2.954339359160e-04,3.220229901484e-02,-3.218058340978e-02,5.109032278052e+03,1.306111938187e+03,0.000000000000e+00,0.000000000000e+00,6.287050392574e-04,6.852884927906e-02,0.000000000000e+00,0.000000000000e+00,2.739643921247e+02,2.740815124512e+02,6.712037037037e-01,1.611111111111e-01,5.109032278052e+03,5.550520837502e+04,1.090000000000e+02
6.170000000000e+02,1.034881270629e+08,2.696845193650e+01,4.161487045375e-01,1.663291880719e-07,4.103635558523e+02,2.619435364898e-04,2.855184547739e-02,-2.853292153054e-02,4.984821462660e+03,1.805064560162e+03,0.000000000000e+00,0.000000000000e+00,5.255685378509e-04,5.728697062575e-02,0.000000000000e+00,0.000000000000e+00,2.740857244443e+02,2.743074951172e+02,6.662037037037e-01,1.676851851852e-01,4.984821462660e+03,5.550537337914e+04,1.090000000000e+02
6.180000000000e+02,1.034824501028e+08,2.612386517749e+01,2.810930695769e+03,4.646092056889e-03,1.000000000000e+02,1.872464130756e-04,2.040985902524e-02,-2.373488897486e-02,4.625816311683e+03,4.359546300972e+03,1.669858898987e-05,1.820146199895e-03,2.732335170336e-05,2.978245335666e-03,4.505928157630e-04,4.911461691816e-02,2.741631320028e+02,2.743923034668e+02,6.607407407407e-01,1.775000000000e-01,4.625816311683e+03,5.550547032803e+04,1.090000000000e+02
6.190000000000e+02,1.034775853541e+08,2.541525478741e+01,9.539759086348e+03,1.576809148221e-02,1.000000000000e+02,-4.954789554945e-05,-5.400720614890e-03,-1.216713592033e-02,4.410490039751e+03,4.189408289658e+03,3.657229066340e-05,3.986379682311e-03,0.000000000000e+00,0.000000000000e+00,9.874518479119e-04,1.076322514224e-01,2.738020849389e+02,2.744028015137e+02,6.546296296296e-01,1.861111111111e-01,4.410490039751e+03,5.550496414280e+04,1.090000000000e+02
6.200000000000e+02,1.034735334885e+08,2.396819340680e+01,1.965976733735e+04,3.171383013283e-02,1.024005898193e+02,-3.031827864394e-04,-3.304692372189e-02,-1.113440834301e-03,4.104227405178e+03,3.990063700375e+03,1.865638337104e-05,2.033545787444e-03,0.000000000000e+00,0.000000000000e+00,1.378012810419e-03,1.502033963357e-01,2.732200903868e+02,2.738864746094e+02,2.657407407407e-02,1.938888888889e-01,4.104227405178e+03,5.550384992267e+04,1.090000000000e+02
6.210000000000e+02,1.034696855546e+08,2.482531663793e+01,3.125815277265e+04,4.640282785576e-02,1.111720033589e+02,-3.434829833787e-04,-3.743964518828e-02,-1.604546833042e-04,3.838170973630e+03,3.839028096869e+03,0.000000000000e+00,0.000000000000e+00,0.000000000000e+00,0.000000000000e+00,1.572160484166e-03,1.713654927741e-01,2.732094026883e+02,2.735253601074e+02,0.000000000000e+00,2.008333333333e-01,3.838170973630e+03,5.550382735426e+04,1.090000000000e+02
6.220000000000e+02,1.034659790049e+08,2.406969857919e+01,4.226759684733e+04,5.832617977422e-02,1.196567449853e+02,-3.672867244798e-04,-4.003425296830e-02,0.000000000000e+00,3.707306597692e+03,3.706550979645e+03,0.000000000000e+00,0.000000000000e+00,0.000000000000e+00,0.000000000000e+00,1.452480381168e-03,1.583203615473e-01,2.732115669400e+02,2.733212890625e+02,0.000000000000e+00,2.077777777778e-01,3.707306597692e+03,5.550383221247e+04,1.090000000000e+02
6.230000000000e+02,1.034623887483e+08,2.382832673973e+01,5.213229272023e+04,6.782914508430e-02,1.269550648649e+02,-3.730189441840e-04,-4.065906491606e-02,0.000000000000e+00,3.590498943626e+03,3.590257571801e+03,0.000000000000e+00,0.000000000000e+00,0.000000000000e+00,0.000000000000e+00,1.257526991619e-03,1.370704420865e-01,2.732092509069e+02,2.729063110352e+02,0.000000000000e+00,2.150000000000e-01,3.590498943626e+03,5.550382701341e+04,1.090000000000e+02
6.240000000000e+02,1.034588928820e+08,2.362799550438e+01,6.275313685175e+04,7.798291278715e-02,1.329511915813e+02,-3.681128751890e-04,-4.012430339560e-02,0.000000000000e+00,3.496067540045e+03,3.495867208815e+03,0.000000000000e+00,0.000000000000e+00,0.000000000000e+00,0.000000000000e+00,1.387421013662e-03,1.512288904892e-01,2.732067349657e+02,2.722380981445e+02,0.000000000000e+00,2.216666666667e-01,3.496067540045e+03,5.550382135823e+04,1.090000000000e+02
6.250000000000e+02,1.034554892586e+08,2.334463111825e+01,7.342298425078e+04,8.776150699452e-02,1.382416405524e+02,-3.614321494273e-04,-3.939610428757e-02,0.000000000000e+00,3.403906848999e+03,3.403623484603e+03,0.000000000000e+00,0.000000000000e+00,0.000000000000e+00,0.000000000000e+00,1.402204138443e-03,1.528402510903e-01,2.732050886689e+02,2.720433349609e+02,0.000000000000e+00,2.293518518518e-01,3.403906848999e+03,5.550381765312e+04,1.090000000000e+02
6.260000000000e+02,1.034521568840e+08,2.331414831891e+01,8.369029601551e+04,9.650524190480e-02,1.433073074978e+02,-3.560923548002e-04,-3.881406667322e-02,0.000000000000e+00,3.332405013448e+03,3.332374530654e+03,0.000000000000e+00,0.000000000000e+00,0.000000000000e+00,0.000000000000e+00,1.341010433665e-03,1.461701372695e-01,2.732007458964e+02,2.718146057129e+02,0.000000000000e+00,2.358333333333e-01,3.332405013448e+03,5.550380786700e+04,1.090000000000e+02
6.270000000000e+02,1.034488954523e+08,2.346050171739e+01,9.399020115787e+04,1.050898250404e-01,1.478050810024e+02,-3.646784751778e-04,-3.974995379438e-02,0.000000000000e+00,3.261285589973e+03,3.261431943363e+03,0.000000000000e+00,0.000000000000e+00,0.000000000000e+00,0.000000000000e+00,1.337812216110e-03,1.458215315560e-01,2.731950076006e+02,2.714259948730e+02,0.000000000000e+00,2.428703703704e-01,3.261285589973e+03,5.550379490410e+04,1.090000000000e+02
6.280000000000e+02,1.034456983273e+08,2.364785253855e+01,1.060641617176e+05,1.159592597918e-01,1.511639393191e+02,-3.670907974219e-04,-4.001289691899e-02,0.000000000000e+00,3.196938574558e+03,3.197125925387e+03,0.000000000000e+00,0.000000000000e+00,0.000000000000e+00,0.000000000000e+00,1.628637302700e-03,1.775214659943e-01,2.731894708346e+02,2.707429199219e+02,0.000000000000e+00,2.504629629630e-01,3.196938574558e+03,5.550378236154e+04,1.090000000000e+02
6.290000000000e+02,1.034425562029e+08,2.370539201023e+01,1.189711930318e+05,1.276986258356e-01,1.539762313882e+02,-3.552396837729e-04,-3.872112553125e-02,0.000000000000e+00,3.142067476987e+03,3.142125016469e+03,0.000000000000e+00,0.000000000000e+00,0.000000000000e+00,0.000000000000e+00,1.778172348674e-03,1.938207860055e-01,2.731860158697e+02,2.704045104980e+02,0.000000000000e+00,2.574074074074e-01,3.142067476987e+03,5.550377451770e+04,1.090000000000e+02
6.300000000000e+02,1.034394715573e+08,2.383046293468e+01,1.319091150494e+05,1.389497707082e-01,1.569006364232e+02,-3.606216534777e-04,-3.930776022907e-02,0.000000000000e+00,3.084520885866e+03,3.084645956789e+03,0.000000000000e+00,0.000000000000e+00,0.000000000000e+00,0.000000000000e+00,1.777911938072e-03,1.937924012498e-01,2.731828580521e+02,2.700735168457e+02,0.000000000000e+00,2.645370370370e-01,3.084520885866e+03,5.550376733716e+04,1.090000000000e+02
6.310000000000e+02,1.034364314787e+08,2.425038268089e+01,1.456100813523e+05,1.507093519165e-01,1.596858816380e+02,-3.584856413656e-04,-3.907493490885e-02,0.000000000000e+00,3.039658971969e+03,3.040078891713e+03,0.000000000000e+00,0.000000000000e+00,0.000000000000e+00,0.000000000000e+00,1.906175441418e-03,2.077731231145e-01,2.731776797551e+02,2.694647521973e+02,0.000000000000e+00,2.711111111111e-01,3.039658971969e+03,5.550375553787e+04,1.090000000000e+02
6.320000000000e+02,1.034334307474e+08,2.505322347495e+01,1.568335225754e+05,1.582170824756e-01,1.638348092165e+02,-3.439495337503e-04,-3.749049917878e-02,0.000000000000e+00,2.999927468030e+03,3.000730308831e+03,0.000000000000e+00,0.000000000000e+00,0.000000000000e+00,0.000000000000e+00,1.511200519027e-03,1.647208565739e-01,2.731702549068e+02,2.685157775879e+02,0.000000000000e+00,2.792592592592e-01,2.999927468030e+03,5.550373856696e+04,1.090000000000e+02
6.330000000000e+02,1.034304642069e+08,2.576666005254e+01,1.669393202286e+05,1.648877022211e-01,1.673382409881e+02,-3.248918990262e-04,-3.541321699385e-02,0.000000000000e+00,2.965827245598e+03,2.966540682180e+03,0.000000000000e+00,0.000000000000e+00,0.000000000000e+00,0.000000000000e+00,1.345520234561e-03,1.466617055671e-01,2.731643150799e+02,2.681567382813e+02,0.000000000000e+00,2.856481481481e-01,2.965827245598e+03,5.550372494532e+04,1.090000000000e+02
6.340000000000e+02,1.034275353807e+08,2.653025996350e+01,1.793063292919e+05,1.745526504611e-01,1.697843435209e+02,-3.171290062345e-04,-3.456706167956e-02,0.000000000000e+00,2.928062519247e+03,2.928826119157e+03,0.000000000000e+00,0.000000000000e+00,0.000000000000e+00,0.000000000000e+00,1.727044064310e-03,1.882478030098e-01,2.731583893894e+02,2.678457641602e+02,0.000000000000e+00,2.935185185185e-01,2.928062519247e+03,5.550371131674e+04,1.090000000000e+02
6.350000000000e+02,1.034246391318e+08,2.765258913369e+01,1.916491935477e+05,1.838614226445e-01,1.722851555651e+02,-3.123281151974e-04,-3.404376455652e-02,0.000000000000e+00,2.895126009630e+03,2.896248338803e+03,0.000000000000e+00,0.000000000000e+00,0.000000000000e+00,0.000000000000e+00,1.727856678609e-03,1.883363779684e-01,2.731511064341e+02,2.672311096191e+02,0.000000000000e+00,3.012962962963e-01,2.895126009630e+03,5.550369451327e+04,1.090000000000e+02
6.360000000000e+02,1.034217714402e+08,2.863412834313e+01,2.021533393487e+05,1.906520947936e-01,1.752561045631e+02,-3.056138241509e-04,-3.331190683245e-02,0.000000000000e+00,2.866710730603e+03,2.867692269827e+03,0.000000000000e+00,0.000000000000e+00,0.000000000000e+00,0.000000000000e+00,1.430644110719e-03,1.559402080684e-01,2.731456781884e+02,2.670113830566e+02,0.000000000000e+00,3.092592592592e-01,2.866710730603e+03,5.550368195032e+04,1.090000000000e+02
6.370000000000e+02,1.034189278768e+08,2.942929890563e+01,2.127370339275e+05,1.970605117815e-01,1.784346842180e+02,-3.016362777065e-04,-3.287835427001e-02,0.000000000000e+00,2.842768410787e+03,2.843563581339e+03,0.000000000000e+00,0.000000000000e+00,0.000000000000e+00,0.000000000000e+00,1.447769442382e-03,1.578068692196e-01,2.731417183407e+02,2.674907226562e+02,0.000000000000e+00,3.156481481481e-01,2.842768410787e+03,5.550367276453e+04,1.090000000000e+02
6.380000000000e+02,1.034161038757e+08,3.044492478429e+01,2.240561509442e+05,2.047126447600e-01,1.809046376107e+02,-3.074665495482e-04,-3.351385390076e-02,0.000000000000e+00,2.822985718312e+03,2.824001344190e+03,0.000000000000e+00,0.000000000000e+00,0.000000000000e+00,0.000000000000e+00,1.563500058046e-03,1.704215063270e-01,2.731371137824e+02,2.673902587891e+02,0.000000000000e+00,3.234259259259e-01,2.822985718312e+03,5.550366206084e+04,1.090000000000e+02
6.390000000000e+02,1.034133035574e+08,3.161297419016e+01,2.341286360214e+05,2.113518711577e-01,1.830995781324e+02,-2.959981346558e-04,-3.226379667749e-02,0.000000000000e+00,2.799149326460e+03,2.800317375870e+03,0.000000000000e+00,0.000000000000e+00,0.000000000000e+00,0.000000000000e+00,1.368911635027e-03,1.492113682179e-01,2.731321955994e+02,2.672338867188e+02,0.000000000000e+00,3.307407407407e-01,2.799149326460e+03,5.550365060160e+04,1.090000000000e+02
6.400000000000e+02,1.034105227040e+08,3.324891256674e+01,2.426691309661e+05,2.156523081194e-01,1.859946884645e+02,-2.966753787438e-04,-3.233761628307e-02,0.000000000000e+00,2.779217996068e+03,2.780853934446e+03,0.000000000000e+00,0.000000000000e+00,0.000000000000e+00,0.000000000000e+00,1.115010845187e-03,1.215361821254e-01,2.731259579317e+02,2.668755798340e+02,0.000000000000e+00,3.381481481481e-01,2.779217996068e+03,5.550363602955e+04,1.090000000000e+02
6.410000000000e+02,1.034077610560e+08,3.457278047689e+01,2.558828281632e+05,2.257053798191e-01,1.873874555902e+02,-3.099075490198e-04,-3.377992284316e-02,0.000000000000e+00,2.760324887044e+03,2.761648754949e+03,0.000000000000e+00,0.000000000000e+00,0.000000000000e+00,0.000000000000e+00,1.874220094608e-03,2.042899903123e-01,2.731215339200e+02,2.667943420410e+02,0.000000000000e+00,3.452777777778e-01,2.760324887044e+03,5.550362566764e+04,1.090000000000e+02
6.420000000000e+02,1.034050153712e+08,3.642962031024e+01,2.697456821307e+05,2.354257747262e-01,1.893838301375e+02,-3.205260036913e-04,-3.493733440235e-02,0.000000000000e+00,2.743827840921e+03,2.745684680751e+03,0.000000000000e+00,0.000000000000e+00,0.000000000000e+00,0.000000000000e+00,1.970906260421e-03,2.148287823859e-01,2.731154491188e+02,2.665367736816e+02,0.000000000000e+00,3.532407407407e-01,2.743827840921e+03,5.550361138039e+04,1.090000000000e+02
6.430000000000e+02,1.034022862253e+08,3.950982097723e+01,2.817450040800e+05,2.428574371822e-01,1.917556686717e+02,-3.035285471961e-04,-3.308461164437e-02,0.000000000000e+00,2.726065196319e+03,2.729145396995e+03,0.000000000000e+00,0.000000000000e+00,0.000000000000e+00,0.000000000000e+00,1.679883394410e-03,1.831072899907e-01,2.731069398136e+02,2.658544006348e+02,0.000000000000e+00,3.608333333333e-01,2.726065196319e+03,5.550359133100e+04,1.090000000000e+02
6.440000000000e+02,1.033995765732e+08,4.423457702894e+01,2.929968657259e+05,2.498737426490e-01,1.938146742229e+02,-2.847918046874e-04,-3.104230671093e-02,0.000000000000e+00,2.704927584913e+03,2.709652340968e+03,0.000000000000e+00,0.000000000000e+00,0.000000000000e+00,0.000000000000e+00,1.575074529610e-03,1.716831237275e-01,2.730960337598e+02,2.650914611816e+02,0.000000000000e+00,3.684259259259e-01,2.704927584913e+03,5.550356551541e+04,1.090000000000e+02
6.450000000000e+02,1.033968882636e+08,4.985107267223e+01,3.025913190380e+05,2.553783014357e-01,1.958472789433e+02,-2.724528131508e-04,-2.969735663344e-02,0.000000000000e+00,2.682694156201e+03,2.688310651844e+03,0.000000000000e+00,0.000000000000e+00,0.000000000000e+00,0.000000000000e+00,1.313457534080e-03,1.431668712148e-01,2.730860569940e+02,2.644819641113e+02,0.000000000000e+00,3.766666666667e-01,2.682694156201e+03,5.550354178179e+04,1.090000000000e+02
6.460000000000e+02,1.033942161162e+08,5.556321838569e+01,3.116967711575e+05,2.601301574037e-01,1.980556985612e+02,-2.526344696087e-04,-2.753715718735e-02,0.000000000000e+00,2.666436098251e+03,2.672148243967e+03,0.000000000000e+00,0.000000000000e+00,0.000000000000e+00,0.000000000000e+00,1.252445521797e-03,1.365165618759e-01,2.730777955469e+02,2.644597473145e+02,0.000000000000e+00,3.850000000000e-01,2.666436098251e+03,5.550352204337e+04,1.090000000000e+02
6.470000000000e+02,1.033915550798e+08,6.117516498115e+01,3.220478237436e+05,2.658711360692e-01,2.002145064424e+02,-2.638198456889e-04,-2.875636318009e-02,0.000000000000e+00,2.655425044632e+03,2.661036991236e+03,0.000000000000e+00,0.000000000000e+00,0.000000000000e+00,0.000000000000e+00,1.447145499902e-03,1.577388594893e-01,2.730709400501e+02,2.643859558105e+02,0.000000000000e+00,3.928703703704e-01,2.655425044632e+03,5.550350560520e+04,1.090000000000e+02
6.480000000000e+02,1.033889058657e+08,6.947839431035e+01,3.323364917597e+05,2.716870968949e-01,2.021883100445e+02,-2.658228671843e-04,-2.897469252309e-02,0.000000000000e+00,2.640910496860e+03,2.649213726194e+03,0.000000000000e+00,0.000000000000e+00,0.000000000000e+00,0.000000000000e+00,1.434847086687e-03,1.563983324489e-01,2.730590689803e+02,2.635574340820e+02,0.000000000000e+00,4.012962962963e-01,2.640910496860e+03,5.550347701650e+04,1.090000000000e+02
6.490000000000e+02,1.033862738206e+08,8.155037422376e+01,3.410598140484e+05,2.759861532438e-01,2.042635662204e+02,-2.477358015151e-04,-2.700320236515e-02,0.000000000000e+00,2.619973455136e+03,2.632045435053e+03,0.000000000000e+00,0.000000000000e+00,0.000000000000e+00,0.000000000000e+00,1.194193801009e-03,1.301671243100e-01,2.730456214149e+02,2.634318237305e+02,0.000000000000e+00,4.098148148148e-01,2.619973455136e+03,5.550344443814e+04,1.090000000000e+02
6.500000000000e+02,1.033836586504e+08,9.622606782265e+01,3.495559106211e+05,2.800452665182e-01,2.063177764772e+02,-2.321227238633e-04,-2.530137690110e-02,0.000000000000e+00,2.600495932722e+03,2.615171626323e+03,0.000000000000e+00,0.000000000000e+00,0.000000000000e+00,0.000000000000e+00,1.172244666245e-03,1.277746686207e-01,2.730326850716e+02,2.631764831543e+02,0.000000000000e+00,4.179629629629e-01,2.600495932722e+03,5.550341290355e+04,1.090000000000e+02
6.510000000000e+02,1.033810568227e+08,1.116953976890e+02,3.592671410472e+05,2.853414159421e-01,2.081140644857e+02,-2.256606223803e-04,-2.459700783945e-02,0.000000000000e+00,2.586358565454e+03,2.601827895325e+03,0.000000000000e+00,0.000000000000e+00,0.000000000000e+00,0.000000000000e+00,1.379554837340e-03,1.503714772700e-01,2.730226519393e+02,2.627090454102e+02,0.000000000000e+00,4.264814814815e-01,2.586358565454e+03,5.550338831431e+04,1.090000000000e+02
6.520000000000e+02,1.033784680866e+08,1.331440352946e+02,3.674727899144e+05,2.891559592226e-01,2.100595677481e+02,-2.120736418008e-04,-2.311602695629e-02,0.000000000000e+00,2.567287027493e+03,2.588735665102e+03,0.000000000000e+00,0.000000000000e+00,0.000000000000e+00,0.000000000000e+00,1.144311719140e-03,1.247299773862e-01,2.730016142115e+02,2.621520385742e+02,0.000000000000e+00,4.351018518518e-01,2.567287027493e+03,5.550333638631e+04,1.090000000000e+02
6.530000000000e+02,1.033759029964e+08,1.642518862219e+02,3.743178595388e+05,2.916218962027e-01,2.121634412111e+02,-1.941961767543e-04,-2.116738326622e-02,0.000000000000e+00,2.533983125655e+03,2.565090976584e+03,0.000000000000e+00,0.000000000000e+00,0.000000000000e+00,0.000000000000e+00,9.373131137220e-04,1.021671293957e-01,2.729780110562e+02,2.611498107910e+02,0.000000000000e+00,4.438245370370e-01,2.533983125655e+03,5.550327752796e+04,1.090000000000e+02
6.540000000000e+02,1.033733524666e+08,1.950540560851e+02,3.830973395631e+05,2.960663601916e-01,2.138802274669e+02,-2.101653903732e-04,-2.290802755068e-02,0.000000000000e+00,2.519727764286e+03,2.550529934152e+03,0.000000000000e+00,0.000000000000e+00,0.000000000000e+00,0.000000000000e+00,1.241052784918e-03,1.352747535561e-01,2.729679211474e+02,2.612925415039e+02,0.000000000000e+00,4.516115740741e-01,2.519727764286e+03,5.550325217048e+04,1.090000000000e+02
6.550000000000e+02,1.033708036687e+08,2.271617681404e+02,3.911759630487e+05,2.997874243267e-01,2.156799972514e+02,-2.186229824703e-04,-2.382990508926e-02,0.000000000000e+00,2.516691174322e+03,2.548798886384e+03,0.000000000000e+00,0.000000000000e+00,0.000000000000e+00,0.000000000000e+00,1.116771769621e-03,1.217281228887e-01,2.729507572827e+02,2.609349670410e+02,0.000000000000e+00,4.598078935185e-01,2.516691174322e+03,5.550320877018e+04,1.090000000000e+02
6.560000000000e+02,1.033682658687e+08,2.684069162601e+02,3.977097802236e+05,3.020732528586e-01,2.176235170006e+02,-1.965997230741e-04,-2.142936981508e-02,0.000000000000e+00,2.496556676951e+03,2.537801825071e+03,0.000000000000e+00,0.000000000000e+00,0.000000000000e+00,0.000000000000e+00,8.834753742771e-04,9.629881579621e-02,2.729248228713e+02,2.602474670410e+02,0.000000000000e+00,4.672644687500e-01,2.496556676951e+03,5.550314256109e+04,1.090000000000e+02
6.570000000000e+02,1.033657412843e+08,3.149026430040e+02,4.062422665666e+05,3.063083195609e-01,2.192192664823e+02,-1.883121153268e-04,-2.052602057062e-02,0.000000000000e+00,2.478088994524e+03,2.524584721270e+03,0.000000000000e+00,0.000000000000e+00,0.000000000000e+00,0.000000000000e+00,1.222115596822e-03,1.332106000536e-01,2.729051918518e+02,2.592016906738e+02,0.000000000000e+00,4.744422696759e-01,2.478088994524e+03,5.550309193750e+04,1.090000000000e+02
6.580000000000e+02,1.033632229184e+08,3.645323949017e+02,4.137504104656e+05,3.095392648836e-01,2.209406799137e+02,-1.821938087892e-04,-1.985912515802e-02,0.000000000000e+00,2.468737336317e+03,2.518367088218e+03,0.000000000000e+00,0.000000000000e+00,0.000000000000e+00,0.000000000000e+00,1.058925198412e-03,1.154228466269e-01,2.728844811137e+02,2.587669372559e+02,0.000000000000e+00,4.812092674190e-01,2.468737336317e+03,5.550303805249e+04,1.090000000000e+02
6.590000000000e+02,1.033607116762e+08,4.177038493058e+02,4.199602531359e+05,3.116103015968e-01,2.227664974659e+02,-1.824166073465e-04,-1.988341020077e-02,0.000000000000e+00,2.458071723497e+03,2.511243177904e+03,0.000000000000e+00,0.000000000000e+00,0.000000000000e+00,0.000000000000e+00,8.440962259771e-04,9.200648863151e-02,2.728674268353e+02,2.591825561523e+02,0.000000000000e+00,4.882944757523e-01,2.458071723497e+03,5.550299330849e+04,1.090000000000e+02
6.600000000000e+02,1.033582063908e+08,4.728450810345e+02,4.272860690279e+05,3.147490821614e-01,2.243924444695e+02,-1.890306679337e-04,-2.060434280477e-02,0.000000000000e+00,2.450145090885e+03,2.505286322614e+03,0.000000000000e+00,0.000000000000e+00,0.000000000000e+00,0.000000000000e+00,1.021945328839e-03,1.113920408435e-01,2.728514412478e+02,2.589403686523e+02,0.000000000000e+00,4.943438048640e-01,2.450145090885e+03,5.550295106392e+04,1.090000000000e+02
6.610000000000e+02,1.033557118471e+08,5.334269257268e+02,4.353922310837e+05,3.186604261049e-01,2.258432622353e+02,-1.856046888646e-04,-2.023091108625e-02,0.000000000000e+00,2.433962056485e+03,2.494543901180e+03,0.000000000000e+00,0.000000000000e+00,0.000000000000e+00,0.000000000000e+00,1.154373639837e-03,1.258267267422e-01,2.728279010223e+02,2.588750610352e+02,0.000000000000e+00,5.004314217622e-01,2.433962056485e+03,5.550288832012e+04,1.090000000000e+02
6.620000000000e+02,1.033537711845e+08,6.883139614581e+02,4.426893050781e+05,3.217234991580e-01,2.274424589836e+02,-1.745508400370e-04,-1.902604156404e-02,0.000000000000e+00,1.785775435799e+03,1.940662471531e+03,0.000000000000e+00,0.000000000000e+00,0.000000000000e+00,0.000000000000e+00,1.031737845896e-03,1.124594252026e-01,2.728010370558e+02,2.585750122070e+02,0.000000000000e+00,5.034269731743e-01,1.785775435799e+03,5.550281537041e+04,1.090000000000e+02
6.630000000000e+02,1.033519182703e+08,8.932601095516e+02,4.491132527794e+05,3.240847968051e-01,2.290619621434e+02,-1.729232162949e-04,-1.884863057614e-02,0.000000000000e+00,1.647967722969e+03,1.852913871063e+03,0.000000000000e+00,0.000000000000e+00,0.000000000000e+00,0.000000000000e+00,8.889803415727e-04,9.689885723142e-02,2.727844063486e+02,2.581688537598e+02,0.000000000000e+00,5.071071826651e-01,1.647967722969e+03,5.550277013607e+04,1.090000000000e+02
6.640000000000e+02,1.033498674948e+08,1.056015280160e+03,4.555148286758e+05,3.264419213912e-01,2.306494636014e+02,-1.873793838360e-04,-2.042435283813e-02,0.000000000000e+00,1.888022739308e+03,2.050777909918e+03,0.000000000000e+00,0.000000000000e+00,0.000000000000e+00,0.000000000000e+00,8.707680234561e-04,9.491371455671e-02,2.727851803908e+02,2.584033508301e+02,0.000000000000e+00,5.122281887891e-01,1.888022739308e+03,5.550277226771e+04,1.090000000000e+02
6.650000000000e+02,1.033477419058e+08,1.205897303838e+03,4.618712166761e+05,3.287998175871e-01,2.321910488033e+02,-1.983915335450e-04,-2.162467715641e-02,0.000000000000e+00,1.975709997777e+03,2.125592021456e+03,0.000000000000e+00,0.000000000000e+00,0.000000000000e+00,0.000000000000e+00,8.523179494402e-04,9.290265648898e-02,2.727764317495e+02,2.589501037598e+02,0.000000000000e+00,5.157232130946e-01,1.975709997777e+03,5.550274834102e+04,1.090000000000e+02
6.660000000000e+02,1.033455847642e+08,1.359567561203e+03,4.705113137003e+05,3.331931793811e-01,2.334159959581e+02,-1.908926580278e-04,-2.080729972503e-02,0.000000000000e+00,2.003472342834e+03,2.157142600199e+03,0.000000000000e+00,0.000000000000e+00,0.000000000000e+00,0.000000000000e+00,1.237348308877e-03,1.348709656676e-01,2.727577212645e+02,2.585108337402e+02,0.000000000000e+00,5.216358945248e-01,2.003472342834e+03,5.550269685214e+04,1.090000000000e+02
6.670000000000e+02,1.033434437768e+08,1.504118423742e+03,4.795917633815e+05,3.379335449379e-01,2.345833947927e+02,-1.868715772746e-04,-2.036900192293e-02,0.000000000000e+00,1.996438806710e+03,2.140989669251e+03,0.000000000000e+00,0.000000000000e+00,0.000000000000e+00,0.000000000000e+00,1.314106142282e-03,1.432375695087e-01,2.727526018456e+02,2.590639648438e+02,0.000000000000e+00,5.258302302308e-01,1.996438806710e+03,5.550268265822e+04,1.090000000000e+02
6.680000000000e+02,1.033418002488e+08,1.855391993766e+03,4.864035149734e+05,3.406885425446e-01,2.359916062323e+02,-1.805307213255e-04,-1.967784862448e-02,0.000000000000e+00,1.292252403032e+03,1.643525973055e+03,0.000000000000e+00,0.000000000000e+00,0.000000000000e+00,0.000000000000e+00,9.455057131512e-04,1.030601227335e-01,2.727328037049e+02,2.579129638672e+02,0.000000000000e+00,5.267963929548e-01,1.292252403032e+03,5.550262687143e+04,1.090000000000e+02
6.690000000000e+02,1.033399213420e+08,2.130253458662e+03,4.921226370520e+05,3.424909788870e-01,2.375100437533e+02,-1.594238911676e-04,-1.737720413727e-02,0.000000000000e+00,1.604045719158e+03,1.878907184052e+03,0.000000000000e+00,0.000000000000e+00,0.000000000000e+00,0.000000000000e+00,7.859793925884e-04,8.567175379213e-02,2.727184577723e+02,2.584201660156e+02,0.000000000000e+00,5.306541491498e-01,1.604045719158e+03,5.550258667855e+04,1.090000000000e+02
6.700000000000e+02,1.033379867222e+08,2.389299943936e+03,4.979496471345e+05,3.444277713880e-01,2.389711189584e+02,-1.454220709260e-04,-1.585100573094e-02,0.000000000000e+00,1.675572853691e+03,1.934619338963e+03,0.000000000000e+00,0.000000000000e+00,0.000000000000e+00,0.000000000000e+00,8.178146269223e-04,8.914179433454e-02,2.727048328391e+02,2.589536132812e+02,0.000000000000e+00,5.343226908165e-01,1.675572853691e+03,5.550254826357e+04,1.090000000000e+02
6.710000000000e+02,1.033360246776e+08,2.644969236240e+03,5.045480052389e+05,3.470557599726e-01,2.403044218366e+02,-1.609177667010e-04,-1.754003657041e-02,0.000000000000e+00,1.706375172910e+03,1.962044465214e+03,0.000000000000e+00,0.000000000000e+00,0.000000000000e+00,0.000000000000e+00,9.298181028745e-04,1.013501732133e-01,2.726911767012e+02,2.585171508789e+02,0.000000000000e+00,5.394350985054e-01,1.706375172910e+03,5.550250952788e+04,1.090000000000e+02
6.720000000000e+02,1.033341812667e+08,3.051659371639e+03,5.108598841582e+05,3.494168603448e-01,2.416668371025e+02,-1.619961008573e-04,-1.765757499345e-02,0.000000000000e+00,1.436720402792e+03,1.843410538191e+03,0.000000000000e+00,0.000000000000e+00,0.000000000000e+00,0.000000000000e+00,8.814333105219e-04,9.607623084688e-02,2.726683896554e+02,2.571536254883e+02,0.000000000000e+00,5.427332698017e-01,1.436720402792e+03,5.550244336465e+04,1.090000000000e+02
6.730000000000e+02,1.033323492157e+08,3.488053332648e+03,5.169723880393e+05,3.516581748081e-01,2.430002580542e+02,-1.343352430665e-04,-1.464254149425e-02,0.000000000000e+00,1.395656527182e+03,1.832050488192e+03,0.000000000000e+00,0.000000000000e+00,0.000000000000e+00,0.000000000000e+00,8.762220102595e-04,9.550819911829e-02,2.726276157598e+02,2.567618103027e+02,0.000000000000e+00,5.486986369955e-01,1.395656527182e+03,5.550232516466e+04,1.090000000000e+02
6.740000000000e+02,1.033304916202e+08,3.949340355746e+03,5.230832879319e+05,3.538950252769e-01,2.443194231274e+02,-1.201686682127e-04,-1.309838483518e-02,0.000000000000e+00,1.396307654150e+03,1.857594677249e+03,0.000000000000e+00,0.000000000000e+00,0.000000000000e+00,0.000000000000e+00,8.902294127791e-04,9.703500599292e-02,2.725655204202e+02,2.555773773193e+02,0.000000000000e+00,5.519486369955e-01,1.396307654150e+03,5.550214123023e+04,1.090000000000e+02
6.750000000000e+02,1.033286534147e+08,4.469830211702e+03,5.281163171259e+05,3.552424927897e-01,2.457349531952e+02,-1.138936529135e-04,-1.241440816757e-02,0.000000000000e+00,1.317714631506e+03,1.838204487461e+03,0.000000000000e+00,0.000000000000e+00,0.000000000000e+00,0.000000000000e+00,7.181749735241e-04,7.828107211412e-02,2.725410002369e+02,2.548891906738e+02,0.000000000000e+00,5.580899301152e-01,1.317714631506e+03,5.550206547031e+04,1.090000000000e+02
6.760000000000e+02,1.033268908729e+08,5.151098446952e+03,5.323501543409e+05,3.559316075735e-01,2.472256732404e+02,-1.132045420393e-04,-1.233929508228e-02,0.000000000000e+00,1.081274962108e+03,1.762543197351e+03,0.000000000000e+00,0.000000000000e+00,0.000000000000e+00,0.000000000000e+00,5.867218859817e-04,6.395268557201e-02,2.725229921280e+02,2.553917236328e+02,0.000000000000e+00,5.619623894471e-01,1.081274962108e+03,5.550201071537e+04,1.090000000000e+02
6.770000000000e+02,1.033250936875e+08,5.720003799284e+03,5.364018936786e+05,3.565151235127e-01,2.486995781984e+02,-1.087796561352e-04,-1.185698251874e-02,0.000000000000e+00,1.228280445625e+03,1.797185797953e+03,0.000000000000e+00,0.000000000000e+00,0.000000000000e+00,0.000000000000e+00,5.609419587638e-04,6.114267350525e-02,2.725266140443e+02,2.556392517090e+02,0.000000000000e+00,5.667475471502e-01,1.228280445625e+03,5.550202179308e+04,1.090000000000e+02
6.780000000000e+02,1.033232851911e+08,6.240585056271e+03,5.409525261068e+05,3.575535479225e-01,2.500809820981e+02,-9.322977174889e-05,-1.016204512063e-02,0.000000000000e+00,1.287915571872e+03,1.808496828855e+03,0.000000000000e+00,0.000000000000e+00,0.000000000000e+00,0.000000000000e+00,6.589443279489e-04,7.182493174643e-02,2.725327880582e+02,2.564550170898e+02,0.000000000000e+00,5.717595829936e-01,1.287915571872e+03,5.550204063620e+04,1.090000000000e+02
6.790000000000e+02,1.033215964443e+08,6.975683063311e+03,5.467044483983e+05,3.596158628511e-01,2.512906893696e+02,-1.121790606476e-04,-1.222751761059e-02,0.000000000000e+00,9.536495166874e+02,1.688747523724e+03,0.000000000000e+00,0.000000000000e+00,0.000000000000e+00,0.000000000000e+00,8.385988584473e-04,9.140727557076e-02,2.725342488561e+02,2.569036560059e+02,0.000000000000e+00,5.758126758239e-01,9.536495166874e+02,5.550204339457e+04,1.090000000000e+02
6.800000000000e+02,1.033198679588e+08,7.633759193326e+03,5.535452926413e+05,3.626003017416e-01,2.523413404351e+02,-1.476024428804e-04,-1.608866627396e-02,0.000000000000e+00,1.070412469710e+03,1.728488599723e+03,0.000000000000e+00,0.000000000000e+00,0.000000000000e+00,0.000000000000e+00,9.833215863633e-04,1.071820529136e-01,2.725039031419e+02,2.563990478516e+02,0.000000000000e+00,5.806643764476e-01,1.070412469710e+03,5.550195039169e+04,1.090000000000e+02
6.810000000000e+02,1.033181353747e+08,8.337233218518e+03,5.597524471639e+05,3.650308301319e-01,2.534728785012e+02,-1.630817571342e-04,-1.777591152762e-02,0.000000000000e+00,1.029109520139e+03,1.732583545329e+03,0.000000000000e+00,0.000000000000e+00,0.000000000000e+00,0.000000000000e+00,8.632860329334e-04,9.409817758974e-02,2.724387856701e+02,2.548158111572e+02,0.000000000000e+00,5.869101515593e-01,1.029109520139e+03,5.550174702573e+04,1.090000000000e+02
6.820000000000e+02,1.033164993747e+08,9.295999517870e+03,5.653758782731e+05,3.670139852353e-01,2.546367898494e+02,-1.456423124256e-04,-1.587501205439e-02,0.000000000000e+00,6.772336710255e+02,1.635999970372e+03,0.000000000000e+00,0.000000000000e+00,0.000000000000e+00,0.000000000000e+00,7.842082852740e-04,8.547870309487e-02,2.723833928456e+02,2.542895660400e+02,0.000000000000e+00,5.912526607113e-01,6.772336710255e+02,5.550156756325e+04,1.090000000000e+02
6.830000000000e+02,1.033148405171e+08,1.017198008801e+04,5.707844197029e+05,3.688329742440e-01,2.558055982459e+02,-1.229661182082e-04,-1.340330688470e-02,0.000000000000e+00,7.828744786202e+02,1.658855048760e+03,0.000000000000e+00,0.000000000000e+00,0.000000000000e+00,0.000000000000e+00,7.713073344450e-04,8.407249945451e-02,2.723384276114e+02,2.535805053711e+02,0.000000000000e+00,5.977124716951e-01,7.828744786202e+02,5.550142108298e+04,1.090000000000e+02
6.840000000000e+02,1.033132119970e+08,1.113226193001e+04,5.756892590027e+05,3.702370851388e-01,2.570256138920e+02,-1.070116943476e-04,-1.166427468389e-02,0.000000000000e+00,6.682361301634e+02,1.628517972157e+03,0.000000000000e+00,0.000000000000e+00,0.000000000000e+00,0.000000000000e+00,7.038570708011e-04,7.672042071732e-02,2.723206024078e+02,2.533937225342e+02,0.000000000000e+00,6.020384785839e-01,6.682361301634e+02,5.550135939483e+04,1.090000000000e+02
6.850000000000e+02,1.033116083030e+08,1.210876238427e+04,5.813477682781e+05,3.722796434296e-01,2.581281613834e+02,-8.931368181357e-05,-9.735191317679e-03,0.000000000000e+00,6.271957048887e+02,1.603696159144e+03,0.000000000000e+00,0.000000000000e+00,0.000000000000e+00,0.000000000000e+00,8.461273292460e-04,9.222787888781e-02,2.723037758952e+02,2.537482757568e+02,0.000000000000e+00,6.085401329278e-01,6.271957048887e+02,5.550130394294e+04,1.090000000000e+02
6.860000000000e+02,1.033099956668e+08,1.302104796299e+04,5.870235470391e+05,3.743455514664e-01,2.592105938527e+02,-8.625746407721e-05,-9.402063584416e-03,0.000000000000e+00,7.003491762848e+02,1.612634755005e+03,0.000000000000e+00,0.000000000000e+00,0.000000000000e+00,0.000000000000e+00,8.522046428191e-04,9.289030606728e-02,2.722580907538e+02,2.536108703613e+02,0.000000000000e+00,6.144135915206e-01,7.003491762848e+02,5.550115092556e+04,1.090000000000e+02
6.870000000000e+02,1.033084449570e+08,1.414671431739e+04,5.913085152730e+05,3.753046815610e-01,2.604361418421e+02,-1.034526949374e-04,-1.127634374818e-02,0.000000000000e+00,4.250449727904e+02,1.550711327191e+03,0.000000000000e+00,0.000000000000e+00,0.000000000000e+00,0.000000000000e+00,6.051141816521e-04,6.595744580008e-02,2.722152784367e+02,2.532135467529e+02,0.000000000000e+00,6.207193505610e-01,4.250449727904e+02,5.550100194434e+04,1.090000000000e+02
6.880000000000e+02,1.033068828999e+08,1.515279371106e+04,5.957289713797e+05,3.763960612129e-01,2.616225784371e+02,-1.171346996011e-04,-1.276768225652e-02,0.000000000000e+00,5.559791222752e+02,1.562058515951e+03,0.000000000000e+00,0.000000000000e+00,0.000000000000e+00,0.000000000000e+00,6.136631395822e-04,6.688928221446e-02,2.721989604689e+02,2.543534698486e+02,0.000000000000e+00,6.262908706912e-01,5.559791222752e+02,5.550094618170e+04,1.090000000000e+02
6.890000000000e+02,1.033053770759e+08,1.625509348151e+04,6.008285805305e+05,3.780362360097e-01,2.627169481486e+02,-1.239352472567e-04,-1.350894195098e-02,0.000000000000e+00,4.035273678776e+02,1.505827138323e+03,0.000000000000e+00,0.000000000000e+00,0.000000000000e+00,0.000000000000e+00,7.188800204383e-04,7.835792222778e-02,2.722244180108e+02,2.540127410889e+02,0.000000000000e+00,6.324126983452e-01,4.035273678776e+02,5.550103101321e+04,1.090000000000e+02
6.900000000000e+02,1.033038776377e+08,1.730481547375e+04,6.059463657964e+05,3.797187465582e-01,2.637811119538e+02,-1.432936657451e-04,-1.561900956622e-02,0.000000000000e+00,4.497190669619e+02,1.499441059207e+03,0.000000000000e+00,0.000000000000e+00,0.000000000000e+00,0.000000000000e+00,7.028187392509e-04,7.660724257835e-02,2.722027110077e+02,2.534426269531e+02,0.000000000000e+00,6.388924710170e-01,4.497190669619e+02,5.550095687586e+04,1.090000000000e+02
6.910000000000e+02,1.033023895231e+08,1.842462714905e+04,6.118728163554e+05,3.820413259544e-01,2.647427021529e+02,-1.498541865990e-04,-1.633410633930e-02,0.000000000000e+00,3.683031311639e+02,1.488114806463e+03,0.000000000000e+00,0.000000000000e+00,0.000000000000e+00,0.000000000000e+00,8.301628246139e-04,9.048774788292e-02,2.721448528608e+02,2.525922546387e+02,0.000000000000e+00,6.446041589730e-01,3.683031311639e+02,5.550075200109e+04,1.090000000000e+02
6.920000000000e+02,1.033009147643e+08,1.962709780099e+04,6.179963134942e+05,3.845165580617e-01,2.656718164570e+02,-1.286745777811e-04,-1.402552897814e-02,0.000000000000e+00,2.722875993813e+02,1.474758251323e+03,0.000000000000e+00,0.000000000000e+00,0.000000000000e+00,0.000000000000e+00,8.838813978256e-04,9.634307236299e-02,2.720933067450e+02,2.525356140137e+02,0.000000000000e+00,6.516906504527e-01,2.722875993813e+02,5.550056852655e+04,1.090000000000e+02
6.930000000000e+02,1.032994445780e+08,2.084866956831e+04,6.235554504226e+05,3.865238857738e-01,2.666703495819e+02,-1.089982060179e-04,-1.188080445595e-02,0.000000000000e+00,2.486150075204e+02,1.470186774842e+03,0.000000000000e+00,0.000000000000e+00,0.000000000000e+00,0.000000000000e+00,8.102451287031e-04,8.831671902864e-02,2.720475596312e+02,2.526210479736e+02,0.000000000000e+00,6.586685400740e-01,2.486150075204e+02,5.550040085322e+04,1.090000000000e+02
6.940000000000e+02,1.032979886781e+08,2.209425693517e+04,6.282935974002e+05,3.879261109714e-01,2.677256163546e+02,-1.029858688693e-04,-1.122545970676e-02,0.000000000000e+00,2.103119105655e+02,1.455899277422e+03,0.000000000000e+00,0.000000000000e+00,0.000000000000e+00,0.000000000000e+00,6.803062496980e-04,7.415338121708e-02,2.720373338751e+02,2.526845245361e+02,0.000000000000e+00,6.668469425616e-01,2.103119105655e+02,5.550036356518e+04,1.090000000000e+02
6.950000000000e+02,1.032965602326e+08,2.329029101154e+04,6.326503332740e+05,3.890403718965e-01,2.688098747543e+02,-1.071634831830e-04,-1.168081966695e-02,0.000000000000e+00,2.324128704124e+02,1.428446946789e+03,0.000000000000e+00,0.000000000000e+00,0.000000000000e+00,0.000000000000e+00,6.129688806242e-04,6.681360798804e-02,2.720436829782e+02,2.531290130615e+02,0.000000000000e+00,6.741145427761e-01,2.324128704124e+02,5.550038675780e+04,1.090000000000e+02
6.960000000000e+02,1.032951559728e+08,2.443092565806e+04,6.372881192826e+05,3.903889975599e-01,2.698455929371e+02,-1.179750255914e-04,-1.285927778947e-02,0.000000000000e+00,2.636259143114e+02,1.404260560826e+03,0.000000000000e+00,0.000000000000e+00,0.000000000000e+00,0.000000000000e+00,6.488787699478e-04,7.072778592431e-02,2.720122602322e+02,2.527994995117e+02,0.000000000000e+00,6.808588304427e-01,2.636259143114e+02,5.550027138936e+04,1.090000000000e+02
6.970000000000e+02,1.032937816095e+08,2.564348680496e+04,6.422246166727e+05,3.919936032828e-01,2.708237811648e+02,-1.232402006598e-04,-1.343318187192e-02,0.000000000000e+00,1.618032750825e+02,1.374364421985e+03,0.000000000000e+00,0.000000000000e+00,0.000000000000e+00,0.000000000000e+00,6.931956112230e-04,7.555832162331e-02,2.719531910358e+02,2.526025085449e+02,0.000000000000e+00,6.891086213474e-01,1.618032750825e+02,5.550005059741e+04,1.090000000000e+02
6.980000000000e+02,1.032924274350e+08,2.683098760529e+04,6.473841634171e+05,3.937162923524e-01,2.718057079775e+02,-1.320704141180e-04,-1.439567513886e-02,0.000000000000e+00,1.666743842894e+02,1.354175184620e+03,0.000000000000e+00,0.000000000000e+00,0.000000000000e+00,0.000000000000e+00,7.210695563122e-04,7.859658163803e-02,2.719181487392e+02,2.523730163574e+02,0.000000000000e+00,6.962636648833e-01,1.666743842894e+02,5.549991834266e+04,1.090000000000e+02
6.990000000000e+02,1.032911456917e+08,2.793825105871e+04,6.522681217103e+05,3.952918025947e-01,2.727647200671e+02,-1.261942531145e-04,-1.375517358948e-02,0.000000000000e+00,1.744800276617e+02,1.281743481084e+03,0.000000000000e+00,0.000000000000e+00,0.000000000000e+00,0.000000000000e+00,6.811253063840e-04,7.424265839585e-02,2.719197254437e+02,2.532419433594e+02,0.000000000000e+00,7.032278937065e-01,1.744800276617e+02,5.549992581624e+04,1.090000000000e+02
7.000000000000e+02,1.032898453067e+08,2.907789067567e+04,6.568769492644e+05,3.966629277280e-01,2.737441245106e+02,-1.007299405659e-04,-1.097956352168e-02,0.000000000000e+00,1.607460068689e+02,1.300385623829e+03,0.000000000000e+00,0.000000000000e+00,0.000000000000e+00,0.000000000000e+00,6.617553005570e-04,7.213132776071e-02,2.718361271389e+02,2.523300018311e+02,0.000000000000e+00,7.125232752773e-01,1.607460068689e+02,5.549960341911e+04,1.090000000000e+02
7.010000000000e+02,1.032885426151e+08,3.024076866182e+04,6.612442458039e+05,3.978377486793e-01,2.747514788846e+02,-8.939838691789e-05,-9.744424174051e-03,0.000000000000e+00,1.398141604160e+02,1.302692146558e+03,0.000000000000e+00,0.000000000000e+00,0.000000000000e+00,0.000000000000e+00,6.329616119629e-04,6.899281570395e-02,2.717811557099e+02,2.516966857910e+02,0.000000000000e+00,7.212076889765e-01,1.398141604160e+02,5.549938589380e+04,1.090000000000e+02
7.020000000000e+02,1.032872531373e+08,3.138324382270e+04,6.657708447545e+05,3.991769470907e-01,2.757044836490e+02,-1.081899386601e-04,-1.179270331395e-02,0.000000000000e+00,1.470026958796e+02,1.289477856765e+03,0.000000000000e+00,0.000000000000e+00,0.000000000000e+00,0.000000000000e+00,6.401725203204e-04,6.977880471492e-02,2.717695503282e+02,2.519540557861e+02,0.000000000000e+00,7.291671845202e-01,1.470026958796e+02,5.549933899330e+04,1.090000000000e+02
7.030000000000e+02,1.032859775245e+08,3.251003098266e+04,6.697861488018e+05,4.000946189044e-01,2.767316058254e+02,-1.152836084553e-04,-1.256591332163e-02,0.000000000000e+00,1.488269431596e+02,1.275614103123e+03,0.000000000000e+00,0.000000000000e+00,0.000000000000e+00,0.000000000000e+00,5.486659797610e-04,5.980459179395e-02,2.717446902725e+02,2.524174652100e+02,0.000000000000e+00,7.385607882732e-01,1.488269431596e+02,5.549923894544e+04,1.090000000000e+02
7.040000000000e+02,1.032847212545e+08,3.360494783601e+04,6.743520592954e+05,4.014851893911e-01,2.776523842585e+02,-1.230764109920e-04,-1.341532879813e-02,0.000000000000e+00,1.613535906228e+02,1.256270443965e+03,0.000000000000e+00,0.000000000000e+00,0.000000000000e+00,0.000000000000e+00,6.314144211634e-04,6.882417190681e-02,2.717793033138e+02,2.536688690186e+02,0.000000000000e+00,7.481040639561e-01,1.613535906228e+02,5.549937708835e+04,1.090000000000e+02
7.050000000000e+02,1.032834992864e+08,3.465147902108e+04,6.802498590647e+05,4.038453963080e-01,2.784435961305e+02,-1.485362220236e-04,-1.619044820057e-02,0.000000000000e+00,1.754373204780e+02,1.221968505547e+03,0.000000000000e+00,0.000000000000e+00,0.000000000000e+00,0.000000000000e+00,8.263045566239e-04,9.006719667200e-02,2.717906430808e+02,2.541053009033e+02,0.000000000000e+00,7.569808813533e-01,1.754373204780e+02,5.549942258626e+04,1.090000000000e+02
7.060000000000e+02,1.032822972455e+08,3.567946004419e+04,6.860335652094e+05,4.061064980266e-01,2.792477717764e+02,-1.386616913425e-04,-1.511412435634e-02,0.000000000000e+00,1.740618938289e+02,1.202042916942e+03,0.000000000000e+00,0.000000000000e+00,0.000000000000e+00,0.000000000000e+00,8.175096752870e-04,8.910855460628e-02,2.717790607295e+02,2.542877807617e+02,0.000000000000e+00,7.652894540642e-01,1.740618938289e+02,5.549937631782e+04,1.090000000000e+02
7.070000000000e+02,1.032811059265e+08,3.669358496736e+04,6.907915490286e+05,4.076409034856e-01,2.801259427164e+02,-1.109849521404e-04,-1.209735978330e-02,0.000000000000e+00,1.771944041218e+02,1.191319327294e+03,0.000000000000e+00,0.000000000000e+00,0.000000000000e+00,0.000000000000e+00,6.754710529906e-04,7.362634477598e-02,2.717867806049e+02,2.553469085693e+02,0.000000000000e+00,7.760566533657e-01,1.771944041218e+02,5.549940653912e+04,1.090000000000e+02
7.080000000000e+02,1.032799263184e+08,3.770338885104e+04,6.946420087831e+05,4.084895582237e-01,2.811030198022e+02,-1.096011770939e-04,-1.194652830323e-02,0.000000000000e+00,1.698060527272e+02,1.179609936408e+03,0.000000000000e+00,0.000000000000e+00,0.000000000000e+00,0.000000000000e+00,5.272512125937e-04,5.747038217271e-02,2.717440767562e+02,2.539951934814e+02,0.000000000000e+00,7.855883638684e-01,1.698060527272e+02,5.549923550284e+04,1.090000000000e+02
7.090000000000e+02,1.032787560012e+08,3.872381997911e+04,6.986182125073e+05,4.094628735809e-01,2.820413941207e+02,-1.109288281042e-04,-1.209124226336e-02,0.000000000000e+00,1.498869390174e+02,1.170318067082e+03,0.000000000000e+00,0.000000000000e+00,0.000000000000e+00,0.000000000000e+00,5.469007291886e-04,5.961217948156e-02,2.716802366825e+02,2.536811370850e+02,0.000000000000e+00,7.944486123130e-01,1.498869390174e+02,5.549897543289e+04,1.090000000000e+02
7.100000000000e+02,1.032775972015e+08,3.974488602805e+04,7.030495844807e+05,4.107569146322e-01,2.829374202576e+02,-1.043460907656e-04,-1.137372389345e-02,0.000000000000e+00,1.377338490620e+02,1.158799898010e+03,0.000000000000e+00,0.000000000000e+00,0.000000000000e+00,0.000000000000e+00,6.286794624790e-04,6.852606141021e-02,2.716242471470e+02,2.542044982910e+02,0.000000000000e+00,8.058353921980e-01,1.377338490620e+02,5.549874284740e+04,1.090000000000e+02
7.110000000000e+02,1.032764499878e+08,4.077100766819e+04,7.082139283438e+05,4.126131727315e-01,2.837353510105e+02,-1.014222909800e-04,-1.105502971682e-02,0.000000000000e+00,1.210918134694e+02,1.147213453600e+03,0.000000000000e+00,0.000000000000e+00,0.000000000000e+00,0.000000000000e+00,7.530176747930e-04,8.207892655243e-02,2.715416111701e+02,2.526791687012e+02,0.000000000000e+00,8.183678592593e-01,1.210918134694e+02,5.549839270318e+04,1.090000000000e+02
7.120000000000e+02,1.032753105841e+08,4.182328196844e+04,7.127746162991e+05,4.140175255002e-01,2.845973609103e+02,-8.915449604456e-05,-9.717840068858e-03,0.000000000000e+00,8.712895517254e+01,1.139403255428e+03,0.000000000000e+00,0.000000000000e+00,0.000000000000e+00,0.000000000000e+00,6.661956295350e-04,7.261532361931e-02,2.713878055343e+02,2.513524322510e+02,0.000000000000e+00,8.309319836967e-01,8.712895517254e+01,5.549771839899e+04,1.090000000000e+02
7.130000000000e+02,1.032741782075e+08,4.289024871670e+04,7.157912552462e+05,4.143018485352e-01,2.856085695860e+02,-7.633568658982e-05,-8.320589838291e-03,0.000000000000e+00,6.540939301331e+01,1.132376141278e+03,0.000000000000e+00,0.000000000000e+00,0.000000000000e+00,0.000000000000e+00,4.235258206878e-04,4.616431445497e-02,2.712665739150e+02,2.503384704590e+02,0.000000000000e+00,8.433927852487e-01,6.540939301331e+01,5.549716502310e+04,1.090000000000e+02
7.140000000000e+02,1.032730639047e+08,4.393222214383e+04,7.193935407401e+05,4.150587729642e-01,2.865220757143e+02,-9.263460099232e-05,-1.009717150816e-02,0.000000000000e+00,7.232963853185e+01,1.114303065656e+03,0.000000000000e+00,0.000000000000e+00,0.000000000000e+00,0.000000000000e+00,5.027052065299e-04,5.479486751176e-02,2.712828858233e+02,2.508208923340e+02,0.000000000000e+00,8.561580385212e-01,7.232963853185e+01,5.549723884497e+04,1.090000000000e+02
7.150000000000e+02,1.032719755971e+08,4.492932627197e+04,7.243416248118e+05,4.167575530478e-01,2.873154961572e+02,-1.151510620659e-04,-1.255146576518e-02,0.000000000000e+00,9.120416752065e+01,1.088308295658e+03,0.000000000000e+00,0.000000000000e+00,0.000000000000e+00,0.000000000000e+00,7.022483535893e-04,7.654507054123e-02,2.713410631938e+02,2.522371978760e+02,0.000000000000e+00,8.680650062467e-01,9.120416752065e+01,5.549750441663e+04,1.090000000000e+02
7.160000000000e+02,1.032709152939e+08,4.587295381334e+04,7.295450673134e+05,4.186672876840e-01,2.880576833280e+02,-1.134657148983e-04,-1.236776292391e-02,0.000000000000e+00,1.166771415264e+02,1.060304682899e+03,0.000000000000e+00,0.000000000000e+00,0.000000000000e+00,0.000000000000e+00,7.459588174295e-04,8.130951109982e-02,2.714187678164e+02,2.537629241943e+02,0.000000000000e+00,8.810306636560e-01,1.166771415264e+02,5.549785335655e+04,1.090000000000e+02
7.170000000000e+02,1.032698832965e+08,4.677483912502e+04,7.346436586465e+05,4.205034961832e-01,2.888030618411e+02,-1.086278147706e-04,-1.184043180999e-02,0.000000000000e+00,1.301136474506e+02,1.031998959128e+03,0.000000000000e+00,0.000000000000e+00,0.000000000000e+00,0.000000000000e+00,7.337381096780e-04,7.997745395490e-02,2.714681252098e+02,2.542690124512e+02,0.000000000000e+00,8.937179805070e-01,1.301136474506e+02,5.549807170458e+04,1.090000000000e+02
7.180000000000e+02,1.032688760693e+08,4.765909406132e+04,7.408755823063e+05,4.231394580294e-01,2.894389706001e+02,-1.298229304359e-04,-1.415069941752e-02,0.000000000000e+00,1.229723164832e+02,1.007227252788e+03,0.000000000000e+00,0.000000000000e+00,0.000000000000e+00,0.000000000000e+00,9.005275581215e-04,9.815750383525e-02,2.714513731539e+02,2.540317077637e+02,0.000000000000e+00,9.046402414255e-01,1.229723164832e+02,5.549799939138e+04,1.090000000000e+02
7.190000000000e+02,1.032678919356e+08,4.853159267421e+04,7.468251304276e+05,4.255655621920e-01,2.901004534945e+02,-1.288259439260e-04,-1.404202788794e-02,0.000000000000e+00,1.116349497028e+02,9.841335625946e+02,0.000000000000e+00,0.000000000000e+00,0.000000000000e+00,0.000000000000e+00,8.548859298136e-04,9.318256634968e-02,2.714308879255e+02,2.541607360840e+02,0.000000000000e+00,9.157037255688e-01,1.116349497028e+02,5.549791003546e+04,1.090000000000e+02
7.200000000000e+02,1.032669304541e+08,4.939602657563e+04,7.523638632188e+05,4.277262296917e-01,2.907771315688e+02,-1.217024589245e-04,-1.326556802277e-02,0.000000000000e+00,9.704675842663e+01,9.614806598396e+02,0.000000000000e+00,0.000000000000e+00,0.000000000000e+00,0.000000000000e+00,7.945393602879e-04,8.660479027139e-02,2.713668166469e+02,2.529650726318e+02,0.000000000000e+00,9.265097344906e-01,9.704675842663e+01,5.549762510820e+04,1.090000000000e+02
7.210000000000e+02,1.032660352936e+08,5.020869056021e+04,7.578806382911e+05,4.298310846952e-01,2.914764581487e+02,-1.196494628265e-04,-1.304179144809e-02,0.000000000000e+00,8.249673470729e+01,8.951607192945e+02,0.000000000000e+00,0.000000000000e+00,0.000000000000e+00,0.000000000000e+00,7.929873229032e-04,8.643561819645e-02,2.713034971456e+02,2.524856262207e+02,0.000000000000e+00,9.367483443209e-01,8.249673470729e+01,5.549733452978e+04,1.090000000000e+02
7.220000000000e+02,1.032651669295e+08,5.099564419792e+04,7.629080621128e+05,4.316033633007e-01,2.922059914391e+02,-1.112756193584e-04,-1.212904251006e-02,0.000000000000e+00,8.141185472170e+01,8.683654924328e+02,0.000000000000e+00,0.000000000000e+00,0.000000000000e+00,0.000000000000e+00,7.201690092494e-04,7.849842200819e-02,2.712698173303e+02,2.527892150879e+02,0.000000000000e+00,9.461282894455e-01,8.141185472170e+01,5.549717748381e+04,1.090000000000e+02
7.230000000000e+02,1.032643095125e+08,5.178029957230e+04,7.678202067189e+05,4.333266080821e-01,2.929195665986e+02,-1.081289847781e-04,-1.178605934081e-02,0.000000000000e+00,7.276154103272e+01,8.574169154051e+02,0.000000000000e+00,0.000000000000e+00,0.000000000000e+00,0.000000000000e+00,7.046237455332e-04,7.680398826312e-02,2.712026388392e+02,2.516610565186e+02,0.000000000000e+00,9.556743367942e-01,7.276154103272e+01,5.549686339232e+04,1.090000000000e+02
7.240000000000e+02,1.032634635338e+08,5.256101488365e+04,7.718741014702e+05,4.343703500176e-01,2.937600157516e+02,-1.070845138898e-04,-1.167221201399e-02,0.000000000000e+00,6.525966362870e+01,8.459749749865e+02,0.000000000000e+00,0.000000000000e+00,0.000000000000e+00,0.000000000000e+00,5.637117479697e-04,6.144458052870e-02,2.711442349929e+02,2.513882751465e+02,0.000000000000e+00,9.635332171414e-01,6.525966362870e+01,5.549658603776e+04,1.090000000000e+02
7.250000000000e+02,1.032626313257e+08,5.333074788821e+04,7.751799589931e+05,4.350261533055e-01,2.945744804294e+02,-1.020282054211e-04,-1.112107439090e-02,0.000000000000e+00,6.247459611836e+01,8.322076006762e+02,0.000000000000e+00,0.000000000000e+00,0.000000000000e+00,0.000000000000e+00,4.449314943944e-04,4.849753288899e-02,2.711029735345e+02,2.516314849854e+02,0.000000000000e+00,9.719366236362e-01,6.247459611836e+01,5.549638749493e+04,1.090000000000e+02
7.260000000000e+02,1.032617944440e+08,5.410631118263e+04,7.782164403640e+05,4.353030272949e-01,2.955408290380e+02,-1.094758595049e-04,-1.193286868604e-02,0.000000000000e+00,6.131936146865e+01,8.368826558905e+02,0.000000000000e+00,0.000000000000e+00,0.000000000000e+00,0.000000000000e+00,3.927362778287e-04,4.280825428333e-02,2.710809225803e+02,2.525847625732e+02,0.000000000000e+00,9.808346558945e-01,6.131936146865e+01,5.549628393861e+04,1.090000000000e+02
7.270000000000e+02,1.032609475712e+08,5.489265367145e+04,7.821788189337e+05,4.363886420730e-01,2.963067128410e+02,-1.236256771388e-04,-1.347519880813e-02,0.000000000000e+00,6.052928299753e+01,8.468717718084e+02,0.000000000000e+00,0.000000000000e+00,0.000000000000e+00,0.000000000000e+00,5.314383577095e-04,5.792678099033e-02,2.710780724655e+02,2.525290985107e+02,0.000000000000e+00,9.885494129209e-01,6.052928299753e+01,5.549627184271e+04,1.090000000000e+02
7.280000000000e+02,1.032601239810e+08,5.565691537077e+04,7.873236245002e+05,4.382907234623e-01,2.969618619441e+02,-1.342910766328e-04,-1.463772735297e-02,0.000000000000e+00,5.932604170787e+01,8.235877410351e+02,0.000000000000e+00,0.000000000000e+00,0.000000000000e+00,0.000000000000e+00,7.164517441828e-04,7.809324011593e-02,2.710573888711e+02,2.516068267822e+02,0.000000000000e+00,9.959749712990e-01,5.932604170787e+01,5.549617150686e+04,1.090000000000e+02
7.290000000000e+02,1.032593166833e+08,5.641075938641e+04,7.929918350751e+05,4.405748689885e-01,2.975505319741e+02,-1.197439564140e-04,-1.305209124912e-02,0.000000000000e+00,5.345179632185e+01,8.072958119642e+02,0.000000000000e+00,0.000000000000e+00,0.000000000000e+00,0.000000000000e+00,8.179117702611e-04,8.915238295846e-02,2.710041154376e+02,2.512489471436e+02,0.000000000000e+00,1.004070320289e+00,5.345179632185e+01,5.549590924894e+04,1.090000000000e+02
7.300000000000e+02,1.032585247239e+08,5.714980701233e+04,7.991852005204e+05,4.432152455460e-01,2.980882085454e+02,-1.400334423358e-04,-1.526364521460e-02,0.000000000000e+00,5.290954995513e+01,7.919571758690e+02,0.000000000000e+00,0.000000000000e+00,0.000000000000e+00,0.000000000000e+00,8.839206256711e-04,9.634734819815e-02,2.709961605173e+02,2.519989776611e+02,0.000000000000e+00,1.010858700723e+00,5.290954995513e+01,5.549586971239e+04,1.090000000000e+02
7.310000000000e+02,1.032577500991e+08,5.786942927775e+04,8.057031218744e+05,4.459945692189e-01,2.986467780585e+02,-1.817378478245e-04,-1.980942541287e-02,0.000000000000e+00,5.500295596689e+01,7.746252213920e+02,0.000000000000e+00,0.000000000000e+00,0.000000000000e+00,0.000000000000e+00,8.958628029168e-04,9.764904551793e-02,2.709886370964e+02,2.520103759766e+02,0.000000000000e+00,1.018721115205e+00,5.500295596689e+01,5.549583222286e+04,1.090000000000e+02
7.320000000000e+02,1.032569910680e+08,5.857283854636e+04,8.116547083229e+05,4.483281009811e-01,2.992868509792e+02,-1.942967169805e-04,-2.117834215087e-02,0.000000000000e+00,5.562063041259e+01,7.590298990146e+02,0.000000000000e+00,0.000000000000e+00,0.000000000000e+00,0.000000000000e+00,7.895694790883e-04,8.606307322062e-02,2.709907286719e+02,2.526075439453e+02,0.000000000000e+00,1.026763202059e+00,5.562063041259e+01,5.549584268143e+04,1.090000000000e+02
7.330000000000e+02,1.032562473647e+08,5.926270554941e+04,8.159395281756e+05,4.495957050657e-01,3.000192745731e+02,-1.692809025165e-04,-1.845161837430e-02,0.000000000000e+00,5.383571481103e+01,7.437027178662e+02,0.000000000000e+00,0.000000000000e+00,0.000000000000e+00,0.000000000000e+00,5.393899752602e-04,5.879350730337e-02,2.709640624830e+02,2.526165313721e+02,0.000000000000e+00,1.033619901286e+00,5.383571481103e+01,5.549570951087e+04,1.090000000000e+02
7.340000000000e+02,1.032555175309e+08,5.994218767600e+04,8.206755258537e+05,4.512448911088e-01,3.006586036648e+02,-1.247903257475e-04,-1.360214550648e-02,0.000000000000e+00,5.034847594277e+01,7.298306025311e+02,0.000000000000e+00,0.000000000000e+00,0.000000000000e+00,0.000000000000e+00,6.584866614195e-04,7.177504609472e-02,2.709359831800e+02,2.526100158691e+02,0.000000000000e+00,1.040265351176e+00,5.034847594277e+01,5.549556824335e+04,1.090000000000e+02
7.350000000000e+02,1.032547988464e+08,6.062145630455e+04,8.260885364472e+05,4.532530645218e-01,3.013041701527e+02,-1.131654954266e-04,-1.233503900150e-02,0.000000000000e+00,3.941372724990e+01,7.186823557993e+02,0.000000000000e+00,0.000000000000e+00,0.000000000000e+00,0.000000000000e+00,7.832135750945e-04,8.537027968530e-02,2.708156536783e+02,2.508502655029e+02,0.000000000000e+00,1.048966809723e+00,3.941372724990e+01,5.549495075096e+04,1.090000000000e+02
7.360000000000e+02,1.032540873895e+08,6.130901466727e+04,8.315163285061e+05,4.554042021081e-01,3.018552667238e+02,-1.188799089721e-04,-1.295791007796e-02,0.000000000000e+00,2.389763800134e+01,7.114560007186e+02,0.000000000000e+00,0.000000000000e+00,0.000000000000e+00,0.000000000000e+00,7.802378166302e-04,8.504592201269e-02,2.706782893855e+02,2.500630798340e+02,0.000000000000e+00,1.059223257582e+00,2.389763800134e+01,5.549422209725e+04,1.090000000000e+02
7.370000000000e+02,1.032533847093e+08,6.199335056259e+04,8.372729583863e+05,4.577073973234e-01,3.024183775097e+02,-1.269306895181e-04,-1.383544515747e-02,0.000000000000e+00,1.834145702247e+01,7.026773523484e+02,0.000000000000e+00,0.000000000000e+00,0.000000000000e+00,0.000000000000e+00,8.260396200883e-04,9.003831858962e-02,2.705842195062e+02,2.503898010254e+02,0.000000000000e+00,1.066448723016e+00,1.834145702247e+01,5.549370768797e+04,1.090000000000e+02
7.380000000000e+02,1.032526944871e+08,6.266078578379e+04,8.416218876549e+05,4.589051235590e-01,3.031958444981e+02,-1.328103933746e-04,-1.447633287784e-02,0.000000000000e+00,2.278588641994e+01,6.902211076145e+02,0.000000000000e+00,0.000000000000e+00,0.000000000000e+00,0.000000000000e+00,5.861853965847e-04,6.389420822773e-02,2.705827927881e+02,2.510000000000e+02,0.000000000000e+00,1.074972636443e+00,2.278588641994e+01,5.549369807928e+04,1.090000000000e+02
7.390000000000e+02,1.032520195665e+08,6.330963588701e+04,8.454381857923e+05,4.598867040782e-01,3.039209344935e+02,-1.293664502885e-04,-1.410094308144e-02,0.000000000000e+00,2.607070781989e+01,6.749208110445e+02,0.000000000000e+00,0.000000000000e+00,0.000000000000e+00,0.000000000000e+00,5.017028235161e-04,5.468560776326e-02,2.705721817119e+02,2.510683288574e+02,0.000000000000e+00,1.082232927498e+00,2.607070781989e+01,5.549363776672e+04,1.090000000000e+02
7.400000000000e+02,1.032513591887e+08,6.394352406533e+04,8.496930495465e+05,4.612237831180e-01,3.045651609235e+02,-1.263882598115e-04,-1.377632031946e-02,0.000000000000e+00,2.648920596337e+01,6.603773842867e+02,0.000000000000e+00,0.000000000000e+00,0.000000000000e+00,0.000000000000e+00,5.771084704231e-04,6.290482327612e-02,2.705670814323e+02,2.517420959473e+02,0.000000000000e+00,1.091997588114e+00,2.648920596337e+01,5.549360794178e+04,1.090000000000e+02
7.410000000000e+02,1.032507118708e+08,6.457222475011e+04,8.533241651207e+05,4.619482743155e-01,3.053901317347e+02,-1.100184675373e-04,-1.199201296157e-02,0.000000000000e+00,1.861811884775e+01,6.473188036260e+02,0.000000000000e+00,0.000000000000e+00,0.000000000000e+00,0.000000000000e+00,4.917281035970e-04,5.359836329207e-02,2.704662051829e+02,2.507825164795e+02,0.000000000000e+00,1.098532033420e+00,1.861811884775e+01,5.549304037018e+04,1.090000000000e+02
7.420000000000e+02,1.032500772063e+08,6.519009349245e+04,8.568883569316e+05,4.627564234178e-01,3.061304738541e+02,-9.759260034299e-05,-1.063759343739e-02,0.000000000000e+00,1.679433368894e+01,6.346630760232e+02,0.000000000000e+00,0.000000000000e+00,0.000000000000e+00,0.000000000000e+00,4.918044976808e-04,5.360669024720e-02,2.704561483976e+02,2.513494567871e+02,0.000000000000e+00,1.108034269480e+00,1.679433368894e+01,5.549298083490e+04,1.090000000000e+02
7.430000000000e+02,1.032494595485e+08,6.578579891036e+04,8.611888394211e+05,4.640695215623e-01,3.067963292370e+02,-1.174762928775e-04,-1.280491592365e-02,0.000000000000e+00,2.195363428456e+01,6.176590521958e+02,0.000000000000e+00,0.000000000000e+00,0.000000000000e+00,0.000000000000e+00,5.935041591610e-04,6.469195334855e-02,2.704561503814e+02,2.517384948730e+02,0.000000000000e+00,1.114749632202e+00,2.195363428456e+01,5.549297733311e+04,1.090000000000e+02
7.440000000000e+02,1.032488579635e+08,6.636710873569e+04,8.659301388212e+05,4.657125458918e-01,3.073981924246e+02,-1.562002107311e-04,-1.702582296969e-02,0.000000000000e+00,2.027461388450e+01,6.015844392181e+02,0.000000000000e+00,0.000000000000e+00,0.000000000000e+00,0.000000000000e+00,6.281675977236e-04,6.847026815187e-02,2.704217432261e+02,2.516017303467e+02,0.000000000000e+00,1.121876024535e+00,2.027461388450e+01,5.549277660258e+04,1.090000000000e+02
7.450000000000e+02,1.032482715880e+08,6.693570281085e+04,8.698591355868e+05,4.667479397643e-01,3.081092741513e+02,-1.580878911008e-04,-1.723158012999e-02,0.000000000000e+00,1.778124930947e+01,5.863753244707e+02,0.000000000000e+00,0.000000000000e+00,0.000000000000e+00,0.000000000000e+00,4.920837684547e-04,5.363713076156e-02,2.703816029866e+02,2.519206085205e+02,0.000000000000e+00,1.130920199367e+00,1.778124930947e+01,5.549254001093e+04,1.090000000000e+02
7.460000000000e+02,1.032477015731e+08,6.748841256538e+04,8.735464043251e+05,4.676166915599e-01,3.088415904737e+02,-1.499713686447e-04,-1.634687918228e-02,0.000000000000e+00,1.730374725684e+01,5.700135017807e+02,0.000000000000e+00,0.000000000000e+00,0.000000000000e+00,0.000000000000e+00,4.601422211546e-04,5.015550210585e-02,2.703487996256e+02,2.518365478516e+02,0.000000000000e+00,1.136694570169e+00,1.730374725684e+01,5.549234259817e+04,1.090000000000e+02
7.470000000000e+02,1.032471468289e+08,6.803222727766e+04,8.786644128936e+05,4.696101778180e-01,3.093357588227e+02,-1.493485352534e-04,-1.627899034262e-02,0.000000000000e+00,1.092975795301e+01,5.547444702412e+02,0.000000000000e+00,0.000000000000e+00,0.000000000000e+00,0.000000000000e+00,6.983889280394e-04,7.612439315629e-02,2.702469618181e+02,2.510751037598e+02,0.000000000000e+00,1.146616322495e+00,1.092975795301e+01,5.549173226049e+04,1.090000000000e+02
7.480000000000e+02,1.032466042403e+08,6.857390696694e+04,8.839072820054e+05,4.715670133741e-01,3.098961496170e+02,-1.281444061933e-04,-1.396774027507e-02,0.000000000000e+00,9.090110028575e-01,5.425887002780e+02,0.000000000000e+00,0.000000000000e+00,0.000000000000e+00,0.000000000000e+00,7.414314035129e-04,8.081602298291e-02,2.700751848123e+02,2.503266143799e+02,0.000000000000e+00,1.154040135071e+00,9.090110028575e-01,5.549067367748e+04,1.090000000000e+02
7.490000000000e+02,1.032460781255e+08,6.910002169340e+04,8.874873663854e+05,4.728049256518e-01,3.103399070906e+02,-1.235711396602e-04,-1.346925422296e-02,0.000000000000e+00,0.000000000000e+00,5.261147264591e+02,0.000000000000e+00,0.000000000000e+00,0.000000000000e+00,0.000000000000e+00,4.698628540744e-04,5.121505109411e-02,2.699850866466e+02,2.501602478027e+02,0.000000000000e+00,1.160989776234e+00,0.000000000000e+00,5.549009307498e+04,1.090000000000e+02
7.500000000000e+02,1.032455675809e+08,6.961056632298e+04,8.903418094198e+05,4.728313721226e-01,3.113227620154e+02,-1.294542942064e-04,-1.411051806850e-02,0.000000000000e+00,0.000000000000e+00,5.105446295805e+02,0.000000000000e+00,0.000000000000e+00,0.000000000000e+00,0.000000000000e+00,3.434757416773e-04,3.743885584283e-02,2.699289989527e+02,2.511623840332e+02,0.000000000000e+00,1.169564225018e+00,0.000000000000e+00,5.548971718276e+04,1.090000000000e+02
7.510000000000e+02,1.032450741917e+08,7.010395551950e+04,8.938135653494e+05,4.736961245689e-01,3.119686036431e+02,-1.429530868420e-04,-1.558188646578e-02,0.000000000000e+00,0.000000000000e+00,4.933891965240e+02,0.000000000000e+00,0.000000000000e+00,0.000000000000e+00,0.000000000000e+00,4.321955346771e-04,4.710931327980e-02,2.698653195552e+02,2.513104553223e+02,0.000000000000e+00,1.174870483439e+00,0.000000000000e+00,5.548928536125e+04,1.090000000000e+02
7.520000000000e+02,1.032445969226e+08,7.058122456452e+04,8.979658291188e+05,4.749837587570e-01,3.125723034614e+02,-1.132368571526e-04,-1.234281742964e-02,0.000000000000e+00,0.000000000000e+00,4.772690450183e+02,0.000000000000e+00,0.000000000000e+00,0.000000000000e+00,0.000000000000e+00,5.752111654374e-04,6.269801703267e-02,2.697589824005e+02,2.510350799561e+02,0.000000000000e+00,1.179711022680e+00,0.000000000000e+00,5.548856297981e+04,1.090000000000e+02
7.530000000000e+02,1.032441356289e+08,7.104251826147e+04,9.024505956363e+05,4.764664108609e-01,3.131604751063e+02,-1.273082826841e-04,-1.387660281256e-02,0.000000000000e+00,0.000000000000e+00,4.612936969488e+02,0.000000000000e+00,0.000000000000e+00,0.000000000000e+00,0.000000000000e+00,6.163707575193e-04,6.718441256960e-02,2.696423348732e+02,2.509133758545e+02,0.000000000000e+00,1.185015259107e+00,0.000000000000e+00,5.548775236567e+04,1.090000000000e+02
7.540000000000e+02,1.032436891884e+08,7.148895877590e+04,9.075657509324e+05,4.784159703664e-01,3.136589801676e+02,-1.489568092927e-04,-1.623629221291e-02,0.000000000000e+00,0.000000000000e+00,4.464405144329e+02,0.000000000000e+00,0.000000000000e+00,0.000000000000e+00,0.000000000000e+00,7.000604396339e-04,7.630658792009e-02,2.694716951166e+02,2.503815002441e+02,0.000000000000e+00,1.192051134282e+00,0.000000000000e+00,5.548654013784e+04,1.090000000000e+02
7.550000000000e+02,1.032433518237e+08,7.182632344632e+04,9.117577053442e+05,4.792826908391e-01,3.145473603591e+02,-1.430111491453e-04,-1.558821525684e-02,0.000000000000e+00,0.000000000000e+00,3.373646704142e+02,0.000000000000e+00,0.000000000000e+00,0.000000000000e+00,0.000000000000e+00,5.546245659070e-04,6.045407768387e-02,2.692493884396e+02,2.495313720703e+02,0.000000000000e+00,1.194469924521e+00,0.000000000000e+00,5.548487476596e+04,1.090000000000e+02
7.560000000000e+02,1.032430588245e+08,7.211932269620e+04,9.151464255353e+05,4.800590974680e-01,3.152136419600e+02,-1.527907396537e-04,-1.665419062225e-02,0.000000000000e+00,0.000000000000e+00,2.929992498828e+02,0.000000000000e+00,0.000000000000e+00,0.000000000000e+00,0.000000000000e+00,4.112793465252e-04,4.482944877124e-02,2.690740269777e+02,2.494858703613e+02,0.000000000000e+00,1.197031248032e+00,0.000000000000e+00,5.548349998165e+04,1.090000000000e+02
7.570000000000e+02,1.032426591391e+08,7.251900810859e+04,9.183967145996e+05,4.807064762584e-01,3.159121283694e+02,-1.524382539930e-04,-1.661576968523e-02,0.000000000000e+00,0.000000000000e+00,3.996854123916e+02,0.000000000000e+00,0.000000000000e+00,0.000000000000e+00,0.000000000000e+00,3.873899805042e-04,4.222550787496e-02,2.689601441160e+02,2.502594757080e+02,0.000000000000e+00,1.203043885108e+00,0.000000000000e+00,5.548262879005e+04,1.090000000000e+02
7.580000000000e+02,1.032422342769e+08,7.294387029817e+04,9.218496075735e+05,4.815127637818e-01,3.165762377483e+02,-1.330767015280e-04,-1.450536046655e-02,0.000000000000e+00,0.000000000000e+00,4.248621895759e+02,0.000000000000e+00,0.000000000000e+00,0.000000000000e+00,0.000000000000e+00,4.414151793344e-04,4.811425454745e-02,2.688000255716e+02,2.504782257080e+02,0.000000000000e+00,1.206885944150e+00,0.000000000000e+00,5.548134117838e+04,1.090000000000e+02
7.590000000000e+02,1.032418399127e+08,7.333823453098e+04,9.256803817982e+05,4.826862782439e-01,3.171292962829e+02,-1.212961166654e-04,-1.322127671653e-02,0.000000000000e+00,0.000000000000e+00,3.943642328145e+02,0.000000000000e+00,0.000000000000e+00,0.000000000000e+00,0.000000000000e+00,5.171635370976e-04,5.637082554363e-02,2.685821931678e+02,2.498409729004e+02,0.000000000000e+00,1.210520181220e+00,0.000000000000e+00,5.547952698116e+04,1.090000000000e+02
7.600000000000e+02,1.032414682715e+08,7.370987575381e+04,9.303125880344e+05,4.842106080328e-01,3.177187247944e+02,-1.458496294572e-04,-1.589760961084e-02,0.000000000000e+00,0.000000000000e+00,3.716412228301e+02,0.000000000000e+00,0.000000000000e+00,0.000000000000e+00,0.000000000000e+00,6.229666956892e-04,6.790336983012e-02,2.684649300086e+02,2.503921813965e+02,0.000000000000e+00,1.214443073526e+00,0.000000000000e+00,5.547851199474e+04,1.090000000000e+02
7.610000000000e+02,1.032411181558e+08,7.405999140904e+04,9.346581034772e+05,4.855719619648e-01,3.183169011140e+02,-1.565225626732e-04,-1.706095933138e-02,0.000000000000e+00,0.000000000000e+00,3.501156552271e+02,0.000000000000e+00,0.000000000000e+00,0.000000000000e+00,0.000000000000e+00,5.664621234416e-04,6.174437145513e-02,2.682869633410e+02,2.503721160889e+02,0.000000000000e+00,1.216648909098e+00,0.000000000000e+00,5.547694099015e+04,1.090000000000e+02
7.620000000000e+02,1.032407880921e+08,7.439005513961e+04,9.388108240878e+05,4.868330704401e-01,3.189062089186e+02,-1.778469442231e-04,-1.938531692032e-02,0.000000000000e+00,0.000000000000e+00,3.300637305743e+02,0.000000000000e+00,0.000000000000e+00,0.000000000000e+00,0.000000000000e+00,5.104785688849e-04,5.564216400845e-02,2.682252913033e+02,2.512306823730e+02,0.000000000000e+00,1.217629279305e+00,0.000000000000e+00,5.547637562211e+04,1.090000000000e+02
7.630000000000e+02,1.032404799730e+08,7.469817418465e+04,9.440977597577e+05,4.888754857665e-01,3.193619260540e+02,-2.104133279024e-04,-2.293505274136e-02,0.000000000000e+00,0.000000000000e+00,3.081190450390e+02,0.000000000000e+00,0.000000000000e+00,0.000000000000e+00,0.000000000000e+00,6.637138800848e-04,7.234481292925e-02,2.682346487245e+02,2.528276824951e+02,0.000000000000e+00,1.217912213916e+00,0.000000000000e+00,5.547644354671e+04,1.090000000000e+02
7.640000000000e+02,1.032401917777e+08,7.498636947069e+04,9.498676892446e+05,4.911854713145e-01,3.198059605391e+02,-1.894265945189e-04,-2.064749880256e-02,0.000000000000e+00,0.000000000000e+00,2.881952860388e+02,0.000000000000e+00,0.000000000000e+00,0.000000000000e+00,0.000000000000e+00,7.663977409519e-04,8.353735376376e-02,2.681719400959e+02,2.528637695313e+02,0.000000000000e+00,1.219459558136e+00,0.000000000000e+00,5.547586734102e+04,1.090000000000e+02
7.650000000000e+02,1.032399201418e+08,7.525800538790e+04,9.553561025207e+05,4.933003427782e-01,3.202811873102e+02,-1.445326222459e-04,-1.575405582481e-02,0.000000000000e+00,0.000000000000e+00,2.716359172103e+02,0.000000000000e+00,0.000000000000e+00,0.000000000000e+00,0.000000000000e+00,7.662449640394e-04,8.352070108030e-02,2.680525126225e+02,2.530167694092e+02,0.000000000000e+00,1.219214961300e+00,0.000000000000e+00,5.547476841730e+04,1.090000000000e+02
7.660000000000e+02,1.032396647463e+08,7.551340095028e+04,9.610568230647e+05,4.955710876377e-01,3.207189207501e+02,-1.348617582575e-04,-1.469993165007e-02,0.000000000000e+00,0.000000000000e+00,2.553955623745e+02,0.000000000000e+00,0.000000000000e+00,0.000000000000e+00,0.000000000000e+00,8.093423439157e-04,8.821831548681e-02,2.679993322465e+02,2.537395019531e+02,0.000000000000e+00,1.218809640981e+00,0.000000000000e+00,5.547426976692e+04,1.090000000000e+02
7.670000000000e+02,1.032394251074e+08,7.575303984879e+04,9.668423152455e+05,4.978763290643e-01,3.211590860947e+02,-1.496977551391e-04,-1.631705531016e-02,0.000000000000e+00,0.000000000000e+00,2.396388985150e+02,0.000000000000e+00,0.000000000000e+00,0.000000000000e+00,0.000000000000e+00,8.087834731297e-04,8.815739857114e-02,2.679376701179e+02,2.539246063232e+02,0.000000000000e+00,1.219550381722e+00,0.000000000000e+00,5.547368757522e+04,1.090000000000e+02
7.680000000000e+02,1.032391997275e+08,7.597841967297e+04,9.728892920087e+05,5.003632456587e-01,3.215652602463e+02,-1.543648073966e-04,-1.682576400623e-02,0.000000000000e+00,0.000000000000e+00,2.253798241737e+02,0.000000000000e+00,0.000000000000e+00,0.000000000000e+00,0.000000000000e+00,8.475639019228e-04,9.238446530959e-02,2.678697703373e+02,2.538435516357e+02,0.000000000000e+00,1.219253011849e+00,0.000000000000e+00,5.547304237661e+04,1.090000000000e+02
7.690000000000e+02,1.032389870250e+08,7.619112217151e+04,9.793530409455e+05,5.031184823120e-01,3.219344177128e+02,-1.370787692861e-04,-1.494158585218e-02,0.000000000000e+00,0.000000000000e+00,2.127024985452e+02,0.000000000000e+00,0.000000000000e+00,0.000000000000e+00,0.000000000000e+00,9.346393737307e-04,1.018756917366e-01,2.677727614465e+02,2.538814697266e+02,0.000000000000e+00,1.221314514433e+00,0.000000000000e+00,5.547211077452e+04,1.090000000000e+02
7.700000000000e+02,1.032387841036e+08,7.639404357523e+04,9.851909627973e+05,5.054250689466e-01,3.223865864111e+02,-1.268321797578e-04,-1.382470759361e-02,0.000000000000e+00,0.000000000000e+00,2.029214037179e+02,0.000000000000e+00,0.000000000000e+00,0.000000000000e+00,0.000000000000e+00,8.442742416173e-04,9.202589233628e-02,2.675786821667e+02,2.527250061035e+02,0.000000000000e+00,1.221627470162e+00,0.000000000000e+00,5.547020699508e+04,1.090000000000e+02
7.710000000000e+02,1.032385896878e+08,7.658845939993e+04,9.905958872005e+05,5.074783024945e-01,3.228542900946e+02,-1.335040759296e-04,-1.455194427633e-02,0.000000000000e+00,0.000000000000e+00,1.944158246978e+02,0.000000000000e+00,0.000000000000e+00,0.000000000000e+00,0.000000000000e+00,7.657810454533e-04,8.347013395441e-02,2.673991307065e+02,2.526265106201e+02,0.000000000000e+00,1.222761128202e+00,0.000000000000e+00,5.546839544264e+04,1.090000000000e+02
7.720000000000e+02,1.032384043450e+08,7.677380225168e+04,9.959088224285e+05,5.094666484884e-01,3.233270823891e+02,-1.414169040636e-04,-1.541444254293e-02,0.000000000000e+00,0.000000000000e+00,1.853428517579e+02,0.000000000000e+00,0.000000000000e+00,0.000000000000e+00,0.000000000000e+00,7.413999605981e-04,8.081259570520e-02,2.672665462448e+02,2.530519561768e+02,0.000000000000e+00,1.222815827667e+00,0.000000000000e+00,5.546702475326e+04,1.090000000000e+02
7.730000000000e+02,1.032382274904e+08,7.695065683663e+04,1.002509786631e+06,5.123481950911e-01,3.236489886817e+02,-1.270879828519e-04,-1.385259013085e-02,0.000000000000e+00,0.000000000000e+00,1.768545849465e+02,0.000000000000e+00,0.000000000000e+00,0.000000000000e+00,0.000000000000e+00,9.695226318442e-04,1.056779668710e-01,2.671146120829e+02,2.524792022705e+02,0.000000000000e+00,1.223356551363e+00,0.000000000000e+00,5.546541931831e+04,1.090000000000e+02
7.740000000000e+02,1.032380588675e+08,7.711927966236e+04,1.007870313962e+06,5.142732275220e-01,3.241686234162e+02,-1.376545715754e-04,-1.500434830172e-02,0.000000000000e+00,0.000000000000e+00,1.686228257267e+02,0.000000000000e+00,0.000000000000e+00,0.000000000000e+00,0.000000000000e+00,7.526133254739e-04,8.203485247666e-02,2.670032325302e+02,2.520738525391e+02,0.000000000000e+00,1.223355960892e+00,0.000000000000e+00,5.546422076770e+04,1.090000000000e+02
7.750000000000e+02,1.032381228007e+08,7.705534650943e+04,1.011974242427e+06,5.153962445033e-01,3.247898695466e+02,-1.513357545336e-04,-1.649559724416e-02,0.000000000000e+00,0.000000000000e+00,-6.393315292442e+01,0.000000000000e+00,0.000000000000e+00,0.000000000000e+00,0.000000000000e+00,5.328975607283e-04,5.808583411939e-02,2.668525283498e+02,2.520551757812e+02,0.000000000000e+00,1.218058309694e+00,0.000000000000e+00,5.546243115357e+04,1.090000000000e+02
7.760000000000e+02,1.032379798394e+08,7.719830776230e+04,1.016533021615e+06,5.168941283262e-01,3.253150768302e+02,-1.508844207099e-04,-1.644640185737e-02,0.000000000000e+00,0.000000000000e+00,1.429612528660e+02,0.000000000000e+00,0.000000000000e+00,0.000000000000e+00,0.000000000000e+00,6.070888088010e-04,6.617268015930e-02,2.667302918050e+02,2.516903991699e+02,0.000000000000e+00,1.220035727773e+00,0.000000000000e+00,5.546115123928e+04,1.090000000000e+02
7.770000000000e+02,1.032377848471e+08,7.739330010897e+04,1.020546235662e+06,5.181067724464e-01,3.258464683174e+02,-1.346699231202e-04,-1.467902162010e-02,0.000000000000e+00,0.000000000000e+00,1.949923466667e+02,0.000000000000e+00,0.000000000000e+00,0.000000000000e+00,0.000000000000e+00,5.351380351785e-04,5.833004583446e-02,2.665570049131e+02,2.509975128174e+02,0.000000000000e+00,1.222257949995e+00,0.000000000000e+00,5.545919866425e+04,1.090000000000e+02
7.780000000000e+02,1.032376117005e+08,7.756644674072e+04,1.023819909152e+06,5.187760160784e-01,3.264771774623e+02,-1.335204414365e-04,-1.455372811658e-02,0.000000000000e+00,0.000000000000e+00,1.731466317578e+02,0.000000000000e+00,0.000000000000e+00,0.000000000000e+00,0.000000000000e+00,4.117458034744e-04,4.488029257871e-02,2.664513129732e+02,2.515601043701e+02,0.000000000000e+00,1.223461653699e+00,0.000000000000e+00,5.545798123710e+04,1.090000000000e+02
7.790000000000e+02,1.032374522593e+08,7.772588788824e+04,1.028156520230e+06,5.202675224016e-01,3.269210834779e+02,-1.408501602657e-04,-1.535266746896e-02,0.000000000000e+00,0.000000000000e+00,1.594411475203e+02,0.000000000000e+00,0.000000000000e+00,0.000000000000e+00,0.000000000000e+00,5.770416559208e-04,6.289754049537e-02,2.664369480353e+02,2.528369598389e+02,0.000000000000e+00,1.223924616662e+00,0.000000000000e+00,5.545782032761e+04,1.090000000000e+02
7.800000000000e+02,1.032373025265e+08,7.787562069307e+04,1.033216304684e+06,5.221080548266e-01,3.273826240244e+02,-1.436488688850e-04,-1.565772670846e-02,0.000000000000e+00,0.000000000000e+00,1.497328048294e+02,0.000000000000e+00,0.000000000000e+00,0.000000000000e+00,0.000000000000e+00,6.990333213169e-04,7.619463202354e-02,2.662826994615e+02,2.511847381592e+02,0.000000000000e+00,1.224361898115e+00,0.000000000000e+00,5.545598869567e+04,1.090000000000e+02
7.810000000000e+02,1.032371589255e+08,7.801922165238e+04,1.037057076419e+06,5.230670375658e-01,3.280139771538e+02,-1.218418242570e-04,-1.328075884402e-02,0.000000000000e+00,0.000000000000e+00,1.436009593107e+02,0.000000000000e+00,0.000000000000e+00,0.000000000000e+00,0.000000000000e+00,5.223514670762e-04,5.693630991131e-02,2.660492658136e+02,2.503520812988e+02,0.000000000000e+00,1.225121620337e+00,0.000000000000e+00,5.545314653499e+04,1.090000000000e+02
7.820000000000e+02,1.032370210189e+08,7.815712826103e+04,1.040715737506e+06,5.240530822986e-01,3.285626794418e+02,-9.486842286418e-05,-1.034065809220e-02,0.000000000000e+00,0.000000000000e+00,1.379066086424e+02,0.000000000000e+00,0.000000000000e+00,0.000000000000e+00,0.000000000000e+00,5.161163006766e-04,5.625667677375e-02,2.659022273139e+02,2.515233459473e+02,0.000000000000e+00,1.225584583300e+00,0.000000000000e+00,5.545131635081e+04,1.090000000000e+02
7.830000000000e+02,1.032368896594e+08,7.828848780357e+04,1.044918399363e+06,5.252282327776e-01,3.291545109023e+02,-8.895709459808e-05,-9.696323311190e-03,0.000000000000e+00,0.000000000000e+00,1.313595425456e+02,0.000000000000e+00,0.000000000000e+00,0.000000000000e+00,0.000000000000e+00,6.079981486440e-04,6.627179820220e-02,2.658602458370e+02,2.524405059814e+02,0.000000000000e+00,1.224881504837e+00,0.000000000000e+00,5.545079268809e+04,1.090000000000e+02
7.840000000000e+02,1.032367654257e+08,7.841272142376e+04,1.049967583288e+06,5.270595849599e-01,3.295954607390e+02,-1.104354435652e-04,-1.203746334861e-02,0.000000000000e+00,0.000000000000e+00,1.242336201916e+02,0.000000000000e+00,0.000000000000e+00,0.000000000000e+00,0.000000000000e+00,7.247684787372e-04,7.899976418235e-02,2.658643998704e+02,2.527494659424e+02,0.000000000000e+00,1.224525925367e+00,0.000000000000e+00,5.545085077941e+04,1.090000000000e+02
7.850000000000e+02,1.032366485570e+08,7.852959019481e+04,1.055378992694e+06,5.293809486780e-01,3.298395898467e+02,-1.210288696711e-04,-1.319214679415e-02,0.000000000000e+00,0.000000000000e+00,1.168687710501e+02,0.000000000000e+00,0.000000000000e+00,0.000000000000e+00,0.000000000000e+00,7.733186851904e-04,8.429173668575e-02,2.658882535529e+02,2.531639709473e+02,0.000000000000e+00,1.220425560051e+00,0.000000000000e+00,5.545115792543e+04,1.090000000000e+02
7.860000000000e+02,1.032365378295e+08,7.864031764114e+04,1.060981117515e+06,5.314417221863e-01,3.303041737071e+02,-1.346721309211e-04,-1.467926227040e-02,0.000000000000e+00,0.000000000000e+00,1.107274463279e+02,0.000000000000e+00,0.000000000000e+00,0.000000000000e+00,0.000000000000e+00,7.919514284102e-04,8.632270569671e-02,2.658939126386e+02,2.537136688232e+02,0.000000000000e+00,1.219020581562e+00,0.000000000000e+00,5.545123389888e+04,1.090000000000e+02
7.870000000000e+02,1.032364314195e+08,7.874672761324e+04,1.066260367004e+06,5.333636288818e-01,3.307628468534e+02,-1.137047931490e-04,-1.239382245324e-02,0.000000000000e+00,0.000000000000e+00,1.064099720988e+02,0.000000000000e+00,0.000000000000e+00,0.000000000000e+00,0.000000000000e+00,7.657478741918e-04,8.346651828690e-02,2.657457174222e+02,2.519697570801e+02,0.000000000000e+00,1.219390951932e+00,0.000000000000e+00,5.544934613018e+04,1.090000000000e+02
7.880000000000e+02,1.032363284151e+08,7.884973199267e+04,1.072146147712e+06,5.355685548055e-01,3.312262602010e+02,-1.169918953486e-04,-1.275211659300e-02,0.000000000000e+00,0.000000000000e+00,1.030043794319e+02,0.000000000000e+00,0.000000000000e+00,0.000000000000e+00,0.000000000000e+00,8.605048988702e-04,9.379503397686e-02,2.656562013414e+02,2.524085693359e+02,0.000000000000e+00,1.219598570049e+00,0.000000000000e+00,5.544819939783e+04,1.090000000000e+02
7.890000000000e+02,1.032364123561e+08,7.876579109057e+04,1.078049469829e+06,5.378122361175e-01,3.316647282245e+02,-1.262336116963e-04,-1.375946367490e-02,0.000000000000e+00,0.000000000000e+00,-8.394090210324e+01,0.000000000000e+00,0.000000000000e+00,0.000000000000e+00,0.000000000000e+00,8.527454500383e-04,9.294925405417e-02,2.656116134992e+02,2.533397979736e+02,0.000000000000e+00,1.214764626030e+00,0.000000000000e+00,5.544750642323e+04,1.090000000000e+02
7.900000000000e+02,1.032363869016e+08,7.879124559290e+04,1.082821976769e+06,5.393451443757e-01,3.321893585972e+02,-9.994894914383e-05,-1.089443545668e-02,0.000000000000e+00,0.000000000000e+00,2.545450232969e+01,0.000000000000e+00,0.000000000000e+00,0.000000000000e+00,0.000000000000e+00,6.914186035122e-04,7.536462778283e-02,2.655674280397e+02,2.535629119873e+02,0.000000000000e+00,1.216051663067e+00,0.000000000000e+00,5.544697739933e+04,1.090000000000e+02
7.910000000000e+02,1.032362451985e+08,7.893294869176e+04,1.087078208536e+06,5.407223823368e-01,3.326497400352e+02,-8.064604255080e-05,-8.790418638037e-03,0.000000000000e+00,0.000000000000e+00,1.417030988584e+02,0.000000000000e+00,0.000000000000e+00,0.000000000000e+00,0.000000000000e+00,6.257952685586e-04,6.821168427289e-02,2.655119889428e+02,2.533247375488e+02,0.000000000000e+00,1.216695508249e+00,0.000000000000e+00,5.544629945097e+04,1.090000000000e+02
7.920000000000e+02,1.032361262922e+08,7.905185492004e+04,1.091415153631e+06,5.421139010439e-01,3.331239402111e+02,-7.928610790258e-05,-8.642185761381e-03,0.000000000000e+00,0.000000000000e+00,1.189062282858e+02,0.000000000000e+00,0.000000000000e+00,0.000000000000e+00,0.000000000000e+00,6.406718101683e-04,6.983322730835e-02,2.654557757155e+02,2.534742431641e+02,0.000000000000e+00,1.217360949131e+00,0.000000000000e+00,5.544557731056e+04,1.090000000000e+02
7.930000000000e+02,1.032360173459e+08,7.916080125882e+04,1.095327713622e+06,5.432321515096e-01,3.336365432567e+02,-6.397816609592e-05,-6.973620104455e-03,0.000000000000e+00,0.000000000000e+00,1.089463387782e+02,0.000000000000e+00,0.000000000000e+00,0.000000000000e+00,0.000000000000e+00,5.869992298097e-04,6.398291604925e-02,2.653728016202e+02,2.537136230469e+02,0.000000000000e+00,1.217162518806e+00,0.000000000000e+00,5.544448138326e+04,1.090000000000e+02
7.940000000000e+02,1.032359151933e+08,7.926295388623e+04,1.099213852565e+06,5.443065195366e-01,3.341593968590e+02,-5.982308087542e-05,-6.520715815421e-03,0.000000000000e+00,0.000000000000e+00,1.021526274085e+02,0.000000000000e+00,0.000000000000e+00,0.000000000000e+00,0.000000000000e+00,5.832171233316e-04,6.357066644315e-02,2.653711352297e+02,2.548011016846e+02,0.000000000000e+00,1.217532889176e+00,0.000000000000e+00,5.544447953340e+04,1.090000000000e+02
7.950000000000e+02,1.032358185507e+08,7.935959640659e+04,1.103690049756e+06,5.456449568680e-01,3.347012499975e+02,-6.996721645827e-05,-7.626426593951e-03,0.000000000000e+00,0.000000000000e+00,9.664252036139e+01,0.000000000000e+00,0.000000000000e+00,0.000000000000e+00,0.000000000000e+00,6.729423760946e-04,7.335071899431e-02,2.653200150306e+02,2.546492462158e+02,0.000000000000e+00,1.217547680077e+00,0.000000000000e+00,5.544379984176e+04,1.090000000000e+02
7.960000000000e+02,1.032357259454e+08,7.945220176979e+04,1.106992711404e+06,5.463196147496e-01,3.352966467383e+02,-5.570098798577e-05,-6.071407690449e-03,0.000000000000e+00,0.000000000000e+00,9.260536319630e+01,0.000000000000e+00,0.000000000000e+00,0.000000000000e+00,0.000000000000e+00,4.953831209381e-04,5.399676018225e-02,2.652173027626e+02,2.534848632813e+02,0.000000000000e+00,1.218095291266e+00,0.000000000000e+00,5.544241107613e+04,1.090000000000e+02
7.970000000000e+02,1.032356366169e+08,7.954153025268e+04,1.110257514973e+06,5.470577360177e-01,3.358407045720e+02,-4.437555290968e-05,-4.836935267155e-03,0.000000000000e+00,0.000000000000e+00,8.932848289340e+01,0.000000000000e+00,0.000000000000e+00,0.000000000000e+00,0.000000000000e+00,5.007440287837e-04,5.458109913742e-02,2.651097048222e+02,2.530272521973e+02,0.000000000000e+00,1.216881328544e+00,0.000000000000e+00,5.544094020594e+04,1.090000000000e+02
7.980000000000e+02,1.032355503510e+08,7.962779615906e+04,1.114695442834e+06,5.484991994292e-01,3.363035874390e+02,-6.565515970649e-05,-7.156412408007e-03,0.000000000000e+00,0.000000000000e+00,8.626590638388e+01,0.000000000000e+00,0.000000000000e+00,0.000000000000e+00,0.000000000000e+00,6.723370623600e-04,7.328473979724e-02,2.650309237445e+02,2.532356414795e+02,0.000000000000e+00,1.216500648417e+00,0.000000000000e+00,5.543985646407e+04,1.090000000000e+02
7.990000000000e+02,1.032354671893e+08,7.971095784749e+04,1.118522717375e+06,5.494959398636e-01,3.368485510156e+02,-8.020124549536e-05,-8.741935758994e-03,0.000000000000e+00,0.000000000000e+00,8.316168842364e+01,0.000000000000e+00,0.000000000000e+00,0.000000000000e+00,0.000000000000e+00,5.544598740854e-04,6.043612627531e-02,2.650016110561e+02,2.536759490967e+02,0.000000000000e+00,1.215410242334e+00,0.000000000000e+00,5.543946279090e+04,1.090000000000e+02
8.000000000000e+02,1.032353870997e+08,7.979104741416e+04,1.121829286365e+06,5.502537832118e-01,3.373814023301e+02,-9.314209252841e-05,-1.015248808560e-02,0.000000000000e+00,0.000000000000e+00,8.008956667592e+01,0.000000000000e+00,0.000000000000e+00,0.000000000000e+00,0.000000000000e+00,4.553391537694e-04,4.963196776087e-02,2.649731379300e+02,2.542370605469e+02,0.000000000000e+00,1.213567400736e+00,0.000000000000e+00,5.543907539773e+04,1.090000000000e+02
8.010000000000e+02,1.032353097150e+08,7.986843211830e+04,1.125019197636e+06,5.508722430922e-01,3.379656215275e+02,-8.657284768936e-05,-9.436440398140e-03,0.000000000000e+00,0.000000000000e+00,7.738470413477e+01,0.000000000000e+00,0.000000000000e+00,0.000000000000e+00,0.000000000000e+00,4.439109394971e-04,4.838629240518e-02,2.649175731401e+02,2.541549987793e+02,0.000000000000e+00,1.212870189353e+00,0.000000000000e+00,5.543830033724e+04,1.090000000000e+02
8.020000000000e+02,1.032352346649e+08,7.994348230351e+04,1.128645227386e+06,5.518194028255e-01,3.384773718081e+02,-7.018511671255e-05,-7.650177721668e-03,0.000000000000e+00,0.000000000000e+00,7.505018521108e+01,0.000000000000e+00,0.000000000000e+00,0.000000000000e+00,0.000000000000e+00,5.323153253496e-04,5.802237046311e-02,2.648657426382e+02,2.539223632813e+02,0.000000000000e+00,1.213147967131e+00,0.000000000000e+00,5.543757674150e+04,1.090000000000e+02
8.030000000000e+02,1.032351618103e+08,8.001633689041e+04,1.131972993601e+06,5.525349924778e-01,3.390395865844e+02,-5.330540415323e-05,-5.810289052702e-03,0.000000000000e+00,0.000000000000e+00,7.285458690338e+01,0.000000000000e+00,0.000000000000e+00,0.000000000000e+00,0.000000000000e+00,4.995471376140e-04,5.445063799993e-02,2.648203816059e+02,2.538805236816e+02,0.000000000000e+00,1.213147967131e+00,0.000000000000e+00,5.543694274819e+04,1.090000000000e+02
8.040000000000e+02,1.032350908588e+08,8.008728839473e+04,1.134588887946e+06,5.528364102240e-01,3.396456582300e+02,-3.690449063173e-05,-4.022589478858e-03,0.000000000000e+00,0.000000000000e+00,7.095150431535e+01,0.000000000000e+00,0.000000000000e+00,0.000000000000e+00,0.000000000000e+00,4.003443890429e-04,4.363753840568e-02,2.647307863831e+02,2.531322937012e+02,0.000000000000e+00,1.213240559724e+00,0.000000000000e+00,5.543566147719e+04,1.090000000000e+02
8.050000000000e+02,1.032350218026e+08,8.015634452368e+04,1.138774024317e+06,5.541810435519e-01,3.400729503779e+02,-5.104902234602e-05,-5.564343435716e-03,0.000000000000e+00,0.000000000000e+00,6.905612895208e+01,0.000000000000e+00,0.000000000000e+00,0.000000000000e+00,0.000000000000e+00,6.424459485419e-04,7.002660839107e-02,2.647115654105e+02,2.538346862793e+02,0.000000000000e+00,1.212570904984e+00,0.000000000000e+00,5.543540376931e+04,1.090000000000e+02
8.060000000000e+02,1.032349547559e+08,8.022339126256e+04,1.142552721711e+06,5.551455703783e-01,3.406117685395e+02,-6.205601592294e-05,-6.764105735600e-03,0.000000000000e+00,0.000000000000e+00,6.704673887434e+01,0.000000000000e+00,0.000000000000e+00,0.000000000000e+00,0.000000000000e+00,5.650733137103e-04,6.159299119442e-02,2.646749360440e+02,2.539913330078e+02,0.000000000000e+00,1.212570904984e+00,0.000000000000e+00,5.543488435814e+04,1.090000000000e+02
8.070000000000e+02,1.032348894501e+08,8.028869704693e+04,1.146234274358e+06,5.561492625967e-01,3.410986811097e+02,-6.347013655149e-05,-6.918244884112e-03,0.000000000000e+00,0.000000000000e+00,6.530578437136e+01,0.000000000000e+00,0.000000000000e+00,0.000000000000e+00,0.000000000000e+00,5.491936251116e-04,5.986210513717e-02,2.646067764437e+02,2.537506408691e+02,0.000000000000e+00,1.212663497576e+00,0.000000000000e+00,5.543389785197e+04,1.090000000000e+02
8.080000000000e+02,1.032349195549e+08,8.025859224728e+04,1.149919881984e+06,5.570448478744e-01,3.416531147863e+02,-6.963805570214e-05,-7.590548071533e-03,0.000000000000e+00,0.000000000000e+00,-3.010479965063e+01,0.000000000000e+00,0.000000000000e+00,0.000000000000e+00,0.000000000000e+00,5.446884912283e-04,5.937104554389e-02,2.645236974071e+02,2.531352996826e+02,0.000000000000e+00,1.209700534613e+00,0.000000000000e+00,5.543262919526e+04,1.090000000000e+02
8.090000000000e+02,1.032349976151e+08,8.018053210991e+04,1.153092327007e+06,5.577191511962e-01,3.421783377596e+02,-4.985146616096e-05,-5.433809811544e-03,0.000000000000e+00,0.000000000000e+00,-7.806013736478e+01,0.000000000000e+00,0.000000000000e+00,0.000000000000e+00,0.000000000000e+00,4.734518994862e-04,5.160625704399e-02,2.645607093284e+02,2.549983367920e+02,0.000000000000e+00,1.207279882066e+00,0.000000000000e+00,5.543313700087e+04,1.090000000000e+02
8.100000000000e+02,1.032349324453e+08,8.024570189492e+04,1.156357331500e+06,5.584083200193e-01,3.427157564148e+02,-4.410821195992e-05,-4.807795103631e-03,0.000000000000e+00,0.000000000000e+00,6.516978500485e+01,0.000000000000e+00,0.000000000000e+00,0.000000000000e+00,0.000000000000e+00,4.918081227795e-04,5.360708538296e-02,2.646422161813e+02,2.559228820801e+02,0.000000000000e+00,1.208808179091e+00,0.000000000000e+00,5.543442536252e+04,1.090000000000e+02
8.110000000000e+02,1.032348385604e+08,8.033958675673e+04,1.159585140818e+06,5.591057602384e-01,3.432406732364e+02,-4.932713305802e-05,-5.376657503324e-03,0.000000000000e+00,0.000000000000e+00,9.388486180918e+01,0.000000000000e+00,0.000000000000e+00,0.000000000000e+00,0.000000000000e+00,4.831791109141e-04,5.266652308963e-02,2.646729435709e+02,2.558812561035e+02,0.000000000000e+00,1.208997945625e+00,0.000000000000e+00,5.543491376686e+04,1.090000000000e+02
8.120000000000e+02,1.032347571308e+08,8.042101632172e+04,1.162775562414e+06,5.597854044917e-01,3.437612158956e+02,-3.287921033921e-05,-3.583833926974e-03,0.000000000000e+00,0.000000000000e+00,8.142956499105e+01,0.000000000000e+00,0.000000000000e+00,0.000000000000e+00,0.000000000000e+00,4.917930498321e-04,5.360544243170e-02,2.647367540869e+02,2.567831115723e+02,0.000000000000e+00,1.208588288688e+00,0.000000000000e+00,5.543587354190e+04,1.090000000000e+02
8.130000000000e+02,1.032346820615e+08,8.049608567557e+04,1.166863012869e+06,5.610574763720e-01,3.441873076839e+02,-2.006162900672e-05,-2.186717561732e-03,0.000000000000e+00,0.000000000000e+00,7.506935385419e+01,0.000000000000e+00,0.000000000000e+00,0.000000000000e+00,0.000000000000e+00,6.562875178488e-04,7.153533944552e-02,2.647374098527e+02,2.560948791504e+02,0.000000000000e+00,1.208866066466e+00,0.000000000000e+00,5.543590222435e+04,1.090000000000e+02
8.140000000000e+02,1.032346109445e+08,8.056720266639e+04,1.171541162562e+06,5.626736806239e-01,3.445837656138e+02,-2.795857521447e-05,-3.047484698377e-03,0.000000000000e+00,0.000000000000e+00,7.111699081546e+01,0.000000000000e+00,0.000000000000e+00,0.000000000000e+00,0.000000000000e+00,7.513939244388e-04,8.190193776383e-02,2.646355459531e+02,2.543579406738e+02,0.000000000000e+00,1.209051251651e+00,0.000000000000e+00,5.543443171038e+04,1.090000000000e+02
8.150000000000e+02,1.032345426363e+08,8.063551085610e+04,1.176382072620e+06,5.643720001607e-01,3.449748350474e+02,-2.890527323806e-05,-3.150674782949e-03,0.000000000000e+00,0.000000000000e+00,6.830818970996e+01,0.000000000000e+00,0.000000000000e+00,0.000000000000e+00,0.000000000000e+00,7.770159974849e-04,8.469474372586e-02,2.645422405476e+02,2.539071044922e+02,0.000000000000e+00,1.209523473873e+00,0.000000000000e+00,5.543307780709e+04,1.090000000000e+02
8.160000000000e+02,1.032344767984e+08,8.070134880454e+04,1.180149552200e+06,5.653421028069e-01,3.454873090726e+02,-7.366874828318e-06,-8.029893562867e-04,0.000000000000e+00,0.000000000000e+00,6.583794844522e+01,0.000000000000e+00,0.000000000000e+00,0.000000000000e+00,0.000000000000e+00,6.170160949394e-04,6.725475434840e-02,2.645240840099e+02,2.550620422363e+02,0.000000000000e+00,1.209017278258e+00,0.000000000000e+00,5.543283484884e+04,1.090000000000e+02
8.170000000000e+02,1.032344132816e+08,8.076486560742e+04,1.183540883168e+06,5.661526375999e-01,3.459802821243e+02,-5.781113578073e-06,-6.301413800100e-04,0.000000000000e+00,0.000000000000e+00,6.351680287976e+01,0.000000000000e+00,0.000000000000e+00,0.000000000000e+00,0.000000000000e+00,5.533456530186e-04,6.031467617903e-02,2.645634328525e+02,2.561318969727e+02,0.000000000000e+00,1.207558460654e+00,0.000000000000e+00,5.543344289642e+04,1.090000000000e+02
8.180000000000e+02,1.032343519084e+08,8.082623874531e+04,1.187170183487e+06,5.670871654847e-01,3.464641397703e+02,-2.703832914693e-05,-2.947177877015e-03,0.000000000000e+00,0.000000000000e+00,6.137313789003e+01,0.000000000000e+00,0.000000000000e+00,0.000000000000e+00,0.000000000000e+00,5.706776177640e-04,6.220386033628e-02,2.646182605741e+02,2.568470153809e+02,0.000000000000e+00,1.207154224619e+00,0.000000000000e+00,5.543427148401e+04,1.090000000000e+02
8.190000000000e+02,1.032342924416e+08,8.088570552622e+04,1.190803557218e+06,5.680275853174e-01,3.469445348834e+02,-2.657116841706e-05,-2.896257357459e-03,0.000000000000e+00,0.000000000000e+00,5.946678090716e+01,0.000000000000e+00,0.000000000000e+00,0.000000000000e+00,0.000000000000e+00,5.721278746462e-04,6.236193833644e-02,2.646673241635e+02,2.572004699707e+02,0.000000000000e+00,1.205735436677e+00,0.000000000000e+00,5.543500858675e+04,1.090000000000e+02
8.200000000000e+02,1.032342346484e+08,8.094349882197e+04,1.194593598559e+06,5.690697772496e-01,3.474063262836e+02,-1.794280013205e-05,-1.955765214394e-03,0.000000000000e+00,0.000000000000e+00,5.779329575000e+01,0.000000000000e+00,0.000000000000e+00,0.000000000000e+00,0.000000000000e+00,6.064299298874e-04,6.610086235772e-02,2.647212328399e+02,2.573688354492e+02,0.000000000000e+00,1.204173137691e+00,0.000000000000e+00,5.543581204551e+04,1.090000000000e+02
8.210000000000e+02,1.032341783693e+08,8.099977786322e+04,1.197698375829e+06,5.696598271028e-01,3.479427191490e+02,1.882329658262e-06,2.051739327506e-04,0.000000000000e+00,0.000000000000e+00,5.627904125005e+01,0.000000000000e+00,0.000000000000e+00,0.000000000000e+00,0.000000000000e+00,5.124308230969e-04,5.585495971756e-02,2.647833191482e+02,2.580736083984e+02,0.000000000000e+00,1.202520894326e+00,0.000000000000e+00,5.543672732073e+04,1.090000000000e+02
8.220000000000e+02,1.032341234323e+08,8.105471485250e+04,1.200907876047e+06,5.703851780044e-01,3.484273641481e+02,5.008038777650e-06,5.458762267638e-04,0.000000000000e+00,0.000000000000e+00,5.493698928653e+01,0.000000000000e+00,0.000000000000e+00,0.000000000000e+00,0.000000000000e+00,5.338255633664e-04,5.818698640694e-02,2.648274688573e+02,2.582598876953e+02,0.000000000000e+00,1.200477491591e+00,0.000000000000e+00,5.543737697189e+04,1.090000000000e+02
8.230000000000e+02,1.032340696492e+08,8.110849798039e+04,1.205377188336e+06,5.718787555696e-01,3.488080407511e+02,-1.356785108832e-05,-1.478895768627e-03,0.000000000000e+00,0.000000000000e+00,5.378312788675e+01,0.000000000000e+00,0.000000000000e+00,0.000000000000e+00,0.000000000000e+00,7.245358118115e-04,7.897440348745e-02,2.648559776427e+02,2.582938537598e+02,0.000000000000e+00,1.200477491591e+00,0.000000000000e+00,5.543779983518e+04,1.090000000000e+02
8.240000000000e+02,1.032340169075e+08,8.116123964039e+04,1.210366037274e+06,5.736585846693e-01,3.491617091982e+02,-1.947407763991e-05,-2.122674462750e-03,0.000000000000e+00,0.000000000000e+00,5.274166000331e+01,0.000000000000e+00,0.000000000000e+00,0.000000000000e+00,0.000000000000e+00,8.042286889393e-04,8.766092709439e-02,2.648916080632e+02,2.583962707520e+02,0.000000000000e+00,1.200477491591e+00,0.000000000000e+00,5.543832388793e+04,1.090000000000e+02
8.250000000000e+02,1.032339650943e+08,8.121305287489e+04,1.214538239357e+06,5.749815437480e-01,3.495551249328e+02,-6.580157350229e-06,-7.172371511750e-04,0.000000000000e+00,0.000000000000e+00,5.181323449577e+01,0.000000000000e+00,0.000000000000e+00,0.000000000000e+00,0.000000000000e+00,6.815533878747e-04,7.428931927834e-02,2.649353828192e+02,2.586511230469e+02,0.000000000000e+00,1.199916945259e+00,0.000000000000e+00,5.543896093493e+04,1.090000000000e+02
8.260000000000e+02,1.032339141181e+08,8.126402904613e+04,1.219228747614e+06,5.766656790167e-01,3.498754025424e+02,2.055973193008e-05,2.241010780379e-03,0.000000000000e+00,0.000000000000e+00,5.097617123572e+01,0.000000000000e+00,0.000000000000e+00,0.000000000000e+00,0.000000000000e+00,7.939500002106e-04,8.654055002295e-02,2.649891343177e+02,2.590455932617e+02,0.000000000000e+00,1.199375230310e+00,0.000000000000e+00,5.543973425754e+04,1.090000000000e+02
8.270000000000e+02,1.032338639143e+08,8.131423285320e+04,1.223981965555e+06,5.782727560286e-01,3.502589658772e+02,3.726110731100e-05,4.061460696899e-03,0.000000000000e+00,0.000000000000e+00,5.020380707296e+01,0.000000000000e+00,0.000000000000e+00,0.000000000000e+00,0.000000000000e+00,8.213430981370e-04,8.952639769693e-02,2.650368358057e+02,2.592492065430e+02,0.000000000000e+00,1.199375230310e+00,0.000000000000e+00,5.544041630134e+04,1.090000000000e+02
8.280000000000e+02,1.032338143768e+08,8.136377036612e+04,1.227924211789e+06,5.794126233005e-01,3.506935008479e+02,6.629856002618e-05,7.226543042854e-03,0.000000000000e+00,0.000000000000e+00,4.953751292058e+01,0.000000000000e+00,0.000000000000e+00,0.000000000000e+00,0.000000000000e+00,7.173200657078e-04,7.818788716215e-02,2.650621257901e+02,2.592140502930e+02,0.000000000000e+00,1.198556687877e+00,0.000000000000e+00,5.544078193816e+04,1.090000000000e+02
8.290000000000e+02,1.032337654600e+08,8.141268714749e+04,1.232223162554e+06,5.808625786666e-01,3.510388588757e+02,7.209699710866e-05,7.858572684844e-03,0.000000000000e+00,0.000000000000e+00,4.891678136788e+01,0.000000000000e+00,0.000000000000e+00,0.000000000000e+00,0.000000000000e+00,7.811940659419e-04,8.515015318766e-02,2.651059175446e+02,2.595045776367e+02,0.000000000000e+00,1.198556687877e+00,0.000000000000e+00,5.544140467748e+04,1.090000000000e+02
8.300000000000e+02,1.032337171661e+08,8.146098104424e+04,1.235916428898e+06,5.817914648162e-01,3.515225382044e+02,5.899687180264e-05,6.430659026488e-03,0.000000000000e+00,0.000000000000e+00,4.829389675171e+01,0.000000000000e+00,0.000000000000e+00,0.000000000000e+00,0.000000000000e+00,6.664730532695e-04,7.264556280638e-02,2.651771463756e+02,2.601454162598e+02,0.000000000000e+00,1.198371502692e+00,0.000000000000e+00,5.544240088723e+04,1.090000000000e+02
8.310000000000e+02,1.032336694303e+08,8.150871685428e+04,1.239911585409e+06,5.830645670409e-01,3.518832918424e+02,5.849605197079e-05,6.376069664816e-03,0.000000000000e+00,0.000000000000e+00,4.773581004198e+01,0.000000000000e+00,0.000000000000e+00,0.000000000000e+00,0.000000000000e+00,7.163648037395e-04,7.808376360760e-02,2.652400606994e+02,2.603712158203e+02,0.000000000000e+00,1.198278910100e+00,0.000000000000e+00,5.544327306296e+04,1.090000000000e+02
8.320000000000e+02,1.032336222034e+08,8.155594372041e+04,1.244025880411e+06,5.843249383664e-01,3.522830291031e+02,7.137485335126e-05,7.779859015287e-03,0.000000000000e+00,0.000000000000e+00,4.722686612755e+01,0.000000000000e+00,0.000000000000e+00,0.000000000000e+00,0.000000000000e+00,7.484561710846e-04,8.158172264822e-02,2.653130309564e+02,2.609060668945e+02,0.000000000000e+00,1.197012992262e+00,0.000000000000e+00,5.544427443591e+04,1.090000000000e+02
8.330000000000e+02,1.032335754298e+08,8.160271734659e+04,1.247385482567e+06,5.851172680709e-01,3.527505833959e+02,8.472162496723e-05,9.234657121428e-03,0.000000000000e+00,0.000000000000e+00,4.677362618207e+01,0.000000000000e+00,0.000000000000e+00,0.000000000000e+00,0.000000000000e+00,6.374206871855e-04,6.947885490322e-02,2.653763807473e+02,2.612587280273e+02,0.000000000000e+00,1.197012992262e+00,0.000000000000e+00,5.544513659596e+04,1.090000000000e+02
8.340000000000e+02,1.032335291025e+08,8.164904464661e+04,1.250172436736e+06,5.854966566896e-01,3.533004426496e+02,1.129228584469e-04,1.230859157071e-02,0.000000000000e+00,0.000000000000e+00,4.632730001627e+01,0.000000000000e+00,0.000000000000e+00,0.000000000000e+00,0.000000000000e+00,5.686928184704e-04,6.198751721327e-02,2.654837925573e+02,2.623363647461e+02,0.000000000000e+00,1.195405858066e+00,0.000000000000e+00,5.544657702185e+04,1.090000000000e+02
8.350000000000e+02,1.032334831712e+08,8.169497595648e+04,1.253449367880e+06,5.864041492906e-01,3.536707743926e+02,1.032534342958e-04,1.125462433825e-02,0.000000000000e+00,0.000000000000e+00,4.593130987146e+01,0.000000000000e+00,0.000000000000e+00,0.000000000000e+00,0.000000000000e+00,6.410339239536e-04,6.987269771094e-02,2.655732101487e+02,2.624875183105e+02,0.000000000000e+00,1.193757066732e+00,0.000000000000e+00,5.544775954030e+04,1.090000000000e+02
8.360000000000e+02,1.032334375173e+08,8.174062986708e+04,1.258709556203e+06,5.884187257260e-01,3.539337438045e+02,9.230902352264e-05,1.006168356397e-02,0.000000000000e+00,0.000000000000e+00,4.565391060114e+01,0.000000000000e+00,0.000000000000e+00,0.000000000000e+00,0.000000000000e+00,9.595440043198e-04,1.045902964709e-01,2.656362211363e+02,2.624607849121e+02,0.000000000000e+00,1.193757066732e+00,0.000000000000e+00,5.544858689346e+04,1.090000000000e+02
8.370000000000e+02,1.032333921345e+08,8.178601266308e+04,1.262744400929e+06,5.895638318769e-01,3.543714294724e+02,1.169074629995e-04,1.274291346695e-02,0.000000000000e+00,0.000000000000e+00,4.538279599534e+01,0.000000000000e+00,0.000000000000e+00,0.000000000000e+00,0.000000000000e+00,7.802420088933e-04,8.504637896937e-02,2.657230994033e+02,2.630239257812e+02,0.000000000000e+00,1.191467559567e+00,0.000000000000e+00,5.544971525462e+04,1.090000000000e+02
8.380000000000e+02,1.032333469181e+08,8.183122900953e+04,1.265968954145e+06,5.905300830665e-01,3.546907829779e+02,1.337980096261e-04,1.458398304924e-02,0.000000000000e+00,0.000000000000e+00,4.521634645185e+01,0.000000000000e+00,0.000000000000e+00,0.000000000000e+00,0.000000000000e+00,6.647985071377e-04,7.246303727801e-02,2.657745628941e+02,2.627440795898e+02,0.000000000000e+00,1.190836704154e+00,0.000000000000e+00,5.545037949499e+04,1.090000000000e+02
8.390000000000e+02,1.032333018764e+08,8.187627075242e+04,1.268902513244e+06,5.911007112122e-01,3.551625437859e+02,1.227149050306e-04,1.337592464833e-02,0.000000000000e+00,0.000000000000e+00,4.504174288934e+01,0.000000000000e+00,0.000000000000e+00,0.000000000000e+00,0.000000000000e+00,6.039703330272e-04,6.583276629996e-02,2.658594829103e+02,2.635914916992e+02,0.000000000000e+00,1.190836704154e+00,0.000000000000e+00,5.545146299908e+04,1.090000000000e+02
8.400000000000e+02,1.032332570271e+08,8.192112002277e+04,1.272753163791e+06,5.923808087520e-01,3.554615248258e+02,1.344940261720e-04,1.465984885275e-02,0.000000000000e+00,0.000000000000e+00,4.484927034975e+01,0.000000000000e+00,0.000000000000e+00,0.000000000000e+00,0.000000000000e+00,7.662492837270e-04,8.352117192625e-02,2.659711252349e+02,2.643602294922e+02,0.000000000000e+00,1.189781951470e+00,0.000000000000e+00,5.545286477764e+04,1.090000000000e+02
8.410000000000e+02,1.032332123121e+08,8.196583505643e+04,1.276635513964e+06,5.935378769358e-01,3.558406881402e+02,1.550266055934e-04,1.689790000968e-02,0.000000000000e+00,0.000000000000e+00,4.471503366344e+01,0.000000000000e+00,0.000000000000e+00,0.000000000000e+00,0.000000000000e+00,7.913698125358e-04,8.625930956640e-02,2.660980298341e+02,2.653844299316e+02,0.000000000000e+00,1.188217541089e+00,0.000000000000e+00,5.545443059244e+04,1.090000000000e+02
8.420000000000e+02,1.032331675780e+08,8.201056916166e+04,1.279677757023e+06,5.942104694774e-01,3.562775079442e+02,1.666491550107e-04,1.816475789617e-02,0.000000000000e+00,0.000000000000e+00,4.473410523300e+01,0.000000000000e+00,0.000000000000e+00,0.000000000000e+00,0.000000000000e+00,6.655490255818e-04,7.254484378841e-02,2.661929198211e+02,2.653823852539e+02,0.000000000000e+00,1.187214789752e+00,0.000000000000e+00,5.545558390823e+04,1.090000000000e+02
8.430000000000e+02,1.032331227423e+08,8.205540487315e+04,1.282699089003e+06,5.949761456261e-01,3.566527028557e+02,1.918070938387e-04,2.090697322842e-02,0.000000000000e+00,0.000000000000e+00,4.483571148476e+01,0.000000000000e+00,0.000000000000e+00,0.000000000000e+00,0.000000000000e+00,6.878329355856e-04,7.497378997883e-02,2.662756484232e+02,2.653506774902e+02,0.000000000000e+00,1.185737199212e+00,0.000000000000e+00,5.545657868044e+04,1.090000000000e+02
8.440000000000e+02,1.032330778076e+08,8.210033951692e+04,1.286099745084e+06,5.959408493025e-01,3.570125055146e+02,1.886233631544e-04,2.055994658382e-02,0.000000000000e+00,0.000000000000e+00,4.493464377328e+01,0.000000000000e+00,0.000000000000e+00,0.000000000000e+00,0.000000000000e+00,7.471147527704e-04,8.143550805197e-02,2.663653548476e+02,2.656712951660e+02,0.000000000000e+00,1.185060662600e+00,0.000000000000e+00,5.545764466260e+04,1.090000000000e+02
8.450000000000e+02,1.032330327459e+08,8.214540123895e+04,1.290422499036e+06,5.975141949609e-01,3.572625199838e+02,1.970118320898e-04,2.147428969779e-02,0.000000000000e+00,0.000000000000e+00,4.506172202850e+01,0.000000000000e+00,0.000000000000e+00,0.000000000000e+00,0.000000000000e+00,9.081109298194e-04,9.898409135031e-02,2.664542446048e+02,2.658271179199e+02,0.000000000000e+00,1.183997244740e+00,0.000000000000e+00,5.545868750464e+04,1.090000000000e+02
8.460000000000e+02,1.032329874737e+08,8.219067344382e+04,1.294087266144e+06,5.985472562236e-01,3.576538583473e+02,2.099842828068e-04,2.288828682595e-02,0.000000000000e+00,0.000000000000e+00,4.527220486809e+01,0.000000000000e+00,0.000000000000e+00,0.000000000000e+00,0.000000000000e+00,8.132921912963e-04,8.864884885130e-02,2.665197332798e+02,2.656517944336e+02,0.000000000000e+00,1.183455529791e+00,0.000000000000e+00,5.545944828341e+04,1.090000000000e+02
8.470000000000e+02,1.032329420061e+08,8.223614106166e+04,1.297351703201e+06,5.994921142454e-01,3.579855721759e+02,2.487657641327e-04,2.711546829047e-02,0.000000000000e+00,0.000000000000e+00,4.546761784251e+01,0.000000000000e+00,0.000000000000e+00,0.000000000000e+00,0.000000000000e+00,7.855596366459e-04,8.562600039441e-02,2.665920378188e+02,2.660412597656e+02,0.000000000000e+00,1.182354826888e+00,0.000000000000e+00,5.546028046719e+04,1.090000000000e+02
8.480000000000e+02,1.032328964478e+08,8.228169932688e+04,1.301795622796e+06,6.012660294577e-01,3.581437491921e+02,3.176699984598e-04,3.462602983212e-02,0.000000000000e+00,0.000000000000e+00,4.555826521762e+01,0.000000000000e+00,0.000000000000e+00,0.000000000000e+00,0.000000000000e+00,1.047815697817e-03,1.142119110621e-01,2.667049892771e+02,2.670380859375e+02,0.000000000000e+00,1.182169641702e+00,0.000000000000e+00,5.546156074530e+04,1.090000000000e+02
8.490000000000e+02,1.032328507391e+08,8.232740807382e+04,1.307696142380e+06,6.038366500657e-01,3.582274283132e+02,3.270724459176e-04,3.565089660502e-02,0.000000000000e+00,0.000000000000e+00,4.570874693873e+01,0.000000000000e+00,0.000000000000e+00,0.000000000000e+00,0.000000000000e+00,1.298256268079e-03,1.415099332206e-01,2.668169562091e+02,2.674275207520e+02,0.000000000000e+00,1.179708561527e+00,0.000000000000e+00,5.546280764117e+04,1.090000000000e+02
8.500000000000e+02,1.032328047082e+08,8.237343896245e+04,1.313630241256e+06,6.062368832580e-01,3.584229672937e+02,2.587936234410e-04,2.820850495507e-02,0.000000000000e+00,0.000000000000e+00,4.603088863753e+01,0.000000000000e+00,0.000000000000e+00,0.000000000000e+00,0.000000000000e+00,1.237167401072e-03,1.348512467168e-01,2.668914265421e+02,2.674375915527e+02,0.000000000000e+00,1.178594280367e+00,0.000000000000e+00,5.546362577846e+04,1.090000000000e+02
8.510000000000e+02,1.032327583113e+08,8.241983584552e+04,1.318580188227e+06,6.080393245963e-01,3.587029959078e+02,2.281011691875e-04,2.486302744144e-02,0.000000000000e+00,0.000000000000e+00,4.639688307116e+01,0.000000000000e+00,0.000000000000e+00,0.000000000000e+00,0.000000000000e+00,1.044407640199e-03,1.138404327817e-01,2.669490127474e+02,2.670426025391e+02,0.000000000000e+00,1.178169121789e+00,0.000000000000e+00,5.546425371765e+04,1.090000000000e+02
8.520000000000e+02,1.032327115038e+08,8.246664332009e+04,1.321787988778e+06,6.088175544398e-01,3.591141314153e+02,2.543306762196e-04,2.772204370794e-02,0.000000000000e+00,0.000000000000e+00,4.680747456293e+01,0.000000000000e+00,0.000000000000e+00,0.000000000000e+00,0.000000000000e+00,7.837912667835e-04,8.543324807940e-02,2.669755004853e+02,2.664530639648e+02,0.000000000000e+00,1.176620445776e+00,0.000000000000e+00,5.546454266586e+04,1.090000000000e+02
8.530000000000e+02,1.032326643819e+08,8.251376519664e+04,1.324834487359e+06,6.096626704990e-01,3.594405711507e+02,2.685159048419e-04,2.926823362776e-02,0.000000000000e+00,0.000000000000e+00,4.712187655437e+01,0.000000000000e+00,0.000000000000e+00,0.000000000000e+00,0.000000000000e+00,7.710294180337e-04,8.404220656568e-02,2.670081502594e+02,2.665059814453e+02,0.000000000000e+00,1.176620445776e+00,0.000000000000e+00,5.546489788441e+04,1.090000000000e+02
8.540000000000e+02,1.032326170863e+08,8.256106077842e+04,1.329406639053e+06,6.114915433996e-01,3.595985238789e+02,2.952277076009e-04,3.217982012850e-02,0.000000000000e+00,0.000000000000e+00,4.729558177452e+01,0.000000000000e+00,0.000000000000e+00,0.000000000000e+00,0.000000000000e+00,1.049187984493e-03,1.143614903098e-01,2.670622330341e+02,2.668302612305e+02,0.000000000000e+00,1.176178658897e+00,0.000000000000e+00,5.546547967680e+04,1.090000000000e+02
8.550000000000e+02,1.032325697511e+08,8.260839600788e+04,1.332716418105e+06,6.123408093128e-01,3.599866399444e+02,3.455816221984e-04,3.766839681962e-02,0.000000000000e+00,0.000000000000e+00,4.733522946843e+01,0.000000000000e+00,0.000000000000e+00,0.000000000000e+00,0.000000000000e+00,8.886365425723e-04,9.686138314038e-02,2.671667510508e+02,2.678546447754e+02,0.000000000000e+00,1.175993473712e+00,0.000000000000e+00,5.546658645149e+04,1.090000000000e+02
8.560000000000e+02,1.032326001049e+08,8.257804217101e+04,1.334770069603e+06,6.123922028779e-01,3.605044292932e+02,3.391994249171e-04,3.697273731597e-02,0.000000000000e+00,0.000000000000e+00,-3.035383687706e+01,0.000000000000e+00,0.000000000000e+00,0.000000000000e+00,0.000000000000e+00,6.747915597446e-04,7.355228001216e-02,2.672671118261e+02,2.686212768555e+02,0.000000000000e+00,1.173956436675e+00,0.000000000000e+00,5.546761273599e+04,1.090000000000e+02
8.570000000000e+02,1.032326147930e+08,8.256335408871e+04,1.337064272613e+06,6.129086352853e-01,3.608111343288e+02,3.817061629152e-04,4.160597175775e-02,0.000000000000e+00,0.000000000000e+00,-1.468808229654e+01,0.000000000000e+00,0.000000000000e+00,0.000000000000e+00,0.000000000000e+00,7.558668838484e-04,8.238949033948e-02,2.673981143662e+02,2.694077758789e+02,0.000000000000e+00,1.171410658324e+00,0.000000000000e+00,5.546894126424e+04,1.090000000000e+02
8.580000000000e+02,1.032326084690e+08,8.256967814084e+04,1.339336298886e+06,6.134956714387e-01,3.610697315076e+02,4.089949476023e-04,4.458044928866e-02,0.000000000000e+00,0.000000000000e+00,6.324052124706e+00,0.000000000000e+00,0.000000000000e+00,0.000000000000e+00,0.000000000000e+00,7.794549659593e-04,8.496059128956e-02,2.675314851321e+02,2.699099731445e+02,0.000000000000e+00,1.169859319517e+00,0.000000000000e+00,5.547027348856e+04,1.090000000000e+02
8.590000000000e+02,1.032325902925e+08,8.258785456812e+04,1.341975420530e+06,6.142550239885e-01,3.613252410926e+02,4.523083716936e-04,4.930161251460e-02,0.000000000000e+00,0.000000000000e+00,1.817642728787e+01,0.000000000000e+00,0.000000000000e+00,0.000000000000e+00,0.000000000000e+00,8.834382873992e-04,9.629477332651e-02,2.676680298058e+02,2.703914794922e+02,0.000000000000e+00,1.168753979298e+00,0.000000000000e+00,5.547161201955e+04,1.090000000000e+02
8.600000000000e+02,1.032325334864e+08,8.264143609955e+04,1.346186609170e+06,6.156459576201e-01,3.616334165134e+02,4.849382055212e-04,5.285826440181e-02,0.000000000000e+00,3.224624060706e+00,5.680615548696e+01,0.000000000000e+00,0.000000000000e+00,0.000000000000e+00,0.000000000000e+00,1.177246822622e-03,1.283199036657e-01,2.677747315485e+02,2.702321166992e+02,0.000000000000e+00,1.167864538379e+00,3.224624060706e+00,5.547265035531e+04,1.090000000000e+02
8.610000000000e+02,1.032324624909e+08,8.270574840107e+04,1.351011863292e+06,6.176589866343e-01,3.617423506441e+02,4.854304103261e-04,5.291191472554e-02,0.000000000000e+00,6.682441254116e+00,7.099474277779e+01,0.000000000000e+00,0.000000000000e+00,0.000000000000e+00,0.000000000000e+00,1.280696163450e-03,1.395958818160e-01,2.678462773186e+02,2.700245056152e+02,0.000000000000e+00,1.167575860643e+00,6.682441254116e+00,5.547333420180e+04,1.090000000000e+02
8.620000000000e+02,1.032323962755e+08,8.276215662809e+04,1.354454955497e+06,6.187707345996e-01,3.620073307026e+02,4.838654613926e-04,5.274133529180e-02,0.000000000000e+00,9.806900550227e+00,6.621512756193e+01,0.000000000000e+00,0.000000000000e+00,0.000000000000e+00,0.000000000000e+00,1.049996805666e-03,1.144496518176e-01,2.679330334176e+02,2.705227355957e+02,0.000000000000e+00,1.167162257620e+00,9.806900550227e+00,5.547415004680e+04,1.090000000000e+02
8.630000000000e+02,1.032323322316e+08,8.281329634328e+04,1.357114274670e+06,6.195386941196e-01,3.622636775198e+02,4.907361648972e-04,5.349024197379e-02,0.000000000000e+00,1.290399916947e+01,6.404371436541e+01,0.000000000000e+00,0.000000000000e+00,0.000000000000e+00,0.000000000000e+00,9.275630292310e-04,1.011043701862e-01,2.680123016314e+02,2.704778747559e+02,0.000000000000e+00,1.166524236134e+00,1.290399916947e+01,5.547488421531e+04,1.090000000000e+02
8.640000000000e+02,1.032322693924e+08,8.286102640491e+04,1.359166656787e+06,6.199018906148e-01,3.625941925343e+02,5.106626303996e-04,5.566222671355e-02,0.000000000000e+00,1.510975859529e+01,6.283982022023e+01,0.000000000000e+00,0.000000000000e+00,0.000000000000e+00,0.000000000000e+00,8.471153330992e-04,9.233557130782e-02,2.680921011180e+02,2.707965087891e+02,0.000000000000e+00,1.163923993152e+00,1.510975859529e+01,5.547561351882e+04,1.090000000000e+02
8.650000000000e+02,1.032322072927e+08,8.290404869042e+04,1.360943168372e+06,6.202270024745e-01,3.628719529535e+02,5.760577971054e-04,6.279029988449e-02,0.000000000000e+00,1.907762825647e+01,6.209991377328e+01,0.000000000000e+00,0.000000000000e+00,0.000000000000e+00,0.000000000000e+00,8.662104049942e-04,9.441693414436e-02,2.681915045007e+02,2.715332641602e+02,0.000000000000e+00,1.162492603229e+00,1.907762825647e+01,5.547650803399e+04,1.090000000000e+02
8.660000000000e+02,1.032321455412e+08,8.294365059529e+04,1.362161760948e+06,6.202628743831e-01,3.631708044855e+02,6.563433137803e-04,7.154142120206e-02,0.000000000000e+00,2.214921390231e+01,6.175111876733e+01,0.000000000000e+00,0.000000000000e+00,0.000000000000e+00,0.000000000000e+00,8.547331888292e-04,9.316591758238e-02,2.682787363102e+02,2.717089233398e+02,0.000000000000e+00,1.161954340408e+00,2.214921390231e+01,5.547728006590e+04,1.090000000000e+02
8.670000000000e+02,1.032320839721e+08,8.297853124539e+04,1.362936928707e+06,6.199944503679e-01,3.635280458308e+02,6.934493432285e-04,7.558597841190e-02,0.000000000000e+00,2.668907595517e+01,6.156972606149e+01,0.000000000000e+00,0.000000000000e+00,0.000000000000e+00,0.000000000000e+00,8.174580466014e-04,8.910292707955e-02,2.683970535808e+02,2.724472961426e+02,0.000000000000e+00,1.161583970038e+00,2.668907595517e+01,5.547830936953e+04,1.090000000000e+02
8.680000000000e+02,1.032320223561e+08,8.300809717803e+04,1.363622351074e+06,6.196883123012e-01,3.638839867807e+02,6.621570122182e-04,7.217511433178e-02,0.000000000000e+00,3.205089471605e+01,6.161682735469e+01,0.000000000000e+00,0.000000000000e+00,0.000000000000e+00,0.000000000000e+00,7.714417269477e-04,8.408714823729e-02,2.685143535419e+02,2.728903503418e+02,0.000000000000e+00,1.161398784852e+00,3.205089471605e+01,5.547930816385e+04,1.090000000000e+02
8.690000000000e+02,1.032323082706e+08,8.309739791512e+04,1.364427338761e+06,6.195116115523e-01,3.641949752096e+02,6.643222188300e-04,7.241112185247e-02,0.000000000000e+00,4.734734568579e+01,-2.859139646453e+02,6.987329301124e-05,7.616188938225e-03,0.000000000000e+00,0.000000000000e+00,8.626015963574e-04,9.402357400296e-02,2.686564997868e+02,2.731107177734e+02,0.000000000000e+00,1.157313650929e+00,4.734734568579e+01,5.548047503123e+04,1.090000000000e+02
8.700000000000e+02,1.032444362834e+08,8.533077748569e+04,1.351753347541e+06,6.132457145994e-01,3.644607001468e+02,5.995922041828e-04,6.535555025593e-02,0.000000000000e+00,4.472451465056e+02,-1.212801223826e+04,2.448618679953e-03,2.668994361148e-01,0.000000000000e+00,0.000000000000e+00,9.291842560798e-04,1.012810839127e-01,2.694530545354e+02,2.735635070801e+02,0.000000000000e+00,1.028670517541e+00,4.472451465056e+02,5.548624454525e+04,1.090000000000e+02
8.710000000000e+02,1.032656891900e+08,9.164523455061e+04,1.324329890029e+06,5.999556148484e-01,3.649348192168e+02,4.847484722688e-04,5.283758347730e-02,0.000000000000e+00,1.321905901415e+03,-2.125290683857e+04,4.502634979032e-03,4.907872127145e-01,2.737173136625e-04,2.983518718921e-02,4.281350103976e-04,4.666671613334e-02,2.704841295030e+02,2.737495727539e+02,0.000000000000e+00,7.820308722200e-01,1.321905901415e+03,5.549256497648e+04,1.090000000000e+02
8.720000000000e+02,1.032982743720e+08,1.082828225389e+05,1.268098082853e+06,5.733744065691e-01,3.655860272239e+02,2.694987490708e-04,2.937536364871e-02,0.000000000000e+00,8.127308909074e+03,-3.258518959817e+04,9.057514868507e-03,9.872691206673e-01,4.230598118818e-04,4.611351949512e-02,0.000000000000e+00,0.000000000000e+00,2.722382243084e+02,2.749679870605e+02,0.000000000000e+00,3.876365872147e-01,8.127308909074e+03,5.550062677404e+04,1.090000000000e+02
8.730000000000e+02,1.033255098802e+08,1.299674988558e+05,1.182157628528e+06,5.335444839463e-01,3.662336877219e+02,5.740948781713e-05,6.257634172068e-03,0.000000000000e+00,4.003650738229e+04,-2.723550469308e+04,1.415830179309e-02,1.543254895447e+00,5.458466490360e-04,5.949728474492e-02,0.000000000000e+00,0.000000000000e+00,2.730160855988e+02,2.757260437012e+02,0.000000000000e+00,3.685185185188e-02,4.003650738229e+04,5.550336365863e+04,1.090000000000e+02
8.740000000000e+02,1.033318028864e+08,1.488532349373e+05,1.080369599039e+06,4.867868763038e-01,3.668477688158e+02,-5.914772476552e-05,-6.447101999442e-03,0.000000000000e+00,7.962105503919e+04,-6.293010981893e+03,1.688443930985e-02,1.840403884774e+00,4.381824638204e-04,4.776188855642e-02,0.000000000000e+00,0.000000000000e+00,2.730672675432e+02,2.760657348633e+02,0.000000000000e+00,1.944444444415e-03,7.962105503919e+04,5.550350309852e+04,1.090000000000e+02
8.750000000000e+02,1.033346927597e+08,1.636620519168e+05,9.701719175042e+05,4.364504953795e-01,3.674227258238e+02,-1.178907624560e-04,-1.285009310771e-02,0.000000000000e+00,1.375530482278e+05,-2.889887870220e+03,1.833273947345e-02,1.998268602606e+00,7.329207635403e-03,7.988836322590e-01,0.000000000000e+00,0.000000000000e+00,2.730675960061e+02,2.761352539063e+02,0.000000000000e+00,6.111111111088e-03,1.375530482278e+05,5.550350454402e+04,1.090000000000e+02
8.760000000000e+02,1.033367534207e+08,1.756690958988e+05,8.587574903735e+05,3.857399980674e-01,3.679834236244e+02,-1.238103764966e-04,-1.349533103813e-02,0.000000000000e+00,1.434900769224e+05,-2.060655068974e+03,1.853972835378e-02,2.020830390562e+00,7.503391207832e-03,8.178696416537e-01,0.000000000000e+00,0.000000000000e+00,2.730583766151e+02,2.759951782227e+02,0.000000000000e+00,8.796296296265e-03,1.434900769224e+05,5.550348202276e+04,1.090000000000e+02
8.770000000000e+02,1.033383125048e+08,1.887439489133e+05,7.409616009222e+05,3.323478970234e-01,3.685149235274e+02,-1.427342333381e-04,-1.555803143386e-02,0.000000000000e+00,1.067506257892e+05,-1.559084804154e+03,1.961350100502e-02,2.137871609548e+00,4.504642066355e-04,4.910059852327e-02,0.000000000000e+00,0.000000000000e+00,2.730558477733e+02,2.762627258301e+02,0.000000000000e+00,7.870370370349e-03,1.067506257892e+05,5.550347544041e+04,1.090000000000e+02
8.780000000000e+02,1.033395147224e+08,2.008940124244e+05,6.189635514803e+05,2.772479240581e-01,3.690191761132e+02,-1.520781464421e-04,-1.657651796219e-02,0.000000000000e+00,1.140612299978e+05,-1.202212513127e+03,2.031744892826e-02,2.214601933180e+00,7.430575292456e-04,8.099327068777e-02,0.000000000000e+00,0.000000000000e+00,2.730538535568e+02,2.762880859375e+02,0.000000000000e+00,6.296296296281e-03,1.140612299978e+05,5.550347025376e+04,1.090000000000e+02
8.790000000000e+02,1.033404561982e+08,2.122457934019e+05,4.980534190960e+05,2.228142581264e-01,3.694748379252e+02,-1.666626584959e-04,-1.816622977606e-02,0.000000000000e+00,1.130699459460e+05,-9.414741366273e+02,2.015220101587e-02,2.196589910730e+00,5.694073637767e-04,6.206540265166e-02,0.000000000000e+00,0.000000000000e+00,2.730512087873e+02,2.766585998535e+02,0.000000000000e+00,4.629629629626e-03,1.130699459460e+05,5.550346359626e+04,1.090000000000e+02
8.800000000000e+02,1.033412109537e+08,2.228830801160e+05,3.622103110293e+05,1.619175763843e-01,3.697583038511e+02,-2.492762017548e-04,-2.717110599128e-02,0.000000000000e+00,1.387722553218e+05,-7.547172488547e+02,2.270315938564e-02,2.474644373034e+00,2.117877855957e-03,2.308486862993e-01,0.000000000000e+00,0.000000000000e+00,2.730580622877e+02,2.772521362305e+02,0.000000000000e+00,3.703703703705e-03,1.387722553218e+05,5.550348422256e+04,1.090000000000e+02
8.810000000000e+02,1.033415101663e+08,2.323678449827e+05,2.158363469543e+05,9.647223321676e-02,3.698040688134e+02,-2.851155930868e-04,-3.107759964646e-02,0.000000000000e+00,1.511691362051e+05,-2.992143641952e+02,2.447971517396e-02,2.668288953962e+00,2.124644344112e-03,2.315862335082e-01,0.000000000000e+00,0.000000000000e+00,2.730510973107e+02,2.768986206055e+02,0.000000000000e+00,1.111111111115e-02,1.511691362051e+05,5.550346388692e+04,1.090000000000e+02
8.820000000000e+02,1.033418807813e+08,2.417913550446e+05,7.080751627089e+04,3.170050590665e-02,3.691870197140e+02,-2.749092660740e-04,-2.996511000207e-02,0.000000000000e+00,1.371584694637e+05,-3.705941392838e+02,2.424710126133e-02,2.642934037485e+00,4.306996909240e-05,4.694626631072e-03,0.000000000000e+00,0.000000000000e+00,2.730528510642e+02,2.771823425293e+02,0.000000000000e+00,1.212962962968e-02,1.371584694637e+05,5.550347051596e+04,1.090000000000e+02
8.830000000000e+02,1.033433032376e+08,1.126766800253e+05,3.118263203048e+03,1.407634569274e-03,3.661374825754e+02,-3.840438476558e-04,-4.186077939448e-02,2.819919772644e-03,2.181380581883e+05,-1.265954124849e+03,1.132427608471e-02,1.234346093233e+00,3.377427696883e-03,3.681396189603e-01,0.000000000000e+00,0.000000000000e+00,2.736059122415e+02,2.772532348633e+02,9.259259259247e-04,2.407407407410e-03,2.181380581883e+05,5.550422151448e+04,1.090000000000e+02
8.840000000000e+02,1.033494497074e+08,5.773489737953e+04,2.575438261334e+01,1.174858103726e-05,3.624797619072e+02,4.519977826920e-04,4.926775831343e-02,-5.752908631171e-02,6.961614689670e+04,-9.339616691472e+03,5.165091337327e-04,5.629949557687e-02,3.382294708812e-03,3.686701232605e-01,0.000000000000e+00,0.000000000000e+00,2.780622354544e+02,2.775728149414e+02,2.944444444442e-02,4.074074074073e-02,6.961614689670e+04,5.550192780999e+04,1.090000000000e+02
8.850000000000e+02,1.033393627063e+08,3.837576094502e+04,5.862578214690e-01,2.696489298093e-07,3.601428577872e+02,1.023680268924e-03,1.115811493127e-01,-1.162457289790e-01,2.354448696383e+04,3.635142940451e+03,4.201316827467e-06,4.579435341939e-04,4.395389749207e-05,4.790974826636e-03,0.000000000000e+00,0.000000000000e+00,2.792549563490e+02,2.781106567383e+02,4.731481481477e-02,8.546296296292e-02,2.354448696383e+04,5.549852623907e+04,1.090000000000e+02
8.860000000000e+02,1.033287555929e+08,2.269379312740e+04,4.230245864833e-01,1.938460680792e-07,3.605523052324e+02,1.105929696315e-03,1.205463368983e-01,-1.247789599845e-01,1.975313546149e+04,3.682057189131e+03,2.740734797486e-08,2.987400929260e-06,2.541715125238e-05,2.770469486510e-03,0.000000000000e+00,0.000000000000e+00,2.802447729065e+02,2.785783386230e+02,6.583333333327e-02,1.214814814814e-01,1.975313546149e+04,5.549507885279e+04,1.090000000000e+02
8.870000000000e+02,1.033186794779e+08,1.212915084298e+04,4.188843568560e-01,1.915589691103e-07,3.611188979758e+02,1.120011293756e-03,1.220812310194e-01,-1.251029336083e-01,1.395124961075e+04,3.133388900476e+03,7.039071069412e-10,7.672587465660e-08,1.409005950036e-05,1.535816485540e-03,0.000000000000e+00,0.000000000000e+00,2.807273545588e+02,2.790574340820e+02,8.129629629622e-02,1.540740740741e-01,1.395124961075e+04,5.549339311599e+04,1.090000000000e+02
8.880000000000e+02,1.033093174650e+08,5.555711646336e+03,4.185254301118e-01,1.910476735169e-07,3.617238765465e+02,1.134081665101e-03,1.236149014960e-01,-1.254349182593e-01,9.148288077799e+03,2.401145375424e+03,5.417732429009e-11,5.905328347620e-09,1.197162288654e-05,1.304906894633e-03,0.000000000000e+00,0.000000000000e+00,2.814909271971e+02,2.794629516602e+02,9.611111111103e-02,1.842592592592e-01,9.148288077799e+03,5.549017519496e+04,1.090000000000e+02
8.890000000000e+02,1.032999530327e+08,1.803809389283e+03,4.184940027702e-01,1.906860468972e-07,3.600942222398e+02,1.114335396235e-03,1.214625581896e-01,-1.224323202302e-01,6.472013305046e+03,2.570451968893e+03,3.004734508217e-12,3.275160613957e-10,1.580033740899e-05,1.722236777580e-03,0.000000000000e+00,0.000000000000e+00,2.817726607192e+02,2.796016235352e+02,1.069444444443e-01,2.136111111111e-01,6.472013305046e+03,5.548908337303e+04,1.090000000000e+02
8.900000000000e+02,1.032912503489e+08,1.555157691701e+01,4.185073360059e-01,1.903388494754e-07,3.607517874757e+02,1.020117603966e-03,1.111928188323e-01,-1.116222250483e-01,4.394559372000e+03,2.508568760378e+03,0.000000000000e+00,0.000000000000e+00,1.218210336656e-05,1.327849266955e-03,0.000000000000e+00,0.000000000000e+00,2.814711476823e+02,2.791690673828e+02,1.192592592592e-01,2.402777777778e-01,4.394559372000e+03,5.549074705245e+04,1.090000000000e+02
8.910000000000e+02,1.032839276580e+08,1.257896762802e+01,4.184943067056e-01,1.899946966729e-07,3.614059480480e+02,9.792651727814e-04,1.067399038332e-01,-1.067060398597e-01,1.544819525790e+03,1.401383433306e+03,0.000000000000e+00,0.000000000000e+00,2.350157322816e-05,2.561671481870e-03,0.000000000000e+00,0.000000000000e+00,2.818495474577e+02,2.793969116211e+02,1.304629629630e-01,2.624074074074e-01,1.544819525790e+03,5.548897581750e+04,1.090000000000e+02
8.920000000000e+02,1.032806781485e+08,1.287811873784e+01,4.184829541842e-01,1.896535390001e-07,3.620567451486e+02,1.007221370097e-03,1.097871293406e-01,-1.097462982297e-01,1.315849906860e+03,-2.840327722516e+03,0.000000000000e+00,0.000000000000e+00,6.875679978172e-04,7.494491176207e-02,0.000000000000e+00,0.000000000000e+00,2.821583288700e+02,2.798356933594e+02,1.404629629629e-01,2.754629629630e-01,1.315849906860e+03,5.548746323976e+04,1.090000000000e+02
8.930000000000e+02,1.032769942175e+08,1.127999619755e+01,4.184389870021e-01,1.893153300770e-07,3.627042191893e+02,1.083851379028e-03,1.181398003140e-01,-1.180935735773e-01,1.265408874838e+03,-2.868691143185e+03,0.000000000000e+00,0.000000000000e+00,6.836776943146e-04,7.452086868030e-02,0.000000000000e+00,0.000000000000e+00,2.832668952965e+02,2.808309326172e+02,1.510185185185e-01,2.889814814815e-01,1.265408874838e+03,5.548164757900e+04,1.090000000000e+02
8.940000000000e+02,1.032705378627e+08,1.016571277157e+01,4.184213336708e-01,1.889800245701e-07,3.633484098221e+02,1.101236492433e-03,1.200347776752e-01,-1.199908347119e-01,9.880096427436e+02,-2.010669850283e+02,0.000000000000e+00,0.000000000000e+00,1.968026426096e-04,2.145148804444e-02,0.000000000000e+00,0.000000000000e+00,2.836868899455e+02,2.810282287598e+02,1.623148148148e-01,3.076851851852e-01,9.880096427436e+02,5.547930400604e+04,1.090000000000e+02
8.950000000000e+02,1.032668690002e+08,1.040743864855e+01,4.184249839070e-01,1.886475799017e-07,3.639893559583e+02,1.072835225157e-03,1.169390395421e-01,-1.168955766020e-01,9.287329392162e+02,-2.816712248272e+03,0.000000000000e+00,0.000000000000e+00,6.197588831517e-04,6.755371826353e-02,0.000000000000e+00,0.000000000000e+00,2.836017998782e+02,2.809876098633e+02,1.720370370370e-01,3.200000000000e-01,9.287329392162e+02,5.547978503970e+04,1.090000000000e+02
8.960000000000e+02,1.032627309210e+08,9.365470088260e+00,4.184080617340e-01,1.883179488964e-07,3.646270957875e+02,1.056425385325e-03,1.151503670005e-01,-1.151075668602e-01,8.969047793652e+02,-2.248188647521e+03,0.000000000000e+00,0.000000000000e+00,5.202712420494e-04,5.670956538338e-02,0.000000000000e+00,0.000000000000e+00,2.839944151405e+02,2.814077453613e+02,1.795370370370e-01,3.328703703704e-01,8.969047793652e+02,5.547754322313e+04,1.090000000000e+02
8.970000000000e+02,1.032566915868e+08,8.426651757615e+00,4.184170840208e-01,1.879910908133e-07,3.652616667957e+02,1.026044310029e-03,1.118388297932e-01,-1.118002883509e-01,7.296835380449e+02,-1.633791429957e+02,0.000000000000e+00,0.000000000000e+00,1.478453863257e-04,1.611514710951e-02,0.000000000000e+00,0.000000000000e+00,2.837871073295e+02,2.810485839844e+02,1.894444444444e-01,3.496296296296e-01,7.296835380449e+02,5.547873488060e+04,1.090000000000e+02
8.980000000000e+02,1.032795141903e+08,2.011803900085e+01,4.184068370026e-01,1.876669641889e-07,3.658931057828e+02,1.051562645982e-03,1.146203284121e-01,-1.145605945523e-01,1.622611454679e+03,-2.917843226376e+04,0.000000000000e+00,0.000000000000e+00,5.095987443067e-03,5.554626312943e-01,0.000000000000e+00,0.000000000000e+00,2.840220602044e+02,2.814255371094e+02,1.993518518518e-01,3.081481481481e-01,1.622611454679e+03,5.547738268055e+04,1.090000000000e+02
8.990000000000e+02,1.032975204969e+08,1.632910585507e+01,4.184108374074e-01,1.873455284477e-07,3.665214488797e+02,1.185637647571e-03,1.292345035852e-01,-1.291513408860e-01,2.777776515717e+03,-2.517158301096e+04,0.000000000000e+00,0.000000000000e+00,4.622071968740e-03,5.038058445926e-01,0.000000000000e+00,0.000000000000e+00,2.839326957811e+02,2.815067443848e+02,2.094444444444e-01,2.785185185185e-01,2.777776515717e+03,5.547789925766e+04,1.090000000000e+02
9.000000000000e+02,1.032889229588e+08,1.297733951352e+01,4.183835601884e-01,1.870267437283e-07,3.671467315650e+02,1.175269263367e-03,1.281043497070e-01,-1.280417355874e-01,1.620853869130e+03,1.494025445243e+03,0.000000000000e+00,0.000000000000e+00,2.095336772296e-05,2.283917081802e-03,0.000000000000e+00,0.000000000000e+00,2.845469622030e+02,2.821379394531e+02,2.193518518518e-01,3.004629629630e-01,1.620853869130e+03,5.547429089837e+04,1.090000000000e+02
9.010000000000e+02,1.032831046977e+08,1.243262347591e+01,4.183783962121e-01,1.867105709368e-07,3.677689886806e+02,1.113357661292e-03,1.213559850808e-01,-1.213014615873e-01,1.314402553617e+03,-9.110585092072e+02,0.000000000000e+00,0.000000000000e+00,3.684199536460e-04,4.015777494741e-02,0.000000000000e+00,0.000000000000e+00,2.846614376212e+02,2.824451293945e+02,2.293518518518e-01,3.164814814815e-01,1.314402553617e+03,5.547360438118e+04,1.090000000000e+02
9.020000000000e+02,1.032775388877e+08,1.118400146682e+01,4.183787306034e-01,1.863969725142e-07,3.683882544475e+02,1.031606107139e-03,1.124450656781e-01,-1.123963998359e-01,1.192149263152e+03,-6.694535265610e+02,0.000000000000e+00,0.000000000000e+00,3.080798273926e-04,3.358070118579e-02,0.000000000000e+00,0.000000000000e+00,2.846548219346e+02,2.823237609863e+02,2.385185185184e-01,3.305555555555e-01,1.192149263152e+03,5.547364463772e+04,1.090000000000e+02
9.030000000000e+02,1.032787870495e+08,1.397016453134e+01,4.183856616956e-01,1.860863530886e-07,3.690045624806e+02,9.818992737185e-04,1.070270208353e-01,-1.069785137461e-01,1.281424497590e+03,-7.182898014702e+03,0.000000000000e+00,0.000000000000e+00,1.400703521232e-03,1.526766838143e-01,0.000000000000e+00,0.000000000000e+00,2.845234111362e+02,2.824651489258e+02,2.404629629629e-01,3.332407407407e-01,1.281424497590e+03,5.547443250625e+04,1.090000000000e+02
9.040000000000e+02,1.032834652487e+08,1.405284341507e+01,4.183831613775e-01,1.857777899552e-07,3.696179458035e+02,1.020363783737e-03,1.112196524273e-01,-1.111623549434e-01,1.627305387243e+03,-1.084505841272e+04,0.000000000000e+00,0.000000000000e+00,2.063181688013e-03,2.248868039934e-01,0.000000000000e+00,0.000000000000e+00,2.845782247010e+02,2.821457519531e+02,2.500000000000e-01,3.285185185185e-01,1.627305387243e+03,5.547410425045e+04,1.090000000000e+02
9.050000000000e+02,1.032809036062e+08,1.222265494991e+01,4.183666070399e-01,1.854716909378e-07,3.702284368624e+02,1.089208522057e-03,1.187237289043e-01,-1.186662658702e-01,1.431118875314e+03,-4.021356505010e+03,0.000000000000e+00,0.000000000000e+00,9.019350093910e-04,9.831091602361e-02,0.000000000000e+00,0.000000000000e+00,2.849391876107e+02,2.825447692871e+02,2.597222222222e-01,3.372222222222e-01,1.431118875314e+03,5.547191951307e+04,1.090000000000e+02
9.060000000000e+02,1.032772659134e+08,1.210896766837e+01,4.183451912824e-01,1.851680210581e-07,3.708360675402e+02,1.100677992914e-03,1.199739012277e-01,-1.199192393806e-01,1.228132962265e+03,-3.014517935194e+03,0.000000000000e+00,0.000000000000e+00,7.021457864544e-04,7.653389072353e-02,0.000000000000e+00,0.000000000000e+00,2.853982659684e+02,2.828715820313e+02,2.691666666667e-01,3.475925925926e-01,1.228132962265e+03,5.546908384455e+04,1.090000000000e+02
9.070000000000e+02,1.032724424557e+08,1.056630873599e+01,4.183666633724e-01,1.848667458602e-07,3.714408691691e+02,1.071340184886e-03,1.167760801525e-01,-1.167240570695e-01,1.122036856435e+03,-1.651516742249e+03,0.000000000000e+00,0.000000000000e+00,4.589128682541e-04,5.002150263970e-02,0.000000000000e+00,0.000000000000e+00,2.849386887663e+02,2.822342224121e+02,2.706481481481e-01,3.591666666666e-01,1.122036856435e+03,5.547192307395e+04,1.090000000000e+02
9.080000000000e+02,1.032689343667e+08,1.135811219320e+01,4.183905883977e-01,1.845678365853e-07,3.720428725441e+02,9.833695019950e-04,1.071872757175e-01,-1.071410524869e-01,1.023535092364e+03,-2.435585322898e+03,0.000000000000e+00,0.000000000000e+00,5.725987071952e-04,6.241325908428e-02,0.000000000000e+00,0.000000000000e+00,2.844140704676e+02,2.820247192383e+02,2.800925925926e-01,3.686111111111e-01,1.023535092364e+03,5.547508395797e+04,1.090000000000e+02
9.090000000000e+02,1.032665358979e+08,1.084838627828e+01,4.183493165416e-01,1.842712503614e-07,3.726421079352e+02,9.655387469916e-04,1.052437234221e-01,-1.051971312622e-01,1.089189013928e+03,-3.437240305484e+03,0.000000000000e+00,0.000000000000e+00,7.489156042868e-04,8.163180086726e-02,0.000000000000e+00,0.000000000000e+00,2.853098737604e+02,2.832162170410e+02,2.897222222222e-01,3.755555555555e-01,1.089189013928e+03,5.546963450577e+04,1.090000000000e+02
9.100000000000e+02,1.032624574146e+08,1.035766706299e+01,4.183133597409e-01,1.839769599426e-07,3.732386050998e+02,1.010126713423e-03,1.101038117631e-01,-1.100572908692e-01,9.847558131492e+02,-2.026294444959e+03,0.000000000000e+00,0.000000000000e+00,4.983427074587e-04,5.431935511300e-02,0.000000000000e+00,0.000000000000e+00,2.860631012218e+02,2.837638244629e+02,2.911111111111e-01,3.854629629629e-01,9.847558131492e+02,5.546487497582e+04,1.090000000000e+02
9.110000000000e+02,1.032574543136e+08,9.479551131430e+00,4.183141437913e-01,1.836849335967e-07,3.738323932943e+02,9.978780626489e-04,1.087687088287e-01,-1.087244831498e-01,8.870423121711e+02,-1.027514312180e+03,0.000000000000e+00,0.000000000000e+00,3.169093755538e-04,3.454312193537e-02,0.000000000000e+00,0.000000000000e+00,2.860471795951e+02,2.838768920898e+02,3.002777777777e-01,3.961111111111e-01,8.870423121711e+02,5.546497719412e+04,1.090000000000e+02
9.120000000000e+02,1.032704232847e+08,1.715705038087e+01,4.183336774772e-01,1.833951400679e-07,3.744235012853e+02,9.810059455549e-04,1.069296480655e-01,-1.068731451242e-01,1.422894653063e+03,-1.889702497271e+04,0.000000000000e+00,0.000000000000e+00,3.362720272384e-03,3.665365096899e-01,0.000000000000e+00,0.000000000000e+00,2.856403643569e+02,2.833965148926e+02,3.101851851851e-01,3.788888888889e-01,1.422894653063e+03,5.546756432275e+04,1.090000000000e+02
9.130000000000e+02,1.032804698645e+08,1.382065175073e+01,4.183423734593e-01,1.831075490047e-07,3.750119573614e+02,1.030992423016e-03,1.123781741087e-01,-1.123072895430e-01,2.062522318840e+03,-1.627626024017e+04,0.000000000000e+00,0.000000000000e+00,3.033273230553e-03,3.306267821303e-01,0.000000000000e+00,0.000000000000e+00,2.854571623174e+02,2.832008056641e+02,3.154629629629e-01,3.666666666666e-01,2.062522318840e+03,5.546871533422e+04,1.090000000000e+02
9.140000000000e+02,1.032731849298e+08,1.144214864715e+01,4.183278062675e-01,1.828221308050e-07,3.755977893433e+02,1.039007941128e-03,1.132518655829e-01,-1.131973294699e-01,1.270256768435e+03,1.005931354732e+03,0.000000000000e+00,0.000000000000e+00,4.379589000254e-05,4.773752010277e-03,0.000000000000e+00,0.000000000000e+00,2.857626121293e+02,2.836847839355e+02,3.211111111110e-01,3.817592592592e-01,1.270256768435e+03,5.546679083280e+04,1.090000000000e+02
9.150000000000e+02,1.032663778801e+08,1.030536043075e+01,4.183312136924e-01,1.825388560392e-07,3.761810245948e+02,9.991188603657e-04,1.089039557799e-01,-1.088564102604e-01,1.020828959807e+03,7.689114259888e+02,0.000000000000e+00,0.000000000000e+00,4.188671550786e-05,4.565651990357e-03,0.000000000000e+00,0.000000000000e+00,2.856920834717e+02,2.836751708984e+02,3.315740740740e-01,3.958333333333e-01,1.020828959807e+03,5.546723770278e+04,1.090000000000e+02
9.160000000000e+02,1.032597582851e+08,9.411267626968e+00,4.183386254109e-01,1.822576959592e-07,3.767616900326e+02,9.715794604974e-04,1.059021611942e-01,-1.058591307156e-01,8.696581446985e+02,7.476389882447e+02,0.000000000000e+00,0.000000000000e+00,2.040190932445e-05,2.223808116365e-03,0.000000000000e+00,0.000000000000e+00,2.855353894871e+02,2.835539245605e+02,3.420370370370e-01,4.086111111111e-01,8.696581446985e+02,5.546822489279e+04,1.090000000000e+02
9.170000000000e+02,1.032535303980e+08,8.803938125680e+00,4.183312530801e-01,1.819786226048e-07,3.773398121367e+02,9.637154224651e-04,1.050449810487e-01,-1.050045141617e-01,7.629959057036e+02,4.033416780906e+02,0.000000000000e+00,0.000000000000e+00,5.973060616895e-05,6.510636072415e-03,0.000000000000e+00,0.000000000000e+00,2.856900364820e+02,2.836198730469e+02,3.524074074073e-01,4.212962962963e-01,7.629959057036e+02,5.546725043967e+04,1.090000000000e+02
9.180000000000e+02,1.032477451126e+08,8.365842726203e+00,4.183451281037e-01,1.817016079480e-07,3.779154169593e+02,9.115187310929e-04,9.935554168913e-02,-9.931819976331e-02,6.928605490148e+02,2.761143999380e+02,0.000000000000e+00,0.000000000000e+00,6.917501044177e-05,7.540076138153e-03,0.000000000000e+00,0.000000000000e+00,2.853991280306e+02,2.832793273926e+02,3.633333333332e-01,4.338888888889e-01,6.928605490148e+02,5.546907873270e+04,1.090000000000e+02
9.190000000000e+02,1.032426729530e+08,8.280796970109e+00,4.183412241969e-01,1.814266253644e-07,3.784885301351e+02,8.594723802125e-04,9.368248944316e-02,-9.364810696963e-02,6.587579616316e+02,-1.225460278072e+02,0.000000000000e+00,0.000000000000e+00,1.295034318874e-04,1.411587407573e-02,0.000000000000e+00,0.000000000000e+00,2.854819624474e+02,2.832844848633e+02,3.761111111110e-01,4.442592592592e-01,6.587579616316e+02,5.546856068366e+04,1.090000000000e+02
9.200000000000e+02,1.032377493524e+08,7.861533192379e+00,4.183524255758e-01,1.811536481251e-07,3.790591768894e+02,8.247942354567e-04,8.990257166478e-02,-8.987031993869e-02,6.284113889107e+02,-6.159195502769e+01,0.000000000000e+00,0.000000000000e+00,1.143287403469e-04,1.246183269781e-02,0.000000000000e+00,0.000000000000e+00,2.852449633004e+02,2.829555969238e+02,3.872222222221e-01,4.548148148148e-01,6.284113889107e+02,5.547003834164e+04,1.090000000000e+02
9.210000000000e+02,1.033040735601e+08,3.402130443493e+01,4.183837606702e-01,1.808826498761e-07,3.796273820479e+02,8.208135972499e-04,8.946868210024e-02,-8.939579182105e-02,3.261168153058e+03,-7.128330229866e+04,0.000000000000e+00,0.000000000000e+00,1.233344869603e-02,1.344345907867e+00,0.000000000000e+00,0.000000000000e+00,2.845640303952e+02,2.824926147461e+02,3.984259259259e-01,3.563888888889e-01,3.261168153058e+03,5.547418860172e+04,1.090000000000e+02
9.220000000000e+02,1.033604181704e+08,2.926146116918e+01,4.183671060410e-01,1.806136050805e-07,3.801931700446e+02,1.054309109154e-03,1.149196928978e-01,-1.147977288923e-01,7.469913903914e+03,-6.271297085059e+04,0.000000000000e+00,0.000000000000e+00,1.160725711587e-02,1.265191025630e+00,0.000000000000e+00,0.000000000000e+00,2.849308922991e+02,2.827685852051e+02,4.095370370370e-01,2.660185185185e-01,7.469913903914e+03,5.547196753344e+04,1.090000000000e+02
9.230000000000e+02,1.033499443954e+08,2.121630465396e+01,4.183385869336e-01,1.803464889427e-07,3.807565649306e+02,1.137881831576e-03,1.240291196418e-01,-1.239379721950e-01,3.966745547603e+03,3.598737213860e+03,0.000000000000e+00,0.000000000000e+00,6.034365021318e-05,6.577457873237e-03,0.000000000000e+00,0.000000000000e+00,2.855404835752e+02,2.836785278320e+02,4.188888888889e-01,2.891666666667e-01,3.966745547603e+03,5.546819169013e+04,1.090000000000e+02
9.240000000000e+02,1.034819120890e+08,7.811334132603e+03,4.183618258097e-01,1.800812766257e-07,3.813175903820e+02,1.590972294050e-03,1.734159800515e-01,-1.659195516905e-01,9.218331495291e+04,-1.411713845011e+05,0.000000000000e+00,0.000000000000e+00,3.995237495370e-02,4.354808869954e+00,0.000000000000e+00,0.000000000000e+00,2.850588509941e+02,2.839899291992e+02,4.299074074074e-01,1.759259259261e-02,9.218331495291e+04,5.547118447049e+04,1.090000000000e+02
9.250000000000e+02,1.034904077374e+08,1.194372091244e+03,4.183682353753e-01,1.798179439445e-07,3.818762697080e+02,2.116608923808e-03,2.307103726951e-01,-2.078985957501e-01,2.226732728482e+05,-2.002835501857e+04,0.000000000000e+00,0.000000000000e+00,3.925468933388e-02,4.278761137393e+00,0.000000000000e+00,0.000000000000e+00,2.849274361672e+02,2.839898071289e+02,4.408333333333e-01,1.574074074074e-02,2.226732728482e+05,5.547199439280e+04,1.090000000000e+02
9.260000000000e+02,1.034719751062e+08,3.644294617606e+01,4.183580855968e-01,1.795564671071e-07,3.824326258586e+02,1.823521404300e-03,1.987638330687e-01,-1.983453842847e-01,1.086314948834e+04,7.429927617425e+03,0.000000000000e+00,0.000000000000e+00,3.801088082288e-04,4.143186009694e-02,0.000000000000e+00,0.000000000000e+00,2.851429023404e+02,2.841086730957e+02,4.507407407407e-01,8.351851851848e-02,1.086314948834e+04,5.547066993013e+04,1.090000000000e+02
9.270000000000e+02,1.034586643361e+08,3.140098005647e+01,4.183687715928e-01,1.792968227965e-07,3.829866814320e+02,1.655300026860e-03,1.804277029278e-01,-1.803079412803e-01,6.904176369633e+03,3.308641849948e+03,0.000000000000e+00,0.000000000000e+00,5.948898490229e-04,6.484299354350e-02,0.000000000000e+00,0.000000000000e+00,2.849093934519e+02,2.834442443848e+02,4.600925925925e-01,1.146296296296e-01,6.904176369633e+03,5.547210243453e+04,1.090000000000e+02
9.280000000000e+02,1.034472089318e+08,2.694405783627e+01,4.183913095193e-01,1.790389881087e-07,3.835384586822e+02,1.505058470494e-03,1.640513732838e-01,-1.639472213551e-01,5.420088957522e+03,2.360470146213e+03,0.000000000000e+00,0.000000000000e+00,5.062016330293e-04,5.517597800020e-02,0.000000000000e+00,0.000000000000e+00,2.844111960795e+02,2.832254028320e+02,4.692592592592e-01,1.412962962963e-01,5.420088957522e+03,5.547510124553e+04,1.090000000000e+02
9.290000000000e+02,1.034379208207e+08,2.489641729612e+01,4.183989334540e-01,1.787829405728e-07,3.840879795256e+02,1.347907678501e-03,1.469219369566e-01,-1.468329496365e-01,4.376566547246e+03,1.142308497011e+03,0.000000000000e+00,0.000000000000e+00,5.353207113639e-04,5.834995753867e-02,0.000000000000e+00,0.000000000000e+00,2.842387255387e+02,2.828412170410e+02,4.752777777777e-01,1.627777777778e-01,4.376566547246e+03,5.547612010536e+04,1.090000000000e+02
9.300000000000e+02,1.034291736039e+08,2.234586178357e+01,4.184135008570e-01,1.785286580236e-07,3.846352655487e+02,1.238488659671e-03,1.349952639042e-01,-1.349156392119e-01,3.797328805411e+03,1.262337911269e+03,0.000000000000e+00,0.000000000000e+00,4.195051026334e-04,4.572605618704e-02,0.000000000000e+00,0.000000000000e+00,2.839056863141e+02,2.824974670410e+02,4.836111111110e-01,1.825000000000e-01,3.797328805411e+03,5.547805683702e+04,1.090000000000e+02
9.310000000000e+02,1.034197934247e+08,2.047735335377e+01,4.184215867656e-01,1.782761187920e-07,3.851803380141e+02,1.137459688204e-03,1.239831060142e-01,-1.239125786131e-01,3.188771953607e+03,2.505557780426e+03,0.000000000000e+00,0.000000000000e+00,1.133008585599e-04,1.234979358303e-02,0.000000000000e+00,0.000000000000e+00,2.837174086578e+02,2.821470336914e+02,4.934259259258e-01,2.037962962963e-01,3.188771953607e+03,5.547913346719e+04,1.090000000000e+02
9.320000000000e+02,1.034113104926e+08,1.897814348020e+01,4.184188643277e-01,1.780253015444e-07,3.857232178676e+02,1.038020241207e-03,1.131442062916e-01,-1.130817250939e-01,2.786843808739e+03,2.209165128537e+03,0.000000000000e+00,0.000000000000e+00,9.583659418497e-05,1.044618876616e-02,0.000000000000e+00,0.000000000000e+00,2.837799905275e+02,2.823159179688e+02,5.031481481480e-01,2.224074074074e-01,2.786843808739e+03,5.547877740007e+04,1.090000000000e+02
9.330000000000e+02,1.034031760600e+08,1.778455336355e+01,4.184074929863e-01,1.777761853398e-07,3.862639257443e+02,1.015038865079e-03,1.106392362936e-01,-1.105803199387e-01,2.479419000184e+03,1.999544461835e+03,0.000000000000e+00,0.000000000000e+00,7.968161779881e-05,8.685296340070e-03,0.000000000000e+00,0.000000000000e+00,2.840400902739e+02,2.824949340820e+02,5.113888888888e-01,2.400000000000e-01,2.479419000184e+03,5.547728043593e+04,1.090000000000e+02
9.340000000000e+02,1.033957539086e+08,1.686470036883e+01,4.183923473837e-01,1.775287495874e-07,3.868024819752e+02,1.031201232686e-03,1.124009343628e-01,-1.123417062372e-01,2.247930487415e+03,1.189734390388e+03,0.000000000000e+00,0.000000000000e+00,1.753698812037e-04,1.911531705120e-02,0.000000000000e+00,0.000000000000e+00,2.843807503691e+02,2.828835449219e+02,5.149999999999e-01,2.559259259259e-01,2.247930487415e+03,5.547528229105e+04,1.090000000000e+02
9.350000000000e+02,1.033885414081e+08,1.585164095097e+01,4.184261400923e-01,1.772829740575e-07,3.873389065929e+02,9.829217867010e-04,1.071384747504e-01,-1.070824848375e-01,2.042501261909e+03,1.271700790503e+03,0.000000000000e+00,0.000000000000e+00,1.277983529452e-04,1.393002047102e-02,0.000000000000e+00,0.000000000000e+00,2.836074300239e+02,2.819721069336e+02,5.236111111111e-01,2.711111111111e-01,2.042501261909e+03,5.547975587972e+04,1.090000000000e+02
9.360000000000e+02,1.033820805484e+08,1.532501208270e+01,4.184334259991e-01,1.770388389317e-07,3.878732193379e+02,9.057475293435e-04,9.872648069844e-02,-9.867645520557e-02,1.883837929102e+03,9.861689418433e+02,0.000000000000e+00,0.000000000000e+00,1.487984931815e-04,1.621903575678e-02,0.000000000000e+00,0.000000000000e+00,2.834345586545e+02,2.819758911133e+02,5.332407407407e-01,2.846296296296e-01,1.883837929102e+03,5.548072409388e+04,1.090000000000e+02
9.370000000000e+02,1.033760864557e+08,1.469715488609e+01,4.184189831269e-01,1.767963245832e-07,3.884054396640e+02,9.050457465795e-04,9.864998637716e-02,-9.860039269016e-02,1.771241238349e+03,5.236790491063e+02,0.000000000000e+00,0.000000000000e+00,2.066376400398e-04,2.252350276434e-02,0.000000000000e+00,0.000000000000e+00,2.837728791914e+02,2.819118041992e+02,5.416666666666e-01,2.970370370370e-01,1.771241238349e+03,5.547881762513e+04,1.090000000000e+02
9.380000000000e+02,1.033854240228e+08,2.039949246970e+01,4.184232775754e-01,1.765554117958e-07,3.889355867445e+02,9.146452520147e-04,9.969633246960e-02,-9.963798049372e-02,2.262339886661e+03,-1.486549021713e+04,0.000000000000e+00,0.000000000000e+00,2.833808417553e-03,3.088851175133e-01,0.000000000000e+00,0.000000000000e+00,2.836731061278e+02,2.818783264160e+02,5.452777777777e-01,2.829629629630e-01,2.262339886661e+03,5.547938442753e+04,1.090000000000e+02
9.390000000000e+02,1.033939021659e+08,1.903228571458e+01,4.184346405498e-01,1.763160818183e-07,3.894636794772e+02,9.014291006112e-04,9.825577196663e-02,-9.819141506322e-02,2.982831435968e+03,-1.392590966391e+04,0.000000000000e+00,0.000000000000e+00,2.796425216170e-03,3.048103485625e-01,0.000000000000e+00,0.000000000000e+00,2.834061719994e+02,2.820270385742e+02,5.536111111111e-01,2.710185185185e-01,2.982831435968e+03,5.548088167187e+04,1.090000000000e+02
9.400000000000e+02,1.033896372673e+08,1.763748996198e+01,4.184523779466e-01,1.760783160024e-07,3.899897364898e+02,8.233760172522e-04,8.974798588049e-02,-8.969622627032e-02,2.441780439764e+03,-7.117164692957e+02,0.000000000000e+00,0.000000000000e+00,5.216833204433e-04,5.686348192832e-02,0.000000000000e+00,0.000000000000e+00,2.829767009693e+02,2.817007446289e+02,5.630555555555e-01,2.812037037037e-01,2.441780439764e+03,5.548322820149e+04,1.090000000000e+02
9.410000000000e+02,1.033849229213e+08,1.665655611295e+01,4.184482841792e-01,1.758420961326e-07,3.905137761456e+02,7.801696027507e-04,8.503848669982e-02,-8.499205166309e-02,2.206249531326e+03,-1.335665195625e+00,0.000000000000e+00,0.000000000000e+00,3.652855950216e-04,3.981612985735e-02,0.000000000000e+00,0.000000000000e+00,2.830765208796e+02,2.819637756348e+02,5.685185185185e-01,2.914814814815e-01,2.206249531326e+03,5.548268982067e+04,1.090000000000e+02
9.420000000000e+02,1.033833030032e+08,1.733652646156e+01,4.184457001349e-01,1.756074053833e-07,3.910358165480e+02,7.831506227865e-04,8.536341788373e-02,-8.531519105323e-02,2.167034065640e+03,-3.113658111082e+03,0.000000000000e+00,0.000000000000e+00,8.737337848536e-04,9.523698254904e-02,0.000000000000e+00,0.000000000000e+00,2.831395274644e+02,2.817910766602e+02,5.737037037036e-01,2.965740740741e-01,2.167034065640e+03,5.548234796045e+04,1.090000000000e+02
9.430000000000e+02,1.033813025146e+08,1.634832610863e+01,4.184620823182e-01,1.753742239075e-07,3.915558755461e+02,7.684181879940e-04,8.375758249135e-02,-8.370805025139e-02,2.188703128336e+03,-2.643993419041e+03,0.000000000000e+00,0.000000000000e+00,7.993819725866e-04,8.713263501194e-02,0.000000000000e+00,0.000000000000e+00,2.827349101297e+02,2.815087585449e+02,5.830555555555e-01,3.027777777778e-01,2.188703128336e+03,5.548451374260e+04,1.090000000000e+02
9.440000000000e+02,1.033819743508e+08,1.784314839205e+01,4.184655927821e-01,1.751425368532e-07,3.920739707390e+02,7.314525685203e-04,7.972832996871e-02,-7.968130135697e-02,2.183173224072e+03,-5.092998056344e+03,0.000000000000e+00,0.000000000000e+00,1.203770887779e-03,1.312110267679e-01,0.000000000000e+00,0.000000000000e+00,2.826459470564e+02,2.814277343750e+02,5.856481481481e-01,3.028703703704e-01,2.183173224072e+03,5.548497969298e+04,1.090000000000e+02
9.450000000000e+02,1.033814354527e+08,1.659736690776e+01,4.184617904889e-01,1.749123242498e-07,3.925901194809e+02,7.355001570639e-04,8.016951711997e-02,-8.012195873915e-02,2.294127656102e+03,-3.906713152590e+03,0.000000000000e+00,0.000000000000e+00,1.025518507762e-03,1.117815173460e-01,0.000000000000e+00,0.000000000000e+00,2.827417094113e+02,2.813230285645e+02,5.935185185184e-01,3.064814814815e-01,2.294127656102e+03,5.548447759839e+04,1.090000000000e+02
9.460000000000e+02,1.033759115560e+08,1.550479336436e+01,4.184787270508e-01,1.746835708922e-07,3.931043388856e+02,7.149405388808e-04,7.792851873801e-02,-7.788575563354e-02,1.965078588514e+03,1.202293604098e+03,0.000000000000e+00,0.000000000000e+00,1.263268668768e-04,1.376962848957e-02,0.000000000000e+00,0.000000000000e+00,2.823074722921e+02,2.810931091309e+02,6.007407407407e-01,3.172222222222e-01,1.965078588514e+03,5.548671914527e+04,1.090000000000e+02
9.470000000000e+02,1.033707535626e+08,1.492860876327e+01,4.184826092133e-01,1.744562602226e-07,3.936166458310e+02,6.780745050115e-04,7.391012104625e-02,-7.387151525404e-02,1.806905786802e+03,1.059029550187e+03,0.000000000000e+00,0.000000000000e+00,1.239065636496e-04,1.350581543780e-02,0.000000000000e+00,0.000000000000e+00,2.822049528711e+02,2.810392150879e+02,6.040740740740e-01,3.277777777778e-01,1.806905786802e+03,5.548723494784e+04,1.090000000000e+02
9.480000000000e+02,1.033694244158e+08,1.594897532042e+01,4.184888713525e-01,1.742303797424e-07,3.941270569638e+02,6.340295836008e-04,6.910922461248e-02,-6.907230517042e-02,1.849376323086e+03,-2.503562156741e+03,0.000000000000e+00,0.000000000000e+00,7.202126550342e-04,7.850317939873e-02,0.000000000000e+00,0.000000000000e+00,2.820389441030e+02,2.811347045898e+02,6.129629629629e-01,3.318518518518e-01,1.849376323086e+03,5.548805955997e+04,1.090000000000e+02
9.490000000000e+02,1.033674636063e+08,1.508450819581e+01,4.184761681340e-01,1.740059058170e-07,3.946355887033e+02,6.162290167834e-04,6.716896282939e-02,-6.713246279856e-02,1.912801077663e+03,-1.764234646516e+03,0.000000000000e+00,0.000000000000e+00,6.081462010852e-04,6.628793591829e-02,0.000000000000e+00,0.000000000000e+00,2.823738974539e+02,2.814194335938e+02,6.144444444443e-01,3.370370370370e-01,1.912801077663e+03,5.548638200561e+04,1.090000000000e+02
9.500000000000e+02,1.033696222664e+08,1.731958897843e+01,4.185028281950e-01,1.737828266377e-07,3.951422572461e+02,6.044444550588e-04,6.588444560141e-02,-6.584744948019e-02,1.976749210984e+03,-5.812454830989e+03,0.000000000000e+00,0.000000000000e+00,1.288543766521e-03,1.404512705508e-01,0.000000000000e+00,0.000000000000e+00,2.816565399563e+02,2.805650024414e+02,6.232407407406e-01,3.355555555555e-01,1.976749210984e+03,5.548990463707e+04,1.090000000000e+02
9.510000000000e+02,1.034026815993e+08,2.812236260304e+01,4.185095994284e-01,1.735611267615e-07,3.956470785700e+02,5.968591904053e-04,6.505765175418e-02,-6.500924811859e-02,3.520447698148e+03,-3.666675709793e+04,0.000000000000e+00,0.000000000000e+00,6.646430057775e-03,7.244608762975e-01,0.000000000000e+00,0.000000000000e+00,2.814649287502e+02,2.805459594727e+02,6.255555555554e-01,2.819444444444e-01,3.520447698148e+03,5.549079887542e+04,1.090000000000e+02
9.520000000000e+02,1.034244950629e+08,2.562348405077e+01,4.185176619010e-01,1.733407903197e-07,3.961500684377e+02,6.976730875838e-04,7.604636654663e-02,-7.598377433414e-02,5.223985218456e+03,-2.602995089704e+04,0.000000000000e+00,0.000000000000e+00,5.167342162749e-03,5.632402957396e-01,0.000000000000e+00,0.000000000000e+00,2.812313377337e+02,2.801643371582e+02,6.333333333332e-01,2.451851851852e-01,5.223985218456e+03,5.549186173868e+04,1.090000000000e+02
9.530000000000e+02,1.034228655710e+08,2.426195964001e+01,4.185114639788e-01,1.731218032960e-07,3.966512424016e+02,7.319200797074e-04,7.977928868810e-02,-7.972274267548e-02,4.010036213228e+03,-2.794486202100e+03,0.000000000000e+00,0.000000000000e+00,1.125270781143e-03,1.226545151446e-01,0.000000000000e+00,0.000000000000e+00,2.814118130397e+02,2.803503723145e+02,6.353703703703e-01,2.507407407407e-01,4.010036213228e+03,5.549104237147e+04,1.090000000000e+02
9.540000000000e+02,1.034368391261e+08,2.865610631838e+01,4.185309604080e-01,1.729041515647e-07,3.971506158065e+02,6.800723211422e-04,7.412788300450e-02,-7.407313692993e-02,4.523442536636e+03,-1.808407862122e+04,0.000000000000e+00,0.000000000000e+00,3.738819223540e-03,4.075312953659e-01,0.000000000000e+00,0.000000000000e+00,2.808315055509e+02,2.799125366211e+02,6.433333333332e-01,2.281481481481e-01,4.523442536636e+03,5.549361245660e+04,1.090000000000e+02
9.550000000000e+02,1.034436817263e+08,2.674261605689e+01,4.185324163374e-01,1.726878199836e-07,3.976482037944e+02,6.404560793705e-04,6.980971265139e-02,-6.975669999428e-02,5.271734048841e+03,-1.071369548692e+04,0.000000000000e+00,0.000000000000e+00,2.642901885269e-03,2.880763054944e-01,0.000000000000e+00,0.000000000000e+00,2.807864965600e+02,2.800462036133e+02,6.443518518517e-01,2.180555555555e-01,5.271734048841e+03,5.549380319572e+04,1.090000000000e+02
9.560000000000e+02,1.034359968591e+08,2.343791311664e+01,4.185485463628e-01,1.724727928977e-07,3.981440213073e+02,6.084493215587e-04,6.632097604990e-02,-6.627542981112e-02,4.126943228430e+03,4.006888015635e+03,0.000000000000e+00,0.000000000000e+00,1.971550289508e-05,2.148989815563e-03,0.000000000000e+00,0.000000000000e+00,2.802629489531e+02,2.794725646973e+02,6.523148148148e-01,2.344444444444e-01,4.126943228430e+03,5.549593712114e+04,1.090000000000e+02
9.570000000000e+02,1.034296464078e+08,2.165023963500e+01,4.185572333906e-01,1.722590572544e-07,3.986380830915e+02,5.649756464447e-04,6.158234546247e-02,-6.154189250366e-02,3.480081943772e+03,2.935063893059e+03,0.000000000000e+00,0.000000000000e+00,9.017124613229e-05,9.828665828420e-03,0.000000000000e+00,0.000000000000e+00,2.799615546493e+02,2.790285949707e+02,6.539814814815e-01,2.475000000000e-01,3.480081943772e+03,5.549708758509e+04,1.090000000000e+02
9.580000000000e+02,1.035305198225e+08,6.437161435215e+03,4.185756885664e-01,1.720465991391e-07,3.991304037005e+02,6.980099163117e-04,7.608308087798e-02,-7.357348290979e-02,6.164338819888e+04,-1.049566390443e+05,0.000000000000e+00,0.000000000000e+00,2.862369531209e-02,3.119982789018e+00,0.000000000000e+00,0.000000000000e+00,2.792651616096e+02,2.787380981445e+02,6.602777777778e-01,3.111111111115e-02,6.164338819888e+04,5.549951352450e+04,1.090000000000e+02
9.590000000000e+02,1.035427535274e+08,1.109744140390e+03,4.185826989687e-01,1.718354051251e-07,3.996209974988e+02,9.621450517957e-04,1.048738106457e-01,-9.620304803705e-02,1.574556794430e+05,-1.757299453211e+04,0.000000000000e+00,0.000000000000e+00,2.813171311565e-02,3.066356729606e+00,0.000000000000e+00,0.000000000000e+00,2.789751120921e+02,2.783651733398e+02,6.633333333333e-01,1.731481481483e-02,1.574556794430e+05,5.550043008561e+04,1.090000000000e+02
9.600000000000e+02,1.035300088970e+08,3.759538405823e+01,4.185912412448e-01,1.716254615963e-07,4.001098786650e+02,8.658205550509e-04,9.437444050054e-02,-9.412484417844e-02,1.061772510930e+04,7.520598097864e+03,0.000000000000e+00,0.000000000000e+00,3.370163841136e-04,3.673478586838e-02,0.000000000000e+00,0.000000000000e+00,2.785828456306e+02,2.781217346191e+02,6.641666666666e-01,6.814814814812e-02,1.061772510930e+04,5.550156681395e+04,1.090000000000e+02
9.610000000000e+02,1.035206048200e+08,3.448242688644e+01,4.185980980552e-01,1.714167553954e-07,4.005970611952e+02,7.278574373339e-04,7.933646066940e-02,-7.928173310993e-02,7.767538851820e+03,5.003768355955e+03,0.000000000000e+00,0.000000000000e+00,4.568285992592e-04,4.979431731925e-02,0.000000000000e+00,0.000000000000e+00,2.782353001676e+02,2.777251586914e+02,6.654629629629e-01,9.074074074071e-02,7.767538851820e+03,5.550247865497e+04,1.090000000000e+02
9.620000000000e+02,1.035110842380e+08,3.140327151562e+01,4.185900994303e-01,1.712092734972e-07,4.010825589064e+02,7.158486279555e-04,7.802750044715e-02,-7.797572789849e-02,6.674268711982e+03,5.192762819062e+03,0.000000000000e+00,0.000000000000e+00,2.448519472532e-04,2.668886225060e-02,0.000000000000e+00,0.000000000000e+00,2.786345078271e+02,2.779897155762e+02,6.712037037037e-01,1.112962962963e-01,6.674268711982e+03,5.550142237555e+04,1.090000000000e+02
9.630000000000e+02,1.035143725213e+08,3.531528380597e+01,4.185995804229e-01,1.710030128177e-07,4.015663854390e+02,7.276585618978e-04,7.931478324686e-02,-7.926134180773e-02,6.575083746484e+03,-7.687457449986e+03,0.000000000000e+00,0.000000000000e+00,2.358680745215e-03,2.570962012285e-01,0.000000000000e+00,0.000000000000e+00,2.781550290420e+02,2.776170043945e+02,6.724074074074e-01,1.059259259259e-01,6.575083746484e+03,5.550267503882e+04,1.090000000000e+02
9.640000000000e+02,1.035176415170e+08,3.647559431618e+01,4.186037957683e-01,1.707979642207e-07,4.020485542606e+02,7.189283256454e-04,7.836318749534e-02,-7.830605342718e-02,8.131915525503e+03,-7.615234178024e+03,0.000000000000e+00,0.000000000000e+00,2.603627677926e-03,2.837954168939e-01,0.000000000000e+00,0.000000000000e+00,2.779193775942e+02,2.773967285156e+02,6.739814814814e-01,1.007407407407e-01,8.131915525503e+03,5.550322556281e+04,1.090000000000e+02
9.650000000000e+02,1.035101142080e+08,3.373745735908e+01,4.186022387044e-01,1.705940790195e-07,4.025290786683e+02,6.510266824296e-04,7.096190838482e-02,-7.091199633233e-02,7.415069158139e+03,3.591461098176e+03,0.000000000000e+00,0.000000000000e+00,6.320218444749e-04,6.889038104776e-02,0.000000000000e+00,0.000000000000e+00,2.780093825532e+02,2.774201660156e+02,6.742592592592e-01,1.175000000000e-01,7.415069158139e+03,5.550302074376e+04,1.090000000000e+02
9.660000000000e+02,1.035063029008e+08,3.308088487113e+01,4.186050797082e-01,1.703913679665e-07,4.030079717924e+02,6.003637948255e-04,6.543965363597e-02,-6.539446971083e-02,6.781871257253e+03,1.816938251998e+02,0.000000000000e+00,0.000000000000e+00,1.091269452870e-03,1.189483703629e-01,0.000000000000e+00,0.000000000000e+00,2.778419584328e+02,2.773899841309e+02,6.745370370370e-01,1.259259259259e-01,6.781871257253e+03,5.550339763872e+04,1.090000000000e+02
9.670000000000e+02,1.035478477260e+08,5.685825058636e+03,4.186048154444e-01,1.701898189994e-07,4.034852465983e+02,6.649177260891e-04,7.247603214371e-02,-6.973174379600e-02,6.360739677932e+04,-4.541518257349e+04,0.000000000000e+00,0.000000000000e+00,1.898018344431e-02,2.068839995429e+00,0.000000000000e+00,0.000000000000e+00,2.778603591618e+02,2.776781311035e+02,6.780555555555e-01,1.287037037039e-02,6.360739677932e+04,5.550335847769e+04,1.090000000000e+02
9.680000000000e+02,1.035503571645e+08,9.425793030083e+02,4.186180311920e-01,1.699894202033e-07,4.039609158901e+02,7.368135755405e-04,8.031267973392e-02,-7.478165230383e-02,1.060500431099e+05,-6.660144330550e+03,0.000000000000e+00,0.000000000000e+00,1.789671308196e-02,1.950741725934e+00,0.000000000000e+00,0.000000000000e+00,2.768918171342e+02,2.766098327637e+02,6.814814814814e-01,1.851851851853e-02,1.060500431099e+05,5.550510561309e+04,1.090000000000e+02
9.690000000000e+02,1.035381627777e+08,3.699103794851e+01,4.186196238921e-01,1.697901598669e-07,4.044349923132e+02,6.701294091171e-04,7.304410559377e-02,-7.285573048197e-02,1.025207376317e+04,8.150510757827e+03,0.000000000000e+00,0.000000000000e+00,1.994074199528e-04,2.173540877485e-02,0.000000000000e+00,0.000000000000e+00,2.767302941518e+02,2.765415649414e+02,6.820370370370e-01,6.527777777775e-02,1.025207376317e+04,5.550531856706e+04,1.090000000000e+02
9.700000000000e+02,1.035291261706e+08,3.457486913728e+01,4.186202477060e-01,1.695920264544e-07,4.049074883564e+02,5.938077076478e-04,6.472504013361e-02,-6.468177547384e-02,7.645099199080e+03,5.446418884631e+03,0.000000000000e+00,0.000000000000e+00,3.634103127291e-04,3.961172408747e-02,0.000000000000e+00,0.000000000000e+00,2.766616472986e+02,2.764434814453e+02,6.824074074074e-01,8.638888888886e-02,7.645099199080e+03,5.550540255646e+04,1.090000000000e+02
9.710000000000e+02,1.035223340559e+08,3.279323244902e+01,4.186245913821e-01,1.693950085709e-07,4.053784163554e+02,5.124659804635e-04,5.585879187052e-02,-5.582184919005e-02,6.915653818381e+03,3.693680256106e+03,0.000000000000e+00,0.000000000000e+00,5.325907399814e-04,5.805239065797e-02,0.000000000000e+00,0.000000000000e+00,2.760326323431e+02,2.759356079102e+02,6.824999999999e-01,1.009259259259e-01,6.915653818381e+03,5.550597810129e+04,1.090000000000e+02
9.720000000000e+02,1.035146821273e+08,3.045627394156e+01,4.186259824872e-01,1.691990950003e-07,4.058477884945e+02,4.950829897894e-04,5.396404588705e-02,-5.392838361397e-02,6.227667368356e+03,4.658574052450e+03,0.000000000000e+00,0.000000000000e+00,2.592882184644e-04,2.826241581261e-02,0.000000000000e+00,0.000000000000e+00,2.756035584706e+02,2.754302673340e+02,6.824999999999e-01,1.166666666666e-01,6.227667368356e+03,5.550616213721e+04,1.090000000000e+02
9.730000000000e+02,1.035063312387e+08,2.842030903361e+01,4.186246596101e-01,1.690042746981e-07,4.063156168099e+02,4.956587348708e-04,5.402680210091e-02,-5.399224284671e-02,5.477861528437e+03,5.353990802277e+03,0.000000000000e+00,0.000000000000e+00,2.045436550862e-05,2.229525840440e-03,0.000000000000e+00,0.000000000000e+00,2.760156698356e+02,2.757243041992e+02,6.821296296296e-01,1.327777777777e-01,5.477861528437e+03,5.550598798419e+04,1.090000000000e+02
9.740000000000e+02,1.034995784334e+08,2.711417361335e+01,4.186259227034e-01,1.688105367603e-07,4.067819131915e+02,4.533625061103e-04,4.941651316602e-02,-4.938597806338e-02,4.960855283731e+03,4.011582305738e+03,0.000000000000e+00,0.000000000000e+00,1.569644887833e-04,1.710912927738e-02,0.000000000000e+00,0.000000000000e+00,2.756356111316e+02,2.753952331543e+02,6.809259259259e-01,1.453703703703e-01,4.960855283731e+03,5.550615445652e+04,1.090000000000e+02
9.750000000000e+02,1.035068913746e+08,3.237545319245e+01,4.186252262378e-01,1.686178874400e-07,4.072466893858e+02,4.114486471909e-04,4.484790254380e-02,-4.481892426872e-02,5.434207818648e+03,-9.800658883217e+03,0.000000000000e+00,0.000000000000e+00,2.519226530323e-03,2.745956918053e-01,0.000000000000e+00,0.000000000000e+00,2.758914277256e+02,2.759801940918e+02,6.787037037037e-01,1.318518518518e-01,5.434207818648e+03,5.550605725118e+04,1.090000000000e+02
9.760000000000e+02,1.035115313536e+08,3.311718392271e+01,4.186255634438e-01,1.684263061306e-07,4.077099569979e+02,4.513830818145e-04,4.920075591778e-02,-4.916556147453e-02,7.012313915137e+03,-7.368976110188e+03,0.000000000000e+00,0.000000000000e+00,2.377454660038e-03,2.591425579441e-01,0.000000000000e+00,0.000000000000e+00,2.758112996732e+02,2.755638122559e+02,6.766666666666e-01,1.225925925926e-01,7.012313915137e+03,5.550609378138e+04,1.090000000000e+02
9.770000000000e+02,1.035048500672e+08,3.072945108962e+01,4.186262764486e-01,1.682357514210e-07,4.081717274940e+02,4.333991721033e-04,4.724050975926e-02,-4.720785619168e-02,6.241038653441e+03,4.060958927528e+03,0.000000000000e+00,0.000000000000e+00,3.602383552996e-04,3.926598072766e-02,0.000000000000e+00,0.000000000000e+00,2.752980079498e+02,2.752113037109e+02,6.756481481481e-01,1.361111111111e-01,6.241038653441e+03,5.550618698963e+04,1.090000000000e+02
9.780000000000e+02,1.034985517335e+08,2.869234781476e+01,4.186262926164e-01,1.680462370010e-07,4.086320122038e+02,3.884567303993e-04,4.234178361353e-02,-4.231336271621e-02,5.614386819896e+03,3.949679132907e+03,0.000000000000e+00,0.000000000000e+00,2.750744073127e-04,2.998311039709e-02,0.000000000000e+00,0.000000000000e+00,2.753698551428e+02,2.754689636230e+02,6.745370370370e-01,1.486111111111e-01,5.614386819896e+03,5.550618928018e+04,1.090000000000e+02
9.790000000000e+02,1.035567759022e+08,9.407579611559e+03,4.186252648599e-01,1.678577529429e-07,4.090908223222e+02,4.600592236692e-04,5.014645537994e-02,-4.630309753322e-02,1.919856464131e+05,-6.079427258006e+04,0.000000000000e+00,0.000000000000e+00,4.336610018086e-02,4.726904919714e+00,0.000000000000e+00,0.000000000000e+00,2.748338441666e+02,2.750495300293e+02,6.745370370370e-01,9.259259259014e-05,1.919856464131e+05,5.550605307739e+04,1.090000000000e+02
9.800000000000e+02,1.035565141863e+08,2.576858087370e+03,4.186223066939e-01,1.676702949021e-07,4.095481689122e+02,4.620454249343e-04,5.036295131784e-02,-4.460832220766e-02,2.733396658229e+05,-2.214284988854e+03,0.000000000000e+00,0.000000000000e+00,4.446877755298e-02,4.847096753274e+00,0.000000000000e+00,0.000000000000e+00,2.743304339458e+02,2.745464477539e+02,6.731481481481e-01,5.833333333361e-03,2.733396658229e+05,5.550566000268e+04,1.090000000000e+02
9.810000000000e+02,1.035500805727e+08,1.668208611423e+02,4.186176339475e-01,1.674838408694e-07,4.100040629062e+02,4.135287058505e-04,4.507462893770e-02,-4.438521203729e-02,1.851953610978e+04,3.969995852776e+03,0.000000000000e+00,0.000000000000e+00,2.012822900832e-03,2.193976961907e-01,0.000000000000e+00,0.000000000000e+00,2.738511693975e+02,2.740815124512e+02,6.716666666666e-01,3.685185185185e-02,1.851953610978e+04,5.550504112495e+04,1.090000000000e+02
9.820000000000e+02,1.035450629395e+08,1.176227899145e+02,4.186191853678e-01,1.672983875622e-07,4.104585151089e+02,3.487140653798e-04,3.800983312640e-02,-3.793071502572e-02,9.577128790648e+03,2.912282809480e+03,0.000000000000e+00,0.000000000000e+00,1.094210190881e-03,1.192689108061e-01,0.000000000000e+00,0.000000000000e+00,2.739905153565e+02,2.743074951172e+02,6.645370370370e-01,5.185185185185e-02,9.577128790648e+03,5.550524569329e+04,1.090000000000e+02
9.830000000000e+02,1.035391045251e+08,6.336205786206e+01,2.576115486981e+03,4.257982365830e-03,1.000000000000e+02,2.710995115510e-04,2.954984675906e-02,-3.215842139177e-02,9.316474822379e+03,4.173453059003e+03,1.544000549006e-05,1.682960598417e-03,8.260249129169e-04,9.003671550795e-02,4.168801482318e-04,4.543993615726e-02,2.740781182516e+02,2.743923034668e+02,6.583333333333e-01,6.907407407406e-02,9.316474822379e+03,5.550536366670e+04,1.090000000000e+02
9.840000000000e+02,1.035305860719e+08,3.521760519876e+01,9.275469595565e+03,1.533126799781e-02,1.000000000000e+02,-4.971793654703e-06,-5.419255083627e-04,-1.639867243016e-02,7.856594410070e+03,7.608241466446e+03,3.660399781402e-05,3.989835761728e-03,0.000000000000e+00,0.000000000000e+00,9.883079409785e-04,1.077255655667e-01,2.737675420977e+02,2.744028015137e+02,6.525925925926e-01,8.888888888886e-02,7.856594410070e+03,5.550490818843e+04,1.090000000000e+02
9.850000000000e+02,1.035235757853e+08,3.289856971868e+01,1.944704240788e+04,3.139853035449e-02,1.023144913750e+02,-3.011772706647e-04,-3.282832250245e-02,-1.264341605251e-03,7.041420234715e+03,6.940108728715e+03,1.639935342539e-05,1.787529523368e-03,0.000000000000e+00,0.000000000000e+00,1.384880165942e-03,1.509519380877e-01,2.732249502834e+02,2.738864746094e+02,2.657407407407e-02,1.028703703703e-01,7.041420234715e+03,5.550386105416e+04,1.090000000000e+02
9.860000000000e+02,1.035171083873e+08,3.337452004170e+01,3.104646570395e+04,4.600230699839e-02,1.113883219855e+02,-3.441894596009e-04,-3.751665109650e-02,-1.332782979008e-04,6.459524936848e+03,6.460000887185e+03,0.000000000000e+00,0.000000000000e+00,0.000000000000e+00,0.000000000000e+00,1.571873634209e-03,1.713342261288e-01,2.732143539657e+02,2.735253601074e+02,0.000000000000e+00,1.151851851851e-01,6.459524936848e+03,5.550383846185e+04,1.090000000000e+02
9.870000000000e+02,1.035110619812e+08,3.183459752290e+01,4.204696563390e+04,5.813199352274e-02,1.194426113171e+02,-3.674779588275e-04,-4.005509751219e-02,0.000000000000e+00,6.047946473911e+03,6.046406551412e+03,0.000000000000e+00,0.000000000000e+00,0.000000000000e+00,0.000000000000e+00,1.450810564058e-03,1.581383514823e-01,2.732160140102e+02,2.733212890625e+02,0.000000000000e+00,1.269444444444e-01,6.047946473911e+03,5.550384218026e+04,1.090000000000e+02
9.880000000000e+02,1.035053728801e+08,3.093147636168e+01,5.197078951003e+04,6.773493093681e-02,1.267465653640e+02,-3.736572974226e-04,-4.072864541906e-02,0.000000000000e+00,5.690005231127e+03,5.689102109953e+03,0.000000000000e+00,0.000000000000e+00,0.000000000000e+00,0.000000000000e+00,1.266646835714e-03,1.380645050928e-01,2.732133881352e+02,2.729063110352e+02,0.000000000000e+00,1.375925925926e-01,5.690005231127e+03,5.550383629864e+04,1.090000000000e+02
9.890000000000e+02,1.035000320677e+08,3.010962028692e+01,6.272645764037e+04,7.807583479928e-02,1.327429712133e+02,-3.681489558404e-04,-4.012823618660e-02,0.000000000000e+00,5.341634961281e+03,5.340813105212e+03,0.000000000000e+00,0.000000000000e+00,0.000000000000e+00,0.000000000000e+00,1.409672583369e-03,1.536543115873e-01,2.732107552438e+02,2.722380981445e+02,0.000000000000e+00,1.477777777777e-01,5.341634961281e+03,5.550383039300e+04,1.090000000000e+02
9.900000000000e+02,1.034949672031e+08,2.921305291937e+01,7.348798166159e+04,8.791018016900e-02,1.381343772826e+02,-3.621279711065e-04,-3.947194885061e-02,0.000000000000e+00,5.065761548414e+03,5.064864981042e+03,0.000000000000e+00,0.000000000000e+00,0.000000000000e+00,0.000000000000e+00,1.416660692587e-03,1.544160154920e-01,2.732090108227e+02,2.720433349609e+02,0.000000000000e+00,1.575925925926e-01,5.065761548414e+03,5.550382647519e+04,1.090000000000e+02
9.910000000000e+02,1.034901517114e+08,2.868345372449e+01,8.375341296216e+04,9.669274364513e-02,1.431411535991e+02,-3.562139440231e-04,-3.882731989852e-02,0.000000000000e+00,4.816021390014e+03,4.815491790823e+03,0.000000000000e+00,0.000000000000e+00,0.000000000000e+00,0.000000000000e+00,1.340566715638e-03,1.461217720046e-01,2.732047396196e+02,2.718146057129e+02,0.000000000000e+00,1.671296296296e-01,4.816021390014e+03,5.550381686951e+04,1.090000000000e+02
9.920000000000e+02,1.034855688592e+08,2.839874000604e+01,9.405319517783e+04,1.052203483947e-01,1.477237378007e+02,-3.649204834620e-04,-3.977633269736e-02,0.000000000000e+00,4.583136876276e+03,4.582852162552e+03,0.000000000000e+00,0.000000000000e+00,0.000000000000e+00,0.000000000000e+00,1.337551948247e-03,1.457931623589e-01,2.731990846478e+02,2.714259948730e+02,0.000000000000e+00,1.761111111111e-01,4.583136876276e+03,5.550380412061e+04,1.090000000000e+02
9.930000000000e+02,1.034811787476e+08,2.820144762190e+01,1.058944873937e+05,1.156125518207e-01,1.513770870892e+02,-3.673409008575e-04,-4.004015819347e-02,0.000000000000e+00,4.390308709518e+03,4.390111417133e+03,0.000000000000e+00,0.000000000000e+00,0.000000000000e+00,0.000000000000e+00,1.589930286955e-03,1.733024012781e-01,2.731934216683e+02,2.707429199219e+02,0.000000000000e+00,1.856481481481e-01,4.390308709518e+03,5.550379131770e+04,1.090000000000e+02
9.940000000000e+02,1.034769671911e+08,2.788468469909e+01,1.188480008486e+05,1.272287267749e-01,1.543868301994e+02,-3.563335210622e-04,-3.884035379578e-02,0.000000000000e+00,4.211873103607e+03,4.211556340691e+03,0.000000000000e+00,0.000000000000e+00,0.000000000000e+00,0.000000000000e+00,1.784762398329e-03,1.945391014178e-01,2.731897513798e+02,2.704045104980e+02,0.000000000000e+00,1.950925925926e-01,4.211873103607e+03,5.550378300081e+04,1.090000000000e+02
9.950000000000e+02,1.034729298281e+08,2.769609544069e+01,1.317387831748e+05,1.386214224141e-01,1.570708509602e+02,-3.587960269811e-04,-3.910876694094e-02,0.000000000000e+00,4.037551837667e+03,4.037363248412e+03,0.000000000000e+00,0.000000000000e+00,0.000000000000e+00,0.000000000000e+00,1.771945629278e-03,1.931420735913e-01,2.731864260100e+02,2.700735168457e+02,0.000000000000e+00,2.036111111111e-01,4.037551837667e+03,5.550377545298e+04,1.090000000000e+02
9.960000000000e+02,1.034690257224e+08,2.788067681318e+01,1.453686134925e+05,1.501255615775e-01,1.600423857140e+02,-3.590705722100e-04,-3.913869237089e-02,0.000000000000e+00,3.903921256232e+03,3.904105837620e+03,0.000000000000e+00,0.000000000000e+00,0.000000000000e+00,0.000000000000e+00,1.893832081576e-03,2.064276968918e-01,2.731811375973e+02,2.694647521973e+02,0.000000000000e+00,2.121296296296e-01,3.903921256232e+03,5.550376342390e+04,1.090000000000e+02
9.970000000000e+02,1.034652388576e+08,2.847503025508e+01,1.567413217631e+05,1.581304248904e-01,1.638294388392e+02,-3.444920547879e-04,-3.754963397188e-02,0.000000000000e+00,3.786271358199e+03,3.786865711647e+03,0.000000000000e+00,0.000000000000e+00,0.000000000000e+00,0.000000000000e+00,1.535330035290e-03,1.673509738466e-01,2.731738918733e+02,2.685157775879e+02,0.000000000000e+00,2.206481481481e-01,3.786271358199e+03,5.550374689154e+04,1.090000000000e+02
9.980000000000e+02,1.034615471022e+08,2.900828852509e+01,1.668434523597e+05,1.647866611954e-01,1.673457632265e+02,-3.255598920814e-04,-3.548602823687e-02,0.000000000000e+00,3.691221767253e+03,3.691755025533e+03,0.000000000000e+00,0.000000000000e+00,0.000000000000e+00,0.000000000000e+00,1.344226096585e-03,1.465206445278e-01,2.731679375147e+02,2.681567382813e+02,0.000000000000e+00,2.299074074074e-01,3.691221767253e+03,5.550373326108e+04,1.090000000000e+02
9.990000000000e+02,1.034579634235e+08,2.956299894592e+01,1.793087230587e+05,1.749808729289e-01,1.693720370784e+02,-3.173494508168e-04,-3.459109013904e-02,0.000000000000e+00,3.583123653002e+03,3.583678363409e+03,0.000000000000e+00,0.000000000000e+00,0.000000000000e+00,0.000000000000e+00,1.743064446714e-03,1.899940246918e-01,2.731622313820e+02,2.678457641602e+02,0.000000000000e+00,2.384259259259e-01,3.583123653002e+03,5.550372016148e+04,1.090000000000e+02
1.000000000000e+03,1.034544635193e+08,3.055288946125e+01,1.916354707029e+05,1.838581340224e-01,1.722767331150e+02,-3.123023725278e-04,-3.404095860553e-02,0.000000000000e+00,3.498913861755e+03,3.499903752278e+03,0.000000000000e+00,0.000000000000e+00,0.000000000000e+00,0.000000000000e+00,1.725218052470e-03,1.880487677193e-01,2.731548569265e+02,2.672311096191e+02,0.000000000000e+00,2.472222222222e-01,3.498913861755e+03,5.550370317853e+04,1.090000000000e+02
1.001000000000e+03,1.034510337427e+08,3.141931845511e+01,2.022517969562e+05,1.904532424367e-01,1.755252951011e+02,-3.058812768680e-04,-3.334105917861e-02,0.000000000000e+00,3.428910591692e+03,3.429777020697e+03,0.000000000000e+00,0.000000000000e+00,0.000000000000e+00,0.000000000000e+00,1.448919646018e-03,1.579322414160e-01,2.731491725178e+02,2.670113830566e+02,0.000000000000e+00,2.561111111111e-01,3.428910591692e+03,5.550369004611e+04,1.090000000000e+02
1.002000000000e+03,1.034476672265e+08,3.211617783269e+01,2.127180512981e+05,1.972415234854e-01,1.782557040624e+02,-3.017269726001e-04,-3.288824001341e-02,0.000000000000e+00,3.365820664340e+03,3.366517523717e+03,0.000000000000e+00,0.000000000000e+00,0.000000000000e+00,0.000000000000e+00,1.428265680353e-03,1.556809591585e-01,2.731450166310e+02,2.674907226562e+02,0.000000000000e+00,2.642592592592e-01,3.365820664340e+03,5.550368042178e+04,1.090000000000e+02
1.003000000000e+03,1.034443577035e+08,3.299861011301e+01,2.240266413774e+05,2.048684444916e-01,1.807438687851e+02,-3.072577001158e-04,-3.349108931262e-02,0.000000000000e+00,3.308640578936e+03,3.309523011217e+03,0.000000000000e+00,0.000000000000e+00,0.000000000000e+00,0.000000000000e+00,1.561966989591e-03,1.702544018654e-01,2.731404489564e+02,2.673902587891e+02,0.000000000000e+00,2.726851851852e-01,3.308640578936e+03,5.550366982110e+04,1.090000000000e+02
1.004000000000e+03,1.034411150273e+08,3.401202876032e+01,2.337363211823e+05,2.117462543233e-01,1.824528502691e+02,-2.920927101495e-04,-3.183810540630e-02,0.000000000000e+00,3.241662155471e+03,3.242675574133e+03,0.000000000000e+00,0.000000000000e+00,0.000000000000e+00,0.000000000000e+00,1.312847108416e-03,1.431003348173e-01,2.731357534371e+02,2.672338867188e+02,0.000000000000e+00,2.811111111111e-01,3.241662155471e+03,5.550365889899e+04,1.090000000000e+02
1.005000000000e+03,1.034379161661e+08,3.558111489742e+01,2.421272332862e+05,2.153909714202e-01,1.858050214036e+02,-2.985771845548e-04,-3.254491311647e-02,0.000000000000e+00,3.197292654042e+03,3.198861740174e+03,0.000000000000e+00,0.000000000000e+00,0.000000000000e+00,0.000000000000e+00,1.088384320269e-03,1.186338909093e-01,2.731294209480e+02,2.668755798340e+02,0.000000000000e+00,2.900000000000e-01,3.197292654042e+03,5.550364413068e+04,1.090000000000e+02
1.006000000000e+03,1.034347569601e+08,3.691142463300e+01,2.552579784770e+05,2.245031086900e-01,1.879314041572e+02,-3.096380908044e-04,-3.375055189768e-02,0.000000000000e+00,3.157875280548e+03,3.159205590272e+03,0.000000000000e+00,0.000000000000e+00,0.000000000000e+00,0.000000000000e+00,1.860778264273e-03,2.028248308058e-01,2.731245946822e+02,2.667943420410e+02,0.000000000000e+00,2.984259259259e-01,3.157875280548e+03,5.550363284466e+04,1.090000000000e+02
1.007000000000e+03,1.034316372267e+08,3.866525611656e+01,2.690706268222e+05,2.351465932986e-01,1.891345902983e+02,-3.203798815418e-04,-3.492140708806e-02,0.000000000000e+00,3.117980102694e+03,3.119733934181e+03,0.000000000000e+00,0.000000000000e+00,0.000000000000e+00,0.000000000000e+00,1.962752523725e-03,2.139400250860e-01,2.731186458822e+02,2.665367736816e+02,0.000000000000e+00,3.069444444444e-01,3.117980102694e+03,5.550361889797e+04,1.090000000000e+02
1.008000000000e+03,1.034285595674e+08,4.164492954181e+01,2.807730609100e+05,2.429353861999e-01,1.910332191925e+02,-2.954499305250e-04,-3.220404242723e-02,0.000000000000e+00,3.074679737127e+03,3.077659410562e+03,0.000000000000e+00,0.000000000000e+00,0.000000000000e+00,0.000000000000e+00,1.638886773492e-03,1.786386583106e-01,2.731103711419e+02,2.658544006348e+02,0.000000000000e+00,3.144444444444e-01,3.074679737127e+03,5.550359943242e+04,1.090000000000e+02
1.009000000000e+03,1.034255158396e+08,4.640549423994e+01,2.920005523833e+05,2.493920230570e-01,1.935290687632e+02,-2.844386373746e-04,-3.100381147383e-02,0.000000000000e+00,3.038967052631e+03,3.043727617308e+03,0.000000000000e+00,0.000000000000e+00,0.000000000000e+00,0.000000000000e+00,1.571401127620e-03,1.712827229106e-01,2.730992488619e+02,2.650914611816e+02,0.000000000000e+00,3.232407407407e-01,3.038967052631e+03,5.550357314724e+04,1.090000000000e+02
1.010000000000e+03,1.034225092000e+08,5.207451273225e+01,3.015996866077e+05,2.545187508195e-01,1.958650366891e+02,-2.723709041374e-04,-2.968842855097e-02,0.000000000000e+00,3.000970870552e+03,3.006639889058e+03,0.000000000000e+00,0.000000000000e+00,0.000000000000e+00,0.000000000000e+00,1.314313653111e-03,1.432601881891e-01,2.730890035163e+02,2.644819641113e+02,0.000000000000e+00,3.321296296296e-01,3.000970870552e+03,5.550354881089e+04,1.090000000000e+02
1.011000000000e+03,1.034195357598e+08,5.782877196022e+01,3.106998992486e+05,2.595161281373e-01,1.978896980535e+02,-2.525836572903e-04,-2.753161864464e-02,0.000000000000e+00,2.967686832608e+03,2.973441091831e+03,0.000000000000e+00,0.000000000000e+00,0.000000000000e+00,0.000000000000e+00,1.251630241450e-03,1.364276963181e-01,2.730806730388e+02,2.644597473145e+02,0.000000000000e+00,3.409259259259e-01,2.967686832608e+03,5.550352893537e+04,1.090000000000e+02
1.012000000000e+03,1.034165868591e+08,6.343740711286e+01,3.210611000443e+05,2.649888633051e-01,2.002659310969e+02,-2.638970387234e-04,-2.876477722085e-02,0.000000000000e+00,2.943292744270e+03,2.948901379423e+03,0.000000000000e+00,0.000000000000e+00,0.000000000000e+00,0.000000000000e+00,1.448746616273e-03,1.579133811737e-01,2.730736813939e+02,2.643859558105e+02,0.000000000000e+00,3.502777777778e-01,2.943292744270e+03,5.550351219335e+04,1.090000000000e+02
1.013000000000e+03,1.034136624217e+08,7.177504937779e+01,3.313276677306e+05,2.708053588580e-01,2.022311602426e+02,-2.654462524238e-04,-2.893364151420e-02,0.000000000000e+00,2.916099277338e+03,2.924436919601e+03,0.000000000000e+00,0.000000000000e+00,0.000000000000e+00,0.000000000000e+00,1.431570907003e-03,1.560412288633e-01,2.730616662415e+02,2.635574340820e+02,0.000000000000e+00,3.586111111111e-01,2.916099277338e+03,5.550348329457e+04,1.090000000000e+02
1.014000000000e+03,1.034107685202e+08,8.386819419442e+01,3.399658679803e+05,2.752116917558e-01,2.041816190144e+02,-2.469072634294e-04,-2.691289171381e-02,0.000000000000e+00,2.881808098770e+03,2.893901243587e+03,0.000000000000e+00,0.000000000000e+00,0.000000000000e+00,0.000000000000e+00,1.180955962756e-03,1.287241999404e-01,2.730482734733e+02,2.634318237305e+02,0.000000000000e+00,3.675925925926e-01,2.881808098770e+03,5.550345088958e+04,1.090000000000e+02
1.015000000000e+03,1.034079026879e+08,9.843394397797e+01,3.485309851278e+05,2.794809389696e-01,2.061284552547e+02,-2.309848125324e-04,-2.517734456604e-02,0.000000000000e+00,2.851267961942e+03,2.865833711736e+03,0.000000000000e+00,0.000000000000e+00,0.000000000000e+00,0.000000000000e+00,1.184797093352e-03,1.291428831754e-01,2.730354959940e+02,2.631764831543e+02,0.000000000000e+00,3.763888888889e-01,2.851267961942e+03,5.550341978261e+04,1.090000000000e+02
1.016000000000e+03,1.034050589738e+08,1.138040758179e+02,3.582552783085e+05,2.844922866557e-01,2.081475671074e+02,-2.256155061561e-04,-2.459209017102e-02,0.000000000000e+00,2.828344257882e+03,2.843714389723e+03,0.000000000000e+00,0.000000000000e+00,0.000000000000e+00,0.000000000000e+00,1.381767201104e-03,1.506126249204e-01,2.730252451642e+02,2.627090454102e+02,0.000000000000e+00,3.855555555555e-01,2.828344257882e+03,5.550339469185e+04,1.090000000000e+02
1.017000000000e+03,1.034022379746e+08,1.352076006929e+02,3.664673263909e+05,2.883104563662e-01,2.100993749304e+02,-2.120230804135e-04,-2.311051576507e-02,0.000000000000e+00,2.799595496430e+03,2.820999021308e+03,0.000000000000e+00,0.000000000000e+00,0.000000000000e+00,0.000000000000e+00,1.145410227651e-03,1.248497148139e-01,2.730040687900e+02,2.621520385742e+02,0.000000000000e+00,3.946296296296e-01,2.799595496430e+03,5.550334248346e+04,1.090000000000e+02
1.018000000000e+03,1.033994499614e+08,1.662722427849e+02,3.733114846104e+05,2.908222112950e-01,2.121750691424e+02,-1.941285944836e-04,-2.116001679872e-02,0.000000000000e+00,2.756949484023e+03,2.788014126119e+03,0.000000000000e+00,0.000000000000e+00,0.000000000000e+00,0.000000000000e+00,9.372255154882e-04,1.021575811882e-01,2.729803344427e+02,2.611498107910e+02,0.000000000000e+00,4.033333333333e-01,2.756949484023e+03,5.550328336384e+04,1.090000000000e+02
1.019000000000e+03,1.033966850567e+08,1.969853593984e+02,3.820909044087e+05,2.952423037028e-01,2.139139462938e+02,-2.100968005035e-04,-2.290055125488e-02,0.000000000000e+00,2.734191580630e+03,2.764904697242e+03,0.000000000000e+00,0.000000000000e+00,0.000000000000e+00,0.000000000000e+00,1.241111549953e-03,1.352811589449e-01,2.729701805291e+02,2.612925415039e+02,0.000000000000e+00,4.124074074074e-01,2.734191580630e+03,5.550325787265e+04,1.090000000000e+02
1.020000000000e+03,1.033939296563e+08,2.289803834327e+02,3.901707953757e+05,2.990096602440e-01,2.156855534774e+02,-2.185562040509e-04,-2.382262624155e-02,0.000000000000e+00,2.723406879888e+03,2.755401903926e+03,0.000000000000e+00,0.000000000000e+00,0.000000000000e+00,0.000000000000e+00,1.117044589157e-03,1.217578602181e-01,2.729529325403e+02,2.609349670410e+02,0.000000000000e+00,4.200000000000e-01,2.723406879888e+03,5.550321430397e+04,1.090000000000e+02
1.021000000000e+03,1.033911924129e+08,2.701177925953e+02,3.967038626665e+05,3.012785374992e-01,2.176458762048e+02,-1.965667353646e-04,-2.142577415474e-02,0.000000000000e+00,2.696106196414e+03,2.737243605579e+03,0.000000000000e+00,0.000000000000e+00,0.000000000000e+00,0.000000000000e+00,8.833867808394e-04,9.628915911150e-02,2.729268199196e+02,2.602474670410e+02,0.000000000000e+00,4.276944444444e-01,2.696106196414e+03,5.550314770314e+04,1.090000000000e+02
1.022000000000e+03,1.033884749009e+08,3.165209331009e+02,4.052351969466e+05,3.055337809417e-01,2.192303599021e+02,-1.882482162535e-04,-2.051905557163e-02,0.000000000000e+00,2.671109173046e+03,2.717512313557e+03,0.000000000000e+00,0.000000000000e+00,0.000000000000e+00,0.000000000000e+00,1.221988728374e-03,1.331967713928e-01,2.729070384903e+02,2.592016906738e+02,0.000000000000e+00,4.353796296296e-01,2.671109173046e+03,5.550309673595e+04,1.090000000000e+02
1.023000000000e+03,1.033857689603e+08,3.660563386624e+02,4.127473867884e+05,3.087757502638e-01,2.209502477233e+02,-1.821448572213e-04,-1.985378943712e-02,0.000000000000e+00,2.656406035484e+03,2.705941441048e+03,0.000000000000e+00,0.000000000000e+00,0.000000000000e+00,0.000000000000e+00,1.059643182981e-03,1.155011069450e-01,2.728861980103e+02,2.587669372559e+02,0.000000000000e+00,4.421671296296e-01,2.656406035484e+03,5.550304255666e+04,1.090000000000e+02
1.024000000000e+03,1.033830747481e+08,4.191165037708e+02,4.189552347492e+05,3.108491890456e-01,2.227776987801e+02,-1.823430138621e-04,-1.987538851097e-02,0.000000000000e+00,2.641152586937e+03,2.694212752046e+03,0.000000000000e+00,0.000000000000e+00,0.000000000000e+00,0.000000000000e+00,8.438374130346e-04,9.197827802077e-02,2.728690755585e+02,2.591825561523e+02,0.000000000000e+00,4.490481712963e-01,2.641152586937e+03,5.550299766748e+04,1.090000000000e+02
1.025000000000e+03,1.033803904806e+08,4.741192035410e+02,4.262807378607e+05,3.139975493891e-01,2.244004591367e+02,-1.889735480135e-04,-2.059811673347e-02,0.000000000000e+00,2.629265802044e+03,2.684268501817e+03,0.000000000000e+00,0.000000000000e+00,0.000000000000e+00,0.000000000000e+00,1.021950501125e-03,1.113926046226e-01,2.728530436880e+02,2.589403686523e+02,0.000000000000e+00,4.554653009259e-01,2.629265802044e+03,5.550295533129e+04,1.090000000000e+02
1.026000000000e+03,1.033777206000e+08,5.345608784869e+02,4.343869805084e+05,3.178998978540e-01,2.258610368534e+02,-1.855582304124e-04,-2.022584711495e-02,0.000000000000e+00,2.609438930138e+03,2.669880605085e+03,0.000000000000e+00,0.000000000000e+00,0.000000000000e+00,0.000000000000e+00,1.154435044345e-03,1.258334198336e-01,2.728294161293e+02,2.588750610352e+02,0.000000000000e+00,4.618306956018e-01,2.609438930138e+03,5.550289239825e+04,1.090000000000e+02
1.027000000000e+03,1.033756047421e+08,6.976023835442e+02,4.416883982749e+05,3.209975257428e-01,2.274415982659e+02,-1.745400437563e-04,-1.902486476944e-02,0.000000000000e+00,1.952816339005e+03,2.115857844064e+03,0.000000000000e+00,0.000000000000e+00,0.000000000000e+00,0.000000000000e+00,1.032314668847e-03,1.125222989043e-01,2.728025720117e+02,2.585750122070e+02,0.000000000000e+00,4.649656551504e-01,1.952816339005e+03,5.550281955438e+04,1.090000000000e+02
1.028000000000e+03,1.033735426449e+08,9.006240903954e+02,4.481120092180e+05,3.233655726040e-01,2.290597855770e+02,-1.728916156573e-04,-1.884518610665e-02,0.000000000000e+00,1.859074552912e+03,2.062096259762e+03,0.000000000000e+00,0.000000000000e+00,0.000000000000e+00,0.000000000000e+00,8.889567535921e-04,9.689628614154e-02,2.727859672027e+02,2.581688537598e+02,0.000000000000e+00,4.686458646412e-01,1.859074552912e+03,5.550277442300e+04,1.090000000000e+02
1.029000000000e+03,1.033713007149e+08,1.063459618990e+03,4.545139815882e+05,3.257404698772e-01,2.306384194324e+02,-1.873170224702e-04,-2.041755544926e-02,0.000000000000e+00,2.079094634241e+03,2.241930162837e+03,0.000000000000e+00,0.000000000000e+00,0.000000000000e+00,0.000000000000e+00,8.708911311492e-04,9.492713329526e-02,2.727868643802e+02,2.584033508301e+02,0.000000000000e+00,4.730889379080e-01,2.079094634241e+03,5.550277689084e+04,1.090000000000e+02
1.030000000000e+03,1.033689915082e+08,1.213605941383e+03,4.608699260938e+05,3.280785334337e-01,2.321971883416e+02,-1.983330844820e-04,-2.161830620854e-02,0.000000000000e+00,2.159061384324e+03,2.309207706717e+03,0.000000000000e+00,0.000000000000e+00,0.000000000000e+00,0.000000000000e+00,8.522960427620e-04,9.290026866106e-02,2.727781156839e+02,2.589501037598e+02,0.000000000000e+00,4.768837134288e-01,2.159061384324e+03,5.550275298242e+04,1.090000000000e+02
1.031000000000e+03,1.033666566983e+08,1.367604853333e+03,4.695098325036e+05,3.325006046726e-01,2.334044589821e+02,-1.908421608623e-04,-2.080179553399e-02,0.000000000000e+00,2.180813702263e+03,2.334812614213e+03,0.000000000000e+00,0.000000000000e+00,0.000000000000e+00,0.000000000000e+00,1.237363432688e-03,1.348726141630e-01,2.727593450721e+02,2.585108337402e+02,0.000000000000e+00,4.820072736923e-01,2.180813702263e+03,5.550270136577e+04,1.090000000000e+02
1.032000000000e+03,1.033644428262e+08,1.536229868958e+03,4.785928243512e+05,3.372456635503e-01,2.345723529163e+02,-1.868080745451e-04,-2.036208012541e-02,0.000000000000e+00,2.045250493217e+03,2.213875508843e+03,0.000000000000e+00,0.000000000000e+00,0.000000000000e+00,0.000000000000e+00,1.314578663781e-03,1.432890743522e-01,2.727582416011e+02,2.590639648438e+02,0.000000000000e+00,4.848557706280e-01,2.045250493217e+03,5.550269756084e+04,1.090000000000e+02
1.033000000000e+03,1.033625294303e+08,1.879172735033e+03,4.854042978623e+05,3.399989269799e-01,2.359846102881e+02,-1.804827891817e-04,-1.967262402081e-02,0.000000000000e+00,1.570451012258e+03,1.913393878333e+03,0.000000000000e+00,0.000000000000e+00,0.000000000000e+00,0.000000000000e+00,9.455138845792e-04,1.030610134191e-01,2.727344130094e+02,2.579129638672e+02,0.000000000000e+00,4.875849521917e-01,1.570451012258e+03,5.550263140821e+04,1.090000000000e+02
1.034000000000e+03,1.033604609744e+08,2.152625683463e+03,4.911231225003e+05,3.418221696558e-01,2.374915436095e+02,-1.593727759817e-04,-1.737163258200e-02,0.000000000000e+00,1.795002649803e+03,2.068455598231e+03,0.000000000000e+00,0.000000000000e+00,0.000000000000e+00,0.000000000000e+00,7.859785890476e-04,8.567166620618e-02,2.727201030838e+02,2.584201660156e+02,0.000000000000e+00,4.915273566131e-01,1.795002649803e+03,5.550259134271e+04,1.090000000000e+02
1.035000000000e+03,1.033583478468e+08,2.411493884871e+03,4.969497592596e+05,3.437627829708e-01,2.389527267993e+02,-1.453712292351e-04,-1.584546398662e-02,0.000000000000e+00,1.854258357826e+03,2.113126559234e+03,0.000000000000e+00,0.000000000000e+00,0.000000000000e+00,0.000000000000e+00,8.178023028234e-04,8.914045100775e-02,2.727064872777e+02,2.589536132812e+02,0.000000000000e+00,4.951866390206e-01,1.854258357826e+03,5.550255298120e+04,1.090000000000e+02
1.036000000000e+03,1.033562142369e+08,2.667326079691e+03,5.035475946192e+05,3.463733615449e-01,2.403005542109e+02,-1.608615934286e-04,-1.753391368372e-02,0.000000000000e+00,1.877777711648e+03,2.133609906467e+03,0.000000000000e+00,0.000000000000e+00,0.000000000000e+00,0.000000000000e+00,9.297895691518e-04,1.013470630375e-01,2.726928347676e+02,2.585171508789e+02,0.000000000000e+00,5.003907614808e-01,1.877777711648e+03,5.550251428428e+04,1.090000000000e+02
1.037000000000e+03,1.033542141237e+08,3.098668394739e+03,5.098611123980e+05,3.487522589631e-01,2.416541043993e+02,-1.619845179877e-04,-1.765631246066e-02,0.000000000000e+00,1.568770215569e+03,2.000112530615e+03,0.000000000000e+00,0.000000000000e+00,0.000000000000e+00,0.000000000000e+00,8.817191343223e-04,9.610738564113e-02,2.726698800898e+02,2.571536254883e+02,0.000000000000e+00,5.033492117123e-01,1.568770215569e+03,5.550244771165e+04,1.090000000000e+02
1.038000000000e+03,1.033522023374e+08,3.529272577316e+03,5.159736260486e+05,3.509979111838e-01,2.429871306726e+02,-1.342861939099e-04,-1.463719513618e-02,0.000000000000e+00,1.581181149501e+03,2.011785332078e+03,0.000000000000e+00,0.000000000000e+00,0.000000000000e+00,0.000000000000e+00,8.762668695135e-04,9.551308877697e-02,2.726290046933e+02,2.567618103027e+02,0.000000000000e+00,5.078364628072e-01,1.581181149501e+03,5.550232927976e+04,1.090000000000e+02
1.039000000000e+03,1.033501757316e+08,3.989475684137e+03,5.220844365610e+05,3.532371791320e-01,2.443071289604e+02,-1.201360485663e-04,-1.309482929373e-02,0.000000000000e+00,1.566402093379e+03,2.026605200200e+03,0.000000000000e+00,0.000000000000e+00,0.000000000000e+00,0.000000000000e+00,8.902439315989e-04,9.703658854428e-02,2.725667197789e+02,2.555773773193e+02,0.000000000000e+00,5.124615797053e-01,1.566402093379e+03,5.550214488151e+04,1.090000000000e+02
1.040000000000e+03,1.033481899022e+08,4.569782935973e+03,5.271180539155e+05,3.545841490850e-01,2.457259451510e+02,-1.138693052386e-04,-1.241175427101e-02,0.000000000000e+00,1.405521013809e+03,1.985828265645e+03,0.000000000000e+00,0.000000000000e+00,0.000000000000e+00,0.000000000000e+00,7.182932578381e-04,7.829396510435e-02,2.725423918186e+02,2.548891906738e+02,0.000000000000e+00,5.179137084591e-01,1.405521013809e+03,5.550206976147e+04,1.090000000000e+02
1.041000000000e+03,1.033462481467e+08,5.214215506430e+03,5.313516653133e+05,3.552932477576e-01,2.472054303709e+02,-1.131601079370e-04,-1.233445176513e-02,0.000000000000e+00,1.297325110959e+03,1.941757681412e+03,0.000000000000e+00,0.000000000000e+00,0.000000000000e+00,0.000000000000e+00,5.867303209660e-04,6.395360498529e-02,2.725244825700e+02,2.553917236328e+02,0.000000000000e+00,5.216221586906e-01,1.297325110959e+03,5.550201534407e+04,1.090000000000e+02
1.042000000000e+03,1.033442860205e+08,5.781022446897e+03,5.354031364276e+05,3.558828134705e-01,2.486776544144e+02,-1.087276839884e-04,-1.185131755474e-02,0.000000000000e+00,1.395319697561e+03,1.962126638020e+03,0.000000000000e+00,0.000000000000e+00,0.000000000000e+00,0.000000000000e+00,5.609490672495e-04,6.114344833020e-02,2.725283794900e+02,2.556392517090e+02,0.000000000000e+00,5.272615768103e-01,1.395319697561e+03,5.550202725434e+04,1.090000000000e+02
1.043000000000e+03,1.033423459371e+08,6.362907996890e+03,5.399523000726e+05,3.569208423602e-01,2.500610970744e+02,-9.320033946435e-05,-1.015883700161e-02,0.000000000000e+00,1.358199709405e+03,1.940085259394e+03,0.000000000000e+00,0.000000000000e+00,0.000000000000e+00,0.000000000000e+00,6.587164672770e-04,7.180009493320e-02,2.725400610061e+02,2.564550170898e+02,0.000000000000e+00,5.308282666251e-01,1.358199709405e+03,5.550206099524e+04,1.090000000000e+02
1.044000000000e+03,1.033404741457e+08,7.066912486817e+03,5.457034502689e+05,3.589915301824e-01,2.512668984390e+02,-1.121146282041e-04,-1.222049447425e-02,0.000000000000e+00,1.167783581172e+03,1.871788071097e+03,0.000000000000e+00,0.000000000000e+00,0.000000000000e+00,0.000000000000e+00,8.385510010818e-04,9.140205911792e-02,2.725360892876e+02,2.569036560059e+02,0.000000000000e+00,5.356825227078e-01,1.167783581172e+03,5.550204909808e+04,1.090000000000e+02
1.045000000000e+03,1.033385820034e+08,7.721518654290e+03,5.525440688300e+05,3.619721108221e-01,2.523221431996e+02,-1.475576782211e-04,-1.608378692610e-02,0.000000000000e+00,1.237538246319e+03,1.892144413791e+03,0.000000000000e+00,0.000000000000e+00,0.000000000000e+00,0.000000000000e+00,9.833278978648e-04,1.071827408673e-01,2.725056227145e+02,2.563990478516e+02,0.000000000000e+00,5.398562540305e-01,1.237538246319e+03,5.550195578331e+04,1.090000000000e+02
1.046000000000e+03,1.033367004605e+08,8.432874756051e+03,5.587516380015e+05,3.644022475666e-01,2.534561682508e+02,-1.630631556541e-04,-1.777388396630e-02,0.000000000000e+00,1.170186887761e+03,1.881542989520e+03,0.000000000000e+00,0.000000000000e+00,0.000000000000e+00,0.000000000000e+00,8.633566303071e-04,9.410587270347e-02,2.724441921488e+02,2.548158111572e+02,0.000000000000e+00,5.460804175206e-01,1.170186887761e+03,5.550176309643e+04,1.090000000000e+02
1.047000000000e+03,1.033349032538e+08,9.430827132084e+03,5.643742897256e+05,3.664034237733e-01,2.546093405198e+02,-1.456540212954e-04,-1.587628832120e-02,0.000000000000e+00,7.992541945718e+02,1.797206570599e+03,0.000000000000e+00,0.000000000000e+00,0.000000000000e+00,0.000000000000e+00,7.840877620684e-04,8.546556606546e-02,2.723848429296e+02,2.542895660400e+02,0.000000000000e+00,5.503614348454e-01,7.992541945718e+02,5.550157224863e+04,1.090000000000e+02
1.048000000000e+03,1.033330843799e+08,1.030922431020e+04,5.697813569707e+05,3.682297796103e-01,2.557744368099e+02,-1.229153173122e-04,-1.339776958703e-02,0.000000000000e+00,9.404768263141e+02,1.818874004427e+03,0.000000000000e+00,0.000000000000e+00,0.000000000000e+00,0.000000000000e+00,7.711090660903e-04,8.405088820384e-02,2.723401198903e+02,2.535805053711e+02,0.000000000000e+00,5.567386017499e-01,9.404768263141e+02,5.550142662739e+04,1.090000000000e+02
1.049000000000e+03,1.033313081511e+08,1.132918124997e+04,5.746861560378e+05,3.696265674626e-01,2.570016305006e+02,-1.069980128997e-04,-1.166278340607e-02,0.000000000000e+00,7.562700453135e+02,1.776226985076e+03,0.000000000000e+00,0.000000000000e+00,0.000000000000e+00,0.000000000000e+00,7.038627198583e-04,7.672103646455e-02,2.723224640217e+02,2.533937225342e+02,0.000000000000e+00,5.610347468179e-01,7.562700453135e+02,5.550136553329e+04,1.090000000000e+02
1.050000000000e+03,1.033295427868e+08,1.229953667609e+04,5.803428784192e+05,3.716693874879e-01,2.581051382309e+02,-8.927926554588e-05,-9.731439944501e-03,0.000000000000e+00,7.950090628815e+02,1.765364489009e+03,0.000000000000e+00,0.000000000000e+00,0.000000000000e+00,0.000000000000e+00,8.458637719191e-04,9.219915113919e-02,2.723059141443e+02,2.537482757568e+02,0.000000000000e+00,5.670027441519e-01,7.950090628815e+02,5.550131097357e+04,1.090000000000e+02
1.051000000000e+03,1.033277893073e+08,1.328354195162e+04,5.860209669445e+05,3.737362380698e-01,2.591897357602e+02,-8.621686341396e-05,-9.397638112122e-03,0.000000000000e+00,7.694741746391e+02,1.753479450161e+03,0.000000000000e+00,0.000000000000e+00,0.000000000000e+00,0.000000000000e+00,8.525947230032e-04,9.293282480734e-02,2.722672101811e+02,2.536108703613e+02,0.000000000000e+00,5.723045538303e-01,7.694741746391e+02,5.550117824863e+04,1.090000000000e+02
1.052000000000e+03,1.033260753183e+08,1.441460768137e+04,5.903026519789e+05,3.746985089170e-01,2.604137851553e+02,-1.034967328996e-04,-1.128114388606e-02,0.000000000000e+00,5.829241786785e+02,1.713989908432e+03,0.000000000000e+00,0.000000000000e+00,0.000000000000e+00,0.000000000000e+00,6.045590972067e-04,6.589694159553e-02,2.722177614493e+02,2.532135467529e+02,0.000000000000e+00,5.790971856662e-01,5.829241786785e+02,5.550101012731e+04,1.090000000000e+02
1.053000000000e+03,1.033243584962e+08,1.543202007942e+04,5.947168619339e+05,3.757810452641e-01,2.616056036445e+02,-1.171162890532e-04,-1.276567550680e-02,0.000000000000e+00,6.994132750860e+02,1.716825673142e+03,0.000000000000e+00,0.000000000000e+00,0.000000000000e+00,0.000000000000e+00,6.126626449328e-04,6.678022829768e-02,2.722016443241e+02,2.543534698486e+02,0.000000000000e+00,5.845920466464e-01,6.994132750860e+02,5.550095512328e+04,1.090000000000e+02
1.054000000000e+03,1.033227077963e+08,1.660777433501e+04,5.998161908041e+05,3.774454183764e-01,2.626848578749e+02,-1.238778567272e-04,-1.350268638326e-02,0.000000000000e+00,4.749473908808e+02,1.650701646468e+03,0.000000000000e+00,0.000000000000e+00,0.000000000000e+00,0.000000000000e+00,7.188896984509e-04,7.835897713115e-02,2.722275591010e+02,2.540127410889e+02,0.000000000000e+00,5.898591341635e-01,4.749473908808e+02,5.550104139349e+04,1.090000000000e+02
1.055000000000e+03,1.033210515829e+08,1.767489717499e+04,6.049334101384e+05,3.791106749605e-01,2.637625603496e+02,-1.431461745594e-04,-1.560293302698e-02,0.000000000000e+00,5.890944655204e+02,1.656217305505e+03,0.000000000000e+00,0.000000000000e+00,0.000000000000e+00,0.000000000000e+00,7.028544336749e-04,7.661113327056e-02,2.722069022746e+02,2.534426269531e+02,0.000000000000e+00,5.959498612106e-01,5.890944655204e+02,5.550097084848e+04,1.090000000000e+02
1.056000000000e+03,1.033194170144e+08,1.892300165014e+04,6.108547943782e+05,3.814289328544e-01,2.647265704406e+02,-1.498477834083e-04,-1.633340839150e-02,0.000000000000e+00,3.864640557921e+02,1.634568530940e+03,0.000000000000e+00,0.000000000000e+00,0.000000000000e+00,0.000000000000e+00,8.293269738137e-04,9.039664014570e-02,2.721507608874e+02,2.525922546387e+02,0.000000000000e+00,6.026346051907e-01,3.864640557921e+02,5.550077152203e+04,1.090000000000e+02
1.057000000000e+03,1.033177840954e+08,2.021421308685e+04,6.169823419155e+05,3.839366495404e-01,2.656365271819e+02,-1.287447488921e-04,-1.403317762924e-02,0.000000000000e+00,3.417096272746e+02,1.632921063989e+03,0.000000000000e+00,0.000000000000e+00,0.000000000000e+00,0.000000000000e+00,8.844771578837e-04,9.640801020932e-02,2.720997079726e+02,2.525356140137e+02,0.000000000000e+00,6.102677490180e-01,3.417096272746e+02,5.550058950634e+04,1.090000000000e+02
1.058000000000e+03,1.033161651877e+08,2.155298378848e+04,6.225430183959e+05,3.859601967022e-01,2.666261869452e+02,-1.091014200476e-04,-1.189205478519e-02,0.000000000000e+00,2.801367920284e+02,1.618907493660e+03,0.000000000000e+00,0.000000000000e+00,0.000000000000e+00,0.000000000000e+00,8.103931497665e-04,8.833285332455e-02,2.720544266011e+02,2.526210479736e+02,0.000000000000e+00,6.171692313545e-01,2.801367920284e+02,5.550042356517e+04,1.090000000000e+02
1.059000000000e+03,1.033145683835e+08,2.285615416481e+04,6.272969673565e+05,3.873475335295e-01,2.677002007162e+02,-1.029581825578e-04,-1.122244189879e-02,0.000000000000e+00,2.936353335408e+02,1.596805709873e+03,0.000000000000e+00,0.000000000000e+00,0.000000000000e+00,0.000000000000e+00,6.829597596352e-04,7.444261380024e-02,2.720430995957e+02,2.526845245361e+02,0.000000000000e+00,6.234806713064e-01,2.936353335408e+02,5.550038191685e+04,1.090000000000e+02
1.060000000000e+03,1.033130011246e+08,2.406457432564e+04,6.316544047686e+05,3.884566906683e-01,2.687899031054e+02,-1.071362381116e-04,-1.167784995417e-02,0.000000000000e+00,3.588383249636e+02,1.567258485787e+03,0.000000000000e+00,0.000000000000e+00,0.000000000000e+00,0.000000000000e+00,6.130790137217e-04,6.682561249566e-02,2.720535865112e+02,2.531290130615e+02,0.000000000000e+00,6.306685471538e-01,3.588383249636e+02,5.550042005181e+04,1.090000000000e+02
1.061000000000e+03,1.033114747764e+08,2.535690588217e+04,6.362916475601e+05,3.898202955305e-01,2.698167071382e+02,-1.179053755486e-04,-1.285168593480e-02,0.000000000000e+00,2.340172595569e+02,1.526348816090e+03,0.000000000000e+00,0.000000000000e+00,0.000000000000e+00,0.000000000000e+00,6.488839101676e-04,7.072834620827e-02,2.720182715655e+02,2.527994995117e+02,0.000000000000e+00,6.376981908071e-01,2.340172595569e+02,5.550029077025e+04,1.090000000000e+02
1.062000000000e+03,1.033099676722e+08,2.659874758968e+04,6.412265973178e+05,3.914075442778e-01,2.708077445062e+02,-1.232208987325e-04,-1.343107796184e-02,0.000000000000e+00,2.652631536283e+02,1.507104861139e+03,0.000000000000e+00,0.000000000000e+00,0.000000000000e+00,0.000000000000e+00,6.929448007247e-04,7.553098327899e-02,2.719610371670e+02,2.526025085449e+02,0.000000000000e+00,6.444901471784e-01,2.652631536283e+02,5.550007861366e+04,1.090000000000e+02
1.063000000000e+03,1.033085236321e+08,2.787151344985e+04,6.463860575358e+05,3.931797503143e-01,2.717568835308e+02,-1.320510705064e-04,-1.439356668520e-02,0.000000000000e+00,1.712749887436e+02,1.444040848913e+03,0.000000000000e+00,0.000000000000e+00,0.000000000000e+00,0.000000000000e+00,7.210551097553e-04,7.859500696333e-02,2.719291595799e+02,2.523730163574e+02,0.000000000000e+00,6.519120786173e-01,1.712749887436e+02,5.549995716106e+04,1.090000000000e+02
1.064000000000e+03,1.033070869752e+08,2.912705560111e+04,6.512686395214e+05,3.947434643498e-01,2.727250086110e+02,-1.260986970740e-04,-1.374475798107e-02,0.000000000000e+00,1.811160359408e+02,1.436658187201e+03,0.000000000000e+00,0.000000000000e+00,0.000000000000e+00,0.000000000000e+00,6.810096513962e-04,7.423005200219e-02,2.719289028902e+02,2.532419433594e+02,0.000000000000e+00,6.590271443794e-01,1.811160359408e+02,5.549995579775e+04,1.090000000000e+02
1.065000000000e+03,1.033056824024e+08,3.036231201562e+04,6.558774675581e+05,3.960910269645e-01,2.737221591291e+02,-1.007182466003e-04,-1.097828887943e-02,0.000000000000e+00,1.693177758683e+02,1.404574190375e+03,0.000000000000e+00,0.000000000000e+00,0.000000000000e+00,0.000000000000e+00,6.617559249534e-04,7.213139581992e-02,2.718461035356e+02,2.523300018311e+02,0.000000000000e+00,6.670287296326e-01,1.693177758683e+02,5.549963853180e+04,1.090000000000e+02
1.066000000000e+03,1.033042982986e+08,3.159218722779e+04,6.602428963809e+05,3.972790149682e-01,2.747211218796e+02,-8.935147631098e-05,-9.739310917897e-03,0.000000000000e+00,1.542281415025e+02,1.384103353676e+03,0.000000000000e+00,0.000000000000e+00,0.000000000000e+00,0.000000000000e+00,6.326913794964e-04,6.896336036511e-02,2.717917427771e+02,2.516966857910e+02,0.000000000000e+00,6.746009301856e-01,1.542281415025e+02,5.549942514166e+04,1.090000000000e+02
1.067000000000e+03,1.033029155634e+08,3.281377306383e+04,6.647673709638e+05,3.986124272617e-01,2.756786846240e+02,-1.080393508291e-04,-1.177628924037e-02,0.000000000000e+00,1.611499987159e+02,1.382735834750e+03,0.000000000000e+00,0.000000000000e+00,0.000000000000e+00,0.000000000000e+00,6.399712590290e-04,6.975686723416e-02,2.717799903925e+02,2.519540557861e+02,0.000000000000e+00,6.832561874454e-01,1.611499987159e+02,5.549937784751e+04,1.090000000000e+02
1.068000000000e+03,1.033015426492e+08,3.402383240309e+04,6.687807779870e+05,3.995590718580e-01,2.766864618345e+02,-1.152280417688e-04,-1.255985655280e-02,0.000000000000e+00,1.628548824169e+02,1.372914221683e+03,0.000000000000e+00,0.000000000000e+00,0.000000000000e+00,0.000000000000e+00,5.484052289456e-04,5.977616995507e-02,2.717552625897e+02,2.524174652100e+02,0.000000000000e+00,6.920949644303e-01,1.628548824169e+02,5.549927843985e+04,1.090000000000e+02
1.069000000000e+03,1.033001870187e+08,3.520435059573e+04,6.733314439559e+05,4.009045569475e-01,2.776335646652e+02,-1.228373814723e-04,-1.338927458048e-02,0.000000000000e+00,1.751124651202e+02,1.355630657758e+03,0.000000000000e+00,0.000000000000e+00,0.000000000000e+00,0.000000000000e+00,6.291350616444e-04,6.857572171924e-02,2.717897601411e+02,2.536688690186e+02,0.000000000000e+00,7.000100629423e-01,1.751124651202e+02,5.549941561402e+04,1.090000000000e+02
1.070000000000e+03,1.032988527239e+08,3.635002332658e+04,6.792294623111e+05,4.033028217600e-01,2.783998267272e+02,-1.485208747235e-04,-1.618877534486e-02,0.000000000000e+00,1.886227396469e+02,1.334295470498e+03,0.000000000000e+00,0.000000000000e+00,0.000000000000e+00,0.000000000000e+00,8.263529096295e-04,9.007246714961e-02,2.718019421253e+02,2.541053009033e+02,0.000000000000e+00,7.094397022044e-01,1.886227396469e+02,5.549946366852e+04,1.090000000000e+02
1.071000000000e+03,1.032975337137e+08,3.748328376212e+04,6.850122448112e+05,4.055526413999e-01,2.792127015349e+02,-1.385673476778e-04,-1.510384089688e-02,0.000000000000e+00,1.857511601136e+02,1.319011595654e+03,0.000000000000e+00,0.000000000000e+00,0.000000000000e+00,0.000000000000e+00,8.174468638857e-04,8.910170816354e-02,2.717907866612e+02,2.542877807617e+02,0.000000000000e+00,7.184711171161e-01,1.857511601136e+02,5.549941915849e+04,1.090000000000e+02
1.072000000000e+03,1.032962331664e+08,3.859461009490e+04,6.897704782736e+05,4.070688188318e-01,2.801048401008e+02,-1.109462370581e-04,-1.209313983933e-02,0.000000000000e+00,1.892208616191e+02,1.300547194401e+03,0.000000000000e+00,0.000000000000e+00,0.000000000000e+00,0.000000000000e+00,6.755465001839e-04,7.363456852005e-02,2.717985654908e+02,2.553469085693e+02,0.000000000000e+00,7.268008672205e-01,1.892208616191e+02,5.549944959878e+04,1.090000000000e+02
1.073000000000e+03,1.032949481372e+08,3.969735129129e+04,6.936200666716e+05,4.079319411405e-01,2.810730048123e+02,-1.095965627658e-04,-1.194602534147e-02,0.000000000000e+00,1.822877830888e+02,1.285028979473e+03,0.000000000000e+00,0.000000000000e+00,0.000000000000e+00,0.000000000000e+00,5.271111405443e-04,5.745511431933e-02,2.717558280073e+02,2.539951934814e+02,0.000000000000e+00,7.360344697110e-01,1.822877830888e+02,5.549927883649e+04,1.090000000000e+02
1.074000000000e+03,1.032936730371e+08,4.080984458139e+04,6.975971308913e+05,4.089130542725e-01,2.820076893840e+02,-1.108620487929e-04,-1.208396331843e-02,0.000000000000e+00,1.626076416678e+02,1.275100931770e+03,0.000000000000e+00,0.000000000000e+00,0.000000000000e+00,0.000000000000e+00,5.471051509653e-04,5.963446145522e-02,2.716921718193e+02,2.536811370850e+02,0.000000000000e+00,7.450757859764e-01,1.626076416678e+02,5.549902012839e+04,1.090000000000e+02
1.075000000000e+03,1.032924113279e+08,4.192083372263e+04,7.020292898267e+05,4.102109285244e-01,2.829026844477e+02,-1.043076213261e-04,-1.136953072454e-02,0.000000000000e+00,1.507220060991e+02,1.261711147343e+03,0.000000000000e+00,0.000000000000e+00,0.000000000000e+00,0.000000000000e+00,6.288382971925e-04,6.854337439398e-02,2.716364309538e+02,2.542044982910e+02,0.000000000000e+00,7.553619823507e-01,1.507220060991e+02,5.549878912985e+04,1.090000000000e+02
1.076000000000e+03,1.032911619717e+08,4.303584360267e+04,7.071928007657e+05,4.120696367289e-01,2.836997932122e+02,-1.013985860658e-04,-1.105244588117e-02,0.000000000000e+00,1.343462340951e+02,1.249356114131e+03,0.000000000000e+00,0.000000000000e+00,0.000000000000e+00,0.000000000000e+00,7.528975454315e-04,8.206583245203e-02,2.715540534084e+02,2.526791687012e+02,0.000000000000e+00,7.654072300204e-01,1.343462340951e+02,5.549844091108e+04,1.090000000000e+02
1.077000000000e+03,1.032899176541e+08,4.418047130608e+04,7.117591645781e+05,4.134690189694e-01,2.845687165792e+02,-8.919273866599e-05,-9.722008514593e-03,0.000000000000e+00,9.969136414398e+01,1.244319067551e+03,0.000000000000e+00,0.000000000000e+00,0.000000000000e+00,0.000000000000e+00,6.670830258706e-04,7.271204981989e-02,2.714009272961e+02,2.513524322510e+02,0.000000000000e+00,7.781856709391e-01,9.969136414398e+01,5.549777118200e+04,1.090000000000e+02
1.078000000000e+03,1.032886787737e+08,4.534732342815e+04,7.147788478717e+05,4.137783221997e-01,2.855652317521e+02,-7.633295775652e-05,-8.320292395460e-03,0.000000000000e+00,7.202788391757e+01,1.238880005992e+03,0.000000000000e+00,0.000000000000e+00,0.000000000000e+00,0.000000000000e+00,4.240189276242e-04,4.621806311104e-02,2.712803816492e+02,2.503384704590e+02,0.000000000000e+00,7.913105837462e-01,7.202788391757e+01,5.549722229278e+04,1.090000000000e+02
1.079000000000e+03,1.032874645756e+08,4.647933718813e+04,7.183705480448e+05,4.145168685525e-01,2.864884520704e+02,-9.243095540525e-05,-1.007497413917e-02,0.000000000000e+00,8.218505420321e+01,1.214198814182e+03,0.000000000000e+00,0.000000000000e+00,0.000000000000e+00,0.000000000000e+00,5.011598077828e-04,5.462641904833e-02,2.712965699427e+02,2.508208923340e+02,0.000000000000e+00,8.045301413806e-01,8.218505420321e+01,5.549729555447e+04,1.090000000000e+02
1.080000000000e+03,1.032862859924e+08,4.754831649478e+04,7.233206616339e+05,4.162300586772e-01,2.872739070398e+02,-1.151538954345e-04,-1.255177460236e-02,0.000000000000e+00,1.096049520268e+02,1.178584258679e+03,0.000000000000e+00,0.000000000000e+00,0.000000000000e+00,0.000000000000e+00,7.025829201414e-04,7.658153829542e-02,2.713547189230e+02,2.522371978760e+02,0.000000000000e+00,8.167761654556e-01,1.096049520268e+02,5.549756022941e+04,1.090000000000e+02
1.081000000000e+03,1.032851444143e+08,4.855610239671e+04,7.285231215999e+05,4.181463883927e-01,2.880123092118e+02,-1.133907241507e-04,-1.235958893242e-02,0.000000000000e+00,1.337925415139e+02,1.141578443446e+03,0.000000000000e+00,0.000000000000e+00,0.000000000000e+00,0.000000000000e+00,7.458807599798e-04,8.130100283780e-02,2.714318946295e+02,2.537629241943e+02,0.000000000000e+00,8.278277523190e-01,1.337925415139e+02,5.549790536060e+04,1.090000000000e+02
1.082000000000e+03,1.032840375873e+08,4.951480444365e+04,7.336215451673e+05,4.199395976327e-01,2.887883387143e+02,-1.086121795857e-04,-1.183872757484e-02,0.000000000000e+00,1.481270276139e+02,1.106829074545e+03,0.000000000000e+00,0.000000000000e+00,0.000000000000e+00,0.000000000000e+00,7.337380289676e-04,7.997744515747e-02,2.714803729405e+02,2.542690124512e+02,0.000000000000e+00,8.390017352530e-01,1.481270276139e+02,5.549811842808e+04,1.090000000000e+02
1.083000000000e+03,1.032829572678e+08,5.045325878108e+04,7.398566174200e+05,4.227092227630e-01,2.893349145811e+02,-1.297759289401e-04,-1.414557625447e-02,0.000000000000e+00,1.418648869797e+02,1.080319224413e+03,0.000000000000e+00,0.000000000000e+00,0.000000000000e+00,0.000000000000e+00,9.011010134094e-04,9.822001046162e-02,2.714630676628e+02,2.540317077637e+02,0.000000000000e+00,8.491372829827e-01,1.418648869797e+02,5.549804286714e+04,1.090000000000e+02
1.084000000000e+03,1.032819002666e+08,5.137893584466e+04,7.458120544934e+05,4.250364421771e-01,2.900674329415e+02,-1.288377839473e-04,-1.404331845026e-02,0.000000000000e+00,1.313251165096e+02,1.057002180095e+03,0.000000000000e+00,0.000000000000e+00,0.000000000000e+00,0.000000000000e+00,8.558526154384e-04,9.328793508279e-02,2.714420509294e+02,2.541607360840e+02,0.000000000000e+00,8.597316828861e-01,1.313251165096e+02,5.549795042212e+04,1.090000000000e+02
1.085000000000e+03,1.032808655033e+08,5.229628000703e+04,7.513448706559e+05,4.271758815965e-01,2.907572739946e+02,-1.216515175025e-04,-1.326001540777e-02,0.000000000000e+00,1.174186309457e+02,1.034762793313e+03,0.000000000000e+00,0.000000000000e+00,0.000000000000e+00,0.000000000000e+00,7.936130216237e-04,8.650381935698e-02,2.713779266033e+02,2.529650726318e+02,0.000000000000e+00,8.701957021127e-01,1.174186309457e+02,5.549766491441e+04,1.090000000000e+02
1.086000000000e+03,1.032798508359e+08,5.321041600613e+04,7.568579070782e+05,4.292858660790e-01,2.914525622522e+02,-1.195960727553e-04,-1.303597193033e-02,0.000000000000e+00,1.005302497963e+02,1.014666248897e+03,0.000000000000e+00,0.000000000000e+00,0.000000000000e+00,0.000000000000e+00,7.923732865420e-04,8.636868823308e-02,2.713182756452e+02,2.524856262207e+02,0.000000000000e+00,8.808450771755e-01,1.005302497963e+02,5.549739449176e+04,1.090000000000e+02
1.087000000000e+03,1.032788315353e+08,5.413550232263e+04,7.618824344644e+05,4.310679797821e-01,2.921752291435e+02,-1.113138428096e-04,-1.213320886625e-02,0.000000000000e+00,9.421581931570e+01,1.019302135809e+03,0.000000000000e+00,0.000000000000e+00,0.000000000000e+00,0.000000000000e+00,7.196047056949e-04,7.843691292074e-02,2.712878081135e+02,2.527892150879e+02,0.000000000000e+00,8.904960310136e-01,9.421581931570e+01,5.549725767721e+04,1.090000000000e+02
1.088000000000e+03,1.032778235169e+08,5.506310061690e+04,7.667975608507e+05,4.327849710783e-01,2.928951298721e+02,-1.080807527065e-04,-1.178080204501e-02,0.000000000000e+00,8.041965606367e+01,1.008017950334e+03,0.000000000000e+00,0.000000000000e+00,0.000000000000e+00,0.000000000000e+00,7.051430229579e-04,7.686058950241e-02,2.712218699299e+02,2.516610565186e+02,0.000000000000e+00,9.005467663651e-01,8.041965606367e+01,5.549695217440e+04,1.090000000000e+02
1.089000000000e+03,1.032768382756e+08,5.597821489943e+04,7.708413487486e+05,4.338504835661e-01,2.937180697096e+02,-1.070142262960e-04,-1.166455066627e-02,0.000000000000e+00,7.012644520954e+01,9.852407277416e+02,0.000000000000e+00,0.000000000000e+00,0.000000000000e+00,0.000000000000e+00,5.620985742392e-04,6.126874459207e-02,2.711639943365e+02,2.513882751465e+02,0.000000000000e+00,9.094062369411e-01,7.012644520954e+01,5.549667890126e+04,1.090000000000e+02
1.090000000000e+03,1.032758732110e+08,5.687588039920e+04,7.741535102891e+05,4.343916467804e-01,2.946137077969e+02,-1.020992005536e-04,-1.112881286035e-02,0.000000000000e+00,6.739628353831e+01,9.650617833139e+02,0.000000000000e+00,0.000000000000e+00,0.000000000000e+00,0.000000000000e+00,4.459040888400e-04,4.860354568356e-02,2.711221636410e+02,2.516314849854e+02,0.000000000000e+00,9.163813738274e-01,6.739628353831e+01,5.549647849682e+04,1.090000000000e+02
1.091000000000e+03,1.032749267125e+08,5.775571284215e+04,7.771949734234e+05,4.347731168645e-01,2.955123023308e+02,-1.089938780465e-04,-1.188033270707e-02,0.000000000000e+00,6.666264096675e+01,9.464950839110e+02,0.000000000000e+00,0.000000000000e+00,0.000000000000e+00,0.000000000000e+00,3.940707150298e-04,4.295370793825e-02,2.710976755542e+02,2.525847625732e+02,0.000000000000e+00,9.248379494912e-01,6.666264096675e+01,5.549636001482e+04,1.090000000000e+02
1.092000000000e+03,1.032739987408e+08,5.861564544585e+04,7.811572867293e+05,4.358405350567e-01,2.962915700520e+02,-1.235902053379e-04,-1.347133238184e-02,0.000000000000e+00,6.803679342825e+01,9.279693971283e+02,0.000000000000e+00,0.000000000000e+00,0.000000000000e+00,0.000000000000e+00,5.314781352852e-04,5.793111674609e-02,2.710936852283e+02,2.525290985107e+02,0.000000000000e+00,9.321595179916e-01,6.803679342825e+01,5.549634060676e+04,1.090000000000e+02
1.093000000000e+03,1.032730881985e+08,5.945885657586e+04,7.863040942347e+05,4.377430840451e-01,2.969480455663e+02,-1.342874876054e-04,-1.463733614899e-02,0.000000000000e+00,6.733110157497e+01,9.105422315854e+02,0.000000000000e+00,0.000000000000e+00,0.000000000000e+00,0.000000000000e+00,7.167886352792e-04,7.812996124543e-02,2.710728724678e+02,2.516068267822e+02,0.000000000000e+00,9.384366706014e-01,6.733110157497e+01,5.549623936635e+04,1.090000000000e+02
1.094000000000e+03,1.032721916937e+08,6.029363398981e+04,7.919712054444e+05,4.400125091545e-01,2.975470520291e+02,-1.197391328379e-04,-1.305156547934e-02,0.000000000000e+00,6.172828991513e+01,8.965057038660e+02,0.000000000000e+00,0.000000000000e+00,0.000000000000e+00,0.000000000000e+00,8.177317782765e-04,8.913276383214e-02,2.710196843071e+02,2.512489471436e+02,0.000000000000e+00,9.451495270971e-01,6.172828991513e+01,5.549597790177e+04,1.090000000000e+02
1.095000000000e+03,1.032713095993e+08,6.111434739187e+04,7.981648803103e+05,4.426294896197e-01,2.981012959834e+02,-1.400649762043e-04,-1.526708240627e-02,0.000000000000e+00,6.137861030579e+01,8.820920123686e+02,0.000000000000e+00,0.000000000000e+00,0.000000000000e+00,0.000000000000e+00,8.839325160914e-04,9.634864425396e-02,2.710119321332e+02,2.519989776611e+02,0.000000000000e+00,9.525298554711e-01,6.137861030579e+01,5.549593924173e+04,1.090000000000e+02
1.096000000000e+03,1.032704442313e+08,6.191611697407e+04,8.046803871982e+05,4.455956054556e-01,2.985344109947e+02,-1.814821698933e-04,-1.978155651837e-02,0.000000000000e+00,6.359721932280e+01,8.653668015205e+02,0.000000000000e+00,0.000000000000e+00,0.000000000000e+00,0.000000000000e+00,8.957136620570e-04,9.763278916421e-02,2.710047998983e+02,2.520103759766e+02,0.000000000000e+00,9.599408012029e-01,6.359721932280e+01,5.549590358715e+04,1.090000000000e+02
1.097000000000e+03,1.032695944273e+08,6.270154106064e+04,8.106340904228e+05,4.478431894166e-01,2.992338363832e+02,-1.942451646745e-04,-2.117272294952e-02,0.000000000000e+00,6.437871803465e+01,8.498028046090e+02,0.000000000000e+00,0.000000000000e+00,0.000000000000e+00,0.000000000000e+00,7.899705520362e-04,8.610679017194e-02,2.710068602298e+02,2.526075439453e+02,0.000000000000e+00,9.670627413255e-01,6.437871803465e+01,5.549591367891e+04,1.090000000000e+02
1.098000000000e+03,1.032687598138e+08,6.347340673173e+04,8.149239473981e+05,4.491215508336e-01,2.999618581511e+02,-1.693785658882e-04,-1.846226368181e-02,0.000000000000e+00,6.274793679096e+01,8.346136078758e+02,0.000000000000e+00,0.000000000000e+00,0.000000000000e+00,0.000000000000e+00,5.401180205815e-04,5.887286424339e-02,2.709804667650e+02,2.526165313721e+02,0.000000000000e+00,9.740209837336e-01,6.274793679096e+01,5.549578203809e+04,1.090000000000e+02
1.099000000000e+03,1.032679390581e+08,6.423476378450e+04,8.196763012079e+05,4.507035025956e-01,3.006528996328e+02,-1.245060333148e-04,-1.357115763131e-02,0.000000000000e+00,5.939805815135e+01,8.207551109196e+02,0.000000000000e+00,0.000000000000e+00,0.000000000000e+00,0.000000000000e+00,6.614822954094e-04,7.210157019962e-02,2.709526750350e+02,2.526100158691e+02,0.000000000000e+00,9.810153691924e-01,5.939805815135e+01,5.549564242971e+04,1.090000000000e+02
1.100000000000e+03,1.032671290342e+08,6.499626502105e+04,8.250860729256e+05,4.527615031643e-01,3.012648998708e+02,-1.131817692645e-04,-1.233681284983e-02,0.000000000000e+00,4.852244219817e+01,8.100236787532e+02,0.000000000000e+00,0.000000000000e+00,0.000000000000e+00,0.000000000000e+00,7.826515652332e-04,8.530902061042e-02,2.708326049244e+02,2.508502655029e+02,0.000000000000e+00,9.894306335671e-01,4.852244219817e+01,5.549502774194e+04,1.090000000000e+02
1.101000000000e+03,1.032663255265e+08,6.576652323026e+04,8.305037231099e+05,4.548704302393e-01,3.018410708596e+02,-1.187702623040e-04,-1.294595859114e-02,0.000000000000e+00,3.324853875221e+01,8.035067479569e+02,0.000000000000e+00,0.000000000000e+00,0.000000000000e+00,0.000000000000e+00,7.786582175109e-04,8.487374570869e-02,2.706956175560e+02,2.500630798340e+02,0.000000000000e+00,9.978881051082e-01,3.324853875221e+01,5.549430290067e+04,1.090000000000e+02
1.102000000000e+03,1.032655304198e+08,6.653389722604e+04,8.362641403009e+05,4.570963299018e-01,3.024574060645e+02,-1.267802703145e-04,-1.381904946428e-02,0.000000000000e+00,2.772850367369e+01,7.951024994517e+02,0.000000000000e+00,0.000000000000e+00,0.000000000000e+00,0.000000000000e+00,8.268120486040e-04,9.012251329783e-02,2.706014849549e+02,2.503898010254e+02,0.000000000000e+00,1.006394924930e+00,2.772850367369e+01,5.549378941255e+04,1.090000000000e+02
1.103000000000e+03,1.032647478121e+08,6.728432781240e+04,8.406387065782e+05,4.584399467880e-01,3.031485359785e+02,-1.327079040081e-04,-1.446516153688e-02,0.000000000000e+00,3.217568781457e+01,7.826062741800e+02,0.000000000000e+00,0.000000000000e+00,0.000000000000e+00,0.000000000000e+00,5.905193364346e-04,6.436660767137e-02,2.706005265178e+02,2.510000000000e+02,0.000000000000e+00,1.013925526028e+00,3.217568781457e+01,5.549378236116e+04,1.090000000000e+02
1.104000000000e+03,1.032639806770e+08,6.801575756295e+04,8.444442381933e+05,4.594037080979e-01,3.038823436854e+02,-1.293215965883e-04,-1.409605402813e-02,0.000000000000e+00,3.570375641910e+01,7.671335069640e+02,0.000000000000e+00,0.000000000000e+00,0.000000000000e+00,0.000000000000e+00,4.999506305737e-04,5.449461873254e-02,2.705907921921e+02,2.510683288574e+02,0.000000000000e+00,1.020970775922e+00,3.570375641910e+01,5.549372695909e+04,1.090000000000e+02
1.105000000000e+03,1.032632280117e+08,6.873222327898e+04,8.487012135270e+05,4.606615776268e-01,3.045804667719e+02,-1.264477556970e-04,-1.378280537097e-02,0.000000000000e+00,3.619716688516e+01,7.526628829219e+02,0.000000000000e+00,0.000000000000e+00,0.000000000000e+00,0.000000000000e+00,5.773922345264e-04,6.293575356338e-02,2.705859672117e+02,2.517420959473e+02,0.000000000000e+00,1.028803026482e+00,3.619716688516e+01,5.549369867828e+04,1.090000000000e+02
1.106000000000e+03,1.032624883222e+08,6.944320609389e+04,8.523481646580e+05,4.614795062215e-01,3.053501841492e+02,-1.103656237006e-04,-1.202985298336e-02,0.000000000000e+00,2.870583773139e+01,7.396886526420e+02,0.000000000000e+00,0.000000000000e+00,0.000000000000e+00,0.000000000000e+00,4.939663488332e-04,5.384233202282e-02,2.704868962340e+02,2.507825164795e+02,0.000000000000e+00,1.036357517768e+00,2.870583773139e+01,5.549314281328e+04,1.090000000000e+02
1.107000000000e+03,1.032617611229e+08,7.014370736936e+04,8.559045558421e+05,4.622845392025e-01,3.060906282158e+02,-9.753315535987e-05,-1.063111393423e-02,0.000000000000e+00,2.669572791442e+01,7.271970033846e+02,0.000000000000e+00,0.000000000000e+00,0.000000000000e+00,0.000000000000e+00,4.905773827264e-04,5.347293471718e-02,2.704764553830e+02,2.513494567871e+02,0.000000000000e+00,1.044322795620e+00,2.669572791442e+01,5.549308130816e+04,1.090000000000e+02
1.108000000000e+03,1.032610513143e+08,7.082139681638e+04,8.602045819951e+05,4.635875809455e-01,3.067637322013e+02,-1.174129762394e-04,-1.279801441010e-02,0.000000000000e+00,3.211639327563e+01,7.098058402932e+02,0.000000000000e+00,0.000000000000e+00,0.000000000000e+00,0.000000000000e+00,5.934765601693e-04,6.468894505845e-02,2.704774361611e+02,2.517384948730e+02,0.000000000000e+00,1.051000783673e+00,3.211639327563e+01,5.549308333500e+04,1.090000000000e+02
1.109000000000e+03,1.032603571596e+08,7.148492990990e+04,8.649409923975e+05,4.651832906999e-01,3.073958130160e+02,-1.552377446738e-04,-1.692091416944e-02,0.000000000000e+00,3.062164932148e+01,6.941547428369e+02,0.000000000000e+00,0.000000000000e+00,0.000000000000e+00,0.000000000000e+00,6.282983678902e-04,6.848452210003e-02,2.704442233141e+02,2.516017303467e+02,0.000000000000e+00,1.058862061680e+00,3.062164932148e+01,5.549289011117e+04,1.090000000000e+02
1.110000000000e+03,1.032596786105e+08,7.213526113104e+04,8.688736826535e+05,4.662819210510e-01,3.080671872973e+02,-1.580950286139e-04,-1.723235811892e-02,0.000000000000e+00,2.821777057518e+01,6.785489917146e+02,0.000000000000e+00,0.000000000000e+00,0.000000000000e+00,0.000000000000e+00,4.926684272641e-04,5.370085857178e-02,2.704051630427e+02,2.519206085205e+02,0.000000000000e+00,1.065880575709e+00,2.821777057518e+01,5.549266063289e+04,1.090000000000e+02
1.111000000000e+03,1.032590164219e+08,7.276956504764e+04,8.725565005839e+05,4.671788181259e-01,3.087800854741e+02,-1.499280443491e-04,-1.634215683406e-02,0.000000000000e+00,2.788580583135e+01,6.621897224330e+02,0.000000000000e+00,0.000000000000e+00,0.000000000000e+00,0.000000000000e+00,4.594270196367e-04,5.007754514040e-02,2.703735612222e+02,2.518365478516e+02,0.000000000000e+00,1.072722934748e+00,2.788580583135e+01,5.549247106187e+04,1.090000000000e+02
1.112000000000e+03,1.032584539955e+08,7.330771264518e+04,8.776183498698e+05,4.689787186106e-01,3.093831021199e+02,-1.494736061308e-04,-1.629262306826e-02,0.000000000000e+00,2.427885780286e+01,5.624264553507e+02,0.000000000000e+00,0.000000000000e+00,0.000000000000e+00,0.000000000000e+00,6.890995858624e-04,7.511185485900e-02,2.702663674718e+02,2.510751037598e+02,0.000000000000e+00,1.077761820401e+00,2.427885780286e+01,5.549181269347e+04,1.090000000000e+02
1.113000000000e+03,1.032578997403e+08,7.384724762353e+04,8.828880006674e+05,4.710057489032e-01,3.099072355014e+02,-1.288408835849e-04,-1.404365631076e-02,0.000000000000e+00,1.471992814193e+01,5.542549064911e+02,0.000000000000e+00,0.000000000000e+00,0.000000000000e+00,0.000000000000e+00,7.451571352392e-04,8.122212774107e-02,2.700960481984e+02,2.503266143799e+02,0.000000000000e+00,1.086584183099e+00,1.471992814193e+01,5.549075614736e+04,1.090000000000e+02
1.114000000000e+03,1.032573303154e+08,7.440669858884e+04,8.868303989119e+05,4.720688308995e-01,3.105936096881e+02,-1.213812555578e-04,-1.323055685581e-02,0.000000000000e+00,9.974091771938e+00,5.694250570739e+02,0.000000000000e+00,0.000000000000e+00,0.000000000000e+00,0.000000000000e+00,5.320903951134e-04,5.799785306736e-02,2.699975170423e+02,2.501602478027e+02,0.000000000000e+00,1.092551319285e+00,9.974091771938e+00,5.549012339607e+04,1.090000000000e+02
1.115000000000e+03,1.032567007838e+08,7.502529524360e+04,8.898263647012e+05,4.724661205665e-01,3.113826176973e+02,-1.282628830011e-04,-1.398065424712e-02,0.000000000000e+00,1.093597216950e+01,6.295326269321e+02,0.000000000000e+00,0.000000000000e+00,0.000000000000e+00,0.000000000000e+00,3.679107235610e-04,4.010226886815e-02,2.699471135432e+02,2.511623840332e+02,0.000000000000e+00,1.100062756837e+00,1.093597216950e+01,5.548980539589e+04,1.090000000000e+02
1.116000000000e+03,1.032560835709e+08,7.563234582305e+04,8.930965661301e+05,4.731870674256e-01,3.120530639739e+02,-1.395850737465e-04,-1.521477303837e-02,0.000000000000e+00,1.016268777797e+01,6.172132672307e+02,0.000000000000e+00,0.000000000000e+00,0.000000000000e+00,0.000000000000e+00,4.021507360478e-04,4.383443022921e-02,2.698877278960e+02,2.513104553223e+02,0.000000000000e+00,1.106065774876e+00,1.016268777797e+01,5.548940639896e+04,1.090000000000e+02
1.117000000000e+03,1.032554907557e+08,7.621873793478e+04,8.971287301629e+05,4.743190981677e-01,3.127176785108e+02,-1.223463432979e-04,-1.333575141947e-02,0.000000000000e+00,6.422946027669e+00,5.928150577610e+02,0.000000000000e+00,0.000000000000e+00,0.000000000000e+00,0.000000000000e+00,5.461437995887e-04,5.952967415517e-02,2.697863150673e+02,2.510350799561e+02,0.000000000000e+00,1.113717273076e+00,6.422946027669e+00,5.548871993133e+04,1.090000000000e+02
1.118000000000e+03,1.032549186183e+08,7.678918628293e+04,9.015662955100e+05,4.757817184625e-01,3.133029675660e+02,-1.212940336161e-04,-1.322104966415e-02,0.000000000000e+00,1.689407384915e+00,5.721377555344e+02,0.000000000000e+00,0.000000000000e+00,0.000000000000e+00,0.000000000000e+00,6.145620092732e-04,6.698725901077e-02,2.696699597104e+02,2.509133758545e+02,0.000000000000e+00,1.118257370944e+00,1.689407384915e+00,5.548791471458e+04,1.090000000000e+02
1.119000000000e+03,1.032543654249e+08,7.734237967764e+04,9.065925375549e+05,4.776314998635e-01,3.138361761325e+02,-1.469860031674e-04,-1.602147434524e-02,0.000000000000e+00,0.000000000000e+00,5.531933947104e+02,0.000000000000e+00,0.000000000000e+00,0.000000000000e+00,0.000000000000e+00,6.872321217491e-04,7.490830127065e-02,2.695035143785e+02,2.503815002441e+02,0.000000000000e+00,1.122705450428e+00,0.000000000000e+00,5.548673642802e+04,1.090000000000e+02
1.120000000000e+03,1.032538275991e+08,7.788020549178e+04,9.108759069049e+05,4.789670826201e-01,3.144483554489e+02,-1.436651448255e-04,-1.565950078598e-02,0.000000000000e+00,0.000000000000e+00,5.378258141369e+02,0.000000000000e+00,0.000000000000e+00,0.000000000000e+00,0.000000000000e+00,5.687018463468e-04,6.198850125180e-02,2.692952788254e+02,2.495313720703e+02,0.000000000000e+00,1.127990311086e+00,0.000000000000e+00,5.548521055498e+04,1.090000000000e+02
1.121000000000e+03,1.032533059812e+08,7.840182333145e+04,9.142755253643e+05,4.796997654471e-01,3.151473245684e+02,-1.522991629489e-04,-1.660060876143e-02,0.000000000000e+00,0.000000000000e+00,5.216178396671e+02,0.000000000000e+00,0.000000000000e+00,0.000000000000e+00,0.000000000000e+00,4.133861717052e-04,4.505909271586e-02,2.691239075764e+02,2.494858703613e+02,0.000000000000e+00,1.135225785697e+00,0.000000000000e+00,5.548390168279e+04,1.090000000000e+02
1.122000000000e+03,1.032528031306e+08,7.890467392150e+04,9.175236942843e+05,4.803542015510e-01,3.158414692619e+02,-1.526432642989e-04,-1.663811580858e-02,0.000000000000e+00,0.000000000000e+00,5.028505900492e+02,0.000000000000e+00,0.000000000000e+00,0.000000000000e+00,0.000000000000e+00,3.870343271883e-04,4.218674166353e-02,2.690044496704e+02,2.502594757080e+02,0.000000000000e+00,1.138798211858e+00,0.000000000000e+00,5.548295501759e+04,1.090000000000e+02
1.123000000000e+03,1.032523192045e+08,7.938860000631e+04,9.209942612602e+05,4.811765211239e-01,3.165017135558e+02,-1.317895126742e-04,-1.436505688149e-02,0.000000000000e+00,0.000000000000e+00,4.839260848136e+02,0.000000000000e+00,0.000000000000e+00,0.000000000000e+00,0.000000000000e+00,4.456255814699e-04,4.857318838022e-02,2.688446014927e+02,2.504782257080e+02,0.000000000000e+00,1.141231092709e+00,0.000000000000e+00,5.548166453296e+04,1.090000000000e+02
1.124000000000e+03,1.032518521028e+08,7.985570180630e+04,9.248292773784e+05,4.822493768994e-01,3.171227969573e+02,-1.212595594670e-04,-1.321729198190e-02,0.000000000000e+00,0.000000000000e+00,4.671017999887e+02,0.000000000000e+00,0.000000000000e+00,0.000000000000e+00,0.000000000000e+00,5.178174703025e-04,5.644210426297e-02,2.686294186297e+02,2.498409729004e+02,0.000000000000e+00,1.145053506246e+00,0.000000000000e+00,5.547987783786e+04,1.090000000000e+02
1.125000000000e+03,1.032514032840e+08,8.030452053170e+04,9.294677478770e+05,4.838671787621e-01,3.176533647206e+02,-1.460392219884e-04,-1.591827519674e-02,0.000000000000e+00,0.000000000000e+00,4.488187254026e+02,0.000000000000e+00,0.000000000000e+00,0.000000000000e+00,0.000000000000e+00,6.237260956321e-04,6.798614442390e-02,2.685152075652e+02,2.503921813965e+02,0.000000000000e+00,1.147797067062e+00,0.000000000000e+00,5.547889141235e+04,1.090000000000e+02
1.126000000000e+03,1.032509730440e+08,8.073476052893e+04,9.338667791065e+05,4.852591029602e-01,3.182500986300e+02,-1.570908884068e-04,-1.712290683634e-02,0.000000000000e+00,0.000000000000e+00,4.302399972299e+02,0.000000000000e+00,0.000000000000e+00,0.000000000000e+00,0.000000000000e+00,5.746283640579e-04,6.263449168231e-02,2.683408347088e+02,2.503721160889e+02,0.000000000000e+00,1.149224070460e+00,0.000000000000e+00,5.547735851555e+04,1.090000000000e+02
1.127000000000e+03,1.032505618198e+08,8.114598475611e+04,9.380130324748e+05,4.865173454892e-01,3.188397837899e+02,-1.760678624357e-04,-1.919139700549e-02,0.000000000000e+00,0.000000000000e+00,4.112242271731e+02,0.000000000000e+00,0.000000000000e+00,0.000000000000e+00,0.000000000000e+00,5.112591134775e-04,5.572724336905e-02,2.682759388752e+02,2.512306823730e+02,0.000000000000e+00,1.150531805106e+00,0.000000000000e+00,5.547676549972e+04,1.090000000000e+02
1.128000000000e+03,1.032501724082e+08,8.153539631387e+04,9.432136427258e+05,4.885119057193e-01,3.192982163949e+02,-2.085958417151e-04,-2.273694674695e-02,0.000000000000e+00,0.000000000000e+00,3.894115577614e+02,0.000000000000e+00,0.000000000000e+00,0.000000000000e+00,0.000000000000e+00,6.512983783568e-04,7.099152324089e-02,2.682837074862e+02,2.528276824951e+02,0.000000000000e+00,1.151203053121e+00,0.000000000000e+00,5.547681604075e+04,1.090000000000e+02
1.129000000000e+03,1.032498033265e+08,8.190447801209e+04,9.489820552243e+05,4.908215925396e-01,3.197424015225e+02,-1.916666962683e-04,-2.089166989324e-02,0.000000000000e+00,0.000000000000e+00,3.690816982246e+02,0.000000000000e+00,0.000000000000e+00,0.000000000000e+00,0.000000000000e+00,7.638272827809e-04,8.325717382312e-02,2.682237907250e+02,2.528637695313e+02,0.000000000000e+00,1.151088672638e+00,0.000000000000e+00,5.547626502281e+04,1.090000000000e+02
1.130000000000e+03,1.032494511364e+08,8.225666810969e+04,9.544915363328e+05,4.929488417905e-01,3.202171471608e+02,-1.467973332355e-04,-1.600090932267e-02,0.000000000000e+00,0.000000000000e+00,3.521900976027e+02,0.000000000000e+00,0.000000000000e+00,0.000000000000e+00,0.000000000000e+00,7.673991789831e-04,8.364651050915e-02,2.681060931347e+02,2.530167694092e+02,0.000000000000e+00,1.150893084494e+00,0.000000000000e+00,5.547518559460e+04,1.090000000000e+02
1.131000000000e+03,1.032491154782e+08,8.259232636537e+04,9.601667001620e+05,4.952062284322e-01,3.206557079452e+02,-1.345959246017e-04,-1.467095578159e-02,0.000000000000e+00,0.000000000000e+00,3.356582556744e+02,0.000000000000e+00,0.000000000000e+00,0.000000000000e+00,0.000000000000e+00,8.054351602911e-04,8.779243247173e-02,2.680505006238e+02,2.537395019531e+02,0.000000000000e+00,1.151773608874e+00,0.000000000000e+00,5.547466528494e+04,1.090000000000e+02
1.132000000000e+03,1.032487962535e+08,8.291155103725e+04,9.659557870301e+05,4.975142140889e-01,3.210958555093e+02,-1.484842530100e-04,-1.618478357809e-02,0.000000000000e+00,0.000000000000e+00,3.192246718796e+02,0.000000000000e+00,0.000000000000e+00,0.000000000000e+00,0.000000000000e+00,8.105636452263e-04,8.835143732967e-02,2.679895104027e+02,2.539246063232e+02,0.000000000000e+00,1.153717631215e+00,0.000000000000e+00,5.547409004745e+04,1.090000000000e+02
1.133000000000e+03,1.032484925652e+08,8.321523936400e+04,9.720023476829e+05,5.000102649128e-01,3.214965531265e+02,-1.542623578950e-04,-1.681459701056e-02,0.000000000000e+00,0.000000000000e+00,3.036883267504e+02,0.000000000000e+00,0.000000000000e+00,0.000000000000e+00,0.000000000000e+00,8.475617570290e-04,9.238423151616e-02,2.679225143316e+02,2.538435516357e+02,0.000000000000e+00,1.154643557141e+00,0.000000000000e+00,5.547345454524e+04,1.090000000000e+02
1.134000000000e+03,1.032482019466e+08,8.350585796897e+04,9.784630034761e+05,5.028804370337e-01,3.217916910570e+02,-1.371013420125e-04,-1.494404627936e-02,0.000000000000e+00,0.000000000000e+00,2.906186049755e+02,0.000000000000e+00,0.000000000000e+00,0.000000000000e+00,0.000000000000e+00,9.340673931466e-04,1.018133458530e-01,2.678261625834e+02,2.538814697266e+02,0.000000000000e+00,1.155499704985e+00,0.000000000000e+00,5.547253206746e+04,1.090000000000e+02
1.135000000000e+03,1.032479215219e+08,8.378628262669e+04,9.843080018091e+05,5.051671693067e-01,3.222595612388e+02,-1.268845514070e-04,-1.383041610336e-02,0.000000000000e+00,0.000000000000e+00,2.804246577168e+02,0.000000000000e+00,0.000000000000e+00,0.000000000000e+00,0.000000000000e+00,8.453189586889e-04,9.213976649709e-02,2.676333773752e+02,2.527250061035e+02,0.000000000000e+00,1.156610816097e+00,0.000000000000e+00,5.547064896914e+04,1.090000000000e+02
1.136000000000e+03,1.032476500642e+08,8.405774033106e+04,9.897139822942e+05,5.072183776460e-01,3.227295458073e+02,-1.334022591658e-04,-1.454084624907e-02,0.000000000000e+00,0.000000000000e+00,2.714577043667e+02,0.000000000000e+00,0.000000000000e+00,0.000000000000e+00,0.000000000000e+00,7.660035219591e-04,8.349438389355e-02,2.674544151261e+02,2.526265106201e+02,0.000000000000e+00,1.157488056127e+00,0.000000000000e+00,5.546885119355e+04,1.090000000000e+02
1.137000000000e+03,1.032473883686e+08,8.431943600673e+04,9.950273119869e+05,5.092057884049e-01,3.232037167986e+02,-1.413314942032e-04,-1.540513286815e-02,0.000000000000e+00,0.000000000000e+00,2.616956756722e+02,0.000000000000e+00,0.000000000000e+00,0.000000000000e+00,0.000000000000e+00,7.415144006859e-04,8.082506967476e-02,2.673221232924e+02,2.530519561768e+02,0.000000000000e+00,1.158872770098e+00,0.000000000000e+00,5.546748906189e+04,1.090000000000e+02
1.138000000000e+03,1.032471358810e+08,8.457192359732e+04,1.001616807382e+06,5.121244167835e-01,3.234992515010e+02,-1.271866461249e-04,-1.386334442762e-02,0.000000000000e+00,0.000000000000e+00,2.524875905870e+02,0.000000000000e+00,0.000000000000e+00,0.000000000000e+00,0.000000000000e+00,9.674760535289e-04,1.054548898346e-01,2.671707480721e+02,2.524792022705e+02,0.000000000000e+00,1.158114675249e+00,0.000000000000e+00,5.546589617897e+04,1.090000000000e+02
1.139000000000e+03,1.032468924046e+08,8.481539991459e+04,1.006992919656e+06,5.139992474945e-01,3.240562792997e+02,-1.373958593305e-04,-1.497614866702e-02,0.000000000000e+00,0.000000000000e+00,2.434763172755e+02,0.000000000000e+00,0.000000000000e+00,0.000000000000e+00,0.000000000000e+00,7.554203489666e-04,8.234081803736e-02,2.670594723908e+02,2.520738525391e+02,0.000000000000e+00,1.157917833560e+00,0.000000000000e+00,5.546470356842e+04,1.090000000000e+02
1.140000000000e+03,1.032466574246e+08,8.505037997726e+04,1.011003981633e+06,5.151030854881e-01,3.246582932248e+02,-1.523273696798e-04,-1.660368329510e-02,0.000000000000e+00,0.000000000000e+00,2.349800626686e+02,0.000000000000e+00,0.000000000000e+00,0.000000000000e+00,0.000000000000e+00,5.154775919048e-04,5.618705751762e-02,2.669276729341e+02,2.520551757812e+02,0.000000000000e+00,1.158074402422e+00,0.000000000000e+00,5.546326451379e+04,1.090000000000e+02
1.141000000000e+03,1.032465320154e+08,8.517578912328e+04,1.015653151687e+06,5.164715491427e-01,3.252971175938e+02,-1.503875622878e-04,-1.639224428937e-02,0.000000000000e+00,0.000000000000e+00,1.254091460171e+02,0.000000000000e+00,0.000000000000e+00,0.000000000000e+00,0.000000000000e+00,6.238295772052e-04,6.799742391536e-02,2.667796436939e+02,2.516903991699e+02,0.000000000000e+00,1.156571778596e+00,0.000000000000e+00,5.546155340110e+04,1.090000000000e+02
1.142000000000e+03,1.032464938946e+08,8.521390991983e+04,1.019581047662e+06,5.177078574668e-01,3.257879074283e+02,-1.336308455739e-04,-1.456576216756e-02,0.000000000000e+00,0.000000000000e+00,3.812079655494e+01,0.000000000000e+00,0.000000000000e+00,0.000000000000e+00,0.000000000000e+00,5.226215879784e-04,5.696575308965e-02,2.665995410223e+02,2.509975128174e+02,0.000000000000e+00,1.155763918707e+00,0.000000000000e+00,5.545941421138e+04,1.090000000000e+02
1.143000000000e+03,1.032462045660e+08,8.550323851719e+04,1.022854157200e+06,5.182878707696e-01,3.264738352213e+02,-1.329221675466e-04,-1.448851626258e-02,0.000000000000e+00,0.000000000000e+00,2.893285973588e+02,0.000000000000e+00,0.000000000000e+00,0.000000000000e+00,0.000000000000e+00,4.115460903544e-04,4.485852384863e-02,2.665040069284e+02,2.515601043701e+02,0.000000000000e+00,1.159652807596e+00,0.000000000000e+00,5.545842581150e+04,1.090000000000e+02
1.144000000000e+03,1.032459627771e+08,8.574502750811e+04,1.027150723857e+06,5.197655791551e-01,3.269140378444e+02,-1.407579658812e-04,-1.534261828105e-02,0.000000000000e+00,0.000000000000e+00,2.417889909167e+02,0.000000000000e+00,0.000000000000e+00,0.000000000000e+00,0.000000000000e+00,5.704765308328e-04,6.218194186077e-02,2.664894137594e+02,2.528369598389e+02,0.000000000000e+00,1.160671326114e+00,0.000000000000e+00,5.545827360032e+04,1.090000000000e+02
1.145000000000e+03,1.032457372909e+08,8.597051362794e+04,1.032204782931e+06,5.216006264957e-01,3.273773823991e+02,-1.435218395443e-04,-1.564388051032e-02,0.000000000000e+00,0.000000000000e+00,2.254861198351e+02,0.000000000000e+00,0.000000000000e+00,0.000000000000e+00,0.000000000000e+00,6.980607204878e-04,7.608861853317e-02,2.663381002854e+02,2.511847381592e+02,0.000000000000e+00,1.161782437225e+00,0.000000000000e+00,5.545648730196e+04,1.090000000000e+02
1.146000000000e+03,1.032455209517e+08,8.618685281829e+04,1.036040232549e+06,5.225981189006e-01,3.279833758427e+02,-1.217024057509e-04,-1.326556222685e-02,0.000000000000e+00,0.000000000000e+00,2.163391903412e+02,0.000000000000e+00,0.000000000000e+00,0.000000000000e+00,0.000000000000e+00,5.215441294538e-04,5.684831011047e-02,2.661049181925e+02,2.503520812988e+02,0.000000000000e+00,1.162932500069e+00,0.000000000000e+00,5.545366183727e+04,1.090000000000e+02
1.147000000000e+03,1.032453121815e+08,8.639562306077e+04,1.039706140290e+06,5.235126035811e-01,3.285797245076e+02,-9.463345433464e-05,-1.031504652248e-02,0.000000000000e+00,0.000000000000e+00,2.087702424874e+02,0.000000000000e+00,0.000000000000e+00,0.000000000000e+00,0.000000000000e+00,5.174974628099e-04,5.640722344628e-02,2.659582283932e+02,2.515233459473e+02,0.000000000000e+00,1.164041416577e+00,0.000000000000e+00,5.545184497174e+04,1.090000000000e+02
1.148000000000e+03,1.032451117586e+08,8.659604596715e+04,1.043921070879e+06,5.248006345387e-01,3.291049839248e+02,-8.896875976659e-05,-9.697594814558e-03,0.000000000000e+00,0.000000000000e+00,2.004229063734e+02,0.000000000000e+00,0.000000000000e+00,0.000000000000e+00,0.000000000000e+00,6.099075092006e-04,6.647991850287e-02,2.659185833059e+02,2.524405059814e+02,0.000000000000e+00,1.164689564725e+00,0.000000000000e+00,5.545135381982e+04,1.090000000000e+02
1.149000000000e+03,1.032449198478e+08,8.678795679804e+04,1.049027281292e+06,5.266751385131e-01,3.295373378927e+02,-1.121540118399e-04,-1.222478729055e-02,0.000000000000e+00,0.000000000000e+00,1.919108308935e+02,0.000000000000e+00,0.000000000000e+00,0.000000000000e+00,0.000000000000e+00,7.324640303011e-04,7.983857930282e-02,2.659230449165e+02,2.527494659424e+02,0.000000000000e+00,1.164297687763e+00,0.000000000000e+00,5.545141593017e+04,1.090000000000e+02
1.150000000000e+03,1.032447360440e+08,8.697176052751e+04,1.054450745782e+06,5.286998175654e-01,3.299709346159e+02,-1.216525957350e-04,-1.326013293512e-02,0.000000000000e+00,0.000000000000e+00,1.838037294678e+02,0.000000000000e+00,0.000000000000e+00,0.000000000000e+00,0.000000000000e+00,7.747968145701e-04,8.445285278814e-02,2.659440799035e+02,2.531639709473e+02,0.000000000000e+00,1.163298897739e+00,0.000000000000e+00,5.545168645195e+04,1.090000000000e+02
1.151000000000e+03,1.032445596275e+08,8.714817708238e+04,1.060035346923e+06,5.308456631667e-01,3.303772501263e+02,-1.335088278153e-04,-1.455246223187e-02,0.000000000000e+00,0.000000000000e+00,1.764165548746e+02,0.000000000000e+00,0.000000000000e+00,0.000000000000e+00,0.000000000000e+00,7.902487119152e-04,8.613710959875e-02,2.659487242322e+02,2.537136688232e+02,0.000000000000e+00,1.163576675517e+00,0.000000000000e+00,5.545174934335e+04,1.090000000000e+02
1.152000000000e+03,1.032443884942e+08,8.731931033436e+04,1.065353437836e+06,5.328141456888e-01,3.308189018723e+02,-1.162865981390e-04,-1.267523919715e-02,0.000000000000e+00,0.000000000000e+00,1.711332519787e+02,0.000000000000e+00,0.000000000000e+00,0.000000000000e+00,0.000000000000e+00,7.693726068961e-04,8.386161415167e-02,2.658050464953e+02,2.519697570801e+02,0.000000000000e+00,1.162590749205e+00,0.000000000000e+00,5.544992635535e+04,1.090000000000e+02
1.153000000000e+03,1.032442216682e+08,8.748613642403e+04,1.071238249587e+06,5.351832944729e-01,3.311806795224e+02,-1.169097186719e-04,-1.274315933524e-02,0.000000000000e+00,0.000000000000e+00,1.668260896707e+02,0.000000000000e+00,0.000000000000e+00,0.000000000000e+00,0.000000000000e+00,8.604660864549e-04,9.379080342358e-02,2.657137993190e+02,2.524085693359e+02,0.000000000000e+00,1.161003698295e+00,0.000000000000e+00,5.544876300612e+04,1.090000000000e+02
1.154000000000e+03,1.032440600630e+08,8.764774155563e+04,1.077121958985e+06,5.374720201464e-01,3.315837704084e+02,-1.260095406040e-04,-1.373503992584e-02,0.000000000000e+00,0.000000000000e+00,1.616051316002e+02,0.000000000000e+00,0.000000000000e+00,0.000000000000e+00,0.000000000000e+00,8.486215497791e-04,9.249974892593e-02,2.656856705062e+02,2.533397979736e+02,0.000000000000e+00,1.159927473173e+00,0.000000000000e+00,5.544840925527e+04,1.090000000000e+02
1.155000000000e+03,1.032439034425e+08,8.780436210711e+04,1.081832985712e+06,5.390126330847e-01,3.320863743781e+02,-9.809624568318e-05,-1.069249077947e-02,0.000000000000e+00,0.000000000000e+00,1.566205514772e+02,0.000000000000e+00,0.000000000000e+00,0.000000000000e+00,0.000000000000e+00,6.836542493315e-04,7.451831317713e-02,2.656310186049e+02,2.535629119873e+02,0.000000000000e+00,1.160608749956e+00,0.000000000000e+00,5.544770350212e+04,1.090000000000e+02
1.156000000000e+03,1.032437511387e+08,8.795666591398e+04,1.086093406296e+06,5.403159194832e-01,3.325946923424e+02,-8.040737912151e-05,-8.764404324245e-03,0.000000000000e+00,0.000000000000e+00,1.523038068764e+02,0.000000000000e+00,0.000000000000e+00,0.000000000000e+00,0.000000000000e+00,6.270490000479e-04,6.834834100522e-02,2.655708589245e+02,2.533247375488e+02,0.000000000000e+00,1.159444096435e+00,0.000000000000e+00,5.544692325248e+04,1.090000000000e+02
1.157000000000e+03,1.032436028888e+08,8.810491572129e+04,1.090430005540e+06,5.416648986043e-01,3.330956507563e+02,-7.921027137793e-05,-8.633919580194e-03,0.000000000000e+00,0.000000000000e+00,1.482498073035e+02,0.000000000000e+00,0.000000000000e+00,0.000000000000e+00,0.000000000000e+00,6.408051627038e-04,6.984776273472e-02,2.655126027169e+02,2.534742431641e+02,0.000000000000e+00,1.159721874213e+00,0.000000000000e+00,5.544616319602e+04,1.090000000000e+02
1.158000000000e+03,1.032434583260e+08,8.824947855297e+04,1.094357517647e+06,5.427410598962e-01,3.336392521937e+02,-6.439669574701e-05,-7.019239836425e-03,0.000000000000e+00,0.000000000000e+00,1.445628316834e+02,0.000000000000e+00,0.000000000000e+00,0.000000000000e+00,0.000000000000e+00,5.891012128809e-04,6.421203220402e-02,2.654285411035e+02,2.537136230469e+02,0.000000000000e+00,1.160092244584e+00,0.000000000000e+00,5.544504980389e+04,1.090000000000e+02
1.159000000000e+03,1.032433175951e+08,8.839020950928e+04,1.098234870352e+06,5.438053695334e-01,3.341663194289e+02,-5.961715931959e-05,-6.498270365836e-03,0.000000000000e+00,0.000000000000e+00,1.407309563075e+02,0.000000000000e+00,0.000000000000e+00,0.000000000000e+00,0.000000000000e+00,5.820990909530e-04,6.344880091388e-02,2.654240868538e+02,2.548011016846e+02,0.000000000000e+00,1.160184837176e+00,0.000000000000e+00,5.544500624312e+04,1.090000000000e+02
1.160000000000e+03,1.032431807559e+08,8.852704870420e+04,1.102727778771e+06,5.453163302402e-01,3.346078908505e+02,-7.018715744532e-05,-7.650400161540e-03,0.000000000000e+00,0.000000000000e+00,1.368391949158e+02,0.000000000000e+00,0.000000000000e+00,0.000000000000e+00,0.000000000000e+00,6.755198098640e-04,7.363165927517e-02,2.653721172751e+02,2.546492462158e+02,0.000000000000e+00,1.160462614954e+00,0.000000000000e+00,5.544431402146e+04,1.090000000000e+02
1.161000000000e+03,1.032430467397e+08,8.866106491466e+04,1.105911313931e+06,5.458623766615e-01,3.352467141778e+02,-5.407344796865e-05,-5.894005828583e-03,0.000000000000e+00,0.000000000000e+00,1.340162104687e+02,0.000000000000e+00,0.000000000000e+00,0.000000000000e+00,0.000000000000e+00,4.773463778702e-04,5.203075518786e-02,2.652679780971e+02,2.534848632813e+02,0.000000000000e+00,1.160832985324e+00,0.000000000000e+00,5.544290812789e+04,1.090000000000e+02
1.162000000000e+03,1.032429151461e+08,8.879265850706e+04,1.109256534829e+06,5.466756302322e-01,3.357694404927e+02,-4.458206297359e-05,-4.859444864122e-03,0.000000000000e+00,0.000000000000e+00,1.315935923928e+02,0.000000000000e+00,0.000000000000e+00,0.000000000000e+00,0.000000000000e+00,5.138176015782e-04,5.600611857203e-02,2.651605069526e+02,2.530272521973e+02,0.000000000000e+00,1.161295948287e+00,0.000000000000e+00,5.544144203559e+04,1.090000000000e+02
1.163000000000e+03,1.032427861482e+08,8.892165641587e+04,1.113732230617e+06,5.481525610221e-01,3.362223997626e+02,-6.712576855183e-05,-7.316708772149e-03,0.000000000000e+00,0.000000000000e+00,1.289979088140e+02,0.000000000000e+00,0.000000000000e+00,0.000000000000e+00,0.000000000000e+00,6.770720519007e-04,7.380085365718e-02,2.650822985282e+02,2.532356414795e+02,0.000000000000e+00,1.161388540880e+00,0.000000000000e+00,5.544036847271e+04,1.090000000000e+02
1.164000000000e+03,1.032426600635e+08,8.904774104234e+04,1.117482497003e+06,5.490789141140e-01,3.367877611840e+02,-8.028915219905e-05,-8.751517589697e-03,0.000000000000e+00,0.000000000000e+00,1.260846264719e+02,0.000000000000e+00,0.000000000000e+00,0.000000000000e+00,0.000000000000e+00,5.415955284722e-04,5.903391260347e-02,2.650534544614e+02,2.536759490967e+02,0.000000000000e+00,1.161388540880e+00,0.000000000000e+00,5.543998187678e+04,1.090000000000e+02
1.165000000000e+03,1.032425369641e+08,8.917084043515e+04,1.120795623051e+06,5.498090840288e-01,3.373401295355e+02,-9.367343946725e-05,-1.021040490193e-02,0.000000000000e+00,0.000000000000e+00,1.230993928043e+02,0.000000000000e+00,0.000000000000e+00,0.000000000000e+00,0.000000000000e+00,4.559374730128e-04,4.969718455840e-02,2.650239084405e+02,2.542370605469e+02,0.000000000000e+00,1.161573726065e+00,0.000000000000e+00,5.543957989332e+04,1.090000000000e+02
1.166000000000e+03,1.032424165502e+08,8.929125438392e+04,1.123984934405e+06,5.504503332918e-01,3.379107350213e+02,-8.650021875275e-05,-9.428523844050e-03,0.000000000000e+00,0.000000000000e+00,1.204139487747e+02,0.000000000000e+00,0.000000000000e+00,0.000000000000e+00,0.000000000000e+00,4.439063355382e-04,4.838579057366e-02,2.649676133801e+02,2.541549987793e+02,0.000000000000e+00,1.160904071325e+00,0.000000000000e+00,5.543879631855e+04,1.090000000000e+02
1.167000000000e+03,1.032423766460e+08,8.933115853265e+04,1.127597937134e+06,5.512886264607e-01,3.384872739209e+02,-7.030414470361e-05,-7.663151772694e-03,0.000000000000e+00,0.000000000000e+00,3.990414872850e+01,0.000000000000e+00,0.000000000000e+00,0.000000000000e+00,0.000000000000e+00,5.308017075051e-04,5.785738611806e-02,2.649034031002e+02,2.539223632813e+02,0.000000000000e+00,1.158218886140e+00,0.000000000000e+00,5.543784405495e+04,1.090000000000e+02
1.168000000000e+03,1.032424217885e+08,8.928601601660e+04,1.130992521992e+06,5.520955684742e-01,3.390148595267e+02,-5.449173363468e-05,-5.939598966180e-03,0.000000000000e+00,0.000000000000e+00,-4.514251605455e+01,0.000000000000e+00,0.000000000000e+00,0.000000000000e+00,0.000000000000e+00,5.099243228866e-04,5.558175119464e-02,2.648537482236e+02,2.538805236816e+02,0.000000000000e+00,1.156089256510e+00,0.000000000000e+00,5.543705922189e+04,1.090000000000e+02
1.169000000000e+03,1.032422952660e+08,8.941253853940e+04,1.133659973317e+06,5.524259010282e-01,3.396175114480e+02,-3.816926147703e-05,-4.160449500997e-03,0.000000000000e+00,0.000000000000e+00,1.265225228030e+02,0.000000000000e+00,0.000000000000e+00,0.000000000000e+00,0.000000000000e+00,4.067375023837e-04,4.433438775982e-02,2.647760469961e+02,2.531322937012e+02,0.000000000000e+00,1.158496663918e+00,0.000000000000e+00,5.543603513150e+04,1.090000000000e+02
1.170000000000e+03,1.032421466601e+08,8.956114450878e+04,1.137629679041e+06,5.536043949454e-01,3.400829103955e+02,-4.843044209149e-05,-5.278918187973e-03,0.000000000000e+00,0.000000000000e+00,1.486059693774e+02,0.000000000000e+00,0.000000000000e+00,0.000000000000e+00,0.000000000000e+00,6.094527374148e-04,6.643034837821e-02,2.647539892569e+02,2.538346862793e+02,0.000000000000e+00,1.159422589844e+00,0.000000000000e+00,5.543576393959e+04,1.090000000000e+02
1.171000000000e+03,1.032420117996e+08,8.969600500639e+04,1.141517253367e+06,5.546873451162e-01,3.405817649300e+02,-6.203348237411e-05,-6.761649578778e-03,0.000000000000e+00,0.000000000000e+00,1.348604976169e+02,0.000000000000e+00,0.000000000000e+00,0.000000000000e+00,0.000000000000e+00,5.829666575558e-04,6.354336567359e-02,2.647193944493e+02,2.539913330078e+02,0.000000000000e+00,1.158943540374e+00,0.000000000000e+00,5.543528666790e+04,1.090000000000e+02
1.172000000000e+03,1.032418840548e+08,8.982374975295e+04,1.145164308135e+06,5.556966572980e-01,3.410552690709e+02,-6.329140916159e-05,-6.898763598614e-03,0.000000000000e+00,0.000000000000e+00,1.277447465602e+02,0.000000000000e+00,0.000000000000e+00,0.000000000000e+00,0.000000000000e+00,5.435849702537e-04,5.925076175765e-02,2.646520431043e+02,2.537506408691e+02,0.000000000000e+00,1.159406503337e+00,0.000000000000e+00,5.543432081254e+04,1.090000000000e+02
1.173000000000e+03,1.032417612304e+08,8.994657421304e+04,1.148838951670e+06,5.565915882504e-01,3.416058520453e+02,-6.983007156962e-05,-7.611477801088e-03,0.000000000000e+00,0.000000000000e+00,1.228244600825e+02,0.000000000000e+00,0.000000000000e+00,0.000000000000e+00,0.000000000000e+00,5.418366659065e-04,5.906019658381e-02,2.645810830760e+02,2.531352996826e+02,0.000000000000e+00,1.159684281115e+00,0.000000000000e+00,5.543329502784e+04,1.090000000000e+02
1.174000000000e+03,1.032416424506e+08,9.006535396684e+04,1.152003458014e+06,5.572270803891e-01,3.421523033174e+02,-4.890275843109e-05,-5.330400668989e-03,0.000000000000e+00,0.000000000000e+00,1.187797538025e+02,0.000000000000e+00,0.000000000000e+00,0.000000000000e+00,0.000000000000e+00,4.726805940679e-04,5.152218475340e-02,2.646212108624e+02,2.549983367920e+02,0.000000000000e+00,1.159962058893e+00,0.000000000000e+00,5.543391926754e+04,1.090000000000e+02
1.175000000000e+03,1.032415277963e+08,9.018000828183e+04,1.155291095010e+06,5.580048313735e-01,3.426437976229e+02,-4.535333320749e-05,-4.943513319616e-03,0.000000000000e+00,0.000000000000e+00,1.146543149914e+02,0.000000000000e+00,0.000000000000e+00,0.000000000000e+00,0.000000000000e+00,4.950105982493e-04,5.395615520918e-02,2.646934865879e+02,2.559228820801e+02,0.000000000000e+00,1.159161699194e+00,0.000000000000e+00,5.543500315542e+04,1.090000000000e+02
1.176000000000e+03,1.032414166065e+08,9.029119808618e+04,1.158497228896e+06,5.586652073362e-01,3.431860033326e+02,-4.877386815552e-05,-5.316351628952e-03,0.000000000000e+00,0.000000000000e+00,1.111898043488e+02,0.000000000000e+00,0.000000000000e+00,0.000000000000e+00,0.000000000000e+00,4.804072492987e-04,5.236439017356e-02,2.647205251811e+02,2.558812561035e+02,0.000000000000e+00,1.158528341946e+00,0.000000000000e+00,5.543541400533e+04,1.090000000000e+02
1.177000000000e+03,1.032413085347e+08,9.039926988765e+04,1.161704757219e+06,5.593704648501e-01,3.436963720400e+02,-3.160923923167e-05,-3.445407076252e-03,0.000000000000e+00,0.000000000000e+00,1.080718014708e+02,0.000000000000e+00,0.000000000000e+00,0.000000000000e+00,0.000000000000e+00,4.959089614604e-04,5.405407679918e-02,2.647848118968e+02,2.567831115723e+02,0.000000000000e+00,1.158528341946e+00,0.000000000000e+00,5.543636911060e+04,1.090000000000e+02
1.178000000000e+03,1.032412030965e+08,9.050470803100e+04,1.165855878801e+06,5.606829990932e-01,3.441171731583e+02,-1.973549684705e-05,-2.151169156329e-03,0.000000000000e+00,0.000000000000e+00,1.054381433467e+02,0.000000000000e+00,0.000000000000e+00,0.000000000000e+00,0.000000000000e+00,6.673122425362e-04,7.273703443644e-02,2.647825075560e+02,2.560948791504e+02,0.000000000000e+00,1.158079219590e+00,0.000000000000e+00,5.543634982232e+04,1.090000000000e+02
1.179000000000e+03,1.032410995779e+08,9.060822670074e+04,1.170536151581e+06,5.622847638063e-01,3.445236675243e+02,-2.838361691306e-05,-3.093814243523e-03,0.000000000000e+00,0.000000000000e+00,1.035186697478e+02,0.000000000000e+00,0.000000000000e+00,0.000000000000e+00,0.000000000000e+00,7.513759553310e-04,8.189997913108e-02,2.646793334634e+02,2.543579406738e+02,0.000000000000e+00,1.157238841906e+00,0.000000000000e+00,5.543486040078e+04,1.090000000000e+02
1.180000000000e+03,1.032409977061e+08,9.071009843742e+04,1.175383389210e+06,5.639893124449e-01,3.449131618589e+02,-2.867280041218e-05,-3.125335244927e-03,0.000000000000e+00,0.000000000000e+00,1.018717366783e+02,0.000000000000e+00,0.000000000000e+00,0.000000000000e+00,0.000000000000e+00,7.782541884753e-04,8.482970654381e-02,2.645865438382e+02,2.539071044922e+02,0.000000000000e+00,1.157516619684e+00,0.000000000000e+00,5.543351535756e+04,1.090000000000e+02
1.181000000000e+03,1.032408976718e+08,9.081013279515e+04,1.179093589022e+06,5.649231619636e-01,3.454314069812e+02,-6.442085736270e-06,-7.021873452534e-04,0.000000000000e+00,0.000000000000e+00,1.000343577308e+02,0.000000000000e+00,0.000000000000e+00,0.000000000000e+00,0.000000000000e+00,6.084230441218e-04,6.631811180927e-02,2.645690452897e+02,2.550620422363e+02,0.000000000000e+00,1.157516619684e+00,0.000000000000e+00,5.543328175471e+04,1.090000000000e+02
1.182000000000e+03,1.032407996127e+08,9.090819190512e+04,1.182484227352e+06,5.656942535029e-01,3.459488478870e+02,-5.707029463128e-06,-6.220662114810e-04,0.000000000000e+00,0.000000000000e+00,9.805910996992e+01,0.000000000000e+00,0.000000000000e+00,0.000000000000e+00,0.000000000000e+00,5.533647688556e-04,6.031675980526e-02,2.646073364143e+02,2.561318969727e+02,0.000000000000e+00,1.156065422420e+00,0.000000000000e+00,5.543387223870e+04,1.090000000000e+02
1.183000000000e+03,1.032407035820e+08,9.100422258374e+04,1.186112791858e+06,5.666292689062e-01,3.464327178120e+02,-2.696928850372e-05,-2.939652446905e-03,0.000000000000e+00,0.000000000000e+00,9.603067861567e+01,0.000000000000e+00,0.000000000000e+00,0.000000000000e+00,0.000000000000e+00,5.706716060442e-04,6.220320505882e-02,2.646614004056e+02,2.568470153809e+02,0.000000000000e+00,1.155374041620e+00,0.000000000000e+00,5.543468721891e+04,1.090000000000e+02
1.184000000000e+03,1.032406094464e+08,9.109835815586e+04,1.189745475070e+06,5.675701642763e-01,3.469131272517e+02,-2.649091998382e-05,-2.887510278237e-03,0.000000000000e+00,0.000000000000e+00,9.413557212207e+01,0.000000000000e+00,0.000000000000e+00,0.000000000000e+00,0.000000000000e+00,5.721323276998e-04,6.236242371927e-02,2.647098358415e+02,2.572004699707e+02,0.000000000000e+00,1.154149698123e+00,0.000000000000e+00,5.543541313168e+04,1.090000000000e+02
1.185000000000e+03,1.032405170815e+08,9.119072305582e+04,1.193542679022e+06,5.686349192928e-01,3.473636892497e+02,-1.786807517445e-05,-1.947620194015e-03,0.000000000000e+00,0.000000000000e+00,9.236489995503e+01,0.000000000000e+00,0.000000000000e+00,0.000000000000e+00,0.000000000000e+00,6.077138996486e-04,6.624081506170e-02,2.647633954993e+02,2.573688354492e+02,0.000000000000e+00,1.153491240218e+00,0.000000000000e+00,5.543620963242e+04,1.090000000000e+02
1.186000000000e+03,1.032404263966e+08,9.128140791614e+04,1.196565838439e+06,5.692412114019e-01,3.478669030144e+02,3.794200294987e-06,4.135678321536e-04,0.000000000000e+00,0.000000000000e+00,9.068486032187e+01,0.000000000000e+00,0.000000000000e+00,0.000000000000e+00,0.000000000000e+00,5.008485091661e-04,5.459248749911e-02,2.648253651660e+02,2.580736083984e+02,0.000000000000e+00,1.152994411590e+00,0.000000000000e+00,5.543712118791e+04,1.090000000000e+02
1.187000000000e+03,1.032403372149e+08,9.137058962643e+04,1.199839333808e+06,5.700337920190e-01,3.483295918334e+02,4.133926654024e-06,4.505980052886e-04,0.000000000000e+00,0.000000000000e+00,8.918171029493e+01,0.000000000000e+00,0.000000000000e+00,0.000000000000e+00,0.000000000000e+00,5.435948442850e-04,5.925183802707e-02,2.648685032667e+02,2.582598876953e+02,0.000000000000e+00,1.152385899999e+00,0.000000000000e+00,5.543775497535e+04,1.090000000000e+02
1.188000000000e+03,1.032402493830e+08,9.145842156116e+04,1.204398202325e+06,5.716242766729e-01,3.486776141813e+02,-1.491874869731e-05,-1.626143608006e-03,0.000000000000e+00,0.000000000000e+00,8.783193473138e+01,0.000000000000e+00,0.000000000000e+00,0.000000000000e+00,0.000000000000e+00,7.380294673989e-04,8.044521194648e-02,2.648964974371e+02,2.582938537598e+02,0.000000000000e+00,1.152385899999e+00,0.000000000000e+00,5.543816970494e+04,1.090000000000e+02
1.189000000000e+03,1.032401628139e+08,9.154499064422e+04,1.209384752956e+06,5.733774361632e-01,3.490474235598e+02,-1.934914072528e-05,-2.109056339055e-03,0.000000000000e+00,0.000000000000e+00,8.656908305456e+01,0.000000000000e+00,0.000000000000e+00,0.000000000000e+00,0.000000000000e+00,8.039764505542e-04,8.763343311041e-02,2.649320144605e+02,2.583962707520e+02,0.000000000000e+00,1.152084252846e+00,0.000000000000e+00,5.543869148458e+04,1.090000000000e+02
1.190000000000e+03,1.032401541364e+08,9.155366813254e+04,1.213587738599e+06,5.744239016491e-01,3.496195380956e+02,-7.051775454816e-06,-7.686435245749e-04,0.000000000000e+00,0.000000000000e+00,8.677488319896e+00,0.000000000000e+00,0.000000000000e+00,0.000000000000e+00,0.000000000000e+00,6.868503179658e-04,7.486668465827e-02,2.649654891849e+02,2.586511230469e+02,0.000000000000e+00,1.149676845439e+00,0.000000000000e+00,5.543914169556e+04,1.090000000000e+02
1.191000000000e+03,1.032401826021e+08,9.152520247411e+04,1.218136195163e+06,5.759820142263e-01,3.499762784494e+02,1.759236091916e-05,1.917567340189e-03,0.000000000000e+00,0.000000000000e+00,-2.846565842470e+01,0.000000000000e+00,0.000000000000e+00,0.000000000000e+00,0.000000000000e+00,7.678165012306e-04,8.369199863414e-02,2.650159891223e+02,2.590455932617e+02,0.000000000000e+00,1.148287956550e+00,0.000000000000e+00,5.543982211099e+04,1.090000000000e+02
1.192000000000e+03,1.032401553618e+08,9.155244274551e+04,1.222937690840e+06,5.776875798928e-01,3.503138266998e+02,3.673851604145e-05,4.004498248518e-03,0.000000000000e+00,0.000000000000e+00,2.724027139246e+01,0.000000000000e+00,0.000000000000e+00,0.000000000000e+00,0.000000000000e+00,8.286450402080e-04,9.032230938267e-02,2.650663873551e+02,2.592492065430e+02,0.000000000000e+00,1.148031354857e+00,0.000000000000e+00,5.544054967617e+04,1.090000000000e+02
1.193000000000e+03,1.032400293389e+08,9.167846564692e+04,1.226975751013e+06,5.790117236208e-01,3.506636109186e+02,6.252479724800e-05,6.815202900032e-03,0.000000000000e+00,0.000000000000e+00,1.260229014123e+02,0.000000000000e+00,0.000000000000e+00,0.000000000000e+00,0.000000000000e+00,7.289212526951e-04,7.945241654377e-02,2.650980014805e+02,2.592140502930e+02,0.000000000000e+00,1.148963017112e+00,0.000000000000e+00,5.544104721752e+04,1.090000000000e+02
1.194000000000e+03,1.032399231019e+08,9.178470262873e+04,1.231238743019e+06,5.803035176495e-01,3.510946226723e+02,7.262786252088e-05,7.916437014776e-03,0.000000000000e+00,0.000000000000e+00,1.062369818131e+02,0.000000000000e+00,0.000000000000e+00,0.000000000000e+00,0.000000000000e+00,7.757318680913e-04,8.455477362195e-02,2.651417491074e+02,2.595045776367e+02,0.000000000000e+00,1.148727470831e+00,0.000000000000e+00,5.544168115123e+04,1.090000000000e+02
1.195000000000e+03,1.032398234298e+08,9.188437477769e+04,1.234989483759e+06,5.812575864824e-01,3.515798159806e+02,5.966582028195e-05,6.503574410733e-03,0.000000000000e+00,0.000000000000e+00,9.967214896191e+01,0.000000000000e+00,0.000000000000e+00,0.000000000000e+00,0.000000000000e+00,6.766560084269e-04,7.375550491854e-02,2.652124386673e+02,2.601454162598e+02,0.000000000000e+00,1.148335593869e+00,0.000000000000e+00,5.544267610572e+04,1.090000000000e+02
1.196000000000e+03,1.032397278863e+08,9.197991825229e+04,1.238946897090e+06,5.826001730939e-01,3.518880360570e+02,5.843838601159e-05,6.369784075263e-03,0.000000000000e+00,0.000000000000e+00,9.554347459811e+01,0.000000000000e+00,0.000000000000e+00,0.000000000000e+00,0.000000000000e+00,7.100356842939e-04,7.739388958804e-02,2.652755749583e+02,2.603712158203e+02,0.000000000000e+00,1.148204049544e+00,0.000000000000e+00,5.544355502373e+04,1.090000000000e+02
1.197000000000e+03,1.032396352848e+08,9.207251976037e+04,1.243073832144e+06,5.838368509645e-01,3.523059861993e+02,7.091236180306e-05,7.729447436534e-03,0.000000000000e+00,0.000000000000e+00,9.260150807627e+01,0.000000000000e+00,0.000000000000e+00,0.000000000000e+00,0.000000000000e+00,7.500997409359e-04,8.176087176201e-02,2.653480581036e+02,2.609060668945e+02,0.000000000000e+00,1.148204049544e+00,0.000000000000e+00,5.544455217848e+04,1.090000000000e+02
1.198000000000e+03,1.032395449845e+08,9.216282004319e+04,1.246462744139e+06,5.846653147746e-01,3.527603793085e+02,8.450845721007e-05,9.211421835897e-03,0.000000000000e+00,0.000000000000e+00,9.030028282647e+01,0.000000000000e+00,0.000000000000e+00,0.000000000000e+00,0.000000000000e+00,6.420506082455e-04,6.998351629876e-02,2.654114364994e+02,2.612587280273e+02,0.000000000000e+00,1.148204049544e+00,0.000000000000e+00,5.544541627686e+04,1.090000000000e+02
1.199000000000e+03,1.032394566079e+08,9.225119662007e+04,1.249251063454e+06,5.851506258116e-01,3.532471315557e+02,1.128250209279e-04,1.229792728115e-02,0.000000000000e+00,0.000000000000e+00,8.837657687905e+01,0.000000000000e+00,0.000000000000e+00,0.000000000000e+00,0.000000000000e+00,5.688474455563e-04,6.200437156564e-02,2.655183219300e+02,2.623363647461e+02,0.000000000000e+00,1.147478099703e+00,0.000000000000e+00,5.544685019580e+04,1.090000000000e+02
1.200000000000e+03,1.032393698741e+08,9.233793051186e+04,1.252505611551e+06,5.859714496823e-01,3.536637576318e+02,1.041698969229e-04,1.135451876459e-02,0.000000000000e+00,0.000000000000e+00,8.673389178838e+01,0.000000000000e+00,0.000000000000e+00,0.000000000000e+00,0.000000000000e+00,6.382574563373e-04,6.957006274076e-02,2.656076241738e+02,2.624875183105e+02,0.000000000000e+00,1.146936384755e+00,0.000000000000e+00,5.544803121419e+04,1.090000000000e+02
1.201000000000e+03,1.032392844809e+08,9.242332367404e+04,1.257748617486e+06,5.882067339476e-01,3.537893242414e+02,9.233072325743e-05,1.006404883506e-02,0.000000000000e+00,0.000000000000e+00,8.539316218282e+01,0.000000000000e+00,0.000000000000e+00,0.000000000000e+00,0.000000000000e+00,9.567306479713e-04,1.042836406289e-01,2.656704133305e+02,2.624607849121e+02,0.000000000000e+00,1.146420465757e+00,0.000000000000e+00,5.544885574280e+04,1.090000000000e+02
1.202000000000e+03,1.032392003274e+08,9.250747714628e+04,1.261666993668e+06,5.892176491891e-01,3.542754149161e+02,1.180988257275e-04,1.287277200430e-02,0.000000000000e+00,0.000000000000e+00,8.415347224088e+01,0.000000000000e+00,0.000000000000e+00,0.000000000000e+00,0.000000000000e+00,7.621640460957e-04,8.307588102443e-02,2.657573549118e+02,2.630239257812e+02,0.000000000000e+00,1.146420465757e+00,0.000000000000e+00,5.544998449680e+04,1.090000000000e+02
1.203000000000e+03,1.032391171387e+08,9.259066591856e+04,1.264876532081e+06,5.898911736278e-01,3.547668663149e+02,1.338107871909e-04,1.458537580380e-02,0.000000000000e+00,0.000000000000e+00,8.318877227244e+01,0.000000000000e+00,0.000000000000e+00,0.000000000000e+00,0.000000000000e+00,6.623264875694e-04,7.219358714506e-02,2.658088311285e+02,2.627440795898e+02,0.000000000000e+00,1.145287540072e+00,0.000000000000e+00,5.545064872627e+04,1.090000000000e+02
1.204000000000e+03,1.032390348764e+08,9.267292816540e+04,1.267844067926e+06,5.905848884602e-01,3.551746703382e+02,1.237764996094e-04,1.349163845742e-02,0.000000000000e+00,0.000000000000e+00,8.226224684636e+01,0.000000000000e+00,0.000000000000e+00,0.000000000000e+00,0.000000000000e+00,6.107281059678e-04,6.656936355049e-02,2.658922568066e+02,2.635914916992e+02,0.000000000000e+00,1.144027358576e+00,0.000000000000e+00,5.545171295661e+04,1.090000000000e+02
1.205000000000e+03,1.032389535770e+08,9.275422761616e+04,1.271613401531e+06,5.917771859100e-01,3.555039780143e+02,1.334432002266e-04,1.454530882470e-02,0.000000000000e+00,0.000000000000e+00,8.129945075752e+01,0.000000000000e+00,0.000000000000e+00,0.000000000000e+00,0.000000000000e+00,7.517945902305e-04,8.194561033512e-02,2.660029309941e+02,2.643602294922e+02,0.000000000000e+00,1.143430117845e+00,0.000000000000e+00,5.545310187929e+04,1.090000000000e+02
1.206000000000e+03,1.032388731492e+08,9.283465537406e+04,1.275530769702e+06,5.929698909391e-01,3.558718990995e+02,1.544267182028e-04,1.683251228410e-02,0.000000000000e+00,0.000000000000e+00,8.042775789492e+01,0.000000000000e+00,0.000000000000e+00,0.000000000000e+00,0.000000000000e+00,7.966058187220e-04,8.683003424069e-02,2.661290494577e+02,2.653844299316e+02,0.000000000000e+00,1.141207535518e+00,0.000000000000e+00,5.545465702727e+04,1.090000000000e+02
1.207000000000e+03,1.032387933874e+08,9.291441714883e+04,1.278564864870e+06,5.936557829275e-01,3.562988812907e+02,1.667454913594e-04,1.817525855817e-02,0.000000000000e+00,0.000000000000e+00,7.976177477779e+01,0.000000000000e+00,0.000000000000e+00,0.000000000000e+00,0.000000000000e+00,6.643180742630e-04,7.241067009467e-02,2.662236259208e+02,2.653823852539e+02,0.000000000000e+00,1.139806611501e+00,0.000000000000e+00,5.545580572161e+04,1.090000000000e+02
1.208000000000e+03,1.032387141215e+08,9.299368311633e+04,1.281589474655e+06,5.944118968498e-01,3.566810718045e+02,1.921547884865e-04,2.094487194503e-02,0.000000000000e+00,0.000000000000e+00,7.926596749873e+01,0.000000000000e+00,0.000000000000e+00,0.000000000000e+00,0.000000000000e+00,6.887338356069e-04,7.507198808116e-02,2.663061342713e+02,2.653506774902e+02,0.000000000000e+00,1.139309782874e+00,0.000000000000e+00,5.545679728480e+04,1.090000000000e+02
1.209000000000e+03,1.032386353502e+08,9.307245441930e+04,1.284993578722e+06,5.953739553947e-01,3.570437377985e+02,1.884274019415e-04,2.053858681163e-02,0.000000000000e+00,0.000000000000e+00,7.877130296950e+01,0.000000000000e+00,0.000000000000e+00,0.000000000000e+00,0.000000000000e+00,7.474981867571e-04,8.147730235653e-02,2.663956029053e+02,2.656712951660e+02,0.000000000000e+00,1.139309782874e+00,0.000000000000e+00,5.545785989710e+04,1.090000000000e+02
1.210000000000e+03,1.032385570314e+08,9.315077316963e+04,1.289327230989e+06,5.969263259457e-01,3.573095113879e+02,1.972301847124e-04,2.149809013365e-02,0.000000000000e+00,0.000000000000e+00,7.831875032832e+01,0.000000000000e+00,0.000000000000e+00,0.000000000000e+00,0.000000000000e+00,9.101470094435e-04,9.920602402934e-02,2.664841703330e+02,2.658271179199e+02,0.000000000000e+00,1.139309782874e+00,0.000000000000e+00,5.545889844548e+04,1.090000000000e+02
1.211000000000e+03,1.032384790361e+08,9.322876844658e+04,1.292977540483e+06,5.979837313240e-01,3.576826202454e+02,2.100677398405e-04,2.289738364262e-02,0.000000000000e+00,0.000000000000e+00,7.799527694540e+01,0.000000000000e+00,0.000000000000e+00,0.000000000000e+00,0.000000000000e+00,8.110024846155e-04,8.839927082309e-02,2.665493013363e+02,2.656517944336e+02,0.000000000000e+00,1.139105616207e+00,0.000000000000e+00,5.545965482742e+04,1.090000000000e+02
1.212000000000e+03,1.032384013724e+08,9.330643214113e+04,1.296243460730e+06,5.989205586829e-01,3.580198315035e+02,2.492265512599e-04,2.716569408733e-02,0.000000000000e+00,0.000000000000e+00,7.766369455692e+01,0.000000000000e+00,0.000000000000e+00,0.000000000000e+00,0.000000000000e+00,7.862810271964e-04,8.570463196441e-02,2.666213629797e+02,2.660412597656e+02,0.000000000000e+00,1.138920431022e+00,0.000000000000e+00,5.546048403013e+04,1.090000000000e+02
1.213000000000e+03,1.032383241889e+08,9.338361566507e+04,1.300702594659e+06,6.006592135364e-01,3.582033011761e+02,3.184077822453e-04,3.470644826474e-02,0.000000000000e+00,0.000000000000e+00,7.718352393336e+01,0.000000000000e+00,0.000000000000e+00,0.000000000000e+00,0.000000000000e+00,1.051085718948e-03,1.145683433653e-01,2.667340260561e+02,2.670380859375e+02,0.000000000000e+00,1.138050223848e+00,0.000000000000e+00,5.546176050379e+04,1.090000000000e+02
1.214000000000e+03,1.032382474077e+08,9.346039688232e+04,1.306615980812e+06,6.032118924602e-01,3.583010382630e+02,3.267954594381e-04,3.562070507875e-02,0.000000000000e+00,0.000000000000e+00,7.678121724901e+01,0.000000000000e+00,0.000000000000e+00,0.000000000000e+00,0.000000000000e+00,1.300134493791e-03,1.417146598232e-01,2.668454732596e+02,2.674275207520e+02,0.000000000000e+00,1.137349119664e+00,0.000000000000e+00,5.546300097520e+04,1.090000000000e+02
1.215000000000e+03,1.032381707771e+08,9.353702742546e+04,1.312544546209e+06,6.056335357222e-01,3.584823396985e+02,2.579367226797e-04,2.811510277209e-02,0.000000000000e+00,0.000000000000e+00,7.663054314973e+01,0.000000000000e+00,0.000000000000e+00,0.000000000000e+00,0.000000000000e+00,1.235419107283e-03,1.346606826938e-01,2.669194281505e+02,2.674375915527e+02,0.000000000000e+00,1.137349119664e+00,0.000000000000e+00,5.546381314196e+04,1.090000000000e+02
1.216000000000e+03,1.032380942128e+08,9.361359176085e+04,1.317483715714e+06,6.074557862150e-01,3.587478581338e+02,2.280578542990e-04,2.485830611859e-02,0.000000000000e+00,0.000000000000e+00,7.656433538775e+01,0.000000000000e+00,0.000000000000e+00,0.000000000000e+00,0.000000000000e+00,1.042591435973e-03,1.136424665210e-01,2.669766885067e+02,2.670426025391e+02,0.000000000000e+00,1.137256527072e+00,0.000000000000e+00,5.546443750536e+04,1.090000000000e+02
1.217000000000e+03,1.032380176290e+08,9.369017553760e+04,1.320672948720e+06,6.082620470995e-01,3.591377482136e+02,2.546709595116e-04,2.775913458677e-02,0.000000000000e+00,0.000000000000e+00,7.658377675057e+01,0.000000000000e+00,0.000000000000e+00,0.000000000000e+00,0.000000000000e+00,7.810717201742e-04,8.513681749898e-02,2.670028662987e+02,2.664530639648e+02,0.000000000000e+00,1.136530577231e+00,0.000000000000e+00,5.546472341721e+04,1.090000000000e+02
1.218000000000e+03,1.032379411328e+08,9.376667179028e+04,1.323726278878e+06,6.090960997622e-01,3.594728441116e+02,2.685165499185e-04,2.926830394112e-02,0.000000000000e+00,0.000000000000e+00,7.649625267752e+01,0.000000000000e+00,0.000000000000e+00,0.000000000000e+00,0.000000000000e+00,7.721645737094e-04,8.416593853432e-02,2.670353703070e+02,2.665059814453e+02,0.000000000000e+00,1.136530577231e+00,0.000000000000e+00,5.546507747499e+04,1.090000000000e+02
1.219000000000e+03,1.032378649030e+08,9.384290150823e+04,1.328316375452e+06,6.108906927552e-01,3.596558980065e+02,2.955420845470e-04,3.221408721562e-02,0.000000000000e+00,0.000000000000e+00,7.622971794911e+01,0.000000000000e+00,0.000000000000e+00,0.000000000000e+00,0.000000000000e+00,1.052477888069e-03,1.147200897995e-01,2.670892461730e+02,2.668302612305e+02,0.000000000000e+00,1.136437984639e+00,0.000000000000e+00,5.546565732020e+04,1.090000000000e+02
1.220000000000e+03,1.032377891279e+08,9.391867660724e+04,1.331599890810e+06,6.117786918502e-01,3.600144425890e+02,3.461099081620e-04,3.772597998965e-02,0.000000000000e+00,0.000000000000e+00,7.577509901323e+01,0.000000000000e+00,0.000000000000e+00,0.000000000000e+00,0.000000000000e+00,8.848355301022e-04,9.644707278114e-02,2.671934825563e+02,2.678546447754e+02,0.000000000000e+00,1.136252799454e+00,0.000000000000e+00,5.546676096130e+04,1.090000000000e+02
1.221000000000e+03,1.032377136832e+08,9.399412130935e+04,1.333625665873e+06,6.119980854232e-01,3.604256499308e+02,3.363446615692e-04,3.666156811105e-02,0.000000000000e+00,0.000000000000e+00,7.544470210342e+01,0.000000000000e+00,0.000000000000e+00,0.000000000000e+00,0.000000000000e+00,6.669885846003e-04,7.270175572144e-02,2.673003624597e+02,2.686212768555e+02,0.000000000000e+00,1.135867812754e+00,0.000000000000e+00,5.546787248926e+04,1.090000000000e+02
1.222000000000e+03,1.032376385396e+08,9.406926498187e+04,1.335998963985e+06,6.127519125588e-01,3.606140425016e+02,3.918168370576e-04,4.270803523928e-02,0.000000000000e+00,0.000000000000e+00,7.514367252002e+01,0.000000000000e+00,0.000000000000e+00,0.000000000000e+00,0.000000000000e+00,7.789560900886e-04,8.490621381966e-02,2.674331549445e+02,2.694077758789e+02,0.000000000000e+00,1.134071697695e+00,0.000000000000e+00,5.546922747159e+04,1.090000000000e+02
1.223000000000e+03,1.032375634203e+08,9.414053271890e+04,1.338301243360e+06,6.129045528098e-01,3.611369023884e+02,4.101689076992e-04,4.470841093921e-02,0.000000000000e+00,3.851295205747e+00,7.511903224241e+01,0.000000000000e+00,0.000000000000e+00,0.000000000000e+00,0.000000000000e+00,7.856777483612e-04,8.563887457137e-02,2.675653927564e+02,2.699099731445e+02,0.000000000000e+00,1.133170664225e+00,3.851295205747e+00,5.547054897788e+04,1.090000000000e+02
1.224000000000e+03,1.032374876988e+08,9.420023742287e+04,1.340842327568e+06,6.134720194515e-01,3.614793079109e+02,4.445064412452e-04,4.845120209573e-02,0.000000000000e+00,1.601765069274e+01,7.572235465953e+01,0.000000000000e+00,0.000000000000e+00,0.000000000000e+00,0.000000000000e+00,8.595231620511e-04,9.368802466357e-02,2.677002667113e+02,2.703914794922e+02,0.000000000000e+00,1.131220649406e+00,1.601765069274e+01,5.547186903407e+04,1.090000000000e+02
1.225000000000e+03,1.032374113907e+08,9.425602429616e+04,1.345033464726e+06,6.152215255128e-01,3.615716499182e+02,4.847952454136e-04,5.284268175009e-02,0.000000000000e+00,2.052062686253e+01,7.630750015602e+01,0.000000000000e+00,0.000000000000e+00,0.000000000000e+00,0.000000000000e+00,1.174019960922e-03,1.279681757405e-01,2.678024437798e+02,2.702321166992e+02,0.000000000000e+00,1.130942871628e+00,2.052062686253e+01,5.547284952747e+04,1.090000000000e+02
1.226000000000e+03,1.032373345189e+08,9.431197366640e+04,1.349872952389e+06,6.171547772821e-01,3.617315575838e+02,4.857788329520e-04,5.294989279177e-02,0.000000000000e+00,2.092169147404e+01,7.687106171242e+01,0.000000000000e+00,0.000000000000e+00,0.000000000000e+00,0.000000000000e+00,1.283478337870e-03,1.398991388278e-01,2.678725559123e+02,2.700245056152e+02,0.000000000000e+00,1.129141391958e+00,2.092169147404e+01,5.547351341842e+04,1.090000000000e+02
1.227000000000e+03,1.032372572854e+08,9.436623895951e+04,1.353346355468e+06,6.182832948210e-01,3.619951739162e+02,4.839073319314e-04,5.274589918052e-02,0.000000000000e+00,2.296753408782e+01,7.723282719404e+01,0.000000000000e+00,0.000000000000e+00,0.000000000000e+00,0.000000000000e+00,1.055120423198e-03,1.150081261286e-01,2.679578724081e+02,2.705227355957e+02,0.000000000000e+00,1.128731113023e+00,2.296753408782e+01,5.547431240059e+04,1.090000000000e+02
1.228000000000e+03,1.032371797097e+08,9.441827755414e+04,1.356004791570e+06,6.190014041274e-01,3.622807316763e+02,4.906634397174e-04,5.348231492920e-02,0.000000000000e+00,2.553424331971e+01,7.757283795090e+01,0.000000000000e+00,0.000000000000e+00,0.000000000000e+00,0.000000000000e+00,9.273763166651e-04,1.010840185165e-01,2.680364803442e+02,2.704778747559e+02,0.000000000000e+00,1.127160321836e+00,2.553424331971e+01,5.547503821869e+04,1.090000000000e+02
1.229000000000e+03,1.032371017714e+08,9.446882896978e+04,1.358060448087e+06,6.194849486679e-01,3.625420144204e+02,5.105591456839e-04,5.565094687955e-02,0.000000000000e+00,2.738740988847e+01,7.793882552662e+01,0.000000000000e+00,0.000000000000e+00,0.000000000000e+00,0.000000000000e+00,8.475960463797e-04,9.238796905539e-02,2.681154540965e+02,2.707965087891e+02,0.000000000000e+00,1.126576377817e+00,2.738740988847e+01,5.547575830313e+04,1.090000000000e+02
1.230000000000e+03,1.032370235667e+08,9.451598807069e+04,1.359831337589e+06,6.197408014039e-01,3.628590984443e+02,5.747295327845e-04,6.264551907352e-02,0.000000000000e+00,3.104602695633e+01,7.820512787122e+01,0.000000000000e+00,0.000000000000e+00,0.000000000000e+00,0.000000000000e+00,8.639993501495e-04,9.417592916630e-02,2.682140242084e+02,2.715332641602e+02,0.000000000000e+00,1.126576377817e+00,3.104602695633e+01,5.547664382310e+04,1.090000000000e+02
1.231000000000e+03,1.032369734322e+08,9.453138463832e+04,1.361072352004e+06,6.196944189920e-01,3.632127068600e+02,6.551732987944e-04,7.141388956859e-02,0.000000000000e+00,3.473809187308e+01,5.013465949618e+01,0.000000000000e+00,0.000000000000e+00,0.000000000000e+00,0.000000000000e+00,8.575290754392e-04,9.347066922288e-02,2.682962015827e+02,2.717089233398e+02,0.000000000000e+00,1.125280081520e+00,3.473809187308e+01,5.547736526703e+04,1.090000000000e+02
1.232000000000e+03,1.032369650363e+08,9.449477703795e+04,1.361842911620e+06,6.195132786723e-01,3.635180974666e+02,6.932060004473e-04,7.555945404876e-02,0.000000000000e+00,4.500291916554e+01,8.395318804051e+00,0.000000000000e+00,0.000000000000e+00,0.000000000000e+00,0.000000000000e+00,8.166095460632e-04,8.901044052089e-02,2.684116240583e+02,2.724472961426e+02,0.000000000000e+00,1.123421185318e+00,4.500291916554e+01,5.547835606148e+04,1.090000000000e+02
1.233000000000e+03,1.032369255082e+08,9.448457465357e+04,1.362526875009e+06,6.192867379812e-01,3.638272137613e+02,6.615520127409e-04,7.210916938876e-02,0.000000000000e+00,4.973141022403e+01,3.952902584388e+01,0.000000000000e+00,0.000000000000e+00,0.000000000000e+00,0.000000000000e+00,7.706335281107e-04,8.399905456407e-02,2.685282541769e+02,2.728903503418e+02,0.000000000000e+00,1.122180696882e+00,4.973141022403e+01,5.547934605295e+04,1.090000000000e+02
1.234000000000e+03,1.032371831090e+08,9.456668877154e+04,1.363359504149e+06,6.190897543366e-01,3.641575684224e+02,6.647880389784e-04,7.246189624864e-02,0.000000000000e+00,6.374318991489e+01,-2.575998741050e+02,6.671363633236e-05,7.271786360228e-03,0.000000000000e+00,0.000000000000e+00,8.643657092381e-04,9.421586230695e-02,2.686723018335e+02,2.731107177734e+02,0.000000000000e+00,1.118874296887e+00,6.374318991489e+01,5.548053408222e+04,1.090000000000e+02
1.235000000000e+03,1.032490841650e+08,9.708587303959e+04,1.350707468163e+06,6.128232712777e-01,3.644285687650e+02,5.996880815737e-04,6.536600089154e-02,0.000000000000e+00,3.694428391606e+02,-1.190105492778e+04,2.445475845562e-03,2.665568671662e-01,0.000000000000e+00,0.000000000000e+00,9.292781046551e-04,1.012913134074e-01,2.694936129142e+02,2.735635070801e+02,0.000000000000e+00,9.900343885884e-01,3.694428391606e+02,5.548643010761e+04,1.090000000000e+02
1.236000000000e+03,1.032700899307e+08,1.035651651931e+05,1.323288316842e+06,5.995348131129e-01,3.649022711869e+02,4.847881114909e-04,5.284190415251e-02,0.000000000000e+00,1.530256331131e+03,-2.100576666902e+04,4.502388567286e-03,4.907603538342e-01,2.947881285812e-04,3.213190601535e-02,4.285076233707e-04,4.670733094741e-02,2.705293402705e+02,2.737495727539e+02,0.000000000000e+00,7.411308221809e-01,1.530256331131e+03,5.549279379066e+04,1.090000000000e+02
1.237000000000e+03,1.033258913618e+08,1.331894682131e+05,1.266306722795e+06,5.725844894356e-01,3.655536439131e+02,2.698651057402e-04,2.941529652568e-02,0.000000000000e+00,2.362249249556e+05,-5.580143660628e+04,9.191405137446e-03,1.001863159982e+00,4.397594468290e-02,4.793377970436e+00,0.000000000000e+00,0.000000000000e+00,2.731078017516e+02,2.749679870605e+02,0.000000000000e+00,-5.266010107398e-16,2.362249249556e+05,5.550359884357e+04,1.090000000000e+02
1.238000000000e+03,1.033307929431e+08,1.416157519481e+05,1.180016275633e+06,5.326233492213e-01,3.662014847196e+02,5.748583618282e-05,6.265956143927e-03,0.000000000000e+00,3.490645989416e+05,-4.901561141975e+03,1.420536106155e-02,1.548384355708e+00,4.569530713024e-02,4.980788477196e+00,0.000000000000e+00,0.000000000000e+00,2.730779706694e+02,2.757260437012e+02,0.000000000000e+00,3.240740740697e-03,3.490645989416e+05,5.550352867490e+04,1.090000000000e+02
1.239000000000e+03,1.033341196898e+08,1.568186398966e+05,1.078244439051e+06,4.858721311089e-01,3.668155265714e+02,-5.913846890912e-05,-6.446093111094e-03,0.000000000000e+00,9.860670760360e+04,-3.326754313503e+03,1.688116396186e-02,1.840046871843e+00,2.480590656705e-03,2.703843815809e-01,0.000000000000e+00,0.000000000000e+00,2.730664252868e+02,2.760657348633e+02,0.000000000000e+00,1.851851851823e-03,9.860670760360e+04,5.550350139666e+04,1.090000000000e+02
1.240000000000e+03,1.033364595499e+08,1.712842878166e+05,9.680731890246e+05,4.355444584609e-01,3.673906863673e+02,-1.178911437531e-04,-1.285013466909e-02,0.000000000000e+00,1.132953205412e+05,-2.339858375343e+03,1.832835857218e-02,1.997791084368e+00,3.176331666757e-03,3.462201516765e-01,0.000000000000e+00,0.000000000000e+00,2.730644372178e+02,2.761352539063e+02,0.000000000000e+00,5.370370370348e-03,1.132953205412e+05,5.550349706045e+04,1.090000000000e+02
1.241000000000e+03,1.033381540316e+08,1.838629322445e+05,8.566840982043e+05,3.848425056692e-01,3.679511057930e+02,-1.238090130322e-04,-1.349518242051e-02,0.000000000000e+00,1.301832612569e+05,-1.694481253909e+03,1.853556557088e-02,2.020376647226e+00,5.341994416717e-03,5.822773914221e-01,0.000000000000e+00,0.000000000000e+00,2.730602309698e+02,2.759951782227e+02,0.000000000000e+00,8.333333333302e-03,1.301832612569e+05,5.550348676693e+04,1.090000000000e+02
1.242000000000e+03,1.033394542957e+08,1.959607005225e+05,7.389123331646e+05,3.314574229396e-01,3.684831084252e+02,-1.427309621149e-04,-1.555767487052e-02,0.000000000000e+00,1.201117515326e+05,-1.300262550629e+03,1.960949776158e-02,2.137435256012e+00,2.458674514572e-03,2.679955220883e-01,0.000000000000e+00,0.000000000000e+00,2.730554354909e+02,2.762627258301e+02,0.000000000000e+00,7.129629629612e-03,1.201117515326e+05,5.550347462600e+04,1.090000000000e+02
1.243000000000e+03,1.033404682902e+08,2.077283874425e+05,6.169394199324e+05,2.763656235183e-01,3.689867442847e+02,-1.520834073851e-04,-1.657709140497e-02,0.000000000000e+00,1.181288335057e+05,-1.014005308903e+03,2.031330111755e-02,2.214149821813e+00,1.325236498604e-03,1.444507783478e-01,0.000000000000e+00,0.000000000000e+00,2.730544646987e+02,2.762880859375e+02,0.000000000000e+00,5.648148148139e-03,1.181288335057e+05,5.550347208544e+04,1.090000000000e+02
1.244000000000e+03,1.033412750568e+08,2.185713768600e+05,4.960535660314e+05,2.219389032051e-01,3.694427900603e+02,-1.666501516449e-04,-1.816486652929e-02,0.000000000000e+00,1.189590783890e+05,-8.067628469723e+02,2.014818912676e-02,2.196152614817e+00,1.440482167048e-03,1.570125562083e-01,0.000000000000e+00,0.000000000000e+00,2.730515900490e+02,2.766585998535e+02,0.000000000000e+00,4.259259259258e-03,1.189590783890e+05,5.550346495320e+04,1.090000000000e+02
1.245000000000e+03,1.033418777166e+08,2.293621417425e+05,3.602501347664e+05,1.610551561847e-01,3.697268749756e+02,-2.492496935260e-04,-2.716821659433e-02,0.000000000000e+00,1.268906507269e+05,-6.026491427922e+02,2.269654823518e-02,2.473923757635e+00,1.607838362713e-04,1.752543815357e-02,0.000000000000e+00,0.000000000000e+00,2.730511118536e+02,2.772521362305e+02,0.000000000000e+00,5.925925925934e-03,1.268906507269e+05,5.550346284431e+04,1.090000000000e+02
1.246000000000e+03,1.033421991104e+08,2.387756100356e+05,2.139042822782e+05,9.561888677255e-02,3.697647970568e+02,-2.851185058841e-04,-3.107791714136e-02,0.000000000000e+00,1.557262442637e+05,-3.214063609901e+02,2.447525011910e-02,2.667802262982e+00,2.874247231896e-03,3.132929482767e-01,0.000000000000e+00,0.000000000000e+00,2.730529933332e+02,2.768986206055e+02,0.000000000000e+00,9.722222222262e-03,1.557262442637e+05,5.550346988573e+04,1.090000000000e+02
1.247000000000e+03,1.033425395121e+08,2.469792273072e+05,6.891527833061e+04,3.085831851234e-02,3.691288901637e+02,-2.749036103928e-04,-2.996449353281e-02,0.000000000000e+00,1.565305961236e+05,-3.404367282233e+02,2.424049308646e-02,2.642213746424e+00,3.045120184977e-03,3.319181001625e-01,0.000000000000e+00,0.000000000000e+00,2.730533832878e+02,2.771823425293e+02,0.000000000000e+00,1.074074074078e-02,1.565305961236e+05,5.550347232184e+04,1.090000000000e+02
1.248000000000e+03,1.033435852042e+08,1.161266980492e+05,2.973199239931e+03,1.342450226561e-03,3.660582997543e+02,-3.834644005573e-04,-4.179761966074e-02,3.121086803611e-03,1.994728125892e+05,-8.724782593351e+02,1.103196173214e-02,1.202483828803e+00,2.320555642812e-04,2.529405650665e-02,0.000000000000e+00,0.000000000000e+00,2.736947067766e+02,2.772532348633e+02,1.296296296295e-03,6.481481481521e-03,1.994728125892e+05,5.550429263815e+04,1.090000000000e+02
1.249000000000e+03,1.033407877356e+08,6.524388882992e+04,2.400336124971e+01,1.095211971559e-05,3.624054153124e+02,4.313672215120e-04,4.701902714481e-02,-5.529253648679e-02,5.421272963935e+04,-2.715377049305e+02,4.924999821629e-04,5.368249805576e-02,3.188958296668e-05,3.475964543368e-03,0.000000000000e+00,0.000000000000e+00,2.781363476422e+02,2.775728149414e+02,2.935185185182e-02,7.222222222218e-02,5.421272963935e+04,5.550164793236e+04,1.090000000000e+02
1.250000000000e+03,1.033316860034e+08,4.382088263286e+04,6.010647575481e-01,2.764812547329e-07,3.601693501471e+02,9.453401110299e-04,1.030420721023e-01,-1.082329788463e-01,2.500595553341e+04,3.094624871858e+03,3.907752961893e-06,4.259450728463e-04,2.918956363186e-05,3.181662435872e-03,0.000000000000e+00,0.000000000000e+00,2.792719699173e+02,2.781106567383e+02,4.712962962959e-02,1.028703703703e-01,2.500595553341e+04,5.549834664338e+04,1.090000000000e+02
1.251000000000e+03,1.033239458316e+08,2.653495997550e+04,4.221044410302e-01,1.934163115643e-07,3.605494079372e+02,1.045063100962e-03,1.139118780048e-01,-1.186049289892e-01,2.106659821947e+04,1.157786767120e+03,3.008905845905e-08,3.279707372037e-06,3.904673326334e-04,4.256093925704e-02,0.000000000000e+00,0.000000000000e+00,2.802487585339e+02,2.785783386230e+02,6.537037037031e-02,1.312037037037e-01,2.106659821947e+04,5.549497371632e+04,1.090000000000e+02
1.252000000000e+03,1.033163273455e+08,1.443118867400e+04,4.173613832642e-01,1.908482725311e-07,3.611048674989e+02,1.082988956956e-03,1.180457963082e-01,-1.214760503752e-01,1.561326832186e+04,8.770491979838e+02,7.768661001805e-10,8.467840491967e-08,4.036756069134e-04,4.400064115356e-02,0.000000000000e+00,0.000000000000e+00,2.807233007805e+02,2.790574340820e+02,8.092592592585e-02,1.594444444444e-01,1.561326832186e+04,5.549338245514e+04,1.090000000000e+02
1.253000000000e+03,1.033232565838e+08,6.968135085111e+03,4.169610749527e-01,1.903174474688e-07,3.617027453974e+02,1.149101615365e-03,1.252520760748e-01,-1.273075148865e-01,1.140050700046e+04,-1.399402872785e+04,6.302731104305e-11,6.869976903692e-09,2.945674966244e-03,3.210785713206e-01,0.000000000000e+00,0.000000000000e+00,2.814068281372e+02,2.794629516602e+02,9.583333333325e-02,1.543518518518e-01,1.140050700046e+04,5.549056291476e+04,1.090000000000e+02
1.254000000000e+03,1.033284720240e+08,2.430307153775e+03,4.169348407492e-01,1.899652354869e-07,3.600635806835e+02,1.276224859192e-03,1.391085096520e-01,-1.402662534875e-01,9.727517225648e+03,-1.299913071870e+04,4.088717829065e-12,4.456702433681e-10,2.996515007887e-03,3.266201358597e-01,0.000000000000e+00,0.000000000000e+00,2.816200912882e+02,2.796016235352e+02,1.065740740740e-01,1.531481481481e-01,9.727517225648e+03,5.548980893706e+04,1.090000000000e+02
1.255000000000e+03,1.033197239048e+08,2.169152095380e+01,4.169471117180e-01,1.896187721701e-07,3.607964693532e+02,1.190701791598e-03,1.297864952842e-01,-1.303722187682e-01,6.361359240775e+03,1.513459541998e+03,0.000000000000e+00,0.000000000000e+00,3.978739682050e-04,4.336826253434e-02,0.000000000000e+00,0.000000000000e+00,2.813400385720e+02,2.791690673828e+02,1.205555555555e-01,1.795370370370e-01,6.361359240775e+03,5.549133677397e+04,1.090000000000e+02
1.256000000000e+03,1.033125853193e+08,1.743376809480e+01,4.169340573917e-01,1.892748562348e-07,3.616060058840e+02,1.137125058519e-03,1.239466313785e-01,-1.239056398565e-01,2.677193842590e+03,2.627821145960e+02,0.000000000000e+00,0.000000000000e+00,3.988133757863e-04,4.347065796070e-02,0.000000000000e+00,0.000000000000e+00,2.817317542584e+02,2.793969116211e+02,1.319444444444e-01,2.018518518518e-01,2.677193842590e+03,5.548954012643e+04,1.090000000000e+02
1.257000000000e+03,1.033044317329e+08,1.497015095284e+01,4.169220438547e-01,1.889344319808e-07,3.623686391364e+02,1.148603889282e-03,1.251978239317e-01,-1.251475575553e-01,2.007737272246e+03,1.209075168630e+03,0.000000000000e+00,0.000000000000e+00,1.320641776681e-04,1.439499536582e-02,0.000000000000e+00,0.000000000000e+00,2.820635160983e+02,2.798356933594e+02,1.423148148148e-01,2.258333333333e-01,2.007737272246e+03,5.548793323103e+04,1.090000000000e+02
1.258000000000e+03,1.032983837323e+08,1.424916231013e+01,4.168782150429e-01,1.885971632922e-07,3.631053965280e+02,1.194334838436e-03,1.301824973895e-01,-1.301290107391e-01,1.672835153186e+03,-1.172478429612e+03,0.000000000000e+00,0.000000000000e+00,4.708015969673e-04,5.131737406944e-02,0.000000000000e+00,0.000000000000e+00,2.831818368882e+02,2.808309326172e+02,1.526851851852e-01,2.449074074074e-01,1.672835153186e+03,5.548211334458e+04,1.090000000000e+02
1.259000000000e+03,1.032972172764e+08,1.483127829954e+01,4.168611498026e-01,1.882628950663e-07,3.638247709675e+02,1.220370274642e-03,1.330203599360e-01,-1.329622359093e-01,1.676099830990e+03,-6.210709726681e+03,0.000000000000e+00,0.000000000000e+00,1.304746952429e-03,1.422174178148e-01,0.000000000000e+00,0.000000000000e+00,2.835923891707e+02,2.810282287598e+02,1.637037037037e-01,2.537037037037e-01,1.676099830990e+03,5.547983771753e+04,1.090000000000e+02
1.260000000000e+03,1.032936362473e+08,1.301392313100e+01,4.168645260416e-01,1.879315461245e-07,3.645311359463e+02,1.203594748470e-03,1.311918275832e-01,-1.311336315928e-01,1.602522864343e+03,-3.694558069455e+03,0.000000000000e+00,0.000000000000e+00,8.761277195111e-04,9.549792142671e-02,0.000000000000e+00,0.000000000000e+00,2.835130795275e+02,2.809876098633e+02,1.745370370370e-01,2.672222222222e-01,1.602522864343e+03,5.548028330408e+04,1.090000000000e+02
1.261000000000e+03,1.032858475419e+08,1.141574585439e+01,4.168469374815e-01,1.876030488555e-07,3.652270765133e+02,1.160607368412e-03,1.265062031569e-01,-1.264551545138e-01,1.241645250567e+03,7.728129525462e+02,0.000000000000e+00,0.000000000000e+00,7.768900909353e-05,8.468101991194e-03,0.000000000000e+00,0.000000000000e+00,2.839245944717e+02,2.814077453613e+02,1.835185185185e-01,2.883333333333e-01,1.241645250567e+03,5.547794638171e+04,1.090000000000e+02
1.262000000000e+03,1.032893212822e+08,1.536128096387e+01,4.168574308833e-01,1.872776215731e-07,3.659142655732e+02,1.130668334260e-03,1.232428484344e-01,-1.231878538055e-01,1.413422496549e+03,-1.030827970640e+04,0.000000000000e+00,0.000000000000e+00,1.939490691195e-03,2.114044853403e-01,0.000000000000e+00,0.000000000000e+00,2.836953005020e+02,2.810485839844e+02,1.916666666666e-01,2.868518518518e-01,1.413422496549e+03,5.547925711223e+04,1.090000000000e+02
1.263000000000e+03,1.034209438631e+08,1.093571572649e+04,4.168853092922e-01,1.869546649490e-07,3.665938582388e+02,1.815846716832e-03,1.979272921346e-01,-1.808111083400e-01,2.447922556577e+05,-1.416545353682e+05,0.000000000000e+00,0.000000000000e+00,6.586420594978e-02,7.179198448527e+00,0.000000000000e+00,0.000000000000e+00,2.830440039437e+02,2.814255371094e+02,1.994444444444e-01,9.259259259014e-05,2.447922556577e+05,5.548286881258e+04,1.090000000000e+02
1.264000000000e+03,1.034238524110e+08,1.497479409616e+03,4.168825492838e-01,1.866344069097e-07,3.672666921622e+02,2.315968037496e-03,2.524405160871e-01,-2.206479993908e-01,3.717810956217e+05,-1.515100133220e+04,0.000000000000e+00,0.000000000000e+00,6.271184926325e-02,6.835591569694e+00,0.000000000000e+00,0.000000000000e+00,2.831148550073e+02,2.815067443848e+02,2.093518518518e-01,1.120370370371e-02,3.717810956217e+05,5.548248385561e+04,1.090000000000e+02
1.265000000000e+03,1.034040491185e+08,3.306881129484e+01,4.168479230636e-01,1.863168047462e-07,3.679333986708e+02,2.089640652307e-03,2.277708311014e-01,-2.273085405363e-01,9.499260434543e+03,7.191794845069e+03,0.000000000000e+00,0.000000000000e+00,1.435920755690e-04,1.565153623703e-02,0.000000000000e+00,0.000000000000e+00,2.839330756851e+02,2.821379394531e+02,2.193518518518e-01,8.666666666663e-02,9.499260434543e+03,5.547789841426e+04,1.090000000000e+02
1.266000000000e+03,1.033904040913e+08,2.775860122759e+01,4.168369924914e-01,1.860018161125e-07,3.685944687046e+02,1.811047330056e-03,1.974041589761e-01,-1.972829204928e-01,5.751748348168e+03,2.699994968335e+03,0.000000000000e+00,0.000000000000e+00,5.048519925567e-04,5.502886718868e-02,0.000000000000e+00,0.000000000000e+00,2.841804227515e+02,2.824451293945e+02,2.293518518518e-01,1.196296296296e-01,5.751748348168e+03,5.547646151893e+04,1.090000000000e+02
1.267000000000e+03,1.033861084271e+08,2.714685370936e+01,4.168350104582e-01,1.856894008167e-07,3.692502940730e+02,1.605553934392e-03,1.750053788487e-01,-1.749015755141e-01,4.804548383952e+03,-5.407527865031e+03,0.000000000000e+00,0.000000000000e+00,1.689612016450e-03,1.841677097930e-01,0.000000000000e+00,0.000000000000e+00,2.842243680977e+02,2.823237609863e+02,2.391666666666e-01,1.343518518518e-01,4.804548383952e+03,5.547620392937e+04,1.090000000000e+02
1.268000000000e+03,1.033798460989e+08,2.406672484963e+01,4.168384385969e-01,1.853795199372e-07,3.699011944064e+02,1.503456300865e-03,1.638767367943e-01,-1.637807755081e-01,4.471798307569e+03,-2.823924961198e+03,0.000000000000e+00,0.000000000000e+00,1.206845945052e-03,1.315462080106e-01,0.000000000000e+00,0.000000000000e+00,2.841452802201e+02,2.824651489258e+02,2.438888888888e-01,1.516666666667e-01,4.471798307569e+03,5.547666701287e+04,1.090000000000e+02
1.269000000000e+03,1.033697068411e+08,2.136553395004e+01,4.168329244838e-01,1.850721357608e-07,3.705474354038e+02,1.452733630666e-03,1.583479657426e-01,-1.582607737834e-01,3.486628482702e+03,1.359276530994e+03,0.000000000000e+00,0.000000000000e+00,3.521204082064e-04,3.838112449450e-02,0.000000000000e+00,0.000000000000e+00,2.842682514659e+02,2.821457519531e+02,2.500000000000e-01,1.769444444444e-01,3.486628482702e+03,5.547594585271e+04,1.090000000000e+02
1.270000000000e+03,1.033648846160e+08,2.100117986223e+01,4.168163035084e-01,1.847672115428e-07,3.711892415663e+02,1.485298627087e-03,1.618975503525e-01,-1.618087645680e-01,3.130071956192e+03,-4.154356612603e+03,0.000000000000e+00,0.000000000000e+00,1.205399430682e-03,1.313885379443e-01,0.000000000000e+00,0.000000000000e+00,2.846377596551e+02,2.825447692871e+02,2.600000000000e-01,1.910185185185e-01,3.130071956192e+03,5.547374683858e+04,1.090000000000e+02
1.271000000000e+03,1.033715274079e+08,2.445254138132e+01,4.167969117680e-01,1.844647114142e-07,3.718268053156e+02,1.518003432676e-03,1.654623741617e-01,-1.653646556427e-01,3.530946707511e+03,-1.581625792214e+04,0.000000000000e+00,0.000000000000e+00,3.201175261013e-03,3.489281034505e-01,0.000000000000e+00,0.000000000000e+00,2.850620010387e+02,2.828715820313e+02,2.697222222222e-01,1.838888888889e-01,3.530946707511e+03,5.547116703697e+04,1.090000000000e+02
1.272000000000e+03,1.034113527217e+08,4.131571788404e+01,4.168288290267e-01,1.841646000888e-07,3.724602936702e+02,1.668042518815e-03,1.818166345508e-01,-1.816835073383e-01,6.293777770716e+03,-4.990416357253e+04,0.000000000000e+00,0.000000000000e+00,9.298092637306e-03,1.013492097466e+00,0.000000000000e+00,0.000000000000e+00,2.843629383368e+02,2.822342224121e+02,2.750925925926e-01,1.125000000000e-01,6.293777770716e+03,5.547538372455e+04,1.090000000000e+02
1.273000000000e+03,1.034283816593e+08,4.278437685539e+01,4.168556134454e-01,1.838668443578e-07,3.730898532317e+02,1.924959475419e-03,2.098205828207e-01,-2.092580479090e-01,1.292859625643e+04,-2.863833639079e+04,0.000000000000e+00,0.000000000000e+00,6.879354297830e-03,7.498496184635e-01,0.000000000000e+00,0.000000000000e+00,2.837530577852e+02,2.820247192383e+02,2.801851851852e-01,8.157407407406e-02,1.292859625643e+04,5.547892472977e+04,1.090000000000e+02
1.274000000000e+03,1.034102443443e+08,3.264867907680e+01,4.168123750695e-01,1.835714105700e-07,3.737156139727e+02,1.735349378895e-03,1.891530822996e-01,-1.890159490666e-01,8.087699881175e+03,7.651143784235e+03,0.000000000000e+00,0.000000000000e+00,7.173216534255e-05,7.818806022337e-03,0.000000000000e+00,0.000000000000e+00,2.847287552650e+02,2.832162170410e+02,2.900925925926e-01,1.264814814814e-01,8.087699881175e+03,5.547319564604e+04,1.090000000000e+02
1.275000000000e+03,1.033951291870e+08,2.653464107130e+01,4.167724675211e-01,1.832782659891e-07,3.743376921592e+02,1.652663224621e-03,1.801402914836e-01,-1.800228010173e-01,5.484547604654e+03,5.128885506808e+03,0.000000000000e+00,0.000000000000e+00,5.883960872344e-05,6.413517350855e-03,0.000000000000e+00,0.000000000000e+00,2.855865079722e+02,2.837638244629e+02,2.965740740740e-01,1.600925925926e-01,5.484547604654e+03,5.546790265913e+04,1.090000000000e+02
1.276000000000e+03,1.033825772385e+08,2.263756916917e+01,4.167689743829e-01,1.829873787681e-07,3.749561926369e+02,1.536307857807e-03,1.674575565010e-01,-1.673567585678e-01,4.006330190685e+03,3.268766109356e+03,0.000000000000e+00,0.000000000000e+00,1.222266363272e-04,1.332270335966e-02,0.000000000000e+00,0.000000000000e+00,2.856585309724e+02,2.838768920898e+02,3.003703703703e-01,1.887037037037e-01,4.006330190685e+03,5.546744939720e+04,1.090000000000e+02
1.277000000000e+03,1.033721175443e+08,2.001969587501e+01,4.167834351172e-01,1.826987176733e-07,3.755712106417e+02,1.420145532707e-03,1.547958630651e-01,-1.547070906887e-01,3.161444518129e+03,1.878067755953e+03,0.000000000000e+00,0.000000000000e+00,2.126085650372e-04,2.317433358905e-02,0.000000000000e+00,0.000000000000e+00,2.853505814727e+02,2.833965148926e+02,3.103703703703e-01,2.130555555555e-01,3.161444518129e+03,5.546938139082e+04,1.090000000000e+02
1.278000000000e+03,1.033621583868e+08,1.780128935498e+01,4.167890387204e-01,1.824122521324e-07,3.761828332504e+02,1.357223173139e-03,1.479373258722e-01,-1.478563245078e-01,2.600829923745e+03,1.757358689394e+03,0.000000000000e+00,0.000000000000e+00,1.398447728640e-04,1.524308024218e-02,0.000000000000e+00,0.000000000000e+00,2.852289249052e+02,2.832008056641e+02,3.187962962962e-01,2.358333333333e-01,2.600829923745e+03,5.547013727580e+04,1.090000000000e+02
1.279000000000e+03,1.033781011356e+08,2.686335158529e+01,4.167790042935e-01,1.821279526623e-07,3.767911405545e+02,1.367581594997e-03,1.490663938547e-01,-1.489740775847e-01,3.294485563046e+03,-2.420649120939e+04,0.000000000000e+00,0.000000000000e+00,4.550829227398e-03,4.960403857863e-01,0.000000000000e+00,0.000000000000e+00,2.854428869127e+02,2.836847839355e+02,3.213888888888e-01,2.100925925926e-01,3.294485563046e+03,5.546880414462e+04,1.090000000000e+02
1.280000000000e+03,1.033899460721e+08,2.482893154064e+01,4.167848774023e-01,1.818457890227e-07,3.773962066186e+02,1.482866861210e-03,1.616324878718e-01,-1.615194525455e-01,4.863216096823e+03,-2.080456576911e+04,0.000000000000e+00,0.000000000000e+00,4.245979900743e-03,4.628118091810e-01,0.000000000000e+00,0.000000000000e+00,2.853200468553e+02,2.836751708984e+02,3.337037037036e-01,1.926851851852e-01,4.863216096823e+03,5.546957026621e+04,1.090000000000e+02
1.281000000000e+03,1.033780029883e+08,2.057482353338e+01,4.167900137893e-01,1.815657329116e-07,3.779981002714e+02,1.414387907457e-03,1.541682819129e-01,-1.540757083614e-01,3.450777170467e+03,3.396275201482e+03,0.000000000000e+00,0.000000000000e+00,9.124900397857e-06,9.946141433664e-04,0.000000000000e+00,0.000000000000e+00,2.852084395431e+02,2.835539245605e+02,3.469444444444e-01,2.194444444444e-01,3.450777170467e+03,5.547026328313e+04,1.090000000000e+02
1.282000000000e+03,1.033678791258e+08,1.831073830704e+01,4.167807129729e-01,1.812877561461e-07,3.785968857616e+02,1.347539280446e-03,1.468817815687e-01,-1.467998105606e-01,2.703483101807e+03,1.980702612374e+03,0.000000000000e+00,0.000000000000e+00,1.198868085298e-04,1.306766212975e-02,0.000000000000e+00,0.000000000000e+00,2.854060628201e+02,2.836198730469e+02,3.592592592592e-01,2.424074074074e-01,2.703483101807e+03,5.546903495950e+04,1.090000000000e+02
1.283000000000e+03,1.033605091060e+08,1.729242544491e+01,4.167921342520e-01,1.810118310904e-07,3.791926233075e+02,1.244075271159e-03,1.356042045563e-01,-1.355302246125e-01,2.341418708898e+03,-1.480216926642e+02,0.000000000000e+00,0.000000000000e+00,4.122147343742e-04,4.493140604678e-02,0.000000000000e+00,0.000000000000e+00,2.851618420147e+02,2.832793273926e+02,3.706481481480e-01,2.592592592592e-01,2.341418708898e+03,5.547055249846e+04,1.090000000000e+02
1.284000000000e+03,1.033562620082e+08,1.715760198433e+01,4.167876601816e-01,1.807379307511e-07,3.797853695601e+02,1.154526970328e-03,1.258434397658e-01,-1.257752060912e-01,2.230336406394e+03,-2.729873494464e+03,0.000000000000e+00,0.000000000000e+00,8.209529664342e-04,8.948387334133e-02,0.000000000000e+00,0.000000000000e+00,2.852576983883e+02,2.832844848633e+02,3.812037037036e-01,2.706481481481e-01,2.230336406394e+03,5.546995930110e+04,1.090000000000e+02
1.285000000000e+03,1.033506317756e+08,1.565863705388e+01,4.167974398590e-01,1.804660285071e-07,3.803751779956e+02,1.096989512632e-03,1.195718568769e-01,-1.195085336981e-01,2.083869911502e+03,-9.991537018315e+02,0.000000000000e+00,0.000000000000e+00,5.102118999248e-04,5.561309709180e-02,0.000000000000e+00,0.000000000000e+00,2.850473988308e+02,2.829555969238e+02,3.920370370369e-01,2.845370370370e-01,2.083869911502e+03,5.547125785606e+04,1.090000000000e+02
1.286000000000e+03,1.033429824606e+08,1.447014784573e+01,4.168219847255e-01,1.801960981307e-07,3.809620992505e+02,1.002992579555e-03,1.093261911715e-01,-1.092714809122e-01,1.768233493678e+03,1.587554062721e+03,0.000000000000e+00,0.000000000000e+00,3.016590804117e-05,3.288083976488e-03,0.000000000000e+00,0.000000000000e+00,2.845090260161e+02,2.824926147461e+02,4.022222222222e-01,3.008333333333e-01,1.768233493678e+03,5.547451935359e+04,1.090000000000e+02
1.287000000000e+03,1.033385136955e+08,1.478684430300e+01,4.167990321120e-01,1.799281142626e-07,3.815461814092e+02,9.885834296556e-04,1.077555938325e-01,-1.077013973809e-01,1.687894473850e+03,-1.505896997151e+03,0.000000000000e+00,0.000000000000e+00,5.287322752370e-04,5.763181800083e-02,0.000000000000e+00,0.000000000000e+00,2.850113873803e+02,2.827685852051e+02,4.119444444444e-01,3.114814814815e-01,1.687894473850e+03,5.547147877924e+04,1.090000000000e+02
1.288000000000e+03,1.033332814496e+08,1.355570735556e+01,4.167710956667e-01,1.796620516511e-07,3.821274702522e+02,1.036454112282e-03,1.129734982388e-01,-1.129170758293e-01,1.631473278140e+03,-1.031382952366e+03,0.000000000000e+00,0.000000000000e+00,4.407017835034e-04,4.803649440187e-02,0.000000000000e+00,0.000000000000e+00,2.856069519502e+02,2.836785278320e+02,4.215740740740e-01,3.223148148148e-01,1.631473278140e+03,5.546777546517e+04,1.090000000000e+02
1.289000000000e+03,1.033276327587e+08,1.333851865000e+01,4.167548940811e-01,1.793978858175e-07,3.827060094710e+02,1.072655410578e-03,1.169194397530e-01,-1.168636978858e-01,1.458460032384e+03,-8.335324372326e+02,0.000000000000e+00,0.000000000000e+00,3.795500243014e-04,4.137095264885e-02,0.000000000000e+00,0.000000000000e+00,2.859448211035e+02,2.839899291992e+02,4.316666666666e-01,3.348148148148e-01,1.458460032384e+03,5.546563203233e+04,1.090000000000e+02
1.290000000000e+03,1.033259845523e+08,1.422994348617e+01,4.167634890920e-01,1.791355927332e-07,3.832818408556e+02,1.044144031961e-03,1.138116994838e-01,-1.137563528864e-01,1.535558298122e+03,-4.661603471941e+03,0.000000000000e+00,0.000000000000e+00,1.025661160144e-03,1.117970664557e-01,0.000000000000e+00,0.000000000000e+00,2.857663856244e+02,2.839898071289e+02,4.419444444444e-01,3.408333333333e-01,1.535558298122e+03,5.546676777344e+04,1.090000000000e+02
1.291000000000e+03,1.033225494272e+08,1.291594297356e+01,4.167620194980e-01,1.788751482768e-07,3.838550044586e+02,9.867173392647e-04,1.075521899799e-01,-1.075000496463e-01,1.529546326604e+03,-2.527711685585e+03,0.000000000000e+00,0.000000000000e+00,6.713157272503e-04,7.317341427029e-02,0.000000000000e+00,0.000000000000e+00,2.857967625182e+02,2.841086730957e+02,4.518518518518e-01,3.498148148148e-01,1.529546326604e+03,5.546657498382e+04,1.090000000000e+02
1.292000000000e+03,1.033202969528e+08,1.384708694422e+01,4.167792857745e-01,1.786165253353e-07,3.844255387394e+02,9.595074161940e-04,1.045863083651e-01,-1.045352569541e-01,1.436253230317e+03,-3.546012199366e+03,0.000000000000e+00,0.000000000000e+00,8.246577590361e-04,8.988769573494e-02,0.000000000000e+00,0.000000000000e+00,2.854328415264e+02,2.834442443848e+02,4.619444444444e-01,3.558333333333e-01,1.436253230317e+03,5.546886849883e+04,1.090000000000e+02
1.293000000000e+03,1.033193894045e+08,1.334910182755e+01,4.168066380741e-01,1.783597092878e-07,3.849934806914e+02,9.184705404042e-04,1.001132889041e-01,-1.000613811276e-01,1.531180460650e+03,-4.643064204959e+03,0.000000000000e+00,0.000000000000e+00,1.021537845485e-03,1.113476251578e-01,0.000000000000e+00,0.000000000000e+00,2.848436078885e+02,2.832254028320e+02,4.715740740740e-01,3.605555555555e-01,1.531180460650e+03,5.547250293669e+04,1.090000000000e+02
1.294000000000e+03,1.033152757262e+08,1.245077599070e+01,4.168175109015e-01,1.781046733616e-07,3.855588659547e+02,8.643622306641e-04,9.421548314238e-02,-9.416883628956e-02,1.373048621755e+03,-1.110295647952e+03,0.000000000000e+00,0.000000000000e+00,4.109652048070e-04,4.479520732397e-02,0.000000000000e+00,0.000000000000e+00,2.846048574932e+02,2.828412170410e+02,4.811111111110e-01,3.699074074074e-01,1.373048621755e+03,5.547394534290e+04,1.090000000000e+02
1.295000000000e+03,1.033197864690e+08,1.589454947049e+01,4.168353852191e-01,1.778513957076e-07,3.861217289163e+02,8.311080491323e-04,9.059077735542e-02,-9.054177921195e-02,1.591880380716e+03,-9.533670789222e+03,0.000000000000e+00,0.000000000000e+00,1.840902541784e-03,2.006583770545e-01,0.000000000000e+00,0.000000000000e+00,2.842046002469e+02,2.824974670410e+02,4.899074074073e-01,3.656481481481e-01,1.591880380716e+03,5.547632017903e+04,1.090000000000e+02
1.296000000000e+03,1.033237183278e+08,1.458456719879e+01,4.168464005861e-01,1.775998546362e-07,3.866821027997e+02,8.150547990434e-04,8.884097309573e-02,-8.878801067148e-02,1.904986492881e+03,-8.857657645107e+03,0.000000000000e+00,0.000000000000e+00,1.780091928810e-03,1.940300202403e-01,0.000000000000e+00,0.000000000000e+00,2.839538312096e+02,2.821470336914e+02,4.945370370369e-01,3.624074074074e-01,1.904986492881e+03,5.547777917349e+04,1.090000000000e+02
1.297000000000e+03,1.033278285733e+08,1.686006432910e+01,4.168457078745e-01,1.773500286721e-07,3.872400197451e+02,7.823961786106e-04,8.528118346856e-02,-8.523108801348e-02,1.869359815441e+03,-8.838768558048e+03,0.000000000000e+00,0.000000000000e+00,1.771618099933e-03,1.931063728927e-01,0.000000000000e+00,0.000000000000e+00,2.839699494015e+02,2.823159179688e+02,5.037037037036e-01,3.576851851852e-01,1.869359815441e+03,5.547768608300e+04,1.090000000000e+02
1.298000000000e+03,1.033311124070e+08,1.552846694091e+01,4.168353086028e-01,1.771018971318e-07,3.877955108812e+02,8.070830969361e-04,8.797205756604e-02,-8.791856345426e-02,2.091562386841e+03,-8.161394336824e+03,0.000000000000e+00,0.000000000000e+00,1.695797215321e-03,1.848418964700e-01,0.000000000000e+00,0.000000000000e+00,2.842062940544e+02,2.824949340820e+02,5.136111111110e-01,3.558333333333e-01,2.091562386841e+03,5.547630987046e+04,1.090000000000e+02
1.299000000000e+03,1.033324413457e+08,1.646874491997e+01,4.168212491086e-01,1.768554397650e-07,3.883486063900e+02,8.479608065471e-04,9.242772791363e-02,-9.237339922592e-02,1.934892885603e+03,-6.453501750531e+03,0.000000000000e+00,0.000000000000e+00,1.387884086892e-03,1.512793654712e-01,0.000000000000e+00,0.000000000000e+00,2.845211568577e+02,2.828835449219e+02,5.213888888889e-01,3.568518518518e-01,1.934892885603e+03,5.547444587397e+04,1.090000000000e+02
1.300000000000e+03,1.033321058500e+08,1.482476340466e+01,4.168566863515e-01,1.766106361105e-07,3.888993355657e+02,8.388026744546e-04,9.142949151555e-02,-9.137472086076e-02,1.952129498777e+03,-4.733785382572e+03,0.000000000000e+00,0.000000000000e+00,1.105894143279e-03,1.205424616174e-01,0.000000000000e+00,0.000000000000e+00,2.837150978893e+02,2.819721069336e+02,5.270370370370e-01,3.589814814815e-01,1.952129498777e+03,5.547914577217e+04,1.090000000000e+02
1.301000000000e+03,1.033265533070e+08,1.356248647470e+01,4.168643344740e-01,1.763674663331e-07,3.894477268674e+02,7.820919569385e-04,8.524802330630e-02,-8.520249609502e-02,1.594016318996e+03,8.254467542292e+02,0.000000000000e+00,0.000000000000e+00,1.272906544929e-04,1.387468133972e-02,0.000000000000e+00,0.000000000000e+00,2.835347744401e+02,2.819758911133e+02,5.340740740740e-01,3.707407407407e-01,1.594016318996e+03,5.548016333438e+04,1.090000000000e+02
1.302000000000e+03,1.033614916956e+08,2.809037521415e+01,4.168537304177e-01,1.761259110213e-07,3.899938079680e+02,8.232668979376e-04,8.973609187520e-02,-8.966948584143e-02,3.055286206592e+03,-3.991328804038e+04,0.000000000000e+00,0.000000000000e+00,7.108502327505e-03,7.748267536981e-01,0.000000000000e+00,0.000000000000e+00,2.837825867844e+02,2.819118041992e+02,5.436111111111e-01,3.164814814815e-01,3.055286206592e+03,5.547876012202e+04,1.090000000000e+02
1.303000000000e+03,1.033895978322e+08,2.492511468655e+01,4.168596868113e-01,1.758859506602e-07,3.905376057977e+02,9.668949596804e-04,1.053915506052e-01,-1.052975221420e-01,5.231688614766e+03,-3.394807248410e+04,0.000000000000e+00,0.000000000000e+00,6.479295629601e-03,7.062432236265e-01,0.000000000000e+00,0.000000000000e+00,2.836458494809e+02,2.818783264160e+02,5.513888888888e-01,2.720370370370e-01,5.231688614766e+03,5.547953581312e+04,1.090000000000e+02
1.304000000000e+03,1.033809463517e+08,2.025167400145e+01,4.168691931355e-01,1.756475671151e-07,3.910791465846e+02,9.019796949376e-04,9.831578674820e-02,-9.824690516818e-02,3.386006788177e+03,3.200625878972e+03,0.000000000000e+00,0.000000000000e+00,3.050093932848e-05,3.324602386804e-03,0.000000000000e+00,0.000000000000e+00,2.834219036682e+02,2.820270385742e+02,5.550925925925e-01,2.904629629630e-01,3.386006788177e+03,5.548079282724e+04,1.090000000000e+02
1.305000000000e+03,1.033770773177e+08,1.953301099885e+01,4.168868951877e-01,1.754107415051e-07,3.916184558911e+02,8.052855801369e-04,8.777612823492e-02,-8.772009554252e-02,2.800399515133e+03,-9.979322585652e+02,0.000000000000e+00,0.000000000000e+00,6.284595139597e-04,6.850208702161e-02,0.000000000000e+00,0.000000000000e+00,2.829923764659e+02,2.817007446289e+02,5.638888888888e-01,2.999074074074e-01,2.800399515133e+03,5.548314277895e+04,1.090000000000e+02
1.306000000000e+03,1.033754021559e+08,1.881514987341e+01,4.168830485703e-01,1.751754557753e-07,3.921555586483e+02,7.684906996961e-04,8.376548626688e-02,-8.371361504182e-02,2.678722510248e+03,-2.969584400531e+03,0.000000000000e+00,0.000000000000e+00,9.343166474182e-04,1.018405145686e-01,0.000000000000e+00,0.000000000000e+00,2.830865051467e+02,2.819637756348e+02,5.717592592592e-01,3.056481481481e-01,2.678722510248e+03,5.548263455528e+04,1.090000000000e+02
1.307000000000e+03,1.033708940540e+08,1.726327950390e+01,4.168802381627e-01,1.749416920037e-07,3.926904791865e+02,7.720835993042e-04,8.415711232416e-02,-8.410568358920e-02,2.416125544376e+03,-1.583634978502e+02,0.000000000000e+00,0.000000000000e+00,4.259093845593e-04,4.642412291697e-02,0.000000000000e+00,0.000000000000e+00,2.831553784703e+02,2.817910766602e+02,5.755555555555e-01,3.157407407407e-01,2.416125544376e+03,5.548226080178e+04,1.090000000000e+02
1.308000000000e+03,1.033649750511e+08,1.611552872766e+01,4.168963719099e-01,1.747094325553e-07,3.932232412644e+02,7.418359930960e-04,8.086012324747e-02,-8.081170740655e-02,2.104446369029e+03,1.435223972518e+03,0.000000000000e+00,0.000000000000e+00,1.109025642168e-04,1.208837949963e-02,0.000000000000e+00,0.000000000000e+00,2.827561139867e+02,2.815087585449e+02,5.838888888888e-01,3.278703703704e-01,2.104446369029e+03,5.548440150159e+04,1.090000000000e+02
1.309000000000e+03,1.033591400153e+08,1.524918505494e+01,4.168993489014e-01,1.744786602062e-07,3.937538680956e+02,6.971432731398e-04,7.598861677224e-02,-7.594522777326e-02,1.898723795033e+03,1.621179127797e+03,0.000000000000e+00,0.000000000000e+00,4.613794323851e-05,5.029035812997e-03,0.000000000000e+00,0.000000000000e+00,2.826803592048e+02,2.814277343750e+02,5.914814814814e-01,3.394444444444e-01,1.898723795033e+03,5.548479937527e+04,1.090000000000e+02
1.310000000000e+03,1.033547049346e+08,1.511394466849e+01,4.168952539845e-01,1.742493489333e-07,3.942823823727e+02,6.868280006709e-04,7.486425207313e-02,-7.482275324598e-02,1.801457427162e+03,2.835121140614e+02,0.000000000000e+00,0.000000000000e+00,2.513405972769e-04,2.739612510318e-02,0.000000000000e+00,0.000000000000e+00,2.827827206180e+02,2.813230285645e+02,5.944444444444e-01,3.487962962963e-01,1.801457427162e+03,5.548426097982e+04,1.090000000000e+02
1.311000000000e+03,1.033522589519e+08,1.520026109728e+01,4.169124959906e-01,1.740214998067e-07,3.948088062906e+02,6.712795989992e-04,7.316947629092e-02,-7.312865481632e-02,1.807973730053e+03,-1.611655298128e+03,0.000000000000e+00,0.000000000000e+00,5.658024204810e-04,6.167246383243e-02,0.000000000000e+00,0.000000000000e+00,2.823406118247e+02,2.810931091309e+02,6.036111111110e-01,3.542592592592e-01,1.807973730053e+03,5.548655084163e+04,1.090000000000e+02
1.312000000000e+03,1.033493138839e+08,1.472038059108e+01,4.169165322523e-01,1.737950869580e-07,3.953331615677e+02,6.447942069280e-04,7.028256855515e-02,-7.024428012976e-02,1.772320024900e+03,-9.526189357644e+02,0.000000000000e+00,0.000000000000e+00,4.508121297245e-04,4.913852213997e-02,0.000000000000e+00,0.000000000000e+00,2.822339836528e+02,2.810392150879e+02,6.062962962962e-01,3.610185185185e-01,1.772320024900e+03,5.548708890160e+04,1.090000000000e+02
1.313000000000e+03,1.033498687589e+08,1.615836967775e+01,4.169229765224e-01,1.735700955251e-07,3.958554694651e+02,6.070472028834e-04,6.616814511429e-02,-6.613121197503e-02,1.840752536575e+03,-4.224379599236e+03,0.000000000000e+00,0.000000000000e+00,1.003377823308e-03,1.093681827406e-01,0.000000000000e+00,0.000000000000e+00,2.820628766387e+02,2.811347045898e+02,6.137962962962e-01,3.619444444444e-01,1.840752536575e+03,5.548794114213e+04,1.090000000000e+02
1.314000000000e+03,1.033494320608e+08,1.513832950906e+01,4.169103221752e-01,1.733465086526e-07,3.963757508056e+02,5.924903468198e-04,6.458144780336e-02,-6.454444553073e-02,1.953238433348e+03,-3.144736511142e+03,0.000000000000e+00,0.000000000000e+00,8.430653778033e-04,9.189412618056e-02,0.000000000000e+00,0.000000000000e+00,2.823968997200e+02,2.814194335938e+02,6.204629629629e-01,3.643518518518e-01,1.953238433348e+03,5.548626430011e+04,1.090000000000e+02
1.315000000000e+03,1.033451659162e+08,1.445011470137e+01,4.169368018490e-01,1.731243113461e-07,3.968940259909e+02,5.750919718944e-04,6.268502493649e-02,-6.265095950885e-02,1.713118751500e+03,7.897143695352e+02,0.000000000000e+00,0.000000000000e+00,1.528663733211e-04,1.666243469200e-02,0.000000000000e+00,0.000000000000e+00,2.816840223399e+02,2.805650024414e+02,6.240740740740e-01,3.731481481481e-01,1.713118751500e+03,5.548977436937e+04,1.090000000000e+02
1.316000000000e+03,1.033444425276e+08,1.538240775405e+01,4.169414918360e-01,1.729034869001e-07,3.974103150171e+02,5.365055389893e-04,5.847910374984e-02,-5.844645469048e-02,1.743862431765e+03,-2.519848005041e+03,0.000000000000e+00,0.000000000000e+00,7.053771981373e-04,7.688611459697e-02,0.000000000000e+00,0.000000000000e+00,2.815513937773e+02,2.805459594727e+02,6.312037037036e-01,3.754629629629e-01,1.743862431765e+03,5.549039806665e+04,1.090000000000e+02
1.317000000000e+03,1.033439861882e+08,1.485817636250e+01,4.169477159315e-01,1.726840220531e-07,3.979246374907e+02,5.482049941844e-04,5.975434436610e-02,-5.971984815561e-02,1.825178492982e+03,-2.857600681219e+03,0.000000000000e+00,0.000000000000e+00,7.744310311686e-04,8.441298239738e-02,0.000000000000e+00,0.000000000000e+00,2.813716535092e+02,2.801643371582e+02,6.341666666666e-01,3.779629629629e-01,1.825178492982e+03,5.549122781097e+04,1.090000000000e+02
1.318000000000e+03,1.033404122535e+08,1.409176741278e+01,4.169412159410e-01,1.724659006424e-07,3.984370126420e+02,5.674632671661e-04,6.185349612111e-02,-6.181918273929e-02,1.662609478914e+03,1.435020953722e+02,0.000000000000e+00,0.000000000000e+00,2.513370216774e-04,2.739573536284e-02,0.000000000000e+00,0.000000000000e+00,2.815578637095e+02,2.803503723145e+02,6.407407407406e-01,3.852777777778e-01,1.662609478914e+03,5.549036732044e+04,1.090000000000e+02
1.319000000000e+03,1.033374990640e+08,1.418269571915e+01,4.169632527849e-01,1.722500954822e-07,3.989474593392e+02,5.069944631539e-04,5.526239648378e-02,-5.523227249383e-02,1.597847744079e+03,-1.517737265367e+02,0.000000000000e+00,0.000000000000e+00,2.895467162011e-04,3.156059206592e-02,0.000000000000e+00,0.000000000000e+00,2.809822951659e+02,2.799125366211e+02,6.440740740740e-01,3.913888888889e-01,1.597847744079e+03,5.549296499790e+04,1.090000000000e+02
1.320000000000e+03,1.033353232271e+08,1.404067486793e+01,4.169640493729e-01,1.720346162651e-07,3.994559961003e+02,4.499230562525e-04,4.904161313152e-02,-4.901450735726e-02,1.606794215001e+03,-5.441534632534e+02,0.000000000000e+00,0.000000000000e+00,3.558242128222e-04,3.878483919762e-02,0.000000000000e+00,0.000000000000e+00,2.809575763028e+02,2.800462036133e+02,6.475925925925e-01,3.962962962963e-01,1.606794215001e+03,5.549307217415e+04,1.090000000000e+02
1.321000000000e+03,1.033336996804e+08,1.416783083343e+01,4.169815750040e-01,1.718204373170e-07,3.999626411055e+02,4.327567250975e-04,4.717048303562e-02,-4.714389670438e-02,1.599707451208e+03,-9.926961830172e+02,0.000000000000e+00,0.000000000000e+00,4.288367774219e-04,4.674320873899e-02,0.000000000000e+00,0.000000000000e+00,2.804000217624e+02,2.794725646973e+02,6.537962962963e-01,4.001851851852e-01,1.599707451208e+03,5.549539604718e+04,1.090000000000e+02
1.322000000000e+03,1.033319144747e+08,1.388707045003e+01,4.169909306225e-01,1.716075443938e-07,4.004674122079e+02,4.143828460045e-04,4.516773021449e-02,-4.514181533358e-02,1.593163835275e+03,-7.200048789523e+02,0.000000000000e+00,0.000000000000e+00,3.825902172343e-04,4.170233367854e-02,0.000000000000e+00,0.000000000000e+00,2.800814277600e+02,2.790285949707e+02,6.550925925926e-01,4.038888888889e-01,1.593163835275e+03,5.549663786141e+04,1.090000000000e+02
1.323000000000e+03,1.033290621983e+08,1.350181250843e+01,4.170012152947e-01,1.713959243873e-07,4.009703269447e+02,3.943185925630e-04,4.298072658937e-02,-4.295640454171e-02,1.520016608233e+03,4.682917250079e+02,0.000000000000e+00,0.000000000000e+00,1.740191940979e-04,1.896809215667e-02,0.000000000000e+00,0.000000000000e+00,2.797103984732e+02,2.787380981445e+02,6.615740740740e-01,4.102777777778e-01,1.520016608233e+03,5.549800174115e+04,1.090000000000e+02
1.324000000000e+03,1.033257113307e+08,1.310968610045e+01,4.170075414186e-01,1.711855631136e-07,4.014714025467e+02,3.978956453910e-04,4.337062534762e-02,-4.334662077803e-02,1.443586719679e+03,9.451797132786e+02,0.000000000000e+00,0.000000000000e+00,8.254403350615e-05,8.997299652170e-03,0.000000000000e+00,0.000000000000e+00,2.794675354737e+02,2.783651733398e+02,6.641666666666e-01,4.161111111111e-01,1.443586719679e+03,5.549884439789e+04,1.090000000000e+02
1.325000000000e+03,1.033234316706e+08,1.336153723036e+01,4.170303848419e-01,1.709806272841e-07,4.019706559484e+02,3.765151571904e-04,4.104015213376e-02,-4.101744417929e-02,1.433732068702e+03,3.192760776993e+00,0.000000000000e+00,0.000000000000e+00,2.367214382121e-04,2.580263676512e-02,0.000000000000e+00,0.000000000000e+00,2.789453006974e+02,2.781217346191e+02,6.650000000000e-01,4.208333333333e-01,1.433732068702e+03,5.550051944995e+04,1.090000000000e+02
1.326000000000e+03,1.033257004260e+08,1.497356652243e+01,4.170442508181e-01,1.707749133908e-07,4.024681037963e+02,3.467010198496e-04,3.779041116360e-02,-3.776819884154e-02,1.600025255314e+03,-4.364940145161e+03,0.000000000000e+00,0.000000000000e+00,9.864737633436e-04,1.075256402045e-01,0.000000000000e+00,0.000000000000e+00,2.785507393494e+02,2.777251586914e+02,6.707407407407e-01,4.188888888889e-01,1.600025255314e+03,5.550165465981e+04,1.090000000000e+02
1.327000000000e+03,1.033477437789e+08,2.230672672226e+01,4.170357028668e-01,1.705682462050e-07,4.029637624582e+02,3.767471324203e-04,4.106543743381e-02,-4.103573685615e-02,2.507062243946e+03,-2.432088545515e+04,0.000000000000e+00,0.000000000000e+00,4.436141800163e-03,4.835394562178e-01,0.000000000000e+00,0.000000000000e+00,2.789428407032e+02,2.779897155762e+02,6.727777777777e-01,3.862037037037e-01,2.507062243946e+03,5.550052531029e+04,1.090000000000e+02
1.328000000000e+03,1.033931619539e+08,3.118347215016e+01,4.170471967138e-01,1.703627833786e-07,4.034576480308e+02,4.418804532476e-04,4.816496940399e-02,-4.812047695003e-02,4.700747354057e+03,-4.808893409229e+04,0.000000000000e+00,0.000000000000e+00,8.727956012567e-03,9.513472053698e-01,0.000000000000e+00,0.000000000000e+00,2.784034530494e+02,2.776170043945e+02,6.741666666666e-01,3.136111111111e-01,4.700747354057e+03,5.550204592262e+04,1.090000000000e+02
1.329000000000e+03,1.034338806521e+08,3.689597518347e+01,4.170528815497e-01,1.701585326074e-07,4.039497763481e+02,4.941483810977e-04,5.386217353965e-02,-5.380811558437e-02,7.264350005598e+03,-4.370519933669e+04,0.000000000000e+00,0.000000000000e+00,8.426487891196e-03,9.184871801404e-01,0.000000000000e+00,0.000000000000e+00,2.781060894411e+02,2.773967285156e+02,6.746296296296e-01,2.453703703704e-01,7.264350005598e+03,5.550278923749e+04,1.090000000000e+02
1.330000000000e+03,1.034602776087e+08,4.122381344047e+01,4.170528919424e-01,1.699554549590e-07,4.044401629882e+02,5.230398827012e-04,5.701134721443e-02,-5.695512419076e-02,9.000550448286e+03,-2.955813669499e+04,0.000000000000e+00,0.000000000000e+00,6.374772152474e-03,6.948501646196e-01,0.000000000000e+00,0.000000000000e+00,2.781084417984e+02,2.774201660156e+02,6.763888888888e-01,1.998148148148e-01,9.000550448286e+03,5.550278294719e+04,1.090000000000e+02
1.331000000000e+03,1.034661573425e+08,3.581704912741e+01,4.170562940151e-01,1.697535449025e-07,4.049288232808e+02,5.342870601238e-04,5.823728955349e-02,-5.818336609986e-02,9.179054385889e+03,-9.109106186219e+03,0.000000000000e+00,0.000000000000e+00,3.022526165954e-03,3.294553520890e-01,0.000000000000e+00,0.000000000000e+00,2.779166589007e+02,2.773899841309e+02,6.810185185185e-01,1.920370370370e-01,9.179054385889e+03,5.550322849663e+04,1.090000000000e+02
1.332000000000e+03,1.034582868955e+08,3.035767163757e+01,4.170525859757e-01,1.695527823917e-07,4.054157723137e+02,4.975230996663e-04,5.423001786363e-02,-5.418702073253e-02,6.524924611413e+03,4.862894717823e+03,0.000000000000e+00,0.000000000000e+00,2.742147528803e-04,2.988940806396e-02,0.000000000000e+00,0.000000000000e+00,2.781288466772e+02,2.776781311035e+02,6.820370370370e-01,2.083333333333e-01,6.524924611413e+03,5.550273623057e+04,1.090000000000e+02
1.333000000000e+03,1.034697369858e+08,3.570396058020e+01,4.170680771078e-01,1.693531723322e-07,4.059010249396e+02,4.794383096626e-04,5.225877575322e-02,-5.221640501026e-02,6.389837057586e+03,-1.434829709966e+04,0.000000000000e+00,0.000000000000e+00,3.429093454734e-03,3.737711865660e-01,0.000000000000e+00,0.000000000000e+00,2.771033272118e+02,2.766098327637e+02,6.840740740740e-01,1.892592592592e-01,6.389837057586e+03,5.550478724538e+04,1.090000000000e+02
1.334000000000e+03,1.034794073875e+08,3.589251211196e+01,4.170706442611e-01,1.691546972156e-07,4.063845957818e+02,5.035363762779e-04,5.488546501430e-02,-5.483713159299e-02,8.267898022824e+03,-1.271415175291e+04,0.000000000000e+00,0.000000000000e+00,3.468559346260e-03,3.780729687423e-01,0.000000000000e+00,0.000000000000e+00,2.768736205403e+02,2.765415649414e+02,6.842592592592e-01,1.729629629629e-01,8.267898022824e+03,5.550512523570e+04,1.090000000000e+02
1.335000000000e+03,1.034795751560e+08,3.485798978193e+01,4.170717423056e-01,1.689573445902e-07,4.068664992408e+02,4.835445142440e-04,5.270635205259e-02,-5.266375529911e-02,7.346385638780e+03,-3.090878721670e+03,0.000000000000e+00,0.000000000000e+00,1.725367717464e-03,1.880650812035e-01,0.000000000000e+00,0.000000000000e+00,2.767673910316e+02,2.764434814453e+02,6.845370370370e-01,1.747222222222e-01,7.346385638780e+03,5.550526778213e+04,1.090000000000e+02
1.336000000000e+03,1.034785355262e+08,3.229595016252e+01,4.170767745427e-01,1.687611265024e-07,4.073467494992e+02,4.393394410830e-04,4.788799907805e-02,-4.785014183069e-02,7.086722233691e+03,-1.616331254916e+03,0.000000000000e+00,0.000000000000e+00,1.438420503423e-03,1.567878348731e-01,0.000000000000e+00,0.000000000000e+00,2.761114990661e+02,2.759356079102e+02,6.845370370370e-01,1.782407407407e-01,7.086722233691e+03,5.550592335220e+04,1.090000000000e+02
1.337000000000e+03,1.034770687520e+08,3.141799263651e+01,4.170784583191e-01,1.685659842516e-07,4.078253605279e+02,4.236107694175e-04,4.617357386651e-02,-4.613808248144e-02,6.195934784618e+03,-1.094165721521e+03,0.000000000000e+00,0.000000000000e+00,1.205123432288e-03,1.313584541194e-01,0.000000000000e+00,0.000000000000e+00,2.756689051929e+02,2.754302673340e+02,6.845370370370e-01,1.815740740740e-01,6.195934784618e+03,5.550614313206e+04,1.090000000000e+02
1.338000000000e+03,1.034745231075e+08,2.930155249815e+01,4.170770054068e-01,1.683719241245e-07,4.083023460908e+02,4.414308284190e-04,4.811596029767e-02,-4.807967307301e-02,5.952527786129e+03,-1.230729426444e+02,0.000000000000e+00,0.000000000000e+00,1.004187166570e-03,1.094564011561e-01,0.000000000000e+00,0.000000000000e+00,2.760688915389e+02,2.757243041992e+02,6.844444444444e-01,1.874074074074e-01,5.952527786129e+03,5.550595169732e+04,1.090000000000e+02
1.339000000000e+03,1.035063746081e+08,2.267682164397e+02,4.170785915961e-01,1.681789462032e-07,4.087777197500e+02,4.444013868701e-04,4.843975116885e-02,-4.839362919256e-02,7.828571705639e+03,-3.453762791806e+04,0.000000000000e+00,0.000000000000e+00,7.035548618371e-03,7.668747994025e-01,0.000000000000e+00,0.000000000000e+00,2.756012620415e+02,2.753952331543e+02,6.839814814814e-01,1.199074074074e-01,7.828571705639e+03,5.550615872049e+04,1.090000000000e+02
1.340000000000e+03,1.035224869089e+08,2.184180112082e+02,4.170780311696e-01,1.679870307704e-07,4.092514948709e+02,4.815677027483e-04,5.249087959957e-02,-5.166823332671e-02,2.294078875921e+04,-1.898020568697e+04,0.000000000000e+00,0.000000000000e+00,6.935062236076e-03,7.559217837323e-01,0.000000000000e+00,0.000000000000e+00,2.758258412563e+02,2.759801940918e+02,6.827777777777e-01,8.907407407407e-02,2.294078875921e+04,5.550608428662e+04,1.090000000000e+02
1.341000000000e+03,1.035114188554e+08,3.618952113320e+01,4.170781324952e-01,1.677961721018e-07,4.097236846262e+02,4.796619094893e-04,5.228314813433e-02,-5.222300897247e-02,8.928841858535e+03,8.169357715919e+03,0.000000000000e+00,0.000000000000e+00,9.596320712852e-05,1.045998957701e-02,0.000000000000e+00,0.000000000000e+00,2.757962518687e+02,2.755638122559e+02,6.821296296296e-01,1.209259259259e-01,8.928841858535e+03,5.550609786142e+04,1.090000000000e+02
1.342000000000e+03,1.035034042527e+08,3.372941050866e+01,4.170787983930e-01,1.676063598609e-07,4.101943020013e+02,4.442393637948e-04,4.842209065363e-02,-4.838606593404e-02,7.348250299408e+03,5.328877640506e+03,0.000000000000e+00,0.000000000000e+00,3.336949434842e-04,3.637274883977e-02,0.000000000000e+00,0.000000000000e+00,2.752913336456e+02,2.752113037109e+02,6.818518518518e-01,1.380555555555e-01,7.348250299408e+03,5.550618513127e+04,1.090000000000e+02
1.343000000000e+03,1.034959601977e+08,3.112707085934e+01,4.170788201884e-01,1.674175837701e-07,4.106633597978e+02,3.918661850334e-04,4.271341416864e-02,-4.268249849604e-02,6.479690962333e+03,5.074912225025e+03,0.000000000000e+00,0.000000000000e+00,2.320416535441e-04,2.529254023631e-02,0.000000000000e+00,0.000000000000e+00,2.753674384675e+02,2.754689636230e+02,6.812037037037e-01,1.525000000000e-01,6.479690962333e+03,5.550618817098e+04,1.090000000000e+02
1.344000000000e+03,1.034896581288e+08,2.926154996484e+01,4.170783305384e-01,1.672298337375e-07,4.111308706380e+02,3.553326559529e-04,3.873125949887e-02,-3.870389650202e-02,5.695479243585e+03,4.153764381282e+03,0.000000000000e+00,0.000000000000e+00,2.547644224839e-04,2.776932205074e-02,0.000000000000e+00,0.000000000000e+00,2.749947311072e+02,2.750495300293e+02,6.786111111111e-01,1.642592592592e-01,5.695479243585e+03,5.550612184292e+04,1.090000000000e+02
1.345000000000e+03,1.034877338424e+08,2.929026189381e+01,4.170759492583e-01,1.670431014397e-07,4.115968469690e+02,3.168992868553e-04,3.454202226723e-02,-3.451770614875e-02,5.436435068972e+03,8.348079503245e+00,0.000000000000e+00,0.000000000000e+00,8.974101594618e-04,9.781770738134e-02,0.000000000000e+00,0.000000000000e+00,2.744813003460e+02,2.745464477539e+02,6.750000000000e-01,1.680555555555e-01,5.436435068972e+03,5.550580303938e+04,1.090000000000e+02
1.346000000000e+03,1.035080065772e+08,4.026246915029e+01,4.170711960119e-01,1.668573807463e-07,4.120613010665e+02,3.062650969259e-04,3.338289556492e-02,-3.335688614558e-02,6.896518020212e+03,-2.212421012759e+04,0.000000000000e+00,0.000000000000e+00,4.798792842649e-03,5.230684198487e-01,0.000000000000e+00,0.000000000000e+00,2.739368065528e+02,2.740815124512e+02,6.742592592592e-01,1.285185185185e-01,6.896518020212e+03,5.550516774175e+04,1.090000000000e+02
1.347000000000e+03,1.035190305237e+08,4.491048586070e+01,4.170721818399e-01,1.666726499753e-07,4.125242450382e+02,3.111659627323e-04,3.391708993782e-02,-3.379191226172e-02,1.166382193870e+04,-1.289957560727e+04,0.000000000000e+00,0.000000000000e+00,4.061939045867e-03,4.427513559995e-01,0.000000000000e+00,0.000000000000e+00,2.740312213412e+02,2.743074951172e+02,6.703703703703e-01,1.030555555555e-01,1.166382193870e+04,5.550529988547e+04,1.090000000000e+02
1.348000000000e+03,1.035092076455e+08,3.559150031501e+01,2.758376017308e+03,4.559230514153e-03,1.000000000000e+02,2.290617469535e-04,2.496773041793e-02,-2.802728307280e-02,8.331987780716e+03,8.267213681271e+03,8.071617172234e-06,8.798062717735e-04,1.307519857332e-06,1.425196644492e-04,4.356432936497e-04,4.748511900782e-02,2.741236994903e+02,2.743923034668e+02,6.633333333333e-01,1.276851851852e-01,8.331987780716e+03,5.550542084738e+04,1.090000000000e+02
1.349000000000e+03,1.035015059599e+08,3.302231048088e+01,9.731693228773e+03,1.608534897220e-02,1.000000000000e+02,-5.190516956388e-05,-5.657663482463e-03,-1.291073558371e-02,7.098564794538e+03,6.985071662110e+03,1.852951677514e-05,2.019717328490e-03,0.000000000000e+00,0.000000000000e+00,1.000593905857e-03,1.090647357385e-01,2.737722062865e+02,2.744028015137e+02,6.575000000000e-01,1.436111111111e-01,7.098564794538e+03,5.550491577512e+04,1.090000000000e+02
1.350000000000e+03,1.034952935613e+08,3.043881423672e+01,1.998388804736e+04,3.224209966464e-02,1.024183737162e+02,-3.171324453247e-04,-3.456743654040e-02,-4.966937871310e-04,6.228774457524e+03,6.184829177631e+03,6.879736468443e-06,7.498912750602e-04,0.000000000000e+00,0.000000000000e+00,1.379778881768e-03,1.503958981127e-01,2.732180314483e+02,2.738864746094e+02,2.074074074074e-02,1.550000000000e-01,6.228774457524e+03,5.550384616636e+04,1.090000000000e+02
1.351000000000e+03,1.034897160804e+08,3.052573410254e+01,3.159098440094e+04,4.673896251798e-02,1.116394709055e+02,-3.459168712874e-04,-3.770493897033e-02,-6.391586763483e-05,5.573847317611e+03,5.573934237481e+03,0.000000000000e+00,0.000000000000e+00,0.000000000000e+00,0.000000000000e+00,1.572049681838e-03,1.713534153203e-01,2.732116811638e+02,2.735253601074e+02,0.000000000000e+00,1.657407407407e-01,5.573847317611e+03,5.550383246519e+04,1.090000000000e+02
1.352000000000e+03,1.034845929974e+08,2.873072489683e+01,4.264075451843e+04,5.893960203764e-02,1.195260547403e+02,-3.664875354055e-04,-3.994714135920e-02,0.000000000000e+00,5.124879358280e+03,5.123084349085e+03,0.000000000000e+00,0.000000000000e+00,0.000000000000e+00,0.000000000000e+00,1.459944231875e-03,1.591339212744e-01,2.732136317717e+02,2.733212890625e+02,0.000000000000e+00,1.753703703703e-01,5.124879358280e+03,5.550383683979e+04,1.090000000000e+02
1.353000000000e+03,1.034798125154e+08,2.790618766197e+01,5.259010255075e+04,6.837220597849e-02,1.271008448002e+02,-3.739985209713e-04,-4.076583878587e-02,0.000000000000e+00,4.781307681976e+03,4.780483144745e+03,0.000000000000e+00,0.000000000000e+00,0.000000000000e+00,0.000000000000e+00,1.270538573420e-03,1.384887045028e-01,2.732110046306e+02,2.729063110352e+02,0.000000000000e+00,1.840740740740e-01,4.781307681976e+03,5.550383094841e+04,1.090000000000e+02
1.354000000000e+03,1.034753113150e+08,2.721918181434e+01,6.321567891425e+04,7.848785431331e-02,1.331031642332e+02,-3.682053519639e-04,-4.013438336407e-02,0.000000000000e+00,4.501888745073e+03,4.501201739230e+03,0.000000000000e+00,0.000000000000e+00,0.000000000000e+00,0.000000000000e+00,1.388112810800e-03,1.513042963772e-01,2.732083660029e+02,2.722380981445e+02,0.000000000000e+00,1.929629629629e-01,4.501888745073e+03,5.550382502268e+04,1.090000000000e+02
1.355000000000e+03,1.034710351202e+08,2.649920549015e+01,7.398714333261e+04,8.832395770078e-02,1.384416487423e+02,-3.621588233524e-04,-3.947531174541e-02,0.000000000000e+00,4.276915429931e+03,4.276195453607e+03,0.000000000000e+00,0.000000000000e+00,0.000000000000e+00,0.000000000000e+00,1.418267232193e-03,1.545911283090e-01,2.732066400568e+02,2.720433349609e+02,0.000000000000e+00,2.017592592592e-01,4.276915429931e+03,5.550382114152e+04,1.090000000000e+02
1.356000000000e+03,1.034669455128e+08,2.613147086382e+01,8.425302899424e+04,9.707559800841e-02,1.434430746749e+02,-3.561851045776e-04,-3.882417639896e-02,0.000000000000e+00,4.089975321928e+03,4.089607587301e+03,0.000000000000e+00,0.000000000000e+00,0.000000000000e+00,0.000000000000e+00,1.340674854378e-03,1.461335591272e-01,2.732023139511e+02,2.718146057129e+02,0.000000000000e+00,2.098148148148e-01,4.089975321928e+03,5.550381140045e+04,1.090000000000e+02
1.357000000000e+03,1.034630347738e+08,2.600346046301e+01,9.452476253440e+04,1.056627241076e-01,1.478557557635e+02,-3.659837039847e-04,-3.989222373434e-02,0.000000000000e+00,3.910866840543e+03,3.910738830158e+03,0.000000000000e+00,0.000000000000e+00,0.000000000000e+00,0.000000000000e+00,1.331850423225e-03,1.451716961315e-01,2.731966380318e+02,2.714259948730e+02,0.000000000000e+00,2.179629629629e-01,3.910866840543e+03,5.550379858848e+04,1.090000000000e+02
1.358000000000e+03,1.034592521014e+08,2.595805988630e+01,1.064780442392e+05,1.161494674727e-01,1.515181828009e+02,-3.672618096172e-04,-4.003153724827e-02,0.000000000000e+00,3.782718416626e+03,3.782673016059e+03,0.000000000000e+00,0.000000000000e+00,0.000000000000e+00,0.000000000000e+00,1.608518973508e-03,1.753285681123e-01,2.731909576911e+02,2.707429199219e+02,0.000000000000e+00,2.270370370370e-01,3.782718416626e+03,5.550378573046e+04,1.090000000000e+02
1.359000000000e+03,1.034555885005e+08,2.580506011132e+01,1.194364904706e+05,1.276049042635e-01,1.547024878617e+02,-3.564969785143e-04,-3.885817065806e-02,0.000000000000e+00,3.663754408096e+03,3.663601408331e+03,0.000000000000e+00,0.000000000000e+00,0.000000000000e+00,0.000000000000e+00,1.785388817571e-03,1.946073811152e-01,2.731872566011e+02,2.704045104980e+02,0.000000000000e+00,2.350925925926e-01,3.663754408096e+03,5.550377733356e+04,1.090000000000e+02
1.360000000000e+03,1.034520383047e+08,2.577017967815e+01,1.322866554272e+05,1.388622045843e-01,1.574577155707e+02,-3.572722371619e-04,-3.894267385065e-02,0.000000000000e+00,3.550231403907e+03,3.550196523479e+03,0.000000000000e+00,0.000000000000e+00,0.000000000000e+00,0.000000000000e+00,1.766756728318e-03,1.925764833867e-01,2.731838519197e+02,2.700735168457e+02,0.000000000000e+00,2.427777777778e-01,3.550231403907e+03,5.550376959616e+04,1.090000000000e+02
1.361000000000e+03,1.034485929485e+08,2.603372843245e+01,1.459838382615e+05,1.510951249467e-01,1.596943958992e+02,-3.584388869394e-04,-3.906983867639e-02,0.000000000000e+00,3.445092748106e+03,3.445356296837e+03,0.000000000000e+00,0.000000000000e+00,0.000000000000e+00,0.000000000000e+00,1.905596550955e-03,2.077100240541e-01,2.731788372523e+02,2.694647521973e+02,0.000000000000e+00,2.504629629630e-01,3.445092748106e+03,5.550375817581e+04,1.090000000000e+02
1.362000000000e+03,1.034452279032e+08,2.671968444332e+01,1.569900694322e+05,1.587728438629e-01,1.634307336373e+02,-3.427385258307e-04,-3.735849931555e-02,0.000000000000e+00,3.364359149410e+03,3.365045105424e+03,0.000000000000e+00,0.000000000000e+00,0.000000000000e+00,0.000000000000e+00,1.476508170128e-03,1.609393905440e-01,2.731715385054e+02,2.685157775879e+02,0.000000000000e+00,2.587037037037e-01,3.364359149410e+03,5.550374150301e+04,1.090000000000e+02
1.363000000000e+03,1.034419201983e+08,2.736820292488e+01,1.670896423679e+05,1.648496615815e-01,1.675332908857e+02,-3.256684608250e-04,-3.549786222992e-02,0.000000000000e+00,3.307057147413e+03,3.307705665902e+03,0.000000000000e+00,0.000000000000e+00,0.000000000000e+00,0.000000000000e+00,1.343697461658e-03,1.464630233207e-01,2.731653436054e+02,2.681567382813e+02,0.000000000000e+00,2.669444444444e-01,3.307057147413e+03,5.550372730447e+04,1.090000000000e+02
1.364000000000e+03,1.034386885230e+08,2.799698940738e+01,1.796001852797e+05,1.752121860321e-01,1.694274517179e+02,-3.173779680404e-04,-3.459419851640e-02,0.000000000000e+00,3.231046348091e+03,3.231675134587e+03,0.000000000000e+00,0.000000000000e+00,0.000000000000e+00,0.000000000000e+00,1.750519407923e-03,1.908066154636e-01,2.731596736394e+02,2.678457641602e+02,0.000000000000e+00,2.751851851852e-01,3.231046348091e+03,5.550371427130e+04,1.090000000000e+02
1.365000000000e+03,1.034355176464e+08,2.903633396083e+01,1.917911960513e+05,1.842485243297e-01,1.720550179450e+02,-3.115539855848e-04,-3.395938442874e-02,0.000000000000e+00,3.169837267597e+03,3.170876612162e+03,0.000000000000e+00,0.000000000000e+00,0.000000000000e+00,0.000000000000e+00,1.703530308816e-03,1.856848036610e-01,2.731524197606e+02,2.672311096191e+02,0.000000000000e+00,2.834259259259e-01,3.169837267597e+03,5.550369754544e+04,1.090000000000e+02
1.366000000000e+03,1.034323972942e+08,2.991880109979e+01,2.021425351614e+05,1.907707558909e-01,1.751417473940e+02,-3.051769639623e-04,-3.326428907189e-02,0.000000000000e+00,3.119469299338e+03,3.120351766482e+03,0.000000000000e+00,0.000000000000e+00,0.000000000000e+00,0.000000000000e+00,1.405823041978e-03,1.532347115756e-01,2.731470512774e+02,2.670113830566e+02,0.000000000000e+00,2.909259259259e-01,3.119469299338e+03,5.550368512890e+04,1.090000000000e+02
1.367000000000e+03,1.034293176269e+08,3.066448872375e+01,2.127253419157e+05,1.970328893517e-01,1.784535490323e+02,-3.015308047711e-04,-3.286685772005e-02,0.000000000000e+00,3.078921772787e+03,3.079667460428e+03,0.000000000000e+00,0.000000000000e+00,0.000000000000e+00,0.000000000000e+00,1.447727798443e-03,1.578023300302e-01,2.731429158795e+02,2.674907226562e+02,0.000000000000e+00,2.986111111111e-01,3.078921772787e+03,5.550367554200e+04,1.090000000000e+02
1.368000000000e+03,1.034262733222e+08,3.163258416038e+01,2.240397394773e+05,2.045967107405e-01,1.809972191593e+02,-3.072840030580e-04,-3.349395633332e-02,0.000000000000e+00,3.043337757965e+03,3.044305853404e+03,0.000000000000e+00,0.000000000000e+00,0.000000000000e+00,0.000000000000e+00,1.562879340052e-03,1.703538480656e-01,2.731381984964e+02,2.673902587891e+02,0.000000000000e+00,3.070370370370e-01,3.043337757965e+03,5.550366458224e+04,1.090000000000e+02
1.369000000000e+03,1.034232711784e+08,3.276288293025e+01,2.340956671956e+05,2.113803765255e-01,1.830521633205e+02,-2.957414978818e-04,-3.223582326911e-02,0.000000000000e+00,3.001014054780e+03,3.002144353546e+03,0.000000000000e+00,0.000000000000e+00,0.000000000000e+00,0.000000000000e+00,1.366430997389e-03,1.489409787154e-01,2.731332483379e+02,2.672338867188e+02,0.000000000000e+00,3.152777777778e-01,3.001014054780e+03,5.550365305452e+04,1.090000000000e+02
1.370000000000e+03,1.034203009330e+08,3.439235356154e+01,2.426657935821e+05,2.153247739210e-01,1.862778987899e+02,-2.961947405409e-04,-3.228522671896e-02,0.000000000000e+00,2.968615900617e+03,2.970245371244e+03,0.000000000000e+00,0.000000000000e+00,0.000000000000e+00,0.000000000000e+00,1.120389258435e-03,1.221224291694e-01,2.731268495280e+02,2.668755798340e+02,0.000000000000e+00,3.223148148148e-01,2.968615900617e+03,5.550363811305e+04,1.090000000000e+02
1.371000000000e+03,1.034173639002e+08,3.566016472396e+01,2.559131000996e+05,2.256400530377e-01,1.874664897388e+02,-3.099207140488e-04,-3.378135783132e-02,0.000000000000e+00,2.935765464550e+03,2.937033275695e+03,0.000000000000e+00,0.000000000000e+00,0.000000000000e+00,0.000000000000e+00,1.879761969891e-03,2.048940547181e-01,2.731224619465e+02,2.667943420410e+02,0.000000000000e+00,3.309259259259e-01,2.935765464550e+03,5.550362784101e+04,1.090000000000e+02
1.372000000000e+03,1.034144528099e+08,3.749675088112e+01,2.698527712850e+05,2.353210384093e-01,1.895457323139e+02,-3.202082726873e-04,-3.490270172292e-02,0.000000000000e+00,2.909253882818e+03,2.911090468973e+03,0.000000000000e+00,0.000000000000e+00,0.000000000000e+00,0.000000000000e+00,1.983921245239e-03,2.162474157311e-01,2.731162891464e+02,2.665367736816e+02,0.000000000000e+00,3.381481481481e-01,2.909253882818e+03,5.550361335338e+04,1.090000000000e+02
1.373000000000e+03,1.034115706742e+08,4.050568908451e+01,2.817163979522e+05,2.432825286394e-01,1.914033790674e+02,-2.998451630748e-04,-3.268312277515e-02,0.000000000000e+00,2.879126981207e+03,2.882135919398e+03,0.000000000000e+00,0.000000000000e+00,0.000000000000e+00,0.000000000000e+00,1.661135435507e-03,1.810637624702e-01,2.731080007539e+02,2.658544006348e+02,0.000000000000e+00,3.462037037037e-01,2.879126981207e+03,5.550359383329e+04,1.090000000000e+02
1.374000000000e+03,1.034087167107e+08,4.523788272166e+01,2.929472240483e+05,2.497396004250e-01,1.938879832396e+02,-2.846582861741e-04,-3.102775319298e-02,0.000000000000e+00,2.849231139746e+03,2.853963333387e+03,0.000000000000e+00,0.000000000000e+00,0.000000000000e+00,0.000000000000e+00,1.571734274441e-03,1.713190359140e-01,2.730969603308e+02,2.650914611816e+02,0.000000000000e+00,3.550000000000e-01,2.849231139746e+03,5.550356771196e+04,1.090000000000e+02
1.375000000000e+03,1.034058912718e+08,5.087028773898e+01,3.025087492492e+05,2.551493457429e-01,1.959714676684e+02,-2.720814235650e-04,-2.965687516858e-02,0.000000000000e+00,2.819806434433e+03,2.825438839443e+03,0.000000000000e+00,0.000000000000e+00,0.000000000000e+00,0.000000000000e+00,1.308386804290e-03,1.426141616676e-01,2.730869037588e+02,2.644819641113e+02,0.000000000000e+00,3.628703703703e-01,2.819806434433e+03,5.550354379855e+04,1.090000000000e+02
1.376000000000e+03,1.034030898285e+08,5.659813457893e+01,3.116153944033e+05,2.600553498658e-01,1.980627742871e+02,-2.525512684324e-04,-2.752808825913e-02,0.000000000000e+00,2.795716242173e+03,2.801444089020e+03,0.000000000000e+00,0.000000000000e+00,0.000000000000e+00,0.000000000000e+00,1.252725989938e-03,1.365471329032e-01,2.730785975264e+02,2.644597473145e+02,0.000000000000e+00,3.709259259259e-01,2.795716242173e+03,5.550352396084e+04,1.090000000000e+02
1.377000000000e+03,1.034003061405e+08,6.215392138907e+01,3.220035558833e+05,2.659415669580e-01,2.001356860229e+02,-2.644529438579e-04,-2.882537088051e-02,0.000000000000e+00,2.778132711910e+03,2.783688498717e+03,0.000000000000e+00,0.000000000000e+00,0.000000000000e+00,0.000000000000e+00,1.452647264775e-03,1.583385518605e-01,2.730718089283e+02,2.643859558105e+02,0.000000000000e+00,3.795370370370e-01,2.778132711910e+03,5.550350768944e+04,1.090000000000e+02
1.378000000000e+03,1.033975404092e+08,7.050748117400e+01,3.322476187074e+05,2.715024086968e-01,2.022733663703e+02,-2.652339006736e-04,-2.891049517342e-02,0.000000000000e+00,2.757378098375e+03,2.765731658163e+03,0.000000000000e+00,0.000000000000e+00,0.000000000000e+00,0.000000000000e+00,1.428062602252e-03,1.556588236454e-01,2.730597903737e+02,2.635574340820e+02,0.000000000000e+00,3.879629629630e-01,2.757378098375e+03,5.550347875630e+04,1.090000000000e+02
1.379000000000e+03,1.033947973148e+08,8.257483571624e+01,3.409703653529e+05,2.757905427410e-01,2.043563789867e+02,-2.476923570806e-04,-2.699846692178e-02,0.000000000000e+00,2.731027212736e+03,2.743094567277e+03,0.000000000000e+00,0.000000000000e+00,0.000000000000e+00,0.000000000000e+00,1.194143217348e-03,1.301616106909e-01,2.730462882030e+02,2.634318237305e+02,0.000000000000e+00,3.965740740741e-01,2.731027212736e+03,5.550344605619e+04,1.090000000000e+02
1.380000000000e+03,1.033920765807e+08,9.724369421196e+01,3.494674893673e+05,2.798957013646e-01,2.063772780798e+02,-2.320667275886e-04,-2.529527330715e-02,0.000000000000e+00,2.706067265215e+03,2.720736123710e+03,0.000000000000e+00,0.000000000000e+00,0.000000000000e+00,0.000000000000e+00,1.172474539230e-03,1.277997247761e-01,2.730333193329e+02,2.631764831543e+02,0.000000000000e+00,4.057407407407e-01,2.706067265215e+03,5.550341445177e+04,1.090000000000e+02
1.381000000000e+03,1.033893741004e+08,1.127039598406e+02,3.591788152943e+05,2.851941488363e-01,2.081717365749e+02,-2.256238340373e-04,-2.459299791007e-02,0.000000000000e+00,2.687020609959e+03,2.702480875593e+03,0.000000000000e+00,0.000000000000e+00,0.000000000000e+00,0.000000000000e+00,1.379608223912e-03,1.503772964064e-01,2.730232499862e+02,2.627090454102e+02,0.000000000000e+00,4.146296296296e-01,2.687020609959e+03,5.550338978072e+04,1.090000000000e+02
1.382000000000e+03,1.033866891315e+08,1.341355884963e+02,3.673918151355e+05,2.889928321527e-01,2.101331632061e+02,-2.120922733536e-04,-2.311805779554e-02,0.000000000000e+00,2.663537070987e+03,2.684968699645e+03,0.000000000000e+00,0.000000000000e+00,0.000000000000e+00,0.000000000000e+00,1.145499063361e-03,1.248593979064e-01,2.730021621273e+02,2.621520385742e+02,0.000000000000e+00,4.229629629629e-01,2.663537070987e+03,5.550333774235e+04,1.090000000000e+02
1.383000000000e+03,1.033840319001e+08,1.652393960983e+02,3.742369994945e+05,2.914784532024e-01,2.122232825578e+02,-1.941737608140e-04,-2.116493992872e-02,0.000000000000e+00,2.626128217566e+03,2.657232025171e+03,0.000000000000e+00,0.000000000000e+00,0.000000000000e+00,0.000000000000e+00,9.373532872558e-04,1.021715083109e-01,2.729785128378e+02,2.611498107910e+02,0.000000000000e+00,4.319537037037e-01,2.626128217566e+03,5.550327878257e+04,1.090000000000e+02
1.384000000000e+03,1.033813929021e+08,1.960114787502e+02,3.830158448462e+05,2.959351397603e-01,2.139307767846e+02,-2.101350341151e-04,-2.290471871855e-02,0.000000000000e+00,2.608225817006e+03,2.638997899657e+03,0.000000000000e+00,0.000000000000e+00,0.000000000000e+00,0.000000000000e+00,1.240980036658e-03,1.352668239958e-01,2.729683994859e+02,2.612925415039e+02,0.000000000000e+00,4.404912037037e-01,2.608225817006e+03,5.550325337167e+04,1.090000000000e+02
1.385000000000e+03,1.033787589310e+08,2.280656307456e+02,3.910976343025e+05,2.996583358799e-01,2.157308851409e+02,-2.186070997320e-04,-2.382817387079e-02,0.000000000000e+00,2.601917815783e+03,2.633971967781e+03,0.000000000000e+00,0.000000000000e+00,0.000000000000e+00,0.000000000000e+00,1.117311778324e-03,1.217869838373e-01,2.729511984219e+02,2.609349670410e+02,0.000000000000e+00,4.477226851852e-01,2.601917815783e+03,5.550320988597e+04,1.090000000000e+02
1.386000000000e+03,1.033761394082e+08,2.692556543911e+02,3.976313087089e+05,3.019371898092e-01,2.176797682415e+02,-1.965839434154e-04,-2.142764983228e-02,0.000000000000e+00,2.578333803634e+03,2.619523827284e+03,0.000000000000e+00,0.000000000000e+00,0.000000000000e+00,0.000000000000e+00,8.834663899231e-04,9.629783650162e-02,2.729252024436e+02,2.602474670410e+02,0.000000000000e+00,4.552708564815e-01,2.578333803634e+03,5.550314353112e+04,1.090000000000e+02
1.387000000000e+03,1.033735366651e+08,3.156864458591e+02,4.061644979683e+05,3.061916486938e-01,2.192619132682e+02,-1.882949290337e-04,-2.052414726468e-02,0.000000000000e+00,2.556312661340e+03,2.602743452809e+03,0.000000000000e+00,0.000000000000e+00,0.000000000000e+00,0.000000000000e+00,1.222248490691e-03,1.332250854853e-01,2.729055377606e+02,2.592016906738e+02,0.000000000000e+00,4.626348391204e-01,2.556312661340e+03,5.550309282840e+04,1.090000000000e+02
1.388000000000e+03,1.033709433956e+08,3.652368362995e+02,4.136751253318e+05,3.094278671308e-01,2.209810642143e+02,-1.821832702443e-04,-1.985797645663e-02,0.000000000000e+00,2.543719999728e+03,2.593270390167e+03,0.000000000000e+00,0.000000000000e+00,0.000000000000e+00,0.000000000000e+00,1.059346190052e-03,1.154687347157e-01,2.728847864552e+02,2.587669372559e+02,0.000000000000e+00,4.700904178241e-01,2.543719999728e+03,5.550303884551e+04,1.090000000000e+02
1.389000000000e+03,1.033683598243e+08,4.183162150423e+02,4.198838670357e+05,3.114842692448e-01,2.228171238513e+02,-1.823910154471e-04,-1.988062068373e-02,0.000000000000e+00,2.530492597450e+03,2.583571976193e+03,0.000000000000e+00,0.000000000000e+00,0.000000000000e+00,0.000000000000e+00,8.439403590548e-04,9.198949913698e-02,2.728676987737e+02,2.591825561523e+02,0.000000000000e+00,4.767648229745e-01,2.530492597450e+03,5.550299401978e+04,1.090000000000e+02
1.390000000000e+03,1.033657843060e+08,4.733470003045e+02,4.272095243680e+05,3.146487992287e-01,2.244247426924e+02,-1.890113728216e-04,-2.060223963755e-02,0.000000000000e+00,2.520488825850e+03,2.575519611113e+03,0.000000000000e+00,0.000000000000e+00,0.000000000000e+00,0.000000000000e+00,1.021932509141e-03,1.113906434964e-01,2.728517106563e+02,2.589403686523e+02,0.000000000000e+00,4.831092905671e-01,2.520488825850e+03,5.550295177362e+04,1.090000000000e+02
1.391000000000e+03,1.033632215478e+08,5.338082395536e+02,4.353147748115e+05,3.184988498977e-01,2.259185960290e+02,-1.855967327117e-04,-2.023004386558e-02,0.000000000000e+00,2.502297299805e+03,2.562758539057e+03,0.000000000000e+00,0.000000000000e+00,0.000000000000e+00,0.000000000000e+00,1.154209489243e-03,1.258088343274e-01,2.728281120215e+02,2.588750610352e+02,0.000000000000e+00,4.898067678270e-01,2.502297299805e+03,5.550288888057e+04,1.090000000000e+02
1.392000000000e+03,1.033612154926e+08,6.896299719674e+02,4.426129034875e+05,3.216189869099e-01,2.274780313582e+02,-1.745466336632e-04,-1.902558306929e-02,0.000000000000e+00,1.850234465010e+03,2.006056197425e+03,0.000000000000e+00,0.000000000000e+00,0.000000000000e+00,0.000000000000e+00,1.031834763492e-03,1.124699892206e-01,2.728011668184e+02,2.585750122070e+02,0.000000000000e+00,4.920054958362e-01,1.850234465010e+03,5.550281571584e+04,1.090000000000e+02
1.393000000000e+03,1.033592845751e+08,8.906002901467e+02,4.490363155387e+05,3.239826092482e-01,2.290958602289e+02,-1.729080402670e-04,-1.884697638910e-02,0.000000000000e+00,1.729947422831e+03,1.930917741010e+03,0.000000000000e+00,0.000000000000e+00,0.000000000000e+00,0.000000000000e+00,8.889072711610e-04,9.689089255655e-02,2.727845385430e+02,2.581688537598e+02,0.000000000000e+00,4.966677139151e-01,1.729947422831e+03,5.550277049279e+04,1.090000000000e+02
1.394000000000e+03,1.033571616029e+08,1.050630832433e+03,4.554379799058e+05,3.263344110652e-01,2.306874019354e+02,-1.873640903189e-04,-2.042268584476e-02,0.000000000000e+00,1.962941878496e+03,2.122972420783e+03,0.000000000000e+00,0.000000000000e+00,0.000000000000e+00,0.000000000000e+00,8.707961440167e-04,9.491677969782e-02,2.727853514992e+02,2.584033508301e+02,0.000000000000e+00,4.999775530354e-01,1.962941878496e+03,5.550277273180e+04,1.090000000000e+02
1.395000000000e+03,1.033549668804e+08,1.198094654985e+03,4.617940981788e+05,3.286900446370e-01,2.322306643957e+02,-1.983757908091e-04,-2.162296119819e-02,0.000000000000e+00,2.047260091853e+03,2.194723914406e+03,0.000000000000e+00,0.000000000000e+00,0.000000000000e+00,0.000000000000e+00,8.522938995848e-04,9.290003505474e-02,2.727765970971e+02,2.589501037598e+02,0.000000000000e+00,5.049548033145e-01,2.047260091853e+03,5.550274879177e+04,1.090000000000e+02
1.396000000000e+03,1.033527431061e+08,1.349491916773e+03,4.704361246312e+05,3.331249820562e-01,2.334272990950e+02,-1.908677377815e-04,-2.080458341818e-02,0.000000000000e+00,2.072377208980e+03,2.223774470769e+03,0.000000000000e+00,0.000000000000e+00,0.000000000000e+00,0.000000000000e+00,1.237685553306e-03,1.349077253103e-01,2.727578774038e+02,2.585108337402e+02,0.000000000000e+00,5.101676575391e-01,2.072377208980e+03,5.550269728153e+04,1.090000000000e+02
1.397000000000e+03,1.033505069992e+08,1.498139739159e+03,4.795137146663e+05,3.378412359098e-01,2.346101119185e+02,-1.868716710094e-04,-2.036901214002e-02,0.000000000000e+00,2.087460447861e+03,2.236108270248e+03,0.000000000000e+00,0.000000000000e+00,0.000000000000e+00,0.000000000000e+00,1.313630347153e-03,1.431857078397e-01,2.727521848630e+02,2.590639648438e+02,0.000000000000e+00,5.151544130433e-01,2.087460447861e+03,5.550268152814e+04,1.090000000000e+02
1.398000000000e+03,1.033487626607e+08,1.822791242893e+03,4.863264511773e+05,3.405892465308e-01,2.360237864738e+02,-1.805228777745e-04,-1.967699367742e-02,0.000000000000e+00,1.419687617211e+03,1.744339120945e+03,0.000000000000e+00,0.000000000000e+00,0.000000000000e+00,0.000000000000e+00,9.455983758536e-04,1.030702229680e-01,2.727330326231e+02,2.579129638672e+02,0.000000000000e+00,5.158302302308e-01,1.419687617211e+03,5.550262749440e+04,1.090000000000e+02
1.399000000000e+03,1.033468305140e+08,2.099397682904e+03,4.920454963335e+05,3.424020754859e-01,2.375352332559e+02,-1.594162545376e-04,-1.737637174459e-02,0.000000000000e+00,1.655537956480e+03,1.932144396490e+03,0.000000000000e+00,0.000000000000e+00,0.000000000000e+00,0.000000000000e+00,7.859722150803e-04,8.567097144375e-02,2.727186394688e+02,2.584201660156e+02,0.000000000000e+00,5.207778744362e-01,1.655537956480e+03,5.550258718115e+04,1.090000000000e+02
1.400000000000e+03,1.033448390740e+08,2.357811190451e+03,4.978722946249e+05,3.443260788442e-01,2.390053056074e+02,-1.454136671497e-04,-1.585008971932e-02,0.000000000000e+00,1.733027366019e+03,1.991440873565e+03,0.000000000000e+00,0.000000000000e+00,0.000000000000e+00,0.000000000000e+00,8.177865973698e-04,8.913873911331e-02,2.727049800394e+02,2.589536132812e+02,0.000000000000e+00,5.238948898905e-01,1.733027366019e+03,5.550254867494e+04,1.090000000000e+02
1.401000000000e+03,1.033428204920e+08,2.612227323906e+03,5.044709285798e+05,3.469773088057e-01,2.403227605994e+02,-1.609159378030e-04,-1.753983722052e-02,0.000000000000e+00,1.764166498762e+03,2.018582632216e+03,0.000000000000e+00,0.000000000000e+00,0.000000000000e+00,0.000000000000e+00,9.298687117144e-04,1.013556895769e-01,2.726913191028e+02,2.585171508789e+02,0.000000000000e+00,5.283041722979e-01,1.764166498762e+03,5.550250992984e+04,1.090000000000e+02
1.402000000000e+03,1.033408951962e+08,2.993642386573e+03,5.107825441327e+05,3.493212425587e-01,2.416970981463e+02,-1.619829140521e-04,-1.765613763168e-02,0.000000000000e+00,1.543880703678e+03,1.925295766344e+03,0.000000000000e+00,0.000000000000e+00,0.000000000000e+00,0.000000000000e+00,8.814069220631e-04,9.607335450488e-02,2.726684192242e+02,2.571536254883e+02,0.000000000000e+00,5.322128762832e-01,1.543880703678e+03,5.550244343099e+04,1.090000000000e+02
1.403000000000e+03,1.033390117920e+08,3.433396040879e+03,5.168945882573e+05,3.515642007551e-01,2.430293256257e+02,-1.343278594362e-04,-1.464173667855e-02,0.000000000000e+00,1.443649658749e+03,1.883403313055e+03,0.000000000000e+00,0.000000000000e+00,0.000000000000e+00,0.000000000000e+00,8.761508468320e-04,9.550044230469e-02,2.726275444954e+02,2.567618103027e+02,0.000000000000e+00,5.362517883202e-01,1.443649658749e+03,5.550232495347e+04,1.090000000000e+02
1.404000000000e+03,1.033371004083e+08,3.891883307914e+03,5.230053777556e+05,3.538120262711e-01,2.443410160198e+02,-1.201587476746e-04,-1.309730349653e-02,0.000000000000e+00,1.452896461911e+03,1.911383728947e+03,0.000000000000e+00,0.000000000000e+00,0.000000000000e+00,0.000000000000e+00,8.902184001740e-04,9.703380561897e-02,2.725653283846e+02,2.555773773193e+02,0.000000000000e+00,5.436060444029e-01,1.452896461911e+03,5.550214065583e+04,1.090000000000e+02
1.405000000000e+03,1.033351823779e+08,4.361293548530e+03,5.280383385020e+05,3.551417763086e-01,2.457690761624e+02,-1.138848593946e-04,-1.241344967401e-02,0.000000000000e+00,1.448619299063e+03,1.918029539680e+03,0.000000000000e+00,0.000000000000e+00,0.000000000000e+00,0.000000000000e+00,7.181865715179e-04,7.828233629545e-02,2.725354414289e+02,2.548891906738e+02,0.000000000000e+00,5.467634518103e-01,1.448619299063e+03,5.550205040063e+04,1.090000000000e+02
1.406000000000e+03,1.033333754699e+08,5.060877928327e+03,5.322728386508e+05,3.558413164298e-01,2.472531389162e+02,-1.131922481972e-04,-1.233795505350e-02,0.000000000000e+00,1.107326445123e+03,1.806910824916e+03,0.000000000000e+00,0.000000000000e+00,0.000000000000e+00,0.000000000000e+00,5.868311237689e-04,6.396459249081e-02,2.725228779387e+02,2.553917236328e+02,0.000000000000e+00,5.521428281045e-01,1.107326445123e+03,5.550201035726e+04,1.090000000000e+02
1.407000000000e+03,1.033315272844e+08,5.629965213184e+03,5.363244722778e+05,3.564383526204e-01,2.487178765417e+02,-1.087712398183e-04,-1.185606514019e-02,0.000000000000e+00,1.279098523419e+03,1.848185808271e+03,0.000000000000e+00,0.000000000000e+00,0.000000000000e+00,0.000000000000e+00,5.609308848334e-04,6.114146644684e-02,2.725265625926e+02,2.556392517090e+02,0.000000000000e+00,5.554809079657e-01,1.279098523419e+03,5.550202163727e+04,1.090000000000e+02
1.408000000000e+03,1.033296680038e+08,6.148626522675e+03,5.408745048502e+05,3.574769769207e-01,2.500990962716e+02,-9.322717090340e-05,-1.016176162847e-02,0.000000000000e+00,1.340620152884e+03,1.859281462371e+03,0.000000000000e+00,0.000000000000e+00,0.000000000000e+00,0.000000000000e+00,6.588472309886e-04,7.181434817776e-02,2.725327585621e+02,2.564550170898e+02,0.000000000000e+00,5.613771767798e-01,1.340620152884e+03,5.550204055291e+04,1.090000000000e+02
1.409000000000e+03,1.033279111519e+08,6.856720598334e+03,5.466269437897e+05,3.595453730326e-01,2.513049347920e+02,-1.121895288364e-04,-1.222865864317e-02,0.000000000000e+00,1.048759405226e+03,1.756853480883e+03,0.000000000000e+00,0.000000000000e+00,0.000000000000e+00,0.000000000000e+00,8.386763623454e-04,9.141572349565e-02,2.725342848249e+02,2.569036560059e+02,0.000000000000e+00,5.643429163269e-01,1.048759405226e+03,5.550204349449e+04,1.090000000000e+02
1.410000000000e+03,1.033261340598e+08,7.516825955882e+03,5.534674581311e+05,3.625152755875e-01,2.523656350952e+02,-1.475749977573e-04,-1.608567475554e-02,0.000000000000e+00,1.116988864056e+03,1.777094221600e+03,0.000000000000e+00,0.000000000000e+00,0.000000000000e+00,0.000000000000e+00,9.832934269720e-04,1.071789835399e-01,2.725038595128e+02,2.563990478516e+02,0.000000000000e+00,5.701645276758e-01,1.116988864056e+03,5.550195025682e+04,1.090000000000e+02
1.411000000000e+03,1.033243534970e+08,8.223160640510e+03,5.596746836508e+05,3.649632295512e-01,2.534851964273e+02,-1.630835826615e-04,-1.777611051011e-02,0.000000000000e+00,1.074226724062e+03,1.780561408686e+03,0.000000000000e+00,0.000000000000e+00,0.000000000000e+00,0.000000000000e+00,8.632921427282e-04,9.409884355738e-02,2.724386787216e+02,2.548158111572e+02,0.000000000000e+00,5.748310431142e-01,1.074226724062e+03,5.550174664272e+04,1.090000000000e+02
1.412000000000e+03,1.033226583509e+08,9.169645224432e+03,5.652989979006e+05,3.669338169525e-01,2.546583663463e+02,-1.455697644710e-04,-1.586710432734e-02,0.000000000000e+00,7.486609414429e+02,1.695145525362e+03,0.000000000000e+00,0.000000000000e+00,0.000000000000e+00,0.000000000000e+00,7.844252674970e-04,8.550235415718e-02,2.723833864940e+02,2.542895660400e+02,0.000000000000e+00,5.805212626704e-01,7.486609414429e+02,5.550156740063e+04,1.090000000000e+02
1.413000000000e+03,1.033209528780e+08,1.005409047294e+04,5.707078140066e+05,3.687507174606e-01,2.558288867247e+02,-1.229664266338e-04,-1.340334050309e-02,0.000000000000e+00,8.210259463774e+02,1.705471194885e+03,0.000000000000e+00,0.000000000000e+00,0.000000000000e+00,0.000000000000e+00,7.713560499818e-04,8.407780944801e-02,2.723384207326e+02,2.535805053711e+02,0.000000000000e+00,5.864663326031e-01,8.210259463774e+02,5.550142091126e+04,1.090000000000e+02
1.414000000000e+03,1.033192699784e+08,1.099680253312e+04,5.756128124709e+05,3.701660409357e-01,2.570413613051e+02,-1.070332191446e-04,-1.166662088676e-02,0.000000000000e+00,7.401858314598e+02,1.682897891635e+03,0.000000000000e+00,0.000000000000e+00,0.000000000000e+00,0.000000000000e+00,7.038618467662e-04,7.672094129751e-02,2.723206738530e+02,2.533937225342e+02,0.000000000000e+00,5.917865457692e-01,7.401858314598e+02,5.550135941108e+04,1.090000000000e+02
1.415000000000e+03,1.033176212001e+08,1.199388389330e+04,5.812715280421e+05,3.721981528426e-01,2.581513611703e+02,-8.930242756982e-05,-9.733964605111e-03,0.000000000000e+00,6.516955689403e+02,1.648776929120e+03,0.000000000000e+00,0.000000000000e+00,0.000000000000e+00,0.000000000000e+00,8.461775713730e-04,9.223335527965e-02,2.723039672970e+02,2.537482757568e+02,0.000000000000e+00,5.971456875060e-01,6.516955689403e+02,5.550130432545e+04,1.090000000000e+02
1.416000000000e+03,1.033159631773e+08,1.291569255649e+04,5.869475273508e+05,3.742673796793e-01,2.592316930799e+02,-8.624789844719e-05,-9.401020930744e-03,0.000000000000e+00,7.362126003369e+02,1.658021263524e+03,0.000000000000e+00,0.000000000000e+00,0.000000000000e+00,0.000000000000e+00,8.522477973222e-04,9.289500990811e-02,2.722582859092e+02,2.536108703613e+02,0.000000000000e+00,6.029845773722e-01,7.362126003369e+02,5.550115130825e+04,1.090000000000e+02
1.417000000000e+03,1.033143618167e+08,1.404154993797e+04,5.912333149880e+05,3.752234633737e-01,2.604599090229e+02,-1.034255114310e-04,-1.127338074598e-02,0.000000000000e+00,4.755033487858e+02,1.601360730274e+03,0.000000000000e+00,0.000000000000e+00,0.000000000000e+00,0.000000000000e+00,6.052801917673e-04,6.597554090264e-02,2.722155895418e+02,2.532135467529e+02,0.000000000000e+00,6.089506285576e-01,4.755033487858e+02,5.550100261484e+04,1.090000000000e+02
1.418000000000e+03,1.033127548157e+08,1.505714750207e+04,5.956478248624e+05,3.763132455755e-01,2.616450252820e+02,-1.171397348233e-04,-1.276823109574e-02,0.000000000000e+00,5.914063033874e+02,1.607003867484e+03,0.000000000000e+00,0.000000000000e+00,0.000000000000e+00,0.000000000000e+00,6.126780196281e-04,6.678190413946e-02,2.721992042798e+02,2.543534698486e+02,0.000000000000e+00,6.153489801907e-01,5.914063033874e+02,5.550094667584e+04,1.090000000000e+02
1.419000000000e+03,1.033111995800e+08,1.615964889211e+04,6.007473977768e+05,3.779613786939e-01,2.627339798039e+02,-1.239427850815e-04,-1.350976357388e-02,0.000000000000e+00,4.527373831829e+02,1.555238773227e+03,0.000000000000e+00,0.000000000000e+00,0.000000000000e+00,0.000000000000e+00,7.188668785953e-04,7.835648976689e-02,2.722248906449e+02,2.540127410889e+02,0.000000000000e+00,6.209958001790e-01,4.527373831829e+02,5.550103224847e+04,1.090000000000e+02
1.420000000000e+03,1.033096556180e+08,1.721936143874e+04,6.058647710051e+05,3.796343229668e-01,2.638047396618e+02,-1.431784812125e-04,-1.560645445216e-02,0.000000000000e+00,4.842529807083e+02,1.543965527334e+03,0.000000000000e+00,0.000000000000e+00,0.000000000000e+00,0.000000000000e+00,7.028559221662e-04,7.661129551611e-02,2.722031853467e+02,2.534426269531e+02,0.000000000000e+00,6.275978835304e-01,4.842529807083e+02,5.550095816318e+04,1.090000000000e+02
1.421000000000e+03,1.033081216542e+08,1.834751092191e+04,6.117865983285e+05,3.819798242677e-01,2.647485031313e+02,-1.498927000973e-04,-1.633830431060e-02,0.000000000000e+00,4.058169142853e+02,1.533966397461e+03,0.000000000000e+00,0.000000000000e+00,0.000000000000e+00,0.000000000000e+00,8.293601784092e-04,9.040025944660e-02,2.721454472345e+02,2.525922546387e+02,0.000000000000e+00,6.342628413874e-01,4.058169142853e+02,5.550075351563e+04,1.090000000000e+02
1.422000000000e+03,1.033066030301e+08,1.957878206512e+04,6.179121292672e+05,3.844432891038e-01,2.656867253695e+02,-1.287180299428e-04,-1.403026526376e-02,0.000000000000e+00,2.873522157494e+02,1.518623358955e+03,0.000000000000e+00,0.000000000000e+00,0.000000000000e+00,0.000000000000e+00,8.841727149948e-04,9.637482593443e-02,2.720942260605e+02,2.525356140137e+02,0.000000000000e+00,6.409073731986e-01,2.873522157494e+02,5.550057100689e+04,1.090000000000e+02
1.423000000000e+03,1.033050885176e+08,2.082221676691e+04,6.234716212066e+05,3.864522100098e-01,2.666844089101e+02,-1.090211243749e-04,-1.188330255686e-02,0.000000000000e+00,2.710783508668e+02,1.514513052663e+03,0.000000000000e+00,0.000000000000e+00,0.000000000000e+00,0.000000000000e+00,8.102782259140e-04,8.832032662463e-02,2.720489619743e+02,2.526210479736e+02,0.000000000000e+00,6.477054526007e-01,2.710783508668e+02,5.550040505393e+04,1.090000000000e+02
1.424000000000e+03,1.033035901667e+08,2.209029975034e+04,6.282139877574e+05,3.878543932858e-01,2.677416472458e+02,-1.029623194943e-04,-1.122289282488e-02,0.000000000000e+00,2.302688498707e+02,1.498351833299e+03,0.000000000000e+00,0.000000000000e+00,0.000000000000e+00,0.000000000000e+00,6.810309102020e-04,7.423236921202e-02,2.720384165764e+02,2.526845245361e+02,0.000000000000e+00,6.554652948072e-01,2.302688498707e+02,5.550036659475e+04,1.090000000000e+02
1.425000000000e+03,1.033021208192e+08,2.329642082842e+04,6.325694084036e+05,3.889670298079e-01,2.688266215472e+02,-1.071307749729e-04,-1.167725447204e-02,0.000000000000e+00,2.632268337490e+02,1.469347911826e+03,0.000000000000e+00,0.000000000000e+00,0.000000000000e+00,0.000000000000e+00,6.127877932398e-04,6.679386946314e-02,2.720444687546e+02,2.531290130615e+02,0.000000000000e+00,6.628704518570e-01,2.632268337490e+02,5.550038903922e+04,1.090000000000e+02
1.426000000000e+03,1.033006788503e+08,2.446760891793e+04,6.372070061090e+05,3.903179617298e-01,2.698607843156e+02,-1.179169019635e-04,-1.285294231402e-02,0.000000000000e+00,2.707813181470e+02,1.441969407663e+03,0.000000000000e+00,0.000000000000e+00,0.000000000000e+00,0.000000000000e+00,6.488988983363e-04,7.072997991865e-02,2.720139621992e+02,2.527994995117e+02,0.000000000000e+00,6.696847084477e-01,2.707813181470e+02,5.550027624430e+04,1.090000000000e+02
1.427000000000e+03,1.032992655547e+08,2.570277634202e+04,6.421432075588e+05,3.919061530331e-01,2.708503085278e+02,-1.232423330643e-04,-1.343341430401e-02,0.000000000000e+00,1.781283188177e+02,1.413295742900e+03,0.000000000000e+00,0.000000000000e+00,0.000000000000e+00,0.000000000000e+00,6.931473268656e-04,7.555305862835e-02,2.719543196593e+02,2.526025085449e+02,0.000000000000e+00,6.771509518212e-01,1.781283188177e+02,5.550005396455e+04,1.090000000000e+02
1.428000000000e+03,1.032978928124e+08,2.688376471481e+04,6.473027494823e+05,3.936463082087e-01,2.718202208817e+02,-1.320791961076e-04,-1.439663237573e-02,0.000000000000e+00,1.917545940314e+02,1.372742966830e+03,0.000000000000e+00,0.000000000000e+00,0.000000000000e+00,0.000000000000e+00,7.210420788455e-04,7.859358659416e-02,2.719216746646e+02,2.523730163574e+02,0.000000000000e+00,6.845238099248e-01,1.917545940314e+02,5.549993155873e+04,1.090000000000e+02
1.429000000000e+03,1.032965582210e+08,2.803945230764e+04,6.521864524776e+05,3.952261635145e-01,2.727762670758e+02,-1.261821744174e-04,-1.375385701150e-02,0.000000000000e+00,1.789035193328e+02,1.334591112158e+03,0.000000000000e+00,0.000000000000e+00,0.000000000000e+00,0.000000000000e+00,6.811076820460e-04,7.424073734301e-02,2.719218103156e+02,2.532419433594e+02,0.000000000000e+00,6.917900306241e-01,1.789035193328e+02,5.549993239458e+04,1.090000000000e+02
1.430000000000e+03,1.032952206018e+08,2.921179124041e+04,6.567952069988e+05,3.965875082339e-01,2.737625099408e+02,-1.007118761601e-04,-1.097759450145e-02,0.000000000000e+00,1.652804050105e+02,1.337619337783e+03,0.000000000000e+00,0.000000000000e+00,0.000000000000e+00,0.000000000000e+00,6.617609734163e-04,7.213194610238e-02,2.718382003793e+02,2.523300018311e+02,0.000000000000e+00,7.005142944286e-01,1.652804050105e+02,5.549960983189e+04,1.090000000000e+02
1.431000000000e+03,1.032938834051e+08,3.040424834713e+04,6.611620358024e+05,3.977732242020e-01,2.747622719040e+02,-8.937874540276e-05,-9.742283248901e-03,0.000000000000e+00,1.447399773798e+02,1.337197084094e+03,0.000000000000e+00,0.000000000000e+00,0.000000000000e+00,0.000000000000e+00,6.329033896571e-04,6.898646947262e-02,2.717834017960e+02,2.516966857910e+02,0.000000000000e+00,7.093008698840e-01,1.447399773798e+02,5.549939302661e+04,1.090000000000e+02
1.432000000000e+03,1.032925610138e+08,3.157457102660e+04,6.656848718959e+05,3.990948546194e-01,2.757259694011e+02,-1.079663442763e-04,-1.176833152611e-02,0.000000000000e+00,1.520685581482e+02,1.322391237624e+03,0.000000000000e+00,0.000000000000e+00,0.000000000000e+00,0.000000000000e+00,6.397746792584e-04,6.973544003917e-02,2.717717308628e+02,2.519540557861e+02,0.000000000000e+00,7.181954060679e-01,1.520685581482e+02,5.549934593982e+04,1.090000000000e+02
1.433000000000e+03,1.032912797271e+08,3.270009254657e+04,6.697035193887e+05,4.000220627072e-01,2.767480413716e+02,-1.153179411378e-04,-1.256965558402e-02,0.000000000000e+00,1.557662776587e+02,1.281287797625e+03,0.000000000000e+00,0.000000000000e+00,0.000000000000e+00,0.000000000000e+00,5.491880229925e-04,5.986149450619e-02,2.717460355757e+02,2.524174652100e+02,0.000000000000e+00,7.267378349164e-01,1.557662776587e+02,5.549924405982e+04,1.090000000000e+02
1.434000000000e+03,1.032900253615e+08,3.378315891914e+04,6.742593592228e+05,4.014210952463e-01,2.776589388684e+02,-1.229390696768e-04,-1.340035859478e-02,0.000000000000e+00,1.713002266054e+02,1.254366599175e+03,0.000000000000e+00,0.000000000000e+00,0.000000000000e+00,0.000000000000e+00,6.298937989638e-04,6.865842408705e-02,2.717799887153e+02,2.536688690186e+02,0.000000000000e+00,7.342666112260e-01,1.713002266054e+02,5.549937949018e+04,1.090000000000e+02
1.435000000000e+03,1.032887808459e+08,3.484334955805e+04,6.801578477619e+05,4.037717602083e-01,2.784570879709e+02,-1.485729566358e-04,-1.619445227330e-02,0.000000000000e+00,1.843252719879e+02,1.244515910903e+03,0.000000000000e+00,0.000000000000e+00,0.000000000000e+00,0.000000000000e+00,8.263791211408e-04,9.007532420435e-02,2.717919985705e+02,2.541053009033e+02,0.000000000000e+00,7.428249304258e-01,1.843252719879e+02,5.549942687553e+04,1.090000000000e+02
1.436000000000e+03,1.032875461073e+08,3.589708413262e+04,6.859409181679e+05,4.060617439806e-01,2.792411990821e+02,-1.386087948150e-04,-1.510835863484e-02,0.000000000000e+00,1.810048359713e+02,1.234739410543e+03,0.000000000000e+00,0.000000000000e+00,0.000000000000e+00,0.000000000000e+00,8.174497888142e-04,8.910202698074e-02,2.717809469596e+02,2.542877807617e+02,0.000000000000e+00,7.525832524527e-01,1.810048359713e+02,5.549938259078e+04,1.090000000000e+02
1.437000000000e+03,1.032863241368e+08,3.693510109190e+04,6.906953243511e+05,4.075618272711e-01,2.801416209922e+02,-1.109197384534e-04,-1.209025149142e-02,0.000000000000e+00,1.839535629253e+02,1.221970522203e+03,0.000000000000e+00,0.000000000000e+00,0.000000000000e+00,0.000000000000e+00,6.749420464537e-04,7.356868306346e-02,2.717889480490e+02,2.553469085693e+02,0.000000000000e+00,7.610280906243e-01,1.839535629253e+02,5.549941390658e+04,1.090000000000e+02
1.438000000000e+03,1.032851146062e+08,3.796816103574e+04,6.945451880188e+05,4.084202963400e-01,2.811118523540e+02,-1.096332404895e-04,-1.195002321336e-02,0.000000000000e+00,1.764708572660e+02,1.209530801107e+03,0.000000000000e+00,0.000000000000e+00,0.000000000000e+00,0.000000000000e+00,5.271195020546e-04,5.745602572395e-02,2.717462983869e+02,2.539951934814e+02,0.000000000000e+00,7.710581597715e-01,1.764708572660e+02,5.549924312523e+04,1.090000000000e+02
1.439000000000e+03,1.032839147783e+08,3.901133091178e+04,6.985215789137e+05,4.093783031634e-01,2.820609802799e+02,-1.109149608010e-04,-1.208973072731e-02,0.000000000000e+00,1.566575563172e+02,1.199827432353e+03,0.000000000000e+00,0.000000000000e+00,0.000000000000e+00,0.000000000000e+00,5.469442433329e-04,5.961692252328e-02,2.716825599759e+02,2.536811370850e+02,0.000000000000e+00,7.826881860267e-01,1.566575563172e+02,5.549898354242e+04,1.090000000000e+02
1.440000000000e+03,1.032827268048e+08,4.005476499139e+04,7.029533436863e+05,4.106813196297e-01,2.829510958666e+02,-1.043365218256e-04,-1.137268087899e-02,0.000000000000e+00,1.445403376601e+02,1.187974417269e+03,0.000000000000e+00,0.000000000000e+00,0.000000000000e+00,0.000000000000e+00,6.287472040425e-04,6.853344524063e-02,2.716267074552e+02,2.542044982910e+02,0.000000000000e+00,7.928585224689e-01,1.445403376601e+02,5.549875160394e+04,1.090000000000e+02
1.441000000000e+03,1.032815506187e+08,4.110299754921e+04,7.081175843491e+05,4.125560458509e-01,2.837363609495e+02,-1.014177431332e-04,-1.105453400152e-02,0.000000000000e+00,1.279548557073e+02,1.176187413532e+03,0.000000000000e+00,0.000000000000e+00,0.000000000000e+00,0.000000000000e+00,7.530040881567e-04,8.207744560909e-02,2.715441791050e+02,2.526791687012e+02,0.000000000000e+00,8.031596139953e-01,1.279548557073e+02,5.549840203820e+04,1.090000000000e+02
1.442000000000e+03,1.032803823687e+08,4.217781632707e+04,7.126803940225e+05,4.139406883482e-01,2.846128763134e+02,-8.917417272249e-05,-9.719984826751e-03,0.000000000000e+00,9.343033580085e+01,1.168249113656e+03,0.000000000000e+00,0.000000000000e+00,0.000000000000e+00,0.000000000000e+00,6.665236700878e-04,7.265108003957e-02,2.713905045481e+02,2.513524322510e+02,0.000000000000e+00,8.158944698672e-01,9.343033580085e+01,5.549772849980e+04,1.090000000000e+02
1.443000000000e+03,1.032792214387e+08,4.327163938079e+04,7.157042300541e+05,4.142570426877e-01,2.856050445645e+02,-7.635646879405e-05,-8.322855098552e-03,0.000000000000e+00,6.710609097583e+01,1.160929144701e+03,0.000000000000e+00,0.000000000000e+00,0.000000000000e+00,0.000000000000e+00,4.246937552782e-04,4.629161932533e-02,2.712692022027e+02,2.503384704590e+02,0.000000000000e+00,8.289806603108e-01,6.710609097583e+01,5.549717490251e+04,1.090000000000e+02
1.444000000000e+03,1.032780786976e+08,4.433841819151e+04,7.193018833793e+05,4.149810189429e-01,2.865395525459e+02,-9.255095204893e-05,-1.008805377333e-02,0.000000000000e+00,7.596179140045e+01,1.142740602124e+03,0.000000000000e+00,0.000000000000e+00,0.000000000000e+00,0.000000000000e+00,5.020214549315e-04,5.472033858753e-02,2.712856386737e+02,2.508208923340e+02,0.000000000000e+00,8.411846609947e-01,7.596179140045e+01,5.549724937911e+04,1.090000000000e+02
1.445000000000e+03,1.032769617892e+08,4.535347027948e+04,7.242532321195e+05,4.166992215700e-01,2.873209401820e+02,-1.152008948226e-04,-1.255689753566e-02,0.000000000000e+00,1.018576408075e+02,1.116909728774e+03,0.000000000000e+00,0.000000000000e+00,0.000000000000e+00,0.000000000000e+00,7.027346324563e-04,7.659807493773e-02,2.713442257281e+02,2.522371978760e+02,0.000000000000e+00,8.541433808713e-01,1.018576408075e+02,5.549751682571e+04,1.090000000000e+02
1.446000000000e+03,1.032758729427e+08,4.631770696924e+04,7.294563681518e+05,4.186113947413e-01,2.880614025096e+02,-1.134396500369e-04,-1.236492185402e-02,0.000000000000e+00,1.246105411423e+02,1.088847230901e+03,0.000000000000e+00,0.000000000000e+00,0.000000000000e+00,0.000000000000e+00,7.459325004578e-04,8.130664254990e-02,2.714220730778e+02,2.537629241943e+02,0.000000000000e+00,8.647814749607e-01,1.246105411423e+02,5.549786624017e+04,1.090000000000e+02
1.447000000000e+03,1.032748123488e+08,4.724076918928e+04,7.345548163380e+05,4.204401739451e-01,2.888119083478e+02,-1.086041975123e-04,-1.183785752884e-02,0.000000000000e+00,1.375314382120e+02,1.060593658247e+03,0.000000000000e+00,0.000000000000e+00,0.000000000000e+00,0.000000000000e+00,7.337381348240e-04,7.997745669582e-02,2.714714749365e+02,2.542690124512e+02,0.000000000000e+00,8.779686022425e-01,1.375314382120e+02,5.549808465691e+04,1.090000000000e+02
1.448000000000e+03,1.032737764184e+08,4.814639028188e+04,7.407805438519e+05,4.230723682560e-01,2.894480097032e+02,-1.297371078649e-04,-1.414134475727e-02,0.000000000000e+00,1.303084065578e+02,1.035929499164e+03,0.000000000000e+00,0.000000000000e+00,0.000000000000e+00,0.000000000000e+00,8.995875461173e-04,9.805504252679e-02,2.714547869874e+02,2.540317077637e+02,0.000000000000e+00,8.897094236805e-01,1.303084065578e+02,5.549801264934e+04,1.090000000000e+02
1.449000000000e+03,1.032727635202e+08,4.904038345829e+04,7.467367394723e+05,4.254916849264e-01,2.901167544946e+02,-1.288731974785e-04,-1.404717852516e-02,0.000000000000e+00,1.189041030590e+02,1.012897279471e+03,0.000000000000e+00,0.000000000000e+00,0.000000000000e+00,0.000000000000e+00,8.559377695351e-04,9.329721687933e-02,2.714342419805e+02,2.541607360840e+02,0.000000000000e+00,9.008460657839e-01,1.189041030590e+02,5.549792306627e+04,1.090000000000e+02
1.450000000000e+03,1.032717732894e+08,4.992631964349e+04,7.522762034885e+05,4.276690346482e-01,2.907824013363e+02,-1.216982812509e-04,-1.326511265635e-02,0.000000000000e+00,1.042953237653e+02,9.902315089619e+02,0.000000000000e+00,0.000000000000e+00,0.000000000000e+00,0.000000000000e+00,7.946634374960e-04,8.661831468706e-02,2.713702355676e+02,2.529650726318e+02,0.000000000000e+00,9.124125461942e-01,1.042953237653e+02,5.549763857250e+04,1.090000000000e+02
1.451000000000e+03,1.032708043531e+08,5.080819621679e+04,7.577827896733e+05,4.297583577570e-01,2.914882966248e+02,-1.195902635820e-04,-1.303533873043e-02,0.000000000000e+00,8.705977123752e+01,9.689363445367e+02,0.000000000000e+00,0.000000000000e+00,0.000000000000e+00,0.000000000000e+00,7.913113118344e-04,8.625293298995e-02,2.713107001799e+02,2.524856262207e+02,0.000000000000e+00,9.216962660796e-01,8.705977123752e+01,5.549736903887e+04,1.090000000000e+02
1.452000000000e+03,1.032698586620e+08,5.167209299946e+04,7.628096421742e+05,4.315464785136e-01,2.922069207100e+02,-1.112784463162e-04,-1.212935064846e-02,0.000000000000e+00,8.179364127885e+01,9.456904239503e+02,0.000000000000e+00,0.000000000000e+00,0.000000000000e+00,0.000000000000e+00,7.200568297801e-04,7.848619444603e-02,2.712778328461e+02,2.527892150879e+02,0.000000000000e+00,9.316318681834e-01,8.179364127885e+01,5.549721836966e+04,1.090000000000e+02
1.453000000000e+03,1.032689349346e+08,5.252407067983e+04,7.677222843434e+05,4.332721363463e-01,2.929191294497e+02,-1.081150949487e-04,-1.178454534941e-02,0.000000000000e+00,7.174848013893e+01,9.237261605086e+02,0.000000000000e+00,0.000000000000e+00,0.000000000000e+00,0.000000000000e+00,7.047145180209e-04,7.681388246428e-02,2.712107739969e+02,2.516610565186e+02,0.000000000000e+00,9.415438663626e-01,7.174848013893e+01,5.549690631148e+04,1.090000000000e+02
1.454000000000e+03,1.032680296553e+08,5.336577038034e+04,7.717711792590e+05,4.342894444940e-01,2.937756567195e+02,-1.070580134873e-04,-1.166932347012e-02,0.000000000000e+00,6.357486818611e+01,9.052745686963e+02,0.000000000000e+00,0.000000000000e+00,0.000000000000e+00,0.000000000000e+00,5.629084785630e-04,6.135702416337e-02,2.711522668538e+02,2.513882751465e+02,0.000000000000e+00,9.498467161738e-01,6.357486818611e+01,5.549662914832e+04,1.090000000000e+02
1.455000000000e+03,1.032671425480e+08,5.419197671921e+04,7.750830470317e+05,4.348683983040e-01,2.946446068400e+02,-1.021221691656e-04,-1.113131643905e-02,0.000000000000e+00,6.089933517180e+01,8.871056740403e+02,0.000000000000e+00,0.000000000000e+00,0.000000000000e+00,0.000000000000e+00,4.458375936037e-04,4.859629770280e-02,2.711103004373e+02,2.516314849854e+02,0.000000000000e+00,9.580808071641e-01,6.089933517180e+01,5.549642743646e+04,1.090000000000e+02
1.456000000000e+03,1.032662725086e+08,5.500182479433e+04,7.781245370677e+05,4.352490419688e-01,2.955427668653e+02,-1.090182929547e-04,-1.188299393207e-02,0.000000000000e+00,6.018806686075e+01,8.700361419826e+02,0.000000000000e+00,0.000000000000e+00,0.000000000000e+00,0.000000000000e+00,3.940562586596e-04,4.295213219390e-02,2.710856636518e+02,2.525847625732e+02,0.000000000000e+00,9.654659939766e-01,6.018806686075e+01,5.549630781376e+04,1.090000000000e+02
1.457000000000e+03,1.032654804718e+08,5.573040847495e+04,7.820815107554e+05,4.363236148394e-01,2.963143942107e+02,-1.235881988736e-04,-1.347111367722e-02,0.000000000000e+00,6.345207798028e+01,7.920357585997e+02,0.000000000000e+00,0.000000000000e+00,0.000000000000e+00,0.000000000000e+00,5.306718735290e-04,5.784323421466e-02,2.710767615439e+02,2.525290985107e+02,0.000000000000e+00,9.716715683405e-01,6.345207798028e+01,5.549625723606e+04,1.090000000000e+02
1.458000000000e+03,1.032646997034e+08,5.644602792280e+04,7.872286105914e+05,4.382048879897e-01,2.969846072857e+02,-1.343281387238e-04,-1.464176712089e-02,0.000000000000e+00,6.514800701510e+01,7.807674548589e+02,0.000000000000e+00,0.000000000000e+00,0.000000000000e+00,0.000000000000e+00,7.168101108929e-04,7.813230208733e-02,2.710554550005e+02,2.516068267822e+02,0.000000000000e+00,9.780695151970e-01,6.514800701510e+01,5.549615052091e+04,1.090000000000e+02
1.459000000000e+03,1.032639142062e+08,5.717224265945e+04,7.928978021916e+05,4.404997693150e-01,2.975663801862e+02,-1.196862251430e-04,-1.304579854059e-02,0.000000000000e+00,5.928168541674e+01,7.854964220729e+02,0.000000000000e+00,0.000000000000e+00,0.000000000000e+00,0.000000000000e+00,8.181284520253e-04,8.917600127075e-02,2.710026305535e+02,2.512489471436e+02,0.000000000000e+00,9.863937719832e-01,5.928168541674e+01,5.549588986348e+04,1.090000000000e+02
1.460000000000e+03,1.032631319280e+08,5.789980128747e+04,7.988420390895e+05,4.428828353734e-01,2.981852445404e+02,-1.049453806925e-04,-1.143904649549e-02,0.000000000000e+00,5.471624268301e+01,7.822748707009e+02,0.000000000000e+00,0.000000000000e+00,0.000000000000e+00,0.000000000000e+00,8.782517369355e-04,9.572943932596e-02,2.709578719854e+02,2.512489471436e+02,0.000000000000e+00,9.929771571947e-01,5.471624268301e+01,5.549566648647e+04,1.090000000000e+02
