# Observation File: observation_2D.dat column names:
# -----------------------------------------------------------------------------
# Observation Name: time [d]
# -----------------------------------------------------------------------------
# Observation Name: water content [mol]
# Region: subsurface domain
# Reduction: extensive integral
# Variable: water_content
# Number of Vectors: 1
# -----------------------------------------------------------------------------
# Observation Name: surface water content [mol]
# Region: surface domain
# Reduction: extensive integral
# Variable: surface-water_content
# Number of Vectors: 1
# -----------------------------------------------------------------------------
# Observation Name: snow water content [mol]
# Region: surface domain
# Reduction: extensive integral
# Variable: snow-water_content
# Number of Vectors: 1
# -----------------------------------------------------------------------------
# Observation Name: snow depth [m]
# Region: surface domain
# Reduction: average
# Variable: snow-depth
# Number of Vectors: 1
# -----------------------------------------------------------------------------
# Observation Name: snow density [kg/m^3]
# Region: surface domain
# Reduction: average
# Variable: snow-density
# Number of Vectors: 1
# -----------------------------------------------------------------------------
# Observation Name: evaporation rate [m/d]
# Region: surface domain
# Reduction: average
# Variable: surface-evaporative_flux
# Number of Vectors: 1
# -----------------------------------------------------------------------------
# Observation Name: evaporation cumulation [m3/d]
# Region: surface domain
# Reduction: integral
# Variable: surface-evaporative_flux
# Number of Vectors: 1
# -----------------------------------------------------------------------------
# Observation Name: subsurface evaporation cumulation [m3/d]
# Region: surface domain
# Reduction: integral
# Variable: surface-subsurface_evaporative_flux
# Number of Vectors: 1
# -----------------------------------------------------------------------------
# Observation Name: discharge cumulation [mol/d]
# Region: surface outlet
# Reduction: extensive integral
# Variable: surface-water_flux
# Number of Vectors: 1
# -----------------------------------------------------------------------------
# Observation Name: surface-subsurface exchange cumulation [mol/d]
# Region: surface domain
# Reduction: extensive integral
# Variable: surface-surface_subsurface_flux
# Number of Vectors: 1
# -----------------------------------------------------------------------------
# Observation Name: snowmelt rate [m/d]
# Region: surface domain
# Reduction: average
# Variable: snow-melt
# Number of Vectors: 1
# -----------------------------------------------------------------------------
# Observation Name: snowmelt cumulation [m3/d]
# Region: surface domain
# Reduction: integral
# Variable: snow-melt
# Number of Vectors: 1
# -----------------------------------------------------------------------------
# Observation Name: rain [m/d]
# Region: surface domain
# Reduction: average
# Variable: surface-precipitation_rain
# Number of Vectors: 1
# -----------------------------------------------------------------------------
# Observation Name: rain cumulation [m3/d]
# Region: surface domain
# Reduction: integral
# Variable: surface-precipitation_rain
# Number of Vectors: 1
# -----------------------------------------------------------------------------
# Observation Name: snow [mSWE/d]
# Region: surface domain
# Reduction: average
# Variable: snow-precipitation
# Number of Vectors: 1
# -----------------------------------------------------------------------------
# Observation Name: snow cumulation [m3SWE/d]
# Region: surface domain
# Reduction: integral
# Variable: snow-precipitation
# Number of Vectors: 1
# -----------------------------------------------------------------------------
# Observation Name: surface temperature [K]
# Region: surface domain
# Reduction: average
# Variable: surface-temperature
# Number of Vectors: 1
# -----------------------------------------------------------------------------
# Observation Name: air temperature [K]
# Region: surface domain
# Reduction: average
# Variable: surface-air_temperature
# Number of Vectors: 1
# -----------------------------------------------------------------------------
# Observation Name: thaw depth [m]
# Region: surface domain
# Reduction: average
# Variable: surface-thaw_depth
# Number of Vectors: 1
# -----------------------------------------------------------------------------
# Observation Name: water table depth [m]
# Region: surface domain
# Reduction: average
# Variable: surface-water_table
# Number of Vectors: 1
# -----------------------------------------------------------------------------
# Observation Name: net runoff [mol/d]
# Region: surface outlet
# Reduction: extensive integral
# Variable: surface-water_flux
# Number of Vectors: 1
# -----------------------------------------------------------------------------
# Observation Name: molar density liquid [mol m^-3]
# Region: surface domain
# Reduction: average
# Variable: surface-molar_density_liquid
# Number of Vectors: 1
# -----------------------------------------------------------------------------
# Observation Name: surface area [m^2]
# Region: surface domain
# Reduction: extensive integral
# Variable: surface-cell_volume
# Number of Vectors: 1
# =============================================================================
"time [d]","water content [mol]","surface water content [mol]","snow water content [mol]","snow depth [m]","snow density [kg/m^3]","evaporation rate [m/d]","evaporation cumulation [m3/d]","subsurface evaporation cumulation [m3/d]","discharge cumulation [mol/d]","surface-subsurface exchange cumulation [mol/d]","snowmelt rate [m/d]","snowmelt cumulation [m3/d]","rain [m/d]","rain cumulation [m3/d]","snow [mSWE/d]","snow cumulation [m3SWE/d]","surface temperature [K]","air temperature [K]","thaw depth [m]","water table depth [m]","net runoff [mol/d]","molar density liquid [mol m^-3]","surface area [m^2]"
0.000000000000e+00,1.032691736213e+08,6.110085783799e+04,7.988824163192e+05,4.429246337191e-01,2.981713285965e+02,0.000000000000e+00,0.000000000000e+00,0.000000000000e+00,0.000000000000e+00,0.000000000000e+00,0.000000000000e+00,0.000000000000e+00,0.000000000000e+00,0.000000000000e+00,0.000000000000e+00,0.000000000000e+00,2.709788016519e+02,2.519989776611e+02,0.000000000000e+00,9.530212068980e-01,0.000000000000e+00,5.549577429193e+04,1.090000000000e+02
1.000000000000e+00,1.032683074043e+08,6.190370642700e+04,8.053981907735e+05,4.457641612286e-01,2.986878829993e+02,-1.813308339211e-04,-1.976506089741e-02,0.000000000000e+00,6.336609899939e+01,8.662146880068e+02,0.000000000000e+00,0.000000000000e+00,0.000000000000e+00,0.000000000000e+00,8.955958799124e-04,9.761995091045e-02,2.709982522912e+02,2.520103759766e+02,0.000000000000e+00,9.603206767984e-01,6.336609899939e+01,5.549587100466e+04,1.090000000000e+02
2.000000000000e+00,1.032674572166e+08,6.268974070199e+04,8.113632728151e+05,4.481391705447e-01,2.993052383598e+02,-1.941728937486e-04,-2.116484541860e-02,0.000000000000e+00,6.414951404487e+01,8.501837890351e+02,0.000000000000e+00,0.000000000000e+00,0.000000000000e+00,0.000000000000e+00,7.918714723122e-04,8.631399048203e-02,2.710042899846e+02,2.526075439453e+02,0.000000000000e+00,9.682737881118e-01,6.414951404487e+01,5.549590089807e+04,1.090000000000e+02
3.000000000000e+00,1.032666225649e+08,6.346181322168e+04,8.156595436896e+05,4.494146786572e-01,3.000367950458e+02,-1.695376328177e-04,-1.847960197713e-02,0.000000000000e+00,6.257629393297e+01,8.346488136193e+02,0.000000000000e+00,0.000000000000e+00,0.000000000000e+00,0.000000000000e+00,5.409996833548e-04,5.896896548567e-02,2.709796761753e+02,2.526165313721e+02,0.000000000000e+00,9.744059704335e-01,6.257629393297e+01,5.549577810958e+04,1.090000000000e+02
4.000000000000e+00,1.032658018456e+08,6.422333627476e+04,8.203836613916e+05,4.510138384147e-01,3.007052823378e+02,-1.249325816216e-04,-1.361765139676e-02,0.000000000000e+00,5.919274305468e+01,8.207157961394e+02,0.000000000000e+00,0.000000000000e+00,0.000000000000e+00,0.000000000000e+00,6.563707914043e-04,7.154441626307e-02,2.709525884201e+02,2.526100158691e+02,0.000000000000e+00,9.817350645518e-01,5.919274305468e+01,5.549564206331e+04,1.090000000000e+02
5.000000000000e+00,1.032649921793e+08,6.498463125179e+04,8.257967769880e+05,4.530825380627e-01,3.013107150195e+02,-1.131809787139e-04,-1.233672667981e-02,0.000000000000e+00,4.837109376828e+01,8.096660707946e+02,0.000000000000e+00,0.000000000000e+00,0.000000000000e+00,0.000000000000e+00,7.831983825034e-04,8.536862369287e-02,2.708331579995e+02,2.508502655029e+02,0.000000000000e+00,9.898894216122e-01,4.837109376828e+01,5.549503072785e+04,1.090000000000e+02
6.000000000000e+00,1.032641892472e+08,6.575455023848e+04,8.312175642945e+05,4.551502386006e-01,3.019147507699e+02,-1.188140240465e-04,-1.295072862107e-02,0.000000000000e+00,3.301345060102e+01,8.029324372989e+02,0.000000000000e+00,0.000000000000e+00,0.000000000000e+00,0.000000000000e+00,7.791319235506e-04,8.492537966702e-02,2.706962772962e+02,2.500630798340e+02,0.000000000000e+00,9.986451189311e-01,3.301345060102e+01,5.549430660142e+04,1.090000000000e+02
7.000000000000e+00,1.032633948924e+08,6.652139781485e+04,8.369775514610e+05,4.574278862761e-01,3.024959665893e+02,-1.267958230400e-04,-1.382074471136e-02,0.000000000000e+00,2.750392142001e+01,7.943514977836e+02,0.000000000000e+00,0.000000000000e+00,0.000000000000e+00,0.000000000000e+00,8.267223364248e-04,9.011273467031e-02,2.706023116959e+02,2.503898010254e+02,0.000000000000e+00,1.007206790611e+00,2.750392142001e+01,5.549379417112e+04,1.090000000000e+02
8.000000000000e+00,1.032626132999e+08,6.727098547302e+04,8.413396859846e+05,4.587280312591e-01,3.032107345671e+02,-1.327350623389e-04,-1.446812179494e-02,0.000000000000e+00,3.200388000331e+01,7.815915381775e+02,0.000000000000e+00,0.000000000000e+00,0.000000000000e+00,0.000000000000e+00,5.884359292136e-04,6.413951628428e-02,2.706013806106e+02,2.510000000000e+02,0.000000000000e+00,1.015840275747e+00,3.200388000331e+01,5.549378734484e+04,1.090000000000e+02
9.000000000000e+00,1.032618472858e+08,6.800154323378e+04,8.451442077993e+05,4.597525630145e-01,3.039034233122e+02,-1.293254331941e-04,-1.409647221816e-02,0.000000000000e+00,3.545393523605e+01,7.660116959891e+02,0.000000000000e+00,0.000000000000e+00,0.000000000000e+00,0.000000000000e+00,4.997870699131e-04,5.447679062053e-02,2.705913002136e+02,2.510683288574e+02,0.000000000000e+00,1.021416535260e+00,3.545393523605e+01,5.549373013194e+04,1.090000000000e+02
1.000000000000e+01,1.032610964093e+08,6.871636266052e+04,8.493967096979e+05,4.609370967809e-01,3.046478249552e+02,-1.262774993474e-04,-1.376424742886e-02,0.000000000000e+00,3.605654441491e+01,7.508759711553e+02,0.000000000000e+00,0.000000000000e+00,0.000000000000e+00,0.000000000000e+00,5.768279381833e-04,6.287424526198e-02,2.705862623519e+02,2.517420959473e+02,0.000000000000e+00,1.030928218731e+00,3.605654441491e+01,5.549370077034e+04,1.090000000000e+02
1.100000000000e+01,1.032603582441e+08,6.942609018220e+04,8.530437135403e+05,4.617778645953e-01,3.054019033513e+02,-1.103736122539e-04,-1.203072373567e-02,0.000000000000e+00,2.843780745294e+01,7.381653291415e+02,0.000000000000e+00,0.000000000000e+00,0.000000000000e+00,0.000000000000e+00,4.939787489880e-04,5.384368363969e-02,2.704863946407e+02,2.507825164795e+02,0.000000000000e+00,1.037169805720e+00,2.843780745294e+01,5.549314056536e+04,1.090000000000e+02
1.200000000000e+01,1.032596328361e+08,7.012505888585e+04,8.566012005284e+05,4.625805410388e-01,3.061437583777e+02,-9.757066388097e-05,-1.063520236303e-02,0.000000000000e+00,2.643964919994e+01,7.254083528503e+02,0.000000000000e+00,0.000000000000e+00,0.000000000000e+00,0.000000000000e+00,4.907338751570e-04,5.348999239212e-02,2.704750710779e+02,2.513494567871e+02,0.000000000000e+00,1.046303154347e+00,2.643964919994e+01,5.549307419784e+04,1.090000000000e+02
1.300000000000e+01,1.032589249581e+08,7.080113987474e+04,8.608957953819e+05,4.639344683253e-01,3.067807366209e+02,-1.170995019182e-04,-1.276384570908e-02,0.000000000000e+00,3.179518089883e+01,7.078761697821e+02,0.000000000000e+00,0.000000000000e+00,0.000000000000e+00,0.000000000000e+00,5.929111657693e-04,6.462731706885e-02,2.704747199055e+02,2.517384948730e+02,0.000000000000e+00,1.052519152988e+00,3.179518089883e+01,5.549306885793e+04,1.090000000000e+02
1.400000000000e+01,1.032582334548e+08,7.146237540244e+04,8.656353259791e+05,4.654893107347e-01,3.074404434908e+02,-1.558747408830e-04,-1.699034675625e-02,0.000000000000e+00,3.026710313156e+01,6.915026308356e+02,0.000000000000e+00,0.000000000000e+00,0.000000000000e+00,0.000000000000e+00,6.282048932704e-04,6.847433336647e-02,2.704397106284e+02,2.516017303467e+02,0.000000000000e+00,1.059232432050e+00,3.026710313156e+01,5.549286543527e+04,1.090000000000e+02
1.500000000000e+01,1.032575576871e+08,7.211025532099e+04,8.695532745389e+05,4.665512291067e-01,3.081303567284e+02,-1.579220885828e-04,-1.721350765552e-02,0.000000000000e+00,2.788661762374e+01,6.757665361695e+02,0.000000000000e+00,0.000000000000e+00,0.000000000000e+00,0.000000000000e+00,4.904331340758e-04,5.345721161427e-02,2.703987211636e+02,2.519206085205e+02,0.000000000000e+00,1.068149377901e+00,2.788661762374e+01,5.549262486159e+04,1.090000000000e+02
1.600000000000e+01,1.032568986997e+08,7.274169856572e+04,8.732465306587e+05,4.674803289905e-01,3.088252138996e+02,-1.499405378835e-04,-1.634351862931e-02,0.000000000000e+00,2.754369455164e+01,6.589869392878e+02,0.000000000000e+00,0.000000000000e+00,0.000000000000e+00,0.000000000000e+00,4.611737891301e-04,5.026794301518e-02,2.703648670501e+02,2.518365478516e+02,0.000000000000e+00,1.075694446557e+00,2.754369455164e+01,5.549242224947e+04,1.090000000000e+02
1.700000000000e+01,1.032563388557e+08,7.327779737247e+04,8.783245244754e+05,4.693291837384e-01,3.094012087553e+02,-1.494716945410e-04,-1.629241470497e-02,0.000000000000e+00,2.374520730236e+01,5.598440140446e+02,0.000000000000e+00,0.000000000000e+00,0.000000000000e+00,0.000000000000e+00,6.918311656698e-04,7.540959705801e-02,2.702541803532e+02,2.510751037598e+02,0.000000000000e+00,1.081567570069e+00,2.374520730236e+01,5.549174190527e+04,1.090000000000e+02
1.800000000000e+01,1.032557917597e+08,7.381036982805e+04,8.835992215495e+05,4.712501353861e-01,3.099965816532e+02,-1.290063545005e-04,-1.406169264055e-02,0.000000000000e+00,1.452349626254e+01,5.470959518420e+02,0.000000000000e+00,0.000000000000e+00,0.000000000000e+00,0.000000000000e+00,7.459069516573e-04,8.130385773064e-02,2.700796761064e+02,2.503266143799e+02,0.000000000000e+00,1.088386747690e+00,1.452349626254e+01,5.549065588021e+04,1.090000000000e+02
1.900000000000e+01,1.032552286778e+08,7.436383674486e+04,8.875579066472e+05,4.723868767182e-01,3.106398730966e+02,-1.212544120343e-04,-1.321673091173e-02,0.000000000000e+00,9.615553829768e+00,5.630824706402e+02,0.000000000000e+00,0.000000000000e+00,0.000000000000e+00,0.000000000000e+00,5.350125302156e-04,5.831636579350e-02,2.699754974552e+02,2.501602478027e+02,0.000000000000e+00,1.094335329210e+00,9.615553829768e+00,5.548998516534e+04,1.090000000000e+02
2.000000000000e+01,1.032545985549e+08,7.498368284844e+04,8.905525893320e+05,4.727884547260e-01,3.114252220453e+02,-1.283078388343e-04,-1.398555443294e-02,0.000000000000e+00,1.027685486665e+01,6.301229584492e+02,0.000000000000e+00,0.000000000000e+00,0.000000000000e+00,0.000000000000e+00,3.677406440285e-04,4.008373019910e-02,2.699199612456e+02,2.511623840332e+02,0.000000000000e+00,1.103663653144e+00,1.027685486665e+01,5.548963514697e+04,1.090000000000e+02
2.100000000000e+01,1.032539872332e+08,7.558540564455e+04,8.938149910686e+05,4.734181219858e-01,3.121528581689e+02,-1.395020250340e-04,-1.520572072870e-02,0.000000000000e+00,9.599480193731e+00,6.113222763085e+02,0.000000000000e+00,0.000000000000e+00,0.000000000000e+00,0.000000000000e+00,4.010670702624e-04,4.371631065860e-02,2.698539104434e+02,2.513104553223e+02,0.000000000000e+00,1.109744314898e+00,9.599480193731e+00,5.548919096213e+04,1.090000000000e+02
2.200000000000e+01,1.032534010334e+08,7.616576835625e+04,8.978461056741e+05,4.746099203915e-01,3.127774532240e+02,-1.224340234877e-04,-1.334530856016e-02,0.000000000000e+00,5.836673403621e+00,5.861993851041e+02,0.000000000000e+00,0.000000000000e+00,0.000000000000e+00,0.000000000000e+00,5.460267862562e-04,5.951691970192e-02,2.697453417537e+02,2.510350799561e+02,0.000000000000e+00,1.115482667175e+00,5.836673403621e+00,5.548845268393e+04,1.090000000000e+02
2.300000000000e+01,1.032528360605e+08,7.672957130852e+04,9.022781529578e+05,4.761053638980e-01,3.133390306083e+02,-1.207345908788e-04,-1.316007040579e-02,0.000000000000e+00,1.169990553670e+00,5.649729428187e+02,0.000000000000e+00,0.000000000000e+00,0.000000000000e+00,0.000000000000e+00,6.143751975412e-04,6.696689653199e-02,2.696210898006e+02,2.509133758545e+02,0.000000000000e+00,1.119701048041e+00,1.169990553670e+00,5.548758761537e+04,1.090000000000e+02
2.400000000000e+01,1.032522914814e+08,7.727415041162e+04,9.073006713782e+05,4.780357816223e-01,3.138179088336e+02,-1.469505273070e-04,-1.601760747646e-02,0.000000000000e+00,0.000000000000e+00,5.445791031016e+02,0.000000000000e+00,0.000000000000e+00,0.000000000000e+00,0.000000000000e+00,6.868461309898e-04,7.486622827789e-02,2.694464579051e+02,2.503815002441e+02,0.000000000000e+00,1.125168689703e+00,0.000000000000e+00,5.548634085634e+04,1.090000000000e+02
2.500000000000e+01,1.032517634568e+08,7.780217500196e+04,9.115864214440e+05,4.792717749906e-01,3.144962573423e+02,-1.437363332840e-04,-1.566726032796e-02,0.000000000000e+00,0.000000000000e+00,5.280245903401e+02,0.000000000000e+00,0.000000000000e+00,0.000000000000e+00,0.000000000000e+00,5.692526941012e-04,6.204854365704e-02,2.692294094909e+02,2.495313720703e+02,0.000000000000e+00,1.132750753197e+00,0.000000000000e+00,5.548473405763e+04,1.090000000000e+02
2.600000000000e+01,1.032512528048e+08,7.831282705236e+04,9.149860951880e+05,4.800042132433e-01,3.151953548624e+02,-1.522998469030e-04,-1.660068331243e-02,0.000000000000e+00,0.000000000000e+00,5.106520503990e+02,0.000000000000e+00,0.000000000000e+00,0.000000000000e+00,0.000000000000e+00,4.136182882193e-04,4.508439341590e-02,2.690496604458e+02,2.494858703613e+02,0.000000000000e+00,1.137383544661e+00,0.000000000000e+00,5.548334613037e+04,1.090000000000e+02
2.700000000000e+01,1.032507619751e+08,7.880365670302e+04,9.182333579342e+05,4.806585598582e-01,3.158891602976e+02,-1.527342032096e-04,-1.664802814984e-02,0.000000000000e+00,0.000000000000e+00,4.908296506609e+02,0.000000000000e+00,0.000000000000e+00,0.000000000000e+00,0.000000000000e+00,3.869949763328e-04,4.218245242027e-02,2.689226579871e+02,2.502594757080e+02,0.000000000000e+00,1.141354114445e+00,0.000000000000e+00,5.548232871305e+04,1.090000000000e+02
2.800000000000e+01,1.032502909298e+08,7.927470201057e+04,9.217022949633e+05,4.814808477915e-01,3.165488106491e+02,-1.319171052367e-04,-1.437896447080e-02,0.000000000000e+00,0.000000000000e+00,4.710453075541e+02,0.000000000000e+00,0.000000000000e+00,0.000000000000e+00,0.000000000000e+00,4.454423663455e-04,4.855321793166e-02,2.687558491155e+02,2.504782257080e+02,0.000000000000e+00,1.143893614017e+00,0.000000000000e+00,5.548096389614e+04,1.090000000000e+02
2.900000000000e+01,1.032498373805e+08,7.972825131151e+04,9.255353872472e+05,4.825535880848e-01,3.171693077181e+02,-1.213277063347e-04,-1.322471999048e-02,0.000000000000e+00,0.000000000000e+00,4.535493009345e+02,0.000000000000e+00,0.000000000000e+00,0.000000000000e+00,0.000000000000e+00,5.176682296617e-04,5.642583703313e-02,2.685341777553e+02,2.498409729004e+02,0.000000000000e+00,1.147704474470e+00,0.000000000000e+00,5.547909529266e+04,1.090000000000e+02
3.000000000000e+01,1.032494026020e+08,8.016302987009e+04,9.301709116656e+05,4.841713602195e-01,3.176987723708e+02,-1.460192194490e-04,-1.591609491995e-02,0.000000000000e+00,0.000000000000e+00,4.347785585804e+02,0.000000000000e+00,0.000000000000e+00,0.000000000000e+00,0.000000000000e+00,6.234392724865e-04,6.795488070103e-02,2.684147612188e+02,2.503921813965e+02,0.000000000000e+00,1.149746652381e+00,0.000000000000e+00,5.547804857948e+04,1.090000000000e+02
3.100000000000e+01,1.032489867532e+08,8.057887863653e+04,9.345712182881e+05,4.855628713765e-01,3.182961176859e+02,-1.571656162526e-04,-1.713105217153e-02,0.000000000000e+00,0.000000000000e+00,4.158487664441e+02,0.000000000000e+00,0.000000000000e+00,0.000000000000e+00,0.000000000000e+00,5.749634839682e-04,6.267101975253e-02,2.682358440085e+02,2.503721160889e+02,0.000000000000e+00,1.151990622711e+00,0.000000000000e+00,5.547644941821e+04,1.090000000000e+02
3.200000000000e+01,1.032485900974e+08,8.097553446469e+04,9.387169149701e+05,4.868210121909e-01,3.188854491491e+02,-1.760680919382e-04,-1.919142202127e-02,0.000000000000e+00,0.000000000000e+00,3.966558281605e+02,0.000000000000e+00,0.000000000000e+00,0.000000000000e+00,0.000000000000e+00,5.112911448670e-04,5.573073479050e-02,2.681676293727e+02,2.512306823730e+02,0.000000000000e+00,1.154828245923e+00,0.000000000000e+00,5.547581645058e+04,1.090000000000e+02
3.300000000000e+01,1.032482152568e+08,8.135037502131e+04,9.439143300475e+05,4.888157767291e-01,3.193423315292e+02,-2.086432167036e-04,-2.274211062069e-02,0.000000000000e+00,0.000000000000e+00,3.748405566149e+02,0.000000000000e+00,0.000000000000e+00,0.000000000000e+00,0.000000000000e+00,6.507888805327e-04,7.093598797806e-02,2.681732436677e+02,2.528276824951e+02,0.000000000000e+00,1.154850909800e+00,0.000000000000e+00,5.547584868617e+04,1.090000000000e+02
3.400000000000e+01,1.032478606570e+08,8.170497483539e+04,9.496830027844e+05,4.911254455232e-01,3.197863226805e+02,-1.919076448480e-04,-2.091793328843e-02,0.000000000000e+00,0.000000000000e+00,3.545998140772e+02,0.000000000000e+00,0.000000000000e+00,0.000000000000e+00,0.000000000000e+00,7.637217982928e-04,8.324567601391e-02,2.681115656024e+02,2.528637695313e+02,0.000000000000e+00,1.156263668064e+00,0.000000000000e+00,5.547527122310e+04,1.090000000000e+02
3.500000000000e+01,1.032475228324e+08,8.204279941583e+04,9.551935228549e+05,4.932526313546e-01,3.202612196962e+02,-1.470420300530e-04,-1.602758127578e-02,0.000000000000e+00,0.000000000000e+00,3.378245804422e+02,0.000000000000e+00,0.000000000000e+00,0.000000000000e+00,0.000000000000e+00,7.674465447694e-04,8.365167337987e-02,2.679922302134e+02,2.530167694092e+02,0.000000000000e+00,1.154904699836e+00,0.000000000000e+00,5.547415618632e+04,1.090000000000e+02
3.600000000000e+01,1.032472013830e+08,8.236424882353e+04,9.608681440091e+05,4.955101276199e-01,3.206992088722e+02,-1.347409674652e-04,-1.468676545371e-02,0.000000000000e+00,0.000000000000e+00,3.214494077028e+02,0.000000000000e+00,0.000000000000e+00,0.000000000000e+00,0.000000000000e+00,8.052748202905e-04,8.777495541166e-02,2.679356234728e+02,2.537395019531e+02,0.000000000000e+00,1.155299866114e+00,0.000000000000e+00,5.547361641586e+04,1.090000000000e+02
3.700000000000e+01,1.032468961683e+08,8.266946352354e+04,9.666579730459e+05,4.978181574153e-01,3.211392409323e+02,-1.486027273934e-04,-1.619769728588e-02,0.000000000000e+00,0.000000000000e+00,3.052147000094e+02,0.000000000000e+00,0.000000000000e+00,0.000000000000e+00,0.000000000000e+00,8.106366985615e-04,8.835940014321e-02,2.678740225095e+02,2.539246063232e+02,0.000000000000e+00,1.157251621181e+00,0.000000000000e+00,5.547302429739e+04,1.090000000000e+02
3.800000000000e+01,1.032466060341e+08,8.295959777428e+04,9.726947072399e+05,5.005443006369e-01,3.213885592612e+02,-1.544901684076e-04,-1.683942835642e-02,0.000000000000e+00,0.000000000000e+00,2.901342507396e+02,0.000000000000e+00,0.000000000000e+00,0.000000000000e+00,0.000000000000e+00,8.457762017126e-04,9.218960598667e-02,2.678066195637e+02,2.538435516357e+02,0.000000000000e+00,1.157858084154e+00,0.000000000000e+00,5.547237272085e+04,1.090000000000e+02
3.900000000000e+01,1.032463290334e+08,8.323659840446e+04,9.791547660259e+05,5.031757371578e-01,3.218366048148e+02,-1.373342516684e-04,-1.496943343186e-02,0.000000000000e+00,0.000000000000e+00,2.770006301827e+02,0.000000000000e+00,0.000000000000e+00,0.000000000000e+00,0.000000000000e+00,9.338242843860e-04,1.017868469981e-01,2.677097638655e+02,2.538814697266e+02,0.000000000000e+00,1.158876602673e+00,0.000000000000e+00,5.547142787435e+04,1.090000000000e+02
4.000000000000e+01,1.032460620640e+08,8.350356786750e+04,9.850025144076e+05,5.054629048071e-01,3.223048974087e+02,-1.270351191860e-04,-1.384682799127e-02,0.000000000000e+00,0.000000000000e+00,2.669694630328e+02,0.000000000000e+00,0.000000000000e+00,0.000000000000e+00,0.000000000000e+00,8.457629945172e-04,9.218816640237e-02,2.675165019406e+02,2.527250061035e+02,0.000000000000e+00,1.160506924341e+00,0.000000000000e+00,5.546950515899e+04,1.090000000000e+02
4.100000000000e+01,1.032458039215e+08,8.376171036554e+04,9.904087222405e+05,5.075140757932e-01,3.227747804944e+02,-1.334760520174e-04,-1.454888966989e-02,0.000000000000e+00,0.000000000000e+00,2.581424980440e+02,0.000000000000e+00,0.000000000000e+00,0.000000000000e+00,0.000000000000e+00,7.660980810912e-04,8.350469083894e-02,2.673371361837e+02,2.526265106201e+02,0.000000000000e+00,1.161355938574e+00,0.000000000000e+00,5.546767071641e+04,1.090000000000e+02
4.200000000000e+01,1.032455553846e+08,8.401024722309e+04,9.957222757969e+05,5.095014114946e-01,3.232488107459e+02,-1.414171418240e-04,-1.541446845882e-02,0.000000000000e+00,0.000000000000e+00,2.485368575525e+02,0.000000000000e+00,0.000000000000e+00,0.000000000000e+00,0.000000000000e+00,7.415630411269e-04,8.083037148283e-02,2.672047343501e+02,2.530519561768e+02,0.000000000000e+00,1.162321773064e+00,0.000000000000e+00,5.546628322641e+04,1.090000000000e+02
4.300000000000e+01,1.032453158985e+08,8.424973330560e+04,1.002306848559e+06,5.124189938108e-01,3.235432046664e+02,-1.273521162516e-04,-1.388138067143e-02,0.000000000000e+00,0.000000000000e+00,2.394860825062e+02,0.000000000000e+00,0.000000000000e+00,0.000000000000e+00,0.000000000000e+00,9.666061968738e-04,1.053600754592e-01,2.670533725089e+02,2.524792022705e+02,0.000000000000e+00,1.162277201255e+00,0.000000000000e+00,5.546466260759e+04,1.090000000000e+02
4.400000000000e+01,1.032450852540e+08,8.448037790407e+04,1.007690057068e+06,5.142949789492e-01,3.241014555868e+02,-1.374513674091e-04,-1.498219904759e-02,0.000000000000e+00,0.000000000000e+00,2.306445984714e+02,0.000000000000e+00,0.000000000000e+00,0.000000000000e+00,0.000000000000e+00,7.566134174399e-04,8.247086250095e-02,2.669423469458e+02,2.520738525391e+02,0.000000000000e+00,1.163444326043e+00,0.000000000000e+00,5.546345223650e+04,1.090000000000e+02
4.500000000000e+01,1.032449401785e+08,8.462545339298e+04,1.011713004510e+06,5.152999567967e-01,3.247704457175e+02,-1.523208029521e-04,-1.660296752178e-02,0.000000000000e+00,0.000000000000e+00,1.450754889060e+02,0.000000000000e+00,0.000000000000e+00,0.000000000000e+00,0.000000000000e+00,5.181240548107e-04,5.647552197436e-02,2.667976127915e+02,2.520551757812e+02,0.000000000000e+00,1.161407289006e+00,0.000000000000e+00,5.546179583566e+04,1.090000000000e+02
4.600000000000e+01,1.032449383972e+08,8.462723465085e+04,1.016242124577e+06,5.168138892303e-01,3.252787433962e+02,-1.510089934576e-04,-1.645998028688e-02,0.000000000000e+00,0.000000000000e+00,1.781257878826e+00,0.000000000000e+00,0.000000000000e+00,0.000000000000e+00,0.000000000000e+00,6.033661043689e-04,6.576690537621e-02,2.666577663662e+02,2.516903991699e+02,0.000000000000e+00,1.157484127783e+00,0.000000000000e+00,5.546008718758e+04,1.090000000000e+02
4.700000000000e+01,1.032446507990e+08,8.491483284860e+04,1.020288373804e+06,5.178983410834e-01,3.259002009137e+02,-1.350629689522e-04,-1.472186361579e-02,0.000000000000e+00,0.000000000000e+00,2.875981977482e+02,0.000000000000e+00,0.000000000000e+00,0.000000000000e+00,0.000000000000e+00,5.395369516785e-04,5.880952773296e-02,2.664966972507e+02,2.509975128174e+02,0.000000000000e+00,1.161565667748e+00,0.000000000000e+00,5.545835936850e+04,1.090000000000e+02
4.800000000000e+01,1.032444126598e+08,8.515297203843e+04,1.023565830569e+06,5.186287283876e-01,3.264936953119e+02,-1.339529572755e-04,-1.460087234303e-02,0.000000000000e+00,0.000000000000e+00,2.381391898316e+02,0.000000000000e+00,0.000000000000e+00,0.000000000000e+00,0.000000000000e+00,4.118827082572e-04,4.489521520004e-02,2.663933309809e+02,2.515601043701e+02,0.000000000000e+00,1.162263175836e+00,0.000000000000e+00,5.545716289670e+04,1.090000000000e+02
4.900000000000e+01,1.032441915858e+08,8.537404601955e+04,1.027863315236e+06,5.200456152117e-01,3.269722591604e+02,-1.409017068191e-04,-1.535828604329e-02,0.000000000000e+00,0.000000000000e+00,2.210739811124e+02,0.000000000000e+00,0.000000000000e+00,0.000000000000e+00,0.000000000000e+00,5.705771120259e-04,6.219290521082e-02,2.663775059717e+02,2.528369598389e+02,0.000000000000e+00,1.163189101762e+00,0.000000000000e+00,5.545698594980e+04,1.090000000000e+02
5.000000000000e+01,1.032439822314e+08,8.558340047980e+04,1.032917516394e+06,5.218797674470e-01,3.274360033852e+02,-1.436588882396e-04,-1.565881881811e-02,0.000000000000e+00,0.000000000000e+00,2.093544602577e+02,0.000000000000e+00,0.000000000000e+00,0.000000000000e+00,0.000000000000e+00,6.980756212476e-04,7.609024271599e-02,2.662258277127e+02,2.511847381592e+02,0.000000000000e+00,1.164226601762e+00,0.000000000000e+00,5.545516559527e+04,1.090000000000e+02
5.100000000000e+01,1.032437801552e+08,8.578547668411e+04,1.036793926427e+06,5.228631005933e-01,3.280636574890e+02,-1.224679315372e-04,-1.334900453756e-02,0.000000000000e+00,0.000000000000e+00,2.020762043013e+02,0.000000000000e+00,0.000000000000e+00,0.000000000000e+00,0.000000000000e+00,5.276864257687e-04,5.751782040878e-02,2.659932565570e+02,2.503520812988e+02,0.000000000000e+00,1.165576975525e+00,0.000000000000e+00,5.545230460567e+04,1.090000000000e+02
5.200000000000e+01,1.032435847988e+08,8.598083299045e+04,1.040452877637e+06,5.239036573293e-01,3.285784864392e+02,-9.489234019723e-05,-1.034326508150e-02,0.000000000000e+00,0.000000000000e+00,1.953563063437e+02,0.000000000000e+00,0.000000000000e+00,0.000000000000e+00,0.000000000000e+00,5.161962464311e-04,5.626539086099e-02,2.658463946787e+02,2.515233459473e+02,0.000000000000e+00,1.166774936686e+00,0.000000000000e+00,5.545045891454e+04,1.090000000000e+02
5.300000000000e+01,1.032433971243e+08,8.616850756519e+04,1.044666006404e+06,5.251952082930e-01,3.291006495933e+02,-8.904677306104e-05,-9.706098263653e-03,0.000000000000e+00,0.000000000000e+00,1.876745747419e+02,0.000000000000e+00,0.000000000000e+00,0.000000000000e+00,0.000000000000e+00,6.095657523830e-04,6.644266700974e-02,2.658069032621e+02,2.524405059814e+02,0.000000000000e+00,1.167247158908e+00,0.000000000000e+00,5.544996277681e+04,1.090000000000e+02
5.400000000000e+01,1.032432174622e+08,8.634816967056e+04,1.049763935482e+06,5.270854481779e-01,3.295202443023e+02,-1.120317807947e-04,-1.221146410662e-02,0.000000000000e+00,0.000000000000e+00,1.796621053652e+02,0.000000000000e+00,0.000000000000e+00,0.000000000000e+00,0.000000000000e+00,7.312089882924e-04,7.970177972387e-02,2.658119760169e+02,2.527494659424e+02,0.000000000000e+00,1.167432344093e+00,0.000000000000e+00,5.545003386300e+04,1.090000000000e+02
5.500000000000e+01,1.032430454969e+08,8.652013491135e+04,1.055190213756e+06,5.291069555578e-01,3.299563878201e+02,-1.218713197780e-04,-1.328397385581e-02,0.000000000000e+00,0.000000000000e+00,1.719652407914e+02,0.000000000000e+00,0.000000000000e+00,0.000000000000e+00,0.000000000000e+00,7.750220265263e-04,8.447740089137e-02,2.658337529849e+02,2.531639709473e+02,0.000000000000e+00,1.167617529278e+00,0.000000000000e+00,5.545031803469e+04,1.090000000000e+02
5.600000000000e+01,1.032428805808e+08,8.668505102535e+04,1.060772781906e+06,5.312579358352e-01,3.303585970986e+02,-1.334711891018e-04,-1.454835961210e-02,0.000000000000e+00,0.000000000000e+00,1.649161139995e+02,0.000000000000e+00,0.000000000000e+00,0.000000000000e+00,0.000000000000e+00,7.899350356633e-04,8.610291888730e-02,2.658392239470e+02,2.537136688232e+02,0.000000000000e+00,1.166893797072e+00,0.000000000000e+00,5.545039268790e+04,1.090000000000e+02
5.700000000000e+01,1.032427207554e+08,8.684487648131e+04,1.066082689839e+06,5.332080470622e-01,3.308090769951e+02,-1.158342517002e-04,-1.262593343532e-02,0.000000000000e+00,0.000000000000e+00,1.598254559614e+02,0.000000000000e+00,0.000000000000e+00,0.000000000000e+00,0.000000000000e+00,7.685998380814e-04,8.377738235088e-02,2.656949944400e+02,2.519697570801e+02,0.000000000000e+00,1.166795662987e+00,0.000000000000e+00,5.544853721520e+04,1.090000000000e+02
5.800000000000e+01,1.032425650641e+08,8.700056780073e+04,1.071999363864e+06,5.356218860536e-01,3.311528207039e+02,-1.177489228962e-04,-1.283463259568e-02,0.000000000000e+00,0.000000000000e+00,1.556913194167e+02,0.000000000000e+00,0.000000000000e+00,0.000000000000e+00,0.000000000000e+00,8.648871757592e-04,9.427270215775e-02,2.656058925137e+02,2.524085693359e+02,0.000000000000e+00,1.167166033358e+00,0.000000000000e+00,5.544738607714e+04,1.090000000000e+02
5.900000000000e+01,1.032424143921e+08,8.715123975612e+04,1.077862959181e+06,5.378815557302e-01,3.315673957845e+02,-1.260446496226e-04,-1.373886680887e-02,0.000000000000e+00,0.000000000000e+00,1.506719553951e+02,0.000000000000e+00,0.000000000000e+00,0.000000000000e+00,0.000000000000e+00,8.452429437687e-04,9.213148087079e-02,2.655790533879e+02,2.533397979736e+02,0.000000000000e+00,1.166875010440e+00,0.000000000000e+00,5.544704492350e+04,1.090000000000e+02
6.000000000000e+01,1.032422684780e+08,8.729715383080e+04,1.082543703391e+06,5.393797534669e-01,3.320865810468e+02,-9.730302620681e-05,-1.060602985654e-02,0.000000000000e+00,0.000000000000e+00,1.459140746772e+02,0.000000000000e+00,0.000000000000e+00,0.000000000000e+00,0.000000000000e+00,6.794868590169e-04,7.406406763284e-02,2.655243965092e+02,2.535629119873e+02,0.000000000000e+00,1.166497595719e+00,0.000000000000e+00,5.544633017637e+04,1.090000000000e+02
6.100000000000e+01,1.032421266930e+08,8.743893885344e+04,1.086807817140e+06,5.407070782577e-01,3.325809292381e+02,-8.049127880618e-05,-8.773549389874e-03,0.000000000000e+00,0.000000000000e+00,1.417850226385e+02,0.000000000000e+00,0.000000000000e+00,0.000000000000e+00,0.000000000000e+00,6.275947292057e-04,6.840782548342e-02,2.654650227779e+02,2.533247375488e+02,0.000000000000e+00,1.165259619680e+00,0.000000000000e+00,5.544555054852e+04,1.090000000000e+02
6.200000000000e+01,1.032419888842e+08,8.757674763075e+04,1.091148455816e+06,5.421214513741e-01,3.330426138764e+02,-7.940182235048e-05,-8.654798636203e-03,0.000000000000e+00,0.000000000000e+00,1.378087773088e+02,0.000000000000e+00,0.000000000000e+00,0.000000000000e+00,0.000000000000e+00,6.412807933512e-04,6.989960647528e-02,2.654079372781e+02,2.534742431641e+02,0.000000000000e+00,1.165773745896e+00,0.000000000000e+00,5.544479668589e+04,1.090000000000e+02
6.300000000000e+01,1.032418545778e+08,8.771105401982e+04,1.095009060715e+06,5.430399241461e-01,3.336625312103e+02,-6.226031548730e-05,-6.786374388115e-03,0.000000000000e+00,0.000000000000e+00,1.343063890786e+02,0.000000000000e+00,0.000000000000e+00,0.000000000000e+00,0.000000000000e+00,5.802691729932e-04,6.324933985626e-02,2.653230241750e+02,2.537136230469e+02,0.000000000000e+00,1.165958931081e+00,0.000000000000e+00,5.544365775534e+04,1.090000000000e+02
6.400000000000e+01,1.032417238666e+08,8.784176526077e+04,1.098895906098e+06,5.441132859665e-01,3.341864349167e+02,-5.990115331406e-05,-6.529225711232e-03,0.000000000000e+00,0.000000000000e+00,1.307112409428e+02,0.000000000000e+00,0.000000000000e+00,0.000000000000e+00,0.000000000000e+00,5.833011063315e-04,6.357982059013e-02,2.653208372664e+02,2.548011016846e+02,0.000000000000e+00,1.165454282943e+00,0.000000000000e+00,5.544364493588e+04,1.090000000000e+02
6.500000000000e+01,1.032415968572e+08,8.796877466911e+04,1.103382698710e+06,5.455895279633e-01,3.346472006238e+02,-7.018027732880e-05,-7.649650228840e-03,0.000000000000e+00,0.000000000000e+00,1.270094083474e+02,0.000000000000e+00,0.000000000000e+00,0.000000000000e+00,0.000000000000e+00,6.745468259581e-04,7.352560402943e-02,2.652691750631e+02,2.546492462158e+02,0.000000000000e+00,1.164135799376e+00,0.000000000000e+00,5.544294877820e+04,1.090000000000e+02
6.600000000000e+01,1.032414726084e+08,8.809302341278e+04,1.106587177021e+06,5.461406851125e-01,3.352889674851e+02,-5.443582843613e-05,-5.933505299538e-03,0.000000000000e+00,0.000000000000e+00,1.242487436661e+02,0.000000000000e+00,0.000000000000e+00,0.000000000000e+00,0.000000000000e+00,4.805004968892e-04,5.237455416092e-02,2.651654852955e+02,2.534848632813e+02,0.000000000000e+00,1.164515674971e+00,0.000000000000e+00,5.544153215308e+04,1.090000000000e+02
6.700000000000e+01,1.032413507175e+08,8.821491433164e+04,1.109918766887e+06,5.469508276788e-01,3.358092554536e+02,-4.466845193637e-05,-4.868861261064e-03,0.000000000000e+00,0.000000000000e+00,1.218909188565e+02,0.000000000000e+00,0.000000000000e+00,0.000000000000e+00,0.000000000000e+00,5.115314014344e-04,5.575692275634e-02,2.650583868413e+02,2.530272521973e+02,0.000000000000e+00,1.164134994844e+00,0.000000000000e+00,5.544005394537e+04,1.090000000000e+02
6.800000000000e+01,1.032412313451e+08,8.833428678423e+04,1.114391240990e+06,5.483901361992e-01,3.362840617488e+02,-6.708673012777e-05,-7.312453583927e-03,0.000000000000e+00,0.000000000000e+00,1.193724525979e+02,0.000000000000e+00,0.000000000000e+00,0.000000000000e+00,0.000000000000e+00,6.766239075046e-04,7.375200591800e-02,2.649805040773e+02,2.532356414795e+02,0.000000000000e+00,1.164227587437e+00,0.000000000000e+00,5.543897273461e+04,1.090000000000e+02
6.900000000000e+01,1.032411147891e+08,8.845084271380e+04,1.118145569607e+06,5.493139428421e-01,3.368518715422e+02,-8.040336897261e-05,-8.763967218015e-03,0.000000000000e+00,0.000000000000e+00,1.165559295626e+02,0.000000000000e+00,0.000000000000e+00,0.000000000000e+00,0.000000000000e+00,5.421628670923e-04,5.909575251306e-02,2.649521429795e+02,2.536759490967e+02,0.000000000000e+00,1.164227587437e+00,0.000000000000e+00,5.543858916307e+04,1.090000000000e+02
7.000000000000e+01,1.032410011123e+08,8.856451956685e+04,1.121458656138e+06,5.500418927493e-01,3.374052776111e+02,-9.371290954423e-05,-1.021470714032e-02,0.000000000000e+00,0.000000000000e+00,1.136768530498e+02,0.000000000000e+00,0.000000000000e+00,0.000000000000e+00,0.000000000000e+00,4.558952066383e-04,4.969257752358e-02,2.649230805973e+02,2.542370605469e+02,0.000000000000e+00,1.164320180029e+00,0.000000000000e+00,5.543819009472e+04,1.090000000000e+02
7.100000000000e+01,1.032411057281e+08,8.845990373560e+04,1.124662525256e+06,5.506763339032e-01,3.379862950781e+02,-8.799458165495e-05,-9.591409400390e-03,0.000000000000e+00,0.000000000000e+00,-1.046158312515e+02,0.000000000000e+00,0.000000000000e+00,0.000000000000e+00,0.000000000000e+00,4.460196638327e-04,4.861614335776e-02,2.648527520757e+02,2.541549987793e+02,0.000000000000e+00,1.159334020637e+00,0.000000000000e+00,5.543705431494e+04,1.090000000000e+02
7.200000000000e+01,1.032410166778e+08,8.854895409110e+04,1.128228327575e+06,5.515105299763e-01,3.385483503620e+02,-7.142094476457e-05,-7.784882979338e-03,0.000000000000e+00,0.000000000000e+00,8.905035550858e+01,0.000000000000e+00,0.000000000000e+00,0.000000000000e+00,0.000000000000e+00,5.205042892651e-04,5.673496752990e-02,2.648092735485e+02,2.539223632813e+02,0.000000000000e+00,1.161000687303e+00,0.000000000000e+00,5.543651497251e+04,1.090000000000e+02
7.300000000000e+01,1.032408684013e+08,8.869723057291e+04,1.131634358484e+06,5.523326232279e-01,3.390684760244e+02,-5.471826667132e-05,-5.964291067174e-03,0.000000000000e+00,0.000000000000e+00,1.482764818107e+02,0.000000000000e+00,0.000000000000e+00,0.000000000000e+00,0.000000000000e+00,5.108811597281e-04,5.568604641036e-02,2.647663366734e+02,2.538805236816e+02,0.000000000000e+00,1.162667353970e+00,0.000000000000e+00,5.543594480112e+04,1.090000000000e+02
7.400000000000e+01,1.032407364313e+08,8.882920058990e+04,1.134279775001e+06,5.526979510926e-01,3.396440777934e+02,-3.776867223214e-05,-4.116785273303e-03,0.000000000000e+00,0.000000000000e+00,1.319700169846e+02,0.000000000000e+00,0.000000000000e+00,0.000000000000e+00,0.000000000000e+00,4.042347698651e-04,4.406158991529e-02,2.646793864735e+02,2.531322937012e+02,0.000000000000e+00,1.162560320468e+00,0.000000000000e+00,5.543470442889e+04,1.090000000000e+02
7.500000000000e+01,1.032406124024e+08,8.895322943584e+04,1.138437986991e+06,5.541211925499e-01,3.400151822868e+02,-5.079904122278e-05,-5.537095493283e-03,0.000000000000e+00,0.000000000000e+00,1.240288459438e+02,0.000000000000e+00,0.000000000000e+00,0.000000000000e+00,0.000000000000e+00,6.382327203745e-04,6.956736652082e-02,2.646600844827e+02,2.538346862793e+02,0.000000000000e+00,1.162930690839e+00,0.000000000000e+00,5.543445246361e+04,1.090000000000e+02
7.600000000000e+01,1.032404938678e+08,8.907176404880e+04,1.142239176804e+06,5.550527418464e-01,3.405810620151e+02,-6.213187015766e-05,-6.772373847185e-03,0.000000000000e+00,0.000000000000e+00,1.185346129604e+02,0.000000000000e+00,0.000000000000e+00,0.000000000000e+00,0.000000000000e+00,5.687003959698e-04,6.198834316071e-02,2.646239702390e+02,2.539913330078e+02,0.000000000000e+00,1.163115876024e+00,0.000000000000e+00,5.543394211002e+04,1.090000000000e+02
7.700000000000e+01,1.032403795403e+08,8.918609154949e+04,1.145909800065e+06,5.560741789232e-01,3.410539697281e+02,-6.349178447777e-05,-6.920604508077e-03,0.000000000000e+00,0.000000000000e+00,1.143275006866e+02,0.000000000000e+00,0.000000000000e+00,0.000000000000e+00,0.000000000000e+00,5.473610184875e-04,5.966235101513e-02,2.645563226040e+02,2.537506408691e+02,0.000000000000e+00,1.163208468617e+00,0.000000000000e+00,5.543295918505e+04,1.090000000000e+02
7.800000000000e+01,1.032402686642e+08,8.929696764215e+04,1.149585548206e+06,5.570142844251e-01,3.415768879111e+02,-6.995670289381e-05,-7.625280615425e-03,0.000000000000e+00,0.000000000000e+00,1.108760926600e+02,0.000000000000e+00,0.000000000000e+00,0.000000000000e+00,0.000000000000e+00,5.419430204716e-04,5.907178923140e-02,2.644856087193e+02,2.531352996826e+02,0.000000000000e+00,1.163001776840e+00,0.000000000000e+00,5.543192509789e+04,1.090000000000e+02
7.900000000000e+01,1.032401611108e+08,8.940452105885e+04,1.152725876084e+06,5.576146640774e-01,3.421369485779e+02,-4.681008498174e-05,-5.102299263009e-03,0.000000000000e+00,0.000000000000e+00,1.075534166974e+02,0.000000000000e+00,0.000000000000e+00,0.000000000000e+00,0.000000000000e+00,4.705623229708e-04,5.129129320382e-02,2.645296431375e+02,2.549983367920e+02,0.000000000000e+00,1.163001776840e+00,0.000000000000e+00,5.543261363200e+04,1.090000000000e+02
8.000000000000e+01,1.032400569394e+08,8.950869248638e+04,1.156028301778e+06,5.583654255484e-01,3.426490397035e+02,-4.618156337485e-05,-5.033790407858e-03,0.000000000000e+00,0.000000000000e+00,1.041714275330e+02,0.000000000000e+00,0.000000000000e+00,0.000000000000e+00,0.000000000000e+00,4.966141566332e-04,5.413094307302e-02,2.646016656778e+02,2.559228820801e+02,0.000000000000e+00,1.163001776840e+00,0.000000000000e+00,5.543370502709e+04,1.090000000000e+02
8.100000000000e+01,1.032399557423e+08,8.960988956990e+04,1.159223648105e+06,5.590110752848e-01,3.431967800751e+02,-4.865435643617e-05,-5.303324851543e-03,0.000000000000e+00,0.000000000000e+00,1.011970835239e+02,0.000000000000e+00,0.000000000000e+00,0.000000000000e+00,0.000000000000e+00,4.787671938273e-04,5.218562412717e-02,2.646281400076e+02,2.558812561035e+02,0.000000000000e+00,1.163001776840e+00,0.000000000000e+00,5.543411215988e+04,1.090000000000e+02
8.200000000000e+01,1.032398572229e+08,8.970840900461e+04,1.162429502546e+06,5.596964618207e-01,3.437184731642e+02,-3.191888374989e-05,-3.479158328738e-03,0.000000000000e+00,0.000000000000e+00,9.851943470180e+01,0.000000000000e+00,0.000000000000e+00,0.000000000000e+00,0.000000000000e+00,4.952918351030e-04,5.398681002623e-02,2.646925171720e+02,2.567831115723e+02,0.000000000000e+00,1.163186962025e+00,0.000000000000e+00,5.543507895311e+04,1.090000000000e+02
8.300000000000e+01,1.032397610631e+08,8.980456871199e+04,1.166569234854e+06,5.610139906942e-01,3.441325241756e+02,-1.994326860017e-05,-2.173816277418e-03,0.000000000000e+00,0.000000000000e+00,9.615970738798e+01,0.000000000000e+00,0.000000000000e+00,0.000000000000e+00,0.000000000000e+00,6.652026540606e-04,7.250708929261e-02,2.646908473317e+02,2.560948791504e+02,0.000000000000e+00,1.162992271615e+00,0.000000000000e+00,5.543506912210e+04,1.090000000000e+02
8.400000000000e+01,1.032396666428e+08,8.989898901563e+04,1.171248817206e+06,5.626159040757e-01,3.445385239761e+02,-2.830986684492e-05,-3.085775486097e-03,0.000000000000e+00,0.000000000000e+00,9.442030363378e+01,0.000000000000e+00,0.000000000000e+00,0.000000000000e+00,0.000000000000e+00,7.513816120002e-04,8.190059570802e-02,2.645882033075e+02,2.543579406738e+02,0.000000000000e+00,1.162756972696e+00,0.000000000000e+00,5.543357253184e+04,1.090000000000e+02
8.500000000000e+01,1.032395737302e+08,8.999190169148e+04,1.176094428578e+06,5.643212544210e-01,3.449268998815e+02,-2.886267254481e-05,-3.146031307384e-03,0.000000000000e+00,0.000000000000e+00,9.291267585618e+01,0.000000000000e+00,0.000000000000e+00,0.000000000000e+00,0.000000000000e+00,7.778644063618e-04,8.478722029344e-02,2.644954014361e+02,2.539071044922e+02,0.000000000000e+00,1.163259844224e+00,0.000000000000e+00,5.543221407327e+04,1.090000000000e+02
8.600000000000e+01,1.032394825155e+08,9.008311640638e+04,1.179811459030e+06,5.652392585309e-01,3.454565318184e+02,-6.710844699156e-06,-7.314820722080e-04,0.000000000000e+00,0.000000000000e+00,9.121471489476e+01,0.000000000000e+00,0.000000000000e+00,0.000000000000e+00,0.000000000000e+00,6.093017350350e-04,6.641388911881e-02,2.644779826300e+02,2.550620422363e+02,0.000000000000e+00,1.163445029409e+00,0.000000000000e+00,5.543197987316e+04,1.090000000000e+02
8.700000000000e+01,1.032393931575e+08,9.017247433765e+04,1.183214899412e+06,5.660767143734e-01,3.459367106030e+02,-6.130231794281e-06,-6.681952655767e-04,0.000000000000e+00,0.000000000000e+00,8.935793127412e+01,0.000000000000e+00,0.000000000000e+00,0.000000000000e+00,0.000000000000e+00,5.549916312977e-04,6.049408781145e-02,2.645173652864e+02,2.561318969727e+02,0.000000000000e+00,1.163445029409e+00,0.000000000000e+00,5.543259319394e+04,1.090000000000e+02
8.800000000000e+01,1.032393056768e+08,9.025995505010e+04,1.186844380019e+06,5.670115154121e-01,3.464205986055e+02,-2.759007923521e-05,-3.007318636638e-03,0.000000000000e+00,0.000000000000e+00,8.748071244417e+01,0.000000000000e+00,0.000000000000e+00,0.000000000000e+00,0.000000000000e+00,5.701599757571e-04,6.214743735752e-02,2.645718575158e+02,2.568470153809e+02,0.000000000000e+00,1.162135135549e+00,0.000000000000e+00,5.543342336495e+04,1.090000000000e+02
8.900000000000e+01,1.032392199521e+08,9.034567976899e+04,1.190478493331e+06,5.679531357144e-01,3.469006229208e+02,-2.631470756506e-05,-2.868303124592e-03,0.000000000000e+00,0.000000000000e+00,8.572471888795e+01,0.000000000000e+00,0.000000000000e+00,0.000000000000e+00,0.000000000000e+00,5.725113069509e-04,6.240373245765e-02,2.646205864700e+02,2.572004699707e+02,0.000000000000e+00,1.161164310282e+00,0.000000000000e+00,5.543416156005e+04,1.090000000000e+02
9.000000000000e+01,1.032391358775e+08,9.042975433871e+04,1.194286611201e+06,5.690122521439e-01,3.473574305481e+02,-1.800200209391e-05,-1.962218228236e-03,0.000000000000e+00,0.000000000000e+00,8.407456972195e+01,0.000000000000e+00,0.000000000000e+00,0.000000000000e+00,0.000000000000e+00,6.093337492184e-04,6.641737866481e-02,2.646747839069e+02,2.573688354492e+02,0.000000000000e+00,1.160431357050e+00,0.000000000000e+00,5.543497597428e+04,1.090000000000e+02
9.100000000000e+01,1.032390533197e+08,9.051231211567e+04,1.197306733938e+06,5.695245428394e-01,3.479167796438e+02,3.725992461726e-06,4.061331783281e-04,0.000000000000e+00,0.000000000000e+00,8.255777696498e+01,0.000000000000e+00,0.000000000000e+00,0.000000000000e+00,0.000000000000e+00,5.002370273732e-04,5.452583598368e-02,2.647370295406e+02,2.580736083984e+02,0.000000000000e+00,1.159405794181e+00,0.000000000000e+00,5.543590124297e+04,1.090000000000e+02
9.200000000000e+01,1.032390714710e+08,9.049416083423e+04,1.200507170121e+06,5.701054677638e-01,3.484885380482e+02,4.984332265596e-06,5.432922169499e-04,0.000000000000e+00,0.000000000000e+00,-1.815128144011e+01,0.000000000000e+00,0.000000000000e+00,0.000000000000e+00,0.000000000000e+00,5.330625758877e-04,5.810382077176e-02,2.647702264454e+02,2.582598876953e+02,0.000000000000e+00,1.155018719702e+00,0.000000000000e+00,5.543634107193e+04,1.090000000000e+02
9.300000000000e+01,1.032391013332e+08,9.046429862986e+04,1.204940323576e+06,5.716044409229e-01,3.488558969649e+02,-1.312052636253e-05,-1.430137373516e-03,0.000000000000e+00,0.000000000000e+00,-2.986220436868e+01,0.000000000000e+00,0.000000000000e+00,0.000000000000e+00,0.000000000000e+00,7.192375191861e-04,7.839688959129e-02,2.647972577344e+02,2.582938537598e+02,0.000000000000e+00,1.152647427094e+00,0.000000000000e+00,5.543670162601e+04,1.090000000000e+02
9.400000000000e+01,1.032390459646e+08,9.051966728634e+04,1.209935801872e+06,5.732882503049e-01,3.492692200908e+02,-1.967857331904e-05,-2.144964491775e-03,0.000000000000e+00,0.000000000000e+00,5.536865647454e+01,0.000000000000e+00,0.000000000000e+00,0.000000000000e+00,0.000000000000e+00,8.046805100306e-04,8.771017559333e-02,2.648386124779e+02,2.583962707520e+02,0.000000000000e+00,1.153522189768e+00,0.000000000000e+00,5.543735240697e+04,1.090000000000e+02
9.500000000000e+01,1.032389310217e+08,9.063461017378e+04,1.214255417252e+06,5.746840043391e-01,3.496604051337e+02,-8.706044781698e-06,-9.489588812051e-04,0.000000000000e+00,0.000000000000e+00,1.149428874461e+02,0.000000000000e+00,0.000000000000e+00,0.000000000000e+00,0.000000000000e+00,7.035954604374e-04,7.669190518768e-02,2.648845601712e+02,2.586511230469e+02,0.000000000000e+00,1.153594142567e+00,0.000000000000e+00,5.543805575110e+04,1.090000000000e+02
9.600000000000e+01,1.032388304223e+08,9.073520958255e+04,1.218861944583e+06,5.762728426243e-01,3.500141588552e+02,1.860464406370e-05,2.027906202943e-03,0.000000000000e+00,0.000000000000e+00,1.005994087695e+02,0.000000000000e+00,0.000000000000e+00,0.000000000000e+00,0.000000000000e+00,7.780187020393e-04,8.480403852229e-02,2.649388362744e+02,2.590455932617e+02,0.000000000000e+00,1.153306055032e+00,0.000000000000e+00,5.543885504369e+04,1.090000000000e+02
9.700000000000e+01,1.032387357653e+08,9.082986652492e+04,1.223651212037e+06,5.779221423550e-01,3.503821939719e+02,3.672794125959e-05,4.003345597295e-03,0.000000000000e+00,0.000000000000e+00,9.465694237053e+01,0.000000000000e+00,0.000000000000e+00,0.000000000000e+00,0.000000000000e+00,8.267036794486e-04,9.011070105989e-02,2.649872744432e+02,2.592492065430e+02,0.000000000000e+00,1.153676425403e+00,0.000000000000e+00,5.543956053155e+04,1.090000000000e+02
9.800000000000e+01,1.032386449558e+08,9.092067606554e+04,1.227650917165e+06,5.791217624420e-01,3.507968416998e+02,6.384629386751e-05,6.959246031559e-03,0.000000000000e+00,0.000000000000e+00,9.080954061912e+01,0.000000000000e+00,0.000000000000e+00,0.000000000000e+00,0.000000000000e+00,7.243035783164e-04,7.894909003649e-02,2.650136480080e+02,2.592140502930e+02,0.000000000000e+00,1.153549967146e+00,0.000000000000e+00,5.543994947633e+04,1.090000000000e+02
9.900000000000e+01,1.032385570594e+08,9.100857248450e+04,1.231912560167e+06,5.806435384516e-01,3.510880450022e+02,7.247466600364e-05,7.899738594397e-03,0.000000000000e+00,0.000000000000e+00,8.789641895593e+01,0.000000000000e+00,0.000000000000e+00,0.000000000000e+00,0.000000000000e+00,7.753962550766e-04,8.451819180335e-02,2.650570226325e+02,2.595045776367e+02,0.000000000000e+00,1.153219233333e+00,0.000000000000e+00,5.544057578314e+04,1.090000000000e+02
1.000000000000e+02,1.032384715571e+08,9.109407473170e+04,1.235609257305e+06,5.816755605778e-01,3.515103925065e+02,5.890904272826e-05,6.421085657381e-03,0.000000000000e+00,0.000000000000e+00,8.550224719642e+01,0.000000000000e+00,0.000000000000e+00,0.000000000000e+00,0.000000000000e+00,6.669101591766e-04,7.269320735025e-02,2.651284400429e+02,2.601454162598e+02,0.000000000000e+00,1.153404418518e+00,0.000000000000e+00,5.544158639616e+04,1.090000000000e+02
1.010000000000e+02,1.032383879650e+08,9.117766688590e+04,1.239603360470e+06,5.829582642880e-01,3.518650921101e+02,5.835541240498e-05,6.360739952143e-03,0.000000000000e+00,0.000000000000e+00,8.359215420939e+01,0.000000000000e+00,0.000000000000e+00,0.000000000000e+00,0.000000000000e+00,7.160158288327e-04,7.804572534277e-02,2.651914925269e+02,2.603712158203e+02,0.000000000000e+00,1.153497011110e+00,0.000000000000e+00,5.544247048772e+04,1.090000000000e+02
1.020000000000e+02,1.032383060128e+08,9.125961905197e+04,1.243719303568e+06,5.842171500822e-01,3.522662497325e+02,7.122136053653e-05,7.763128298482e-03,0.000000000000e+00,0.000000000000e+00,8.195216606299e+01,0.000000000000e+00,0.000000000000e+00,0.000000000000e+00,0.000000000000e+00,7.485441545572e-04,8.159131284674e-02,2.652645085728e+02,2.609060668945e+02,0.000000000000e+00,1.153195363957e+00,0.000000000000e+00,5.544348324961e+04,1.090000000000e+02
1.030000000000e+02,1.032382254829e+08,9.134014895872e+04,1.247081593893e+06,5.850038945352e-01,3.527379902709e+02,8.455704782161e-05,9.216718212555e-03,0.000000000000e+00,0.000000000000e+00,8.052990675566e+01,0.000000000000e+00,0.000000000000e+00,0.000000000000e+00,0.000000000000e+00,6.376713535851e-04,6.950617754077e-02,2.653279408700e+02,2.612587280273e+02,0.000000000000e+00,1.153287956550e+00,0.000000000000e+00,5.544435568773e+04,1.090000000000e+02
1.040000000000e+02,1.032381462720e+08,9.141935981819e+04,1.249846548234e+06,5.854987015111e-01,3.532119131164e+02,1.149393103956e-04,1.252838483312e-02,0.000000000000e+00,0.000000000000e+00,7.921085946452e+01,0.000000000000e+00,0.000000000000e+00,0.000000000000e+00,0.000000000000e+00,5.669598979086e-04,6.179862887204e-02,2.654367009503e+02,2.623363647461e+02,0.000000000000e+00,1.153102771365e+00,0.000000000000e+00,5.544582798192e+04,1.090000000000e+02
1.050000000000e+02,1.032380682051e+08,9.149742675821e+04,1.253167561322e+06,5.863896638694e-01,3.536047938887e+02,1.013830326489e-04,1.105075055873e-02,0.000000000000e+00,0.000000000000e+00,7.806694001859e+01,0.000000000000e+00,0.000000000000e+00,0.000000000000e+00,0.000000000000e+00,6.464642289583e-04,7.046460095645e-02,2.655253544231e+02,2.624875183105e+02,0.000000000000e+00,1.151181895210e+00,0.000000000000e+00,5.544701160501e+04,1.090000000000e+02
1.060000000000e+02,1.032379910906e+08,9.157454122746e+04,1.258517141819e+06,5.885931607181e-01,3.537795349670e+02,9.223633504374e-05,1.005376051977e-02,0.000000000000e+00,0.000000000000e+00,7.711446925244e+01,0.000000000000e+00,0.000000000000e+00,0.000000000000e+00,0.000000000000e+00,9.742569659109e-04,1.061940092843e-01,2.655880944201e+02,2.624607849121e+02,0.000000000000e+00,1.151181895210e+00,0.000000000000e+00,5.544784350320e+04,1.090000000000e+02
1.070000000000e+02,1.032379148621e+08,9.165076971266e+04,1.262563276174e+06,5.895782396484e-01,3.543166472007e+02,1.166266417915e-04,1.271230395527e-02,0.000000000000e+00,0.000000000000e+00,7.622848520066e+01,0.000000000000e+00,0.000000000000e+00,0.000000000000e+00,0.000000000000e+00,7.817975692501e-04,8.521593504826e-02,2.656750137725e+02,2.630239257812e+02,0.000000000000e+00,1.150722648618e+00,0.000000000000e+00,5.544898320670e+04,1.090000000000e+02
1.080000000000e+02,1.032378393925e+08,9.172623933708e+04,1.265762010868e+06,5.903780213175e-01,3.547287368477e+02,1.335084116926e-04,1.455241687450e-02,0.000000000000e+00,0.000000000000e+00,7.546962442264e+01,0.000000000000e+00,0.000000000000e+00,0.000000000000e+00,0.000000000000e+00,6.601751355474e-04,7.195908977467e-02,2.657274374277e+02,2.627440795898e+02,0.000000000000e+00,1.149996698777e+00,0.000000000000e+00,5.544966625555e+04,1.090000000000e+02
1.090000000000e+02,1.032377646506e+08,9.180098125629e+04,1.268732196840e+06,5.909740368451e-01,3.551956196037e+02,1.235487719866e-04,1.346681614654e-02,0.000000000000e+00,0.000000000000e+00,7.474191920465e+01,0.000000000000e+00,0.000000000000e+00,0.000000000000e+00,0.000000000000e+00,6.108892886654e-04,6.658693246453e-02,2.658111679298e+02,2.635914916992e+02,0.000000000000e+00,1.149904106185e+00,0.000000000000e+00,5.545074498729e+04,1.090000000000e+02
1.100000000000e+02,1.032376906742e+08,9.187495766640e+04,1.272578133984e+06,5.923668126286e-01,3.554255809379e+02,1.342265311247e-04,1.463069189259e-02,0.000000000000e+00,0.000000000000e+00,7.397641011003e+01,0.000000000000e+00,0.000000000000e+00,0.000000000000e+00,0.000000000000e+00,7.651578939104e-04,8.340221043623e-02,2.659228745144e+02,2.643602294922e+02,0.000000000000e+00,1.148929040192e+00,0.000000000000e+00,5.545216061267e+04,1.090000000000e+02
1.110000000000e+02,1.032376173481e+08,9.194828376741e+04,1.276457065894e+06,5.933838729659e-01,3.558877396947e+02,1.549257572763e-04,1.688690754312e-02,0.000000000000e+00,0.000000000000e+00,7.332610100892e+01,0.000000000000e+00,0.000000000000e+00,0.000000000000e+00,0.000000000000e+00,7.906522369145e-04,8.618109382368e-02,2.660498421884e+02,2.653844299316e+02,0.000000000000e+00,1.148519718088e+00,0.000000000000e+00,5.545374160699e+04,1.090000000000e+02
1.120000000000e+02,1.032375444695e+08,9.202116231585e+04,1.279495578262e+06,5.940690368543e-01,3.563159867852e+02,1.664531674922e-04,1.814339525665e-02,0.000000000000e+00,0.000000000000e+00,7.287854844169e+01,0.000000000000e+00,0.000000000000e+00,0.000000000000e+00,0.000000000000e+00,6.647052923649e-04,7.245287686777e-02,2.661446854794e+02,2.653823852539e+02,0.000000000000e+00,1.147018254206e+00,0.000000000000e+00,5.545490497537e+04,1.090000000000e+02
1.130000000000e+02,1.032374719288e+08,9.209370308561e+04,1.282520962150e+06,5.948262328309e-01,3.566973803237e+02,1.917849256996e-04,2.090455690125e-02,0.000000000000e+00,0.000000000000e+00,7.254076976105e+01,0.000000000000e+00,0.000000000000e+00,0.000000000000e+00,0.000000000000e+00,6.884504411372e-04,7.504109808396e-02,2.662274696845e+02,2.653506774902e+02,0.000000000000e+00,1.146132428961e+00,0.000000000000e+00,5.545590971982e+04,1.090000000000e+02
1.140000000000e+02,1.032373997218e+08,9.216591009964e+04,1.285925843930e+06,5.957885096897e-01,3.570597712635e+02,1.882262495856e-04,2.051666120483e-02,0.000000000000e+00,0.000000000000e+00,7.220701402756e+01,0.000000000000e+00,0.000000000000e+00,0.000000000000e+00,0.000000000000e+00,7.473775706302e-04,8.146415519869e-02,2.663172445201e+02,2.656712951660e+02,0.000000000000e+00,1.145471035673e+00,0.000000000000e+00,5.545698652761e+04,1.090000000000e+02
1.150000000000e+02,1.032373278074e+08,9.223782451359e+04,1.290257917167e+06,5.973426814888e-01,3.573237249893e+02,1.969016957772e-04,2.146228483971e-02,0.000000000000e+00,0.000000000000e+00,7.191441395529e+01,0.000000000000e+00,0.000000000000e+00,0.000000000000e+00,0.000000000000e+00,9.095065236052e-04,9.913621107297e-02,2.664061583428e+02,2.658271179199e+02,0.000000000000e+00,1.144061506991e+00,0.000000000000e+00,5.545803945063e+04,1.090000000000e+02
1.160000000000e+02,1.032372560760e+08,9.230955583486e+04,1.293914509338e+06,5.983985110315e-01,3.576991647716e+02,2.097859104517e-04,2.286666423923e-02,0.000000000000e+00,0.000000000000e+00,7.173132126556e+01,0.000000000000e+00,0.000000000000e+00,0.000000000000e+00,0.000000000000e+00,8.117227534525e-04,8.847778012632e-02,2.664716475935e+02,2.656517944336e+02,0.000000000000e+00,1.142137512823e+00,0.000000000000e+00,5.545880746203e+04,1.090000000000e+02
1.170000000000e+02,1.032371845384e+08,9.238109347427e+04,1.297181821098e+06,5.993364238942e-01,3.580357848053e+02,2.488118897371e-04,2.712049598134e-02,0.000000000000e+00,0.000000000000e+00,7.153763941205e+01,0.000000000000e+00,0.000000000000e+00,0.000000000000e+00,0.000000000000e+00,7.860541006922e-04,8.567989697545e-02,2.665440385350e+02,2.660412597656e+02,0.000000000000e+00,1.141460976210e+00,0.000000000000e+00,5.545964862138e+04,1.090000000000e+02
1.180000000000e+02,1.032371133149e+08,9.245231694779e+04,1.301638116784e+06,6.010782819149e-01,3.582162950877e+02,3.179058781156e-04,3.465174071460e-02,0.000000000000e+00,0.000000000000e+00,7.122347352054e+01,0.000000000000e+00,0.000000000000e+00,0.000000000000e+00,0.000000000000e+00,1.050057074390e-03,1.144562211085e-01,2.666570637554e+02,2.670380859375e+02,0.000000000000e+00,1.140362167057e+00,0.000000000000e+00,5.546094186547e+04,1.090000000000e+02
1.190000000000e+02,1.032370423286e+08,9.252330328949e+04,1.307549431739e+06,6.036322021355e-01,3.583125118139e+02,3.266038475107e-04,3.559981937866e-02,0.000000000000e+00,0.000000000000e+00,7.098634170427e+01,0.000000000000e+00,0.000000000000e+00,0.000000000000e+00,0.000000000000e+00,1.299543663769e-03,1.416502593508e-01,2.667689437450e+02,2.674275207520e+02,0.000000000000e+00,1.140176981872e+00,0.000000000000e+00,5.546219950026e+04,1.090000000000e+02
1.200000000000e+02,1.032369713633e+08,9.259426855518e+04,1.313459125874e+06,6.060411243093e-01,3.584960028101e+02,2.540041481756e-04,2.768645215115e-02,0.000000000000e+00,0.000000000000e+00,7.096526568283e+01,0.000000000000e+00,0.000000000000e+00,0.000000000000e+00,0.000000000000e+00,1.228357933109e-03,1.338910147089e-01,2.668426267982e+02,2.674375915527e+02,0.000000000000e+00,1.139772745837e+00,0.000000000000e+00,5.546301669165e+04,1.090000000000e+02
1.210000000000e+02,1.032369003715e+08,9.266526041124e+04,1.318460897116e+06,6.078947162097e-01,3.587597376327e+02,2.282233566424e-04,2.487634587402e-02,0.000000000000e+00,0.000000000000e+00,7.099185606137e+01,0.000000000000e+00,0.000000000000e+00,0.000000000000e+00,0.000000000000e+00,1.053051028315e-03,1.147825620863e-01,2.669010017175e+02,2.670426025391e+02,0.000000000000e+00,1.139772745837e+00,0.000000000000e+00,5.546365934716e+04,1.090000000000e+02
1.220000000000e+02,1.032368292841e+08,9.273634775993e+04,1.321758056829e+06,6.087547965518e-01,3.591468042093e+02,2.525418437972e-04,2.752706097389e-02,0.000000000000e+00,0.000000000000e+00,7.108734869399e+01,0.000000000000e+00,0.000000000000e+00,0.000000000000e+00,0.000000000000e+00,7.967336972110e-04,8.684397299599e-02,2.669285219003e+02,2.664530639648e+02,0.000000000000e+00,1.139772745837e+00,0.000000000000e+00,5.546396238692e+04,1.090000000000e+02
1.230000000000e+02,1.032367581902e+08,9.280744165588e+04,1.324772931738e+06,6.095682438858e-01,3.594833231052e+02,2.683457839855e-04,2.924969045442e-02,0.000000000000e+00,0.000000000000e+00,7.109389594809e+01,0.000000000000e+00,0.000000000000e+00,0.000000000000e+00,0.000000000000e+00,7.656271670461e-04,8.345336120802e-02,2.669610060661e+02,2.665059814453e+02,0.000000000000e+00,1.139772745837e+00,0.000000000000e+00,5.546431948481e+04,1.090000000000e+02
1.240000000000e+02,1.032366872560e+08,9.287837587540e+04,1.329260643530e+06,6.113089234982e-01,3.596702111096e+02,2.935382034697e-04,3.199566417820e-02,0.000000000000e+00,0.000000000000e+00,7.093421952178e+01,0.000000000000e+00,0.000000000000e+00,0.000000000000e+00,0.000000000000e+00,1.033531202590e-03,1.126549010824e-01,2.670147144231e+02,2.668302612305e+02,0.000000000000e+00,1.139772745837e+00,0.000000000000e+00,5.546490311863e+04,1.090000000000e+02
1.250000000000e+02,1.032366166493e+08,9.294898258762e+04,1.332584946953e+06,6.124029515653e-01,3.599183103706e+02,3.452850775186e-04,3.763607344953e-02,0.000000000000e+00,0.000000000000e+00,7.060671221739e+01,0.000000000000e+00,0.000000000000e+00,0.000000000000e+00,0.000000000000e+00,8.907129448903e-04,9.708771099304e-02,2.671190607397e+02,2.678546447754e+02,0.000000000000e+00,1.139680153244e+00,0.000000000000e+00,5.546601883510e+04,1.090000000000e+02
1.260000000000e+02,1.032365462460e+08,9.301938591173e+04,1.334616063663e+06,6.124899978420e-01,3.604083258951e+02,3.363859939040e-04,3.666607333553e-02,0.000000000000e+00,0.000000000000e+00,7.040332410786e+01,0.000000000000e+00,0.000000000000e+00,0.000000000000e+00,0.000000000000e+00,6.678460191553e-04,7.279521608793e-02,2.672265373157e+02,2.686212768555e+02,0.000000000000e+00,1.138647193817e+00,0.000000000000e+00,5.546714765708e+04,1.090000000000e+02
1.270000000000e+02,1.032364760031e+08,9.308962877294e+04,1.336933107113e+06,6.130112017469e-01,3.607182045671e+02,3.839842084536e-04,4.185427872144e-02,0.000000000000e+00,0.000000000000e+00,7.024286121007e+01,0.000000000000e+00,0.000000000000e+00,0.000000000000e+00,0.000000000000e+00,7.617917448662e-04,8.303530019042e-02,2.673586788887e+02,2.694077758789e+02,0.000000000000e+00,1.138089860405e+00,0.000000000000e+00,5.546850980030e+04,1.090000000000e+02
1.280000000000e+02,1.032364058225e+08,9.315980934608e+04,1.339203951013e+06,6.134302230901e-01,3.610753283073e+02,4.085904264485e-04,4.453635648288e-02,0.000000000000e+00,0.000000000000e+00,7.018057314311e+01,0.000000000000e+00,0.000000000000e+00,0.000000000000e+00,0.000000000000e+00,7.788117215200e-04,8.489047764568e-02,2.674918476062e+02,2.699099731445e+02,0.000000000000e+00,1.136808355009e+00,0.000000000000e+00,5.546985363588e+04,1.090000000000e+02
1.290000000000e+02,1.032363351657e+08,9.322011135123e+04,1.341747359309e+06,6.138969788028e-01,3.614772672871e+02,4.442893748278e-04,4.842754185623e-02,0.000000000000e+00,1.035527183953e+01,7.065727698767e+01,0.000000000000e+00,0.000000000000e+00,0.000000000000e+00,0.000000000000e+00,8.595839580098e-04,9.369465142307e-02,2.676276889471e+02,2.703914794922e+02,0.000000000000e+00,1.136715762417e+00,1.035527183953e+01,5.547119681720e+04,1.090000000000e+02
1.300000000000e+02,1.032363670523e+08,9.316349707704e+04,1.345944818317e+06,6.156282791134e-01,3.615824661489e+02,4.845236124234e-04,5.281307375415e-02,0.000000000000e+00,2.472685223280e+01,-3.188742195365e+01,0.000000000000e+00,0.000000000000e+00,0.000000000000e+00,0.000000000000e+00,1.175116337613e-03,1.280876807998e-01,2.677231416701e+02,2.702321166992e+02,0.000000000000e+00,1.132711998621e+00,2.472685223280e+01,5.547209841061e+04,1.090000000000e+02
1.310000000000e+02,1.032363437186e+08,9.316152352474e+04,1.350794341099e+06,6.174441007180e-01,3.618136897060e+02,4.857524741471e-04,5.294701968203e-02,0.000000000000e+00,2.530613821919e+01,2.333258591833e+01,0.000000000000e+00,0.000000000000e+00,0.000000000000e+00,0.000000000000e+00,1.285092199270e-03,1.400750497205e-01,2.677938459198e+02,2.700245056152e+02,0.000000000000e+00,1.131942068066e+00,2.530613821919e+01,5.547276952639e+04,1.090000000000e+02
1.320000000000e+02,1.032363045038e+08,9.317378219052e+04,1.354256097696e+06,6.186516075606e-01,3.620275992060e+02,4.836268422666e-04,5.271532580706e-02,0.000000000000e+00,2.695684225036e+01,3.921550802771e+01,0.000000000000e+00,0.000000000000e+00,0.000000000000e+00,0.000000000000e+00,1.052858054547e-03,1.147615279456e-01,2.678798604292e+02,2.705227355957e+02,0.000000000000e+00,1.131226219780e+00,2.695684225036e+01,5.547358363172e+04,1.090000000000e+02
1.330000000000e+02,1.032362556683e+08,9.319358542761e+04,1.356916116119e+06,6.194263815677e-01,3.622801216304e+02,4.903978133313e-04,5.345336165311e-02,0.000000000000e+00,2.903080144026e+01,4.883403853105e+01,0.000000000000e+00,0.000000000000e+00,0.000000000000e+00,0.000000000000e+00,9.273097103150e-04,1.010767584243e-01,2.679592713702e+02,2.704778747559e+02,0.000000000000e+00,1.130058630877e+00,2.903080144026e+01,5.547432659167e+04,1.090000000000e+02
1.340000000000e+02,1.032361621340e+08,9.325905220701e+04,1.359002611889e+06,6.198008726812e-01,3.626128399918e+02,5.097742261358e-04,5.556539064880e-02,0.000000000000e+00,2.806627182668e+01,9.353305122959e+01,0.000000000000e+00,0.000000000000e+00,0.000000000000e+00,0.000000000000e+00,8.516685344478e-04,9.283187025481e-02,2.680425898011e+02,2.707965087891e+02,0.000000000000e+00,1.130202130887e+00,2.806627182668e+01,5.547510901205e+04,1.090000000000e+02
1.350000000000e+02,1.032360695852e+08,9.332163733369e+04,1.360776151118e+06,6.200744127732e-01,3.629199037061e+02,5.746196900200e-04,6.263354621218e-02,0.000000000000e+00,2.996389063239e+01,9.254901730770e+01,0.000000000000e+00,0.000000000000e+00,0.000000000000e+00,0.000000000000e+00,8.642136506996e-04,9.419928792625e-02,2.681426912279e+02,2.715332641602e+02,0.000000000000e+00,1.129981212055e+00,2.996389063239e+01,5.547602278338e+04,1.090000000000e+02
1.360000000000e+02,1.032359810259e+08,9.337770422112e+04,1.362008581160e+06,6.201460573188e-01,3.632014728814e+02,6.555198919361e-04,7.145166822103e-02,0.000000000000e+00,3.249123037599e+01,8.855811780419e+01,0.000000000000e+00,0.000000000000e+00,0.000000000000e+00,0.000000000000e+00,8.561376695703e-04,9.331900598317e-02,2.682304666276e+02,2.717089233398e+02,0.000000000000e+00,1.128364917570e+00,3.249123037599e+01,5.547680916531e+04,1.090000000000e+02
1.370000000000e+02,1.032358945274e+08,9.342757829060e+04,1.362783544456e+06,6.199004811986e-01,3.635452644540e+02,6.930740353386e-04,7.554506985191e-02,0.000000000000e+00,3.662392393728e+01,8.649799342016e+01,0.000000000000e+00,0.000000000000e+00,0.000000000000e+00,0.000000000000e+00,8.170001945087e-04,8.905302120145e-02,2.683488145649e+02,2.724472961426e+02,0.000000000000e+00,1.127160321836e+00,3.662392393728e+01,5.547785035368e+04,1.090000000000e+02
1.380000000000e+02,1.032358092620e+08,9.347106857993e+04,1.363469405828e+06,6.196741022725e-01,3.638544671005e+02,6.614363277705e-04,7.209655972698e-02,0.000000000000e+00,4.177671052244e+01,8.526699985634e+01,0.000000000000e+00,0.000000000000e+00,0.000000000000e+00,0.000000000000e+00,7.707464012031e-04,8.401135773113e-02,2.684662847783e+02,2.728903503418e+02,0.000000000000e+00,1.126668970409e+00,4.177671052244e+01,5.547886148947e+04,1.090000000000e+02
1.390000000000e+02,1.032360449658e+08,9.357907053412e+04,1.364297482155e+06,6.194553282588e-01,3.641963036676e+02,6.642163881270e-04,7.239958630584e-02,0.000000000000e+00,5.654862765730e+01,-2.357046202850e+02,6.618484743066e-05,7.214148369942e-03,0.000000000000e+00,0.000000000000e+00,8.626187773992e-04,9.402544673651e-02,2.686079063094e+02,2.731107177734e+02,0.000000000000e+00,1.124076377817e+00,5.654862765730e+01,5.548003605569e+04,1.090000000000e+02
1.400000000000e+02,1.032479908899e+08,9.604094850341e+04,1.351649307535e+06,6.132006483053e-01,3.644611443395e+02,5.995513340475e-04,6.535109541117e-02,0.000000000000e+00,3.794483928920e+02,-1.194592308391e+04,2.445095210414e-03,2.665153779351e-01,0.000000000000e+00,0.000000000000e+00,9.291424801587e-04,1.012765303373e-01,2.694259328566e+02,2.735635070801e+02,0.000000000000e+00,9.937349895388e-01,3.794483928920e+02,5.548598690600e+04,1.090000000000e+02
1.410000000000e+02,1.032714203027e+08,1.035076296506e+05,1.324215649932e+06,5.998864207849e-01,3.649385629346e+02,4.847722943959e-04,5.284018008915e-02,0.000000000000e+00,1.711981920620e+03,-2.342941463792e+04,4.509697563313e-03,4.915570344011e-01,8.814583199554e-04,9.607895687514e-02,4.283674575179e-04,4.669205286946e-02,2.706818770349e+02,2.737495727539e+02,0.000000000000e+00,7.160087951076e-01,1.711981920620e+03,5.549361073210e+04,1.090000000000e+02
1.420000000000e+02,1.033241490581e+08,1.309537739526e+05,1.267371321057e+06,5.730096200175e-01,3.655897519619e+02,2.697747240238e-04,2.940544491859e-02,0.000000000000e+00,7.978077849123e+04,-5.272874816837e+04,9.165468891186e-03,9.990361091393e-01,1.727497117835e-02,1.882971858440e+00,0.000000000000e+00,0.000000000000e+00,2.730923465924e+02,2.749679870605e+02,0.000000000000e+00,4.259259259260e-03,7.978077849123e+04,5.550356165866e+04,1.090000000000e+02
1.430000000000e+02,1.033296838510e+08,1.451702307245e+05,1.181057941250e+06,5.330408870268e-01,3.662374112686e+02,5.750278703025e-05,6.267803786297e-03,0.000000000000e+00,3.424337537117e+05,-5.534761180154e+03,1.420943625542e-02,1.548828551841e+00,4.565694976816e-02,4.976607524729e+00,0.000000000000e+00,0.000000000000e+00,2.730915367796e+02,2.757260437012e+02,0.000000000000e+00,2.777777777688e-04,3.424337537117e+05,5.550356108210e+04,1.090000000000e+02
1.440000000000e+02,1.033331166477e+08,1.535081363150e+05,1.079250547643e+06,4.862780577621e-01,3.668512167653e+02,-5.912290234139e-05,-6.444396355212e-03,0.000000000000e+00,2.698959777029e+05,-3.432790987196e+03,1.688700523992e-02,1.840683571152e+00,2.967034329568e-02,3.234067419229e+00,0.000000000000e+00,0.000000000000e+00,2.730708831962e+02,2.760657348633e+02,0.000000000000e+00,1.851851851823e-03,2.698959777029e+05,5.550351225592e+04,1.090000000000e+02
1.450000000000e+02,1.033355163403e+08,1.681185602885e+05,9.690525881426e+05,4.359426198725e-01,3.674265053707e+02,-1.178927964611e-04,-1.285031481426e-02,0.000000000000e+00,9.693204749439e+04,-2.399690901150e+03,1.833272171772e-02,1.998266667232e+00,5.010627487793e-04,5.461583961694e-02,0.000000000000e+00,0.000000000000e+00,2.730617007447e+02,2.761352539063e+02,0.000000000000e+00,4.814814814793e-03,9.693204749439e+04,5.550349017674e+04,1.090000000000e+02
1.460000000000e+02,1.033372411059e+08,1.820815366414e+05,8.576394552930e+05,3.852347450890e-01,3.679863812143e+02,-1.238080396476e-04,-1.349507632159e-02,0.000000000000e+00,9.825740918738e+04,-1.724760822023e+03,1.853954458120e-02,2.020810359351e+00,2.947376337112e-04,3.212640207452e-02,0.000000000000e+00,0.000000000000e+00,2.730582933558e+02,2.759951782227e+02,0.000000000000e+00,8.055555555525e-03,9.825740918738e+04,5.550348202191e+04,1.090000000000e+02
1.470000000000e+02,1.033385698753e+08,1.950641861260e+05,7.398419176392e+05,3.318420306224e-01,3.685190068804e+02,-1.427262558379e-04,-1.555716188633e-02,0.000000000000e+00,1.100530389344e+05,-1.328779644083e+03,1.961377583688e-02,2.137901566220e+00,9.427444697815e-04,1.027591472062e-01,0.000000000000e+00,0.000000000000e+00,2.730568825292e+02,2.762627258301e+02,0.000000000000e+00,7.129629629612e-03,1.100530389344e+05,5.550347832196e+04,1.090000000000e+02
1.480000000000e+02,1.033396024481e+08,2.070488654191e+05,6.178412297066e+05,2.767435259434e-01,3.690214893457e+02,-1.520752002279e-04,-1.657619682484e-02,0.000000000000e+00,1.140076265368e+05,-1.032572365124e+03,2.031786457674e-02,2.214647238865e+00,6.784040775813e-04,7.394604445636e-02,0.000000000000e+00,0.000000000000e+00,2.730533575627e+02,2.762880859375e+02,0.000000000000e+00,5.740740740729e-03,1.140076265368e+05,5.550346934050e+04,1.090000000000e+02
1.490000000000e+02,1.033404271059e+08,2.185193453546e+05,4.969291516084e+05,2.223093242673e-01,3.694781782454e+02,-1.666498961163e-04,-1.816483867668e-02,0.000000000000e+00,1.101792004323e+05,-8.246546053968e+02,2.015251404647e-02,2.196624031065e+00,9.158613990414e-05,9.982889249551e-03,0.000000000000e+00,0.000000000000e+00,2.730516902401e+02,2.766585998535e+02,0.000000000000e+00,4.351851851848e-03,1.101792004323e+05,5.550346513907e+04,1.090000000000e+02
1.500000000000e+02,1.033410967633e+08,2.290944294487e+05,3.610923467036e+05,1.614168587608e-01,3.697606083255e+02,-2.492454909156e-04,-2.716775850980e-02,0.000000000000e+00,1.395698324306e+05,-6.695979139670e+02,2.270208719988e-02,2.474527504787e+00,2.226432185987e-03,2.426811082725e-01,0.000000000000e+00,0.000000000000e+00,2.730580628739e+02,2.772521362305e+02,0.000000000000e+00,3.611111111113e-03,1.395698324306e+05,5.550348446991e+04,1.090000000000e+02
1.510000000000e+02,1.033415763149e+08,2.369615645430e+05,2.147048478832e+05,9.596662063738e-02,3.698037034194e+02,-2.851290274796e-04,-3.107906399527e-02,0.000000000000e+00,1.905987395199e+05,-4.795366917783e+02,2.448181467553e-02,2.668517799633e+00,8.402385370713e-03,9.158600054077e-01,0.000000000000e+00,0.000000000000e+00,2.730545170640e+02,2.768986206055e+02,0.000000000000e+00,4.907407407423e-03,1.905987395199e+05,5.550347403444e+04,1.090000000000e+02
1.520000000000e+02,1.033418263372e+08,2.442569893367e+05,6.967308483941e+04,3.119383806700e-02,3.691736778430e+02,-2.749025068871e-04,-2.996437325069e-02,0.000000000000e+00,1.768547281758e+05,-2.500454867611e+02,2.424756444972e-02,2.642984525019e+00,6.232417277657e-03,6.793334832646e-01,0.000000000000e+00,0.000000000000e+00,2.730535812936e+02,2.771823425293e+02,0.000000000000e+00,9.166666666706e-03,1.768547281758e+05,5.550347273116e+04,1.090000000000e+02
1.530000000000e+02,1.033429594748e+08,1.156362467145e+05,3.011647260950e+03,1.359602504758e-03,3.661139832057e+02,-3.805402688811e-04,-4.147888930804e-02,3.105886023468e-03,1.998836141363e+05,-9.607648967714e+02,1.115224299534e-02,1.215594486492e+00,5.673262856530e-04,6.183856513618e-02,0.000000000000e+00,0.000000000000e+00,2.737325877443e+02,2.772532348633e+02,1.481481481480e-03,5.092592592616e-03,1.998836141363e+05,5.550430663638e+04,1.090000000000e+02
1.540000000000e+02,1.033431169948e+08,6.483990635984e+04,2.433108783268e+01,1.109983147034e-05,3.624660966588e+02,4.494793898666e-04,4.899325349546e-02,-5.724119635738e-02,5.543818929858e+04,-3.334694178791e+03,4.988600931437e-04,5.437575015266e-02,7.489845212459e-04,8.163931281580e-02,0.000000000000e+00,0.000000000000e+00,2.781177842701e+02,2.775728149414e+02,2.953703703701e-02,6.249999999996e-02,5.543818929858e+04,5.550170546804e+04,1.090000000000e+02
1.550000000000e+02,1.033371438234e+08,4.351113666848e+04,6.022284549452e-01,2.769883080963e-07,3.602086562403e+02,9.814105299188e-04,1.069737477612e-01,-1.121379143609e-01,2.573119213438e+04,-2.506710501632e+02,3.962268321658e-06,4.318872470608e-04,7.178313394938e-04,7.824361600482e-02,0.000000000000e+00,0.000000000000e+00,2.792340221569e+02,2.781106567383e+02,4.731481481477e-02,8.944444444440e-02,2.573119213438e+04,5.549848337635e+04,1.090000000000e+02
1.560000000000e+02,1.033294094036e+08,2.632314826558e+04,4.222677093916e-01,1.934697928116e-07,3.605905982404e+02,1.096769237651e-03,1.195478469040e-01,-1.242095585057e-01,2.162412350179e+04,8.409689550641e+02,3.023045825956e-08,3.295119950292e-06,5.514734558827e-04,6.011060669121e-02,0.000000000000e+00,0.000000000000e+00,2.802127691623e+02,2.785783386230e+02,6.537037037031e-02,1.186111111111e-01,2.162412350179e+04,5.549512668785e+04,1.090000000000e+02
1.570000000000e+02,1.033240402122e+08,1.430506471605e+04,4.175816921972e-01,1.909287058106e-07,3.611446759080e+02,1.128348220901e-03,1.229899560782e-01,-1.263940550017e-01,1.606596264110e+04,-1.645188506808e+03,7.749400556123e-10,8.446846606174e-08,9.099000039011e-04,9.917910042522e-02,0.000000000000e+00,0.000000000000e+00,2.806795146793e+02,2.790574340820e+02,8.101851851844e-02,1.413888888889e-01,1.606596264110e+04,5.549357859211e+04,1.090000000000e+02
1.580000000000e+02,1.033192862202e+08,6.892337916619e+03,4.171780753205e-01,1.903974045228e-07,3.617346690077e+02,1.190428134760e-03,1.297566666888e-01,-1.318016783195e-01,1.112755125198e+04,-2.560217521411e+03,7.076986113989e-11,7.713914864248e-09,1.018611818236e-03,1.110286881877e-01,0.000000000000e+00,0.000000000000e+00,2.814245585505e+02,2.794629516602e+02,9.583333333325e-02,1.612037037037e-01,1.112755125198e+04,5.549048035820e+04,1.090000000000e+02
1.590000000000e+02,1.033115711735e+08,2.403941380631e+03,4.171359133807e-01,1.900320918043e-07,3.623601264090e+02,1.183969626250e-03,1.290526892612e-01,-1.302287301944e-01,7.863572239772e+03,4.884018384318e+02,7.082276991914e-12,7.719681921187e-10,4.664413211873e-04,5.084210400941e-02,0.000000000000e+00,0.000000000000e+00,2.817073454035e+02,2.796016235352e+02,1.065740740740e-01,1.873148148148e-01,7.863572239772e+03,5.548939215833e+04,1.090000000000e+02
1.600000000000e+02,1.033044018292e+08,1.900925038366e+01,4.171462595530e-01,1.896901927289e-07,3.607593868255e+02,1.093752538082e-03,1.192190266510e-01,-1.198185119611e-01,5.512859243082e+03,5.203703250656e+02,6.918747121531e-13,7.541434362468e-11,4.255751360730e-04,4.638768983196e-02,0.000000000000e+00,0.000000000000e+00,2.814051050131e+02,2.791690673828e+02,1.203703703703e-01,2.106481481481e-01,5.512859243082e+03,5.549103571428e+04,1.090000000000e+02
1.610000000000e+02,1.032983644405e+08,1.543881703738e+01,4.171334229094e-01,1.893474585443e-07,3.614135383743e+02,1.052752422045e-03,1.147500140029e-01,-1.147139240856e-01,2.113638741197e+03,-3.283167209311e+02,0.000000000000e+00,0.000000000000e+00,4.034417954533e-04,4.397515570441e-02,0.000000000000e+00,0.000000000000e+00,2.817893992471e+02,2.793969116211e+02,1.308333333333e-01,2.305555555555e-01,2.113638741197e+03,5.548926436644e+04,1.090000000000e+02
1.620000000000e+02,1.032934754649e+08,1.406298510440e+01,4.171219242266e-01,1.890077054099e-07,3.620643261600e+02,1.082185593720e-03,1.179582297155e-01,-1.179120661308e-01,1.716560734583e+03,-1.654009798969e+03,0.000000000000e+00,0.000000000000e+00,5.574414676162e-04,6.076111997017e-02,0.000000000000e+00,0.000000000000e+00,2.821054913122e+02,2.798356933594e+02,1.411111111111e-01,2.472222222222e-01,1.716560734583e+03,5.548772540269e+04,1.090000000000e+02
1.630000000000e+02,1.032872772202e+08,1.239822545497e+01,4.170778915827e-01,1.886708864471e-07,3.627117906083e+02,1.141815920547e-03,1.244579353396e-01,-1.244086491812e-01,1.443391827387e+03,-7.048060331393e+02,0.000000000000e+00,0.000000000000e+00,3.553322335016e-04,3.873121345167e-02,0.000000000000e+00,0.000000000000e+00,2.832240478547e+02,2.808309326172e+02,1.512037037037e-01,2.661111111111e-01,1.443391827387e+03,5.548188242102e+04,1.090000000000e+02
1.640000000000e+02,1.032800838903e+08,1.105199660536e+01,4.170599879025e-01,1.883369571655e-07,3.633559713844e+02,1.150641410149e-03,1.254199137063e-01,-1.253720957929e-01,1.165882974418e+03,2.373187805338e+02,0.000000000000e+00,0.000000000000e+00,1.537182326086e-04,1.675528735433e-02,0.000000000000e+00,0.000000000000e+00,2.836526280607e+02,2.810282287598e+02,1.629629629629e-01,2.874074074074e-01,1.165882974418e+03,5.547949785232e+04,1.090000000000e+02
1.650000000000e+02,1.032774132780e+08,1.208682504606e+01,4.170636488729e-01,1.880058703198e-07,3.639969074122e+02,1.117344018450e-03,1.217904980111e-01,-1.217424643457e-01,1.123528842704e+03,-4.083895447612e+03,0.000000000000e+00,0.000000000000e+00,8.616859065645e-04,9.392376381553e-02,0.000000000000e+00,0.000000000000e+00,2.835665880697e+02,2.809876098633e+02,1.732407407407e-01,2.983333333333e-01,1.123528842704e+03,5.547998308861e+04,1.090000000000e+02
1.660000000000e+02,1.032869572063e+08,1.633292710289e+01,4.170486908445e-01,1.876775886091e-07,3.646346368936e+02,1.127668923703e-03,1.229159126837e-01,-1.228574378421e-01,1.614443033014e+03,-1.636019805727e+04,0.000000000000e+00,0.000000000000e+00,2.973593673772e-03,3.241217104411e-01,0.000000000000e+00,0.000000000000e+00,2.839165263039e+02,2.814077453613e+02,1.818518518518e-01,2.837962962963e-01,1.614443033014e+03,5.547799246379e+04,1.090000000000e+02
1.670000000000e+02,1.032925692909e+08,1.461747176968e+01,4.170589348249e-01,1.873520671001e-07,3.652691973259e+02,1.165257058288e-03,1.270130193534e-01,-1.269471652809e-01,1.968416131952e+03,-1.265521041067e+04,0.000000000000e+00,0.000000000000e+00,2.418543661799e-03,2.636212591361e-01,0.000000000000e+00,0.000000000000e+00,2.836799592823e+02,2.810485839844e+02,1.893518518518e-01,2.784259259259e-01,1.968416131952e+03,5.547934390835e+04,1.090000000000e+02
1.680000000000e+02,1.032872533152e+08,1.263002480281e+01,4.170452355418e-01,1.870292641528e-07,3.659006255204e+02,1.158913805005e-03,1.263216047455e-01,-1.262634378075e-01,1.486694058461e+03,-1.689178239298e+03,0.000000000000e+00,0.000000000000e+00,5.253489443069e-04,5.726303492946e-02,0.000000000000e+00,0.000000000000e+00,2.839969141800e+02,2.814255371094e+02,1.992592592592e-01,2.935185185185e-01,1.486694058461e+03,5.547752874184e+04,1.090000000000e+02
1.690000000000e+02,1.032987740829e+08,1.899051203108e+01,4.170482775779e-01,1.867091390846e-07,3.665289576187e+02,1.165494957113e-03,1.270389503253e-01,-1.269720691399e-01,1.875870724210e+03,-1.856513608254e+04,0.000000000000e+00,0.000000000000e+00,3.381940896261e-03,3.686315576924e-01,0.000000000000e+00,0.000000000000e+00,2.839270221659e+02,2.815067443848e+02,2.092592592592e-01,2.773148148148e-01,1.875870724210e+03,5.547793202432e+04,1.090000000000e+02
1.700000000000e+02,1.033463109106e+08,3.251639362467e+01,4.170317737047e-01,1.863916525501e-07,3.671542291093e+02,1.325954167711e-03,1.445290042805e-01,-1.444225531550e-01,4.350683528411e+03,-5.554919250954e+04,0.000000000000e+00,0.000000000000e+00,9.908975761275e-03,1.080078357979e+00,0.000000000000e+00,0.000000000000e+00,2.843054379533e+02,2.821379394531e+02,2.192592592592e-01,1.919444444444e-01,4.350683528411e+03,5.547572350970e+04,1.090000000000e+02
1.710000000000e+02,1.033697801334e+08,3.105382767057e+01,4.170328204650e-01,1.860767655726e-07,3.677764748441e+02,1.588984452371e-03,1.731993053085e-01,-1.730637395952e-01,7.126749386434e+03,-3.307042856693e+04,0.000000000000e+00,0.000000000000e+00,6.648545695802e-03,7.246914808424e-01,0.000000000000e+00,0.000000000000e+00,2.842868147247e+02,2.824451293945e+02,2.291666666666e-01,1.538888888889e-01,7.126749386434e+03,5.547583323473e+04,1.090000000000e+02
1.720000000000e+02,1.033581755127e+08,2.407927737626e+01,4.170296327506e-01,1.857644408195e-07,3.683957290533e+02,1.459753761314e-03,1.591131599832e-01,-1.590104388271e-01,4.750680862976e+03,2.783125941466e+03,0.000000000000e+00,0.000000000000e+00,3.251297766153e-04,3.543914565107e-02,0.000000000000e+00,0.000000000000e+00,2.843589342612e+02,2.823237609863e+02,2.390740740740e-01,1.830555555555e-01,4.750680862976e+03,5.547540931880e+04,1.090000000000e+02
1.730000000000e+02,1.033477020498e+08,2.023803830004e+01,4.170325868918e-01,1.854546406946e-07,3.690120253611e+02,1.312057816021e-03,1.430143019463e-01,-1.429323751122e-01,3.344827436001e+03,2.543945170114e+03,0.000000000000e+00,0.000000000000e+00,1.325237598829e-04,1.444508982724e-02,0.000000000000e+00,0.000000000000e+00,2.842914852311e+02,2.824651489258e+02,2.438888888888e-01,2.092592592592e-01,3.344827436001e+03,5.547580830568e+04,1.090000000000e+02
1.740000000000e+02,1.033505168633e+08,2.311821988137e+01,4.170301067150e-01,1.851473297408e-07,3.696253967996e+02,1.301656034006e-03,1.418805077066e-01,-1.417975889960e-01,3.187703690074e+03,-1.068136752338e+04,0.000000000000e+00,0.000000000000e+00,2.294808280794e-03,2.501341026066e-01,0.000000000000e+00,0.000000000000e+00,2.843464762612e+02,2.821457519531e+02,2.499074074074e-01,2.093518518518e-01,3.187703690074e+03,5.547548322647e+04,1.090000000000e+02
1.750000000000e+02,1.033517502776e+08,2.094492265081e+01,4.170147409098e-01,1.848424704489e-07,3.702358758233e+02,1.419828260616e-03,1.547612804072e-01,-1.546665308847e-01,3.552568191142e+03,-9.813737882352e+03,0.000000000000e+00,0.000000000000e+00,2.210960543558e-03,2.409946992478e-01,0.000000000000e+00,0.000000000000e+00,2.846876587839e+02,2.825447692871e+02,2.598148148148e-01,2.125000000000e-01,3.552568191142e+03,5.547344525791e+04,1.090000000000e+02
1.760000000000e+02,1.033421835312e+08,1.805164136733e+01,4.169915398118e-01,1.845400290069e-07,3.708434943229e+02,1.401909748674e-03,1.528081626054e-01,-1.527236450853e-01,2.711545888946e+03,1.094597929707e+03,0.000000000000e+00,0.000000000000e+00,2.676733465090e-04,2.917639476948e-02,0.000000000000e+00,0.000000000000e+00,2.851916400882e+02,2.828715820313e+02,2.696296296296e-01,2.353703703703e-01,2.711545888946e+03,5.547036760067e+04,1.090000000000e+02
1.770000000000e+02,1.033425750556e+08,2.011875226774e+01,4.170125085877e-01,1.842399711052e-07,3.714482836384e+02,1.343268144870e-03,1.464162277908e-01,-1.463333661302e-01,2.592950192321e+03,-8.509150787137e+03,0.000000000000e+00,0.000000000000e+00,1.837193972138e-03,2.002541429630e-01,0.000000000000e+00,0.000000000000e+00,2.847360878722e+02,2.822342224121e+02,2.737962962963e-01,2.394444444444e-01,2.592950192321e+03,5.547315387218e+04,1.090000000000e+02
1.780000000000e+02,1.033517367239e+08,2.218551904044e+01,4.170371062142e-01,1.839422633001e-07,3.720502745720e+02,1.280203612812e-03,1.395421937965e-01,-1.394549901580e-01,3.214660547847e+03,-1.689813587507e+04,0.000000000000e+00,0.000000000000e+00,3.327316274294e-03,3.626774738980e-01,0.000000000000e+00,0.000000000000e+00,2.841883727747e+02,2.820247192383e+02,2.800925925926e-01,2.273148148148e-01,3.214660547847e+03,5.547641426695e+04,1.090000000000e+02
1.790000000000e+02,1.033601017370e+08,2.364865384477e+01,4.169996999593e-01,1.836468728059e-07,3.726494974008e+02,1.305760239789e-03,1.423278661370e-01,-1.422367836671e-01,3.664811148804e+03,-1.625565573422e+04,0.000000000000e+00,0.000000000000e+00,3.295511108829e-03,3.592107108623e-01,0.000000000000e+00,0.000000000000e+00,2.850158481987e+02,2.832162170410e+02,2.900925925926e-01,2.164814814815e-01,3.664811148804e+03,5.547144931956e+04,1.090000000000e+02
1.800000000000e+02,1.033583314447e+08,2.086538083407e+01,4.169641455386e-01,1.833537683115e-07,3.732459818889e+02,1.387341860075e-03,1.512202627481e-01,-1.511265833034e-01,3.555522933133e+03,-6.612845444866e+03,0.000000000000e+00,0.000000000000e+00,1.682131465816e-03,1.833523297739e-01,0.000000000000e+00,0.000000000000e+00,2.857730499641e+02,2.837638244629e+02,2.962037037037e-01,2.250000000000e-01,3.555522933133e+03,5.546672431833e+04,1.090000000000e+02
1.810000000000e+02,1.033487266374e+08,1.812843089854e+01,4.169626602007e-01,1.830629165430e-07,3.738397572990e+02,1.332730813141e-03,1.452676586324e-01,-1.451861384508e-01,2.702145977241e+03,1.551554376087e+03,0.000000000000e+00,0.000000000000e+00,1.905642935896e-04,2.077150800127e-02,0.000000000000e+00,0.000000000000e+00,2.858035311883e+02,2.838768920898e+02,3.002777777777e-01,2.469444444444e-01,2.702145977241e+03,5.546653143471e+04,1.090000000000e+02
1.820000000000e+02,1.033418856814e+08,1.714702336084e+01,4.169800232809e-01,1.827748084008e-07,3.744308524041e+02,1.258146200740e-03,1.371379358806e-01,-1.370633719508e-01,2.300769428631e+03,-7.618604866590e+02,0.000000000000e+00,0.000000000000e+00,5.070409560449e-04,5.526746420889e-02,0.000000000000e+00,0.000000000000e+00,2.854621025409e+02,2.833965148926e+02,3.102777777777e-01,2.639814814815e-01,2.300769428631e+03,5.546868487958e+04,1.090000000000e+02
1.830000000000e+02,1.033401813607e+08,1.762721831630e+01,4.169875085121e-01,1.824883709337e-07,3.750192954987e+02,1.236581965976e-03,1.347874342914e-01,-1.347124818016e-01,2.260844987554e+03,-5.768300496050e+03,0.000000000000e+00,0.000000000000e+00,1.328710060868e-03,1.448293966346e-01,0.000000000000e+00,0.000000000000e+00,2.853016455097e+02,2.832008056641e+02,3.187962962962e-01,2.712037037037e-01,2.260844987554e+03,5.546968570244e+04,1.090000000000e+02
1.840000000000e+02,1.033354918565e+08,1.562180027666e+01,4.169730178296e-01,1.822040961684e-07,3.756051144092e+02,1.240914953271e-03,1.352597299065e-01,-1.351865530520e-01,2.147719336802e+03,-2.809351530212e+03,0.000000000000e+00,0.000000000000e+00,8.201802620683e-04,8.939964856544e-02,0.000000000000e+00,0.000000000000e+00,2.856081908530e+02,2.836847839355e+02,3.207407407407e-01,2.840740740741e-01,2.147719336802e+03,5.546776694976e+04,1.090000000000e+02
1.850000000000e+02,1.033889328050e+08,3.864996172747e+01,4.169871352247e-01,1.819219550926e-07,3.761883365048e+02,1.299577754052e-03,1.416539751917e-01,-1.415475624620e-01,4.577221318546e+03,-6.129260392126e+04,0.000000000000e+00,0.000000000000e+00,1.089936466588e-02,1.188030748581e+00,0.000000000000e+00,0.000000000000e+00,2.853111623610e+02,2.836751708984e+02,3.316666666666e-01,1.902777777777e-01,4.577221318546e+03,5.546962389922e+04,1.090000000000e+02
1.860000000000e+02,1.034283554944e+08,4.177226859149e+01,4.170072017505e-01,1.816419188063e-07,3.767689887077e+02,1.735924881667e-03,1.892158121017e-01,-1.890399482622e-01,1.146887675355e+04,-4.990927303384e+04,0.000000000000e+00,0.000000000000e+00,1.015340466379e-02,1.106721108353e+00,0.000000000000e+00,0.000000000000e+00,2.848837358584e+02,2.835539245605e+02,3.466666666666e-01,1.207407407407e-01,1.146887675355e+04,5.547225113250e+04,1.090000000000e+02
1.870000000000e+02,1.034129635825e+08,3.150109951943e+01,4.169948940506e-01,1.813639597644e-07,3.773470975026e+02,1.707835094144e-03,1.861540252617e-01,-1.860120704409e-01,7.598957742408e+03,5.073273704451e+03,0.000000000000e+00,0.000000000000e+00,4.172840963214e-04,4.548396649904e-02,0.000000000000e+00,0.000000000000e+00,2.851496330817e+02,2.836198730469e+02,3.585185185184e-01,1.563888888889e-01,7.598957742408e+03,5.547062382653e+04,1.090000000000e+02
1.880000000000e+02,1.034011687711e+08,2.604776769401e+01,4.170031061584e-01,1.810880503037e-07,3.779226889469e+02,1.527137149528e-03,1.664579492986e-01,-1.663436877716e-01,5.240875389841e+03,2.567288355833e+03,0.000000000000e+00,0.000000000000e+00,4.422938492848e-04,4.821002957204e-02,0.000000000000e+00,0.000000000000e+00,2.849716654262e+02,2.832793273926e+02,3.694444444443e-01,1.830555555555e-01,5.240875389841e+03,5.547171965039e+04,1.090000000000e+02
1.890000000000e+02,1.033954810154e+08,2.490404634405e+01,4.169975490017e-01,1.808141634892e-07,3.784957886797e+02,1.373227921417e-03,1.496818434344e-01,-1.495855074431e-01,4.228433545780e+03,-2.610170502789e+03,0.000000000000e+00,0.000000000000e+00,1.131690502728e-03,1.233542647974e-01,0.000000000000e+00,0.000000000000e+00,2.850914479777e+02,2.832844848633e+02,3.808333333332e-01,1.987037037037e-01,4.228433545780e+03,5.547098524276e+04,1.090000000000e+02
1.900000000000e+02,1.033925465227e+08,2.342486329051e+01,4.170068056233e-01,1.805422728889e-07,3.790664219309e+02,1.299995461096e-03,1.416995052594e-01,-1.416095908779e-01,3.992492483014e+03,-4.921021498669e+03,0.000000000000e+00,0.000000000000e+00,1.474736387512e-03,1.607462662389e-01,0.000000000000e+00,0.000000000000e+00,2.848907430693e+02,2.829555969238e+02,3.912962962962e-01,2.082407407407e-01,3.992492483014e+03,5.547221505306e+04,1.090000000000e+02
1.910000000000e+02,1.033907546513e+08,2.317788604028e+01,4.170311258187e-01,1.802723523021e-07,3.796346135305e+02,1.201420624523e-03,1.309548480730e-01,-1.308731042954e-01,3.689209018966e+03,-5.468339296796e+03,0.000000000000e+00,0.000000000000e+00,1.515161408269e-03,1.651525935014e-01,0.000000000000e+00,0.000000000000e+00,2.843528766144e+02,2.824926147461e+02,4.015740740740e-01,2.151851851852e-01,3.689209018966e+03,5.547544612694e+04,1.090000000000e+02
1.920000000000e+02,1.033994605999e+08,2.672074522480e+01,4.170111308906e-01,1.800043764547e-07,3.802003879167e+02,1.220273904187e-03,1.330098555564e-01,-1.329217197871e-01,4.123483310431e+03,-1.607983712416e+04,0.000000000000e+00,0.000000000000e+00,3.342606978691e-03,3.643441606774e-01,0.000000000000e+00,0.000000000000e+00,2.847957279533e+02,2.827685852051e+02,4.112037037037e-01,2.030555555555e-01,4.123483310431e+03,5.547279209796e+04,1.090000000000e+02
1.930000000000e+02,1.034010695035e+08,2.444713416803e+01,4.169850019424e-01,1.797383199883e-07,3.807637691443e+02,1.340665960058e-03,1.461325896463e-01,-1.460337871883e-01,4.573386112427e+03,-9.709769484092e+03,0.000000000000e+00,0.000000000000e+00,2.362753138258e-03,2.575400920701e-01,0.000000000000e+00,0.000000000000e+00,2.853597238105e+02,2.836785278320e+02,4.204629629629e-01,2.039814814815e-01,4.573386112427e+03,5.546932304978e+04,1.090000000000e+02
1.940000000000e+02,1.033939914332e+08,2.250992700509e+01,4.169683500280e-01,1.794741592992e-07,3.813247808935e+02,1.366906052144e-03,1.489927596837e-01,-1.489005312139e-01,3.687007389859e+03,-1.181393414967e+03,0.000000000000e+00,0.000000000000e+00,8.057184775857e-04,8.782331405685e-02,0.000000000000e+00,0.000000000000e+00,2.857104904040e+02,2.839899291992e+02,4.302777777777e-01,2.209259259259e-01,3.687007389859e+03,5.546712023293e+04,1.090000000000e+02
1.950000000000e+02,1.033882320350e+08,2.074965208752e+01,4.169749415533e-01,1.792118697870e-07,3.818834464771e+02,1.298046819873e-03,1.414871033661e-01,-1.414037006107e-01,3.282668940292e+03,-2.084131945243e+03,0.000000000000e+00,0.000000000000e+00,8.881105849383e-04,9.680405375828e-02,0.000000000000e+00,0.000000000000e+00,2.855721038133e+02,2.839898071289e+02,4.404629629629e-01,2.351851851852e-01,3.282668940292e+03,5.546799406522e+04,1.090000000000e+02
1.960000000000e+02,1.033799108761e+08,1.852571291343e+01,4.169720791733e-01,1.789514277679e-07,3.824397888485e+02,1.191477606245e-03,1.298710590807e-01,-1.297991995173e-01,2.770969839109e+03,1.121291760958e+03,0.000000000000e+00,0.000000000000e+00,2.731179769464e-04,2.976985948716e-02,0.000000000000e+00,0.000000000000e+00,2.856314664077e+02,2.841086730957e+02,4.504629629629e-01,2.540740740741e-01,2.770969839109e+03,5.546762041902e+04,1.090000000000e+02
1.970000000000e+02,1.033726994013e+08,1.753745759948e+01,4.169876445944e-01,1.786928100108e-07,3.829938306093e+02,1.137351044565e-03,1.239712638576e-01,-1.239039442626e-01,2.387000217657e+03,3.385119885339e+02,0.000000000000e+00,0.000000000000e+00,3.392392708057e-04,3.697708051782e-02,0.000000000000e+00,0.000000000000e+00,2.853009429136e+02,2.834442443848e+02,4.603703703703e-01,2.703703703704e-01,2.387000217657e+03,5.546969056284e+04,1.090000000000e+02
1.980000000000e+02,1.033742626102e+08,1.948574168962e+01,4.170148489925e-01,1.784359937861e-07,3.835455940168e+02,1.076946500259e-03,1.173871685282e-01,-1.173190447127e-01,2.521444809486e+03,-8.071240196956e+03,0.000000000000e+00,0.000000000000e+00,1.752808474131e-03,1.910561236803e-01,0.000000000000e+00,0.000000000000e+00,2.847109431817e+02,2.832254028320e+02,4.700925925925e-01,2.707407407407e-01,2.521444809486e+03,5.547330619607e+04,1.090000000000e+02
1.990000000000e+02,1.033783220617e+08,1.987251443137e+01,4.170262042591e-01,1.781809565144e-07,3.840951009906e+02,1.041565868724e-03,1.135306796909e-01,-1.134606068407e-01,2.850022708124e+03,-1.035371024489e+04,0.000000000000e+00,0.000000000000e+00,2.184323459339e-03,2.380912570679e-01,0.000000000000e+00,0.000000000000e+00,2.844598555525e+02,2.828412170410e+02,4.798148148147e-01,2.668518518518e-01,2.850022708124e+03,5.547481148242e+04,1.090000000000e+02
2.000000000000e+02,1.033748291283e+08,1.778808462993e+01,4.170428091280e-01,1.779276765834e-07,3.846423731200e+02,1.001611123545e-03,1.091756124664e-01,-1.091109116905e-01,2.626193468509e+03,-2.560224555545e+03,0.000000000000e+00,0.000000000000e+00,8.579389242915e-04,9.351534274777e-02,0.000000000000e+00,0.000000000000e+00,2.840853011661e+02,2.824974670410e+02,4.876851851851e-01,2.760185185185e-01,2.626193468509e+03,5.547701675457e+04,1.090000000000e+02
2.010000000000e+02,1.033798899567e+08,2.141477873955e+01,4.170538704165e-01,1.776761322007e-07,3.851874316706e+02,9.560375267857e-04,1.042080904196e-01,-1.041441259985e-01,2.697733477555e+03,-1.083861989634e+04,0.000000000000e+00,0.000000000000e+00,2.239656714230e-03,2.441225818511e-01,0.000000000000e+00,0.000000000000e+00,2.838310890678e+02,2.821470336914e+02,4.939814814814e-01,2.704629629630e-01,2.697733477555e+03,5.547848419888e+04,1.090000000000e+02
2.020000000000e+02,1.033836527341e+08,1.961863846197e+01,4.170530925154e-01,1.774263020155e-07,3.857302975908e+02,9.434439889776e-04,1.028353947986e-01,-1.027683906847e-01,3.153948749772e+03,-9.464319607774e+03,0.000000000000e+00,0.000000000000e+00,2.086947326899e-03,2.274772586320e-01,0.000000000000e+00,0.000000000000e+00,2.838497159366e+02,2.823159179688e+02,5.025925925925e-01,2.670370370370e-01,3.153948749772e+03,5.547837747275e+04,1.090000000000e+02
2.030000000000e+02,1.033765319553e+08,1.766134018682e+01,4.170419359210e-01,1.771781653259e-07,3.862709915186e+02,9.372248623503e-04,1.021575099962e-01,-1.020985098615e-01,2.513101392883e+03,1.456483591743e+03,0.000000000000e+00,0.000000000000e+00,1.749334316164e-04,1.906774404619e-02,0.000000000000e+00,0.000000000000e+00,2.841048544142e+02,2.824949340820e+02,5.116666666666e-01,2.820370370370e-01,2.513101392883e+03,5.547690270325e+04,1.090000000000e+02
2.040000000000e+02,1.033732986588e+08,1.794753582818e+01,4.170294774720e-01,1.769325637323e-07,3.868095337874e+02,9.622422636247e-04,1.048844067351e-01,-1.048241973837e-01,2.340743750257e+03,-2.582045980777e+03,0.000000000000e+00,0.000000000000e+00,8.146901442499e-04,8.880122572324e-02,0.000000000000e+00,0.000000000000e+00,2.844308926011e+02,2.828835449219e+02,5.200000000000e-01,2.904629629630e-01,2.340743750257e+03,5.547498366374e+04,1.090000000000e+02
2.050000000000e+02,1.033701218596e+08,1.677207751442e+01,4.170640103914e-01,1.766877517427e-07,3.873459444322e+02,9.381243638246e-04,1.022555556569e-01,-1.021959265202e-01,2.292589441518e+03,-2.492870880335e+03,0.000000000000e+00,0.000000000000e+00,7.917181345141e-04,8.629727666204e-02,0.000000000000e+00,0.000000000000e+00,2.836410011267e+02,2.819721069336e+02,5.265740740741e-01,2.982407407407e-01,2.292589441518e+03,5.547956547134e+04,1.090000000000e+02
2.060000000000e+02,1.033892580996e+08,2.549783395494e+01,4.170742446231e-01,1.764445727470e-07,3.878802431960e+02,9.016609060020e-04,9.828103875422e-02,-9.821558590542e-02,3.081287854430e+03,-2.458535914336e+04,0.000000000000e+00,0.000000000000e+00,4.577019281335e-03,4.988951016655e-01,0.000000000000e+00,0.000000000000e+00,2.833982134045e+02,2.819758911133e+02,5.327777777777e-01,2.680555555555e-01,3.081287854430e+03,5.548092425292e+04,1.090000000000e+02
2.070000000000e+02,1.034056242585e+08,2.419483533964e+01,4.170628674380e-01,1.762030072749e-07,3.884124495348e+02,1.011678731760e-03,1.102729817618e-01,-1.101901773529e-01,4.490161187267e+03,-2.247964548183e+04,0.000000000000e+00,0.000000000000e+00,4.460286724998e-03,4.861712530248e-01,0.000000000000e+00,0.000000000000e+00,2.836685265468e+02,2.819118041992e+02,5.423148148148e-01,2.413888888889e-01,4.490161187267e+03,5.547940779177e+04,1.090000000000e+02
2.080000000000e+02,1.034100825216e+08,2.553440841217e+01,4.170665174826e-01,1.759630364642e-07,3.889425826240e+02,1.044268761260e-03,1.138252949773e-01,-1.137447237852e-01,4.023762302769e+03,-1.076889538691e+04,0.000000000000e+00,0.000000000000e+00,2.447110067209e-03,2.667349973258e-01,0.000000000000e+00,0.000000000000e+00,2.835834156253e+02,2.818783264160e+02,5.496296296296e-01,2.375000000000e-01,4.023762302769e+03,5.547988845386e+04,1.090000000000e+02
2.090000000000e+02,1.034127081837e+08,2.369583892935e+01,4.170769517460e-01,1.757246405091e-07,3.894706613635e+02,1.002373367031e-03,1.092586970064e-01,-1.091808338454e-01,4.230618816981e+03,-8.683185154659e+03,0.000000000000e+00,0.000000000000e+00,2.135838680421e-03,2.328064161658e-01,0.000000000000e+00,0.000000000000e+00,2.833358860821e+02,2.820270385742e+02,5.543518518518e-01,2.352777777778e-01,4.230618816981e+03,5.548126917790e+04,1.090000000000e+02
2.100000000000e+02,1.034079420153e+08,2.195831436473e+01,4.170941284580e-01,1.754878025848e-07,3.899967043830e+02,9.010705170555e-04,9.821668635905e-02,-9.815313674954e-02,3.544010608328e+03,-6.796952410441e+02,0.000000000000e+00,0.000000000000e+00,6.986944822759e-04,7.615769856807e-02,0.000000000000e+00,0.000000000000e+00,2.829163647807e+02,2.817007446289e+02,5.626851851851e-01,2.475000000000e-01,3.544010608328e+03,5.548354986559e+04,1.090000000000e+02
2.110000000000e+02,1.034067141253e+08,2.191703275747e+01,4.170903928702e-01,1.752525039438e-07,3.905207300478e+02,8.532170455906e-04,9.300065796938e-02,-9.294228313683e-02,3.345213234267e+03,-3.928935531003e+03,0.000000000000e+00,0.000000000000e+00,1.203317916399e-03,1.311616528875e-01,0.000000000000e+00,0.000000000000e+00,2.830082604389e+02,2.819637756348e+02,5.703703703703e-01,2.517592592592e-01,3.345213234267e+03,5.548305680779e+04,1.090000000000e+02
2.120000000000e+02,1.034026508923e+08,1.993789539330e+01,4.170873457372e-01,1.750187265575e-07,3.910427564631e+02,8.617218916640e-04,9.392768619138e-02,-9.386847641785e-02,3.147723078026e+03,-1.144941772798e+03,0.000000000000e+00,0.000000000000e+00,7.100126755853e-04,7.739138163880e-02,0.000000000000e+00,0.000000000000e+00,2.830832108042e+02,2.817910766602e+02,5.752777777777e-01,2.618518518518e-01,3.147723078026e+03,5.548265254152e+04,1.090000000000e+02
2.130000000000e+02,1.033957197745e+08,1.851097294468e+01,4.171028910776e-01,1.747864530214e-07,3.915628014797e+02,8.226861613431e-04,8.967279158639e-02,-8.961786485926e-02,2.653486146776e+03,1.958704421513e+03,0.000000000000e+00,0.000000000000e+00,1.151402092239e-04,1.255028280541e-02,0.000000000000e+00,0.000000000000e+00,2.826962094906e+02,2.815087585449e+02,5.825925925925e-01,2.765740740741e-01,2.653486146776e+03,5.548471619688e+04,1.090000000000e+02
2.140000000000e+02,1.033892968725e+08,1.737764393742e+01,4.171056848245e-01,1.745556659573e-07,3.920808826985e+02,7.677221667379e-04,8.368171617443e-02,-8.363261062622e-02,2.381063560817e+03,1.782484170656e+03,0.000000000000e+00,0.000000000000e+00,9.922776044203e-05,1.081582588818e-02,0.000000000000e+00,0.000000000000e+00,2.826246568708e+02,2.814277343750e+02,5.892592592592e-01,2.903703703704e-01,2.381063560817e+03,5.548509014384e+04,1.090000000000e+02
2.150000000000e+02,1.033828248120e+08,1.644366406103e+01,4.171013677823e-01,1.743263484014e-07,3.925970174752e+02,7.492197543686e-04,8.166495322618e-02,-8.161919033142e-02,2.156037513922e+03,1.943370199625e+03,0.000000000000e+00,0.000000000000e+00,3.542005283646e-05,3.860785759174e-03,0.000000000000e+00,0.000000000000e+00,2.827335668867e+02,2.813230285645e+02,5.930555555555e-01,3.031481481481e-01,2.156037513922e+03,5.548452004801e+04,1.090000000000e+02
2.160000000000e+02,1.033839532467e+08,1.870969236428e+01,4.171186857696e-01,1.740984803901e-07,3.931112229253e+02,7.315123672734e-04,7.973484803280e-02,-7.968841986889e-02,2.277894576673e+03,-5.550060318339e+03,0.000000000000e+00,0.000000000000e+00,1.295102056070e-03,1.411661241116e-01,0.000000000000e+00,0.000000000000e+00,2.822872406248e+02,2.810931091309e+02,6.011111111110e-01,3.031481481481e-01,2.277894576673e+03,5.548682077668e+04,1.090000000000e+02
2.170000000000e+02,1.033926521049e+08,2.077586689573e+01,4.171236270124e-01,1.738720519323e-07,3.936235159282e+02,7.216625841901e-04,7.866122167672e-02,-7.861114278617e-02,2.862543608448e+03,-1.306082556856e+04,0.000000000000e+00,0.000000000000e+00,2.633579858248e-03,2.870602045490e-01,0.000000000000e+00,0.000000000000e+00,2.821563141552e+02,2.810392150879e+02,6.062037037036e-01,2.908333333333e-01,2.862543608448e+03,5.548747684522e+04,1.090000000000e+02
2.180000000000e+02,1.033960033601e+08,1.989264636717e+01,4.171300247819e-01,1.736470438589e-07,3.941339131319e+02,6.988677404928e-04,7.617658371372e-02,-7.612779045077e-02,3.026185240120e+03,-7.575480244381e+03,0.000000000000e+00,0.000000000000e+00,1.753164802448e-03,1.910949634668e-01,0.000000000000e+00,0.000000000000e+00,2.819854250486e+02,2.811347045898e+02,6.124074074073e-01,2.862037037037e-01,3.026185240120e+03,5.548832133860e+04,1.090000000000e+02
2.190000000000e+02,1.033923608276e+08,1.856293965928e+01,4.171173487692e-01,1.734234399686e-07,3.946424309573e+02,6.749760285807e-04,7.357238711530e-02,-7.352841409667e-02,2.674141190816e+03,-4.374230499599e+02,0.000000000000e+00,0.000000000000e+00,5.146418986281e-04,5.609596695046e-02,0.000000000000e+00,0.000000000000e+00,2.823225920497e+02,2.814194335938e+02,6.177777777777e-01,2.950000000000e-01,2.674141190816e+03,5.548664162942e+04,1.090000000000e+02
2.200000000000e+02,1.033885706215e+08,1.790642518508e+01,4.171431952136e-01,1.732012247342e-07,3.951490856021e+02,6.509606600993e-04,7.095471195082e-02,-7.091319511904e-02,2.446505459041e+03,-1.447065307195e+02,0.000000000000e+00,0.000000000000e+00,4.286887470008e-04,4.672707342309e-02,0.000000000000e+00,0.000000000000e+00,2.816216941197e+02,2.805650024414e+02,6.228703703703e-01,3.035185185185e-01,2.446505459041e+03,5.549006839153e+04,1.090000000000e+02
2.210000000000e+02,1.034156925231e+08,2.911273947331e+01,4.171498453024e-01,1.729803826849e-07,3.956538930454e+02,6.315483359053e-04,6.883876861368e-02,-6.878949358681e-02,3.681057296800e+03,-3.093910572668e+04,0.000000000000e+00,0.000000000000e+00,5.726077765388e-03,6.241424764273e-01,0.000000000000e+00,0.000000000000e+00,2.814320718374e+02,2.805459594727e+02,6.291666666666e-01,2.582407407407e-01,3.681057296800e+03,5.549094968298e+04,1.090000000000e+02
2.220000000000e+02,1.034367827017e+08,2.804300765025e+01,4.171580753803e-01,1.727608980385e-07,3.961568690513e+02,7.401398486028e-04,8.067524349770e-02,-8.060917579172e-02,5.794231206723e+03,-2.556335275820e+04,0.000000000000e+00,0.000000000000e+00,5.184730030610e-03,5.651355733364e-01,0.000000000000e+00,0.000000000000e+00,2.811917033546e+02,2.801643371582e+02,6.329629629629e-01,2.221296296296e-01,5.794231206723e+03,5.549203808369e+04,1.090000000000e+02
2.230000000000e+02,1.034321919420e+08,2.536397853199e+01,4.171515940434e-01,1.725427575092e-07,3.966580291731e+02,7.725521362340e-04,8.420818284950e-02,-8.414780441109e-02,4.535412990652e+03,-7.878611475694e+01,0.000000000000e+00,0.000000000000e+00,7.629622561276e-04,8.316288591790e-02,0.000000000000e+00,0.000000000000e+00,2.813818432436e+02,2.803503723145e+02,6.390740740740e-01,2.333333333333e-01,4.535412990652e+03,5.549117881385e+04,1.090000000000e+02
2.240000000000e+02,1.034291164596e+08,2.362012748675e+01,4.171695212799e-01,1.723259454312e-07,3.971573887570e+02,6.788369104922e-04,7.399322324365e-02,-7.394273020690e-02,4.035024520695e+03,-1.027819556127e+03,0.000000000000e+00,0.000000000000e+00,8.371885803836e-04,9.125355526181e-02,0.000000000000e+00,0.000000000000e+00,2.808457899372e+02,2.799125366211e+02,6.425925925925e-01,2.415740740741e-01,4.035024520695e+03,5.549355171701e+04,1.090000000000e+02
2.250000000000e+02,1.035359424377e+08,8.493848453512e+03,4.171830947486e-01,1.721104474431e-07,3.976549629458e+02,8.223537344116e-04,8.963655705087e-02,-8.424561899005e-02,1.370541493583e+05,-1.115011809843e+05,0.000000000000e+00,0.000000000000e+00,4.254052638290e-02,4.636917375736e+00,0.000000000000e+00,0.000000000000e+00,2.804175310001e+02,2.800462036133e+02,6.481481481481e-01,1.157407407409e-02,1.370541493583e+05,5.549532576108e+04,1.090000000000e+02
2.260000000000e+02,1.035412898546e+08,2.017835561681e+03,4.171981305827e-01,1.718962494041e-07,3.981507666828e+02,1.031710863646e-03,1.124564841375e-01,-1.003927659414e-01,2.535192757253e+05,-1.091887355088e+04,0.000000000000e+00,0.000000000000e+00,4.275559751987e-02,4.660360129666e+00,0.000000000000e+00,0.000000000000e+00,2.799013702937e+02,2.794725646973e+02,6.517592592592e-01,9.074074074084e-03,2.535192757253e+05,5.549731285023e+04,1.090000000000e+02
2.270000000000e+02,1.035319537116e+08,7.457050248014e+01,4.172045997293e-01,1.716833371136e-07,3.986448147151e+02,9.545793863649e-04,1.040491531138e-01,-1.032862055088e-01,1.473987959582e+04,3.603967496954e+03,0.000000000000e+00,0.000000000000e+00,1.526631645854e-03,1.664028493981e-01,0.000000000000e+00,0.000000000000e+00,2.796612169461e+02,2.790285949707e+02,6.545370370370e-01,5.462962962962e-02,1.473987959582e+04,5.549817574963e+04,1.090000000000e+02
2.280000000000e+02,1.035410616115e+08,3.539025602191e+03,4.172151441044e-01,1.714716967536e-07,3.991371215972e+02,9.144688964954e-04,9.967710971800e-02,-9.740594755797e-02,3.156658240937e+04,-1.451383926319e+04,0.000000000000e+00,0.000000000000e+00,8.210878873823e-03,8.949857972467e-01,0.000000000000e+00,0.000000000000e+00,2.792453691893e+02,2.787380981445e+02,6.600000000000e-01,1.490740740744e-02,3.156658240937e+04,5.549958095322e+04,1.090000000000e+02
2.290000000000e+02,1.035402521748e+08,3.860200409215e+02,4.172211420337e-01,1.712613152130e-07,3.996277016944e+02,9.541261700254e-04,1.039997525328e-01,-1.000019713617e-01,4.733950780996e+04,-4.740692204733e+03,0.000000000000e+00,0.000000000000e+00,8.124497983244e-03,8.855702801735e-01,0.000000000000e+00,0.000000000000e+00,2.789931388358e+02,2.783651733398e+02,6.623148148148e-01,3.111111111112e-02,4.733950780996e+04,5.550037403033e+04,1.090000000000e+02
2.300000000000e+02,1.035282020577e+08,3.745868583810e+01,4.172299395263e-01,1.710521787599e-07,4.001165691863e+02,8.485926811659e-04,9.249660224709e-02,-9.235016836452e-02,9.777695427372e+03,6.924582445451e+03,0.000000000000e+00,0.000000000000e+00,4.153441209684e-04,4.527250918556e-02,0.000000000000e+00,0.000000000000e+00,2.785889676665e+02,2.781217346191e+02,6.634259259259e-01,7.370370370368e-02,9.777695427372e+03,5.550154954593e+04,1.090000000000e+02
2.310000000000e+02,1.035176673339e+08,3.379496692214e+01,4.172367353748e-01,1.708442743087e-07,4.006037380699e+02,7.169578122879e-04,7.814840153938e-02,-7.809444093607e-02,7.635647079727e+03,6.200313734206e+03,0.000000000000e+00,0.000000000000e+00,2.371445877111e-04,2.584876006051e-02,0.000000000000e+00,0.000000000000e+00,2.782441333753e+02,2.777251586914e+02,6.681481481481e-01,9.749999999996e-02,7.635647079727e+03,5.550245640496e+04,1.090000000000e+02
2.320000000000e+02,1.035079747991e+08,3.091773851965e+01,4.172287205930e-01,1.706375889092e-07,4.010892221627e+02,7.026753482338e-04,7.659161295748e-02,-7.654108019372e-02,6.446578849324e+03,5.444342838617e+03,0.000000000000e+00,0.000000000000e+00,1.656529098324e-04,1.805616717173e-02,0.000000000000e+00,0.000000000000e+00,2.786442934967e+02,2.779897155762e+02,6.704629629629e-01,1.180555555555e-01,6.446578849324e+03,5.550139482561e+04,1.090000000000e+02
2.330000000000e+02,1.034990785949e+08,2.836618652353e+01,4.172374242476e-01,1.704321097835e-07,4.015730351061e+02,6.975716256537e-04,7.603530719625e-02,-7.598696388407e-02,5.559769875103e+03,4.678762261793e+03,0.000000000000e+00,0.000000000000e+00,1.456481333931e-04,1.587564653985e-02,0.000000000000e+00,0.000000000000e+00,2.782049771005e+02,2.776170043945e+02,6.716666666666e-01,1.353703703703e-01,5.559769875103e+03,5.550255309168e+04,1.090000000000e+02
2.340000000000e+02,1.035434623025e+08,4.852107725644e+03,4.172447463771e-01,1.702278243870e-07,4.020551903683e+02,7.384638914458e-04,8.049256416759e-02,-7.864558405510e-02,3.733542752885e+04,-4.874878577655e+04,0.000000000000e+00,0.000000000000e+00,1.504343075389e-02,1.639733952174e+00,0.000000000000e+00,0.000000000000e+00,2.777846809961e+02,2.773967285156e+02,6.727777777777e-01,1.925925925929e-02,3.733542752885e+04,5.550352152164e+04,1.090000000000e+02
2.350000000000e+02,1.035469936379e+08,7.695646910740e+02,4.172436016810e-01,1.700247202562e-07,4.025357012473e+02,7.994074770746e-04,8.713541500113e-02,-8.192501634889e-02,8.469856528276e+04,-8.078467173224e+03,0.000000000000e+00,0.000000000000e+00,1.470833091395e-02,1.603208069621e+00,0.000000000000e+00,0.000000000000e+00,2.778584333343e+02,2.774201660156e+02,6.737962962963e-01,2.259259259262e-02,8.469856528276e+04,5.550336348068e+04,1.090000000000e+02
2.360000000000e+02,1.035350312346e+08,3.754474380399e+01,4.172453803431e-01,1.698227853208e-07,4.030145808736e+02,7.153773193867e-04,7.797612781315e-02,-7.779722193980e-02,1.025903190143e+04,7.644378911043e+03,0.000000000000e+00,0.000000000000e+00,3.128253186107e-04,3.409795972857e-02,0.000000000000e+00,0.000000000000e+00,2.777468965708e+02,2.773899841309e+02,6.766666666666e-01,6.759259259257e-02,1.025903190143e+04,5.550360275056e+04,1.090000000000e+02
2.370000000000e+02,1.035250898185e+08,3.459155367148e+01,4.172415390254e-01,1.696220075046e-07,4.034918422137e+02,6.452747083754e-04,7.033494321291e-02,-7.028792108904e-02,7.780401355511e+03,6.040190821921e+03,0.000000000000e+00,0.000000000000e+00,2.875862640185e-04,3.134690277802e-02,0.000000000000e+00,0.000000000000e+00,2.779776769146e+02,2.776781311035e+02,6.784259259259e-01,9.101851851849e-02,7.780401355511e+03,5.550309480730e+04,1.090000000000e+02
2.380000000000e+02,1.035157228079e+08,3.149843628934e+01,4.172552483734e-01,1.694223749615e-07,4.039674980722e+02,5.967676922304e-04,6.504767845311e-02,-6.500459008721e-02,6.702119460420e+03,5.758985559625e+03,0.000000000000e+00,0.000000000000e+00,1.557752419289e-04,1.697950137025e-02,0.000000000000e+00,0.000000000000e+00,2.770204741378e+02,2.766098327637e+02,6.806481481481e-01,1.100000000000e-01,6.702119460420e+03,5.550491766040e+04,1.090000000000e+02
2.390000000000e+02,1.035073646732e+08,2.919995614317e+01,4.172572828331e-01,1.692238760471e-07,4.044415610948e+02,5.557514307121e-04,6.057690594762e-02,-6.053789974182e-02,5.767423037484e+03,4.997970447428e+03,0.000000000000e+00,0.000000000000e+00,1.271586985810e-04,1.386029814533e-02,0.000000000000e+00,0.000000000000e+00,2.768295427291e+02,2.765415649414e+02,6.812037037037e-01,1.272222222222e-01,5.767423037484e+03,5.550518910564e+04,1.090000000000e+02
2.400000000000e+02,1.035022180907e+08,2.856780781156e+01,4.172581983657e-01,1.690264992392e-07,4.049140437711e+02,5.127592797249e-04,5.589076149001e-02,-5.585589373968e-02,5.310461159416e+03,2.046283367499e+03,0.000000000000e+00,0.000000000000e+00,5.397418921605e-04,5.883186624549e-02,0.000000000000e+00,0.000000000000e+00,2.767358746510e+02,2.764434814453e+02,6.814814814814e-01,1.366666666666e-01,5.310461159416e+03,5.550531109552e+04,1.090000000000e+02
2.410000000000e+02,1.034975252579e+08,2.745830278697e+01,4.172629452377e-01,1.688302332106e-07,4.053849584372e+02,4.548674011258e-04,4.958054672271e-02,-4.954961751167e-02,5.099819438694e+03,1.942545929274e+03,0.000000000000e+00,0.000000000000e+00,5.219537474436e-04,5.689295847135e-02,0.000000000000e+00,0.000000000000e+00,2.760896905060e+02,2.759356079102e+02,6.816666666666e-01,1.463888888889e-01,5.099819438694e+03,5.550594060259e+04,1.090000000000e+02
2.420000000000e+02,1.034968554202e+08,2.847368409626e+01,4.172645669461e-01,1.686350766797e-07,4.058543172779e+02,4.443396583576e-04,4.843302276098e-02,-4.840184501164e-02,5.009245002730e+03,-2.016759106565e+03,0.000000000000e+00,0.000000000000e+00,1.161745427018e-03,1.266302515450e-01,0.000000000000e+00,0.000000000000e+00,2.756446054869e+02,2.754302673340e+02,6.816666666666e-01,1.478703703703e-01,5.009245002730e+03,5.550615187544e+04,1.090000000000e+02
2.430000000000e+02,1.034950730915e+08,2.772898746485e+01,4.172632036748e-01,1.684409954794e-07,4.063221323300e+02,4.671989615961e-04,5.092468681397e-02,-5.089119999136e-02,5.225686784612e+03,-1.042442340990e+03,0.000000000000e+00,0.000000000000e+00,1.036210054974e-03,1.129468959922e-01,0.000000000000e+00,0.000000000000e+00,2.760388524267e+02,2.757243041992e+02,6.811111111111e-01,1.516666666666e-01,5.225686784612e+03,5.550597320286e+04,1.090000000000e+02
2.440000000000e+02,1.034883689350e+08,2.595796361761e+01,4.172645340343e-01,1.682479954842e-07,4.067884154837e+02,4.341825057730e-04,4.732589312925e-02,-4.729639408936e-02,4.682397882109e+03,4.078918571953e+03,0.000000000000e+00,0.000000000000e+00,9.972382057260e-05,1.086989644241e-02,0.000000000000e+00,0.000000000000e+00,2.756562508019e+02,2.753952331543e+02,6.804629629629e-01,1.646296296296e-01,4.682397882109e+03,5.550614874526e+04,1.090000000000e+02
2.450000000000e+02,1.034822477499e+08,2.476454815537e+01,4.172636516422e-01,1.680560625951e-07,4.072531784859e+02,3.816591162999e-04,4.160084367669e-02,-4.157569350125e-02,4.273071813351e+03,3.813479749220e+03,0.000000000000e+00,0.000000000000e+00,7.599696709439e-05,8.283669413289e-03,0.000000000000e+00,0.000000000000e+00,2.759392736983e+02,2.759801940918e+02,6.793518518518e-01,1.764814814815e-01,4.273071813351e+03,5.550603255949e+04,1.090000000000e+02
2.460000000000e+02,1.034859264979e+08,2.784769333053e+01,4.172639451192e-01,1.678651941659e-07,4.077164329423e+02,3.914048218587e-04,4.266312558260e-02,-4.263598754911e-02,4.464135705676e+03,-6.045302291163e+03,0.000000000000e+00,0.000000000000e+00,1.737809800234e-03,1.894212682255e-01,0.000000000000e+00,0.000000000000e+00,2.758678733053e+02,2.755638122559e+02,6.783333333333e-01,1.696296296296e-01,4.464135705676e+03,5.550606873331e+04,1.090000000000e+02
2.470000000000e+02,1.034889823760e+08,2.758860611011e+01,4.172649321061e-01,1.676753919647e-07,4.081781903193e+02,4.013808720808e-04,4.375051505681e-02,-4.372097630434e-02,5.180720563000e+03,-5.482663979416e+03,0.000000000000e+00,0.000000000000e+00,1.762721976379e-03,1.921366954253e-01,0.000000000000e+00,0.000000000000e+00,2.753293751557e+02,2.752113037109e+02,6.776851851851e-01,1.635185185185e-01,5.180720563000e+03,5.550618865840e+04,1.090000000000e+02
2.480000000000e+02,1.034828183408e+08,2.567551540046e+01,4.172649314550e-01,1.674865973959e-07,4.086384619470e+02,3.616342818092e-04,3.941813671720e-02,-3.939274207777e-02,4.630667949377e+03,3.977494171715e+03,0.000000000000e+00,0.000000000000e+00,1.078762684910e-04,1.175851326552e-02,0.000000000000e+00,0.000000000000e+00,2.753987761202e+02,2.754689636230e+02,6.765740740740e-01,1.756481481481e-01,4.630667949377e+03,5.550618886330e+04,1.090000000000e+02
2.490000000000e+02,1.035028902531e+08,3.637836725008e+01,4.172644175841e-01,1.672988362721e-07,4.090972590206e+02,3.508503442171e-04,3.824268751966e-02,-3.821543545747e-02,5.637619626573e+03,-2.219309965142e+04,0.000000000000e+00,0.000000000000e+00,4.602007744449e-03,5.016188441449e-01,0.000000000000e+00,0.000000000000e+00,2.749810051123e+02,2.750495300293e+02,6.747222222222e-01,1.374074074074e-01,5.637619626573e+03,5.550611698673e+04,1.090000000000e+02
2.500000000000e+02,1.035181461238e+08,3.910561629701e+01,4.172617543417e-01,1.671121009484e-07,4.095545926035e+02,3.686642131443e-04,4.018439923273e-02,-4.015074013851e-02,9.472827428751e+03,-1.748448789205e+04,0.000000000000e+00,0.000000000000e+00,4.456399123438e-03,4.857475044547e-01,0.000000000000e+00,0.000000000000e+00,2.744307646872e+02,2.745464477539e+02,6.725000000000e-01,1.061111111111e-01,9.472827428751e+03,5.550575663406e+04,1.090000000000e+02
2.510000000000e+02,1.035091275310e+08,3.416708168813e+01,4.172573085341e-01,1.669263543771e-07,4.100104736284e+02,3.336259240676e-04,3.636522572337e-02,-3.633730789218e-02,7.780527730392e+03,7.001673754210e+03,0.000000000000e+00,0.000000000000e+00,1.281740943757e-04,1.397097628695e-02,0.000000000000e+00,0.000000000000e+00,2.739340093280e+02,2.740815124512e+02,6.712037037037e-01,1.266666666666e-01,7.780527730392e+03,5.550516413903e+04,1.090000000000e+02
2.520000000000e+02,1.035024999822e+08,3.179375931960e+01,4.172586827327e-01,1.667416041838e-07,4.104649129002e+02,2.808241884445e-04,3.060983654045e-02,-3.058771886045e-02,6.631138937138e+03,4.929770069395e+03,0.000000000000e+00,0.000000000000e+00,2.810251672360e-04,3.063174322872e-02,0.000000000000e+00,0.000000000000e+00,2.740655615738e+02,2.743074951172e+02,6.661111111111e-01,1.402777777777e-01,6.631138937138e+03,5.550534676472e+04,1.090000000000e+02
2.530000000000e+02,1.034960732627e+08,2.995959509634e+01,2.942191505837e+03,4.863051002663e-03,1.000000000000e+02,1.963911724205e-04,2.140663779383e-02,-2.516867081977e-02,5.963100637877e+03,5.029723138166e+03,1.736721076106e-05,1.893025972955e-03,1.367792931285e-04,1.490894295101e-02,4.689146905486e-04,5.111170126979e-02,2.741414336668e+02,2.743923034668e+02,6.605555555555e-01,1.518518518518e-01,5.963100637877e+03,5.550544354719e+04,1.090000000000e+02
2.540000000000e+02,1.034902378710e+08,2.847501587274e+01,9.845887126393e+03,1.627410567444e-02,1.000000000000e+02,-6.855958421655e-05,-7.472994679604e-03,-1.163843386438e-02,5.414568512090e+03,5.189397338683e+03,3.713866087680e-05,4.048114035572e-03,0.000000000000e+00,0.000000000000e+00,1.002743843674e-03,1.092990789604e-01,2.737597595444e+02,2.744028015137e+02,6.544444444444e-01,1.625000000000e-01,5.414568512090e+03,5.550489538990e+04,1.090000000000e+02
2.550000000000e+02,1.034853763269e+08,2.655882930235e+01,1.998334718298e+04,3.204955977996e-02,1.029790429170e+02,-3.072946083516e-04,-3.349511231032e-02,-9.987874012179e-04,4.925227641775e+03,4.806105079727e+03,1.942529592905e-05,2.117357256267e-03,0.000000000000e+00,0.000000000000e+00,1.378581632363e-03,1.502653979276e-01,2.732212285485e+02,2.738864746094e+02,2.601851851852e-02,1.712962962963e-01,4.925227641775e+03,5.550385254993e+04,1.090000000000e+02
2.560000000000e+02,1.034808387699e+08,2.746586179075e+01,3.158197588718e+04,4.667902531154e-02,1.116484520201e+02,-3.433713207498e-04,-3.742747396173e-02,-1.732573021833e-04,4.527033963489e+03,4.527940995985e+03,0.000000000000e+00,0.000000000000e+00,0.000000000000e+00,0.000000000000e+00,1.572196474770e-03,1.713694157499e-01,2.732106129625e+02,2.735253601074e+02,0.000000000000e+00,1.797222222222e-01,4.527033963489e+03,5.550383007089e+04,1.090000000000e+02
2.570000000000e+02,1.034765303843e+08,2.618639545822e+01,4.262186419935e+04,5.885741007451e-02,1.195607079074e+02,-3.666345700551e-04,-3.996316813601e-02,0.000000000000e+00,4.309665621456e+03,4.308386155134e+03,0.000000000000e+00,0.000000000000e+00,0.000000000000e+00,0.000000000000e+00,1.458164938125e-03,1.589399782556e-01,2.732128221634e+02,2.733212890625e+02,0.000000000000e+00,1.879629629629e-01,4.309665621456e+03,5.550383502702e+04,1.090000000000e+02
2.580000000000e+02,1.034724169938e+08,2.575251408193e+01,5.250369547304e+04,6.822228825150e-02,1.271186483026e+02,-3.732291751427e-04,-4.068198009056e-02,0.000000000000e+00,4.113824849380e+03,4.113390968016e+03,0.000000000000e+00,0.000000000000e+00,0.000000000000e+00,0.000000000000e+00,1.260155678094e-03,1.373569689123e-01,2.732102875078e+02,2.729063110352e+02,0.000000000000e+00,1.962037037037e-01,4.113824849380e+03,5.550382934065e+04,1.090000000000e+02
2.590000000000e+02,1.034684673652e+08,2.536846983160e+01,6.327828276491e+04,7.858538159542e-02,1.330335605058e+02,-3.681530999874e-04,-4.012868789862e-02,0.000000000000e+00,3.950012652666e+03,3.949628608416e+03,0.000000000000e+00,0.000000000000e+00,0.000000000000e+00,0.000000000000e+00,1.412794104380e-03,1.539945573774e-01,2.732077808902e+02,2.722380981445e+02,0.000000000000e+00,2.039814814815e-01,3.950012652666e+03,5.550382370946e+04,1.090000000000e+02
2.600000000000e+02,1.034646491761e+08,2.491237977977e+01,7.402393620929e+04,8.838076979200e-02,1.383941255009e+02,-3.620224300631e-04,-3.946044487688e-02,0.000000000000e+00,3.818646272994e+03,3.818190182949e+03,0.000000000000e+00,0.000000000000e+00,0.000000000000e+00,0.000000000000e+00,1.414144235447e-03,1.541417216638e-01,2.732060762432e+02,2.720433349609e+02,0.000000000000e+00,2.118518518518e-01,3.818646272994e+03,5.550381987509e+04,1.090000000000e+02
2.610000000000e+02,1.034609482004e+08,2.475295360398e+01,8.428844542800e+04,9.713364481304e-02,1.433961946038e+02,-3.562167837639e-04,-3.882762943027e-02,0.000000000000e+00,3.701135044564e+03,3.700975618387e+03,0.000000000000e+00,0.000000000000e+00,0.000000000000e+00,0.000000000000e+00,1.340421161728e-03,1.461059066284e-01,2.732017643435e+02,2.718146057129e+02,0.000000000000e+00,2.193518518518e-01,3.701135044564e+03,5.550381016343e+04,1.090000000000e+02
2.620000000000e+02,1.034573598205e+08,2.479434863642e+01,9.458142729935e+04,1.057686764776e-01,1.477789750068e+02,-3.650319961669e-04,-3.978848758219e-02,0.000000000000e+00,3.588338623336e+03,3.588380018378e+03,0.000000000000e+00,0.000000000000e+00,0.000000000000e+00,0.000000000000e+00,1.336314665002e-03,1.456582984852e-01,2.731960966264e+02,2.714259948730e+02,0.000000000000e+00,2.266666666666e-01,3.588338623336e+03,5.550379736668e+04,1.090000000000e+02
2.630000000000e+02,1.034538671105e+08,2.489823667800e+01,1.066393556355e+05,1.163817179609e-01,1.514308525736e+02,-3.672119632036e-04,-4.002610398919e-02,0.000000000000e+00,3.492606330812e+03,3.492710218860e+03,0.000000000000e+00,0.000000000000e+00,0.000000000000e+00,0.000000000000e+00,1.625867111999e-03,1.772195152079e-01,2.731904890367e+02,2.707429199219e+02,0.000000000000e+00,2.350000000000e-01,3.492606330812e+03,5.550378467034e+04,1.090000000000e+02
2.640000000000e+02,1.034504562137e+08,2.486902363741e+01,1.195696093022e+05,1.281118821712e-01,1.542505940313e+02,-3.558220628325e-04,-3.878460484874e-02,0.000000000000e+00,3.410926219347e+03,3.410897006294e+03,0.000000000000e+00,0.000000000000e+00,0.000000000000e+00,0.000000000000e+00,1.781427879059e-03,1.941756388174e-01,2.731869724564e+02,2.704045104980e+02,0.000000000000e+00,2.427777777778e-01,3.410926219347e+03,5.550377669055e+04,1.090000000000e+02
2.650000000000e+02,1.034471279801e+08,2.493661865471e+01,1.324620817889e+05,1.391025858911e-01,1.573844681003e+02,-3.589001611433e-04,-3.912011756462e-02,0.000000000000e+00,3.328166132887e+03,3.328233727900e+03,0.000000000000e+00,0.000000000000e+00,0.000000000000e+00,0.000000000000e+00,1.772121099642e-03,1.931611998610e-01,2.731836165815e+02,2.700735168457e+02,0.000000000000e+00,2.500000000000e-01,3.328166132887e+03,5.550376906298e+04,1.090000000000e+02
2.660000000000e+02,1.034438658849e+08,2.530809109603e+01,1.460926419760e+05,1.507184463297e-01,1.602047295233e+02,-3.591154258735e-04,-3.914358142021e-02,0.000000000000e+00,3.261723851064e+03,3.262095323510e+03,0.000000000000e+00,0.000000000000e+00,0.000000000000e+00,0.000000000000e+00,1.893908148538e-03,2.064359881907e-01,2.731783868814e+02,2.694647521973e+02,0.000000000000e+00,2.575925925926e-01,3.261723851064e+03,5.550375715096e+04,1.090000000000e+02
2.670000000000e+02,1.034406643024e+08,2.604953266602e+01,1.574058793452e+05,1.588937450903e-01,1.637318827141e+02,-3.442251393087e-04,-3.752054018465e-02,0.000000000000e+00,3.200840738243e+03,3.201582179814e+03,0.000000000000e+00,0.000000000000e+00,0.000000000000e+00,0.000000000000e+00,1.525767143265e-03,1.663086186159e-01,2.731711780444e+02,2.685157775879e+02,0.000000000000e+00,2.650925925926e-01,3.200840738243e+03,5.550374068037e+04,1.090000000000e+02
2.680000000000e+02,1.034375104948e+08,2.674572189713e+01,1.675062242356e+05,1.652320177986e-01,1.675560780149e+02,-3.258117608809e-04,-3.551348193601e-02,0.000000000000e+00,3.153111819104e+03,3.153808008330e+03,0.000000000000e+00,0.000000000000e+00,0.000000000000e+00,0.000000000000e+00,1.343701042491e-03,1.464634136315e-01,2.731651060489e+02,2.681567382813e+02,0.000000000000e+00,2.730555555555e-01,3.153111819104e+03,5.550372676155e+04,1.090000000000e+02
2.690000000000e+02,1.034344141626e+08,2.745115203107e+01,1.800244088039e+05,1.750998906405e-01,1.699310725770e+02,-3.175433840575e-04,-3.461222886226e-02,0.000000000000e+00,3.095625877410e+03,3.096331307554e+03,0.000000000000e+00,0.000000000000e+00,0.000000000000e+00,0.000000000000e+00,1.751617267018e-03,1.909262821050e-01,2.731593437264e+02,2.678457641602e+02,0.000000000000e+00,2.812037037037e-01,3.095625877410e+03,5.550371351437e+04,1.090000000000e+02
2.700000000000e+02,1.034313616169e+08,2.854364275481e+01,1.923653011435e+05,1.845780361821e-01,1.722571042398e+02,-3.123468428699e-04,-3.404580587282e-02,0.000000000000e+00,3.051452998743e+03,3.052545489463e+03,0.000000000000e+00,0.000000000000e+00,0.000000000000e+00,0.000000000000e+00,1.727511869118e-03,1.882987937339e-01,2.731521355696e+02,2.672311096191e+02,0.000000000000e+00,2.878703703704e-01,3.051452998743e+03,5.550369689156e+04,1.090000000000e+02
2.710000000000e+02,1.034283471514e+08,2.954342371846e+01,2.029751050567e+05,1.911629590984e-01,1.754979007915e+02,-3.059244959444e-04,-3.334577005794e-02,0.000000000000e+00,3.013465897150e+03,3.014465678120e+03,0.000000000000e+00,0.000000000000e+00,0.000000000000e+00,0.000000000000e+00,1.447797916496e-03,1.578099728981e-01,2.731465092741e+02,2.670113830566e+02,0.000000000000e+00,2.963888888889e-01,3.013465897150e+03,5.550368387627e+04,1.090000000000e+02
2.720000000000e+02,1.034253683421e+08,3.030423275675e+01,2.135208618266e+05,1.978785273541e-01,1.783514249230e+02,-3.017111596713e-04,-3.288651640418e-02,0.000000000000e+00,2.978048976778e+03,2.978809785798e+03,0.000000000000e+00,0.000000000000e+00,0.000000000000e+00,0.000000000000e+00,1.441423252758e-03,1.571151345506e-01,2.731426094221e+02,2.674907226562e+02,0.000000000000e+00,3.039814814815e-01,2.978048976778e+03,5.550367483353e+04,1.090000000000e+02
2.730000000000e+02,1.034224176653e+08,3.129752718368e+01,2.248344000350e+05,2.055147049288e-01,1.808242162041e+02,-3.073951701580e-04,-3.350607354722e-02,0.000000000000e+00,2.949683793954e+03,2.950677088388e+03,0.000000000000e+00,0.000000000000e+00,0.000000000000e+00,0.000000000000e+00,1.562583352200e-03,1.703215853897e-01,2.731380362019e+02,2.673902587891e+02,0.000000000000e+00,3.120370370370e-01,2.949683793954e+03,5.550366420743e+04,1.090000000000e+02
2.740000000000e+02,1.034195017975e+08,3.242116359163e+01,2.347297462772e+05,2.121126759029e-01,1.829109428605e+02,-2.941616562455e-04,-3.206362053076e-02,0.000000000000e+00,2.914744504237e+03,2.915868140665e+03,0.000000000000e+00,0.000000000000e+00,0.000000000000e+00,0.000000000000e+00,1.341467740251e-03,1.462199836874e-01,2.731332248923e+02,2.672338867188e+02,0.000000000000e+00,3.187962962963e-01,2.914744504237e+03,5.550365300252e+04,1.090000000000e+02
2.750000000000e+02,1.034166114962e+08,3.406928204190e+01,2.431974914914e+05,2.158859474003e-01,1.861976473629e+02,-2.976567795317e-04,-3.244458896896e-02,0.000000000000e+00,2.888652633969e+03,2.890300752416e+03,0.000000000000e+00,0.000000000000e+00,0.000000000000e+00,0.000000000000e+00,1.102004714681e-03,1.201185139003e-01,2.731269097861e+02,2.668755798340e+02,0.000000000000e+00,3.269444444444e-01,2.888652633969e+03,5.550363825671e+04,1.090000000000e+02
2.760000000000e+02,1.034137459054e+08,3.537716749137e+01,2.564494923188e+05,2.262620169744e-01,1.873401509616e+02,-3.099928542487e-04,-3.378922111311e-02,0.000000000000e+00,2.864283296127e+03,2.865591181595e+03,0.000000000000e+00,0.000000000000e+00,0.000000000000e+00,0.000000000000e+00,1.880465776694e-03,2.049707696596e-01,2.731225472650e+02,2.667943420410e+02,0.000000000000e+00,3.347222222222e-01,2.864283296127e+03,5.550362804371e+04,1.090000000000e+02
2.770000000000e+02,1.034109027122e+08,3.723579535807e+01,2.701817153244e+05,2.358549069817e-01,1.893445816528e+02,-3.209836445959e-04,-3.498721726096e-02,0.000000000000e+00,2.841334673887e+03,2.843193301755e+03,0.000000000000e+00,0.000000000000e+00,0.000000000000e+00,0.000000000000e+00,1.948856366885e-03,2.124253439904e-01,2.731164632022e+02,2.665367736816e+02,0.000000000000e+00,3.422222222222e-01,2.841334673887e+03,5.550361376524e+04,1.090000000000e+02
2.780000000000e+02,1.034080845376e+08,4.028960212161e+01,2.818795410323e+05,2.436641797466e-01,1.912118075451e+02,-2.954094886102e-04,-3.219963425851e-02,0.000000000000e+00,2.815120723917e+03,2.818174530688e+03,0.000000000000e+00,0.000000000000e+00,0.000000000000e+00,0.000000000000e+00,1.638165654128e-03,1.785600562999e-01,2.731082260941e+02,2.658544006348e+02,0.000000000000e+00,3.499074074074e-01,2.815120723917e+03,5.550359436785e+04,1.090000000000e+02
2.790000000000e+02,1.034052864314e+08,4.515124001655e+01,2.931242252520e+05,2.497987493057e-01,1.939569187506e+02,-2.847698428628e-04,-3.103991287205e-02,0.000000000000e+00,2.793245228501e+03,2.798106866393e+03,0.000000000000e+00,0.000000000000e+00,0.000000000000e+00,0.000000000000e+00,1.573911584085e-03,1.715563626652e-01,2.730969633702e+02,2.650914611816e+02,0.000000000000e+00,3.575925925926e-01,2.793245228501e+03,5.550356772234e+04,1.090000000000e+02
2.800000000000e+02,1.034025146045e+08,5.089657687007e+01,3.027290579876e+05,2.556847850835e-01,1.957013556805e+02,-2.722993348975e-04,-2.968062750383e-02,0.000000000000e+00,2.766082624720e+03,2.771827961581e+03,0.000000000000e+00,0.000000000000e+00,0.000000000000e+00,0.000000000000e+00,1.315326705996e-03,1.433706109536e-01,2.730869944676e+02,2.644819641113e+02,0.000000000000e+00,3.662962962963e-01,2.766082624720e+03,5.550354401814e+04,1.090000000000e+02
2.810000000000e+02,1.033997633868e+08,5.674436236862e+01,3.118279673714e+05,2.601836865012e-01,1.980981051221e+02,-2.527360046738e-04,-2.754822450945e-02,0.000000000000e+00,2.745369727867e+03,2.751217513370e+03,0.000000000000e+00,0.000000000000e+00,0.000000000000e+00,0.000000000000e+00,1.251262802023e-03,1.363876454205e-01,2.730785918625e+02,2.644597473145e+02,0.000000000000e+00,3.744444444444e-01,2.745369727867e+03,5.550352395086e+04,1.090000000000e+02
2.820000000000e+02,1.033970274959e+08,6.221437242802e+01,3.223319944634e+05,2.664601149572e-01,1.999480416719e+02,-2.665674887583e-04,-2.905585627465e-02,0.000000000000e+00,2.730421094154e+03,2.735891104209e+03,0.000000000000e+00,0.000000000000e+00,0.000000000000e+00,0.000000000000e+00,1.469683426769e-03,1.601954935178e-01,2.730721459575e+02,2.643859558105e+02,0.000000000000e+00,3.827777777778e-01,2.730421094154e+03,5.550350850204e+04,1.090000000000e+02
2.830000000000e+02,1.033943057381e+08,7.068060084033e+01,3.326039615203e+05,2.717505155459e-01,2.023036398200e+02,-2.655972469429e-04,-2.895009991678e-02,0.000000000000e+00,2.713291741676e+03,2.721757970093e+03,0.000000000000e+00,0.000000000000e+00,0.000000000000e+00,0.000000000000e+00,1.432311002568e-03,1.561218992799e-01,2.730600148221e+02,2.635574340820e+02,0.000000000000e+00,3.912037037037e-01,2.713291741676e+03,5.550347930203e+04,1.090000000000e+02
2.840000000000e+02,1.033916046211e+08,8.291791025513e+01,3.413280820288e+05,2.760461886210e-01,2.043796118266e+02,-2.477171841447e-04,-2.700117307177e-02,0.000000000000e+00,2.688879850962e+03,2.701117160379e+03,0.000000000000e+00,0.000000000000e+00,0.000000000000e+00,0.000000000000e+00,1.194346895376e-03,1.301838115960e-01,2.730465064887e+02,2.634318237305e+02,0.000000000000e+00,3.993518518518e-01,2.688879850962e+03,5.550344659076e+04,1.090000000000e+02
2.850000000000e+02,1.033889241958e+08,9.770631003330e+01,3.498776929837e+05,2.803415005420e-01,2.062893263374e+02,-2.313087961552e-04,-2.521265878092e-02,0.000000000000e+00,2.665637005200e+03,2.680425404979e+03,0.000000000000e+00,0.000000000000e+00,0.000000000000e+00,0.000000000000e+00,1.181911555670e-03,1.288283595680e-01,2.730337851969e+02,2.631764831543e+02,0.000000000000e+00,4.083333333333e-01,2.665637005200e+03,5.550341559497e+04,1.090000000000e+02
2.860000000000e+02,1.033862590041e+08,1.133256125119e+02,3.595913084982e+05,2.855065850164e-01,2.081811902802e+02,-2.256493150865e-04,-2.459577534442e-02,0.000000000000e+00,2.649572899889e+03,2.665192202371e+03,0.000000000000e+00,0.000000000000e+00,0.000000000000e+00,0.000000000000e+00,1.379943629541e-03,1.504138556200e-01,2.730236210502e+02,2.627090454102e+02,0.000000000000e+00,4.172222222222e-01,2.649572899889e+03,5.550339069675e+04,1.090000000000e+02
2.870000000000e+02,1.033836096000e+08,1.349417276615e+02,3.678047449364e+05,2.892812009852e-01,2.101581546753e+02,-2.121114724626e-04,-2.312015049842e-02,0.000000000000e+00,2.627787837921e+03,2.649403953076e+03,0.000000000000e+00,0.000000000000e+00,0.000000000000e+00,0.000000000000e+00,1.145564788569e-03,1.248665619540e-01,2.730025420928e+02,2.621520385742e+02,0.000000000000e+00,4.253703703704e-01,2.627787837921e+03,5.550333868999e+04,1.090000000000e+02
2.880000000000e+02,1.033809864428e+08,1.662751126865e+02,3.746496321182e+05,2.917809675298e-01,2.122355823844e+02,-1.941875531311e-04,-2.116644329129e-02,0.000000000000e+00,2.591824385050e+03,2.623157770079e+03,0.000000000000e+00,0.000000000000e+00,0.000000000000e+00,0.000000000000e+00,9.372865450137e-04,1.021642334065e-01,2.729789161839e+02,2.611498107910e+02,0.000000000000e+00,4.343611111111e-01,2.591824385050e+03,5.550327979993e+04,1.090000000000e+02
2.890000000000e+02,1.033783802534e+08,1.973052075008e+02,3.834296233205e+05,2.962023396673e-01,2.139673330728e+02,-2.101644443274e-04,-2.290792443168e-02,0.000000000000e+00,2.575159464770e+03,2.606189559584e+03,0.000000000000e+00,0.000000000000e+00,0.000000000000e+00,0.000000000000e+00,1.241139146838e-03,1.352841670054e-01,2.729687900998e+02,2.612925415039e+02,0.000000000000e+00,4.425282407407e-01,2.575159464770e+03,5.550325436196e+04,1.090000000000e+02
2.900000000000e+02,1.033757779322e+08,2.296380401270e+02,3.915105904126e+05,2.999516391772e-01,2.157461900616e+02,-2.186200614711e-04,-2.382958670035e-02,0.000000000000e+00,2.569989358553e+03,2.602322191181e+03,0.000000000000e+00,0.000000000000e+00,0.000000000000e+00,0.000000000000e+00,1.117162935678e-03,1.217707599889e-01,2.729516116625e+02,2.609349670410e+02,0.000000000000e+00,4.494819444444e-01,2.569989358553e+03,5.550321094193e+04,1.090000000000e+02
2.910000000000e+02,1.033731886121e+08,2.711262709747e+02,3.980443492312e+05,3.022234450176e-01,2.176982254130e+02,-1.965968867702e-04,-2.142906065795e-02,0.000000000000e+00,2.547833477345e+03,2.589321708192e+03,0.000000000000e+00,0.000000000000e+00,0.000000000000e+00,0.000000000000e+00,8.834668432728e-04,9.629788591673e-02,2.729256511387e+02,2.602474670410e+02,0.000000000000e+00,4.579560416666e-01,2.547833477345e+03,5.550314469141e+04,1.090000000000e+02
2.920000000000e+02,1.033706142945e+08,3.178738726300e+02,4.065775977038e+05,3.064700743028e-01,2.192843007389e+02,-1.883106432519e-04,-2.052586011446e-02,0.000000000000e+00,2.527570440438e+03,2.574318042095e+03,0.000000000000e+00,0.000000000000e+00,0.000000000000e+00,0.000000000000e+00,1.222242752068e-03,1.332244599754e-01,2.729059937941e+02,2.592016906738e+02,0.000000000000e+00,4.652274317129e-01,2.527570440438e+03,5.550309401847e+04,1.090000000000e+02
2.930000000000e+02,1.033680476750e+08,3.677606622235e+02,4.140884949138e+05,3.096910999880e-01,2.210126882465e+02,-1.821995610223e-04,-1.985975215143e-02,0.000000000000e+00,2.516733948833e+03,2.566620738429e+03,0.000000000000e+00,0.000000000000e+00,0.000000000000e+00,0.000000000000e+00,1.059377282682e-03,1.154721238123e-01,2.728852524555e+02,2.587669372559e+02,0.000000000000e+00,4.721274548611e-01,2.516733948833e+03,5.550304007279e+04,1.090000000000e+02
2.940000000000e+02,1.033654894564e+08,4.212019501275e+02,4.202982437139e+05,3.117650254617e-01,2.228350264232e+02,-1.824135593332e-04,-1.988307796731e-02,0.000000000000e+00,2.504778087534e+03,2.558219375440e+03,0.000000000000e+00,0.000000000000e+00,0.000000000000e+00,0.000000000000e+00,8.440840684648e-04,9.200516346266e-02,2.728681882336e+02,2.591825561523e+02,0.000000000000e+00,4.794500081597e-01,2.504778087534e+03,5.550299531791e+04,1.090000000000e+02
2.950000000000e+02,1.033629383304e+08,4.766189476220e+02,4.276239886835e+05,3.149092383583e-01,2.244555844495e+02,-1.890264052508e-04,-2.060387817234e-02,0.000000000000e+00,2.495709961646e+03,2.551126959144e+03,0.000000000000e+00,0.000000000000e+00,0.000000000000e+00,0.000000000000e+00,1.021934973820e-03,1.113909121464e-01,2.728522033225e+02,2.589403686523e+02,0.000000000000e+00,4.852389201968e-01,2.495709961646e+03,5.550295308933e+04,1.090000000000e+02
2.960000000000e+02,1.033603990663e+08,5.374782621602e+02,4.357289802932e+05,3.187668835135e-01,2.259423502626e+02,-1.856069583825e-04,-2.023115846370e-02,0.000000000000e+00,2.478405308111e+03,2.539264622651e+03,0.000000000000e+00,0.000000000000e+00,0.000000000000e+00,0.000000000000e+00,1.154178887343e-03,1.258054987204e-01,2.728286395420e+02,2.588750610352e+02,0.000000000000e+00,4.915660270862e-01,2.478405308111e+03,5.550289030346e+04,1.090000000000e+02
2.970000000000e+02,1.033584613229e+08,7.048350430219e+02,4.430283770383e+05,3.218840671844e-01,2.275030175144e+02,-1.745585413187e-04,-1.902688100374e-02,0.000000000000e+00,1.770386858110e+03,1.937743638972e+03,0.000000000000e+00,0.000000000000e+00,0.000000000000e+00,0.000000000000e+00,1.031984721438e-03,1.124863346368e-01,2.728018541147e+02,2.585750122070e+02,0.000000000000e+00,4.938763291696e-01,1.770386858110e+03,5.550281759646e+04,1.090000000000e+02
2.980000000000e+02,1.033565335932e+08,9.052903223030e+02,4.494522242192e+05,3.242530893270e-01,2.291157703917e+02,-1.729187048819e-04,-1.884813883213e-02,0.000000000000e+00,1.727273925784e+03,1.927729205065e+03,0.000000000000e+00,0.000000000000e+00,0.000000000000e+00,0.000000000000e+00,8.889677189694e-04,9.689748136766e-02,2.727852006132e+02,2.581688537598e+02,0.000000000000e+00,4.980566028040e-01,1.727273925784e+03,5.550277231422e+04,1.090000000000e+02
2.990000000000e+02,1.033544279515e+08,1.067610469727e+03,4.558538819656e+05,3.266112853799e-01,2.307013516210e+02,-1.873755899250e-04,-2.042393930183e-02,0.000000000000e+00,1.943322657543e+03,2.105642804970e+03,0.000000000000e+00,0.000000000000e+00,0.000000000000e+00,0.000000000000e+00,8.707815141239e-04,9.491518503950e-02,2.727859999935e+02,2.584033508301e+02,0.000000000000e+00,5.022923678503e-01,1.943322657543e+03,5.550277451367e+04,1.090000000000e+02
3.000000000000e+02,1.033522523663e+08,1.217500546857e+03,4.622104749452e+05,3.289406373212e-01,2.322620293465e+02,-1.983916918186e-04,-2.162469440823e-02,0.000000000000e+00,2.025696054430e+03,2.175586131562e+03,0.000000000000e+00,0.000000000000e+00,0.000000000000e+00,0.000000000000e+00,8.523504208325e-04,9.290619587074e-02,2.727772547121e+02,2.589501037598e+02,0.000000000000e+00,5.073207813817e-01,2.025696054430e+03,5.550275060443e+04,1.090000000000e+02
3.010000000000e+02,1.033500479782e+08,1.371325802086e+03,4.708516336562e+05,3.333723284657e-01,2.334592057327e+02,-1.908860838651e-04,-2.080658314129e-02,0.000000000000e+00,2.050564289040e+03,2.204389544271e+03,0.000000000000e+00,0.000000000000e+00,0.000000000000e+00,0.000000000000e+00,1.237524089230e-03,1.348901257261e-01,2.727585610094e+02,2.585108337402e+02,0.000000000000e+00,5.115565464280e-01,2.050564289040e+03,5.550269917999e+04,1.090000000000e+02
3.020000000000e+02,1.033479520704e+08,1.523923863185e+03,4.799341407124e+05,3.380925167023e-01,2.346403515918e+02,-1.868646301613e-04,-2.036824468758e-02,0.000000000000e+00,1.943312643033e+03,2.095910704133e+03,0.000000000000e+00,0.000000000000e+00,0.000000000000e+00,0.000000000000e+00,1.314353049329e-03,1.432644823768e-01,2.727570205684e+02,2.590639648438e+02,0.000000000000e+00,5.156173760063e-01,1.943312643033e+03,5.550269426327e+04,1.090000000000e+02
3.030000000000e+02,1.033461937938e+08,1.877785248647e+03,4.867458779598e+05,3.408454228864e-01,2.360489269394e+02,-1.805315726716e-04,-1.967794142120e-02,0.000000000000e+00,1.404412585876e+03,1.758273971336e+03,0.000000000000e+00,0.000000000000e+00,0.000000000000e+00,0.000000000000e+00,9.455102251531e-04,1.030606145417e-01,2.727336227528e+02,2.579129638672e+02,0.000000000000e+00,5.170339339345e-01,1.404412585876e+03,5.550262917609e+04,1.090000000000e+02
3.040000000000e+02,1.033442615990e+08,2.151072131518e+03,4.924650127338e+05,3.426552047652e-01,2.375612821024e+02,-1.594244469398e-04,-1.737726471644e-02,0.000000000000e+00,1.658907869182e+03,1.932194752051e+03,0.000000000000e+00,0.000000000000e+00,0.000000000000e+00,0.000000000000e+00,7.859790822428e-04,8.567171996446e-02,2.727193128614e+02,2.584201660156e+02,0.000000000000e+00,5.217038003622e-01,1.658907869182e+03,5.550258909588e+04,1.090000000000e+02
3.050000000000e+02,1.033422789051e+08,2.409596558019e+03,4.982920498869e+05,3.445906893779e-01,2.390222943158e+02,-1.454221933695e-04,-1.585101907728e-02,0.000000000000e+00,1.724169373887e+03,1.982693800386e+03,0.000000000000e+00,0.000000000000e+00,0.000000000000e+00,0.000000000000e+00,8.178167904314e-04,8.914203015702e-02,2.727057088402e+02,2.589536132812e+02,0.000000000000e+00,5.257467417424e-01,1.724169373887e+03,5.550255075326e+04,1.090000000000e+02
3.060000000000e+02,1.033402716025e+08,2.665048352587e+03,5.048905539522e+05,3.472079734272e-01,2.403620650774e+02,-1.609216183069e-04,-1.754045639545e-02,0.000000000000e+00,1.751851163260e+03,2.007302957827e+03,0.000000000000e+00,0.000000000000e+00,0.000000000000e+00,0.000000000000e+00,9.298382786681e-04,1.013523723748e-01,2.726920676467e+02,2.585171508789e+02,0.000000000000e+00,5.292300982239e-01,1.751851163260e+03,5.550251207423e+04,1.090000000000e+02
3.070000000000e+02,1.033383941826e+08,3.084301468182e+03,5.112036825030e+05,3.495835948192e-01,2.417140492189e+02,-1.620207447725e-04,-1.766026118020e-02,0.000000000000e+00,1.458167120532e+03,1.877420236126e+03,0.000000000000e+00,0.000000000000e+00,0.000000000000e+00,0.000000000000e+00,8.816169098027e-04,9.609624316849e-02,2.726692544943e+02,2.571536254883e+02,0.000000000000e+00,5.336943577647e-01,1.458167120532e+03,5.550244587452e+04,1.090000000000e+02
3.080000000000e+02,1.033365136701e+08,3.516952163310e+03,5.173159799845e+05,3.518079667142e-01,2.430581464126e+02,-1.343384260424e-04,-1.464288843862e-02,0.000000000000e+00,1.447861125218e+03,1.880511820348e+03,0.000000000000e+00,0.000000000000e+00,0.000000000000e+00,0.000000000000e+00,8.761831910435e-04,9.550396782374e-02,2.726285029375e+02,2.567618103027e+02,0.000000000000e+00,5.371777142462e-01,1.447861125218e+03,5.550232777648e+04,1.090000000000e+02
3.090000000000e+02,1.033346119212e+08,3.977289952596e+03,5.234260744234e+05,3.540655529020e-01,2.443617004148e+02,-1.201593846815e-04,-1.309737293028e-02,0.000000000000e+00,1.441409155783e+03,1.901746945069e+03,0.000000000000e+00,0.000000000000e+00,0.000000000000e+00,0.000000000000e+00,8.901048002321e-04,9.702142322530e-02,2.725664409333e+02,2.555773773193e+02,0.000000000000e+00,5.442541925511e-01,1.441409155783e+03,5.550214400778e+04,1.090000000000e+02
3.100000000000e+02,1.033327408843e+08,4.530432123159e+03,5.284596054107e+05,3.553965507402e-01,2.457880137653e+02,-1.139043946772e-04,-1.241557901982e-02,0.000000000000e+00,1.317894647617e+03,1.871036818179e+03,0.000000000000e+00,0.000000000000e+00,0.000000000000e+00,0.000000000000e+00,7.182444574624e-04,7.828864586340e-02,2.725420475594e+02,2.548891906738e+02,0.000000000000e+00,5.474115999585e-01,1.317894647617e+03,5.550206865483e+04,1.090000000000e+02
3.110000000000e+02,1.033309296442e+08,5.188041531837e+03,5.326930594612e+05,3.560885555342e-01,2.472758027980e+02,-1.132078051183e-04,-1.233965075790e-02,0.000000000000e+00,1.153632973398e+03,1.811242382070e+03,0.000000000000e+00,0.000000000000e+00,0.000000000000e+00,0.000000000000e+00,5.866569179936e-04,6.394560406131e-02,2.725240128344e+02,2.553917236328e+02,0.000000000000e+00,5.532539392157e-01,1.153632973398e+03,5.550201385837e+04,1.090000000000e+02
3.120000000000e+02,1.033290901451e+08,5.755473228403e+03,5.367450155808e+05,3.566800310509e-01,2.487435265902e+02,-1.087765787283e-04,-1.185664708138e-02,0.000000000000e+00,1.272067840620e+03,1.839499537180e+03,0.000000000000e+00,0.000000000000e+00,0.000000000000e+00,0.000000000000e+00,5.609808162869e-04,6.114690897527e-02,2.725277079033e+02,2.556392517090e+02,0.000000000000e+00,5.568697968546e-01,1.272067840620e+03,5.550202515349e+04,1.090000000000e+02
3.130000000000e+02,1.033272466881e+08,6.273005380613e+03,5.412952965274e+05,3.577065490223e-01,2.501323265462e+02,-9.324201388992e-05,-1.016337951400e-02,0.000000000000e+00,1.325925722830e+03,1.843457875037e+03,0.000000000000e+00,0.000000000000e+00,0.000000000000e+00,0.000000000000e+00,6.588755771442e-04,7.181743790872e-02,2.725341505605e+02,2.564550170898e+02,0.000000000000e+00,5.620253249280e-01,1.325925722830e+03,5.550204479384e+04,1.090000000000e+02
3.140000000000e+02,1.033255156561e+08,7.021562742138e+03,5.470476930693e+05,3.597930546207e-01,2.513245481286e+02,-1.121951010708e-04,-1.222926601672e-02,0.000000000000e+00,9.824750606593e+02,1.731032422177e+03,0.000000000000e+00,0.000000000000e+00,0.000000000000e+00,0.000000000000e+00,8.386597251202e-04,9.141391003810e-02,2.725353378679e+02,2.569036560059e+02,0.000000000000e+00,5.654632866973e-01,9.824750606593e+02,5.550204674317e+04,1.090000000000e+02
3.150000000000e+02,1.033237455160e+08,7.677629632225e+03,5.538884802703e+05,3.627531405550e-01,2.523913252008e+02,-1.475991492606e-04,-1.608830726941e-02,0.000000000000e+00,1.114076502011e+03,1.770143392095e+03,0.000000000000e+00,0.000000000000e+00,0.000000000000e+00,0.000000000000e+00,9.833159881783e-04,1.071814427114e-01,2.725049917675e+02,2.563990478516e+02,0.000000000000e+00,5.710904536017e-01,1.114076502011e+03,5.550195377637e+04,1.090000000000e+02
3.160000000000e+02,1.033219733136e+08,8.381465103862e+03,5.600953410478e+05,3.652038164035e-01,2.535079380581e+02,-1.630651892108e-04,-1.777410562397e-02,0.000000000000e+00,1.068368992597e+03,1.772204464234e+03,0.000000000000e+00,0.000000000000e+00,0.000000000000e+00,0.000000000000e+00,8.632549692768e-04,9.409479165117e-02,2.724399068863e+02,2.548158111572e+02,0.000000000000e+00,5.762199320031e-01,1.068368992597e+03,5.550175058589e+04,1.090000000000e+02
3.170000000000e+02,1.033203005889e+08,9.353466867261e+03,5.657188108559e+05,3.671742198948e-01,2.546799741788e+02,-1.456399652191e-04,-1.587475620888e-02,0.000000000000e+00,7.007214625849e+02,1.672723225980e+03,0.000000000000e+00,0.000000000000e+00,0.000000000000e+00,0.000000000000e+00,7.842196362602e-04,8.547994035236e-02,2.723845400705e+02,2.542895660400e+02,0.000000000000e+00,5.815689710037e-01,7.007214625849e+02,5.550157128332e+04,1.090000000000e+02
3.180000000000e+02,1.033186014025e+08,1.022913218398e+04,5.711276527365e+05,3.689865658174e-01,2.558528024417e+02,-1.229717414383e-04,-1.340391981678e-02,0.000000000000e+00,8.235204551292e+02,1.699185771845e+03,0.000000000000e+00,0.000000000000e+00,0.000000000000e+00,0.000000000000e+00,7.713507465339e-04,8.407723137219e-02,2.723396628715e+02,2.535805053711e+02,0.000000000000e+00,5.876939056821e-01,8.235204551292e+02,5.550142514799e+04,1.090000000000e+02
3.190000000000e+02,1.033169374364e+08,1.120957316345e+04,5.760325547442e+05,3.703962676087e-01,2.570682803161e+02,-1.070287258956e-04,-1.166613112262e-02,0.000000000000e+00,6.835240659212e+02,1.663965045384e+03,0.000000000000e+00,0.000000000000e+00,0.000000000000e+00,0.000000000000e+00,7.038600790159e-04,7.672074861274e-02,2.723219223190e+02,2.533937225342e+02,0.000000000000e+00,5.929860745551e-01,6.835240659212e+02,5.550136374675e+04,1.090000000000e+02
3.200000000000e+02,1.033152929506e+08,1.218244560513e+04,5.816917833629e+05,3.724470577778e-01,2.581647348580e+02,-8.931118277071e-05,-9.734918922007e-03,0.000000000000e+00,6.716131599003e+02,1.644485601584e+03,0.000000000000e+00,0.000000000000e+00,0.000000000000e+00,0.000000000000e+00,8.462479805431e-04,9.224102987920e-02,2.723051828929e+02,2.537482757568e+02,0.000000000000e+00,5.988513059056e-01,6.716131599003e+02,5.550130860511e+04,1.090000000000e+02
3.210000000000e+02,1.033136420380e+08,1.309747060288e+04,5.873675082931e+05,3.744899160183e-01,2.592624143935e+02,-8.626151031209e-05,-9.402504624018e-03,0.000000000000e+00,7.358844414508e+02,1.650909439200e+03,0.000000000000e+00,0.000000000000e+00,0.000000000000e+00,0.000000000000e+00,8.521850142614e-04,9.288816655450e-02,2.722595596158e+02,2.536108703613e+02,0.000000000000e+00,6.043035786079e-01,7.358844414508e+02,5.550115584941e+04,1.090000000000e+02
3.220000000000e+02,1.033120546389e+08,1.424062809374e+04,5.916525859800e+05,3.754560446111e-01,2.604825508228e+02,-1.034513532456e-04,-1.127619750377e-02,0.000000000000e+00,4.442430857190e+02,1.587400576588e+03,0.000000000000e+00,0.000000000000e+00,0.000000000000e+00,0.000000000000e+00,6.051391912039e-04,6.596017184123e-02,2.722168333691e+02,2.532135467529e+02,0.000000000000e+00,6.106720834328e-01,4.442430857190e+02,5.550100720871e+04,1.090000000000e+02
3.230000000000e+02,1.033104540269e+08,1.524932653450e+04,5.960659616996e+05,3.765437523387e-01,2.616678206137e+02,-1.171490235316e-04,-1.276924356495e-02,0.000000000000e+00,5.919174870017e+02,1.600615927756e+03,0.000000000000e+00,0.000000000000e+00,0.000000000000e+00,0.000000000000e+00,6.124898463143e-04,6.676139324826e-02,2.722004754668e+02,2.543534698486e+02,0.000000000000e+00,6.163674987092e-01,5.919174870017e+02,5.550095134070e+04,1.090000000000e+02
3.240000000000e+02,1.033089132959e+08,1.637235330279e+04,6.011656028867e+05,3.782071050785e-01,2.627454760531e+02,-1.239255157018e-04,-1.350788121149e-02,0.000000000000e+00,4.177044290009e+02,1.540731197296e+03,0.000000000000e+00,0.000000000000e+00,0.000000000000e+00,0.000000000000e+00,7.189006560619e-04,7.836017151075e-02,2.722260500285e+02,2.540127410889e+02,0.000000000000e+00,6.220143186975e-01,4.177044290009e+02,5.550103652236e+04,1.090000000000e+02
3.250000000000e+02,1.033073750592e+08,1.742319736693e+04,6.062830972841e+05,3.798744155664e-01,2.638194636867e+02,-1.432167190048e-04,-1.561062237152e-02,0.000000000000e+00,4.873944726610e+02,1.538238536798e+03,0.000000000000e+00,0.000000000000e+00,0.000000000000e+00,0.000000000000e+00,7.028455438728e-04,7.661016428214e-02,2.722044048285e+02,2.534426269531e+02,0.000000000000e+00,6.279682539008e-01,4.873944726610e+02,5.550096263535e+04,1.090000000000e+02
3.260000000000e+02,1.033058520277e+08,1.857179658738e+04,6.122092597716e+05,3.821862637982e-01,2.647877367897e+02,-1.498485507525e-04,-1.633349203202e-02,0.000000000000e+00,3.744344660172e+02,1.523033686467e+03,0.000000000000e+00,0.000000000000e+00,0.000000000000e+00,0.000000000000e+00,8.301187273895e-04,9.048294128546e-02,2.721467705930e+02,2.525922546387e+02,0.000000000000e+00,6.350547453805e-01,3.744344660172e+02,5.550075844916e+04,1.090000000000e+02
3.270000000000e+02,1.033043379913e+08,1.979672932318e+04,6.183333045266e+05,3.846826536573e-01,2.657018235211e+02,-1.286883803333e-04,-1.402703345633e-02,0.000000000000e+00,2.891039187916e+02,1.514036654596e+03,0.000000000000e+00,0.000000000000e+00,0.000000000000e+00,0.000000000000e+00,8.839550265023e-04,9.635109788875e-02,2.720957853027e+02,2.525356140137e+02,0.000000000000e+00,6.415944730797e-01,2.891039187916e+02,5.550057685076e+04,1.090000000000e+02
3.280000000000e+02,1.033028309079e+08,2.104996294885e+04,6.238933474998e+05,3.866733748148e-01,2.667116021732e+02,-1.090687524283e-04,-1.188849401468e-02,0.000000000000e+00,2.538493792729e+02,1.507083004945e+03,0.000000000000e+00,0.000000000000e+00,0.000000000000e+00,0.000000000000e+00,8.103223835005e-04,8.832513980156e-02,2.720506487277e+02,2.526210479736e+02,0.000000000000e+00,6.491792356820e-01,2.538493792729e+02,5.550041165414e+04,1.090000000000e+02
3.290000000000e+02,1.033013384097e+08,2.230897031445e+04,6.286386765797e+05,3.880726180773e-01,2.677714424981e+02,-1.029947065937e-04,-1.122642301871e-02,0.000000000000e+00,2.334914059680e+02,1.492498771561e+03,0.000000000000e+00,0.000000000000e+00,0.000000000000e+00,0.000000000000e+00,6.814899681315e-04,7.428240652634e-02,2.720397796147e+02,2.526845245361e+02,0.000000000000e+00,6.560208503628e-01,2.334914059680e+02,5.550037187324e+04,1.090000000000e+02
3.300000000000e+02,1.032998765159e+08,2.350755267109e+04,6.329966198357e+05,3.892126021913e-01,2.688379093193e+02,-1.071860949549e-04,-1.168328435009e-02,0.000000000000e+00,2.633120451160e+02,1.461894401763e+03,0.000000000000e+00,0.000000000000e+00,0.000000000000e+00,0.000000000000e+00,6.131520209021e-04,6.683357027833e-02,2.720457982949e+02,2.531290130615e+02,0.000000000000e+00,6.635186000052e-01,2.633120451160e+02,5.550039430310e+04,1.090000000000e+02
3.310000000000e+02,1.032984435309e+08,2.468598965373e+04,6.376342676517e+05,3.905524734480e-01,2.698790515576e+02,-1.179338082333e-04,-1.285478509743e-02,0.000000000000e+00,2.545477926999e+02,1.432984775335e+03,0.000000000000e+00,0.000000000000e+00,0.000000000000e+00,0.000000000000e+00,6.488943311158e-04,7.072948209163e-02,2.720154004967e+02,2.527994995117e+02,0.000000000000e+00,6.709902640033e-01,2.545477926999e+02,5.550028178573e+04,1.090000000000e+02
3.320000000000e+02,1.032970360645e+08,2.591665549730e+04,6.425702948572e+05,3.921780377366e-01,2.708420275189e+02,-1.232423363623e-04,-1.343341466349e-02,0.000000000000e+00,1.768011181776e+02,1.407466961750e+03,0.000000000000e+00,0.000000000000e+00,0.000000000000e+00,0.000000000000e+00,6.931178809479e-04,7.554984902332e-02,2.719558267494e+02,2.526025085449e+02,0.000000000000e+00,6.779869784451e-01,1.768011181776e+02,5.550005996194e+04,1.090000000000e+02
3.330000000000e+02,1.032956739630e+08,2.709343567655e+04,6.477302331209e+05,3.938931293050e-01,2.718287714802e+02,-1.319979379174e-04,-1.438777523300e-02,0.000000000000e+00,1.853214987647e+02,1.362101678017e+03,0.000000000000e+00,0.000000000000e+00,0.000000000000e+00,0.000000000000e+00,7.211891685329e-04,7.860961937009e-02,2.719232977209e+02,2.523730163574e+02,0.000000000000e+00,6.853622275996e-01,1.853214987647e+02,5.549993813806e+04,1.090000000000e+02
3.340000000000e+02,1.032943425996e+08,2.824916526892e+04,6.526145062256e+05,3.954510963378e-01,2.727995336347e+02,-1.262245353535e-04,-1.375847435353e-02,0.000000000000e+00,1.756348558077e+02,1.331364448172e+03,0.000000000000e+00,0.000000000000e+00,0.000000000000e+00,0.000000000000e+00,6.811612731364e-04,7.424657877187e-02,2.719231810645e+02,2.532419433594e+02,0.000000000000e+00,6.931076254469e-01,1.756348558077e+02,5.549993791733e+04,1.090000000000e+02
3.350000000000e+02,1.032930092615e+08,2.942059893141e+04,6.572232163948e+05,3.968090888331e-01,2.737874350911e+02,-1.006983508554e-04,-1.097612024324e-02,0.000000000000e+00,1.619066857814e+02,1.333340348270e+03,0.000000000000e+00,0.000000000000e+00,0.000000000000e+00,0.000000000000e+00,6.617669511708e-04,7.213259767762e-02,2.718397055307e+02,2.523300018311e+02,0.000000000000e+00,7.018356056218e-01,1.619066857814e+02,5.549961602912e+04,1.090000000000e+02
3.360000000000e+02,1.032916762772e+08,3.061234027781e+04,6.615907699804e+05,3.980085026739e-01,2.747774140363e+02,-8.938815785979e-05,-9.743309206717e-03,0.000000000000e+00,1.412439245420e+02,1.332985270942e+03,0.000000000000e+00,0.000000000000e+00,0.000000000000e+00,0.000000000000e+00,6.330135194021e-04,6.899847361483e-02,2.717849688574e+02,2.516966857910e+02,0.000000000000e+00,7.108564405220e-01,1.412439245420e+02,5.549939958329e+04,1.090000000000e+02
3.370000000000e+02,1.032903580099e+08,3.178205215008e+04,6.661133352158e+05,3.993194464791e-01,2.757477643682e+02,-1.079566482024e-04,-1.176727465407e-02,0.000000000000e+00,1.485557556820e+02,1.318267627956e+03,0.000000000000e+00,0.000000000000e+00,0.000000000000e+00,0.000000000000e+00,6.397386336284e-04,6.973151106550e-02,2.717733508545e+02,2.519540557861e+02,0.000000000000e+00,7.194716593156e-01,1.485557556820e+02,5.549935272409e+04,1.090000000000e+02
3.380000000000e+02,1.032890792935e+08,3.290863874631e+04,6.701360989994e+05,4.002612775949e-01,2.767608040899e+02,-1.153833982205e-04,-1.257679040604e-02,0.000000000000e+00,1.521318629258e+02,1.278718459150e+03,0.000000000000e+00,0.000000000000e+00,0.000000000000e+00,0.000000000000e+00,5.498065626985e-04,5.992891533413e-02,2.717477528788e+02,2.524174652100e+02,0.000000000000e+00,7.286036182735e-01,1.521318629258e+02,5.549925122577e+04,1.090000000000e+02
3.390000000000e+02,1.032878283474e+08,3.399194563255e+04,6.746879575164e+05,4.016417069183e-01,2.776823439077e+02,-1.228901931349e-04,-1.339503105170e-02,0.000000000000e+00,1.676396841792e+02,1.250946570419e+03,0.000000000000e+00,0.000000000000e+00,0.000000000000e+00,0.000000000000e+00,6.292843977503e-04,6.859199935478e-02,2.717815535984e+02,2.536688690186e+02,0.000000000000e+00,7.363605663646e-01,1.676396841792e+02,5.549938595705e+04,1.090000000000e+02
3.400000000000e+02,1.032865872596e+08,3.505223062570e+04,6.805863184293e+05,4.039874221450e-01,2.784832834458e+02,-1.485735301137e-04,-1.619451478239e-02,0.000000000000e+00,1.808038538032e+02,1.241088846961e+03,0.000000000000e+00,0.000000000000e+00,0.000000000000e+00,0.000000000000e+00,8.263588583439e-04,9.007311555948e-02,2.717935759835e+02,2.541053009033e+02,0.000000000000e+00,7.443175295779e-01,1.808038538032e+02,5.549943335937e+04,1.090000000000e+02
3.410000000000e+02,1.032853559642e+08,3.610604148971e+04,6.863699008947e+05,4.063070812207e-01,2.792466442515e+02,-1.386503556731e-04,-1.511288876837e-02,0.000000000000e+00,1.774856820666e+02,1.231296546077e+03,0.000000000000e+00,0.000000000000e+00,0.000000000000e+00,0.000000000000e+00,8.174924531246e-04,8.910667739058e-02,2.717825672054e+02,2.542877807617e+02,0.000000000000e+00,7.538399121917e-01,1.774856820666e+02,5.549938926907e+04,1.090000000000e+02
3.420000000000e+02,1.032841374371e+08,3.714412123786e+04,6.911261030054e+05,4.077741900828e-01,2.801698914508e+02,-1.109571671240e-04,-1.209433121652e-02,0.000000000000e+00,1.804477063666e+02,1.218527454508e+03,0.000000000000e+00,0.000000000000e+00,0.000000000000e+00,0.000000000000e+00,6.752001005245e-04,7.359681095717e-02,2.717905014912e+02,2.553469085693e+02,0.000000000000e+00,7.621413059161e-01,1.804477063666e+02,5.549942029967e+04,1.090000000000e+02
3.430000000000e+02,1.032829313457e+08,3.817722292264e+04,6.949766589769e+05,4.086286470090e-01,2.811426021604e+02,-1.095998048079e-04,-1.194637872406e-02,0.000000000000e+00,1.729905853904e+02,1.206092270172e+03,0.000000000000e+00,0.000000000000e+00,0.000000000000e+00,0.000000000000e+00,5.272685800317e-04,5.747227522346e-02,2.717479447553e+02,2.539951934814e+02,0.000000000000e+00,7.727043385509e-01,1.729905853904e+02,5.549924999062e+04,1.090000000000e+02
3.440000000000e+02,1.032817349857e+08,3.922056663740e+04,6.989538880760e+05,4.096165453509e-01,2.820709307518e+02,-1.109030855517e-04,-1.208843632513e-02,0.000000000000e+00,1.530171259534e+02,1.196360840714e+03,0.000000000000e+00,0.000000000000e+00,0.000000000000e+00,0.000000000000e+00,5.470934091502e-04,5.963318159737e-02,2.716842826161e+02,2.536811370850e+02,0.000000000000e+00,7.839462558354e-01,1.530171259534e+02,5.549899087592e+04,1.090000000000e+02
3.450000000000e+02,1.032805504410e+08,4.026423568830e+04,7.033853801644e+05,4.109277506032e-01,2.829547532627e+02,-1.043404448417e-04,-1.137310848774e-02,0.000000000000e+00,1.408751035928e+02,1.184544154498e+03,0.000000000000e+00,0.000000000000e+00,0.000000000000e+00,0.000000000000e+00,6.286974026880e-04,6.852801689299e-02,2.716284680899e+02,2.542044982910e+02,0.000000000000e+00,7.938684264182e-01,1.408751035928e+02,5.549875923669e+04,1.090000000000e+02
3.460000000000e+02,1.032793776617e+08,4.131274173874e+04,7.085472884713e+05,4.127568600992e-01,2.837699604298e+02,-1.014329999275e-04,-1.105619699210e-02,0.000000000000e+00,1.242729937567e+02,1.172779044194e+03,0.000000000000e+00,0.000000000000e+00,0.000000000000e+00,0.000000000000e+00,7.526052440548e-04,8.203397160198e-02,2.715459454853e+02,2.526791687012e+02,0.000000000000e+00,8.049348271671e-01,1.242729937567e+02,5.549840991141e+04,1.090000000000e+02
3.470000000000e+02,1.032782128213e+08,4.238765619809e+04,7.131089866774e+05,4.141557980623e-01,2.846356709166e+02,-8.916672455589e-05,-9.719172976592e-03,0.000000000000e+00,8.992602254599e+01,1.164840481891e+03,0.000000000000e+00,0.000000000000e+00,0.000000000000e+00,0.000000000000e+00,6.663471501723e-04,7.263183936879e-02,2.713923996187e+02,2.513524322510e+02,0.000000000000e+00,8.173240883451e-01,8.992602254599e+01,5.549773738280e+04,1.090000000000e+02
3.480000000000e+02,1.032770550944e+08,4.347851801074e+04,7.161321833313e+05,4.144572895225e-01,2.856372973819e+02,-7.635831623077e-05,-8.323056469154e-03,0.000000000000e+00,6.686457546465e+01,1.157726388120e+03,0.000000000000e+00,0.000000000000e+00,0.000000000000e+00,0.000000000000e+00,4.245874108136e-04,4.628002777868e-02,2.712711757023e+02,2.503384704590e+02,0.000000000000e+00,8.307424884355e-01,6.686457546465e+01,5.549718456906e+04,1.090000000000e+02
3.490000000000e+02,1.032759156839e+08,4.454416578109e+04,7.197342511392e+05,4.152028342483e-01,2.865581702829e+02,-9.262001850327e-05,-1.009558201686e-02,0.000000000000e+00,7.376194931977e+01,1.139409719670e+03,0.000000000000e+00,0.000000000000e+00,0.000000000000e+00,0.000000000000e+00,5.026808785308e-04,5.479221575986e-02,2.712877321195e+02,2.508208923340e+02,0.000000000000e+00,8.421597547447e-01,7.376194931977e+01,5.549725946795e+04,1.090000000000e+02
3.500000000000e+02,1.032748022975e+08,4.556170339431e+04,7.246846267020e+05,4.169140189169e-01,2.873435236489e+02,-1.151905290548e-04,-1.255576766697e-02,0.000000000000e+00,9.584956059059e+01,1.113387173812e+03,0.000000000000e+00,0.000000000000e+00,0.000000000000e+00,0.000000000000e+00,7.025862677871e-04,7.658190318880e-02,2.713461028516e+02,2.522371978760e+02,0.000000000000e+00,8.545137512417e-01,9.584956059059e+01,5.549752572381e+04,1.090000000000e+02
3.510000000000e+02,1.032737170101e+08,4.652660392603e+04,7.298875206287e+05,4.188091112417e-01,2.880951615440e+02,-1.134456495657e-04,-1.236557580266e-02,0.000000000000e+00,1.203885998164e+02,1.085289131536e+03,0.000000000000e+00,0.000000000000e+00,0.000000000000e+00,0.000000000000e+00,7.458875998013e-04,8.130174837834e-02,2.714238197496e+02,2.537629241943e+02,0.000000000000e+00,8.674548269028e-01,1.203885998164e+02,5.549787433217e+04,1.090000000000e+02
3.520000000000e+02,1.032726599298e+08,4.745010298616e+04,7.349860021230e+05,4.206228660785e-01,2.888555032815e+02,-1.086106335071e-04,-1.183855905227e-02,0.000000000000e+00,1.335816410321e+02,1.057080701162e+03,0.000000000000e+00,0.000000000000e+00,0.000000000000e+00,0.000000000000e+00,7.337381414589e-04,7.997745741902e-02,2.714730878673e+02,2.542690124512e+02,0.000000000000e+00,8.789788200553e-01,1.335816410321e+02,5.549809202370e+04,1.090000000000e+02
3.530000000000e+02,1.032716276007e+08,4.835600521186e+04,7.412170362920e+05,4.232829638958e-01,2.894740516014e+02,-1.298237594747e-04,-1.415078978274e-02,0.000000000000e+00,1.264264570130e+02,1.032328682712e+03,0.000000000000e+00,0.000000000000e+00,0.000000000000e+00,0.000000000000e+00,9.003797435599e-04,9.814139204803e-02,2.714562987889e+02,2.540317077637e+02,0.000000000000e+00,8.912636761794e-01,1.264264570130e+02,5.549801960176e+04,1.090000000000e+02
3.540000000000e+02,1.032706183091e+08,4.925021468517e+04,7.471704908105e+05,4.257216886517e-01,2.901280279857e+02,-1.288573728564e-04,-1.404545364135e-02,0.000000000000e+00,1.150842984156e+02,1.009293771725e+03,0.000000000000e+00,0.000000000000e+00,0.000000000000e+00,0.000000000000e+00,8.555023740619e-04,9.324975877275e-02,2.714357473773e+02,2.541607360840e+02,0.000000000000e+00,9.024386936066e-01,1.150842984156e+02,5.549793003109e+04,1.090000000000e+02
3.550000000000e+02,1.032696316895e+08,5.013634524148e+04,7.527089936198e+05,4.278598855096e-01,2.908195015254e+02,-1.217014002609e-04,-1.326545262844e-02,0.000000000000e+00,1.004897049252e+02,9.866202612362e+02,0.000000000000e+00,0.000000000000e+00,0.000000000000e+00,0.000000000000e+00,7.945013438696e-04,8.660064648179e-02,2.713717161892e+02,2.529650726318e+02,0.000000000000e+00,9.143349433731e-01,1.004897049252e+02,5.549764557508e+04,1.090000000000e+02
3.560000000000e+02,1.032686665153e+08,5.101830322668e+04,7.582115265035e+05,4.299656107562e-01,2.915122245224e+02,-1.195767876496e-04,-1.303386985381e-02,0.000000000000e+00,8.321555913105e+01,9.651735443342e+02,0.000000000000e+00,0.000000000000e+00,0.000000000000e+00,0.000000000000e+00,7.906548182290e-04,8.618137518696e-02,2.713122510229e+02,2.524856262207e+02,0.000000000000e+00,9.241408961531e-01,8.321555913105e+01,5.549737650569e+04,1.090000000000e+02
3.570000000000e+02,1.032677247091e+08,5.188213499955e+04,7.632395863115e+05,4.317359272540e-01,2.922429205128e+02,-1.112535549800e-04,-1.212663749282e-02,0.000000000000e+00,7.797416693686e+01,9.418059398046e+02,0.000000000000e+00,0.000000000000e+00,0.000000000000e+00,0.000000000000e+00,7.202807603439e-04,7.851060287748e-02,2.712793784477e+02,2.527892150879e+02,0.000000000000e+00,9.342876009717e-01,7.797416693686e+01,5.549722590241e+04,1.090000000000e+02
3.580000000000e+02,1.032668048147e+08,5.273158296582e+04,7.681520085265e+05,4.334530950793e-01,2.929603323167e+02,-1.081226250088e-04,-1.178536612596e-02,0.000000000000e+00,7.044563582022e+01,9.198936020934e+02,0.000000000000e+00,0.000000000000e+00,0.000000000000e+00,0.000000000000e+00,7.046700947882e-04,7.680904033192e-02,2.712122637594e+02,2.516610565186e+02,0.000000000000e+00,9.440739674066e-01,7.044563582022e+01,5.549691384276e+04,1.090000000000e+02
3.590000000000e+02,1.032659036292e+08,5.356946376802e+04,7.721907162412e+05,4.345127473880e-01,2.937838952091e+02,-1.070358537125e-04,-1.166690805466e-02,0.000000000000e+00,6.330211552585e+01,9.011829177170e+02,0.000000000000e+00,0.000000000000e+00,0.000000000000e+00,0.000000000000e+00,5.612454394739e-04,6.117575290265e-02,2.711539536935e+02,2.513882751465e+02,0.000000000000e+00,9.524759369463e-01,6.330211552585e+01,5.549663782773e+04,1.090000000000e+02
3.600000000000e+02,1.032650204377e+08,5.439204257523e+04,7.755063681198e+05,4.350509912329e-01,2.946814085724e+02,-1.021935405190e-04,-1.113909591657e-02,0.000000000000e+00,6.060766451921e+01,8.831864717310e+02,0.000000000000e+00,0.000000000000e+00,0.000000000000e+00,0.000000000000e+00,4.463946034708e-04,4.865701177832e-02,2.711117091877e+02,2.516314849854e+02,0.000000000000e+00,9.607161202403e-01,6.060766451921e+01,5.549643493899e+04,1.090000000000e+02
3.610000000000e+02,1.032641547789e+08,5.519781511089e+04,7.785467070856e+05,4.354467447266e-01,2.955684647687e+02,-1.091304496867e-04,-1.189521901585e-02,0.000000000000e+00,5.988275801144e+01,8.656552936737e+02,0.000000000000e+00,0.000000000000e+00,0.000000000000e+00,0.000000000000e+00,3.937530649698e-04,4.291908408171e-02,2.710872427847e+02,2.525847625732e+02,0.000000000000e+00,9.691800435509e-01,5.988275801144e+01,5.549631623857e+04,1.090000000000e+02
3.620000000000e+02,1.032633900206e+08,5.589793699393e+04,7.825002963133e+05,4.364832252270e-01,2.963642838202e+02,-1.235700502388e-04,-1.346913547603e-02,0.000000000000e+00,6.463524016805e+01,7.647571232122e+02,0.000000000000e+00,0.000000000000e+00,0.000000000000e+00,0.000000000000e+00,5.301394342650e-04,5.778519833489e-02,2.710778202527e+02,2.525290985107e+02,0.000000000000e+00,9.740968459712e-01,6.463524016805e+01,5.549626159496e+04,1.090000000000e+02
3.630000000000e+02,1.032626061206e+08,5.661708773665e+04,7.876483612744e+05,4.384060942494e-01,2.970062022836e+02,-1.343545399701e-04,-1.464464485674e-02,0.000000000000e+00,6.474810891888e+01,7.838988516357e+02,0.000000000000e+00,0.000000000000e+00,0.000000000000e+00,0.000000000000e+00,7.169348524523e-04,7.814589891730e-02,2.710569746801e+02,2.516068267822e+02,0.000000000000e+00,9.821017535947e-01,6.474810891888e+01,5.549615859111e+04,1.090000000000e+02
3.640000000000e+02,1.032618222604e+08,5.734211643795e+04,7.933231252120e+05,4.406379987301e-01,2.976322197278e+02,-1.193755984722e-04,-1.301194023346e-02,0.000000000000e+00,5.882997555378e+01,7.838586768521e+02,0.000000000000e+00,0.000000000000e+00,0.000000000000e+00,0.000000000000e+00,8.193600292859e-04,8.931024319216e-02,2.710041551597e+02,2.512489471436e+02,0.000000000000e+00,9.886021216374e-01,5.882997555378e+01,5.549589838178e+04,1.090000000000e+02
3.650000000000e+02,1.032610452696e+08,5.806085130699e+04,7.995142485352e+05,4.432295920609e-01,2.982013089907e+02,-1.397090119247e-04,-1.522828229980e-02,0.000000000000e+00,5.825354857163e+01,7.769884176140e+02,0.000000000000e+00,0.000000000000e+00,0.000000000000e+00,0.000000000000e+00,8.838691942388e-04,9.634174217203e-02,2.709963862043e+02,2.519989776611e+02,0.000000000000e+00,9.962527402956e-01,5.825354857163e+01,5.549586001171e+04,1.090000000000e+02
3.660000000000e+02,1.032602536509e+08,5.879281156898e+04,8.060298537420e+05,4.460477955746e-01,2.987321437031e+02,-1.814826849333e-04,-1.978161265773e-02,0.000000000000e+00,5.965792553544e+01,7.916181875210e+02,0.000000000000e+00,0.000000000000e+00,0.000000000000e+00,0.000000000000e+00,8.956866932707e-04,9.762984956650e-02,2.709920266937e+02,2.520103759766e+02,0.000000000000e+00,1.004487959707e+00,5.965792553544e+01,5.549584343338e+04,1.090000000000e+02
3.670000000000e+02,1.032594572747e+08,5.953089965676e+04,8.119946041527e+05,4.485200658415e-01,2.992838979841e+02,-1.941976244155e-04,-2.116754106129e-02,0.000000000000e+00,5.828412599822e+01,7.963722137801e+02,0.000000000000e+00,0.000000000000e+00,0.000000000000e+00,0.000000000000e+00,7.918210502166e-04,8.630849447361e-02,2.709954762807e+02,2.526075439453e+02,0.000000000000e+00,1.011356851040e+00,5.828412599822e+01,5.549586245123e+04,1.090000000000e+02
3.680000000000e+02,1.032586825417e+08,6.024943858165e+04,8.162726119341e+05,4.497425861819e-01,3.000435709405e+02,-1.691028840709e-04,-1.843221436372e-02,0.000000000000e+00,5.619306348005e+01,7.747319883719e+02,0.000000000000e+00,0.000000000000e+00,0.000000000000e+00,0.000000000000e+00,5.384338043229e-04,5.868928467120e-02,2.709693198020e+02,2.526165313721e+02,0.000000000000e+00,1.017147041131e+00,5.619306348005e+01,5.549573245554e+04,1.090000000000e+02
3.690000000000e+02,1.032579240385e+08,6.095535831083e+04,8.209994588975e+05,4.513891692209e-01,3.006809756956e+02,-1.249272460857e-04,-1.361706982335e-02,0.000000000000e+00,5.258038998985e+01,7.585001191647e+02,0.000000000000e+00,0.000000000000e+00,0.000000000000e+00,0.000000000000e+00,6.568328801038e-04,7.159478393131e-02,2.709415221622e+02,2.526100158691e+02,0.000000000000e+00,1.027144084417e+00,5.258038998985e+01,5.549559300886e+04,1.090000000000e+02
3.700000000000e+02,1.032571781452e+08,6.165971203027e+04,8.264107147790e+05,4.533781701355e-01,3.013383316827e+02,-1.131506683438e-04,-1.233342284947e-02,0.000000000000e+00,4.153820373428e+01,7.458919231770e+02,0.000000000000e+00,0.000000000000e+00,0.000000000000e+00,0.000000000000e+00,7.829360799591e-04,8.534003271554e-02,2.708213830055e+02,2.508502655029e+02,0.000000000000e+00,1.033417423366e+00,4.153820373428e+01,5.549497724993e+04,1.090000000000e+02
3.710000000000e+02,1.032564403291e+08,6.237147796083e+04,8.318318458635e+05,4.556056453534e-01,3.018361035349e+02,-1.188107464681e-04,-1.295037136502e-02,0.000000000000e+00,2.604961958394e+01,7.378155501469e+02,0.000000000000e+00,0.000000000000e+00,0.000000000000e+00,0.000000000000e+00,7.791999063753e-04,8.493278979490e-02,2.706843165842e+02,2.500630798340e+02,0.000000000000e+00,1.043411881370e+00,2.604961958394e+01,5.549425105024e+04,1.090000000000e+02
3.720000000000e+02,1.032557119290e+08,6.307945131296e+04,8.375904455823e+05,4.577661235188e-01,3.024940590311e+02,-1.268673079930e-04,-1.382853657123e-02,0.000000000000e+00,2.042494976769e+01,7.283983018927e+02,0.000000000000e+00,0.000000000000e+00,0.000000000000e+00,0.000000000000e+00,8.264290815073e-04,9.008076988430e-02,2.705899537059e+02,2.503898010254e+02,0.000000000000e+00,1.052666072796e+00,2.042494976769e+01,5.549373567366e+04,1.090000000000e+02
3.730000000000e+02,1.032549970426e+08,6.376920212628e+04,8.418774603378e+05,4.589832084713e-01,3.032360829340e+02,-1.327143226348e-04,-1.446586116719e-02,0.000000000000e+00,2.513516894291e+01,7.148859822675e+02,0.000000000000e+00,0.000000000000e+00,0.000000000000e+00,0.000000000000e+00,5.760215331784e-04,6.278634711644e-02,2.705902649148e+02,2.510000000000e+02,0.000000000000e+00,1.060279659809e+00,2.513516894291e+01,5.549373576444e+04,1.090000000000e+02
3.740000000000e+02,1.032542973847e+08,6.444073659373e+04,8.456871214674e+05,4.599565914285e-01,3.039640066602e+02,-1.293522350614e-04,-1.409939362169e-02,0.000000000000e+00,2.812213419823e+01,6.996566016480e+02,0.000000000000e+00,0.000000000000e+00,0.000000000000e+00,0.000000000000e+00,5.006233918827e-04,5.456794971521e-02,2.705792422988e+02,2.510683288574e+02,0.000000000000e+00,1.068400884971e+00,2.812213419823e+01,5.549367335150e+04,1.090000000000e+02
3.750000000000e+02,1.032536128112e+08,6.509671584388e+04,8.499400945057e+05,4.611884207594e-01,3.046768518303e+02,-1.263078750102e-04,-1.376755837611e-02,0.000000000000e+00,2.859218889299e+01,6.845714390428e+02,0.000000000000e+00,0.000000000000e+00,0.000000000000e+00,0.000000000000e+00,5.768754248974e-04,6.287942131381e-02,2.705740087676e+02,2.517420959473e+02,0.000000000000e+00,1.075746596031e+00,2.859218889299e+01,5.549364289605e+04,1.090000000000e+02
3.760000000000e+02,1.032529412266e+08,6.574755825256e+04,8.535773887068e+05,4.620563517320e-01,3.054090655881e+02,-1.101482771448e-04,-1.200616220878e-02,0.000000000000e+00,2.074116953707e+01,6.715835782161e+02,0.000000000000e+00,0.000000000000e+00,0.000000000000e+00,0.000000000000e+00,4.926102332411e-04,5.369451542328e-02,2.704735204674e+02,2.507825164795e+02,0.000000000000e+00,1.083401024318e+00,2.074116953707e+01,5.549307827818e+04,1.090000000000e+02
3.770000000000e+02,1.032522824470e+08,6.638753582614e+04,8.571382362534e+05,4.628193367543e-01,3.061778985663e+02,-9.756973405807e-05,-1.063510101233e-02,0.000000000000e+00,1.880052332966e+01,6.587780969103e+02,0.000000000000e+00,0.000000000000e+00,0.000000000000e+00,0.000000000000e+00,4.912817993666e-04,5.354971613096e-02,2.704629169131e+02,2.513494567871e+02,0.000000000000e+00,1.092790147572e+00,1.880052332966e+01,5.549301578568e+04,1.090000000000e+02
3.780000000000e+02,1.032516407203e+08,6.700526615254e+04,8.614294689615e+05,4.641346394687e-01,3.068387783403e+02,-1.169179939270e-04,-1.274406133804e-02,0.000000000000e+00,2.399584213366e+01,6.417261685384e+02,0.000000000000e+00,0.000000000000e+00,0.000000000000e+00,0.000000000000e+00,5.925353284740e-04,6.458635080367e-02,2.704628488420e+02,2.517384948730e+02,0.000000000000e+00,1.098449039842e+00,2.399584213366e+01,5.549301194814e+04,1.090000000000e+02
3.790000000000e+02,1.032510150527e+08,6.760853306636e+04,8.661672974400e+05,4.657335022113e-01,3.074683209431e+02,-1.555264270164e-04,-1.695238054479e-02,0.000000000000e+00,2.239989227790e+01,6.256668060943e+02,0.000000000000e+00,0.000000000000e+00,0.000000000000e+00,0.000000000000e+00,6.282633450717e-04,6.848070461282e-02,2.704285846632e+02,2.516017303467e+02,0.000000000000e+00,1.107099084295e+00,2.239989227790e+01,5.549281233251e+04,1.090000000000e+02
3.800000000000e+02,1.032504053402e+08,6.819836254278e+04,8.700649389253e+05,4.667905336952e-01,3.081538202624e+02,-1.576840721376e-04,-1.718756386300e-02,0.000000000000e+00,1.988233002016e+01,6.097118064393e+02,0.000000000000e+00,0.000000000000e+00,0.000000000000e+00,0.000000000000e+00,4.873050841208e-04,5.311625416917e-02,2.703885108015e+02,2.519206085205e+02,0.000000000000e+00,1.114920976780e+00,1.988233002016e+01,5.549257643631e+04,1.090000000000e+02
3.810000000000e+02,1.032498115714e+08,6.877274453862e+04,8.737417112516e+05,4.676495842341e-01,3.088886913595e+02,-1.499462555655e-04,-1.634414185664e-02,0.000000000000e+00,1.938588909565e+01,5.937678849318e+02,0.000000000000e+00,0.000000000000e+00,0.000000000000e+00,0.000000000000e+00,4.584330800385e-04,4.996920572419e-02,2.703554165889e+02,2.518365478516e+02,0.000000000000e+00,1.121395732562e+00,1.938588909565e+01,5.549237766032e+04,1.090000000000e+02
3.820000000000e+02,1.032492332340e+08,6.933799183585e+04,8.788469991289e+05,4.695815840226e-01,3.094186478282e+02,-1.493851792175e-04,-1.628298453471e-02,0.000000000000e+00,1.309016033056e+01,5.783374575653e+02,0.000000000000e+00,0.000000000000e+00,0.000000000000e+00,0.000000000000e+00,6.962443855865e-04,7.589063802893e-02,2.702537184598e+02,2.510751037598e+02,0.000000000000e+00,1.131424847505e+00,1.309016033056e+01,5.549176892463e+04,1.090000000000e+02
3.830000000000e+02,1.032486672503e+08,6.990217236385e+04,8.840872585580e+05,4.715964239918e-01,3.099396832973e+02,-1.280663074392e-04,-1.395922751088e-02,0.000000000000e+00,1.803048490623e+00,5.659835764908e+02,0.000000000000e+00,0.000000000000e+00,0.000000000000e+00,0.000000000000e+00,7.410766922168e-04,8.077735945163e-02,2.700818757510e+02,2.503266143799e+02,0.000000000000e+00,1.137844796708e+00,1.803048490623e+00,5.549071111714e+04,1.090000000000e+02
3.840000000000e+02,1.032481155732e+08,7.045384950875e+04,8.878820385511e+05,4.726914128917e-01,3.105524367583e+02,-1.224597555193e-04,-1.334811335160e-02,0.000000000000e+00,0.000000000000e+00,5.516771448990e+02,0.000000000000e+00,0.000000000000e+00,0.000000000000e+00,0.000000000000e+00,5.065627860997e-04,5.521534368486e-02,2.699861454550e+02,2.501602478027e+02,0.000000000000e+00,1.147271514994e+00,0.000000000000e+00,5.549009562280e+04,1.090000000000e+02
3.850000000000e+02,1.032475818596e+08,7.098756316055e+04,8.907428733615e+05,4.730736813017e-01,3.113033678188e+02,-1.293780916366e-04,-1.410221198839e-02,0.000000000000e+00,0.000000000000e+00,5.337136517952e+02,0.000000000000e+00,0.000000000000e+00,0.000000000000e+00,0.000000000000e+00,3.445803820314e-04,3.755926164142e-02,2.699317715202e+02,2.511623840332e+02,0.000000000000e+00,1.153484579515e+00,0.000000000000e+00,5.548973055328e+04,1.090000000000e+02
3.860000000000e+02,1.032470654827e+08,7.150394002693e+04,8.942044172511e+05,4.739526938684e-01,3.119359536497e+02,-1.427973533174e-04,-1.556491151160e-02,0.000000000000e+00,0.000000000000e+00,5.163768663855e+02,0.000000000000e+00,0.000000000000e+00,0.000000000000e+00,0.000000000000e+00,4.306567660507e-04,4.694158749953e-02,2.698684601756e+02,2.513104553223e+02,0.000000000000e+00,1.157744888823e+00,0.000000000000e+00,5.548930116579e+04,1.090000000000e+02
3.870000000000e+02,1.032465653871e+08,7.200403564084e+04,8.983507525532e+05,4.752483043916e-01,3.125321023417e+02,-1.136874977192e-04,-1.239193725139e-02,0.000000000000e+00,0.000000000000e+00,5.000956139045e+02,0.000000000000e+00,0.000000000000e+00,0.000000000000e+00,0.000000000000e+00,5.737775374079e-04,6.254175157746e-02,2.697622868554e+02,2.510350799561e+02,0.000000000000e+00,1.164290075339e+00,0.000000000000e+00,5.548858006268e+04,1.090000000000e+02
3.880000000000e+02,1.032460814309e+08,7.248799186462e+04,9.028327387992e+05,4.767341189433e-01,3.131170397745e+02,-1.269527357447e-04,-1.383784819618e-02,0.000000000000e+00,0.000000000000e+00,4.839562237821e+02,0.000000000000e+00,0.000000000000e+00,0.000000000000e+00,0.000000000000e+00,6.162706237480e-04,6.717349798853e-02,2.696454226457e+02,2.509133758545e+02,0.000000000000e+00,1.172285309023e+00,0.000000000000e+00,5.548776823731e+04,1.090000000000e+02
3.890000000000e+02,1.032456125751e+08,7.295684762021e+04,9.079391318529e+05,4.786933580489e-01,3.136060853143e+02,-1.486042309159e-04,-1.619786116984e-02,0.000000000000e+00,0.000000000000e+00,4.688557555878e+02,0.000000000000e+00,0.000000000000e+00,0.000000000000e+00,0.000000000000e+00,6.989691133066e-04,7.618763335042e-02,2.694745404146e+02,2.503815002441e+02,0.000000000000e+00,1.175910047339e+00,0.000000000000e+00,5.548655459957e+04,1.090000000000e+02
3.900000000000e+02,1.032451575275e+08,7.341189518579e+04,9.120463868111e+05,4.797390680460e-01,3.143469356099e+02,-1.422763976383e-04,-1.550812734257e-02,0.000000000000e+00,0.000000000000e+00,4.550475655823e+02,0.000000000000e+00,0.000000000000e+00,0.000000000000e+00,0.000000000000e+00,5.410779490299e-04,5.897749644426e-02,2.692621960434e+02,2.495313720703e+02,0.000000000000e+00,1.180377928581e+00,0.000000000000e+00,5.548499240571e+04,1.090000000000e+02
3.910000000000e+02,1.032447179314e+08,7.385149134485e+04,9.153903635091e+05,4.803981573550e-01,3.150740861604e+02,-1.547570004549e-04,-1.686851304959e-02,0.000000000000e+00,0.000000000000e+00,4.395961590646e+02,0.000000000000e+00,0.000000000000e+00,0.000000000000e+00,0.000000000000e+00,4.017459994450e-04,4.379031393951e-02,2.690910076201e+02,2.494858703613e+02,0.000000000000e+00,1.184618633546e+00,0.000000000000e+00,5.548367934852e+04,1.090000000000e+02
3.920000000000e+02,1.032442965351e+08,7.427288761226e+04,9.186412626343e+05,4.810559624362e-01,3.157660821895e+02,-1.511369932583e-04,-1.647393226516e-02,0.000000000000e+00,0.000000000000e+00,4.213962674123e+02,0.000000000000e+00,0.000000000000e+00,0.000000000000e+00,0.000000000000e+00,3.890076927582e-04,4.240183851064e-02,2.689715038942e+02,2.502594757080e+02,0.000000000000e+00,1.190033279892e+00,0.000000000000e+00,5.548272907631e+04,1.090000000000e+02
3.930000000000e+02,1.032438929758e+08,7.467644688953e+04,9.221507451599e+05,4.819288604306e-01,3.164059536974e+02,-1.291895464303e-04,-1.408166056090e-02,0.000000000000e+00,0.000000000000e+00,4.035592772680e+02,0.000000000000e+00,0.000000000000e+00,0.000000000000e+00,0.000000000000e+00,4.548134482481e-04,4.957466585904e-02,2.688056210674e+02,2.504782257080e+02,0.000000000000e+00,1.193489059505e+00,0.000000000000e+00,5.548138567305e+04,1.090000000000e+02
3.940000000000e+02,1.032435052702e+08,7.506415248629e+04,9.260275821040e+05,4.830562791271e-01,3.170050728508e+02,-1.208277301197e-04,-1.317022258304e-02,0.000000000000e+00,0.000000000000e+00,3.877055967622e+02,0.000000000000e+00,0.000000000000e+00,0.000000000000e+00,0.000000000000e+00,5.253015856523e-04,5.725787283610e-02,2.685859056957e+02,2.498409729004e+02,0.000000000000e+00,1.195924162629e+00,0.000000000000e+00,5.547955292617e+04,1.090000000000e+02
3.950000000000e+02,1.032431358333e+08,7.543358940458e+04,9.307832264336e+05,4.848234375342e-01,3.174770678289e+02,-1.509220097236e-04,-1.645049905987e-02,0.000000000000e+00,0.000000000000e+00,3.694369182867e+02,0.000000000000e+00,0.000000000000e+00,0.000000000000e+00,0.000000000000e+00,6.381096944727e-04,6.955395669753e-02,2.684772052116e+02,2.503921813965e+02,0.000000000000e+00,1.198732403168e+00,0.000000000000e+00,5.547860922353e+04,1.090000000000e+02
3.960000000000e+02,1.032430098431e+08,7.555957957666e+04,9.352483588904e+05,4.858684122956e-01,3.183242615237e+02,-1.576868165574e-04,-1.718786300475e-02,0.000000000000e+00,0.000000000000e+00,1.259901720795e+02,0.000000000000e+00,0.000000000000e+00,0.000000000000e+00,0.000000000000e+00,5.856917315920e-04,6.384039874353e-02,2.682833980220e+02,2.503721160889e+02,0.000000000000e+00,1.196261592983e+00,0.000000000000e+00,5.547681893035e+04,1.090000000000e+02
3.970000000000e+02,1.032426749606e+08,7.589446207169e+04,9.393920628223e+05,4.870612369311e-01,3.189545727791e+02,-1.748939181096e-04,-1.906343707394e-02,0.000000000000e+00,0.000000000000e+00,3.348824950251e+02,0.000000000000e+00,0.000000000000e+00,0.000000000000e+00,0.000000000000e+00,5.118101105213e-04,5.578730204682e-02,2.682209739524e+02,2.512306823730e+02,0.000000000000e+00,1.198473505448e+00,0.000000000000e+00,5.547630104425e+04,1.090000000000e+02
3.980000000000e+02,1.032423179400e+08,7.625148274531e+04,9.445175436182e+05,4.890864911526e-01,3.193666033211e+02,-2.069902253246e-04,-2.256193456038e-02,0.000000000000e+00,0.000000000000e+00,3.570206736288e+02,0.000000000000e+00,0.000000000000e+00,0.000000000000e+00,0.000000000000e+00,6.404918180361e-04,6.981360816594e-02,2.682265289010e+02,2.528276824951e+02,0.000000000000e+00,1.200328719016e+00,0.000000000000e+00,5.547634973031e+04,1.090000000000e+02
3.990000000000e+02,1.032419949621e+08,7.657446064758e+04,9.502862587356e+05,4.914691365084e-01,3.197625981578e+02,-1.923045294518e-04,-2.096119371024e-02,0.000000000000e+00,0.000000000000e+00,3.229779022660e+02,0.000000000000e+00,0.000000000000e+00,0.000000000000e+00,0.000000000000e+00,7.632515190994e-04,8.319441558184e-02,2.681662237730e+02,2.528637695313e+02,0.000000000000e+00,1.201125799812e+00,0.000000000000e+00,5.547579806947e+04,1.090000000000e+02
4.000000000000e+02,1.032416939328e+08,7.687548988286e+04,9.558011886615e+05,4.935943719605e-01,3.202398794556e+02,-1.474956033703e-04,-1.607702076736e-02,0.000000000000e+00,0.000000000000e+00,3.010292352834e+02,0.000000000000e+00,0.000000000000e+00,0.000000000000e+00,0.000000000000e+00,7.676577146218e-04,8.367469089378e-02,2.680472480891e+02,2.530167694092e+02,0.000000000000e+00,1.201561868501e+00,0.000000000000e+00,5.547470326142e+04,1.090000000000e+02
4.010000000000e+02,1.032414119894e+08,7.715743329851e+04,9.614707999037e+05,4.958520380715e-01,3.206758435560e+02,-1.346078835337e-04,-1.467225930517e-02,0.000000000000e+00,0.000000000000e+00,2.819434156455e+02,0.000000000000e+00,0.000000000000e+00,0.000000000000e+00,0.000000000000e+00,8.045599799620e-04,8.769703781586e-02,2.679900536058e+02,2.537395019531e+02,0.000000000000e+00,1.203898590701e+00,0.000000000000e+00,5.547416746397e+04,1.090000000000e+02
4.020000000000e+02,1.032411479316e+08,7.742149110527e+04,9.672608203827e+05,4.981399098659e-01,3.211286773114e+02,-1.484270728440e-04,-1.617855094000e-02,0.000000000000e+00,0.000000000000e+00,2.640578067623e+02,0.000000000000e+00,0.000000000000e+00,0.000000000000e+00,0.000000000000e+00,8.108114531797e-04,8.837844839659e-02,2.679282795307e+02,2.539246063232e+02,0.000000000000e+00,1.204666152755e+00,0.000000000000e+00,5.547358323893e+04,1.090000000000e+02
4.030000000000e+02,1.032409000300e+08,7.766939267425e+04,9.732972153182e+05,5.008104379749e-01,3.214134164018e+02,-1.544277280028e-04,-1.683262235230e-02,0.000000000000e+00,0.000000000000e+00,2.479015689769e+02,0.000000000000e+00,0.000000000000e+00,0.000000000000e+00,0.000000000000e+00,8.457554258892e-04,9.218734142192e-02,2.678605075974e+02,2.538435516357e+02,0.000000000000e+00,1.204559640104e+00,0.000000000000e+00,5.547293786750e+04,1.090000000000e+02
4.040000000000e+02,1.032406659411e+08,7.790348162849e+04,9.797581402303e+05,5.034528348395e-01,3.218542984004e+02,-1.372121385772e-04,-1.495612310491e-02,0.000000000000e+00,0.000000000000e+00,2.340889542428e+02,0.000000000000e+00,0.000000000000e+00,0.000000000000e+00,0.000000000000e+00,9.340521173104e-04,1.018116807868e-01,2.677633530492e+02,2.538814697266e+02,0.000000000000e+00,1.204977469735e+00,0.000000000000e+00,5.547200268298e+04,1.090000000000e+02
4.050000000000e+02,1.032404423923e+08,7.812703036752e+04,9.856033732739e+05,5.057386428186e-01,3.223221784118e+02,-1.269744193993e-04,-1.384021171452e-02,0.000000000000e+00,0.000000000000e+00,2.235487390233e+02,0.000000000000e+00,0.000000000000e+00,0.000000000000e+00,0.000000000000e+00,8.453468598576e-04,9.214280772448e-02,2.675696668829e+02,2.527250061035e+02,0.000000000000e+00,1.206635521832e+00,0.000000000000e+00,5.547009838678e+04,1.090000000000e+02
4.060000000000e+02,1.032402279753e+08,7.834144737516e+04,9.910093638257e+05,5.077888941390e-01,3.227921369974e+02,-1.334711199715e-04,-1.454835207689e-02,0.000000000000e+00,0.000000000000e+00,2.144170076415e+02,0.000000000000e+00,0.000000000000e+00,0.000000000000e+00,0.000000000000e+00,7.660094636200e-04,8.349503153458e-02,2.673899638507e+02,2.526265106201e+02,0.000000000000e+00,1.207351039611e+00,0.000000000000e+00,5.546828131380e+04,1.090000000000e+02
4.070000000000e+02,1.032400231940e+08,7.854622868426e+04,9.963227726296e+05,5.097753506397e-01,3.232662711767e+02,-1.413956603672e-04,-1.541212698002e-02,0.000000000000e+00,0.000000000000e+00,2.047813090987e+02,0.000000000000e+00,0.000000000000e+00,0.000000000000e+00,0.000000000000e+00,7.415174570274e-04,8.082540281599e-02,2.672571990967e+02,2.530519561768e+02,0.000000000000e+00,1.208753055597e+00,0.000000000000e+00,5.546690573148e+04,1.090000000000e+02
4.080000000000e+02,1.032398273992e+08,7.874202345312e+04,1.002911992506e+06,5.126928242978e-01,3.235618845047e+02,-1.272588185232e-04,-1.387121121903e-02,0.000000000000e+00,0.000000000000e+00,1.957947688658e+02,0.000000000000e+00,0.000000000000e+00,0.000000000000e+00,0.000000000000e+00,9.674213957384e-04,1.054489321355e-01,2.671053527404e+02,2.524792022705e+02,0.000000000000e+00,1.208076465697e+00,0.000000000000e+00,5.546529772168e+04,1.090000000000e+02
4.090000000000e+02,1.032396402790e+08,7.892914367583e+04,1.008288738870e+06,5.145668494024e-01,3.241188634493e+02,-1.374691385726e-04,-1.498413610441e-02,0.000000000000e+00,0.000000000000e+00,1.871202227098e+02,0.000000000000e+00,0.000000000000e+00,0.000000000000e+00,0.000000000000e+00,7.554953159009e-04,8.234898943320e-02,2.669938863999e+02,2.520738525391e+02,0.000000000000e+00,1.208880187112e+00,0.000000000000e+00,5.546409567707e+04,1.090000000000e+02
4.100000000000e+02,1.032394612829e+08,7.910813981421e+04,1.012300063482e+06,5.156699619435e-01,3.247207152007e+02,-1.523963159095e-04,-1.661119843413e-02,0.000000000000e+00,0.000000000000e+00,1.789961383819e+02,0.000000000000e+00,0.000000000000e+00,0.000000000000e+00,0.000000000000e+00,5.154998809256e-04,5.618948702089e-02,2.668618541815e+02,2.520551757812e+02,0.000000000000e+00,1.209907964890e+00,0.000000000000e+00,5.546264505962e+04,1.090000000000e+02
4.110000000000e+02,1.032392896350e+08,7.927978767240e+04,1.016987909562e+06,5.173274938363e-01,3.251879506023e+02,-1.502729279378e-04,-1.637974914522e-02,0.000000000000e+00,0.000000000000e+00,1.716478581878e+02,0.000000000000e+00,0.000000000000e+00,0.000000000000e+00,0.000000000000e+00,6.296752385684e-04,6.863460100396e-02,2.667289862924e+02,2.516903991699e+02,0.000000000000e+00,1.210340122748e+00,0.000000000000e+00,5.546115871930e+04,1.090000000000e+02
4.120000000000e+02,1.032391242664e+08,7.944515625692e+04,1.020773397605e+06,5.182328560621e-01,3.258402158651e+02,-1.319247489163e-04,-1.437979763187e-02,0.000000000000e+00,0.000000000000e+00,1.653685845217e+02,0.000000000000e+00,0.000000000000e+00,0.000000000000e+00,0.000000000000e+00,5.005121931592e-04,5.455582905435e-02,2.665497242519e+02,2.509975128174e+02,0.000000000000e+00,1.209221376815e+00,0.000000000000e+00,5.545910845670e+04,1.090000000000e+02
4.130000000000e+02,1.032389653664e+08,7.960405626135e+04,1.024057436235e+06,5.189247903828e-01,3.264596661029e+02,-1.347255064328e-04,-1.468508020118e-02,0.000000000000e+00,0.000000000000e+00,1.589000044260e+02,0.000000000000e+00,0.000000000000e+00,0.000000000000e+00,0.000000000000e+00,4.121805742342e-04,4.492768259153e-02,2.664471885708e+02,2.515601043701e+02,0.000000000000e+00,1.208186768696e+00,0.000000000000e+00,5.545791588344e+04,1.090000000000e+02
4.140000000000e+02,1.032388141806e+08,7.975524209224e+04,1.028465262853e+06,5.202718316592e-01,3.270169261519e+02,-1.410820373340e-04,-1.537794206941e-02,0.000000000000e+00,0.000000000000e+00,1.511858308875e+02,0.000000000000e+00,0.000000000000e+00,0.000000000000e+00,0.000000000000e+00,5.885979673985e-04,6.415717844644e-02,2.664331331293e+02,2.528369598389e+02,0.000000000000e+00,1.208464546474e+00,0.000000000000e+00,5.545775287613e+04,1.090000000000e+02
4.150000000000e+02,1.032387856967e+08,7.978372600125e+04,1.033513968395e+06,5.220015983206e-01,3.275456921319e+02,-1.437535059975e-04,-1.566913215373e-02,0.000000000000e+00,0.000000000000e+00,2.848390901501e+01,0.000000000000e+00,0.000000000000e+00,0.000000000000e+00,0.000000000000e+00,6.979261101280e-04,7.607394600395e-02,2.662638094964e+02,2.511847381592e+02,0.000000000000e+00,1.205634084668e+00,0.000000000000e+00,5.545565329777e+04,1.090000000000e+02
4.160000000000e+02,1.032388058040e+08,7.976361864460e+04,1.037378615469e+06,5.231011260896e-01,3.280964483846e+02,-1.222537825533e-04,-1.332566229831e-02,0.000000000000e+00,0.000000000000e+00,-2.010735665228e+01,0.000000000000e+00,0.000000000000e+00,0.000000000000e+00,0.000000000000e+00,5.259920460233e-04,5.733313301654e-02,2.660320833072e+02,2.503520812988e+02,0.000000000000e+00,1.204800751335e+00,0.000000000000e+00,5.545278028307e+04,1.090000000000e+02
4.170000000000e+02,1.032385996333e+08,7.996978940423e+04,1.040955771832e+06,5.239804613853e-01,3.286855503184e+02,-9.691284705915e-05,-1.056350032945e-02,0.000000000000e+00,0.000000000000e+00,2.061707596311e+02,0.000000000000e+00,0.000000000000e+00,0.000000000000e+00,0.000000000000e+00,5.002707821653e-04,5.452951525601e-02,2.658870409965e+02,2.515233459473e+02,0.000000000000e+00,1.208041492075e+00,0.000000000000e+00,5.545105373237e+04,1.090000000000e+02
4.180000000000e+02,1.032384329671e+08,8.013645555874e+04,1.045157111678e+06,5.253122373220e-01,3.291783248340e+02,-8.891370809027e-05,-9.691594181839e-03,0.000000000000e+00,0.000000000000e+00,1.666661545066e+02,0.000000000000e+00,0.000000000000e+00,0.000000000000e+00,0.000000000000e+00,6.076813171662e-04,6.623726357111e-02,2.658475835394e+02,2.524405059814e+02,0.000000000000e+00,1.208390355854e+00,0.000000000000e+00,5.545057687182e+04,1.090000000000e+02
4.190000000000e+02,1.032382811361e+08,8.028828655328e+04,1.050205152516e+06,5.271449978524e-01,3.296177722642e+02,-1.104069588640e-04,-1.203435851617e-02,0.000000000000e+00,0.000000000000e+00,1.518309945413e+02,0.000000000000e+00,0.000000000000e+00,0.000000000000e+00,0.000000000000e+00,7.245499990578e-04,7.897594989730e-02,2.658526528890e+02,2.527494659424e+02,0.000000000000e+00,1.209131096595e+00,0.000000000000e+00,5.545065447682e+04,1.090000000000e+02
4.200000000000e+02,1.032381400407e+08,8.042938198693e+04,1.055640883866e+06,5.291676860453e-01,3.300556894837e+02,-1.222572306513e-04,-1.332603814099e-02,0.000000000000e+00,0.000000000000e+00,1.410954336489e+02,0.000000000000e+00,0.000000000000e+00,0.000000000000e+00,0.000000000000e+00,7.761878865840e-04,8.460447963766e-02,2.658743249638e+02,2.531639709473e+02,0.000000000000e+00,1.208996818827e+00,0.000000000000e+00,5.545093930576e+04,1.090000000000e+02
4.210000000000e+02,1.032380076391e+08,8.056178352677e+04,1.061207411402e+06,5.312992422268e-01,3.304644892497e+02,-1.324159474560e-04,-1.443333827271e-02,0.000000000000e+00,0.000000000000e+00,1.324015398483e+02,0.000000000000e+00,0.000000000000e+00,0.000000000000e+00,0.000000000000e+00,7.883112203951e-04,8.592592302307e-02,2.658799996473e+02,2.537136688232e+02,0.000000000000e+00,1.207890188860e+00,0.000000000000e+00,5.545101867856e+04,1.090000000000e+02
4.220000000000e+02,1.032378814980e+08,8.068792461753e+04,1.066542156760e+06,5.332776680226e-01,3.309043437755e+02,-1.174663311630e-04,-1.280383009677e-02,0.000000000000e+00,0.000000000000e+00,1.261410907561e+02,0.000000000000e+00,0.000000000000e+00,0.000000000000e+00,0.000000000000e+00,7.708965446708e-04,8.402772336912e-02,2.657387714124e+02,2.519697570801e+02,0.000000000000e+00,1.207405038626e+00,0.000000000000e+00,5.544921765678e+04,1.090000000000e+02
4.230000000000e+02,1.032377600626e+08,8.080936000916e+04,1.072406488956e+06,5.356296063005e-01,3.312698810736e+02,-1.165261939735e-04,-1.270135514311e-02,0.000000000000e+00,0.000000000000e+00,1.214353916306e+02,0.000000000000e+00,0.000000000000e+00,0.000000000000e+00,0.000000000000e+00,8.575324446021e-04,9.347103646163e-02,2.656466599399e+02,2.524085693359e+02,0.000000000000e+00,1.207169739707e+00,0.000000000000e+00,5.544803732928e+04,1.090000000000e+02
4.240000000000e+02,1.032376438623e+08,8.092556038494e+04,1.078304619684e+06,5.379306671974e-01,3.316691101984e+02,-1.261657282711e-04,-1.375206438155e-02,0.000000000000e+00,0.000000000000e+00,1.162003757747e+02,0.000000000000e+00,0.000000000000e+00,0.000000000000e+00,0.000000000000e+00,8.508634452294e-04,9.274411553000e-02,2.656186680841e+02,2.533397979736e+02,0.000000000000e+00,1.206827968681e+00,0.000000000000e+00,5.544768426125e+04,1.090000000000e+02
4.250000000000e+02,1.032375326049e+08,8.103681775351e+04,1.083012838525e+06,5.395186567877e-01,3.321410004996e+02,-9.809207224783e-05,-1.069203587501e-02,0.000000000000e+00,0.000000000000e+00,1.112573685699e+02,0.000000000000e+00,0.000000000000e+00,0.000000000000e+00,0.000000000000e+00,6.831858503396e-04,7.446725768701e-02,2.655647326630e+02,2.535629119873e+02,0.000000000000e+00,1.205511382894e+00,0.000000000000e+00,5.544698459045e+04,1.090000000000e+02
4.260000000000e+02,1.032374255430e+08,8.114387967220e+04,1.087277725026e+06,5.408015932672e-01,3.326625809914e+02,-8.041201501856e-05,-8.764909637023e-03,0.000000000000e+00,0.000000000000e+00,1.070619186895e+02,0.000000000000e+00,0.000000000000e+00,0.000000000000e+00,0.000000000000e+00,6.277753231732e-04,6.842751022587e-02,2.655053360346e+02,2.533247375488e+02,0.000000000000e+00,1.204365049155e+00,0.000000000000e+00,5.544621037442e+04,1.090000000000e+02
4.270000000000e+02,1.032373222620e+08,8.124716064960e+04,1.091616317103e+06,5.421511353415e-01,3.331631791917e+02,-7.931961911853e-05,-8.645838483920e-03,0.000000000000e+00,0.000000000000e+00,1.032809774022e+02,0.000000000000e+00,0.000000000000e+00,0.000000000000e+00,0.000000000000e+00,6.410222200386e-04,6.987142198421e-02,2.654477218331e+02,2.534742431641e+02,0.000000000000e+00,1.204642826933e+00,0.000000000000e+00,5.544545482117e+04,1.090000000000e+02
4.280000000000e+02,1.032372223637e+08,8.134705895031e+04,1.095523267821e+06,5.432135941823e-01,3.337083856431e+02,-6.379449495624e-05,-6.953599950230e-03,0.000000000000e+00,0.000000000000e+00,9.989830071297e+01,0.000000000000e+00,0.000000000000e+00,0.000000000000e+00,0.000000000000e+00,5.863394849671e-04,6.391100386141e-02,2.653635136002e+02,2.537136230469e+02,0.000000000000e+00,1.204250949971e+00,0.000000000000e+00,5.544433347332e+04,1.090000000000e+02
4.290000000000e+02,1.032371259750e+08,8.144344766372e+04,1.099411646224e+06,5.442840012265e-01,3.342342923492e+02,-5.987680545441e-05,-6.526571794531e-03,0.000000000000e+00,0.000000000000e+00,9.638871341132e+01,0.000000000000e+00,0.000000000000e+00,0.000000000000e+00,0.000000000000e+00,5.835680377162e-04,6.360891611106e-02,2.653614320344e+02,2.548011016846e+02,0.000000000000e+00,1.204436135156e+00,0.000000000000e+00,5.544432157633e+04,1.090000000000e+02
4.300000000000e+02,1.032370330218e+08,8.153640085775e+04,1.103902514932e+06,5.457538429293e-01,3.346999405075e+02,-7.020441075086e-05,-7.652280771844e-03,0.000000000000e+00,0.000000000000e+00,9.295319402718e+01,0.000000000000e+00,0.000000000000e+00,0.000000000000e+00,0.000000000000e+00,6.751944864922e-04,7.359619902765e-02,2.653092950314e+02,2.546492462158e+02,0.000000000000e+00,1.204528727749e+00,0.000000000000e+00,5.544362381775e+04,1.090000000000e+02
4.310000000000e+02,1.032371703991e+08,8.139902352773e+04,1.107296471343e+06,5.464416801328e-01,3.353170021626e+02,-5.697180998373e-05,-6.209927288227e-03,0.000000000000e+00,0.000000000000e+00,-1.373773300220e+02,0.000000000000e+00,0.000000000000e+00,0.000000000000e+00,0.000000000000e+00,5.104339816490e-04,5.563730399974e-02,2.651909098681e+02,2.534848632813e+02,0.000000000000e+00,1.199806505527e+00,0.000000000000e+00,5.544186865114e+04,1.090000000000e+02
4.320000000000e+02,1.032370881007e+08,8.148132193555e+04,1.110520306044e+06,5.470781250753e-01,3.359096567895e+02,-4.423884413171e-05,-4.822034010356e-03,0.000000000000e+00,0.000000000000e+00,8.229840782746e+01,0.000000000000e+00,0.000000000000e+00,0.000000000000e+00,0.000000000000e+00,4.933991986450e-04,5.378051265230e-02,2.650932886026e+02,2.530272521973e+02,0.000000000000e+00,1.201936135156e+00,0.000000000000e+00,5.544061158410e+04,1.090000000000e+02
4.330000000000e+02,1.032369610990e+08,8.160832364076e+04,1.114936465255e+06,5.485663775857e-01,3.363367697371e+02,-6.472945441709e-05,-7.055510531462e-03,0.000000000000e+00,0.000000000000e+00,1.270017052039e+02,0.000000000000e+00,0.000000000000e+00,0.000000000000e+00,0.000000000000e+00,6.694878193052e-04,7.297417230426e-02,2.650164182266e+02,2.532356414795e+02,0.000000000000e+00,1.203510209230e+00,0.000000000000e+00,5.543958122382e+04,1.090000000000e+02
4.340000000000e+02,1.032368496619e+08,8.171976073948e+04,1.118801872954e+06,5.495973662871e-01,3.368720151402e+02,-8.013336585210e-05,-8.734536877879e-03,0.000000000000e+00,0.000000000000e+00,1.114370987204e+02,0.000000000000e+00,0.000000000000e+00,0.000000000000e+00,0.000000000000e+00,5.607943714926e-04,6.112658649270e-02,2.649873315180e+02,2.536759490967e+02,0.000000000000e+00,1.202894144717e+00,0.000000000000e+00,5.543920181489e+04,1.090000000000e+02
4.350000000000e+02,1.032367465523e+08,8.182287039158e+04,1.122108905156e+06,5.503452323892e-01,3.374109027869e+02,-9.317182359387e-05,-1.015572877173e-02,0.000000000000e+00,0.000000000000e+00,1.031096521037e+02,0.000000000000e+00,0.000000000000e+00,0.000000000000e+00,0.000000000000e+00,4.553365850880e-04,4.963168777459e-02,2.649595467370e+02,2.542370605469e+02,0.000000000000e+00,1.203264515087e+00,0.000000000000e+00,5.543882995909e+04,1.090000000000e+02
4.360000000000e+02,1.032366489992e+08,8.192042341590e+04,1.125302175940e+06,5.510481636232e-01,3.379441339871e+02,-8.678696156868e-05,-9.459778810986e-03,0.000000000000e+00,0.000000000000e+00,9.755302431471e+01,0.000000000000e+00,0.000000000000e+00,0.000000000000e+00,0.000000000000e+00,4.442242484133e-04,4.842044307705e-02,2.649044909197e+02,2.541549987793e+02,0.000000000000e+00,1.204005255828e+00,0.000000000000e+00,5.543806482435e+04,1.090000000000e+02
4.370000000000e+02,1.032365556606e+08,8.201376209133e+04,1.128919424098e+06,5.520102520133e-01,3.384439573912e+02,-7.033442006139e-05,-7.666451786691e-03,0.000000000000e+00,0.000000000000e+00,9.333867543654e+01,0.000000000000e+00,0.000000000000e+00,0.000000000000e+00,0.000000000000e+00,5.307049759214e-04,5.784684237543e-02,2.648527744988e+02,2.539223632813e+02,0.000000000000e+00,1.203489336830e+00,0.000000000000e+00,5.543734460040e+04,1.090000000000e+02
4.380000000000e+02,1.032364659046e+08,8.210351810895e+04,1.132249522788e+06,5.526792855099e-01,3.390352674691e+02,-5.335592216869e-05,-5.815795516388e-03,0.000000000000e+00,0.000000000000e+00,8.975601762003e+01,0.000000000000e+00,0.000000000000e+00,0.000000000000e+00,0.000000000000e+00,4.998781031547e-04,5.448671324387e-02,2.648074933056e+02,2.538805236816e+02,0.000000000000e+00,1.202324683309e+00,0.000000000000e+00,5.543671298332e+04,1.090000000000e+02
4.390000000000e+02,1.032363791140e+08,8.219030865407e+04,1.134859366504e+06,5.529278190096e-01,3.396718793981e+02,-3.675587612447e-05,-4.006390497568e-03,0.000000000000e+00,0.000000000000e+00,8.679054511992e+01,0.000000000000e+00,0.000000000000e+00,0.000000000000e+00,0.000000000000e+00,3.995042354557e-04,4.354596166467e-02,2.647177566896e+02,2.531322937012e+02,0.000000000000e+00,1.202602461087e+00,0.000000000000e+00,5.543542892530e+04,1.090000000000e+02
4.400000000000e+02,1.032362949618e+08,8.227446092035e+04,1.138906216848e+06,5.541690060833e-01,3.401214387497e+02,-4.941928600593e-05,-5.386702174647e-03,0.000000000000e+00,0.000000000000e+00,8.415226627793e+01,0.000000000000e+00,0.000000000000e+00,0.000000000000e+00,0.000000000000e+00,6.213068024360e-04,6.772244146552e-02,2.646961204564e+02,2.538346862793e+02,0.000000000000e+00,1.200086406464e+00,0.000000000000e+00,5.543513749323e+04,1.090000000000e+02
4.410000000000e+02,1.032362135576e+08,8.235586505219e+04,1.142795022480e+06,5.552078979072e-01,3.406472615244e+02,-6.211303103181e-05,-6.770320382467e-03,0.000000000000e+00,0.000000000000e+00,8.140413183825e+01,0.000000000000e+00,0.000000000000e+00,0.000000000000e+00,0.000000000000e+00,5.831751386801e-04,6.356609011613e-02,2.646608247770e+02,2.539913330078e+02,0.000000000000e+00,1.199795383546e+00,0.000000000000e+00,5.543463788423e+04,1.090000000000e+02
4.420000000000e+02,1.032361345429e+08,8.243487973337e+04,1.146447834880e+06,5.561883862673e-01,3.411397063236e+02,-6.338063987658e-05,-6.908489746547e-03,0.000000000000e+00,0.000000000000e+00,7.901468117625e+01,0.000000000000e+00,0.000000000000e+00,0.000000000000e+00,0.000000000000e+00,5.445101603456e-04,5.935160747767e-02,2.645931210382e+02,2.537506408691e+02,0.000000000000e+00,1.199887976139e+00,0.000000000000e+00,5.543365714586e+04,1.090000000000e+02
4.430000000000e+02,1.032360576005e+08,8.251182215117e+04,1.150122126078e+06,5.572118845411e-01,3.416107938940e+02,-6.991793725404e-05,-7.621055160690e-03,0.000000000000e+00,0.000000000000e+00,7.694241780462e+01,0.000000000000e+00,0.000000000000e+00,0.000000000000e+00,0.000000000000e+00,5.417332412488e-04,5.904892329612e-02,2.645221667041e+02,2.531352996826e+02,0.000000000000e+00,1.200073161324e+00,0.000000000000e+00,5.543262333327e+04,1.090000000000e+02
4.440000000000e+02,1.032359828360e+08,8.258658664901e+04,1.153261203923e+06,5.578147959954e-01,3.421687171640e+02,-4.669090330017e-05,-5.089308459718e-03,0.000000000000e+00,0.000000000000e+00,7.476449783729e+01,0.000000000000e+00,0.000000000000e+00,0.000000000000e+00,0.000000000000e+00,4.704868931982e-04,5.128307135860e-02,2.645662945832e+02,2.549983367920e+02,0.000000000000e+00,1.200073161324e+00,0.000000000000e+00,5.543330617135e+04,1.090000000000e+02
4.450000000000e+02,1.032359104867e+08,8.265893592421e+04,1.156564103087e+06,5.585617468079e-01,3.426831014183e+02,-4.616440486599e-05,-5.031920130393e-03,0.000000000000e+00,0.000000000000e+00,7.234927519993e+01,0.000000000000e+00,0.000000000000e+00,0.000000000000e+00,0.000000000000e+00,4.967326869026e-04,5.414386287238e-02,2.646382961031e+02,2.559228820801e+02,0.000000000000e+00,1.198672237307e+00,0.000000000000e+00,5.543438843088e+04,1.090000000000e+02
4.460000000000e+02,1.032358403147e+08,8.272910797270e+04,1.159758035821e+06,5.592095589846e-01,3.432288936298e+02,-4.855794167254e-05,-5.292815642307e-03,0.000000000000e+00,0.000000000000e+00,7.017204849570e+01,0.000000000000e+00,0.000000000000e+00,0.000000000000e+00,0.000000000000e+00,4.786459658016e-04,5.217241027238e-02,2.646645775148e+02,2.558812561035e+02,0.000000000000e+00,1.196935000814e+00,0.000000000000e+00,5.543478878873e+04,1.090000000000e+02
4.470000000000e+02,1.032357721300e+08,8.279729268776e+04,1.162963834402e+06,5.598927464475e-01,3.437517284820e+02,-3.180822446015e-05,-3.467096466157e-03,0.000000000000e+00,0.000000000000e+00,6.818471505660e+01,0.000000000000e+00,0.000000000000e+00,0.000000000000e+00,0.000000000000e+00,4.954109542921e-04,5.399979401784e-02,2.647289590436e+02,2.567831115723e+02,0.000000000000e+00,1.196300693273e+00,0.000000000000e+00,5.543574804148e+04,1.090000000000e+02
4.480000000000e+02,1.032357057047e+08,8.286371799614e+04,1.167105399301e+06,5.612019971658e-01,3.441711921719e+02,-1.984953975242e-05,-2.163599833014e-03,0.000000000000e+00,0.000000000000e+00,6.642530838331e+01,0.000000000000e+00,0.000000000000e+00,0.000000000000e+00,0.000000000000e+00,6.656098518175e-04,7.255147384810e-02,2.647269825719e+02,2.560948791504e+02,0.000000000000e+00,1.196013410270e+00,0.000000000000e+00,5.543573284891e+04,1.090000000000e+02
4.490000000000e+02,1.032356405131e+08,8.292890956907e+04,1.171784859559e+06,5.628028246317e-01,3.445775543665e+02,-2.827913756789e-05,-3.082425994900e-03,0.000000000000e+00,0.000000000000e+00,6.519157292593e+01,0.000000000000e+00,0.000000000000e+00,0.000000000000e+00,0.000000000000e+00,7.513805201365e-04,8.190047669488e-02,2.646238525825e+02,2.543579406738e+02,0.000000000000e+00,1.196856248829e+00,0.000000000000e+00,5.543423760420e+04,1.090000000000e+02
4.500000000000e+02,1.032355763517e+08,8.299307090960e+04,1.176630545649e+06,5.645063440823e-01,3.449667934287e+02,-2.878222485479e-05,-3.137262509172e-03,0.000000000000e+00,0.000000000000e+00,6.416134053010e+01,0.000000000000e+00,0.000000000000e+00,0.000000000000e+00,0.000000000000e+00,7.779396430272e-04,8.479542108997e-02,2.645307697557e+02,2.539071044922e+02,0.000000000000e+00,1.197041434014e+00,0.000000000000e+00,5.543288197067e+04,1.090000000000e+02
4.510000000000e+02,1.032355134244e+08,8.305599829454e+04,1.180251404234e+06,5.653670135866e-01,3.455028936758e+02,-5.190935760243e-06,-5.658119978665e-04,0.000000000000e+00,0.000000000000e+00,6.292738493858e+01,0.000000000000e+00,0.000000000000e+00,0.000000000000e+00,0.000000000000e+00,5.948047202010e-04,6.483371450191e-02,2.645151519534e+02,2.550620422363e+02,0.000000000000e+00,1.197041434014e+00,0.000000000000e+00,5.543267425994e+04,1.090000000000e+02
4.520000000000e+02,1.032354518470e+08,8.311757569542e+04,1.183664131352e+06,5.661970076275e-01,3.459902153434e+02,-6.343481411468e-06,-6.914394738500e-04,0.000000000000e+00,0.000000000000e+00,6.157740087966e+01,0.000000000000e+00,0.000000000000e+00,0.000000000000e+00,0.000000000000e+00,5.563408937087e-04,6.064115741425e-02,2.645542417426e+02,2.561318969727e+02,0.000000000000e+00,1.196948841422e+00,0.000000000000e+00,5.543327801307e+04,1.090000000000e+02
4.530000000000e+02,1.032355625508e+08,8.300687181440e+04,1.187287060439e+06,5.670530735685e-01,3.465219767538e+02,-2.551942676047e-05,-2.781617516891e-03,0.000000000000e+00,0.000000000000e+00,-1.107038810180e+02,0.000000000000e+00,0.000000000000e+00,0.000000000000e+00,0.000000000000e+00,5.722063075032e-04,6.237048751785e-02,2.645947233461e+02,2.568470153809e+02,0.000000000000e+00,1.192402299159e+00,0.000000000000e+00,5.543380696773e+04,1.090000000000e+02
4.540000000000e+02,1.032355949447e+08,8.297447797669e+04,1.190918615794e+06,5.680026817482e-01,3.469964311442e+02,-2.725953316947e-05,-2.971289115472e-03,0.000000000000e+00,0.000000000000e+00,-3.239383770843e+01,0.000000000000e+00,0.000000000000e+00,0.000000000000e+00,0.000000000000e+00,5.712905358973e-04,6.227066841280e-02,2.646426550914e+02,2.572004699707e+02,0.000000000000e+00,1.190935608578e+00,0.000000000000e+00,5.543450250035e+04,1.090000000000e+02
4.550000000000e+02,1.032354865919e+08,8.308283076021e+04,1.194699370679e+06,5.690370128958e-01,3.474590122125e+02,-1.798182108326e-05,-1.960018498076e-03,0.000000000000e+00,0.000000000000e+00,1.083527835227e+02,0.000000000000e+00,0.000000000000e+00,0.000000000000e+00,0.000000000000e+00,6.041516678947e-04,6.585253180052e-02,2.647050077187e+02,2.573688354492e+02,0.000000000000e+00,1.193221233578e+00,0.000000000000e+00,5.543550438660e+04,1.090000000000e+02
4.560000000000e+02,1.032354021351e+08,8.316728752190e+04,1.197805458306e+06,5.697128631914e-01,3.479431392528e+02,1.814562750801e-06,1.977873398373e-04,0.000000000000e+00,0.000000000000e+00,8.445676168624e+01,0.000000000000e+00,0.000000000000e+00,0.000000000000e+00,0.000000000000e+00,5.124589428404e-04,5.585802476961e-02,2.647683293849e+02,2.580736083984e+02,0.000000000000e+00,1.193444933890e+00,0.000000000000e+00,5.543645432088e+04,1.090000000000e+02
4.570000000000e+02,1.032353254144e+08,8.324400822017e+04,1.201014905106e+06,5.703849411167e-01,3.484601685238e+02,5.021798894869e-06,5.473760795407e-04,0.000000000000e+00,0.000000000000e+00,7.672069826787e+01,0.000000000000e+00,0.000000000000e+00,0.000000000000e+00,0.000000000000e+00,5.337733443371e-04,5.818129453274e-02,2.648129693636e+02,2.582598876953e+02,0.000000000000e+00,1.193031330867e+00,0.000000000000e+00,5.543712009236e+04,1.090000000000e+02
4.580000000000e+02,1.032352532297e+08,8.331619298363e+04,1.205483874865e+06,5.718789347305e-01,3.488403507118e+02,-1.355136267973e-05,-1.477098532090e-03,0.000000000000e+00,0.000000000000e+00,7.218476345764e+01,0.000000000000e+00,0.000000000000e+00,0.000000000000e+00,0.000000000000e+00,7.244636851521e-04,7.896654168158e-02,2.648417567691e+02,2.582938537598e+02,0.000000000000e+00,1.192555122764e+00,0.000000000000e+00,5.543755274746e+04,1.090000000000e+02
4.590000000000e+02,1.032351842319e+08,8.338519077230e+04,1.210474288933e+06,5.736358494370e-01,3.492083013081e+02,-1.950535350697e-05,-2.126083532260e-03,0.000000000000e+00,0.000000000000e+00,6.899778867503e+01,0.000000000000e+00,0.000000000000e+00,0.000000000000e+00,0.000000000000e+00,8.044461358133e-04,8.768462880365e-02,2.648773197689e+02,2.583962707520e+02,0.000000000000e+00,1.192359627822e+00,0.000000000000e+00,5.543808058553e+04,1.090000000000e+02
4.600000000000e+02,1.032351177294e+08,8.345169323379e+04,1.214687133368e+06,5.749117650402e-01,3.496419157268e+02,-7.131482931012e-06,-7.773316394803e-04,0.000000000000e+00,0.000000000000e+00,6.650246149011e+01,0.000000000000e+00,0.000000000000e+00,0.000000000000e+00,0.000000000000e+00,6.877219597584e-04,7.496169361367e-02,2.649210285643e+02,2.586511230469e+02,0.000000000000e+00,1.190387966943e+00,0.000000000000e+00,5.543872088126e+04,1.090000000000e+02
4.610000000000e+02,1.032350532475e+08,8.351617519091e+04,1.219377355332e+06,5.766932859384e-01,3.499027638754e+02,2.055899250793e-05,2.240930183365e-03,0.000000000000e+00,0.000000000000e+00,6.448195711516e+01,0.000000000000e+00,0.000000000000e+00,0.000000000000e+00,0.000000000000e+00,7.938847980413e-04,8.653344298650e-02,2.649749445038e+02,2.590455932617e+02,0.000000000000e+00,1.189846251995e+00,0.000000000000e+00,5.543950044003e+04,1.090000000000e+02
4.620000000000e+02,1.032349904184e+08,8.357900429542e+04,1.224130736295e+06,5.783001265175e-01,3.502864017898e+02,3.726789289751e-05,4.062200325829e-03,0.000000000000e+00,0.000000000000e+00,6.282910451138e+01,0.000000000000e+00,0.000000000000e+00,0.000000000000e+00,0.000000000000e+00,8.213650374370e-04,8.952878908063e-02,2.650227033634e+02,2.592492065430e+02,0.000000000000e+00,1.189442015960e+00,0.000000000000e+00,5.544018658129e+04,1.090000000000e+02
4.630000000000e+02,1.032349289730e+08,8.364044971630e+04,1.228073179514e+06,5.794397073463e-01,3.507210784043e+02,6.629971280698e-05,7.226668695961e-03,0.000000000000e+00,0.000000000000e+00,6.144542088188e+01,0.000000000000e+00,0.000000000000e+00,0.000000000000e+00,0.000000000000e+00,7.173486471935e-04,7.819100254410e-02,2.650480307488e+02,2.592140502930e+02,0.000000000000e+00,1.187972001521e+00,0.000000000000e+00,5.544055501689e+04,1.090000000000e+02
4.640000000000e+02,1.032348687310e+08,8.370069165289e+04,1.232352451171e+06,5.806866092007e-01,3.511835217414e+02,7.236423664439e-05,7.887701794239e-03,0.000000000000e+00,0.000000000000e+00,6.024193658618e+01,0.000000000000e+00,0.000000000000e+00,0.000000000000e+00,0.000000000000e+00,7.782138692788e-04,8.482531175139e-02,2.650914808614e+02,2.595045776367e+02,0.000000000000e+00,1.187972001521e+00,0.000000000000e+00,5.544117576024e+04,1.090000000000e+02
4.650000000000e+02,1.032348096032e+08,8.375981944970e+04,1.236128351439e+06,5.817214845183e-01,3.516266051259e+02,5.993735268289e-05,6.533171442435e-03,0.000000000000e+00,0.000000000000e+00,5.912779681629e+01,0.000000000000e+00,0.000000000000e+00,0.000000000000e+00,0.000000000000e+00,6.811198723375e-04,7.424206608479e-02,2.651618420213e+02,2.601454162598e+02,0.000000000000e+00,1.187879408929e+00,0.000000000000e+00,5.544216358077e+04,1.090000000000e+02
4.660000000000e+02,1.032347514979e+08,8.381792474639e+04,1.240074797303e+06,5.830113047393e-01,3.519632076805e+02,5.836760980733e-05,6.362069468999e-03,0.000000000000e+00,0.000000000000e+00,5.810529668637e+01,0.000000000000e+00,0.000000000000e+00,0.000000000000e+00,0.000000000000e+00,7.081477219348e-04,7.718810169090e-02,2.652251320779e+02,2.603712158203e+02,0.000000000000e+00,1.186294162888e+00,0.000000000000e+00,5.544304394051e+04,1.090000000000e+02
4.670000000000e+02,1.032346942896e+08,8.387513305867e+04,1.244202680473e+06,5.842282669394e-01,3.523928445442e+02,7.085713716125e-05,7.723427950576e-03,0.000000000000e+00,0.000000000000e+00,5.720831227739e+01,0.000000000000e+00,0.000000000000e+00,0.000000000000e+00,0.000000000000e+00,7.501895813800e-04,8.177066437042e-02,2.652978401865e+02,2.609060668945e+02,0.000000000000e+00,1.185361192611e+00,0.000000000000e+00,5.544404501263e+04,1.090000000000e+02
4.680000000000e+02,1.032346378760e+08,8.393154665540e+04,1.247589698294e+06,5.850405106118e-01,3.528560344980e+02,8.447352456789e-05,9.207614177900e-03,0.000000000000e+00,0.000000000000e+00,5.641359673261e+01,0.000000000000e+00,0.000000000000e+00,0.000000000000e+00,0.000000000000e+00,6.416878652756e-04,6.994397731504e-02,2.653614369291e+02,2.612587280273e+02,0.000000000000e+00,1.184478796043e+00,0.000000000000e+00,5.544491327651e+04,1.090000000000e+02
4.690000000000e+02,1.032345822173e+08,8.398720540643e+04,1.250366847926e+06,5.855516151232e-01,3.533235543915e+02,1.138674427185e-04,1.241155125631e-02,0.000000000000e+00,0.000000000000e+00,5.565875103129e+01,0.000000000000e+00,0.000000000000e+00,0.000000000000e+00,0.000000000000e+00,5.679633575162e-04,6.190800596926e-02,2.654694572819e+02,2.623363647461e+02,0.000000000000e+00,1.183987444616e+00,0.000000000000e+00,5.544636577612e+04,1.090000000000e+02
4.700000000000e+02,1.032345272089e+08,8.404221376242e+04,1.253656095526e+06,5.863865468103e-01,3.537410629010e+02,1.027530796438e-04,1.120008568117e-02,0.000000000000e+00,0.000000000000e+00,5.500835598904e+01,0.000000000000e+00,0.000000000000e+00,0.000000000000e+00,0.000000000000e+00,6.425772364084e-04,7.004091876851e-02,2.655585960015e+02,2.624875183105e+02,0.000000000000e+00,1.182476811525e+00,0.000000000000e+00,5.544754789553e+04,1.090000000000e+02
4.710000000000e+02,1.032344727156e+08,8.409670706206e+04,1.258932487800e+06,5.884289601062e-01,3.539916043565e+02,9.232844325470e-05,1.006380031476e-02,0.000000000000e+00,0.000000000000e+00,5.449329964496e+01,0.000000000000e+00,0.000000000000e+00,0.000000000000e+00,0.000000000000e+00,9.622417888807e-04,1.048843549880e-01,2.656215305831e+02,2.624607849121e+02,0.000000000000e+00,1.182147870495e+00,0.000000000000e+00,5.544837664926e+04,1.090000000000e+02
4.720000000000e+02,1.032344187127e+08,8.415070998222e+04,1.262956752697e+06,5.896127102147e-01,3.544029505223e+02,1.170136799461e-04,1.275449111412e-02,0.000000000000e+00,0.000000000000e+00,5.400292015685e+01,0.000000000000e+00,0.000000000000e+00,0.000000000000e+00,0.000000000000e+00,7.785752952672e-04,8.486470718413e-02,2.657084536518e+02,2.630239257812e+02,0.000000000000e+00,1.181513562954e+00,0.000000000000e+00,5.544950867776e+04,1.090000000000e+02
4.730000000000e+02,1.032343650804e+08,8.420434224201e+04,1.266157019613e+06,5.904209573715e-01,3.548102826875e+02,1.337081542423e-04,1.457418881241e-02,0.000000000000e+00,0.000000000000e+00,5.363225978983e+01,0.000000000000e+00,0.000000000000e+00,0.000000000000e+00,0.000000000000e+00,6.606512721395e-04,7.201098866320e-02,2.657606141469e+02,2.627440795898e+02,0.000000000000e+00,1.181420970362e+00,0.000000000000e+00,5.545018369020e+04,1.090000000000e+02
4.740000000000e+02,1.032343118078e+08,8.425761488870e+04,1.269117541771e+06,5.910407561953e-01,3.552600667085e+02,1.235004978087e-04,1.346155426115e-02,0.000000000000e+00,0.000000000000e+00,5.327264668544e+01,0.000000000000e+00,0.000000000000e+00,0.000000000000e+00,0.000000000000e+00,6.092467842590e-04,6.640789948423e-02,2.658445680366e+02,2.635914916992e+02,0.000000000000e+00,1.180729589561e+00,0.000000000000e+00,5.545125791417e+04,1.090000000000e+02
4.750000000000e+02,1.032342589099e+08,8.431051274723e+04,1.272970802846e+06,5.924419116789e-01,3.554869105993e+02,1.345288154753e-04,1.466364088680e-02,0.000000000000e+00,0.000000000000e+00,5.289785853571e+01,0.000000000000e+00,0.000000000000e+00,0.000000000000e+00,0.000000000000e+00,7.666986729206e-04,8.357015534834e-02,2.659563326117e+02,2.643602294922e+02,0.000000000000e+00,1.178970423998e+00,0.000000000000e+00,5.545266486419e+04,1.090000000000e+02
4.760000000000e+02,1.032342063049e+08,8.436311783002e+04,1.276852168123e+06,5.935990206325e-01,3.558656614554e+02,1.550418262844e-04,1.689955906500e-02,0.000000000000e+00,0.000000000000e+00,5.260508278803e+01,0.000000000000e+00,0.000000000000e+00,0.000000000000e+00,0.000000000000e+00,7.912070277214e-04,8.624156602163e-02,2.660832524622e+02,2.653844299316e+02,0.000000000000e+00,1.176460650532e+00,0.000000000000e+00,5.545423485354e+04,1.090000000000e+02
4.770000000000e+02,1.032341538278e+08,8.441559484121e+04,1.279893273381e+06,5.942717224016e-01,3.563020096960e+02,1.666556966123e-04,1.816547093074e-02,0.000000000000e+00,0.000000000000e+00,5.247701119373e+01,0.000000000000e+00,0.000000000000e+00,0.000000000000e+00,0.000000000000e+00,6.653576214273e-04,7.252398073557e-02,2.661781251878e+02,2.653823852539e+02,0.000000000000e+00,1.175829795119e+00,0.000000000000e+00,5.545539090110e+04,1.090000000000e+02
4.780000000000e+02,1.032341013893e+08,8.446803340632e+04,1.282915216762e+06,5.950372344466e-01,3.566773877155e+02,1.918541720536e-04,2.091210475384e-02,0.000000000000e+00,0.000000000000e+00,5.243856510722e+01,0.000000000000e+00,0.000000000000e+00,0.000000000000e+00,0.000000000000e+00,6.879730191163e-04,7.498905908368e-02,2.662608560605e+02,2.653506774902e+02,0.000000000000e+00,1.175829795119e+00,0.000000000000e+00,5.545638826138e+04,1.090000000000e+02
4.790000000000e+02,1.032340489868e+08,8.452043589936e+04,1.286316487940e+06,5.960020216911e-01,3.570372180298e+02,1.885926010361e-04,2.055659351294e-02,0.000000000000e+00,0.000000000000e+00,5.240249304008e+01,0.000000000000e+00,0.000000000000e+00,0.000000000000e+00,0.000000000000e+00,7.471743740218e-04,8.144200676837e-02,2.663505666463e+02,2.656712951660e+02,0.000000000000e+00,1.174882362601e+00,0.000000000000e+00,5.545745703211e+04,1.090000000000e+02
4.800000000000e+02,1.032339965865e+08,8.457283615792e+04,1.290640995236e+06,5.975751030737e-01,3.572877708566e+02,1.970450341283e-04,2.147790871998e-02,0.000000000000e+00,0.000000000000e+00,5.240025856360e+01,0.000000000000e+00,0.000000000000e+00,0.000000000000e+00,0.000000000000e+00,9.084275256855e-04,9.901860029972e-02,2.664394528242e+02,2.658271179199e+02,0.000000000000e+00,1.174604584823e+00,0.000000000000e+00,5.545850250441e+04,1.090000000000e+02
4.810000000000e+02,1.032339440991e+08,8.462532364166e+04,1.294303564299e+06,5.986083055416e-01,3.576783242739e+02,2.099962832903e-04,2.288959487864e-02,0.000000000000e+00,0.000000000000e+00,5.248748373639e+01,0.000000000000e+00,0.000000000000e+00,0.000000000000e+00,0.000000000000e+00,8.129361582310e-04,8.861004124718e-02,2.665049334123e+02,2.656517944336e+02,0.000000000000e+00,1.173709703130e+00,0.000000000000e+00,5.545926515225e+04,1.090000000000e+02
4.820000000000e+02,1.032338915365e+08,8.467788625394e+04,1.297568209687e+06,5.995528924989e-01,3.580101721311e+02,2.488504269887e-04,2.712469654177e-02,0.000000000000e+00,0.000000000000e+00,5.256261227870e+01,0.000000000000e+00,0.000000000000e+00,0.000000000000e+00,0.000000000000e+00,7.856718077337e-04,8.563822704297e-02,2.665772492848e+02,2.660412597656e+02,0.000000000000e+00,1.173617110538e+00,0.000000000000e+00,5.546009962513e+04,1.090000000000e+02
4.830000000000e+02,1.032338390016e+08,8.473042111901e+04,1.302014605663e+06,6.013262271722e-01,3.581692676413e+02,3.177810578106e-04,3.463813530135e-02,0.000000000000e+00,0.000000000000e+00,5.253486507236e+01,0.000000000000e+00,0.000000000000e+00,0.000000000000e+00,0.000000000000e+00,1.048324162791e-03,1.142673337442e-01,2.666902129839e+02,2.670380859375e+02,0.000000000000e+00,1.172437121209e+00,0.000000000000e+00,5.546138333141e+04,1.090000000000e+02
4.840000000000e+02,1.032337864290e+08,8.478299374872e+04,1.307917185722e+06,6.038967356037e-01,3.582534449768e+02,3.270334133400e-04,3.564664205406e-02,0.000000000000e+00,0.000000000000e+00,5.257262970496e+01,0.000000000000e+00,0.000000000000e+00,0.000000000000e+00,0.000000000000e+00,1.298548318787e-03,1.415417667478e-01,2.668021600468e+02,2.674275207520e+02,0.000000000000e+00,1.171424373583e+00,0.000000000000e+00,5.546263318706e+04,1.090000000000e+02
4.850000000000e+02,1.032337336408e+08,8.483578192486e+04,1.313850491355e+06,6.062974033204e-01,3.584483803881e+02,2.586576911231e-04,2.819368833242e-02,0.000000000000e+00,0.000000000000e+00,5.278817614181e+01,0.000000000000e+00,0.000000000000e+00,0.000000000000e+00,0.000000000000e+00,1.236895553851e-03,1.348216153698e-01,2.668766060774e+02,2.674375915527e+02,0.000000000000e+00,1.170698423743e+00,0.000000000000e+00,5.546345314229e+04,1.090000000000e+02
4.860000000000e+02,1.032336805908e+08,8.488883192877e+04,1.318798801373e+06,6.080999630739e-01,3.587277833746e+02,2.280939473209e-04,2.486224025797e-02,0.000000000000e+00,0.000000000000e+00,5.305000390780e+01,0.000000000000e+00,0.000000000000e+00,0.000000000000e+00,0.000000000000e+00,1.044125233390e-03,1.138096504395e-01,2.669341927056e+02,2.670426025391e+02,0.000000000000e+00,1.169765453466e+00,0.000000000000e+00,5.546408271303e+04,1.090000000000e+02
4.870000000000e+02,1.032336272316e+08,8.494219107939e+04,1.322003679376e+06,6.088782479249e-01,3.591380170391e+02,2.543931856155e-04,2.772885723208e-02,0.000000000000e+00,0.000000000000e+00,5.335915061896e+01,0.000000000000e+00,0.000000000000e+00,0.000000000000e+00,0.000000000000e+00,7.833683966736e-04,8.538715523743e-02,2.669606813651e+02,2.664530639648e+02,0.000000000000e+00,1.169765453466e+00,0.000000000000e+00,5.546437244133e+04,1.090000000000e+02
4.880000000000e+02,1.032335736598e+08,8.499576287016e+04,1.325051215908e+06,6.097232825481e-01,3.594647147790e+02,2.685248113077e-04,2.926920443253e-02,0.000000000000e+00,0.000000000000e+00,5.357179077331e+01,0.000000000000e+00,0.000000000000e+00,0.000000000000e+00,0.000000000000e+00,7.712059266486e-04,8.406144600470e-02,2.669933543583e+02,2.665059814453e+02,0.000000000000e+00,1.168498070198e+00,0.000000000000e+00,5.546472888768e+04,1.090000000000e+02
4.890000000000e+02,1.032335200160e+08,8.504940666248e+04,1.329626135418e+06,6.115517118682e-01,3.596235805896e+02,2.952866607348e-04,3.218624602009e-02,0.000000000000e+00,0.000000000000e+00,5.364379232390e+01,0.000000000000e+00,0.000000000000e+00,0.000000000000e+00,0.000000000000e+00,1.049699541045e-03,1.144172499739e-01,2.670474541882e+02,2.668302612305e+02,0.000000000000e+00,1.168405477605e+00,0.000000000000e+00,5.546531243471e+04,1.090000000000e+02
4.900000000000e+02,1.032334664339e+08,8.510298878716e+04,1.332931917127e+06,6.124010558264e-01,3.600104790561e+02,3.456631744448e-04,3.767728601449e-02,0.000000000000e+00,0.000000000000e+00,5.358212468096e+01,0.000000000000e+00,0.000000000000e+00,0.000000000000e+00,0.000000000000e+00,8.880455122310e-04,9.679696083318e-02,2.671519918747e+02,2.678546447754e+02,0.000000000000e+00,1.167761045828e+00,0.000000000000e+00,5.546642235113e+04,1.090000000000e+02
4.910000000000e+02,1.032334128072e+08,8.515661542532e+04,1.334961807647e+06,6.126063446926e-01,3.604306191174e+02,3.367213570295e-04,3.670262791622e-02,0.000000000000e+00,0.000000000000e+00,5.362663815704e+01,0.000000000000e+00,0.000000000000e+00,0.000000000000e+00,0.000000000000e+00,6.680090433658e-04,7.281298572687e-02,2.672593937129e+02,2.686212768555e+02,0.000000000000e+00,1.166460032006e+00,0.000000000000e+00,5.546754257893e+04,1.090000000000e+02
4.920000000000e+02,1.032333590987e+08,8.521032397912e+04,1.337275979188e+06,6.131270456648e-01,3.607399948217e+02,3.841745457568e-04,4.187502548749e-02,0.000000000000e+00,0.000000000000e+00,5.370855379778e+01,0.000000000000e+00,0.000000000000e+00,0.000000000000e+00,0.000000000000e+00,7.615399582242e-04,8.300785544644e-02,2.673915523159e+02,2.694077758789e+02,0.000000000000e+00,1.164587591931e+00,0.000000000000e+00,5.546889546483e+04,1.090000000000e+02
4.930000000000e+02,1.032333052203e+08,8.526420237487e+04,1.339545164436e+06,6.135451075308e-01,3.610972052743e+02,4.089216818743e-04,4.457246332430e-02,0.000000000000e+00,0.000000000000e+00,5.387839575044e+01,0.000000000000e+00,0.000000000000e+00,0.000000000000e+00,0.000000000000e+00,7.789000787479e-04,8.490010858352e-02,2.675247622383e+02,2.699099731445e+02,0.000000000000e+00,1.161474084711e+00,0.000000000000e+00,5.547023042296e+04,1.090000000000e+02
4.940000000000e+02,1.032332510832e+08,8.531833948697e+04,1.342190030816e+06,6.143057543315e-01,3.613534605200e+02,4.528521641291e-04,4.936088589007e-02,0.000000000000e+00,0.000000000000e+00,5.413711210497e+01,0.000000000000e+00,0.000000000000e+00,0.000000000000e+00,0.000000000000e+00,8.849408279765e-04,9.645855024944e-02,2.676609428291e+02,2.703914794922e+02,0.000000000000e+00,1.160750636704e+00,0.000000000000e+00,5.547156647704e+04,1.090000000000e+02
4.950000000000e+02,1.032331964741e+08,8.537294851426e+04,1.346714686923e+06,6.162589418825e-01,3.614162042035e+02,4.853512438336e-04,5.290328557787e-02,0.000000000000e+00,0.000000000000e+00,5.460902728538e+01,0.000000000000e+00,0.000000000000e+00,0.000000000000e+00,0.000000000000e+00,1.229811608479e-03,1.340494653242e-01,2.677608247510e+02,2.702321166992e+02,0.000000000000e+00,1.160565451519e+00,0.000000000000e+00,5.547252757661e+04,1.090000000000e+02
4.960000000000e+02,1.032331412392e+08,8.542645825824e+04,1.351490045777e+06,6.178297697916e-01,3.617712492184e+02,4.842731375463e-04,5.278577199255e-02,0.000000000000e+00,1.725098713213e+00,5.523484269680e+01,0.000000000000e+00,0.000000000000e+00,0.000000000000e+00,0.000000000000e+00,1.271355381534e-03,1.385777365873e-01,2.678310574131e+02,2.700245056152e+02,0.000000000000e+00,1.160380266334e+00,1.725098713213e+00,5.547319480555e+04,1.090000000000e+02
4.970000000000e+02,1.032330852710e+08,8.547356905742e+04,1.354956639454e+06,6.189884006464e-01,3.620149676629e+02,4.838435213299e-04,5.273894382496e-02,0.000000000000e+00,8.856365253158e+00,5.596716442908e+01,0.000000000000e+00,0.000000000000e+00,0.000000000000e+00,0.000000000000e+00,1.053862701387e-03,1.148710344511e-01,2.679177769944e+02,2.705227355957e+02,0.000000000000e+00,1.158916914818e+00,8.856365253158e+00,5.547400983804e+04,1.090000000000e+02
4.980000000000e+02,1.032330286328e+08,8.551722320558e+04,1.357615568998e+06,6.197440793751e-01,3.622782769536e+02,4.906186917536e-04,5.347743740115e-02,0.000000000000e+00,1.298355189778e+01,5.663770005930e+01,0.000000000000e+00,0.000000000000e+00,0.000000000000e+00,0.000000000000e+00,9.273721138931e-04,1.010835604143e-01,2.679972194868e+02,2.704778747559e+02,0.000000000000e+00,1.158517354633e+00,1.298355189778e+01,5.547474595256e+04,1.090000000000e+02
4.990000000000e+02,1.032329713590e+08,8.555884530901e+04,1.359678887116e+06,6.200852519572e-01,3.626244686966e+02,5.103804605618e-04,5.563147020124e-02,0.000000000000e+00,1.565126223094e+01,5.727336565569e+01,0.000000000000e+00,0.000000000000e+00,0.000000000000e+00,0.000000000000e+00,8.486505480398e-04,9.250290973634e-02,2.680769356326e+02,2.707965087891e+02,0.000000000000e+00,1.158517354633e+00,1.565126223094e+01,5.547547532718e+04,1.090000000000e+02
5.000000000000e+02,1.032329135283e+08,8.559674764451e+04,1.361456317745e+06,6.203809919036e-01,3.629195483087e+02,5.760268037658e-04,6.278692161047e-02,0.000000000000e+00,1.992769604683e+01,5.783003155424e+01,0.000000000000e+00,0.000000000000e+00,0.000000000000e+00,0.000000000000e+00,8.663334227860e-04,9.443034308368e-02,2.681763046203e+02,2.715332641602e+02,0.000000000000e+00,1.158424762040e+00,1.992769604683e+01,5.547637112182e+04,1.090000000000e+02
5.010000000000e+02,1.032328550588e+08,8.563204825058e+04,1.362688737150e+06,6.204704375283e-01,3.631906331646e+02,6.556475217578e-04,7.146557987160e-02,0.000000000000e+00,2.316833027527e+01,5.846893634561e+01,0.000000000000e+00,0.000000000000e+00,0.000000000000e+00,0.000000000000e+00,8.563135148256e-04,9.333817311599e-02,2.682635754527e+02,2.717089233398e+02,0.000000000000e+00,1.157318936604e+00,2.316833027527e+01,5.547714494529e+04,1.090000000000e+02
5.020000000000e+02,1.032327959979e+08,8.566323500584e+04,1.363465225901e+06,6.202342794072e-01,3.635291900218e+02,6.933526251410e-04,7.557543614037e-02,0.000000000000e+00,2.787364861393e+01,5.906040386671e+01,0.000000000000e+00,0.000000000000e+00,0.000000000000e+00,0.000000000000e+00,8.175690658466e-04,8.911502817728e-02,2.683818102873e+02,2.724472961426e+02,0.000000000000e+00,1.156822107977e+00,2.787364861393e+01,5.547817587588e+04,1.090000000000e+02
5.030000000000e+02,1.032327362664e+08,8.568964152060e+04,1.364151036100e+06,6.199349506358e-01,3.638810876468e+02,6.620257031443e-04,7.216080164273e-02,0.000000000000e+00,3.332477290580e+01,5.973128767243e+01,0.000000000000e+00,0.000000000000e+00,0.000000000000e+00,0.000000000000e+00,7.713683131970e-04,8.407914613847e-02,2.684990166320e+02,2.728903503418e+02,0.000000000000e+00,1.155426284157e+00,3.332477290580e+01,5.547917625571e+04,1.090000000000e+02
5.040000000000e+02,1.032330023683e+08,8.577881373869e+04,1.364984574187e+06,6.197633988150e-01,3.641965368026e+02,6.649346999784e-04,7.247788229765e-02,0.000000000000e+00,4.830374107158e+01,-2.661009627166e+02,6.673401703493e-05,7.274007856807e-03,0.000000000000e+00,0.000000000000e+00,8.648945952704e-04,9.427351088447e-02,2.686408863594e+02,2.731107177734e+02,0.000000000000e+00,1.150277035064e+00,4.830374107158e+01,5.548034365135e+04,1.090000000000e+02
5.050000000000e+02,1.032451318807e+08,8.814578804362e+04,1.352298551318e+06,6.134941044109e-01,3.644602953906e+02,5.994507710503e-04,6.534013404448e-02,0.000000000000e+00,3.265842783209e+02,-1.212951240287e+04,2.451008159021e-03,2.671598893332e-01,0.000000000000e+00,0.000000000000e+00,9.290458229925e-04,1.012659947062e-01,2.694537630007e+02,2.735635070801e+02,0.000000000000e+00,1.021450552674e+00,3.265842783209e+02,5.548620799771e+04,1.090000000000e+02
5.060000000000e+02,1.032686789359e+08,9.537288149160e+04,1.324849547353e+06,6.001797778306e-01,3.649349755572e+02,4.847703341050e-04,5.283996641745e-02,0.000000000000e+00,1.575711915641e+03,-2.354705944224e+04,4.511217460584e-03,4.917227032037e-01,8.372398632156e-04,9.125914509050e-02,4.283581221268e-04,4.669103531183e-02,2.706756040840e+02,2.737495727539e+02,0.000000000000e+00,7.438256176049e-01,1.575711915641e+03,5.549357726702e+04,1.090000000000e+02
5.070000000000e+02,1.033016614513e+08,1.131409099722e+05,1.268451103193e+06,5.735291964176e-01,3.655861827998e+02,2.695001107718e-04,2.937551207413e-02,0.000000000000e+00,9.686815888877e+03,-3.298251567915e+04,9.082737280603e-03,9.900183635857e-01,9.080731693711e-04,9.897997546145e-02,0.000000000000e+00,0.000000000000e+00,2.723521918703e+02,2.749679870605e+02,0.000000000000e+00,3.424623053384e-01,9.686815888877e+03,5.550106588816e+04,1.090000000000e+02
5.080000000000e+02,1.033264030837e+08,1.347297277689e+05,1.182455579666e+06,5.336783329879e-01,3.662338445042e+02,5.739641604283e-05,6.256209348669e-03,0.000000000000e+00,4.059479469745e+04,-2.474163893654e+04,1.416588972529e-02,1.544081980056e+00,2.024277123311e-04,2.206462064409e-02,0.000000000000e+00,0.000000000000e+00,2.730290852735e+02,2.757260437012e+02,0.000000000000e+00,2.629629629632e-02,4.059479469745e+04,5.550340099235e+04,1.090000000000e+02
5.090000000000e+02,1.033319429293e+08,1.534892309154e+05,1.080665362007e+06,4.869201453623e-01,3.668477211872e+02,-5.914408520441e-05,-6.446705287281e-03,0.000000000000e+00,8.658852714891e+04,-5.539841665982e+03,1.688468971880e-02,1.840431179349e+00,1.444242258732e-03,1.574224062018e-01,0.000000000000e+00,0.000000000000e+00,2.730681651635e+02,2.760657348633e+02,0.000000000000e+00,1.851851851823e-03,8.658852714891e+04,5.550350557422e+04,1.090000000000e+02
5.100000000000e+02,1.033347019433e+08,1.686056239115e+05,9.704704546812e+05,4.365853432211e-01,3.674223296592e+02,-1.178949291400e-04,-1.285054727626e-02,0.000000000000e+00,1.074163183013e+05,-2.759013939436e+03,1.833224056103e-02,1.998214221152e+00,2.377541901535e-03,2.591520672673e-01,0.000000000000e+00,0.000000000000e+00,2.730619041444e+02,2.761352539063e+02,0.000000000000e+00,6.296296296272e-03,1.074163183013e+05,5.550349071065e+04,1.090000000000e+02
5.110000000000e+02,1.033366929203e+08,1.825298318477e+05,8.590608786061e+05,3.858765343106e-01,3.679831867877e+02,-1.238083829598e-04,-1.349511374262e-02,0.000000000000e+00,1.031548511866e+05,-1.990978056079e+03,1.853893896536e-02,2.020744347224e+00,1.142450368045e-03,1.245270901169e-01,0.000000000000e+00,0.000000000000e+00,2.730559044595e+02,2.759951782227e+02,0.000000000000e+00,9.351851851824e-03,1.031548511866e+05,5.550347560448e+04,1.090000000000e+02
5.120000000000e+02,1.033382430540e+08,1.955739195377e+05,7.412641655389e+05,3.324830480821e-01,3.685155065192e+02,-1.427401383398e-04,-1.555867507904e-02,0.000000000000e+00,1.142769625122e+05,-1.550141670013e+03,1.961365922199e-02,2.137888855197e+00,1.687790504716e-03,1.839691650141e-01,0.000000000000e+00,0.000000000000e+00,2.730559588377e+02,2.762627258301e+02,0.000000000000e+00,7.314814814799e-03,1.142769625122e+05,5.550347557879e+04,1.090000000000e+02
5.130000000000e+02,1.033394256389e+08,2.069259733228e+05,6.192645943111e+05,2.773826688421e-01,3.690192497047e+02,-1.520827863133e-04,-1.657702370815e-02,0.000000000000e+00,1.372869607592e+05,-1.182586860318e+03,2.031769817324e-02,2.214629100883e+00,4.446699558107e-03,4.846902518337e-01,0.000000000000e+00,0.000000000000e+00,2.730546624311e+02,2.762880859375e+02,0.000000000000e+00,5.925925925916e-03,1.372869607592e+05,5.550347252265e+04,1.090000000000e+02
5.140000000000e+02,1.033403489820e+08,2.175707104085e+05,4.983524065790e+05,2.229479702953e-01,3.694748596255e+02,-1.666480978787e-04,-1.816464266878e-02,0.000000000000e+00,1.279910799641e+05,-9.233388827374e+02,2.015254172732e-02,2.196627048277e+00,2.915551869742e-03,3.177951538019e-01,0.000000000000e+00,0.000000000000e+00,2.730512167608e+02,2.766585998535e+02,0.000000000000e+00,4.259259259258e-03,1.279910799641e+05,5.550346388478e+04,1.090000000000e+02
5.150000000000e+02,1.033410248940e+08,2.284906418018e+05,3.625246850775e+05,1.620573260958e-01,3.697601782164e+02,-2.492367619682e-04,-2.716680705454e-02,0.000000000000e+00,1.292813178541e+05,-6.758962110112e+02,2.270055021945e-02,2.474359973920e+00,5.853991121219e-04,6.380850322128e-02,0.000000000000e+00,0.000000000000e+00,2.730506999973e+02,2.772521362305e+02,0.000000000000e+00,6.296296296310e-03,1.292813178541e+05,5.550346148187e+04,1.090000000000e+02
5.160000000000e+02,1.033413332655e+08,2.385891013388e+05,2.161567248218e+05,9.661548039826e-02,3.698037686717e+02,-2.850929483872e-04,-3.107513137420e-02,0.000000000000e+00,1.421165123653e+05,-3.083766206308e+02,2.447888684739e-02,2.668198666366e+00,7.320943876478e-04,7.979828825362e-02,0.000000000000e+00,0.000000000000e+00,2.730509182622e+02,2.768986206055e+02,0.000000000000e+00,1.166666666671e-02,1.421165123653e+05,5.550346373503e+04,1.090000000000e+02
5.170000000000e+02,1.033418035468e+08,2.474085816757e+05,7.112085493081e+04,3.184193518662e-02,3.691732280711e+02,-2.749039112368e-04,-2.996452632481e-02,0.000000000000e+00,1.513670551037e+05,-4.702666519763e+02,2.424824480758e-02,2.643058684026e+00,2.307132690054e-03,2.514774632159e-01,0.000000000000e+00,0.000000000000e+00,2.730537002177e+02,2.771823425293e+02,0.000000000000e+00,1.009259259263e-02,1.513670551037e+05,5.550347322795e+04,1.090000000000e+02
5.180000000000e+02,1.033427634769e+08,1.174526336760e+05,3.155147798311e+03,1.424249041230e-03,3.661463542816e+02,-3.858286484623e-04,-4.205532268239e-02,2.702684663884e-03,2.126741217431e+05,-8.099302629254e+02,1.137055635670e-02,1.239390642881e+00,2.211299932350e-03,2.410316926261e-01,0.000000000000e+00,0.000000000000e+00,2.735403642043e+02,2.772532348633e+02,7.407407407397e-04,5.740740740748e-03,2.126741217431e+05,5.550414703304e+04,1.090000000000e+02
5.190000000000e+02,1.033424725452e+08,5.986416272504e+04,2.681017172339e+01,1.222913909099e-05,3.625096135629e+02,3.865148310958e-04,4.213011658944e-02,-5.138190288609e-02,6.170428007530e+04,-2.561020480541e+03,5.225486692162e-04,5.695780494457e-02,5.016387362357e-04,5.467862224969e-02,0.000000000000e+00,0.000000000000e+00,2.780772516900e+02,2.775728149414e+02,2.898148148146e-02,6.435185185182e-02,6.170428007530e+04,5.550183143375e+04,1.090000000000e+02
5.200000000000e+02,1.033506534940e+08,4.003725274318e+04,5.917487431258e-01,2.721948778694e-07,3.601256956115e+02,1.020660647454e-03,1.112520105725e-01,-1.159784233242e-01,2.697397801191e+04,-1.461797336991e+04,4.376655350511e-06,4.770554332057e-04,3.550100536223e-03,3.869609584483e-01,0.000000000000e+00,0.000000000000e+00,2.791488984425e+02,2.781106567383e+02,4.694444444440e-02,5.435185185183e-02,2.697397801191e+04,5.549885517608e+04,1.090000000000e+02
5.210000000000e+02,1.033535723311e+08,2.365265263714e+04,4.225778281008e-01,1.936484604250e-07,3.605262353412e+02,1.290444726251e-03,1.406584751614e-01,-1.445949670381e-01,2.579355511410e+04,-1.094372478116e+04,2.843202851718e-08,3.099091108373e-06,3.328290414821e-03,3.627836552154e-01,0.000000000000e+00,0.000000000000e+00,2.800506360417e+02,2.785783386230e+02,6.564814814809e-02,6.527777777775e-02,2.579355511410e+04,5.549580559074e+04,1.090000000000e+02
5.220000000000e+02,1.033423968844e+08,1.278309273592e+04,4.183287889551e-01,1.913104987000e-07,3.610892135610e+02,1.307845423818e-03,1.425551511961e-01,-1.456495625293e-01,1.667788681347e+04,3.092383571699e+03,6.993227314624e-10,7.622617772940e-08,4.205520972687e-04,4.584017860229e-02,0.000000000000e+00,0.000000000000e+00,2.805745498280e+02,2.790574340820e+02,8.129629629622e-02,1.044444444444e-01,1.667788681347e+04,5.549404075048e+04,1.090000000000e+02
5.230000000000e+02,1.033321490557e+08,5.914898106537e+03,4.179802159098e-01,1.908045342917e-07,3.616913668356e+02,1.305684253908e-03,1.423195836760e-01,-1.441815957458e-01,1.153599323188e+04,2.246555149116e+03,5.822682013348e-11,6.346723394549e-09,3.831553952689e-04,4.176393808431e-02,0.000000000000e+00,0.000000000000e+00,2.813520655881e+02,2.794629516602e+02,9.611111111103e-02,1.362962962963e-01,1.153599323188e+04,5.549082323887e+04,1.090000000000e+02
5.240000000000e+02,1.033257824049e+08,1.940027299461e+03,4.179502203083e-01,1.904519859765e-07,3.600603525928e+02,1.278280436396e-03,1.393325675671e-01,-1.403397506053e-01,8.201519743243e+03,-1.421118963775e+03,3.513031998085e-12,3.829204877912e-10,9.244684376495e-04,1.007670597038e-01,0.000000000000e+00,0.000000000000e+00,2.816368778949e+02,2.796016235352e+02,1.068518518518e-01,1.587037037037e-01,8.201519743243e+03,5.548973202787e+04,1.090000000000e+02
5.250000000000e+02,1.033236751493e+08,2.263770385290e+01,4.179637548095e-01,1.901046795634e-07,3.607613669197e+02,1.203495093662e-03,1.311809652092e-01,-1.316215458463e-01,6.175376793293e+03,-5.196734460171e+03,0.000000000000e+00,0.000000000000e+00,1.559076627034e-03,1.699393523467e-01,0.000000000000e+00,0.000000000000e+00,2.813241052701e+02,2.791690673828e+02,1.204629629629e-01,1.713888888889e-01,6.175376793293e+03,5.549142025570e+04,1.090000000000e+02
5.260000000000e+02,1.033180917838e+08,1.885955064998e+01,4.179509663937e-01,1.897593431271e-07,3.615820414708e+02,1.176865853391e-03,1.282783780196e-01,-1.282303607260e-01,3.066917828563e+03,-1.532441322349e+03,0.000000000000e+00,0.000000000000e+00,7.601921144175e-04,8.286094047151e-02,0.000000000000e+00,0.000000000000e+00,2.817029320913e+02,2.793969116211e+02,1.313888888889e-01,1.906481481481e-01,3.066917828563e+03,5.548967726228e+04,1.090000000000e+02
5.270000000000e+02,1.033089485341e+08,1.611081911464e+01,4.179387596515e-01,1.894177182258e-07,3.623495801916e+02,1.183394366322e-03,1.289899859291e-01,-1.289354552706e-01,2.268629850763e+03,1.988530574302e+03,0.000000000000e+00,0.000000000000e+00,4.631828658380e-05,5.048693237635e-03,0.000000000000e+00,0.000000000000e+00,2.820396649459e+02,2.798356933594e+02,1.416666666666e-01,2.162037037037e-01,2.268629850763e+03,5.548805069190e+04,1.090000000000e+02
5.280000000000e+02,1.033006304630e+08,1.437642928503e+01,4.178944953726e-01,1.890793240050e-07,3.630891708624e+02,1.220238016633e-03,1.330059438130e-01,-1.329499422429e-01,1.801137025347e+03,9.410534229836e+02,0.000000000000e+00,0.000000000000e+00,1.423970835794e-04,1.552128211015e-02,0.000000000000e+00,0.000000000000e+00,2.831678997021e+02,2.808309326172e+02,1.526851851852e-01,2.392592592592e-01,1.801137025347e+03,5.548218928772e+04,1.090000000000e+02
5.290000000000e+02,1.032926997111e+08,1.272343417568e+01,4.178761645324e-01,1.887439795026e-07,3.638104163383e+02,1.219333589412e-03,1.329073612459e-01,-1.328526443201e-01,1.485863943290e+03,5.596639716786e+02,0.000000000000e+00,0.000000000000e+00,1.533365892705e-04,1.671368823048e-02,0.000000000000e+00,0.000000000000e+00,2.836070788002e+02,2.810282287598e+02,1.637962962963e-01,2.628703703704e-01,1.485863943290e+03,5.547975496772e+04,1.090000000000e+02
5.300000000000e+02,1.032848672366e+08,1.139732758124e+01,4.178789073904e-01,1.884115822156e-07,3.645181209066e+02,1.166935938066e-03,1.271960172492e-01,-1.271456556249e-01,1.217763567405e+03,7.781631088611e+02,0.000000000000e+00,0.000000000000e+00,7.289255002680e-05,7.945287952922e-03,0.000000000000e+00,0.000000000000e+00,2.835423754847e+02,2.809876098633e+02,1.738888888888e-01,2.842592592592e-01,1.217763567405e+03,5.548011909942e+04,1.090000000000e+02
5.310000000000e+02,1.032799382276e+08,1.162719293485e+01,4.178617532473e-01,1.880820570718e-07,3.652150740708e+02,1.128091370504e-03,1.229619593849e-01,-1.229135646013e-01,1.122772542411e+03,-1.890379149554e+03,0.000000000000e+00,0.000000000000e+00,4.987141889456e-04,5.435984659507e-02,0.000000000000e+00,0.000000000000e+00,2.839420307515e+02,2.814077453613e+02,1.827777777777e-01,2.994444444444e-01,1.122772542411e+03,5.547784577993e+04,1.090000000000e+02
5.320000000000e+02,1.033100290608e+08,2.471687720216e+01,4.178758944577e-01,1.877553466589e-07,3.659030590444e+02,1.158728480804e-03,1.263014044076e-01,-1.262293306333e-01,2.385555493280e+03,-3.709412720431e+04,0.000000000000e+00,0.000000000000e+00,6.531372125720e-03,7.119195617035e-01,0.000000000000e+00,0.000000000000e+00,2.836147414270e+02,2.810485839844e+02,1.894444444444e-01,2.448148148148e-01,2.385555493280e+03,5.547971189579e+04,1.090000000000e+02
5.330000000000e+02,1.033343036656e+08,2.278950172703e+01,4.178678333010e-01,1.874313972954e-07,3.665832960341e+02,1.376471297844e-03,1.500353714650e-01,-1.499317366539e-01,4.311273185216e+03,-3.259300095482e+04,0.000000000000e+00,0.000000000000e+00,6.103228844363e-03,6.652519440356e-01,0.000000000000e+00,0.000000000000e+00,2.838056419240e+02,2.814255371094e+02,1.993518518518e-01,2.041666666667e-01,4.311273185216e+03,5.547862731325e+04,1.090000000000e+02
5.340000000000e+02,1.034241911703e+08,1.233335961628e+04,4.179035995294e-01,1.871101606446e-07,3.672566637441e+02,2.031544831967e-03,2.214383866844e-01,-1.963187383985e-01,4.024514853752e+05,-1.007798769366e+05,0.000000000000e+00,0.000000000000e+00,8.547802383938e-02,9.317104598493e+00,0.000000000000e+00,0.000000000000e+00,2.829652687532e+02,2.815067443848e+02,2.093518518518e-01,-5.266010107398e-16,4.024514853752e+05,5.548329286117e+04,1.090000000000e+02
5.350000000000e+02,1.034271238266e+08,1.823725251366e+03,4.178747291562e-01,1.867915908839e-07,3.679238207547e+02,2.308843989638e-03,2.516639948705e-01,-2.157046721913e-01,5.006149410448e+05,-1.490056861645e+04,0.000000000000e+00,0.000000000000e+00,8.383570862787e-02,9.138092240438e+00,0.000000000000e+00,0.000000000000e+00,2.836618753793e+02,2.821379394531e+02,2.193518518518e-01,9.166666666676e-03,5.006149410448e+05,5.547945008623e+04,1.090000000000e+02
5.360000000000e+02,1.034292181073e+08,3.459833521816e+03,4.178684660939e-01,1.864756472384e-07,3.685852768539e+02,2.216250800358e-03,2.415713372390e-01,-2.357562442640e-01,3.248031651466e+04,-1.517413842020e+04,0.000000000000e+00,0.000000000000e+00,8.204282312125e-03,8.942667720216e-01,0.000000000000e+00,0.000000000000e+00,2.838054779275e+02,2.824451293945e+02,2.293518518518e-01,1.027777777780e-02,3.248031651466e+04,5.547863191179e+04,1.090000000000e+02
5.370000000000e+02,1.034298185569e+08,5.212795420288e+02,4.178663028621e-01,1.861622879461e-07,3.692414373290e+02,2.108562850098e-03,2.298333506607e-01,-2.210899801080e-01,4.660736050932e+04,-1.286652595005e+04,0.000000000000e+00,0.000000000000e+00,9.429227434756e-03,1.027785790388e+00,0.000000000000e+00,0.000000000000e+00,2.838579866096e+02,2.823237609863e+02,2.385185185184e-01,2.851851851854e-02,4.660736050932e+04,5.547833058778e+04,1.090000000000e+02
5.380000000000e+02,1.034167676832e+08,3.645486828797e+01,4.178646552158e-01,1.858514734600e-07,3.698926317194e+02,1.877222422491e-03,2.046172440515e-01,-2.042353432761e-01,1.042939038210e+04,1.719948381557e+03,0.000000000000e+00,0.000000000000e+00,1.363540939575e-03,1.486259624137e-01,0.000000000000e+00,0.000000000000e+00,2.838926037437e+02,2.824651489258e+02,2.424999999999e-01,7.972222222219e-02,1.042939038210e+04,5.547813079314e+04,1.090000000000e+02
5.390000000000e+02,1.034010942526e+08,2.971725268103e+01,4.178567387265e-01,1.855431656115e-07,3.705391331826e+02,1.724947995339e-03,1.880193314920e-01,-1.878980992674e-01,6.641804092763e+03,5.249000923904e+03,0.000000000000e+00,0.000000000000e+00,2.302797784803e-04,2.510049585436e-02,0.000000000000e+00,0.000000000000e+00,2.840712679552e+02,2.821457519531e+02,2.499074074074e-01,1.171296296296e-01,6.641804092763e+03,5.547709766527e+04,1.090000000000e+02
5.400000000000e+02,1.033876399181e+08,2.482847204934e+01,4.178376291564e-01,1.852373273346e-07,3.711811719483e+02,1.698181750405e-03,1.851018107941e-01,-1.849908869485e-01,4.793199057069e+03,3.191508266960e+03,0.000000000000e+00,0.000000000000e+00,2.650397260202e-04,2.888933013620e-02,0.000000000000e+00,0.000000000000e+00,2.844988536728e+02,2.825447692871e+02,2.598148148148e-01,1.480555555555e-01,4.793199057069e+03,5.547457843544e+04,1.090000000000e+02
5.410000000000e+02,1.033752093185e+08,2.141746234012e+01,4.178128056129e-01,1.849339224934e-07,3.718189449144e+02,1.616155180152e-03,1.761609146365e-01,-1.760621493487e-01,3.621018161200e+03,2.663616828467e+03,0.000000000000e+00,0.000000000000e+00,1.586311072806e-04,1.729079069358e-02,0.000000000000e+00,0.000000000000e+00,2.850407390065e+02,2.828715820313e+02,2.690740740741e-01,1.764814814815e-01,3.621018161200e+03,5.547129803173e+04,1.090000000000e+02
5.420000000000e+02,1.033698470776e+08,2.133174107521e+01,4.178317789540e-01,1.846329158559e-07,3.724526226520e+02,1.518248505472e-03,1.654890870964e-01,-1.653968193786e-01,3.158280689348e+03,-3.813022427010e+03,0.000000000000e+00,0.000000000000e+00,1.153729243681e-03,1.257564875613e-01,0.000000000000e+00,0.000000000000e+00,2.846255697372e+02,2.822342224121e+02,2.724074074074e-01,1.919444444444e-01,3.158280689348e+03,5.547382049963e+04,1.090000000000e+02
5.430000000000e+02,1.033737788972e+08,2.331804923424e+01,4.178551184691e-01,1.843342716112e-07,3.730823546197e+02,1.409681916103e-03,1.536553288552e-01,-1.535644448345e-01,3.454756079768e+03,-1.245109284425e+04,0.000000000000e+00,0.000000000000e+00,2.631571367970e-03,2.868412791087e-01,0.000000000000e+00,0.000000000000e+00,2.841030116392e+02,2.820247192383e+02,2.800000000000e-01,1.888888888889e-01,3.454756079768e+03,5.547691355560e+04,1.090000000000e+02
5.440000000000e+02,1.033744421466e+08,2.239757974958e+01,4.178167046110e-01,1.840379591630e-07,3.737082731154e+02,1.396523592418e-03,1.522210715735e-01,-1.521299062988e-01,3.697566582995e+03,-9.102806905346e+03,0.000000000000e+00,0.000000000000e+00,2.117545931399e-03,2.308125065224e-01,0.000000000000e+00,0.000000000000e+00,2.849544810326e+02,2.832162170410e+02,2.900000000000e-01,1.920370370370e-01,3.697566582995e+03,5.547182595973e+04,1.090000000000e+02
5.450000000000e+02,1.033675148900e+08,2.023328079999e+01,4.177797499002e-01,1.837439443262e-07,3.743304963183e+02,1.431901560503e-03,1.560772700948e-01,-1.559888696261e-01,3.189380750945e+03,-1.725608004033e+03,0.000000000000e+00,0.000000000000e+00,8.133173711553e-04,8.865159345593e-02,0.000000000000e+00,0.000000000000e+00,2.857406244078e+02,2.837638244629e+02,2.950000000000e-01,2.100000000000e-01,3.189380750945e+03,5.546693059024e+04,1.090000000000e+02
5.460000000000e+02,1.033668726796e+08,2.162380141323e+01,4.177799716682e-01,1.834521955029e-07,3.749491306633e+02,1.395922984349e-03,1.521556052940e-01,-1.520686169642e-01,3.040120755695e+03,-7.792839349621e+03,0.000000000000e+00,0.000000000000e+00,1.792774736157e-03,1.954124462411e-01,0.000000000000e+00,0.000000000000e+00,2.857356150113e+02,2.838768920898e+02,3.002777777777e-01,2.160185185185e-01,3.040120755695e+03,5.546696237776e+04,1.090000000000e+02
5.470000000000e+02,1.033640390417e+08,1.920238027243e+01,4.177966734945e-01,1.831626802578e-07,3.755642727180e+02,1.367041339528e-03,1.490075060085e-01,-1.489202389068e-01,3.073214443407e+03,-5.426944945014e+03,0.000000000000e+00,0.000000000000e+00,1.406280110151e-03,1.532845320065e-01,0.000000000000e+00,0.000000000000e+00,2.853830682799e+02,2.833965148926e+02,3.100925925925e-01,2.259259259259e-01,3.073214443407e+03,5.546917895665e+04,1.090000000000e+02
5.480000000000e+02,1.033549085184e+08,1.718978896829e+01,4.178026524933e-01,1.828753682376e-07,3.761760106839e+02,1.319116589314e-03,1.437837082353e-01,-1.437062198218e-01,2.410022048104e+03,1.158960428447e+03,0.000000000000e+00,0.000000000000e+00,2.072600773226e-04,2.259134842816e-02,0.000000000000e+00,0.000000000000e+00,2.852541065458e+02,2.832008056641e+02,3.178703703703e-01,2.466666666666e-01,2.410022048104e+03,5.546998123987e+04,1.090000000000e+02
5.490000000000e+02,1.033459557625e+08,1.546495191189e+01,4.177873331773e-01,1.825902294354e-07,3.767844256090e+02,1.284081110289e-03,1.399648410214e-01,-1.398939101353e-01,2.034637729738e+03,1.192756455408e+03,0.000000000000e+00,0.000000000000e+00,1.395720803941e-04,1.521335676295e-02,0.000000000000e+00,0.000000000000e+00,2.855776843606e+02,2.836847839355e+02,3.207407407407e-01,2.672222222222e-01,2.034637729738e+03,5.546795940830e+04,1.090000000000e+02
5.500000000000e+02,1.033530631274e+08,2.081656050240e+01,4.177918709336e-01,1.823072343781e-07,3.773895923777e+02,1.242344068973e-03,1.354155035181e-01,-1.353394624681e-01,2.393247992406e+03,-1.461462704717e+04,0.000000000000e+00,0.000000000000e+00,2.814606996105e-03,3.067921625755e-01,0.000000000000e+00,0.000000000000e+00,2.854821308038e+02,2.836751708984e+02,3.314814814814e-01,2.582407407407e-01,2.393247992406e+03,5.546855936314e+04,1.090000000000e+02
5.510000000000e+02,1.033653330169e+08,2.167838397442e+01,4.178022158068e-01,1.820263541969e-07,3.779915805244e+02,1.293263704822e-03,1.409657438256e-01,-1.408752569314e-01,3.318858033771e+03,-2.008436038034e+04,0.000000000000e+00,0.000000000000e+00,3.871707171702e-03,4.220160817155e-01,0.000000000000e+00,0.000000000000e+00,2.852625320973e+02,2.835539245605e+02,3.448148148147e-01,2.401851851852e-01,3.318858033771e+03,5.546992809934e+04,1.090000000000e+02
5.520000000000e+02,1.033628471042e+08,1.895720771640e+01,4.177947323766e-01,1.817475604820e-07,3.785904549095e+02,1.318254489658e-03,1.436897393728e-01,-1.436035309910e-01,2.986899491315e+03,-5.479920606071e+03,0.000000000000e+00,0.000000000000e+00,1.400664630859e-03,1.526724447637e-01,0.000000000000e+00,0.000000000000e+00,2.854218678567e+02,2.836198730469e+02,3.571296296295e-01,2.490740740741e-01,2.986899491315e+03,5.546893601889e+04,1.090000000000e+02
5.530000000000e+02,1.033608424074e+08,1.946127161595e+01,4.178072513824e-01,1.814708255325e-07,3.791862762843e+02,1.240092890729e-03,1.351701250894e-01,-1.350916655283e-01,2.625943383842e+03,-5.489010408997e+03,0.000000000000e+00,0.000000000000e+00,1.342925021243e-03,1.463788273155e-01,0.000000000000e+00,0.000000000000e+00,2.851553768754e+02,2.832793273926e+02,3.692592592592e-01,2.564814814815e-01,2.625943383842e+03,5.547059213816e+04,1.090000000000e+02
5.540000000000e+02,1.033577878296e+08,1.753249041305e+01,4.178029329564e-01,1.811961221377e-07,3.797791017661e+02,1.171424188990e-03,1.276852365999e-01,-1.276117360506e-01,2.579598533624e+03,-4.024277835182e+03,0.000000000000e+00,0.000000000000e+00,1.092549063936e-03,1.190878479691e-01,0.000000000000e+00,0.000000000000e+00,2.852480960790e+02,2.832844848633e+02,3.802777777777e-01,2.664814814815e-01,2.579598533624e+03,5.547001863024e+04,1.090000000000e+02
5.550000000000e+02,1.033514143940e+08,1.652937846991e+01,4.178125947352e-01,1.809234236355e-07,3.803689852408e+02,1.103720845372e-03,1.203055721456e-01,-1.202413381787e-01,2.163288645957e+03,-2.966058437206e+02,0.000000000000e+00,0.000000000000e+00,4.072393948443e-04,4.438909403802e-02,0.000000000000e+00,0.000000000000e+00,2.850406823539e+02,2.829555969238e+02,3.907407407406e-01,2.812962962963e-01,2.163288645957e+03,5.547129894095e+04,1.090000000000e+02
5.560000000000e+02,1.033454777421e+08,1.530432903382e+01,4.178373274862e-01,1.806527039089e-07,3.809559777072e+02,1.013808259908e-03,1.105051003300e-01,-1.104475201850e-01,1.960805032872e+03,-1.903556149820e+02,0.000000000000e+00,0.000000000000e+00,3.560722735557e-04,3.881187781757e-02,0.000000000000e+00,0.000000000000e+00,2.844993618476e+02,2.824926147461e+02,4.010185185185e-01,2.947222222222e-01,1.960805032872e+03,5.547457685896e+04,1.090000000000e+02
5.570000000000e+02,1.033406298468e+08,1.515552042087e+01,4.178162484574e-01,1.803847774415e-07,3.815401275703e+02,9.990075527964e-04,1.088918232548e-01,-1.088360015653e-01,1.805064844415e+03,-1.189719051336e+03,0.000000000000e+00,0.000000000000e+00,4.957551057850e-04,5.403730653057e-02,0.000000000000e+00,0.000000000000e+00,2.850024726618e+02,2.827685852051e+02,4.107407407407e-01,3.062037037037e-01,1.805064844415e+03,5.547153328783e+04,1.090000000000e+02
5.580000000000e+02,1.033355802749e+08,1.416612392205e+01,4.177882733723e-01,1.801179372321e-07,3.821214808961e+02,1.046080417214e-03,1.140227654763e-01,-1.139650291975e-01,1.718554558155e+03,-1.272195732162e+03,0.000000000000e+00,0.000000000000e+00,4.949871231628e-04,5.395359642475e-02,0.000000000000e+00,0.000000000000e+00,2.855977229144e+02,2.836785278320e+02,4.205555555555e-01,3.175925925926e-01,1.718554558155e+03,5.546783347313e+04,1.090000000000e+02
5.590000000000e+02,1.033288729635e+08,1.316081226697e+01,4.177719038414e-01,1.798530002130e-07,3.827000816308e+02,1.082305944690e-03,1.179713479712e-01,-1.179149312140e-01,1.504728759821e+03,1.667738466123e+02,0.000000000000e+00,0.000000000000e+00,2.216229682087e-04,2.415690353475e-02,0.000000000000e+00,0.000000000000e+00,2.859384890314e+02,2.839899291992e+02,4.305555555555e-01,3.318518518518e-01,1.504728759821e+03,5.546567237389e+04,1.090000000000e+02
5.600000000000e+02,1.033281989096e+08,1.514637439835e+01,4.177805916847e-01,1.795899419594e-07,3.832759717926e+02,1.050143187379e-03,1.144656074243e-01,-1.144096704894e-01,1.583842911278e+03,-5.671998118536e+03,0.000000000000e+00,0.000000000000e+00,1.200954017279e-03,1.309039878834e-01,0.000000000000e+00,0.000000000000e+00,2.857583912425e+02,2.839898071289e+02,4.407407407407e-01,3.353703703704e-01,1.583842911278e+03,5.546681835421e+04,1.090000000000e+02
5.610000000000e+02,1.033277964753e+08,1.413536898442e+01,4.177794101993e-01,1.793287387339e-07,3.838491916393e+02,1.000552156948e-03,1.090601851073e-01,-1.090042154447e-01,1.755835634192e+03,-5.643843398047e+03,0.000000000000e+00,0.000000000000e+00,1.224242936159e-03,1.334424800413e-01,0.000000000000e+00,0.000000000000e+00,2.857827919357e+02,2.841086730957e+02,4.507407407407e-01,3.400925925926e-01,1.755835634192e+03,5.546666351176e+04,1.090000000000e+02
5.620000000000e+02,1.033683319092e+08,3.041669088690e+01,4.178020808530e-01,1.790693672400e-07,3.844197798147e+02,1.030602384115e-03,1.123356598686e-01,-1.122548606967e-01,3.393976053556e+03,-4.676215667375e+04,0.000000000000e+00,0.000000000000e+00,8.299066932498e-03,9.045982956422e-01,0.000000000000e+00,0.000000000000e+00,2.853052760168e+02,2.834442443848e+02,4.607407407407e-01,2.755555555556e-01,3.393976053556e+03,5.546966260999e+04,1.090000000000e+02
5.630000000000e+02,1.034137125131e+08,3.416092685924e+01,4.178369289161e-01,1.788118041332e-07,3.849877734793e+02,1.222545781514e-03,1.332574901850e-01,-1.331364562851e-01,7.032638592966e+03,-5.276612454658e+04,0.000000000000e+00,0.000000000000e+00,9.891666714756e-03,1.078191671908e+00,0.000000000000e+00,0.000000000000e+00,2.845522067032e+02,2.832254028320e+02,4.707407407407e-01,1.968518518518e-01,7.032638592966e+03,5.547425681538e+04,1.090000000000e+02
5.640000000000e+02,1.034142582660e+08,2.820977837700e+01,4.178474543276e-01,1.785560274905e-07,3.855532084241e+02,1.249528802492e-03,1.361986394717e-01,-1.360908642967e-01,6.213885269467e+03,-8.095559545941e+03,0.000000000000e+00,0.000000000000e+00,2.366448906680e-03,2.579429308281e-01,0.000000000000e+00,0.000000000000e+00,2.843190410999e+02,2.828412170410e+02,4.803703703703e-01,2.010185185185e-01,6.213885269467e+03,5.547564393504e+04,1.090000000000e+02
5.650000000000e+02,1.034042593752e+08,2.336921555971e+01,4.178622596871e-01,1.783020149443e-07,3.861161191736e+02,1.149401873877e-03,1.252848042526e-01,-1.251997964392e-01,4.296154348658e+03,3.053084468724e+03,0.000000000000e+00,0.000000000000e+00,2.055306803240e-04,2.240284415532e-02,0.000000000000e+00,0.000000000000e+00,2.839829288452e+02,2.824974670410e+02,4.884259259258e-01,2.237962962963e-01,4.296154348658e+03,5.547760922857e+04,1.090000000000e+02
5.660000000000e+02,1.033951932996e+08,2.056313001506e+01,4.178708632447e-01,1.780497447195e-07,3.866765390761e+02,1.051758370933e-03,1.146416624317e-01,-1.145699353723e-01,3.311293938123e+03,2.709816942998e+03,0.000000000000e+00,0.000000000000e+00,9.964250032684e-05,1.086103253563e-02,0.000000000000e+00,0.000000000000e+00,2.837841733277e+02,2.821470336914e+02,4.938888888888e-01,2.435185185185e-01,3.311293938123e+03,5.547875185242e+04,1.090000000000e+02
5.670000000000e+02,1.034042230724e+08,2.591132748995e+01,4.178709523451e-01,1.777991954273e-07,3.872345003858e+02,9.947490505952e-04,1.084276465149e-01,-1.083558573050e-01,3.594828538877e+03,-1.504133131788e+04,0.000000000000e+00,0.000000000000e+00,3.083320106601e-03,3.360818916195e-01,0.000000000000e+00,0.000000000000e+00,2.837823139262e+02,2.823159179688e+02,5.027777777777e-01,2.305555555555e-01,3.594828538877e+03,5.547876211112e+04,1.090000000000e+02
5.680000000000e+02,1.034110273880e+08,2.435309643010e+01,4.178619864350e-01,1.775503457037e-07,3.877900343355e+02,1.062509443614e-03,1.158135293539e-01,-1.157319629213e-01,4.499968001567e+03,-1.322504654980e+04,0.000000000000e+00,0.000000000000e+00,2.931609479973e-03,3.195454333170e-01,0.000000000000e+00,0.000000000000e+00,2.839890337515e+02,2.824949340820e+02,5.124074074073e-01,2.212037037037e-01,4.499968001567e+03,5.547757361136e+04,1.090000000000e+02
5.690000000000e+02,1.034038804196e+08,2.196609322824e+01,4.178468067738e-01,1.773031757935e-07,3.883431712026e+02,1.094708224045e-03,1.193231964209e-01,-1.192464953156e-01,3.612218196104e+03,5.314488102608e+02,0.000000000000e+00,0.000000000000e+00,5.097659477064e-04,5.556448830000e-02,0.000000000000e+00,0.000000000000e+00,2.843323320793e+02,2.828835449219e+02,5.203703703703e-01,2.373148148148e-01,3.612218196104e+03,5.547556674440e+04,1.090000000000e+02
5.700000000000e+02,1.033981759671e+08,2.038468553296e+01,4.178802454383e-01,1.770576650849e-07,3.888939403689e+02,1.045712255704e-03,1.139826358717e-01,-1.139113285039e-01,3.149751256903e+03,-6.152263032633e+02,0.000000000000e+00,0.000000000000e+00,6.229863632644e-04,6.790551359582e-02,0.000000000000e+00,0.000000000000e+00,2.835640742410e+02,2.819721069336e+02,5.270370370370e-01,2.512037037037e-01,3.149751256903e+03,5.547999824260e+04,1.090000000000e+02
5.710000000000e+02,1.033962263903e+08,2.060304199982e+01,4.178879148419e-01,1.768137936095e-07,3.894423703742e+02,9.670063865043e-04,1.054036961290e-01,-1.053391414629e-01,2.976158331934e+03,-3.894798016876e+03,0.000000000000e+00,0.000000000000e+00,1.136800015655e-03,1.239112017064e-01,0.000000000000e+00,0.000000000000e+00,2.833814757834e+02,2.819758911133e+02,5.329629629629e-01,2.574074074074e-01,2.976158331934e+03,5.548101733897e+04,1.090000000000e+02
5.720000000000e+02,1.033921050303e+08,1.879840361967e+01,4.178736868970e-01,1.765715417523e-07,3.899884889653e+02,9.754693437842e-04,1.063261584725e-01,-1.062618892385e-01,2.845713294109e+03,-1.774162314378e+03,0.000000000000e+00,0.000000000000e+00,7.642247526724e-04,8.330049804129e-02,0.000000000000e+00,0.000000000000e+00,2.837167606022e+02,2.819118041992e+02,5.422222222222e-01,2.676851851852e-01,2.845713294109e+03,5.547913554554e+04,1.090000000000e+02
5.730000000000e+02,1.033857080760e+08,1.781679770560e+01,4.178759574538e-01,1.763308904999e-07,3.905323231410e+02,9.615893898529e-04,1.048132434940e-01,-1.047522204591e-01,2.450391613878e+03,5.852678961942e+02,0.000000000000e+00,0.000000000000e+00,3.088074670842e-04,3.366001391218e-02,0.000000000000e+00,0.000000000000e+00,2.836636901143e+02,2.818783264160e+02,5.499074074074e-01,2.811111111111e-01,2.450391613878e+03,5.547943692576e+04,1.090000000000e+02
5.740000000000e+02,1.033841044629e+08,1.852976333924e+01,4.178862702826e-01,1.760918232284e-07,3.910738991925e+02,8.842968435867e-04,9.638835595095e-02,-9.633136708212e-02,2.434460025133e+03,-3.740957296505e+03,0.000000000000e+00,0.000000000000e+00,1.021805538675e-03,1.113768037156e-01,0.000000000000e+00,0.000000000000e+00,2.834205631636e+02,2.820270385742e+02,5.546296296296e-01,2.867592592592e-01,2.434460025133e+03,5.548080117067e+04,1.090000000000e+02
5.750000000000e+02,1.033809748663e+08,1.716945483576e+01,4.179040898398e-01,1.758543167282e-07,3.916132427409e+02,8.089299020532e-04,8.817335932380e-02,-8.812207276081e-02,2.410764678916e+03,-1.759674308130e+03,0.000000000000e+00,0.000000000000e+00,6.898491802863e-04,7.519356065121e-02,0.000000000000e+00,0.000000000000e+00,2.829889883189e+02,2.817007446289e+02,5.629629629629e-01,2.946296296296e-01,2.410764678916e+03,5.548316162016e+04,1.090000000000e+02
5.760000000000e+02,1.033762142175e+08,1.679817045739e+01,4.179000360786e-01,1.756183575925e-07,3.921503787713e+02,7.655926654339e-04,8.344960053230e-02,-8.340383562697e-02,2.163328292612e+03,1.330874139403e+02,0.000000000000e+00,0.000000000000e+00,3.360567264844e-04,3.663018318680e-02,0.000000000000e+00,0.000000000000e+00,2.830879340526e+02,2.819637756348e+02,5.705555555555e-01,3.051851851852e-01,2.163328292612e+03,5.548262744301e+04,1.090000000000e+02
5.770000000000e+02,1.033977896202e+08,2.611453426113e+01,4.178997504399e-01,1.753839224680e-07,3.926853316647e+02,7.966291615239e-04,8.683257860611e-02,-8.677303681344e-02,3.168002750308e+03,-2.638987005959e+04,0.000000000000e+00,0.000000000000e+00,4.889616521290e-03,5.329682008206e-01,0.000000000000e+00,0.000000000000e+00,2.830951649832e+02,2.817910766602e+02,5.754629629629e-01,2.700000000000e-01,3.168002750308e+03,5.548258757037e+04,1.090000000000e+02
5.780000000000e+02,1.034162993015e+08,2.515423380211e+01,4.179180248108e-01,1.751509968545e-07,3.932181252266e+02,8.792133930156e-04,9.583425983870e-02,-9.575762270776e-02,4.732912927237e+03,-2.382276108229e+04,0.000000000000e+00,0.000000000000e+00,4.722272597191e-03,5.147277130939e-01,0.000000000000e+00,0.000000000000e+00,2.826418330272e+02,2.815087585449e+02,5.829629629629e-01,2.397222222222e-01,4.732912927237e+03,5.548499929495e+04,1.090000000000e+02
5.790000000000e+02,1.034107973799e+08,2.198126630872e+01,4.179208360549e-01,1.749195630680e-07,3.937487827139e+02,8.432544195061e-04,9.191473172616e-02,-9.185127942293e-02,3.723078658058e+03,4.054597730332e+02,0.000000000000e+00,0.000000000000e+00,5.486063036612e-04,5.979808709907e-02,0.000000000000e+00,0.000000000000e+00,2.825700725750e+02,2.814277343750e+02,5.899074074073e-01,2.525925925926e-01,3.723078658058e+03,5.548537282044e+04,1.090000000000e+02
5.800000000000e+02,1.034095021348e+08,2.227268501986e+01,4.179169876186e-01,1.746896037175e-07,3.942773268601e+02,8.217614364202e-04,8.957199656980e-02,-8.951324259568e-02,3.351894225059e+03,-3.671480768629e+03,0.000000000000e+00,0.000000000000e+00,1.161874397501e-03,1.266443093276e-01,0.000000000000e+00,0.000000000000e+00,2.826676636762e+02,2.813230285645e+02,5.935185185184e-01,2.572222222222e-01,3.351894225059e+03,5.548486470598e+04,1.090000000000e+02
5.810000000000e+02,1.034082936438e+08,2.085845770229e+01,4.179338701445e-01,1.744611027362e-07,3.948037798979e+02,8.114654100255e-04,8.844972969278e-02,-8.839208146673e-02,3.326523492879e+03,-3.696098109661e+03,0.000000000000e+00,0.000000000000e+00,1.161444510864e-03,1.265974516841e-01,0.000000000000e+00,0.000000000000e+00,2.822313038640e+02,2.810931091309e+02,6.014814814814e-01,2.621296296296e-01,3.326523492879e+03,5.548710157912e+04,1.090000000000e+02
5.820000000000e+02,1.034038131889e+08,1.980870339262e+01,4.179376384026e-01,1.742340382444e-07,3.953281635811e+02,7.662800499000e-04,8.352452543910e-02,-8.347373489981e-02,2.934351519397e+03,-1.513438622099e+02,0.000000000000e+00,0.000000000000e+00,5.104746874365e-04,5.564174093058e-02,0.000000000000e+00,0.000000000000e+00,2.821306133223e+02,2.810392150879e+02,6.063888888888e-01,2.724074074074e-01,2.934351519397e+03,5.548760456759e+04,1.090000000000e+02
5.830000000000e+02,1.033999368641e+08,1.905793517943e+01,4.179433468656e-01,1.740084041169e-07,3.958504992041e+02,7.003043394244e-04,7.633317299726e-02,-7.628780358900e-02,2.717665036293e+03,-3.567926637851e+02,0.000000000000e+00,0.000000000000e+00,5.086108982636e-04,5.543858791073e-02,0.000000000000e+00,0.000000000000e+00,2.819777681807e+02,2.811347045898e+02,6.124074074073e-01,2.811111111111e-01,2.717665036293e+03,5.548835892217e+04,1.090000000000e+02
5.840000000000e+02,1.034382202226e+08,3.524405134860e+01,4.179349593362e-01,1.737841792940e-07,3.963708076207e+02,7.275769380081e-04,7.930588624288e-02,-7.924667330578e-02,4.615983749069e+03,-4.268063194273e+04,0.000000000000e+00,0.000000000000e+00,7.823235721858e-03,8.527326936825e-01,0.000000000000e+00,0.000000000000e+00,2.822022801628e+02,2.814194335938e+02,6.190740740740e-01,2.147222222222e-01,4.615983749069e+03,5.548724500120e+04,1.090000000000e+02
5.850000000000e+02,1.034667498344e+08,3.704303782307e+01,4.179636487917e-01,1.735613470457e-07,3.968891092615e+02,8.848296990486e-04,9.644643719629e-02,-9.636019097016e-02,8.976058598426e+03,-3.387662658007e+04,0.000000000000e+00,0.000000000000e+00,7.086214567303e-03,7.723973878360e-01,0.000000000000e+00,0.000000000000e+00,2.814133393499e+02,2.805650024414e+02,6.231481481480e-01,1.639814814815e-01,8.976058598426e+03,5.549103261531e+04,1.090000000000e+02
5.860000000000e+02,1.034574106387e+08,3.045611803934e+01,4.179669554620e-01,1.733398939243e-07,3.974054241501e+02,8.210815558020e-04,8.949788958241e-02,-8.942902961354e-02,6.650201508409e+03,4.376611985903e+03,0.000000000000e+00,0.000000000000e+00,3.754261675115e-04,4.092145225875e-02,0.000000000000e+00,0.000000000000e+00,2.813175160002e+02,2.805459594727e+02,6.297222222221e-01,1.850000000000e-01,6.650201508409e+03,5.549147162080e+04,1.090000000000e+02
5.870000000000e+02,1.035018726505e+08,1.315359346919e+03,4.179799519328e-01,1.731198036017e-07,3.979197719186e+02,8.984650141911e-04,9.793268654683e-02,-9.760833929340e-02,1.131324536835e+04,-4.987856740932e+04,0.000000000000e+00,0.000000000000e+00,1.033196329791e-02,1.126183999472e+00,0.000000000000e+00,0.000000000000e+00,2.809284538710e+02,2.801643371582e+02,6.332407407406e-01,8.888888888894e-02,1.131324536835e+04,5.549318828161e+04,1.090000000000e+02
5.880000000000e+02,1.035173814883e+08,2.771826816005e+02,4.179767829509e-01,1.729010612965e-07,3.984321718215e+02,1.171427761530e-03,1.276856260068e-01,-1.240442455806e-01,3.856763377582e+04,-2.239250616992e+04,0.000000000000e+00,0.000000000000e+00,9.939885735562e-03,1.083447545176e+00,0.000000000000e+00,0.000000000000e+00,2.810303568368e+02,2.803503723145e+02,6.397222222221e-01,6.546296296297e-02,3.856763377582e+04,5.549274771504e+04,1.090000000000e+02
5.890000000000e+02,1.035169808324e+08,4.437814559846e+02,4.179917543699e-01,1.726836514823e-07,3.989426427495e+02,1.028141418971e-03,1.120674146679e-01,-1.117110582525e-01,1.251789972622e+04,-5.798644865087e+03,0.000000000000e+00,0.000000000000e+00,3.058914863046e-03,3.334217200720e-01,0.000000000000e+00,0.000000000000e+00,2.805620528422e+02,2.799125366211e+02,6.430555555554e-01,7.101851851853e-02,1.251789972622e+04,5.549473554420e+04,1.090000000000e+02
5.900000000000e+02,1.035147275161e+08,8.202668809235e+01,4.179921147304e-01,1.724675609436e-07,3.994512032422e+02,9.185086951807e-04,1.001174477747e-01,-9.949637349034e-02,1.487610036538e+04,-3.268260697170e+03,0.000000000000e+00,0.000000000000e+00,2.945483217547e-03,3.210576707126e-01,0.000000000000e+00,0.000000000000e+00,2.805501487814e+02,2.800462036133e+02,6.483333333333e-01,8.453703703703e-02,1.487610036538e+04,5.549478471768e+04,1.090000000000e+02
5.910000000000e+02,1.035019899469e+08,3.594393624077e+01,4.180059167601e-01,1.722527748928e-07,3.999578714998e+02,8.382198194603e-04,9.136596032117e-02,-9.129086787743e-02,8.829690149065e+03,7.671287132927e+03,0.000000000000e+00,0.000000000000e+00,1.845697756741e-04,2.011810554847e-02,0.000000000000e+00,0.000000000000e+00,2.800854018313e+02,2.794725646973e+02,6.517592592592e-01,1.166666666666e-01,8.829690149065e+03,5.549662034736e+04,1.090000000000e+02
5.920000000000e+02,1.034914691458e+08,3.198795986560e+01,4.180135087452e-01,1.720392791599e-07,4.004626653946e+02,7.513561301291e-04,8.189781818407e-02,-8.183826407396e-02,6.996295842206e+03,5.978984533929e+03,0.000000000000e+00,0.000000000000e+00,1.680618478464e-04,1.831874141525e-02,0.000000000000e+00,0.000000000000e+00,2.798133340631e+02,2.790285949707e+02,6.548148148148e-01,1.392592592592e-01,6.996295842206e+03,5.549763063705e+04,1.090000000000e+02
5.930000000000e+02,1.034838488574e+08,2.940848861853e+01,4.180223461556e-01,1.718270599033e-07,4.009656024818e+02,6.858345567635e-04,7.475596668722e-02,-7.470354494800e-02,5.880025767350e+03,3.474350319666e+03,0.000000000000e+00,0.000000000000e+00,3.977291047774e-04,4.335247242073e-02,0.000000000000e+00,0.000000000000e+00,2.794791527255e+02,2.787380981445e+02,6.601851851852e-01,1.552777777777e-01,5.880025767350e+03,5.549880411978e+04,1.090000000000e+02
5.940000000000e+02,1.035120516403e+08,1.089570158556e+02,4.180313613634e-01,1.716161105820e-07,4.014667000091e+02,7.139324945305e-04,7.781864190382e-02,-7.775528395340e-02,7.697376951860e+03,-3.251816670425e+04,0.000000000000e+00,0.000000000000e+00,6.661532903873e-03,7.261070865221e-01,0.000000000000e+00,0.000000000000e+00,2.791144312895e+02,2.783651733398e+02,6.621296296296e-01,9.712962962961e-02,7.697376951860e+03,5.549999386011e+04,1.090000000000e+02
5.950000000000e+02,1.035280479939e+08,4.705602685330e+02,4.180436060641e-01,1.714064036657e-07,4.019659749271e+02,8.399906160652e-04,9.155897715111e-02,-9.015191650845e-02,2.362886163448e+04,-2.099987946280e+04,0.000000000000e+00,0.000000000000e+00,7.449849468291e-03,8.120335920437e-01,0.000000000000e+00,0.000000000000e+00,2.785655852327e+02,2.781217346191e+02,6.647222222222e-01,5.842592592595e-02,2.362886163448e+04,5.550161069447e+04,1.090000000000e+02
5.960000000000e+02,1.035324249180e+08,1.234030938658e+03,4.180515549976e-01,1.711979324902e-07,4.024634438975e+02,7.793282248802e-04,8.494677651194e-02,-8.395530343158e-02,1.857240504683e+04,-9.036634778956e+03,0.000000000000e+00,0.000000000000e+00,4.698965438140e-03,5.121872327572e-01,0.000000000000e+00,0.000000000000e+00,2.781584243344e+02,2.777251586914e+02,6.687962962963e-01,4.518518518523e-02,1.857240504683e+04,5.550266482749e+04,1.090000000000e+02
5.970000000000e+02,1.035299922091e+08,1.147590308218e+02,4.180441593129e-01,1.709906849578e-07,4.029591233027e+02,8.150191856387e-04,8.883709123462e-02,-8.764261191417e-02,2.003418998812e+04,-2.431667941779e+03,0.000000000000e+00,0.000000000000e+00,3.539456260514e-03,3.858007323961e-01,0.000000000000e+00,0.000000000000e+00,2.785385562952e+02,2.779897155762e+02,6.708333333333e-01,6.620370370370e-02,2.003418998812e+04,5.550168426695e+04,1.090000000000e+02
5.980000000000e+02,1.035171788684e+08,3.583993504444e+01,4.180519452241e-01,1.707846478105e-07,4.034530292530e+02,7.861007555701e-04,8.568498235715e-02,-8.560081452625e-02,8.729652354478e+03,8.062294482460e+03,0.000000000000e+00,0.000000000000e+00,9.803700411363e-05,1.068603344839e-02,0.000000000000e+00,0.000000000000e+00,2.781356585697e+02,2.776170043945e+02,6.718518518518e-01,1.003703703703e-01,8.729652354478e+03,5.550272064864e+04,1.090000000000e+02
5.990000000000e+02,1.035065155734e+08,3.228134265003e+01,4.180551502277e-01,1.705798084189e-07,4.039451775953e+02,6.944027471123e-04,7.568989943524e-02,-7.563747372014e-02,7.060578687329e+03,6.465181388178e+03,0.000000000000e+00,0.000000000000e+00,9.830720230277e-05,1.071548505100e-02,0.000000000000e+00,0.000000000000e+00,2.779536430583e+02,2.773967285156e+02,6.728703703703e-01,1.225925925926e-01,7.060578687329e+03,5.550314796528e+04,1.090000000000e+02
6.000000000000e+02,1.035038507228e+08,3.291336837960e+01,4.180539138586e-01,1.703761655879e-07,4.044355839201e+02,6.218850590345e-04,6.778547143476e-02,-6.773949627474e-02,6.437853834904e+03,-1.094907522998e+03,0.000000000000e+00,0.000000000000e+00,1.245644154159e-03,1.357752128033e-01,0.000000000000e+00,0.000000000000e+00,2.780262810636e+02,2.774201660156e+02,6.750925925925e-01,1.291666666666e-01,6.437853834904e+03,5.550298117427e+04,1.090000000000e+02
6.010000000000e+02,1.035040353635e+08,3.333601861160e+01,4.180570967893e-01,1.701737332523e-07,4.049242635689e+02,5.954822848991e-04,6.490756905400e-02,-6.486207326023e-02,6.871409662015e+03,-3.784705683065e+03,0.000000000000e+00,0.000000000000e+00,1.761872637617e-03,1.920441175002e-01,0.000000000000e+00,0.000000000000e+00,2.778464312456e+02,2.773899841309e+02,6.775000000000e-01,1.292592592592e-01,6.871409662015e+03,5.550338741492e+04,1.090000000000e+02
6.020000000000e+02,1.034981667655e+08,3.106872384356e+01,4.180535049104e-01,1.699724132022e-07,4.054112316406e+02,5.644408250637e-04,6.152404993194e-02,-6.148157417688e-02,6.450029054883e+03,2.456167837203e+03,0.000000000000e+00,0.000000000000e+00,6.601725711435e-04,7.195881025464e-02,0.000000000000e+00,0.000000000000e+00,2.780558167018e+02,2.776781311035e+02,6.792592592592e-01,1.415740740740e-01,6.450029054883e+03,5.550291228213e+04,1.090000000000e+02
6.030000000000e+02,1.034905586177e+08,2.833939457581e+01,4.180679653410e-01,1.697722422820e-07,4.058965029984e+02,5.265852598577e-04,5.739779332449e-02,-5.735903418502e-02,5.557029193765e+03,4.424486160590e+03,0.000000000000e+00,0.000000000000e+00,1.871032896364e-04,2.039425857037e-02,0.000000000000e+00,0.000000000000e+00,2.770785762459e+02,2.766098327637e+02,6.809259259259e-01,1.565740740740e-01,5.557029193765e+03,5.550482818982e+04,1.090000000000e+02
6.040000000000e+02,1.034955675368e+08,3.206255909691e+01,4.180704491666e-01,1.695732240074e-07,4.063800922760e+02,5.081189510797e-04,5.538496566769e-02,-5.534671762011e-02,5.576259182475e+03,-8.080938933374e+03,0.000000000000e+00,0.000000000000e+00,2.258335198686e-03,2.461585366568e-01,0.000000000000e+00,0.000000000000e+00,2.768558522512e+02,2.765415649414e+02,6.816666666666e-01,1.475000000000e-01,5.576259182475e+03,5.550515256839e+04,1.090000000000e+02
6.050000000000e+02,1.035029039947e+08,3.399551508836e+01,4.180717695997e-01,1.693753404094e-07,4.068620138832e+02,5.166851091870e-04,5.631867690138e-02,-5.627748426959e-02,6.965542993736e+03,-1.046016336563e+04,0.000000000000e+00,0.000000000000e+00,2.880945679959e-03,3.140230791156e-01,0.000000000000e+00,0.000000000000e+00,2.767286544583e+02,2.764434814453e+02,6.819444444444e-01,1.341666666666e-01,6.965542993736e+03,5.550531893335e+04,1.090000000000e+02
6.060000000000e+02,1.035067990305e+08,3.585758832013e+01,4.180765810762e-01,1.691785460960e-07,4.073422820120e+02,4.756949432149e-04,5.185074881042e-02,-5.181247780021e-02,7.278403915689e+03,-6.770923327195e+03,0.000000000000e+00,0.000000000000e+00,2.322815075391e-03,2.531868432176e-01,0.000000000000e+00,0.000000000000e+00,2.760658631195e+02,2.759356079102e+02,6.823148148148e-01,1.284259259259e-01,7.278403915689e+03,5.550595546893e+04,1.090000000000e+02
6.070000000000e+02,1.035055425823e+08,3.376041675664e+01,4.180781308893e-01,1.689828645067e-07,4.078209106420e+02,4.783816046143e-04,5.214359490296e-02,-5.210375239012e-02,7.609023083445e+03,-1.635632159356e+03,0.000000000000e+00,0.000000000000e+00,1.528021054250e-03,1.665542949132e-01,0.000000000000e+00,0.000000000000e+00,2.756187666770e+02,2.754302673340e+02,6.821296296296e-01,1.309259259259e-01,7.609023083445e+03,5.550615728105e+04,1.090000000000e+02
6.080000000000e+02,1.034974757250e+08,3.057235024112e+01,4.180767652689e-01,1.687882667891e-07,4.082979135454e+02,4.825743815728e-04,5.260060759144e-02,-5.256315469216e-02,6.309534754072e+03,5.149282393067e+03,0.000000000000e+00,0.000000000000e+00,1.915887244322e-04,2.088317096311e-02,0.000000000000e+00,0.000000000000e+00,2.760305765726e+02,2.757243041992e+02,6.818518518518e-01,1.473148148148e-01,6.309534754072e+03,5.550597758911e+04,1.090000000000e+02
6.090000000000e+02,1.034983284069e+08,3.197245269535e+01,4.180781185575e-01,1.685947564667e-07,4.087733042924e+02,4.535644138436e-04,4.943852110895e-02,-4.940409026115e-02,6.019549951954e+03,-3.594909135860e+03,0.000000000000e+00,0.000000000000e+00,1.589670790274e-03,1.732741161399e-01,0.000000000000e+00,0.000000000000e+00,2.756344909094e+02,2.753952331543e+02,6.808333333333e-01,1.461111111111e-01,6.019549951954e+03,5.550615374684e+04,1.090000000000e+02
6.100000000000e+02,1.035026377453e+08,3.358364634644e+01,4.180773526651e-01,1.684023031394e-07,4.092470962559e+02,4.180844247333e-04,4.557120229593e-02,-4.553842177341e-02,6.732638349302e+03,-6.837002062921e+03,0.000000000000e+00,0.000000000000e+00,2.243420860366e-03,2.445328737799e-01,0.000000000000e+00,0.000000000000e+00,2.758933504892e+02,2.759801940918e+02,6.800000000000e-01,1.382407407407e-01,6.732638349302e+03,5.550605540361e+04,1.090000000000e+02
6.110000000000e+02,1.035010248657e+08,3.244402492396e+01,4.180776990656e-01,1.682109676510e-07,4.097193026160e+02,4.351720509257e-04,4.743375355091e-02,-4.739924785004e-02,6.806312921102e+03,-1.018070603276e+03,0.000000000000e+00,0.000000000000e+00,1.293380185001e-03,1.409784401651e-01,0.000000000000e+00,0.000000000000e+00,2.758312388892e+02,2.755638122559e+02,6.790740740740e-01,1.416666666666e-01,6.806312921102e+03,5.550608463346e+04,1.090000000000e+02
6.120000000000e+02,1.034948326921e+08,2.970664627048e+01,4.180784875635e-01,1.680206314717e-07,4.101899363651e+02,4.161408054546e-04,4.535934779455e-02,-4.532745945231e-02,6.024386487414e+03,3.676219988981e+03,0.000000000000e+00,0.000000000000e+00,3.879558373934e-04,4.228718627588e-02,0.000000000000e+00,0.000000000000e+00,2.753141807791e+02,2.752113037109e+02,6.785185185185e-01,1.534259259259e-01,6.024386487414e+03,5.550618758700e+04,1.090000000000e+02
6.130000000000e+02,1.035005702517e+08,3.379854595900e+01,4.180785300529e-01,1.678313489893e-07,4.106590103113e+02,3.818620819156e-04,4.162296692880e-02,-4.159337482631e-02,6.036748899952e+03,-8.046244880515e+03,0.000000000000e+00,0.000000000000e+00,2.328648238317e-03,2.538226579765e-01,0.000000000000e+00,0.000000000000e+00,2.753637583186e+02,2.754689636230e+02,6.776851851851e-01,1.427777777777e-01,6.036748899952e+03,5.550618863460e+04,1.090000000000e+02
6.140000000000e+02,1.035072002742e+08,3.519000776393e+01,4.180780331888e-01,1.676431127307e-07,4.111265370835e+02,3.848342389567e-04,4.194693204627e-02,-4.191440531488e-02,7.585181488543e+03,-8.956538560365e+03,0.000000000000e+00,0.000000000000e+00,2.734618965839e-03,2.980734672765e-01,0.000000000000e+00,0.000000000000e+00,2.749672347234e+02,2.750495300293e+02,6.754629629629e-01,1.311111111111e-01,7.585181488543e+03,5.550611133847e+04,1.090000000000e+02
6.150000000000e+02,1.035010025369e+08,3.179144737466e+01,4.180755881421e-01,1.674558643604e-07,4.115925291348e+02,3.400837275770e-04,3.706912630589e-02,-3.704155144091e-02,6.838017116997e+03,4.141710486116e+03,0.000000000000e+00,0.000000000000e+00,4.453503817435e-04,4.854319161004e-02,0.000000000000e+00,0.000000000000e+00,2.744616860305e+02,2.745464477539e+02,6.739814814814e-01,1.426851851852e-01,6.838017116997e+03,5.550578554142e+04,1.090000000000e+02
6.160000000000e+02,1.034936289811e+08,2.896748513836e+01,4.180711917743e-01,1.672696251173e-07,4.120569987467e+02,3.045604691874e-04,3.319709114142e-02,-3.317375996607e-02,5.765138895560e+03,5.532230124965e+03,0.000000000000e+00,0.000000000000e+00,3.824386503925e-05,4.168581289278e-03,0.000000000000e+00,0.000000000000e+00,2.739590648539e+02,2.740815124512e+02,6.713888888889e-01,1.572222222222e-01,5.765138895560e+03,5.550520057185e+04,1.090000000000e+02
6.170000000000e+02,1.034887992820e+08,2.787799070690e+01,4.180724778107e-01,1.670843863154e-07,4.125199580329e+02,2.632300934989e-04,2.869208019138e-02,-2.867281987888e-02,5.169689216986e+03,3.238207647910e+03,0.000000000000e+00,0.000000000000e+00,3.192456391180e-04,3.479777466386e-02,0.000000000000e+00,0.000000000000e+00,2.740840987246e+02,2.743074951172e+02,6.669444444444e-01,1.662962962963e-01,5.169689216986e+03,5.550537114419e+04,1.090000000000e+02
6.180000000000e+02,1.034842155736e+08,2.708481607264e+01,2.680648034626e+03,4.430752320265e-03,1.000000000000e+02,1.964351355426e-04,2.141142977414e-02,-2.433520220876e-02,4.945428285932e+03,3.232974508778e+03,1.600102706034e-05,1.744111949578e-03,2.670703846720e-04,2.911067192925e-02,4.320277306293e-04,4.709102263859e-02,2.741625842559e+02,2.743923034668e+02,6.609259259259e-01,1.744444444444e-01,4.945428285932e+03,5.550546950991e+04,1.090000000000e+02
6.190000000000e+02,1.034790939535e+08,2.616849667429e+01,9.418182430099e+03,1.556713520741e-02,1.000000000000e+02,-4.554577637120e-05,-4.964489624461e-03,-1.243624366197e-02,4.653295756773e+03,4.431343307926e+03,3.668640820840e-05,3.998818494716e-03,0.000000000000e+00,0.000000000000e+00,9.905330216269e-04,1.079680993573e-01,2.738116629102e+02,2.744028015137e+02,6.550000000000e-01,1.837037037037e-01,4.653295756773e+03,5.550497935903e+04,1.090000000000e+02
6.200000000000e+02,1.034748452771e+08,2.460093389296e+01,1.953984510187e+04,3.159994508125e-02,1.021497223489e+02,-3.021612343571e-04,-3.293557454493e-02,-1.152370024990e-03,4.297572642318e+03,4.184713516331e+03,1.842172791103e-05,2.007968342303e-03,0.000000000000e+00,0.000000000000e+00,1.378718440650e-03,1.502803100309e-01,2.732202123873e+02,2.738864746094e+02,2.620370370370e-02,1.909259259259e-01,4.297572642318e+03,5.550385022265e+04,1.090000000000e+02
6.210000000000e+02,1.034708350983e+08,2.540783608690e+01,3.113805000397e+04,4.628922426642e-02,1.110200859142e+02,-3.434719210569e-04,-3.743843939520e-02,-1.617635791390e-04,4.000393356266e+03,4.001200258459e+03,0.000000000000e+00,0.000000000000e+00,0.000000000000e+00,0.000000000000e+00,1.572144310535e-03,1.713637298483e-01,2.732095599437e+02,2.735253601074e+02,0.000000000000e+00,1.984259259259e-01,4.000393356266e+03,5.550382770657e+04,1.090000000000e+02
6.220000000000e+02,1.034669891692e+08,2.456517629743e+01,4.214947986054e+04,5.829599209845e-02,1.193841883376e+02,-3.672432410374e-04,-4.002951327307e-02,0.000000000000e+00,3.846773862731e+03,3.845931202944e+03,0.000000000000e+00,0.000000000000e+00,0.000000000000e+00,0.000000000000e+00,1.452851776293e-03,1.583608436159e-01,2.732117669212e+02,2.733212890625e+02,0.000000000000e+00,2.057407407407e-01,3.846773862731e+03,5.550383266032e+04,1.090000000000e+02
6.230000000000e+02,1.034632737258e+08,2.427081866690e+01,5.206233150519e+04,6.781093112574e-02,1.268202031564e+02,-3.735446589083e-04,-4.071636782100e-02,0.000000000000e+00,3.715739111848e+03,3.715444754215e+03,0.000000000000e+00,0.000000000000e+00,0.000000000000e+00,0.000000000000e+00,1.264961188108e-03,1.378807695038e-01,2.732094050878e+02,2.729063110352e+02,0.000000000000e+00,2.132407407407e-01,3.715739111848e+03,5.550382735899e+04,1.090000000000e+02
6.240000000000e+02,1.034596777681e+08,2.402400066806e+01,6.281635585751e+04,7.814138281852e-02,1.328166686906e+02,-3.681634001684e-04,-4.012981061835e-02,0.000000000000e+00,3.596204777399e+03,3.595957959402e+03,0.000000000000e+00,0.000000000000e+00,0.000000000000e+00,0.000000000000e+00,1.409386801002e-03,1.536231613092e-01,2.732069332214e+02,2.722380981445e+02,0.000000000000e+00,2.204629629629e-01,3.596204777399e+03,5.550382180336e+04,1.090000000000e+02
6.250000000000e+02,1.034561784693e+08,2.369887622619e+01,7.353574885333e+04,8.796869516138e-02,1.381290113851e+02,-3.618468226588e-04,-3.944130366981e-02,0.000000000000e+00,3.499624831963e+03,3.499299707519e+03,0.000000000000e+00,0.000000000000e+00,0.000000000000e+00,0.000000000000e+00,1.409978725159e-03,1.536876810424e-01,2.732052883228e+02,2.720433349609e+02,0.000000000000e+00,2.273148148148e-01,3.499624831963e+03,5.550381810177e+04,1.090000000000e+02
6.260000000000e+02,1.034527629414e+08,2.363499445614e+01,8.380189361168e+04,9.668401278001e-02,1.432339765362e+02,-3.562057547341e-04,-3.882642726602e-02,0.000000000000e+00,3.415591009658e+03,3.415527127889e+03,0.000000000000e+00,0.000000000000e+00,0.000000000000e+00,0.000000000000e+00,1.340707254867e-03,1.461370907805e-01,2.732009467078e+02,2.718146057129e+02,0.000000000000e+00,2.349074074074e-01,3.415591009658e+03,5.550380831919e+04,1.090000000000e+02
6.270000000000e+02,1.034494278306e+08,2.375201387327e+01,9.410392214555e+04,1.052963842069e-01,1.476944129021e+02,-3.646202330807e-04,-3.974360540579e-02,0.000000000000e+00,3.334993808967e+03,3.335110828394e+03,0.000000000000e+00,0.000000000000e+00,0.000000000000e+00,0.000000000000e+00,1.338221648040e-03,1.458661596363e-01,2.731952374885e+02,2.714259948730e+02,0.000000000000e+00,2.421296296296e-01,3.334993808967e+03,5.550379542329e+04,1.090000000000e+02
6.280000000000e+02,1.034461656645e+08,2.391824520694e+01,1.061706234516e+05,1.160047716887e-01,1.512568616633e+02,-3.671711556309e-04,-4.002165596377e-02,0.000000000000e+00,3.261999990556e+03,3.262166221898e+03,0.000000000000e+00,0.000000000000e+00,0.000000000000e+00,0.000000000000e+00,1.627358355949e-03,1.773820607985e-01,2.731896514676e+02,2.707429199219e+02,0.000000000000e+00,2.494444444444e-01,3.261999990556e+03,5.550378277040e+04,1.090000000000e+02
6.290000000000e+02,1.034429641305e+08,2.395873995199e+01,1.191039153290e+05,1.276163803707e-01,1.542478052726e+02,-3.559943218811e-04,-3.880338108504e-02,0.000000000000e+00,3.201493779311e+03,3.201534274060e+03,0.000000000000e+00,0.000000000000e+00,0.000000000000e+00,0.000000000000e+00,1.781774934550e-03,1.942134678660e-01,2.731861024883e+02,2.704045104980e+02,0.000000000000e+00,2.570370370370e-01,3.201493779311e+03,5.550377471367e+04,1.090000000000e+02
6.300000000000e+02,1.034398228588e+08,2.408880488452e+01,1.319744895079e+05,1.386142340627e-01,1.573587640823e+02,-3.580668967600e-04,-3.902929174684e-02,0.000000000000e+00,3.141141622919e+03,3.141271687847e+03,0.000000000000e+00,0.000000000000e+00,0.000000000000e+00,0.000000000000e+00,1.769334952477e-03,1.928575098200e-01,2.731827095211e+02,2.700735168457e+02,0.000000000000e+00,2.636111111111e-01,3.141141622919e+03,5.550376699839e+04,1.090000000000e+02
6.310000000000e+02,1.034367321775e+08,2.450628963419e+01,1.455711960899e+05,1.501836691418e-01,1.602023469585e+02,-3.594218267322e-04,-3.917697911381e-02,0.000000000000e+00,3.090264662582e+03,3.090682147338e+03,0.000000000000e+00,0.000000000000e+00,0.000000000000e+00,0.000000000000e+00,1.888005983644e-03,2.057926522172e-01,2.731774655163e+02,2.694647521973e+02,0.000000000000e+00,2.709259259259e-01,3.090264662582e+03,5.550375504835e+04,1.090000000000e+02
6.320000000000e+02,1.034336879240e+08,2.526981220147e+01,1.570766868288e+05,1.584997037403e-01,1.637965528058e+02,-3.451190424772e-04,-3.761797563002e-02,0.000000000000e+00,3.043488795623e+03,3.044252318193e+03,0.000000000000e+00,0.000000000000e+00,0.000000000000e+00,0.000000000000e+00,1.556652719040e-03,1.696751463754e-01,2.731702667739e+02,2.685157775879e+02,0.000000000000e+00,2.780555555555e-01,3.043488795623e+03,5.550373859332e+04,1.090000000000e+02
6.330000000000e+02,1.034306871148e+08,2.591568213480e+01,1.671906944681e+05,1.657213291997e-01,1.667474642704e+02,-3.229937716310e-04,-3.520632110777e-02,0.000000000000e+00,3.000163113962e+03,3.000808983901e+03,0.000000000000e+00,0.000000000000e+00,0.000000000000e+00,0.000000000000e+00,1.348775990386e-03,1.470165829521e-01,2.731646816259e+02,2.681567382813e+02,0.000000000000e+00,2.854629629629e-01,3.000163113962e+03,5.550372578609e+04,1.090000000000e+02
6.340000000000e+02,1.034277258044e+08,2.666591222000e+01,1.796951464772e+05,1.751175839844e-01,1.696038434929e+02,-3.175495239077e-04,-3.461289810594e-02,0.000000000000e+00,2.960560487630e+03,2.961310717703e+03,0.000000000000e+00,0.000000000000e+00,0.000000000000e+00,0.000000000000e+00,1.749341270153e-03,1.906781984466e-01,2.731587345198e+02,2.678457641602e+02,0.000000000000e+00,2.926851851852e-01,2.960560487630e+03,5.550371211063e+04,1.090000000000e+02
6.350000000000e+02,1.034247989082e+08,2.779653151713e+01,1.920393604678e+05,1.838424530995e-01,1.726539361633e+02,-3.124920631222e-04,-3.406163488032e-02,0.000000000000e+00,2.925766347994e+03,2.926896967287e+03,0.000000000000e+00,0.000000000000e+00,0.000000000000e+00,0.000000000000e+00,1.727918669198e-03,1.883431349426e-01,2.731512989980e+02,2.672311096191e+02,0.000000000000e+00,3.010185185185e-01,2.925766347994e+03,5.550369495740e+04,1.090000000000e+02
6.360000000000e+02,1.034219017521e+08,2.879894531243e+01,2.026849057317e+05,1.907731285871e-01,1.756056719146e+02,-3.059969637309e-04,-3.335366904667e-02,0.000000000000e+00,2.896154841469e+03,2.897157255259e+03,0.000000000000e+00,0.000000000000e+00,0.000000000000e+00,0.000000000000e+00,1.453634189808e-03,1.584461266890e-01,2.731457156103e+02,2.670113830566e+02,0.000000000000e+00,3.079629629629e-01,2.896154841469e+03,5.550368203618e+04,1.090000000000e+02
6.370000000000e+02,1.034190307569e+08,2.964426891133e+01,2.131213814507e+05,1.975393854889e-01,1.783238988114e+02,-3.018192523794e-04,-3.289829850936e-02,0.000000000000e+00,2.870151553450e+03,2.870996877040e+03,0.000000000000e+00,0.000000000000e+00,0.000000000000e+00,0.000000000000e+00,1.423254649706e-03,1.551347568180e-01,2.731415784124e+02,2.674907226562e+02,0.000000000000e+00,3.155555555555e-01,2.870151553450e+03,5.550367243889e+04,1.090000000000e+02
6.380000000000e+02,1.034161843453e+08,3.062762578367e+01,2.244393060574e+05,2.050782514235e-01,1.808911034968e+02,-3.075022929375e-04,-3.351774993019e-02,0.000000000000e+00,2.845428224467e+03,2.846411581338e+03,0.000000000000e+00,0.000000000000e+00,0.000000000000e+00,0.000000000000e+00,1.563266479650e-03,1.703960462818e-01,2.731370870395e+02,2.673902587891e+02,0.000000000000e+00,3.237962962963e-01,2.845428224467e+03,5.550366199781e+04,1.090000000000e+02
6.390000000000e+02,1.034133643693e+08,3.175542139543e+01,2.344055822449e+05,2.117537937362e-01,1.829683626391e+02,-2.949289255740e-04,-3.214725288757e-02,0.000000000000e+00,2.818848253874e+03,2.819976049481e+03,0.000000000000e+00,0.000000000000e+00,0.000000000000e+00,0.000000000000e+00,1.352424119603e-03,1.474142290367e-01,2.731322971472e+02,2.672338867188e+02,0.000000000000e+00,3.300925925926e-01,2.818848253874e+03,5.550365083761e+04,1.090000000000e+02
6.400000000000e+02,1.034105651114e+08,3.338738757265e+01,2.428926606600e+05,2.155510142747e-01,1.862536422061e+02,-2.974271815197e-04,-3.241956278564e-02,0.000000000000e+00,2.797626409596e+03,2.799258375796e+03,0.000000000000e+00,0.000000000000e+00,0.000000000000e+00,0.000000000000e+00,1.105430050418e-03,1.204918754956e-01,2.731260058599e+02,2.668755798340e+02,0.000000000000e+00,3.379629629629e-01,2.797626409596e+03,5.550363614083e+04,1.090000000000e+02
6.410000000000e+02,1.034077852789e+08,3.480393372817e+01,2.556856204366e+05,2.248532060846e-01,1.879528039365e+02,-3.091016423340e-04,-3.369207901441e-02,0.000000000000e+00,2.778416332532e+03,2.779832878692e+03,0.000000000000e+00,0.000000000000e+00,0.000000000000e+00,0.000000000000e+00,1.805481993252e-03,1.967975372644e-01,2.731212712059e+02,2.667943420410e+02,0.000000000000e+00,3.447222222222e-01,2.778416332532e+03,5.550362505090e+04,1.090000000000e+02
6.420000000000e+02,1.034050238726e+08,3.664697570871e+01,2.695310144636e+05,2.349577552254e-01,1.896101673231e+02,-3.205524339081e-04,-3.494021529598e-02,0.000000000000e+00,2.759563289663e+03,2.761406331641e+03,0.000000000000e+00,0.000000000000e+00,0.000000000000e+00,0.000000000000e+00,1.967993167088e-03,2.145112552126e-01,2.731152841970e+02,2.665367736816e+02,0.000000000000e+00,3.534259259259e-01,2.759563289663e+03,5.550361099183e+04,1.090000000000e+02
6.430000000000e+02,1.034022800135e+08,3.973899592029e+01,2.815314238324e+05,2.426602954282e-01,1.917660732966e+02,-3.035010585963e-04,-3.308161538699e-02,0.000000000000e+00,2.740766230830e+03,2.743858251047e+03,0.000000000000e+00,0.000000000000e+00,0.000000000000e+00,0.000000000000e+00,1.680091327962e-03,1.831299547479e-01,2.731068207330e+02,2.658544006348e+02,0.000000000000e+00,3.604629629629e-01,2.740766230830e+03,5.550359104910e+04,1.090000000000e+02
6.440000000000e+02,1.033995567692e+08,4.449665433360e+01,2.927829832923e+05,2.495801215358e-01,1.939011357568e+02,-2.847453290514e-04,-3.103724086660e-02,0.000000000000e+00,2.718486709263e+03,2.723244367677e+03,0.000000000000e+00,0.000000000000e+00,0.000000000000e+00,0.000000000000e+00,1.575074591959e-03,1.716831305236e-01,2.730958765289e+02,2.650914611816e+02,0.000000000000e+00,3.683333333333e-01,2.718486709263e+03,5.550356514150e+04,1.090000000000e+02
6.450000000000e+02,1.033968558016e+08,5.017158924291e+01,3.024286781061e+05,2.551702082816e-01,1.959017296984e+02,-2.727243967344e-04,-2.972695924405e-02,0.000000000000e+00,2.695292429913e+03,2.700967364825e+03,0.000000000000e+00,0.000000000000e+00,0.000000000000e+00,0.000000000000e+00,1.321655912669e-03,1.440604944809e-01,2.730858613336e+02,2.644819641113e+02,0.000000000000e+00,3.770370370370e-01,2.695292429913e+03,5.550354131448e+04,1.090000000000e+02
6.460000000000e+02,1.033941722581e+08,5.593026241659e+01,3.115263844324e+05,2.601208237957e-01,1.979546155373e+02,-2.527867984989e-04,-2.755376103638e-02,0.000000000000e+00,2.677785093912e+03,2.683543767088e+03,0.000000000000e+00,0.000000000000e+00,0.000000000000e+00,0.000000000000e+00,1.251012765343e-03,1.363603914224e-01,2.730776318239e+02,2.644597473145e+02,0.000000000000e+00,3.848148148148e-01,2.677785093912e+03,5.550352165069e+04,1.090000000000e+02
6.470000000000e+02,1.033915006710e+08,6.156512631877e+01,3.218766853865e+05,2.658953857141e-01,2.000899358289e+02,-2.637843110899e-04,-2.875248990880e-02,0.000000000000e+00,2.665952120247e+03,2.671586984153e+03,0.000000000000e+00,0.000000000000e+00,0.000000000000e+00,0.000000000000e+00,1.447057933024e-03,1.577293146996e-01,2.730708029936e+02,2.643859558105e+02,0.000000000000e+00,3.929629629630e-01,2.665952120247e+03,5.550350527530e+04,1.090000000000e+02
6.480000000000e+02,1.033888418690e+08,6.995008081904e+01,3.321215054560e+05,2.714796716774e-01,2.022119717566e+02,-2.652501334202e-04,-2.891226454280e-02,0.000000000000e+00,2.650417012292e+03,2.658801966796e+03,0.000000000000e+00,0.000000000000e+00,0.000000000000e+00,0.000000000000e+00,1.428171791548e-03,1.556707252787e-01,2.730588560939e+02,2.635574340820e+02,0.000000000000e+00,4.016666666667e-01,2.650417012292e+03,5.550347650162e+04,1.090000000000e+02
6.490000000000e+02,1.033862006055e+08,8.207675316331e+01,3.408445468150e+05,2.757331566675e-01,2.043220130084e+02,-2.476977744011e-04,-2.699905740972e-02,0.000000000000e+00,2.629137051018e+03,2.641263723365e+03,0.000000000000e+00,0.000000000000e+00,0.000000000000e+00,0.000000000000e+00,1.194184320629e-03,1.301660909486e-01,2.730453941678e+02,2.634318237305e+02,0.000000000000e+00,4.096296296296e-01,2.629137051018e+03,5.550344388511e+04,1.090000000000e+02
6.500000000000e+02,1.033835769222e+08,9.682281615125e+01,3.493413018047e+05,2.798041606019e-01,2.063688489581e+02,-2.320750241015e-04,-2.529617762706e-02,0.000000000000e+00,2.608939066670e+03,2.623685129661e+03,0.000000000000e+00,0.000000000000e+00,0.000000000000e+00,0.000000000000e+00,1.172405533845e-03,1.277922031891e-01,2.730324536899e+02,2.631764831543e+02,0.000000000000e+00,4.180555555555e-01,2.608939066670e+03,5.550341233704e+04,1.090000000000e+02
6.510000000000e+02,1.033809672044e+08,1.123657217276e+02,3.590529486055e+05,2.851487090553e-01,2.081306134170e+02,-2.256270479154e-04,-2.459334822278e-02,0.000000000000e+00,2.594175360601e+03,2.609718266179e+03,0.000000000000e+00,0.000000000000e+00,0.000000000000e+00,0.000000000000e+00,1.379659983138e-03,1.503829381620e-01,2.730224235852e+02,2.627090454102e+02,0.000000000000e+00,4.263888888889e-01,2.594175360601e+03,5.550338775260e+04,1.090000000000e+02
6.520000000000e+02,1.033783711055e+08,1.338828540117e+02,3.672672894009e+05,2.889267274120e-01,2.101087240991e+02,-2.120943962614e-04,-2.311828919249e-02,0.000000000000e+00,2.574581836781e+03,2.596098969069e+03,0.000000000000e+00,0.000000000000e+00,0.000000000000e+00,0.000000000000e+00,1.145729269900e-03,1.248844904191e-01,2.730013552372e+02,2.621520385742e+02,0.000000000000e+00,4.351944444444e-01,2.574581836781e+03,5.550333574317e+04,1.090000000000e+02
6.530000000000e+02,1.033757992389e+08,1.650948780780e+02,3.741124570892e+05,2.914178375585e-01,2.121955588579e+02,-1.941751316569e-04,-2.116508935060e-02,0.000000000000e+00,2.540655258891e+03,2.571867282958e+03,0.000000000000e+00,0.000000000000e+00,0.000000000000e+00,0.000000000000e+00,9.373440252946e-04,1.021704987571e-01,2.729777273497e+02,2.611498107910e+02,0.000000000000e+00,4.440097222222e-01,2.540655258891e+03,5.550327681582e+04,1.090000000000e+02
6.540000000000e+02,1.033732424121e+08,1.959948344726e+02,3.828934675286e+05,2.958741608516e-01,2.139053257845e+02,-2.101632399134e-04,-2.290779315057e-02,0.000000000000e+00,2.525926986164e+03,2.556826942561e+03,0.000000000000e+00,0.000000000000e+00,0.000000000000e+00,0.000000000000e+00,1.241308520100e-03,1.353026286908e-01,2.729676429349e+02,2.612925415039e+02,0.000000000000e+00,4.518893518518e-01,2.525926986164e+03,5.550325146889e+04,1.090000000000e+02
6.550000000000e+02,1.033706877618e+08,2.282031699115e+02,3.909735950580e+05,2.995940993714e-01,2.157075773316e+02,-2.186012999762e-04,-2.382754169741e-02,0.000000000000e+00,2.522443321734e+03,2.554651657177e+03,0.000000000000e+00,0.000000000000e+00,0.000000000000e+00,0.000000000000e+00,1.117042740384e-03,1.217576587019e-01,2.729504622729e+02,2.609349670410e+02,0.000000000000e+00,4.600856712963e-01,2.522443321734e+03,5.550320802050e+04,1.090000000000e+02
6.560000000000e+02,1.033681445163e+08,2.695534985357e+02,3.975070905997e+05,3.018891006737e-01,2.176453421553e+02,-1.965950555607e-04,-2.142886105612e-02,0.000000000000e+00,2.501896571189e+03,2.543246899815e+03,0.000000000000e+00,0.000000000000e+00,0.000000000000e+00,0.000000000000e+00,8.834262961272e-04,9.629346627787e-02,2.729244986596e+02,2.602474670410e+02,0.000000000000e+00,4.671718761574e-01,2.501896571189e+03,5.550314172772e+04,1.090000000000e+02
6.570000000000e+02,1.033656148583e+08,3.161595289989e+02,4.060396297277e+05,3.061023011855e-01,2.192574387348e+02,-1.882943859140e-04,-2.052408806463e-02,0.000000000000e+00,2.483052272748e+03,2.529658303211e+03,0.000000000000e+00,0.000000000000e+00,0.000000000000e+00,0.000000000000e+00,1.222141361601e-03,1.332134084145e-01,2.729048432772e+02,2.592016906738e+02,0.000000000000e+00,4.744422696759e-01,2.483052272748e+03,5.550309103381e+04,1.090000000000e+02
6.580000000000e+02,1.033630917401e+08,3.658981233784e+02,4.135517775088e+05,3.093584842044e-01,2.209637102086e+02,-1.821891712298e-04,-1.985861966405e-02,0.000000000000e+00,2.473380542384e+03,2.523119136766e+03,0.000000000000e+00,0.000000000000e+00,0.000000000000e+00,0.000000000000e+00,1.059593950557e-03,1.154957406107e-01,2.728841192505e+02,2.587669372559e+02,0.000000000000e+00,4.815796377893e-01,2.473380542384e+03,5.550303710581e+04,1.090000000000e+02
6.590000000000e+02,1.033605760643e+08,4.191828914812e+02,4.197594491552e+05,3.114209101584e-01,2.227954413751e+02,-1.823821189378e-04,-1.987965096422e-02,0.000000000000e+00,2.462391556370e+03,2.515676324477e+03,0.000000000000e+00,0.000000000000e+00,0.000000000000e+00,0.000000000000e+00,8.437701948574e-04,9.197095123945e-02,2.728670452331e+02,2.591825561523e+02,0.000000000000e+00,4.882018831597e-01,2.462391556370e+03,5.550299230272e+04,1.090000000000e+02
6.600000000000e+02,1.033580666597e+08,4.744373174195e+02,4.270850301231e+05,3.145927449514e-01,2.243983734753e+02,-1.890097042689e-04,-2.060205776531e-02,0.000000000000e+00,2.454151570160e+03,2.509405996099e+03,0.000000000000e+00,0.000000000000e+00,0.000000000000e+00,0.000000000000e+00,1.021923887080e-03,1.113897036917e-01,2.728510764373e+02,2.589403686523e+02,0.000000000000e+00,4.944763060214e-01,2.454151570160e+03,5.550295009565e+04,1.090000000000e+02
6.610000000000e+02,1.033555682925e+08,5.351352544262e+02,4.351925417324e+05,3.184398718869e-01,2.258960765064e+02,-1.855903002941e-04,-2.022934273205e-02,0.000000000000e+00,2.437669704278e+03,2.498367641288e+03,0.000000000000e+00,0.000000000000e+00,0.000000000000e+00,0.000000000000e+00,1.154611794261e-03,1.258526855744e-01,2.728274927436e+02,2.588750610352e+02,0.000000000000e+00,5.010059587992e-01,2.437669704278e+03,5.550288722548e+04,1.090000000000e+02
6.620000000000e+02,1.033536456522e+08,6.951055551147e+02,4.424898947176e+05,3.215550569498e-01,2.274591403159e+02,-1.745447888917e-04,-1.902538198919e-02,0.000000000000e+00,1.762668701078e+03,1.922639001769e+03,0.000000000000e+00,0.000000000000e+00,0.000000000000e+00,0.000000000000e+00,1.031696796978e-03,1.124549508706e-01,2.728006420380e+02,2.585750122070e+02,0.000000000000e+00,5.029640102114e-01,1.762668701078e+03,5.550281429949e+04,1.090000000000e+02
6.630000000000e+02,1.033517781261e+08,8.980989108516e+02,4.489133386137e+05,3.239071991434e-01,2.290855816803e+02,-1.729077008540e-04,-1.884693939309e-02,0.000000000000e+00,1.664530944241e+03,1.867524299978e+03,0.000000000000e+00,0.000000000000e+00,0.000000000000e+00,0.000000000000e+00,8.889144481152e-04,9.689167484456e-02,2.727839719546e+02,2.581688537598e+02,0.000000000000e+00,5.074965345169e-01,1.664530944241e+03,5.550276894916e+04,1.090000000000e+02
6.640000000000e+02,1.033497208214e+08,1.060714058456e+03,4.553153153343e+05,3.262741955989e-01,2.306669993724e+02,-1.873573968771e-04,-2.042195625960e-02,0.000000000000e+00,1.894689779368e+03,2.057304926976e+03,0.000000000000e+00,0.000000000000e+00,0.000000000000e+00,0.000000000000e+00,8.708520816784e-04,9.492287690295e-02,2.727847546385e+02,2.584033508301e+02,0.000000000000e+00,5.121355961965e-01,1.894689779368e+03,5.550277110430e+04,1.090000000000e+02
6.650000000000e+02,1.033475903821e+08,1.210627882964e+03,4.616718208141e+05,3.286247958373e-01,2.322144593845e+02,-1.983753663598e-04,-2.162291493322e-02,0.000000000000e+00,1.980525263607e+03,2.130439088116e+03,0.000000000000e+00,0.000000000000e+00,0.000000000000e+00,0.000000000000e+00,8.523528891828e-04,9.290646492092e-02,2.727760032686e+02,2.589501037598e+02,0.000000000000e+00,5.156306205020e-01,1.980525263607e+03,5.550274716557e+04,1.090000000000e+02
6.660000000000e+02,1.033454292457e+08,1.364389350048e+03,4.703126132121e+05,3.330195430739e-01,2.334391149915e+02,-1.908744433276e-04,-2.080531432271e-02,0.000000000000e+00,2.007378470399e+03,2.161139937486e+03,0.000000000000e+00,0.000000000000e+00,0.000000000000e+00,0.000000000000e+00,1.237473204173e-03,1.348845792549e-01,2.727572790448e+02,2.585108337402e+02,0.000000000000e+00,5.219136723026e-01,2.007378470399e+03,5.550269562930e+04,1.090000000000e+02
6.670000000000e+02,1.033433213585e+08,1.504885108104e+03,4.793931889676e+05,3.377716345110e-01,2.345986992158e+02,-1.868574901778e-04,-2.036746642938e-02,0.000000000000e+00,1.967394890702e+03,2.107890648758e+03,0.000000000000e+00,0.000000000000e+00,0.000000000000e+00,0.000000000000e+00,1.314136833839e-03,1.432409148885e-01,2.727527658646e+02,2.590639648438e+02,0.000000000000e+00,5.255524524531e-01,1.967394890702e+03,5.550268307398e+04,1.090000000000e+02
6.680000000000e+02,1.033416489742e+08,1.864569667721e+03,4.862024711270e+05,3.405223932761e-01,2.360092020541e+02,-1.804917421943e-04,-1.967359989918e-02,0.000000000000e+00,1.312695583226e+03,1.672380142839e+03,0.000000000000e+00,0.000000000000e+00,0.000000000000e+00,0.000000000000e+00,9.451343364878e-04,1.030196426772e-01,2.727323321879e+02,2.579129638672e+02,0.000000000000e+00,5.269519662215e-01,1.312695583226e+03,5.550262555447e+04,1.090000000000e+02
6.690000000000e+02,1.033397644156e+08,2.138962927446e+03,4.919215073715e+05,3.423339716503e-01,2.375218985975e+02,-1.594133729590e-04,-1.737605765253e-02,0.000000000000e+00,1.610164127720e+03,1.884557387443e+03,0.000000000000e+00,0.000000000000e+00,0.000000000000e+00,0.000000000000e+00,7.859740877493e-04,8.567117556468e-02,2.727179831591e+02,2.584201660156e+02,0.000000000000e+00,5.310537093350e-01,1.610164127720e+03,5.550258534365e+04,1.090000000000e+02
6.700000000000e+02,1.033378258118e+08,2.397944105851e+03,4.977483998594e+05,3.442678156520e-01,2.389855632985e+02,-1.454090976809e-04,-1.584959164722e-02,0.000000000000e+00,1.679622631293e+03,1.938603809697e+03,0.000000000000e+00,0.000000000000e+00,0.000000000000e+00,0.000000000000e+00,8.178058007461e-04,8.914083228133e-02,2.727043513536e+02,2.589536132812e+02,0.000000000000e+00,5.361865387256e-01,1.679622631293e+03,5.550254690110e+04,1.090000000000e+02
6.710000000000e+02,1.033358605706e+08,2.653653859637e+03,5.043472316106e+05,3.468863693327e-01,2.403261332913e+02,-1.609206040615e-04,-1.754034584270e-02,0.000000000000e+00,1.709532453547e+03,1.965242207332e+03,0.000000000000e+00,0.000000000000e+00,0.000000000000e+00,0.000000000000e+00,9.298943409835e-04,1.013584831672e-01,2.726906900556e+02,2.585171508789e+02,0.000000000000e+00,5.396202836906e-01,1.709532453547e+03,5.550250814269e+04,1.090000000000e+02
6.720000000000e+02,1.033340200946e+08,3.066107294932e+03,5.106591133285e+05,3.492634706809e-01,2.416779909389e+02,-1.619831677514e-04,-1.765616528490e-02,0.000000000000e+00,1.428022511255e+03,1.840475946551e+03,0.000000000000e+00,0.000000000000e+00,0.000000000000e+00,0.000000000000e+00,8.814456209761e-04,9.607757268640e-02,2.726678729377e+02,2.571536254883e+02,0.000000000000e+00,5.429184549869e-01,1.428022511255e+03,5.550244188229e+04,1.090000000000e+02
6.730000000000e+02,1.033321838190e+08,3.500950236536e+03,5.167710604754e+05,3.514990822967e-01,2.430156034891e+02,-1.343271906176e-04,-1.464166377732e-02,0.000000000000e+00,1.401430399618e+03,1.836273341223e+03,0.000000000000e+00,0.000000000000e+00,0.000000000000e+00,0.000000000000e+00,8.761342476940e-04,9.549863299864e-02,2.726270672669e+02,2.567618103027e+02,0.000000000000e+00,5.484208592177e-01,1.401430399618e+03,5.550232356116e+04,1.090000000000e+02
6.740000000000e+02,1.033303233996e+08,3.962024028030e+03,5.228808211276e+05,3.537350940466e-01,2.443353119222e+02,-1.201479990599e-04,-1.309613189753e-02,0.000000000000e+00,1.399344520801e+03,1.860418312295e+03,0.000000000000e+00,0.000000000000e+00,0.000000000000e+00,0.000000000000e+00,8.900596519226e-04,9.701650205957e-02,2.725649208788e+02,2.555773773193e+02,0.000000000000e+00,5.519486369955e-01,1.399344520801e+03,5.550213943190e+04,1.090000000000e+02
6.750000000000e+02,1.033284877923e+08,4.500034676899e+03,5.279145111111e+05,3.550785614864e-01,2.457544945690e+02,-1.138960898660e-04,-1.241467379539e-02,0.000000000000e+00,1.297597625925e+03,1.835608274794e+03,0.000000000000e+00,0.000000000000e+00,0.000000000000e+00,0.000000000000e+00,7.182809422599e-04,7.829262270633e-02,2.725404321353e+02,2.548891906738e+02,0.000000000000e+00,5.579761614379e-01,1.297597625925e+03,5.550206373044e+04,1.090000000000e+02
6.760000000000e+02,1.033267205213e+08,5.168189500774e+03,5.321478812216e+05,3.557793974355e-01,2.472375013149e+02,-1.131943821741e-04,-1.233818765698e-02,0.000000000000e+00,1.099118741687e+03,1.767273565558e+03,0.000000000000e+00,0.000000000000e+00,0.000000000000e+00,0.000000000000e+00,5.866549738887e-04,6.394539215386e-02,2.725223602054e+02,2.553917236328e+02,0.000000000000e+00,5.620508071219e-01,1.099118741687e+03,5.550200878473e+04,1.090000000000e+02
6.770000000000e+02,1.033249212163e+08,5.736673407878e+03,5.361998329831e+05,3.563674186116e-01,2.487089698632e+02,-1.087620518574e-04,-1.185506365245e-02,0.000000000000e+00,1.230821508231e+03,1.799305415330e+03,0.000000000000e+00,0.000000000000e+00,0.000000000000e+00,0.000000000000e+00,5.609953778426e-04,6.114849618484e-02,2.725260128623e+02,2.556392517090e+02,0.000000000000e+00,5.674963016210e-01,1.230821508231e+03,5.550201995767e+04,1.090000000000e+02
6.780000000000e+02,1.033231114023e+08,6.257143989125e+03,5.407501415902e+05,3.574075327194e-01,2.500895846241e+02,-9.322067365790e-05,-1.016105342871e-02,0.000000000000e+00,1.289344367851e+03,1.809814949093e+03,0.000000000000e+00,0.000000000000e+00,0.000000000000e+00,0.000000000000e+00,6.589002750937e-04,7.182012998521e-02,2.725322063193e+02,2.564550170898e+02,0.000000000000e+00,5.719151562604e-01,1.289344367851e+03,5.550203886322e+04,1.090000000000e+02
6.790000000000e+02,1.033214237224e+08,6.997557914491e+03,5.465008858720e+05,3.594778751364e-01,2.512935803059e+02,-1.121358678291e-04,-1.222280959337e-02,0.000000000000e+00,9.472650857737e+02,1.687679011138e+03,0.000000000000e+00,0.000000000000e+00,0.000000000000e+00,0.000000000000e+00,8.384473753815e-04,9.139076391659e-02,2.725336526431e+02,2.569036560059e+02,0.000000000000e+00,5.759978610091e-01,9.472650857737e+02,5.550204157861e+04,1.090000000000e+02
6.800000000000e+02,1.033196934634e+08,7.654984549451e+03,5.533415649050e+05,3.624608134501e-01,2.523455767808e+02,-1.475815942644e-04,-1.608639377482e-02,0.000000000000e+00,1.072835983926e+03,1.730262618883e+03,0.000000000000e+00,0.000000000000e+00,0.000000000000e+00,0.000000000000e+00,9.833143661594e-04,1.071812659114e-01,2.725032969266e+02,2.563990478516e+02,0.000000000000e+00,5.808495616327e-01,1.072835983926e+03,5.550194852109e+04,1.090000000000e+02
6.810000000000e+02,1.033179595722e+08,8.358023342260e+03,5.595491347933e+05,3.648934063950e-01,2.534762736175e+02,-1.630660884180e-04,-1.777420363756e-02,0.000000000000e+00,1.030851302409e+03,1.733890095217e+03,0.000000000000e+00,0.000000000000e+00,0.000000000000e+00,0.000000000000e+00,8.633665437109e-04,9.410695326449e-02,2.724381216547e+02,2.548158111572e+02,0.000000000000e+00,5.871879293370e-01,1.030851302409e+03,5.550174492644e+04,1.090000000000e+02
6.820000000000e+02,1.033163245444e+08,9.321183386623e+03,5.651726502361e+05,3.668946527205e-01,2.546280847024e+02,-1.456279723128e-04,-1.587344898209e-02,0.000000000000e+00,6.718669443244e+02,1.635026988685e+03,0.000000000000e+00,0.000000000000e+00,0.000000000000e+00,0.000000000000e+00,7.842329530931e-04,8.548139188715e-02,2.723826812155e+02,2.542895660400e+02,0.000000000000e+00,5.917441103809e-01,6.718669443244e+02,5.550156526894e+04,1.090000000000e+02
6.830000000000e+02,1.033146643252e+08,1.019608179833e+04,5.705802933625e+05,3.686723404013e-01,2.558255683378e+02,-1.229513818630e-04,-1.340170062306e-02,0.000000000000e+00,7.853170029773e+02,1.660215414681e+03,0.000000000000e+00,0.000000000000e+00,0.000000000000e+00,0.000000000000e+00,7.711758756452e-04,8.405817044532e-02,2.723376851042e+02,2.535805053711e+02,0.000000000000e+00,5.978976568803e-01,7.853170029773e+02,5.550141864507e+04,1.090000000000e+02
6.840000000000e+02,1.033130367635e+08,1.116281184171e+04,5.754850659527e+05,3.700920344591e-01,2.570351845643e+02,-1.070033883478e-04,-1.166336932991e-02,0.000000000000e+00,6.608324570666e+02,1.627562500438e+03,0.000000000000e+00,0.000000000000e+00,0.000000000000e+00,0.000000000000e+00,7.038584567073e-04,7.672057178109e-02,2.723198468928e+02,2.533937225342e+02,0.000000000000e+00,6.027012430615e-01,6.608324570666e+02,5.550135689679e+04,1.090000000000e+02
6.850000000000e+02,1.033114316370e+08,1.213573316926e+04,5.811435584314e+05,3.721475502140e-01,2.581291140388e+02,-8.930416311906e-05,-9.734153779978e-03,0.000000000000e+00,6.322056523519e+02,1.605126979904e+03,0.000000000000e+00,0.000000000000e+00,0.000000000000e+00,0.000000000000e+00,8.461190498286e-04,9.222697643132e-02,2.723029921046e+02,2.537482757568e+02,0.000000000000e+00,6.087652266778e-01,6.322056523519e+02,5.550130134299e+04,1.090000000000e+02
6.860000000000e+02,1.033098182552e+08,1.304710938139e+04,5.868189313180e+05,3.742174709039e-01,2.592089644299e+02,-8.624359696368e-05,-9.400552069041e-03,0.000000000000e+00,7.020062063998e+02,1.613382418534e+03,0.000000000000e+00,0.000000000000e+00,0.000000000000e+00,0.000000000000e+00,8.521578353282e-04,9.288520405078e-02,2.722573015231e+02,2.536108703613e+02,0.000000000000e+00,6.145987767058e-01,7.020062063998e+02,5.550114826105e+04,1.090000000000e+02
6.870000000000e+02,1.033082681881e+08,1.417644885222e+04,5.911027261727e+05,3.751583652715e-01,2.604470777346e+02,-1.034731204604e-04,-1.127857013018e-02,0.000000000000e+00,4.207296611487e+02,1.550069131978e+03,0.000000000000e+00,0.000000000000e+00,0.000000000000e+00,0.000000000000e+00,6.049049466060e-04,6.593463918005e-02,2.722144457245e+02,2.532135467529e+02,0.000000000000e+00,6.209045357462e-01,4.207296611487e+02,5.550099909606e+04,1.090000000000e+02
6.880000000000e+02,1.033067054749e+08,1.518169537691e+04,5.955178893070e+05,3.762438048833e-01,2.616357506545e+02,-1.171374268165e-04,-1.276797952300e-02,0.000000000000e+00,5.574688586150e+02,1.562715383310e+03,0.000000000000e+00,0.000000000000e+00,0.000000000000e+00,0.000000000000e+00,6.127969313931e-04,6.679486552185e-02,2.721980270092e+02,2.543534698486e+02,0.000000000000e+00,6.261982780986e-01,5.574688586150e+02,5.550094296152e+04,1.090000000000e+02
6.890000000000e+02,1.033052008635e+08,1.628855790212e+04,6.006173619218e+05,3.779068287042e-01,2.627145577158e+02,-1.239270485931e-04,-1.350804829664e-02,0.000000000000e+00,3.977496639917e+02,1.504612189196e+03,0.000000000000e+00,0.000000000000e+00,0.000000000000e+00,0.000000000000e+00,7.188683492374e-04,7.835665006688e-02,2.722235558919e+02,2.540127410889e+02,0.000000000000e+00,6.325978835304e-01,3.977496639917e+02,5.550102806896e+04,1.090000000000e+02
6.900000000000e+02,1.033037008688e+08,1.733662131084e+04,6.057351150848e+05,3.795683639666e-01,2.637936575597e+02,-1.432785823449e-04,-1.561736547559e-02,0.000000000000e+00,4.519347780297e+02,1.499998186756e+03,0.000000000000e+00,0.000000000000e+00,0.000000000000e+00,0.000000000000e+00,7.028189299749e-04,7.660726336726e-02,2.722018527729e+02,2.534426269531e+02,0.000000000000e+00,6.389850636096e-01,4.519347780297e+02,5.550095391622e+04,1.090000000000e+02
6.910000000000e+02,1.033022135160e+08,1.846114239130e+04,6.116620365312e+05,3.819040759466e-01,2.647466496590e+02,-1.498304330488e-04,-1.633151720232e-02,0.000000000000e+00,3.628333927099e+02,1.487354473164e+03,0.000000000000e+00,0.000000000000e+00,0.000000000000e+00,0.000000000000e+00,8.302643906768e-04,9.049881858377e-02,2.721439909760e+02,2.525922546387e+02,0.000000000000e+00,6.457221880134e-01,3.628333927099e+02,5.550074895154e+04,1.090000000000e+02
6.920000000000e+02,1.033007381476e+08,1.966319436576e+04,6.177871495749e+05,3.843652133018e-01,2.656865079721e+02,-1.287081561459e-04,-1.402918901990e-02,0.000000000000e+00,2.733167112093e+02,1.475368685676e+03,0.000000000000e+00,0.000000000000e+00,0.000000000000e+00,0.000000000000e+00,8.841159466754e-04,9.636863818762e-02,2.720924283779e+02,2.525356140137e+02,0.000000000000e+00,6.518758356379e-01,2.733167112093e+02,5.550056535316e+04,1.090000000000e+02
6.930000000000e+02,1.032992681883e+08,2.088771006213e+04,6.233463747187e+05,3.863894821328e-01,2.666736999731e+02,-1.090014445062e-04,-1.188115745118e-02,0.000000000000e+00,2.454433819535e+02,1.469959078319e+03,0.000000000000e+00,0.000000000000e+00,0.000000000000e+00,0.000000000000e+00,8.102569862807e-04,8.831801150459e-02,2.720467004933e+02,2.526210479736e+02,0.000000000000e+00,6.592788838380e-01,2.454433819535e+02,5.550039777442e+04,1.090000000000e+02
6.940000000000e+02,1.032978121486e+08,2.213181269836e+04,6.280890235294e+05,3.877834505033e-01,2.677369430017e+02,-1.029809157018e-04,-1.122491981150e-02,0.000000000000e+00,2.119364834575e+02,1.456039119694e+03,0.000000000000e+00,0.000000000000e+00,0.000000000000e+00,0.000000000000e+00,6.810586186795e-04,7.423538943607e-02,2.720363200639e+02,2.526845245361e+02,0.000000000000e+00,6.668469425616e-01,2.119364834575e+02,5.550035983781e+04,1.090000000000e+02
6.950000000000e+02,1.032963843762e+08,2.332599710068e+04,6.324474415266e+05,3.889284124895e-01,2.688010595698e+02,-1.071865319137e-04,-1.168333197859e-02,0.000000000000e+00,2.335894631021e+02,1.427773865414e+03,0.000000000000e+00,0.000000000000e+00,0.000000000000e+00,0.000000000000e+00,6.132230248747e-04,6.684130971134e-02,2.720427459091e+02,2.531290130615e+02,0.000000000000e+00,6.745087825218e-01,2.335894631021e+02,5.550038337411e+04,1.090000000000e+02
6.960000000000e+02,1.032949813047e+08,2.446879262359e+04,6.370849939177e+05,3.902417424028e-01,2.698614099105e+02,-1.179100989683e-04,-1.285220078755e-02,0.000000000000e+00,2.602768262599e+02,1.403072349171e+03,0.000000000000e+00,0.000000000000e+00,0.000000000000e+00,0.000000000000e+00,6.489031051571e-04,7.073043846212e-02,2.720114758156e+02,2.527994995117e+02,0.000000000000e+00,6.811324333027e-01,2.602768262599e+02,5.550026843154e+04,1.090000000000e+02
6.970000000000e+02,1.032936073742e+08,2.568101580527e+04,6.420216180307e+05,3.918852175459e-01,2.708130930881e+02,-1.232399078655e-04,-1.343314995734e-02,0.000000000000e+00,1.617076100770e+02,1.373930791764e+03,0.000000000000e+00,0.000000000000e+00,0.000000000000e+00,0.000000000000e+00,6.932181377279e-04,7.556077701234e-02,2.719522520826e+02,2.526025085449e+02,0.000000000000e+00,6.892012139400e-01,1.617076100770e+02,5.550004706198e+04,1.090000000000e+02
6.980000000000e+02,1.032922591218e+08,2.686244923642e+04,6.471810682311e+05,3.935908245055e-01,2.718070874483e+02,-1.320806973830e-04,-1.439679601475e-02,0.000000000000e+00,1.668175907681e+02,1.348251021916e+03,0.000000000000e+00,0.000000000000e+00,0.000000000000e+00,0.000000000000e+00,7.210429050930e-04,7.859367665514e-02,2.719174432293e+02,2.523730163574e+02,0.000000000000e+00,6.965372677433e-01,1.668175907681e+02,5.549991583395e+04,1.090000000000e+02
6.990000000000e+02,1.032909734038e+08,2.797368382746e+04,6.520634176942e+05,3.951726666851e-01,2.727613584331e+02,-1.260869658968e-04,-1.374347928275e-02,0.000000000000e+00,1.744833663735e+02,1.285717957411e+03,0.000000000000e+00,0.000000000000e+00,0.000000000000e+00,0.000000000000e+00,6.809681732096e-04,7.422553087985e-02,2.719188707068e+02,2.532419433594e+02,0.000000000000e+00,7.039790758589e-01,1.744833663735e+02,5.549992257273e+04,1.090000000000e+02
7.000000000000e+02,1.032896731127e+08,2.911344519621e+04,6.566722057913e+05,3.965130985227e-01,2.737622447438e+02,-1.007073529395e-04,-1.097710147040e-02,0.000000000000e+00,1.605304877497e+02,1.300291856504e+03,0.000000000000e+00,0.000000000000e+00,0.000000000000e+00,0.000000000000e+00,6.617690444303e-04,7.213282584291e-02,2.718351395949e+02,2.523300018311e+02,0.000000000000e+00,7.129275113122e-01,1.605304877497e+02,5.549959955409e+04,1.090000000000e+02
7.010000000000e+02,1.032883706886e+08,3.027623356539e+04,6.610392255415e+05,3.977211616585e-01,2.747468432646e+02,-8.939157676884e-05,-9.743681867803e-03,0.000000000000e+00,1.396354171993e+02,1.302423786371e+03,0.000000000000e+00,0.000000000000e+00,0.000000000000e+00,0.000000000000e+00,6.329228159863e-04,6.898858694251e-02,2.717802088751e+02,2.516966857910e+02,0.000000000000e+00,7.217971101966e-01,1.396354171993e+02,5.549938212101e+04,1.090000000000e+02
7.020000000000e+02,1.032870814976e+08,3.141865132557e+04,6.655636825310e+05,3.990417604544e-01,2.757121078916e+02,-1.080560917059e-04,-1.177811399594e-02,0.000000000000e+00,1.467739475644e+02,1.289191707747e+03,0.000000000000e+00,0.000000000000e+00,0.000000000000e+00,0.000000000000e+00,6.399513307205e-04,6.975469504853e-02,2.717684743537e+02,2.519540557861e+02,0.000000000000e+00,7.292597771128e-01,1.467739475644e+02,5.549933469106e+04,1.090000000000e+02
7.030000000000e+02,1.032858063080e+08,3.254521386386e+04,6.695758682678e+05,3.999705353344e-01,2.767305877332e+02,-1.152377044199e-04,-1.256090978177e-02,0.000000000000e+00,1.486279819146e+02,1.275190520211e+03,0.000000000000e+00,0.000000000000e+00,0.000000000000e+00,0.000000000000e+00,5.481939513284e-04,5.975314069479e-02,2.717436584497e+02,2.524174652100e+02,0.000000000000e+00,7.393065197908e-01,1.486279819146e+02,5.549923478829e+04,1.090000000000e+02
7.040000000000e+02,1.032845504222e+08,3.364000655155e+04,6.741368420558e+05,4.013687962969e-01,2.776443022178e+02,-1.230068759430e-04,-1.340774947779e-02,0.000000000000e+00,1.610933981424e+02,1.255886085828e+03,0.000000000000e+00,0.000000000000e+00,0.000000000000e+00,0.000000000000e+00,6.306675060878e-04,6.874275816357e-02,2.717782149365e+02,2.536688690186e+02,0.000000000000e+00,7.481966565487e-01,1.610933981424e+02,5.549937275180e+04,1.090000000000e+02
7.050000000000e+02,1.032833299442e+08,3.468514643526e+04,6.800343720985e+05,4.037233321837e-01,2.784395892239e+02,-1.485126197510e-04,-1.618787555286e-02,0.000000000000e+00,1.753389597215e+02,1.220478843434e+03,0.000000000000e+00,0.000000000000e+00,0.000000000000e+00,0.000000000000e+00,8.262833891320e-04,9.006488941539e-02,2.717896037022e+02,2.541053009033e+02,0.000000000000e+00,7.573702332052e-01,1.753389597215e+02,5.549941846527e+04,1.090000000000e+02
7.060000000000e+02,1.032821280645e+08,3.571316168998e+04,6.858178467573e+05,4.059997787256e-01,2.792333795174e+02,-1.386415047725e-04,-1.511192402020e-02,0.000000000000e+00,1.738662879490e+02,1.201881542663e+03,0.000000000000e+00,0.000000000000e+00,0.000000000000e+00,0.000000000000e+00,8.174894730050e-04,8.910635255755e-02,2.717780781204e+02,2.542877807617e+02,0.000000000000e+00,7.656183950943e-01,1.738662879490e+02,5.549937239741e+04,1.090000000000e+02
7.070000000000e+02,1.032809370219e+08,3.672726622153e+04,6.905807926571e+05,4.075065305352e-01,2.801328575743e+02,-1.110532462459e-04,-1.210480384081e-02,0.000000000000e+00,1.769384934680e+02,1.191043025023e+03,0.000000000000e+00,0.000000000000e+00,0.000000000000e+00,0.000000000000e+00,6.762218938249e-04,7.370818642692e-02,2.717857299107e+02,2.553469085693e+02,0.000000000000e+00,7.761492459583e-01,1.769384934680e+02,5.549940235791e+04,1.090000000000e+02
7.080000000000e+02,1.032797577939e+08,3.773689478145e+04,6.944314188224e+05,4.083575639866e-01,2.811086708176e+02,-1.095859066606e-04,-1.194486382600e-02,0.000000000000e+00,1.695997865213e+02,1.179228346438e+03,0.000000000000e+00,0.000000000000e+00,0.000000000000e+00,0.000000000000e+00,5.272947064802e-04,5.747512300634e-02,2.717430659089e+02,2.539951934814e+02,0.000000000000e+00,7.860797152953e-01,1.695997865213e+02,5.549923142746e+04,1.090000000000e+02
7.090000000000e+02,1.032785879262e+08,3.875712737154e+04,6.984086701888e+05,4.093151408120e-01,2.820586029148e+02,-1.108955180765e-04,-1.208761147034e-02,0.000000000000e+00,1.496353899712e+02,1.169867980064e+03,0.000000000000e+00,0.000000000000e+00,0.000000000000e+00,0.000000000000e+00,5.471079901109e-04,5.963477092209e-02,2.716792021348e+02,2.536811370850e+02,0.000000000000e+00,7.944486123130e-01,1.496353899712e+02,5.549897118060e+04,1.090000000000e+02
7.100000000000e+02,1.032774295842e+08,3.977797034786e+04,7.028400872871e+05,4.106363337305e-01,2.829362055406e+02,-1.043366553922e-04,-1.137269543774e-02,0.000000000000e+00,1.375000173158e+02,1.158342993631e+03,0.000000000000e+00,0.000000000000e+00,0.000000000000e+00,0.000000000000e+00,6.286904241414e-04,6.852725623142e-02,2.716232254086e+02,2.542044982910e+02,0.000000000000e+00,8.064257245687e-01,1.375000173158e+02,5.549873857808e+04,1.090000000000e+02
7.110000000000e+02,1.032762828454e+08,4.080384950133e+04,7.080041962743e+05,4.124775879634e-01,2.837446033854e+02,-1.014213302994e-04,-1.105492500263e-02,0.000000000000e+00,1.208593682201e+02,1.146738521691e+03,0.000000000000e+00,0.000000000000e+00,0.000000000000e+00,0.000000000000e+00,7.529815156973e-04,8.207498521100e-02,2.715405187245e+02,2.526791687012e+02,0.000000000000e+00,8.183678592593e-01,1.208593682201e+02,5.549838802703e+04,1.090000000000e+02
7.120000000000e+02,1.032751439299e+08,4.185580591522e+04,7.125659612504e+05,4.138978012802e-01,2.845963887733e+02,-8.916100931959e-05,-9.718550015835e-03,0.000000000000e+00,8.695668532784e+01,1.138913099225e+03,0.000000000000e+00,0.000000000000e+00,0.000000000000e+00,0.000000000000e+00,6.663682072092e-04,7.263413458580e-02,2.713866914613e+02,2.513524322510e+02,0.000000000000e+00,8.309319836967e-01,8.695668532784e+01,5.549771341668e+04,1.090000000000e+02
7.130000000000e+02,1.032740119867e+08,4.292243845094e+04,7.155874723013e+05,4.141853111007e-01,2.856076438026e+02,-7.635514395694e-05,-8.322710691307e-03,0.000000000000e+00,6.530899085467e+01,1.131941526570e+03,0.000000000000e+00,0.000000000000e+00,0.000000000000e+00,0.000000000000e+00,4.243192789909e-04,4.625080141001e-02,2.712651942448e+02,2.503384704590e+02,0.000000000000e+00,8.433927852487e-01,6.530899085467e+01,5.549715864049e+04,1.090000000000e+02
7.140000000000e+02,1.032728981771e+08,4.396404637946e+04,7.191899096178e+05,4.149243672182e-01,2.865338055833e+02,-9.262344562863e-05,-1.009595557352e-02,0.000000000000e+00,7.220038429308e+01,1.113808312813e+03,0.000000000000e+00,0.000000000000e+00,0.000000000000e+00,0.000000000000e+00,5.027398550542e-04,5.479864420091e-02,2.712815875649e+02,2.508208923340e+02,0.000000000000e+00,8.561580385212e-01,7.220038429308e+01,5.549723286662e+04,1.090000000000e+02
7.150000000000e+02,1.032718104221e+08,4.496090077727e+04,7.241391559711e+05,4.166514553017e-01,2.873083695813e+02,-1.151691929919e-04,-1.255344203611e-02,0.000000000000e+00,9.090239350805e+01,1.087756791315e+03,0.000000000000e+00,0.000000000000e+00,0.000000000000e+00,0.000000000000e+00,7.024204098979e-04,7.656382467887e-02,2.713399380721e+02,2.522371978760e+02,0.000000000000e+00,8.682501914319e-01,9.090239350805e+01,5.549749931881e+04,1.090000000000e+02
7.160000000000e+02,1.032707507023e+08,4.590414859807e+04,7.293420758937e+05,4.185398829870e-01,2.880652324258e+02,-1.134336839223e-04,-1.236427154753e-02,0.000000000000e+00,1.164723792061e+02,1.059720200014e+03,0.000000000000e+00,0.000000000000e+00,0.000000000000e+00,0.000000000000e+00,7.459026113856e-04,8.130338464103e-02,2.714177605771e+02,2.537629241943e+02,0.000000000000e+00,8.810306636560e-01,1.164723792061e+02,5.549784889861e+04,1.090000000000e+02
7.170000000000e+02,1.032697192463e+08,4.680573152755e+04,7.344406852232e+05,4.203801847534e-01,2.888079975114e+02,-1.086306767446e-04,-1.184074376516e-02,0.000000000000e+00,1.298732209262e+02,1.031456150401e+03,0.000000000000e+00,0.000000000000e+00,0.000000000000e+00,0.000000000000e+00,7.337380882751e-04,7.997745162198e-02,2.714671738582e+02,2.542690124512e+02,0.000000000000e+00,8.940469215371e-01,1.298732209262e+02,5.549806755948e+04,1.090000000000e+02
7.180000000000e+02,1.032687125380e+08,4.768971149993e+04,7.406731647863e+05,4.230282976959e-01,2.894359632807e+02,-1.298251249607e-04,-1.415093862071e-02,0.000000000000e+00,1.227282332053e+02,1.006708205588e+03,0.000000000000e+00,0.000000000000e+00,0.000000000000e+00,0.000000000000e+00,9.006171002309e-04,9.816726392517e-02,2.714504584984e+02,2.540317077637e+02,0.000000000000e+00,9.049138442854e-01,1.227282332053e+02,5.549799539284e+04,1.090000000000e+02
7.190000000000e+02,1.032677288991e+08,4.856195098978e+04,7.466237004646e+05,4.254509876849e-01,2.901003480930e+02,-1.288299235942e-04,-1.404246167177e-02,0.000000000000e+00,1.114007989838e+02,9.836402888285e+02,0.000000000000e+00,0.000000000000e+00,0.000000000000e+00,0.000000000000e+00,8.550450405012e-04,9.319990941463e-02,2.714299661941e+02,2.541607360840e+02,0.000000000000e+00,9.158889107539e-01,1.114007989838e+02,5.549790598679e+04,1.090000000000e+02
7.200000000000e+02,1.032667678602e+08,4.942612724860e+04,7.521589752923e+05,4.275846878462e-01,2.907942101264e+02,-1.216939052582e-04,-1.326463567314e-02,0.000000000000e+00,9.686329892182e+01,9.610395577503e+02,0.000000000000e+00,0.000000000000e+00,0.000000000000e+00,0.000000000000e+00,7.939765209469e-04,8.654344078321e-02,2.713659029473e+02,2.529650726318e+02,0.000000000000e+00,9.268896100862e-01,9.686329892182e+01,5.549762102371e+04,1.090000000000e+02
7.210000000000e+02,1.032658734295e+08,5.023826932387e+04,7.576734316566e+05,4.297169267779e-01,2.914742143634e+02,-1.196325323069e-04,-1.303994602145e-02,0.000000000000e+00,8.228833666194e+01,8.944304119323e+02,0.000000000000e+00,0.000000000000e+00,0.000000000000e+00,0.000000000000e+00,7.926179307939e-04,8.639535445653e-02,2.713026417061e+02,2.524856262207e+02,0.000000000000e+00,9.362324253227e-01,8.228833666194e+01,5.549733062763e+04,1.090000000000e+02
7.220000000000e+02,1.032650054067e+08,5.102512507314e+04,7.626997303470e+05,4.315088288673e-01,2.921902334056e+02,-1.113002763429e-04,-1.213173012137e-02,0.000000000000e+00,8.116646594106e+01,8.680222152061e+02,0.000000000000e+00,0.000000000000e+00,0.000000000000e+00,0.000000000000e+00,7.199596746485e-04,7.847560453668e-02,2.712688379118e+02,2.527892150879e+02,0.000000000000e+00,9.461282894455e-01,8.116646594106e+01,5.549717296611e+04,1.090000000000e+02
7.230000000000e+02,1.032641482467e+08,5.180966043854e+04,7.676124221585e+05,4.332195498334e-01,2.929127031442e+02,-1.081242555947e-04,-1.178554385982e-02,0.000000000000e+00,7.262486523349e+01,8.571602306289e+02,0.000000000000e+00,0.000000000000e+00,0.000000000000e+00,0.000000000000e+00,7.047179284232e-04,7.681425419813e-02,2.712016656627e+02,2.516610565186e+02,0.000000000000e+00,9.556743367942e-01,7.262486523349e+01,5.549685882886e+04,1.090000000000e+02
7.240000000000e+02,1.032633024653e+08,5.259029255534e+04,7.716615526473e+05,4.342513557058e-01,2.937596355073e+02,-1.070673403907e-04,-1.167034010258e-02,0.000000000000e+00,6.514573594386e+01,8.457778527489e+02,0.000000000000e+00,0.000000000000e+00,0.000000000000e+00,0.000000000000e+00,5.629408317686e-04,6.136055066278e-02,2.711433031177e+02,2.513882751465e+02,0.000000000000e+00,9.635332171414e-01,6.514573594386e+01,5.549658160936e+04,1.090000000000e+02
7.250000000000e+02,1.032624700287e+08,5.336035241960e+04,7.749738277303e+05,4.348642016105e-01,2.946058733556e+02,-1.021357740638e-04,-1.113279937296e-02,0.000000000000e+00,6.237487021024e+01,8.324347344653e+02,0.000000000000e+00,0.000000000000e+00,0.000000000000e+00,0.000000000000e+00,4.458896571295e-04,4.860197262711e-02,2.711016174368e+02,2.516314849854e+02,0.000000000000e+00,9.718440310436e-01,6.237487021024e+01,5.549638096721e+04,1.090000000000e+02
7.260000000000e+02,1.032616331011e+08,5.413607462338e+04,7.780122640702e+05,4.351773712553e-01,2.955486529834e+02,-1.093028829421e-04,-1.191401424069e-02,0.000000000000e+00,6.120388763253e+01,8.369260914178e+02,0.000000000000e+00,0.000000000000e+00,0.000000000000e+00,0.000000000000e+00,3.932327072148e-04,4.286236508641e-02,2.710795382550e+02,2.525847625732e+02,0.000000000000e+00,9.808346558945e-01,6.120388763253e+01,5.549627722380e+04,1.090000000000e+02
7.270000000000e+02,1.032607863495e+08,5.492238555128e+04,7.819757504680e+05,4.362506853408e-01,2.963235117229e+02,-1.236315130529e-04,-1.347583492277e-02,0.000000000000e+00,6.043857642675e+01,8.467495043255e+02,0.000000000000e+00,0.000000000000e+00,0.000000000000e+00,0.000000000000e+00,5.316144145578e-04,5.794597118680e-02,2.710767365169e+02,2.525290985107e+02,0.000000000000e+00,9.878909550158e-01,6.043857642675e+01,5.549626534075e+04,1.090000000000e+02
7.280000000000e+02,1.032599629996e+08,5.568651251233e+04,7.871272743274e+05,4.381537079597e-01,2.969806881322e+02,-1.344073929450e-04,-1.465040583101e-02,0.000000000000e+00,5.922281545486e+01,8.233497765049e+02,0.000000000000e+00,0.000000000000e+00,0.000000000000e+00,0.000000000000e+00,7.174459296701e-04,7.820160633404e-02,2.710561727037e+02,2.516068267822e+02,0.000000000000e+00,9.958823787064e-01,5.922281545486e+01,5.549616554808e+04,1.090000000000e+02
7.290000000000e+02,1.032591554487e+08,5.644064079910e+04,7.927890309181e+05,4.404116050938e-01,2.975847561038e+02,-1.200834614720e-04,-1.308909730045e-02,0.000000000000e+00,5.341975699584e+01,8.075480437699e+02,0.000000000000e+00,0.000000000000e+00,0.000000000000e+00,0.000000000000e+00,8.165053897051e-04,8.899908747786e-02,2.710029114909e+02,2.512489471436e+02,0.000000000000e+00,1.003316334409e+00,5.341975699584e+01,5.549590327501e+04,1.090000000000e+02
7.300000000000e+02,1.032583633299e+08,5.717994157499e+04,7.989815402035e+05,4.429975796968e-01,2.981587202421e+02,-1.399073776632e-04,-1.524990416528e-02,0.000000000000e+00,5.281517213193e+01,7.921159480180e+02,0.000000000000e+00,0.000000000000e+00,0.000000000000e+00,0.000000000000e+00,8.839016908052e-04,9.634528429777e-02,2.709948909983e+02,2.519989776611e+02,0.000000000000e+00,1.010766108131e+00,5.281517213193e+01,5.549586340131e+04,1.090000000000e+02
7.310000000000e+02,1.032575884259e+08,5.789993265889e+04,8.054982341665e+05,4.459086550896e-01,2.986284006376e+02,-1.816146811468e-04,-1.979600024500e-02,0.000000000000e+00,5.491167502507e+01,7.749027589248e+02,0.000000000000e+00,0.000000000000e+00,0.000000000000e+00,0.000000000000e+00,8.957812106766e-04,9.764015196375e-02,2.709875710491e+02,2.520103759766e+02,0.000000000000e+00,1.018628522613e+00,5.491167502507e+01,5.549582691647e+04,1.090000000000e+02
7.320000000000e+02,1.032568290348e+08,5.860381748970e+04,8.114605823026e+05,4.482291965304e-01,2.992813390065e+02,-1.942127671133e-04,-2.116919161535e-02,0.000000000000e+00,5.550380222202e+01,7.593886330356e+02,0.000000000000e+00,0.000000000000e+00,0.000000000000e+00,0.000000000000e+00,7.914293160158e-04,8.626579544572e-02,2.709894937601e+02,2.526075439453e+02,0.000000000000e+00,1.025558606325e+00,5.550380222202e+01,5.549583654034e+04,1.090000000000e+02
7.330000000000e+02,1.032560850648e+08,5.929401537648e+04,8.157483873502e+05,4.495079271144e-01,3.000076066591e+02,-1.693611805448e-04,-1.846036867939e-02,0.000000000000e+00,5.377241938133e+01,7.439703061614e+02,0.000000000000e+00,0.000000000000e+00,0.000000000000e+00,0.000000000000e+00,5.397997683038e-04,5.883817474511e-02,2.709629923485e+02,2.526165313721e+02,0.000000000000e+00,1.031906610238e+00,5.377241938133e+01,5.549570415738e+04,1.090000000000e+02
7.340000000000e+02,1.032553550392e+08,5.997374561836e+04,8.205009927041e+05,4.511559472475e-01,3.006539594862e+02,-1.245409414788e-04,-1.357496262119e-02,0.000000000000e+00,5.029346041744e+01,7.300237022976e+02,0.000000000000e+00,0.000000000000e+00,0.000000000000e+00,0.000000000000e+00,6.614756748266e-04,7.210084855610e-02,2.709351287352e+02,2.526100158691e+02,0.000000000000e+00,1.039573970376e+00,5.029346041744e+01,5.549556394699e+04,1.090000000000e+02
7.350000000000e+02,1.032546360509e+08,6.065344271360e+04,8.259100079788e+05,4.531711879501e-01,3.012935205535e+02,-1.132121108730e-04,-1.234012008516e-02,0.000000000000e+00,3.929089837959e+01,7.189879936213e+02,0.000000000000e+00,0.000000000000e+00,0.000000000000e+00,0.000000000000e+00,7.825076625960e-04,8.529333522296e-02,2.708146710402e+02,2.508502655029e+02,0.000000000000e+00,1.048371345603e+00,3.929089837959e+01,5.549494566302e+04,1.090000000000e+02
7.360000000000e+02,1.032539241179e+08,6.134144586875e+04,8.313247554895e+05,4.552279322340e-01,3.019026245416e+02,-1.187759955225e-04,-1.294658351195e-02,0.000000000000e+00,2.392941689655e+01,7.119325720440e+02,0.000000000000e+00,0.000000000000e+00,0.000000000000e+00,0.000000000000e+00,7.781879289258e-04,8.482248425291e-02,2.706770989043e+02,2.500630798340e+02,0.000000000000e+00,1.058613624560e+00,2.392941689655e+01,5.549421574201e+04,1.090000000000e+02
7.370000000000e+02,1.032532210033e+08,6.202627566209e+04,8.370821013277e+05,4.575611781512e-01,3.024461037073e+02,-1.269185842380e-04,-1.383412568194e-02,0.000000000000e+00,1.828528389601e+01,7.031150772316e+02,0.000000000000e+00,0.000000000000e+00,0.000000000000e+00,0.000000000000e+00,8.261683529646e-04,9.005235047315e-02,2.705831691020e+02,2.503898010254e+02,0.000000000000e+00,1.065408697905e+00,1.828528389601e+01,5.549370198667e+04,1.090000000000e+02
7.380000000000e+02,1.032525303362e+08,6.269422293037e+04,8.414298686598e+05,4.588239067332e-01,3.031803590753e+02,-1.327403442886e-04,-1.446869752746e-02,0.000000000000e+00,2.271974539018e+01,6.906670136676e+02,0.000000000000e+00,0.000000000000e+00,0.000000000000e+00,0.000000000000e+00,5.860588254746e-04,6.388041197673e-02,2.705820654543e+02,2.510000000000e+02,0.000000000000e+00,1.074972636443e+00,2.271974539018e+01,5.549369419543e+04,1.090000000000e+02
7.390000000000e+02,1.032518548849e+08,6.334365805375e+04,8.452426582422e+05,4.598196065235e-01,3.038950079675e+02,-1.293585447655e-04,-1.410008137944e-02,0.000000000000e+00,2.601396023576e+01,6.754490836231e+02,0.000000000000e+00,0.000000000000e+00,0.000000000000e+00,0.000000000000e+00,5.011262324319e-04,5.462275933508e-02,2.705717414405e+02,2.510683288574e+02,0.000000000000e+00,1.082140334905e+00,2.601396023576e+01,5.549363550694e+04,1.090000000000e+02
7.400000000000e+02,1.032511940744e+08,6.397800345925e+04,8.494965698284e+05,4.610567891234e-01,3.046050412906e+02,-1.263529225259e-04,-1.377246855532e-02,0.000000000000e+00,2.646452847955e+01,6.608099339767e+02,0.000000000000e+00,0.000000000000e+00,0.000000000000e+00,0.000000000000e+00,5.769850264540e-04,6.289136788349e-02,2.705667940107e+02,2.517420959473e+02,0.000000000000e+00,1.091366732701e+00,2.646452847955e+01,5.549360658987e+04,1.090000000000e+02
7.410000000000e+02,1.032505461151e+08,6.460727075558e+04,8.531362341822e+05,4.618667714546e-01,3.053767468311e+02,-1.102168574280e-04,-1.201363745965e-02,0.000000000000e+00,1.869003590138e+01,6.479573322308e+02,0.000000000000e+00,0.000000000000e+00,0.000000000000e+00,0.000000000000e+00,4.929308713913e-04,5.372946498165e-02,2.704667091593e+02,2.507825164795e+02,0.000000000000e+00,1.098199467433e+00,1.869003590138e+01,5.549304357276e+04,1.090000000000e+02
7.420000000000e+02,1.032499108660e+08,6.522576453292e+04,8.567005027058e+05,4.626873761813e-01,3.061090240832e+02,-9.758539137534e-05,-1.063680765991e-02,0.000000000000e+00,1.675465423917e+01,6.352484315840e+02,0.000000000000e+00,0.000000000000e+00,0.000000000000e+00,0.000000000000e+00,4.918219215955e-04,5.360858945391e-02,2.704567917079e+02,2.513494567871e+02,0.000000000000e+00,1.106653180832e+00,1.675465423917e+01,5.549298495811e+04,1.090000000000e+02
7.430000000000e+02,1.032492925905e+08,6.582212218080e+04,8.610017137709e+05,4.639713991434e-01,3.067945129570e+02,-1.175123283684e-04,-1.280884379216e-02,0.000000000000e+00,2.191705735197e+01,6.182747052323e+02,0.000000000000e+00,0.000000000000e+00,0.000000000000e+00,0.000000000000e+00,5.935844205362e-04,6.470070183845e-02,2.704570908593e+02,2.517384948730e+02,0.000000000000e+00,1.114657039610e+00,2.191705735197e+01,5.549298329082e+04,1.090000000000e+02
7.440000000000e+02,1.032486901474e+08,6.640430290309e+04,8.657411804939e+05,4.656187732866e-01,3.073929702241e+02,-1.558366280650e-04,-1.698619245909e-02,0.000000000000e+00,2.026189059315e+01,6.024426128782e+02,0.000000000000e+00,0.000000000000e+00,0.000000000000e+00,0.000000000000e+00,6.282199060419e-04,6.847596975857e-02,2.704231512409e+02,2.516017303467e+02,0.000000000000e+00,1.120256603597e+00,2.026189059315e+01,5.549278549068e+04,1.090000000000e+02
7.450000000000e+02,1.032481034465e+08,6.697325102261e+04,8.696296107810e+05,4.666624115059e-01,3.080843686505e+02,-1.575687322902e-04,-1.717499181963e-02,0.000000000000e+00,1.775166031421e+01,5.866997798372e+02,0.000000000000e+00,0.000000000000e+00,0.000000000000e+00,0.000000000000e+00,4.858859857874e-04,5.296157245082e-02,2.703836567441e+02,2.519206085205e+02,0.000000000000e+00,1.130920199367e+00,1.775166031421e+01,5.549255293190e+04,1.090000000000e+02
7.460000000000e+02,1.032475324647e+08,6.752698571403e+04,8.733071549768e+05,4.674802766968e-01,3.088470313725e+02,-1.499574618349e-04,-1.634536334001e-02,0.000000000000e+00,1.724541186315e+01,5.709801032813e+02,0.000000000000e+00,0.000000000000e+00,0.000000000000e+00,0.000000000000e+00,4.585432057405e-04,4.998120942571e-02,2.703510827462e+02,2.518365478516e+02,0.000000000000e+00,1.136177529740e+00,1.724541186315e+01,5.549235728326e+04,1.090000000000e+02
7.470000000000e+02,1.032469767696e+08,6.807169865657e+04,8.784073979610e+05,4.693879527366e-01,3.093915802675e+02,-1.493985798545e-04,-1.628444520414e-02,0.000000000000e+00,1.098231595487e+01,5.556952584965e+02,0.000000000000e+00,0.000000000000e+00,0.000000000000e+00,0.000000000000e+00,6.953851783235e-04,7.579698443726e-02,2.702501124242e+02,2.510751037598e+02,0.000000000000e+00,1.145832349102e+00,1.098231595487e+01,5.549175286141e+04,1.090000000000e+02
7.480000000000e+02,1.032464334315e+08,6.861413752745e+04,8.836344667641e+05,4.714316246779e-01,3.098893485098e+02,-1.277073440566e-04,-1.392010050217e-02,0.000000000000e+00,8.991677711554e-01,5.433380386466e+02,0.000000000000e+00,0.000000000000e+00,0.000000000000e+00,0.000000000000e+00,7.392500043468e-04,8.057825047380e-02,2.700786762523e+02,2.503266143799e+02,0.000000000000e+00,1.153854949885e+00,8.991677711554e-01,5.549069762627e+04,1.090000000000e+02
7.490000000000e+02,1.032459053740e+08,6.914219511217e+04,8.873121265481e+05,4.724934422500e-01,3.104830768810e+02,-1.233746209540e-04,-1.344783368398e-02,0.000000000000e+00,0.000000000000e+00,5.280575847201e+02,0.000000000000e+00,0.000000000000e+00,0.000000000000e+00,0.000000000000e+00,4.862029415348e-04,5.299612062729e-02,2.699877068932e+02,2.501602478027e+02,0.000000000000e+00,1.160530529641e+00,0.000000000000e+00,5.549011255638e+04,1.090000000000e+02
7.500000000000e+02,1.032453938443e+08,6.965372475436e+04,8.901693919550e+05,4.727642411750e-01,3.113065196354e+02,-1.294188514838e-04,-1.410665481173e-02,0.000000000000e+00,0.000000000000e+00,5.115296421912e+02,0.000000000000e+00,0.000000000000e+00,0.000000000000e+00,0.000000000000e+00,3.439522326036e-04,3.749079335379e-02,2.699329844590e+02,2.511623840332e+02,0.000000000000e+00,1.169564225018e+00,0.000000000000e+00,5.548974613474e+04,1.090000000000e+02
7.510000000000e+02,1.032448994562e+08,7.014811287734e+04,8.936367582990e+05,4.736318025421e-01,3.119490623841e+02,-1.428732644007e-04,-1.557318581968e-02,0.000000000000e+00,0.000000000000e+00,4.943881229779e+02,0.000000000000e+00,0.000000000000e+00,0.000000000000e+00,0.000000000000e+00,4.315317808269e-04,4.703696411013e-02,2.698701656261e+02,2.513104553223e+02,0.000000000000e+00,1.174243380673e+00,0.000000000000e+00,5.548932080077e+04,1.090000000000e+02
7.520000000000e+02,1.032444211828e+08,7.062638629199e+04,8.977865130267e+05,4.749211204819e-01,3.125508740396e+02,-1.134207608264e-04,-1.236286293008e-02,0.000000000000e+00,0.000000000000e+00,4.782734146513e+02,0.000000000000e+00,0.000000000000e+00,0.000000000000e+00,0.000000000000e+00,5.745927643939e-04,6.263061131893e-02,2.697646859782e+02,2.510350799561e+02,0.000000000000e+00,1.179248059717e+00,0.000000000000e+00,5.548860542644e+04,1.090000000000e+02
7.530000000000e+02,1.032439588713e+08,7.108869776501e+04,9.022701720974e+05,4.764045903280e-01,3.131382287304e+02,-1.271497528299e-04,-1.385932305846e-02,0.000000000000e+00,0.000000000000e+00,4.623114730242e+02,0.000000000000e+00,0.000000000000e+00,0.000000000000e+00,0.000000000000e+00,6.163275644264e-04,6.717970452248e-02,2.696487755059e+02,2.509133758545e+02,0.000000000000e+00,1.184922666514e+00,0.000000000000e+00,5.548780135302e+04,1.090000000000e+02
7.540000000000e+02,1.032435114255e+08,7.153614358484e+04,9.073818964716e+05,4.783561656707e-01,3.136343353330e+02,-1.488382384707e-04,-1.622336799331e-02,0.000000000000e+00,0.000000000000e+00,4.474458198284e+02,0.000000000000e+00,0.000000000000e+00,0.000000000000e+00,0.000000000000e+00,6.995896917650e-04,7.625527640239e-02,2.694789021153e+02,2.503815002441e+02,0.000000000000e+00,1.191958541689e+00,0.000000000000e+00,5.548659671343e+04,1.090000000000e+02
7.550000000000e+02,1.032431541866e+08,7.189338247843e+04,9.115710100433e+05,4.791735328253e-01,3.145541772294e+02,-1.429755889890e-04,-1.558433919980e-02,0.000000000000e+00,0.000000000000e+00,3.572388935873e+02,0.000000000000e+00,0.000000000000e+00,0.000000000000e+00,0.000000000000e+00,5.541415447563e-04,6.040142837844e-02,2.692578842730e+02,2.495313720703e+02,0.000000000000e+00,1.194562517113e+00,0.000000000000e+00,5.548494982515e+04,1.090000000000e+02
7.560000000000e+02,1.032428708524e+08,7.217671671803e+04,9.149798882555e+05,4.800787376028e-01,3.151430440742e+02,-1.519228997966e-04,-1.655959607783e-02,0.000000000000e+00,0.000000000000e+00,2.833342396052e+02,0.000000000000e+00,0.000000000000e+00,0.000000000000e+00,0.000000000000e+00,4.155144682537e-04,4.529107703965e-02,2.690812064131e+02,2.494858703613e+02,0.000000000000e+00,1.196846062847e+00,0.000000000000e+00,5.548356192455e+04,1.090000000000e+02
7.570000000000e+02,1.032424820086e+08,7.256556044803e+04,9.182286962796e+05,4.805851581495e-01,3.159337860526e+02,-1.529149072392e-04,-1.666772488907e-02,0.000000000000e+00,0.000000000000e+00,3.888437300002e+02,0.000000000000e+00,0.000000000000e+00,0.000000000000e+00,0.000000000000e+00,3.866973567312e-04,4.215001188370e-02,2.689660125238e+02,2.502594757080e+02,0.000000000000e+00,1.202858699923e+00,0.000000000000e+00,5.548267978485e+04,1.090000000000e+02
7.580000000000e+02,1.032420549817e+08,7.299258738062e+04,9.216792438656e+05,4.814593363811e-01,3.165525037410e+02,-1.332735707917e-04,-1.452681921629e-02,0.000000000000e+00,0.000000000000e+00,4.270269325819e+02,0.000000000000e+00,0.000000000000e+00,0.000000000000e+00,0.000000000000e+00,4.407951583084e-04,4.804667225562e-02,2.688070396387e+02,2.504782257080e+02,0.000000000000e+00,1.206700758964e+00,0.000000000000e+00,5.548140459886e+04,1.090000000000e+02
7.590000000000e+02,1.032416594637e+08,7.338810541580e+04,9.255101953241e+05,4.826768195741e-01,3.170768079109e+02,-1.212764864480e-04,-1.321913702283e-02,0.000000000000e+00,0.000000000000e+00,3.955180351871e+02,0.000000000000e+00,0.000000000000e+00,0.000000000000e+00,0.000000000000e+00,5.171896553581e-04,5.637367243403e-02,2.685897712954e+02,2.498409729004e+02,0.000000000000e+00,1.210848072731e+00,0.000000000000e+00,5.547959810253e+04,1.090000000000e+02
7.600000000000e+02,1.032412875952e+08,7.375997384721e+04,9.301789591302e+05,4.843485904384e-01,3.175820282118e+02,-1.473453365808e-04,-1.606064168731e-02,0.000000000000e+00,0.000000000000e+00,3.718684314084e+02,0.000000000000e+00,0.000000000000e+00,0.000000000000e+00,0.000000000000e+00,6.274364462885e-04,6.839057264545e-02,2.684756151431e+02,2.503921813965e+02,0.000000000000e+00,1.214826689037e+00,0.000000000000e+00,5.547861135035e+04,1.090000000000e+02
7.610000000000e+02,1.032409363400e+08,7.411122901826e+04,9.345486641212e+05,4.856886532259e-01,3.182025855687e+02,-1.566833671046e-04,-1.707848701441e-02,0.000000000000e+00,0.000000000000e+00,3.512551710531e+02,0.000000000000e+00,0.000000000000e+00,0.000000000000e+00,0.000000000000e+00,5.702932453685e-04,6.216196374517e-02,2.682975225476e+02,2.503721160889e+02,0.000000000000e+00,1.217264083612e+00,0.000000000000e+00,5.547704252052e+04,1.090000000000e+02
7.620000000000e+02,1.032406052526e+08,7.444231644167e+04,9.386974275970e+05,4.869519814260e-01,3.187893646803e+02,-1.768817556388e-04,-1.928011136463e-02,0.000000000000e+00,0.000000000000e+00,3.310874234058e+02,0.000000000000e+00,0.000000000000e+00,0.000000000000e+00,0.000000000000e+00,5.108447547033e-04,5.568207826266e-02,2.682334472408e+02,2.512306823730e+02,0.000000000000e+00,1.218320660106e+00,0.000000000000e+00,5.547645689859e+04,1.090000000000e+02
7.630000000000e+02,1.032402962289e+08,7.475134015908e+04,9.439434711238e+05,4.890285421025e-01,3.192093942580e+02,-2.095021180760e-04,-2.283573087028e-02,0.000000000000e+00,0.000000000000e+00,3.090237174124e+02,0.000000000000e+00,0.000000000000e+00,0.000000000000e+00,0.000000000000e+00,6.578892536577e-04,7.170992864869e-02,2.682417058900e+02,2.528276824951e+02,0.000000000000e+00,1.218674461249e+00,0.000000000000e+00,5.547651493353e+04,1.090000000000e+02
7.640000000000e+02,1.032400073996e+08,7.504016944198e+04,9.497129267393e+05,4.913390947378e-01,3.196534337355e+02,-1.905316895495e-04,-2.076795416090e-02,0.000000000000e+00,0.000000000000e+00,2.888292828971e+02,0.000000000000e+00,0.000000000000e+00,0.000000000000e+00,0.000000000000e+00,7.651918324900e-04,8.340590974141e-02,2.681797294498e+02,2.528637695313e+02,0.000000000000e+00,1.219459558136e+00,0.000000000000e+00,5.547594606256e+04,1.090000000000e+02
7.650000000000e+02,1.032397353475e+08,7.531222159006e+04,9.552117567768e+05,4.934454286302e-01,3.201381757195e+02,-1.457032313821e-04,-1.588165222065e-02,0.000000000000e+00,0.000000000000e+00,2.720521480834e+02,0.000000000000e+00,0.000000000000e+00,0.000000000000e+00,0.000000000000e+00,7.667864541065e-04,8.357972349761e-02,2.680604440821e+02,2.530167694092e+02,0.000000000000e+00,1.219719609438e+00,0.000000000000e+00,5.547485006381e+04,1.090000000000e+02
7.660000000000e+02,1.032394795904e+08,7.556797866496e+04,9.609003404976e+05,4.957260298160e-01,3.205660809536e+02,-1.347212637882e-04,-1.468461775291e-02,0.000000000000e+00,0.000000000000e+00,2.557570748973e+02,0.000000000000e+00,0.000000000000e+00,0.000000000000e+00,0.000000000000e+00,8.075093221423e-04,8.801851611351e-02,2.680058602366e+02,2.537395019531e+02,0.000000000000e+00,1.219431463397e+00,0.000000000000e+00,5.547433914102e+04,1.090000000000e+02
7.670000000000e+02,1.032392397351e+08,7.580783392681e+04,9.666876066163e+05,4.980296340378e-01,3.210084557914e+02,-1.491539662854e-04,-1.625778232510e-02,0.000000000000e+00,0.000000000000e+00,2.398552618479e+02,0.000000000000e+00,0.000000000000e+00,0.000000000000e+00,0.000000000000e+00,8.096186256403e-04,8.824843019479e-02,2.679441702564e+02,2.539246063232e+02,0.000000000000e+00,1.219550381722e+00,0.000000000000e+00,5.547375735627e+04,1.090000000000e+02
7.680000000000e+02,1.032390142555e+08,7.603331352905e+04,9.727238582784e+05,5.005255053918e-01,3.214059678603e+02,-1.544003246145e-04,-1.682963538299e-02,0.000000000000e+00,0.000000000000e+00,2.254796022446e+02,0.000000000000e+00,0.000000000000e+00,0.000000000000e+00,0.000000000000e+00,8.457598989223e-04,9.218782898253e-02,2.678759892319e+02,2.538435516357e+02,0.000000000000e+00,1.219160419256e+00,0.000000000000e+00,5.547311022507e+04,1.090000000000e+02
7.690000000000e+02,1.032388017709e+08,7.624579814288e+04,9.791865565876e+05,5.030872277427e-01,3.218993046113e+02,-1.371487000876e-04,-1.494920830955e-02,0.000000000000e+00,0.000000000000e+00,2.124846138324e+02,0.000000000000e+00,0.000000000000e+00,0.000000000000e+00,0.000000000000e+00,9.343952812141e-04,1.018490856523e-01,2.677788302775e+02,2.538814697266e+02,0.000000000000e+00,1.221221921841e+00,0.000000000000e+00,5.547217817510e+04,1.090000000000e+02
7.700000000000e+02,1.032385990856e+08,7.644848350620e+04,9.850348017517e+05,5.054916864781e-01,3.222925855448e+02,-1.269587005601e-04,-1.383849836105e-02,0.000000000000e+00,0.000000000000e+00,2.026853633116e+02,0.000000000000e+00,0.000000000000e+00,0.000000000000e+00,0.000000000000e+00,8.458344905160e-04,9.219595946624e-02,2.675851698061e+02,2.527250061035e+02,0.000000000000e+00,1.222389717494e+00,0.000000000000e+00,5.547028061644e+04,1.090000000000e+02
7.710000000000e+02,1.032384049717e+08,7.664259737908e+04,9.904411599160e+05,5.075424790524e-01,3.227626312038e+02,-1.334094329723e-04,-1.454162819398e-02,0.000000000000e+00,0.000000000000e+00,1.941138728845e+02,0.000000000000e+00,0.000000000000e+00,0.000000000000e+00,0.000000000000e+00,7.661133064383e-04,8.350635040177e-02,2.674052860124e+02,2.526265106201e+02,0.000000000000e+00,1.222761128202e+00,0.000000000000e+00,5.546846773693e+04,1.090000000000e+02
7.720000000000e+02,1.032382199799e+08,7.682758915038e+04,9.957547639774e+05,5.095294595907e-01,3.232368145668e+02,-1.413598658770e-04,-1.540822538060e-02,0.000000000000e+00,0.000000000000e+00,1.849917712972e+02,0.000000000000e+00,0.000000000000e+00,0.000000000000e+00,0.000000000000e+00,7.415708729204e-04,8.083122514833e-02,2.672723432287e+02,2.530519561768e+02,0.000000000000e+00,1.223261497896e+00,0.000000000000e+00,5.546709478500e+04,1.090000000000e+02
7.730000000000e+02,1.032380435423e+08,7.700402677869e+04,1.002338598630e+06,5.124465792163e-01,3.235311868566e+02,-1.273048738223e-04,-1.387623124663e-02,0.000000000000e+00,0.000000000000e+00,1.764376283139e+02,0.000000000000e+00,0.000000000000e+00,0.000000000000e+00,0.000000000000e+00,9.664661377469e-04,1.053448090144e-01,2.671203847346e+02,2.524792022705e+02,0.000000000000e+00,1.224196929047e+00,0.000000000000e+00,5.546549070970e+04,1.090000000000e+02
7.740000000000e+02,1.032378753843e+08,7.717218475495e+04,1.007722770364e+06,5.143223264990e-01,3.240898277789e+02,-1.373767753988e-04,-1.497406851847e-02,0.000000000000e+00,0.000000000000e+00,1.681579762555e+02,0.000000000000e+00,0.000000000000e+00,0.000000000000e+00,0.000000000000e+00,7.568055182046e-04,8.249180148430e-02,2.670087168026e+02,2.520738525391e+02,0.000000000000e+00,1.223355960892e+00,0.000000000000e+00,5.546429020525e+04,1.090000000000e+02
7.750000000000e+02,1.032379316128e+08,7.711595630251e+04,1.011820573214e+06,5.153393669062e-01,3.247759606278e+02,-1.514047191638e-04,-1.650311438885e-02,0.000000000000e+00,0.000000000000e+00,-5.622845243991e+01,0.000000000000e+00,0.000000000000e+00,0.000000000000e+00,0.000000000000e+00,5.317976718067e-04,5.796594622693e-02,2.668581258516e+02,2.520551757812e+02,0.000000000000e+00,1.218150902287e+00,0.000000000000e+00,5.546250594586e+04,1.090000000000e+02
7.760000000000e+02,1.032378011481e+08,7.724642099606e+04,1.016336901091e+06,5.167958807304e-01,3.253137964823e+02,-1.510647111088e-04,-1.646605351086e-02,0.000000000000e+00,0.000000000000e+00,1.304646935520e+02,0.000000000000e+00,0.000000000000e+00,0.000000000000e+00,0.000000000000e+00,5.999264939916e-04,6.539198784509e-02,2.667350547265e+02,2.516903991699e+02,0.000000000000e+00,1.220743494879e+00,0.000000000000e+00,5.546121223913e+04,1.090000000000e+02
7.770000000000e+02,1.032376057416e+08,7.744182748418e+04,1.020354711098e+06,5.179585429445e-01,3.258781725437e+02,-1.347171595646e-04,-1.468417039254e-02,0.000000000000e+00,0.000000000000e+00,1.954064881236e+02,0.000000000000e+00,0.000000000000e+00,0.000000000000e+00,0.000000000000e+00,5.358353922847e-04,5.840605775903e-02,2.665618485565e+02,2.509975128174e+02,0.000000000000e+00,1.222165357402e+00,0.000000000000e+00,5.545926421038e+04,1.090000000000e+02
7.780000000000e+02,1.032374328340e+08,7.761473504699e+04,1.023628098965e+06,5.186957169581e-01,3.264661632015e+02,-1.334821926772e-04,-1.454955900181e-02,0.000000000000e+00,0.000000000000e+00,1.729075628031e+02,0.000000000000e+00,0.000000000000e+00,0.000000000000e+00,0.000000000000e+00,4.117338383706e-04,4.487898838240e-02,2.664560657937e+02,2.515601043701e+02,0.000000000000e+00,1.223369061106e+00,0.000000000000e+00,5.545804731139e+04,1.090000000000e+02
7.790000000000e+02,1.032372736387e+08,7.777393040583e+04,1.027932961224e+06,5.200619835929e-01,3.269788928358e+02,-1.408729100061e-04,-1.535514719066e-02,0.000000000000e+00,0.000000000000e+00,1.591953588417e+02,0.000000000000e+00,0.000000000000e+00,0.000000000000e+00,0.000000000000e+00,5.718172912039e-04,6.232808474122e-02,2.664402279866e+02,2.528369598389e+02,0.000000000000e+00,1.223924616662e+00,0.000000000000e+00,5.545786963798e+04,1.090000000000e+02
7.800000000000e+02,1.032371244072e+08,7.792316188620e+04,1.032988889498e+06,5.218883403018e-01,3.274479640936e+02,-1.436787942619e-04,-1.566098857455e-02,0.000000000000e+00,0.000000000000e+00,1.492314803688e+02,0.000000000000e+00,0.000000000000e+00,0.000000000000e+00,0.000000000000e+00,6.983033336370e-04,7.611506336644e-02,2.662875027221e+02,2.511847381592e+02,0.000000000000e+00,1.225124145448e+00,0.000000000000e+00,5.545605748659e+04,1.090000000000e+02
7.810000000000e+02,1.032369814561e+08,7.806611295175e+04,1.036868524183e+06,5.229148320771e-01,3.280493530798e+02,-1.224723230235e-04,-1.334948320956e-02,0.000000000000e+00,0.000000000000e+00,1.429510655509e+02,0.000000000000e+00,0.000000000000e+00,0.000000000000e+00,0.000000000000e+00,5.281245388200e-04,5.756557473138e-02,2.660544726832e+02,2.503520812988e+02,0.000000000000e+00,1.225121620337e+00,0.000000000000e+00,5.545322279803e+04,1.090000000000e+02
7.820000000000e+02,1.032368442398e+08,7.820332922488e+04,1.040509495815e+06,5.238712036584e-01,3.286112783057e+02,-9.526856532657e-05,-1.038427362060e-02,0.000000000000e+00,0.000000000000e+00,1.372162731280e+02,0.000000000000e+00,0.000000000000e+00,0.000000000000e+00,0.000000000000e+00,5.128437377284e-04,5.589996741240e-02,2.659058419820e+02,2.515233459473e+02,0.000000000000e+00,1.225677175893e+00,0.000000000000e+00,5.545137441155e+04,1.090000000000e+02
7.830000000000e+02,1.032367137615e+08,7.833380757124e+04,1.044716777027e+06,5.251538474907e-01,3.291371708803e+02,-8.897965147769e-05,-9.698782011068e-03,0.000000000000e+00,0.000000000000e+00,1.304783463622e+02,0.000000000000e+00,0.000000000000e+00,0.000000000000e+00,0.000000000000e+00,6.086852357187e-04,6.634669069334e-02,2.658652039250e+02,2.524405059814e+02,0.000000000000e+00,1.225248158837e+00,0.000000000000e+00,5.545086823933e+04,1.090000000000e+02
7.840000000000e+02,1.032365904130e+08,7.845715612239e+04,1.049789813304e+06,5.270064376137e-01,3.295724165127e+02,-1.111572933287e-04,-1.211614497283e-02,0.000000000000e+00,0.000000000000e+00,1.233485511504e+02,0.000000000000e+00,0.000000000000e+00,0.000000000000e+00,0.000000000000e+00,7.279754451824e-04,7.934932352489e-02,2.658697633612e+02,2.527494659424e+02,0.000000000000e+00,1.224892579367e+00,0.000000000000e+00,5.545093155310e+04,1.090000000000e+02
7.850000000000e+02,1.032364739677e+08,7.857360137067e+04,1.055220590022e+06,5.290350648197e-01,3.300054114498e+02,-1.220460981652e-04,-1.330302470000e-02,0.000000000000e+00,0.000000000000e+00,1.164452482845e+02,0.000000000000e+00,0.000000000000e+00,0.000000000000e+00,0.000000000000e+00,7.756022720991e-04,8.454064765880e-02,2.658911676286e+02,2.531639709473e+02,0.000000000000e+00,1.222826761673e+00,0.000000000000e+00,5.545120770840e+04,1.090000000000e+02
7.860000000000e+02,1.032363638639e+08,7.868370522981e+04,1.060794908811e+06,5.311735851662e-01,3.304126492939e+02,-1.329103673461e-04,-1.448723004073e-02,0.000000000000e+00,0.000000000000e+00,1.101038591344e+02,0.000000000000e+00,0.000000000000e+00,0.000000000000e+00,0.000000000000e+00,7.891268669520e-04,8.601482849777e-02,2.658964483061e+02,2.537136688232e+02,0.000000000000e+00,1.219020581562e+00,0.000000000000e+00,5.545127907248e+04,1.090000000000e+02
7.870000000000e+02,1.032362583662e+08,7.878920291332e+04,1.066117155873e+06,5.331418509717e-01,3.308553396105e+02,-1.166128843806e-04,-1.271080439749e-02,0.000000000000e+00,0.000000000000e+00,1.054976835143e+02,0.000000000000e+00,0.000000000000e+00,0.000000000000e+00,0.000000000000e+00,7.697429030846e-04,8.390197643622e-02,2.657532898838e+02,2.519697570801e+02,0.000000000000e+00,1.219744118677e+00,0.000000000000e+00,5.544945697395e+04,1.090000000000e+02
7.880000000000e+02,1.032361564110e+08,7.889115810528e+04,1.072007649956e+06,5.355159900715e-01,3.312154261492e+02,-1.171010257303e-04,-1.276401180461e-02,0.000000000000e+00,0.000000000000e+00,1.019551919541e+02,0.000000000000e+00,0.000000000000e+00,0.000000000000e+00,0.000000000000e+00,8.612267448481e-04,9.387371518844e-02,2.656623429124e+02,2.524085693359e+02,0.000000000000e+00,1.220768180084e+00,0.000000000000e+00,5.544829330065e+04,1.090000000000e+02
7.890000000000e+02,1.032362197866e+08,7.882778244688e+04,1.077905434801e+06,5.377361023296e-01,3.316667554418e+02,-1.262031285725e-04,-1.375614101440e-02,0.000000000000e+00,0.000000000000e+00,-6.337565839526e+01,0.000000000000e+00,0.000000000000e+00,0.000000000000e+00,0.000000000000e+00,8.518235397733e-04,9.284876583529e-02,2.656175188139e+02,2.533397979736e+02,0.000000000000e+00,1.215409057807e+00,0.000000000000e+00,5.544760963446e+04,1.090000000000e+02
7.900000000000e+02,1.032362264717e+08,7.882109741025e+04,1.082659840388e+06,5.392948318970e-01,3.321703595007e+02,-9.943838033752e-05,-1.083878345679e-02,0.000000000000e+00,0.000000000000e+00,-6.685036635083e+00,0.000000000000e+00,0.000000000000e+00,0.000000000000e+00,0.000000000000e+00,6.891305915790e-04,7.511523448211e-02,2.655706478654e+02,2.535629119873e+02,0.000000000000e+00,1.215588700104e+00,0.000000000000e+00,5.544701930315e+04,1.090000000000e+02
7.910000000000e+02,1.032360801726e+08,7.896739652566e+04,1.086915386869e+06,5.406127949873e-01,3.326669508382e+02,-8.066509975726e-05,-8.792495873541e-03,0.000000000000e+00,0.000000000000e+00,1.462991154126e+02,0.000000000000e+00,0.000000000000e+00,0.000000000000e+00,0.000000000000e+00,6.255857891777e-04,6.818885102037e-02,2.655160039760e+02,2.533247375488e+02,0.000000000000e+00,1.216602915656e+00,0.000000000000e+00,5.544636482291e+04,1.090000000000e+02
7.920000000000e+02,1.032359613419e+08,7.908622720891e+04,1.091253773953e+06,5.420373441715e-01,3.331213191926e+02,-7.929943161209e-05,-8.643638045718e-03,0.000000000000e+00,0.000000000000e+00,1.188306832499e+02,0.000000000000e+00,0.000000000000e+00,0.000000000000e+00,0.000000000000e+00,6.408847003506e-04,6.985643233822e-02,2.654599117393e+02,2.534742431641e+02,0.000000000000e+00,1.217268356539e+00,0.000000000000e+00,5.544564610584e+04,1.090000000000e+02
7.930000000000e+02,1.032358527415e+08,7.919482755279e+04,1.095160026579e+06,5.430864623697e-01,3.336745688824e+02,-6.375040301200e-05,-6.948793928307e-03,0.000000000000e+00,0.000000000000e+00,1.086003438853e+02,0.000000000000e+00,0.000000000000e+00,0.000000000000e+00,0.000000000000e+00,5.861943020976e-04,6.389517892864e-02,2.653765446014e+02,2.537136230469e+02,0.000000000000e+00,1.217731319502e+00,0.000000000000e+00,5.544454629910e+04,1.090000000000e+02
7.940000000000e+02,1.032357511738e+08,7.929639524914e+04,1.099049162089e+06,5.441563833109e-01,3.342011044618e+02,-5.987665518622e-05,-6.526555415298e-03,0.000000000000e+00,0.000000000000e+00,1.015676963483e+02,0.000000000000e+00,0.000000000000e+00,0.000000000000e+00,0.000000000000e+00,5.836452596268e-04,6.361733329932e-02,2.653751433088e+02,2.548011016846e+02,0.000000000000e+00,1.217532889176e+00,0.000000000000e+00,5.544454840917e+04,1.090000000000e+02
7.950000000000e+02,1.032356552597e+08,7.939230936758e+04,1.103541443532e+06,5.456251764714e-01,3.346679581984e+02,-7.021685844211e-05,-7.653637570190e-03,0.000000000000e+00,0.000000000000e+00,9.591411843612e+01,0.000000000000e+00,0.000000000000e+00,0.000000000000e+00,0.000000000000e+00,6.753818514360e-04,7.361662180652e-02,2.653233295866e+02,2.546492462158e+02,0.000000000000e+00,1.217742124521e+00,0.000000000000e+00,5.544386009519e+04,1.090000000000e+02
7.960000000000e+02,1.032355634541e+08,7.948411496263e+04,1.106728104481e+06,5.461976384110e-01,3.352910960431e+02,-5.414529741508e-05,-5.901837418244e-03,0.000000000000e+00,0.000000000000e+00,9.180559505467e+01,0.000000000000e+00,0.000000000000e+00,0.000000000000e+00,0.000000000000e+00,4.777935972937e-04,5.207950210502e-02,2.652193966324e+02,2.534848632813e+02,0.000000000000e+00,1.218095291266e+00,0.000000000000e+00,5.544245568638e+04,1.090000000000e+02
7.970000000000e+02,1.032354749360e+08,7.957263305415e+04,1.110071727129e+06,5.469923153108e-01,3.358243636921e+02,-4.464694449792e-05,-4.866516950273e-03,0.000000000000e+00,0.000000000000e+00,8.851809151437e+01,0.000000000000e+00,0.000000000000e+00,0.000000000000e+00,0.000000000000e+00,5.134934435156e-04,5.597078534320e-02,2.651121902085e+02,2.530272521973e+02,0.000000000000e+00,1.218373069044e+00,0.000000000000e+00,5.544099097877e+04,1.090000000000e+02
7.980000000000e+02,1.032353895178e+08,7.965805126420e+04,1.114546815506e+06,5.484602521424e-01,3.362822400216e+02,-6.713818907007e-05,-7.318062608638e-03,0.000000000000e+00,0.000000000000e+00,8.541821005108e+01,0.000000000000e+00,0.000000000000e+00,0.000000000000e+00,0.000000000000e+00,6.769546482606e-04,7.378805666040e-02,2.650343375367e+02,2.532356414795e+02,0.000000000000e+00,1.217407272181e+00,0.000000000000e+00,5.543992078587e+04,1.090000000000e+02
7.990000000000e+02,1.032353072385e+08,7.974033061671e+04,1.118299441529e+06,5.494036291968e-01,3.368374235350e+02,-8.034544880839e-05,-8.757653920115e-03,0.000000000000e+00,0.000000000000e+00,8.227935251367e+01,0.000000000000e+00,0.000000000000e+00,0.000000000000e+00,0.000000000000e+00,5.419144987657e-04,5.906868036546e-02,2.650060206980e+02,2.536759490967e+02,0.000000000000e+00,1.215410242334e+00,0.000000000000e+00,5.543954145103e+04,1.090000000000e+02
8.000000000000e+02,1.032352280060e+08,7.981956307008e+04,1.121612517816e+06,5.501308167225e-01,3.373911839886e+02,-9.367160116329e-05,-1.021020452680e-02,0.000000000000e+00,0.000000000000e+00,7.923245337349e+01,0.000000000000e+00,0.000000000000e+00,0.000000000000e+00,0.000000000000e+00,4.559137099243e-04,4.969459438174e-02,2.649769431842e+02,2.542370605469e+02,0.000000000000e+00,1.214035354476e+00,0.000000000000e+00,5.543914598979e+04,1.090000000000e+02
8.010000000000e+02,1.032351514596e+08,7.989610947795e+04,1.124802620253e+06,5.507750166170e-01,3.379598102032e+02,-8.658677631958e-05,-9.437958618834e-03,0.000000000000e+00,0.000000000000e+00,7.654640786384e+01,0.000000000000e+00,0.000000000000e+00,0.000000000000e+00,0.000000000000e+00,4.439423086706e-04,4.838971164509e-02,2.649210093573e+02,2.541549987793e+02,0.000000000000e+00,1.212962781946e+00,0.000000000000e+00,5.543836644642e+04,1.090000000000e+02
8.020000000000e+02,1.032350772835e+08,7.997028555017e+04,1.128427668466e+06,5.517230028894e-01,3.384708785123e+02,-7.019442523712e-05,-7.651192350846e-03,0.000000000000e+00,0.000000000000e+00,7.417607222073e+01,0.000000000000e+00,0.000000000000e+00,0.000000000000e+00,0.000000000000e+00,5.321540936451e-04,5.800479620732e-02,2.648688835126e+02,2.539223632813e+02,0.000000000000e+00,1.213147967131e+00,0.000000000000e+00,5.543763931702e+04,1.090000000000e+02
8.030000000000e+02,1.032350053300e+08,8.004223909780e+04,1.131756321593e+06,5.524380584077e-01,3.390338086188e+02,-5.331658276073e-05,-5.811507520920e-03,0.000000000000e+00,0.000000000000e+00,7.195354763173e+01,0.000000000000e+00,0.000000000000e+00,0.000000000000e+00,0.000000000000e+00,4.996927306936e-04,5.446650764561e-02,2.648232819974e+02,2.538805236816e+02,0.000000000000e+00,1.213240559724e+00,0.000000000000e+00,5.543700249859e+04,1.090000000000e+02
8.040000000000e+02,1.032349353049e+08,8.011226419193e+04,1.134372708385e+06,5.527392443625e-01,3.396402877077e+02,-3.691409788715e-05,-4.023636669700e-03,0.000000000000e+00,0.000000000000e+00,7.002509413042e+01,0.000000000000e+00,0.000000000000e+00,0.000000000000e+00,0.000000000000e+00,4.004215902430e-04,4.364595333649e-02,2.647335008096e+02,2.531322937012e+02,0.000000000000e+00,1.213333152316e+00,0.000000000000e+00,5.543571949660e+04,1.090000000000e+02
8.050000000000e+02,1.032348671651e+08,8.018040391333e+04,1.138496414571e+06,5.540581685920e-01,3.400652157482e+02,-5.029404724999e-05,-5.482051150249e-03,0.000000000000e+00,0.000000000000e+00,6.813972139834e+01,0.000000000000e+00,0.000000000000e+00,0.000000000000e+00,0.000000000000e+00,6.330993879828e-04,6.900783329013e-02,2.647129121449e+02,2.538346862793e+02,0.000000000000e+00,1.213333152316e+00,0.000000000000e+00,5.543544240804e+04,1.090000000000e+02
8.060000000000e+02,1.032348010765e+08,8.024649252111e+04,1.142280347718e+06,5.550352428055e-01,3.405980003762e+02,-6.204868670433e-05,-6.763306850772e-03,0.000000000000e+00,0.000000000000e+00,6.608860777854e+01,0.000000000000e+00,0.000000000000e+00,0.000000000000e+00,0.000000000000e+00,5.659311799935e-04,6.168649861930e-02,2.646765377799e+02,2.539913330078e+02,0.000000000000e+00,1.212570904984e+00,0.000000000000e+00,5.543492722300e+04,1.090000000000e+02
8.070000000000e+02,1.032347367313e+08,8.031083781748e+04,1.145958375084e+06,5.560708988867e-01,3.410643724297e+02,-6.345800346570e-05,-6.916922377762e-03,0.000000000000e+00,0.000000000000e+00,6.434529636863e+01,0.000000000000e+00,0.000000000000e+00,0.000000000000e+00,0.000000000000e+00,5.486186586550e-04,5.979943379339e-02,2.646083780894e+02,2.537506408691e+02,0.000000000000e+00,1.212663497576e+00,0.000000000000e+00,5.543394140160e+04,1.090000000000e+02
8.080000000000e+02,1.032347503595e+08,8.029720955340e+04,1.149634360530e+06,5.569033037806e-01,3.416547165988e+02,-6.978298149198e-05,-7.606344982626e-03,0.000000000000e+00,0.000000000000e+00,-1.362826408040e+01,0.000000000000e+00,0.000000000000e+00,0.000000000000e+00,0.000000000000e+00,5.428849470522e-04,5.917445922869e-02,2.645258295866e+02,2.531352996826e+02,0.000000000000e+00,1.209885719798e+00,0.000000000000e+00,5.543269166260e+04,1.090000000000e+02
8.090000000000e+02,1.032348376389e+08,8.020993020681e+04,1.152795754327e+06,5.575896269727e-01,3.421693827334e+02,-4.890466334514e-05,-5.330608304620e-03,0.000000000000e+00,0.000000000000e+00,-8.727934658993e+01,0.000000000000e+00,0.000000000000e+00,0.000000000000e+00,0.000000000000e+00,4.725519618146e-04,5.150816383780e-02,2.645637012828e+02,2.549983367920e+02,0.000000000000e+00,1.207465067251e+00,0.000000000000e+00,5.543320457133e+04,1.090000000000e+02
8.100000000000e+02,1.032347863557e+08,8.026121332177e+04,1.156063494346e+06,5.582339278507e-01,3.427354187888e+02,-4.427151295153e-05,-4.825594911717e-03,0.000000000000e+00,0.000000000000e+00,5.128311496782e+01,0.000000000000e+00,0.000000000000e+00,0.000000000000e+00,0.000000000000e+00,4.921678657612e-04,5.364629736797e-02,2.646442959763e+02,2.559228820801e+02,0.000000000000e+00,1.208808179091e+00,0.000000000000e+00,5.543447273710e+04,1.090000000000e+02
8.110000000000e+02,1.032346919107e+08,8.035565838994e+04,1.159294847846e+06,5.589983180054e-01,3.432203903494e+02,-4.939963738046e-05,-5.384560474471e-03,0.000000000000e+00,0.000000000000e+00,9.444506816638e+01,0.000000000000e+00,0.000000000000e+00,0.000000000000e+00,0.000000000000e+00,4.836805819623e-04,5.272118343389e-02,2.646751100381e+02,2.558812561035e+02,0.000000000000e+00,1.208997945625e+00,0.000000000000e+00,5.543496476376e+04,1.090000000000e+02
8.120000000000e+02,1.032346110668e+08,8.043650227309e+04,1.162492981541e+06,5.597160253148e-01,3.437199075571e+02,-3.231162793112e-05,-3.521967444492e-03,0.000000000000e+00,0.000000000000e+00,8.084388314955e+01,0.000000000000e+00,0.000000000000e+00,0.000000000000e+00,0.000000000000e+00,4.936063944392e-04,5.380309699387e-02,2.647395242897e+02,2.567831115723e+02,0.000000000000e+00,1.208680881281e+00,0.000000000000e+00,5.543593343600e+04,1.090000000000e+02
8.130000000000e+02,1.032345366262e+08,8.051094281996e+04,1.166599298870e+06,5.609665722579e-01,3.441650005591e+02,-1.998194697964e-05,-2.178032220781e-03,0.000000000000e+00,0.000000000000e+00,7.444054686712e+01,0.000000000000e+00,0.000000000000e+00,0.000000000000e+00,0.000000000000e+00,6.595368249120e-04,7.188951391541e-02,2.647392048450e+02,2.560948791504e+02,0.000000000000e+00,1.208866066466e+00,0.000000000000e+00,5.543594841112e+04,1.090000000000e+02
8.140000000000e+02,1.032344662020e+08,8.058136704004e+04,1.171277132936e+06,5.625601866552e-01,3.445753184432e+02,-2.789853242713e-05,-3.040940034558e-03,0.000000000000e+00,0.000000000000e+00,7.042422008462e+01,0.000000000000e+00,0.000000000000e+00,0.000000000000e+00,0.000000000000e+00,7.513951130587e-04,8.190206732340e-02,2.646373652793e+02,2.543579406738e+02,0.000000000000e+00,1.209236436836e+00,0.000000000000e+00,5.543447917774e+04,1.090000000000e+02
8.150000000000e+02,1.032343986737e+08,8.064889531585e+04,1.176118071146e+06,5.642431718442e-01,3.449758829804e+02,-2.889536163698e-05,-3.149594418430e-03,0.000000000000e+00,0.000000000000e+00,6.752827580939e+01,0.000000000000e+00,0.000000000000e+00,0.000000000000e+00,0.000000000000e+00,7.770350421655e-04,8.469681959604e-02,2.645438861420e+02,2.539071044922e+02,0.000000000000e+00,1.209616066466e+00,0.000000000000e+00,5.543312352144e+04,1.090000000000e+02
8.160000000000e+02,1.032343336390e+08,8.071393004787e+04,1.179909330183e+06,5.652092088578e-01,3.454979788993e+02,-7.698734857702e-06,-8.391620994895e-04,0.000000000000e+00,0.000000000000e+00,6.503473201673e+01,0.000000000000e+00,0.000000000000e+00,0.000000000000e+00,0.000000000000e+00,6.206512058577e-04,6.765098143849e-02,2.645250563065e+02,2.550620422363e+02,0.000000000000e+00,1.209017278258e+00,0.000000000000e+00,5.543287096218e+04,1.090000000000e+02
8.170000000000e+02,1.032342709396e+08,8.077662948031e+04,1.183287485743e+06,5.660315842558e-01,3.459800219161e+02,-5.435784792844e-06,-5.925005424200e-04,0.000000000000e+00,0.000000000000e+00,6.269943243852e+01,0.000000000000e+00,0.000000000000e+00,0.000000000000e+00,0.000000000000e+00,5.515432453755e-04,6.011821374593e-02,2.645637524203e+02,2.561318969727e+02,0.000000000000e+00,1.208216918559e+00,0.000000000000e+00,5.543346946800e+04,1.090000000000e+02
8.180000000000e+02,1.032342104505e+08,8.083711856056e+04,1.186916788703e+06,5.670193798199e-01,3.464313850987e+02,-2.763557439588e-05,-3.012277609151e-03,0.000000000000e+00,0.000000000000e+00,6.048908025756e+01,0.000000000000e+00,0.000000000000e+00,0.000000000000e+00,0.000000000000e+00,5.700520391280e-04,6.213567226495e-02,2.646191482619e+02,2.568470153809e+02,0.000000000000e+00,1.207558460654e+00,0.000000000000e+00,5.543430632822e+04,1.090000000000e+02
8.190000000000e+02,1.032341518494e+08,8.089571965593e+04,1.190550786131e+06,5.679435064809e-01,3.469220177758e+02,-2.612437263871e-05,-2.847556617619e-03,0.000000000000e+00,0.000000000000e+00,5.860109536597e+01,0.000000000000e+00,0.000000000000e+00,0.000000000000e+00,0.000000000000e+00,5.726738465602e-04,6.242144927507e-02,2.646683082682e+02,2.572004699707e+02,0.000000000000e+00,1.205735436677e+00,0.000000000000e+00,5.543504474239e+04,1.090000000000e+02
8.200000000000e+02,1.032340949028e+08,8.095266625158e+04,1.194348026858e+06,5.689926044315e-01,3.473817759407e+02,-1.791667288486e-05,-1.952917344450e-03,0.000000000000e+00,0.000000000000e+00,5.694659564988e+01,0.000000000000e+00,0.000000000000e+00,0.000000000000e+00,0.000000000000e+00,6.076360377690e-04,6.623232811683e-02,2.647224578416e+02,2.573688354492e+02,0.000000000000e+00,1.204650716984e+00,0.000000000000e+00,5.543585150369e+04,1.090000000000e+02
8.210000000000e+02,1.032340394509e+08,8.100811811059e+04,1.197417231249e+06,5.695501636179e-01,3.479277663919e+02,2.710896190676e-06,2.954876847837e-04,0.000000000000e+00,0.000000000000e+00,5.545185900941e+01,0.000000000000e+00,0.000000000000e+00,0.000000000000e+00,0.000000000000e+00,5.073661026535e-04,5.530290518923e-02,2.647846957313e+02,2.580736083984e+02,0.000000000000e+00,1.202979682371e+00,0.000000000000e+00,5.543676866641e+04,1.090000000000e+02
8.220000000000e+02,1.032339853191e+08,8.106224997626e+04,1.200654947334e+06,5.703014255200e-01,3.484049084613e+02,4.597146273585e-06,5.010889438208e-04,0.000000000000e+00,0.000000000000e+00,5.413186566843e+01,0.000000000000e+00,0.000000000000e+00,0.000000000000e+00,0.000000000000e+00,5.380974797626e-04,5.865262529412e-02,2.648285627992e+02,2.582598876953e+02,0.000000000000e+00,1.200477491591e+00,0.000000000000e+00,5.543741407715e+04,1.090000000000e+02
8.230000000000e+02,1.032339323253e+08,8.111524371820e+04,1.205163668437e+06,5.718322186062e-01,3.487744142793e+02,-1.419472978108e-05,-1.547225546138e-03,0.000000000000e+00,0.000000000000e+00,5.299374194323e+01,0.000000000000e+00,0.000000000000e+00,0.000000000000e+00,0.000000000000e+00,7.304363247589e-04,7.961755939873e-02,2.648569772353e+02,2.582938537598e+02,0.000000000000e+00,1.200570084184e+00,0.000000000000e+00,5.543783545862e+04,1.090000000000e+02
8.240000000000e+02,1.032338803456e+08,8.116722340669e+04,1.210152535386e+06,5.735876447526e-01,3.491430759492e+02,-1.946680689224e-05,-2.121881951254e-03,0.000000000000e+00,0.000000000000e+00,5.197968848874e+01,0.000000000000e+00,0.000000000000e+00,0.000000000000e+00,0.000000000000e+00,8.042393463536e-04,8.766208875254e-02,2.648925966581e+02,2.583962707520e+02,0.000000000000e+00,1.200570084184e+00,0.000000000000e+00,5.543835920128e+04,1.090000000000e+02
8.250000000000e+02,1.032338292786e+08,8.121829049097e+04,1.214366624857e+06,5.748333751128e-01,3.495956254001e+02,-7.188944925049e-06,-7.835949968303e-04,0.000000000000e+00,0.000000000000e+00,5.106708427873e+01,0.000000000000e+00,0.000000000000e+00,0.000000000000e+00,0.000000000000e+00,6.878892587231e-04,7.497992920082e-02,2.649361236685e+02,2.586511230469e+02,0.000000000000e+00,1.200009537851e+00,0.000000000000e+00,5.543899257792e+04,1.090000000000e+02
8.260000000000e+02,1.032337790535e+08,8.126851553186e+04,1.219008529312e+06,5.764554411016e-01,3.499396212403e+02,1.950712726419e-05,2.126276871797e-03,0.000000000000e+00,0.000000000000e+00,5.022504089166e+01,0.000000000000e+00,0.000000000000e+00,0.000000000000e+00,0.000000000000e+00,7.848723573779e-04,8.555108695419e-02,2.649895500616e+02,2.590455932617e+02,0.000000000000e+00,1.199375230310e+00,0.000000000000e+00,5.543976118184e+04,1.090000000000e+02
8.270000000000e+02,1.032337296077e+08,8.131796134282e+04,1.223781599235e+06,5.780853770948e-01,3.503149685062e+02,3.702977558700e-05,4.036245538983e-03,0.000000000000e+00,0.000000000000e+00,4.944581096078e+01,0.000000000000e+00,0.000000000000e+00,0.000000000000e+00,0.000000000000e+00,8.243975537124e-04,8.985933335465e-02,2.650373405390e+02,2.592492065430e+02,0.000000000000e+00,1.199375230310e+00,0.000000000000e+00,5.544044436279e+04,1.090000000000e+02
8.280000000000e+02,1.032336808420e+08,8.136672709109e+04,1.227756110629e+06,5.792578669137e-01,3.507389660602e+02,6.495656278265e-05,7.080265343309e-03,0.000000000000e+00,0.000000000000e+00,4.876574826619e+01,0.000000000000e+00,0.000000000000e+00,0.000000000000e+00,0.000000000000e+00,7.212992664294e-04,7.862162004080e-02,2.650629908165e+02,2.592140502930e+02,0.000000000000e+00,1.198649280470e+00,0.000000000000e+00,5.544081496136e+04,1.090000000000e+02
8.290000000000e+02,1.032336327064e+08,8.141486267596e+04,1.232019815909e+06,5.806682402565e-01,3.510982437900e+02,7.255406608159e-05,7.908393202894e-03,0.000000000000e+00,0.000000000000e+00,4.813558486789e+01,0.000000000000e+00,0.000000000000e+00,0.000000000000e+00,0.000000000000e+00,7.758476016316e-04,8.456738857785e-02,2.651061794796e+02,2.595045776367e+02,0.000000000000e+00,1.198556687877e+00,0.000000000000e+00,5.544142929046e+04,1.090000000000e+02
8.300000000000e+02,1.032335851927e+08,8.146237631717e+04,1.235793584803e+06,5.816473584169e-01,3.515746053524e+02,5.984431590977e-05,6.523030434164e-03,0.000000000000e+00,0.000000000000e+00,4.751364120980e+01,0.000000000000e+00,0.000000000000e+00,0.000000000000e+00,0.000000000000e+00,6.806853332543e-04,7.419470132472e-02,2.651765428200e+02,2.601454162598e+02,0.000000000000e+00,1.198556687877e+00,0.000000000000e+00,5.544241356940e+04,1.090000000000e+02
8.310000000000e+02,1.032335382543e+08,8.150931473481e+04,1.239739488376e+06,5.830049502972e-01,3.518703195757e+02,5.833998175828e-05,6.359058011653e-03,0.000000000000e+00,0.000000000000e+00,4.693841764566e+01,0.000000000000e+00,0.000000000000e+00,0.000000000000e+00,0.000000000000e+00,7.080409950277e-04,7.717646845801e-02,2.652398362200e+02,2.603712158203e+02,0.000000000000e+00,1.198371502692e+00,0.000000000000e+00,5.544329088135e+04,1.090000000000e+02
8.320000000000e+02,1.032334918300e+08,8.155573901608e+04,1.243854114170e+06,5.842649694820e-01,3.522704302185e+02,7.135430819313e-05,7.777619593051e-03,0.000000000000e+00,0.000000000000e+00,4.642428126705e+01,0.000000000000e+00,0.000000000000e+00,0.000000000000e+00,0.000000000000e+00,7.484884338114e-04,8.158523928544e-02,2.653128375294e+02,2.609060668945e+02,0.000000000000e+00,1.198186317507e+00,0.000000000000e+00,5.544429255904e+04,1.090000000000e+02
8.330000000000e+02,1.032334458516e+08,8.160171743665e+04,1.247214409302e+06,5.850559982565e-01,3.527390287222e+02,8.470103448735e-05,9.232412759121e-03,0.000000000000e+00,0.000000000000e+00,4.597842056840e+01,0.000000000000e+00,0.000000000000e+00,0.000000000000e+00,0.000000000000e+00,6.375126042391e-04,6.948887386206e-02,2.653762120218e+02,2.612587280273e+02,0.000000000000e+00,1.197105584855e+00,0.000000000000e+00,5.544515496906e+04,1.090000000000e+02
8.340000000000e+02,1.032334003144e+08,8.164725469085e+04,1.249977929629e+06,5.855513509462e-01,3.532122462649e+02,1.150941277632e-04,1.254525992619e-02,0.000000000000e+00,0.000000000000e+00,4.553725420262e+01,0.000000000000e+00,0.000000000000e+00,0.000000000000e+00,0.000000000000e+00,5.669202369867e-04,6.179430583156e-02,2.654850685812e+02,2.623363647461e+02,0.000000000000e+00,1.195405858066e+00,0.000000000000e+00,5.544661408328e+04,1.090000000000e+02
8.350000000000e+02,1.032333551371e+08,8.169243196913e+04,1.253299191672e+06,5.864371103388e-01,3.536083611177e+02,1.014593195345e-04,1.105906582926e-02,0.000000000000e+00,0.000000000000e+00,4.517727828462e+01,0.000000000000e+00,0.000000000000e+00,0.000000000000e+00,0.000000000000e+00,6.466178591660e-04,7.048134664910e-02,2.655736887896e+02,2.624875183105e+02,0.000000000000e+00,1.194354307462e+00,0.000000000000e+00,5.544778577919e+04,1.090000000000e+02
8.360000000000e+02,1.032333102171e+08,8.173735193413e+04,1.258650619958e+06,5.886252817070e-01,3.537928442904e+02,9.238256113400e-05,1.006969916361e-02,0.000000000000e+00,0.000000000000e+00,4.491996499187e+01,0.000000000000e+00,0.000000000000e+00,0.000000000000e+00,0.000000000000e+00,9.747318559755e-04,1.062457723013e-01,2.656363391815e+02,2.624607849121e+02,0.000000000000e+00,1.193757066732e+00,0.000000000000e+00,5.544860823816e+04,1.090000000000e+02
8.370000000000e+02,1.032332655455e+08,8.178202350783e+04,1.262575031688e+06,5.896244624222e-01,3.542872867784e+02,1.179694915717e-04,1.285867458132e-02,0.000000000000e+00,0.000000000000e+00,4.467157370107e+01,0.000000000000e+00,0.000000000000e+00,0.000000000000e+00,0.000000000000e+00,7.630077193529e-04,8.316784140947e-02,2.657237793959e+02,2.630239257812e+02,0.000000000000e+00,1.191467559567e+00,0.000000000000e+00,5.544974343687e+04,1.090000000000e+02
8.380000000000e+02,1.032332210129e+08,8.182655618928e+04,1.265803612165e+06,5.903981105003e-01,3.547235789738e+02,1.337895876890e-04,1.458306505810e-02,0.000000000000e+00,0.000000000000e+00,4.453268145231e+01,0.000000000000e+00,0.000000000000e+00,0.000000000000e+00,0.000000000000e+00,6.654697091060e-04,7.253619829255e-02,2.657749887631e+02,2.627440795898e+02,0.000000000000e+00,1.190836704154e+00,0.000000000000e+00,5.545040420503e+04,1.090000000000e+02
8.390000000000e+02,1.032331766301e+08,8.187093891030e+04,1.268736882354e+06,5.910355353698e-01,3.551551933065e+02,1.226862447170e-04,1.337280067415e-02,0.000000000000e+00,0.000000000000e+00,4.438272102500e+01,0.000000000000e+00,0.000000000000e+00,0.000000000000e+00,0.000000000000e+00,6.038971419148e-04,6.582478846871e-02,2.658598995357e+02,2.635914916992e+02,0.000000000000e+00,1.190836704154e+00,0.000000000000e+00,5.545148718333e+04,1.090000000000e+02
8.400000000000e+02,1.032331324042e+08,8.191516483200e+04,1.272588512153e+06,5.923156458624e-01,3.554544935939e+02,1.344854350274e-04,1.465891241799e-02,0.000000000000e+00,0.000000000000e+00,4.422592169811e+01,0.000000000000e+00,0.000000000000e+00,0.000000000000e+00,0.000000000000e+00,7.664058375364e-04,8.353823629146e-02,2.659715368364e+02,2.643602294922e+02,0.000000000000e+00,1.190622329154e+00,0.000000000000e+00,5.545288835210e+04,1.090000000000e+02
8.410000000000e+02,1.032330882733e+08,8.195929578562e+04,1.276470602469e+06,5.934728700432e-01,3.558335509636e+02,1.550107141940e-04,1.689616784715e-02,0.000000000000e+00,0.000000000000e+00,4.413095361463e+01,0.000000000000e+00,0.000000000000e+00,0.000000000000e+00,0.000000000000e+00,7.913131031552e-04,8.625312824392e-02,2.660984456523e+02,2.653844299316e+02,0.000000000000e+00,1.188310133681e+00,0.000000000000e+00,5.545445358344e+04,1.090000000000e+02
8.420000000000e+02,1.032330440894e+08,8.200347960594e+04,1.279512539640e+06,5.941456195950e-01,3.562702516718e+02,1.666306421942e-04,1.816273999917e-02,0.000000000000e+00,0.000000000000e+00,4.418382032100e+01,0.000000000000e+00,0.000000000000e+00,0.000000000000e+00,0.000000000000e+00,6.654823460756e-04,7.253757572224e-02,2.661933318147e+02,2.653823852539e+02,0.000000000000e+00,1.187399974937e+00,0.000000000000e+00,5.545560632812e+04,1.090000000000e+02
8.430000000000e+02,1.032329997764e+08,8.204779261595e+04,1.282534197283e+06,5.949113548866e-01,3.566455553603e+02,1.918003787165e-04,2.090624128010e-02,0.000000000000e+00,0.000000000000e+00,4.431301001390e+01,0.000000000000e+00,0.000000000000e+00,0.000000000000e+00,0.000000000000e+00,6.878817365151e-04,7.497910928015e-02,2.662760646416e+02,2.653506774902e+02,0.000000000000e+00,1.185737199212e+00,0.000000000000e+00,5.545660065444e+04,1.090000000000e+02
8.440000000000e+02,1.032329553368e+08,8.209223222697e+04,1.285935173486e+06,5.958762131707e-01,3.570054081058e+02,1.885887775617e-04,2.055617675422e-02,0.000000000000e+00,0.000000000000e+00,4.443961102294e+01,0.000000000000e+00,0.000000000000e+00,0.000000000000e+00,0.000000000000e+00,7.471355230385e-04,8.143777201119e-02,2.663657830028e+02,2.656712951660e+02,0.000000000000e+00,1.185153255192e+00,0.000000000000e+00,5.545766623999e+04,1.090000000000e+02
8.450000000000e+02,1.032329107432e+08,8.213682578534e+04,1.290258669481e+06,5.974496176204e-01,3.572556416419e+02,1.969979697121e-04,2.147277869862e-02,0.000000000000e+00,0.000000000000e+00,4.459355836772e+01,0.000000000000e+00,0.000000000000e+00,0.000000000000e+00,0.000000000000e+00,9.082212223889e-04,9.899611324039e-02,2.664546854709e+02,2.658271179199e+02,0.000000000000e+00,1.184089837332e+00,0.000000000000e+00,5.545870869052e+04,1.090000000000e+02
8.460000000000e+02,1.032328659180e+08,8.218165098125e+04,1.293922813728e+06,5.984828870493e-01,3.576467403050e+02,2.099613363502e-04,2.288578566217e-02,0.000000000000e+00,0.000000000000e+00,4.482519590957e+01,0.000000000000e+00,0.000000000000e+00,0.000000000000e+00,0.000000000000e+00,8.131681599813e-04,8.863532943796e-02,2.665201799754e+02,2.656517944336e+02,0.000000000000e+00,1.183455529791e+00,0.000000000000e+00,5.545946908819e+04,1.090000000000e+02
8.470000000000e+02,1.032328208785e+08,8.222669057566e+04,1.297187475464e+06,5.994277900462e-01,3.579785384886e+02,2.487665133195e-04,2.711554995182e-02,0.000000000000e+00,0.000000000000e+00,4.503959440502e+01,0.000000000000e+00,0.000000000000e+00,0.000000000000e+00,0.000000000000e+00,7.855987137117e-04,8.563025979458e-02,2.665924999390e+02,2.660412597656e+02,0.000000000000e+00,1.182764148991e+00,0.000000000000e+00,5.546030097128e+04,1.090000000000e+02
8.480000000000e+02,1.032327757230e+08,8.227184598380e+04,1.301632421876e+06,6.012016704259e-01,3.581370590797e+02,3.176765649883e-04,3.462674558373e-02,0.000000000000e+00,0.000000000000e+00,4.515540814617e+01,0.000000000000e+00,0.000000000000e+00,0.000000000000e+00,0.000000000000e+00,1.047992831869e-03,1.142312186737e-01,2.667054815065e+02,2.670380859375e+02,0.000000000000e+00,1.182169641702e+00,0.000000000000e+00,5.546158095630e+04,1.090000000000e+02
8.490000000000e+02,1.032327303918e+08,8.231717719323e+04,1.307533834875e+06,6.037724662288e-01,3.582209194134e+02,3.270246742896e-04,3.564568949756e-02,0.000000000000e+00,0.000000000000e+00,4.533120942941e+01,0.000000000000e+00,0.000000000000e+00,0.000000000000e+00,0.000000000000e+00,1.298358009847e-03,1.415210230733e-01,2.668174703480e+02,2.674275207520e+02,0.000000000000e+00,1.179708561527e+00,0.000000000000e+00,5.546282747755e+04,1.090000000000e+02
8.500000000000e+02,1.032326847232e+08,8.236284581919e+04,1.313467830497e+06,6.061730749059e-01,3.584162570209e+02,2.587155220154e-04,2.819999189968e-02,0.000000000000e+00,0.000000000000e+00,4.566862595542e+01,0.000000000000e+00,0.000000000000e+00,0.000000000000e+00,0.000000000000e+00,1.237072697598e-03,1.348409240381e-01,2.668919523536e+02,2.674375915527e+02,0.000000000000e+00,1.178594280367e+00,0.000000000000e+00,5.546364528053e+04,1.090000000000e+02
8.510000000000e+02,1.032326386805e+08,8.240888853207e+04,1.318417376390e+06,6.079757520602e-01,3.586960883823e+02,2.280678174197e-04,2.485939209874e-02,0.000000000000e+00,0.000000000000e+00,4.604271288555e+01,0.000000000000e+00,0.000000000000e+00,0.000000000000e+00,0.000000000000e+00,1.044309258079e-03,1.138297091306e-01,2.669495518641e+02,2.670426025391e+02,0.000000000000e+00,1.178169121789e+00,0.000000000000e+00,5.546427297189e+04,1.090000000000e+02
8.520000000000e+02,1.032325922251e+08,8.245534391778e+04,1.321624347597e+06,6.087541630236e-01,3.591069449566e+02,2.543202657969e-04,2.772090897187e-02,0.000000000000e+00,0.000000000000e+00,4.645538571093e+01,0.000000000000e+00,0.000000000000e+00,0.000000000000e+00,0.000000000000e+00,7.836439514330e-04,8.541719070620e-02,2.669760424849e+02,2.664530639648e+02,0.000000000000e+00,1.176713038368e+00,0.000000000000e+00,5.546456168508e+04,1.090000000000e+02
8.530000000000e+02,1.032325454542e+08,8.250211480133e+04,1.324671391732e+06,6.095993877796e-01,3.594335136949e+02,2.684868022174e-04,2.926506144170e-02,0.000000000000e+00,0.000000000000e+00,4.677088354501e+01,0.000000000000e+00,0.000000000000e+00,0.000000000000e+00,0.000000000000e+00,7.710909083776e-04,8.404890901316e-02,2.670087026447e+02,2.665059814453e+02,0.000000000000e+00,1.176620445776e+00,0.000000000000e+00,5.546491673497e+04,1.090000000000e+02
8.540000000000e+02,1.032324985036e+08,8.254906539713e+04,1.329244694562e+06,6.114282734776e-01,3.595918091868e+02,2.952144469910e-04,3.217837472201e-02,0.000000000000e+00,0.000000000000e+00,4.695059580320e+01,0.000000000000e+00,0.000000000000e+00,0.000000000000e+00,0.000000000000e+00,1.049366195559e-03,1.143809153159e-01,2.670627995068e+02,2.668302612305e+02,0.000000000000e+00,1.176178658897e+00,0.000000000000e+00,5.546549832996e+04,1.090000000000e+02
8.550000000000e+02,1.032324514992e+08,8.259606981450e+04,1.332553275797e+06,6.122777513701e-01,3.599795286237e+02,3.455726438720e-04,3.766741818205e-02,0.000000000000e+00,0.000000000000e+00,4.700441737025e+01,0.000000000000e+00,0.000000000000e+00,0.000000000000e+00,0.000000000000e+00,8.884306452061e-04,9.683894032747e-02,2.671673455833e+02,2.678546447754e+02,0.000000000000e+00,1.175993473712e+00,0.000000000000e+00,5.546660487330e+04,1.090000000000e+02
8.560000000000e+02,1.032324820855e+08,8.256548356924e+04,1.334606711387e+06,6.123443284291e-01,3.604883795554e+02,3.391318036341e-04,3.696536659612e-02,0.000000000000e+00,0.000000000000e+00,-3.058624526060e+01,0.000000000000e+00,0.000000000000e+00,0.000000000000e+00,0.000000000000e+00,6.746911686104e-04,7.354133737854e-02,2.672677208761e+02,2.686212768555e+02,0.000000000000e+00,1.173956436675e+00,0.000000000000e+00,5.546763052352e+04,1.090000000000e+02
8.570000000000e+02,1.032324965350e+08,8.255103405733e+04,1.336929273614e+06,6.131768753479e-01,3.606167332133e+02,3.854586337310e-04,4.201499107668e-02,0.000000000000e+00,0.000000000000e+00,-1.444951191268e+01,0.000000000000e+00,0.000000000000e+00,0.000000000000e+00,0.000000000000e+00,7.642889020980e-04,8.330749032868e-02,2.673993058113e+02,2.694077758789e+02,0.000000000000e+00,1.171595843509e+00,0.000000000000e+00,5.546896441406e+04,1.090000000000e+02
8.580000000000e+02,1.032324907171e+08,8.255685197873e+04,1.339195327416e+06,6.134132848184e-01,3.610800745525e+02,4.086269779613e-04,4.454034059778e-02,0.000000000000e+00,0.000000000000e+00,5.817921400580e+00,0.000000000000e+00,0.000000000000e+00,0.000000000000e+00,0.000000000000e+00,7.781012202557e-04,8.481303300787e-02,2.675327199644e+02,2.699099731445e+02,0.000000000000e+00,1.169951912109e+00,0.000000000000e+00,5.547029622789e+04,1.090000000000e+02
8.590000000000e+02,1.032324730692e+08,8.257449980337e+04,1.341837383683e+06,6.143175455295e-01,3.612511748749e+02,4.525033895994e-04,4.932286946634e-02,0.000000000000e+00,0.000000000000e+00,1.764782463916e+01,0.000000000000e+00,0.000000000000e+00,0.000000000000e+00,0.000000000000e+00,8.841269232729e-04,9.636983463674e-02,2.676691449687e+02,2.703914794922e+02,0.000000000000e+00,1.168753979298e+00,0.000000000000e+00,5.547163279122e+04,1.090000000000e+02
8.600000000000e+02,1.032324168811e+08,8.262913938537e+04,1.346173046762e+06,6.156311139408e-01,3.616384331280e+02,4.851715631963e-04,5.288370038840e-02,0.000000000000e+00,1.548279372702e+00,5.618786137327e+01,0.000000000000e+00,0.000000000000e+00,0.000000000000e+00,0.000000000000e+00,1.198109707816e-03,1.305939581520e-01,2.677747852061e+02,2.702321166992e+02,0.000000000000e+00,1.167864538379e+00,1.548279372702e+00,5.547266038304e+04,1.090000000000e+02
8.610000000000e+02,1.032323459851e+08,8.269437404742e+04,1.351017397035e+06,6.176531105347e-01,3.617471603833e+02,4.857678390095e-04,5.294869445203e-02,0.000000000000e+00,5.660662132371e+00,7.089532418579e+01,0.000000000000e+00,0.000000000000e+00,0.000000000000e+00,0.000000000000e+00,1.284158370980e-03,1.399732624369e-01,2.678472198924e+02,2.700245056152e+02,0.000000000000e+00,1.167942514642e+00,5.660662132371e+00,5.547335252009e+04,1.090000000000e+02
8.620000000000e+02,1.032322800998e+08,8.275127851566e+04,1.354479906807e+06,6.187969185070e-01,3.619985770041e+02,4.838059400527e-04,5.273484746574e-02,0.000000000000e+00,8.980650243906e+00,6.588511847710e+01,0.000000000000e+00,0.000000000000e+00,0.000000000000e+00,0.000000000000e+00,1.053153806404e-03,1.147937648981e-01,2.679338610959e+02,2.705227355957e+02,0.000000000000e+00,1.167440035398e+00,8.980650243906e+00,5.547416692000e+04,1.090000000000e+02
8.630000000000e+02,1.032322164018e+08,8.280278140681e+04,1.357139452746e+06,6.195660150882e-01,3.622543157691e+02,4.906022878271e-04,5.347564937315e-02,0.000000000000e+00,1.219549714467e+01,6.369838829675e+01,0.000000000000e+00,0.000000000000e+00,0.000000000000e+00,0.000000000000e+00,9.274648599534e-04,1.010936697349e-01,2.680132257091e+02,2.704778747559e+02,0.000000000000e+00,1.167015587561e+00,1.219549714467e+01,5.547490163195e+04,1.090000000000e+02
8.640000000000e+02,1.032321539138e+08,8.285083506713e+04,1.359197640022e+06,6.199137315873e-01,3.625954275631e+02,5.104485792026e-04,5.563889513308e-02,0.000000000000e+00,1.443468612137e+01,6.248834644482e+01,0.000000000000e+00,0.000000000000e+00,0.000000000000e+00,0.000000000000e+00,8.478672086141e-04,9.241752573894e-02,2.680930107652e+02,2.707965087891e+02,0.000000000000e+00,1.163923993152e+00,1.443468612137e+01,5.547563046168e+04,1.090000000000e+02
8.650000000000e+02,1.032320921650e+08,8.289416568088e+04,1.360973598363e+06,6.202406316159e-01,3.628719932917e+02,5.756647687481e-04,6.274745979355e-02,0.000000000000e+00,1.841848347566e+01,6.174909722569e+01,0.000000000000e+00,0.000000000000e+00,0.000000000000e+00,0.000000000000e+00,8.657342133959e-04,9.436502926015e-02,2.681923717263e+02,2.715332641602e+02,0.000000000000e+00,1.162492603229e+00,1.841848347566e+01,5.547652419304e+04,1.090000000000e+02
8.660000000000e+02,1.032320307636e+08,8.293405264861e+04,1.362195071173e+06,6.202666760853e-01,3.631773612366e+02,6.561033479152e-04,7.151526492276e-02,0.000000000000e+00,2.151454210775e+01,6.140150983885e+01,0.000000000000e+00,0.000000000000e+00,0.000000000000e+00,0.000000000000e+00,8.549692985214e-04,9.319165353883e-02,2.682796243294e+02,2.717089233398e+02,0.000000000000e+00,1.161954340408e+00,2.151454210775e+01,5.547729605923e+04,1.090000000000e+02
8.670000000000e+02,1.032319695421e+08,8.296926432685e+04,1.362969069533e+06,6.200539029327e-01,3.635016763704e+02,6.932698246884e-04,7.556641089104e-02,0.000000000000e+00,2.600824927136e+01,6.121992750410e+01,0.000000000000e+00,0.000000000000e+00,0.000000000000e+00,0.000000000000e+00,8.170930177585e-04,8.906313893568e-02,2.683977581242e+02,2.724472961426e+02,0.000000000000e+00,1.161769155223e+00,2.600824927136e+01,5.547832333148e+04,1.090000000000e+02
8.680000000000e+02,1.032319082612e+08,8.299908536582e+04,1.363651868461e+06,6.198142577996e-01,3.638178417203e+02,6.611847360749e-04,7.206913623216e-02,0.000000000000e+00,3.146081784933e+01,6.128185682360e+01,0.000000000000e+00,0.000000000000e+00,0.000000000000e+00,0.000000000000e+00,7.700438111689e-04,8.393477541741e-02,2.685149958293e+02,2.728903503418e+02,0.000000000000e+00,1.161398784852e+00,3.146081784933e+01,5.547932117675e+04,1.090000000000e+02
8.690000000000e+02,1.032321744935e+08,8.308683142124e+04,1.364472690513e+06,6.195697069103e-01,3.641729030353e+02,6.640950024693e-04,7.238635526916e-02,0.000000000000e+00,4.656322091018e+01,-2.662299785873e+02,6.623155890006e-05,7.219239920107e-03,0.000000000000e+00,0.000000000000e+00,8.613520278375e-04,9.388737103429e-02,2.686561896222e+02,2.731107177734e+02,0.000000000000e+00,1.157406243522e+00,4.656322091018e+01,5.548048011243e+04,1.090000000000e+02
8.700000000000e+02,1.032442879528e+08,8.532335908085e+04,1.351822608464e+06,6.133120481310e-01,3.644399232861e+02,5.996541339235e-04,6.536230059767e-02,0.000000000000e+00,4.347196082101e+02,-1.211345695371e+04,2.444661071390e-03,2.664680567815e-01,0.000000000000e+00,0.000000000000e+00,9.292385185810e-04,1.012869985253e-01,2.694528406445e+02,2.735635070801e+02,0.000000000000e+00,1.029036712994e+00,4.347196082101e+02,5.548625027657e+04,1.090000000000e+02
8.710000000000e+02,1.032645819693e+08,9.131559238299e+04,1.324426824096e+06,6.000371495792e-01,3.649146947925e+02,4.847551131352e-04,5.283830733173e-02,0.000000000000e+00,1.211375533252e+03,-2.029402085394e+04,4.496428526144e-03,4.901107093497e-01,4.985655800945e-05,5.434364823030e-03,4.281815733485e-04,4.667179149499e-02,2.704082503274e+02,2.737495727539e+02,0.000000000000e+00,7.943383261081e-01,1.211375533252e+03,5.549214740890e+04,1.090000000000e+02
8.720000000000e+02,1.032970516766e+08,1.076266408586e+05,1.268280008299e+06,5.734896048021e-01,3.655660046577e+02,2.695294359597e-04,2.937870851961e-02,0.000000000000e+00,7.645040511112e+03,-3.246971103799e+04,9.044532450600e-03,9.858540371154e-01,2.832913267513e-04,3.087875461590e-02,0.000000000000e+00,0.000000000000e+00,2.722011829994e+02,2.749679870605e+02,0.000000000000e+00,4.038244854649e-01,7.645040511112e+03,5.550048009929e+04,1.090000000000e+02
8.730000000000e+02,1.033251169433e+08,1.294052959278e+05,1.182372340654e+06,5.336705206471e-01,3.662137698191e+02,5.742325416637e-05,6.259134704134e-03,0.000000000000e+00,3.999324786098e+04,-2.806526622439e+04,1.415339189111e-02,1.542719716131e+00,6.963102238612e-04,7.589781440087e-02,0.000000000000e+00,0.000000000000e+00,2.730127480402e+02,2.757260437012e+02,0.000000000000e+00,3.981481481485e-02,3.999324786098e+04,5.550335393566e+04,1.090000000000e+02
8.740000000000e+02,1.033316571211e+08,1.478333188954e+05,1.080593519845e+06,4.869139980455e-01,3.668278864734e+02,-5.915789853535e-05,-6.448210940353e-03,0.000000000000e+00,1.237918204116e+05,-6.540173801496e+03,1.688302184314e-02,1.840249380902e+00,7.705886943169e-03,8.399416768054e-01,0.000000000000e+00,0.000000000000e+00,2.730753860289e+02,2.760657348633e+02,0.000000000000e+00,2.037037037007e-03,1.237918204116e+05,5.550352277552e+04,1.090000000000e+02
8.750000000000e+02,1.033345583805e+08,1.610680830626e+05,9.704080054597e+05,4.365805809115e-01,3.674027171389e+02,-1.178880501088e-04,-1.284979746186e-02,0.000000000000e+00,1.409452619913e+05,-2.901261956628e+03,1.833063303222e-02,1.998039000512e+00,7.633719732623e-03,8.320754508559e-01,0.000000000000e+00,0.000000000000e+00,2.730629720724e+02,2.761352539063e+02,0.000000000000e+00,6.018518518494e-03,1.409452619913e+05,5.550349314848e+04,1.090000000000e+02
8.760000000000e+02,1.033366268984e+08,1.750855600504e+05,8.590118772104e+05,3.858755046732e-01,3.679631990513e+02,-1.238078509911e-04,-1.349505575804e-02,0.000000000000e+00,9.882973256334e+04,-2.068514468397e+03,1.853671715052e-02,2.020502169406e+00,4.579945097017e-04,4.992140155748e-02,0.000000000000e+00,0.000000000000e+00,2.730572874723e+02,2.759951782227e+02,0.000000000000e+00,8.703703703673e-03,9.882973256334e+04,5.550347909076e+04,1.090000000000e+02
8.770000000000e+02,1.033382006536e+08,1.883038584566e+05,7.412319733857e+05,3.324866706569e-01,3.684955245491e+02,-1.427287468675e-04,-1.555743340856e-02,0.000000000000e+00,1.076085676081e+05,-1.573752085056e+03,1.961086607114e-02,2.137584401754e+00,6.210451710982e-04,6.769392364970e-02,0.000000000000e+00,0.000000000000e+00,2.730566693995e+02,2.762627258301e+02,0.000000000000e+00,8.055555555538e-03,1.076085676081e+05,5.550347744225e+04,1.090000000000e+02
8.780000000000e+02,1.033394092524e+08,2.003980505589e+05,6.192489352755e+05,2.773902170217e-01,3.689999601597e+02,-1.520755131070e-04,-1.657623092866e-02,0.000000000000e+00,1.140203050728e+05,-1.208600178177e+03,2.031494693693e-02,2.214329216126e+00,7.306154356706e-04,7.963708248810e-02,0.000000000000e+00,0.000000000000e+00,2.730532997340e+02,2.762880859375e+02,0.000000000000e+00,6.296296296281e-03,1.140203050728e+05,5.550346883987e+04,1.090000000000e+02
8.790000000000e+02,1.033403621865e+08,2.114979589488e+05,4.983507540008e+05,2.229585340871e-01,3.694561591803e+02,-1.666360112768e-04,-1.816332522917e-02,0.000000000000e+00,1.251165542539e+05,-9.529325418184e+02,2.015021214326e-02,2.196373123615e+00,2.522871575217e-03,2.749930016986e-01,0.000000000000e+00,0.000000000000e+00,2.730536169383e+02,2.766585998535e+02,0.000000000000e+00,4.537037037035e-03,1.251165542539e+05,5.550346994644e+04,1.090000000000e+02
8.800000000000e+02,1.033411176995e+08,2.214167402017e+05,3.625211202775e+05,1.620637140372e-01,3.697419160802e+02,-2.492616893206e-04,-2.716952413594e-02,0.000000000000e+00,1.511795273656e+05,-7.553990270377e+02,2.270090795544e-02,2.474398967142e+00,4.052306085265e-03,4.417013632938e-01,0.000000000000e+00,0.000000000000e+00,2.730577361782e+02,2.772521362305e+02,0.000000000000e+00,3.703703703705e-03,1.511795273656e+05,5.550348324380e+04,1.090000000000e+02
8.810000000000e+02,1.033414348455e+08,2.309731585655e+05,2.161603104709e+05,9.662157575139e-02,3.697867404173e+02,-2.851184807131e-04,-3.107791439773e-02,0.000000000000e+00,1.499851690332e+05,-3.170969469964e+02,2.447749364350e-02,2.668046807141e+00,1.945964504178e-03,2.121101309553e-01,0.000000000000e+00,0.000000000000e+00,2.730511884530e+02,2.768986206055e+02,0.000000000000e+00,1.074074074078e-02,1.499851690332e+05,5.550346397542e+04,1.090000000000e+02
8.820000000000e+02,1.033418176306e+08,2.402002146769e+05,7.113876018717e+04,3.185093970189e-02,3.691624713783e+02,-2.749202179432e-04,-2.996630375581e-02,0.000000000000e+00,1.417225630813e+05,-3.827711436314e+02,2.424590989686e-02,2.642804178758e+00,7.682124128271e-04,8.373515299816e-02,0.000000000000e+00,0.000000000000e+00,2.730532444034e+02,2.771823425293e+02,0.000000000000e+00,1.166666666671e-02,1.417225630813e+05,5.550347153439e+04,1.090000000000e+02
8.830000000000e+02,1.033428861332e+08,1.119858439078e+05,3.139690068576e+03,1.417356881122e-03,3.661249475818e+02,-3.834228162702e-04,-4.179308697346e-02,2.897499916607e-03,2.007035650848e+05,-9.076875067412e+02,1.137611679824e-02,1.239996731008e+00,5.353626229318e-04,5.835452589957e-02,0.000000000000e+00,0.000000000000e+00,2.736150671668e+02,2.772532348633e+02,1.018518518517e-03,6.018518518551e-03,2.007035650848e+05,5.550422142545e+04,1.090000000000e+02
8.840000000000e+02,1.033405835751e+08,5.793186776330e+04,2.565672082258e+01,1.170385024357e-05,3.624881702652e+02,4.048233839097e-04,4.412574884615e-02,-5.277167599816e-02,5.752669867978e+04,-6.265252967034e+02,5.200984569469e-04,5.669073180721e-02,8.350752162039e-05,9.102319856622e-03,0.000000000000e+00,0.000000000000e+00,2.781369389073e+02,2.775728149414e+02,2.935185185183e-02,7.074074074070e-02,5.752669867978e+04,5.550171688936e+04,1.090000000000e+02
8.850000000000e+02,1.033344040857e+08,3.856103643961e+04,5.884141769753e-01,2.706434924062e-07,3.601579323630e+02,9.646238833173e-04,1.051440032816e-01,-1.098235931592e-01,2.340988827614e+04,8.408887056704e+01,4.184662638148e-06,4.561282275581e-04,6.066566097851e-04,6.612557046657e-02,0.000000000000e+00,0.000000000000e+00,2.792846634525e+02,2.781106567383e+02,4.712962962959e-02,9.620370370366e-02,2.340988827614e+04,5.549841385499e+04,1.090000000000e+02
8.860000000000e+02,1.033271319226e+08,2.283272963868e+04,4.228998856331e-01,1.937792058037e-07,3.605666777185e+02,1.087516080051e-03,1.185392527255e-01,-1.227829084461e-01,2.008464169168e+04,4.578921380478e+02,2.778208359820e-08,3.028247112204e-06,6.054476085539e-04,6.599378933238e-02,0.000000000000e+00,0.000000000000e+00,2.802520340797e+02,2.785783386230e+02,6.583333333327e-02,1.238888888889e-01,2.008464169168e+04,5.549504591366e+04,1.090000000000e+02
8.870000000000e+02,1.033175057863e+08,1.224375420919e+04,4.188721728239e-01,1.915442651115e-07,3.611359473535e+02,1.110985591784e-03,1.210974295045e-01,-1.241302627256e-01,1.402994536670e+04,2.737393288191e+03,6.547759384963e-10,7.137057729610e-08,8.844163215856e-05,9.640137905283e-03,0.000000000000e+00,0.000000000000e+00,2.807319689421e+02,2.790574340820e+02,8.111111111104e-02,1.558333333333e-01,1.402994536670e+04,5.549337249876e+04,1.090000000000e+02
8.880000000000e+02,1.033085532800e+08,5.636836560421e+03,4.185301200526e-01,1.910409868797e-07,3.617397492229e+02,1.128368904171e-03,1.229922105546e-01,-1.248180014181e-01,9.230722998856e+03,2.025881486394e+03,4.905503679691e-11,5.346999010863e-09,8.205379981904e-05,8.943864180275e-03,0.000000000000e+00,0.000000000000e+00,2.814935385942e+02,2.794629516602e+02,9.611111111103e-02,1.853703703704e-01,9.230722998856e+03,5.549016226608e+04,1.090000000000e+02
8.890000000000e+02,1.033034052587e+08,1.809924296116e+03,4.185010229936e-01,1.906807660762e-07,3.601149846654e+02,1.119563711391e-03,1.220324445416e-01,-1.230201701610e-01,6.810891147166e+03,-1.678578154657e+03,2.734139281243e-12,2.980211816555e-10,7.617722960398e-04,8.303318026833e-02,0.000000000000e+00,0.000000000000e+00,2.817550836957e+02,2.796016235352e+02,1.068518518518e-01,2.050925925926e-01,6.810891147166e+03,5.548916763769e+04,1.090000000000e+02
8.900000000000e+02,1.033056937973e+08,2.031065456722e+01,4.185159171509e-01,1.903336412785e-07,3.607724391067e+02,1.070764908044e-03,1.167133749768e-01,-1.171333751293e-01,5.187202692264e+03,-8.788493294971e+03,0.000000000000e+00,0.000000000000e+00,2.010861281587e-03,2.191838796930e-01,0.000000000000e+00,0.000000000000e+00,2.814094327059e+02,2.791690673828e+02,1.198148148147e-01,2.085185185185e-01,5.187202692264e+03,5.549103168698e+04,1.090000000000e+02
8.910000000000e+02,1.033077390224e+08,1.820669737364e+01,4.185043456907e-01,1.899895591958e-07,3.614264902714e+02,1.090511512686e-03,1.188657548828e-01,-1.188200467092e-01,2.708633031504e+03,-8.638797788312e+03,0.000000000000e+00,0.000000000000e+00,1.876126614933e-03,2.044978010276e-01,0.000000000000e+00,0.000000000000e+00,2.817508464468e+02,2.793969116211e+02,1.309259259259e-01,2.105555555555e-01,2.708633031504e+03,5.548944953465e+04,1.090000000000e+02
8.920000000000e+02,1.033024292360e+08,1.539859797214e+01,4.184927731661e-01,1.896484711915e-07,3.620771793241e+02,1.136859136281e-03,1.239176458546e-01,-1.238644693115e-01,2.159996060343e+03,-1.563520077406e+03,0.000000000000e+00,0.000000000000e+00,6.156179831076e-04,6.710236015872e-02,0.000000000000e+00,0.000000000000e+00,2.820689606814e+02,2.798356933594e+02,1.412037037037e-01,2.290740740740e-01,2.159996060343e+03,5.548790663788e+04,1.090000000000e+02
8.930000000000e+02,1.032969428549e+08,1.464211415455e+01,4.184488467817e-01,1.893103309157e-07,3.627245466501e+02,1.188580577506e-03,1.295552829482e-01,-1.295003294775e-01,1.735691251906e+03,-1.699211059953e+03,0.000000000000e+00,0.000000000000e+00,5.682977918319e-04,6.194445930968e-02,0.000000000000e+00,0.000000000000e+00,2.831849217690e+02,2.808309326172e+02,1.518518518518e-01,2.469444444444e-01,1.735691251906e+03,5.548209666900e+04,1.090000000000e+02
8.940000000000e+02,1.033012800796e+08,1.726255120501e+01,4.184327111213e-01,1.889750925717e-07,3.633686318755e+02,1.228694965564e-03,1.339277512465e-01,-1.338649742419e-01,1.924884569596e+03,-1.176448192447e+04,0.000000000000e+00,0.000000000000e+00,2.264639734423e-03,2.468457310521e-01,0.000000000000e+00,0.000000000000e+00,2.835721063848e+02,2.810282287598e+02,1.635185185185e-01,2.437037037037e-01,1.924884569596e+03,5.547995178504e+04,1.090000000000e+02
8.950000000000e+02,1.033020900377e+08,1.500131719091e+01,4.184368000529e-01,1.886427124658e-07,3.640094738866e+02,1.248314512478e-03,1.360662818601e-01,-1.359988482866e-01,2.098539059221e+03,-8.355499157289e+03,0.000000000000e+00,0.000000000000e+00,1.728900637681e-03,1.884501695072e-01,0.000000000000e+00,0.000000000000e+00,2.834764875391e+02,2.809876098633e+02,1.739814814814e-01,2.496296296296e-01,2.098539059221e+03,5.548048779220e+04,1.090000000000e+02
8.960000000000e+02,1.032968269549e+08,1.416801499406e+01,4.184194496795e-01,1.883131522338e-07,3.646471108483e+02,1.212069184468e-03,1.321155411070e-01,-1.320559414142e-01,1.649373628921e+03,-2.063578582834e+03,0.000000000000e+00,0.000000000000e+00,6.143578459120e-04,6.696500520440e-02,0.000000000000e+00,0.000000000000e+00,2.838824434941e+02,2.814077453613e+02,1.834259259259e-01,2.651851851852e-01,1.649373628921e+03,5.547818875683e+04,1.090000000000e+02
8.970000000000e+02,1.032919737706e+08,1.275097538707e+01,4.184279878092e-01,1.879863586268e-07,3.652815802227e+02,1.173696334009e-03,1.279329004070e-01,-1.278760807239e-01,1.490522995590e+03,-2.241485111731e+03,0.000000000000e+00,0.000000000000e+00,6.173953866520e-04,6.729609714507e-02,0.000000000000e+00,0.000000000000e+00,2.836846609727e+02,2.810485839844e+02,1.895370370370e-01,2.811111111111e-01,1.490522995590e+03,5.547931756599e+04,1.090000000000e+02
8.980000000000e+02,1.032888355281e+08,1.318966200737e+01,4.184145111867e-01,1.876622955581e-07,3.659129187866e+02,1.153640403415e-03,1.257468039722e-01,-1.256911861349e-01,1.365725288742e+03,-3.835163071949e+03,0.000000000000e+00,0.000000000000e+00,8.606026545759e-04,9.380568934877e-02,0.000000000000e+00,0.000000000000e+00,2.839951064034e+02,2.814255371094e+02,1.993518518518e-01,2.919444444444e-01,1.365725288742e+03,5.547753932994e+04,1.090000000000e+02
8.990000000000e+02,1.032845073843e+08,1.152349088461e+01,4.184153128253e-01,1.873409223203e-07,3.665411626483e+02,1.145510181131e-03,1.248606097433e-01,-1.248054481546e-01,1.304676448286e+03,-2.596013136470e+03,0.000000000000e+00,0.000000000000e+00,6.452480983082e-04,7.033204271560e-02,0.000000000000e+00,0.000000000000e+00,2.839766454216e+02,2.815067443848e+02,2.093518518518e-01,3.050925925926e-01,1.304676448286e+03,5.547764619466e+04,1.090000000000e+02
9.000000000000e+02,1.032774132647e+08,1.049090173447e+01,4.183881579710e-01,1.870221991559e-07,3.671663472641e+02,1.118513824041e-03,1.219180068205e-01,-1.218687621596e-01,1.039440632855e+03,3.331015472975e+02,0.000000000000e+00,0.000000000000e+00,1.170532259167e-04,1.275880162493e-02,0.000000000000e+00,0.000000000000e+00,2.845860465902e+02,2.821379394531e+02,2.192592592592e-01,3.226851851852e-01,1.039440632855e+03,5.547405705493e+04,1.090000000000e+02
9.010000000000e+02,1.032718028832e+08,1.023366774063e+01,4.183832544981e-01,1.867060869591e-07,3.677885074544e+02,1.068900914310e-03,1.165101996597e-01,-1.164645859886e-01,9.473190623804e+02,-8.505848308494e+02,0.000000000000e+00,0.000000000000e+00,2.976780456164e-04,3.244690697219e-02,0.000000000000e+00,0.000000000000e+00,2.846945470168e+02,2.824451293945e+02,2.291666666666e-01,3.372222222222e-01,9.473190623804e+02,5.547340499405e+04,1.090000000000e+02
9.020000000000e+02,1.032827975945e+08,1.677966938321e+01,4.183855881811e-01,1.863925478148e-07,3.684076774193e+02,1.014704716942e-03,1.106028141467e-01,-1.105488347994e-01,1.470098226522e+03,-1.712746755378e+04,0.000000000000e+00,0.000000000000e+00,3.077240454330e-03,3.354192095220e-01,0.000000000000e+00,0.000000000000e+00,2.846440083059e+02,2.823237609863e+02,2.389814814814e-01,3.215740740741e-01,1.470098226522e+03,5.547370950896e+04,1.090000000000e+02
9.030000000000e+02,1.033098008976e+08,2.193051585785e+01,4.183948532085e-01,1.860815441817e-07,3.690238907533e+02,1.053262477180e-03,1.148056100126e-01,-1.147314411008e-01,2.790880859108e+03,-3.336816580661e+04,0.000000000000e+00,0.000000000000e+00,5.981461316852e-03,6.519792835369e-01,0.000000000000e+00,0.000000000000e+00,2.844399110633e+02,2.824651489258e+02,2.409259259258e-01,2.777777777778e-01,2.790880859108e+03,5.547492958846e+04,1.090000000000e+02
9.040000000000e+02,1.033192186957e+08,1.837459125249e+01,4.183934169092e-01,1.857730396406e-07,3.696371804601e+02,1.159416422699e-03,1.263763900741e-01,-1.262952005360e-01,3.106660102706e+03,-1.642423971493e+04,0.000000000000e+00,0.000000000000e+00,3.230095995152e-03,3.520804634715e-01,0.000000000000e+00,0.000000000000e+00,2.844727201598e+02,2.821457519531e+02,2.500000000000e-01,2.657407407407e-01,3.106660102706e+03,5.547473413767e+04,1.090000000000e+02
9.050000000000e+02,1.033109629857e+08,1.520092858275e+01,4.183761622511e-01,1.854669983997e-07,3.702475789663e+02,1.215143245838e-03,1.324506137964e-01,-1.323800470193e-01,2.079539995621e+03,9.118694329986e+02,0.000000000000e+00,0.000000000000e+00,1.931953210522e-04,2.105828999469e-02,0.000000000000e+00,0.000000000000e+00,2.848510014501e+02,2.825447692871e+02,2.598148148148e-01,2.855555555555e-01,2.079539995621e+03,5.547245684594e+04,1.090000000000e+02
9.060000000000e+02,1.033031042084e+08,1.361412189447e+01,4.183538896159e-01,1.851633854217e-07,3.708551181358e+02,1.201768144971e-03,1.309927278019e-01,-1.309288206283e-01,1.629268875936e+03,5.957886295188e+02,0.000000000000e+00,0.000000000000e+00,1.712115448820e-04,1.866205839213e-02,0.000000000000e+00,0.000000000000e+00,2.853299887773e+02,2.828715820313e+02,2.694444444444e-01,3.041666666667e-01,1.629268875936e+03,5.546950948562e+04,1.090000000000e+02
9.070000000000e+02,1.033215065186e+08,2.291116193463e+01,4.183781847939e-01,1.848621662129e-07,3.714598292823e+02,1.193387977004e-03,1.300792894934e-01,-1.300008551222e-01,2.388273421092e+03,-2.561383150018e+04,0.000000000000e+00,0.000000000000e+00,4.633426604978e-03,5.050434999426e-01,0.000000000000e+00,0.000000000000e+00,2.848072547585e+02,2.822342224121e+02,2.712037037037e-01,2.754629629630e-01,2.388273421092e+03,5.547272263907e+04,1.090000000000e+02
9.080000000000e+02,1.033459365404e+08,2.421423794740e+01,4.184053037752e-01,1.845633072907e-07,3.720617431829e+02,1.238318213034e-03,1.349766852207e-01,-1.348775811993e-01,4.041140997720e+03,-3.191251604161e+04,0.000000000000e+00,0.000000000000e+00,5.947084236230e-03,6.482321817491e-01,0.000000000000e+00,0.000000000000e+00,2.842083747844e+02,2.820247192383e+02,2.801851851852e-01,2.369444444444e-01,4.041140997720e+03,5.547629640174e+04,1.090000000000e+02
9.090000000000e+02,1.033750093806e+08,3.350469985468e+01,4.183725159677e-01,1.842667753916e-07,3.726608900898e+02,1.323047075035e-03,1.442121311788e-01,-1.441036326648e-01,5.124862076430e+03,-3.706708483838e+04,0.000000000000e+00,0.000000000000e+00,6.980258301390e-03,7.608481548515e-01,0.000000000000e+00,0.000000000000e+00,2.849336929306e+02,2.832162170410e+02,2.900925925926e-01,1.875000000000e-01,5.124862076430e+03,5.547195015225e+04,1.090000000000e+02
9.100000000000e+02,1.033894475402e+08,3.147067023847e+01,4.183413861553e-01,1.839725367776e-07,3.732572997433e+02,1.581940578367e-03,1.724315230421e-01,-1.722952735145e-01,7.241359077647e+03,-2.399569879816e+04,0.000000000000e+00,0.000000000000e+00,5.167170640237e-03,5.632215997858e-01,0.000000000000e+00,0.000000000000e+00,2.856006795963e+02,2.837638244629e+02,2.962962962963e-01,1.663888888889e-01,7.241359077647e+03,5.546781157083e+04,1.090000000000e+02
9.110000000000e+02,1.033776000099e+08,2.499940044871e+01,4.183382246699e-01,1.836805633939e-07,3.738510013827e+02,1.529452442923e-03,1.667103162786e-01,-1.665976144440e-01,4.970602970492e+03,2.606461292827e+03,0.000000000000e+00,0.000000000000e+00,3.909462145518e-04,4.261313738615e-02,0.000000000000e+00,0.000000000000e+00,2.856667082258e+02,2.838768920898e+02,3.004629629629e-01,1.940740740741e-01,4.970602970492e+03,5.546739671889e+04,1.090000000000e+02
9.120000000000e+02,1.033700332305e+08,2.248669066513e+01,4.183534046233e-01,1.833908222546e-07,3.744420237586e+02,1.420472755052e-03,1.548315303007e-01,-1.547341132978e-01,3.766996106297e+03,-1.016344791263e+03,0.000000000000e+00,0.000000000000e+00,7.915868858393e-04,8.628297055648e-02,0.000000000000e+00,0.000000000000e+00,2.853454394878e+02,2.833965148926e+02,3.101851851851e-01,2.138888888889e-01,3.766996106297e+03,5.546941256973e+04,1.090000000000e+02
9.130000000000e+02,1.033627221696e+08,1.993902357372e+01,4.183595106929e-01,1.831032829126e-07,3.750303951433e+02,1.374122835009e-03,1.497793890160e-01,-1.496891823418e-01,3.174700403309e+03,-9.924234831277e+02,0.000000000000e+00,0.000000000000e+00,6.895829735469e-04,7.516454411662e-02,0.000000000000e+00,0.000000000000e+00,2.852139673210e+02,2.832008056641e+02,3.194444444444e-01,2.322222222222e-01,3.174700403309e+03,5.547022912730e+04,1.090000000000e+02
9.140000000000e+02,1.033691785685e+08,2.432860119846e+01,4.183472557762e-01,1.828179163828e-07,3.756161433419e+02,1.368027591943e-03,1.491150075218e-01,-1.490224515533e-01,3.302382516337e+03,-1.472282583988e+04,0.000000000000e+00,0.000000000000e+00,2.982817707776e-03,3.251271301476e-01,0.000000000000e+00,0.000000000000e+00,2.854739051610e+02,2.836847839355e+02,3.209259259259e-01,2.249074074074e-01,3.302382516337e+03,5.546860962035e+04,1.090000000000e+02
9.150000000000e+02,1.033753439665e+08,2.311940446971e+01,4.183516242327e-01,1.825346916399e-07,3.761992957029e+02,1.402368318015e-03,1.528581466637e-01,-1.527562700279e-01,4.042645755783e+03,-1.463887692343e+04,0.000000000000e+00,0.000000000000e+00,3.090541416821e-03,3.368690144334e-01,0.000000000000e+00,0.000000000000e+00,2.853825531400e+02,2.836751708984e+02,3.317592592592e-01,2.176851851852e-01,4.042645755783e+03,5.546918082374e+04,1.090000000000e+02
9.160000000000e+02,1.033837456861e+08,2.695135650555e+01,4.183615642242e-01,1.822535809975e-07,3.767798791282e+02,1.393837950767e-03,1.519283366336e-01,-1.518273833103e-01,4.058963333136e+03,-1.682379140452e+04,0.000000000000e+00,0.000000000000e+00,3.455375619288e-03,3.766359425024e-01,0.000000000000e+00,0.000000000000e+00,2.851703786772e+02,2.835539245605e+02,3.466666666666e-01,2.068518518518e-01,4.058963333136e+03,5.547049743152e+04,1.090000000000e+02
9.170000000000e+02,1.033866929371e+08,2.408556738027e+01,4.183551594812e-01,1.819745557242e-07,3.773579200829e+02,1.463341217806e-03,1.595041927408e-01,-1.593947733337e-01,4.614232645992e+03,-1.178915293637e+04,0.000000000000e+00,0.000000000000e+00,2.713472428562e-03,2.957684947133e-01,0.000000000000e+00,0.000000000000e+00,2.853077603749e+02,2.836198730469e+02,3.587037037036e-01,2.059259259259e-01,4.614232645992e+03,5.546964598397e+04,1.090000000000e+02
9.180000000000e+02,1.033752739249e+08,2.028474654338e+01,4.183650123760e-01,1.816975892818e-07,3.779334446052e+02,1.348691705154e-03,1.470073958618e-01,-1.469178577613e-01,3.339680781002e+03,3.269212758423e+03,0.000000000000e+00,0.000000000000e+00,1.181560023411e-05,1.287900425518e-03,0.000000000000e+00,0.000000000000e+00,2.850969004823e+02,2.832793273926e+02,3.704629629629e-01,2.310185185185e-01,3.339680781002e+03,5.547095210483e+04,1.090000000000e+02
9.190000000000e+02,1.033652922626e+08,1.803483279543e+01,4.183592307279e-01,1.814226540629e-07,3.785064783156e+02,1.216287931634e-03,1.325753845481e-01,-1.325009320171e-01,2.643070905414e+03,2.631562970554e+03,0.000000000000e+00,0.000000000000e+00,2.184935168816e-06,2.381579334010e-04,0.000000000000e+00,0.000000000000e+00,2.852203597020e+02,2.832844848633e+02,3.815740740740e-01,2.533333333333e-01,2.643070905414e+03,5.547019029693e+04,1.090000000000e+02
9.200000000000e+02,1.033564838675e+08,1.650505078077e+01,4.183683172827e-01,1.811497234721e-07,3.790770464261e+02,1.128867044310e-03,1.230465078298e-01,-1.229812010969e-01,2.229048336017e+03,1.986349916710e+03,0.000000000000e+00,0.000000000000e+00,4.045948647587e-05,4.410084025870e-03,0.000000000000e+00,0.000000000000e+00,2.850250671872e+02,2.829555969238e+02,3.916666666666e-01,2.729629629630e-01,2.229048336017e+03,5.547139466405e+04,1.090000000000e+02
9.210000000000e+02,1.033491764328e+08,1.556866739496e+01,4.183927878851e-01,1.808787714446e-07,3.796451737487e+02,1.028535365521e-03,1.121103548418e-01,-1.120525459414e-01,1.971088527480e+03,1.091384065963e+03,0.000000000000e+00,0.000000000000e+00,1.458415508454e-04,1.589672904215e-02,0.000000000000e+00,0.000000000000e+00,2.844896147663e+02,2.824926147461e+02,4.017592592592e-01,2.888888888889e-01,1.971088527480e+03,5.547463491877e+04,1.090000000000e+02
9.220000000000e+02,1.033437617790e+08,1.521665219788e+01,4.183696399525e-01,1.806097724431e-07,3.802108847046e+02,1.012498635977e-03,1.103623513215e-01,-1.103056499546e-01,1.846130835314e+03,-7.044865456639e+02,0.000000000000e+00,0.000000000000e+00,4.222702981010e-04,4.602746249301e-02,0.000000000000e+00,0.000000000000e+00,2.849949838670e+02,2.827685852051e+02,4.116666666666e-01,3.016666666666e-01,1.846130835314e+03,5.547157910629e+04,1.090000000000e+02
9.230000000000e+02,1.033378789462e+08,1.424718862587e+01,4.183415545176e-01,1.803427010194e-07,3.807742033321e+02,1.054842945553e-03,1.149778810653e-01,-1.149199446956e-01,1.726135658109e+03,-4.919066919531e+02,0.000000000000e+00,0.000000000000e+00,3.671917548645e-04,4.002390128023e-02,0.000000000000e+00,0.000000000000e+00,2.855919477126e+02,2.836785278320e+02,4.216666666666e-01,3.147222222222e-01,1.726135658109e+03,5.546786978892e+04,1.090000000000e+02
9.240000000000e+02,1.033305235602e+08,1.311471376311e+01,4.183250824341e-01,1.800775331726e-07,3.813351532947e+02,1.088716353760e-03,1.186700825598e-01,-1.186135281541e-01,1.509328169487e+03,7.760954842347e+02,0.000000000000e+00,0.000000000000e+00,1.215801695764e-04,1.325223848382e-02,0.000000000000e+00,0.000000000000e+00,2.859344593834e+02,2.839899291992e+02,4.312962962962e-01,3.297222222222e-01,1.509328169487e+03,5.546569805978e+04,1.090000000000e+02
9.250000000000e+02,1.033254695536e+08,1.345056020043e+01,4.183332639137e-01,1.798142374624e-07,3.818937578895e+02,1.049719721471e-03,1.144194496403e-01,-1.143664452396e-01,1.430584699044e+03,-1.289648043548e+03,0.000000000000e+00,0.000000000000e+00,4.504502520634e-04,4.909907747491e-02,0.000000000000e+00,0.000000000000e+00,2.857647516687e+02,2.839898071289e+02,4.416666666666e-01,3.412962962963e-01,1.430584699044e+03,5.546677807063e+04,1.090000000000e+02
9.260000000000e+02,1.033205627826e+08,1.251498290417e+01,4.183316222104e-01,1.795528039007e-07,3.824500400546e+02,9.833845045885e-04,1.071889110002e-01,-1.071394080677e-01,1.405066023590e+03,-1.036061314493e+03,0.000000000000e+00,0.000000000000e+00,4.040427438478e-04,4.404065907941e-02,0.000000000000e+00,0.000000000000e+00,2.857984859745e+02,2.841086730957e+02,4.516666666666e-01,3.522222222222e-01,1.405066023590e+03,5.546656398265e+04,1.090000000000e+02
9.270000000000e+02,1.033139143797e+08,1.159366203003e+01,4.183485736586e-01,1.792932023425e-07,3.830040223765e+02,9.499377192242e-04,1.035432113954e-01,-1.034969094204e-01,1.216080891346e+03,9.075053681539e+02,0.000000000000e+00,0.000000000000e+00,5.128882840124e-05,5.590482295735e-03,0.000000000000e+00,0.000000000000e+00,2.854427925509e+02,2.834442443848e+02,4.613888888888e-01,3.644444444444e-01,1.216080891346e+03,5.546880625741e+04,1.090000000000e+02
9.280000000000e+02,1.033116579345e+08,1.291550355488e+01,4.183759708642e-01,1.790354098101e-07,3.835557270976e+02,8.995304005348e-04,9.804881365829e-02,-9.800278811122e-02,1.249619440810e+03,-3.179968438904e+03,0.000000000000e+00,0.000000000000e+00,7.332255699018e-04,7.992158711930e-02,0.000000000000e+00,0.000000000000e+00,2.848548468577e+02,2.832254028320e+02,4.710185185184e-01,3.716666666666e-01,1.249619440810e+03,5.547243457049e+04,1.090000000000e+02
9.290000000000e+02,1.033243577924e+08,1.823668916148e+01,4.183882806180e-01,1.787794038808e-07,3.841051761234e+02,8.670182064252e-04,9.450498450034e-02,-9.444947701092e-02,1.893754274440e+03,-1.793939804251e+04,0.000000000000e+00,0.000000000000e+00,3.281419294894e-03,3.576747031435e-01,0.000000000000e+00,0.000000000000e+00,2.845853285445e+02,2.828412170410e+02,4.799999999999e-01,3.544444444444e-01,1.893754274440e+03,5.547406213852e+04,1.090000000000e+02
9.300000000000e+02,1.033328225934e+08,1.620210979054e+01,4.184064209774e-01,1.785251623552e-07,3.846523910291e+02,8.708120257705e-04,9.491851080898e-02,-9.485712185231e-02,2.377548762493e+03,-1.372713771246e+04,0.000000000000e+00,0.000000000000e+00,2.663564260791e-03,2.903285044262e-01,0.000000000000e+00,0.000000000000e+00,2.841808685898e+02,2.824974670410e+02,4.886111111110e-01,3.441666666666e-01,2.377548762493e+03,5.547645888397e+04,1.090000000000e+02
9.310000000000e+02,1.033276736095e+08,1.415228336739e+01,4.184168222534e-01,1.782726636876e-07,3.851973930668e+02,8.320655011076e-04,9.069513962072e-02,-9.064459402419e-02,1.772804791099e+03,1.201746872213e+02,0.000000000000e+00,0.000000000000e+00,2.734084872557e-04,2.980152511087e-02,0.000000000000e+00,0.000000000000e+00,2.839446434328e+02,2.821470336914e+02,4.930555555555e-01,3.553703703703e-01,1.772804791099e+03,5.547783209313e+04,1.090000000000e+02
9.320000000000e+02,1.033232707464e+08,1.381398922504e+01,4.184154335024e-01,1.780218810569e-07,3.857402031717e+02,7.833612253508e-04,8.538637356324e-02,-8.534136324691e-02,1.559111332336e+03,-3.317795048130e+02,0.000000000000e+00,0.000000000000e+00,3.130386727218e-04,3.412121532668e-02,0.000000000000e+00,0.000000000000e+00,2.839763065057e+02,2.823159179688e+02,5.027777777777e-01,3.651851851852e-01,1.559111332336e+03,5.547764941776e+04,1.090000000000e+02
9.330000000000e+02,1.033185045204e+08,1.279240208859e+01,4.184043662612e-01,1.777728044070e-07,3.862808419687e+02,7.874046203414e-04,8.582710361722e-02,-8.578364922314e-02,1.453840491873e+03,7.116441786878e+00,0.000000000000e+00,0.000000000000e+00,2.394613051833e-04,2.610128226498e-02,0.000000000000e+00,0.000000000000e+00,2.842264863725e+02,2.824949340820e+02,5.122222222221e-01,3.752777777778e-01,1.453840491873e+03,5.547619156901e+04,1.090000000000e+02
9.340000000000e+02,1.033131643556e+08,1.225984358822e+01,4.183896654793e-01,1.775254078198e-07,3.868193297787e+02,8.148612145644e-04,8.881987238752e-02,-8.877654265796e-02,1.298191208175e+03,4.151636306682e+02,0.000000000000e+00,0.000000000000e+00,1.463261072778e-04,1.594954569328e-02,0.000000000000e+00,0.000000000000e+00,2.845538729538e+02,2.828835449219e+02,5.199074074074e-01,3.857407407407e-01,1.298191208175e+03,5.547425049444e+04,1.090000000000e+02
9.350000000000e+02,1.033497220269e+08,2.724015359952e+01,4.184284982024e-01,1.772796709230e-07,3.873556866244e+02,8.275297693901e-04,9.020074486352e-02,-9.013406854462e-02,2.869992363089e+03,-4.155813035685e+04,0.000000000000e+00,0.000000000000e+00,7.350138139683e-03,8.011650572254e-01,0.000000000000e+00,0.000000000000e+00,2.836728003639e+02,2.819721069336e+02,5.259259259259e-01,3.304629629629e-01,2.869992363089e+03,5.547938477263e+04,1.090000000000e+02
9.360000000000e+02,1.033833707848e+08,2.574891843168e+01,4.184397091742e-01,1.770355735693e-07,3.878899322366e+02,9.109585968663e-04,9.929448705843e-02,-9.920598138763e-02,5.149746519923e+03,-3.915282339249e+04,0.000000000000e+00,0.000000000000e+00,7.326531944794e-03,7.985919819825e-01,0.000000000000e+00,0.000000000000e+00,2.834098681713e+02,2.819758911133e+02,5.329629629629e-01,2.754629629630e-01,5.149746519923e+03,5.548085808900e+04,1.090000000000e+02
9.370000000000e+02,1.033784158447e+08,2.078485278642e+01,4.184254546931e-01,1.767930969092e-07,3.884220860598e+02,9.478910849394e-04,1.033201282584e-01,-1.032465525771e-01,3.628137912468e+03,-7.732748401009e+02,0.000000000000e+00,0.000000000000e+00,7.276648645171e-04,7.931547023236e-02,0.000000000000e+00,0.000000000000e+00,2.837454820885e+02,2.819118041992e+02,5.425000000000e-01,2.877777777778e-01,3.628137912468e+03,5.547897129239e+04,1.090000000000e+02
9.380000000000e+02,1.033705050645e+08,1.819688033784e+01,4.184276985257e-01,1.765522214050e-07,3.889521672578e+02,9.274000722616e-04,1.010866078765e-01,-1.010221982872e-01,2.700500143180e+03,2.306049684630e+03,0.000000000000e+00,0.000000000000e+00,6.537635543776e-05,7.126022742716e-03,0.000000000000e+00,0.000000000000e+00,2.836936597141e+02,2.818783264160e+02,5.500000000000e-01,3.047222222222e-01,2.700500143180e+03,5.547926661699e+04,1.090000000000e+02
9.390000000000e+02,1.033645271918e+08,1.708629480855e+01,4.184377413362e-01,1.763129281685e-07,3.894801947194e+02,8.403877743412e-04,9.160226740319e-02,-9.154723336761e-02,2.301698257946e+03,8.987415243796e+02,0.000000000000e+00,0.000000000000e+00,2.323046491021e-04,2.532120675213e-02,0.000000000000e+00,0.000000000000e+00,2.834578483111e+02,2.820270385742e+02,5.542592592592e-01,3.176851851852e-01,2.301698257946e+03,5.548059332747e+04,1.090000000000e+02
9.400000000000e+02,1.034303681982e+08,4.427663743499e+01,4.184636146768e-01,1.760751987083e-07,3.900061870634e+02,8.475361149444e-04,9.238143652894e-02,-9.230149715340e-02,5.610940260500e+03,-7.096218098486e+04,0.000000000000e+00,0.000000000000e+00,1.266691900312e-02,1.380694171340e+00,0.000000000000e+00,0.000000000000e+00,2.828298566093e+02,2.817007446289e+02,5.627777777777e-01,2.037037037037e-01,5.610940260500e+03,5.548400677246e+04,1.090000000000e+02
9.410000000000e+02,1.034787411817e+08,1.061805910300e+02,4.184693145052e-01,1.758390147145e-07,3.905301626444e+02,1.162324350912e-03,1.266933542494e-01,-1.258974680149e-01,1.784566085078e+04,-5.535847121763e+04,0.000000000000e+00,0.000000000000e+00,1.212175054514e-02,1.321270809420e+00,0.000000000000e+00,0.000000000000e+00,2.826913967440e+02,2.819637756348e+02,5.717592592592e-01,1.109259259259e-01,1.784566085078e+04,5.548473124862e+04,1.090000000000e+02
9.420000000000e+02,1.035246015665e+08,1.304801239794e+04,4.184807251206e-01,1.756043583479e-07,3.910521395572e+02,1.460429238585e-03,1.591867870058e-01,-1.375672006509e-01,5.186132383562e+05,-5.349347923684e+04,0.000000000000e+00,0.000000000000e+00,9.693307925353e-02,1.056570563864e+01,0.000000000000e+00,0.000000000000e+00,2.824085251654e+02,2.817910766602e+02,5.770370370370e-01,-5.266010107398e-16,5.186132383562e+05,5.548620926426e+04,1.090000000000e+02
9.430000000000e+02,1.035259502546e+08,2.155703837799e+03,4.184919289570e-01,1.753712124881e-07,3.915721356424e+02,1.575047788823e-03,1.716802089817e-01,-1.454202278773e-01,5.787761849485e+05,-9.417692082812e+03,0.000000000000e+00,0.000000000000e+00,9.569340786897e-02,1.043058145772e+01,0.000000000000e+00,0.000000000000e+00,2.821152437397e+02,2.815087585449e+02,5.828703703703e-01,7.222222222246e-03,5.787761849485e+05,5.548768493632e+04,1.090000000000e+02
9.440000000000e+02,1.035173538387e+08,1.053693578696e+02,4.184916074046e-01,1.751395585648e-07,3.920901684911e+02,1.413703572536e-03,1.540936894064e-01,-1.534639646701e-01,1.288920164009e+04,8.098636155629e+01,0.000000000000e+00,0.000000000000e+00,1.784471494970e-03,1.945073929517e-01,0.000000000000e+00,0.000000000000e+00,2.821224412301e+02,2.814277343750e+02,5.904629629629e-01,4.981481481481e-02,1.288920164009e+04,5.548764634861e+04,1.090000000000e+02
9.450000000000e+02,1.035103515883e+08,3.936682035127e+01,4.184860668553e-01,1.749093802764e-07,3.926062554492e+02,1.333030160169e-03,1.453002874584e-01,-1.450851343932e-01,1.053148035111e+04,-1.048229801987e+03,0.000000000000e+00,0.000000000000e+00,1.905640617794e-03,2.077148273395e-01,0.000000000000e+00,0.000000000000e+00,2.822672620417e+02,2.813230285645e+02,5.935185185184e-01,7.425925925923e-02,1.053148035111e+04,5.548692107163e+04,1.090000000000e+02
9.460000000000e+02,1.035022521038e+08,3.699907132946e+01,4.184999526005e-01,1.746806607688e-07,3.931204136227e+02,1.227589386489e-03,1.338072431273e-01,-1.337113034781e-01,8.398280303917e+03,6.800608777689e+02,0.000000000000e+00,0.000000000000e+00,1.276596790609e-03,1.391490501763e-01,0.000000000000e+00,0.000000000000e+00,2.818933702908e+02,2.810931091309e+02,6.022222222221e-01,9.453703703700e-02,8.398280303917e+03,5.548876942819e+04,1.090000000000e+02
9.470000000000e+02,1.034942329810e+08,3.352014927670e+01,4.185023935607e-01,1.744533835336e-07,3.936326598818e+02,1.126253902274e-03,1.227616753478e-01,-1.226753892576e-01,7.648392665170e+03,1.211919931812e+03,0.000000000000e+00,0.000000000000e+00,1.064386238813e-03,1.160181000307e-01,0.000000000000e+00,0.000000000000e+00,2.818251188543e+02,2.810392150879e+02,6.045370370369e-01,1.127777777777e-01,7.648392665170e+03,5.548909904011e+04,1.090000000000e+02
9.480000000000e+02,1.034825128955e+08,2.940040534320e+01,4.185054796575e-01,1.742275323443e-07,3.941430108655e+02,9.982429321872e-04,1.088084796084e-01,-1.087366723988e-01,6.125197668083e+03,5.686298883711e+03,0.000000000000e+00,0.000000000000e+00,7.253388972091e-05,7.906193979579e-03,0.000000000000e+00,0.000000000000e+00,2.817387358641e+02,2.811347045898e+02,6.130555555555e-01,1.375000000000e-01,6.125197668083e+03,5.548951360814e+04,1.090000000000e+02
9.490000000000e+02,1.034731850389e+08,2.702159971478e+01,4.184922592006e-01,1.740030912387e-07,3.946514829856e+02,9.155583698555e-04,9.979586231425e-02,-9.973317945506e-02,5.089566411215e+03,3.793735685034e+03,0.000000000000e+00,0.000000000000e+00,2.144217399660e-04,2.337196965630e-02,0.000000000000e+00,0.000000000000e+00,2.820976302043e+02,2.814194335938e+02,6.171296296295e-01,1.572222222222e-01,5.089566411215e+03,5.548776889491e+04,1.090000000000e+02
9.500000000000e+02,1.034646164920e+08,2.467523718171e+01,4.185156916309e-01,1.737800444864e-07,3.951580924315e+02,8.640749530038e-04,9.418416987741e-02,-9.412637354279e-02,4.418596804757e+03,3.345477281997e+03,0.000000000000e+00,0.000000000000e+00,1.775600547641e-04,1.935404596928e-02,0.000000000000e+00,0.000000000000e+00,2.814488398795e+02,2.805650024414e+02,6.232407407406e-01,1.755555555555e-01,4.418596804757e+03,5.549087391738e+04,1.090000000000e+02
9.510000000000e+02,1.034566358981e+08,2.299153379110e+01,4.185192449342e-01,1.735583766248e-07,3.956628551736e+02,7.776178534260e-04,8.476034602343e-02,-8.470975839784e-02,3.829650001440e+03,3.279906913395e+03,0.000000000000e+00,0.000000000000e+00,9.106809900656e-05,9.926422791715e-03,0.000000000000e+00,0.000000000000e+00,2.813454768841e+02,2.805459594727e+02,6.280555555554e-01,1.919444444444e-01,3.829650001440e+03,5.549134777211e+04,1.090000000000e+02
9.520000000000e+02,1.034509369423e+08,2.217698303358e+01,4.185249336834e-01,1.733380724314e-07,3.961657869678e+02,7.727751692899e-04,8.423249345260e-02,-8.418254281190e-02,3.511377472479e+03,1.027475251941e+03,0.000000000000e+00,0.000000000000e+00,4.109742719131e-04,4.479619563853e-02,0.000000000000e+00,0.000000000000e+00,2.811773433629e+02,2.801643371582e+02,6.331481481480e-01,2.044444444444e-01,3.511377472479e+03,5.549210534480e+04,1.090000000000e+02
9.530000000000e+02,1.034451407820e+08,2.096352095200e+01,4.185183037795e-01,1.731191169468e-07,3.966669033593e+02,7.838030534030e-04,8.543453282093e-02,-8.538426856334e-02,3.272075545376e+03,1.057999589361e+03,0.000000000000e+00,0.000000000000e+00,3.663015226577e-04,3.992686596969e-02,0.000000000000e+00,0.000000000000e+00,2.813709771152e+02,2.803503723145e+02,6.377777777777e-01,2.165740740741e-01,3.272075545376e+03,5.549123110237e+04,1.090000000000e+02
9.540000000000e+02,1.034434417630e+08,2.185342420133e+01,4.185363013268e-01,1.729014948491e-07,3.971662196864e+02,6.933574336122e-04,7.557596026373e-02,-7.553135833614e-02,3.193401151711e+03,-2.492435423313e+03,0.000000000000e+00,0.000000000000e+00,9.405596825831e-04,1.025210054016e-01,0.000000000000e+00,0.000000000000e+00,2.808328070667e+02,2.799125366211e+02,6.431481481480e-01,2.213888888889e-01,3.193401151711e+03,5.549360859979e+04,1.090000000000e+02
9.550000000000e+02,1.034927237888e+08,4.384426069280e+01,4.185419720316e-01,1.726851959114e-07,3.976637510841e+02,6.758932370372e-04,7.367236283706e-02,-7.361621243861e-02,5.997625447138e+03,-5.336730540320e+04,0.000000000000e+00,0.000000000000e+00,9.818403152644e-03,1.070205943638e+00,0.000000000000e+00,0.000000000000e+00,2.806560414526e+02,2.800462036133e+02,6.465740740740e-01,1.298148148148e-01,5.997625447138e+03,5.549434997919e+04,1.090000000000e+02
9.560000000000e+02,1.035235988254e+08,4.448480560237e+02,4.185620809941e-01,1.724701990191e-07,3.981595124883e+02,9.080047858497e-04,9.897252165761e-02,-9.765649510451e-02,2.301730236984e+04,-3.629459854901e+04,0.000000000000e+00,0.000000000000e+00,9.883592888095e-03,1.077311624802e+00,0.000000000000e+00,0.000000000000e+00,2.799850874704e+02,2.794725646973e+02,6.519444444444e-01,5.796296296299e-02,2.301730236984e+04,5.549699695233e+04,1.090000000000e+02
9.570000000000e+02,1.035146409065e+08,3.943180206096e+01,4.185691872989e-01,1.722564931801e-07,3.986535186384e+02,8.709791744742e-04,9.493673001769e-02,-9.469705314011e-02,1.130949584996e+04,3.702442823812e+03,0.000000000000e+00,0.000000000000e+00,1.192703123773e-03,1.300046404913e-01,0.000000000000e+00,0.000000000000e+00,2.797264400539e+02,2.790285949707e+02,6.536111111111e-01,9.157407407405e-02,1.130949584996e+04,5.549794177531e+04,1.090000000000e+02
9.580000000000e+02,1.035034558057e+08,3.480225766704e+01,4.185772244692e-01,1.720440646791e-07,3.991457840819e+02,7.766494283310e-04,8.465478768808e-02,-8.459155214867e-02,8.168082834017e+03,6.490375627866e+03,0.000000000000e+00,0.000000000000e+00,2.771500188955e-04,3.020935205961e-02,0.000000000000e+00,0.000000000000e+00,2.794178665828e+02,2.787380981445e+02,6.603703703703e-01,1.180555555555e-01,8.168082834017e+03,5.549901042466e+04,1.090000000000e+02
9.590000000000e+02,1.035008666801e+08,3.510298218048e+01,4.185834344148e-01,1.718328998159e-07,3.996363231769e+02,7.416158973619e-04,8.083613281245e-02,-8.077639154839e-02,7.240201330742e+03,-1.893940637213e+03,0.000000000000e+00,0.000000000000e+00,1.510506968639e-03,1.646452595816e-01,0.000000000000e+00,0.000000000000e+00,2.791652471077e+02,2.783651733398e+02,6.626851851852e-01,1.248148148148e-01,7.240201330742e+03,5.549983516053e+04,1.090000000000e+02
9.600000000000e+02,1.034968686246e+08,3.273239125547e+01,4.185942914020e-01,1.716230070187e-07,4.001251500961e+02,7.043940527278e-04,7.677895174733e-02,-7.672173437636e-02,7.220896847013e+03,-2.600645661713e+02,0.000000000000e+00,0.000000000000e+00,1.236749168959e-03,1.348056594165e-01,0.000000000000e+00,0.000000000000e+00,2.786898911039e+02,2.781217346191e+02,6.637037037037e-01,1.343518518518e-01,7.220896847013e+03,5.550126591948e+04,1.090000000000e+02
9.610000000000e+02,1.034877758739e+08,2.931583955056e+01,4.186016429856e-01,1.714143293652e-07,4.006122788296e+02,6.154992060402e-04,6.708941345838e-02,-6.704238743498e-02,5.963137812968e+03,5.371766575670e+03,0.000000000000e+00,0.000000000000e+00,9.761748652190e-05,1.064030603089e-02,0.000000000000e+00,0.000000000000e+00,2.783289823172e+02,2.777251586914e+02,6.678703703703e-01,1.530555555555e-01,5.963137812968e+03,5.550224082295e+04,1.090000000000e+02
9.620000000000e+02,1.034794685984e+08,2.681325805774e+01,4.185933472510e-01,1.712068757044e-07,4.010977231883e+02,6.177529849790e-04,6.733507536271e-02,-6.729077002700e-02,5.034709612964e+03,4.572513245905e+03,0.000000000000e+00,0.000000000000e+00,7.639078516643e-05,8.326595583140e-03,0.000000000000e+00,0.000000000000e+00,2.787317997382e+02,2.779897155762e+02,6.708333333333e-01,1.698148148148e-01,5.034709612964e+03,5.550114612804e+04,1.090000000000e+02
9.630000000000e+02,1.034716656476e+08,2.477618566879e+01,4.186025545746e-01,1.710006329918e-07,4.015814968072e+02,6.164486878793e-04,6.719290697884e-02,-6.715050307496e-02,4.392781803293e+03,4.075965292670e+03,0.000000000000e+00,0.000000000000e+00,5.241959291527e-05,5.713735627764e-03,0.000000000000e+00,0.000000000000e+00,2.782798946387e+02,2.776170043945e+02,6.720370370370e-01,1.851851851852e-01,4.392781803293e+03,5.550236555103e+04,1.090000000000e+02
9.640000000000e+02,1.034684236300e+08,2.482610685903e+01,4.186065841091e-01,1.707955914884e-07,4.020636131479e+02,5.688064250312e-04,6.199990032840e-02,-6.196137345359e-02,4.096437515094e+03,-1.970126546296e+02,0.000000000000e+00,0.000000000000e+00,7.100455530779e-04,7.739496528549e-02,0.000000000000e+00,0.000000000000e+00,2.780618587935e+02,2.773967285156e+02,6.737037037037e-01,1.924074074074e-01,4.096437515094e+03,5.550289821930e+04,1.090000000000e+02
9.650000000000e+02,1.034786808406e+08,2.973441446945e+01,4.186060645846e-01,1.705917534048e-07,4.025440855023e+02,5.402604547740e-04,5.888838957036e-02,-5.884956395690e-02,4.747610540538e+03,-1.352353406642e+04,0.000000000000e+00,0.000000000000e+00,3.021284529154e-03,3.293200136778e-01,0.000000000000e+00,0.000000000000e+00,2.780939763057e+02,2.774201660156e+02,6.739814814814e-01,1.742592592592e-01,4.747610540538e+03,5.550282188089e+04,1.090000000000e+02
9.660000000000e+02,1.034861990397e+08,3.035968478931e+01,4.186096283098e-01,1.703890925735e-07,4.030229269947e+02,5.474895407591e-04,5.967635994275e-02,-5.963411178939e-02,5.983635160002e+03,-1.082809057205e+04,0.000000000000e+00,0.000000000000e+00,2.779366700863e-03,3.029509703941e-01,0.000000000000e+00,0.000000000000e+00,2.778929856578e+02,2.773899841309e+02,6.772222222222e-01,1.613888888889e-01,5.983635160002e+03,5.550328465803e+04,1.090000000000e+02
9.670000000000e+02,1.034817064529e+08,2.837340932229e+01,4.186060838589e-01,1.701875703423e-07,4.035001505857e+02,5.244158446671e-04,5.716132706872e-02,-5.712256154986e-02,5.456585069039e+03,1.322101792110e+03,0.000000000000e+00,0.000000000000e+00,6.834306868509e-04,7.449394486675e-02,0.000000000000e+00,0.000000000000e+00,2.780964053341e+02,2.776781311035e+02,6.796296296296e-01,1.707407407407e-01,5.456585069039e+03,5.550281611613e+04,1.090000000000e+02
9.680000000000e+02,1.034772214932e+08,2.674588102141e+01,4.186209873806e-01,1.699871980268e-07,4.039757690738e+02,4.945036633021e-04,5.390089929992e-02,-5.386471104127e-02,4.911437654721e+03,1.495249857749e+03,0.000000000000e+00,0.000000000000e+00,5.647278363840e-04,6.155533416586e-02,0.000000000000e+00,0.000000000000e+00,2.771049276593e+02,2.766098327637e+02,6.812962962962e-01,1.796296296296e-01,4.911437654721e+03,5.550478685882e+04,1.090000000000e+02
9.690000000000e+02,1.034748313543e+08,2.630985970904e+01,4.186232511450e-01,1.697879623066e-07,4.044497950992e+02,4.757239053936e-04,5.185390568790e-02,-5.181952572100e-02,4.614674731923e+03,-4.861062745691e+02,0.000000000000e+00,0.000000000000e+00,8.433413414574e-04,9.192420621886e-02,0.000000000000e+00,0.000000000000e+00,2.769030399211e+02,2.765415649414e+02,6.818518518518e-01,1.853703703703e-01,4.614674731923e+03,5.550508746860e+04,1.090000000000e+02
9.700000000000e+02,1.034895004434e+08,3.343514240958e+01,4.186247420903e-01,1.695898705107e-07,4.049222411458e+02,4.700443026629e-04,5.123482899026e-02,-5.119917069610e-02,5.439181209601e+03,-1.751090328078e+04,0.000000000000e+00,0.000000000000e+00,3.794864857523e-03,4.136402694700e-01,0.000000000000e+00,0.000000000000e+00,2.767604769360e+02,2.764434814453e+02,6.822222222222e-01,1.580555555555e-01,5.439181209601e+03,5.550527858324e+04,1.090000000000e+02
9.710000000000e+02,1.034994922339e+08,3.438733449017e+01,4.186298555339e-01,1.693928995696e-07,4.053931195441e+02,4.663847911567e-04,5.083594223608e-02,-5.079674311180e-02,7.552585353008e+03,-1.281130819229e+04,0.000000000000e+00,0.000000000000e+00,3.366391799681e-03,3.669367061652e-01,0.000000000000e+00,0.000000000000e+00,2.760795112346e+02,2.759356079102e+02,6.826851851851e-01,1.402777777777e-01,7.552585353008e+03,5.550594610393e+04,1.090000000000e+02
9.720000000000e+02,1.034939089511e+08,3.137364035216e+01,4.186314102862e-01,1.691970113233e-07,4.058624424736e+02,4.552137117092e-04,4.961829457630e-02,-4.958166132154e-02,6.536971411715e+03,2.831198281321e+03,0.000000000000e+00,0.000000000000e+00,6.123458661555e-04,6.674569941095e-02,0.000000000000e+00,0.000000000000e+00,2.756438647461e+02,2.754302673340e+02,6.824999999999e-01,1.522222222222e-01,6.536971411715e+03,5.550615093686e+04,1.090000000000e+02
9.730000000000e+02,1.034883152914e+08,2.907467512011e+01,4.186299932332e-01,1.690022160249e-07,4.063302219656e+02,4.628622596606e-04,5.045198630301e-02,-5.041642452818e-02,5.757147635106e+03,2.795242020249e+03,0.000000000000e+00,0.000000000000e+00,4.895041246577e-04,5.335594958769e-02,0.000000000000e+00,0.000000000000e+00,2.760504061075e+02,2.757243041992e+02,6.820370370370e-01,1.637037037037e-01,5.757147635106e+03,5.550596485246e+04,1.090000000000e+02
9.740000000000e+02,1.034868675864e+08,2.932148321951e+01,4.186313976617e-01,1.688085082316e-07,4.067964699052e+02,4.368554665330e-04,4.761724585210e-02,-4.758480395049e-02,5.369277232528e+03,-1.193539549728e+03,0.000000000000e+00,0.000000000000e+00,1.085072163159e-03,1.182728657844e-01,0.000000000000e+00,0.000000000000e+00,2.756573958037e+02,2.753952331543e+02,6.814814814814e-01,1.666666666666e-01,5.369277232528e+03,5.550614761600e+04,1.090000000000e+02
9.750000000000e+02,1.034999278855e+08,3.571595724750e+01,4.186307432178e-01,1.686158967510e-07,4.072611980343e+02,4.032187001570e-04,4.395083831711e-02,-4.391908630555e-02,6.370165755693e+03,-1.549807227552e+04,0.000000000000e+00,0.000000000000e+00,3.615834367107e-03,3.941259460147e-01,0.000000000000e+00,0.000000000000e+00,2.759000313878e+02,2.759801940918e+02,6.810185185185e-01,1.424074074074e-01,6.370165755693e+03,5.550605171186e+04,1.090000000000e+02
9.760000000000e+02,1.035079622261e+08,3.714106377679e+01,4.186311175968e-01,1.684243421160e-07,4.077244179533e+02,4.495366010952e-04,4.899948951937e-02,-4.896049340440e-02,8.407907146075e+03,-1.075195809081e+04,0.000000000000e+00,0.000000000000e+00,3.167428674797e-03,3.452497255529e-01,0.000000000000e+00,0.000000000000e+00,2.758117323641e+02,2.755638122559e+02,6.798148148148e-01,1.273148148148e-01,8.407907146075e+03,5.550609222636e+04,1.090000000000e+02
9.770000000000e+02,1.035008095352e+08,3.296102996757e+01,4.186318388973e-01,1.682338115837e-07,4.081861411241e+02,4.318538391387e-04,4.707206846612e-02,-4.703652284976e-02,7.304650138467e+03,4.541872940529e+03,0.000000000000e+00,0.000000000000e+00,4.562797382508e-04,4.973449146933e-02,0.000000000000e+00,0.000000000000e+00,2.752993767328e+02,2.752113037109e+02,6.789814814814e-01,1.424074074074e-01,7.304650138467e+03,5.550618621697e+04,1.090000000000e+02
9.780000000000e+02,1.034962291868e+08,3.155074420794e+01,4.186318561077e-01,1.680443213497e-07,4.086463788716e+02,3.872104020695e-04,4.220593382557e-02,-4.217543925342e-02,6.355839271695e+03,2.239350712437e+03,0.000000000000e+00,0.000000000000e+00,6.804383839700e-04,7.416778385273e-02,0.000000000000e+00,0.000000000000e+00,2.753692845704e+02,2.754689636230e+02,6.780555555555e-01,1.514814814815e-01,6.355839271695e+03,5.550618853523e+04,1.090000000000e+02
9.790000000000e+02,1.034919007922e+08,2.951174812563e+01,4.186314576606e-01,1.678558999991e-07,4.091051423866e+02,3.616348353311e-04,3.941819705109e-02,-3.939000064003e-02,5.945923528999e+03,2.142005793213e+03,0.000000000000e+00,0.000000000000e+00,6.286504088685e-04,6.852289456666e-02,0.000000000000e+00,0.000000000000e+00,2.749935328218e+02,2.750495300293e+02,6.758333333333e-01,1.598148148148e-01,5.945923528999e+03,5.550612159546e+04,1.090000000000e+02
9.800000000000e+02,1.034853274824e+08,2.726395961212e+01,4.186290951483e-01,1.676684592360e-07,4.095624427276e+02,3.126639562733e-04,3.408037123379e-02,-3.405710397407e-02,5.137729127843e+03,4.682936809418e+03,0.000000000000e+00,0.000000000000e+00,7.501228849859e-05,8.176339446346e-03,0.000000000000e+00,0.000000000000e+00,2.744854705486e+02,2.745464477539e+02,6.737962962963e-01,1.718518518518e-01,5.137729127843e+03,5.550580695564e+04,1.090000000000e+02
9.810000000000e+02,1.034812320470e+08,2.645542798000e+01,4.186247152154e-01,1.674820258753e-07,4.100182908230e+02,2.850991497140e-04,3.107580731882e-02,-3.105511533674e-02,4.700733158989e+03,2.371703894206e+03,0.000000000000e+00,0.000000000000e+00,3.850136204748e-04,4.196648463175e-02,0.000000000000e+00,0.000000000000e+00,2.739766611315e+02,2.740815124512e+02,6.718518518518e-01,1.800000000000e-01,4.700733158989e+03,5.550522568253e+04,1.090000000000e+02
9.820000000000e+02,1.034816359110e+08,2.733210188482e+01,4.186260069444e-01,1.672966388743e-07,4.104726974731e+02,2.530531662818e-04,2.758279512471e-02,-2.756448655731e-02,4.721587574319e+03,-1.933840811395e+03,0.000000000000e+00,0.000000000000e+00,1.100369492030e-03,1.199402746313e-01,0.000000000000e+00,0.000000000000e+00,2.740932401028e+02,2.743074951172e+02,6.679629629629e-01,1.788888888889e-01,4.721587574319e+03,5.550538295599e+04,1.090000000000e+02
9.830000000000e+02,1.034799588687e+08,2.692541265035e+01,2.532897643790e+03,4.186539969039e-03,1.000000000000e+02,1.990478227895e-04,2.169621268405e-02,-2.419497477817e-02,4.897745983777e+03,3.340889734750e+02,1.521258809183e-05,1.658172102009e-03,7.391880277512e-04,8.057149502489e-02,4.107183066005e-04,4.476829541945e-02,2.741704334629e+02,2.743923034668e+02,6.614814814815e-01,1.816666666666e-01,4.897745983777e+03,5.550547892393e+04,1.090000000000e+02
9.840000000000e+02,1.034749493587e+08,2.592666813879e+01,9.371283016864e+03,1.548961382917e-02,1.000000000000e+02,-5.552815693906e-05,-6.052569106358e-03,-1.182768037017e-02,4.577909918622e+03,4.353011330287e+03,3.715837882204e-05,4.050263291602e-03,0.000000000000e+00,0.000000000000e+00,1.003276228195e-03,1.093571088733e-01,2.738164866464e+02,2.744028015137e+02,6.556481481481e-01,1.904629629629e-01,4.577909918622e+03,5.550498701616e+04,1.090000000000e+02
9.850000000000e+02,1.034707663434e+08,2.436285100850e+01,1.946066394587e+04,3.150978029194e-02,1.020296761573e+02,-3.007435103416e-04,-3.278104262723e-02,-1.193414346346e-03,4.232643379358e+03,4.116774893483e+03,1.891734983819e-05,2.061991132362e-03,0.000000000000e+00,0.000000000000e+00,1.374929006164e-03,1.498672616719e-01,2.732203465752e+02,2.738864746094e+02,3.259259259259e-02,1.981481481481e-01,4.232643379358e+03,5.550385052460e+04,1.090000000000e+02
9.860000000000e+02,1.034668259788e+08,2.511951925731e+01,3.105930726906e+04,4.620614645655e-02,1.109381518491e+02,-3.434334774056e-04,-3.743424903721e-02,-1.643143829763e-04,3.930487634333e+03,3.931244302590e+03,0.000000000000e+00,0.000000000000e+00,0.000000000000e+00,0.000000000000e+00,1.572223709255e-03,1.713723843088e-01,2.732091921411e+02,2.735253601074e+02,0.000000000000e+00,2.055555555555e-01,3.930487634333e+03,5.550382687990e+04,1.090000000000e+02
9.870000000000e+02,1.034630505989e+08,2.429803746138e+01,4.207278580537e+04,5.818143422596e-02,1.194016734761e+02,-3.672129751573e-04,-4.002621429214e-02,0.000000000000e+00,3.776200785667e+03,3.775379303869e+03,0.000000000000e+00,0.000000000000e+00,0.000000000000e+00,0.000000000000e+00,1.453220844638e-03,1.584010720656e-01,2.732113936044e+02,2.733212890625e+02,0.000000000000e+00,2.126851851852e-01,3.776200785667e+03,5.550383182217e+04,1.090000000000e+02
9.880000000000e+02,1.034594049238e+08,2.401653620759e+01,5.196739213963e+04,6.770275374258e-02,1.267906958180e+02,-3.733537805351e-04,-4.069556207833e-02,0.000000000000e+00,3.645957126800e+03,3.645675625560e+03,0.000000000000e+00,0.000000000000e+00,0.000000000000e+00,0.000000000000e+00,1.262141726789e-03,1.375734482200e-01,2.732090538560e+02,2.729063110352e+02,0.000000000000e+00,2.198148148148e-01,3.645957126800e+03,5.550382656939e+04,1.090000000000e+02
9.890000000000e+02,1.034558742433e+08,2.377149398150e+01,6.273367101707e+04,7.808160467863e-02,1.327433571713e+02,-3.681391194204e-04,-4.012716401682e-02,0.000000000000e+00,3.530925885256e+03,3.530680843023e+03,0.000000000000e+00,0.000000000000e+00,0.000000000000e+00,0.000000000000e+00,1.411436523579e-03,1.538465810701e-01,2.732065997966e+02,2.722380981445e+02,0.000000000000e+00,2.270370370370e-01,3.530925885256e+03,5.550382105275e+04,1.090000000000e+02
9.900000000000e+02,1.034524373817e+08,2.345202485583e+01,7.344329943823e+04,8.787923372501e-02,1.380953218995e+02,-3.617993925533e-04,-3.943613378831e-02,0.000000000000e+00,3.437182160493e+03,3.436862691368e+03,0.000000000000e+00,0.000000000000e+00,0.000000000000e+00,0.000000000000e+00,1.408409948144e-03,1.535166843477e-01,2.732049331977e+02,2.720433349609e+02,0.000000000000e+00,2.343518518518e-01,3.437182160493e+03,5.550381730158e+04,1.090000000000e+02
9.910000000000e+02,1.034490858246e+08,2.339590907851e+01,8.373850531199e+04,9.665010530317e-02,1.431755508408e+02,-3.562040175929e-04,-3.882623791762e-02,0.000000000000e+00,3.351613403403e+03,3.351557287633e+03,0.000000000000e+00,0.000000000000e+00,0.000000000000e+00,0.000000000000e+00,1.345508310015e-03,1.466604057917e-01,2.732005970914e+02,2.718146057129e+02,0.000000000000e+00,2.416666666667e-01,3.351613403403e+03,5.550380752962e+04,1.090000000000e+02
9.920000000000e+02,1.034458083434e+08,2.351930017319e+01,9.403231974634e+04,1.052486884034e-01,1.476486755699e+02,-3.650380546398e-04,-3.978914795573e-02,0.000000000000e+00,3.277357957496e+03,3.277481348595e+03,0.000000000000e+00,0.000000000000e+00,0.000000000000e+00,0.000000000000e+00,1.336445764601e-03,1.456725883415e-01,2.731948704185e+02,2.714259948730e+02,0.000000000000e+00,2.484259259259e-01,3.277357957496e+03,5.550379459191e+04,1.090000000000e+02
9.930000000000e+02,1.034426000777e+08,2.368489535720e+01,1.061499271769e+05,1.161564952996e-01,1.510297321231e+02,-3.671437795074e-04,-4.001867196630e-02,0.000000000000e+00,3.208101090697e+03,3.208266685896e+03,0.000000000000e+00,0.000000000000e+00,0.000000000000e+00,0.000000000000e+00,1.635799219878e-03,1.783021149667e-01,2.731893469640e+02,2.707429199219e+02,0.000000000000e+00,2.562962962963e-01,3.208101090697e+03,5.550378207857e+04,1.090000000000e+02
9.940000000000e+02,1.034394483770e+08,2.373819585381e+01,1.190905888065e+05,1.276367836588e-01,1.542057470952e+02,-3.561296412666e-04,-3.881813089806e-02,0.000000000000e+00,3.151648205777e+03,3.151701506278e+03,0.000000000000e+00,0.000000000000e+00,0.000000000000e+00,0.000000000000e+00,1.782835592801e-03,1.943290796153e-01,2.731857276999e+02,2.704045104980e+02,0.000000000000e+00,2.629629629630e-01,3.151648205777e+03,5.550377386090e+04,1.090000000000e+02
9.950000000000e+02,1.034363533897e+08,2.387644185214e+01,1.319458791289e+05,1.387238419332e-01,1.572002395565e+02,-3.575146488452e-04,-3.896909672412e-02,0.000000000000e+00,3.094849260939e+03,3.094987506956e+03,0.000000000000e+00,0.000000000000e+00,0.000000000000e+00,0.000000000000e+00,1.767361032096e-03,1.926423524984e-01,2.731823216068e+02,2.700735168457e+02,0.000000000000e+00,2.705555555555e-01,3.094849260939e+03,5.550376611431e+04,1.090000000000e+02
9.960000000000e+02,1.034333064283e+08,2.430775874490e+01,1.455113994319e+05,1.499694516744e-01,1.603651647994e+02,-3.597083796430e-04,-3.920821338109e-02,0.000000000000e+00,3.046529584717e+03,3.046960901605e+03,0.000000000000e+00,0.000000000000e+00,0.000000000000e+00,0.000000000000e+00,1.882564787637e-03,2.051995618525e-01,2.731769842789e+02,2.694647521973e+02,0.000000000000e+00,2.767592592592e-01,3.046529584717e+03,5.550375394899e+04,1.090000000000e+02
9.970000000000e+02,1.034303031938e+08,2.506210799457e+01,1.572293555710e+05,1.586804183158e-01,1.637689558507e+02,-3.460082388523e-04,-3.771489803490e-02,0.000000000000e+00,3.002480647208e+03,3.003234996460e+03,0.000000000000e+00,0.000000000000e+00,0.000000000000e+00,0.000000000000e+00,1.590880363910e-03,1.734059596662e-01,2.731698624388e+02,2.685157775879e+02,0.000000000000e+00,2.846296296296e-01,3.002480647208e+03,5.550373766608e+04,1.090000000000e+02
9.980000000000e+02,1.034273422902e+08,2.573650952332e+01,1.673415349557e+05,1.653243802546e-01,1.672985664278e+02,-3.241680546591e-04,-3.533431795784e-02,0.000000000000e+00,2.960228536833e+03,2.960902938367e+03,0.000000000000e+00,0.000000000000e+00,0.000000000000e+00,0.000000000000e+00,1.347298762162e-03,1.468555650757e-01,2.731640776570e+02,2.681567382813e+02,0.000000000000e+00,2.914814814815e-01,2.960228536833e+03,5.550372439776e+04,1.090000000000e+02
9.990000000000e+02,1.034244187950e+08,2.647372471235e+01,1.796709295007e+05,1.753015957481e-01,1.694029173377e+02,-3.171477757766e-04,-3.456910755965e-02,0.000000000000e+00,2.922758358679e+03,2.923495573872e+03,0.000000000000e+00,0.000000000000e+00,0.000000000000e+00,0.000000000000e+00,1.720807792976e-03,1.875680494344e-01,2.731582512777e+02,2.678457641602e+02,0.000000000000e+00,2.989814814815e-01,2.922758358679e+03,5.550371099625e+04,1.090000000000e+02
1.000000000000e+03,1.034215308983e+08,2.760071903068e+01,1.919088365449e+05,1.837647189257e-01,1.726095144553e+02,-3.119981372052e-04,-3.400779695536e-02,0.000000000000e+00,2.886769731844e+03,2.887896726146e+03,0.000000000000e+00,0.000000000000e+00,0.000000000000e+00,0.000000000000e+00,1.710837393592e-03,1.864812759015e-01,2.731508416190e+02,2.672311096191e+02,0.000000000000e+00,3.063888888889e-01,2.886769731844e+03,5.550369389872e+04,1.090000000000e+02
1.001000000000e+03,1.034186695039e+08,2.859378766204e+01,2.025432666641e+05,1.909893227649e-01,1.752842583235e+02,-3.059024921100e-04,-3.334337163999e-02,0.000000000000e+00,2.860400276841e+03,2.861393345475e+03,0.000000000000e+00,0.000000000000e+00,0.000000000000e+00,0.000000000000e+00,1.451890966749e-03,1.582561153756e-01,2.731453369257e+02,2.670113830566e+02,0.000000000000e+00,3.145370370370e-01,2.860400276841e+03,5.550368115699e+04,1.090000000000e+02
1.002000000000e+03,1.034158340443e+08,2.939417144010e+01,2.130641670898e+05,1.975060620099e-01,1.783060580229e+02,-3.017478200485e-04,-3.289051238529e-02,0.000000000000e+00,2.834659465386e+03,2.835459849172e+03,0.000000000000e+00,0.000000000000e+00,0.000000000000e+00,0.000000000000e+00,1.437278155589e-03,1.566633189592e-01,2.731413477239e+02,2.674907226562e+02,0.000000000000e+00,3.213888888889e-01,2.834659465386e+03,5.550367190154e+04,1.090000000000e+02
1.003000000000e+03,1.034130196193e+08,3.039853791415e+01,2.243711014517e+05,2.050566520317e-01,1.808551382221e+02,-3.072785937246e-04,-3.349336671598e-02,0.000000000000e+00,2.813421125388e+03,2.814425491867e+03,0.000000000000e+00,0.000000000000e+00,0.000000000000e+00,0.000000000000e+00,1.561677230900e-03,1.702228181681e-01,2.731367769487e+02,2.673902587891e+02,0.000000000000e+00,3.287037037037e-01,2.813421125388e+03,5.550366127450e+04,1.090000000000e+02
1.004000000000e+03,1.034102292258e+08,3.155239850217e+01,2.345249483817e+05,2.119043253647e-01,1.829314589182e+02,-2.969037361231e-04,-3.236250723741e-02,0.000000000000e+00,2.789239124165e+03,2.790392984748e+03,0.000000000000e+00,0.000000000000e+00,0.000000000000e+00,0.000000000000e+00,1.381455974884e-03,1.505787012624e-01,2.731319074484e+02,2.672338867188e+02,0.000000000000e+00,3.358333333333e-01,2.789239124165e+03,5.550364992689e+04,1.090000000000e+02
1.005000000000e+03,1.034074614345e+08,3.312860329422e+01,2.429167669779e+05,2.161723142972e-01,1.857367163678e+02,-2.987268654347e-04,-3.256122833238e-02,0.000000000000e+00,2.766215605543e+03,2.767791810320e+03,0.000000000000e+00,0.000000000000e+00,0.000000000000e+00,0.000000000000e+00,1.088384320269e-03,1.186338909093e-01,2.731258367409e+02,2.668755798340e+02,0.000000000000e+00,3.437037037037e-01,2.766215605543e+03,5.550363574339e+04,1.090000000000e+02
1.006000000000e+03,1.034047116355e+08,3.428647806304e+01,2.567719639615e+05,2.272099363499e-01,1.867935044462e+02,-3.112581775655e-04,-3.392714135463e-02,0.000000000000e+00,2.748641000801e+03,2.749798875555e+03,0.000000000000e+00,0.000000000000e+00,0.000000000000e+00,0.000000000000e+00,1.978903338795e-03,2.157004639287e-01,2.731218823496e+02,2.667943420410e+02,0.000000000000e+00,3.509259259259e-01,2.748641000801e+03,5.550362648173e+04,1.090000000000e+02
1.007000000000e+03,1.034019786738e+08,3.609675454198e+01,2.702531443034e+05,2.365939376444e-01,1.888033586947e+02,-3.218619648682e-04,-3.508295417063e-02,0.000000000000e+00,2.731151609589e+03,2.732961886079e+03,0.000000000000e+00,0.000000000000e+00,0.000000000000e+00,0.000000000000e+00,1.906482152947e-03,2.078065546712e-01,2.731158700196e+02,2.665367736816e+02,0.000000000000e+00,3.585185185185e-01,2.731151609589e+03,5.550361236715e+04,1.090000000000e+02
1.008000000000e+03,1.033992610271e+08,3.918663677653e+01,2.822238837924e+05,2.432946422405e-01,1.917365005016e+02,-3.028353628731e-04,-3.300905455317e-02,0.000000000000e+00,2.714555698729e+03,2.717645580963e+03,0.000000000000e+00,0.000000000000e+00,0.000000000000e+00,0.000000000000e+00,1.675851580759e-03,1.826678223028e-01,2.731071435973e+02,2.658544006348e+02,0.000000000000e+00,3.662037037037e-01,2.714555698729e+03,5.550359180924e+04,1.090000000000e+02
1.009000000000e+03,1.033965631508e+08,4.386880048267e+01,2.934762090193e+05,2.502881675278e-01,1.938103887953e+02,-2.848472094067e-04,-3.104834582533e-02,0.000000000000e+00,2.693194413332e+03,2.697876577044e+03,0.000000000000e+00,0.000000000000e+00,0.000000000000e+00,0.000000000000e+00,1.575095603078e-03,1.716854207355e-01,2.730962067261e+02,2.650914611816e+02,0.000000000000e+00,3.738888888889e-01,2.693194413332e+03,5.550356592298e+04,1.090000000000e+02
1.010000000000e+03,1.033938857521e+08,4.954013701122e+01,3.033386593376e+05,2.557875671547e-01,1.960169277145e+02,-2.743202070961e-04,-2.990090257348e-02,0.000000000000e+00,2.671728372869e+03,2.677399709400e+03,0.000000000000e+00,0.000000000000e+00,0.000000000000e+00,0.000000000000e+00,1.355890074430e-03,1.477920181129e-01,2.730859490002e+02,2.644819641113e+02,0.000000000000e+00,3.819444444444e-01,2.671728372869e+03,5.550354152137e+04,1.090000000000e+02
1.011000000000e+03,1.033912257918e+08,5.541970414676e+01,3.123551232036e+05,2.606349276845e-01,1.980897130127e+02,-2.551778918337e-04,-2.781439020987e-02,0.000000000000e+00,2.654082820156e+03,2.659962387294e+03,0.000000000000e+00,0.000000000000e+00,0.000000000000e+00,0.000000000000e+00,1.235193838273e-03,1.346361283718e-01,2.730774141725e+02,2.644597473145e+02,0.000000000000e+00,3.900000000000e-01,2.654082820156e+03,5.550352112748e+04,1.090000000000e+02
1.012000000000e+03,1.033885785890e+08,6.101443167949e+01,3.226384179279e+05,2.663479048120e-01,2.002226962085e+02,-2.626572560936e-04,-2.862964091420e-02,0.000000000000e+00,2.641608323203e+03,2.647203050734e+03,0.000000000000e+00,0.000000000000e+00,0.000000000000e+00,0.000000000000e+00,1.437110655435e-03,1.566450614424e-01,2.730706017969e+02,2.643859558105e+02,0.000000000000e+00,3.981481481481e-01,2.641608323203e+03,5.550350478990e+04,1.090000000000e+02
1.013000000000e+03,1.033859433424e+08,6.920054065801e+01,3.329307716096e+05,2.722103954067e-01,2.021605399230e+02,-2.659259257482e-04,-2.898592590655e-02,0.000000000000e+00,2.627060574044e+03,2.635246683022e+03,0.000000000000e+00,0.000000000000e+00,0.000000000000e+00,0.000000000000e+00,1.435346511024e-03,1.564527697017e-01,2.730588918192e+02,2.635574340820e+02,0.000000000000e+00,4.063888888889e-01,2.627060574044e+03,5.550347658560e+04,1.090000000000e+02
1.014000000000e+03,1.033833250489e+08,8.115787864916e+01,3.416558786703e+05,2.764644093046e-01,2.042666397960e+02,-2.478019884443e-04,-2.701041674043e-02,0.000000000000e+00,2.606336400147e+03,2.618293738138e+03,0.000000000000e+00,0.000000000000e+00,0.000000000000e+00,0.000000000000e+00,1.194419839430e-03,1.301917624979e-01,2.730455243834e+02,2.634318237305e+02,0.000000000000e+00,4.152777777778e-01,2.606336400147e+03,5.550344419909e+04,1.090000000000e+02
1.015000000000e+03,1.033807236403e+08,9.569871011148e+01,3.501618616809e+05,2.806838707521e-01,2.062052562698e+02,-2.320316596013e-04,-2.529145089654e-02,0.000000000000e+00,2.586869113508e+03,2.601409944972e+03,0.000000000000e+00,0.000000000000e+00,0.000000000000e+00,0.000000000000e+00,1.173974845696e-03,1.279632581808e-01,2.730327416407e+02,2.631764831543e+02,0.000000000000e+00,4.233333333333e-01,2.586869113508e+03,5.550341303842e+04,1.090000000000e+02
1.016000000000e+03,1.033781353239e+08,1.110305787979e+02,3.598736751438e+05,2.858587394317e-01,2.080882016988e+02,-2.257150893399e-04,-2.460294473805e-02,0.000000000000e+00,2.572985013031e+03,2.588316881718e+03,0.000000000000e+00,0.000000000000e+00,0.000000000000e+00,0.000000000000e+00,1.379599619364e-03,1.503763585106e-01,2.730227058090e+02,2.627090454102e+02,0.000000000000e+00,4.316759259259e-01,2.572985013031e+03,5.550338844304e+04,1.090000000000e+02
1.017000000000e+03,1.033755602093e+08,1.323202948387e+02,3.680846327206e+05,2.896430625130e-01,2.100555129701e+02,-2.121473245201e-04,-2.312405837269e-02,0.000000000000e+00,2.553824869530e+03,2.575114585572e+03,0.000000000000e+00,0.000000000000e+00,0.000000000000e+00,0.000000000000e+00,1.145117053448e-03,1.248177588259e-01,2.730017330087e+02,2.621520385742e+02,0.000000000000e+00,4.400282407407e-01,2.553824869530e+03,5.550333667708e+04,1.090000000000e+02
1.018000000000e+03,1.033730087977e+08,1.632476829495e+02,3.749298095998e+05,2.921131745004e-01,2.121529389465e+02,-1.942308271551e-04,-2.117116015990e-02,0.000000000000e+00,2.520484413626e+03,2.551411801737e+03,0.000000000000e+00,0.000000000000e+00,0.000000000000e+00,0.000000000000e+00,9.372952146218e-04,1.021651783938e-01,2.729782019219e+02,2.611498107910e+02,0.000000000000e+00,4.492041666666e-01,2.520484413626e+03,5.550327800232e+04,1.090000000000e+02
1.019000000000e+03,1.033704720175e+08,1.938656082626e+02,3.837094862832e+05,2.965512428760e-01,2.138717592735e+02,-2.102049462930e-04,-2.291233914594e-02,0.000000000000e+00,2.506162380286e+03,2.536780305602e+03,0.000000000000e+00,0.000000000000e+00,0.000000000000e+00,0.000000000000e+00,1.241046538867e-03,1.352740727365e-01,2.729681329756e+02,2.612925415039e+02,0.000000000000e+00,4.570111342592e-01,2.506162380286e+03,5.550325269974e+04,1.090000000000e+02
1.020000000000e+03,1.033679370370e+08,2.257920931839e+02,3.917889735418e+05,3.002547729670e-01,2.156817964178e+02,-2.186629882263e-04,-2.383426571666e-02,0.000000000000e+00,2.503055095314e+03,2.534981580234e+03,0.000000000000e+00,0.000000000000e+00,0.000000000000e+00,0.000000000000e+00,1.116872466155e-03,1.217390988108e-01,2.729510156936e+02,2.609349670410e+02,0.000000000000e+00,4.649097453704e-01,2.503055095314e+03,5.550320942159e+04,1.090000000000e+02
1.021000000000e+03,1.033654130784e+08,2.668399190631e+02,3.983228218929e+05,3.025367336597e-01,2.176250979951e+02,-1.966394677333e-04,-2.143370198293e-02,0.000000000000e+00,2.482912209275e+03,2.523960035153e+03,0.000000000000e+00,0.000000000000e+00,0.000000000000e+00,0.000000000000e+00,8.834393371619e-04,9.629488775065e-02,2.729251592032e+02,2.602474670410e+02,0.000000000000e+00,4.721084733796e-01,2.482912209275e+03,5.550314341983e+04,1.090000000000e+02
1.022000000000e+03,1.033629024095e+08,3.131327024194e+02,4.068563131968e+05,3.067601426951e-01,2.192272859675e+02,-1.883456123037e-04,-2.052967174111e-02,0.000000000000e+00,2.464376417515e+03,2.510669200874e+03,0.000000000000e+00,0.000000000000e+00,0.000000000000e+00,0.000000000000e+00,1.222251212188e-03,1.332253821285e-01,2.729055731769e+02,2.592016906738e+02,0.000000000000e+00,4.799656551505e-01,2.464376417515e+03,5.550309292011e+04,1.090000000000e+02
1.023000000000e+03,1.033603980079e+08,3.625552057568e+02,4.143686414152e+05,3.099970291682e-01,2.209441022347e+02,-1.822441265137e-04,-1.986460978999e-02,0.000000000000e+00,2.454980114504e+03,2.504402617845e+03,0.000000000000e+00,0.000000000000e+00,0.000000000000e+00,0.000000000000e+00,1.059569686055e-03,1.154930957800e-01,2.728848992519e+02,2.587669372559e+02,0.000000000000e+00,4.867014201968e-01,2.454980114504e+03,5.550303914030e+04,1.090000000000e+02
1.024000000000e+03,1.033579007511e+08,4.155185272574e+02,4.205775043098e+05,3.120677809508e-01,2.227669022389e+02,-1.824411598307e-04,-1.988608642155e-02,0.000000000000e+00,2.444294036235e+03,2.497257357737e+03,0.000000000000e+00,0.000000000000e+00,0.000000000000e+00,0.000000000000e+00,8.439093697666e-04,9.198612130456e-02,2.728678652893e+02,2.591825561523e+02,0.000000000000e+00,4.934178789381e-01,2.444294036235e+03,5.550299445800e+04,1.090000000000e+02
1.025000000000e+03,1.033554093817e+08,4.704507703356e+02,4.279034296541e+05,3.152101831039e-01,2.243879635348e+02,-1.890602749314e-04,-2.060756996752e-02,0.000000000000e+00,2.436438402787e+03,2.491370645867e+03,0.000000000000e+00,0.000000000000e+00,0.000000000000e+00,0.000000000000e+00,1.021931994702e-03,1.113905874225e-01,2.728519107632e+02,2.589403686523e+02,0.000000000000e+00,4.995054958362e-01,2.436438402787e+03,5.550295230375e+04,1.090000000000e+02
1.026000000000e+03,1.033529287871e+08,5.308203433547e+02,4.360100166480e+05,3.190839792565e-01,2.258635346974e+02,-1.856377118416e-04,-2.023451059074e-02,0.000000000000e+00,2.420225581931e+03,2.480595154951e+03,0.000000000000e+00,0.000000000000e+00,0.000000000000e+00,0.000000000000e+00,1.154411491905e-03,1.258308526176e-01,2.728283941958e+02,2.588750610352e+02,0.000000000000e+00,5.059684025146e-01,2.420225581931e+03,5.550288963593e+04,1.090000000000e+02
1.027000000000e+03,1.033509681220e+08,6.771717980507e+02,4.433034881541e+05,3.221714244614e-01,2.274413793998e+02,-1.745468892838e-04,-1.902561093194e-02,0.000000000000e+00,1.814313041050e+03,1.960664495746e+03,0.000000000000e+00,0.000000000000e+00,0.000000000000e+00,0.000000000000e+00,1.031089908409e-03,1.123888000166e-01,2.728015562325e+02,2.585750122070e+02,0.000000000000e+00,5.090516271095e-01,1.814313041050e+03,5.550281676955e+04,1.090000000000e+02
1.028000000000e+03,1.033491490783e+08,8.856948301902e+02,4.497277870846e+05,3.245205713496e-01,2.290674094320e+02,-1.729428223407e-04,-1.885076763514e-02,0.000000000000e+00,1.610518856391e+03,1.819041888531e+03,0.000000000000e+00,0.000000000000e+00,0.000000000000e+00,0.000000000000e+00,8.890187772715e-04,9.690304672259e-02,2.727849784254e+02,2.581688537598e+02,0.000000000000e+00,5.122696181293e-01,1.610518856391e+03,5.550277169082e+04,1.090000000000e+02
1.029000000000e+03,1.033471190133e+08,1.048746924226e+03,4.561301034603e+05,3.268675830630e-01,2.306602656217e+02,-1.874004529394e-04,-2.042664937040e-02,0.000000000000e+00,1.867013652285e+03,2.030065746320e+03,0.000000000000e+00,0.000000000000e+00,0.000000000000e+00,0.000000000000e+00,8.708690503877e-04,9.492472649226e-02,2.727857074360e+02,2.584033508301e+02,0.000000000000e+00,5.167417316131e-01,1.867013652285e+03,5.550277369966e+04,1.090000000000e+02
1.030000000000e+03,1.033450118195e+08,1.198598725896e+03,4.624870179342e+05,3.292231373581e-01,2.322016957364e+02,-1.984248352013e-04,-2.162830703694e-02,0.000000000000e+00,1.957344145250e+03,2.107195946922e+03,0.000000000000e+00,0.000000000000e+00,0.000000000000e+00,0.000000000000e+00,8.523757455312e-04,9.290895626290e-02,2.727769620448e+02,2.589501037598e+02,0.000000000000e+00,5.218506916284e-01,1.957344145250e+03,5.550274978751e+04,1.090000000000e+02
1.031000000000e+03,1.033428721807e+08,1.352136303283e+03,4.711283333689e+05,3.336340739812e-01,2.334132548391e+02,-1.909140116118e-04,-2.080962726569e-02,0.000000000000e+00,1.986103093676e+03,2.139640671064e+03,0.000000000000e+00,0.000000000000e+00,0.000000000000e+00,0.000000000000e+00,1.237526218754e-03,1.348903578442e-01,2.727582908275e+02,2.585108337402e+02,0.000000000000e+00,5.264491885642e-01,1.986103093676e+03,5.550269841862e+04,1.090000000000e+02
1.032000000000e+03,1.033407219248e+08,1.501731179669e+03,4.802079898321e+05,3.383590787077e-01,2.345894385304e+02,-1.869037799081e-04,-2.037251200999e-02,0.000000000000e+00,2.000660355638e+03,2.150255232025e+03,0.000000000000e+00,0.000000000000e+00,0.000000000000e+00,0.000000000000e+00,1.313942319925e-03,1.432197128718e-01,2.727526349081e+02,2.590639648438e+02,0.000000000000e+00,5.313216799005e-01,2.000660355638e+03,5.550268276618e+04,1.090000000000e+02
1.033000000000e+03,1.033391074578e+08,1.841011077355e+03,4.870213315756e+05,3.411012094272e-01,2.360055105746e+02,-1.805719123129e-04,-1.968233844210e-02,0.000000000000e+00,1.275189328665e+03,1.614469226351e+03,0.000000000000e+00,0.000000000000e+00,0.000000000000e+00,0.000000000000e+00,9.457229646508e-04,1.030838031469e-01,2.727333985638e+02,2.579129638672e+02,0.000000000000e+00,5.323208158164e-01,1.275189328665e+03,5.550262852401e+04,1.090000000000e+02
1.034000000000e+03,1.033372508807e+08,2.116355303231e+03,4.927406115311e+05,3.429079707051e-01,2.375191275262e+02,-1.594584301583e-04,-1.738096888726e-02,0.000000000000e+00,1.581233346023e+03,1.856577571898e+03,0.000000000000e+00,0.000000000000e+00,0.000000000000e+00,0.000000000000e+00,7.859704436150e-04,8.567077835404e-02,2.727190488402e+02,2.584201660156e+02,0.000000000000e+00,5.360819500757e-01,1.581233346023e+03,5.550258833197e+04,1.090000000000e+02
1.035000000000e+03,1.033353360185e+08,2.375229910527e+03,4.985677502797e+05,3.448292979757e-01,2.389891643210e+02,-1.454528243308e-04,-1.585435785206e-02,0.000000000000e+00,1.655988501544e+03,1.914863108838e+03,0.000000000000e+00,0.000000000000e+00,0.000000000000e+00,0.000000000000e+00,8.178060626804e-04,8.914086083217e-02,2.727054191885e+02,2.589536132812e+02,0.000000000000e+00,5.405063010517e-01,1.655988501544e+03,5.550254991352e+04,1.090000000000e+02
1.036000000000e+03,1.033333926469e+08,2.630551742749e+03,5.051662813828e+05,3.474639652437e-01,2.403162523505e+02,-1.609457016984e-04,-1.754308148513e-02,0.000000000000e+00,1.688049135893e+03,1.943370968113e+03,0.000000000000e+00,0.000000000000e+00,0.000000000000e+00,0.000000000000e+00,9.298211485680e-04,1.013505051939e-01,2.726917755831e+02,2.585171508789e+02,0.000000000000e+00,5.452332698017e-01,1.688049135893e+03,5.550251122300e+04,1.090000000000e+02
1.037000000000e+03,1.033315571917e+08,3.023217311178e+03,5.114774876620e+05,3.498189612170e-01,2.416808965988e+02,-1.620100322699e-04,-1.765909351742e-02,0.000000000000e+00,1.442790337495e+03,1.835455905923e+03,0.000000000000e+00,0.000000000000e+00,0.000000000000e+00,0.000000000000e+00,8.813169135692e-04,9.606354357905e-02,2.726689374776e+02,2.571536254883e+02,0.000000000000e+00,5.491661126900e-01,1.442790337495e+03,5.550244492746e+04,1.090000000000e+02
1.038000000000e+03,1.033297475529e+08,3.459533359122e+03,5.175909666644e+05,3.520604021395e-01,2.430130748718e+02,-1.343550608825e-04,-1.464470163619e-02,0.000000000000e+00,1.373321986472e+03,1.809638034418e+03,0.000000000000e+00,0.000000000000e+00,0.000000000000e+00,0.000000000000e+00,8.763566978871e-04,9.552288006970e-02,2.726282117656e+02,2.567618103027e+02,0.000000000000e+00,5.535134518103e-01,1.373321986472e+03,5.550232690148e+04,1.090000000000e+02
1.039000000000e+03,1.033279091896e+08,3.918118425028e+03,5.237021144731e+05,3.542888573234e-01,2.443365656667e+02,-1.201889972656e-04,-1.310060070195e-02,0.000000000000e+00,1.379776175301e+03,1.838361241206e+03,0.000000000000e+00,0.000000000000e+00,0.000000000000e+00,0.000000000000e+00,8.902508804304e-04,9.703734596691e-02,2.725662078766e+02,2.555773773193e+02,0.000000000000e+00,5.597018085734e-01,1.379776175301e+03,5.550214328736e+04,1.090000000000e+02
1.040000000000e+03,1.033260622902e+08,4.388172033084e+03,5.287350453239e+05,3.556216730189e-01,2.457606065936e+02,-1.139127589379e-04,-1.241649072423e-02,0.000000000000e+00,1.376845083220e+03,1.846898691276e+03,0.000000000000e+00,0.000000000000e+00,0.000000000000e+00,0.000000000000e+00,7.181564829693e-04,7.827905664365e-02,2.725363267873e+02,2.548891906738e+02,0.000000000000e+00,5.640521105120e-01,1.376845083220e+03,5.550205307946e+04,1.090000000000e+02
1.041000000000e+03,1.033243327351e+08,5.094640053973e+03,5.329692068485e+05,3.563191768969e-01,2.472439549274e+02,-1.132290789240e-04,-1.234196960272e-02,0.000000000000e+00,1.023089005574e+03,1.729557026457e+03,0.000000000000e+00,0.000000000000e+00,0.000000000000e+00,0.000000000000e+00,5.867321739726e-04,6.395380696302e-02,2.725238523800e+02,2.553917236328e+02,0.000000000000e+00,5.691359730761e-01,1.023089005574e+03,5.550201332075e+04,1.090000000000e+02
1.042000000000e+03,1.033225563787e+08,5.666564156734e+03,5.370211576662e+05,3.569045239545e-01,2.487150516836e+02,-1.088099879597e-04,-1.186028868760e-02,0.000000000000e+00,1.204432581918e+03,1.776356684676e+03,0.000000000000e+00,0.000000000000e+00,0.000000000000e+00,0.000000000000e+00,5.609486777413e-04,6.114340587381e-02,2.725274059741e+02,2.556392517090e+02,0.000000000000e+00,5.730466200306e-01,1.204432581918e+03,5.550202419200e+04,1.090000000000e+02
1.043000000000e+03,1.033207673955e+08,6.188177323592e+03,5.415718062914e+05,3.579491258677e-01,2.500905994898e+02,-9.326505590312e-05,-1.016589109344e-02,0.000000000000e+00,1.267370565200e+03,1.788983732055e+03,0.000000000000e+00,0.000000000000e+00,0.000000000000e+00,0.000000000000e+00,6.589121856180e-04,7.182142823236e-02,2.725335162002e+02,2.564550170898e+02,0.000000000000e+00,5.777550160876e-01,1.267370565200e+03,5.550204283705e+04,1.090000000000e+02
1.044000000000e+03,1.033190923755e+08,6.910798690925e+03,5.473242755650e+05,3.600126650064e-01,2.512983185356e+02,-1.122243263744e-04,-1.223245157481e-02,0.000000000000e+00,9.523986194291e+02,1.675019986761e+03,0.000000000000e+00,0.000000000000e+00,0.000000000000e+00,0.000000000000e+00,8.386449101512e-04,9.141229520648e-02,2.725349830684e+02,2.569036560059e+02,0.000000000000e+00,5.813042547768e-01,9.523986194291e+02,5.550204560992e+04,1.090000000000e+02
1.045000000000e+03,1.033173849237e+08,7.570807041671e+03,5.541650589179e+05,3.629801916097e-01,2.523594877977e+02,-1.476165476274e-04,-1.609020369139e-02,0.000000000000e+00,1.047445280934e+03,1.707453631678e+03,0.000000000000e+00,0.000000000000e+00,0.000000000000e+00,0.000000000000e+00,9.832964346898e-04,1.071793113812e-01,2.725046745635e+02,2.563990478516e+02,0.000000000000e+00,5.864956234173e-01,1.047445280934e+03,5.550195275349e+04,1.090000000000e+02
1.046000000000e+03,1.033156722155e+08,8.275481830236e+03,5.603720871531e+05,3.654337066825e-01,2.534737246859e+02,-1.630957659336e-04,-1.777743848676e-02,0.000000000000e+00,1.008034270478e+03,1.712709059042e+03,0.000000000000e+00,0.000000000000e+00,0.000000000000e+00,0.000000000000e+00,8.632470739562e-04,9.409393106123e-02,2.724396962848e+02,2.548158111572e+02,0.000000000000e+00,5.920334628213e-01,1.008034270478e+03,5.550174988217e+04,1.090000000000e+02
1.047000000000e+03,1.033140515416e+08,9.223460603217e+03,5.659956131998e+05,3.673889720654e-01,2.546557273325e+02,-1.456551454609e-04,-1.587641085524e-02,0.000000000000e+00,6.726944773018e+02,1.620673250280e+03,0.000000000000e+00,0.000000000000e+00,0.000000000000e+00,0.000000000000e+00,7.842101866219e-04,8.547891034178e-02,2.723844139110e+02,2.542895660400e+02,0.000000000000e+00,5.976771639878e-01,6.726944773018e+02,5.550157081540e+04,1.090000000000e+02
1.048000000000e+03,1.033124138421e+08,1.010316741564e+04,5.714047721309e+05,3.692157728917e-01,2.558181187313e+02,-1.229895653285e-04,-1.340586262081e-02,0.000000000000e+00,7.579907378252e+02,1.637697550239e+03,0.000000000000e+00,0.000000000000e+00,0.000000000000e+00,0.000000000000e+00,7.713847578538e-04,8.408093860607e-02,2.723394874565e+02,2.535805053711e+02,0.000000000000e+00,6.033807931580e-01,7.579907378252e+02,5.550142451206e+04,1.090000000000e+02
1.049000000000e+03,1.033108004193e+08,1.104346346837e+04,5.763098448110e+05,3.706168178466e-01,2.570390581298e+02,-1.070528681743e-04,-1.166876263100e-02,0.000000000000e+00,6.731266937620e+02,1.613422746497e+03,0.000000000000e+00,0.000000000000e+00,0.000000000000e+00,0.000000000000e+00,7.038605890324e-04,7.672080420453e-02,2.723215684681e+02,2.533937225342e+02,0.000000000000e+00,6.090443038636e-01,6.731266937620e+02,5.550136259226e+04,1.090000000000e+02
1.050000000000e+03,1.033092189035e+08,1.202678564456e+04,5.819690753651e+05,3.726610643290e-01,2.581395587690e+02,-8.933497533170e-05,-9.737512311155e-03,0.000000000000e+00,5.981928043771e+02,1.581514980560e+03,0.000000000000e+00,0.000000000000e+00,0.000000000000e+00,0.000000000000e+00,8.462276976601e-04,9.223881904495e-02,2.723047300647e+02,2.537482757568e+02,0.000000000000e+00,6.144530381543e-01,5.981928043771e+02,5.550130710593e+04,1.090000000000e+02
1.051000000000e+03,1.033076265932e+08,1.293914154776e+04,5.876430147552e+05,3.747228644377e-01,2.592228564508e+02,-8.628167607004e-05,-9.404702691635e-03,0.000000000000e+00,6.799532909299e+02,1.592309194132e+03,0.000000000000e+00,0.000000000000e+00,0.000000000000e+00,0.000000000000e+00,8.518792111272e-04,9.285483401287e-02,2.722590746058e+02,2.536108703613e+02,0.000000000000e+00,6.209625908739e-01,6.799532909299e+02,5.550115425693e+04,1.090000000000e+02
1.052000000000e+03,1.033060931537e+08,1.405040205251e+04,5.919262452531e+05,3.756594052620e-01,2.604620383648e+02,-1.035143889194e-04,-1.128306839222e-02,0.000000000000e+00,4.221793848417e+02,1.533439889595e+03,0.000000000000e+00,0.000000000000e+00,0.000000000000e+00,0.000000000000e+00,6.047837970155e-04,6.592143387469e-02,2.722163051165e+02,2.532135467529e+02,0.000000000000e+00,6.264240210692e-01,4.221793848417e+02,5.550100548337e+04,1.090000000000e+02
1.053000000000e+03,1.033045520131e+08,1.505748618515e+04,5.963411956874e+05,3.767437905174e-01,2.616497273975e+02,-1.171597999344e-04,-1.277041819285e-02,0.000000000000e+00,5.340595594429e+02,1.541143692090e+03,0.000000000000e+00,0.000000000000e+00,0.000000000000e+00,0.000000000000e+00,6.127382154272e-04,6.678846548156e-02,2.721998107882e+02,2.543534698486e+02,0.000000000000e+00,6.326408147785e-01,5.340595594429e+02,5.550094914100e+04,1.090000000000e+02
1.054000000000e+03,1.033030623655e+08,1.614088845045e+04,6.014408153253e+05,3.784001979343e-01,2.627317060438e+02,-1.240055188061e-04,-1.351660154986e-02,0.000000000000e+00,4.062458898328e+02,1.489648155127e+03,0.000000000000e+00,0.000000000000e+00,0.000000000000e+00,0.000000000000e+00,7.188125532244e-04,7.835056830146e-02,2.722252877190e+02,2.540127410889e+02,0.000000000000e+00,6.377884122742e-01,4.062458898328e+02,5.550103401493e+04,1.090000000000e+02
1.055000000000e+03,1.033015845878e+08,1.719339954632e+04,6.065586561802e+05,3.800624020994e-01,2.638089041113e+02,-1.432861012492e-04,-1.561818503617e-02,0.000000000000e+00,4.252689436108e+02,1.477780039484e+03,0.000000000000e+00,0.000000000000e+00,0.000000000000e+00,0.000000000000e+00,7.028291434935e-04,7.660837664079e-02,2.722035715405e+02,2.534426269531e+02,0.000000000000e+00,6.443388198824e-01,4.252689436108e+02,5.550095988098e+04,1.090000000000e+02
1.056000000000e+03,1.033001143171e+08,1.829048540386e+04,6.124890467681e+05,3.823919732893e-01,2.647663244352e+02,-1.498358160107e-04,-1.633210394517e-02,0.000000000000e+00,3.731849472709e+02,1.470270804810e+03,0.000000000000e+00,0.000000000000e+00,0.000000000000e+00,0.000000000000e+00,8.308326254481e-04,9.056075617385e-02,2.721456288911e+02,2.525922546387e+02,0.000000000000e+00,6.510105862554e-01,3.731849472709e+02,5.550075490195e+04,1.090000000000e+02
1.057000000000e+03,1.032986620385e+08,1.948487063239e+04,6.186166551215e+05,3.848756104182e-01,2.656904101011e+02,-1.287856680933e-04,-1.403763782217e-02,0.000000000000e+00,2.578932320333e+02,1.452278460559e+03,0.000000000000e+00,0.000000000000e+00,0.000000000000e+00,0.000000000000e+00,8.844531129212e-04,9.640538930841e-02,2.720936851470e+02,2.525356140137e+02,0.000000000000e+00,6.584409420586e-01,2.578932320333e+02,5.550057020157e+04,1.090000000000e+02
1.058000000000e+03,1.032972113578e+08,2.068667837872e+04,6.241767849356e+05,3.868736494366e-01,2.666947594102e+02,-1.090863913447e-04,-1.189041665657e-02,0.000000000000e+00,2.488736734225e+02,1.450681419760e+03,0.000000000000e+00,0.000000000000e+00,0.000000000000e+00,0.000000000000e+00,8.103267908027e-04,8.832562019750e-02,2.720472638250e+02,2.526210479736e+02,0.000000000000e+00,6.661266426688e-01,2.488736734225e+02,5.550040014496e+04,1.090000000000e+02
1.059000000000e+03,1.032957765486e+08,2.192447450391e+04,6.289201279706e+05,3.882820651104e-01,2.677469195067e+02,-1.029940329386e-04,-1.122634959030e-02,0.000000000000e+00,1.970133563194e+02,1.434809481504e+03,0.000000000000e+00,0.000000000000e+00,0.000000000000e+00,0.000000000000e+00,6.811536354514e-04,7.424574626420e-02,2.720376656632e+02,2.526845245361e+02,0.000000000000e+00,6.729963702023e-01,1.970133563194e+02,5.550036518046e+04,1.090000000000e+02
1.060000000000e+03,1.032943662973e+08,2.311908054956e+04,6.332785283539e+05,3.894045696694e-01,2.688251331826e+02,-1.072128645327e-04,-1.168620223406e-02,0.000000000000e+00,2.156468465374e+02,1.410252892189e+03,0.000000000000e+00,0.000000000000e+00,0.000000000000e+00,0.000000000000e+00,6.131917399967e-04,6.683789965964e-02,2.720445594752e+02,2.531290130615e+02,0.000000000000e+00,6.803024876237e-01,2.156468465374e+02,5.550038996335e+04,1.090000000000e+02
1.061000000000e+03,1.032929769624e+08,2.424239196138e+04,6.379162896720e+05,3.907210147803e-01,2.698820794124e+02,-1.179762702255e-04,-1.285941345457e-02,0.000000000000e+00,2.660236212697e+02,1.389335033086e+03,0.000000000000e+00,0.000000000000e+00,0.000000000000e+00,0.000000000000e+00,6.488831240394e-04,7.072826052030e-02,2.720111859264e+02,2.527994995117e+02,0.000000000000e+00,6.876568524680e-01,2.660236212697e+02,5.550026846291e+04,1.090000000000e+02
1.062000000000e+03,1.032916211424e+08,2.543725321570e+04,6.428520054327e+05,3.923249118868e-01,2.708594220653e+02,-1.232502809763e-04,-1.343428062641e-02,0.000000000000e+00,1.609591293619e+02,1.355820383682e+03,0.000000000000e+00,0.000000000000e+00,0.000000000000e+00,0.000000000000e+00,6.930458695708e-04,7.554199978321e-02,2.719538735009e+02,2.526025085449e+02,0.000000000000e+00,6.952433631921e-01,1.609591293619e+02,5.550005369000e+04,1.090000000000e+02
1.063000000000e+03,1.032902792548e+08,2.662284485665e+04,6.480115224492e+05,3.940880046871e-01,2.718124908714e+02,-1.321003007338e-04,-1.439893277999e-02,0.000000000000e+00,1.562972916341e+02,1.341888932589e+03,0.000000000000e+00,0.000000000000e+00,0.000000000000e+00,0.000000000000e+00,7.210416266915e-04,7.859353730937e-02,2.719187065723e+02,2.523730163574e+02,0.000000000000e+00,7.027144503931e-01,1.562972916341e+02,5.549992017963e+04,1.090000000000e+02
1.064000000000e+03,1.032890122084e+08,2.771819087865e+04,6.528940189431e+05,3.956788050542e-01,2.727594261154e+02,-1.261028064152e-04,-1.374520589925e-02,0.000000000000e+00,1.716997242685e+02,1.267045746272e+03,0.000000000000e+00,0.000000000000e+00,0.000000000000e+00,0.000000000000e+00,6.809766569201e-04,7.422645560429e-02,2.719199473964e+02,2.532419433594e+02,0.000000000000e+00,7.108821707474e-01,1.716997242685e+02,5.549992708835e+04,1.090000000000e+02
1.065000000000e+03,1.032877328338e+08,2.883758523971e+04,6.575028543357e+05,3.970098892421e-01,2.737655067033e+02,-1.007173230529e-04,-1.097818821277e-02,0.000000000000e+00,1.599809757202e+02,1.279375336771e+03,0.000000000000e+00,0.000000000000e+00,0.000000000000e+00,0.000000000000e+00,6.617697478526e-04,7.213290251593e-02,2.718362861653e+02,2.523300018311e+02,0.000000000000e+00,7.187996560042e-01,1.599809757202e+02,5.549960479351e+04,1.090000000000e+02
1.066000000000e+03,1.032864487057e+08,2.998275110361e+04,6.618698898808e+05,3.982031755277e-01,2.747590696775e+02,-8.941012369422e-05,-9.745703482669e-03,0.000000000000e+00,1.389623105627e+02,1.284128174465e+03,0.000000000000e+00,0.000000000000e+00,0.000000000000e+00,0.000000000000e+00,6.329060253606e-04,6.898675676431e-02,2.717813523013e+02,2.516966857910e+02,0.000000000000e+00,7.278359863169e-01,1.389623105627e+02,5.549938751959e+04,1.090000000000e+02
1.067000000000e+03,1.032851764998e+08,3.110900547236e+04,6.663933626324e+05,3.995017822308e-01,2.757379039782e+02,-1.080141577253e-04,-1.177354319206e-02,0.000000000000e+00,1.459526908522e+02,1.272207059609e+03,0.000000000000e+00,0.000000000000e+00,0.000000000000e+00,0.000000000000e+00,6.398324875362e-04,6.974174114145e-02,2.717694455428e+02,2.519540557861e+02,0.000000000000e+00,7.369357955083e-01,1.459526908522e+02,5.549933940498e+04,1.090000000000e+02
1.068000000000e+03,1.032839175441e+08,3.222023684976e+04,6.704031788999e+05,4.004525019429e-01,2.767390096265e+02,-1.152267199792e-04,-1.255971247774e-02,0.000000000000e+00,1.477248233020e+02,1.258956200695e+03,0.000000000000e+00,0.000000000000e+00,0.000000000000e+00,0.000000000000e+00,5.478137013837e-04,5.971169345083e-02,2.717446438302e+02,2.524174652100e+02,0.000000000000e+00,7.462516487207e-01,1.477248233020e+02,5.549923957278e+04,1.090000000000e+02
1.069000000000e+03,1.032826772098e+08,3.330054648019e+04,6.749591139296e+05,4.018067201853e-01,2.776799650735e+02,-1.229606493603e-04,-1.340271078028e-02,0.000000000000e+00,1.600257815229e+02,1.240335411956e+03,0.000000000000e+00,0.000000000000e+00,0.000000000000e+00,0.000000000000e+00,6.298858488323e-04,6.865755752272e-02,2.717789324919e+02,2.536688690186e+02,0.000000000000e+00,7.549201329468e-01,1.600257815229e+02,5.549937634604e+04,1.090000000000e+02
1.070000000000e+03,1.032814585917e+08,3.434574060042e+04,6.808571022474e+05,4.041580624961e-01,2.784765604318e+02,-1.485590290347e-04,-1.619293416478e-02,0.000000000000e+00,1.734241751574e+02,1.218618295391e+03,0.000000000000e+00,0.000000000000e+00,0.000000000000e+00,0.000000000000e+00,8.263126865259e-04,9.006808283132e-02,2.717909425852e+02,2.541053009033e+02,0.000000000000e+00,7.642130045457e-01,1.734241751574e+02,5.549942398188e+04,1.090000000000e+02
1.071000000000e+03,1.032802557262e+08,3.537813915850e+04,6.866411931387e+05,4.064658964208e-01,2.792479732881e+02,-1.386968967720e-04,-1.511796174815e-02,0.000000000000e+00,1.704664874914e+02,1.202865045565e+03,0.000000000000e+00,0.000000000000e+00,0.000000000000e+00,0.000000000000e+00,8.175324351029e-04,8.911103542622e-02,2.717797101094e+02,2.542877807617e+02,0.000000000000e+00,7.728339524730e-01,1.704664874914e+02,5.549937921426e+04,1.090000000000e+02
1.072000000000e+03,1.032790713120e+08,3.638866541465e+04,6.913956966223e+05,4.079638291679e-01,2.801490042267e+02,-1.109502507723e-04,-1.209357733418e-02,0.000000000000e+00,1.738887774740e+02,1.184415033624e+03,0.000000000000e+00,0.000000000000e+00,0.000000000000e+00,0.000000000000e+00,6.749294615687e-04,7.356731131099e-02,2.717873376505e+02,2.553469085693e+02,0.000000000000e+00,7.808547654874e-01,1.738887774740e+02,5.549940924633e+04,1.090000000000e+02
1.073000000000e+03,1.032779024085e+08,3.739072043741e+04,6.952458496905e+05,4.088089718002e-01,2.811275554018e+02,-1.096519888431e-04,-1.195206678389e-02,0.000000000000e+00,1.668497536380e+02,1.168904776398e+03,0.000000000000e+00,0.000000000000e+00,0.000000000000e+00,0.000000000000e+00,5.271510247950e-04,5.745946170265e-02,2.717444921360e+02,2.539951934814e+02,0.000000000000e+00,7.911991574786e-01,1.668497536380e+02,5.549923780114e+04,1.090000000000e+02
1.074000000000e+03,1.032767485215e+08,3.839713017063e+04,6.992214151610e+05,4.097620850087e-01,2.820787955204e+02,-1.109611151362e-04,-1.209476154985e-02,0.000000000000e+00,1.474787812502e+02,1.153888514469e+03,0.000000000000e+00,0.000000000000e+00,0.000000000000e+00,0.000000000000e+00,5.467662063975e-04,5.959751649733e-02,2.716803433178e+02,2.536811370850e+02,0.000000000000e+00,8.029666021414e-01,1.474787812502e+02,5.549897664081e+04,1.090000000000e+02
1.075000000000e+03,1.032756062793e+08,3.940369921782e+04,7.036531356118e+05,4.110872758155e-01,2.829527515742e+02,-1.043565712445e-04,-1.137486626565e-02,0.000000000000e+00,1.356745695756e+02,1.142243616772e+03,0.000000000000e+00,0.000000000000e+00,0.000000000000e+00,0.000000000000e+00,6.287241961039e-04,6.853093737533e-02,2.716242870115e+02,2.542044982910e+02,0.000000000000e+00,8.129833867866e-01,1.356745695756e+02,5.549874382045e+04,1.090000000000e+02
1.076000000000e+03,1.032744750295e+08,4.041587387144e+04,7.088188384762e+05,4.129317643981e-01,2.837586086124e+02,-1.014282399459e-04,-1.105567815410e-02,0.000000000000e+00,1.190743654872e+02,1.131249019105e+03,0.000000000000e+00,0.000000000000e+00,0.000000000000e+00,0.000000000000e+00,7.532356449616e-04,8.210268530081e-02,2.715416115497e+02,2.526791687012e+02,0.000000000000e+00,8.238225560254e-01,1.190743654872e+02,5.549839356736e+04,1.090000000000e+02
1.077000000000e+03,1.032733512851e+08,4.145418620606e+04,7.133771792125e+05,4.143425896461e-01,2.846144952360e+02,-8.915033800180e-05,-9.717386842196e-03,0.000000000000e+00,8.543164832612e+01,1.123743982946e+03,0.000000000000e+00,0.000000000000e+00,0.000000000000e+00,0.000000000000e+00,6.658117861234e-04,7.257348468745e-02,2.713878528319e+02,2.513524322510e+02,0.000000000000e+00,8.359753934570e-01,8.543164832612e+01,5.549771960563e+04,1.090000000000e+02
1.078000000000e+03,1.032722342937e+08,4.250662773410e+04,7.163962686959e+05,4.146307766869e-01,2.856232181412e+02,-7.635224418936e-05,-8.322394616641e-03,0.000000000000e+00,6.454938245264e+01,1.116990910496e+03,0.000000000000e+00,0.000000000000e+00,0.000000000000e+00,0.000000000000e+00,4.239156274044e-04,4.620680338708e-02,2.712665403650e+02,2.503384704590e+02,0.000000000000e+00,8.506093390792e-01,6.454938245264e+01,5.549716596529e+04,1.090000000000e+02
1.079000000000e+03,1.032711351174e+08,4.353441767152e+04,7.199925265349e+05,4.153508260517e-01,2.865590223125e+02,-9.253272606365e-05,-1.008606714094e-02,0.000000000000e+00,7.138548138687e+01,1.099175418803e+03,0.000000000000e+00,0.000000000000e+00,0.000000000000e+00,0.000000000000e+00,5.018123643604e-04,5.469754771529e-02,2.712825006712e+02,2.508208923340e+02,0.000000000000e+00,8.653209906322e-01,7.138548138687e+01,5.549723812807e+04,1.090000000000e+02
1.080000000000e+03,1.032700621734e+08,4.451863833531e+04,7.249467220437e+05,4.171035874258e-01,2.873169611465e+02,-1.152803454371e-04,-1.256555765265e-02,0.000000000000e+00,8.872567253937e+01,1.072946336326e+03,0.000000000000e+00,0.000000000000e+00,0.000000000000e+00,0.000000000000e+00,7.031262380030e-04,7.664075994233e-02,2.713410043649e+02,2.522371978760e+02,0.000000000000e+00,8.768136555312e-01,8.872567253937e+01,5.549750510949e+04,1.090000000000e+02
1.081000000000e+03,1.032690169231e+08,4.544948968149e+04,7.301502129824e+05,4.189934540755e-01,2.880722089270e+02,-1.134867149359e-04,-1.237005192801e-02,0.000000000000e+00,1.144007579107e+02,1.045252104092e+03,0.000000000000e+00,0.000000000000e+00,0.000000000000e+00,0.000000000000e+00,7.459458344636e-04,8.130809595653e-02,2.714185810934e+02,2.537629241943e+02,0.000000000000e+00,8.879393763220e-01,1.144007579107e+02,5.549785341634e+04,1.090000000000e+02
1.082000000000e+03,1.032680222556e+08,4.631495184602e+04,7.352486200357e+05,4.207918544982e-01,2.888428701833e+02,-1.086169014146e-04,-1.183924225419e-02,0.000000000000e+00,1.292057773295e+02,9.946679418618e+02,0.000000000000e+00,0.000000000000e+00,0.000000000000e+00,0.000000000000e+00,7.337381763092e-04,7.997746121771e-02,2.714660767719e+02,2.542690124512e+02,0.000000000000e+00,9.003396017215e-01,1.292057773295e+02,5.549806276757e+04,1.090000000000e+02
1.083000000000e+03,1.032670629698e+08,4.714907033347e+04,7.414810384223e+05,4.234594305987e-01,2.894567060929e+02,-1.298508096102e-04,-1.415373824752e-02,0.000000000000e+00,1.251681578522e+02,9.592866453010e+02,0.000000000000e+00,0.000000000000e+00,0.000000000000e+00,0.000000000000e+00,9.005928991914e-04,9.816462601186e-02,2.714484835720e+02,2.540317077637e+02,0.000000000000e+00,9.119634238387e-01,1.251681578522e+02,5.549798547176e+04,1.090000000000e+02
1.084000000000e+03,1.032661233440e+08,4.797421798065e+04,7.474262220787e+05,4.258661347855e-01,2.901291297272e+02,-1.288085583061e-04,-1.404013285537e-02,0.000000000000e+00,1.144787144049e+02,9.396263615907e+02,0.000000000000e+00,0.000000000000e+00,0.000000000000e+00,0.000000000000e+00,8.541892391283e-04,9.310662706499e-02,2.714275432910e+02,2.541607360840e+02,0.000000000000e+00,9.219930253388e-01,1.144787144049e+02,5.549789308326e+04,1.090000000000e+02
1.085000000000e+03,1.032652046443e+08,4.879248185018e+04,7.529619338167e+05,4.280177632332e-01,2.908101737364e+02,-1.217108714730e-04,-1.326648499056e-02,0.000000000000e+00,1.004359602005e+02,9.186998297269e+02,0.000000000000e+00,0.000000000000e+00,0.000000000000e+00,0.000000000000e+00,7.940372434430e-04,8.655005953529e-02,2.713633078052e+02,2.529650726318e+02,0.000000000000e+00,9.324009973881e-01,1.004359602005e+02,5.549760633865e+04,1.090000000000e+02
1.086000000000e+03,1.032643056039e+08,4.960806519849e+04,7.584694943474e+05,4.301266621021e-01,2.915024848692e+02,-1.196185690131e-04,-1.303842402243e-02,0.000000000000e+00,8.345591607043e+01,8.990392643782e+02,0.000000000000e+00,0.000000000000e+00,0.000000000000e+00,0.000000000000e+00,7.914505640083e-04,8.626811147691e-02,2.713035421274e+02,2.524856262207e+02,0.000000000000e+00,9.453623724146e-01,8.345591607043e+01,5.549733467625e+04,1.090000000000e+02
1.087000000000e+03,1.032634299637e+08,5.040516852293e+04,7.634962724701e+05,4.318899362002e-01,2.922372371586e+02,-1.113082799917e-04,-1.213260251910e-02,0.000000000000e+00,7.853491151739e+01,8.756382359565e+02,0.000000000000e+00,0.000000000000e+00,0.000000000000e+00,0.000000000000e+00,7.200226831886e-04,7.848247246756e-02,2.712703656938e+02,2.527892150879e+02,0.000000000000e+00,9.543617354214e-01,7.853491151739e+01,5.549718163444e+04,1.090000000000e+02
1.088000000000e+03,1.032625751635e+08,5.118888972856e+04,7.684054921123e+05,4.335945425847e-01,2.929616955126e+02,-1.081598280702e-04,-1.178942125965e-02,0.000000000000e+00,7.107635656411e+01,8.547975621927e+02,0.000000000000e+00,0.000000000000e+00,0.000000000000e+00,0.000000000000e+00,7.041097339787e-04,7.674796100367e-02,2.712030788832e+02,2.516610565186e+02,0.000000000000e+00,9.624363555174e-01,7.107635656411e+01,5.549686747545e+04,1.090000000000e+02
1.089000000000e+03,1.032616993766e+08,5.200188515377e+04,7.724590749369e+05,4.346548221458e-01,2.937901337608e+02,-1.070931841131e-04,-1.167315706833e-02,0.000000000000e+00,6.279239127278e+01,8.757878164823e+02,0.000000000000e+00,0.000000000000e+00,0.000000000000e+00,0.000000000000e+00,5.636133320914e-04,6.143385319797e-02,2.711475418244e+02,2.513882751465e+02,0.000000000000e+00,9.733347717843e-01,6.279239127278e+01,5.549660810345e+04,1.090000000000e+02
1.090000000000e+03,1.032608374918e+08,5.280512774052e+04,7.757731326164e+05,4.352106904451e-01,2.946747782247e+02,-1.021779406258e-04,-1.113739552821e-02,0.000000000000e+00,5.864025587922e+01,8.618828426305e+02,0.000000000000e+00,0.000000000000e+00,0.000000000000e+00,0.000000000000e+00,4.461372772347e-04,4.862896321859e-02,2.711063070171e+02,2.516314849854e+02,0.000000000000e+00,9.814643471941e-01,5.864025587922e+01,5.549641073832e+04,1.090000000000e+02
1.091000000000e+03,1.032599968836e+08,5.358814561994e+04,7.788143281485e+05,4.356103289948e-01,2.955591973685e+02,-1.090923612019e-04,-1.189106737101e-02,0.000000000000e+00,5.758671058836e+01,8.406045900099e+02,0.000000000000e+00,0.000000000000e+00,0.000000000000e+00,0.000000000000e+00,3.939274707519e-04,4.293809431196e-02,2.710820580818e+02,2.525847625732e+02,0.000000000000e+00,9.894047165108e-01,5.758671058836e+01,5.549629338899e+04,1.090000000000e+02
1.092000000000e+03,1.032591755392e+08,5.435072261645e+04,7.827842753529e+05,4.366957139523e-01,2.963275534405e+02,-1.236910189679e-04,-1.348232106751e-02,0.000000000000e+00,5.876448431416e+01,8.213414808252e+02,0.000000000000e+00,0.000000000000e+00,0.000000000000e+00,0.000000000000e+00,5.326385490636e-04,5.805760184793e-02,2.710781573272e+02,2.525290985107e+02,0.000000000000e+00,9.971050638916e-01,5.876448431416e+01,5.549627455226e+04,1.090000000000e+02
1.093000000000e+03,1.032583719385e+08,5.509646083839e+04,7.879361325608e+05,4.386316128878e-01,2.969619196075e+02,-1.344237226115e-04,-1.465218576465e-02,0.000000000000e+00,5.786237485398e+01,8.036005967965e+02,0.000000000000e+00,0.000000000000e+00,0.000000000000e+00,0.000000000000e+00,7.174881607720e-04,7.820620952415e-02,2.710573552408e+02,2.516068267822e+02,0.000000000000e+00,1.004427445520e+00,5.786237485398e+01,5.549617327908e+04,1.090000000000e+02
1.094000000000e+03,1.032575823949e+08,5.583386865336e+04,7.936031528927e+05,4.408526403715e-01,2.975922924791e+02,-1.198251588854e-04,-1.306094231851e-02,0.000000000000e+00,5.213564026113e+01,7.895434552278e+02,0.000000000000e+00,0.000000000000e+00,0.000000000000e+00,0.000000000000e+00,8.176366049963e-04,8.912238994459e-02,2.710040156341e+02,2.512489471436e+02,0.000000000000e+00,1.012564319123e+00,5.213564026113e+01,5.549591059047e+04,1.090000000000e+02
1.095000000000e+03,1.032568071732e+08,5.655744478230e+04,7.997971722034e+05,4.434100921460e-01,2.981853831694e+02,-1.401243830112e-04,-1.527355774822e-02,0.000000000000e+00,5.164229419455e+01,7.752184231383e+02,0.000000000000e+00,0.000000000000e+00,0.000000000000e+00,0.000000000000e+00,8.839335093053e-04,9.634875251428e-02,2.709960700429e+02,2.519989776611e+02,0.000000000000e+00,1.019671603229e+00,5.164229419455e+01,5.549587099794e+04,1.090000000000e+02
1.096000000000e+03,1.032560483071e+08,5.726258522802e+04,8.063124855356e+05,4.464011628396e-01,2.986004247634e+02,-1.814856946904e-04,-1.978194072126e-02,0.000000000000e+00,5.372423095111e+01,7.588646766646e+02,0.000000000000e+00,0.000000000000e+00,0.000000000000e+00,0.000000000000e+00,8.956815842725e-04,9.762929268570e-02,2.709887590639e+02,2.520103759766e+02,0.000000000000e+00,1.027036149087e+00,5.372423095111e+01,5.549583451092e+04,1.090000000000e+02
1.097000000000e+03,1.032553047979e+08,5.795170682883e+04,8.122643261720e+05,4.486681731507e-01,2.992846225301e+02,-1.943077702596e-04,-2.117954695829e-02,0.000000000000e+00,5.438624397229e+01,7.435078447893e+02,0.000000000000e+00,0.000000000000e+00,0.000000000000e+00,0.000000000000e+00,7.896023542003e-04,8.606665660783e-02,2.709907356262e+02,2.526075439453e+02,0.000000000000e+00,1.035320438470e+00,5.438624397229e+01,5.549584434900e+04,1.090000000000e+02
1.098000000000e+03,1.032545762373e+08,5.862765152065e+04,8.165506867017e+05,4.499140898045e-01,3.000315262817e+02,-1.693362940162e-04,-1.845765604776e-02,0.000000000000e+00,5.261333774166e+01,7.285580295591e+02,0.000000000000e+00,0.000000000000e+00,0.000000000000e+00,0.000000000000e+00,5.395882479005e-04,5.881511902116e-02,2.709641049940e+02,2.526165313721e+02,0.000000000000e+00,1.040786554006e+00,5.261333774166e+01,5.549571136409e+04,1.090000000000e+02
1.099000000000e+03,1.032538612226e+08,5.929353318064e+04,8.212798153416e+05,4.514723869937e-01,3.007283770741e+02,-1.249239234615e-04,-1.361670765731e-02,0.000000000000e+00,4.913127985184e+01,7.150129398435e+02,0.000000000000e+00,0.000000000000e+00,0.000000000000e+00,0.000000000000e+00,6.572673002538e-04,7.164213572767e-02,2.709359581967e+02,2.526100158691e+02,0.000000000000e+00,1.049746502197e+00,4.913127985184e+01,5.549556977510e+04,1.090000000000e+02
1.100000000000e+03,1.032531571788e+08,5.995939217225e+04,8.266916185328e+05,4.535431770628e-01,3.013312577993e+02,-1.131446617633e-04,-1.233276813220e-02,0.000000000000e+00,3.818351779423e+01,7.040425093999e+02,0.000000000000e+00,0.000000000000e+00,0.000000000000e+00,0.000000000000e+00,7.830314241560e-04,8.535042523300e-02,2.708158450970e+02,2.508502655029e+02,0.000000000000e+00,1.057406407356e+00,3.818351779423e+01,5.549495355557e+04,1.090000000000e+02
1.101000000000e+03,1.032524600828e+08,6.063370076680e+04,8.321057325411e+05,4.556539995700e-01,3.019036285256e+02,-1.187877582379e-04,-1.294786564794e-02,0.000000000000e+00,2.278609237965e+01,6.970946869358e+02,0.000000000000e+00,0.000000000000e+00,0.000000000000e+00,0.000000000000e+00,7.780708096297e-04,8.480971824964e-02,2.706783370568e+02,2.500630798340e+02,0.000000000000e+00,1.064547756224e+00,2.278609237965e+01,5.549422435016e+04,1.090000000000e+02
1.102000000000e+03,1.032517717167e+08,6.130493079613e+04,8.378623165898e+05,4.578986658464e-01,3.025048283672e+02,-1.269592922654e-04,-1.383856285693e-02,0.000000000000e+00,1.713531658794e+01,6.883653459109e+02,0.000000000000e+00,0.000000000000e+00,0.000000000000e+00,0.000000000000e+00,8.260023801892e-04,9.003425944062e-02,2.705844945734e+02,2.503898010254e+02,0.000000000000e+00,1.075991154962e+00,1.713531658794e+01,5.549371132225e+04,1.090000000000e+02
1.103000000000e+03,1.032510955923e+08,6.195951842477e+04,8.422175348448e+05,4.591887981173e-01,3.032229710804e+02,-1.328276874321e-04,-1.447821793009e-02,0.000000000000e+00,2.153443140865e+01,6.761220600572e+02,0.000000000000e+00,0.000000000000e+00,0.000000000000e+00,0.000000000000e+00,5.872042237603e-04,6.400526038987e-02,2.705832927884e+02,2.510000000000e+02,0.000000000000e+00,1.083156328314e+00,2.153443140865e+01,5.549370296216e+04,1.090000000000e+02
1.104000000000e+03,1.032504348513e+08,6.259540016239e+04,8.460491782504e+05,4.602736644792e-01,3.038848448483e+02,-1.293918423031e-04,-1.410371081104e-02,0.000000000000e+00,2.485941179321e+01,6.607411494118e+02,0.000000000000e+00,0.000000000000e+00,0.000000000000e+00,0.000000000000e+00,5.042062794498e-04,5.495848446003e-02,2.705732244061e+02,2.510683288574e+02,0.000000000000e+00,1.092593052235e+00,2.485941179321e+01,5.549364569406e+04,1.090000000000e+02
1.105000000000e+03,1.032497884279e+08,6.321653480662e+04,8.503034782366e+05,4.614185625573e-01,3.046552662903e+02,-1.263785278577e-04,-1.377525953649e-02,0.000000000000e+00,2.528670883791e+01,6.464213530665e+02,0.000000000000e+00,0.000000000000e+00,0.000000000000e+00,0.000000000000e+00,5.770241601639e-04,6.289563345787e-02,2.705682571218e+02,2.517420959473e+02,0.000000000000e+00,1.098397755652e+00,2.528670883791e+01,5.549361665581e+04,1.090000000000e+02
1.106000000000e+03,1.032491549056e+08,6.383264578446e+04,8.539353873723e+05,4.622613719408e-01,3.054018213060e+02,-1.100429417947e-04,-1.199468065562e-02,0.000000000000e+00,1.741077874925e+01,6.335217565825e+02,0.000000000000e+00,0.000000000000e+00,0.000000000000e+00,0.000000000000e+00,4.918249843547e-04,5.360892329467e-02,2.704680507576e+02,2.507825164795e+02,0.000000000000e+00,1.106923914260e+00,1.741077874925e+01,5.549305326088e+04,1.090000000000e+02
1.107000000000e+03,1.032485340252e+08,6.443791457208e+04,8.575025895114e+05,4.630565191105e-01,3.061512901110e+02,-9.752064035439e-05,-1.062974979863e-02,0.000000000000e+00,1.561154151820e+01,6.208803291390e+02,0.000000000000e+00,0.000000000000e+00,0.000000000000e+00,0.000000000000e+00,4.923635702081e-04,5.366762915268e-02,2.704587097195e+02,2.513494567871e+02,0.000000000000e+00,1.116000324240e+00,1.561154151820e+01,5.549299789900e+04,1.090000000000e+02
1.108000000000e+03,1.032479299620e+08,6.502125479427e+04,8.618039397418e+05,4.644068747973e-01,3.067923347923e+02,-1.175326006081e-04,-1.281105346628e-02,0.000000000000e+00,2.072319272000e+01,6.040634149132e+02,0.000000000000e+00,0.000000000000e+00,0.000000000000e+00,0.000000000000e+00,5.935848070947e-04,6.470074397332e-02,2.704591725268e+02,2.517384948730e+02,0.000000000000e+00,1.122338987498e+00,2.072319272000e+01,5.549299712782e+04,1.090000000000e+02
1.109000000000e+03,1.032473415264e+08,6.559060932295e+04,8.665417923024e+05,4.659963399455e-01,3.074278579307e+02,-1.555182819738e-04,-1.695149273514e-02,0.000000000000e+00,1.908193181159e+01,5.884364604917e+02,0.000000000000e+00,0.000000000000e+00,0.000000000000e+00,0.000000000000e+00,6.282667602019e-04,6.848107686201e-02,2.704255282291e+02,2.516017303467e+02,0.000000000000e+00,1.132514782531e+00,1.908193181159e+01,5.549280111716e+04,1.090000000000e+02
1.110000000000e+03,1.032467687937e+08,6.614680213381e+04,8.704462298652e+05,4.670265094312e-01,3.081331655306e+02,-1.577826519563e-04,-1.719830906324e-02,0.000000000000e+00,1.654077520569e+01,5.727335860614e+02,0.000000000000e+00,0.000000000000e+00,0.000000000000e+00,0.000000000000e+00,4.883169646536e-04,5.322654914724e-02,2.703862397312e+02,2.519206085205e+02,0.000000000000e+00,1.137064940539e+00,1.654077520569e+01,5.549256985768e+04,1.090000000000e+02
1.111000000000e+03,1.032462121422e+08,6.668739238061e+04,8.741385677486e+05,4.679421337980e-01,3.088358186936e+02,-1.499897861726e-04,-1.634888669282e-02,0.000000000000e+00,1.606056457617e+01,5.566508113779e+02,0.000000000000e+00,0.000000000000e+00,0.000000000000e+00,0.000000000000e+00,4.609445691760e-04,5.024295804019e-02,2.703544470244e+02,2.518365478516e+02,0.000000000000e+00,1.147549292772e+00,1.606056457617e+01,5.549237879254e+04,1.090000000000e+02
1.112000000000e+03,1.032456704530e+08,6.721931601492e+04,8.792423276401e+05,4.698276637383e-01,3.093956800320e+02,-1.493969038728e-04,-1.628426252214e-02,0.000000000000e+00,9.766100223987e+00,5.416897345401e+02,0.000000000000e+00,0.000000000000e+00,0.000000000000e+00,0.000000000000e+00,6.959582871532e-04,7.585945329970e-02,2.702540252535e+02,2.510751037598e+02,0.000000000000e+00,1.154503098033e+00,9.766100223987e+00,5.549177813835e+04,1.090000000000e+02
1.113000000000e+03,1.032451409892e+08,6.774825567298e+04,8.844668171527e+05,4.718697757898e-01,3.098930537076e+02,-1.276426230521e-04,-1.391304591268e-02,0.000000000000e+00,5.242636291347e-01,5.294639216845e+02,0.000000000000e+00,0.000000000000e+00,0.000000000000e+00,0.000000000000e+00,7.388725911860e-04,8.053711243927e-02,2.700835231475e+02,2.503266143799e+02,0.000000000000e+00,1.161452739196e+00,5.242636291347e-01,5.549072976914e+04,1.090000000000e+02
1.114000000000e+03,1.032446266044e+08,6.826264052973e+04,8.881463157580e+05,4.729133469380e-01,3.104988111203e+02,-1.233432342441e-04,-1.344441253261e-02,0.000000000000e+00,0.000000000000e+00,5.143848567527e+02,0.000000000000e+00,0.000000000000e+00,0.000000000000e+00,0.000000000000e+00,4.865217851148e-04,5.303087457751e-02,2.699935128588e+02,2.501602478027e+02,0.000000000000e+00,1.171810657931e+00,0.000000000000e+00,5.549015136444e+04,1.090000000000e+02
1.115000000000e+03,1.032441291164e+08,6.876012850061e+04,8.909861640629e+05,4.730898961898e-01,3.113773833926e+02,-1.295885252126e-04,-1.412514924818e-02,0.000000000000e+00,0.000000000000e+00,4.974879708828e+02,0.000000000000e+00,0.000000000000e+00,0.000000000000e+00,0.000000000000e+00,3.408716312573e-04,3.715500780705e-02,2.699406050771e+02,2.511623840332e+02,0.000000000000e+00,1.175333446402e+00,0.000000000000e+00,5.548979692904e+04,1.090000000000e+02
1.116000000000e+03,1.032436485986e+08,6.924064624647e+04,8.944825524457e+05,4.739511039386e-01,3.120336029296e+02,-1.433523455302e-04,-1.562540566279e-02,0.000000000000e+00,0.000000000000e+00,4.805177458556e+02,0.000000000000e+00,0.000000000000e+00,0.000000000000e+00,0.000000000000e+00,4.358230713671e-04,4.750471477902e-02,2.698793388310e+02,2.513104553223e+02,0.000000000000e+00,1.183105828976e+00,0.000000000000e+00,5.548938228304e+04,1.090000000000e+02
1.117000000000e+03,1.032433196530e+08,6.956959190787e+04,8.985395493582e+05,4.750413158287e-01,3.127340423735e+02,-1.203738017500e-04,-1.312074439075e-02,0.000000000000e+00,0.000000000000e+00,3.289456613998e+02,0.000000000000e+00,0.000000000000e+00,0.000000000000e+00,0.000000000000e+00,5.525453506740e-04,6.022744322346e-02,2.697655178185e+02,2.510350799561e+02,0.000000000000e+00,1.186442169262e+00,0.000000000000e+00,5.548857705511e+04,1.090000000000e+02
1.118000000000e+03,1.032429644100e+08,6.992483493359e+04,9.030038150476e+05,4.767187486467e-01,3.131865710106e+02,-1.247208533981e-04,-1.359457302039e-02,0.000000000000e+00,0.000000000000e+00,3.552430257167e+02,0.000000000000e+00,0.000000000000e+00,0.000000000000e+00,0.000000000000e+00,6.155977771853e-04,6.710015771319e-02,2.696488809234e+02,2.509133758545e+02,0.000000000000e+00,1.192440852041e+00,0.000000000000e+00,5.548775609418e+04,1.090000000000e+02
1.119000000000e+03,1.032425112666e+08,7.037797830224e+04,9.081034866897e+05,4.782833557923e-01,3.139312491485e+02,-1.488825441090e-04,-1.622819730789e-02,0.000000000000e+00,0.000000000000e+00,4.531433686540e+02,0.000000000000e+00,0.000000000000e+00,0.000000000000e+00,0.000000000000e+00,6.972973266565e-04,7.600540860556e-02,2.694877287296e+02,2.503815002441e+02,0.000000000000e+00,1.198347697366e+00,0.000000000000e+00,5.548664693049e+04,1.090000000000e+02
1.120000000000e+03,1.032420521492e+08,7.083709568222e+04,9.124504010166e+05,4.797629009247e-01,3.144697096136e+02,-1.441622700386e-04,-1.571368743421e-02,0.000000000000e+00,0.000000000000e+00,4.591173799832e+02,0.000000000000e+00,0.000000000000e+00,0.000000000000e+00,0.000000000000e+00,5.786457196113e-04,6.307238343763e-02,2.692822103297e+02,2.495313720703e+02,0.000000000000e+00,1.205166481022e+00,0.000000000000e+00,5.548514825758e+04,1.090000000000e+02
1.121000000000e+03,1.032416204607e+08,7.126878425495e+04,9.158314832144e+05,4.804945600821e-01,3.151617356768e+02,-1.531307190479e-04,-1.669124837622e-02,0.000000000000e+00,0.000000000000e+00,4.316885727313e+02,0.000000000000e+00,0.000000000000e+00,0.000000000000e+00,0.000000000000e+00,4.094673986278e-04,4.463194645043e-02,2.691118519507e+02,2.494858703613e+02,0.000000000000e+00,1.209886910454e+00,0.000000000000e+00,5.548384990376e+04,1.090000000000e+02
1.122000000000e+03,1.032412102534e+08,7.167899153338e+04,9.190804266855e+05,4.810297576089e-01,3.159333013773e+02,-1.525087295829e-04,-1.662345152453e-02,0.000000000000e+00,0.000000000000e+00,4.102072784244e+02,0.000000000000e+00,0.000000000000e+00,0.000000000000e+00,0.000000000000e+00,3.873093373660e-04,4.221671777289e-02,2.689917572823e+02,2.502594757080e+02,0.000000000000e+00,1.213528765367e+00,0.000000000000e+00,5.548290051066e+04,1.090000000000e+02
1.123000000000e+03,1.032408197602e+08,7.206948473186e+04,9.225394667475e+05,4.818388538239e-01,3.165972367289e+02,-1.326308890426e-04,-1.445676690564e-02,0.000000000000e+00,0.000000000000e+00,3.904931984766e+02,0.000000000000e+00,0.000000000000e+00,0.000000000000e+00,0.000000000000e+00,4.428982531072e-04,4.827590958869e-02,2.688310334695e+02,2.504782257080e+02,0.000000000000e+00,1.216809127382e+00,0.000000000000e+00,5.548160530751e+04,1.090000000000e+02
1.124000000000e+03,1.032404476137e+08,7.244163127911e+04,9.263746464955e+05,4.829529566322e-01,3.171902926418e+02,-1.212819998258e-04,-1.321973798101e-02,0.000000000000e+00,0.000000000000e+00,3.721465472585e+02,0.000000000000e+00,0.000000000000e+00,0.000000000000e+00,0.000000000000e+00,5.178561843935e-04,5.644632409889e-02,2.686143943099e+02,2.498409729004e+02,0.000000000000e+00,1.221148027515e+00,0.000000000000e+00,5.547980914096e+04,1.090000000000e+02
1.125000000000e+03,1.032400939215e+08,7.279532350029e+04,9.310137292097e+05,4.845692415630e-01,3.177211180438e+02,-1.460902475981e-04,-1.592383698819e-02,0.000000000000e+00,0.000000000000e+00,3.536922211728e+02,0.000000000000e+00,0.000000000000e+00,0.000000000000e+00,0.000000000000e+00,6.238004996102e-04,6.799425445752e-02,2.684991349398e+02,2.503921813965e+02,0.000000000000e+00,1.224221224123e+00,0.000000000000e+00,5.547881603846e+04,1.090000000000e+02
1.126000000000e+03,1.032397587086e+08,7.313053637601e+04,9.354121708096e+05,4.859597174392e-01,3.183176025755e+02,-1.571089004482e-04,-1.712487014886e-02,0.000000000000e+00,0.000000000000e+00,3.352128757246e+02,0.000000000000e+00,0.000000000000e+00,0.000000000000e+00,0.000000000000e+00,5.745414315531e-04,6.262501603929e-02,2.683235926953e+02,2.503721160889e+02,0.000000000000e+00,1.226280876991e+00,0.000000000000e+00,5.547727584406e+04,1.090000000000e+02
1.127000000000e+03,1.032394421204e+08,7.344712462289e+04,9.395585907794e+05,4.872165782039e-01,3.189072575641e+02,-1.761187834643e-04,-1.919694739760e-02,0.000000000000e+00,0.000000000000e+00,3.165882468792e+02,0.000000000000e+00,0.000000000000e+00,0.000000000000e+00,0.000000000000e+00,5.112508043057e-04,5.572633766932e-02,2.682579457860e+02,2.512306823730e+02,0.000000000000e+00,1.226888786053e+00,0.000000000000e+00,5.547667879151e+04,1.090000000000e+02
1.128000000000e+03,1.032391465393e+08,7.374270569288e+04,9.447603327374e+05,4.892096391550e-01,3.193661344835e+02,-2.086573901747e-04,-2.274365552904e-02,0.000000000000e+00,0.000000000000e+00,2.955810699863e+02,0.000000000000e+00,0.000000000000e+00,0.000000000000e+00,0.000000000000e+00,6.514305457413e-04,7.100592948580e-02,2.682651771950e+02,2.528276824951e+02,0.000000000000e+00,1.227420093632e+00,0.000000000000e+00,5.547672743429e+04,1.090000000000e+02
1.129000000000e+03,1.032388705826e+08,7.401866235611e+04,9.505289611019e+05,4.915178074140e-01,3.198104552676e+02,-1.916872316623e-04,-2.089390825119e-02,0.000000000000e+00,0.000000000000e+00,2.759566632315e+02,0.000000000000e+00,0.000000000000e+00,0.000000000000e+00,0.000000000000e+00,7.638546462126e-04,8.326015643718e-02,2.682045785702e+02,2.528637695313e+02,0.000000000000e+00,1.227584639024e+00,0.000000000000e+00,5.547617359764e+04,1.090000000000e+02
1.130000000000e+03,1.032386110205e+08,7.427822445315e+04,9.560383807889e+05,4.936435940109e-01,3.202852009360e+02,-1.468162569796e-04,-1.600297201078e-02,0.000000000000e+00,0.000000000000e+00,2.595620970425e+02,0.000000000000e+00,0.000000000000e+00,0.000000000000e+00,0.000000000000e+00,7.673868919589e-04,8.364517122352e-02,2.680861172831e+02,2.530167694092e+02,0.000000000000e+00,1.229177694580e+00,0.000000000000e+00,5.547509050582e+04,1.090000000000e+02
1.131000000000e+03,1.032383673024e+08,7.452194261643e+04,9.617140619511e+05,4.958995162394e-01,3.207239745051e+02,-1.346486966160e-04,-1.467670793115e-02,0.000000000000e+00,0.000000000000e+00,2.437181632832e+02,0.000000000000e+00,0.000000000000e+00,0.000000000000e+00,0.000000000000e+00,8.054767536356e-04,8.779696614628e-02,2.680300402163e+02,2.537395019531e+02,0.000000000000e+00,1.229857380392e+00,0.000000000000e+00,5.547456860875e+04,1.090000000000e+02
1.132000000000e+03,1.032381392087e+08,7.475003623190e+04,9.675033665863e+05,4.982060531974e-01,3.211642174364e+02,-1.485479285873e-04,-1.619172421601e-02,0.000000000000e+00,0.000000000000e+00,2.280936154642e+02,0.000000000000e+00,0.000000000000e+00,0.000000000000e+00,0.000000000000e+00,8.105446946680e-04,8.834937171881e-02,2.679685607628e+02,2.539246063232e+02,0.000000000000e+00,1.229514863370e+00,0.000000000000e+00,5.547399178841e+04,1.090000000000e+02
1.133000000000e+03,1.032379255901e+08,7.496365486447e+04,9.735396055178e+05,5.009171933828e-01,3.214225583786e+02,-1.543754120252e-04,-1.682691991075e-02,0.000000000000e+00,0.000000000000e+00,2.136186325679e+02,0.000000000000e+00,0.000000000000e+00,0.000000000000e+00,0.000000000000e+00,8.457529787113e-04,9.218707467953e-02,2.679010201368e+02,2.538435516357e+02,0.000000000000e+00,1.229080197528e+00,0.000000000000e+00,5.547335399264e+04,1.090000000000e+02
1.134000000000e+03,1.032377246184e+08,7.516462661568e+04,9.800007609884e+05,5.035629895552e-01,3.218611352609e+02,-1.371395503432e-04,-1.494821098741e-02,0.000000000000e+00,0.000000000000e+00,2.009717512172e+02,0.000000000000e+00,0.000000000000e+00,0.000000000000e+00,0.000000000000e+00,9.341295111570e-04,1.018201167161e-01,2.678039834460e+02,2.538814697266e+02,0.000000000000e+00,1.228989475339e+00,0.000000000000e+00,5.547242772238e+04,1.090000000000e+02
1.135000000000e+03,1.032375332953e+08,7.535594969812e+04,9.858451801626e+05,5.058481775683e-01,3.223289057474e+02,-1.269278418989e-04,-1.383513476698e-02,0.000000000000e+00,0.000000000000e+00,1.913230824369e+02,0.000000000000e+00,0.000000000000e+00,0.000000000000e+00,0.000000000000e+00,8.452055007364e-04,9.212739958027e-02,2.676103760760e+02,2.527250061035e+02,0.000000000000e+00,1.229072913262e+00,0.000000000000e+00,5.547053944748e+04,1.090000000000e+02
1.136000000000e+03,1.032373503351e+08,7.553890988464e+04,9.912511525741e+05,5.078979963432e-01,3.227989079454e+02,-1.334489695546e-04,-1.454593768145e-02,0.000000000000e+00,0.000000000000e+00,1.829601865196e+02,0.000000000000e+00,0.000000000000e+00,0.000000000000e+00,0.000000000000e+00,7.659793606532e-04,8.349175031120e-02,2.674307104744e+02,2.526265106201e+02,0.000000000000e+00,1.230681167927e+00,0.000000000000e+00,5.546873694821e+04,1.090000000000e+02
1.137000000000e+03,1.032373918347e+08,7.549741030538e+04,9.965669451544e+05,5.096779046438e-01,3.234067155494e+02,-1.406546204372e-04,-1.533135362766e-02,0.000000000000e+00,0.000000000000e+00,-4.149957925656e+01,0.000000000000e+00,0.000000000000e+00,0.000000000000e+00,0.000000000000e+00,7.436835274689e-04,8.106150449411e-02,2.672751672501e+02,2.530519561768e+02,0.000000000000e+00,1.226699686446e+00,0.000000000000e+00,5.546701297468e+04,1.090000000000e+02
1.138000000000e+03,1.032372482114e+08,7.564103360335e+04,1.002917748570e+06,5.123694027103e-01,3.237661213161e+02,-1.301999677489e-04,-1.419179648464e-02,0.000000000000e+00,0.000000000000e+00,1.436232979645e+02,0.000000000000e+00,0.000000000000e+00,0.000000000000e+00,0.000000000000e+00,9.243967841203e-04,1.007592494691e-01,2.671356182754e+02,2.524792022705e+02,0.000000000000e+00,1.228950707385e+00,0.000000000000e+00,5.546562093930e+04,1.090000000000e+02
1.139000000000e+03,1.032370419660e+08,7.584727898860e+04,1.008619322775e+06,5.146049731501e-01,3.241990391019e+02,-1.341721190277e-04,-1.462476097402e-02,0.000000000000e+00,0.000000000000e+00,2.062453852531e+02,0.000000000000e+00,0.000000000000e+00,0.000000000000e+00,0.000000000000e+00,8.124109679388e-04,8.855279550533e-02,2.670243286931e+02,2.520738525391e+02,0.000000000000e+00,1.231354398422e+00,0.000000000000e+00,5.546445409969e+04,1.090000000000e+02
1.140000000000e+03,1.032368602014e+08,7.602904359762e+04,1.012677295845e+06,5.158608839001e-01,3.247191150249e+02,-1.518123167117e-04,-1.654754252158e-02,0.000000000000e+00,0.000000000000e+00,1.817646090174e+02,0.000000000000e+00,0.000000000000e+00,0.000000000000e+00,0.000000000000e+00,5.236385759844e-04,5.707660478230e-02,2.668954499508e+02,2.520551757812e+02,0.000000000000e+00,1.232650694718e+00,0.000000000000e+00,5.546305561242e+04,1.090000000000e+02
1.141000000000e+03,1.032366916363e+08,7.619760873049e+04,1.017289042406e+06,5.173777568031e-01,3.252501367257e+02,-1.505840240794e-04,-1.641365862465e-02,0.000000000000e+00,0.000000000000e+00,1.685651328682e+02,0.000000000000e+00,0.000000000000e+00,0.000000000000e+00,0.000000000000e+00,6.167115935086e-04,6.722156369243e-02,2.667630778903e+02,2.516903991699e+02,0.000000000000e+00,1.232585308348e+00,0.000000000000e+00,5.546158895859e+04,1.090000000000e+02
1.142000000000e+03,1.032365327826e+08,7.635646235401e+04,1.021183262026e+06,5.183880616313e-01,3.258707051567e+02,-1.332169680077e-04,-1.452064951284e-02,0.000000000000e+00,0.000000000000e+00,1.588536235190e+02,0.000000000000e+00,0.000000000000e+00,0.000000000000e+00,0.000000000000e+00,5.170788319078e-04,5.636159267795e-02,2.665859936162e+02,2.509975128174e+02,0.000000000000e+00,1.233956993612e+00,0.000000000000e+00,5.545957950081e+04,1.090000000000e+02
1.143000000000e+03,1.032363823849e+08,7.650686004996e+04,1.024459944113e+06,5.190725523875e-01,3.264923577852e+02,-1.338606766308e-04,-1.459081375276e-02,0.000000000000e+00,0.000000000000e+00,1.503976959525e+02,0.000000000000e+00,0.000000000000e+00,0.000000000000e+00,0.000000000000e+00,4.118764045108e-04,4.489452809168e-02,2.664811862235e+02,2.515601043701e+02,0.000000000000e+00,1.233159496560e+00,0.000000000000e+00,5.545837036982e+04,1.090000000000e+02
1.144000000000e+03,1.032362410338e+08,7.664821114298e+04,1.028803441301e+06,5.204821800610e-01,3.269896315120e+02,-1.408564256999e-04,-1.535335040129e-02,0.000000000000e+00,0.000000000000e+00,1.413510930244e+02,0.000000000000e+00,0.000000000000e+00,0.000000000000e+00,0.000000000000e+00,5.781975675843e-04,6.302353486668e-02,2.664663064037e+02,2.528369598389e+02,0.000000000000e+00,1.230029518633e+00,0.000000000000e+00,5.545820045514e+04,1.090000000000e+02
1.145000000000e+03,1.032361070917e+08,7.678215327369e+04,1.033864444639e+06,5.223192511882e-01,3.274532994848e+02,-1.436805813827e-04,-1.566118337072e-02,0.000000000000e+00,0.000000000000e+00,1.339421307094e+02,0.000000000000e+00,0.000000000000e+00,0.000000000000e+00,0.000000000000e+00,6.992045656766e-04,7.621329765875e-02,2.663113911343e+02,2.511847381592e+02,0.000000000000e+00,1.230882089946e+00,0.000000000000e+00,5.545636762732e+04,1.090000000000e+02
1.146000000000e+03,1.032359778722e+08,7.691137277806e+04,1.037696168337e+06,5.233017050555e-01,3.280666405257e+02,-1.216720022937e-04,-1.326224825001e-02,0.000000000000e+00,0.000000000000e+00,1.292195043640e+02,0.000000000000e+00,0.000000000000e+00,0.000000000000e+00,0.000000000000e+00,5.209971894607e-04,5.678869365122e-02,2.660777426424e+02,2.503520812988e+02,0.000000000000e+00,1.231954685931e+00,0.000000000000e+00,5.545353453177e+04,1.090000000000e+02
1.147000000000e+03,1.032358533811e+08,7.703586393362e+04,1.041358870939e+06,5.242764876428e-01,3.286232894626e+02,-9.474624465829e-05,-1.032734066775e-02,0.000000000000e+00,0.000000000000e+00,1.244911555679e+02,0.000000000000e+00,0.000000000000e+00,0.000000000000e+00,0.000000000000e+00,5.168839957517e-04,5.634035553693e-02,2.659306847843e+02,2.515233459473e+02,0.000000000000e+00,1.232331216924e+00,0.000000000000e+00,5.545171134201e+04,1.090000000000e+02
1.148000000000e+03,1.032357348958e+08,7.715434920734e+04,1.045572959741e+06,5.255642713813e-01,3.291475866523e+02,-8.900004556880e-05,-9.701004966999e-03,0.000000000000e+00,0.000000000000e+00,1.184852737141e+02,0.000000000000e+00,0.000000000000e+00,0.000000000000e+00,0.000000000000e+00,6.097463856911e-04,6.646235604033e-02,2.658910102719e+02,2.524405059814e+02,0.000000000000e+00,1.232608994702e+00,0.000000000000e+00,5.545121846163e+04,1.090000000000e+02
1.149000000000e+03,1.032356229608e+08,7.726628415424e+04,1.050675117743e+06,5.274420715470e-01,3.295758237796e+02,-1.120706694857e-04,-1.221570297394e-02,0.000000000000e+00,0.000000000000e+00,1.119349469048e+02,0.000000000000e+00,0.000000000000e+00,0.000000000000e+00,0.000000000000e+00,7.318723324547e-04,7.977408423756e-02,2.658956845577e+02,2.527494659424e+02,0.000000000000e+00,1.232794179887e+00,0.000000000000e+00,5.545128257860e+04,1.090000000000e+02
1.150000000000e+03,1.032356106527e+08,7.727859227462e+04,1.056098283529e+06,5.293023257359e-01,3.301125293779e+02,-1.219279768754e-04,-1.329014947942e-02,0.000000000000e+00,0.000000000000e+00,1.230812037345e+01,0.000000000000e+00,0.000000000000e+00,0.000000000000e+00,0.000000000000e+00,7.752455468264e-04,8.450176460408e-02,2.659022862500e+02,2.531639709473e+02,0.000000000000e+00,1.229831216924e+00,0.000000000000e+00,5.545130786926e+04,1.090000000000e+02
1.151000000000e+03,1.032357053897e+08,7.718385531954e+04,1.061655183252e+06,5.315423667938e-01,3.304516112455e+02,-1.320103538284e-04,-1.438912856730e-02,0.000000000000e+00,0.000000000000e+00,-9.473695508084e+01,0.000000000000e+00,0.000000000000e+00,0.000000000000e+00,0.000000000000e+00,7.876910212275e-04,8.585832131380e-02,2.659024956482e+02,2.537136688232e+02,0.000000000000e+00,1.225759535055e+00,0.000000000000e+00,5.545120627083e+04,1.090000000000e+02
1.152000000000e+03,1.032355369883e+08,7.735225672066e+04,1.067028794936e+06,5.335007297126e-01,3.309136312569e+02,-1.196540321865e-04,-1.304228950833e-02,0.000000000000e+00,0.000000000000e+00,1.684014011274e+02,0.000000000000e+00,0.000000000000e+00,0.000000000000e+00,0.000000000000e+00,7.739774800678e-04,8.436354532739e-02,2.657790265538e+02,2.519697570801e+02,0.000000000000e+00,1.229273062797e+00,0.000000000000e+00,5.544976992938e+04,1.090000000000e+02
1.153000000000e+03,1.032354088978e+08,7.748034717323e+04,1.072874254612e+06,5.359172527462e-01,3.312331198460e+02,-1.160547031017e-04,-1.264996263809e-02,0.000000000000e+00,0.000000000000e+00,1.280904525710e+02,0.000000000000e+00,0.000000000000e+00,0.000000000000e+00,0.000000000000e+00,8.548247435221e-04,9.317589704391e-02,2.656861652349e+02,2.524085693359e+02,0.000000000000e+00,1.230569359093e+00,0.000000000000e+00,5.544860471780e+04,1.090000000000e+02
1.154000000000e+03,1.032352940687e+08,7.759517626449e+04,1.078769964972e+06,5.381492146714e-01,3.316740394148e+02,-1.260998953659e-04,-1.374488859488e-02,0.000000000000e+00,0.000000000000e+00,1.148290912548e+02,0.000000000000e+00,0.000000000000e+00,0.000000000000e+00,0.000000000000e+00,8.504794675519e-04,9.270226196315e-02,2.656583270292e+02,2.533397979736e+02,0.000000000000e+00,1.230179913959e+00,0.000000000000e+00,5.544826388864e+04,1.090000000000e+02
1.155000000000e+03,1.032351877852e+08,7.770145981813e+04,1.083476079935e+06,5.396969220727e-01,3.321698193295e+02,-9.797464199898e-05,-1.067923597789e-02,0.000000000000e+00,0.000000000000e+00,1.062835536402e+02,0.000000000000e+00,0.000000000000e+00,0.000000000000e+00,0.000000000000e+00,6.829292435849e-04,7.443928755076e-02,2.656041603010e+02,2.535629119873e+02,0.000000000000e+00,1.227679953903e+00,0.000000000000e+00,5.544757036877e+04,1.090000000000e+02
1.156000000000e+03,1.032350878017e+08,7.780144324355e+04,1.087740563807e+06,5.411067984398e-01,3.326129324761e+02,-8.037562751733e-05,-8.760943399389e-03,0.000000000000e+00,0.000000000000e+00,9.998342542297e+01,0.000000000000e+00,0.000000000000e+00,0.000000000000e+00,0.000000000000e+00,6.277134361636e-04,6.842076454183e-02,2.655447269878e+02,2.533247375488e+02,0.000000000000e+00,1.224420614046e+00,0.000000000000e+00,5.544680359802e+04,1.090000000000e+02
1.157000000000e+03,1.032349930413e+08,7.789620371564e+04,1.092080736924e+06,5.425649466751e-01,3.330470982539e+02,-7.929747556758e-05,-8.643424836866e-03,0.000000000000e+00,0.000000000000e+00,9.476047208730e+01,0.000000000000e+00,0.000000000000e+00,0.000000000000e+00,0.000000000000e+00,6.412636189034e-04,6.989773446047e-02,2.654873999479e+02,2.534742431641e+02,0.000000000000e+00,1.224790984416e+00,0.000000000000e+00,5.544605866919e+04,1.090000000000e+02
1.158000000000e+03,1.032349025365e+08,7.798670843261e+04,1.095964664913e+06,5.435847807299e-01,3.336112651198e+02,-6.305520977001e-05,-6.873017864931e-03,0.000000000000e+00,0.000000000000e+00,9.050471697186e+01,0.000000000000e+00,0.000000000000e+00,0.000000000000e+00,0.000000000000e+00,5.832680477186e-04,6.357621720133e-02,2.654024396279e+02,2.537136230469e+02,0.000000000000e+00,1.225346539972e+00,0.000000000000e+00,5.544493583480e+04,1.090000000000e+02
1.159000000000e+03,1.032348162063e+08,7.807303863238e+04,1.099864184270e+06,5.446739822047e-01,3.341286878531e+02,-5.999406741072e-05,-6.539353347768e-03,0.000000000000e+00,0.000000000000e+00,8.633019976735e+01,0.000000000000e+00,0.000000000000e+00,0.000000000000e+00,0.000000000000e+00,5.852017170449e-04,6.378698715789e-02,2.654022361524e+02,2.548011016846e+02,0.000000000000e+00,1.225439132564e+00,0.000000000000e+00,5.544495018203e+04,1.090000000000e+02
1.160000000000e+03,1.032347337336e+08,7.815551137351e+04,1.104380942741e+06,5.461907097053e-01,3.345734820623e+02,-7.056507654188e-05,-7.691593343065e-03,0.000000000000e+00,0.000000000000e+00,8.247274112845e+01,0.000000000000e+00,0.000000000000e+00,0.000000000000e+00,0.000000000000e+00,6.791583127307e-04,7.402825608765e-02,2.653486139279e+02,2.546492462158e+02,0.000000000000e+00,1.225175195394e+00,0.000000000000e+00,5.544423793418e+04,1.090000000000e+02
1.161000000000e+03,1.032346541446e+08,7.823510034692e+04,1.107486291361e+06,5.466069608055e-01,3.352673358701e+02,-5.297893177793e-05,-5.774703563795e-03,0.000000000000e+00,0.000000000000e+00,7.958897341016e+01,0.000000000000e+00,0.000000000000e+00,0.000000000000e+00,0.000000000000e+00,4.655514540045e-04,5.074510848649e-02,2.652433991888e+02,2.534848632813e+02,0.000000000000e+00,1.225585474329e+00,0.000000000000e+00,5.544281968147e+04,1.090000000000e+02
1.162000000000e+03,1.032345769688e+08,7.831227620932e+04,1.110884616960e+06,5.475064296937e-01,3.357524687823e+02,-4.480798446488e-05,-4.884070306672e-03,0.000000000000e+00,0.000000000000e+00,7.717586239825e+01,0.000000000000e+00,0.000000000000e+00,0.000000000000e+00,0.000000000000e+00,5.223669164509e-04,5.693799389315e-02,2.651362821730e+02,2.530272521973e+02,0.000000000000e+00,1.225101004774e+00,0.000000000000e+00,5.544136007807e+04,1.090000000000e+02
1.163000000000e+03,1.032345022367e+08,7.838700823761e+04,1.115385253392e+06,5.490228239179e-01,3.361880792727e+02,-6.812310972901e-05,-7.425418960462e-03,0.000000000000e+00,0.000000000000e+00,7.473202829870e+01,0.000000000000e+00,0.000000000000e+00,0.000000000000e+00,0.000000000000e+00,6.801684446878e-04,7.413836047098e-02,2.650588363041e+02,2.532356414795e+02,0.000000000000e+00,1.225286189959e+00,0.000000000000e+00,5.544029824064e+04,1.090000000000e+02
1.164000000000e+03,1.032344301266e+08,7.845911842220e+04,1.119085624426e+06,5.498649437122e-01,3.367891040910e+02,-8.040879790927e-05,-8.764558972111e-03,0.000000000000e+00,0.000000000000e+00,7.211018458923e+01,0.000000000000e+00,0.000000000000e+00,0.000000000000e+00,0.000000000000e+00,5.331830353453e-04,5.811695085264e-02,2.650308492749e+02,2.536759490967e+02,0.000000000000e+00,1.225286189959e+00,0.000000000000e+00,5.543992405936e+04,1.090000000000e+02
1.165000000000e+03,1.032343606313e+08,7.852861366680e+04,1.122405430803e+06,5.506055281178e-01,3.373363193371e+02,-9.415583165674e-05,-1.026298565058e-02,0.000000000000e+00,0.000000000000e+00,6.949524459508e+01,0.000000000000e+00,0.000000000000e+00,0.000000000000e+00,0.000000000000e+00,4.565641985213e-04,4.976549763882e-02,2.650011773379e+02,2.542370605469e+02,0.000000000000e+00,1.225286189959e+00,0.000000000000e+00,5.543952108813e+04,1.090000000000e+02
1.166000000000e+03,1.032342934533e+08,7.859579161827e+04,1.125585504701e+06,5.512302446388e-01,3.379134956611e+02,-8.593550335713e-05,-9.366969865927e-03,0.000000000000e+00,0.000000000000e+00,6.717795147052e+01,0.000000000000e+00,0.000000000000e+00,0.000000000000e+00,0.000000000000e+00,4.429575834594e-04,4.828237659707e-02,2.649445418238e+02,2.541549987793e+02,0.000000000000e+00,1.224770270961e+00,0.000000000000e+00,5.543873394200e+04,1.090000000000e+02
1.167000000000e+03,1.032342283395e+08,7.866090545556e+04,1.129237873882e+06,5.522303913840e-01,3.384004272961e+02,-6.964536681969e-05,-7.591344983347e-03,0.000000000000e+00,0.000000000000e+00,6.511383728835e+01,0.000000000000e+00,0.000000000000e+00,0.000000000000e+00,0.000000000000e+00,5.372153976765e-04,5.855647834674e-02,2.648924096103e+02,2.539223632813e+02,0.000000000000e+00,1.224136913713e+00,0.000000000000e+00,5.543800879511e+04,1.090000000000e+02
1.168000000000e+03,1.032342771698e+08,7.861207519372e+04,1.132571571278e+06,5.527329088720e-01,3.390964041516e+02,-5.350119731247e-05,-5.831630507059e-03,0.000000000000e+00,0.000000000000e+00,-4.883026184182e+01,0.000000000000e+00,0.000000000000e+00,0.000000000000e+00,0.000000000000e+00,5.012369468070e-04,5.463482720197e-02,2.648329579209e+02,2.538805236816e+02,0.000000000000e+00,1.220404821546e+00,0.000000000000e+00,5.543710599276e+04,1.090000000000e+02
1.169000000000e+03,1.032343600250e+08,7.852921993570e+04,1.135224505944e+06,5.530863868461e-01,3.396818482795e+02,-3.797495253020e-05,-4.139269825791e-03,0.000000000000e+00,0.000000000000e+00,-8.285525801662e+01,0.000000000000e+00,0.000000000000e+00,0.000000000000e+00,0.000000000000e+00,4.056878991297e-04,4.421998100514e-02,2.647422903357e+02,2.531322937012e+02,0.000000000000e+00,1.219108525249e+00,0.000000000000e+00,5.543574151761e+04,1.090000000000e+02
1.170000000000e+03,1.032342655910e+08,7.862365396437e+04,1.139137794435e+06,5.541812287040e-01,3.401799825914e+02,-4.773020714398e-05,-5.202592578694e-03,0.000000000000e+00,0.000000000000e+00,9.443402866855e+01,0.000000000000e+00,0.000000000000e+00,0.000000000000e+00,0.000000000000e+00,6.002234158078e-04,6.542435232305e-02,2.647280107600e+02,2.538346862793e+02,0.000000000000e+00,1.219921678512e+00,0.000000000000e+00,5.543564592769e+04,1.090000000000e+02
1.171000000000e+03,1.032341737965e+08,7.871544841853e+04,1.143059943191e+06,5.553297463650e-01,3.406480118382e+02,-6.207141905307e-05,-6.765784676785e-03,0.000000000000e+00,0.000000000000e+00,9.179445416257e+01,0.000000000000e+00,0.000000000000e+00,0.000000000000e+00,0.000000000000e+00,5.885408660009e-04,6.415095439409e-02,2.646950192331e+02,2.539913330078e+02,0.000000000000e+00,1.219507485019e+00,0.000000000000e+00,5.543520174218e+04,1.090000000000e+02
1.172000000000e+03,1.032340927377e+08,7.879650723920e+04,1.146688143675e+06,5.562906754225e-01,3.411448565603e+02,-6.326823493769e-05,-6.896237608208e-03,0.000000000000e+00,0.000000000000e+00,8.105882067164e+01,0.000000000000e+00,0.000000000000e+00,0.000000000000e+00,0.000000000000e+00,5.404595424739e-04,5.891009012965e-02,2.646280685149e+02,2.537506408691e+02,0.000000000000e+00,1.218656797578e+00,0.000000000000e+00,5.543424580674e+04,1.090000000000e+02
1.173000000000e+03,1.032340175053e+08,7.887173966657e+04,1.150388230535e+06,5.572611447023e-01,3.416559350803e+02,-6.947531261778e-05,-7.572809075338e-03,0.000000000000e+00,0.000000000000e+00,7.523242736832e+01,0.000000000000e+00,0.000000000000e+00,0.000000000000e+00,0.000000000000e+00,5.463991704416e-04,5.955750957813e-02,2.645571999620e+02,2.531352996826e+02,0.000000000000e+00,1.218237363972e+00,0.000000000000e+00,5.543322352838e+04,1.090000000000e+02
1.174000000000e+03,1.032339465786e+08,7.894266636235e+04,1.153547434241e+06,5.578860268243e-01,3.422064741071e+02,-4.846648892928e-05,-5.282847293291e-03,0.000000000000e+00,0.000000000000e+00,7.092669578033e+01,0.000000000000e+00,0.000000000000e+00,0.000000000000e+00,0.000000000000e+00,4.721646092917e-04,5.146594241280e-02,2.645988136419e+02,2.549983367920e+02,0.000000000000e+00,1.217825308427e+00,0.000000000000e+00,5.543386880185e+04,1.090000000000e+02
1.175000000000e+03,1.032338795465e+08,7.900969843600e+04,1.156863546299e+06,5.586586395018e-01,3.427087860165e+02,-4.675315171430e-05,-5.096093536859e-03,0.000000000000e+00,0.000000000000e+00,6.703207364753e+01,0.000000000000e+00,0.000000000000e+00,0.000000000000e+00,0.000000000000e+00,4.982595069303e-04,5.431028625540e-02,2.646723396833e+02,2.559228820801e+02,0.000000000000e+00,1.216605154631e+00,0.000000000000e+00,5.543496982307e+04,1.090000000000e+02
1.176000000000e+03,1.032338154861e+08,7.907375882854e+04,1.160068812848e+06,5.593017787339e-01,3.432605981840e+02,-4.876693091286e-05,-5.315595469502e-03,0.000000000000e+00,0.000000000000e+00,6.406039253739e+01,0.000000000000e+00,0.000000000000e+00,0.000000000000e+00,0.000000000000e+00,4.802698150272e-04,5.234940983796e-02,2.646994064309e+02,2.558812561035e+02,0.000000000000e+00,1.216605154631e+00,0.000000000000e+00,5.543538087429e+04,1.090000000000e+02
1.177000000000e+03,1.032337540756e+08,7.913516933851e+04,1.163267120660e+06,5.599760986436e-01,3.437866133977e+02,-3.220703473266e-05,-3.510566785860e-03,0.000000000000e+00,0.000000000000e+00,6.141050997762e+01,0.000000000000e+00,0.000000000000e+00,0.000000000000e+00,0.000000000000e+00,4.938153529295e-04,5.382587346931e-02,2.647631207116e+02,2.567831115723e+02,0.000000000000e+00,1.215189768373e+00,0.000000000000e+00,5.543632613949e+04,1.090000000000e+02
1.178000000000e+03,1.032336949292e+08,7.919431574405e+04,1.167376397957e+06,5.612452584682e-01,3.442208952880e+02,-1.990104153626e-05,-2.169213527453e-03,0.000000000000e+00,0.000000000000e+00,5.914640553616e+01,0.000000000000e+00,0.000000000000e+00,0.000000000000e+00,0.000000000000e+00,6.601554384610e-04,7.195694279225e-02,2.647621270160e+02,2.560948791504e+02,0.000000000000e+00,1.214933166680e+00,0.000000000000e+00,5.543632574280e+04,1.090000000000e+02
1.179000000000e+03,1.032336374385e+08,7.925180644531e+04,1.172053720334e+06,5.628429670826e-01,3.446282198349e+02,-2.782857952678e-05,-3.033315168419e-03,0.000000000000e+00,0.000000000000e+00,5.749070126534e+01,0.000000000000e+00,0.000000000000e+00,0.000000000000e+00,0.000000000000e+00,7.513951456487e-04,8.190207087570e-02,2.646598947125e+02,2.543579406738e+02,0.000000000000e+00,1.215210944458e+00,0.000000000000e+00,5.543485183072e+04,1.090000000000e+02
1.180000000000e+03,1.032335812965e+08,7.930794845715e+04,1.176893717689e+06,5.645396926234e-01,3.450197700362e+02,-2.885293322321e-05,-3.144969721329e-03,0.000000000000e+00,0.000000000000e+00,5.614201183726e+01,0.000000000000e+00,0.000000000000e+00,0.000000000000e+00,0.000000000000e+00,7.769318480044e-04,8.468557143248e-02,2.645660881497e+02,2.539071044922e+02,0.000000000000e+00,1.215652731336e+00,0.000000000000e+00,5.543349266614e+04,1.090000000000e+02
1.181000000000e+03,1.032335265699e+08,7.936267504028e+04,1.180651283132e+06,5.655473487100e-01,3.455061916605e+02,-7.137090504011e-06,-7.779428649372e-04,0.000000000000e+00,0.000000000000e+00,5.472658312609e+01,0.000000000000e+00,0.000000000000e+00,0.000000000000e+00,0.000000000000e+00,6.156172610704e-04,6.710228145667e-02,2.645477039230e+02,2.550620422363e+02,0.000000000000e+00,1.215652731336e+00,0.000000000000e+00,5.543324494694e+04,1.090000000000e+02
1.182000000000e+03,1.032334733541e+08,7.941589086898e+04,1.184043541974e+06,5.663254679155e-01,3.460190821054e+02,-5.750093195255e-06,-6.267601582828e-04,0.000000000000e+00,0.000000000000e+00,5.321582870517e+01,0.000000000000e+00,0.000000000000e+00,0.000000000000e+00,0.000000000000e+00,5.535569893043e-04,6.033771183417e-02,2.645867037901e+02,2.561318969727e+02,0.000000000000e+00,1.214734736355e+00,0.000000000000e+00,5.543384397779e+04,1.090000000000e+02
1.183000000000e+03,1.032334216450e+08,7.946759995356e+04,1.187672251766e+06,5.672596147070e-01,3.465028354760e+02,-2.703356400143e-05,-2.946658476156e-03,0.000000000000e+00,0.000000000000e+00,5.170908457720e+01,0.000000000000e+00,0.000000000000e+00,0.000000000000e+00,0.000000000000e+00,5.706111548341e-04,6.219661587692e-02,2.646412017557e+02,2.568470153809e+02,0.000000000000e+00,1.214368082355e+00,0.000000000000e+00,5.543466354060e+04,1.090000000000e+02
1.184000000000e+03,1.032333713844e+08,7.951786057687e+04,1.191306811381e+06,5.682541405739e-01,3.469503358848e+02,-2.482322805976e-05,-2.705731858514e-03,0.000000000000e+00,0.000000000000e+00,5.026062330874e+01,0.000000000000e+00,0.000000000000e+00,0.000000000000e+00,0.000000000000e+00,5.740755806748e-04,6.257423829355e-02,2.646903328180e+02,2.572004699707e+02,0.000000000000e+00,1.213549539922e+00,0.000000000000e+00,5.543539795975e+04,1.090000000000e+02
1.185000000000e+03,1.032333223663e+08,7.956687870329e+04,1.195135208321e+06,5.695284231942e-01,3.472814199298e+02,-1.779645725525e-05,-1.939813840822e-03,0.000000000000e+00,0.000000000000e+00,4.901812642541e+01,0.000000000000e+00,0.000000000000e+00,0.000000000000e+00,0.000000000000e+00,6.128759245261e-04,6.680347577334e-02,2.647453241581e+02,2.573688354492e+02,0.000000000000e+00,1.212915232381e+00,0.000000000000e+00,5.543621322507e+04,1.090000000000e+02
1.186000000000e+03,1.032332744675e+08,7.961477747341e+04,1.198050095093e+06,5.699260068174e-01,3.478797854484e+02,6.263837877789e-06,6.827583286790e-04,0.000000000000e+00,0.000000000000e+00,4.789877011963e+01,0.000000000000e+00,0.000000000000e+00,0.000000000000e+00,0.000000000000e+00,4.853626301759e-04,5.290452668917e-02,2.648080904844e+02,2.580736083984e+02,0.000000000000e+00,1.212586291351e+00,0.000000000000e+00,5.543713400043e+04,1.090000000000e+02
1.187000000000e+03,1.032332275592e+08,7.966168576891e+04,1.201410016438e+06,5.708022263258e-01,3.483159585283e+02,2.868627857278e-06,3.126804364434e-04,0.000000000000e+00,0.000000000000e+00,4.690829550046e+01,0.000000000000e+00,0.000000000000e+00,0.000000000000e+00,0.000000000000e+00,5.566566472228e-04,6.067557454728e-02,2.648508106135e+02,2.582598876953e+02,0.000000000000e+00,1.211894910551e+00,0.000000000000e+00,5.543776018300e+04,1.090000000000e+02
1.188000000000e+03,1.032331815129e+08,7.970773207345e+04,1.206089393441e+06,5.725137726008e-01,3.486246582017e+02,-1.681873621311e-05,-1.833242247230e-03,0.000000000000e+00,0.000000000000e+00,4.604630453482e+01,0.000000000000e+00,0.000000000000e+00,0.000000000000e+00,0.000000000000e+00,7.560708638600e-04,8.241172416074e-02,2.648788646011e+02,2.582938537598e+02,0.000000000000e+00,1.211001958259e+00,0.000000000000e+00,5.543817434714e+04,1.090000000000e+02
1.189000000000e+03,1.032331362415e+08,7.975300346493e+04,1.211071590948e+06,5.742605361814e-01,3.489966123247e+02,-1.921112581560e-05,-2.094012713900e-03,0.000000000000e+00,0.000000000000e+00,4.527139148523e+01,0.000000000000e+00,0.000000000000e+00,0.000000000000e+00,0.000000000000e+00,8.033518070345e-04,8.756534696676e-02,2.649153128377e+02,2.583962707520e+02,0.000000000000e+00,1.209919052517e+00,0.000000000000e+00,5.543870747473e+04,1.090000000000e+02
1.190000000000e+03,1.032330916695e+08,7.979757541296e+04,1.215143081875e+06,5.753540222456e-01,3.495003783113e+02,-5.073552091523e-06,-5.530171779760e-04,0.000000000000e+00,0.000000000000e+00,4.457194802284e+01,0.000000000000e+00,0.000000000000e+00,0.000000000000e+00,0.000000000000e+00,6.663932299617e-04,7.263686206583e-02,2.649591703327e+02,2.586511230469e+02,0.000000000000e+00,1.209485701473e+00,0.000000000000e+00,5.543934284728e+04,1.090000000000e+02
1.191000000000e+03,1.032330477558e+08,7.984148912884e+04,1.219949369245e+06,5.771624076563e-01,3.497784638522e+02,2.313858680341e-05,2.522105961571e-03,0.000000000000e+00,0.000000000000e+00,4.391371588739e+01,0.000000000000e+00,0.000000000000e+00,0.000000000000e+00,0.000000000000e+00,8.156705343114e-04,8.890808823995e-02,2.650133894776e+02,2.590455932617e+02,0.000000000000e+00,1.208168765383e+00,0.000000000000e+00,5.544011940584e+04,1.090000000000e+02
1.192000000000e+03,1.032330044495e+08,7.988479543111e+04,1.224654351667e+06,5.787225160491e-01,3.501766409889e+02,3.790809149959e-05,4.131981973455e-03,0.000000000000e+00,0.000000000000e+00,4.330630226920e+01,0.000000000000e+00,0.000000000000e+00,0.000000000000e+00,0.000000000000e+00,8.140345481414e-04,8.872976574741e-02,2.650606254094e+02,2.592492065430e+02,0.000000000000e+00,1.205524023690e+00,0.000000000000e+00,5.544079211264e+04,1.090000000000e+02
1.193000000000e+03,1.032329616578e+08,7.992758716554e+04,1.228518897768e+06,5.797946220324e-01,3.506299006894e+02,6.957401884736e-05,7.583568054362e-03,0.000000000000e+00,0.000000000000e+00,4.279173442583e+01,0.000000000000e+00,0.000000000000e+00,0.000000000000e+00,0.000000000000e+00,7.077988313345e-04,7.715007261546e-02,2.650847892925e+02,2.592140502930e+02,0.000000000000e+00,1.204245857360e+00,0.000000000000e+00,5.544114060708e+04,1.090000000000e+02
1.194000000000e+03,1.032329193501e+08,7.996989482662e+04,1.232855128776e+06,5.809979637314e-01,3.511347676208e+02,7.168170309722e-05,7.813305637597e-03,0.000000000000e+00,0.000000000000e+00,4.230766108094e+01,0.000000000000e+00,0.000000000000e+00,0.000000000000e+00,0.000000000000e+00,7.869341233855e-04,8.577581944902e-02,2.651288613497e+02,2.595045776367e+02,0.000000000000e+00,1.203749028732e+00,0.000000000000e+00,5.544176481176e+04,1.090000000000e+02
1.195000000000e+03,1.032328775420e+08,8.001170294046e+04,1.236602109130e+06,5.819961287188e-01,3.515916868360e+02,5.968391209569e-05,6.505546418431e-03,0.000000000000e+00,0.000000000000e+00,4.180811384114e+01,0.000000000000e+00,0.000000000000e+00,0.000000000000e+00,0.000000000000e+00,6.760999350661e-04,7.369489292220e-02,2.651992083165e+02,2.601454162598e+02,0.000000000000e+00,1.202812007077e+00,0.000000000000e+00,5.544274543916e+04,1.090000000000e+02
1.196000000000e+03,1.032328361896e+08,8.005305542846e+04,1.240550949245e+06,5.832117410613e-01,3.519737248314e+02,5.846791774415e-05,6.373003034112e-03,0.000000000000e+00,0.000000000000e+00,4.135248799904e+01,0.000000000000e+00,0.000000000000e+00,0.000000000000e+00,0.000000000000e+00,7.086789314538e-04,7.724600352846e-02,2.652621231957e+02,2.603712158203e+02,0.000000000000e+00,1.202427020377e+00,0.000000000000e+00,5.544361462464e+04,1.090000000000e+02
1.197000000000e+03,1.032327952405e+08,8.009400445460e+04,1.244679701914e+06,5.844875031216e-01,3.523680394704e+02,7.088660774707e-05,7.726640244430e-03,0.000000000000e+00,0.000000000000e+00,4.094902613636e+01,0.000000000000e+00,0.000000000000e+00,0.000000000000e+00,0.000000000000e+00,7.503939314250e-04,8.179293852533e-02,2.653345400622e+02,2.609060668945e+02,0.000000000000e+00,1.202427020377e+00,0.000000000000e+00,5.544460515840e+04,1.090000000000e+02
1.198000000000e+03,1.032327546421e+08,8.013460286911e+04,1.248074034288e+06,5.853210534892e-01,3.528203243378e+02,8.449352644184e-05,9.209794382160e-03,0.000000000000e+00,0.000000000000e+00,4.059841451331e+01,0.000000000000e+00,0.000000000000e+00,0.000000000000e+00,0.000000000000e+00,6.429413991236e-04,7.008061250448e-02,2.653979410134e+02,2.612587280273e+02,0.000000000000e+00,1.200764119199e+00,0.000000000000e+00,5.544546511810e+04,1.090000000000e+02
1.199000000000e+03,1.032327143864e+08,8.017485853950e+04,1.250854273180e+06,5.858306841670e-01,3.532894980580e+02,1.136110818781e-04,1.238360792471e-02,0.000000000000e+00,0.000000000000e+00,4.025567038865e+01,0.000000000000e+00,0.000000000000e+00,0.000000000000e+00,0.000000000000e+00,5.682765324003e-04,6.194214203163e-02,2.655055036263e+02,2.623363647461e+02,0.000000000000e+00,1.199945576766e+00,0.000000000000e+00,5.544690258577e+04,1.090000000000e+02
1.200000000000e+03,1.032326744016e+08,8.021484335626e+04,1.254133057166e+06,5.866698822212e-01,3.537013730773e+02,1.032491141303e-04,1.125415344020e-02,0.000000000000e+00,0.000000000000e+00,3.998481675638e+01,0.000000000000e+00,0.000000000000e+00,0.000000000000e+00,0.000000000000e+00,6.413641248569e-04,6.990868960941e-02,2.655945837359e+02,2.624875183105e+02,0.000000000000e+00,1.199760391581e+00,0.000000000000e+00,5.544807669163e+04,1.090000000000e+02
1.201000000000e+03,1.032326345856e+08,8.025465937724e+04,1.259386199660e+06,5.887308059088e-01,3.539342956284e+02,9.241002424894e-05,1.007269264313e-02,0.000000000000e+00,0.000000000000e+00,3.981602098558e+01,0.000000000000e+00,0.000000000000e+00,0.000000000000e+00,0.000000000000e+00,9.584919103151e-04,1.044756182243e-01,2.656574086355e+02,2.624607849121e+02,0.000000000000e+00,1.199482613803e+00,0.000000000000e+00,5.544889882155e+04,1.090000000000e+02
1.202000000000e+03,1.032325949282e+08,8.029431676234e+04,1.263439527041e+06,5.898905376127e-01,3.543681847364e+02,1.168327801863e-04,1.273477304030e-02,0.000000000000e+00,0.000000000000e+00,3.965738509563e+01,0.000000000000e+00,0.000000000000e+00,0.000000000000e+00,0.000000000000e+00,7.832491307877e-04,8.537415525586e-02,2.657440027032e+02,2.630239257812e+02,0.000000000000e+00,1.199204836026e+00,0.000000000000e+00,5.545001965756e+04,1.090000000000e+02
1.203000000000e+03,1.032325553344e+08,8.033391053599e+04,1.266631113968e+06,5.907516824694e-01,3.547411857556e+02,1.337855896208e-04,1.458262926867e-02,0.000000000000e+00,0.000000000000e+00,3.959377365005e+01,0.000000000000e+00,0.000000000000e+00,0.000000000000e+00,0.000000000000e+00,6.592985758838e-04,7.186354477134e-02,2.657962411318e+02,2.627440795898e+02,0.000000000000e+00,1.198513455225e+00,0.000000000000e+00,5.545069136304e+04,1.090000000000e+02
1.204000000000e+03,1.032325157934e+08,8.037345157858e+04,1.269554453566e+06,5.912876161463e-01,3.552307426080e+02,1.225714373661e-04,1.336028667290e-02,0.000000000000e+00,0.000000000000e+00,3.954104259223e+01,0.000000000000e+00,0.000000000000e+00,0.000000000000e+00,0.000000000000e+00,6.021573021614e-04,6.563514593560e-02,2.658809020898e+02,2.635914916992e+02,0.000000000000e+00,1.197669812135e+00,0.000000000000e+00,5.545176766539e+04,1.090000000000e+02
1.205000000000e+03,1.032324763219e+08,8.041292306043e+04,1.273425795459e+06,5.925341729527e-01,3.555554222419e+02,1.349294429341e-04,1.470730927982e-02,0.000000000000e+00,0.000000000000e+00,3.947148185159e+01,0.000000000000e+00,0.000000000000e+00,0.000000000000e+00,0.000000000000e+00,7.701273076995e-04,8.394387653925e-02,2.659923503159e+02,2.643602294922e+02,0.000000000000e+00,1.196288723487e+00,0.000000000000e+00,5.545316199707e+04,1.090000000000e+02
1.206000000000e+03,1.032324368615e+08,8.045238346599e+04,1.277297434718e+06,5.937014583511e-01,3.559252341987e+02,1.553713710405e-04,1.693547944341e-02,0.000000000000e+00,0.000000000000e+00,3.946040556257e+01,0.000000000000e+00,0.000000000000e+00,0.000000000000e+00,0.000000000000e+00,7.899650537621e-04,8.610619086007e-02,2.661190739606e+02,2.653844299316e+02,0.000000000000e+00,1.195107440495e+00,0.000000000000e+00,5.545471998724e+04,1.090000000000e+02
1.207000000000e+03,1.032323972694e+08,8.049197558402e+04,1.280328381525e+06,5.943867809943e-01,3.563511150825e+02,1.668338554915e-04,1.818489024857e-02,0.000000000000e+00,0.000000000000e+00,3.959211802458e+01,0.000000000000e+00,0.000000000000e+00,0.000000000000e+00,0.000000000000e+00,6.638972949432e-04,7.236480514881e-02,2.662135178680e+02,2.653823852539e+02,0.000000000000e+00,1.192300892901e+00,0.000000000000e+00,5.545586378437e+04,1.090000000000e+02
1.208000000000e+03,1.032323574756e+08,8.053176934589e+04,1.283353713614e+06,5.951406850725e-01,3.567343048622e+02,1.923374124546e-04,2.096477795755e-02,0.000000000000e+00,0.000000000000e+00,3.979376187157e+01,0.000000000000e+00,0.000000000000e+00,0.000000000000e+00,0.000000000000e+00,6.890417926255e-04,7.510555539618e-02,2.662960335321e+02,2.653506774902e+02,0.000000000000e+00,1.192300892901e+00,0.000000000000e+00,5.545685239906e+04,1.090000000000e+02
1.209000000000e+03,1.032323174841e+08,8.057176093254e+04,1.286758558280e+06,5.961013373383e-01,3.570974907929e+02,1.884332288407e-04,2.053922194364e-02,0.000000000000e+00,0.000000000000e+00,3.999158665393e+01,0.000000000000e+00,0.000000000000e+00,0.000000000000e+00,0.000000000000e+00,7.476292570031e-04,8.149158901334e-02,2.663856372511e+02,2.656712951660e+02,0.000000000000e+00,1.191670037487e+00,0.000000000000e+00,5.545791327203e+04,1.090000000000e+02
1.210000000000e+03,1.032322772413e+08,8.061200371889e+04,1.291190117788e+06,5.979699944795e-01,3.572008718817e+02,1.988309736273e-04,2.167257612537e-02,0.000000000000e+00,0.000000000000e+00,4.024278634290e+01,0.000000000000e+00,0.000000000000e+00,0.000000000000e+00,0.000000000000e+00,9.279504056665e-04,1.011465942176e-01,2.664742575148e+02,2.658271179199e+02,0.000000000000e+00,1.189947263235e+00,0.000000000000e+00,5.545894908523e+04,1.090000000000e+02
1.211000000000e+03,1.032323660978e+08,8.052314721257e+04,1.295012680588e+06,5.988140489956e-01,3.577492829557e+02,2.096471587422e-04,2.285154030290e-02,0.000000000000e+00,0.000000000000e+00,-8.885650631441e+01,0.000000000000e+00,0.000000000000e+00,0.000000000000e+00,0.000000000000e+00,8.395411089025e-04,9.150998087037e-02,2.665323677526e+02,2.656517944336e+02,0.000000000000e+00,1.186891707679e+00,0.000000000000e+00,5.545958434382e+04,1.090000000000e+02
1.212000000000e+03,1.032323864019e+08,8.050284309155e+04,1.298270262266e+06,5.998455418710e-01,3.580272230604e+02,2.470934873191e-04,2.693319011778e-02,0.000000000000e+00,0.000000000000e+00,-2.030412102009e+01,0.000000000000e+00,0.000000000000e+00,0.000000000000e+00,0.000000000000e+00,7.828325462431e-04,8.532874754050e-02,2.666038318824e+02,2.660412597656e+02,0.000000000000e+00,1.184923844313e+00,0.000000000000e+00,5.546039524092e+04,1.090000000000e+02
1.213000000000e+03,1.032323888850e+08,8.050036000389e+04,1.302632586382e+06,6.014576293843e-01,3.582592114059e+02,3.140863770944e-04,3.423541510328e-02,0.000000000000e+00,0.000000000000e+00,-2.483087665479e+00,0.000000000000e+00,0.000000000000e+00,0.000000000000e+00,0.000000000000e+00,1.030791133393e-03,1.123562335398e-01,2.667157835715e+02,2.670380859375e+02,0.000000000000e+00,1.183896247319e+00,0.000000000000e+00,5.546165974976e+04,1.090000000000e+02
1.214000000000e+03,1.032323183576e+08,8.057088743157e+04,1.308363432154e+06,6.036965923302e-01,3.584921654347e+02,3.311516680746e-04,3.609553182013e-02,0.000000000000e+00,0.000000000000e+00,7.052742768093e+01,0.000000000000e+00,0.000000000000e+00,0.000000000000e+00,0.000000000000e+00,1.273916716141e-03,1.388569220594e-01,2.668336516199e+02,2.674275207520e+02,0.000000000000e+00,1.183354087368e+00,0.000000000000e+00,5.546299567170e+04,1.090000000000e+02
1.215000000000e+03,1.032322548088e+08,8.063443619225e+04,1.314325451808e+06,6.063058001206e-01,3.585705189361e+02,2.639562157366e-04,2.877122751529e-02,0.000000000000e+00,0.000000000000e+00,6.354876068255e+01,0.000000000000e+00,0.000000000000e+00,0.000000000000e+00,0.000000000000e+00,1.246846085893e-03,1.359062233624e-01,2.669100460963e+02,2.674375915527e+02,0.000000000000e+00,1.183256503999e+00,0.000000000000e+00,5.546383893625e+04,1.090000000000e+02
1.216000000000e+03,1.032321958787e+08,8.069336625601e+04,1.319320931440e+06,6.082356625231e-01,3.587872301898e+02,2.285846662407e-04,2.491572862023e-02,0.000000000000e+00,0.000000000000e+00,5.893006376569e+01,0.000000000000e+00,0.000000000000e+00,0.000000000000e+00,0.000000000000e+00,1.052390777662e-03,1.147105947652e-01,2.669681755140e+02,2.670426025391e+02,0.000000000000e+00,1.182953615095e+00,0.000000000000e+00,5.546447407863e+04,1.090000000000e+02
1.217000000000e+03,1.032321393299e+08,8.074991503739e+04,1.322609008614e+06,6.090956943894e-01,3.591716139307e+02,2.530481900342e-04,2.758225271373e-02,0.000000000000e+00,0.000000000000e+00,5.654878137012e+01,0.000000000000e+00,0.000000000000e+00,0.000000000000e+00,0.000000000000e+00,7.957450515523e-04,8.673621061920e-02,2.669955190195e+02,2.664530639648e+02,0.000000000000e+00,1.182540012073e+00,0.000000000000e+00,5.546477329864e+04,1.090000000000e+02
1.218000000000e+03,1.032320843282e+08,8.080491679978e+04,1.325624045398e+06,6.099067435260e-01,3.595093813612e+02,2.687243554008e-04,2.929095473869e-02,0.000000000000e+00,0.000000000000e+00,5.500176239554e+01,0.000000000000e+00,0.000000000000e+00,0.000000000000e+00,0.000000000000e+00,7.660398338953e-04,8.349834189459e-02,2.670279553773e+02,2.665059814453e+02,0.000000000000e+00,1.182632604665e+00,0.000000000000e+00,5.546512649392e+04,1.090000000000e+02
1.219000000000e+03,1.032320305329e+08,8.085871203585e+04,1.330181497029e+06,6.119573854938e-01,3.595327579573e+02,2.951226301027e-04,3.216836668119e-02,0.000000000000e+00,0.000000000000e+00,5.379523606706e+01,0.000000000000e+00,0.000000000000e+00,0.000000000000e+00,0.000000000000e+00,1.046656730148e-03,1.140855835861e-01,2.670819049775e+02,2.668302612305e+02,0.000000000000e+00,1.181974146760e+00,0.000000000000e+00,5.546570598354e+04,1.090000000000e+02
1.220000000000e+03,1.032319777175e+08,8.091152749848e+04,1.333471391684e+06,6.126478713254e-01,3.600085844975e+02,3.460525086801e-04,3.771972344613e-02,0.000000000000e+00,0.000000000000e+00,5.281546262818e+01,0.000000000000e+00,0.000000000000e+00,0.000000000000e+00,0.000000000000e+00,8.858191614959e-04,9.655428860306e-02,2.671865741437e+02,2.678546447754e+02,0.000000000000e+00,1.180541894860e+00,0.000000000000e+00,5.546681142047e+04,1.090000000000e+02
1.221000000000e+03,1.032319255560e+08,8.096368903764e+04,1.335497515718e+06,6.128528253000e-01,3.604277755899e+02,3.366128664564e-04,3.669080244375e-02,0.000000000000e+00,0.000000000000e+00,5.216153916379e+01,0.000000000000e+00,0.000000000000e+00,0.000000000000e+00,0.000000000000e+00,6.673012826894e-04,7.273583981315e-02,2.672938912224e+02,2.686212768555e+02,0.000000000000e+00,1.179427613701e+00,0.000000000000e+00,5.546792467950e+04,1.090000000000e+02
1.222000000000e+03,1.032318738632e+08,8.101538182389e+04,1.337814446937e+06,6.133713998681e-01,3.607390683467e+02,3.847843856858e-04,4.194149803976e-02,0.000000000000e+00,0.000000000000e+00,5.169278624773e+01,0.000000000000e+00,0.000000000000e+00,0.000000000000e+00,0.000000000000e+00,7.626330761330e-04,8.312700529849e-02,2.674260353368e+02,2.694077758789e+02,0.000000000000e+00,1.177546371702e+00,0.000000000000e+00,5.546926969607e+04,1.090000000000e+02
1.223000000000e+03,1.032318224422e+08,8.106680277275e+04,1.340080696531e+06,6.137886802104e-01,3.610958570454e+02,4.089927100797e-04,4.458020539869e-02,0.000000000000e+00,0.000000000000e+00,5.142094886607e+01,0.000000000000e+00,0.000000000000e+00,0.000000000000e+00,0.000000000000e+00,7.785164806849e-04,8.485829639465e-02,2.675591318489e+02,2.699099731445e+02,0.000000000000e+00,1.176826807046e+00,0.000000000000e+00,5.547059576378e+04,1.090000000000e+02
1.224000000000e+03,1.032317711248e+08,8.111812021156e+04,1.342728688555e+06,6.145475354561e-01,3.613539577515e+02,4.533429837822e-04,4.941438523226e-02,0.000000000000e+00,0.000000000000e+00,5.131743880961e+01,0.000000000000e+00,0.000000000000e+00,0.000000000000e+00,0.000000000000e+00,8.859795465545e-04,9.657177057444e-02,2.676952131721e+02,2.703914794922e+02,0.000000000000e+00,1.176641621860e+00,0.000000000000e+00,5.547192291730e+04,1.090000000000e+02
1.225000000000e+03,1.032317196462e+08,8.116959883823e+04,1.347265841328e+06,6.164998947119e-01,3.614205541573e+02,4.855426808106e-04,5.292415220836e-02,0.000000000000e+00,0.000000000000e+00,5.147862667126e+01,0.000000000000e+00,0.000000000000e+00,0.000000000000e+00,0.000000000000e+00,1.232094724115e-03,1.342983249285e-01,2.677948789961e+02,2.702321166992e+02,0.000000000000e+00,1.175206954621e+00,0.000000000000e+00,5.547287629980e+04,1.090000000000e+02
1.226000000000e+03,1.032316678477e+08,8.122139723997e+04,1.351998155039e+06,6.183721974165e-01,3.615876557060e+02,4.833280760663e-04,5.268276029123e-02,0.000000000000e+00,0.000000000000e+00,5.179840173435e+01,0.000000000000e+00,0.000000000000e+00,0.000000000000e+00,0.000000000000e+00,1.263349879500e-03,1.377051368655e-01,2.678638235493e+02,2.700245056152e+02,0.000000000000e+00,1.175114362028e+00,0.000000000000e+00,5.547352733469e+04,1.090000000000e+02
1.227000000000e+03,1.032316158930e+08,8.127325964642e+04,1.355265422345e+06,6.191147981683e-01,3.620213539965e+02,4.836970418350e-04,5.272297756001e-02,0.000000000000e+00,9.248961652053e-02,5.195489607261e+01,0.000000000000e+00,0.000000000000e+00,0.000000000000e+00,0.000000000000e+00,1.020726158067e-03,1.112591512293e-01,2.679518332100e+02,2.705227355957e+02,0.000000000000e+00,1.174203227002e+00,9.248961652053e-02,5.547434888581e+04,1.090000000000e+02
1.228000000000e+03,1.032315634857e+08,8.131899914009e+04,1.357923625895e+06,6.198200055021e-01,3.623139557929e+02,4.908970198687e-04,5.350777516569e-02,0.000000000000e+00,6.667396790790e+00,5.240689045627e+01,0.000000000000e+00,0.000000000000e+00,0.000000000000e+00,0.000000000000e+00,9.275588759197e-04,1.011039174752e-01,2.680309013086e+02,2.704778747559e+02,0.000000000000e+00,1.171996934948e+00,6.667396790790e+00,5.547507709284e+04,1.090000000000e+02
1.229000000000e+03,1.032315105347e+08,8.136116389183e+04,1.359957843385e+06,6.202135417921e-01,3.626217377070e+02,5.111614656089e-04,5.571659975137e-02,0.000000000000e+00,1.078604273022e+01,5.295079447329e+01,0.000000000000e+00,0.000000000000e+00,0.000000000000e+00,0.000000000000e+00,8.446389881416e-04,9.206564970744e-02,2.681105294917e+02,2.707965087891e+02,0.000000000000e+00,1.170929353194e+00,1.078604273022e+01,5.547580116890e+04,1.090000000000e+02
1.230000000000e+03,1.032314571502e+08,8.139916295045e+04,1.361731244226e+06,6.205087516904e-01,3.629160334560e+02,5.757966485206e-04,6.276183468874e-02,0.000000000000e+00,1.538631263517e+01,5.338537125509e+01,0.000000000000e+00,0.000000000000e+00,0.000000000000e+00,0.000000000000e+00,8.654616123349e-04,9.433531574451e-02,2.682097921550e+02,2.715332641602e+02,0.000000000000e+00,1.170744168009e+00,1.538631263517e+01,5.547669037554e+04,1.090000000000e+02
1.231000000000e+03,1.032314032234e+08,8.143419868130e+04,1.362967387256e+06,6.205067322270e-01,3.632416184674e+02,6.556481792925e-04,7.146565154288e-02,0.000000000000e+00,1.889167929149e+01,5.392741013370e+01,0.000000000000e+00,0.000000000000e+00,0.000000000000e+00,0.000000000000e+00,8.569523988138e-04,9.340781147070e-02,2.682971027039e+02,2.717089233398e+02,0.000000000000e+00,1.169673157579e+00,1.889167929149e+01,5.547745967980e+04,1.090000000000e+02
1.232000000000e+03,1.032313487826e+08,8.146494892027e+04,1.363740213471e+06,6.203162723606e-01,3.635524686273e+02,6.935978432062e-04,7.560216490948e-02,0.000000000000e+00,2.369050396910e+01,5.444074294365e+01,0.000000000000e+00,0.000000000000e+00,0.000000000000e+00,0.000000000000e+00,8.172407229617e-04,8.907923880283e-02,2.684151068337e+02,2.724472961426e+02,0.000000000000e+00,1.169102985694e+00,2.369050396910e+01,5.547848193362e+04,1.090000000000e+02
1.233000000000e+03,1.032312937298e+08,8.149074522970e+04,1.364426102243e+06,6.200395629084e-01,3.638911180406e+02,6.627918522170e-04,7.224431189165e-02,0.000000000000e+00,2.925644598967e+01,5.505275541551e+01,0.000000000000e+00,0.000000000000e+00,0.000000000000e+00,0.000000000000e+00,7.721743993114e-04,8.416700952494e-02,2.685323018049e+02,2.728903503418e+02,0.000000000000e+00,1.164549437607e+00,2.925644598967e+01,5.547947571611e+04,1.090000000000e+02
1.234000000000e+03,1.032315673858e+08,8.157414842536e+04,1.365256828334e+06,6.198770593020e-01,3.642005386970e+02,6.650575450920e-04,7.249127241503e-02,0.000000000000e+00,4.462327933050e+01,-2.736562210615e+02,6.642049737461e-05,7.239834213832e-03,0.000000000000e+00,0.000000000000e+00,8.641545537622e-04,9.419284636008e-02,2.686733914062e+02,2.731107177734e+02,0.000000000000e+00,1.160565451519e+00,4.462327933050e+01,5.548062954261e+04,1.090000000000e+02
1.235000000000e+03,1.032437725307e+08,8.380712769103e+04,1.352536697421e+06,6.135856870257e-01,3.644689895678e+02,5.994296386926e-04,6.533783061749e-02,0.000000000000e+00,4.162581611676e+02,-1.220514439548e+04,2.456176529331e-03,2.677232416970e-01,0.000000000000e+00,0.000000000000e+00,9.290273940686e-04,1.012639859535e-01,2.694705573941e+02,2.735635070801e+02,0.000000000000e+00,1.033884045075e+00,4.162581611676e+02,5.548637815478e+04,1.090000000000e+02
1.236000000000e+03,1.032754508433e+08,9.445210345586e+04,1.324930780810e+06,6.001669734988e-01,3.649437782134e+02,4.847863733746e-04,5.284171469783e-02,0.000000000000e+00,2.919281724109e+03,-3.167831169079e+04,4.549571397834e-03,4.959032823639e-01,2.930185443187e-03,3.193902133074e-01,4.286216650812e-04,4.671976149386e-02,2.713488029617e+02,2.737495727539e+02,0.000000000000e+00,6.650842116735e-01,2.919281724109e+03,5.549682906517e+04,1.090000000000e+02
1.237000000000e+03,1.033110444042e+08,1.146898601278e+05,1.268007738256e+06,5.733021965813e-01,3.655949408710e+02,2.695750273017e-04,2.938367797588e-02,0.000000000000e+00,1.819310800295e+04,-3.559357124395e+04,9.161244424047e-03,9.985756422211e-01,3.075156524720e-03,3.351920611945e-01,0.000000000000e+00,0.000000000000e+00,2.726912037659e+02,2.749679870605e+02,0.000000000000e+00,2.126647024574e-01,1.819310800295e+04,5.550231105334e+04,1.090000000000e+02
1.238000000000e+03,1.033289654937e+08,1.351601579079e+05,1.181843711153e+06,5.333884878900e-01,3.662425691687e+02,5.740063028393e-05,6.256668700948e-03,0.000000000000e+00,4.890737738291e+04,-1.792108510725e+04,1.418941708616e-02,1.546646462392e+00,2.405090114641e-04,2.621548224959e-02,0.000000000000e+00,0.000000000000e+00,2.730716684482e+02,2.757260437012e+02,0.000000000000e+00,3.425925925884e-03,4.890737738291e+04,5.550351313544e+04,1.090000000000e+02
1.239000000000e+03,1.033328358510e+08,1.524488735170e+05,1.080041510666e+06,4.866275639054e-01,3.668565211989e+02,-5.915353462657e-05,-6.447735274296e-03,0.000000000000e+00,8.243318700815e+04,-3.870349269972e+03,1.688625434426e-02,1.840601723524e+00,2.367655574790e-04,2.580744576521e-02,0.000000000000e+00,0.000000000000e+00,2.730642867363e+02,2.760657348633e+02,0.000000000000e+00,3.148148148126e-03,8.243318700815e+04,5.550349584391e+04,1.090000000000e+02
1.240000000000e+03,1.033354098393e+08,1.673913217329e+05,9.698437555074e+05,4.362929745655e-01,3.674312346753e+02,-1.179005527273e-04,-1.285116024727e-02,0.000000000000e+00,9.810713299570e+04,-2.573984699744e+03,1.833273426225e-02,1.998268034585e+00,7.789768042744e-04,8.490847166591e-02,0.000000000000e+00,0.000000000000e+00,2.730598530498e+02,2.761352539063e+02,0.000000000000e+00,6.203703703679e-03,9.810713299570e+04,5.550348538400e+04,1.090000000000e+02
1.241000000000e+03,1.033372703513e+08,1.810332770611e+05,8.584293486513e+05,3.855836961807e-01,3.679920255281e+02,-1.238087418178e-04,-1.349515285814e-02,0.000000000000e+00,1.024912320671e+05,-1.860511561463e+03,1.853975294058e-02,2.020833070524e+00,9.637267079400e-04,1.050462111655e-01,0.000000000000e+00,0.000000000000e+00,2.730559279891e+02,2.759951782227e+02,0.000000000000e+00,9.351851851824e-03,1.024912320671e+05,5.550347544845e+04,1.090000000000e+02
1.242000000000e+03,1.033387311083e+08,1.938070977090e+05,7.406274916720e+05,3.321906059216e-01,3.685232599995e+02,-1.427410190246e-04,-1.555877107368e-02,0.000000000000e+00,1.087423308096e+05,-1.460755056785e+03,1.961450759162e-02,2.137981327486e+00,7.126616216830e-04,7.768011676345e-02,0.000000000000e+00,0.000000000000e+00,2.730545861560e+02,2.762627258301e+02,0.000000000000e+00,7.129629629612e-03,1.087423308096e+05,5.550347177660e+04,1.090000000000e+02
1.243000000000e+03,1.033398509905e+08,2.056110313510e+05,6.186249092819e+05,2.770902519390e-01,3.690272508420e+02,-1.520745585486e-04,-1.657612688179e-02,0.000000000000e+00,1.164517633995e+05,-1.119878268107e+03,2.031818821196e-02,2.214682515104e+00,1.066634968209e-03,1.162632115347e-01,0.000000000000e+00,0.000000000000e+00,2.730528490335e+02,2.762880859375e+02,0.000000000000e+00,5.462962962957e-03,1.164517633995e+05,5.550346734827e+04,1.090000000000e+02
1.244000000000e+03,1.033407217904e+08,2.166333752218e+05,4.977105995052e+05,2.226558212333e-01,3.694834250409e+02,-1.666521161457e-04,-1.816508065989e-02,0.000000000000e+00,1.146045690810e+05,-8.707958183824e+02,2.015286952424e-02,2.196662778142e+00,7.562658273640e-04,8.243297518268e-02,0.000000000000e+00,0.000000000000e+00,2.730474230265e+02,2.766585998535e+02,0.000000000000e+00,4.351851851848e-03,1.146045690810e+05,5.550345324867e+04,1.090000000000e+02
1.245000000000e+03,1.033414361069e+08,2.257597426114e+05,3.618475596290e+05,1.617519781806e-01,3.697662716692e+02,-2.493029444008e-04,-2.717402093969e-02,0.000000000000e+00,1.745763786944e+05,-7.143147064291e+02,2.270650378652e-02,2.475008912731e+00,7.776262235060e-03,8.476125836215e-01,0.000000000000e+00,0.000000000000e+00,2.730606845661e+02,2.772521362305e+02,0.000000000000e+00,3.425925925930e-03,1.745763786944e+05,5.550349108871e+04,1.090000000000e+02
1.246000000000e+03,1.033418167734e+08,2.327535705697e+05,2.154684148482e+05,9.630628504536e-02,3.698101135710e+02,-2.850972043422e-04,-3.107559527330e-02,0.000000000000e+00,1.925329921549e+05,-3.806490680820e+02,2.448040313717e-02,2.668363941951e+00,8.562820508457e-03,9.333474354218e-01,0.000000000000e+00,0.000000000000e+00,2.730509030354e+02,2.768986206055e+02,0.000000000000e+00,8.611111111148e-03,1.925329921549e+05,5.550346306523e+04,1.090000000000e+02
1.247000000000e+03,1.033421000492e+08,2.416471310149e+05,7.043635173144e+04,3.153537721168e-02,3.691764219281e+02,-2.749151523351e-04,-2.996575160453e-02,0.000000000000e+00,1.446865892632e+05,-2.832609832015e+02,2.424764327942e-02,2.642993117457e+00,1.184838447258e-03,1.291473907511e-01,0.000000000000e+00,0.000000000000e+00,2.730529177495e+02,2.771823425293e+02,0.000000000000e+00,1.111111111115e-02,1.446865892632e+05,5.550347071884e+04,1.090000000000e+02
1.248000000000e+03,1.033431902036e+08,1.116890033601e+05,3.094306063399e+03,1.396830621838e-03,3.661371420274e+02,-3.850428100493e-04,-4.196966629538e-02,2.810511959733e-03,2.051111608295e+05,-9.341742867418e+02,1.126620023038e-02,1.228015825112e+00,1.086236890327e-03,1.183998210456e-01,0.000000000000e+00,0.000000000000e+00,2.735896938765e+02,2.772532348633e+02,8.333333333322e-04,4.537037037055e-03,2.051111608295e+05,5.550420066161e+04,1.090000000000e+02
1.249000000000e+03,1.033457464561e+08,5.675363427195e+04,2.573971632343e+01,1.174134501881e-05,3.624948042064e+02,4.208758825472e-04,4.587547119764e-02,-5.459015804032e-02,6.069051531273e+04,-5.586279730976e+03,5.125274573434e-04,5.586549285043e-02,1.287458042729e-03,1.403329266575e-01,0.000000000000e+00,0.000000000000e+00,2.781031033058e+02,2.775728149414e+02,2.944444444442e-02,5.462962962960e-02,6.069051531273e+04,5.550185086222e+04,1.090000000000e+02
1.250000000000e+03,1.033437752335e+08,3.768241256504e+04,5.857743937856e-01,2.694218523426e-07,3.601512066527e+02,1.024039173275e-03,1.116202698870e-01,-1.162077135133e-01,2.438776704385e+04,-4.478523409948e+03,4.198887367733e-06,4.576787230829e-04,1.572869057638e-03,1.714427272825e-01,0.000000000000e+00,0.000000000000e+00,2.792393969900e+02,2.781106567383e+02,4.740740740736e-02,7.490740740737e-02,2.438776704385e+04,5.549862182199e+04,1.090000000000e+02
1.251000000000e+03,1.033678137584e+08,2.632946899834e+04,4.235597708140e-01,1.940855341716e-07,3.605678703409e+02,1.317653770174e-03,1.436242609490e-01,-1.438488590629e-01,4.992516754906e+04,-3.202200644928e+04,2.722825005513e-08,2.967879256009e-06,1.166789543737e-02,1.271800602673e+00,0.000000000000e+00,0.000000000000e+00,2.799688317511e+02,2.785783386230e+02,6.592592592587e-02,1.046296296299e-02,4.992516754906e+04,5.549629030064e+04,1.090000000000e+02
1.252000000000e+03,1.033728767375e+08,1.181561733819e+04,4.195017237314e-01,1.918352192615e-07,3.611444268433e+02,1.594558779214e-03,1.738069069343e-01,-1.681156377819e-01,6.630716350723e+04,-1.439293117389e+04,6.571451555671e-10,7.162882195682e-08,1.099375098439e-02,1.198318857298e+00,0.000000000000e+00,0.000000000000e+00,2.803546597838e+02,2.790574340820e+02,8.148148148141e-02,2.379629629631e-02,6.630716350723e+04,5.549503165863e+04,1.090000000000e+02
1.253000000000e+03,1.033799939302e+08,8.614685129027e+03,4.191622987041e-01,1.913300327707e-07,3.617564909367e+02,1.707380753020e-03,1.861045020792e-01,-1.822084215783e-01,4.151277363791e+04,-1.722892470785e+04,5.457197207347e-11,5.948344956008e-09,9.217828966133e-03,1.004743357308e+00,0.000000000000e+00,0.000000000000e+00,2.809893833552e+02,2.794629516602e+02,9.638888888880e-02,9.074074074095e-03,4.151277363791e+04,5.549254536024e+04,1.090000000000e+02
1.254000000000e+03,1.033829946280e+08,1.167919457049e+03,4.191338542072e-01,1.909748767955e-07,3.601272115578e+02,1.834657692258e-03,1.999776884561e-01,-1.924517349990e-01,5.117721774848e+04,-1.368056902540e+04,3.670365935147e-12,4.000698869310e-10,9.560526277404e-03,1.042097364237e+00,0.000000000000e+00,0.000000000000e+00,2.812389361917e+02,2.796016235352e+02,1.085185185184e-01,2.675925925927e-02,5.117721774848e+04,5.549159087024e+04,1.090000000000e+02
1.255000000000e+03,1.033789480731e+08,8.707415947624e+01,4.191445060611e-01,1.906271668840e-07,3.607845894802e+02,1.679869399865e-03,1.831057645853e-01,-1.829757516744e-01,1.080066481447e+04,-6.107449430860e+03,0.000000000000e+00,0.000000000000e+00,2.617803878429e-03,2.853406227487e-01,0.000000000000e+00,0.000000000000e+00,2.809942289934e+02,2.791690673828e+02,1.215740740740e-01,5.740740740740e-02,1.080066481447e+04,5.549290072949e+04,1.090000000000e+02
1.256000000000e+03,1.033754704427e+08,3.608142297291e+01,4.191320188503e-01,1.902825065778e-07,3.614385652296e+02,1.632757888948e-03,1.779706098953e-01,-1.777986411982e-01,8.686584518534e+03,-6.389072623859e+03,0.000000000000e+00,0.000000000000e+00,2.485502094867e-03,2.709197283405e-01,0.000000000000e+00,0.000000000000e+00,2.813709419145e+02,2.793969116211e+02,1.325000000000e-01,7.685185185183e-02,8.686584518534e+03,5.549122463981e+04,1.090000000000e+02
1.257000000000e+03,1.033680914338e+08,3.236490033146e+01,4.191202626874e-01,1.899408459341e-07,3.620891799460e+02,1.624966703551e-03,1.771213706870e-01,-1.770194309421e-01,7.091951736020e+03,-2.444165227966e+03,0.000000000000e+00,0.000000000000e+00,1.576895585381e-03,1.718816188065e-01,0.000000000000e+00,0.000000000000e+00,2.817054037041e+02,2.798356933594e+02,1.432407407407e-01,1.012962962963e-01,7.091951736020e+03,5.548966656801e+04,1.090000000000e+02
1.258000000000e+03,1.033595612269e+08,2.813819159754e+01,4.190771076250e-01,1.896021384277e-07,3.627364739906e+02,1.656671024640e-03,1.805771416858e-01,-1.804719195618e-01,5.811370608693e+03,-1.483937091607e+03,0.000000000000e+00,0.000000000000e+00,1.206429201115e-03,1.315007829215e-01,0.000000000000e+00,0.000000000000e+00,2.828380248704e+02,2.808309326172e+02,1.537037037037e-01,1.254629629629e-01,5.811370608693e+03,5.548396320394e+04,1.090000000000e+02
1.259000000000e+03,1.033628534943e+08,3.089051923437e+01,4.190605599740e-01,1.892663378692e-07,3.633804869666e+02,1.663067536318e-03,1.812743614586e-01,-1.811659283258e-01,5.320761150168e+03,-1.334421826506e+04,0.000000000000e+00,0.000000000000e+00,3.087742739570e-03,3.365639586132e-01,0.000000000000e+00,0.000000000000e+00,2.832443246580e+02,2.810282287598e+02,1.648148148148e-01,1.258333333333e-01,5.320761150168e+03,5.548177074322e+04,1.090000000000e+02
1.260000000000e+03,1.033685832223e+08,3.168893669571e+01,4.190656955360e-01,1.889334012145e-07,3.640212577374e+02,1.718520053054e-03,1.873186857829e-01,-1.871963903926e-01,6.381412039363e+03,-1.611614990849e+04,0.000000000000e+00,0.000000000000e+00,3.721310312790e-03,4.056228240941e-01,0.000000000000e+00,0.000000000000e+00,2.831208530726e+02,2.809876098633e+02,1.752777777777e-01,1.224074074074e-01,6.381412039363e+03,5.548244442453e+04,1.090000000000e+02
1.261000000000e+03,1.033618168299e+08,2.734637714532e+01,4.190472125641e-01,1.886032842713e-07,3.646588244465e+02,1.669953782372e-03,1.820249622786e-01,-1.819102129304e-01,5.616018282781e+03,-3.326565028675e+03,0.000000000000e+00,0.000000000000e+00,1.479008728920e-03,1.612119514523e-01,0.000000000000e+00,0.000000000000e+00,2.835629601843e+02,2.814077453613e+02,1.848148148148e-01,1.425000000000e-01,5.616018282781e+03,5.548000209824e+04,1.090000000000e+02
1.262000000000e+03,1.033543002630e+08,2.442409876769e+01,4.190535945125e-01,1.882759444865e-07,3.652932245346e+02,1.567473104267e-03,1.708545683651e-01,-1.707530199058e-01,4.350781500380e+03,-1.957202993252e+03,0.000000000000e+00,0.000000000000e+00,1.043493952317e-03,1.137408408025e-01,0.000000000000e+00,0.000000000000e+00,2.834113855129e+02,2.810485839844e+02,1.937037037036e-01,1.634259259259e-01,4.350781500380e+03,5.548084983586e+04,1.090000000000e+02
1.263000000000e+03,1.034134893053e+08,4.395850449757e+03,4.190619564893e-01,1.879513402304e-07,3.659244947578e+02,1.804966502100e-03,1.967413487289e-01,-1.939799410772e-01,2.364174940591e+04,-6.995160105129e+04,0.000000000000e+00,0.000000000000e+00,1.622461232987e-02,1.768482743956e+00,0.000000000000e+00,0.000000000000e+00,2.832141023283e+02,2.814255371094e+02,2.016666666666e-01,2.453703703709e-02,2.364174940591e+04,5.548193473808e+04,1.090000000000e+02
1.264000000000e+03,1.034205743080e+08,4.408032774396e+02,4.190644565789e-01,1.876294305866e-07,3.665526712046e+02,2.283026647483e-03,2.488499045756e-01,-2.353477848760e-01,7.738964214028e+04,-2.014296609373e+04,0.000000000000e+00,0.000000000000e+00,1.559743045897e-02,1.700119920027e+00,0.000000000000e+00,0.000000000000e+00,2.831617807080e+02,2.815067443848e+02,2.102777777777e-01,2.879629629631e-02,7.738964214028e+04,5.548222550765e+04,1.090000000000e+02
1.265000000000e+03,1.034034848013e+08,3.387526639848e+01,4.190313010141e-01,1.873101760076e-07,3.671777893117e+02,2.067891587730e-03,2.254001830626e-01,-2.251300097413e-01,9.075920591971e+03,4.598897595046e+03,0.000000000000e+00,0.000000000000e+00,6.754533356447e-04,7.362441358528e-02,0.000000000000e+00,0.000000000000e+00,2.839395892480e+02,2.821379394531e+02,2.195370370370e-01,8.814814814811e-02,9.075920591971e+03,5.547785964614e+04,1.090000000000e+02
1.266000000000e+03,1.033906188205e+08,2.890349358467e+01,4.190206675848e-01,1.869935372838e-07,3.677998838807e+02,1.808104180908e-03,1.970833557189e-01,-1.969591286562e-01,6.040138393175e+03,1.938913551713e+03,0.000000000000e+00,0.000000000000e+00,6.784891863674e-04,7.395532131404e-02,0.000000000000e+00,0.000000000000e+00,2.841793883575e+02,2.824451293945e+02,2.294444444444e-01,1.199074074074e-01,6.040138393175e+03,5.547646682137e+04,1.090000000000e+02
1.267000000000e+03,1.033816969553e+08,2.559930294475e+01,4.190174277410e-01,1.866794762487e-07,3.684189890934e+02,1.594990190742e-03,1.738539307909e-01,-1.737502436428e-01,4.817000230053e+03,-7.174482729873e+02,0.000000000000e+00,0.000000000000e+00,9.156096013103e-04,9.980144654282e-02,0.000000000000e+00,0.000000000000e+00,2.842512562905e+02,2.823237609863e+02,2.387037037036e-01,1.430555555555e-01,4.817000230053e+03,5.547604560750e+04,1.090000000000e+02
1.268000000000e+03,1.034053606701e+08,3.931507094661e+01,4.190293200011e-01,1.863679580614e-07,3.690351385264e+02,1.548857489452e-03,1.688254663502e-01,-1.687141480754e-01,6.015912497243e+03,-3.302369072118e+04,0.000000000000e+00,0.000000000000e+00,6.459297140908e-03,7.040633883590e-01,0.000000000000e+00,0.000000000000e+00,2.839829682502e+02,2.824651489258e+02,2.448148148148e-01,1.025000000000e-01,6.015912497243e+03,5.547760831782e+04,1.090000000000e+02
1.269000000000e+03,1.034229329754e+08,1.013040152851e+02,4.190338089240e-01,1.860589409366e-07,3.696483651658e+02,1.872804558535e-03,2.041356968803e-01,-2.034209194962e-01,1.309316139057e+04,-2.885803469616e+04,0.000000000000e+00,0.000000000000e+00,6.954156037481e-03,7.580030080854e-01,0.000000000000e+00,0.000000000000e+00,2.838821082529e+02,2.821457519531e+02,2.512037037037e-01,6.601851851851e-02,1.309316139057e+04,5.547818654583e+04,1.090000000000e+02
1.270000000000e+03,1.034089713053e+08,3.513467949657e+01,4.190135009117e-01,1.857523916206e-07,3.702587014218e+02,1.928986367645e-03,2.102595140733e-01,-2.100731848885e-01,9.316583658813e+03,2.307117271297e+03,0.000000000000e+00,0.000000000000e+00,1.149874346260e-03,1.253363037423e-01,0.000000000000e+00,0.000000000000e+00,2.843406293771e+02,2.825447692871e+02,2.598148148148e-01,1.076851851851e-01,9.316583658813e+03,5.547551522258e+04,1.090000000000e+02
1.271000000000e+03,1.033952528800e+08,2.939801897464e+01,4.189874785246e-01,1.854482749392e-07,3.708661791416e+02,1.796951722768e-03,1.958677377817e-01,-1.957356423707e-01,6.306685257631e+03,2.859888986965e+03,0.000000000000e+00,0.000000000000e+00,5.702512731226e-04,6.215738877036e-02,0.000000000000e+00,0.000000000000e+00,2.849117395333e+02,2.828715820313e+02,2.693518518518e-01,1.393518518518e-01,6.306685257631e+03,5.547208571062e+04,1.090000000000e+02
1.272000000000e+03,1.033843356655e+08,2.489369308885e+01,4.190041726117e-01,1.851465565226e-07,3.714708296231e+02,1.665607896224e-03,1.815512606884e-01,-1.814361703232e-01,4.779223018816e+03,8.520637718003e+02,0.000000000000e+00,0.000000000000e+00,6.497519899997e-04,7.082296690997e-02,0.000000000000e+00,0.000000000000e+00,2.845450067374e+02,2.822342224121e+02,2.748148148148e-01,1.652777777778e-01,4.779223018816e+03,5.547430229876e+04,1.090000000000e+02
1.273000000000e+03,1.033736830493e+08,2.174974895737e+01,4.190238086012e-01,1.848472026143e-07,3.720726836276e+02,1.452255507621e-03,1.582958503307e-01,-1.582024475493e-01,3.665008180097e+03,1.875989351823e+03,0.000000000000e+00,0.000000000000e+00,2.961609403540e-04,3.228154249859e-02,0.000000000000e+00,0.000000000000e+00,2.841043776714e+02,2.820247192383e+02,2.805555555555e-01,1.904629629630e-01,3.665008180097e+03,5.547690525428e+04,1.090000000000e+02
1.274000000000e+03,1.033680378042e+08,2.129945633287e+01,4.189836502305e-01,1.845501802060e-07,3.726717713924e+02,1.360676988004e-03,1.483137916924e-01,-1.482293755673e-01,3.212327836547e+03,-2.577900340340e+03,0.000000000000e+00,0.000000000000e+00,9.582593171858e-04,1.044502655733e-01,0.000000000000e+00,0.000000000000e+00,2.849903031371e+02,2.832162170410e+02,2.900000000000e-01,2.053703703704e-01,3.212327836547e+03,5.547160668770e+04,1.090000000000e+02
1.275000000000e+03,1.034431064952e+08,2.732992672943e+03,4.189745044294e-01,1.842554568991e-07,3.732681226429e+02,1.656659926700e-03,1.805759320103e-01,-1.795975992419e-01,1.324253783222e+04,-8.503133452646e+04,0.000000000000e+00,0.000000000000e+00,1.671111688240e-02,1.821511740182e+00,0.000000000000e+00,0.000000000000e+00,2.851915833484e+02,2.837638244629e+02,2.962962962963e-01,4.120370370377e-02,1.324253783222e+04,5.547036280876e+04,1.090000000000e+02
1.276000000000e+03,1.034528416134e+08,2.202293935508e+02,4.189775660076e-01,1.839630009453e-07,3.738617666043e+02,2.208843338298e-03,2.407639238745e-01,-2.289140505919e-01,7.244676351865e+04,-2.243349072220e+04,0.000000000000e+00,0.000000000000e+00,1.538534292475e-02,1.677002378797e+00,0.000000000000e+00,0.000000000000e+00,2.851344667139e+02,2.838768920898e+02,3.018518518518e-01,3.759259259260e-02,7.244676351865e+04,5.547072042137e+04,1.090000000000e+02
1.277000000000e+03,1.034328837630e+08,3.419386437419e+01,4.189842602559e-01,1.836727813080e-07,3.744527320130e+02,1.973873228762e-03,2.151521819351e-01,-2.149494005083e-01,9.121866582237e+03,8.034068249243e+03,0.000000000000e+00,0.000000000000e+00,1.509541235445e-04,1.645399946635e-02,0.000000000000e+00,0.000000000000e+00,2.849862746770e+02,2.833965148926e+02,3.100925925925e-01,9.925925925922e-02,9.121866582237e+03,5.547163132023e+04,1.090000000000e+02
1.278000000000e+03,1.034510873714e+08,2.870430143628e+02,4.189998992294e-01,1.833847674532e-07,3.750410471278e+02,1.914988992142e-03,2.087338001434e-01,-2.084953678512e-01,9.171770856800e+03,-2.976963479699e+04,0.000000000000e+00,0.000000000000e+00,6.484259124332e-03,7.067842445522e-01,0.000000000000e+00,0.000000000000e+00,2.846466076897e+02,2.832008056641e+02,3.176851851851e-01,5.675925925927e-02,9.171770856800e+03,5.547369008143e+04,1.090000000000e+02
1.279000000000e+03,1.034612310081e+08,1.197947861841e+03,4.189922451423e-01,1.830989292895e-07,3.756267397406e+02,2.202868116517e-03,2.401126247004e-01,-2.340591138354e-01,3.431558816112e+04,-2.312800390993e+04,0.000000000000e+00,0.000000000000e+00,9.706273892817e-03,1.057983854317e+00,0.000000000000e+00,0.000000000000e+00,2.848161754905e+02,2.836847839355e+02,3.222222222222e-01,3.055555555560e-02,3.431558816112e+04,5.547266651976e+04,1.090000000000e+02
1.280000000000e+03,1.034719607733e+08,5.872146355415e+03,4.189985477447e-01,1.828152378198e-07,3.762098371869e+02,2.231448807971e-03,2.432279200689e-01,-2.279594666638e-01,1.005217231837e+05,-2.337565536248e+04,0.000000000000e+00,0.000000000000e+00,2.140357138406e-02,2.332989280863e+00,0.000000000000e+00,0.000000000000e+00,2.846772679911e+02,2.836751708984e+02,3.334259259259e-01,4.444444444455e-03,1.005217231837e+05,5.547351209756e+04,1.090000000000e+02
1.281000000000e+03,1.034718386284e+08,7.654009863357e+02,4.190055397875e-01,1.825336641922e-07,3.767903663560e+02,2.249910989447e-03,2.452402978497e-01,-2.290633388255e-01,1.045628096461e+05,-1.258517668777e+04,0.000000000000e+00,0.000000000000e+00,1.867783149571e-02,2.035883633032e+00,0.000000000000e+00,0.000000000000e+00,2.845272478475e+02,2.835539245605e+02,3.450925925925e-01,2.166666666668e-02,1.045628096461e+05,5.547441110612e+04,1.090000000000e+02
1.282000000000e+03,1.034592080086e+08,3.955404547910e+01,4.189910945542e-01,1.822541803394e-07,3.773683537009e+02,2.092281406323e-03,2.280586732892e-01,-2.275944146964e-01,1.124021659941e+04,4.887019558808e+00,0.000000000000e+00,0.000000000000e+00,1.742294456526e-03,1.899100957613e-01,0.000000000000e+00,0.000000000000e+00,2.848407564963e+02,2.836198730469e+02,3.571296296295e-01,7.138888888886e-02,1.124021659941e+04,5.547251916345e+04,1.090000000000e+02
1.283000000000e+03,1.034474471950e+08,3.434633809606e+01,4.189968091584e-01,1.819767584412e-07,3.779438252477e+02,1.878795494204e-03,2.047887088683e-01,-2.046443571113e-01,8.162371409010e+03,4.083431093368e+02,0.000000000000e+00,0.000000000000e+00,1.282814535637e-03,1.398267843844e-01,0.000000000000e+00,0.000000000000e+00,2.847132847899e+02,2.832793273926e+02,3.684259259258e-01,1.009259259259e-01,8.162371409010e+03,5.547329151294e+04,1.090000000000e+02
1.284000000000e+03,1.034549377790e+08,4.092077660827e+01,4.189947677441e-01,1.817013713488e-07,3.785168066053e+02,1.719737705761e-03,1.874514099280e-01,-1.873175593187e-01,7.890865550719e+03,-1.788189983742e+04,0.000000000000e+00,0.000000000000e+00,4.264665747805e-03,4.648485665108e-01,0.000000000000e+00,0.000000000000e+00,2.847579548978e+02,2.832844848633e+02,3.791666666666e-01,8.925925925923e-02,7.890865550719e+03,5.547302060672e+04,1.090000000000e+02
1.285000000000e+03,1.034566559356e+08,4.001795080021e+01,4.190043966691e-01,1.814279925884e-07,3.790873229742e+02,1.759327216048e-03,1.917666665493e-01,-1.915752744026e-01,1.044579346652e+04,-1.234580321450e+04,0.000000000000e+00,0.000000000000e+00,3.770881674913e-03,4.110261025655e-01,0.000000000000e+00,0.000000000000e+00,2.845462208550e+02,2.829555969238e+02,3.895370370369e-01,9.027777777775e-02,1.044579346652e+04,5.547429421082e+04,1.090000000000e+02
1.286000000000e+03,1.034428918341e+08,3.356074302901e+01,4.190235945848e-01,1.811565959034e-07,3.796553991555e+02,1.560437111703e-03,1.700876451757e-01,-1.699648302855e-01,7.911781105584e+03,4.335022366914e+03,0.000000000000e+00,0.000000000000e+00,5.915379629944e-04,6.447763796639e-02,0.000000000000e+00,0.000000000000e+00,2.841144242299e+02,2.824926147461e+02,3.996296296296e-01,1.226851851851e-01,7.911781105584e+03,5.547684608778e+04,1.090000000000e+02
1.287000000000e+03,1.034314970626e+08,2.877763194392e+01,4.189994074964e-01,1.808871557069e-07,3.802210595595e+02,1.462243682233e-03,1.593845613634e-01,-1.592768283542e-01,6.061576187039e+03,2.558651880455e+03,0.000000000000e+00,0.000000000000e+00,5.794671288951e-04,6.316191704957e-02,0.000000000000e+00,0.000000000000e+00,2.846524881322e+02,2.827685852051e+02,4.095370370370e-01,1.473148148148e-01,6.061576187039e+03,5.547365778598e+04,1.090000000000e+02
1.288000000000e+03,1.034198949913e+08,2.511617553340e+01,4.189701734987e-01,1.806196468417e-07,3.807843282139e+02,1.454002962826e-03,1.584863229480e-01,-1.583864684648e-01,4.705427921691e+03,2.815889517368e+03,0.000000000000e+00,0.000000000000e+00,3.127817972448e-04,3.409321589968e-02,0.000000000000e+00,0.000000000000e+00,2.852826408494e+02,2.836785278320e+02,4.192592592592e-01,1.732407407407e-01,4.705427921691e+03,5.546980360354e+04,1.090000000000e+02
1.289000000000e+03,1.034085095391e+08,2.200707600157e+01,4.189523009086e-01,1.803540446156e-07,3.813452287720e+02,1.442408668980e-03,1.572225449188e-01,-1.571295666785e-01,3.767409838905e+03,2.669466137091e+03,0.000000000000e+00,0.000000000000e+00,1.818982322634e-04,1.982690731671e-02,0.000000000000e+00,0.000000000000e+00,2.856580150478e+02,2.839899291992e+02,4.292592592592e-01,1.980555555555e-01,3.767409838905e+03,5.546745275697e+04,1.090000000000e+02
1.290000000000e+03,1.033995030475e+08,2.045745343795e+01,4.189578984847e-01,1.800903247807e-07,3.819037845208e+02,1.341506265182e-03,1.462241829048e-01,-1.461428314667e-01,3.139391048508e+03,9.000582972029e+02,0.000000000000e+00,0.000000000000e+00,3.708405510463e-04,4.042162006404e-02,0.000000000000e+00,0.000000000000e+00,2.855402061236e+02,2.839898071289e+02,4.393518518518e-01,2.183333333333e-01,3.139391048508e+03,5.546819532804e+04,1.090000000000e+02
1.291000000000e+03,1.033915471733e+08,1.875556846652e+01,4.189549848540e-01,1.798284635484e-07,3.824600183885e+02,1.226658022054e-03,1.337057244039e-01,-1.336338118038e-01,2.777480082353e+03,5.432827839991e+02,0.000000000000e+00,0.000000000000e+00,3.698817377783e-04,4.031710941783e-02,0.000000000000e+00,0.000000000000e+00,2.856003388469e+02,2.841086730957e+02,4.494444444444e-01,2.361111111111e-01,2.777480082353e+03,5.546781715644e+04,1.090000000000e+02
1.292000000000e+03,1.033852770686e+08,1.813866864823e+01,4.189705836306e-01,1.795684375365e-07,3.830139529521e+02,1.174337345716e-03,1.280027706830e-01,-1.279339134587e-01,2.486450825111e+03,-8.264207494986e+02,0.000000000000e+00,0.000000000000e+00,5.484362775102e-04,5.977955424861e-02,0.000000000000e+00,0.000000000000e+00,2.852700961088e+02,2.834442443848e+02,4.594444444444e-01,2.512037037037e-01,2.486450825111e+03,5.546988259847e+04,1.090000000000e+02
1.293000000000e+03,1.033790754727e+08,1.675423487130e+01,4.189966489211e-01,1.793102238828e-07,3.835656104447e+02,1.101460414687e-03,1.200591852009e-01,-1.199945331385e-01,2.293282115659e+03,-4.548575417287e+02,0.000000000000e+00,0.000000000000e+00,4.548527455512e-04,4.957894926508e-02,0.000000000000e+00,0.000000000000e+00,2.847066540515e+02,2.832254028320e+02,4.693518518518e-01,2.652777777778e-01,2.293282115659e+03,5.547333270978e+04,1.090000000000e+02
1.294000000000e+03,1.033851347843e+08,2.116183470044e+01,4.190083831132e-01,1.790537984778e-07,3.841150127626e+02,1.039468113028e-03,1.133020243200e-01,-1.132360783779e-01,2.571434318473e+03,-1.234111445944e+04,0.000000000000e+00,0.000000000000e+00,2.467541720883e-03,2.689620475763e-01,0.000000000000e+00,0.000000000000e+00,2.844478890777e+02,2.828412170410e+02,4.783333333332e-01,2.571296296296e-01,2.571434318473e+03,5.547488321183e+04,1.090000000000e+02
1.295000000000e+03,1.033900227767e+08,1.957545166380e+01,4.190261502005e-01,1.787991421658e-07,3.846621814721e+02,1.040323530192e-03,1.133952647909e-01,-1.133238098135e-01,3.124461897694e+03,-1.117487828739e+04,0.000000000000e+00,0.000000000000e+00,2.365129964682e-03,2.577991661503e-01,0.000000000000e+00,0.000000000000e+00,2.840488598184e+02,2.824974670410e+02,4.865740740740e-01,2.515740740741e-01,3.124461897694e+03,5.547722880638e+04,1.090000000000e+02
1.296000000000e+03,1.033848636577e+08,1.828212410553e+01,4.190358321864e-01,1.785462347919e-07,3.852071378165e+02,9.874852686751e-04,1.076358942856e-01,-1.075734003452e-01,2.581795033251e+03,-8.089376111653e+02,0.000000000000e+00,0.000000000000e+00,5.610642043914e-04,6.115599827866e-02,0.000000000000e+00,0.000000000000e+00,2.838270792701e+02,2.821470336914e+02,4.950925925925e-01,2.643518518518e-01,2.581795033251e+03,5.547850769950e+04,1.090000000000e+02
1.297000000000e+03,1.033804440531e+08,1.746316707991e+01,4.190341005380e-01,1.782950488577e-07,3.857499027226e+02,9.224832204673e-04,1.005506710309e-01,-1.004937339466e-01,2.374662635414e+03,-1.155731962428e+03,0.000000000000e+00,0.000000000000e+00,5.841833210427e-04,6.367598199366e-02,0.000000000000e+00,0.000000000000e+00,2.838669366262e+02,2.823159179688e+02,5.034259259258e-01,2.752777777778e-01,2.374662635414e+03,5.547827944563e+04,1.090000000000e+02
1.298000000000e+03,1.033743148971e+08,1.615295195934e+01,4.190230035876e-01,1.780455664680e-07,3.862904968070e+02,9.187866449383e-04,1.001477442983e-01,-1.000936952166e-01,2.140163222572e+03,5.760989345365e+02,0.000000000000e+00,0.000000000000e+00,2.589111735219e-04,2.822131791388e-02,0.000000000000e+00,0.000000000000e+00,2.841192388112e+02,2.824949340820e+02,5.112037037036e-01,2.881481481481e-01,2.140163222572e+03,5.547681943207e+04,1.090000000000e+02
1.299000000000e+03,1.033702381248e+08,1.636155572339e+01,4.190083702366e-01,1.777977670685e-07,3.868289403823e+02,9.437345832920e-04,1.028670695788e-01,-1.028117131363e-01,2.011650551698e+03,-1.626912273641e+03,0.000000000000e+00,0.000000000000e+00,6.022543715802e-04,6.564572650225e-02,0.000000000000e+00,0.000000000000e+00,2.844466763387e+02,2.828835449219e+02,5.187037037036e-01,2.975925925926e-01,2.011650551698e+03,5.547489034323e+04,1.090000000000e+02
1.300000000000e+03,1.033675133346e+08,1.588549144716e+01,4.190432693309e-01,1.775516303778e-07,3.873652534634e+02,9.175195496681e-04,1.000096309138e-01,-9.995422711231e-02,2.015243173105e+03,-2.820512208363e+03,0.000000000000e+00,0.000000000000e+00,8.001078948718e-04,8.721176054103e-02,0.000000000000e+00,0.000000000000e+00,2.836527108221e+02,2.819721069336e+02,5.256481481481e-01,3.050925925926e-01,2.015243173105e+03,5.547949970567e+04,1.090000000000e+02
1.301000000000e+03,1.033634858097e+08,1.526765932242e+01,4.190509269443e-01,1.773071363032e-07,3.878994557732e+02,8.576755437242e-04,9.348663426593e-02,-9.343667333062e-02,1.889589988890e+03,-1.156437622060e+03,0.000000000000e+00,0.000000000000e+00,5.040419521569e-04,5.494057278511e-02,0.000000000000e+00,0.000000000000e+00,2.834721362737e+02,2.819758911133e+02,5.337962962963e-01,3.141666666667e-01,1.889589988890e+03,5.548051407827e+04,1.090000000000e+02
1.302000000000e+03,1.033646517666e+08,1.703973135354e+01,4.190372355410e-01,1.770642655492e-07,3.884315667488e+02,8.677773445654e-04,9.458773055762e-02,-9.453509471719e-02,1.992779321345e+03,-6.410819625705e+03,0.000000000000e+00,0.000000000000e+00,1.390417704297e-03,1.515555297684e-01,0.000000000000e+00,0.000000000000e+00,2.837918979115e+02,2.819118041992e+02,5.416666666666e-01,3.147222222222e-01,1.992779321345e+03,5.547870845482e+04,1.090000000000e+02
1.303000000000e+03,1.033646758928e+08,1.590098847290e+01,4.190404451851e-01,1.768229988330e-07,3.889616055464e+02,8.853139411734e-04,9.649921958790e-02,-9.644278646409e-02,2.132749704574e+03,-5.374768873053e+03,0.000000000000e+00,0.000000000000e+00,1.241802633423e-03,1.353564870431e-01,0.000000000000e+00,0.000000000000e+00,2.837179116986e+02,2.818783264160e+02,5.487037037037e-01,3.167592592592e-01,2.132749704574e+03,5.547912996677e+04,1.090000000000e+02
1.304000000000e+03,1.033711804759e+08,1.962985015571e+01,4.190517857359e-01,1.765833170718e-07,3.894895910475e+02,8.295293873198e-04,9.041870321786e-02,-9.036365791269e-02,2.301019623840e+03,-1.151803617190e+04,0.000000000000e+00,0.000000000000e+00,2.286259138727e-03,2.492022461212e-01,0.000000000000e+00,0.000000000000e+00,2.834521947481e+02,2.820270385742e+02,5.552777777777e-01,3.084259259259e-01,2.301019623840e+03,5.548062528871e+04,1.090000000000e+02
1.305000000000e+03,1.034782008868e+08,1.037853363738e+03,4.190857229963e-01,1.763452018428e-07,3.900155418640e+02,9.407975363690e-04,1.025469314642e-01,-1.023503356857e-01,9.616033127408e+03,-1.126991666003e+05,0.000000000000e+00,0.000000000000e+00,2.039537656014e-02,2.223096045055e+00,0.000000000000e+00,0.000000000000e+00,2.826237063160e+02,2.817007446289e+02,5.626851851851e-01,1.050000000000e-01,9.616033127408e+03,5.548508682102e+04,1.090000000000e+02
1.306000000000e+03,1.035088092880e+08,4.875862111018e+02,4.190896119539e-01,1.761086347925e-07,3.905394763434e+02,1.383901857733e-03,1.508453024929e-01,-1.438567443043e-01,6.917227122902e+04,-3.859048850423e+04,0.000000000000e+00,0.000000000000e+00,1.779122156047e-02,1.939243150091e+00,0.000000000000e+00,0.000000000000e+00,2.825341159108e+02,2.819637756348e+02,5.698148148148e-01,4.509259259261e-02,6.917227122902e+04,5.548555589668e+04,1.090000000000e+02
1.307000000000e+03,1.034932087470e+08,3.692519175769e+01,4.190819869431e-01,1.758735980493e-07,3.910614125738e+02,1.339810246022e-03,1.460393168164e-01,-1.458278593243e-01,1.015458852007e+04,7.509169234710e+03,0.000000000000e+00,0.000000000000e+00,3.648222021837e-04,3.976562003803e-02,0.000000000000e+00,0.000000000000e+00,2.827258640431e+02,2.817910766602e+02,5.759259259259e-01,9.814814814812e-02,1.015458852007e+04,5.548455811847e+04,1.090000000000e+02
1.308000000000e+03,1.034800836765e+08,3.172052923212e+01,4.190939584087e-01,1.756400738864e-07,3.915813683890e+02,1.225206760383e-03,1.335475368818e-01,-1.334522278642e-01,7.127344056149e+03,5.720334007444e+03,0.000000000000e+00,0.000000000000e+00,2.326448193850e-04,2.535828531296e-02,0.000000000000e+00,0.000000000000e+00,2.824189100286e+02,2.815087585449e+02,5.824999999999e-01,1.273148148148e-01,7.127344056149e+03,5.548615080685e+04,1.090000000000e+02
1.309000000000e+03,1.034779545884e+08,3.243249088590e+01,4.190967837305e-01,1.754080449940e-07,3.920993613736e+02,1.107707864481e-03,1.207401572284e-01,-1.206558942010e-01,6.216326024797e+03,-4.565748603409e+03,0.000000000000e+00,0.000000000000e+00,1.783625074036e-03,1.944151330699e-01,0.000000000000e+00,0.000000000000e+00,2.823447928096e+02,2.814277343750e+02,5.890740740740e-01,1.343518518518e-01,6.216326024797e+03,5.548652820425e+04,1.090000000000e+02
1.310000000000e+03,1.034746159713e+08,3.045135229672e+01,4.190925766285e-01,1.751774935378e-07,3.926154088673e+02,1.093056870069e-03,1.191431988375e-01,-1.190593434387e-01,6.390138386259e+03,-3.267629784961e+03,0.000000000000e+00,0.000000000000e+00,1.597278734076e-03,1.741033820142e-01,0.000000000000e+00,0.000000000000e+00,2.824532168133e+02,2.813230285645e+02,5.943518518518e-01,1.429629629629e-01,6.390138386259e+03,5.548597495565e+04,1.090000000000e+02
1.311000000000e+03,1.034655889505e+08,2.751569344547e+01,4.191074759509e-01,1.749484040482e-07,3.931295279698e+02,1.028749769937e-03,1.121337249231e-01,-1.120591645537e-01,5.311897728483e+03,2.809121482507e+03,0.000000000000e+00,0.000000000000e+00,4.140004090271e-04,4.512604458395e-02,0.000000000000e+00,0.000000000000e+00,2.820608406262e+02,2.810931091309e+02,6.012037037036e-01,1.626851851852e-01,5.311897728483e+03,5.548795002359e+04,1.090000000000e+02
1.312000000000e+03,1.034599563684e+08,2.621763359209e+01,4.191107377968e-01,1.747207593707e-07,3.936417355451e+02,9.469361809566e-04,1.032160437243e-01,-1.031501111187e-01,4.699185205317e+03,-9.109816977983e+01,0.000000000000e+00,0.000000000000e+00,7.923970371741e-04,8.637127705198e-02,0.000000000000e+00,0.000000000000e+00,2.819723016036e+02,2.810392150879e+02,6.059259259258e-01,1.760185185185e-01,4.699185205317e+03,5.548838500761e+04,1.090000000000e+02
1.313000000000e+03,1.034552754645e+08,2.499530497694e+01,4.191156051611e-01,1.744945432157e-07,3.941520482263e+02,8.649095781137e-04,9.427514401439e-02,-9.421590397814e-02,4.349482200715e+03,-5.470791465377e+02,0.000000000000e+00,0.000000000000e+00,8.099130810305e-04,8.828052583233e-02,0.000000000000e+00,0.000000000000e+00,2.818397386911e+02,2.811347045898e+02,6.119444444443e-01,1.872222222222e-01,4.349482200715e+03,5.548902925670e+04,1.090000000000e+02
1.314000000000e+03,1.034550652605e+08,2.596588394282e+01,4.191036022398e-01,1.742697399202e-07,3.946604824193e+02,8.318742041298e-04,9.067428825014e-02,-9.061715359487e-02,4.287457464916e+03,-4.818043314373e+03,0.000000000000e+00,0.000000000000e+00,1.506164335162e-03,1.641719125327e-01,0.000000000000e+00,0.000000000000e+00,2.821627487532e+02,2.814194335938e+02,6.175925925925e-01,1.891666666667e-01,4.287457464916e+03,5.548744482506e+04,1.090000000000e+02
1.315000000000e+03,1.034644943412e+08,2.960818070213e+01,4.191297263009e-01,1.740463315668e-07,3.951670543078e+02,8.410936486644e-04,9.167920770442e-02,-9.161721145786e-02,4.974300299849e+03,-1.451289323944e+04,0.000000000000e+00,0.000000000000e+00,3.223073624369e-03,3.513150250562e-01,0.000000000000e+00,0.000000000000e+00,2.814441893694e+02,2.805650024414e+02,6.231481481480e-01,1.737037037037e-01,4.974300299849e+03,5.549089427143e+04,1.090000000000e+02
1.316000000000e+03,1.034682476829e+08,2.888350712228e+01,4.191347194397e-01,1.738243027911e-07,3.956717798566e+02,8.245167287998e-04,8.987232343918e-02,-8.980895625433e-02,5.683992686573e+03,-8.737001935173e+03,0.000000000000e+00,0.000000000000e+00,2.384665119265e-03,2.599284979999e-01,0.000000000000e+00,0.000000000000e+00,2.812997054498e+02,2.805459594727e+02,6.279629629629e-01,1.687962962963e-01,5.683992686573e+03,5.549155414399e+04,1.090000000000e+02
1.317000000000e+03,1.034616863846e+08,2.621303076468e+01,4.191402755636e-01,1.736036433063e-07,3.961746748161e+02,8.266019909625e-04,9.009961701492e-02,-9.003952150890e-02,4.894931239427e+03,1.564781930291e+03,0.000000000000e+00,0.000000000000e+00,5.506670359213e-04,6.002270691542e-02,0.000000000000e+00,0.000000000000e+00,2.811349861938e+02,2.801643371582e+02,6.332407407406e-01,1.830555555555e-01,4.894931239427e+03,5.549229241335e+04,1.090000000000e+02
1.318000000000e+03,1.034552839093e+08,2.441578439115e+01,4.191335420894e-01,1.733843348715e-07,3.966757547261e+02,8.300254059889e-04,9.047276925279e-02,-9.041462038941e-02,4.247751392279e+03,1.385152684026e+03,0.000000000000e+00,0.000000000000e+00,4.734951255246e-04,5.161096868219e-02,0.000000000000e+00,0.000000000000e+00,2.813324276199e+02,2.803503723145e+02,6.375925925925e-01,1.978703703704e-01,4.247751392279e+03,5.549140567256e+04,1.090000000000e+02
1.319000000000e+03,1.034527331176e+08,2.438903992819e+01,4.191511199647e-01,1.731663619547e-07,3.971750349196e+02,7.321203905937e-04,7.980112257472e-02,-7.975052540628e-02,3.991717984293e+03,-1.874807362653e+03,0.000000000000e+00,0.000000000000e+00,9.703346150895e-04,1.057664730448e-01,0.000000000000e+00,0.000000000000e+00,2.808052275291e+02,2.799125366211e+02,6.430555555555e-01,2.037962962963e-01,3.991717984293e+03,5.549372515768e+04,1.090000000000e+02
1.320000000000e+03,1.034612403928e+08,2.820380687802e+01,4.191527855502e-01,1.729497097829e-07,3.976725305265e+02,6.584452792974e-04,7.177053544342e-02,-7.172232125011e-02,4.487840190440e+03,-1.248745371005e+04,0.000000000000e+00,0.000000000000e+00,2.807444183211e-03,3.060114159700e-01,0.000000000000e+00,0.000000000000e+00,2.807529903633e+02,2.800462036133e+02,6.469444444444e-01,1.903703703704e-01,4.487840190440e+03,5.549394549142e+04,1.090000000000e+02
1.321000000000e+03,1.034673579431e+08,2.815981421598e+01,4.191697947434e-01,1.727343693636e-07,3.981682564775e+02,6.765021922740e-04,7.373873895787e-02,-7.368606717514e-02,5.330932703170e+03,-1.020679324934e+04,0.000000000000e+00,0.000000000000e+00,2.569142420843e-03,2.800365238719e-01,0.000000000000e+00,0.000000000000e+00,2.801978515707e+02,2.794725646973e+02,6.520370370370e-01,1.805555555555e-01,5.330932703170e+03,5.549619031465e+04,1.090000000000e+02
1.322000000000e+03,1.034623396578e+08,2.580142303195e+01,4.191783624448e-01,1.725203197079e-07,3.986622275072e+02,6.433587188025e-04,7.012610034947e-02,-7.007809722426e-02,4.723917799037e+03,1.129146816509e+03,0.000000000000e+00,0.000000000000e+00,5.943082691014e-04,6.477960133205e-02,0.000000000000e+00,0.000000000000e+00,2.798976473557e+02,2.790285949707e+02,6.552777777777e-01,1.915740740741e-01,4.723917799037e+03,5.549732371615e+04,1.090000000000e+02
1.323000000000e+03,1.034584301454e+08,2.485580588671e+01,4.191878838280e-01,1.723075495455e-07,3.991544581582e+02,6.013242399066e-04,6.554434214982e-02,-6.550068842141e-02,4.243424393617e+03,2.743349965850e+02,0.000000000000e+00,0.000000000000e+00,6.563656996804e-04,7.154386126517e-02,0.000000000000e+00,0.000000000000e+00,2.795441181743e+02,2.787380981445e+02,6.591666666666e-01,2.002777777778e-01,4.243424393617e+03,5.549858251665e+04,1.090000000000e+02
1.324000000000e+03,1.034542606045e+08,2.342339883707e+01,4.191940871861e-01,1.720960451882e-07,3.996449627837e+02,5.960298018401e-04,6.496724840058e-02,-6.492474814587e-02,3.964813420283e+03,5.662616016871e+02,0.000000000000e+00,0.000000000000e+00,5.619518664955e-04,6.125275344801e-02,0.000000000000e+00,0.000000000000e+00,2.792991054319e+02,2.783651733398e+02,6.628703703703e-01,2.098148148148e-01,3.964813420283e+03,5.549940467650e+04,1.090000000000e+02
1.325000000000e+03,1.034490931255e+08,2.223758422395e+01,4.192056636087e-01,1.718857932622e-07,4.001337555519e+02,5.496611264575e-04,5.991306278387e-02,-5.987515208861e-02,3.565189292285e+03,1.844377337763e+03,0.000000000000e+00,0.000000000000e+00,2.846038360089e-04,3.102181812497e-02,0.000000000000e+00,0.000000000000e+00,2.788057989348e+02,2.781217346191e+02,6.652777777777e-01,2.216666666667e-01,3.565189292285e+03,5.550093343030e+04,1.090000000000e+02
1.326000000000e+03,1.035046441482e+08,1.099221798754e+02,4.192167707664e-01,1.716767841734e-07,4.006208504482e+02,5.589375418895e-04,6.092419206596e-02,-6.087339249205e-02,6.772117029868e+03,-5.892960064223e+04,0.000000000000e+00,0.000000000000e+00,1.087528393601e-02,1.185405949025e+00,0.000000000000e+00,0.000000000000e+00,2.782674468152e+02,2.777251586914e+02,6.679629629629e-01,1.130555555555e-01,6.772117029868e+03,5.550239454971e+04,1.090000000000e+02
1.327000000000e+03,1.035286508833e+08,3.300402960026e+02,4.192115785439e-01,1.714689974460e-07,4.011062612790e+02,8.015650507079e-04,8.737059052716e-02,-8.509092052389e-02,3.492661539918e+04,-2.872948236280e+04,0.000000000000e+00,0.000000000000e+00,1.057939907516e-02,1.153154499192e+00,0.000000000000e+00,0.000000000000e+00,2.785320125403e+02,2.779897155762e+02,6.708333333333e-01,6.037037037038e-02,3.492661539918e+04,5.550170042981e+04,1.090000000000e+02
1.328000000000e+03,1.035296359133e+08,7.104618160137e+02,4.192205272311e-01,1.712624235858e-07,4.015900016749e+02,8.243327543806e-04,8.985227022748e-02,-8.941588188536e-02,1.321907033876e+04,-5.947826816807e+03,0.000000000000e+00,0.000000000000e+00,3.235088953670e-03,3.526246959500e-01,0.000000000000e+00,0.000000000000e+00,2.780660656586e+02,2.776170043945e+02,6.725000000000e-01,5.916666666669e-02,1.321907033876e+04,5.550288446452e+04,1.090000000000e+02
1.329000000000e+03,1.035341028932e+08,7.814290970015e+02,4.192245766064e-01,1.710570504982e-07,4.020720850933e+02,8.062935629141e-04,8.788599835764e-02,-8.646676241469e-02,2.210639975987e+04,-9.266171191513e+03,0.000000000000e+00,0.000000000000e+00,5.210431925275e-03,5.679370798549e-01,0.000000000000e+00,0.000000000000e+00,2.778306856107e+02,2.773967285156e+02,6.740740740740e-01,4.962962962966e-02,2.210639975987e+04,5.550341923161e+04,1.090000000000e+02
1.330000000000e+03,1.035293562712e+08,9.615675013939e+01,4.192228898679e-01,1.708528658447e-07,4.025525248216e+02,7.380761447693e-04,8.045029977986e-02,-7.987007327258e-02,1.448089185741e+04,3.135551437830e+02,0.000000000000e+00,0.000000000000e+00,2.233811390632e-03,2.434854415789e-01,0.000000000000e+00,0.000000000000e+00,2.779314181486e+02,2.774201660156e+02,6.756481481481e-01,7.351851851851e-02,1.448089185741e+04,5.550319727961e+04,1.090000000000e+02
1.331000000000e+03,1.035180060517e+08,3.600671137651e+01,4.192250547505e-01,1.706498570765e-07,4.030313339804e+02,6.562066394058e-04,7.152652369523e-02,-7.145977750531e-02,8.662116395843e+03,7.383953329463e+03,0.000000000000e+00,0.000000000000e+00,2.019402441240e-04,2.201148660952e-02,0.000000000000e+00,0.000000000000e+00,2.778007566466e+02,2.773899841309e+02,6.771296296296e-01,1.028703703703e-01,8.662116395843e+03,5.550348598363e+04,1.090000000000e+02
1.332000000000e+03,1.035181801561e+08,3.888013689331e+01,4.192218091349e-01,1.704480246613e-07,4.035085255256e+02,6.091721166093e-04,6.639976071042e-02,-6.635177405168e-02,8.046480361833e+03,-3.856852633380e+03,0.000000000000e+00,0.000000000000e+00,1.968455925168e-03,2.145616958433e-01,0.000000000000e+00,0.000000000000e+00,2.779947576817e+02,2.776781311035e+02,6.791666666666e-01,1.026851851852e-01,8.046480361833e+03,5.550305361828e+04,1.090000000000e+02
1.333000000000e+03,1.035179058244e+08,3.793780256221e+01,4.192361277716e-01,1.702473674411e-07,4.039841122522e+02,6.087398430957e-04,6.635264289743e-02,-6.630126459149e-02,9.085521596269e+03,-3.405667072204e+03,0.000000000000e+00,0.000000000000e+00,2.065004441096e-03,2.250854840794e-01,0.000000000000e+00,0.000000000000e+00,2.770082514588e+02,2.766098327637e+02,6.808333333333e-01,1.043518518518e-01,9.085521596269e+03,5.550493434107e+04,1.090000000000e+02
1.334000000000e+03,1.035260166725e+08,2.597590394390e+02,4.192387535615e-01,1.700478265003e-07,4.044581067963e+02,5.918231359308e-04,6.450872181646e-02,-6.443535994825e-02,9.478330539327e+03,-1.168733771624e+04,0.000000000000e+00,0.000000000000e+00,3.535758400108e-03,3.853976656117e-01,0.000000000000e+00,0.000000000000e+00,2.767599951141e+02,2.765415649414e+02,6.822222222222e-01,8.194444444444e-02,9.478330539327e+03,5.550527742856e+04,1.090000000000e+02
1.335000000000e+03,1.035468994044e+08,3.987836442154e+03,4.192404875732e-01,1.698494019361e-07,4.049305216379e+02,6.344888935464e-04,6.915928939656e-02,-6.653927302906e-02,5.113989894354e+04,-2.457602416659e+04,0.000000000000e+00,0.000000000000e+00,1.315507873799e-02,1.433903582441e+00,0.000000000000e+00,0.000000000000e+00,2.765719433517e+02,2.764434814453e+02,6.828703703703e-01,2.194444444449e-02,5.113989894354e+04,5.550550529148e+04,1.090000000000e+02
1.336000000000e+03,1.035487517189e+08,5.443406811605e+02,4.192444749914e-01,1.696520945425e-07,4.054013691037e+02,6.052946445382e-04,6.597711625467e-02,-6.291100258430e-02,5.745226673927e+04,-5.344240903465e+03,0.000000000000e+00,0.000000000000e+00,9.838346334341e-03,1.072379750443e+00,0.000000000000e+00,0.000000000000e+00,2.759416631872e+02,2.759356079102e+02,6.828703703703e-01,2.990740740743e-02,5.745226673927e+04,5.550603180477e+04,1.090000000000e+02
1.337000000000e+03,1.035371143946e+08,3.648030033904e+01,4.192455532722e-01,1.694558931955e-07,4.058706613696e+02,5.663974697526e-04,6.173732420303e-02,-6.161922059311e-02,9.560137322967e+03,8.217080152434e+03,0.000000000000e+00,0.000000000000e+00,1.391287468771e-04,1.516503340960e-02,0.000000000000e+00,0.000000000000e+00,2.755378829755e+02,2.754302673340e+02,6.827777777777e-01,7.120370370368e-02,9.560137322967e+03,5.550617503308e+04,1.090000000000e+02
1.338000000000e+03,1.035270633551e+08,3.364704886439e+01,4.192443982927e-01,1.692607867227e-07,4.063384104632e+02,5.542926288863e-04,6.041789654860e-02,-6.037693571190e-02,7.410491234889e+03,6.699749717428e+03,0.000000000000e+00,0.000000000000e+00,1.173820786312e-04,1.279464657081e-02,0.000000000000e+00,0.000000000000e+00,2.759560894045e+02,2.757243041992e+02,6.816666666666e-01,9.379629629626e-02,7.410491234889e+03,5.550602283274e+04,1.090000000000e+02
1.339000000000e+03,1.035378226301e+08,2.445779039108e+02,4.192455550846e-01,1.690667669606e-07,4.068046282660e+02,5.283309878534e-04,5.758807767602e-02,-5.752122104234e-02,8.432277050409e+03,-1.395205142950e+04,0.000000000000e+00,0.000000000000e+00,3.735263181416e-03,4.071436867743e-01,0.000000000000e+00,0.000000000000e+00,2.755364356970e+02,2.753952331543e+02,6.805555555555e-01,6.268518518519e-02,8.432277050409e+03,5.550617449097e+04,1.090000000000e+02
1.340000000000e+03,1.035408436368e+08,2.072972060898e+02,4.192450142883e-01,1.688738175547e-07,4.072693265164e+02,5.168059315516e-04,5.633184653912e-02,-5.572367367772e-02,1.710144350337e+04,-6.114014789781e+03,0.000000000000e+00,0.000000000000e+00,3.836574606940e-03,4.181866321564e-01,0.000000000000e+00,0.000000000000e+00,2.757881935802e+02,2.759801940918e+02,6.792592592592e-01,5.527777777778e-02,1.710144350337e+04,5.550610298976e+04,1.090000000000e+02
1.341000000000e+03,1.035315070684e+08,3.728630239782e+01,4.192451075468e-01,1.686819308508e-07,4.077325168115e+02,5.130630649527e-04,5.592387407985e-02,-5.583692618918e-02,9.346336598397e+03,6.237277149832e+03,0.000000000000e+00,0.000000000000e+00,4.865774398219e-04,5.303694094058e-02,0.000000000000e+00,0.000000000000e+00,2.757558783222e+02,2.755638122559e+02,6.782407407407e-01,8.351851851850e-02,9.346336598397e+03,5.550611556237e+04,1.090000000000e+02
1.342000000000e+03,1.035236514661e+08,3.502358149483e+01,4.192456226865e-01,1.684910963005e-07,4.081942106095e+02,4.798613182123e-04,5.230488368514e-02,-5.226769304748e-02,7.809956446461e+03,4.954422626872e+03,0.000000000000e+00,0.000000000000e+00,4.719427841236e-04,5.144176346948e-02,0.000000000000e+00,0.000000000000e+00,2.752563328923e+02,2.752113037109e+02,6.771296296296e-01,1.014814814815e-01,7.809956446461e+03,5.550618315492e+04,1.090000000000e+02
1.343000000000e+03,1.035155768956e+08,3.254226775278e+01,4.192456636047e-01,1.683013035913e-07,4.086544192322e+02,4.224912549167e-04,4.605154678592e-02,-4.601944530936e-02,6.964478653096e+03,5.520206551728e+03,0.000000000000e+00,0.000000000000e+00,2.386001872777e-04,2.600742041327e-02,0.000000000000e+00,0.000000000000e+00,2.753348105544e+02,2.754689636230e+02,6.762037037037e-01,1.182407407407e-01,6.964478653096e+03,5.550618861890e+04,1.090000000000e+02
1.344000000000e+03,1.035099736032e+08,3.137937347990e+01,4.192450868490e-01,1.681125425769e-07,4.091131538671e+02,3.836252327554e-04,4.181515037033e-02,-4.178630587799e-02,6.281085597334e+03,3.283895406735e+03,0.000000000000e+00,0.000000000000e+00,4.954618854578e-04,5.400534551489e-02,0.000000000000e+00,0.000000000000e+00,2.749659492159e+02,2.750495300293e+02,6.747222222222e-01,1.287037037037e-01,6.281085597334e+03,5.550611148924e+04,1.090000000000e+02
1.345000000000e+03,1.035043398445e+08,2.955040276361e+01,4.192426279546e-01,1.679248032273e-07,4.095704255695e+02,3.400878554771e-04,3.706957624701e-02,-3.704422541877e-02,5.899066140035e+03,3.577583234734e+03,0.000000000000e+00,0.000000000000e+00,3.836365621382e-04,4.181638527307e-02,0.000000000000e+00,0.000000000000e+00,2.744605600407e+02,2.745464477539e+02,6.735185185185e-01,1.390740740740e-01,5.899066140035e+03,5.550578494874e+04,1.090000000000e+02
1.346000000000e+03,1.035064511122e+08,3.203414946591e+01,4.192401401271e-01,1.677389073402e-07,4.100262452646e+02,3.117029269454e-04,3.397561903705e-02,-3.395217644159e-02,5.803023195539e+03,-3.995798219202e+03,0.000000000000e+00,0.000000000000e+00,1.620241405627e-03,1.766063132134e-01,0.000000000000e+00,0.000000000000e+00,2.739443398297e+02,2.740815124512e+02,6.711111111111e-01,1.349074074074e-01,5.803023195539e+03,5.550517957827e+04,1.090000000000e+02
1.347000000000e+03,1.035139879556e+08,3.539037716510e+01,4.192412630787e-01,1.675531864738e-07,4.104806237496e+02,2.892670525273e-04,3.153010872548e-02,-3.150689484294e-02,7.073318381405e+03,-9.285646976473e+03,0.000000000000e+00,0.000000000000e+00,2.704697491045e-03,2.948120265239e-01,0.000000000000e+00,0.000000000000e+00,2.740505078853e+02,2.743074951172e+02,6.662037037037e-01,1.196296296296e-01,7.073318381405e+03,5.550532687809e+04,1.090000000000e+02
1.348000000000e+03,1.035116500787e+08,3.401817278340e+01,2.595706467250e+03,4.290358750604e-03,1.000000000000e+02,2.315231529659e-04,2.523602367328e-02,-2.786914244861e-02,7.494721106622e+03,7.909885811170e+02,1.156078529242e-05,1.260125596874e-03,1.096451236185e-03,1.195131847442e-01,4.161782870951e-04,4.536343329337e-02,2.741276821242e+02,2.743923034668e+02,6.605555555555e-01,1.246296296296e-01,7.494721106622e+03,5.550542637842e+04,1.090000000000e+02
1.349000000000e+03,1.035045035487e+08,3.153920499284e+01,9.446421611296e+03,1.561382045527e-02,1.000000000000e+02,-3.688795795757e-05,-4.020787417375e-03,-1.369981098733e-02,6.555076939467e+03,6.386118571995e+03,2.770246772823e-05,3.019568982377e-03,0.000000000000e+00,0.000000000000e+00,9.972888382162e-04,1.087044833656e-01,2.737902822021e+02,2.744028015137e+02,6.546296296296e-01,1.382407407407e-01,6.555076939467e+03,5.550494512400e+04,1.090000000000e+02
1.350000000000e+03,1.034987665047e+08,2.917164077343e+01,1.971043969080e+04,3.194418927942e-02,1.019518310825e+02,-3.116957234852e-04,-3.397483385989e-02,-7.686126921325e-04,5.765024145332e+03,5.694382012639e+03,1.132747666591e-05,1.234694956584e-03,0.000000000000e+00,0.000000000000e+00,1.389128089314e-03,1.514149617353e-01,2.732198417679e+02,2.738864746094e+02,1.972222222222e-02,1.485185185185e-01,5.765024145332e+03,5.550384994466e+04,1.090000000000e+02
1.351000000000e+03,1.034935180505e+08,2.956911722264e+01,3.131558575032e+04,4.655533793414e-02,1.110653557257e+02,-3.450765509617e-04,-3.761334405483e-02,-1.026925800096e-04,5.242357558226e+03,5.242755034688e+03,0.000000000000e+00,0.000000000000e+00,0.000000000000e+00,0.000000000000e+00,1.572214353197e-03,1.713713644985e-01,2.732120185351e+02,2.735253601074e+02,0.000000000000e+00,1.587962962963e-01,5.242357558226e+03,5.550383322518e+04,1.090000000000e+02
1.352000000000e+03,1.034886321673e+08,2.807022657899e+01,4.235009772308e+04,5.856922405396e-02,1.194347807294e+02,-3.668373156310e-04,-3.998526740378e-02,0.000000000000e+00,4.887382850538e+03,4.885883959896e+03,0.000000000000e+00,0.000000000000e+00,0.000000000000e+00,0.000000000000e+00,1.457073329318e-03,1.588209928957e-01,2.732138382509e+02,2.733212890625e+02,0.000000000000e+00,1.673148148148e-01,4.887382850538e+03,5.550383730526e+04,1.090000000000e+02
1.353000000000e+03,1.034840294242e+08,2.740770955554e+01,5.224932477701e+04,6.802411851687e-02,1.269046640363e+02,-3.734387507760e-04,-4.070482383458e-02,0.000000000000e+00,4.603406840245e+03,4.602744323230e+03,0.000000000000e+00,0.000000000000e+00,0.000000000000e+00,0.000000000000e+00,1.262819260803e-03,1.376472994275e-01,2.732113070956e+02,2.729063110352e+02,0.000000000000e+00,1.768518518518e-01,4.603406840245e+03,5.550383162979e+04,1.090000000000e+02
1.354000000000e+03,1.034796532470e+08,2.684366357749e+01,6.292094301301e+04,7.822357772382e-02,1.329172235676e+02,-3.681664669014e-04,-4.013014489225e-02,0.000000000000e+00,4.376742515133e+03,4.376178469165e+03,0.000000000000e+00,0.000000000000e+00,0.000000000000e+00,0.000000000000e+00,1.395761737677e-03,1.521380294068e-01,2.732087341116e+02,2.722380981445e+02,0.000000000000e+00,1.857407407407e-01,4.376742515133e+03,5.550382585255e+04,1.090000000000e+02
1.355000000000e+03,1.034754664030e+08,2.623055295952e+01,7.367537424722e+04,8.804787435996e-02,1.382807356223e+02,-3.620608492505e-04,-3.946463256830e-02,0.000000000000e+00,4.187457714010e+03,4.186844603399e+03,0.000000000000e+00,0.000000000000e+00,0.000000000000e+00,0.000000000000e+00,1.415553579898e-03,1.542953402089e-01,2.732070440601e+02,2.720433349609e+02,0.000000000000e+00,1.935185185185e-01,4.187457714010e+03,5.550382205299e+04,1.090000000000e+02
1.356000000000e+03,1.034714390898e+08,2.594620353059e+01,8.394036780615e+04,9.683776544313e-02,1.432541320363e+02,-3.561779907131e-04,-3.882340098772e-02,0.000000000000e+00,4.027597957775e+03,4.027313608352e+03,0.000000000000e+00,0.000000000000e+00,0.000000000000e+00,0.000000000000e+00,1.340540398520e-03,1.461189034387e-01,2.732027652847e+02,2.718146057129e+02,0.000000000000e+00,2.015740740741e-01,4.027597957775e+03,5.550381242076e+04,1.090000000000e+02
1.357000000000e+03,1.034675623238e+08,2.588322352198e+01,9.423193041484e+04,1.054904109920e-01,1.476323458226e+02,-3.651409082589e-04,-3.980035900022e-02,0.000000000000e+00,3.876829343691e+03,3.876766363686e+03,0.000000000000e+00,0.000000000000e+00,0.000000000000e+00,0.000000000000e+00,1.335971368122e-03,1.456208791253e-01,2.731971282117e+02,2.714259948730e+02,0.000000000000e+00,2.100000000000e-01,3.876829343691e+03,5.550379969972e+04,1.090000000000e+02
1.358000000000e+03,1.034638115700e+08,2.588993528757e+01,1.063073575269e+05,1.162506959856e-01,1.511386142762e+02,-3.671710367612e-04,-4.002164300697e-02,0.000000000000e+00,3.750746923932e+03,3.750753635698e+03,0.000000000000e+00,0.000000000000e+00,0.000000000000e+00,0.000000000000e+00,1.628799363641e-03,1.775391306369e-01,2.731915844303e+02,2.707429199219e+02,0.000000000000e+00,2.179629629629e-01,3.750746923932e+03,5.550378715450e+04,1.090000000000e+02
1.359000000000e+03,1.034601658818e+08,2.578753215263e+01,1.192474824627e+05,1.276038137008e-01,1.544548908138e+02,-3.562509212113e-04,-3.883135041203e-02,0.000000000000e+00,3.645790938915e+03,3.645688535785e+03,0.000000000000e+00,0.000000000000e+00,0.000000000000e+00,0.000000000000e+00,1.782646531909e-03,1.943084719780e-01,2.731879066116e+02,2.704045104980e+02,0.000000000000e+00,2.262962962963e-01,3.645790938915e+03,5.550377881303e+04,1.090000000000e+02
1.360000000000e+03,1.034566213992e+08,2.579658073690e+01,1.320964663660e+05,1.386326330462e-01,1.574882700945e+02,-3.572483401831e-04,-3.894006907996e-02,0.000000000000e+00,3.544473300304e+03,3.544482348892e+03,0.000000000000e+00,0.000000000000e+00,0.000000000000e+00,0.000000000000e+00,1.766584816824e-03,1.925577450338e-01,2.731844233115e+02,2.700735168457e+02,0.000000000000e+00,2.340740740741e-01,3.544473300304e+03,5.550377089925e+04,1.090000000000e+02
1.361000000000e+03,1.034531652354e+08,2.611739088582e+01,1.456903528176e+05,1.502486861391e-01,1.602682863751e+02,-3.594108283157e-04,-3.917578028641e-02,0.000000000000e+00,3.455843008151e+03,3.456163818320e+03,0.000000000000e+00,0.000000000000e+00,0.000000000000e+00,0.000000000000e+00,1.887550762426e-03,2.057430331044e-01,2.731791913110e+02,2.694647521973e+02,0.000000000000e+00,2.419444444444e-01,3.455843008151e+03,5.550375898681e+04,1.090000000000e+02
1.362000000000e+03,1.034497864884e+08,2.681836652297e+01,1.571336059388e+05,1.584243419753e-01,1.639374876740e+02,-3.448175405140e-04,-3.758511191603e-02,0.000000000000e+00,3.378045813959e+03,3.378746789610e+03,0.000000000000e+00,0.000000000000e+00,0.000000000000e+00,0.000000000000e+00,1.546666398066e-03,1.685866373892e-01,2.731719888937e+02,2.685157775879e+02,0.000000000000e+00,2.501851851852e-01,3.378045813959e+03,5.550374253752e+04,1.090000000000e+02
1.363000000000e+03,1.034464698951e+08,2.745826589529e+01,1.672336611598e+05,1.650798147327e-01,1.674416944236e+02,-3.258783646145e-04,-3.552074174299e-02,0.000000000000e+00,3.315954288927e+03,3.316594188301e+03,0.000000000000e+00,0.000000000000e+00,0.000000000000e+00,0.000000000000e+00,1.343590181962e-03,1.464513298338e-01,2.731660324107e+02,2.681567382813e+02,0.000000000000e+00,2.586111111111e-01,3.315954288927e+03,5.550372888933e+04,1.090000000000e+02
1.364000000000e+03,1.034432240107e+08,2.812045405324e+01,1.796584711559e+05,1.751089698435e-01,1.695803865511e+02,-3.172943397802e-04,-3.458508303604e-02,0.000000000000e+00,3.245222051464e+03,3.245884239629e+03,0.000000000000e+00,0.000000000000e+00,0.000000000000e+00,0.000000000000e+00,1.736432288844e-03,1.892711194840e-01,2.731602947040e+02,2.678457641602e+02,0.000000000000e+00,2.663888888889e-01,3.245222051464e+03,5.550371570481e+04,1.090000000000e+02
1.365000000000e+03,1.034400334423e+08,2.920842457769e+01,1.920118753675e+05,1.838889128103e-01,1.725881156523e+02,-3.124790013831e-04,-3.406021115075e-02,0.000000000000e+00,3.189479913168e+03,3.190567883696e+03,0.000000000000e+00,0.000000000000e+00,0.000000000000e+00,0.000000000000e+00,1.729447589641e-03,1.885097872709e-01,2.731528938455e+02,2.672311096191e+02,0.000000000000e+00,2.743518518518e-01,3.189479913168e+03,5.550369864478e+04,1.090000000000e+02
1.366000000000e+03,1.034368903769e+08,3.015070466659e+01,2.026304339780e+05,1.910217747209e-01,1.753322133219e+02,-3.058692109206e-04,-3.333974399034e-02,0.000000000000e+00,3.142123644003e+03,3.143065924098e+03,0.000000000000e+00,0.000000000000e+00,0.000000000000e+00,0.000000000000e+00,1.449300108647e-03,1.579737118426e-01,2.731473955479e+02,2.670113830566e+02,0.000000000000e+00,2.825925925926e-01,3.142123644003e+03,5.550368593069e+04,1.090000000000e+02
1.367000000000e+03,1.034337883609e+08,3.096590461571e+01,2.130720003806e+05,1.972991942074e-01,1.785016774172e+02,-3.017724037940e-04,-3.289319201354e-02,0.000000000000e+00,3.101202786390e+03,3.102017986338e+03,0.000000000000e+00,0.000000000000e+00,0.000000000000e+00,0.000000000000e+00,1.424139345845e-03,1.552311886971e-01,2.731431270413e+02,2.674907226562e+02,0.000000000000e+00,2.901851851852e-01,3.101202786390e+03,5.550367603669e+04,1.090000000000e+02
1.368000000000e+03,1.034307250011e+08,3.191701257640e+01,2.243758602508e+05,2.049604377904e-01,1.809457859224e+02,-3.071791676525e-04,-3.348252927412e-02,0.000000000000e+00,3.062409382500e+03,3.063360490466e+03,0.000000000000e+00,0.000000000000e+00,0.000000000000e+00,0.000000000000e+00,1.561251259656e-03,1.701763873025e-01,2.731386211994e+02,2.673902587891e+02,0.000000000000e+00,2.991666666667e-01,3.062409382500e+03,5.550366556994e+04,1.090000000000e+02
1.369000000000e+03,1.034277021301e+08,3.303921942021e+01,2.344696475987e+05,2.116271199237e-01,1.831296417415e+02,-2.962566596949e-04,-3.229197590674e-02,0.000000000000e+00,3.021749070438e+03,3.022871277290e+03,0.000000000000e+00,0.000000000000e+00,0.000000000000e+00,0.000000000000e+00,1.372173533935e-03,1.495669151989e-01,2.731337545749e+02,2.672338867188e+02,0.000000000000e+00,3.058333333333e-01,3.021749070438e+03,5.550365423927e+04,1.090000000000e+02
1.370000000000e+03,1.034247129781e+08,3.463184394021e+01,2.429392777455e+05,2.157608555587e-01,1.861098043061e+02,-2.976498528922e-04,-3.244383396525e-02,0.000000000000e+00,2.987558016942e+03,2.989150641471e+03,0.000000000000e+00,0.000000000000e+00,0.000000000000e+00,0.000000000000e+00,1.102322863065e-03,1.201531920740e-01,2.731275703227e+02,2.668755798340e+02,0.000000000000e+00,3.138888888889e-01,2.987558016942e+03,5.550363980312e+04,1.090000000000e+02
1.371000000000e+03,1.034217523726e+08,3.605232781745e+01,2.557006761191e+05,2.248498896274e-01,1.879681092820e+02,-3.090134364634e-04,-3.368246457451e-02,0.000000000000e+00,2.959185353000e+03,2.960605836878e+03,0.000000000000e+00,0.000000000000e+00,0.000000000000e+00,0.000000000000e+00,1.800352833361e-03,1.962384588364e-01,2.731227391574e+02,2.667943420410e+02,0.000000000000e+00,3.225000000000e-01,2.959185353000e+03,5.550362849551e+04,1.090000000000e+02
1.372000000000e+03,1.034188215685e+08,3.785314078129e+01,2.693202600502e+05,2.347963751159e-01,1.895934654032e+02,-3.211890991663e-04,-3.500961180913e-02,0.000000000000e+00,2.929003539946e+03,2.930804352928e+03,0.000000000000e+00,0.000000000000e+00,0.000000000000e+00,0.000000000000e+00,1.930031893507e-03,2.103734763923e-01,2.731168148324e+02,2.665367736816e+02,0.000000000000e+00,3.300000000000e-01,2.929003539946e+03,5.550361459374e+04,1.090000000000e+02
1.373000000000e+03,1.034159192989e+08,4.091108148577e+01,2.810185831034e+05,2.429225171885e-01,1.912113498465e+02,-2.953454092874e-04,-3.219264961233e-02,0.000000000000e+00,2.899211611022e+03,2.902269551742e+03,0.000000000000e+00,0.000000000000e+00,0.000000000000e+00,0.000000000000e+00,1.638311744590e-03,1.785759801604e-01,2.731086127610e+02,2.658544006348e+02,0.000000000000e+00,3.378703703703e-01,2.899211611022e+03,5.550359528235e+04,1.090000000000e+02
1.374000000000e+03,1.034130403151e+08,4.579192143839e+01,2.922628029395e+05,2.490111473303e-01,1.940000542937e+02,-2.846826159369e-04,-3.103040513712e-02,0.000000000000e+00,2.874103681555e+03,2.878984521501e+03,0.000000000000e+00,0.000000000000e+00,0.000000000000e+00,0.000000000000e+00,1.573922683196e-03,1.715575724684e-01,2.730973140825e+02,2.650914611816e+02,0.000000000000e+00,3.457407407407e-01,2.874103681555e+03,5.550356855656e+04,1.090000000000e+02
1.375000000000e+03,1.034101915116e+08,5.156825894828e+01,3.018865644563e+05,2.549462767501e-01,1.957234080213e+02,-2.723593115693e-04,-2.968716496106e-02,0.000000000000e+00,2.843027153740e+03,2.848803491250e+03,0.000000000000e+00,0.000000000000e+00,0.000000000000e+00,0.000000000000e+00,1.318395262798e-03,1.437050836450e-01,2.730873118164e+02,2.644819641113e+02,0.000000000000e+00,3.546296296296e-01,2.843027153740e+03,5.550354477686e+04,1.090000000000e+02
1.376000000000e+03,1.034073671104e+08,5.743034619231e+01,3.109845802629e+05,2.595051877755e-01,1.980801571878e+02,-2.526696940147e-04,-2.754099664760e-02,0.000000000000e+00,2.818540114886e+03,2.824402202117e+03,0.000000000000e+00,0.000000000000e+00,0.000000000000e+00,0.000000000000e+00,1.251181370137e-03,1.363787693449e-01,2.730789109944e+02,2.644597473145e+02,0.000000000000e+00,3.631481481481e-01,2.818540114886e+03,5.550352471690e+04,1.090000000000e+02
1.377000000000e+03,1.034045604308e+08,6.311676863661e+01,3.213680389251e+05,2.651132271891e-01,2.003640977516e+02,-2.642594632009e-04,-2.880428148890e-02,0.000000000000e+00,2.800993771632e+03,2.806680194078e+03,0.000000000000e+00,0.000000000000e+00,0.000000000000e+00,0.000000000000e+00,1.452062325608e-03,1.582747934913e-01,2.730720115166e+02,2.643859558105e+02,0.000000000000e+00,3.719444444444e-01,2.800993771632e+03,5.550350818196e+04,1.090000000000e+02
1.378000000000e+03,1.034017714612e+08,7.156742094947e+01,3.316575187572e+05,2.709844822716e-01,2.022993823110e+02,-2.657255094294e-04,-2.896408052781e-02,0.000000000000e+00,2.780518292089e+03,2.788968944404e+03,0.000000000000e+00,0.000000000000e+00,0.000000000000e+00,0.000000000000e+00,1.435078108005e-03,1.564235137726e-01,2.730600811344e+02,2.635574340820e+02,0.000000000000e+00,3.799074074074e-01,2.780518292089e+03,5.550347946476e+04,1.090000000000e+02
1.379000000000e+03,1.033990057236e+08,8.383874031652e+01,3.403813900390e+05,2.753024039912e-01,2.043644907929e+02,-2.476435946510e-04,-2.699315181696e-02,0.000000000000e+00,2.753466646462e+03,2.765737965832e+03,0.000000000000e+00,0.000000000000e+00,0.000000000000e+00,0.000000000000e+00,1.194380009478e-03,1.301874210331e-01,2.730465644896e+02,2.634318237305e+02,0.000000000000e+00,3.882407407407e-01,2.753466646462e+03,5.550344673437e+04,1.090000000000e+02
1.380000000000e+03,1.033962625567e+08,9.873469301675e+01,3.488783733763e+05,2.793956553622e-01,2.063975335605e+02,-2.320078610767e-04,-2.528885685736e-02,0.000000000000e+00,2.728273346006e+03,2.743169298709e+03,0.000000000000e+00,0.000000000000e+00,0.000000000000e+00,0.000000000000e+00,1.172513985485e-03,1.278040244178e-01,2.730335841153e+02,2.631764831543e+02,0.000000000000e+00,3.975000000000e-01,2.728273346006e+03,5.550341510630e+04,1.090000000000e+02
1.381000000000e+03,1.033935378518e+08,1.144239307279e+02,3.585894065717e+05,2.846956429810e-01,2.081934877953e+02,-2.255663408556e-04,-2.458673115326e-02,0.000000000000e+00,2.709015972618e+03,2.724705210333e+03,0.000000000000e+00,0.000000000000e+00,0.000000000000e+00,0.000000000000e+00,1.379620271478e-03,1.503786095911e-01,2.730235089267e+02,2.627090454102e+02,0.000000000000e+00,4.057407407407e-01,2.709015972618e+03,5.550339042421e+04,1.090000000000e+02
1.382000000000e+03,1.033908308250e+08,1.361004808921e+02,3.668025413266e+05,2.884957088409e-01,2.101571041264e+02,-2.120450583533e-04,-2.311291136051e-02,0.000000000000e+00,2.685350115371e+03,2.707026665540e+03,0.000000000000e+00,0.000000000000e+00,0.000000000000e+00,0.000000000000e+00,1.145577685790e-03,1.248679677511e-01,2.730023881713e+02,2.621520385742e+02,0.000000000000e+00,4.151851851852e-01,2.685350115371e+03,5.550333831126e+04,1.090000000000e+02
1.383000000000e+03,1.033881518781e+08,1.674970192963e+02,3.736469112717e+05,2.910007090391e-01,2.122360082531e+02,-1.941355078212e-04,-2.116077035251e-02,0.000000000000e+00,2.647551011455e+03,2.678947549860e+03,0.000000000000e+00,0.000000000000e+00,0.000000000000e+00,0.000000000000e+00,9.372534036463e-04,1.021606209975e-01,2.729787055550e+02,2.611498107910e+02,0.000000000000e+00,4.240740740741e-01,2.647551011455e+03,5.550327927499e+04,1.090000000000e+02
1.384000000000e+03,1.033854915563e+08,1.985695914495e+02,3.824275721404e+05,2.954603046755e-01,2.139449938383e+02,-2.101169807491e-04,-2.290275090165e-02,0.000000000000e+00,2.629249333625e+03,2.660321905782e+03,0.000000000000e+00,0.000000000000e+00,0.000000000000e+00,0.000000000000e+00,1.241295813174e-03,1.353012436360e-01,2.729686103677e+02,2.612925415039e+02,0.000000000000e+00,4.326018518518e-01,2.629249333625e+03,5.550325391234e+04,1.090000000000e+02
1.385000000000e+03,1.033828365995e+08,2.309382961044e+02,3.905059074600e+05,2.991986451751e-01,2.157349663984e+02,-2.185588069538e-04,-2.382290995796e-02,0.000000000000e+00,2.622589669940e+03,2.654958374596e+03,0.000000000000e+00,0.000000000000e+00,0.000000000000e+00,0.000000000000e+00,1.116786145966e-03,1.217296899103e-01,2.729513914833e+02,2.609349670410e+02,0.000000000000e+00,4.401208333333e-01,2.622589669940e+03,5.550321038607e+04,1.090000000000e+02
1.386000000000e+03,1.033801961599e+08,2.724604758504e+02,3.970392150306e+05,3.014828057131e-01,2.176827704260e+02,-1.965620881047e-04,-2.142526760342e-02,0.000000000000e+00,2.598917329530e+03,2.640439509277e+03,0.000000000000e+00,0.000000000000e+00,0.000000000000e+00,0.000000000000e+00,8.834284987161e-04,9.629370636006e-02,2.729253413351e+02,2.602474670410e+02,0.000000000000e+00,4.477226851852e-01,2.598917329530e+03,5.550314389889e+04,1.090000000000e+02
1.387000000000e+03,1.033775721777e+08,3.192465814609e+02,4.055709309556e+05,3.057267560148e-01,2.192739762111e+02,-1.882577201043e-04,-2.052009149137e-02,0.000000000000e+00,2.577196415386e+03,2.623982520997e+03,0.000000000000e+00,0.000000000000e+00,0.000000000000e+00,0.000000000000e+00,1.222043757302e-03,1.332027695460e-01,2.729056256997e+02,2.592016906738e+02,0.000000000000e+00,4.546037268518e-01,2.577196415386e+03,5.550309306812e+04,1.090000000000e+02
1.388000000000e+03,1.033749571822e+08,3.691667220051e+02,4.130818341674e+05,3.089720438773e-01,2.209892587229e+02,-1.821477783573e-04,-1.985410784094e-02,0.000000000000e+00,2.565076266049e+03,2.614996406597e+03,0.000000000000e+00,0.000000000000e+00,0.000000000000e+00,0.000000000000e+00,1.059427377503e-03,1.154775841478e-01,2.728848443537e+02,2.587669372559e+02,0.000000000000e+00,4.615764120370e-01,2.565076266049e+03,5.550303900917e+04,1.090000000000e+02
1.389000000000e+03,1.033723516208e+08,4.226319883541e+02,4.192907688794e+05,3.110633602225e-01,2.228030569378e+02,-1.823584357407e-04,-1.987706949573e-02,0.000000000000e+00,2.552096800355e+03,2.605562066705e+03,0.000000000000e+00,0.000000000000e+00,0.000000000000e+00,0.000000000000e+00,8.440022741508e-04,9.199624788244e-02,2.728677577526e+02,2.591825561523e+02,0.000000000000e+00,4.686825474537e-01,2.552096800355e+03,5.550299418742e+04,1.090000000000e+02
1.390000000000e+03,1.033697540792e+08,4.780609846072e+02,4.266159994609e+05,3.141882279335e-01,2.244410850270e+02,-1.889735141914e-04,-2.059811304687e-02,0.000000000000e+00,2.542114145155e+03,2.597543141409e+03,0.000000000000e+00,0.000000000000e+00,0.000000000000e+00,0.000000000000e+00,1.021901681040e-03,1.113872832334e-01,2.728517499734e+02,2.589403686523e+02,0.000000000000e+00,4.748730625579e-01,2.542114145155e+03,5.550295189041e+04,1.090000000000e+02
1.391000000000e+03,1.033671692551e+08,5.389296583926e+02,4.347201376117e+05,3.180685806736e-01,2.259148089753e+02,-1.855691558265e-04,-2.022703798509e-02,0.000000000000e+00,2.523955870096e+03,2.584824543884e+03,0.000000000000e+00,0.000000000000e+00,0.000000000000e+00,0.000000000000e+00,1.154076717376e-03,1.257943621940e-01,2.728281283892e+02,2.588750610352e+02,0.000000000000e+00,4.813310498264e-01,2.523955870096e+03,5.550288893751e+04,1.090000000000e+02
1.392000000000e+03,1.033651993096e+08,7.111664303758e+02,4.420192496244e+05,3.211884920619e-01,2.274770432525e+02,-1.745398667777e-04,-1.902484547877e-02,0.000000000000e+00,1.797708422557e+03,1.969945194541e+03,0.000000000000e+00,0.000000000000e+00,0.000000000000e+00,0.000000000000e+00,1.032091350822e-03,1.124979572396e-01,2.728012951745e+02,2.585750122070e+02,0.000000000000e+00,4.837882493084e-01,1.797708422557e+03,5.550281608142e+04,1.090000000000e+02
1.393000000000e+03,1.033632119009e+08,9.103374102304e+02,4.484423530666e+05,3.235488530205e-01,2.290991919331e+02,-1.728881820492e-04,-1.884481184336e-02,0.000000000000e+00,1.788235220035e+03,1.987406199890e+03,0.000000000000e+00,0.000000000000e+00,0.000000000000e+00,0.000000000000e+00,8.888766212962e-04,9.688755172128e-02,2.727846064669e+02,2.581688537598e+02,0.000000000000e+00,4.877462365770e-01,1.788235220035e+03,5.550277069339e+04,1.090000000000e+02
1.394000000000e+03,1.033610548206e+08,1.072609823075e+03,4.548439522743e+05,3.259184739838e-01,2.306801887924e+02,-1.873310730156e-04,-2.041908695870e-02,0.000000000000e+00,1.994808499628e+03,2.157080912475e+03,0.000000000000e+00,0.000000000000e+00,0.000000000000e+00,0.000000000000e+00,8.708175003813e-04,9.491910754156e-02,2.727854664782e+02,2.584033508301e+02,0.000000000000e+00,4.921721062183e-01,1.994808499628e+03,5.550277305971e+04,1.090000000000e+02
1.395000000000e+03,1.033588305510e+08,1.222598460601e+03,4.612000055644e+05,3.282767276833e-01,2.322235788658e+02,-1.983426390936e-04,-2.161934766120e-02,0.000000000000e+00,2.074283091974e+03,2.224271729499e+03,0.000000000000e+00,0.000000000000e+00,0.000000000000e+00,0.000000000000e+00,8.523172990509e-04,9.290258559655e-02,2.727767236178e+02,2.589501037598e+02,0.000000000000e+00,4.968294048873e-01,2.074283091974e+03,5.550274915210e+04,1.090000000000e+02
1.396000000000e+03,1.033565792872e+08,1.376569508507e+03,4.698400407131e+05,3.326736645223e-01,2.334474743307e+02,-1.908495939379e-04,-2.080260573923e-02,0.000000000000e+00,2.097295508824e+03,2.251266556732e+03,0.000000000000e+00,0.000000000000e+00,0.000000000000e+00,0.000000000000e+00,1.237376434866e-03,1.348740314004e-01,2.727579688583e+02,2.585108337402e+02,0.000000000000e+00,5.023622107219e-01,2.097295508824e+03,5.550269754780e+04,1.090000000000e+02
1.397000000000e+03,1.033544771263e+08,1.563745849118e+03,4.789236269147e+05,3.374338676392e-01,2.346039190360e+02,-1.868132160637e-04,-2.036264055094e-02,0.000000000000e+00,1.914985976722e+03,2.102162317332e+03,0.000000000000e+00,0.000000000000e+00,0.000000000000e+00,0.000000000000e+00,1.314667423402e-03,1.432987491508e-01,2.727569757640e+02,2.590639648438e+02,0.000000000000e+00,5.041199492057e-01,1.914985976722e+03,5.550269402423e+04,1.090000000000e+02
1.398000000000e+03,1.033526424681e+08,1.889884025409e+03,4.857309499994e+05,3.401795365084e-01,2.360183883078e+02,-1.804461383133e-04,-1.966862907615e-02,0.000000000000e+00,1.508517283709e+03,1.834655459998e+03,0.000000000000e+00,0.000000000000e+00,0.000000000000e+00,0.000000000000e+00,9.448662263502e-04,1.029904186722e-01,2.727329818565e+02,2.579129638672e+02,0.000000000000e+00,5.066734508094e-01,1.508517283709e+03,5.550262739120e+04,1.090000000000e+02
1.399000000000e+03,1.033506593327e+08,2.162534879974e+03,4.914498229425e+05,3.419916165362e-01,2.375321162501e+02,-1.593795787707e-04,-1.737237408600e-02,0.000000000000e+00,1.710485142912e+03,1.983135997476e+03,0.000000000000e+00,0.000000000000e+00,0.000000000000e+00,0.000000000000e+00,7.859815868834e-04,8.567199297029e-02,2.727186625767e+02,2.584201660156e+02,0.000000000000e+00,5.112640033790e-01,1.710485142912e+03,5.550258727333e+04,1.090000000000e+02
1.400000000000e+03,1.033486292020e+08,2.420926913150e+03,4.972765260709e+05,3.439178425155e-01,2.390023751118e+02,-1.453798111491e-04,-1.584639941525e-02,0.000000000000e+00,1.771739529487e+03,2.030131562661e+03,0.000000000000e+00,0.000000000000e+00,0.000000000000e+00,0.000000000000e+00,8.178040516522e-04,8.914064163010e-02,2.727050413985e+02,2.589536132812e+02,0.000000000000e+00,5.146455080086e-01,1.771739529487e+03,5.550254887185e+04,1.090000000000e+02
1.401000000000e+03,1.033465765337e+08,2.676377710479e+03,5.038750372622e+05,3.465558433417e-01,2.403305242781e+02,-1.608877939295e-04,-1.753676953831e-02,0.000000000000e+00,1.797217946837e+03,2.052668744163e+03,0.000000000000e+00,0.000000000000e+00,0.000000000000e+00,0.000000000000e+00,9.298738880732e-04,1.013562538000e-01,2.726913946269e+02,2.585171508789e+02,0.000000000000e+00,5.200985935942e-01,1.797217946837e+03,5.550251016645e+04,1.090000000000e+02
1.402000000000e+03,1.033446611627e+08,3.102832231014e+03,5.101878899810e+05,3.489350089057e-01,2.416826566268e+02,-1.619780094523e-04,-1.765560303030e-02,0.000000000000e+00,1.488915912056e+03,1.915370432589e+03,0.000000000000e+00,0.000000000000e+00,0.000000000000e+00,0.000000000000e+00,8.816125278341e-04,9.609576553391e-02,2.726683734402e+02,2.571536254883e+02,0.000000000000e+00,5.228319500757e-01,1.488915912056e+03,5.550244335902e+04,1.090000000000e+02
1.403000000000e+03,1.033427325458e+08,3.530705372562e+03,5.163002042174e+05,3.511637957297e-01,2.430263799858e+02,-1.342963831447e-04,-1.463830576278e-02,0.000000000000e+00,1.500742006025e+03,1.928615147572e+03,0.000000000000e+00,0.000000000000e+00,0.000000000000e+00,0.000000000000e+00,8.762295875569e-04,9.550902504371e-02,2.726275032558e+02,2.567618103027e+02,0.000000000000e+00,5.281914862369e-01,1.500742006025e+03,5.550232486809e+04,1.090000000000e+02
1.404000000000e+03,1.033407857018e+08,3.988090846312e+03,5.224109790172e+05,3.534168645414e-01,2.443359475708e+02,-1.201429887938e-04,-1.309558577852e-02,0.000000000000e+00,1.489458694821e+03,1.946844168573e+03,0.000000000000e+00,0.000000000000e+00,0.000000000000e+00,0.000000000000e+00,8.902340914488e-04,9.703551596792e-02,2.725652420361e+02,2.555773773193e+02,0.000000000000e+00,5.328258623943e-01,1.489458694821e+03,5.550214042725e+04,1.090000000000e+02
1.405000000000e+03,1.033388662933e+08,4.529236011549e+03,5.274445641198e+05,3.547587504915e-01,2.457574396416e+02,-1.138697481631e-04,-1.241180254978e-02,0.000000000000e+00,1.378261636824e+03,1.919406802061e+03,0.000000000000e+00,0.000000000000e+00,0.000000000000e+00,0.000000000000e+00,7.182886813768e-04,7.829346627008e-02,2.725408252457e+02,2.548891906738e+02,0.000000000000e+00,5.388546323659e-01,1.378261636824e+03,5.550206495230e+04,1.090000000000e+02
1.406000000000e+03,1.033370114572e+08,5.191727687153e+03,5.316782762276e+05,3.554651615780e-01,2.472380479960e+02,-1.131684463472e-04,-1.233536065185e-02,0.000000000000e+00,1.192346701969e+03,1.854838377564e+03,0.000000000000e+00,0.000000000000e+00,0.000000000000e+00,0.000000000000e+00,5.867382805098e-04,6.395447257557e-02,2.725228374945e+02,2.553917236328e+02,0.000000000000e+00,5.417541925511e-01,1.192346701969e+03,5.550201028113e+04,1.090000000000e+02
1.407000000000e+03,1.033351289282e+08,5.757854239687e+03,5.357298682987e+05,3.560608520005e-01,2.487052820715e+02,-1.087345671562e-04,-1.185206782003e-02,0.000000000000e+00,1.316403013952e+03,1.882529566482e+03,0.000000000000e+00,0.000000000000e+00,0.000000000000e+00,0.000000000000e+00,5.609637965719e-04,6.114505382633e-02,2.725266270855e+02,2.556392517090e+02,0.000000000000e+00,5.471640041893e-01,1.316403013952e+03,5.550202187243e+04,1.090000000000e+02
1.408000000000e+03,1.033332413348e+08,6.274943741184e+03,5.402795842635e+05,3.570859403594e-01,2.500973333303e+02,-9.319733233852e-05,-1.015850922490e-02,0.000000000000e+00,1.370505106710e+03,1.887594608202e+03,0.000000000000e+00,0.000000000000e+00,0.000000000000e+00,0.000000000000e+00,6.588238911952e-04,7.181180414027e-02,2.725330325876e+02,2.564550170898e+02,0.000000000000e+00,5.511817401416e-01,1.370505106710e+03,5.550204141523e+04,1.090000000000e+02
1.409000000000e+03,1.033314675156e+08,7.021427457434e+03,5.460301259190e+05,3.591716483579e-01,2.512915149831e+02,-1.121027448658e-04,-1.221919919038e-02,0.000000000000e+00,1.027334512195e+03,1.773818228442e+03,0.000000000000e+00,0.000000000000e+00,0.000000000000e+00,0.000000000000e+00,8.384531362561e-04,9.139139185191e-02,2.725343493540e+02,2.569036560059e+02,0.000000000000e+00,5.559878249280e-01,1.027334512195e+03,5.550204374859e+04,1.090000000000e+02
1.410000000000e+03,1.033296552362e+08,7.676534957881e+03,5.528705137247e+05,3.621444875034e-01,2.523513185888e+02,-1.475480273141e-04,-1.608273497724e-02,0.000000000000e+00,1.157174704127e+03,1.812282204570e+03,0.000000000000e+00,0.000000000000e+00,0.000000000000e+00,0.000000000000e+00,9.832998115303e-04,1.071796794568e-01,2.725039139896e+02,2.563990478516e+02,0.000000000000e+00,5.600836570677e-01,1.157174704127e+03,5.550195046965e+04,1.090000000000e+02
1.411000000000e+03,1.033278422711e+08,8.381520425082e+03,5.590773315280e+05,3.645858957177e-01,2.534764840589e+02,-1.630574819597e-04,-1.777326553361e-02,0.000000000000e+00,1.107976819255e+03,1.812962286455e+03,0.000000000000e+00,0.000000000000e+00,0.000000000000e+00,0.000000000000e+00,8.632532114629e-04,9.409460004945e-02,2.724386462169e+02,2.548158111572e+02,0.000000000000e+00,5.663134431710e-01,1.107976819255e+03,5.550174658829e+04,1.090000000000e+02
1.412000000000e+03,1.033261275450e+08,9.360989587936e+03,5.647007293960e+05,3.665756738024e-01,2.546371680150e+02,-1.456162914001e-04,-1.587217576261e-02,0.000000000000e+00,7.352563121946e+02,1.714725475045e+03,0.000000000000e+00,0.000000000000e+00,0.000000000000e+00,0.000000000000e+00,7.842285681331e-04,8.548091392651e-02,2.723832240724e+02,2.542895660400e+02,0.000000000000e+00,5.705717838550e-01,7.352563121946e+02,5.550156696327e+04,1.090000000000e+02
1.413000000000e+03,1.033243873798e+08,1.023998807618e+04,5.701088961531e+05,3.683750128692e-01,2.558208363075e+02,-1.229428339548e-04,-1.340076890107e-02,0.000000000000e+00,8.611653898492e+02,1.740163878088e+03,0.000000000000e+00,0.000000000000e+00,0.000000000000e+00,0.000000000000e+00,7.712708560868e-04,8.406852331347e-02,2.723383234169e+02,2.535805053711e+02,0.000000000000e+00,5.764471885963e-01,8.611653898492e+02,5.550142066170e+04,1.090000000000e+02
1.414000000000e+03,1.033226837596e+08,1.123185090589e+04,5.750135882442e+05,3.697957654019e-01,2.570306647389e+02,-1.069937564449e-04,-1.166231945250e-02,0.000000000000e+00,7.117565065384e+02,1.703619336243e+03,0.000000000000e+00,0.000000000000e+00,0.000000000000e+00,0.000000000000e+00,7.038596119409e-04,7.672069770156e-02,2.723206386841e+02,2.533937225342e+02,0.000000000000e+00,5.820029066772e-01,7.117565065384e+02,5.550135939226e+04,1.090000000000e+02
1.415000000000e+03,1.033209979760e+08,1.220693960023e+04,5.806719430211e+05,3.718657069030e-01,2.581154090539e+02,-8.927818328942e-05,-9.731321978547e-03,0.000000000000e+00,7.106944200553e+02,1.685783114401e+03,0.000000000000e+00,0.000000000000e+00,0.000000000000e+00,0.000000000000e+00,8.461380437973e-04,9.222904677391e-02,2.723039750754e+02,2.537482757568e+02,0.000000000000e+00,5.878050642877e-01,7.106944200553e+02,5.550130445418e+04,1.090000000000e+02
1.416000000000e+03,1.033193093970e+08,1.312718445249e+04,5.863480357446e+05,3.738902518724e-01,2.592278971265e+02,-8.622285273276e-05,-9.398290947871e-03,0.000000000000e+00,7.683331711337e+02,1.688578023395e+03,0.000000000000e+00,0.000000000000e+00,0.000000000000e+00,0.000000000000e+00,8.522927915869e-04,9.289991428297e-02,2.722597665501e+02,2.536108703613e+02,0.000000000000e+00,5.933347748802e-01,7.683331711337e+02,5.550115617399e+04,1.090000000000e+02
1.417000000000e+03,1.033176804452e+08,1.428503460576e+04,5.906316334596e+05,3.748640960860e-01,2.604440772498e+02,-1.034576188589e-04,-1.127688045562e-02,0.000000000000e+00,4.711012673759e+02,1.628951420641e+03,0.000000000000e+00,0.000000000000e+00,0.000000000000e+00,0.000000000000e+00,6.048966842426e-04,6.593373858244e-02,2.722155836904e+02,2.532135467529e+02,0.000000000000e+00,5.989105032981e-01,4.711012673759e+02,5.550100268447e+04,1.090000000000e+02
1.418000000000e+03,1.033160400298e+08,1.529827474152e+04,5.950457035066e+05,3.759766128596e-01,2.616143589471e+02,-1.171225204862e-04,-1.276635473299e-02,0.000000000000e+00,6.271767658824e+02,1.640416901653e+03,0.000000000000e+00,0.000000000000e+00,0.000000000000e+00,0.000000000000e+00,6.126164231321e-04,6.677519012140e-02,2.721993306824e+02,2.543534698486e+02,0.000000000000e+00,6.051543322613e-01,6.271767658824e+02,5.550094716654e+04,1.090000000000e+02
1.419000000000e+03,1.033144612057e+08,1.643857544457e+04,6.001451880587e+05,3.775965660568e-01,2.627239870049e+02,-1.239036032584e-04,-1.350549275516e-02,0.000000000000e+00,4.385264967582e+02,1.578827199800e+03,0.000000000000e+00,0.000000000000e+00,0.000000000000e+00,0.000000000000e+00,7.188906775512e-04,7.835908385308e-02,2.722250588621e+02,2.540127410889e+02,0.000000000000e+00,6.105345874794e-01,4.385264967582e+02,5.550103289607e+04,1.090000000000e+02
1.420000000000e+03,1.033128828592e+08,1.749324128412e+04,6.052625953151e+05,3.792954816156e-01,2.637777743829e+02,-1.432046781257e-04,-1.560930991570e-02,0.000000000000e+00,5.236834747602e+02,1.578349314309e+03,0.000000000000e+00,0.000000000000e+00,0.000000000000e+00,0.000000000000e+00,7.028380180089e-04,7.660934396297e-02,2.722033899089e+02,2.534426269531e+02,0.000000000000e+00,6.163637688263e-01,5.236834747602e+02,5.550095890139e+04,1.090000000000e+02
1.421000000000e+03,1.033113216310e+08,1.867301009082e+04,6.111879236903e+05,3.816212358568e-01,2.647377443061e+02,-1.498367324354e-04,-1.633220383546e-02,0.000000000000e+00,3.814606324082e+02,1.561229439115e+03,0.000000000000e+00,0.000000000000e+00,0.000000000000e+00,0.000000000000e+00,8.299899519894e-04,9.046890476684e-02,2.721464657716e+02,2.525922546387e+02,0.000000000000e+00,6.231919542123e-01,3.814606324082e+02,5.550075698585e+04,1.090000000000e+02
1.422000000000e+03,1.033097676657e+08,1.992056202982e+04,6.173110305093e+05,3.841212517834e-01,2.656505904532e+02,-1.286468346864e-04,-1.402250498081e-02,0.000000000000e+00,3.064149114850e+02,1.553966850488e+03,0.000000000000e+00,0.000000000000e+00,0.000000000000e+00,0.000000000000e+00,8.838430165027e-04,9.633888879880e-02,2.720952203466e+02,2.525356140137e+02,0.000000000000e+00,6.306517302763e-01,3.064149114850e+02,5.550057409910e+04,1.090000000000e+02
1.423000000000e+03,1.033082212134e+08,2.120625773526e+04,6.228718047697e+05,3.861317747441e-01,2.666487289547e+02,-1.091173450724e-04,-1.189379061290e-02,0.000000000000e+00,2.607578893537e+02,1.546453594787e+03,0.000000000000e+00,0.000000000000e+00,0.000000000000e+00,0.000000000000e+00,8.104032961359e-04,8.833395927882e-02,2.720504184449e+02,2.526210479736e+02,0.000000000000e+00,6.379444102356e-01,2.607578893537e+02,5.550041001685e+04,1.090000000000e+02
1.424000000000e+03,1.033066906340e+08,2.247845941278e+04,6.276174398205e+05,3.875020510559e-01,2.677304225328e+02,-1.029652915739e-04,-1.122321678156e-02,0.000000000000e+00,2.583781262920e+02,1.530579803814e+03,0.000000000000e+00,0.000000000000e+00,0.000000000000e+00,0.000000000000e+00,6.815741119279e-04,7.429157820014e-02,2.720391873943e+02,2.526845245361e+02,0.000000000000e+00,6.447424896378e-01,2.583781262920e+02,5.550036892187e+04,1.090000000000e+02
1.425000000000e+03,1.033051928229e+08,2.367871095532e+04,6.319743020303e+05,3.886431703450e-01,2.687973314551e+02,-1.071360171172e-04,-1.167782586578e-02,0.000000000000e+00,2.975606197293e+02,1.497812162266e+03,0.000000000000e+00,0.000000000000e+00,0.000000000000e+00,0.000000000000e+00,6.130202860377e-04,6.681921117811e-02,2.720448346095e+02,2.531290130615e+02,0.000000000000e+00,6.515011060603e-01,2.975606197293e+02,5.550039041873e+04,1.090000000000e+02
1.426000000000e+03,1.033037304576e+08,2.490651962009e+04,6.366116600278e+05,3.899749348421e-01,2.698456135953e+02,-1.178733068074e-04,-1.284819044201e-02,0.000000000000e+00,2.345567935194e+02,1.462365458297e+03,0.000000000000e+00,0.000000000000e+00,0.000000000000e+00,0.000000000000e+00,6.489026434271e-04,7.073038813355e-02,2.720146869790e+02,2.527994995117e+02,0.000000000000e+00,6.588839795986e-01,2.345567935194e+02,5.550027828808e+04,1.090000000000e+02
1.427000000000e+03,1.033022845720e+08,2.614066126270e+04,6.415490521471e+05,3.915673082826e-01,2.708336738070e+02,-1.232320104684e-04,-1.343228914105e-02,0.000000000000e+00,2.117438879609e+02,1.445885530565e+03,0.000000000000e+00,0.000000000000e+00,0.000000000000e+00,0.000000000000e+00,6.933530292426e-04,7.557548018744e-02,2.719551389402e+02,2.526025085449e+02,0.000000000000e+00,6.666291528922e-01,2.117438879609e+02,5.550005668669e+04,1.090000000000e+02
1.428000000000e+03,1.033008992712e+08,2.733661043810e+04,6.467089294071e+05,3.933315192994e-01,2.717879920350e+02,-1.319699595939e-04,-1.438472559573e-02,0.000000000000e+00,1.893520654755e+02,1.385301240882e+03,0.000000000000e+00,0.000000000000e+00,0.000000000000e+00,0.000000000000e+00,7.212023345735e-04,7.861105446851e-02,2.719237216071e+02,2.523730163574e+02,0.000000000000e+00,6.728824333027e-01,1.893520654755e+02,5.549993877123e+04,1.090000000000e+02
1.429000000000e+03,1.032995295252e+08,2.852917384021e+04,6.515916668550e+05,3.949365453088e-01,2.727271527323e+02,-1.261131237043e-04,-1.374633048377e-02,0.000000000000e+00,1.771829445460e+02,1.369746346652e+03,0.000000000000e+00,0.000000000000e+00,0.000000000000e+00,0.000000000000e+00,6.810192557925e-04,7.423109888138e-02,2.719234991718e+02,2.532419433594e+02,0.000000000000e+00,6.811904765915e-01,1.771829445460e+02,5.549993770953e+04,1.090000000000e+02
1.430000000000e+03,1.032981627153e+08,2.973220889163e+04,6.562003870728e+05,3.962466239923e-01,2.737496822795e+02,-1.007146062203e-04,-1.097789207801e-02,0.000000000000e+00,1.637749692877e+02,1.366810020706e+03,0.000000000000e+00,0.000000000000e+00,0.000000000000e+00,0.000000000000e+00,6.617523586648e-04,7.213100709446e-02,2.718400129646e+02,2.523300018311e+02,0.000000000000e+00,6.891895467432e-01,1.637749692877e+02,5.549961555499e+04,1.090000000000e+02
1.431000000000e+03,1.032967983092e+08,3.095330406278e+04,6.605668928727e+05,3.974672386300e-01,2.747260778316e+02,-8.936866791067e-05,-9.741184802263e-03,0.000000000000e+00,1.433105663533e+02,1.364405737510e+03,0.000000000000e+00,0.000000000000e+00,0.000000000000e+00,0.000000000000e+00,6.328554052959e-04,6.898123917725e-02,2.717854426048e+02,2.516966857910e+02,0.000000000000e+00,6.977323417330e-01,1.433105663533e+02,5.549939969468e+04,1.090000000000e+02
1.432000000000e+03,1.032954946378e+08,3.210285614679e+04,6.650865642626e+05,3.987419760284e-01,2.757217597169e+02,-1.077741099214e-04,-1.174737798144e-02,0.000000000000e+00,1.541189978280e+02,1.303671081829e+03,0.000000000000e+00,0.000000000000e+00,0.000000000000e+00,0.000000000000e+00,6.394521003776e-04,6.970027894116e-02,2.717725342906e+02,2.519540557861e+02,0.000000000000e+00,7.056897587729e-01,1.541189978280e+02,5.549934985643e+04,1.090000000000e+02
1.433000000000e+03,1.032941962454e+08,3.324248193871e+04,6.691025750268e+05,3.996946885106e-01,2.767259854560e+02,-1.152726617077e-04,-1.256472012614e-02,0.000000000000e+00,1.587666390890e+02,1.298392431011e+03,0.000000000000e+00,0.000000000000e+00,0.000000000000e+00,0.000000000000e+00,5.487932299466e-04,5.981846206418e-02,2.717476546917e+02,2.524174652100e+02,0.000000000000e+00,7.145360111675e-01,1.587666390890e+02,5.549924998963e+04,1.090000000000e+02
1.434000000000e+03,1.032929061398e+08,3.436188687804e+04,6.736592609994e+05,4.010907093741e-01,2.776401269376e+02,-1.229298456110e-04,-1.339935317160e-02,0.000000000000e+00,1.707000627230e+02,1.290105002058e+03,0.000000000000e+00,0.000000000000e+00,0.000000000000e+00,0.000000000000e+00,6.300368441468e-04,6.867401601201e-02,2.717822560946e+02,2.536688690186e+02,0.000000000000e+00,7.234970941757e-01,1.707000627230e+02,5.549938773169e+04,1.090000000000e+02
1.435000000000e+03,1.032916328423e+08,3.545139449522e+04,6.795572081970e+05,4.034560781112e-01,2.784286675262e+02,-1.485234663039e-04,-1.618905782713e-02,0.000000000000e+00,1.837903127085e+02,1.273297929886e+03,0.000000000000e+00,0.000000000000e+00,0.000000000000e+00,0.000000000000e+00,8.263388435845e-04,9.007093395071e-02,2.717944454464e+02,2.541053009033e+02,0.000000000000e+00,7.302973425931e-01,1.837903127085e+02,5.549943576507e+04,1.090000000000e+02
1.436000000000e+03,1.032903719134e+08,3.653170141286e+04,6.853407917096e+05,4.057180075111e-01,2.792330662593e+02,-1.386342217301e-04,-1.511113016859e-02,0.000000000000e+00,1.806220926249e+02,1.260929010264e+03,0.000000000000e+00,0.000000000000e+00,0.000000000000e+00,0.000000000000e+00,8.175101735514e-04,8.910860891710e-02,2.717833690277e+02,2.542877807617e+02,0.000000000000e+00,7.394632086286e-01,1.806220926249e+02,5.549939138413e+04,1.090000000000e+02
1.437000000000e+03,1.032891274255e+08,3.759229316087e+04,6.900931814220e+05,4.072416986010e-01,2.801172232460e+02,-1.108726347993e-04,-1.208511719312e-02,0.000000000000e+00,1.838948446681e+02,1.244486592683e+03,0.000000000000e+00,0.000000000000e+00,0.000000000000e+00,0.000000000000e+00,6.746539139596e-04,7.353727662159e-02,2.717912875881e+02,2.553469085693e+02,0.000000000000e+00,7.492365602511e-01,1.838948446681e+02,5.549942232432e+04,1.090000000000e+02
1.438000000000e+03,1.032878969025e+08,3.864610024268e+04,6.939432179825e+05,4.080742608439e-01,2.811061844059e+02,-1.095902502410e-04,-1.194533727627e-02,0.000000000000e+00,1.767163470308e+02,1.230523428838e+03,0.000000000000e+00,0.000000000000e+00,0.000000000000e+00,0.000000000000e+00,5.271939650336e-04,5.746414218866e-02,2.717485582952e+02,2.539951934814e+02,0.000000000000e+00,7.581749238793e-01,1.767163470308e+02,5.549925123832e+04,1.090000000000e+02
1.439000000000e+03,1.032866752127e+08,3.971096421103e+04,6.979201247707e+05,4.090630317783e-01,2.820351236012e+02,-1.108811797214e-04,-1.208604858964e-02,0.000000000000e+00,1.568258980554e+02,1.221689866407e+03,0.000000000000e+00,0.000000000000e+00,0.000000000000e+00,0.000000000000e+00,5.470616637564e-04,5.962972134944e-02,2.716848615727e+02,2.536811370850e+02,0.000000000000e+00,7.686507523641e-01,1.568258980554e+02,5.549899189518e+04,1.090000000000e+02
1.440000000000e+03,1.032854659693e+08,4.077542442643e+04,7.023510468789e+05,4.103546562665e-01,2.829335207665e+02,-1.043204316730e-04,-1.137092705236e-02,0.000000000000e+00,1.447831119889e+02,1.209243327382e+03,0.000000000000e+00,0.000000000000e+00,0.000000000000e+00,0.000000000000e+00,6.286238151113e-04,6.851999584714e-02,2.716289753537e+02,2.542044982910e+02,0.000000000000e+00,7.805585563971e-01,1.447831119889e+02,5.549875987157e+04,1.090000000000e+02
1.441000000000e+03,1.032842685463e+08,4.184462609611e+04,7.075167408914e+05,4.122189504175e-01,2.837272489085e+02,-1.013995536254e-04,-1.105255134517e-02,0.000000000000e+00,1.282202321704e+02,1.197421901854e+03,0.000000000000e+00,0.000000000000e+00,0.000000000000e+00,0.000000000000e+00,7.532605318012e-04,8.210539796633e-02,2.715465013785e+02,2.526791687012e+02,0.000000000000e+00,7.904642180953e-01,1.282202321704e+02,5.549841063219e+04,1.090000000000e+02
1.442000000000e+03,1.032830758043e+08,4.294378715248e+04,7.120786885803e+05,4.136334242899e-01,2.845836292691e+02,-8.915852402712e-05,-9.718279118956e-03,0.000000000000e+00,9.358168969267e+01,1.192742746064e+03,0.000000000000e+00,0.000000000000e+00,0.000000000000e+00,0.000000000000e+00,6.663924257138e-04,7.263677440280e-02,2.713931210171e+02,2.513524322510e+02,0.000000000000e+00,8.022348354183e-01,9.358168969267e+01,5.549773868384e+04,1.090000000000e+02
1.443000000000e+03,1.032818879450e+08,4.406299255126e+04,7.151006550821e+05,4.139277122135e-01,2.855910232448e+02,-7.634325007429e-05,-8.321414258098e-03,0.000000000000e+00,6.865102530479e+01,1.187856424086e+03,0.000000000000e+00,0.000000000000e+00,0.000000000000e+00,0.000000000000e+00,4.243932180197e-04,4.625886076415e-02,2.712721575116e+02,2.503384704590e+02,0.000000000000e+00,8.155300804224e-01,6.865102530479e+01,5.549718701188e+04,1.090000000000e+02
1.444000000000e+03,1.032807245286e+08,4.515032635648e+04,7.186932648558e+05,4.146336921699e-01,2.865367344446e+02,-9.245694586361e-05,-1.007780709913e-02,0.000000000000e+00,7.608138491934e+01,1.163415190138e+03,0.000000000000e+00,0.000000000000e+00,0.000000000000e+00,0.000000000000e+00,5.012870845721e-04,5.464029221836e-02,2.712882023880e+02,2.508208923340e+02,0.000000000000e+00,8.273390103683e-01,7.608138491934e+01,5.549725956272e+04,1.090000000000e+02
1.445000000000e+03,1.032795965563e+08,4.617621581685e+04,7.236437275961e+05,4.163765276097e-01,2.873014513175e+02,-1.151668681746e-04,-1.255318863103e-02,0.000000000000e+00,1.020837544329e+02,1.127973214804e+03,0.000000000000e+00,0.000000000000e+00,0.000000000000e+00,0.000000000000e+00,7.026283437211e-04,7.658648946560e-02,2.713462963674e+02,2.522371978760e+02,0.000000000000e+00,8.395179943281e-01,1.020837544329e+02,5.549752433510e+04,1.090000000000e+02
1.446000000000e+03,1.032784851915e+08,4.716211988553e+04,7.288471063556e+05,4.182624956543e-01,2.880607020611e+02,-1.134473576278e-04,-1.236576198143e-02,0.000000000000e+00,1.254607657995e+02,1.111364834481e+03,0.000000000000e+00,0.000000000000e+00,0.000000000000e+00,0.000000000000e+00,7.459582788138e-04,8.130945239071e-02,2.714248296297e+02,2.537629241943e+02,0.000000000000e+00,8.523841216121e-01,1.254607657995e+02,5.549787688327e+04,1.090000000000e+02
1.447000000000e+03,1.032773992128e+08,4.811017997237e+04,7.339454923543e+05,4.201211103331e-01,2.887912950383e+02,-1.085921601275e-04,-1.183654545389e-02,0.000000000000e+00,1.379179287327e+02,1.085978015566e+03,0.000000000000e+00,0.000000000000e+00,0.000000000000e+00,0.000000000000e+00,7.337381049767e-04,7.997745344246e-02,2.714744849475e+02,2.542690124512e+02,0.000000000000e+00,8.630446635602e-01,1.379179287327e+02,5.549809636342e+04,1.090000000000e+02
1.448000000000e+03,1.032763385349e+08,4.904020008397e+04,7.401760695219e+05,4.227717278246e-01,2.894172885049e+02,-1.297668809332e-04,-1.414459002172e-02,0.000000000000e+00,1.306568259741e+02,1.060676937577e+03,0.000000000000e+00,0.000000000000e+00,0.000000000000e+00,0.000000000000e+00,9.003591434491e-04,9.813914663595e-02,2.714577878486e+02,2.540317077637e+02,0.000000000000e+00,8.752798209624e-01,1.306568259741e+02,5.549802435200e+04,1.090000000000e+02
1.449000000000e+03,1.032753010575e+08,4.995836579971e+04,7.461294578480e+05,4.251863115296e-01,2.900888164772e+02,-1.288301969649e-04,-1.404249146918e-02,0.000000000000e+00,1.193108074862e+02,1.037476523225e+03,0.000000000000e+00,0.000000000000e+00,0.000000000000e+00,0.000000000000e+00,8.555158243640e-04,9.325122485568e-02,2.714373224535e+02,2.541607360840e+02,0.000000000000e+00,8.856822363119e-01,1.193108074862e+02,5.549793516483e+04,1.090000000000e+02
1.450000000000e+03,1.032742862453e+08,5.086843476800e+04,7.516655701476e+05,4.273255639709e-01,2.907797043763e+02,-1.216716873073e-04,-1.326221391650e-02,0.000000000000e+00,1.047422324690e+02,1.014811200762e+03,0.000000000000e+00,0.000000000000e+00,0.000000000000e+00,0.000000000000e+00,7.941351423672e-04,8.656073051803e-02,2.713733407080e+02,2.529650726318e+02,0.000000000000e+00,8.964726503091e-01,1.047422324690e+02,5.549765093468e+04,1.090000000000e+02
1.451000000000e+03,1.032732927700e+08,5.177445265518e+04,7.571729146824e+05,4.294284859220e-01,2.914772361931e+02,-1.195782524564e-04,-1.303402951775e-02,0.000000000000e+00,8.745651559013e+01,9.934744027709e+02,0.000000000000e+00,0.000000000000e+00,0.000000000000e+00,0.000000000000e+00,7.914476201523e-04,8.626779059660e-02,2.713138517131e+02,2.524856262207e+02,0.000000000000e+00,9.073211678211e-01,8.745651559013e+01,5.549738176704e+04,1.090000000000e+02
1.452000000000e+03,1.032723226407e+08,5.266235413080e+04,7.622007062851e+05,4.312326998626e-01,2.921859058726e+02,-1.112317954763e-04,-1.212426570692e-02,0.000000000000e+00,8.222795630227e+01,9.701294319238e+02,0.000000000000e+00,0.000000000000e+00,0.000000000000e+00,0.000000000000e+00,7.202558867928e-04,7.850789166042e-02,2.712811830669e+02,2.527892150879e+02,0.000000000000e+00,9.166978990440e-01,8.222795630227e+01,5.549723210904e+04,1.090000000000e+02
1.453000000000e+03,1.032713742508e+08,5.353761109460e+04,7.671142371402e+05,4.329450453611e-01,2.929080581351e+02,-1.080932118182e-04,-1.178216008818e-02,0.000000000000e+00,7.313060109669e+01,9.483875648958e+02,0.000000000000e+00,0.000000000000e+00,0.000000000000e+00,0.000000000000e+00,7.048820520712e-04,7.683214367576e-02,2.712141241319e+02,2.516610565186e+02,0.000000000000e+00,9.251932851895e-01,7.313060109669e+01,5.549692027774e+04,1.090000000000e+02
1.454000000000e+03,1.032704442595e+08,5.440207551935e+04,7.711598201265e+05,4.339632602284e-01,2.937633792776e+02,-1.070349559947e-04,-1.166681020342e-02,0.000000000000e+00,6.552408207672e+01,9.299885068245e+02,0.000000000000e+00,0.000000000000e+00,0.000000000000e+00,0.000000000000e+00,5.623826587463e-04,6.129970980335e-02,2.711556522238e+02,2.513882751465e+02,0.000000000000e+00,9.344234262165e-01,6.552408207672e+01,5.549664348224e+04,1.090000000000e+02
1.455000000000e+03,1.032695322884e+08,5.525118458891e+04,7.744727729552e+05,4.345372752899e-01,2.946367604022e+02,-1.021252884297e-04,-1.113165643884e-02,0.000000000000e+00,6.285882249469e+01,9.119678920502e+02,0.000000000000e+00,0.000000000000e+00,0.000000000000e+00,0.000000000000e+00,4.460130837560e-04,4.861542612941e-02,2.711136208138e+02,2.516314849854e+02,0.000000000000e+00,9.428825032284e-01,6.285882249469e+01,5.549644160850e+04,1.090000000000e+02
1.456000000000e+03,1.032686374731e+08,5.608383268440e+04,7.775138816004e+05,4.349182003257e-01,2.955352729980e+02,-1.090324753935e-04,-1.188453981789e-02,0.000000000000e+00,6.216404011246e+01,8.948121356023e+02,0.000000000000e+00,0.000000000000e+00,0.000000000000e+00,0.000000000000e+00,3.939786799000e-04,4.294367610910e-02,2.710890543051e+02,2.525847625732e+02,0.000000000000e+00,9.509314747906e-01,6.216404011246e+01,5.549632242395e+04,1.090000000000e+02
1.457000000000e+03,1.032677600481e+08,5.689768352907e+04,7.814830701998e+05,4.359808199527e-01,2.963200934644e+02,-1.236503872635e-04,-1.347789221172e-02,0.000000000000e+00,6.357098517104e+01,8.774218298486e+02,0.000000000000e+00,0.000000000000e+00,0.000000000000e+00,0.000000000000e+00,5.325553619641e-04,5.804853445409e-02,2.710850954686e+02,2.525290985107e+02,0.000000000000e+00,9.569281727504e-01,6.357098517104e+01,5.549630304398e+04,1.090000000000e+02
1.458000000000e+03,1.032668990417e+08,5.769582688180e+04,7.866292722478e+05,4.379060798699e-01,2.969606058639e+02,-1.342895765781e-04,-1.463756384701e-02,0.000000000000e+00,6.286200484294e+01,8.610053575646e+02,0.000000000000e+00,0.000000000000e+00,0.000000000000e+00,0.000000000000e+00,7.166853093744e-04,7.811869872181e-02,2.710642918009e+02,2.516068267822e+02,0.000000000000e+00,9.638881642203e-01,6.286200484294e+01,5.549620163103e+04,1.090000000000e+02
1.459000000000e+03,1.032660514271e+08,5.848620001303e+04,7.922983315207e+05,4.401428138562e-01,2.975821646091e+02,-1.196440815686e-04,-1.304120489098e-02,0.000000000000e+00,5.724109764609e+01,8.476142288759e+02,0.000000000000e+00,0.000000000000e+00,0.000000000000e+00,0.000000000000e+00,8.181515252435e-04,8.917851625154e-02,2.710110089838e+02,2.512489471436e+02,0.000000000000e+00,9.729074004230e-01,5.724109764609e+01,5.549593925488e+04,1.090000000000e+02
1.460000000000e+03,1.032652160599e+08,5.926863843536e+04,7.982423789639e+05,4.425860207931e-01,2.981608609691e+02,-1.049204673228e-04,-1.143633093819e-02,0.000000000000e+00,5.292590410152e+01,8.353643264340e+02,0.000000000000e+00,0.000000000000e+00,0.000000000000e+00,0.000000000000e+00,8.782517369355e-04,9.572943932596e-02,2.709658218986e+02,2.512489471436e+02,0.000000000000e+00,9.793809446743e-01,5.292590410152e+01,5.549571362943e+04,1.090000000000e+02
