year,month,day,air_temp(degC),rel_humid(%),wind_spd(m_s-1),incoming_solar(W_m-2),rain_precip(m),snow_precip(m),surface_temp(degC),swe_depth(m),snow_depth(m),snow_density(kg_m-3)
2018,9,1,1.61957550,93.8773193,7.13465214,100.485405,0.131483134E-1,0.763693126E-2,0.693149567,0.00000000,0.00000000,-9999.00000
2018,9,2,-3.50689697,88.6939774,2.02614784,98.3370514,0.00000000,0.102452969E-2,-4.76688385,0.00000000,0.00000000,-9999.00000
2018,9,3,3.32533646,92.0143204,3.71429062,96.1784515,0.374493375E-2,0.00000000,3.20407486,0.00000000,0.00000000,-9999.00000
2018,9,4,2.98547745,93.7904968,3.46273875,94.0104065,0.871205702E-2,0.00000000,1.99582291,0.00000000,0.00000000,-9999.00000
2018,9,5,3.99084854,93.4170151,4.03517151,91.8337326,0.655020215E-2,0.00000000,4.65388489,0.00000000,0.00000000,-9999.00000
2018,9,6,1.62701035,93.6963959,3.96498275,89.6493073,0.725913979E-2,0.327959470E-2,1.14608383,0.00000000,0.00000000,-9999.00000
2018,9,7,-1.99346542,90.1909485,2.50010085,87.4579163,0.00000000,0.775528606E-3,-3.36269379,0.00000000,0.00000000,-9999.00000
2018,9,8,0.669559479,89.9141312,2.06545353,85.3084488,0.00000000,0.00000000,1.23638153,0.00000000,0.00000000,-9999.00000
2018,9,9,2.77877045,90.4007797,2.07358599,83.4911346,0.140895264E-2,0.637572550E-3,2.09389877,0.00000000,0.00000000,-9999.00000
2018,9,10,2.95075607,94.8679047,1.05204964,81.6691132,0.115715002E-2,0.00000000,2.48407364,0.00000000,0.00000000,-9999.00000
2018,9,11,5.09972763,93.5459900,1.93004596,79.8431244,0.332308817E-2,0.00000000,6.02843094,0.00000000,0.00000000,-9999.00000
2018,9,12,4.87913513,96.8462524,3.23094273,78.0138245,0.750429137E-2,0.00000000,5.64619446,0.00000000,0.00000000,-9999.00000
2018,9,13,3.34833908,95.1233063,3.98006535,76.1819153,0.698133977E-2,0.00000000,2.21670151,0.00000000,0.00000000,-9999.00000
2018,9,14,3.66164398,88.8623199,2.44001079,74.3480988,0.00000000,0.00000000,4.10231018,0.00000000,0.00000000,-9999.00000
2018,9,15,2.47046280,86.1830826,3.62171698,72.5130844,0.00000000,0.00000000,2.51784134,0.00000000,0.00000000,-9999.00000
2018,9,16,2.38074875,82.2454224,2.61850309,72.7301102,0.00000000,0.00000000,2.56336975,0.00000000,0.00000000,-9999.00000
2018,9,17,2.01190948,81.9318542,2.56896496,68.8421097,0.00000000,0.00000000,1.98267365,0.00000000,0.00000000,-9999.00000
2018,9,18,1.57426071,90.3760071,3.20733547,67.0075684,0.00000000,0.00000000,1.12824631,0.00000000,0.00000000,-9999.00000
2018,9,19,2.31903076,93.0879745,2.63551450,65.1745453,0.550267636E-3,0.00000000,1.31168365,0.00000000,0.00000000,-9999.00000
2018,9,20,1.49151230,89.5700836,3.89245963,63.3437309,0.00000000,0.00000000,1.02232742,0.00000000,0.00000000,-9999.00000
2018,9,21,1.15665817,91.4532471,1.05759776,61.5158195,0.211118441E-2,0.195814599E-2,0.570629120,0.00000000,0.00000000,-9999.00000
2018,9,22,-1.70481110,93.1638641,2.06445622,59.6914597,0.657159137E-3,0.509915780E-2,-1.94563293,0.499399006E-2,0.371198319E-1,134.536972
2018,9,23,-5.07405472,90.0452805,2.80281830,57.8713188,0.00000000,0.465669762E-2,-5.62082672,0.954711717E-2,0.800322145E-1,119.290932
2018,9,24,-5.03044510,88.5594635,2.14484739,56.0560760,0.00000000,0.00000000,-6.26911926,0.965056755E-2,0.621171705E-1,155.360718
2018,9,25,-4.27811813,89.1230392,2.31473112,54.2463684,0.00000000,0.105453411E-2,-4.74286270,0.106122093E-1,0.698068962E-1,152.022369
2018,9,26,-3.98272324,89.8569794,1.92028618,52.4428482,0.00000000,0.00000000,-5.28382874,0.107242977E-1,0.588039681E-1,182.373703
2018,9,27,-2.02103806,93.0130463,1.88634038,50.6461411,0.00000000,0.166040962E-2,-2.29676819,0.123754805E-1,0.660478324E-1,187.371490
2018,9,28,-4.65824890,86.9979248,1.93731046,48.9642487,0.00000000,0.00000000,-6.12430191,0.123139946E-1,0.646720156E-1,190.406845
2018,9,29,-2.54875946,75.0509186,4.26582241,48.2923279,0.00000000,0.00000000,-4.08032608,0.119891269E-1,0.482924432E-1,248.260941
2018,9,30,0.644828796,63.7975922,3.96033669,54.4091301,0.00000000,0.00000000,-3.46569443,0.118204923E-1,0.357444398E-1,330.694580
2018,10,1,0.525535583,64.0698395,5.29479885,44.9982681,0.00000000,0.00000000,-5.48666763,0.111232465E-1,0.202240832E-1,550.000000
2018,10,2,0.267360687,69.1195679,5.06660080,43.6552429,0.00000000,0.00000000,-2.52391052,0.534524582E-2,0.971862860E-2,550.000000
2018,10,3,-1.58491135,81.0241165,4.78210163,40.1554031,0.00000000,0.00000000,-2.87366486,0.00000000,0.00000000,-9999.00000
2018,10,4,-3.17182922,76.9031143,6.38257837,38.4244080,0.00000000,0.00000000,-4.38090515,0.00000000,0.00000000,-9999.00000
2018,10,5,-3.50646591,68.3069839,4.14043093,42.5762787,0.00000000,0.00000000,-6.44630432,0.00000000,0.00000000,-9999.00000
2018,10,6,-4.89656830,71.0878983,3.92495155,37.9540024,0.00000000,0.00000000,-7.22002029,0.00000000,0.00000000,-9999.00000
2018,10,7,-7.60674286,77.2890320,6.23215342,34.7904816,0.00000000,0.00000000,-8.78968811,0.00000000,0.00000000,-9999.00000
2018,10,8,-6.17193604,85.8055878,2.77770019,32.9694328,0.00000000,0.146022427E-2,-7.46755600,0.00000000,0.00000000,-9999.00000
2018,10,9,-3.48349380,90.8879166,1.58726954,31.6749954,0.00000000,0.00000000,-4.62438202,0.00000000,0.00000000,-9999.00000
2018,10,10,-5.06510925,89.2042465,2.36390471,30.3911228,0.00000000,0.00000000,-6.56085205,0.00000000,0.00000000,-9999.00000
2018,10,11,-6.83920670,87.4334106,3.23142004,29.1182213,0.00000000,0.955835741E-3,-8.04779053,0.00000000,0.00000000,-9999.00000
2018,10,12,-4.51145172,89.0950089,3.02604508,27.8566818,0.00000000,0.293405051E-2,-5.57425308,0.536140054E-2,0.454507098E-1,117.960770
2018,10,13,-3.46266174,90.2645416,2.54821730,26.6068802,0.00000000,0.710570137E-3,-4.19163132,0.602799561E-2,0.484374873E-1,124.448975
2018,10,14,-3.77518082,94.1095200,1.91980708,25.7509155,0.00000000,0.601746561E-2,-4.68588638,0.120138442E-1,0.985158980E-1,121.948280
2018,10,15,-7.68752670,93.0304642,1.26172245,24.5255680,0.00000000,0.650075031E-3,-10.1794701,0.126445396E-1,0.991632044E-1,127.512413
2018,10,16,-7.69774246,86.9565964,2.44963503,23.3130112,0.00000000,0.241729175E-2,-9.44106293,0.150289256E-1,0.115990788,129.569992
2018,10,17,-4.90343094,90.1884689,2.02931547,22.1135674,0.00000000,0.565466797E-2,-6.68944168,0.206390601E-1,0.158030003,130.602173
2018,10,18,-4.15979004,91.0508881,3.67997456,21.3586330,0.00000000,0.00000000,-5.02550125,0.208018236E-1,0.144109502,144.347336
2018,10,19,-5.75509644,91.5443802,2.57712770,20.1861248,0.00000000,0.00000000,-6.88115692,0.208840612E-1,0.134659588,155.087814
2018,10,20,-9.22443008,90.9504929,1.33080173,19.0276794,0.00000000,0.00000000,-12.2247772,0.213451907E-1,0.134562999,158.625992
2018,10,21,-11.4513054,86.4939499,2.89328265,17.8468361,0.00000000,0.00000000,-13.8815193,0.213267580E-1,0.128625646,165.804855
2018,10,22,-7.35199356,86.5612946,1.34083343,17.0651474,0.00000000,0.125630654E-2,-10.3331299,0.225765575E-1,0.137723878,163.926239
2018,10,23,-8.54809570,89.0000000,1.90246511,16.2935696,0.00000000,0.00000000,-11.3215256,0.228290390E-1,0.134609088,169.595078
2018,10,24,-5.04568100,87.6043320,3.25791407,15.5322905,0.00000000,0.372742000E-2,-6.47600174,0.265013762E-1,0.163315952,162.270599
2018,10,25,-7.89930725,90.7181778,2.99793530,14.7815037,0.00000000,0.00000000,-9.36550903,0.266549643E-1,0.155875340,171.001801
2018,10,26,-10.5945206,90.3231354,1.65471065,14.0413942,0.00000000,0.252057053E-2,-14.0893936,0.291747637E-1,0.187765583,155.378662
2018,10,27,-11.5471039,88.9397888,1.20771563,13.3121357,0.00000000,0.129481067E-2,-15.6290836,0.304695759E-1,0.195536464,155.825546
2018,10,28,-11.8023911,88.1919098,1.12500370,12.5938940,0.00000000,0.645423681E-2,-15.8544388,0.369236618E-1,0.289611816,127.493622
2018,10,29,-19.0232620,83.2523117,2.57511044,12.9764595,0.00000000,0.157331408E-2,-24.1494980,0.384969451E-1,0.289847255,132.818039
2018,10,30,-20.6131229,80.7663651,2.26784730,13.3605413,0.00000000,0.00000000,-27.9627914,0.387997776E-1,0.273864746,141.674957
2018,10,31,-22.6373291,73.1324768,4.37085676,11.4643631,0.00000000,0.00000000,-28.3076763,0.388166644E-1,0.257175058,150.934799
2018,11,1,-11.0962257,82.9861755,3.81292725,10.3494358,0.00000000,0.120051811E-2,-14.3062229,0.400171876E-1,0.249918595,160.120895
2018,11,2,-11.2502937,85.6725540,3.12126684,11.1937208,0.00000000,0.00000000,-15.2389221,0.400328748E-1,0.232586905,172.120071
2018,11,3,-10.8615341,70.3411026,1.54818273,12.1029797,0.00000000,0.00000000,-25.7608986,0.400328748E-1,0.223710835,178.949203
2018,11,4,-15.3530045,61.7359161,2.72030091,10.6924019,0.00000000,0.00000000,-30.3866940,0.400328748E-1,0.217319444,184.212112
2018,11,5,-15.3763199,66.4851837,4.73493814,11.2097912,0.00000000,0.00000000,-22.3625298,0.400322489E-1,0.209891662,190.728149
2018,11,6,-11.0455093,67.5328140,4.94318676,8.83729839,0.00000000,0.00000000,-17.4713516,0.400322489E-1,0.202195317,197.988022
2018,11,7,-8.18833160,80.9192200,5.69828653,7.52518177,0.00000000,0.00000000,-11.3231964,0.401009470E-1,0.195192516,205.443069
2018,11,8,-10.4588394,87.7952271,1.38459992,6.08836079,0.00000000,0.126721419E-2,-18.8636417,0.413681641E-1,0.209673330,197.298172
2018,11,9,-15.4830170,86.6114807,2.62373328,6.15445089,0.00000000,0.00000000,-23.8496075,0.416112542E-1,0.208660096,199.421249
2018,11,10,-18.2611656,82.6165237,2.72479510,5.56184578,0.00000000,0.00000000,-29.9014492,0.417252555E-1,0.206755519,201.809631
2018,11,11,-12.8315620,82.3893509,1.44978118,4.99610519,0.00000000,0.00000000,-25.9582500,0.421716794E-1,0.210397169,200.438446
2018,11,12,-19.9752979,83.0005798,2.06108952,4.61520243,0.00000000,0.104640319E-2,-33.2966385,0.432180837E-1,0.226971447,190.411972
2018,11,13,-25.8938217,76.4039917,1.56377101,4.10986710,0.00000000,0.00000000,-42.2517662,0.433230214E-1,0.225492716,192.126038
2018,11,14,-25.6074142,60.2553291,1.60954857,4.42228079,0.00000000,0.00000000,-44.7360992,0.433230214E-1,0.222462624,194.742920
2018,11,15,-19.0447598,40.8927574,3.71326494,4.24113369,0.00000000,0.00000000,-35.2304840,0.433230214E-1,0.218369514,198.393173
2018,11,16,-15.7960777,29.7288895,2.73810768,3.81434822,0.00000000,0.00000000,-36.5012360,0.433230214E-1,0.214819670,201.671570
2018,11,17,-13.0325203,70.9445877,4.64307499,2.73274779,0.00000000,0.00000000,-21.4330120,0.433230214E-1,0.208997861,207.289307
2018,11,18,-11.5376015,72.2107697,2.92591596,2.38807750,0.00000000,0.00000000,-26.8711033,0.433230214E-1,0.204909548,211.425095
2018,11,19,-8.11463928,75.9936371,1.80882740,1.98833609,0.00000000,0.512151280E-3,-24.0251904,0.438351706E-1,0.207166404,211.594009
2018,11,20,-9.22058868,88.0705338,1.81019020,1.50885415,0.00000000,0.405807421E-2,-21.3336906,0.478932410E-1,0.259681910,184.430420
2018,11,21,-14.5607681,86.7284393,2.11810446,1.30593860,0.00000000,0.702671416E-3,-28.0766315,0.485959090E-1,0.263794869,184.218552
2018,11,22,-16.7060394,84.2055740,1.00334692,1.10616136,0.00000000,0.00000000,-32.1574249,0.490246639E-1,0.264571548,185.298309
2018,11,23,-21.7795925,79.9184875,1.37697601,0.975083947,0.00000000,0.162680063E-2,-38.7201462,0.506514572E-1,0.289760083,174.804825
2018,11,24,-27.2832222,77.6518860,1.50036967,0.00000000,0.00000000,0.00000000,-45.0420609,0.508524887E-1,0.287241757,177.037247
2018,11,25,-24.9450531,76.7181396,2.08695364,0.00000000,0.00000000,0.00000000,-42.6716118,0.510214120E-1,0.283955574,179.680969
2018,11,26,-17.0383301,83.8455658,2.02721453,0.00000000,0.00000000,0.191891857E-2,-32.3981323,0.529403351E-1,0.310421079,170.543625
2018,11,27,-13.0266838,87.7084732,0.782337964,0.00000000,0.00000000,0.378502300E-2,-27.4746056,0.567253567E-1,0.356908828,158.935150
2018,11,28,-13.1498642,92.1215591,1.06373429,0.00000000,0.00000000,0.00000000,-26.0255337,0.571603514E-1,0.340353936,167.943848
2018,11,29,-15.3258095,86.0766525,1.48603654,0.00000000,0.00000000,0.00000000,-30.7601433,0.576198287E-1,0.332642376,173.218536
2018,11,30,-17.7045860,82.7190018,3.06491733,0.00000000,0.00000000,0.00000000,-30.8831367,0.579197593E-1,0.323551953,179.012238
2018,12,1,-13.8693314,80.2605209,7.26775312,0.00000000,0.00000000,0.566488365E-3,-17.7275219,0.584779121E-1,0.306540906,190.767075
2018,12,2,-10.2923546,85.0648041,6.43133259,0.00000000,0.00000000,0.164793571E-2,-13.5876236,0.601258464E-1,0.302863657,198.524475
2018,12,3,-12.3152046,83.8167419,5.88055134,0.00000000,0.00000000,0.00000000,-16.6647797,0.602304004E-1,0.290065587,207.644073
2018,12,4,-13.8345547,88.1043777,2.98387909,0.00000000,0.00000000,0.166384387E-2,-25.2748489,0.618942529E-1,0.307440192,201.321274
2018,12,5,-14.6851177,79.2223206,2.68157053,0.00000000,0.00000000,0.154184434E-2,-30.8017101,0.634361207E-1,0.327276379,193.830429
2018,12,6,-12.9390450,85.4097748,2.69731569,0.00000000,0.00000000,0.214468082E-2,-26.9254608,0.655808076E-1,0.352695763,185.941589
2018,12,7,-18.9963913,85.1509399,1.70817339,0.00000000,0.00000000,0.00000000,-35.3689194,0.660035461E-1,0.349061549,189.088562
2018,12,8,-16.6130180,85.1918640,1.15474939,0.00000000,0.00000000,0.410612207E-2,-33.4679756,0.701096728E-1,0.414155513,169.283447
2018,12,9,-22.5079937,79.8289261,1.59816110,0.00000000,0.00000000,0.475690141E-2,-40.7245560,0.748665780E-1,0.487030923,153.720383
2018,12,10,-24.9899960,82.8657532,1.47288179,0.00000000,0.00000000,0.00000000,-42.8021774,0.750957504E-1,0.465800434,161.218719
2018,12,11,-24.5302048,79.5159531,1.51038623,0.00000000,0.00000000,0.00000000,-43.1708755,0.752381682E-1,0.447824538,168.008133
2018,12,12,-25.4564228,75.4433441,1.78528214,0.00000000,0.00000000,0.00000000,-44.5865479,0.754192993E-1,0.434756517,173.474792
2018,12,13,-25.3129272,72.4528656,1.18737698,0.00000000,0.00000000,0.00000000,-45.0331955,0.755654052E-1,0.423215687,178.550583
2018,12,14,-25.0660362,74.7604294,2.04221559,0.00000000,0.00000000,0.00000000,-43.9236832,0.760369673E-1,0.419034004,181.457748
2018,12,15,-28.6851139,80.4428864,3.48687792,0.00000000,0.00000000,0.00000000,-42.6916847,0.761149824E-1,0.407671154,186.706818
2018,12,16,-22.9704914,80.1651459,1.33191133,0.00000000,0.00000000,0.144136837E-2,-41.3273468,0.775563568E-1,0.422814190,183.428940
2018,12,17,-27.5621109,76.0104370,0.553530693,0.00000000,0.00000000,0.146300485E-2,-47.1128693,0.790193677E-1,0.440902472,179.221878
2018,12,18,-24.4778709,77.8034744,0.385399103,0.00000000,0.00000000,0.106915669E-2,-43.8132935,0.800885260E-1,0.447320968,179.040390
2018,12,19,-23.8568249,79.8197861,1.13722956,0.00000000,0.00000000,0.129686436E-2,-42.9015007,0.813853815E-1,0.456143051,178.420746
2018,12,20,-24.5089092,77.3537216,0.587232411,0.00000000,0.00000000,0.135856331E-2,-43.9467964,0.827439353E-1,0.466681600,177.302765
2018,12,21,-24.2080288,75.0206757,0.807944834,0.00000000,0.00000000,0.102151802E-2,-43.9319229,0.837654546E-1,0.469647259,178.358231
2018,12,22,-23.2224159,80.4324646,0.987180352,0.00000000,0.00000000,0.00000000,-42.2540207,0.841120034E-1,0.458942771,183.273407
2018,12,23,-24.7575397,83.0752106,1.61532140,0.00000000,0.00000000,0.00000000,-43.3483047,0.842424184E-1,0.446847945,188.525909
2018,12,24,-26.1244278,77.6780014,2.48686600,0.00000000,0.00000000,0.00000000,-44.0244827,0.842553601E-1,0.434609950,193.864319
2018,12,25,-28.1341076,69.1833420,8.67213535,0.00000000,0.00000000,0.00000000,-31.5333252,0.842100605E-1,0.416922271,201.980240
2018,12,26,-25.1116753,72.2239838,6.27412748,0.00000000,0.00000000,0.00000000,-30.7011700,0.842003524E-1,0.402208239,209.345184
2018,12,27,-18.6657600,70.8281250,2.66738987,0.00000000,0.00000000,0.00000000,-35.5220604,0.842003524E-1,0.391984016,214.805588
2018,12,28,-19.9456158,85.2331696,1.23503625,0.00000000,0.00000000,0.00000000,-38.0874252,0.843128338E-1,0.386066794,218.389252
2018,12,29,-19.4195576,81.8348541,2.88250494,0.00000000,0.00000000,0.00000000,-35.8919983,0.844856203E-1,0.381312221,221.565460
2018,12,30,-23.7151413,72.8526993,3.64925885,0.00000000,0.00000000,0.658910139E-3,-38.4583817,0.851445347E-1,0.387117088,219.945160
2018,12,31,-15.2096405,80.1860275,5.59352255,0.00000000,0.00000000,0.888101582E-3,-21.6773109,0.860326439E-1,0.387062728,222.270554
2019,1,1,-12.8159218,86.5685654,4.47424698,0.00000000,0.00000000,0.00000000,-21.4068012,0.861513913E-1,0.375421107,229.479340
2019,1,2,-13.3057747,86.3874512,1.20128739,0.00000000,0.00000000,0.00000000,-30.4496021,0.863872692E-1,0.371762127,232.372421
2019,1,3,-17.5868225,85.0400238,2.57926130,0.00000000,0.00000000,0.137600629E-2,-34.2814102,0.877632797E-1,0.391970932,223.902527
2019,1,4,-26.8865089,71.9601746,2.21413875,0.00000000,0.00000000,0.00000000,-46.5398331,0.879740193E-1,0.390908539,225.050140
2019,1,5,-24.6891232,46.9276276,1.82141638,0.00000000,0.00000000,0.00000000,-46.2550659,0.879740193E-1,0.385908753,227.965866
2019,1,6,-28.5528889,78.4394150,1.32889235,0.00000000,0.00000000,0.00000000,-48.0661087,0.880093947E-1,0.382269293,230.228775
2019,1,7,-29.0110550,76.7732010,1.42845011,0.00000000,0.00000000,0.00000000,-48.7226944,0.880093947E-1,0.378273368,232.660812
2019,1,8,-30.3881893,78.5416183,0.809223354,0.00000000,0.00000000,0.00000000,-50.1321640,0.880093947E-1,0.374712616,234.871704
2019,1,9,-33.8308258,77.8437653,0.438972145,0.00000000,0.00000000,0.00000000,-53.5893555,0.881317109E-1,0.374178529,235.533859
2019,1,10,-35.9663925,71.3283463,1.06485164,0.00000000,0.00000000,0.102051254E-2,-56.1432610,0.891522244E-1,0.391700298,227.603149
2019,1,11,-34.7335968,70.3599701,1.13854277,0.00000000,0.00000000,0.125364552E-2,-54.9545364,0.904058665E-1,0.412699342,219.059875
2019,1,12,-36.5297165,75.6231689,1.71381235,0.00000000,0.00000000,0.00000000,-54.2924194,0.905985087E-1,0.411886483,219.959900
2019,1,13,-29.6682415,59.5442963,4.56217623,0.00000000,0.00000000,0.00000000,-39.8327637,0.905985087E-1,0.404165655,224.161819
2019,1,14,-15.9086113,81.1089859,3.67617702,0.00000000,0.00000000,0.00000000,-29.0427113,0.906514451E-1,0.394478947,229.800461
2019,1,15,-12.7509842,89.4910660,3.45456004,0.00000000,0.00000000,0.00000000,-24.8263245,0.907949731E-1,0.386151910,235.127609
2019,1,16,-15.7964249,75.9807663,6.91714621,0.00000000,0.00000000,0.00000000,-19.7115211,0.908077136E-1,0.374879152,242.231964
2019,1,17,-15.0461140,55.3593903,2.98803568,0.00000000,0.00000000,0.00000000,-33.1893044,0.908077136E-1,0.369044662,246.061600
2019,1,18,-21.0335598,73.1586380,6.04699612,0.00000000,0.00000000,0.00000000,-26.7683239,0.908077136E-1,0.362295240,250.645630
2019,1,19,-23.8955574,81.5296097,3.23553443,1.10843766,0.00000000,0.220166077E-2,-39.0994873,0.930093676E-1,0.401494414,231.657944
2019,1,20,-28.2699394,73.1453171,2.60280895,1.46915412,0.00000000,0.881645014E-3,-46.1203842,0.938910171E-1,0.413797349,226.900955
2019,1,21,-30.8285522,75.1751099,1.99802399,1.75345492,0.00000000,0.00000000,-49.8350716,0.939251482E-1,0.409725845,229.239014
2019,1,22,-28.8891182,70.7489929,3.80893373,2.18099856,0.00000000,0.00000000,-42.2416801,0.939251482E-1,0.403578907,232.730560
2019,1,23,-19.9697990,64.8935165,5.22846365,2.31600904,0.00000000,0.00000000,-26.8555927,0.939892977E-1,0.394945383,237.980484
2019,1,24,-11.7135429,85.3716125,3.33071613,2.35593438,0.00000000,0.692544039E-3,-24.3593330,0.946818367E-1,0.396021962,239.082291
2019,1,25,-11.4066772,83.5845642,2.40065312,3.00752139,0.00000000,0.00000000,-26.9282093,0.949717760E-1,0.391889125,242.343491
2019,1,26,-10.0822411,86.1152496,3.38669062,2.98690462,0.00000000,0.276087620E-2,-21.1781540,0.977326483E-1,0.420386165,232.483032
2019,1,27,-11.2325096,85.8399887,6.27407074,3.36899662,0.00000000,0.00000000,-15.4486198,0.980078056E-1,0.405786514,241.525528
2019,1,28,-9.06764603,84.9686432,6.82497597,4.28770065,0.00000000,0.00000000,-12.3530693,0.984704569E-1,0.395461470,249.001404
2019,1,29,-17.5280266,86.1406937,1.64019561,5.33898926,0.00000000,0.127704930E-2,-32.9290504,0.997475088E-1,0.413169026,241.420578
2019,1,30,-25.5645676,72.2257996,0.701288223,6.61051321,0.00000000,0.00000000,-44.6127472,0.100011915,0.413677037,241.763275
2019,1,31,-25.3821182,71.5163116,2.18257570,6.91633177,0.00000000,0.00000000,-43.3099899,0.100163899,0.411862761,243.197281
2019,2,1,-25.6724834,75.5264664,3.47377658,8.03894997,0.00000000,0.00000000,-38.5313416,0.100153826,0.406075895,246.638184
2019,2,2,-23.4315014,62.5093002,7.19694853,9.35102558,0.00000000,0.00000000,-27.2535286,0.100104474,0.397995442,251.521667
2019,2,3,-15.6006966,73.2502213,6.95756626,8.67493725,0.00000000,0.133539375E-2,-21.3924408,0.101347178,0.398552716,254.288010
2019,2,4,-14.9420815,81.4771881,6.08674717,9.18687630,0.00000000,0.419599423E-2,-18.8380947,0.105543166,0.443148464,238.166611
2019,2,5,-17.9383411,84.9338684,2.74911499,10.4529028,0.00000000,0.149640720E-2,-29.7079468,0.107039563,0.460456908,232.463806
2019,2,6,-20.2104836,83.7093887,5.02175570,10.8582172,0.00000000,0.00000000,-25.1541157,0.107076854,0.447525442,239.264282
2019,2,7,-12.2120018,83.2518539,6.66996765,11.7302341,0.00000000,0.00000000,-16.2670002,0.107325546,0.433106065,247.804306
2019,2,8,-7.91446304,82.6828003,9.62714672,12.3312225,0.00000000,0.253675831E-2,-10.0909882,0.109811582,0.431459486,254.511932
2019,2,9,-12.8944855,78.2905884,6.23675728,14.5935459,0.00000000,0.00000000,-17.7370872,0.109949276,0.421649575,260.759827
2019,2,10,-12.0027657,60.5924149,8.49189472,16.6301842,0.00000000,0.00000000,-15.5630150,0.109736793,0.410488933,267.331909
2019,2,11,-12.8510990,78.0602264,6.78771305,15.1443214,0.00000000,0.00000000,-17.0945187,0.110038944,0.405754596,271.195801
2019,2,12,-12.0165024,79.4064560,8.91768837,15.6635580,0.00000000,0.143539300E-2,-14.3855324,0.111433893,0.406223565,274.316650
2019,2,13,-23.2394848,77.5596542,3.92260671,17.9556961,0.00000000,0.249245670E-2,-32.6612854,0.113926344,0.438727140,259.674713
2019,2,14,-31.4527168,76.1962204,2.32251596,18.3981152,0.00000000,0.00000000,-44.9487000,0.113941193,0.435140431,261.849243
2019,2,15,-29.1133881,73.4556656,4.28678370,20.2555351,0.00000000,0.00000000,-36.3797417,0.113941193,0.430182964,264.866821
2019,2,16,-20.8576221,69.6861420,8.04733086,20.9649010,0.00000000,0.950785528E-3,-24.0472698,0.114810340,0.428154737,268.151520
2019,2,17,-16.6858253,77.6787796,5.46583462,21.7090263,0.00000000,0.00000000,-20.6488895,0.115195334,0.425287783,270.864441
2019,2,18,-14.0552254,77.9838715,6.19494152,20.5363121,0.00000000,0.191962684E-2,-17.5042400,0.117106244,0.437512070,267.664032
2019,2,19,-17.2895660,82.1265488,5.89071131,21.0378952,0.00000000,0.304118358E-2,-20.8232822,0.120131351,0.458422452,262.053802
2019,2,20,-20.3333702,76.5523605,3.04528356,24.6245270,0.00000000,0.639191945E-3,-31.3610764,0.120770544,0.463657469,260.473633
2019,2,21,-19.5297985,58.5926781,2.89354873,29.5740337,0.00000000,0.00000000,-34.1325607,0.120770544,0.457358122,264.061218
2019,2,22,-21.1920242,50.3231888,3.12319088,30.7640190,0.00000000,0.00000000,-36.7285156,0.120769739,0.452012509,267.182281
2019,2,23,-16.3963451,76.8461990,6.34781885,25.7940941,0.00000000,0.00000000,-19.7280254,0.120805934,0.443133265,272.617615
2019,2,24,-9.48768997,80.5037537,5.47317934,27.8063011,0.00000000,0.00000000,-12.1423111,0.120758012,0.432056874,279.495636
2019,2,25,-11.0692024,72.8631821,4.72305107,31.1539497,0.00000000,0.545571034E-3,-16.4486370,0.121260583,0.428610593,282.915497
2019,2,26,-8.18490219,77.5827484,3.46890807,33.1381569,0.00000000,0.00000000,-14.0906868,0.121380948,0.422206610,287.491821
2019,2,27,-9.45445633,64.6030655,3.77008605,31.5156651,0.00000000,0.00000000,-18.3494873,0.121380948,0.416125000,291.693481
2019,2,28,-10.1502876,72.2588806,3.64921212,35.7662277,0.00000000,0.00000000,-17.5130367,0.121380948,0.410446137,295.729309
2019,3,1,-9.28962708,60.1589165,4.97140217,37.0560303,0.00000000,0.00000000,-16.1111660,0.121339917,0.404787958,299.761688
2019,3,2,-12.3977051,51.2532883,4.97900057,39.6404724,0.00000000,0.00000000,-20.3780937,0.121285841,0.400372028,302.932861
2019,3,3,-13.9061050,82.5914688,3.69406343,30.3177948,0.00000000,0.168099382E-2,-15.9235325,0.122958228,0.426178992,288.513123
2019,3,4,-14.9312038,80.4650497,6.68952370,34.8704071,0.00000000,0.00000000,-17.2625961,0.122829922,0.419365048,292.894989
2019,3,5,-12.7094650,77.3109512,7.28140450,39.9577141,0.00000000,0.00000000,-14.3666916,0.122696534,0.412612855,297.364777
2019,3,6,-9.83118057,81.2916336,4.74033642,33.8557663,0.00000000,0.648884161E-3,-11.4471207,0.123269662,0.414464980,297.418762
2019,3,7,-11.3791847,85.3957291,2.04967928,35.3328476,0.00000000,0.657931028E-3,-13.7389717,0.123912252,0.419056743,295.693268
2019,3,8,-12.2935104,80.2784729,2.42299056,37.3385620,0.00000000,0.708146836E-3,-16.3313122,0.124575041,0.424235463,293.645996
2019,3,9,-9.78939056,84.4292450,4.52467728,37.6444931,0.00000000,0.871424912E-3,-10.9391899,0.125350818,0.428252608,292.702972
2019,3,10,-11.1584625,86.0265656,2.10096812,39.3349609,0.00000000,0.172018318E-2,-13.2906876,0.127049908,0.449591309,282.589783
2019,3,11,-18.6804028,80.7940292,2.32045579,41.0712433,0.00000000,0.227903412E-2,-21.9113369,0.129311621,0.485818475,266.172699
2019,3,12,-21.8330994,80.2803574,2.02330589,42.8182373,0.00000000,0.322829350E-2,-25.5917206,0.132526800,0.537705779,246.467117
2019,3,13,-20.1047783,81.6161118,1.72101080,44.5754013,0.00000000,0.00000000,-24.1533966,0.132947773,0.529937148,250.874603
2019,3,14,-17.2080307,78.3786545,2.32570052,46.7512741,0.00000000,0.00000000,-20.4098721,0.132988632,0.515167594,258.146332
2019,3,15,-14.1576195,81.2757950,3.16172409,48.1177826,0.00000000,0.00000000,-16.5644150,0.132993907,0.500678480,265.627380
2019,3,16,-10.4504433,75.8421173,3.77918649,50.3019867,0.00000000,0.00000000,-12.9633636,0.132864714,0.485329598,273.761810
2019,3,17,-5.93433380,84.7604523,4.37706327,51.5870514,0.00000000,0.503641320E-3,-6.91910553,0.133186698,0.474516213,280.678894
2019,3,18,-5.42983246,87.7041016,3.26285291,53.3867722,0.00000000,0.127200107E-2,-5.80688095,0.134350002,0.473530412,283.719910
2019,3,19,-8.83299637,88.6647720,3.17864513,55.1929588,0.00000000,0.450232346E-2,-10.5677261,0.138751954,0.519098580,267.294037
2019,3,20,-18.1209373,67.0469284,3.08669138,72.4030457,0.00000000,0.00000000,-23.3970642,0.138755649,0.508496761,272.874207
2019,3,21,-17.4087086,79.2074890,2.22908735,58.8984375,0.00000000,0.277561811E-2,-20.0832844,0.141500443,0.549797952,257.368073
2019,3,22,-13.4192047,82.8790054,3.42295551,60.6440086,0.00000000,0.00000000,-16.0248985,0.141489193,0.533039033,265.438721
2019,3,23,-6.40452576,80.2214737,5.60293055,62.4696426,0.00000000,0.00000000,-7.26779175,0.141227961,0.504093230,280.162384
2019,3,24,-4.09323502,86.7436676,3.88423491,64.2984848,0.00000000,0.707286352E-3,-4.89844131,0.141746849,0.491549104,288.367615
2019,3,25,-5.82676697,86.6140289,3.99372053,66.1298676,0.00000000,0.115286384E-2,-6.30625153,0.142730996,0.491026402,290.678864
2019,3,26,-5.62097549,84.2815247,3.96994758,67.9630966,0.00000000,0.901510357E-3,-6.58044434,0.143455371,0.486655146,294.778290
2019,3,27,-5.65201187,85.9664154,3.24961829,69.7975006,0.00000000,0.217052992E-2,-6.54860687,0.145622551,0.489515364,297.483124
2019,3,28,-8.83903122,75.7930832,4.51794910,75.2369232,0.00000000,0.00000000,-9.93783951,0.145421624,0.479547560,303.247559
2019,3,29,-9.14737320,82.3555298,3.87567759,73.4670868,0.00000000,0.675005373E-3,-10.2829132,0.145901933,0.480910152,303.387085
2019,3,30,-7.43412018,81.9795837,7.04014587,75.3008804,0.00000000,0.331771397E-2,-8.38270187,0.148850873,0.485504001,306.590424
2019,3,31,-2.71736145,84.8504639,6.36084795,77.1331177,0.00000000,0.611390918E-3,-3.22385788,0.149034157,0.478540510,311.434784
2019,4,1,-5.34390259,92.3757019,2.68898988,78.9630737,0.00000000,0.139645371E-2,-5.82915497,0.150279403,0.483659744,310.713074
2019,4,2,-12.3917656,77.9638443,2.27704525,85.7878952,0.00000000,0.00000000,-14.7553635,0.150490656,0.480790138,313.006958
2019,4,3,-15.8293495,68.2537842,1.92345405,102.738022,0.00000000,0.00000000,-20.0567207,0.150482252,0.476691902,315.680328
2019,4,4,-13.5848732,72.3773804,2.05632663,84.4737625,0.00000000,0.00000000,-16.2060604,0.150359720,0.471022934,319.219543
2019,4,5,-13.8952065,69.9567413,2.31224275,95.4643555,0.00000000,0.00000000,-16.3611412,0.150272802,0.465921313,322.528259
2019,4,6,-15.2125473,75.3557663,1.96511197,90.2861404,0.00000000,0.00000000,-17.4808102,0.150176585,0.461342782,325.520630
2019,4,7,-16.9513512,79.7164841,1.57399106,90.5793991,0.00000000,0.00000000,-19.2192173,0.150338620,0.462006867,325.403442
2019,4,8,-17.0373421,81.5543900,1.57489634,92.7593994,0.00000000,0.148502388E-2,-19.5807495,0.151757151,0.486792624,311.749084
2019,4,9,-13.5933723,85.5429153,1.85783339,94.9313049,0.00000000,0.00000000,-15.2548027,0.152014628,0.486433476,312.508575
2019,4,10,-7.07943726,84.6306305,1.78854346,97.0942459,0.00000000,0.00000000,-8.17027283,0.151903912,0.476373076,318.875946
2019,4,11,-5.46546173,85.5910645,2.50390434,99.2474060,0.00000000,0.00000000,-6.17392731,0.151765361,0.466465712,325.351593
2019,4,12,-6.90552902,83.3277435,3.60359812,101.389992,0.00000000,0.00000000,-7.55202103,0.151694566,0.462095708,328.275208
2019,4,13,-8.12129211,83.2772217,3.19836974,103.521141,0.00000000,0.974980008E-3,-8.59656906,0.152471885,0.470021904,324.393127
2019,4,14,-7.57509613,84.2539673,1.82649207,105.640076,0.00000000,0.552018057E-3,-8.66756439,0.152837723,0.469870776,325.276062
2019,4,15,-6.87729263,86.1139450,1.92009187,107.745995,0.00000000,0.800019538E-3,-7.83437347,0.153442025,0.471785665,325.236755
2019,4,16,-9.36876297,87.3531189,2.07736826,109.838104,0.00000000,0.249332981E-2,-10.3901634,0.155800685,0.501585007,310.616730
2019,4,17,-12.8448448,85.3658981,2.36724353,111.915596,0.00000000,0.440629991E-2,-13.9082985,0.160094053,0.573558390,279.124237
2019,4,18,-15.6608944,83.2722473,2.45105553,113.977715,0.00000000,0.236645411E-2,-17.1390076,0.162355468,0.602431893,269.500122
2019,4,19,-14.5633354,82.9806061,1.61639881,116.023666,0.00000000,0.197172025E-2,-16.0588665,0.164211527,0.616743982,266.255585
2019,4,20,-9.69393921,81.8811264,2.10429049,118.052696,0.00000000,0.807295786E-3,-11.0594215,0.164810523,0.604650497,272.571533
2019,4,21,-8.37863159,83.7516785,2.43850756,120.124924,0.00000000,0.993289519E-3,-9.06552887,0.165589854,0.594643354,278.469208
2019,4,22,-8.49023438,88.6695862,3.59510851,122.469475,0.00000000,0.834347913E-3,-8.82188416,0.166207939,0.584869385,284.179596
2019,4,23,-8.17338943,86.0667801,3.54096007,124.792763,0.00000000,0.143743784E-2,-8.74710846,0.167377323,0.582938790,287.126740
2019,4,24,-7.44851685,79.2521210,3.61736107,127.093941,0.00000000,0.00000000,-8.38855362,0.167476982,0.569329321,294.165375
2019,4,25,-8.33027267,82.4123459,2.52818775,129.372131,0.00000000,0.00000000,-8.55006409,0.167416826,0.556521714,300.827118
2019,4,26,-6.81882858,86.3754807,1.52246118,131.626495,0.00000000,0.00000000,-7.27064133,0.167576432,0.547377110,306.144379
2019,4,27,-7.64419174,82.0627518,2.27971029,133.856201,0.00000000,0.00000000,-8.35460281,0.167579859,0.538555861,311.165253
2019,4,28,-6.27353668,83.5447159,2.32008648,136.060425,0.00000000,0.00000000,-6.83996964,0.167480871,0.525678039,318.599701
2019,4,29,-3.30489349,70.8454285,3.39580846,150.208511,0.00000000,0.00000000,-4.81914139,0.167178512,0.490528762,340.812866
2019,4,30,0.231933594,68.3330841,2.05437279,142.581482,0.00000000,0.00000000,-4.21516037,0.167054638,0.453871876,368.065643
2019,5,1,-0.640308380,61.5844917,1.33305597,149.479889,0.00000000,0.00000000,-6.36686325,0.166982695,0.424184471,393.655853
2019,5,2,-3.96054459,81.8381805,4.87211990,144.606659,0.00000000,0.00000000,-4.52567673,0.166588083,0.415893257,400.554901
2019,5,3,-8.42804718,75.5276413,8.03105831,146.671707,0.00000000,0.00000000,-8.86892319,0.165930644,0.413090557,401.681061
2019,5,4,-6.18929672,81.2906723,4.76792336,148.706726,0.00000000,0.191433937E-2,-6.21406174,0.167411968,0.434254050,385.516205
2019,5,5,-6.19836044,79.0579834,1.92748678,150.710938,0.00000000,0.00000000,-6.36239243,0.167197734,0.432270736,386.789398
2019,5,6,-9.51845169,78.6267929,2.58761454,152.683701,0.00000000,0.543584465E-3,-10.0505676,0.167476594,0.437389612,382.900238
2019,5,7,-8.33533859,84.8222351,2.78072906,154.624298,0.00000000,0.123016501E-2,-8.47053146,0.168413654,0.450666934,373.698700
2019,5,8,-3.02450562,85.2445908,2.51380539,156.532074,0.00000000,0.126914238E-2,-3.06021118,0.169464439,0.449766755,376.782928
2019,5,9,-2.06441498,91.2804642,2.09276605,158.406433,0.00000000,0.922009640E-3,-2.39213562,0.170390174,0.429272830,396.927429
2019,5,10,-0.776790619,88.8991776,1.79191184,160.246735,0.00000000,0.00000000,-1.23468018,0.170455039,0.398806661,427.412689
2019,5,11,-0.626632690,89.6262970,2.96213484,162.052322,0.00000000,0.422794977E-2,-0.838539124,0.174830258,0.406508833,430.077393
2019,5,12,-0.215808868,88.2669525,4.09093666,163.822678,0.00000000,0.00000000,-1.14254379,0.174896181,0.368565470,474.532196
2019,5,13,0.275459290E-1,79.9484177,2.21927929,165.557159,0.722513185E-3,0.00000000,-1.54042053,0.175510362,0.338434368,518.594971
2019,5,14,2.59006882,87.1621552,3.06253910,167.255280,0.336448941E-2,0.119093503E-2,0.00000000,0.166393936,0.302534431,550.000000
2019,5,15,2.72826004,82.5346756,3.23709130,169.162201,0.00000000,0.00000000,-0.111896515,0.145494044,0.264534622,550.000000
2019,5,16,1.56170273,81.1522827,2.31455088,171.036743,0.00000000,0.00000000,-0.882873535,0.128003642,0.232733890,550.000000
2019,5,17,0.976413727,85.3093719,4.33348036,172.868195,0.00000000,0.00000000,-1.17264557,0.104881994,0.190694541,550.000000
2019,5,18,3.49027634,89.9670334,3.75727177,174.656006,0.957033073E-3,0.00000000,0.00000000,0.752809271E-1,0.136874422,550.000000
2019,5,19,3.74464798,90.7169952,1.53922415,176.399567,0.108723529E-2,0.00000000,0.00000000,0.509954505E-1,0.927189961E-1,550.000000
2019,5,20,3.87996292,93.5904922,1.37873733,178.098297,0.140209752E-2,0.00000000,0.00000000,0.261696875E-1,0.475812480E-1,550.000000
2019,5,21,5.75208664,90.1632156,2.71386528,179.751678,0.256167119E-2,0.00000000,0.00000000,0.00000000,0.00000000,-9999.00000
2019,5,22,6.62711334,88.3563385,1.13262212,181.359116,0.779395411E-2,0.00000000,8.68343735,0.00000000,0.00000000,-9999.00000
2019,5,23,8.21307755,90.4805756,1.91228318,182.920197,0.898469647E-3,0.00000000,9.94710922,0.00000000,0.00000000,-9999.00000
2019,5,24,7.83331299,91.8548050,1.76637101,184.434296,0.218109856E-2,0.00000000,9.78894043,0.00000000,0.00000000,-9999.00000
2019,5,25,3.48686981,87.4755249,2.15227389,186.096161,0.142977096E-2,0.00000000,3.08175659,0.00000000,0.00000000,-9999.00000
2019,5,26,7.64170074,75.2712326,1.77834547,188.014206,0.00000000,0.00000000,8.80132294,0.00000000,0.00000000,-9999.00000
2019,5,27,9.11717224,88.7645416,3.90427828,189.264801,0.103132911E-1,0.00000000,10.0409889,0.00000000,0.00000000,-9999.00000
2019,5,28,5.89585495,84.2153702,3.88649273,190.767059,0.00000000,0.00000000,6.41619873,0.00000000,0.00000000,-9999.00000
2019,5,29,5.85354996,88.7569733,1.89551270,192.213882,0.293104863E-2,0.00000000,7.79518509,0.00000000,0.00000000,-9999.00000
2019,5,30,5.58934784,86.5623016,1.83385134,193.604874,0.587517279E-3,0.00000000,6.85755920,0.00000000,0.00000000,-9999.00000
2019,5,31,7.32424545,83.4583130,2.08933568,194.939560,0.00000000,0.00000000,8.84365845,0.00000000,0.00000000,-9999.00000
2019,6,1,8.14647675,82.6681061,2.15676999,196.217545,0.00000000,0.00000000,9.52579498,0.00000000,0.00000000,-9999.00000
2019,6,2,5.74524689,90.1926575,2.28912973,197.438354,0.133603613E-2,0.00000000,7.72726440,0.00000000,0.00000000,-9999.00000
2019,6,3,5.90227509,86.9209366,1.63122892,198.601639,0.620244129E-3,0.00000000,7.98451614,0.00000000,0.00000000,-9999.00000
2019,6,4,6.38138962,86.5373840,1.51686656,199.707031,0.208848831E-2,0.00000000,8.41733932,0.00000000,0.00000000,-9999.00000
2019,6,5,5.52729034,84.4264526,1.72622299,200.754211,0.316310837E-2,0.00000000,7.48701096,0.00000000,0.00000000,-9999.00000
2019,6,6,7.73076248,82.1901779,1.08973575,201.742813,0.192143430E-2,0.00000000,9.65525436,0.00000000,0.00000000,-9999.00000
2019,6,7,9.21196365,80.9800949,1.10594773,202.903778,0.248439424E-2,0.00000000,10.8789330,0.00000000,0.00000000,-9999.00000
2019,6,8,10.2687263,79.3081665,1.67337811,203.543106,0.312912790E-2,0.00000000,11.5572815,0.00000000,0.00000000,-9999.00000
2019,6,9,8.63080215,86.1442184,2.21496058,204.354279,0.320414943E-2,0.00000000,10.2315636,0.00000000,0.00000000,-9999.00000
2019,6,10,7.66181946,86.3391342,1.77420521,205.105743,0.565056968E-2,0.00000000,9.54214096,0.00000000,0.00000000,-9999.00000
2019,6,11,5.69717407,85.8808746,2.64703846,205.797333,0.128482131E-2,0.00000000,7.30730820,0.00000000,0.00000000,-9999.00000
2019,6,12,5.39759445,88.5730209,4.51611614,206.428802,0.855014939E-2,0.00000000,6.60998154,0.00000000,0.00000000,-9999.00000
2019,6,13,4.97922516,89.4941711,4.08038235,206.999969,0.490160938E-2,0.00000000,4.39044952,0.00000000,0.00000000,-9999.00000
2019,6,14,5.38937759,93.1138535,3.83355570,207.510666,0.113791665E-1,0.569894444E-3,6.49760437,0.00000000,0.00000000,-9999.00000
2019,6,15,2.24982071,83.6670227,4.31397820,207.960754,0.711104367E-3,0.00000000,2.27161407,0.00000000,0.00000000,-9999.00000
2019,6,16,6.98294067,80.3902512,2.02244639,208.350067,0.00000000,0.00000000,8.44342804,0.00000000,0.00000000,-9999.00000
2019,6,17,5.86940384,87.5215988,4.22603273,208.678497,0.681417016E-2,0.00000000,5.69818115,0.00000000,0.00000000,-9999.00000
2019,6,18,7.23715210,85.3710480,2.44414067,208.945969,0.621267944E-3,0.00000000,8.83800125,0.00000000,0.00000000,-9999.00000
2019,6,19,12.1131248,78.6749191,2.41977954,209.152405,0.00000000,0.00000000,12.7535973,0.00000000,0.00000000,-9999.00000
2019,6,20,13.3962517,78.8009720,2.65178657,217.138947,0.00000000,0.00000000,13.8683357,0.00000000,0.00000000,-9999.00000
2019,6,21,15.5216599,69.6863098,1.96609044,216.248779,0.195990107E-2,0.00000000,15.8551788,0.00000000,0.00000000,-9999.00000
2019,6,22,13.9722748,85.7127457,2.54807377,209.404739,0.681511406E-2,0.00000000,14.8400307,0.00000000,0.00000000,-9999.00000
2019,6,23,11.1587677,87.0348511,2.92399597,209.366501,0.404038094E-2,0.00000000,12.4330635,0.00000000,0.00000000,-9999.00000
2019,6,24,7.74486923,90.5538483,3.33123708,209.267044,0.790954474E-2,0.00000000,9.36082840,0.00000000,0.00000000,-9999.00000
2019,6,25,3.02388763,85.6098557,3.47797775,209.106461,0.176151644E-2,0.706881052E-3,2.86434555,0.00000000,0.00000000,-9999.00000
2019,6,26,7.13422012,71.2592239,1.93726420,240.077271,0.00000000,0.00000000,8.26148605,0.00000000,0.00000000,-9999.00000
2019,6,27,11.8561783,75.6900711,1.90272343,215.062958,0.513821281E-2,0.00000000,12.8551750,0.00000000,0.00000000,-9999.00000
2019,6,28,11.3786964,91.9475098,2.37929273,208.258240,0.109774042E-1,0.00000000,12.9774857,0.00000000,0.00000000,-9999.00000
2019,6,29,14.1543655,86.6463394,2.75544214,207.853638,0.393350888E-2,0.00000000,14.8801079,0.00000000,0.00000000,-9999.00000
2019,6,30,13.3172340,88.7001724,2.95590925,207.388290,0.590161420E-2,0.00000000,14.2370987,0.00000000,0.00000000,-9999.00000
2019,7,1,10.8431015,84.8230362,3.72589803,206.862335,0.711434335E-2,0.00000000,11.6136055,0.00000000,0.00000000,-9999.00000
2019,7,2,9.60528564,80.7804947,2.97641850,206.275909,0.147658831E-2,0.00000000,10.3196335,0.00000000,0.00000000,-9999.00000
2019,7,3,11.5782280,85.3146667,4.50377274,205.629211,0.416852394E-2,0.00000000,11.9839592,0.00000000,0.00000000,-9999.00000
2019,7,4,11.2647629,85.2166748,2.63883638,204.922409,0.528673921E-2,0.00000000,12.3777122,0.00000000,0.00000000,-9999.00000
2019,7,5,12.2166977,82.1677780,2.31252575,204.155746,0.624906970E-3,0.00000000,13.1920509,0.00000000,0.00000000,-9999.00000
2019,7,6,11.3499947,90.0360260,3.06255436,203.329422,0.226790318E-2,0.00000000,12.5574150,0.00000000,0.00000000,-9999.00000
2019,7,7,15.0531235,78.8427811,1.90649533,202.443726,0.00000000,0.00000000,15.6609001,0.00000000,0.00000000,-9999.00000
2019,7,8,14.7937012,78.3380661,1.75998831,201.498840,0.00000000,0.00000000,15.4270210,0.00000000,0.00000000,-9999.00000
2019,7,9,17.3722458,73.4725571,2.07253766,200.600220,0.00000000,0.00000000,17.4537125,0.00000000,0.00000000,-9999.00000
2019,7,10,13.5792503,85.7176666,3.04790354,199.432922,0.839727407E-3,0.00000000,14.2930031,0.00000000,0.00000000,-9999.00000
2019,7,11,10.5416107,83.8442078,3.33921838,198.312500,0.00000000,0.00000000,11.2362099,0.00000000,0.00000000,-9999.00000
2019,7,12,10.9228935,81.4157715,2.17465878,197.134232,0.155972817E-2,0.00000000,11.9196129,0.00000000,0.00000000,-9999.00000
2019,7,13,14.0121574,80.9330368,2.50341320,195.898468,0.182723626E-2,0.00000000,14.4748497,0.00000000,0.00000000,-9999.00000
2019,7,14,14.2718964,87.0487518,2.61381078,194.605576,0.123428814E-1,0.00000000,15.0391884,0.00000000,0.00000000,-9999.00000
2019,7,15,12.9208755,83.4582520,2.59305525,193.256027,0.808809069E-3,0.00000000,13.6227684,0.00000000,0.00000000,-9999.00000
2019,7,16,12.9646492,85.9207535,2.21501946,191.850235,0.250951760E-2,0.00000000,13.8650131,0.00000000,0.00000000,-9999.00000
2019,7,17,13.8410835,83.6776123,1.53508806,190.388657,0.407211529E-2,0.00000000,14.8652992,0.00000000,0.00000000,-9999.00000
2019,7,18,12.1371460,85.8394165,2.51140976,188.871704,0.275205146E-2,0.00000000,13.0135078,0.00000000,0.00000000,-9999.00000
2019,7,19,10.2470627,88.6924438,2.60503244,187.299942,0.796608534E-2,0.00000000,11.5375099,0.00000000,0.00000000,-9999.00000
2019,7,20,8.97077942,89.1199188,4.70451880,185.673859,0.855210237E-2,0.00000000,9.58463287,0.00000000,0.00000000,-9999.00000
2019,7,21,8.16712952,88.9541397,3.53562760,183.997513,0.597088085E-2,0.00000000,9.12529373,0.00000000,0.00000000,-9999.00000
2019,7,22,13.2618713,86.9305267,2.30429840,182.468964,0.292530656E-2,0.00000000,14.2392540,0.00000000,0.00000000,-9999.00000
2019,7,23,14.5167694,86.5106888,2.12060905,180.893555,0.347244670E-2,0.00000000,15.4439087,0.00000000,0.00000000,-9999.00000
2019,7,24,15.5725746,85.2176971,2.24204969,179.271881,0.199821964E-2,0.00000000,16.2023506,0.00000000,0.00000000,-9999.00000
2019,7,25,16.1016350,83.1416550,2.15148211,177.604340,0.226656953E-2,0.00000000,16.6942329,0.00000000,0.00000000,-9999.00000
2019,7,26,14.0748062,85.9012375,1.39752519,175.891541,0.373847457E-2,0.00000000,15.2823830,0.00000000,0.00000000,-9999.00000
2019,7,27,10.8608551,89.3427353,2.44571400,174.134003,0.673874747E-2,0.00000000,12.0371284,0.00000000,0.00000000,-9999.00000
2019,7,28,8.06612396,93.5818329,2.52064800,172.332336,0.135765141E-1,0.00000000,9.64879227,0.00000000,0.00000000,-9999.00000
2019,7,29,8.03124619,89.7393036,2.18796539,170.487122,0.128478312E-2,0.00000000,9.42391968,0.00000000,0.00000000,-9999.00000
2019,7,30,10.1149254,83.4405289,2.08190346,168.598938,0.120170822E-2,0.00000000,11.0138321,0.00000000,0.00000000,-9999.00000
2019,7,31,10.9825211,83.8691864,3.80527782,166.678513,0.166079390E-2,0.00000000,11.2013283,0.00000000,0.00000000,-9999.00000
2019,8,1,7.72426987,85.0908585,4.82122183,164.967026,0.519903237E-2,0.00000000,8.16419220,0.00000000,0.00000000,-9999.00000
2019,8,2,5.45144272,82.3578873,3.85099030,163.219284,0.187814806E-2,0.00000000,4.57708740,0.00000000,0.00000000,-9999.00000
2019,8,3,9.22896576,86.6696396,6.03711843,161.435837,0.135560744E-1,0.00000000,9.20499802,0.00000000,0.00000000,-9999.00000
2019,8,4,6.31669235,87.2190247,5.40986347,159.617294,0.767305121E-2,0.00000000,6.94002151,0.00000000,0.00000000,-9999.00000
2019,8,5,4.88539886,83.0755157,1.67098975,157.764191,0.578894513E-3,0.00000000,5.62919617,0.00000000,0.00000000,-9999.00000
2019,8,6,6.14564133,86.0745392,1.88359940,155.877213,0.326548633E-2,0.00000000,7.60247040,0.00000000,0.00000000,-9999.00000
2019,8,7,5.95342636,80.9193649,1.36368501,153.956970,0.00000000,0.00000000,6.20785141,0.00000000,0.00000000,-9999.00000
2019,8,8,7.64493942,81.5494766,2.18639517,152.004059,0.513795763E-2,0.00000000,8.58249664,0.00000000,0.00000000,-9999.00000
2019,8,9,7.36352158,92.8399734,2.77807522,150.019196,0.777223799E-2,0.00000000,8.63662338,0.00000000,0.00000000,-9999.00000
2019,8,10,4.64317703,89.1232986,3.13963795,148.003067,0.256640045E-2,0.00000000,4.25263214,0.00000000,0.00000000,-9999.00000
2019,8,11,4.78026581,90.2853165,4.14964962,145.956329,0.356911495E-2,0.00000000,5.60114670,0.00000000,0.00000000,-9999.00000
2019,8,12,6.28516388,87.5210724,3.28666759,143.879730,0.570957607E-3,0.00000000,7.06491089,0.00000000,0.00000000,-9999.00000
2019,8,13,8.87507629,91.2664032,3.81668591,141.774017,0.122161051E-1,0.00000000,9.58720779,0.00000000,0.00000000,-9999.00000
2019,8,14,7.52096176,88.7953568,5.53694391,139.639893,0.980916154E-2,0.00000000,7.80965424,0.00000000,0.00000000,-9999.00000
2019,8,15,4.49271774,91.5450134,4.32011986,137.478149,0.955936685E-2,0.00000000,4.09958649,0.00000000,0.00000000,-9999.00000
2019,8,16,4.89653397,88.7468796,2.21746254,135.289581,0.101465546E-2,0.00000000,5.97990417,0.00000000,0.00000000,-9999.00000
2019,8,17,0.609695435,90.5258942,5.27547741,133.074936,0.107661472E-2,0.388235180E-2,0.231712341,0.00000000,0.00000000,-9999.00000
2019,8,18,0.986129761,88.7919006,3.19287586,130.835083,0.00000000,0.111060089E-2,0.441772461,0.00000000,0.00000000,-9999.00000
2019,8,19,1.89948654,89.7014542,2.52126265,128.570801,0.806735363E-3,0.857078412E-3,0.945304871,0.00000000,0.00000000,-9999.00000
2019,8,20,1.04867935,92.2437744,3.00247526,126.282951,0.348721305E-2,0.440471945E-2,0.663593292,0.00000000,0.00000000,-9999.00000
2019,8,21,-0.201931000,89.3782196,2.05447602,123.972389,0.114341662E-2,0.253740279E-2,-0.494220734,0.00000000,0.00000000,-9999.00000
2019,8,22,1.56555176,89.8836899,2.13941312,121.639977,0.103732152E-2,0.165187824E-2,0.891502380,0.00000000,0.00000000,-9999.00000
2019,8,23,0.842834473,92.0564194,3.96396637,119.286575,0.258052559E-2,0.449193968E-2,0.627048492,0.00000000,0.00000000,-9999.00000
2019,8,24,-0.202465057,91.8691864,4.18951035,117.205788,0.136185763E-2,0.322587090E-2,-1.21025848,0.00000000,0.00000000,-9999.00000
2019,8,25,3.27748489,94.2462006,2.82813096,115.168480,0.685111620E-2,0.00000000,2.65196228,0.00000000,0.00000000,-9999.00000
2019,8,26,3.43176651,92.7228470,3.88196325,113.114548,0.371491909E-2,0.671778631E-3,2.35688019,0.00000000,0.00000000,-9999.00000
2019,8,27,4.76393127,92.6419830,4.48273039,111.044746,0.971053541E-2,0.00000000,5.41583252,0.00000000,0.00000000,-9999.00000
2019,8,28,2.95887375,93.8747940,1.97307146,108.959869,0.473298179E-2,0.00000000,2.37971497,0.00000000,0.00000000,-9999.00000
2019,8,29,2.25801849,90.7034149,1.50470185,106.860703,0.120512908E-2,0.00000000,1.92179489,0.00000000,0.00000000,-9999.00000
2019,8,30,1.71566391,84.9664383,1.42009938,104.748039,0.00000000,0.00000000,2.15046310,0.00000000,0.00000000,-9999.00000
2019,8,31,4.09798050,82.3110886,1.78243566,102.622665,0.00000000,0.00000000,4.76016617,0.00000000,0.00000000,-9999.00000
2019,9,1,3.85148239,84.2685928,4.60342979,100.485405,0.00000000,0.00000000,2.75137329,0.00000000,0.00000000,-9999.00000
2019,9,2,5.51995468,87.5118942,5.18964767,98.3370514,0.00000000,0.00000000,5.62457275,0.00000000,0.00000000,-9999.00000
2019,9,3,7.56738281,89.6236572,2.70097256,96.1784515,0.666678010E-3,0.00000000,8.09449387,0.00000000,0.00000000,-9999.00000
2019,9,4,7.88486099,91.0728683,2.33074069,94.0104065,0.267180870E-2,0.00000000,8.58058548,0.00000000,0.00000000,-9999.00000
2019,9,5,5.48008728,89.6749954,2.62765312,91.8337326,0.00000000,0.00000000,6.02796173,0.00000000,0.00000000,-9999.00000
2019,9,6,6.39222717,87.2343445,3.71387506,89.6493073,0.00000000,0.00000000,6.49177933,0.00000000,0.00000000,-9999.00000
2019,9,7,6.60815811,90.1577225,3.21860456,87.4579163,0.00000000,0.00000000,6.95459747,0.00000000,0.00000000,-9999.00000
2019,9,8,7.71649551,85.7133255,3.92222738,85.3084488,0.628810783E-3,0.00000000,7.60589600,0.00000000,0.00000000,-9999.00000
2019,9,9,5.95093536,84.1742630,3.13437557,86.1390533,0.00000000,0.00000000,5.67936707,0.00000000,0.00000000,-9999.00000
2019,9,10,6.86785126,87.0871811,2.32972288,81.6691132,0.130527257E-2,0.00000000,7.27206421,0.00000000,0.00000000,-9999.00000
2019,9,11,5.78956985,90.4610901,1.47212338,79.8431244,0.149587018E-2,0.00000000,6.69511414,0.00000000,0.00000000,-9999.00000
2019,9,12,5.02624512,86.9191589,1.24557137,78.0138245,0.544043374E-3,0.00000000,5.37477875,0.00000000,0.00000000,-9999.00000
2019,9,13,3.54139709,92.2559128,3.01555538,76.1819153,0.686784158E-3,0.00000000,2.91501617,0.00000000,0.00000000,-9999.00000
2019,9,14,1.22293472,90.6366653,1.71252370,74.3480988,0.00000000,0.00000000,0.820758820,0.00000000,0.00000000,-9999.00000
2019,9,15,2.79056931,91.3566895,1.41767323,72.5130844,0.583501125E-3,0.00000000,2.26095200,0.00000000,0.00000000,-9999.00000
2019,9,16,-1.08391190,91.3957443,3.29412246,70.6775131,0.646763248E-3,0.458979979E-2,-0.974521637,0.443132827E-2,0.355521254E-1,124.643135
2019,9,17,-2.71585846,89.8408813,2.30424070,68.8421097,0.00000000,0.845154002E-2,-3.25585556,0.127227232E-1,0.102015339,124.713821
2019,9,18,-4.24171448,87.5968246,1.54033685,67.0075684,0.00000000,0.944859465E-3,-5.45964050,0.135390153E-1,0.978365690E-1,138.384003
2019,9,19,-2.88734818,88.8820114,1.66356254,65.1745453,0.00000000,0.00000000,-4.08159256,0.135667594E-1,0.763897672E-1,177.599167
2019,9,20,-2.81258011,87.8679428,1.34073484,63.3437309,0.00000000,0.00000000,-4.03859711,0.135624697E-1,0.590245947E-1,229.776581
2019,9,21,-2.29593658,93.0565262,2.27484608,61.5158195,0.00000000,0.850602146E-2,-2.50916290,0.219934769E-1,0.126415074,173.978271
2019,9,22,-4.51361847,91.1622696,1.70180285,59.6914597,0.00000000,0.365907839E-2,-5.21133423,0.255627576E-1,0.151399076,168.843552
2019,9,23,-6.52039719,84.8277206,2.08334041,57.8713188,0.00000000,0.00000000,-7.61836624,0.254810601E-1,0.143058807,178.115982
2019,9,24,-4.11394501,90.4567032,2.07261038,56.0560760,0.00000000,0.523427909E-3,-5.00563049,0.259358417E-1,0.131424800,197.343597
2019,9,25,-4.59030533,89.1917343,1.86810613,54.2463684,0.00000000,0.00000000,-5.33232117,0.262926593E-1,0.129093513,203.671432
2019,9,26,-6.11183929,90.9833603,1.94004011,52.4428482,0.00000000,0.103661255E-2,-7.72378922,0.272314027E-1,0.135451958,201.041046
2019,9,27,-6.23152161,89.6974640,2.99089527,50.6461411,0.00000000,0.00000000,-7.52592087,0.273705982E-1,0.133668736,204.764389
2019,9,28,-2.71507263,88.9458923,3.96302652,48.9642487,0.00000000,0.653891533E-3,-3.36136246,0.278804097E-1,0.125850260,221.536362
2019,9,29,-1.40167999,90.2204056,3.62479138,47.1839256,0.00000000,0.117796625E-2,-1.95503998,0.289453417E-1,0.122035824,237.187241
2019,9,30,0.778274536E-1,90.1733551,5.24617815,45.4122734,0.00000000,0.00000000,-0.494384766,0.289997775E-1,0.108382486,267.568848
2019,10,1,-3.17596817,93.1588135,3.68026280,43.6499023,0.00000000,0.375975226E-2,-3.44575119,0.326953121E-1,0.139515340,234.349228
2019,10,2,-5.44115448,91.9409866,2.81357813,41.8974152,0.00000000,0.00000000,-6.56243515,0.329208337E-1,0.139437973,236.096619
2019,10,3,-4.97631836,90.0076752,3.02743816,40.1554031,0.00000000,0.160356797E-2,-5.71211624,0.344443470E-1,0.149789572,229.951569
2019,10,4,-4.40270233,88.8996429,5.34747028,38.4244080,0.00000000,0.949557114E-3,-5.27513504,0.351766832E-1,0.151649967,231.959702
2019,10,5,-7.50847244,87.5217743,4.23662281,36.7395554,0.00000000,0.106862502E-2,-8.42428207,0.361492336E-1,0.158467054,228.118301
2019,10,6,-8.25131607,90.7495270,3.57859826,35.5884399,0.00000000,0.654065982E-2,-9.57381058,0.426368751E-1,0.228869647,186.293274
2019,10,7,-7.19894028,91.6070251,4.35665894,34.2740479,0.00000000,0.680868747E-2,-7.83375931,0.494064242E-1,0.276415408,178.739761
2019,10,8,-10.1528664,84.4479446,5.28914070,32.9694328,0.00000000,0.112211006E-2,-11.5112190,0.503914431E-1,0.265941590,189.483124
2019,10,9,-6.89705276,87.8278961,4.46031618,31.6749954,0.00000000,0.632951560E-3,-7.83243179,0.509269089E-1,0.254170239,200.365356
2019,10,10,-6.42787552,90.7611008,2.52742577,30.3911228,0.00000000,0.190556946E-2,-7.45264435,0.528030880E-1,0.259517223,203.466614
2019,10,11,-9.35007858,91.9437790,1.18857288,29.1182213,0.00000000,0.106883468E-2,-12.1344948,0.538562536E-1,0.261554062,205.908691
2019,10,12,-9.89558411,90.1384888,2.74544096,27.8566818,0.00000000,0.231449842E-2,-12.0236397,0.561337397E-1,0.281384289,199.491379
2019,10,13,-9.76263428,88.8679657,2.51095843,26.6068802,0.00000000,0.389588205E-2,-11.6736412,0.600139014E-1,0.316041082,189.892715
2019,10,14,-14.5777321,82.3998566,4.07696295,25.7509155,0.00000000,0.00000000,-16.2591763,0.599690974E-1,0.298384607,200.979187
2019,10,15,-13.0446243,63.1203461,4.13796520,30.0504761,0.00000000,0.00000000,-18.8488827,0.599542372E-1,0.286098212,209.558243
2019,10,16,-14.4529800,70.2042923,5.06604481,23.3130112,0.00000000,0.00000000,-17.5387592,0.598869175E-1,0.275478005,217.392731
2019,10,17,-13.1710625,82.9975128,4.80628300,22.1135674,0.00000000,0.00000000,-14.5443954,0.599912070E-1,0.268598735,223.348801
2019,10,18,-11.7768478,84.4101791,4.22168016,21.3586330,0.00000000,0.00000000,-13.3218803,0.600606054E-1,0.261684000,229.515762
2019,10,19,-11.8943710,83.8828812,4.27850580,20.1861248,0.00000000,0.00000000,-13.4091835,0.601078682E-1,0.255517334,235.239883
2019,10,20,-12.8172913,84.4204865,3.90528083,19.0276794,0.00000000,0.00000000,-14.4959488,0.601862893E-1,0.251055777,239.732742
2019,10,21,-11.4183235,86.9499893,2.51185155,17.8468361,0.00000000,0.642945583E-3,-14.1123238,0.608194210E-1,0.255612224,237.936279
2019,10,22,-11.8294601,87.7105026,2.17061710,17.0651474,0.00000000,0.998442527E-3,-15.0046825,0.618151203E-1,0.266200662,232.212494
2019,10,23,-16.0839539,84.5407104,2.00784826,16.5128670,0.00000000,0.00000000,-20.2390537,0.619629808E-1,0.263211399,235.411469
2019,10,24,-17.5636635,82.9605408,1.66048300,15.5702839,0.00000000,0.00000000,-22.4875412,0.622218363E-1,0.263299495,236.315826
2019,10,25,-13.9242363,83.6052475,1.84148455,14.7815037,0.00000000,0.00000000,-18.4482594,0.625331551E-1,0.263682574,237.153152
2019,10,26,-15.5106087,79.4563522,3.52831507,17.0411282,0.00000000,0.00000000,-19.6328068,0.626653880E-1,0.260867178,240.219513
2019,10,27,-9.97442245,82.0351028,5.26858234,13.3121357,0.00000000,0.277400622E-2,-12.5210934,0.653360486E-1,0.283340037,230.592377
2019,10,28,-2.50852203,87.2347107,7.76321125,12.5938940,0.00000000,0.172431173E-2,-3.24907684,0.668360218E-1,0.277905881,240.498764
2019,10,29,-1.35224915,90.3115234,5.12966824,11.8868418,0.00000000,0.385480979E-2,-1.96033478,0.709859133E-1,0.292490482,242.694794
2019,10,30,-3.68937302,88.9715805,3.94764090,11.9385290,0.00000000,0.273743458E-2,-5.03803253,0.736486390E-1,0.307226837,239.720718
2019,10,31,-12.6326447,82.5590057,5.69445562,11.2479935,0.00000000,0.141334394E-2,-14.7111492,0.750437751E-1,0.312921554,239.816589
2019,11,1,-14.5501289,86.3639297,2.24831891,10.3513355,0.00000000,0.00000000,-19.5705585,0.753369629E-1,0.311316162,241.995010
2019,11,2,-14.1937523,87.4078522,1.39701390,9.40945435,0.00000000,0.892371871E-3,-19.7651291,0.762293339E-1,0.321335703,237.226456
2019,11,3,-14.4984398,88.8323135,2.93661118,8.70613098,0.00000000,0.226171827E-2,-17.5730801,0.784910470E-1,0.355466485,220.811401
2019,11,4,-16.5345879,84.0233154,2.82107735,10.0567875,0.00000000,0.968974258E-3,-23.1846981,0.794600174E-1,0.362122715,219.428421
2019,11,5,-17.3475914,57.0083656,2.93206406,11.9743290,0.00000000,0.00000000,-32.9391327,0.794600174E-1,0.354219407,224.324280
2019,11,6,-11.9880180,50.1947174,1.65222073,10.9387941,0.00000000,0.00000000,-31.7001305,0.795009807E-1,0.347719014,228.635712
2019,11,7,-18.4660835,83.3699646,2.27910018,8.13828182,0.00000000,0.00000000,-28.4860973,0.798762962E-1,0.347252637,230.023590
2019,11,8,-21.1786175,72.7515182,4.79615402,8.30276489,0.00000000,0.00000000,-29.4603271,0.798611566E-1,0.340085834,234.826492
2019,11,9,-14.1387024,55.7476921,7.36710262,8.42437458,0.00000000,0.00000000,-18.3830566,0.797112882E-1,0.330074340,241.494965
2019,11,10,-14.9096107,40.6558380,5.05065107,8.17260551,0.00000000,0.00000000,-24.8076153,0.796760023E-1,0.323568523,246.241516
2019,11,11,-11.2846680,62.4154091,1.55159748,4.60362530,0.00000000,0.722646946E-3,-27.6410751,0.803986564E-1,0.329557717,243.959259
2019,11,12,-18.9969997,85.2594223,2.47497129,4.68942118,0.00000000,0.00000000,-30.3650494,0.808002874E-1,0.331930041,243.425644
2019,11,13,-27.6800747,78.8898621,2.63913608,3.91589046,0.00000000,0.00000000,-42.2532883,0.811169967E-1,0.334999293,242.140793
2019,11,14,-27.7085743,71.4996490,2.95960832,4.13692522,0.00000000,0.00000000,-43.2012558,0.811574161E-1,0.332631499,243.985962
2019,11,15,-27.0668392,76.6759262,1.52452207,3.33842325,0.00000000,0.00000000,-44.0642738,0.812582523E-1,0.331698895,244.975952
2019,11,16,-27.4514408,76.7126617,2.17399287,3.08526897,0.00000000,0.00000000,-44.1150131,0.812582523E-1,0.328862637,247.088745
2019,11,17,-27.5786457,76.8647919,1.62101233,2.74979854,0.00000000,0.00000000,-44.6872139,0.812582523E-1,0.326230168,249.082581
2019,11,18,-28.4328194,73.5917053,1.90251935,2.44611335,0.00000000,0.00000000,-46.0062904,0.812582523E-1,0.323848724,250.914246
2019,11,19,-27.9368572,75.8341522,1.40194607,2.18247461,0.00000000,0.00000000,-45.4460602,0.812910348E-1,0.322163612,252.328430
2019,11,20,-21.8837013,64.3505707,1.22864366,1.79149497,0.00000000,0.945420994E-3,-41.2988777,0.822364613E-1,0.338229388,243.138123
2019,11,21,-15.7729111,84.8112030,2.06055999,1.29113185,0.00000000,0.157599186E-2,-29.8330059,0.838124603E-1,0.362542957,231.179398
2019,11,22,-14.1669159,85.3037720,2.53504419,0.989333510,0.00000000,0.211917330E-2,-27.5588989,0.859316140E-1,0.393447816,218.406647
2019,11,23,-16.9888592,83.8780518,1.69072783,0.857272208,0.00000000,0.566525059E-2,-32.1292686,0.915968642E-1,0.487813860,187.770111
2019,11,24,-19.4874229,81.5607986,2.61104393,0.00000000,0.00000000,0.174110162E-2,-34.6522331,0.933379605E-1,0.498329550,187.301682
2019,11,25,-22.8778629,78.1229095,1.24013031,0.00000000,0.00000000,0.00000000,-40.5872574,0.936768949E-1,0.486601084,192.512711
2019,11,26,-21.5933819,74.8514557,7.48726177,0.00000000,0.00000000,0.00000000,-28.7784348,0.939936712E-1,0.462581336,203.193817
2019,11,27,-13.0969696,78.3087845,10.3665495,0.00000000,0.00000000,0.178008690E-2,-15.5431099,0.956919715E-1,0.442450404,216.277283
2019,11,28,-9.66401291,84.3987579,4.47240543,0.00000000,0.00000000,0.458895741E-2,-17.3245125,0.100280933,0.478616685,209.522430
2019,11,29,-14.9404945,86.4039154,2.03434086,0.00000000,0.00000000,0.228314358E-2,-29.0445137,0.102564074,0.497623533,206.107758
2019,11,30,-21.4745712,81.9529877,2.95049644,0.00000000,0.00000000,0.00000000,-35.6580811,0.102768324,0.485180616,211.814575
2019,12,1,-16.9973564,77.9394836,4.45821428,0.00000000,0.00000000,0.123729161E-2,-25.8311176,0.104005612,0.486425668,213.816055
2019,12,2,-18.7476807,79.6160126,0.970979452,0.00000000,0.00000000,0.116367918E-2,-36.6200867,0.105169296,0.495095640,212.422180
2019,12,3,-21.6707325,83.0634766,0.700011730,0.00000000,0.00000000,0.00000000,-39.0316811,0.105403930,0.486700505,216.568359
2019,12,4,-28.1683331,78.3806305,0.949468493,0.00000000,0.00000000,0.00000000,-46.7626534,0.105651930,0.482829690,218.818222
2019,12,5,-27.5903854,79.3579025,1.12549222,0.00000000,0.00000000,0.00000000,-46.0414314,0.105751455,0.476275712,222.038315
2019,12,6,-25.8743763,74.6358185,2.08522844,0.00000000,0.00000000,0.00000000,-44.3398285,0.105751455,0.467960984,225.983490
2019,12,7,-26.7832088,72.3516693,4.55885601,0.00000000,0.00000000,0.00000000,-35.9841423,0.105751455,0.457422465,231.189911
2019,12,8,-13.2989674,81.0839386,4.73852158,0.00000000,0.00000000,0.122538640E-2,-19.9973412,0.106976844,0.457012892,234.078400
2019,12,9,-12.5353317,85.0175018,3.63150358,0.00000000,0.00000000,0.00000000,-23.6445427,0.107297927,0.447840959,239.589355
2019,12,10,-6.56322861,79.2449188,8.37028408,0.00000000,0.00000000,0.669975358E-3,-11.6489182,0.107887246,0.433140606,249.081345
2019,12,11,-8.55134964,83.7064133,4.18433619,0.00000000,0.00000000,0.00000000,-17.7576599,0.108158678,0.423672736,255.288254
2019,12,12,-14.3251400,74.6034241,5.79521990,0.00000000,0.00000000,0.00000000,-19.9420414,0.108148426,0.413804859,261.351257
2019,12,13,-15.7537155,62.3130379,6.47994947,0.00000000,0.00000000,0.00000000,-20.6627445,0.108130619,0.405476749,266.675262
2019,12,14,-12.9571724,88.7113876,3.47426105,0.00000000,0.00000000,0.00000000,-23.9167728,0.108130604,0.399039775,270.977020
2019,12,15,-12.6315460,85.4035645,4.12729168,0.00000000,0.00000000,0.00000000,-21.1303101,0.108130604,0.392601013,275.421112
2019,12,16,-12.6234779,79.5185776,2.59584951,0.00000000,0.00000000,0.00000000,-29.0931110,0.108130619,0.388330042,278.450287
2019,12,17,-19.9052410,72.0492706,5.10460806,0.00000000,0.00000000,0.00000000,-28.1872559,0.108125426,0.384201080,281.429260
2019,12,18,-27.3990574,55.2897072,5.79274559,0.00000000,0.00000000,0.00000000,-34.2174568,0.108118445,0.381092042,283.706909
2019,12,19,-29.0653591,62.6007118,1.46662462,0.00000000,0.00000000,0.00000000,-49.2946625,0.108186677,0.380872339,284.049713
2019,12,20,-28.8376827,76.0335159,1.82952201,0.00000000,0.00000000,0.00000000,-48.0726509,0.108235925,0.380190134,284.688934
2019,12,21,-26.8939781,57.7936592,2.49605203,0.00000000,0.00000000,0.00000000,-46.9976044,0.108235918,0.378497899,285.961731
2019,12,22,-25.5427017,60.4312859,1.86940098,0.00000000,0.00000000,0.00000000,-46.1051178,0.108235925,0.376798362,287.251587
2019,12,23,-28.5410748,74.1091461,1.28128839,0.00000000,0.00000000,0.00000000,-48.3220634,0.108541504,0.381349564,284.624695
2019,12,24,-35.5655975,74.5347366,0.784707308,0.00000000,0.00000000,0.00000000,-55.2534332,0.108759455,0.384420663,282.917816
2019,12,25,-36.0712128,74.6980438,0.999781966,0.00000000,0.00000000,0.00000000,-55.6769600,0.108759463,0.383154243,283.852936
2019,12,26,-39.5745316,75.7674484,1.71125674,0.00000000,0.00000000,0.00000000,-58.7156448,0.108996361,0.386759996,281.819122
2019,12,27,-38.9730606,73.7976761,2.48358107,0.00000000,0.00000000,0.00000000,-57.5417213,0.109362587,0.392819881,278.403900
2019,12,28,-40.9025993,77.4397202,0.930048108,0.00000000,0.00000000,0.00000000,-60.1476440,0.109468348,0.393707931,278.044556
2019,12,29,-34.1541214,71.3106537,1.63444042,0.00000000,0.00000000,0.00000000,-53.6941986,0.109632842,0.395418465,277.257782
2019,12,30,-29.3753223,73.9615402,2.00290394,0.00000000,0.00000000,0.349447224E-2,-48.8927460,0.113127314,0.462678552,244.505203
2019,12,31,-28.4101200,75.7830048,1.74640071,0.00000000,0.00000000,0.269326637E-2,-47.9500198,0.115820572,0.510761201,226.760712
2020,1,1,-32.4841843,73.1084518,2.56318998,0.00000000,0.00000000,0.408885628E-2,-51.1257019,0.119909436,0.583084404,205.646790
2020,1,2,-30.6813354,74.2884064,2.60897946,0.00000000,0.00000000,0.266065937E-2,-49.1839066,0.122570090,0.620049775,197.677826
2020,1,3,-31.7059078,73.2574463,1.59411216,0.00000000,0.00000000,0.854020647E-3,-51.6848221,0.123424120,0.620739400,198.834030
2020,1,4,-33.1716881,76.4622498,0.938213944,0.00000000,0.00000000,0.00000000,-52.9501953,0.123557873,0.608792663,202.955597
2020,1,5,-33.0497513,70.5221481,1.51970112,0.00000000,0.00000000,0.00000000,-52.9871674,0.123557866,0.595761478,207.394867
2020,1,6,-32.7315750,74.0754547,2.67905235,0.00000000,0.00000000,0.00000000,-51.2429924,0.123557858,0.583293915,211.827789
2020,1,7,-32.1341476,82.1621246,2.56877065,0.00000000,0.00000000,0.00000000,-49.6525650,0.123557851,0.571436167,216.223373
2020,1,8,-28.9255486,82.1556702,0.996158957,0.00000000,0.00000000,0.00000000,-48.0340729,0.123585179,0.560661435,220.427475
2020,1,9,-24.8054142,52.9162064,1.82566833,0.00000000,0.00000000,0.00000000,-46.0738831,0.123585172,0.549681365,224.830566
2020,1,10,-22.4772797,47.2730751,1.27681160,0.00000000,0.00000000,0.00000000,-44.2788277,0.123585150,0.539132476,229.229660
2020,1,11,-24.6518955,52.9153252,3.50261760,0.00000000,0.00000000,0.00000000,-40.6258278,0.123585150,0.528034866,234.047333
2020,1,12,-22.8802032,58.3573265,7.20302582,0.00000000,0.00000000,0.00000000,-26.9116440,0.123538025,0.511676133,241.437927
2020,1,13,-20.8382301,71.5623932,7.07309103,0.00000000,0.00000000,0.00000000,-24.7766571,0.123552211,0.497621149,248.285690
2020,1,14,-19.0050983,82.3170395,4.37620640,0.00000000,0.00000000,0.109556969E-2,-29.3032665,0.124647774,0.508332729,245.209030
2020,1,15,-24.3184967,77.1269455,2.45281434,0.00000000,0.00000000,0.00000000,-42.9166565,0.125066325,0.509385407,245.523956
2020,1,16,-17.8572903,52.9451332,4.10345840,0.00000000,0.00000000,0.00000000,-31.7535572,0.125066310,0.498688489,250.790436
2020,1,17,-15.9203644,51.3924561,5.32959461,0.00000000,0.00000000,0.00000000,-24.2968769,0.125060171,0.486355752,257.137238
2020,1,18,-20.9265842,57.7794952,5.49685001,0.00000000,0.00000000,0.00000000,-28.2419930,0.125057712,0.477280736,262.021271
2020,1,19,-24.8432560,63.6390953,3.96521950,1.26448643,0.00000000,0.00000000,-38.4829788,0.125057712,0.471628994,265.161194
2020,1,20,-25.5833874,64.8846970,3.37138748,1.59005058,0.00000000,0.00000000,-42.2819977,0.125057712,0.467256665,267.642426
2020,1,21,-18.2420692,55.0693665,2.62320328,1.69237208,0.00000000,0.00000000,-37.6049500,0.125390500,0.468864292,267.434540
2020,1,22,-22.8819675,80.1232300,2.49944115,1.92348504,0.00000000,0.574999198E-3,-39.1866302,0.125965491,0.475562781,264.876678
2020,1,23,-25.1188126,80.3271790,1.24283564,2.25521111,0.00000000,0.830199278E-3,-43.9900169,0.126795694,0.487535208,260.074951
2020,1,24,-30.6600437,75.9660034,1.03467405,2.69480324,0.00000000,0.542812457E-3,-49.9804153,0.127338544,0.494411975,257.555542
2020,1,25,-34.5957031,72.7947235,1.00149643,3.08432651,0.00000000,0.00000000,-54.0313034,0.127774343,0.499531001,255.788620
2020,1,26,-36.3139954,73.6317520,1.30668175,3.36879873,0.00000000,0.00000000,-55.4850197,0.128008366,0.500724554,255.646271
2020,1,27,-40.1602249,69.1647873,1.43011618,3.83312750,0.00000000,0.00000000,-59.4046822,0.128358215,0.504660785,254.345535
2020,1,28,-39.3685875,69.3137512,0.966466784,5.00622416,0.00000000,0.00000000,-58.5518990,0.128752202,0.509257555,252.823349
2020,1,29,-39.9402962,69.2497711,1.76739836,5.75685835,0.00000000,0.00000000,-58.6507645,0.128960058,0.510063767,252.831238
2020,1,30,-38.0387650,67.2701111,1.13922322,6.51304674,0.00000000,0.780556002E-3,-57.2233086,0.129740626,0.521923006,248.581940
2020,1,31,-37.2012367,66.6598206,0.756429195,7.31807327,0.00000000,0.870619784E-3,-56.3802872,0.130611271,0.534879088,244.188400
2020,2,1,-37.5226440,74.5258865,1.90827596,7.71581554,0.00000000,0.00000000,-55.2938538,0.130752146,0.532837451,245.388428
2020,2,2,-35.7811432,74.4553680,3.50710177,8.98341751,0.00000000,0.00000000,-48.3893814,0.130877659,0.529115260,247.351883
2020,2,3,-29.0781651,75.3175735,3.33368754,9.29954910,0.00000000,0.00000000,-42.6389999,0.131024241,0.524721146,249.702621
2020,2,4,-21.9328308,76.6273651,1.54311299,9.69843864,0.00000000,0.155514048E-2,-39.4296722,0.132579386,0.547352433,242.219421
2020,2,5,-26.6255417,81.5216751,0.576464891,10.4487667,0.00000000,0.191274669E-2,-43.1949730,0.134492159,0.575371623,233.748337
2020,2,6,-27.6921463,81.4275055,1.14217484,11.3414135,0.00000000,0.131575321E-2,-44.0716095,0.135807931,0.590308547,230.062637
2020,2,7,-33.2876434,70.8732910,1.62184083,14.2795820,0.00000000,0.00000000,-50.1142998,0.135830045,0.581773102,233.475983
2020,2,8,-26.1887264,78.3150635,2.51325345,12.8087568,0.00000000,0.661792001E-3,-41.5747299,0.136491850,0.582994998,234.121826
2020,2,9,-18.1958847,82.2391739,3.77287889,13.2982578,0.00000000,0.109958637E-2,-29.1062679,0.137591437,0.583831131,235.669907
2020,2,10,-29.2102242,66.1089401,3.53109980,15.7977219,0.00000000,0.00000000,-41.6839676,0.137646511,0.573202074,240.136108
2020,2,11,-36.7776718,73.1525192,2.11192274,16.6514244,0.00000000,0.00000000,-52.4370499,0.137710080,0.567838192,242.516418
2020,2,12,-34.1404343,72.9833374,1.28044212,16.3888474,0.00000000,0.00000000,-50.4160767,0.137726679,0.561464965,245.298798
2020,2,13,-36.0202789,72.1542511,1.64812315,18.2307053,0.00000000,0.00000000,-52.2798080,0.137992665,0.560807705,246.060562
2020,2,14,-33.5956268,70.8111267,2.05746222,20.4219818,0.00000000,0.00000000,-48.9269295,0.137992665,0.554204762,248.992203
2020,2,15,-31.5004921,64.0887833,4.40336800,20.8497696,0.00000000,0.00000000,-40.9303970,0.137985155,0.545674622,252.870758
2020,2,16,-30.8294830,67.3578033,5.39509535,21.4107971,0.00000000,0.00000000,-35.3886490,0.137982458,0.536360025,257.257141
2020,2,17,-27.7195873,68.3762054,4.30745173,20.5719528,0.00000000,0.00000000,-35.3682747,0.137982458,0.527872562,261.393494
2020,2,18,-14.2053337,81.0472717,6.14284039,20.1432323,0.00000000,0.132068864E-2,-18.4623280,0.139271796,0.529043794,263.251923
2020,2,19,-12.6067352,84.9032898,3.26727295,19.1731644,0.00000000,0.226796395E-2,-19.0905018,0.141539752,0.552480519,256.189575
2020,2,20,-17.7075939,83.9738388,1.53625250,21.9237690,0.00000000,0.889856950E-3,-28.0356216,0.142429635,0.556998551,255.709183
2020,2,21,-20.0064354,81.6920166,0.936262012,21.3607063,0.00000000,0.116843183E-2,-31.7893925,0.143598065,0.568357766,252.654358
2020,2,22,-19.2302132,82.2624512,1.45971525,24.1588402,0.00000000,0.508462021E-3,-29.8486328,0.144106537,0.565477550,254.840424
2020,2,23,-24.1223640,76.8697433,1.63510263,27.1171093,0.00000000,0.521079055E-3,-36.5779419,0.144627601,0.566129208,255.467468
2020,2,24,-28.2243977,74.1736603,3.44048405,29.4122963,0.00000000,0.00000000,-36.7858353,0.144691259,0.558195114,259.212677
2020,2,25,-22.6255054,75.8530121,3.12260509,26.8359795,0.00000000,0.00000000,-30.7642040,0.144947127,0.552636266,262.283051
2020,2,26,-26.3156376,77.1011353,1.13476741,29.8670082,0.00000000,0.515689550E-3,-37.6141167,0.145462796,0.554934442,262.126099
2020,2,27,-31.1123657,77.3703079,3.28197002,30.4205189,0.00000000,0.00000000,-37.5071564,0.145461217,0.547243953,265.806885
2020,2,28,-29.8912659,71.7750015,3.20815754,35.3478737,0.00000000,0.00000000,-38.1845856,0.145461202,0.540392578,269.176910
2020,2,29,-24.2790947,62.7983322,3.09599280,35.3802528,0.00000000,0.00000000,-37.1797142,0.145554513,0.535568833,271.775574
2020,3,1,-29.1952477,72.7030945,1.19745088,33.8477554,0.00000000,0.00000000,-40.5047455,0.145787492,0.534785151,272.609467
2020,3,2,-31.7360477,77.1536713,1.45246601,32.9389420,0.00000000,0.00000000,-40.3902435,0.145900100,0.531514347,274.498901
2020,3,3,-31.0944786,77.6428146,2.40462637,36.9615250,0.00000000,0.00000000,-37.5973969,0.145977810,0.527363062,276.807037
2020,3,4,-32.1131439,73.0724030,2.70246291,38.8764687,0.00000000,0.00000000,-39.8781586,0.146329537,0.529304147,276.456451
2020,3,5,-30.5634289,53.4537888,3.08507776,49.1194839,0.00000000,0.00000000,-41.1400070,0.146328360,0.524373293,279.053802
2020,3,6,-24.3693695,67.8441620,3.15389323,42.3768005,0.00000000,0.00000000,-33.0568619,0.146325633,0.518100679,282.427032
2020,3,7,-21.4877834,55.8094177,2.73516989,49.5093613,0.00000000,0.00000000,-35.1758652,0.146458089,0.515439093,284.142365
2020,3,8,-22.6782398,75.7599640,0.784183145,39.9817467,0.00000000,0.00000000,-29.5261230,0.146845192,0.516648293,284.226593
2020,3,9,-26.5664806,74.9745560,0.819081366,42.4615669,0.00000000,0.514385756E-3,-32.8874245,0.147358522,0.521131933,282.766235
2020,3,10,-31.8533726,71.6883469,1.66915691,45.1584854,0.00000000,0.00000000,-38.9632530,0.147675961,0.522700548,282.524994
2020,3,11,-30.4618187,76.5616074,2.45559001,48.6755295,0.00000000,0.00000000,-34.8978729,0.147672176,0.517315209,285.458801
2020,3,12,-25.2748909,73.5802155,4.14656973,49.2734680,0.00000000,0.00000000,-28.8310070,0.147922456,0.513498724,288.067810
2020,3,13,-13.7801018,70.9895248,12.6272011,53.3138237,0.00000000,0.414433517E-2,-15.1320114,0.151547983,0.518664360,292.188934
2020,3,14,-10.7890205,76.5774307,8.87973785,48.3797989,0.00000000,0.375843002E-2,-11.9553471,0.154937550,0.527355254,293.801086
2020,3,15,-13.8799629,68.9861374,3.90661383,65.7680206,0.00000000,0.00000000,-19.2905312,0.155329660,0.523999035,296.431213
2020,3,16,-9.11564255,84.3527374,5.36894369,51.5870514,0.00000000,0.511221914E-2,-9.97354507,0.160283819,0.577185869,277.698792
2020,3,17,-12.0095139,78.4004517,3.64089108,61.5204697,0.00000000,0.00000000,-14.6064224,0.160178676,0.561803043,285.115356
2020,3,18,-7.47834396,79.4054260,6.74137115,55.4513779,0.00000000,0.253509008E-2,-8.47723007,0.162390471,0.566060305,286.878387
2020,3,19,-8.59788132,75.7913132,8.16284370,57.0050049,0.00000000,0.00000000,-10.0266151,0.162448779,0.551966608,294.309052
2020,3,20,-7.39662170,81.8582916,7.64078426,58.8222351,0.00000000,0.113940856E-2,-8.30456924,0.163211331,0.545887589,298.983398
2020,3,21,-9.07432175,83.2116547,6.14860916,60.6440086,0.00000000,0.209232327E-2,-9.84908676,0.165052816,0.555655003,297.041901
2020,3,22,-18.5185280,80.0785065,3.98887682,62.4696426,0.00000000,0.252146577E-2,-19.7143707,0.167516038,0.584782243,286.458832
2020,3,23,-17.0400505,79.6920013,5.89026976,64.2984848,0.00000000,0.355707854E-2,-18.6123371,0.170892164,0.598001480,285.772156
2020,3,24,-8.75817490,85.7929077,6.53045559,66.1298676,0.00000000,0.706054224E-2,-9.48013306,0.177726656,0.649439394,273.661652
2020,3,25,-12.6165047,85.5549011,4.74279451,67.9630966,0.00000000,0.580435712E-2,-13.5736809,0.183432177,0.697275996,263.069672
2020,3,26,-25.2332096,75.1555634,5.15775537,69.7975006,0.00000000,0.136012980E-2,-26.1942463,0.184736118,0.702904940,262.818054
2020,3,27,-30.0643272,67.0201721,2.20550466,89.3914642,0.00000000,0.00000000,-33.7552185,0.184815109,0.690277457,267.740326
2020,3,28,-25.9196205,63.0677567,2.09313607,77.9415741,0.00000000,0.00000000,-32.7266884,0.184778869,0.676842093,273.001434
2020,3,29,-23.3149853,71.6103745,1.28100157,82.8100357,0.00000000,0.00000000,-27.0390110,0.184771866,0.662503719,278.899353
2020,3,30,-15.5760994,53.2087593,2.82494402,103.980194,0.00000000,0.00000000,-23.7644482,0.184709877,0.647649944,285.200165
2020,3,31,-13.5611992,60.7377434,8.05538082,93.1478119,0.00000000,0.00000000,-15.5447807,0.184275746,0.629902780,292.546326
2020,4,1,-15.6134701,70.4609451,4.26407623,86.8219910,0.00000000,0.00000000,-17.5591774,0.184081778,0.616378605,298.650482
2020,4,2,-11.7158241,75.4571304,6.67546606,82.6133957,0.00000000,0.00000000,-12.5251808,0.184112296,0.605385244,304.124176
2020,4,3,-11.7381058,80.9889526,2.50710869,84.4323883,0.00000000,0.00000000,-13.7336788,0.184021056,0.594429612,309.575867
2020,4,4,-11.2585526,81.4940643,5.57027912,86.2463379,0.00000000,0.00000000,-12.2731915,0.183891594,0.584207356,314.771118
2020,4,5,-7.38037872,82.3328323,7.34748173,88.3920898,0.00000000,0.00000000,-7.96049118,0.183975443,0.575718939,319.557739
2020,4,6,-15.7667923,71.6965179,5.27038002,90.5793991,0.00000000,0.00000000,-16.8393574,0.183999136,0.572449982,321.423950
2020,4,7,-19.0601616,75.6022873,4.72061110,92.7593994,0.00000000,0.168389443E-2,-19.7819881,0.185548320,0.597146928,310.724731
2020,4,8,-17.3878517,74.0394821,2.68090081,94.9313049,0.00000000,0.00000000,-19.2902966,0.185637310,0.592658103,313.228333
2020,4,9,-17.3829689,76.3933868,2.62262964,97.0942459,0.00000000,0.510538928E-3,-19.5168667,0.186039194,0.594581246,312.891144
2020,4,10,-17.3159409,75.2540741,3.01213503,99.2474060,0.00000000,0.00000000,-18.6899052,0.186251938,0.592712283,314.236664
2020,4,11,-12.9579716,81.4219589,4.27024555,101.389992,0.00000000,0.00000000,-14.2522049,0.186069623,0.584059536,318.579895
2020,4,12,-5.99965668,83.1250458,4.10820770,103.521141,0.00000000,0.106199505E-2,-6.46951675,0.186820507,0.583091676,320.396454
2020,4,13,-4.88755035,87.7133179,2.71610713,105.640076,0.00000000,0.367246522E-2,-5.30212402,0.190269291,0.607401192,313.251434
2020,4,14,-6.65360641,87.4812088,2.73823738,107.745995,0.00000000,0.842260139E-3,-7.26626587,0.190875500,0.602235377,316.945007
2020,4,15,-2.17102814,87.3488464,4.45169830,109.838104,0.00000000,0.200376753E-2,-2.66220093,0.192906246,0.589465320,327.256317
2020,4,16,-1.62010574,91.5912476,3.50867367,111.915596,0.949699257E-3,0.677359896E-2,-1.76033401,0.200408056,0.622931004,321.717896
2020,4,17,-4.09756470,87.6993179,3.74171138,113.977715,0.00000000,0.774195883E-3,-4.89140320,0.201001346,0.606073380,331.645233
2020,4,18,-3.51200104,91.6270981,2.82663846,116.023666,0.00000000,0.307715172E-2,-3.15477371,0.204102710,0.617315292,330.629608
2020,4,19,-5.46239853,90.3989334,1.54764295,118.052696,0.00000000,0.410178537E-2,-5.92546082,0.208008498,0.647344947,321.325592
2020,4,20,-10.4972076,87.2189484,1.97007608,120.124924,0.00000000,0.327906641E-2,-11.1655273,0.211149037,0.679265618,310.848999
2020,4,21,-14.8357830,76.3876190,1.30869484,122.469475,0.00000000,0.00000000,-16.2486649,0.211298510,0.671676517,314.583740
2020,4,22,-15.4478512,81.2940903,2.49113941,124.792763,0.00000000,0.104980229E-2,-17.1257858,0.212216258,0.681146383,311.557495
2020,4,23,-13.6219635,85.0389633,2.46997786,127.093941,0.00000000,0.174573518E-2,-14.8206749,0.213816404,0.699147224,305.824585
2020,4,24,-12.1706581,83.2408218,2.17618442,129.372131,0.00000000,0.963653089E-3,-13.4497471,0.214605793,0.700753808,306.249908
2020,4,25,-14.2735634,74.0423584,3.48966265,131.626495,0.00000000,0.00000000,-15.7244110,0.214348540,0.686326504,312.312775
2020,4,26,-8.61310959,84.4518356,3.88479781,133.856201,0.00000000,0.232605916E-2,-8.96475983,0.216423124,0.704171062,307.344543
2020,4,27,-14.3149643,81.0873032,3.16208124,136.060425,0.00000000,0.567193201E-3,-15.3130074,0.216799229,0.700229466,309.611694
2020,4,28,-12.8424683,83.2925644,3.08855700,138.238358,0.00000000,0.233911141E-2,-13.9031467,0.218947858,0.725399077,301.830902
2020,4,29,-14.5909653,75.4745102,1.97722638,149.457184,0.00000000,0.00000000,-15.8638077,0.219207972,0.716299355,306.028442
2020,4,30,-11.4825897,69.0530014,2.65580726,155.544022,0.00000000,0.00000000,-12.7922592,0.219006106,0.699866772,312.925415
2020,5,1,-8.94181824,76.0748444,2.01808596,148.829163,0.00000000,0.00000000,-10.0053005,0.218804792,0.684439003,319.684875
2020,5,2,-7.78274918,85.8882141,1.64479077,146.671707,0.00000000,0.00000000,-8.06785202,0.218870997,0.674270809,324.604004
2020,5,3,-7.94937897,71.8370438,2.01542020,156.595383,0.00000000,0.00000000,-9.43310547,0.218626872,0.660272300,331.116241
2020,5,4,-5.53065491,74.2186279,3.07633567,150.710938,0.00000000,0.00000000,-6.05617905,0.218267843,0.633695602,344.436401
2020,5,5,-2.85198212,86.0614624,2.28950453,152.683701,0.00000000,0.00000000,-3.24901581,0.218130514,0.611201882,356.887817
2020,5,6,-3.58646011,85.9785156,0.961231112,154.624298,0.00000000,0.00000000,-3.43832016,0.218032897,0.599910975,363.442078
2020,5,7,-2.33497238,86.3891830,2.42646980,156.532074,0.00000000,0.00000000,-2.94795990,0.217886895,0.566825986,384.398224
2020,5,8,0.105979919,87.9075089,2.93932557,158.406433,0.00000000,0.00000000,-1.16028595,0.218024746,0.522198558,417.513123
2020,5,9,2.44958496,80.2720184,3.22084522,160.246735,0.00000000,0.00000000,0.00000000,0.218381986,0.473617464,461.093628
2020,5,10,3.13370514,77.3411331,1.84916770,162.052322,0.00000000,0.00000000,-0.143051147E-2,0.218575358,0.430719793,507.465332
2020,5,11,0.413513184,89.4509201,2.19585490,163.822678,0.00000000,0.00000000,-0.513835907,0.218562990,0.399785966,546.700012
2020,5,12,-0.706783295,90.1087952,4.29486465,165.557159,0.00000000,0.00000000,-1.17196274,0.207510620,0.377320915,549.957886
2020,5,13,-0.743984222,83.5873642,2.17412996,167.255280,0.00000000,0.00000000,-1.46500778,0.195212215,0.354931295,550.000000
2020,5,14,-2.79032516,85.2639847,3.13602805,169.162201,0.00000000,0.00000000,-2.87912750,0.191708535,0.349255532,548.906250
2020,5,15,-3.23644638,90.7149658,2.99474239,171.036743,0.00000000,0.960487407E-3,-2.60025024,0.190753415,0.353305399,539.910828
2020,5,16,-6.63307953,87.4822998,3.77703905,172.868195,0.00000000,0.987433945E-3,-6.42020798,0.191377684,0.363215357,526.898682
2020,5,17,-5.72625732,85.3634186,2.28382182,174.656006,0.00000000,0.663227111E-3,-5.01226044,0.191699117,0.369343519,519.026611
2020,5,18,-3.82823563,85.0159149,2.58338118,176.399567,0.00000000,0.00000000,-3.68028259,0.191784084,0.364215612,526.567444
2020,5,19,-2.47179413,80.3922424,3.74468899,178.098297,0.00000000,0.00000000,-2.95486069,0.191393524,0.347988218,550.000000
2020,5,20,-0.715160370,80.6097031,2.14294291,179.751678,0.00000000,0.00000000,-1.71533203,0.177499250,0.322725922,550.000000
2020,5,21,1.71567535,79.9968796,2.57110524,181.359116,0.00000000,0.00000000,-0.998039246,0.156240165,0.284073025,550.000000
2020,5,22,4.36057281,80.1423569,2.79926705,182.920197,0.00000000,0.00000000,0.00000000,0.129353940,0.235188976,550.000000
2020,5,23,5.92225647,85.8937607,3.02996135,184.434296,0.490026735E-2,0.00000000,0.00000000,0.969264209E-1,0.176229864,550.000000
2020,5,24,7.49386597,84.6612091,1.94453216,186.096161,0.00000000,0.00000000,0.00000000,0.654354766E-1,0.118973590,550.000000
2020,5,25,7.35080719,85.4820328,2.23859882,187.707672,0.00000000,0.00000000,0.00000000,0.324797779E-1,0.590541437E-1,550.000000
2020,5,26,4.75743866,93.3061371,1.66088605,189.264801,0.243236870E-2,0.00000000,0.00000000,0.442868331E-2,0.805215165E-2,550.000000
2020,5,27,5.58574677,92.8054581,1.30889618,190.767059,0.173185021E-2,0.00000000,5.77136612,0.00000000,0.00000000,-9999.00000
2020,5,28,5.54894638,89.6288528,1.69129801,192.213882,0.155596621E-2,0.00000000,7.68981934,0.00000000,0.00000000,-9999.00000
2020,5,29,6.16751862,90.8641357,2.57608294,193.604874,0.221155910E-2,0.00000000,7.89000702,0.00000000,0.00000000,-9999.00000
2020,5,30,9.02470398,83.3044739,2.74652457,194.939560,0.00000000,0.00000000,10.0034294,0.00000000,0.00000000,-9999.00000
2020,5,31,9.61819839,79.2683716,3.12704468,196.217545,0.00000000,0.00000000,10.2070236,0.00000000,0.00000000,-9999.00000
2020,6,1,8.40681839,79.7293549,3.15736794,197.438354,0.00000000,0.00000000,9.22494507,0.00000000,0.00000000,-9999.00000
2020,6,2,8.07716751,77.4332275,2.55847359,198.601639,0.00000000,0.00000000,9.06151962,0.00000000,0.00000000,-9999.00000
2020,6,3,8.70404816,76.1190796,2.11217666,200.395691,0.00000000,0.00000000,9.80474854,0.00000000,0.00000000,-9999.00000
2020,6,4,9.33350754,78.1755981,1.79671609,200.823395,0.963036204E-3,0.00000000,10.5810699,0.00000000,0.00000000,-9999.00000
2020,6,5,9.66532898,79.2659302,1.43344951,201.742813,0.131101359E-2,0.00000000,11.1893768,0.00000000,0.00000000,-9999.00000
2020,6,6,7.43091202,87.0484848,1.96149659,202.672562,0.216641882E-2,0.00000000,9.29686737,0.00000000,0.00000000,-9999.00000
2020,6,7,7.55078888,81.0819855,2.05785775,203.543106,0.189263269E-2,0.00000000,8.98261642,0.00000000,0.00000000,-9999.00000
2020,6,8,7.98307037,83.1566544,1.74751341,204.354279,0.427886378E-2,0.00000000,9.63785172,0.00000000,0.00000000,-9999.00000
2020,6,9,6.90606308,89.3574142,2.63460469,205.105743,0.164954644E-2,0.00000000,8.69462204,0.00000000,0.00000000,-9999.00000
2020,6,10,7.90039062,86.3064880,2.16859365,205.797333,0.250834227E-2,0.00000000,9.53673172,0.00000000,0.00000000,-9999.00000
2020,6,11,10.7629852,79.9652710,2.24343705,211.084320,0.129678007E-2,0.00000000,11.7425995,0.00000000,0.00000000,-9999.00000
2020,6,12,11.6292419,70.6753693,2.27832484,220.131653,0.651130395E-3,0.00000000,12.0680122,0.00000000,0.00000000,-9999.00000
2020,6,13,10.7490158,80.6315384,1.61204720,207.510666,0.283404370E-2,0.00000000,12.1590424,0.00000000,0.00000000,-9999.00000
2020,6,14,10.1895905,85.0252991,2.65383887,207.960754,0.205751276E-2,0.00000000,11.4025764,0.00000000,0.00000000,-9999.00000
2020,6,15,10.2119484,87.2614517,1.96290648,208.350067,0.423559453E-2,0.00000000,11.8674889,0.00000000,0.00000000,-9999.00000
2020,6,16,10.5895042,88.4125137,1.50057340,208.678497,0.380768208E-2,0.00000000,12.4606743,0.00000000,0.00000000,-9999.00000
2020,6,17,8.84884262,91.3432617,1.75331569,208.945969,0.899579749E-2,0.00000000,10.9303665,0.00000000,0.00000000,-9999.00000
2020,6,18,8.30078125,92.6348495,2.54781866,209.152405,0.335889496E-2,0.00000000,10.1784439,0.00000000,0.00000000,-9999.00000
2020,6,19,7.52597809,92.5045624,3.76669931,209.297668,0.547033548E-2,0.00000000,9.08559036,0.00000000,0.00000000,-9999.00000
2020,6,20,5.86507797,88.8025970,4.19862890,209.381805,0.269130431E-2,0.00000000,7.25672531,0.00000000,0.00000000,-9999.00000
2020,6,21,9.76727676,78.7210159,2.14472151,213.654816,0.00000000,0.00000000,10.7975540,0.00000000,0.00000000,-9999.00000
2020,6,22,12.6109505,81.4638748,2.87130070,209.407852,0.250301417E-2,0.00000000,13.2080421,0.00000000,0.00000000,-9999.00000
2020,6,23,2.53113174,88.7103729,3.17602801,209.267044,0.457005948E-2,0.274688355E-2,1.96765900,0.00000000,0.00000000,-9999.00000
2020,6,24,4.68648148,85.9755478,1.60218799,209.106461,0.347179337E-2,0.00000000,4.94078445,0.00000000,0.00000000,-9999.00000
2020,6,25,7.93175507,81.2615967,2.45768166,208.884735,0.120688579E-2,0.00000000,9.18128967,0.00000000,0.00000000,-9999.00000
2020,6,26,8.39685059,79.6031799,2.66957951,208.601959,0.157487672E-2,0.00000000,9.50714874,0.00000000,0.00000000,-9999.00000
2020,6,27,8.79687881,81.2034378,2.64005947,208.715485,0.262061716E-2,0.00000000,9.79763031,0.00000000,0.00000000,-9999.00000
2020,6,28,9.17534256,76.0283890,2.72897983,207.853638,0.00000000,0.00000000,9.90021896,0.00000000,0.00000000,-9999.00000
2020,6,29,9.78499985,85.7173004,1.61343002,207.388290,0.996412244E-2,0.00000000,11.4569283,0.00000000,0.00000000,-9999.00000
2020,6,30,6.74537659,85.9018402,3.66663671,206.862335,0.804794021E-2,0.00000000,7.96622086,0.00000000,0.00000000,-9999.00000
2020,7,1,3.34237671,83.6544876,2.76250315,206.275909,0.328355981E-2,0.00000000,3.70928192,0.00000000,0.00000000,-9999.00000
2020,7,2,6.43407822,77.8998413,1.86819708,207.019394,0.827161013E-3,0.00000000,7.21195221,0.00000000,0.00000000,-9999.00000
2020,7,3,8.59872055,77.9035034,2.43939161,206.581009,0.00000000,0.00000000,9.52953720,0.00000000,0.00000000,-9999.00000
2020,7,4,9.12551117,77.6205521,2.70871639,204.155746,0.00000000,0.00000000,9.89480209,0.00000000,0.00000000,-9999.00000
2020,7,5,8.18123245,79.4357529,2.89851046,203.329422,0.00000000,0.00000000,9.07786942,0.00000000,0.00000000,-9999.00000
2020,7,6,8.61092377,81.8958893,2.36262798,202.443726,0.00000000,0.00000000,9.82181931,0.00000000,0.00000000,-9999.00000
2020,7,7,10.9941444,78.1504822,1.74808872,204.112854,0.00000000,0.00000000,12.0500603,0.00000000,0.00000000,-9999.00000
2020,7,8,13.2076683,80.4447403,1.90758479,200.495148,0.230229856E-2,0.00000000,14.0733757,0.00000000,0.00000000,-9999.00000
2020,7,9,7.14017105,88.6912689,3.39981031,199.432922,0.118137395E-2,0.00000000,8.56481171,0.00000000,0.00000000,-9999.00000
2020,7,10,5.77196503,82.5491486,2.51750493,198.312500,0.00000000,0.00000000,6.53348923,0.00000000,0.00000000,-9999.00000
2020,7,11,6.98304367,80.2561798,2.48476124,197.134232,0.833549770E-3,0.00000000,8.14958572,0.00000000,0.00000000,-9999.00000
2020,7,12,7.57332993,83.0798721,1.68215132,195.898468,0.349438400E-2,0.00000000,9.20259476,0.00000000,0.00000000,-9999.00000
2020,7,13,7.13465881,87.7674179,1.16538370,194.605576,0.804016739E-2,0.00000000,9.16404343,0.00000000,0.00000000,-9999.00000
2020,7,14,7.46006775,87.0705261,1.51789927,193.256027,0.174510048E-2,0.00000000,9.31479263,0.00000000,0.00000000,-9999.00000
2020,7,15,8.63296509,84.7202682,1.83850777,191.850235,0.875747646E-3,0.00000000,10.0190430,0.00000000,0.00000000,-9999.00000
2020,7,16,8.99378967,83.8135071,2.32935882,190.388657,0.391233247E-2,0.00000000,10.1458397,0.00000000,0.00000000,-9999.00000
2020,7,17,6.89665222,88.7948303,2.09788942,188.871704,0.568463514E-2,0.00000000,8.60977936,0.00000000,0.00000000,-9999.00000
2020,7,18,5.15164566,91.9187546,3.49554825,187.299942,0.488606747E-2,0.00000000,6.72722626,0.00000000,0.00000000,-9999.00000
2020,7,19,4.93122101,85.2066269,2.50887585,185.673859,0.132983760E-2,0.00000000,4.90280151,0.00000000,0.00000000,-9999.00000
2020,7,20,4.92057800,84.1365433,3.03044391,183.997513,0.144958519E-2,0.00000000,5.47464371,0.00000000,0.00000000,-9999.00000
2020,7,21,1.92873764,85.9044189,3.06826401,182.468964,0.127184682E-2,0.877106853E-3,1.17134857,0.00000000,0.00000000,-9999.00000
2020,7,22,3.42913437,85.5783310,2.10799003,180.893555,0.123896846E-2,0.00000000,2.63665009,0.00000000,0.00000000,-9999.00000
2020,7,23,6.69010162,85.6645050,3.57606912,179.271881,0.326978671E-2,0.00000000,7.53451157,0.00000000,0.00000000,-9999.00000
2020,7,24,5.30977631,87.4177856,4.29253149,177.604340,0.662599783E-2,0.00000000,6.37336731,0.00000000,0.00000000,-9999.00000
2020,7,25,4.50960922,83.8810425,1.89855099,175.891541,0.250545028E-2,0.00000000,4.76146698,0.00000000,0.00000000,-9999.00000
2020,7,26,7.73970795,81.1946640,2.08354926,174.134003,0.127013680E-2,0.00000000,8.78936386,0.00000000,0.00000000,-9999.00000
2020,7,27,9.09254074,85.2073746,5.20674658,172.332336,0.776971085E-2,0.00000000,9.37708282,0.00000000,0.00000000,-9999.00000
2020,7,28,8.00398636,91.2813644,2.78308105,170.487122,0.967809837E-2,0.00000000,9.36391830,0.00000000,0.00000000,-9999.00000
2020,7,29,8.44921494,87.3024979,3.32373309,168.598938,0.217842497E-2,0.00000000,9.19155121,0.00000000,0.00000000,-9999.00000
2020,7,30,9.22468567,87.6752243,4.59587717,166.678513,0.201977976E-2,0.00000000,9.63598633,0.00000000,0.00000000,-9999.00000
2020,7,31,10.2688065,86.4094696,3.36691236,164.967026,0.431534601E-2,0.00000000,10.8574867,0.00000000,0.00000000,-9999.00000
2020,8,1,10.3079758,85.3353653,1.69884431,163.219284,0.173661532E-2,0.00000000,11.3208656,0.00000000,0.00000000,-9999.00000
2020,8,2,7.29001236,92.7646332,3.06190109,161.435837,0.139745660E-1,0.00000000,8.71535492,0.00000000,0.00000000,-9999.00000
2020,8,3,4.51984406,92.9157639,1.63967454,159.617294,0.122773210E-1,0.00000000,6.45675659,0.00000000,0.00000000,-9999.00000
2020,8,4,4.83834457,86.4526596,1.68065667,157.764191,0.581973349E-3,0.00000000,4.72706604,0.00000000,0.00000000,-9999.00000
2020,8,5,8.91670990,84.9936600,1.78431010,155.877213,0.121522218E-2,0.00000000,10.0161591,0.00000000,0.00000000,-9999.00000
2020,8,6,10.7482414,81.2452927,2.27397799,153.956970,0.00000000,0.00000000,11.2399406,0.00000000,0.00000000,-9999.00000
2020,8,7,11.5704765,81.3421707,1.98931551,152.004059,0.502456445E-2,0.00000000,12.3019295,0.00000000,0.00000000,-9999.00000
2020,8,8,9.35469818,90.9626541,2.68683505,150.019196,0.197901344E-2,0.00000000,10.3611183,0.00000000,0.00000000,-9999.00000
2020,8,9,7.73880386,93.3044281,2.51249504,148.003067,0.529250549E-2,0.00000000,9.10758591,0.00000000,0.00000000,-9999.00000
2020,8,10,6.70066452,90.9293213,2.40303016,145.956329,0.436609611E-2,0.00000000,8.08403778,0.00000000,0.00000000,-9999.00000
2020,8,11,7.39282227,89.7272949,1.79868269,143.879730,0.217004027E-2,0.00000000,8.82691574,0.00000000,0.00000000,-9999.00000
2020,8,12,6.87343216,87.1015244,1.65656090,141.774017,0.117489439E-2,0.00000000,8.10246658,0.00000000,0.00000000,-9999.00000
2020,8,13,7.28767395,89.8733063,1.74395299,139.639893,0.255029160E-2,0.00000000,8.61821365,0.00000000,0.00000000,-9999.00000
2020,8,14,9.53991699,90.3938141,1.57654679,137.478149,0.172339031E-2,0.00000000,10.7124176,0.00000000,0.00000000,-9999.00000
2020,8,15,9.57645416,90.2350769,1.67361808,135.289581,0.143707974E-2,0.00000000,10.7269478,0.00000000,0.00000000,-9999.00000
2020,8,16,8.93909454,86.9849396,1.45266724,133.074936,0.00000000,0.00000000,10.0249062,0.00000000,0.00000000,-9999.00000
2020,8,17,9.62335968,81.1984177,2.25511861,130.835083,0.00000000,0.00000000,10.0475349,0.00000000,0.00000000,-9999.00000
2020,8,18,12.1084709,78.6634598,1.69599104,128.570801,0.00000000,0.00000000,12.4803658,0.00000000,0.00000000,-9999.00000
2020,8,19,11.4168015,85.7642136,1.46739066,126.282951,0.141977775E-2,0.00000000,12.2599335,0.00000000,0.00000000,-9999.00000
2020,8,20,10.0092468,86.5226746,2.08857822,123.972389,0.103975472E-2,0.00000000,10.6812820,0.00000000,0.00000000,-9999.00000
2020,8,21,9.41348267,81.2800140,1.89403999,126.619133,0.00000000,0.00000000,9.88813400,0.00000000,0.00000000,-9999.00000
2020,8,22,10.5712585,80.5858688,2.99707866,119.708008,0.00000000,0.00000000,10.4439659,0.00000000,0.00000000,-9999.00000
2020,8,23,10.3817177,85.5071945,3.04034424,117.205788,0.115267280E-2,0.00000000,10.5844193,0.00000000,0.00000000,-9999.00000
2020,8,24,9.43045425,89.1118546,2.02328110,115.168480,0.293456391E-2,0.00000000,10.2941971,0.00000000,0.00000000,-9999.00000
2020,8,25,8.77402878,90.7726364,1.68824697,113.114548,0.534997554E-2,0.00000000,9.80040359,0.00000000,0.00000000,-9999.00000
2020,8,26,7.22941589,93.2391434,2.03864670,111.044746,0.996990316E-2,0.00000000,8.31539154,0.00000000,0.00000000,-9999.00000
2020,8,27,7.70509338,88.5613708,2.66359997,108.959869,0.00000000,0.00000000,8.28172684,0.00000000,0.00000000,-9999.00000
2020,8,28,5.99981689,87.6391144,1.50750732,106.860703,0.00000000,0.00000000,6.29880524,0.00000000,0.00000000,-9999.00000
2020,8,29,4.17211533,91.1986771,2.59028244,104.748039,0.199474976E-2,0.00000000,3.71237183,0.00000000,0.00000000,-9999.00000
2020,8,30,3.17882919,89.9730759,2.03272605,102.622665,0.491090957E-2,0.848432304E-3,2.49961472,0.00000000,0.00000000,-9999.00000
2020,8,31,3.11959839,90.1627731,2.45687413,100.485405,0.139638968E-2,0.00000000,2.47763443,0.00000000,0.00000000,-9999.00000
2020,9,1,1.90023041,92.9699707,2.11577916,98.3370514,0.298521016E-2,0.180307508E-2,1.35504150,0.00000000,0.00000000,-9999.00000
2020,9,2,2.46612930,91.9815445,1.42989254,96.1784515,0.191560993E-2,0.963378116E-3,1.31777954,0.00000000,0.00000000,-9999.00000
2020,9,3,4.63846970,88.0146408,1.59821022,94.0104065,0.00000000,0.00000000,4.67430496,0.00000000,0.00000000,-9999.00000
2020,9,4,4.23983765,90.7778854,1.81636190,91.8337326,0.130376010E-2,0.00000000,4.41299820,0.00000000,0.00000000,-9999.00000
2020,9,5,2.18744278,92.6646194,1.69704854,89.6493073,0.111870177E-2,0.00000000,1.76360703,0.00000000,0.00000000,-9999.00000
2020,9,6,2.56522369,87.8509216,1.71177995,87.4579163,0.00000000,0.00000000,2.01325607,0.00000000,0.00000000,-9999.00000
2020,9,7,3.35916901,87.4362411,1.94479275,85.3084488,0.249824906E-2,0.00000000,2.49135590,0.00000000,0.00000000,-9999.00000
2020,9,8,3.92783356,93.2224121,2.53132653,83.4911346,0.556399999E-2,0.00000000,3.31813812,0.00000000,0.00000000,-9999.00000
2020,9,9,2.68114853,93.7489929,2.23110628,81.6691132,0.546139339E-2,0.773902750E-3,1.47336578,0.00000000,0.00000000,-9999.00000
2020,9,10,-1.17383957,88.6905670,3.18470287,79.8431244,0.890130410E-3,0.249244994E-2,-1.97937012,0.00000000,0.00000000,-9999.00000
2020,9,11,-0.429534912E-2,89.2705841,6.43406200,78.0138245,0.969271176E-3,0.110767055E-1,-0.427543640,0.115526840E-1,0.513113178E-1,225.148849
2020,9,12,-3.55852509,88.3689880,2.87508702,76.1819153,0.00000000,0.257521542E-2,-4.21848297,0.139422035E-1,0.665481538E-1,209.505493
2020,9,13,-1.91508102,90.5010376,2.22745895,74.3480988,0.00000000,0.588374271E-3,-2.70673752,0.144472523E-1,0.473857149E-1,304.886230
2020,9,14,0.127639771,88.4753494,1.14926195,72.5130844,0.00000000,0.00000000,-1.02344131,0.148116508E-1,0.304931998E-1,485.736206
2020,9,15,0.289474487,89.0906982,2.79496336,70.6775131,0.155217969E-2,0.603550812E-3,-1.16344833,0.954335555E-2,0.173515566E-1,550.000000
2020,9,16,1.69419479,91.2969742,3.56971765,68.8421097,0.213094428E-2,0.804154377E-3,-0.117412567,0.00000000,0.00000000,-9999.00000
2020,9,17,0.786422729,87.7722702,2.47467566,67.0075684,0.00000000,0.00000000,0.103553772,0.00000000,0.00000000,-9999.00000
2020,9,18,3.61112976,89.9955368,4.04424620,65.1745453,0.691111246E-2,0.00000000,2.76679230,0.00000000,0.00000000,-9999.00000
2020,9,19,0.998424530,89.9912033,3.52409291,63.3437309,0.00000000,0.00000000,0.191040039,0.00000000,0.00000000,-9999.00000
2020,9,20,-0.408935547,93.1631317,1.88688779,61.5158195,0.542873167E-3,0.209831260E-2,-1.07257843,0.00000000,0.00000000,-9999.00000
2020,9,21,-2.24263382,90.2624207,1.82235432,59.6914597,0.00000000,0.904690416E-3,-3.11225510,0.00000000,0.00000000,-9999.00000
2020,9,22,-1.39699936,88.9408646,2.56106567,57.8713188,0.00000000,0.204977766E-2,-1.99253082,0.00000000,0.00000000,-9999.00000
2020,9,23,-3.44805145,90.5833206,3.78787684,56.0560760,0.00000000,0.357851153E-2,-3.92195892,0.343361031E-2,0.301453676E-1,113.901756
2020,9,24,-4.64232254,89.2345581,3.67169809,54.2463684,0.00000000,0.777865713E-2,-5.06993866,0.110786548E-1,0.101892374,108.728996
2020,9,25,-4.94844818,91.2378998,1.60180235,52.4428482,0.00000000,0.436055195E-2,-5.91527176,0.153724160E-1,0.132183284,116.296211
2020,9,26,-4.64556122,91.7356949,1.05182755,50.6461411,0.00000000,0.197594962E-2,-5.92780304,0.172868073E-1,0.134288639,128.728745
2020,9,27,-3.71412659,93.3626709,1.85287285,48.9642487,0.00000000,0.780390576E-3,-4.74572754,0.179739203E-1,0.127878189,140.555008
2020,9,28,-5.37030411,92.4727936,1.64154124,47.1839256,0.00000000,0.109711662E-2,-6.39880371,0.190074220E-1,0.128645599,147.750259
2020,9,29,-4.35411835,90.6516266,2.15166187,45.4122734,0.00000000,0.00000000,-5.32475281,0.191774610E-1,0.122080982,157.088028
2020,9,30,-5.43568039,89.0140381,3.38187790,43.6499023,0.00000000,0.00000000,-6.54790115,0.191070680E-1,0.102762081,185.934998
2020,10,1,-0.106452942,89.9796906,3.20367455,41.8974152,0.171846012E-2,0.124489958E-2,-1.20283508,0.220140200E-1,0.815867335E-1,269.823547
2020,10,2,0.367019653,93.3128433,2.82156968,40.1554031,0.810021535E-3,0.00000000,-0.631557465,0.231555421E-1,0.652448162E-1,354.902405
2020,10,3,1.11393356,93.8045654,3.59269381,38.4244080,0.00000000,0.00000000,-0.229015350,0.235921107E-1,0.467859171E-1,504.256683
2020,10,4,0.952098846,94.7686234,2.55562782,36.7395554,0.00000000,0.00000000,-0.194396973,0.207879916E-1,0.377963483E-1,550.000000
2020,10,5,-2.33310318,94.1753387,1.33935308,35.5884399,0.00000000,0.215786509E-2,-3.09647369,0.226416588E-1,0.565358028E-1,400.483551
2020,10,6,-6.31558228,90.6604614,1.86635613,34.2740479,0.00000000,0.218024896E-2,-7.70357895,0.247918144E-1,0.807752609E-1,306.923370
2020,10,7,-7.22155380,89.3373337,2.47371221,32.9694328,0.00000000,0.00000000,-9.14700699,0.248484928E-1,0.819153115E-1,303.343689
2020,10,8,-8.15656662,88.7213593,3.58440733,31.6749954,0.00000000,0.00000000,-9.35515594,0.247851275E-1,0.814489648E-1,304.302551
2020,10,9,-7.81995773,87.6425934,3.10518122,30.3911228,0.00000000,0.00000000,-9.30999374,0.248276051E-1,0.824053437E-1,301.286346
2020,10,10,-9.29653168,90.1392822,2.16017151,29.1182213,0.00000000,0.00000000,-11.2687607,0.249681603E-1,0.844414234E-1,295.686157
2020,10,11,-13.0224800,85.7404480,1.81086087,27.8566818,0.00000000,0.00000000,-16.2278881,0.251598526E-1,0.873467922E-1,288.045532
2020,10,12,-16.5249062,82.3365631,1.85660589,26.6068802,0.00000000,0.00000000,-20.7989140,0.252196901E-1,0.885400325E-1,284.839417
2020,10,13,-17.1318779,82.8391190,1.78976464,25.7509155,0.00000000,0.00000000,-21.2377567,0.253636930E-1,0.912298262E-1,278.019745
2020,10,14,-14.5628357,77.7502289,1.77388394,24.5255680,0.00000000,0.111260521E-2,-18.4644794,0.264740046E-1,0.112011410,236.350967
2020,10,15,-14.2769432,80.7923660,1.31719255,23.3130112,0.00000000,0.183658197E-2,-18.5975838,0.283021051E-1,0.145691350,194.260712
2020,10,16,-17.8710709,79.5594482,3.75303793,22.1936569,0.00000000,0.00000000,-21.0244122,0.284501817E-1,0.146011531,194.848877
2020,10,17,-13.1095619,72.8603821,5.15343189,23.3196678,0.00000000,0.00000000,-15.3150730,0.283625126E-1,0.141732693,200.112701
2020,10,18,-8.24810410,70.8687668,3.02396369,23.3447075,0.00000000,0.00000000,-14.4380417,0.283457506E-1,0.138166621,205.156281
2020,10,19,-10.0651779,88.4856186,2.35132313,19.0276794,0.00000000,0.861820532E-3,-12.9170837,0.291907266E-1,0.147454098,197.964844
2020,10,20,-11.3075752,88.4770508,2.21000814,17.8468361,0.00000000,0.618430320E-3,-14.2952652,0.298027787E-1,0.153483361,194.175949
2020,10,21,-10.6243782,84.9345398,2.71244812,17.0651474,0.00000000,0.00000000,-13.2639313,0.302055907E-1,0.153938115,196.219055
2020,10,22,-5.61114120,90.7019119,2.81659150,16.2935696,0.00000000,0.249465811E-2,-6.80326462,0.326808207E-1,0.172015026,189.988174
2020,10,23,-7.75421143,88.5168076,2.87554955,15.5322905,0.00000000,0.00000000,-9.84756470,0.328169428E-1,0.166860759,196.672623
2020,10,24,-8.39324188,76.4060745,4.85396910,14.7815037,0.00000000,0.611983880E-3,-11.2022743,0.333825201E-1,0.168125659,198.556961
2020,10,25,-9.58513260,88.9413757,1.74649596,14.0413942,0.00000000,0.243114540E-2,-12.5601311,0.358134620E-1,0.191566378,186.950668
2020,10,26,-14.7403488,84.0683289,2.70980716,13.3121357,0.00000000,0.00000000,-17.7890415,0.358344018E-1,0.185353711,193.329819
2020,10,27,-16.3736801,74.6543274,2.19605803,15.3903246,0.00000000,0.00000000,-26.1560783,0.361958928E-1,0.187850565,192.684494
2020,10,28,-12.3381271,88.4608765,4.07075262,11.8868418,0.00000000,0.455004862E-2,-13.8808632,0.407399684E-1,0.255853951,159.231339
2020,10,29,-14.8651581,85.9982376,2.30463362,11.5315742,0.00000000,0.279686181E-2,-18.9524403,0.435368344E-1,0.284856707,152.837662
2020,10,30,-16.6146278,83.1946945,2.75183392,11.5481243,0.00000000,0.192419661E-2,-21.6165085,0.454610363E-1,0.299366146,151.857635
2020,10,31,-19.6718941,78.3460388,3.54395413,11.2240467,0.00000000,0.582211767E-3,-25.8498249,0.460432470E-1,0.290864170,158.298111
2020,11,1,-16.9159241,84.7551575,3.36316681,9.75296593,0.00000000,0.504357601E-2,-21.0847702,0.510861501E-1,0.360297024,141.788986
2020,11,2,-15.6016922,87.2945786,2.98778963,8.91657448,0.00000000,0.568810431E-2,-19.1217194,0.567742512E-1,0.414870679,136.848068
2020,11,3,-18.2297134,84.5884171,2.71458316,9.08769798,0.00000000,0.150073017E-2,-24.7834358,0.582749955E-1,0.394880056,147.576447
2020,11,4,-20.6890965,80.9054565,4.26605463,8.39708710,0.00000000,0.129233825E-2,-25.3992615,0.595673248E-1,0.385325074,154.589798
2020,11,5,-19.7148418,78.3752136,6.12049103,9.28993511,0.00000000,0.00000000,-23.4773064,0.598118864E-1,0.357573837,167.271423
2020,11,6,-14.1558495,77.8080368,9.40514278,7.23771715,0.00000000,0.195289915E-2,-16.2258472,0.616722293E-1,0.338134408,182.389694
2020,11,7,-7.73617172,85.9125519,6.60420895,6.45018482,0.00000000,0.00000000,-9.64751434,0.618980005E-1,0.312283784,198.210739
2020,11,8,-10.2604141,83.8961639,3.25525928,6.25829744,0.00000000,0.621033832E-3,-17.6075459,0.625190437E-1,0.307265073,203.469406
2020,11,9,-13.4078484,86.4274368,1.55555105,5.55433941,0.00000000,0.109720801E-2,-23.5866852,0.636162385E-1,0.314368904,202.361755
2020,11,10,-15.9956398,79.2323685,6.52873230,5.22222614,0.00000000,0.232385658E-2,-20.7151623,0.659196526E-1,0.317224115,207.801529
2020,11,11,-12.0353127,85.4458466,3.51718640,4.42456627,0.00000000,0.00000000,-18.6640530,0.663402826E-1,0.310920924,213.367065
2020,11,12,-13.9169273,85.3625793,1.23007274,3.70027304,0.00000000,0.786599005E-3,-26.1136341,0.671268851E-1,0.315547317,212.731598
2020,11,13,-23.6900806,78.6197433,0.704143643,3.54849434,0.00000000,0.00000000,-39.8554764,0.674508587E-1,0.316586703,213.056503
2020,11,14,-22.8805561,80.2069168,1.27607083,3.11877728,0.00000000,0.615464349E-3,-38.6760597,0.680663288E-1,0.323174298,210.618011
2020,11,15,-18.2113991,85.1326218,2.44804168,2.67959309,0.00000000,0.119829259E-2,-31.3102837,0.692646131E-1,0.338272870,204.759583
2020,11,16,-17.5303555,73.4548111,4.30363894,2.58684421,0.00000000,0.272147846E-2,-27.9756660,0.719860941E-1,0.357188195,201.535477
2020,11,17,-9.45042038,90.4353256,4.83527660,1.90381634,0.00000000,0.921223033E-2,-14.1351604,0.811983123E-1,0.421696544,192.551514
2020,11,18,-12.4556122,78.4168320,3.90278053,2.21549511,0.00000000,0.00000000,-21.3386993,0.811983123E-1,0.397698015,204.170776
2020,11,19,-13.7462578,55.9960670,3.55750465,2.33325100,0.00000000,0.00000000,-29.2652168,0.811983123E-1,0.384028286,211.438354
2020,11,20,-14.0069733,31.8939953,3.69619465,2.03748131,0.00000000,0.00000000,-31.4540329,0.811983123E-1,0.373510569,217.392273
2020,11,21,-15.3991280,60.1042404,7.42703962,1.34336424,0.00000000,0.00000000,-20.3703651,0.811253712E-1,0.359423578,225.709656
2020,11,22,-17.1606522,71.6818161,6.80971432,1.00580406,0.00000000,0.00000000,-22.3534756,0.810810179E-1,0.348751754,232.489197
2020,11,23,-17.7158470,80.5513611,3.96313858,0.00000000,0.00000000,0.00000000,-27.4132462,0.813488811E-1,0.346547693,234.740799
2020,11,24,-16.5576992,70.4707642,2.75910950,0.00000000,0.00000000,0.00000000,-33.0742416,0.813488811E-1,0.340928853,238.609558
2020,11,25,-16.7994175,64.1710815,5.90479422,0.00000000,0.00000000,0.00000000,-24.0707016,0.813307986E-1,0.333513439,243.860626
2020,11,26,-11.6096497,79.3411789,3.60268092,0.00000000,0.00000000,0.229624775E-2,-23.0873680,0.836270526E-1,0.365906447,228.547638
2020,11,27,-15.5926781,85.0351486,1.50919020,0.00000000,0.00000000,0.959331519E-3,-31.0906410,0.845863819E-1,0.376654625,224.572784
2020,11,28,-20.0886307,82.9820328,1.53668725,0.00000000,0.00000000,0.00000000,-36.7398834,0.848658532E-1,0.375305563,226.124680
2020,11,29,-23.1396408,79.8972473,1.95578027,0.00000000,0.00000000,0.878029619E-3,-40.5170479,0.857438818E-1,0.386506140,221.843521
2020,11,30,-19.6562920,77.3987198,1.87092113,0.00000000,0.00000000,0.747849117E-3,-37.0273895,0.864917263E-1,0.393354774,219.882248
2020,12,1,-16.8633461,77.6956406,3.56512308,0.00000000,0.00000000,0.00000000,-28.7085533,0.869481042E-1,0.391182631,222.269852
2020,12,2,-11.6696243,85.3206863,3.78096962,0.00000000,0.00000000,0.128132396E-2,-21.5783024,0.882294402E-1,0.396055222,222.770554
2020,12,3,-14.6514359,85.0473938,3.55666089,0.00000000,0.00000000,0.209398987E-2,-24.9081230,0.903234258E-1,0.419676155,215.221725
2020,12,4,-21.8552799,78.3839722,5.88584280,0.00000000,0.00000000,0.00000000,-26.5048542,0.905672461E-1,0.409164459,221.346802
2020,12,5,-19.2073612,81.9173279,4.96650743,0.00000000,0.00000000,0.216712919E-2,-25.5679340,0.927343816E-1,0.438260347,211.596558
2020,12,6,-21.3564014,83.2360840,1.71756196,0.00000000,0.00000000,0.113629841E-2,-38.3133812,0.938706920E-1,0.448942810,209.092758
2020,12,7,-24.1466446,78.9550629,1.11550343,0.00000000,0.00000000,0.605910551E-3,-42.7542343,0.944765955E-1,0.450915515,209.521713
2020,12,8,-27.2455235,75.9676743,1.53843164,0.00000000,0.00000000,0.161134719E-2,-46.3173676,0.960879400E-1,0.473630995,202.875107
2020,12,9,-23.9929695,76.3386383,1.92244363,0.00000000,0.00000000,0.875560218E-3,-42.7350540,0.969635099E-1,0.478045762,202.833115
2020,12,10,-20.7607822,77.7689972,1.94790125,0.00000000,0.00000000,0.576322142E-3,-39.0742836,0.975398347E-1,0.475398690,205.174805
2020,12,11,-22.8664379,77.8663559,1.73374891,0.00000000,0.00000000,0.686487183E-3,-41.2583008,0.982263163E-1,0.476100206,206.314377
2020,12,12,-25.3971004,71.2180328,4.35537863,0.00000000,0.00000000,0.00000000,-35.9311295,0.982410982E-1,0.461703360,212.779694
2020,12,13,-27.8156204,66.4301300,5.52791643,0.00000000,0.00000000,0.00000000,-33.4074516,0.982410982E-1,0.448033601,219.271713
2020,12,14,-28.1314449,67.7809143,5.24827671,0.00000000,0.00000000,0.00000000,-34.4693604,0.982410982E-1,0.436775029,224.923798
2020,12,15,-26.6291618,57.3514938,4.05015993,0.00000000,0.00000000,0.00000000,-39.2198219,0.982410982E-1,0.428477913,229.279251
2020,12,16,-30.2134514,62.6089249,4.00772810,0.00000000,0.00000000,0.00000000,-41.8052673,0.982410982E-1,0.421767622,232.927063
2020,12,17,-32.3262711,75.7587280,4.26019669,0.00000000,0.00000000,0.00000000,-42.4336548,0.982410982E-1,0.415833861,236.250839
2020,12,18,-31.9231148,69.4674301,4.26148081,0.00000000,0.00000000,0.00000000,-42.3638077,0.982410982E-1,0.410339564,239.414139
2020,12,19,-32.6778412,82.0664749,1.23412204,0.00000000,0.00000000,0.00000000,-51.3959045,0.982410982E-1,0.406772345,241.513702
2020,12,20,-34.2204857,79.7542114,1.41619837,0.00000000,0.00000000,0.00000000,-53.2354202,0.982410982E-1,0.403624952,243.396988
2020,12,21,-30.1720409,68.8763275,3.11669469,0.00000000,0.00000000,0.00000000,-46.9363174,0.982760042E-1,0.400419384,245.432678
2020,12,22,-21.5016460,76.0305786,6.30510664,0.00000000,0.00000000,0.00000000,-26.4093418,0.983069167E-1,0.392470628,250.482224
2020,12,23,-12.5421753,83.8582687,4.20492983,0.00000000,0.00000000,0.00000000,-22.6712551,0.986080170E-1,0.389511764,253.157990
2020,12,24,-12.7741280,84.7885361,4.83487701,0.00000000,0.00000000,0.287572015E-2,-20.4687252,0.101483747,0.424955577,238.810257
2020,12,25,-14.8739624,85.3408508,3.99126267,0.00000000,0.00000000,0.00000000,-25.0027142,0.101524845,0.414936692,244.675491
2020,12,26,-15.1582756,81.9887085,1.78978324,0.00000000,0.00000000,0.00000000,-33.0968246,0.101603366,0.409545541,248.088074
2020,12,27,-18.6252937,80.1638184,2.34640598,0.00000000,0.00000000,0.00000000,-35.9878311,0.101603366,0.403950781,251.524124
2020,12,28,-16.6166382,78.6266785,2.20076084,0.00000000,0.00000000,0.00000000,-34.4817657,0.101634018,0.399106473,254.653900
2020,12,29,-15.1072006,84.4452209,1.10361564,0.00000000,0.00000000,0.675240066E-3,-32.7841682,0.102309264,0.406589001,251.628220
2020,12,30,-17.7782784,86.3477325,1.14177263,0.00000000,0.00000000,0.00000000,-35.5936737,0.102404334,0.403090566,254.047958
2020,12,31,-23.0654316,55.9027481,1.57839251,0.00000000,0.00000000,0.00000000,-44.1264420,0.102404334,0.399495691,256.334015
2021,1,1,-21.2412472,40.8065605,1.72466326,0.00000000,0.00000000,0.00000000,-42.9464951,0.102404334,0.395943135,258.633942
2021,1,2,-33.8568726,71.8573685,1.15754259,0.00000000,0.00000000,0.00000000,-53.8680992,0.102497488,0.395586669,259.102478
2021,1,3,-33.6708832,72.8028717,1.47918606,0.00000000,0.00000000,0.00000000,-53.5853348,0.102886170,0.401043534,256.546143
2021,1,4,-29.4984341,73.6386948,1.79676151,0.00000000,0.00000000,0.00000000,-49.2179604,0.103001334,0.400526524,257.164825
2021,1,5,-26.3067417,78.3955994,1.85399175,0.00000000,0.00000000,0.00000000,-45.6378784,0.103211567,0.401509196,257.059021
2021,1,6,-22.3879013,81.4567337,2.75186014,0.00000000,0.00000000,0.00000000,-39.3754234,0.103361942,0.400324047,258.195679
2021,1,7,-18.7862759,81.7510529,5.11705875,0.00000000,0.00000000,0.00000000,-25.7581730,0.103433356,0.394280910,262.334167
2021,1,8,-13.5777283,81.2026978,4.59143019,0.00000000,0.00000000,0.00000000,-21.6941242,0.103433356,0.387159765,267.159363
2021,1,9,-15.8453979,86.7346497,3.37892032,0.00000000,0.00000000,0.00000000,-29.1148243,0.103526168,0.384206325,269.454620
2021,1,10,-14.6059036,85.2597351,2.21260762,0.00000000,0.00000000,0.00000000,-31.8133087,0.103588723,0.381355882,271.632690
2021,1,11,-16.3291168,87.5479965,1.70583653,0.00000000,0.00000000,0.00000000,-34.0650749,0.104034849,0.386510044,269.164673
2021,1,12,-18.6391068,83.6316986,1.66103351,0.00000000,0.00000000,0.840859371E-3,-37.3337784,0.104875699,0.399654478,262.415924
2021,1,13,-20.0979176,80.0025940,2.90217209,0.00000000,0.00000000,0.00000000,-36.7159195,0.105028868,0.398491383,263.566223
2021,1,14,-19.9398155,83.2629318,0.840273738,0.00000000,0.00000000,0.00000000,-38.9989243,0.105258323,0.399354786,263.570953
2021,1,15,-25.3990345,84.0618439,1.26150155,0.00000000,0.00000000,0.00000000,-44.4717026,0.105469070,0.400513828,263.334412
2021,1,16,-22.6899986,76.9582367,1.94138908,0.00000000,0.00000000,0.00000000,-42.2272110,0.105785713,0.403447211,262.204590
2021,1,17,-18.3995571,79.1077271,1.99716949,0.00000000,0.00000000,0.00000000,-37.3403015,0.105822138,0.400058717,264.516510
2021,1,18,-12.4609642,82.7765350,3.61073279,0.00000000,0.00000000,0.924988650E-3,-24.9158916,0.106747158,0.408557743,261.278015
2021,1,19,-11.8840828,82.7133331,2.10509300,0.979139924,0.00000000,0.638886006E-3,-28.0968533,0.107386053,0.414168656,259.280975
2021,1,20,-17.2237873,85.6318970,1.95056379,1.31436563,0.00000000,0.579136715E-3,-34.5719223,0.107965186,0.419871092,257.138885
2021,1,21,-13.1215687,83.7550888,3.72611642,1.51175213,0.00000000,0.00000000,-25.0227737,0.108224079,0.416117311,260.080688
2021,1,22,-8.04835892,86.4453201,5.13669491,1.78103149,0.00000000,0.00000000,-12.9679947,0.108697101,0.410136163,265.026855
2021,1,23,-11.0123863,86.6181946,3.79977703,2.15281343,0.00000000,0.00000000,-21.6967812,0.108773321,0.403574795,269.524567
2021,1,24,-14.7343903,90.8556519,1.75840187,2.17532969,0.00000000,0.00000000,-29.5993595,0.108873397,0.400682360,271.719971
2021,1,25,-22.1341877,67.0651398,3.55148888,3.32185507,0.00000000,0.00000000,-35.6169357,0.108903475,0.397530973,273.949646
2021,1,26,-23.5926590,74.0844727,1.10722208,3.22638273,0.00000000,0.00000000,-42.8316727,0.108923405,0.395301700,275.545013
2021,1,27,-22.2184696,54.3536835,2.34088731,4.03174543,0.00000000,0.00000000,-42.2088509,0.108923405,0.392711788,277.362213
2021,1,28,-25.3908005,72.6169434,1.56035101,4.70069695,0.00000000,0.00000000,-44.4828415,0.108923413,0.390447289,278.970856
2021,1,29,-31.6404572,79.5611420,0.798253059,5.47133112,0.00000000,0.00000000,-49.8282166,0.109013520,0.390475631,279.181366
2021,1,30,-32.5603714,72.2487640,0.556267262,6.39640045,0.00000000,0.00000000,-51.5500641,0.109494507,0.398379475,274.849762
2021,1,31,-36.5974960,69.6934128,1.21961308,7.22658873,0.00000000,0.501179486E-3,-55.5140686,0.109995671,0.406712145,270.450928
2021,2,1,-36.3157959,73.2956924,1.15467370,7.97785187,0.00000000,0.00000000,-54.5960045,0.110018365,0.405306578,271.444794
2021,2,2,-31.4560452,76.7889786,2.28924608,8.30864334,0.00000000,0.00000000,-48.6227722,0.110018365,0.403042227,272.969818
2021,2,3,-37.9500046,76.9890442,2.49376154,9.17829227,0.00000000,0.00000000,-53.4477539,0.110018365,0.401229978,274.202759
2021,2,4,-38.6670685,70.0550308,2.66048908,9.93185234,0.00000000,0.00000000,-52.2952347,0.110071987,0.400453925,274.868042
2021,2,5,-31.3938313,58.6099205,1.68839490,12.1185274,0.00000000,0.00000000,-50.3475952,0.110071972,0.398486555,276.225067
2021,2,6,-30.9989262,59.7659302,3.51069784,12.0942030,0.00000000,0.00000000,-45.4562454,0.110372424,0.402190626,274.428131
2021,2,7,-34.6600418,73.0997543,2.65891623,12.9329720,0.00000000,0.819147739E-3,-49.3020706,0.111191556,0.416222423,267.144562
2021,2,8,-36.8434677,73.9510803,1.16382706,13.8366432,0.00000000,0.00000000,-53.8607368,0.111191548,0.414121419,268.499878
2021,2,9,-38.1372223,72.0035858,2.62162662,15.0319538,0.00000000,0.00000000,-51.9455109,0.111191556,0.411905497,269.944336
2021,2,10,-38.9020767,66.3612823,4.80721378,15.8064489,0.00000000,0.00000000,-45.7562256,0.111189291,0.409161001,271.749481
2021,2,11,-22.6023102,73.0433121,5.54765511,15.9171696,0.00000000,0.542587833E-3,-28.0509720,0.111731701,0.410364836,272.274048
2021,2,12,-14.9792175,75.9693298,3.39785719,15.8954277,0.00000000,0.00000000,-26.7595825,0.112003364,0.410001725,273.177795
2021,2,13,-13.5483627,84.8107986,1.19594109,15.3969917,0.00000000,0.00000000,-25.7879143,0.112098239,0.406360567,275.859039
2021,2,14,-22.7264385,77.7304153,1.95124447,17.5973301,0.00000000,0.00000000,-37.8630447,0.112154357,0.404224843,277.455383
2021,2,15,-27.6127357,80.9467468,0.948981822,19.1229706,0.00000000,0.00000000,-41.5842590,0.112312175,0.404652864,277.551910
2021,2,16,-31.0362263,72.6969299,0.600711286,20.7695560,0.00000000,0.00000000,-47.1674728,0.112536050,0.406889707,276.576294
2021,2,17,-32.1618614,75.8419724,1.03534305,21.2024803,0.00000000,0.00000000,-47.1701317,0.112549797,0.404930413,277.948486
2021,2,18,-32.6212845,78.0728836,1.29934001,21.7238522,0.00000000,0.00000000,-46.4938087,0.112549804,0.402722448,279.472382
2021,2,19,-33.8542442,75.2531662,2.20579672,23.1493492,0.00000000,0.00000000,-47.5681229,0.112642311,0.402495891,279.859528
2021,2,20,-28.7318783,71.4330902,1.34198117,23.9775581,0.00000000,0.00000000,-44.2346497,0.113040350,0.408023238,277.043915
2021,2,21,-30.6917286,74.6835403,1.50178301,24.9608917,0.00000000,0.00000000,-44.5472984,0.113197617,0.408634484,277.014343
2021,2,22,-28.5938396,74.8973923,3.59631991,26.2751846,0.00000000,0.102136482E-2,-37.7420692,0.114218451,0.425356597,268.523987
2021,2,23,-29.4482632,73.9995422,4.04705954,28.2278728,0.00000000,0.858608924E-3,-35.6702690,0.115077086,0.437547743,263.004639
2021,2,24,-27.8567963,72.7926636,1.74871135,29.0186577,0.00000000,0.00000000,-41.1714554,0.115139008,0.434628129,264.913849
2021,2,25,-26.8543358,73.0707626,1.70826507,26.8490105,0.00000000,0.787219789E-3,-39.7648354,0.115926199,0.445919573,259.971100
2021,2,26,-30.3701172,73.6357422,1.12107074,30.7078934,0.00000000,0.00000000,-43.0213470,0.116402574,0.450936109,258.135406
2021,2,27,-32.8242149,76.0067291,2.15766239,32.0621605,0.00000000,0.00000000,-42.3455124,0.116402566,0.446445793,260.731689
2021,2,28,-33.4727631,71.3306580,0.947425067,33.4246216,0.00000000,0.00000000,-45.6920624,0.116536804,0.445373625,261.660767
2021,3,1,-28.9082394,68.3597641,2.09257913,34.7789803,0.00000000,0.00000000,-41.7709389,0.116704024,0.444330394,262.651459
2021,3,2,-31.9576244,73.0984879,1.37833238,33.8949852,0.00000000,0.00000000,-42.7017975,0.117089137,0.447877884,261.430939
2021,3,3,-32.1521492,72.8501968,0.404405177,34.3908920,0.00000000,0.00000000,-43.0323334,0.117578104,0.453213722,259.431915
2021,3,4,-29.5694771,74.7561722,3.49211764,36.1913452,0.00000000,0.00000000,-36.4671516,0.117617153,0.448503435,262.243591
2021,3,5,-18.3874855,74.3860092,6.67770624,36.7117386,0.00000000,0.00000000,-20.4566860,0.117555670,0.438651115,267.993561
2021,3,6,-16.6936340,82.3375854,2.01496577,34.2250977,0.00000000,0.00000000,-20.3100357,0.118004404,0.439094931,268.744629
2021,3,7,-20.0807800,76.5192795,2.58914351,43.6810684,0.00000000,0.00000000,-25.4615269,0.118017919,0.432479441,272.886780
2021,3,8,-14.3098106,68.1825256,6.59977102,42.6364059,0.00000000,0.00000000,-19.2209835,0.117828533,0.423566401,278.181946
2021,3,9,-9.31781006,77.5965347,6.80718994,38.2716522,0.00000000,0.00000000,-10.7361145,0.117723897,0.414221436,284.205231
2021,3,10,-16.7715302,75.3785095,3.51264238,45.2080956,0.00000000,0.00000000,-20.5103455,0.117709629,0.408426076,288.203033
2021,3,11,-25.0780144,75.5497360,3.23236561,44.3653908,0.00000000,0.146871665E-2,-27.7961006,0.119170643,0.432630062,275.456238
2021,3,12,-31.5718708,70.3089523,1.49210668,49.4581566,0.00000000,0.00000000,-37.9173660,0.119250372,0.430429429,277.049774
2021,3,13,-24.5500774,55.0198746,3.98720217,60.6141777,0.00000000,0.00000000,-32.9937859,0.119205430,0.425803989,279.953766
2021,3,14,-20.9068336,59.2324142,7.31889009,56.6570473,0.00000000,0.00000000,-23.6172276,0.119058840,0.419524193,283.794922
2021,3,15,-23.3742371,68.9981155,4.00838566,54.4231110,0.00000000,0.00000000,-26.0419312,0.119038939,0.414641261,287.088989
2021,3,16,-21.4258480,72.4963074,2.46062660,55.4947128,0.00000000,0.00000000,-25.9015236,0.119387157,0.417459339,285.985107
2021,3,17,-23.3844032,72.2558823,3.42079926,53.8640518,0.00000000,0.00000000,-25.6232510,0.119679734,0.419010490,285.624664
2021,3,18,-23.8221130,76.3632431,2.06695056,53.3867722,0.00000000,0.733823923E-3,-27.4274139,0.120393693,0.428716689,280.823425
2021,3,19,-27.4666023,72.2286682,1.84249783,60.4999847,0.00000000,0.00000000,-31.4316883,0.120503604,0.426600397,282.474182
2021,3,20,-23.2308655,70.5948181,1.63815439,66.6106873,0.00000000,0.00000000,-28.4699135,0.120498165,0.421937317,285.583099
2021,3,21,-22.1907139,66.9253845,3.48464394,67.7607117,0.00000000,0.00000000,-25.7956409,0.120455272,0.416967809,288.883850
2021,3,22,-19.0096817,62.7489624,3.95498610,71.4007874,0.00000000,0.00000000,-24.2147751,0.120392270,0.411975682,292.231506
2021,3,23,-17.3401604,72.9996338,2.75890708,62.4696426,0.00000000,0.00000000,-19.5188828,0.120814972,0.415834486,290.536194
2021,3,24,-18.6937714,71.8925400,4.54354525,64.8907852,0.00000000,0.00000000,-20.8987865,0.120752931,0.411416709,293.505157
2021,3,25,-13.9193344,80.8940201,4.58654070,66.1298676,0.00000000,0.165963580E-2,-14.7388306,0.122295007,0.435569555,280.770325
2021,3,26,-19.5131454,79.1561356,1.67664874,67.9630966,0.00000000,0.107818889E-2,-22.5424366,0.123337723,0.449374110,274.465576
2021,3,27,-22.7952900,76.7320557,1.89684761,69.7975006,0.00000000,0.683379127E-3,-25.6851082,0.123992816,0.455721349,272.080322
2021,3,28,-25.5693169,73.8409195,2.92013383,72.2430725,0.00000000,0.00000000,-29.1121387,0.123977683,0.450269639,275.340973
2021,3,29,-18.0926266,72.9199448,6.04576492,73.4670868,0.00000000,0.811730570E-3,-18.9296551,0.124602467,0.453480303,274.769318
2021,3,30,-10.1515732,81.7877274,3.59404969,75.3008804,0.00000000,0.195930130E-2,-11.1986046,0.126424074,0.469623327,269.203156
2021,3,31,-11.5998344,87.0177460,1.28719461,77.1331177,0.00000000,0.140278891E-2,-13.6489773,0.127762780,0.478112102,267.223480
2021,4,1,-19.7057037,78.6961288,1.91259146,78.9630737,0.00000000,0.153996050E-2,-22.3907681,0.129259035,0.497095793,260.028412
2021,4,2,-23.7924252,74.9494934,1.44684339,80.7900696,0.00000000,0.587075425E-3,-26.7289047,0.129809663,0.498026699,260.648010
2021,4,3,-22.9961987,73.0863495,1.89488399,85.2968903,0.00000000,0.00000000,-25.8219242,0.129816383,0.488593429,265.694061
2021,4,4,-15.0127678,75.5238495,4.43327379,85.2115479,0.00000000,0.337308645E-2,-16.7962818,0.133034483,0.528277516,251.826889
2021,4,5,-25.7147522,74.4147644,3.40629864,86.2463379,0.00000000,0.140432571E-2,-27.5044117,0.134378716,0.536902249,250.285263
2021,4,6,-24.2138100,74.6456604,1.98170948,88.3920898,0.00000000,0.00000000,-27.0358582,0.134789377,0.532102644,253.314621
2021,4,7,-23.8749237,75.7295227,2.48448348,90.5793991,0.00000000,0.00000000,-25.7907925,0.135194018,0.527828753,256.132355
2021,4,8,-30.4620972,70.6822662,2.81899762,92.7593994,0.00000000,0.118452928E-2,-32.4508209,0.136354536,0.540955245,252.062515
2021,4,9,-35.0316086,68.1813278,2.16756511,97.0509338,0.00000000,0.00000000,-37.4788132,0.136460289,0.534383595,255.360184
2021,4,10,-26.8266201,67.8190689,3.46938610,103.815346,0.00000000,0.00000000,-28.7678852,0.136392996,0.522838712,260.870117
2021,4,11,-22.6192608,62.3095131,2.76494646,125.746750,0.00000000,0.00000000,-25.3384190,0.136329263,0.511200190,266.684692
2021,4,12,-9.81707764,77.7403412,3.90412211,104.336067,0.00000000,0.693294976E-3,-11.7600174,0.136780009,0.504863143,270.924927
2021,4,13,-6.26845169,84.8440781,2.75151896,103.521141,0.00000000,0.00000000,-6.81576157,0.136738628,0.485818326,281.460419
2021,4,14,-4.72138214,86.5612640,2.09109855,105.640076,0.00000000,0.618312217E-3,-5.06744003,0.137188509,0.472965926,290.060028
2021,4,15,-5.61478424,90.0479431,1.64878643,107.745995,0.00000000,0.901356922E-3,-6.07892609,0.137906030,0.469625205,293.651276
2021,4,16,-5.60678864,87.3262863,2.81508541,109.838104,0.00000000,0.00000000,-6.14612579,0.137947828,0.460584641,299.505920
2021,4,17,-4.81826782,80.0850906,3.22649097,111.915596,0.00000000,0.00000000,-5.51002502,0.137744278,0.436663032,315.447540
2021,4,18,-2.01490402,76.0234146,3.43790746,113.977715,0.00000000,0.00000000,-3.13482666,0.137502581,0.404248029,340.144104
2021,4,19,-0.837680817,70.1911774,2.63185310,116.947342,0.00000000,0.00000000,-3.95120621,0.137282893,0.385011882,356.567963
2021,4,20,-9.68424606,87.0236435,5.74815226,118.052696,0.00000000,0.388626289E-2,-9.81038666,0.140940294,0.422887862,333.280518
2021,4,21,-9.96819305,65.3441238,3.88379002,138.022537,0.00000000,0.00000000,-12.5692577,0.140641645,0.418433249,336.114899
2021,4,22,-5.53034592,74.3384018,2.39065003,122.469475,0.00000000,0.00000000,-6.87900162,0.140454173,0.400900483,350.346741
2021,4,23,-0.942741394,52.7884407,2.13822889,157.404068,0.00000000,0.00000000,-8.33206940,0.140405744,0.374327749,375.087738
2021,4,24,0.470619202E-1,50.4399910,1.67750442,168.211731,0.00000000,0.00000000,-7.37765312,0.140366420,0.350770831,400.165619
2021,4,25,0.497314453,35.6703033,1.54792500,185.008240,0.00000000,0.00000000,-10.6166058,0.140336931,0.331356078,423.523041
2021,4,26,-1.03507614,47.3815346,2.86780262,152.021179,0.00000000,0.00000000,-10.9299965,0.140021369,0.327792317,427.164856
2021,4,27,-6.43770981,72.3249664,6.58936167,135.294983,0.00000000,0.00000000,-6.97802353,0.139388323,0.325833738,427.789734
2021,4,28,-5.86963654,73.2919235,3.19413114,136.060425,0.00000000,0.00000000,-6.64283371,0.139027491,0.322545350,431.032410
2021,4,29,-4.20321655,80.3739014,1.43652737,138.238358,0.00000000,0.00000000,-4.51898956,0.138884082,0.318894655,435.517120
2021,4,30,-4.14095306,88.2260284,2.25988889,140.389221,0.00000000,0.426802924E-2,-3.89114761,0.142877370,0.360880494,395.913239
2021,5,1,-8.42232513,86.3843384,1.98532915,142.512238,0.00000000,0.405511027E-2,-8.59735107,0.146733746,0.407046914,360.483643
2021,5,2,-8.38321304,76.9277344,1.17797434,144.606659,0.00000000,0.00000000,-9.05916595,0.146640167,0.405742824,361.411621
2021,5,3,-6.09167099,81.1755142,2.01338172,146.671707,0.00000000,0.00000000,-6.40091324,0.146373108,0.402757049,363.427795
2021,5,4,-6.67784882,87.4490051,2.83169651,148.706726,0.00000000,0.776545843E-3,-6.72224426,0.146857783,0.408072978,359.881195
2021,5,5,-6.69973755,86.7489471,2.51134300,150.710938,0.00000000,0.541003072E-3,-6.60559464,0.147110209,0.410535514,358.337372
2021,5,6,-5.33263397,88.7984695,2.71827507,152.683701,0.00000000,0.559110136E-3,-5.27970123,0.147347972,0.412132889,357.525391
2021,5,7,-4.55764008,89.0236588,3.09815145,154.624298,0.00000000,0.624384964E-3,-4.69321060,0.147691756,0.408426195,361.611877
2021,5,8,-3.68687439,89.0696335,2.09099627,156.532074,0.00000000,0.146108295E-2,-3.22228622,0.148859903,0.414952964,358.739227
2021,5,9,-1.93423080,84.1188126,1.27100718,158.406433,0.00000000,0.00000000,-2.57143021,0.149059787,0.389002174,383.184967
2021,5,10,-0.207901001,84.9605713,2.01240587,160.246735,0.00000000,0.00000000,-1.46535492,0.148977533,0.353525043,421.405914
2021,5,11,0.581115723,88.5571823,1.51019394,162.052322,0.00000000,0.726691505E-3,-0.272003174,0.149803847,0.325641692,460.026611
2021,5,12,-1.65410233,88.0524597,1.94425046,163.822678,0.00000000,0.00000000,-2.05126953,0.150198013,0.304140687,493.843872
2021,5,13,-0.194168091E-1,86.6373596,2.21616435,165.557159,0.00000000,0.00000000,-1.15964508,0.150873318,0.278950542,540.860474
2021,5,14,-0.409500122,86.2804413,0.974701047,167.255280,0.00000000,0.620314502E-3,-0.907772064,0.145365342,0.264646351,549.281494
2021,5,15,-1.74586105,86.0761490,1.85742664,169.162201,0.00000000,0.100679218E-2,-1.72165680,0.143523529,0.262285650,547.203125
2021,5,16,-1.33189011,86.1124878,2.25931978,171.036743,0.122213049E-2,0.707143126E-2,-1.57733154,0.150193840,0.293850631,511.123108
2021,5,17,-0.473361969,89.4748154,1.14869952,172.868195,0.951842521E-3,0.947833154E-2,-0.871479034,0.160562888,0.338952869,473.702667
2021,5,18,-0.766784668,83.9938354,1.20994043,174.656006,0.00000000,0.542012451E-3,-1.33583832,0.161138147,0.315660954,510.478577
2021,5,19,0.379081726,83.2194214,2.05554080,176.399567,0.175863365E-2,0.00000000,-1.06419754,0.156075895,0.283774346,550.000000
2021,5,20,-0.472488403,86.8484726,1.93063760,178.098297,0.00000000,0.00000000,-1.54111862,0.142516464,0.259120852,550.000000
2021,5,21,2.97342682,85.6737366,3.17460370,179.751678,0.580496562E-3,0.00000000,-0.198738098,0.116206191,0.211283982,550.000000
2021,5,22,2.59086990,92.0801086,3.47302485,181.359116,0.538352551E-2,0.105673587E-2,0.00000000,0.929326266E-1,0.168968409,550.000000
2021,5,23,0.962341309,90.3727417,2.42907381,182.920197,0.285224244E-2,0.159742543E-2,-0.302482605,0.808213726E-1,0.146947950,550.000000
2021,5,24,1.66502762,87.7016678,1.17331028,184.434296,0.618334510E-3,0.00000000,-0.761108398E-1,0.623173118E-1,0.113304198,550.000000
2021,5,25,0.338966370,85.6112976,2.33994389,186.096161,0.602757384E-3,0.00000000,-0.891170502,0.464999638E-1,0.845453888E-1,550.000000
2021,5,26,-0.842960358,82.4252396,2.75514555,187.707672,0.00000000,0.00000000,-1.46006393,0.361515656E-1,0.657442659E-1,549.881653
2021,5,27,-2.53708267,88.9902267,5.20896482,189.264801,0.115407002E-2,0.629593479E-2,-2.46838760,0.384451859E-1,0.105928391,362.935608
2021,5,28,-6.04947662,85.2859955,4.32038784,190.767059,0.00000000,0.309950789E-2,-5.68162155,0.410929061E-1,0.137333244,299.220398
2021,5,29,-4.85536957,82.6372223,3.35494661,192.213882,0.00000000,0.834327948E-3,-4.57750320,0.414775759E-1,0.139870614,296.542480
2021,5,30,-1.19176102,78.9081879,2.18552160,193.604874,0.00000000,0.00000000,-2.09818268,0.412939787E-1,0.970218703E-1,425.615173
2021,5,31,-0.237358093,86.7341766,2.66998339,194.939560,0.00000000,0.149475678E-2,-0.669952393,0.426642671E-1,0.843328461E-1,505.903351
2021,6,1,-2.25028229,87.9940720,4.36187172,196.217545,0.00000000,0.464154361E-2,-2.21181488,0.473931283E-1,0.103049211,459.907715
2021,6,2,0.227916718,89.1136475,2.80290461,197.438354,0.664553198E-3,0.268099341E-2,-0.693920135,0.459643714E-1,0.835715830E-1,550.000000
2021,6,3,4.39875031,82.9116287,1.62910104,198.601639,0.00000000,0.00000000,0.00000000,0.190202519E-1,0.345822759E-1,550.000000
2021,6,4,5.69805145,86.8112946,1.70317721,199.707031,0.724528159E-3,0.00000000,1.19613647,0.00000000,0.00000000,-9999.00000
2021,6,5,5.65814972,86.4816132,1.15976286,200.754211,0.729798165E-3,0.00000000,7.91408920,0.00000000,0.00000000,-9999.00000
2021,6,6,7.29577255,83.5934296,1.96627009,201.742813,0.00000000,0.00000000,8.91209030,0.00000000,0.00000000,-9999.00000
2021,6,7,8.08213043,78.6414871,2.11755586,202.672562,0.704056758E-3,0.00000000,9.35063171,0.00000000,0.00000000,-9999.00000
2021,6,8,7.59312820,85.3543243,2.17416763,203.543106,0.762349460E-2,0.00000000,9.34841156,0.00000000,0.00000000,-9999.00000
2021,6,9,6.29999161,85.7743759,1.44532096,204.354279,0.246493449E-2,0.00000000,8.46566010,0.00000000,0.00000000,-9999.00000
2021,6,10,7.73594284,85.0874863,2.76663113,205.105743,0.245514163E-2,0.00000000,9.11191940,0.00000000,0.00000000,-9999.00000
2021,6,11,6.96812057,84.3619614,2.18950319,205.797333,0.192669546E-2,0.00000000,8.62258530,0.00000000,0.00000000,-9999.00000
2021,6,12,8.05804443,86.0603333,2.01359105,206.428802,0.265430543E-2,0.00000000,9.81842041,0.00000000,0.00000000,-9999.00000
2021,6,13,9.23819351,81.5480499,1.44812810,206.999969,0.615233032E-3,0.00000000,10.8748283,0.00000000,0.00000000,-9999.00000
2021,6,14,11.5129318,76.9914474,2.45827889,207.510666,0.00000000,0.00000000,12.1542778,0.00000000,0.00000000,-9999.00000
2021,6,15,13.8556213,78.9330597,4.07267237,207.960754,0.00000000,0.00000000,13.7527199,0.00000000,0.00000000,-9999.00000
2021,6,16,11.5812988,88.9617233,2.79663563,208.350067,0.277219224E-2,0.00000000,12.8730087,0.00000000,0.00000000,-9999.00000
2021,6,17,11.8386917,88.0568237,2.35356331,208.678497,0.132554304E-2,0.00000000,13.1324883,0.00000000,0.00000000,-9999.00000
2021,6,18,14.2604675,80.0587845,0.942751050,208.945969,0.215460453E-2,0.00000000,15.5317192,0.00000000,0.00000000,-9999.00000
2021,6,19,12.9093208,84.8871078,2.23360443,209.152405,0.331015978E-2,0.00000000,14.0376244,0.00000000,0.00000000,-9999.00000
2021,6,20,8.47819901,90.8912506,3.48126912,209.297668,0.602057297E-2,0.00000000,9.91680527,0.00000000,0.00000000,-9999.00000
2021,6,21,6.00239563,89.3657761,3.50143075,209.381805,0.108277390E-2,0.00000000,7.55457687,0.00000000,0.00000000,-9999.00000
2021,6,22,10.7728806,76.8331604,1.54591393,216.036865,0.00000000,0.00000000,11.9864197,0.00000000,0.00000000,-9999.00000
2021,6,23,15.8879471,73.9372711,1.43143940,213.012085,0.138320227E-2,0.00000000,16.5885735,0.00000000,0.00000000,-9999.00000
2021,6,24,15.2030754,78.9232788,1.14907885,209.267044,0.392505527E-2,0.00000000,16.3194809,0.00000000,0.00000000,-9999.00000
2021,6,25,11.0702171,88.5325394,3.45706463,209.106461,0.148748113E-1,0.00000000,12.2551231,0.00000000,0.00000000,-9999.00000
2021,6,26,9.71275711,82.0586014,1.74374878,208.884735,0.161340297E-2,0.00000000,11.2195206,0.00000000,0.00000000,-9999.00000
2021,6,27,11.1783447,84.5376892,2.59652662,208.601959,0.444440544E-2,0.00000000,12.2112389,0.00000000,0.00000000,-9999.00000
2021,6,28,9.00110626,80.2106857,5.48457718,208.258240,0.897960679E-3,0.00000000,9.03294373,0.00000000,0.00000000,-9999.00000
2021,6,29,7.21737289,85.2420654,6.11192036,207.853638,0.760363694E-2,0.00000000,7.65710831,0.00000000,0.00000000,-9999.00000
2021,6,30,7.27837753,85.2145767,5.11747360,207.388290,0.446792180E-2,0.00000000,7.98093414,0.00000000,0.00000000,-9999.00000
2021,7,1,8.43346786,87.1306000,2.19036555,206.862335,0.452145701E-2,0.00000000,10.0987053,0.00000000,0.00000000,-9999.00000
2021,7,2,8.54504013,89.2390518,2.42390513,206.275909,0.230001984E-2,0.00000000,10.2217064,0.00000000,0.00000000,-9999.00000
2021,7,3,11.3216743,89.5085144,2.71348000,205.629211,0.126525927E-1,0.00000000,12.5827560,0.00000000,0.00000000,-9999.00000
2021,7,4,9.11209488,86.9071045,2.79067516,204.922409,0.125972237E-1,0.00000000,10.4621696,0.00000000,0.00000000,-9999.00000
2021,7,5,10.1459579,79.4586334,2.37639594,204.155746,0.913157070E-3,0.00000000,11.0493584,0.00000000,0.00000000,-9999.00000
2021,7,6,11.1707001,84.7677002,3.70052695,203.329422,0.848581735E-2,0.00000000,11.8804436,0.00000000,0.00000000,-9999.00000
2021,7,7,8.70129776,80.1180344,4.04857397,202.443726,0.734528003E-3,0.00000000,9.10962677,0.00000000,0.00000000,-9999.00000
2021,7,8,7.63589859,82.1974335,3.45784450,201.498840,0.294711953E-2,0.00000000,8.47641754,0.00000000,0.00000000,-9999.00000
2021,7,9,7.06944656,84.6139526,3.23083496,200.495148,0.175008166E-2,0.00000000,8.21855164,0.00000000,0.00000000,-9999.00000
2021,7,10,8.27860260,82.2837906,3.13614321,199.432922,0.112597644E-2,0.00000000,9.13256454,0.00000000,0.00000000,-9999.00000
2021,7,11,7.31875229,85.9274902,3.89526534,198.312500,0.457606791E-2,0.00000000,8.36448669,0.00000000,0.00000000,-9999.00000
2021,7,12,10.1057777,80.2449493,2.21722364,197.134232,0.00000000,0.00000000,11.0255775,0.00000000,0.00000000,-9999.00000
2021,7,13,12.4625587,86.7363892,2.43429017,195.898468,0.200668303E-2,0.00000000,13.4872665,0.00000000,0.00000000,-9999.00000
2021,7,14,7.97367859,86.7379837,3.52000523,194.605576,0.207040203E-2,0.00000000,9.04927063,0.00000000,0.00000000,-9999.00000
2021,7,15,6.92019272,76.7862701,2.66468310,200.309860,0.00000000,0.00000000,7.68291092,0.00000000,0.00000000,-9999.00000
2021,7,16,12.2381630,83.8115845,2.89338231,191.850235,0.554585410E-2,0.00000000,12.9370117,0.00000000,0.00000000,-9999.00000
2021,7,17,13.5078735,85.0839386,2.46216011,190.388657,0.165508385E-2,0.00000000,14.2487068,0.00000000,0.00000000,-9999.00000
2021,7,18,10.9306297,86.3579254,2.72297192,188.871704,0.530005759E-2,0.00000000,11.9167633,0.00000000,0.00000000,-9999.00000
2021,7,19,13.5155373,76.8410187,1.13649106,187.299942,0.00000000,0.00000000,14.3329887,0.00000000,0.00000000,-9999.00000
2021,7,20,15.9827881,79.9741058,3.00020480,185.673859,0.00000000,0.00000000,15.9384384,0.00000000,0.00000000,-9999.00000
2021,7,21,14.7033195,83.9086304,2.85750151,183.997513,0.412685424E-2,0.00000000,15.1546440,0.00000000,0.00000000,-9999.00000
2021,7,22,12.6289635,87.4844055,2.00730705,182.468964,0.518680597E-2,0.00000000,13.6873970,0.00000000,0.00000000,-9999.00000
2021,7,23,13.7604141,86.7639999,1.92049849,180.893555,0.459629856E-2,0.00000000,14.7791786,0.00000000,0.00000000,-9999.00000
2021,7,24,13.3493309,88.0163879,1.87142396,179.271881,0.721527264E-2,0.00000000,14.4207230,0.00000000,0.00000000,-9999.00000
2021,7,25,7.87973022,88.5979767,2.99524999,177.604340,0.311571755E-2,0.00000000,9.02262497,0.00000000,0.00000000,-9999.00000
2021,7,26,9.93199158,85.9194946,1.87226558,175.891541,0.620677415E-2,0.00000000,11.1033859,0.00000000,0.00000000,-9999.00000
2021,7,27,9.45493698,84.7827530,2.63373089,174.134003,0.399058359E-2,0.00000000,10.3008575,0.00000000,0.00000000,-9999.00000
2021,7,28,8.28647995,87.4089813,3.34558392,172.332336,0.299868709E-2,0.00000000,9.11108017,0.00000000,0.00000000,-9999.00000
2021,7,29,9.28664780,86.7570877,5.79441738,170.487122,0.521397498E-2,0.00000000,9.47697830,0.00000000,0.00000000,-9999.00000
2021,7,30,9.16038513,85.4384537,4.81489229,168.598938,0.537405349E-2,0.00000000,9.38703156,0.00000000,0.00000000,-9999.00000
2021,7,31,10.4489098,87.6141968,4.91730070,166.678513,0.680102780E-2,0.00000000,10.6435089,0.00000000,0.00000000,-9999.00000
2021,8,1,12.0815468,85.9135437,5.80225563,164.967026,0.349069526E-2,0.00000000,12.0947876,0.00000000,0.00000000,-9999.00000
2021,8,2,13.4612465,89.0280609,3.52615023,163.219284,0.444291485E-2,0.00000000,13.9458008,0.00000000,0.00000000,-9999.00000
2021,8,3,15.4477234,88.1356125,1.89170802,161.435837,0.175541278E-2,0.00000000,16.1593246,0.00000000,0.00000000,-9999.00000
2021,8,4,14.9320259,84.5544281,1.87832999,159.617294,0.00000000,0.00000000,15.5013008,0.00000000,0.00000000,-9999.00000
2021,8,5,14.3154373,81.5146713,2.47568297,157.764191,0.00000000,0.00000000,14.4758415,0.00000000,0.00000000,-9999.00000
2021,8,6,4.27839279,88.7010422,4.27694893,155.877213,0.252240594E-2,0.528391334E-3,3.39093399,0.00000000,0.00000000,-9999.00000
2021,8,7,2.99017715,88.4719620,2.73340225,153.956970,0.745269877E-3,0.00000000,2.37980270,0.00000000,0.00000000,-9999.00000
2021,8,8,4.21844482,86.6720581,2.40435672,152.004059,0.126872549E-2,0.00000000,4.36139297,0.00000000,0.00000000,-9999.00000
2021,8,9,2.83373642,86.8035812,2.36474800,150.019196,0.133540435E-2,0.688191794E-3,2.48738098,0.00000000,0.00000000,-9999.00000
2021,8,10,5.39337158,85.7543488,1.73149204,148.003067,0.154397334E-2,0.00000000,6.70343399,0.00000000,0.00000000,-9999.00000
2021,8,11,5.06151581,90.4244232,2.12000346,145.956329,0.427929685E-2,0.00000000,6.42644119,0.00000000,0.00000000,-9999.00000
2021,8,12,2.72466278,89.2742233,1.84593153,143.879730,0.297403778E-2,0.524462666E-3,1.68299866,0.00000000,0.00000000,-9999.00000
2021,8,13,1.99319458,83.1475525,2.24041677,141.774017,0.727791863E-3,0.00000000,1.36051941,0.00000000,0.00000000,-9999.00000
2021,8,14,4.22900009,84.4300385,2.75877857,139.639893,0.966675871E-3,0.00000000,3.97054291,0.00000000,0.00000000,-9999.00000
2021,8,15,4.18664169,85.8826904,4.43967915,137.478149,0.554232392E-2,0.00000000,3.77303696,0.00000000,0.00000000,-9999.00000
2021,8,16,3.02595520,89.0602646,2.25449514,135.289581,0.315179257E-2,0.00000000,2.41989899,0.00000000,0.00000000,-9999.00000
2021,8,17,0.802093506,87.2716904,2.65553904,133.074936,0.226946268E-2,0.224186364E-2,0.618911743,0.00000000,0.00000000,-9999.00000
2021,8,18,-0.427246094,87.9205246,3.85292912,130.835083,0.863523164E-3,0.224143313E-2,-1.14827347,0.00000000,0.00000000,-9999.00000
2021,8,19,2.04389572,86.3829956,2.11421680,128.570801,0.00000000,0.00000000,0.840484619,0.00000000,0.00000000,-9999.00000
2021,8,20,4.70071411,85.3440399,2.30802631,126.282951,0.215186039E-2,0.00000000,4.68313217,0.00000000,0.00000000,-9999.00000
2021,8,21,5.26346588,87.4033203,2.74241543,123.972389,0.180257391E-2,0.00000000,5.99778748,0.00000000,0.00000000,-9999.00000
2021,8,22,4.14989090,86.9645691,3.70581007,121.639977,0.337260123E-2,0.00000000,3.05056381,0.00000000,0.00000000,-9999.00000
2021,8,23,4.53048325,87.3278046,1.41504502,119.286575,0.277723139E-2,0.00000000,5.01882553,0.00000000,0.00000000,-9999.00000
2021,8,24,3.16331482,90.5410461,1.94558930,117.205788,0.167393079E-2,0.00000000,2.43855286,0.00000000,0.00000000,-9999.00000
2021,8,25,3.52447891,89.4222717,2.29989791,115.168480,0.203384389E-2,0.699256547E-3,3.44309616,0.00000000,0.00000000,-9999.00000
2021,8,26,5.39061737,88.8200989,3.43677759,113.114548,0.230475585E-2,0.00000000,5.99607086,0.00000000,0.00000000,-9999.00000
2021,8,27,0.962623596,87.1148453,2.76794958,111.044746,0.113889715E-2,0.455323001E-2,0.895713806,0.487352302E-2,0.107423011E-1,453.675903
2021,8,28,-0.673294067E-1,82.3882599,3.57890868,108.959869,0.00000000,0.00000000,-1.12756348,0.00000000,0.00000000,-9999.00000
2021,8,29,1.37054443,87.2145844,3.62587690,106.860703,0.523782219E-3,0.861306966E-3,0.684204102E-1,0.00000000,0.00000000,-9999.00000
2021,8,30,2.92389679,90.2886124,3.82532358,104.748039,0.574989244E-2,0.106601848E-2,1.94569397,0.00000000,0.00000000,-9999.00000
2021,8,31,3.14487839,92.0597076,1.69129801,102.622665,0.746684498E-3,0.00000000,2.15264130,0.00000000,0.00000000,-9999.00000
2021,9,1,5.87729645,87.9065781,1.07793248,100.485405,0.729860796E-3,0.00000000,6.99190903,0.00000000,0.00000000,-9999.00000
2021,9,2,5.08083344,93.4046478,2.80012560,98.3370514,0.256713131E-2,0.00000000,4.58336258,0.00000000,0.00000000,-9999.00000
2021,9,3,4.72504807,91.8394012,3.34738779,96.1784515,0.530459732E-2,0.00000000,4.82524109,0.00000000,0.00000000,-9999.00000
2021,9,4,6.42176819,91.9916382,2.84441924,94.0104065,0.793851330E-3,0.00000000,7.03733063,0.00000000,0.00000000,-9999.00000
2021,9,5,6.00877762,91.3537750,1.66239357,91.8337326,0.161463663E-2,0.00000000,7.03902817,0.00000000,0.00000000,-9999.00000
2021,9,6,0.988788605,86.7200623,1.67770565,89.6493073,0.189420790E-2,0.126456853E-2,0.194190979,0.00000000,0.00000000,-9999.00000
2021,9,7,3.11993408,85.4329529,5.80686140,87.4579163,0.125794800E-2,0.571621873E-3,1.55714035,0.00000000,0.00000000,-9999.00000
2021,9,8,4.66338730,88.9755249,4.03941011,85.3084488,0.982997473E-3,0.00000000,3.94134140,0.00000000,0.00000000,-9999.00000
2021,9,9,5.10152817,90.4811249,1.61002982,83.4911346,0.163285586E-2,0.00000000,5.09231567,0.00000000,0.00000000,-9999.00000
2021,9,10,5.56332016,92.2416916,1.37751615,81.6691132,0.117138005E-2,0.00000000,5.79616547,0.00000000,0.00000000,-9999.00000
2021,9,11,5.88765717,92.3858490,2.51912045,79.8431244,0.528826565E-2,0.00000000,6.54211426,0.00000000,0.00000000,-9999.00000
2021,9,12,2.94220734,83.6239853,1.84265959,78.0138245,0.00000000,0.00000000,2.46279907,0.00000000,0.00000000,-9999.00000
2021,9,13,4.57078552,85.5918045,1.92997599,77.4437485,0.00000000,0.00000000,5.05959702,0.00000000,0.00000000,-9999.00000
2021,9,14,3.85982513,87.2608795,1.34734881,74.3480988,0.00000000,0.00000000,2.96596146,0.00000000,0.00000000,-9999.00000
2021,9,15,3.57342529,88.7150574,2.20498252,72.5130844,0.128029252E-2,0.00000000,2.89813614,0.00000000,0.00000000,-9999.00000
2021,9,16,1.41295242,85.6339798,1.53012860,70.6775131,0.00000000,0.00000000,0.456871033,0.00000000,0.00000000,-9999.00000
2021,9,17,0.659030914,88.9492264,1.21038389,68.8421097,0.00000000,0.172658626E-2,0.209339142,0.00000000,0.00000000,-9999.00000
2021,9,18,-2.76114273,85.6133499,2.11339211,67.0075684,0.00000000,0.571872946E-2,-3.31864929,0.563571695E-2,0.485643968E-1,116.046265
2021,9,19,-4.51978302,83.2970886,2.45522428,65.1745453,0.00000000,0.323675293E-2,-5.48360825,0.872491952E-2,0.745745003E-1,116.996017
2021,9,20,-6.14485168,82.0738525,3.64312267,63.3437309,0.00000000,0.218509603E-2,-7.62702560,0.107015679E-1,0.890735164E-1,120.143089
2021,9,21,-6.39268875,84.9055557,4.24427128,61.5158195,0.00000000,0.278679887E-2,-7.18683624,0.133025711E-1,0.111965813,118.809227
2021,9,22,-7.80988312,85.0631485,2.58241725,59.6914597,0.00000000,0.244296808E-2,-9.04746246,0.156431720E-1,0.131366819,119.080086
2021,9,23,-8.24386215,76.9437027,1.15754223,57.8713188,0.00000000,0.00000000,-10.7481918,0.157375671E-1,0.122192606,128.793121
2021,9,24,-9.38344193,84.5894852,2.70936441,56.0560760,0.00000000,0.942054554E-3,-11.0262489,0.165957473E-1,0.126150787,131.554840
2021,9,25,-7.34169769,86.3166809,1.93186808,54.2463684,0.00000000,0.771030842E-3,-9.22425842,0.172704030E-1,0.124969289,138.197174
2021,9,26,-7.84132004,85.1263275,2.64646029,52.4428482,0.00000000,0.551525969E-3,-9.52035522,0.177226011E-1,0.122158483,145.078751
2021,9,27,-6.04649734,88.5252991,2.38588786,50.6461411,0.00000000,0.126107293E-2,-7.26467514,0.188849568E-1,0.125786543,150.134949
2021,9,28,-6.27248383,89.1885834,0.978197336,48.9642487,0.00000000,0.636126962E-3,-8.02575684,0.194710009E-1,0.125195190,155.525146
2021,9,29,-8.85159302,85.0729828,1.16391146,47.1839256,0.00000000,0.652906077E-3,-11.2974472,0.200822242E-1,0.127271682,157.790192
2021,9,30,-10.2373161,88.0399780,1.68794703,45.4122734,0.00000000,0.747816754E-3,-13.0010490,0.207807887E-1,0.131791830,157.678879
2021,10,1,-9.55453873,88.9394531,2.70586276,43.6499023,0.00000000,0.197470258E-2,-11.2630310,0.227079876E-1,0.151479363,149.908127
2021,10,2,-8.18419266,91.7887726,3.16995668,41.8974152,0.00000000,0.478375098E-2,-9.31225586,0.274393111E-1,0.196607903,139.563629
2021,10,3,-8.26331329,90.8563919,2.38848233,40.1554031,0.00000000,0.293592690E-2,-9.47748184,0.303469878E-1,0.210938662,143.866409
2021,10,4,-8.45164490,88.6311874,2.29901648,38.4244080,0.00000000,0.00000000,-10.5270653,0.304912552E-1,0.194292054,156.935165
2021,10,5,-7.90989685,86.2753601,3.85094213,36.7395554,0.00000000,0.00000000,-9.18268585,0.305085890E-1,0.180833757,168.710693
2021,10,6,-5.44216537,87.3356400,4.97850466,35.5884399,0.00000000,0.00000000,-6.19699478,0.307221152E-1,0.171546921,179.088699
2021,10,7,-5.56465149,88.7556229,2.64407396,34.2740479,0.00000000,0.147864060E-2,-6.53923798,0.321484208E-1,0.177193359,181.431305
2021,10,8,-7.98568726,91.0793228,2.02514076,32.9694328,0.00000000,0.531666272E-3,-9.95499039,0.326441191E-1,0.174131960,187.467697
2021,10,9,-10.3610191,90.1253281,0.698328137,31.6749954,0.00000000,0.00000000,-13.4831409,0.330394879E-1,0.173847377,190.048828
2021,10,10,-10.9640961,88.6750107,1.61284661,30.3911228,0.00000000,0.00000000,-14.2128792,0.334875025E-1,0.174702823,191.682663
2021,10,11,-12.4507828,85.3145218,2.81563520,29.1182213,0.00000000,0.00000000,-14.6790829,0.335666984E-1,0.170659110,196.688583
2021,10,12,-12.2850800,84.7878876,3.20208955,27.8566818,0.00000000,0.00000000,-14.2737885,0.337760635E-1,0.169345558,199.450531
2021,10,13,-11.5438347,81.8563538,1.95514393,26.6068802,0.00000000,0.00000000,-14.4295921,0.338484161E-1,0.165698886,204.276657
2021,10,14,-12.1406670,84.7111053,1.64497697,25.7509155,0.00000000,0.642717874E-3,-15.7665310,0.344759896E-1,0.172061414,200.370255
2021,10,15,-12.3866615,86.1833115,1.29930139,24.5255680,0.00000000,0.511264312E-3,-16.1761875,0.349820703E-1,0.176428720,198.278778
2021,10,16,-12.9809685,84.5442352,1.85297227,23.3130112,0.00000000,0.523418828E-3,-16.7051430,0.354934968E-1,0.180573687,196.559616
2021,10,17,-14.7973785,81.7220993,1.72082829,22.1135674,0.00000000,0.00000000,-18.9082108,0.357719697E-1,0.180864155,197.783630
2021,10,18,-16.4639359,83.0366898,1.65245998,21.3586330,0.00000000,0.958354154E-3,-20.9703846,0.367272571E-1,0.194068134,189.249283
2021,10,19,-14.7525902,81.1937561,3.36207914,20.1861248,0.00000000,0.00000000,-17.9420376,0.367189907E-1,0.187937662,195.378571
2021,10,20,-8.76427460,84.0140762,4.28424740,19.0276794,0.00000000,0.174802204E-2,-10.0449066,0.383970141E-1,0.201335832,190.711273
2021,10,21,-8.06867218,83.5750809,2.87206554,17.8468361,0.00000000,0.00000000,-10.0535049,0.383726135E-1,0.192070380,199.784119
2021,10,22,-8.32627106,89.6722260,1.89324331,17.0651474,0.00000000,0.00000000,-10.6520729,0.386910327E-1,0.188943401,204.775787
2021,10,23,-10.0463219,89.0898895,1.29201829,16.2935696,0.00000000,0.454453006E-2,-13.4756203,0.432351418E-1,0.245556980,176.069687
2021,10,24,-8.52531052,87.4661789,1.43357694,15.5322905,0.00000000,0.00000000,-11.7998619,0.434568003E-1,0.232874081,186.610718
2021,10,25,-7.72724533,87.7504349,2.31470871,14.7815037,0.00000000,0.891750387E-3,-9.94540787,0.443391092E-1,0.230364785,192.473465
2021,10,26,-11.2671928,87.5124817,1.51041830,14.0576439,0.00000000,0.00000000,-14.8321438,0.447218008E-1,0.226399302,197.535065
2021,10,27,-12.2791328,86.1467285,1.16769803,13.3837843,0.00000000,0.651968119E-3,-16.6401577,0.453729667E-1,0.229011253,198.125488
2021,10,28,-14.4073601,82.6902847,2.51403785,13.0941544,0.00000000,0.00000000,-18.8596497,0.455920100E-1,0.225072414,202.565964
2021,10,29,-15.8706703,81.5380859,2.07441378,14.4609432,0.00000000,0.00000000,-22.7125416,0.456867144E-1,0.220909700,206.811722
2021,10,30,-15.1930199,82.4208145,3.16348791,12.4384279,0.00000000,0.502427458E-3,-19.7520084,0.461891443E-1,0.223288879,206.858246
2021,10,31,-5.87899780,85.2381287,7.52000237,10.6527719,0.00000000,0.00000000,-7.20312881,0.465049259E-1,0.216932744,214.374847
2021,11,1,-6.95585632,88.7232971,3.92341399,9.83427429,0.00000000,0.393278711E-2,-8.79277420,0.503945313E-1,0.260575086,193.397354
2021,11,2,-12.3224106,86.4284668,2.42328811,10.4139032,0.00000000,0.246007484E-2,-16.6738796,0.528546050E-1,0.283133745,186.677170
2021,11,3,-9.12713623,84.8765030,2.79292512,9.43042564,0.00000000,0.277646282E-2,-14.5220966,0.556310713E-1,0.303378701,183.371719
2021,11,4,-12.5443573,87.3680496,2.42560172,8.23141289,0.00000000,0.957353855E-3,-17.3599663,0.565884225E-1,0.301456183,187.716904
2021,11,5,-10.4337349,79.0129089,6.43162680,9.15258408,0.00000000,0.00000000,-15.3294582,0.565376841E-1,0.283912361,199.137802
2021,11,6,-11.3765335,81.7389145,7.26305580,7.86083317,0.00000000,0.00000000,-14.0873070,0.566341467E-1,0.271214515,208.816803
2021,11,7,-12.8897476,87.9591293,1.17460752,6.71102715,0.00000000,0.821066671E-3,-21.2393627,0.574552082E-1,0.277317822,207.181808
2021,11,8,-16.1819916,83.7203140,1.38812733,7.59184742,0.00000000,0.00000000,-27.4997749,0.577860326E-1,0.276448071,209.030334
2021,11,9,-24.0833988,78.6504517,3.63258815,6.77192116,0.00000000,0.00000000,-33.4018440,0.578698516E-1,0.272719026,212.195862
2021,11,10,-21.8626709,78.7458496,1.95640552,5.44793797,0.00000000,0.00000000,-36.3556442,0.579199716E-1,0.269232363,215.130051
2021,11,11,-19.9601212,81.1072540,1.51085758,5.25361729,0.00000000,0.00000000,-34.3784828,0.579681136E-1,0.265708655,218.164185
2021,11,12,-20.7747421,83.4377594,1.85759032,4.31580162,0.00000000,0.122175540E-2,-34.3665924,0.591898635E-1,0.285274953,207.483566
2021,11,13,-22.1642017,81.4134979,1.12152159,3.86415863,0.00000000,0.00000000,-37.1302490,0.595072322E-1,0.286173254,207.941284
2021,11,14,-24.7418194,77.9464264,2.17865419,3.64222193,0.00000000,0.00000000,-40.5507622,0.595772676E-1,0.283121228,210.430237
2021,11,15,-23.4655857,79.2687836,1.50971568,3.20386410,0.00000000,0.722908939E-3,-39.7957764,0.603001826E-1,0.292773873,205.961624
2021,11,16,-25.9725704,77.5808411,1.93039966,3.04785347,0.00000000,0.115464593E-2,-42.6331863,0.614548400E-1,0.310632735,197.837616
2021,11,17,-30.0637894,77.0461960,1.41585493,2.67549515,0.00000000,0.00000000,-47.2452278,0.619379915E-1,0.315313816,196.432846
2021,11,18,-28.4378700,76.9557114,1.36099911,2.37606239,0.00000000,0.565754424E-3,-45.8352814,0.625037402E-1,0.320929736,194.758331
2021,11,19,-21.7476902,80.9752884,3.56220031,1.94768047,0.00000000,0.225137803E-2,-32.9097710,0.647551194E-1,0.353790402,183.032440
2021,11,20,-22.0958481,81.0908203,1.70545697,1.69626069,0.00000000,0.603771128E-3,-38.2962112,0.653588995E-1,0.354596555,184.319061
2021,11,21,-27.3100548,78.4218903,1.51641393,1.54107594,0.00000000,0.00000000,-44.6284714,0.658354312E-1,0.355329365,185.280029
2021,11,22,-32.8948059,78.3818436,1.62332118,1.22352302,0.00000000,0.00000000,-50.2664604,0.660093203E-1,0.352130353,187.457062
2021,11,23,-32.9404221,76.9298172,1.74100590,0.970047235,0.00000000,0.00000000,-50.5727692,0.661100969E-1,0.347830325,190.064224
2021,11,24,-29.9897366,70.1913605,1.65694940,0.00000000,0.00000000,0.00000000,-49.0065460,0.661100969E-1,0.341637641,193.509415
2021,11,25,-32.2337151,76.0933914,0.855265796,0.00000000,0.00000000,0.00000000,-50.5193176,0.661100969E-1,0.336285532,196.589188
2021,11,26,-33.5472221,72.9433899,1.18636310,0.00000000,0.00000000,0.577809638E-3,-52.3712921,0.666879043E-1,0.342993349,194.429153
2021,11,27,-33.1996384,71.5702057,0.624950707,0.00000000,0.00000000,0.00000000,-52.3194618,0.670995563E-1,0.345974386,193.943710
2021,11,28,-36.0278282,76.4866943,0.590100467,0.00000000,0.00000000,0.00000000,-54.3988571,0.671690553E-1,0.342635006,196.036743
2021,11,29,-35.1735802,80.8749695,1.80056953,0.00000000,0.00000000,0.00000000,-52.4272156,0.671828240E-1,0.338088989,198.713425
2021,11,30,-35.6496391,83.8291321,2.12540030,0.00000000,0.00000000,0.00000000,-52.2324829,0.671955869E-1,0.333818048,201.294052
2021,12,1,-35.4634552,74.2919998,0.885450602,0.00000000,0.00000000,0.00000000,-54.3331413,0.672765970E-1,0.331510574,202.939514
2021,12,2,-37.1499290,71.1270065,0.835924745,0.00000000,0.00000000,0.00000000,-56.3519745,0.673360676E-1,0.329181463,204.556076
2021,12,3,-31.2371998,66.3094482,5.47472477,0.00000000,0.00000000,0.00000000,-39.6134605,0.673183277E-1,0.322396815,208.805817
2021,12,4,-24.8393593,53.9702988,8.25185204,0.00000000,0.00000000,0.00000000,-28.3532581,0.672882348E-1,0.314469963,213.973495
2021,12,5,-18.1849270,77.1212540,7.50049019,0.00000000,0.00000000,0.00000000,-23.4830666,0.675932392E-1,0.310449272,217.727158
2021,12,6,-12.8624153,78.5682373,12.0267496,0.00000000,0.00000000,0.00000000,-14.9845123,0.679292381E-1,0.300181627,226.293793
2021,12,7,-12.0011520,83.6791840,3.69473934,0.00000000,0.00000000,0.174160860E-2,-22.4526997,0.696708262E-1,0.321646154,216.607071
2021,12,8,-20.8842793,80.3746033,2.01946592,0.00000000,0.00000000,0.588087249E-3,-38.5272827,0.702589154E-1,0.327466935,214.552704
2021,12,9,-27.3344212,77.0344925,4.03627396,0.00000000,0.00000000,0.00000000,-38.4736481,0.703254789E-1,0.323152542,217.623154
2021,12,10,-24.8494186,78.0842590,1.60023355,0.00000000,0.00000000,0.657270022E-3,-43.6457825,0.709827468E-1,0.331741571,213.970016
2021,12,11,-28.1440811,76.4476395,1.43574607,0.00000000,0.00000000,0.216914411E-2,-47.3226585,0.731518939E-1,0.369822502,197.802704
2021,12,12,-30.4733868,74.0174942,1.31120408,0.00000000,0.00000000,0.936840253E-3,-49.9857216,0.740887299E-1,0.381899685,194.000504
2021,12,13,-32.9466591,75.1442261,2.00433731,0.00000000,0.00000000,0.00000000,-51.2291946,0.742020383E-1,0.377600819,196.509216
2021,12,14,-31.7908039,74.7879028,1.31648898,0.00000000,0.00000000,0.00000000,-50.8773842,0.743859410E-1,0.375076890,198.321838
2021,12,15,-34.7121735,77.6494064,2.45543075,0.00000000,0.00000000,0.00000000,-50.9247208,0.744100213E-1,0.369618148,201.315918
2021,12,16,-26.2015171,68.4470901,6.98162127,0.00000000,0.00000000,0.587845338E-3,-30.1486588,0.749834329E-1,0.362935364,206.602722
2021,12,17,-19.7288971,79.5043640,4.02966213,0.00000000,0.00000000,0.688022992E-3,-31.2138939,0.756714568E-1,0.365466446,207.054459
2021,12,18,-17.4502411,82.0857544,3.71411920,0.00000000,0.00000000,0.891138159E-3,-29.7497158,0.765625909E-1,0.371700048,205.979507
2021,12,19,-15.5909653,84.6375122,4.39493036,0.00000000,0.00000000,0.631266274E-3,-26.3656750,0.771938637E-1,0.365742654,211.060593
2021,12,20,-10.1903267,85.0480728,8.44367027,0.00000000,0.00000000,0.388644496E-2,-13.7816448,0.810763761E-1,0.363017231,223.340302
2021,12,21,-20.9647999,80.9085922,3.72244215,0.00000000,0.00000000,0.682965678E-3,-33.3102608,0.817593336E-1,0.368599236,221.810913
2021,12,22,-26.9136143,77.0338058,5.27137899,0.00000000,0.00000000,0.129845494E-2,-34.6780014,0.830577984E-1,0.378477991,219.452133
2021,12,23,-30.3213539,72.1930084,2.83539176,0.00000000,0.00000000,0.00000000,-47.1747780,0.834111720E-1,0.380469978,219.231934
2021,12,24,-31.0863171,76.4226685,3.99100471,0.00000000,0.00000000,0.707875879E-3,-42.7098961,0.841190517E-1,0.388041556,216.778458
2021,12,25,-26.0197372,67.2380676,2.85490561,0.00000000,0.00000000,0.00000000,-44.2716446,0.841324180E-1,0.382164955,220.146866
2021,12,26,-14.2115593,80.1046143,6.29832554,0.00000000,0.00000000,0.897381548E-2,-18.5225658,0.931062251E-1,0.464761376,200.331238
2021,12,27,-22.4808331,79.8447571,4.50290489,0.00000000,0.00000000,0.295140734E-2,-31.8685417,0.960576236E-1,0.499091327,192.465027
2021,12,28,-27.3383369,76.7222214,1.48463655,0.00000000,0.00000000,0.00000000,-46.8447723,0.961276516E-1,0.487246782,197.287415
2021,12,29,-26.2760239,75.5150909,2.18322587,0.00000000,0.00000000,0.198840233E-2,-45.2502136,0.981160626E-1,0.512147546,191.577728
2021,12,30,-34.8718605,78.9101105,0.883862674,0.00000000,0.00000000,0.00000000,-54.2851791,0.981665477E-1,0.502564311,195.331314
2021,12,31,-35.8903046,77.2618866,1.42935300,0.00000000,0.00000000,0.00000000,-55.3386307,0.983204767E-1,0.496303171,198.105682
2022,1,1,-40.6711502,70.2126617,1.35084057,0.00000000,0.00000000,0.00000000,-60.5175171,0.988036841E-1,0.498699814,198.122559
2022,1,2,-38.3455582,72.3154221,1.32190466,0.00000000,0.00000000,0.00000000,-58.0077705,0.991854742E-1,0.498197377,199.088699
2022,1,3,-32.2952652,79.2763596,0.926435351,0.00000000,0.00000000,0.00000000,-51.7671585,0.991854742E-1,0.488379210,203.091095
2022,1,4,-27.9356441,57.2865143,3.49284172,0.00000000,0.00000000,0.00000000,-44.2238007,0.991854742E-1,0.476472080,208.166382
2022,1,5,-15.2387600,62.2842941,3.07447338,0.00000000,0.00000000,0.502495095E-3,-33.0567627,0.996879712E-1,0.470048428,212.080215
2022,1,6,-20.2452316,81.7165756,2.95837569,0.00000000,0.00000000,0.185374764E-2,-37.0204239,0.101541720,0.492194980,206.303848
2022,1,7,-31.9553986,75.4603424,2.19159555,0.00000000,0.00000000,0.00000000,-51.2276878,0.102013506,0.492575616,207.102219
2022,1,8,-34.3070755,74.8635101,0.688567042,0.00000000,0.00000000,0.00000000,-54.2729568,0.102268554,0.489793032,208.799530
2022,1,9,-33.7840958,72.3263702,2.15684438,0.00000000,0.00000000,0.00000000,-53.1162186,0.102268554,0.482054204,212.151566
2022,1,10,-31.0470161,58.6757507,3.71330929,0.00000000,0.00000000,0.00000000,-46.0121994,0.102268554,0.472572088,216.408371
2022,1,11,-24.0481758,48.1046677,2.09741020,0.00000000,0.00000000,0.00000000,-43.8385963,0.102268554,0.463419557,220.682434
2022,1,12,-29.2969437,69.9230042,0.851802468,0.00000000,0.00000000,0.00000000,-49.7794189,0.102327853,0.458038390,223.404526
2022,1,13,-29.1281815,77.5139694,2.06330848,0.00000000,0.00000000,0.00000000,-48.5459747,0.102665529,0.458173454,224.075684
2022,1,14,-26.2241592,81.4159088,1.98588169,0.00000000,0.00000000,0.103061786E-2,-45.2055664,0.103696153,0.471025378,220.149826
2022,1,15,-23.8514290,82.4062119,1.53726196,0.00000000,0.00000000,0.591121265E-3,-43.1391716,0.104287274,0.473675042,220.166290
2022,1,16,-22.0201359,86.2024384,0.836261868,0.00000000,0.00000000,0.00000000,-40.6541901,0.104645967,0.470814496,222.265808
2022,1,17,-21.4658375,81.6118317,1.52481568,0.00000000,0.00000000,0.107606314E-2,-40.5275192,0.105722032,0.482414722,219.151749
2022,1,18,-27.1773281,79.1807327,1.77145350,0.00000000,0.00000000,0.598101818E-3,-46.4017410,0.106320135,0.485410064,219.031586
2022,1,19,-31.6264839,77.9805374,1.54807663,1.11518848,0.00000000,0.00000000,-50.9160767,0.106412113,0.480143964,221.625427
2022,1,20,-32.6347427,76.7232437,0.751358449,1.38347054,0.00000000,0.00000000,-52.1899338,0.106500790,0.475521743,223.966171
2022,1,21,-27.7873497,65.1361694,3.81644511,1.87415993,0.00000000,0.00000000,-41.8252945,0.106499739,0.466375649,228.356140
2022,1,22,-15.5665245,79.5209656,5.90341854,1.82436681,0.00000000,0.922515930E-3,-20.1271572,0.107422255,0.462512583,232.258026
2022,1,23,-9.14695740,89.2671967,3.75029922,2.01499629,0.00000000,0.593103934E-3,-18.2660961,0.108015358,0.452311456,238.807480
2022,1,24,-6.19221115,86.7079391,5.86621952,2.48247790,0.00000000,0.00000000,-10.0304070,0.108428173,0.435393393,249.034943
2022,1,25,-10.3497677,86.2405243,5.21444654,2.75784802,0.00000000,0.106374559E-2,-15.8089581,0.109491915,0.438757688,249.549850
2022,1,26,-27.3326530,75.0842438,2.24635625,3.34552503,0.00000000,0.00000000,-45.4152374,0.109653831,0.437489271,250.643478
2022,1,27,-32.6211929,79.4945679,0.680095077,3.58743453,0.00000000,0.00000000,-51.1880684,0.109695315,0.434930414,252.213486
2022,1,28,-32.1568069,78.8143234,0.670915484,4.77734947,0.00000000,0.00000000,-50.5839119,0.109726988,0.432201564,253.879211
2022,1,29,-27.4856281,64.0363083,0.644597411,5.65786695,0.00000000,0.00000000,-47.5078011,0.109726988,0.428577423,256.026062
2022,1,30,-25.3036709,75.6142731,0.762623787,6.10745430,0.00000000,0.00000000,-44.0094452,0.109944478,0.428896606,256.342621
2022,1,31,-24.6079617,79.2495117,1.82698572,6.75927830,0.00000000,0.626330206E-3,-42.0841446,0.110570788,0.437013239,253.014725
2022,2,1,-24.6225796,79.5291977,1.51214850,7.55125427,0.00000000,0.500116032E-3,-42.1653404,0.111070901,0.442051858,251.262146
2022,2,2,-30.0360584,80.3397369,1.75374854,8.25744343,0.00000000,0.00000000,-47.2106323,0.111140251,0.439401299,252.935638
2022,2,3,-31.1897011,77.7026749,2.69020486,9.67172718,0.00000000,0.00000000,-46.8133888,0.111140251,0.435490996,255.206772
2022,2,4,-30.2174664,63.6385498,4.13727474,11.1118431,0.00000000,0.00000000,-40.9595833,0.111140251,0.430839360,257.962158
2022,2,5,-28.4848175,46.7722740,2.52917171,11.2816858,0.00000000,0.00000000,-47.4868317,0.111176707,0.428203017,259.635498
2022,2,6,-35.8402786,72.6885681,1.72907257,11.9558468,0.00000000,0.722883444E-3,-53.3600616,0.111899577,0.439842999,254.407990
2022,2,7,-41.7968063,74.7309265,1.09591973,12.7415791,0.00000000,0.00000000,-58.6661606,0.112050787,0.440410882,254.423294
2022,2,8,-39.2291489,81.7136307,2.26385474,12.6190681,0.00000000,0.00000000,-53.3151054,0.112050787,0.437396139,256.176910
2022,2,9,-30.0656834,73.3197174,2.75147080,14.1934853,0.00000000,0.108445191E-2,-45.4141235,0.113135248,0.454599261,248.868088
2022,2,10,-28.7566357,72.5769882,2.28394747,15.8060598,0.00000000,0.110793160E-2,-44.2749634,0.114243180,0.471167028,242.468536
2022,2,11,-33.2588043,69.0413055,2.57620788,17.0262871,0.00000000,0.00000000,-47.9481697,0.114316069,0.467457652,244.548508
2022,2,12,-29.4394150,62.0323334,0.905787587,17.8266716,0.00000000,0.00000000,-47.9910278,0.114316069,0.462583810,247.125107
2022,2,13,-28.1900444,58.1734467,1.53178215,18.6211853,0.00000000,0.00000000,-46.9040565,0.114334531,0.458198071,249.530807
2022,2,14,-31.3656063,78.2728271,1.33702338,17.9679871,0.00000000,0.00000000,-46.5405159,0.114351369,0.453945905,251.905289
2022,2,15,-29.3652573,81.7860870,1.30893803,18.5036430,0.00000000,0.00000000,-43.1035843,0.114351369,0.449036062,254.659668
2022,2,16,-29.5592289,78.2860794,1.98146212,19.4200439,0.00000000,0.00000000,-43.7232590,0.114518315,0.447887987,255.685181
2022,2,17,-30.0015984,74.7330856,2.20433664,21.5177040,0.00000000,0.00000000,-44.3181496,0.114823371,0.449381202,255.514404
2022,2,18,-27.7104454,62.4209137,2.90751004,24.5594368,0.00000000,0.00000000,-41.2604790,0.114823371,0.444520444,258.308411
2022,2,19,-30.5479393,77.6697922,1.89466524,22.9687462,0.00000000,0.00000000,-42.1604385,0.114823371,0.440060079,260.926575
2022,2,20,-27.6050949,61.6205978,3.44623899,26.4228821,0.00000000,0.00000000,-40.8554344,0.114822328,0.435594589,263.599060
2022,2,21,-20.5262413,66.0106277,9.74641800,24.7963676,0.00000000,0.00000000,-23.3389072,0.114951499,0.428183258,268.463318
2022,2,22,-10.5943413,82.7118759,5.15761185,22.9399567,0.00000000,0.219162321E-2,-14.2539253,0.117122680,0.449295372,260.680817
2022,2,23,-12.2308426,84.6818237,4.65735865,23.1352501,0.00000000,0.00000000,-15.0115891,0.117603995,0.445286542,264.108582
2022,2,24,-11.0915680,81.2230682,1.24950159,27.6210785,0.00000000,0.859247521E-3,-20.5079231,0.118463270,0.448122263,264.354797
2022,2,25,-9.15332031,78.2475586,4.75403357,30.7249184,0.00000000,0.905237626E-3,-14.7351227,0.119262725,0.446787745,266.933746
2022,2,26,-14.1405296,60.2058945,12.6341763,33.1636047,0.00000000,0.00000000,-16.4937935,0.118732564,0.434679836,273.149475
2022,2,27,-15.4110489,63.7050514,7.30298805,30.2194290,0.00000000,0.00000000,-18.5015469,0.118644170,0.426691562,278.056061
2022,2,28,-12.2790718,86.1782990,1.29149938,29.1809521,0.00000000,0.970945519E-3,-16.9815807,0.119615138,0.436320990,274.144806
2022,3,1,-13.4244308,85.2234650,2.30114746,27.5908546,0.00000000,0.00000000,-17.6193485,0.119699284,0.429884076,278.445496
2022,3,2,-14.6659698,84.8143692,2.91527700,30.2230263,0.00000000,0.00000000,-17.6335030,0.119806014,0.424580842,282.174805
2022,3,3,-15.3246460,83.1804810,4.06119919,31.2904091,0.00000000,0.00000000,-17.5862446,0.119851127,0.419115394,285.962128
2022,3,4,-12.1165123,82.1277542,4.95938158,33.4081612,0.00000000,0.00000000,-13.7100677,0.119920306,0.413999468,289.662933
2022,3,5,-9.04258347,81.7331924,7.60665655,33.9275970,0.00000000,0.00000000,-10.2431297,0.119891770,0.407153159,294.463562
2022,3,6,-16.4570160,83.6995087,4.94353771,34.3322296,0.00000000,0.197186624E-2,-17.9342613,0.121809155,0.434424192,280.392212
2022,3,7,-18.1034660,79.6938705,2.64100075,39.2594452,0.00000000,0.00000000,-21.9391880,0.122012608,0.431940615,282.475433
2022,3,8,-12.3490524,62.1872711,3.21454716,46.5408554,0.00000000,0.00000000,-22.6962547,0.121981785,0.425690055,286.550690
2022,3,9,-16.0645161,79.1295624,2.73984051,37.9243011,0.00000000,0.200331630E-2,-20.5372505,0.123958759,0.457329094,271.049347
2022,3,10,-24.4589996,76.8410492,1.87150049,40.8151245,0.00000000,0.00000000,-28.7280693,0.124091931,0.453566790,273.591309
2022,3,11,-22.4590816,75.6212997,1.46698618,43.4307785,0.00000000,0.00000000,-27.6900578,0.124216825,0.449975431,276.052460
2022,3,12,-24.3949471,77.1695404,1.30250895,44.2674599,0.00000000,0.00000000,-28.7886486,0.124336734,0.446668297,278.364807
2022,3,13,-22.2326908,56.7254410,2.86805630,62.4187317,0.00000000,0.00000000,-32.0682602,0.124328896,0.441771537,281.432556
2022,3,14,-21.3957958,70.1129761,2.85264134,46.6550407,0.00000000,0.00000000,-27.6212330,0.124599256,0.442226499,281.754395
2022,3,15,-28.3823891,71.1330872,1.42400837,51.1609344,0.00000000,0.755037647E-3,-33.2364120,0.125349507,0.452446729,277.048096
2022,3,16,-24.7857590,67.2797165,0.943671703,62.3145485,0.00000000,0.00000000,-32.5038986,0.125349447,0.447533876,280.089294
2022,3,17,-22.4442883,71.2866364,1.87329495,56.2017326,0.00000000,0.00000000,-27.9239292,0.125335172,0.441985428,283.573090
2022,3,18,-22.2831287,78.1406326,0.689949274,53.3867722,0.00000000,0.00000000,-26.2111797,0.125522003,0.440538377,284.928650
2022,3,19,-26.5616417,74.0077209,0.926360607,55.1929588,0.00000000,0.00000000,-30.6377544,0.125662193,0.439078331,286.195374
2022,3,20,-25.7704544,74.4286346,0.823247790,58.9117165,0.00000000,0.00000000,-29.9204655,0.125777379,0.437078178,287.768616
2022,3,21,-22.4737930,52.0149879,2.01757741,79.1574631,0.00000000,0.00000000,-34.5763206,0.125776574,0.433417350,290.197388
2022,3,22,-22.3304081,70.3204727,1.26501071,71.0454407,0.00000000,0.00000000,-27.2325134,0.125767246,0.428991348,293.169647
2022,3,23,-23.0917244,75.5810776,3.35132456,63.4219627,0.00000000,0.00000000,-25.5917683,0.125700980,0.424356639,296.215424
2022,3,24,-18.9243011,71.9597168,7.61913729,65.8293991,0.00000000,0.00000000,-19.9436722,0.125471339,0.418545187,299.779663
2022,3,25,-13.7360191,77.6055756,3.56420064,66.1298676,0.00000000,0.00000000,-15.4822044,0.125327945,0.412554681,303.785065
2022,3,26,-13.7643242,82.2730865,3.62593007,67.9630966,0.00000000,0.00000000,-14.7580185,0.125263155,0.407664001,307.270599
2022,3,27,-11.1868935,81.8252487,2.57728648,69.7975006,0.00000000,0.00000000,-12.6303082,0.125290141,0.404431671,309.793091
2022,3,28,-10.5516663,85.5093765,1.51068568,71.6323929,0.00000000,0.00000000,-12.5951157,0.125291348,0.400805593,312.598785
2022,3,29,-14.0778465,77.5477753,2.18997002,73.4670868,0.00000000,0.00000000,-16.2363224,0.125219434,0.396639168,315.701111
2022,3,30,-17.0149612,65.4873734,2.36640453,95.9535522,0.00000000,0.00000000,-22.5692806,0.125164315,0.393531471,318.054169
2022,3,31,-20.4061470,67.4020309,2.64315963,87.8705826,0.00000000,0.00000000,-25.0659275,0.125087425,0.390773386,320.102203
2022,4,1,-21.6455402,64.7530975,4.47181702,87.8363876,0.00000000,0.00000000,-23.6009369,0.124988772,0.387972444,322.158875
2022,4,2,-21.5023232,69.7383423,2.31079054,83.4245987,0.00000000,0.00000000,-24.1766758,0.124926291,0.385465831,324.091736
2022,4,3,-24.1324673,76.0255051,2.63283443,82.6133957,0.00000000,0.00000000,-26.7561169,0.125024989,0.386372954,323.586273
2022,4,4,-27.8307610,73.1671600,2.50888491,84.4323883,0.00000000,0.00000000,-29.8160973,0.125395164,0.392171741,319.745544
2022,4,5,-25.3716011,72.3513489,2.39148712,90.4644928,0.00000000,0.00000000,-28.3158321,0.125468925,0.392466843,319.693054
2022,4,6,-14.3815536,76.5855865,4.31013727,89.1329803,0.00000000,0.00000000,-16.1718311,0.125706539,0.396484464,317.052856
2022,4,7,-8.52707672,79.9986420,4.75049257,90.6631775,0.00000000,0.00000000,-9.09997559,0.125541270,0.392517209,319.836334
2022,4,8,-12.6700268,83.4092712,2.83963609,92.7593994,0.00000000,0.795863103E-3,-13.4136696,0.126244575,0.404163450,312.360199
2022,4,9,-21.8270130,72.2620010,2.37721491,99.4154892,0.00000000,0.108588021E-2,-24.6430931,0.127240047,0.421822935,301.643280
2022,4,10,-14.0726929,79.2123184,4.28013706,97.0942459,0.00000000,0.239081029E-2,-14.9156742,0.129466370,0.456716269,283.472198
2022,4,11,-8.34027481,86.2236786,3.26156974,99.2474060,0.00000000,0.235443539E-2,-8.63584137,0.131645918,0.474426001,277.484619
2022,4,12,-7.56951141,79.4032440,3.44555831,101.389992,0.00000000,0.00000000,-8.14864731,0.131385162,0.460163087,285.518677
2022,4,13,-9.22543716,84.5930710,2.06927085,103.521141,0.00000000,0.587969611E-3,-10.5628357,0.131809950,0.458488286,287.488159
2022,4,14,-11.2398109,77.9038010,2.23669076,111.787415,0.00000000,0.00000000,-13.3911591,0.131631300,0.449567199,292.795624
2022,4,15,-15.3207283,75.0118027,5.74786663,107.745995,0.00000000,0.00000000,-16.4191914,0.131341845,0.441734999,297.331757
2022,4,16,-15.5193558,65.8514328,7.64197159,111.268707,0.00000000,0.00000000,-16.3497868,0.130900696,0.434131593,301.523071
2022,4,17,-12.2875881,61.1557770,4.96613693,134.958740,0.00000000,0.00000000,-13.9905338,0.130592123,0.426982641,305.848785
2022,4,18,-8.30393219,51.4608879,2.82276654,152.828094,0.00000000,0.00000000,-12.5335808,0.130481601,0.420638889,310.198608
2022,4,19,-5.68627167,52.9075241,1.82372570,153.522202,0.00000000,0.00000000,-11.6009274,0.130345523,0.414567024,314.413635
2022,4,20,-6.28068924,81.3243790,2.03716803,118.052696,0.00000000,0.00000000,-7.02795029,0.130111441,0.406369895,320.179810
2022,4,21,-7.02489853,76.8558350,2.52263594,120.124924,0.00000000,0.00000000,-8.11663437,0.129802123,0.400525808,324.079285
2022,4,22,-6.69932938,79.1675949,3.73554420,122.469475,0.00000000,0.00000000,-7.13973999,0.129453644,0.394248456,328.355499
2022,4,23,-5.69855881,80.2116241,2.28905535,124.792763,0.00000000,0.00000000,-6.17636108,0.129247203,0.379136980,340.898438
2022,4,24,-1.94499969,72.7876587,1.31626773,127.093941,0.00000000,0.00000000,-3.23533630,0.129143596,0.351311594,367.604156
2022,4,25,-2.84931946,87.0415115,1.62116218,129.372131,0.00000000,0.00000000,-2.84244156,0.129191428,0.346125841,373.249847
2022,4,26,-5.59764099,87.3000412,1.34860897,131.626495,0.00000000,0.00000000,-5.84998322,0.129096538,0.345732421,373.400177
2022,4,27,-6.05110168,88.8294678,2.29105330,133.856201,0.00000000,0.502515933E-3,-6.19177246,0.129350290,0.348780990,370.863953
2022,4,28,-5.72360611,81.6512070,2.81876183,136.060425,0.00000000,0.00000000,-6.20030594,0.129156381,0.344018936,375.433960
2022,4,29,-3.66195297,84.2582016,3.15741873,138.238358,0.00000000,0.00000000,-4.03631210,0.128952220,0.328518838,392.526123
2022,4,30,-2.40250015,81.6483994,2.65586019,140.389221,0.00000000,0.00000000,-3.22800827,0.128785059,0.302882254,425.198456
2022,5,1,-1.15965652,86.0355911,2.44961214,142.512238,0.00000000,0.00000000,-1.76618958,0.128859803,0.284984857,452.163696
2022,5,2,-2.56974792,84.6894379,1.71931469,144.606659,0.00000000,0.100535154E-2,-2.73826981,0.129676998,0.283695668,457.098999
2022,5,3,-2.97572327,90.9309692,1.62256908,146.671707,0.00000000,0.267609977E-2,-2.57349777,0.132111683,0.301557332,438.098053
2022,5,4,-6.27867889,90.2135086,2.22130823,148.706726,0.00000000,0.158368947E-2,-5.99561310,0.133456245,0.317509532,420.321991
2022,5,5,-6.83601761,87.4414368,1.84077084,150.710938,0.00000000,0.799548579E-3,-6.87809753,0.134018734,0.324128747,413.473785
2022,5,6,-3.38086700,87.4865112,1.79459226,152.683701,0.00000000,0.548854354E-3,-3.74805450,0.134420261,0.314530432,427.368042
2022,5,7,-1.77310181,86.8387604,1.92994678,154.624298,0.00000000,0.00000000,-2.36379623,0.134713620,0.292116225,461.164459
2022,5,8,-2.87257385,83.0275726,3.09058428,156.532074,0.00000000,0.00000000,-3.13002777,0.134723574,0.290418535,463.894531
2022,5,9,-3.03958893,83.3287964,4.00405598,158.406433,0.00000000,0.273375073E-2,-2.92827988,0.137013465,0.309769392,442.307922
2022,5,10,-5.94617081,85.5112152,3.42467022,160.246735,0.00000000,0.363058341E-2,-5.46588135,0.140296072,0.343823522,408.046722
2022,5,11,-4.42642593,82.0391312,3.84465647,162.052322,0.00000000,0.552806072E-3,-4.44202805,0.140382767,0.346853912,404.731689
2022,5,12,-4.51273727,86.6394196,2.47260237,163.822678,0.00000000,0.150782708E-2,-4.23641586,0.141543910,0.357318699,396.127930
2022,5,13,-6.75448227,88.5202789,3.90388274,165.557159,0.00000000,0.780906249E-2,-6.19369888,0.149062172,0.442028582,337.222900
2022,5,14,-8.96271896,82.3682251,2.01355553,167.255280,0.00000000,0.784863951E-3,-9.18398094,0.149555489,0.447902054,333.902222
2022,5,15,-4.46652985,83.5614395,3.45388818,169.162201,0.00000000,0.00000000,-4.37574005,0.149343222,0.438406378,340.650177
2022,5,16,-4.95214844,87.4416122,2.80447769,171.036743,0.00000000,0.167609798E-2,-4.85500717,0.150638655,0.449965388,334.778320
2022,5,17,-7.37447357,87.3892212,3.57850504,172.868195,0.00000000,0.267312955E-2,-6.95502090,0.152981028,0.475670576,321.611298
2022,5,18,-3.26567078,86.8449860,2.14419365,174.656006,0.00000000,0.00000000,-3.70182419,0.153302684,0.443009317,346.048462
2022,5,19,0.628929138E-1,81.3274994,2.24363708,176.399567,0.00000000,0.00000000,-1.39591980,0.153319865,0.396198809,386.977112
2022,5,20,2.09672165,90.4916992,2.82326198,178.098297,0.598622893E-3,0.00000000,0.00000000,0.153942242,0.337810904,455.705383
2022,5,21,0.610790253,89.7697372,2.04431462,179.751678,0.00000000,0.602915301E-3,-0.393890381,0.154830694,0.306214958,505.627441
2022,5,22,-0.644214630,86.8435822,3.06948996,181.359116,0.00000000,0.00000000,-1.05278015,0.155101657,0.289162487,536.382324
2022,5,23,-0.603832245,84.3593674,3.47635484,182.920197,0.00000000,0.00000000,-1.79073715,0.143909588,0.261653811,550.000000
2022,5,24,1.67847824,86.1352310,4.10366106,184.434296,0.00000000,0.00000000,-0.355583191,0.120222740,0.218586802,550.000000
2022,5,25,2.81131363,88.4427338,3.07316041,186.096161,0.00000000,0.00000000,-0.133308411,0.949142352E-1,0.172571346,550.000000
2022,5,26,3.93861389,93.0088348,2.48273087,187.707672,0.465860590E-2,0.00000000,0.00000000,0.665435940E-1,0.120988347,550.000000
2022,5,27,1.84424973,91.7131958,3.53241324,189.264801,0.444240728E-2,0.102030113E-2,-0.240745544E-1,0.461379774E-1,0.838872343E-1,550.000000
2022,5,28,3.62294769,92.1430130,2.13200545,190.767059,0.490462780E-2,0.00000000,0.00000000,0.192390475E-1,0.349800885E-1,550.000000
2022,5,29,2.04957962,90.8563004,1.90875423,192.213882,0.109209854E-2,0.970641209E-3,0.00000000,0.00000000,0.00000000,-9999.00000
2022,5,30,0.859188080,89.6168213,1.92504811,193.604874,0.872343837E-3,0.680843834E-3,-0.297298431,0.00000000,0.00000000,-9999.00000
2022,5,31,2.75724030,85.1113434,1.47792792,194.939560,0.00000000,0.00000000,2.53118896,0.00000000,0.00000000,-9999.00000
2022,6,1,6.39836884,87.5902405,3.01575041,196.217545,0.477129268E-2,0.00000000,7.91769409,0.00000000,0.00000000,-9999.00000
2022,6,2,4.75795364,93.6574249,2.49419928,197.438354,0.527234282E-2,0.00000000,6.87733078,0.00000000,0.00000000,-9999.00000
2022,6,3,3.79130936,82.7826233,1.88014150,205.882950,0.998430769E-3,0.00000000,4.29136658,0.00000000,0.00000000,-9999.00000
2022,6,4,7.38410950,75.7417297,1.99671888,203.576874,0.00000000,0.00000000,8.61223221,0.00000000,0.00000000,-9999.00000
2022,6,5,6.98539734,77.6577606,2.35093045,200.754211,0.00000000,0.00000000,8.14269257,0.00000000,0.00000000,-9999.00000
2022,6,6,4.98540497,80.1302261,2.72045588,201.742813,0.00000000,0.00000000,5.79313660,0.00000000,0.00000000,-9999.00000
2022,6,7,2.92600632,87.3472595,3.90799260,202.672562,0.958577613E-3,0.00000000,2.67499161,0.00000000,0.00000000,-9999.00000
2022,6,8,-0.150482178,86.9654541,3.83885980,203.543106,0.539954402E-3,0.924057735E-3,-0.684890747E-1,0.00000000,0.00000000,-9999.00000
2022,6,9,0.533184052,82.6579514,3.31297231,204.354279,0.00000000,0.00000000,0.833816528,0.00000000,0.00000000,-9999.00000
2022,6,10,0.390853882E-1,87.7777023,3.83885527,205.105743,0.735265552E-3,0.702341134E-2,0.854312897,0.657711551E-2,0.416072682E-1,158.076126
2022,6,11,-1.06571960,88.0742493,3.07769322,205.797333,0.623687694E-3,0.656836946E-2,-1.50513077,0.135368314E-1,0.269737821E-1,501.851410
2022,6,12,3.50027466,86.4824600,1.69546223,206.428802,0.173481647E-2,0.00000000,1.38541412,0.00000000,0.00000000,-9999.00000
2022,6,13,6.78135681,84.7303467,1.88690627,206.999969,0.873973884E-3,0.00000000,8.50630569,0.00000000,0.00000000,-9999.00000
2022,6,14,10.2710419,76.6837006,1.84983885,209.241608,0.00000000,0.00000000,11.4259300,0.00000000,0.00000000,-9999.00000
2022,6,15,10.4640388,87.0338516,1.34988070,207.960754,0.512459269E-2,0.00000000,12.3070297,0.00000000,0.00000000,-9999.00000
2022,6,16,9.77074051,83.8753891,1.62343490,208.350067,0.158686831E-2,0.00000000,11.3782921,0.00000000,0.00000000,-9999.00000
2022,6,17,9.65253448,81.1451187,2.17528510,208.678497,0.966272899E-3,0.00000000,10.8160667,0.00000000,0.00000000,-9999.00000
2022,6,18,8.72002411,88.8557892,2.02357817,208.945969,0.674136262E-2,0.00000000,10.5730896,0.00000000,0.00000000,-9999.00000
2022,6,19,8.10183716,84.7270889,2.12767625,209.152405,0.128345669E-2,0.00000000,9.71327209,0.00000000,0.00000000,-9999.00000
2022,6,20,10.7936058,72.4611511,1.82666457,217.237122,0.00000000,0.00000000,11.6720352,0.00000000,0.00000000,-9999.00000
2022,6,21,12.9565811,72.7386169,2.18070984,212.444824,0.180911052E-2,0.00000000,13.5373421,0.00000000,0.00000000,-9999.00000
2022,6,22,9.89139938,85.5071564,2.81365824,209.404739,0.319595658E-2,0.00000000,11.0589447,0.00000000,0.00000000,-9999.00000
2022,6,23,8.63245773,85.6752548,2.60845900,209.366501,0.572349038E-2,0.00000000,9.99785233,0.00000000,0.00000000,-9999.00000
2022,6,24,8.02871323,85.7551422,1.88088238,209.267044,0.627308199E-2,0.00000000,9.75053787,0.00000000,0.00000000,-9999.00000
2022,6,25,10.1400909,81.8475266,2.56659150,214.920288,0.143736717E-2,0.00000000,11.0924110,0.00000000,0.00000000,-9999.00000
2022,6,26,13.2770653,81.7700729,3.90597081,208.985809,0.00000000,0.00000000,13.5113602,0.00000000,0.00000000,-9999.00000
2022,6,27,13.4948044,81.9472885,3.96311474,208.601959,0.938546029E-3,0.00000000,13.6428261,0.00000000,0.00000000,-9999.00000
2022,6,28,11.8121719,82.6821060,2.41123152,208.258240,0.419958867E-2,0.00000000,12.8704338,0.00000000,0.00000000,-9999.00000
2022,6,29,9.82427979,83.6001129,2.29900360,207.853638,0.252606301E-2,0.00000000,11.0700264,0.00000000,0.00000000,-9999.00000
2022,6,30,12.6935883,83.1598969,1.37963033,207.388290,0.517353124E-3,0.00000000,13.9910545,0.00000000,0.00000000,-9999.00000
2022,7,1,15.2384529,79.3673782,1.90917575,208.595734,0.00000000,0.00000000,15.9683838,0.00000000,0.00000000,-9999.00000
2022,7,2,17.2483444,72.8111191,1.49811625,208.073853,0.591032964E-3,0.00000000,17.7631149,0.00000000,0.00000000,-9999.00000
2022,7,3,17.1320267,75.1704407,1.15247381,205.629211,0.277912710E-2,0.00000000,17.8579254,0.00000000,0.00000000,-9999.00000
2022,7,4,15.1401901,87.2471924,1.31615901,204.922409,0.607350655E-2,0.00000000,16.4792824,0.00000000,0.00000000,-9999.00000
2022,7,5,15.7270622,84.3147278,1.81983507,204.155746,0.335584697E-2,0.00000000,16.6446800,0.00000000,0.00000000,-9999.00000
2022,7,6,15.1902122,80.3552551,1.76097608,203.329422,0.137140485E-2,0.00000000,16.0408859,0.00000000,0.00000000,-9999.00000
2022,7,7,15.6612473,81.1418610,1.80513096,202.443726,0.839475601E-3,0.00000000,16.5010872,0.00000000,0.00000000,-9999.00000
2022,7,8,15.5630379,80.5649490,1.18047464,201.498840,0.234758854E-2,0.00000000,16.6291161,0.00000000,0.00000000,-9999.00000
2022,7,9,16.1660919,76.2159653,1.35294831,200.495148,0.148488139E-2,0.00000000,16.8588943,0.00000000,0.00000000,-9999.00000
2022,7,10,16.1371498,84.4372330,1.63729978,199.432922,0.306240609E-2,0.00000000,17.0792809,0.00000000,0.00000000,-9999.00000
2022,7,11,14.4701195,87.7712173,1.84580851,198.312500,0.266728131E-2,0.00000000,15.6703949,0.00000000,0.00000000,-9999.00000
2022,7,12,9.73176193,90.9425430,2.67014599,197.134232,0.645444728E-2,0.00000000,11.3408966,0.00000000,0.00000000,-9999.00000
2022,7,13,3.00419235,89.6453476,3.81132746,195.898468,0.672764750E-2,0.185222377E-2,2.76723862,0.00000000,0.00000000,-9999.00000
2022,7,14,1.54823685,90.6760254,4.53516722,194.605576,0.377398846E-2,0.421129400E-2,0.975845337,0.00000000,0.00000000,-9999.00000
2022,7,15,5.91574860,85.4010010,1.58768880,193.256027,0.281366799E-2,0.00000000,7.81931686,0.00000000,0.00000000,-9999.00000
2022,7,16,6.81641006,88.8111343,1.97471678,191.850235,0.261592399E-2,0.00000000,8.71022415,0.00000000,0.00000000,-9999.00000
2022,7,17,9.06794739,82.2652130,1.68879998,190.388657,0.207314920E-2,0.00000000,10.5081635,0.00000000,0.00000000,-9999.00000
2022,7,18,9.28803253,86.0381470,2.72405553,188.871704,0.575521775E-2,0.00000000,10.3588104,0.00000000,0.00000000,-9999.00000
2022,7,19,6.10576630,82.0469055,2.57532597,187.299942,0.391637348E-2,0.00000000,7.29634476,0.00000000,0.00000000,-9999.00000
2022,7,20,6.59500504,76.1478729,3.86550426,185.673859,0.00000000,0.00000000,6.43481445,0.00000000,0.00000000,-9999.00000
2022,7,21,9.09280777,80.1554108,3.40662336,183.997513,0.719311414E-3,0.00000000,9.55834579,0.00000000,0.00000000,-9999.00000
2022,7,22,8.75635529,84.4221954,1.70317340,182.468964,0.307353446E-2,0.00000000,10.2110672,0.00000000,0.00000000,-9999.00000
2022,7,23,7.42827988,91.5906677,2.17254758,180.893555,0.842965953E-2,0.00000000,9.10336304,0.00000000,0.00000000,-9999.00000
2022,7,24,7.29460526,85.5358200,1.74814177,179.271881,0.191764429E-2,0.00000000,8.83304596,0.00000000,0.00000000,-9999.00000
2022,7,25,10.5609245,77.1647415,3.26229358,177.604340,0.00000000,0.00000000,10.6826744,0.00000000,0.00000000,-9999.00000
2022,7,26,9.05921936,81.5386353,6.67676640,175.891541,0.192440837E-2,0.00000000,8.75784683,0.00000000,0.00000000,-9999.00000
2022,7,27,3.65118027,84.0670395,6.89732981,174.134003,0.499111693E-2,0.00000000,2.45401382,0.00000000,0.00000000,-9999.00000
2022,7,28,1.81279755,90.4263763,5.12996340,172.332336,0.683133584E-2,0.322835380E-2,0.948143005,0.00000000,0.00000000,-9999.00000
2022,7,29,1.45502090,89.9748993,2.96638298,170.487122,0.127196813E-2,0.155031751E-2,0.882488251,0.00000000,0.00000000,-9999.00000
2022,7,30,6.18450546,84.4862671,1.56324673,168.598938,0.639166799E-3,0.00000000,7.10380554,0.00000000,0.00000000,-9999.00000
2022,7,31,8.90409088,87.0330505,1.10964537,166.678513,0.227591395E-2,0.00000000,10.4962730,0.00000000,0.00000000,-9999.00000
2022,8,1,7.58351898,90.5821686,1.33319080,164.967026,0.112611940E-1,0.00000000,9.44379044,0.00000000,0.00000000,-9999.00000
2022,8,2,7.59934235,89.5423660,1.67358112,163.219284,0.402463041E-2,0.00000000,9.16656494,0.00000000,0.00000000,-9999.00000
2022,8,3,10.1297836,82.0429840,2.32499933,161.435837,0.00000000,0.00000000,10.7837791,0.00000000,0.00000000,-9999.00000
2022,8,4,12.4412804,78.7451553,2.28431320,159.617294,0.00000000,0.00000000,12.6510735,0.00000000,0.00000000,-9999.00000
2022,8,5,10.0286293,82.0498352,3.49457550,157.764191,0.561225740E-2,0.00000000,10.2829361,0.00000000,0.00000000,-9999.00000
2022,8,6,7.37149429,87.6802521,2.00856781,155.877213,0.115401847E-1,0.00000000,8.73564911,0.00000000,0.00000000,-9999.00000
2022,8,7,3.17207718,84.8001556,2.22916794,153.956970,0.458089774E-2,0.155219669E-2,2.69792175,0.00000000,0.00000000,-9999.00000
2022,8,8,5.84640884,80.9814377,4.15005207,152.004059,0.188237126E-2,0.00000000,6.08951187,0.00000000,0.00000000,-9999.00000
2022,8,9,3.92054367,88.6316071,3.74135256,150.019196,0.661797728E-2,0.00000000,3.71641541,0.00000000,0.00000000,-9999.00000
2022,8,10,3.91478729,85.9296265,4.18597031,148.003067,0.149765355E-2,0.00000000,3.37944412,0.00000000,0.00000000,-9999.00000
2022,8,11,6.77995682,85.7944107,4.21864033,145.956329,0.102565438E-2,0.00000000,7.22888947,0.00000000,0.00000000,-9999.00000
2022,8,12,8.92428970,82.4386673,3.90614820,143.879730,0.00000000,0.00000000,8.93158340,0.00000000,0.00000000,-9999.00000
2022,8,13,9.66485214,85.8527679,1.54636991,141.774017,0.337023009E-2,0.00000000,10.6941986,0.00000000,0.00000000,-9999.00000
2022,8,14,6.82364655,91.4448929,2.25114822,139.639893,0.128185935E-1,0.00000000,8.18603897,0.00000000,0.00000000,-9999.00000
2022,8,15,7.23700714,88.8757324,2.09784555,137.478149,0.340340170E-2,0.00000000,8.26162720,0.00000000,0.00000000,-9999.00000
2022,8,16,5.15406418,85.3930969,1.28064919,135.289581,0.212138472E-2,0.00000000,5.67253113,0.00000000,0.00000000,-9999.00000
2022,8,17,8.13434982,90.0779266,2.44980383,133.074936,0.331043638E-2,0.00000000,9.11596680,0.00000000,0.00000000,-9999.00000
2022,8,18,5.74822235,90.8339539,2.28422761,130.835083,0.825827010E-2,0.00000000,6.94400024,0.00000000,0.00000000,-9999.00000
2022,8,19,4.20131302,91.8201294,1.86211491,128.570801,0.520389713E-2,0.00000000,4.08796310,0.00000000,0.00000000,-9999.00000
2022,8,20,3.49988174,89.8516922,1.77876842,126.282951,0.128790899E-2,0.00000000,2.62297821,0.00000000,0.00000000,-9999.00000
2022,8,21,3.53632355,91.7072296,2.51354456,123.972389,0.225166394E-2,0.00000000,2.63555527,0.00000000,0.00000000,-9999.00000
2022,8,22,5.47867966,90.8556900,3.16402626,121.639977,0.304726604E-2,0.00000000,6.23773193,0.00000000,0.00000000,-9999.00000
2022,8,23,8.16400528,88.7637939,4.78167391,119.286575,0.428055786E-2,0.00000000,8.46676636,0.00000000,0.00000000,-9999.00000
2022,8,24,9.24070358,88.0746841,4.14518070,117.205788,0.170523929E-2,0.00000000,9.42560196,0.00000000,0.00000000,-9999.00000
2022,8,25,8.47555161,88.4314041,2.76122952,115.168480,0.335076870E-2,0.00000000,9.02923203,0.00000000,0.00000000,-9999.00000
2022,8,26,8.44473267,88.9022675,4.58554029,113.114548,0.445772195E-2,0.00000000,8.74610519,0.00000000,0.00000000,-9999.00000
2022,8,27,7.10226822,90.1855011,2.26038933,111.044746,0.289420993E-2,0.00000000,7.99681091,0.00000000,0.00000000,-9999.00000
2022,8,28,4.98416519,92.6575165,2.72443748,108.959869,0.191819051E-2,0.00000000,6.00614548,0.00000000,0.00000000,-9999.00000
2022,8,29,5.09255600,91.6232071,1.66291440,106.860703,0.193118374E-2,0.00000000,6.39275360,0.00000000,0.00000000,-9999.00000
2022,8,30,5.83264923,89.9652481,1.59095097,104.748039,0.169527903E-2,0.00000000,6.89369583,0.00000000,0.00000000,-9999.00000
2022,8,31,7.30437469,88.4361038,2.90234137,102.622665,0.271969568E-2,0.00000000,7.82925034,0.00000000,0.00000000,-9999.00000
2022,9,1,7.43736649,88.6844940,2.21856165,100.485405,0.210764259E-2,0.00000000,8.20644379,0.00000000,0.00000000,-9999.00000
2022,9,2,6.90496445,94.2452393,1.55338109,98.3370514,0.120429937E-1,0.00000000,8.12114334,0.00000000,0.00000000,-9999.00000
2022,9,3,5.51408768,92.1408463,1.74684882,96.1784515,0.158806867E-2,0.00000000,6.60618591,0.00000000,0.00000000,-9999.00000
2022,9,4,4.57230377,93.6226196,3.02200675,94.0104065,0.380699569E-2,0.00000000,5.35646820,0.00000000,0.00000000,-9999.00000
2022,9,5,1.06659317,89.0124207,1.81811595,91.8337326,0.115225546E-2,0.113372831E-2,0.659744263,0.00000000,0.00000000,-9999.00000
2022,9,6,3.48664856,83.6162796,2.06032276,89.6493073,0.00000000,0.00000000,3.95767975,0.00000000,0.00000000,-9999.00000
2022,9,7,4.77818298,84.7742538,1.20817733,88.4806824,0.00000000,0.00000000,3.62500000,0.00000000,0.00000000,-9999.00000
2022,9,8,4.95258331,80.0644989,1.72605395,86.1175385,0.00000000,0.00000000,5.19177246,0.00000000,0.00000000,-9999.00000
2022,9,9,4.67401886,88.1299896,2.26798797,83.4911346,0.372713106E-2,0.00000000,4.43572235,0.00000000,0.00000000,-9999.00000
2022,9,10,1.54027939,93.9024506,2.52622056,81.6691132,0.649548555E-2,0.263198279E-2,0.887928009,0.00000000,0.00000000,-9999.00000
2022,9,11,1.31996536,90.5883179,2.54572153,79.8431244,0.216502184E-2,0.195975835E-2,0.557903290,0.00000000,0.00000000,-9999.00000
2022,9,12,3.15307617,89.4837494,2.97603941,78.0138245,0.241188472E-2,0.537333661E-3,1.84563446,0.00000000,0.00000000,-9999.00000
2022,9,13,4.77556229,91.0138092,1.86341214,76.1819153,0.303209154E-2,0.00000000,5.56238174,0.00000000,0.00000000,-9999.00000
2022,9,14,4.67797852,91.0457077,1.10415506,74.3480988,0.825645053E-3,0.00000000,4.07759094,0.00000000,0.00000000,-9999.00000
2022,9,15,3.58171844,92.3856354,1.86300755,72.5130844,0.768935774E-3,0.00000000,2.75695801,0.00000000,0.00000000,-9999.00000
2022,9,16,4.13549805,90.2212601,1.86976290,70.6775131,0.00000000,0.00000000,3.22264481,0.00000000,0.00000000,-9999.00000
2022,9,17,4.37976456,89.4030304,5.39822149,68.8421097,0.923565356E-3,0.00000000,4.38397598,0.00000000,0.00000000,-9999.00000
2022,9,18,2.76282883,88.5751724,5.42501307,67.0075684,0.629601767E-3,0.00000000,1.63523865,0.00000000,0.00000000,-9999.00000
2022,9,19,1.28813553,86.0434265,4.40082455,65.1745453,0.00000000,0.00000000,1.14699554,0.00000000,0.00000000,-9999.00000
2022,9,20,1.14036560,86.9536743,1.97297275,63.3437309,0.112156186E-2,0.360614085E-2,0.258113861,0.00000000,0.00000000,-9999.00000
2022,9,21,-0.264205933,87.1709747,1.60952055,61.5158195,0.00000000,0.00000000,-1.47315598,0.00000000,0.00000000,-9999.00000
2022,9,22,-1.15341187,89.9055328,1.19427395,59.6914597,0.00000000,0.00000000,-1.74464035,0.00000000,0.00000000,-9999.00000
2022,9,23,-2.47851562,90.9388885,1.92725325,57.8713188,0.00000000,0.284938980E-2,-2.90410614,0.00000000,0.00000000,-9999.00000
2022,9,24,-2.13132858,90.1743851,1.60569954,56.0560760,0.00000000,0.153722311E-2,-3.25712967,0.437244633E-2,0.157332588E-1,277.911041
2022,9,25,-1.76274109,87.1989136,0.696548939,54.2463684,0.00000000,0.00000000,-2.89440536,0.461889943E-2,0.910632964E-2,507.218567
2022,9,26,-3.62187576,90.4699936,1.49958205,52.4428482,0.00000000,0.00000000,-4.52894592,0.479289796E-2,0.112001784E-1,427.930511
2022,9,27,-3.69192123,89.5149307,1.70140898,50.6461411,0.00000000,0.117488508E-2,-4.59041977,0.587354740E-2,0.217313431E-1,270.279999
2022,9,28,-4.72352219,88.9297943,2.78920245,48.9642487,0.00000000,0.00000000,-5.79553604,0.587903289E-2,0.179795697E-1,326.984070
2022,9,29,-2.16651535,88.6353607,3.67962885,47.1839256,0.00000000,0.117786718E-2,-2.76945877,0.725808879E-2,0.199177824E-1,364.402435
2022,9,30,-2.58988190,92.5413361,2.10060716,45.4122734,0.00000000,0.323081296E-2,-2.99335480,0.105906865E-1,0.452676378E-1,233.957138
2022,10,1,-5.85309219,90.7669373,2.58285952,43.6499023,0.00000000,0.479297945E-2,-7.10726547,0.153147075E-1,0.952206478E-1,160.833893
2022,10,2,-7.81894684,88.9897919,2.40187383,41.8974152,0.00000000,0.143583561E-2,-9.16466141,0.167032462E-1,0.107961982,154.714157
2022,10,3,-9.33099365,86.0304413,3.52097559,40.1554031,0.00000000,0.00000000,-10.9359169,0.166722257E-1,0.103844032,160.550644
2022,10,4,-5.90900040,88.6638412,4.20784426,38.4244080,0.00000000,0.00000000,-6.81208420,0.166124143E-1,0.919961259E-1,180.577316
2022,10,5,-2.15954590,90.3514938,2.92113233,36.7395554,0.00000000,0.237419340E-2,-2.64159012,0.188985057E-1,0.104765475,180.388687
2022,10,6,-0.802024841,89.1301117,7.76648951,35.5884399,0.00000000,0.00000000,-1.88012314,0.190901235E-1,0.650495365E-1,293.470551
2022,10,7,-0.709144592,87.6598129,7.20020866,34.2740479,0.00000000,0.00000000,-1.36725616,0.192247294E-1,0.623153895E-1,308.506927
2022,10,8,-5.17108154,84.0316238,5.87134266,32.9694328,0.00000000,0.00000000,-5.97509003,0.191723760E-1,0.628179908E-1,305.205200
2022,10,9,-5.23668671,91.0099182,2.49403334,31.6749954,0.00000000,0.112735806E-1,-6.59388351,0.304030031E-1,0.175414160,173.321259
2022,10,10,-9.21374130,91.0221024,2.45412493,30.3911228,0.00000000,0.422226358E-2,-11.2117310,0.346050821E-1,0.214528248,161.307816
2022,10,11,-12.7619858,85.0699768,3.01666093,29.1182213,0.00000000,0.524807256E-3,-15.2613411,0.350891724E-1,0.210215136,166.920288
2022,10,12,-13.5948982,82.3795700,4.67525434,27.8566818,0.00000000,0.00000000,-14.9969902,0.352383889E-1,0.201758683,174.656113
2022,10,13,-13.4529953,84.6316376,3.16027665,26.6068802,0.00000000,0.939114951E-3,-15.6149006,0.361527875E-1,0.207722127,174.043976
2022,10,14,-11.7390289,86.6882324,3.47903204,25.7509155,0.00000000,0.270229811E-2,-13.2387810,0.388362482E-1,0.237056315,163.827087
2022,10,15,-17.8619881,70.5459595,3.39240789,29.7486267,0.00000000,0.00000000,-22.7406921,0.388267525E-1,0.225276604,172.351456
2022,10,16,-11.1355705,76.2742615,4.16151524,23.3130112,0.00000000,0.105134689E-2,-13.8848934,0.398205705E-1,0.225598946,176.510452
2022,10,17,-9.44665146,90.2383270,2.29876018,22.1135674,0.00000000,0.142177346E-2,-11.8923378,0.412241146E-1,0.227729544,181.022247
2022,10,18,-7.13928604,90.3846054,2.69319296,21.3586330,0.00000000,0.00000000,-8.70090485,0.415152684E-1,0.217185616,191.151108
2022,10,19,-7.97087860,91.7082672,1.63007140,20.1861248,0.00000000,0.00000000,-10.3834953,0.418229699E-1,0.210634440,198.557144
2022,10,20,-7.52376556,87.3619766,1.94109285,19.0276794,0.00000000,0.182986807E-2,-10.1733322,0.436200611E-1,0.222398773,196.134445
2022,10,21,-8.62323380,87.3721237,2.79400444,17.8468361,0.00000000,0.903732784E-3,-10.3766708,0.445121787E-1,0.223023921,199.584778
2022,10,22,-11.8926506,88.3431778,2.82077026,17.0651474,0.00000000,0.00000000,-14.1138954,0.445823669E-1,0.215805262,206.586090
2022,10,23,-11.6372986,87.1976242,2.22970128,16.2935696,0.00000000,0.00000000,-14.8426075,0.448410474E-1,0.213061780,210.460312
2022,10,24,-16.3724327,83.6669846,3.26224256,15.5322905,0.00000000,0.00000000,-18.9027824,0.448852330E-1,0.208481759,215.295746
2022,10,25,-14.5776749,87.2095337,2.23909497,14.7815037,0.00000000,0.00000000,-18.1528206,0.451231599E-1,0.207961649,216.978287
2022,10,26,-18.6755219,80.3343277,2.20642662,14.6469908,0.00000000,0.00000000,-24.3120251,0.453628078E-1,0.208721161,217.336884
2022,10,27,-21.4314137,79.9879608,2.39337325,13.9958954,0.00000000,0.00000000,-27.7203445,0.455010384E-1,0.207998082,218.757004
2022,10,28,-21.8534489,79.7924347,2.86832809,14.0970716,0.00000000,0.00000000,-27.8426533,0.455007963E-1,0.204736248,222.241043
2022,10,29,-19.4878044,76.8574219,3.03939629,14.0106421,0.00000000,0.00000000,-27.6044617,0.457195006E-1,0.205913484,222.032578
2022,10,30,-19.9953842,78.1611862,3.12620831,12.9365606,0.00000000,0.00000000,-27.4586964,0.457360856E-1,0.203165352,225.117538
2022,10,31,-20.7738876,79.2929001,3.58324909,12.1739025,0.00000000,0.00000000,-26.5765495,0.457687303E-1,0.200831920,227.895691
2022,11,1,-20.3742294,83.2165527,2.64847636,11.0225573,0.00000000,0.00000000,-26.9623547,0.458884239E-1,0.200467989,228.906494
2022,11,2,-21.5189877,71.4832993,2.41340590,12.1078825,0.00000000,0.00000000,-35.2997704,0.460409559E-1,0.201544762,228.440338
2022,11,3,-19.6617584,79.8444672,1.03561020,10.3279934,0.00000000,0.140331499E-2,-31.4457150,0.474442691E-1,0.226387367,209.571182
2022,11,4,-20.5652008,76.6506271,1.14217520,10.3790178,0.00000000,0.00000000,-34.3186455,0.479087234E-1,0.231805488,206.676392
2022,11,5,-22.5385342,80.2390900,1.65396929,9.16230106,0.00000000,0.538240070E-3,-34.8020821,0.484469645E-1,0.238372684,203.240417
2022,11,6,-20.8526688,66.8009720,4.57701921,9.69152260,0.00000000,0.00000000,-31.3226318,0.484213158E-1,0.233212322,207.627594
2022,11,7,-11.3797035,75.4319000,5.39749479,8.55722904,0.00000000,0.00000000,-15.9532166,0.484197326E-1,0.225801378,214.435059
2022,11,8,-10.1962433,77.8010254,9.56868744,6.91517258,0.00000000,0.144698587E-2,-12.3891525,0.497418977E-1,0.224680394,221.389572
2022,11,9,-7.74783325,85.5448685,5.80838871,6.04598427,0.00000000,0.111160579E-2,-10.4027634,0.508535057E-1,0.230360448,220.756226
2022,11,10,-11.7884140,85.1414337,3.21647000,5.49419117,0.00000000,0.264937314E-2,-19.5052128,0.535028838E-1,0.258899182,206.655289
2022,11,11,-16.3533401,80.6586609,3.68866897,5.48595953,0.00000000,0.00000000,-25.1588230,0.535544120E-1,0.253118098,211.578766
2022,11,12,-14.0514603,80.0992432,2.09310412,4.59461737,0.00000000,0.163017120E-2,-26.6318665,0.551845841E-1,0.277079612,199.165085
2022,11,13,-14.5481911,86.0110703,1.12191749,3.53573203,0.00000000,0.601885980E-2,-27.2356415,0.612034425E-1,0.378333449,161.771164
2022,11,14,-19.1257896,82.3364868,2.08379006,3.46928191,0.00000000,0.437002955E-2,-33.1053085,0.655734763E-1,0.434353799,150.967896
2022,11,15,-19.3589058,69.7707291,3.60477924,3.87905455,0.00000000,0.00000000,-31.2813358,0.656931773E-1,0.404208601,162.522949
2022,11,16,-10.0971642,62.0096054,8.88702106,3.23183107,0.00000000,0.00000000,-14.0525990,0.653900951E-1,0.359810412,181.734879
2022,11,17,-7.55001068,68.5907898,6.18616009,3.01605988,0.00000000,0.00000000,-12.2236633,0.653614327E-1,0.331240535,197.323181
2022,11,18,-3.09659576,75.0491028,4.92356110,1.94983470,0.00000000,0.128178275E-2,-8.46267319,0.666233301E-1,0.319338292,208.629318
2022,11,19,-7.39752579,93.2656174,1.86378014,1.52815008,0.00000000,0.139872369E-2,-15.7665977,0.680220574E-1,0.319244832,213.071762
2022,11,20,-10.0735664,87.1419144,2.19538426,1.36423123,0.00000000,0.00000000,-21.1171436,0.683102086E-1,0.312745214,218.421280
2022,11,21,-12.2321548,84.5671997,1.74679744,1.35698295,0.00000000,0.00000000,-26.4001904,0.687510893E-1,0.312301666,220.143204
2022,11,22,-12.5927582,89.7034225,0.724279046,0.995931625,0.00000000,0.755787303E-3,-25.3331223,0.695068762E-1,0.318261862,218.395233
2022,11,23,-17.1307087,83.9637985,0.884378195,0.857726514,0.00000000,0.108570349E-2,-32.8350906,0.705925897E-1,0.332339883,212.410828
2022,11,24,-17.8341980,85.2947083,2.36235929,0.00000000,0.00000000,0.00000000,-32.3229523,0.707619786E-1,0.328007102,215.733063
2022,11,25,-17.9613724,83.3302536,1.06302512,0.00000000,0.00000000,0.00000000,-34.1884613,0.711682290E-1,0.329369962,216.073822
2022,11,26,-20.9337139,80.6527710,1.88359106,0.00000000,0.00000000,0.233435514E-2,-37.9334488,0.735025853E-1,0.368118584,199.670944
2022,11,27,-25.5897579,78.0416260,1.30395353,0.00000000,0.00000000,0.655932468E-3,-43.6246147,0.741585046E-1,0.373228103,198.694870
2022,11,28,-30.2726460,80.8755264,2.72687149,0.00000000,0.00000000,0.00000000,-45.0382462,0.741585046E-1,0.365954667,202.643967
2022,11,29,-25.6799202,60.8729591,3.01698136,0.00000000,0.00000000,0.00000000,-43.6362305,0.741585046E-1,0.358906597,206.623413
2022,11,30,-13.7351704,77.2646255,3.94063163,0.00000000,0.00000000,0.364455325E-2,-23.2779522,0.778030530E-1,0.408382118,190.515335
2022,12,1,-13.3600883,88.4452896,3.83536577,0.00000000,0.00000000,0.516491104E-2,-21.5352497,0.829679593E-1,0.468246192,177.188751
2022,12,2,-7.42957306,86.6435165,6.03121138,0.00000000,0.00000000,0.770634133E-2,-12.0483303,0.906743035E-1,0.459472477,197.344360
2022,12,3,-5.76849365,88.4081192,7.89154625,0.00000000,0.00000000,0.424215943E-2,-9.14727783,0.949164703E-1,0.442257255,214.618240
2022,12,4,-10.5985680,84.0811844,5.29974842,0.00000000,0.00000000,0.00000000,-16.6330376,0.949979350E-1,0.420427203,225.955719
2022,12,5,-6.18851852,80.9698639,8.01401234,0.00000000,0.00000000,0.290311873E-2,-9.94519615,0.978597552E-1,0.430641472,227.241837
2022,12,6,-12.9813499,85.4394989,2.47013950,0.00000000,0.00000000,0.00000000,-27.0261021,0.983350947E-1,0.425062716,231.342560
2022,12,7,-13.2888527,85.7060013,3.19205856,0.00000000,0.00000000,0.691105903E-3,-25.6060467,0.990261957E-1,0.425762445,232.585571
2022,12,8,-14.5537262,87.5021896,2.34207153,0.00000000,0.00000000,0.173970219E-2,-29.5639839,0.100765891,0.448812991,224.516434
2022,12,9,-18.1488571,84.8473587,3.18750882,0.00000000,0.00000000,0.131288636E-2,-31.5289173,0.102078781,0.461671501,221.106964
2022,12,10,-22.4289837,77.3855286,3.86985540,0.00000000,0.00000000,0.00000000,-34.5940857,0.102267846,0.453671306,225.422775
2022,12,11,-19.2749176,75.8214645,7.39914846,0.00000000,0.00000000,0.00000000,-22.8694115,0.102267846,0.437587082,233.708557
2022,12,12,-15.0982075,76.9326248,4.57703209,0.00000000,0.00000000,0.348898768E-2,-24.5377159,0.105756395,0.492079318,214.917374
2022,12,13,-20.6764565,79.1254730,4.66077995,0.00000000,0.00000000,0.117536774E-2,-29.5750675,0.106931753,0.495064616,215.995544
2022,12,14,-21.4856262,79.9731674,2.05720592,0.00000000,0.00000000,0.113769609E-2,-39.3718452,0.108069450,0.504389703,214.257843
2022,12,15,-23.5624218,50.4351578,3.51732635,0.00000000,0.00000000,0.00000000,-40.2792511,0.108069457,0.492092282,219.612183
2022,12,16,-27.4852314,78.4387665,3.11619234,0.00000000,0.00000000,0.672421185E-3,-43.5421715,0.108741887,0.495347649,219.526413
2022,12,17,-27.1935501,71.2363663,1.45682037,0.00000000,0.00000000,0.00000000,-46.8395004,0.108741887,0.486844033,223.360840
2022,12,18,-21.4939651,45.2660255,1.16353130,0.00000000,0.00000000,0.00000000,-43.3339767,0.108769216,0.478555113,227.286713
2022,12,19,-23.3211231,77.9169464,2.50749946,0.00000000,0.00000000,0.00000000,-41.1311989,0.108882725,0.471979499,230.693771
2022,12,20,-26.6556396,79.1735153,1.46154737,0.00000000,0.00000000,0.599155435E-3,-45.6473770,0.109481886,0.476810336,229.613083
2022,12,21,-27.5224476,75.2723389,1.54685485,0.00000000,0.00000000,0.00000000,-47.0505142,0.109499484,0.470486492,232.736710
2022,12,22,-20.8162994,53.7800674,1.92890871,0.00000000,0.00000000,0.00000000,-41.7661018,0.109581053,0.464471519,235.926315
2022,12,23,-22.7462082,66.4001999,2.57623267,0.00000000,0.00000000,0.00000000,-42.1270409,0.109919526,0.464245766,236.770111
2022,12,24,-27.3870392,59.2849197,2.65209246,0.00000000,0.00000000,0.00000000,-46.9716415,0.109919526,0.458571434,239.699890
2022,12,25,-33.2892494,73.6521988,3.39297533,0.00000000,0.00000000,0.00000000,-48.2577286,0.109919526,0.453564405,242.346008
2022,12,26,-33.3733215,69.2727127,4.05839920,0.00000000,0.00000000,0.00000000,-45.2039070,0.109919526,0.448287815,245.198563
2022,12,27,-31.6827469,71.2435608,3.08710861,0.00000000,0.00000000,0.00000000,-48.6396179,0.110096045,0.447457075,246.048279
2022,12,28,-24.1652088,74.8279266,1.57521164,0.00000000,0.00000000,0.00000000,-43.7918587,0.110469438,0.449584395,245.714569
2022,12,29,-19.9900970,81.5520554,2.45601010,0.00000000,0.00000000,0.00000000,-37.6761398,0.110680096,0.447037369,247.585785
2022,12,30,-17.2347050,88.2486267,2.19492030,0.00000000,0.00000000,0.00000000,-34.1081543,0.110847078,0.443076521,250.175919
2022,12,31,-18.7137814,85.9168854,2.76895380,0.00000000,0.00000000,0.00000000,-35.1560898,0.111078255,0.441063792,251.841705
2023,1,1,-19.8717422,84.7491150,2.47012329,0.00000000,0.00000000,0.00000000,-37.0552216,0.111213632,0.437816083,254.019058
2023,1,2,-16.0901108,83.5472488,2.25645185,0.00000000,0.00000000,0.139609620E-2,-33.5455627,0.112609744,0.458257914,245.734421
2023,1,3,-14.6359901,88.3178329,2.34485674,0.00000000,0.00000000,0.00000000,-30.8710957,0.113028362,0.457318276,247.154709
2023,1,4,-13.4046936,86.5221329,1.71447957,0.00000000,0.00000000,0.00000000,-30.6769733,0.113161825,0.451087385,250.864532
2023,1,5,-13.5215340,71.7242050,2.77324653,0.00000000,0.00000000,0.00000000,-31.4900665,0.113161825,0.443412095,255.206894
2023,1,6,-18.2771912,80.2312164,3.36490011,0.00000000,0.00000000,0.00000000,-32.5486374,0.113161825,0.436769992,259.087921
2023,1,7,-19.1133251,80.3821335,2.40504670,0.00000000,0.00000000,0.00000000,-37.2911987,0.113389932,0.436211079,259.942810
2023,1,8,-19.1185856,81.2780762,1.12388515,0.00000000,0.00000000,0.00000000,-38.1222343,0.113859981,0.440651238,258.390228
2023,1,9,-22.7619858,79.8551331,0.639634490,0.00000000,0.00000000,0.00000000,-42.3035049,0.114288762,0.444710135,256.996094
2023,1,10,-26.0565624,78.7855453,2.46602011,0.00000000,0.00000000,0.00000000,-44.5366859,0.114419170,0.443152815,258.193481
2023,1,11,-21.5888577,73.5043182,5.26185131,0.00000000,0.00000000,0.558852218E-3,-28.5767536,0.114978030,0.446078122,257.753113
2023,1,12,-21.9491386,74.1577377,4.13841248,0.00000000,0.00000000,0.00000000,-33.7470131,0.115146607,0.443190038,259.813171
2023,1,13,-15.7788219,80.2124634,1.87515974,0.00000000,0.00000000,0.173937937E-2,-34.0814590,0.116885990,0.470822483,248.259140
2023,1,14,-22.5613537,81.6922379,1.12723303,0.00000000,0.00000000,0.00000000,-41.9258194,0.117361471,0.474152148,247.518600
2023,1,15,-23.8772125,78.0755844,1.49387479,0.00000000,0.00000000,0.00000000,-43.6724701,0.117561825,0.472477913,248.819717
2023,1,16,-28.9777431,75.9047928,1.50472331,0.00000000,0.00000000,0.00000000,-48.9199905,0.117892683,0.474488169,248.462860
2023,1,17,-22.4233284,81.4306793,1.56633639,0.00000000,0.00000000,0.856770261E-3,-41.5452652,0.118749447,0.484796405,244.947052
2023,1,18,-20.2210197,87.3508301,1.31368876,0.00000000,0.00000000,0.00000000,-38.3341942,0.119004741,0.482239127,246.775360
2023,1,19,-21.5321236,84.7206573,1.41484869,0.997028053,0.00000000,0.00000000,-39.9427261,0.119043030,0.476198524,249.986130
2023,1,20,-19.4248142,90.0355988,2.28201389,1.26908636,0.00000000,0.00000000,-35.7914505,0.119104967,0.470078409,253.372543
2023,1,21,-20.2314777,81.9633026,1.32608271,1.67296064,0.00000000,0.102131709E-2,-38.6401939,0.120126285,0.484156251,248.114700
2023,1,22,-29.9963360,74.8083191,1.99143207,2.05116844,0.00000000,0.158777763E-2,-48.7833405,0.121714063,0.510271728,238.527939
2023,1,23,-32.1218910,75.2918472,1.24981546,2.36129189,0.00000000,0.661719940E-3,-51.5646858,0.122375771,0.517605543,236.426697
2023,1,24,-32.5508728,74.8916473,2.05693889,2.67568684,0.00000000,0.899559353E-3,-51.4705429,0.123275325,0.529204905,232.944412
2023,1,25,-25.4959164,78.4556503,1.81116188,2.85999775,0.00000000,0.133465033E-2,-44.1539001,0.124609977,0.546168804,228.152863
2023,1,26,-19.2566528,80.7921219,3.46820736,3.24089503,0.00000000,0.359408022E-2,-31.5277004,0.128204063,0.595390916,215.327530
2023,1,27,-29.5432358,75.8113174,3.16373491,3.69075251,0.00000000,0.00000000,-43.8768387,0.128244221,0.581143141,220.675781
2023,1,28,-17.1051559,72.3510895,6.29345322,4.54185009,0.00000000,0.187674502E-2,-21.9118023,0.130120978,0.566715837,229.605316
2023,1,29,-14.4587517,87.0503235,3.52986336,4.86907339,0.00000000,0.103183812E-2,-24.9039650,0.131152809,0.563675940,232.674118
2023,1,30,-17.6494083,85.5788422,2.96238565,5.92064571,0.00000000,0.00000000,-29.6601334,0.131485134,0.552532196,237.968292
2023,1,31,-20.9089317,76.4157181,5.39063501,7.19113350,0.00000000,0.00000000,-26.7951546,0.131495327,0.536081076,245.289993
2023,2,1,-24.1558628,62.6947327,6.07046032,8.56604862,0.00000000,0.00000000,-29.3020020,0.131488383,0.523236871,251.298019
2023,2,2,-25.3980122,45.4628983,2.21262336,9.59430027,0.00000000,0.00000000,-43.4864960,0.131488383,0.516782582,254.436584
2023,2,3,-28.8175869,67.5388031,2.21362066,9.38407707,0.00000000,0.00000000,-46.1632271,0.131488383,0.511366606,257.131348
2023,2,4,-28.9307747,78.4265518,2.36132741,9.80664253,0.00000000,0.00000000,-45.5067749,0.131488383,0.506199777,259.755920
2023,2,5,-26.9658966,80.2107620,1.30835235,10.5243702,0.00000000,0.00000000,-43.7918015,0.131548867,0.502197385,261.946564
2023,2,6,-27.7090092,87.5306168,1.76074529,10.3942251,0.00000000,0.00000000,-42.1962509,0.131548867,0.496969938,264.701874
2023,2,7,-28.4044952,84.2944489,0.540668309,11.0079288,0.00000000,0.00000000,-43.8685913,0.131548867,0.492365122,267.177490
2023,2,8,-27.1765289,86.4327469,2.20043612,12.6903915,0.00000000,0.00000000,-40.8198242,0.131590381,0.488318026,269.476807
2023,2,9,-23.6424789,77.2109299,1.60844469,13.8814945,0.00000000,0.00000000,-40.2302704,0.131994516,0.491438240,268.588226
2023,2,10,-29.2535439,78.1148376,1.94548714,14.9198160,0.00000000,0.00000000,-44.8880653,0.132046387,0.488401085,270.364655
2023,2,11,-26.1128311,78.8453140,2.15535378,15.0956230,0.00000000,0.00000000,-41.1805573,0.132074296,0.484457761,272.622925
2023,2,12,-25.6302814,74.6994476,1.06226122,18.0888672,0.00000000,0.00000000,-41.7539673,0.132074296,0.480319202,274.971924
2023,2,13,-30.8512421,77.9536133,1.66888535,17.9060268,0.00000000,0.00000000,-45.2611923,0.132074296,0.476892203,276.947906
2023,2,14,-28.9820023,71.4555893,3.30544400,18.9604969,0.00000000,0.00000000,-42.0085411,0.132074296,0.473175615,279.123199
2023,2,15,-25.8448696,76.6956635,2.97188210,18.8286591,0.00000000,0.00000000,-38.7495232,0.132376611,0.475134015,278.609009
2023,2,16,-22.9185905,75.5875244,3.40350556,20.0155811,0.00000000,0.00000000,-34.5847397,0.132750094,0.477485597,278.019043
2023,2,17,-22.2455273,73.2959290,2.13773155,20.8512955,0.00000000,0.531165802E-3,-37.5259705,0.133281261,0.483452439,275.686401
2023,2,18,-21.1243191,77.3489914,2.74759769,21.2556915,0.00000000,0.725861464E-3,-33.3943863,0.134007111,0.492187321,272.268524
2023,2,19,-20.3448715,80.0901260,1.68245649,21.5641136,0.00000000,0.896683428E-3,-33.2999496,0.134903803,0.503611326,267.872864
2023,2,20,-27.8779316,76.7461548,2.46982503,23.5893803,0.00000000,0.00000000,-40.4025650,0.135150760,0.503257811,268.551727
2023,2,21,-27.9391537,74.0733643,2.26355052,26.4485092,0.00000000,0.00000000,-41.3260803,0.135273397,0.500708878,270.163757
2023,2,22,-21.5361576,64.2015381,7.76170731,26.4944916,0.00000000,0.00000000,-25.7874622,0.135176346,0.491555005,274.997406
2023,2,23,-14.0955582,77.4778900,12.2439909,26.8470974,0.00000000,0.171963626E-2,-15.7376766,0.136661291,0.486314714,281.014099
2023,2,24,-13.1810913,78.5695038,7.58710098,28.4518585,0.00000000,0.00000000,-15.6279488,0.137085795,0.480259329,285.441193
2023,2,25,-18.0624809,78.9720917,4.60178041,27.1248455,0.00000000,0.851338729E-3,-22.1584949,0.137937143,0.487605900,282.886536
2023,2,26,-27.5439548,74.9955444,2.57619715,30.5023003,0.00000000,0.724552548E-3,-37.9306679,0.138660520,0.497624516,278.644867
2023,2,27,-30.9497051,71.0639496,3.05250216,31.3842850,0.00000000,0.00000000,-41.4338226,0.139160439,0.503268659,276.513245
2023,2,28,-29.1662254,73.0679779,3.29391384,33.6556053,0.00000000,0.00000000,-37.7416458,0.139155835,0.498264194,279.281219
2023,3,1,-24.6480637,71.1781921,3.36304402,32.2492485,0.00000000,0.00000000,-32.7408676,0.139235660,0.494196117,281.741699
2023,3,2,-28.1788063,74.7687225,1.47202790,34.5653763,0.00000000,0.00000000,-38.4658279,0.139332682,0.491815537,283.302734
2023,3,3,-30.4743118,73.4425354,1.82685804,35.4847870,0.00000000,0.00000000,-40.5461388,0.139332682,0.488038510,285.495270
2023,3,4,-31.7060375,72.6872635,3.61061645,37.8317719,0.00000000,0.00000000,-38.3864365,0.139347032,0.484547138,287.582001
2023,3,5,-17.9760780,76.8829880,5.32431602,33.5698776,0.00000000,0.00000000,-20.0955448,0.139277220,0.476553559,292.259338
2023,3,6,-6.37281418,83.3588104,4.23283148,34.1742783,0.00000000,0.00000000,-7.48139954,0.139203668,0.465978712,298.733978
2023,3,7,-1.87075806,89.0030289,3.34048223,35.2162285,0.00000000,0.00000000,-2.65547943,0.139414594,0.452985406,307.768402
2023,3,8,-3.81806946,80.6867905,3.70168161,36.7535248,0.00000000,0.00000000,-5.21939850,0.139677152,0.447830200,311.897583
2023,3,9,-16.8259621,82.9894104,3.35771632,37.6860275,0.00000000,0.312393485E-2,-18.4092522,0.142782986,0.494756788,288.592285
2023,3,10,-18.8958721,53.3418198,2.19013882,55.8638840,0.00000000,0.00000000,-31.1872787,0.142797127,0.489775032,291.556580
2023,3,11,-13.5575447,73.0702286,2.29511809,41.8188362,0.00000000,0.00000000,-20.1266975,0.143174678,0.490057349,292.159027
2023,3,12,-20.4466877,78.7366257,1.93746066,43.9230347,0.00000000,0.273127761E-2,-23.8576794,0.145893991,0.535414457,272.487976
2023,3,13,-28.7359657,72.2326813,2.00290012,48.0026398,0.00000000,0.00000000,-33.2922287,0.146039873,0.531104982,274.973633
2023,3,14,-28.5945091,74.7266998,1.62101054,47.4387245,0.00000000,0.00000000,-33.2903175,0.146266654,0.529028893,276.481384
2023,3,15,-31.6725998,71.9988022,1.33254170,51.2620811,0.00000000,0.00000000,-36.2706528,0.146389633,0.525597215,278.520569
2023,3,16,-27.7466297,73.8797379,1.08575869,58.3722839,0.00000000,0.00000000,-33.3126526,0.146389276,0.519416034,281.834351
2023,3,17,-24.3314800,73.4582062,2.51964021,53.7117538,0.00000000,0.00000000,-28.4316578,0.146373570,0.512357652,285.686310
2023,3,18,-15.9271812,75.2402039,3.30272722,53.3867722,0.00000000,0.00000000,-19.9143696,0.146477222,0.506931007,288.949036
2023,3,19,-12.5059452,79.5925903,4.57349825,55.1929588,0.00000000,0.00000000,-13.9548683,0.146526098,0.498340458,294.028076
2023,3,20,-10.3263702,80.6404190,6.79944420,57.0213699,0.00000000,0.00000000,-11.1870155,0.146317586,0.487913877,299.884033
2023,3,21,-11.7495079,81.5913010,5.59701586,58.8222351,0.00000000,0.00000000,-12.5558834,0.146363065,0.481870651,303.739319
2023,3,22,-10.1675339,81.3299408,2.52205324,62.0509605,0.00000000,0.00000000,-11.8999176,0.146524444,0.477002859,307.177277
2023,3,23,-10.6466370,74.9300842,3.90347767,62.8359184,0.00000000,0.00000000,-12.2724667,0.146519780,0.471109390,311.010101
2023,3,24,-12.8380203,77.5743179,7.06547642,64.8717804,0.00000000,0.00000000,-13.8179874,0.146370262,0.465079218,314.721130
2023,3,25,-21.8762054,73.6327209,5.17365932,67.3621826,0.00000000,0.00000000,-23.3274021,0.146262199,0.461156547,317.163849
2023,3,26,-15.5029392,73.6487961,13.8326893,67.9630966,0.00000000,0.133466290E-2,-16.2631798,0.147042409,0.459533393,319.981964
2023,3,27,-7.25080490,80.4944153,8.68772030,69.7975006,0.00000000,0.236980361E-2,-7.93919373,0.148936093,0.463874489,321.069824
2023,3,28,-13.9897385,79.8922806,4.47532177,71.6323929,0.00000000,0.168311724E-2,-15.0792561,0.150477305,0.485324472,310.055054
2023,3,29,-16.7892265,73.0975952,3.88657522,74.4415054,0.00000000,0.00000000,-18.6172962,0.150354639,0.479958177,313.266144
2023,3,30,-12.2870865,68.5870438,3.96681666,86.3175964,0.00000000,0.00000000,-14.0956573,0.150233999,0.473585576,317.226715
2023,3,31,-12.2782860,71.8148575,1.17085528,81.2815170,0.00000000,0.00000000,-15.5697174,0.150232434,0.469048619,320.291809
2023,4,1,-14.1363831,79.6264191,1.80063295,79.4368515,0.00000000,0.00000000,-17.1260681,0.150354683,0.468277425,321.080383
2023,4,2,-13.9741592,79.2863922,4.80904484,80.7900696,0.00000000,0.00000000,-14.8493233,0.150400579,0.466359526,322.499207
2023,4,3,-15.0322876,81.0985718,2.60323095,82.6133957,0.00000000,0.111101381E-2,-17.1303596,0.151409298,0.480443984,315.144562
2023,4,4,-15.8492603,80.6501465,1.20379949,84.4323883,0.00000000,0.318754138E-2,-18.3557034,0.154546127,0.535300493,288.709106
2023,4,5,-24.0576611,75.5823517,1.13299644,86.2463379,0.00000000,0.00000000,-26.9597054,0.154741243,0.532560289,290.560974
2023,4,6,-22.4041004,76.1594620,1.08862424,88.3920898,0.00000000,0.00000000,-25.3353939,0.154943168,0.529992342,292.349823
2023,4,7,-22.9815063,72.7897568,1.55245161,90.5793991,0.00000000,0.610236253E-3,-25.4407539,0.155500501,0.534574151,290.886688
2023,4,8,-22.4457207,74.9194641,2.36154485,92.7593994,0.00000000,0.00000000,-24.3722763,0.155530423,0.528738856,294.153564
2023,4,9,-19.2584076,77.9847260,1.59884226,94.9313049,0.00000000,0.167372939E-2,-21.1991444,0.157145143,0.552749157,284.297394
2023,4,10,-19.7014961,77.0274734,2.15206981,97.0942459,0.00000000,0.115402346E-2,-21.9801579,0.158217847,0.564473152,280.292969
2023,4,11,-23.8213730,71.8993149,2.05404711,99.9532928,0.00000000,0.00000000,-26.2073669,0.158486083,0.561196446,282.407501
2023,4,12,-24.8449631,72.7486877,1.35461831,101.733910,0.00000000,0.00000000,-27.5192947,0.158494592,0.553688824,286.252106
2023,4,13,-24.8889980,74.5609894,1.53595066,103.521141,0.00000000,0.782523945E-3,-27.5809288,0.159217283,0.561136007,283.740997
2023,4,14,-19.5984917,79.1165237,2.35514665,105.640076,0.00000000,0.00000000,-21.7503948,0.159510061,0.557927549,285.897430
2023,4,15,-17.7142067,80.6187592,1.96243024,107.745995,0.00000000,0.633482297E-3,-19.5642223,0.160057887,0.559127390,286.263733
2023,4,16,-18.0263615,80.8420868,1.86270773,109.838104,0.00000000,0.517284381E-3,-19.9305534,0.160494268,0.558452427,287.391113
2023,4,17,-20.7142410,77.7749863,1.62860096,111.915596,0.00000000,0.710604130E-3,-22.8669434,0.161134019,0.562671542,286.373138
2023,4,18,-16.9692593,79.1653214,2.05068350,113.977715,0.00000000,0.00000000,-18.7993565,0.161094487,0.552618921,291.510986
2023,4,19,-10.5106430,81.7778702,1.14651108,116.023666,0.00000000,0.00000000,-11.8852806,0.160973564,0.540327847,297.918304
2023,4,20,-6.23903656,61.4590645,1.68278170,134.626038,0.00000000,0.00000000,-11.4798203,0.160774007,0.528429508,304.248718
2023,4,21,-5.60696030,83.5695419,2.90942574,120.124924,0.00000000,0.391629478E-2,-6.14803314,0.164471567,0.564082623,291.573547
2023,4,22,-19.4008369,79.9759445,4.25670004,122.469475,0.00000000,0.173785456E-2,-20.0982361,0.166095689,0.584824502,284.009460
2023,4,23,-23.2573700,76.5313797,3.16722822,124.792763,0.00000000,0.00000000,-24.6866493,0.166388914,0.582124829,285.830292
2023,4,24,-20.3246937,77.4529037,3.02659369,127.093941,0.00000000,0.00000000,-21.8192081,0.166446775,0.574519217,289.714905
2023,4,25,-16.3925514,77.8033142,2.49342918,129.372131,0.00000000,0.00000000,-17.7169609,0.166435733,0.565418899,294.358276
2023,4,26,-14.9853134,78.6565323,1.47516537,131.626495,0.00000000,0.00000000,-16.2182045,0.166363344,0.555465639,299.502502
2023,4,27,-11.4632454,83.1198807,1.11825967,133.856201,0.00000000,0.866084709E-3,-12.2796535,0.167091578,0.557342052,299.800781
2023,4,28,-10.2146873,84.4648743,1.68418980,136.060425,0.00000000,0.00000000,-11.1480484,0.167255685,0.549758434,304.234894
2023,4,29,-5.51335907,83.1256866,2.00879931,138.238358,0.00000000,0.835001818E-3,-5.75167465,0.167875469,0.541118860,310.237701
2023,4,30,-4.27875900,85.5731964,1.46446085,140.389221,0.00000000,0.00000000,-4.66013718,0.167998627,0.524539351,320.278412
2023,5,1,-3.96341324,88.7507248,1.85542095,142.512238,0.00000000,0.539100496E-3,-4.35496140,0.168395787,0.510474384,329.880951
2023,5,2,-3.61177444,88.1553192,1.84612310,144.606659,0.00000000,0.413256045E-2,-3.56197739,0.172351316,0.526678443,327.242035
2023,5,3,-5.22984314,89.1617584,2.72101021,146.671707,0.00000000,0.617082464E-2,-5.41751480,0.178223968,0.573417783,310.809967
2023,5,4,-5.71267700,85.2722015,3.48216820,148.706726,0.00000000,0.686382933E-3,-5.66433334,0.178556770,0.565725446,315.624420
2023,5,5,-6.63871384,78.7753372,2.80573130,150.710938,0.00000000,0.00000000,-7.32401276,0.178351119,0.555295706,321.182251
2023,5,6,-2.35590363,81.5371323,1.55011475,152.683701,0.00000000,0.715308124E-3,-2.46709061,0.178830534,0.539636135,331.390961
2023,5,7,-4.19588089,88.8352203,1.47973371,154.624298,0.00000000,0.831443758E-3,-4.40569305,0.179478839,0.529957473,338.666473
2023,5,8,-2.96461105,88.0629425,1.76270354,156.532074,0.00000000,0.00000000,-3.19809723,0.179635942,0.507272661,354.121063
2023,5,9,-1.67791748,88.3932495,1.32249331,158.406433,0.00000000,0.00000000,-1.88948059,0.179902345,0.488123924,368.558746
2023,5,10,-1.74332047,88.9500504,1.29446113,160.246735,0.00000000,0.786161399E-3,-1.96397018,0.180615932,0.464995533,388.425110
2023,5,11,-0.859859467,84.3760376,1.06890023,162.052322,0.00000000,0.00000000,-1.39376831,0.181073204,0.435353220,415.922485
2023,5,12,-2.30173492,88.4057083,1.70031667,163.822678,0.00000000,0.850561250E-3,-2.58203888,0.181886882,0.420928448,432.108795
2023,5,13,-0.934333801E-1,88.9209900,3.65504551,165.557159,0.00000000,0.00000000,-1.13516998,0.181967303,0.381582290,476.875641
2023,5,14,1.66447449,86.2590790,6.38635540,167.255280,0.00000000,0.00000000,-0.647239685E-1,0.181893691,0.331339210,548.965210
2023,5,15,2.44906616,87.1471786,5.91866112,169.162201,0.996815856E-3,0.00000000,0.00000000,0.152950034,0.278090954,550.000000
2023,5,16,-0.822509766,93.2667160,2.35103750,171.036743,0.913076568E-3,0.592553057E-2,-0.824768066,0.155455142,0.309575319,502.156128
2023,5,17,-1.01389313,92.0486450,2.31565237,172.868195,0.00000000,0.633324217E-2,-1.08136749,0.162009493,0.340384781,475.959869
2023,5,18,-1.53604507,88.7853088,2.63867974,174.656006,0.00000000,0.880399195E-3,-1.79581833,0.162764236,0.323349208,503.369843
2023,5,19,-0.525630951,80.7517776,2.47364473,176.399567,0.00000000,0.00000000,-2.01288223,0.162225470,0.294955403,550.000000
2023,5,20,1.11984634,84.4847107,2.57915068,178.098297,0.00000000,0.00000000,-0.827304840,0.142278835,0.258688807,550.000000
2023,5,21,2.33993149,86.3367844,2.37259912,179.751678,0.00000000,0.00000000,-0.210464478,0.120450124,0.219000235,550.000000
2023,5,22,3.51573181,87.3182831,3.37206411,181.359116,0.00000000,0.00000000,-0.503997803E-1,0.923613906E-1,0.167929798,550.000000
2023,5,23,5.22169495,83.8775101,1.61005843,182.920197,0.00000000,0.00000000,0.00000000,0.645351931E-1,0.117336720,550.000000
2023,5,24,0.901794434,93.0220490,3.32518268,184.434296,0.234465767E-2,0.442631263E-2,-0.102901459,0.629519671E-1,0.123179674,511.058075
2023,5,25,-0.650169373,92.0521164,2.99232125,186.096161,0.617235026E-3,0.453933142E-2,-1.07505417,0.679627359E-1,0.128452435,529.088745
2023,5,26,2.69514465,90.7871857,2.53842831,187.707672,0.00000000,0.00000000,-0.304908752E-1,0.464901514E-1,0.845275447E-1,550.000000
2023,5,27,3.17314148,93.1468506,1.24580455,189.264801,0.310050044E-2,0.00000000,0.00000000,0.227314960E-1,0.413299948E-1,550.000000
2023,5,28,3.98659134,89.9580612,2.43017101,190.767059,0.171449734E-2,0.00000000,0.00000000,0.00000000,0.00000000,-9999.00000
2023,5,29,4.36113358,87.6746063,1.18569326,192.213882,0.110763987E-2,0.00000000,5.16882706,0.00000000,0.00000000,-9999.00000
2023,5,30,3.81014633,92.5858612,1.10162604,193.604874,0.664654421E-2,0.00000000,4.89459229,0.00000000,0.00000000,-9999.00000
2023,5,31,2.09100723,90.6861572,3.16396999,194.939560,0.364834163E-2,0.474983919E-2,2.57483292,0.00000000,0.00000000,-9999.00000
2023,6,1,-4.18510056,79.0231705,3.59446573,196.217545,0.00000000,0.444391882E-2,-3.51378632,0.593840750E-2,0.286082122E-1,207.577026
2023,6,2,-1.29610825,81.2399139,2.80475950,197.438354,0.00000000,0.418786146E-2,-1.06750488,0.970048085E-2,0.429481678E-1,225.864822
2023,6,3,-2.05500793,82.0010300,5.14549541,198.601639,0.00000000,0.116708491E-2,-2.69704819,0.404882664E-2,0.736150332E-2,550.000000
2023,6,4,2.33705139,86.5261230,5.49843216,199.707031,0.184575107E-2,0.523378840E-3,0.563026428,0.00000000,0.00000000,-9999.00000
2023,6,5,3.94371033,77.8986740,2.16072845,204.618286,0.00000000,0.00000000,5.48350525,0.00000000,0.00000000,-9999.00000
2023,6,6,8.08459091,76.9233627,1.71484125,202.268677,0.686217798E-3,0.00000000,9.47482681,0.00000000,0.00000000,-9999.00000
2023,6,7,7.91959000,88.9218063,2.25406194,202.672562,0.143128284E-2,0.00000000,9.73908615,0.00000000,0.00000000,-9999.00000
2023,6,8,7.47776031,90.4461594,2.70136952,203.543106,0.107602181E-2,0.00000000,9.16240692,0.00000000,0.00000000,-9999.00000
2023,6,9,3.06791687,93.6861420,3.15348625,204.354279,0.116722398E-1,0.924747903E-2,3.36619568,0.749292038E-2,0.233982522E-1,320.234192
2023,6,10,0.859344482,92.8415909,2.20587993,205.105743,0.253230985E-2,0.242111622E-2,-0.236663818,0.00000000,0.00000000,-9999.00000
2023,6,11,5.71853638,90.2092819,3.15055156,205.797333,0.947208609E-3,0.00000000,7.41233063,0.00000000,0.00000000,-9999.00000
2023,6,12,8.39030457,86.2173538,3.45077348,206.428802,0.120121310E-2,0.00000000,9.44912338,0.00000000,0.00000000,-9999.00000
2023,6,13,6.96907043,86.5082016,3.91727328,206.999969,0.448547909E-2,0.00000000,8.13557816,0.00000000,0.00000000,-9999.00000
2023,6,14,5.41320419,86.3358002,2.94551277,207.510666,0.418937905E-2,0.00000000,7.05466461,0.00000000,0.00000000,-9999.00000
2023,6,15,5.78093338,87.2276459,2.00339699,207.960754,0.650103763E-2,0.00000000,7.87075806,0.00000000,0.00000000,-9999.00000
2023,6,16,6.72740173,84.1607056,2.10028362,208.350067,0.289189396E-2,0.00000000,8.46586227,0.00000000,0.00000000,-9999.00000
2023,6,17,7.77834702,88.4046783,1.85065830,208.678497,0.230835844E-2,0.00000000,9.74232101,0.00000000,0.00000000,-9999.00000
2023,6,18,8.56227875,87.1154175,2.32815742,208.945969,0.140127609E-2,0.00000000,10.1025467,0.00000000,0.00000000,-9999.00000
2023,6,19,6.43158340,87.2202835,2.72635174,209.152405,0.618453417E-2,0.00000000,8.11821747,0.00000000,0.00000000,-9999.00000
2023,6,20,6.95722580,80.9879150,2.94230509,209.297668,0.636854616E-3,0.00000000,8.07168579,0.00000000,0.00000000,-9999.00000
2023,6,21,7.44705963,84.4250107,3.17293954,209.381805,0.254178909E-2,0.00000000,8.64349365,0.00000000,0.00000000,-9999.00000
2023,6,22,5.58115005,88.6449432,2.34578061,209.404739,0.431150151E-2,0.00000000,7.56737137,0.00000000,0.00000000,-9999.00000
2023,6,23,8.25321198,81.6902771,1.80200338,209.366501,0.924859196E-3,0.00000000,9.82447052,0.00000000,0.00000000,-9999.00000
2023,6,24,12.4959526,85.0193787,3.34808064,209.267044,0.108520791E-2,0.00000000,13.3444366,0.00000000,0.00000000,-9999.00000
2023,6,25,14.1905632,83.5946960,1.88429618,209.106461,0.455837557E-2,0.00000000,15.2939758,0.00000000,0.00000000,-9999.00000
2023,6,26,11.9165115,83.4893417,4.36989594,208.884735,0.523492554E-2,0.00000000,12.3260269,0.00000000,0.00000000,-9999.00000
2023,6,27,10.1094093,82.0024948,1.66496086,208.601959,0.363204768E-2,0.00000000,11.5849724,0.00000000,0.00000000,-9999.00000
2023,6,28,10.6139221,81.3146667,1.42652857,208.258240,0.157581759E-2,0.00000000,12.1489944,0.00000000,0.00000000,-9999.00000
2023,6,29,14.0543823,79.9644470,1.89876091,207.853638,0.204745494E-2,0.00000000,14.9491501,0.00000000,0.00000000,-9999.00000
2023,6,30,13.0978127,84.7742233,4.14719486,207.388290,0.743824057E-2,0.00000000,13.3710480,0.00000000,0.00000000,-9999.00000
2023,7,1,10.9714890,86.9673920,3.52467918,206.862335,0.436483044E-2,0.00000000,11.8638725,0.00000000,0.00000000,-9999.00000
2023,7,2,11.2287521,86.6807632,2.51788878,206.275909,0.170091598E-2,0.00000000,12.3660736,0.00000000,0.00000000,-9999.00000
2023,7,3,15.3705521,77.0564728,2.19340587,205.629211,0.00000000,0.00000000,15.7968407,0.00000000,0.00000000,-9999.00000
2023,7,4,15.2521744,80.0086899,3.27983212,204.922409,0.987882959E-3,0.00000000,15.3807602,0.00000000,0.00000000,-9999.00000
2023,7,5,9.79338455,80.3061905,4.79073334,204.155746,0.166754588E-2,0.00000000,9.94660187,0.00000000,0.00000000,-9999.00000
2023,7,6,11.0730209,84.6552353,3.87746477,203.329422,0.126698602E-2,0.00000000,11.7256470,0.00000000,0.00000000,-9999.00000
2023,7,7,12.2898636,85.1206055,3.51132560,202.443726,0.201643072E-2,0.00000000,12.8812943,0.00000000,0.00000000,-9999.00000
2023,7,8,11.5525093,87.2533035,2.70486975,201.498840,0.147310551E-1,0.00000000,12.6592598,0.00000000,0.00000000,-9999.00000
2023,7,9,9.28487778,87.6522064,4.35743713,200.495148,0.965379179E-2,0.00000000,10.0977783,0.00000000,0.00000000,-9999.00000
2023,7,10,10.5053406,84.2164459,3.82783127,199.432922,0.114020822E-2,0.00000000,10.9866791,0.00000000,0.00000000,-9999.00000
2023,7,11,11.2462921,80.4271622,2.39872336,198.312500,0.621465442E-3,0.00000000,12.1417351,0.00000000,0.00000000,-9999.00000
2023,7,12,10.9910812,88.4107742,2.15699840,197.134232,0.148112802E-1,0.00000000,12.4502144,0.00000000,0.00000000,-9999.00000
2023,7,13,9.73630905,86.6823654,1.85933161,195.898468,0.154379255E-2,0.00000000,11.2432137,0.00000000,0.00000000,-9999.00000
2023,7,14,11.4829483,84.0616608,2.43202734,194.605576,0.502733607E-2,0.00000000,12.4330444,0.00000000,0.00000000,-9999.00000
2023,7,15,9.27752686,83.6998291,2.99104142,193.256027,0.244879397E-2,0.00000000,10.2738113,0.00000000,0.00000000,-9999.00000
2023,7,16,8.47069931,86.7285690,1.72258008,191.850235,0.457580062E-2,0.00000000,10.1953888,0.00000000,0.00000000,-9999.00000
2023,7,17,11.1969719,87.8731232,1.41720343,190.388657,0.501480838E-2,0.00000000,12.7921066,0.00000000,0.00000000,-9999.00000
2023,7,18,11.9460449,88.7177734,1.90230048,188.871704,0.163398869E-2,0.00000000,13.3165894,0.00000000,0.00000000,-9999.00000
2023,7,19,14.0210953,85.8544846,1.30281770,187.299942,0.543036847E-3,0.00000000,15.2251320,0.00000000,0.00000000,-9999.00000
2023,7,20,15.5294762,79.4852753,1.98800218,185.673859,0.519864378E-3,0.00000000,15.9365730,0.00000000,0.00000000,-9999.00000
2023,7,21,14.7733994,83.8371735,3.83482432,183.997513,0.294161192E-2,0.00000000,14.8144989,0.00000000,0.00000000,-9999.00000
2023,7,22,15.3006935,84.1777191,2.59447980,182.468964,0.103451626E-2,0.00000000,15.7068367,0.00000000,0.00000000,-9999.00000
2023,7,23,16.5509682,81.3394928,1.38167763,180.893555,0.866096525E-3,0.00000000,17.2618332,0.00000000,0.00000000,-9999.00000
2023,7,24,18.2942619,78.4052505,1.47599149,179.271881,0.246876176E-2,0.00000000,18.7291527,0.00000000,0.00000000,-9999.00000
2023,7,25,17.2547302,85.7725143,2.61792159,177.604340,0.260930485E-2,0.00000000,17.6301422,0.00000000,0.00000000,-9999.00000
2023,7,26,16.5291748,88.2163620,1.82951188,175.891541,0.356130837E-2,0.00000000,17.3841133,0.00000000,0.00000000,-9999.00000
2023,7,27,17.7513390,80.7058563,1.72180009,174.134003,0.302316970E-2,0.00000000,18.1047783,0.00000000,0.00000000,-9999.00000
2023,7,28,16.8742485,81.8476181,2.02667403,172.332336,0.233725016E-2,0.00000000,17.4072952,0.00000000,0.00000000,-9999.00000
2023,7,29,16.6025085,84.5292740,2.20558739,170.487122,0.257298956E-2,0.00000000,17.0898209,0.00000000,0.00000000,-9999.00000
2023,7,30,13.9318695,89.4881973,2.28856277,168.598938,0.920681562E-2,0.00000000,14.9923134,0.00000000,0.00000000,-9999.00000
2023,7,31,12.3010216,90.2317123,1.79310369,166.678513,0.360848056E-2,0.00000000,13.5666924,0.00000000,0.00000000,-9999.00000
2023,8,1,12.7393112,85.4807434,2.09509110,164.967026,0.274627632E-2,0.00000000,13.4764404,0.00000000,0.00000000,-9999.00000
2023,8,2,11.7574844,86.4990005,2.14685154,163.219284,0.285053672E-2,0.00000000,12.6445847,0.00000000,0.00000000,-9999.00000
2023,8,3,10.5081444,87.7145386,2.15078974,161.435837,0.305254245E-2,0.00000000,11.5740852,0.00000000,0.00000000,-9999.00000
2023,8,4,12.5108185,79.9911880,1.71417737,159.617294,0.00000000,0.00000000,13.0953789,0.00000000,0.00000000,-9999.00000
2023,8,5,15.1260147,80.0873032,3.07710934,157.764191,0.848217402E-3,0.00000000,14.9758415,0.00000000,0.00000000,-9999.00000
2023,8,6,15.3986893,80.9136047,3.13472700,155.877213,0.555034203E-3,0.00000000,15.1369171,0.00000000,0.00000000,-9999.00000
2023,8,7,15.1013222,82.4401245,1.92661059,153.956970,0.100326259E-2,0.00000000,15.5559387,0.00000000,0.00000000,-9999.00000
2023,8,8,16.2441254,82.4842377,1.96823204,152.004059,0.207214826E-2,0.00000000,16.5510178,0.00000000,0.00000000,-9999.00000
2023,8,9,15.5534706,84.6819916,1.80486655,150.019196,0.132135721E-2,0.00000000,16.0694313,0.00000000,0.00000000,-9999.00000
2023,8,10,14.7787666,84.2790527,2.11968517,148.003067,0.00000000,0.00000000,15.1603203,0.00000000,0.00000000,-9999.00000
2023,8,11,11.8507805,90.6043854,2.37474418,145.956329,0.133261771E-2,0.00000000,12.7530556,0.00000000,0.00000000,-9999.00000
2023,8,12,8.40531540,91.6819763,2.91647935,143.879730,0.801553542E-3,0.00000000,9.47344208,0.00000000,0.00000000,-9999.00000
2023,8,13,4.99180603,92.7585144,2.69884157,141.774017,0.233627157E-2,0.00000000,6.46617126,0.00000000,0.00000000,-9999.00000
2023,8,14,8.23857117,88.4085312,1.66081500,139.639893,0.206181593E-2,0.00000000,9.38363266,0.00000000,0.00000000,-9999.00000
2023,8,15,9.66224289,91.0398636,2.44823980,137.478149,0.443639094E-2,0.00000000,10.6125717,0.00000000,0.00000000,-9999.00000
2023,8,16,9.37702560,90.7720261,1.34567690,135.289581,0.229699165E-2,0.00000000,10.7456779,0.00000000,0.00000000,-9999.00000
2023,8,17,9.47844696,88.7738953,3.34136343,133.074936,0.302415760E-2,0.00000000,9.97800446,0.00000000,0.00000000,-9999.00000
2023,8,18,7.80880356,88.7251587,4.55110168,130.835083,0.953985937E-2,0.00000000,8.39998245,0.00000000,0.00000000,-9999.00000
2023,8,19,6.40506744,90.4425278,4.50872087,128.570801,0.925822277E-2,0.00000000,6.97334290,0.00000000,0.00000000,-9999.00000
2023,8,20,4.08763885,89.7477036,3.22661257,126.282951,0.323163415E-2,0.00000000,3.87544250,0.00000000,0.00000000,-9999.00000
2023,8,21,4.14082336,90.5007477,2.92761946,123.972389,0.578934327E-2,0.00000000,4.08726120,0.00000000,0.00000000,-9999.00000
2023,8,22,5.51127625,89.0494232,3.29935145,121.639977,0.00000000,0.00000000,6.19095993,0.00000000,0.00000000,-9999.00000
2023,8,23,4.41227722,88.7730942,2.41597605,119.286575,0.416530715E-2,0.00000000,3.67494965,0.00000000,0.00000000,-9999.00000
2023,8,24,4.18001556,85.1214294,1.01142955,117.205788,0.168987003E-2,0.00000000,3.64725494,0.00000000,0.00000000,-9999.00000
2023,8,25,5.81775284,92.1344681,2.12606239,115.168480,0.159320645E-1,0.00000000,7.03469467,0.00000000,0.00000000,-9999.00000
2023,8,26,6.38773727,92.0427856,2.50711370,113.114548,0.469900947E-2,0.00000000,7.24806976,0.00000000,0.00000000,-9999.00000
2023,8,27,10.5846291,89.8046799,5.63676405,111.044746,0.825906545E-2,0.00000000,10.5568657,0.00000000,0.00000000,-9999.00000
2023,8,28,5.98972321,85.9545517,5.60922384,108.959869,0.190547481E-2,0.00000000,6.08522034,0.00000000,0.00000000,-9999.00000
2023,8,29,2.05902481,91.6346130,2.06379104,106.860703,0.473131659E-2,0.722039491E-3,0.849876404,0.00000000,0.00000000,-9999.00000
2023,8,30,4.40365601,92.9220581,1.07631338,104.748039,0.644104788E-2,0.00000000,4.60201263,0.00000000,0.00000000,-9999.00000
2023,8,31,5.57834244,88.8218536,2.51253128,102.622665,0.214194111E-2,0.00000000,5.65078735,0.00000000,0.00000000,-9999.00000
2023,9,1,6.39802170,87.5724945,1.40036798,100.485405,0.282201590E-2,0.00000000,7.38108063,0.00000000,0.00000000,-9999.00000
2023,9,2,3.35614395,91.9341812,2.46158028,98.3370514,0.112081394E-1,0.228632707E-2,2.64371872,0.00000000,0.00000000,-9999.00000
2023,9,3,2.65891266,87.5684891,4.80219412,96.1784515,0.502391835E-3,0.00000000,1.96829987,0.00000000,0.00000000,-9999.00000
2023,9,4,2.77436829,91.5636749,3.66825843,94.0104065,0.511333300E-2,0.893223041E-3,2.04656219,0.00000000,0.00000000,-9999.00000
2023,9,5,2.19575119,87.8713379,3.81180048,91.8337326,0.595056452E-3,0.00000000,0.990753174,0.00000000,0.00000000,-9999.00000
2023,9,6,3.51546478,90.0911026,3.82585573,89.6493073,0.303820916E-2,0.00000000,2.54720306,0.00000000,0.00000000,-9999.00000
2023,9,7,0.967693329,93.0396881,2.75448751,87.4579163,0.363104395E-2,0.422905851E-2,0.787544250,0.00000000,0.00000000,-9999.00000
2023,9,8,-0.464763641,90.5519104,2.10258865,85.3084488,0.00000000,0.863183057E-3,-0.956268311,0.00000000,0.00000000,-9999.00000
2023,9,9,2.23149109,92.2407761,3.13104081,83.4911346,0.00000000,0.00000000,1.52212143,0.00000000,0.00000000,-9999.00000
2023,9,10,4.53605652,93.3119125,2.65059805,81.6691132,0.346366665E-2,0.00000000,5.09636307,0.00000000,0.00000000,-9999.00000
2023,9,11,4.20130157,94.3262329,1.26174390,79.8431244,0.445226068E-2,0.00000000,4.73922348,0.00000000,0.00000000,-9999.00000
2023,9,12,4.00281143,94.9053955,1.59355521,78.0138245,0.437779631E-2,0.00000000,5.05764389,0.00000000,0.00000000,-9999.00000
2023,9,13,1.98097229,91.0696716,1.76705945,76.1819153,0.135364081E-2,0.624423439E-3,1.57315445,0.00000000,0.00000000,-9999.00000
2023,9,14,1.99489975,85.4786224,1.98457348,74.3480988,0.00000000,0.00000000,2.38297272,0.00000000,0.00000000,-9999.00000
2023,9,15,2.78582764,89.2696152,1.65791702,72.5130844,0.280880765E-2,0.694511982E-3,1.02879333,0.00000000,0.00000000,-9999.00000
2023,9,16,0.770130157,91.5636063,2.70276070,70.6775131,0.860006199E-3,0.00000000,0.277091980,0.00000000,0.00000000,-9999.00000
2023,9,17,2.57588577,90.7406158,1.86524296,68.8421097,0.923994870E-3,0.00000000,1.73128891,0.00000000,0.00000000,-9999.00000
2023,9,18,1.45984268,93.9732056,1.58477020,67.0075684,0.426961249E-2,0.419166824E-2,0.854667664,0.00000000,0.00000000,-9999.00000
2023,9,19,-0.835647583,88.5904083,2.67351270,65.1745453,0.00000000,0.00000000,-1.48812866,0.00000000,0.00000000,-9999.00000
2023,9,20,-1.70314407,86.8481445,2.63154173,63.3437309,0.00000000,0.00000000,-2.61470032,0.00000000,0.00000000,-9999.00000
2023,9,21,-2.81646729,90.5296783,3.05810690,61.5158195,0.00000000,0.323429238E-2,-3.21141434,0.309343683E-2,0.268086456E-1,115.389519
2023,9,22,-4.38593292,88.2120361,2.69707751,59.6914597,0.00000000,0.178356667E-2,-5.20817947,0.472197775E-2,0.409390479E-1,115.341660
2023,9,23,-4.35791397,88.5775070,1.45133615,57.8713188,0.00000000,0.183507556E-2,-5.27701950,0.645812601E-2,0.556115657E-1,116.129189
2023,9,24,-4.66103745,81.3601761,1.45068777,56.0560760,0.00000000,0.00000000,-6.32580948,0.653071096E-2,0.539934523E-1,120.953758
2023,9,25,-5.24506378,83.1654968,2.65697861,54.2463684,0.00000000,0.00000000,-6.49975204,0.641228445E-2,0.509004593E-1,125.976944
2023,9,26,-4.36577225,84.2166595,1.63918519,52.4428482,0.00000000,0.00000000,-5.60419083,0.652069086E-2,0.502158217E-1,129.853317
2023,9,27,-4.14035416,88.0644455,1.23303008,50.6461411,0.00000000,0.663283514E-3,-5.32818604,0.709298300E-2,0.539075807E-1,131.576721
2023,9,28,-4.91107559,85.3836823,2.03670478,48.9642487,0.00000000,0.00000000,-6.41020966,0.741883740E-2,0.551247858E-1,134.582611
2023,9,29,-4.30728531,86.9018707,2.99461079,47.1839256,0.00000000,0.00000000,-5.17172241,0.740999868E-2,0.447154306E-1,165.714584
2023,9,30,-4.44211197,88.4192047,3.01231408,45.4122734,0.00000000,0.00000000,-5.61402130,0.738409068E-2,0.438665673E-1,168.330719
2023,10,1,-5.06716537,89.0097046,1.98947430,43.6499023,0.00000000,0.100819883E-2,-6.60760117,0.831536762E-2,0.517682806E-1,160.626694
2023,10,2,-5.91563034,92.4083862,3.15244126,41.8974152,0.00000000,0.767256739E-2,-6.71471786,0.159239601E-1,0.128668338,123.759735
2023,10,3,-9.88935852,89.1210556,2.56539965,40.1554031,0.00000000,0.173593813E-2,-12.1676216,0.176091716E-1,0.141687796,124.281494
2023,10,4,-12.0468178,84.3839722,3.09325624,38.4244080,0.00000000,0.696388015E-3,-13.8743057,0.182506591E-1,0.139369577,130.951538
2023,10,5,-13.6168270,80.9991760,2.35698032,36.7395554,0.00000000,0.00000000,-16.6380062,0.182497073E-1,0.131319165,138.972168
2023,10,6,-15.6718636,82.1333237,1.04695797,35.5884399,0.00000000,0.00000000,-19.7299252,0.185337253E-1,0.130823553,141.669647
2023,10,7,-14.0100975,88.0671005,1.82284856,34.2740479,0.00000000,0.769487873E-3,-17.6918259,0.192744434E-1,0.138164237,139.503845
2023,10,8,-16.1697121,84.7106857,2.80994630,32.9694328,0.00000000,0.00000000,-18.7141876,0.194665324E-1,0.135070354,144.121429
2023,10,9,-12.3792038,80.7890854,2.87276578,31.6749954,0.00000000,0.132972933E-2,-14.7126141,0.207601264E-1,0.149203196,139.139954
2023,10,10,-9.18511963,87.4727631,1.16750729,30.3911228,0.00000000,0.336949504E-2,-12.0500603,0.241106804E-1,0.182281464,132.271698
2023,10,11,-9.97113419,87.2310486,2.08353519,29.1182213,0.00000000,0.110821635E-2,-12.6453209,0.251829717E-1,0.179517344,140.281555
2023,10,12,-16.3269730,81.2727585,3.23995185,27.8566818,0.00000000,0.00000000,-18.2898540,0.252181794E-1,0.169181734,149.059708
2023,10,13,-10.0178795,85.4009094,1.00882936,26.6068802,0.00000000,0.764426019E-3,-13.4632607,0.259684380E-1,0.168737218,153.898697
2023,10,14,-8.10869217,87.3533554,2.03175640,25.9280415,0.00000000,0.338976504E-2,-10.4969559,0.293281265E-1,0.192279652,152.528503
2023,10,15,-5.42292404,94.3762283,1.39962184,24.5255680,0.00000000,0.226581120E-2,-7.42247009,0.315592550E-1,0.196202755,160.850220
2023,10,16,-7.80849838,86.5357361,2.72766709,23.3394279,0.00000000,0.00000000,-9.40084076,0.315228812E-1,0.182416707,172.806992
2023,10,17,-6.04992294,76.2006073,2.85670471,22.1524429,0.00000000,0.610439049E-3,-10.8358650,0.321042240E-1,0.179783583,178.571503
2023,10,18,-12.2686691,88.5621948,1.41589081,21.3586330,0.00000000,0.852324709E-3,-15.6972313,0.329543799E-1,0.186144546,177.036499
2023,10,19,-14.0517197,85.0137405,2.59281158,20.1861248,0.00000000,0.515509211E-2,-17.5575008,0.380928591E-1,0.273162693,139.451172
2023,10,20,-13.9664879,86.3048477,5.26479435,19.0276794,0.00000000,0.564733334E-2,-15.3985577,0.436942093E-1,0.318965763,136.987152
2023,10,21,-12.6582909,87.0925674,5.70177650,17.8468361,0.00000000,0.506971963E-2,-13.7652817,0.487200730E-1,0.340529114,143.071686
2023,10,22,-13.9957809,85.7223434,2.83898878,17.0651474,0.00000000,0.124886399E-2,-16.7162018,0.499608815E-1,0.323429495,154.472244
2023,10,23,-12.2005882,85.8046265,4.42413664,16.3764076,0.00000000,0.585470698E-3,-14.4113464,0.504677482E-1,0.299730301,168.377197
2023,10,24,-8.48502731,82.2944412,6.48998976,15.5322905,0.00000000,0.912951829E-3,-9.68470383,0.512161888E-1,0.278948396,183.604538
2023,10,25,-8.84827423,86.3666077,3.39167809,16.2969818,0.00000000,0.00000000,-11.0269318,0.515043885E-1,0.264151692,194.980347
2023,10,26,-6.82768631,73.3608246,4.97058344,15.5758972,0.00000000,0.00000000,-10.6852455,0.516652651E-1,0.251626700,205.325043
2023,10,27,-5.87136459,89.4837265,2.63546586,13.3121357,0.00000000,0.330121093E-2,-7.30848694,0.549607798E-1,0.271650642,202.321564
2023,10,28,-6.57638550,88.5291977,2.74619484,12.5938940,0.00000000,0.133517303E-2,-8.57173157,0.562591627E-1,0.269668698,208.623260
2023,10,29,-6.22921371,90.1473618,3.70904016,11.8868418,0.00000000,0.00000000,-7.28726196,0.563739650E-1,0.257393181,219.018875
2023,10,30,-3.84326935,93.6288223,1.24177289,11.1911240,0.00000000,0.191154890E-2,-5.44206238,0.582812205E-1,0.261609405,222.779526
2023,10,31,-4.20912170,90.3313599,3.32160711,10.5068836,0.00000000,0.267608766E-2,-5.29218292,0.609181784E-1,0.272314608,223.705139
2023,11,1,-7.67582321,92.4896622,1.88231182,9.83427429,0.00000000,0.179633836E-2,-10.1605797,0.627145097E-1,0.283454299,221.250870
2023,11,2,-12.1703758,90.1404114,2.04451036,9.40482426,0.00000000,0.275545008E-2,-15.9475002,0.654699579E-1,0.318193167,205.755371
2023,11,3,-20.0676899,81.5513840,2.38190460,11.1846209,0.00000000,0.00000000,-29.1747189,0.656386390E-1,0.312447786,210.078751
2023,11,4,-23.8161583,76.7236176,3.67816615,10.2416973,0.00000000,0.00000000,-32.0924377,0.656386390E-1,0.305394143,214.930908
2023,11,5,-20.6620064,75.0003967,4.79258966,9.56313038,0.00000000,0.00000000,-26.6418800,0.657863393E-1,0.300133228,219.190460
2023,11,6,-13.9626160,78.0286484,4.13250542,8.59734821,0.00000000,0.00000000,-20.7219296,0.660903677E-1,0.297033101,222.501694
2023,11,7,-14.6942596,76.0502930,2.27628517,8.15961647,0.00000000,0.554685947E-3,-28.6801682,0.666450635E-1,0.301722765,220.881790
2023,11,8,-16.8073463,81.5423508,2.60266209,6.55765390,0.00000000,0.00000000,-28.0987072,0.668799728E-1,0.299659640,223.186462
2023,11,9,-14.6439247,83.3509827,5.02032948,6.23900890,0.00000000,0.494296243E-2,-20.1776257,0.718221590E-1,0.336061835,213.717087
2023,11,10,-13.3381500,81.0546188,4.02026606,6.03339338,0.00000000,0.868005853E-3,-20.8564186,0.726901740E-1,0.338418782,214.793549
2023,11,11,-16.0584450,85.9360809,1.66137016,4.88061953,0.00000000,0.750753039E-3,-27.8349743,0.734409317E-1,0.343497843,213.803192
2023,11,12,-18.9543457,82.9080505,4.06920242,4.68931389,0.00000000,0.00000000,-26.7053909,0.734906420E-1,0.334551603,219.669067
2023,11,13,-13.9576569,77.3066864,9.85996246,3.90047264,0.00000000,0.314573012E-2,-16.5803528,0.765383765E-1,0.339189678,225.650665
2023,11,14,-14.5776596,84.5676117,5.67190075,3.28544617,0.00000000,0.685932988E-3,-18.1638241,0.772243142E-1,0.340809643,226.590744
2023,11,15,-14.4860268,80.3153839,4.00337410,3.14869070,0.00000000,0.724263606E-3,-23.1600418,0.779485777E-1,0.344659865,226.160873
2023,11,16,-11.3430748,84.3186493,3.81021833,2.67186475,0.00000000,0.322452933E-2,-19.6541386,0.811731145E-1,0.375865668,215.963089
2023,11,17,-18.1102486,83.7992477,2.40285468,2.58146191,0.00000000,0.585005712E-2,-31.5532799,0.870231688E-1,0.476042420,182.805496
2023,11,18,-23.5122681,79.6530075,2.16079426,2.33672690,0.00000000,0.109476480E-2,-38.6874657,0.881179273E-1,0.476700753,184.849564
2023,11,19,-20.1144543,76.8886871,3.93770742,2.05211806,0.00000000,0.00000000,-30.4144821,0.885359496E-1,0.459821552,192.544144
2023,11,20,-17.8434982,80.0169373,3.92747903,1.82102585,0.00000000,0.00000000,-27.5208874,0.889046863E-1,0.443451583,200.483414
2023,11,21,-17.1416473,70.4289474,6.16939020,1.71065378,0.00000000,0.00000000,-21.7593098,0.888902396E-1,0.420155555,211.565063
2023,11,22,-16.7341499,69.8411865,6.04232931,1.23629582,0.00000000,0.00000000,-21.6375847,0.888902396E-1,0.402216196,221.001129
2023,11,23,-11.3576584,81.9994659,2.95545149,0.900202155,0.00000000,0.117698277E-2,-23.1323471,0.900672227E-1,0.407188714,221.192825
2023,11,24,-12.9151764,89.4096756,2.66075277,0.00000000,0.00000000,0.00000000,-22.5974312,0.904478431E-1,0.398234546,227.122040
2023,11,25,-9.10449600,90.2612839,3.67310095,0.00000000,0.00000000,0.00000000,-16.1795349,0.907041430E-1,0.385981441,234.996124
2023,11,26,-10.3984604,90.2749863,3.34823513,0.00000000,0.00000000,0.00000000,-18.4314041,0.908304080E-1,0.375690430,241.769287
2023,11,27,-8.57533646,84.0443192,2.85450268,0.00000000,0.00000000,0.868894451E-3,-20.6368618,0.916992947E-1,0.377502590,242.910370
2023,11,28,-11.7003784,85.9767456,3.44275284,0.00000000,0.00000000,0.657672237E-3,-21.8331490,0.923569724E-1,0.378955632,243.714462
2023,11,29,-12.9414024,84.3596039,5.41786146,0.00000000,0.00000000,0.00000000,-17.5322456,0.924908891E-1,0.370156556,249.869659
2023,11,30,-12.3590851,83.1962128,1.86526573,0.00000000,0.00000000,0.00000000,-26.9752312,0.926688910E-1,0.367034078,252.480347
2023,12,1,-13.7281227,83.5467224,2.04501319,0.00000000,0.00000000,0.999106211E-3,-28.6842918,0.936680064E-1,0.379378378,246.898636
2023,12,2,-14.1286736,87.6950226,3.02696609,0.00000000,0.00000000,0.00000000,-26.4696827,0.937151611E-1,0.373186231,251.121704
2023,12,3,-15.1839828,86.3881836,2.29193044,0.00000000,0.00000000,0.00000000,-29.6412029,0.938958228E-1,0.371075839,253.036743
2023,12,4,-18.6268215,78.9838486,1.77006590,0.00000000,0.00000000,0.00000000,-36.2638283,0.940690115E-1,0.370180845,254.116348
2023,12,5,-19.0144806,80.5941315,1.08548951,0.00000000,0.00000000,0.00000000,-36.8187485,0.940690115E-1,0.366161913,256.905487
2023,12,6,-19.7782993,81.3069000,2.40310192,0.00000000,0.00000000,0.00000000,-36.5659027,0.943611413E-1,0.368058771,256.375214
2023,12,7,-22.4345741,66.2095795,3.48788071,0.00000000,0.00000000,0.00000000,-36.6638412,0.943611413E-1,0.364118874,259.149292
2023,12,8,-19.9585323,42.2213440,1.86265969,0.00000000,0.00000000,0.00000000,-41.4728394,0.943746641E-1,0.361406237,261.131805
2023,12,9,-22.2866764,77.2406693,0.683235347,0.00000000,0.00000000,0.944619358E-3,-41.2450790,0.953192785E-1,0.377090812,252.775391
2023,12,10,-25.0399399,77.3517685,1.33121872,0.00000000,0.00000000,0.00000000,-43.9739227,0.955640376E-1,0.378600597,252.413864
2023,12,11,-27.8013973,76.8007126,2.36606932,0.00000000,0.00000000,0.00000000,-45.6461220,0.959822461E-1,0.383884907,250.028702
2023,12,12,-27.7432747,76.7594681,6.11371613,0.00000000,0.00000000,0.517898519E-2,-32.4847641,0.101161234,0.444365531,227.653198
2023,12,13,-26.8300095,77.3084488,6.63709688,0.00000000,0.00000000,0.351577392E-2,-31.2625656,0.104676999,0.472960442,221.322952
2023,12,14,-26.8267403,74.8976440,1.05032766,0.00000000,0.00000000,0.101930904E-2,-46.0411758,0.105696313,0.484479040,218.164886
2023,12,15,-25.7482643,78.9433060,1.01858807,0.00000000,0.00000000,0.00000000,-44.8400269,0.106118575,0.483567268,219.449463
2023,12,16,-29.1661205,77.6516495,1.95390534,0.00000000,0.00000000,0.00000000,-47.9311218,0.106118575,0.475780815,223.040894
2023,12,17,-23.8701401,72.9706955,2.70639348,0.00000000,0.00000000,0.00000000,-41.7055588,0.106169783,0.467768669,226.970703
2023,12,18,-18.7130833,73.6307983,2.32523918,0.00000000,0.00000000,0.115734851E-2,-36.3967819,0.107327119,0.479059339,224.037216
2023,12,19,-22.1512623,75.4015274,2.76359940,0.00000000,0.00000000,0.00000000,-39.7842941,0.107504137,0.472750068,227.401627
2023,12,20,-19.5193653,73.0692444,1.97270441,0.00000000,0.00000000,0.00000000,-38.7379150,0.107590064,0.465123951,231.314819
2023,12,21,-19.4449844,80.8377228,2.28721237,0.00000000,0.00000000,0.579319603E-3,-37.4797440,0.108169384,0.467271745,231.491394
2023,12,22,-21.1035099,80.9035492,1.89596915,0.00000000,0.00000000,0.00000000,-39.3801270,0.108485594,0.464957982,233.323441
2023,12,23,-21.7294903,78.4552612,4.05957508,0.00000000,0.00000000,0.00000000,-33.6848221,0.108516403,0.455169827,238.408600
2023,12,24,-15.2156372,80.2175903,4.36568594,0.00000000,0.00000000,0.189928093E-2,-24.7198963,0.110415682,0.477371544,231.299255
2023,12,25,-16.9687557,80.6324310,4.51541710,0.00000000,0.00000000,0.513831968E-3,-26.2973385,0.110929511,0.472744256,234.650146
2023,12,26,-16.8308907,84.2151031,1.52063119,0.00000000,0.00000000,0.353705580E-2,-34.2473526,0.114466570,0.530140936,215.917236
2023,12,27,-21.6241951,65.4485779,2.72357821,0.00000000,0.00000000,0.573928526E-3,-38.9609222,0.115040489,0.526569307,218.471695
2023,12,28,-20.0009441,76.9347305,3.62780118,0.00000000,0.00000000,0.00000000,-34.0849228,0.115040518,0.510831296,225.202560
2023,12,29,-19.4240074,55.4297523,1.89171183,0.00000000,0.00000000,0.00000000,-40.2811584,0.115040563,0.500247777,229.967163
2023,12,30,-23.8026829,71.0299911,0.514637709,0.00000000,0.00000000,0.00000000,-43.8788567,0.115227066,0.495741606,232.433716
2023,12,31,-21.8889961,78.5912170,1.79585290,0.00000000,0.00000000,0.121562392E-2,-40.9580078,0.116442688,0.509959877,228.336960
2024,1,1,-23.9985771,81.7118835,2.43512416,0.00000000,0.00000000,0.00000000,-42.2251663,0.116482005,0.501378238,232.323608
2024,1,2,-25.8019772,64.7483978,4.84834576,0.00000000,0.00000000,0.00000000,-35.7361984,0.116472773,0.490319699,237.544540
2024,1,3,-23.8099823,65.6962662,12.4011688,0.00000000,0.00000000,0.00000000,-25.9937744,0.116317384,0.475969136,244.380096
2024,1,4,-24.3830757,63.7931862,10.7461300,0.00000000,0.00000000,0.00000000,-26.8567162,0.116198242,0.464236259,250.299805
2024,1,5,-25.0375366,66.5655670,10.3338470,0.00000000,0.00000000,0.00000000,-27.5291920,0.116114058,0.454402953,255.531036
2024,1,6,-23.5681152,73.7756500,6.15776920,0.00000000,0.00000000,0.00000000,-28.1324062,0.116114058,0.446216285,260.219238
2024,1,7,-19.8253136,70.3377991,10.2134562,0.00000000,0.00000000,0.00000000,-22.6777573,0.116066150,0.437003613,265.595398
2024,1,8,-15.9892082,76.8931427,10.2051706,0.00000000,0.00000000,0.00000000,-18.8314114,0.116080217,0.427962005,271.239532
2024,1,9,-21.5823784,71.5678635,5.99534559,0.00000000,0.00000000,0.00000000,-26.5422764,0.116080217,0.421982825,275.082794
2024,1,10,-19.9510860,74.0920715,3.40072417,0.00000000,0.00000000,0.629554910E-3,-35.6278152,0.116709769,0.430376112,271.180878
2024,1,11,-22.9035492,60.4901161,7.71801138,0.00000000,0.00000000,0.00000000,-28.3805962,0.116600573,0.424265772,274.829071
2024,1,12,-14.7524853,45.7194099,6.23471355,0.00000000,0.00000000,0.00000000,-22.6826954,0.116506554,0.417503238,279.055450
2024,1,13,-20.7953739,64.5835648,9.06250954,0.00000000,0.00000000,0.00000000,-24.7973576,0.116426483,0.411864728,282.681366
2024,1,14,-27.6120472,68.0398254,12.4389858,0.00000000,0.00000000,0.00000000,-29.6010323,0.116564326,0.408554822,285.308899
2024,1,15,-19.0392990,79.7583466,5.93429852,0.00000000,0.00000000,0.00000000,-25.4807663,0.116681114,0.405361980,287.844238
2024,1,16,-12.1728477,83.1443329,7.27417088,0.00000000,0.00000000,0.280318013E-2,-16.4782314,0.119484283,0.425988197,280.487305
2024,1,17,-20.4154835,75.7985687,4.21341181,0.00000000,0.00000000,0.585950911E-3,-31.2961845,0.120070234,0.433145493,277.205322
2024,1,18,-14.6650677,72.7389221,4.38033199,0.00000000,0.00000000,0.187639985E-2,-24.5100517,0.121946625,0.454108775,268.540558
2024,1,19,-14.4026222,89.1926117,2.83228374,0.979583800,0.00000000,0.373322912E-2,-28.3855476,0.125679836,0.510586202,246.148117
2024,1,20,-29.6686363,76.1647034,3.19595289,1.46121228,0.00000000,0.993678230E-3,-42.5966873,0.126673520,0.521992207,242.673203
2024,1,21,-30.9185352,78.0480576,0.929664135,1.67442036,0.00000000,0.00000000,-50.3089447,0.126673549,0.516312897,245.342590
2024,1,22,-32.1757812,82.8896027,2.56446767,1.95983481,0.00000000,0.00000000,-46.8293457,0.126673549,0.510071456,248.344711
2024,1,23,-27.0734692,72.5261917,4.52964306,2.31501579,0.00000000,0.587258488E-3,-38.3135796,0.127260357,0.513426006,247.865051
2024,1,24,-33.3082199,75.5045700,3.24826956,2.71968746,0.00000000,0.00000000,-49.0287476,0.127351195,0.509940565,249.737335
2024,1,25,-34.9400940,73.9200974,3.31417561,3.05928540,0.00000000,0.00000000,-50.3319855,0.127681047,0.511538625,249.601959
2024,1,26,-36.2879791,78.1752777,1.46627998,3.20634794,0.00000000,0.00000000,-54.7661514,0.127724797,0.508301258,251.277756
2024,1,27,-36.8554077,82.4902267,1.53664875,3.47071981,0.00000000,0.00000000,-54.6756210,0.127745405,0.504781485,253.070709
2024,1,28,-38.8931770,80.8313904,1.13124812,4.50786877,0.00000000,0.00000000,-56.8349686,0.127809629,0.502570748,254.311722
2024,1,29,-33.8731842,75.2627487,1.44225478,5.41955757,0.00000000,0.482886145E-2,-52.5003319,0.132638499,0.593869209,223.346329
2024,1,30,-23.0904617,79.3000107,1.88366652,6.10464573,0.00000000,0.866550580E-2,-40.8640556,0.141304001,0.740880311,190.724472
2024,1,31,-28.2125015,72.5192108,1.29315519,7.17009497,0.00000000,0.712319743E-3,-46.9939308,0.142016321,0.725850165,195.655151
2024,2,1,-31.6477852,71.5967102,1.40223074,7.93161535,0.00000000,0.166529347E-2,-50.1705399,0.143681616,0.734543383,195.606705
2024,2,2,-32.5291862,72.7764053,2.63148284,8.61518478,0.00000000,0.132789090E-2,-49.5046692,0.145009503,0.734885871,197.322479
2024,2,3,-31.1872272,75.8487778,2.18789220,9.42660332,0.00000000,0.00000000,-48.5855103,0.145444974,0.718981087,202.293182
2024,2,4,-28.3811455,78.7907791,1.54552269,9.79012871,0.00000000,0.00000000,-45.5879822,0.145566687,0.697211385,208.784149
2024,2,5,-25.8069077,68.0848770,4.25116444,11.7020693,0.00000000,0.00000000,-35.9208260,0.145566687,0.667780221,217.985916
2024,2,6,-19.3444672,80.6163025,3.20900202,10.9544153,0.00000000,0.00000000,-31.8334408,0.145716876,0.643205404,226.547958
2024,2,7,-16.4959564,85.3931885,3.59546518,11.3502045,0.00000000,0.00000000,-25.8440590,0.145837262,0.617695272,236.099045
2024,2,8,-13.6033440,82.8581848,3.80366039,12.0853043,0.00000000,0.00000000,-22.6251030,0.145925194,0.594374955,245.510345
2024,2,9,-17.2930679,78.1971359,4.97722721,14.4775200,0.00000000,0.00000000,-22.7441311,0.145925194,0.574584424,253.966507
2024,2,10,-14.3009300,71.0690231,2.35700989,14.5272646,0.00000000,0.00000000,-29.5314713,0.146353528,0.570191920,256.674164
2024,2,11,-13.5011063,84.8742981,1.95267534,14.1982670,0.00000000,0.168873637E-2,-26.2510471,0.148042247,0.586404741,252.457458
2024,2,12,-13.7365265,84.0813522,4.61450481,15.7968159,0.00000000,0.00000000,-18.5984592,0.148295239,0.570857644,259.776215
2024,2,13,-11.7746964,78.0543365,6.36922312,17.0747318,0.00000000,0.00000000,-16.4322529,0.148386523,0.552385211,268.628693
2024,2,14,-3.90827942,81.6478958,8.86933517,16.2771568,0.00000000,0.00000000,-6.04323196,0.148481637,0.531015158,279.618469
2024,2,15,-8.94513321,69.7378235,4.28059101,21.8468590,0.00000000,0.00000000,-17.6199608,0.148513660,0.519762218,285.733856
2024,2,16,-11.9822197,74.4307556,1.91406727,18.2782631,0.00000000,0.00000000,-26.2934189,0.148631141,0.514933407,288.641479
2024,2,17,-16.5989723,89.2709656,1.82297277,18.4923000,0.00000000,0.00000000,-25.1640205,0.148954853,0.514479160,289.525513
2024,2,18,-20.8174801,80.8735199,1.71338058,21.1578979,0.00000000,0.124878203E-2,-33.7147751,0.150203630,0.534329534,281.106720
2024,2,19,-21.1789398,79.8608932,1.32250655,21.4793758,0.00000000,0.139301945E-2,-34.4650803,0.151596665,0.555178225,273.059448
2024,2,20,-16.9544640,83.1123581,2.06715465,20.7804718,0.00000000,0.123711512E-2,-27.6630688,0.152833775,0.568880975,268.656860
2024,2,21,-9.13573837,85.6196671,4.66486931,22.2516193,0.00000000,0.208995678E-2,-12.3083000,0.154909879,0.575528264,269.161194
2024,2,22,-16.2707233,65.1059875,2.56760097,30.5400219,0.00000000,0.00000000,-29.1555367,0.154909879,0.565395117,273.985168
2024,2,23,-19.8775101,71.4124451,1.42211902,26.8111019,0.00000000,0.00000000,-34.6531906,0.155025393,0.560330868,276.667603
2024,2,24,-21.0672722,81.9816132,0.635259807,26.3322983,0.00000000,0.00000000,-31.1136265,0.155369028,0.559057653,277.912354
2024,2,25,-26.5614433,80.7209549,1.77913833,27.5507278,0.00000000,0.00000000,-35.3107872,0.155384541,0.552868783,281.051392
2024,2,26,-26.4339848,75.3698349,4.84125996,29.1768417,0.00000000,0.00000000,-30.5597687,0.155504733,0.548053265,283.740173
2024,2,27,-25.8496685,75.9011765,1.86871481,30.0352879,0.00000000,0.113288627E-2,-36.8067551,0.156637609,0.564797938,277.333893
2024,2,28,-32.0503540,71.5655746,1.83220565,32.5538940,0.00000000,0.00000000,-44.4192581,0.156943649,0.566021204,277.275208
2024,2,29,-33.8214684,71.5784683,1.59492540,33.9916267,0.00000000,0.00000000,-45.7573013,0.157103434,0.564608693,278.251892
2024,3,1,-30.7596569,73.7634888,1.30382538,34.7803612,0.00000000,0.00000000,-41.6915131,0.157254577,0.562307000,279.659637
2024,3,2,-26.3076229,70.8566895,2.79377174,37.0026360,0.00000000,0.00000000,-36.8789291,0.157253414,0.556066573,282.796021
2024,3,3,-19.5642242,64.9378967,4.02454424,41.5124054,0.00000000,0.00000000,-28.4521961,0.157228678,0.548060954,286.881744
2024,3,4,-17.8126831,72.2966537,2.35500002,35.5120392,0.00000000,0.00000000,-26.2984505,0.157662228,0.548742175,287.315674
2024,3,5,-17.9908772,81.5381165,1.04858506,33.8987198,0.00000000,0.149013661E-2,-22.9928894,0.159146175,0.568508863,279.936157
2024,3,6,-22.7446022,79.4877014,0.879267216,38.3608551,0.00000000,0.00000000,-28.6410084,0.159240574,0.561922491,283.385284
2024,3,7,-27.2606659,73.5174103,1.54491174,44.5253830,0.00000000,0.00000000,-35.0268707,0.159276381,0.556538999,286.190887
2024,3,8,-28.8345451,76.8101425,0.760367990,42.0284348,0.00000000,0.00000000,-35.1371841,0.159380883,0.552980125,288.221741
2024,3,9,-33.1383820,71.9823608,0.859731555,44.8193016,0.00000000,0.00000000,-40.4755516,0.159653649,0.553938150,288.215668
2024,3,10,-36.0193558,74.4290619,1.16329384,45.7695427,0.00000000,0.00000000,-41.9697113,0.159667999,0.550097585,290.253967
2024,3,11,-34.6180344,72.2604294,1.53452241,47.4347229,0.00000000,0.00000000,-40.3898163,0.159801930,0.548521757,291.331970
2024,3,12,-30.9845943,71.8077545,1.36161518,45.9016075,0.00000000,0.00000000,-37.2043839,0.160080045,0.549357712,291.394928
2024,3,13,-29.8090725,71.7934494,1.56065261,49.4238319,0.00000000,0.554928789E-3,-34.9462891,0.160629436,0.555003285,289.420715
2024,3,14,-32.1771851,71.6299057,1.30475628,50.7654037,0.00000000,0.00000000,-37.2375107,0.160753548,0.552587867,290.910400
2024,3,15,-30.8041439,74.1530304,1.23256457,53.8986702,0.00000000,0.00000000,-35.5953293,0.160769954,0.547859371,293.451141
2024,3,16,-30.8189182,75.4574356,2.42033243,51.6546860,0.00000000,0.00000000,-34.8613129,0.160764843,0.543149173,295.986542
2024,3,17,-29.1543636,73.6142502,2.87914228,53.6823196,0.00000000,0.743641402E-3,-32.7040405,0.161469683,0.552457809,292.275146
2024,3,18,-19.1044083,73.4811172,4.15536356,55.2336121,0.00000000,0.253916485E-2,-21.7649841,0.163927421,0.593290567,276.302063
2024,3,19,-18.1875401,71.3138657,3.14686012,73.6459579,0.00000000,0.00000000,-21.7407360,0.163931742,0.580879033,282.213226
2024,3,20,-8.97093201,63.4496994,5.07737064,65.6100845,0.00000000,0.00000000,-14.7201500,0.163706645,0.565595508,289.441223
2024,3,21,-7.76561737,85.2984619,5.68638563,60.6440086,0.00000000,0.00000000,-8.66125107,0.163846537,0.553203523,296.177704
2024,3,22,-4.19629669,82.1361313,5.69370031,63.5692406,0.00000000,0.00000000,-4.99881363,0.163530990,0.537753344,304.100372
2024,3,23,-6.61439896,83.9028397,4.52037287,64.2984848,0.00000000,0.00000000,-7.18907547,0.163372040,0.526461065,310.321228
2024,3,24,-7.85180283,83.6487656,2.59810686,66.1298676,0.00000000,0.210538809E-2,-9.03630829,0.165366903,0.540818453,305.771545
2024,3,25,-8.86521149,90.2127533,0.915276885,67.9630966,0.00000000,0.173623080E-2,-10.4894257,0.167048752,0.554400921,301.313995
2024,3,26,-14.6620941,83.6406403,1.54666245,69.7975006,0.00000000,0.126370497E-2,-17.5046921,0.168250278,0.568345010,296.035461
2024,3,27,-9.28778076,82.4869843,4.04229736,71.6323929,0.00000000,0.00000000,-10.4722290,0.168295935,0.558577120,301.293976
2024,3,28,-7.33557129,86.5108032,2.27240896,73.4670868,0.00000000,0.540606584E-2,-8.56412506,0.173597157,0.613613427,282.909637
2024,3,29,-9.96807861,87.0090866,1.99841928,75.3008804,0.00000000,0.112546177E-2,-11.8047962,0.174622372,0.609463871,286.518005
2024,3,30,-9.32959747,82.7432098,2.00625896,77.1331177,0.00000000,0.00000000,-10.9686317,0.174873963,0.596652567,293.091766
2024,3,31,-9.08044434,82.8651428,2.00173450,78.9630737,0.00000000,0.255395938E-2,-10.2277412,0.177339882,0.619103253,286.446350
2024,4,1,-11.5754433,85.3545990,1.35421383,80.7900696,0.00000000,0.179541938E-2,-13.5182724,0.179071933,0.629300475,284.557129
2024,4,2,-17.7858124,80.6550980,1.25621796,82.6133957,0.00000000,0.899918261E-3,-20.4782391,0.179923043,0.633092165,284.197235
2024,4,3,-18.3270397,73.5939331,4.47091961,85.4672699,0.00000000,0.00000000,-20.3961182,0.180126831,0.624237895,288.554779
2024,4,4,-11.6311607,78.0298767,6.26111507,86.2463379,0.00000000,0.705607818E-3,-12.3367405,0.180525348,0.614004016,294.013306
2024,4,5,-8.58760834,81.9784851,3.24555850,88.3920898,0.00000000,0.631718314E-3,-9.69960403,0.180964530,0.605458856,298.888214
2024,4,6,-10.8489609,82.1369858,1.99770081,90.6788025,0.00000000,0.00000000,-12.4551907,0.181045189,0.595359564,304.093872
2024,4,7,-13.4771729,82.5545959,1.60938883,92.7593994,0.00000000,0.972414040E-3,-15.3710079,0.181944713,0.602957308,301.753906
2024,4,8,-19.1024647,79.9080124,2.15317345,94.9313049,0.00000000,0.172919361E-2,-21.3332767,0.183613211,0.626971364,292.857391
2024,4,9,-20.5776863,74.9885559,1.74916017,97.3419952,0.00000000,0.00000000,-23.1593380,0.183656767,0.618469954,296.953430
2024,4,10,-14.0535297,77.3220520,3.73976183,99.2474060,0.00000000,0.00000000,-15.5853062,0.183478504,0.605965614,302.786987
2024,4,11,-8.19958115,81.6164703,8.29679394,101.389992,0.00000000,0.845662958E-3,-8.86478424,0.183844149,0.594422996,309.281677
2024,4,12,-5.33837128,82.9967651,4.58084965,103.521141,0.00000000,0.165269605E-2,-5.72867203,0.185169235,0.596350074,310.504242
2024,4,13,-14.6488266,79.1555557,2.83853698,105.640076,0.00000000,0.131807919E-2,-16.5278378,0.186317027,0.606934726,306.980347
2024,4,14,-16.5137768,76.6591339,3.57927394,111.259888,0.00000000,0.174802984E-2,-18.1351681,0.187905788,0.626179338,300.083038
2024,4,15,-12.2437363,75.7455902,5.62622356,110.438980,0.00000000,0.00000000,-13.2892494,0.187848762,0.616629720,304.637848
2024,4,16,-6.63271713,81.1312408,10.6469793,111.915596,0.00000000,0.00000000,-7.22491455,0.187254041,0.600303650,311.932220
2024,4,17,-3.16134644,83.6762390,5.22353125,113.977715,0.00000000,0.00000000,-3.49560165,0.187036619,0.577500165,323.872833
2024,4,18,-1.12899780,86.3791580,2.95165157,116.023666,0.00000000,0.00000000,-1.96842575,0.187086359,0.540622354,346.057404
2024,4,19,-0.334079742,80.6404419,2.54690385,118.052696,0.00000000,0.00000000,-1.66635513,0.186960623,0.505825102,369.615143
2024,4,20,-0.641044617,85.5861664,1.50991821,120.124924,0.00000000,0.841852103E-3,-1.28603363,0.187693894,0.496259332,378.217346
2024,4,21,-6.31251526,90.5577469,2.40682626,122.469475,0.00000000,0.190769427E-2,-6.05189514,0.189454928,0.515891016,367.238281
2024,4,22,-9.60958481,85.9011230,1.90710402,124.792763,0.00000000,0.00000000,-10.6534519,0.189658105,0.516272128,367.360748
2024,4,23,-4.48864746,86.1925888,2.25683093,127.093941,0.00000000,0.00000000,-5.04055786,0.189811781,0.511571109,371.036957
2024,4,24,-2.66579056,86.7978821,1.34139097,129.372131,0.00000000,0.00000000,-3.34688950,0.189935580,0.489223629,388.238770
2024,4,25,-1.10778809,73.8345718,1.18141639,131.626495,0.00000000,0.00000000,-2.32020187,0.189852536,0.462366641,410.610382
2024,4,26,-2.47368622,83.0925827,1.40758824,133.856201,0.00000000,0.00000000,-3.12191772,0.189734921,0.449493855,422.107941
2024,4,27,-3.12553024,83.5996475,1.44750786,136.060425,0.00000000,0.00000000,-3.23559189,0.189700752,0.448157847,423.290070
2024,4,28,-6.09531784,82.0917816,1.61834395,138.238358,0.00000000,0.00000000,-6.15880966,0.189588875,0.447863460,423.318451
2024,4,29,-8.10982895,85.0445251,1.85661983,140.389221,0.00000000,0.661010912E-3,-8.46203995,0.190027088,0.454627812,417.983856
2024,4,30,-13.3767242,82.9472275,2.79328060,142.512238,0.00000000,0.741281372E-3,-14.0328865,0.190606341,0.466149867,408.894989
2024,5,1,-14.9010582,81.8207245,2.52767873,144.606659,0.00000000,0.544244715E-3,-15.6935081,0.190993145,0.474850446,402.217468
2024,5,2,-13.1302052,80.7405167,1.71726966,146.671707,0.00000000,0.00000000,-14.0955143,0.191016257,0.476678729,400.723267
2024,5,3,-9.58887100,80.4504242,2.26627231,148.706726,0.00000000,0.00000000,-10.0024338,0.190977052,0.477137357,400.255920
2024,5,4,-12.9955139,83.0201340,4.99688196,150.710938,0.00000000,0.280164555E-2,-13.1002235,0.193541765,0.517450094,374.029816
2024,5,5,-16.9610138,80.4029846,5.65297174,152.683701,0.00000000,0.348890643E-2,-16.9742432,0.196812153,0.564139605,348.871368
2024,5,6,-12.0907669,85.3374023,3.37137890,154.624298,0.00000000,0.283319177E-2,-12.3003998,0.199417099,0.597924948,333.515259
2024,5,7,-7.16304779,90.7389374,1.82688737,156.532074,0.00000000,0.236842572E-2,-6.92806625,0.201553866,0.612419844,329.110596
2024,5,8,-5.92134857,89.1009445,1.35142112,158.406433,0.00000000,0.586839067E-2,-5.63547897,0.207200855,0.657469690,315.148895
2024,5,9,-3.07046127,88.1586914,2.22714901,160.246735,0.00000000,0.763127580E-3,-3.48041153,0.207885116,0.620107293,335.240570
2024,5,10,-1.47152328,90.9291382,1.32136977,162.052322,0.00000000,0.204824889E-2,-1.33971786,0.210121214,0.608065546,345.556854
2024,5,11,-3.45365524,88.5943146,1.74173725,163.822678,0.00000000,0.321217813E-2,-3.18060684,0.213065803,0.619634688,343.857117
2024,5,12,-4.04399109,88.2249603,2.03662682,165.557159,0.00000000,0.741804601E-3,-3.64905167,0.213464931,0.616511583,346.246429
2024,5,13,-4.30413818,87.1338425,2.26603746,167.255280,0.00000000,0.188238709E-2,-4.42187500,0.215141892,0.614376485,350.179230
2024,5,14,-2.41052628,89.1705170,1.40141344,169.162201,0.00000000,0.112870906E-2,-2.47443771,0.216113552,0.597225368,361.862640
2024,5,15,-1.47659683,86.5438538,4.88446474,171.036743,0.00000000,0.00000000,-2.16267395,0.215895161,0.555127144,388.911194
2024,5,16,0.892753601E-1,88.0133209,3.93526649,172.868195,0.00000000,0.00000000,-1.23579025,0.215826273,0.504560947,427.750671
2024,5,17,0.267021179,89.5172119,1.51517570,174.656006,0.00000000,0.00000000,-0.665576935,0.215843692,0.464535326,464.644287
2024,5,18,0.186283112,90.6029053,1.32342923,176.399567,0.00000000,0.00000000,-0.986274719,0.216130868,0.428941935,503.869781
2024,5,19,1.63597870,88.9113617,1.02096152,178.098297,0.00000000,0.00000000,-0.106143951,0.215748236,0.392269522,550.000000
2024,5,20,1.13632965,87.8680191,1.55129862,179.751678,0.00000000,0.00000000,-0.881175995,0.196400627,0.357092053,550.000000
2024,5,21,2.48820114,85.1078339,1.54309440,181.359116,0.00000000,0.00000000,-0.402584076,0.175404951,0.318918109,550.000000
2024,5,22,2.91102982,90.7785873,1.17317164,182.920197,0.814570673E-2,0.321207009E-2,0.00000000,0.163167268,0.296667755,550.000000
2024,5,23,-0.865039825,92.3969955,2.66555095,184.434296,0.109586585E-2,0.385189941E-2,-0.963314056,0.162968397,0.306470364,531.759094
2024,5,24,-2.77005768,91.0061035,4.15142202,186.096161,0.00000000,0.244180439E-2,-2.36112976,0.165095717,0.318843633,517.795227
2024,5,25,-5.41489410,87.9159241,4.86532116,187.707672,0.00000000,0.345253758E-2,-4.89981842,0.168092355,0.350579381,479.470184
2024,5,26,-4.39434814,87.1116791,4.07697201,189.264801,0.00000000,0.339716929E-2,-4.20206451,0.171168774,0.373863637,457.837463
2024,5,27,0.557163239,88.8838654,2.13197947,190.767059,0.00000000,0.00000000,-0.794879913,0.171405524,0.333385885,514.135498
2024,5,28,2.18523026,92.3302002,1.26240182,192.213882,0.764683122E-3,0.00000000,0.00000000,0.161225080,0.293136507,550.000000
2024,5,29,3.36554337,88.8328629,1.28910637,193.604874,0.00000000,0.00000000,0.00000000,0.135452986,0.246278167,550.000000
2024,5,30,3.79848099,87.8727264,2.78831244,194.939560,0.502744573E-3,0.00000000,0.00000000,0.105958745,0.192652270,550.000000
2024,5,31,4.29395676,88.0503998,1.99364603,196.217545,0.00000000,0.00000000,0.00000000,0.781054571E-1,0.142009914,550.000000
2024,6,1,5.79395676,87.9081268,2.13750029,197.438354,0.131689932E-2,0.00000000,0.00000000,0.473951027E-1,0.861729160E-1,550.000000
2024,6,2,1.09244919,92.4849014,3.68458271,198.601639,0.219053216E-2,0.115730958E-1,0.00000000,0.509001315E-1,0.143397734,354.957703
2024,6,3,-0.215019226,94.8211136,3.10479546,199.707031,0.152404816E-2,0.825327914E-2,-0.457534790,0.605905429E-1,0.154011264,393.416290
2024,6,4,0.943489075,95.1074142,3.15729666,200.754211,0.988283777E-3,0.262398063E-2,-0.258140564,0.641427264E-1,0.121759295,526.799377
2024,6,5,4.85784912,93.5502930,2.03296399,201.742813,0.110839540E-2,0.00000000,0.00000000,0.368866511E-1,0.670666397E-1,550.000000
2024,6,6,6.26920319,90.2823410,1.85787296,202.672562,0.282186223E-2,0.00000000,0.00000000,0.535034295E-2,0.972789619E-2,550.000000
2024,6,7,6.38986206,91.0036697,2.06282711,203.543106,0.392735889E-2,0.00000000,5.80176163,0.00000000,0.00000000,-9999.00000
2024,6,8,6.49575043,87.4980240,1.38516808,204.354279,0.587675581E-2,0.00000000,8.58137894,0.00000000,0.00000000,-9999.00000
2024,6,9,8.98724365,84.4998703,3.08553910,205.105743,0.00000000,0.00000000,10.0294342,0.00000000,0.00000000,-9999.00000
2024,6,10,8.45134735,88.0923233,3.32146215,205.797333,0.589115079E-3,0.00000000,9.68591690,0.00000000,0.00000000,-9999.00000
2024,6,11,7.40084839,84.9980011,2.76224279,206.428802,0.00000000,0.00000000,8.81026840,0.00000000,0.00000000,-9999.00000
2024,6,12,10.4808464,80.2647705,1.76605117,208.186829,0.00000000,0.00000000,11.7502708,0.00000000,0.00000000,-9999.00000
2024,6,13,13.5514832,75.3793793,1.48278761,209.371216,0.120312558E-2,0.00000000,14.4972267,0.00000000,0.00000000,-9999.00000
2024,6,14,11.5817528,83.9235687,2.35871315,207.960754,0.141369377E-2,0.00000000,12.7220497,0.00000000,0.00000000,-9999.00000
2024,6,15,10.2699509,82.5111771,1.46397805,208.350067,0.121007860E-2,0.00000000,11.7863388,0.00000000,0.00000000,-9999.00000
2024,6,16,11.2763329,82.8924866,1.66861498,208.678497,0.321025611E-2,0.00000000,12.6437950,0.00000000,0.00000000,-9999.00000
2024,6,17,10.5686913,85.6665802,2.02961826,208.945969,0.965162087E-2,0.00000000,12.0313377,0.00000000,0.00000000,-9999.00000
2024,6,18,10.5140839,83.5160751,1.58097839,209.152405,0.459121633E-2,0.00000000,12.1182365,0.00000000,0.00000000,-9999.00000
2024,6,19,9.66756821,85.4467926,1.91457820,209.297668,0.101721263E-2,0.00000000,11.2212982,0.00000000,0.00000000,-9999.00000
2024,6,20,7.25920868,81.0758820,2.75716352,209.381805,0.00000000,0.00000000,8.49175644,0.00000000,0.00000000,-9999.00000
2024,6,21,8.42020416,82.6849976,2.86286569,209.404739,0.124069175E-2,0.00000000,9.57041931,0.00000000,0.00000000,-9999.00000
2024,6,22,10.5592651,81.1368256,2.12302756,209.366501,0.201868801E-2,0.00000000,11.8017044,0.00000000,0.00000000,-9999.00000
2024,6,23,10.3570976,84.1248322,1.81543207,209.267044,0.290433224E-2,0.00000000,11.9071159,0.00000000,0.00000000,-9999.00000
2024,6,24,10.1266441,82.2133255,1.99946165,209.106461,0.217552646E-2,0.00000000,11.3889084,0.00000000,0.00000000,-9999.00000
2024,6,25,13.1124573,72.4889526,1.71064234,220.149490,0.00000000,0.00000000,13.7839355,0.00000000,0.00000000,-9999.00000
2024,6,26,15.6479721,72.6943665,2.17813826,219.309708,0.00000000,0.00000000,15.9766426,0.00000000,0.00000000,-9999.00000
2024,6,27,17.5538483,69.7307205,1.82933950,232.764801,0.643335516E-3,0.00000000,17.7880211,0.00000000,0.00000000,-9999.00000
2024,6,28,16.8174324,73.8550797,2.59249616,212.856369,0.144764606E-2,0.00000000,16.8210869,0.00000000,0.00000000,-9999.00000
2024,6,29,13.3290100,88.7640381,2.58379865,207.388290,0.278048161E-1,0.00000000,14.5023003,0.00000000,0.00000000,-9999.00000
2024,6,30,12.6227608,82.6288757,1.65614831,206.862335,0.880462059E-3,0.00000000,13.7906151,0.00000000,0.00000000,-9999.00000
2024,7,1,12.6253128,85.0242996,2.04251194,206.275909,0.116579956E-2,0.00000000,13.8355980,0.00000000,0.00000000,-9999.00000
2024,7,2,13.4207153,86.4710846,2.82688618,205.629211,0.560574420E-2,0.00000000,14.2112083,0.00000000,0.00000000,-9999.00000
2024,7,3,10.0612183,85.4516983,6.98207474,204.922409,0.105734235E-1,0.00000000,10.2081146,0.00000000,0.00000000,-9999.00000
2024,7,4,7.69786072,88.6798706,5.58414459,204.155746,0.460426928E-2,0.00000000,8.54564285,0.00000000,0.00000000,-9999.00000
2024,7,5,7.34014511,89.5289383,3.43987012,203.329422,0.704129040E-2,0.00000000,8.75399780,0.00000000,0.00000000,-9999.00000
2024,7,6,7.96315384,89.5379791,4.05386543,202.443726,0.210143384E-1,0.00000000,9.12657166,0.00000000,0.00000000,-9999.00000
2024,7,7,1.29433823,86.4907379,4.34833241,201.498840,0.563713210E-2,0.250164443E-2,0.865348816,0.00000000,0.00000000,-9999.00000
2024,7,8,0.877582550,85.4337387,2.37169576,200.495148,0.186143990E-2,0.314535084E-2,-0.198734283,0.00000000,0.00000000,-9999.00000
2024,7,9,3.90922928,80.7265472,3.04370666,199.432922,0.650570204E-3,0.00000000,4.38049316,0.00000000,0.00000000,-9999.00000
2024,7,10,9.07843781,82.9534836,3.18344021,198.312500,0.723973499E-3,0.00000000,10.0188179,0.00000000,0.00000000,-9999.00000
2024,7,11,13.0641937,77.5306854,1.23505664,197.134232,0.597905717E-3,0.00000000,14.1545906,0.00000000,0.00000000,-9999.00000
2024,7,12,13.5457649,80.9084930,2.49275184,195.898468,0.904192100E-3,0.00000000,14.0889931,0.00000000,0.00000000,-9999.00000
2024,7,13,13.5735168,78.8330078,2.65343022,194.605576,0.182611984E-2,0.00000000,14.0113983,0.00000000,0.00000000,-9999.00000
2024,7,14,12.2123947,85.1557999,1.63901567,193.256027,0.765758101E-2,0.00000000,13.5246811,0.00000000,0.00000000,-9999.00000
2024,7,15,10.5276566,84.7450562,3.19551229,191.850235,0.251313532E-2,0.00000000,11.2483902,0.00000000,0.00000000,-9999.00000
2024,7,16,8.08680344,79.9682465,2.70015383,190.388657,0.996807357E-3,0.00000000,9.02627563,0.00000000,0.00000000,-9999.00000
2024,7,17,8.63097382,80.3711548,2.17836094,188.871704,0.154479023E-2,0.00000000,9.76844406,0.00000000,0.00000000,-9999.00000
2024,7,18,9.36760330,80.2088776,2.39665723,187.299942,0.199578796E-2,0.00000000,10.2067032,0.00000000,0.00000000,-9999.00000
2024,7,19,10.5285225,81.7772598,4.06506586,185.673859,0.167754653E-2,0.00000000,10.6860161,0.00000000,0.00000000,-9999.00000
2024,7,20,12.3334846,82.5411148,2.55448675,183.997513,0.00000000,0.00000000,12.9464645,0.00000000,0.00000000,-9999.00000
2024,7,21,12.8071060,85.7193375,1.73413455,182.468964,0.638404512E-3,0.00000000,13.9787216,0.00000000,0.00000000,-9999.00000
2024,7,22,12.8082619,88.8060226,1.69996727,180.893555,0.117491162E-2,0.00000000,14.1256981,0.00000000,0.00000000,-9999.00000
2024,7,23,13.0492058,86.3574600,1.92239952,179.271881,0.193398492E-2,0.00000000,13.9821854,0.00000000,0.00000000,-9999.00000
2024,7,24,16.4504967,80.3442841,2.14830256,177.604340,0.00000000,0.00000000,16.7077904,0.00000000,0.00000000,-9999.00000
2024,7,25,17.0307388,80.3531799,2.12065554,175.891541,0.961935497E-3,0.00000000,17.2012138,0.00000000,0.00000000,-9999.00000
2024,7,26,16.4745789,82.9233551,2.35922718,174.134003,0.863736775E-2,0.00000000,16.8310738,0.00000000,0.00000000,-9999.00000
2024,7,27,5.86163712,89.6746902,2.72264814,172.332336,0.148415957E-1,0.605699315E-3,5.78940964,0.00000000,0.00000000,-9999.00000
2024,7,28,2.32573700,85.2961502,2.04304600,170.487122,0.233401568E-2,0.105722924E-2,2.09235001,0.00000000,0.00000000,-9999.00000
2024,7,29,5.16934586,85.7576523,1.71659851,168.598938,0.200939504E-2,0.00000000,5.07862854,0.00000000,0.00000000,-9999.00000
2024,7,30,3.63785934,89.9860001,2.85078001,166.678513,0.210747868E-2,0.00000000,3.31344604,0.00000000,0.00000000,-9999.00000
2024,7,31,4.78121185,85.9193344,2.77052140,164.967026,0.183074898E-2,0.00000000,5.16619492,0.00000000,0.00000000,-9999.00000
2024,8,1,6.43949127,88.2266998,4.21118212,163.219284,0.649521034E-2,0.00000000,7.17449951,0.00000000,0.00000000,-9999.00000
2024,8,2,2.16898727,84.6041565,2.10328150,161.435837,0.531456107E-2,0.101565185E-2,1.96994781,0.00000000,0.00000000,-9999.00000
2024,8,3,5.12479782,82.0975571,3.98061419,159.617294,0.00000000,0.00000000,5.49049759,0.00000000,0.00000000,-9999.00000
2024,8,4,7.77671814,84.7516556,6.93498421,157.764191,0.00000000,0.00000000,7.62342072,0.00000000,0.00000000,-9999.00000
2024,8,5,13.5464783,80.3019409,5.34615040,155.877213,0.00000000,0.00000000,12.9012260,0.00000000,0.00000000,-9999.00000
2024,8,6,16.1388016,81.9871368,4.46345234,153.956970,0.00000000,0.00000000,15.4687576,0.00000000,0.00000000,-9999.00000
2024,8,7,15.3407173,83.0884552,3.58688736,152.004059,0.319382385E-2,0.00000000,15.0532646,0.00000000,0.00000000,-9999.00000
2024,8,8,13.2014847,87.4462128,1.95349681,150.019196,0.950030237E-2,0.00000000,14.0457039,0.00000000,0.00000000,-9999.00000
2024,8,9,9.68729401,90.4618835,1.63050914,148.003067,0.799891632E-2,0.00000000,11.0520439,0.00000000,0.00000000,-9999.00000
2024,8,10,7.53929138,87.3990326,1.72228146,145.956329,0.619911961E-2,0.00000000,8.91027069,0.00000000,0.00000000,-9999.00000
2024,8,11,5.80883789,85.3038330,1.41185248,143.879730,0.361471716E-2,0.00000000,7.29869080,0.00000000,0.00000000,-9999.00000
2024,8,12,5.44623184,89.0751877,2.70253897,141.774017,0.355004799E-2,0.00000000,6.50790024,0.00000000,0.00000000,-9999.00000
2024,8,13,6.01269150,85.2939148,3.98844671,139.639893,0.670619367E-3,0.00000000,6.33809280,0.00000000,0.00000000,-9999.00000
2024,8,14,6.20394897,83.3807831,5.82856750,137.478149,0.118527201E-2,0.00000000,6.15608215,0.00000000,0.00000000,-9999.00000
2024,8,15,5.80826569,88.4916916,4.65568686,135.289581,0.134421443E-2,0.00000000,6.28433228,0.00000000,0.00000000,-9999.00000
2024,8,16,9.54173279,86.1094971,7.01830769,133.074936,0.358715560E-2,0.00000000,9.31480789,0.00000000,0.00000000,-9999.00000
2024,8,17,5.48914337,86.2189636,3.79675746,130.835083,0.428094668E-2,0.00000000,4.55097580,0.00000000,0.00000000,-9999.00000
2024,8,18,8.78892899,87.5898132,6.40416813,128.570801,0.793659408E-2,0.00000000,8.66805649,0.00000000,0.00000000,-9999.00000
2024,8,19,8.17554092,86.1987000,5.93744659,126.282951,0.192482851E-2,0.00000000,8.11800003,0.00000000,0.00000000,-9999.00000
2024,8,20,0.967647552,85.9573059,4.30088568,123.972389,0.253574154E-2,0.235887594E-2,0.415630341,0.00000000,0.00000000,-9999.00000
2024,8,21,2.83562088,86.1215134,4.75770569,121.639977,0.187017838E-2,0.00000000,1.29664612,0.00000000,0.00000000,-9999.00000
2024,8,22,4.25229645,86.7878342,5.60829973,119.286575,0.198081136E-2,0.00000000,4.44506836,0.00000000,0.00000000,-9999.00000
2024,8,23,2.77960968,89.6570740,3.72596765,117.205788,0.548637658E-2,0.118107279E-2,2.17596054,0.00000000,0.00000000,-9999.00000
2024,8,24,2.11935806,87.8334045,1.67978764,115.168480,0.129881990E-2,0.655347831E-3,1.21604156,0.00000000,0.00000000,-9999.00000
2024,8,25,1.05506134,87.9197388,1.88488424,113.114548,0.578479492E-3,0.203631795E-2,0.144195557,0.00000000,0.00000000,-9999.00000
2024,8,26,3.24992371,85.4784622,2.43069029,111.044746,0.00000000,0.00000000,3.87815475,0.00000000,0.00000000,-9999.00000
2024,8,27,6.45983887,85.9089355,3.27086496,108.959869,0.00000000,0.00000000,6.79926300,0.00000000,0.00000000,-9999.00000
2024,8,28,6.36846161,87.6893768,1.95582342,106.860703,0.290272338E-2,0.00000000,7.22330856,0.00000000,0.00000000,-9999.00000
2024,8,29,4.22011948,90.6250229,2.28837872,104.748039,0.713681057E-2,0.125706033E-2,4.17666626,0.00000000,0.00000000,-9999.00000
2024,8,30,-0.276248932,85.1705017,1.92352688,102.622665,0.00000000,0.118658040E-2,-0.692939758,0.00000000,0.00000000,-9999.00000
2024,8,31,1.12980270,87.9320221,1.63036168,100.485405,0.00000000,0.00000000,0.367271423,0.00000000,0.00000000,-9999.00000
2024,9,1,-0.169124603,89.6644974,2.81283140,98.3370514,0.816630432E-3,0.237692241E-2,-0.222328186,0.00000000,0.00000000,-9999.00000
2024,9,2,0.472042084,84.0119705,3.23346496,96.1784515,0.00000000,0.00000000,0.154590607,0.00000000,0.00000000,-9999.00000
2024,9,3,3.27995300,87.5162582,5.63214684,94.0104065,0.393452821E-2,0.00000000,1.91637039,0.00000000,0.00000000,-9999.00000
2024,9,4,3.15273666,86.6716309,3.54104686,91.8337326,0.00000000,0.00000000,3.33808136,0.00000000,0.00000000,-9999.00000
2024,9,5,5.38071823,88.2734985,2.30607224,89.6493073,0.990958186E-3,0.00000000,6.02742767,0.00000000,0.00000000,-9999.00000
2024,9,6,5.76997757,92.0782852,1.95001209,87.4579163,0.123144884E-2,0.00000000,6.65619278,0.00000000,0.00000000,-9999.00000
2024,9,7,3.08199310,91.2653046,2.04337215,85.3084488,0.483816210E-2,0.202341471E-2,2.41636658,0.00000000,0.00000000,-9999.00000
2024,9,8,1.81290817,90.5975418,2.99267244,83.4911346,0.00000000,0.00000000,1.41879654,0.00000000,0.00000000,-9999.00000
2024,9,9,3.10839844,88.4942627,2.56001067,81.6691132,0.00000000,0.00000000,2.26035690,0.00000000,0.00000000,-9999.00000
2024,9,10,4.80094147,86.6413574,2.06111145,79.8431244,0.109686959E-2,0.00000000,3.62470245,0.00000000,0.00000000,-9999.00000
2024,9,11,4.24698257,89.5169678,1.83643889,78.0138245,0.116234715E-2,0.00000000,3.40639496,0.00000000,0.00000000,-9999.00000
2024,9,12,3.25683594,89.9157333,0.939910173,76.1819153,0.638861500E-3,0.00000000,2.91271973,0.00000000,0.00000000,-9999.00000
2024,9,13,3.60748291,91.0507889,1.27185082,74.3480988,0.594321813E-3,0.00000000,2.90269470,0.00000000,0.00000000,-9999.00000
2024,9,14,3.79261780,90.6970749,1.76786435,72.5130844,0.127311656E-2,0.00000000,2.65568161,0.00000000,0.00000000,-9999.00000
2024,9,15,3.77053452,89.9244156,2.62171364,70.6775131,0.278729387E-2,0.00000000,2.77123260,0.00000000,0.00000000,-9999.00000
2024,9,16,2.54668427,89.2689133,3.18967867,68.8421097,0.729720108E-3,0.00000000,1.97390747,0.00000000,0.00000000,-9999.00000
2024,9,17,1.69659424,90.4431229,2.23625302,67.0075684,0.00000000,0.00000000,1.24500275,0.00000000,0.00000000,-9999.00000
2024,9,18,1.03063965,88.5948792,1.49242520,65.1745453,0.539873727E-3,0.00000000,0.113571167,0.00000000,0.00000000,-9999.00000
2024,9,19,0.528587341,90.1068726,1.44254327,63.3437309,0.00000000,0.500864757E-3,-0.330055237,0.00000000,0.00000000,-9999.00000
2024,9,20,0.960048676,89.9358139,0.862876058,61.5158195,0.117098959E-2,0.226561679E-2,0.297927856E-2,0.00000000,0.00000000,-9999.00000
2024,9,21,-2.35520172,91.4642334,2.63932705,59.6914597,0.00000000,0.889843050E-2,-2.72946930,0.877512898E-2,0.731380731E-1,119.980316
2024,9,22,-3.61576843,92.1164017,2.29544997,57.8713188,0.00000000,0.520506082E-2,-4.21513367,0.138515281E-1,0.108690679,127.439888
2024,9,23,-4.88594818,92.1006317,3.67923760,56.0560760,0.00000000,0.262423931E-2,-5.48336029,0.163427182E-1,0.124827474,130.922440
2024,9,24,-6.05432129,91.4585342,2.54801655,54.2463684,0.00000000,0.328356051E-2,-6.87756348,0.195435435E-1,0.146434948,133.462280
2024,9,25,-6.24300003,91.1193161,1.41786957,52.4428482,0.00000000,0.712339999E-3,-7.93384933,0.201795883E-1,0.141084015,143.032425
2024,9,26,-4.78616333,91.7656708,1.48430240,50.6461411,0.00000000,0.178842735E-2,-5.86854553,0.218961909E-1,0.146020129,149.953232
2024,9,27,-4.46323013,91.6458435,1.63242495,48.9642487,0.00000000,0.00000000,-5.73674393,0.222513881E-1,0.137617737,161.689835
2024,9,28,-6.10395050,90.8938522,1.76847076,47.1839256,0.00000000,0.00000000,-7.60107422,0.226727668E-1,0.134396762,168.700256
2024,9,29,-6.94279099,74.5000687,2.13106132,46.7546616,0.00000000,0.00000000,-9.96591187,0.225832332E-1,0.127941877,176.511658
2024,9,30,-6.28225708,70.5620728,2.67645240,48.4013214,0.00000000,0.00000000,-9.22084427,0.225138627E-1,0.122607835,183.624985
2024,10,1,-7.10373688,75.1696777,2.86771917,41.8974152,0.00000000,0.00000000,-10.7685890,0.224245694E-1,0.118224911,189.677200
2024,10,2,-8.77752686,88.0697479,3.66935468,40.1554031,0.00000000,0.00000000,-9.92274857,0.223412700E-1,0.114401914,195.287552
2024,10,3,-7.23639297,88.2791138,3.47204447,38.4244080,0.00000000,0.00000000,-8.37387466,0.223048273E-1,0.111564159,199.928238
2024,10,4,-7.46358490,87.7100906,3.64398193,36.7395554,0.00000000,0.00000000,-8.42885971,0.223231521E-1,0.109375745,204.096008
2024,10,5,-4.83099747,89.3286133,1.98236835,35.5884399,0.00000000,0.00000000,-5.93951797,0.223709960E-1,0.107393213,208.309219
2024,10,6,-4.15907669,89.7739029,1.42851543,34.2740479,0.00000000,0.854117330E-3,-5.87735748,0.231604464E-1,0.112395093,206.062790
2024,10,7,-4.70204163,92.4915543,0.944844902,32.9694328,0.00000000,0.552824989E-3,-6.13185120,0.236842707E-1,0.114880204,206.164948
2024,10,8,-6.43985748,91.7787476,1.04380476,31.6749954,0.00000000,0.553136342E-3,-8.50157547,0.242100358E-1,0.118113920,204.971909
2024,10,9,-7.75639343,91.3255463,1.30034792,30.3911228,0.00000000,0.152046897E-2,-10.2634087,0.257043187E-1,0.133021712,193.234009
2024,10,10,-7.96016312,90.9967728,1.05711007,29.1182213,0.00000000,0.319679105E-2,-10.4133987,0.288870782E-1,0.166109890,173.903412
2024,10,11,-9.95534134,88.1570206,1.04340744,27.8566818,0.00000000,0.105021382E-2,-13.2100945,0.299227182E-1,0.173733383,172.233551
2024,10,12,-11.2682838,90.0711823,2.57966542,26.6068802,0.00000000,0.103295257E-2,-14.1871300,0.309281535E-1,0.181106284,170.773499
2024,10,13,-7.13479233,93.1135178,6.43464947,25.7509155,0.00000000,0.197043996E-1,-7.71409607,0.505797192E-1,0.322956204,156.614792
2024,10,14,-10.4806366,89.4370270,2.54564071,24.5255680,0.00000000,0.579837617E-2,-12.4996986,0.563754626E-1,0.353915930,159.290543
2024,10,15,-15.4516182,84.3519135,2.65724301,23.3130112,0.00000000,0.00000000,-19.0752087,0.565514974E-1,0.327085257,172.895279
2024,10,16,-9.73678207,86.4580154,5.81712818,22.1135674,0.00000000,0.988881011E-2,-10.8250656,0.663569048E-1,0.392993540,168.849854
2024,10,17,-11.9283829,88.3040695,3.92829490,21.3586330,0.00000000,0.654663146E-2,-13.3743515,0.728884637E-1,0.442820132,164.600616
2024,10,18,-16.4816628,84.5650635,2.13887715,20.1861248,0.00000000,0.797047571E-3,-20.2985420,0.736835226E-1,0.415459275,177.354385
2024,10,19,-17.5098953,78.8021240,1.97133756,20.2834568,0.00000000,0.00000000,-22.6005917,0.736826658E-1,0.387566209,190.116318
2024,10,20,-14.0009003,82.5490112,3.03905034,17.8468361,0.00000000,0.115593337E-2,-17.4913063,0.748274922E-1,0.381448179,196.166855
2024,10,21,-7.46620178,83.9589767,9.66230297,17.0651474,0.00000000,0.410455326E-2,-8.39966583,0.785927922E-1,0.366733730,214.304779
2024,10,22,-5.10475540,84.4974594,6.72847700,16.2935696,0.00000000,0.754102133E-3,-6.05983734,0.791068599E-1,0.349191040,226.543198
2024,10,23,-9.45396423,88.6242142,4.55003452,15.5322905,0.00000000,0.586311799E-2,-10.6567307,0.849431753E-1,0.412433505,205.956055
2024,10,24,-13.1546402,87.8924179,3.46304011,14.7815037,0.00000000,0.388200860E-2,-15.1867352,0.888106301E-1,0.451593488,196.660568
2024,10,25,-11.4831543,88.8178406,3.57528448,14.0413942,0.00000000,0.322124921E-2,-13.1977806,0.920286775E-1,0.460335791,199.916412
2024,10,26,-15.1154022,86.6681519,1.12836242,13.3121357,0.00000000,0.00000000,-19.8122215,0.925075114E-1,0.441979676,209.302643
2024,10,27,-18.1570206,81.6012650,1.02407491,14.7742548,0.00000000,0.00000000,-24.9627285,0.927296057E-1,0.427866220,216.725708
2024,10,28,-20.0669422,78.3721161,4.22440958,13.6941051,0.00000000,0.00000000,-24.5122242,0.930420682E-1,0.418485880,222.330246
2024,10,29,-16.9898109,79.3859482,2.17814922,12.0793457,0.00000000,0.00000000,-24.7306461,0.935085043E-1,0.413310349,226.242844
2024,10,30,-22.4433002,82.1575623,2.66966677,12.1979523,0.00000000,0.00000000,-28.2482586,0.935085043E-1,0.402451873,232.347061
2024,10,31,-22.3409519,81.2507095,3.38820076,11.3309097,0.00000000,0.00000000,-27.8018665,0.935378000E-1,0.393411934,237.760468
2024,11,1,-20.0310020,77.7527313,4.11814880,11.5113010,0.00000000,0.00000000,-25.4364185,0.935660079E-1,0.384753406,243.184357
2024,11,2,-15.0096664,76.2944641,2.29740000,10.4845533,0.00000000,0.100504397E-2,-26.9251919,0.945710540E-1,0.396248043,238.666290
2024,11,3,-14.3570671,79.7475433,2.04326510,9.57839394,0.00000000,0.939529564E-3,-25.4228573,0.955105945E-1,0.404639393,236.038803
2024,11,4,-14.3894386,80.7912445,1.22535145,8.82681084,0.00000000,0.611097494E-3,-25.7815857,0.961216986E-1,0.406407773,236.515396
2024,11,5,-17.3692474,80.7200928,3.41873026,8.16445732,0.00000000,0.00000000,-25.5084801,0.962795839E-1,0.399358660,241.085510
2024,11,6,-15.0190811,78.3638916,4.37540722,7.85774899,0.00000000,0.00000000,-20.6800690,0.964604765E-1,0.391922474,246.121323
2024,11,7,-14.3890419,84.9794846,2.73933506,6.68840170,0.00000000,0.00000000,-22.5634899,0.965088755E-1,0.383994162,251.329010
2024,11,8,-19.6914902,84.7077560,2.68454409,6.20890903,0.00000000,0.00000000,-29.0725746,0.965434983E-1,0.378439993,255.109116
2024,11,9,-21.6515827,82.7370682,1.60039485,5.85934734,0.00000000,0.00000000,-34.2503700,0.965562165E-1,0.374122858,258.086914
2024,11,10,-23.6282578,79.2068024,3.04014897,5.55039978,0.00000000,0.00000000,-35.1246719,0.965562165E-1,0.370012075,260.954224
2024,11,11,-23.4218407,82.3346329,1.81830001,4.44264650,0.00000000,0.00000000,-37.1970749,0.965562165E-1,0.366482288,263.467621
2024,11,12,-22.1399059,80.5767059,0.705687821,3.79685688,0.00000000,0.00000000,-37.3458252,0.967058763E-1,0.366125524,264.133118
2024,11,13,-25.5609417,78.6018066,1.16722429,3.61044812,0.00000000,0.00000000,-41.6555710,0.967567414E-1,0.364363551,265.550018
2024,11,14,-27.0715256,75.8718262,1.97719479,3.13422132,0.00000000,0.00000000,-43.5537224,0.967567414E-1,0.361890227,267.364899
2024,11,15,-23.2824020,73.5583801,1.98284698,3.12903881,0.00000000,0.00000000,-40.7709084,0.968813375E-1,0.361703753,267.847198
2024,11,16,-24.4698162,77.8707733,1.29921138,2.67924452,0.00000000,0.00000000,-41.4211960,0.971245319E-1,0.363945544,266.865570
2024,11,17,-29.8091660,76.6462021,0.918736339,2.35121965,0.00000000,0.00000000,-47.2454681,0.975161940E-1,0.369583845,263.854065
2024,11,18,-29.1107483,77.4623718,1.57069540,2.10252404,0.00000000,0.00000000,-46.3169861,0.977309346E-1,0.371430695,263.120239
2024,11,19,-27.6573620,66.5015335,6.82033730,2.02023005,0.00000000,0.00000000,-35.2569580,0.976722836E-1,0.367291540,265.925781
2024,11,20,-16.9848671,74.5101700,11.9346561,1.40431643,0.00000000,0.235716207E-2,-19.0305767,0.998869911E-1,0.370445639,269.640076
2024,11,21,-12.4542580,87.4722900,4.48229790,1.02781510,0.00000000,0.286317267E-2,-20.6265926,0.102750175,0.399031997,257.498596
2024,11,22,-20.3384762,79.9454117,1.94253111,1.01363838,0.00000000,0.00000000,-35.7092667,0.102912821,0.397517711,258.888641
2024,11,23,-16.9118843,60.0439453,2.53491998,0.00000000,0.00000000,0.894072582E-3,-35.6118393,0.103806898,0.409977525,253.201447
2024,11,24,-12.5891457,83.6110840,1.96331406,0.00000000,0.00000000,0.288827042E-2,-26.5618610,0.106695160,0.452504963,235.787827
2024,11,25,-18.6173363,82.3642883,2.29589415,0.00000000,0.00000000,0.306776189E-2,-34.0177956,0.109762914,0.498976350,219.976196
2024,11,26,-27.8086185,74.6673203,1.16696656,0.00000000,0.00000000,0.00000000,-46.3609009,0.110016726,0.495002240,222.255005
2024,11,27,-29.3925056,68.7593842,3.32651281,0.00000000,0.00000000,0.00000000,-44.4384651,0.110047914,0.486681223,226.119080
2024,11,28,-27.0557594,71.2991104,3.22898769,0.00000000,0.00000000,0.00000000,-41.3775787,0.110125497,0.478815913,229.995483
2024,11,29,-17.0729790,74.9862137,3.35639811,0.00000000,0.00000000,0.147974107E-2,-30.5703430,0.111605227,0.494830668,225.542252
2024,11,30,-22.2437229,80.4707184,2.30018687,0.00000000,0.00000000,0.221425598E-2,-37.2223587,0.113819487,0.524474561,217.016220
2024,12,1,-26.6150513,78.5644608,2.25621629,0.00000000,0.00000000,0.00000000,-43.6903496,0.113916226,0.515113115,221.147995
2024,12,2,-23.4272499,46.6892090,2.19333911,0.00000000,0.00000000,0.00000000,-44.3733406,0.113916226,0.505295515,225.444763
2024,12,3,-21.7234993,51.7918320,6.37440777,0.00000000,0.00000000,0.00000000,-30.2777996,0.113842465,0.489275485,232.675598
2024,12,4,-13.8540306,68.9782410,5.28852749,0.00000000,0.00000000,0.139972207E-2,-22.5502148,0.115202129,0.497938812,231.358002
2024,12,5,-11.9093666,86.6173248,2.22466469,0.00000000,0.00000000,0.906919653E-3,-26.1206741,0.116109058,0.497364819,233.448471
2024,12,6,-11.7772026,91.6185837,1.47871614,0.00000000,0.00000000,0.265945960E-2,-25.6492500,0.118768513,0.527464449,225.168762
2024,12,7,-16.4942970,87.9758530,1.00774014,0.00000000,0.00000000,0.00000000,-32.5741959,0.119133480,0.519200087,229.455811
2024,12,8,-15.7778015,89.5206070,1.16528606,0.00000000,0.00000000,0.00000000,-31.2132530,0.119427502,0.510385156,233.994858
2024,12,9,-11.0350800,83.2967606,5.07339001,0.00000000,0.00000000,0.744393677E-3,-17.6252079,0.120171890,0.496407598,242.083099
2024,12,10,-5.59312820,85.5141983,6.64252901,0.00000000,0.00000000,0.335030537E-2,-8.68332291,0.123522207,0.494206011,249.940720
2024,12,11,-9.43199921,87.8654556,3.49665833,0.00000000,0.00000000,0.00000000,-19.7316017,0.123522207,0.479646176,257.527771
2024,12,12,-12.2750931,86.0690689,4.25201464,0.00000000,0.00000000,0.00000000,-19.9946251,0.123522207,0.467697501,264.107056
2024,12,13,-21.0401249,69.4544144,7.98372221,0.00000000,0.00000000,0.00000000,-24.7620373,0.123482265,0.458864599,269.103912
2024,12,14,-27.0570583,62.4663239,4.00548792,0.00000000,0.00000000,0.00000000,-39.7550812,0.123482272,0.454551905,271.657135
2024,12,15,-24.3306255,57.7798996,1.50808573,0.00000000,0.00000000,0.00000000,-45.1253738,0.123482265,0.451306313,273.610748
2024,12,16,-26.0117989,69.6022339,5.81324291,0.00000000,0.00000000,0.00000000,-32.6337280,0.123475440,0.446151555,276.756714
2024,12,17,-21.2433414,69.1255875,9.39947605,0.00000000,0.00000000,0.00000000,-24.0654850,0.123403914,0.439410806,280.839508
2024,12,18,-17.1652203,65.0031281,3.34042764,0.00000000,0.00000000,0.00000000,-33.0813141,0.123403914,0.435234845,283.534088
2024,12,19,-17.6851120,64.2627182,2.97507691,0.00000000,0.00000000,0.00000000,-34.4647903,0.123403922,0.431521803,285.973785
2024,12,20,-18.1714516,81.5048218,1.03940105,0.00000000,0.00000000,0.00000000,-36.5222359,0.123509526,0.430399477,286.964874
2024,12,21,-21.8589363,81.8830948,1.30655968,0.00000000,0.00000000,0.00000000,-40.4853096,0.123610891,0.429683924,287.678650
2024,12,22,-27.2082882,77.4599915,2.22875285,0.00000000,0.00000000,0.00000000,-45.9855156,0.123855032,0.432394505,286.439880
2024,12,23,-28.9876251,74.4189529,2.03293729,0.00000000,0.00000000,0.00000000,-48.2620125,0.124235265,0.437937915,283.682373
2024,12,24,-24.5580902,76.5724106,1.46852422,0.00000000,0.00000000,0.331290206E-2,-44.0250778,0.127548173,0.500524402,254.829071
2024,12,25,-25.0315437,77.0570679,1.49073589,0.00000000,0.00000000,0.226184819E-2,-44.4784927,0.129810005,0.539146662,240.769394
2024,12,26,-22.8453407,84.0390472,1.57050741,0.00000000,0.00000000,0.661077967E-3,-41.2659073,0.130471095,0.542836070,240.350830
2024,12,27,-24.8512440,78.7972107,0.819393396,0.00000000,0.00000000,0.672743365E-3,-44.1435699,0.131143808,0.547635734,239.472717
2024,12,28,-26.5571938,77.3367538,0.885866463,0.00000000,0.00000000,0.00000000,-46.1956940,0.131404191,0.545022249,241.098770
2024,12,29,-32.2728577,64.3997726,1.84211648,0.00000000,0.00000000,0.00000000,-51.7904472,0.131477162,0.540429592,243.282684
2024,12,30,-24.5029659,39.7713280,3.10049677,0.00000000,0.00000000,0.00000000,-43.3169708,0.131477162,0.532447636,246.929749
2024,12,31,-19.5334530,39.4327850,2.85291624,0.00000000,0.00000000,0.00000000,-38.4671288,0.131477162,0.523744106,251.033203
2025,1,1,-21.6305962,64.1249084,1.02737105,0.00000000,0.00000000,0.00000000,-42.4394150,0.131477162,0.516994417,254.310608
2025,1,2,-22.0933971,35.3176880,1.45530283,0.00000000,0.00000000,0.00000000,-44.2397690,0.131477162,0.511195838,257.195282
2025,1,3,-24.6258869,42.3337097,1.95989501,0.00000000,0.00000000,0.00000000,-46.0873032,0.131477162,0.506162763,259.752716
2025,1,4,-27.7327843,75.8212967,2.53665018,0.00000000,0.00000000,0.00000000,-46.5350151,0.131477177,0.501516998,262.158966
2025,1,5,-28.9257488,79.2555695,2.76902151,0.00000000,0.00000000,0.00000000,-46.4543839,0.131477177,0.497108728,264.483734
2025,1,6,-26.3700333,78.0799866,0.873434782,0.00000000,0.00000000,0.758458045E-3,-46.0985641,0.132235631,0.507820547,260.398346
2025,1,7,-29.7074718,76.3185349,3.00654101,0.00000000,0.00000000,0.417286390E-2,-46.5507240,0.136408508,0.584235609,233.482010
2025,1,8,-23.1871014,77.3689117,1.64281905,0.00000000,0.00000000,0.224582199E-2,-42.5413818,0.138654351,0.615306497,225.341934
2025,1,9,-16.4007759,83.6230087,3.07355452,0.00000000,0.00000000,0.587989518E-3,-32.2877197,0.139242351,0.605416715,229.994232
2025,1,10,-16.0708160,87.7298279,2.20352387,0.00000000,0.00000000,0.00000000,-33.0219803,0.139393732,0.590412498,236.095505
2025,1,11,-12.5716228,85.3510590,4.65158081,0.00000000,0.00000000,0.00000000,-20.7303391,0.139794588,0.572168171,244.324295
2025,1,12,-9.21069336,86.9595413,4.56239986,0.00000000,0.00000000,0.124218897E-2,-18.1395969,0.141036764,0.559264421,252.182602
2025,1,13,-4.76522446,85.5791855,7.09343624,0.00000000,0.00000000,0.186485692E-2,-8.14828491,0.142901614,0.542361200,263.480530
2025,1,14,-13.0109825,83.8117599,6.27399588,0.00000000,0.00000000,0.00000000,-17.6354294,0.143085450,0.527853489,271.070374
2025,1,15,-19.4671707,82.8489151,2.16809058,0.00000000,0.00000000,0.158108678E-2,-37.1733818,0.144666523,0.552476943,261.850769
2025,1,16,-21.0442295,82.4980927,2.18811607,0.00000000,0.00000000,0.00000000,-39.6480751,0.145027593,0.552489519,262.498352
2025,1,17,-23.1831532,71.1862946,5.87678337,0.00000000,0.00000000,0.00000000,-30.1249924,0.145007119,0.542305589,267.390076
2025,1,18,-9.79373932,78.5370026,7.91020060,0.00000000,0.00000000,0.00000000,-12.9183788,0.145193696,0.526587963,275.725433
2025,1,19,-4.69920349,74.8417816,6.93151808,1.12372327,0.00000000,0.00000000,-9.88526535,0.145338744,0.512542784,283.564117
2025,1,20,-8.66400528,85.7712250,5.59445286,1.23750734,0.00000000,0.176031084E-2,-13.3233604,0.147099048,0.520050764,282.855164
2025,1,21,-10.0126495,86.2089920,6.62519264,1.51210833,0.00000000,0.968277105E-3,-13.9115944,0.148067325,0.516007662,286.947906
2025,1,22,-9.07896042,87.3713913,2.84018064,1.78788495,0.00000000,0.155648263E-2,-22.6930695,0.149623811,0.529185057,282.743835
2025,1,23,-10.2550049,86.8960266,4.54295969,2.11563635,0.00000000,0.122544286E-2,-16.9015217,0.150849253,0.535185814,281.863342
2025,1,24,-6.55322266,85.1928253,9.17271709,2.46473575,0.00000000,0.671668386E-3,-9.13898468,0.151484683,0.523436010,289.404388
2025,1,25,-12.1438560,79.1195145,4.91560555,2.85507107,0.00000000,0.110401923E-2,-21.6377735,0.152588695,0.534540355,285.457764
2025,1,26,-20.4422836,79.5580826,1.71565545,3.23273587,0.00000000,0.199596793E-2,-38.4360313,0.154584661,0.569422960,271.475983
2025,1,27,-17.8844204,86.4307938,2.73023701,3.19003654,0.00000000,0.488825003E-2,-32.7169037,0.159472942,0.651108384,244.925339
2025,1,28,-21.6899853,76.9755096,3.22807670,4.82352257,0.00000000,0.00000000,-35.7413254,0.159743011,0.640234768,249.506927
2025,1,29,-31.3310242,73.6003647,0.656787455,5.54057598,0.00000000,0.00000000,-50.3425446,0.159991056,0.637498260,250.967056
2025,1,30,-34.9495087,76.5655212,1.61435485,6.25955296,0.00000000,0.00000000,-53.1101685,0.160044506,0.631974816,253.245087
2025,1,31,-32.4029465,71.6158524,1.75933766,7.52253962,0.00000000,0.00000000,-50.9475708,0.160044506,0.625174642,255.999695
2025,2,1,-24.4213867,56.9413834,3.01389575,7.97852564,0.00000000,0.823095907E-3,-41.7929573,0.160867617,0.632009387,254.533585
2025,2,2,-14.2333527,87.8380508,3.47547388,7.49564362,0.00000000,0.721683784E-3,-24.1440353,0.161589310,0.626470923,257.935852
2025,2,3,-11.4270973,84.0170441,3.36755943,9.45938683,0.00000000,0.00000000,-21.8045578,0.161620766,0.608259499,265.710236
2025,2,4,-10.0755959,75.6569672,3.80614161,9.14925766,0.00000000,0.00000000,-20.3472672,0.161816612,0.594719946,272.088745
2025,2,5,-11.9515114,86.2368469,3.53224945,9.59838676,0.00000000,0.184482872E-2,-21.1288815,0.163661450,0.612083673,267.384125
2025,2,6,-22.3576393,85.1587677,2.03535223,11.1365576,0.00000000,0.00000000,-35.9557266,0.163840771,0.606523633,270.130890
2025,2,7,-30.6262379,73.7928619,2.42574668,12.8643293,0.00000000,0.00000000,-47.0154915,0.164113179,0.606332779,270.665192
2025,2,8,-25.2232151,56.9124985,2.73892212,15.2351780,0.00000000,0.00000000,-42.7573242,0.164113179,0.599825621,273.601471
2025,2,9,-14.2392921,34.4608383,4.19885826,16.4712105,0.00000000,0.00000000,-28.0709572,0.164094463,0.588853121,278.667908
2025,2,10,-11.1474457,46.3623962,5.32803679,17.3650494,0.00000000,0.00000000,-19.1155949,0.164048031,0.575675845,284.965973
2025,2,11,-8.52480698,47.4511681,2.96252465,18.1262703,0.00000000,0.00000000,-26.0646381,0.164048076,0.567021251,289.315582
2025,2,12,-11.8725967,67.8404541,1.59782791,15.3489380,0.00000000,0.00000000,-28.5450401,0.164099708,0.560908675,292.560455
2025,2,13,-23.8802338,72.1606293,2.72219563,18.7381439,0.00000000,0.00000000,-36.8713913,0.164126948,0.556630850,294.857819
2025,2,14,-28.7910213,69.0535965,5.90226793,19.5441074,0.00000000,0.00000000,-36.1423721,0.164101884,0.551807702,297.389618
2025,2,15,-21.5395851,72.1758118,6.41952181,19.2126122,0.00000000,0.00000000,-25.6936951,0.164202496,0.546756744,300.320953
2025,2,16,-18.3495674,79.9958649,2.81341743,18.6204357,0.00000000,0.538376044E-3,-30.2969856,0.164740860,0.552030981,298.426849
2025,2,17,-22.8552990,81.1069107,1.64278245,20.5963535,0.00000000,0.00000000,-36.0339127,0.164901882,0.550856829,299.355255
2025,2,18,-25.2978992,76.5005188,1.07030106,20.9629364,0.00000000,0.105606450E-2,-40.1107407,0.165957898,0.568130434,292.112335
2025,2,19,-24.7117424,76.1423874,2.09365821,22.3238716,0.00000000,0.115313393E-2,-38.7365303,0.167111024,0.585845947,285.247375
2025,2,20,-26.0078793,78.0308075,2.11483932,23.0733261,0.00000000,0.00000000,-39.0129204,0.167305604,0.584171355,286.398163
2025,2,21,-21.4916573,75.1927795,2.13166809,23.7866669,0.00000000,0.00000000,-35.2688179,0.167682365,0.585214257,286.531555
2025,2,22,-18.9181767,83.4573746,1.20477688,22.2548637,0.00000000,0.00000000,-29.0518875,0.167879805,0.581258476,288.821259
2025,2,23,-20.7418232,82.1692352,1.29432631,26.0276566,0.00000000,0.169000833E-2,-30.8784103,0.169569835,0.606832206,279.434479
2025,2,24,-22.9671001,79.0812149,1.46044922,26.6165886,0.00000000,0.00000000,-34.4655838,0.170042202,0.608207703,279.579163
2025,2,25,-26.9503555,75.7059250,1.43845463,29.1853752,0.00000000,0.00000000,-39.2401428,0.170114815,0.603199363,282.020905
2025,2,26,-23.9635773,60.7781448,2.61853623,33.4788055,0.00000000,0.00000000,-38.8016586,0.170114353,0.596971393,284.962311
2025,2,27,-23.0237198,58.9810066,2.41063404,33.5367622,0.00000000,0.00000000,-38.7677231,0.170114368,0.591162443,287.762482
2025,2,28,-20.0839691,61.3776054,2.09846210,30.3806973,0.00000000,0.00000000,-35.2198181,0.170114353,0.584625423,290.980072
2025,3,1,-14.9731445,84.1512909,1.06442475,27.5633621,0.00000000,0.00000000,-21.5149498,0.170110673,0.574866235,295.913483
2025,3,2,-11.1354141,80.6097412,1.86696291,31.5025520,0.00000000,0.00000000,-17.7508526,0.170135111,0.565312803,300.957489
2025,3,3,-8.14414978,83.5992279,3.66914105,29.9833984,0.00000000,0.00000000,-11.7670021,0.170512781,0.560221732,304.366608
2025,3,4,-6.27536011,81.1282730,3.54041839,33.7304916,0.00000000,0.00000000,-9.49281311,0.170459405,0.548948169,310.520050
2025,3,5,-7.12618637,79.6757889,4.58950949,36.8226585,0.00000000,0.00000000,-9.27140427,0.170386538,0.538988709,316.122650
2025,3,6,-7.90718079,80.8938599,2.91954231,34.2489662,0.00000000,0.548527227E-3,-10.5163765,0.170904562,0.538144052,317.581421
2025,3,7,-11.2410011,85.0654144,2.12461448,35.8109818,0.00000000,0.166244106E-2,-14.3557167,0.172528237,0.557321072,309.567047
2025,3,8,-17.8253136,61.8971138,4.22281933,49.3797646,0.00000000,0.00000000,-25.1838474,0.172491267,0.551589906,312.716522
2025,3,9,-19.7699471,54.1563759,4.97353220,50.0546265,0.00000000,0.00000000,-26.1544380,0.172437474,0.546357989,315.612610
2025,3,10,-17.8001385,64.1397324,4.59288263,48.3294449,0.00000000,0.00000000,-23.1308002,0.172401309,0.541008830,318.666351
2025,3,11,-20.3014469,54.8957634,3.72184277,53.8600464,0.00000000,0.00000000,-28.9847012,0.172393918,0.537071586,320.988708
2025,3,12,-19.9404793,56.2604828,1.36183691,55.1593323,0.00000000,0.00000000,-34.1431122,0.172393918,0.533994377,322.838470
2025,3,13,-21.0284061,64.7925186,2.49319863,56.5265656,0.00000000,0.00000000,-29.8075047,0.172390327,0.530527472,324.941376
2025,3,14,-21.2087040,71.3985977,4.40818119,50.8018646,0.00000000,0.00000000,-24.0790577,0.172333002,0.526315510,327.432892
2025,3,15,-22.7676811,67.5522766,3.43463564,56.0284729,0.00000000,0.00000000,-26.7826595,0.172323257,0.522828281,329.598206
2025,3,16,-27.5724163,74.9175415,1.44380653,49.9017868,0.00000000,0.00000000,-31.4988174,0.172505453,0.523904920,329.268616
2025,3,17,-28.4562855,72.5884933,1.62879062,55.0656204,0.00000000,0.00000000,-32.4546661,0.172618911,0.523624063,329.661926
2025,3,18,-26.3188171,71.4956055,1.90341270,59.5939903,0.00000000,0.00000000,-30.4620819,0.172631010,0.521206081,331.214508
2025,3,19,-22.2296162,70.7767410,3.40758419,56.2403259,0.00000000,0.532961858E-3,-26.5629139,0.173104867,0.528241813,327.700073
2025,3,20,-13.6259232,81.6217575,2.40803623,57.0050049,0.00000000,0.161313720E-2,-15.7597027,0.174666554,0.549162626,318.059784
2025,3,21,-10.2555046,86.0345459,1.36237741,58.8222351,0.00000000,0.00000000,-12.5477562,0.174615532,0.541367054,322.545563
2025,3,22,-11.0998726,89.0348511,1.27164268,60.6440086,0.00000000,0.00000000,-13.3349037,0.174688667,0.536577344,325.561005
2025,3,23,-12.7909775,85.8068542,0.901508093,62.4696426,0.00000000,0.00000000,-15.4997826,0.174771577,0.532992840,327.906036
2025,3,24,-15.1220169,86.5833740,1.36089897,64.2984848,0.00000000,0.00000000,-17.9507999,0.174769178,0.528517246,330.678284
2025,3,25,-16.5542526,81.5052109,1.10373271,66.1298676,0.00000000,0.00000000,-19.6791229,0.174843326,0.526225865,332.259094
2025,3,26,-16.0311623,76.9500198,1.35322464,73.3799744,0.00000000,0.00000000,-19.3127174,0.174818933,0.521891952,334.971527
2025,3,27,-17.9499378,74.6520462,1.19049942,70.3666687,0.00000000,0.00000000,-21.7120304,0.175009444,0.522526026,334.929626
2025,3,28,-20.2962666,74.5702896,1.22291577,73.3349762,0.00000000,0.00000000,-23.3581886,0.175307736,0.525347650,333.698517
2025,3,29,-17.6915646,74.4197922,3.00247192,73.7183914,0.00000000,0.00000000,-20.5456543,0.175240651,0.521623373,335.952454
2025,3,30,-15.4783974,77.6024323,3.59452534,75.3008804,0.00000000,0.00000000,-18.0484371,0.175070196,0.516987026,338.635559
2025,3,31,-9.00465393,82.9456100,4.62292099,77.1331177,0.00000000,0.229104096E-2,-9.75426102,0.177162811,0.543025792,326.251190
2025,4,1,-9.98997116,84.9937515,3.78067183,78.9630737,0.00000000,0.359063502E-2,-11.1971741,0.180620387,0.585637569,308.416687
2025,4,2,-16.0951996,81.9416122,4.20205736,80.7900696,0.00000000,0.00000000,-18.0130138,0.180729792,0.580264330,311.461151
2025,4,3,-11.8381042,82.4914246,3.12281489,82.6133957,0.00000000,0.00000000,-13.0581474,0.181066781,0.578390300,313.052948
2025,4,4,-11.5580940,82.3600006,1.75485814,84.4323883,0.00000000,0.00000000,-13.7156239,0.181355178,0.575337589,315.215240
2025,4,5,-7.39618683,86.0161285,1.68893123,86.2463379,0.00000000,0.122302282E-2,-8.36622620,0.182454795,0.577777505,315.787292
2025,4,6,-6.84545898,90.8071365,1.32133460,88.3920898,0.00000000,0.257079257E-2,-7.88365555,0.184903830,0.594492197,311.028168
2025,4,7,-12.1079750,86.1007004,1.55183554,90.5793991,0.00000000,0.388718816E-2,-13.7792358,0.188712195,0.655741751,287.784302
2025,4,8,-14.9950047,83.7699966,2.18046379,92.7593994,0.00000000,0.158335536E-2,-17.0400810,0.190201670,0.667372823,285.000641
2025,4,9,-12.1306458,84.2885742,1.80536914,94.9313049,0.00000000,0.00000000,-13.9797554,0.190509245,0.654311478,291.159882
2025,4,10,-10.7004776,83.4404907,2.16076541,97.0942459,0.00000000,0.923442014E-3,-12.4273987,0.191275164,0.649603248,294.449219
2025,4,11,-9.40613556,83.5819244,3.41927814,99.2474060,0.00000000,0.00000000,-10.2425690,0.191449523,0.636687696,300.696136
2025,4,12,-8.21765900,84.0128937,3.03002167,101.389992,0.00000000,0.00000000,-9.39167404,0.191689923,0.627165556,305.644867
2025,4,13,-8.97377396,79.7913742,4.06389046,103.521141,0.00000000,0.00000000,-9.84943771,0.191561759,0.614529550,311.720978
2025,4,14,-9.61968994,83.1471252,2.95281267,105.640076,0.00000000,0.00000000,-10.0924225,0.191697642,0.606207430,316.224518
2025,4,15,-11.7913589,83.7111664,1.99605322,107.745995,0.00000000,0.615540601E-3,-13.4874134,0.192166314,0.605170786,317.540649
2025,4,16,-8.38541412,80.7248611,1.59752297,109.838104,0.00000000,0.00000000,-9.66553497,0.192380875,0.598292708,321.549744
2025,4,17,-1.91970062,84.8638763,3.58139277,111.915596,0.00000000,0.267830794E-2,-2.38382339,0.194794625,0.595452368,327.137207
2025,4,18,-1.39790726,87.8901062,1.01607120,113.977715,0.00000000,0.414075237E-2,-1.35790253,0.199007139,0.609657526,326.424469
2025,4,19,-6.52497864,88.2369919,2.09552312,116.023666,0.00000000,0.225641904E-2,-7.26511765,0.201066494,0.621824205,323.349426
2025,4,20,-10.4382172,85.8912506,1.74539328,118.052696,0.00000000,0.124001724E-2,-11.3882332,0.202165559,0.629159510,321.326385
2025,4,21,-7.37611771,80.6263962,1.06105363,120.124924,0.00000000,0.00000000,-8.32799911,0.202271402,0.620710075,325.871002
2025,4,22,-9.30144882,81.6895447,1.84747601,122.469475,0.00000000,0.00000000,-10.3710556,0.202175125,0.611906767,330.401855
2025,4,23,-14.8343391,80.9230957,2.42592216,124.792763,0.00000000,0.00000000,-16.4537830,0.202313662,0.610109687,331.602112
2025,4,24,-12.1557617,81.4093933,2.97779107,127.093941,0.00000000,0.00000000,-12.9227562,0.202351749,0.605520129,334.178406
2025,4,25,-11.2223701,80.9649429,3.10859132,129.372131,0.00000000,0.00000000,-12.3938904,0.202336803,0.600819290,336.768158
2025,4,26,-9.97990417,81.9526672,2.79630256,131.626495,0.00000000,0.00000000,-10.2923927,0.202251524,0.594484568,340.213257
2025,4,27,-6.02840042,86.3555603,1.72614479,133.856201,0.00000000,0.00000000,-6.33481598,0.202180043,0.588092625,343.789459
2025,4,28,-9.91807938,87.5632935,2.35012579,136.060425,0.00000000,0.786801858E-3,-10.4722328,0.202786088,0.592873454,342.039398
2025,4,29,-11.5497818,84.3286209,2.34587693,138.238358,0.00000000,0.693112845E-3,-12.2122536,0.203291774,0.596812129,340.629425
2025,4,30,-10.3264389,83.2866135,2.04302144,140.389221,0.00000000,0.00000000,-11.0011101,0.203456670,0.594829738,342.041840
2025,5,1,-7.49032974,89.5872498,2.38748765,142.512238,0.00000000,0.782604096E-3,-7.60684204,0.203998938,0.595339417,342.659882
2025,5,2,-5.83059311,90.5453033,2.96393561,144.606659,0.00000000,0.541557034E-3,-5.92150116,0.204260916,0.591046631,345.591858
2025,5,3,-4.50011444,88.8071365,3.02820849,146.671707,0.00000000,0.314142229E-2,-4.30164719,0.207087263,0.615804434,336.287384
2025,5,4,-4.87782669,84.4506683,2.08036017,148.706726,0.00000000,0.00000000,-5.18000412,0.207310736,0.604683161,342.841919
2025,5,5,-4.59481049,86.6582184,2.81406355,150.710938,0.00000000,0.00000000,-4.94872665,0.207215264,0.591420531,350.368744
2025,5,6,-4.95736313,84.3142471,4.11110020,152.683701,0.00000000,0.00000000,-5.17495728,0.206935912,0.578912795,357.456116
2025,5,7,-2.06615829,84.8865585,1.27663696,154.624298,0.00000000,0.00000000,-2.44504166,0.206925094,0.551410913,375.264771
2025,5,8,-3.22787476,85.5200729,1.59142375,156.532074,0.00000000,0.00000000,-3.08457184,0.206970692,0.545122623,379.677307
2025,5,9,-5.01101685,75.2456436,1.72812784,158.406433,0.00000000,0.00000000,-5.38909531,0.206606925,0.540827155,382.020233
2025,5,10,-8.30933762,82.5555878,3.09972000,160.246735,0.00000000,0.00000000,-8.98826599,0.206286043,0.537463725,383.813873
2025,5,11,-9.36981583,86.2116470,4.04434204,162.052322,0.00000000,0.218408043E-2,-9.36180496,0.208174482,0.565199494,368.320374
2025,5,12,-8.13687897,84.4650192,2.70288324,163.822678,0.00000000,0.00000000,-8.52888489,0.208269209,0.565469205,368.312195
2025,5,13,-6.63736343,85.2551422,2.45993018,165.557159,0.00000000,0.00000000,-6.46255493,0.208288833,0.564014792,369.296753
2025,5,14,-5.70886993,80.9489365,2.90060186,167.255280,0.00000000,0.00000000,-5.85369110,0.207987219,0.556711674,373.599518
2025,5,15,-4.70776749,78.1785583,3.90219045,169.162201,0.00000000,0.00000000,-5.17104721,0.207564443,0.539156437,384.979980
2025,5,16,-3.28640747,79.4597168,2.85828519,171.036743,0.00000000,0.00000000,-3.70182419,0.207283318,0.514878511,402.586853
2025,5,17,-1.94818115,85.7363434,2.03516769,172.868195,0.00000000,0.00000000,-2.38468933,0.207140580,0.484305561,427.706390
2025,5,18,-0.923805237E-1,64.7625351,1.27015495,188.222977,0.00000000,0.00000000,-3.83838272,0.207056537,0.449192196,460.953094
2025,5,19,-0.924430847,90.5044098,1.49241328,176.399567,0.00000000,0.522815064E-2,-0.743564606,0.212387472,0.475202948,446.940552
2025,5,20,-4.40987396,90.6123352,2.96746087,178.098297,0.00000000,0.110054743E-1,-3.50958633,0.223047495,0.587144196,379.885376
2025,5,21,-4.06836319,91.2081375,2.75239778,179.751678,0.00000000,0.435030274E-2,-3.78102493,0.227193430,0.613247514,370.475922
2025,5,22,-0.828857422,93.2566299,1.15516841,181.359116,0.00000000,0.144459936E-2,-1.04945755,0.228851169,0.584533572,391.510742
2025,5,23,-0.347137451,92.9054337,1.11111116,182.920197,0.00000000,0.585827336E-3,-0.725727081,0.229594305,0.547958553,418.999390
2025,5,24,0.722934723,91.4254532,1.24130034,184.434296,0.00000000,0.00000000,-0.337261200,0.230076432,0.505162358,455.450470
2025,5,25,0.708019257,88.9936066,1.35145450,186.096161,0.00000000,0.00000000,-0.271724701,0.230358288,0.470391095,489.716522
2025,5,26,1.24367905,88.7165222,1.76860976,187.707672,0.00000000,0.00000000,-0.336025238,0.230450466,0.431174099,534.471985
2025,5,27,0.994689941,89.4116592,1.45936906,189.264801,0.00000000,0.00000000,-0.164043427,0.221455827,0.402646959,550.000000
2025,5,28,-3.26340103,90.5427246,3.97370338,190.767059,0.00000000,0.117362859E-1,-2.75185394,0.230035499,0.500306129,459.789459
2025,5,29,-4.79965591,89.8720703,3.97937822,192.213882,0.00000000,0.440786872E-2,-4.08241272,0.234013766,0.540747106,432.760071
2025,5,30,-2.28863525,88.1139526,1.78047931,193.604874,0.523199677E-3,0.141730683E-2,-2.63931656,0.235788584,0.524262130,449.753235
2025,5,31,-2.61322403,87.0795746,3.86119366,194.939560,0.00000000,0.296573015E-2,-2.41229630,0.238445178,0.539097786,442.304138
2025,6,1,-3.23149490,89.1243439,3.48131561,196.217545,0.00000000,0.216691080E-2,-2.53311157,0.240214333,0.550616205,436.264557
2025,6,2,-1.86605072,89.6972198,2.23827958,197.438354,0.00000000,0.928236579E-3,-1.65151596,0.241284981,0.537923038,448.549286
2025,6,3,1.10384369,91.3615875,1.26714134,198.601639,0.290501025E-2,0.00000000,-0.153362274,0.244513705,0.494988441,493.978607
2025,6,4,0.610847473E-1,93.2773514,1.81149364,199.707031,0.242328714E-2,0.297105196E-2,-0.421562195E-1,0.249783590,0.493713707,505.927979
2025,6,5,-2.55612183,88.9310760,2.34584212,200.754211,0.00000000,0.220628036E-2,-1.96817398,0.251726925,0.504336298,499.125153
2025,6,6,-3.45280838,87.1640854,2.48833203,201.742813,0.00000000,0.415723445E-2,-3.00923538,0.255721658,0.527916074,484.398315
2025,6,7,-0.272483826,89.4400101,1.92389643,202.672562,0.160744693E-2,0.223006401E-2,-0.817268372,0.259491384,0.504918754,513.927002
2025,6,8,1.24550629,94.9314499,1.65631664,203.543106,0.753103197E-2,0.770397577E-2,0.00000000,0.274726212,0.509297192,539.422241
2025,6,9,1.17773819,92.7253189,1.28949022,204.354279,0.734154833E-3,0.00000000,-0.406570435E-1,0.260254145,0.473189354,550.000000
2025,6,10,3.06818390,88.9944534,2.68820786,205.105743,0.00000000,0.00000000,-0.773544312E-1,0.232425824,0.422592402,550.000000
2025,6,11,5.66209412,83.4671936,2.34148312,205.797333,0.00000000,0.00000000,0.00000000,0.200927198,0.365322173,550.000000
2025,6,12,5.90010834,84.9300003,2.20059848,206.428802,0.00000000,0.00000000,0.00000000,0.169344991,0.307899982,550.000000
2025,6,13,9.47501373,82.9490280,3.11347294,206.999969,0.00000000,0.00000000,0.00000000,0.128668338,0.233942419,550.000000
2025,6,14,11.5790634,81.6752777,3.39979601,207.510666,0.00000000,0.00000000,0.00000000,0.835778043E-1,0.151959643,550.000000
2025,6,15,13.9723015,82.6953659,1.17593229,207.960754,0.696776318E-3,0.00000000,0.00000000,0.418065302E-1,0.760118738E-1,550.000000
2025,6,16,15.9470253,79.5877686,1.69869936,208.350067,0.177914230E-2,0.00000000,0.00000000,0.00000000,0.00000000,-9999.00000
2025,6,17,15.2278709,82.4054413,1.69569528,208.678497,0.166922435E-2,0.00000000,16.2437363,0.00000000,0.00000000,-9999.00000
2025,6,18,16.0799980,78.5955429,1.23269391,213.124634,0.119976979E-2,0.00000000,16.9828415,0.00000000,0.00000000,-9999.00000
2025,6,19,17.3771439,71.1577988,1.44868910,212.926361,0.00000000,0.00000000,17.8561783,0.00000000,0.00000000,-9999.00000
2025,6,20,15.9822731,81.8659134,1.53677678,209.297668,0.338636222E-2,0.00000000,16.8958702,0.00000000,0.00000000,-9999.00000
2025,6,21,15.9837303,78.4086685,1.01080704,213.230270,0.524874451E-2,0.00000000,17.0025902,0.00000000,0.00000000,-9999.00000
2025,6,22,15.9518661,80.0227814,1.82717979,210.058090,0.260447618E-2,0.00000000,16.7894211,0.00000000,0.00000000,-9999.00000
2025,6,23,14.8716736,83.4364395,1.34901547,209.366501,0.419645151E-2,0.00000000,16.1367722,0.00000000,0.00000000,-9999.00000
2025,6,24,14.6974182,82.2779007,1.91174912,209.267044,0.192455715E-2,0.00000000,15.6676140,0.00000000,0.00000000,-9999.00000
2025,6,25,12.5330734,89.0415039,1.10928917,209.106461,0.797203463E-2,0.00000000,14.4376068,0.00000000,0.00000000,-9999.00000
2025,6,26,11.8974762,86.7904587,1.99544430,208.884735,0.235196343E-2,0.00000000,13.2483292,0.00000000,0.00000000,-9999.00000
2025,6,27,11.4434013,89.1228943,1.62711275,208.601959,0.338416127E-2,0.00000000,13.1970329,0.00000000,0.00000000,-9999.00000
2025,6,28,11.9946938,87.9617081,2.03127718,208.258240,0.501126749E-2,0.00000000,13.3906860,0.00000000,0.00000000,-9999.00000
2025,6,29,12.9115181,82.4610291,1.71804309,207.853638,0.133269990E-2,0.00000000,14.0701256,0.00000000,0.00000000,-9999.00000
2025,6,30,13.7880135,81.4251251,1.41160941,207.388290,0.716186175E-2,0.00000000,14.9868240,0.00000000,0.00000000,-9999.00000
2025,7,1,14.0428810,79.8183975,1.68024302,215.373215,0.179848028E-2,0.00000000,15.0077553,0.00000000,0.00000000,-9999.00000
2025,7,2,16.9578094,74.1599197,1.65292740,207.821381,0.00000000,0.00000000,17.3781586,0.00000000,0.00000000,-9999.00000
2025,7,3,17.7215691,76.6347733,2.14342165,206.605606,0.00000000,0.00000000,18.0749474,0.00000000,0.00000000,-9999.00000
2025,7,4,19.3797188,71.8658676,1.98904657,208.402390,0.00000000,0.00000000,19.3992882,0.00000000,0.00000000,-9999.00000
2025,7,5,19.3637810,73.8125687,1.73401046,208.022644,0.00000000,0.00000000,19.3734131,0.00000000,0.00000000,-9999.00000
2025,7,6,18.7598534,75.6460190,1.84258711,205.081436,0.00000000,0.00000000,19.0510406,0.00000000,0.00000000,-9999.00000
2025,7,7,14.8470535,83.4072418,2.41322970,202.443726,0.638523954E-3,0.00000000,15.5207520,0.00000000,0.00000000,-9999.00000
2025,7,8,4.99419022,90.1756821,4.50703382,201.498840,0.130210659E-1,0.205894466E-2,4.57122040,0.00000000,0.00000000,-9999.00000
2025,7,9,1.45026398,86.5503998,3.33055997,200.495148,0.472094584E-2,0.183269824E-2,0.844043732,0.00000000,0.00000000,-9999.00000
2025,7,10,2.41696548,81.8193893,2.44355989,199.432922,0.106559170E-2,0.00000000,3.01221085,0.00000000,0.00000000,-9999.00000
2025,7,11,6.64189148,83.1883926,2.87506986,198.312500,0.00000000,0.00000000,7.81171799,0.00000000,0.00000000,-9999.00000
2025,7,12,8.38346481,81.9406967,2.40158963,198.064331,0.00000000,0.00000000,9.55327225,0.00000000,0.00000000,-9999.00000
2025,7,13,11.4138107,76.3359528,1.55742097,195.898468,0.956091273E-3,0.00000000,12.2671432,0.00000000,0.00000000,-9999.00000
2025,7,14,12.3596230,83.7067413,2.85436392,194.605576,0.342232292E-2,0.00000000,13.0197258,0.00000000,0.00000000,-9999.00000
2025,7,15,10.7191162,85.7404327,3.89278793,193.256027,0.619223900E-2,0.00000000,11.3518791,0.00000000,0.00000000,-9999.00000
2025,7,16,9.08748245,80.7951813,3.03244019,191.850235,0.871858036E-3,0.00000000,9.88541794,0.00000000,0.00000000,-9999.00000
2025,7,17,10.7646561,86.1098938,1.86888802,190.388657,0.305967126E-2,0.00000000,12.1138992,0.00000000,0.00000000,-9999.00000
2025,7,18,10.9701080,87.4829025,2.28242874,188.871704,0.187411997E-2,0.00000000,12.2594452,0.00000000,0.00000000,-9999.00000
2025,7,19,11.8144569,87.1809006,1.53007805,187.299942,0.330967852E-2,0.00000000,13.1902657,0.00000000,0.00000000,-9999.00000
2025,7,20,14.4134827,83.0793457,2.30143619,185.673859,0.215868442E-2,0.00000000,14.9822617,0.00000000,0.00000000,-9999.00000
2025,7,21,13.3333931,86.7101746,3.05276108,183.997513,0.909171812E-2,0.00000000,13.9599380,0.00000000,0.00000000,-9999.00000
2025,7,22,10.1628342,84.9130173,2.90208340,182.468964,0.119977063E-1,0.00000000,11.1625481,0.00000000,0.00000000,-9999.00000
2025,7,23,9.24881363,86.4234009,2.39286828,180.893555,0.730693014E-2,0.00000000,10.3960037,0.00000000,0.00000000,-9999.00000
2025,7,24,9.85964966,87.7251434,1.80536020,179.271881,0.663344190E-2,0.00000000,11.2938919,0.00000000,0.00000000,-9999.00000
2025,7,25,10.0697861,86.0091705,1.61470509,177.604340,0.408951147E-2,0.00000000,11.4272003,0.00000000,0.00000000,-9999.00000
2025,7,26,9.24321365,86.5575943,2.46654391,175.891541,0.142186764E-2,0.00000000,10.4153328,0.00000000,0.00000000,-9999.00000
2025,7,27,13.8833008,78.5321884,2.76457047,174.134003,0.00000000,0.00000000,13.9885216,0.00000000,0.00000000,-9999.00000
2025,7,28,12.7557945,85.4935150,2.76996589,172.332336,0.527769001E-2,0.00000000,13.3711967,0.00000000,0.00000000,-9999.00000
2025,7,29,11.8228188,89.7802429,1.60893691,170.487122,0.155884791E-1,0.00000000,13.1391182,0.00000000,0.00000000,-9999.00000
2025,7,30,6.23762894,90.9548187,3.32037878,168.598938,0.119961128E-1,0.00000000,7.67902756,0.00000000,0.00000000,-9999.00000
2025,7,31,7.11882019,82.1396866,1.48958719,169.560791,0.532465172E-3,0.00000000,8.34100342,0.00000000,0.00000000,-9999.00000
2025,8,1,12.8097229,67.4870987,1.80246067,179.387878,0.00000000,0.00000000,13.0048866,0.00000000,0.00000000,-9999.00000
2025,8,2,14.5260468,74.0494766,1.63015473,164.506424,0.522852410E-3,0.00000000,14.7905846,0.00000000,0.00000000,-9999.00000
2025,8,3,13.7281151,81.7703323,2.76538229,161.435837,0.165978621E-2,0.00000000,13.8969307,0.00000000,0.00000000,-9999.00000
2025,8,4,10.9360771,90.9814148,3.90526271,159.617294,0.955178123E-2,0.00000000,11.6519661,0.00000000,0.00000000,-9999.00000
2025,8,5,6.48914719,91.0471344,1.67110991,157.764191,0.128004840E-2,0.00000000,8.06838226,0.00000000,0.00000000,-9999.00000
2025,8,6,7.19630432,90.8328171,1.93524826,155.877213,0.549055403E-2,0.00000000,8.74837112,0.00000000,0.00000000,-9999.00000
2025,8,7,4.61996841,87.1184464,3.03627419,153.956970,0.317212055E-2,0.00000000,3.94068909,0.00000000,0.00000000,-9999.00000
2025,8,8,7.80487442,84.3403854,2.96059728,152.004059,0.886655005E-3,0.00000000,8.54459000,0.00000000,0.00000000,-9999.00000
2025,8,9,9.29158020,88.3402100,2.19606996,150.019196,0.320678786E-2,0.00000000,10.2478104,0.00000000,0.00000000,-9999.00000
2025,8,10,7.48021698,90.1999969,1.67751825,148.003067,0.163846668E-1,0.00000000,9.01632309,0.00000000,0.00000000,-9999.00000
2025,8,11,6.63433456,90.3300400,1.74653590,145.956329,0.174387114E-2,0.00000000,8.10229874,0.00000000,0.00000000,-9999.00000
2025,8,12,6.59502792,83.7053070,4.28869152,143.879730,0.00000000,0.00000000,6.74805832,0.00000000,0.00000000,-9999.00000
2025,8,13,8.17145920,82.6221466,4.09944534,141.774017,0.00000000,0.00000000,8.25539017,0.00000000,0.00000000,-9999.00000
2025,8,14,7.90376663,89.3454666,2.12348962,139.639893,0.560332462E-2,0.00000000,9.09310150,0.00000000,0.00000000,-9999.00000
2025,8,15,-0.199138641,91.2987671,2.91872787,137.478149,0.530655263E-2,0.808584876E-2,0.169475555,0.810068380E-2,0.287692919E-1,281.573975
2025,8,16,0.386215210,88.2154846,1.29346001,135.289581,0.753475993E-3,0.188651995E-2,-1.33661270,0.453108130E-2,0.823832955E-2,550.000000
2025,8,17,3.95633316,88.4120636,1.84236729,133.074936,0.00000000,0.00000000,2.77165604,0.00000000,0.00000000,-9999.00000
2025,8,18,5.31462860,87.2747192,2.61525130,130.835083,0.151491025E-2,0.00000000,5.86779785,0.00000000,0.00000000,-9999.00000
2025,8,19,2.87600327,92.0663681,2.39875555,128.570801,0.657136645E-2,0.241122348E-2,2.22941208,0.00000000,0.00000000,-9999.00000
2025,8,20,3.70780945,87.2881546,2.36511993,126.282951,0.00000000,0.00000000,3.72655869,0.00000000,0.00000000,-9999.00000
2025,8,21,5.86499786,86.3203583,5.77921581,123.972389,0.187318050E-2,0.00000000,5.91125870,0.00000000,0.00000000,-9999.00000
2025,8,22,6.00465775,90.7633286,3.98712301,121.639977,0.298231514E-2,0.00000000,6.69070053,0.00000000,0.00000000,-9999.00000
2025,8,23,5.36639786,92.0554199,4.66524696,119.286575,0.116943344E-1,0.00000000,5.94344711,0.00000000,0.00000000,-9999.00000
2025,8,24,2.55465317,88.4748230,2.63509250,117.205788,0.329093682E-2,0.109806785E-2,2.28876877,0.00000000,0.00000000,-9999.00000
2025,8,25,3.22642136,88.7434616,3.02320075,115.168480,0.504880212E-2,0.00000000,2.61420441,0.00000000,0.00000000,-9999.00000
2025,8,26,8.78980255,88.8529510,8.29426098,113.114548,0.104655381E-1,0.00000000,8.89548111,0.00000000,0.00000000,-9999.00000
2025,8,27,4.28509903,92.4706421,0.732206762,111.044746,0.825761445E-2,0.00000000,5.07376099,0.00000000,0.00000000,-9999.00000
2025,8,28,4.84839249,93.6069107,1.72285378,108.959869,0.648973370E-2,0.00000000,6.09748077,0.00000000,0.00000000,-9999.00000
2025,8,29,6.81069946,92.0327225,3.45431113,106.860703,0.647790963E-2,0.00000000,7.46292496,0.00000000,0.00000000,-9999.00000
2025,8,30,1.09588242,89.1098251,4.25731087,104.748039,0.288573373E-2,0.231071236E-2,0.832496643,0.00000000,0.00000000,-9999.00000
2025,8,31,1.03960419,86.5000229,3.52491784,102.622665,0.00000000,0.00000000,0.488071442,0.00000000,0.00000000,-9999.00000
