time,ice_table_depth,date
1.0,0.0,1981-01-01
2.0,0.0,1981-01-02
2.9999999999999996,0.0,1981-01-03
4.0,0.0,1981-01-04
5.0,0.0,1981-01-05
5.999999999999999,0.0,1981-01-06
6.999999999999999,0.0,1981-01-07
8.0,0.0,1981-01-08
8.999999999999998,0.0,1981-01-09
10.0,0.0,1981-01-10
10.999999999999998,0.0,1981-01-11
11.999999999999998,0.0,1981-01-12
12.999999999999998,0.0,1981-01-13
13.999999999999998,0.0,1981-01-14
15.0,0.0,1981-01-15
16.0,0.0,1981-01-16
16.999999999999996,0.0,1981-01-17
17.999999999999996,0.0,1981-01-18
19.0,0.0,1981-01-19
20.0,0.0,1981-01-20
20.999999999999996,0.0,1981-01-21
21.999999999999996,0.0,1981-01-22
22.999999999999996,0.0,1981-01-23
23.999999999999996,0.0,1981-01-24
25.0,0.0,1981-01-25
25.999999999999996,0.0,1981-01-26
27.0,0.0,1981-01-27
27.999999999999996,0.0,1981-01-28
28.999999999999996,0.0,1981-01-29
30.0,0.0,1981-01-30
30.999999999999996,0.0,1981-01-31
32.0,0.0,1981-02-01
33.0,0.0,1981-02-02
33.99999999999999,0.0,1981-02-03
35.0,0.0,1981-02-04
35.99999999999999,0.0,1981-02-05
36.99999999999999,0.0,1981-02-06
38.0,0.0,1981-02-07
38.99999999999999,0.0,1981-02-08
40.0,0.0,1981-02-09
40.99999999999999,0.0,1981-02-10
41.99999999999999,0.0,1981-02-11
43.0,0.0,1981-02-12
43.99999999999999,0.0,1981-02-13
45.0,0.0,1981-02-14
45.99999999999999,0.0,1981-02-15
46.99999999999999,0.0,1981-02-16
47.99999999999999,0.0,1981-02-17
49.0,0.0,1981-02-18
50.0,0.0,1981-02-19
50.99999999999999,0.0,1981-02-20
51.99999999999999,0.0,1981-02-21
52.99999999999999,0.0,1981-02-22
54.0,0.0,1981-02-23
55.0,0.0,1981-02-24
55.99999999999999,0.0,1981-02-25
56.99999999999999,0.0,1981-02-26
57.99999999999999,0.0,1981-02-27
59.0,0.0,1981-02-28
60.0,0.0,1981-03-01
60.99999999999999,0.0,1981-03-02
61.99999999999999,0.0,1981-03-03
62.99999999999999,0.0,1981-03-04
64.0,0.0,1981-03-05
65.0,0.0,1981-03-06
66.0,0.0,1981-03-07
66.99999999999999,0.0,1981-03-08
67.99999999999999,0.0,1981-03-09
68.99999999999999,0.0,1981-03-10
70.0,0.0,1981-03-11
71.0,0.0,1981-03-12
71.99999999999999,0.0,1981-03-13
72.99999999999999,0.0,1981-03-14
73.99999999999999,0.0,1981-03-15
75.0,0.0,1981-03-16
76.0,0.0,1981-03-17
76.99999999999999,0.0,1981-03-18
77.99999999999999,0.0,1981-03-19
78.99999999999999,0.0,1981-03-20
80.0,0.0,1981-03-21
81.0,0.0,1981-03-22
81.99999999999999,0.0,1981-03-23
82.99999999999999,0.0,1981-03-24
83.99999999999999,0.0,1981-03-25
85.0,0.0,1981-03-26
86.0,0.0,1981-03-27
86.99999999999999,0.0,1981-03-28
87.99999999999999,0.0,1981-03-29
88.99999999999999,0.0,1981-03-30
90.0,0.0,1981-03-31
91.0,0.0,1981-04-01
91.99999999999999,0.0,1981-04-02
93.0,0.0,1981-04-03
93.99999999999999,0.0,1981-04-04
95.0,0.0,1981-04-05
95.99999999999999,0.0,1981-04-06
96.99999999999999,0.0,1981-04-07
98.0,0.0,1981-04-08
98.99999999999999,0.0,1981-04-09
100.0,0.0,1981-04-10
100.99999999999999,0.0,1981-04-11
101.99999999999999,0.0,1981-04-12
103.0,0.0,1981-04-13
103.99999999999999,0.0,1981-04-14
105.0,0.0,1981-04-15
105.99999999999999,0.0,1981-04-16
106.99999999999999,0.0,1981-04-17
108.0,0.0,1981-04-18
108.99999999999999,0.0,1981-04-19
110.0,0.0,1981-04-20
110.99999999999999,0.0,1981-04-21
111.99999999999999,0.0,1981-04-22
113.0,0.0,1981-04-23
113.99999999999999,0.0,1981-04-24
115.0,0.0,1981-04-25
115.99999999999999,0.0,1981-04-26
116.99999999999999,0.0,1981-04-27
118.0,0.0,1981-04-28
118.99999999999999,0.0,1981-04-29
120.0,0.0,1981-04-30
120.99999999999999,0.0,1981-05-01
121.99999999999999,0.0,1981-05-02
123.0,0.0,1981-05-03
123.99999999999999,0.0,1981-05-04
125.0,0.0,1981-05-05
125.99999999999999,0.0,1981-05-06
126.99999999999999,0.0,1981-05-07
128.0,0.0,1981-05-08
129.0,0.0,1981-05-09
130.0,0.0,1981-05-10
130.99999999999997,0.0,1981-05-11
132.0,0.0,1981-05-12
132.99999999999997,0.0,1981-05-13
133.99999999999997,0.0,1981-05-14
135.0,0.0,1981-05-15
135.99999999999997,0.0,1981-05-16
137.0,0.0,1981-05-17
137.99999999999997,0.0,1981-05-18
138.99999999999997,0.0,1981-05-19
140.0,0.0,1981-05-20
140.99999999999997,0.0,1981-05-21
142.0,0.0,1981-05-22
142.99999999999997,0.0,1981-05-23
143.99999999999997,0.0,1981-05-24
145.0,0.0,1981-05-25
145.99999999999997,0.0,1981-05-26
147.0,0.0,1981-05-27
147.99999999999997,0.0,1981-05-28
148.99999999999997,0.03999999999996362,1981-05-29
150.0,0.05999999999994543,1981-05-30
150.99999999999997,0.06999999999993634,1981-05-31
152.0,0.07999999999992724,1981-06-01
152.99999999999997,0.07999999999992724,1981-06-02
153.99999999999997,0.06999999999993634,1981-06-03
155.0,0.06999999999993634,1981-06-04
155.99999999999997,0.06999999999993634,1981-06-05
157.0,0.06999999999993634,1981-06-06
157.99999999999997,0.06999999999993634,1981-06-07
158.99999999999997,0.06999999999993634,1981-06-08
160.0,0.06999999999993634,1981-06-09
160.99999999999997,0.09999999999990905,1981-06-10
162.0,0.12000000000000455,1981-06-11
162.99999999999997,0.13999999999998636,1981-06-12
163.99999999999997,0.14999999999997726,1981-06-13
165.0,0.16999999999995907,1981-06-14
165.99999999999997,0.18999999999994088,1981-06-15
167.0,0.1999999999999318,1981-06-16
167.99999999999997,0.2099999999999227,1981-06-17
168.99999999999997,0.2199999999999136,1981-06-18
170.0,0.2299999999999045,1981-06-19
170.99999999999997,0.2400000000000091,1981-06-20
172.0,0.2400000000000091,1981-06-21
172.99999999999997,0.25,1981-06-22
173.99999999999997,0.2599999999999909,1981-06-23
175.0,0.2699999999999818,1981-06-24
175.99999999999997,0.2699999999999818,1981-06-25
177.0,0.2799999999999727,1981-06-26
177.99999999999997,0.2799999999999727,1981-06-27
178.99999999999997,0.2899999999999636,1981-06-28
180.0,0.2899999999999636,1981-06-29
180.99999999999997,0.2799999999999727,1981-06-30
182.0,0.2799999999999727,1981-07-01
183.0,0.2799999999999727,1981-07-02
183.99999999999997,0.2799999999999727,1981-07-03
184.99999999999997,0.2799999999999727,1981-07-04
186.0,0.2799999999999727,1981-07-05
187.0,0.2799999999999727,1981-07-06
187.99999999999997,0.2799999999999727,1981-07-07
188.99999999999997,0.2799999999999727,1981-07-08
190.0,0.2799999999999727,1981-07-09
190.99999999999997,0.2799999999999727,1981-07-10
191.99999999999997,0.2799999999999727,1981-07-11
193.0,0.2899999999999636,1981-07-12
193.99999999999997,0.2899999999999636,1981-07-13
194.99999999999997,0.2999999999999545,1981-07-14
196.0,0.2999999999999545,1981-07-15
197.0,0.30999999999994543,1981-07-16
197.99999999999997,0.31999999999993634,1981-07-17
198.99999999999997,0.31999999999993634,1981-07-18
200.0,0.33999999999991815,1981-07-19
200.99999999999997,0.34999999999990905,1981-07-20
201.99999999999997,0.35999999999989996,1981-07-21
203.0,0.36999999999989086,1981-07-22
203.99999999999997,0.37999999999988177,1981-07-23
204.99999999999997,0.38999999999998636,1981-07-24
206.0,0.39999999999997726,1981-07-25
207.0,0.4199999999999591,1981-07-26
207.99999999999997,0.42999999999995,1981-07-27
208.99999999999997,0.4399999999999409,1981-07-28
210.0,0.4499999999999318,1981-07-29
210.99999999999997,0.4599999999999227,1981-07-30
211.99999999999997,0.4699999999999136,1981-07-31
213.0,0.4699999999999136,1981-08-01
213.99999999999997,0.4799999999999045,1981-08-02
214.99999999999997,0.4799999999999045,1981-08-03
216.0,0.4799999999999045,1981-08-04
216.99999999999997,0.4799999999999045,1981-08-05
217.99999999999997,0.4899999999998954,1981-08-06
218.99999999999997,0.4899999999998954,1981-08-07
220.0,0.4999999999998863,1981-08-08
220.99999999999997,0.5099999999999909,1981-08-09
221.99999999999997,0.5199999999999818,1981-08-10
223.0,0.5199999999999818,1981-08-11
223.99999999999997,0.5299999999999727,1981-08-12
224.99999999999997,0.5399999999999636,1981-08-13
226.0,0.5399999999999636,1981-08-14
226.99999999999997,0.5499999999999545,1981-08-15
227.99999999999997,0.5499999999999545,1981-08-16
228.99999999999997,0.5499999999999545,1981-08-17
230.0,0.5499999999999545,1981-08-18
230.99999999999997,0.5599999999999454,1981-08-19
231.99999999999997,0.5599999999999454,1981-08-20
233.0,0.5599999999999454,1981-08-21
233.99999999999997,0.5599999999999454,1981-08-22
234.99999999999997,0.5599999999999454,1981-08-23
236.0,0.5599999999999454,1981-08-24
236.99999999999997,0.5599999999999454,1981-08-25
237.99999999999997,0.5599999999999454,1981-08-26
238.99999999999997,0.5499999999999545,1981-08-27
240.0,0.5599999999999454,1981-08-28
240.99999999999997,0.5599999999999454,1981-08-29
241.99999999999997,0.0,1981-08-30
243.0,0.0,1981-08-31
243.99999999999997,0.0,1981-09-01
244.99999999999997,0.0,1981-09-02
246.0,0.0,1981-09-03
246.99999999999997,0.0,1981-09-04
247.99999999999997,0.0,1981-09-05
248.99999999999997,0.0,1981-09-06
250.0,0.0,1981-09-07
250.99999999999997,0.0,1981-09-08
251.99999999999997,0.0,1981-09-09
253.0,0.0,1981-09-10
253.99999999999997,0.0,1981-09-11
254.99999999999997,0.0,1981-09-12
256.0,0.0,1981-09-13
257.0,0.0,1981-09-14
258.0,0.0,1981-09-15
258.99999999999994,0.0,1981-09-16
260.0,0.0,1981-09-17
261.0,0.0,1981-09-18
261.99999999999994,0.0,1981-09-19
263.0,0.0,1981-09-20
264.0,0.0,1981-09-21
264.99999999999994,0.0,1981-09-22
265.99999999999994,0.0,1981-09-23
267.0,0.0,1981-09-24
267.99999999999994,0.0,1981-09-25
268.99999999999994,0.0,1981-09-26
270.0,0.0,1981-09-27
271.0,0.0,1981-09-28
271.99999999999994,0.0,1981-09-29
273.0,0.0,1981-09-30
274.0,0.0,1981-10-01
274.99999999999994,0.0,1981-10-02
275.99999999999994,0.0,1981-10-03
277.0,0.0,1981-10-04
277.99999999999994,0.0,1981-10-05
278.99999999999994,0.0,1981-10-06
280.0,0.0,1981-10-07
281.0,0.0,1981-10-08
281.99999999999994,0.0,1981-10-09
283.0,0.0,1981-10-10
284.0,0.0,1981-10-11
284.99999999999994,0.0,1981-10-12
285.99999999999994,0.0,1981-10-13
287.0,0.0,1981-10-14
287.99999999999994,0.0,1981-10-15
288.99999999999994,0.0,1981-10-16
290.0,0.0,1981-10-17
291.0,0.0,1981-10-18
291.99999999999994,0.0,1981-10-19
293.0,0.0,1981-10-20
294.0,0.0,1981-10-21
294.99999999999994,0.0,1981-10-22
295.99999999999994,0.0,1981-10-23
297.0,0.0,1981-10-24
297.99999999999994,0.0,1981-10-25
298.99999999999994,0.0,1981-10-26
300.0,0.0,1981-10-27
301.0,0.0,1981-10-28
301.99999999999994,0.0,1981-10-29
303.0,0.0,1981-10-30
304.0,0.0,1981-10-31
304.99999999999994,0.0,1981-11-01
305.99999999999994,0.0,1981-11-02
307.0,0.0,1981-11-03
307.99999999999994,0.0,1981-11-04
308.99999999999994,0.0,1981-11-05
310.0,0.0,1981-11-06
311.0,0.0,1981-11-07
311.99999999999994,0.0,1981-11-08
313.0,0.0,1981-11-09
314.0,0.0,1981-11-10
314.99999999999994,0.0,1981-11-11
315.99999999999994,0.0,1981-11-12
317.0,0.0,1981-11-13
317.99999999999994,0.0,1981-11-14
318.99999999999994,0.0,1981-11-15
320.0,0.0,1981-11-16
321.0,0.0,1981-11-17
321.99999999999994,0.0,1981-11-18
323.0,0.0,1981-11-19
324.0,0.0,1981-11-20
324.99999999999994,0.0,1981-11-21
325.99999999999994,0.0,1981-11-22
327.0,0.0,1981-11-23
327.99999999999994,0.0,1981-11-24
328.99999999999994,0.0,1981-11-25
330.0,0.0,1981-11-26
331.0,0.0,1981-11-27
331.99999999999994,0.0,1981-11-28
333.0,0.0,1981-11-29
334.0,0.0,1981-11-30
334.99999999999994,0.0,1981-12-01
335.99999999999994,0.0,1981-12-02
337.0,0.0,1981-12-03
337.99999999999994,0.0,1981-12-04
338.99999999999994,0.0,1981-12-05
340.0,0.0,1981-12-06
341.0,0.0,1981-12-07
341.99999999999994,0.0,1981-12-08
343.0,0.0,1981-12-09
344.0,0.0,1981-12-10
344.99999999999994,0.0,1981-12-11
345.99999999999994,0.0,1981-12-12
347.0,0.0,1981-12-13
347.99999999999994,0.0,1981-12-14
348.99999999999994,0.0,1981-12-15
350.0,0.0,1981-12-16
350.99999999999994,0.0,1981-12-17
351.99999999999994,0.0,1981-12-18
352.99999999999994,0.0,1981-12-19
354.0,0.0,1981-12-20
354.99999999999994,0.0,1981-12-21
355.99999999999994,0.0,1981-12-22
357.0,0.0,1981-12-23
357.99999999999994,0.0,1981-12-24
358.99999999999994,0.0,1981-12-25
360.0,0.0,1981-12-26
360.99999999999994,0.0,1981-12-27
361.99999999999994,0.0,1981-12-28
362.99999999999994,0.0,1981-12-29
364.0,0.0,1981-12-30
364.99999999999994,0.0,1981-12-31
366.0,0.0,1982-01-01
367.0,0.0,1982-01-02
367.99999999999994,0.0,1982-01-03
368.99999999999994,0.0,1982-01-04
369.99999999999994,0.0,1982-01-05
370.99999999999994,0.0,1982-01-06
372.0,0.0,1982-01-07
373.0,0.0,1982-01-08
374.0,0.0,1982-01-09
374.99999999999994,0.0,1982-01-10
375.99999999999994,0.0,1982-01-11
376.99999999999994,0.0,1982-01-12
377.99999999999994,0.0,1982-01-13
379.0,0.0,1982-01-14
380.0,0.0,1982-01-15
380.99999999999994,0.0,1982-01-16
381.99999999999994,0.0,1982-01-17
382.99999999999994,0.0,1982-01-18
383.99999999999994,0.0,1982-01-19
385.0,0.0,1982-01-20
386.0,0.0,1982-01-21
387.0,0.0,1982-01-22
387.99999999999994,0.0,1982-01-23
388.99999999999994,0.0,1982-01-24
389.99999999999994,0.0,1982-01-25
390.99999999999994,0.0,1982-01-26
392.0,0.0,1982-01-27
393.0,0.0,1982-01-28
394.0,0.0,1982-01-29
394.99999999999994,0.0,1982-01-30
395.99999999999994,0.0,1982-01-31
396.99999999999994,0.0,1982-02-01
397.99999999999994,0.0,1982-02-02
399.0,0.0,1982-02-03
400.0,0.0,1982-02-04
400.99999999999994,0.0,1982-02-05
401.99999999999994,0.0,1982-02-06
402.99999999999994,0.0,1982-02-07
403.99999999999994,0.0,1982-02-08
405.0,0.0,1982-02-09
406.0,0.0,1982-02-10
407.0,0.0,1982-02-11
407.99999999999994,0.0,1982-02-12
408.99999999999994,0.0,1982-02-13
409.99999999999994,0.0,1982-02-14
410.99999999999994,0.0,1982-02-15
412.0,0.0,1982-02-16
413.0,0.0,1982-02-17
414.0,0.0,1982-02-18
414.99999999999994,0.0,1982-02-19
415.99999999999994,0.0,1982-02-20
416.99999999999994,0.0,1982-02-21
417.99999999999994,0.0,1982-02-22
419.0,0.0,1982-02-23
420.0,0.0,1982-02-24
420.99999999999994,0.0,1982-02-25
421.99999999999994,0.0,1982-02-26
422.99999999999994,0.0,1982-02-27
423.99999999999994,0.0,1982-02-28
425.0,0.0,1982-03-01
426.0,0.0,1982-03-02
427.0,0.0,1982-03-03
427.99999999999994,0.0,1982-03-04
428.99999999999994,0.0,1982-03-05
429.99999999999994,0.0,1982-03-06
430.99999999999994,0.0,1982-03-07
432.0,0.0,1982-03-08
433.0,0.0,1982-03-09
433.99999999999994,0.0,1982-03-10
434.99999999999994,0.0,1982-03-11
435.99999999999994,0.0,1982-03-12
436.99999999999994,0.0,1982-03-13
437.99999999999994,0.0,1982-03-14
439.0,0.0,1982-03-15
440.0,0.0,1982-03-16
440.99999999999994,0.0,1982-03-17
441.99999999999994,0.0,1982-03-18
442.99999999999994,0.0,1982-03-19
443.99999999999994,0.0,1982-03-20
444.99999999999994,0.0,1982-03-21
446.0,0.0,1982-03-22
447.0,0.0,1982-03-23
447.99999999999994,0.0,1982-03-24
448.99999999999994,0.0,1982-03-25
449.99999999999994,0.0,1982-03-26
450.99999999999994,0.0,1982-03-27
452.0,0.0,1982-03-28
453.0,0.0,1982-03-29
453.99999999999994,0.0,1982-03-30
454.99999999999994,0.0,1982-03-31
455.99999999999994,0.0,1982-04-01
456.99999999999994,0.0,1982-04-02
457.99999999999994,0.0,1982-04-03
459.0,0.0,1982-04-04
460.0,0.0,1982-04-05
460.99999999999994,0.0,1982-04-06
461.99999999999994,0.0,1982-04-07
462.99999999999994,0.0,1982-04-08
463.99999999999994,0.0,1982-04-09
464.99999999999994,0.0,1982-04-10
466.0,0.0,1982-04-11
467.0,0.0,1982-04-12
467.99999999999994,0.0,1982-04-13
468.99999999999994,0.0,1982-04-14
469.99999999999994,0.0,1982-04-15
470.99999999999994,0.0,1982-04-16
472.0,0.0,1982-04-17
473.0,0.0,1982-04-18
473.99999999999994,0.0,1982-04-19
474.99999999999994,0.0,1982-04-20
475.99999999999994,0.0,1982-04-21
476.99999999999994,0.0,1982-04-22
477.99999999999994,0.0,1982-04-23
479.0,0.0,1982-04-24
480.0,0.0,1982-04-25
480.99999999999994,0.0,1982-04-26
481.99999999999994,0.0,1982-04-27
482.99999999999994,0.0,1982-04-28
483.99999999999994,0.0,1982-04-29
484.99999999999994,0.0,1982-04-30
486.0,0.0,1982-05-01
487.0,0.0,1982-05-02
487.99999999999994,0.0,1982-05-03
488.99999999999994,0.0,1982-05-04
489.99999999999994,0.0,1982-05-05
490.99999999999994,0.0,1982-05-06
492.0,0.0,1982-05-07
493.0,0.0,1982-05-08
493.99999999999994,0.0,1982-05-09
494.99999999999994,0.0,1982-05-10
495.99999999999994,0.0,1982-05-11
496.99999999999994,0.0,1982-05-12
497.99999999999994,0.0,1982-05-13
499.0,0.0,1982-05-14
500.0,0.0,1982-05-15
500.99999999999994,0.0,1982-05-16
501.99999999999994,0.0,1982-05-17
502.99999999999994,0.0,1982-05-18
503.99999999999994,0.0,1982-05-19
504.99999999999994,0.0,1982-05-20
506.0,0.0,1982-05-21
507.0,0.0,1982-05-22
507.99999999999994,0.0,1982-05-23
508.99999999999994,0.0,1982-05-24
509.99999999999994,0.0,1982-05-25
510.99999999999994,0.0,1982-05-26
512.0,0.0,1982-05-27
513.0,0.0,1982-05-28
514.0,0.0,1982-05-29
515.0,0.0,1982-05-30
516.0,0.0,1982-05-31
516.9999999999999,0.0,1982-06-01
517.9999999999999,0.0,1982-06-02
519.0,0.0,1982-06-03
520.0,0.0,1982-06-04
521.0,0.0,1982-06-05
522.0,0.0,1982-06-06
522.9999999999999,0.0,1982-06-07
523.9999999999999,0.0,1982-06-08
524.9999999999999,0.0,1982-06-09
526.0,0.009999999999990905,1982-06-10
527.0,0.029999999999972715,1982-06-11
528.0,0.029999999999972715,1982-06-12
529.0,0.029999999999972715,1982-06-13
529.9999999999999,0.029999999999972715,1982-06-14
530.9999999999999,0.049999999999954525,1982-06-15
531.9999999999999,0.06999999999993634,1982-06-16
533.0,0.07999999999992724,1982-06-17
534.0,0.08999999999991815,1982-06-18
535.0,0.09999999999990905,1982-06-19
535.9999999999999,0.10999999999989996,1982-06-20
536.9999999999999,0.12000000000000455,1982-06-21
537.9999999999999,0.13999999999998636,1982-06-22
539.0,0.15999999999996817,1982-06-23
540.0,0.16999999999995907,1982-06-24
541.0,0.18999999999994088,1982-06-25
542.0,0.1999999999999318,1982-06-26
542.9999999999999,0.2099999999999227,1982-06-27
543.9999999999999,0.2299999999999045,1982-06-28
544.9999999999999,0.2400000000000091,1982-06-29
546.0,0.2400000000000091,1982-06-30
547.0,0.25,1982-07-01
548.0,0.2599999999999909,1982-07-02
549.0,0.2699999999999818,1982-07-03
549.9999999999999,0.2799999999999727,1982-07-04
550.9999999999999,0.2799999999999727,1982-07-05
551.9999999999999,0.2899999999999636,1982-07-06
553.0,0.2999999999999545,1982-07-07
554.0,0.30999999999994543,1982-07-08
555.0,0.31999999999993634,1982-07-09
555.9999999999999,0.32999999999992724,1982-07-10
556.9999999999999,0.33999999999991815,1982-07-11
557.9999999999999,0.35999999999989996,1982-07-12
559.0,0.36999999999989086,1982-07-13
560.0,0.37999999999988177,1982-07-14
561.0,0.39999999999997726,1982-07-15
562.0,0.40999999999996817,1982-07-16
562.9999999999999,0.40999999999996817,1982-07-17
563.9999999999999,0.4199999999999591,1982-07-18
564.9999999999999,0.42999999999995,1982-07-19
566.0,0.4399999999999409,1982-07-20
567.0,0.4499999999999318,1982-07-21
568.0,0.4499999999999318,1982-07-22
569.0,0.4599999999999227,1982-07-23
569.9999999999999,0.4699999999999136,1982-07-24
570.9999999999999,0.4699999999999136,1982-07-25
571.9999999999999,0.4799999999999045,1982-07-26
573.0,0.4799999999999045,1982-07-27
574.0,0.4899999999998954,1982-07-28
575.0,0.4899999999998954,1982-07-29
575.9999999999999,0.4999999999998863,1982-07-30
576.9999999999999,0.4999999999998863,1982-07-31
577.9999999999999,0.5099999999999909,1982-08-01
579.0,0.5099999999999909,1982-08-02
580.0,0.5199999999999818,1982-08-03
581.0,0.5199999999999818,1982-08-04
582.0,0.5199999999999818,1982-08-05
582.9999999999999,0.5299999999999727,1982-08-06
583.9999999999999,0.5299999999999727,1982-08-07
584.9999999999999,0.5399999999999636,1982-08-08
586.0,0.5399999999999636,1982-08-09
587.0,0.5499999999999545,1982-08-10
588.0,0.5599999999999454,1982-08-11
589.0,0.5599999999999454,1982-08-12
589.9999999999999,0.5699999999999363,1982-08-13
590.9999999999999,0.5799999999999272,1982-08-14
591.9999999999999,0.5799999999999272,1982-08-15
593.0,0.5899999999999181,1982-08-16
594.0,0.5899999999999181,1982-08-17
595.0,0.5899999999999181,1982-08-18
595.9999999999999,0.599999999999909,1982-08-19
596.9999999999999,0.599999999999909,1982-08-20
597.9999999999999,0.599999999999909,1982-08-21
599.0,0.6099999999999,1982-08-22
600.0,0.6099999999999,1982-08-23
601.0,0.6099999999999,1982-08-24
602.0,0.6199999999998909,1982-08-25
602.9999999999999,0.6199999999998909,1982-08-26
603.9999999999999,0.6299999999998818,1982-08-27
604.9999999999999,0.6399999999999864,1982-08-28
606.0,0.6399999999999864,1982-08-29
607.0,0.6399999999999864,1982-08-30
608.0,0.6399999999999864,1982-08-31
608.9999999999999,0.6499999999999773,1982-09-01
609.9999999999999,0.6499999999999773,1982-09-02
610.9999999999999,0.6499999999999773,1982-09-03
611.9999999999999,0.6499999999999773,1982-09-04
613.0,0.6499999999999773,1982-09-05
614.0,0.6399999999999864,1982-09-06
615.0,0.6399999999999864,1982-09-07
615.9999999999999,0.6399999999999864,1982-09-08
616.9999999999999,0.6399999999999864,1982-09-09
617.9999999999999,0.6399999999999864,1982-09-10
618.9999999999999,0.6399999999999864,1982-09-11
620.0,0.6399999999999864,1982-09-12
621.0,0.6399999999999864,1982-09-13
622.0,0.6299999999998818,1982-09-14
622.9999999999999,0.6299999999998818,1982-09-15
623.9999999999999,0.6299999999998818,1982-09-16
624.9999999999999,0.6299999999998818,1982-09-17
626.0,0.6299999999998818,1982-09-18
627.0,0.6299999999998818,1982-09-19
628.0,0.6299999999998818,1982-09-20
628.9999999999999,0.6199999999998909,1982-09-21
629.9999999999999,0.6199999999998909,1982-09-22
630.9999999999999,0.6199999999998909,1982-09-23
631.9999999999999,0.6199999999998909,1982-09-24
633.0,0.6199999999998909,1982-09-25
634.0,0.6199999999998909,1982-09-26
635.0,0.0,1982-09-27
635.9999999999999,0.0,1982-09-28
636.9999999999999,0.0,1982-09-29
637.9999999999999,0.0,1982-09-30
638.9999999999999,0.0,1982-10-01
640.0,0.0,1982-10-02
641.0,0.0,1982-10-03
642.0,0.0,1982-10-04
642.9999999999999,0.0,1982-10-05
643.9999999999999,0.0,1982-10-06
644.9999999999999,0.0,1982-10-07
646.0,0.0,1982-10-08
647.0,0.0,1982-10-09
648.0,0.0,1982-10-10
648.9999999999999,0.0,1982-10-11
649.9999999999999,0.0,1982-10-12
650.9999999999999,0.0,1982-10-13
651.9999999999999,0.0,1982-10-14
653.0,0.0,1982-10-15
654.0,0.0,1982-10-16
655.0,0.0,1982-10-17
655.9999999999999,0.0,1982-10-18
656.9999999999999,0.0,1982-10-19
657.9999999999999,0.0,1982-10-20
658.9999999999999,0.0,1982-10-21
660.0,0.0,1982-10-22
661.0,0.0,1982-10-23
662.0,0.0,1982-10-24
662.9999999999999,0.0,1982-10-25
663.9999999999999,0.0,1982-10-26
664.9999999999999,0.0,1982-10-27
666.0,0.0,1982-10-28
667.0,0.0,1982-10-29
668.0,0.0,1982-10-30
668.9999999999999,0.0,1982-10-31
669.9999999999999,0.0,1982-11-01
670.9999999999999,0.0,1982-11-02
671.9999999999999,0.0,1982-11-03
673.0,0.0,1982-11-04
674.0,0.0,1982-11-05
675.0,0.0,1982-11-06
675.9999999999999,0.0,1982-11-07
676.9999999999999,0.0,1982-11-08
677.9999999999999,0.0,1982-11-09
678.9999999999999,0.0,1982-11-10
680.0,0.0,1982-11-11
681.0,0.0,1982-11-12
682.0,0.0,1982-11-13
682.9999999999999,0.0,1982-11-14
683.9999999999999,0.0,1982-11-15
684.9999999999999,0.0,1982-11-16
686.0,0.0,1982-11-17
687.0,0.0,1982-11-18
688.0,0.0,1982-11-19
688.9999999999999,0.0,1982-11-20
689.9999999999999,0.0,1982-11-21
690.9999999999999,0.0,1982-11-22
691.9999999999999,0.0,1982-11-23
693.0,0.0,1982-11-24
694.0,0.0,1982-11-25
695.0,0.0,1982-11-26
695.9999999999999,0.0,1982-11-27
696.9999999999999,0.0,1982-11-28
697.9999999999999,0.0,1982-11-29
698.9999999999999,0.0,1982-11-30
700.0,0.0,1982-12-01
701.0,0.0,1982-12-02
701.9999999999999,0.0,1982-12-03
702.9999999999999,0.0,1982-12-04
703.9999999999999,0.0,1982-12-05
704.9999999999999,0.0,1982-12-06
705.9999999999999,0.0,1982-12-07
707.0,0.0,1982-12-08
708.0,0.0,1982-12-09
708.9999999999999,0.0,1982-12-10
709.9999999999999,0.0,1982-12-11
710.9999999999999,0.0,1982-12-12
711.9999999999999,0.0,1982-12-13
713.0,0.0,1982-12-14
714.0,0.0,1982-12-15
715.0,0.0,1982-12-16
715.9999999999999,0.0,1982-12-17
716.9999999999999,0.0,1982-12-18
717.9999999999999,0.0,1982-12-19
718.9999999999999,0.0,1982-12-20
720.0,0.0,1982-12-21
721.0,0.0,1982-12-22
721.9999999999999,0.0,1982-12-23
722.9999999999999,0.0,1982-12-24
723.9999999999999,0.0,1982-12-25
724.9999999999999,0.0,1982-12-26
725.9999999999999,0.0,1982-12-27
727.0,0.0,1982-12-28
728.0,0.0,1982-12-29
728.9999999999999,0.0,1982-12-30
729.9999999999999,0.0,1982-12-31
731.0,0.0,1983-01-01
732.0,0.0,1983-01-02
733.0,0.0,1983-01-03
734.0,0.0,1983-01-04
735.0,0.0,1983-01-05
735.9999999999999,0.0,1983-01-06
736.9999999999999,0.0,1983-01-07
737.9999999999999,0.0,1983-01-08
738.9999999999999,0.0,1983-01-09
739.9999999999999,0.0,1983-01-10
740.9999999999999,0.0,1983-01-11
741.9999999999999,0.0,1983-01-12
743.0,0.0,1983-01-13
744.0,0.0,1983-01-14
745.0,0.0,1983-01-15
746.0,0.0,1983-01-16
747.0,0.0,1983-01-17
748.0,0.0,1983-01-18
748.9999999999999,0.0,1983-01-19
749.9999999999999,0.0,1983-01-20
750.9999999999999,0.0,1983-01-21
751.9999999999999,0.0,1983-01-22
752.9999999999999,0.0,1983-01-23
753.9999999999999,0.0,1983-01-24
754.9999999999999,0.0,1983-01-25
755.9999999999999,0.0,1983-01-26
757.0,0.0,1983-01-27
758.0,0.0,1983-01-28
759.0,0.0,1983-01-29
760.0,0.0,1983-01-30
761.0,0.0,1983-01-31
761.9999999999999,0.0,1983-02-01
762.9999999999999,0.0,1983-02-02
763.9999999999999,0.0,1983-02-03
764.9999999999999,0.0,1983-02-04
765.9999999999999,0.0,1983-02-05
766.9999999999999,0.0,1983-02-06
767.9999999999999,0.0,1983-02-07
768.9999999999999,0.0,1983-02-08
770.0,0.0,1983-02-09
771.0,0.0,1983-02-10
772.0,0.0,1983-02-11
773.0,0.0,1983-02-12
774.0,0.0,1983-02-13
775.0,0.0,1983-02-14
775.9999999999999,0.0,1983-02-15
776.9999999999999,0.0,1983-02-16
777.9999999999999,0.0,1983-02-17
778.9999999999999,0.0,1983-02-18
779.9999999999999,0.0,1983-02-19
780.9999999999999,0.0,1983-02-20
781.9999999999999,0.0,1983-02-21
782.9999999999999,0.0,1983-02-22
784.0,0.0,1983-02-23
785.0,0.0,1983-02-24
786.0,0.0,1983-02-25
787.0,0.0,1983-02-26
788.0,0.0,1983-02-27
788.9999999999999,0.0,1983-02-28
789.9999999999999,0.0,1983-03-01
790.9999999999999,0.0,1983-03-02
791.9999999999999,0.0,1983-03-03
792.9999999999999,0.0,1983-03-04
793.9999999999999,0.0,1983-03-05
794.9999999999999,0.0,1983-03-06
795.9999999999999,0.0,1983-03-07
797.0,0.0,1983-03-08
798.0,0.0,1983-03-09
799.0,0.0,1983-03-10
800.0,0.0,1983-03-11
801.0,0.0,1983-03-12
801.9999999999999,0.0,1983-03-13
802.9999999999999,0.0,1983-03-14
803.9999999999999,0.0,1983-03-15
804.9999999999999,0.0,1983-03-16
805.9999999999999,0.0,1983-03-17
806.9999999999999,0.0,1983-03-18
807.9999999999999,0.0,1983-03-19
808.9999999999999,0.0,1983-03-20
810.0,0.0,1983-03-21
811.0,0.0,1983-03-22
812.0,0.0,1983-03-23
813.0,0.0,1983-03-24
814.0,0.0,1983-03-25
814.9999999999999,0.0,1983-03-26
815.9999999999999,0.0,1983-03-27
816.9999999999999,0.0,1983-03-28
817.9999999999999,0.0,1983-03-29
818.9999999999999,0.0,1983-03-30
819.9999999999999,0.0,1983-03-31
820.9999999999999,0.0,1983-04-01
821.9999999999999,0.0,1983-04-02
822.9999999999999,0.0,1983-04-03
824.0,0.0,1983-04-04
825.0,0.0,1983-04-05
826.0,0.0,1983-04-06
827.0,0.0,1983-04-07
828.0,0.0,1983-04-08
828.9999999999999,0.0,1983-04-09
829.9999999999999,0.0,1983-04-10
830.9999999999999,0.0,1983-04-11
831.9999999999999,0.0,1983-04-12
832.9999999999999,0.0,1983-04-13
833.9999999999999,0.0,1983-04-14
834.9999999999999,0.0,1983-04-15
835.9999999999999,0.0,1983-04-16
837.0,0.0,1983-04-17
838.0,0.0,1983-04-18
839.0,0.0,1983-04-19
840.0,0.0,1983-04-20
841.0,0.0,1983-04-21
841.9999999999999,0.0,1983-04-22
842.9999999999999,0.0,1983-04-23
843.9999999999999,0.0,1983-04-24
844.9999999999999,0.0,1983-04-25
845.9999999999999,0.0,1983-04-26
846.9999999999999,0.0,1983-04-27
847.9999999999999,0.0,1983-04-28
848.9999999999999,0.0,1983-04-29
850.0,0.0,1983-04-30
851.0,0.0,1983-05-01
852.0,0.0,1983-05-02
853.0,0.0,1983-05-03
854.0,0.0,1983-05-04
854.9999999999999,0.0,1983-05-05
855.9999999999999,0.0,1983-05-06
856.9999999999999,0.0,1983-05-07
857.9999999999999,0.0,1983-05-08
858.9999999999999,0.0,1983-05-09
859.9999999999999,0.0,1983-05-10
860.9999999999999,0.0,1983-05-11
861.9999999999999,0.0,1983-05-12
862.9999999999999,0.0,1983-05-13
864.0,0.0,1983-05-14
865.0,0.0,1983-05-15
866.0,0.0,1983-05-16
867.0,0.0,1983-05-17
867.9999999999999,0.0,1983-05-18
868.9999999999999,0.0,1983-05-19
869.9999999999999,0.0,1983-05-20
870.9999999999999,0.0,1983-05-21
871.9999999999999,0.0,1983-05-22
872.9999999999999,0.0,1983-05-23
873.9999999999999,0.0,1983-05-24
874.9999999999999,0.0,1983-05-25
875.9999999999999,0.0,1983-05-26
877.0,0.0,1983-05-27
878.0,0.0,1983-05-28
879.0,0.0,1983-05-29
880.0,0.0,1983-05-30
881.0,0.03999999999996362,1983-05-31
881.9999999999999,0.06999999999993634,1983-06-01
882.9999999999999,0.08999999999991815,1983-06-02
883.9999999999999,0.09999999999990905,1983-06-03
884.9999999999999,0.10999999999989996,1983-06-04
885.9999999999999,0.10999999999989996,1983-06-05
886.9999999999999,0.10999999999989996,1983-06-06
887.9999999999999,0.09999999999990905,1983-06-07
888.9999999999999,0.09999999999990905,1983-06-08
889.9999999999999,0.09999999999990905,1983-06-09
891.0,0.08999999999991815,1983-06-10
892.0,0.08999999999991815,1983-06-11
893.0,0.08999999999991815,1983-06-12
894.0,0.09999999999990905,1983-06-13
894.9999999999999,0.10999999999989996,1983-06-14
895.9999999999999,0.12999999999999545,1983-06-15
896.9999999999999,0.13999999999998636,1983-06-16
897.9999999999999,0.14999999999997726,1983-06-17
898.9999999999999,0.15999999999996817,1983-06-18
899.9999999999999,0.16999999999995907,1983-06-19
900.9999999999999,0.17999999999994998,1983-06-20
901.9999999999999,0.18999999999994088,1983-06-21
902.9999999999999,0.1999999999999318,1983-06-22
904.0,0.1999999999999318,1983-06-23
905.0,0.2099999999999227,1983-06-24
906.0,0.2299999999999045,1983-06-25
907.0,0.2400000000000091,1983-06-26
907.9999999999999,0.25,1983-06-27
908.9999999999999,0.2599999999999909,1983-06-28
909.9999999999999,0.2699999999999818,1983-06-29
910.9999999999999,0.2699999999999818,1983-06-30
911.9999999999999,0.2799999999999727,1983-07-01
912.9999999999999,0.2899999999999636,1983-07-02
913.9999999999999,0.2999999999999545,1983-07-03
914.9999999999999,0.30999999999994543,1983-07-04
915.9999999999999,0.31999999999993634,1983-07-05
917.0,0.33999999999991815,1983-07-06
918.0,0.34999999999990905,1983-07-07
919.0,0.36999999999989086,1983-07-08
920.0,0.37999999999988177,1983-07-09
921.0,0.39999999999997726,1983-07-10
921.9999999999999,0.40999999999996817,1983-07-11
922.9999999999999,0.4199999999999591,1983-07-12
923.9999999999999,0.4199999999999591,1983-07-13
924.9999999999999,0.42999999999995,1983-07-14
925.9999999999999,0.42999999999995,1983-07-15
926.9999999999999,0.42999999999995,1983-07-16
927.9999999999999,0.42999999999995,1983-07-17
928.9999999999999,0.4399999999999409,1983-07-18
929.9999999999999,0.4399999999999409,1983-07-19
931.0,0.4499999999999318,1983-07-20
932.0,0.4599999999999227,1983-07-21
933.0,0.4699999999999136,1983-07-22
934.0,0.4799999999999045,1983-07-23
934.9999999999999,0.4899999999998954,1983-07-24
935.9999999999999,0.4999999999998863,1983-07-25
936.9999999999999,0.5099999999999909,1983-07-26
937.9999999999999,0.5199999999999818,1983-07-27
938.9999999999999,0.5299999999999727,1983-07-28
939.9999999999999,0.5399999999999636,1983-07-29
940.9999999999999,0.5399999999999636,1983-07-30
941.9999999999999,0.5499999999999545,1983-07-31
942.9999999999999,0.5499999999999545,1983-08-01
944.0,0.5599999999999454,1983-08-02
945.0,0.5599999999999454,1983-08-03
946.0,0.5699999999999363,1983-08-04
947.0,0.5799999999999272,1983-08-05
947.9999999999999,0.5799999999999272,1983-08-06
948.9999999999999,0.5899999999999181,1983-08-07
949.9999999999999,0.5899999999999181,1983-08-08
950.9999999999999,0.599999999999909,1983-08-09
951.9999999999999,0.599999999999909,1983-08-10
952.9999999999999,0.6099999999999,1983-08-11
953.9999999999999,0.6099999999999,1983-08-12
954.9999999999999,0.6199999999998909,1983-08-13
955.9999999999999,0.6199999999998909,1983-08-14
956.9999999999998,0.6199999999998909,1983-08-15
958.0,0.6299999999998818,1983-08-16
959.0,0.6299999999998818,1983-08-17
960.0,0.6299999999998818,1983-08-18
960.9999999999999,0.6299999999998818,1983-08-19
961.9999999999999,0.6399999999999864,1983-08-20
962.9999999999999,0.6399999999999864,1983-08-21
963.9999999999999,0.6399999999999864,1983-08-22
964.9999999999999,0.6399999999999864,1983-08-23
965.9999999999999,0.6399999999999864,1983-08-24
966.9999999999999,0.6399999999999864,1983-08-25
967.9999999999999,0.6399999999999864,1983-08-26
968.9999999999999,0.6399999999999864,1983-08-27
969.9999999999999,0.6399999999999864,1983-08-28
971.0,0.6399999999999864,1983-08-29
972.0,0.6399999999999864,1983-08-30
973.0,0.6399999999999864,1983-08-31
974.0,0.6399999999999864,1983-09-01
974.9999999999999,0.6399999999999864,1983-09-02
975.9999999999999,0.6299999999998818,1983-09-03
976.9999999999999,0.6299999999998818,1983-09-04
977.9999999999999,0.6299999999998818,1983-09-05
978.9999999999999,0.6299999999998818,1983-09-06
979.9999999999999,0.6299999999998818,1983-09-07
980.9999999999999,0.6299999999998818,1983-09-08
981.9999999999999,0.6199999999998909,1983-09-09
982.9999999999999,0.6199999999998909,1983-09-10
984.0,0.6199999999998909,1983-09-11
985.0,0.6199999999998909,1983-09-12
986.0,0.6199999999998909,1983-09-13
987.0,0.6099999999999,1983-09-14
987.9999999999999,0.6099999999999,1983-09-15
988.9999999999999,0.6099999999999,1983-09-16
989.9999999999999,0.6099999999999,1983-09-17
990.9999999999999,0.6099999999999,1983-09-18
991.9999999999999,0.6099999999999,1983-09-19
992.9999999999999,0.0,1983-09-20
993.9999999999999,0.0,1983-09-21
994.9999999999999,0.0,1983-09-22
995.9999999999999,0.0,1983-09-23
996.9999999999998,0.0,1983-09-24
998.0,0.0,1983-09-25
999.0,0.0,1983-09-26
1000.0,0.0,1983-09-27
1000.9999999999999,0.0,1983-09-28
1001.9999999999999,0.0,1983-09-29
1002.9999999999999,0.0,1983-09-30
1003.9999999999999,0.0,1983-10-01
1004.9999999999999,0.0,1983-10-02
1005.9999999999999,0.0,1983-10-03
1006.9999999999999,0.0,1983-10-04
1007.9999999999999,0.0,1983-10-05
1008.9999999999999,0.0,1983-10-06
1009.9999999999999,0.0,1983-10-07
1011.0,0.0,1983-10-08
1012.0,0.0,1983-10-09
1013.0,0.0,1983-10-10
1014.0,0.0,1983-10-11
1014.9999999999999,0.0,1983-10-12
1015.9999999999999,0.0,1983-10-13
1016.9999999999999,0.0,1983-10-14
1017.9999999999999,0.0,1983-10-15
1018.9999999999999,0.0,1983-10-16
1019.9999999999999,0.0,1983-10-17
1020.9999999999999,0.0,1983-10-18
1021.9999999999999,0.0,1983-10-19
1022.9999999999999,0.0,1983-10-20
1024.0,0.0,1983-10-21
1025.0,0.0,1983-10-22
1026.0,0.0,1983-10-23
1027.0,0.0,1983-10-24
1028.0,0.0,1983-10-25
1029.0,0.0,1983-10-26
1030.0,0.0,1983-10-27
1031.0,0.0,1983-10-28
1032.0,0.0,1983-10-29
1032.9999999999998,0.0,1983-10-30
1033.9999999999998,0.0,1983-10-31
1034.9999999999998,0.0,1983-11-01
1035.9999999999998,0.0,1983-11-02
1036.9999999999998,0.0,1983-11-03
1038.0,0.0,1983-11-04
1039.0,0.0,1983-11-05
1040.0,0.0,1983-11-06
1041.0,0.0,1983-11-07
1042.0,0.0,1983-11-08
1043.0,0.0,1983-11-09
1044.0,0.0,1983-11-10
1045.0,0.0,1983-11-11
1045.9999999999998,0.0,1983-11-12
1046.9999999999998,0.0,1983-11-13
1047.9999999999998,0.0,1983-11-14
1048.9999999999998,0.0,1983-11-15
1049.9999999999998,0.0,1983-11-16
1051.0,0.0,1983-11-17
1052.0,0.0,1983-11-18
1053.0,0.0,1983-11-19
1054.0,0.0,1983-11-20
1055.0,0.0,1983-11-21
1056.0,0.0,1983-11-22
1057.0,0.0,1983-11-23
1058.0,0.0,1983-11-24
1058.9999999999998,0.0,1983-11-25
1059.9999999999998,0.0,1983-11-26
1060.9999999999998,0.0,1983-11-27
1061.9999999999998,0.0,1983-11-28
1062.9999999999998,0.0,1983-11-29
1063.9999999999998,0.0,1983-11-30
1065.0,0.0,1983-12-01
1066.0,0.0,1983-12-02
1067.0,0.0,1983-12-03
1068.0,0.0,1983-12-04
1069.0,0.0,1983-12-05
1070.0,0.0,1983-12-06
1071.0,0.0,1983-12-07
1071.9999999999998,0.0,1983-12-08
1072.9999999999998,0.0,1983-12-09
1073.9999999999998,0.0,1983-12-10
1074.9999999999998,0.0,1983-12-11
1075.9999999999998,0.0,1983-12-12
1076.9999999999998,0.0,1983-12-13
1078.0,0.0,1983-12-14
1079.0,0.0,1983-12-15
1080.0,0.0,1983-12-16
1081.0,0.0,1983-12-17
1082.0,0.0,1983-12-18
1083.0,0.0,1983-12-19
1084.0,0.0,1983-12-20
1085.0,0.0,1983-12-21
1085.9999999999998,0.0,1983-12-22
1086.9999999999998,0.0,1983-12-23
1087.9999999999998,0.0,1983-12-24
1088.9999999999998,0.0,1983-12-25
1089.9999999999998,0.0,1983-12-26
1091.0,0.0,1983-12-27
1092.0,0.0,1983-12-28
1093.0,0.0,1983-12-29
1094.0,0.0,1983-12-30
1095.0,0.0,1983-12-31
1096.0,0.0,1984-01-01
1097.0,0.0,1984-01-02
1098.0,0.0,1984-01-03
1098.9999999999998,0.0,1984-01-04
1099.9999999999998,0.0,1984-01-05
1100.9999999999998,0.0,1984-01-06
1101.9999999999998,0.0,1984-01-07
1102.9999999999998,0.0,1984-01-08
1103.9999999999998,0.0,1984-01-09
1105.0,0.0,1984-01-10
1106.0,0.0,1984-01-11
1107.0,0.0,1984-01-12
1108.0,0.0,1984-01-13
1109.0,0.0,1984-01-14
1110.0,0.0,1984-01-15
1111.0,0.0,1984-01-16
1111.9999999999998,0.0,1984-01-17
1112.9999999999998,0.0,1984-01-18
1113.9999999999998,0.0,1984-01-19
1114.9999999999998,0.0,1984-01-20
1115.9999999999998,0.0,1984-01-21
1116.9999999999998,0.0,1984-01-22
1118.0,0.0,1984-01-23
1119.0,0.0,1984-01-24
1120.0,0.0,1984-01-25
1121.0,0.0,1984-01-26
1122.0,0.0,1984-01-27
1123.0,0.0,1984-01-28
1124.0,0.0,1984-01-29
1124.9999999999998,0.0,1984-01-30
1125.9999999999998,0.0,1984-01-31
1126.9999999999998,0.0,1984-02-01
1127.9999999999998,0.0,1984-02-02
1128.9999999999998,0.0,1984-02-03
1129.9999999999998,0.0,1984-02-04
1130.9999999999998,0.0,1984-02-05
1132.0,0.0,1984-02-06
1133.0,0.0,1984-02-07
1134.0,0.0,1984-02-08
1135.0,0.0,1984-02-09
1136.0,0.0,1984-02-10
1137.0,0.0,1984-02-11
1138.0,0.0,1984-02-12
1138.9999999999998,0.0,1984-02-13
1139.9999999999998,0.0,1984-02-14
1140.9999999999998,0.0,1984-02-15
1141.9999999999998,0.0,1984-02-16
1142.9999999999998,0.0,1984-02-17
1143.9999999999998,0.0,1984-02-18
1145.0,0.0,1984-02-19
1146.0,0.0,1984-02-20
1147.0,0.0,1984-02-21
1148.0,0.0,1984-02-22
1149.0,0.0,1984-02-23
1150.0,0.0,1984-02-24
1151.0,0.0,1984-02-25
1151.9999999999998,0.0,1984-02-26
1152.9999999999998,0.0,1984-02-27
1153.9999999999998,0.0,1984-02-28
1154.9999999999998,0.0,1984-02-29
1155.9999999999998,0.0,1984-03-01
1156.9999999999998,0.0,1984-03-02
1158.0,0.0,1984-03-03
1159.0,0.0,1984-03-04
1160.0,0.0,1984-03-05
1161.0,0.0,1984-03-06
1162.0,0.0,1984-03-07
1163.0,0.0,1984-03-08
1164.0,0.0,1984-03-09
1164.9999999999998,0.0,1984-03-10
1165.9999999999998,0.0,1984-03-11
1166.9999999999998,0.0,1984-03-12
1167.9999999999998,0.0,1984-03-13
1168.9999999999998,0.0,1984-03-14
1169.9999999999998,0.0,1984-03-15
1170.9999999999998,0.0,1984-03-16
1172.0,0.0,1984-03-17
1173.0,0.0,1984-03-18
1174.0,0.0,1984-03-19
1175.0,0.0,1984-03-20
1176.0,0.0,1984-03-21
1177.0,0.0,1984-03-22
1178.0,0.0,1984-03-23
1178.9999999999998,0.0,1984-03-24
1179.9999999999998,0.0,1984-03-25
1180.9999999999998,0.0,1984-03-26
1181.9999999999998,0.0,1984-03-27
1182.9999999999998,0.0,1984-03-28
1183.9999999999998,0.0,1984-03-29
1185.0,0.0,1984-03-30
1186.0,0.0,1984-03-31
1187.0,0.0,1984-04-01
1188.0,0.0,1984-04-02
1189.0,0.0,1984-04-03
1190.0,0.0,1984-04-04
1191.0,0.0,1984-04-05
1191.9999999999998,0.0,1984-04-06
1192.9999999999998,0.0,1984-04-07
1193.9999999999998,0.0,1984-04-08
1194.9999999999998,0.0,1984-04-09
1195.9999999999998,0.0,1984-04-10
1196.9999999999998,0.0,1984-04-11
1198.0,0.0,1984-04-12
1199.0,0.0,1984-04-13
1200.0,0.0,1984-04-14
1201.0,0.0,1984-04-15
1202.0,0.0,1984-04-16
1203.0,0.0,1984-04-17
1204.0,0.0,1984-04-18
1204.9999999999998,0.0,1984-04-19
1205.9999999999998,0.0,1984-04-20
1206.9999999999998,0.0,1984-04-21
1207.9999999999998,0.0,1984-04-22
1208.9999999999998,0.0,1984-04-23
1209.9999999999998,0.0,1984-04-24
1210.9999999999998,0.0,1984-04-25
1212.0,0.0,1984-04-26
1213.0,0.0,1984-04-27
1214.0,0.0,1984-04-28
1215.0,0.0,1984-04-29
1216.0,0.0,1984-04-30
1217.0,0.0,1984-05-01
1217.9999999999998,0.0,1984-05-02
1218.9999999999998,0.0,1984-05-03
1219.9999999999998,0.0,1984-05-04
1220.9999999999998,0.0,1984-05-05
1221.9999999999998,0.0,1984-05-06
1222.9999999999998,0.0,1984-05-07
1223.9999999999998,0.0,1984-05-08
1225.0,0.0,1984-05-09
1226.0,0.0,1984-05-10
1227.0,0.0,1984-05-11
1228.0,0.0,1984-05-12
1229.0,0.0,1984-05-13
1230.0,0.0,1984-05-14
1231.0,0.0,1984-05-15
1231.9999999999998,0.0,1984-05-16
1232.9999999999998,0.0,1984-05-17
1233.9999999999998,0.0,1984-05-18
1234.9999999999998,0.0,1984-05-19
1235.9999999999998,0.0,1984-05-20
1236.9999999999998,0.0,1984-05-21
1237.9999999999998,0.0,1984-05-22
1239.0,0.0,1984-05-23
1240.0,0.0,1984-05-24
1241.0,0.0,1984-05-25
1242.0,0.0,1984-05-26
1243.0,0.0,1984-05-27
1244.0,0.0,1984-05-28
1244.9999999999998,0.0,1984-05-29
1245.9999999999998,0.0,1984-05-30
1246.9999999999998,0.0,1984-05-31
1247.9999999999998,0.0,1984-06-01
1248.9999999999998,0.0,1984-06-02
1249.9999999999998,0.0,1984-06-03
1250.9999999999998,0.029999999999972715,1984-06-04
1252.0,0.05999999999994543,1984-06-05
1253.0,0.07999999999992724,1984-06-06
1254.0,0.09999999999990905,1984-06-07
1255.0,0.12000000000000455,1984-06-08
1256.0,0.12999999999999545,1984-06-09
1257.0,0.14999999999997726,1984-06-10
1257.9999999999998,0.15999999999996817,1984-06-11
1258.9999999999998,0.16999999999995907,1984-06-12
1259.9999999999998,0.18999999999994088,1984-06-13
1260.9999999999998,0.1999999999999318,1984-06-14
1261.9999999999998,0.2099999999999227,1984-06-15
1262.9999999999998,0.2199999999999136,1984-06-16
1263.9999999999998,0.2299999999999045,1984-06-17
1265.0,0.2400000000000091,1984-06-18
1266.0,0.25,1984-06-19
1267.0,0.2599999999999909,1984-06-20
1268.0,0.2699999999999818,1984-06-21
1269.0,0.2799999999999727,1984-06-22
1270.0,0.2799999999999727,1984-06-23
1271.0,0.2899999999999636,1984-06-24
1271.9999999999998,0.2999999999999545,1984-06-25
1272.9999999999998,0.2999999999999545,1984-06-26
1273.9999999999998,0.2999999999999545,1984-06-27
1274.9999999999998,0.2999999999999545,1984-06-28
1275.9999999999998,0.30999999999994543,1984-06-29
1276.9999999999998,0.30999999999994543,1984-06-30
1277.9999999999998,0.31999999999993634,1984-07-01
1279.0,0.32999999999992724,1984-07-02
1280.0,0.33999999999991815,1984-07-03
1281.0,0.35999999999989996,1984-07-04
1282.0,0.36999999999989086,1984-07-05
1283.0,0.37999999999988177,1984-07-06
1284.0,0.37999999999988177,1984-07-07
1284.9999999999998,0.38999999999998636,1984-07-08
1285.9999999999998,0.38999999999998636,1984-07-09
1286.9999999999998,0.39999999999997726,1984-07-10
1287.9999999999998,0.39999999999997726,1984-07-11
1288.9999999999998,0.40999999999996817,1984-07-12
1289.9999999999998,0.40999999999996817,1984-07-13
1290.9999999999998,0.4199999999999591,1984-07-14
1292.0,0.4199999999999591,1984-07-15
1293.0,0.42999999999995,1984-07-16
1294.0,0.4399999999999409,1984-07-17
1295.0,0.4399999999999409,1984-07-18
1296.0,0.4499999999999318,1984-07-19
1297.0,0.4499999999999318,1984-07-20
1297.9999999999998,0.4499999999999318,1984-07-21
1298.9999999999998,0.4499999999999318,1984-07-22
1299.9999999999998,0.4599999999999227,1984-07-23
1300.9999999999998,0.4599999999999227,1984-07-24
1301.9999999999998,0.4699999999999136,1984-07-25
1302.9999999999998,0.4799999999999045,1984-07-26
1303.9999999999998,0.4899999999998954,1984-07-27
1304.9999999999998,0.4999999999998863,1984-07-28
1306.0,0.5099999999999909,1984-07-29
1307.0,0.5099999999999909,1984-07-30
1308.0,0.5199999999999818,1984-07-31
1309.0,0.5199999999999818,1984-08-01
1310.0,0.5299999999999727,1984-08-02
1310.9999999999998,0.5299999999999727,1984-08-03
1311.9999999999998,0.5299999999999727,1984-08-04
1312.9999999999998,0.5399999999999636,1984-08-05
1313.9999999999998,0.5399999999999636,1984-08-06
1314.9999999999998,0.5499999999999545,1984-08-07
1315.9999999999998,0.5499999999999545,1984-08-08
1316.9999999999998,0.5499999999999545,1984-08-09
1317.9999999999998,0.5599999999999454,1984-08-10
1319.0,0.5599999999999454,1984-08-11
1320.0,0.5599999999999454,1984-08-12
1321.0,0.5599999999999454,1984-08-13
1322.0,0.5599999999999454,1984-08-14
1323.0,0.5599999999999454,1984-08-15
1324.0,0.5599999999999454,1984-08-16
1324.9999999999998,0.5699999999999363,1984-08-17
1325.9999999999998,0.5699999999999363,1984-08-18
1326.9999999999998,0.5699999999999363,1984-08-19
1327.9999999999998,0.5799999999999272,1984-08-20
1328.9999999999998,0.5799999999999272,1984-08-21
1329.9999999999998,0.5799999999999272,1984-08-22
1330.9999999999998,0.5799999999999272,1984-08-23
1332.0,0.5799999999999272,1984-08-24
1333.0,0.5899999999999181,1984-08-25
1334.0,0.5899999999999181,1984-08-26
1335.0,0.5899999999999181,1984-08-27
1336.0,0.5799999999999272,1984-08-28
1337.0,0.5799999999999272,1984-08-29
1337.9999999999998,0.5799999999999272,1984-08-30
1338.9999999999998,0.5799999999999272,1984-08-31
1339.9999999999998,0.5799999999999272,1984-09-01
1340.9999999999998,0.5799999999999272,1984-09-02
1341.9999999999998,0.5799999999999272,1984-09-03
1342.9999999999998,0.5799999999999272,1984-09-04
1343.9999999999998,0.5699999999999363,1984-09-05
1344.9999999999998,0.5699999999999363,1984-09-06
1346.0,0.5699999999999363,1984-09-07
1347.0,0.5699999999999363,1984-09-08
1348.0,0.5699999999999363,1984-09-09
1349.0,0.5599999999999454,1984-09-10
1350.0,0.5599999999999454,1984-09-11
1350.9999999999998,0.5599999999999454,1984-09-12
1351.9999999999998,0.5599999999999454,1984-09-13
1352.9999999999998,0.5599999999999454,1984-09-14
1353.9999999999998,0.5599999999999454,1984-09-15
1354.9999999999998,0.5499999999999545,1984-09-16
1355.9999999999998,0.5499999999999545,1984-09-17
1356.9999999999998,0.5499999999999545,1984-09-18
1357.9999999999998,0.5499999999999545,1984-09-19
1359.0,0.0,1984-09-20
1360.0,0.0,1984-09-21
1361.0,0.5399999999999636,1984-09-22
1362.0,0.5399999999999636,1984-09-23
1363.0,0.5399999999999636,1984-09-24
1364.0,0.0,1984-09-25
1364.9999999999998,0.0,1984-09-26
1365.9999999999998,0.0,1984-09-27
1366.9999999999998,0.0,1984-09-28
1367.9999999999998,0.0,1984-09-29
1368.9999999999998,0.0,1984-09-30
1369.9999999999998,0.0,1984-10-01
1370.9999999999998,0.0,1984-10-02
1372.0,0.0,1984-10-03
1373.0,0.0,1984-10-04
1374.0,0.0,1984-10-05
1375.0,0.0,1984-10-06
1376.0,0.0,1984-10-07
1377.0,0.0,1984-10-08
1377.9999999999998,0.0,1984-10-09
1378.9999999999998,0.0,1984-10-10
1379.9999999999998,0.0,1984-10-11
1380.9999999999998,0.0,1984-10-12
1381.9999999999998,0.0,1984-10-13
1382.9999999999998,0.0,1984-10-14
1383.9999999999998,0.0,1984-10-15
1384.9999999999998,0.0,1984-10-16
1386.0,0.0,1984-10-17
1387.0,0.0,1984-10-18
1388.0,0.0,1984-10-19
1389.0,0.0,1984-10-20
1390.0,0.0,1984-10-21
1390.9999999999998,0.0,1984-10-22
1391.9999999999998,0.0,1984-10-23
1392.9999999999998,0.0,1984-10-24
1393.9999999999998,0.0,1984-10-25
1394.9999999999998,0.0,1984-10-26
1395.9999999999998,0.0,1984-10-27
1396.9999999999998,0.0,1984-10-28
1397.9999999999998,0.0,1984-10-29
1399.0,0.0,1984-10-30
1400.0,0.0,1984-10-31
1401.0,0.0,1984-11-01
1402.0,0.0,1984-11-02
1403.0,0.0,1984-11-03
1403.9999999999998,0.0,1984-11-04
1404.9999999999998,0.0,1984-11-05
1405.9999999999998,0.0,1984-11-06
1406.9999999999998,0.0,1984-11-07
1407.9999999999998,0.0,1984-11-08
1408.9999999999998,0.0,1984-11-09
1409.9999999999998,0.0,1984-11-10
1410.9999999999998,0.0,1984-11-11
1411.9999999999998,0.0,1984-11-12
1413.0,0.0,1984-11-13
1414.0,0.0,1984-11-14
1415.0,0.0,1984-11-15
1416.0,0.0,1984-11-16
1417.0,0.0,1984-11-17
1417.9999999999998,0.0,1984-11-18
1418.9999999999998,0.0,1984-11-19
1419.9999999999998,0.0,1984-11-20
1420.9999999999998,0.0,1984-11-21
1421.9999999999998,0.0,1984-11-22
1422.9999999999998,0.0,1984-11-23
1423.9999999999998,0.0,1984-11-24
1424.9999999999998,0.0,1984-11-25
1426.0,0.0,1984-11-26
1427.0,0.0,1984-11-27
1428.0,0.0,1984-11-28
1429.0,0.0,1984-11-29
1430.0,0.0,1984-11-30
1430.9999999999998,0.0,1984-12-01
1431.9999999999998,0.0,1984-12-02
1432.9999999999998,0.0,1984-12-03
1433.9999999999998,0.0,1984-12-04
1434.9999999999998,0.0,1984-12-05
1435.9999999999998,0.0,1984-12-06
1436.9999999999998,0.0,1984-12-07
1437.9999999999998,0.0,1984-12-08
1439.0,0.0,1984-12-09
1440.0,0.0,1984-12-10
1441.0,0.0,1984-12-11
1442.0,0.0,1984-12-12
1443.0,0.0,1984-12-13
1443.9999999999998,0.0,1984-12-14
1444.9999999999998,0.0,1984-12-15
1445.9999999999998,0.0,1984-12-16
1446.9999999999998,0.0,1984-12-17
1447.9999999999998,0.0,1984-12-18
1448.9999999999998,0.0,1984-12-19
1449.9999999999998,0.0,1984-12-20
1450.9999999999998,0.0,1984-12-21
1451.9999999999998,0.0,1984-12-22
1453.0,0.0,1984-12-23
1454.0,0.0,1984-12-24
1455.0,0.0,1984-12-25
1456.0,0.0,1984-12-26
1457.0,0.0,1984-12-27
1457.9999999999998,0.0,1984-12-28
1458.9999999999998,0.0,1984-12-29
1459.9999999999998,0.0,1984-12-30
1460.9999999999998,0.0,1984-12-31
1462.0,0.0,1985-01-01
1463.0,0.0,1985-01-02
1464.0,0.0,1985-01-03
1465.0,0.0,1985-01-04
1466.0,0.0,1985-01-05
1467.0,0.0,1985-01-06
1468.0,0.0,1985-01-07
1469.0,0.0,1985-01-08
1470.0,0.0,1985-01-09
1470.9999999999998,0.0,1985-01-10
1471.9999999999998,0.0,1985-01-11
1472.9999999999998,0.0,1985-01-12
1473.9999999999998,0.0,1985-01-13
1474.9999999999998,0.0,1985-01-14
1475.9999999999998,0.0,1985-01-15
1476.9999999999998,0.0,1985-01-16
1477.9999999999998,0.0,1985-01-17
1478.9999999999998,0.0,1985-01-18
1479.9999999999998,0.0,1985-01-19
1480.9999999999998,0.0,1985-01-20
1481.9999999999998,0.0,1985-01-21
1482.9999999999998,0.0,1985-01-22
1483.9999999999998,0.0,1985-01-23
1484.9999999999998,0.0,1985-01-24
1486.0,0.0,1985-01-25
1487.0,0.0,1985-01-26
1488.0,0.0,1985-01-27
1489.0,0.0,1985-01-28
1490.0,0.0,1985-01-29
1491.0,0.0,1985-01-30
1492.0,0.0,1985-01-31
1493.0,0.0,1985-02-01
1494.0,0.0,1985-02-02
1495.0,0.0,1985-02-03
1496.0,0.0,1985-02-04
1496.9999999999998,0.0,1985-02-05
1497.9999999999998,0.0,1985-02-06
1498.9999999999998,0.0,1985-02-07
1499.9999999999998,0.0,1985-02-08
1500.9999999999998,0.0,1985-02-09
1501.9999999999998,0.0,1985-02-10
1502.9999999999998,0.0,1985-02-11
1503.9999999999998,0.0,1985-02-12
1504.9999999999998,0.0,1985-02-13
1505.9999999999998,0.0,1985-02-14
1506.9999999999998,0.0,1985-02-15
1507.9999999999998,0.0,1985-02-16
1508.9999999999998,0.0,1985-02-17
1509.9999999999998,0.0,1985-02-18
1510.9999999999998,0.0,1985-02-19
1511.9999999999998,0.0,1985-02-20
1513.0,0.0,1985-02-21
1514.0,0.0,1985-02-22
1515.0,0.0,1985-02-23
1516.0,0.0,1985-02-24
1517.0,0.0,1985-02-25
1518.0,0.0,1985-02-26
1519.0,0.0,1985-02-27
1520.0,0.0,1985-02-28
1521.0,0.0,1985-03-01
1522.0,0.0,1985-03-02
1523.0,0.0,1985-03-03
1523.9999999999998,0.0,1985-03-04
1524.9999999999998,0.0,1985-03-05
1525.9999999999998,0.0,1985-03-06
1526.9999999999998,0.0,1985-03-07
1527.9999999999998,0.0,1985-03-08
1528.9999999999998,0.0,1985-03-09
1529.9999999999998,0.0,1985-03-10
1530.9999999999998,0.0,1985-03-11
1531.9999999999998,0.0,1985-03-12
1532.9999999999998,0.0,1985-03-13
1533.9999999999998,0.0,1985-03-14
1534.9999999999998,0.0,1985-03-15
1535.9999999999998,0.0,1985-03-16
1536.9999999999998,0.0,1985-03-17
1537.9999999999998,0.0,1985-03-18
1538.9999999999998,0.0,1985-03-19
1540.0,0.0,1985-03-20
1541.0,0.0,1985-03-21
1542.0,0.0,1985-03-22
1543.0,0.0,1985-03-23
1544.0,0.0,1985-03-24
1545.0,0.0,1985-03-25
1546.0,0.0,1985-03-26
1547.0,0.0,1985-03-27
1548.0,0.0,1985-03-28
1549.0,0.0,1985-03-29
1550.0,0.0,1985-03-30
1550.9999999999998,0.0,1985-03-31
1551.9999999999998,0.0,1985-04-01
1552.9999999999998,0.0,1985-04-02
1553.9999999999998,0.0,1985-04-03
1554.9999999999998,0.0,1985-04-04
1555.9999999999998,0.0,1985-04-05
1556.9999999999998,0.0,1985-04-06
1557.9999999999998,0.0,1985-04-07
1558.9999999999998,0.0,1985-04-08
1559.9999999999998,0.0,1985-04-09
1560.9999999999998,0.0,1985-04-10
1561.9999999999998,0.0,1985-04-11
1562.9999999999998,0.0,1985-04-12
1563.9999999999998,0.0,1985-04-13
1564.9999999999998,0.0,1985-04-14
1565.9999999999998,0.0,1985-04-15
1567.0,0.0,1985-04-16
1568.0,0.0,1985-04-17
1569.0,0.0,1985-04-18
1570.0,0.0,1985-04-19
1571.0,0.0,1985-04-20
1572.0,0.0,1985-04-21
1573.0,0.0,1985-04-22
1574.0,0.0,1985-04-23
1575.0,0.0,1985-04-24
1576.0,0.0,1985-04-25
1576.9999999999998,0.0,1985-04-26
1577.9999999999998,0.0,1985-04-27
1578.9999999999998,0.0,1985-04-28
1579.9999999999998,0.0,1985-04-29
1580.9999999999998,0.0,1985-04-30
1581.9999999999998,0.0,1985-05-01
1582.9999999999998,0.0,1985-05-02
1583.9999999999998,0.0,1985-05-03
1584.9999999999998,0.0,1985-05-04
1585.9999999999998,0.0,1985-05-05
1586.9999999999998,0.0,1985-05-06
1587.9999999999998,0.0,1985-05-07
1588.9999999999998,0.0,1985-05-08
1589.9999999999998,0.0,1985-05-09
1590.9999999999998,0.0,1985-05-10
1591.9999999999998,0.0,1985-05-11
1593.0,0.0,1985-05-12
1594.0,0.0,1985-05-13
1595.0,0.0,1985-05-14
1596.0,0.0,1985-05-15
1597.0,0.0,1985-05-16
1598.0,0.0,1985-05-17
1599.0,0.0,1985-05-18
1600.0,0.0,1985-05-19
1601.0,0.0,1985-05-20
1602.0,0.0,1985-05-21
1603.0,0.0,1985-05-22
1603.9999999999998,0.0,1985-05-23
1604.9999999999998,0.0,1985-05-24
1605.9999999999998,0.0,1985-05-25
1606.9999999999998,0.0,1985-05-26
1607.9999999999998,0.0,1985-05-27
1608.9999999999998,0.0,1985-05-28
1609.9999999999998,0.0,1985-05-29
1610.9999999999998,0.0,1985-05-30
1611.9999999999998,0.0,1985-05-31
1612.9999999999998,0.0,1985-06-01
1613.9999999999998,0.01999999999998181,1985-06-02
1614.9999999999998,0.05999999999994543,1985-06-03
1615.9999999999998,0.07999999999992724,1985-06-04
1616.9999999999998,0.09999999999990905,1985-06-05
1617.9999999999998,0.10999999999989996,1985-06-06
1618.9999999999998,0.12000000000000455,1985-06-07
1620.0,0.12999999999999545,1985-06-08
1621.0,0.12999999999999545,1985-06-09
1622.0,0.12999999999999545,1985-06-10
1623.0,0.12999999999999545,1985-06-11
1624.0,0.12999999999999545,1985-06-12
1625.0,0.12000000000000455,1985-06-13
1626.0,0.12000000000000455,1985-06-14
1627.0,0.12000000000000455,1985-06-15
1628.0,0.10999999999989996,1985-06-16
1629.0,0.10999999999989996,1985-06-17
1629.9999999999998,0.12000000000000455,1985-06-18
1630.9999999999998,0.12999999999999545,1985-06-19
1631.9999999999998,0.13999999999998636,1985-06-20
1632.9999999999998,0.14999999999997726,1985-06-21
1633.9999999999998,0.15999999999996817,1985-06-22
1634.9999999999998,0.16999999999995907,1985-06-23
1635.9999999999998,0.17999999999994998,1985-06-24
1636.9999999999998,0.18999999999994088,1985-06-25
1637.9999999999998,0.1999999999999318,1985-06-26
1638.9999999999998,0.2099999999999227,1985-06-27
1639.9999999999998,0.2099999999999227,1985-06-28
1640.9999999999998,0.2199999999999136,1985-06-29
1641.9999999999998,0.2299999999999045,1985-06-30
1642.9999999999998,0.2400000000000091,1985-07-01
1643.9999999999998,0.2400000000000091,1985-07-02
1644.9999999999998,0.25,1985-07-03
1645.9999999999998,0.25,1985-07-04
1647.0,0.2599999999999909,1985-07-05
1648.0,0.2599999999999909,1985-07-06
1649.0,0.2699999999999818,1985-07-07
1650.0,0.2799999999999727,1985-07-08
1651.0,0.2799999999999727,1985-07-09
1652.0,0.2899999999999636,1985-07-10
1653.0,0.2999999999999545,1985-07-11
1654.0,0.2999999999999545,1985-07-12
1655.0,0.30999999999994543,1985-07-13
1656.0,0.30999999999994543,1985-07-14
1656.9999999999998,0.31999999999993634,1985-07-15
1657.9999999999998,0.31999999999993634,1985-07-16
1658.9999999999998,0.33999999999991815,1985-07-17
1659.9999999999998,0.33999999999991815,1985-07-18
1660.9999999999998,0.34999999999990905,1985-07-19
1661.9999999999998,0.35999999999989996,1985-07-20
1662.9999999999998,0.35999999999989996,1985-07-21
1663.9999999999998,0.36999999999989086,1985-07-22
1664.9999999999998,0.37999999999988177,1985-07-23
1665.9999999999998,0.38999999999998636,1985-07-24
1666.9999999999998,0.39999999999997726,1985-07-25
1667.9999999999998,0.40999999999996817,1985-07-26
1668.9999999999998,0.4199999999999591,1985-07-27
1669.9999999999998,0.42999999999995,1985-07-28
1670.9999999999998,0.4399999999999409,1985-07-29
1671.9999999999998,0.4399999999999409,1985-07-30
1672.9999999999998,0.4499999999999318,1985-07-31
1674.0,0.4599999999999227,1985-08-01
1675.0,0.4699999999999136,1985-08-02
1676.0,0.4699999999999136,1985-08-03
1677.0,0.4799999999999045,1985-08-04
1678.0,0.4899999999998954,1985-08-05
1679.0,0.4999999999998863,1985-08-06
1680.0,0.5099999999999909,1985-08-07
1681.0,0.5199999999999818,1985-08-08
1682.0,0.5299999999999727,1985-08-09
1682.9999999999998,0.5399999999999636,1985-08-10
1683.9999999999998,0.5499999999999545,1985-08-11
1684.9999999999998,0.5499999999999545,1985-08-12
1685.9999999999998,0.5599999999999454,1985-08-13
1686.9999999999998,0.5599999999999454,1985-08-14
1687.9999999999998,0.5599999999999454,1985-08-15
1688.9999999999998,0.5599999999999454,1985-08-16
1689.9999999999998,0.5699999999999363,1985-08-17
1690.9999999999998,0.5699999999999363,1985-08-18
1691.9999999999998,0.5699999999999363,1985-08-19
1692.9999999999998,0.5699999999999363,1985-08-20
1693.9999999999998,0.5699999999999363,1985-08-21
1694.9999999999998,0.5599999999999454,1985-08-22
1695.9999999999998,0.5599999999999454,1985-08-23
1696.9999999999998,0.5599999999999454,1985-08-24
1697.9999999999998,0.5699999999999363,1985-08-25
1698.9999999999998,0.5699999999999363,1985-08-26
1700.0,0.5699999999999363,1985-08-27
1701.0,0.5699999999999363,1985-08-28
1702.0,0.5799999999999272,1985-08-29
1703.0,0.5799999999999272,1985-08-30
1704.0,0.5799999999999272,1985-08-31
1705.0,0.5899999999999181,1985-09-01
1706.0,0.5899999999999181,1985-09-02
1707.0,0.5899999999999181,1985-09-03
1708.0,0.599999999999909,1985-09-04
1709.0,0.599999999999909,1985-09-05
1709.9999999999998,0.599999999999909,1985-09-06
1710.9999999999998,0.599999999999909,1985-09-07
1711.9999999999998,0.599999999999909,1985-09-08
1712.9999999999998,0.599999999999909,1985-09-09
1713.9999999999998,0.599999999999909,1985-09-10
1714.9999999999998,0.599999999999909,1985-09-11
1715.9999999999998,0.599999999999909,1985-09-12
1716.9999999999998,0.599999999999909,1985-09-13
1717.9999999999998,0.5899999999999181,1985-09-14
1718.9999999999998,0.5899999999999181,1985-09-15
1719.9999999999998,0.5899999999999181,1985-09-16
1720.9999999999998,0.5899999999999181,1985-09-17
1721.9999999999998,0.5899999999999181,1985-09-18
1722.9999999999998,0.5899999999999181,1985-09-19
1723.9999999999998,0.5899999999999181,1985-09-20
1724.9999999999998,0.5799999999999272,1985-09-21
1725.9999999999998,0.0,1985-09-22
1727.0,0.0,1985-09-23
1728.0,0.0,1985-09-24
1729.0,0.0,1985-09-25
1730.0,0.0,1985-09-26
1731.0,0.0,1985-09-27
1732.0,0.0,1985-09-28
1733.0,0.0,1985-09-29
1734.0,0.0,1985-09-30
1735.0,0.0,1985-10-01
1735.9999999999998,0.0,1985-10-02
1736.9999999999998,0.0,1985-10-03
1737.9999999999998,0.0,1985-10-04
1738.9999999999998,0.0,1985-10-05
1739.9999999999998,0.0,1985-10-06
1740.9999999999998,0.0,1985-10-07
1741.9999999999998,0.0,1985-10-08
1742.9999999999998,0.0,1985-10-09
1743.9999999999998,0.0,1985-10-10
1744.9999999999998,0.0,1985-10-11
1745.9999999999998,0.0,1985-10-12
1746.9999999999998,0.0,1985-10-13
1747.9999999999998,0.0,1985-10-14
1748.9999999999998,0.0,1985-10-15
1749.9999999999998,0.0,1985-10-16
1750.9999999999998,0.0,1985-10-17
1751.9999999999998,0.0,1985-10-18
1752.9999999999998,0.0,1985-10-19
1754.0,0.0,1985-10-20
1755.0,0.0,1985-10-21
1756.0,0.0,1985-10-22
1757.0,0.0,1985-10-23
1758.0,0.0,1985-10-24
1759.0,0.0,1985-10-25
1760.0,0.0,1985-10-26
1761.0,0.0,1985-10-27
1762.0,0.0,1985-10-28
1762.9999999999998,0.0,1985-10-29
1763.9999999999998,0.0,1985-10-30
1764.9999999999998,0.0,1985-10-31
1765.9999999999998,0.0,1985-11-01
1766.9999999999998,0.0,1985-11-02
1767.9999999999998,0.0,1985-11-03
1768.9999999999998,0.0,1985-11-04
1769.9999999999998,0.0,1985-11-05
1770.9999999999998,0.0,1985-11-06
1771.9999999999998,0.0,1985-11-07
1772.9999999999998,0.0,1985-11-08
1773.9999999999998,0.0,1985-11-09
1774.9999999999998,0.0,1985-11-10
1775.9999999999998,0.0,1985-11-11
1776.9999999999998,0.0,1985-11-12
1777.9999999999998,0.0,1985-11-13
1778.9999999999998,0.0,1985-11-14
1779.9999999999998,0.0,1985-11-15
1781.0,0.0,1985-11-16
1782.0,0.0,1985-11-17
1783.0,0.0,1985-11-18
1784.0,0.0,1985-11-19
1785.0,0.0,1985-11-20
1786.0,0.0,1985-11-21
1787.0,0.0,1985-11-22
1788.0,0.0,1985-11-23
1789.0,0.0,1985-11-24
1789.9999999999998,0.0,1985-11-25
1790.9999999999998,0.0,1985-11-26
1791.9999999999998,0.0,1985-11-27
1792.9999999999998,0.0,1985-11-28
1793.9999999999998,0.0,1985-11-29
1794.9999999999998,0.0,1985-11-30
1795.9999999999998,0.0,1985-12-01
1796.9999999999998,0.0,1985-12-02
1797.9999999999998,0.0,1985-12-03
1798.9999999999998,0.0,1985-12-04
1799.9999999999998,0.0,1985-12-05
1800.9999999999998,0.0,1985-12-06
1801.9999999999998,0.0,1985-12-07
1802.9999999999998,0.0,1985-12-08
1803.9999999999998,0.0,1985-12-09
1804.9999999999998,0.0,1985-12-10
1805.9999999999998,0.0,1985-12-11
1806.9999999999998,0.0,1985-12-12
1808.0,0.0,1985-12-13
1809.0,0.0,1985-12-14
1810.0,0.0,1985-12-15
1811.0,0.0,1985-12-16
1812.0,0.0,1985-12-17
1813.0,0.0,1985-12-18
1814.0,0.0,1985-12-19
1815.0,0.0,1985-12-20
1815.9999999999998,0.0,1985-12-21
1816.9999999999998,0.0,1985-12-22
1817.9999999999998,0.0,1985-12-23
1818.9999999999998,0.0,1985-12-24
1819.9999999999998,0.0,1985-12-25
1820.9999999999998,0.0,1985-12-26
1821.9999999999998,0.0,1985-12-27
1822.9999999999998,0.0,1985-12-28
1823.9999999999998,0.0,1985-12-29
1824.9999999999998,0.0,1985-12-30
1825.9999999999998,0.0,1985-12-31
1826.9999999999998,0.0,1986-01-01
1827.9999999999998,0.0,1986-01-02
1828.9999999999998,0.0,1986-01-03
1829.9999999999998,0.0,1986-01-04
1830.9999999999998,0.0,1986-01-05
1831.9999999999998,0.0,1986-01-06
1832.9999999999998,0.0,1986-01-07
1834.0,0.0,1986-01-08
1835.0,0.0,1986-01-09
1836.0,0.0,1986-01-10
1837.0,0.0,1986-01-11
1838.0,0.0,1986-01-12
1839.0,0.0,1986-01-13
1840.0,0.0,1986-01-14
1841.0,0.0,1986-01-15
1842.0,0.0,1986-01-16
1842.9999999999998,0.0,1986-01-17
1843.9999999999998,0.0,1986-01-18
1844.9999999999998,0.0,1986-01-19
1845.9999999999998,0.0,1986-01-20
1846.9999999999998,0.0,1986-01-21
1847.9999999999998,0.0,1986-01-22
1848.9999999999998,0.0,1986-01-23
1849.9999999999998,0.0,1986-01-24
1850.9999999999998,0.0,1986-01-25
1851.9999999999998,0.0,1986-01-26
1852.9999999999998,0.0,1986-01-27
1853.9999999999998,0.0,1986-01-28
1854.9999999999998,0.0,1986-01-29
1855.9999999999998,0.0,1986-01-30
1856.9999999999998,0.0,1986-01-31
1857.9999999999998,0.0,1986-02-01
1858.9999999999998,0.0,1986-02-02
1859.9999999999998,0.0,1986-02-03
1861.0,0.0,1986-02-04
1862.0,0.0,1986-02-05
1863.0,0.0,1986-02-06
1864.0,0.0,1986-02-07
1865.0,0.0,1986-02-08
1866.0,0.0,1986-02-09
1867.0,0.0,1986-02-10
1868.0,0.0,1986-02-11
1868.9999999999998,0.0,1986-02-12
1869.9999999999998,0.0,1986-02-13
1870.9999999999998,0.0,1986-02-14
1871.9999999999998,0.0,1986-02-15
1872.9999999999998,0.0,1986-02-16
1873.9999999999998,0.0,1986-02-17
1874.9999999999998,0.0,1986-02-18
1875.9999999999998,0.0,1986-02-19
1876.9999999999998,0.0,1986-02-20
1877.9999999999998,0.0,1986-02-21
1878.9999999999998,0.0,1986-02-22
1879.9999999999998,0.0,1986-02-23
1880.9999999999998,0.0,1986-02-24
1881.9999999999998,0.0,1986-02-25
1882.9999999999998,0.0,1986-02-26
1883.9999999999998,0.0,1986-02-27
1884.9999999999998,0.0,1986-02-28
1885.9999999999998,0.0,1986-03-01
1886.9999999999998,0.0,1986-03-02
1888.0,0.0,1986-03-03
1889.0,0.0,1986-03-04
1890.0,0.0,1986-03-05
1891.0,0.0,1986-03-06
1892.0,0.0,1986-03-07
1893.0,0.0,1986-03-08
1894.0,0.0,1986-03-09
1895.0,0.0,1986-03-10
1895.9999999999998,0.0,1986-03-11
1896.9999999999998,0.0,1986-03-12
1897.9999999999998,0.0,1986-03-13
1898.9999999999998,0.0,1986-03-14
1899.9999999999998,0.0,1986-03-15
1900.9999999999998,0.0,1986-03-16
1901.9999999999998,0.0,1986-03-17
1902.9999999999998,0.0,1986-03-18
1903.9999999999998,0.0,1986-03-19
1904.9999999999998,0.0,1986-03-20
1905.9999999999998,0.0,1986-03-21
1906.9999999999998,0.0,1986-03-22
1907.9999999999998,0.0,1986-03-23
1908.9999999999998,0.0,1986-03-24
1909.9999999999998,0.0,1986-03-25
1910.9999999999998,0.0,1986-03-26
1911.9999999999998,0.0,1986-03-27
1912.9999999999998,0.0,1986-03-28
1913.9999999999995,0.0,1986-03-29
1915.0,0.0,1986-03-30
1916.0,0.0,1986-03-31
1917.0,0.0,1986-04-01
1918.0,0.0,1986-04-02
1919.0,0.0,1986-04-03
1920.0,0.0,1986-04-04
1921.0,0.0,1986-04-05
1921.9999999999998,0.0,1986-04-06
1922.9999999999998,0.0,1986-04-07
1923.9999999999998,0.0,1986-04-08
1924.9999999999998,0.0,1986-04-09
1925.9999999999998,0.0,1986-04-10
1926.9999999999998,0.0,1986-04-11
1927.9999999999998,0.0,1986-04-12
1928.9999999999998,0.0,1986-04-13
1929.9999999999998,0.0,1986-04-14
1930.9999999999998,0.0,1986-04-15
1931.9999999999998,0.0,1986-04-16
1932.9999999999998,0.0,1986-04-17
1933.9999999999998,0.0,1986-04-18
1934.9999999999998,0.0,1986-04-19
1935.9999999999998,0.0,1986-04-20
1936.9999999999998,0.0,1986-04-21
1937.9999999999998,0.0,1986-04-22
1938.9999999999998,0.0,1986-04-23
1939.9999999999998,0.0,1986-04-24
1941.0,0.0,1986-04-25
1942.0,0.0,1986-04-26
1943.0,0.0,1986-04-27
1944.0,0.0,1986-04-28
1945.0,0.0,1986-04-29
1946.0,0.0,1986-04-30
1947.0,0.0,1986-05-01
1948.0,0.0,1986-05-02
1948.9999999999998,0.0,1986-05-03
1949.9999999999998,0.0,1986-05-04
1950.9999999999998,0.0,1986-05-05
1951.9999999999998,0.0,1986-05-06
1952.9999999999998,0.0,1986-05-07
1953.9999999999998,0.0,1986-05-08
1954.9999999999998,0.0,1986-05-09
1955.9999999999998,0.0,1986-05-10
1956.9999999999998,0.0,1986-05-11
1957.9999999999998,0.0,1986-05-12
1958.9999999999998,0.0,1986-05-13
1959.9999999999998,0.0,1986-05-14
1960.9999999999998,0.0,1986-05-15
1961.9999999999998,0.0,1986-05-16
1962.9999999999998,0.0,1986-05-17
1963.9999999999998,0.0,1986-05-18
1964.9999999999998,0.0,1986-05-19
1965.9999999999998,0.0,1986-05-20
1966.9999999999998,0.0,1986-05-21
1968.0,0.0,1986-05-22
1969.0,0.0,1986-05-23
1970.0,0.0,1986-05-24
1971.0,0.0,1986-05-25
1972.0,0.0,1986-05-26
1973.0,0.0,1986-05-27
1974.0,0.0,1986-05-28
1975.0,0.0,1986-05-29
1975.9999999999998,0.0,1986-05-30
1976.9999999999998,0.0,1986-05-31
1977.9999999999998,0.0,1986-06-01
1978.9999999999998,0.0,1986-06-02
1979.9999999999998,0.0,1986-06-03
1980.9999999999998,0.0,1986-06-04
1981.9999999999998,0.0,1986-06-05
1982.9999999999998,0.0,1986-06-06
1983.9999999999998,0.0,1986-06-07
1984.9999999999998,0.0,1986-06-08
1985.9999999999998,0.01999999999998181,1986-06-09
1986.9999999999998,0.049999999999954525,1986-06-10
1987.9999999999998,0.07999999999992724,1986-06-11
1988.9999999999998,0.09999999999990905,1986-06-12
1989.9999999999998,0.12000000000000455,1986-06-13
1990.9999999999998,0.13999999999998636,1986-06-14
1991.9999999999998,0.14999999999997726,1986-06-15
1992.9999999999998,0.16999999999995907,1986-06-16
1993.9999999999995,0.17999999999994998,1986-06-17
1995.0,0.17999999999994998,1986-06-18
1996.0,0.1999999999999318,1986-06-19
1997.0,0.2099999999999227,1986-06-20
1998.0,0.2199999999999136,1986-06-21
1999.0,0.2299999999999045,1986-06-22
2000.0,0.2299999999999045,1986-06-23
2001.0,0.2400000000000091,1986-06-24
2001.9999999999998,0.25,1986-06-25
2002.9999999999998,0.25,1986-06-26
2003.9999999999998,0.2599999999999909,1986-06-27
2004.9999999999998,0.2699999999999818,1986-06-28
2005.9999999999998,0.2699999999999818,1986-06-29
2006.9999999999998,0.2799999999999727,1986-06-30
2007.9999999999998,0.2899999999999636,1986-07-01
2008.9999999999998,0.2899999999999636,1986-07-02
2009.9999999999998,0.2999999999999545,1986-07-03
2010.9999999999998,0.30999999999994543,1986-07-04
2011.9999999999998,0.31999999999993634,1986-07-05
2012.9999999999998,0.32999999999992724,1986-07-06
2013.9999999999998,0.33999999999991815,1986-07-07
2014.9999999999998,0.35999999999989996,1986-07-08
2015.9999999999998,0.36999999999989086,1986-07-09
2016.9999999999998,0.37999999999988177,1986-07-10
2017.9999999999998,0.38999999999998636,1986-07-11
2018.9999999999998,0.39999999999997726,1986-07-12
2019.9999999999998,0.39999999999997726,1986-07-13
2020.9999999999995,0.40999999999996817,1986-07-14
2022.0,0.4199999999999591,1986-07-15
2023.0,0.42999999999995,1986-07-16
2024.0,0.4399999999999409,1986-07-17
2025.0,0.4499999999999318,1986-07-18
2026.0,0.4599999999999227,1986-07-19
2027.0,0.4699999999999136,1986-07-20
2028.0,0.4799999999999045,1986-07-21
2028.9999999999998,0.4799999999999045,1986-07-22
2029.9999999999998,0.4899999999998954,1986-07-23
2030.9999999999998,0.4999999999998863,1986-07-24
2031.9999999999998,0.4999999999998863,1986-07-25
2032.9999999999998,0.5099999999999909,1986-07-26
2033.9999999999998,0.5099999999999909,1986-07-27
2034.9999999999998,0.5199999999999818,1986-07-28
2035.9999999999998,0.5199999999999818,1986-07-29
2036.9999999999998,0.5199999999999818,1986-07-30
2037.9999999999998,0.5299999999999727,1986-07-31
2038.9999999999998,0.5299999999999727,1986-08-01
2039.9999999999998,0.5299999999999727,1986-08-02
2040.9999999999998,0.5399999999999636,1986-08-03
2041.9999999999998,0.5399999999999636,1986-08-04
2042.9999999999998,0.5499999999999545,1986-08-05
2043.9999999999998,0.5499999999999545,1986-08-06
2044.9999999999998,0.5599999999999454,1986-08-07
2045.9999999999998,0.5699999999999363,1986-08-08
2046.9999999999995,0.5699999999999363,1986-08-09
2048.0,0.5799999999999272,1986-08-10
2049.0,0.5799999999999272,1986-08-11
2050.0,0.5899999999999181,1986-08-12
2051.0,0.5899999999999181,1986-08-13
2052.0,0.599999999999909,1986-08-14
2053.0,0.599999999999909,1986-08-15
2054.0,0.6099999999999,1986-08-16
2055.0,0.6099999999999,1986-08-17
2056.0,0.6099999999999,1986-08-18
2057.0,0.6199999999998909,1986-08-19
2058.0,0.6199999999998909,1986-08-20
2059.0,0.6199999999998909,1986-08-21
2060.0,0.6199999999998909,1986-08-22
2061.0,0.6199999999998909,1986-08-23
2062.0,0.6199999999998909,1986-08-24
2063.0,0.6199999999998909,1986-08-25
2064.0,0.6099999999999,1986-08-26
2064.9999999999995,0.6099999999999,1986-08-27
2065.9999999999995,0.6099999999999,1986-08-28
2066.9999999999995,0.6099999999999,1986-08-29
2067.9999999999995,0.6099999999999,1986-08-30
2068.9999999999995,0.6099999999999,1986-08-31
2069.9999999999995,0.599999999999909,1986-09-01
2070.9999999999995,0.599999999999909,1986-09-02
2071.9999999999995,0.599999999999909,1986-09-03
2072.9999999999995,0.599999999999909,1986-09-04
2073.9999999999995,0.599999999999909,1986-09-05
2075.0,0.599999999999909,1986-09-06
2076.0,0.5899999999999181,1986-09-07
2077.0,0.5899999999999181,1986-09-08
2078.0,0.5899999999999181,1986-09-09
2079.0,0.599999999999909,1986-09-10
2080.0,0.599999999999909,1986-09-11
2081.0,0.599999999999909,1986-09-12
2082.0,0.599999999999909,1986-09-13
2083.0,0.599999999999909,1986-09-14
2084.0,0.599999999999909,1986-09-15
2085.0,0.599999999999909,1986-09-16
2086.0,0.5899999999999181,1986-09-17
2087.0,0.5899999999999181,1986-09-18
2088.0,0.5899999999999181,1986-09-19
2089.0,0.5899999999999181,1986-09-20
2090.0,0.599999999999909,1986-09-21
2090.9999999999995,0.599999999999909,1986-09-22
2091.9999999999995,0.599999999999909,1986-09-23
2092.9999999999995,0.0,1986-09-24
2093.9999999999995,0.0,1986-09-25
2094.9999999999995,0.0,1986-09-26
2095.9999999999995,0.0,1986-09-27
2096.9999999999995,0.0,1986-09-28
2097.9999999999995,0.0,1986-09-29
2098.9999999999995,0.0,1986-09-30
2099.9999999999995,0.0,1986-10-01
2100.9999999999995,0.0,1986-10-02
2102.0,0.0,1986-10-03
2103.0,0.0,1986-10-04
2104.0,0.0,1986-10-05
2105.0,0.0,1986-10-06
2106.0,0.0,1986-10-07
2107.0,0.0,1986-10-08
2108.0,0.0,1986-10-09
2109.0,0.0,1986-10-10
2110.0,0.0,1986-10-11
2111.0,0.0,1986-10-12
2112.0,0.0,1986-10-13
2113.0,0.0,1986-10-14
2114.0,0.0,1986-10-15
2115.0,0.0,1986-10-16
2116.0,0.0,1986-10-17
2117.0,0.0,1986-10-18
2117.9999999999995,0.0,1986-10-19
2118.9999999999995,0.0,1986-10-20
2119.9999999999995,0.0,1986-10-21
2120.9999999999995,0.0,1986-10-22
2121.9999999999995,0.0,1986-10-23
2122.9999999999995,0.0,1986-10-24
2123.9999999999995,0.0,1986-10-25
2124.9999999999995,0.0,1986-10-26
2125.9999999999995,0.0,1986-10-27
2126.9999999999995,0.0,1986-10-28
2127.9999999999995,0.0,1986-10-29
2129.0,0.0,1986-10-30
2130.0,0.0,1986-10-31
2131.0,0.0,1986-11-01
2132.0,0.0,1986-11-02
2133.0,0.0,1986-11-03
2134.0,0.0,1986-11-04
2135.0,0.0,1986-11-05
2136.0,0.0,1986-11-06
2137.0,0.0,1986-11-07
2138.0,0.0,1986-11-08
2139.0,0.0,1986-11-09
2140.0,0.0,1986-11-10
2141.0,0.0,1986-11-11
2142.0,0.0,1986-11-12
2143.0,0.0,1986-11-13
2143.9999999999995,0.0,1986-11-14
2144.9999999999995,0.0,1986-11-15
2145.9999999999995,0.0,1986-11-16
2146.9999999999995,0.0,1986-11-17
2147.9999999999995,0.0,1986-11-18
2148.9999999999995,0.0,1986-11-19
2149.9999999999995,0.0,1986-11-20
2150.9999999999995,0.0,1986-11-21
2151.9999999999995,0.0,1986-11-22
2152.9999999999995,0.0,1986-11-23
2153.9999999999995,0.0,1986-11-24
2154.9999999999995,0.0,1986-11-25
2156.0,0.0,1986-11-26
2157.0,0.0,1986-11-27
2158.0,0.0,1986-11-28
2159.0,0.0,1986-11-29
2160.0,0.0,1986-11-30
2161.0,0.0,1986-12-01
2162.0,0.0,1986-12-02
2163.0,0.0,1986-12-03
2164.0,0.0,1986-12-04
2165.0,0.0,1986-12-05
2166.0,0.0,1986-12-06
2167.0,0.0,1986-12-07
2168.0,0.0,1986-12-08
2169.0,0.0,1986-12-09
2170.0,0.0,1986-12-10
2170.9999999999995,0.0,1986-12-11
2171.9999999999995,0.0,1986-12-12
2172.9999999999995,0.0,1986-12-13
2173.9999999999995,0.0,1986-12-14
2174.9999999999995,0.0,1986-12-15
2175.9999999999995,0.0,1986-12-16
2176.9999999999995,0.0,1986-12-17
2177.9999999999995,0.0,1986-12-18
2178.9999999999995,0.0,1986-12-19
2179.9999999999995,0.0,1986-12-20
2180.9999999999995,0.0,1986-12-21
2182.0,0.0,1986-12-22
2183.0,0.0,1986-12-23
2184.0,0.0,1986-12-24
2185.0,0.0,1986-12-25
2186.0,0.0,1986-12-26
2187.0,0.0,1986-12-27
2188.0,0.0,1986-12-28
2189.0,0.0,1986-12-29
2190.0,0.0,1986-12-30
2191.0,0.0,1986-12-31
2192.0,0.0,1987-01-01
2193.0,0.0,1987-01-02
2194.0,0.0,1987-01-03
2195.0,0.0,1987-01-04
2196.0,0.0,1987-01-05
2196.9999999999995,0.0,1987-01-06
2197.9999999999995,0.0,1987-01-07
2198.9999999999995,0.0,1987-01-08
2199.9999999999995,0.0,1987-01-09
2200.9999999999995,0.0,1987-01-10
2201.9999999999995,0.0,1987-01-11
2202.9999999999995,0.0,1987-01-12
2203.9999999999995,0.0,1987-01-13
2204.9999999999995,0.0,1987-01-14
2205.9999999999995,0.0,1987-01-15
2206.9999999999995,0.0,1987-01-16
2207.9999999999995,0.0,1987-01-17
2209.0,0.0,1987-01-18
2210.0,0.0,1987-01-19
2211.0,0.0,1987-01-20
2212.0,0.0,1987-01-21
2213.0,0.0,1987-01-22
2214.0,0.0,1987-01-23
2215.0,0.0,1987-01-24
2216.0,0.0,1987-01-25
2217.0,0.0,1987-01-26
2218.0,0.0,1987-01-27
2219.0,0.0,1987-01-28
2220.0,0.0,1987-01-29
2221.0,0.0,1987-01-30
2222.0,0.0,1987-01-31
2223.0,0.0,1987-02-01
2223.9999999999995,0.0,1987-02-02
2224.9999999999995,0.0,1987-02-03
2225.9999999999995,0.0,1987-02-04
2226.9999999999995,0.0,1987-02-05
2227.9999999999995,0.0,1987-02-06
2228.9999999999995,0.0,1987-02-07
2229.9999999999995,0.0,1987-02-08
2230.9999999999995,0.0,1987-02-09
2231.9999999999995,0.0,1987-02-10
2232.9999999999995,0.0,1987-02-11
2233.9999999999995,0.0,1987-02-12
2234.9999999999995,0.0,1987-02-13
2236.0,0.0,1987-02-14
2237.0,0.0,1987-02-15
2238.0,0.0,1987-02-16
2239.0,0.0,1987-02-17
2240.0,0.0,1987-02-18
2241.0,0.0,1987-02-19
2242.0,0.0,1987-02-20
2243.0,0.0,1987-02-21
2244.0,0.0,1987-02-22
2245.0,0.0,1987-02-23
2246.0,0.0,1987-02-24
2247.0,0.0,1987-02-25
2248.0,0.0,1987-02-26
2249.0,0.0,1987-02-27
2249.9999999999995,0.0,1987-02-28
2250.9999999999995,0.0,1987-03-01
2251.9999999999995,0.0,1987-03-02
2252.9999999999995,0.0,1987-03-03
2253.9999999999995,0.0,1987-03-04
2254.9999999999995,0.0,1987-03-05
2255.9999999999995,0.0,1987-03-06
2256.9999999999995,0.0,1987-03-07
2257.9999999999995,0.0,1987-03-08
2258.9999999999995,0.0,1987-03-09
2259.9999999999995,0.0,1987-03-10
2260.9999999999995,0.0,1987-03-11
2261.9999999999995,0.0,1987-03-12
2263.0,0.0,1987-03-13
2264.0,0.0,1987-03-14
2265.0,0.0,1987-03-15
2266.0,0.0,1987-03-16
2267.0,0.0,1987-03-17
2268.0,0.0,1987-03-18
2269.0,0.0,1987-03-19
2270.0,0.0,1987-03-20
2271.0,0.0,1987-03-21
2272.0,0.0,1987-03-22
2273.0,0.0,1987-03-23
2274.0,0.0,1987-03-24
2275.0,0.0,1987-03-25
2276.0,0.0,1987-03-26
2276.9999999999995,0.0,1987-03-27
2277.9999999999995,0.0,1987-03-28
2278.9999999999995,0.0,1987-03-29
2279.9999999999995,0.0,1987-03-30
2280.9999999999995,0.0,1987-03-31
2281.9999999999995,0.0,1987-04-01
2282.9999999999995,0.0,1987-04-02
2283.9999999999995,0.0,1987-04-03
2284.9999999999995,0.0,1987-04-04
2285.9999999999995,0.0,1987-04-05
2286.9999999999995,0.0,1987-04-06
2287.9999999999995,0.0,1987-04-07
2289.0,0.0,1987-04-08
2290.0,0.0,1987-04-09
2291.0,0.0,1987-04-10
2292.0,0.0,1987-04-11
2293.0,0.0,1987-04-12
2294.0,0.0,1987-04-13
2295.0,0.0,1987-04-14
2296.0,0.0,1987-04-15
2297.0,0.0,1987-04-16
2298.0,0.0,1987-04-17
2299.0,0.0,1987-04-18
2300.0,0.0,1987-04-19
2301.0,0.0,1987-04-20
2302.0,0.0,1987-04-21
2303.0,0.0,1987-04-22
2303.9999999999995,0.0,1987-04-23
2304.9999999999995,0.0,1987-04-24
2305.9999999999995,0.0,1987-04-25
2306.9999999999995,0.0,1987-04-26
2307.9999999999995,0.0,1987-04-27
2308.9999999999995,0.0,1987-04-28
2309.9999999999995,0.0,1987-04-29
2310.9999999999995,0.0,1987-04-30
2311.9999999999995,0.0,1987-05-01
2312.9999999999995,0.0,1987-05-02
2313.9999999999995,0.0,1987-05-03
2314.9999999999995,0.0,1987-05-04
2316.0,0.0,1987-05-05
2317.0,0.0,1987-05-06
2318.0,0.0,1987-05-07
2319.0,0.0,1987-05-08
2320.0,0.0,1987-05-09
2321.0,0.0,1987-05-10
2322.0,0.0,1987-05-11
2323.0,0.0,1987-05-12
2324.0,0.0,1987-05-13
2325.0,0.0,1987-05-14
2326.0,0.0,1987-05-15
2327.0,0.0,1987-05-16
2328.0,0.0,1987-05-17
2329.0,0.0,1987-05-18
2329.9999999999995,0.0,1987-05-19
2330.9999999999995,0.0,1987-05-20
2331.9999999999995,0.0,1987-05-21
2332.9999999999995,0.0,1987-05-22
2333.9999999999995,0.0,1987-05-23
2334.9999999999995,0.0,1987-05-24
2335.9999999999995,0.0,1987-05-25
2336.9999999999995,0.0,1987-05-26
2337.9999999999995,0.029999999999972715,1987-05-27
2338.9999999999995,0.03999999999996362,1987-05-28
2339.9999999999995,0.029999999999972715,1987-05-29
2340.9999999999995,0.03999999999996362,1987-05-30
2341.9999999999995,0.05999999999994543,1987-05-31
2343.0,0.08999999999991815,1987-06-01
2344.0,0.09999999999990905,1987-06-02
2345.0,0.10999999999989996,1987-06-03
2346.0,0.12000000000000455,1987-06-04
2347.0,0.12999999999999545,1987-06-05
2348.0,0.13999999999998636,1987-06-06
2349.0,0.15999999999996817,1987-06-07
2350.0,0.16999999999995907,1987-06-08
2351.0,0.16999999999995907,1987-06-09
2352.0,0.16999999999995907,1987-06-10
2353.0,0.17999999999994998,1987-06-11
2354.0,0.17999999999994998,1987-06-12
2355.0,0.17999999999994998,1987-06-13
2356.0,0.17999999999994998,1987-06-14
2356.9999999999995,0.18999999999994088,1987-06-15
2357.9999999999995,0.1999999999999318,1987-06-16
2358.9999999999995,0.2099999999999227,1987-06-17
2359.9999999999995,0.2199999999999136,1987-06-18
2360.9999999999995,0.2199999999999136,1987-06-19
2361.9999999999995,0.2299999999999045,1987-06-20
2362.9999999999995,0.2400000000000091,1987-06-21
2363.9999999999995,0.2599999999999909,1987-06-22
2364.9999999999995,0.2699999999999818,1987-06-23
2365.9999999999995,0.2799999999999727,1987-06-24
2366.9999999999995,0.2799999999999727,1987-06-25
2367.9999999999995,0.2799999999999727,1987-06-26
2368.9999999999995,0.2799999999999727,1987-06-27
2370.0,0.2899999999999636,1987-06-28
2371.0,0.2899999999999636,1987-06-29
2372.0,0.2999999999999545,1987-06-30
2373.0,0.30999999999994543,1987-07-01
2374.0,0.31999999999993634,1987-07-02
2375.0,0.32999999999992724,1987-07-03
2376.0,0.33999999999991815,1987-07-04
2377.0,0.34999999999990905,1987-07-05
2378.0,0.36999999999989086,1987-07-06
2379.0,0.37999999999988177,1987-07-07
2380.0,0.38999999999998636,1987-07-08
2381.0,0.39999999999997726,1987-07-09
2382.0,0.40999999999996817,1987-07-10
2382.9999999999995,0.4199999999999591,1987-07-11
2383.9999999999995,0.42999999999995,1987-07-12
2384.9999999999995,0.4399999999999409,1987-07-13
2385.9999999999995,0.4499999999999318,1987-07-14
2386.9999999999995,0.4599999999999227,1987-07-15
2387.9999999999995,0.4699999999999136,1987-07-16
2388.9999999999995,0.4799999999999045,1987-07-17
2389.9999999999995,0.4899999999998954,1987-07-18
2390.9999999999995,0.4999999999998863,1987-07-19
2391.9999999999995,0.4999999999998863,1987-07-20
2392.9999999999995,0.5099999999999909,1987-07-21
2393.9999999999995,0.5199999999999818,1987-07-22
2394.9999999999995,0.5299999999999727,1987-07-23
2396.0,0.5299999999999727,1987-07-24
2397.0,0.5399999999999636,1987-07-25
2398.0,0.5499999999999545,1987-07-26
2399.0,0.5499999999999545,1987-07-27
2400.0,0.5599999999999454,1987-07-28
2401.0,0.5599999999999454,1987-07-29
2402.0,0.5699999999999363,1987-07-30
2403.0,0.5699999999999363,1987-07-31
2404.0,0.5699999999999363,1987-08-01
2405.0,0.5699999999999363,1987-08-02
2406.0,0.5699999999999363,1987-08-03
2407.0,0.5799999999999272,1987-08-04
2408.0,0.5799999999999272,1987-08-05
2409.0,0.5899999999999181,1987-08-06
2409.9999999999995,0.5899999999999181,1987-08-07
2410.9999999999995,0.599999999999909,1987-08-08
2411.9999999999995,0.599999999999909,1987-08-09
2412.9999999999995,0.6099999999999,1987-08-10
2413.9999999999995,0.6099999999999,1987-08-11
2414.9999999999995,0.6199999999998909,1987-08-12
2415.9999999999995,0.6199999999998909,1987-08-13
2416.9999999999995,0.6299999999998818,1987-08-14
2417.9999999999995,0.6299999999998818,1987-08-15
2418.9999999999995,0.6399999999999864,1987-08-16
2419.9999999999995,0.6399999999999864,1987-08-17
2420.9999999999995,0.6399999999999864,1987-08-18
2421.9999999999995,0.6499999999999773,1987-08-19
2423.0,0.6499999999999773,1987-08-20
2424.0,0.6499999999999773,1987-08-21
2425.0,0.6499999999999773,1987-08-22
2426.0,0.6599999999999682,1987-08-23
2427.0,0.6599999999999682,1987-08-24
2428.0,0.6599999999999682,1987-08-25
2429.0,0.6699999999999591,1987-08-26
2430.0,0.6699999999999591,1987-08-27
2431.0,0.6699999999999591,1987-08-28
2432.0,0.67999999999995,1987-08-29
2433.0,0.67999999999995,1987-08-30
2434.0,0.67999999999995,1987-08-31
2435.0,0.67999999999995,1987-09-01
2435.9999999999995,0.67999999999995,1987-09-02
2436.9999999999995,0.67999999999995,1987-09-03
2437.9999999999995,0.67999999999995,1987-09-04
2438.9999999999995,0.6699999999999591,1987-09-05
2439.9999999999995,0.6699999999999591,1987-09-06
2440.9999999999995,0.6699999999999591,1987-09-07
2441.9999999999995,0.6699999999999591,1987-09-08
2442.9999999999995,0.6699999999999591,1987-09-09
2443.9999999999995,0.6699999999999591,1987-09-10
2444.9999999999995,0.6699999999999591,1987-09-11
2445.9999999999995,0.6599999999999682,1987-09-12
2446.9999999999995,0.6599999999999682,1987-09-13
2447.9999999999995,0.6599999999999682,1987-09-14
2448.9999999999995,0.0,1987-09-15
2450.0,0.0,1987-09-16
2451.0,0.0,1987-09-17
2452.0,0.0,1987-09-18
2453.0,0.0,1987-09-19
2454.0,0.0,1987-09-20
2455.0,0.0,1987-09-21
2456.0,0.0,1987-09-22
2457.0,0.0,1987-09-23
2458.0,0.0,1987-09-24
2459.0,0.0,1987-09-25
2460.0,0.0,1987-09-26
2461.0,0.0,1987-09-27
2462.0,0.0,1987-09-28
2462.9999999999995,0.0,1987-09-29
2463.9999999999995,0.0,1987-09-30
2464.9999999999995,0.0,1987-10-01
2465.9999999999995,0.0,1987-10-02
2466.9999999999995,0.0,1987-10-03
2467.9999999999995,0.0,1987-10-04
2468.9999999999995,0.0,1987-10-05
2469.9999999999995,0.0,1987-10-06
2470.9999999999995,0.0,1987-10-07
2471.9999999999995,0.0,1987-10-08
2472.9999999999995,0.0,1987-10-09
2473.9999999999995,0.0,1987-10-10
2474.9999999999995,0.0,1987-10-11
2475.9999999999995,0.0,1987-10-12
2477.0,0.0,1987-10-13
2478.0,0.0,1987-10-14
2479.0,0.0,1987-10-15
2480.0,0.0,1987-10-16
2481.0,0.0,1987-10-17
2482.0,0.0,1987-10-18
2483.0,0.0,1987-10-19
2484.0,0.0,1987-10-20
2485.0,0.0,1987-10-21
2486.0,0.0,1987-10-22
2487.0,0.0,1987-10-23
2488.0,0.0,1987-10-24
2489.0,0.0,1987-10-25
2489.9999999999995,0.0,1987-10-26
2490.9999999999995,0.0,1987-10-27
2491.9999999999995,0.0,1987-10-28
2492.9999999999995,0.0,1987-10-29
2493.9999999999995,0.0,1987-10-30
2494.9999999999995,0.0,1987-10-31
2495.9999999999995,0.0,1987-11-01
2496.9999999999995,0.0,1987-11-02
2497.9999999999995,0.0,1987-11-03
2498.9999999999995,0.0,1987-11-04
2499.9999999999995,0.0,1987-11-05
2500.9999999999995,0.0,1987-11-06
2501.9999999999995,0.0,1987-11-07
2502.9999999999995,0.0,1987-11-08
2504.0,0.0,1987-11-09
2505.0,0.0,1987-11-10
2506.0,0.0,1987-11-11
2507.0,0.0,1987-11-12
2508.0,0.0,1987-11-13
2509.0,0.0,1987-11-14
2510.0,0.0,1987-11-15
2511.0,0.0,1987-11-16
2512.0,0.0,1987-11-17
2513.0,0.0,1987-11-18
2514.0,0.0,1987-11-19
2515.0,0.0,1987-11-20
2515.9999999999995,0.0,1987-11-21
2516.9999999999995,0.0,1987-11-22
2517.9999999999995,0.0,1987-11-23
2518.9999999999995,0.0,1987-11-24
2519.9999999999995,0.0,1987-11-25
2520.9999999999995,0.0,1987-11-26
2521.9999999999995,0.0,1987-11-27
2522.9999999999995,0.0,1987-11-28
2523.9999999999995,0.0,1987-11-29
2524.9999999999995,0.0,1987-11-30
2525.9999999999995,0.0,1987-12-01
2526.9999999999995,0.0,1987-12-02
2527.9999999999995,0.0,1987-12-03
2528.9999999999995,0.0,1987-12-04
2530.0,0.0,1987-12-05
2531.0,0.0,1987-12-06
2532.0,0.0,1987-12-07
2533.0,0.0,1987-12-08
2534.0,0.0,1987-12-09
2535.0,0.0,1987-12-10
2536.0,0.0,1987-12-11
2537.0,0.0,1987-12-12
2538.0,0.0,1987-12-13
2539.0,0.0,1987-12-14
2540.0,0.0,1987-12-15
2541.0,0.0,1987-12-16
2542.0,0.0,1987-12-17
2542.9999999999995,0.0,1987-12-18
2543.9999999999995,0.0,1987-12-19
2544.9999999999995,0.0,1987-12-20
2545.9999999999995,0.0,1987-12-21
2546.9999999999995,0.0,1987-12-22
2547.9999999999995,0.0,1987-12-23
2548.9999999999995,0.0,1987-12-24
2549.9999999999995,0.0,1987-12-25
2550.9999999999995,0.0,1987-12-26
2551.9999999999995,0.0,1987-12-27
2552.9999999999995,0.0,1987-12-28
2553.9999999999995,0.0,1987-12-29
2554.9999999999995,0.0,1987-12-30
2555.9999999999995,0.0,1987-12-31
2557.0,0.0,1988-01-01
2558.0,0.0,1988-01-02
2559.0,0.0,1988-01-03
2560.0,0.0,1988-01-04
2561.0,0.0,1988-01-05
2562.0,0.0,1988-01-06
2563.0,0.0,1988-01-07
2564.0,0.0,1988-01-08
2565.0,0.0,1988-01-09
2566.0,0.0,1988-01-10
2567.0,0.0,1988-01-11
2568.0,0.0,1988-01-12
2568.9999999999995,0.0,1988-01-13
2569.9999999999995,0.0,1988-01-14
2570.9999999999995,0.0,1988-01-15
2571.9999999999995,0.0,1988-01-16
2572.9999999999995,0.0,1988-01-17
2573.9999999999995,0.0,1988-01-18
2574.9999999999995,0.0,1988-01-19
2575.9999999999995,0.0,1988-01-20
2576.9999999999995,0.0,1988-01-21
2577.9999999999995,0.0,1988-01-22
2578.9999999999995,0.0,1988-01-23
2579.9999999999995,0.0,1988-01-24
2580.9999999999995,0.0,1988-01-25
2581.9999999999995,0.0,1988-01-26
2582.9999999999995,0.0,1988-01-27
2584.0,0.0,1988-01-28
2585.0,0.0,1988-01-29
2586.0,0.0,1988-01-30
2587.0,0.0,1988-01-31
2588.0,0.0,1988-02-01
2589.0,0.0,1988-02-02
2590.0,0.0,1988-02-03
2591.0,0.0,1988-02-04
2592.0,0.0,1988-02-05
2593.0,0.0,1988-02-06
2594.0,0.0,1988-02-07
2595.0,0.0,1988-02-08
2595.9999999999995,0.0,1988-02-09
2596.9999999999995,0.0,1988-02-10
2597.9999999999995,0.0,1988-02-11
2598.9999999999995,0.0,1988-02-12
2599.9999999999995,0.0,1988-02-13
2600.9999999999995,0.0,1988-02-14
2601.9999999999995,0.0,1988-02-15
2602.9999999999995,0.0,1988-02-16
2603.9999999999995,0.0,1988-02-17
2604.9999999999995,0.0,1988-02-18
2605.9999999999995,0.0,1988-02-19
2606.9999999999995,0.0,1988-02-20
2607.9999999999995,0.0,1988-02-21
2608.9999999999995,0.0,1988-02-22
2609.9999999999995,0.0,1988-02-23
2611.0,0.0,1988-02-24
2612.0,0.0,1988-02-25
2613.0,0.0,1988-02-26
2614.0,0.0,1988-02-27
2615.0,0.0,1988-02-28
2616.0,0.0,1988-02-29
2617.0,0.0,1988-03-01
2618.0,0.0,1988-03-02
2619.0,0.0,1988-03-03
2620.0,0.0,1988-03-04
2621.0,0.0,1988-03-05
2621.9999999999995,0.0,1988-03-06
2622.9999999999995,0.0,1988-03-07
2623.9999999999995,0.0,1988-03-08
2624.9999999999995,0.0,1988-03-09
2625.9999999999995,0.0,1988-03-10
2626.9999999999995,0.0,1988-03-11
2627.9999999999995,0.0,1988-03-12
2628.9999999999995,0.0,1988-03-13
2629.9999999999995,0.0,1988-03-14
2630.9999999999995,0.0,1988-03-15
2631.9999999999995,0.0,1988-03-16
2632.9999999999995,0.0,1988-03-17
2633.9999999999995,0.0,1988-03-18
2634.9999999999995,0.0,1988-03-19
2635.9999999999995,0.0,1988-03-20
2637.0,0.0,1988-03-21
2638.0,0.0,1988-03-22
2639.0,0.0,1988-03-23
2640.0,0.0,1988-03-24
2641.0,0.0,1988-03-25
2642.0,0.0,1988-03-26
2643.0,0.0,1988-03-27
2644.0,0.0,1988-03-28
2645.0,0.0,1988-03-29
2646.0,0.0,1988-03-30
2647.0,0.0,1988-03-31
2648.0,0.0,1988-04-01
2648.9999999999995,0.0,1988-04-02
2649.9999999999995,0.0,1988-04-03
2650.9999999999995,0.0,1988-04-04
2651.9999999999995,0.0,1988-04-05
2652.9999999999995,0.0,1988-04-06
2653.9999999999995,0.0,1988-04-07
2654.9999999999995,0.0,1988-04-08
2655.9999999999995,0.0,1988-04-09
2656.9999999999995,0.0,1988-04-10
2657.9999999999995,0.0,1988-04-11
2658.9999999999995,0.0,1988-04-12
2659.9999999999995,0.0,1988-04-13
2660.9999999999995,0.0,1988-04-14
2661.9999999999995,0.0,1988-04-15
2662.9999999999995,0.0,1988-04-16
2664.0,0.0,1988-04-17
2665.0,0.0,1988-04-18
2666.0,0.0,1988-04-19
2667.0,0.0,1988-04-20
2668.0,0.0,1988-04-21
2669.0,0.0,1988-04-22
2670.0,0.0,1988-04-23
2671.0,0.0,1988-04-24
2672.0,0.0,1988-04-25
2673.0,0.0,1988-04-26
2674.0,0.0,1988-04-27
2674.9999999999995,0.0,1988-04-28
2675.9999999999995,0.0,1988-04-29
2676.9999999999995,0.0,1988-04-30
2677.9999999999995,0.0,1988-05-01
2678.9999999999995,0.0,1988-05-02
2679.9999999999995,0.0,1988-05-03
2680.9999999999995,0.0,1988-05-04
2681.9999999999995,0.0,1988-05-05
2682.9999999999995,0.0,1988-05-06
2683.9999999999995,0.0,1988-05-07
2684.9999999999995,0.0,1988-05-08
2685.9999999999995,0.0,1988-05-09
2686.9999999999995,0.0,1988-05-10
2687.9999999999995,0.0,1988-05-11
2688.9999999999995,0.0,1988-05-12
2689.9999999999995,0.0,1988-05-13
2691.0,0.0,1988-05-14
2692.0,0.0,1988-05-15
2693.0,0.0,1988-05-16
2694.0,0.0,1988-05-17
2695.0,0.0,1988-05-18
2696.0,0.0,1988-05-19
2697.0,0.0,1988-05-20
2698.0,0.0,1988-05-21
2699.0,0.0,1988-05-22
2700.0,0.0,1988-05-23
2701.0,0.0,1988-05-24
2701.9999999999995,0.0,1988-05-25
2702.9999999999995,0.0,1988-05-26
2703.9999999999995,0.0,1988-05-27
2704.9999999999995,0.0,1988-05-28
2705.9999999999995,0.0,1988-05-29
2706.9999999999995,0.0,1988-05-30
2707.9999999999995,0.01999999999998181,1988-05-31
2708.9999999999995,0.049999999999954525,1988-06-01
2709.9999999999995,0.07999999999992724,1988-06-02
2710.9999999999995,0.08999999999991815,1988-06-03
2711.9999999999995,0.08999999999991815,1988-06-04
2712.9999999999995,0.10999999999989996,1988-06-05
2713.9999999999995,0.12000000000000455,1988-06-06
2714.9999999999995,0.10999999999989996,1988-06-07
2715.9999999999995,0.12000000000000455,1988-06-08
2716.9999999999995,0.13999999999998636,1988-06-09
2718.0,0.15999999999996817,1988-06-10
2719.0,0.17999999999994998,1988-06-11
2720.0,0.18999999999994088,1988-06-12
2721.0,0.1999999999999318,1988-06-13
2722.0,0.2099999999999227,1988-06-14
2723.0,0.2199999999999136,1988-06-15
2724.0,0.2299999999999045,1988-06-16
2725.0,0.2400000000000091,1988-06-17
2726.0,0.2400000000000091,1988-06-18
2727.0,0.25,1988-06-19
2728.0,0.2599999999999909,1988-06-20
2728.9999999999995,0.2699999999999818,1988-06-21
2729.9999999999995,0.2799999999999727,1988-06-22
2730.9999999999995,0.2799999999999727,1988-06-23
2731.9999999999995,0.2799999999999727,1988-06-24
2732.9999999999995,0.2899999999999636,1988-06-25
2733.9999999999995,0.2999999999999545,1988-06-26
2734.9999999999995,0.2999999999999545,1988-06-27
2735.9999999999995,0.30999999999994543,1988-06-28
2736.9999999999995,0.31999999999993634,1988-06-29
2737.9999999999995,0.32999999999992724,1988-06-30
2738.9999999999995,0.33999999999991815,1988-07-01
2739.9999999999995,0.35999999999989996,1988-07-02
2740.9999999999995,0.36999999999989086,1988-07-03
2741.9999999999995,0.37999999999988177,1988-07-04
2742.9999999999995,0.39999999999997726,1988-07-05
2744.0,0.40999999999996817,1988-07-06
2745.0,0.4199999999999591,1988-07-07
2746.0,0.42999999999995,1988-07-08
2747.0,0.4399999999999409,1988-07-09
2748.0,0.4499999999999318,1988-07-10
2749.0,0.4599999999999227,1988-07-11
2750.0,0.4699999999999136,1988-07-12
2751.0,0.4799999999999045,1988-07-13
2752.0,0.4999999999998863,1988-07-14
2753.0,0.5099999999999909,1988-07-15
2754.0,0.5199999999999818,1988-07-16
2754.9999999999995,0.5299999999999727,1988-07-17
2755.9999999999995,0.5399999999999636,1988-07-18
2756.9999999999995,0.5499999999999545,1988-07-19
2757.9999999999995,0.5599999999999454,1988-07-20
2758.9999999999995,0.5599999999999454,1988-07-21
2759.9999999999995,0.5699999999999363,1988-07-22
2760.9999999999995,0.5699999999999363,1988-07-23
2761.9999999999995,0.5699999999999363,1988-07-24
2762.9999999999995,0.5699999999999363,1988-07-25
2763.9999999999995,0.5799999999999272,1988-07-26
2764.9999999999995,0.5799999999999272,1988-07-27
2765.9999999999995,0.5899999999999181,1988-07-28
2766.9999999999995,0.5899999999999181,1988-07-29
2767.9999999999995,0.599999999999909,1988-07-30
2768.9999999999995,0.6099999999999,1988-07-31
2769.9999999999995,0.6099999999999,1988-08-01
2771.0,0.6199999999998909,1988-08-02
2772.0,0.6199999999998909,1988-08-03
2773.0,0.6299999999998818,1988-08-04
2774.0,0.6299999999998818,1988-08-05
2775.0,0.6399999999999864,1988-08-06
2776.0,0.6399999999999864,1988-08-07
2777.0,0.6499999999999773,1988-08-08
2778.0,0.6499999999999773,1988-08-09
2779.0,0.6499999999999773,1988-08-10
2780.0,0.6599999999999682,1988-08-11
2781.0,0.6599999999999682,1988-08-12
2781.9999999999995,0.6599999999999682,1988-08-13
2782.9999999999995,0.6599999999999682,1988-08-14
2783.9999999999995,0.6699999999999591,1988-08-15
2784.9999999999995,0.6699999999999591,1988-08-16
2785.9999999999995,0.6699999999999591,1988-08-17
2786.9999999999995,0.6699999999999591,1988-08-18
2787.9999999999995,0.67999999999995,1988-08-19
2788.9999999999995,0.67999999999995,1988-08-20
2789.9999999999995,0.6899999999999409,1988-08-21
2790.9999999999995,0.6899999999999409,1988-08-22
2791.9999999999995,0.6999999999999318,1988-08-23
2792.9999999999995,0.6999999999999318,1988-08-24
2793.9999999999995,0.6999999999999318,1988-08-25
2794.9999999999995,0.7099999999999227,1988-08-26
2795.9999999999995,0.7099999999999227,1988-08-27
2796.9999999999995,0.7099999999999227,1988-08-28
2798.0,0.7099999999999227,1988-08-29
2799.0,0.7099999999999227,1988-08-30
2800.0,0.7099999999999227,1988-08-31
2801.0,0.7099999999999227,1988-09-01
2802.0,0.7099999999999227,1988-09-02
2803.0,0.7099999999999227,1988-09-03
2804.0,0.7099999999999227,1988-09-04
2805.0,0.7099999999999227,1988-09-05
2806.0,0.7099999999999227,1988-09-06
2807.0,0.7099999999999227,1988-09-07
2807.9999999999995,0.7099999999999227,1988-09-08
2808.9999999999995,0.7099999999999227,1988-09-09
2809.9999999999995,0.7099999999999227,1988-09-10
2810.9999999999995,0.7099999999999227,1988-09-11
2811.9999999999995,0.7099999999999227,1988-09-12
2812.9999999999995,0.7099999999999227,1988-09-13
2813.9999999999995,0.6999999999999318,1988-09-14
2814.9999999999995,0.6999999999999318,1988-09-15
2815.9999999999995,0.6999999999999318,1988-09-16
2816.9999999999995,0.6999999999999318,1988-09-17
2817.9999999999995,0.6999999999999318,1988-09-18
2818.9999999999995,0.6999999999999318,1988-09-19
2819.9999999999995,0.0,1988-09-20
2820.9999999999995,0.0,1988-09-21
2821.9999999999995,0.0,1988-09-22
2822.9999999999995,0.0,1988-09-23
2823.9999999999995,0.0,1988-09-24
2825.0,0.0,1988-09-25
2826.0,0.0,1988-09-26
2827.0,0.0,1988-09-27
2828.0,0.0,1988-09-28
2829.0,0.0,1988-09-29
2830.0,0.0,1988-09-30
2831.0,0.0,1988-10-01
2832.0,0.0,1988-10-02
2833.0,0.0,1988-10-03
2834.0,0.0,1988-10-04
2834.9999999999995,0.0,1988-10-05
2835.9999999999995,0.0,1988-10-06
2836.9999999999995,0.0,1988-10-07
2837.9999999999995,0.0,1988-10-08
2838.9999999999995,0.0,1988-10-09
2839.9999999999995,0.0,1988-10-10
2840.9999999999995,0.0,1988-10-11
2841.9999999999995,0.0,1988-10-12
2842.9999999999995,0.0,1988-10-13
2843.9999999999995,0.0,1988-10-14
2844.9999999999995,0.0,1988-10-15
2845.9999999999995,0.0,1988-10-16
2846.9999999999995,0.0,1988-10-17
2847.9999999999995,0.0,1988-10-18
2848.9999999999995,0.0,1988-10-19
2849.9999999999995,0.0,1988-10-20
2850.9999999999995,0.0,1988-10-21
2852.0,0.0,1988-10-22
2853.0,0.0,1988-10-23
2854.0,0.0,1988-10-24
2855.0,0.0,1988-10-25
2856.0,0.0,1988-10-26
2857.0,0.0,1988-10-27
2858.0,0.0,1988-10-28
2859.0,0.0,1988-10-29
2860.0,0.0,1988-10-30
2860.9999999999995,0.0,1988-10-31
2861.9999999999995,0.0,1988-11-01
2862.9999999999995,0.0,1988-11-02
2863.9999999999995,0.0,1988-11-03
2864.9999999999995,0.0,1988-11-04
2865.9999999999995,0.0,1988-11-05
2866.9999999999995,0.0,1988-11-06
2867.9999999999995,0.0,1988-11-07
2868.9999999999995,0.0,1988-11-08
2869.9999999999995,0.0,1988-11-09
2870.9999999999995,0.0,1988-11-10
2871.9999999999995,0.0,1988-11-11
2872.9999999999995,0.0,1988-11-12
2873.9999999999995,0.0,1988-11-13
2874.9999999999995,0.0,1988-11-14
2875.9999999999995,0.0,1988-11-15
2876.9999999999995,0.0,1988-11-16
2878.0,0.0,1988-11-17
2879.0,0.0,1988-11-18
2880.0,0.0,1988-11-19
2881.0,0.0,1988-11-20
2882.0,0.0,1988-11-21
2883.0,0.0,1988-11-22
2884.0,0.0,1988-11-23
2885.0,0.0,1988-11-24
2886.0,0.0,1988-11-25
2887.0,0.0,1988-11-26
2887.9999999999995,0.0,1988-11-27
2888.9999999999995,0.0,1988-11-28
2889.9999999999995,0.0,1988-11-29
2890.9999999999995,0.0,1988-11-30
2891.9999999999995,0.0,1988-12-01
2892.9999999999995,0.0,1988-12-02
2893.9999999999995,0.0,1988-12-03
2894.9999999999995,0.0,1988-12-04
2895.9999999999995,0.0,1988-12-05
2896.9999999999995,0.0,1988-12-06
2897.9999999999995,0.0,1988-12-07
2898.9999999999995,0.0,1988-12-08
2899.9999999999995,0.0,1988-12-09
2900.9999999999995,0.0,1988-12-10
2901.9999999999995,0.0,1988-12-11
2902.9999999999995,0.0,1988-12-12
2903.9999999999995,0.0,1988-12-13
2905.0,0.0,1988-12-14
2906.0,0.0,1988-12-15
2907.0,0.0,1988-12-16
2908.0,0.0,1988-12-17
2909.0,0.0,1988-12-18
2910.0,0.0,1988-12-19
2911.0,0.0,1988-12-20
2912.0,0.0,1988-12-21
2913.0,0.0,1988-12-22
2914.0,0.0,1988-12-23
2914.9999999999995,0.0,1988-12-24
2915.9999999999995,0.0,1988-12-25
2916.9999999999995,0.0,1988-12-26
2917.9999999999995,0.0,1988-12-27
2918.9999999999995,0.0,1988-12-28
2919.9999999999995,0.0,1988-12-29
2920.9999999999995,0.0,1988-12-30
2921.9999999999995,0.0,1988-12-31
2922.9999999999995,0.0,1989-01-01
2924.0,0.0,1989-01-02
2924.9999999999995,0.0,1989-01-03
2926.0,0.0,1989-01-04
2926.9999999999995,0.0,1989-01-05
2928.0,0.0,1989-01-06
2928.9999999999995,0.0,1989-01-07
2930.0,0.0,1989-01-08
2930.9999999999995,0.0,1989-01-09
2932.0,0.0,1989-01-10
2932.9999999999995,0.0,1989-01-11
2934.0,0.0,1989-01-12
2934.9999999999995,0.0,1989-01-13
2936.0,0.0,1989-01-14
2936.9999999999995,0.0,1989-01-15
2938.0,0.0,1989-01-16
2938.9999999999995,0.0,1989-01-17
2940.0,0.0,1989-01-18
2940.9999999999995,0.0,1989-01-19
2941.9999999999995,0.0,1989-01-20
2942.9999999999995,0.0,1989-01-21
2943.9999999999995,0.0,1989-01-22
2945.0,0.0,1989-01-23
2945.9999999999995,0.0,1989-01-24
2947.0,0.0,1989-01-25
2947.9999999999995,0.0,1989-01-26
2949.0,0.0,1989-01-27
2949.9999999999995,0.0,1989-01-28
2951.0,0.0,1989-01-29
2951.9999999999995,0.0,1989-01-30
2953.0,0.0,1989-01-31
2953.9999999999995,0.0,1989-02-01
2955.0,0.0,1989-02-02
2955.9999999999995,0.0,1989-02-03
2957.0,0.0,1989-02-04
2957.9999999999995,0.0,1989-02-05
2959.0,0.0,1989-02-06
2959.9999999999995,0.0,1989-02-07
2961.0,0.0,1989-02-08
2961.9999999999995,0.0,1989-02-09
2963.0,0.0,1989-02-10
2963.9999999999995,0.0,1989-02-11
2965.0,0.0,1989-02-12
2965.9999999999995,0.0,1989-02-13
2967.0,0.0,1989-02-14
2967.9999999999995,0.0,1989-02-15
2968.9999999999995,0.0,1989-02-16
2969.9999999999995,0.0,1989-02-17
2970.9999999999995,0.0,1989-02-18
2972.0,0.0,1989-02-19
2972.9999999999995,0.0,1989-02-20
2974.0,0.0,1989-02-21
2974.9999999999995,0.0,1989-02-22
2976.0,0.0,1989-02-23
2976.9999999999995,0.0,1989-02-24
2978.0,0.0,1989-02-25
2978.9999999999995,0.0,1989-02-26
2980.0,0.0,1989-02-27
2980.9999999999995,0.0,1989-02-28
2982.0,0.0,1989-03-01
2982.9999999999995,0.0,1989-03-02
2984.0,0.0,1989-03-03
2984.9999999999995,0.0,1989-03-04
2986.0,0.0,1989-03-05
2986.9999999999995,0.0,1989-03-06
2988.0,0.0,1989-03-07
2988.9999999999995,0.0,1989-03-08
2990.0,0.0,1989-03-09
2990.9999999999995,0.0,1989-03-10
2992.0,0.0,1989-03-11
2992.9999999999995,0.0,1989-03-12
2993.9999999999995,0.0,1989-03-13
2994.9999999999995,0.0,1989-03-14
2995.9999999999995,0.0,1989-03-15
2996.9999999999995,0.0,1989-03-16
2997.9999999999995,0.0,1989-03-17
2999.0,0.0,1989-03-18
2999.9999999999995,0.0,1989-03-19
3001.0,0.0,1989-03-20
3001.9999999999995,0.0,1989-03-21
3003.0,0.0,1989-03-22
3003.9999999999995,0.0,1989-03-23
3005.0,0.0,1989-03-24
3005.9999999999995,0.0,1989-03-25
3007.0,0.0,1989-03-26
3007.9999999999995,0.0,1989-03-27
3009.0,0.0,1989-03-28
3009.9999999999995,0.0,1989-03-29
3011.0,0.0,1989-03-30
3011.9999999999995,0.0,1989-03-31
3013.0,0.0,1989-04-01
3013.9999999999995,0.0,1989-04-02
3015.0,0.0,1989-04-03
3015.9999999999995,0.0,1989-04-04
3017.0,0.0,1989-04-05
3017.9999999999995,0.0,1989-04-06
3019.0,0.0,1989-04-07
3019.9999999999995,0.0,1989-04-08
3020.9999999999995,0.0,1989-04-09
3021.9999999999995,0.0,1989-04-10
3022.9999999999995,0.0,1989-04-11
3023.9999999999995,0.0,1989-04-12
3024.9999999999995,0.0,1989-04-13
3026.0,0.0,1989-04-14
3026.9999999999995,0.0,1989-04-15
3028.0,0.0,1989-04-16
3028.9999999999995,0.0,1989-04-17
3030.0,0.0,1989-04-18
3030.9999999999995,0.0,1989-04-19
3032.0,0.0,1989-04-20
3032.9999999999995,0.0,1989-04-21
3034.0,0.0,1989-04-22
3034.9999999999995,0.0,1989-04-23
3036.0,0.0,1989-04-24
3036.9999999999995,0.0,1989-04-25
3038.0,0.0,1989-04-26
3038.9999999999995,0.0,1989-04-27
3040.0,0.0,1989-04-28
3040.9999999999995,0.0,1989-04-29
3042.0,0.0,1989-04-30
3042.9999999999995,0.0,1989-05-01
3044.0,0.0,1989-05-02
3044.9999999999995,0.0,1989-05-03
3046.0,0.0,1989-05-04
3046.9999999999995,0.0,1989-05-05
3047.9999999999995,0.0,1989-05-06
3048.9999999999995,0.0,1989-05-07
3049.9999999999995,0.0,1989-05-08
3050.9999999999995,0.0,1989-05-09
3051.9999999999995,0.0,1989-05-10
3053.0,0.0,1989-05-11
3053.9999999999995,0.0,1989-05-12
3055.0,0.0,1989-05-13
3055.9999999999995,0.0,1989-05-14
3057.0,0.0,1989-05-15
3057.9999999999995,0.0,1989-05-16
3059.0,0.0,1989-05-17
3059.9999999999995,0.0,1989-05-18
3061.0,0.0,1989-05-19
3061.9999999999995,0.0,1989-05-20
3063.0,0.0,1989-05-21
3063.9999999999995,0.0,1989-05-22
3065.0,0.0,1989-05-23
3065.9999999999995,0.0,1989-05-24
3067.0,0.0,1989-05-25
3067.9999999999995,0.0,1989-05-26
3069.0,0.0,1989-05-27
3069.9999999999995,0.0,1989-05-28
3071.0,0.0,1989-05-29
3071.9999999999995,0.0,1989-05-30
3073.0,0.0,1989-05-31
3073.9999999999995,0.0,1989-06-01
3074.9999999999995,0.0,1989-06-02
3075.9999999999995,0.0,1989-06-03
3076.9999999999995,0.03999999999996362,1989-06-04
3077.9999999999995,0.06999999999993634,1989-06-05
3078.9999999999995,0.07999999999992724,1989-06-06
3080.0,0.09999999999990905,1989-06-07
3080.9999999999995,0.10999999999989996,1989-06-08
3082.0,0.12000000000000455,1989-06-09
3082.9999999999995,0.12999999999999545,1989-06-10
3084.0,0.12999999999999545,1989-06-11
3084.9999999999995,0.12999999999999545,1989-06-12
3086.0,0.12999999999999545,1989-06-13
3086.9999999999995,0.12999999999999545,1989-06-14
3088.0,0.13999999999998636,1989-06-15
3088.9999999999995,0.14999999999997726,1989-06-16
3090.0,0.15999999999996817,1989-06-17
3090.9999999999995,0.15999999999996817,1989-06-18
3092.0,0.16999999999995907,1989-06-19
3092.9999999999995,0.18999999999994088,1989-06-20
3094.0,0.1999999999999318,1989-06-21
3094.9999999999995,0.2099999999999227,1989-06-22
3096.0,0.2199999999999136,1989-06-23
3096.9999999999995,0.2299999999999045,1989-06-24
3098.0,0.2299999999999045,1989-06-25
3098.9999999999995,0.2400000000000091,1989-06-26
3100.0,0.25,1989-06-27
3100.9999999999995,0.2599999999999909,1989-06-28
3101.9999999999995,0.2699999999999818,1989-06-29
3102.9999999999995,0.2799999999999727,1989-06-30
3103.9999999999995,0.2799999999999727,1989-07-01
3104.9999999999995,0.2899999999999636,1989-07-02
3105.9999999999995,0.2899999999999636,1989-07-03
3107.0,0.2999999999999545,1989-07-04
3107.9999999999995,0.30999999999994543,1989-07-05
3109.0,0.31999999999993634,1989-07-06
3109.9999999999995,0.32999999999992724,1989-07-07
3111.0,0.33999999999991815,1989-07-08
3111.9999999999995,0.34999999999990905,1989-07-09
3113.0,0.36999999999989086,1989-07-10
3113.9999999999995,0.37999999999988177,1989-07-11
3115.0,0.38999999999998636,1989-07-12
3115.9999999999995,0.39999999999997726,1989-07-13
3117.0,0.40999999999996817,1989-07-14
3117.9999999999995,0.4199999999999591,1989-07-15
3119.0,0.42999999999995,1989-07-16
3119.9999999999995,0.4399999999999409,1989-07-17
3121.0,0.4399999999999409,1989-07-18
3121.9999999999995,0.4499999999999318,1989-07-19
3123.0,0.4499999999999318,1989-07-20
3123.9999999999995,0.4599999999999227,1989-07-21
3125.0,0.4699999999999136,1989-07-22
3125.9999999999995,0.4699999999999136,1989-07-23
3126.9999999999995,0.4799999999999045,1989-07-24
3127.9999999999995,0.4899999999998954,1989-07-25
3128.9999999999995,0.4899999999998954,1989-07-26
3129.9999999999995,0.4999999999998863,1989-07-27
3130.9999999999995,0.4999999999998863,1989-07-28
3131.9999999999995,0.5099999999999909,1989-07-29
3132.9999999999995,0.5099999999999909,1989-07-30
3134.0,0.5199999999999818,1989-07-31
3134.9999999999995,0.5299999999999727,1989-08-01
3136.0,0.5399999999999636,1989-08-02
3136.9999999999995,0.5499999999999545,1989-08-03
3138.0,0.5599999999999454,1989-08-04
3138.9999999999995,0.5699999999999363,1989-08-05
3140.0,0.5699999999999363,1989-08-06
3140.9999999999995,0.5799999999999272,1989-08-07
3142.0,0.5899999999999181,1989-08-08
3142.9999999999995,0.599999999999909,1989-08-09
3144.0,0.6099999999999,1989-08-10
3144.9999999999995,0.6199999999998909,1989-08-11
3146.0,0.6199999999998909,1989-08-12
3146.9999999999995,0.6299999999998818,1989-08-13
3148.0,0.6399999999999864,1989-08-14
3148.9999999999995,0.6399999999999864,1989-08-15
3150.0,0.6499999999999773,1989-08-16
3150.9999999999995,0.6499999999999773,1989-08-17
3152.0,0.6499999999999773,1989-08-18
3152.9999999999995,0.6599999999999682,1989-08-19
3153.9999999999995,0.6599999999999682,1989-08-20
3154.9999999999995,0.6699999999999591,1989-08-21
3155.9999999999995,0.6699999999999591,1989-08-22
3156.9999999999995,0.67999999999995,1989-08-23
3157.9999999999995,0.67999999999995,1989-08-24
3159.0,0.67999999999995,1989-08-25
3159.9999999999995,0.6899999999999409,1989-08-26
3161.0,0.6899999999999409,1989-08-27
3161.9999999999995,0.6999999999999318,1989-08-28
3163.0,0.6999999999999318,1989-08-29
3163.9999999999995,0.7099999999999227,1989-08-30
3165.0,0.7099999999999227,1989-08-31
3165.9999999999995,0.7199999999999136,1989-09-01
3167.0,0.7199999999999136,1989-09-02
3167.9999999999995,0.7199999999999136,1989-09-03
3169.0,0.7299999999999045,1989-09-04
3169.9999999999995,0.7299999999999045,1989-09-05
3171.0,0.7299999999999045,1989-09-06
3171.9999999999995,0.7299999999999045,1989-09-07
3173.0,0.7399999999998954,1989-09-08
3173.9999999999995,0.7399999999998954,1989-09-09
3175.0,0.7399999999998954,1989-09-10
3175.9999999999995,0.7399999999998954,1989-09-11
3177.0,0.7499999999998863,1989-09-12
3177.9999999999995,0.7499999999998863,1989-09-13
3179.0,0.7499999999998863,1989-09-14
3179.9999999999995,0.7499999999998863,1989-09-15
3180.9999999999995,0.7499999999998863,1989-09-16
3181.9999999999995,0.7599999999999909,1989-09-17
3182.9999999999995,0.7599999999999909,1989-09-18
3183.9999999999995,0.7599999999999909,1989-09-19
3184.9999999999995,0.7599999999999909,1989-09-20
3186.0,0.7599999999999909,1989-09-21
3186.9999999999995,0.0,1989-09-22
3188.0,0.7599999999999909,1989-09-23
3188.9999999999995,0.7499999999998863,1989-09-24
3190.0,0.7499999999998863,1989-09-25
3190.9999999999995,0.7499999999998863,1989-09-26
3192.0,0.7499999999998863,1989-09-27
3192.9999999999995,0.7499999999998863,1989-09-28
3194.0,0.7499999999998863,1989-09-29
3194.9999999999995,0.7499999999998863,1989-09-30
3196.0,0.7499999999998863,1989-10-01
3196.9999999999995,0.0,1989-10-02
3198.0,0.0,1989-10-03
3198.9999999999995,0.0,1989-10-04
3200.0,0.0,1989-10-05
3200.9999999999995,0.0,1989-10-06
3202.0,0.0,1989-10-07
3202.9999999999995,0.0,1989-10-08
3204.0,0.0,1989-10-09
3204.9999999999995,0.0,1989-10-10
3206.0,0.0,1989-10-11
3206.9999999999995,0.0,1989-10-12
3207.9999999999995,0.0,1989-10-13
3208.9999999999995,0.0,1989-10-14
3209.9999999999995,0.0,1989-10-15
3210.9999999999995,0.0,1989-10-16
3211.9999999999995,0.0,1989-10-17
3213.0,0.0,1989-10-18
3213.9999999999995,0.0,1989-10-19
3215.0,0.0,1989-10-20
3215.9999999999995,0.0,1989-10-21
3217.0,0.0,1989-10-22
3217.9999999999995,0.0,1989-10-23
3219.0,0.0,1989-10-24
3219.9999999999995,0.0,1989-10-25
3221.0,0.0,1989-10-26
3221.9999999999995,0.0,1989-10-27
3223.0,0.0,1989-10-28
3223.9999999999995,0.0,1989-10-29
3225.0,0.0,1989-10-30
3225.9999999999995,0.0,1989-10-31
3227.0,0.0,1989-11-01
3227.9999999999995,0.0,1989-11-02
3229.0,0.0,1989-11-03
3229.9999999999995,0.0,1989-11-04
3231.0,0.0,1989-11-05
3231.9999999999995,0.0,1989-11-06
3232.9999999999995,0.0,1989-11-07
3233.9999999999995,0.0,1989-11-08
3234.9999999999995,0.0,1989-11-09
3235.9999999999995,0.0,1989-11-10
3236.9999999999995,0.0,1989-11-11
3237.9999999999995,0.0,1989-11-12
3238.9999999999995,0.0,1989-11-13
3240.0,0.0,1989-11-14
3240.9999999999995,0.0,1989-11-15
3242.0,0.0,1989-11-16
3242.9999999999995,0.0,1989-11-17
3244.0,0.0,1989-11-18
3244.9999999999995,0.0,1989-11-19
3246.0,0.0,1989-11-20
3246.9999999999995,0.0,1989-11-21
3248.0,0.0,1989-11-22
3248.9999999999995,0.0,1989-11-23
3250.0,0.0,1989-11-24
3250.9999999999995,0.0,1989-11-25
3252.0,0.0,1989-11-26
3252.9999999999995,0.0,1989-11-27
3254.0,0.0,1989-11-28
3254.9999999999995,0.0,1989-11-29
3256.0,0.0,1989-11-30
3256.9999999999995,0.0,1989-12-01
3258.0,0.0,1989-12-02
3258.9999999999995,0.0,1989-12-03
3259.9999999999995,0.0,1989-12-04
3260.9999999999995,0.0,1989-12-05
3261.9999999999995,0.0,1989-12-06
3262.9999999999995,0.0,1989-12-07
3263.9999999999995,0.0,1989-12-08
3264.9999999999995,0.0,1989-12-09
3265.9999999999995,0.0,1989-12-10
3267.0,0.0,1989-12-11
3267.9999999999995,0.0,1989-12-12
3269.0,0.0,1989-12-13
3269.9999999999995,0.0,1989-12-14
3271.0,0.0,1989-12-15
3271.9999999999995,0.0,1989-12-16
3273.0,0.0,1989-12-17
3273.9999999999995,0.0,1989-12-18
3275.0,0.0,1989-12-19
3275.9999999999995,0.0,1989-12-20
3277.0,0.0,1989-12-21
3277.9999999999995,0.0,1989-12-22
3279.0,0.0,1989-12-23
3279.9999999999995,0.0,1989-12-24
3281.0,0.0,1989-12-25
3281.9999999999995,0.0,1989-12-26
3283.0,0.0,1989-12-27
3283.9999999999995,0.0,1989-12-28
3285.0,0.0,1989-12-29
3285.9999999999995,0.0,1989-12-30
3286.9999999999995,0.0,1989-12-31
3287.9999999999995,0.0,1990-01-01
3288.9999999999995,0.0,1990-01-02
3289.9999999999995,0.0,1990-01-03
3290.9999999999995,0.0,1990-01-04
3291.9999999999995,0.0,1990-01-05
3292.9999999999995,0.0,1990-01-06
3294.0,0.0,1990-01-07
3294.9999999999995,0.0,1990-01-08
3296.0,0.0,1990-01-09
3296.9999999999995,0.0,1990-01-10
3298.0,0.0,1990-01-11
3298.9999999999995,0.0,1990-01-12
3300.0,0.0,1990-01-13
3300.9999999999995,0.0,1990-01-14
3302.0,0.0,1990-01-15
3302.9999999999995,0.0,1990-01-16
3304.0,0.0,1990-01-17
3304.9999999999995,0.0,1990-01-18
3306.0,0.0,1990-01-19
3306.9999999999995,0.0,1990-01-20
3308.0,0.0,1990-01-21
3308.9999999999995,0.0,1990-01-22
3310.0,0.0,1990-01-23
3310.9999999999995,0.0,1990-01-24
3312.0,0.0,1990-01-25
3312.9999999999995,0.0,1990-01-26
3313.9999999999995,0.0,1990-01-27
3314.9999999999995,0.0,1990-01-28
3315.9999999999995,0.0,1990-01-29
3316.9999999999995,0.0,1990-01-30
3317.9999999999995,0.0,1990-01-31
3318.9999999999995,0.0,1990-02-01
3319.9999999999995,0.0,1990-02-02
3321.0,0.0,1990-02-03
3321.9999999999995,0.0,1990-02-04
3323.0,0.0,1990-02-05
3323.9999999999995,0.0,1990-02-06
3325.0,0.0,1990-02-07
3325.9999999999995,0.0,1990-02-08
3327.0,0.0,1990-02-09
3327.9999999999995,0.0,1990-02-10
3329.0,0.0,1990-02-11
3329.9999999999995,0.0,1990-02-12
3331.0,0.0,1990-02-13
3331.9999999999995,0.0,1990-02-14
3333.0,0.0,1990-02-15
3333.9999999999995,0.0,1990-02-16
3335.0,0.0,1990-02-17
3335.9999999999995,0.0,1990-02-18
3337.0,0.0,1990-02-19
3337.9999999999995,0.0,1990-02-20
3339.0,0.0,1990-02-21
3339.9999999999995,0.0,1990-02-22
3340.9999999999995,0.0,1990-02-23
3341.9999999999995,0.0,1990-02-24
3342.9999999999995,0.0,1990-02-25
3343.9999999999995,0.0,1990-02-26
3344.9999999999995,0.0,1990-02-27
3345.9999999999995,0.0,1990-02-28
3346.9999999999995,0.0,1990-03-01
3348.0,0.0,1990-03-02
3348.9999999999995,0.0,1990-03-03
3350.0,0.0,1990-03-04
3350.9999999999995,0.0,1990-03-05
3352.0,0.0,1990-03-06
3352.9999999999995,0.0,1990-03-07
3354.0,0.0,1990-03-08
3354.9999999999995,0.0,1990-03-09
3356.0,0.0,1990-03-10
3356.9999999999995,0.0,1990-03-11
3358.0,0.0,1990-03-12
3358.9999999999995,0.0,1990-03-13
3360.0,0.0,1990-03-14
3360.9999999999995,0.0,1990-03-15
3362.0,0.0,1990-03-16
3362.9999999999995,0.0,1990-03-17
3364.0,0.0,1990-03-18
3364.9999999999995,0.0,1990-03-19
3365.9999999999995,0.0,1990-03-20
3366.9999999999995,0.0,1990-03-21
3367.9999999999995,0.0,1990-03-22
3368.9999999999995,0.0,1990-03-23
3369.9999999999995,0.0,1990-03-24
3370.9999999999995,0.0,1990-03-25
3371.9999999999995,0.0,1990-03-26
3372.9999999999995,0.0,1990-03-27
3373.9999999999995,0.0,1990-03-28
3375.0,0.0,1990-03-29
3375.9999999999995,0.0,1990-03-30
3377.0,0.0,1990-03-31
3377.9999999999995,0.0,1990-04-01
3379.0,0.0,1990-04-02
3379.9999999999995,0.0,1990-04-03
3381.0,0.0,1990-04-04
3381.9999999999995,0.0,1990-04-05
3383.0,0.0,1990-04-06
3383.9999999999995,0.0,1990-04-07
3385.0,0.0,1990-04-08
3385.9999999999995,0.0,1990-04-09
3387.0,0.0,1990-04-10
3387.9999999999995,0.0,1990-04-11
3389.0,0.0,1990-04-12
3389.9999999999995,0.0,1990-04-13
3391.0,0.0,1990-04-14
3391.9999999999995,0.0,1990-04-15
3392.9999999999995,0.0,1990-04-16
3393.9999999999995,0.0,1990-04-17
3394.9999999999995,0.0,1990-04-18
3395.9999999999995,0.0,1990-04-19
3396.9999999999995,0.0,1990-04-20
3397.9999999999995,0.0,1990-04-21
3398.9999999999995,0.0,1990-04-22
3400.0,0.0,1990-04-23
3400.9999999999995,0.0,1990-04-24
3402.0,0.0,1990-04-25
3402.9999999999995,0.0,1990-04-26
3404.0,0.0,1990-04-27
3404.9999999999995,0.0,1990-04-28
3406.0,0.0,1990-04-29
3406.9999999999995,0.0,1990-04-30
3408.0,0.0,1990-05-01
3408.9999999999995,0.0,1990-05-02
3410.0,0.0,1990-05-03
3410.9999999999995,0.0,1990-05-04
3412.0,0.0,1990-05-05
3412.9999999999995,0.0,1990-05-06
3414.0,0.0,1990-05-07
3414.9999999999995,0.0,1990-05-08
3416.0,0.0,1990-05-09
3416.9999999999995,0.0,1990-05-10
3418.0,0.0,1990-05-11
3418.9999999999995,0.0,1990-05-12
3419.9999999999995,0.0,1990-05-13
3420.9999999999995,0.0,1990-05-14
3421.9999999999995,0.0,1990-05-15
3422.9999999999995,0.0,1990-05-16
3423.9999999999995,0.0,1990-05-17
3424.9999999999995,0.0,1990-05-18
3425.9999999999995,0.0,1990-05-19
3427.0,0.0,1990-05-20
3427.9999999999995,0.0,1990-05-21
3429.0,0.0,1990-05-22
3429.9999999999995,0.029999999999972715,1990-05-23
3431.0,0.049999999999954525,1990-05-24
3431.9999999999995,0.07999999999992724,1990-05-25
3433.0,0.09999999999990905,1990-05-26
3433.9999999999995,0.10999999999989996,1990-05-27
3435.0,0.12999999999999545,1990-05-28
3435.9999999999995,0.13999999999998636,1990-05-29
3437.0,0.15999999999996817,1990-05-30
3437.9999999999995,0.16999999999995907,1990-05-31
3439.0,0.17999999999994998,1990-06-01
3439.9999999999995,0.18999999999994088,1990-06-02
3441.0,0.1999999999999318,1990-06-03
3441.9999999999995,0.2099999999999227,1990-06-04
3443.0,0.2099999999999227,1990-06-05
3443.9999999999995,0.2099999999999227,1990-06-06
3445.0,0.1999999999999318,1990-06-07
3445.9999999999995,0.1999999999999318,1990-06-08
3446.9999999999995,0.1999999999999318,1990-06-09
3447.9999999999995,0.1999999999999318,1990-06-10
3448.9999999999995,0.18999999999994088,1990-06-11
3449.9999999999995,0.18999999999994088,1990-06-12
3450.9999999999995,0.1999999999999318,1990-06-13
3451.9999999999995,0.2099999999999227,1990-06-14
3452.9999999999995,0.2199999999999136,1990-06-15
3454.0,0.2299999999999045,1990-06-16
3454.9999999999995,0.2299999999999045,1990-06-17
3456.0,0.2400000000000091,1990-06-18
3456.9999999999995,0.2400000000000091,1990-06-19
3458.0,0.25,1990-06-20
3458.9999999999995,0.2599999999999909,1990-06-21
3460.0,0.2599999999999909,1990-06-22
3460.9999999999995,0.2699999999999818,1990-06-23
3462.0,0.2699999999999818,1990-06-24
3462.9999999999995,0.2799999999999727,1990-06-25
3464.0,0.2899999999999636,1990-06-26
3464.9999999999995,0.2999999999999545,1990-06-27
3466.0,0.30999999999994543,1990-06-28
3466.9999999999995,0.31999999999993634,1990-06-29
3468.0,0.33999999999991815,1990-06-30
3468.9999999999995,0.34999999999990905,1990-07-01
3470.0,0.36999999999989086,1990-07-02
3470.9999999999995,0.37999999999988177,1990-07-03
3471.9999999999995,0.39999999999997726,1990-07-04
3472.9999999999995,0.4199999999999591,1990-07-05
3473.9999999999995,0.42999999999995,1990-07-06
3474.9999999999995,0.4499999999999318,1990-07-07
3475.9999999999995,0.4599999999999227,1990-07-08
3476.9999999999995,0.4699999999999136,1990-07-09
3477.9999999999995,0.4699999999999136,1990-07-10
3478.9999999999995,0.4799999999999045,1990-07-11
3479.9999999999995,0.4899999999998954,1990-07-12
3481.0,0.4899999999998954,1990-07-13
3481.9999999999995,0.4999999999998863,1990-07-14
3483.0,0.5099999999999909,1990-07-15
3483.9999999999995,0.5199999999999818,1990-07-16
3485.0,0.5299999999999727,1990-07-17
3485.9999999999995,0.5299999999999727,1990-07-18
3487.0,0.5399999999999636,1990-07-19
3487.9999999999995,0.5499999999999545,1990-07-20
3489.0,0.5599999999999454,1990-07-21
3489.9999999999995,0.5699999999999363,1990-07-22
3491.0,0.5799999999999272,1990-07-23
3491.9999999999995,0.5899999999999181,1990-07-24
3493.0,0.599999999999909,1990-07-25
3493.9999999999995,0.6099999999999,1990-07-26
3495.0,0.6099999999999,1990-07-27
3495.9999999999995,0.6199999999998909,1990-07-28
3497.0,0.6199999999998909,1990-07-29
3497.9999999999995,0.6199999999998909,1990-07-30
3498.9999999999995,0.6299999999998818,1990-07-31
3499.9999999999995,0.6299999999998818,1990-08-01
3500.9999999999995,0.6399999999999864,1990-08-02
3501.9999999999995,0.6399999999999864,1990-08-03
3502.9999999999995,0.6499999999999773,1990-08-04
3503.9999999999995,0.6499999999999773,1990-08-05
3504.9999999999995,0.6599999999999682,1990-08-06
3505.9999999999995,0.6599999999999682,1990-08-07
3506.9999999999995,0.6699999999999591,1990-08-08
3508.0,0.6699999999999591,1990-08-09
3508.9999999999995,0.67999999999995,1990-08-10
3510.0,0.67999999999995,1990-08-11
3510.9999999999995,0.6899999999999409,1990-08-12
3512.0,0.6999999999999318,1990-08-13
3512.9999999999995,0.6999999999999318,1990-08-14
3514.0,0.7099999999999227,1990-08-15
3514.9999999999995,0.7199999999999136,1990-08-16
3516.0,0.7299999999999045,1990-08-17
3516.9999999999995,0.7399999999998954,1990-08-18
3518.0,0.7499999999998863,1990-08-19
3518.9999999999995,0.7499999999998863,1990-08-20
3520.0,0.7599999999999909,1990-08-21
3520.9999999999995,0.7599999999999909,1990-08-22
3522.0,0.7599999999999909,1990-08-23
3522.9999999999995,0.7699999999999818,1990-08-24
3524.0,0.7699999999999818,1990-08-25
3524.9999999999995,0.7699999999999818,1990-08-26
3525.9999999999995,0.7799999999999727,1990-08-27
3526.9999999999995,0.7799999999999727,1990-08-28
3527.9999999999995,0.7799999999999727,1990-08-29
3528.9999999999995,0.7799999999999727,1990-08-30
3529.9999999999995,0.7799999999999727,1990-08-31
3530.9999999999995,0.7799999999999727,1990-09-01
3531.9999999999995,0.7799999999999727,1990-09-02
3532.9999999999995,0.7799999999999727,1990-09-03
3533.9999999999995,0.7799999999999727,1990-09-04
3535.0,0.7799999999999727,1990-09-05
3535.9999999999995,0.7799999999999727,1990-09-06
3537.0,0.7799999999999727,1990-09-07
3537.9999999999995,0.7799999999999727,1990-09-08
3539.0,0.7799999999999727,1990-09-09
3539.9999999999995,0.7799999999999727,1990-09-10
3541.0,0.7699999999999818,1990-09-11
3541.9999999999995,0.7699999999999818,1990-09-12
3543.0,0.7699999999999818,1990-09-13
3543.9999999999995,0.7699999999999818,1990-09-14
3545.0,0.7699999999999818,1990-09-15
3545.9999999999995,0.7699999999999818,1990-09-16
3547.0,0.7699999999999818,1990-09-17
3547.9999999999995,0.7599999999999909,1990-09-18
3549.0,0.0,1990-09-19
3549.9999999999995,0.0,1990-09-20
3551.0,0.7599999999999909,1990-09-21
3551.9999999999995,0.7599999999999909,1990-09-22
3552.9999999999995,0.0,1990-09-23
3553.9999999999995,0.0,1990-09-24
3554.9999999999995,0.0,1990-09-25
3555.9999999999995,0.0,1990-09-26
3556.9999999999995,0.0,1990-09-27
3557.9999999999995,0.0,1990-09-28
3558.9999999999995,0.0,1990-09-29
3559.9999999999995,0.0,1990-09-30
3560.9999999999995,0.0,1990-10-01
3562.0,0.0,1990-10-02
3562.9999999999995,0.0,1990-10-03
3564.0,0.0,1990-10-04
3564.9999999999995,0.0,1990-10-05
3566.0,0.0,1990-10-06
3566.9999999999995,0.0,1990-10-07
3568.0,0.0,1990-10-08
3568.9999999999995,0.0,1990-10-09
3570.0,0.0,1990-10-10
3570.9999999999995,0.0,1990-10-11
3572.0,0.0,1990-10-12
3572.9999999999995,0.0,1990-10-13
3574.0,0.0,1990-10-14
3574.9999999999995,0.0,1990-10-15
3576.0,0.0,1990-10-16
3576.9999999999995,0.0,1990-10-17
3578.0,0.0,1990-10-18
3578.9999999999995,0.0,1990-10-19
3579.9999999999995,0.0,1990-10-20
3580.9999999999995,0.0,1990-10-21
3581.9999999999995,0.0,1990-10-22
3582.9999999999995,0.0,1990-10-23
3583.9999999999995,0.0,1990-10-24
3584.9999999999995,0.0,1990-10-25
3585.9999999999995,0.0,1990-10-26
3586.9999999999995,0.0,1990-10-27
3587.9999999999995,0.0,1990-10-28
3589.0,0.0,1990-10-29
3589.9999999999995,0.0,1990-10-30
3591.0,0.0,1990-10-31
3591.9999999999995,0.0,1990-11-01
3593.0,0.0,1990-11-02
3593.9999999999995,0.0,1990-11-03
3595.0,0.0,1990-11-04
3595.9999999999995,0.0,1990-11-05
3597.0,0.0,1990-11-06
3597.9999999999995,0.0,1990-11-07
3599.0,0.0,1990-11-08
3599.9999999999995,0.0,1990-11-09
3601.0,0.0,1990-11-10
3601.9999999999995,0.0,1990-11-11
3603.0,0.0,1990-11-12
3603.9999999999995,0.0,1990-11-13
3604.9999999999995,0.0,1990-11-14
3605.9999999999995,0.0,1990-11-15
3606.9999999999995,0.0,1990-11-16
3607.9999999999995,0.0,1990-11-17
3608.9999999999995,0.0,1990-11-18
3609.9999999999995,0.0,1990-11-19
3610.9999999999995,0.0,1990-11-20
3611.9999999999995,0.0,1990-11-21
3612.9999999999995,0.0,1990-11-22
3613.9999999999995,0.0,1990-11-23
3614.9999999999995,0.0,1990-11-24
3616.0,0.0,1990-11-25
3616.9999999999995,0.0,1990-11-26
3618.0,0.0,1990-11-27
3618.9999999999995,0.0,1990-11-28
3620.0,0.0,1990-11-29
3620.9999999999995,0.0,1990-11-30
3622.0,0.0,1990-12-01
3622.9999999999995,0.0,1990-12-02
3624.0,0.0,1990-12-03
3624.9999999999995,0.0,1990-12-04
3626.0,0.0,1990-12-05
3626.9999999999995,0.0,1990-12-06
3628.0,0.0,1990-12-07
3628.9999999999995,0.0,1990-12-08
3630.0,0.0,1990-12-09
3630.9999999999995,0.0,1990-12-10
3631.9999999999995,0.0,1990-12-11
3632.9999999999995,0.0,1990-12-12
3633.9999999999995,0.0,1990-12-13
3634.9999999999995,0.0,1990-12-14
3635.9999999999995,0.0,1990-12-15
3636.9999999999995,0.0,1990-12-16
3637.9999999999995,0.0,1990-12-17
3638.9999999999995,0.0,1990-12-18
3639.9999999999995,0.0,1990-12-19
3641.0,0.0,1990-12-20
3641.9999999999995,0.0,1990-12-21
3643.0,0.0,1990-12-22
3643.9999999999995,0.0,1990-12-23
3645.0,0.0,1990-12-24
3645.9999999999995,0.0,1990-12-25
3647.0,0.0,1990-12-26
3647.9999999999995,0.0,1990-12-27
3649.0,0.0,1990-12-28
3649.9999999999995,0.0,1990-12-29
3651.0,0.0,1990-12-30
3651.9999999999995,0.0,1990-12-31
3653.0,0.0,1991-01-01
3653.9999999999995,0.0,1991-01-02
3655.0,0.0,1991-01-03
3655.9999999999995,0.0,1991-01-04
3657.0,0.0,1991-01-05
3657.9999999999995,0.0,1991-01-06
3658.9999999999995,0.0,1991-01-07
3659.9999999999995,0.0,1991-01-08
3660.9999999999995,0.0,1991-01-09
3661.9999999999995,0.0,1991-01-10
3662.9999999999995,0.0,1991-01-11
3663.9999999999995,0.0,1991-01-12
3664.9999999999995,0.0,1991-01-13
3665.9999999999995,0.0,1991-01-14
3666.9999999999995,0.0,1991-01-15
3668.0,0.0,1991-01-16
3668.9999999999995,0.0,1991-01-17
3670.0,0.0,1991-01-18
3670.9999999999995,0.0,1991-01-19
3672.0,0.0,1991-01-20
3672.9999999999995,0.0,1991-01-21
3674.0,0.0,1991-01-22
3674.9999999999995,0.0,1991-01-23
3676.0,0.0,1991-01-24
3676.9999999999995,0.0,1991-01-25
3678.0,0.0,1991-01-26
3678.9999999999995,0.0,1991-01-27
3680.0,0.0,1991-01-28
3680.9999999999995,0.0,1991-01-29
3682.0,0.0,1991-01-30
3682.9999999999995,0.0,1991-01-31
3684.0,0.0,1991-02-01
3684.9999999999995,0.0,1991-02-02
3685.9999999999995,0.0,1991-02-03
3686.9999999999995,0.0,1991-02-04
3687.9999999999995,0.0,1991-02-05
3688.9999999999995,0.0,1991-02-06
3689.9999999999995,0.0,1991-02-07
3690.9999999999995,0.0,1991-02-08
3691.9999999999995,0.0,1991-02-09
3692.9999999999995,0.0,1991-02-10
3693.9999999999995,0.0,1991-02-11
3695.0,0.0,1991-02-12
3695.9999999999995,0.0,1991-02-13
3697.0,0.0,1991-02-14
3697.9999999999995,0.0,1991-02-15
3699.0,0.0,1991-02-16
3699.9999999999995,0.0,1991-02-17
3701.0,0.0,1991-02-18
3701.9999999999995,0.0,1991-02-19
3703.0,0.0,1991-02-20
3703.9999999999995,0.0,1991-02-21
3705.0,0.0,1991-02-22
3705.9999999999995,0.0,1991-02-23
3707.0,0.0,1991-02-24
3707.9999999999995,0.0,1991-02-25
3709.0,0.0,1991-02-26
3709.9999999999995,0.0,1991-02-27
3710.9999999999995,0.0,1991-02-28
3711.9999999999995,0.0,1991-03-01
3712.9999999999995,0.0,1991-03-02
3713.9999999999995,0.0,1991-03-03
3714.9999999999995,0.0,1991-03-04
3715.9999999999995,0.0,1991-03-05
3716.9999999999995,0.0,1991-03-06
3717.9999999999995,0.0,1991-03-07
3718.9999999999995,0.0,1991-03-08
3719.9999999999995,0.0,1991-03-09
3720.9999999999995,0.0,1991-03-10
3722.0,0.0,1991-03-11
3722.9999999999995,0.0,1991-03-12
3724.0,0.0,1991-03-13
3724.9999999999995,0.0,1991-03-14
3726.0,0.0,1991-03-15
3726.9999999999995,0.0,1991-03-16
3728.0,0.0,1991-03-17
3728.9999999999995,0.0,1991-03-18
3730.0,0.0,1991-03-19
3730.9999999999995,0.0,1991-03-20
3732.0,0.0,1991-03-21
3732.9999999999995,0.0,1991-03-22
3734.0,0.0,1991-03-23
3734.9999999999995,0.0,1991-03-24
3736.0,0.0,1991-03-25
3736.9999999999995,0.0,1991-03-26
3737.9999999999995,0.0,1991-03-27
3738.9999999999995,0.0,1991-03-28
3739.9999999999995,0.0,1991-03-29
3740.9999999999995,0.0,1991-03-30
3741.9999999999995,0.0,1991-03-31
3742.9999999999995,0.0,1991-04-01
3743.9999999999995,0.0,1991-04-02
3744.9999999999995,0.0,1991-04-03
3745.9999999999995,0.0,1991-04-04
3746.9999999999995,0.0,1991-04-05
3747.9999999999995,0.0,1991-04-06
3749.0,0.0,1991-04-07
3749.9999999999995,0.0,1991-04-08
3751.0,0.0,1991-04-09
3751.9999999999995,0.0,1991-04-10
3753.0,0.0,1991-04-11
3753.9999999999995,0.0,1991-04-12
3755.0,0.0,1991-04-13
3755.9999999999995,0.0,1991-04-14
3757.0,0.0,1991-04-15
3757.9999999999995,0.0,1991-04-16
3759.0,0.0,1991-04-17
3759.9999999999995,0.0,1991-04-18
3761.0,0.0,1991-04-19
3761.9999999999995,0.0,1991-04-20
3763.0,0.0,1991-04-21
3763.9999999999995,0.0,1991-04-22
3764.9999999999995,0.0,1991-04-23
3765.9999999999995,0.0,1991-04-24
3766.9999999999995,0.0,1991-04-25
3767.9999999999995,0.0,1991-04-26
3768.9999999999995,0.0,1991-04-27
3769.9999999999995,0.0,1991-04-28
3770.9999999999995,0.0,1991-04-29
3771.9999999999995,0.0,1991-04-30
3772.9999999999995,0.0,1991-05-01
3773.9999999999995,0.0,1991-05-02
3774.9999999999995,0.0,1991-05-03
3776.0,0.0,1991-05-04
3776.9999999999995,0.0,1991-05-05
3778.0,0.0,1991-05-06
3778.9999999999995,0.0,1991-05-07
3780.0,0.0,1991-05-08
3780.9999999999995,0.0,1991-05-09
3782.0,0.0,1991-05-10
3782.9999999999995,0.0,1991-05-11
3784.0,0.0,1991-05-12
3784.9999999999995,0.0,1991-05-13
3786.0,0.0,1991-05-14
3786.9999999999995,0.0,1991-05-15
3788.0,0.0,1991-05-16
3788.9999999999995,0.0,1991-05-17
3790.0,0.0,1991-05-18
3790.9999999999995,0.0,1991-05-19
3791.9999999999995,0.0,1991-05-20
3792.9999999999995,0.0,1991-05-21
3793.9999999999995,0.0,1991-05-22
3794.9999999999995,0.0,1991-05-23
3795.9999999999995,0.0,1991-05-24
3796.9999999999995,0.0,1991-05-25
3797.9999999999995,0.0,1991-05-26
3798.9999999999995,0.0,1991-05-27
3799.9999999999995,0.009999999999990905,1991-05-28
3800.9999999999995,0.049999999999954525,1991-05-29
3801.9999999999995,0.07999999999992724,1991-05-30
3803.0,0.09999999999990905,1991-05-31
3803.9999999999995,0.10999999999989996,1991-06-01
3805.0,0.12000000000000455,1991-06-02
3805.9999999999995,0.12999999999999545,1991-06-03
3807.0,0.13999999999998636,1991-06-04
3807.9999999999995,0.14999999999997726,1991-06-05
3809.0,0.15999999999996817,1991-06-06
3809.9999999999995,0.16999999999995907,1991-06-07
3811.0,0.16999999999995907,1991-06-08
3811.9999999999995,0.17999999999994998,1991-06-09
3813.0,0.17999999999994998,1991-06-10
3813.9999999999995,0.17999999999994998,1991-06-11
3815.0,0.16999999999995907,1991-06-12
3815.9999999999995,0.16999999999995907,1991-06-13
3817.0,0.17999999999994998,1991-06-14
3817.9999999999995,0.18999999999994088,1991-06-15
3818.9999999999995,0.18999999999994088,1991-06-16
3819.9999999999995,0.1999999999999318,1991-06-17
3820.9999999999995,0.2099999999999227,1991-06-18
3821.9999999999995,0.2199999999999136,1991-06-19
3822.9999999999995,0.2400000000000091,1991-06-20
3823.9999999999995,0.25,1991-06-21
3824.9999999999995,0.2599999999999909,1991-06-22
3825.9999999999995,0.2699999999999818,1991-06-23
3826.9999999999995,0.2799999999999727,1991-06-24
3827.999999999999,0.2899999999999636,1991-06-25
3828.9999999999995,0.2999999999999545,1991-06-26
3830.0,0.30999999999994543,1991-06-27
3830.9999999999995,0.31999999999993634,1991-06-28
3832.0,0.32999999999992724,1991-06-29
3832.9999999999995,0.33999999999991815,1991-06-30
3834.0,0.34999999999990905,1991-07-01
3834.9999999999995,0.35999999999989996,1991-07-02
3836.0,0.36999999999989086,1991-07-03
3836.9999999999995,0.37999999999988177,1991-07-04
3838.0,0.37999999999988177,1991-07-05
3838.9999999999995,0.38999999999998636,1991-07-06
3840.0,0.39999999999997726,1991-07-07
3840.9999999999995,0.40999999999996817,1991-07-08
3842.0,0.4199999999999591,1991-07-09
3842.9999999999995,0.4199999999999591,1991-07-10
3843.9999999999995,0.4199999999999591,1991-07-11
3844.9999999999995,0.4199999999999591,1991-07-12
3845.9999999999995,0.4199999999999591,1991-07-13
3846.9999999999995,0.42999999999995,1991-07-14
3847.9999999999995,0.42999999999995,1991-07-15
3848.9999999999995,0.4399999999999409,1991-07-16
3849.9999999999995,0.4499999999999318,1991-07-17
3850.9999999999995,0.4499999999999318,1991-07-18
3851.9999999999995,0.4599999999999227,1991-07-19
3852.9999999999995,0.4699999999999136,1991-07-20
3853.9999999999995,0.4699999999999136,1991-07-21
3855.0,0.4799999999999045,1991-07-22
3855.9999999999995,0.4899999999998954,1991-07-23
3857.0,0.4999999999998863,1991-07-24
3857.9999999999995,0.4999999999998863,1991-07-25
3859.0,0.5099999999999909,1991-07-26
3859.9999999999995,0.5099999999999909,1991-07-27
3861.0,0.5199999999999818,1991-07-28
3861.9999999999995,0.5299999999999727,1991-07-29
3863.0,0.5299999999999727,1991-07-30
3863.9999999999995,0.5399999999999636,1991-07-31
3865.0,0.5499999999999545,1991-08-01
3865.9999999999995,0.5599999999999454,1991-08-02
3867.0,0.5599999999999454,1991-08-03
3867.9999999999995,0.5699999999999363,1991-08-04
3869.0,0.5699999999999363,1991-08-05
3869.9999999999995,0.5799999999999272,1991-08-06
3870.9999999999995,0.5799999999999272,1991-08-07
3871.9999999999995,0.5799999999999272,1991-08-08
3872.9999999999995,0.5899999999999181,1991-08-09
3873.9999999999995,0.5899999999999181,1991-08-10
3874.9999999999995,0.5899999999999181,1991-08-11
3875.9999999999995,0.5899999999999181,1991-08-12
3876.9999999999995,0.5899999999999181,1991-08-13
3877.9999999999995,0.599999999999909,1991-08-14
3878.9999999999995,0.6099999999999,1991-08-15
3879.9999999999995,0.6099999999999,1991-08-16
3880.9999999999995,0.6199999999998909,1991-08-17
3882.0,0.6299999999998818,1991-08-18
3882.9999999999995,0.6299999999998818,1991-08-19
3884.0,0.6299999999998818,1991-08-20
3884.9999999999995,0.6399999999999864,1991-08-21
3886.0,0.6399999999999864,1991-08-22
3886.9999999999995,0.6399999999999864,1991-08-23
3888.0,0.6399999999999864,1991-08-24
3888.9999999999995,0.6399999999999864,1991-08-25
3890.0,0.6499999999999773,1991-08-26
3890.9999999999995,0.6499999999999773,1991-08-27
3892.0,0.6499999999999773,1991-08-28
3892.9999999999995,0.6499999999999773,1991-08-29
3894.0,0.6499999999999773,1991-08-30
3894.9999999999995,0.6499999999999773,1991-08-31
3896.0,0.6499999999999773,1991-09-01
3896.9999999999995,0.6399999999999864,1991-09-02
3897.9999999999995,0.6399999999999864,1991-09-03
3898.9999999999995,0.6399999999999864,1991-09-04
3899.9999999999995,0.6399999999999864,1991-09-05
3900.9999999999995,0.0,1991-09-06
3901.9999999999995,0.0,1991-09-07
3902.9999999999995,0.0,1991-09-08
3903.9999999999995,0.0,1991-09-09
3904.9999999999995,0.0,1991-09-10
3905.9999999999995,0.0,1991-09-11
3906.9999999999995,0.0,1991-09-12
3907.9999999999995,0.0,1991-09-13
3909.0,0.0,1991-09-14
3909.9999999999995,0.0,1991-09-15
3911.0,0.0,1991-09-16
3911.9999999999995,0.6299999999998818,1991-09-17
3913.0,0.6299999999998818,1991-09-18
3913.9999999999995,0.6299999999998818,1991-09-19
3915.0,0.6299999999998818,1991-09-20
3915.9999999999995,0.6299999999998818,1991-09-21
3917.0,0.0,1991-09-22
3917.9999999999995,0.0,1991-09-23
3919.0,0.0,1991-09-24
3919.9999999999995,0.0,1991-09-25
3921.0,0.0,1991-09-26
3921.9999999999995,0.0,1991-09-27
3923.0,0.0,1991-09-28
3923.9999999999995,0.0,1991-09-29
3924.9999999999995,0.0,1991-09-30
3925.9999999999995,0.0,1991-10-01
3926.9999999999995,0.0,1991-10-02
3927.9999999999995,0.0,1991-10-03
3928.9999999999995,0.0,1991-10-04
3929.9999999999995,0.0,1991-10-05
3930.9999999999995,0.0,1991-10-06
3931.9999999999995,0.0,1991-10-07
3932.9999999999995,0.0,1991-10-08
3933.9999999999995,0.0,1991-10-09
3934.9999999999995,0.0,1991-10-10
3936.0,0.0,1991-10-11
3936.9999999999995,0.0,1991-10-12
3938.0,0.0,1991-10-13
3938.9999999999995,0.0,1991-10-14
3940.0,0.0,1991-10-15
3940.9999999999995,0.0,1991-10-16
3942.0,0.0,1991-10-17
3942.9999999999995,0.0,1991-10-18
3944.0,0.0,1991-10-19
3944.9999999999995,0.0,1991-10-20
3946.0,0.0,1991-10-21
3946.9999999999995,0.0,1991-10-22
3948.0,0.0,1991-10-23
3948.9999999999995,0.0,1991-10-24
3950.0,0.0,1991-10-25
3950.9999999999995,0.0,1991-10-26
3951.9999999999995,0.0,1991-10-27
3952.9999999999995,0.0,1991-10-28
3953.9999999999995,0.0,1991-10-29
3954.9999999999995,0.0,1991-10-30
3955.9999999999995,0.0,1991-10-31
3956.9999999999995,0.0,1991-11-01
3957.9999999999995,0.0,1991-11-02
3958.9999999999995,0.0,1991-11-03
3959.9999999999995,0.0,1991-11-04
3960.999999999999,0.0,1991-11-05
3961.9999999999995,0.0,1991-11-06
3963.0,0.0,1991-11-07
3963.9999999999995,0.0,1991-11-08
3965.0,0.0,1991-11-09
3965.9999999999995,0.0,1991-11-10
3967.0,0.0,1991-11-11
3967.9999999999995,0.0,1991-11-12
3969.0,0.0,1991-11-13
3969.9999999999995,0.0,1991-11-14
3971.0,0.0,1991-11-15
3971.9999999999995,0.0,1991-11-16
3973.0,0.0,1991-11-17
3973.9999999999995,0.0,1991-11-18
3975.0,0.0,1991-11-19
3975.9999999999995,0.0,1991-11-20
3976.9999999999995,0.0,1991-11-21
3977.9999999999995,0.0,1991-11-22
3978.9999999999995,0.0,1991-11-23
3979.9999999999995,0.0,1991-11-24
3980.9999999999995,0.0,1991-11-25
3981.9999999999995,0.0,1991-11-26
3982.9999999999995,0.0,1991-11-27
3983.9999999999995,0.0,1991-11-28
3984.9999999999995,0.0,1991-11-29
3985.9999999999995,0.0,1991-11-30
3986.9999999999995,0.0,1991-12-01
3987.999999999999,0.0,1991-12-02
3988.9999999999995,0.0,1991-12-03
3990.0,0.0,1991-12-04
3990.9999999999995,0.0,1991-12-05
3992.0,0.0,1991-12-06
3992.9999999999995,0.0,1991-12-07
3994.0,0.0,1991-12-08
3994.9999999999995,0.0,1991-12-09
3996.0,0.0,1991-12-10
3996.9999999999995,0.0,1991-12-11
3998.0,0.0,1991-12-12
3998.9999999999995,0.0,1991-12-13
4000.0,0.0,1991-12-14
4000.9999999999995,0.0,1991-12-15
4002.0,0.0,1991-12-16
4002.9999999999995,0.0,1991-12-17
4003.9999999999995,0.0,1991-12-18
4004.9999999999995,0.0,1991-12-19
4005.9999999999995,0.0,1991-12-20
4006.9999999999995,0.0,1991-12-21
4007.9999999999995,0.0,1991-12-22
4008.9999999999995,0.0,1991-12-23
4009.9999999999995,0.0,1991-12-24
4010.9999999999995,0.0,1991-12-25
4011.9999999999995,0.0,1991-12-26
4012.9999999999995,0.0,1991-12-27
4013.9999999999995,0.0,1991-12-28
4014.999999999999,0.0,1991-12-29
4015.9999999999995,0.0,1991-12-30
4017.0,0.0,1991-12-31
4017.9999999999995,0.0,1992-01-01
4019.0,0.0,1992-01-02
4019.9999999999995,0.0,1992-01-03
4021.0,0.0,1992-01-04
4021.9999999999995,0.0,1992-01-05
4023.0,0.0,1992-01-06
4023.9999999999995,0.0,1992-01-07
4025.0,0.0,1992-01-08
4025.9999999999995,0.0,1992-01-09
4027.0,0.0,1992-01-10
4027.9999999999995,0.0,1992-01-11
4029.0,0.0,1992-01-12
4029.9999999999995,0.0,1992-01-13
4030.9999999999995,0.0,1992-01-14
4031.9999999999995,0.0,1992-01-15
4032.9999999999995,0.0,1992-01-16
4033.9999999999995,0.0,1992-01-17
4034.9999999999995,0.0,1992-01-18
4035.9999999999995,0.0,1992-01-19
4036.9999999999995,0.0,1992-01-20
4037.9999999999995,0.0,1992-01-21
4038.9999999999995,0.0,1992-01-22
4039.9999999999995,0.0,1992-01-23
4040.9999999999995,0.0,1992-01-24
4041.999999999999,0.0,1992-01-25
4042.9999999999995,0.0,1992-01-26
4044.0,0.0,1992-01-27
4044.9999999999995,0.0,1992-01-28
4046.0,0.0,1992-01-29
4046.9999999999995,0.0,1992-01-30
4048.0,0.0,1992-01-31
4048.9999999999995,0.0,1992-02-01
4050.0,0.0,1992-02-02
4050.9999999999995,0.0,1992-02-03
4052.0,0.0,1992-02-04
4052.9999999999995,0.0,1992-02-05
4054.0,0.0,1992-02-06
4054.9999999999995,0.0,1992-02-07
4056.0,0.0,1992-02-08
4056.9999999999995,0.0,1992-02-09
4057.9999999999995,0.0,1992-02-10
4058.9999999999995,0.0,1992-02-11
4059.9999999999995,0.0,1992-02-12
4060.9999999999995,0.0,1992-02-13
4061.9999999999995,0.0,1992-02-14
4062.9999999999995,0.0,1992-02-15
4063.9999999999995,0.0,1992-02-16
4064.9999999999995,0.0,1992-02-17
4065.9999999999995,0.0,1992-02-18
4066.999999999999,0.0,1992-02-19
4067.9999999999995,0.0,1992-02-20
4068.999999999999,0.0,1992-02-21
4069.9999999999995,0.0,1992-02-22
4071.0,0.0,1992-02-23
4071.9999999999995,0.0,1992-02-24
4073.0,0.0,1992-02-25
4073.9999999999995,0.0,1992-02-26
4075.0,0.0,1992-02-27
4075.9999999999995,0.0,1992-02-28
4077.0,0.0,1992-02-29
4077.9999999999995,0.0,1992-03-01
4079.0,0.0,1992-03-02
4079.9999999999995,0.0,1992-03-03
4081.0,0.0,1992-03-04
4081.9999999999995,0.0,1992-03-05
4082.9999999999995,0.0,1992-03-06
4083.9999999999995,0.0,1992-03-07
4084.9999999999995,0.0,1992-03-08
4085.9999999999995,0.0,1992-03-09
4086.9999999999995,0.0,1992-03-10
4087.9999999999995,0.0,1992-03-11
4088.9999999999995,0.0,1992-03-12
4089.9999999999995,0.0,1992-03-13
4090.9999999999995,0.0,1992-03-14
4091.9999999999995,0.0,1992-03-15
4092.9999999999995,0.0,1992-03-16
4093.999999999999,0.0,1992-03-17
4094.9999999999995,0.0,1992-03-18
4096.0,0.0,1992-03-19
4097.0,0.0,1992-03-20
4098.0,0.0,1992-03-21
4099.0,0.0,1992-03-22
4100.0,0.0,1992-03-23
4101.0,0.0,1992-03-24
4102.0,0.0,1992-03-25
4102.999999999999,0.0,1992-03-26
4104.0,0.0,1992-03-27
4104.999999999999,0.0,1992-03-28
4106.0,0.0,1992-03-29
4106.999999999999,0.0,1992-03-30
4108.0,0.0,1992-03-31
4108.999999999999,0.0,1992-04-01
4110.0,0.0,1992-04-02
4110.999999999999,0.0,1992-04-03
4112.0,0.0,1992-04-04
4112.999999999999,0.0,1992-04-05
4114.0,0.0,1992-04-06
4114.999999999999,0.0,1992-04-07
4116.0,0.0,1992-04-08
4116.999999999999,0.0,1992-04-09
4118.0,0.0,1992-04-10
4118.999999999999,0.0,1992-04-11
4120.0,0.0,1992-04-12
4120.999999999999,0.0,1992-04-13
4122.0,0.0,1992-04-14
4123.0,0.0,1992-04-15
4124.0,0.0,1992-04-16
4125.0,0.0,1992-04-17
4126.0,0.0,1992-04-18
4127.0,0.0,1992-04-19
4128.0,0.0,1992-04-20
4129.0,0.0,1992-04-21
4129.999999999999,0.0,1992-04-22
4131.0,0.0,1992-04-23
4131.999999999999,0.0,1992-04-24
4133.0,0.0,1992-04-25
4133.999999999999,0.0,1992-04-26
4135.0,0.0,1992-04-27
4135.999999999999,0.0,1992-04-28
4137.0,0.0,1992-04-29
4137.999999999999,0.0,1992-04-30
4139.0,0.0,1992-05-01
4139.999999999999,0.0,1992-05-02
4141.0,0.0,1992-05-03
4141.999999999999,0.0,1992-05-04
4143.0,0.0,1992-05-05
4143.999999999999,0.0,1992-05-06
4145.0,0.0,1992-05-07
4145.999999999999,0.0,1992-05-08
4147.0,0.0,1992-05-09
4147.999999999999,0.0,1992-05-10
4149.0,0.0,1992-05-11
4150.0,0.0,1992-05-12
4151.0,0.0,1992-05-13
4152.0,0.0,1992-05-14
4153.0,0.0,1992-05-15
4154.0,0.0,1992-05-16
4154.999999999999,0.0,1992-05-17
4156.0,0.0,1992-05-18
4156.999999999999,0.0,1992-05-19
4158.0,0.0,1992-05-20
4158.999999999999,0.0,1992-05-21
4160.0,0.0,1992-05-22
4160.999999999999,0.0,1992-05-23
4162.0,0.0,1992-05-24
4162.999999999999,0.0,1992-05-25
4164.0,0.0,1992-05-26
4164.999999999999,0.0,1992-05-27
4166.0,0.0,1992-05-28
4166.999999999999,0.0,1992-05-29
4168.0,0.0,1992-05-30
4168.999999999999,0.0,1992-05-31
4170.0,0.0,1992-06-01
4170.999999999999,0.0,1992-06-02
4172.0,0.0,1992-06-03
4172.999999999999,0.0,1992-06-04
4174.0,0.0,1992-06-05
4174.999999999999,0.0,1992-06-06
4176.0,0.0,1992-06-07
4177.0,0.0,1992-06-08
4178.0,0.009999999999990905,1992-06-09
4179.0,0.049999999999954525,1992-06-10
4180.0,0.07999999999992724,1992-06-11
4181.0,0.09999999999990905,1992-06-12
4181.999999999999,0.10999999999989996,1992-06-13
4183.0,0.12000000000000455,1992-06-14
4183.999999999999,0.13999999999998636,1992-06-15
4185.0,0.14999999999997726,1992-06-16
4185.999999999999,0.15999999999996817,1992-06-17
4187.0,0.16999999999995907,1992-06-18
4187.999999999999,0.17999999999994998,1992-06-19
4189.0,0.18999999999994088,1992-06-20
4189.999999999999,0.1999999999999318,1992-06-21
4191.0,0.2099999999999227,1992-06-22
4191.999999999999,0.2199999999999136,1992-06-23
4193.0,0.2299999999999045,1992-06-24
4193.999999999999,0.2299999999999045,1992-06-25
4195.0,0.2400000000000091,1992-06-26
4195.999999999999,0.25,1992-06-27
4197.0,0.2599999999999909,1992-06-28
4197.999999999999,0.2699999999999818,1992-06-29
4199.0,0.2799999999999727,1992-06-30
4199.999999999999,0.2899999999999636,1992-07-01
4201.0,0.2999999999999545,1992-07-02
4201.999999999999,0.30999999999994543,1992-07-03
4203.0,0.30999999999994543,1992-07-04
4204.0,0.31999999999993634,1992-07-05
4205.0,0.32999999999992724,1992-07-06
4206.0,0.33999999999991815,1992-07-07
4207.0,0.34999999999990905,1992-07-08
4208.0,0.35999999999989996,1992-07-09
4208.999999999999,0.36999999999989086,1992-07-10
4210.0,0.38999999999998636,1992-07-11
4210.999999999999,0.39999999999997726,1992-07-12
4212.0,0.39999999999997726,1992-07-13
4212.999999999999,0.40999999999996817,1992-07-14
4214.0,0.40999999999996817,1992-07-15
4214.999999999999,0.4199999999999591,1992-07-16
4216.0,0.42999999999995,1992-07-17
4216.999999999999,0.4399999999999409,1992-07-18
4218.0,0.4499999999999318,1992-07-19
4218.999999999999,0.4599999999999227,1992-07-20
4220.0,0.4699999999999136,1992-07-21
4220.999999999999,0.4799999999999045,1992-07-22
4222.0,0.4899999999998954,1992-07-23
4222.999999999999,0.4899999999998954,1992-07-24
4224.0,0.4999999999998863,1992-07-25
4224.999999999999,0.5099999999999909,1992-07-26
4226.0,0.5199999999999818,1992-07-27
4226.999999999999,0.5299999999999727,1992-07-28
4228.0,0.5399999999999636,1992-07-29
4228.999999999999,0.5499999999999545,1992-07-30
4230.0,0.5499999999999545,1992-07-31
4231.0,0.5599999999999454,1992-08-01
4232.0,0.5699999999999363,1992-08-02
4233.0,0.5699999999999363,1992-08-03
4234.0,0.5799999999999272,1992-08-04
4235.0,0.5899999999999181,1992-08-05
4235.999999999999,0.5899999999999181,1992-08-06
4237.0,0.599999999999909,1992-08-07
4237.999999999999,0.599999999999909,1992-08-08
4239.0,0.6099999999999,1992-08-09
4239.999999999999,0.6099999999999,1992-08-10
4241.0,0.6199999999998909,1992-08-11
4241.999999999999,0.6199999999998909,1992-08-12
4243.0,0.6299999999998818,1992-08-13
4243.999999999999,0.6299999999998818,1992-08-14
4245.0,0.6299999999998818,1992-08-15
4245.999999999999,0.6299999999998818,1992-08-16
4247.0,0.6399999999999864,1992-08-17
4247.999999999999,0.6399999999999864,1992-08-18
4249.0,0.6399999999999864,1992-08-19
4249.999999999999,0.6399999999999864,1992-08-20
4251.0,0.6399999999999864,1992-08-21
4251.999999999999,0.6399999999999864,1992-08-22
4253.0,0.6399999999999864,1992-08-23
4253.999999999999,0.6399999999999864,1992-08-24
4255.0,0.6399999999999864,1992-08-25
4255.999999999999,0.6499999999999773,1992-08-26
4257.0,0.6499999999999773,1992-08-27
4258.0,0.6499999999999773,1992-08-28
4259.0,0.6599999999999682,1992-08-29
4260.0,0.6599999999999682,1992-08-30
4260.999999999999,0.6599999999999682,1992-08-31
4262.0,0.6599999999999682,1992-09-01
4262.999999999999,0.6599999999999682,1992-09-02
4264.0,0.6599999999999682,1992-09-03
4264.999999999999,0.6699999999999591,1992-09-04
4266.0,0.6699999999999591,1992-09-05
4266.999999999999,0.6699999999999591,1992-09-06
4268.0,0.6699999999999591,1992-09-07
4268.999999999999,0.6699999999999591,1992-09-08
4270.0,0.6699999999999591,1992-09-09
4270.999999999999,0.6599999999999682,1992-09-10
4272.0,0.6599999999999682,1992-09-11
4272.999999999999,0.6599999999999682,1992-09-12
4274.0,0.6599999999999682,1992-09-13
4274.999999999999,0.0,1992-09-14
4276.0,0.0,1992-09-15
4276.999999999999,0.0,1992-09-16
4278.0,0.0,1992-09-17
4278.999999999999,0.0,1992-09-18
4280.0,0.0,1992-09-19
4280.999999999999,0.0,1992-09-20
4282.0,0.0,1992-09-21
4282.999999999999,0.0,1992-09-22
4284.0,0.0,1992-09-23
4285.0,0.0,1992-09-24
4286.0,0.0,1992-09-25
4287.0,0.0,1992-09-26
4287.999999999999,0.0,1992-09-27
4289.0,0.0,1992-09-28
4289.999999999999,0.0,1992-09-29
4291.0,0.0,1992-09-30
4291.999999999999,0.0,1992-10-01
4293.0,0.0,1992-10-02
4293.999999999999,0.0,1992-10-03
4295.0,0.0,1992-10-04
4295.999999999999,0.0,1992-10-05
4297.0,0.0,1992-10-06
4297.999999999999,0.0,1992-10-07
4299.0,0.0,1992-10-08
4299.999999999999,0.0,1992-10-09
4301.0,0.0,1992-10-10
4301.999999999999,0.0,1992-10-11
4303.0,0.0,1992-10-12
4303.999999999999,0.0,1992-10-13
4305.0,0.0,1992-10-14
4305.999999999999,0.0,1992-10-15
4307.0,0.0,1992-10-16
4307.999999999999,0.0,1992-10-17
4309.0,0.0,1992-10-18
4309.999999999999,0.0,1992-10-19
4311.0,0.0,1992-10-20
4312.0,0.0,1992-10-21
4313.0,0.0,1992-10-22
4314.0,0.0,1992-10-23
4314.999999999999,0.0,1992-10-24
4316.0,0.0,1992-10-25
4316.999999999999,0.0,1992-10-26
4318.0,0.0,1992-10-27
4318.999999999999,0.0,1992-10-28
4320.0,0.0,1992-10-29
4320.999999999999,0.0,1992-10-30
4322.0,0.0,1992-10-31
4322.999999999999,0.0,1992-11-01
4324.0,0.0,1992-11-02
4324.999999999999,0.0,1992-11-03
4326.0,0.0,1992-11-04
4326.999999999999,0.0,1992-11-05
4328.0,0.0,1992-11-06
4328.999999999999,0.0,1992-11-07
4330.0,0.0,1992-11-08
4330.999999999999,0.0,1992-11-09
4332.0,0.0,1992-11-10
4332.999999999999,0.0,1992-11-11
4334.0,0.0,1992-11-12
4334.999999999999,0.0,1992-11-13
4336.0,0.0,1992-11-14
4337.0,0.0,1992-11-15
4338.0,0.0,1992-11-16
4339.0,0.0,1992-11-17
4340.0,0.0,1992-11-18
4341.0,0.0,1992-11-19
4341.999999999999,0.0,1992-11-20
4343.0,0.0,1992-11-21
4343.999999999999,0.0,1992-11-22
4345.0,0.0,1992-11-23
4345.999999999999,0.0,1992-11-24
4347.0,0.0,1992-11-25
4347.999999999999,0.0,1992-11-26
4349.0,0.0,1992-11-27
4349.999999999999,0.0,1992-11-28
4351.0,0.0,1992-11-29
4351.999999999999,0.0,1992-11-30
4353.0,0.0,1992-12-01
4353.999999999999,0.0,1992-12-02
4355.0,0.0,1992-12-03
4355.999999999999,0.0,1992-12-04
4357.0,0.0,1992-12-05
4357.999999999999,0.0,1992-12-06
4359.0,0.0,1992-12-07
4359.999999999999,0.0,1992-12-08
4361.0,0.0,1992-12-09
4361.999999999999,0.0,1992-12-10
4363.0,0.0,1992-12-11
4364.0,0.0,1992-12-12
4365.0,0.0,1992-12-13
4366.0,0.0,1992-12-14
4367.0,0.0,1992-12-15
4368.0,0.0,1992-12-16
4368.999999999999,0.0,1992-12-17
4370.0,0.0,1992-12-18
4370.999999999999,0.0,1992-12-19
4372.0,0.0,1992-12-20
4372.999999999999,0.0,1992-12-21
4374.0,0.0,1992-12-22
4374.999999999999,0.0,1992-12-23
4376.0,0.0,1992-12-24
4376.999999999999,0.0,1992-12-25
4378.0,0.0,1992-12-26
4378.999999999999,0.0,1992-12-27
4380.0,0.0,1992-12-28
4380.999999999999,0.0,1992-12-29
4382.0,0.0,1992-12-30
4382.999999999999,0.0,1992-12-31
4384.0,0.0,1993-01-01
4384.999999999999,0.0,1993-01-02
4386.0,0.0,1993-01-03
4386.999999999999,0.0,1993-01-04
4388.0,0.0,1993-01-05
4388.999999999999,0.0,1993-01-06
4390.0,0.0,1993-01-07
4391.0,0.0,1993-01-08
4392.0,0.0,1993-01-09
4393.0,0.0,1993-01-10
4393.999999999999,0.0,1993-01-11
4395.0,0.0,1993-01-12
4395.999999999999,0.0,1993-01-13
4397.0,0.0,1993-01-14
4397.999999999999,0.0,1993-01-15
4399.0,0.0,1993-01-16
4399.999999999999,0.0,1993-01-17
4401.0,0.0,1993-01-18
4401.999999999999,0.0,1993-01-19
4403.0,0.0,1993-01-20
4403.999999999999,0.0,1993-01-21
4405.0,0.0,1993-01-22
4405.999999999999,0.0,1993-01-23
4407.0,0.0,1993-01-24
4407.999999999999,0.0,1993-01-25
4409.0,0.0,1993-01-26
4409.999999999999,0.0,1993-01-27
4411.0,0.0,1993-01-28
4411.999999999999,0.0,1993-01-29
4413.0,0.0,1993-01-30
4413.999999999999,0.0,1993-01-31
4415.0,0.0,1993-02-01
4415.999999999999,0.0,1993-02-02
4417.0,0.0,1993-02-03
4418.0,0.0,1993-02-04
4419.0,0.0,1993-02-05
4420.0,0.0,1993-02-06
4420.999999999999,0.0,1993-02-07
4422.0,0.0,1993-02-08
4422.999999999999,0.0,1993-02-09
4424.0,0.0,1993-02-10
4424.999999999999,0.0,1993-02-11
4426.0,0.0,1993-02-12
4426.999999999999,0.0,1993-02-13
4428.0,0.0,1993-02-14
4428.999999999999,0.0,1993-02-15
4430.0,0.0,1993-02-16
4430.999999999999,0.0,1993-02-17
4432.0,0.0,1993-02-18
4432.999999999999,0.0,1993-02-19
4434.0,0.0,1993-02-20
4434.999999999999,0.0,1993-02-21
4436.0,0.0,1993-02-22
4436.999999999999,0.0,1993-02-23
4438.0,0.0,1993-02-24
4438.999999999999,0.0,1993-02-25
4440.0,0.0,1993-02-26
4440.999999999999,0.0,1993-02-27
4442.0,0.0,1993-02-28
4442.999999999999,0.0,1993-03-01
4444.0,0.0,1993-03-02
4445.0,0.0,1993-03-03
4446.0,0.0,1993-03-04
4447.0,0.0,1993-03-05
4447.999999999999,0.0,1993-03-06
4449.0,0.0,1993-03-07
4449.999999999999,0.0,1993-03-08
4451.0,0.0,1993-03-09
4451.999999999999,0.0,1993-03-10
4453.0,0.0,1993-03-11
4453.999999999999,0.0,1993-03-12
4455.0,0.0,1993-03-13
4455.999999999999,0.0,1993-03-14
4457.0,0.0,1993-03-15
4457.999999999999,0.0,1993-03-16
4459.0,0.0,1993-03-17
4459.999999999999,0.0,1993-03-18
4461.0,0.0,1993-03-19
4461.999999999999,0.0,1993-03-20
4463.0,0.0,1993-03-21
4463.999999999999,0.0,1993-03-22
4465.0,0.0,1993-03-23
4465.999999999999,0.0,1993-03-24
4467.0,0.0,1993-03-25
4467.999999999999,0.0,1993-03-26
4469.0,0.0,1993-03-27
4469.999999999999,0.0,1993-03-28
4471.0,0.0,1993-03-29
4472.0,0.0,1993-03-30
4473.0,0.0,1993-03-31
4474.0,0.0,1993-04-01
4474.999999999999,0.0,1993-04-02
4476.0,0.0,1993-04-03
4476.999999999999,0.0,1993-04-04
4478.0,0.0,1993-04-05
4478.999999999999,0.0,1993-04-06
4480.0,0.0,1993-04-07
4480.999999999999,0.0,1993-04-08
4482.0,0.0,1993-04-09
4482.999999999999,0.0,1993-04-10
4484.0,0.0,1993-04-11
4484.999999999999,0.0,1993-04-12
4486.0,0.0,1993-04-13
4486.999999999999,0.0,1993-04-14
4488.0,0.0,1993-04-15
4488.999999999999,0.0,1993-04-16
4490.0,0.0,1993-04-17
4490.999999999999,0.0,1993-04-18
4492.0,0.0,1993-04-19
4492.999999999999,0.0,1993-04-20
4494.0,0.0,1993-04-21
4494.999999999999,0.0,1993-04-22
4496.0,0.0,1993-04-23
4496.999999999999,0.0,1993-04-24
4498.0,0.0,1993-04-25
4499.0,0.0,1993-04-26
4499.999999999999,0.0,1993-04-27
4501.0,0.0,1993-04-28
4501.999999999999,0.0,1993-04-29
4503.0,0.0,1993-04-30
4503.999999999999,0.0,1993-05-01
4505.0,0.0,1993-05-02
4505.999999999999,0.0,1993-05-03
4507.0,0.0,1993-05-04
4507.999999999999,0.0,1993-05-05
4509.0,0.0,1993-05-06
4509.999999999999,0.0,1993-05-07
4511.0,0.0,1993-05-08
4511.999999999999,0.0,1993-05-09
4513.0,0.0,1993-05-10
4513.999999999999,0.0,1993-05-11
4515.0,0.0,1993-05-12
4515.999999999999,0.0,1993-05-13
4517.0,0.0,1993-05-14
4517.999999999999,0.0,1993-05-15
4519.0,0.0,1993-05-16
4519.999999999999,0.0,1993-05-17
4521.0,0.0,1993-05-18
4521.999999999999,0.0,1993-05-19
4523.0,0.0,1993-05-20
4523.999999999999,0.0,1993-05-21
4525.0,0.0,1993-05-22
4526.0,0.0,1993-05-23
4526.999999999999,0.0,1993-05-24
4528.0,0.0,1993-05-25
4528.999999999999,0.0,1993-05-26
4530.0,0.0,1993-05-27
4530.999999999999,0.0,1993-05-28
4532.0,0.049999999999954525,1993-05-29
4532.999999999999,0.06999999999993634,1993-05-30
4534.0,0.08999999999991815,1993-05-31
4534.999999999999,0.10999999999989996,1993-06-01
4536.0,0.12000000000000455,1993-06-02
4536.999999999999,0.12999999999999545,1993-06-03
4538.0,0.13999999999998636,1993-06-04
4538.999999999999,0.14999999999997726,1993-06-05
4540.0,0.15999999999996817,1993-06-06
4540.999999999999,0.16999999999995907,1993-06-07
4542.0,0.17999999999994998,1993-06-08
4542.999999999999,0.17999999999994998,1993-06-09
4544.0,0.18999999999994088,1993-06-10
4544.999999999999,0.1999999999999318,1993-06-11
4546.0,0.2099999999999227,1993-06-12
4546.999999999999,0.2199999999999136,1993-06-13
4548.0,0.2299999999999045,1993-06-14
4548.999999999999,0.2400000000000091,1993-06-15
4550.0,0.25,1993-06-16
4551.0,0.2599999999999909,1993-06-17
4552.0,0.2699999999999818,1993-06-18
4553.0,0.2699999999999818,1993-06-19
4553.999999999999,0.2699999999999818,1993-06-20
4555.0,0.2799999999999727,1993-06-21
4555.999999999999,0.2799999999999727,1993-06-22
4557.0,0.2799999999999727,1993-06-23
4557.999999999999,0.2899999999999636,1993-06-24
4559.0,0.2899999999999636,1993-06-25
4559.999999999999,0.2999999999999545,1993-06-26
4561.0,0.2999999999999545,1993-06-27
4561.999999999999,0.30999999999994543,1993-06-28
4563.0,0.31999999999993634,1993-06-29
4563.999999999999,0.33999999999991815,1993-06-30
4565.0,0.33999999999991815,1993-07-01
4565.999999999999,0.35999999999989996,1993-07-02
4567.0,0.36999999999989086,1993-07-03
4567.999999999999,0.37999999999988177,1993-07-04
4569.0,0.39999999999997726,1993-07-05
4569.999999999999,0.40999999999996817,1993-07-06
4571.0,0.4199999999999591,1993-07-07
4571.999999999999,0.42999999999995,1993-07-08
4573.0,0.4399999999999409,1993-07-09
4573.999999999999,0.4499999999999318,1993-07-10
4575.0,0.4599999999999227,1993-07-11
4575.999999999999,0.4699999999999136,1993-07-12
4577.0,0.4799999999999045,1993-07-13
4578.0,0.4999999999998863,1993-07-14
4579.0,0.5099999999999909,1993-07-15
4580.0,0.5299999999999727,1993-07-16
4580.999999999999,0.5399999999999636,1993-07-17
4582.0,0.5499999999999545,1993-07-18
4582.999999999999,0.5699999999999363,1993-07-19
4584.0,0.5799999999999272,1993-07-20
4584.999999999999,0.5899999999999181,1993-07-21
4586.0,0.599999999999909,1993-07-22
4586.999999999999,0.599999999999909,1993-07-23
4588.0,0.6099999999999,1993-07-24
4588.999999999999,0.6199999999998909,1993-07-25
4590.0,0.6299999999998818,1993-07-26
4590.999999999999,0.6399999999999864,1993-07-27
4592.0,0.6499999999999773,1993-07-28
4592.999999999999,0.6499999999999773,1993-07-29
4594.0,0.6599999999999682,1993-07-30
4594.999999999999,0.6699999999999591,1993-07-31
4596.0,0.6699999999999591,1993-08-01
4596.999999999999,0.67999999999995,1993-08-02
4598.0,0.6899999999999409,1993-08-03
4598.999999999999,0.6899999999999409,1993-08-04
4600.0,0.6999999999999318,1993-08-05
4600.999999999999,0.6999999999999318,1993-08-06
4602.0,0.7099999999999227,1993-08-07
4602.999999999999,0.7099999999999227,1993-08-08
4604.0,0.7099999999999227,1993-08-09
4605.0,0.7099999999999227,1993-08-10
4606.0,0.7199999999999136,1993-08-11
4607.0,0.7199999999999136,1993-08-12
4607.999999999999,0.7199999999999136,1993-08-13
4609.0,0.7199999999999136,1993-08-14
4609.999999999999,0.7199999999999136,1993-08-15
4611.0,0.7199999999999136,1993-08-16
4611.999999999999,0.7199999999999136,1993-08-17
4613.0,0.7199999999999136,1993-08-18
4613.999999999999,0.7299999999999045,1993-08-19
4615.0,0.7299999999999045,1993-08-20
4615.999999999999,0.7299999999999045,1993-08-21
4617.0,0.7299999999999045,1993-08-22
4617.999999999999,0.7399999999998954,1993-08-23
4619.0,0.7399999999998954,1993-08-24
4619.999999999999,0.7399999999998954,1993-08-25
4621.0,0.7399999999998954,1993-08-26
4621.999999999999,0.7499999999998863,1993-08-27
4623.0,0.7499999999998863,1993-08-28
4623.999999999999,0.7499999999998863,1993-08-29
4625.0,0.7499999999998863,1993-08-30
4625.999999999999,0.7499999999998863,1993-08-31
4627.0,0.7499999999998863,1993-09-01
4627.999999999999,0.7399999999998954,1993-09-02
4629.0,0.7399999999998954,1993-09-03
4629.999999999999,0.7399999999998954,1993-09-04
4631.0,0.7399999999998954,1993-09-05
4632.0,0.7399999999998954,1993-09-06
4632.999999999999,0.7399999999998954,1993-09-07
4634.0,0.7399999999998954,1993-09-08
4634.999999999999,0.7399999999998954,1993-09-09
4636.0,0.7399999999998954,1993-09-10
4636.999999999999,0.7399999999998954,1993-09-11
4638.0,0.7399999999998954,1993-09-12
4638.999999999999,0.7299999999999045,1993-09-13
4640.0,0.7299999999999045,1993-09-14
4640.999999999999,0.7299999999999045,1993-09-15
4642.0,0.7299999999999045,1993-09-16
4642.999999999999,0.7299999999999045,1993-09-17
4644.0,0.7299999999999045,1993-09-18
4644.999999999999,0.7299999999999045,1993-09-19
4646.0,0.7299999999999045,1993-09-20
4646.999999999999,0.7299999999999045,1993-09-21
4648.0,0.7299999999999045,1993-09-22
4648.999999999999,0.7299999999999045,1993-09-23
4650.0,0.7199999999999136,1993-09-24
4650.999999999999,0.7199999999999136,1993-09-25
4652.0,0.7199999999999136,1993-09-26
4652.999999999999,0.7199999999999136,1993-09-27
4654.0,0.7199999999999136,1993-09-28
4654.999999999999,0.7199999999999136,1993-09-29
4656.0,0.7199999999999136,1993-09-30
4656.999999999999,0.7199999999999136,1993-10-01
4658.0,0.7199999999999136,1993-10-02
4659.0,0.0,1993-10-03
4659.999999999999,0.0,1993-10-04
4661.0,0.0,1993-10-05
4661.999999999999,0.0,1993-10-06
4663.0,0.7099999999999227,1993-10-07
4663.999999999999,0.7099999999999227,1993-10-08
4665.0,0.7099999999999227,1993-10-09
4665.999999999999,0.7099999999999227,1993-10-10
4667.0,0.0,1993-10-11
4667.999999999999,0.0,1993-10-12
4669.0,0.0,1993-10-13
4669.999999999999,0.0,1993-10-14
4671.0,0.0,1993-10-15
4671.999999999999,0.0,1993-10-16
4673.0,0.0,1993-10-17
4673.999999999999,0.0,1993-10-18
4675.0,0.0,1993-10-19
4675.999999999999,0.0,1993-10-20
4677.0,0.0,1993-10-21
4677.999999999999,0.0,1993-10-22
4679.0,0.0,1993-10-23
4679.999999999999,0.0,1993-10-24
4681.0,0.0,1993-10-25
4681.999999999999,0.0,1993-10-26
4683.0,0.0,1993-10-27
4683.999999999999,0.0,1993-10-28
4685.0,0.0,1993-10-29
4686.0,0.0,1993-10-30
4686.999999999999,0.0,1993-10-31
4688.0,0.0,1993-11-01
4688.999999999999,0.0,1993-11-02
4690.0,0.0,1993-11-03
4690.999999999999,0.0,1993-11-04
4692.0,0.0,1993-11-05
4692.999999999999,0.0,1993-11-06
4694.0,0.0,1993-11-07
4694.999999999999,0.0,1993-11-08
4696.0,0.0,1993-11-09
4696.999999999999,0.0,1993-11-10
4698.0,0.0,1993-11-11
4698.999999999999,0.0,1993-11-12
4700.0,0.0,1993-11-13
4700.999999999999,0.0,1993-11-14
4702.0,0.0,1993-11-15
4702.999999999999,0.0,1993-11-16
4704.0,0.0,1993-11-17
4704.999999999999,0.0,1993-11-18
4706.0,0.0,1993-11-19
4706.999999999999,0.0,1993-11-20
4708.0,0.0,1993-11-21
4708.999999999999,0.0,1993-11-22
4710.0,0.0,1993-11-23
4710.999999999999,0.0,1993-11-24
4712.0,0.0,1993-11-25
4713.0,0.0,1993-11-26
4713.999999999999,0.0,1993-11-27
4715.0,0.0,1993-11-28
4715.999999999999,0.0,1993-11-29
4717.0,0.0,1993-11-30
4717.999999999999,0.0,1993-12-01
4719.0,0.0,1993-12-02
4719.999999999999,0.0,1993-12-03
4721.0,0.0,1993-12-04
4721.999999999999,0.0,1993-12-05
4723.0,0.0,1993-12-06
4723.999999999999,0.0,1993-12-07
4725.0,0.0,1993-12-08
4725.999999999999,0.0,1993-12-09
4727.0,0.0,1993-12-10
4727.999999999999,0.0,1993-12-11
4729.0,0.0,1993-12-12
4729.999999999999,0.0,1993-12-13
4731.0,0.0,1993-12-14
4731.999999999999,0.0,1993-12-15
4733.0,0.0,1993-12-16
4733.999999999999,0.0,1993-12-17
4735.0,0.0,1993-12-18
4735.999999999999,0.0,1993-12-19
4737.0,0.0,1993-12-20
4737.999999999999,0.0,1993-12-21
4739.0,0.0,1993-12-22
4740.0,0.0,1993-12-23
4740.999999999999,0.0,1993-12-24
4742.0,0.0,1993-12-25
4742.999999999999,0.0,1993-12-26
4744.0,0.0,1993-12-27
4744.999999999999,0.0,1993-12-28
4746.0,0.0,1993-12-29
4746.999999999999,0.0,1993-12-30
4748.0,0.0,1993-12-31
4748.999999999999,0.0,1994-01-01
4750.0,0.0,1994-01-02
4750.999999999999,0.0,1994-01-03
4752.0,0.0,1994-01-04
4752.999999999999,0.0,1994-01-05
4754.0,0.0,1994-01-06
4754.999999999999,0.0,1994-01-07
4756.0,0.0,1994-01-08
4756.999999999999,0.0,1994-01-09
4758.0,0.0,1994-01-10
4758.999999999999,0.0,1994-01-11
4760.0,0.0,1994-01-12
4760.999999999999,0.0,1994-01-13
4762.0,0.0,1994-01-14
4762.999999999999,0.0,1994-01-15
4764.0,0.0,1994-01-16
4764.999999999999,0.0,1994-01-17
4765.999999999999,0.0,1994-01-18
4767.0,0.0,1994-01-19
4767.999999999999,0.0,1994-01-20
4769.0,0.0,1994-01-21
4769.999999999999,0.0,1994-01-22
4771.0,0.0,1994-01-23
4771.999999999999,0.0,1994-01-24
4773.0,0.0,1994-01-25
4773.999999999999,0.0,1994-01-26
4775.0,0.0,1994-01-27
4775.999999999999,0.0,1994-01-28
4777.0,0.0,1994-01-29
4777.999999999999,0.0,1994-01-30
4779.0,0.0,1994-01-31
4779.999999999999,0.0,1994-02-01
4781.0,0.0,1994-02-02
4781.999999999999,0.0,1994-02-03
4783.0,0.0,1994-02-04
4783.999999999999,0.0,1994-02-05
4785.0,0.0,1994-02-06
4785.999999999999,0.0,1994-02-07
4787.0,0.0,1994-02-08
4787.999999999999,0.0,1994-02-09
4789.0,0.0,1994-02-10
4789.999999999999,0.0,1994-02-11
4791.0,0.0,1994-02-12
4792.0,0.0,1994-02-13
4792.999999999999,0.0,1994-02-14
4794.0,0.0,1994-02-15
4794.999999999999,0.0,1994-02-16
4796.0,0.0,1994-02-17
4796.999999999999,0.0,1994-02-18
4798.0,0.0,1994-02-19
4798.999999999999,0.0,1994-02-20
4800.0,0.0,1994-02-21
4800.999999999999,0.0,1994-02-22
4802.0,0.0,1994-02-23
4802.999999999999,0.0,1994-02-24
4804.0,0.0,1994-02-25
4804.999999999999,0.0,1994-02-26
4806.0,0.0,1994-02-27
4806.999999999999,0.0,1994-02-28
4808.0,0.0,1994-03-01
4808.999999999999,0.0,1994-03-02
4810.0,0.0,1994-03-03
4810.999999999999,0.0,1994-03-04
4812.0,0.0,1994-03-05
4812.999999999999,0.0,1994-03-06
4814.0,0.0,1994-03-07
4814.999999999999,0.0,1994-03-08
4816.0,0.0,1994-03-09
4816.999999999999,0.0,1994-03-10
4818.0,0.0,1994-03-11
4819.0,0.0,1994-03-12
4819.999999999999,0.0,1994-03-13
4821.0,0.0,1994-03-14
4821.999999999999,0.0,1994-03-15
4823.0,0.0,1994-03-16
4823.999999999999,0.0,1994-03-17
4825.0,0.0,1994-03-18
4825.999999999999,0.0,1994-03-19
4827.0,0.0,1994-03-20
4827.999999999999,0.0,1994-03-21
4829.0,0.0,1994-03-22
4829.999999999999,0.0,1994-03-23
4831.0,0.0,1994-03-24
4831.999999999999,0.0,1994-03-25
4833.0,0.0,1994-03-26
4833.999999999999,0.0,1994-03-27
4835.0,0.0,1994-03-28
4835.999999999999,0.0,1994-03-29
4837.0,0.0,1994-03-30
4837.999999999999,0.0,1994-03-31
4839.0,0.0,1994-04-01
4839.999999999999,0.0,1994-04-02
4841.0,0.0,1994-04-03
4841.999999999999,0.0,1994-04-04
4843.0,0.0,1994-04-05
4843.999999999999,0.0,1994-04-06
4845.0,0.0,1994-04-07
4846.0,0.0,1994-04-08
4846.999999999999,0.0,1994-04-09
4848.0,0.0,1994-04-10
4848.999999999999,0.0,1994-04-11
4850.0,0.0,1994-04-12
4850.999999999999,0.0,1994-04-13
4852.0,0.0,1994-04-14
4852.999999999999,0.0,1994-04-15
4854.0,0.0,1994-04-16
4854.999999999999,0.0,1994-04-17
4856.0,0.0,1994-04-18
4856.999999999999,0.0,1994-04-19
4858.0,0.0,1994-04-20
4858.999999999999,0.0,1994-04-21
4860.0,0.0,1994-04-22
4860.999999999999,0.0,1994-04-23
4862.0,0.0,1994-04-24
4862.999999999999,0.0,1994-04-25
4864.0,0.0,1994-04-26
4864.999999999999,0.0,1994-04-27
4866.0,0.0,1994-04-28
4866.999999999999,0.0,1994-04-29
4868.0,0.0,1994-04-30
4868.999999999999,0.0,1994-05-01
4870.0,0.0,1994-05-02
4870.999999999999,0.0,1994-05-03
4871.999999999999,0.0,1994-05-04
4873.0,0.0,1994-05-05
4873.999999999999,0.0,1994-05-06
4875.0,0.0,1994-05-07
4875.999999999999,0.0,1994-05-08
4877.0,0.0,1994-05-09
4877.999999999999,0.0,1994-05-10
4879.0,0.0,1994-05-11
4879.999999999999,0.0,1994-05-12
4881.0,0.0,1994-05-13
4881.999999999999,0.0,1994-05-14
4883.0,0.0,1994-05-15
4883.999999999999,0.0,1994-05-16
4885.0,0.0,1994-05-17
4885.999999999999,0.0,1994-05-18
4887.0,0.0,1994-05-19
4887.999999999999,0.0,1994-05-20
4889.0,0.0,1994-05-21
4889.999999999999,0.0,1994-05-22
4891.0,0.0,1994-05-23
4891.999999999999,0.0,1994-05-24
4893.0,0.0,1994-05-25
4893.999999999999,0.0,1994-05-26
4895.0,0.0,1994-05-27
4895.999999999999,0.0,1994-05-28
4897.0,0.0,1994-05-29
4897.999999999999,0.0,1994-05-30
4898.999999999999,0.0,1994-05-31
4900.0,0.0,1994-06-01
4900.999999999999,0.0,1994-06-02
4902.0,0.0,1994-06-03
4902.999999999999,0.0,1994-06-04
4904.0,0.0,1994-06-05
4904.999999999999,0.0,1994-06-06
4906.0,0.0,1994-06-07
4906.999999999999,0.049999999999954525,1994-06-08
4908.0,0.07999999999992724,1994-06-09
4908.999999999999,0.09999999999990905,1994-06-10
4910.0,0.12000000000000455,1994-06-11
4910.999999999999,0.13999999999998636,1994-06-12
4912.0,0.15999999999996817,1994-06-13
4912.999999999999,0.16999999999995907,1994-06-14
4914.0,0.17999999999994998,1994-06-15
4914.999999999999,0.18999999999994088,1994-06-16
4916.0,0.18999999999994088,1994-06-17
4916.999999999999,0.18999999999994088,1994-06-18
4918.0,0.18999999999994088,1994-06-19
4918.999999999999,0.18999999999994088,1994-06-20
4920.0,0.18999999999994088,1994-06-21
4920.999999999999,0.18999999999994088,1994-06-22
4922.0,0.18999999999994088,1994-06-23
4922.999999999999,0.18999999999994088,1994-06-24
4924.0,0.18999999999994088,1994-06-25
4924.999999999999,0.17999999999994998,1994-06-26
4925.999999999999,0.17999999999994998,1994-06-27
4927.0,0.17999999999994998,1994-06-28
4927.999999999999,0.17999999999994998,1994-06-29
4929.0,0.18999999999994088,1994-06-30
4929.999999999999,0.2099999999999227,1994-07-01
4931.0,0.2199999999999136,1994-07-02
4931.999999999999,0.2299999999999045,1994-07-03
4933.0,0.2400000000000091,1994-07-04
4933.999999999999,0.25,1994-07-05
4935.0,0.25,1994-07-06
4935.999999999999,0.2599999999999909,1994-07-07
4937.0,0.2699999999999818,1994-07-08
4937.999999999999,0.2799999999999727,1994-07-09
4939.0,0.2799999999999727,1994-07-10
4939.999999999999,0.2899999999999636,1994-07-11
4941.0,0.2999999999999545,1994-07-12
4941.999999999999,0.30999999999994543,1994-07-13
4943.0,0.31999999999993634,1994-07-14
4943.999999999999,0.33999999999991815,1994-07-15
4945.0,0.33999999999991815,1994-07-16
4945.999999999999,0.34999999999990905,1994-07-17
4947.0,0.36999999999989086,1994-07-18
4947.999999999999,0.37999999999988177,1994-07-19
4949.0,0.38999999999998636,1994-07-20
4949.999999999999,0.39999999999997726,1994-07-21
4951.0,0.40999999999996817,1994-07-22
4951.999999999999,0.4199999999999591,1994-07-23
4952.999999999999,0.42999999999995,1994-07-24
4954.0,0.4399999999999409,1994-07-25
4954.999999999999,0.4499999999999318,1994-07-26
4956.0,0.4599999999999227,1994-07-27
4956.999999999999,0.4699999999999136,1994-07-28
4958.0,0.4899999999998954,1994-07-29
4958.999999999999,0.4999999999998863,1994-07-30
4960.0,0.5099999999999909,1994-07-31
4960.999999999999,0.5299999999999727,1994-08-01
4962.0,0.5399999999999636,1994-08-02
4962.999999999999,0.5499999999999545,1994-08-03
4964.0,0.5599999999999454,1994-08-04
4964.999999999999,0.5699999999999363,1994-08-05
4966.0,0.5799999999999272,1994-08-06
4966.999999999999,0.5899999999999181,1994-08-07
4968.0,0.6099999999999,1994-08-08
4968.999999999999,0.6199999999998909,1994-08-09
4970.0,0.6299999999998818,1994-08-10
4970.999999999999,0.6399999999999864,1994-08-11
4972.0,0.6499999999999773,1994-08-12
4972.999999999999,0.6499999999999773,1994-08-13
4974.0,0.6599999999999682,1994-08-14
4974.999999999999,0.6699999999999591,1994-08-15
4976.0,0.6699999999999591,1994-08-16
4976.999999999999,0.67999999999995,1994-08-17
4978.0,0.67999999999995,1994-08-18
4978.999999999999,0.6899999999999409,1994-08-19
4979.999999999999,0.6899999999999409,1994-08-20
4981.0,0.6899999999999409,1994-08-21
4981.999999999999,0.6999999999999318,1994-08-22
4983.0,0.6999999999999318,1994-08-23
4983.999999999999,0.6999999999999318,1994-08-24
4985.0,0.6999999999999318,1994-08-25
4985.999999999999,0.6999999999999318,1994-08-26
4987.0,0.6999999999999318,1994-08-27
4987.999999999999,0.7099999999999227,1994-08-28
4989.0,0.7099999999999227,1994-08-29
4989.999999999999,0.7099999999999227,1994-08-30
4991.0,0.7099999999999227,1994-08-31
4991.999999999999,0.7099999999999227,1994-09-01
4993.0,0.7099999999999227,1994-09-02
4993.999999999999,0.7099999999999227,1994-09-03
4995.0,0.7099999999999227,1994-09-04
4995.999999999999,0.6999999999999318,1994-09-05
4997.0,0.6999999999999318,1994-09-06
4997.999999999999,0.6999999999999318,1994-09-07
4999.0,0.6999999999999318,1994-09-08
4999.999999999999,0.6999999999999318,1994-09-09
5001.0,0.6999999999999318,1994-09-10
5001.999999999999,0.6999999999999318,1994-09-11
5003.0,0.6999999999999318,1994-09-12
5003.999999999999,0.6999999999999318,1994-09-13
5004.999999999999,0.6999999999999318,1994-09-14
5005.999999999999,0.6999999999999318,1994-09-15
5006.999999999999,0.0,1994-09-16
5008.0,0.0,1994-09-17
5008.999999999999,0.0,1994-09-18
5010.0,0.0,1994-09-19
5010.999999999999,0.0,1994-09-20
5012.0,0.0,1994-09-21
5012.999999999999,0.0,1994-09-22
5014.0,0.0,1994-09-23
5014.999999999999,0.0,1994-09-24
5016.0,0.0,1994-09-25
5016.999999999999,0.0,1994-09-26
5018.0,0.0,1994-09-27
5018.999999999999,0.0,1994-09-28
5020.0,0.0,1994-09-29
5020.999999999999,0.0,1994-09-30
5022.0,0.0,1994-10-01
5022.999999999999,0.0,1994-10-02
5024.0,0.0,1994-10-03
5024.999999999999,0.0,1994-10-04
5026.0,0.0,1994-10-05
5026.999999999999,0.0,1994-10-06
5028.0,0.0,1994-10-07
5028.999999999999,0.0,1994-10-08
5030.0,0.0,1994-10-09
5030.999999999999,0.0,1994-10-10
5031.999999999999,0.0,1994-10-11
5033.0,0.0,1994-10-12
5033.999999999999,0.0,1994-10-13
5035.0,0.0,1994-10-14
5035.999999999999,0.0,1994-10-15
5037.0,0.0,1994-10-16
5037.999999999999,0.0,1994-10-17
5039.0,0.0,1994-10-18
5039.999999999999,0.0,1994-10-19
5041.0,0.0,1994-10-20
5041.999999999999,0.0,1994-10-21
5043.0,0.0,1994-10-22
5043.999999999999,0.0,1994-10-23
5045.0,0.0,1994-10-24
5045.999999999999,0.0,1994-10-25
5047.0,0.0,1994-10-26
5047.999999999999,0.0,1994-10-27
5049.0,0.0,1994-10-28
5049.999999999999,0.0,1994-10-29
5051.0,0.0,1994-10-30
5051.999999999999,0.0,1994-10-31
5053.0,0.0,1994-11-01
5053.999999999999,0.0,1994-11-02
5055.0,0.0,1994-11-03
5055.999999999999,0.0,1994-11-04
5057.0,0.0,1994-11-05
5057.999999999999,0.0,1994-11-06
5058.999999999999,0.0,1994-11-07
5060.0,0.0,1994-11-08
5060.999999999999,0.0,1994-11-09
5062.0,0.0,1994-11-10
5062.999999999999,0.0,1994-11-11
5064.0,0.0,1994-11-12
5064.999999999999,0.0,1994-11-13
5066.0,0.0,1994-11-14
5066.999999999999,0.0,1994-11-15
5068.0,0.0,1994-11-16
5068.999999999999,0.0,1994-11-17
5070.0,0.0,1994-11-18
5070.999999999999,0.0,1994-11-19
5072.0,0.0,1994-11-20
5072.999999999999,0.0,1994-11-21
5074.0,0.0,1994-11-22
5074.999999999999,0.0,1994-11-23
5076.0,0.0,1994-11-24
5076.999999999999,0.0,1994-11-25
5078.0,0.0,1994-11-26
5078.999999999999,0.0,1994-11-27
5080.0,0.0,1994-11-28
5080.999999999999,0.0,1994-11-29
5082.0,0.0,1994-11-30
5082.999999999999,0.0,1994-12-01
5084.0,0.0,1994-12-02
5084.999999999999,0.0,1994-12-03
5085.999999999999,0.0,1994-12-04
5087.0,0.0,1994-12-05
5087.999999999999,0.0,1994-12-06
5089.0,0.0,1994-12-07
5089.999999999999,0.0,1994-12-08
5091.0,0.0,1994-12-09
5091.999999999999,0.0,1994-12-10
5093.0,0.0,1994-12-11
5093.999999999999,0.0,1994-12-12
5095.0,0.0,1994-12-13
5095.999999999999,0.0,1994-12-14
5097.0,0.0,1994-12-15
5097.999999999999,0.0,1994-12-16
5099.0,0.0,1994-12-17
5099.999999999999,0.0,1994-12-18
5101.0,0.0,1994-12-19
5101.999999999999,0.0,1994-12-20
5103.0,0.0,1994-12-21
5103.999999999999,0.0,1994-12-22
5105.0,0.0,1994-12-23
5105.999999999999,0.0,1994-12-24
5107.0,0.0,1994-12-25
5107.999999999999,0.0,1994-12-26
5109.0,0.0,1994-12-27
5109.999999999999,0.0,1994-12-28
5110.999999999999,0.0,1994-12-29
5111.999999999999,0.0,1994-12-30
5112.999999999999,0.0,1994-12-31
5114.0,0.0,1995-01-01
5114.999999999999,0.0,1995-01-02
5116.0,0.0,1995-01-03
5116.999999999999,0.0,1995-01-04
5118.0,0.0,1995-01-05
5118.999999999999,0.0,1995-01-06
5120.0,0.0,1995-01-07
5120.999999999999,0.0,1995-01-08
5122.0,0.0,1995-01-09
5122.999999999999,0.0,1995-01-10
5124.0,0.0,1995-01-11
5124.999999999999,0.0,1995-01-12
5126.0,0.0,1995-01-13
5126.999999999999,0.0,1995-01-14
5128.0,0.0,1995-01-15
5128.999999999999,0.0,1995-01-16
5130.0,0.0,1995-01-17
5130.999999999999,0.0,1995-01-18
5132.0,0.0,1995-01-19
5132.999999999999,0.0,1995-01-20
5134.0,0.0,1995-01-21
5134.999999999999,0.0,1995-01-22
5136.0,0.0,1995-01-23
5136.999999999999,0.0,1995-01-24
5137.999999999999,0.0,1995-01-25
5138.999999999999,0.0,1995-01-26
5139.999999999999,0.0,1995-01-27
5141.0,0.0,1995-01-28
5141.999999999999,0.0,1995-01-29
5143.0,0.0,1995-01-30
5143.999999999999,0.0,1995-01-31
5145.0,0.0,1995-02-01
5145.999999999999,0.0,1995-02-02
5147.0,0.0,1995-02-03
5147.999999999999,0.0,1995-02-04
5149.0,0.0,1995-02-05
5149.999999999999,0.0,1995-02-06
5151.0,0.0,1995-02-07
5151.999999999999,0.0,1995-02-08
5153.0,0.0,1995-02-09
5153.999999999999,0.0,1995-02-10
5155.0,0.0,1995-02-11
5155.999999999999,0.0,1995-02-12
5157.0,0.0,1995-02-13
5157.999999999999,0.0,1995-02-14
5159.0,0.0,1995-02-15
5159.999999999999,0.0,1995-02-16
5161.0,0.0,1995-02-17
5161.999999999999,0.0,1995-02-18
5163.0,0.0,1995-02-19
5163.999999999999,0.0,1995-02-20
5164.999999999999,0.0,1995-02-21
5165.999999999999,0.0,1995-02-22
5166.999999999999,0.0,1995-02-23
5168.0,0.0,1995-02-24
5168.999999999999,0.0,1995-02-25
5170.0,0.0,1995-02-26
5170.999999999999,0.0,1995-02-27
5172.0,0.0,1995-02-28
5172.999999999999,0.0,1995-03-01
5174.0,0.0,1995-03-02
5174.999999999999,0.0,1995-03-03
5176.0,0.0,1995-03-04
5176.999999999999,0.0,1995-03-05
5178.0,0.0,1995-03-06
5178.999999999999,0.0,1995-03-07
5180.0,0.0,1995-03-08
5180.999999999999,0.0,1995-03-09
5182.0,0.0,1995-03-10
5182.999999999999,0.0,1995-03-11
5184.0,0.0,1995-03-12
5184.999999999999,0.0,1995-03-13
5186.0,0.0,1995-03-14
5186.999999999999,0.0,1995-03-15
5188.0,0.0,1995-03-16
5188.999999999999,0.0,1995-03-17
5190.0,0.0,1995-03-18
5190.999999999999,0.0,1995-03-19
5191.999999999999,0.0,1995-03-20
5192.999999999999,0.0,1995-03-21
5193.999999999999,0.0,1995-03-22
5195.0,0.0,1995-03-23
5195.999999999999,0.0,1995-03-24
5197.0,0.0,1995-03-25
5197.999999999999,0.0,1995-03-26
5199.0,0.0,1995-03-27
5199.999999999999,0.0,1995-03-28
5201.0,0.0,1995-03-29
5201.999999999999,0.0,1995-03-30
5203.0,0.0,1995-03-31
5203.999999999999,0.0,1995-04-01
5205.0,0.0,1995-04-02
5205.999999999999,0.0,1995-04-03
5207.0,0.0,1995-04-04
5207.999999999999,0.0,1995-04-05
5209.0,0.0,1995-04-06
5209.999999999999,0.0,1995-04-07
5211.0,0.0,1995-04-08
5211.999999999999,0.0,1995-04-09
5213.0,0.0,1995-04-10
5213.999999999999,0.0,1995-04-11
5215.0,0.0,1995-04-12
5215.999999999999,0.0,1995-04-13
5217.0,0.0,1995-04-14
5217.999999999999,0.0,1995-04-15
5218.999999999999,0.0,1995-04-16
5219.999999999999,0.0,1995-04-17
5220.999999999999,0.0,1995-04-18
5222.0,0.0,1995-04-19
5222.999999999999,0.0,1995-04-20
5224.0,0.0,1995-04-21
5224.999999999999,0.0,1995-04-22
5226.0,0.0,1995-04-23
5226.999999999999,0.0,1995-04-24
5228.0,0.0,1995-04-25
5228.999999999999,0.0,1995-04-26
5230.0,0.0,1995-04-27
5230.999999999999,0.0,1995-04-28
5232.0,0.0,1995-04-29
5232.999999999999,0.0,1995-04-30
5234.0,0.0,1995-05-01
5234.999999999999,0.0,1995-05-02
5236.0,0.0,1995-05-03
5236.999999999999,0.0,1995-05-04
5238.0,0.0,1995-05-05
5238.999999999999,0.0,1995-05-06
5240.0,0.0,1995-05-07
5240.999999999999,0.0,1995-05-08
5242.0,0.0,1995-05-09
5242.999999999999,0.0,1995-05-10
5243.999999999999,0.0,1995-05-11
5244.999999999999,0.0,1995-05-12
5245.999999999999,0.009999999999990905,1995-05-13
5246.999999999999,0.03999999999996362,1995-05-14
5247.999999999999,0.03999999999996362,1995-05-15
5249.0,0.03999999999996362,1995-05-16
5249.999999999999,0.03999999999996362,1995-05-17
5251.0,0.03999999999996362,1995-05-18
5251.999999999999,0.0,1995-05-19
5253.0,0.0,1995-05-20
5253.999999999999,0.0,1995-05-21
5255.0,0.0,1995-05-22
5255.999999999999,0.0,1995-05-23
5257.0,0.029999999999972715,1995-05-24
5257.999999999999,0.05999999999994543,1995-05-25
5259.0,0.07999999999992724,1995-05-26
5259.999999999999,0.08999999999991815,1995-05-27
5261.0,0.09999999999990905,1995-05-28
5261.999999999999,0.10999999999989996,1995-05-29
5263.0,0.12000000000000455,1995-05-30
5263.999999999999,0.12999999999999545,1995-05-31
5265.0,0.13999999999998636,1995-06-01
5265.999999999999,0.13999999999998636,1995-06-02
5267.0,0.13999999999998636,1995-06-03
5267.999999999999,0.13999999999998636,1995-06-04
5269.0,0.12999999999999545,1995-06-05
5269.999999999999,0.12999999999999545,1995-06-06
5270.999999999999,0.13999999999998636,1995-06-07
5271.999999999999,0.15999999999996817,1995-06-08
5272.999999999999,0.16999999999995907,1995-06-09
5274.0,0.17999999999994998,1995-06-10
5274.999999999999,0.18999999999994088,1995-06-11
5276.0,0.1999999999999318,1995-06-12
5276.999999999999,0.1999999999999318,1995-06-13
5278.0,0.2099999999999227,1995-06-14
5278.999999999999,0.2199999999999136,1995-06-15
5280.0,0.2299999999999045,1995-06-16
5280.999999999999,0.2400000000000091,1995-06-17
5282.0,0.25,1995-06-18
5282.999999999999,0.2599999999999909,1995-06-19
5284.0,0.2699999999999818,1995-06-20
5284.999999999999,0.2699999999999818,1995-06-21
5286.0,0.2799999999999727,1995-06-22
5286.999999999999,0.2899999999999636,1995-06-23
5288.0,0.2899999999999636,1995-06-24
5288.999999999999,0.2899999999999636,1995-06-25
5290.0,0.2999999999999545,1995-06-26
5290.999999999999,0.2999999999999545,1995-06-27
5292.0,0.2999999999999545,1995-06-28
5292.999999999999,0.2999999999999545,1995-06-29
5294.0,0.30999999999994543,1995-06-30
5294.999999999999,0.31999999999993634,1995-07-01
5296.0,0.33999999999991815,1995-07-02
5296.999999999999,0.34999999999990905,1995-07-03
5297.999999999999,0.36999999999989086,1995-07-04
5298.999999999999,0.37999999999988177,1995-07-05
5299.999999999999,0.38999999999998636,1995-07-06
5301.0,0.39999999999997726,1995-07-07
5301.999999999999,0.4199999999999591,1995-07-08
5303.0,0.42999999999995,1995-07-09
5303.999999999999,0.4399999999999409,1995-07-10
5305.0,0.4499999999999318,1995-07-11
5305.999999999999,0.4599999999999227,1995-07-12
5307.0,0.4699999999999136,1995-07-13
5307.999999999999,0.4899999999998954,1995-07-14
5309.0,0.4999999999998863,1995-07-15
5309.999999999999,0.5099999999999909,1995-07-16
5311.0,0.5199999999999818,1995-07-17
5311.999999999999,0.5299999999999727,1995-07-18
5313.0,0.5399999999999636,1995-07-19
5313.999999999999,0.5499999999999545,1995-07-20
5315.0,0.5599999999999454,1995-07-21
5315.999999999999,0.5699999999999363,1995-07-22
5317.0,0.5699999999999363,1995-07-23
5317.999999999999,0.5799999999999272,1995-07-24
5319.0,0.5899999999999181,1995-07-25
5319.999999999999,0.5899999999999181,1995-07-26
5321.0,0.5899999999999181,1995-07-27
5321.999999999999,0.599999999999909,1995-07-28
5323.0,0.599999999999909,1995-07-29
5323.999999999999,0.6099999999999,1995-07-30
5324.999999999999,0.6099999999999,1995-07-31
5325.999999999999,0.6199999999998909,1995-08-01
5326.999999999999,0.6299999999998818,1995-08-02
5328.0,0.6399999999999864,1995-08-03
5328.999999999999,0.6399999999999864,1995-08-04
5330.0,0.6499999999999773,1995-08-05
5330.999999999999,0.6499999999999773,1995-08-06
5332.0,0.6499999999999773,1995-08-07
5332.999999999999,0.6499999999999773,1995-08-08
5334.0,0.6499999999999773,1995-08-09
5334.999999999999,0.6599999999999682,1995-08-10
5336.0,0.6599999999999682,1995-08-11
5336.999999999999,0.6699999999999591,1995-08-12
5338.0,0.67999999999995,1995-08-13
5338.999999999999,0.67999999999995,1995-08-14
5340.0,0.6899999999999409,1995-08-15
5340.999999999999,0.6899999999999409,1995-08-16
5342.0,0.6999999999999318,1995-08-17
5342.999999999999,0.6999999999999318,1995-08-18
5344.0,0.6999999999999318,1995-08-19
5344.999999999999,0.6999999999999318,1995-08-20
5346.0,0.6999999999999318,1995-08-21
5346.999999999999,0.7099999999999227,1995-08-22
5348.0,0.7099999999999227,1995-08-23
5348.999999999999,0.7099999999999227,1995-08-24
5349.999999999999,0.7099999999999227,1995-08-25
5350.999999999999,0.7099999999999227,1995-08-26
5351.999999999999,0.7199999999999136,1995-08-27
5352.999999999999,0.7199999999999136,1995-08-28
5353.999999999999,0.7199999999999136,1995-08-29
5355.0,0.7199999999999136,1995-08-30
5355.999999999999,0.7199999999999136,1995-08-31
5357.0,0.7199999999999136,1995-09-01
5357.999999999999,0.7199999999999136,1995-09-02
5359.0,0.7199999999999136,1995-09-03
5359.999999999999,0.7199999999999136,1995-09-04
5361.0,0.7199999999999136,1995-09-05
5361.999999999999,0.7199999999999136,1995-09-06
5363.0,0.7199999999999136,1995-09-07
5363.999999999999,0.7099999999999227,1995-09-08
5365.0,0.7099999999999227,1995-09-09
5365.999999999999,0.7099999999999227,1995-09-10
5367.0,0.7099999999999227,1995-09-11
5367.999999999999,0.7099999999999227,1995-09-12
5369.0,0.7099999999999227,1995-09-13
5369.999999999999,0.7099999999999227,1995-09-14
5371.0,0.7099999999999227,1995-09-15
5371.999999999999,0.7099999999999227,1995-09-16
5373.0,0.7099999999999227,1995-09-17
5373.999999999999,0.6999999999999318,1995-09-18
5375.0,0.6999999999999318,1995-09-19
5375.999999999999,0.6999999999999318,1995-09-20
5376.999999999999,0.6999999999999318,1995-09-21
5377.999999999999,0.6999999999999318,1995-09-22
5378.999999999999,0.6999999999999318,1995-09-23
5379.999999999999,0.6999999999999318,1995-09-24
5380.999999999999,0.6999999999999318,1995-09-25
5382.0,0.6999999999999318,1995-09-26
5382.999999999999,0.6999999999999318,1995-09-27
5384.0,0.6999999999999318,1995-09-28
5384.999999999999,0.0,1995-09-29
5386.0,0.0,1995-09-30
5386.999999999999,0.0,1995-10-01
5388.0,0.0,1995-10-02
5388.999999999999,0.0,1995-10-03
5390.0,0.0,1995-10-04
5390.999999999999,0.0,1995-10-05
5392.0,0.0,1995-10-06
5392.999999999999,0.0,1995-10-07
5394.0,0.0,1995-10-08
5394.999999999999,0.0,1995-10-09
5396.0,0.0,1995-10-10
5396.999999999999,0.0,1995-10-11
5398.0,0.0,1995-10-12
5398.999999999999,0.0,1995-10-13
5400.0,0.0,1995-10-14
5400.999999999999,0.0,1995-10-15
5402.0,0.0,1995-10-16
5402.999999999999,0.0,1995-10-17
5403.999999999999,0.0,1995-10-18
5404.999999999999,0.0,1995-10-19
5405.999999999999,0.0,1995-10-20
5406.999999999999,0.0,1995-10-21
5407.999999999999,0.0,1995-10-22
5409.0,0.0,1995-10-23
5409.999999999999,0.0,1995-10-24
5411.0,0.0,1995-10-25
5411.999999999999,0.0,1995-10-26
5413.0,0.0,1995-10-27
5413.999999999999,0.0,1995-10-28
5415.0,0.0,1995-10-29
5415.999999999999,0.0,1995-10-30
5417.0,0.0,1995-10-31
5417.999999999999,0.0,1995-11-01
5419.0,0.0,1995-11-02
5419.999999999999,0.0,1995-11-03
5421.0,0.0,1995-11-04
5421.999999999999,0.0,1995-11-05
5423.0,0.0,1995-11-06
5423.999999999999,0.0,1995-11-07
5425.0,0.0,1995-11-08
5425.999999999999,0.0,1995-11-09
5427.0,0.0,1995-11-10
5427.999999999999,0.0,1995-11-11
5429.0,0.0,1995-11-12
5429.999999999999,0.0,1995-11-13
5430.999999999999,0.0,1995-11-14
5431.999999999999,0.0,1995-11-15
5432.999999999999,0.0,1995-11-16
5433.999999999999,0.0,1995-11-17
5434.999999999999,0.0,1995-11-18
5436.0,0.0,1995-11-19
5436.999999999999,0.0,1995-11-20
5438.0,0.0,1995-11-21
5438.999999999999,0.0,1995-11-22
5440.0,0.0,1995-11-23
5440.999999999999,0.0,1995-11-24
5442.0,0.0,1995-11-25
5442.999999999999,0.0,1995-11-26
5444.0,0.0,1995-11-27
5444.999999999999,0.0,1995-11-28
5446.0,0.0,1995-11-29
5446.999999999999,0.0,1995-11-30
5448.0,0.0,1995-12-01
5448.999999999999,0.0,1995-12-02
5450.0,0.0,1995-12-03
5450.999999999999,0.0,1995-12-04
5452.0,0.0,1995-12-05
5452.999999999999,0.0,1995-12-06
5454.0,0.0,1995-12-07
5454.999999999999,0.0,1995-12-08
5456.0,0.0,1995-12-09
5456.999999999999,0.0,1995-12-10
5457.999999999999,0.0,1995-12-11
5458.999999999999,0.0,1995-12-12
5459.999999999999,0.0,1995-12-13
5460.999999999999,0.0,1995-12-14
5461.999999999999,0.0,1995-12-15
5463.0,0.0,1995-12-16
5463.999999999999,0.0,1995-12-17
5465.0,0.0,1995-12-18
5465.999999999999,0.0,1995-12-19
5467.0,0.0,1995-12-20
5467.999999999999,0.0,1995-12-21
5469.0,0.0,1995-12-22
5469.999999999999,0.0,1995-12-23
5471.0,0.0,1995-12-24
5471.999999999999,0.0,1995-12-25
5473.0,0.0,1995-12-26
5473.999999999999,0.0,1995-12-27
5475.0,0.0,1995-12-28
5475.999999999999,0.0,1995-12-29
5477.0,0.0,1995-12-30
5477.999999999999,0.0,1995-12-31
5479.0,0.0,1996-01-01
5479.999999999999,0.0,1996-01-02
5481.0,0.0,1996-01-03
5481.999999999999,0.0,1996-01-04
5482.999999999999,0.0,1996-01-05
5483.999999999999,0.0,1996-01-06
5484.999999999999,0.0,1996-01-07
5485.999999999999,0.0,1996-01-08
5486.999999999999,0.0,1996-01-09
5488.0,0.0,1996-01-10
5488.999999999999,0.0,1996-01-11
5490.0,0.0,1996-01-12
5490.999999999999,0.0,1996-01-13
5492.0,0.0,1996-01-14
5492.999999999999,0.0,1996-01-15
5494.0,0.0,1996-01-16
5494.999999999999,0.0,1996-01-17
5496.0,0.0,1996-01-18
5496.999999999999,0.0,1996-01-19
5498.0,0.0,1996-01-20
5498.999999999999,0.0,1996-01-21
5500.0,0.0,1996-01-22
5500.999999999999,0.0,1996-01-23
5502.0,0.0,1996-01-24
5502.999999999999,0.0,1996-01-25
5504.0,0.0,1996-01-26
5504.999999999999,0.0,1996-01-27
5506.0,0.0,1996-01-28
5506.999999999999,0.0,1996-01-29
5508.0,0.0,1996-01-30
5508.999999999999,0.0,1996-01-31
5509.999999999999,0.0,1996-02-01
5510.999999999999,0.0,1996-02-02
5511.999999999999,0.0,1996-02-03
5512.999999999999,0.0,1996-02-04
5513.999999999999,0.0,1996-02-05
5515.0,0.0,1996-02-06
5515.999999999999,0.0,1996-02-07
5517.0,0.0,1996-02-08
5517.999999999999,0.0,1996-02-09
5519.0,0.0,1996-02-10
5519.999999999999,0.0,1996-02-11
5521.0,0.0,1996-02-12
5521.999999999999,0.0,1996-02-13
5523.0,0.0,1996-02-14
5523.999999999999,0.0,1996-02-15
5525.0,0.0,1996-02-16
5525.999999999999,0.0,1996-02-17
5527.0,0.0,1996-02-18
5527.999999999999,0.0,1996-02-19
5529.0,0.0,1996-02-20
5529.999999999999,0.0,1996-02-21
5531.0,0.0,1996-02-22
5531.999999999999,0.0,1996-02-23
5533.0,0.0,1996-02-24
5533.999999999999,0.0,1996-02-25
5535.0,0.0,1996-02-26
5535.999999999999,0.0,1996-02-27
5536.999999999999,0.0,1996-02-28
5537.999999999999,0.0,1996-02-29
5538.999999999999,0.0,1996-03-01
5539.999999999999,0.0,1996-03-02
5540.999999999999,0.0,1996-03-03
5542.0,0.0,1996-03-04
5542.999999999999,0.0,1996-03-05
5544.0,0.0,1996-03-06
5544.999999999999,0.0,1996-03-07
5546.0,0.0,1996-03-08
5546.999999999999,0.0,1996-03-09
5548.0,0.0,1996-03-10
5548.999999999999,0.0,1996-03-11
5550.0,0.0,1996-03-12
5550.999999999999,0.0,1996-03-13
5552.0,0.0,1996-03-14
5552.999999999999,0.0,1996-03-15
5554.0,0.0,1996-03-16
5554.999999999999,0.0,1996-03-17
5556.0,0.0,1996-03-18
5556.999999999999,0.0,1996-03-19
5558.0,0.0,1996-03-20
5558.999999999999,0.0,1996-03-21
5560.0,0.0,1996-03-22
5560.999999999999,0.0,1996-03-23
5562.0,0.0,1996-03-24
5562.999999999999,0.0,1996-03-25
5563.999999999999,0.0,1996-03-26
5564.999999999999,0.0,1996-03-27
5565.999999999999,0.0,1996-03-28
5566.999999999999,0.0,1996-03-29
5567.999999999999,0.0,1996-03-30
5569.0,0.0,1996-03-31
5569.999999999999,0.0,1996-04-01
5571.0,0.0,1996-04-02
5571.999999999999,0.0,1996-04-03
5573.0,0.0,1996-04-04
5573.999999999999,0.0,1996-04-05
5575.0,0.0,1996-04-06
5575.999999999999,0.0,1996-04-07
5577.0,0.0,1996-04-08
5577.999999999999,0.0,1996-04-09
5579.0,0.0,1996-04-10
5579.999999999999,0.0,1996-04-11
5581.0,0.0,1996-04-12
5581.999999999999,0.0,1996-04-13
5583.0,0.0,1996-04-14
5583.999999999999,0.0,1996-04-15
5585.0,0.0,1996-04-16
5585.999999999999,0.0,1996-04-17
5587.0,0.0,1996-04-18
5587.999999999999,0.0,1996-04-19
5589.0,0.0,1996-04-20
5589.999999999999,0.0,1996-04-21
5590.999999999999,0.0,1996-04-22
5591.999999999999,0.0,1996-04-23
5592.999999999999,0.0,1996-04-24
5593.999999999999,0.0,1996-04-25
5594.999999999999,0.0,1996-04-26
5596.0,0.0,1996-04-27
5596.999999999999,0.0,1996-04-28
5598.0,0.0,1996-04-29
5598.999999999999,0.0,1996-04-30
5600.0,0.0,1996-05-01
5600.999999999999,0.0,1996-05-02
5602.0,0.0,1996-05-03
5602.999999999999,0.0,1996-05-04
5604.0,0.0,1996-05-05
5604.999999999999,0.0,1996-05-06
5606.0,0.0,1996-05-07
5606.999999999999,0.0,1996-05-08
5608.0,0.0,1996-05-09
5608.999999999999,0.0,1996-05-10
5610.0,0.0,1996-05-11
5610.999999999999,0.0,1996-05-12
5612.0,0.0,1996-05-13
5612.999999999999,0.0,1996-05-14
5614.0,0.0,1996-05-15
5614.999999999999,0.0,1996-05-16
5615.999999999999,0.0,1996-05-17
5616.999999999999,0.0,1996-05-18
5617.999999999999,0.0,1996-05-19
5618.999999999999,0.0,1996-05-20
5619.999999999999,0.0,1996-05-21
5620.999999999999,0.0,1996-05-22
5621.999999999999,0.0,1996-05-23
5623.0,0.0,1996-05-24
5623.999999999999,0.0,1996-05-25
5625.0,0.0,1996-05-26
5625.999999999999,0.0,1996-05-27
5627.0,0.0,1996-05-28
5627.999999999999,0.0,1996-05-29
5629.0,0.0,1996-05-30
5629.999999999999,0.0,1996-05-31
5631.0,0.0,1996-06-01
5631.999999999999,0.0,1996-06-02
5633.0,0.0,1996-06-03
5633.999999999999,0.0,1996-06-04
5635.0,0.0,1996-06-05
5635.999999999999,0.029999999999972715,1996-06-06
5637.0,0.049999999999954525,1996-06-07
5637.999999999999,0.06999999999993634,1996-06-08
5639.0,0.08999999999991815,1996-06-09
5639.999999999999,0.09999999999990905,1996-06-10
5641.0,0.10999999999989996,1996-06-11
5641.999999999999,0.12999999999999545,1996-06-12
5642.999999999999,0.13999999999998636,1996-06-13
5643.999999999999,0.15999999999996817,1996-06-14
5644.999999999999,0.16999999999995907,1996-06-15
5645.999999999999,0.18999999999994088,1996-06-16
5646.999999999999,0.1999999999999318,1996-06-17
5647.999999999999,0.2099999999999227,1996-06-18
5648.999999999999,0.2199999999999136,1996-06-19
5650.0,0.2299999999999045,1996-06-20
5650.999999999999,0.2400000000000091,1996-06-21
5652.0,0.25,1996-06-22
5652.999999999999,0.25,1996-06-23
5654.0,0.25,1996-06-24
5654.999999999999,0.2599999999999909,1996-06-25
5656.0,0.2599999999999909,1996-06-26
5656.999999999999,0.2699999999999818,1996-06-27
5658.0,0.2699999999999818,1996-06-28
5658.999999999999,0.2799999999999727,1996-06-29
5660.0,0.2799999999999727,1996-06-30
5660.999999999999,0.2899999999999636,1996-07-01
5662.0,0.2899999999999636,1996-07-02
5662.999999999999,0.2999999999999545,1996-07-03
5664.0,0.30999999999994543,1996-07-04
5664.999999999999,0.31999999999993634,1996-07-05
5666.0,0.31999999999993634,1996-07-06
5666.999999999999,0.33999999999991815,1996-07-07
5668.0,0.34999999999990905,1996-07-08
5668.999999999999,0.35999999999989996,1996-07-09
5669.999999999999,0.35999999999989996,1996-07-10
5670.999999999999,0.36999999999989086,1996-07-11
5671.999999999999,0.37999999999988177,1996-07-12
5672.999999999999,0.38999999999998636,1996-07-13
5673.999999999999,0.39999999999997726,1996-07-14
5674.999999999999,0.40999999999996817,1996-07-15
5675.999999999999,0.4199999999999591,1996-07-16
5677.0,0.4199999999999591,1996-07-17
5677.999999999999,0.42999999999995,1996-07-18
5679.0,0.4399999999999409,1996-07-19
5679.999999999999,0.4499999999999318,1996-07-20
5681.0,0.4599999999999227,1996-07-21
5681.999999999999,0.4699999999999136,1996-07-22
5683.0,0.4699999999999136,1996-07-23
5683.999999999999,0.4799999999999045,1996-07-24
5685.0,0.4899999999998954,1996-07-25
5685.999999999999,0.4999999999998863,1996-07-26
5687.0,0.4999999999998863,1996-07-27
5687.999999999999,0.5099999999999909,1996-07-28
5689.0,0.5199999999999818,1996-07-29
5689.999999999999,0.5199999999999818,1996-07-30
5691.0,0.5199999999999818,1996-07-31
5691.999999999999,0.5299999999999727,1996-08-01
5693.0,0.5299999999999727,1996-08-02
5693.999999999999,0.5299999999999727,1996-08-03
5695.0,0.5399999999999636,1996-08-04
5695.999999999999,0.5399999999999636,1996-08-05
5696.999999999999,0.5399999999999636,1996-08-06
5697.999999999999,0.5499999999999545,1996-08-07
5698.999999999999,0.5499999999999545,1996-08-08
5699.999999999999,0.5499999999999545,1996-08-09
5700.999999999999,0.5499999999999545,1996-08-10
5701.999999999999,0.5499999999999545,1996-08-11
5702.999999999999,0.5599999999999454,1996-08-12
5704.0,0.5599999999999454,1996-08-13
5704.999999999999,0.5599999999999454,1996-08-14
5706.0,0.5599999999999454,1996-08-15
5706.999999999999,0.5599999999999454,1996-08-16
5708.0,0.5699999999999363,1996-08-17
5708.999999999999,0.5699999999999363,1996-08-18
5710.0,0.5699999999999363,1996-08-19
5710.999999999999,0.5799999999999272,1996-08-20
5712.0,0.5799999999999272,1996-08-21
5712.999999999999,0.5799999999999272,1996-08-22
5714.0,0.5799999999999272,1996-08-23
5714.999999999999,0.5799999999999272,1996-08-24
5716.0,0.5799999999999272,1996-08-25
5716.999999999999,0.5799999999999272,1996-08-26
5718.0,0.5799999999999272,1996-08-27
5718.999999999999,0.5799999999999272,1996-08-28
5720.0,0.5799999999999272,1996-08-29
5720.999999999999,0.5799999999999272,1996-08-30
5721.999999999999,0.5799999999999272,1996-08-31
5722.999999999999,0.5799999999999272,1996-09-01
5723.999999999999,0.5699999999999363,1996-09-02
5724.999999999999,0.5699999999999363,1996-09-03
5725.999999999999,0.5699999999999363,1996-09-04
5726.999999999999,0.5699999999999363,1996-09-05
5727.999999999999,0.5699999999999363,1996-09-06
5729.0,0.5699999999999363,1996-09-07
5729.999999999999,0.5699999999999363,1996-09-08
5731.0,0.0,1996-09-09
5731.999999999999,0.0,1996-09-10
5733.0,0.0,1996-09-11
5733.999999999999,0.0,1996-09-12
5735.0,0.0,1996-09-13
5735.999999999999,0.0,1996-09-14
5737.0,0.0,1996-09-15
5737.999999999999,0.0,1996-09-16
5739.0,0.0,1996-09-17
5739.999999999999,0.0,1996-09-18
5741.0,0.0,1996-09-19
5741.999999999999,0.0,1996-09-20
5743.0,0.0,1996-09-21
5743.999999999999,0.0,1996-09-22
5745.0,0.0,1996-09-23
5745.999999999999,0.0,1996-09-24
5747.0,0.0,1996-09-25
5747.999999999999,0.0,1996-09-26
5748.999999999999,0.0,1996-09-27
5749.999999999999,0.0,1996-09-28
5750.999999999999,0.0,1996-09-29
5751.999999999999,0.0,1996-09-30
5752.999999999999,0.0,1996-10-01
5753.999999999999,0.0,1996-10-02
5754.999999999999,0.0,1996-10-03
5756.0,0.0,1996-10-04
5756.999999999999,0.0,1996-10-05
5758.0,0.0,1996-10-06
5758.999999999999,0.0,1996-10-07
5760.0,0.0,1996-10-08
5760.999999999999,0.0,1996-10-09
5762.0,0.0,1996-10-10
5762.999999999999,0.0,1996-10-11
5764.0,0.0,1996-10-12
5764.999999999999,0.0,1996-10-13
5766.0,0.0,1996-10-14
5766.999999999999,0.0,1996-10-15
5768.0,0.0,1996-10-16
5768.999999999999,0.0,1996-10-17
5770.0,0.0,1996-10-18
5770.999999999999,0.0,1996-10-19
5772.0,0.0,1996-10-20
5772.999999999999,0.0,1996-10-21
5774.0,0.0,1996-10-22
5774.999999999999,0.0,1996-10-23
5775.999999999999,0.0,1996-10-24
5776.999999999999,0.0,1996-10-25
5777.999999999999,0.0,1996-10-26
5778.999999999999,0.0,1996-10-27
5779.999999999999,0.0,1996-10-28
5780.999999999999,0.0,1996-10-29
5781.999999999999,0.0,1996-10-30
5783.0,0.0,1996-10-31
5783.999999999999,0.0,1996-11-01
5785.0,0.0,1996-11-02
5785.999999999999,0.0,1996-11-03
5787.0,0.0,1996-11-04
5787.999999999999,0.0,1996-11-05
5789.0,0.0,1996-11-06
5789.999999999999,0.0,1996-11-07
5791.0,0.0,1996-11-08
5791.999999999999,0.0,1996-11-09
5793.0,0.0,1996-11-10
5793.999999999999,0.0,1996-11-11
5795.0,0.0,1996-11-12
5795.999999999999,0.0,1996-11-13
5797.0,0.0,1996-11-14
5797.999999999999,0.0,1996-11-15
5799.0,0.0,1996-11-16
5799.999999999999,0.0,1996-11-17
5801.0,0.0,1996-11-18
5801.999999999999,0.0,1996-11-19
5802.999999999999,0.0,1996-11-20
5803.999999999999,0.0,1996-11-21
5804.999999999999,0.0,1996-11-22
5805.999999999999,0.0,1996-11-23
5806.999999999999,0.0,1996-11-24
5807.999999999999,0.0,1996-11-25
5808.999999999999,0.0,1996-11-26
5810.0,0.0,1996-11-27
5810.999999999999,0.0,1996-11-28
5812.0,0.0,1996-11-29
5812.999999999999,0.0,1996-11-30
5814.0,0.0,1996-12-01
5814.999999999999,0.0,1996-12-02
5816.0,0.0,1996-12-03
5816.999999999999,0.0,1996-12-04
5818.0,0.0,1996-12-05
5818.999999999999,0.0,1996-12-06
5820.0,0.0,1996-12-07
5820.999999999999,0.0,1996-12-08
5822.0,0.0,1996-12-09
5822.999999999999,0.0,1996-12-10
5824.0,0.0,1996-12-11
5824.999999999999,0.0,1996-12-12
5826.0,0.0,1996-12-13
5826.999999999999,0.0,1996-12-14
5828.0,0.0,1996-12-15
5828.999999999999,0.0,1996-12-16
5829.999999999999,0.0,1996-12-17
5830.999999999999,0.0,1996-12-18
5831.999999999999,0.0,1996-12-19
5832.999999999999,0.0,1996-12-20
5833.999999999999,0.0,1996-12-21
5834.999999999999,0.0,1996-12-22
5835.999999999999,0.0,1996-12-23
5837.0,0.0,1996-12-24
5837.999999999999,0.0,1996-12-25
5839.0,0.0,1996-12-26
5839.999999999999,0.0,1996-12-27
5841.0,0.0,1996-12-28
5841.999999999999,0.0,1996-12-29
5843.0,0.0,1996-12-30
5843.999999999999,0.0,1996-12-31
5845.0,0.0,1997-01-01
5845.999999999999,0.0,1997-01-02
5846.999999999999,0.0,1997-01-03
5848.0,0.0,1997-01-04
5849.0,0.0,1997-01-05
5849.999999999999,0.0,1997-01-06
5850.999999999999,0.0,1997-01-07
5852.0,0.0,1997-01-08
5853.0,0.0,1997-01-09
5853.999999999999,0.0,1997-01-10
5854.999999999999,0.0,1997-01-11
5856.0,0.0,1997-01-12
5856.999999999999,0.0,1997-01-13
5857.999999999999,0.0,1997-01-14
5858.999999999999,0.0,1997-01-15
5860.0,0.0,1997-01-16
5860.999999999999,0.0,1997-01-17
5861.999999999999,0.0,1997-01-18
5863.0,0.0,1997-01-19
5864.0,0.0,1997-01-20
5864.999999999999,0.0,1997-01-21
5865.999999999999,0.0,1997-01-22
5867.0,0.0,1997-01-23
5868.0,0.0,1997-01-24
5868.999999999999,0.0,1997-01-25
5869.999999999999,0.0,1997-01-26
5871.0,0.0,1997-01-27
5872.0,0.0,1997-01-28
5872.999999999999,0.0,1997-01-29
5873.999999999999,0.0,1997-01-30
5875.0,0.0,1997-01-31
5876.0,0.0,1997-02-01
5876.999999999999,0.0,1997-02-02
5877.999999999999,0.0,1997-02-03
5879.0,0.0,1997-02-04
5880.0,0.0,1997-02-05
5880.999999999999,0.0,1997-02-06
5881.999999999999,0.0,1997-02-07
5883.0,0.0,1997-02-08
5883.999999999999,0.0,1997-02-09
5884.999999999999,0.0,1997-02-10
5885.999999999999,0.0,1997-02-11
5887.0,0.0,1997-02-12
5887.999999999999,0.0,1997-02-13
5888.999999999999,0.0,1997-02-14
5890.0,0.0,1997-02-15
5891.0,0.0,1997-02-16
5891.999999999999,0.0,1997-02-17
5892.999999999999,0.0,1997-02-18
5894.0,0.0,1997-02-19
5895.0,0.0,1997-02-20
5895.999999999999,0.0,1997-02-21
5896.999999999999,0.0,1997-02-22
5898.0,0.0,1997-02-23
5899.0,0.0,1997-02-24
5899.999999999999,0.0,1997-02-25
5900.999999999999,0.0,1997-02-26
5902.0,0.0,1997-02-27
5903.0,0.0,1997-02-28
5903.999999999999,0.0,1997-03-01
5904.999999999999,0.0,1997-03-02
5906.0,0.0,1997-03-03
5907.0,0.0,1997-03-04
5907.999999999999,0.0,1997-03-05
5908.999999999999,0.0,1997-03-06
5910.0,0.0,1997-03-07
5910.999999999999,0.0,1997-03-08
5911.999999999999,0.0,1997-03-09
5912.999999999999,0.0,1997-03-10
5914.0,0.0,1997-03-11
5914.999999999999,0.0,1997-03-12
5915.999999999999,0.0,1997-03-13
5917.0,0.0,1997-03-14
5918.0,0.0,1997-03-15
5918.999999999999,0.0,1997-03-16
5919.999999999999,0.0,1997-03-17
5921.0,0.0,1997-03-18
5922.0,0.0,1997-03-19
5922.999999999999,0.0,1997-03-20
5923.999999999999,0.0,1997-03-21
5925.0,0.0,1997-03-22
5926.0,0.0,1997-03-23
5926.999999999999,0.0,1997-03-24
5927.999999999999,0.0,1997-03-25
5929.0,0.0,1997-03-26
5930.0,0.0,1997-03-27
5930.999999999999,0.0,1997-03-28
5931.999999999999,0.0,1997-03-29
5933.0,0.0,1997-03-30
5934.0,0.0,1997-03-31
5934.999999999999,0.0,1997-04-01
5935.999999999999,0.0,1997-04-02
5937.0,0.0,1997-04-03
5937.999999999999,0.0,1997-04-04
5938.999999999999,0.0,1997-04-05
5939.999999999999,0.0,1997-04-06
5941.0,0.0,1997-04-07
5941.999999999999,0.0,1997-04-08
5942.999999999999,0.0,1997-04-09
5944.0,0.0,1997-04-10
5945.0,0.0,1997-04-11
5945.999999999999,0.0,1997-04-12
5946.999999999999,0.0,1997-04-13
5948.0,0.0,1997-04-14
5949.0,0.0,1997-04-15
5949.999999999999,0.0,1997-04-16
5950.999999999999,0.0,1997-04-17
5952.0,0.0,1997-04-18
5953.0,0.0,1997-04-19
5953.999999999999,0.0,1997-04-20
5954.999999999999,0.0,1997-04-21
5956.0,0.0,1997-04-22
5957.0,0.0,1997-04-23
5957.999999999999,0.0,1997-04-24
5958.999999999999,0.0,1997-04-25
5960.0,0.0,1997-04-26
5960.999999999999,0.0,1997-04-27
5961.999999999999,0.0,1997-04-28
5962.999999999999,0.0,1997-04-29
5964.0,0.0,1997-04-30
5964.999999999999,0.0,1997-05-01
5965.999999999999,0.0,1997-05-02
5966.999999999999,0.0,1997-05-03
5968.0,0.0,1997-05-04
5968.999999999999,0.0,1997-05-05
5969.999999999999,0.0,1997-05-06
5971.0,0.0,1997-05-07
5972.0,0.0,1997-05-08
5972.999999999999,0.0,1997-05-09
5973.999999999999,0.0,1997-05-10
5975.0,0.0,1997-05-11
5976.0,0.0,1997-05-12
5976.999999999999,0.0,1997-05-13
5977.999999999999,0.0,1997-05-14
5979.0,0.0,1997-05-15
5980.0,0.0,1997-05-16
5980.999999999999,0.0,1997-05-17
5981.999999999999,0.0,1997-05-18
5983.0,0.0,1997-05-19
5984.0,0.0,1997-05-20
5984.999999999999,0.0,1997-05-21
5985.999999999999,0.0,1997-05-22
5987.0,0.0,1997-05-23
5987.999999999999,0.0,1997-05-24
5988.999999999999,0.0,1997-05-25
5989.999999999999,0.0,1997-05-26
5991.0,0.0,1997-05-27
5991.999999999999,0.0,1997-05-28
5992.999999999999,0.0,1997-05-29
5993.999999999999,0.0,1997-05-30
5995.0,0.0,1997-05-31
5995.999999999999,0.0,1997-06-01
5996.999999999999,0.0,1997-06-02
5998.0,0.0,1997-06-03
5999.0,0.0,1997-06-04
5999.999999999999,0.05999999999994543,1997-06-05
6000.999999999999,0.08999999999991815,1997-06-06
6002.0,0.10999999999989996,1997-06-07
6003.0,0.12999999999999545,1997-06-08
6003.999999999999,0.13999999999998636,1997-06-09
6004.999999999999,0.13999999999998636,1997-06-10
6006.0,0.14999999999997726,1997-06-11
6007.0,0.15999999999996817,1997-06-12
6007.999999999999,0.16999999999995907,1997-06-13
6008.999999999999,0.17999999999994998,1997-06-14
6010.0,0.18999999999994088,1997-06-15
6011.0,0.1999999999999318,1997-06-16
6011.999999999999,0.1999999999999318,1997-06-17
6012.999999999999,0.2099999999999227,1997-06-18
6014.0,0.2199999999999136,1997-06-19
6014.999999999999,0.2299999999999045,1997-06-20
6015.999999999999,0.2400000000000091,1997-06-21
6016.999999999999,0.25,1997-06-22
6018.0,0.2599999999999909,1997-06-23
6018.999999999999,0.2699999999999818,1997-06-24
6019.999999999999,0.2699999999999818,1997-06-25
6020.999999999999,0.2799999999999727,1997-06-26
6022.0,0.2799999999999727,1997-06-27
6022.999999999999,0.2899999999999636,1997-06-28
6023.999999999999,0.2899999999999636,1997-06-29
6025.0,0.2999999999999545,1997-06-30
6026.0,0.30999999999994543,1997-07-01
6026.999999999999,0.31999999999993634,1997-07-02
6027.999999999999,0.31999999999993634,1997-07-03
6029.0,0.33999999999991815,1997-07-04
6030.0,0.33999999999991815,1997-07-05
6030.999999999999,0.34999999999990905,1997-07-06
6031.999999999999,0.35999999999989996,1997-07-07
6033.0,0.35999999999989996,1997-07-08
6034.0,0.36999999999989086,1997-07-09
6034.999999999999,0.37999999999988177,1997-07-10
6035.999999999999,0.37999999999988177,1997-07-11
6037.0,0.38999999999998636,1997-07-12
6038.0,0.39999999999997726,1997-07-13
6038.999999999999,0.40999999999996817,1997-07-14
6039.999999999999,0.4199999999999591,1997-07-15
6041.0,0.42999999999995,1997-07-16
6041.999999999999,0.4399999999999409,1997-07-17
6042.999999999999,0.4499999999999318,1997-07-18
6043.999999999999,0.4599999999999227,1997-07-19
6045.0,0.4799999999999045,1997-07-20
6045.999999999999,0.4899999999998954,1997-07-21
6046.999999999999,0.4999999999998863,1997-07-22
6047.999999999999,0.5099999999999909,1997-07-23
6049.0,0.5199999999999818,1997-07-24
6049.999999999999,0.5299999999999727,1997-07-25
6050.999999999999,0.5399999999999636,1997-07-26
6052.0,0.5399999999999636,1997-07-27
6053.0,0.5499999999999545,1997-07-28
6053.999999999999,0.5599999999999454,1997-07-29
6054.999999999999,0.5599999999999454,1997-07-30
6056.0,0.5599999999999454,1997-07-31
6057.0,0.5699999999999363,1997-08-01
6057.999999999999,0.5799999999999272,1997-08-02
6058.999999999999,0.5799999999999272,1997-08-03
6060.0,0.5899999999999181,1997-08-04
6061.0,0.599999999999909,1997-08-05
6061.999999999999,0.6099999999999,1997-08-06
6062.999999999999,0.6199999999998909,1997-08-07
6064.0,0.6199999999998909,1997-08-08
6065.0,0.6299999999998818,1997-08-09
6065.999999999999,0.6299999999998818,1997-08-10
6066.999999999999,0.6399999999999864,1997-08-11
6068.0,0.6399999999999864,1997-08-12
6068.999999999999,0.6499999999999773,1997-08-13
6069.999999999999,0.6499999999999773,1997-08-14
6070.999999999999,0.6599999999999682,1997-08-15
6072.0,0.6599999999999682,1997-08-16
6072.999999999999,0.6699999999999591,1997-08-17
6073.999999999999,0.6699999999999591,1997-08-18
6074.999999999999,0.6699999999999591,1997-08-19
6076.0,0.67999999999995,1997-08-20
6076.999999999999,0.67999999999995,1997-08-21
6077.999999999999,0.67999999999995,1997-08-22
6079.0,0.67999999999995,1997-08-23
6080.0,0.67999999999995,1997-08-24
6080.999999999999,0.67999999999995,1997-08-25
6081.999999999999,0.67999999999995,1997-08-26
6083.0,0.67999999999995,1997-08-27
6084.0,0.67999999999995,1997-08-28
6084.999999999999,0.67999999999995,1997-08-29
6085.999999999999,0.67999999999995,1997-08-30
6087.0,0.67999999999995,1997-08-31
6088.0,0.67999999999995,1997-09-01
6088.999999999999,0.6899999999999409,1997-09-02
6089.999999999999,0.6899999999999409,1997-09-03
6091.0,0.6899999999999409,1997-09-04
6092.0,0.6899999999999409,1997-09-05
6092.999999999999,0.6899999999999409,1997-09-06
6093.999999999999,0.6899999999999409,1997-09-07
6095.0,0.6899999999999409,1997-09-08
6095.999999999999,0.6999999999999318,1997-09-09
6096.999999999999,0.6999999999999318,1997-09-10
6097.999999999999,0.6999999999999318,1997-09-11
6099.0,0.6999999999999318,1997-09-12
6099.999999999999,0.6999999999999318,1997-09-13
6100.999999999999,0.6999999999999318,1997-09-14
6101.999999999999,0.6999999999999318,1997-09-15
6103.0,0.7099999999999227,1997-09-16
6103.999999999999,0.7099999999999227,1997-09-17
6104.999999999999,0.7099999999999227,1997-09-18
6106.0,0.7099999999999227,1997-09-19
6107.0,0.7099999999999227,1997-09-20
6107.999999999999,0.7099999999999227,1997-09-21
6108.999999999999,0.7099999999999227,1997-09-22
6110.0,0.7099999999999227,1997-09-23
6111.0,0.0,1997-09-24
6111.999999999999,0.7099999999999227,1997-09-25
6112.999999999999,0.7099999999999227,1997-09-26
6114.0,0.7099999999999227,1997-09-27
6115.0,0.0,1997-09-28
6115.999999999999,0.0,1997-09-29
6116.999999999999,0.0,1997-09-30
6118.0,0.0,1997-10-01
6119.0,0.0,1997-10-02
6119.999999999999,0.0,1997-10-03
6120.999999999999,0.0,1997-10-04
6122.0,0.0,1997-10-05
6122.999999999999,0.0,1997-10-06
6123.999999999999,0.0,1997-10-07
6124.999999999999,0.0,1997-10-08
6126.0,0.0,1997-10-09
6126.999999999999,0.0,1997-10-10
6127.999999999999,0.0,1997-10-11
6128.999999999999,0.0,1997-10-12
6130.0,0.0,1997-10-13
6130.999999999999,0.0,1997-10-14
6131.999999999999,0.0,1997-10-15
6133.0,0.0,1997-10-16
6134.0,0.0,1997-10-17
6134.999999999999,0.0,1997-10-18
6135.999999999999,0.0,1997-10-19
6137.0,0.0,1997-10-20
6138.0,0.0,1997-10-21
6138.999999999999,0.0,1997-10-22
6139.999999999999,0.0,1997-10-23
6141.0,0.0,1997-10-24
6142.0,0.0,1997-10-25
6142.999999999999,0.0,1997-10-26
6143.999999999999,0.0,1997-10-27
6145.0,0.0,1997-10-28
6146.0,0.0,1997-10-29
6146.999999999999,0.0,1997-10-30
6147.999999999999,0.0,1997-10-31
6149.0,0.0,1997-11-01
6149.999999999999,0.0,1997-11-02
6150.999999999999,0.0,1997-11-03
6151.999999999999,0.0,1997-11-04
6153.0,0.0,1997-11-05
6153.999999999999,0.0,1997-11-06
6154.999999999999,0.0,1997-11-07
6155.999999999999,0.0,1997-11-08
6157.0,0.0,1997-11-09
6157.999999999999,0.0,1997-11-10
6158.999999999999,0.0,1997-11-11
6160.0,0.0,1997-11-12
6161.0,0.0,1997-11-13
6161.999999999999,0.0,1997-11-14
6162.999999999999,0.0,1997-11-15
6164.0,0.0,1997-11-16
6165.0,0.0,1997-11-17
6165.999999999999,0.0,1997-11-18
6166.999999999999,0.0,1997-11-19
6168.0,0.0,1997-11-20
6169.0,0.0,1997-11-21
6169.999999999999,0.0,1997-11-22
6170.999999999999,0.0,1997-11-23
6172.0,0.0,1997-11-24
6173.0,0.0,1997-11-25
6173.999999999999,0.0,1997-11-26
6174.999999999999,0.0,1997-11-27
6176.0,0.0,1997-11-28
6176.999999999999,0.0,1997-11-29
6177.999999999999,0.0,1997-11-30
6178.999999999999,0.0,1997-12-01
6180.0,0.0,1997-12-02
6180.999999999999,0.0,1997-12-03
6181.999999999999,0.0,1997-12-04
6182.999999999999,0.0,1997-12-05
6184.0,0.0,1997-12-06
6184.999999999999,0.0,1997-12-07
6185.999999999999,0.0,1997-12-08
6187.0,0.0,1997-12-09
6188.0,0.0,1997-12-10
6188.999999999999,0.0,1997-12-11
6189.999999999999,0.0,1997-12-12
6191.0,0.0,1997-12-13
6192.0,0.0,1997-12-14
6192.999999999999,0.0,1997-12-15
6193.999999999999,0.0,1997-12-16
6195.0,0.0,1997-12-17
6196.0,0.0,1997-12-18
6196.999999999999,0.0,1997-12-19
6197.999999999999,0.0,1997-12-20
6199.0,0.0,1997-12-21
6200.0,0.0,1997-12-22
6200.999999999999,0.0,1997-12-23
6201.999999999999,0.0,1997-12-24
6203.0,0.0,1997-12-25
6203.999999999999,0.0,1997-12-26
6204.999999999999,0.0,1997-12-27
6205.999999999999,0.0,1997-12-28
6207.0,0.0,1997-12-29
6207.999999999999,0.0,1997-12-30
6208.999999999999,0.0,1997-12-31
6209.999999999999,0.0,1998-01-01
6211.0,0.0,1998-01-02
6211.999999999999,0.0,1998-01-03
6212.999999999999,0.0,1998-01-04
6214.0,0.0,1998-01-05
6215.0,0.0,1998-01-06
6215.999999999999,0.0,1998-01-07
6216.999999999999,0.0,1998-01-08
6218.0,0.0,1998-01-09
6219.0,0.0,1998-01-10
6219.999999999999,0.0,1998-01-11
6220.999999999999,0.0,1998-01-12
6222.0,0.0,1998-01-13
6223.0,0.0,1998-01-14
6223.999999999999,0.0,1998-01-15
6224.999999999999,0.0,1998-01-16
6226.0,0.0,1998-01-17
6226.999999999999,0.0,1998-01-18
6227.999999999999,0.0,1998-01-19
6228.999999999999,0.0,1998-01-20
6230.0,0.0,1998-01-21
6230.999999999999,0.0,1998-01-22
6231.999999999999,0.0,1998-01-23
6232.999999999999,0.0,1998-01-24
6234.0,0.0,1998-01-25
6234.999999999999,0.0,1998-01-26
6235.999999999999,0.0,1998-01-27
6236.999999999999,0.0,1998-01-28
6238.0,0.0,1998-01-29
6238.999999999999,0.0,1998-01-30
6239.999999999999,0.0,1998-01-31
6241.0,0.0,1998-02-01
6242.0,0.0,1998-02-02
6242.999999999999,0.0,1998-02-03
6243.999999999999,0.0,1998-02-04
6245.0,0.0,1998-02-05
6246.0,0.0,1998-02-06
6246.999999999999,0.0,1998-02-07
6247.999999999999,0.0,1998-02-08
6249.0,0.0,1998-02-09
6250.0,0.0,1998-02-10
6250.999999999999,0.0,1998-02-11
6251.999999999999,0.0,1998-02-12
6253.0,0.0,1998-02-13
6253.999999999999,0.0,1998-02-14
6254.999999999999,0.0,1998-02-15
6255.999999999999,0.0,1998-02-16
6257.0,0.0,1998-02-17
6257.999999999999,0.0,1998-02-18
6258.999999999999,0.0,1998-02-19
6259.999999999999,0.0,1998-02-20
6261.0,0.0,1998-02-21
6261.999999999999,0.0,1998-02-22
6262.999999999999,0.0,1998-02-23
6263.999999999999,0.0,1998-02-24
6265.0,0.0,1998-02-25
6265.999999999999,0.0,1998-02-26
6266.999999999999,0.0,1998-02-27
6268.0,0.0,1998-02-28
6269.0,0.0,1998-03-01
6269.999999999999,0.0,1998-03-02
6270.999999999999,0.0,1998-03-03
6272.0,0.0,1998-03-04
6273.0,0.0,1998-03-05
6273.999999999999,0.0,1998-03-06
6274.999999999999,0.0,1998-03-07
6276.0,0.0,1998-03-08
6277.0,0.0,1998-03-09
6277.999999999999,0.0,1998-03-10
6278.999999999999,0.0,1998-03-11
6280.0,0.0,1998-03-12
6280.999999999999,0.0,1998-03-13
6281.999999999999,0.0,1998-03-14
6282.999999999999,0.0,1998-03-15
6284.0,0.0,1998-03-16
6284.999999999999,0.0,1998-03-17
6285.999999999999,0.0,1998-03-18
6286.999999999999,0.0,1998-03-19
6288.0,0.0,1998-03-20
6288.999999999999,0.0,1998-03-21
6289.999999999999,0.0,1998-03-22
6290.999999999999,0.0,1998-03-23
6292.0,0.0,1998-03-24
6292.999999999999,0.0,1998-03-25
6293.999999999999,0.0,1998-03-26
6295.0,0.0,1998-03-27
6296.0,0.0,1998-03-28
6296.999999999999,0.0,1998-03-29
6297.999999999999,0.0,1998-03-30
6299.0,0.0,1998-03-31
6300.0,0.0,1998-04-01
6300.999999999999,0.0,1998-04-02
6301.999999999999,0.0,1998-04-03
6303.0,0.0,1998-04-04
6304.0,0.0,1998-04-05
6304.999999999999,0.0,1998-04-06
6305.999999999999,0.0,1998-04-07
6307.0,0.0,1998-04-08
6307.999999999999,0.0,1998-04-09
6308.999999999999,0.0,1998-04-10
6309.999999999999,0.0,1998-04-11
6311.0,0.0,1998-04-12
6311.999999999999,0.0,1998-04-13
6312.999999999999,0.0,1998-04-14
6313.999999999999,0.0,1998-04-15
6315.0,0.0,1998-04-16
6315.999999999999,0.0,1998-04-17
6316.999999999999,0.0,1998-04-18
6318.0,0.0,1998-04-19
6319.0,0.0,1998-04-20
6319.999999999999,0.0,1998-04-21
6320.999999999999,0.0,1998-04-22
6322.0,0.0,1998-04-23
6323.0,0.0,1998-04-24
6323.999999999999,0.0,1998-04-25
6324.999999999999,0.0,1998-04-26
6326.0,0.0,1998-04-27
6327.0,0.0,1998-04-28
6327.999999999999,0.0,1998-04-29
6328.999999999999,0.0,1998-04-30
6330.0,0.0,1998-05-01
6331.0,0.0,1998-05-02
6331.999999999999,0.0,1998-05-03
6332.999999999999,0.0,1998-05-04
6334.0,0.0,1998-05-05
6334.999999999999,0.0,1998-05-06
6335.999999999999,0.0,1998-05-07
6336.999999999999,0.0,1998-05-08
6338.0,0.0,1998-05-09
6338.999999999999,0.0,1998-05-10
6339.999999999999,0.0,1998-05-11
6340.999999999999,0.0,1998-05-12
6342.0,0.0,1998-05-13
6342.999999999999,0.0,1998-05-14
6343.999999999999,0.0,1998-05-15
6345.0,0.0,1998-05-16
6346.0,0.0,1998-05-17
6346.999999999999,0.0,1998-05-18
6347.999999999999,0.0,1998-05-19
6349.0,0.0,1998-05-20
6350.0,0.0,1998-05-21
6350.999999999999,0.0,1998-05-22
6351.999999999999,0.0,1998-05-23
6353.0,0.0,1998-05-24
6354.0,0.03999999999996362,1998-05-25
6354.999999999999,0.05999999999994543,1998-05-26
6355.999999999999,0.07999999999992724,1998-05-27
6357.0,0.09999999999990905,1998-05-28
6358.0,0.10999999999989996,1998-05-29
6358.999999999999,0.12000000000000455,1998-05-30
6359.999999999999,0.12999999999999545,1998-05-31
6361.0,0.13999999999998636,1998-06-01
6361.999999999999,0.14999999999997726,1998-06-02
6362.999999999999,0.14999999999997726,1998-06-03
6363.999999999999,0.14999999999997726,1998-06-04
6365.0,0.15999999999996817,1998-06-05
6365.999999999999,0.16999999999995907,1998-06-06
6366.999999999999,0.17999999999994998,1998-06-07
6367.999999999999,0.18999999999994088,1998-06-08
6369.0,0.1999999999999318,1998-06-09
6369.999999999999,0.1999999999999318,1998-06-10
6370.999999999999,0.1999999999999318,1998-06-11
6372.0,0.1999999999999318,1998-06-12
6373.0,0.2099999999999227,1998-06-13
6373.999999999999,0.2199999999999136,1998-06-14
6374.999999999999,0.2299999999999045,1998-06-15
6376.0,0.2400000000000091,1998-06-16
6377.0,0.2400000000000091,1998-06-17
6377.999999999999,0.25,1998-06-18
6378.999999999999,0.2599999999999909,1998-06-19
6380.0,0.2599999999999909,1998-06-20
6381.0,0.2699999999999818,1998-06-21
6381.999999999999,0.2799999999999727,1998-06-22
6382.999999999999,0.2899999999999636,1998-06-23
6384.0,0.2899999999999636,1998-06-24
6385.0,0.2999999999999545,1998-06-25
6385.999999999999,0.2999999999999545,1998-06-26
6386.999999999999,0.30999999999994543,1998-06-27
6388.0,0.30999999999994543,1998-06-28
6388.999999999999,0.31999999999993634,1998-06-29
6389.999999999999,0.33999999999991815,1998-06-30
6390.999999999999,0.34999999999990905,1998-07-01
6392.0,0.35999999999989996,1998-07-02
6392.999999999999,0.37999999999988177,1998-07-03
6393.999999999999,0.38999999999998636,1998-07-04
6394.999999999999,0.39999999999997726,1998-07-05
6396.0,0.40999999999996817,1998-07-06
6396.999999999999,0.4199999999999591,1998-07-07
6397.999999999999,0.42999999999995,1998-07-08
6399.0,0.4399999999999409,1998-07-09
6400.0,0.4499999999999318,1998-07-10
6400.999999999999,0.4599999999999227,1998-07-11
6401.999999999999,0.4699999999999136,1998-07-12
6403.0,0.4799999999999045,1998-07-13
6404.0,0.4899999999998954,1998-07-14
6404.999999999999,0.4999999999998863,1998-07-15
6405.999999999999,0.5099999999999909,1998-07-16
6407.0,0.5199999999999818,1998-07-17
6408.0,0.5299999999999727,1998-07-18
6408.999999999999,0.5399999999999636,1998-07-19
6409.999999999999,0.5499999999999545,1998-07-20
6411.0,0.5599999999999454,1998-07-21
6412.0,0.5699999999999363,1998-07-22
6412.999999999999,0.5799999999999272,1998-07-23
6413.999999999999,0.5899999999999181,1998-07-24
6415.0,0.599999999999909,1998-07-25
6415.999999999999,0.6099999999999,1998-07-26
6416.999999999999,0.6199999999998909,1998-07-27
6417.999999999999,0.6299999999998818,1998-07-28
6419.0,0.6399999999999864,1998-07-29
6419.999999999999,0.6399999999999864,1998-07-30
6420.999999999999,0.6499999999999773,1998-07-31
6421.999999999999,0.6599999999999682,1998-08-01
6423.0,0.6599999999999682,1998-08-02
6423.999999999999,0.6699999999999591,1998-08-03
6424.999999999999,0.6699999999999591,1998-08-04
6426.0,0.67999999999995,1998-08-05
6427.0,0.6899999999999409,1998-08-06
6427.999999999999,0.6899999999999409,1998-08-07
6428.999999999999,0.6899999999999409,1998-08-08
6430.0,0.6999999999999318,1998-08-09
6431.0,0.6999999999999318,1998-08-10
6431.999999999999,0.7099999999999227,1998-08-11
6432.999999999999,0.7099999999999227,1998-08-12
6434.0,0.7099999999999227,1998-08-13
6435.0,0.7199999999999136,1998-08-14
6435.999999999999,0.7199999999999136,1998-08-15
6436.999999999999,0.7199999999999136,1998-08-16
6438.0,0.7199999999999136,1998-08-17
6439.0,0.7299999999999045,1998-08-18
6439.999999999999,0.7299999999999045,1998-08-19
6440.999999999999,0.7299999999999045,1998-08-20
6442.0,0.7299999999999045,1998-08-21
6442.999999999999,0.7299999999999045,1998-08-22
6443.999999999999,0.7299999999999045,1998-08-23
6444.999999999999,0.7299999999999045,1998-08-24
6446.0,0.7299999999999045,1998-08-25
6446.999999999999,0.7299999999999045,1998-08-26
6447.999999999999,0.7299999999999045,1998-08-27
6448.999999999999,0.7399999999998954,1998-08-28
6450.0,0.7399999999998954,1998-08-29
6450.999999999999,0.7399999999998954,1998-08-30
6451.999999999999,0.7399999999998954,1998-08-31
6453.0,0.7399999999998954,1998-09-01
6454.0,0.7399999999998954,1998-09-02
6454.999999999999,0.7499999999998863,1998-09-03
6455.999999999999,0.7499999999998863,1998-09-04
6457.0,0.7499999999998863,1998-09-05
6458.0,0.7499999999998863,1998-09-06
6458.999999999999,0.7499999999998863,1998-09-07
6459.999999999999,0.7499999999998863,1998-09-08
6461.0,0.7499999999998863,1998-09-09
6462.0,0.7599999999999909,1998-09-10
6462.999999999999,0.7599999999999909,1998-09-11
6463.999999999999,0.7599999999999909,1998-09-12
6465.0,0.7599999999999909,1998-09-13
6465.999999999999,0.7599999999999909,1998-09-14
6466.999999999999,0.7599999999999909,1998-09-15
6467.999999999999,0.7599999999999909,1998-09-16
6469.0,0.7599999999999909,1998-09-17
6469.999999999999,0.7499999999998863,1998-09-18
6470.999999999999,0.7499999999998863,1998-09-19
6471.999999999999,0.7499999999998863,1998-09-20
6473.0,0.7499999999998863,1998-09-21
6473.999999999999,0.7499999999998863,1998-09-22
6474.999999999999,0.7499999999998863,1998-09-23
6475.999999999999,0.7499999999998863,1998-09-24
6477.0,0.7499999999998863,1998-09-25
6477.999999999999,0.7499999999998863,1998-09-26
6478.999999999999,0.7499999999998863,1998-09-27
6480.0,0.7399999999998954,1998-09-28
6481.0,0.0,1998-09-29
6481.999999999999,0.0,1998-09-30
6482.999999999999,0.0,1998-10-01
6484.0,0.0,1998-10-02
6485.0,0.0,1998-10-03
6485.999999999999,0.0,1998-10-04
6486.999999999999,0.0,1998-10-05
6488.0,0.0,1998-10-06
6489.0,0.0,1998-10-07
6489.999999999999,0.0,1998-10-08
6490.999999999999,0.0,1998-10-09
6492.0,0.0,1998-10-10
6492.999999999999,0.0,1998-10-11
6493.999999999999,0.0,1998-10-12
6494.999999999999,0.0,1998-10-13
6496.0,0.0,1998-10-14
6496.999999999999,0.0,1998-10-15
6497.999999999999,0.0,1998-10-16
6498.999999999999,0.0,1998-10-17
6500.0,0.0,1998-10-18
6500.999999999999,0.0,1998-10-19
6501.999999999999,0.0,1998-10-20
6502.999999999999,0.0,1998-10-21
6504.0,0.0,1998-10-22
6504.999999999999,0.0,1998-10-23
6505.999999999999,0.0,1998-10-24
6507.0,0.0,1998-10-25
6508.0,0.0,1998-10-26
6508.999999999999,0.0,1998-10-27
6509.999999999999,0.0,1998-10-28
6511.0,0.0,1998-10-29
6512.0,0.0,1998-10-30
6512.999999999999,0.0,1998-10-31
6513.999999999999,0.0,1998-11-01
6515.0,0.0,1998-11-02
6516.0,0.0,1998-11-03
6516.999999999999,0.0,1998-11-04
6517.999999999999,0.0,1998-11-05
6519.0,0.0,1998-11-06
6519.999999999999,0.0,1998-11-07
6520.999999999999,0.0,1998-11-08
6521.999999999999,0.0,1998-11-09
6523.0,0.0,1998-11-10
6523.999999999999,0.0,1998-11-11
6524.999999999999,0.0,1998-11-12
6525.999999999999,0.0,1998-11-13
6527.0,0.0,1998-11-14
6527.999999999999,0.0,1998-11-15
6528.999999999999,0.0,1998-11-16
6529.999999999999,0.0,1998-11-17
6531.0,0.0,1998-11-18
6531.999999999999,0.0,1998-11-19
6532.999999999999,0.0,1998-11-20
6534.0,0.0,1998-11-21
6535.0,0.0,1998-11-22
6535.999999999999,0.0,1998-11-23
6536.999999999999,0.0,1998-11-24
6538.0,0.0,1998-11-25
6539.0,0.0,1998-11-26
6539.999999999999,0.0,1998-11-27
6540.999999999999,0.0,1998-11-28
6542.0,0.0,1998-11-29
6543.0,0.0,1998-11-30
6543.999999999999,0.0,1998-12-01
6544.999999999999,0.0,1998-12-02
6546.0,0.0,1998-12-03
6546.999999999999,0.0,1998-12-04
6547.999999999999,0.0,1998-12-05
6548.999999999999,0.0,1998-12-06
6550.0,0.0,1998-12-07
6550.999999999999,0.0,1998-12-08
6551.999999999999,0.0,1998-12-09
6552.999999999999,0.0,1998-12-10
6554.0,0.0,1998-12-11
6554.999999999999,0.0,1998-12-12
6555.999999999999,0.0,1998-12-13
6556.999999999999,0.0,1998-12-14
6558.0,0.0,1998-12-15
6558.999999999999,0.0,1998-12-16
6559.999999999999,0.0,1998-12-17
6561.0,0.0,1998-12-18
6562.0,0.0,1998-12-19
6562.999999999999,0.0,1998-12-20
6563.999999999999,0.0,1998-12-21
6565.0,0.0,1998-12-22
6566.0,0.0,1998-12-23
6566.999999999999,0.0,1998-12-24
6567.999999999999,0.0,1998-12-25
6569.0,0.0,1998-12-26
6570.0,0.0,1998-12-27
6570.999999999999,0.0,1998-12-28
6571.999999999999,0.0,1998-12-29
6573.0,0.0,1998-12-30
6573.999999999999,0.0,1998-12-31
6574.999999999999,0.0,1999-01-01
6575.999999999999,0.0,1999-01-02
6577.0,0.0,1999-01-03
6577.999999999999,0.0,1999-01-04
6578.999999999999,0.0,1999-01-05
6579.999999999999,0.0,1999-01-06
6581.0,0.0,1999-01-07
6581.999999999999,0.0,1999-01-08
6582.999999999999,0.0,1999-01-09
6583.999999999999,0.0,1999-01-10
6585.0,0.0,1999-01-11
6585.999999999999,0.0,1999-01-12
6586.999999999999,0.0,1999-01-13
6588.0,0.0,1999-01-14
6589.0,0.0,1999-01-15
6589.999999999999,0.0,1999-01-16
6590.999999999999,0.0,1999-01-17
6592.0,0.0,1999-01-18
6593.0,0.0,1999-01-19
6593.999999999999,0.0,1999-01-20
6594.999999999999,0.0,1999-01-21
6596.0,0.0,1999-01-22
6597.0,0.0,1999-01-23
6597.999999999999,0.0,1999-01-24
6598.999999999999,0.0,1999-01-25
6600.0,0.0,1999-01-26
6600.999999999999,0.0,1999-01-27
6601.999999999999,0.0,1999-01-28
6602.999999999999,0.0,1999-01-29
6604.0,0.0,1999-01-30
6604.999999999999,0.0,1999-01-31
6605.999999999999,0.0,1999-02-01
6606.999999999999,0.0,1999-02-02
6608.0,0.0,1999-02-03
6608.999999999999,0.0,1999-02-04
6609.999999999999,0.0,1999-02-05
6610.999999999999,0.0,1999-02-06
6612.0,0.0,1999-02-07
6612.999999999999,0.0,1999-02-08
6613.999999999999,0.0,1999-02-09
6615.0,0.0,1999-02-10
6616.0,0.0,1999-02-11
6616.999999999999,0.0,1999-02-12
6617.999999999999,0.0,1999-02-13
6619.0,0.0,1999-02-14
6620.0,0.0,1999-02-15
6620.999999999999,0.0,1999-02-16
6621.999999999999,0.0,1999-02-17
6623.0,0.0,1999-02-18
6624.0,0.0,1999-02-19
6624.999999999999,0.0,1999-02-20
6625.999999999999,0.0,1999-02-21
6627.0,0.0,1999-02-22
6627.999999999999,0.0,1999-02-23
6628.999999999999,0.0,1999-02-24
6629.999999999999,0.0,1999-02-25
6631.0,0.0,1999-02-26
6631.999999999999,0.0,1999-02-27
6632.999999999999,0.0,1999-02-28
6633.999999999999,0.0,1999-03-01
6635.0,0.0,1999-03-02
6635.999999999999,0.0,1999-03-03
6636.999999999999,0.0,1999-03-04
6637.999999999999,0.0,1999-03-05
6639.0,0.0,1999-03-06
6639.999999999999,0.0,1999-03-07
6640.999999999999,0.0,1999-03-08
6642.0,0.0,1999-03-09
6643.0,0.0,1999-03-10
6643.999999999999,0.0,1999-03-11
6644.999999999999,0.0,1999-03-12
6646.0,0.0,1999-03-13
6647.0,0.0,1999-03-14
6647.999999999999,0.0,1999-03-15
6648.999999999999,0.0,1999-03-16
6650.0,0.0,1999-03-17
6651.0,0.0,1999-03-18
6651.999999999999,0.0,1999-03-19
6652.999999999999,0.0,1999-03-20
6654.0,0.0,1999-03-21
6654.999999999999,0.0,1999-03-22
6655.999999999999,0.0,1999-03-23
6656.999999999999,0.0,1999-03-24
6658.0,0.0,1999-03-25
6658.999999999999,0.0,1999-03-26
6659.999999999999,0.0,1999-03-27
6660.999999999999,0.0,1999-03-28
6662.0,0.0,1999-03-29
6662.999999999999,0.0,1999-03-30
6663.999999999999,0.0,1999-03-31
6664.999999999999,0.0,1999-04-01
6666.0,0.0,1999-04-02
6666.999999999999,0.0,1999-04-03
6667.999999999999,0.0,1999-04-04
6669.0,0.0,1999-04-05
6670.0,0.0,1999-04-06
6670.999999999999,0.0,1999-04-07
6671.999999999999,0.0,1999-04-08
6673.0,0.0,1999-04-09
6674.0,0.0,1999-04-10
6674.999999999999,0.0,1999-04-11
6675.999999999999,0.0,1999-04-12
6677.0,0.0,1999-04-13
6678.0,0.0,1999-04-14
6678.999999999999,0.0,1999-04-15
6679.999999999999,0.0,1999-04-16
6681.0,0.0,1999-04-17
6681.999999999999,0.0,1999-04-18
6682.999999999999,0.0,1999-04-19
6683.999999999999,0.0,1999-04-20
6685.0,0.0,1999-04-21
6685.999999999999,0.0,1999-04-22
6686.999999999999,0.0,1999-04-23
6687.999999999999,0.0,1999-04-24
6689.0,0.0,1999-04-25
6689.999999999999,0.0,1999-04-26
6690.999999999999,0.0,1999-04-27
6691.999999999999,0.0,1999-04-28
6693.0,0.0,1999-04-29
6693.999999999999,0.0,1999-04-30
6694.999999999999,0.0,1999-05-01
6696.0,0.0,1999-05-02
6697.0,0.0,1999-05-03
6697.999999999999,0.0,1999-05-04
6698.999999999999,0.0,1999-05-05
6700.0,0.0,1999-05-06
6701.0,0.0,1999-05-07
6701.999999999999,0.0,1999-05-08
6702.999999999999,0.0,1999-05-09
6704.0,0.0,1999-05-10
6704.999999999999,0.0,1999-05-11
6705.999999999999,0.0,1999-05-12
6706.999999999999,0.0,1999-05-13
6708.0,0.0,1999-05-14
6708.999999999999,0.0,1999-05-15
6709.999999999999,0.0,1999-05-16
6710.999999999999,0.0,1999-05-17
6712.0,0.0,1999-05-18
6712.999999999999,0.0,1999-05-19
6713.999999999999,0.0,1999-05-20
6714.999999999999,0.0,1999-05-21
6716.0,0.0,1999-05-22
6716.999999999999,0.0,1999-05-23
6717.999999999999,0.0,1999-05-24
6718.999999999999,0.0,1999-05-25
6720.0,0.0,1999-05-26
6720.999999999999,0.0,1999-05-27
6721.999999999999,0.0,1999-05-28
6723.0,0.0,1999-05-29
6724.0,0.0,1999-05-30
6724.999999999999,0.0,1999-05-31
6725.999999999999,0.0,1999-06-01
6727.0,0.0,1999-06-02
6728.0,0.0,1999-06-03
6728.999999999999,0.0,1999-06-04
6729.999999999999,0.0,1999-06-05
6731.0,0.0,1999-06-06
6731.999999999999,0.049999999999954525,1999-06-07
6732.999999999999,0.07999999999992724,1999-06-08
6733.999999999999,0.09999999999990905,1999-06-09
6735.0,0.12000000000000455,1999-06-10
6735.999999999999,0.13999999999998636,1999-06-11
6736.999999999999,0.15999999999996817,1999-06-12
6737.999999999999,0.17999999999994998,1999-06-13
6739.0,0.18999999999994088,1999-06-14
6739.999999999999,0.2099999999999227,1999-06-15
6740.999999999999,0.2199999999999136,1999-06-16
6741.999999999999,0.2299999999999045,1999-06-17
6743.0,0.2400000000000091,1999-06-18
6743.999999999999,0.2400000000000091,1999-06-19
6744.999999999999,0.2400000000000091,1999-06-20
6745.999999999999,0.25,1999-06-21
6747.0,0.2599999999999909,1999-06-22
6747.999999999999,0.2699999999999818,1999-06-23
6748.999999999999,0.2799999999999727,1999-06-24
6750.0,0.2899999999999636,1999-06-25
6751.0,0.2899999999999636,1999-06-26
6751.999999999999,0.2999999999999545,1999-06-27
6752.999999999999,0.2999999999999545,1999-06-28
6754.0,0.30999999999994543,1999-06-29
6755.0,0.30999999999994543,1999-06-30
6755.999999999999,0.31999999999993634,1999-07-01
6756.999999999999,0.33999999999991815,1999-07-02
6758.0,0.34999999999990905,1999-07-03
6758.999999999999,0.35999999999989996,1999-07-04
6759.999999999999,0.37999999999988177,1999-07-05
6760.999999999999,0.38999999999998636,1999-07-06
6762.0,0.39999999999997726,1999-07-07
6762.999999999999,0.39999999999997726,1999-07-08
6763.999999999999,0.40999999999996817,1999-07-09
6764.999999999999,0.4199999999999591,1999-07-10
6766.0,0.42999999999995,1999-07-11
6766.999999999999,0.4399999999999409,1999-07-12
6767.999999999999,0.4499999999999318,1999-07-13
6768.999999999999,0.4599999999999227,1999-07-14
6770.0,0.4799999999999045,1999-07-15
6770.999999999999,0.4899999999998954,1999-07-16
6771.999999999999,0.4999999999998863,1999-07-17
6773.0,0.5099999999999909,1999-07-18
6774.0,0.5099999999999909,1999-07-19
6774.999999999999,0.5199999999999818,1999-07-20
6775.999999999999,0.5199999999999818,1999-07-21
6777.0,0.5299999999999727,1999-07-22
6778.0,0.5299999999999727,1999-07-23
6778.999999999999,0.5299999999999727,1999-07-24
6779.999999999999,0.5299999999999727,1999-07-25
6781.0,0.5299999999999727,1999-07-26
6782.0,0.5299999999999727,1999-07-27
6782.999999999999,0.5299999999999727,1999-07-28
6783.999999999999,0.5399999999999636,1999-07-29
6785.0,0.5399999999999636,1999-07-30
6785.999999999999,0.5399999999999636,1999-07-31
6786.999999999999,0.5499999999999545,1999-08-01
6787.999999999999,0.5599999999999454,1999-08-02
6789.0,0.5599999999999454,1999-08-03
6789.999999999999,0.5699999999999363,1999-08-04
6790.999999999999,0.5799999999999272,1999-08-05
6791.999999999999,0.5899999999999181,1999-08-06
6793.0,0.599999999999909,1999-08-07
6793.999999999999,0.6099999999999,1999-08-08
6794.999999999999,0.6199999999998909,1999-08-09
6795.999999999999,0.6299999999998818,1999-08-10
6797.0,0.6299999999998818,1999-08-11
6797.999999999999,0.6399999999999864,1999-08-12
6798.999999999999,0.6499999999999773,1999-08-13
6800.0,0.6499999999999773,1999-08-14
6801.0,0.6599999999999682,1999-08-15
6801.999999999999,0.6599999999999682,1999-08-16
6802.999999999999,0.6699999999999591,1999-08-17
6804.0,0.6699999999999591,1999-08-18
6805.0,0.6699999999999591,1999-08-19
6805.999999999999,0.67999999999995,1999-08-20
6806.999999999999,0.67999999999995,1999-08-21
6808.0,0.6899999999999409,1999-08-22
6809.0,0.6899999999999409,1999-08-23
6809.999999999999,0.6999999999999318,1999-08-24
6810.999999999999,0.6999999999999318,1999-08-25
6812.0,0.6999999999999318,1999-08-26
6812.999999999999,0.7099999999999227,1999-08-27
6813.999999999999,0.7099999999999227,1999-08-28
6814.999999999999,0.7099999999999227,1999-08-29
6816.0,0.7099999999999227,1999-08-30
6816.999999999999,0.7099999999999227,1999-08-31
6817.999999999999,0.7099999999999227,1999-09-01
6818.999999999999,0.7099999999999227,1999-09-02
6820.0,0.7099999999999227,1999-09-03
6820.999999999999,0.7099999999999227,1999-09-04
6821.999999999999,0.6999999999999318,1999-09-05
6822.999999999999,0.6999999999999318,1999-09-06
6824.0,0.6999999999999318,1999-09-07
6824.999999999999,0.6999999999999318,1999-09-08
6825.999999999999,0.6999999999999318,1999-09-09
6827.0,0.6999999999999318,1999-09-10
6828.0,0.6999999999999318,1999-09-11
6828.999999999999,0.6999999999999318,1999-09-12
6829.999999999999,0.6999999999999318,1999-09-13
6831.0,0.6999999999999318,1999-09-14
6832.0,0.6999999999999318,1999-09-15
6832.999999999999,0.6999999999999318,1999-09-16
6833.999999999999,0.6999999999999318,1999-09-17
6835.0,0.6899999999999409,1999-09-18
6836.0,0.6899999999999409,1999-09-19
6836.999999999999,0.0,1999-09-20
6837.999999999999,0.0,1999-09-21
6839.0,0.0,1999-09-22
6839.999999999999,0.0,1999-09-23
6840.999999999999,0.0,1999-09-24
6841.999999999999,0.0,1999-09-25
6843.0,0.0,1999-09-26
6843.999999999999,0.0,1999-09-27
6844.999999999999,0.0,1999-09-28
6845.999999999999,0.0,1999-09-29
6847.0,0.0,1999-09-30
6847.999999999999,0.0,1999-10-01
6848.999999999999,0.0,1999-10-02
6849.999999999999,0.0,1999-10-03
6851.0,0.0,1999-10-04
6851.999999999999,0.0,1999-10-05
6852.999999999999,0.0,1999-10-06
6854.0,0.0,1999-10-07
6855.0,0.0,1999-10-08
6855.999999999999,0.0,1999-10-09
6856.999999999999,0.0,1999-10-10
6858.0,0.0,1999-10-11
6859.0,0.0,1999-10-12
6859.999999999999,0.0,1999-10-13
6860.999999999999,0.0,1999-10-14
6862.0,0.0,1999-10-15
6863.0,0.0,1999-10-16
6863.999999999999,0.0,1999-10-17
6864.999999999999,0.0,1999-10-18
6866.0,0.0,1999-10-19
6866.999999999999,0.0,1999-10-20
6867.999999999999,0.0,1999-10-21
6868.999999999999,0.0,1999-10-22
6870.0,0.0,1999-10-23
6870.999999999999,0.0,1999-10-24
6871.999999999999,0.0,1999-10-25
6872.999999999999,0.0,1999-10-26
6874.0,0.0,1999-10-27
6874.999999999999,0.0,1999-10-28
6875.999999999999,0.0,1999-10-29
6876.999999999999,0.0,1999-10-30
6878.0,0.0,1999-10-31
6878.999999999999,0.0,1999-11-01
6879.999999999999,0.0,1999-11-02
6881.0,0.0,1999-11-03
6882.0,0.0,1999-11-04
6882.999999999999,0.0,1999-11-05
6883.999999999999,0.0,1999-11-06
6885.0,0.0,1999-11-07
6886.0,0.0,1999-11-08
6886.999999999999,0.0,1999-11-09
6887.999999999999,0.0,1999-11-10
6889.0,0.0,1999-11-11
6890.0,0.0,1999-11-12
6890.999999999999,0.0,1999-11-13
6891.999999999999,0.0,1999-11-14
6893.0,0.0,1999-11-15
6893.999999999999,0.0,1999-11-16
6894.999999999999,0.0,1999-11-17
6895.999999999999,0.0,1999-11-18
6897.0,0.0,1999-11-19
6897.999999999999,0.0,1999-11-20
6898.999999999999,0.0,1999-11-21
6899.999999999999,0.0,1999-11-22
6901.0,0.0,1999-11-23
6901.999999999999,0.0,1999-11-24
6902.999999999999,0.0,1999-11-25
6903.999999999999,0.0,1999-11-26
6905.0,0.0,1999-11-27
6905.999999999999,0.0,1999-11-28
6906.999999999999,0.0,1999-11-29
6908.0,0.0,1999-11-30
6909.0,0.0,1999-12-01
6909.999999999999,0.0,1999-12-02
6910.999999999999,0.0,1999-12-03
6912.0,0.0,1999-12-04
6913.0,0.0,1999-12-05
6913.999999999999,0.0,1999-12-06
6914.999999999999,0.0,1999-12-07
6916.0,0.0,1999-12-08
6917.0,0.0,1999-12-09
6917.999999999999,0.0,1999-12-10
6918.999999999999,0.0,1999-12-11
6920.0,0.0,1999-12-12
6920.999999999999,0.0,1999-12-13
6921.999999999999,0.0,1999-12-14
6922.999999999999,0.0,1999-12-15
6924.0,0.0,1999-12-16
6924.999999999999,0.0,1999-12-17
6925.999999999999,0.0,1999-12-18
6926.999999999999,0.0,1999-12-19
6928.0,0.0,1999-12-20
6928.999999999999,0.0,1999-12-21
6929.999999999999,0.0,1999-12-22
6930.999999999999,0.0,1999-12-23
6932.0,0.0,1999-12-24
6932.999999999999,0.0,1999-12-25
6933.999999999999,0.0,1999-12-26
6935.0,0.0,1999-12-27
6936.0,0.0,1999-12-28
6936.999999999999,0.0,1999-12-29
6937.999999999999,0.0,1999-12-30
6939.0,0.0,1999-12-31
6940.0,0.0,2000-01-01
6940.999999999999,0.0,2000-01-02
6941.999999999999,0.0,2000-01-03
6943.0,0.0,2000-01-04
6943.999999999999,0.0,2000-01-05
6944.999999999999,0.0,2000-01-06
6945.999999999999,0.0,2000-01-07
6947.0,0.0,2000-01-08
6947.999999999999,0.0,2000-01-09
6948.999999999999,0.0,2000-01-10
6949.999999999999,0.0,2000-01-11
6951.0,0.0,2000-01-12
6951.999999999999,0.0,2000-01-13
6952.999999999999,0.0,2000-01-14
6953.999999999999,0.0,2000-01-15
6955.0,0.0,2000-01-16
6955.999999999999,0.0,2000-01-17
6956.999999999999,0.0,2000-01-18
6957.999999999999,0.0,2000-01-19
6959.0,0.0,2000-01-20
6959.999999999999,0.0,2000-01-21
6960.999999999999,0.0,2000-01-22
6962.0,0.0,2000-01-23
6963.0,0.0,2000-01-24
6963.999999999999,0.0,2000-01-25
6964.999999999999,0.0,2000-01-26
6966.0,0.0,2000-01-27
6967.0,0.0,2000-01-28
6967.999999999999,0.0,2000-01-29
6968.999999999999,0.0,2000-01-30
6970.0,0.0,2000-01-31
6970.999999999999,0.0,2000-02-01
6971.999999999999,0.0,2000-02-02
6972.999999999999,0.0,2000-02-03
6974.0,0.0,2000-02-04
6974.999999999999,0.0,2000-02-05
6975.999999999999,0.0,2000-02-06
6976.999999999999,0.0,2000-02-07
6978.0,0.0,2000-02-08
6978.999999999999,0.0,2000-02-09
6979.999999999999,0.0,2000-02-10
6980.999999999999,0.0,2000-02-11
6982.0,0.0,2000-02-12
6982.999999999999,0.0,2000-02-13
6983.999999999999,0.0,2000-02-14
6984.999999999999,0.0,2000-02-15
6986.0,0.0,2000-02-16
6986.999999999999,0.0,2000-02-17
6987.999999999999,0.0,2000-02-18
6989.0,0.0,2000-02-19
6990.0,0.0,2000-02-20
6990.999999999999,0.0,2000-02-21
6991.999999999999,0.0,2000-02-22
6993.0,0.0,2000-02-23
6994.0,0.0,2000-02-24
6994.999999999999,0.0,2000-02-25
6995.999999999999,0.0,2000-02-26
6997.0,0.0,2000-02-27
6997.999999999999,0.0,2000-02-28
6998.999999999999,0.0,2000-02-29
6999.999999999999,0.0,2000-03-01
7001.0,0.0,2000-03-02
7001.999999999999,0.0,2000-03-03
7002.999999999999,0.0,2000-03-04
7003.999999999999,0.0,2000-03-05
7005.0,0.0,2000-03-06
7005.999999999999,0.0,2000-03-07
7006.999999999999,0.0,2000-03-08
7007.999999999999,0.0,2000-03-09
7009.0,0.0,2000-03-10
7009.999999999999,0.0,2000-03-11
7010.999999999999,0.0,2000-03-12
7011.999999999999,0.0,2000-03-13
7013.0,0.0,2000-03-14
7013.999999999999,0.0,2000-03-15
7014.999999999999,0.0,2000-03-16
7016.0,0.0,2000-03-17
7017.0,0.0,2000-03-18
7017.999999999999,0.0,2000-03-19
7018.999999999999,0.0,2000-03-20
7020.0,0.0,2000-03-21
7021.0,0.0,2000-03-22
7021.999999999999,0.0,2000-03-23
7022.999999999999,0.0,2000-03-24
7024.0,0.0,2000-03-25
7024.999999999999,0.0,2000-03-26
7025.999999999999,0.0,2000-03-27
7026.999999999999,0.0,2000-03-28
7028.0,0.0,2000-03-29
7028.999999999999,0.0,2000-03-30
7029.999999999999,0.0,2000-03-31
7030.999999999999,0.0,2000-04-01
7032.0,0.0,2000-04-02
7032.999999999999,0.0,2000-04-03
7033.999999999999,0.0,2000-04-04
7034.999999999999,0.0,2000-04-05
7036.0,0.0,2000-04-06
7036.999999999999,0.0,2000-04-07
7037.999999999999,0.0,2000-04-08
7038.999999999999,0.0,2000-04-09
7040.0,0.0,2000-04-10
7040.999999999999,0.0,2000-04-11
7041.999999999999,0.0,2000-04-12
7043.0,0.0,2000-04-13
7044.0,0.0,2000-04-14
7044.999999999999,0.0,2000-04-15
7045.999999999999,0.0,2000-04-16
7047.0,0.0,2000-04-17
7048.0,0.0,2000-04-18
7048.999999999999,0.0,2000-04-19
7049.999999999999,0.0,2000-04-20
7051.0,0.0,2000-04-21
7051.999999999999,0.0,2000-04-22
7052.999999999999,0.0,2000-04-23
7053.999999999999,0.0,2000-04-24
7055.0,0.0,2000-04-25
7055.999999999999,0.0,2000-04-26
7056.999999999999,0.0,2000-04-27
7057.999999999999,0.0,2000-04-28
7059.0,0.0,2000-04-29
7059.999999999999,0.0,2000-04-30
7060.999999999999,0.0,2000-05-01
7061.999999999999,0.0,2000-05-02
7063.0,0.0,2000-05-03
7063.999999999999,0.0,2000-05-04
7064.999999999999,0.0,2000-05-05
7065.999999999999,0.0,2000-05-06
7067.0,0.0,2000-05-07
7067.999999999999,0.0,2000-05-08
7068.999999999999,0.0,2000-05-09
7070.0,0.0,2000-05-10
7071.0,0.0,2000-05-11
7071.999999999999,0.0,2000-05-12
7072.999999999999,0.0,2000-05-13
7074.0,0.0,2000-05-14
7075.0,0.0,2000-05-15
7075.999999999999,0.0,2000-05-16
7076.999999999999,0.0,2000-05-17
7078.0,0.0,2000-05-18
7078.999999999999,0.0,2000-05-19
7079.999999999999,0.0,2000-05-20
7080.999999999999,0.0,2000-05-21
7082.0,0.0,2000-05-22
7082.999999999999,0.0,2000-05-23
7083.999999999999,0.0,2000-05-24
7084.999999999999,0.0,2000-05-25
7086.0,0.0,2000-05-26
7086.999999999999,0.0,2000-05-27
7087.999999999999,0.0,2000-05-28
7088.999999999999,0.0,2000-05-29
7090.0,0.0,2000-05-30
7090.999999999999,0.0,2000-05-31
7091.999999999999,0.0,2000-06-01
7092.999999999999,0.0,2000-06-02
7094.0,0.0,2000-06-03
7094.999999999999,0.0,2000-06-04
7095.999999999999,0.0,2000-06-05
7097.0,0.0,2000-06-06
7098.0,0.0,2000-06-07
7098.999999999999,0.009999999999990905,2000-06-08
7099.999999999999,0.05999999999994543,2000-06-09
7101.0,0.08999999999991815,2000-06-10
7102.0,0.12000000000000455,2000-06-11
7102.999999999999,0.12999999999999545,2000-06-12
7103.999999999999,0.14999999999997726,2000-06-13
7105.0,0.15999999999996817,2000-06-14
7105.999999999999,0.16999999999995907,2000-06-15
7106.999999999999,0.17999999999994998,2000-06-16
7107.999999999999,0.18999999999994088,2000-06-17
7109.0,0.1999999999999318,2000-06-18
7109.999999999999,0.2099999999999227,2000-06-19
7110.999999999999,0.2199999999999136,2000-06-20
7111.999999999999,0.2199999999999136,2000-06-21
7113.0,0.2299999999999045,2000-06-22
7113.999999999999,0.2400000000000091,2000-06-23
7114.999999999999,0.25,2000-06-24
7115.999999999999,0.2599999999999909,2000-06-25
7117.0,0.2599999999999909,2000-06-26
7117.999999999999,0.2699999999999818,2000-06-27
7118.999999999999,0.2699999999999818,2000-06-28
7119.999999999999,0.2699999999999818,2000-06-29
7121.0,0.2799999999999727,2000-06-30
7121.999999999999,0.2799999999999727,2000-07-01
7122.999999999999,0.2799999999999727,2000-07-02
7124.0,0.2899999999999636,2000-07-03
7125.0,0.2899999999999636,2000-07-04
7125.999999999999,0.2999999999999545,2000-07-05
7126.999999999999,0.2999999999999545,2000-07-06
7128.0,0.2999999999999545,2000-07-07
7129.0,0.30999999999994543,2000-07-08
7129.999999999999,0.31999999999993634,2000-07-09
7130.999999999999,0.32999999999992724,2000-07-10
7132.0,0.33999999999991815,2000-07-11
7132.999999999999,0.33999999999991815,2000-07-12
7133.999999999999,0.34999999999990905,2000-07-13
7134.999999999999,0.34999999999990905,2000-07-14
7136.0,0.34999999999990905,2000-07-15
7136.999999999999,0.35999999999989996,2000-07-16
7137.999999999999,0.36999999999989086,2000-07-17
7138.999999999999,0.37999999999988177,2000-07-18
7140.0,0.38999999999998636,2000-07-19
7140.999999999999,0.39999999999997726,2000-07-20
7141.999999999999,0.39999999999997726,2000-07-21
7142.999999999999,0.40999999999996817,2000-07-22
7144.0,0.4199999999999591,2000-07-23
7144.999999999999,0.42999999999995,2000-07-24
7145.999999999999,0.4399999999999409,2000-07-25
7146.999999999999,0.4399999999999409,2000-07-26
7148.0,0.4399999999999409,2000-07-27
7148.999999999999,0.4499999999999318,2000-07-28
7149.999999999999,0.4499999999999318,2000-07-29
7151.0,0.4599999999999227,2000-07-30
7152.0,0.4599999999999227,2000-07-31
7152.999999999999,0.4699999999999136,2000-08-01
7153.999999999999,0.4799999999999045,2000-08-02
7155.0,0.4799999999999045,2000-08-03
7156.0,0.4899999999998954,2000-08-04
7156.999999999999,0.4999999999998863,2000-08-05
7157.999999999999,0.4999999999998863,2000-08-06
7159.0,0.5099999999999909,2000-08-07
7159.999999999999,0.5099999999999909,2000-08-08
7160.999999999999,0.5099999999999909,2000-08-09
7161.999999999999,0.5199999999999818,2000-08-10
7163.0,0.5199999999999818,2000-08-11
7163.999999999999,0.5199999999999818,2000-08-12
7164.999999999999,0.5199999999999818,2000-08-13
7165.999999999999,0.5199999999999818,2000-08-14
7167.0,0.5199999999999818,2000-08-15
7167.999999999999,0.5199999999999818,2000-08-16
7168.999999999999,0.5199999999999818,2000-08-17
7169.999999999999,0.5199999999999818,2000-08-18
7171.0,0.5199999999999818,2000-08-19
7171.999999999999,0.5199999999999818,2000-08-20
7172.999999999999,0.5199999999999818,2000-08-21
7173.999999999999,0.5199999999999818,2000-08-22
7175.0,0.5199999999999818,2000-08-23
7175.999999999999,0.5199999999999818,2000-08-24
7176.999999999999,0.5099999999999909,2000-08-25
7178.0,0.5099999999999909,2000-08-26
7179.0,0.5099999999999909,2000-08-27
7179.999999999999,0.5099999999999909,2000-08-28
7180.999999999999,0.5099999999999909,2000-08-29
7182.0,0.5099999999999909,2000-08-30
7182.999999999999,0.4999999999998863,2000-08-31
7183.999999999999,0.4999999999998863,2000-09-01
7184.999999999999,0.4999999999998863,2000-09-02
7186.0,0.4999999999998863,2000-09-03
7186.999999999999,0.4999999999998863,2000-09-04
7187.999999999999,0.4999999999998863,2000-09-05
7188.999999999999,0.4899999999998954,2000-09-06
7190.0,0.4899999999998954,2000-09-07
7190.999999999999,0.4899999999998954,2000-09-08
7191.999999999999,0.4899999999998954,2000-09-09
7192.999999999999,0.4899999999998954,2000-09-10
7194.0,0.4899999999998954,2000-09-11
7194.999999999999,0.4899999999998954,2000-09-12
7195.999999999999,0.4899999999998954,2000-09-13
7196.999999999999,0.4899999999998954,2000-09-14
7198.0,0.4799999999999045,2000-09-15
7198.999999999999,0.4799999999999045,2000-09-16
7199.999999999999,0.4799999999999045,2000-09-17
7200.999999999999,0.4799999999999045,2000-09-18
7202.0,0.4799999999999045,2000-09-19
7202.999999999999,0.4799999999999045,2000-09-20
7203.999999999999,0.4799999999999045,2000-09-21
7205.0,0.4699999999999136,2000-09-22
7206.0,0.4699999999999136,2000-09-23
7206.999999999999,0.0,2000-09-24
7207.999999999999,0.0,2000-09-25
7209.0,0.0,2000-09-26
7209.999999999999,0.0,2000-09-27
7210.999999999999,0.0,2000-09-28
7211.999999999999,0.0,2000-09-29
7213.0,0.0,2000-09-30
7213.999999999999,0.0,2000-10-01
7214.999999999999,0.0,2000-10-02
7215.999999999999,0.0,2000-10-03
7217.0,0.0,2000-10-04
7217.999999999999,0.0,2000-10-05
7218.999999999999,0.0,2000-10-06
7219.999999999999,0.0,2000-10-07
7221.0,0.0,2000-10-08
7221.999999999999,0.0,2000-10-09
7222.999999999999,0.0,2000-10-10
7223.999999999999,0.0,2000-10-11
7225.0,0.0,2000-10-12
7225.999999999999,0.0,2000-10-13
7226.999999999999,0.0,2000-10-14
7227.999999999999,0.0,2000-10-15
7229.0,0.0,2000-10-16
7229.999999999999,0.0,2000-10-17
7230.999999999999,0.0,2000-10-18
7232.0,0.0,2000-10-19
7233.0,0.0,2000-10-20
7233.999999999999,0.0,2000-10-21
7234.999999999999,0.0,2000-10-22
7236.0,0.0,2000-10-23
7236.999999999999,0.0,2000-10-24
7237.999999999999,0.0,2000-10-25
7238.999999999999,0.0,2000-10-26
7240.0,0.0,2000-10-27
7240.999999999999,0.0,2000-10-28
7241.999999999999,0.0,2000-10-29
7242.999999999999,0.0,2000-10-30
7244.0,0.0,2000-10-31
7244.999999999999,0.0,2000-11-01
7245.999999999999,0.0,2000-11-02
7246.999999999999,0.0,2000-11-03
7248.0,0.0,2000-11-04
7248.999999999999,0.0,2000-11-05
7249.999999999999,0.0,2000-11-06
7250.999999999999,0.0,2000-11-07
7252.0,0.0,2000-11-08
7252.999999999999,0.0,2000-11-09
7253.999999999999,0.0,2000-11-10
7255.0,0.0,2000-11-11
7256.0,0.0,2000-11-12
7256.999999999999,0.0,2000-11-13
7257.999999999999,0.0,2000-11-14
7259.0,0.0,2000-11-15
7260.0,0.0,2000-11-16
7260.999999999999,0.0,2000-11-17
7261.999999999999,0.0,2000-11-18
7263.0,0.0,2000-11-19
7263.999999999999,0.0,2000-11-20
7264.999999999999,0.0,2000-11-21
7265.999999999999,0.0,2000-11-22
7267.0,0.0,2000-11-23
7267.999999999999,0.0,2000-11-24
7268.999999999999,0.0,2000-11-25
7269.999999999999,0.0,2000-11-26
7271.0,0.0,2000-11-27
7271.999999999999,0.0,2000-11-28
7272.999999999999,0.0,2000-11-29
7273.999999999999,0.0,2000-11-30
7275.0,0.0,2000-12-01
7275.999999999999,0.0,2000-12-02
7276.999999999999,0.0,2000-12-03
7277.999999999999,0.0,2000-12-04
7279.0,0.0,2000-12-05
7279.999999999999,0.0,2000-12-06
7280.999999999999,0.0,2000-12-07
7282.0,0.0,2000-12-08
7283.0,0.0,2000-12-09
7283.999999999999,0.0,2000-12-10
7284.999999999999,0.0,2000-12-11
7286.0,0.0,2000-12-12
7287.0,0.0,2000-12-13
7287.999999999999,0.0,2000-12-14
7288.999999999999,0.0,2000-12-15
7290.0,0.0,2000-12-16
7290.999999999999,0.0,2000-12-17
7291.999999999999,0.0,2000-12-18
7292.999999999999,0.0,2000-12-19
7294.0,0.0,2000-12-20
7294.999999999999,0.0,2000-12-21
7295.999999999999,0.0,2000-12-22
7296.999999999999,0.0,2000-12-23
7298.0,0.0,2000-12-24
7298.999999999999,0.0,2000-12-25
7299.999999999999,0.0,2000-12-26
7300.999999999999,0.0,2000-12-27
7302.0,0.0,2000-12-28
7302.999999999999,0.0,2000-12-29
7303.999999999999,0.0,2000-12-30
7304.999999999999,0.0,2000-12-31
7306.0,0.0,2001-01-01
7306.999999999999,0.0,2001-01-02
7307.999999999999,0.0,2001-01-03
7309.0,0.0,2001-01-04
7310.0,0.0,2001-01-05
7310.999999999999,0.0,2001-01-06
7311.999999999999,0.0,2001-01-07
7313.0,0.0,2001-01-08
7314.0,0.0,2001-01-09
7314.999999999999,0.0,2001-01-10
7315.999999999999,0.0,2001-01-11
7317.0,0.0,2001-01-12
7317.999999999999,0.0,2001-01-13
7318.999999999999,0.0,2001-01-14
7319.999999999999,0.0,2001-01-15
7321.0,0.0,2001-01-16
7321.999999999999,0.0,2001-01-17
7322.999999999999,0.0,2001-01-18
7323.999999999999,0.0,2001-01-19
7325.0,0.0,2001-01-20
7325.999999999999,0.0,2001-01-21
7326.999999999999,0.0,2001-01-22
7327.999999999999,0.0,2001-01-23
7329.0,0.0,2001-01-24
7329.999999999999,0.0,2001-01-25
7330.999999999999,0.0,2001-01-26
7331.999999999999,0.0,2001-01-27
7333.0,0.0,2001-01-28
7333.999999999999,0.0,2001-01-29
7334.999999999999,0.0,2001-01-30
7336.0,0.0,2001-01-31
7337.0,0.0,2001-02-01
7337.999999999999,0.0,2001-02-02
7338.999999999999,0.0,2001-02-03
7340.0,0.0,2001-02-04
7341.0,0.0,2001-02-05
7341.999999999999,0.0,2001-02-06
7342.999999999999,0.0,2001-02-07
7344.0,0.0,2001-02-08
7344.999999999999,0.0,2001-02-09
7345.999999999999,0.0,2001-02-10
7346.999999999999,0.0,2001-02-11
7348.0,0.0,2001-02-12
7348.999999999999,0.0,2001-02-13
7349.999999999999,0.0,2001-02-14
7350.999999999999,0.0,2001-02-15
7352.0,0.0,2001-02-16
7352.999999999999,0.0,2001-02-17
7353.999999999999,0.0,2001-02-18
7354.999999999999,0.0,2001-02-19
7356.0,0.0,2001-02-20
7356.999999999999,0.0,2001-02-21
7357.999999999999,0.0,2001-02-22
7358.999999999999,0.0,2001-02-23
7360.0,0.0,2001-02-24
7360.999999999999,0.0,2001-02-25
7361.999999999999,0.0,2001-02-26
7363.0,0.0,2001-02-27
7364.0,0.0,2001-02-28
7364.999999999999,0.0,2001-03-01
7365.999999999999,0.0,2001-03-02
7367.0,0.0,2001-03-03
7368.0,0.0,2001-03-04
7368.999999999999,0.0,2001-03-05
7369.999999999999,0.0,2001-03-06
7371.0,0.0,2001-03-07
7371.999999999999,0.0,2001-03-08
7372.999999999999,0.0,2001-03-09
7373.999999999999,0.0,2001-03-10
7375.0,0.0,2001-03-11
7375.999999999999,0.0,2001-03-12
7376.999999999999,0.0,2001-03-13
7377.999999999999,0.0,2001-03-14
7379.0,0.0,2001-03-15
7379.999999999999,0.0,2001-03-16
7380.999999999999,0.0,2001-03-17
7381.999999999999,0.0,2001-03-18
7383.0,0.0,2001-03-19
7383.999999999999,0.0,2001-03-20
7384.999999999999,0.0,2001-03-21
7385.999999999999,0.0,2001-03-22
7387.0,0.0,2001-03-23
7387.999999999999,0.0,2001-03-24
7388.999999999999,0.0,2001-03-25
7390.0,0.0,2001-03-26
7391.0,0.0,2001-03-27
7391.999999999999,0.0,2001-03-28
7392.999999999999,0.0,2001-03-29
7394.0,0.0,2001-03-30
7395.0,0.0,2001-03-31
7395.999999999999,0.0,2001-04-01
7396.999999999999,0.0,2001-04-02
7398.0,0.0,2001-04-03
7398.999999999999,0.0,2001-04-04
7399.999999999999,0.0,2001-04-05
7400.999999999999,0.0,2001-04-06
7402.0,0.0,2001-04-07
7402.999999999999,0.0,2001-04-08
7403.999999999999,0.0,2001-04-09
7404.999999999999,0.0,2001-04-10
7406.0,0.0,2001-04-11
7406.999999999999,0.0,2001-04-12
7407.999999999999,0.0,2001-04-13
7408.999999999999,0.0,2001-04-14
7410.0,0.0,2001-04-15
7410.999999999999,0.0,2001-04-16
7411.999999999999,0.0,2001-04-17
7412.999999999999,0.0,2001-04-18
7414.0,0.0,2001-04-19
7414.999999999999,0.0,2001-04-20
7415.999999999999,0.0,2001-04-21
7417.0,0.0,2001-04-22
7418.0,0.0,2001-04-23
7418.999999999999,0.0,2001-04-24
7419.999999999999,0.0,2001-04-25
7421.0,0.0,2001-04-26
7421.999999999999,0.0,2001-04-27
7422.999999999999,0.0,2001-04-28
7423.999999999999,0.0,2001-04-29
7425.0,0.0,2001-04-30
7425.999999999999,0.0,2001-05-01
7426.999999999999,0.0,2001-05-02
7427.999999999999,0.0,2001-05-03
7429.0,0.0,2001-05-04
7429.999999999999,0.0,2001-05-05
7430.999999999999,0.0,2001-05-06
7431.999999999999,0.0,2001-05-07
7433.0,0.0,2001-05-08
7433.999999999999,0.0,2001-05-09
7434.999999999999,0.0,2001-05-10
7435.999999999999,0.0,2001-05-11
7437.0,0.0,2001-05-12
7437.999999999999,0.0,2001-05-13
7438.999999999999,0.0,2001-05-14
7439.999999999999,0.0,2001-05-15
7441.0,0.0,2001-05-16
7441.999999999999,0.0,2001-05-17
7442.999999999999,0.0,2001-05-18
7444.0,0.0,2001-05-19
7445.0,0.0,2001-05-20
7445.999999999999,0.0,2001-05-21
7446.999999999999,0.0,2001-05-22
7448.0,0.0,2001-05-23
7448.999999999999,0.0,2001-05-24
7449.999999999999,0.0,2001-05-25
7450.999999999999,0.0,2001-05-26
7452.0,0.0,2001-05-27
7452.999999999999,0.0,2001-05-28
7453.999999999999,0.0,2001-05-29
7454.999999999999,0.0,2001-05-30
7456.0,0.0,2001-05-31
7456.999999999999,0.0,2001-06-01
7457.999999999999,0.0,2001-06-02
7458.999999999999,0.0,2001-06-03
7460.0,0.0,2001-06-04
7460.999999999999,0.0,2001-06-05
7461.999999999999,0.0,2001-06-06
7462.999999999999,0.0,2001-06-07
7464.0,0.0,2001-06-08
7464.999999999999,0.0,2001-06-09
7465.999999999999,0.029999999999972715,2001-06-10
7466.999999999999,0.05999999999994543,2001-06-11
7468.0,0.07999999999992724,2001-06-12
7468.999999999999,0.09999999999990905,2001-06-13
7469.999999999999,0.10999999999989996,2001-06-14
7471.0,0.12000000000000455,2001-06-15
7472.0,0.13999999999998636,2001-06-16
7472.999999999999,0.14999999999997726,2001-06-17
7473.999999999999,0.15999999999996817,2001-06-18
7475.0,0.15999999999996817,2001-06-19
7475.999999999999,0.16999999999995907,2001-06-20
7476.999999999999,0.16999999999995907,2001-06-21
7477.999999999999,0.17999999999994998,2001-06-22
7479.0,0.18999999999994088,2001-06-23
7479.999999999999,0.2099999999999227,2001-06-24
7480.999999999999,0.2199999999999136,2001-06-25
7481.999999999999,0.2299999999999045,2001-06-26
7483.0,0.2400000000000091,2001-06-27
7483.999999999999,0.2400000000000091,2001-06-28
7484.999999999999,0.25,2001-06-29
7485.999999999999,0.2599999999999909,2001-06-30
7487.0,0.2599999999999909,2001-07-01
7487.999999999999,0.2699999999999818,2001-07-02
7488.999999999999,0.2799999999999727,2001-07-03
7489.999999999999,0.2899999999999636,2001-07-04
7491.0,0.2899999999999636,2001-07-05
7491.999999999999,0.2899999999999636,2001-07-06
7492.999999999999,0.2899999999999636,2001-07-07
7493.999999999999,0.2899999999999636,2001-07-08
7495.0,0.2899999999999636,2001-07-09
7495.999999999999,0.2899999999999636,2001-07-10
7496.999999999999,0.2899999999999636,2001-07-11
7498.0,0.2899999999999636,2001-07-12
7499.0,0.2899999999999636,2001-07-13
7499.999999999999,0.2899999999999636,2001-07-14
7500.999999999999,0.2999999999999545,2001-07-15
7502.0,0.2999999999999545,2001-07-16
7502.999999999999,0.30999999999994543,2001-07-17
7503.999999999999,0.31999999999993634,2001-07-18
7504.999999999999,0.32999999999992724,2001-07-19
7506.0,0.33999999999991815,2001-07-20
7506.999999999999,0.34999999999990905,2001-07-21
7507.999999999999,0.35999999999989996,2001-07-22
7508.999999999999,0.36999999999989086,2001-07-23
7510.0,0.37999999999988177,2001-07-24
7510.999999999999,0.38999999999998636,2001-07-25
7511.999999999999,0.39999999999997726,2001-07-26
7512.999999999999,0.40999999999996817,2001-07-27
7514.0,0.40999999999996817,2001-07-28
7514.999999999999,0.4199999999999591,2001-07-29
7515.999999999999,0.4199999999999591,2001-07-30
7516.999999999999,0.4199999999999591,2001-07-31
7518.0,0.42999999999995,2001-08-01
7518.999999999999,0.42999999999995,2001-08-02
7519.999999999999,0.42999999999995,2001-08-03
7520.999999999999,0.4399999999999409,2001-08-04
7522.0,0.4399999999999409,2001-08-05
7522.999999999999,0.4399999999999409,2001-08-06
7523.999999999999,0.4399999999999409,2001-08-07
7525.0,0.4399999999999409,2001-08-08
7526.0,0.4499999999999318,2001-08-09
7526.999999999999,0.4499999999999318,2001-08-10
7527.999999999999,0.4599999999999227,2001-08-11
7529.0,0.4699999999999136,2001-08-12
7529.999999999999,0.4699999999999136,2001-08-13
7530.999999999999,0.4799999999999045,2001-08-14
7531.999999999999,0.4799999999999045,2001-08-15
7533.0,0.4899999999998954,2001-08-16
7533.999999999999,0.4899999999998954,2001-08-17
7534.999999999999,0.4899999999998954,2001-08-18
7535.999999999999,0.4899999999998954,2001-08-19
7537.0,0.4899999999998954,2001-08-20
7537.999999999999,0.4899999999998954,2001-08-21
7538.999999999999,0.4999999999998863,2001-08-22
7539.999999999999,0.4999999999998863,2001-08-23
7541.0,0.4999999999998863,2001-08-24
7541.999999999999,0.5099999999999909,2001-08-25
7542.999999999999,0.5099999999999909,2001-08-26
7543.999999999999,0.5199999999999818,2001-08-27
7545.0,0.5199999999999818,2001-08-28
7545.999999999999,0.5299999999999727,2001-08-29
7546.999999999999,0.5299999999999727,2001-08-30
7547.999999999999,0.5399999999999636,2001-08-31
7549.0,0.5399999999999636,2001-09-01
7549.999999999999,0.5499999999999545,2001-09-02
7550.999999999999,0.5499999999999545,2001-09-03
7552.0,0.5499999999999545,2001-09-04
7553.0,0.5499999999999545,2001-09-05
7553.999999999999,0.5599999999999454,2001-09-06
7554.999999999999,0.5599999999999454,2001-09-07
7556.0,0.5599999999999454,2001-09-08
7556.999999999999,0.5599999999999454,2001-09-09
7557.999999999999,0.5599999999999454,2001-09-10
7558.999999999999,0.5599999999999454,2001-09-11
7560.0,0.5599999999999454,2001-09-12
7560.999999999999,0.5599999999999454,2001-09-13
7561.999999999999,0.5599999999999454,2001-09-14
7562.999999999999,0.5599999999999454,2001-09-15
7564.0,0.5599999999999454,2001-09-16
7564.999999999999,0.0,2001-09-17
7565.999999999999,0.0,2001-09-18
7566.999999999999,0.0,2001-09-19
7568.0,0.0,2001-09-20
7568.999999999999,0.0,2001-09-21
7569.999999999999,0.0,2001-09-22
7570.999999999999,0.0,2001-09-23
7572.0,0.0,2001-09-24
7572.999999999999,0.0,2001-09-25
7573.999999999999,0.0,2001-09-26
7574.999999999999,0.0,2001-09-27
7576.0,0.0,2001-09-28
7576.999999999999,0.0,2001-09-29
7577.999999999999,0.0,2001-09-30
7579.0,0.0,2001-10-01
7580.0,0.0,2001-10-02
7580.999999999999,0.0,2001-10-03
7581.999999999999,0.0,2001-10-04
7583.0,0.0,2001-10-05
7583.999999999999,0.0,2001-10-06
7584.999999999999,0.0,2001-10-07
7585.999999999999,0.0,2001-10-08
7587.0,0.0,2001-10-09
7587.999999999999,0.0,2001-10-10
7588.999999999999,0.0,2001-10-11
7589.999999999999,0.0,2001-10-12
7591.0,0.0,2001-10-13
7591.999999999999,0.0,2001-10-14
7592.999999999999,0.0,2001-10-15
7593.999999999999,0.0,2001-10-16
7595.0,0.0,2001-10-17
7595.999999999999,0.0,2001-10-18
7596.999999999999,0.0,2001-10-19
7597.999999999999,0.0,2001-10-20
7599.0,0.0,2001-10-21
7599.999999999999,0.0,2001-10-22
7600.999999999999,0.0,2001-10-23
7601.999999999999,0.0,2001-10-24
7603.0,0.0,2001-10-25
7603.999999999999,0.0,2001-10-26
7604.999999999999,0.0,2001-10-27
7606.0,0.0,2001-10-28
7607.0,0.0,2001-10-29
7607.999999999999,0.0,2001-10-30
7608.999999999999,0.0,2001-10-31
7610.0,0.0,2001-11-01
7610.999999999999,0.0,2001-11-02
7611.999999999999,0.0,2001-11-03
7612.999999999999,0.0,2001-11-04
7614.0,0.0,2001-11-05
7614.999999999999,0.0,2001-11-06
7615.999999999999,0.0,2001-11-07
7616.999999999999,0.0,2001-11-08
7618.0,0.0,2001-11-09
7618.999999999999,0.0,2001-11-10
7619.999999999999,0.0,2001-11-11
7620.999999999999,0.0,2001-11-12
7622.0,0.0,2001-11-13
7622.999999999999,0.0,2001-11-14
7623.999999999999,0.0,2001-11-15
7624.999999999999,0.0,2001-11-16
7626.0,0.0,2001-11-17
7626.999999999999,0.0,2001-11-18
7627.999999999999,0.0,2001-11-19
7628.999999999999,0.0,2001-11-20
7630.0,0.0,2001-11-21
7630.999999999999,0.0,2001-11-22
7631.999999999999,0.0,2001-11-23
7633.0,0.0,2001-11-24
7634.0,0.0,2001-11-25
7634.999999999999,0.0,2001-11-26
7635.999999999999,0.0,2001-11-27
7637.0,0.0,2001-11-28
7637.999999999999,0.0,2001-11-29
7638.999999999999,0.0,2001-11-30
7639.999999999999,0.0,2001-12-01
7641.0,0.0,2001-12-02
7641.999999999999,0.0,2001-12-03
7642.999999999999,0.0,2001-12-04
7643.999999999999,0.0,2001-12-05
7645.0,0.0,2001-12-06
7645.999999999999,0.0,2001-12-07
7646.999999999999,0.0,2001-12-08
7647.999999999999,0.0,2001-12-09
7649.0,0.0,2001-12-10
7649.999999999999,0.0,2001-12-11
7650.999999999999,0.0,2001-12-12
7651.999999999999,0.0,2001-12-13
7653.0,0.0,2001-12-14
7653.999999999999,0.0,2001-12-15
7654.999999999999,0.0,2001-12-16
7655.999999999998,0.0,2001-12-17
7657.0,0.0,2001-12-18
7657.999999999999,0.0,2001-12-19
7658.999999999999,0.0,2001-12-20
7660.0,0.0,2001-12-21
7661.0,0.0,2001-12-22
7661.999999999999,0.0,2001-12-23
7662.999999999999,0.0,2001-12-24
7664.0,0.0,2001-12-25
7664.999999999999,0.0,2001-12-26
7665.999999999999,0.0,2001-12-27
7666.999999999999,0.0,2001-12-28
7668.0,0.0,2001-12-29
7668.999999999999,0.0,2001-12-30
7669.999999999999,0.0,2001-12-31
7670.999999999999,0.0,2002-01-01
7672.0,0.0,2002-01-02
7672.999999999999,0.0,2002-01-03
7673.999999999999,0.0,2002-01-04
7674.999999999999,0.0,2002-01-05
7676.0,0.0,2002-01-06
7676.999999999999,0.0,2002-01-07
7677.999999999999,0.0,2002-01-08
7678.999999999999,0.0,2002-01-09
7680.0,0.0,2002-01-10
7680.999999999999,0.0,2002-01-11
7681.999999999999,0.0,2002-01-12
7682.999999999998,0.0,2002-01-13
7684.0,0.0,2002-01-14
7684.999999999999,0.0,2002-01-15
7685.999999999999,0.0,2002-01-16
7687.0,0.0,2002-01-17
7687.999999999999,0.0,2002-01-18
7688.999999999999,0.0,2002-01-19
7689.999999999999,0.0,2002-01-20
7691.0,0.0,2002-01-21
7691.999999999999,0.0,2002-01-22
7692.999999999999,0.0,2002-01-23
7693.999999999999,0.0,2002-01-24
7695.0,0.0,2002-01-25
7695.999999999999,0.0,2002-01-26
7696.999999999999,0.0,2002-01-27
7697.999999999999,0.0,2002-01-28
7699.0,0.0,2002-01-29
7699.999999999999,0.0,2002-01-30
7700.999999999999,0.0,2002-01-31
7701.999999999999,0.0,2002-02-01
7703.0,0.0,2002-02-02
7703.999999999999,0.0,2002-02-03
7704.999999999999,0.0,2002-02-04
7705.999999999999,0.0,2002-02-05
7707.0,0.0,2002-02-06
7707.999999999999,0.0,2002-02-07
7708.999999999999,0.0,2002-02-08
7710.0,0.0,2002-02-09
7711.0,0.0,2002-02-10
7711.999999999999,0.0,2002-02-11
7712.999999999999,0.0,2002-02-12
7714.0,0.0,2002-02-13
7714.999999999999,0.0,2002-02-14
7715.999999999999,0.0,2002-02-15
7716.999999999999,0.0,2002-02-16
7718.0,0.0,2002-02-17
7718.999999999999,0.0,2002-02-18
7719.999999999999,0.0,2002-02-19
7720.999999999999,0.0,2002-02-20
7722.0,0.0,2002-02-21
7722.999999999999,0.0,2002-02-22
7723.999999999999,0.0,2002-02-23
7724.999999999999,0.0,2002-02-24
7726.0,0.0,2002-02-25
7726.999999999999,0.0,2002-02-26
7727.999999999999,0.0,2002-02-27
7728.999999999999,0.0,2002-02-28
7730.0,0.0,2002-03-01
7730.999999999999,0.0,2002-03-02
7731.999999999999,0.0,2002-03-03
7732.999999999999,0.0,2002-03-04
7734.0,0.0,2002-03-05
7734.999999999999,0.0,2002-03-06
7735.999999999999,0.0,2002-03-07
7737.0,0.0,2002-03-08
7738.0,0.0,2002-03-09
7738.999999999999,0.0,2002-03-10
7739.999999999999,0.0,2002-03-11
7741.0,0.0,2002-03-12
7741.999999999999,0.0,2002-03-13
7742.999999999999,0.0,2002-03-14
7743.999999999999,0.0,2002-03-15
7745.0,0.0,2002-03-16
7745.999999999999,0.0,2002-03-17
7746.999999999999,0.0,2002-03-18
7747.999999999999,0.0,2002-03-19
7749.0,0.0,2002-03-20
7749.999999999999,0.0,2002-03-21
7750.999999999999,0.0,2002-03-22
7751.999999999999,0.0,2002-03-23
7753.0,0.0,2002-03-24
7753.999999999999,0.0,2002-03-25
7754.999999999999,0.0,2002-03-26
7755.999999999999,0.0,2002-03-27
7757.0,0.0,2002-03-28
7757.999999999999,0.0,2002-03-29
7758.999999999999,0.0,2002-03-30
7759.999999999999,0.0,2002-03-31
7761.0,0.0,2002-04-01
7761.999999999999,0.0,2002-04-02
7762.999999999999,0.0,2002-04-03
7764.0,0.0,2002-04-04
7765.0,0.0,2002-04-05
7765.999999999999,0.0,2002-04-06
7766.999999999999,0.0,2002-04-07
7768.0,0.0,2002-04-08
7768.999999999999,0.0,2002-04-09
7769.999999999999,0.0,2002-04-10
7770.999999999999,0.0,2002-04-11
7772.0,0.0,2002-04-12
7772.999999999999,0.0,2002-04-13
7773.999999999999,0.0,2002-04-14
7774.999999999999,0.0,2002-04-15
7776.0,0.0,2002-04-16
7776.999999999999,0.0,2002-04-17
7777.999999999999,0.0,2002-04-18
7778.999999999999,0.0,2002-04-19
7780.0,0.0,2002-04-20
7780.999999999999,0.0,2002-04-21
7781.999999999999,0.0,2002-04-22
7782.999999999999,0.0,2002-04-23
7784.0,0.0,2002-04-24
7784.999999999999,0.0,2002-04-25
7785.999999999999,0.0,2002-04-26
7786.999999999999,0.0,2002-04-27
7788.0,0.0,2002-04-28
7788.999999999999,0.0,2002-04-29
7789.999999999999,0.0,2002-04-30
7791.0,0.0,2002-05-01
7792.0,0.0,2002-05-02
7792.999999999999,0.0,2002-05-03
7793.999999999999,0.0,2002-05-04
7795.0,0.0,2002-05-05
7795.999999999999,0.0,2002-05-06
7796.999999999999,0.0,2002-05-07
7797.999999999999,0.0,2002-05-08
7799.0,0.0,2002-05-09
7799.999999999999,0.0,2002-05-10
7800.999999999999,0.0,2002-05-11
7801.999999999999,0.0,2002-05-12
7803.0,0.0,2002-05-13
7803.999999999999,0.0,2002-05-14
7804.999999999999,0.0,2002-05-15
7805.999999999999,0.0,2002-05-16
7807.0,0.0,2002-05-17
7807.999999999999,0.0,2002-05-18
7808.999999999999,0.0,2002-05-19
7809.999999999999,0.0,2002-05-20
7811.0,0.0,2002-05-21
7811.999999999999,0.0,2002-05-22
7812.999999999999,0.0,2002-05-23
7813.999999999999,0.0,2002-05-24
7815.0,0.0,2002-05-25
7815.999999999999,0.01999999999998181,2002-05-26
7816.999999999999,0.01999999999998181,2002-05-27
7818.0,0.01999999999998181,2002-05-28
7819.0,0.009999999999990905,2002-05-29
7819.999999999999,0.009999999999990905,2002-05-30
7820.999999999999,0.03999999999996362,2002-05-31
7822.0,0.049999999999954525,2002-06-01
7822.999999999999,0.05999999999994543,2002-06-02
7823.999999999999,0.06999999999993634,2002-06-03
7824.999999999999,0.08999999999991815,2002-06-04
7826.0,0.09999999999990905,2002-06-05
7826.999999999999,0.12000000000000455,2002-06-06
7827.999999999999,0.12999999999999545,2002-06-07
7828.999999999999,0.13999999999998636,2002-06-08
7830.0,0.14999999999997726,2002-06-09
7830.999999999999,0.15999999999996817,2002-06-10
7831.999999999999,0.16999999999995907,2002-06-11
7832.999999999999,0.16999999999995907,2002-06-12
7834.0,0.17999999999994998,2002-06-13
7834.999999999999,0.17999999999994998,2002-06-14
7835.999999999999,0.18999999999994088,2002-06-15
7836.999999999999,0.18999999999994088,2002-06-16
7838.0,0.18999999999994088,2002-06-17
7838.999999999999,0.1999999999999318,2002-06-18
7839.999999999999,0.2099999999999227,2002-06-19
7840.999999999999,0.2099999999999227,2002-06-20
7842.0,0.2099999999999227,2002-06-21
7842.999999999999,0.2099999999999227,2002-06-22
7843.999999999999,0.2099999999999227,2002-06-23
7845.0,0.2099999999999227,2002-06-24
7846.0,0.2199999999999136,2002-06-25
7846.999999999999,0.2199999999999136,2002-06-26
7847.999999999999,0.2299999999999045,2002-06-27
7849.0,0.2400000000000091,2002-06-28
7849.999999999999,0.2400000000000091,2002-06-29
7850.999999999999,0.2400000000000091,2002-06-30
7851.999999999999,0.25,2002-07-01
7853.0,0.25,2002-07-02
7853.999999999999,0.25,2002-07-03
7854.999999999999,0.25,2002-07-04
7855.999999999999,0.25,2002-07-05
7857.0,0.2400000000000091,2002-07-06
7857.999999999999,0.2400000000000091,2002-07-07
7858.999999999999,0.25,2002-07-08
7859.999999999999,0.25,2002-07-09
7861.0,0.2599999999999909,2002-07-10
7861.999999999999,0.2699999999999818,2002-07-11
7862.999999999999,0.2799999999999727,2002-07-12
7863.999999999999,0.2799999999999727,2002-07-13
7865.0,0.2899999999999636,2002-07-14
7865.999999999999,0.2999999999999545,2002-07-15
7866.999999999999,0.30999999999994543,2002-07-16
7867.999999999999,0.30999999999994543,2002-07-17
7869.0,0.31999999999993634,2002-07-18
7869.999999999999,0.33999999999991815,2002-07-19
7870.999999999999,0.34999999999990905,2002-07-20
7872.0,0.36999999999989086,2002-07-21
7873.0,0.38999999999998636,2002-07-22
7873.999999999999,0.39999999999997726,2002-07-23
7874.999999999999,0.40999999999996817,2002-07-24
7876.0,0.4199999999999591,2002-07-25
7876.999999999999,0.42999999999995,2002-07-26
7877.999999999999,0.42999999999995,2002-07-27
7878.999999999999,0.4399999999999409,2002-07-28
7880.0,0.4399999999999409,2002-07-29
7880.999999999999,0.4399999999999409,2002-07-30
7881.999999999999,0.4499999999999318,2002-07-31
7882.999999999999,0.4599999999999227,2002-08-01
7884.0,0.4699999999999136,2002-08-02
7884.999999999999,0.4799999999999045,2002-08-03
7885.999999999999,0.4799999999999045,2002-08-04
7886.999999999999,0.4899999999998954,2002-08-05
7888.0,0.4999999999998863,2002-08-06
7888.999999999999,0.4999999999998863,2002-08-07
7889.999999999999,0.4999999999998863,2002-08-08
7890.999999999999,0.4999999999998863,2002-08-09
7892.0,0.4999999999998863,2002-08-10
7892.999999999999,0.4999999999998863,2002-08-11
7893.999999999999,0.4999999999998863,2002-08-12
7894.999999999998,0.4999999999998863,2002-08-13
7896.0,0.4899999999998954,2002-08-14
7896.999999999999,0.4899999999998954,2002-08-15
7897.999999999999,0.4899999999998954,2002-08-16
7899.0,0.4899999999998954,2002-08-17
7900.0,0.4899999999998954,2002-08-18
7900.999999999999,0.4799999999999045,2002-08-19
7901.999999999999,0.4799999999999045,2002-08-20
7903.0,0.4799999999999045,2002-08-21
7903.999999999999,0.4799999999999045,2002-08-22
7904.999999999999,0.4799999999999045,2002-08-23
7905.999999999999,0.4699999999999136,2002-08-24
7907.0,0.4699999999999136,2002-08-25
7907.999999999999,0.4699999999999136,2002-08-26
7908.999999999999,0.4699999999999136,2002-08-27
7909.999999999999,0.4699999999999136,2002-08-28
7911.0,0.4599999999999227,2002-08-29
7911.999999999999,0.4599999999999227,2002-08-30
7912.999999999999,0.4599999999999227,2002-08-31
7913.999999999999,0.4599999999999227,2002-09-01
7915.0,0.4599999999999227,2002-09-02
7915.999999999999,0.4499999999999318,2002-09-03
7916.999999999999,0.4499999999999318,2002-09-04
7917.999999999999,0.4499999999999318,2002-09-05
7919.0,0.4499999999999318,2002-09-06
7919.999999999999,0.4499999999999318,2002-09-07
7920.999999999999,0.4599999999999227,2002-09-08
7921.999999999998,0.4599999999999227,2002-09-09
7923.0,0.4599999999999227,2002-09-10
7923.999999999999,0.4599999999999227,2002-09-11
7924.999999999999,0.4599999999999227,2002-09-12
7926.0,0.4599999999999227,2002-09-13
7926.999999999999,0.4599999999999227,2002-09-14
7927.999999999999,0.4599999999999227,2002-09-15
7928.999999999999,0.4599999999999227,2002-09-16
7930.0,0.4599999999999227,2002-09-17
7930.999999999999,0.4599999999999227,2002-09-18
7931.999999999999,0.4599999999999227,2002-09-19
7932.999999999999,0.4599999999999227,2002-09-20
7934.0,0.4599999999999227,2002-09-21
7934.999999999999,0.4599999999999227,2002-09-22
7935.999999999999,0.4599999999999227,2002-09-23
7936.999999999999,0.4599999999999227,2002-09-24
7938.0,0.4599999999999227,2002-09-25
7938.999999999999,0.4599999999999227,2002-09-26
7939.999999999999,0.4599999999999227,2002-09-27
7940.999999999999,0.4599999999999227,2002-09-28
7942.0,0.4599999999999227,2002-09-29
7942.999999999999,0.4499999999999318,2002-09-30
7943.999999999999,0.4499999999999318,2002-10-01
7944.999999999999,0.4499999999999318,2002-10-02
7946.0,0.4499999999999318,2002-10-03
7946.999999999999,0.4499999999999318,2002-10-04
7947.999999999999,0.4499999999999318,2002-10-05
7948.999999999998,0.0,2002-10-06
7950.0,0.0,2002-10-07
7950.999999999999,0.0,2002-10-08
7951.999999999999,0.0,2002-10-09
7953.0,0.0,2002-10-10
7953.999999999999,0.0,2002-10-11
7954.999999999999,0.0,2002-10-12
7955.999999999999,0.0,2002-10-13
7957.0,0.0,2002-10-14
7957.999999999999,0.0,2002-10-15
7958.999999999999,0.0,2002-10-16
7959.999999999999,0.0,2002-10-17
7961.0,0.0,2002-10-18
7961.999999999999,0.0,2002-10-19
7962.999999999999,0.0,2002-10-20
7963.999999999999,0.0,2002-10-21
7965.0,0.0,2002-10-22
7965.999999999999,0.0,2002-10-23
7966.999999999999,0.0,2002-10-24
7967.999999999999,0.0,2002-10-25
7969.0,0.0,2002-10-26
7969.999999999999,0.0,2002-10-27
7970.999999999999,0.0,2002-10-28
7971.999999999999,0.0,2002-10-29
7973.0,0.0,2002-10-30
7973.999999999999,0.0,2002-10-31
7974.999999999999,0.0,2002-11-01
7975.999999999998,0.0,2002-11-02
7977.0,0.0,2002-11-03
7977.999999999999,0.0,2002-11-04
7978.999999999999,0.0,2002-11-05
7980.0,0.0,2002-11-06
7980.999999999999,0.0,2002-11-07
7981.999999999999,0.0,2002-11-08
7982.999999999999,0.0,2002-11-09
7984.0,0.0,2002-11-10
7984.999999999999,0.0,2002-11-11
7985.999999999999,0.0,2002-11-12
7986.999999999999,0.0,2002-11-13
7988.0,0.0,2002-11-14
7988.999999999999,0.0,2002-11-15
7989.999999999999,0.0,2002-11-16
7990.999999999999,0.0,2002-11-17
7992.0,0.0,2002-11-18
7992.999999999999,0.0,2002-11-19
7993.999999999999,0.0,2002-11-20
7994.999999999999,0.0,2002-11-21
7996.0,0.0,2002-11-22
7996.999999999999,0.0,2002-11-23
7997.999999999999,0.0,2002-11-24
7998.999999999999,0.0,2002-11-25
8000.0,0.0,2002-11-26
8000.999999999999,0.0,2002-11-27
8001.999999999999,0.0,2002-11-28
8002.999999999998,0.0,2002-11-29
8004.0,0.0,2002-11-30
8004.999999999999,0.0,2002-12-01
8005.999999999999,0.0,2002-12-02
8007.0,0.0,2002-12-03
8007.999999999999,0.0,2002-12-04
8008.999999999999,0.0,2002-12-05
8009.999999999999,0.0,2002-12-06
8011.0,0.0,2002-12-07
8011.999999999999,0.0,2002-12-08
8012.999999999999,0.0,2002-12-09
8013.999999999999,0.0,2002-12-10
8015.0,0.0,2002-12-11
8015.999999999999,0.0,2002-12-12
8016.999999999999,0.0,2002-12-13
8017.999999999999,0.0,2002-12-14
8019.0,0.0,2002-12-15
8019.999999999999,0.0,2002-12-16
8020.999999999999,0.0,2002-12-17
8021.999999999999,0.0,2002-12-18
8023.0,0.0,2002-12-19
8023.999999999999,0.0,2002-12-20
8024.999999999999,0.0,2002-12-21
8025.999999999999,0.0,2002-12-22
8027.0,0.0,2002-12-23
8027.999999999999,0.0,2002-12-24
8028.999999999999,0.0,2002-12-25
8029.999999999998,0.0,2002-12-26
8031.0,0.0,2002-12-27
8031.999999999999,0.0,2002-12-28
8032.999999999999,0.0,2002-12-29
8034.0,0.0,2002-12-30
8034.999999999999,0.0,2002-12-31
8035.999999999999,0.0,2003-01-01
8036.999999999999,0.0,2003-01-02
8038.0,0.0,2003-01-03
8038.999999999999,0.0,2003-01-04
8039.999999999999,0.0,2003-01-05
8040.999999999999,0.0,2003-01-06
8042.0,0.0,2003-01-07
8042.999999999999,0.0,2003-01-08
8043.999999999999,0.0,2003-01-09
8044.999999999999,0.0,2003-01-10
8046.0,0.0,2003-01-11
8046.999999999999,0.0,2003-01-12
8047.999999999999,0.0,2003-01-13
8048.999999999999,0.0,2003-01-14
8050.0,0.0,2003-01-15
8050.999999999999,0.0,2003-01-16
8051.999999999999,0.0,2003-01-17
8052.999999999999,0.0,2003-01-18
8054.0,0.0,2003-01-19
8054.999999999999,0.0,2003-01-20
8055.999999999999,0.0,2003-01-21
8056.999999999998,0.0,2003-01-22
8058.0,0.0,2003-01-23
8058.999999999999,0.0,2003-01-24
8059.999999999999,0.0,2003-01-25
8061.0,0.0,2003-01-26
8061.999999999999,0.0,2003-01-27
8062.999999999999,0.0,2003-01-28
8063.999999999999,0.0,2003-01-29
8065.0,0.0,2003-01-30
8065.999999999999,0.0,2003-01-31
8066.999999999999,0.0,2003-02-01
8067.999999999999,0.0,2003-02-02
8069.0,0.0,2003-02-03
8069.999999999999,0.0,2003-02-04
8070.999999999999,0.0,2003-02-05
8071.999999999999,0.0,2003-02-06
8073.0,0.0,2003-02-07
8073.999999999999,0.0,2003-02-08
8074.999999999999,0.0,2003-02-09
8075.999999999999,0.0,2003-02-10
8077.0,0.0,2003-02-11
8077.999999999999,0.0,2003-02-12
8078.999999999999,0.0,2003-02-13
8079.999999999999,0.0,2003-02-14
8081.0,0.0,2003-02-15
8081.999999999999,0.0,2003-02-16
8082.999999999999,0.0,2003-02-17
8083.999999999998,0.0,2003-02-18
8085.0,0.0,2003-02-19
8085.999999999999,0.0,2003-02-20
8086.999999999999,0.0,2003-02-21
8088.0,0.0,2003-02-22
8088.999999999999,0.0,2003-02-23
8089.999999999999,0.0,2003-02-24
8090.999999999999,0.0,2003-02-25
8092.0,0.0,2003-02-26
8092.999999999999,0.0,2003-02-27
8093.999999999999,0.0,2003-02-28
8094.999999999999,0.0,2003-03-01
8096.0,0.0,2003-03-02
8096.999999999999,0.0,2003-03-03
8097.999999999999,0.0,2003-03-04
8098.999999999999,0.0,2003-03-05
8100.0,0.0,2003-03-06
8100.999999999999,0.0,2003-03-07
8101.999999999999,0.0,2003-03-08
8102.999999999999,0.0,2003-03-09
8104.0,0.0,2003-03-10
8104.999999999999,0.0,2003-03-11
8105.999999999999,0.0,2003-03-12
8106.999999999999,0.0,2003-03-13
8108.0,0.0,2003-03-14
8108.999999999999,0.0,2003-03-15
8109.999999999999,0.0,2003-03-16
8110.999999999998,0.0,2003-03-17
8112.0,0.0,2003-03-18
8112.999999999999,0.0,2003-03-19
8113.999999999999,0.0,2003-03-20
8115.0,0.0,2003-03-21
8115.999999999999,0.0,2003-03-22
8116.999999999999,0.0,2003-03-23
8117.999999999999,0.0,2003-03-24
8119.0,0.0,2003-03-25
8119.999999999999,0.0,2003-03-26
8120.999999999999,0.0,2003-03-27
8121.999999999999,0.0,2003-03-28
8123.0,0.0,2003-03-29
8123.999999999999,0.0,2003-03-30
8124.999999999999,0.0,2003-03-31
8125.999999999999,0.0,2003-04-01
8127.0,0.0,2003-04-02
8127.999999999999,0.0,2003-04-03
8128.999999999999,0.0,2003-04-04
8129.999999999999,0.0,2003-04-05
8131.0,0.0,2003-04-06
8131.999999999999,0.0,2003-04-07
8132.999999999999,0.0,2003-04-08
8133.999999999998,0.0,2003-04-09
8135.0,0.0,2003-04-10
8135.999999999999,0.0,2003-04-11
8136.999999999999,0.0,2003-04-12
8137.999999999998,0.0,2003-04-13
8139.0,0.0,2003-04-14
8139.999999999999,0.0,2003-04-15
8140.999999999999,0.0,2003-04-16
8142.0,0.0,2003-04-17
8142.999999999999,0.0,2003-04-18
8143.999999999999,0.0,2003-04-19
8144.999999999999,0.0,2003-04-20
8146.0,0.0,2003-04-21
8146.999999999999,0.0,2003-04-22
8147.999999999999,0.0,2003-04-23
8148.999999999999,0.0,2003-04-24
8150.0,0.0,2003-04-25
8150.999999999999,0.0,2003-04-26
8151.999999999999,0.0,2003-04-27
8152.999999999999,0.0,2003-04-28
8154.0,0.0,2003-04-29
8154.999999999999,0.0,2003-04-30
8155.999999999999,0.0,2003-05-01
8156.999999999999,0.0,2003-05-02
8158.0,0.0,2003-05-03
8158.999999999999,0.0,2003-05-04
8159.999999999999,0.0,2003-05-05
8160.999999999998,0.0,2003-05-06
8162.0,0.0,2003-05-07
8162.999999999999,0.0,2003-05-08
8163.999999999999,0.0,2003-05-09
8164.999999999998,0.0,2003-05-10
8165.999999999999,0.0,2003-05-11
8166.999999999999,0.0,2003-05-12
8167.999999999999,0.0,2003-05-13
8169.0,0.0,2003-05-14
8169.999999999999,0.0,2003-05-15
8170.999999999999,0.0,2003-05-16
8171.999999999999,0.0,2003-05-17
8173.0,0.0,2003-05-18
8173.999999999999,0.0,2003-05-19
8174.999999999999,0.0,2003-05-20
8175.999999999999,0.0,2003-05-21
8177.0,0.0,2003-05-22
8177.999999999999,0.0,2003-05-23
8178.999999999999,0.0,2003-05-24
8179.999999999999,0.0,2003-05-25
8181.0,0.0,2003-05-26
8181.999999999999,0.0,2003-05-27
8182.999999999999,0.0,2003-05-28
8183.999999999999,0.0,2003-05-29
8185.0,0.0,2003-05-30
8185.999999999999,0.0,2003-05-31
8186.999999999999,0.0,2003-06-01
8187.999999999998,0.0,2003-06-02
8189.0,0.0,2003-06-03
8189.999999999999,0.0,2003-06-04
8190.999999999999,0.0,2003-06-05
8192.0,0.0,2003-06-06
8193.0,0.0,2003-06-07
8194.0,0.029999999999972715,2003-06-08
8194.999999999998,0.05999999999994543,2003-06-09
8196.0,0.08999999999991815,2003-06-10
8197.0,0.09999999999990905,2003-06-11
8198.0,0.12000000000000455,2003-06-12
8198.999999999998,0.12999999999999545,2003-06-13
8200.0,0.14999999999997726,2003-06-14
8201.0,0.15999999999996817,2003-06-15
8202.0,0.16999999999995907,2003-06-16
8202.999999999998,0.17999999999994998,2003-06-17
8204.0,0.17999999999994998,2003-06-18
8205.0,0.18999999999994088,2003-06-19
8205.999999999998,0.1999999999999318,2003-06-20
8206.999999999998,0.2099999999999227,2003-06-21
8208.0,0.2199999999999136,2003-06-22
8209.0,0.2299999999999045,2003-06-23
8209.999999999998,0.2400000000000091,2003-06-24
8210.999999999998,0.25,2003-06-25
8212.0,0.25,2003-06-26
8213.0,0.2599999999999909,2003-06-27
8213.999999999998,0.2699999999999818,2003-06-28
8214.999999999998,0.2799999999999727,2003-06-29
8216.0,0.2899999999999636,2003-06-30
8217.0,0.2899999999999636,2003-07-01
8217.999999999998,0.2999999999999545,2003-07-02
8219.0,0.30999999999994543,2003-07-03
8220.0,0.30999999999994543,2003-07-04
8221.0,0.31999999999993634,2003-07-05
8221.999999999998,0.32999999999992724,2003-07-06
8223.0,0.33999999999991815,2003-07-07
8224.0,0.34999999999990905,2003-07-08
8225.0,0.34999999999990905,2003-07-09
8225.999999999998,0.35999999999989996,2003-07-10
8227.0,0.36999999999989086,2003-07-11
8228.0,0.37999999999988177,2003-07-12
8229.0,0.38999999999998636,2003-07-13
8229.999999999998,0.39999999999997726,2003-07-14
8231.0,0.40999999999996817,2003-07-15
8232.0,0.40999999999996817,2003-07-16
8232.999999999998,0.40999999999996817,2003-07-17
8233.999999999998,0.40999999999996817,2003-07-18
8235.0,0.40999999999996817,2003-07-19
8236.0,0.40999999999996817,2003-07-20
8236.999999999998,0.4199999999999591,2003-07-21
8237.999999999998,0.42999999999995,2003-07-22
8239.0,0.4399999999999409,2003-07-23
8240.0,0.4499999999999318,2003-07-24
8240.999999999998,0.4599999999999227,2003-07-25
8241.999999999998,0.4699999999999136,2003-07-26
8243.0,0.4699999999999136,2003-07-27
8244.0,0.4699999999999136,2003-07-28
8244.999999999998,0.4699999999999136,2003-07-29
8246.0,0.4799999999999045,2003-07-30
8247.0,0.4799999999999045,2003-07-31
8248.0,0.4799999999999045,2003-08-01
8248.999999999998,0.4799999999999045,2003-08-02
8250.0,0.4799999999999045,2003-08-03
8251.0,0.4799999999999045,2003-08-04
8252.0,0.4799999999999045,2003-08-05
8252.999999999998,0.4899999999998954,2003-08-06
8254.0,0.4899999999998954,2003-08-07
8255.0,0.4899999999998954,2003-08-08
8256.0,0.4899999999998954,2003-08-09
8256.999999999998,0.4899999999998954,2003-08-10
8258.0,0.4999999999998863,2003-08-11
8259.0,0.4999999999998863,2003-08-12
8259.999999999998,0.4999999999998863,2003-08-13
8260.999999999998,0.5099999999999909,2003-08-14
8262.0,0.5099999999999909,2003-08-15
8263.0,0.5099999999999909,2003-08-16
8263.999999999998,0.5199999999999818,2003-08-17
8264.999999999998,0.5299999999999727,2003-08-18
8266.0,0.5299999999999727,2003-08-19
8267.0,0.5399999999999636,2003-08-20
8267.999999999998,0.5399999999999636,2003-08-21
8268.999999999998,0.5399999999999636,2003-08-22
8270.0,0.5399999999999636,2003-08-23
8271.0,0.5499999999999545,2003-08-24
8271.999999999998,0.5499999999999545,2003-08-25
8273.0,0.5499999999999545,2003-08-26
8274.0,0.5499999999999545,2003-08-27
8275.0,0.5499999999999545,2003-08-28
8275.999999999998,0.5499999999999545,2003-08-29
8277.0,0.5499999999999545,2003-08-30
8278.0,0.5499999999999545,2003-08-31
8279.0,0.5399999999999636,2003-09-01
8279.999999999998,0.5499999999999545,2003-09-02
8281.0,0.5499999999999545,2003-09-03
8282.0,0.5499999999999545,2003-09-04
8282.999999999998,0.5499999999999545,2003-09-05
8283.999999999998,0.5499999999999545,2003-09-06
8285.0,0.5499999999999545,2003-09-07
8286.0,0.5499999999999545,2003-09-08
8286.999999999998,0.5499999999999545,2003-09-09
8287.999999999998,0.5499999999999545,2003-09-10
8289.0,0.5499999999999545,2003-09-11
8290.0,0.5499999999999545,2003-09-12
8290.999999999998,0.5499999999999545,2003-09-13
8291.999999999998,0.5499999999999545,2003-09-14
8293.0,0.5399999999999636,2003-09-15
8294.0,0.5399999999999636,2003-09-16
8294.999999999998,0.5399999999999636,2003-09-17
8295.999999999998,0.0,2003-09-18
8297.0,0.0,2003-09-19
8298.0,0.0,2003-09-20
8298.999999999998,0.0,2003-09-21
8300.0,0.0,2003-09-22
8301.0,0.0,2003-09-23
8302.0,0.0,2003-09-24
8302.999999999998,0.0,2003-09-25
8304.0,0.0,2003-09-26
8305.0,0.0,2003-09-27
8306.0,0.0,2003-09-28
8306.999999999998,0.0,2003-09-29
8308.0,0.0,2003-09-30
8309.0,0.0,2003-10-01
8309.999999999998,0.5199999999999818,2003-10-02
8310.999999999998,0.5199999999999818,2003-10-03
8312.0,0.5199999999999818,2003-10-04
8313.0,0.5199999999999818,2003-10-05
8313.999999999998,0.5199999999999818,2003-10-06
8314.999999999998,0.5099999999999909,2003-10-07
8316.0,0.5099999999999909,2003-10-08
8317.0,0.5099999999999909,2003-10-09
8317.999999999998,0.5099999999999909,2003-10-10
8318.999999999998,0.5099999999999909,2003-10-11
8320.0,0.5099999999999909,2003-10-12
8321.0,0.0,2003-10-13
8321.999999999998,0.0,2003-10-14
8322.999999999998,0.0,2003-10-15
8324.0,0.0,2003-10-16
8325.0,0.0,2003-10-17
8325.999999999998,0.0,2003-10-18
8327.0,0.0,2003-10-19
8328.0,0.0,2003-10-20
8329.0,0.0,2003-10-21
8329.999999999998,0.0,2003-10-22
8331.0,0.0,2003-10-23
8332.0,0.0,2003-10-24
8333.0,0.0,2003-10-25
8333.999999999998,0.0,2003-10-26
8335.0,0.0,2003-10-27
8336.0,0.0,2003-10-28
8336.999999999998,0.0,2003-10-29
8337.999999999998,0.0,2003-10-30
8339.0,0.0,2003-10-31
8340.0,0.0,2003-11-01
8340.999999999998,0.0,2003-11-02
8341.999999999998,0.0,2003-11-03
8343.0,0.0,2003-11-04
8344.0,0.0,2003-11-05
8344.999999999998,0.0,2003-11-06
8345.999999999998,0.0,2003-11-07
8347.0,0.0,2003-11-08
8348.0,0.0,2003-11-09
8348.999999999998,0.0,2003-11-10
8349.999999999998,0.0,2003-11-11
8351.0,0.0,2003-11-12
8352.0,0.0,2003-11-13
8352.999999999998,0.0,2003-11-14
8354.0,0.0,2003-11-15
8355.0,0.0,2003-11-16
8356.0,0.0,2003-11-17
8356.999999999998,0.0,2003-11-18
8358.0,0.0,2003-11-19
8359.0,0.0,2003-11-20
8360.0,0.0,2003-11-21
8360.999999999998,0.0,2003-11-22
8362.0,0.0,2003-11-23
8363.0,0.0,2003-11-24
8363.999999999998,0.0,2003-11-25
8364.999999999998,0.0,2003-11-26
8366.0,0.0,2003-11-27
8367.0,0.0,2003-11-28
8367.999999999998,0.0,2003-11-29
8368.999999999998,0.0,2003-11-30
8370.0,0.0,2003-12-01
8371.0,0.0,2003-12-02
8371.999999999998,0.0,2003-12-03
8372.999999999998,0.0,2003-12-04
8374.0,0.0,2003-12-05
8375.0,0.0,2003-12-06
8375.999999999998,0.0,2003-12-07
8376.999999999998,0.0,2003-12-08
8378.0,0.0,2003-12-09
8379.0,0.0,2003-12-10
8379.999999999998,0.0,2003-12-11
8381.0,0.0,2003-12-12
8382.0,0.0,2003-12-13
8383.0,0.0,2003-12-14
8383.999999999998,0.0,2003-12-15
8385.0,0.0,2003-12-16
8386.0,0.0,2003-12-17
8387.0,0.0,2003-12-18
8387.999999999998,0.0,2003-12-19
8389.0,0.0,2003-12-20
8390.0,0.0,2003-12-21
8390.999999999998,0.0,2003-12-22
8391.999999999998,0.0,2003-12-23
8393.0,0.0,2003-12-24
8394.0,0.0,2003-12-25
8394.999999999998,0.0,2003-12-26
8395.999999999998,0.0,2003-12-27
8397.0,0.0,2003-12-28
8398.0,0.0,2003-12-29
8398.999999999998,0.0,2003-12-30
8399.999999999998,0.0,2003-12-31
8401.0,0.0,2004-01-01
8402.0,0.0,2004-01-02
8402.999999999998,0.0,2004-01-03
8403.999999999998,0.0,2004-01-04
8405.0,0.0,2004-01-05
8406.0,0.0,2004-01-06
8406.999999999998,0.0,2004-01-07
8408.0,0.0,2004-01-08
8409.0,0.0,2004-01-09
8410.0,0.0,2004-01-10
8410.999999999998,0.0,2004-01-11
8412.0,0.0,2004-01-12
8413.0,0.0,2004-01-13
8414.0,0.0,2004-01-14
8414.999999999998,0.0,2004-01-15
8416.0,0.0,2004-01-16
8417.0,0.0,2004-01-17
8417.999999999998,0.0,2004-01-18
8418.999999999998,0.0,2004-01-19
8420.0,0.0,2004-01-20
8421.0,0.0,2004-01-21
8421.999999999998,0.0,2004-01-22
8422.999999999998,0.0,2004-01-23
8424.0,0.0,2004-01-24
8425.0,0.0,2004-01-25
8425.999999999998,0.0,2004-01-26
8426.999999999998,0.0,2004-01-27
8428.0,0.0,2004-01-28
8429.0,0.0,2004-01-29
8429.999999999998,0.0,2004-01-30
8430.999999999998,0.0,2004-01-31
8432.0,0.0,2004-02-01
8433.0,0.0,2004-02-02
8433.999999999998,0.0,2004-02-03
8435.0,0.0,2004-02-04
8436.0,0.0,2004-02-05
8437.0,0.0,2004-02-06
8437.999999999998,0.0,2004-02-07
8439.0,0.0,2004-02-08
8440.0,0.0,2004-02-09
8441.0,0.0,2004-02-10
8441.999999999998,0.0,2004-02-11
8443.0,0.0,2004-02-12
8444.0,0.0,2004-02-13
8444.999999999998,0.0,2004-02-14
8445.999999999998,0.0,2004-02-15
8447.0,0.0,2004-02-16
8448.0,0.0,2004-02-17
8448.999999999998,0.0,2004-02-18
8449.999999999998,0.0,2004-02-19
8451.0,0.0,2004-02-20
8452.0,0.0,2004-02-21
8452.999999999998,0.0,2004-02-22
8453.999999999998,0.0,2004-02-23
8455.0,0.0,2004-02-24
8456.0,0.0,2004-02-25
8456.999999999998,0.0,2004-02-26
8457.999999999998,0.0,2004-02-27
8459.0,0.0,2004-02-28
8460.0,0.0,2004-02-29
8460.999999999998,0.0,2004-03-01
8462.0,0.0,2004-03-02
8463.0,0.0,2004-03-03
8464.0,0.0,2004-03-04
8464.999999999998,0.0,2004-03-05
8466.0,0.0,2004-03-06
8467.0,0.0,2004-03-07
8468.0,0.0,2004-03-08
8468.999999999998,0.0,2004-03-09
8470.0,0.0,2004-03-10
8471.0,0.0,2004-03-11
8471.999999999998,0.0,2004-03-12
8472.999999999998,0.0,2004-03-13
8474.0,0.0,2004-03-14
8475.0,0.0,2004-03-15
8475.999999999998,0.0,2004-03-16
8476.999999999998,0.0,2004-03-17
8478.0,0.0,2004-03-18
8479.0,0.0,2004-03-19
8479.999999999998,0.0,2004-03-20
8480.999999999998,0.0,2004-03-21
8482.0,0.0,2004-03-22
8483.0,0.0,2004-03-23
8483.999999999998,0.0,2004-03-24
8484.999999999998,0.0,2004-03-25
8486.0,0.0,2004-03-26
8487.0,0.0,2004-03-27
8487.999999999998,0.0,2004-03-28
8489.0,0.0,2004-03-29
8490.0,0.0,2004-03-30
8491.0,0.0,2004-03-31
8491.999999999998,0.0,2004-04-01
8493.0,0.0,2004-04-02
8494.0,0.0,2004-04-03
8495.0,0.0,2004-04-04
8495.999999999998,0.0,2004-04-05
8497.0,0.0,2004-04-06
8498.0,0.0,2004-04-07
8498.999999999998,0.0,2004-04-08
8499.999999999998,0.0,2004-04-09
8501.0,0.0,2004-04-10
8502.0,0.0,2004-04-11
8502.999999999998,0.0,2004-04-12
8503.999999999998,0.0,2004-04-13
8505.0,0.0,2004-04-14
8506.0,0.0,2004-04-15
8506.999999999998,0.0,2004-04-16
8507.999999999998,0.0,2004-04-17
8509.0,0.0,2004-04-18
8510.0,0.0,2004-04-19
8510.999999999998,0.0,2004-04-20
8511.999999999998,0.0,2004-04-21
8513.0,0.0,2004-04-22
8514.0,0.0,2004-04-23
8514.999999999998,0.0,2004-04-24
8516.0,0.0,2004-04-25
8517.0,0.0,2004-04-26
8518.0,0.0,2004-04-27
8518.999999999998,0.0,2004-04-28
8520.0,0.0,2004-04-29
8521.0,0.0,2004-04-30
8521.999999999998,0.0,2004-05-01
8522.999999999998,0.0,2004-05-02
8524.0,0.0,2004-05-03
8525.0,0.0,2004-05-04
8525.999999999998,0.0,2004-05-05
8526.999999999998,0.0,2004-05-06
8528.0,0.0,2004-05-07
8529.0,0.0,2004-05-08
8529.999999999998,0.0,2004-05-09
8530.999999999998,0.0,2004-05-10
8532.0,0.0,2004-05-11
8533.0,0.0,2004-05-12
8533.999999999998,0.0,2004-05-13
8534.999999999998,0.0,2004-05-14
8536.0,0.0,2004-05-15
8537.0,0.0,2004-05-16
8537.999999999998,0.0,2004-05-17
8538.999999999998,0.0,2004-05-18
8540.0,0.0,2004-05-19
8541.0,0.0,2004-05-20
8541.999999999998,0.0,2004-05-21
8543.0,0.0,2004-05-22
8544.0,0.0,2004-05-23
8545.0,0.0,2004-05-24
8545.999999999998,0.0,2004-05-25
8547.0,0.0,2004-05-26
8548.0,0.0,2004-05-27
8548.999999999998,0.0,2004-05-28
8549.999999999998,0.0,2004-05-29
8551.0,0.049999999999954525,2004-05-30
8552.0,0.07999999999992724,2004-05-31
8552.999999999998,0.09999999999990905,2004-06-01
8553.999999999998,0.12000000000000455,2004-06-02
8555.0,0.12999999999999545,2004-06-03
8556.0,0.13999999999998636,2004-06-04
8556.999999999998,0.15999999999996817,2004-06-05
8557.999999999998,0.16999999999995907,2004-06-06
8559.0,0.17999999999994998,2004-06-07
8560.0,0.18999999999994088,2004-06-08
8560.999999999998,0.1999999999999318,2004-06-09
8561.999999999998,0.1999999999999318,2004-06-10
8563.0,0.2099999999999227,2004-06-11
8564.0,0.2199999999999136,2004-06-12
8564.999999999998,0.2299999999999045,2004-06-13
8565.999999999998,0.2400000000000091,2004-06-14
8567.0,0.25,2004-06-15
8568.0,0.2599999999999909,2004-06-16
8568.999999999998,0.2699999999999818,2004-06-17
8570.0,0.2799999999999727,2004-06-18
8571.0,0.2899999999999636,2004-06-19
8572.0,0.2999999999999545,2004-06-20
8572.999999999998,0.30999999999994543,2004-06-21
8574.0,0.31999999999993634,2004-06-22
8575.0,0.31999999999993634,2004-06-23
8575.999999999998,0.33999999999991815,2004-06-24
8576.999999999998,0.34999999999990905,2004-06-25
8578.0,0.36999999999989086,2004-06-26
8579.0,0.37999999999988177,2004-06-27
8579.999999999998,0.38999999999998636,2004-06-28
8580.999999999998,0.39999999999997726,2004-06-29
8582.0,0.40999999999996817,2004-06-30
8583.0,0.4199999999999591,2004-07-01
8583.999999999998,0.4399999999999409,2004-07-02
8584.999999999998,0.4499999999999318,2004-07-03
8586.0,0.4599999999999227,2004-07-04
8587.0,0.4699999999999136,2004-07-05
8587.999999999998,0.4799999999999045,2004-07-06
8588.999999999998,0.4899999999998954,2004-07-07
8590.0,0.4999999999998863,2004-07-08
8591.0,0.4999999999998863,2004-07-09
8591.999999999998,0.5099999999999909,2004-07-10
8592.999999999998,0.5099999999999909,2004-07-11
8594.0,0.5199999999999818,2004-07-12
8595.0,0.5299999999999727,2004-07-13
8595.999999999998,0.5299999999999727,2004-07-14
8597.0,0.5399999999999636,2004-07-15
8598.0,0.5599999999999454,2004-07-16
8599.0,0.5699999999999363,2004-07-17
8599.999999999998,0.5799999999999272,2004-07-18
8601.0,0.5899999999999181,2004-07-19
8602.0,0.599999999999909,2004-07-20
8602.999999999998,0.6099999999999,2004-07-21
8603.999999999998,0.6099999999999,2004-07-22
8605.0,0.6199999999998909,2004-07-23
8606.0,0.6299999999998818,2004-07-24
8606.999999999998,0.6399999999999864,2004-07-25
8607.999999999998,0.6399999999999864,2004-07-26
8609.0,0.6499999999999773,2004-07-27
8610.0,0.6599999999999682,2004-07-28
8610.999999999998,0.6699999999999591,2004-07-29
8611.999999999998,0.6699999999999591,2004-07-30
8613.0,0.67999999999995,2004-07-31
8614.0,0.6899999999999409,2004-08-01
8614.999999999998,0.6899999999999409,2004-08-02
8615.999999999998,0.6899999999999409,2004-08-03
8617.0,0.6999999999999318,2004-08-04
8618.0,0.6999999999999318,2004-08-05
8618.999999999998,0.6999999999999318,2004-08-06
8619.999999999998,0.7099999999999227,2004-08-07
8621.0,0.7099999999999227,2004-08-08
8622.0,0.7199999999999136,2004-08-09
8622.999999999998,0.7299999999999045,2004-08-10
8624.0,0.7299999999999045,2004-08-11
8625.0,0.7399999999998954,2004-08-12
8626.0,0.7499999999998863,2004-08-13
8626.999999999998,0.7499999999998863,2004-08-14
8628.0,0.7599999999999909,2004-08-15
8629.0,0.7599999999999909,2004-08-16
8629.999999999998,0.7699999999999818,2004-08-17
8630.999999999998,0.7799999999999727,2004-08-18
8632.0,0.7899999999999636,2004-08-19
8633.0,0.7899999999999636,2004-08-20
8633.999999999998,0.7999999999999545,2004-08-21
8634.999999999998,0.8099999999999454,2004-08-22
8636.0,0.8199999999999363,2004-08-23
8637.0,0.8199999999999363,2004-08-24
8637.999999999998,0.8299999999999272,2004-08-25
8638.999999999998,0.8399999999999181,2004-08-26
8640.0,0.8399999999999181,2004-08-27
8641.0,0.8399999999999181,2004-08-28
8641.999999999998,0.8399999999999181,2004-08-29
8642.999999999998,0.849999999999909,2004-08-30
8644.0,0.849999999999909,2004-08-31
8645.0,0.849999999999909,2004-09-01
8645.999999999998,0.849999999999909,2004-09-02
8647.0,0.849999999999909,2004-09-03
8648.0,0.849999999999909,2004-09-04
8649.0,0.849999999999909,2004-09-05
8649.999999999998,0.849999999999909,2004-09-06
8651.0,0.849999999999909,2004-09-07
8652.0,0.849999999999909,2004-09-08
8653.0,0.849999999999909,2004-09-09
8653.999999999998,0.849999999999909,2004-09-10
8655.0,0.849999999999909,2004-09-11
8656.0,0.8399999999999181,2004-09-12
8656.999999999998,0.8399999999999181,2004-09-13
8657.999999999998,0.8399999999999181,2004-09-14
8659.0,0.8399999999999181,2004-09-15
8660.0,0.8399999999999181,2004-09-16
8660.999999999998,0.0,2004-09-17
8661.999999999998,0.0,2004-09-18
8663.0,0.0,2004-09-19
8664.0,0.0,2004-09-20
8664.999999999998,0.0,2004-09-21
8665.999999999998,0.0,2004-09-22
8667.0,0.0,2004-09-23
8668.0,0.0,2004-09-24
8668.999999999998,0.0,2004-09-25
8669.999999999998,0.0,2004-09-26
8671.0,0.0,2004-09-27
8672.0,0.0,2004-09-28
8672.999999999998,0.0,2004-09-29
8674.0,0.0,2004-09-30
8675.0,0.0,2004-10-01
8676.0,0.0,2004-10-02
8676.999999999998,0.0,2004-10-03
8678.0,0.0,2004-10-04
8679.0,0.0,2004-10-05
8680.0,0.0,2004-10-06
8680.999999999998,0.0,2004-10-07
8682.0,0.0,2004-10-08
8683.0,0.0,2004-10-09
8683.999999999998,0.0,2004-10-10
8684.999999999998,0.0,2004-10-11
8686.0,0.0,2004-10-12
8687.0,0.0,2004-10-13
8687.999999999998,0.0,2004-10-14
8688.999999999998,0.0,2004-10-15
8690.0,0.0,2004-10-16
8691.0,0.0,2004-10-17
8691.999999999998,0.0,2004-10-18
8692.999999999998,0.0,2004-10-19
8694.0,0.0,2004-10-20
8695.0,0.0,2004-10-21
8695.999999999998,0.0,2004-10-22
8696.999999999998,0.0,2004-10-23
8698.0,0.0,2004-10-24
8699.0,0.0,2004-10-25
8699.999999999998,0.0,2004-10-26
8701.0,0.0,2004-10-27
8702.0,0.0,2004-10-28
8703.0,0.0,2004-10-29
8703.999999999998,0.0,2004-10-30
8705.0,0.0,2004-10-31
8706.0,0.0,2004-11-01
8707.0,0.0,2004-11-02
8707.999999999998,0.0,2004-11-03
8709.0,0.0,2004-11-04
8710.0,0.0,2004-11-05
8710.999999999998,0.0,2004-11-06
8711.999999999998,0.0,2004-11-07
8713.0,0.0,2004-11-08
8714.0,0.0,2004-11-09
8714.999999999998,0.0,2004-11-10
8715.999999999998,0.0,2004-11-11
8717.0,0.0,2004-11-12
8718.0,0.0,2004-11-13
8718.999999999998,0.0,2004-11-14
8719.999999999998,0.0,2004-11-15
8721.0,0.0,2004-11-16
8722.0,0.0,2004-11-17
8722.999999999998,0.0,2004-11-18
8723.999999999998,0.0,2004-11-19
8725.0,0.0,2004-11-20
8726.0,0.0,2004-11-21
8726.999999999998,0.0,2004-11-22
8728.0,0.0,2004-11-23
8729.0,0.0,2004-11-24
8730.0,0.0,2004-11-25
8730.999999999998,0.0,2004-11-26
8732.0,0.0,2004-11-27
8733.0,0.0,2004-11-28
8734.0,0.0,2004-11-29
8734.999999999998,0.0,2004-11-30
8736.0,0.0,2004-12-01
8737.0,0.0,2004-12-02
8737.999999999998,0.0,2004-12-03
8738.999999999998,0.0,2004-12-04
8740.0,0.0,2004-12-05
8741.0,0.0,2004-12-06
8741.999999999998,0.0,2004-12-07
8742.999999999998,0.0,2004-12-08
8744.0,0.0,2004-12-09
8745.0,0.0,2004-12-10
8745.999999999998,0.0,2004-12-11
8746.999999999998,0.0,2004-12-12
8748.0,0.0,2004-12-13
8749.0,0.0,2004-12-14
8749.999999999998,0.0,2004-12-15
8750.999999999998,0.0,2004-12-16
8752.0,0.0,2004-12-17
8753.0,0.0,2004-12-18
8753.999999999998,0.0,2004-12-19
8755.0,0.0,2004-12-20
8756.0,0.0,2004-12-21
8757.0,0.0,2004-12-22
8757.999999999998,0.0,2004-12-23
8759.0,0.0,2004-12-24
8760.0,0.0,2004-12-25
8760.999999999998,0.0,2004-12-26
8761.999999999998,0.0,2004-12-27
8763.0,0.0,2004-12-28
8764.0,0.0,2004-12-29
8764.999999999998,0.0,2004-12-30
8765.999999999998,0.0,2004-12-31
8767.0,0.0,2005-01-01
8768.0,0.0,2005-01-02
8768.999999999998,0.0,2005-01-03
8769.999999999998,0.0,2005-01-04
8771.0,0.0,2005-01-05
8772.0,0.0,2005-01-06
8772.999999999998,0.0,2005-01-07
8773.999999999998,0.0,2005-01-08
8775.0,0.0,2005-01-09
8776.0,0.0,2005-01-10
8776.999999999998,0.0,2005-01-11
8777.999999999998,0.0,2005-01-12
8779.0,0.0,2005-01-13
8780.0,0.0,2005-01-14
8780.999999999998,0.0,2005-01-15
8782.0,0.0,2005-01-16
8783.0,0.0,2005-01-17
8784.0,0.0,2005-01-18
8784.999999999998,0.0,2005-01-19
8786.0,0.0,2005-01-20
8787.0,0.0,2005-01-21
8787.999999999998,0.0,2005-01-22
8788.999999999998,0.0,2005-01-23
8790.0,0.0,2005-01-24
8791.0,0.0,2005-01-25
8791.999999999998,0.0,2005-01-26
8792.999999999998,0.0,2005-01-27
8794.0,0.0,2005-01-28
8795.0,0.0,2005-01-29
8795.999999999998,0.0,2005-01-30
8796.999999999998,0.0,2005-01-31
8798.0,0.0,2005-02-01
8799.0,0.0,2005-02-02
8799.999999999998,0.0,2005-02-03
8800.999999999998,0.0,2005-02-04
8802.0,0.0,2005-02-05
8803.0,0.0,2005-02-06
8803.999999999998,0.0,2005-02-07
8804.999999999998,0.0,2005-02-08
8806.0,0.0,2005-02-09
8807.0,0.0,2005-02-10
8807.999999999998,0.0,2005-02-11
8809.0,0.0,2005-02-12
8810.0,0.0,2005-02-13
8811.0,0.0,2005-02-14
8811.999999999998,0.0,2005-02-15
8813.0,0.0,2005-02-16
8814.0,0.0,2005-02-17
8814.999999999998,0.0,2005-02-18
8815.999999999998,0.0,2005-02-19
8817.0,0.0,2005-02-20
8818.0,0.0,2005-02-21
8818.999999999998,0.0,2005-02-22
8819.999999999998,0.0,2005-02-23
8821.0,0.0,2005-02-24
8822.0,0.0,2005-02-25
8822.999999999998,0.0,2005-02-26
8823.999999999998,0.0,2005-02-27
8825.0,0.0,2005-02-28
8826.0,0.0,2005-03-01
8826.999999999998,0.0,2005-03-02
8827.999999999998,0.0,2005-03-03
8829.0,0.0,2005-03-04
8830.0,0.0,2005-03-05
8830.999999999998,0.0,2005-03-06
8831.999999999998,0.0,2005-03-07
8833.0,0.0,2005-03-08
8834.0,0.0,2005-03-09
8834.999999999998,0.0,2005-03-10
8836.0,0.0,2005-03-11
8837.0,0.0,2005-03-12
8838.0,0.0,2005-03-13
8838.999999999998,0.0,2005-03-14
8840.0,0.0,2005-03-15
8841.0,0.0,2005-03-16
8841.999999999998,0.0,2005-03-17
8842.999999999998,0.0,2005-03-18
8844.0,0.0,2005-03-19
8845.0,0.0,2005-03-20
8845.999999999998,0.0,2005-03-21
8846.999999999998,0.0,2005-03-22
8848.0,0.0,2005-03-23
8849.0,0.0,2005-03-24
8849.999999999998,0.0,2005-03-25
8850.999999999998,0.0,2005-03-26
8852.0,0.0,2005-03-27
8853.0,0.0,2005-03-28
8853.999999999998,0.0,2005-03-29
8854.999999999998,0.0,2005-03-30
8856.0,0.0,2005-03-31
8857.0,0.0,2005-04-01
8857.999999999998,0.0,2005-04-02
8858.999999999998,0.0,2005-04-03
8860.0,0.0,2005-04-04
8861.0,0.0,2005-04-05
8861.999999999998,0.0,2005-04-06
8863.0,0.0,2005-04-07
8864.0,0.0,2005-04-08
8865.0,0.0,2005-04-09
8865.999999999998,0.0,2005-04-10
8867.0,0.0,2005-04-11
8868.0,0.0,2005-04-12
8868.999999999998,0.0,2005-04-13
8869.999999999998,0.0,2005-04-14
8871.0,0.0,2005-04-15
8872.0,0.0,2005-04-16
8872.999999999998,0.0,2005-04-17
8873.999999999998,0.0,2005-04-18
8875.0,0.0,2005-04-19
8876.0,0.0,2005-04-20
8876.999999999998,0.0,2005-04-21
8877.999999999998,0.0,2005-04-22
8879.0,0.0,2005-04-23
8880.0,0.0,2005-04-24
8880.999999999998,0.0,2005-04-25
8881.999999999998,0.0,2005-04-26
8883.0,0.0,2005-04-27
8884.0,0.0,2005-04-28
8884.999999999998,0.0,2005-04-29
8885.999999999998,0.0,2005-04-30
8887.0,0.0,2005-05-01
8888.0,0.0,2005-05-02
8888.999999999998,0.0,2005-05-03
8890.0,0.0,2005-05-04
8891.0,0.0,2005-05-05
8892.0,0.0,2005-05-06
8892.999999999998,0.0,2005-05-07
8894.0,0.0,2005-05-08
8895.0,0.0,2005-05-09
8895.999999999998,0.0,2005-05-10
8896.999999999998,0.0,2005-05-11
8898.0,0.0,2005-05-12
8899.0,0.0,2005-05-13
8899.999999999998,0.0,2005-05-14
8900.999999999998,0.0,2005-05-15
8902.0,0.0,2005-05-16
8903.0,0.0,2005-05-17
8903.999999999998,0.0,2005-05-18
8904.999999999998,0.0,2005-05-19
8906.0,0.0,2005-05-20
8907.0,0.0,2005-05-21
8907.999999999998,0.0,2005-05-22
8908.999999999998,0.0,2005-05-23
8910.0,0.0,2005-05-24
8911.0,0.0,2005-05-25
8911.999999999998,0.0,2005-05-26
8912.999999999998,0.0,2005-05-27
8914.0,0.0,2005-05-28
8915.0,0.009999999999990905,2005-05-29
8915.999999999998,0.049999999999954525,2005-05-30
8917.0,0.06999999999993634,2005-05-31
8918.0,0.07999999999992724,2005-06-01
8919.0,0.09999999999990905,2005-06-02
8919.999999999998,0.10999999999989996,2005-06-03
8921.0,0.12000000000000455,2005-06-04
8922.0,0.12999999999999545,2005-06-05
8922.999999999998,0.14999999999997726,2005-06-06
8923.999999999998,0.15999999999996817,2005-06-07
8925.0,0.16999999999995907,2005-06-08
8926.0,0.18999999999994088,2005-06-09
8926.999999999998,0.1999999999999318,2005-06-10
8927.999999999998,0.2099999999999227,2005-06-11
8929.0,0.2199999999999136,2005-06-12
8930.0,0.2299999999999045,2005-06-13
8930.999999999998,0.2400000000000091,2005-06-14
8931.999999999998,0.25,2005-06-15
8933.0,0.2599999999999909,2005-06-16
8934.0,0.2699999999999818,2005-06-17
8934.999999999998,0.2799999999999727,2005-06-18
8935.999999999998,0.2799999999999727,2005-06-19
8937.0,0.2899999999999636,2005-06-20
8938.0,0.2899999999999636,2005-06-21
8938.999999999998,0.2999999999999545,2005-06-22
8939.999999999998,0.2999999999999545,2005-06-23
8941.0,0.2999999999999545,2005-06-24
8942.0,0.30999999999994543,2005-06-25
8942.999999999998,0.31999999999993634,2005-06-26
8944.0,0.32999999999992724,2005-06-27
8945.0,0.33999999999991815,2005-06-28
8946.0,0.35999999999989996,2005-06-29
8946.999999999998,0.36999999999989086,2005-06-30
8948.0,0.38999999999998636,2005-07-01
8949.0,0.38999999999998636,2005-07-02
8949.999999999998,0.39999999999997726,2005-07-03
8950.999999999998,0.39999999999997726,2005-07-04
8952.0,0.40999999999996817,2005-07-05
8953.0,0.40999999999996817,2005-07-06
8953.999999999998,0.40999999999996817,2005-07-07
8954.999999999998,0.4199999999999591,2005-07-08
8956.0,0.42999999999995,2005-07-09
8957.0,0.42999999999995,2005-07-10
8957.999999999998,0.4399999999999409,2005-07-11
8958.999999999998,0.4499999999999318,2005-07-12
8960.0,0.4499999999999318,2005-07-13
8961.0,0.4599999999999227,2005-07-14
8961.999999999998,0.4699999999999136,2005-07-15
8962.999999999998,0.4799999999999045,2005-07-16
8964.0,0.4899999999998954,2005-07-17
8965.0,0.4999999999998863,2005-07-18
8965.999999999998,0.5099999999999909,2005-07-19
8966.999999999998,0.5199999999999818,2005-07-20
8968.0,0.5299999999999727,2005-07-21
8969.0,0.5399999999999636,2005-07-22
8969.999999999998,0.5399999999999636,2005-07-23
8971.0,0.5499999999999545,2005-07-24
8972.0,0.5599999999999454,2005-07-25
8973.0,0.5699999999999363,2005-07-26
8973.999999999998,0.5799999999999272,2005-07-27
8975.0,0.5899999999999181,2005-07-28
8976.0,0.5899999999999181,2005-07-29
8976.999999999998,0.599999999999909,2005-07-30
8977.999999999998,0.6099999999999,2005-07-31
8979.0,0.6099999999999,2005-08-01
8980.0,0.6199999999998909,2005-08-02
8980.999999999998,0.6199999999998909,2005-08-03
8981.999999999998,0.6299999999998818,2005-08-04
8983.0,0.6299999999998818,2005-08-05
8984.0,0.6399999999999864,2005-08-06
8984.999999999998,0.6499999999999773,2005-08-07
8985.999999999998,0.6499999999999773,2005-08-08
8987.0,0.6599999999999682,2005-08-09
8988.0,0.6699999999999591,2005-08-10
8988.999999999998,0.6699999999999591,2005-08-11
8989.999999999998,0.67999999999995,2005-08-12
8991.0,0.6899999999999409,2005-08-13
8992.0,0.6999999999999318,2005-08-14
8992.999999999998,0.7099999999999227,2005-08-15
8993.999999999998,0.7199999999999136,2005-08-16
8995.0,0.7299999999999045,2005-08-17
8996.0,0.7299999999999045,2005-08-18
8996.999999999998,0.7399999999998954,2005-08-19
8998.0,0.7399999999998954,2005-08-20
8999.0,0.7499999999998863,2005-08-21
8999.999999999998,0.7499999999998863,2005-08-22
9000.999999999998,0.7499999999998863,2005-08-23
9002.0,0.7599999999999909,2005-08-24
9003.0,0.7599999999999909,2005-08-25
9003.999999999998,0.7599999999999909,2005-08-26
9004.999999999998,0.7699999999999818,2005-08-27
9006.0,0.7699999999999818,2005-08-28
9007.0,0.7699999999999818,2005-08-29
9007.999999999998,0.7699999999999818,2005-08-30
9008.999999999998,0.7699999999999818,2005-08-31
9010.0,0.7799999999999727,2005-09-01
9011.0,0.7799999999999727,2005-09-02
9011.999999999998,0.7799999999999727,2005-09-03
9012.999999999998,0.7799999999999727,2005-09-04
9014.0,0.7799999999999727,2005-09-05
9015.0,0.7799999999999727,2005-09-06
9015.999999999998,0.7799999999999727,2005-09-07
9016.999999999998,0.7799999999999727,2005-09-08
9018.0,0.7799999999999727,2005-09-09
9019.0,0.7799999999999727,2005-09-10
9019.999999999998,0.7699999999999818,2005-09-11
9020.999999999998,0.7699999999999818,2005-09-12
9022.0,0.7699999999999818,2005-09-13
9023.0,0.7699999999999818,2005-09-14
9023.999999999998,0.7699999999999818,2005-09-15
9025.0,0.7699999999999818,2005-09-16
9026.0,0.7699999999999818,2005-09-17
9026.999999999998,0.7699999999999818,2005-09-18
9027.999999999998,0.7699999999999818,2005-09-19
9029.0,0.7699999999999818,2005-09-20
9030.0,0.7699999999999818,2005-09-21
9030.999999999998,0.7599999999999909,2005-09-22
9031.999999999998,0.7599999999999909,2005-09-23
9033.0,0.7599999999999909,2005-09-24
9034.0,0.7599999999999909,2005-09-25
9034.999999999998,0.0,2005-09-26
9035.999999999998,0.0,2005-09-27
9037.0,0.0,2005-09-28
9038.0,0.0,2005-09-29
9038.999999999998,0.0,2005-09-30
9039.999999999998,0.0,2005-10-01
9041.0,0.0,2005-10-02
9042.0,0.0,2005-10-03
9042.999999999998,0.0,2005-10-04
9043.999999999998,0.0,2005-10-05
9045.0,0.0,2005-10-06
9046.0,0.0,2005-10-07
9046.999999999998,0.0,2005-10-08
9047.999999999998,0.0,2005-10-09
9049.0,0.0,2005-10-10
9050.0,0.0,2005-10-11
9050.999999999998,0.0,2005-10-12
9052.0,0.0,2005-10-13
9053.0,0.0,2005-10-14
9053.999999999998,0.0,2005-10-15
9054.999999999998,0.0,2005-10-16
9056.0,0.0,2005-10-17
9057.0,0.0,2005-10-18
9057.999999999998,0.0,2005-10-19
9058.999999999998,0.0,2005-10-20
9060.0,0.0,2005-10-21
9061.0,0.0,2005-10-22
9061.999999999998,0.0,2005-10-23
9062.999999999998,0.0,2005-10-24
9064.0,0.0,2005-10-25
9065.0,0.0,2005-10-26
9065.999999999998,0.0,2005-10-27
9066.999999999998,0.0,2005-10-28
9068.0,0.0,2005-10-29
9069.0,0.0,2005-10-30
9069.999999999998,0.0,2005-10-31
9070.999999999998,0.0,2005-11-01
9072.0,0.0,2005-11-02
9073.0,0.0,2005-11-03
9073.999999999998,0.0,2005-11-04
9074.999999999998,0.0,2005-11-05
9076.0,0.0,2005-11-06
9077.0,0.0,2005-11-07
9077.999999999998,0.0,2005-11-08
9079.0,0.0,2005-11-09
9080.0,0.0,2005-11-10
9080.999999999998,0.0,2005-11-11
9081.999999999998,0.0,2005-11-12
9083.0,0.0,2005-11-13
9084.0,0.0,2005-11-14
9084.999999999998,0.0,2005-11-15
9085.999999999998,0.0,2005-11-16
9087.0,0.0,2005-11-17
9088.0,0.0,2005-11-18
9088.999999999998,0.0,2005-11-19
9089.999999999998,0.0,2005-11-20
9091.0,0.0,2005-11-21
9092.0,0.0,2005-11-22
9092.999999999998,0.0,2005-11-23
9093.999999999998,0.0,2005-11-24
9095.0,0.0,2005-11-25
9096.0,0.0,2005-11-26
9096.999999999998,0.0,2005-11-27
9097.999999999998,0.0,2005-11-28
9099.0,0.0,2005-11-29
9100.0,0.0,2005-11-30
9100.999999999998,0.0,2005-12-01
9102.0,0.0,2005-12-02
9103.0,0.0,2005-12-03
9104.0,0.0,2005-12-04
9104.999999999998,0.0,2005-12-05
9106.0,0.0,2005-12-06
9107.0,0.0,2005-12-07
9107.999999999998,0.0,2005-12-08
9108.999999999998,0.0,2005-12-09
9110.0,0.0,2005-12-10
9111.0,0.0,2005-12-11
9111.999999999998,0.0,2005-12-12
9112.999999999998,0.0,2005-12-13
9114.0,0.0,2005-12-14
9115.0,0.0,2005-12-15
9115.999999999998,0.0,2005-12-16
9116.999999999998,0.0,2005-12-17
9118.0,0.0,2005-12-18
9119.0,0.0,2005-12-19
9119.999999999998,0.0,2005-12-20
9120.999999999998,0.0,2005-12-21
9122.0,0.0,2005-12-22
9123.0,0.0,2005-12-23
9123.999999999998,0.0,2005-12-24
9124.999999999998,0.0,2005-12-25
9126.0,0.0,2005-12-26
9127.0,0.0,2005-12-27
9127.999999999998,0.0,2005-12-28
9129.0,0.0,2005-12-29
9130.0,0.0,2005-12-30
9131.0,0.0,2005-12-31
9131.999999999998,0.0,2006-01-01
9133.0,0.0,2006-01-02
9134.0,0.0,2006-01-03
9134.999999999998,0.0,2006-01-04
9135.999999999998,0.0,2006-01-05
9137.0,0.0,2006-01-06
9138.0,0.0,2006-01-07
9138.999999999998,0.0,2006-01-08
9139.999999999998,0.0,2006-01-09
9141.0,0.0,2006-01-10
9142.0,0.0,2006-01-11
9142.999999999998,0.0,2006-01-12
9143.999999999998,0.0,2006-01-13
9145.0,0.0,2006-01-14
9146.0,0.0,2006-01-15
9146.999999999998,0.0,2006-01-16
9147.999999999998,0.0,2006-01-17
9149.0,0.0,2006-01-18
9150.0,0.0,2006-01-19
9150.999999999998,0.0,2006-01-20
9151.999999999998,0.0,2006-01-21
9153.0,0.0,2006-01-22
9154.0,0.0,2006-01-23
9154.999999999998,0.0,2006-01-24
9156.0,0.0,2006-01-25
9157.0,0.0,2006-01-26
9158.0,0.0,2006-01-27
9158.999999999998,0.0,2006-01-28
9160.0,0.0,2006-01-29
9161.0,0.0,2006-01-30
9161.999999999998,0.0,2006-01-31
9162.999999999998,0.0,2006-02-01
9164.0,0.0,2006-02-02
9165.0,0.0,2006-02-03
9165.999999999998,0.0,2006-02-04
9166.999999999998,0.0,2006-02-05
9168.0,0.0,2006-02-06
9169.0,0.0,2006-02-07
9169.999999999998,0.0,2006-02-08
9170.999999999998,0.0,2006-02-09
9172.0,0.0,2006-02-10
9173.0,0.0,2006-02-11
9173.999999999998,0.0,2006-02-12
9174.999999999998,0.0,2006-02-13
9176.0,0.0,2006-02-14
9177.0,0.0,2006-02-15
9177.999999999998,0.0,2006-02-16
9178.999999999998,0.0,2006-02-17
9180.0,0.0,2006-02-18
9181.0,0.0,2006-02-19
9181.999999999998,0.0,2006-02-20
9183.0,0.0,2006-02-21
9184.0,0.0,2006-02-22
9185.0,0.0,2006-02-23
9185.999999999998,0.0,2006-02-24
9187.0,0.0,2006-02-25
9188.0,0.0,2006-02-26
9188.999999999998,0.0,2006-02-27
9189.999999999998,0.0,2006-02-28
9191.0,0.0,2006-03-01
9192.0,0.0,2006-03-02
9192.999999999998,0.0,2006-03-03
9193.999999999998,0.0,2006-03-04
9195.0,0.0,2006-03-05
9196.0,0.0,2006-03-06
9196.999999999998,0.0,2006-03-07
9197.999999999998,0.0,2006-03-08
9199.0,0.0,2006-03-09
9200.0,0.0,2006-03-10
9200.999999999998,0.0,2006-03-11
9201.999999999998,0.0,2006-03-12
9203.0,0.0,2006-03-13
9204.0,0.0,2006-03-14
9204.999999999998,0.0,2006-03-15
9205.999999999998,0.0,2006-03-16
9207.0,0.0,2006-03-17
9208.0,0.0,2006-03-18
9208.999999999998,0.0,2006-03-19
9210.0,0.0,2006-03-20
9211.0,0.0,2006-03-21
9212.0,0.0,2006-03-22
9212.999999999998,0.0,2006-03-23
9214.0,0.0,2006-03-24
9215.0,0.0,2006-03-25
9215.999999999998,0.0,2006-03-26
9216.999999999998,0.0,2006-03-27
9218.0,0.0,2006-03-28
9219.0,0.0,2006-03-29
9219.999999999998,0.0,2006-03-30
9220.999999999998,0.0,2006-03-31
9222.0,0.0,2006-04-01
9223.0,0.0,2006-04-02
9223.999999999998,0.0,2006-04-03
9224.999999999998,0.0,2006-04-04
9226.0,0.0,2006-04-05
9227.0,0.0,2006-04-06
9227.999999999998,0.0,2006-04-07
9228.999999999998,0.0,2006-04-08
9230.0,0.0,2006-04-09
9231.0,0.0,2006-04-10
9231.999999999998,0.0,2006-04-11
9232.999999999998,0.0,2006-04-12
9234.0,0.0,2006-04-13
9235.0,0.0,2006-04-14
9235.999999999998,0.0,2006-04-15
9237.0,0.0,2006-04-16
9238.0,0.0,2006-04-17
9238.999999999998,0.0,2006-04-18
9239.999999999998,0.0,2006-04-19
9241.0,0.0,2006-04-20
9242.0,0.0,2006-04-21
9242.999999999998,0.0,2006-04-22
9243.999999999998,0.0,2006-04-23
9245.0,0.0,2006-04-24
9246.0,0.0,2006-04-25
9246.999999999998,0.0,2006-04-26
9247.999999999998,0.0,2006-04-27
9249.0,0.0,2006-04-28
9250.0,0.0,2006-04-29
9250.999999999998,0.0,2006-04-30
9251.999999999998,0.0,2006-05-01
9253.0,0.0,2006-05-02
9254.0,0.0,2006-05-03
9254.999999999998,0.0,2006-05-04
9255.999999999998,0.0,2006-05-05
9257.0,0.0,2006-05-06
9258.0,0.0,2006-05-07
9258.999999999998,0.0,2006-05-08
9259.999999999998,0.0,2006-05-09
9261.0,0.0,2006-05-10
9262.0,0.0,2006-05-11
9262.999999999998,0.0,2006-05-12
9264.0,0.0,2006-05-13
9265.0,0.0,2006-05-14
9265.999999999998,0.0,2006-05-15
9266.999999999998,0.0,2006-05-16
9268.0,0.0,2006-05-17
9269.0,0.0,2006-05-18
9269.999999999998,0.0,2006-05-19
9270.999999999998,0.0,2006-05-20
9272.0,0.0,2006-05-21
9273.0,0.0,2006-05-22
9273.999999999998,0.0,2006-05-23
9274.999999999998,0.0,2006-05-24
9276.0,0.0,2006-05-25
9277.0,0.0,2006-05-26
9277.999999999998,0.0,2006-05-27
9278.999999999998,0.0,2006-05-28
9280.0,0.0,2006-05-29
9281.0,0.0,2006-05-30
9281.999999999998,0.0,2006-05-31
9282.999999999998,0.0,2006-06-01
9284.0,0.0,2006-06-02
9285.0,0.0,2006-06-03
9285.999999999998,0.0,2006-06-04
9286.999999999998,0.0,2006-06-05
9288.0,0.0,2006-06-06
9289.0,0.0,2006-06-07
9289.999999999998,0.0,2006-06-08
9291.0,0.0,2006-06-09
9292.0,0.049999999999954525,2006-06-10
9292.999999999998,0.06999999999993634,2006-06-11
9293.999999999998,0.09999999999990905,2006-06-12
9295.0,0.12000000000000455,2006-06-13
9296.0,0.12999999999999545,2006-06-14
9296.999999999998,0.13999999999998636,2006-06-15
9297.999999999998,0.14999999999997726,2006-06-16
9299.0,0.15999999999996817,2006-06-17
9300.0,0.17999999999994998,2006-06-18
9300.999999999998,0.18999999999994088,2006-06-19
9301.999999999998,0.1999999999999318,2006-06-20
9303.0,0.2099999999999227,2006-06-21
9304.0,0.2199999999999136,2006-06-22
9304.999999999998,0.2199999999999136,2006-06-23
9305.999999999998,0.2299999999999045,2006-06-24
9307.0,0.2400000000000091,2006-06-25
9308.0,0.25,2006-06-26
9308.999999999998,0.25,2006-06-27
9309.999999999998,0.2599999999999909,2006-06-28
9311.0,0.2599999999999909,2006-06-29
9312.0,0.2699999999999818,2006-06-30
9312.999999999998,0.2699999999999818,2006-07-01
9313.999999999998,0.2799999999999727,2006-07-02
9315.0,0.2799999999999727,2006-07-03
9316.0,0.2799999999999727,2006-07-04
9316.999999999998,0.2899999999999636,2006-07-05
9318.0,0.2899999999999636,2006-07-06
9319.0,0.2899999999999636,2006-07-07
9319.999999999998,0.2999999999999545,2006-07-08
9320.999999999998,0.2999999999999545,2006-07-09
9322.0,0.2999999999999545,2006-07-10
9323.0,0.30999999999994543,2006-07-11
9323.999999999998,0.31999999999993634,2006-07-12
9324.999999999998,0.31999999999993634,2006-07-13
9326.0,0.33999999999991815,2006-07-14
9327.0,0.34999999999990905,2006-07-15
9327.999999999998,0.34999999999990905,2006-07-16
9328.999999999998,0.35999999999989996,2006-07-17
9330.0,0.36999999999989086,2006-07-18
9331.0,0.36999999999989086,2006-07-19
9331.999999999998,0.37999999999988177,2006-07-20
9332.999999999998,0.38999999999998636,2006-07-21
9334.0,0.39999999999997726,2006-07-22
9335.0,0.39999999999997726,2006-07-23
9335.999999999998,0.40999999999996817,2006-07-24
9336.999999999998,0.4199999999999591,2006-07-25
9338.0,0.42999999999995,2006-07-26
9339.0,0.4399999999999409,2006-07-27
9339.999999999998,0.4499999999999318,2006-07-28
9340.999999999998,0.4599999999999227,2006-07-29
9342.0,0.4699999999999136,2006-07-30
9343.0,0.4799999999999045,2006-07-31
9343.999999999998,0.4899999999998954,2006-08-01
9345.0,0.4899999999998954,2006-08-02
9346.0,0.4999999999998863,2006-08-03
9346.999999999998,0.5099999999999909,2006-08-04
9347.999999999998,0.5199999999999818,2006-08-05
9349.0,0.5299999999999727,2006-08-06
9350.0,0.5299999999999727,2006-08-07
9350.999999999998,0.5399999999999636,2006-08-08
9351.999999999998,0.5399999999999636,2006-08-09
9353.0,0.5499999999999545,2006-08-10
9354.0,0.5499999999999545,2006-08-11
9354.999999999998,0.5499999999999545,2006-08-12
9355.999999999998,0.5599999999999454,2006-08-13
9357.0,0.5599999999999454,2006-08-14
9358.0,0.5699999999999363,2006-08-15
9358.999999999998,0.5699999999999363,2006-08-16
9359.999999999998,0.5799999999999272,2006-08-17
9361.0,0.5799999999999272,2006-08-18
9362.0,0.5799999999999272,2006-08-19
9362.999999999998,0.5799999999999272,2006-08-20
9363.999999999998,0.5799999999999272,2006-08-21
9365.0,0.5799999999999272,2006-08-22
9366.0,0.5799999999999272,2006-08-23
9366.999999999998,0.5799999999999272,2006-08-24
9367.999999999998,0.5799999999999272,2006-08-25
9369.0,0.5799999999999272,2006-08-26
9370.0,0.5799999999999272,2006-08-27
9370.999999999998,0.5699999999999363,2006-08-28
9372.0,0.5699999999999363,2006-08-29
9373.0,0.5699999999999363,2006-08-30
9373.999999999998,0.5699999999999363,2006-08-31
9374.999999999998,0.5699999999999363,2006-09-01
9376.0,0.5699999999999363,2006-09-02
9377.0,0.5699999999999363,2006-09-03
9377.999999999998,0.5599999999999454,2006-09-04
9378.999999999998,0.5599999999999454,2006-09-05
9380.0,0.5599999999999454,2006-09-06
9381.0,0.5599999999999454,2006-09-07
9381.999999999998,0.5599999999999454,2006-09-08
9382.999999999998,0.5599999999999454,2006-09-09
9384.0,0.5599999999999454,2006-09-10
9385.0,0.5499999999999545,2006-09-11
9385.999999999998,0.5499999999999545,2006-09-12
9386.999999999998,0.5499999999999545,2006-09-13
9388.0,0.5499999999999545,2006-09-14
9389.0,0.5499999999999545,2006-09-15
9389.999999999998,0.5499999999999545,2006-09-16
9390.999999999998,0.5599999999999454,2006-09-17
9392.0,0.5599999999999454,2006-09-18
9393.0,0.5599999999999454,2006-09-19
9393.999999999998,0.5599999999999454,2006-09-20
9394.999999999998,0.5699999999999363,2006-09-21
9396.0,0.5699999999999363,2006-09-22
9397.0,0.5699999999999363,2006-09-23
9397.999999999998,0.0,2006-09-24
9399.0,0.0,2006-09-25
9400.0,0.0,2006-09-26
9400.999999999998,0.0,2006-09-27
9401.999999999998,0.0,2006-09-28
9403.0,0.0,2006-09-29
9404.0,0.0,2006-09-30
9404.999999999998,0.0,2006-10-01
9405.999999999998,0.0,2006-10-02
9407.0,0.0,2006-10-03
9408.0,0.0,2006-10-04
9408.999999999998,0.0,2006-10-05
9409.999999999998,0.0,2006-10-06
9411.0,0.0,2006-10-07
9412.0,0.0,2006-10-08
9412.999999999998,0.0,2006-10-09
9413.999999999998,0.0,2006-10-10
9415.0,0.0,2006-10-11
9416.0,0.0,2006-10-12
9416.999999999998,0.0,2006-10-13
9417.999999999998,0.0,2006-10-14
9419.0,0.0,2006-10-15
9420.0,0.0,2006-10-16
9420.999999999998,0.0,2006-10-17
9421.999999999998,0.0,2006-10-18
9423.0,0.0,2006-10-19
9424.0,0.0,2006-10-20
9424.999999999998,0.0,2006-10-21
9426.0,0.0,2006-10-22
9427.0,0.0,2006-10-23
9427.999999999998,0.0,2006-10-24
9428.999999999998,0.0,2006-10-25
9430.0,0.0,2006-10-26
9431.0,0.0,2006-10-27
9431.999999999998,0.0,2006-10-28
9432.999999999998,0.0,2006-10-29
9434.0,0.0,2006-10-30
9435.0,0.0,2006-10-31
9435.999999999998,0.0,2006-11-01
9436.999999999998,0.0,2006-11-02
9438.0,0.0,2006-11-03
9439.0,0.0,2006-11-04
9439.999999999998,0.0,2006-11-05
9440.999999999998,0.0,2006-11-06
9442.0,0.0,2006-11-07
9443.0,0.0,2006-11-08
9443.999999999998,0.0,2006-11-09
9444.999999999998,0.0,2006-11-10
9446.0,0.0,2006-11-11
9447.0,0.0,2006-11-12
9447.999999999998,0.0,2006-11-13
9448.999999999998,0.0,2006-11-14
9450.0,0.0,2006-11-15
9451.0,0.0,2006-11-16
9451.999999999998,0.0,2006-11-17
9453.0,0.0,2006-11-18
9454.0,0.0,2006-11-19
9454.999999999998,0.0,2006-11-20
9455.999999999998,0.0,2006-11-21
9457.0,0.0,2006-11-22
9458.0,0.0,2006-11-23
9458.999999999998,0.0,2006-11-24
9459.999999999998,0.0,2006-11-25
9461.0,0.0,2006-11-26
9462.0,0.0,2006-11-27
9462.999999999998,0.0,2006-11-28
9463.999999999998,0.0,2006-11-29
9465.0,0.0,2006-11-30
9466.0,0.0,2006-12-01
9466.999999999998,0.0,2006-12-02
9467.999999999998,0.0,2006-12-03
9469.0,0.0,2006-12-04
9470.0,0.0,2006-12-05
9470.999999999998,0.0,2006-12-06
9471.999999999998,0.0,2006-12-07
9473.0,0.0,2006-12-08
9474.0,0.0,2006-12-09
9474.999999999998,0.0,2006-12-10
9475.999999999998,0.0,2006-12-11
9477.0,0.0,2006-12-12
9478.0,0.0,2006-12-13
9478.999999999998,0.0,2006-12-14
9480.0,0.0,2006-12-15
9481.0,0.0,2006-12-16
9481.999999999998,0.0,2006-12-17
9482.999999999998,0.0,2006-12-18
9484.0,0.0,2006-12-19
9485.0,0.0,2006-12-20
9485.999999999998,0.0,2006-12-21
9486.999999999998,0.0,2006-12-22
9488.0,0.0,2006-12-23
9489.0,0.0,2006-12-24
9489.999999999998,0.0,2006-12-25
9490.999999999998,0.0,2006-12-26
9492.0,0.0,2006-12-27
9493.0,0.0,2006-12-28
9493.999999999998,0.0,2006-12-29
9494.999999999998,0.0,2006-12-30
9496.0,0.0,2006-12-31
9497.0,0.0,2007-01-01
9497.999999999998,0.0,2007-01-02
9498.999999999998,0.0,2007-01-03
9500.0,0.0,2007-01-04
9501.0,0.0,2007-01-05
9501.999999999998,0.0,2007-01-06
9502.999999999998,0.0,2007-01-07
9504.0,0.0,2007-01-08
9504.999999999998,0.0,2007-01-09
9505.999999999998,0.0,2007-01-10
9507.0,0.0,2007-01-11
9508.0,0.0,2007-01-12
9508.999999999998,0.0,2007-01-13
9509.999999999998,0.0,2007-01-14
9511.0,0.0,2007-01-15
9512.0,0.0,2007-01-16
9512.999999999998,0.0,2007-01-17
9513.999999999998,0.0,2007-01-18
9515.0,0.0,2007-01-19
9516.0,0.0,2007-01-20
9516.999999999998,0.0,2007-01-21
9517.999999999998,0.0,2007-01-22
9519.0,0.0,2007-01-23
9520.0,0.0,2007-01-24
9520.999999999998,0.0,2007-01-25
9521.999999999998,0.0,2007-01-26
9523.0,0.0,2007-01-27
9524.0,0.0,2007-01-28
9524.999999999998,0.0,2007-01-29
9525.999999999998,0.0,2007-01-30
9527.0,0.0,2007-01-31
9528.0,0.0,2007-02-01
9528.999999999998,0.0,2007-02-02
9529.999999999998,0.0,2007-02-03
9531.0,0.0,2007-02-04
9531.999999999998,0.0,2007-02-05
9532.999999999998,0.0,2007-02-06
9534.0,0.0,2007-02-07
9535.0,0.0,2007-02-08
9535.999999999998,0.0,2007-02-09
9536.999999999998,0.0,2007-02-10
9538.0,0.0,2007-02-11
9539.0,0.0,2007-02-12
9539.999999999998,0.0,2007-02-13
9540.999999999998,0.0,2007-02-14
9542.0,0.0,2007-02-15
9543.0,0.0,2007-02-16
9543.999999999998,0.0,2007-02-17
9544.999999999998,0.0,2007-02-18
9546.0,0.0,2007-02-19
9547.0,0.0,2007-02-20
9547.999999999998,0.0,2007-02-21
9548.999999999998,0.0,2007-02-22
9550.0,0.0,2007-02-23
9551.0,0.0,2007-02-24
9551.999999999998,0.0,2007-02-25
9552.999999999998,0.0,2007-02-26
9554.0,0.0,2007-02-27
9555.0,0.0,2007-02-28
9555.999999999998,0.0,2007-03-01
9556.999999999998,0.0,2007-03-02
9558.0,0.0,2007-03-03
9558.999999999998,0.0,2007-03-04
9559.999999999998,0.0,2007-03-05
9561.0,0.0,2007-03-06
9562.0,0.0,2007-03-07
9562.999999999998,0.0,2007-03-08
9563.999999999998,0.0,2007-03-09
9565.0,0.0,2007-03-10
9566.0,0.0,2007-03-11
9566.999999999998,0.0,2007-03-12
9567.999999999998,0.0,2007-03-13
9569.0,0.0,2007-03-14
9570.0,0.0,2007-03-15
9570.999999999998,0.0,2007-03-16
9571.999999999998,0.0,2007-03-17
9573.0,0.0,2007-03-18
9574.0,0.0,2007-03-19
9574.999999999998,0.0,2007-03-20
9575.999999999998,0.0,2007-03-21
9577.0,0.0,2007-03-22
9578.0,0.0,2007-03-23
9578.999999999998,0.0,2007-03-24
9579.999999999998,0.0,2007-03-25
9581.0,0.0,2007-03-26
9582.0,0.0,2007-03-27
9582.999999999998,0.0,2007-03-28
9584.0,0.0,2007-03-29
9585.0,0.0,2007-03-30
9585.999999999998,0.0,2007-03-31
9586.999999999998,0.0,2007-04-01
9588.0,0.0,2007-04-02
9589.0,0.0,2007-04-03
9589.999999999998,0.0,2007-04-04
9590.999999999998,0.0,2007-04-05
9592.0,0.0,2007-04-06
9593.0,0.0,2007-04-07
9593.999999999998,0.0,2007-04-08
9594.999999999998,0.0,2007-04-09
9596.0,0.0,2007-04-10
9597.0,0.0,2007-04-11
9597.999999999998,0.0,2007-04-12
9598.999999999998,0.0,2007-04-13
9600.0,0.0,2007-04-14
9601.0,0.0,2007-04-15
9601.999999999998,0.0,2007-04-16
9602.999999999998,0.0,2007-04-17
9604.0,0.0,2007-04-18
9605.0,0.0,2007-04-19
9605.999999999998,0.0,2007-04-20
9606.999999999998,0.0,2007-04-21
9608.0,0.0,2007-04-22
9609.0,0.0,2007-04-23
9609.999999999998,0.0,2007-04-24
9611.0,0.0,2007-04-25
9612.0,0.0,2007-04-26
9612.999999999998,0.0,2007-04-27
9613.999999999998,0.0,2007-04-28
9615.0,0.0,2007-04-29
9616.0,0.0,2007-04-30
9616.999999999998,0.0,2007-05-01
9617.999999999998,0.0,2007-05-02
9619.0,0.0,2007-05-03
9620.0,0.0,2007-05-04
9620.999999999998,0.0,2007-05-05
9621.999999999998,0.0,2007-05-06
9623.0,0.0,2007-05-07
9624.0,0.0,2007-05-08
9624.999999999998,0.0,2007-05-09
9625.999999999998,0.0,2007-05-10
9627.0,0.0,2007-05-11
9628.0,0.0,2007-05-12
9628.999999999998,0.0,2007-05-13
9629.999999999998,0.0,2007-05-14
9631.0,0.0,2007-05-15
9632.0,0.0,2007-05-16
9632.999999999998,0.0,2007-05-17
9633.999999999998,0.0,2007-05-18
9635.0,0.0,2007-05-19
9636.0,0.0,2007-05-20
9636.999999999998,0.0,2007-05-21
9638.0,0.0,2007-05-22
9639.0,0.0,2007-05-23
9639.999999999998,0.0,2007-05-24
9640.999999999998,0.0,2007-05-25
9642.0,0.0,2007-05-26
9643.0,0.0,2007-05-27
9643.999999999998,0.0,2007-05-28
9644.999999999998,0.029999999999972715,2007-05-29
9646.0,0.05999999999994543,2007-05-30
9647.0,0.07999999999992724,2007-05-31
9647.999999999998,0.08999999999991815,2007-06-01
9648.999999999998,0.10999999999989996,2007-06-02
9650.0,0.12999999999999545,2007-06-03
9651.0,0.14999999999997726,2007-06-04
9651.999999999998,0.16999999999995907,2007-06-05
9652.999999999998,0.17999999999994998,2007-06-06
9654.0,0.18999999999994088,2007-06-07
9655.0,0.1999999999999318,2007-06-08
9655.999999999998,0.2099999999999227,2007-06-09
9656.999999999998,0.2099999999999227,2007-06-10
9658.0,0.2199999999999136,2007-06-11
9659.0,0.2299999999999045,2007-06-12
9659.999999999998,0.2299999999999045,2007-06-13
9660.999999999998,0.2400000000000091,2007-06-14
9662.0,0.25,2007-06-15
9663.0,0.25,2007-06-16
9663.999999999998,0.2599999999999909,2007-06-17
9665.0,0.2699999999999818,2007-06-18
9666.0,0.2699999999999818,2007-06-19
9666.999999999998,0.2799999999999727,2007-06-20
9667.999999999998,0.2899999999999636,2007-06-21
9669.0,0.2999999999999545,2007-06-22
9670.0,0.2999999999999545,2007-06-23
9670.999999999998,0.30999999999994543,2007-06-24
9671.999999999998,0.30999999999994543,2007-06-25
9673.0,0.31999999999993634,2007-06-26
9674.0,0.31999999999993634,2007-06-27
9674.999999999998,0.33999999999991815,2007-06-28
9675.999999999998,0.33999999999991815,2007-06-29
9677.0,0.35999999999989996,2007-06-30
9678.0,0.36999999999989086,2007-07-01
9678.999999999998,0.37999999999988177,2007-07-02
9679.999999999998,0.38999999999998636,2007-07-03
9681.0,0.40999999999996817,2007-07-04
9682.0,0.4199999999999591,2007-07-05
9682.999999999998,0.42999999999995,2007-07-06
9683.999999999998,0.4399999999999409,2007-07-07
9685.0,0.4499999999999318,2007-07-08
9686.0,0.4699999999999136,2007-07-09
9686.999999999998,0.4799999999999045,2007-07-10
9687.999999999998,0.4899999999998954,2007-07-11
9689.0,0.4999999999998863,2007-07-12
9690.0,0.5099999999999909,2007-07-13
9690.999999999998,0.5199999999999818,2007-07-14
9692.0,0.5299999999999727,2007-07-15
9693.0,0.5399999999999636,2007-07-16
9693.999999999998,0.5499999999999545,2007-07-17
9694.999999999998,0.5599999999999454,2007-07-18
9696.0,0.5699999999999363,2007-07-19
9697.0,0.5799999999999272,2007-07-20
9697.999999999998,0.5899999999999181,2007-07-21
9698.999999999998,0.599999999999909,2007-07-22
9700.0,0.599999999999909,2007-07-23
9701.0,0.6099999999999,2007-07-24
9701.999999999998,0.6199999999998909,2007-07-25
9702.999999999998,0.6199999999998909,2007-07-26
9704.0,0.6299999999998818,2007-07-27
9705.0,0.6399999999999864,2007-07-28
9705.999999999998,0.6399999999999864,2007-07-29
9706.999999999998,0.6499999999999773,2007-07-30
9708.0,0.6599999999999682,2007-07-31
9709.0,0.6599999999999682,2007-08-01
9709.999999999998,0.6699999999999591,2007-08-02
9710.999999999998,0.67999999999995,2007-08-03
9712.0,0.67999999999995,2007-08-04
9713.0,0.6899999999999409,2007-08-05
9713.999999999998,0.6999999999999318,2007-08-06
9714.999999999998,0.6999999999999318,2007-08-07
9716.0,0.7099999999999227,2007-08-08
9717.0,0.7099999999999227,2007-08-09
9717.999999999998,0.7199999999999136,2007-08-10
9719.0,0.7199999999999136,2007-08-11
9720.0,0.7199999999999136,2007-08-12
9720.999999999998,0.7299999999999045,2007-08-13
9721.999999999998,0.7299999999999045,2007-08-14
9723.0,0.7399999999998954,2007-08-15
9724.0,0.7399999999998954,2007-08-16
9724.999999999998,0.7499999999998863,2007-08-17
9725.999999999998,0.7499999999998863,2007-08-18
9727.0,0.7599999999999909,2007-08-19
9728.0,0.7599999999999909,2007-08-20
9728.999999999998,0.7699999999999818,2007-08-21
9729.999999999998,0.7699999999999818,2007-08-22
9731.0,0.7799999999999727,2007-08-23
9732.0,0.7799999999999727,2007-08-24
9732.999999999998,0.7899999999999636,2007-08-25
9733.999999999998,0.7899999999999636,2007-08-26
9735.0,0.7999999999999545,2007-08-27
9736.0,0.7999999999999545,2007-08-28
9736.999999999998,0.7999999999999545,2007-08-29
9737.999999999998,0.8099999999999454,2007-08-30
9739.0,0.8099999999999454,2007-08-31
9740.0,0.8199999999999363,2007-09-01
9740.999999999998,0.8199999999999363,2007-09-02
9741.999999999998,0.8299999999999272,2007-09-03
9743.0,0.8299999999999272,2007-09-04
9743.999999999998,0.8299999999999272,2007-09-05
9744.999999999998,0.8299999999999272,2007-09-06
9746.0,0.8399999999999181,2007-09-07
9747.0,0.8399999999999181,2007-09-08
9747.999999999998,0.8399999999999181,2007-09-09
9748.999999999998,0.8399999999999181,2007-09-10
9750.0,0.8399999999999181,2007-09-11
9751.0,0.8399999999999181,2007-09-12
9751.999999999998,0.849999999999909,2007-09-13
9752.999999999998,0.849999999999909,2007-09-14
9754.0,0.849999999999909,2007-09-15
9755.0,0.849999999999909,2007-09-16
9755.999999999998,0.849999999999909,2007-09-17
9756.999999999998,0.849999999999909,2007-09-18
9758.0,0.849999999999909,2007-09-19
9759.0,0.0,2007-09-20
9759.999999999998,0.0,2007-09-21
9760.999999999998,0.0,2007-09-22
9762.0,0.0,2007-09-23
9763.0,0.0,2007-09-24
9763.999999999998,0.0,2007-09-25
9764.999999999998,0.0,2007-09-26
9766.0,0.0,2007-09-27
9767.0,0.0,2007-09-28
9767.999999999998,0.0,2007-09-29
9768.999999999998,0.0,2007-09-30
9770.0,0.0,2007-10-01
9770.999999999998,0.0,2007-10-02
9771.999999999998,0.0,2007-10-03
9773.0,0.0,2007-10-04
9774.0,0.0,2007-10-05
9774.999999999998,0.0,2007-10-06
9775.999999999998,0.0,2007-10-07
9777.0,0.0,2007-10-08
9778.0,0.0,2007-10-09
9778.999999999998,0.0,2007-10-10
9779.999999999998,0.0,2007-10-11
9781.0,0.0,2007-10-12
9782.0,0.0,2007-10-13
9782.999999999998,0.0,2007-10-14
9783.999999999998,0.0,2007-10-15
9785.0,0.0,2007-10-16
9786.0,0.0,2007-10-17
9786.999999999998,0.0,2007-10-18
9787.999999999998,0.0,2007-10-19
9789.0,0.0,2007-10-20
9790.0,0.0,2007-10-21
9790.999999999998,0.0,2007-10-22
9791.999999999998,0.0,2007-10-23
9793.0,0.0,2007-10-24
9794.0,0.0,2007-10-25
9794.999999999998,0.0,2007-10-26
9795.999999999998,0.0,2007-10-27
9797.0,0.0,2007-10-28
9797.999999999998,0.0,2007-10-29
9798.999999999998,0.0,2007-10-30
9800.0,0.0,2007-10-31
9801.0,0.0,2007-11-01
9801.999999999998,0.0,2007-11-02
9802.999999999998,0.0,2007-11-03
9804.0,0.0,2007-11-04
9805.0,0.0,2007-11-05
9805.999999999998,0.0,2007-11-06
9806.999999999998,0.0,2007-11-07
9808.0,0.0,2007-11-08
9809.0,0.0,2007-11-09
9809.999999999998,0.0,2007-11-10
9810.999999999998,0.0,2007-11-11
9812.0,0.0,2007-11-12
9813.0,0.0,2007-11-13
9813.999999999998,0.0,2007-11-14
9814.999999999998,0.0,2007-11-15
9816.0,0.0,2007-11-16
9817.0,0.0,2007-11-17
9817.999999999998,0.0,2007-11-18
9818.999999999998,0.0,2007-11-19
9820.0,0.0,2007-11-20
9821.0,0.0,2007-11-21
9821.999999999998,0.0,2007-11-22
9822.999999999998,0.0,2007-11-23
9824.0,0.0,2007-11-24
9824.999999999998,0.0,2007-11-25
9825.999999999998,0.0,2007-11-26
9827.0,0.0,2007-11-27
9828.0,0.0,2007-11-28
9828.999999999998,0.0,2007-11-29
9829.999999999998,0.0,2007-11-30
9831.0,0.0,2007-12-01
9832.0,0.0,2007-12-02
9832.999999999998,0.0,2007-12-03
9833.999999999998,0.0,2007-12-04
9835.0,0.0,2007-12-05
9836.0,0.0,2007-12-06
9836.999999999998,0.0,2007-12-07
9837.999999999998,0.0,2007-12-08
9839.0,0.0,2007-12-09
9840.0,0.0,2007-12-10
9840.999999999998,0.0,2007-12-11
9841.999999999998,0.0,2007-12-12
9843.0,0.0,2007-12-13
9844.0,0.0,2007-12-14
9844.999999999998,0.0,2007-12-15
9845.999999999998,0.0,2007-12-16
9847.0,0.0,2007-12-17
9848.0,0.0,2007-12-18
9848.999999999998,0.0,2007-12-19
9849.999999999998,0.0,2007-12-20
9851.0,0.0,2007-12-21
9851.999999999998,0.0,2007-12-22
9852.999999999998,0.0,2007-12-23
9854.0,0.0,2007-12-24
9855.0,0.0,2007-12-25
9855.999999999998,0.0,2007-12-26
9856.999999999998,0.0,2007-12-27
9858.0,0.0,2007-12-28
9859.0,0.0,2007-12-29
9859.999999999998,0.0,2007-12-30
9860.999999999998,0.0,2007-12-31
9862.0,0.0,2008-01-01
9863.0,0.0,2008-01-02
9863.999999999998,0.0,2008-01-03
9864.999999999998,0.0,2008-01-04
9866.0,0.0,2008-01-05
9867.0,0.0,2008-01-06
9867.999999999998,0.0,2008-01-07
9868.999999999998,0.0,2008-01-08
9870.0,0.0,2008-01-09
9871.0,0.0,2008-01-10
9871.999999999998,0.0,2008-01-11
9872.999999999998,0.0,2008-01-12
9874.0,0.0,2008-01-13
9875.0,0.0,2008-01-14
9875.999999999998,0.0,2008-01-15
9876.999999999998,0.0,2008-01-16
9878.0,0.0,2008-01-17
9878.999999999998,0.0,2008-01-18
9879.999999999998,0.0,2008-01-19
9881.0,0.0,2008-01-20
9882.0,0.0,2008-01-21
9882.999999999998,0.0,2008-01-22
9883.999999999998,0.0,2008-01-23
9885.0,0.0,2008-01-24
9886.0,0.0,2008-01-25
9886.999999999998,0.0,2008-01-26
9887.999999999998,0.0,2008-01-27
9889.0,0.0,2008-01-28
9890.0,0.0,2008-01-29
9890.999999999998,0.0,2008-01-30
9891.999999999998,0.0,2008-01-31
9893.0,0.0,2008-02-01
9894.0,0.0,2008-02-02
9894.999999999998,0.0,2008-02-03
9895.999999999998,0.0,2008-02-04
9897.0,0.0,2008-02-05
9898.0,0.0,2008-02-06
9898.999999999998,0.0,2008-02-07
9899.999999999998,0.0,2008-02-08
9901.0,0.0,2008-02-09
9902.0,0.0,2008-02-10
9902.999999999998,0.0,2008-02-11
9903.999999999998,0.0,2008-02-12
9905.0,0.0,2008-02-13
9905.999999999998,0.0,2008-02-14
9906.999999999998,0.0,2008-02-15
9908.0,0.0,2008-02-16
9909.0,0.0,2008-02-17
9909.999999999998,0.0,2008-02-18
9910.999999999998,0.0,2008-02-19
9912.0,0.0,2008-02-20
9913.0,0.0,2008-02-21
9913.999999999998,0.0,2008-02-22
9914.999999999998,0.0,2008-02-23
9916.0,0.0,2008-02-24
9917.0,0.0,2008-02-25
9917.999999999998,0.0,2008-02-26
9918.999999999998,0.0,2008-02-27
9920.0,0.0,2008-02-28
9921.0,0.0,2008-02-29
9921.999999999998,0.0,2008-03-01
9922.999999999998,0.0,2008-03-02
9924.0,0.0,2008-03-03
9925.0,0.0,2008-03-04
9925.999999999998,0.0,2008-03-05
9926.999999999998,0.0,2008-03-06
9928.0,0.0,2008-03-07
9929.0,0.0,2008-03-08
9929.999999999998,0.0,2008-03-09
9930.999999999998,0.0,2008-03-10
9932.0,0.0,2008-03-11
9932.999999999998,0.0,2008-03-12
9933.999999999998,0.0,2008-03-13
9935.0,0.0,2008-03-14
9936.0,0.0,2008-03-15
9936.999999999998,0.0,2008-03-16
9937.999999999998,0.0,2008-03-17
9939.0,0.0,2008-03-18
9940.0,0.0,2008-03-19
9940.999999999998,0.0,2008-03-20
9941.999999999998,0.0,2008-03-21
9943.0,0.0,2008-03-22
9944.0,0.0,2008-03-23
9944.999999999998,0.0,2008-03-24
9945.999999999998,0.0,2008-03-25
9947.0,0.0,2008-03-26
9948.0,0.0,2008-03-27
9948.999999999998,0.0,2008-03-28
9949.999999999998,0.0,2008-03-29
9951.0,0.0,2008-03-30
9952.0,0.0,2008-03-31
9952.999999999998,0.0,2008-04-01
9953.999999999998,0.0,2008-04-02
9955.0,0.0,2008-04-03
9956.0,0.0,2008-04-04
9956.999999999998,0.0,2008-04-05
9957.999999999998,0.0,2008-04-06
9959.0,0.0,2008-04-07
9959.999999999998,0.0,2008-04-08
9960.999999999998,0.0,2008-04-09
9962.0,0.0,2008-04-10
9963.0,0.0,2008-04-11
9963.999999999998,0.0,2008-04-12
9964.999999999998,0.0,2008-04-13
9966.0,0.0,2008-04-14
9967.0,0.0,2008-04-15
9967.999999999998,0.0,2008-04-16
9968.999999999998,0.0,2008-04-17
9970.0,0.0,2008-04-18
9971.0,0.0,2008-04-19
9971.999999999998,0.0,2008-04-20
9972.999999999998,0.0,2008-04-21
9974.0,0.0,2008-04-22
9975.0,0.0,2008-04-23
9975.999999999998,0.0,2008-04-24
9976.999999999998,0.0,2008-04-25
9978.0,0.0,2008-04-26
9979.0,0.0,2008-04-27
9979.999999999998,0.0,2008-04-28
9980.999999999998,0.0,2008-04-29
9982.0,0.0,2008-04-30
9982.999999999998,0.0,2008-05-01
9983.999999999998,0.0,2008-05-02
9984.999999999998,0.0,2008-05-03
9986.0,0.0,2008-05-04
9986.999999999998,0.0,2008-05-05
9987.999999999998,0.0,2008-05-06
9989.0,0.0,2008-05-07
9990.0,0.0,2008-05-08
9990.999999999998,0.0,2008-05-09
9991.999999999998,0.0,2008-05-10
9993.0,0.0,2008-05-11
9994.0,0.0,2008-05-12
9994.999999999998,0.0,2008-05-13
9995.999999999998,0.0,2008-05-14
9997.0,0.0,2008-05-15
9998.0,0.0,2008-05-16
9998.999999999998,0.0,2008-05-17
9999.999999999998,0.0,2008-05-18
10001.0,0.0,2008-05-19
10002.0,0.0,2008-05-20
10002.999999999998,0.0,2008-05-21
10003.999999999998,0.0,2008-05-22
10005.0,0.0,2008-05-23
10006.0,0.0,2008-05-24
10006.999999999998,0.0,2008-05-25
10007.999999999998,0.0,2008-05-26
10009.0,0.0,2008-05-27
10009.999999999998,0.0,2008-05-28
10010.999999999998,0.0,2008-05-29
10011.999999999998,0.0,2008-05-30
10013.0,0.0,2008-05-31
10013.999999999998,0.0,2008-06-01
10014.999999999998,0.0,2008-06-02
10016.0,0.0,2008-06-03
10017.0,0.0,2008-06-04
10017.999999999998,0.03999999999996362,2008-06-05
10018.999999999998,0.06999999999993634,2008-06-06
10020.0,0.08999999999991815,2008-06-07
10021.0,0.10999999999989996,2008-06-08
10021.999999999998,0.12000000000000455,2008-06-09
10022.999999999998,0.12999999999999545,2008-06-10
10024.0,0.13999999999998636,2008-06-11
10025.0,0.14999999999997726,2008-06-12
10025.999999999998,0.15999999999996817,2008-06-13
10026.999999999998,0.17999999999994998,2008-06-14
10028.0,0.18999999999994088,2008-06-15
10029.0,0.1999999999999318,2008-06-16
10029.999999999998,0.1999999999999318,2008-06-17
10030.999999999998,0.2099999999999227,2008-06-18
10032.0,0.2099999999999227,2008-06-19
10033.0,0.2199999999999136,2008-06-20
10033.999999999998,0.2299999999999045,2008-06-21
10034.999999999998,0.2400000000000091,2008-06-22
10036.0,0.25,2008-06-23
10036.999999999998,0.2599999999999909,2008-06-24
10037.999999999998,0.2699999999999818,2008-06-25
10039.0,0.2799999999999727,2008-06-26
10040.0,0.2899999999999636,2008-06-27
10040.999999999998,0.2899999999999636,2008-06-28
10041.999999999998,0.2999999999999545,2008-06-29
10043.0,0.30999999999994543,2008-06-30
10044.0,0.30999999999994543,2008-07-01
10044.999999999998,0.31999999999993634,2008-07-02
10045.999999999998,0.31999999999993634,2008-07-03
10047.0,0.33999999999991815,2008-07-04
10048.0,0.33999999999991815,2008-07-05
10048.999999999998,0.35999999999989996,2008-07-06
10049.999999999998,0.36999999999989086,2008-07-07
10051.0,0.37999999999988177,2008-07-08
10052.0,0.38999999999998636,2008-07-09
10052.999999999998,0.40999999999996817,2008-07-10
10053.999999999998,0.40999999999996817,2008-07-11
10055.0,0.4199999999999591,2008-07-12
10056.0,0.42999999999995,2008-07-13
10056.999999999998,0.4399999999999409,2008-07-14
10057.999999999998,0.4499999999999318,2008-07-15
10059.0,0.4599999999999227,2008-07-16
10060.0,0.4699999999999136,2008-07-17
10060.999999999998,0.4699999999999136,2008-07-18
10061.999999999998,0.4799999999999045,2008-07-19
10063.0,0.4899999999998954,2008-07-20
10063.999999999998,0.4899999999998954,2008-07-21
10064.999999999998,0.4999999999998863,2008-07-22
10066.0,0.4999999999998863,2008-07-23
10067.0,0.4999999999998863,2008-07-24
10067.999999999998,0.4999999999998863,2008-07-25
10068.999999999998,0.4999999999998863,2008-07-26
10070.0,0.5099999999999909,2008-07-27
10071.0,0.5099999999999909,2008-07-28
10071.999999999998,0.5199999999999818,2008-07-29
10072.999999999998,0.5299999999999727,2008-07-30
10074.0,0.5299999999999727,2008-07-31
10075.0,0.5299999999999727,2008-08-01
10075.999999999998,0.5299999999999727,2008-08-02
10076.999999999998,0.5299999999999727,2008-08-03
10078.0,0.5299999999999727,2008-08-04
10079.0,0.5299999999999727,2008-08-05
10079.999999999998,0.5299999999999727,2008-08-06
10080.999999999998,0.5299999999999727,2008-08-07
10082.0,0.5299999999999727,2008-08-08
10083.0,0.5299999999999727,2008-08-09
10083.999999999998,0.5299999999999727,2008-08-10
10084.999999999998,0.5299999999999727,2008-08-11
10086.0,0.5299999999999727,2008-08-12
10087.0,0.5199999999999818,2008-08-13
10087.999999999998,0.5199999999999818,2008-08-14
10088.999999999998,0.5199999999999818,2008-08-15
10090.0,0.5199999999999818,2008-08-16
10090.999999999998,0.5199999999999818,2008-08-17
10091.999999999998,0.5299999999999727,2008-08-18
10093.0,0.5299999999999727,2008-08-19
10094.0,0.5299999999999727,2008-08-20
10094.999999999998,0.5299999999999727,2008-08-21
10095.999999999998,0.5299999999999727,2008-08-22
10097.0,0.5299999999999727,2008-08-23
10098.0,0.5399999999999636,2008-08-24
10098.999999999998,0.5399999999999636,2008-08-25
10099.999999999998,0.5399999999999636,2008-08-26
10101.0,0.5399999999999636,2008-08-27
10102.0,0.5399999999999636,2008-08-28
10102.999999999998,0.5499999999999545,2008-08-29
10103.999999999998,0.5499999999999545,2008-08-30
10105.0,0.5499999999999545,2008-08-31
10106.0,0.5499999999999545,2008-09-01
10106.999999999998,0.5599999999999454,2008-09-02
10107.999999999998,0.5599999999999454,2008-09-03
10109.0,0.5599999999999454,2008-09-04
10110.0,0.5599999999999454,2008-09-05
10110.999999999998,0.5599999999999454,2008-09-06
10111.999999999998,0.5699999999999363,2008-09-07
10113.0,0.5699999999999363,2008-09-08
10114.0,0.5699999999999363,2008-09-09
10114.999999999998,0.5699999999999363,2008-09-10
10115.999999999998,0.5699999999999363,2008-09-11
10117.0,0.5699999999999363,2008-09-12
10117.999999999998,0.5699999999999363,2008-09-13
10118.999999999998,0.5699999999999363,2008-09-14
10120.0,0.0,2008-09-15
10121.0,0.5599999999999454,2008-09-16
10121.999999999998,0.5599999999999454,2008-09-17
10122.999999999998,0.5599999999999454,2008-09-18
10124.0,0.5599999999999454,2008-09-19
10125.0,0.5599999999999454,2008-09-20
10125.999999999998,0.5599999999999454,2008-09-21
10126.999999999998,0.0,2008-09-22
10128.0,0.0,2008-09-23
10129.0,0.0,2008-09-24
10129.999999999998,0.0,2008-09-25
10130.999999999998,0.0,2008-09-26
10132.0,0.0,2008-09-27
10133.0,0.0,2008-09-28
10133.999999999998,0.0,2008-09-29
10134.999999999998,0.0,2008-09-30
10136.0,0.0,2008-10-01
10137.0,0.0,2008-10-02
10137.999999999998,0.0,2008-10-03
10138.999999999998,0.0,2008-10-04
10140.0,0.0,2008-10-05
10141.0,0.0,2008-10-06
10141.999999999998,0.0,2008-10-07
10142.999999999998,0.0,2008-10-08
10144.0,0.0,2008-10-09
10144.999999999998,0.0,2008-10-10
10145.999999999998,0.0,2008-10-11
10147.0,0.0,2008-10-12
10148.0,0.0,2008-10-13
10148.999999999998,0.0,2008-10-14
10149.999999999998,0.0,2008-10-15
10151.0,0.0,2008-10-16
10152.0,0.0,2008-10-17
10152.999999999998,0.0,2008-10-18
10153.999999999998,0.0,2008-10-19
10155.0,0.0,2008-10-20
10156.0,0.0,2008-10-21
10156.999999999998,0.0,2008-10-22
10157.999999999998,0.0,2008-10-23
10159.0,0.0,2008-10-24
10160.0,0.0,2008-10-25
10160.999999999998,0.0,2008-10-26
10161.999999999998,0.0,2008-10-27
10163.0,0.0,2008-10-28
10164.0,0.0,2008-10-29
10164.999999999998,0.0,2008-10-30
10165.999999999998,0.0,2008-10-31
10167.0,0.0,2008-11-01
10168.0,0.0,2008-11-02
10168.999999999998,0.0,2008-11-03
10169.999999999998,0.0,2008-11-04
10171.0,0.0,2008-11-05
10171.999999999998,0.0,2008-11-06
10172.999999999998,0.0,2008-11-07
10174.0,0.0,2008-11-08
10175.0,0.0,2008-11-09
10175.999999999998,0.0,2008-11-10
10176.999999999998,0.0,2008-11-11
10178.0,0.0,2008-11-12
10179.0,0.0,2008-11-13
10179.999999999998,0.0,2008-11-14
10180.999999999998,0.0,2008-11-15
10182.0,0.0,2008-11-16
10183.0,0.0,2008-11-17
10183.999999999998,0.0,2008-11-18
10184.999999999998,0.0,2008-11-19
10186.0,0.0,2008-11-20
10187.0,0.0,2008-11-21
10187.999999999998,0.0,2008-11-22
10188.999999999998,0.0,2008-11-23
10190.0,0.0,2008-11-24
10191.0,0.0,2008-11-25
10191.999999999998,0.0,2008-11-26
10192.999999999998,0.0,2008-11-27
10194.0,0.0,2008-11-28
10195.0,0.0,2008-11-29
10195.999999999998,0.0,2008-11-30
10196.999999999998,0.0,2008-12-01
10198.0,0.0,2008-12-02
10198.999999999998,0.0,2008-12-03
10199.999999999998,0.0,2008-12-04
10201.0,0.0,2008-12-05
10202.0,0.0,2008-12-06
10202.999999999998,0.0,2008-12-07
10203.999999999998,0.0,2008-12-08
10205.0,0.0,2008-12-09
10206.0,0.0,2008-12-10
10206.999999999998,0.0,2008-12-11
10207.999999999998,0.0,2008-12-12
10209.0,0.0,2008-12-13
10210.0,0.0,2008-12-14
10210.999999999998,0.0,2008-12-15
10211.999999999998,0.0,2008-12-16
10213.0,0.0,2008-12-17
10214.0,0.0,2008-12-18
10214.999999999998,0.0,2008-12-19
10215.999999999998,0.0,2008-12-20
10217.0,0.0,2008-12-21
10218.0,0.0,2008-12-22
10218.999999999998,0.0,2008-12-23
10219.999999999998,0.0,2008-12-24
10221.0,0.0,2008-12-25
10221.999999999998,0.0,2008-12-26
10222.999999999998,0.0,2008-12-27
10223.999999999998,0.0,2008-12-28
10225.0,0.0,2008-12-29
10225.999999999998,0.0,2008-12-30
10226.999999999998,0.0,2008-12-31
10228.0,0.0,2009-01-01
10229.0,0.0,2009-01-02
10229.999999999998,0.0,2009-01-03
10230.999999999998,0.0,2009-01-04
10232.0,0.0,2009-01-05
10233.0,0.0,2009-01-06
10233.999999999998,0.0,2009-01-07
10234.999999999998,0.0,2009-01-08
10236.0,0.0,2009-01-09
10237.0,0.0,2009-01-10
10237.999999999998,0.0,2009-01-11
10238.999999999998,0.0,2009-01-12
10240.0,0.0,2009-01-13
10241.0,0.0,2009-01-14
10241.999999999998,0.0,2009-01-15
10242.999999999998,0.0,2009-01-16
10244.0,0.0,2009-01-17
10245.0,0.0,2009-01-18
10245.999999999998,0.0,2009-01-19
10246.999999999998,0.0,2009-01-20
10248.0,0.0,2009-01-21
10248.999999999998,0.0,2009-01-22
10249.999999999998,0.0,2009-01-23
10250.999999999998,0.0,2009-01-24
10252.0,0.0,2009-01-25
10252.999999999998,0.0,2009-01-26
10253.999999999998,0.0,2009-01-27
10255.0,0.0,2009-01-28
10256.0,0.0,2009-01-29
10256.999999999998,0.0,2009-01-30
10257.999999999998,0.0,2009-01-31
10259.0,0.0,2009-02-01
10260.0,0.0,2009-02-02
10260.999999999998,0.0,2009-02-03
10261.999999999998,0.0,2009-02-04
10263.0,0.0,2009-02-05
10264.0,0.0,2009-02-06
10264.999999999998,0.0,2009-02-07
10265.999999999998,0.0,2009-02-08
10267.0,0.0,2009-02-09
10268.0,0.0,2009-02-10
10268.999999999998,0.0,2009-02-11
10269.999999999998,0.0,2009-02-12
10271.0,0.0,2009-02-13
10272.0,0.0,2009-02-14
10272.999999999998,0.0,2009-02-15
10273.999999999998,0.0,2009-02-16
10275.0,0.0,2009-02-17
10275.999999999998,0.0,2009-02-18
10276.999999999998,0.0,2009-02-19
10277.999999999998,0.0,2009-02-20
10279.0,0.0,2009-02-21
10279.999999999998,0.0,2009-02-22
10280.999999999998,0.0,2009-02-23
10282.0,0.0,2009-02-24
10283.0,0.0,2009-02-25
10283.999999999998,0.0,2009-02-26
10284.999999999998,0.0,2009-02-27
10286.0,0.0,2009-02-28
10287.0,0.0,2009-03-01
10287.999999999998,0.0,2009-03-02
10288.999999999998,0.0,2009-03-03
10290.0,0.0,2009-03-04
10291.0,0.0,2009-03-05
10291.999999999998,0.0,2009-03-06
10292.999999999998,0.0,2009-03-07
10294.0,0.0,2009-03-08
10295.0,0.0,2009-03-09
10295.999999999998,0.0,2009-03-10
10296.999999999998,0.0,2009-03-11
10298.0,0.0,2009-03-12
10299.0,0.0,2009-03-13
10299.999999999998,0.0,2009-03-14
10300.999999999998,0.0,2009-03-15
10302.0,0.0,2009-03-16
10302.999999999998,0.0,2009-03-17
10303.999999999998,0.0,2009-03-18
10304.999999999998,0.0,2009-03-19
10306.0,0.0,2009-03-20
10306.999999999998,0.0,2009-03-21
10307.999999999998,0.0,2009-03-22
10309.0,0.0,2009-03-23
10310.0,0.0,2009-03-24
10310.999999999998,0.0,2009-03-25
10311.999999999998,0.0,2009-03-26
10313.0,0.0,2009-03-27
10314.0,0.0,2009-03-28
10314.999999999998,0.0,2009-03-29
10315.999999999998,0.0,2009-03-30
10317.0,0.0,2009-03-31
10318.0,0.0,2009-04-01
10318.999999999998,0.0,2009-04-02
10319.999999999998,0.0,2009-04-03
10321.0,0.0,2009-04-04
10322.0,0.0,2009-04-05
10322.999999999998,0.0,2009-04-06
10323.999999999998,0.0,2009-04-07
10325.0,0.0,2009-04-08
10326.0,0.0,2009-04-09
10326.999999999998,0.0,2009-04-10
10327.999999999998,0.0,2009-04-11
10329.0,0.0,2009-04-12
10329.999999999998,0.0,2009-04-13
10330.999999999998,0.0,2009-04-14
10331.999999999998,0.0,2009-04-15
10333.0,0.0,2009-04-16
10333.999999999998,0.0,2009-04-17
10334.999999999998,0.0,2009-04-18
10336.0,0.0,2009-04-19
10337.0,0.0,2009-04-20
10337.999999999998,0.0,2009-04-21
10338.999999999998,0.0,2009-04-22
10340.0,0.0,2009-04-23
10341.0,0.0,2009-04-24
10341.999999999998,0.0,2009-04-25
10342.999999999998,0.0,2009-04-26
10344.0,0.0,2009-04-27
10345.0,0.0,2009-04-28
10345.999999999998,0.0,2009-04-29
10346.999999999998,0.0,2009-04-30
10348.0,0.0,2009-05-01
10349.0,0.0,2009-05-02
10349.999999999998,0.0,2009-05-03
10350.999999999998,0.0,2009-05-04
10352.0,0.0,2009-05-05
10353.0,0.0,2009-05-06
10353.999999999998,0.0,2009-05-07
10354.999999999998,0.0,2009-05-08
10356.0,0.0,2009-05-09
10356.999999999998,0.0,2009-05-10
10357.999999999998,0.0,2009-05-11
10358.999999999998,0.0,2009-05-12
10360.0,0.0,2009-05-13
10360.999999999998,0.0,2009-05-14
10361.999999999998,0.0,2009-05-15
10363.0,0.0,2009-05-16
10364.0,0.0,2009-05-17
10364.999999999998,0.0,2009-05-18
10365.999999999998,0.0,2009-05-19
10367.0,0.0,2009-05-20
10368.0,0.0,2009-05-21
10368.999999999998,0.0,2009-05-22
10369.999999999998,0.0,2009-05-23
10371.0,0.0,2009-05-24
10372.0,0.0,2009-05-25
10372.999999999998,0.0,2009-05-26
10373.999999999998,0.0,2009-05-27
10375.0,0.0,2009-05-28
10376.0,0.0,2009-05-29
10376.999999999998,0.0,2009-05-30
10377.999999999998,0.0,2009-05-31
10379.0,0.0,2009-06-01
10380.0,0.0,2009-06-02
10380.999999999998,0.0,2009-06-03
10381.999999999998,0.029999999999972715,2009-06-04
10383.0,0.06999999999993634,2009-06-05
10383.999999999998,0.08999999999991815,2009-06-06
10384.999999999998,0.09999999999990905,2009-06-07
10385.999999999998,0.12000000000000455,2009-06-08
10387.0,0.13999999999998636,2009-06-09
10387.999999999998,0.14999999999997726,2009-06-10
10388.999999999998,0.14999999999997726,2009-06-11
10390.0,0.15999999999996817,2009-06-12
10391.0,0.16999999999995907,2009-06-13
10391.999999999998,0.17999999999994998,2009-06-14
10392.999999999998,0.17999999999994998,2009-06-15
10394.0,0.18999999999994088,2009-06-16
10395.0,0.1999999999999318,2009-06-17
10395.999999999998,0.2099999999999227,2009-06-18
10396.999999999998,0.2099999999999227,2009-06-19
10398.0,0.2099999999999227,2009-06-20
10399.0,0.2199999999999136,2009-06-21
10399.999999999998,0.2299999999999045,2009-06-22
10400.999999999998,0.2400000000000091,2009-06-23
10402.0,0.25,2009-06-24
10403.0,0.25,2009-06-25
10403.999999999998,0.2599999999999909,2009-06-26
10404.999999999998,0.2599999999999909,2009-06-27
10406.0,0.2699999999999818,2009-06-28
10407.0,0.2699999999999818,2009-06-29
10407.999999999998,0.2699999999999818,2009-06-30
10408.999999999998,0.2799999999999727,2009-07-01
10410.0,0.2899999999999636,2009-07-02
10410.999999999998,0.2899999999999636,2009-07-03
10411.999999999998,0.2999999999999545,2009-07-04
10412.999999999998,0.30999999999994543,2009-07-05
10414.0,0.31999999999993634,2009-07-06
10414.999999999998,0.31999999999993634,2009-07-07
10415.999999999998,0.33999999999991815,2009-07-08
10417.0,0.34999999999990905,2009-07-09
10418.0,0.35999999999989996,2009-07-10
10418.999999999998,0.36999999999989086,2009-07-11
10419.999999999998,0.37999999999988177,2009-07-12
10421.0,0.38999999999998636,2009-07-13
10422.0,0.39999999999997726,2009-07-14
10422.999999999998,0.40999999999996817,2009-07-15
10423.999999999998,0.42999999999995,2009-07-16
10425.0,0.4399999999999409,2009-07-17
10426.0,0.4499999999999318,2009-07-18
10426.999999999998,0.4599999999999227,2009-07-19
10427.999999999998,0.4699999999999136,2009-07-20
10429.0,0.4799999999999045,2009-07-21
10430.0,0.4899999999998954,2009-07-22
10430.999999999998,0.4999999999998863,2009-07-23
10431.999999999998,0.5099999999999909,2009-07-24
10433.0,0.5199999999999818,2009-07-25
10434.0,0.5199999999999818,2009-07-26
10434.999999999998,0.5299999999999727,2009-07-27
10435.999999999998,0.5399999999999636,2009-07-28
10437.0,0.5499999999999545,2009-07-29
10437.999999999998,0.5599999999999454,2009-07-30
10438.999999999998,0.5699999999999363,2009-07-31
10439.999999999998,0.5799999999999272,2009-08-01
10441.0,0.5899999999999181,2009-08-02
10441.999999999998,0.5899999999999181,2009-08-03
10442.999999999998,0.599999999999909,2009-08-04
10444.0,0.6099999999999,2009-08-05
10445.0,0.6099999999999,2009-08-06
10445.999999999998,0.6199999999998909,2009-08-07
10446.999999999998,0.6299999999998818,2009-08-08
10448.0,0.6299999999998818,2009-08-09
10449.0,0.6399999999999864,2009-08-10
10449.999999999998,0.6399999999999864,2009-08-11
10450.999999999998,0.6399999999999864,2009-08-12
10452.0,0.6499999999999773,2009-08-13
10453.0,0.6499999999999773,2009-08-14
10453.999999999998,0.6499999999999773,2009-08-15
10454.999999999998,0.6499999999999773,2009-08-16
10456.0,0.6499999999999773,2009-08-17
10457.0,0.6499999999999773,2009-08-18
10457.999999999998,0.6499999999999773,2009-08-19
10458.999999999998,0.6499999999999773,2009-08-20
10460.0,0.6499999999999773,2009-08-21
10460.999999999998,0.6499999999999773,2009-08-22
10461.999999999998,0.6499999999999773,2009-08-23
10462.999999999998,0.6499999999999773,2009-08-24
10464.0,0.6499999999999773,2009-08-25
10464.999999999998,0.6499999999999773,2009-08-26
10465.999999999998,0.6499999999999773,2009-08-27
10466.999999999998,0.6499999999999773,2009-08-28
10468.0,0.6499999999999773,2009-08-29
10468.999999999998,0.6499999999999773,2009-08-30
10469.999999999998,0.6499999999999773,2009-08-31
10471.0,0.6499999999999773,2009-09-01
10472.0,0.6399999999999864,2009-09-02
10472.999999999998,0.6399999999999864,2009-09-03
10473.999999999998,0.6399999999999864,2009-09-04
10475.0,0.6399999999999864,2009-09-05
10476.0,0.6399999999999864,2009-09-06
10476.999999999998,0.6399999999999864,2009-09-07
10477.999999999998,0.6399999999999864,2009-09-08
10479.0,0.6399999999999864,2009-09-09
10480.0,0.6399999999999864,2009-09-10
10480.999999999998,0.6399999999999864,2009-09-11
10481.999999999998,0.6399999999999864,2009-09-12
10483.0,0.6399999999999864,2009-09-13
10484.0,0.6399999999999864,2009-09-14
10484.999999999998,0.6399999999999864,2009-09-15
10485.999999999998,0.6399999999999864,2009-09-16
10487.0,0.6399999999999864,2009-09-17
10487.999999999998,0.6399999999999864,2009-09-18
10488.999999999998,0.6399999999999864,2009-09-19
10489.999999999998,0.6399999999999864,2009-09-20
10491.0,0.6399999999999864,2009-09-21
10491.999999999998,0.6399999999999864,2009-09-22
10492.999999999998,0.6399999999999864,2009-09-23
10493.999999999998,0.6299999999998818,2009-09-24
10495.0,0.6299999999998818,2009-09-25
10495.999999999998,0.6299999999998818,2009-09-26
10496.999999999998,0.6299999999998818,2009-09-27
10498.0,0.0,2009-09-28
10499.0,0.0,2009-09-29
10499.999999999998,0.0,2009-09-30
10500.999999999998,0.0,2009-10-01
10502.0,0.0,2009-10-02
10503.0,0.0,2009-10-03
10503.999999999998,0.0,2009-10-04
10504.999999999998,0.0,2009-10-05
10506.0,0.0,2009-10-06
10507.0,0.0,2009-10-07
10507.999999999998,0.0,2009-10-08
10508.999999999998,0.0,2009-10-09
10510.0,0.0,2009-10-10
10511.0,0.0,2009-10-11
10511.999999999998,0.0,2009-10-12
10512.999999999998,0.0,2009-10-13
10514.0,0.0,2009-10-14
10514.999999999998,0.0,2009-10-15
10515.999999999998,0.0,2009-10-16
10516.999999999998,0.0,2009-10-17
10518.0,0.0,2009-10-18
10518.999999999998,0.0,2009-10-19
10519.999999999998,0.0,2009-10-20
10521.0,0.0,2009-10-21
10522.0,0.0,2009-10-22
10522.999999999998,0.0,2009-10-23
10523.999999999998,0.0,2009-10-24
10525.0,0.0,2009-10-25
10526.0,0.0,2009-10-26
10526.999999999998,0.0,2009-10-27
10527.999999999998,0.0,2009-10-28
10529.0,0.0,2009-10-29
10530.0,0.0,2009-10-30
10530.999999999998,0.0,2009-10-31
10531.999999999998,0.0,2009-11-01
10533.0,0.0,2009-11-02
10534.0,0.0,2009-11-03
10534.999999999998,0.0,2009-11-04
10535.999999999998,0.0,2009-11-05
10537.0,0.0,2009-11-06
10538.0,0.0,2009-11-07
10538.999999999998,0.0,2009-11-08
10539.999999999998,0.0,2009-11-09
10541.0,0.0,2009-11-10
10541.999999999998,0.0,2009-11-11
10542.999999999998,0.0,2009-11-12
10543.999999999998,0.0,2009-11-13
10545.0,0.0,2009-11-14
10545.999999999998,0.0,2009-11-15
10546.999999999998,0.0,2009-11-16
10548.0,0.0,2009-11-17
10549.0,0.0,2009-11-18
10549.999999999998,0.0,2009-11-19
10550.999999999998,0.0,2009-11-20
10552.0,0.0,2009-11-21
10553.0,0.0,2009-11-22
10553.999999999998,0.0,2009-11-23
10554.999999999998,0.0,2009-11-24
10556.0,0.0,2009-11-25
10557.0,0.0,2009-11-26
10557.999999999998,0.0,2009-11-27
10558.999999999998,0.0,2009-11-28
10560.0,0.0,2009-11-29
10561.0,0.0,2009-11-30
10561.999999999998,0.0,2009-12-01
10562.999999999998,0.0,2009-12-02
10564.0,0.0,2009-12-03
10565.0,0.0,2009-12-04
10565.999999999998,0.0,2009-12-05
10566.999999999998,0.0,2009-12-06
10568.0,0.0,2009-12-07
10568.999999999998,0.0,2009-12-08
10569.999999999998,0.0,2009-12-09
10570.999999999998,0.0,2009-12-10
10572.0,0.0,2009-12-11
10572.999999999998,0.0,2009-12-12
10573.999999999998,0.0,2009-12-13
10575.0,0.0,2009-12-14
10576.0,0.0,2009-12-15
10576.999999999998,0.0,2009-12-16
10577.999999999998,0.0,2009-12-17
10579.0,0.0,2009-12-18
10580.0,0.0,2009-12-19
10580.999999999998,0.0,2009-12-20
10581.999999999998,0.0,2009-12-21
10583.0,0.0,2009-12-22
10584.0,0.0,2009-12-23
10584.999999999998,0.0,2009-12-24
10585.999999999998,0.0,2009-12-25
10587.0,0.0,2009-12-26
10588.0,0.0,2009-12-27
10588.999999999998,0.0,2009-12-28
10589.999999999998,0.0,2009-12-29
10591.0,0.0,2009-12-30
10592.0,0.0,2009-12-31
10592.999999999998,0.0,2010-01-01
10593.999999999998,0.0,2010-01-02
10595.0,0.0,2010-01-03
10595.999999999998,0.0,2010-01-04
10596.999999999998,0.0,2010-01-05
10597.999999999998,0.0,2010-01-06
10599.0,0.0,2010-01-07
10599.999999999998,0.0,2010-01-08
10600.999999999998,0.0,2010-01-09
10602.0,0.0,2010-01-10
10603.0,0.0,2010-01-11
10603.999999999998,0.0,2010-01-12
10604.999999999998,0.0,2010-01-13
10606.0,0.0,2010-01-14
10607.0,0.0,2010-01-15
10607.999999999998,0.0,2010-01-16
10608.999999999998,0.0,2010-01-17
10610.0,0.0,2010-01-18
10611.0,0.0,2010-01-19
10611.999999999998,0.0,2010-01-20
10612.999999999998,0.0,2010-01-21
10614.0,0.0,2010-01-22
10615.0,0.0,2010-01-23
10615.999999999998,0.0,2010-01-24
10616.999999999998,0.0,2010-01-25
10618.0,0.0,2010-01-26
10619.0,0.0,2010-01-27
10619.999999999998,0.0,2010-01-28
10620.999999999998,0.0,2010-01-29
10622.0,0.0,2010-01-30
10622.999999999998,0.0,2010-01-31
10623.999999999998,0.0,2010-02-01
10624.999999999998,0.0,2010-02-02
10626.0,0.0,2010-02-03
10626.999999999998,0.0,2010-02-04
10627.999999999998,0.0,2010-02-05
10629.0,0.0,2010-02-06
10630.0,0.0,2010-02-07
10630.999999999998,0.0,2010-02-08
10631.999999999998,0.0,2010-02-09
10633.0,0.0,2010-02-10
10634.0,0.0,2010-02-11
10634.999999999998,0.0,2010-02-12
10635.999999999998,0.0,2010-02-13
10637.0,0.0,2010-02-14
10638.0,0.0,2010-02-15
10638.999999999998,0.0,2010-02-16
10639.999999999998,0.0,2010-02-17
10641.0,0.0,2010-02-18
10642.0,0.0,2010-02-19
10642.999999999998,0.0,2010-02-20
10643.999999999998,0.0,2010-02-21
10645.0,0.0,2010-02-22
10646.0,0.0,2010-02-23
10646.999999999998,0.0,2010-02-24
10647.999999999998,0.0,2010-02-25
10649.0,0.0,2010-02-26
10649.999999999998,0.0,2010-02-27
10650.999999999998,0.0,2010-02-28
10651.999999999998,0.0,2010-03-01
10653.0,0.0,2010-03-02
10653.999999999998,0.0,2010-03-03
10654.999999999998,0.0,2010-03-04
10656.0,0.0,2010-03-05
10657.0,0.0,2010-03-06
10657.999999999998,0.0,2010-03-07
10658.999999999998,0.0,2010-03-08
10660.0,0.0,2010-03-09
10661.0,0.0,2010-03-10
10661.999999999998,0.0,2010-03-11
10662.999999999998,0.0,2010-03-12
10664.0,0.0,2010-03-13
10665.0,0.0,2010-03-14
10665.999999999998,0.0,2010-03-15
10666.999999999998,0.0,2010-03-16
10668.0,0.0,2010-03-17
10669.0,0.0,2010-03-18
10669.999999999998,0.0,2010-03-19
10670.999999999998,0.0,2010-03-20
10672.0,0.0,2010-03-21
10673.0,0.0,2010-03-22
10673.999999999998,0.0,2010-03-23
10674.999999999998,0.0,2010-03-24
10676.0,0.0,2010-03-25
10676.999999999998,0.0,2010-03-26
10677.999999999998,0.0,2010-03-27
10678.999999999998,0.0,2010-03-28
10680.0,0.0,2010-03-29
10680.999999999998,0.0,2010-03-30
10681.999999999998,0.0,2010-03-31
10683.0,0.0,2010-04-01
10684.0,0.0,2010-04-02
10684.999999999998,0.0,2010-04-03
10685.999999999998,0.0,2010-04-04
10687.0,0.0,2010-04-05
10688.0,0.0,2010-04-06
10688.999999999998,0.0,2010-04-07
10689.999999999998,0.0,2010-04-08
10691.0,0.0,2010-04-09
10692.0,0.0,2010-04-10
10692.999999999998,0.0,2010-04-11
10693.999999999998,0.0,2010-04-12
10695.0,0.0,2010-04-13
10696.0,0.0,2010-04-14
10696.999999999998,0.0,2010-04-15
10697.999999999998,0.0,2010-04-16
10699.0,0.0,2010-04-17
10699.999999999998,0.0,2010-04-18
10700.999999999998,0.0,2010-04-19
10701.999999999998,0.0,2010-04-20
10703.0,0.0,2010-04-21
10703.999999999998,0.0,2010-04-22
10704.999999999998,0.0,2010-04-23
10705.999999999998,0.0,2010-04-24
10707.0,0.0,2010-04-25
10707.999999999998,0.0,2010-04-26
10708.999999999998,0.0,2010-04-27
10710.0,0.0,2010-04-28
10711.0,0.0,2010-04-29
10711.999999999998,0.0,2010-04-30
10712.999999999998,0.0,2010-05-01
10714.0,0.0,2010-05-02
10715.0,0.0,2010-05-03
10715.999999999998,0.0,2010-05-04
10716.999999999998,0.0,2010-05-05
10718.0,0.0,2010-05-06
10719.0,0.0,2010-05-07
10719.999999999998,0.0,2010-05-08
10720.999999999998,0.0,2010-05-09
10722.0,0.0,2010-05-10
10723.0,0.0,2010-05-11
10723.999999999998,0.0,2010-05-12
10724.999999999998,0.0,2010-05-13
10726.0,0.0,2010-05-14
10726.999999999998,0.0,2010-05-15
10727.999999999998,0.0,2010-05-16
10728.999999999998,0.0,2010-05-17
10730.0,0.0,2010-05-18
10730.999999999998,0.0,2010-05-19
10731.999999999998,0.0,2010-05-20
10732.999999999998,0.0,2010-05-21
10734.0,0.0,2010-05-22
10734.999999999998,0.0,2010-05-23
10735.999999999998,0.009999999999990905,2010-05-24
10737.0,0.049999999999954525,2010-05-25
10738.0,0.07999999999992724,2010-05-26
10738.999999999998,0.10999999999989996,2010-05-27
10739.999999999998,0.12000000000000455,2010-05-28
10741.0,0.12999999999999545,2010-05-29
10742.0,0.14999999999997726,2010-05-30
10742.999999999998,0.15999999999996817,2010-05-31
10743.999999999998,0.16999999999995907,2010-06-01
10745.0,0.17999999999994998,2010-06-02
10746.0,0.17999999999994998,2010-06-03
10746.999999999998,0.18999999999994088,2010-06-04
10747.999999999998,0.1999999999999318,2010-06-05
10749.0,0.2099999999999227,2010-06-06
10750.0,0.2199999999999136,2010-06-07
10750.999999999998,0.2199999999999136,2010-06-08
10751.999999999998,0.2299999999999045,2010-06-09
10753.0,0.2400000000000091,2010-06-10
10753.999999999998,0.25,2010-06-11
10754.999999999998,0.25,2010-06-12
10755.999999999998,0.2599999999999909,2010-06-13
10757.0,0.2699999999999818,2010-06-14
10757.999999999998,0.2699999999999818,2010-06-15
10758.999999999998,0.2799999999999727,2010-06-16
10759.999999999998,0.2899999999999636,2010-06-17
10761.0,0.2899999999999636,2010-06-18
10761.999999999998,0.2999999999999545,2010-06-19
10762.999999999998,0.2999999999999545,2010-06-20
10764.0,0.30999999999994543,2010-06-21
10765.0,0.30999999999994543,2010-06-22
10765.999999999998,0.31999999999993634,2010-06-23
10766.999999999998,0.31999999999993634,2010-06-24
10768.0,0.32999999999992724,2010-06-25
10769.0,0.33999999999991815,2010-06-26
10769.999999999998,0.33999999999991815,2010-06-27
10770.999999999998,0.34999999999990905,2010-06-28
10772.0,0.34999999999990905,2010-06-29
10773.0,0.35999999999989996,2010-06-30
10773.999999999998,0.37999999999988177,2010-07-01
10774.999999999998,0.38999999999998636,2010-07-02
10776.0,0.39999999999997726,2010-07-03
10777.0,0.40999999999996817,2010-07-04
10777.999999999998,0.4199999999999591,2010-07-05
10778.999999999998,0.4199999999999591,2010-07-06
10780.0,0.42999999999995,2010-07-07
10780.999999999998,0.42999999999995,2010-07-08
10781.999999999998,0.4399999999999409,2010-07-09
10782.999999999998,0.4499999999999318,2010-07-10
10784.0,0.4599999999999227,2010-07-11
10784.999999999998,0.4699999999999136,2010-07-12
10785.999999999998,0.4699999999999136,2010-07-13
10786.999999999998,0.4799999999999045,2010-07-14
10788.0,0.4799999999999045,2010-07-15
10788.999999999998,0.4899999999998954,2010-07-16
10789.999999999998,0.4899999999998954,2010-07-17
10791.0,0.4999999999998863,2010-07-18
10792.0,0.4999999999998863,2010-07-19
10792.999999999998,0.4999999999998863,2010-07-20
10793.999999999998,0.5099999999999909,2010-07-21
10795.0,0.5199999999999818,2010-07-22
10796.0,0.5199999999999818,2010-07-23
10796.999999999998,0.5299999999999727,2010-07-24
10797.999999999998,0.5399999999999636,2010-07-25
10799.0,0.5399999999999636,2010-07-26
10800.0,0.5499999999999545,2010-07-27
10800.999999999998,0.5599999999999454,2010-07-28
10801.999999999998,0.5699999999999363,2010-07-29
10803.0,0.5799999999999272,2010-07-30
10804.0,0.5799999999999272,2010-07-31
10804.999999999998,0.5899999999999181,2010-08-01
10805.999999999998,0.599999999999909,2010-08-02
10807.0,0.599999999999909,2010-08-03
10807.999999999998,0.6099999999999,2010-08-04
10808.999999999998,0.6199999999998909,2010-08-05
10809.999999999998,0.6299999999998818,2010-08-06
10811.0,0.6399999999999864,2010-08-07
10811.999999999998,0.6399999999999864,2010-08-08
10812.999999999998,0.6499999999999773,2010-08-09
10813.999999999998,0.6599999999999682,2010-08-10
10815.0,0.6599999999999682,2010-08-11
10815.999999999998,0.6699999999999591,2010-08-12
10816.999999999998,0.6699999999999591,2010-08-13
10818.0,0.6699999999999591,2010-08-14
10819.0,0.67999999999995,2010-08-15
10819.999999999998,0.67999999999995,2010-08-16
10820.999999999998,0.6899999999999409,2010-08-17
10822.0,0.6899999999999409,2010-08-18
10823.0,0.6999999999999318,2010-08-19
10823.999999999998,0.7099999999999227,2010-08-20
10824.999999999998,0.7099999999999227,2010-08-21
10826.0,0.7199999999999136,2010-08-22
10827.0,0.7199999999999136,2010-08-23
10827.999999999998,0.7199999999999136,2010-08-24
10828.999999999998,0.7299999999999045,2010-08-25
10830.0,0.7299999999999045,2010-08-26
10831.0,0.7299999999999045,2010-08-27
10831.999999999998,0.7299999999999045,2010-08-28
10832.999999999998,0.7399999999998954,2010-08-29
10834.0,0.7399999999998954,2010-08-30
10834.999999999998,0.7399999999998954,2010-08-31
10835.999999999998,0.7399999999998954,2010-09-01
10836.999999999998,0.7399999999998954,2010-09-02
10838.0,0.7499999999998863,2010-09-03
10838.999999999998,0.7499999999998863,2010-09-04
10839.999999999998,0.7499999999998863,2010-09-05
10840.999999999998,0.7499999999998863,2010-09-06
10842.0,0.7499999999998863,2010-09-07
10842.999999999998,0.7499999999998863,2010-09-08
10843.999999999998,0.7599999999999909,2010-09-09
10845.0,0.7599999999999909,2010-09-10
10846.0,0.7599999999999909,2010-09-11
10846.999999999998,0.7599999999999909,2010-09-12
10847.999999999998,0.7699999999999818,2010-09-13
10849.0,0.7699999999999818,2010-09-14
10850.0,0.7699999999999818,2010-09-15
10850.999999999998,0.7699999999999818,2010-09-16
10851.999999999998,0.7799999999999727,2010-09-17
10853.0,0.7799999999999727,2010-09-18
10854.0,0.7799999999999727,2010-09-19
10854.999999999998,0.7799999999999727,2010-09-20
10855.999999999998,0.0,2010-09-21
10857.0,0.0,2010-09-22
10858.0,0.0,2010-09-23
10858.999999999998,0.0,2010-09-24
10859.999999999998,0.0,2010-09-25
10861.0,0.0,2010-09-26
10861.999999999998,0.0,2010-09-27
10862.999999999998,0.0,2010-09-28
10863.999999999998,0.0,2010-09-29
10865.0,0.0,2010-09-30
10865.999999999998,0.0,2010-10-01
10866.999999999998,0.0,2010-10-02
10867.999999999998,0.0,2010-10-03
10869.0,0.0,2010-10-04
10869.999999999998,0.0,2010-10-05
10870.999999999998,0.0,2010-10-06
10872.0,0.0,2010-10-07
10873.0,0.0,2010-10-08
10873.999999999998,0.0,2010-10-09
10874.999999999998,0.0,2010-10-10
10876.0,0.0,2010-10-11
10877.0,0.0,2010-10-12
10877.999999999998,0.0,2010-10-13
10878.999999999998,0.0,2010-10-14
10880.0,0.0,2010-10-15
10881.0,0.0,2010-10-16
10881.999999999998,0.0,2010-10-17
10882.999999999998,0.0,2010-10-18
10884.0,0.0,2010-10-19
10885.0,0.0,2010-10-20
10885.999999999998,0.0,2010-10-21
10886.999999999998,0.0,2010-10-22
10888.0,0.0,2010-10-23
10888.999999999998,0.0,2010-10-24
10889.999999999998,0.0,2010-10-25
10890.999999999998,0.0,2010-10-26
10892.0,0.0,2010-10-27
10892.999999999998,0.0,2010-10-28
10893.999999999998,0.0,2010-10-29
10894.999999999998,0.0,2010-10-30
10896.0,0.0,2010-10-31
10896.999999999998,0.0,2010-11-01
10897.999999999998,0.0,2010-11-02
10899.0,0.0,2010-11-03
10900.0,0.0,2010-11-04
10900.999999999998,0.0,2010-11-05
10901.999999999998,0.0,2010-11-06
10903.0,0.0,2010-11-07
10904.0,0.0,2010-11-08
10904.999999999998,0.0,2010-11-09
10905.999999999998,0.0,2010-11-10
10907.0,0.0,2010-11-11
10908.0,0.0,2010-11-12
10908.999999999998,0.0,2010-11-13
10909.999999999998,0.0,2010-11-14
10911.0,0.0,2010-11-15
10912.0,0.0,2010-11-16
10912.999999999998,0.0,2010-11-17
10913.999999999998,0.0,2010-11-18
10915.0,0.0,2010-11-19
10915.999999999998,0.0,2010-11-20
10916.999999999998,0.0,2010-11-21
10917.999999999998,0.0,2010-11-22
10919.0,0.0,2010-11-23
10919.999999999998,0.0,2010-11-24
10920.999999999998,0.0,2010-11-25
10921.999999999998,0.0,2010-11-26
10923.0,0.0,2010-11-27
10923.999999999998,0.0,2010-11-28
10924.999999999998,0.0,2010-11-29
10926.0,0.0,2010-11-30
10927.0,0.0,2010-12-01
10927.999999999998,0.0,2010-12-02
10928.999999999998,0.0,2010-12-03
10930.0,0.0,2010-12-04
10931.0,0.0,2010-12-05
10931.999999999998,0.0,2010-12-06
10932.999999999998,0.0,2010-12-07
10934.0,0.0,2010-12-08
10935.0,0.0,2010-12-09
10935.999999999998,0.0,2010-12-10
10936.999999999998,0.0,2010-12-11
10938.0,0.0,2010-12-12
10939.0,0.0,2010-12-13
10939.999999999998,0.0,2010-12-14
10940.999999999998,0.0,2010-12-15
10942.0,0.0,2010-12-16
10942.999999999998,0.0,2010-12-17
10943.999999999998,0.0,2010-12-18
10944.999999999998,0.0,2010-12-19
10946.0,0.0,2010-12-20
10946.999999999998,0.0,2010-12-21
10947.999999999998,0.0,2010-12-22
10948.999999999998,0.0,2010-12-23
10950.0,0.0,2010-12-24
10950.999999999998,0.0,2010-12-25
10951.999999999998,0.0,2010-12-26
10953.0,0.0,2010-12-27
10954.0,0.0,2010-12-28
10954.999999999998,0.0,2010-12-29
10955.999999999998,0.0,2010-12-30
10957.0,0.0,2010-12-31
10958.0,0.0,2011-01-01
10958.999999999998,0.0,2011-01-02
10959.999999999998,0.0,2011-01-03
10961.0,0.0,2011-01-04
10962.0,0.0,2011-01-05
10962.999999999998,0.0,2011-01-06
10963.999999999998,0.0,2011-01-07
10965.0,0.0,2011-01-08
10965.999999999998,0.0,2011-01-09
10966.999999999998,0.0,2011-01-10
10967.999999999998,0.0,2011-01-11
10969.0,0.0,2011-01-12
10969.999999999998,0.0,2011-01-13
10970.999999999998,0.0,2011-01-14
10971.999999999998,0.0,2011-01-15
10973.0,0.0,2011-01-16
10973.999999999998,0.0,2011-01-17
10974.999999999998,0.0,2011-01-18
10976.0,0.0,2011-01-19
10977.0,0.0,2011-01-20
10977.999999999998,0.0,2011-01-21
10978.999999999998,0.0,2011-01-22
10980.0,0.0,2011-01-23
10981.0,0.0,2011-01-24
10981.999999999998,0.0,2011-01-25
10982.999999999998,0.0,2011-01-26
10984.0,0.0,2011-01-27
10985.0,0.0,2011-01-28
10985.999999999998,0.0,2011-01-29
10986.999999999998,0.0,2011-01-30
10988.0,0.0,2011-01-31
10989.0,0.0,2011-02-01
10989.999999999998,0.0,2011-02-02
10990.999999999998,0.0,2011-02-03
10992.0,0.0,2011-02-04
10992.999999999998,0.0,2011-02-05
10993.999999999998,0.0,2011-02-06
10994.999999999998,0.0,2011-02-07
10996.0,0.0,2011-02-08
10996.999999999998,0.0,2011-02-09
10997.999999999998,0.0,2011-02-10
10998.999999999998,0.0,2011-02-11
11000.0,0.0,2011-02-12
11000.999999999998,0.0,2011-02-13
11001.999999999998,0.0,2011-02-14
11003.0,0.0,2011-02-15
11004.0,0.0,2011-02-16
11004.999999999998,0.0,2011-02-17
11005.999999999998,0.0,2011-02-18
11007.0,0.0,2011-02-19
11008.0,0.0,2011-02-20
11008.999999999998,0.0,2011-02-21
11009.999999999998,0.0,2011-02-22
11011.0,0.0,2011-02-23
11012.0,0.0,2011-02-24
11012.999999999998,0.0,2011-02-25
11013.999999999998,0.0,2011-02-26
11015.0,0.0,2011-02-27
11016.0,0.0,2011-02-28
11016.999999999998,0.0,2011-03-01
11017.999999999998,0.0,2011-03-02
11019.0,0.0,2011-03-03
11019.999999999998,0.0,2011-03-04
11020.999999999998,0.0,2011-03-05
11021.999999999998,0.0,2011-03-06
11023.0,0.0,2011-03-07
11023.999999999998,0.0,2011-03-08
11024.999999999998,0.0,2011-03-09
11025.999999999998,0.0,2011-03-10
11027.0,0.0,2011-03-11
11027.999999999998,0.0,2011-03-12
11028.999999999998,0.0,2011-03-13
11030.0,0.0,2011-03-14
11031.0,0.0,2011-03-15
11031.999999999998,0.0,2011-03-16
11032.999999999998,0.0,2011-03-17
11034.0,0.0,2011-03-18
11035.0,0.0,2011-03-19
11035.999999999998,0.0,2011-03-20
11036.999999999998,0.0,2011-03-21
11038.0,0.0,2011-03-22
11039.0,0.0,2011-03-23
11039.999999999998,0.0,2011-03-24
11040.999999999998,0.0,2011-03-25
11042.0,0.0,2011-03-26
11043.0,0.0,2011-03-27
11043.999999999998,0.0,2011-03-28
11044.999999999998,0.0,2011-03-29
11046.0,0.0,2011-03-30
11046.999999999998,0.0,2011-03-31
11047.999999999998,0.0,2011-04-01
11048.999999999998,0.0,2011-04-02
11050.0,0.0,2011-04-03
11050.999999999998,0.0,2011-04-04
11051.999999999998,0.0,2011-04-05
11052.999999999998,0.0,2011-04-06
11054.0,0.0,2011-04-07
11054.999999999998,0.0,2011-04-08
11055.999999999998,0.0,2011-04-09
11057.0,0.0,2011-04-10
11058.0,0.0,2011-04-11
11058.999999999998,0.0,2011-04-12
11059.999999999998,0.0,2011-04-13
11061.0,0.0,2011-04-14
11062.0,0.0,2011-04-15
11062.999999999998,0.0,2011-04-16
11063.999999999998,0.0,2011-04-17
11065.0,0.0,2011-04-18
11066.0,0.0,2011-04-19
11066.999999999998,0.0,2011-04-20
11067.999999999998,0.0,2011-04-21
11069.0,0.0,2011-04-22
11070.0,0.0,2011-04-23
11070.999999999998,0.0,2011-04-24
11071.999999999998,0.0,2011-04-25
11073.0,0.0,2011-04-26
11073.999999999998,0.0,2011-04-27
11074.999999999998,0.0,2011-04-28
11075.999999999998,0.0,2011-04-29
11077.0,0.0,2011-04-30
11077.999999999998,0.0,2011-05-01
11078.999999999998,0.0,2011-05-02
11079.999999999998,0.0,2011-05-03
11081.0,0.0,2011-05-04
11081.999999999998,0.0,2011-05-05
11082.999999999998,0.0,2011-05-06
11084.0,0.0,2011-05-07
11085.0,0.0,2011-05-08
11085.999999999998,0.0,2011-05-09
11086.999999999998,0.0,2011-05-10
11088.0,0.0,2011-05-11
11089.0,0.0,2011-05-12
11089.999999999998,0.0,2011-05-13
11090.999999999998,0.0,2011-05-14
11092.0,0.0,2011-05-15
11093.0,0.0,2011-05-16
11093.999999999998,0.0,2011-05-17
11094.999999999998,0.0,2011-05-18
11096.0,0.0,2011-05-19
11097.0,0.0,2011-05-20
11097.999999999998,0.0,2011-05-21
11098.999999999998,0.0,2011-05-22
11100.0,0.0,2011-05-23
11100.999999999998,0.0,2011-05-24
11101.999999999998,0.009999999999990905,2011-05-25
11102.999999999998,0.05999999999994543,2011-05-26
11104.0,0.08999999999991815,2011-05-27
11104.999999999998,0.10999999999989996,2011-05-28
11105.999999999998,0.12000000000000455,2011-05-29
11106.999999999998,0.12999999999999545,2011-05-30
11108.0,0.13999999999998636,2011-05-31
11108.999999999998,0.14999999999997726,2011-06-01
11109.999999999998,0.14999999999997726,2011-06-02
11111.0,0.15999999999996817,2011-06-03
11112.0,0.16999999999995907,2011-06-04
11112.999999999998,0.17999999999994998,2011-06-05
11113.999999999998,0.17999999999994998,2011-06-06
11115.0,0.18999999999994088,2011-06-07
11116.0,0.1999999999999318,2011-06-08
11116.999999999998,0.1999999999999318,2011-06-09
11117.999999999998,0.2099999999999227,2011-06-10
11119.0,0.2099999999999227,2011-06-11
11120.0,0.2099999999999227,2011-06-12
11120.999999999998,0.2199999999999136,2011-06-13
11121.999999999998,0.2199999999999136,2011-06-14
11123.0,0.2199999999999136,2011-06-15
11124.0,0.2299999999999045,2011-06-16
11124.999999999998,0.2400000000000091,2011-06-17
11125.999999999998,0.25,2011-06-18
11127.0,0.25,2011-06-19
11127.999999999998,0.2599999999999909,2011-06-20
11128.999999999998,0.2699999999999818,2011-06-21
11129.999999999998,0.2799999999999727,2011-06-22
11131.0,0.2899999999999636,2011-06-23
11131.999999999998,0.2999999999999545,2011-06-24
11132.999999999998,0.30999999999994543,2011-06-25
11133.999999999998,0.30999999999994543,2011-06-26
11135.0,0.31999999999993634,2011-06-27
11135.999999999998,0.33999999999991815,2011-06-28
11136.999999999998,0.34999999999990905,2011-06-29
11138.0,0.34999999999990905,2011-06-30
11139.0,0.35999999999989996,2011-07-01
11139.999999999998,0.35999999999989996,2011-07-02
11140.999999999998,0.36999999999989086,2011-07-03
11142.0,0.37999999999988177,2011-07-04
11143.0,0.37999999999988177,2011-07-05
11143.999999999998,0.38999999999998636,2011-07-06
11144.999999999998,0.39999999999997726,2011-07-07
11146.0,0.40999999999996817,2011-07-08
11147.0,0.4199999999999591,2011-07-09
11147.999999999998,0.42999999999995,2011-07-10
11148.999999999998,0.4399999999999409,2011-07-11
11150.0,0.4499999999999318,2011-07-12
11151.0,0.4599999999999227,2011-07-13
11151.999999999998,0.4699999999999136,2011-07-14
11152.999999999998,0.4799999999999045,2011-07-15
11154.0,0.4899999999998954,2011-07-16
11154.999999999998,0.4999999999998863,2011-07-17
11155.999999999998,0.5099999999999909,2011-07-18
11156.999999999998,0.5099999999999909,2011-07-19
11158.0,0.5199999999999818,2011-07-20
11158.999999999998,0.5299999999999727,2011-07-21
11159.999999999998,0.5399999999999636,2011-07-22
11160.999999999998,0.5399999999999636,2011-07-23
11162.0,0.5499999999999545,2011-07-24
11162.999999999998,0.5599999999999454,2011-07-25
11163.999999999998,0.5599999999999454,2011-07-26
11165.0,0.5699999999999363,2011-07-27
11166.0,0.5799999999999272,2011-07-28
11166.999999999998,0.5799999999999272,2011-07-29
11167.999999999998,0.5899999999999181,2011-07-30
11169.0,0.599999999999909,2011-07-31
11170.0,0.599999999999909,2011-08-01
11170.999999999998,0.6099999999999,2011-08-02
11171.999999999998,0.6099999999999,2011-08-03
11173.0,0.6199999999998909,2011-08-04
11174.0,0.6299999999998818,2011-08-05
11174.999999999998,0.6299999999998818,2011-08-06
11175.999999999998,0.6399999999999864,2011-08-07
11177.0,0.6399999999999864,2011-08-08
11178.0,0.6499999999999773,2011-08-09
11178.999999999998,0.6499999999999773,2011-08-10
11179.999999999998,0.6499999999999773,2011-08-11
11181.0,0.6599999999999682,2011-08-12
11181.999999999998,0.6599999999999682,2011-08-13
11182.999999999998,0.6699999999999591,2011-08-14
11183.999999999998,0.6699999999999591,2011-08-15
11185.0,0.6699999999999591,2011-08-16
11185.999999999998,0.67999999999995,2011-08-17
11186.999999999998,0.67999999999995,2011-08-18
11187.999999999998,0.67999999999995,2011-08-19
11189.0,0.6899999999999409,2011-08-20
11189.999999999998,0.6899999999999409,2011-08-21
11190.999999999998,0.6899999999999409,2011-08-22
11192.0,0.6999999999999318,2011-08-23
11193.0,0.6999999999999318,2011-08-24
11193.999999999998,0.6999999999999318,2011-08-25
11194.999999999998,0.6999999999999318,2011-08-26
11196.0,0.7099999999999227,2011-08-27
11197.0,0.7099999999999227,2011-08-28
11197.999999999998,0.7099999999999227,2011-08-29
11198.999999999998,0.7199999999999136,2011-08-30
11200.0,0.7199999999999136,2011-08-31
11201.0,0.7199999999999136,2011-09-01
11201.999999999998,0.7299999999999045,2011-09-02
11202.999999999998,0.7299999999999045,2011-09-03
11204.0,0.7299999999999045,2011-09-04
11204.999999999998,0.7299999999999045,2011-09-05
11205.999999999998,0.7399999999998954,2011-09-06
11206.999999999998,0.7399999999998954,2011-09-07
11208.0,0.7399999999998954,2011-09-08
11208.999999999998,0.7399999999998954,2011-09-09
11209.999999999998,0.7399999999998954,2011-09-10
11210.999999999998,0.7399999999998954,2011-09-11
11212.0,0.7399999999998954,2011-09-12
11212.999999999998,0.7399999999998954,2011-09-13
11213.999999999998,0.7399999999998954,2011-09-14
11214.999999999998,0.7399999999998954,2011-09-15
11216.0,0.7399999999998954,2011-09-16
11216.999999999998,0.7399999999998954,2011-09-17
11217.999999999998,0.7399999999998954,2011-09-18
11219.0,0.7399999999998954,2011-09-19
11220.0,0.7399999999998954,2011-09-20
11220.999999999998,0.7399999999998954,2011-09-21
11221.999999999998,0.7299999999999045,2011-09-22
11223.0,0.7299999999999045,2011-09-23
11224.0,0.0,2011-09-24
11224.999999999998,0.0,2011-09-25
11225.999999999998,0.0,2011-09-26
11227.0,0.0,2011-09-27
11228.0,0.0,2011-09-28
11228.999999999998,0.0,2011-09-29
11229.999999999998,0.0,2011-09-30
11231.0,0.0,2011-10-01
11231.999999999998,0.0,2011-10-02
11232.999999999998,0.0,2011-10-03
11233.999999999998,0.0,2011-10-04
11235.0,0.0,2011-10-05
11235.999999999998,0.0,2011-10-06
11236.999999999998,0.0,2011-10-07
11237.999999999998,0.0,2011-10-08
11239.0,0.0,2011-10-09
11239.999999999998,0.0,2011-10-10
11240.999999999998,0.0,2011-10-11
11241.999999999998,0.0,2011-10-12
11243.0,0.0,2011-10-13
11243.999999999998,0.0,2011-10-14
11244.999999999998,0.0,2011-10-15
11246.0,0.0,2011-10-16
11247.0,0.0,2011-10-17
11247.999999999998,0.0,2011-10-18
11248.999999999998,0.0,2011-10-19
11250.0,0.0,2011-10-20
11251.0,0.0,2011-10-21
11251.999999999998,0.0,2011-10-22
11252.999999999998,0.0,2011-10-23
11254.0,0.0,2011-10-24
11255.0,0.0,2011-10-25
11255.999999999998,0.0,2011-10-26
11256.999999999998,0.0,2011-10-27
11258.0,0.0,2011-10-28
11258.999999999998,0.0,2011-10-29
11259.999999999998,0.0,2011-10-30
11260.999999999998,0.0,2011-10-31
11262.0,0.0,2011-11-01
11262.999999999998,0.0,2011-11-02
11263.999999999998,0.0,2011-11-03
11264.999999999998,0.0,2011-11-04
11266.0,0.0,2011-11-05
11266.999999999998,0.0,2011-11-06
11267.999999999998,0.0,2011-11-07
11268.999999999998,0.0,2011-11-08
11270.0,0.0,2011-11-09
11270.999999999998,0.0,2011-11-10
11271.999999999998,0.0,2011-11-11
11273.0,0.0,2011-11-12
11274.0,0.0,2011-11-13
11274.999999999998,0.0,2011-11-14
11275.999999999998,0.0,2011-11-15
11277.0,0.0,2011-11-16
11278.0,0.0,2011-11-17
11278.999999999998,0.0,2011-11-18
11279.999999999998,0.0,2011-11-19
11281.0,0.0,2011-11-20
11282.0,0.0,2011-11-21
11282.999999999998,0.0,2011-11-22
11283.999999999998,0.0,2011-11-23
11285.0,0.0,2011-11-24
11285.999999999998,0.0,2011-11-25
11286.999999999998,0.0,2011-11-26
11287.999999999998,0.0,2011-11-27
11289.0,0.0,2011-11-28
11289.999999999998,0.0,2011-11-29
11290.999999999998,0.0,2011-11-30
11291.999999999998,0.0,2011-12-01
11293.0,0.0,2011-12-02
11293.999999999998,0.0,2011-12-03
11294.999999999998,0.0,2011-12-04
11295.999999999998,0.0,2011-12-05
11297.0,0.0,2011-12-06
11297.999999999998,0.0,2011-12-07
11298.999999999998,0.0,2011-12-08
11300.0,0.0,2011-12-09
11301.0,0.0,2011-12-10
11301.999999999998,0.0,2011-12-11
11302.999999999998,0.0,2011-12-12
11304.0,0.0,2011-12-13
11305.0,0.0,2011-12-14
11305.999999999998,0.0,2011-12-15
11306.999999999998,0.0,2011-12-16
11308.0,0.0,2011-12-17
11309.0,0.0,2011-12-18
11309.999999999998,0.0,2011-12-19
11310.999999999998,0.0,2011-12-20
11312.0,0.0,2011-12-21
11312.999999999998,0.0,2011-12-22
11313.999999999998,0.0,2011-12-23
11314.999999999998,0.0,2011-12-24
11316.0,0.0,2011-12-25
11316.999999999998,0.0,2011-12-26
11317.999999999998,0.0,2011-12-27
11318.999999999998,0.0,2011-12-28
11320.0,0.0,2011-12-29
11320.999999999998,0.0,2011-12-30
11321.999999999998,0.0,2011-12-31
11322.999999999998,0.0,2012-01-01
11324.0,0.0,2012-01-02
11324.999999999998,0.0,2012-01-03
11325.999999999998,0.0,2012-01-04
11327.0,0.0,2012-01-05
11328.0,0.0,2012-01-06
11328.999999999998,0.0,2012-01-07
11329.999999999998,0.0,2012-01-08
11331.0,0.0,2012-01-09
11332.0,0.0,2012-01-10
11332.999999999998,0.0,2012-01-11
11333.999999999998,0.0,2012-01-12
11335.0,0.0,2012-01-13
11336.0,0.0,2012-01-14
11336.999999999998,0.0,2012-01-15
11337.999999999998,0.0,2012-01-16
11339.0,0.0,2012-01-17
11339.999999999998,0.0,2012-01-18
11340.999999999998,0.0,2012-01-19
11341.999999999998,0.0,2012-01-20
11343.0,0.0,2012-01-21
11343.999999999998,0.0,2012-01-22
11344.999999999998,0.0,2012-01-23
11345.999999999998,0.0,2012-01-24
11347.0,0.0,2012-01-25
11347.999999999998,0.0,2012-01-26
11348.999999999998,0.0,2012-01-27
11349.999999999998,0.0,2012-01-28
11351.0,0.0,2012-01-29
11351.999999999998,0.0,2012-01-30
11352.999999999998,0.0,2012-01-31
11354.0,0.0,2012-02-01
11355.0,0.0,2012-02-02
11355.999999999998,0.0,2012-02-03
11356.999999999998,0.0,2012-02-04
11358.0,0.0,2012-02-05
11359.0,0.0,2012-02-06
11359.999999999998,0.0,2012-02-07
11360.999999999998,0.0,2012-02-08
11362.0,0.0,2012-02-09
11363.0,0.0,2012-02-10
11363.999999999998,0.0,2012-02-11
11364.999999999998,0.0,2012-02-12
11366.0,0.0,2012-02-13
11366.999999999998,0.0,2012-02-14
11367.999999999998,0.0,2012-02-15
11368.999999999998,0.0,2012-02-16
11370.0,0.0,2012-02-17
11370.999999999998,0.0,2012-02-18
11371.999999999998,0.0,2012-02-19
11372.999999999998,0.0,2012-02-20
11374.0,0.0,2012-02-21
11374.999999999998,0.0,2012-02-22
11375.999999999998,0.0,2012-02-23
11376.999999999998,0.0,2012-02-24
11378.0,0.0,2012-02-25
11378.999999999998,0.0,2012-02-26
11379.999999999998,0.0,2012-02-27
11381.0,0.0,2012-02-28
11382.0,0.0,2012-02-29
11382.999999999998,0.0,2012-03-01
11383.999999999998,0.0,2012-03-02
11385.0,0.0,2012-03-03
11386.0,0.0,2012-03-04
11386.999999999998,0.0,2012-03-05
11387.999999999998,0.0,2012-03-06
11389.0,0.0,2012-03-07
11390.0,0.0,2012-03-08
11390.999999999998,0.0,2012-03-09
11391.999999999998,0.0,2012-03-10
11393.0,0.0,2012-03-11
11393.999999999998,0.0,2012-03-12
11394.999999999998,0.0,2012-03-13
11395.999999999998,0.0,2012-03-14
11397.0,0.0,2012-03-15
11397.999999999998,0.0,2012-03-16
11398.999999999998,0.0,2012-03-17
11399.999999999998,0.0,2012-03-18
11401.0,0.0,2012-03-19
11401.999999999998,0.0,2012-03-20
11402.999999999998,0.0,2012-03-21
11403.999999999998,0.0,2012-03-22
11405.0,0.0,2012-03-23
11405.999999999998,0.0,2012-03-24
11406.999999999998,0.0,2012-03-25
11408.0,0.0,2012-03-26
11409.0,0.0,2012-03-27
11409.999999999998,0.0,2012-03-28
11410.999999999998,0.0,2012-03-29
11412.0,0.0,2012-03-30
11413.0,0.0,2012-03-31
11413.999999999998,0.0,2012-04-01
11414.999999999998,0.0,2012-04-02
11416.0,0.0,2012-04-03
11417.0,0.0,2012-04-04
11417.999999999998,0.0,2012-04-05
11418.999999999998,0.0,2012-04-06
11420.0,0.0,2012-04-07
11420.999999999998,0.0,2012-04-08
11421.999999999998,0.0,2012-04-09
11422.999999999998,0.0,2012-04-10
11424.0,0.0,2012-04-11
11424.999999999998,0.0,2012-04-12
11425.999999999998,0.0,2012-04-13
11426.999999999998,0.0,2012-04-14
11428.0,0.0,2012-04-15
11428.999999999998,0.0,2012-04-16
11429.999999999998,0.0,2012-04-17
11430.999999999998,0.0,2012-04-18
11432.0,0.0,2012-04-19
11432.999999999998,0.0,2012-04-20
11433.999999999998,0.0,2012-04-21
11435.0,0.0,2012-04-22
11436.0,0.0,2012-04-23
11436.999999999998,0.0,2012-04-24
11437.999999999998,0.0,2012-04-25
11439.0,0.0,2012-04-26
11440.0,0.0,2012-04-27
11440.999999999998,0.0,2012-04-28
11441.999999999998,0.0,2012-04-29
11443.0,0.0,2012-04-30
11443.999999999998,0.0,2012-05-01
11444.999999999998,0.0,2012-05-02
11445.999999999998,0.0,2012-05-03
11447.0,0.0,2012-05-04
11447.999999999998,0.0,2012-05-05
11448.999999999998,0.0,2012-05-06
11449.999999999998,0.0,2012-05-07
11451.0,0.0,2012-05-08
11451.999999999998,0.0,2012-05-09
11452.999999999998,0.0,2012-05-10
11453.999999999998,0.0,2012-05-11
11455.0,0.0,2012-05-12
11455.999999999998,0.0,2012-05-13
11456.999999999998,0.0,2012-05-14
11458.0,0.0,2012-05-15
11459.0,0.0,2012-05-16
11459.999999999998,0.0,2012-05-17
11460.999999999998,0.0,2012-05-18
11462.0,0.0,2012-05-19
11463.0,0.0,2012-05-20
11463.999999999998,0.0,2012-05-21
11464.999999999998,0.0,2012-05-22
11466.0,0.0,2012-05-23
11467.0,0.0,2012-05-24
11467.999999999998,0.0,2012-05-25
11468.999999999998,0.0,2012-05-26
11470.0,0.0,2012-05-27
11470.999999999998,0.0,2012-05-28
11471.999999999998,0.0,2012-05-29
11472.999999999998,0.0,2012-05-30
11474.0,0.0,2012-05-31
11474.999999999998,0.0,2012-06-01
11475.999999999998,0.0,2012-06-02
11476.999999999998,0.0,2012-06-03
11478.0,0.01999999999998181,2012-06-04
11478.999999999998,0.05999999999994543,2012-06-05
11479.999999999998,0.08999999999991815,2012-06-06
11480.999999999998,0.10999999999989996,2012-06-07
11482.0,0.12999999999999545,2012-06-08
11482.999999999998,0.13999999999998636,2012-06-09
11483.999999999998,0.15999999999996817,2012-06-10
11485.0,0.17999999999994998,2012-06-11
11486.0,0.17999999999994998,2012-06-12
11486.999999999998,0.18999999999994088,2012-06-13
11487.999999999998,0.1999999999999318,2012-06-14
11489.0,0.2099999999999227,2012-06-15
11490.0,0.2199999999999136,2012-06-16
11490.999999999998,0.2199999999999136,2012-06-17
11491.999999999998,0.2299999999999045,2012-06-18
11493.0,0.2400000000000091,2012-06-19
11494.0,0.25,2012-06-20
11494.999999999998,0.2599999999999909,2012-06-21
11495.999999999998,0.2599999999999909,2012-06-22
11497.0,0.2699999999999818,2012-06-23
11497.999999999998,0.2799999999999727,2012-06-24
11498.999999999998,0.2899999999999636,2012-06-25
11499.999999999998,0.2999999999999545,2012-06-26
11501.0,0.2999999999999545,2012-06-27
11501.999999999998,0.30999999999994543,2012-06-28
11502.999999999998,0.31999999999993634,2012-06-29
11503.999999999998,0.31999999999993634,2012-06-30
11505.0,0.33999999999991815,2012-07-01
11505.999999999998,0.33999999999991815,2012-07-02
11506.999999999998,0.34999999999990905,2012-07-03
11507.999999999998,0.36999999999989086,2012-07-04
11509.0,0.37999999999988177,2012-07-05
11509.999999999998,0.38999999999998636,2012-07-06
11510.999999999998,0.39999999999997726,2012-07-07
11512.0,0.40999999999996817,2012-07-08
11513.0,0.4199999999999591,2012-07-09
11513.999999999998,0.42999999999995,2012-07-10
11514.999999999998,0.4399999999999409,2012-07-11
11516.0,0.4499999999999318,2012-07-12
11517.0,0.4599999999999227,2012-07-13
11517.999999999998,0.4699999999999136,2012-07-14
11518.999999999998,0.4799999999999045,2012-07-15
11520.0,0.4799999999999045,2012-07-16
11521.0,0.4899999999998954,2012-07-17
11521.999999999998,0.4999999999998863,2012-07-18
11522.999999999998,0.4999999999998863,2012-07-19
11524.0,0.5099999999999909,2012-07-20
11524.999999999998,0.5199999999999818,2012-07-21
11525.999999999998,0.5199999999999818,2012-07-22
11526.999999999998,0.5299999999999727,2012-07-23
11528.0,0.5299999999999727,2012-07-24
11528.999999999998,0.5399999999999636,2012-07-25
11529.999999999998,0.5499999999999545,2012-07-26
11530.999999999998,0.5599999999999454,2012-07-27
11532.0,0.5699999999999363,2012-07-28
11532.999999999998,0.5699999999999363,2012-07-29
11533.999999999998,0.5799999999999272,2012-07-30
11534.999999999998,0.5899999999999181,2012-07-31
11536.0,0.599999999999909,2012-08-01
11536.999999999998,0.6099999999999,2012-08-02
11537.999999999998,0.6099999999999,2012-08-03
11539.0,0.6199999999998909,2012-08-04
11540.0,0.6199999999998909,2012-08-05
11540.999999999998,0.6299999999998818,2012-08-06
11541.999999999998,0.6299999999998818,2012-08-07
11543.0,0.6399999999999864,2012-08-08
11544.0,0.6399999999999864,2012-08-09
11544.999999999998,0.6399999999999864,2012-08-10
11545.999999999998,0.6499999999999773,2012-08-11
11547.0,0.6499999999999773,2012-08-12
11548.0,0.6499999999999773,2012-08-13
11548.999999999998,0.6599999999999682,2012-08-14
11549.999999999998,0.6599999999999682,2012-08-15
11551.0,0.6699999999999591,2012-08-16
11551.999999999998,0.6699999999999591,2012-08-17
11552.999999999998,0.67999999999995,2012-08-18
11553.999999999998,0.67999999999995,2012-08-19
11555.0,0.6899999999999409,2012-08-20
11555.999999999998,0.6899999999999409,2012-08-21
11556.999999999998,0.6899999999999409,2012-08-22
11557.999999999998,0.6999999999999318,2012-08-23
11559.0,0.6999999999999318,2012-08-24
11559.999999999998,0.7099999999999227,2012-08-25
11560.999999999998,0.7099999999999227,2012-08-26
11561.999999999998,0.7099999999999227,2012-08-27
11563.0,0.7099999999999227,2012-08-28
11563.999999999998,0.7199999999999136,2012-08-29
11564.999999999998,0.7199999999999136,2012-08-30
11566.0,0.7199999999999136,2012-08-31
11567.0,0.7199999999999136,2012-09-01
11567.999999999998,0.7199999999999136,2012-09-02
11568.999999999998,0.7199999999999136,2012-09-03
11570.0,0.7199999999999136,2012-09-04
11571.0,0.7199999999999136,2012-09-05
11571.999999999998,0.7199999999999136,2012-09-06
11572.999999999998,0.7199999999999136,2012-09-07
11574.0,0.7099999999999227,2012-09-08
11575.0,0.7099999999999227,2012-09-09
11575.999999999998,0.7099999999999227,2012-09-10
11576.999999999998,0.7099999999999227,2012-09-11
11578.0,0.0,2012-09-12
11578.999999999998,0.0,2012-09-13
11579.999999999998,0.0,2012-09-14
11580.999999999998,0.0,2012-09-15
11582.0,0.7099999999999227,2012-09-16
11582.999999999998,0.7099999999999227,2012-09-17
11583.999999999998,0.6999999999999318,2012-09-18
11584.999999999998,0.6999999999999318,2012-09-19
11586.0,0.6999999999999318,2012-09-20
11586.999999999998,0.6999999999999318,2012-09-21
11587.999999999998,0.6999999999999318,2012-09-22
11588.999999999998,0.6999999999999318,2012-09-23
11590.0,0.6999999999999318,2012-09-24
11590.999999999998,0.0,2012-09-25
11591.999999999998,0.0,2012-09-26
11593.0,0.0,2012-09-27
11594.0,0.0,2012-09-28
11594.999999999998,0.0,2012-09-29
11595.999999999998,0.0,2012-09-30
11597.0,0.0,2012-10-01
11598.0,0.0,2012-10-02
11598.999999999998,0.0,2012-10-03
11599.999999999998,0.0,2012-10-04
11601.0,0.0,2012-10-05
11602.0,0.0,2012-10-06
11602.999999999998,0.0,2012-10-07
11603.999999999998,0.0,2012-10-08
11605.0,0.0,2012-10-09
11605.999999999998,0.0,2012-10-10
11606.999999999998,0.0,2012-10-11
11607.999999999998,0.0,2012-10-12
11609.0,0.0,2012-10-13
11609.999999999998,0.0,2012-10-14
11610.999999999998,0.0,2012-10-15
11611.999999999998,0.0,2012-10-16
11613.0,0.0,2012-10-17
11613.999999999998,0.0,2012-10-18
11614.999999999998,0.0,2012-10-19
11615.999999999998,0.0,2012-10-20
11617.0,0.0,2012-10-21
11617.999999999998,0.0,2012-10-22
11618.999999999998,0.0,2012-10-23
11620.0,0.0,2012-10-24
11621.0,0.0,2012-10-25
11621.999999999998,0.0,2012-10-26
11622.999999999998,0.0,2012-10-27
11624.0,0.0,2012-10-28
11625.0,0.0,2012-10-29
11625.999999999998,0.0,2012-10-30
11626.999999999998,0.0,2012-10-31
11628.0,0.0,2012-11-01
11629.0,0.0,2012-11-02
11629.999999999998,0.0,2012-11-03
11630.999999999998,0.0,2012-11-04
11632.0,0.0,2012-11-05
11632.999999999998,0.0,2012-11-06
11633.999999999998,0.0,2012-11-07
11634.999999999998,0.0,2012-11-08
11636.0,0.0,2012-11-09
11636.999999999998,0.0,2012-11-10
11637.999999999998,0.0,2012-11-11
11638.999999999998,0.0,2012-11-12
11640.0,0.0,2012-11-13
11640.999999999998,0.0,2012-11-14
11641.999999999998,0.0,2012-11-15
11642.999999999998,0.0,2012-11-16
11644.0,0.0,2012-11-17
11644.999999999998,0.0,2012-11-18
11645.999999999998,0.0,2012-11-19
11647.0,0.0,2012-11-20
11648.0,0.0,2012-11-21
11648.999999999998,0.0,2012-11-22
11649.999999999998,0.0,2012-11-23
11651.0,0.0,2012-11-24
11652.0,0.0,2012-11-25
11652.999999999998,0.0,2012-11-26
11653.999999999998,0.0,2012-11-27
11655.0,0.0,2012-11-28
11656.0,0.0,2012-11-29
11656.999999999998,0.0,2012-11-30
11657.999999999998,0.0,2012-12-01
11659.0,0.0,2012-12-02
11659.999999999998,0.0,2012-12-03
11660.999999999998,0.0,2012-12-04
11661.999999999998,0.0,2012-12-05
11663.0,0.0,2012-12-06
11663.999999999998,0.0,2012-12-07
11664.999999999998,0.0,2012-12-08
11665.999999999998,0.0,2012-12-09
11667.0,0.0,2012-12-10
11667.999999999998,0.0,2012-12-11
11668.999999999998,0.0,2012-12-12
11669.999999999998,0.0,2012-12-13
11671.0,0.0,2012-12-14
11671.999999999998,0.0,2012-12-15
11672.999999999998,0.0,2012-12-16
11674.0,0.0,2012-12-17
11675.0,0.0,2012-12-18
11675.999999999998,0.0,2012-12-19
11676.999999999998,0.0,2012-12-20
11678.0,0.0,2012-12-21
11679.0,0.0,2012-12-22
11679.999999999998,0.0,2012-12-23
11680.999999999998,0.0,2012-12-24
11682.0,0.0,2012-12-25
11682.999999999998,0.0,2012-12-26
11683.999999999998,0.0,2012-12-27
11684.999999999998,0.0,2012-12-28
11686.0,0.0,2012-12-29
11686.999999999998,0.0,2012-12-30
11687.999999999998,0.0,2012-12-31
11688.999999999998,0.0,2013-01-01
11690.0,0.0,2013-01-02
11690.999999999998,0.0,2013-01-03
11691.999999999998,0.0,2013-01-04
11693.0,0.0,2013-01-05
11693.999999999998,0.0,2013-01-06
11694.999999999998,0.0,2013-01-07
11696.0,0.0,2013-01-08
11696.999999999998,0.0,2013-01-09
11698.0,0.0,2013-01-10
11699.0,0.0,2013-01-11
11699.999999999998,0.0,2013-01-12
11701.0,0.0,2013-01-13
11701.999999999998,0.0,2013-01-14
11702.999999999998,0.0,2013-01-15
11704.0,0.0,2013-01-16
11704.999999999998,0.0,2013-01-17
11706.0,0.0,2013-01-18
11707.0,0.0,2013-01-19
11707.999999999998,0.0,2013-01-20
11709.0,0.0,2013-01-21
11709.999999999998,0.0,2013-01-22
11710.999999999998,0.0,2013-01-23
11712.0,0.0,2013-01-24
11712.999999999998,0.0,2013-01-25
11713.999999999998,0.0,2013-01-26
11715.0,0.0,2013-01-27
11715.999999999998,0.0,2013-01-28
11717.0,0.0,2013-01-29
11717.999999999998,0.0,2013-01-30
11718.999999999998,0.0,2013-01-31
11720.0,0.0,2013-02-01
11720.999999999998,0.0,2013-02-02
11721.999999999998,0.0,2013-02-03
11723.0,0.0,2013-02-04
11723.999999999998,0.0,2013-02-05
11725.0,0.0,2013-02-06
11726.0,0.0,2013-02-07
11726.999999999998,0.0,2013-02-08
11728.0,0.0,2013-02-09
11728.999999999998,0.0,2013-02-10
11729.999999999998,0.0,2013-02-11
11731.0,0.0,2013-02-12
11731.999999999998,0.0,2013-02-13
11733.0,0.0,2013-02-14
11734.0,0.0,2013-02-15
11734.999999999998,0.0,2013-02-16
11736.0,0.0,2013-02-17
11736.999999999998,0.0,2013-02-18
11737.999999999998,0.0,2013-02-19
11739.0,0.0,2013-02-20
11739.999999999998,0.0,2013-02-21
11740.999999999998,0.0,2013-02-22
11742.0,0.0,2013-02-23
11742.999999999998,0.0,2013-02-24
11744.0,0.0,2013-02-25
11744.999999999998,0.0,2013-02-26
11745.999999999998,0.0,2013-02-27
11747.0,0.0,2013-02-28
11747.999999999998,0.0,2013-03-01
11748.999999999998,0.0,2013-03-02
11750.0,0.0,2013-03-03
11750.999999999998,0.0,2013-03-04
11752.0,0.0,2013-03-05
11753.0,0.0,2013-03-06
11753.999999999998,0.0,2013-03-07
11755.0,0.0,2013-03-08
11755.999999999998,0.0,2013-03-09
11756.999999999998,0.0,2013-03-10
11758.0,0.0,2013-03-11
11758.999999999998,0.0,2013-03-12
11760.0,0.0,2013-03-13
11761.0,0.0,2013-03-14
11761.999999999998,0.0,2013-03-15
11763.0,0.0,2013-03-16
11763.999999999998,0.0,2013-03-17
11764.999999999998,0.0,2013-03-18
11766.0,0.0,2013-03-19
11766.999999999998,0.0,2013-03-20
11767.999999999998,0.0,2013-03-21
11769.0,0.0,2013-03-22
11769.999999999998,0.0,2013-03-23
11771.0,0.0,2013-03-24
11771.999999999998,0.0,2013-03-25
11772.999999999998,0.0,2013-03-26
11774.0,0.0,2013-03-27
11774.999999999998,0.0,2013-03-28
11775.999999999998,0.0,2013-03-29
11777.0,0.0,2013-03-30
11777.999999999998,0.0,2013-03-31
11779.0,0.0,2013-04-01
11780.0,0.0,2013-04-02
11780.999999999998,0.0,2013-04-03
11782.0,0.0,2013-04-04
11782.999999999998,0.0,2013-04-05
11783.999999999998,0.0,2013-04-06
11785.0,0.0,2013-04-07
11785.999999999998,0.0,2013-04-08
11787.0,0.0,2013-04-09
11788.0,0.0,2013-04-10
11788.999999999998,0.0,2013-04-11
11790.0,0.0,2013-04-12
11790.999999999998,0.0,2013-04-13
11791.999999999998,0.0,2013-04-14
11793.0,0.0,2013-04-15
11793.999999999998,0.0,2013-04-16
11794.999999999998,0.0,2013-04-17
11796.0,0.0,2013-04-18
11796.999999999998,0.0,2013-04-19
11798.0,0.0,2013-04-20
11798.999999999998,0.0,2013-04-21
11799.999999999998,0.0,2013-04-22
11801.0,0.0,2013-04-23
11801.999999999998,0.0,2013-04-24
11802.999999999998,0.0,2013-04-25
11804.0,0.0,2013-04-26
11804.999999999998,0.0,2013-04-27
11806.0,0.0,2013-04-28
11807.0,0.0,2013-04-29
11807.999999999998,0.0,2013-04-30
11809.0,0.0,2013-05-01
11809.999999999998,0.0,2013-05-02
11810.999999999998,0.0,2013-05-03
11812.0,0.0,2013-05-04
11812.999999999998,0.0,2013-05-05
11814.0,0.0,2013-05-06
11815.0,0.0,2013-05-07
11815.999999999998,0.0,2013-05-08
11817.0,0.0,2013-05-09
11817.999999999998,0.0,2013-05-10
11818.999999999998,0.0,2013-05-11
11820.0,0.0,2013-05-12
11820.999999999998,0.0,2013-05-13
11821.999999999998,0.0,2013-05-14
11823.0,0.0,2013-05-15
11823.999999999998,0.0,2013-05-16
11825.0,0.0,2013-05-17
11825.999999999998,0.0,2013-05-18
11826.999999999998,0.0,2013-05-19
11828.0,0.0,2013-05-20
11828.999999999998,0.0,2013-05-21
11829.999999999998,0.0,2013-05-22
11831.0,0.0,2013-05-23
11831.999999999998,0.0,2013-05-24
11833.0,0.0,2013-05-25
11834.0,0.0,2013-05-26
11834.999999999998,0.0,2013-05-27
11836.0,0.0,2013-05-28
11836.999999999998,0.0,2013-05-29
11837.999999999998,0.0,2013-05-30
11839.0,0.0,2013-05-31
11839.999999999998,0.0,2013-06-01
11841.0,0.0,2013-06-02
11842.0,0.0,2013-06-03
11842.999999999998,0.0,2013-06-04
11844.0,0.0,2013-06-05
11844.999999999998,0.0,2013-06-06
11845.999999999998,0.0,2013-06-07
11847.0,0.0,2013-06-08
11847.999999999998,0.0,2013-06-09
11848.999999999998,0.01999999999998181,2013-06-10
11850.0,0.049999999999954525,2013-06-11
11850.999999999998,0.07999999999992724,2013-06-12
11852.0,0.09999999999990905,2013-06-13
11852.999999999998,0.12000000000000455,2013-06-14
11853.999999999998,0.13999999999998636,2013-06-15
11855.0,0.15999999999996817,2013-06-16
11855.999999999998,0.16999999999995907,2013-06-17
11856.999999999998,0.18999999999994088,2013-06-18
11858.0,0.1999999999999318,2013-06-19
11858.999999999998,0.2199999999999136,2013-06-20
11860.0,0.2299999999999045,2013-06-21
11861.0,0.2400000000000091,2013-06-22
11861.999999999998,0.25,2013-06-23
11863.0,0.2599999999999909,2013-06-24
11863.999999999998,0.2599999999999909,2013-06-25
11864.999999999998,0.2699999999999818,2013-06-26
11866.0,0.2799999999999727,2013-06-27
11866.999999999998,0.2899999999999636,2013-06-28
11868.0,0.2999999999999545,2013-06-29
11869.0,0.30999999999994543,2013-06-30
11869.999999999998,0.30999999999994543,2013-07-01
11871.0,0.31999999999993634,2013-07-02
11871.999999999998,0.33999999999991815,2013-07-03
11872.999999999998,0.33999999999991815,2013-07-04
11874.0,0.34999999999990905,2013-07-05
11874.999999999998,0.35999999999989996,2013-07-06
11875.999999999998,0.35999999999989996,2013-07-07
11877.0,0.36999999999989086,2013-07-08
11877.999999999998,0.37999999999988177,2013-07-09
11879.0,0.37999999999988177,2013-07-10
11879.999999999998,0.38999999999998636,2013-07-11
11880.999999999998,0.39999999999997726,2013-07-12
11882.0,0.40999999999996817,2013-07-13
11882.999999999998,0.4199999999999591,2013-07-14
11883.999999999998,0.42999999999995,2013-07-15
11885.0,0.4399999999999409,2013-07-16
11885.999999999998,0.4599999999999227,2013-07-17
11887.0,0.4699999999999136,2013-07-18
11888.0,0.4699999999999136,2013-07-19
11888.999999999998,0.4799999999999045,2013-07-20
11890.0,0.4899999999998954,2013-07-21
11890.999999999998,0.4999999999998863,2013-07-22
11891.999999999998,0.4999999999998863,2013-07-23
11893.0,0.5099999999999909,2013-07-24
11893.999999999998,0.5199999999999818,2013-07-25
11895.0,0.5299999999999727,2013-07-26
11896.0,0.5299999999999727,2013-07-27
11896.999999999998,0.5399999999999636,2013-07-28
11898.0,0.5399999999999636,2013-07-29
11898.999999999998,0.5499999999999545,2013-07-30
11899.999999999998,0.5599999999999454,2013-07-31
11901.0,0.5699999999999363,2013-08-01
11901.999999999998,0.5699999999999363,2013-08-02
11902.999999999998,0.5799999999999272,2013-08-03
11904.0,0.5899999999999181,2013-08-04
11904.999999999998,0.599999999999909,2013-08-05
11906.0,0.6099999999999,2013-08-06
11906.999999999998,0.6099999999999,2013-08-07
11907.999999999998,0.6199999999998909,2013-08-08
11909.0,0.6299999999998818,2013-08-09
11909.999999999998,0.6399999999999864,2013-08-10
11910.999999999998,0.6399999999999864,2013-08-11
11912.0,0.6499999999999773,2013-08-12
11912.999999999998,0.6599999999999682,2013-08-13
11914.0,0.6699999999999591,2013-08-14
11915.0,0.6699999999999591,2013-08-15
11915.999999999998,0.67999999999995,2013-08-16
11917.0,0.67999999999995,2013-08-17
11917.999999999998,0.6899999999999409,2013-08-18
11918.999999999998,0.6899999999999409,2013-08-19
11920.0,0.6899999999999409,2013-08-20
11920.999999999998,0.6899999999999409,2013-08-21
11921.999999999998,0.6999999999999318,2013-08-22
11923.0,0.6999999999999318,2013-08-23
11923.999999999998,0.6999999999999318,2013-08-24
11925.0,0.6999999999999318,2013-08-25
11925.999999999998,0.6999999999999318,2013-08-26
11926.999999999998,0.6999999999999318,2013-08-27
11928.0,0.6899999999999409,2013-08-28
11928.999999999998,0.6899999999999409,2013-08-29
11929.999999999998,0.6899999999999409,2013-08-30
11931.0,0.6899999999999409,2013-08-31
11931.999999999998,0.6899999999999409,2013-09-01
11933.0,0.6899999999999409,2013-09-02
11933.999999999998,0.6899999999999409,2013-09-03
11934.999999999998,0.6899999999999409,2013-09-04
11936.0,0.67999999999995,2013-09-05
11936.999999999998,0.67999999999995,2013-09-06
11937.999999999998,0.67999999999995,2013-09-07
11939.0,0.67999999999995,2013-09-08
11939.999999999998,0.67999999999995,2013-09-09
11941.0,0.67999999999995,2013-09-10
11942.0,0.67999999999995,2013-09-11
11942.999999999998,0.6699999999999591,2013-09-12
11944.0,0.6699999999999591,2013-09-13
11944.999999999998,0.6699999999999591,2013-09-14
11945.999999999998,0.0,2013-09-15
11947.0,0.0,2013-09-16
11947.999999999998,0.0,2013-09-17
11948.999999999998,0.0,2013-09-18
11950.0,0.0,2013-09-19
11950.999999999998,0.0,2013-09-20
11952.0,0.0,2013-09-21
11952.999999999998,0.0,2013-09-22
11953.999999999998,0.0,2013-09-23
11955.0,0.0,2013-09-24
11955.999999999998,0.0,2013-09-25
11956.999999999998,0.0,2013-09-26
11958.0,0.0,2013-09-27
11958.999999999998,0.0,2013-09-28
11960.0,0.0,2013-09-29
11960.999999999998,0.0,2013-09-30
11961.999999999998,0.0,2013-10-01
11963.0,0.0,2013-10-02
11963.999999999998,0.0,2013-10-03
11964.999999999998,0.0,2013-10-04
11966.0,0.0,2013-10-05
11966.999999999998,0.0,2013-10-06
11968.0,0.0,2013-10-07
11969.0,0.0,2013-10-08
11969.999999999998,0.0,2013-10-09
11971.0,0.0,2013-10-10
11971.999999999998,0.0,2013-10-11
11972.999999999998,0.0,2013-10-12
11974.0,0.0,2013-10-13
11974.999999999998,0.0,2013-10-14
11975.999999999998,0.0,2013-10-15
11977.0,0.0,2013-10-16
11977.999999999998,0.0,2013-10-17
11979.0,0.0,2013-10-18
11979.999999999998,0.0,2013-10-19
11980.999999999998,0.0,2013-10-20
11982.0,0.0,2013-10-21
11982.999999999998,0.0,2013-10-22
11983.999999999998,0.0,2013-10-23
11985.0,0.0,2013-10-24
11985.999999999998,0.0,2013-10-25
11987.0,0.0,2013-10-26
11987.999999999998,0.0,2013-10-27
11988.999999999998,0.0,2013-10-28
11990.0,0.0,2013-10-29
11990.999999999998,0.0,2013-10-30
11991.999999999998,0.0,2013-10-31
11993.0,0.0,2013-11-01
11993.999999999998,0.0,2013-11-02
11995.0,0.0,2013-11-03
11996.0,0.0,2013-11-04
11996.999999999998,0.0,2013-11-05
11998.0,0.0,2013-11-06
11998.999999999998,0.0,2013-11-07
11999.999999999998,0.0,2013-11-08
12001.0,0.0,2013-11-09
12001.999999999998,0.0,2013-11-10
12002.999999999998,0.0,2013-11-11
12004.0,0.0,2013-11-12
12004.999999999998,0.0,2013-11-13
12006.0,0.0,2013-11-14
12006.999999999998,0.0,2013-11-15
12007.999999999998,0.0,2013-11-16
12009.0,0.0,2013-11-17
12009.999999999998,0.0,2013-11-18
12010.999999999998,0.0,2013-11-19
12012.0,0.0,2013-11-20
12012.999999999998,0.0,2013-11-21
12014.0,0.0,2013-11-22
12014.999999999998,0.0,2013-11-23
12015.999999999998,0.0,2013-11-24
12017.0,0.0,2013-11-25
12017.999999999998,0.0,2013-11-26
12018.999999999998,0.0,2013-11-27
12020.0,0.0,2013-11-28
12020.999999999998,0.0,2013-11-29
12022.0,0.0,2013-11-30
12023.0,0.0,2013-12-01
12023.999999999998,0.0,2013-12-02
12025.0,0.0,2013-12-03
12025.999999999998,0.0,2013-12-04
12026.999999999998,0.0,2013-12-05
12028.0,0.0,2013-12-06
12028.999999999998,0.0,2013-12-07
12029.999999999998,0.0,2013-12-08
12031.0,0.0,2013-12-09
12031.999999999998,0.0,2013-12-10
12033.0,0.0,2013-12-11
12033.999999999998,0.0,2013-12-12
12034.999999999998,0.0,2013-12-13
12036.0,0.0,2013-12-14
12036.999999999998,0.0,2013-12-15
12037.999999999998,0.0,2013-12-16
12039.0,0.0,2013-12-17
12039.999999999998,0.0,2013-12-18
12041.0,0.0,2013-12-19
12041.999999999998,0.0,2013-12-20
12042.999999999998,0.0,2013-12-21
12044.0,0.0,2013-12-22
12044.999999999998,0.0,2013-12-23
12045.999999999998,0.0,2013-12-24
12047.0,0.0,2013-12-25
12047.999999999998,0.0,2013-12-26
12049.0,0.0,2013-12-27
12050.0,0.0,2013-12-28
12050.999999999998,0.0,2013-12-29
12052.0,0.0,2013-12-30
12052.999999999998,0.0,2013-12-31
12053.999999999998,0.0,2014-01-01
12055.0,0.0,2014-01-02
12055.999999999998,0.0,2014-01-03
12056.999999999998,0.0,2014-01-04
12058.0,0.0,2014-01-05
12058.999999999998,0.0,2014-01-06
12060.0,0.0,2014-01-07
12060.999999999998,0.0,2014-01-08
12061.999999999998,0.0,2014-01-09
12063.0,0.0,2014-01-10
12063.999999999998,0.0,2014-01-11
12064.999999999998,0.0,2014-01-12
12066.0,0.0,2014-01-13
12066.999999999998,0.0,2014-01-14
12068.0,0.0,2014-01-15
12068.999999999998,0.0,2014-01-16
12069.999999999998,0.0,2014-01-17
12071.0,0.0,2014-01-18
12071.999999999998,0.0,2014-01-19
12072.999999999998,0.0,2014-01-20
12074.0,0.0,2014-01-21
12074.999999999998,0.0,2014-01-22
12076.0,0.0,2014-01-23
12077.0,0.0,2014-01-24
12077.999999999998,0.0,2014-01-25
12079.0,0.0,2014-01-26
12079.999999999998,0.0,2014-01-27
12080.999999999998,0.0,2014-01-28
12082.0,0.0,2014-01-29
12082.999999999998,0.0,2014-01-30
12083.999999999998,0.0,2014-01-31
12085.0,0.0,2014-02-01
12085.999999999998,0.0,2014-02-02
12087.0,0.0,2014-02-03
12087.999999999998,0.0,2014-02-04
12088.999999999998,0.0,2014-02-05
12090.0,0.0,2014-02-06
12090.999999999998,0.0,2014-02-07
12091.999999999998,0.0,2014-02-08
12093.0,0.0,2014-02-09
12093.999999999998,0.0,2014-02-10
12095.0,0.0,2014-02-11
12095.999999999998,0.0,2014-02-12
12096.999999999998,0.0,2014-02-13
12098.0,0.0,2014-02-14
12098.999999999998,0.0,2014-02-15
12099.999999999998,0.0,2014-02-16
12101.0,0.0,2014-02-17
12101.999999999998,0.0,2014-02-18
12103.0,0.0,2014-02-19
12104.0,0.0,2014-02-20
12104.999999999998,0.0,2014-02-21
12106.0,0.0,2014-02-22
12106.999999999998,0.0,2014-02-23
12107.999999999998,0.0,2014-02-24
12109.0,0.0,2014-02-25
12109.999999999998,0.0,2014-02-26
12110.999999999998,0.0,2014-02-27
12112.0,0.0,2014-02-28
12112.999999999998,0.0,2014-03-01
12114.0,0.0,2014-03-02
12114.999999999998,0.0,2014-03-03
12115.999999999998,0.0,2014-03-04
12117.0,0.0,2014-03-05
12117.999999999998,0.0,2014-03-06
12118.999999999998,0.0,2014-03-07
12120.0,0.0,2014-03-08
12120.999999999998,0.0,2014-03-09
12122.0,0.0,2014-03-10
12122.999999999998,0.0,2014-03-11
12123.999999999998,0.0,2014-03-12
12125.0,0.0,2014-03-13
12125.999999999998,0.0,2014-03-14
12126.999999999998,0.0,2014-03-15
12128.0,0.0,2014-03-16
12128.999999999998,0.0,2014-03-17
12130.0,0.0,2014-03-18
12131.0,0.0,2014-03-19
12131.999999999998,0.0,2014-03-20
12133.0,0.0,2014-03-21
12133.999999999998,0.0,2014-03-22
12134.999999999998,0.0,2014-03-23
12136.0,0.0,2014-03-24
12136.999999999998,0.0,2014-03-25
12137.999999999998,0.0,2014-03-26
12139.0,0.0,2014-03-27
12139.999999999998,0.0,2014-03-28
12141.0,0.0,2014-03-29
12141.999999999998,0.0,2014-03-30
12142.999999999998,0.0,2014-03-31
12144.0,0.0,2014-04-01
12144.999999999998,0.0,2014-04-02
12145.999999999998,0.0,2014-04-03
12147.0,0.0,2014-04-04
12147.999999999998,0.0,2014-04-05
12149.0,0.0,2014-04-06
12149.999999999998,0.0,2014-04-07
12150.999999999998,0.0,2014-04-08
12152.0,0.0,2014-04-09
12152.999999999998,0.0,2014-04-10
12153.999999999998,0.0,2014-04-11
12155.0,0.0,2014-04-12
12155.999999999998,0.0,2014-04-13
12157.0,0.0,2014-04-14
12158.0,0.0,2014-04-15
12158.999999999998,0.0,2014-04-16
12160.0,0.0,2014-04-17
12160.999999999998,0.0,2014-04-18
12161.999999999998,0.0,2014-04-19
12163.0,0.0,2014-04-20
12163.999999999998,0.0,2014-04-21
12164.999999999998,0.0,2014-04-22
12166.0,0.0,2014-04-23
12166.999999999998,0.0,2014-04-24
12168.0,0.0,2014-04-25
12168.999999999998,0.0,2014-04-26
12169.999999999998,0.0,2014-04-27
12171.0,0.0,2014-04-28
12171.999999999998,0.0,2014-04-29
12172.999999999998,0.0,2014-04-30
12174.0,0.0,2014-05-01
12174.999999999998,0.0,2014-05-02
12176.0,0.0,2014-05-03
12176.999999999998,0.0,2014-05-04
12177.999999999998,0.0,2014-05-05
12179.0,0.0,2014-05-06
12179.999999999998,0.0,2014-05-07
12180.999999999998,0.0,2014-05-08
12182.0,0.0,2014-05-09
12182.999999999998,0.0,2014-05-10
12184.0,0.0,2014-05-11
12185.0,0.0,2014-05-12
12185.999999999998,0.0,2014-05-13
12187.0,0.0,2014-05-14
12187.999999999998,0.0,2014-05-15
12188.999999999998,0.0,2014-05-16
12190.0,0.0,2014-05-17
12190.999999999998,0.0,2014-05-18
12191.999999999998,0.0,2014-05-19
12193.0,0.0,2014-05-20
12193.999999999998,0.0,2014-05-21
12195.0,0.0,2014-05-22
12195.999999999998,0.0,2014-05-23
12196.999999999998,0.0,2014-05-24
12198.0,0.0,2014-05-25
12198.999999999998,0.0,2014-05-26
12199.999999999998,0.0,2014-05-27
12201.0,0.0,2014-05-28
12201.999999999998,0.0,2014-05-29
12203.0,0.0,2014-05-30
12203.999999999998,0.0,2014-05-31
12204.999999999998,0.0,2014-06-01
12206.0,0.0,2014-06-02
12206.999999999998,0.0,2014-06-03
12207.999999999998,0.0,2014-06-04
12209.0,0.0,2014-06-05
12209.999999999998,0.0,2014-06-06
12211.0,0.0,2014-06-07
12212.0,0.0,2014-06-08
12212.999999999998,0.0,2014-06-09
12214.0,0.0,2014-06-10
12214.999999999998,0.0,2014-06-11
12215.999999999998,0.0,2014-06-12
12217.0,0.009999999999990905,2014-06-13
12217.999999999998,0.049999999999954525,2014-06-14
12218.999999999998,0.07999999999992724,2014-06-15
12220.0,0.09999999999990905,2014-06-16
12220.999999999998,0.10999999999989996,2014-06-17
12222.0,0.12000000000000455,2014-06-18
12222.999999999998,0.12999999999999545,2014-06-19
12223.999999999998,0.13999999999998636,2014-06-20
12225.0,0.15999999999996817,2014-06-21
12225.999999999998,0.16999999999995907,2014-06-22
12226.999999999998,0.17999999999994998,2014-06-23
12228.0,0.18999999999994088,2014-06-24
12228.999999999998,0.1999999999999318,2014-06-25
12230.0,0.2099999999999227,2014-06-26
12230.999999999998,0.2199999999999136,2014-06-27
12231.999999999998,0.2199999999999136,2014-06-28
12233.0,0.2299999999999045,2014-06-29
12233.999999999998,0.2400000000000091,2014-06-30
12234.999999999998,0.25,2014-07-01
12236.0,0.2599999999999909,2014-07-02
12236.999999999998,0.2699999999999818,2014-07-03
12238.0,0.2799999999999727,2014-07-04
12239.0,0.2899999999999636,2014-07-05
12239.999999999998,0.2899999999999636,2014-07-06
12241.0,0.2999999999999545,2014-07-07
12241.999999999998,0.30999999999994543,2014-07-08
12242.999999999998,0.31999999999993634,2014-07-09
12244.0,0.33999999999991815,2014-07-10
12244.999999999998,0.34999999999990905,2014-07-11
12245.999999999998,0.35999999999989996,2014-07-12
12247.0,0.36999999999989086,2014-07-13
12247.999999999998,0.37999999999988177,2014-07-14
12249.0,0.38999999999998636,2014-07-15
12249.999999999998,0.38999999999998636,2014-07-16
12250.999999999998,0.39999999999997726,2014-07-17
12252.0,0.40999999999996817,2014-07-18
12252.999999999998,0.40999999999996817,2014-07-19
12253.999999999998,0.4199999999999591,2014-07-20
12255.0,0.42999999999995,2014-07-21
12255.999999999998,0.42999999999995,2014-07-22
12257.0,0.4399999999999409,2014-07-23
12257.999999999998,0.4399999999999409,2014-07-24
12258.999999999998,0.4499999999999318,2014-07-25
12260.0,0.4499999999999318,2014-07-26
12260.999999999998,0.4499999999999318,2014-07-27
12261.999999999998,0.4499999999999318,2014-07-28
12263.0,0.4599999999999227,2014-07-29
12263.999999999998,0.4599999999999227,2014-07-30
12265.0,0.4599999999999227,2014-07-31
12266.0,0.4599999999999227,2014-08-01
12266.999999999998,0.4599999999999227,2014-08-02
12268.0,0.4699999999999136,2014-08-03
12268.999999999998,0.4799999999999045,2014-08-04
12269.999999999998,0.4799999999999045,2014-08-05
12271.0,0.4899999999998954,2014-08-06
12271.999999999998,0.4899999999998954,2014-08-07
12272.999999999998,0.4999999999998863,2014-08-08
12274.0,0.5099999999999909,2014-08-09
12274.999999999998,0.5099999999999909,2014-08-10
12276.0,0.5199999999999818,2014-08-11
12276.999999999998,0.5299999999999727,2014-08-12
12277.999999999998,0.5299999999999727,2014-08-13
12279.0,0.5399999999999636,2014-08-14
12279.999999999998,0.5499999999999545,2014-08-15
12280.999999999998,0.5599999999999454,2014-08-16
12282.0,0.5599999999999454,2014-08-17
12282.999999999998,0.5699999999999363,2014-08-18
12284.0,0.5799999999999272,2014-08-19
12284.999999999998,0.5799999999999272,2014-08-20
12285.999999999998,0.5899999999999181,2014-08-21
12287.0,0.599999999999909,2014-08-22
12287.999999999998,0.599999999999909,2014-08-23
12288.999999999998,0.6099999999999,2014-08-24
12290.0,0.6099999999999,2014-08-25
12290.999999999998,0.6199999999998909,2014-08-26
12292.0,0.6199999999998909,2014-08-27
12293.0,0.6199999999998909,2014-08-28
12293.999999999998,0.6299999999998818,2014-08-29
12295.0,0.6299999999998818,2014-08-30
12295.999999999998,0.6299999999998818,2014-08-31
12296.999999999998,0.6399999999999864,2014-09-01
12298.0,0.6399999999999864,2014-09-02
12298.999999999998,0.6399999999999864,2014-09-03
12299.999999999998,0.6399999999999864,2014-09-04
12301.0,0.6399999999999864,2014-09-05
12301.999999999998,0.6399999999999864,2014-09-06
12303.0,0.6399999999999864,2014-09-07
12303.999999999998,0.6399999999999864,2014-09-08
12304.999999999998,0.6399999999999864,2014-09-09
12306.0,0.6399999999999864,2014-09-10
12306.999999999998,0.6399999999999864,2014-09-11
12307.999999999998,0.6399999999999864,2014-09-12
12309.0,0.6399999999999864,2014-09-13
12309.999999999998,0.6399999999999864,2014-09-14
12311.0,0.6299999999998818,2014-09-15
12311.999999999998,0.6299999999998818,2014-09-16
12312.999999999998,0.6299999999998818,2014-09-17
12314.0,0.6299999999998818,2014-09-18
12314.999999999998,0.0,2014-09-19
12315.999999999998,0.0,2014-09-20
12317.0,0.0,2014-09-21
12317.999999999998,0.0,2014-09-22
12319.0,0.0,2014-09-23
12320.0,0.0,2014-09-24
12320.999999999998,0.0,2014-09-25
12322.0,0.0,2014-09-26
12322.999999999998,0.0,2014-09-27
12323.999999999998,0.0,2014-09-28
12325.0,0.0,2014-09-29
12325.999999999998,0.0,2014-09-30
12326.999999999998,0.0,2014-10-01
12328.0,0.0,2014-10-02
12328.999999999998,0.0,2014-10-03
12330.0,0.0,2014-10-04
12330.999999999998,0.0,2014-10-05
12331.999999999998,0.0,2014-10-06
12333.0,0.0,2014-10-07
12333.999999999998,0.0,2014-10-08
12334.999999999998,0.0,2014-10-09
12336.0,0.0,2014-10-10
12336.999999999998,0.0,2014-10-11
12338.0,0.0,2014-10-12
12338.999999999998,0.0,2014-10-13
12339.999999999998,0.0,2014-10-14
12341.0,0.0,2014-10-15
12341.999999999998,0.0,2014-10-16
12342.999999999998,0.0,2014-10-17
12344.0,0.0,2014-10-18
12344.999999999998,0.0,2014-10-19
12346.0,0.0,2014-10-20
12347.0,0.0,2014-10-21
12347.999999999998,0.0,2014-10-22
12349.0,0.0,2014-10-23
12349.999999999998,0.0,2014-10-24
12350.999999999998,0.0,2014-10-25
12352.0,0.0,2014-10-26
12352.999999999998,0.0,2014-10-27
12353.999999999998,0.0,2014-10-28
12355.0,0.0,2014-10-29
12355.999999999998,0.0,2014-10-30
12357.0,0.0,2014-10-31
12357.999999999998,0.0,2014-11-01
12358.999999999998,0.0,2014-11-02
12360.0,0.0,2014-11-03
12360.999999999998,0.0,2014-11-04
12361.999999999998,0.0,2014-11-05
12363.0,0.0,2014-11-06
12363.999999999998,0.0,2014-11-07
12365.0,0.0,2014-11-08
12365.999999999998,0.0,2014-11-09
12366.999999999998,0.0,2014-11-10
12368.0,0.0,2014-11-11
12368.999999999998,0.0,2014-11-12
12369.999999999998,0.0,2014-11-13
12371.0,0.0,2014-11-14
12371.999999999998,0.0,2014-11-15
12373.0,0.0,2014-11-16
12374.0,0.0,2014-11-17
12374.999999999998,0.0,2014-11-18
12376.0,0.0,2014-11-19
12376.999999999998,0.0,2014-11-20
12377.999999999998,0.0,2014-11-21
12379.0,0.0,2014-11-22
12379.999999999998,0.0,2014-11-23
12380.999999999998,0.0,2014-11-24
12382.0,0.0,2014-11-25
12382.999999999998,0.0,2014-11-26
12384.0,0.0,2014-11-27
12384.999999999998,0.0,2014-11-28
12385.999999999998,0.0,2014-11-29
12387.0,0.0,2014-11-30
12387.999999999998,0.0,2014-12-01
12388.999999999998,0.0,2014-12-02
12390.0,0.0,2014-12-03
12390.999999999998,0.0,2014-12-04
12392.0,0.0,2014-12-05
12392.999999999998,0.0,2014-12-06
12393.999999999998,0.0,2014-12-07
12395.0,0.0,2014-12-08
12395.999999999998,0.0,2014-12-09
12396.999999999998,0.0,2014-12-10
12398.0,0.0,2014-12-11
12398.999999999998,0.0,2014-12-12
12400.0,0.0,2014-12-13
12401.0,0.0,2014-12-14
12401.999999999998,0.0,2014-12-15
12403.0,0.0,2014-12-16
12403.999999999998,0.0,2014-12-17
12404.999999999998,0.0,2014-12-18
12406.0,0.0,2014-12-19
12406.999999999998,0.0,2014-12-20
12407.999999999998,0.0,2014-12-21
12409.0,0.0,2014-12-22
12409.999999999998,0.0,2014-12-23
12411.0,0.0,2014-12-24
12411.999999999998,0.0,2014-12-25
12412.999999999998,0.0,2014-12-26
12414.0,0.0,2014-12-27
12414.999999999998,0.0,2014-12-28
12415.999999999998,0.0,2014-12-29
12417.0,0.0,2014-12-30
12417.999999999998,0.0,2014-12-31
12419.0,0.0,2015-01-01
12419.999999999998,0.0,2015-01-02
12420.999999999998,0.0,2015-01-03
12422.0,0.0,2015-01-04
12422.999999999998,0.0,2015-01-05
12423.999999999998,0.0,2015-01-06
12425.0,0.0,2015-01-07
12425.999999999998,0.0,2015-01-08
12426.999999999998,0.0,2015-01-09
12428.0,0.0,2015-01-10
12428.999999999998,0.0,2015-01-11
12430.0,0.0,2015-01-12
12430.999999999998,0.0,2015-01-13
12431.999999999998,0.0,2015-01-14
12433.0,0.0,2015-01-15
12433.999999999998,0.0,2015-01-16
12434.999999999998,0.0,2015-01-17
12436.0,0.0,2015-01-18
12436.999999999998,0.0,2015-01-19
12438.0,0.0,2015-01-20
12438.999999999998,0.0,2015-01-21
12439.999999999998,0.0,2015-01-22
12441.0,0.0,2015-01-23
12441.999999999998,0.0,2015-01-24
12442.999999999998,0.0,2015-01-25
12444.0,0.0,2015-01-26
12444.999999999998,0.0,2015-01-27
12446.0,0.0,2015-01-28
12446.999999999998,0.0,2015-01-29
12447.999999999998,0.0,2015-01-30
12449.0,0.0,2015-01-31
12449.999999999998,0.0,2015-02-01
12450.999999999998,0.0,2015-02-02
12452.0,0.0,2015-02-03
12452.999999999998,0.0,2015-02-04
12453.999999999998,0.0,2015-02-05
12455.0,0.0,2015-02-06
12455.999999999998,0.0,2015-02-07
12457.0,0.0,2015-02-08
12457.999999999998,0.0,2015-02-09
12458.999999999998,0.0,2015-02-10
12460.0,0.0,2015-02-11
12460.999999999998,0.0,2015-02-12
12461.999999999998,0.0,2015-02-13
12463.0,0.0,2015-02-14
12463.999999999998,0.0,2015-02-15
12465.0,0.0,2015-02-16
12465.999999999998,0.0,2015-02-17
12466.999999999998,0.0,2015-02-18
12468.0,0.0,2015-02-19
12468.999999999998,0.0,2015-02-20
12469.999999999998,0.0,2015-02-21
12471.0,0.0,2015-02-22
12471.999999999998,0.0,2015-02-23
12473.0,0.0,2015-02-24
12473.999999999998,0.0,2015-02-25
12474.999999999998,0.0,2015-02-26
12476.0,0.0,2015-02-27
12476.999999999998,0.0,2015-02-28
12477.999999999998,0.0,2015-03-01
12479.0,0.0,2015-03-02
12479.999999999998,0.0,2015-03-03
12480.999999999998,0.0,2015-03-04
12482.0,0.0,2015-03-05
12482.999999999998,0.0,2015-03-06
12484.0,0.0,2015-03-07
12484.999999999998,0.0,2015-03-08
12485.999999999998,0.0,2015-03-09
12487.0,0.0,2015-03-10
12487.999999999998,0.0,2015-03-11
12488.999999999998,0.0,2015-03-12
12490.0,0.0,2015-03-13
12490.999999999998,0.0,2015-03-14
12492.0,0.0,2015-03-15
12492.999999999998,0.0,2015-03-16
12493.999999999998,0.0,2015-03-17
12495.0,0.0,2015-03-18
12495.999999999998,0.0,2015-03-19
12496.999999999998,0.0,2015-03-20
12498.0,0.0,2015-03-21
12498.999999999998,0.0,2015-03-22
12500.0,0.0,2015-03-23
12500.999999999998,0.0,2015-03-24
12501.999999999998,0.0,2015-03-25
12503.0,0.0,2015-03-26
12503.999999999998,0.0,2015-03-27
12504.999999999998,0.0,2015-03-28
12506.0,0.0,2015-03-29
12506.999999999998,0.0,2015-03-30
12507.999999999998,0.0,2015-03-31
12509.0,0.0,2015-04-01
12509.999999999998,0.0,2015-04-02
12511.0,0.0,2015-04-03
12511.999999999998,0.0,2015-04-04
12512.999999999998,0.0,2015-04-05
12514.0,0.0,2015-04-06
12514.999999999998,0.0,2015-04-07
12515.999999999998,0.0,2015-04-08
12517.0,0.0,2015-04-09
12517.999999999998,0.0,2015-04-10
12519.0,0.0,2015-04-11
12519.999999999998,0.0,2015-04-12
12520.999999999998,0.0,2015-04-13
12522.0,0.0,2015-04-14
12522.999999999998,0.0,2015-04-15
12523.999999999998,0.0,2015-04-16
12525.0,0.0,2015-04-17
12525.999999999998,0.0,2015-04-18
12527.0,0.0,2015-04-19
12527.999999999998,0.0,2015-04-20
12528.999999999998,0.0,2015-04-21
12530.0,0.0,2015-04-22
12530.999999999998,0.0,2015-04-23
12531.999999999998,0.0,2015-04-24
12533.0,0.0,2015-04-25
12533.999999999998,0.0,2015-04-26
12534.999999999998,0.0,2015-04-27
12536.0,0.0,2015-04-28
12536.999999999998,0.0,2015-04-29
12538.0,0.0,2015-04-30
12538.999999999998,0.0,2015-05-01
12539.999999999998,0.0,2015-05-02
12541.0,0.0,2015-05-03
12541.999999999998,0.0,2015-05-04
12542.999999999998,0.0,2015-05-05
12544.0,0.0,2015-05-06
12544.999999999998,0.0,2015-05-07
12546.0,0.0,2015-05-08
12546.999999999998,0.0,2015-05-09
12547.999999999998,0.0,2015-05-10
12549.0,0.0,2015-05-11
12549.999999999998,0.0,2015-05-12
12550.999999999998,0.0,2015-05-13
12552.0,0.0,2015-05-14
12552.999999999998,0.0,2015-05-15
12554.0,0.0,2015-05-16
12554.999999999998,0.0,2015-05-17
12555.999999999998,0.0,2015-05-18
12557.0,0.0,2015-05-19
12557.999999999998,0.01999999999998181,2015-05-20
12558.999999999998,0.05999999999994543,2015-05-21
12560.0,0.07999999999992724,2015-05-22
12560.999999999998,0.09999999999990905,2015-05-23
12561.999999999998,0.12000000000000455,2015-05-24
12563.0,0.12999999999999545,2015-05-25
12563.999999999998,0.13999999999998636,2015-05-26
12565.0,0.14999999999997726,2015-05-27
12565.999999999998,0.15999999999996817,2015-05-28
12566.999999999998,0.16999999999995907,2015-05-29
12568.0,0.16999999999995907,2015-05-30
12568.999999999998,0.16999999999995907,2015-05-31
12569.999999999998,0.16999999999995907,2015-06-01
12571.0,0.16999999999995907,2015-06-02
12571.999999999998,0.16999999999995907,2015-06-03
12573.0,0.15999999999996817,2015-06-04
12573.999999999998,0.15999999999996817,2015-06-05
12574.999999999998,0.15999999999996817,2015-06-06
12576.0,0.15999999999996817,2015-06-07
12576.999999999998,0.15999999999996817,2015-06-08
12577.999999999998,0.15999999999996817,2015-06-09
12579.0,0.15999999999996817,2015-06-10
12579.999999999998,0.16999999999995907,2015-06-11
12581.0,0.16999999999995907,2015-06-12
12581.999999999998,0.16999999999995907,2015-06-13
12582.999999999998,0.17999999999994998,2015-06-14
12584.0,0.1999999999999318,2015-06-15
12584.999999999998,0.2099999999999227,2015-06-16
12585.999999999998,0.2199999999999136,2015-06-17
12587.0,0.2299999999999045,2015-06-18
12587.999999999998,0.2400000000000091,2015-06-19
12588.999999999998,0.25,2015-06-20
12590.0,0.2599999999999909,2015-06-21
12590.999999999998,0.2699999999999818,2015-06-22
12592.0,0.2799999999999727,2015-06-23
12592.999999999998,0.2899999999999636,2015-06-24
12593.999999999998,0.2999999999999545,2015-06-25
12595.0,0.30999999999994543,2015-06-26
12595.999999999998,0.31999999999993634,2015-06-27
12596.999999999998,0.32999999999992724,2015-06-28
12598.0,0.33999999999991815,2015-06-29
12598.999999999998,0.34999999999990905,2015-06-30
12600.0,0.36999999999989086,2015-07-01
12600.999999999998,0.37999999999988177,2015-07-02
12601.999999999998,0.38999999999998636,2015-07-03
12603.0,0.39999999999997726,2015-07-04
12603.999999999998,0.40999999999996817,2015-07-05
12604.999999999998,0.42999999999995,2015-07-06
12606.0,0.4399999999999409,2015-07-07
12606.999999999998,0.4599999999999227,2015-07-08
12608.0,0.4699999999999136,2015-07-09
12609.0,0.4799999999999045,2015-07-10
12609.999999999998,0.4799999999999045,2015-07-11
12611.0,0.4899999999998954,2015-07-12
12611.999999999998,0.4999999999998863,2015-07-13
12612.999999999998,0.4999999999998863,2015-07-14
12614.0,0.5099999999999909,2015-07-15
12614.999999999998,0.5199999999999818,2015-07-16
12615.999999999998,0.5299999999999727,2015-07-17
12617.0,0.5399999999999636,2015-07-18
12617.999999999998,0.5499999999999545,2015-07-19
12619.0,0.5599999999999454,2015-07-20
12619.999999999998,0.5599999999999454,2015-07-21
12620.999999999998,0.5699999999999363,2015-07-22
12622.0,0.5799999999999272,2015-07-23
12622.999999999998,0.5899999999999181,2015-07-24
12623.999999999998,0.5899999999999181,2015-07-25
12625.0,0.599999999999909,2015-07-26
12625.999999999998,0.599999999999909,2015-07-27
12627.0,0.6099999999999,2015-07-28
12627.999999999998,0.6099999999999,2015-07-29
12628.999999999998,0.6199999999998909,2015-07-30
12630.0,0.6199999999998909,2015-07-31
12630.999999999998,0.6299999999998818,2015-08-01
12631.999999999998,0.6299999999998818,2015-08-02
12633.0,0.6399999999999864,2015-08-03
12633.999999999998,0.6399999999999864,2015-08-04
12635.0,0.6499999999999773,2015-08-05
12636.0,0.6499999999999773,2015-08-06
12636.999999999998,0.6599999999999682,2015-08-07
12638.0,0.6599999999999682,2015-08-08
12638.999999999998,0.6699999999999591,2015-08-09
12639.999999999998,0.6699999999999591,2015-08-10
12641.0,0.67999999999995,2015-08-11
12641.999999999998,0.67999999999995,2015-08-12
12642.999999999998,0.67999999999995,2015-08-13
12644.0,0.67999999999995,2015-08-14
12644.999999999998,0.6899999999999409,2015-08-15
12646.0,0.6899999999999409,2015-08-16
12646.999999999998,0.6899999999999409,2015-08-17
12647.999999999998,0.6899999999999409,2015-08-18
12649.0,0.6999999999999318,2015-08-19
12649.999999999998,0.6999999999999318,2015-08-20
12650.999999999998,0.6999999999999318,2015-08-21
12652.0,0.6999999999999318,2015-08-22
12652.999999999998,0.6999999999999318,2015-08-23
12654.0,0.7099999999999227,2015-08-24
12654.999999999998,0.7099999999999227,2015-08-25
12655.999999999998,0.7099999999999227,2015-08-26
12657.0,0.7099999999999227,2015-08-27
12657.999999999998,0.7099999999999227,2015-08-28
12658.999999999998,0.7099999999999227,2015-08-29
12660.0,0.7099999999999227,2015-08-30
12660.999999999998,0.7099999999999227,2015-08-31
12662.0,0.7099999999999227,2015-09-01
12663.0,0.7099999999999227,2015-09-02
12663.999999999998,0.7099999999999227,2015-09-03
12665.0,0.7099999999999227,2015-09-04
12665.999999999998,0.7099999999999227,2015-09-05
12666.999999999998,0.7099999999999227,2015-09-06
12668.0,0.7099999999999227,2015-09-07
12668.999999999998,0.7099999999999227,2015-09-08
12669.999999999998,0.6999999999999318,2015-09-09
12671.0,0.6999999999999318,2015-09-10
12671.999999999998,0.6999999999999318,2015-09-11
12673.0,0.6999999999999318,2015-09-12
12673.999999999998,0.6999999999999318,2015-09-13
12674.999999999998,0.6999999999999318,2015-09-14
12676.0,0.6999999999999318,2015-09-15
12676.999999999998,0.6999999999999318,2015-09-16
12677.999999999998,0.6999999999999318,2015-09-17
12679.0,0.6999999999999318,2015-09-18
12679.999999999998,0.6999999999999318,2015-09-19
12681.0,0.6999999999999318,2015-09-20
12681.999999999998,0.0,2015-09-21
12682.999999999998,0.0,2015-09-22
12684.0,0.0,2015-09-23
12684.999999999998,0.0,2015-09-24
12685.999999999998,0.0,2015-09-25
12687.0,0.0,2015-09-26
12687.999999999998,0.0,2015-09-27
12689.0,0.0,2015-09-28
12690.0,0.0,2015-09-29
12690.999999999998,0.0,2015-09-30
12692.0,0.0,2015-10-01
12692.999999999998,0.0,2015-10-02
12693.999999999998,0.0,2015-10-03
12695.0,0.0,2015-10-04
12695.999999999998,0.0,2015-10-05
12696.999999999998,0.0,2015-10-06
12698.0,0.0,2015-10-07
12698.999999999998,0.0,2015-10-08
12700.0,0.0,2015-10-09
12700.999999999998,0.0,2015-10-10
12701.999999999998,0.0,2015-10-11
12703.0,0.0,2015-10-12
12703.999999999998,0.0,2015-10-13
12704.999999999998,0.0,2015-10-14
12706.0,0.0,2015-10-15
12706.999999999998,0.0,2015-10-16
12708.0,0.0,2015-10-17
12708.999999999998,0.0,2015-10-18
12709.999999999998,0.0,2015-10-19
12711.0,0.0,2015-10-20
12711.999999999998,0.0,2015-10-21
12712.999999999998,0.0,2015-10-22
12714.0,0.0,2015-10-23
12714.999999999998,0.0,2015-10-24
12716.0,0.0,2015-10-25
12717.0,0.0,2015-10-26
12717.999999999998,0.0,2015-10-27
12719.0,0.0,2015-10-28
12719.999999999998,0.0,2015-10-29
12720.999999999998,0.0,2015-10-30
12722.0,0.0,2015-10-31
12722.999999999998,0.0,2015-11-01
12723.999999999998,0.0,2015-11-02
12725.0,0.0,2015-11-03
12725.999999999998,0.0,2015-11-04
12727.0,0.0,2015-11-05
12727.999999999998,0.0,2015-11-06
12728.999999999998,0.0,2015-11-07
12730.0,0.0,2015-11-08
12730.999999999998,0.0,2015-11-09
12731.999999999998,0.0,2015-11-10
12733.0,0.0,2015-11-11
12733.999999999998,0.0,2015-11-12
12735.0,0.0,2015-11-13
12735.999999999998,0.0,2015-11-14
12736.999999999998,0.0,2015-11-15
12738.0,0.0,2015-11-16
12738.999999999998,0.0,2015-11-17
12739.999999999998,0.0,2015-11-18
12741.0,0.0,2015-11-19
12741.999999999998,0.0,2015-11-20
12743.0,0.0,2015-11-21
12744.0,0.0,2015-11-22
12744.999999999998,0.0,2015-11-23
12746.0,0.0,2015-11-24
12746.999999999998,0.0,2015-11-25
12747.999999999998,0.0,2015-11-26
12749.0,0.0,2015-11-27
12749.999999999998,0.0,2015-11-28
12750.999999999998,0.0,2015-11-29
12752.0,0.0,2015-11-30
12752.999999999998,0.0,2015-12-01
12754.0,0.0,2015-12-02
12754.999999999998,0.0,2015-12-03
12755.999999999998,0.0,2015-12-04
12757.0,0.0,2015-12-05
12757.999999999998,0.0,2015-12-06
12758.999999999998,0.0,2015-12-07
12760.0,0.0,2015-12-08
12760.999999999998,0.0,2015-12-09
12762.0,0.0,2015-12-10
12762.999999999998,0.0,2015-12-11
12763.999999999998,0.0,2015-12-12
12765.0,0.0,2015-12-13
12765.999999999998,0.0,2015-12-14
12766.999999999998,0.0,2015-12-15
12768.0,0.0,2015-12-16
12768.999999999998,0.0,2015-12-17
12770.0,0.0,2015-12-18
12771.0,0.0,2015-12-19
12771.999999999998,0.0,2015-12-20
12773.0,0.0,2015-12-21
12773.999999999998,0.0,2015-12-22
12774.999999999998,0.0,2015-12-23
12776.0,0.0,2015-12-24
12776.999999999998,0.0,2015-12-25
12777.999999999998,0.0,2015-12-26
12779.0,0.0,2015-12-27
12779.999999999998,0.0,2015-12-28
12781.0,0.0,2015-12-29
12781.999999999998,0.0,2015-12-30
12782.999999999998,0.0,2015-12-31
12784.0,0.0,2016-01-01
12784.999999999998,0.0,2016-01-02
12785.999999999998,0.0,2016-01-03
12787.0,0.0,2016-01-04
12787.999999999998,0.0,2016-01-05
12789.0,0.0,2016-01-06
12789.999999999998,0.0,2016-01-07
12790.999999999998,0.0,2016-01-08
12792.0,0.0,2016-01-09
12792.999999999998,0.0,2016-01-10
12793.999999999998,0.0,2016-01-11
12795.0,0.0,2016-01-12
12795.999999999998,0.0,2016-01-13
12797.0,0.0,2016-01-14
12798.0,0.0,2016-01-15
12798.999999999998,0.0,2016-01-16
12800.0,0.0,2016-01-17
12800.999999999998,0.0,2016-01-18
12801.999999999998,0.0,2016-01-19
12803.0,0.0,2016-01-20
12803.999999999998,0.0,2016-01-21
12804.999999999998,0.0,2016-01-22
12806.0,0.0,2016-01-23
12806.999999999998,0.0,2016-01-24
12808.0,0.0,2016-01-25
12808.999999999998,0.0,2016-01-26
12809.999999999998,0.0,2016-01-27
12811.0,0.0,2016-01-28
12811.999999999998,0.0,2016-01-29
12812.999999999998,0.0,2016-01-30
12814.0,0.0,2016-01-31
12814.999999999998,0.0,2016-02-01
12816.0,0.0,2016-02-02
12816.999999999998,0.0,2016-02-03
12817.999999999998,0.0,2016-02-04
12819.0,0.0,2016-02-05
12819.999999999998,0.0,2016-02-06
12820.999999999998,0.0,2016-02-07
12822.0,0.0,2016-02-08
12822.999999999998,0.0,2016-02-09
12824.0,0.0,2016-02-10
12825.0,0.0,2016-02-11
12825.999999999998,0.0,2016-02-12
12827.0,0.0,2016-02-13
12827.999999999998,0.0,2016-02-14
12828.999999999998,0.0,2016-02-15
12830.0,0.0,2016-02-16
12830.999999999998,0.0,2016-02-17
12831.999999999998,0.0,2016-02-18
12833.0,0.0,2016-02-19
12833.999999999998,0.0,2016-02-20
12835.0,0.0,2016-02-21
12835.999999999998,0.0,2016-02-22
12836.999999999998,0.0,2016-02-23
12838.0,0.0,2016-02-24
12838.999999999998,0.0,2016-02-25
12839.999999999998,0.0,2016-02-26
12841.0,0.0,2016-02-27
12841.999999999998,0.0,2016-02-28
12843.0,0.0,2016-02-29
12843.999999999998,0.0,2016-03-01
12844.999999999998,0.0,2016-03-02
12846.0,0.0,2016-03-03
12846.999999999998,0.0,2016-03-04
12847.999999999998,0.0,2016-03-05
12849.0,0.0,2016-03-06
12849.999999999998,0.0,2016-03-07
12851.0,0.0,2016-03-08
12852.0,0.0,2016-03-09
12852.999999999998,0.0,2016-03-10
12854.0,0.0,2016-03-11
12854.999999999998,0.0,2016-03-12
12855.999999999998,0.0,2016-03-13
12857.0,0.0,2016-03-14
12857.999999999998,0.0,2016-03-15
12858.999999999998,0.0,2016-03-16
12860.0,0.0,2016-03-17
12860.999999999998,0.0,2016-03-18
12862.0,0.0,2016-03-19
12862.999999999998,0.0,2016-03-20
12863.999999999998,0.0,2016-03-21
12865.0,0.0,2016-03-22
12865.999999999998,0.0,2016-03-23
12866.999999999998,0.0,2016-03-24
12868.0,0.0,2016-03-25
12868.999999999998,0.0,2016-03-26
12870.0,0.0,2016-03-27
12870.999999999998,0.0,2016-03-28
12871.999999999998,0.0,2016-03-29
12873.0,0.0,2016-03-30
12873.999999999998,0.0,2016-03-31
12874.999999999998,0.0,2016-04-01
12876.0,0.0,2016-04-02
12876.999999999998,0.0,2016-04-03
12878.0,0.0,2016-04-04
12879.0,0.0,2016-04-05
12879.999999999998,0.0,2016-04-06
12881.0,0.0,2016-04-07
12881.999999999998,0.0,2016-04-08
12882.999999999998,0.0,2016-04-09
12884.0,0.0,2016-04-10
12884.999999999998,0.0,2016-04-11
12885.999999999998,0.0,2016-04-12
12887.0,0.0,2016-04-13
12887.999999999998,0.0,2016-04-14
12889.0,0.0,2016-04-15
12889.999999999998,0.0,2016-04-16
12890.999999999998,0.0,2016-04-17
12892.0,0.0,2016-04-18
12892.999999999998,0.0,2016-04-19
12893.999999999998,0.0,2016-04-20
12895.0,0.0,2016-04-21
12895.999999999998,0.0,2016-04-22
12897.0,0.0,2016-04-23
12897.999999999998,0.0,2016-04-24
12898.999999999998,0.0,2016-04-25
12900.0,0.0,2016-04-26
12900.999999999998,0.0,2016-04-27
12901.999999999998,0.0,2016-04-28
12903.0,0.0,2016-04-29
12903.999999999998,0.0,2016-04-30
12904.999999999998,0.0,2016-05-01
12906.0,0.0,2016-05-02
12906.999999999998,0.0,2016-05-03
12908.0,0.0,2016-05-04
12908.999999999998,0.0,2016-05-05
12909.999999999998,0.0,2016-05-06
12911.0,0.0,2016-05-07
12911.999999999998,0.0,2016-05-08
12912.999999999998,0.0,2016-05-09
12914.0,0.0,2016-05-10
12914.999999999998,0.0,2016-05-11
12916.0,0.0,2016-05-12
12916.999999999998,0.0,2016-05-13
12917.999999999998,0.0,2016-05-14
12919.0,0.0,2016-05-15
12919.999999999998,0.0,2016-05-16
12920.999999999998,0.0,2016-05-17
12922.0,0.0,2016-05-18
12922.999999999998,0.0,2016-05-19
12924.0,0.0,2016-05-20
12924.999999999998,0.0,2016-05-21
12925.999999999998,0.0,2016-05-22
12927.0,0.0,2016-05-23
12927.999999999998,0.0,2016-05-24
12928.999999999998,0.0,2016-05-25
12930.0,0.0,2016-05-26
12930.999999999998,0.0,2016-05-27
12931.999999999998,0.01999999999998181,2016-05-28
12933.0,0.049999999999954525,2016-05-29
12933.999999999998,0.06999999999993634,2016-05-30
12935.0,0.07999999999992724,2016-05-31
12935.999999999998,0.07999999999992724,2016-06-01
12936.999999999998,0.07999999999992724,2016-06-02
12938.0,0.07999999999992724,2016-06-03
12938.999999999998,0.07999999999992724,2016-06-04
12939.999999999998,0.07999999999992724,2016-06-05
12941.0,0.06999999999993634,2016-06-06
12941.999999999998,0.06999999999993634,2016-06-07
12943.0,0.06999999999993634,2016-06-08
12943.999999999998,0.06999999999993634,2016-06-09
12944.999999999998,0.06999999999993634,2016-06-10
12946.0,0.06999999999993634,2016-06-11
12946.999999999998,0.08999999999991815,2016-06-12
12947.999999999998,0.10999999999989996,2016-06-13
12949.0,0.12000000000000455,2016-06-14
12949.999999999998,0.12999999999999545,2016-06-15
12951.0,0.13999999999998636,2016-06-16
12951.999999999998,0.14999999999997726,2016-06-17
12952.999999999998,0.16999999999995907,2016-06-18
12954.0,0.17999999999994998,2016-06-19
12954.999999999998,0.18999999999994088,2016-06-20
12955.999999999998,0.1999999999999318,2016-06-21
12957.0,0.1999999999999318,2016-06-22
12957.999999999998,0.2099999999999227,2016-06-23
12958.999999999998,0.2199999999999136,2016-06-24
12960.0,0.2299999999999045,2016-06-25
12960.999999999998,0.2400000000000091,2016-06-26
12962.0,0.25,2016-06-27
12962.999999999998,0.2599999999999909,2016-06-28
12963.999999999998,0.2699999999999818,2016-06-29
12965.0,0.2799999999999727,2016-06-30
12965.999999999998,0.2899999999999636,2016-07-01
12966.999999999998,0.2999999999999545,2016-07-02
12968.0,0.30999999999994543,2016-07-03
12968.999999999998,0.31999999999993634,2016-07-04
12970.0,0.31999999999993634,2016-07-05
12970.999999999998,0.33999999999991815,2016-07-06
12971.999999999998,0.34999999999990905,2016-07-07
12973.0,0.36999999999989086,2016-07-08
12973.999999999998,0.37999999999988177,2016-07-09
12974.999999999998,0.38999999999998636,2016-07-10
12976.0,0.39999999999997726,2016-07-11
12976.999999999998,0.40999999999996817,2016-07-12
12978.0,0.42999999999995,2016-07-13
12978.999999999998,0.4399999999999409,2016-07-14
12979.999999999998,0.4599999999999227,2016-07-15
12981.0,0.4699999999999136,2016-07-16
12981.999999999998,0.4799999999999045,2016-07-17
12982.999999999998,0.4899999999998954,2016-07-18
12984.0,0.4999999999998863,2016-07-19
12984.999999999998,0.4999999999998863,2016-07-20
12985.999999999998,0.5099999999999909,2016-07-21
12987.0,0.5099999999999909,2016-07-22
12987.999999999998,0.5099999999999909,2016-07-23
12989.0,0.5199999999999818,2016-07-24
12989.999999999998,0.5199999999999818,2016-07-25
12990.999999999998,0.5299999999999727,2016-07-26
12992.0,0.5399999999999636,2016-07-27
12992.999999999998,0.5399999999999636,2016-07-28
12993.999999999998,0.5499999999999545,2016-07-29
12995.0,0.5599999999999454,2016-07-30
12995.999999999998,0.5699999999999363,2016-07-31
12997.0,0.5699999999999363,2016-08-01
12997.999999999998,0.5699999999999363,2016-08-02
12998.999999999998,0.5799999999999272,2016-08-03
13000.0,0.5799999999999272,2016-08-04
13000.999999999998,0.5799999999999272,2016-08-05
13001.999999999998,0.5899999999999181,2016-08-06
13003.0,0.5899999999999181,2016-08-07
13003.999999999998,0.5899999999999181,2016-08-08
13005.0,0.599999999999909,2016-08-09
13005.999999999998,0.6099999999999,2016-08-10
13006.999999999998,0.6099999999999,2016-08-11
13008.0,0.6199999999998909,2016-08-12
13008.999999999998,0.6199999999998909,2016-08-13
13009.999999999998,0.6299999999998818,2016-08-14
13011.0,0.6299999999998818,2016-08-15
13011.999999999998,0.6399999999999864,2016-08-16
13012.999999999998,0.6399999999999864,2016-08-17
13014.0,0.6499999999999773,2016-08-18
13014.999999999998,0.6499999999999773,2016-08-19
13016.0,0.6599999999999682,2016-08-20
13016.999999999998,0.6599999999999682,2016-08-21
13017.999999999998,0.6699999999999591,2016-08-22
13019.0,0.6699999999999591,2016-08-23
13019.999999999998,0.67999999999995,2016-08-24
13020.999999999998,0.67999999999995,2016-08-25
13022.0,0.6899999999999409,2016-08-26
13022.999999999998,0.6899999999999409,2016-08-27
13024.0,0.6999999999999318,2016-08-28
13024.999999999998,0.6999999999999318,2016-08-29
13025.999999999998,0.7099999999999227,2016-08-30
13027.0,0.7099999999999227,2016-08-31
13027.999999999998,0.7099999999999227,2016-09-01
13028.999999999998,0.7199999999999136,2016-09-02
13030.0,0.7199999999999136,2016-09-03
13030.999999999998,0.7199999999999136,2016-09-04
13032.0,0.7299999999999045,2016-09-05
13032.999999999998,0.7299999999999045,2016-09-06
13033.999999999998,0.7299999999999045,2016-09-07
13035.0,0.7299999999999045,2016-09-08
13035.999999999998,0.7299999999999045,2016-09-09
13036.999999999998,0.7299999999999045,2016-09-10
13038.0,0.7299999999999045,2016-09-11
13038.999999999998,0.7299999999999045,2016-09-12
13039.999999999998,0.7299999999999045,2016-09-13
13041.0,0.7299999999999045,2016-09-14
13041.999999999998,0.7299999999999045,2016-09-15
13043.0,0.7299999999999045,2016-09-16
13043.999999999998,0.7299999999999045,2016-09-17
13044.999999999998,0.7299999999999045,2016-09-18
13046.0,0.7299999999999045,2016-09-19
13046.999999999998,0.7299999999999045,2016-09-20
13047.999999999998,0.7299999999999045,2016-09-21
13049.0,0.7299999999999045,2016-09-22
13049.999999999998,0.7199999999999136,2016-09-23
13051.0,0.7199999999999136,2016-09-24
13051.999999999998,0.7199999999999136,2016-09-25
13052.999999999998,0.7199999999999136,2016-09-26
13054.0,0.7199999999999136,2016-09-27
13054.999999999998,0.7199999999999136,2016-09-28
13055.999999999998,0.7199999999999136,2016-09-29
13057.0,0.7199999999999136,2016-09-30
13057.999999999998,0.7199999999999136,2016-10-01
13059.0,0.7199999999999136,2016-10-02
13059.999999999998,0.7199999999999136,2016-10-03
13060.999999999998,0.7199999999999136,2016-10-04
13062.0,0.7099999999999227,2016-10-05
13062.999999999998,0.0,2016-10-06
13063.999999999998,0.0,2016-10-07
13065.0,0.0,2016-10-08
13065.999999999998,0.0,2016-10-09
13066.999999999998,0.0,2016-10-10
13068.0,0.0,2016-10-11
13068.999999999998,0.0,2016-10-12
13070.0,0.0,2016-10-13
13070.999999999998,0.0,2016-10-14
13071.999999999998,0.0,2016-10-15
13073.0,0.0,2016-10-16
13073.999999999998,0.0,2016-10-17
13074.999999999998,0.0,2016-10-18
13076.0,0.0,2016-10-19
13076.999999999998,0.0,2016-10-20
13078.0,0.0,2016-10-21
13078.999999999998,0.0,2016-10-22
13079.999999999998,0.0,2016-10-23
13081.0,0.0,2016-10-24
13081.999999999998,0.0,2016-10-25
13082.999999999998,0.0,2016-10-26
13084.0,0.0,2016-10-27
13084.999999999998,0.0,2016-10-28
13086.0,0.0,2016-10-29
13086.999999999998,0.0,2016-10-30
13087.999999999998,0.0,2016-10-31
13089.0,0.0,2016-11-01
13089.999999999998,0.0,2016-11-02
13090.999999999998,0.0,2016-11-03
13092.0,0.0,2016-11-04
13092.999999999998,0.0,2016-11-05
13093.999999999998,0.0,2016-11-06
13095.0,0.0,2016-11-07
13095.999999999998,0.0,2016-11-08
13097.0,0.0,2016-11-09
13097.999999999998,0.0,2016-11-10
13098.999999999998,0.0,2016-11-11
13100.0,0.0,2016-11-12
13100.999999999998,0.0,2016-11-13
13101.999999999998,0.0,2016-11-14
13103.0,0.0,2016-11-15
13103.999999999998,0.0,2016-11-16
13105.0,0.0,2016-11-17
13105.999999999998,0.0,2016-11-18
13106.999999999998,0.0,2016-11-19
13108.0,0.0,2016-11-20
13108.999999999998,0.0,2016-11-21
13109.999999999998,0.0,2016-11-22
13111.0,0.0,2016-11-23
13111.999999999998,0.0,2016-11-24
13113.0,0.0,2016-11-25
13113.999999999998,0.0,2016-11-26
13114.999999999998,0.0,2016-11-27
13116.0,0.0,2016-11-28
13116.999999999998,0.0,2016-11-29
13117.999999999998,0.0,2016-11-30
13119.0,0.0,2016-12-01
13119.999999999998,0.0,2016-12-02
13120.999999999998,0.0,2016-12-03
13122.0,0.0,2016-12-04
13122.999999999998,0.0,2016-12-05
13124.0,0.0,2016-12-06
13124.999999999998,0.0,2016-12-07
13125.999999999998,0.0,2016-12-08
13127.0,0.0,2016-12-09
13127.999999999998,0.0,2016-12-10
13128.999999999998,0.0,2016-12-11
13130.0,0.0,2016-12-12
13130.999999999998,0.0,2016-12-13
13132.0,0.0,2016-12-14
13132.999999999998,0.0,2016-12-15
13133.999999999998,0.0,2016-12-16
13135.0,0.0,2016-12-17
13135.999999999998,0.0,2016-12-18
13136.999999999998,0.0,2016-12-19
13138.0,0.0,2016-12-20
13138.999999999998,0.0,2016-12-21
13140.0,0.0,2016-12-22
13140.999999999998,0.0,2016-12-23
13141.999999999998,0.0,2016-12-24
13143.0,0.0,2016-12-25
13143.999999999998,0.0,2016-12-26
13144.999999999998,0.0,2016-12-27
13146.0,0.0,2016-12-28
13146.999999999998,0.0,2016-12-29
13147.999999999998,0.0,2016-12-30
13149.0,0.0,2016-12-31
13149.999999999998,0.0,2017-01-01
13151.0,0.0,2017-01-02
13151.999999999998,0.0,2017-01-03
13152.999999999998,0.0,2017-01-04
13154.0,0.0,2017-01-05
13154.999999999998,0.0,2017-01-06
13155.999999999998,0.0,2017-01-07
13157.0,0.0,2017-01-08
13157.999999999998,0.0,2017-01-09
13159.0,0.0,2017-01-10
13159.999999999998,0.0,2017-01-11
13160.999999999998,0.0,2017-01-12
13162.0,0.0,2017-01-13
13162.999999999998,0.0,2017-01-14
13163.999999999998,0.0,2017-01-15
13165.0,0.0,2017-01-16
13165.999999999998,0.0,2017-01-17
13167.0,0.0,2017-01-18
13167.999999999998,0.0,2017-01-19
13168.999999999998,0.0,2017-01-20
13170.0,0.0,2017-01-21
13170.999999999998,0.0,2017-01-22
13171.999999999998,0.0,2017-01-23
13173.0,0.0,2017-01-24
13173.999999999998,0.0,2017-01-25
13174.999999999998,0.0,2017-01-26
13176.0,0.0,2017-01-27
13176.999999999998,0.0,2017-01-28
13178.0,0.0,2017-01-29
13178.999999999998,0.0,2017-01-30
13179.999999999998,0.0,2017-01-31
13181.0,0.0,2017-02-01
13181.999999999998,0.0,2017-02-02
13182.999999999998,0.0,2017-02-03
13184.0,0.0,2017-02-04
13184.999999999998,0.0,2017-02-05
13186.0,0.0,2017-02-06
13186.999999999998,0.0,2017-02-07
13187.999999999998,0.0,2017-02-08
13189.0,0.0,2017-02-09
13189.999999999998,0.0,2017-02-10
13190.999999999998,0.0,2017-02-11
13192.0,0.0,2017-02-12
13192.999999999998,0.0,2017-02-13
13194.0,0.0,2017-02-14
13194.999999999998,0.0,2017-02-15
13195.999999999998,0.0,2017-02-16
13197.0,0.0,2017-02-17
13197.999999999998,0.0,2017-02-18
13198.999999999998,0.0,2017-02-19
13200.0,0.0,2017-02-20
13200.999999999998,0.0,2017-02-21
13201.999999999998,0.0,2017-02-22
13203.0,0.0,2017-02-23
13203.999999999998,0.0,2017-02-24
13205.0,0.0,2017-02-25
13205.999999999998,0.0,2017-02-26
13206.999999999998,0.0,2017-02-27
13208.0,0.0,2017-02-28
13208.999999999998,0.0,2017-03-01
13209.999999999998,0.0,2017-03-02
13211.0,0.0,2017-03-03
13211.999999999998,0.0,2017-03-04
13213.0,0.0,2017-03-05
13213.999999999998,0.0,2017-03-06
13214.999999999998,0.0,2017-03-07
13216.0,0.0,2017-03-08
13216.999999999998,0.0,2017-03-09
13217.999999999998,0.0,2017-03-10
13219.0,0.0,2017-03-11
13219.999999999998,0.0,2017-03-12
13221.0,0.0,2017-03-13
13221.999999999998,0.0,2017-03-14
13222.999999999998,0.0,2017-03-15
13224.0,0.0,2017-03-16
13224.999999999998,0.0,2017-03-17
13225.999999999998,0.0,2017-03-18
13227.0,0.0,2017-03-19
13227.999999999998,0.0,2017-03-20
13228.999999999998,0.0,2017-03-21
13230.0,0.0,2017-03-22
13230.999999999998,0.0,2017-03-23
13232.0,0.0,2017-03-24
13232.999999999998,0.0,2017-03-25
13233.999999999998,0.0,2017-03-26
13235.0,0.0,2017-03-27
13235.999999999998,0.0,2017-03-28
13236.999999999998,0.0,2017-03-29
13238.0,0.0,2017-03-30
13238.999999999998,0.0,2017-03-31
13240.0,0.0,2017-04-01
13240.999999999998,0.0,2017-04-02
13241.999999999998,0.0,2017-04-03
13243.0,0.0,2017-04-04
13243.999999999998,0.0,2017-04-05
13244.999999999998,0.0,2017-04-06
13246.0,0.0,2017-04-07
13246.999999999998,0.0,2017-04-08
13248.0,0.0,2017-04-09
13248.999999999998,0.0,2017-04-10
13249.999999999998,0.0,2017-04-11
13251.0,0.0,2017-04-12
13251.999999999998,0.0,2017-04-13
13252.999999999998,0.0,2017-04-14
13254.0,0.0,2017-04-15
13254.999999999998,0.0,2017-04-16
13255.999999999998,0.0,2017-04-17
13257.0,0.0,2017-04-18
13257.999999999998,0.0,2017-04-19
13259.0,0.0,2017-04-20
13259.999999999998,0.0,2017-04-21
13260.999999999998,0.0,2017-04-22
13262.0,0.0,2017-04-23
13262.999999999998,0.0,2017-04-24
13263.999999999998,0.0,2017-04-25
13265.0,0.0,2017-04-26
13265.999999999998,0.0,2017-04-27
13267.0,0.0,2017-04-28
13267.999999999998,0.0,2017-04-29
13268.999999999998,0.0,2017-04-30
13270.0,0.0,2017-05-01
13270.999999999998,0.0,2017-05-02
13271.999999999998,0.0,2017-05-03
13273.0,0.0,2017-05-04
13273.999999999998,0.0,2017-05-05
13275.0,0.0,2017-05-06
13275.999999999998,0.0,2017-05-07
13276.999999999998,0.0,2017-05-08
13278.0,0.0,2017-05-09
13278.999999999998,0.0,2017-05-10
13279.999999999998,0.0,2017-05-11
13281.0,0.0,2017-05-12
13281.999999999998,0.0,2017-05-13
13282.999999999998,0.0,2017-05-14
13284.0,0.0,2017-05-15
13284.999999999998,0.0,2017-05-16
13286.0,0.0,2017-05-17
13286.999999999998,0.0,2017-05-18
13287.999999999998,0.0,2017-05-19
13289.0,0.0,2017-05-20
13289.999999999998,0.0,2017-05-21
13290.999999999998,0.0,2017-05-22
13292.0,0.0,2017-05-23
13292.999999999998,0.0,2017-05-24
13294.0,0.0,2017-05-25
13294.999999999998,0.0,2017-05-26
13295.999999999998,0.0,2017-05-27
13297.0,0.0,2017-05-28
13297.999999999998,0.0,2017-05-29
13298.999999999998,0.0,2017-05-30
13300.0,0.029999999999972715,2017-05-31
13300.999999999998,0.049999999999954525,2017-06-01
13302.0,0.07999999999992724,2017-06-02
13302.999999999998,0.09999999999990905,2017-06-03
13303.999999999998,0.10999999999989996,2017-06-04
13305.0,0.12000000000000455,2017-06-05
13305.999999999998,0.12999999999999545,2017-06-06
13306.999999999998,0.13999999999998636,2017-06-07
13308.0,0.14999999999997726,2017-06-08
13308.999999999998,0.15999999999996817,2017-06-09
13309.999999999998,0.16999999999995907,2017-06-10
13311.0,0.17999999999994998,2017-06-11
13311.999999999998,0.18999999999994088,2017-06-12
13313.0,0.18999999999994088,2017-06-13
13313.999999999998,0.1999999999999318,2017-06-14
13314.999999999998,0.2099999999999227,2017-06-15
13316.0,0.2199999999999136,2017-06-16
13316.999999999998,0.2199999999999136,2017-06-17
13317.999999999998,0.2299999999999045,2017-06-18
13319.0,0.2400000000000091,2017-06-19
13319.999999999998,0.25,2017-06-20
13321.0,0.2599999999999909,2017-06-21
13321.999999999998,0.2699999999999818,2017-06-22
13322.999999999998,0.2699999999999818,2017-06-23
13324.0,0.2799999999999727,2017-06-24
13324.999999999998,0.2799999999999727,2017-06-25
13325.999999999998,0.2899999999999636,2017-06-26
13327.0,0.2999999999999545,2017-06-27
13327.999999999998,0.30999999999994543,2017-06-28
13329.0,0.31999999999993634,2017-06-29
13329.999999999998,0.33999999999991815,2017-06-30
13330.999999999998,0.34999999999990905,2017-07-01
13332.0,0.35999999999989996,2017-07-02
13332.999999999998,0.37999999999988177,2017-07-03
13333.999999999998,0.38999999999998636,2017-07-04
13335.0,0.39999999999997726,2017-07-05
13335.999999999998,0.40999999999996817,2017-07-06
13336.999999999998,0.42999999999995,2017-07-07
13338.0,0.4399999999999409,2017-07-08
13338.999999999998,0.4499999999999318,2017-07-09
13340.0,0.4699999999999136,2017-07-10
13340.999999999998,0.4799999999999045,2017-07-11
13341.999999999998,0.4899999999998954,2017-07-12
13343.0,0.4999999999998863,2017-07-13
13343.999999999998,0.5099999999999909,2017-07-14
13344.999999999998,0.5299999999999727,2017-07-15
13346.0,0.5399999999999636,2017-07-16
13346.999999999998,0.5499999999999545,2017-07-17
13348.0,0.5599999999999454,2017-07-18
13348.999999999998,0.5799999999999272,2017-07-19
13349.999999999998,0.5899999999999181,2017-07-20
13351.0,0.599999999999909,2017-07-21
13351.999999999998,0.599999999999909,2017-07-22
13352.999999999998,0.6099999999999,2017-07-23
13354.0,0.6199999999998909,2017-07-24
13354.999999999998,0.6199999999998909,2017-07-25
13356.0,0.6299999999998818,2017-07-26
13356.999999999998,0.6299999999998818,2017-07-27
13357.999999999998,0.6399999999999864,2017-07-28
13359.0,0.6499999999999773,2017-07-29
13359.999999999998,0.6499999999999773,2017-07-30
13360.999999999998,0.6599999999999682,2017-07-31
13362.0,0.6699999999999591,2017-08-01
13362.999999999998,0.67999999999995,2017-08-02
13363.999999999998,0.67999999999995,2017-08-03
13365.0,0.6899999999999409,2017-08-04
13365.999999999998,0.6999999999999318,2017-08-05
13367.0,0.6999999999999318,2017-08-06
13367.999999999998,0.7099999999999227,2017-08-07
13368.999999999998,0.7199999999999136,2017-08-08
13370.0,0.7199999999999136,2017-08-09
13370.999999999998,0.7299999999999045,2017-08-10
13371.999999999998,0.7399999999998954,2017-08-11
13373.0,0.7399999999998954,2017-08-12
13373.999999999998,0.7499999999998863,2017-08-13
13375.0,0.7499999999998863,2017-08-14
13375.999999999998,0.7599999999999909,2017-08-15
13376.999999999998,0.7599999999999909,2017-08-16
13378.0,0.7599999999999909,2017-08-17
13378.999999999998,0.7699999999999818,2017-08-18
13379.999999999998,0.7699999999999818,2017-08-19
13381.0,0.7699999999999818,2017-08-20
13381.999999999998,0.7699999999999818,2017-08-21
13382.999999999998,0.7699999999999818,2017-08-22
13383.999999999998,0.7699999999999818,2017-08-23
13384.999999999998,0.7699999999999818,2017-08-24
13386.0,0.7699999999999818,2017-08-25
13386.999999999998,0.7699999999999818,2017-08-26
13387.999999999998,0.7699999999999818,2017-08-27
13389.0,0.7699999999999818,2017-08-28
13389.999999999998,0.7699999999999818,2017-08-29
13390.999999999998,0.7699999999999818,2017-08-30
13392.0,0.7699999999999818,2017-08-31
13392.999999999998,0.7699999999999818,2017-09-01
13394.0,0.7699999999999818,2017-09-02
13394.999999999998,0.7699999999999818,2017-09-03
13395.999999999998,0.7599999999999909,2017-09-04
13397.0,0.7599999999999909,2017-09-05
13397.999999999998,0.7599999999999909,2017-09-06
13398.999999999998,0.7599999999999909,2017-09-07
13400.0,0.7599999999999909,2017-09-08
13400.999999999998,0.7599999999999909,2017-09-09
13402.0,0.7599999999999909,2017-09-10
13402.999999999998,0.7599999999999909,2017-09-11
13403.999999999998,0.7599999999999909,2017-09-12
13405.0,0.7599999999999909,2017-09-13
13405.999999999998,0.7499999999998863,2017-09-14
13406.999999999998,0.7499999999998863,2017-09-15
13408.0,0.7499999999998863,2017-09-16
13408.999999999998,0.7499999999998863,2017-09-17
13409.999999999998,0.7499999999998863,2017-09-18
13410.999999999998,0.7499999999998863,2017-09-19
13411.999999999998,0.7499999999998863,2017-09-20
13413.0,0.7499999999998863,2017-09-21
13413.999999999998,0.7499999999998863,2017-09-22
13414.999999999998,0.7399999999998954,2017-09-23
13416.0,0.7399999999998954,2017-09-24
13416.999999999998,0.7399999999998954,2017-09-25
13417.999999999998,0.7399999999998954,2017-09-26
13419.0,0.0,2017-09-27
13419.999999999998,0.0,2017-09-28
13421.0,0.0,2017-09-29
13421.999999999998,0.0,2017-09-30
13422.999999999998,0.7399999999998954,2017-10-01
13424.0,0.7399999999998954,2017-10-02
13424.999999999998,0.7399999999998954,2017-10-03
13425.999999999998,0.7399999999998954,2017-10-04
13427.0,0.7399999999998954,2017-10-05
13427.999999999998,0.0,2017-10-06
13429.0,0.0,2017-10-07
13429.999999999998,0.0,2017-10-08
13430.999999999998,0.0,2017-10-09
13432.0,0.0,2017-10-10
13432.999999999998,0.0,2017-10-11
13433.999999999998,0.0,2017-10-12
13435.0,0.0,2017-10-13
13435.999999999998,0.0,2017-10-14
13436.999999999998,0.0,2017-10-15
13437.999999999998,0.0,2017-10-16
13438.999999999998,0.0,2017-10-17
13440.0,0.0,2017-10-18
13440.999999999998,0.0,2017-10-19
13441.999999999998,0.0,2017-10-20
13443.0,0.0,2017-10-21
13443.999999999998,0.0,2017-10-22
13444.999999999998,0.0,2017-10-23
13446.0,0.0,2017-10-24
13446.999999999998,0.0,2017-10-25
13448.0,0.0,2017-10-26
13448.999999999998,0.0,2017-10-27
13449.999999999998,0.0,2017-10-28
13451.0,0.0,2017-10-29
13451.999999999998,0.0,2017-10-30
13452.999999999998,0.0,2017-10-31
13454.0,0.0,2017-11-01
13454.999999999998,0.0,2017-11-02
13456.0,0.0,2017-11-03
13456.999999999998,0.0,2017-11-04
13457.999999999998,0.0,2017-11-05
13459.0,0.0,2017-11-06
13459.999999999998,0.0,2017-11-07
13460.999999999998,0.0,2017-11-08
13462.0,0.0,2017-11-09
13462.999999999998,0.0,2017-11-10
13463.999999999998,0.0,2017-11-11
13464.999999999998,0.0,2017-11-12
13465.999999999998,0.0,2017-11-13
13467.0,0.0,2017-11-14
13467.999999999998,0.0,2017-11-15
13468.999999999998,0.0,2017-11-16
13470.0,0.0,2017-11-17
13470.999999999998,0.0,2017-11-18
13471.999999999998,0.0,2017-11-19
13473.0,0.0,2017-11-20
13473.999999999998,0.0,2017-11-21
13475.0,0.0,2017-11-22
13475.999999999998,0.0,2017-11-23
13476.999999999998,0.0,2017-11-24
13478.0,0.0,2017-11-25
13478.999999999998,0.0,2017-11-26
13479.999999999998,0.0,2017-11-27
13481.0,0.0,2017-11-28
13481.999999999998,0.0,2017-11-29
13483.0,0.0,2017-11-30
13483.999999999998,0.0,2017-12-01
13484.999999999998,0.0,2017-12-02
13486.0,0.0,2017-12-03
13486.999999999998,0.0,2017-12-04
13487.999999999998,0.0,2017-12-05
13489.0,0.0,2017-12-06
13489.999999999998,0.0,2017-12-07
13490.999999999998,0.0,2017-12-08
13491.999999999998,0.0,2017-12-09
13492.999999999998,0.0,2017-12-10
13494.0,0.0,2017-12-11
13494.999999999998,0.0,2017-12-12
13495.999999999998,0.0,2017-12-13
13497.0,0.0,2017-12-14
13497.999999999998,0.0,2017-12-15
13498.999999999998,0.0,2017-12-16
13500.0,0.0,2017-12-17
13500.999999999998,0.0,2017-12-18
13502.0,0.0,2017-12-19
13502.999999999998,0.0,2017-12-20
13503.999999999998,0.0,2017-12-21
13505.0,0.0,2017-12-22
13505.999999999998,0.0,2017-12-23
13506.999999999998,0.0,2017-12-24
13508.0,0.0,2017-12-25
13508.999999999998,0.0,2017-12-26
13510.0,0.0,2017-12-27
13510.999999999998,0.0,2017-12-28
13511.999999999998,0.0,2017-12-29
13513.0,0.0,2017-12-30
13513.999999999998,0.0,2017-12-31
13514.999999999998,0.0,2018-01-01
13516.0,0.0,2018-01-02
13516.999999999998,0.0,2018-01-03
13517.999999999998,0.0,2018-01-04
13518.999999999998,0.0,2018-01-05
13519.999999999998,0.0,2018-01-06
13521.0,0.0,2018-01-07
13521.999999999998,0.0,2018-01-08
13522.999999999998,0.0,2018-01-09
13524.0,0.0,2018-01-10
13524.999999999998,0.0,2018-01-11
13525.999999999998,0.0,2018-01-12
13527.0,0.0,2018-01-13
13527.999999999998,0.0,2018-01-14
13529.0,0.0,2018-01-15
13529.999999999998,0.0,2018-01-16
13530.999999999998,0.0,2018-01-17
13532.0,0.0,2018-01-18
13532.999999999998,0.0,2018-01-19
13533.999999999998,0.0,2018-01-20
13535.0,0.0,2018-01-21
13535.999999999998,0.0,2018-01-22
13537.0,0.0,2018-01-23
13537.999999999998,0.0,2018-01-24
13538.999999999998,0.0,2018-01-25
13540.0,0.0,2018-01-26
13540.999999999998,0.0,2018-01-27
13541.999999999998,0.0,2018-01-28
13543.0,0.0,2018-01-29
13543.999999999998,0.0,2018-01-30
13544.999999999998,0.0,2018-01-31
13546.0,0.0,2018-02-01
13546.999999999998,0.0,2018-02-02
13548.0,0.0,2018-02-03
13548.999999999998,0.0,2018-02-04
13549.999999999998,0.0,2018-02-05
13551.0,0.0,2018-02-06
13551.999999999998,0.0,2018-02-07
13552.999999999998,0.0,2018-02-08
13554.0,0.0,2018-02-09
13554.999999999998,0.0,2018-02-10
13556.0,0.0,2018-02-11
13556.999999999998,0.0,2018-02-12
13557.999999999998,0.0,2018-02-13
13559.0,0.0,2018-02-14
13559.999999999998,0.0,2018-02-15
13560.999999999998,0.0,2018-02-16
13562.0,0.0,2018-02-17
13562.999999999998,0.0,2018-02-18
13564.0,0.0,2018-02-19
13564.999999999998,0.0,2018-02-20
13565.999999999998,0.0,2018-02-21
13567.0,0.0,2018-02-22
13567.999999999998,0.0,2018-02-23
13568.999999999998,0.0,2018-02-24
13570.0,0.0,2018-02-25
13570.999999999998,0.0,2018-02-26
13571.999999999998,0.0,2018-02-27
13573.0,0.0,2018-02-28
13573.999999999998,0.0,2018-03-01
13575.0,0.0,2018-03-02
13575.999999999998,0.0,2018-03-03
13576.999999999998,0.0,2018-03-04
13578.0,0.0,2018-03-05
13578.999999999998,0.0,2018-03-06
13579.999999999998,0.0,2018-03-07
13581.0,0.0,2018-03-08
13581.999999999998,0.0,2018-03-09
13583.0,0.0,2018-03-10
13583.999999999998,0.0,2018-03-11
13584.999999999998,0.0,2018-03-12
13586.0,0.0,2018-03-13
13586.999999999998,0.0,2018-03-14
13587.999999999998,0.0,2018-03-15
13589.0,0.0,2018-03-16
13589.999999999998,0.0,2018-03-17
13591.0,0.0,2018-03-18
13591.999999999998,0.0,2018-03-19
13592.999999999998,0.0,2018-03-20
13594.0,0.0,2018-03-21
13594.999999999998,0.0,2018-03-22
13595.999999999998,0.0,2018-03-23
13597.0,0.0,2018-03-24
13597.999999999998,0.0,2018-03-25
13598.999999999998,0.0,2018-03-26
13600.0,0.0,2018-03-27
13600.999999999998,0.0,2018-03-28
13602.0,0.0,2018-03-29
13602.999999999998,0.0,2018-03-30
13603.999999999998,0.0,2018-03-31
13605.0,0.0,2018-04-01
13605.999999999998,0.0,2018-04-02
13606.999999999998,0.0,2018-04-03
13608.0,0.0,2018-04-04
13608.999999999998,0.0,2018-04-05
13610.0,0.0,2018-04-06
13610.999999999998,0.0,2018-04-07
13611.999999999998,0.0,2018-04-08
13613.0,0.0,2018-04-09
13613.999999999998,0.0,2018-04-10
13614.999999999998,0.0,2018-04-11
13616.0,0.0,2018-04-12
13616.999999999998,0.0,2018-04-13
13618.0,0.0,2018-04-14
13618.999999999998,0.0,2018-04-15
13619.999999999998,0.0,2018-04-16
13621.0,0.0,2018-04-17
13621.999999999998,0.0,2018-04-18
13622.999999999998,0.0,2018-04-19
13624.0,0.0,2018-04-20
13624.999999999998,0.0,2018-04-21
13625.999999999998,0.0,2018-04-22
13627.0,0.0,2018-04-23
13627.999999999998,0.0,2018-04-24
13629.0,0.0,2018-04-25
13629.999999999998,0.0,2018-04-26
13630.999999999998,0.0,2018-04-27
13632.0,0.0,2018-04-28
13632.999999999998,0.0,2018-04-29
13633.999999999998,0.0,2018-04-30
13635.0,0.0,2018-05-01
13635.999999999998,0.0,2018-05-02
13637.0,0.0,2018-05-03
13637.999999999998,0.0,2018-05-04
13638.999999999998,0.0,2018-05-05
13640.0,0.0,2018-05-06
13640.999999999998,0.0,2018-05-07
13641.999999999998,0.0,2018-05-08
13643.0,0.0,2018-05-09
13643.999999999998,0.0,2018-05-10
13645.0,0.0,2018-05-11
13645.999999999998,0.0,2018-05-12
13646.999999999998,0.0,2018-05-13
13648.0,0.0,2018-05-14
13648.999999999998,0.0,2018-05-15
13649.999999999998,0.0,2018-05-16
13651.0,0.0,2018-05-17
13651.999999999998,0.0,2018-05-18
13652.999999999998,0.0,2018-05-19
13654.0,0.0,2018-05-20
13654.999999999998,0.0,2018-05-21
13656.0,0.0,2018-05-22
13656.999999999998,0.0,2018-05-23
13657.999999999998,0.0,2018-05-24
13659.0,0.0,2018-05-25
13659.999999999998,0.0,2018-05-26
13660.999999999998,0.0,2018-05-27
13662.0,0.0,2018-05-28
13662.999999999998,0.0,2018-05-29
13664.0,0.0,2018-05-30
13664.999999999998,0.0,2018-05-31
13665.999999999998,0.0,2018-06-01
13667.0,0.01999999999998181,2018-06-02
13667.999999999998,0.049999999999954525,2018-06-03
13668.999999999998,0.07999999999992724,2018-06-04
13670.0,0.09999999999990905,2018-06-05
13670.999999999998,0.10999999999989996,2018-06-06
13672.0,0.12000000000000455,2018-06-07
13672.999999999998,0.12000000000000455,2018-06-08
13673.999999999998,0.12999999999999545,2018-06-09
13675.0,0.12999999999999545,2018-06-10
13675.999999999998,0.12999999999999545,2018-06-11
13676.999999999998,0.12999999999999545,2018-06-12
13678.0,0.12000000000000455,2018-06-13
13678.999999999998,0.12000000000000455,2018-06-14
13679.999999999998,0.12000000000000455,2018-06-15
13681.0,0.12000000000000455,2018-06-16
13681.999999999998,0.12000000000000455,2018-06-17
13683.0,0.12000000000000455,2018-06-18
13683.999999999998,0.12000000000000455,2018-06-19
13684.999999999998,0.12000000000000455,2018-06-20
13686.0,0.13999999999998636,2018-06-21
13686.999999999998,0.14999999999997726,2018-06-22
13687.999999999998,0.14999999999997726,2018-06-23
13689.0,0.15999999999996817,2018-06-24
13689.999999999998,0.15999999999996817,2018-06-25
13691.0,0.16999999999995907,2018-06-26
13691.999999999998,0.18999999999994088,2018-06-27
13692.999999999998,0.1999999999999318,2018-06-28
13694.0,0.2099999999999227,2018-06-29
13694.999999999998,0.2199999999999136,2018-06-30
13695.999999999998,0.2299999999999045,2018-07-01
13697.0,0.2400000000000091,2018-07-02
13697.999999999998,0.25,2018-07-03
13699.0,0.2599999999999909,2018-07-04
13699.999999999998,0.2599999999999909,2018-07-05
13700.999999999998,0.2699999999999818,2018-07-06
13702.0,0.2799999999999727,2018-07-07
13702.999999999998,0.2799999999999727,2018-07-08
13703.999999999998,0.2899999999999636,2018-07-09
13705.0,0.2999999999999545,2018-07-10
13705.999999999998,0.2999999999999545,2018-07-11
13706.999999999998,0.30999999999994543,2018-07-12
13708.0,0.31999999999993634,2018-07-13
13708.999999999998,0.31999999999993634,2018-07-14
13710.0,0.34999999999990905,2018-07-15
13710.999999999998,0.35999999999989996,2018-07-16
13711.999999999998,0.35999999999989996,2018-07-17
13713.0,0.36999999999989086,2018-07-18
13713.999999999998,0.36999999999989086,2018-07-19
13714.999999999998,0.37999999999988177,2018-07-20
13716.0,0.38999999999998636,2018-07-21
13716.999999999998,0.39999999999997726,2018-07-22
13718.0,0.40999999999996817,2018-07-23
13718.999999999998,0.4199999999999591,2018-07-24
13719.999999999998,0.4399999999999409,2018-07-25
13721.0,0.4499999999999318,2018-07-26
13721.999999999998,0.4599999999999227,2018-07-27
13722.999999999998,0.4799999999999045,2018-07-28
13724.0,0.4899999999998954,2018-07-29
13724.999999999998,0.4999999999998863,2018-07-30
13726.0,0.5099999999999909,2018-07-31
13726.999999999998,0.5199999999999818,2018-08-01
13727.999999999998,0.5299999999999727,2018-08-02
13729.0,0.5399999999999636,2018-08-03
13729.999999999998,0.5499999999999545,2018-08-04
13730.999999999998,0.5599999999999454,2018-08-05
13732.0,0.5599999999999454,2018-08-06
13732.999999999998,0.5699999999999363,2018-08-07
13733.999999999998,0.5699999999999363,2018-08-08
13735.0,0.5799999999999272,2018-08-09
13735.999999999998,0.5799999999999272,2018-08-10
13737.0,0.5799999999999272,2018-08-11
13737.999999999998,0.5799999999999272,2018-08-12
13738.999999999998,0.5799999999999272,2018-08-13
13740.0,0.5799999999999272,2018-08-14
13740.999999999998,0.5799999999999272,2018-08-15
13741.999999999998,0.5799999999999272,2018-08-16
13743.0,0.5799999999999272,2018-08-17
13743.999999999998,0.5799999999999272,2018-08-18
13745.0,0.5799999999999272,2018-08-19
13745.999999999998,0.5799999999999272,2018-08-20
13746.999999999998,0.5799999999999272,2018-08-21
13748.0,0.5799999999999272,2018-08-22
13748.999999999998,0.5899999999999181,2018-08-23
13749.999999999998,0.5899999999999181,2018-08-24
13751.0,0.5899999999999181,2018-08-25
13751.999999999998,0.599999999999909,2018-08-26
13753.0,0.599999999999909,2018-08-27
13753.999999999998,0.599999999999909,2018-08-28
13754.999999999998,0.599999999999909,2018-08-29
13756.0,0.599999999999909,2018-08-30
13756.999999999998,0.6099999999999,2018-08-31
13757.999999999998,0.6099999999999,2018-09-01
13759.0,0.6099999999999,2018-09-02
13759.999999999998,0.6099999999999,2018-09-03
13760.999999999998,0.6099999999999,2018-09-04
13762.0,0.6099999999999,2018-09-05
13762.999999999998,0.6099999999999,2018-09-06
13764.0,0.6099999999999,2018-09-07
13764.999999999998,0.6099999999999,2018-09-08
13765.999999999998,0.6099999999999,2018-09-09
13767.0,0.6099999999999,2018-09-10
13767.999999999998,0.6099999999999,2018-09-11
13768.999999999998,0.6099999999999,2018-09-12
13770.0,0.6099999999999,2018-09-13
13770.999999999998,0.6099999999999,2018-09-14
13772.0,0.6099999999999,2018-09-15
13772.999999999998,0.6099999999999,2018-09-16
13773.999999999998,0.6099999999999,2018-09-17
13775.0,0.6099999999999,2018-09-18
13775.999999999998,0.6099999999999,2018-09-19
13776.999999999998,0.6099999999999,2018-09-20
13778.0,0.6099999999999,2018-09-21
13778.999999999998,0.6099999999999,2018-09-22
13780.0,0.6099999999999,2018-09-23
13780.999999999998,0.6099999999999,2018-09-24
13781.999999999998,0.6099999999999,2018-09-25
13783.0,0.6099999999999,2018-09-26
13783.999999999998,0.6099999999999,2018-09-27
13784.999999999998,0.6099999999999,2018-09-28
13786.0,0.6099999999999,2018-09-29
13786.999999999998,0.6099999999999,2018-09-30
13787.999999999998,0.6099999999999,2018-10-01
13789.0,0.6099999999999,2018-10-02
13789.999999999998,0.0,2018-10-03
13791.0,0.0,2018-10-04
13791.999999999998,0.0,2018-10-05
13792.999999999998,0.0,2018-10-06
13794.0,0.0,2018-10-07
13794.999999999998,0.0,2018-10-08
13795.999999999998,0.0,2018-10-09
13797.0,0.0,2018-10-10
13797.999999999998,0.0,2018-10-11
13799.0,0.0,2018-10-12
13799.999999999998,0.0,2018-10-13
13800.999999999998,0.0,2018-10-14
13802.0,0.0,2018-10-15
13802.999999999998,0.0,2018-10-16
13803.999999999998,0.0,2018-10-17
13805.0,0.0,2018-10-18
13805.999999999998,0.0,2018-10-19
13807.0,0.0,2018-10-20
13807.999999999998,0.0,2018-10-21
13808.999999999998,0.0,2018-10-22
13810.0,0.0,2018-10-23
13810.999999999998,0.0,2018-10-24
13811.999999999998,0.0,2018-10-25
13813.0,0.0,2018-10-26
13813.999999999998,0.0,2018-10-27
13814.999999999998,0.0,2018-10-28
13816.0,0.0,2018-10-29
13816.999999999998,0.0,2018-10-30
13818.0,0.0,2018-10-31
13818.999999999998,0.0,2018-11-01
13819.999999999998,0.0,2018-11-02
13821.0,0.0,2018-11-03
13821.999999999998,0.0,2018-11-04
13822.999999999998,0.0,2018-11-05
13824.0,0.0,2018-11-06
13824.999999999998,0.0,2018-11-07
13826.0,0.0,2018-11-08
13826.999999999998,0.0,2018-11-09
13827.999999999998,0.0,2018-11-10
13829.0,0.0,2018-11-11
13829.999999999998,0.0,2018-11-12
13830.999999999998,0.0,2018-11-13
13832.0,0.0,2018-11-14
13832.999999999998,0.0,2018-11-15
13834.0,0.0,2018-11-16
13834.999999999998,0.0,2018-11-17
13835.999999999998,0.0,2018-11-18
13837.0,0.0,2018-11-19
13837.999999999998,0.0,2018-11-20
13838.999999999998,0.0,2018-11-21
13840.0,0.0,2018-11-22
13840.999999999998,0.0,2018-11-23
13841.999999999998,0.0,2018-11-24
13843.0,0.0,2018-11-25
13843.999999999998,0.0,2018-11-26
13845.0,0.0,2018-11-27
13845.999999999998,0.0,2018-11-28
13846.999999999998,0.0,2018-11-29
13848.0,0.0,2018-11-30
13848.999999999998,0.0,2018-12-01
13849.999999999998,0.0,2018-12-02
13851.0,0.0,2018-12-03
13851.999999999998,0.0,2018-12-04
13853.0,0.0,2018-12-05
13853.999999999998,0.0,2018-12-06
13854.999999999998,0.0,2018-12-07
13856.0,0.0,2018-12-08
13856.999999999998,0.0,2018-12-09
13857.999999999998,0.0,2018-12-10
13859.0,0.0,2018-12-11
13859.999999999998,0.0,2018-12-12
13861.0,0.0,2018-12-13
13861.999999999998,0.0,2018-12-14
13862.999999999998,0.0,2018-12-15
13864.0,0.0,2018-12-16
13864.999999999998,0.0,2018-12-17
13865.999999999998,0.0,2018-12-18
13867.0,0.0,2018-12-19
13867.999999999998,0.0,2018-12-20
13868.999999999998,0.0,2018-12-21
13870.0,0.0,2018-12-22
13870.999999999998,0.0,2018-12-23
13872.0,0.0,2018-12-24
13872.999999999998,0.0,2018-12-25
13873.999999999998,0.0,2018-12-26
13875.0,0.0,2018-12-27
13875.999999999998,0.0,2018-12-28
13876.999999999998,0.0,2018-12-29
13878.0,0.0,2018-12-30
13878.999999999998,0.0,2018-12-31
13880.0,0.0,2019-01-01
13880.999999999998,0.0,2019-01-02
13881.999999999998,0.0,2019-01-03
13883.0,0.0,2019-01-04
13883.999999999998,0.0,2019-01-05
13884.999999999998,0.0,2019-01-06
13886.0,0.0,2019-01-07
13886.999999999998,0.0,2019-01-08
13887.999999999998,0.0,2019-01-09
13888.999999999998,0.0,2019-01-10
13889.999999999998,0.0,2019-01-11
13891.0,0.0,2019-01-12
13891.999999999998,0.0,2019-01-13
13892.999999999998,0.0,2019-01-14
13894.0,0.0,2019-01-15
13894.999999999998,0.0,2019-01-16
13895.999999999998,0.0,2019-01-17
13897.0,0.0,2019-01-18
13897.999999999998,0.0,2019-01-19
13899.0,0.0,2019-01-20
13899.999999999998,0.0,2019-01-21
13900.999999999998,0.0,2019-01-22
13902.0,0.0,2019-01-23
13902.999999999998,0.0,2019-01-24
13903.999999999998,0.0,2019-01-25
13905.0,0.0,2019-01-26
13905.999999999998,0.0,2019-01-27
13907.0,0.0,2019-01-28
13907.999999999998,0.0,2019-01-29
13908.999999999998,0.0,2019-01-30
13910.0,0.0,2019-01-31
13910.999999999998,0.0,2019-02-01
13911.999999999998,0.0,2019-02-02
13913.0,0.0,2019-02-03
13913.999999999998,0.0,2019-02-04
13914.999999999998,0.0,2019-02-05
13915.999999999998,0.0,2019-02-06
13916.999999999998,0.0,2019-02-07
13918.0,0.0,2019-02-08
13918.999999999998,0.0,2019-02-09
13919.999999999998,0.0,2019-02-10
13921.0,0.0,2019-02-11
13921.999999999998,0.0,2019-02-12
13922.999999999998,0.0,2019-02-13
13924.0,0.0,2019-02-14
13924.999999999998,0.0,2019-02-15
13926.0,0.0,2019-02-16
13926.999999999998,0.0,2019-02-17
13927.999999999998,0.0,2019-02-18
13929.0,0.0,2019-02-19
13929.999999999998,0.0,2019-02-20
13930.999999999998,0.0,2019-02-21
13932.0,0.0,2019-02-22
13932.999999999998,0.0,2019-02-23
13934.0,0.0,2019-02-24
13934.999999999998,0.0,2019-02-25
13935.999999999998,0.0,2019-02-26
13937.0,0.0,2019-02-27
13937.999999999998,0.0,2019-02-28
13938.999999999998,0.0,2019-03-01
13940.0,0.0,2019-03-02
13940.999999999998,0.0,2019-03-03
13941.999999999998,0.0,2019-03-04
13942.999999999998,0.0,2019-03-05
13943.999999999998,0.0,2019-03-06
13945.0,0.0,2019-03-07
13945.999999999998,0.0,2019-03-08
13946.999999999998,0.0,2019-03-09
13948.0,0.0,2019-03-10
13948.999999999998,0.0,2019-03-11
13949.999999999998,0.0,2019-03-12
13951.0,0.0,2019-03-13
13951.999999999998,0.0,2019-03-14
13953.0,0.0,2019-03-15
13953.999999999998,0.0,2019-03-16
13954.999999999998,0.0,2019-03-17
13956.0,0.0,2019-03-18
13956.999999999998,0.0,2019-03-19
13957.999999999998,0.0,2019-03-20
13959.0,0.0,2019-03-21
13959.999999999998,0.0,2019-03-22
13961.0,0.0,2019-03-23
13961.999999999998,0.0,2019-03-24
13962.999999999998,0.0,2019-03-25
13964.0,0.0,2019-03-26
13964.999999999998,0.0,2019-03-27
13965.999999999998,0.0,2019-03-28
13967.0,0.0,2019-03-29
13967.999999999998,0.0,2019-03-30
13968.999999999998,0.0,2019-03-31
13969.999999999998,0.0,2019-04-01
13970.999999999998,0.0,2019-04-02
13972.0,0.0,2019-04-03
13972.999999999998,0.0,2019-04-04
13973.999999999998,0.0,2019-04-05
13975.0,0.0,2019-04-06
13975.999999999998,0.0,2019-04-07
13976.999999999998,0.0,2019-04-08
13978.0,0.0,2019-04-09
13978.999999999998,0.0,2019-04-10
13980.0,0.0,2019-04-11
13980.999999999998,0.0,2019-04-12
13981.999999999998,0.0,2019-04-13
13983.0,0.0,2019-04-14
13983.999999999998,0.0,2019-04-15
13984.999999999998,0.0,2019-04-16
13986.0,0.0,2019-04-17
13986.999999999998,0.0,2019-04-18
13988.0,0.0,2019-04-19
13988.999999999998,0.0,2019-04-20
13989.999999999998,0.0,2019-04-21
13991.0,0.0,2019-04-22
13991.999999999998,0.0,2019-04-23
13992.999999999998,0.0,2019-04-24
13994.0,0.0,2019-04-25
13994.999999999998,0.0,2019-04-26
13995.999999999998,0.0,2019-04-27
13996.999999999998,0.0,2019-04-28
13997.999999999998,0.0,2019-04-29
13999.0,0.0,2019-04-30
13999.999999999998,0.0,2019-05-01
14000.999999999998,0.0,2019-05-02
14002.0,0.0,2019-05-03
14002.999999999998,0.0,2019-05-04
14003.999999999998,0.0,2019-05-05
14005.0,0.0,2019-05-06
14005.999999999998,0.0,2019-05-07
14007.0,0.0,2019-05-08
14007.999999999998,0.0,2019-05-09
14008.999999999998,0.0,2019-05-10
14010.0,0.0,2019-05-11
14010.999999999998,0.0,2019-05-12
14011.999999999998,0.0,2019-05-13
14013.0,0.0,2019-05-14
14013.999999999998,0.0,2019-05-15
14015.0,0.0,2019-05-16
14015.999999999998,0.0,2019-05-17
14016.999999999998,0.0,2019-05-18
14018.0,0.0,2019-05-19
14018.999999999998,0.0,2019-05-20
14019.999999999998,0.0,2019-05-21
14021.0,0.0,2019-05-22
14021.999999999998,0.0,2019-05-23
14022.999999999998,0.029999999999972715,2019-05-24
14023.999999999998,0.05999999999994543,2019-05-25
14024.999999999998,0.07999999999992724,2019-05-26
14026.0,0.09999999999990905,2019-05-27
14026.999999999998,0.10999999999989996,2019-05-28
14027.999999999998,0.12000000000000455,2019-05-29
14029.0,0.12999999999999545,2019-05-30
14029.999999999998,0.13999999999998636,2019-05-31
14030.999999999998,0.14999999999997726,2019-06-01
14032.0,0.15999999999996817,2019-06-02
14032.999999999998,0.16999999999995907,2019-06-03
14034.0,0.16999999999995907,2019-06-04
14034.999999999998,0.17999999999994998,2019-06-05
14035.999999999998,0.18999999999994088,2019-06-06
14037.0,0.1999999999999318,2019-06-07
14037.999999999998,0.2099999999999227,2019-06-08
14038.999999999998,0.2199999999999136,2019-06-09
14040.0,0.2299999999999045,2019-06-10
14040.999999999998,0.2299999999999045,2019-06-11
14042.0,0.2400000000000091,2019-06-12
14042.999999999998,0.2400000000000091,2019-06-13
14043.999999999998,0.2400000000000091,2019-06-14
14045.0,0.25,2019-06-15
14045.999999999998,0.25,2019-06-16
14046.999999999998,0.2599999999999909,2019-06-17
14048.0,0.2599999999999909,2019-06-18
14048.999999999998,0.2699999999999818,2019-06-19
14049.999999999998,0.2799999999999727,2019-06-20
14050.999999999998,0.2899999999999636,2019-06-21
14051.999999999998,0.2999999999999545,2019-06-22
14053.0,0.30999999999994543,2019-06-23
14053.999999999998,0.30999999999994543,2019-06-24
14054.999999999998,0.31999999999993634,2019-06-25
14056.0,0.31999999999993634,2019-06-26
14056.999999999998,0.33999999999991815,2019-06-27
14057.999999999998,0.33999999999991815,2019-06-28
14059.0,0.35999999999989996,2019-06-29
14059.999999999998,0.36999999999989086,2019-06-30
14061.0,0.37999999999988177,2019-07-01
14061.999999999998,0.39999999999997726,2019-07-02
14062.999999999998,0.40999999999996817,2019-07-03
14064.0,0.4199999999999591,2019-07-04
14064.999999999998,0.42999999999995,2019-07-05
14065.999999999998,0.4399999999999409,2019-07-06
14067.0,0.4499999999999318,2019-07-07
14067.999999999998,0.4599999999999227,2019-07-08
14069.0,0.4799999999999045,2019-07-09
14069.999999999998,0.4899999999998954,2019-07-10
14070.999999999998,0.4999999999998863,2019-07-11
14072.0,0.5099999999999909,2019-07-12
14072.999999999998,0.5199999999999818,2019-07-13
14073.999999999998,0.5299999999999727,2019-07-14
14075.0,0.5399999999999636,2019-07-15
14075.999999999998,0.5599999999999454,2019-07-16
14076.999999999998,0.5699999999999363,2019-07-17
14077.999999999998,0.5699999999999363,2019-07-18
14078.999999999998,0.5799999999999272,2019-07-19
14080.0,0.5899999999999181,2019-07-20
14080.999999999998,0.599999999999909,2019-07-21
14081.999999999998,0.6099999999999,2019-07-22
14083.0,0.6099999999999,2019-07-23
14083.999999999998,0.6199999999998909,2019-07-24
14084.999999999998,0.6299999999998818,2019-07-25
14086.0,0.6399999999999864,2019-07-26
14086.999999999998,0.6499999999999773,2019-07-27
14088.0,0.6599999999999682,2019-07-28
14088.999999999998,0.6699999999999591,2019-07-29
14089.999999999998,0.67999999999995,2019-07-30
14091.0,0.67999999999995,2019-07-31
14091.999999999998,0.6899999999999409,2019-08-01
14092.999999999998,0.6899999999999409,2019-08-02
14094.0,0.6999999999999318,2019-08-03
14094.999999999998,0.6999999999999318,2019-08-04
14096.0,0.7099999999999227,2019-08-05
14096.999999999998,0.7099999999999227,2019-08-06
14097.999999999998,0.7199999999999136,2019-08-07
14099.0,0.7199999999999136,2019-08-08
14099.999999999998,0.7199999999999136,2019-08-09
14100.999999999998,0.7299999999999045,2019-08-10
14102.0,0.7299999999999045,2019-08-11
14102.999999999998,0.7299999999999045,2019-08-12
14103.999999999998,0.7299999999999045,2019-08-13
14104.999999999998,0.7399999999998954,2019-08-14
14105.999999999998,0.7399999999998954,2019-08-15
14107.0,0.7399999999998954,2019-08-16
14107.999999999998,0.7499999999998863,2019-08-17
14108.999999999998,0.7499999999998863,2019-08-18
14110.0,0.7499999999998863,2019-08-19
14110.999999999998,0.7499999999998863,2019-08-20
14111.999999999998,0.7499999999998863,2019-08-21
14113.0,0.7499999999998863,2019-08-22
14113.999999999998,0.7499999999998863,2019-08-23
14115.0,0.7599999999999909,2019-08-24
14115.999999999998,0.7599999999999909,2019-08-25
14116.999999999998,0.7599999999999909,2019-08-26
14118.0,0.7499999999998863,2019-08-27
14118.999999999998,0.7499999999998863,2019-08-28
14119.999999999998,0.7499999999998863,2019-08-29
14121.0,0.7499999999998863,2019-08-30
14121.999999999998,0.7499999999998863,2019-08-31
14123.0,0.7499999999998863,2019-09-01
14123.999999999998,0.7499999999998863,2019-09-02
14124.999999999998,0.7499999999998863,2019-09-03
14126.0,0.7499999999998863,2019-09-04
14126.999999999998,0.7499999999998863,2019-09-05
14127.999999999998,0.7499999999998863,2019-09-06
14129.0,0.7599999999999909,2019-09-07
14129.999999999998,0.7599999999999909,2019-09-08
14130.999999999998,0.7599999999999909,2019-09-09
14131.999999999998,0.7599999999999909,2019-09-10
14132.999999999998,0.7699999999999818,2019-09-11
14134.0,0.7699999999999818,2019-09-12
14134.999999999998,0.7699999999999818,2019-09-13
14135.999999999998,0.7699999999999818,2019-09-14
14137.0,0.7799999999999727,2019-09-15
14137.999999999998,0.7799999999999727,2019-09-16
14138.999999999998,0.7799999999999727,2019-09-17
14140.0,0.7799999999999727,2019-09-18
14140.999999999998,0.7799999999999727,2019-09-19
14142.0,0.7799999999999727,2019-09-20
14142.999999999998,0.7799999999999727,2019-09-21
14143.999999999998,0.7799999999999727,2019-09-22
14145.0,0.7799999999999727,2019-09-23
14145.999999999998,0.7799999999999727,2019-09-24
14146.999999999998,0.7799999999999727,2019-09-25
14148.0,0.7799999999999727,2019-09-26
14148.999999999998,0.7799999999999727,2019-09-27
14150.0,0.7799999999999727,2019-09-28
14150.999999999998,0.7799999999999727,2019-09-29
14151.999999999998,0.7799999999999727,2019-09-30
14153.0,0.7799999999999727,2019-10-01
14153.999999999998,0.7799999999999727,2019-10-02
14154.999999999998,0.7799999999999727,2019-10-03
14156.0,0.0,2019-10-04
14156.999999999998,0.0,2019-10-05
14157.999999999998,0.0,2019-10-06
14158.999999999998,0.0,2019-10-07
14159.999999999998,0.0,2019-10-08
14161.0,0.0,2019-10-09
14161.999999999998,0.0,2019-10-10
14162.999999999998,0.0,2019-10-11
14164.0,0.0,2019-10-12
14164.999999999998,0.0,2019-10-13
14165.999999999998,0.0,2019-10-14
14167.0,0.0,2019-10-15
14167.999999999998,0.0,2019-10-16
14169.0,0.0,2019-10-17
14169.999999999998,0.0,2019-10-18
14170.999999999998,0.0,2019-10-19
14172.0,0.0,2019-10-20
14172.999999999998,0.0,2019-10-21
14173.999999999998,0.0,2019-10-22
14175.0,0.0,2019-10-23
14175.999999999998,0.0,2019-10-24
14177.0,0.0,2019-10-25
14177.999999999998,0.0,2019-10-26
14178.999999999998,0.0,2019-10-27
14180.0,0.0,2019-10-28
14180.999999999998,0.0,2019-10-29
14181.999999999998,0.0,2019-10-30
14183.0,0.0,2019-10-31
14183.999999999998,0.0,2019-11-01
14184.999999999998,0.0,2019-11-02
14185.999999999998,0.0,2019-11-03
14186.999999999998,0.0,2019-11-04
14188.0,0.0,2019-11-05
14188.999999999998,0.0,2019-11-06
14189.999999999998,0.0,2019-11-07
14191.0,0.0,2019-11-08
14191.999999999998,0.0,2019-11-09
14192.999999999998,0.0,2019-11-10
14194.0,0.0,2019-11-11
14194.999999999998,0.0,2019-11-12
14196.0,0.0,2019-11-13
14196.999999999998,0.0,2019-11-14
14197.999999999998,0.0,2019-11-15
14199.0,0.0,2019-11-16
14199.999999999998,0.0,2019-11-17
14200.999999999998,0.0,2019-11-18
14202.0,0.0,2019-11-19
14202.999999999998,0.0,2019-11-20
14204.0,0.0,2019-11-21
14204.999999999998,0.0,2019-11-22
14205.999999999998,0.0,2019-11-23
14207.0,0.0,2019-11-24
14207.999999999998,0.0,2019-11-25
14208.999999999998,0.0,2019-11-26
14210.0,0.0,2019-11-27
14210.999999999998,0.0,2019-11-28
14211.999999999998,0.0,2019-11-29
14212.999999999998,0.0,2019-11-30
14213.999999999998,0.0,2019-12-01
14215.0,0.0,2019-12-02
14215.999999999998,0.0,2019-12-03
14216.999999999998,0.0,2019-12-04
14218.0,0.0,2019-12-05
14218.999999999998,0.0,2019-12-06
14219.999999999998,0.0,2019-12-07
14221.0,0.0,2019-12-08
14221.999999999998,0.0,2019-12-09
14223.0,0.0,2019-12-10
14223.999999999998,0.0,2019-12-11
14224.999999999998,0.0,2019-12-12
14226.0,0.0,2019-12-13
14226.999999999998,0.0,2019-12-14
14227.999999999998,0.0,2019-12-15
14229.0,0.0,2019-12-16
14229.999999999998,0.0,2019-12-17
14231.0,0.0,2019-12-18
14231.999999999998,0.0,2019-12-19
14232.999999999998,0.0,2019-12-20
14234.0,0.0,2019-12-21
14234.999999999998,0.0,2019-12-22
14235.999999999998,0.0,2019-12-23
14237.0,0.0,2019-12-24
14237.999999999998,0.0,2019-12-25
14238.999999999998,0.0,2019-12-26
14239.999999999998,0.0,2019-12-27
14240.999999999998,0.0,2019-12-28
14242.0,0.0,2019-12-29
14242.999999999998,0.0,2019-12-30
14243.999999999998,0.0,2019-12-31
14609.999999999998,0.0,2020-01-01
14610.999999999998,0.0,2020-01-02
14612.0,0.0,2020-01-03
14612.999999999998,0.0,2020-01-04
14613.999999999998,0.0,2020-01-05
14615.0,0.0,2020-01-06
14615.999999999998,0.0,2020-01-07
14616.999999999998,0.0,2020-01-08
14618.0,0.0,2020-01-09
14618.999999999998,0.0,2020-01-10
14620.0,0.0,2020-01-11
14620.999999999998,0.0,2020-01-12
14621.999999999998,0.0,2020-01-13
14623.0,0.0,2020-01-14
14623.999999999998,0.0,2020-01-15
14624.999999999998,0.0,2020-01-16
14626.0,0.0,2020-01-17
14626.999999999998,0.0,2020-01-18
14628.0,0.0,2020-01-19
14628.999999999998,0.0,2020-01-20
14629.999999999998,0.0,2020-01-21
14631.0,0.0,2020-01-22
14631.999999999998,0.0,2020-01-23
14632.999999999998,0.0,2020-01-24
14634.0,0.0,2020-01-25
14634.999999999998,0.0,2020-01-26
14635.999999999998,0.0,2020-01-27
14636.999999999998,0.0,2020-01-28
14637.999999999998,0.0,2020-01-29
14639.0,0.0,2020-01-30
14639.999999999998,0.0,2020-01-31
14640.999999999998,0.0,2020-02-01
14642.0,0.0,2020-02-02
14642.999999999998,0.0,2020-02-03
14643.999999999998,0.0,2020-02-04
14645.0,0.0,2020-02-05
14645.999999999998,0.0,2020-02-06
14647.0,0.0,2020-02-07
14647.999999999998,0.0,2020-02-08
14648.999999999998,0.0,2020-02-09
14650.0,0.0,2020-02-10
14650.999999999998,0.0,2020-02-11
14651.999999999998,0.0,2020-02-12
14653.0,0.0,2020-02-13
14653.999999999998,0.0,2020-02-14
14655.0,0.0,2020-02-15
14655.999999999998,0.0,2020-02-16
14656.999999999998,0.0,2020-02-17
14658.0,0.0,2020-02-18
14658.999999999998,0.0,2020-02-19
14659.999999999998,0.0,2020-02-20
14661.0,0.0,2020-02-21
14661.999999999998,0.0,2020-02-22
14662.999999999998,0.0,2020-02-23
14663.999999999998,0.0,2020-02-24
14664.999999999998,0.0,2020-02-25
14666.0,0.0,2020-02-26
14666.999999999998,0.0,2020-02-27
14667.999999999998,0.0,2020-02-28
14669.0,0.0,2020-02-29
14669.999999999998,0.0,2020-03-01
14670.999999999998,0.0,2020-03-02
14672.0,0.0,2020-03-03
14672.999999999998,0.0,2020-03-04
14674.0,0.0,2020-03-05
14674.999999999998,0.0,2020-03-06
14675.999999999998,0.0,2020-03-07
14677.0,0.0,2020-03-08
14677.999999999998,0.0,2020-03-09
14678.999999999998,0.0,2020-03-10
14680.0,0.0,2020-03-11
14680.999999999998,0.0,2020-03-12
14682.0,0.0,2020-03-13
14682.999999999998,0.0,2020-03-14
14683.999999999998,0.0,2020-03-15
14685.0,0.0,2020-03-16
14685.999999999998,0.0,2020-03-17
14686.999999999998,0.0,2020-03-18
14688.0,0.0,2020-03-19
14688.999999999998,0.0,2020-03-20
14689.999999999998,0.0,2020-03-21
14690.999999999998,0.0,2020-03-22
14691.999999999998,0.0,2020-03-23
14693.0,0.0,2020-03-24
14693.999999999998,0.0,2020-03-25
14694.999999999998,0.0,2020-03-26
14696.0,0.0,2020-03-27
14696.999999999998,0.0,2020-03-28
14697.999999999998,0.0,2020-03-29
14699.0,0.0,2020-03-30
14699.999999999998,0.0,2020-03-31
14701.0,0.0,2020-04-01
14701.999999999998,0.0,2020-04-02
14702.999999999998,0.0,2020-04-03
14704.0,0.0,2020-04-04
14704.999999999998,0.0,2020-04-05
14705.999999999998,0.0,2020-04-06
14707.0,0.0,2020-04-07
14707.999999999998,0.0,2020-04-08
14709.0,0.0,2020-04-09
14709.999999999998,0.0,2020-04-10
14710.999999999998,0.0,2020-04-11
14712.0,0.0,2020-04-12
14712.999999999998,0.0,2020-04-13
14713.999999999998,0.0,2020-04-14
14715.0,0.0,2020-04-15
14715.999999999998,0.0,2020-04-16
14716.999999999998,0.0,2020-04-17
14717.999999999998,0.0,2020-04-18
14718.999999999998,0.0,2020-04-19
14720.0,0.0,2020-04-20
14720.999999999998,0.0,2020-04-21
14721.999999999998,0.0,2020-04-22
14723.0,0.0,2020-04-23
14723.999999999998,0.0,2020-04-24
14724.999999999998,0.0,2020-04-25
14726.0,0.0,2020-04-26
14726.999999999998,0.0,2020-04-27
14728.0,0.0,2020-04-28
14728.999999999998,0.0,2020-04-29
14729.999999999998,0.0,2020-04-30
14731.0,0.0,2020-05-01
14731.999999999998,0.0,2020-05-02
14732.999999999998,0.0,2020-05-03
14734.0,0.0,2020-05-04
14734.999999999998,0.0,2020-05-05
14736.0,0.0,2020-05-06
14736.999999999998,0.0,2020-05-07
14737.999999999998,0.0,2020-05-08
14739.0,0.0,2020-05-09
14739.999999999998,0.0,2020-05-10
14740.999999999998,0.0,2020-05-11
14742.0,0.0,2020-05-12
14742.999999999998,0.0,2020-05-13
14743.999999999998,0.0,2020-05-14
14744.999999999998,0.0,2020-05-15
14745.999999999998,0.0,2020-05-16
14747.0,0.0,2020-05-17
14747.999999999998,0.0,2020-05-18
14748.999999999998,0.0,2020-05-19
14750.0,0.0,2020-05-20
14750.999999999998,0.0,2020-05-21
14751.999999999998,0.0,2020-05-22
14753.0,0.0,2020-05-23
14753.999999999998,0.0,2020-05-24
14755.0,0.0,2020-05-25
14755.999999999998,0.0,2020-05-26
14756.999999999998,0.0,2020-05-27
14758.0,0.009999999999990905,2020-05-28
14758.999999999998,0.049999999999954525,2020-05-29
14759.999999999998,0.06999999999993634,2020-05-30
14761.0,0.09999999999990905,2020-05-31
14761.999999999998,0.12000000000000455,2020-06-01
14763.0,0.12999999999999545,2020-06-02
14763.999999999998,0.13999999999998636,2020-06-03
14764.999999999998,0.15999999999996817,2020-06-04
14766.0,0.16999999999995907,2020-06-05
14766.999999999998,0.17999999999994998,2020-06-06
14767.999999999998,0.18999999999994088,2020-06-07
14769.0,0.18999999999994088,2020-06-08
14769.999999999998,0.1999999999999318,2020-06-09
14770.999999999998,0.2099999999999227,2020-06-10
14771.999999999998,0.2199999999999136,2020-06-11
14772.999999999998,0.2299999999999045,2020-06-12
14774.0,0.2400000000000091,2020-06-13
14774.999999999998,0.25,2020-06-14
14775.999999999998,0.2599999999999909,2020-06-15
14777.0,0.2699999999999818,2020-06-16
14777.999999999998,0.2699999999999818,2020-06-17
14778.999999999998,0.2799999999999727,2020-06-18
14780.0,0.2899999999999636,2020-06-19
14780.999999999998,0.2899999999999636,2020-06-20
14782.0,0.2999999999999545,2020-06-21
14782.999999999998,0.2999999999999545,2020-06-22
14783.999999999998,0.30999999999994543,2020-06-23
14785.0,0.30999999999994543,2020-06-24
14785.999999999998,0.31999999999993634,2020-06-25
14786.999999999998,0.31999999999993634,2020-06-26
14788.0,0.31999999999993634,2020-06-27
14788.999999999998,0.33999999999991815,2020-06-28
14790.0,0.34999999999990905,2020-06-29
14790.999999999998,0.35999999999989996,2020-06-30
14791.999999999998,0.35999999999989996,2020-07-01
14793.0,0.36999999999989086,2020-07-02
14793.999999999998,0.37999999999988177,2020-07-03
14794.999999999998,0.37999999999988177,2020-07-04
14796.0,0.38999999999998636,2020-07-05
14796.999999999998,0.39999999999997726,2020-07-06
14797.999999999998,0.40999999999996817,2020-07-07
14798.999999999998,0.4199999999999591,2020-07-08
14799.999999999998,0.42999999999995,2020-07-09
14801.0,0.4399999999999409,2020-07-10
14801.999999999998,0.4499999999999318,2020-07-11
14802.999999999998,0.4599999999999227,2020-07-12
14804.0,0.4699999999999136,2020-07-13
14804.999999999998,0.4699999999999136,2020-07-14
14805.999999999998,0.4799999999999045,2020-07-15
14807.0,0.4899999999998954,2020-07-16
14807.999999999998,0.4899999999998954,2020-07-17
14809.0,0.4999999999998863,2020-07-18
14809.999999999998,0.5099999999999909,2020-07-19
14810.999999999998,0.5099999999999909,2020-07-20
14812.0,0.5199999999999818,2020-07-21
14812.999999999998,0.5199999999999818,2020-07-22
14813.999999999998,0.5199999999999818,2020-07-23
14815.0,0.5299999999999727,2020-07-24
14815.999999999998,0.5299999999999727,2020-07-25
14817.0,0.5299999999999727,2020-07-26
14817.999999999998,0.5399999999999636,2020-07-27
14818.999999999998,0.5399999999999636,2020-07-28
14820.0,0.5499999999999545,2020-07-29
14820.999999999998,0.5599999999999454,2020-07-30
14821.999999999998,0.5599999999999454,2020-07-31
14823.0,0.5699999999999363,2020-08-01
14823.999999999998,0.5799999999999272,2020-08-02
14824.999999999998,0.5799999999999272,2020-08-03
14825.999999999998,0.5899999999999181,2020-08-04
14826.999999999998,0.599999999999909,2020-08-05
14828.0,0.599999999999909,2020-08-06
14828.999999999998,0.6099999999999,2020-08-07
14829.999999999998,0.6099999999999,2020-08-08
14831.0,0.6199999999998909,2020-08-09
14831.999999999998,0.6299999999998818,2020-08-10
14832.999999999998,0.6399999999999864,2020-08-11
14834.0,0.6399999999999864,2020-08-12
14834.999999999998,0.6499999999999773,2020-08-13
14836.0,0.6599999999999682,2020-08-14
14836.999999999998,0.6599999999999682,2020-08-15
14837.999999999998,0.6699999999999591,2020-08-16
14839.0,0.67999999999995,2020-08-17
14839.999999999998,0.67999999999995,2020-08-18
14840.999999999998,0.6899999999999409,2020-08-19
14842.0,0.6999999999999318,2020-08-20
14842.999999999998,0.7099999999999227,2020-08-21
14843.999999999998,0.7099999999999227,2020-08-22
14844.999999999998,0.7199999999999136,2020-08-23
14845.999999999998,0.7299999999999045,2020-08-24
14847.0,0.7399999999998954,2020-08-25
14847.999999999998,0.7399999999998954,2020-08-26
14848.999999999998,0.7499999999998863,2020-08-27
14850.0,0.7599999999999909,2020-08-28
14850.999999999998,0.7599999999999909,2020-08-29
14851.999999999998,0.7699999999999818,2020-08-30
14852.999999999998,0.7699999999999818,2020-08-31
14853.999999999998,0.7799999999999727,2020-09-01
14855.0,0.7799999999999727,2020-09-02
14855.999999999998,0.7799999999999727,2020-09-03
14856.999999999998,0.7799999999999727,2020-09-04
14858.0,0.7899999999999636,2020-09-05
14858.999999999998,0.7899999999999636,2020-09-06
14859.999999999998,0.7899999999999636,2020-09-07
14861.0,0.7899999999999636,2020-09-08
14861.999999999998,0.7899999999999636,2020-09-09
14863.0,0.7899999999999636,2020-09-10
14863.999999999998,0.7899999999999636,2020-09-11
14864.999999999998,0.7899999999999636,2020-09-12
14866.0,0.7899999999999636,2020-09-13
14866.999999999998,0.7899999999999636,2020-09-14
14867.999999999998,0.7799999999999727,2020-09-15
14869.0,0.7799999999999727,2020-09-16
14869.999999999998,0.7799999999999727,2020-09-17
14870.999999999998,0.7799999999999727,2020-09-18
14871.999999999998,0.7799999999999727,2020-09-19
14872.999999999998,0.7799999999999727,2020-09-20
14874.0,0.7799999999999727,2020-09-21
14874.999999999998,0.7799999999999727,2020-09-22
14875.999999999998,0.7799999999999727,2020-09-23
14877.0,0.7699999999999818,2020-09-24
14877.999999999998,0.7699999999999818,2020-09-25
14878.999999999998,0.0,2020-09-26
14879.999999999998,0.0,2020-09-27
14880.999999999998,0.0,2020-09-28
14882.0,0.0,2020-09-29
14882.999999999998,0.0,2020-09-30
14883.999999999998,0.0,2020-10-01
14885.0,0.7699999999999818,2020-10-02
14885.999999999998,0.7599999999999909,2020-10-03
14886.999999999998,0.7599999999999909,2020-10-04
14888.0,0.7599999999999909,2020-10-05
14888.999999999998,0.0,2020-10-06
14890.0,0.0,2020-10-07
14890.999999999998,0.0,2020-10-08
14891.999999999998,0.0,2020-10-09
14893.0,0.0,2020-10-10
14893.999999999998,0.0,2020-10-11
14894.999999999998,0.0,2020-10-12
14896.0,0.0,2020-10-13
14896.999999999998,0.0,2020-10-14
14897.999999999998,0.0,2020-10-15
14898.999999999998,0.0,2020-10-16
14899.999999999998,0.0,2020-10-17
14901.0,0.0,2020-10-18
14901.999999999998,0.0,2020-10-19
14902.999999999998,0.0,2020-10-20
14904.0,0.0,2020-10-21
14904.999999999998,0.0,2020-10-22
14905.999999999998,0.0,2020-10-23
14906.999999999998,0.0,2020-10-24
14907.999999999998,0.0,2020-10-25
14909.0,0.0,2020-10-26
14909.999999999998,0.0,2020-10-27
14910.999999999998,0.0,2020-10-28
14912.0,0.0,2020-10-29
14912.999999999998,0.0,2020-10-30
14913.999999999998,0.0,2020-10-31
14915.0,0.0,2020-11-01
14915.999999999998,0.0,2020-11-02
14917.0,0.0,2020-11-03
14917.999999999998,0.0,2020-11-04
14918.999999999998,0.0,2020-11-05
14920.0,0.0,2020-11-06
14920.999999999998,0.0,2020-11-07
14921.999999999998,0.0,2020-11-08
14923.0,0.0,2020-11-09
14923.999999999998,0.0,2020-11-10
14924.999999999998,0.0,2020-11-11
14925.999999999998,0.0,2020-11-12
14926.999999999998,0.0,2020-11-13
14928.0,0.0,2020-11-14
14928.999999999998,0.0,2020-11-15
14929.999999999998,0.0,2020-11-16
14931.0,0.0,2020-11-17
14931.999999999998,0.0,2020-11-18
14932.999999999998,0.0,2020-11-19
14933.999999999998,0.0,2020-11-20
14934.999999999998,0.0,2020-11-21
14936.0,0.0,2020-11-22
14936.999999999998,0.0,2020-11-23
14937.999999999998,0.0,2020-11-24
14939.0,0.0,2020-11-25
14939.999999999998,0.0,2020-11-26
14940.999999999998,0.0,2020-11-27
14942.0,0.0,2020-11-28
14942.999999999998,0.0,2020-11-29
14944.0,0.0,2020-11-30
14944.999999999998,0.0,2020-12-01
14945.999999999998,0.0,2020-12-02
14947.0,0.0,2020-12-03
14947.999999999998,0.0,2020-12-04
14948.999999999998,0.0,2020-12-05
14950.0,0.0,2020-12-06
14950.999999999998,0.0,2020-12-07
14951.999999999998,0.0,2020-12-08
14952.999999999998,0.0,2020-12-09
14953.999999999998,0.0,2020-12-10
14955.0,0.0,2020-12-11
14955.999999999998,0.0,2020-12-12
14956.999999999998,0.0,2020-12-13
14958.0,0.0,2020-12-14
14958.999999999998,0.0,2020-12-15
14959.999999999998,0.0,2020-12-16
14960.999999999998,0.0,2020-12-17
14961.999999999998,0.0,2020-12-18
14963.0,0.0,2020-12-19
14963.999999999998,0.0,2020-12-20
14964.999999999998,0.0,2020-12-21
14966.0,0.0,2020-12-22
14966.999999999998,0.0,2020-12-23
14967.999999999998,0.0,2020-12-24
14969.0,0.0,2020-12-25
14969.999999999998,0.0,2020-12-26
14971.0,0.0,2020-12-27
14971.999999999998,0.0,2020-12-28
14972.999999999998,0.0,2020-12-29
14974.0,0.0,2020-12-30
14974.999999999998,0.0,2020-12-31
14975.999999999998,0.0,2021-01-01
14977.0,0.0,2021-01-02
14977.999999999998,0.0,2021-01-03
14978.999999999998,0.0,2021-01-04
14979.999999999998,0.0,2021-01-05
14980.999999999998,0.0,2021-01-06
14982.0,0.0,2021-01-07
14982.999999999998,0.0,2021-01-08
14983.999999999998,0.0,2021-01-09
14985.0,0.0,2021-01-10
14985.999999999998,0.0,2021-01-11
14986.999999999998,0.0,2021-01-12
14987.999999999998,0.0,2021-01-13
14988.999999999998,0.0,2021-01-14
14990.0,0.0,2021-01-15
14990.999999999998,0.0,2021-01-16
14991.999999999998,0.0,2021-01-17
14993.0,0.0,2021-01-18
14993.999999999998,0.0,2021-01-19
14994.999999999998,0.0,2021-01-20
14996.0,0.0,2021-01-21
14996.999999999998,0.0,2021-01-22
14998.0,0.0,2021-01-23
14998.999999999998,0.0,2021-01-24
14999.999999999998,0.0,2021-01-25
15001.0,0.0,2021-01-26
15001.999999999998,0.0,2021-01-27
15002.999999999998,0.0,2021-01-28
15004.0,0.0,2021-01-29
15004.999999999998,0.0,2021-01-30
15005.999999999998,0.0,2021-01-31
15006.999999999998,0.0,2021-02-01
15007.999999999998,0.0,2021-02-02
15009.0,0.0,2021-02-03
15009.999999999998,0.0,2021-02-04
15010.999999999998,0.0,2021-02-05
15012.0,0.0,2021-02-06
15012.999999999998,0.0,2021-02-07
15013.999999999998,0.0,2021-02-08
15014.999999999998,0.0,2021-02-09
15015.999999999998,0.0,2021-02-10
15017.0,0.0,2021-02-11
15017.999999999998,0.0,2021-02-12
15018.999999999998,0.0,2021-02-13
15020.0,0.0,2021-02-14
15020.999999999998,0.0,2021-02-15
15021.999999999998,0.0,2021-02-16
15023.0,0.0,2021-02-17
15023.999999999998,0.0,2021-02-18
15025.0,0.0,2021-02-19
15025.999999999998,0.0,2021-02-20
15026.999999999998,0.0,2021-02-21
15028.0,0.0,2021-02-22
15028.999999999998,0.0,2021-02-23
15029.999999999998,0.0,2021-02-24
15031.0,0.0,2021-02-25
15031.999999999998,0.0,2021-02-26
15032.999999999998,0.0,2021-02-27
15033.999999999998,0.0,2021-02-28
15034.999999999998,0.0,2021-03-01
15036.0,0.0,2021-03-02
15036.999999999998,0.0,2021-03-03
15037.999999999998,0.0,2021-03-04
15039.0,0.0,2021-03-05
15039.999999999998,0.0,2021-03-06
15040.999999999998,0.0,2021-03-07
15041.999999999998,0.0,2021-03-08
15042.999999999998,0.0,2021-03-09
15044.0,0.0,2021-03-10
15044.999999999998,0.0,2021-03-11
15045.999999999998,0.0,2021-03-12
15047.0,0.0,2021-03-13
15047.999999999998,0.0,2021-03-14
15048.999999999998,0.0,2021-03-15
15050.0,0.0,2021-03-16
15050.999999999998,0.0,2021-03-17
15052.0,0.0,2021-03-18
15052.999999999998,0.0,2021-03-19
15053.999999999998,0.0,2021-03-20
15055.0,0.0,2021-03-21
15055.999999999998,0.0,2021-03-22
15056.999999999998,0.0,2021-03-23
15058.0,0.0,2021-03-24
15058.999999999998,0.0,2021-03-25
15059.999999999998,0.0,2021-03-26
15060.999999999998,0.0,2021-03-27
15061.999999999998,0.0,2021-03-28
15063.0,0.0,2021-03-29
15063.999999999998,0.0,2021-03-30
15064.999999999998,0.0,2021-03-31
15066.0,0.0,2021-04-01
15066.999999999998,0.0,2021-04-02
15067.999999999998,0.0,2021-04-03
15068.999999999998,0.0,2021-04-04
15069.999999999998,0.0,2021-04-05
15071.0,0.0,2021-04-06
15071.999999999998,0.0,2021-04-07
15072.999999999998,0.0,2021-04-08
15074.0,0.0,2021-04-09
15074.999999999998,0.0,2021-04-10
15075.999999999998,0.0,2021-04-11
15077.0,0.0,2021-04-12
15077.999999999998,0.0,2021-04-13
15079.0,0.0,2021-04-14
15079.999999999998,0.0,2021-04-15
15080.999999999998,0.0,2021-04-16
15082.0,0.0,2021-04-17
15082.999999999998,0.0,2021-04-18
15083.999999999998,0.0,2021-04-19
15085.0,0.0,2021-04-20
15085.999999999998,0.0,2021-04-21
15086.999999999998,0.0,2021-04-22
15087.999999999998,0.0,2021-04-23
15088.999999999998,0.0,2021-04-24
15090.0,0.0,2021-04-25
15090.999999999998,0.0,2021-04-26
15091.999999999998,0.0,2021-04-27
15093.0,0.0,2021-04-28
15093.999999999998,0.0,2021-04-29
15094.999999999998,0.0,2021-04-30
15095.999999999998,0.0,2021-05-01
15096.999999999998,0.0,2021-05-02
15098.0,0.0,2021-05-03
15098.999999999998,0.0,2021-05-04
15099.999999999998,0.0,2021-05-05
15101.0,0.0,2021-05-06
15101.999999999998,0.0,2021-05-07
15102.999999999998,0.0,2021-05-08
15104.0,0.0,2021-05-09
15104.999999999998,0.0,2021-05-10
15106.0,0.0,2021-05-11
15106.999999999998,0.0,2021-05-12
15107.999999999998,0.0,2021-05-13
15109.0,0.0,2021-05-14
15109.999999999998,0.0,2021-05-15
15110.999999999998,0.0,2021-05-16
15112.0,0.0,2021-05-17
15112.999999999998,0.0,2021-05-18
15113.999999999998,0.0,2021-05-19
15114.999999999998,0.0,2021-05-20
15115.999999999998,0.0,2021-05-21
15117.0,0.0,2021-05-22
15117.999999999998,0.0,2021-05-23
15118.999999999998,0.0,2021-05-24
15120.0,0.0,2021-05-25
15120.999999999998,0.0,2021-05-26
15121.999999999998,0.0,2021-05-27
15122.999999999998,0.0,2021-05-28
15123.999999999998,0.0,2021-05-29
15125.0,0.0,2021-05-30
15125.999999999998,0.0,2021-05-31
15126.999999999998,0.0,2021-06-01
15128.0,0.0,2021-06-02
15128.999999999998,0.0,2021-06-03
15129.999999999998,0.0,2021-06-04
15131.0,0.0,2021-06-05
15131.999999999998,0.0,2021-06-06
15133.0,0.029999999999972715,2021-06-07
15133.999999999998,0.05999999999994543,2021-06-08
15134.999999999998,0.07999999999992724,2021-06-09
15136.0,0.09999999999990905,2021-06-10
15136.999999999998,0.10999999999989996,2021-06-11
15137.999999999998,0.12999999999999545,2021-06-12
15139.0,0.13999999999998636,2021-06-13
15139.999999999998,0.15999999999996817,2021-06-14
15140.999999999998,0.17999999999994998,2021-06-15
15141.999999999998,0.18999999999994088,2021-06-16
15142.999999999998,0.1999999999999318,2021-06-17
15144.0,0.2199999999999136,2021-06-18
15144.999999999998,0.2299999999999045,2021-06-19
15145.999999999998,0.2400000000000091,2021-06-20
15147.0,0.25,2021-06-21
15147.999999999998,0.25,2021-06-22
15148.999999999998,0.2599999999999909,2021-06-23
15149.999999999998,0.2699999999999818,2021-06-24
15150.999999999998,0.2799999999999727,2021-06-25
15152.0,0.2899999999999636,2021-06-26
15152.999999999998,0.2999999999999545,2021-06-27
15153.999999999998,0.30999999999994543,2021-06-28
15155.0,0.30999999999994543,2021-06-29
15155.999999999998,0.30999999999994543,2021-06-30
15156.999999999998,0.31999999999993634,2021-07-01
15158.0,0.31999999999993634,2021-07-02
15158.999999999998,0.33999999999991815,2021-07-03
15160.0,0.33999999999991815,2021-07-04
15160.999999999998,0.34999999999990905,2021-07-05
15161.999999999998,0.35999999999989996,2021-07-06
15163.0,0.36999999999989086,2021-07-07
15163.999999999998,0.37999999999988177,2021-07-08
15164.999999999998,0.38999999999998636,2021-07-09
15166.0,0.39999999999997726,2021-07-10
15166.999999999998,0.40999999999996817,2021-07-11
15167.999999999998,0.40999999999996817,2021-07-12
15168.999999999998,0.4199999999999591,2021-07-13
15169.999999999998,0.42999999999995,2021-07-14
15171.0,0.4399999999999409,2021-07-15
15171.999999999998,0.4499999999999318,2021-07-16
15172.999999999998,0.4599999999999227,2021-07-17
15174.0,0.4699999999999136,2021-07-18
15174.999999999998,0.4799999999999045,2021-07-19
15175.999999999998,0.4899999999998954,2021-07-20
15176.999999999998,0.4999999999998863,2021-07-21
15177.999999999998,0.5199999999999818,2021-07-22
15179.0,0.5299999999999727,2021-07-23
15179.999999999998,0.5399999999999636,2021-07-24
15180.999999999998,0.5499999999999545,2021-07-25
15182.0,0.5599999999999454,2021-07-26
15182.999999999998,0.5699999999999363,2021-07-27
15183.999999999998,0.5799999999999272,2021-07-28
15185.0,0.5899999999999181,2021-07-29
15185.999999999998,0.5899999999999181,2021-07-30
15187.0,0.599999999999909,2021-07-31
15187.999999999998,0.6099999999999,2021-08-01
15188.999999999998,0.6099999999999,2021-08-02
15190.0,0.6199999999998909,2021-08-03
15190.999999999998,0.6299999999998818,2021-08-04
15191.999999999998,0.6399999999999864,2021-08-05
15193.0,0.6499999999999773,2021-08-06
15193.999999999998,0.6599999999999682,2021-08-07
15194.999999999998,0.6599999999999682,2021-08-08
15195.999999999998,0.6699999999999591,2021-08-09
15196.999999999998,0.67999999999995,2021-08-10
15198.0,0.67999999999995,2021-08-11
15198.999999999998,0.67999999999995,2021-08-12
15199.999999999998,0.6899999999999409,2021-08-13
15201.0,0.6899999999999409,2021-08-14
15201.999999999998,0.6899999999999409,2021-08-15
15202.999999999998,0.6899999999999409,2021-08-16
15203.999999999998,0.6999999999999318,2021-08-17
15204.999999999998,0.6999999999999318,2021-08-18
15206.0,0.6999999999999318,2021-08-19
15206.999999999998,0.6999999999999318,2021-08-20
15207.999999999998,0.6999999999999318,2021-08-21
15209.0,0.6999999999999318,2021-08-22
15209.999999999998,0.6999999999999318,2021-08-23
15210.999999999998,0.6999999999999318,2021-08-24
15212.0,0.6999999999999318,2021-08-25
15212.999999999998,0.6999999999999318,2021-08-26
15214.0,0.6999999999999318,2021-08-27
15214.999999999998,0.7099999999999227,2021-08-28
15215.999999999998,0.7099999999999227,2021-08-29
15217.0,0.7099999999999227,2021-08-30
15217.999999999998,0.7099999999999227,2021-08-31
15218.999999999998,0.7099999999999227,2021-09-01
15220.0,0.7099999999999227,2021-09-02
15220.999999999998,0.7099999999999227,2021-09-03
15221.999999999998,0.7099999999999227,2021-09-04
15222.999999999998,0.7099999999999227,2021-09-05
15223.999999999998,0.7199999999999136,2021-09-06
15225.0,0.7199999999999136,2021-09-07
15225.999999999998,0.7199999999999136,2021-09-08
15226.999999999998,0.7199999999999136,2021-09-09
15228.0,0.7299999999999045,2021-09-10
15228.999999999998,0.7299999999999045,2021-09-11
15229.999999999998,0.7299999999999045,2021-09-12
15230.999999999998,0.7299999999999045,2021-09-13
15231.999999999998,0.7399999999998954,2021-09-14
15233.0,0.7399999999998954,2021-09-15
15233.999999999998,0.7399999999998954,2021-09-16
15234.999999999998,0.7499999999998863,2021-09-17
15236.0,0.7499999999998863,2021-09-18
15236.999999999998,0.7499999999998863,2021-09-19
15237.999999999998,0.7499999999998863,2021-09-20
15239.0,0.7499999999998863,2021-09-21
15239.999999999998,0.7499999999998863,2021-09-22
15241.0,0.7499999999998863,2021-09-23
15241.999999999998,0.7499999999998863,2021-09-24
15242.999999999998,0.7499999999998863,2021-09-25
15244.0,0.7499999999998863,2021-09-26
15244.999999999998,0.0,2021-09-27
15245.999999999998,0.0,2021-09-28
15247.0,0.0,2021-09-29
15247.999999999998,0.0,2021-09-30
15248.999999999998,0.0,2021-10-01
15249.999999999998,0.0,2021-10-02
15250.999999999998,0.0,2021-10-03
15252.0,0.0,2021-10-04
15252.999999999998,0.0,2021-10-05
15253.999999999998,0.0,2021-10-06
15255.0,0.0,2021-10-07
15255.999999999998,0.0,2021-10-08
15256.999999999998,0.0,2021-10-09
15257.999999999998,0.0,2021-10-10
15258.999999999998,0.0,2021-10-11
15260.0,0.0,2021-10-12
15260.999999999998,0.0,2021-10-13
15261.999999999998,0.0,2021-10-14
15263.0,0.0,2021-10-15
15263.999999999998,0.0,2021-10-16
15264.999999999998,0.0,2021-10-17
15266.0,0.0,2021-10-18
15266.999999999998,0.0,2021-10-19
15268.0,0.0,2021-10-20
15268.999999999998,0.0,2021-10-21
15269.999999999998,0.0,2021-10-22
15271.0,0.0,2021-10-23
15271.999999999998,0.0,2021-10-24
15272.999999999998,0.0,2021-10-25
15274.0,0.0,2021-10-26
15274.999999999998,0.0,2021-10-27
15275.999999999998,0.0,2021-10-28
15276.999999999998,0.0,2021-10-29
15277.999999999998,0.0,2021-10-30
15279.0,0.0,2021-10-31
15279.999999999998,0.0,2021-11-01
15280.999999999998,0.0,2021-11-02
15282.0,0.0,2021-11-03
15282.999999999998,0.0,2021-11-04
15283.999999999998,0.0,2021-11-05
15284.999999999996,0.0,2021-11-06
15285.999999999998,0.0,2021-11-07
15287.0,0.0,2021-11-08
15287.999999999998,0.0,2021-11-09
15288.999999999998,0.0,2021-11-10
15290.0,0.0,2021-11-11
15290.999999999998,0.0,2021-11-12
15291.999999999998,0.0,2021-11-13
15293.0,0.0,2021-11-14
15293.999999999998,0.0,2021-11-15
15295.0,0.0,2021-11-16
15295.999999999998,0.0,2021-11-17
15296.999999999998,0.0,2021-11-18
15298.0,0.0,2021-11-19
15298.999999999998,0.0,2021-11-20
15299.999999999998,0.0,2021-11-21
15301.0,0.0,2021-11-22
15301.999999999998,0.0,2021-11-23
15302.999999999998,0.0,2021-11-24
15303.999999999998,0.0,2021-11-25
15304.999999999998,0.0,2021-11-26
15306.0,0.0,2021-11-27
15306.999999999998,0.0,2021-11-28
15307.999999999998,0.0,2021-11-29
15309.0,0.0,2021-11-30
15309.999999999998,0.0,2021-12-01
15310.999999999998,0.0,2021-12-02
15311.999999999996,0.0,2021-12-03
15312.999999999998,0.0,2021-12-04
15314.0,0.0,2021-12-05
15314.999999999998,0.0,2021-12-06
15315.999999999998,0.0,2021-12-07
15317.0,0.0,2021-12-08
15317.999999999998,0.0,2021-12-09
15318.999999999998,0.0,2021-12-10
15320.0,0.0,2021-12-11
15320.999999999998,0.0,2021-12-12
15322.0,0.0,2021-12-13
15322.999999999998,0.0,2021-12-14
15323.999999999998,0.0,2021-12-15
15325.0,0.0,2021-12-16
15325.999999999998,0.0,2021-12-17
15326.999999999998,0.0,2021-12-18
15328.0,0.0,2021-12-19
15328.999999999998,0.0,2021-12-20
15329.999999999998,0.0,2021-12-21
15330.999999999998,0.0,2021-12-22
15331.999999999998,0.0,2021-12-23
15333.0,0.0,2021-12-24
15333.999999999998,0.0,2021-12-25
15334.999999999998,0.0,2021-12-26
15336.0,0.0,2021-12-27
15336.999999999998,0.0,2021-12-28
15337.999999999998,0.0,2021-12-29
15338.999999999996,0.0,2021-12-30
15339.999999999998,0.0,2021-12-31
15341.0,0.0,2022-01-01
15341.999999999998,0.0,2022-01-02
15342.999999999998,0.0,2022-01-03
15344.0,0.0,2022-01-04
15344.999999999998,0.0,2022-01-05
15345.999999999998,0.0,2022-01-06
15347.0,0.0,2022-01-07
15347.999999999998,0.0,2022-01-08
15348.999999999998,0.0,2022-01-09
15349.999999999998,0.0,2022-01-10
15350.999999999998,0.0,2022-01-11
15352.0,0.0,2022-01-12
15352.999999999998,0.0,2022-01-13
15353.999999999998,0.0,2022-01-14
15355.0,0.0,2022-01-15
15355.999999999998,0.0,2022-01-16
15356.999999999998,0.0,2022-01-17
15357.999999999998,0.0,2022-01-18
15358.999999999998,0.0,2022-01-19
15360.0,0.0,2022-01-20
15360.999999999998,0.0,2022-01-21
15361.999999999998,0.0,2022-01-22
15363.0,0.0,2022-01-23
15363.999999999998,0.0,2022-01-24
15364.999999999998,0.0,2022-01-25
15365.999999999996,0.0,2022-01-26
15366.999999999998,0.0,2022-01-27
15368.0,0.0,2022-01-28
15368.999999999998,0.0,2022-01-29
15369.999999999998,0.0,2022-01-30
15371.0,0.0,2022-01-31
15371.999999999998,0.0,2022-02-01
15372.999999999998,0.0,2022-02-02
15374.0,0.0,2022-02-03
15374.999999999998,0.0,2022-02-04
15375.999999999998,0.0,2022-02-05
15376.999999999998,0.0,2022-02-06
15377.999999999998,0.0,2022-02-07
15379.0,0.0,2022-02-08
15379.999999999998,0.0,2022-02-09
15380.999999999998,0.0,2022-02-10
15382.0,0.0,2022-02-11
15382.999999999998,0.0,2022-02-12
15383.999999999998,0.0,2022-02-13
15384.999999999998,0.0,2022-02-14
15385.999999999998,0.0,2022-02-15
15387.0,0.0,2022-02-16
15387.999999999998,0.0,2022-02-17
15388.999999999998,0.0,2022-02-18
15390.0,0.0,2022-02-19
15390.999999999998,0.0,2022-02-20
15391.999999999998,0.0,2022-02-21
15392.999999999996,0.0,2022-02-22
15393.999999999998,0.0,2022-02-23
15395.0,0.0,2022-02-24
15395.999999999998,0.0,2022-02-25
15396.999999999998,0.0,2022-02-26
15398.0,0.0,2022-02-27
15398.999999999998,0.0,2022-02-28
15399.999999999998,0.0,2022-03-01
15401.0,0.0,2022-03-02
15401.999999999998,0.0,2022-03-03
15402.999999999998,0.0,2022-03-04
15403.999999999998,0.0,2022-03-05
15404.999999999998,0.0,2022-03-06
15406.0,0.0,2022-03-07
15406.999999999998,0.0,2022-03-08
15407.999999999998,0.0,2022-03-09
15409.0,0.0,2022-03-10
15409.999999999998,0.0,2022-03-11
15410.999999999998,0.0,2022-03-12
15411.999999999998,0.0,2022-03-13
15412.999999999998,0.0,2022-03-14
15414.0,0.0,2022-03-15
15414.999999999998,0.0,2022-03-16
15415.999999999998,0.0,2022-03-17
15417.0,0.0,2022-03-18
15417.999999999998,0.0,2022-03-19
15418.999999999998,0.0,2022-03-20
15420.0,0.0,2022-03-21
15420.999999999998,0.0,2022-03-22
15422.0,0.0,2022-03-23
15422.999999999998,0.0,2022-03-24
15423.999999999998,0.0,2022-03-25
15425.0,0.0,2022-03-26
15425.999999999998,0.0,2022-03-27
15426.999999999998,0.0,2022-03-28
15428.0,0.0,2022-03-29
15428.999999999998,0.0,2022-03-30
15429.999999999998,0.0,2022-03-31
15430.999999999998,0.0,2022-04-01
15431.999999999998,0.0,2022-04-02
15433.0,0.0,2022-04-03
15433.999999999998,0.0,2022-04-04
15434.999999999998,0.0,2022-04-05
15436.0,0.0,2022-04-06
15436.999999999998,0.0,2022-04-07
15437.999999999998,0.0,2022-04-08
15438.999999999998,0.0,2022-04-09
15439.999999999998,0.0,2022-04-10
15441.0,0.0,2022-04-11
15441.999999999998,0.0,2022-04-12
15442.999999999998,0.0,2022-04-13
15444.0,0.0,2022-04-14
15444.999999999998,0.0,2022-04-15
15445.999999999998,0.0,2022-04-16
15447.0,0.0,2022-04-17
15447.999999999998,0.0,2022-04-18
15449.0,0.0,2022-04-19
15449.999999999998,0.0,2022-04-20
15450.999999999998,0.0,2022-04-21
15452.0,0.0,2022-04-22
15452.999999999998,0.0,2022-04-23
15453.999999999998,0.0,2022-04-24
15455.0,0.0,2022-04-25
15455.999999999998,0.0,2022-04-26
15456.999999999998,0.0,2022-04-27
15457.999999999998,0.0,2022-04-28
15458.999999999998,0.0,2022-04-29
15460.0,0.0,2022-04-30
15460.999999999998,0.0,2022-05-01
15461.999999999998,0.0,2022-05-02
15463.0,0.0,2022-05-03
15463.999999999998,0.0,2022-05-04
15464.999999999998,0.0,2022-05-05
15465.999999999998,0.0,2022-05-06
15466.999999999998,0.0,2022-05-07
15468.0,0.0,2022-05-08
15468.999999999998,0.0,2022-05-09
15469.999999999998,0.0,2022-05-10
15471.0,0.0,2022-05-11
15471.999999999998,0.0,2022-05-12
15472.999999999998,0.0,2022-05-13
15474.0,0.0,2022-05-14
15474.999999999998,0.0,2022-05-15
15476.0,0.0,2022-05-16
15476.999999999998,0.0,2022-05-17
15477.999999999998,0.0,2022-05-18
15479.0,0.0,2022-05-19
15479.999999999998,0.0,2022-05-20
15480.999999999998,0.0,2022-05-21
15482.0,0.0,2022-05-22
15482.999999999998,0.0,2022-05-23
15483.999999999998,0.0,2022-05-24
15484.999999999998,0.0,2022-05-25
15485.999999999998,0.0,2022-05-26
15487.0,0.0,2022-05-27
15487.999999999998,0.0,2022-05-28
15488.999999999998,0.0,2022-05-29
15490.0,0.0,2022-05-30
15490.999999999998,0.01999999999998181,2022-05-31
15491.999999999998,0.049999999999954525,2022-06-01
15492.999999999998,0.06999999999993634,2022-06-02
15493.999999999998,0.07999999999992724,2022-06-03
15495.0,0.09999999999990905,2022-06-04
15495.999999999998,0.10999999999989996,2022-06-05
15496.999999999998,0.12000000000000455,2022-06-06
15498.0,0.12999999999999545,2022-06-07
15498.999999999998,0.12999999999999545,2022-06-08
15499.999999999998,0.13999999999998636,2022-06-09
15501.0,0.13999999999998636,2022-06-10
15501.999999999998,0.12999999999999545,2022-06-11
15503.0,0.12999999999999545,2022-06-12
15503.999999999998,0.12999999999999545,2022-06-13
15504.999999999998,0.12999999999999545,2022-06-14
15506.0,0.13999999999998636,2022-06-15
15506.999999999998,0.15999999999996817,2022-06-16
15507.999999999998,0.16999999999995907,2022-06-17
15509.0,0.17999999999994998,2022-06-18
15509.999999999998,0.18999999999994088,2022-06-19
15510.999999999998,0.1999999999999318,2022-06-20
15511.999999999998,0.2099999999999227,2022-06-21
15512.999999999998,0.2199999999999136,2022-06-22
15514.0,0.2299999999999045,2022-06-23
15514.999999999998,0.2400000000000091,2022-06-24
15515.999999999998,0.25,2022-06-25
15517.0,0.25,2022-06-26
15517.999999999998,0.2599999999999909,2022-06-27
15518.999999999998,0.2699999999999818,2022-06-28
15519.999999999998,0.2799999999999727,2022-06-29
15520.999999999998,0.2899999999999636,2022-06-30
15522.0,0.2999999999999545,2022-07-01
15522.999999999998,0.30999999999994543,2022-07-02
15523.999999999998,0.31999999999993634,2022-07-03
15525.0,0.32999999999992724,2022-07-04
15525.999999999998,0.34999999999990905,2022-07-05
15526.999999999998,0.35999999999989996,2022-07-06
15528.0,0.37999999999988177,2022-07-07
15528.999999999998,0.38999999999998636,2022-07-08
15530.0,0.40999999999996817,2022-07-09
15530.999999999998,0.4199999999999591,2022-07-10
15531.999999999998,0.4399999999999409,2022-07-11
15533.0,0.4499999999999318,2022-07-12
15533.999999999998,0.4599999999999227,2022-07-13
15534.999999999998,0.4699999999999136,2022-07-14
15536.0,0.4699999999999136,2022-07-15
15536.999999999998,0.4799999999999045,2022-07-16
15537.999999999998,0.4799999999999045,2022-07-17
15538.999999999998,0.4799999999999045,2022-07-18
15539.999999999998,0.4899999999998954,2022-07-19
15541.0,0.4999999999998863,2022-07-20
15541.999999999998,0.4999999999998863,2022-07-21
15542.999999999998,0.5099999999999909,2022-07-22
15544.0,0.5099999999999909,2022-07-23
15544.999999999998,0.5199999999999818,2022-07-24
15545.999999999998,0.5199999999999818,2022-07-25
15546.999999999998,0.5299999999999727,2022-07-26
15547.999999999998,0.5399999999999636,2022-07-27
15549.0,0.5399999999999636,2022-07-28
15549.999999999998,0.5499999999999545,2022-07-29
15550.999999999998,0.5499999999999545,2022-07-30
15552.0,0.5499999999999545,2022-07-31
15552.999999999998,0.5499999999999545,2022-08-01
15553.999999999998,0.5499999999999545,2022-08-02
15555.0,0.5599999999999454,2022-08-03
15555.999999999998,0.5599999999999454,2022-08-04
15557.0,0.5699999999999363,2022-08-05
15557.999999999998,0.5799999999999272,2022-08-06
15558.999999999998,0.5799999999999272,2022-08-07
15560.0,0.5899999999999181,2022-08-08
15560.999999999998,0.599999999999909,2022-08-09
15561.999999999998,0.599999999999909,2022-08-10
15563.0,0.599999999999909,2022-08-11
15563.999999999998,0.6099999999999,2022-08-12
15564.999999999998,0.6099999999999,2022-08-13
15565.999999999998,0.6099999999999,2022-08-14
15566.999999999998,0.6199999999998909,2022-08-15
15568.0,0.6199999999998909,2022-08-16
15568.999999999998,0.6299999999998818,2022-08-17
15569.999999999998,0.6299999999998818,2022-08-18
15571.0,0.6399999999999864,2022-08-19
15571.999999999998,0.6399999999999864,2022-08-20
15572.999999999998,0.6499999999999773,2022-08-21
15573.999999999998,0.6499999999999773,2022-08-22
15574.999999999998,0.6499999999999773,2022-08-23
15576.0,0.6599999999999682,2022-08-24
15576.999999999998,0.6599999999999682,2022-08-25
15577.999999999998,0.6599999999999682,2022-08-26
15579.0,0.6699999999999591,2022-08-27
15579.999999999998,0.6699999999999591,2022-08-28
15580.999999999998,0.67999999999995,2022-08-29
15582.0,0.67999999999995,2022-08-30
15582.999999999998,0.6899999999999409,2022-08-31
15584.0,0.6899999999999409,2022-09-01
15584.999999999998,0.6999999999999318,2022-09-02
15585.999999999998,0.6999999999999318,2022-09-03
15587.0,0.6999999999999318,2022-09-04
15587.999999999998,0.7099999999999227,2022-09-05
15588.999999999998,0.7099999999999227,2022-09-06
15590.0,0.7099999999999227,2022-09-07
15590.999999999998,0.7199999999999136,2022-09-08
15591.999999999998,0.7199999999999136,2022-09-09
15592.999999999998,0.7199999999999136,2022-09-10
15593.999999999998,0.7199999999999136,2022-09-11
15595.0,0.7299999999999045,2022-09-12
15595.999999999998,0.7299999999999045,2022-09-13
15596.999999999998,0.7299999999999045,2022-09-14
15598.0,0.7299999999999045,2022-09-15
15598.999999999998,0.7299999999999045,2022-09-16
15599.999999999998,0.7299999999999045,2022-09-17
15600.999999999998,0.7299999999999045,2022-09-18
15601.999999999998,0.7299999999999045,2022-09-19
15603.0,0.7299999999999045,2022-09-20
15603.999999999998,0.7299999999999045,2022-09-21
15604.999999999998,0.7299999999999045,2022-09-22
15606.0,0.7299999999999045,2022-09-23
15606.999999999998,0.7299999999999045,2022-09-24
15607.999999999998,0.0,2022-09-25
15609.0,0.0,2022-09-26
15609.999999999998,0.0,2022-09-27
15611.0,0.0,2022-09-28
15611.999999999998,0.0,2022-09-29
15612.999999999998,0.0,2022-09-30
15614.0,0.0,2022-10-01
15614.999999999998,0.0,2022-10-02
15615.999999999998,0.0,2022-10-03
15617.0,0.0,2022-10-04
15617.999999999998,0.0,2022-10-05
15618.999999999998,0.0,2022-10-06
15619.999999999998,0.0,2022-10-07
15620.999999999998,0.0,2022-10-08
15622.0,0.0,2022-10-09
15622.999999999998,0.0,2022-10-10
15623.999999999998,0.0,2022-10-11
15625.0,0.0,2022-10-12
15625.999999999998,0.0,2022-10-13
15626.999999999998,0.0,2022-10-14
15627.999999999998,0.0,2022-10-15
15628.999999999998,0.0,2022-10-16
15630.0,0.0,2022-10-17
15630.999999999998,0.0,2022-10-18
15631.999999999998,0.0,2022-10-19
15633.0,0.0,2022-10-20
15633.999999999998,0.0,2022-10-21
15634.999999999998,0.0,2022-10-22
15636.0,0.0,2022-10-23
15636.999999999998,0.0,2022-10-24
15638.0,0.0,2022-10-25
15638.999999999998,0.0,2022-10-26
15639.999999999998,0.0,2022-10-27
15641.0,0.0,2022-10-28
15641.999999999998,0.0,2022-10-29
15642.999999999998,0.0,2022-10-30
15644.0,0.0,2022-10-31
15644.999999999998,0.0,2022-11-01
15645.999999999998,0.0,2022-11-02
15646.999999999998,0.0,2022-11-03
15647.999999999998,0.0,2022-11-04
15649.0,0.0,2022-11-05
15649.999999999998,0.0,2022-11-06
15650.999999999998,0.0,2022-11-07
15652.0,0.0,2022-11-08
15652.999999999998,0.0,2022-11-09
15653.999999999998,0.0,2022-11-10
15654.999999999998,0.0,2022-11-11
15655.999999999998,0.0,2022-11-12
15657.0,0.0,2022-11-13
15657.999999999998,0.0,2022-11-14
15658.999999999998,0.0,2022-11-15
15660.0,0.0,2022-11-16
15660.999999999998,0.0,2022-11-17
15661.999999999998,0.0,2022-11-18
15663.0,0.0,2022-11-19
15663.999999999998,0.0,2022-11-20
15665.0,0.0,2022-11-21
15665.999999999998,0.0,2022-11-22
15666.999999999998,0.0,2022-11-23
15668.0,0.0,2022-11-24
15668.999999999998,0.0,2022-11-25
15669.999999999998,0.0,2022-11-26
15671.0,0.0,2022-11-27
15671.999999999998,0.0,2022-11-28
15672.999999999998,0.0,2022-11-29
15673.999999999998,0.0,2022-11-30
15674.999999999998,0.0,2022-12-01
15676.0,0.0,2022-12-02
15676.999999999998,0.0,2022-12-03
15677.999999999998,0.0,2022-12-04
15679.0,0.0,2022-12-05
15679.999999999998,0.0,2022-12-06
15680.999999999998,0.0,2022-12-07
15681.999999999998,0.0,2022-12-08
15682.999999999998,0.0,2022-12-09
15684.0,0.0,2022-12-10
15684.999999999998,0.0,2022-12-11
15685.999999999998,0.0,2022-12-12
15687.0,0.0,2022-12-13
15687.999999999998,0.0,2022-12-14
15688.999999999998,0.0,2022-12-15
15690.0,0.0,2022-12-16
15690.999999999998,0.0,2022-12-17
15692.0,0.0,2022-12-18
15692.999999999998,0.0,2022-12-19
15693.999999999998,0.0,2022-12-20
15695.0,0.0,2022-12-21
15695.999999999998,0.0,2022-12-22
15696.999999999998,0.0,2022-12-23
15698.0,0.0,2022-12-24
15698.999999999998,0.0,2022-12-25
15699.999999999998,0.0,2022-12-26
15700.999999999998,0.0,2022-12-27
15701.999999999998,0.0,2022-12-28
15703.0,0.0,2022-12-29
15703.999999999998,0.0,2022-12-30
15704.999999999998,0.0,2022-12-31
15706.0,0.0,2023-01-01
15706.999999999998,0.0,2023-01-02
15707.999999999998,0.0,2023-01-03
15708.999999999998,0.0,2023-01-04
15709.999999999998,0.0,2023-01-05
15711.0,0.0,2023-01-06
15711.999999999998,0.0,2023-01-07
15712.999999999998,0.0,2023-01-08
15714.0,0.0,2023-01-09
15714.999999999998,0.0,2023-01-10
15715.999999999998,0.0,2023-01-11
15717.0,0.0,2023-01-12
15717.999999999998,0.0,2023-01-13
15719.0,0.0,2023-01-14
15719.999999999998,0.0,2023-01-15
15720.999999999998,0.0,2023-01-16
15722.0,0.0,2023-01-17
15722.999999999998,0.0,2023-01-18
15723.999999999998,0.0,2023-01-19
15725.0,0.0,2023-01-20
15725.999999999998,0.0,2023-01-21
15726.999999999998,0.0,2023-01-22
15727.999999999998,0.0,2023-01-23
15728.999999999998,0.0,2023-01-24
15730.0,0.0,2023-01-25
15730.999999999998,0.0,2023-01-26
15731.999999999998,0.0,2023-01-27
15733.0,0.0,2023-01-28
15733.999999999998,0.0,2023-01-29
15734.999999999998,0.0,2023-01-30
15735.999999999998,0.0,2023-01-31
15736.999999999998,0.0,2023-02-01
15738.0,0.0,2023-02-02
15738.999999999998,0.0,2023-02-03
15739.999999999998,0.0,2023-02-04
15741.0,0.0,2023-02-05
15741.999999999998,0.0,2023-02-06
15742.999999999998,0.0,2023-02-07
15744.0,0.0,2023-02-08
15744.999999999998,0.0,2023-02-09
15746.0,0.0,2023-02-10
15746.999999999998,0.0,2023-02-11
15747.999999999998,0.0,2023-02-12
15749.0,0.0,2023-02-13
15749.999999999998,0.0,2023-02-14
15750.999999999998,0.0,2023-02-15
15752.0,0.0,2023-02-16
15752.999999999998,0.0,2023-02-17
15753.999999999998,0.0,2023-02-18
15754.999999999998,0.0,2023-02-19
15755.999999999998,0.0,2023-02-20
15757.0,0.0,2023-02-21
15757.999999999998,0.0,2023-02-22
15758.999999999998,0.0,2023-02-23
15760.0,0.0,2023-02-24
15760.999999999998,0.0,2023-02-25
15761.999999999998,0.0,2023-02-26
15762.999999999998,0.0,2023-02-27
15763.999999999998,0.0,2023-02-28
15765.0,0.0,2023-03-01
15765.999999999998,0.0,2023-03-02
15766.999999999998,0.0,2023-03-03
15768.0,0.0,2023-03-04
15768.999999999998,0.0,2023-03-05
15769.999999999998,0.0,2023-03-06
15771.0,0.0,2023-03-07
15771.999999999998,0.0,2023-03-08
15773.0,0.0,2023-03-09
15773.999999999998,0.0,2023-03-10
15774.999999999998,0.0,2023-03-11
15776.0,0.0,2023-03-12
15776.999999999998,0.0,2023-03-13
15777.999999999998,0.0,2023-03-14
15779.0,0.0,2023-03-15
15779.999999999998,0.0,2023-03-16
15780.999999999998,0.0,2023-03-17
15781.999999999998,0.0,2023-03-18
15782.999999999998,0.0,2023-03-19
15784.0,0.0,2023-03-20
15784.999999999998,0.0,2023-03-21
15785.999999999998,0.0,2023-03-22
15787.0,0.0,2023-03-23
15787.999999999998,0.0,2023-03-24
15788.999999999998,0.0,2023-03-25
15789.999999999996,0.0,2023-03-26
15790.999999999998,0.0,2023-03-27
15792.0,0.0,2023-03-28
15792.999999999998,0.0,2023-03-29
15793.999999999998,0.0,2023-03-30
15795.0,0.0,2023-03-31
15795.999999999998,0.0,2023-04-01
15796.999999999998,0.0,2023-04-02
15798.0,0.0,2023-04-03
15798.999999999998,0.0,2023-04-04
15800.0,0.0,2023-04-05
15800.999999999998,0.0,2023-04-06
15801.999999999998,0.0,2023-04-07
15803.0,0.0,2023-04-08
15803.999999999998,0.0,2023-04-09
15804.999999999998,0.0,2023-04-10
15806.0,0.0,2023-04-11
15806.999999999998,0.0,2023-04-12
15807.999999999998,0.0,2023-04-13
15808.999999999998,0.0,2023-04-14
15809.999999999998,0.0,2023-04-15
15811.0,0.0,2023-04-16
15811.999999999998,0.0,2023-04-17
15812.999999999998,0.0,2023-04-18
15814.0,0.0,2023-04-19
15814.999999999998,0.0,2023-04-20
15815.999999999998,0.0,2023-04-21
15816.999999999996,0.0,2023-04-22
15817.999999999998,0.0,2023-04-23
15819.0,0.0,2023-04-24
15819.999999999998,0.0,2023-04-25
15820.999999999998,0.0,2023-04-26
15822.0,0.0,2023-04-27
15822.999999999998,0.0,2023-04-28
15823.999999999998,0.0,2023-04-29
15825.0,0.0,2023-04-30
15825.999999999998,0.0,2023-05-01
15826.999999999998,0.0,2023-05-02
15827.999999999998,0.0,2023-05-03
15828.999999999998,0.0,2023-05-04
15830.0,0.0,2023-05-05
15830.999999999998,0.0,2023-05-06
15831.999999999998,0.0,2023-05-07
15833.0,0.0,2023-05-08
15833.999999999998,0.0,2023-05-09
15834.999999999998,0.0,2023-05-10
15835.999999999998,0.0,2023-05-11
15836.999999999998,0.0,2023-05-12
15838.0,0.0,2023-05-13
15838.999999999998,0.0,2023-05-14
15839.999999999998,0.0,2023-05-15
15841.0,0.0,2023-05-16
15841.999999999998,0.0,2023-05-17
15842.999999999998,0.0,2023-05-18
15843.999999999996,0.0,2023-05-19
15844.999999999998,0.0,2023-05-20
15846.0,0.0,2023-05-21
15846.999999999998,0.0,2023-05-22
15847.999999999998,0.0,2023-05-23
15849.0,0.0,2023-05-24
15849.999999999998,0.0,2023-05-25
15850.999999999998,0.0,2023-05-26
15852.0,0.0,2023-05-27
15852.999999999998,0.0,2023-05-28
15853.999999999998,0.0,2023-05-29
15854.999999999998,0.01999999999998181,2023-05-30
15855.999999999998,0.03999999999996362,2023-05-31
15857.0,0.03999999999996362,2023-06-01
15857.999999999998,0.029999999999972715,2023-06-02
15858.999999999998,0.029999999999972715,2023-06-03
15860.0,0.029999999999972715,2023-06-04
15860.999999999998,0.029999999999972715,2023-06-05
15861.999999999998,0.049999999999954525,2023-06-06
15862.999999999998,0.07999999999992724,2023-06-07
15863.999999999998,0.09999999999990905,2023-06-08
15865.0,0.10999999999989996,2023-06-09
15865.999999999998,0.10999999999989996,2023-06-10
15866.999999999998,0.10999999999989996,2023-06-11
15868.0,0.12000000000000455,2023-06-12
15868.999999999998,0.12999999999999545,2023-06-13
15869.999999999998,0.13999999999998636,2023-06-14
15870.999999999996,0.14999999999997726,2023-06-15
15871.999999999998,0.15999999999996817,2023-06-16
15873.0,0.16999999999995907,2023-06-17
15873.999999999998,0.17999999999994998,2023-06-18
15874.999999999998,0.18999999999994088,2023-06-19
15876.0,0.1999999999999318,2023-06-20
15876.999999999998,0.2099999999999227,2023-06-21
15877.999999999998,0.2099999999999227,2023-06-22
15879.0,0.2199999999999136,2023-06-23
15879.999999999998,0.2299999999999045,2023-06-24
15880.999999999998,0.2400000000000091,2023-06-25
15881.999999999998,0.25,2023-06-26
15882.999999999998,0.2599999999999909,2023-06-27
15884.0,0.2699999999999818,2023-06-28
15884.999999999998,0.2799999999999727,2023-06-29
15885.999999999998,0.2899999999999636,2023-06-30
15887.0,0.2999999999999545,2023-07-01
15887.999999999998,0.30999999999994543,2023-07-02
15888.999999999998,0.30999999999994543,2023-07-03
15889.999999999998,0.31999999999993634,2023-07-04
15890.999999999998,0.33999999999991815,2023-07-05
15892.0,0.34999999999990905,2023-07-06
15892.999999999998,0.35999999999989996,2023-07-07
15893.999999999998,0.36999999999989086,2023-07-08
15895.0,0.37999999999988177,2023-07-09
15895.999999999998,0.38999999999998636,2023-07-10
15896.999999999998,0.39999999999997726,2023-07-11
15897.999999999996,0.40999999999996817,2023-07-12
15898.999999999998,0.4199999999999591,2023-07-13
15900.0,0.42999999999995,2023-07-14
15900.999999999998,0.4399999999999409,2023-07-15
15901.999999999998,0.4499999999999318,2023-07-16
15903.0,0.4599999999999227,2023-07-17
15903.999999999998,0.4599999999999227,2023-07-18
15904.999999999998,0.4699999999999136,2023-07-19
15906.0,0.4799999999999045,2023-07-20
15906.999999999998,0.4999999999998863,2023-07-21
15907.999999999998,0.5099999999999909,2023-07-22
15908.999999999998,0.5199999999999818,2023-07-23
15909.999999999998,0.5299999999999727,2023-07-24
15911.0,0.5499999999999545,2023-07-25
15911.999999999998,0.5599999999999454,2023-07-26
15912.999999999998,0.5799999999999272,2023-07-27
15914.0,0.5899999999999181,2023-07-28
15914.999999999998,0.599999999999909,2023-07-29
15915.999999999998,0.6199999999998909,2023-07-30
15916.999999999998,0.6299999999998818,2023-07-31
15917.999999999998,0.6399999999999864,2023-08-01
15919.0,0.6499999999999773,2023-08-02
15919.999999999998,0.6599999999999682,2023-08-03
15920.999999999998,0.6699999999999591,2023-08-04
15922.0,0.67999999999995,2023-08-05
15922.999999999998,0.67999999999995,2023-08-06
15923.999999999998,0.6899999999999409,2023-08-07
15924.999999999996,0.6999999999999318,2023-08-08
15925.999999999998,0.7099999999999227,2023-08-09
15927.0,0.7199999999999136,2023-08-10
15927.999999999998,0.7299999999999045,2023-08-11
15928.999999999998,0.7399999999998954,2023-08-12
15930.0,0.7499999999998863,2023-08-13
15930.999999999998,0.7599999999999909,2023-08-14
15931.999999999998,0.7699999999999818,2023-08-15
15933.0,0.7699999999999818,2023-08-16
15933.999999999998,0.7799999999999727,2023-08-17
15934.999999999998,0.7899999999999636,2023-08-18
15935.999999999998,0.7899999999999636,2023-08-19
15936.999999999998,0.7999999999999545,2023-08-20
15938.0,0.7999999999999545,2023-08-21
15938.999999999998,0.8099999999999454,2023-08-22
15939.999999999998,0.8099999999999454,2023-08-23
15941.0,0.8099999999999454,2023-08-24
15941.999999999998,0.8199999999999363,2023-08-25
15942.999999999998,0.8199999999999363,2023-08-26
15943.999999999998,0.8199999999999363,2023-08-27
15944.999999999998,0.8199999999999363,2023-08-28
15946.0,0.8299999999999272,2023-08-29
15946.999999999998,0.8299999999999272,2023-08-30
15947.999999999998,0.8299999999999272,2023-08-31
15949.0,0.8299999999999272,2023-09-01
15949.999999999998,0.8399999999999181,2023-09-02
15950.999999999998,0.8399999999999181,2023-09-03
15951.999999999996,0.8399999999999181,2023-09-04
15952.999999999998,0.8399999999999181,2023-09-05
15954.0,0.849999999999909,2023-09-06
15954.999999999998,0.849999999999909,2023-09-07
15955.999999999998,0.849999999999909,2023-09-08
15957.0,0.849999999999909,2023-09-09
15957.999999999998,0.849999999999909,2023-09-10
15958.999999999998,0.849999999999909,2023-09-11
15960.0,0.849999999999909,2023-09-12
15960.999999999998,0.849999999999909,2023-09-13
15961.999999999998,0.849999999999909,2023-09-14
15962.999999999998,0.849999999999909,2023-09-15
15963.999999999998,0.849999999999909,2023-09-16
15965.0,0.849999999999909,2023-09-17
15965.999999999998,0.849999999999909,2023-09-18
15966.999999999998,0.8599999999999,2023-09-19
15968.0,0.8599999999999,2023-09-20
15968.999999999998,0.8599999999999,2023-09-21
15969.999999999998,0.8599999999999,2023-09-22
15970.999999999998,0.8599999999999,2023-09-23
15971.999999999998,0.8599999999999,2023-09-24
15973.0,0.0,2023-09-25
15973.999999999998,0.0,2023-09-26
15974.999999999998,0.0,2023-09-27
15976.0,0.0,2023-09-28
15976.999999999998,0.0,2023-09-29
15977.999999999998,0.0,2023-09-30
15978.999999999996,0.0,2023-10-01
15979.999999999998,0.0,2023-10-02
15981.0,0.0,2023-10-03
15981.999999999998,0.0,2023-10-04
15982.999999999998,0.0,2023-10-05
15984.0,0.0,2023-10-06
15984.999999999998,0.0,2023-10-07
15985.999999999998,0.0,2023-10-08
15987.0,0.0,2023-10-09
15987.999999999998,0.0,2023-10-10
15988.999999999998,0.0,2023-10-11
15989.999999999998,0.0,2023-10-12
15990.999999999998,0.0,2023-10-13
15992.0,0.0,2023-10-14
15992.999999999998,0.0,2023-10-15
15993.999999999998,0.0,2023-10-16
15995.0,0.0,2023-10-17
15995.999999999998,0.0,2023-10-18
15996.999999999998,0.0,2023-10-19
15997.999999999998,0.0,2023-10-20
15998.999999999998,0.0,2023-10-21
16000.0,0.0,2023-10-22
16000.999999999998,0.0,2023-10-23
16001.999999999998,0.0,2023-10-24
16003.0,0.0,2023-10-25
16003.999999999998,0.0,2023-10-26
16004.999999999998,0.0,2023-10-27
16005.999999999996,0.0,2023-10-28
16006.999999999998,0.0,2023-10-29
16008.0,0.0,2023-10-30
16008.999999999998,0.0,2023-10-31
16009.999999999998,0.0,2023-11-01
16011.0,0.0,2023-11-02
16011.999999999998,0.0,2023-11-03
16012.999999999998,0.0,2023-11-04
16014.0,0.0,2023-11-05
16014.999999999998,0.0,2023-11-06
16015.999999999998,0.0,2023-11-07
16016.999999999998,0.0,2023-11-08
16017.999999999998,0.0,2023-11-09
16019.0,0.0,2023-11-10
16019.999999999998,0.0,2023-11-11
16020.999999999998,0.0,2023-11-12
16022.0,0.0,2023-11-13
16022.999999999998,0.0,2023-11-14
16023.999999999998,0.0,2023-11-15
16024.999999999998,0.0,2023-11-16
16025.999999999998,0.0,2023-11-17
16027.0,0.0,2023-11-18
16027.999999999998,0.0,2023-11-19
16028.999999999998,0.0,2023-11-20
16030.0,0.0,2023-11-21
16030.999999999998,0.0,2023-11-22
16031.999999999998,0.0,2023-11-23
16032.999999999996,0.0,2023-11-24
16033.999999999998,0.0,2023-11-25
16035.0,0.0,2023-11-26
16035.999999999998,0.0,2023-11-27
16036.999999999998,0.0,2023-11-28
16038.0,0.0,2023-11-29
16038.999999999998,0.0,2023-11-30
16039.999999999998,0.0,2023-12-01
16041.0,0.0,2023-12-02
16041.999999999998,0.0,2023-12-03
16042.999999999998,0.0,2023-12-04
16043.999999999998,0.0,2023-12-05
16044.999999999998,0.0,2023-12-06
16046.0,0.0,2023-12-07
16046.999999999998,0.0,2023-12-08
16047.999999999998,0.0,2023-12-09
16049.0,0.0,2023-12-10
16049.999999999998,0.0,2023-12-11
16050.999999999998,0.0,2023-12-12
16051.999999999998,0.0,2023-12-13
16052.999999999998,0.0,2023-12-14
16054.0,0.0,2023-12-15
16054.999999999998,0.0,2023-12-16
16055.999999999998,0.0,2023-12-17
16057.0,0.0,2023-12-18
16057.999999999998,0.0,2023-12-19
16058.999999999998,0.0,2023-12-20
16059.999999999996,0.0,2023-12-21
16060.999999999998,0.0,2023-12-22
16062.0,0.0,2023-12-23
16062.999999999998,0.0,2023-12-24
16063.999999999998,0.0,2023-12-25
16065.0,0.0,2023-12-26
16065.999999999998,0.0,2023-12-27
16066.999999999998,0.0,2023-12-28
16068.0,0.0,2023-12-29
16068.999999999998,0.0,2023-12-30
16069.999999999998,0.0,2023-12-31
16070.999999999998,0.0,2024-01-01
16071.999999999998,0.0,2024-01-02
16073.0,0.0,2024-01-03
16073.999999999998,0.0,2024-01-04
16074.999999999998,0.0,2024-01-05
16076.0,0.0,2024-01-06
16076.999999999998,0.0,2024-01-07
16077.999999999998,0.0,2024-01-08
16078.999999999998,0.0,2024-01-09
16079.999999999998,0.0,2024-01-10
16081.0,0.0,2024-01-11
16081.999999999998,0.0,2024-01-12
16082.999999999998,0.0,2024-01-13
16084.0,0.0,2024-01-14
16084.999999999998,0.0,2024-01-15
16085.999999999998,0.0,2024-01-16
16086.999999999996,0.0,2024-01-17
16087.999999999998,0.0,2024-01-18
16089.0,0.0,2024-01-19
16089.999999999998,0.0,2024-01-20
16090.999999999998,0.0,2024-01-21
16092.0,0.0,2024-01-22
16092.999999999998,0.0,2024-01-23
16093.999999999998,0.0,2024-01-24
16095.0,0.0,2024-01-25
16095.999999999998,0.0,2024-01-26
16096.999999999998,0.0,2024-01-27
16097.999999999998,0.0,2024-01-28
16098.999999999998,0.0,2024-01-29
16100.0,0.0,2024-01-30
16100.999999999998,0.0,2024-01-31
16101.999999999998,0.0,2024-02-01
16103.0,0.0,2024-02-02
16103.999999999998,0.0,2024-02-03
16104.999999999998,0.0,2024-02-04
16105.999999999998,0.0,2024-02-05
16106.999999999998,0.0,2024-02-06
16108.0,0.0,2024-02-07
16108.999999999998,0.0,2024-02-08
16109.999999999998,0.0,2024-02-09
16111.0,0.0,2024-02-10
16111.999999999998,0.0,2024-02-11
16112.999999999998,0.0,2024-02-12
16113.999999999996,0.0,2024-02-13
16114.999999999998,0.0,2024-02-14
16116.0,0.0,2024-02-15
16116.999999999998,0.0,2024-02-16
16117.999999999998,0.0,2024-02-17
16119.0,0.0,2024-02-18
16119.999999999998,0.0,2024-02-19
16120.999999999998,0.0,2024-02-20
16122.0,0.0,2024-02-21
16122.999999999998,0.0,2024-02-22
16123.999999999998,0.0,2024-02-23
16124.999999999998,0.0,2024-02-24
16125.999999999998,0.0,2024-02-25
16127.0,0.0,2024-02-26
16127.999999999998,0.0,2024-02-27
16128.999999999998,0.0,2024-02-28
16130.0,0.0,2024-02-29
16130.999999999998,0.0,2024-03-01
16131.999999999998,0.0,2024-03-02
16132.999999999998,0.0,2024-03-03
16133.999999999998,0.0,2024-03-04
16135.0,0.0,2024-03-05
16135.999999999998,0.0,2024-03-06
16136.999999999998,0.0,2024-03-07
16138.0,0.0,2024-03-08
16138.999999999998,0.0,2024-03-09
16139.999999999998,0.0,2024-03-10
16140.999999999996,0.0,2024-03-11
16141.999999999998,0.0,2024-03-12
16143.0,0.0,2024-03-13
16143.999999999998,0.0,2024-03-14
16144.999999999998,0.0,2024-03-15
16146.0,0.0,2024-03-16
16146.999999999998,0.0,2024-03-17
16147.999999999998,0.0,2024-03-18
16149.0,0.0,2024-03-19
16149.999999999998,0.0,2024-03-20
16150.999999999998,0.0,2024-03-21
16151.999999999998,0.0,2024-03-22
16152.999999999998,0.0,2024-03-23
16154.0,0.0,2024-03-24
16154.999999999998,0.0,2024-03-25
16155.999999999998,0.0,2024-03-26
16157.0,0.0,2024-03-27
16157.999999999998,0.0,2024-03-28
16158.999999999998,0.0,2024-03-29
16159.999999999998,0.0,2024-03-30
16160.999999999998,0.0,2024-03-31
16162.0,0.0,2024-04-01
16162.999999999998,0.0,2024-04-02
16163.999999999998,0.0,2024-04-03
16165.0,0.0,2024-04-04
16165.999999999998,0.0,2024-04-05
16166.999999999998,0.0,2024-04-06
16167.999999999996,0.0,2024-04-07
16168.999999999998,0.0,2024-04-08
16170.0,0.0,2024-04-09
16170.999999999998,0.0,2024-04-10
16171.999999999998,0.0,2024-04-11
16173.0,0.0,2024-04-12
16173.999999999998,0.0,2024-04-13
16174.999999999998,0.0,2024-04-14
16176.0,0.0,2024-04-15
16176.999999999998,0.0,2024-04-16
16177.999999999998,0.0,2024-04-17
16178.999999999998,0.0,2024-04-18
16179.999999999998,0.0,2024-04-19
16181.0,0.0,2024-04-20
16181.999999999998,0.0,2024-04-21
16182.999999999998,0.0,2024-04-22
16184.0,0.0,2024-04-23
16184.999999999998,0.0,2024-04-24
16185.999999999998,0.0,2024-04-25
16186.999999999998,0.0,2024-04-26
16187.999999999998,0.0,2024-04-27
16189.0,0.0,2024-04-28
16189.999999999998,0.0,2024-04-29
16190.999999999998,0.0,2024-04-30
16192.0,0.0,2024-05-01
16192.999999999998,0.0,2024-05-02
16193.999999999998,0.0,2024-05-03
16194.999999999996,0.0,2024-05-04
16195.999999999998,0.0,2024-05-05
16197.0,0.0,2024-05-06
16197.999999999998,0.0,2024-05-07
16198.999999999998,0.0,2024-05-08
16200.0,0.0,2024-05-09
16200.999999999998,0.0,2024-05-10
16201.999999999998,0.0,2024-05-11
16203.0,0.0,2024-05-12
16203.999999999998,0.0,2024-05-13
16204.999999999998,0.0,2024-05-14
16205.999999999998,0.0,2024-05-15
16206.999999999998,0.0,2024-05-16
16208.0,0.0,2024-05-17
16208.999999999998,0.0,2024-05-18
16209.999999999998,0.0,2024-05-19
16211.0,0.0,2024-05-20
16211.999999999998,0.0,2024-05-21
16212.999999999998,0.0,2024-05-22
16213.999999999998,0.0,2024-05-23
16214.999999999998,0.0,2024-05-24
16216.0,0.0,2024-05-25
16216.999999999998,0.0,2024-05-26
16217.999999999998,0.0,2024-05-27
16219.0,0.0,2024-05-28
16219.999999999998,0.0,2024-05-29
16220.999999999998,0.0,2024-05-30
16221.999999999996,0.0,2024-05-31
16222.999999999998,0.0,2024-06-01
16224.0,0.0,2024-06-02
16224.999999999998,0.0,2024-06-03
16225.999999999998,0.0,2024-06-04
16227.0,0.0,2024-06-05
16227.999999999998,0.0,2024-06-06
16228.999999999998,0.0,2024-06-07
16230.0,0.01999999999998181,2024-06-08
16230.999999999998,0.05999999999994543,2024-06-09
16231.999999999998,0.08999999999991815,2024-06-10
16232.999999999998,0.10999999999989996,2024-06-11
16233.999999999998,0.12999999999999545,2024-06-12
16235.0,0.14999999999997726,2024-06-13
16235.999999999998,0.16999999999995907,2024-06-14
16236.999999999998,0.17999999999994998,2024-06-15
16238.0,0.18999999999994088,2024-06-16
16238.999999999998,0.2099999999999227,2024-06-17
16239.999999999998,0.2199999999999136,2024-06-18
16240.999999999998,0.2299999999999045,2024-06-19
16241.999999999998,0.2400000000000091,2024-06-20
16243.0,0.25,2024-06-21
16243.999999999998,0.25,2024-06-22
16244.999999999998,0.2599999999999909,2024-06-23
16246.0,0.2699999999999818,2024-06-24
16246.999999999998,0.2799999999999727,2024-06-25
16247.999999999998,0.2899999999999636,2024-06-26
16248.999999999996,0.2999999999999545,2024-06-27
16249.999999999998,0.30999999999994543,2024-06-28
16251.0,0.31999999999993634,2024-06-29
16251.999999999998,0.33999999999991815,2024-06-30
16252.999999999998,0.34999999999990905,2024-07-01
16254.0,0.36999999999989086,2024-07-02
16254.999999999998,0.37999999999988177,2024-07-03
16255.999999999998,0.38999999999998636,2024-07-04
16257.0,0.39999999999997726,2024-07-05
16257.999999999998,0.40999999999996817,2024-07-06
16258.999999999998,0.4199999999999591,2024-07-07
16259.999999999998,0.4199999999999591,2024-07-08
16260.999999999998,0.42999999999995,2024-07-09
16262.0,0.42999999999995,2024-07-10
16262.999999999998,0.42999999999995,2024-07-11
16263.999999999998,0.42999999999995,2024-07-12
16265.0,0.4399999999999409,2024-07-13
16265.999999999998,0.4599999999999227,2024-07-14
16266.999999999998,0.4699999999999136,2024-07-15
16267.999999999996,0.4799999999999045,2024-07-16
16268.999999999998,0.4899999999998954,2024-07-17
16270.0,0.4999999999998863,2024-07-18
16270.999999999998,0.5099999999999909,2024-07-19
16271.999999999998,0.5099999999999909,2024-07-20
16273.0,0.5199999999999818,2024-07-21
16273.999999999998,0.5299999999999727,2024-07-22
16274.999999999998,0.5399999999999636,2024-07-23
16275.999999999996,0.5499999999999545,2024-07-24
16276.999999999998,0.5699999999999363,2024-07-25
16278.0,0.5799999999999272,2024-07-26
16278.999999999998,0.5899999999999181,2024-07-27
16279.999999999998,0.599999999999909,2024-07-28
16281.0,0.6099999999999,2024-07-29
16281.999999999998,0.6199999999998909,2024-07-30
16282.999999999998,0.6299999999998818,2024-07-31
16284.0,0.6299999999998818,2024-08-01
16284.999999999998,0.6399999999999864,2024-08-02
16285.999999999998,0.6399999999999864,2024-08-03
16286.999999999998,0.6399999999999864,2024-08-04
16287.999999999998,0.6499999999999773,2024-08-05
16289.0,0.6499999999999773,2024-08-06
16289.999999999998,0.6599999999999682,2024-08-07
16290.999999999998,0.6599999999999682,2024-08-08
16292.0,0.6699999999999591,2024-08-09
16292.999999999998,0.67999999999995,2024-08-10
16293.999999999998,0.6899999999999409,2024-08-11
16294.999999999996,0.6999999999999318,2024-08-12
16295.999999999998,0.7099999999999227,2024-08-13
16297.0,0.7099999999999227,2024-08-14
16297.999999999998,0.7199999999999136,2024-08-15
16298.999999999998,0.7199999999999136,2024-08-16
16300.0,0.7299999999999045,2024-08-17
16300.999999999998,0.7299999999999045,2024-08-18
16301.999999999998,0.7299999999999045,2024-08-19
16302.999999999996,0.7399999999998954,2024-08-20
16303.999999999998,0.7399999999998954,2024-08-21
16304.999999999998,0.7499999999998863,2024-08-22
16305.999999999998,0.7499999999998863,2024-08-23
16306.999999999998,0.7499999999998863,2024-08-24
16308.0,0.7599999999999909,2024-08-25
16308.999999999998,0.7599999999999909,2024-08-26
16309.999999999998,0.7599999999999909,2024-08-27
16311.0,0.7599999999999909,2024-08-28
16311.999999999998,0.7599999999999909,2024-08-29
16312.999999999998,0.7599999999999909,2024-08-30
16313.999999999998,0.7599999999999909,2024-08-31
16314.999999999998,0.7699999999999818,2024-09-01
16316.0,0.7699999999999818,2024-09-02
16316.999999999998,0.7699999999999818,2024-09-03
16317.999999999998,0.7699999999999818,2024-09-04
16319.0,0.7699999999999818,2024-09-05
16319.999999999998,0.7699999999999818,2024-09-06
16320.999999999998,0.7699999999999818,2024-09-07
16321.999999999996,0.7699999999999818,2024-09-08
16322.999999999998,0.7699999999999818,2024-09-09
16324.0,0.7799999999999727,2024-09-10
16324.999999999998,0.7799999999999727,2024-09-11
16325.999999999998,0.7799999999999727,2024-09-12
16327.0,0.7799999999999727,2024-09-13
16327.999999999998,0.7799999999999727,2024-09-14
16328.999999999998,0.7799999999999727,2024-09-15
16329.999999999996,0.7799999999999727,2024-09-16
16330.999999999998,0.7899999999999636,2024-09-17
16331.999999999998,0.7899999999999636,2024-09-18
16332.999999999998,0.7899999999999636,2024-09-19
16333.999999999998,0.7899999999999636,2024-09-20
16335.0,0.7899999999999636,2024-09-21
16335.999999999998,0.7899999999999636,2024-09-22
16336.999999999998,0.7899999999999636,2024-09-23
16338.0,0.7999999999999545,2024-09-24
16338.999999999998,0.7999999999999545,2024-09-25
16339.999999999998,0.7999999999999545,2024-09-26
16340.999999999998,0.7999999999999545,2024-09-27
16341.999999999998,0.7999999999999545,2024-09-28
16343.0,0.7999999999999545,2024-09-29
16343.999999999998,0.7999999999999545,2024-09-30
16344.999999999998,0.0,2024-10-01
16346.0,0.0,2024-10-02
16346.999999999998,0.0,2024-10-03
16347.999999999998,0.0,2024-10-04
16348.999999999996,0.0,2024-10-05
16349.999999999998,0.0,2024-10-06
16351.0,0.0,2024-10-07
16351.999999999998,0.0,2024-10-08
16352.999999999998,0.0,2024-10-09
16354.0,0.0,2024-10-10
16354.999999999998,0.0,2024-10-11
16355.999999999998,0.0,2024-10-12
16357.0,0.0,2024-10-13
16357.999999999998,0.0,2024-10-14
16358.999999999998,0.0,2024-10-15
16359.999999999998,0.0,2024-10-16
16360.999999999998,0.0,2024-10-17
16362.0,0.0,2024-10-18
16362.999999999998,0.0,2024-10-19
16363.999999999998,0.0,2024-10-20
16365.0,0.0,2024-10-21
16365.999999999998,0.0,2024-10-22
16366.999999999998,0.0,2024-10-23
16367.999999999998,0.0,2024-10-24
16368.999999999998,0.0,2024-10-25
16370.0,0.0,2024-10-26
16370.999999999998,0.0,2024-10-27
16371.999999999998,0.0,2024-10-28
16373.0,0.0,2024-10-29
16373.999999999998,0.0,2024-10-30
16374.999999999998,0.0,2024-10-31
16375.999999999996,0.0,2024-11-01
16376.999999999998,0.0,2024-11-02
16378.0,0.0,2024-11-03
16378.999999999998,0.0,2024-11-04
16379.999999999998,0.0,2024-11-05
16381.0,0.0,2024-11-06
16381.999999999998,0.0,2024-11-07
16382.999999999998,0.0,2024-11-08
16384.0,0.0,2024-11-09
16384.999999999996,0.0,2024-11-10
16386.0,0.0,2024-11-11
16386.999999999996,0.0,2024-11-12
16388.0,0.0,2024-11-13
16389.0,0.0,2024-11-14
16389.999999999996,0.0,2024-11-15
16391.0,0.0,2024-11-16
16392.0,0.0,2024-11-17
16392.999999999996,0.0,2024-11-18
16394.0,0.0,2024-11-19
16394.999999999996,0.0,2024-11-20
16396.0,0.0,2024-11-21
16397.0,0.0,2024-11-22
16397.999999999996,0.0,2024-11-23
16399.0,0.0,2024-11-24
16400.0,0.0,2024-11-25
16400.999999999996,0.0,2024-11-26
16402.0,0.0,2024-11-27
16402.999999999996,0.0,2024-11-28
16404.0,0.0,2024-11-29
16405.0,0.0,2024-11-30
16405.999999999996,0.0,2024-12-01
16407.0,0.0,2024-12-02
16408.0,0.0,2024-12-03
16408.999999999996,0.0,2024-12-04
16410.0,0.0,2024-12-05
16411.0,0.0,2024-12-06
16411.999999999996,0.0,2024-12-07
16413.0,0.0,2024-12-08
16413.999999999996,0.0,2024-12-09
16415.0,0.0,2024-12-10
16416.0,0.0,2024-12-11
16416.999999999996,0.0,2024-12-12
16418.0,0.0,2024-12-13
16419.0,0.0,2024-12-14
16419.999999999996,0.0,2024-12-15
16421.0,0.0,2024-12-16
16421.999999999996,0.0,2024-12-17
16423.0,0.0,2024-12-18
16424.0,0.0,2024-12-19
16424.999999999996,0.0,2024-12-20
16426.0,0.0,2024-12-21
16427.0,0.0,2024-12-22
16427.999999999996,0.0,2024-12-23
16429.0,0.0,2024-12-24
16429.999999999996,0.0,2024-12-25
16431.0,0.0,2024-12-26
16432.0,0.0,2024-12-27
16432.999999999996,0.0,2024-12-28
16434.0,0.0,2024-12-29
16435.0,0.0,2024-12-30
