Date/Hour,28CEFD8C00005B,280534D8C0000C8,283C78D8C00007B,2842E1D7C00002E,28B15312D0000DA,28AD0213D00002B
8/7/2023 16:43,17.4375,12.75,10.75,9,7.4375,5.9375
8/7/2023 18:43,17.5,13.1875,10.75,8.9375,7.375,5.9375
8/7/2023 20:43,16.5625,13.5625,10.8125,8.875,7.375,5.9375
8/7/2023 22:43,15.25,13.6875,10.9375,8.875,7.375,5.9375
8/8/2023 0:43,14.0625,13.625,11.125,8.875,7.375,5.9375
8/8/2023 2:43,12.8125,13.375,11.25,8.9375,7.375,6
8/8/2023 4:43,12.0625,13.0625,11.375,9,7.375,6
8/8/2023 6:43,11.9375,12.75,11.4375,9.0625,7.4375,6
8/8/2023 8:43,12.0625,12.4375,11.4375,9.125,7.4375,6
8/8/2023 10:43,12.8125,12.3125,11.375,9.125,7.4375,6.0625
8/8/2023 12:43,14,12.25,11.25,9.1875,7.5,6.0625
8/8/2023 14:43,14.8125,12.375,11.1875,9.1875,7.5,6.0625
8/8/2023 16:43,16.3125,12.6875,11.0625,9.1875,7.5,6.0625
8/8/2023 18:43,16.1875,13,11.0625,9.1875,7.5,6.0625
8/8/2023 20:43,15.625,13.25,11.0625,9.125,7.5625,6.0625
8/8/2023 22:43,14.625,13.3125,11.125,9.125,7.5625,6.125
8/9/2023 0:43,13.1875,13.1875,11.1875,9.125,7.5625,6.125
8/9/2023 2:43,12.125,12.9375,11.25,9.125,7.5625,6.125
8/9/2023 4:43,11.0625,12.625,11.3125,9.1875,7.5625,6.125
8/9/2023 6:43,10.5625,12.25,11.3125,9.1875,7.625,6.1875
8/9/2023 8:43,10.8125,11.875,11.25,9.25,7.625,6.125
8/9/2023 10:43,11.5,11.6875,11.1875,9.25,7.5625,6.1875
8/9/2023 12:43,12.4375,11.5625,11.0625,9.25,7.5625,6.125
8/9/2023 14:43,13.5625,11.6875,10.9375,9.1875,7.625,6.125
8/9/2023 16:43,14.4375,11.875,10.8125,9.1875,7.625,6.125
8/9/2023 18:43,14.4375,12.125,10.6875,9.125,7.5625,6.125
8/9/2023 20:43,13.875,12.25,10.6875,9.125,7.5625,6.125
8/9/2023 22:43,13.0625,12.3125,10.6875,9.0625,7.5625,6.125
8/10/2023 0:43,12.375,12.25,10.75,9,7.5625,6.125
8/10/2023 2:43,11.75,12.125,10.8125,9,7.5625,6.125
8/10/2023 4:43,11.3125,11.875,10.8125,9,7.5625,6.125
8/10/2023 6:43,10.9375,11.6875,10.8125,9,7.5,6.125
8/10/2023 8:43,11.1875,11.4375,10.75,9,7.5625,6.125
8/10/2023 10:43,11.875,11.375,10.75,9,7.5,6.0625
8/10/2023 12:43,12.875,11.4375,10.625,9,7.5,6.0625
8/10/2023 14:43,13.3125,11.5625,10.5625,9,7.5,6.0625
8/10/2023 16:43,13.625,11.8125,10.5625,8.9375,7.5,6.0625
8/10/2023 18:43,13.1875,11.9375,10.5,8.9375,7.5,6.0625
8/10/2023 20:43,12.4375,11.9375,10.5,8.9375,7.5,6.0625
8/10/2023 22:43,11.8125,11.875,10.5625,8.875,7.4375,6
8/11/2023 0:43,11.125,11.6875,10.5625,8.875,7.4375,6
8/11/2023 2:43,10.5625,11.4375,10.5625,8.875,7.4375,6
8/11/2023 4:43,10.125,11.1875,10.5625,8.875,7.4375,6
8/11/2023 6:43,9.875,10.9375,10.5,8.875,7.375,5.9375
8/11/2023 8:43,9.9375,10.6875,10.4375,8.875,7.375,5.9375
8/11/2023 10:43,10.4375,10.5,10.3125,8.875,7.375,5.9375
8/11/2023 12:43,11.6875,10.5625,10.1875,8.8125,7.375,5.9375
8/11/2023 14:43,12.625,10.75,10.125,8.75,7.375,5.9375
8/11/2023 16:43,12.9375,11,10,8.6875,7.3125,5.875
8/11/2023 18:43,12.8125,11.25,9.9375,8.625,7.25,5.875
8/11/2023 20:43,12.25,11.375,10,8.625,7.25,5.875
8/11/2023 22:43,11.3125,11.375,10.0625,8.5625,7.25,5.8125
8/12/2023 0:43,10.4375,11.1875,10.0625,8.5625,7.1875,5.8125
8/12/2023 2:43,9.75,10.9375,10.125,8.5625,7.1875,5.8125
8/12/2023 4:43,9.1875,10.5625,10.0625,8.5625,7.125,5.75
8/12/2023 6:43,8.875,10.25,10,8.5625,7.125,5.75
8/12/2023 8:43,9.125,10,9.9375,8.5,7.125,5.75
8/12/2023 10:43,10.375,9.875,9.8125,8.5,7.125,5.75
8/12/2023 12:43,11.9375,10.0625,9.6875,8.4375,7.125,5.6875
8/12/2023 14:43,12.9375,10.375,9.5625,8.375,7.0625,5.6875
8/12/2023 16:43,13.3125,10.8125,9.5,8.3125,7.0625,5.6875
8/12/2023 18:43,12.375,11,9.5,8.3125,7,5.6875
8/12/2023 20:43,11.25,11.0625,9.5625,8.25,7,5.625
8/12/2023 22:43,10.1875,10.9375,9.6875,8.1875,6.9375,5.625
8/13/2023 0:43,9.25,10.625,9.6875,8.1875,6.9375,5.625
8/13/2023 2:43,8.25,10.25,9.75,8.1875,6.875,5.5625
8/13/2023 4:43,7.3125,9.8125,9.6875,8.1875,6.875,5.5625
8/13/2023 6:43,6.4375,9.375,9.5625,8.1875,6.875,5.5
8/13/2023 8:43,6.9375,8.9375,9.4375,8.1875,6.875,5.5
8/13/2023 10:43,8.125,8.625,9.25,8.125,6.8125,5.5
8/13/2023 12:43,9.8125,8.6875,9.0625,8.0625,6.8125,5.4375
8/13/2023 14:43,10.9375,8.9375,8.875,8,6.75,5.4375
8/13/2023 16:43,12.5625,9.3125,8.6875,7.9375,6.75,5.4375
8/13/2023 18:43,12.4375,9.75,8.6875,7.875,6.75,5.4375
8/13/2023 20:43,11.625,10.0625,8.6875,7.75,6.6875,5.375
8/13/2023 22:43,10.3125,10.125,8.75,7.6875,6.625,5.375
8/14/2023 0:43,9,10,8.8125,7.625,6.625,5.375
8/14/2023 2:43,8.25,9.6875,8.875,7.625,6.5625,5.3125
8/14/2023 4:43,7.6875,9.375,8.9375,7.625,6.5625,5.3125
8/14/2023 6:43,7.375,9.0625,8.875,7.625,6.5,5.25
8/14/2023 8:43,7.4375,8.75,8.8125,7.625,6.4375,5.1875
8/14/2023 10:43,8.75,8.6875,8.6875,7.5625,6.4375,5.25
8/14/2023 12:43,9.875,8.6875,8.5625,7.5625,6.4375,5.1875
8/14/2023 14:43,11.0625,8.875,8.4375,7.5,6.375,5.1875
8/14/2023 16:43,12.3125,9.1875,8.375,7.4375,6.375,5.1875
8/14/2023 18:43,12.25,9.625,8.375,7.4375,6.3125,5.125
8/14/2023 20:43,11.4375,9.9375,8.375,7.3125,6.3125,5.125
8/14/2023 22:43,10.5625,10,8.5,7.3125,6.25,5.0625
8/15/2023 0:43,9.8125,10,8.625,7.3125,6.25,5.0625
8/15/2023 2:43,9.1875,9.8125,8.6875,7.3125,6.1875,5.0625
8/15/2023 4:43,8.9375,9.625,8.75,7.3125,6.1875,5
8/15/2023 6:43,8.8125,9.4375,8.8125,7.3125,6.1875,5
8/15/2023 8:43,8.9375,9.25,8.75,7.375,6.1875,5
8/15/2023 10:43,9.625,9.1875,8.75,7.375,6.125,4.9375
8/15/2023 12:43,11.125,9.3125,8.625,7.375,6.125,4.9375
8/15/2023 14:43,12.9375,9.6875,8.625,7.3125,6.125,4.9375
8/15/2023 16:43,13,10.125,8.625,7.3125,6.125,4.875
8/15/2023 18:43,12.5625,10.4375,8.625,7.3125,6.125,4.875
8/15/2023 20:43,12,10.625,8.75,7.3125,6.125,4.875
8/15/2023 22:43,11,10.6875,8.875,7.3125,6.0625,4.875
8/16/2023 0:43,10.375,10.5625,9,7.3125,6.0625,4.875
8/16/2023 2:43,9.5625,10.3125,9.0625,7.375,6.0625,4.875
8/16/2023 4:43,9.25,10.0625,9.125,7.375,6.0625,4.8125
8/16/2023 6:43,9,9.8125,9.125,7.4375,6.0625,4.8125
8/16/2023 8:43,9.1875,9.625,9.0625,7.4375,6.0625,4.8125
8/16/2023 10:43,9.6875,9.5625,9,7.4375,6.0625,4.8125
8/16/2023 12:43,10.75,9.5625,8.9375,7.4375,6.0625,4.8125
8/16/2023 14:43,12.5625,9.8125,8.875,7.4375,6.0625,4.8125
8/16/2023 16:43,13.6875,10.25,8.8125,7.4375,6.0625,4.8125
8/16/2023 18:43,14.5625,10.75,8.8125,7.375,6.0625,4.8125
8/16/2023 20:43,13.3125,11.0625,8.875,7.375,6.0625,4.8125
8/16/2023 22:43,11.875,11.1875,9.0625,7.375,6.0625,4.8125
8/17/2023 0:43,10.8125,11.125,9.1875,7.375,6.0625,4.8125
8/17/2023 2:43,10.125,10.875,9.3125,7.4375,6.0625,4.8125
8/17/2023 4:43,9.4375,10.5625,9.375,7.5,6.0625,4.8125
8/17/2023 6:43,8.9375,10.25,9.4375,7.5,6.0625,4.75
8/17/2023 8:43,9.3125,9.9375,9.375,7.5625,6.0625,4.8125
8/17/2023 10:43,9.4375,9.75,9.3125,7.625,6.125,4.8125
8/17/2023 12:43,9.8125,9.6875,9.25,7.625,6.125,4.8125
8/17/2023 14:43,11.125,9.75,9.125,7.625,6.125,4.8125
8/17/2023 16:43,11.25,9.875,9.0625,7.625,6.125,4.8125
8/17/2023 18:43,11.5625,10.0625,9,7.5625,6.1875,4.8125
8/17/2023 20:43,10.875,10.1875,9,7.5625,6.1875,4.8125
8/17/2023 22:43,9.875,10.125,9,7.5,6.125,4.875
8/18/2023 0:43,9.0625,9.9375,9,7.5625,6.1875,4.875
8/18/2023 2:43,8.6875,9.6875,9,7.5625,6.1875,4.875
8/18/2023 4:43,8.375,9.4375,9,7.5,6.125,4.875
8/18/2023 6:43,8.125,9.1875,8.9375,7.5,6.125,4.875
8/18/2023 8:43,7.9375,8.9375,8.875,7.5,6.1875,4.875
8/18/2023 10:43,8.875,8.875,8.75,7.5,6.125,4.875
8/18/2023 12:43,10.25,8.9375,8.6875,7.5,6.125,4.875
8/18/2023 14:43,10.5625,9.125,8.5625,7.4375,6.1875,4.875
8/18/2023 16:43,10.125,9.25,8.5,7.4375,6.1875,4.875
8/18/2023 18:43,9.5625,9.3125,8.5,7.375,6.125,4.875
8/18/2023 20:43,9.0625,9.25,8.5,7.3125,6.1875,4.875
8/18/2023 22:43,8.4375,9.125,8.5,7.3125,6.125,4.875
8/19/2023 0:43,7.8125,8.9375,8.5,7.3125,6.125,4.875
8/19/2023 2:43,7.5625,8.6875,8.4375,7.25,6.0625,4.875
8/19/2023 4:43,7.25,8.5,8.375,7.25,6.0625,4.875
8/19/2023 6:43,7.125,8.25,8.3125,7.25,6.0625,4.875
8/19/2023 8:43,7.1875,8.125,8.1875,7.1875,6.0625,4.875
8/19/2023 10:43,7.625,7.9375,8.125,7.1875,6.0625,4.875
8/19/2023 12:43,8.6875,8,8,7.125,6.0625,4.8125
8/19/2023 14:43,9.0625,8.125,7.9375,7.125,6,4.8125
8/19/2023 16:43,8.8125,8.1875,7.8125,7,6,4.8125
8/19/2023 18:43,8.75,8.3125,7.8125,7,6,4.8125
8/19/2023 20:43,8.0625,8.25,7.75,6.9375,5.9375,4.8125
8/19/2023 22:43,7.5,8.1875,7.75,6.875,5.9375,4.75
8/20/2023 0:43,7,8,7.75,6.8125,5.875,4.75
8/20/2023 2:43,6.5,7.8125,7.6875,6.8125,5.875,4.75
8/20/2023 4:43,6.0625,7.5625,7.625,6.75,5.8125,4.75
8/20/2023 6:43,5.6875,7.3125,7.5625,6.75,5.8125,4.6875
8/20/2023 8:43,5.875,7.125,7.4375,6.6875,5.75,4.6875
8/20/2023 10:43,6.4375,7,7.375,6.6875,5.75,4.6875
8/20/2023 12:43,7.625,7,7.1875,6.625,5.75,4.6875
8/20/2023 14:43,8.3125,7.125,7.125,6.5625,5.6875,4.625
8/20/2023 16:43,9.125,7.375,7.0625,6.5,5.6875,4.625
8/20/2023 18:43,8.8125,7.5625,7,6.4375,5.625,4.625
8/20/2023 20:43,8.0625,7.6875,7,6.375,5.625,4.5625
8/20/2023 22:43,7.375,7.625,7,6.3125,5.5625,4.5625
8/21/2023 0:43,6.875,7.5,7,6.3125,5.5625,4.5625
8/21/2023 2:43,6.5625,7.375,7.0625,6.25,5.5,4.5
8/21/2023 4:43,6.375,7.1875,7,6.25,5.4375,4.5
8/21/2023 6:43,6.125,7.0625,6.9375,6.1875,5.375,4.4375
8/21/2023 8:43,6.5,6.9375,6.9375,6.1875,5.375,4.4375
8/21/2023 10:43,7.25,6.9375,6.875,6.1875,5.375,4.4375
8/21/2023 12:43,8,7.0625,6.8125,6.125,5.3125,4.4375
8/21/2023 14:43,8.3125,7.1875,6.75,6.0625,5.3125,4.375
8/21/2023 16:43,8.75,7.375,6.75,6.0625,5.3125,4.375
8/21/2023 18:43,9.6875,7.625,6.75,6,5.25,4.3125
8/21/2023 20:43,8.625,7.75,6.75,5.9375,5.25,4.3125
8/21/2023 22:43,7.1875,7.6875,6.8125,5.9375,5.1875,4.25
8/22/2023 0:43,6.375,7.5,6.8125,5.9375,5.1875,4.25
8/22/2023 2:43,6.125,7.3125,6.875,5.9375,5.125,4.25
8/22/2023 4:43,5.75,7.0625,6.875,5.9375,5.125,4.1875
8/22/2023 6:43,5.5625,6.875,6.8125,5.9375,5.125,4.25
8/22/2023 8:43,6.1875,6.6875,6.75,5.9375,5.125,4.1875
8/22/2023 10:43,7.8125,6.75,6.6875,5.875,5.125,4.1875
8/22/2023 12:43,8.9375,6.9375,6.625,5.875,5.0625,4.1875
8/22/2023 14:43,9.5625,7.25,6.5625,5.875,5.0625,4.1875
8/22/2023 16:43,10.25,7.5625,6.5625,5.8125,5,4.125
8/22/2023 18:43,9.6875,7.8125,6.5625,5.8125,5.0625,4.125
8/22/2023 20:43,8.5625,8,6.625,5.75,5,4.125
8/22/2023 22:43,6.5625,7.8125,6.75,5.75,5,4.125
8/23/2023 0:43,5.375,7.5,6.8125,5.6875,5,4.0625
8/23/2023 2:43,4.8125,7.125,6.8125,5.75,4.9375,4.0625
8/23/2023 4:43,4.6875,6.75,6.8125,5.75,4.9375,4.0625
8/23/2023 6:43,4.375,6.4375,6.75,5.75,4.9375,4.0625
8/23/2023 8:43,4.3125,6.125,6.625,5.8125,4.9375,4
8/23/2023 10:43,4.8125,5.9375,6.5,5.75,4.9375,4
8/23/2023 12:43,6.4375,5.9375,6.375,5.75,4.875,4
8/23/2023 14:43,8.6875,6.1875,6.25,5.6875,4.875,4
8/23/2023 16:43,9.6875,6.5625,6.125,5.625,4.875,4
8/23/2023 18:43,9.5,6.9375,6.125,5.625,4.875,4
8/23/2023 20:43,8.0625,7.1875,6.125,5.5625,4.875,4
8/23/2023 22:43,6.6875,7.125,6.1875,5.5,4.8125,3.9375
8/24/2023 0:43,6.0625,7,6.25,5.4375,4.8125,3.9375
8/24/2023 2:43,5.5625,6.75,6.25,5.4375,4.75,3.9375
8/24/2023 4:43,5,6.5,6.25,5.4375,4.75,3.875
8/24/2023 6:43,4.75,6.25,6.25,5.4375,4.6875,3.875
8/24/2023 8:43,4.875,6.0625,6.1875,5.4375,4.6875,3.875
8/24/2023 10:43,5.625,5.9375,6.125,5.4375,4.6875,3.875
8/24/2023 12:43,7,6,6.0625,5.375,4.6875,3.8125
8/24/2023 14:43,7.6875,6.1875,5.9375,5.375,4.6875,3.8125
8/24/2023 16:43,8.5,6.4375,5.875,5.3125,4.625,3.8125
8/24/2023 18:43,7.5625,6.5625,5.875,5.25,4.625,3.8125
8/24/2023 20:43,6.625,6.625,5.875,5.25,4.5625,3.75
8/24/2023 22:43,5.8125,6.5,5.9375,5.1875,4.5625,3.75
8/25/2023 0:43,5.375,6.3125,5.9375,5.1875,4.5625,3.75
8/25/2023 2:43,5.125,6.1875,5.9375,5.1875,4.5625,3.6875
8/25/2023 4:43,4.9375,6,5.9375,5.1875,4.5,3.6875
8/25/2023 6:43,4.75,5.8125,5.875,5.1875,4.5,3.6875
8/25/2023 8:43,4.625,5.6875,5.8125,5.125,4.4375,3.6875
8/25/2023 10:43,4.9375,5.5625,5.75,5.125,4.4375,3.6875
8/25/2023 12:43,5.5625,5.5,5.625,5.0625,4.4375,3.625
8/25/2023 14:43,6.0625,5.5625,5.5625,5.0625,4.4375,3.625
8/25/2023 16:43,6,5.625,5.5,5,4.375,3.625
8/25/2023 18:43,6.125,5.6875,5.5,4.9375,4.375,3.625
8/25/2023 20:43,5.8125,5.75,5.4375,4.9375,4.375,3.5625
8/25/2023 22:43,5.4375,5.6875,5.4375,4.875,4.3125,3.5625
8/26/2023 0:43,5.0625,5.625,5.375,4.875,4.3125,3.5625
8/26/2023 2:43,4.625,5.5,5.375,4.8125,4.3125,3.5
8/26/2023 4:43,4.3125,5.3125,5.3125,4.8125,4.25,3.5
8/26/2023 6:43,4.25,5.1875,5.3125,4.8125,4.25,3.5
8/26/2023 8:43,4.875,5.125,5.25,4.75,4.1875,3.4375
8/26/2023 10:43,6.125,5.1875,5.1875,4.75,4.1875,3.4375
8/26/2023 12:43,6.5,5.3125,5.125,4.6875,4.125,3.4375
8/26/2023 14:43,7.625,5.5,5.125,4.625,4.125,3.375
8/26/2023 16:43,7.625,5.75,5.0625,4.625,4.125,3.375
8/26/2023 18:43,7.625,6,5.125,4.5625,4.0625,3.375
8/26/2023 20:43,7.375,6.1875,5.1875,4.5625,4.0625,3.375
8/26/2023 22:43,6.9375,6.25,5.1875,4.5,4,3.3125
8/27/2023 0:43,6.6875,6.25,5.25,4.5,4,3.3125
8/27/2023 2:43,6.875,6.25,5.375,4.5,4,3.3125
8/27/2023 4:43,6.75,6.25,5.375,4.5625,4,3.25
8/27/2023 6:43,6.8125,6.25,5.4375,4.5625,3.9375,3.25
8/27/2023 8:43,7.3125,6.3125,5.4375,4.5625,3.9375,3.1875
8/27/2023 10:43,7.875,6.4375,5.5,4.5625,3.9375,3.1875
8/27/2023 12:43,9,6.625,5.5,4.5625,3.9375,3.1875
8/27/2023 14:43,10,7,5.5625,4.5625,3.9375,3.1875
8/27/2023 16:43,10.4375,7.375,5.625,4.5625,3.9375,3.1875
8/27/2023 18:43,10.125,7.6875,5.75,4.5625,3.875,3.1875
8/27/2023 20:43,9.3125,7.8125,5.875,4.625,3.9375,3.125
8/27/2023 22:43,8,7.8125,6,4.6875,3.9375,3.125
8/28/2023 0:43,7,7.625,6.125,4.6875,3.9375,3.1875
8/28/2023 2:43,6,7.3125,6.1875,4.75,3.9375,3.125
8/28/2023 4:43,5.8125,7.0625,6.25,4.8125,3.9375,3.125
8/28/2023 6:43,5.5625,6.8125,6.25,4.8125,3.9375,3.1875
8/28/2023 8:43,5.25,6.5625,6.25,4.9375,3.9375,3.1875
8/28/2023 10:43,5.4375,6.3125,6.1875,4.9375,4,3.1875
8/28/2023 12:43,5.5625,6.1875,6.125,4.9375,4,3.125
8/28/2023 14:43,6.75,6.1875,6,5,4,3.1875
8/28/2023 16:43,7.0625,6.25,5.9375,5,4.0625,3.1875
8/28/2023 18:43,7.1875,6.375,5.875,5,4.0625,3.1875
8/28/2023 20:43,6.5625,6.375,5.8125,4.9375,4.0625,3.1875
8/28/2023 22:43,5.625,6.3125,5.8125,4.9375,4.0625,3.25
8/29/2023 0:43,4.8125,6.125,5.8125,4.875,4.0625,3.25
8/29/2023 2:43,4.1875,5.875,5.8125,4.9375,4.125,3.1875
8/29/2023 4:43,3.4375,5.5625,5.6875,4.875,4.0625,3.25
8/29/2023 6:43,3.125,5.25,5.625,4.875,4.0625,3.1875
8/29/2023 8:43,3.1875,5,5.5625,4.875,4.0625,3.25
8/29/2023 10:43,3.875,4.8125,5.4375,4.8125,4.0625,3.25
8/29/2023 12:43,5.0625,4.8125,5.3125,4.75,4.0625,3.25
8/29/2023 14:43,5.8125,4.9375,5.1875,4.75,4.0625,3.25
8/29/2023 16:43,6.5,5.125,5.0625,4.6875,4.0625,3.25
8/29/2023 18:43,6.0625,5.25,5.0625,4.625,4.0625,3.25
8/29/2023 20:43,5.625,5.375,5,4.625,4,3.25
8/29/2023 22:43,4.9375,5.3125,5,4.5625,4,3.25
8/30/2023 0:43,4.4375,5.1875,5,4.5,4,3.1875
8/30/2023 2:43,4.0625,5.0625,5,4.5,3.9375,3.1875
8/30/2023 4:43,3.75,4.9375,4.9375,4.4375,3.9375,3.1875
8/30/2023 6:43,3.6875,4.75,4.9375,4.4375,3.875,3.1875
8/30/2023 8:43,4.25,4.6875,4.875,4.4375,3.875,3.1875
8/30/2023 10:43,5.0625,4.6875,4.8125,4.375,3.875,3.1875
8/30/2023 12:43,6.4375,4.8125,4.75,4.3125,3.875,3.125
8/30/2023 14:43,8.4375,5.25,4.6875,4.3125,3.8125,3.125
8/30/2023 16:43,9.5625,5.75,4.75,4.25,3.8125,3.125
8/30/2023 18:43,9.0625,6.25,4.8125,4.25,3.8125,3.125
8/30/2023 20:43,8.125,6.5625,4.875,4.25,3.8125,3.125
8/30/2023 22:43,7.5625,6.625,5.0625,4.25,3.75,3.0625
8/31/2023 0:43,7.1875,6.625,5.1875,4.25,3.75,3.0625
8/31/2023 2:43,6.875,6.5625,5.3125,4.25,3.6875,3.0625
8/31/2023 4:43,6.5625,6.5,5.375,4.3125,3.75,3.0625
8/31/2023 6:43,6.3125,6.4375,5.4375,4.375,3.6875,3.0625
8/31/2023 8:43,6.4375,6.375,5.5,4.375,3.6875,3
8/31/2023 10:43,7.125,6.3125,5.5625,4.4375,3.6875,3
8/31/2023 12:43,8.5625,6.5,5.5625,4.4375,3.6875,3
8/31/2023 14:43,10,6.8125,5.5625,4.5,3.75,3
8/31/2023 16:43,10.9375,7.3125,5.625,4.5,3.75,3
8/31/2023 18:43,10,7.625,5.6875,4.5,3.75,3
8/31/2023 20:43,9,7.8125,5.875,4.5625,3.75,3
8/31/2023 22:43,8.125,7.8125,6,4.5625,3.75,3
9/1/2023 0:43,7.375,7.625,6.125,4.625,3.75,3
9/1/2023 2:43,7.0625,7.4375,6.1875,4.6875,3.8125,3
9/1/2023 4:43,6.75,7.25,6.25,4.75,3.8125,3
9/1/2023 6:43,6.4375,7.125,6.25,4.8125,3.8125,3
9/1/2023 8:43,6.625,6.9375,6.25,4.8125,3.875,3.0625
9/1/2023 10:43,7.375,6.875,6.25,4.875,3.875,3
9/1/2023 12:43,8.5625,7,6.25,4.9375,3.9375,3
9/1/2023 14:43,8.9375,7.1875,6.1875,4.9375,3.9375,3.0625
9/1/2023 16:43,9.25,7.375,6.1875,4.9375,3.9375,3.0625
9/1/2023 18:43,9.125,7.5625,6.25,4.9375,4,3.0625
9/1/2023 20:43,8.3125,7.6875,6.25,5,4,3.125
9/1/2023 22:43,7.6875,7.625,6.3125,5,4,3.125
9/2/2023 0:43,6.9375,7.5,6.375,5,4,3.125
9/2/2023 2:43,6.1875,7.25,6.4375,5.0625,4,3.125
9/2/2023 4:43,5.6875,7,6.4375,5.125,4,3.125
9/2/2023 6:43,5.25,6.6875,6.375,5.125,4.0625,3.125
9/2/2023 8:43,4.75,6.4375,6.3125,5.125,4.0625,3.125
9/2/2023 10:43,4.6875,6.1875,6.25,5.125,4.0625,3.1875
9/2/2023 12:43,5.0625,6,6.125,5.125,4.125,3.1875
9/2/2023 14:43,6.375,5.9375,6.0625,5.125,4.125,3.1875
9/2/2023 16:43,7.25,6.0625,5.9375,5.0625,4.125,3.1875
9/2/2023 18:43,7.125,6.25,5.875,5.0625,4.125,3.1875
9/2/2023 20:43,6.0625,6.3125,5.8125,5,4.125,3.1875
9/2/2023 22:43,4.8125,6.125,5.8125,5,4.125,3.1875
9/3/2023 0:43,4.0625,5.875,5.75,4.9375,4.0625,3.1875
9/3/2023 2:43,3.375,5.5625,5.75,4.9375,4.125,3.1875
9/3/2023 4:43,2.9375,5.1875,5.625,4.9375,4.0625,3.1875
9/3/2023 6:43,2.6875,4.875,5.5625,4.9375,4.0625,3.1875
9/3/2023 8:43,3,4.6875,5.4375,4.875,4.0625,3.1875
9/3/2023 10:43,3.75,4.5,5.25,4.8125,4.0625,3.1875
9/3/2023 12:43,4.1875,4.5,5.125,4.75,4.0625,3.1875
9/3/2023 14:43,4.5625,4.5,5,4.6875,4.0625,3.1875
9/3/2023 16:43,5,4.625,4.9375,4.6875,4,3.1875
9/3/2023 18:43,5.5625,4.75,4.875,4.5625,4,3.1875
9/3/2023 20:43,5.25,4.875,4.8125,4.5,4,3.1875
9/3/2023 22:43,4.6875,4.875,4.75,4.5,3.9375,3.1875
9/4/2023 0:43,4.375,4.8125,4.75,4.375,3.9375,3.1875
9/4/2023 2:43,4.1875,4.75,4.6875,4.375,3.875,3.125
9/4/2023 4:43,4,4.6875,4.6875,4.3125,3.875,3.125
9/4/2023 6:43,3.9375,4.5625,4.6875,4.3125,3.875,3.125
9/4/2023 8:43,3.25,4.4375,4.625,4.25,3.8125,3.125
9/4/2023 10:43,3.125,4.3125,4.5625,4.25,3.8125,3.0625
9/4/2023 12:43,4.25,4.25,4.5,4.1875,3.75,3.0625
9/4/2023 14:43,5.125,4.3125,4.4375,4.1875,3.75,3.0625
9/4/2023 16:43,6.3125,4.5625,4.4375,4.125,3.75,3.0625
9/4/2023 18:43,6.0625,4.75,4.375,4.125,3.6875,3.0625
9/4/2023 20:43,4.875,4.875,4.375,4.0625,3.6875,3
9/4/2023 22:43,3.9375,4.75,4.4375,4,3.625,3
9/5/2023 0:43,3.4375,4.5625,4.375,4,3.625,3
9/5/2023 2:43,3.5,4.4375,4.4375,4,3.625,3
9/5/2023 4:43,3.4375,4.3125,4.375,3.9375,3.5625,2.9375
9/5/2023 6:43,3.375,4.1875,4.375,3.9375,3.5625,2.9375
9/5/2023 8:43,3.5625,4.0625,4.3125,3.9375,3.5625,2.9375
9/5/2023 10:43,4.0625,4.125,4.25,3.875,3.5,2.9375
9/5/2023 12:43,4.5625,4.125,4.1875,3.875,3.5,2.875
9/5/2023 14:43,4.75,4.1875,4.125,3.875,3.5,2.875
9/5/2023 16:43,5,4.3125,4.125,3.8125,3.4375,2.875
9/5/2023 18:43,5,4.375,4.125,3.8125,3.4375,2.8125
9/5/2023 20:43,4.4375,4.4375,4.125,3.75,3.375,2.8125
9/5/2023 22:43,3.875,4.375,4.125,3.75,3.375,2.8125
9/6/2023 0:43,3.375,4.25,4.125,3.6875,3.375,2.8125
9/6/2023 2:43,3,4.125,4.125,3.6875,3.375,2.75
9/6/2023 4:43,2.8125,3.9375,4.0625,3.6875,3.3125,2.75
9/6/2023 6:43,2.5625,3.75,4.0625,3.6875,3.3125,2.75
9/6/2023 8:43,2.8125,3.625,3.9375,3.625,3.3125,2.75
9/6/2023 10:43,3.9375,3.625,3.875,3.625,3.3125,2.75
9/6/2023 12:43,4.875,3.75,3.8125,3.625,3.25,2.6875
9/6/2023 14:43,5.5,4,3.8125,3.5625,3.25,2.6875
9/6/2023 16:43,5.875,4.25,3.8125,3.5,3.1875,2.6875
9/6/2023 18:43,5.5,4.4375,3.8125,3.5,3.1875,2.6875
9/6/2023 20:43,4.9375,4.5625,3.8125,3.4375,3.125,2.625
9/6/2023 22:43,4.375,4.5,3.875,3.4375,3.125,2.625
9/7/2023 0:43,4,4.4375,3.9375,3.4375,3.125,2.625
9/7/2023 2:43,3.6875,4.3125,3.9375,3.4375,3.125,2.5625
9/7/2023 4:43,3.25,4.125,3.9375,3.4375,3.125,2.5625
9/7/2023 6:43,2.625,3.9375,3.9375,3.4375,3.0625,2.5625
9/7/2023 8:43,2.25,3.75,3.9375,3.4375,3.0625,2.5625
9/7/2023 10:43,2.3125,3.5625,3.875,3.4375,3.0625,2.5
9/7/2023 12:43,2.5,3.4375,3.8125,3.4375,3,2.5
9/7/2023 14:43,3,3.375,3.75,3.375,3.0625,2.5
9/7/2023 16:43,3.1875,3.375,3.6875,3.375,3,2.5
9/7/2023 18:43,2.4375,3.25,3.5625,3.3125,3,2.4375
9/7/2023 20:43,2.25,3.1875,3.5,3.3125,3,2.4375
9/7/2023 22:43,1.9375,3.0625,3.4375,3.3125,3,2.4375
9/8/2023 0:43,1.6875,2.9375,3.375,3.25,2.9375,2.4375
9/8/2023 2:43,1.5625,2.8125,3.3125,3.1875,2.9375,2.4375
9/8/2023 4:43,1.3125,2.6875,3.25,3.1875,2.9375,2.4375
9/8/2023 6:43,1.125,2.5625,3.1875,3.125,2.875,2.375
9/8/2023 8:43,1.125,2.4375,3.125,3.0625,2.875,2.375
9/8/2023 10:43,1.3125,2.3125,3,3,2.8125,2.375
9/8/2023 12:43,2,2.3125,2.9375,3,2.8125,2.3125
9/8/2023 14:43,3.625,2.4375,2.875,2.9375,2.8125,2.3125
9/8/2023 16:43,4.5625,2.6875,2.8125,2.875,2.75,2.3125
9/8/2023 18:43,4.5625,3,2.75,2.875,2.75,2.25
9/8/2023 20:43,3.875,3.1875,2.75,2.75,2.6875,2.25
9/8/2023 22:43,2.75,3.1875,2.8125,2.75,2.6875,2.25
9/9/2023 0:43,1.8125,3.0625,2.875,2.6875,2.625,2.1875
9/9/2023 2:43,1.25,2.8125,2.875,2.6875,2.5625,2.1875
9/9/2023 4:43,0.9375,2.5625,2.875,2.6875,2.5625,2.1875
9/9/2023 6:43,0.75,2.375,2.8125,2.625,2.5,2.1875
9/9/2023 8:43,0.6875,2.125,2.75,2.625,2.5,2.125
9/9/2023 10:43,1.4375,2.0625,2.6875,2.625,2.5,2.125
9/9/2023 12:43,3.0625,2.1875,2.625,2.5625,2.5,2.0625
9/9/2023 14:43,4.375,2.4375,2.5625,2.5625,2.4375,2.0625
9/9/2023 16:43,4.625,2.75,2.5,2.5,2.4375,2.0625
9/9/2023 18:43,4.75,3,2.5,2.5,2.375,2
9/9/2023 20:43,4.25,3.1875,2.5,2.4375,2.375,2
9/9/2023 22:43,3.6875,3.3125,2.625,2.4375,2.375,2
9/10/2023 0:43,3.375,3.25,2.6875,2.4375,2.3125,2
9/10/2023 2:43,2.8125,3.1875,2.6875,2.375,2.3125,1.9375
9/10/2023 4:43,2.0625,3.0625,2.75,2.375,2.25,1.9375
9/10/2023 6:43,1.875,2.875,2.75,2.4375,2.25,1.875
9/10/2023 8:43,2.1875,2.75,2.75,2.375,2.25,1.875
9/10/2023 10:43,3.25,2.75,2.75,2.4375,2.25,1.875
9/10/2023 12:43,4.6875,2.875,2.6875,2.375,2.25,1.875
9/10/2023 14:43,6.4375,3.25,2.6875,2.375,2.1875,1.8125
9/10/2023 16:43,7.5,3.75,2.6875,2.375,2.1875,1.8125
9/10/2023 18:43,7.125,4.1875,2.75,2.375,2.1875,1.8125
9/10/2023 20:43,6.0625,4.4375,2.875,2.375,2.1875,1.8125
9/10/2023 22:43,4.6875,4.4375,3.0625,2.375,2.125,1.8125
9/11/2023 0:43,3.8125,4.3125,3.125,2.375,2.1875,1.8125
9/11/2023 2:43,3.6875,4.125,3.25,2.4375,2.125,1.75
9/11/2023 4:43,3.6875,4,3.3125,2.5,2.1875,1.75
9/11/2023 6:43,3.625,3.875,3.3125,2.5,2.1875,1.75
9/11/2023 8:43,3.5625,3.75,3.3125,2.5625,2.1875,1.75
9/11/2023 10:43,4.5625,3.8125,3.3125,2.5625,2.1875,1.75
9/11/2023 12:43,6.0625,4,3.3125,2.625,2.1875,1.75
9/11/2023 14:43,6.5625,4.25,3.3125,2.625,2.1875,1.75
9/11/2023 16:43,7.25,4.5625,3.375,2.625,2.1875,1.75
9/11/2023 18:43,7.125,4.8125,3.375,2.625,2.1875,1.75
9/11/2023 20:43,6.5,5,3.5,2.625,2.1875,1.75
9/11/2023 22:43,5.875,5.0625,3.625,2.6875,2.25,1.75
9/12/2023 0:43,5.4375,5,3.75,2.6875,2.25,1.75
9/12/2023 2:43,4.9375,4.9375,3.8125,2.75,2.25,1.75
9/12/2023 4:43,4.5,4.8125,3.8125,2.8125,2.25,1.75
9/12/2023 6:43,4.25,4.625,3.875,2.8125,2.25,1.75
9/12/2023 8:43,4.1875,4.5,3.875,2.875,2.3125,1.75
9/12/2023 10:43,4.3125,4.4375,3.9375,2.875,2.3125,1.75
9/12/2023 12:43,4.75,4.4375,3.875,2.9375,2.3125,1.75
9/12/2023 14:43,5.125,4.4375,3.875,3,2.375,1.8125
9/12/2023 16:43,5.3125,4.5,3.875,3,2.375,1.8125
9/12/2023 18:43,5.3125,4.5625,3.875,3,2.375,1.8125
9/12/2023 20:43,4.9375,4.625,3.875,3,2.375,1.8125
9/12/2023 22:43,4.5,4.5625,3.875,3,2.4375,1.8125
9/13/2023 0:43,4.1875,4.5,3.875,3.0625,2.4375,1.8125
9/13/2023 2:43,3.8125,4.375,3.875,3.0625,2.4375,1.875
9/13/2023 4:43,3.5,4.25,3.875,3.0625,2.4375,1.875
9/13/2023 6:43,3.25,4.125,3.875,3.0625,2.5,1.875
9/13/2023 8:43,3.25,3.9375,3.8125,3.0625,2.5,1.875
9/13/2023 10:43,3.8125,3.9375,3.8125,3.0625,2.4375,1.875
9/13/2023 12:43,5,3.9375,3.75,3.0625,2.5,1.9375
9/13/2023 14:43,6.3125,4.1875,3.6875,3.0625,2.5,1.9375
9/13/2023 16:43,6.75,4.5,3.6875,3.0625,2.5,1.9375
9/13/2023 18:43,6.5,4.75,3.75,3.0625,2.5,1.9375
9/13/2023 20:43,5.125,4.8125,3.75,3.0625,2.5625,1.9375
9/13/2023 22:43,3.625,4.6875,3.8125,3.0625,2.5,1.9375
9/14/2023 0:43,2.6875,4.4375,3.875,3.0625,2.5,1.9375
9/14/2023 2:43,2,4.0625,3.875,3.0625,2.5,1.9375
9/14/2023 4:43,1.4375,3.75,3.875,3.0625,2.5,1.9375
9/14/2023 6:43,1.1875,3.4375,3.8125,3.0625,2.5,1.9375
9/14/2023 8:43,1,3.125,3.6875,3.0625,2.5625,1.9375
9/14/2023 10:43,1.0625,2.875,3.625,3.0625,2.5625,1.9375
9/14/2023 12:43,1.875,2.75,3.5,3.0625,2.5625,1.9375
9/14/2023 14:43,3.875,2.875,3.3125,3,2.5625,2
9/14/2023 16:43,5.25,3.125,3.25,3,2.5625,2
9/14/2023 18:43,5.1875,3.4375,3.1875,2.9375,2.5625,2
9/14/2023 20:43,4.1875,3.625,3.1875,2.9375,2.5625,2
9/14/2023 22:43,2.875,3.5625,3.1875,2.875,2.5625,2
9/15/2023 0:43,1.875,3.375,3.1875,2.875,2.5,2
9/15/2023 2:43,1.25,3.125,3.1875,2.8125,2.5,2
9/15/2023 4:43,1.0625,2.875,3.1875,2.75,2.5,2
9/15/2023 6:43,0.9375,2.6875,3.125,2.8125,2.4375,1.9375
9/15/2023 8:43,0.9375,2.5,3.0625,2.75,2.5,1.9375
9/15/2023 10:43,1.3125,2.375,2.9375,2.75,2.4375,1.9375
9/15/2023 12:43,2.625,2.375,2.875,2.6875,2.4375,1.9375
9/15/2023 14:43,3.6875,2.5625,2.75,2.6875,2.4375,1.9375
9/15/2023 16:43,4.5625,2.8125,2.75,2.6875,2.375,1.9375
9/15/2023 18:43,4.6875,3.0625,2.75,2.625,2.375,1.9375
9/15/2023 20:43,4.0625,3.25,2.75,2.5625,2.375,1.9375
9/15/2023 22:43,2.9375,3.25,2.75,2.5625,2.375,1.9375
9/16/2023 0:43,2.1875,3.125,2.8125,2.5,2.3125,1.875
9/16/2023 2:43,1.3125,2.9375,2.8125,2.5,2.3125,1.875
9/16/2023 4:43,0.9375,2.6875,2.8125,2.5,2.3125,1.875
9/16/2023 6:43,0.8125,2.4375,2.8125,2.5,2.3125,1.875
9/16/2023 8:43,0.6875,2.3125,2.75,2.4375,2.25,1.875
9/16/2023 10:43,0.75,2.125,2.6875,2.5,2.25,1.875
9/16/2023 12:43,0.9375,2,2.625,2.4375,2.25,1.8125
9/16/2023 14:43,1.0625,1.9375,2.5625,2.4375,2.1875,1.8125
9/16/2023 16:43,2.125,1.875,2.4375,2.375,2.25,1.8125
9/16/2023 18:43,2.75,2,2.375,2.375,2.1875,1.8125
9/16/2023 20:43,2.5,2.125,2.3125,2.3125,2.1875,1.8125
9/16/2023 22:43,2.1875,2.1875,2.25,2.25,2.1875,1.8125
9/17/2023 0:43,1.625,2.1875,2.25,2.25,2.125,1.8125
9/17/2023 2:43,1,2.0625,2.25,2.1875,2.125,1.75
9/17/2023 4:43,0.75,2,2.1875,2.1875,2.125,1.75
9/17/2023 6:43,0.625,1.8125,2.1875,2.125,2.0625,1.75
9/17/2023 8:43,0.5625,1.6875,2.1875,2.125,2.0625,1.75
9/17/2023 10:43,0.8125,1.625,2.125,2.125,2,1.6875
9/17/2023 12:43,2.0625,1.625,2.0625,2.0625,2,1.6875
9/17/2023 14:43,3.1875,1.8125,2,2.0625,2,1.6875
9/17/2023 16:43,4.1875,2.0625,2,2,1.9375,1.6875
9/17/2023 18:43,4.0625,2.375,2,2,2,1.6875
9/17/2023 20:43,3.5625,2.5625,2,1.9375,1.9375,1.625
9/17/2023 22:43,2.9375,2.625,2,1.875,1.875,1.625
9/18/2023 0:43,2.375,2.625,2.0625,1.875,1.875,1.5625
9/18/2023 2:43,2.0625,2.5,2.125,1.875,1.875,1.5625
9/18/2023 4:43,1.8125,2.4375,2.1875,1.875,1.8125,1.5625
9/18/2023 6:43,1.5,2.3125,2.1875,1.875,1.8125,1.5625
9/18/2023 8:43,1.25,2.125,2.1875,1.875,1.8125,1.5625
9/18/2023 10:43,1.3125,2.0625,2.1875,1.875,1.8125,1.5
9/18/2023 12:43,2,2,2.125,1.875,1.8125,1.5
9/18/2023 14:43,2.625,2.0625,2.0625,1.875,1.8125,1.5
9/18/2023 16:43,2.9375,2.1875,2.0625,1.875,1.8125,1.5
9/18/2023 18:43,3.0625,2.3125,2.0625,1.875,1.75,1.5
9/18/2023 20:43,2.5625,2.375,2.0625,1.875,1.75,1.4375
9/18/2023 22:43,1.875,2.375,2.0625,1.8125,1.75,1.4375
9/19/2023 0:43,1.125,2.25,2.125,1.8125,1.75,1.4375
9/19/2023 2:43,0.9375,2.0625,2.0625,1.8125,1.75,1.4375
9/19/2023 4:43,0.8125,1.9375,2.0625,1.8125,1.75,1.4375
9/19/2023 6:43,0.6875,1.75,2,1.8125,1.6875,1.4375
9/19/2023 8:43,0.5625,1.6875,2,1.8125,1.6875,1.375
9/19/2023 10:43,0.625,1.5625,1.9375,1.8125,1.6875,1.375
9/19/2023 12:43,1.0625,1.5625,1.875,1.75,1.6875,1.375
9/19/2023 14:43,1.8125,1.5625,1.8125,1.8125,1.6875,1.375
9/19/2023 16:43,2.6875,1.625,1.8125,1.75,1.6875,1.375
9/19/2023 18:43,2.625,1.8125,1.8125,1.6875,1.6875,1.375
9/19/2023 20:43,2.125,1.875,1.75,1.6875,1.625,1.375
9/19/2023 22:43,1.5,1.9375,1.75,1.6875,1.625,1.375
9/20/2023 0:43,0.9375,1.875,1.75,1.625,1.625,1.3125
9/20/2023 2:43,0.5625,1.75,1.75,1.625,1.5625,1.3125
9/20/2023 4:43,0.375,1.625,1.75,1.625,1.5625,1.3125
9/20/2023 6:43,0.25,1.5,1.75,1.625,1.5625,1.3125
9/20/2023 8:43,0.25,1.4375,1.6875,1.625,1.5625,1.3125
9/20/2023 10:43,0.375,1.3125,1.6875,1.5625,1.5625,1.3125
9/20/2023 12:43,0.625,1.25,1.625,1.5625,1.5625,1.25
9/20/2023 14:43,0.875,1.25,1.625,1.5625,1.5,1.25
9/20/2023 16:43,0.625,1.1875,1.5625,1.5,1.5,1.25
9/20/2023 18:43,0.4375,1.125,1.5,1.5,1.5,1.25
9/20/2023 20:43,0.3125,1.0625,1.4375,1.5,1.5,1.25
9/20/2023 22:43,0.25,1,1.4375,1.4375,1.4375,1.1875
9/21/2023 0:43,0.25,0.9375,1.375,1.4375,1.4375,1.1875
9/21/2023 2:43,0.1875,0.9375,1.3125,1.375,1.4375,1.1875
9/21/2023 4:43,0.1875,0.875,1.3125,1.375,1.4375,1.1875
9/21/2023 6:43,0.1875,0.875,1.25,1.375,1.375,1.125
9/21/2023 8:43,0.1875,0.8125,1.1875,1.3125,1.375,1.125
9/21/2023 10:43,0.1875,0.8125,1.1875,1.25,1.375,1.125
9/21/2023 12:43,0.1875,0.75,1.125,1.25,1.375,1.125
9/21/2023 14:43,0.25,0.75,1.125,1.25,1.3125,1.125
9/21/2023 16:43,0.1875,0.6875,1.0625,1.1875,1.3125,1.125
9/21/2023 18:43,0.1875,0.6875,1.0625,1.1875,1.3125,1.0625
9/21/2023 20:43,0.125,0.6875,1,1.125,1.25,1.0625
9/21/2023 22:43,0.125,0.6875,1,1.125,1.25,1.0625
9/22/2023 0:43,0.125,0.625,1,1.0625,1.25,1.0625
9/22/2023 2:43,0.125,0.625,0.9375,1.0625,1.1875,1.0625
9/22/2023 4:43,0.125,0.625,0.9375,1,1.1875,1
9/22/2023 6:43,0.0625,0.5625,0.875,1,1.1875,1
9/22/2023 8:43,0,0.5625,0.875,1,1.125,1
9/22/2023 10:43,0,0.5625,0.875,1,1.125,1
9/22/2023 12:43,0.125,0.5625,0.8125,0.9375,1.125,0.9375
9/22/2023 14:43,0.125,0.5625,0.8125,0.9375,1.0625,0.9375
9/22/2023 16:43,0.125,0.5,0.8125,0.875,1.0625,0.9375
9/22/2023 18:43,0.125,0.5,0.75,0.875,1,0.9375
9/22/2023 20:43,0.125,0.5,0.75,0.875,1,0.875
9/22/2023 22:43,0.125,0.5,0.75,0.8125,1,0.875
9/23/2023 0:43,0.125,0.5,0.6875,0.8125,1,0.875
9/23/2023 2:43,0.125,0.5,0.6875,0.8125,0.9375,0.875
9/23/2023 4:43,0.125,0.4375,0.6875,0.75,0.9375,0.8125
9/23/2023 6:43,0.125,0.4375,0.6875,0.75,0.9375,0.8125
9/23/2023 8:43,0.125,0.4375,0.625,0.75,0.875,0.8125
9/23/2023 10:43,0.125,0.4375,0.625,0.75,0.875,0.75
9/23/2023 12:43,0.125,0.4375,0.625,0.6875,0.875,0.8125
9/23/2023 14:43,0.125,0.4375,0.5625,0.6875,0.875,0.75
9/23/2023 16:43,0.125,0.4375,0.5625,0.6875,0.875,0.75
9/23/2023 18:43,0.125,0.375,0.5625,0.625,0.8125,0.75
9/23/2023 20:43,0.125,0.375,0.5625,0.625,0.8125,0.6875
9/23/2023 22:43,0.125,0.4375,0.5625,0.625,0.8125,0.6875
9/24/2023 0:43,0.0625,0.375,0.5625,0.625,0.75,0.6875
9/24/2023 2:43,-0.125,0.3125,0.5,0.625,0.75,0.6875
9/24/2023 4:43,-0.1875,0.3125,0.5,0.5625,0.75,0.6875
9/24/2023 6:43,-0.125,0.3125,0.5,0.5625,0.75,0.625
9/24/2023 8:43,-0.125,0.3125,0.5,0.5625,0.75,0.625
9/24/2023 10:43,-0.0625,0.3125,0.4375,0.5625,0.6875,0.625
9/24/2023 12:43,0.0625,0.3125,0.4375,0.5,0.6875,0.625
9/24/2023 14:43,0.0625,0.3125,0.4375,0.5,0.6875,0.625
9/24/2023 16:43,0.0625,0.3125,0.4375,0.5,0.6875,0.5625
9/24/2023 18:43,0.0625,0.3125,0.4375,0.5,0.625,0.5625
9/24/2023 20:43,0.0625,0.3125,0.4375,0.5,0.625,0.5625
9/24/2023 22:43,-0.0625,0.3125,0.4375,0.4375,0.625,0.5625
9/25/2023 0:43,-0.0625,0.3125,0.4375,0.4375,0.625,0.5625
9/25/2023 2:43,-0.1875,0.25,0.4375,0.4375,0.625,0.5625
9/25/2023 4:43,-0.1875,0.25,0.375,0.4375,0.625,0.5
9/25/2023 6:43,-0.1875,0.25,0.375,0.4375,0.5625,0.5
9/25/2023 8:43,-0.1875,0.25,0.375,0.4375,0.5625,0.5
9/25/2023 10:43,-0.125,0.25,0.375,0.375,0.5625,0.5
9/25/2023 12:43,0,0.25,0.3125,0.375,0.5625,0.4375
9/25/2023 14:43,0.0625,0.25,0.3125,0.375,0.5625,0.4375
9/25/2023 16:43,0.0625,0.25,0.3125,0.375,0.5625,0.4375
9/25/2023 18:43,0.0625,0.25,0.3125,0.375,0.5625,0.4375
9/25/2023 20:43,-0.1875,0.25,0.3125,0.375,0.5,0.4375
9/25/2023 22:43,-0.3125,0.1875,0.3125,0.3125,0.5,0.4375
9/26/2023 0:43,-0.4375,0.1875,0.3125,0.375,0.5,0.4375
9/26/2023 2:43,-0.4375,0.1875,0.25,0.3125,0.5,0.4375
9/26/2023 4:43,-0.4375,0.1875,0.3125,0.3125,0.5,0.375
9/26/2023 6:43,-0.5,0.1875,0.25,0.3125,0.5,0.4375
9/26/2023 8:43,-0.5,0.1875,0.25,0.3125,0.4375,0.4375
9/26/2023 10:43,-0.25,0.1875,0.25,0.3125,0.4375,0.375
9/26/2023 12:43,-0.0625,0.25,0.25,0.3125,0.4375,0.375
9/26/2023 14:43,0.0625,0.1875,0.25,0.25,0.4375,0.375
9/26/2023 16:43,0.0625,0.1875,0.25,0.25,0.4375,0.375
9/26/2023 18:43,0,0.25,0.25,0.25,0.4375,0.375
9/26/2023 20:43,-0.25,0.1875,0.25,0.25,0.4375,0.375
9/26/2023 22:43,-0.3125,0.1875,0.25,0.25,0.4375,0.3125
9/27/2023 0:43,-0.1875,0.1875,0.25,0.25,0.4375,0.3125
9/27/2023 2:43,-0.125,0.1875,0.1875,0.25,0.4375,0.3125
9/27/2023 4:43,-0.125,0.1875,0.25,0.25,0.375,0.3125
9/27/2023 6:43,-0.125,0.1875,0.25,0.25,0.375,0.3125
9/27/2023 8:43,-0.125,0.1875,0.1875,0.1875,0.375,0.3125
9/27/2023 10:43,-0.125,0.1875,0.1875,0.1875,0.375,0.3125
9/27/2023 12:43,0,0.1875,0.1875,0.1875,0.3125,0.3125
9/27/2023 14:43,0.0625,0.1875,0.25,0.1875,0.375,0.3125
9/27/2023 16:43,0,0.1875,0.1875,0.25,0.3125,0.3125
9/27/2023 18:43,0,0.1875,0.1875,0.1875,0.375,0.25
9/27/2023 20:43,0,0.1875,0.1875,0.1875,0.3125,0.3125
9/27/2023 22:43,-0.125,0.1875,0.1875,0.1875,0.3125,0.25
9/28/2023 0:43,-0.125,0.125,0.1875,0.1875,0.3125,0.25
9/28/2023 2:43,-0.125,0.125,0.1875,0.1875,0.3125,0.25
9/28/2023 4:43,-0.1875,0.125,0.1875,0.1875,0.3125,0.25
9/28/2023 6:43,-0.125,0.1875,0.1875,0.1875,0.3125,0.25
9/28/2023 8:43,-0.3125,0.125,0.1875,0.125,0.3125,0.25
9/28/2023 10:43,-0.1875,0.125,0.1875,0.125,0.3125,0.25
9/28/2023 12:43,0,0.125,0.1875,0.125,0.3125,0.25
9/28/2023 14:43,0,0.125,0.1875,0.125,0.3125,0.25
9/28/2023 16:43,0,0.1875,0.1875,0.125,0.3125,0.25
9/28/2023 18:43,-0.0625,0.125,0.1875,0.125,0.25,0.25
9/28/2023 20:43,-0.25,0.125,0.1875,0.125,0.3125,0.25
9/28/2023 22:43,-0.25,0.125,0.1875,0.125,0.25,0.1875
9/29/2023 0:43,-0.3125,0.125,0.125,0.125,0.25,0.1875
9/29/2023 2:43,-0.3125,0.125,0.1875,0.125,0.25,0.25
9/29/2023 4:43,-0.1875,0.125,0.125,0.125,0.25,0.25
9/29/2023 6:43,-0.1875,0.125,0.125,0.125,0.25,0.1875
9/29/2023 8:43,-0.1875,0.125,0.125,0.125,0.25,0.1875
9/29/2023 10:43,-0.1875,0.125,0.125,0.125,0.25,0.1875
9/29/2023 12:43,-0.0625,0.125,0.125,0.125,0.25,0.1875
9/29/2023 14:43,0,0.125,0.125,0.125,0.25,0.1875
9/29/2023 16:43,0,0.125,0.125,0.125,0.25,0.1875
9/29/2023 18:43,0,0.125,0.125,0.125,0.25,0.1875
9/29/2023 20:43,0,0.125,0.125,0.125,0.25,0.1875
9/29/2023 22:43,-0.0625,0.125,0.125,0.125,0.25,0.1875
9/30/2023 0:43,-0.1875,0.125,0.125,0.125,0.25,0.1875
9/30/2023 2:43,-0.3125,0.125,0.125,0.0625,0.25,0.1875
9/30/2023 4:43,-0.3125,0.125,0.125,0.0625,0.25,0.1875
9/30/2023 6:43,-0.3125,0.125,0.125,0.0625,0.25,0.1875
9/30/2023 8:43,-0.3125,0.125,0.125,0.0625,0.1875,0.1875
9/30/2023 10:43,-0.25,0.0625,0.125,0.0625,0.1875,0.1875
9/30/2023 12:43,-0.0625,0.125,0.125,0.0625,0.25,0.1875
9/30/2023 14:43,0,0.125,0.125,0.0625,0.1875,0.1875
9/30/2023 16:43,0.0625,0.125,0.125,0.0625,0.1875,0.125
9/30/2023 18:43,0,0.125,0.125,0.0625,0.25,0.1875
9/30/2023 20:43,-0.125,0.125,0.125,0.0625,0.25,0.125
9/30/2023 22:43,-0.4375,0.125,0.125,0.0625,0.1875,0.125
10/1/2023 0:43,-0.5,0.0625,0.125,0.0625,0.1875,0.125
10/1/2023 2:43,-0.5,0.0625,0.125,0.0625,0.1875,0.125
10/1/2023 4:43,-0.5625,0.0625,0.125,0.0625,0.1875,0.125
10/1/2023 6:43,-0.625,0.0625,0.125,0.0625,0.1875,0.1875
10/1/2023 8:43,-0.625,0.0625,0.0625,0.0625,0.1875,0.125
10/1/2023 10:43,-0.5,0.125,0.125,0.0625,0.1875,0.125
10/1/2023 12:43,-0.1875,0.0625,0.0625,0.0625,0.1875,0.125
10/1/2023 14:43,-0.0625,0.125,0.125,0.0625,0.1875,0.125
10/1/2023 16:43,-0.125,0.125,0.125,0.0625,0.1875,0.125
10/1/2023 18:43,-0.1875,0.125,0.125,0.0625,0.1875,0.125
10/1/2023 20:43,-0.25,0.125,0.0625,0.0625,0.1875,0.125
10/1/2023 22:43,-0.1875,0.125,0.0625,0,0.1875,0.125
10/2/2023 0:43,-0.1875,0.125,0.0625,0.0625,0.1875,0.125
10/2/2023 2:43,-0.1875,0.0625,0.0625,0.0625,0.1875,0.125
10/2/2023 4:43,-0.1875,0.125,0.0625,0.0625,0.125,0.125
10/2/2023 6:43,-0.3125,0.0625,0.0625,0,0.1875,0.125
10/2/2023 8:43,-0.25,0.0625,0.0625,0.0625,0.1875,0.125
10/2/2023 10:43,-0.25,0.0625,0.0625,0,0.1875,0.125
10/2/2023 12:43,-0.1875,0.0625,0.0625,0,0.1875,0.125
10/2/2023 14:43,-0.1875,0.125,0.0625,0.0625,0.1875,0.125
10/2/2023 16:43,-0.0625,0.125,0.0625,0,0.1875,0.125
10/2/2023 18:43,-0.0625,0.125,0.0625,0.0625,0.1875,0.125
10/2/2023 20:43,-0.1875,0.125,0.0625,0.0625,0.1875,0.125
10/2/2023 22:43,-0.3125,0.0625,0.0625,0.0625,0.1875,0.125
10/3/2023 0:43,-0.3125,0.0625,0.0625,0,0.125,0.125
10/3/2023 2:43,-0.25,0.0625,0.0625,0,0.125,0.125
10/3/2023 4:43,-0.25,0.0625,0.0625,0,0.1875,0.125
10/3/2023 6:43,-0.25,0.0625,0.0625,0,0.1875,0.125
10/3/2023 8:43,-0.25,0.0625,0.0625,0,0.1875,0.125
10/3/2023 10:43,-0.375,0.0625,0.0625,0,0.1875,0.125
10/3/2023 12:43,-0.25,0.0625,0.0625,0,0.1875,0.125
10/3/2023 14:43,-0.1875,0.0625,0.0625,0,0.125,0.0625
10/3/2023 16:43,-0.125,0.0625,0.0625,0,0.125,0.125
10/3/2023 18:43,-0.125,0.125,0.0625,0,0.125,0.125
10/3/2023 20:43,-0.1875,0.0625,0.0625,0,0.125,0.0625
10/3/2023 22:43,-0.25,0.0625,0.0625,0,0.125,0.0625
10/4/2023 0:43,-0.375,0.0625,0.0625,0,0.1875,0.125
10/4/2023 2:43,-0.4375,0.0625,0.0625,0,0.125,0.125
10/4/2023 4:43,-0.4375,0.0625,0.0625,0,0.125,0.0625
10/4/2023 6:43,-0.5,0.0625,0.0625,0,0.125,0.0625
10/4/2023 8:43,-0.5,0.0625,0.0625,0,0.125,0.0625
10/4/2023 10:43,-0.4375,0.0625,0.0625,0,0.125,0.125
10/4/2023 12:43,-0.375,0.0625,0.0625,0,0.125,0.0625
10/4/2023 14:43,-0.25,0.0625,0.0625,0,0.125,0.0625
10/4/2023 16:43,-0.1875,0.0625,0.0625,0,0.125,0.0625
10/4/2023 18:43,-0.25,0.0625,0.0625,0,0.125,0.0625
10/4/2023 20:43,-0.375,0.0625,0.0625,0,0.125,0.0625
10/4/2023 22:43,-0.3125,0.0625,0.0625,0,0.125,0.0625
10/5/2023 0:43,-0.3125,0.0625,0.0625,0,0.125,0.125
10/5/2023 2:43,-0.5,0.0625,0.0625,0,0.125,0.0625
10/5/2023 4:43,-0.5625,0.0625,0.0625,0,0.125,0.0625
10/5/2023 6:43,-0.5,0.0625,0.0625,0,0.125,0.0625
10/5/2023 8:43,-0.5,0.0625,0.0625,0,0.125,0.0625
10/5/2023 10:43,-0.5,0.0625,0.0625,0,0.125,0.0625
10/5/2023 12:43,-0.5625,0.0625,0.0625,0,0.125,0.0625
10/5/2023 14:43,-0.3125,0.0625,0.0625,0,0.125,0.0625
10/5/2023 16:43,-0.25,0.0625,0.0625,0,0.125,0.0625
10/5/2023 18:43,-0.25,0.0625,0.0625,0,0.125,0.0625
10/5/2023 20:43,-0.4375,0.0625,0.0625,0,0.125,0.0625
10/5/2023 22:43,-0.5625,0.0625,0.0625,0,0.125,0.0625
10/6/2023 0:43,-0.6875,0.0625,0,0,0.125,0.0625
10/6/2023 2:43,-0.75,0.0625,0.0625,0,0.125,0.0625
10/6/2023 4:43,-0.6875,0.0625,0.0625,0,0.125,0.0625
10/6/2023 6:43,-0.625,0.0625,0.0625,-0.0625,0.125,0.0625
10/6/2023 8:43,-0.5,0.0625,0.0625,0,0.125,0.0625
10/6/2023 10:43,-0.4375,0.0625,0.0625,0,0.125,0.0625
10/6/2023 12:43,-0.3125,0.0625,0.0625,0,0.125,0.0625
10/6/2023 14:43,-0.1875,0.0625,0.0625,0,0.125,0.0625
10/6/2023 16:43,-0.125,0.0625,0.0625,0,0.125,0.0625
10/6/2023 18:43,-0.1875,0.0625,0.0625,0,0.125,0.0625
10/6/2023 20:43,-0.25,0.0625,0.0625,-0.0625,0.125,0.0625
10/6/2023 22:43,-0.3125,0.0625,0.0625,0,0.125,0.0625
10/7/2023 0:43,-0.375,0.0625,0.0625,-0.0625,0.125,0.0625
10/7/2023 2:43,-0.375,0.0625,0.0625,0,0.125,0.0625
10/7/2023 4:43,-0.375,0.0625,0.0625,0,0.125,0.0625
10/7/2023 6:43,-0.3125,0.0625,0.0625,0,0.125,0.0625
10/7/2023 8:43,-0.375,0.0625,0.0625,0,0.125,0.0625
10/7/2023 10:43,-0.375,0.0625,0.0625,0,0.125,0.0625
10/7/2023 12:43,-0.375,0.0625,0.0625,0,0.125,0.0625
10/7/2023 14:43,-0.3125,0.0625,0.0625,-0.0625,0.125,0.0625
10/7/2023 16:43,-0.25,0.0625,0.0625,0,0.125,0.0625
10/7/2023 18:43,-0.3125,0.0625,0.0625,-0.0625,0.0625,0.0625
10/7/2023 20:43,-0.5,0.0625,0.0625,0,0.125,0.0625
10/7/2023 22:43,-0.5625,0.0625,0.0625,0,0.125,0.0625
10/8/2023 0:43,-0.5625,0.0625,0.0625,-0.0625,0.125,0.0625
10/8/2023 2:43,-0.8125,0.0625,0.0625,0,0.125,0.0625
10/8/2023 4:43,-0.9375,0,0.0625,0,0.125,0.0625
10/8/2023 6:43,-1.0625,0,0.0625,0,0.125,0.0625
10/8/2023 8:43,-1.0625,0,0.0625,-0.0625,0.125,0.0625
10/8/2023 10:43,-1,0,0,0,0.125,0.0625
10/8/2023 12:43,-0.75,0.0625,0.0625,-0.0625,0.125,0.0625
10/8/2023 14:43,-0.5,0.0625,0.0625,0,0.125,0.0625
10/8/2023 16:43,-0.375,0.0625,0.0625,-0.0625,0.125,0.0625
10/8/2023 18:43,-0.4375,0.0625,0.0625,-0.0625,0.125,0.0625
10/8/2023 20:43,-0.625,0.0625,0.0625,0,0.125,0.0625
10/8/2023 22:43,-0.75,0,0.0625,-0.0625,0.125,0.0625
10/9/2023 0:43,-0.75,0,0.0625,0,0.125,0.0625
10/9/2023 2:43,-0.625,0.0625,0.0625,0,0.125,0.0625
10/9/2023 4:43,-0.5625,0.0625,0.0625,-0.0625,0.125,0.0625
10/9/2023 6:43,-0.5,0.0625,0.0625,0,0.125,0.0625
10/9/2023 8:43,-0.4375,0.0625,0.0625,-0.0625,0.0625,0.0625
10/9/2023 10:43,-0.375,0.0625,0.0625,-0.0625,0.0625,0.0625
10/9/2023 12:43,-0.3125,0.0625,0.0625,0,0.125,0.0625
10/9/2023 14:43,-0.25,0.0625,0.0625,0,0.125,0.0625
10/9/2023 16:43,-0.1875,0.0625,0.0625,-0.0625,0.125,0.0625
10/9/2023 18:43,-0.1875,0.0625,0.0625,0,0.125,0.0625
10/9/2023 20:43,-0.25,0.0625,0.0625,0,0.125,0.0625
10/9/2023 22:43,-0.375,0.0625,0.0625,-0.0625,0.125,0.0625
10/10/2023 0:43,-0.4375,0.0625,0,-0.0625,0.125,0.0625
10/10/2023 2:43,-0.5,0.0625,0,-0.0625,0.125,0.0625
10/10/2023 4:43,-0.4375,0.0625,0.0625,0,0.125,0.0625
10/10/2023 6:43,-0.4375,0.0625,0,-0.0625,0.0625,0.0625
10/10/2023 8:43,-0.375,0.0625,0.0625,0,0.125,0.0625
10/10/2023 10:43,-0.3125,0.0625,0.0625,0,0.125,0.0625
10/10/2023 12:43,-0.25,0.0625,0.0625,-0.0625,0.125,0.0625
10/10/2023 14:43,-0.1875,0.0625,0.0625,-0.0625,0.0625,0.0625
10/10/2023 16:43,-0.125,0.0625,0.0625,0,0.0625,0.0625
10/10/2023 18:43,-0.1875,0.0625,0.0625,-0.0625,0.125,0.0625
10/10/2023 20:43,-0.1875,0.0625,0.0625,-0.0625,0.0625,0.0625
10/10/2023 22:43,-0.1875,0.0625,0.0625,-0.0625,0.125,0.0625
10/11/2023 0:43,-0.1875,0.0625,0.0625,-0.0625,0.0625,0.0625
10/11/2023 2:43,-0.1875,0.0625,0,-0.0625,0.0625,0.0625
10/11/2023 4:43,-0.1875,0.0625,0.0625,-0.0625,0.125,0.0625
10/11/2023 6:43,-0.1875,0.0625,0.0625,-0.0625,0.125,0.0625
10/11/2023 8:43,-0.25,0.0625,0,0,0.0625,0.0625
10/11/2023 10:43,-0.25,0.0625,0.0625,0,0.0625,0.0625
10/11/2023 12:43,-0.25,0.0625,0,-0.0625,0.0625,0.0625
10/11/2023 14:43,-0.25,0.0625,0.0625,-0.0625,0.125,0.0625
10/11/2023 16:43,-0.1875,0.0625,0.0625,-0.0625,0.0625,0.0625
10/11/2023 18:43,-0.25,0.0625,0,-0.0625,0.0625,0.0625
10/11/2023 20:43,-0.375,0.0625,0.0625,-0.0625,0.125,0.0625
10/11/2023 22:43,-0.4375,0.0625,0,-0.0625,0.125,0.0625
10/12/2023 0:43,-0.5625,0,0.0625,-0.0625,0.125,0.0625
10/12/2023 2:43,-0.5625,0.0625,0.0625,-0.0625,0.125,0
10/12/2023 4:43,-0.5625,0,0,0,0.0625,0.0625
10/12/2023 6:43,-0.5,0,0,-0.0625,0.125,0.0625
10/12/2023 8:43,-0.5,0.0625,0,-0.0625,0.0625,0.0625
10/12/2023 10:43,-0.5625,0,0.0625,-0.0625,0.0625,0.0625
10/12/2023 12:43,-0.5,0,0,0,0.125,0.0625
10/12/2023 14:43,-0.4375,0,0,-0.0625,0.125,0.0625
10/12/2023 16:43,-0.375,0.0625,0.0625,-0.0625,0.125,0.0625
10/12/2023 18:43,-0.375,0.0625,0,0,0.0625,0.0625
10/12/2023 20:43,-0.375,0.0625,0.0625,-0.0625,0.0625,0.0625
10/12/2023 22:43,-0.4375,0.0625,0.0625,-0.0625,0.0625,0.0625
10/13/2023 0:43,-0.4375,0.0625,0.0625,0,0.0625,0
10/13/2023 2:43,-0.4375,0,0,-0.0625,0.125,0.0625
10/13/2023 4:43,-0.4375,0,0,-0.0625,0.125,0.0625
10/13/2023 6:43,-0.4375,0,0,-0.0625,0.0625,0.0625
10/13/2023 8:43,-0.375,0.0625,0,-0.0625,0.125,0.0625
10/13/2023 10:43,-0.3125,0.0625,0,-0.0625,0.0625,0.0625
10/13/2023 12:43,-0.25,0.0625,0,-0.0625,0.125,0.0625
10/13/2023 14:43,-0.25,0.0625,0.0625,0,0.0625,0.0625
10/13/2023 16:43,-0.1875,0.0625,0.0625,-0.0625,0.125,0.0625
10/13/2023 18:43,-0.1875,0.0625,0.0625,-0.0625,0.125,0.0625
10/13/2023 20:43,-0.1875,0.0625,0.0625,-0.0625,0.125,0.0625
10/13/2023 22:43,-0.25,0.0625,0.0625,-0.0625,0.125,0.0625
10/14/2023 0:43,-0.25,0.0625,0,-0.0625,0.0625,0.0625
10/14/2023 2:43,-0.3125,0.0625,0,-0.0625,0.0625,0.0625
10/14/2023 4:43,-0.3125,0.0625,0.0625,-0.0625,0.125,0.0625
10/14/2023 6:43,-0.375,0.0625,0,-0.0625,0.125,0.0625
10/14/2023 8:43,-0.3125,0.0625,0,-0.0625,0.0625,0.0625
10/14/2023 10:43,-0.25,0.0625,0.0625,-0.0625,0.0625,0.0625
10/14/2023 12:43,-0.1875,0.0625,0,-0.0625,0.125,0.0625
10/14/2023 14:43,-0.125,0.0625,0,-0.0625,0.0625,0.0625
10/14/2023 16:43,-0.125,0.0625,0,-0.0625,0.0625,0.0625
10/14/2023 18:43,-0.125,0.0625,0,-0.0625,0.0625,0.0625
10/14/2023 20:43,-0.125,0.0625,0.0625,-0.0625,0.125,0.0625
10/14/2023 22:43,-0.1875,0.0625,0,-0.0625,0.125,0.0625
10/15/2023 0:43,-0.1875,0.0625,0.0625,-0.0625,0.0625,0.0625
10/15/2023 2:43,-0.25,0.0625,0,-0.0625,0.125,0.0625
10/15/2023 4:43,-0.3125,0.0625,0,-0.0625,0.0625,0.0625
10/15/2023 6:43,-0.3125,0.0625,0,-0.0625,0.0625,0.0625
10/15/2023 8:43,-0.25,0.0625,0,-0.0625,0.0625,0
10/15/2023 10:43,-0.25,0.0625,0,-0.0625,0.0625,0.0625
10/15/2023 12:43,-0.1875,0.0625,0,-0.0625,0.125,0.0625
10/15/2023 14:43,-0.125,0.0625,0,-0.0625,0.0625,0.0625
10/15/2023 16:43,-0.125,0.0625,0,-0.0625,0.0625,0.0625
10/15/2023 18:43,-0.125,0.0625,0,-0.0625,0.0625,0.0625
10/15/2023 20:43,-0.125,0.0625,0.0625,0,0.125,0.0625
10/15/2023 22:43,-0.125,0.0625,0,-0.0625,0.125,0.0625
10/16/2023 0:43,-0.1875,0.0625,0,-0.0625,0.125,0.0625
10/16/2023 2:43,-0.25,0.0625,0,-0.0625,0.125,0.0625
10/16/2023 4:43,-0.3125,0.0625,0.0625,-0.0625,0.125,0.0625
10/16/2023 6:43,-0.3125,0.0625,0,-0.0625,0.125,0.0625
10/16/2023 8:43,-0.3125,0.0625,0,-0.0625,0.125,0.0625
10/16/2023 10:43,-0.375,0,0,-0.0625,0.0625,0.0625
10/16/2023 12:43,-0.375,0.0625,0,-0.0625,0.0625,0.0625
10/16/2023 14:43,-0.4375,0,0.0625,-0.0625,0.0625,0.0625
10/16/2023 16:43,-0.375,0.0625,0,-0.0625,0.125,0.0625
10/16/2023 18:43,-0.375,0,0,-0.0625,0.0625,0.0625
10/16/2023 20:43,-0.3125,0,0,-0.0625,0.0625,0.0625
10/16/2023 22:43,-0.3125,0.0625,0,-0.0625,0.0625,0.0625
10/17/2023 0:43,-0.3125,0.0625,0,-0.0625,0.0625,0
10/17/2023 2:43,-0.25,0.0625,0,-0.0625,0.0625,0.0625
10/17/2023 4:43,-0.1875,0,0.0625,-0.0625,0.125,0.0625
10/17/2023 6:43,-0.1875,0.0625,0,-0.0625,0.0625,0.0625
10/17/2023 8:43,-0.1875,0.0625,0.0625,-0.0625,0.0625,0.0625
10/17/2023 10:43,-0.125,0.0625,0,-0.0625,0.0625,0.0625
10/17/2023 12:43,-0.125,0.0625,0,-0.0625,0.0625,0.0625
10/17/2023 14:43,-0.125,0.0625,0,-0.0625,0.125,0.0625
10/17/2023 16:43,-0.125,0.0625,0,-0.0625,0.0625,0.0625
10/17/2023 18:43,-0.125,0.0625,0,-0.0625,0.0625,0.0625
10/17/2023 20:43,-0.125,0.0625,0.0625,-0.0625,0.0625,0.0625
10/17/2023 22:43,-0.125,0.0625,0,-0.0625,0.0625,0.0625
10/18/2023 0:43,-0.125,0.0625,0.0625,-0.0625,0.125,0
10/18/2023 2:43,-0.125,0.0625,0.0625,-0.0625,0.0625,0.0625
10/18/2023 4:43,-0.125,0.0625,0,-0.0625,0.0625,0.0625
10/18/2023 6:43,-0.1875,0.0625,0,-0.0625,0.125,0.0625
10/18/2023 8:43,-0.1875,0.0625,0,-0.0625,0.125,0.0625
10/18/2023 10:43,-0.1875,0.0625,0,-0.0625,0.0625,0
10/18/2023 12:43,-0.1875,0.0625,0,-0.0625,0.0625,0.0625
10/18/2023 14:43,-0.1875,0.0625,0,-0.0625,0.0625,0.0625
10/18/2023 16:43,-0.1875,0.0625,0,-0.0625,0.0625,0.0625
10/18/2023 18:43,-0.1875,0,0.0625,-0.0625,0.125,0.0625
10/18/2023 20:43,-0.1875,0.0625,0,-0.0625,0.125,0.0625
10/18/2023 22:43,-0.1875,0.0625,0,-0.0625,0.0625,0.0625
10/19/2023 0:43,-0.1875,0.0625,0,-0.0625,0.0625,0.0625
10/19/2023 2:43,-0.1875,0.0625,0,-0.0625,0.125,0.0625
10/19/2023 4:43,-0.1875,0.0625,0,-0.0625,0.125,0.0625
10/19/2023 6:43,-0.1875,0.0625,0,-0.0625,0.125,0
10/19/2023 8:43,-0.1875,0.0625,0,-0.0625,0.0625,0.0625
10/19/2023 10:43,-0.1875,0.0625,0,-0.0625,0.125,0.0625
10/19/2023 12:43,-0.1875,0.0625,0,-0.0625,0.0625,0.0625
10/19/2023 14:43,-0.1875,0.0625,0,-0.0625,0.0625,0.0625
10/19/2023 16:43,-0.1875,0.0625,0,-0.0625,0.0625,0.0625
10/19/2023 18:43,-0.1875,0.0625,0,-0.0625,0.125,0.0625
10/19/2023 20:43,-0.25,0.0625,0,-0.0625,0.0625,0.0625
10/19/2023 22:43,-0.25,0.0625,0,0,0.0625,0.0625
10/20/2023 0:43,-0.3125,0,0,-0.0625,0.0625,0.0625
10/20/2023 2:43,-0.3125,0.0625,0,-0.0625,0.0625,0.0625
10/20/2023 4:43,-0.3125,0.0625,0,-0.0625,0.125,0.0625
10/20/2023 6:43,-0.3125,0.0625,0,-0.0625,0.0625,0.0625
10/20/2023 8:43,-0.3125,0.0625,0,-0.0625,0.0625,0.0625
10/20/2023 10:43,-0.5,0,0,-0.0625,0.0625,0.0625
10/20/2023 12:43,-0.5625,0,0,-0.0625,0.0625,0.0625
10/20/2023 14:43,-0.625,0,0,-0.0625,0.0625,0.0625
10/20/2023 16:43,-0.5,0,0,-0.0625,0.0625,0.0625
10/20/2023 18:43,-0.4375,0,0.0625,-0.0625,0.0625,0.0625
10/20/2023 20:43,-0.4375,0,0,-0.0625,0.0625,0.0625
10/20/2023 22:43,-0.4375,0,0,-0.0625,0.0625,0.0625
10/21/2023 0:43,-0.4375,0,0,-0.0625,0.125,0.0625
10/21/2023 2:43,-0.375,0,0,-0.0625,0.0625,0.0625
10/21/2023 4:43,-0.4375,0,0,-0.0625,0.125,0.0625
10/21/2023 6:43,-0.4375,0,0,-0.0625,0.0625,0.0625
10/21/2023 8:43,-0.5,0,0.0625,-0.0625,0.125,0.0625
10/21/2023 10:43,-0.4375,0.0625,0,-0.0625,0.0625,0.0625
10/21/2023 12:43,-0.375,0,0,-0.0625,0.0625,0.0625
10/21/2023 14:43,-0.375,0,0,-0.0625,0.0625,0.0625
10/21/2023 16:43,-0.375,0.0625,0,-0.0625,0.0625,0.0625
10/21/2023 18:43,-0.3125,0,0,-0.0625,0.0625,0.0625
10/21/2023 20:43,-0.3125,0.0625,0.0625,-0.0625,0.125,0.0625
10/21/2023 22:43,-0.3125,0,0,-0.0625,0.125,0.0625
10/22/2023 0:43,-0.3125,0.0625,0.0625,-0.0625,0.125,0
10/22/2023 2:43,-0.3125,0,0,-0.0625,0.0625,0.0625
10/22/2023 4:43,-0.25,0,0,-0.0625,0.125,0.0625
10/22/2023 6:43,-0.25,0.0625,0,-0.0625,0.0625,0.0625
10/22/2023 8:43,-0.25,0,0,-0.0625,0.0625,0.0625
10/22/2023 10:43,-0.25,0,0,-0.0625,0.0625,0.0625
10/22/2023 12:43,-0.25,0.0625,0,-0.0625,0.125,0
10/22/2023 14:43,-0.25,0.0625,0,-0.0625,0.125,0.0625
10/22/2023 16:43,-0.25,0.0625,0.0625,-0.0625,0.125,0
10/22/2023 18:43,-0.25,0.0625,0.0625,-0.0625,0.0625,0.0625
10/22/2023 20:43,-0.25,0,0,-0.0625,0.0625,0.0625
10/22/2023 22:43,-0.25,0.0625,0,-0.0625,0.0625,0.0625
10/23/2023 0:43,-0.25,0.0625,0.0625,-0.0625,0.0625,0
10/23/2023 2:43,-0.25,0,0,-0.0625,0.125,0.0625
10/23/2023 4:43,-0.25,0.0625,0,-0.0625,0.0625,0.0625
10/23/2023 6:43,-0.25,0,0,-0.0625,0.125,0.0625
10/23/2023 8:43,-0.3125,0.0625,0,-0.0625,0.0625,0.0625
10/23/2023 10:43,-0.3125,0.0625,0,-0.0625,0.0625,0.0625
10/23/2023 12:43,-0.3125,0,0,-0.0625,0.125,0.0625
10/23/2023 14:43,-0.375,0,0,-0.0625,0.0625,0
10/23/2023 16:43,-0.3125,0.0625,0.0625,-0.0625,0.125,0.0625
10/23/2023 18:43,-0.3125,0,0,-0.0625,0.125,0.0625
10/23/2023 20:43,-0.3125,0,0,-0.0625,0.0625,0.0625
10/23/2023 22:43,-0.25,0.0625,0,-0.0625,0.0625,0
10/24/2023 0:43,-0.25,0,0,-0.0625,0.125,0.0625
10/24/2023 2:43,-0.25,0.0625,0,-0.0625,0.125,0.0625
10/24/2023 4:43,-0.1875,0,0,-0.0625,0.125,0.0625
10/24/2023 6:43,-0.1875,0.0625,0,-0.0625,0.0625,0.0625
10/24/2023 8:43,-0.1875,0,0,-0.0625,0.125,0
10/24/2023 10:43,-0.1875,0.0625,0,-0.0625,0.125,0.0625
10/24/2023 12:43,-0.125,0.0625,0,-0.0625,0.0625,0.0625
10/24/2023 14:43,-0.1875,0,0.0625,-0.0625,0.0625,0.0625
10/24/2023 16:43,-0.1875,0,0,-0.0625,0.0625,0.0625
10/24/2023 18:43,-0.125,0,0,-0.0625,0.0625,0.0625
10/24/2023 20:43,-0.125,0.0625,0.0625,-0.0625,0.0625,0.0625
10/24/2023 22:43,-0.125,0.0625,0.0625,-0.0625,0.0625,0.0625
10/25/2023 0:43,-0.125,0.0625,0,-0.0625,0.0625,0.0625
10/25/2023 2:43,-0.125,0.0625,0,-0.0625,0.0625,0
10/25/2023 4:43,-0.125,0,0,-0.0625,0.0625,0.0625
10/25/2023 6:43,-0.1875,0.0625,0,-0.0625,0.0625,0
10/25/2023 8:43,-0.1875,0.0625,0,-0.0625,0.0625,0
10/25/2023 10:43,-0.25,0.0625,0,-0.0625,0.0625,0.0625
10/25/2023 12:43,-0.25,0.0625,0,-0.0625,0.0625,0
10/25/2023 14:43,-0.3125,0,0,-0.0625,0.0625,0.0625
10/25/2023 16:43,-0.3125,0,0,-0.0625,0.0625,0.0625
10/25/2023 18:43,-0.3125,0,0,-0.0625,0.0625,0.0625
10/25/2023 20:43,-0.3125,0,0,-0.0625,0.0625,0.0625
10/25/2023 22:43,-0.3125,0,0,-0.0625,0.0625,0.0625
10/26/2023 0:43,-0.375,0,0,-0.0625,0.0625,0
10/26/2023 2:43,-0.375,0,0,-0.0625,0.0625,0.0625
10/26/2023 4:43,-0.375,0,0,-0.0625,0.0625,0.0625
10/26/2023 6:43,-0.375,0,0,-0.0625,0.0625,0.0625
10/26/2023 8:43,-0.375,0,0,-0.0625,0.0625,0.0625
10/26/2023 10:43,-0.375,0,0,-0.0625,0.0625,0
10/26/2023 12:43,-0.3125,0,0.0625,-0.0625,0.125,0.0625
10/26/2023 14:43,-0.25,0,0,-0.0625,0.0625,0.0625
10/26/2023 16:43,-0.25,0.0625,0,-0.0625,0.125,0.0625
10/26/2023 18:43,-0.1875,0,0,-0.0625,0.0625,0.0625
10/26/2023 20:43,-0.1875,0,0.0625,-0.0625,0.0625,0.0625
10/26/2023 22:43,-0.1875,0,0,-0.0625,0.0625,0
10/27/2023 0:43,-0.1875,0,0,-0.0625,0.0625,0.0625
10/27/2023 2:43,-0.1875,0.0625,0,0,0.0625,0.0625
10/27/2023 4:43,-0.1875,0.0625,0,-0.0625,0.0625,0.0625
10/27/2023 6:43,-0.125,0.0625,0,-0.0625,0.125,0
10/27/2023 8:43,-0.125,0.0625,0,-0.0625,0.125,0.0625
10/27/2023 10:43,-0.125,0.0625,0,-0.0625,0.0625,0.0625
10/27/2023 12:43,-0.125,0.0625,0,-0.0625,0.125,0.0625
10/27/2023 14:43,-0.125,0,0,-0.0625,0.0625,0.0625
10/27/2023 16:43,-0.125,0.0625,0.0625,-0.0625,0.125,0.0625
10/27/2023 18:43,-0.125,0.0625,0,-0.0625,0.125,0.0625
10/27/2023 20:43,-0.125,0.0625,0,-0.0625,0.0625,0
10/27/2023 22:43,-0.125,0.0625,0,-0.0625,0.0625,0.0625
10/28/2023 0:43,-0.125,0.0625,0.0625,-0.0625,0.0625,0.0625
10/28/2023 2:43,-0.125,0,0,-0.0625,0.0625,0
10/28/2023 4:43,-0.1875,0.0625,0,-0.0625,0.0625,0
10/28/2023 6:43,-0.125,0.0625,0,-0.0625,0.0625,0.0625
10/28/2023 8:43,-0.1875,0.0625,0.0625,-0.0625,0.0625,0.0625
10/28/2023 10:43,-0.1875,0,0,-0.0625,0.0625,0.0625
10/28/2023 12:43,-0.1875,0.0625,0,-0.0625,0.0625,0.0625
10/28/2023 14:43,-0.1875,0.0625,0,-0.0625,0.125,0.0625
10/28/2023 16:43,-0.1875,0.0625,0,-0.0625,0.0625,0.0625
10/28/2023 18:43,-0.125,0,0.0625,-0.0625,0.0625,0
10/28/2023 20:43,-0.125,0.0625,0,-0.0625,0.0625,0
10/28/2023 22:43,-0.125,0,0,-0.0625,0.125,0.0625
10/29/2023 0:43,-0.125,0.0625,0,-0.0625,0.0625,0.0625
10/29/2023 2:43,-0.125,0.0625,0,-0.0625,0.0625,0.0625
10/29/2023 4:43,-0.125,0.0625,0.0625,-0.0625,0.0625,0.0625
10/29/2023 6:43,-0.125,0.0625,0,-0.0625,0.0625,0.0625
10/29/2023 8:43,-0.125,0.0625,0,-0.0625,0.0625,0.0625
10/29/2023 10:43,-0.125,0,0,-0.0625,0.0625,0
10/29/2023 12:43,-0.125,0.0625,0,-0.0625,0.0625,0.0625
10/29/2023 14:43,-0.125,0.0625,0,-0.0625,0.0625,0.0625
10/29/2023 16:43,-0.1875,0.0625,0,-0.0625,0.125,0.0625
10/29/2023 18:43,-0.125,0.0625,0,-0.0625,0.0625,0
10/29/2023 20:43,-0.125,0,0,0,0.0625,0.0625
10/29/2023 22:43,-0.125,0.0625,0,-0.0625,0.0625,0.0625
10/30/2023 0:43,-0.1875,0.0625,0,-0.0625,0.0625,0
10/30/2023 2:43,-0.125,0.0625,0,-0.0625,0.0625,0
10/30/2023 4:43,-0.125,0,0,-0.0625,0.0625,0.0625
10/30/2023 6:43,-0.125,0,0,-0.0625,0.0625,0
10/30/2023 8:43,-0.125,0,0,-0.0625,0.125,0.0625
10/30/2023 10:43,-0.125,0.0625,0,-0.0625,0.0625,0.0625
10/30/2023 12:43,-0.125,0.0625,0.0625,-0.0625,0.125,0.0625
10/30/2023 14:43,-0.125,0.0625,0,-0.0625,0.0625,0.0625
10/30/2023 16:43,-0.125,0.0625,0,-0.0625,0.0625,0
10/30/2023 18:43,-0.125,0.0625,0,-0.0625,0.0625,0
10/30/2023 20:43,-0.125,0.0625,0,-0.0625,0.0625,0.0625
10/30/2023 22:43,-0.125,0.0625,0,-0.0625,0.0625,0
10/31/2023 0:43,-0.125,0.0625,0,-0.0625,0.125,0.0625
10/31/2023 2:43,-0.125,0,0,-0.0625,0.0625,0
10/31/2023 4:43,-0.125,0,0,-0.0625,0.0625,0.0625
10/31/2023 6:43,-0.125,0.0625,0,-0.0625,0.0625,0.0625
10/31/2023 8:43,-0.125,0.0625,0,-0.0625,0.0625,0.0625
10/31/2023 10:43,-0.125,0.0625,0,-0.0625,0.0625,0.0625
10/31/2023 12:43,-0.125,0.0625,0,-0.0625,0.0625,0.0625
10/31/2023 14:43,-0.125,0.0625,0.0625,-0.0625,0.0625,0.0625
10/31/2023 16:43,-0.0625,0.0625,0,-0.0625,0.0625,0.0625
10/31/2023 18:43,-0.0625,0.0625,0.0625,-0.0625,0.0625,0.0625
10/31/2023 20:43,-0.0625,0.0625,0,-0.0625,0.0625,0.0625
10/31/2023 22:43,-0.0625,0.0625,0,-0.0625,0.0625,0.0625
11/1/2023 0:43,-0.0625,0,0,-0.0625,0.0625,0.0625
11/1/2023 2:43,-0.125,0.0625,0,-0.0625,0.0625,0.0625
11/1/2023 4:43,-0.0625,0.0625,0,-0.0625,0.0625,0.0625
11/1/2023 6:43,-0.125,0.0625,0,-0.0625,0.125,0.0625
11/1/2023 8:43,-0.125,0.0625,0,-0.0625,0.0625,0
11/1/2023 10:43,-0.0625,0.0625,0,-0.0625,0.0625,0.0625
11/1/2023 12:43,-0.125,0.0625,0,-0.0625,0.0625,0
11/1/2023 14:43,-0.0625,0.0625,0,-0.0625,0.0625,0
11/1/2023 16:43,-0.125,0.0625,0,-0.0625,0.0625,0.0625
11/1/2023 18:43,-0.125,0,0,-0.0625,0.0625,0.0625
11/1/2023 20:43,-0.0625,0.0625,0,-0.0625,0.0625,0.0625
11/1/2023 22:43,-0.0625,0.0625,0,-0.0625,0.0625,0.0625
11/2/2023 0:43,-0.125,0.0625,0,-0.0625,0.0625,0.0625
11/2/2023 2:43,-0.125,0.0625,0.0625,-0.0625,0.0625,0
11/2/2023 4:43,-0.125,0.0625,0.0625,-0.0625,0.0625,0.0625
11/2/2023 6:43,-0.125,0.0625,0,-0.0625,0.0625,0.0625
11/2/2023 8:43,-0.125,0,0,-0.0625,0.0625,0.0625
11/2/2023 10:43,-0.125,0.0625,0,-0.0625,0.0625,0.0625
11/2/2023 12:43,-0.125,0.0625,0,-0.0625,0.125,0
11/2/2023 14:43,-0.125,0.0625,0,-0.0625,0.0625,0.0625
11/2/2023 16:43,-0.125,0,0,-0.0625,0.0625,0.0625
11/2/2023 18:43,-0.125,0.0625,0,-0.0625,0.125,0.0625
11/2/2023 20:43,-0.125,0.0625,0,-0.0625,0.125,0.0625
11/2/2023 22:43,-0.125,0.0625,0,-0.0625,0.125,0.0625
11/3/2023 0:43,-0.1875,0.0625,0,-0.0625,0.0625,0
11/3/2023 2:43,-0.1875,0.0625,0,-0.0625,0.0625,0
11/3/2023 4:43,-0.125,0.0625,0,-0.0625,0.0625,0.0625
11/3/2023 6:43,-0.125,0.0625,0,-0.0625,0.0625,0.0625
11/3/2023 8:43,-0.1875,0.0625,0,-0.0625,0.0625,0.0625
11/3/2023 10:43,-0.125,0,0,-0.0625,0.0625,0.0625
11/3/2023 12:43,-0.125,0.0625,0,-0.0625,0.0625,0.0625
11/3/2023 14:43,-0.1875,0,0,-0.0625,0.0625,0.0625
11/3/2023 16:43,-0.1875,0,0,-0.0625,0.0625,0.0625
11/3/2023 18:43,-0.1875,0,0,-0.0625,0.0625,0
11/3/2023 20:43,-0.1875,0,0,-0.0625,0.125,0.0625
11/3/2023 22:43,-0.1875,0,0,-0.0625,0.0625,0.0625
11/4/2023 0:43,-0.25,0,0,-0.0625,0.0625,0.0625
11/4/2023 2:43,-0.25,0,0.0625,-0.0625,0.0625,0.0625
11/4/2023 4:43,-0.25,0.0625,0,-0.0625,0.0625,0.0625
11/4/2023 6:43,-0.25,0,0.0625,-0.0625,0.0625,0
11/4/2023 8:43,-0.25,0.0625,0,-0.0625,0.0625,0
11/4/2023 10:43,-0.25,0,0,-0.0625,0.0625,0.0625
11/4/2023 12:43,-0.25,0,0,-0.0625,0.125,0.0625
11/4/2023 14:43,-0.3125,0,0,-0.0625,0.0625,0
11/4/2023 16:43,-0.3125,0,0,-0.0625,0.0625,0.0625
11/4/2023 18:43,-0.3125,0,0,-0.0625,0.0625,0
11/4/2023 20:43,-0.3125,0,0,-0.0625,0.0625,0.0625
11/4/2023 22:43,-0.3125,0,0,-0.0625,0.0625,0.0625
11/5/2023 0:43,-0.3125,0,0,-0.0625,0.0625,0.0625
11/5/2023 2:43,-0.3125,0,0,-0.0625,0.0625,0
11/5/2023 4:43,-0.3125,0,0,-0.0625,0.0625,0.0625
11/5/2023 6:43,-0.3125,0,0,-0.0625,0.0625,0
11/5/2023 8:43,-0.3125,0,0,-0.0625,0.125,0.0625
11/5/2023 10:43,-0.3125,0,0.0625,-0.0625,0.0625,0.0625
11/5/2023 12:43,-0.3125,0,0,-0.0625,0.0625,0.0625
11/5/2023 14:43,-0.3125,0,0,-0.0625,0.0625,0.0625
11/5/2023 16:43,-0.3125,0,0,-0.0625,0.0625,0.0625
11/5/2023 18:43,-0.3125,0,0,-0.0625,0.0625,0.0625
11/5/2023 20:43,-0.3125,0,0,-0.0625,0.0625,0.0625
11/5/2023 22:43,-0.3125,0,0,-0.0625,0.0625,0.0625
11/6/2023 0:43,-0.3125,0,0,-0.0625,0.0625,0
11/6/2023 2:43,-0.3125,0,0,-0.0625,0.0625,0.0625
11/6/2023 4:43,-0.375,0,0,-0.0625,0.0625,0
11/6/2023 6:43,-0.3125,0,0,-0.0625,0.0625,0
11/6/2023 8:43,-0.375,0,0,-0.0625,0.0625,0
11/6/2023 10:43,-0.375,0,0,-0.0625,0.0625,0.0625
11/6/2023 12:43,-0.375,0,0,-0.0625,0.0625,0.0625
11/6/2023 14:43,-0.375,0,0,-0.0625,0.0625,0.0625
11/6/2023 16:43,-0.3125,0,0,-0.0625,0.0625,0.0625
11/6/2023 18:43,-0.3125,0,0.0625,-0.0625,0.0625,0.0625
11/6/2023 20:43,-0.3125,0,0,-0.0625,0.0625,0
11/6/2023 22:43,-0.3125,0,0,-0.0625,0.0625,0
11/7/2023 0:43,-0.3125,0,0,-0.0625,0.0625,0.0625
11/7/2023 2:43,-0.3125,0,0,-0.0625,0.0625,0.0625
11/7/2023 4:43,-0.3125,0,0,-0.0625,0.0625,0
11/7/2023 6:43,-0.3125,0,0,-0.0625,0.0625,0.0625
11/7/2023 8:43,-0.3125,0,0,-0.0625,0.125,0.0625
11/7/2023 10:43,-0.3125,0,0,-0.0625,0.0625,0.0625
11/7/2023 12:43,-0.375,0,0,-0.0625,0.0625,0.0625
11/7/2023 14:43,-0.375,0,0,-0.0625,0.125,0.0625
11/7/2023 16:43,-0.3125,0,0,-0.0625,0.0625,0.0625
11/7/2023 18:43,-0.375,0,0,-0.0625,0.0625,0.0625
11/7/2023 20:43,-0.375,0,0,-0.0625,0.0625,0.0625
11/7/2023 22:43,-0.375,0,0,-0.0625,0.0625,0.0625
11/8/2023 0:43,-0.3125,0,0,-0.0625,0.0625,0.0625
11/8/2023 2:43,-0.375,0,0,-0.0625,0.0625,0.0625
11/8/2023 4:43,-0.375,0,0,-0.0625,0.0625,0.0625
11/8/2023 6:43,-0.375,0,0,-0.0625,0.0625,0.0625
11/8/2023 8:43,-0.375,0,0,-0.0625,0.0625,0.0625
11/8/2023 10:43,-0.375,0,0,-0.0625,0.0625,0.0625
11/8/2023 12:43,-0.375,0,0,-0.0625,0.0625,0.0625
11/8/2023 14:43,-0.4375,-0.0625,0,-0.0625,0.0625,0.0625
11/8/2023 16:43,-0.4375,0,0,-0.0625,0.0625,0
11/8/2023 18:43,-0.375,-0.0625,0,-0.0625,0.0625,0.0625
11/8/2023 20:43,-0.4375,0,0,-0.0625,0.0625,0.0625
11/8/2023 22:43,-0.4375,-0.0625,0,-0.0625,0.0625,0.0625
11/9/2023 0:43,-0.4375,-0.0625,0.0625,-0.0625,0.0625,0.0625
11/9/2023 2:43,-0.4375,-0.0625,0,-0.0625,0.0625,0
11/9/2023 4:43,-0.4375,0,0,-0.0625,0.0625,0
11/9/2023 6:43,-0.4375,-0.0625,0,-0.0625,0.0625,0.0625
11/9/2023 8:43,-0.4375,-0.0625,0,-0.0625,0.0625,0
11/9/2023 10:43,-0.4375,-0.0625,0,-0.0625,0.0625,0.0625
11/9/2023 12:43,-0.4375,-0.0625,0,-0.0625,0.0625,0
11/9/2023 14:43,-0.4375,-0.0625,0,-0.0625,0.0625,0.0625
11/9/2023 16:43,-0.375,-0.0625,0,-0.0625,0.0625,0
11/9/2023 18:43,-0.375,-0.0625,0,-0.0625,0.0625,0.0625
11/9/2023 20:43,-0.4375,-0.0625,0,-0.0625,0.0625,0.0625
11/9/2023 22:43,-0.375,-0.0625,0,-0.0625,0.0625,0.0625
11/10/2023 0:43,-0.375,-0.0625,0,-0.0625,0.0625,0.0625
11/10/2023 2:43,-0.375,-0.0625,0,-0.0625,0.0625,0.0625
11/10/2023 4:43,-0.375,0,0,-0.0625,0.0625,0.0625
11/10/2023 6:43,-0.375,-0.0625,0,-0.0625,0.0625,0.0625
11/10/2023 8:43,-0.3125,0,0,-0.0625,0.0625,0
11/10/2023 10:43,-0.375,-0.0625,0,-0.0625,0.0625,0.0625
11/10/2023 12:43,-0.3125,0,0,-0.0625,0.0625,0.0625
11/10/2023 14:43,-0.3125,-0.0625,0,-0.0625,0.0625,0.0625
11/10/2023 16:43,-0.3125,-0.0625,0,-0.0625,0.0625,0
11/10/2023 18:43,-0.3125,0,0,-0.0625,0.0625,0.0625
11/10/2023 20:43,-0.3125,-0.0625,0,-0.0625,0.0625,0.0625
11/10/2023 22:43,-0.3125,-0.0625,0,-0.0625,0.0625,0
11/11/2023 0:43,-0.3125,-0.0625,0,-0.0625,0.0625,0
11/11/2023 2:43,-0.3125,-0.0625,0,-0.0625,0.0625,0.0625
11/11/2023 4:43,-0.3125,-0.0625,0,-0.0625,0.0625,0.0625
11/11/2023 6:43,-0.3125,-0.0625,0,-0.0625,0.0625,0.0625
11/11/2023 8:43,-0.3125,0,0,-0.0625,0.0625,0.0625
11/11/2023 10:43,-0.3125,-0.0625,0,-0.0625,0.0625,0.0625
11/11/2023 12:43,-0.3125,-0.0625,0,-0.0625,0.0625,0.0625
11/11/2023 14:43,-0.3125,0,0,-0.0625,0.0625,0.0625
11/11/2023 16:43,-0.3125,-0.0625,0,-0.0625,0.0625,0.0625
11/11/2023 18:43,-0.3125,0,0,-0.0625,0.0625,0.0625
11/11/2023 20:43,-0.3125,0,0,-0.0625,0.0625,0.0625
11/11/2023 22:43,-0.3125,-0.0625,0,-0.0625,0.0625,0.0625
11/12/2023 0:43,-0.3125,-0.0625,0,-0.0625,0.0625,0
11/12/2023 2:43,-0.375,-0.0625,0.0625,-0.0625,0.0625,0.0625
11/12/2023 4:43,-0.375,-0.0625,0,-0.0625,0.0625,0
11/12/2023 6:43,-0.375,-0.0625,0,-0.0625,0.0625,0
11/12/2023 8:43,-0.375,0,0,-0.0625,0.0625,0.0625
11/12/2023 10:43,-0.375,-0.0625,0,-0.0625,0.0625,0.0625
11/12/2023 12:43,-0.4375,-0.0625,0,-0.0625,0.0625,0.0625
11/12/2023 14:43,-0.4375,-0.0625,0,-0.0625,0.0625,0
11/12/2023 16:43,-0.4375,-0.0625,0,-0.0625,0.0625,0.0625
11/12/2023 18:43,-0.4375,-0.0625,0,-0.0625,0.0625,0.0625
11/12/2023 20:43,-0.4375,-0.0625,0,-0.0625,0.125,0
11/12/2023 22:43,-0.5,-0.0625,0,-0.0625,0.0625,0.0625
11/13/2023 0:43,-0.5,-0.0625,0,-0.0625,0.0625,0.0625
11/13/2023 2:43,-0.5625,-0.0625,0,-0.0625,0.0625,0.0625
11/13/2023 4:43,-0.5625,-0.0625,0,-0.0625,0.0625,0
11/13/2023 6:43,-0.5625,-0.125,0,-0.0625,0.0625,0
11/13/2023 8:43,-0.625,-0.0625,0,-0.0625,0.125,0
11/13/2023 10:43,-0.625,-0.0625,0,-0.0625,0.0625,0.0625
11/13/2023 12:43,-0.5625,-0.0625,0,-0.0625,0.0625,0
11/13/2023 14:43,-0.5,-0.0625,0,-0.0625,0.0625,0.0625
11/13/2023 16:43,-0.5,-0.0625,0,-0.0625,0.0625,0.0625
11/13/2023 18:43,-0.5625,-0.0625,0,-0.0625,0.0625,0
11/13/2023 20:43,-0.625,-0.0625,0,-0.0625,0.0625,0.0625
11/13/2023 22:43,-0.625,-0.125,0,-0.0625,0.0625,0.0625
11/14/2023 0:43,-0.6875,-0.125,0,-0.0625,0.125,0
11/14/2023 2:43,-0.6875,-0.125,0,-0.0625,0.0625,0.0625
11/14/2023 4:43,-0.6875,-0.125,0,-0.0625,0.0625,0.0625
11/14/2023 6:43,-0.6875,-0.125,0,-0.0625,0.0625,0.0625
11/14/2023 8:43,-0.6875,-0.125,0,-0.0625,0.0625,0.0625
11/14/2023 10:43,-0.625,-0.125,0,-0.0625,0.0625,0
11/14/2023 12:43,-0.625,-0.125,0,-0.0625,0.0625,0.0625
11/14/2023 14:43,-0.5625,-0.125,0,-0.0625,0.0625,0.0625
11/14/2023 16:43,-0.5625,-0.125,0.0625,-0.0625,0.0625,0.0625
11/14/2023 18:43,-0.5625,-0.125,0,-0.0625,0.125,0.0625
11/14/2023 20:43,-0.5625,-0.125,0,-0.0625,0.0625,0.0625
11/14/2023 22:43,-0.5625,-0.125,0,-0.0625,0.0625,0.0625
11/15/2023 0:43,-0.5625,-0.125,0,-0.0625,0.0625,0.0625
11/15/2023 2:43,-0.5625,-0.125,0,-0.0625,0.0625,0.0625
11/15/2023 4:43,-0.625,-0.125,0,-0.0625,0.0625,0.0625
11/15/2023 6:43,-0.6875,-0.125,0,-0.0625,0.0625,0.0625
11/15/2023 8:43,-0.75,-0.125,0,-0.0625,0.0625,0.0625
11/15/2023 10:43,-0.75,-0.125,0,-0.0625,0.0625,0.0625
11/15/2023 12:43,-0.6875,-0.1875,0,-0.0625,0.0625,0.0625
11/15/2023 14:43,-0.75,-0.125,0,-0.0625,0.0625,0.0625
11/15/2023 16:43,-0.6875,-0.1875,0,-0.0625,0.0625,0
11/15/2023 18:43,-0.6875,-0.125,0,-0.0625,0.0625,0.0625
11/15/2023 20:43,-0.625,-0.125,0,-0.0625,0.0625,0.0625
11/15/2023 22:43,-0.6875,-0.1875,0,-0.0625,0.0625,0.0625
11/16/2023 0:43,-0.6875,-0.125,0,-0.0625,0.0625,0.0625
11/16/2023 2:43,-0.6875,-0.125,0,-0.0625,0.0625,0.0625
11/16/2023 4:43,-0.6875,-0.125,0,-0.0625,0.0625,0.0625
11/16/2023 6:43,-0.6875,-0.125,0,-0.0625,0.0625,0.0625
11/16/2023 8:43,-0.6875,-0.1875,0,-0.0625,0.0625,0.0625
11/16/2023 10:43,-0.6875,-0.125,0,-0.0625,0.0625,0
11/16/2023 12:43,-0.6875,-0.1875,0,-0.0625,0.0625,0.0625
11/16/2023 14:43,-0.625,-0.125,0,-0.0625,0.0625,0
11/16/2023 16:43,-0.625,-0.125,0,-0.0625,0.125,0.0625
11/16/2023 18:43,-0.625,-0.125,0,-0.0625,0.0625,0
11/16/2023 20:43,-0.625,-0.125,0,-0.0625,0.0625,0.0625
11/16/2023 22:43,-0.625,-0.1875,0,-0.0625,0.0625,0.0625
11/17/2023 0:43,-0.625,-0.125,0,-0.0625,0.0625,0.0625
11/17/2023 2:43,-0.625,-0.125,0,-0.0625,0.0625,0
11/17/2023 4:43,-0.6875,-0.1875,0,-0.0625,0.0625,0.0625
11/17/2023 6:43,-0.625,-0.1875,0,-0.0625,0.0625,0.0625
11/17/2023 8:43,-0.6875,-0.125,0,-0.0625,0.0625,0
11/17/2023 10:43,-0.6875,-0.1875,0,-0.0625,0.0625,0
11/17/2023 12:43,-0.6875,-0.1875,0,-0.0625,0.0625,0
11/17/2023 14:43,-0.6875,-0.1875,0,-0.0625,0.0625,0
11/17/2023 16:43,-0.6875,-0.1875,0,-0.0625,0.0625,0
11/17/2023 18:43,-0.6875,-0.1875,0,-0.0625,0.0625,0.0625
11/17/2023 20:43,-0.6875,-0.1875,0,-0.0625,0.0625,0.0625
11/17/2023 22:43,-0.6875,-0.1875,0,-0.0625,0.0625,0.0625
11/18/2023 0:43,-0.75,-0.1875,0,-0.0625,0.0625,0.0625
11/18/2023 2:43,-0.6875,-0.1875,0,-0.0625,0.0625,0
11/18/2023 4:43,-0.75,-0.1875,0,-0.0625,0.0625,0.0625
11/18/2023 6:43,-0.75,-0.1875,0,-0.0625,0.0625,0
11/18/2023 8:43,-0.75,-0.1875,0,-0.0625,0.0625,0
11/18/2023 10:43,-0.8125,-0.1875,0,-0.0625,0.0625,0
11/18/2023 12:43,-0.8125,-0.1875,0,-0.0625,0.0625,0
11/18/2023 14:43,-0.875,-0.1875,0,-0.0625,0.0625,0.0625
11/18/2023 16:43,-0.875,-0.25,0,-0.0625,0.125,0.0625
11/18/2023 18:43,-0.9375,-0.25,0,-0.0625,0.0625,0.0625
11/18/2023 20:43,-0.9375,-0.25,0,-0.0625,0.0625,0.0625
11/18/2023 22:43,-1,-0.25,0,-0.0625,0.0625,0.0625
11/19/2023 0:43,-1,-0.25,0,-0.0625,0.0625,0
11/19/2023 2:43,-1,-0.25,0,-0.0625,0.0625,0.0625
11/19/2023 4:43,-1,-0.25,0,-0.0625,0.0625,0.0625
11/19/2023 6:43,-0.9375,-0.25,0,-0.0625,0.0625,0.0625
11/19/2023 8:43,-0.9375,-0.25,0,-0.0625,0.125,0.0625
11/19/2023 10:43,-0.9375,-0.25,0,-0.0625,0.0625,0.0625
11/19/2023 12:43,-0.875,-0.25,0,-0.0625,0.0625,0.0625
11/19/2023 14:43,-0.9375,-0.25,0,-0.0625,0.0625,0.0625
11/19/2023 16:43,-0.9375,-0.25,0,-0.0625,0.0625,0.0625
11/19/2023 18:43,-0.9375,-0.25,0,-0.0625,0.0625,0.0625
11/19/2023 20:43,-0.9375,-0.3125,0,-0.0625,0.0625,0.0625
11/19/2023 22:43,-0.9375,-0.3125,0,-0.0625,0.0625,0
11/20/2023 0:43,-0.9375,-0.3125,0,-0.0625,0.0625,0
11/20/2023 2:43,-0.9375,-0.25,0,-0.0625,0.0625,0.0625
11/20/2023 4:43,-0.875,-0.25,0,-0.0625,0.0625,0.0625
11/20/2023 6:43,-0.875,-0.25,0,-0.0625,0.0625,0
11/20/2023 8:43,-0.8125,-0.25,0,-0.0625,0.0625,0.0625
11/20/2023 10:43,-0.8125,-0.25,0,-0.0625,0.0625,0
11/20/2023 12:43,-0.75,-0.25,0,-0.0625,0.0625,0
11/20/2023 14:43,-0.75,-0.25,0,-0.0625,0.125,0
11/20/2023 16:43,-0.8125,-0.25,0,-0.0625,0.0625,0
11/20/2023 18:43,-0.75,-0.25,0,-0.0625,0.0625,0.0625
11/20/2023 20:43,-0.8125,-0.25,0,-0.0625,0.0625,0
11/20/2023 22:43,-0.75,-0.25,0,-0.0625,0.0625,0
11/21/2023 0:43,-0.75,-0.25,0,-0.0625,0.0625,0.0625
11/21/2023 2:43,-0.75,-0.25,0,-0.0625,0.0625,0.0625
11/21/2023 4:43,-0.75,-0.25,0,-0.0625,0.0625,0.0625
11/21/2023 6:43,-0.75,-0.25,0,-0.0625,0.0625,0.0625
11/21/2023 8:43,-0.8125,-0.25,0,-0.0625,0.0625,0.0625
11/21/2023 10:43,-0.8125,-0.25,0,-0.0625,0.0625,0.0625
11/21/2023 12:43,-0.75,-0.25,0,-0.0625,0.0625,0.0625
11/21/2023 14:43,-0.75,-0.25,0,-0.0625,0.0625,0.0625
11/21/2023 16:43,-0.6875,-0.25,0,-0.0625,0.0625,0
11/21/2023 18:43,-0.6875,-0.1875,0,-0.0625,0.0625,0
11/21/2023 20:43,-0.625,-0.1875,0,-0.0625,0.0625,0
11/21/2023 22:43,-0.6875,-0.1875,0,-0.0625,0.0625,0.0625
11/22/2023 0:43,-0.625,-0.1875,0,-0.0625,0.0625,0
11/22/2023 2:43,-0.625,-0.1875,0,-0.0625,0.0625,0
11/22/2023 4:43,-0.625,-0.1875,0,-0.0625,0.0625,0.0625
11/22/2023 6:43,-0.625,-0.1875,0,-0.0625,0.0625,0
11/22/2023 8:43,-0.5625,-0.1875,0,-0.0625,0.0625,0.0625
11/22/2023 10:43,-0.625,-0.1875,0,-0.0625,0.0625,0.0625
11/22/2023 12:43,-0.625,-0.1875,0,-0.0625,0.0625,0
11/22/2023 14:43,-0.625,-0.1875,0,-0.0625,0.0625,0
11/22/2023 16:43,-0.625,-0.1875,0,-0.0625,0.0625,0.0625
11/22/2023 18:43,-0.6875,-0.1875,0,-0.0625,0.0625,0.0625
11/22/2023 20:43,-0.625,-0.1875,0,-0.0625,0.0625,0.0625
11/22/2023 22:43,-0.6875,-0.1875,0,-0.0625,0.0625,0.0625
11/23/2023 0:43,-0.625,-0.1875,0,-0.0625,0.0625,0
11/23/2023 2:43,-0.625,-0.1875,0,-0.0625,0.0625,0
11/23/2023 4:43,-0.5625,-0.1875,0,-0.0625,0.0625,0.0625
11/23/2023 6:43,-0.5625,-0.1875,0,-0.0625,0.0625,0
11/23/2023 8:43,-0.5,-0.1875,0,-0.0625,0.0625,0
11/23/2023 10:43,-0.5,-0.1875,0,-0.0625,0.0625,0
11/23/2023 12:43,-0.5,-0.1875,0,-0.0625,0.0625,0.0625
11/23/2023 14:43,-0.4375,-0.1875,0,-0.0625,0.0625,0.0625
11/23/2023 16:43,-0.4375,-0.1875,0,-0.0625,0.0625,0
11/23/2023 18:43,-0.4375,-0.125,0,-0.0625,0.0625,0.0625
11/23/2023 20:43,-0.4375,-0.125,0,-0.0625,0.0625,0
11/23/2023 22:43,-0.4375,-0.125,0,-0.0625,0.0625,0.0625
11/24/2023 0:43,-0.4375,-0.125,0,-0.0625,0.0625,0
11/24/2023 2:43,-0.4375,-0.125,0,-0.0625,0.0625,0
11/24/2023 4:43,-0.4375,-0.125,0,-0.0625,0.0625,0
11/24/2023 6:43,-0.4375,-0.125,0,-0.0625,0.0625,0.0625
11/24/2023 8:43,-0.4375,-0.125,0,-0.0625,0.0625,0.0625
11/24/2023 10:43,-0.4375,-0.125,0,-0.0625,0.0625,0.0625
11/24/2023 12:43,-0.4375,-0.125,0,-0.0625,0.0625,0.0625
11/24/2023 14:43,-0.5,-0.1875,0,-0.0625,0.0625,0.0625
11/24/2023 16:43,-0.5,-0.125,0,-0.0625,0.0625,0
11/24/2023 18:43,-0.5,-0.125,0,-0.0625,0.0625,0.0625
11/24/2023 20:43,-0.5,-0.125,0,-0.0625,0.0625,0
11/24/2023 22:43,-0.5,-0.1875,0,-0.0625,0.0625,0
11/25/2023 0:43,-0.5,-0.125,0,-0.0625,0.0625,0.0625
11/25/2023 2:43,-0.5,-0.1875,0,-0.0625,0.0625,0
11/25/2023 4:43,-0.4375,-0.125,0,-0.0625,0.0625,0.0625
11/25/2023 6:43,-0.4375,-0.125,0,-0.0625,0.125,0
11/25/2023 8:43,-0.4375,-0.125,0,-0.0625,0.0625,0.0625
11/25/2023 10:43,-0.4375,-0.125,0,-0.0625,0.0625,0.0625
11/25/2023 12:43,-0.4375,-0.125,0,-0.0625,0.0625,0.0625
11/25/2023 14:43,-0.4375,-0.1875,0,-0.0625,0.0625,0
11/25/2023 16:43,-0.4375,-0.1875,0,-0.0625,0.0625,0
11/25/2023 18:43,-0.5,-0.125,0,-0.0625,0.0625,0.0625
11/25/2023 20:43,-0.5,-0.125,0,-0.0625,0.0625,0
11/25/2023 22:43,-0.5,-0.125,0,-0.0625,0.0625,0
11/26/2023 0:43,-0.5,-0.1875,0,-0.0625,0.0625,0.0625
11/26/2023 2:43,-0.5,-0.1875,0,-0.0625,0.0625,0.0625
11/26/2023 4:43,-0.5,-0.125,0,-0.0625,0.0625,0
11/26/2023 6:43,-0.5,-0.125,0,-0.0625,0.0625,0.0625
11/26/2023 8:43,-0.4375,-0.1875,0,-0.0625,0.0625,0
11/26/2023 10:43,-0.4375,-0.125,0,-0.0625,0.0625,0.0625
11/26/2023 12:43,-0.5,-0.125,0,-0.0625,0.0625,0
11/26/2023 14:43,-0.5,-0.125,0,-0.0625,0.0625,0.0625
11/26/2023 16:43,-0.5,-0.1875,0,-0.0625,0.0625,0
11/26/2023 18:43,-0.5625,-0.125,0,-0.0625,0.0625,0
11/26/2023 20:43,-0.5,-0.1875,0,-0.0625,0.0625,0
11/26/2023 22:43,-0.5625,-0.1875,0,-0.0625,0.0625,0
11/27/2023 0:43,-0.5625,-0.1875,0,-0.0625,0.0625,0.0625
11/27/2023 2:43,-0.5625,-0.1875,0,-0.0625,0.0625,0.0625
11/27/2023 4:43,-0.5625,-0.1875,0,-0.0625,0.0625,0
11/27/2023 6:43,-0.5,-0.1875,0,-0.0625,0.0625,0.0625
11/27/2023 8:43,-0.5,-0.1875,0,-0.0625,0.0625,0.0625
11/27/2023 10:43,-0.5,-0.1875,0,-0.0625,0.0625,0.0625
11/27/2023 12:43,-0.5,-0.1875,0,-0.0625,0.0625,0.0625
11/27/2023 14:43,-0.4375,-0.1875,0,-0.0625,0.0625,0.0625
11/27/2023 16:43,-0.4375,-0.1875,0,-0.0625,0.0625,0
11/27/2023 18:43,-0.4375,-0.125,0,-0.0625,0.0625,0
11/27/2023 20:43,-0.4375,-0.125,0,-0.0625,0.0625,0
11/27/2023 22:43,-0.4375,-0.125,0,-0.0625,0.0625,0.0625
11/28/2023 0:43,-0.4375,-0.125,0,-0.0625,0.0625,0
11/28/2023 2:43,-0.4375,-0.125,0,-0.0625,0.0625,0
11/28/2023 4:43,-0.4375,-0.125,0,-0.0625,0.0625,0.0625
11/28/2023 6:43,-0.4375,-0.125,0,-0.0625,0.0625,0.0625
11/28/2023 8:43,-0.4375,-0.125,0,-0.0625,0.0625,0
11/28/2023 10:43,-0.4375,-0.125,0,-0.0625,0.0625,0.0625
11/28/2023 12:43,-0.375,-0.125,0,-0.0625,0.0625,0
11/28/2023 14:43,-0.375,-0.125,0,-0.0625,0.0625,0
11/28/2023 16:43,-0.375,-0.125,0,-0.0625,0.0625,0.0625
11/28/2023 18:43,-0.375,-0.125,0,-0.0625,0.0625,0
11/28/2023 20:43,-0.4375,-0.125,0,-0.0625,0.0625,0.0625
11/28/2023 22:43,-0.375,-0.125,0,-0.0625,0.0625,0
11/29/2023 0:43,-0.4375,-0.125,0,-0.0625,0.125,0.0625
11/29/2023 2:43,-0.4375,-0.125,0,-0.0625,0.0625,0.0625
11/29/2023 4:43,-0.4375,-0.125,0,-0.0625,0.0625,0
11/29/2023 6:43,-0.4375,-0.125,0,-0.0625,0.0625,0.0625
11/29/2023 8:43,-0.4375,-0.125,0,-0.0625,0.0625,0
11/29/2023 10:43,-0.4375,-0.125,0,-0.0625,0.0625,0.0625
11/29/2023 12:43,-0.4375,-0.125,0,-0.0625,0.0625,0
11/29/2023 14:43,-0.4375,-0.125,0,-0.0625,0.0625,0.0625
11/29/2023 16:43,-0.4375,-0.125,0,-0.0625,0.0625,0
11/29/2023 18:43,-0.4375,-0.125,0,-0.0625,0.0625,0
11/29/2023 20:43,-0.4375,-0.125,0,-0.0625,0.0625,0.0625
11/29/2023 22:43,-0.4375,-0.125,0,-0.0625,0.0625,0.0625
11/30/2023 0:43,-0.4375,-0.125,0,-0.0625,0.0625,0.0625
11/30/2023 2:43,-0.4375,-0.125,0,-0.0625,0.125,0.0625
11/30/2023 4:43,-0.4375,-0.125,0,-0.0625,0.0625,0
11/30/2023 6:43,-0.4375,-0.125,0,-0.0625,0.0625,0
11/30/2023 8:43,-0.4375,-0.125,0,-0.0625,0.0625,0.0625
11/30/2023 10:43,-0.5,-0.125,0,-0.0625,0.0625,0.0625
11/30/2023 12:43,-0.4375,-0.125,0,-0.0625,0.0625,0.0625
11/30/2023 14:43,-0.5,-0.125,0,-0.0625,0.0625,0.0625
11/30/2023 16:43,-0.5,-0.125,0,-0.0625,0.0625,0.0625
11/30/2023 18:43,-0.5,-0.125,0,-0.0625,0.0625,0
11/30/2023 20:43,-0.5,-0.1875,0,-0.0625,0.0625,0.0625
11/30/2023 22:43,-0.5,-0.1875,0,-0.0625,0.0625,0
12/1/2023 0:43,-0.5,-0.1875,0,-0.0625,0.0625,0
12/1/2023 2:43,-0.5,-0.1875,0,-0.0625,0.0625,0.0625
12/1/2023 4:43,-0.5,-0.1875,0,-0.0625,0.0625,0.0625
12/1/2023 6:43,-0.5,-0.125,0,-0.0625,0.0625,0.0625
12/1/2023 8:43,-0.5,-0.1875,0,-0.0625,0.0625,0
12/1/2023 10:43,-0.5,-0.1875,0,-0.0625,0.0625,0.0625
12/1/2023 12:43,-0.5,-0.1875,0,-0.0625,0.0625,0
12/1/2023 14:43,-0.5,-0.1875,0,-0.0625,0.0625,0
12/1/2023 16:43,-0.5,-0.1875,0,-0.0625,0.0625,0.0625
12/1/2023 18:43,-0.5,-0.1875,0,-0.0625,0.0625,0
12/1/2023 20:43,-0.5625,-0.1875,0,-0.0625,0.0625,0.0625
12/1/2023 22:43,-0.5625,-0.1875,0,-0.0625,0.0625,0.0625
12/2/2023 0:43,-0.5625,-0.1875,0,-0.0625,0.0625,0.0625
12/2/2023 2:43,-0.5625,-0.1875,0,-0.0625,0.0625,0.0625
12/2/2023 4:43,-0.5625,-0.1875,0,-0.0625,0.0625,0
12/2/2023 6:43,-0.5625,-0.1875,0,-0.0625,0.0625,0
12/2/2023 8:43,-0.625,-0.1875,0,-0.0625,0.0625,0
12/2/2023 10:43,-0.625,-0.1875,0,-0.0625,0.0625,0
12/2/2023 12:43,-0.625,-0.1875,0,-0.0625,0.0625,0
12/2/2023 14:43,-0.625,-0.1875,0,-0.0625,0.0625,0.0625
12/2/2023 16:43,-0.625,-0.25,0,-0.0625,0.0625,0
12/2/2023 18:43,-0.625,-0.25,0,-0.0625,0.0625,0.0625
12/2/2023 20:43,-0.6875,-0.25,0,-0.0625,0.0625,0
12/2/2023 22:43,-0.6875,-0.25,0,-0.0625,0.0625,0
12/3/2023 0:43,-0.6875,-0.25,0,-0.0625,0.0625,0.0625
12/3/2023 2:43,-0.6875,-0.25,0,-0.0625,0.0625,0
12/3/2023 4:43,-0.75,-0.25,0,-0.0625,0.0625,0.0625
12/3/2023 6:43,-0.6875,-0.25,0,-0.0625,0.0625,0.0625
12/3/2023 8:43,-0.75,-0.25,0,-0.0625,0.0625,0.0625
12/3/2023 10:43,-0.75,-0.25,0,-0.0625,0.0625,0
12/3/2023 12:43,-0.75,-0.25,0,-0.0625,0.0625,0.0625
12/3/2023 14:43,-0.8125,-0.3125,0,-0.0625,0.0625,0.0625
12/3/2023 16:43,-0.8125,-0.3125,0,-0.0625,0.0625,0
12/3/2023 18:43,-0.8125,-0.3125,0,-0.0625,0.0625,0
12/3/2023 20:43,-0.875,-0.3125,-0.0625,-0.0625,0.0625,0.0625
12/3/2023 22:43,-0.875,-0.3125,0,-0.0625,0.0625,0
12/4/2023 0:43,-0.875,-0.3125,0,-0.0625,0.0625,0.0625
12/4/2023 2:43,-0.875,-0.3125,0,-0.0625,0.0625,0.0625
12/4/2023 4:43,-0.875,-0.3125,0,-0.0625,0.0625,0.0625
12/4/2023 6:43,-0.875,-0.375,0,-0.0625,0.0625,0.0625
12/4/2023 8:43,-0.9375,-0.3125,0,-0.0625,0.0625,0.0625
12/4/2023 10:43,-0.9375,-0.375,0,-0.0625,0.0625,0
12/4/2023 12:43,-0.9375,-0.375,0,-0.0625,0.0625,0.0625
12/4/2023 14:43,-0.9375,-0.375,0,-0.0625,0.0625,0.0625
12/4/2023 16:43,-0.9375,-0.375,0,-0.0625,0.0625,0
12/4/2023 18:43,-0.9375,-0.375,0,-0.0625,0.0625,0.0625
12/4/2023 20:43,-0.9375,-0.375,-0.0625,-0.0625,0.0625,0.0625
12/4/2023 22:43,-0.9375,-0.375,0,-0.0625,0.0625,0.0625
12/5/2023 0:43,-1,-0.375,0,-0.0625,0.0625,0
12/5/2023 2:43,-1,-0.375,-0.0625,-0.0625,0.0625,0
12/5/2023 4:43,-1,-0.4375,0,-0.0625,0.0625,0
12/5/2023 6:43,-1.0625,-0.375,0,-0.0625,0.0625,0.0625
12/5/2023 8:43,-1,-0.4375,-0.0625,-0.0625,0.0625,0
12/5/2023 10:43,-1,-0.4375,0,-0.0625,0.0625,0
12/5/2023 12:43,-1.0625,-0.375,0,-0.0625,0.125,0.0625
12/5/2023 14:43,-1.0625,-0.4375,0,-0.0625,0.0625,0.0625
12/5/2023 16:43,-1,-0.4375,0,-0.0625,0.0625,0
12/5/2023 18:43,-1.0625,-0.4375,0,-0.0625,0.0625,0.0625
12/5/2023 20:43,-1.0625,-0.4375,0,-0.0625,0.0625,0.0625
12/5/2023 22:43,-1,-0.4375,-0.0625,-0.0625,0.0625,0
12/6/2023 0:43,-1,-0.4375,0,-0.0625,0.0625,0.0625
12/6/2023 2:43,-1,-0.4375,0,-0.0625,0.0625,0.0625
12/6/2023 4:43,-0.9375,-0.4375,-0.0625,-0.0625,0.0625,0.0625
12/6/2023 6:43,-0.9375,-0.375,0,-0.0625,0.0625,0.0625
12/6/2023 8:43,-0.875,-0.375,0,-0.0625,0.0625,0.0625
12/6/2023 10:43,-0.875,-0.375,-0.0625,-0.0625,0.0625,0.0625
12/6/2023 12:43,-0.875,-0.375,0,-0.0625,0.0625,0.0625
12/6/2023 14:43,-0.875,-0.375,0,-0.0625,0.0625,0.0625
12/6/2023 16:43,-0.875,-0.375,0,-0.0625,0.0625,0
12/6/2023 18:43,-0.875,-0.375,0,-0.0625,0.0625,0
12/6/2023 20:43,-0.875,-0.375,0,-0.0625,0.0625,0
12/6/2023 22:43,-0.875,-0.375,0,-0.0625,0.0625,0
12/7/2023 0:43,-0.875,-0.375,0,-0.0625,0.0625,0
12/7/2023 2:43,-0.9375,-0.375,0,-0.0625,0.0625,0.0625
12/7/2023 4:43,-1,-0.375,0,-0.0625,0.0625,0
12/7/2023 6:43,-1,-0.4375,0,-0.0625,0.0625,0
12/7/2023 8:43,-1,-0.4375,0,-0.0625,0.0625,0
12/7/2023 10:43,-1,-0.4375,-0.0625,-0.0625,0.0625,0.0625
12/7/2023 12:43,-1.0625,-0.4375,0,-0.0625,0.125,0.0625
12/7/2023 14:43,-1.0625,-0.4375,0,-0.0625,0.0625,0.0625
12/7/2023 16:43,-1.0625,-0.4375,-0.0625,-0.0625,0.0625,0.0625
12/7/2023 18:43,-1.0625,-0.4375,0,-0.0625,0.0625,0
12/7/2023 20:43,-1.0625,-0.5,-0.0625,-0.0625,0.0625,0
12/7/2023 22:43,-1.0625,-0.4375,-0.0625,-0.0625,0.0625,0.0625
12/8/2023 0:43,-1.0625,-0.4375,-0.0625,-0.0625,0.0625,0.0625
12/8/2023 2:43,-1.0625,-0.5,0,-0.0625,0.0625,0
12/8/2023 4:43,-1.0625,-0.5,-0.0625,-0.0625,0.0625,0
12/8/2023 6:43,-1.125,-0.5,-0.0625,-0.0625,0.0625,0.0625
12/8/2023 8:43,-1.125,-0.5,-0.0625,-0.0625,0.0625,0.0625
12/8/2023 10:43,-1.125,-0.5,-0.0625,-0.0625,0.0625,0.0625
12/8/2023 12:43,-1.125,-0.5,-0.0625,-0.0625,0.0625,0
12/8/2023 14:43,-1.125,-0.5,-0.0625,-0.0625,0.0625,0
12/8/2023 16:43,-1.1875,-0.5,-0.0625,-0.0625,0.0625,0
12/8/2023 18:43,-1.1875,-0.5,-0.0625,-0.0625,0.0625,0.0625
12/8/2023 20:43,-1.1875,-0.5,-0.0625,-0.0625,0.0625,0
12/8/2023 22:43,-1.1875,-0.5625,-0.0625,-0.0625,0.0625,0.0625
12/9/2023 0:43,-1.1875,-0.5625,-0.0625,-0.0625,0.0625,0.0625
12/9/2023 2:43,-1.25,-0.5625,-0.0625,-0.0625,0.0625,0.0625
12/9/2023 4:43,-1.25,-0.5625,-0.0625,-0.0625,0.0625,0.0625
12/9/2023 6:43,-1.3125,-0.5625,-0.0625,-0.0625,0.0625,0.0625
12/9/2023 8:43,-1.3125,-0.5625,-0.0625,-0.0625,0.0625,0.0625
12/9/2023 10:43,-1.3125,-0.5625,-0.0625,-0.0625,0.0625,0.0625
12/9/2023 12:43,-1.3125,-0.625,-0.0625,-0.0625,0.0625,0.0625
12/9/2023 14:43,-1.3125,-0.625,-0.0625,-0.0625,0.0625,0.0625
12/9/2023 16:43,-1.3125,-0.625,-0.0625,-0.0625,0.0625,0.0625
12/9/2023 18:43,-1.3125,-0.625,-0.0625,-0.0625,0.0625,0
12/9/2023 20:43,-1.3125,-0.625,-0.0625,-0.0625,0.0625,0
12/9/2023 22:43,-1.3125,-0.625,-0.0625,-0.0625,0.0625,0
12/10/2023 0:43,-1.3125,-0.625,-0.0625,-0.0625,0.0625,0
12/10/2023 2:43,-1.3125,-0.625,-0.0625,-0.0625,0.0625,0.0625
12/10/2023 4:43,-1.375,-0.625,-0.0625,-0.0625,0.0625,0
12/10/2023 6:43,-1.3125,-0.625,-0.0625,-0.0625,0.0625,0.0625
12/10/2023 8:43,-1.375,-0.625,-0.0625,-0.0625,0.0625,0.0625
12/10/2023 10:43,-1.375,-0.625,-0.0625,-0.0625,0.0625,0.0625
12/10/2023 12:43,-1.375,-0.625,-0.0625,-0.0625,0.0625,0
12/10/2023 14:43,-1.4375,-0.6875,-0.0625,-0.0625,0.0625,0
12/10/2023 16:43,-1.4375,-0.6875,-0.0625,-0.0625,0.0625,0.0625
12/10/2023 18:43,-1.4375,-0.6875,-0.0625,-0.0625,0.0625,0
12/10/2023 20:43,-1.4375,-0.6875,-0.0625,-0.0625,0.0625,0
12/10/2023 22:43,-1.5,-0.6875,-0.0625,-0.0625,0.0625,0.0625
12/11/2023 0:43,-1.5,-0.6875,-0.0625,-0.0625,0.0625,0.0625
12/11/2023 2:43,-1.5,-0.75,-0.125,-0.0625,0.0625,0
12/11/2023 4:43,-1.5625,-0.6875,-0.0625,-0.0625,0.0625,0.0625
12/11/2023 6:43,-1.5625,-0.75,-0.0625,-0.0625,0.0625,0.0625
12/11/2023 8:43,-1.5625,-0.75,-0.125,-0.0625,0.0625,0
12/11/2023 10:43,-1.5625,-0.75,-0.125,-0.0625,0.0625,0.0625
12/11/2023 12:43,-1.5625,-0.75,-0.0625,-0.0625,0.0625,0
12/11/2023 14:43,-1.5625,-0.75,-0.125,-0.0625,0.0625,0.0625
12/11/2023 16:43,-1.5625,-0.75,-0.0625,-0.0625,0.0625,0
12/11/2023 18:43,-1.625,-0.75,-0.125,-0.0625,0.0625,0
12/11/2023 20:43,-1.5625,-0.75,-0.125,-0.0625,0.0625,0
12/11/2023 22:43,-1.5625,-0.75,-0.125,-0.0625,0.0625,0.0625
12/12/2023 0:43,-1.5625,-0.75,-0.125,-0.0625,0.0625,0.0625
12/12/2023 2:43,-1.5625,-0.75,-0.125,-0.0625,0.0625,0
12/12/2023 4:43,-1.5,-0.8125,-0.125,-0.0625,0.0625,0.0625
12/12/2023 6:43,-1.5,-0.75,-0.125,-0.0625,0.125,0
12/12/2023 8:43,-1.5,-0.8125,-0.125,-0.0625,0.0625,0.0625
12/12/2023 10:43,-1.5,-0.75,-0.125,-0.0625,0.0625,0.0625
12/12/2023 12:43,-1.4375,-0.75,-0.125,-0.0625,0.0625,0
12/12/2023 14:43,-1.4375,-0.75,-0.125,-0.0625,0.0625,0.0625
12/12/2023 16:43,-1.4375,-0.75,-0.125,-0.0625,0.0625,0
12/12/2023 18:43,-1.4375,-0.75,-0.125,-0.0625,0.0625,0.0625
12/12/2023 20:43,-1.4375,-0.75,-0.125,-0.0625,0.0625,0.0625
12/12/2023 22:43,-1.4375,-0.75,-0.125,-0.0625,0.0625,0.0625
12/13/2023 0:43,-1.375,-0.75,-0.125,-0.0625,0.0625,0
12/13/2023 2:43,-1.375,-0.75,-0.125,-0.0625,0.0625,0
12/13/2023 4:43,-1.375,-0.75,-0.125,-0.0625,0.0625,0.0625
12/13/2023 6:43,-1.375,-0.6875,-0.125,-0.0625,0.0625,0
12/13/2023 8:43,-1.375,-0.75,-0.125,-0.0625,0.0625,0.0625
12/13/2023 10:43,-1.375,-0.6875,-0.125,-0.0625,0.0625,0
12/13/2023 12:43,-1.3125,-0.6875,-0.125,-0.0625,0.0625,0
12/13/2023 14:43,-1.3125,-0.6875,-0.125,-0.0625,0.0625,0.0625
12/13/2023 16:43,-1.3125,-0.6875,-0.125,-0.0625,0.0625,0
12/13/2023 18:43,-1.3125,-0.6875,-0.125,-0.0625,0.0625,0
12/13/2023 20:43,-1.25,-0.6875,-0.125,-0.0625,0.0625,0
12/13/2023 22:43,-1.25,-0.6875,-0.125,-0.0625,0.0625,0
12/14/2023 0:43,-1.25,-0.6875,-0.125,-0.0625,0.0625,0.0625
12/14/2023 2:43,-1.1875,-0.6875,-0.125,-0.0625,0.0625,0.0625
12/14/2023 4:43,-1.25,-0.625,-0.125,-0.0625,0.0625,0.0625
12/14/2023 6:43,-1.25,-0.625,-0.125,-0.0625,0.0625,0
12/14/2023 8:43,-1.1875,-0.625,-0.125,-0.0625,0.0625,0.0625
12/14/2023 10:43,-1.1875,-0.625,-0.125,-0.0625,0.0625,0
12/14/2023 12:43,-1.1875,-0.625,-0.125,-0.0625,0.0625,0
12/14/2023 14:43,-1.1875,-0.625,-0.125,-0.0625,0.0625,0
12/14/2023 16:43,-1.1875,-0.625,-0.125,-0.0625,0.0625,0
12/14/2023 18:43,-1.1875,-0.625,-0.125,-0.0625,0.0625,0
12/14/2023 20:43,-1.1875,-0.625,-0.125,-0.0625,0.0625,0.0625
12/14/2023 22:43,-1.1875,-0.625,-0.125,-0.0625,0.0625,0
12/15/2023 0:43,-1.1875,-0.625,-0.125,-0.0625,0.0625,0
12/15/2023 2:43,-1.125,-0.625,-0.125,-0.0625,0.0625,0
12/15/2023 4:43,-1.125,-0.625,-0.125,-0.0625,0.0625,0
12/15/2023 6:43,-1.125,-0.625,-0.125,-0.0625,0.0625,0
12/15/2023 8:43,-1.125,-0.625,-0.1875,-0.0625,0.0625,0
12/15/2023 10:43,-1.125,-0.625,-0.125,-0.0625,0.0625,0.0625
12/15/2023 12:43,-1.125,-0.625,-0.125,-0.0625,0.0625,0
12/15/2023 14:43,-1.125,-0.5625,-0.125,-0.0625,0.0625,0
12/15/2023 16:43,-1.0625,-0.5625,-0.125,-0.0625,0.0625,0
12/15/2023 18:43,-1.125,-0.5625,-0.1875,-0.0625,0.0625,0
12/15/2023 20:43,-1.0625,-0.625,-0.125,-0.0625,0.0625,0.0625
12/15/2023 22:43,-1.0625,-0.5625,-0.125,-0.0625,0.0625,0.0625
12/16/2023 0:43,-1.0625,-0.625,-0.125,-0.0625,0.0625,0
12/16/2023 2:43,-1.0625,-0.5625,-0.125,-0.0625,0.0625,0.0625
12/16/2023 4:43,-1.0625,-0.625,-0.125,-0.0625,0.0625,0
12/16/2023 6:43,-1.0625,-0.5625,-0.1875,-0.0625,0.0625,0.0625
12/16/2023 8:43,-1.125,-0.5625,-0.125,-0.0625,0.0625,0
12/16/2023 10:43,-1.125,-0.5625,-0.125,-0.0625,0.0625,0
12/16/2023 12:43,-1.125,-0.5625,-0.1875,-0.0625,0.0625,0
12/16/2023 14:43,-1.125,-0.625,-0.125,-0.0625,0.0625,0
12/16/2023 16:43,-1.125,-0.625,-0.125,-0.0625,0.0625,0
12/16/2023 18:43,-1.1875,-0.625,-0.125,-0.0625,0.0625,0
12/16/2023 20:43,-1.1875,-0.625,-0.125,-0.0625,0.0625,0.0625
12/16/2023 22:43,-1.1875,-0.625,-0.125,-0.0625,0.0625,0
12/17/2023 0:43,-1.1875,-0.625,-0.125,-0.0625,0.0625,0
12/17/2023 2:43,-1.1875,-0.625,-0.1875,-0.0625,0.0625,0.0625
12/17/2023 4:43,-1.1875,-0.625,-0.1875,-0.0625,0.0625,0
12/17/2023 6:43,-1.1875,-0.625,-0.1875,-0.0625,0.0625,0
12/17/2023 8:43,-1.1875,-0.6875,-0.1875,-0.0625,0.0625,0.0625
12/17/2023 10:43,-1.1875,-0.625,-0.1875,-0.0625,0.0625,0
12/17/2023 12:43,-1.1875,-0.625,-0.1875,-0.0625,0.0625,0
12/17/2023 14:43,-1.1875,-0.6875,-0.1875,-0.0625,0.0625,0
12/17/2023 16:43,-1.1875,-0.625,-0.125,-0.0625,0.0625,0.0625
12/17/2023 18:43,-1.1875,-0.625,-0.1875,-0.0625,0.0625,0
12/17/2023 20:43,-1.1875,-0.625,-0.1875,-0.0625,0.125,0.0625
12/17/2023 22:43,-1.125,-0.625,-0.1875,-0.0625,0.0625,0
12/18/2023 0:43,-1.125,-0.625,-0.1875,-0.0625,0.0625,0
12/18/2023 2:43,-1.125,-0.625,-0.1875,-0.0625,0.0625,0
12/18/2023 4:43,-1.125,-0.625,-0.1875,-0.0625,0.0625,0
12/18/2023 6:43,-1.0625,-0.625,-0.1875,-0.0625,0.0625,0.0625
12/18/2023 8:43,-1.0625,-0.5625,-0.1875,-0.0625,0.0625,0
12/18/2023 10:43,-1.0625,-0.625,-0.1875,-0.0625,0.0625,0
12/18/2023 12:43,-1,-0.5625,-0.1875,-0.0625,0.0625,0.0625
12/18/2023 14:43,-1,-0.5625,-0.1875,-0.0625,0.0625,0.0625
12/18/2023 16:43,-1,-0.5625,-0.1875,-0.0625,0.0625,0.0625
12/18/2023 18:43,-1,-0.5625,-0.1875,-0.0625,0.0625,0
12/18/2023 20:43,-1,-0.5625,-0.1875,-0.0625,0.0625,0
12/18/2023 22:43,-1,-0.5625,-0.1875,-0.0625,0.0625,0
12/19/2023 0:43,-1,-0.5625,-0.1875,-0.0625,0.0625,0
12/19/2023 2:43,-1,-0.5625,-0.1875,-0.0625,0.0625,0
12/19/2023 4:43,-0.9375,-0.5625,-0.1875,-0.0625,0.0625,0
12/19/2023 6:43,-1,-0.5,-0.1875,-0.0625,0.0625,0.0625
12/19/2023 8:43,-1,-0.5625,-0.1875,-0.0625,0.0625,0.0625
12/19/2023 10:43,-1,-0.5625,-0.1875,-0.0625,0.0625,0
12/19/2023 12:43,-1,-0.5625,-0.1875,-0.0625,0.0625,0.0625
12/19/2023 14:43,-1,-0.5,-0.1875,-0.0625,0.0625,0
12/19/2023 16:43,-1,-0.5625,-0.1875,-0.0625,0.0625,0
12/19/2023 18:43,-1,-0.5625,-0.125,-0.0625,0.0625,0
12/19/2023 20:43,-1,-0.5625,-0.1875,-0.0625,0.0625,0
12/19/2023 22:43,-1,-0.5625,-0.1875,-0.0625,0.0625,0
12/20/2023 0:43,-1.0625,-0.5625,-0.1875,-0.0625,0.0625,0
12/20/2023 2:43,-1,-0.5625,-0.1875,-0.0625,0.0625,0.0625
12/20/2023 4:43,-1.0625,-0.5625,-0.1875,-0.0625,0.0625,0
12/20/2023 6:43,-1.0625,-0.5625,-0.1875,-0.0625,0.0625,0
12/20/2023 8:43,-1.0625,-0.5625,-0.1875,-0.0625,0.0625,0
12/20/2023 10:43,-1.0625,-0.5625,-0.1875,-0.0625,0.0625,0
12/20/2023 12:43,-1.0625,-0.5625,-0.1875,-0.0625,0.0625,0
12/20/2023 14:43,-1.0625,-0.625,-0.1875,-0.0625,0.0625,0
12/20/2023 16:43,-1.0625,-0.5625,-0.1875,-0.0625,0.0625,0.0625
12/20/2023 18:43,-1.0625,-0.5625,-0.1875,-0.0625,0.0625,0
12/20/2023 20:43,-1.0625,-0.5625,-0.1875,-0.0625,0.0625,0
12/20/2023 22:43,-1.0625,-0.5625,-0.1875,-0.0625,0.0625,0
12/21/2023 0:43,-1.0625,-0.5625,-0.1875,-0.0625,0.0625,0.0625
12/21/2023 2:43,-1.0625,-0.5625,-0.1875,-0.0625,0.0625,0
12/21/2023 4:43,-1.0625,-0.5625,-0.1875,-0.0625,0.125,0.0625
12/21/2023 6:43,-1.0625,-0.5625,-0.1875,-0.0625,0.0625,0.0625
12/21/2023 8:43,-1.0625,-0.5625,-0.1875,-0.0625,0.0625,0
12/21/2023 10:43,-1.0625,-0.5625,-0.1875,-0.0625,0.0625,0.0625
12/21/2023 12:43,-1.0625,-0.5625,-0.1875,-0.0625,0.0625,0
12/21/2023 14:43,-1.0625,-0.625,-0.1875,-0.0625,0.0625,0
12/21/2023 16:43,-1.0625,-0.625,-0.1875,-0.0625,0.0625,0
12/21/2023 18:43,-1.0625,-0.625,-0.1875,-0.0625,0.0625,0.0625
12/21/2023 20:43,-1.0625,-0.625,-0.1875,-0.0625,0.0625,0
12/21/2023 22:43,-1.0625,-0.5625,-0.1875,-0.0625,0.0625,0
12/22/2023 0:43,-1.0625,-0.5625,-0.1875,-0.0625,0.0625,0
12/22/2023 2:43,-1.0625,-0.5625,-0.1875,-0.0625,0.0625,0
12/22/2023 4:43,-1.0625,-0.5625,-0.1875,-0.0625,0.0625,0
12/22/2023 6:43,-1.0625,-0.5625,-0.1875,-0.0625,0.0625,0
12/22/2023 8:43,-1.0625,-0.625,-0.1875,-0.0625,0.0625,0
12/22/2023 10:43,-1.0625,-0.625,-0.1875,-0.0625,0.0625,0
12/22/2023 12:43,-1.0625,-0.625,-0.1875,-0.0625,0.0625,0
12/22/2023 14:43,-1.0625,-0.625,-0.1875,-0.0625,0.0625,0
12/22/2023 16:43,-1.0625,-0.625,-0.1875,-0.0625,0.0625,0
12/22/2023 18:43,-1.0625,-0.625,-0.1875,-0.0625,0.0625,0
12/22/2023 20:43,-1.125,-0.625,-0.1875,-0.0625,0.125,0
12/22/2023 22:43,-1.125,-0.625,-0.25,-0.0625,0.0625,0.0625
12/23/2023 0:43,-1.0625,-0.625,-0.1875,-0.0625,0.0625,0.0625
12/23/2023 2:43,-1.0625,-0.625,-0.25,-0.0625,0.0625,0
12/23/2023 4:43,-1.0625,-0.625,-0.1875,-0.0625,0.0625,0
12/23/2023 6:43,-1.0625,-0.625,-0.1875,-0.0625,0.0625,0
12/23/2023 8:43,-1.0625,-0.625,-0.1875,-0.0625,0.0625,0.0625
12/23/2023 10:43,-1.0625,-0.625,-0.1875,-0.0625,0.0625,0
12/23/2023 12:43,-1.0625,-0.625,-0.1875,-0.0625,0.0625,0
12/23/2023 14:43,-1.125,-0.5625,-0.1875,-0.0625,0.0625,0
12/23/2023 16:43,-1.0625,-0.625,-0.1875,-0.0625,0.0625,0.0625
12/23/2023 18:43,-1.0625,-0.625,-0.1875,-0.125,0.0625,0
12/23/2023 20:43,-1.0625,-0.625,-0.1875,-0.0625,0.0625,0
12/23/2023 22:43,-1.0625,-0.625,-0.1875,-0.0625,0.0625,0.0625
12/24/2023 0:43,-1,-0.625,-0.25,-0.0625,0.0625,0
12/24/2023 2:43,-1,-0.5625,-0.1875,-0.0625,0.0625,0.0625
12/24/2023 4:43,-1,-0.5625,-0.1875,-0.0625,0.0625,0
12/24/2023 6:43,-1,-0.5625,-0.1875,-0.0625,0.0625,0.0625
12/24/2023 8:43,-0.9375,-0.5625,-0.1875,-0.0625,0.0625,0.0625
12/24/2023 10:43,-0.9375,-0.5625,-0.1875,-0.0625,0.0625,0
12/24/2023 12:43,-0.9375,-0.5625,-0.1875,-0.0625,0.125,0.0625
12/24/2023 14:43,-0.875,-0.5625,-0.1875,-0.0625,0.0625,0
12/24/2023 16:43,-0.875,-0.5625,-0.1875,-0.0625,0.0625,0
12/24/2023 18:43,-0.875,-0.5,-0.1875,-0.0625,0.0625,0
12/24/2023 20:43,-0.875,-0.5,-0.1875,-0.0625,0.0625,0
12/24/2023 22:43,-0.8125,-0.5,-0.1875,-0.0625,0.0625,0
12/25/2023 0:43,-0.8125,-0.5,-0.1875,-0.0625,0.0625,0
12/25/2023 2:43,-0.8125,-0.5,-0.1875,-0.0625,0.0625,0
12/25/2023 4:43,-0.8125,-0.5,-0.1875,-0.0625,0.0625,0.0625
12/25/2023 6:43,-0.8125,-0.5,-0.1875,-0.0625,0.0625,0
12/25/2023 8:43,-0.8125,-0.5,-0.1875,-0.0625,0.0625,0
12/25/2023 10:43,-0.8125,-0.5,-0.1875,-0.0625,0.0625,0
12/25/2023 12:43,-0.8125,-0.5,-0.1875,-0.0625,0.0625,0
12/25/2023 14:43,-0.8125,-0.4375,-0.1875,-0.0625,0.0625,0.0625
12/25/2023 16:43,-0.8125,-0.5,-0.1875,-0.0625,0.0625,0
12/25/2023 18:43,-0.8125,-0.4375,-0.1875,-0.0625,0.0625,0
12/25/2023 20:43,-0.8125,-0.5,-0.1875,-0.0625,0.0625,0
12/25/2023 22:43,-0.8125,-0.4375,-0.1875,-0.0625,0.0625,0
12/26/2023 0:43,-0.8125,-0.4375,-0.1875,-0.0625,0.0625,0
12/26/2023 2:43,-0.8125,-0.5,-0.1875,-0.0625,0.0625,0
12/26/2023 4:43,-0.8125,-0.4375,-0.1875,-0.0625,0.0625,0.0625
12/26/2023 6:43,-0.875,-0.5,-0.1875,-0.0625,0.0625,0
12/26/2023 8:43,-0.8125,-0.5,-0.1875,-0.0625,0.0625,0
12/26/2023 10:43,-0.8125,-0.4375,-0.1875,-0.0625,0.0625,0
12/26/2023 12:43,-0.875,-0.4375,-0.1875,-0.0625,0.0625,0
12/26/2023 14:43,-0.875,-0.5,-0.1875,-0.0625,0.0625,0
12/26/2023 16:43,-0.875,-0.5,-0.1875,-0.0625,0.0625,0
12/26/2023 18:43,-0.875,-0.5,-0.1875,-0.0625,0.0625,0
12/26/2023 20:43,-0.9375,-0.5,-0.1875,-0.0625,0.0625,0
12/26/2023 22:43,-0.9375,-0.5,-0.1875,-0.0625,0.0625,0
12/27/2023 0:43,-0.9375,-0.5,-0.1875,-0.0625,0.0625,0
12/27/2023 2:43,-0.9375,-0.5,-0.1875,-0.0625,0.0625,0
12/27/2023 4:43,-0.875,-0.5,-0.1875,-0.0625,0.0625,0
12/27/2023 6:43,-0.875,-0.5625,-0.1875,-0.0625,0.0625,0
12/27/2023 8:43,-0.9375,-0.5,-0.1875,-0.0625,0.0625,0
12/27/2023 10:43,-0.9375,-0.5625,-0.1875,-0.0625,0.0625,0
12/27/2023 12:43,-0.9375,-0.5,-0.1875,-0.0625,0.0625,0
12/27/2023 14:43,-0.9375,-0.5625,-0.1875,-0.0625,0.0625,0
12/27/2023 16:43,-0.9375,-0.5625,-0.25,-0.0625,0.0625,0.0625
12/27/2023 18:43,-0.9375,-0.5625,-0.25,-0.0625,0.0625,0.0625
12/27/2023 20:43,-1,-0.5625,-0.25,-0.0625,0.0625,0
12/27/2023 22:43,-1,-0.5625,-0.25,-0.0625,0.0625,0
12/28/2023 0:43,-1,-0.5625,-0.1875,-0.0625,0.0625,0
12/28/2023 2:43,-1,-0.5625,-0.25,-0.0625,0.0625,0
12/28/2023 4:43,-1,-0.5625,-0.1875,-0.0625,0.0625,0.0625
12/28/2023 6:43,-1.0625,-0.625,-0.1875,-0.0625,0.0625,0
12/28/2023 8:43,-1.0625,-0.625,-0.25,-0.0625,0.0625,0
12/28/2023 10:43,-1.0625,-0.5625,-0.25,-0.0625,0.0625,0
12/28/2023 12:43,-1.0625,-0.625,-0.25,-0.0625,0.0625,0
12/28/2023 14:43,-1.125,-0.625,-0.25,-0.0625,0.0625,0
12/28/2023 16:43,-1.125,-0.625,-0.25,-0.0625,0.0625,0
12/28/2023 18:43,-1.125,-0.625,-0.25,-0.0625,0.0625,0
12/28/2023 20:43,-1.125,-0.625,-0.25,-0.0625,0.0625,0
12/28/2023 22:43,-1.1875,-0.6875,-0.25,-0.0625,0.0625,0
12/29/2023 0:43,-1.125,-0.6875,-0.25,-0.0625,0.0625,0
12/29/2023 2:43,-1.1875,-0.6875,-0.25,-0.0625,0.0625,0
12/29/2023 4:43,-1.1875,-0.6875,-0.25,-0.0625,0.0625,0.0625
12/29/2023 6:43,-1.1875,-0.6875,-0.25,-0.0625,0.0625,0
12/29/2023 8:43,-1.1875,-0.6875,-0.25,-0.0625,0.0625,0
12/29/2023 10:43,-1.1875,-0.6875,-0.25,-0.0625,0.0625,0
12/29/2023 12:43,-1.1875,-0.6875,-0.25,-0.0625,0.0625,0
12/29/2023 14:43,-1.1875,-0.6875,-0.25,-0.0625,0.0625,0.0625
12/29/2023 16:43,-1.25,-0.6875,-0.25,-0.0625,0.0625,0
12/29/2023 18:43,-1.25,-0.6875,-0.25,-0.0625,0.0625,0.0625
12/29/2023 20:43,-1.25,-0.6875,-0.3125,-0.0625,0.0625,0
12/29/2023 22:43,-1.25,-0.75,-0.3125,-0.0625,0.0625,0
12/30/2023 0:43,-1.3125,-0.75,-0.3125,-0.0625,0.0625,0
12/30/2023 2:43,-1.3125,-0.75,-0.3125,-0.0625,0.0625,0
12/30/2023 4:43,-1.3125,-0.75,-0.3125,-0.0625,0.0625,0
12/30/2023 6:43,-1.3125,-0.75,-0.3125,-0.0625,0.0625,0.0625
12/30/2023 8:43,-1.375,-0.75,-0.3125,-0.0625,0.0625,0
12/30/2023 10:43,-1.375,-0.75,-0.3125,-0.0625,0.0625,0
12/30/2023 12:43,-1.4375,-0.8125,-0.3125,-0.0625,0.0625,0
12/30/2023 14:43,-1.4375,-0.8125,-0.3125,-0.0625,0.0625,0
12/30/2023 16:43,-1.4375,-0.8125,-0.3125,-0.0625,0.0625,0
12/30/2023 18:43,-1.4375,-0.8125,-0.3125,-0.0625,0.125,0
12/30/2023 20:43,-1.4375,-0.8125,-0.3125,-0.0625,0.0625,0
12/30/2023 22:43,-1.4375,-0.875,-0.3125,-0.125,0.0625,0
12/31/2023 0:43,-1.5,-0.875,-0.3125,-0.0625,0.0625,0
12/31/2023 2:43,-1.5,-0.875,-0.3125,-0.0625,0.0625,0
12/31/2023 4:43,-1.5,-0.875,-0.3125,-0.0625,0.0625,0
12/31/2023 6:43,-1.4375,-0.875,-0.375,-0.0625,0.0625,0
12/31/2023 8:43,-1.5,-0.875,-0.375,-0.0625,0.0625,0
12/31/2023 10:43,-1.5,-0.875,-0.375,-0.0625,0.0625,0.0625
12/31/2023 12:43,-1.4375,-0.875,-0.375,-0.0625,0.0625,0
12/31/2023 14:43,-1.5,-0.875,-0.375,-0.0625,0.0625,0
12/31/2023 16:43,-1.4375,-0.875,-0.375,-0.0625,0.0625,0
12/31/2023 18:43,-1.5,-0.875,-0.375,-0.0625,0.0625,0.0625
12/31/2023 20:43,-1.5,-0.875,-0.375,-0.0625,0.0625,0
12/31/2023 22:43,-1.5,-0.875,-0.375,-0.0625,0.0625,0.0625
1/1/2024 0:43,-1.5,-0.9375,-0.375,-0.0625,0.0625,0
1/1/2024 2:43,-1.5,-0.9375,-0.375,-0.0625,0.0625,0
1/1/2024 4:43,-1.5,-0.9375,-0.375,-0.0625,0.0625,0
1/1/2024 6:43,-1.5,-0.9375,-0.375,-0.125,0.0625,0
1/1/2024 8:43,-1.5,-0.875,-0.375,-0.0625,0.0625,0
1/1/2024 10:43,-1.5,-0.9375,-0.375,-0.0625,0.0625,0.0625
1/1/2024 12:43,-1.5,-0.875,-0.375,-0.0625,0.0625,0
1/1/2024 14:43,-1.5,-0.875,-0.375,-0.0625,0.0625,0
1/1/2024 16:43,-1.5,-0.9375,-0.375,-0.0625,0.0625,0
1/1/2024 18:43,-1.5,-0.875,-0.375,-0.0625,0.0625,0
1/1/2024 20:43,-1.5,-0.9375,-0.375,-0.0625,0.0625,0
1/1/2024 22:43,-1.5,-0.9375,-0.4375,-0.0625,0.0625,0
1/2/2024 0:43,-1.5,-0.875,-0.4375,-0.0625,0.0625,0
1/2/2024 2:43,-1.5,-0.875,-0.375,-0.0625,0.0625,0
1/2/2024 4:43,-1.4375,-0.875,-0.375,-0.0625,0.0625,0
1/2/2024 6:43,-1.5,-0.9375,-0.4375,-0.125,0.0625,0
1/2/2024 8:43,-1.4375,-0.875,-0.4375,-0.0625,0.0625,0
1/2/2024 10:43,-1.5,-0.9375,-0.375,-0.0625,0.0625,0
1/2/2024 12:43,-1.5,-0.875,-0.4375,-0.125,0.0625,0
1/2/2024 14:43,-1.4375,-0.875,-0.4375,-0.0625,0.0625,0
1/2/2024 16:43,-1.4375,-0.875,-0.4375,-0.0625,0.0625,0
1/2/2024 18:43,-1.4375,-0.9375,-0.4375,-0.0625,0.0625,0
1/2/2024 20:43,-1.4375,-0.875,-0.375,-0.125,0.0625,0
1/2/2024 22:43,-1.4375,-0.875,-0.4375,-0.0625,0.0625,0
1/3/2024 0:43,-1.4375,-0.875,-0.4375,-0.125,0.0625,0
1/3/2024 2:43,-1.375,-0.875,-0.375,-0.0625,0.0625,0
1/3/2024 4:43,-1.375,-0.875,-0.4375,-0.0625,0.0625,0
1/3/2024 6:43,-1.375,-0.875,-0.375,-0.0625,0.0625,0.0625
1/3/2024 8:43,-1.375,-0.875,-0.4375,-0.0625,0.0625,0
1/3/2024 10:43,-1.375,-0.875,-0.375,-0.0625,0.0625,0.0625
1/3/2024 12:43,-1.3125,-0.875,-0.375,-0.0625,0.0625,0.0625
1/3/2024 14:43,-1.3125,-0.8125,-0.375,-0.0625,0.0625,0
1/3/2024 16:43,-1.3125,-0.8125,-0.375,-0.0625,0.0625,0
1/3/2024 18:43,-1.3125,-0.8125,-0.4375,-0.0625,0.0625,0
1/3/2024 20:43,-1.25,-0.8125,-0.4375,-0.125,0.0625,0
1/3/2024 22:43,-1.25,-0.8125,-0.375,-0.125,0.0625,0
1/4/2024 0:43,-1.25,-0.8125,-0.375,-0.0625,0.0625,0
1/4/2024 2:43,-1.25,-0.8125,-0.375,-0.125,0.0625,0
1/4/2024 4:43,-1.25,-0.8125,-0.375,-0.0625,0.0625,0.0625
1/4/2024 6:43,-1.25,-0.8125,-0.375,-0.125,0.0625,0
1/4/2024 8:43,-1.25,-0.75,-0.375,-0.125,0.0625,0.0625
1/4/2024 10:43,-1.25,-0.75,-0.375,-0.125,0.0625,0
1/4/2024 12:43,-1.25,-0.8125,-0.375,-0.125,0.0625,0
1/4/2024 14:43,-1.1875,-0.75,-0.375,-0.125,0.0625,0
1/4/2024 16:43,-1.25,-0.8125,-0.375,-0.125,0.0625,0.0625
1/4/2024 18:43,-1.1875,-0.75,-0.375,-0.0625,0.0625,0
1/4/2024 20:43,-1.25,-0.75,-0.375,-0.0625,0.0625,0
1/4/2024 22:43,-1.25,-0.8125,-0.375,-0.125,0.0625,0
1/5/2024 0:43,-1.25,-0.75,-0.375,-0.125,0.0625,0.0625
1/5/2024 2:43,-1.3125,-0.75,-0.375,-0.0625,0.0625,0
1/5/2024 4:43,-1.3125,-0.8125,-0.375,-0.125,0.0625,0.0625
1/5/2024 6:43,-1.375,-0.8125,-0.375,-0.0625,0.0625,0
1/5/2024 8:43,-1.3125,-0.8125,-0.375,-0.125,0.0625,0
1/5/2024 10:43,-1.3125,-0.8125,-0.375,-0.125,0.0625,0.0625
1/5/2024 12:43,-1.375,-0.8125,-0.4375,-0.0625,0.0625,0
1/5/2024 14:43,-1.3125,-0.8125,-0.375,-0.125,0.0625,0.0625
1/5/2024 16:43,-1.3125,-0.8125,-0.375,-0.125,0.0625,0.0625
1/5/2024 18:43,-1.3125,-0.8125,-0.4375,-0.0625,0.0625,0
1/5/2024 20:43,-1.3125,-0.8125,-0.4375,-0.0625,0.0625,0
1/5/2024 22:43,-1.3125,-0.8125,-0.375,-0.125,0.0625,0.0625
1/6/2024 0:43,-1.3125,-0.8125,-0.4375,-0.0625,0.0625,0
1/6/2024 2:43,-1.3125,-0.8125,-0.375,-0.125,0.0625,0
1/6/2024 4:43,-1.3125,-0.8125,-0.375,-0.0625,0.0625,0.0625
1/6/2024 6:43,-1.3125,-0.8125,-0.375,-0.125,0.0625,0
1/6/2024 8:43,-1.3125,-0.8125,-0.4375,-0.125,0.0625,0
1/6/2024 10:43,-1.3125,-0.8125,-0.375,-0.0625,0.0625,0.0625
1/6/2024 12:43,-1.3125,-0.8125,-0.4375,-0.125,0.0625,0
1/6/2024 14:43,-1.3125,-0.8125,-0.4375,-0.125,0.0625,0
1/6/2024 16:43,-1.3125,-0.8125,-0.4375,-0.0625,0.0625,0.0625
1/6/2024 18:43,-1.3125,-0.8125,-0.375,-0.0625,0.0625,0.0625
1/6/2024 20:43,-1.3125,-0.8125,-0.375,-0.0625,0.0625,0
1/6/2024 22:43,-1.3125,-0.8125,-0.375,-0.125,0.0625,0
1/7/2024 0:43,-1.3125,-0.8125,-0.4375,-0.125,0.0625,0
1/7/2024 2:43,-1.3125,-0.875,-0.4375,-0.0625,0.0625,0
1/7/2024 4:43,-1.375,-0.8125,-0.4375,-0.125,0.0625,0
1/7/2024 6:43,-1.375,-0.875,-0.4375,-0.0625,0.0625,0.0625
1/7/2024 8:43,-1.375,-0.875,-0.4375,-0.125,0.0625,0.0625
1/7/2024 10:43,-1.375,-0.875,-0.4375,-0.125,0.0625,0
1/7/2024 12:43,-1.375,-0.875,-0.4375,-0.125,0.0625,0
1/7/2024 14:43,-1.375,-0.875,-0.4375,-0.125,0.0625,0
1/7/2024 16:43,-1.375,-0.875,-0.4375,-0.125,0.0625,0
1/7/2024 18:43,-1.3125,-0.875,-0.4375,-0.125,0.0625,0
1/7/2024 20:43,-1.3125,-0.8125,-0.4375,-0.0625,0.0625,0
1/7/2024 22:43,-1.25,-0.875,-0.4375,-0.125,0.0625,0
1/8/2024 0:43,-1.25,-0.8125,-0.4375,-0.125,0.0625,0
1/8/2024 2:43,-1.1875,-0.8125,-0.4375,-0.0625,0.0625,0
1/8/2024 4:43,-1.25,-0.8125,-0.4375,-0.125,0.0625,0
1/8/2024 6:43,-1.1875,-0.8125,-0.375,-0.125,0.0625,0
1/8/2024 8:43,-1.1875,-0.8125,-0.4375,-0.0625,0.0625,0
1/8/2024 10:43,-1.1875,-0.75,-0.4375,-0.125,0.0625,0
1/8/2024 12:43,-1.125,-0.75,-0.375,-0.125,0.0625,0
1/8/2024 14:43,-1.125,-0.75,-0.4375,-0.125,0.0625,0
1/8/2024 16:43,-1.125,-0.75,-0.4375,-0.125,0.0625,0
1/8/2024 18:43,-1.0625,-0.75,-0.375,-0.0625,0.0625,0
1/8/2024 20:43,-1.0625,-0.6875,-0.375,-0.0625,0.0625,0
1/8/2024 22:43,-1.0625,-0.6875,-0.375,-0.125,0.0625,0
1/9/2024 0:43,-1.0625,-0.6875,-0.375,-0.125,0.0625,0
1/9/2024 2:43,-1,-0.6875,-0.375,-0.125,0.0625,0
1/9/2024 4:43,-1,-0.6875,-0.375,-0.125,0.0625,0
1/9/2024 6:43,-1,-0.6875,-0.375,-0.0625,0.0625,0.0625
1/9/2024 8:43,-1.0625,-0.625,-0.375,-0.125,0.0625,0.0625
1/9/2024 10:43,-1.0625,-0.625,-0.375,-0.125,0.0625,0
1/9/2024 12:43,-1.0625,-0.6875,-0.375,-0.125,0.0625,0
1/9/2024 14:43,-1.125,-0.6875,-0.375,-0.125,0.0625,0
1/9/2024 16:43,-1.125,-0.6875,-0.375,-0.125,0.0625,0
1/9/2024 18:43,-1.1875,-0.6875,-0.375,-0.125,0.0625,0
1/9/2024 20:43,-1.1875,-0.6875,-0.375,-0.125,0.0625,0
1/9/2024 22:43,-1.25,-0.75,-0.375,-0.125,0.0625,0
1/10/2024 0:43,-1.25,-0.75,-0.375,-0.125,0.0625,0
1/10/2024 2:43,-1.3125,-0.8125,-0.375,-0.125,0.0625,0
1/10/2024 4:43,-1.375,-0.8125,-0.375,-0.125,0.0625,0
1/10/2024 6:43,-1.375,-0.8125,-0.4375,-0.125,0.0625,0
1/10/2024 8:43,-1.4375,-0.875,-0.4375,-0.125,0.0625,0
1/10/2024 10:43,-1.4375,-0.875,-0.4375,-0.125,0.0625,0
1/10/2024 12:43,-1.5,-0.9375,-0.4375,-0.125,0.0625,0
1/10/2024 14:43,-1.5625,-0.9375,-0.4375,-0.125,0.0625,0
1/10/2024 16:43,-1.5625,-0.9375,-0.4375,-0.125,0.0625,0
1/10/2024 18:43,-1.5625,-0.9375,-0.4375,-0.125,0.0625,0
1/10/2024 20:43,-1.625,-0.9375,-0.5,-0.125,0.0625,0
1/10/2024 22:43,-1.625,-1,-0.5,-0.125,0.0625,0
1/11/2024 0:43,-1.625,-1,-0.5,-0.125,0.0625,0
1/11/2024 2:43,-1.6875,-1,-0.5,-0.125,0.0625,0
1/11/2024 4:43,-1.6875,-1,-0.5,-0.125,0.0625,0
1/11/2024 6:43,-1.6875,-1.0625,-0.5,-0.125,0.0625,0
1/11/2024 8:43,-1.6875,-1.0625,-0.5,-0.125,0.0625,0
1/11/2024 10:43,-1.6875,-1.0625,-0.5,-0.125,0.0625,0
1/11/2024 12:43,-1.6875,-1.0625,-0.5,-0.125,0.0625,0
1/11/2024 14:43,-1.6875,-1.0625,-0.5,-0.125,0.0625,0
1/11/2024 16:43,-1.625,-1.0625,-0.5,-0.125,0.0625,0
1/11/2024 18:43,-1.625,-1.0625,-0.5,-0.125,0.0625,0
1/11/2024 20:43,-1.5625,-1.0625,-0.5625,-0.125,0.0625,0
1/11/2024 22:43,-1.625,-1,-0.5625,-0.125,0.0625,0
1/12/2024 0:43,-1.5625,-1.0625,-0.5625,-0.125,0.0625,0.0625
1/12/2024 2:43,-1.5,-1,-0.5625,-0.125,0.0625,0
1/12/2024 4:43,-1.5,-1,-0.5625,-0.125,0.0625,0
1/12/2024 6:43,-1.5,-1,-0.5625,-0.125,0.0625,0
1/12/2024 8:43,-1.5,-1,-0.5625,-0.125,0.0625,0
1/12/2024 10:43,-1.4375,-0.9375,-0.5,-0.125,0.0625,0
1/12/2024 12:43,-1.4375,-0.9375,-0.5625,-0.125,0.0625,0.0625
1/12/2024 14:43,-1.4375,-1,-0.5625,-0.125,0.0625,0
1/12/2024 16:43,-1.375,-0.9375,-0.5,-0.125,0.0625,0
1/12/2024 18:43,-1.375,-0.9375,-0.5625,-0.125,0.0625,0
1/12/2024 20:43,-1.375,-0.9375,-0.5,-0.1875,0.0625,0
1/12/2024 22:43,-1.375,-0.9375,-0.5,-0.125,0.0625,0
1/13/2024 0:43,-1.375,-0.875,-0.5,-0.125,0.0625,0
1/13/2024 2:43,-1.375,-0.875,-0.5,-0.125,0.0625,0
1/13/2024 4:43,-1.375,-0.9375,-0.5,-0.125,0.0625,0
1/13/2024 6:43,-1.375,-0.875,-0.5,-0.125,0.0625,0
1/13/2024 8:43,-1.375,-0.9375,-0.5,-0.125,0.0625,0
1/13/2024 10:43,-1.375,-0.9375,-0.5,-0.125,0.0625,0.0625
1/13/2024 12:43,-1.375,-0.875,-0.5,-0.125,0.0625,0
1/13/2024 14:43,-1.375,-0.875,-0.5,-0.125,0.0625,0
1/13/2024 16:43,-1.375,-0.9375,-0.5,-0.125,0.0625,0
1/13/2024 18:43,-1.4375,-0.9375,-0.5,-0.125,0.0625,0
1/13/2024 20:43,-1.5,-0.9375,-0.5,-0.125,0.0625,0
1/13/2024 22:43,-1.5,-0.9375,-0.5,-0.125,0.0625,0
1/14/2024 0:43,-1.5,-0.9375,-0.5,-0.1875,0.0625,0
1/14/2024 2:43,-1.5,-0.9375,-0.5,-0.1875,0.0625,0
1/14/2024 4:43,-1.5,-1,-0.5625,-0.125,0.0625,0
1/14/2024 6:43,-1.5,-1,-0.5625,-0.1875,0.0625,0
1/14/2024 8:43,-1.5,-0.9375,-0.5625,-0.1875,0.0625,0
1/14/2024 10:43,-1.5,-1,-0.5,-0.125,0.0625,0
1/14/2024 12:43,-1.5625,-1,-0.5625,-0.1875,0.0625,0
1/14/2024 14:43,-1.5625,-1,-0.5,-0.1875,0.0625,0
1/14/2024 16:43,-1.6875,-1,-0.5625,-0.125,0.0625,0
1/14/2024 18:43,-1.75,-1.0625,-0.5625,-0.125,0.0625,0
1/14/2024 20:43,-1.8125,-1.0625,-0.5625,-0.125,0.0625,0
1/14/2024 22:43,-1.8125,-1.125,-0.5625,-0.125,0.0625,0
1/15/2024 0:43,-1.8125,-1.125,-0.5625,-0.1875,0.0625,0.0625
1/15/2024 2:43,-1.75,-1.125,-0.5625,-0.1875,0.0625,0
1/15/2024 4:43,-1.6875,-1.125,-0.625,-0.1875,0.0625,0
1/15/2024 6:43,-1.6875,-1.0625,-0.625,-0.1875,0.0625,0
1/15/2024 8:43,-1.625,-1.0625,-0.625,-0.125,0.0625,0
1/15/2024 10:43,-1.625,-1.0625,-0.5625,-0.1875,0.0625,0
1/15/2024 12:43,-1.5625,-1.0625,-0.5625,-0.1875,0.0625,0
1/15/2024 14:43,-1.5,-1,-0.5625,-0.1875,0.0625,0
1/15/2024 16:43,-1.5,-1,-0.625,-0.1875,0.0625,0
1/15/2024 18:43,-1.5,-1,-0.5625,-0.1875,0.0625,0
1/15/2024 20:43,-1.5,-1,-0.5625,-0.1875,0.0625,0
1/15/2024 22:43,-1.4375,-1,-0.5625,-0.1875,0.0625,0
1/16/2024 0:43,-1.5,-1,-0.5625,-0.1875,0.0625,0
1/16/2024 2:43,-1.5,-1,-0.5625,-0.1875,0.0625,0
1/16/2024 4:43,-1.5,-1,-0.5625,-0.1875,0.0625,0
1/16/2024 6:43,-1.4375,-1,-0.5625,-0.1875,0.0625,0.0625
1/16/2024 8:43,-1.375,-1,-0.5625,-0.1875,0.0625,0
1/16/2024 10:43,-1.3125,-0.9375,-0.5625,-0.1875,0.0625,0
1/16/2024 12:43,-1.3125,-0.9375,-0.5625,-0.1875,0.0625,0
1/16/2024 14:43,-1.1875,-0.875,-0.5625,-0.1875,0.0625,0
1/16/2024 16:43,-1.1875,-0.875,-0.5625,-0.1875,0.0625,0
1/16/2024 18:43,-1.125,-0.8125,-0.5,-0.1875,0.0625,0
1/16/2024 20:43,-1.125,-0.8125,-0.5625,-0.1875,0.0625,0
1/16/2024 22:43,-1.0625,-0.8125,-0.5,-0.1875,0.0625,0
1/17/2024 0:43,-1.0625,-0.75,-0.5,-0.1875,0.0625,0.0625
1/17/2024 2:43,-1.0625,-0.75,-0.4375,-0.1875,0.0625,0
1/17/2024 4:43,-1,-0.75,-0.5,-0.1875,0.0625,0.0625
1/17/2024 6:43,-1.0625,-0.75,-0.4375,-0.1875,0.0625,0
1/17/2024 8:43,-1,-0.6875,-0.4375,-0.1875,0.0625,0
1/17/2024 10:43,-1.0625,-0.6875,-0.4375,-0.1875,0.0625,0.0625
1/17/2024 12:43,-1.0625,-0.6875,-0.4375,-0.1875,0.0625,0
1/17/2024 14:43,-1.0625,-0.6875,-0.4375,-0.1875,0.0625,0
1/17/2024 16:43,-1.0625,-0.6875,-0.4375,-0.1875,0.0625,0
1/17/2024 18:43,-1.125,-0.75,-0.4375,-0.1875,0.0625,0
1/17/2024 20:43,-1.125,-0.75,-0.4375,-0.1875,0.0625,0.0625
1/17/2024 22:43,-1.125,-0.75,-0.4375,-0.1875,0.0625,0
1/18/2024 0:43,-1.125,-0.75,-0.4375,-0.1875,0.0625,0
1/18/2024 2:43,-1.125,-0.75,-0.4375,-0.1875,0.0625,0
1/18/2024 4:43,-1.125,-0.75,-0.4375,-0.1875,0.0625,0
1/18/2024 6:43,-1.125,-0.75,-0.4375,-0.1875,0.0625,0
1/18/2024 8:43,-1.125,-0.75,-0.4375,-0.1875,0.0625,0
1/18/2024 10:43,-1.125,-0.75,-0.4375,-0.1875,0.0625,0
1/18/2024 12:43,-1.125,-0.75,-0.4375,-0.1875,0.0625,0
1/18/2024 14:43,-1.125,-0.75,-0.4375,-0.1875,0.0625,0
1/18/2024 16:43,-1.125,-0.75,-0.4375,-0.1875,0.0625,0
1/18/2024 18:43,-1.0625,-0.75,-0.4375,-0.1875,0.0625,0.0625
1/18/2024 20:43,-1.0625,-0.75,-0.4375,-0.1875,0.0625,0
1/18/2024 22:43,-1.0625,-0.75,-0.4375,-0.1875,0.0625,0
1/19/2024 0:43,-1.0625,-0.75,-0.4375,-0.1875,0.0625,0
1/19/2024 2:43,-1,-0.6875,-0.4375,-0.1875,0.0625,0
1/19/2024 4:43,-1,-0.6875,-0.4375,-0.1875,0.0625,0
1/19/2024 6:43,-1,-0.6875,-0.4375,-0.1875,0.0625,0
1/19/2024 8:43,-1,-0.6875,-0.4375,-0.1875,0.0625,0
1/19/2024 10:43,-0.9375,-0.6875,-0.4375,-0.1875,0.0625,0.0625
1/19/2024 12:43,-0.9375,-0.6875,-0.4375,-0.1875,0.0625,0
1/19/2024 14:43,-0.9375,-0.625,-0.4375,-0.1875,0.0625,0
1/19/2024 16:43,-0.9375,-0.625,-0.4375,-0.1875,0.0625,0.0625
1/19/2024 18:43,-0.9375,-0.6875,-0.4375,-0.1875,0.0625,0
1/19/2024 20:43,-0.9375,-0.625,-0.4375,-0.1875,0.0625,0
1/19/2024 22:43,-0.9375,-0.625,-0.4375,-0.1875,0.0625,0
1/20/2024 0:43,-0.875,-0.625,-0.375,-0.1875,0.0625,0
1/20/2024 2:43,-0.875,-0.625,-0.375,-0.1875,0.0625,0
1/20/2024 4:43,-0.875,-0.625,-0.375,-0.1875,0.0625,0
1/20/2024 6:43,-0.875,-0.625,-0.4375,-0.1875,0.0625,0
1/20/2024 8:43,-0.875,-0.5625,-0.4375,-0.1875,0.0625,0
1/20/2024 10:43,-0.875,-0.5625,-0.375,-0.1875,0.0625,0
1/20/2024 12:43,-0.875,-0.625,-0.375,-0.1875,0.0625,0
1/20/2024 14:43,-0.875,-0.625,-0.375,-0.1875,0.0625,0
1/20/2024 16:43,-0.875,-0.5625,-0.375,-0.1875,0.0625,0
1/20/2024 18:43,-0.875,-0.625,-0.375,-0.1875,0.0625,0
1/20/2024 20:43,-0.875,-0.5625,-0.375,-0.1875,0.0625,0
1/20/2024 22:43,-0.875,-0.5625,-0.375,-0.1875,0.0625,0.0625
1/21/2024 0:43,-0.875,-0.5625,-0.375,-0.1875,0.0625,0
1/21/2024 2:43,-0.875,-0.5625,-0.375,-0.1875,0.0625,0
1/21/2024 4:43,-0.875,-0.5625,-0.375,-0.1875,0.0625,0.0625
1/21/2024 6:43,-0.875,-0.5625,-0.375,-0.1875,0.0625,0.0625
1/21/2024 8:43,-0.875,-0.5625,-0.375,-0.1875,0.0625,0
1/21/2024 10:43,-0.875,-0.5625,-0.375,-0.1875,0.0625,0
1/21/2024 12:43,-0.875,-0.625,-0.375,-0.1875,0.0625,0
1/21/2024 14:43,-0.9375,-0.625,-0.375,-0.1875,0.0625,0
1/21/2024 16:43,-0.9375,-0.5625,-0.375,-0.1875,0.0625,0
1/21/2024 18:43,-0.9375,-0.625,-0.375,-0.1875,0.0625,0
1/21/2024 20:43,-0.9375,-0.625,-0.375,-0.1875,0.0625,0.0625
1/21/2024 22:43,-0.9375,-0.625,-0.375,-0.1875,0.0625,0
1/22/2024 0:43,-1,-0.625,-0.375,-0.1875,0.0625,0
1/22/2024 2:43,-1,-0.625,-0.375,-0.1875,0.0625,0
1/22/2024 4:43,-1,-0.625,-0.375,-0.1875,0.0625,0.0625
1/22/2024 6:43,-1,-0.625,-0.375,-0.1875,0.0625,0
1/22/2024 8:43,-1,-0.625,-0.4375,-0.1875,0.0625,0
1/22/2024 10:43,-1.0625,-0.625,-0.375,-0.1875,0.0625,0
1/22/2024 12:43,-1.0625,-0.6875,-0.375,-0.1875,0.0625,0
1/22/2024 14:43,-1.0625,-0.6875,-0.4375,-0.1875,0.0625,0
1/22/2024 16:43,-1.0625,-0.6875,-0.4375,-0.1875,0.0625,0
1/22/2024 18:43,-1.0625,-0.6875,-0.4375,-0.1875,0.0625,0
1/22/2024 20:43,-1.125,-0.6875,-0.4375,-0.1875,0.0625,0
1/22/2024 22:43,-1.125,-0.6875,-0.4375,-0.1875,0.0625,0.0625
1/23/2024 0:43,-1.125,-0.6875,-0.4375,-0.1875,0.0625,0
1/23/2024 2:43,-1.125,-0.75,-0.4375,-0.1875,0.0625,0.0625
1/23/2024 4:43,-1.125,-0.75,-0.4375,-0.1875,0.0625,0
1/23/2024 6:43,-1.125,-0.75,-0.4375,-0.1875,0.0625,0
1/23/2024 8:43,-1.1875,-0.75,-0.4375,-0.1875,0.0625,0
1/23/2024 10:43,-1.1875,-0.75,-0.4375,-0.1875,0.0625,0
1/23/2024 12:43,-1.1875,-0.75,-0.4375,-0.1875,0.0625,0.0625
1/23/2024 14:43,-1.1875,-0.75,-0.4375,-0.1875,0.0625,0
1/23/2024 16:43,-1.1875,-0.8125,-0.4375,-0.1875,0.0625,0.0625
1/23/2024 18:43,-1.1875,-0.75,-0.4375,-0.1875,0.0625,0
1/23/2024 20:43,-1.1875,-0.8125,-0.5,-0.1875,0.0625,0
1/23/2024 22:43,-1.1875,-0.8125,-0.4375,-0.1875,0.0625,0
1/24/2024 0:43,-1.1875,-0.8125,-0.5,-0.1875,0.0625,0
1/24/2024 2:43,-1.1875,-0.8125,-0.4375,-0.1875,0.0625,0
1/24/2024 4:43,-1.1875,-0.8125,-0.5,-0.1875,0.0625,0
1/24/2024 6:43,-1.25,-0.8125,-0.5,-0.1875,0.0625,0
1/24/2024 8:43,-1.1875,-0.8125,-0.5,-0.1875,0.0625,0
1/24/2024 10:43,-1.25,-0.8125,-0.5,-0.1875,0.0625,0
1/24/2024 12:43,-1.25,-0.8125,-0.5,-0.1875,0.0625,0
1/24/2024 14:43,-1.25,-0.8125,-0.5,-0.1875,0.0625,0
1/24/2024 16:43,-1.3125,-0.8125,-0.5,-0.1875,0.0625,0
1/24/2024 18:43,-1.3125,-0.875,-0.5,-0.1875,0.0625,0
1/24/2024 20:43,-1.3125,-0.875,-0.5,-0.1875,0.0625,0
1/24/2024 22:43,-1.3125,-0.875,-0.5,-0.1875,0.0625,0
1/25/2024 0:43,-1.3125,-0.875,-0.5,-0.1875,0.0625,0
1/25/2024 2:43,-1.375,-0.875,-0.5,-0.1875,0.0625,0
1/25/2024 4:43,-1.375,-0.875,-0.5,-0.1875,0.0625,0
1/25/2024 6:43,-1.375,-0.875,-0.5,-0.1875,0.0625,0
1/25/2024 8:43,-1.375,-0.9375,-0.5,-0.1875,0.0625,0
1/25/2024 10:43,-1.375,-0.9375,-0.5625,-0.1875,0.0625,0
1/25/2024 12:43,-1.4375,-0.9375,-0.5625,-0.25,0.0625,0
1/25/2024 14:43,-1.4375,-0.9375,-0.5625,-0.25,0.0625,0
1/25/2024 16:43,-1.4375,-0.9375,-0.5625,-0.1875,0.0625,0
1/25/2024 18:43,-1.4375,-0.9375,-0.5625,-0.1875,0.0625,0
1/25/2024 20:43,-1.4375,-0.9375,-0.5625,-0.25,0.0625,0
1/25/2024 22:43,-1.4375,-0.9375,-0.5625,-0.25,0.0625,0
1/26/2024 0:43,-1.4375,-1,-0.5625,-0.25,0.0625,0
1/26/2024 2:43,-1.4375,-1,-0.5625,-0.1875,0.0625,0
1/26/2024 4:43,-1.4375,-1,-0.5625,-0.25,0.0625,0
1/26/2024 6:43,-1.5,-1,-0.625,-0.25,0.0625,0
1/26/2024 8:43,-1.5,-1,-0.5625,-0.25,0.0625,0
1/26/2024 10:43,-1.5,-1,-0.5625,-0.25,0.0625,0
1/26/2024 12:43,-1.5,-1,-0.625,-0.25,0.0625,0
1/26/2024 14:43,-1.5,-1,-0.625,-0.25,0.0625,0
1/26/2024 16:43,-1.5,-1,-0.625,-0.25,0.0625,0
1/26/2024 18:43,-1.5625,-1.0625,-0.625,-0.25,0.0625,0
1/26/2024 20:43,-1.5625,-1.0625,-0.625,-0.25,0.0625,0
1/26/2024 22:43,-1.5625,-1.0625,-0.625,-0.25,0.0625,0
1/27/2024 0:43,-1.5625,-1.0625,-0.625,-0.25,0.0625,0
1/27/2024 2:43,-1.625,-1.0625,-0.625,-0.25,0.0625,0
1/27/2024 4:43,-1.625,-1.0625,-0.625,-0.25,0.0625,0
1/27/2024 6:43,-1.625,-1.0625,-0.625,-0.25,0.0625,0.0625
1/27/2024 8:43,-1.625,-1.125,-0.6875,-0.25,0.0625,0.0625
1/27/2024 10:43,-1.6875,-1.125,-0.6875,-0.25,0.0625,0
1/27/2024 12:43,-1.6875,-1.125,-0.625,-0.25,0.0625,0
1/27/2024 14:43,-1.6875,-1.125,-0.625,-0.25,0.0625,0.0625
1/27/2024 16:43,-1.6875,-1.1875,-0.6875,-0.25,0.0625,0
1/27/2024 18:43,-1.75,-1.125,-0.6875,-0.25,0.0625,0.0625
1/27/2024 20:43,-1.75,-1.1875,-0.6875,-0.25,0.0625,0
1/27/2024 22:43,-1.75,-1.1875,-0.6875,-0.25,0.0625,0
1/28/2024 0:43,-1.8125,-1.1875,-0.6875,-0.25,0.0625,0
1/28/2024 2:43,-1.8125,-1.1875,-0.6875,-0.3125,0.0625,0
1/28/2024 4:43,-1.8125,-1.1875,-0.6875,-0.25,0.0625,0.0625
1/28/2024 6:43,-1.8125,-1.25,-0.6875,-0.25,0.0625,0
1/28/2024 8:43,-1.875,-1.25,-0.75,-0.25,0.0625,0
1/28/2024 10:43,-1.875,-1.25,-0.75,-0.3125,0.0625,0
1/28/2024 12:43,-1.875,-1.25,-0.6875,-0.3125,0.0625,0
1/28/2024 14:43,-1.875,-1.25,-0.75,-0.3125,0.0625,0
1/28/2024 16:43,-1.875,-1.25,-0.75,-0.3125,0.0625,0
1/28/2024 18:43,-1.875,-1.3125,-0.75,-0.3125,0.0625,0
1/28/2024 20:43,-1.9375,-1.3125,-0.75,-0.3125,0.0625,0
1/28/2024 22:43,-1.9375,-1.3125,-0.75,-0.3125,0.0625,0
1/29/2024 0:43,-1.9375,-1.3125,-0.75,-0.3125,0.0625,0
1/29/2024 2:43,-1.9375,-1.375,-0.75,-0.3125,0.0625,0
1/29/2024 4:43,-2,-1.3125,-0.8125,-0.3125,0.0625,0
1/29/2024 6:43,-2,-1.375,-0.8125,-0.3125,0.0625,0
1/29/2024 8:43,-2,-1.375,-0.8125,-0.3125,0.0625,0
1/29/2024 10:43,-2,-1.375,-0.8125,-0.3125,0,0
1/29/2024 12:43,-2,-1.375,-0.8125,-0.3125,0.0625,0
1/29/2024 14:43,-2,-1.375,-0.8125,-0.3125,0.0625,0
1/29/2024 16:43,-2,-1.375,-0.8125,-0.3125,0.0625,0
1/29/2024 18:43,-2,-1.4375,-0.8125,-0.3125,0.0625,0
1/29/2024 20:43,-2,-1.375,-0.8125,-0.3125,0.0625,0
1/29/2024 22:43,-2.0625,-1.375,-0.875,-0.375,0.0625,0.0625
1/30/2024 0:43,-2,-1.4375,-0.8125,-0.375,0.0625,0
1/30/2024 2:43,-2,-1.375,-0.875,-0.3125,0,0
1/30/2024 4:43,-2,-1.4375,-0.875,-0.375,0.0625,0
1/30/2024 6:43,-2,-1.375,-0.875,-0.375,0.0625,0
1/30/2024 8:43,-2,-1.4375,-0.875,-0.375,0.0625,0
1/30/2024 10:43,-2,-1.4375,-0.875,-0.375,0.0625,0
1/30/2024 12:43,-2,-1.4375,-0.875,-0.375,0.0625,0
1/30/2024 14:43,-2,-1.4375,-0.875,-0.3125,0.0625,0
1/30/2024 16:43,-2,-1.375,-0.8125,-0.375,0.0625,0
1/30/2024 18:43,-1.9375,-1.375,-0.875,-0.375,0.0625,0
1/30/2024 20:43,-1.9375,-1.375,-0.875,-0.375,0.0625,0
1/30/2024 22:43,-1.9375,-1.375,-0.875,-0.375,0.0625,0
1/31/2024 0:43,-1.9375,-1.3125,-0.875,-0.375,0,0
1/31/2024 2:43,-1.9375,-1.375,-0.875,-0.375,0.0625,0
1/31/2024 4:43,-1.875,-1.375,-0.875,-0.375,0.0625,0
1/31/2024 6:43,-1.875,-1.3125,-0.875,-0.375,0.0625,0
1/31/2024 8:43,-1.875,-1.375,-0.875,-0.375,0.0625,0
1/31/2024 10:43,-1.875,-1.3125,-0.875,-0.375,0.0625,0
1/31/2024 12:43,-1.8125,-1.3125,-0.8125,-0.375,0.0625,0
1/31/2024 14:43,-1.8125,-1.3125,-0.875,-0.375,0.0625,0
1/31/2024 16:43,-1.8125,-1.3125,-0.8125,-0.375,0.0625,0.0625
1/31/2024 18:43,-1.8125,-1.3125,-0.8125,-0.375,0.0625,0
1/31/2024 20:43,-1.75,-1.3125,-0.8125,-0.375,0.0625,0
1/31/2024 22:43,-1.75,-1.25,-0.8125,-0.375,0.0625,0.0625
2/1/2024 0:43,-1.75,-1.25,-0.8125,-0.375,0.0625,0
2/1/2024 2:43,-1.75,-1.25,-0.8125,-0.375,0.0625,0
2/1/2024 4:43,-1.6875,-1.25,-0.8125,-0.375,0.0625,0
2/1/2024 6:43,-1.75,-1.25,-0.8125,-0.375,0.0625,0
2/1/2024 8:43,-1.6875,-1.25,-0.8125,-0.375,0.0625,0
2/1/2024 10:43,-1.6875,-1.25,-0.8125,-0.375,0.0625,0
2/1/2024 12:43,-1.6875,-1.25,-0.8125,-0.375,0.0625,0
2/1/2024 14:43,-1.6875,-1.1875,-0.8125,-0.375,0.0625,0.0625
2/1/2024 16:43,-1.6875,-1.1875,-0.8125,-0.375,0.0625,0
2/1/2024 18:43,-1.625,-1.1875,-0.8125,-0.375,0.0625,0
2/1/2024 20:43,-1.6875,-1.1875,-0.8125,-0.375,0.0625,0
2/1/2024 22:43,-1.625,-1.1875,-0.8125,-0.375,0.0625,0.0625
2/2/2024 0:43,-1.625,-1.1875,-0.8125,-0.375,0.0625,0
2/2/2024 2:43,-1.625,-1.1875,-0.75,-0.375,0.0625,0
2/2/2024 4:43,-1.625,-1.1875,-0.75,-0.375,0.0625,0
2/2/2024 6:43,-1.625,-1.1875,-0.8125,-0.375,0.0625,0
2/2/2024 8:43,-1.625,-1.125,-0.75,-0.375,0.0625,0
2/2/2024 10:43,-1.625,-1.1875,-0.75,-0.375,0.0625,0
2/2/2024 12:43,-1.625,-1.125,-0.75,-0.375,0.0625,0
2/2/2024 14:43,-1.5625,-1.125,-0.75,-0.375,0,0
2/2/2024 16:43,-1.5625,-1.125,-0.75,-0.375,0.0625,0
2/2/2024 18:43,-1.5625,-1.125,-0.75,-0.375,0.0625,0.0625
2/2/2024 20:43,-1.5625,-1.125,-0.75,-0.375,0.0625,0
2/2/2024 22:43,-1.5625,-1.125,-0.75,-0.375,0.0625,0
2/3/2024 0:43,-1.5625,-1.125,-0.75,-0.375,0.0625,0
2/3/2024 2:43,-1.5625,-1.125,-0.75,-0.375,0.0625,0
2/3/2024 4:43,-1.5625,-1.125,-0.75,-0.375,0.0625,0
2/3/2024 6:43,-1.5625,-1.125,-0.75,-0.375,0.0625,0
2/3/2024 8:43,-1.5625,-1.125,-0.75,-0.375,0.0625,0
2/3/2024 10:43,-1.5625,-1.125,-0.75,-0.375,0.0625,0
2/3/2024 12:43,-1.5625,-1.125,-0.75,-0.375,0.0625,0
2/3/2024 14:43,-1.5625,-1.125,-0.75,-0.375,0.0625,0
2/3/2024 16:43,-1.5625,-1.125,-0.75,-0.375,0.0625,0.0625
2/3/2024 18:43,-1.5625,-1.125,-0.75,-0.375,0.0625,0
2/3/2024 20:43,-1.5625,-1.125,-0.75,-0.375,0.0625,0
2/3/2024 22:43,-1.5625,-1.125,-0.75,-0.375,0.0625,0
2/4/2024 0:43,-1.5625,-1.125,-0.75,-0.375,0.0625,0
2/4/2024 2:43,-1.5625,-1.125,-0.75,-0.375,0,0
2/4/2024 4:43,-1.5625,-1.125,-0.75,-0.375,0.0625,0
2/4/2024 6:43,-1.5625,-1.125,-0.75,-0.375,0.0625,0
2/4/2024 8:43,-1.5625,-1.125,-0.75,-0.375,0.0625,0
2/4/2024 10:43,-1.5625,-1.125,-0.75,-0.375,0.0625,0.0625
2/4/2024 12:43,-1.5625,-1.125,-0.75,-0.375,0.0625,0
2/4/2024 14:43,-1.5625,-1.125,-0.75,-0.375,0.0625,0
2/4/2024 16:43,-1.5625,-1.125,-0.75,-0.375,0.0625,0
2/4/2024 18:43,-1.5625,-1.125,-0.75,-0.375,0.0625,0
2/4/2024 20:43,-1.625,-1.125,-0.75,-0.375,0.0625,0
2/4/2024 22:43,-1.5625,-1.125,-0.75,-0.375,0.0625,0
2/5/2024 0:43,-1.5625,-1.125,-0.75,-0.375,0.0625,0
2/5/2024 2:43,-1.5625,-1.125,-0.75,-0.375,0.0625,0
2/5/2024 4:43,-1.625,-1.125,-0.75,-0.375,0.0625,0
2/5/2024 6:43,-1.5625,-1.125,-0.75,-0.375,0.0625,0
2/5/2024 8:43,-1.5625,-1.1875,-0.75,-0.375,0.0625,0
2/5/2024 10:43,-1.5625,-1.125,-0.75,-0.375,0.0625,0.0625
2/5/2024 12:43,-1.5625,-1.125,-0.75,-0.375,0,0
2/5/2024 14:43,-1.5625,-1.125,-0.75,-0.375,0.0625,0
2/5/2024 16:43,-1.5625,-1.125,-0.75,-0.375,0.0625,0
2/5/2024 18:43,-1.5625,-1.125,-0.75,-0.375,0,0
2/5/2024 20:43,-1.5625,-1.125,-0.75,-0.375,0.0625,0
2/5/2024 22:43,-1.5625,-1.125,-0.75,-0.375,0.0625,0
2/6/2024 0:43,-1.5625,-1.125,-0.75,-0.375,0.0625,0
2/6/2024 2:43,-1.5625,-1.125,-0.75,-0.375,0.0625,0
2/6/2024 4:43,-1.5625,-1.125,-0.75,-0.375,0,0
2/6/2024 6:43,-1.5625,-1.125,-0.75,-0.4375,0.0625,0
2/6/2024 8:43,-1.5625,-1.125,-0.75,-0.375,0.0625,0
2/6/2024 10:43,-1.5625,-1.125,-0.75,-0.375,0.0625,0.0625
2/6/2024 12:43,-1.5625,-1.125,-0.75,-0.4375,0.0625,0
2/6/2024 14:43,-1.5,-1.125,-0.75,-0.375,0.0625,0
2/6/2024 16:43,-1.5,-1.125,-0.75,-0.375,0.0625,0
2/6/2024 18:43,-1.5,-1.125,-0.75,-0.4375,0.0625,0
2/6/2024 20:43,-1.5,-1.0625,-0.75,-0.375,0.0625,0
2/6/2024 22:43,-1.5,-1.125,-0.75,-0.375,0.0625,0
2/7/2024 0:43,-1.5,-1.0625,-0.75,-0.375,0.0625,0.0625
2/7/2024 2:43,-1.5,-1.0625,-0.75,-0.4375,0.0625,0
2/7/2024 4:43,-1.4375,-1.0625,-0.75,-0.375,0.0625,0
2/7/2024 6:43,-1.4375,-1.0625,-0.75,-0.375,0.0625,0
2/7/2024 8:43,-1.4375,-1.0625,-0.75,-0.375,0.0625,0
2/7/2024 10:43,-1.4375,-1.0625,-0.75,-0.375,0.0625,0
2/7/2024 12:43,-1.4375,-1.0625,-0.6875,-0.375,0.0625,0
2/7/2024 14:43,-1.4375,-1.0625,-0.75,-0.375,0.0625,0
2/7/2024 16:43,-1.4375,-1.0625,-0.75,-0.375,0.0625,0
2/7/2024 18:43,-1.4375,-1.0625,-0.6875,-0.4375,0.0625,0
2/7/2024 20:43,-1.375,-1,-0.6875,-0.375,0,0
2/7/2024 22:43,-1.375,-1,-0.6875,-0.375,0.0625,0
2/8/2024 0:43,-1.375,-1,-0.6875,-0.375,0.0625,0
2/8/2024 2:43,-1.375,-1,-0.6875,-0.375,0.0625,0
2/8/2024 4:43,-1.375,-1,-0.6875,-0.375,0.0625,0
2/8/2024 6:43,-1.3125,-1,-0.6875,-0.4375,0.0625,0
2/8/2024 8:43,-1.3125,-1,-0.6875,-0.375,0.0625,0
2/8/2024 10:43,-1.3125,-1,-0.6875,-0.375,0.0625,0
2/8/2024 12:43,-1.3125,-0.9375,-0.6875,-0.375,0,0
2/8/2024 14:43,-1.3125,-1,-0.6875,-0.375,0.0625,0
2/8/2024 16:43,-1.3125,-0.9375,-0.6875,-0.375,0.0625,0
2/8/2024 18:43,-1.3125,-0.9375,-0.6875,-0.375,0,0
2/8/2024 20:43,-1.3125,-0.9375,-0.6875,-0.375,0.0625,0
2/8/2024 22:43,-1.3125,-0.9375,-0.6875,-0.375,0.0625,0
2/9/2024 0:43,-1.3125,-0.9375,-0.6875,-0.375,0.0625,0
2/9/2024 2:43,-1.3125,-0.9375,-0.6875,-0.375,0,0
2/9/2024 4:43,-1.25,-0.9375,-0.6875,-0.375,0,0.0625
2/9/2024 6:43,-1.25,-0.9375,-0.6875,-0.375,0.0625,0
2/9/2024 8:43,-1.25,-0.875,-0.6875,-0.375,0.0625,0
2/9/2024 10:43,-1.25,-0.9375,-0.6875,-0.375,0.0625,0
2/9/2024 12:43,-1.25,-0.9375,-0.625,-0.375,0.0625,0
2/9/2024 14:43,-1.25,-0.9375,-0.625,-0.375,0.0625,0
2/9/2024 16:43,-1.25,-0.9375,-0.625,-0.375,0.0625,0
2/9/2024 18:43,-1.25,-0.875,-0.6875,-0.375,0.0625,0
2/9/2024 20:43,-1.25,-0.9375,-0.625,-0.375,0.0625,0
2/9/2024 22:43,-1.1875,-0.9375,-0.625,-0.375,0,0.0625
2/10/2024 0:43,-1.1875,-0.875,-0.625,-0.375,0.0625,0
2/10/2024 2:43,-1.1875,-0.875,-0.625,-0.375,0.0625,0
2/10/2024 4:43,-1.1875,-0.875,-0.625,-0.375,0.0625,0
2/10/2024 6:43,-1.1875,-0.875,-0.625,-0.375,0.0625,0
2/10/2024 8:43,-1.1875,-0.875,-0.625,-0.375,0.0625,0
2/10/2024 10:43,-1.1875,-0.875,-0.625,-0.375,0.0625,0
2/10/2024 12:43,-1.1875,-0.875,-0.625,-0.375,0,0
2/10/2024 14:43,-1.125,-0.875,-0.625,-0.375,0.0625,0
2/10/2024 16:43,-1.125,-0.875,-0.625,-0.375,0.0625,0
2/10/2024 18:43,-1.125,-0.8125,-0.625,-0.375,0.0625,0
2/10/2024 20:43,-1.125,-0.875,-0.625,-0.375,0.0625,0
2/10/2024 22:43,-1.125,-0.8125,-0.5625,-0.375,0.0625,0
2/11/2024 0:43,-1.125,-0.8125,-0.625,-0.375,0.0625,0
2/11/2024 2:43,-1.125,-0.8125,-0.625,-0.375,0,0
2/11/2024 4:43,-1.125,-0.8125,-0.625,-0.375,0.0625,0
2/11/2024 6:43,-1.125,-0.8125,-0.625,-0.375,0.0625,0
2/11/2024 8:43,-1.125,-0.8125,-0.5625,-0.3125,0.0625,0
2/11/2024 10:43,-1.125,-0.8125,-0.5625,-0.3125,0.0625,0
2/11/2024 12:43,-1.125,-0.8125,-0.5625,-0.375,0.0625,0
2/11/2024 14:43,-1.0625,-0.8125,-0.5625,-0.375,0.0625,0
2/11/2024 16:43,-1.0625,-0.8125,-0.625,-0.375,0,0
2/11/2024 18:43,-1.125,-0.8125,-0.5625,-0.3125,0.0625,0
2/11/2024 20:43,-1.125,-0.8125,-0.5625,-0.3125,0.0625,0
2/11/2024 22:43,-1.125,-0.8125,-0.5625,-0.375,0.0625,0
2/12/2024 0:43,-1.0625,-0.8125,-0.5625,-0.3125,0.0625,0
2/12/2024 2:43,-1.125,-0.8125,-0.5625,-0.375,0.0625,0
2/12/2024 4:43,-1.0625,-0.8125,-0.5625,-0.375,0.0625,0
2/12/2024 6:43,-1.0625,-0.8125,-0.5625,-0.375,0,0
2/12/2024 8:43,-1.0625,-0.8125,-0.5625,-0.375,0.0625,0
2/12/2024 10:43,-1.0625,-0.75,-0.5625,-0.3125,0,0
2/12/2024 12:43,-1.0625,-0.8125,-0.5625,-0.375,0,0
2/12/2024 14:43,-1.0625,-0.8125,-0.5625,-0.3125,0.0625,0
2/12/2024 16:43,-1.0625,-0.75,-0.5625,-0.3125,0,0
2/12/2024 18:43,-1.0625,-0.75,-0.5625,-0.375,0.0625,0
2/12/2024 20:43,-1.0625,-0.8125,-0.5625,-0.3125,0,0
2/12/2024 22:43,-1.0625,-0.75,-0.5625,-0.3125,0.0625,0
2/13/2024 0:43,-1.0625,-0.75,-0.5625,-0.3125,0.0625,0
2/13/2024 2:43,-1.0625,-0.75,-0.5625,-0.375,0,0
2/13/2024 4:43,-1.0625,-0.75,-0.5625,-0.3125,0.0625,0
2/13/2024 6:43,-1.0625,-0.75,-0.5625,-0.3125,0.0625,0
2/13/2024 8:43,-1.0625,-0.75,-0.5625,-0.375,0.0625,0
2/13/2024 10:43,-1.0625,-0.75,-0.5625,-0.375,0.0625,0
2/13/2024 12:43,-1.0625,-0.75,-0.5625,-0.3125,0.0625,0
2/13/2024 14:43,-1.0625,-0.75,-0.5625,-0.375,0.0625,0
2/13/2024 16:43,-1.0625,-0.75,-0.5625,-0.375,0,0
2/13/2024 18:43,-1.0625,-0.75,-0.5625,-0.3125,0,0
2/13/2024 20:43,-1.0625,-0.75,-0.5625,-0.3125,0,0
2/13/2024 22:43,-1.0625,-0.75,-0.5625,-0.375,0.0625,0
2/14/2024 0:43,-1.0625,-0.75,-0.5625,-0.3125,0,0
2/14/2024 2:43,-1.0625,-0.75,-0.5625,-0.375,0,0
2/14/2024 4:43,-1.0625,-0.75,-0.5625,-0.3125,0.0625,0
2/14/2024 6:43,-1.0625,-0.75,-0.5625,-0.3125,0,0
2/14/2024 8:43,-1,-0.75,-0.5,-0.3125,0.0625,0
2/14/2024 10:43,-1,-0.75,-0.5625,-0.3125,0,0
2/14/2024 12:43,-1,-0.75,-0.5625,-0.3125,0.0625,0
2/14/2024 14:43,-1,-0.75,-0.5625,-0.375,0,0
2/14/2024 16:43,-1,-0.75,-0.5625,-0.375,0.0625,0
2/14/2024 18:43,-1,-0.75,-0.5625,-0.3125,0,0
2/14/2024 20:43,-1,-0.75,-0.5625,-0.3125,0,0
2/14/2024 22:43,-1,-0.75,-0.5,-0.375,0.0625,0
2/15/2024 0:43,-0.9375,-0.6875,-0.5,-0.3125,0.0625,0
2/15/2024 2:43,-0.9375,-0.6875,-0.5625,-0.3125,0,0
2/15/2024 4:43,-0.9375,-0.6875,-0.5,-0.3125,0.0625,0
2/15/2024 6:43,-0.875,-0.6875,-0.5625,-0.3125,0.0625,0
2/15/2024 8:43,-0.9375,-0.6875,-0.5,-0.3125,0,0
2/15/2024 10:43,-0.875,-0.6875,-0.5,-0.375,0.0625,0
2/15/2024 12:43,-0.875,-0.6875,-0.5,-0.375,0.0625,0
2/15/2024 14:43,-0.875,-0.6875,-0.5,-0.3125,0.0625,0
2/15/2024 16:43,-0.875,-0.6875,-0.5,-0.3125,0,0
2/15/2024 18:43,-0.875,-0.6875,-0.5,-0.3125,0,0
2/15/2024 20:43,-0.875,-0.625,-0.5,-0.3125,0.0625,0
2/15/2024 22:43,-0.875,-0.6875,-0.5,-0.3125,0,0
2/16/2024 0:43,-0.875,-0.625,-0.5,-0.3125,0.0625,0
2/16/2024 2:43,-0.875,-0.625,-0.5,-0.3125,0.0625,0
2/16/2024 4:43,-0.875,-0.625,-0.5,-0.3125,0,0
2/16/2024 6:43,-0.8125,-0.625,-0.5,-0.3125,0,0
2/16/2024 8:43,-0.8125,-0.625,-0.4375,-0.3125,0.0625,0
2/16/2024 10:43,-0.875,-0.625,-0.4375,-0.3125,0.0625,0
2/16/2024 12:43,-0.8125,-0.625,-0.5,-0.3125,0,0
2/16/2024 14:43,-0.8125,-0.625,-0.4375,-0.3125,0,0
2/16/2024 16:43,-0.8125,-0.625,-0.5,-0.3125,0,0
2/16/2024 18:43,-0.8125,-0.625,-0.4375,-0.3125,0,0
2/16/2024 20:43,-0.8125,-0.625,-0.4375,-0.3125,0.0625,0
2/16/2024 22:43,-0.8125,-0.625,-0.4375,-0.3125,0.0625,0
2/17/2024 0:43,-0.8125,-0.625,-0.4375,-0.3125,0.0625,0
2/17/2024 2:43,-0.8125,-0.625,-0.4375,-0.3125,0.0625,0.0625
2/17/2024 4:43,-0.8125,-0.625,-0.4375,-0.3125,0,0
2/17/2024 6:43,-0.8125,-0.625,-0.4375,-0.3125,0.0625,0
2/17/2024 8:43,-0.8125,-0.625,-0.4375,-0.3125,0.0625,0
2/17/2024 10:43,-0.8125,-0.625,-0.4375,-0.3125,0,0.0625
2/17/2024 12:43,-0.8125,-0.625,-0.4375,-0.3125,0,0.0625
2/17/2024 14:43,-0.875,-0.625,-0.4375,-0.3125,0,0
2/17/2024 16:43,-0.875,-0.625,-0.4375,-0.3125,0.0625,0
2/17/2024 18:43,-0.875,-0.625,-0.4375,-0.3125,0,0
2/17/2024 20:43,-0.875,-0.625,-0.4375,-0.3125,0,0
2/17/2024 22:43,-0.875,-0.625,-0.5,-0.3125,0,0
2/18/2024 0:43,-0.9375,-0.625,-0.5,-0.3125,0,0
2/18/2024 2:43,-0.9375,-0.6875,-0.4375,-0.3125,0.0625,0
2/18/2024 4:43,-0.9375,-0.625,-0.4375,-0.3125,0,0
2/18/2024 6:43,-0.9375,-0.625,-0.4375,-0.3125,0,0
2/18/2024 8:43,-0.9375,-0.6875,-0.5,-0.3125,0.0625,0
2/18/2024 10:43,-0.9375,-0.6875,-0.4375,-0.3125,0,0
2/18/2024 12:43,-1,-0.6875,-0.5,-0.3125,0,0
2/18/2024 14:43,-1,-0.6875,-0.5,-0.3125,0,0
2/18/2024 16:43,-1,-0.6875,-0.5,-0.3125,0.0625,0
2/18/2024 18:43,-1,-0.6875,-0.5,-0.3125,0.0625,0
2/18/2024 20:43,-1,-0.6875,-0.5,-0.3125,0,0
2/18/2024 22:43,-1,-0.6875,-0.5,-0.3125,0,0
2/19/2024 0:43,-1,-0.75,-0.5,-0.3125,0.0625,0
2/19/2024 2:43,-1.0625,-0.6875,-0.5,-0.3125,0.0625,0
2/19/2024 4:43,-1.0625,-0.6875,-0.5,-0.3125,0.0625,0
2/19/2024 6:43,-1.0625,-0.75,-0.5,-0.3125,0.0625,0
2/19/2024 8:43,-1.0625,-0.75,-0.5,-0.375,0.0625,0
2/19/2024 10:43,-1.0625,-0.75,-0.5,-0.3125,0.0625,0
2/19/2024 12:43,-1.0625,-0.75,-0.5,-0.3125,0,0
2/19/2024 14:43,-1.125,-0.75,-0.5625,-0.375,0.0625,0
2/19/2024 16:43,-1.125,-0.75,-0.5,-0.3125,0,0
2/19/2024 18:43,-1.125,-0.75,-0.5625,-0.3125,0.0625,0
2/19/2024 20:43,-1.125,-0.8125,-0.5625,-0.3125,0,0
2/19/2024 22:43,-1.125,-0.8125,-0.5625,-0.375,0.0625,0
2/20/2024 0:43,-1.125,-0.8125,-0.5625,-0.375,0,0
2/20/2024 2:43,-1.125,-0.8125,-0.5625,-0.3125,0,0
2/20/2024 4:43,-1.125,-0.8125,-0.5625,-0.375,0,0
2/20/2024 6:43,-1.125,-0.8125,-0.5625,-0.3125,0,0
2/20/2024 8:43,-1.125,-0.8125,-0.5625,-0.375,0.0625,0
2/20/2024 10:43,-1.1875,-0.8125,-0.5625,-0.375,0.0625,0
2/20/2024 12:43,-1.1875,-0.8125,-0.5625,-0.375,0,0
2/20/2024 14:43,-1.1875,-0.8125,-0.5625,-0.3125,0,0
2/20/2024 16:43,-1.1875,-0.875,-0.5625,-0.375,0.0625,0
2/20/2024 18:43,-1.1875,-0.8125,-0.5625,-0.375,0,0
2/20/2024 20:43,-1.1875,-0.875,-0.5625,-0.375,0.0625,0
2/20/2024 22:43,-1.1875,-0.8125,-0.5625,-0.3125,0.0625,0
2/21/2024 0:43,-1.1875,-0.875,-0.625,-0.375,0,0
2/21/2024 2:43,-1.1875,-0.875,-0.625,-0.375,0,0
2/21/2024 4:43,-1.1875,-0.875,-0.625,-0.375,0.0625,0
2/21/2024 6:43,-1.1875,-0.875,-0.625,-0.375,0,0
2/21/2024 8:43,-1.1875,-0.875,-0.625,-0.375,0,0
2/21/2024 10:43,-1.1875,-0.8125,-0.625,-0.375,0,0
2/21/2024 12:43,-1.1875,-0.875,-0.625,-0.375,0,0
2/21/2024 14:43,-1.1875,-0.8125,-0.625,-0.375,0,0
2/21/2024 16:43,-1.1875,-0.8125,-0.625,-0.375,0.0625,0
2/21/2024 18:43,-1.125,-0.8125,-0.625,-0.375,0,0
2/21/2024 20:43,-1.125,-0.8125,-0.625,-0.375,0,0
2/21/2024 22:43,-1.125,-0.8125,-0.625,-0.375,0,0
2/22/2024 0:43,-1.125,-0.8125,-0.625,-0.375,0,0
2/22/2024 2:43,-1.125,-0.875,-0.625,-0.375,0,0
2/22/2024 4:43,-1.125,-0.8125,-0.625,-0.375,0,0
2/22/2024 6:43,-1.125,-0.8125,-0.5625,-0.375,0,0
2/22/2024 8:43,-1.0625,-0.8125,-0.5625,-0.375,0,0
2/22/2024 10:43,-1.0625,-0.8125,-0.5625,-0.375,0,0
2/22/2024 12:43,-1.0625,-0.8125,-0.5625,-0.375,0,0
2/22/2024 14:43,-1.0625,-0.8125,-0.5625,-0.375,0,0
2/22/2024 16:43,-1.0625,-0.8125,-0.625,-0.375,0,0
2/22/2024 18:43,-1.0625,-0.75,-0.5625,-0.375,0,0
2/22/2024 20:43,-1.0625,-0.8125,-0.5625,-0.375,0,0
2/22/2024 22:43,-1.0625,-0.8125,-0.5625,-0.375,0,0
2/23/2024 0:43,-1.0625,-0.8125,-0.5625,-0.375,0,0
2/23/2024 2:43,-1.0625,-0.8125,-0.5625,-0.375,0,0
2/23/2024 4:43,-1.0625,-0.75,-0.5625,-0.375,0,0
2/23/2024 6:43,-1.0625,-0.8125,-0.5625,-0.375,0,0
2/23/2024 8:43,-1.0625,-0.75,-0.5625,-0.375,0,0
2/23/2024 10:43,-1.0625,-0.8125,-0.5625,-0.375,0,0
2/23/2024 12:43,-1.0625,-0.8125,-0.5625,-0.375,0,0
2/23/2024 14:43,-1.0625,-0.8125,-0.5625,-0.375,0,0
2/23/2024 16:43,-1.0625,-0.8125,-0.5625,-0.375,0,0
2/23/2024 18:43,-1.125,-0.8125,-0.5625,-0.375,0,0
2/23/2024 20:43,-1.125,-0.8125,-0.5625,-0.375,0,0
2/23/2024 22:43,-1.125,-0.8125,-0.5625,-0.375,0,0
2/24/2024 0:43,-1.125,-0.8125,-0.5625,-0.375,0,0
2/24/2024 2:43,-1.125,-0.8125,-0.5625,-0.375,0,0
2/24/2024 4:43,-1.125,-0.8125,-0.625,-0.375,0,0.0625
2/24/2024 6:43,-1.125,-0.8125,-0.625,-0.375,0,0
2/24/2024 8:43,-1.125,-0.8125,-0.625,-0.375,0,0
2/24/2024 10:43,-1.1875,-0.8125,-0.625,-0.375,0,0
2/24/2024 12:43,-1.1875,-0.875,-0.625,-0.375,0,0
2/24/2024 14:43,-1.1875,-0.8125,-0.625,-0.375,0,0
2/24/2024 16:43,-1.1875,-0.8125,-0.5625,-0.375,0.0625,0
2/24/2024 18:43,-1.1875,-0.875,-0.625,-0.375,0,0
2/24/2024 20:43,-1.1875,-0.875,-0.625,-0.375,0,0
2/24/2024 22:43,-1.1875,-0.875,-0.625,-0.375,0,0
2/25/2024 0:43,-1.1875,-0.875,-0.625,-0.375,0,0
2/25/2024 2:43,-1.1875,-0.875,-0.625,-0.375,0,0
2/25/2024 4:43,-1.1875,-0.875,-0.625,-0.375,0,0
2/25/2024 6:43,-1.1875,-0.875,-0.625,-0.375,0.0625,0
2/25/2024 8:43,-1.1875,-0.875,-0.625,-0.375,0,0
2/25/2024 10:43,-1.1875,-0.875,-0.625,-0.375,0,0
2/25/2024 12:43,-1.1875,-0.875,-0.625,-0.375,0,0
2/25/2024 14:43,-1.1875,-0.875,-0.625,-0.375,0,0
2/25/2024 16:43,-1.25,-0.875,-0.625,-0.375,0,0
2/25/2024 18:43,-1.25,-0.875,-0.625,-0.4375,0.0625,0
2/25/2024 20:43,-1.25,-0.875,-0.625,-0.375,0.0625,0
2/25/2024 22:43,-1.25,-0.875,-0.625,-0.375,0,0
2/26/2024 0:43,-1.25,-0.875,-0.625,-0.4375,0,0
2/26/2024 2:43,-1.25,-0.9375,-0.625,-0.375,0,0
2/26/2024 4:43,-1.25,-0.9375,-0.625,-0.375,0,0
2/26/2024 6:43,-1.25,-0.875,-0.625,-0.4375,0,0
2/26/2024 8:43,-1.3125,-0.9375,-0.6875,-0.4375,0,0
2/26/2024 10:43,-1.3125,-0.9375,-0.625,-0.4375,0,0
2/26/2024 12:43,-1.3125,-0.9375,-0.6875,-0.375,0,0
2/26/2024 14:43,-1.3125,-0.9375,-0.6875,-0.4375,0,0
2/26/2024 16:43,-1.3125,-0.9375,-0.6875,-0.4375,0,0
2/26/2024 18:43,-1.3125,-0.9375,-0.6875,-0.4375,0,0
2/26/2024 20:43,-1.375,-1,-0.6875,-0.4375,0,0
2/26/2024 22:43,-1.375,-1,-0.6875,-0.375,0,0
2/27/2024 0:43,-1.375,-0.9375,-0.6875,-0.4375,0,0
2/27/2024 2:43,-1.375,-1,-0.6875,-0.4375,0,0
2/27/2024 4:43,-1.375,-1,-0.6875,-0.4375,0,0
2/27/2024 6:43,-1.375,-1,-0.6875,-0.4375,0,0
2/27/2024 8:43,-1.375,-1,-0.6875,-0.4375,0,0
2/27/2024 10:43,-1.375,-1,-0.6875,-0.4375,0,0
2/27/2024 12:43,-1.375,-1,-0.6875,-0.4375,0,0
2/27/2024 14:43,-1.375,-1,-0.6875,-0.4375,0,0
2/27/2024 16:43,-1.4375,-1,-0.75,-0.4375,0,0
2/27/2024 18:43,-1.4375,-1,-0.6875,-0.4375,0,0
2/27/2024 20:43,-1.4375,-1,-0.6875,-0.4375,0,0
2/27/2024 22:43,-1.4375,-1.0625,-0.75,-0.4375,0,0
2/28/2024 0:43,-1.4375,-1,-0.75,-0.4375,0,0
2/28/2024 2:43,-1.4375,-1.0625,-0.75,-0.4375,0,0
2/28/2024 4:43,-1.4375,-1.0625,-0.6875,-0.4375,0,0
2/28/2024 6:43,-1.4375,-1.0625,-0.75,-0.4375,0,0
2/28/2024 8:43,-1.5,-1.0625,-0.75,-0.4375,0,0
2/28/2024 10:43,-1.5,-1.0625,-0.75,-0.4375,0,0
2/28/2024 12:43,-1.5,-1.0625,-0.75,-0.4375,0,0
2/28/2024 14:43,-1.5,-1.0625,-0.75,-0.4375,0,0
2/28/2024 16:43,-1.5,-1.0625,-0.75,-0.4375,0,0
2/28/2024 18:43,-1.5,-1.125,-0.75,-0.4375,0,0
2/28/2024 20:43,-1.5,-1.0625,-0.75,-0.5,0,0
2/28/2024 22:43,-1.5625,-1.125,-0.75,-0.4375,0,0
2/29/2024 0:43,-1.5625,-1.125,-0.8125,-0.4375,0,0
2/29/2024 2:43,-1.5625,-1.125,-0.75,-0.4375,0,0
2/29/2024 4:43,-1.5625,-1.125,-0.8125,-0.5,0,0
2/29/2024 6:43,-1.5625,-1.125,-0.8125,-0.4375,0,0
2/29/2024 8:43,-1.5625,-1.1875,-0.8125,-0.4375,0,0
2/29/2024 10:43,-1.625,-1.125,-0.8125,-0.5,0,0
2/29/2024 12:43,-1.625,-1.1875,-0.8125,-0.5,0,0
2/29/2024 14:43,-1.625,-1.1875,-0.8125,-0.5,0,0
2/29/2024 16:43,-1.625,-1.1875,-0.8125,-0.5,0,0
2/29/2024 18:43,-1.6875,-1.1875,-0.8125,-0.5,0,0
2/29/2024 20:43,-1.6875,-1.1875,-0.8125,-0.5,0,0
2/29/2024 22:43,-1.6875,-1.25,-0.8125,-0.5,0,0
3/1/2024 0:43,-1.6875,-1.1875,-0.8125,-0.5,0,0
3/1/2024 2:43,-1.75,-1.25,-0.875,-0.5,0,0
3/1/2024 4:43,-1.75,-1.25,-0.875,-0.5,0,0
3/1/2024 6:43,-1.75,-1.25,-0.875,-0.5,0,0
3/1/2024 8:43,-1.8125,-1.25,-0.875,-0.5,0,0
3/1/2024 10:43,-1.75,-1.25,-0.875,-0.5,0,0
3/1/2024 12:43,-1.8125,-1.3125,-0.875,-0.5,0,0
3/1/2024 14:43,-1.8125,-1.3125,-0.875,-0.5,-0.0625,0
3/1/2024 16:43,-1.8125,-1.3125,-0.875,-0.5,-0.0625,0
3/1/2024 18:43,-1.875,-1.3125,-0.9375,-0.5625,0,0
3/1/2024 20:43,-1.875,-1.3125,-0.9375,-0.5625,0,0
3/1/2024 22:43,-1.875,-1.3125,-0.9375,-0.5625,0,0
3/2/2024 0:43,-1.875,-1.375,-0.9375,-0.5625,0,0
3/2/2024 2:43,-1.875,-1.375,-0.9375,-0.5625,0,0
3/2/2024 4:43,-1.875,-1.375,-0.9375,-0.5625,0,0
3/2/2024 6:43,-1.9375,-1.375,-0.9375,-0.5625,0,0
3/2/2024 8:43,-1.9375,-1.4375,-0.9375,-0.5625,0,0
3/2/2024 10:43,-1.9375,-1.4375,-1,-0.5625,0,0
3/2/2024 12:43,-1.9375,-1.4375,-0.9375,-0.5625,0,0
3/2/2024 14:43,-1.9375,-1.375,-1,-0.5625,0,0
3/2/2024 16:43,-1.9375,-1.4375,-1,-0.5625,-0.0625,0
3/2/2024 18:43,-1.9375,-1.4375,-1,-0.625,-0.0625,0
3/2/2024 20:43,-1.9375,-1.4375,-1,-0.5625,-0.0625,0
3/2/2024 22:43,-2,-1.4375,-1,-0.5625,-0.0625,0
3/3/2024 0:43,-2,-1.4375,-1,-0.5625,-0.0625,0
3/3/2024 2:43,-2,-1.4375,-1,-0.625,-0.0625,0
3/3/2024 4:43,-1.9375,-1.4375,-1,-0.625,-0.0625,0
3/3/2024 6:43,-1.9375,-1.4375,-1,-0.625,-0.0625,0
3/3/2024 8:43,-1.9375,-1.4375,-1.0625,-0.625,-0.0625,0
3/3/2024 10:43,-1.9375,-1.4375,-1.0625,-0.625,-0.0625,0
3/3/2024 12:43,-1.9375,-1.4375,-1.0625,-0.625,-0.0625,0
3/3/2024 14:43,-1.9375,-1.5,-1.0625,-0.625,-0.0625,0
3/3/2024 16:43,-1.9375,-1.4375,-1.0625,-0.625,0,0
3/3/2024 18:43,-1.9375,-1.4375,-1,-0.625,-0.0625,0
3/3/2024 20:43,-1.9375,-1.4375,-1,-0.625,-0.0625,0
3/3/2024 22:43,-1.9375,-1.4375,-1.0625,-0.625,-0.0625,0
3/4/2024 0:43,-1.9375,-1.4375,-1,-0.625,-0.0625,0
3/4/2024 2:43,-1.9375,-1.4375,-1.0625,-0.625,-0.0625,0
3/4/2024 4:43,-1.9375,-1.4375,-1.0625,-0.625,-0.0625,0
3/4/2024 6:43,-1.9375,-1.4375,-1.0625,-0.625,-0.0625,0
3/4/2024 8:43,-1.875,-1.4375,-1.0625,-0.625,-0.0625,0
3/4/2024 10:43,-1.875,-1.4375,-1.0625,-0.625,-0.0625,0
3/4/2024 12:43,-1.875,-1.4375,-1.0625,-0.625,-0.0625,0
3/4/2024 14:43,-1.875,-1.4375,-1.0625,-0.625,-0.0625,0
3/4/2024 16:43,-1.8125,-1.4375,-1,-0.625,-0.0625,0
3/4/2024 18:43,-1.8125,-1.375,-1,-0.625,-0.0625,0
3/4/2024 20:43,-1.8125,-1.375,-1.0625,-0.6875,-0.0625,0
3/4/2024 22:43,-1.8125,-1.375,-1,-0.625,-0.0625,0
3/5/2024 0:43,-1.75,-1.375,-1,-0.625,-0.125,0
3/5/2024 2:43,-1.75,-1.375,-1,-0.625,-0.0625,0
3/5/2024 4:43,-1.75,-1.375,-1,-0.6875,-0.0625,0
3/5/2024 6:43,-1.75,-1.3125,-1,-0.625,-0.0625,0
3/5/2024 8:43,-1.6875,-1.375,-1,-0.625,-0.0625,0
3/5/2024 10:43,-1.6875,-1.3125,-1,-0.625,-0.0625,0
3/5/2024 12:43,-1.6875,-1.3125,-1,-0.625,-0.0625,0
3/5/2024 14:43,-1.6875,-1.3125,-1,-0.625,-0.0625,0
3/5/2024 16:43,-1.625,-1.3125,-0.9375,-0.625,-0.125,0
3/5/2024 18:43,-1.625,-1.3125,-0.9375,-0.625,-0.0625,0
3/5/2024 20:43,-1.625,-1.3125,-0.9375,-0.625,-0.0625,0
3/5/2024 22:43,-1.625,-1.25,-1,-0.625,-0.0625,0
3/6/2024 0:43,-1.625,-1.25,-0.9375,-0.625,-0.0625,0
3/6/2024 2:43,-1.625,-1.25,-0.9375,-0.625,-0.0625,0
3/6/2024 4:43,-1.625,-1.25,-1,-0.625,-0.0625,0
3/6/2024 6:43,-1.625,-1.25,-0.9375,-0.625,-0.0625,0
3/6/2024 8:43,-1.5625,-1.25,-0.9375,-0.625,-0.0625,0
3/6/2024 10:43,-1.5625,-1.25,-0.9375,-0.625,-0.125,0
3/6/2024 12:43,-1.5625,-1.25,-0.875,-0.625,-0.0625,0
3/6/2024 14:43,-1.5625,-1.1875,-0.9375,-0.625,-0.0625,0
3/6/2024 16:43,-1.5625,-1.1875,-0.9375,-0.625,-0.0625,0
3/6/2024 18:43,-1.5625,-1.1875,-0.9375,-0.625,-0.125,0
3/6/2024 20:43,-1.5625,-1.1875,-0.9375,-0.625,-0.125,0
3/6/2024 22:43,-1.5625,-1.1875,-0.875,-0.625,-0.0625,0
3/7/2024 0:43,-1.5625,-1.1875,-0.875,-0.625,-0.0625,0
3/7/2024 2:43,-1.5625,-1.1875,-0.9375,-0.625,-0.0625,0
3/7/2024 4:43,-1.5625,-1.1875,-0.9375,-0.625,-0.0625,0
3/7/2024 6:43,-1.5625,-1.1875,-0.9375,-0.625,-0.125,0
3/7/2024 8:43,-1.5625,-1.1875,-0.875,-0.625,-0.0625,0
3/7/2024 10:43,-1.5625,-1.1875,-0.9375,-0.625,-0.125,0
3/7/2024 12:43,-1.5625,-1.1875,-0.9375,-0.625,-0.0625,0
3/7/2024 14:43,-1.5625,-1.1875,-0.9375,-0.625,-0.125,0
3/7/2024 16:43,-1.5625,-1.1875,-0.875,-0.625,-0.0625,0
3/7/2024 18:43,-1.5625,-1.1875,-0.875,-0.625,-0.0625,0
3/7/2024 20:43,-1.5,-1.1875,-0.875,-0.625,-0.0625,0
3/7/2024 22:43,-1.5625,-1.1875,-0.875,-0.625,-0.0625,0
3/8/2024 0:43,-1.5625,-1.1875,-0.9375,-0.625,-0.0625,0
3/8/2024 2:43,-1.5,-1.1875,-0.9375,-0.625,-0.125,0
3/8/2024 4:43,-1.5625,-1.1875,-0.875,-0.625,-0.125,0
3/8/2024 6:43,-1.5625,-1.1875,-0.875,-0.625,-0.0625,0
3/8/2024 8:43,-1.5625,-1.1875,-0.875,-0.625,-0.125,0
3/8/2024 10:43,-1.5625,-1.1875,-0.875,-0.625,-0.0625,0
3/8/2024 12:43,-1.5625,-1.1875,-0.9375,-0.625,-0.125,0
3/8/2024 14:43,-1.5,-1.1875,-0.875,-0.625,-0.0625,0
3/8/2024 16:43,-1.5625,-1.1875,-0.875,-0.625,-0.0625,0
3/8/2024 18:43,-1.5625,-1.1875,-0.9375,-0.625,-0.125,0
3/8/2024 20:43,-1.5625,-1.1875,-0.875,-0.625,-0.0625,0
3/8/2024 22:43,-1.625,-1.1875,-0.9375,-0.625,-0.125,0
3/9/2024 0:43,-1.625,-1.1875,-0.9375,-0.625,-0.125,0
3/9/2024 2:43,-1.625,-1.25,-0.9375,-0.625,-0.125,0
3/9/2024 4:43,-1.625,-1.25,-0.9375,-0.625,-0.125,0
3/9/2024 6:43,-1.6875,-1.25,-0.9375,-0.625,-0.125,0
3/9/2024 8:43,-1.6875,-1.25,-0.9375,-0.625,-0.125,0
3/9/2024 10:43,-1.6875,-1.25,-0.9375,-0.625,-0.125,0
3/9/2024 12:43,-1.6875,-1.3125,-0.9375,-0.625,-0.125,0
3/9/2024 14:43,-1.6875,-1.25,-0.9375,-0.625,-0.125,0
3/9/2024 16:43,-1.6875,-1.3125,-0.9375,-0.625,-0.125,0
3/9/2024 18:43,-1.75,-1.3125,-0.9375,-0.625,-0.125,0
3/9/2024 20:43,-1.75,-1.3125,-0.9375,-0.625,-0.125,0
3/9/2024 22:43,-1.75,-1.3125,-0.9375,-0.625,-0.125,0
3/10/2024 0:43,-1.8125,-1.375,-0.9375,-0.625,-0.125,0
3/10/2024 2:43,-1.8125,-1.375,-1,-0.625,-0.125,0
3/10/2024 4:43,-1.8125,-1.375,-1,-0.6875,-0.125,0
3/10/2024 6:43,-1.8125,-1.375,-1,-0.6875,-0.125,0
3/10/2024 8:43,-1.8125,-1.375,-1,-0.625,-0.125,0
3/10/2024 10:43,-1.875,-1.375,-1.0625,-0.625,-0.125,0
3/10/2024 12:43,-1.875,-1.375,-1.0625,-0.6875,-0.125,0
3/10/2024 14:43,-1.875,-1.4375,-1.0625,-0.6875,-0.125,0
3/10/2024 16:43,-1.9375,-1.4375,-1.0625,-0.6875,-0.125,0
3/10/2024 18:43,-1.9375,-1.4375,-1.0625,-0.6875,-0.125,0
3/10/2024 20:43,-1.9375,-1.4375,-1.0625,-0.6875,-0.125,0
3/10/2024 22:43,-2,-1.4375,-1.0625,-0.6875,-0.125,0
3/11/2024 0:43,-2,-1.5,-1.0625,-0.6875,-0.125,0
3/11/2024 2:43,-2,-1.5,-1.0625,-0.6875,-0.125,0
3/11/2024 4:43,-2,-1.5,-1.0625,-0.75,-0.125,0
3/11/2024 6:43,-2.0625,-1.5625,-1.125,-0.75,-0.125,0
3/11/2024 8:43,-2.0625,-1.5,-1.125,-0.75,-0.125,0
3/11/2024 10:43,-2.0625,-1.5625,-1.125,-0.75,-0.125,0
3/11/2024 12:43,-2.125,-1.5625,-1.125,-0.75,-0.125,0
3/11/2024 14:43,-2.125,-1.5625,-1.125,-0.75,-0.125,0
3/11/2024 16:43,-2.125,-1.5625,-1.125,-0.75,-0.125,0
3/11/2024 18:43,-2.125,-1.5625,-1.125,-0.75,-0.1875,0
3/11/2024 20:43,-2.1875,-1.625,-1.1875,-0.75,-0.125,0
3/11/2024 22:43,-2.1875,-1.625,-1.1875,-0.75,-0.1875,0
3/12/2024 0:43,-2.1875,-1.625,-1.125,-0.75,-0.125,0
3/12/2024 2:43,-2.1875,-1.625,-1.1875,-0.8125,-0.125,0
3/12/2024 4:43,-2.1875,-1.6875,-1.1875,-0.75,-0.1875,0
3/12/2024 6:43,-2.25,-1.625,-1.1875,-0.75,-0.125,0
3/12/2024 8:43,-2.25,-1.6875,-1.1875,-0.8125,-0.125,0
3/12/2024 10:43,-2.25,-1.6875,-1.25,-0.8125,-0.1875,-0.0625
3/12/2024 12:43,-2.25,-1.6875,-1.1875,-0.8125,-0.1875,0
3/12/2024 14:43,-2.25,-1.6875,-1.25,-0.75,-0.1875,0
3/12/2024 16:43,-2.25,-1.6875,-1.25,-0.8125,-0.1875,0
3/12/2024 18:43,-2.25,-1.6875,-1.25,-0.8125,-0.1875,0
3/12/2024 20:43,-2.25,-1.6875,-1.25,-0.8125,-0.1875,0
3/12/2024 22:43,-2.3125,-1.75,-1.25,-0.8125,-0.1875,0
3/13/2024 0:43,-2.3125,-1.75,-1.25,-0.875,-0.1875,0
3/13/2024 2:43,-2.3125,-1.75,-1.25,-0.8125,-0.1875,0
3/13/2024 4:43,-2.3125,-1.75,-1.3125,-0.875,-0.1875,0
3/13/2024 6:43,-2.3125,-1.75,-1.3125,-0.8125,-0.1875,0
3/13/2024 8:43,-2.3125,-1.75,-1.3125,-0.875,-0.1875,0
3/13/2024 10:43,-2.3125,-1.75,-1.3125,-0.875,-0.1875,0
3/13/2024 12:43,-2.3125,-1.75,-1.3125,-0.875,-0.1875,0
3/13/2024 14:43,-2.3125,-1.75,-1.3125,-0.875,-0.1875,0
3/13/2024 16:43,-2.3125,-1.75,-1.3125,-0.875,-0.1875,-0.0625
3/13/2024 18:43,-2.3125,-1.75,-1.3125,-0.875,-0.1875,0
3/13/2024 20:43,-2.3125,-1.8125,-1.3125,-0.875,-0.1875,0
3/13/2024 22:43,-2.3125,-1.8125,-1.3125,-0.875,-0.1875,0
3/14/2024 0:43,-2.3125,-1.8125,-1.3125,-0.875,-0.1875,0
3/14/2024 2:43,-2.3125,-1.75,-1.3125,-0.9375,-0.25,0
3/14/2024 4:43,-2.3125,-1.8125,-1.375,-0.875,-0.25,0
3/14/2024 6:43,-2.3125,-1.8125,-1.375,-0.875,-0.25,0
3/14/2024 8:43,-2.25,-1.8125,-1.3125,-0.9375,-0.25,0
3/14/2024 10:43,-2.3125,-1.8125,-1.375,-0.9375,-0.25,0
3/14/2024 12:43,-2.3125,-1.75,-1.375,-0.875,-0.25,0
3/14/2024 14:43,-2.25,-1.8125,-1.375,-0.9375,-0.25,0
3/14/2024 16:43,-2.25,-1.8125,-1.3125,-0.9375,-0.25,0
3/14/2024 18:43,-2.25,-1.8125,-1.3125,-0.9375,-0.25,0
3/14/2024 20:43,-2.25,-1.75,-1.375,-0.9375,-0.25,0
3/14/2024 22:43,-2.25,-1.8125,-1.375,-0.9375,-0.25,0
3/15/2024 0:43,-2.25,-1.75,-1.375,-0.9375,-0.25,0
3/15/2024 2:43,-2.25,-1.8125,-1.375,-0.9375,-0.25,0
3/15/2024 4:43,-2.25,-1.75,-1.3125,-0.9375,-0.25,0
3/15/2024 6:43,-2.25,-1.75,-1.375,-0.9375,-0.25,0
3/15/2024 8:43,-2.25,-1.75,-1.375,-0.9375,-0.25,0
3/15/2024 10:43,-2.25,-1.75,-1.3125,-0.9375,-0.25,0
3/15/2024 12:43,-2.25,-1.75,-1.375,-0.9375,-0.25,0
3/15/2024 14:43,-2.25,-1.8125,-1.375,-0.9375,-0.25,-0.0625
3/15/2024 16:43,-2.25,-1.8125,-1.375,-0.9375,-0.25,0
3/15/2024 18:43,-2.25,-1.75,-1.375,-0.9375,-0.25,0
3/15/2024 20:43,-2.25,-1.75,-1.375,-0.9375,-0.25,0
3/15/2024 22:43,-2.3125,-1.8125,-1.375,-0.9375,-0.25,0
3/16/2024 0:43,-2.25,-1.8125,-1.375,-0.9375,-0.25,0
3/16/2024 2:43,-2.3125,-1.8125,-1.375,-0.9375,-0.25,0
3/16/2024 4:43,-2.3125,-1.8125,-1.375,-0.9375,-0.3125,0
3/16/2024 6:43,-2.3125,-1.8125,-1.375,-0.9375,-0.25,0
3/16/2024 8:43,-2.3125,-1.8125,-1.375,-0.9375,-0.3125,0
3/16/2024 10:43,-2.3125,-1.8125,-1.375,-0.9375,-0.3125,0
3/16/2024 12:43,-2.3125,-1.8125,-1.375,-0.9375,-0.25,0
3/16/2024 14:43,-2.3125,-1.8125,-1.375,-0.9375,-0.3125,0
3/16/2024 16:43,-2.375,-1.8125,-1.375,-0.9375,-0.3125,0
3/16/2024 18:43,-2.3125,-1.8125,-1.4375,-1,-0.25,0
3/16/2024 20:43,-2.3125,-1.8125,-1.375,-0.9375,-0.3125,0
3/16/2024 22:43,-2.375,-1.8125,-1.375,-0.9375,-0.3125,0
3/17/2024 0:43,-2.375,-1.8125,-1.4375,-1,-0.3125,0
3/17/2024 2:43,-2.375,-1.875,-1.375,-1,-0.3125,0
3/17/2024 4:43,-2.375,-1.875,-1.4375,-1,-0.3125,0
3/17/2024 6:43,-2.375,-1.875,-1.4375,-1,-0.3125,0
3/17/2024 8:43,-2.375,-1.875,-1.4375,-1,-0.3125,0
3/17/2024 10:43,-2.375,-1.875,-1.4375,-1,-0.3125,0
3/17/2024 12:43,-2.375,-1.875,-1.4375,-1,-0.3125,0
3/17/2024 14:43,-2.375,-1.875,-1.4375,-1,-0.3125,0
3/17/2024 16:43,-2.375,-1.875,-1.4375,-1,-0.3125,0
3/17/2024 18:43,-2.375,-1.875,-1.4375,-1,-0.3125,0
3/17/2024 20:43,-2.375,-1.875,-1.4375,-1,-0.3125,0
3/17/2024 22:43,-2.375,-1.875,-1.4375,-1,-0.3125,0
3/18/2024 0:43,-2.375,-1.875,-1.4375,-1,-0.3125,0
3/18/2024 2:43,-2.375,-1.875,-1.4375,-1,-0.3125,-0.0625
3/18/2024 4:43,-2.375,-1.875,-1.4375,-1,-0.3125,0
3/18/2024 6:43,-2.375,-1.875,-1.4375,-1,-0.3125,0
3/18/2024 8:43,-2.375,-1.875,-1.4375,-1,-0.3125,0
3/18/2024 10:43,-2.375,-1.875,-1.4375,-1,-0.3125,0
3/18/2024 12:43,-2.3125,-1.875,-1.4375,-1,-0.3125,0
3/18/2024 14:43,-2.3125,-1.875,-1.4375,-1,-0.375,0
3/18/2024 16:43,-2.3125,-1.875,-1.4375,-1,-0.3125,0
3/18/2024 18:43,-2.3125,-1.875,-1.4375,-1,-0.3125,0
3/18/2024 20:43,-2.3125,-1.875,-1.4375,-1.0625,-0.3125,0
3/18/2024 22:43,-2.3125,-1.875,-1.4375,-1.0625,-0.375,0
3/19/2024 0:43,-2.25,-1.8125,-1.4375,-1,-0.375,-0.0625
3/19/2024 2:43,-2.25,-1.8125,-1.4375,-1,-0.375,0
3/19/2024 4:43,-2.25,-1.8125,-1.4375,-1.0625,-0.3125,0
3/19/2024 6:43,-2.25,-1.8125,-1.4375,-1.0625,-0.375,0
3/19/2024 8:43,-2.1875,-1.8125,-1.4375,-1.0625,-0.375,-0.0625
3/19/2024 10:43,-2.1875,-1.8125,-1.4375,-1.0625,-0.375,-0.0625
3/19/2024 12:43,-2.1875,-1.8125,-1.4375,-1,-0.375,-0.0625
3/19/2024 14:43,-2.125,-1.75,-1.375,-1,-0.375,-0.0625
3/19/2024 16:43,-2.125,-1.75,-1.375,-1,-0.375,-0.0625
3/19/2024 18:43,-2.125,-1.75,-1.4375,-1,-0.375,-0.0625
3/19/2024 20:43,-2.125,-1.75,-1.375,-1,-0.375,-0.0625
3/19/2024 22:43,-2.0625,-1.6875,-1.375,-1,-0.375,-0.0625
3/20/2024 0:43,-2.125,-1.6875,-1.375,-1,-0.375,-0.0625
3/20/2024 2:43,-2.0625,-1.6875,-1.375,-1,-0.375,-0.0625
3/20/2024 4:43,-2.0625,-1.6875,-1.375,-1,-0.375,-0.0625
3/20/2024 6:43,-2.0625,-1.6875,-1.375,-1,-0.375,-0.0625
3/20/2024 8:43,-2,-1.6875,-1.3125,-1,-0.375,-0.0625
3/20/2024 10:43,-2,-1.625,-1.375,-1,-0.375,-0.0625
3/20/2024 12:43,-2,-1.625,-1.3125,-1,-0.375,-0.0625
3/20/2024 14:43,-2,-1.625,-1.3125,-1,-0.3125,-0.0625
3/20/2024 16:43,-1.9375,-1.625,-1.3125,-1,-0.375,-0.0625
3/20/2024 18:43,-1.9375,-1.5625,-1.3125,-1,-0.375,0
3/20/2024 20:43,-1.9375,-1.625,-1.3125,-0.9375,-0.375,-0.0625
3/20/2024 22:43,-1.9375,-1.5625,-1.3125,-1,-0.375,-0.0625
3/21/2024 0:43,-1.875,-1.5625,-1.25,-1,-0.375,-0.0625
3/21/2024 2:43,-1.875,-1.5625,-1.25,-1,-0.375,-0.0625
3/21/2024 4:43,-1.8125,-1.5625,-1.25,-0.9375,-0.375,-0.0625
3/21/2024 6:43,-1.8125,-1.5,-1.25,-0.9375,-0.375,-0.0625
3/21/2024 8:43,-1.8125,-1.5,-1.25,-0.9375,-0.375,-0.0625
3/21/2024 10:43,-1.75,-1.5,-1.25,-0.9375,-0.375,-0.0625
3/21/2024 12:43,-1.75,-1.5,-1.1875,-0.9375,-0.375,-0.0625
3/21/2024 14:43,-1.75,-1.4375,-1.25,-0.9375,-0.3125,-0.0625
3/21/2024 16:43,-1.6875,-1.4375,-1.1875,-0.9375,-0.375,-0.0625
3/21/2024 18:43,-1.6875,-1.4375,-1.1875,-0.9375,-0.375,-0.0625
3/21/2024 20:43,-1.6875,-1.375,-1.1875,-0.9375,-0.3125,-0.0625
3/21/2024 22:43,-1.6875,-1.4375,-1.1875,-0.9375,-0.375,-0.0625
3/22/2024 0:43,-1.625,-1.375,-1.125,-0.875,-0.375,-0.0625
3/22/2024 2:43,-1.625,-1.375,-1.125,-0.875,-0.3125,-0.0625
3/22/2024 4:43,-1.625,-1.375,-1.125,-0.875,-0.375,-0.0625
3/22/2024 6:43,-1.5625,-1.375,-1.125,-0.875,-0.3125,-0.0625
3/22/2024 8:43,-1.5625,-1.3125,-1.125,-0.875,-0.3125,-0.0625
3/22/2024 10:43,-1.5625,-1.3125,-1.125,-0.875,-0.3125,-0.0625
3/22/2024 12:43,-1.5,-1.3125,-1.0625,-0.875,-0.375,-0.0625
3/22/2024 14:43,-1.5,-1.3125,-1.0625,-0.875,-0.3125,-0.0625
3/22/2024 16:43,-1.4375,-1.25,-1.0625,-0.875,-0.3125,0
3/22/2024 18:43,-1.4375,-1.25,-1.0625,-0.875,-0.3125,-0.0625
3/22/2024 20:43,-1.4375,-1.25,-1.0625,-0.875,-0.3125,-0.0625
3/22/2024 22:43,-1.375,-1.25,-1.0625,-0.8125,-0.3125,-0.0625
3/23/2024 0:43,-1.4375,-1.1875,-1.0625,-0.8125,-0.3125,-0.0625
3/23/2024 2:43,-1.375,-1.1875,-1.0625,-0.8125,-0.3125,-0.0625
3/23/2024 4:43,-1.375,-1.1875,-1,-0.8125,-0.3125,-0.0625
3/23/2024 6:43,-1.3125,-1.125,-1,-0.8125,-0.3125,-0.0625
3/23/2024 8:43,-1.3125,-1.1875,-1,-0.8125,-0.3125,-0.0625
3/23/2024 10:43,-1.3125,-1.125,-1,-0.8125,-0.3125,-0.0625
3/23/2024 12:43,-1.25,-1.125,-0.9375,-0.8125,-0.3125,-0.0625
3/23/2024 14:43,-1.25,-1.125,-0.9375,-0.75,-0.3125,-0.0625
3/23/2024 16:43,-1.25,-1.0625,-0.9375,-0.8125,-0.3125,-0.0625
3/23/2024 18:43,-1.25,-1.0625,-0.9375,-0.75,-0.3125,-0.0625
3/23/2024 20:43,-1.1875,-1.0625,-0.9375,-0.75,-0.3125,-0.0625
3/23/2024 22:43,-1.1875,-1.0625,-0.9375,-0.75,-0.3125,-0.0625
3/24/2024 0:43,-1.1875,-1.0625,-0.9375,-0.75,-0.3125,-0.0625
3/24/2024 2:43,-1.1875,-1,-0.9375,-0.75,-0.3125,-0.0625
3/24/2024 4:43,-1.1875,-1,-0.875,-0.75,-0.3125,-0.0625
3/24/2024 6:43,-1.1875,-1,-0.875,-0.75,-0.3125,-0.0625
3/24/2024 8:43,-1.125,-1,-0.875,-0.75,-0.25,0
3/24/2024 10:43,-1.125,-1,-0.875,-0.75,-0.25,-0.0625
3/24/2024 12:43,-1.125,-1,-0.875,-0.6875,-0.3125,-0.0625
3/24/2024 14:43,-1.125,-1,-0.875,-0.6875,-0.25,-0.0625
3/24/2024 16:43,-1.125,-0.9375,-0.875,-0.6875,-0.25,-0.0625
3/24/2024 18:43,-1.125,-0.9375,-0.875,-0.6875,-0.25,-0.0625
3/24/2024 20:43,-1.125,-0.9375,-0.8125,-0.6875,-0.25,-0.0625
3/24/2024 22:43,-1.0625,-0.9375,-0.8125,-0.6875,-0.25,-0.0625
3/25/2024 0:43,-1.125,-0.9375,-0.8125,-0.6875,-0.25,-0.0625
3/25/2024 2:43,-1.0625,-0.9375,-0.8125,-0.6875,-0.25,0
3/25/2024 4:43,-1.0625,-0.9375,-0.8125,-0.6875,-0.25,-0.0625
3/25/2024 6:43,-1.0625,-0.9375,-0.8125,-0.6875,-0.25,-0.0625
3/25/2024 8:43,-1.0625,-0.9375,-0.8125,-0.6875,-0.25,-0.0625
3/25/2024 10:43,-1.0625,-0.9375,-0.75,-0.6875,-0.25,-0.0625
3/25/2024 12:43,-1.0625,-0.875,-0.75,-0.6875,-0.25,-0.0625
3/25/2024 14:43,-1.0625,-0.875,-0.8125,-0.6875,-0.25,-0.0625
3/25/2024 16:43,-1.0625,-0.875,-0.75,-0.6875,-0.25,-0.0625
3/25/2024 18:43,-1.0625,-0.875,-0.75,-0.625,-0.25,-0.0625
3/25/2024 20:43,-1.0625,-0.875,-0.8125,-0.6875,-0.25,-0.0625
3/25/2024 22:43,-1.0625,-0.875,-0.75,-0.6875,-0.25,-0.0625
3/26/2024 0:43,-1.0625,-0.875,-0.75,-0.625,-0.25,-0.0625
3/26/2024 2:43,-1.0625,-0.875,-0.75,-0.625,-0.25,-0.0625
3/26/2024 4:43,-1.0625,-0.875,-0.75,-0.625,-0.25,-0.0625
3/26/2024 6:43,-1.0625,-0.875,-0.75,-0.625,-0.25,-0.0625
3/26/2024 8:43,-1.0625,-0.875,-0.75,-0.625,-0.25,-0.0625
3/26/2024 10:43,-1.0625,-0.875,-0.75,-0.625,-0.25,-0.0625
3/26/2024 12:43,-1.0625,-0.875,-0.75,-0.625,-0.25,-0.0625
3/26/2024 14:43,-1.0625,-0.875,-0.75,-0.625,-0.25,-0.0625
3/26/2024 16:43,-1.0625,-0.875,-0.75,-0.625,-0.25,-0.0625
3/26/2024 18:43,-1.0625,-0.875,-0.75,-0.625,-0.25,-0.0625
3/26/2024 20:43,-1.0625,-0.875,-0.75,-0.625,-0.25,-0.0625
3/26/2024 22:43,-1.0625,-0.875,-0.75,-0.625,-0.25,-0.0625
3/27/2024 0:43,-1.125,-0.875,-0.75,-0.625,-0.25,-0.0625
3/27/2024 2:43,-1.0625,-0.875,-0.75,-0.625,-0.25,-0.0625
3/27/2024 4:43,-1.125,-0.875,-0.75,-0.625,-0.25,-0.0625
3/27/2024 6:43,-1.125,-0.875,-0.75,-0.625,-0.25,-0.0625
3/27/2024 8:43,-1.125,-0.9375,-0.75,-0.625,-0.25,-0.0625
3/27/2024 10:43,-1.125,-0.9375,-0.75,-0.625,-0.25,-0.0625
3/27/2024 12:43,-1.125,-0.875,-0.75,-0.625,-0.25,-0.0625
3/27/2024 14:43,-1.125,-0.875,-0.75,-0.625,-0.25,-0.0625
3/27/2024 16:43,-1.125,-0.875,-0.75,-0.625,-0.25,-0.0625
3/27/2024 18:43,-1.125,-0.875,-0.75,-0.625,-0.25,-0.0625
3/27/2024 20:43,-1.125,-0.875,-0.75,-0.625,-0.25,-0.0625
3/27/2024 22:43,-1.125,-0.9375,-0.75,-0.625,-0.25,-0.0625
3/28/2024 0:43,-1.125,-0.9375,-0.75,-0.625,-0.25,-0.0625
3/28/2024 2:43,-1.125,-0.875,-0.75,-0.625,-0.25,-0.0625
3/28/2024 4:43,-1.125,-0.9375,-0.75,-0.625,-0.1875,-0.0625
3/28/2024 6:43,-1.125,-0.9375,-0.75,-0.625,-0.25,-0.0625
3/28/2024 8:43,-1.125,-0.9375,-0.75,-0.625,-0.25,-0.0625
3/28/2024 10:43,-1.125,-0.9375,-0.75,-0.625,-0.25,-0.0625
3/28/2024 12:43,-1.125,-0.875,-0.75,-0.625,-0.25,-0.0625
3/28/2024 14:43,-1.125,-0.9375,-0.75,-0.625,-0.25,-0.0625
3/28/2024 16:43,-1.125,-0.875,-0.75,-0.625,-0.25,-0.0625
3/28/2024 18:43,-1.125,-0.875,-0.75,-0.625,-0.25,-0.0625
3/28/2024 20:43,-1.0625,-0.875,-0.75,-0.625,-0.25,-0.0625
3/28/2024 22:43,-1.0625,-0.875,-0.75,-0.625,-0.25,-0.0625
3/29/2024 0:43,-1.0625,-0.875,-0.75,-0.625,-0.25,-0.0625
3/29/2024 2:43,-1.0625,-0.875,-0.75,-0.625,-0.25,-0.0625
3/29/2024 4:43,-1.0625,-0.875,-0.75,-0.625,-0.25,-0.0625
3/29/2024 6:43,-1.0625,-0.875,-0.75,-0.625,-0.25,-0.0625
3/29/2024 8:43,-1.0625,-0.875,-0.75,-0.625,-0.25,-0.0625
3/29/2024 10:43,-1.0625,-0.875,-0.75,-0.625,-0.25,-0.0625
3/29/2024 12:43,-1.0625,-0.875,-0.75,-0.625,-0.25,-0.0625
3/29/2024 14:43,-1.0625,-0.875,-0.75,-0.625,-0.25,-0.0625
3/29/2024 16:43,-1.0625,-0.875,-0.75,-0.625,-0.25,-0.0625
3/29/2024 18:43,-1.0625,-0.875,-0.75,-0.625,-0.25,-0.0625
3/29/2024 20:43,-1,-0.875,-0.75,-0.625,-0.25,-0.0625
3/29/2024 22:43,-1.0625,-0.875,-0.75,-0.625,-0.25,-0.0625
3/30/2024 0:43,-1,-0.875,-0.6875,-0.625,-0.25,-0.0625
3/30/2024 2:43,-1,-0.8125,-0.75,-0.625,-0.25,-0.0625
3/30/2024 4:43,-1,-0.875,-0.6875,-0.625,-0.25,-0.0625
3/30/2024 6:43,-1,-0.8125,-0.6875,-0.625,-0.25,-0.0625
3/30/2024 8:43,-1,-0.875,-0.75,-0.625,-0.25,-0.0625
3/30/2024 10:43,-1,-0.8125,-0.75,-0.625,-0.25,-0.0625
3/30/2024 12:43,-1,-0.8125,-0.6875,-0.625,-0.25,-0.0625
3/30/2024 14:43,-1,-0.8125,-0.6875,-0.625,-0.1875,-0.0625
3/30/2024 16:43,-1,-0.8125,-0.6875,-0.5625,-0.25,-0.0625
3/30/2024 18:43,-1,-0.8125,-0.6875,-0.5625,-0.25,-0.0625
3/30/2024 20:43,-1,-0.8125,-0.6875,-0.5625,-0.25,-0.0625
3/30/2024 22:43,-1,-0.8125,-0.6875,-0.5625,-0.1875,-0.0625
3/31/2024 0:43,-1,-0.8125,-0.6875,-0.5625,-0.25,-0.0625
3/31/2024 2:43,-1,-0.8125,-0.6875,-0.5625,-0.25,-0.0625
3/31/2024 4:43,-1,-0.8125,-0.6875,-0.625,-0.25,-0.0625
3/31/2024 6:43,-1,-0.8125,-0.6875,-0.5625,-0.25,-0.0625
3/31/2024 8:43,-1,-0.8125,-0.6875,-0.5625,-0.25,-0.0625
3/31/2024 10:43,-1,-0.8125,-0.6875,-0.625,-0.1875,-0.0625
3/31/2024 12:43,-1,-0.8125,-0.6875,-0.5625,-0.25,-0.0625
3/31/2024 14:43,-1,-0.8125,-0.6875,-0.5625,-0.1875,-0.0625
3/31/2024 16:43,-1,-0.8125,-0.6875,-0.625,-0.25,-0.0625
3/31/2024 18:43,-1,-0.8125,-0.6875,-0.625,-0.1875,-0.0625
3/31/2024 20:43,-1,-0.8125,-0.6875,-0.5625,-0.25,-0.0625
3/31/2024 22:43,-0.9375,-0.8125,-0.6875,-0.5625,-0.1875,-0.0625
4/1/2024 0:43,-1,-0.8125,-0.6875,-0.5625,-0.25,-0.0625
4/1/2024 2:43,-1,-0.8125,-0.6875,-0.5625,-0.1875,-0.0625
4/1/2024 4:43,-1,-0.8125,-0.6875,-0.5625,-0.1875,-0.0625
4/1/2024 6:43,-1,-0.8125,-0.6875,-0.5625,-0.25,-0.0625
4/1/2024 8:43,-1,-0.8125,-0.6875,-0.5625,-0.25,-0.0625
4/1/2024 10:43,-1,-0.8125,-0.6875,-0.5625,-0.1875,-0.0625
4/1/2024 12:43,-1,-0.8125,-0.6875,-0.5625,-0.25,-0.0625
4/1/2024 14:43,-1,-0.8125,-0.6875,-0.5625,-0.1875,-0.0625
4/1/2024 16:43,-1,-0.8125,-0.6875,-0.5625,-0.25,-0.0625
4/1/2024 18:43,-1,-0.8125,-0.6875,-0.5625,-0.1875,-0.0625
4/1/2024 20:43,-1.0625,-0.8125,-0.6875,-0.625,-0.25,-0.0625
4/1/2024 22:43,-1,-0.8125,-0.6875,-0.5625,-0.1875,-0.0625
4/2/2024 0:43,-1.0625,-0.8125,-0.6875,-0.5625,-0.25,-0.0625
4/2/2024 2:43,-1.0625,-0.8125,-0.6875,-0.5625,-0.1875,-0.0625
4/2/2024 4:43,-1.0625,-0.875,-0.6875,-0.625,-0.1875,-0.0625
4/2/2024 6:43,-1.0625,-0.875,-0.6875,-0.5625,-0.25,-0.0625
4/2/2024 8:43,-1.0625,-0.875,-0.6875,-0.5625,-0.1875,-0.0625
4/2/2024 10:43,-1.125,-0.875,-0.6875,-0.625,-0.1875,-0.0625
4/2/2024 12:43,-1.125,-0.875,-0.6875,-0.5625,-0.1875,-0.0625
4/2/2024 14:43,-1.125,-0.875,-0.6875,-0.625,-0.25,-0.0625
4/2/2024 16:43,-1.0625,-0.875,-0.75,-0.5625,-0.1875,-0.0625
4/2/2024 18:43,-1.125,-0.875,-0.75,-0.625,-0.25,-0.0625
4/2/2024 20:43,-1.125,-0.875,-0.75,-0.625,-0.1875,-0.0625
4/2/2024 22:43,-1.125,-0.875,-0.75,-0.5625,-0.1875,-0.0625
4/3/2024 0:43,-1.125,-0.875,-0.75,-0.5625,-0.25,-0.0625
4/3/2024 2:43,-1.1875,-0.9375,-0.75,-0.625,-0.25,-0.0625
4/3/2024 4:43,-1.1875,-0.9375,-0.75,-0.625,-0.25,-0.0625
4/3/2024 6:43,-1.1875,-0.9375,-0.75,-0.625,-0.25,-0.0625
4/3/2024 8:43,-1.1875,-0.9375,-0.75,-0.625,-0.25,-0.0625
4/3/2024 10:43,-1.1875,-0.9375,-0.75,-0.625,-0.25,-0.0625
4/3/2024 12:43,-1.25,-0.9375,-0.75,-0.625,-0.25,-0.0625
4/3/2024 14:43,-1.1875,-0.9375,-0.75,-0.625,-0.25,-0.0625
4/3/2024 16:43,-1.25,-0.9375,-0.75,-0.625,-0.25,-0.0625
4/3/2024 18:43,-1.25,-0.9375,-0.75,-0.625,-0.25,-0.0625
4/3/2024 20:43,-1.25,-1,-0.8125,-0.625,-0.25,-0.0625
4/3/2024 22:43,-1.25,-1,-0.8125,-0.625,-0.25,-0.0625
4/4/2024 0:43,-1.25,-1,-0.8125,-0.625,-0.25,-0.0625
4/4/2024 2:43,-1.25,-1,-0.8125,-0.625,-0.1875,-0.0625
4/4/2024 4:43,-1.25,-1,-0.8125,-0.625,-0.25,-0.0625
4/4/2024 6:43,-1.3125,-1,-0.8125,-0.625,-0.25,-0.0625
4/4/2024 8:43,-1.25,-1,-0.8125,-0.6875,-0.25,-0.0625
4/4/2024 10:43,-1.3125,-1,-0.8125,-0.6875,-0.25,-0.0625
4/4/2024 12:43,-1.3125,-1.0625,-0.8125,-0.6875,-0.25,-0.0625
4/4/2024 14:43,-1.3125,-1,-0.8125,-0.6875,-0.25,-0.0625
4/4/2024 16:43,-1.3125,-1.0625,-0.8125,-0.625,-0.25,-0.0625
4/4/2024 18:43,-1.3125,-1.0625,-0.875,-0.6875,-0.25,-0.0625
4/4/2024 20:43,-1.3125,-1.0625,-0.8125,-0.625,-0.25,-0.0625
4/4/2024 22:43,-1.3125,-1,-0.8125,-0.6875,-0.25,-0.0625
4/5/2024 0:43,-1.3125,-1.0625,-0.8125,-0.6875,-0.25,-0.0625
4/5/2024 2:43,-1.3125,-1.0625,-0.8125,-0.6875,-0.25,-0.0625
4/5/2024 4:43,-1.3125,-1.0625,-0.8125,-0.6875,-0.25,-0.0625
4/5/2024 6:43,-1.3125,-1.0625,-0.875,-0.6875,-0.25,-0.0625
4/5/2024 8:43,-1.3125,-1.0625,-0.875,-0.6875,-0.25,-0.0625
4/5/2024 10:43,-1.3125,-1.0625,-0.8125,-0.6875,-0.25,-0.0625
4/5/2024 12:43,-1.25,-1.0625,-0.875,-0.6875,-0.25,-0.0625
4/5/2024 14:43,-1.3125,-1.0625,-0.875,-0.6875,-0.3125,-0.0625
4/5/2024 16:43,-1.25,-1.0625,-0.875,-0.6875,-0.25,-0.0625
4/5/2024 18:43,-1.25,-1,-0.875,-0.6875,-0.25,-0.0625
4/5/2024 20:43,-1.25,-1,-0.875,-0.6875,-0.25,-0.0625
4/5/2024 22:43,-1.25,-1,-0.875,-0.6875,-0.25,-0.0625
4/6/2024 0:43,-1.25,-1,-0.875,-0.6875,-0.25,-0.0625
4/6/2024 2:43,-1.25,-1.0625,-0.875,-0.6875,-0.25,-0.0625
4/6/2024 4:43,-1.25,-1,-0.875,-0.6875,-0.25,-0.0625
4/6/2024 6:43,-1.25,-1,-0.875,-0.6875,-0.25,-0.0625
4/6/2024 8:43,-1.1875,-1,-0.8125,-0.6875,-0.25,-0.0625
4/6/2024 10:43,-1.25,-1.0625,-0.8125,-0.6875,-0.3125,-0.0625
4/6/2024 12:43,-1.25,-1,-0.8125,-0.6875,-0.25,-0.0625
4/6/2024 14:43,-1.25,-1,-0.8125,-0.6875,-0.3125,-0.0625
4/6/2024 16:43,-1.1875,-1,-0.8125,-0.6875,-0.25,-0.0625
4/6/2024 18:43,-1.25,-1,-0.8125,-0.6875,-0.25,-0.0625
4/6/2024 20:43,-1.1875,-1,-0.875,-0.6875,-0.25,-0.125
4/6/2024 22:43,-1.25,-1,-0.875,-0.6875,-0.25,-0.0625
4/7/2024 0:43,-1.25,-1,-0.875,-0.6875,-0.3125,-0.0625
4/7/2024 2:43,-1.25,-1,-0.8125,-0.6875,-0.3125,-0.0625
4/7/2024 4:43,-1.1875,-1,-0.8125,-0.6875,-0.25,-0.0625
4/7/2024 6:43,-1.25,-1,-0.8125,-0.6875,-0.25,-0.125
4/7/2024 8:43,-1.25,-1,-0.8125,-0.6875,-0.25,-0.0625
4/7/2024 10:43,-1.25,-1,-0.8125,-0.6875,-0.3125,-0.0625
4/7/2024 12:43,-1.25,-1,-0.875,-0.6875,-0.25,-0.0625
4/7/2024 14:43,-1.1875,-1,-0.8125,-0.6875,-0.25,-0.125
4/7/2024 16:43,-1.1875,-1,-0.8125,-0.6875,-0.25,-0.0625
4/7/2024 18:43,-1.25,-1,-0.8125,-0.6875,-0.25,-0.0625
4/7/2024 20:43,-1.1875,-1,-0.8125,-0.6875,-0.3125,-0.0625
4/7/2024 22:43,-1.25,-1,-0.8125,-0.6875,-0.25,-0.0625
4/8/2024 0:43,-1.25,-1,-0.8125,-0.6875,-0.3125,-0.0625
4/8/2024 2:43,-1.25,-1,-0.8125,-0.6875,-0.3125,-0.0625
4/8/2024 4:43,-1.25,-1,-0.8125,-0.6875,-0.25,-0.0625
4/8/2024 6:43,-1.25,-1,-0.875,-0.6875,-0.3125,-0.0625
4/8/2024 8:43,-1.25,-1.0625,-0.875,-0.6875,-0.3125,-0.125
4/8/2024 10:43,-1.25,-1,-0.875,-0.6875,-0.25,-0.0625
4/8/2024 12:43,-1.25,-1,-0.8125,-0.6875,-0.25,-0.125
4/8/2024 14:43,-1.25,-1,-0.875,-0.6875,-0.3125,-0.125
4/8/2024 16:43,-1.25,-1,-0.8125,-0.6875,-0.3125,-0.0625
4/8/2024 18:43,-1.25,-1,-0.8125,-0.6875,-0.3125,-0.0625
4/8/2024 20:43,-1.25,-1,-0.8125,-0.6875,-0.3125,-0.0625
4/8/2024 22:43,-1.25,-1,-0.875,-0.6875,-0.3125,-0.125
4/9/2024 0:43,-1.25,-1,-0.8125,-0.6875,-0.25,-0.0625
4/9/2024 2:43,-1.25,-1.0625,-0.875,-0.6875,-0.3125,-0.0625
4/9/2024 4:43,-1.3125,-1,-0.8125,-0.6875,-0.3125,-0.0625
4/9/2024 6:43,-1.3125,-1.0625,-0.875,-0.6875,-0.25,-0.0625
4/9/2024 8:43,-1.3125,-1.0625,-0.875,-0.6875,-0.25,-0.0625
4/9/2024 10:43,-1.3125,-1.0625,-0.875,-0.6875,-0.3125,-0.125
4/9/2024 12:43,-1.3125,-1.0625,-0.875,-0.6875,-0.3125,-0.125
4/9/2024 14:43,-1.3125,-1.0625,-0.875,-0.6875,-0.3125,-0.125
4/9/2024 16:43,-1.375,-1.0625,-0.875,-0.6875,-0.3125,-0.125
4/9/2024 18:43,-1.375,-1.0625,-0.875,-0.6875,-0.25,-0.0625
4/9/2024 20:43,-1.375,-1.125,-0.875,-0.6875,-0.3125,-0.0625
4/9/2024 22:43,-1.375,-1.125,-0.875,-0.75,-0.3125,-0.125
4/10/2024 0:43,-1.4375,-1.125,-0.875,-0.6875,-0.3125,-0.125
4/10/2024 2:43,-1.4375,-1.125,-0.875,-0.6875,-0.3125,-0.0625
4/10/2024 4:43,-1.4375,-1.125,-0.9375,-0.75,-0.3125,-0.125
4/10/2024 6:43,-1.4375,-1.1875,-0.875,-0.6875,-0.3125,-0.125
4/10/2024 8:43,-1.4375,-1.1875,-0.9375,-0.75,-0.3125,-0.125
4/10/2024 10:43,-1.4375,-1.1875,-0.9375,-0.75,-0.3125,-0.125
4/10/2024 12:43,-1.5,-1.1875,-0.9375,-0.75,-0.3125,-0.125
4/10/2024 14:43,-1.5,-1.1875,-0.9375,-0.75,-0.3125,-0.125
4/10/2024 16:43,-1.5,-1.1875,-0.9375,-0.75,-0.3125,-0.125
4/10/2024 18:43,-1.5,-1.1875,-0.9375,-0.75,-0.3125,-0.125
4/10/2024 20:43,-1.5,-1.1875,-1,-0.75,-0.3125,-0.125
4/10/2024 22:43,-1.5625,-1.1875,-1,-0.75,-0.3125,-0.125
4/11/2024 0:43,-1.5625,-1.25,-1,-0.75,-0.3125,-0.125
4/11/2024 2:43,-1.5625,-1.25,-1,-0.75,-0.3125,-0.125
4/11/2024 4:43,-1.5625,-1.25,-0.9375,-0.75,-0.3125,-0.0625
4/11/2024 6:43,-1.625,-1.25,-1,-0.75,-0.3125,-0.125
4/11/2024 8:43,-1.625,-1.25,-1,-0.8125,-0.3125,-0.125
4/11/2024 10:43,-1.625,-1.25,-1,-0.75,-0.3125,-0.125
4/11/2024 12:43,-1.625,-1.3125,-1,-0.8125,-0.3125,-0.125
4/11/2024 14:43,-1.6875,-1.3125,-1,-0.8125,-0.3125,-0.125
4/11/2024 16:43,-1.6875,-1.3125,-1,-0.8125,-0.3125,-0.125
4/11/2024 18:43,-1.6875,-1.3125,-1.0625,-0.8125,-0.375,-0.125
4/11/2024 20:43,-1.6875,-1.3125,-1.0625,-0.8125,-0.375,-0.125
4/11/2024 22:43,-1.625,-1.3125,-1.0625,-0.8125,-0.375,-0.125
4/12/2024 0:43,-1.625,-1.3125,-1.0625,-0.8125,-0.375,-0.125
4/12/2024 2:43,-1.625,-1.3125,-1.0625,-0.8125,-0.375,-0.125
4/12/2024 4:43,-1.5625,-1.3125,-1.0625,-0.8125,-0.3125,-0.0625
4/12/2024 6:43,-1.5625,-1.3125,-1.0625,-0.8125,-0.3125,-0.125
4/12/2024 8:43,-1.5625,-1.3125,-1.0625,-0.8125,-0.375,-0.125
4/12/2024 10:43,-1.5625,-1.3125,-1.0625,-0.8125,-0.375,-0.125
4/12/2024 12:43,-1.5,-1.25,-1.0625,-0.875,-0.375,-0.0625
4/12/2024 14:43,-1.5,-1.25,-1.0625,-0.8125,-0.375,-0.125
4/12/2024 16:43,-1.5,-1.25,-1.0625,-0.875,-0.375,-0.125
4/12/2024 18:43,-1.5,-1.25,-1.0625,-0.8125,-0.375,-0.125
4/12/2024 20:43,-1.4375,-1.25,-1,-0.8125,-0.375,-0.125
4/12/2024 22:43,-1.4375,-1.1875,-1,-0.8125,-0.375,-0.125
4/13/2024 0:43,-1.4375,-1.1875,-1,-0.8125,-0.375,-0.125
4/13/2024 2:43,-1.4375,-1.1875,-1,-0.8125,-0.375,-0.125
4/13/2024 4:43,-1.375,-1.1875,-1,-0.8125,-0.375,-0.125
4/13/2024 6:43,-1.375,-1.1875,-1,-0.8125,-0.375,-0.125
4/13/2024 8:43,-1.375,-1.1875,-1,-0.8125,-0.375,-0.125
4/13/2024 10:43,-1.375,-1.1875,-1,-0.8125,-0.375,-0.125
4/13/2024 12:43,-1.375,-1.1875,-1,-0.8125,-0.375,-0.125
4/13/2024 14:43,-1.375,-1.1875,-1,-0.8125,-0.375,-0.125
4/13/2024 16:43,-1.375,-1.125,-1,-0.8125,-0.3125,-0.125
4/13/2024 18:43,-1.3125,-1.1875,-1,-0.8125,-0.375,-0.125
4/13/2024 20:43,-1.375,-1.125,-0.9375,-0.75,-0.3125,-0.125
4/13/2024 22:43,-1.375,-1.125,-1,-0.8125,-0.375,-0.125
4/14/2024 0:43,-1.375,-1.125,-0.9375,-0.8125,-0.3125,-0.125
4/14/2024 2:43,-1.375,-1.125,-0.9375,-0.8125,-0.3125,-0.125
4/14/2024 4:43,-1.375,-1.125,-0.9375,-0.8125,-0.375,-0.125
4/14/2024 6:43,-1.375,-1.125,-0.9375,-0.8125,-0.375,-0.125
4/14/2024 8:43,-1.375,-1.125,-0.9375,-0.75,-0.375,-0.125
4/14/2024 10:43,-1.375,-1.125,-0.9375,-0.8125,-0.375,-0.125
4/14/2024 12:43,-1.375,-1.125,-0.9375,-0.8125,-0.3125,-0.125
4/14/2024 14:43,-1.375,-1.125,-0.9375,-0.8125,-0.375,-0.125
4/14/2024 16:43,-1.375,-1.125,-0.9375,-0.75,-0.375,-0.125
4/14/2024 18:43,-1.375,-1.125,-0.9375,-0.75,-0.375,-0.125
4/14/2024 20:43,-1.375,-1.125,-0.9375,-0.8125,-0.3125,-0.125
4/14/2024 22:43,-1.375,-1.125,-0.9375,-0.75,-0.3125,-0.125
4/15/2024 0:43,-1.375,-1.125,-1,-0.75,-0.375,-0.125
4/15/2024 2:43,-1.375,-1.125,-0.9375,-0.8125,-0.375,-0.125
4/15/2024 4:43,-1.375,-1.125,-0.9375,-0.8125,-0.375,-0.125
4/15/2024 6:43,-1.375,-1.125,-0.9375,-0.8125,-0.3125,-0.125
4/15/2024 8:43,-1.4375,-1.1875,-0.9375,-0.8125,-0.3125,-0.125
4/15/2024 10:43,-1.4375,-1.1875,-1,-0.75,-0.375,-0.125
4/15/2024 12:43,-1.4375,-1.1875,-1,-0.8125,-0.375,-0.125
4/15/2024 14:43,-1.4375,-1.1875,-0.9375,-0.8125,-0.375,-0.125
4/15/2024 16:43,-1.4375,-1.1875,-1,-0.8125,-0.375,-0.125
4/15/2024 18:43,-1.4375,-1.1875,-0.9375,-0.8125,-0.375,-0.125
4/15/2024 20:43,-1.5,-1.1875,-1,-0.8125,-0.375,-0.125
4/15/2024 22:43,-1.5,-1.1875,-1,-0.8125,-0.375,-0.125
4/16/2024 0:43,-1.5,-1.1875,-1,-0.8125,-0.3125,-0.125
4/16/2024 2:43,-1.5,-1.1875,-1,-0.8125,-0.375,-0.125
4/16/2024 4:43,-1.5,-1.25,-1,-0.8125,-0.375,-0.125
4/16/2024 6:43,-1.5,-1.25,-1,-0.8125,-0.375,-0.125
4/16/2024 8:43,-1.5,-1.25,-1,-0.8125,-0.375,-0.125
4/16/2024 10:43,-1.5625,-1.25,-1,-0.8125,-0.375,-0.125
4/16/2024 12:43,-1.5,-1.25,-1,-0.8125,-0.375,-0.125
4/16/2024 14:43,-1.5625,-1.25,-1,-0.8125,-0.375,-0.1875
4/16/2024 16:43,-1.5,-1.25,-1.0625,-0.8125,-0.3125,-0.125
4/16/2024 18:43,-1.5,-1.25,-1,-0.8125,-0.375,-0.125
4/16/2024 20:43,-1.5,-1.25,-1,-0.8125,-0.375,-0.125
4/16/2024 22:43,-1.5,-1.25,-1.0625,-0.8125,-0.375,-0.125
4/17/2024 0:43,-1.5,-1.25,-1,-0.8125,-0.375,-0.125
4/17/2024 2:43,-1.4375,-1.25,-1,-0.875,-0.375,-0.1875
4/17/2024 4:43,-1.4375,-1.1875,-1,-0.8125,-0.375,-0.125
4/17/2024 6:43,-1.4375,-1.1875,-1,-0.8125,-0.375,-0.125
4/17/2024 8:43,-1.375,-1.1875,-1,-0.8125,-0.375,-0.125
4/17/2024 10:43,-1.375,-1.1875,-1,-0.8125,-0.375,-0.125
4/17/2024 12:43,-1.375,-1.1875,-1,-0.8125,-0.375,-0.125
4/17/2024 14:43,-1.3125,-1.125,-0.9375,-0.8125,-0.375,-0.125
4/17/2024 16:43,-1.3125,-1.125,-1,-0.8125,-0.375,-0.125
4/17/2024 18:43,-1.3125,-1.125,-0.9375,-0.8125,-0.375,-0.125
4/17/2024 20:43,-1.25,-1.125,-0.9375,-0.8125,-0.375,-0.125
4/17/2024 22:43,-1.25,-1.0625,-0.9375,-0.8125,-0.375,-0.125
4/18/2024 0:43,-1.25,-1.0625,-0.9375,-0.8125,-0.375,-0.125
4/18/2024 2:43,-1.1875,-1.0625,-0.9375,-0.8125,-0.375,-0.125
4/18/2024 4:43,-1.1875,-1.0625,-0.9375,-0.8125,-0.375,-0.1875
4/18/2024 6:43,-1.1875,-1.0625,-0.9375,-0.8125,-0.375,-0.1875
4/18/2024 8:43,-1.125,-1.0625,-0.9375,-0.75,-0.375,-0.125
4/18/2024 10:43,-1.1875,-1.0625,-0.9375,-0.8125,-0.375,-0.1875
4/18/2024 12:43,-1.125,-1,-0.9375,-0.75,-0.375,-0.1875
4/18/2024 14:43,-1.125,-1,-0.875,-0.75,-0.375,-0.1875
4/18/2024 16:43,-1.0625,-1,-0.875,-0.75,-0.375,-0.125
4/18/2024 18:43,-1.0625,-0.9375,-0.875,-0.75,-0.375,-0.125
4/18/2024 20:43,-1.0625,-1,-0.875,-0.75,-0.3125,-0.125
4/18/2024 22:43,-1.0625,-0.9375,-0.8125,-0.75,-0.3125,-0.1875
4/19/2024 0:43,-1.0625,-0.9375,-0.8125,-0.75,-0.375,-0.1875
4/19/2024 2:43,-1.0625,-0.9375,-0.8125,-0.75,-0.3125,-0.125
4/19/2024 4:43,-1,-0.9375,-0.8125,-0.75,-0.375,-0.125
4/19/2024 6:43,-1,-0.9375,-0.8125,-0.6875,-0.3125,-0.125
4/19/2024 8:43,-0.9375,-0.875,-0.8125,-0.75,-0.3125,-0.1875
4/19/2024 10:43,-0.9375,-0.875,-0.8125,-0.6875,-0.375,-0.1875
4/19/2024 12:43,-0.9375,-0.875,-0.8125,-0.75,-0.375,-0.125
4/19/2024 14:43,-0.875,-0.875,-0.8125,-0.6875,-0.3125,-0.125
4/19/2024 16:43,-0.875,-0.8125,-0.8125,-0.6875,-0.3125,-0.1875
4/19/2024 18:43,-0.8125,-0.8125,-0.75,-0.6875,-0.3125,-0.125
4/19/2024 20:43,-0.8125,-0.8125,-0.75,-0.6875,-0.375,-0.1875
4/19/2024 22:43,-0.8125,-0.75,-0.75,-0.6875,-0.3125,-0.1875
4/20/2024 0:43,-0.75,-0.75,-0.75,-0.6875,-0.3125,-0.1875
4/20/2024 2:43,-0.75,-0.75,-0.75,-0.6875,-0.3125,-0.1875
4/20/2024 4:43,-0.75,-0.75,-0.6875,-0.6875,-0.3125,-0.125
4/20/2024 6:43,-0.75,-0.6875,-0.6875,-0.6875,-0.3125,-0.1875
4/20/2024 8:43,-0.75,-0.6875,-0.6875,-0.6875,-0.3125,-0.125
4/20/2024 10:43,-0.6875,-0.6875,-0.6875,-0.625,-0.3125,-0.125
4/20/2024 12:43,-0.6875,-0.6875,-0.625,-0.625,-0.3125,-0.1875
4/20/2024 14:43,-0.625,-0.6875,-0.6875,-0.625,-0.3125,-0.1875
4/20/2024 16:43,-0.625,-0.625,-0.6875,-0.625,-0.3125,-0.125
4/20/2024 18:43,-0.625,-0.625,-0.625,-0.625,-0.3125,-0.125
4/20/2024 20:43,-0.625,-0.625,-0.625,-0.625,-0.3125,-0.125
4/20/2024 22:43,-0.625,-0.625,-0.625,-0.625,-0.3125,-0.125
4/21/2024 0:43,-0.625,-0.625,-0.625,-0.5625,-0.3125,-0.125
4/21/2024 2:43,-0.625,-0.625,-0.625,-0.625,-0.25,-0.125
4/21/2024 4:43,-0.625,-0.625,-0.625,-0.625,-0.25,-0.125
4/21/2024 6:43,-0.625,-0.5625,-0.625,-0.625,-0.25,-0.1875
4/21/2024 8:43,-0.5625,-0.625,-0.625,-0.625,-0.25,-0.1875
4/21/2024 10:43,-0.5625,-0.5625,-0.5625,-0.5625,-0.25,-0.125
4/21/2024 12:43,-0.5625,-0.5625,-0.5625,-0.5625,-0.25,-0.125
4/21/2024 14:43,-0.5625,-0.5625,-0.5625,-0.5625,-0.3125,-0.125
4/21/2024 16:43,-0.5625,-0.5625,-0.5625,-0.5625,-0.25,-0.1875
4/21/2024 18:43,-0.5625,-0.5625,-0.5625,-0.5625,-0.25,-0.125
4/21/2024 20:43,-0.5625,-0.5625,-0.5625,-0.5625,-0.25,-0.125
4/21/2024 22:43,-0.5625,-0.5625,-0.5625,-0.5625,-0.25,-0.125
4/22/2024 0:43,-0.5,-0.5625,-0.5625,-0.5625,-0.25,-0.125
4/22/2024 2:43,-0.5,-0.5,-0.5625,-0.5625,-0.25,-0.125
4/22/2024 4:43,-0.5,-0.5625,-0.5625,-0.5625,-0.25,-0.125
4/22/2024 6:43,-0.5,-0.5625,-0.5625,-0.5625,-0.25,-0.125
4/22/2024 8:43,-0.5,-0.5,-0.5625,-0.5625,-0.25,-0.125
4/22/2024 10:43,-0.5,-0.5,-0.5,-0.5,-0.25,-0.125
4/22/2024 12:43,-0.5,-0.5,-0.5,-0.5625,-0.25,-0.125
4/22/2024 14:43,-0.5,-0.5,-0.5,-0.5625,-0.25,-0.125
4/22/2024 16:43,-0.5,-0.5,-0.5,-0.5625,-0.25,-0.125
4/22/2024 18:43,-0.4375,-0.5,-0.5,-0.5,-0.25,-0.1875
4/22/2024 20:43,-0.5,-0.5,-0.5,-0.5,-0.25,-0.125
4/22/2024 22:43,-0.5,-0.5,-0.5,-0.5,-0.25,-0.125
4/23/2024 0:43,-0.5,-0.5,-0.5,-0.5,-0.25,-0.125
4/23/2024 2:43,-0.5,-0.5,-0.5,-0.5,-0.25,-0.125
4/23/2024 4:43,-0.5,-0.5,-0.5,-0.5,-0.25,-0.125
4/23/2024 6:43,-0.5,-0.4375,-0.5,-0.5,-0.25,-0.125
4/23/2024 8:43,-0.5,-0.5,-0.5,-0.5,-0.25,-0.125
4/23/2024 10:43,-0.5,-0.5,-0.5,-0.5,-0.1875,-0.125
4/23/2024 12:43,-0.4375,-0.5,-0.5,-0.5,-0.25,-0.125
4/23/2024 14:43,-0.4375,-0.5,-0.4375,-0.5,-0.25,-0.125
4/23/2024 16:43,-0.4375,-0.4375,-0.5,-0.5,-0.25,-0.125
4/23/2024 18:43,-0.4375,-0.4375,-0.5,-0.5,-0.1875,-0.125
4/23/2024 20:43,-0.4375,-0.4375,-0.4375,-0.5,-0.25,-0.125
4/23/2024 22:43,-0.4375,-0.5,-0.5,-0.5,-0.1875,-0.125
4/24/2024 0:43,-0.4375,-0.4375,-0.5,-0.5,-0.25,-0.125
4/24/2024 2:43,-0.4375,-0.5,-0.4375,-0.5,-0.25,-0.125
4/24/2024 4:43,-0.4375,-0.4375,-0.4375,-0.5,-0.1875,-0.125
4/24/2024 6:43,-0.4375,-0.5,-0.4375,-0.5,-0.1875,-0.125
4/24/2024 8:43,-0.4375,-0.4375,-0.4375,-0.5,-0.1875,-0.125
4/24/2024 10:43,-0.4375,-0.4375,-0.4375,-0.5,-0.1875,-0.125
4/24/2024 12:43,-0.4375,-0.4375,-0.4375,-0.4375,-0.1875,-0.125
4/24/2024 14:43,-0.4375,-0.4375,-0.4375,-0.5,-0.1875,-0.125
4/24/2024 16:43,-0.4375,-0.4375,-0.4375,-0.4375,-0.1875,-0.125
4/24/2024 18:43,-0.4375,-0.4375,-0.4375,-0.4375,-0.1875,-0.125
4/24/2024 20:43,-0.4375,-0.4375,-0.4375,-0.5,-0.1875,-0.125
4/24/2024 22:43,-0.4375,-0.4375,-0.4375,-0.5,-0.1875,-0.125
4/25/2024 0:43,-0.4375,-0.4375,-0.4375,-0.5,-0.25,-0.125
4/25/2024 2:43,-0.4375,-0.4375,-0.4375,-0.4375,-0.1875,-0.125
4/25/2024 4:43,-0.4375,-0.4375,-0.4375,-0.4375,-0.1875,-0.125
4/25/2024 6:43,-0.4375,-0.4375,-0.4375,-0.4375,-0.1875,-0.125
4/25/2024 8:43,-0.4375,-0.4375,-0.4375,-0.4375,-0.1875,-0.125
4/25/2024 10:43,-0.4375,-0.4375,-0.4375,-0.4375,-0.1875,-0.125
4/25/2024 12:43,-0.4375,-0.4375,-0.4375,-0.4375,-0.1875,-0.125
4/25/2024 14:43,-0.4375,-0.4375,-0.4375,-0.4375,-0.1875,-0.125
4/25/2024 16:43,-0.4375,-0.4375,-0.4375,-0.4375,-0.1875,-0.125
4/25/2024 18:43,-0.4375,-0.4375,-0.4375,-0.4375,-0.1875,-0.125
4/25/2024 20:43,-0.4375,-0.4375,-0.4375,-0.4375,-0.1875,-0.125
4/25/2024 22:43,-0.375,-0.375,-0.4375,-0.4375,-0.1875,-0.125
4/26/2024 0:43,-0.375,-0.4375,-0.4375,-0.4375,-0.1875,-0.125
4/26/2024 2:43,-0.375,-0.4375,-0.4375,-0.4375,-0.1875,-0.125
4/26/2024 4:43,-0.4375,-0.4375,-0.4375,-0.4375,-0.1875,-0.125
4/26/2024 6:43,-0.375,-0.375,-0.4375,-0.4375,-0.1875,-0.125
4/26/2024 8:43,-0.375,-0.4375,-0.375,-0.4375,-0.25,-0.125
4/26/2024 10:43,-0.375,-0.4375,-0.375,-0.4375,-0.1875,-0.125
4/26/2024 12:43,-0.4375,-0.4375,-0.4375,-0.4375,-0.1875,-0.125
4/26/2024 14:43,-0.4375,-0.4375,-0.4375,-0.4375,-0.1875,-0.125
4/26/2024 16:43,-0.4375,-0.4375,-0.4375,-0.4375,-0.1875,-0.125
4/26/2024 18:43,-0.4375,-0.4375,-0.375,-0.4375,-0.1875,-0.125
4/26/2024 20:43,-0.4375,-0.4375,-0.375,-0.4375,-0.1875,-0.125
4/26/2024 22:43,-0.375,-0.4375,-0.375,-0.4375,-0.1875,-0.125
4/27/2024 0:43,-0.4375,-0.4375,-0.375,-0.4375,-0.1875,-0.125
4/27/2024 2:43,-0.375,-0.4375,-0.4375,-0.4375,-0.1875,-0.125
4/27/2024 4:43,-0.4375,-0.4375,-0.375,-0.4375,-0.1875,-0.125
4/27/2024 6:43,-0.4375,-0.375,-0.4375,-0.4375,-0.1875,-0.125
4/27/2024 8:43,-0.4375,-0.375,-0.375,-0.4375,-0.1875,-0.125
4/27/2024 10:43,-0.4375,-0.375,-0.375,-0.4375,-0.1875,-0.125
4/27/2024 12:43,-0.4375,-0.4375,-0.375,-0.4375,-0.1875,-0.125
4/27/2024 14:43,-0.4375,-0.4375,-0.4375,-0.4375,-0.1875,-0.125
4/27/2024 16:43,-0.4375,-0.4375,-0.375,-0.4375,-0.1875,-0.125
4/27/2024 18:43,-0.4375,-0.4375,-0.375,-0.4375,-0.1875,-0.125
4/27/2024 20:43,-0.4375,-0.4375,-0.375,-0.4375,-0.1875,-0.125
4/27/2024 22:43,-0.4375,-0.4375,-0.4375,-0.4375,-0.1875,-0.125
4/28/2024 0:43,-0.5,-0.4375,-0.4375,-0.4375,-0.1875,-0.125
4/28/2024 2:43,-0.4375,-0.4375,-0.375,-0.4375,-0.1875,-0.125
4/28/2024 4:43,-0.5,-0.4375,-0.375,-0.4375,-0.125,-0.125
4/28/2024 6:43,-0.5,-0.4375,-0.375,-0.4375,-0.1875,-0.125
4/28/2024 8:43,-0.5,-0.4375,-0.375,-0.4375,-0.1875,-0.125
4/28/2024 10:43,-0.5,-0.4375,-0.4375,-0.4375,-0.1875,-0.125
4/28/2024 12:43,-0.5,-0.4375,-0.375,-0.4375,-0.1875,-0.125
4/28/2024 14:43,-0.5,-0.4375,-0.375,-0.4375,-0.1875,-0.125
4/28/2024 16:43,-0.5,-0.4375,-0.375,-0.4375,-0.1875,-0.125
4/28/2024 18:43,-0.5625,-0.4375,-0.4375,-0.4375,-0.1875,-0.125
4/28/2024 20:43,-0.5625,-0.5,-0.4375,-0.4375,-0.1875,-0.125
4/28/2024 22:43,-0.5625,-0.5,-0.4375,-0.4375,-0.1875,-0.125
4/29/2024 0:43,-0.625,-0.5,-0.4375,-0.4375,-0.125,-0.125
4/29/2024 2:43,-0.5625,-0.5,-0.375,-0.4375,-0.1875,-0.125
4/29/2024 4:43,-0.625,-0.5,-0.4375,-0.4375,-0.1875,-0.125
4/29/2024 6:43,-0.625,-0.5,-0.4375,-0.4375,-0.1875,-0.125
4/29/2024 8:43,-0.625,-0.5,-0.4375,-0.4375,-0.1875,-0.125
4/29/2024 10:43,-0.625,-0.5,-0.4375,-0.4375,-0.125,-0.125
4/29/2024 12:43,-0.625,-0.5,-0.4375,-0.4375,-0.1875,-0.125
4/29/2024 14:43,-0.625,-0.5,-0.4375,-0.4375,-0.1875,-0.125
4/29/2024 16:43,-0.625,-0.5,-0.4375,-0.4375,-0.1875,-0.125
4/29/2024 18:43,-0.6875,-0.5625,-0.4375,-0.4375,-0.125,-0.125
4/29/2024 20:43,-0.6875,-0.5625,-0.4375,-0.4375,-0.1875,-0.125
4/29/2024 22:43,-0.75,-0.5625,-0.4375,-0.4375,-0.1875,-0.125
4/30/2024 0:43,-0.75,-0.5625,-0.4375,-0.4375,-0.1875,-0.125
4/30/2024 2:43,-0.75,-0.5625,-0.4375,-0.4375,-0.1875,-0.125
4/30/2024 4:43,-0.75,-0.625,-0.4375,-0.4375,-0.1875,-0.125
4/30/2024 6:43,-0.75,-0.5625,-0.4375,-0.4375,-0.1875,-0.125
4/30/2024 8:43,-0.75,-0.625,-0.4375,-0.4375,-0.1875,-0.125
4/30/2024 10:43,-0.8125,-0.625,-0.5,-0.4375,-0.1875,-0.125
4/30/2024 12:43,-0.8125,-0.625,-0.5,-0.4375,-0.1875,-0.125
4/30/2024 14:43,-0.8125,-0.625,-0.5,-0.4375,-0.1875,-0.125
4/30/2024 16:43,-0.8125,-0.625,-0.5,-0.5,-0.1875,-0.125
4/30/2024 18:43,-0.875,-0.625,-0.5,-0.4375,-0.1875,-0.125
4/30/2024 20:43,-0.875,-0.625,-0.5,-0.4375,-0.1875,-0.125
4/30/2024 22:43,-0.875,-0.625,-0.5,-0.5,-0.1875,-0.125
5/1/2024 0:43,-0.875,-0.6875,-0.5,-0.5,-0.1875,-0.125
5/1/2024 2:43,-0.9375,-0.6875,-0.5,-0.4375,-0.1875,-0.125
5/1/2024 4:43,-0.9375,-0.6875,-0.5,-0.5,-0.1875,-0.125
5/1/2024 6:43,-0.9375,-0.6875,-0.5625,-0.4375,-0.1875,-0.125
5/1/2024 8:43,-0.9375,-0.6875,-0.5625,-0.5,-0.1875,-0.125
5/1/2024 10:43,-0.9375,-0.75,-0.5625,-0.5,-0.1875,-0.125
5/1/2024 12:43,-1,-0.75,-0.5625,-0.5,-0.1875,-0.125
5/1/2024 14:43,-1,-0.75,-0.5625,-0.5,-0.1875,-0.125
5/1/2024 16:43,-1,-0.75,-0.5625,-0.5,-0.1875,-0.125
5/1/2024 18:43,-1,-0.75,-0.5625,-0.5,-0.1875,-0.125
5/1/2024 20:43,-1,-0.8125,-0.5625,-0.5,-0.1875,-0.125
5/1/2024 22:43,-1.0625,-0.8125,-0.625,-0.5,-0.1875,-0.125
5/2/2024 0:43,-1.0625,-0.8125,-0.625,-0.5,-0.1875,-0.125
5/2/2024 2:43,-1.0625,-0.8125,-0.625,-0.5625,-0.1875,-0.125
5/2/2024 4:43,-1.0625,-0.8125,-0.625,-0.5,-0.1875,-0.125
5/2/2024 6:43,-1.0625,-0.8125,-0.625,-0.5,-0.1875,-0.125
5/2/2024 8:43,-1.0625,-0.8125,-0.625,-0.5,-0.1875,-0.125
5/2/2024 10:43,-1.0625,-0.875,-0.625,-0.5625,-0.1875,-0.125
5/2/2024 12:43,-1.0625,-0.8125,-0.625,-0.5625,-0.1875,-0.125
5/2/2024 14:43,-1.0625,-0.875,-0.625,-0.5625,-0.1875,-0.125
5/2/2024 16:43,-1.0625,-0.875,-0.6875,-0.5625,-0.1875,-0.125
5/2/2024 18:43,-1.0625,-0.875,-0.6875,-0.5625,-0.25,-0.125
5/2/2024 20:43,-1.125,-0.875,-0.6875,-0.5625,-0.1875,-0.125
5/2/2024 22:43,-1.125,-0.875,-0.6875,-0.5625,-0.1875,-0.125
5/3/2024 0:43,-1.125,-0.875,-0.6875,-0.5625,-0.1875,-0.125
5/3/2024 2:43,-1.125,-0.875,-0.6875,-0.5625,-0.1875,-0.125
5/3/2024 4:43,-1.125,-0.875,-0.6875,-0.5625,-0.25,-0.125
5/3/2024 6:43,-1.125,-0.9375,-0.6875,-0.5625,-0.1875,-0.125
5/3/2024 8:43,-1.125,-0.9375,-0.6875,-0.5625,-0.1875,-0.125
5/3/2024 10:43,-1.125,-0.9375,-0.6875,-0.5625,-0.25,-0.125
5/3/2024 12:43,-1.125,-0.9375,-0.6875,-0.5625,-0.25,-0.125
5/3/2024 14:43,-1.125,-0.9375,-0.6875,-0.5625,-0.25,-0.1875
5/3/2024 16:43,-1.1875,-0.9375,-0.75,-0.625,-0.25,-0.125
5/3/2024 18:43,-1.1875,-0.9375,-0.6875,-0.625,-0.25,-0.125
5/3/2024 20:43,-1.1875,-0.9375,-0.75,-0.625,-0.25,-0.125
5/3/2024 22:43,-1.1875,-0.9375,-0.75,-0.625,-0.25,-0.125
5/4/2024 0:43,-1.1875,-0.9375,-0.75,-0.625,-0.25,-0.125
5/4/2024 2:43,-1.1875,-1,-0.75,-0.625,-0.25,-0.125
5/4/2024 4:43,-1.1875,-1,-0.75,-0.625,-0.25,-0.125
5/4/2024 6:43,-1.1875,-0.9375,-0.75,-0.625,-0.25,-0.1875
5/4/2024 8:43,-1.1875,-1,-0.75,-0.625,-0.25,-0.125
5/4/2024 10:43,-1.1875,-1,-0.75,-0.625,-0.25,-0.125
5/4/2024 12:43,-1.1875,-1,-0.75,-0.625,-0.25,-0.1875
5/4/2024 14:43,-1.25,-1,-0.75,-0.625,-0.25,-0.1875
5/4/2024 16:43,-1.25,-1,-0.75,-0.625,-0.25,-0.1875
5/4/2024 18:43,-1.25,-1,-0.8125,-0.6875,-0.25,-0.1875
5/4/2024 20:43,-1.25,-1,-0.8125,-0.6875,-0.25,-0.1875
5/4/2024 22:43,-1.25,-1.0625,-0.8125,-0.6875,-0.25,-0.1875
5/5/2024 0:43,-1.3125,-1.0625,-0.8125,-0.625,-0.25,-0.125
5/5/2024 2:43,-1.3125,-1.0625,-0.8125,-0.6875,-0.25,-0.1875
5/5/2024 4:43,-1.3125,-1,-0.8125,-0.6875,-0.25,-0.1875
5/5/2024 6:43,-1.25,-1.0625,-0.8125,-0.6875,-0.25,-0.1875
5/5/2024 8:43,-1.3125,-1.0625,-0.8125,-0.6875,-0.25,-0.1875
5/5/2024 10:43,-1.3125,-1.0625,-0.8125,-0.6875,-0.25,-0.1875
5/5/2024 12:43,-1.3125,-1.0625,-0.8125,-0.6875,-0.25,-0.1875
5/5/2024 14:43,-1.25,-1.0625,-0.8125,-0.6875,-0.25,-0.1875
5/5/2024 16:43,-1.25,-1.0625,-0.8125,-0.6875,-0.25,-0.1875
5/5/2024 18:43,-1.25,-1.0625,-0.8125,-0.6875,-0.25,-0.1875
5/5/2024 20:43,-1.25,-1.0625,-0.875,-0.6875,-0.25,-0.1875
5/5/2024 22:43,-1.25,-1.0625,-0.8125,-0.6875,-0.3125,-0.1875
5/6/2024 0:43,-1.3125,-1.0625,-0.8125,-0.6875,-0.3125,-0.1875
5/6/2024 2:43,-1.25,-1.0625,-0.875,-0.75,-0.3125,-0.1875
5/6/2024 4:43,-1.25,-1.0625,-0.875,-0.6875,-0.3125,-0.1875
5/6/2024 6:43,-1.25,-1.0625,-0.875,-0.6875,-0.3125,-0.1875
5/6/2024 8:43,-1.25,-1.0625,-0.875,-0.6875,-0.3125,-0.1875
5/6/2024 10:43,-1.25,-1.0625,-0.875,-0.6875,-0.3125,-0.1875
5/6/2024 12:43,-1.25,-1.0625,-0.875,-0.75,-0.3125,-0.1875
5/6/2024 14:43,-1.25,-1.0625,-0.875,-0.75,-0.3125,-0.1875
5/6/2024 16:43,-1.25,-1.0625,-0.875,-0.6875,-0.3125,-0.1875
5/6/2024 18:43,-1.1875,-1.0625,-0.875,-0.6875,-0.3125,-0.1875
5/6/2024 20:43,-1.1875,-1.0625,-0.875,-0.75,-0.3125,-0.1875
5/6/2024 22:43,-1.1875,-1.0625,-0.875,-0.75,-0.3125,-0.1875
5/7/2024 0:43,-1.1875,-1.0625,-0.875,-0.75,-0.3125,-0.1875
5/7/2024 2:43,-1.1875,-1.0625,-0.875,-0.75,-0.3125,-0.1875
5/7/2024 4:43,-1.1875,-1.0625,-0.875,-0.75,-0.3125,-0.1875
5/7/2024 6:43,-1.1875,-1.0625,-0.875,-0.6875,-0.3125,-0.1875
5/7/2024 8:43,-1.1875,-1.0625,-0.875,-0.75,-0.3125,-0.1875
5/7/2024 10:43,-1.1875,-1,-0.875,-0.75,-0.3125,-0.1875
5/7/2024 12:43,-1.1875,-1.0625,-0.875,-0.75,-0.3125,-0.1875
5/7/2024 14:43,-1.125,-1,-0.875,-0.75,-0.3125,-0.1875
5/7/2024 16:43,-1.125,-1,-0.875,-0.75,-0.3125,-0.1875
5/7/2024 18:43,-1.125,-1,-0.8125,-0.75,-0.3125,-0.1875
5/7/2024 20:43,-1.125,-1,-0.8125,-0.75,-0.3125,-0.1875
5/7/2024 22:43,-1.125,-0.9375,-0.8125,-0.6875,-0.3125,-0.1875
5/8/2024 0:43,-1.125,-1,-0.8125,-0.75,-0.3125,-0.1875
5/8/2024 2:43,-1.125,-1,-0.875,-0.75,-0.3125,-0.1875
5/8/2024 4:43,-1.125,-1,-0.8125,-0.75,-0.3125,-0.1875
5/8/2024 6:43,-1.0625,-1,-0.8125,-0.75,-0.3125,-0.1875
5/8/2024 8:43,-1.0625,-0.9375,-0.8125,-0.75,-0.3125,-0.1875
5/8/2024 10:43,-1.0625,-0.9375,-0.8125,-0.6875,-0.3125,-0.1875
5/8/2024 12:43,-1,-0.9375,-0.8125,-0.75,-0.3125,-0.1875
5/8/2024 14:43,-1,-0.9375,-0.8125,-0.75,-0.3125,-0.1875
5/8/2024 16:43,-1,-0.9375,-0.8125,-0.75,-0.3125,-0.1875
5/8/2024 18:43,-1,-0.875,-0.8125,-0.75,-0.3125,-0.1875
5/8/2024 20:43,-1,-0.875,-0.8125,-0.75,-0.3125,-0.1875
5/8/2024 22:43,-0.9375,-0.875,-0.8125,-0.6875,-0.3125,-0.1875
5/9/2024 0:43,-0.9375,-0.875,-0.8125,-0.75,-0.3125,-0.1875
5/9/2024 2:43,-0.9375,-0.875,-0.8125,-0.6875,-0.3125,-0.1875
5/9/2024 4:43,-0.9375,-0.875,-0.75,-0.6875,-0.3125,-0.1875
5/9/2024 6:43,-0.9375,-0.8125,-0.75,-0.75,-0.3125,-0.1875
5/9/2024 8:43,-0.875,-0.8125,-0.8125,-0.75,-0.25,-0.1875
5/9/2024 10:43,-0.875,-0.8125,-0.75,-0.6875,-0.3125,-0.1875
5/9/2024 12:43,-0.875,-0.8125,-0.75,-0.6875,-0.3125,-0.1875
5/9/2024 14:43,-0.8125,-0.75,-0.75,-0.6875,-0.3125,-0.1875
5/9/2024 16:43,-0.8125,-0.75,-0.75,-0.6875,-0.3125,-0.1875
5/9/2024 18:43,-0.8125,-0.75,-0.75,-0.6875,-0.3125,-0.1875
5/9/2024 20:43,-0.8125,-0.75,-0.6875,-0.6875,-0.3125,-0.1875
5/9/2024 22:43,-0.75,-0.75,-0.6875,-0.6875,-0.3125,-0.1875
5/10/2024 0:43,-0.75,-0.6875,-0.6875,-0.6875,-0.3125,-0.1875
5/10/2024 2:43,-0.75,-0.6875,-0.6875,-0.6875,-0.3125,-0.1875
5/10/2024 4:43,-0.75,-0.6875,-0.6875,-0.6875,-0.3125,-0.1875
5/10/2024 6:43,-0.6875,-0.6875,-0.6875,-0.6875,-0.3125,-0.1875
5/10/2024 8:43,-0.6875,-0.625,-0.6875,-0.6875,-0.25,-0.1875
5/10/2024 10:43,-0.6875,-0.6875,-0.6875,-0.6875,-0.25,-0.1875
5/10/2024 12:43,-0.625,-0.625,-0.6875,-0.6875,-0.3125,-0.1875
5/10/2024 14:43,-0.625,-0.625,-0.625,-0.625,-0.25,-0.1875
5/10/2024 16:43,-0.625,-0.625,-0.625,-0.625,-0.25,-0.1875
5/10/2024 18:43,-0.5625,-0.625,-0.625,-0.625,-0.25,-0.1875
5/10/2024 20:43,-0.5625,-0.5625,-0.625,-0.625,-0.25,-0.1875
5/10/2024 22:43,-0.5625,-0.5625,-0.625,-0.625,-0.25,-0.1875
5/11/2024 0:43,-0.625,-0.5625,-0.5625,-0.5625,-0.25,-0.1875
5/11/2024 2:43,-0.5625,-0.5,-0.5625,-0.625,-0.25,-0.1875
5/11/2024 4:43,-0.5625,-0.5,-0.625,-0.625,-0.25,-0.1875
5/11/2024 6:43,-0.5625,-0.5,-0.5625,-0.625,-0.25,-0.1875
5/11/2024 8:43,-0.5625,-0.5,-0.5625,-0.5625,-0.25,-0.1875
5/11/2024 10:43,-0.5625,-0.5,-0.5625,-0.5625,-0.25,-0.1875
5/11/2024 12:43,-0.5625,-0.5,-0.5625,-0.5625,-0.25,-0.1875
5/11/2024 14:43,-0.5625,-0.4375,-0.5625,-0.5625,-0.25,-0.1875
5/11/2024 16:43,-0.5,-0.4375,-0.5,-0.5625,-0.25,-0.1875
5/11/2024 18:43,-0.5625,-0.4375,-0.5,-0.5625,-0.25,-0.1875
5/11/2024 20:43,-0.5,-0.375,-0.5,-0.5625,-0.1875,-0.1875
5/11/2024 22:43,-0.5,-0.375,-0.5,-0.5625,-0.1875,-0.1875
5/12/2024 0:43,-0.5,-0.375,-0.5,-0.5625,-0.1875,-0.125
5/12/2024 2:43,-0.5,-0.375,-0.5,-0.5625,-0.1875,-0.125
5/12/2024 4:43,-0.5,-0.3125,-0.5,-0.5625,-0.1875,-0.1875
5/12/2024 6:43,-0.5,-0.3125,-0.5,-0.5625,-0.1875,-0.1875
5/12/2024 8:43,-0.4375,-0.3125,-0.4375,-0.5,-0.1875,-0.1875
5/12/2024 10:43,-0.4375,-0.3125,-0.4375,-0.5,-0.1875,-0.125
5/12/2024 12:43,-0.4375,-0.3125,-0.4375,-0.5625,-0.1875,-0.125
5/12/2024 14:43,-0.4375,-0.3125,-0.4375,-0.5,-0.125,-0.1875
5/12/2024 16:43,-0.375,-0.25,-0.4375,-0.5,-0.1875,-0.125
5/12/2024 18:43,-0.4375,-0.25,-0.375,-0.5,-0.1875,-0.125
5/12/2024 20:43,-0.375,-0.25,-0.375,-0.5,-0.125,-0.1875
5/12/2024 22:43,-0.375,-0.25,-0.375,-0.5,-0.125,-0.125
5/13/2024 0:43,-0.375,-0.25,-0.375,-0.5,-0.1875,-0.1875
5/13/2024 2:43,-0.375,-0.25,-0.375,-0.5,-0.1875,-0.125
5/13/2024 4:43,-0.4375,-0.3125,-0.4375,-0.5,-0.1875,-0.1875
5/13/2024 6:43,-0.375,-0.1875,-0.375,-0.4375,-0.125,-0.125
5/13/2024 8:43,-0.375,-0.1875,-0.375,-0.5,-0.125,-0.125
5/13/2024 10:43,-0.375,-0.1875,-0.375,-0.4375,-0.125,-0.125
5/13/2024 12:43,-0.375,-0.125,-0.375,-0.4375,-0.125,-0.125
5/13/2024 14:43,-0.375,-0.125,-0.3125,-0.4375,-0.125,-0.125
5/13/2024 16:43,-0.375,-0.125,-0.3125,-0.4375,-0.125,-0.125
5/13/2024 18:43,-0.375,-0.125,-0.3125,-0.4375,-0.125,-0.125
5/13/2024 20:43,-0.375,-0.125,-0.3125,-0.4375,-0.125,-0.125
5/13/2024 22:43,-0.3125,-0.125,-0.3125,-0.4375,-0.125,-0.125
5/14/2024 0:43,-0.3125,-0.0625,-0.3125,-0.4375,-0.125,-0.125
5/14/2024 2:43,-0.375,-0.0625,-0.3125,-0.4375,-0.0625,-0.125
5/14/2024 4:43,-0.375,-0.0625,-0.3125,-0.4375,-0.125,-0.125
5/14/2024 6:43,-0.3125,-0.0625,-0.25,-0.4375,-0.0625,-0.125
5/14/2024 8:43,-0.3125,-0.0625,-0.3125,-0.4375,-0.0625,-0.125
5/14/2024 10:43,-0.3125,0,-0.25,-0.4375,-0.0625,-0.125
5/14/2024 12:43,-0.3125,0,-0.25,-0.375,-0.0625,-0.125
5/14/2024 14:43,-0.25,0.0625,-0.25,-0.375,-0.0625,-0.125
5/14/2024 16:43,-0.25,0.0625,-0.1875,-0.375,-0.0625,-0.125
5/14/2024 18:43,-0.3125,0,-0.25,-0.375,-0.0625,-0.125
5/14/2024 20:43,-0.25,0.0625,-0.1875,-0.375,-0.0625,-0.125
5/14/2024 22:43,-0.25,0.0625,-0.1875,-0.375,-0.0625,-0.125
5/15/2024 0:43,-0.1875,0.125,-0.1875,-0.375,0,-0.125
5/15/2024 2:43,-0.25,0.125,-0.1875,-0.375,0,-0.125
5/15/2024 4:43,-0.1875,0.125,-0.1875,-0.3125,-0.0625,-0.0625
5/15/2024 6:43,-0.1875,0.125,-0.1875,-0.3125,0,-0.125
5/15/2024 8:43,-0.1875,0.1875,-0.125,-0.3125,0,-0.0625
5/15/2024 10:43,-0.1875,0.1875,-0.1875,-0.3125,0,-0.0625
5/15/2024 12:43,-0.1875,0.1875,-0.1875,-0.3125,0,-0.125
5/15/2024 14:43,-0.125,0.25,-0.125,-0.3125,0,-0.0625
5/15/2024 16:43,-0.125,0,-0.25,-0.375,-0.0625,-0.125
5/15/2024 18:43,0,0.25,-0.125,-0.3125,0,-0.0625
5/15/2024 20:43,0,0.3125,-0.125,-0.3125,0.0625,-0.0625
5/15/2024 22:43,0,0.3125,-0.0625,-0.3125,0,-0.0625
5/16/2024 0:43,0,0.375,-0.125,-0.3125,0.0625,-0.125
5/16/2024 2:43,-0.0625,0.125,-0.1875,-0.375,-0.0625,-0.125
5/16/2024 4:43,0,0.375,-0.0625,-0.25,0.0625,-0.0625
5/16/2024 6:43,0.0625,0.4375,-0.0625,-0.25,0.0625,-0.0625
5/16/2024 8:43,0.0625,0.4375,-0.0625,-0.25,0.0625,-0.0625
5/16/2024 10:43,0.0625,0.4375,-0.0625,-0.25,0.0625,-0.0625
5/16/2024 12:43,0.0625,0.5,0,-0.25,0.125,0
5/16/2024 14:43,0.0625,0.5,0,-0.25,0.125,-0.0625
5/16/2024 16:43,0.0625,0.5625,0,-0.25,0.125,0
5/16/2024 18:43,0.0625,0.5625,0,-0.1875,0.125,0
5/16/2024 20:43,0,0.3125,-0.0625,-0.3125,0,-0.125
5/16/2024 22:43,0.125,0.5625,0,-0.1875,0.1875,0
5/17/2024 0:43,0.0625,0.625,0.0625,-0.1875,0.125,0
5/17/2024 2:43,0.125,0.625,0.0625,-0.125,0.1875,0
5/17/2024 4:43,0.125,0.6875,0.0625,-0.1875,0.1875,0
5/17/2024 6:43,0.125,0.6875,0.0625,-0.125,0.1875,0
5/17/2024 8:43,0.125,0.75,0.125,-0.125,0.1875,0
5/17/2024 10:43,0.125,0.6875,0.0625,-0.125,0.25,0
5/17/2024 12:43,0.125,0.75,0.125,-0.125,0.1875,0
5/17/2024 14:43,0.125,0.75,0.125,-0.125,0.25,0.0625
5/17/2024 16:43,0.125,0.75,0.125,-0.125,0.25,0
5/17/2024 18:43,0.1875,0.8125,0.125,-0.125,0.25,0
5/17/2024 20:43,0.125,0.75,0.125,-0.0625,0.25,0
5/17/2024 22:43,0.1875,0.875,0.1875,-0.0625,0.3125,0.0625
5/18/2024 0:43,0.1875,0.875,0.1875,-0.0625,0.25,0.0625
5/18/2024 2:43,0.25,0.9375,0.1875,0,0.375,0.0625
5/18/2024 4:43,0.1875,0.9375,0.25,0,0.375,0.125
5/18/2024 6:43,0.25,1.0625,0.25,0,0.4375,0.125
5/18/2024 8:43,0.25,1,0.25,0,0.375,0.0625
5/18/2024 10:43,0.25,1.0625,0.3125,0.0625,0.4375,0.125
5/18/2024 12:43,0.25,1.125,0.25,0.0625,0.4375,0.125
5/18/2024 14:43,0.25,1.1875,0.3125,0.0625,0.5,0.1875
5/18/2024 16:43,0.25,1.1875,0.3125,0.125,0.5,0.1875
5/18/2024 18:43,0.3125,1.25,0.375,0.125,0.5625,0.1875
5/18/2024 20:43,0.3125,1.1875,0.375,0.1875,0.5,0.1875
5/18/2024 22:43,0.3125,1.1875,0.375,0.125,0.5625,0.1875
5/19/2024 0:43,0.25,1.1875,0.375,0.125,0.5,0.1875
5/19/2024 2:43,0.3125,1.25,0.375,0.125,0.5625,0.1875
5/19/2024 4:43,0.3125,1.25,0.375,0.1875,0.5625,0.1875
5/19/2024 6:43,0.3125,1.25,0.4375,0.1875,0.625,0.25
5/19/2024 8:43,0.375,1.3125,0.375,0.1875,0.625,0.25
5/19/2024 10:43,0.375,1.3125,0.375,0.1875,0.625,0.25
5/19/2024 12:43,0.375,1.375,0.4375,0.25,0.625,0.25
5/19/2024 14:43,0.375,1.375,0.4375,0.25,0.625,0.25
5/19/2024 16:43,0.375,1.3125,0.4375,0.25,0.6875,0.25
5/19/2024 18:43,0.375,1.3125,0.4375,0.25,0.625,0.25
5/19/2024 20:43,0.4375,1.3125,0.4375,0.25,0.6875,0.3125
5/19/2024 22:43,0.375,1.375,0.4375,0.3125,0.6875,0.3125
5/20/2024 0:43,0.375,1.375,0.4375,0.3125,0.75,0.25
5/20/2024 2:43,0.4375,1.375,0.5,0.3125,0.75,0.3125
5/20/2024 4:43,0.4375,1.375,0.5,0.375,0.8125,0.3125
5/20/2024 6:43,0.5,1.375,0.5,0.375,0.8125,0.375
5/20/2024 8:43,0.4375,1.375,0.5625,0.375,0.875,0.375
5/20/2024 10:43,0.5,1.375,0.5625,0.4375,0.8125,0.375
5/20/2024 12:43,0.5,1.375,0.625,0.4375,0.875,0.4375
5/20/2024 14:43,0.3125,1.3125,0.4375,0.125,0.5,0.125
5/20/2024 16:43,0.5625,1.3125,0.625,0.5,0.9375,0.4375
5/20/2024 18:43,0.5625,1.375,0.625,0.5,0.9375,0.4375
5/20/2024 20:43,0.5625,1.375,0.625,0.5625,1,0.4375
5/20/2024 22:43,0.5625,1.3125,0.625,0.5625,1,0.5
5/21/2024 0:43,0.5625,1.1875,0.625,0.5625,1,0.5625
5/21/2024 2:43,0.625,0.6875,0.6875,0.625,1.125,0.5625
5/21/2024 4:43,0.625,0.625,0.6875,0.625,1.125,0.5625
