Date/Hour,28D02BD8C0000F4,2851EBD7C000091,28ADF9D7C000061,2885A7D8C0000DB,285FB4D8C0000E2,288ED5D7C000057
8/7/2023 18:45,17.6875,12.4375,9.125,6.875,4.0625,2.125
8/7/2023 20:45,15.0625,12.5625,9.1875,6.8125,4,2.125
8/7/2023 22:45,13.375,12.3125,9.3125,6.75,4,2.125
8/8/2023 0:45,12.3125,11.9375,9.4375,6.75,4,2.125
8/8/2023 2:45,11.0625,11.5625,9.4375,6.8125,4,2.125
8/8/2023 4:45,11.0625,11.25,9.4375,6.8125,3.9375,2.125
8/8/2023 6:45,11.6875,11,9.4375,6.8125,3.9375,2.125
8/8/2023 8:45,11.8125,10.9375,9.3125,6.875,4,2.125
8/8/2023 10:45,13.125,11,9.25,6.8125,3.9375,2.125
8/8/2023 12:45,15.125,11.125,9.1875,6.8125,3.9375,2.125
8/8/2023 14:45,15.0625,11.4375,9.125,6.8125,4,2.125
8/8/2023 16:45,16.9375,11.8125,9.125,6.8125,4,2.125
8/8/2023 18:45,15.4375,12.0625,9.125,6.75,3.9375,2.125
8/8/2023 20:45,14.375,12,9.1875,6.75,3.9375,2.125
8/8/2023 22:45,12.875,11.8125,9.25,6.75,3.9375,2.125
8/9/2023 0:45,11.375,11.4375,9.25,6.75,3.9375,2.125
8/9/2023 2:45,10.6875,11.125,9.25,6.6875,3.9375,2.125
8/9/2023 4:45,9.8125,10.75,9.1875,6.6875,3.9375,2.125
8/9/2023 6:45,9.8125,10.4375,9.125,6.6875,3.9375,2.125
8/9/2023 8:45,10.8125,10.3125,9.0625,6.6875,3.9375,2.125
8/9/2023 10:45,11.75,10.3125,8.9375,6.6875,3.875,2.125
8/9/2023 12:45,12.75,10.4375,8.875,6.6875,3.875,2.125
8/9/2023 14:45,13.75,10.625,8.8125,6.625,3.875,2.125
8/9/2023 16:45,14.3125,10.875,8.75,6.5625,3.875,2.125
8/9/2023 18:45,13.6875,10.9375,8.6875,6.5,3.875,2.125
8/9/2023 20:45,12.5625,10.875,8.6875,6.5,3.8125,2.125
8/9/2023 22:45,11.75,10.625,8.625,6.4375,3.8125,2.125
8/10/2023 0:45,11.25,10.5,8.625,6.4375,3.8125,2.125
8/10/2023 2:45,10.8125,10.3125,8.5625,6.375,3.8125,2.0625
8/10/2023 4:45,10.4375,10.0625,8.5625,6.375,3.8125,2.0625
8/10/2023 6:45,10.3125,9.9375,8.5,6.3125,3.75,2.0625
8/10/2023 8:45,10.875,9.875,8.375,6.25,3.75,2.0625
8/10/2023 10:45,11.75,9.875,8.3125,6.25,3.6875,2.0625
8/10/2023 12:45,12.625,10,8.25,6.1875,3.6875,2.0625
8/10/2023 14:45,12.8125,10.125,8.25,6.1875,3.6875,2.0625
8/10/2023 16:45,12.75,10.1875,8.1875,6.125,3.625,2
8/10/2023 18:45,12.0625,10.125,8.125,6.0625,3.625,2.0625
8/10/2023 20:45,11.25,10.0625,8.125,6.0625,3.625,2
8/10/2023 22:45,10.75,9.875,8.125,6,3.5625,2
8/11/2023 0:45,10.125,9.6875,8.0625,6,3.5625,2
8/11/2023 2:45,9.6875,9.5625,8.0625,5.9375,3.5625,2
8/11/2023 4:45,9.5625,9.4375,8,5.9375,3.5625,2
8/11/2023 6:45,9.5,9.25,7.9375,5.9375,3.5,2
8/11/2023 8:45,9.75,9.125,7.875,5.875,3.5,2
8/11/2023 10:45,10.5,9.125,7.8125,5.875,3.5,2
8/11/2023 12:45,11.75,9.25,7.75,5.8125,3.4375,1.9375
8/11/2023 14:45,12.25,9.4375,7.625,5.75,3.4375,1.9375
8/11/2023 16:45,12.3125,9.8125,7.625,5.6875,3.4375,1.9375
8/11/2023 18:45,12,10,7.625,5.6875,3.375,1.9375
8/11/2023 20:45,11.25,10,7.6875,5.625,3.375,1.9375
8/11/2023 22:45,10.4375,9.875,7.75,5.625,3.375,1.875
8/12/2023 0:45,9.625,9.625,7.75,5.625,3.375,1.875
8/12/2023 2:45,9.1875,9.375,7.75,5.625,3.375,1.875
8/12/2023 4:45,8.8125,9.125,7.75,5.625,3.3125,1.875
8/12/2023 6:45,8.875,8.9375,7.6875,5.625,3.3125,1.875
8/12/2023 8:45,9.6875,8.875,7.625,5.625,3.3125,1.9375
8/12/2023 10:45,11.4375,9,7.5625,5.625,3.3125,1.875
8/12/2023 12:45,12.125,9.1875,7.4375,5.5625,3.3125,1.875
8/12/2023 14:45,12.5625,9.4375,7.4375,5.5625,3.3125,1.875
8/12/2023 16:45,12.5625,9.625,7.4375,5.5,3.3125,1.875
8/12/2023 18:45,11.0625,9.625,7.4375,5.5,3.3125,1.875
8/12/2023 20:45,9.9375,9.4375,7.4375,5.5,3.25,1.875
8/12/2023 22:45,9.125,9.1875,7.4375,5.5,3.3125,1.875
8/13/2023 0:45,8.5625,8.9375,7.5,5.4375,3.25,1.875
8/13/2023 2:45,7.625,8.6875,7.4375,5.4375,3.25,1.875
8/13/2023 4:45,6.9375,8.375,7.375,5.4375,3.25,1.875
8/13/2023 6:45,6.6875,8.0625,7.3125,5.4375,3.25,1.875
8/13/2023 8:45,7.5625,7.875,7.1875,5.4375,3.1875,1.875
8/13/2023 10:45,9.3125,7.9375,7.125,5.375,3.1875,1.875
8/13/2023 12:45,10.625,8.125,7,5.3125,3.1875,1.875
8/13/2023 14:45,11.125,8.375,6.9375,5.3125,3.1875,1.8125
8/13/2023 16:45,12.875,8.625,6.875,5.25,3.1875,1.8125
8/13/2023 18:45,11.4375,8.8125,6.8125,5.25,3.125,1.8125
8/13/2023 20:45,10.375,8.8125,6.875,5.1875,3.1875,1.8125
8/13/2023 22:45,8.875,8.625,6.875,5.1875,3.125,1.8125
8/14/2023 0:45,8,8.375,6.9375,5.1875,3.125,1.8125
8/14/2023 2:45,7.5,8.125,6.875,5.125,3.125,1.8125
8/14/2023 4:45,7.125,7.9375,6.9375,5.125,3.125,1.8125
8/14/2023 6:45,7.1875,7.6875,6.875,5.125,3.0625,1.8125
8/14/2023 8:45,7.625,7.625,6.8125,5.125,3.0625,1.8125
8/14/2023 10:45,9.6875,7.75,6.75,5.125,3.0625,1.8125
8/14/2023 12:45,10.875,8,6.6875,5.125,3.0625,1.75
8/14/2023 14:45,11.375,8.25,6.625,5.0625,3.0625,1.8125
8/14/2023 16:45,12.0625,8.5625,6.625,5.0625,3.0625,1.8125
8/14/2023 18:45,11.5,8.5,6.625,5,3.0625,1.8125
8/14/2023 20:45,10.3125,8.375,6.5625,4.9375,3,1.75
8/14/2023 22:45,9.5625,8.25,6.5625,4.9375,3,1.75
8/15/2023 0:45,9.125,8.125,6.625,4.9375,3,1.75
8/15/2023 2:45,8.6875,8.0625,6.625,4.875,2.9375,1.75
8/15/2023 4:45,8.8125,7.9375,6.5625,4.875,2.9375,1.75
8/15/2023 6:45,8.8125,7.8125,6.5625,4.875,2.9375,1.75
8/15/2023 8:45,8.875,7.8125,6.5,4.8125,2.9375,1.6875
8/15/2023 10:45,9.5,7.8125,6.4375,4.8125,2.875,1.6875
8/15/2023 12:45,10.75,7.9375,6.4375,4.8125,2.875,1.6875
8/15/2023 14:45,12,8.125,6.375,4.75,2.875,1.6875
8/15/2023 16:45,12,8.3125,6.375,4.75,2.8125,1.6875
8/15/2023 18:45,11.625,8.4375,6.375,4.75,2.8125,1.6875
8/15/2023 20:45,11.375,8.625,6.4375,4.6875,2.8125,1.6875
8/15/2023 22:45,10.375,8.5625,6.5,4.6875,2.8125,1.625
8/16/2023 0:45,10.0625,8.625,6.5625,4.6875,2.8125,1.625
8/16/2023 2:45,9.5,8.5625,6.625,4.6875,2.75,1.625
8/16/2023 4:45,9.375,8.5,6.625,4.6875,2.8125,1.625
8/16/2023 6:45,9.25,8.375,6.625,4.6875,2.75,1.625
8/16/2023 8:45,9.3125,8.25,6.625,4.6875,2.75,1.625
8/16/2023 10:45,9.75,8.25,6.625,4.6875,2.75,1.625
8/16/2023 12:45,10.5625,8.3125,6.625,4.75,2.75,1.625
8/16/2023 14:45,12,8.5,6.5625,4.6875,2.75,1.625
8/16/2023 16:45,12.625,8.75,6.5625,4.6875,2.8125,1.625
8/16/2023 18:45,14,9.0625,6.625,4.75,2.8125,1.625
8/16/2023 20:45,12,9.125,6.6875,4.75,2.8125,1.625
8/16/2023 22:45,10.6875,9.0625,6.75,4.75,2.8125,1.625
8/17/2023 0:45,10,8.9375,6.8125,4.75,2.75,1.625
8/17/2023 2:45,9.75,8.8125,6.8125,4.75,2.8125,1.625
8/17/2023 4:45,9.3125,8.6875,6.875,4.8125,2.8125,1.625
8/17/2023 6:45,9.0625,8.5625,6.875,4.8125,2.8125,1.625
8/17/2023 8:45,9.5625,8.5,6.8125,4.8125,2.8125,1.625
8/17/2023 10:45,9.625,8.4375,6.8125,4.875,2.8125,1.6875
8/17/2023 12:45,9.9375,8.375,6.75,4.875,2.8125,1.625
8/17/2023 14:45,11.0625,8.5,6.75,4.875,2.8125,1.625
8/17/2023 16:45,10.75,8.625,6.75,4.875,2.875,1.6875
8/17/2023 18:45,11.125,8.6875,6.6875,4.875,2.875,1.625
8/17/2023 20:45,10.3125,8.6875,6.75,4.875,2.875,1.6875
8/17/2023 22:45,9.375,8.5625,6.75,4.875,2.875,1.6875
8/18/2023 0:45,8.75,8.375,6.75,4.875,2.875,1.6875
8/18/2023 2:45,8.5625,8.25,6.75,4.875,2.875,1.6875
8/18/2023 4:45,8.4375,8.0625,6.75,4.875,2.875,1.6875
8/18/2023 6:45,8.1875,7.9375,6.6875,4.875,2.875,1.75
8/18/2023 8:45,8.1875,7.75,6.625,4.875,2.9375,1.6875
8/18/2023 10:45,8.9375,7.75,6.5625,4.875,2.9375,1.6875
8/18/2023 12:45,9.8125,7.8125,6.5,4.8125,2.875,1.6875
8/18/2023 14:45,10,7.875,6.4375,4.8125,2.875,1.75
8/18/2023 16:45,9.625,8,6.4375,4.75,2.875,1.6875
8/18/2023 18:45,9.375,8,6.375,4.75,2.875,1.6875
8/18/2023 20:45,9,8.125,6.4375,4.6875,2.8125,1.75
8/18/2023 22:45,8.5,8,6.4375,4.6875,2.875,1.6875
8/19/2023 0:45,7.9375,7.875,6.4375,4.6875,2.8125,1.6875
8/19/2023 2:45,7.5625,7.625,6.375,4.625,2.8125,1.6875
8/19/2023 4:45,7.1875,7.375,6.3125,4.625,2.8125,1.6875
8/19/2023 6:45,6.9375,7.125,6.25,4.625,2.8125,1.6875
8/19/2023 8:45,6.9375,6.9375,6.125,4.5625,2.75,1.6875
8/19/2023 10:45,7.1875,6.75,6,4.5625,2.75,1.625
8/19/2023 12:45,7.9375,6.75,5.875,4.5,2.75,1.6875
8/19/2023 14:45,8.375,6.875,5.875,4.5,2.75,1.625
8/19/2023 16:45,8.375,7.0625,5.8125,4.4375,2.75,1.625
8/19/2023 18:45,8.375,7.1875,5.8125,4.375,2.6875,1.625
8/19/2023 20:45,7.8125,7.1875,5.8125,4.375,2.6875,1.625
8/19/2023 22:45,7.375,7.125,5.8125,4.3125,2.6875,1.625
8/20/2023 0:45,6.8125,6.9375,5.8125,4.3125,2.625,1.625
8/20/2023 2:45,6.375,6.6875,5.75,4.3125,2.625,1.625
8/20/2023 4:45,5.875,6.375,5.6875,4.25,2.5625,1.625
8/20/2023 6:45,5.4375,6.125,5.5625,4.25,2.5625,1.5625
8/20/2023 8:45,5.5,5.875,5.5,4.1875,2.5625,1.5625
8/20/2023 10:45,5.9375,5.75,5.375,4.1875,2.5625,1.5625
8/20/2023 12:45,6.875,5.75,5.25,4.125,2.5625,1.5625
8/20/2023 14:45,7.4375,5.8125,5.125,4.0625,2.5625,1.5625
8/20/2023 16:45,8,6,5.0625,4,2.5,1.5625
8/20/2023 18:45,7.9375,6.1875,5.0625,4,2.5,1.5625
8/20/2023 20:45,7.5,6.25,5.0625,3.9375,2.5,1.5625
8/20/2023 22:45,7.0625,6.25,5.125,3.875,2.4375,1.5
8/21/2023 0:45,6.75,6.25,5.125,3.875,2.4375,1.5
8/21/2023 2:45,6.4375,6.125,5.125,3.875,2.4375,1.5
8/21/2023 4:45,6.25,6.0625,5.0625,3.8125,2.4375,1.5
8/21/2023 6:45,6.0625,5.9375,5.0625,3.8125,2.375,1.5
8/21/2023 8:45,6.25,5.8125,5,3.8125,2.375,1.5
8/21/2023 10:45,6.8125,5.8125,4.9375,3.75,2.375,1.5
8/21/2023 12:45,7.4375,6.0625,4.9375,3.75,2.3125,1.4375
8/21/2023 14:45,7.8125,6.25,4.9375,3.75,2.3125,1.4375
8/21/2023 16:45,8.25,6.5625,5,3.6875,2.3125,1.4375
8/21/2023 18:45,9.25,6.875,5.0625,3.75,2.25,1.4375
8/21/2023 20:45,8.4375,7,5.125,3.6875,2.3125,1.4375
8/21/2023 22:45,7.3125,7,5.25,3.6875,2.25,1.4375
8/22/2023 0:45,6.625,6.75,5.3125,3.75,2.3125,1.4375
8/22/2023 2:45,6.3125,6.4375,5.3125,3.75,2.25,1.4375
8/22/2023 4:45,5.9375,6.1875,5.25,3.75,2.25,1.375
8/22/2023 6:45,5.6875,5.9375,5.1875,3.75,2.25,1.375
8/22/2023 8:45,6.125,5.75,5.125,3.75,2.3125,1.375
8/22/2023 10:45,7.8125,5.875,5,3.75,2.25,1.375
8/22/2023 12:45,8.5,6.125,4.9375,3.75,2.25,1.375
8/22/2023 14:45,8.875,6.5,4.9375,3.6875,2.25,1.375
8/22/2023 16:45,9.6875,6.8125,5,3.75,2.25,1.375
8/22/2023 18:45,9.0625,7,5.0625,3.6875,2.25,1.375
8/22/2023 20:45,8.1875,7,5.125,3.6875,2.25,1.375
8/22/2023 22:45,6.75,6.6875,5.1875,3.75,2.25,1.375
8/23/2023 0:45,5.9375,6.5,5.1875,3.6875,2.25,1.375
8/23/2023 2:45,5.3125,6.1875,5.1875,3.6875,2.1875,1.375
8/23/2023 4:45,5,5.8125,5.125,3.75,2.25,1.375
8/23/2023 6:45,4.5,5.4375,5,3.75,2.25,1.375
8/23/2023 8:45,4.375,5.1875,4.9375,3.6875,2.25,1.375
8/23/2023 10:45,4.75,5,4.75,3.6875,2.1875,1.375
8/23/2023 12:45,6.1875,5,4.6875,3.625,2.1875,1.375
8/23/2023 14:45,7.25,5.1875,4.5625,3.625,2.1875,1.375
8/23/2023 16:45,8.625,5.5625,4.5,3.5625,2.1875,1.375
8/23/2023 18:45,9.125,6,4.5,3.5625,2.1875,1.375
8/23/2023 20:45,7.875,6.25,4.625,3.5,2.1875,1.375
8/23/2023 22:45,6.6875,6.25,4.6875,3.5,2.1875,1.3125
8/24/2023 0:45,6.25,6.125,4.8125,3.5,2.125,1.375
8/24/2023 2:45,5.6875,5.9375,4.8125,3.5,2.125,1.3125
8/24/2023 4:45,5.125,5.625,4.8125,3.5,2.125,1.3125
8/24/2023 6:45,4.75,5.375,4.75,3.5,2.125,1.3125
8/24/2023 8:45,4.6875,5.125,4.625,3.5,2.125,1.3125
8/24/2023 10:45,5.375,5,4.5625,3.5,2.125,1.3125
8/24/2023 12:45,6.1875,5,4.4375,3.5,2.125,1.3125
8/24/2023 14:45,6.875,5.1875,4.375,3.4375,2.125,1.3125
8/24/2023 16:45,7.4375,5.4375,4.375,3.375,2.125,1.3125
8/24/2023 18:45,6.75,5.5625,4.375,3.375,2.125,1.3125
8/24/2023 20:45,6.0625,5.5625,4.375,3.375,2.0625,1.3125
8/24/2023 22:45,5.5625,5.4375,4.4375,3.375,2.0625,1.3125
8/25/2023 0:45,5.3125,5.3125,4.4375,3.3125,2.0625,1.3125
8/25/2023 2:45,5.125,5.1875,4.375,3.3125,2.0625,1.3125
8/25/2023 4:45,4.9375,5,4.375,3.3125,2.0625,1.3125
8/25/2023 6:45,4.75,4.875,4.3125,3.3125,2,1.25
8/25/2023 8:45,4.5625,4.6875,4.25,3.25,2,1.25
8/25/2023 10:45,4.6875,4.5625,4.1875,3.25,2,1.25
8/25/2023 12:45,5.125,4.5625,4.125,3.25,2,1.25
8/25/2023 14:45,5.5625,4.625,4.0625,3.1875,2,1.25
8/25/2023 16:45,5.625,4.8125,4.0625,3.1875,1.9375,1.25
8/25/2023 18:45,5.75,5,4.0625,3.125,1.9375,1.25
8/25/2023 20:45,5.5,5,4.0625,3.125,1.9375,1.25
8/25/2023 22:45,5.125,4.9375,4.0625,3.125,1.9375,1.25
8/26/2023 0:45,4.75,4.75,4.0625,3.0625,1.9375,1.25
8/26/2023 2:45,4.375,4.5625,4.0625,3.0625,1.875,1.25
8/26/2023 4:45,4,4.3125,3.9375,3.0625,1.875,1.25
8/26/2023 6:45,3.875,4.125,3.875,3.0625,1.875,1.1875
8/26/2023 8:45,4.4375,4,3.8125,3.0625,1.875,1.1875
8/26/2023 10:45,5.5,4.0625,3.6875,3,1.875,1.25
8/26/2023 12:45,5.8125,4.25,3.6875,2.9375,1.875,1.1875
8/26/2023 14:45,6.75,4.5625,3.625,2.9375,1.8125,1.1875
8/26/2023 16:45,6.875,4.8125,3.6875,2.875,1.8125,1.1875
8/26/2023 18:45,7.0625,5.125,3.75,2.875,1.8125,1.1875
8/26/2023 20:45,6.9375,5.3125,3.875,2.875,1.75,1.1875
8/26/2023 22:45,6.6875,5.375,3.9375,2.875,1.8125,1.1875
8/27/2023 0:45,6.625,5.4375,4,2.875,1.8125,1.125
8/27/2023 2:45,6.75,5.5,4.0625,2.9375,1.75,1.125
8/27/2023 4:45,6.625,5.4375,4.125,2.9375,1.75,1.125
8/27/2023 6:45,6.6875,5.5,4.125,2.9375,1.75,1.125
8/27/2023 8:45,7.0625,5.5,4.1875,2.9375,1.75,1.125
8/27/2023 10:45,7.5,5.625,4.1875,2.9375,1.75,1.125
8/27/2023 12:45,8.6875,5.875,4.25,3,1.75,1.125
8/27/2023 14:45,9.4375,6.25,4.25,3,1.75,1.125
8/27/2023 16:45,9.8125,6.625,4.375,3,1.75,1.125
8/27/2023 18:45,9.5625,6.9375,4.5,3.0625,1.75,1.125
8/27/2023 20:45,8.9375,7,4.625,3.0625,1.8125,1.125
8/27/2023 22:45,7.875,6.9375,4.75,3.125,1.8125,1.125
8/28/2023 0:45,7.125,6.75,4.8125,3.1875,1.8125,1.125
8/28/2023 2:45,6.4375,6.5,4.875,3.25,1.8125,1.125
8/28/2023 4:45,6.25,6.25,4.875,3.25,1.8125,1.125
8/28/2023 6:45,5.9375,6.0625,4.875,3.3125,1.8125,1.125
8/28/2023 8:45,5.6875,5.8125,4.8125,3.3125,1.875,1.125
8/28/2023 10:45,5.75,5.6875,4.75,3.375,1.875,1.125
8/28/2023 12:45,5.8125,5.5,4.6875,3.375,1.875,1.1875
8/28/2023 14:45,6.625,5.5625,4.625,3.375,1.9375,1.1875
8/28/2023 16:45,6.6875,5.625,4.5625,3.3125,1.9375,1.1875
8/28/2023 18:45,6.8125,5.6875,4.5625,3.375,1.9375,1.1875
8/28/2023 20:45,6.25,5.6875,4.5625,3.3125,1.9375,1.1875
8/28/2023 22:45,5.5625,5.5625,4.5,3.3125,1.9375,1.1875
8/29/2023 0:45,4.9375,5.375,4.5,3.3125,1.9375,1.1875
8/29/2023 2:45,4.375,5.125,4.5,3.3125,1.9375,1.1875
8/29/2023 4:45,3.8125,4.875,4.4375,3.3125,1.9375,1.1875
8/29/2023 6:45,3.5625,4.625,4.375,3.3125,1.9375,1.25
8/29/2023 8:45,3.6875,4.375,4.25,3.3125,2,1.25
8/29/2023 10:45,4.1875,4.25,4.125,3.25,2,1.25
8/29/2023 12:45,5.0625,4.25,4.0625,3.25,2,1.25
8/29/2023 14:45,5.4375,4.3125,3.9375,3.1875,1.9375,1.25
8/29/2023 16:45,5.9375,4.5,3.875,3.125,1.9375,1.25
8/29/2023 18:45,5.5625,4.5625,3.875,3.125,1.9375,1.25
8/29/2023 20:45,5.25,4.5625,3.875,3.0625,1.9375,1.25
8/29/2023 22:45,4.8125,4.5625,3.875,3.0625,1.9375,1.25
8/30/2023 0:45,4.5,4.4375,3.875,3.0625,1.875,1.25
8/30/2023 2:45,4.1875,4.375,3.875,3,1.875,1.1875
8/30/2023 4:45,3.875,4.25,3.8125,3,1.875,1.1875
8/30/2023 6:45,3.9375,4.125,3.75,3,1.875,1.1875
8/30/2023 8:45,4.4375,4.0625,3.75,2.9375,1.875,1.25
8/30/2023 10:45,5,4.125,3.6875,2.9375,1.8125,1.1875
8/30/2023 12:45,6.5,4.5625,3.625,2.9375,1.8125,1.1875
8/30/2023 14:45,8.4375,5.4375,3.6875,2.875,1.8125,1.1875
8/30/2023 16:45,9.125,6.1875,3.75,2.875,1.8125,1.1875
8/30/2023 18:45,8.5,6.4375,3.875,2.875,1.8125,1.1875
8/30/2023 20:45,7.625,6.25,4,2.875,1.8125,1.1875
8/30/2023 22:45,7.1875,6,4.0625,2.875,1.75,1.125
8/31/2023 0:45,6.875,5.75,4.0625,2.9375,1.8125,1.1875
8/31/2023 2:45,6.625,5.5625,4.125,2.9375,1.8125,1.125
8/31/2023 4:45,6.375,5.4375,4.0625,2.9375,1.75,1.125
8/31/2023 6:45,6.1875,5.375,4.0625,2.9375,1.75,1.125
8/31/2023 8:45,6.5,5.3125,4.0625,2.9375,1.75,1.125
8/31/2023 10:45,7.5,5.5,4.0625,2.9375,1.75,1.125
8/31/2023 12:45,8.6875,5.8125,4.0625,2.9375,1.75,1.125
8/31/2023 14:45,9.6875,6.4375,4.125,2.9375,1.75,1.125
8/31/2023 16:45,10.6875,7,4.1875,2.9375,1.75,1.125
8/31/2023 18:45,9.6875,7.1875,4.3125,2.9375,1.75,1.125
8/31/2023 20:45,8.75,7.125,4.375,3,1.75,1.125
8/31/2023 22:45,7.9375,6.8125,4.5,3,1.75,1.125
9/1/2023 0:45,7.375,6.5625,4.5625,3.0625,1.75,1.125
9/1/2023 2:45,7.125,6.3125,4.5625,3.0625,1.75,1.125
9/1/2023 4:45,6.8125,6.125,4.5625,3.125,1.75,1.125
9/1/2023 6:45,6.5,6,4.5625,3.125,1.8125,1.125
9/1/2023 8:45,6.6875,5.875,4.5625,3.125,1.8125,1.125
9/1/2023 10:45,7.375,5.9375,4.5625,3.125,1.8125,1.125
9/1/2023 12:45,8.4375,6.25,4.5,3.1875,1.8125,1.125
9/1/2023 14:45,8.625,6.5625,4.5625,3.1875,1.8125,1.1875
9/1/2023 16:45,9,6.8125,4.5625,3.1875,1.875,1.125
9/1/2023 18:45,8.75,6.9375,4.625,3.1875,1.875,1.1875
9/1/2023 20:45,8.0625,6.8125,4.6875,3.1875,1.875,1.1875
9/1/2023 22:45,7.4375,6.5625,4.75,3.25,1.875,1.1875
9/2/2023 0:45,6.8125,6.25,4.75,3.25,1.875,1.1875
9/2/2023 2:45,6.125,6,4.6875,3.25,1.875,1.1875
9/2/2023 4:45,5.5625,5.75,4.6875,3.3125,1.9375,1.1875
9/2/2023 6:45,4.9375,5.5,4.6875,3.3125,1.9375,1.1875
9/2/2023 8:45,4.3125,5.125,4.625,3.3125,1.9375,1.1875
9/2/2023 10:45,4.25,4.875,4.5625,3.3125,1.9375,1.25
9/2/2023 12:45,4.5625,4.6875,4.5,3.3125,1.9375,1.1875
9/2/2023 14:45,5.9375,4.875,4.375,3.3125,2,1.25
9/2/2023 16:45,6.9375,5.25,4.3125,3.3125,2,1.25
9/2/2023 18:45,6.9375,5.5,4.25,3.25,1.9375,1.25
9/2/2023 20:45,6,5.5,4.3125,3.25,2,1.25
9/2/2023 22:45,4.875,5.1875,4.25,3.25,2,1.25
9/3/2023 0:45,4.125,4.875,4.25,3.25,1.9375,1.25
9/3/2023 2:45,3.5,4.5,4.25,3.25,1.9375,1.25
9/3/2023 4:45,3,4.125,4.125,3.1875,1.9375,1.25
9/3/2023 6:45,2.875,3.875,4.0625,3.1875,1.9375,1.25
9/3/2023 8:45,3.0625,3.6875,3.9375,3.1875,1.9375,1.25
9/3/2023 10:45,3.6875,3.6875,3.875,3.125,1.9375,1.25
9/3/2023 12:45,4.0625,3.8125,3.75,3.125,1.9375,1.25
9/3/2023 14:45,4.5,3.9375,3.6875,3.0625,1.9375,1.25
9/3/2023 16:45,4.875,4.0625,3.6875,3.0625,1.9375,1.25
9/3/2023 18:45,5.4375,4.25,3.625,3,1.9375,1.25
9/3/2023 20:45,5.0625,4.375,3.625,3,1.875,1.25
9/3/2023 22:45,4.5,4.25,3.625,2.9375,1.875,1.25
9/4/2023 0:45,4.25,4.125,3.5625,2.9375,1.875,1.25
9/4/2023 2:45,4.0625,4,3.5625,2.875,1.875,1.25
9/4/2023 4:45,3.9375,3.875,3.5,2.875,1.875,1.1875
9/4/2023 6:45,3.875,3.75,3.5,2.875,1.8125,1.25
9/4/2023 8:45,3.3125,3.6875,3.4375,2.8125,1.8125,1.1875
9/4/2023 10:45,3.25,3.5625,3.4375,2.8125,1.8125,1.1875
9/4/2023 12:45,4.3125,3.625,3.3125,2.75,1.8125,1.1875
9/4/2023 14:45,5,3.875,3.3125,2.75,1.75,1.1875
9/4/2023 16:45,5.9375,4.1875,3.3125,2.6875,1.75,1.1875
9/4/2023 18:45,5.875,4.4375,3.3125,2.6875,1.75,1.1875
9/4/2023 20:45,4.625,4.375,3.3125,2.6875,1.75,1.125
9/4/2023 22:45,3.8125,4.0625,3.375,2.6875,1.6875,1.125
9/5/2023 0:45,3.4375,3.8125,3.375,2.625,1.6875,1.1875
9/5/2023 2:45,3.5,3.5625,3.3125,2.625,1.6875,1.125
9/5/2023 4:45,3.4375,3.5,3.25,2.625,1.6875,1.125
9/5/2023 6:45,3.3125,3.4375,3.1875,2.625,1.6875,1.125
9/5/2023 8:45,3.625,3.375,3.1875,2.625,1.6875,1.125
9/5/2023 10:45,4.125,3.5,3.125,2.5625,1.625,1.0625
9/5/2023 12:45,4.625,3.625,3.0625,2.5625,1.625,1.0625
9/5/2023 14:45,4.6875,3.8125,3.125,2.5625,1.625,1.0625
9/5/2023 16:45,5,3.875,3.0625,2.5,1.625,1.0625
9/5/2023 18:45,4.875,4,3.125,2.5,1.5625,1.0625
9/5/2023 20:45,4.3125,3.9375,3.125,2.5,1.625,1.0625
9/5/2023 22:45,3.8125,3.75,3.0625,2.5,1.5625,1.0625
9/6/2023 0:45,3.3125,3.5625,3.0625,2.4375,1.5625,1.0625
9/6/2023 2:45,3,3.375,3.0625,2.4375,1.5625,1.0625
9/6/2023 4:45,2.9375,3.1875,3,2.4375,1.5625,1
9/6/2023 6:45,2.6875,3.0625,3,2.4375,1.5625,1
9/6/2023 8:45,3.0625,3,2.9375,2.375,1.5,1
9/6/2023 10:45,4.5625,3.125,2.875,2.375,1.5,1
9/6/2023 12:45,5.125,3.5,2.875,2.375,1.5,1
9/6/2023 14:45,5.625,3.875,2.875,2.375,1.5,1
9/6/2023 16:45,5.75,4.1875,2.875,2.3125,1.5,1
9/6/2023 18:45,5.1875,4.25,2.9375,2.3125,1.5,1
9/6/2023 20:45,4.6875,4.125,3,2.3125,1.4375,0.9375
9/6/2023 22:45,4.1875,3.9375,3.0625,2.3125,1.4375,1
9/7/2023 0:45,3.875,3.75,3,2.3125,1.4375,0.9375
9/7/2023 2:45,3.5625,3.5625,3,2.3125,1.4375,0.9375
9/7/2023 4:45,3.1875,3.4375,3,2.3125,1.4375,0.9375
9/7/2023 6:45,2.625,3.1875,2.9375,2.3125,1.4375,0.9375
9/7/2023 8:45,2.3125,3,2.9375,2.3125,1.4375,0.9375
9/7/2023 10:45,2.625,2.875,2.875,2.25,1.375,0.9375
9/7/2023 12:45,2.875,2.875,2.8125,2.25,1.4375,0.9375
9/7/2023 14:45,3.5625,3,2.75,2.25,1.375,0.9375
9/7/2023 16:45,3.4375,3.125,2.6875,2.25,1.375,0.9375
9/7/2023 18:45,2.75,3,2.6875,2.1875,1.375,0.9375
9/7/2023 20:45,2.5,2.875,2.6875,2.1875,1.375,0.875
9/7/2023 22:45,2.125,2.6875,2.625,2.1875,1.375,0.9375
9/8/2023 0:45,1.875,2.5,2.625,2.1875,1.375,0.9375
9/8/2023 2:45,1.625,2.375,2.5625,2.125,1.375,0.875
9/8/2023 4:45,1.4375,2.1875,2.5,2.125,1.3125,0.875
9/8/2023 6:45,1.3125,2.0625,2.4375,2.125,1.375,0.875
9/8/2023 8:45,1.3125,2,2.375,2.0625,1.3125,0.875
9/8/2023 10:45,1.8125,1.9375,2.3125,2.0625,1.3125,0.875
9/8/2023 12:45,2.8125,2.1875,2.25,2,1.3125,0.875
9/8/2023 14:45,4.25,2.625,2.25,2,1.3125,0.875
9/8/2023 16:45,4.5625,3,2.25,1.9375,1.3125,0.875
9/8/2023 18:45,4.25,3.125,2.25,1.9375,1.25,0.875
9/8/2023 20:45,3.5625,3.125,2.3125,1.9375,1.25,0.8125
9/8/2023 22:45,2.625,2.875,2.3125,1.875,1.1875,0.8125
9/9/2023 0:45,1.9375,2.5625,2.3125,1.875,1.25,0.8125
9/9/2023 2:45,1.5,2.25,2.25,1.875,1.1875,0.8125
9/9/2023 4:45,1.25,2.0625,2.1875,1.875,1.1875,0.8125
9/9/2023 6:45,1.0625,1.875,2.1875,1.875,1.1875,0.8125
9/9/2023 8:45,1.125,1.75,2.0625,1.8125,1.1875,0.8125
9/9/2023 10:45,2.5625,1.8125,2,1.8125,1.125,0.8125
9/9/2023 12:45,3.5,2.125,2,1.8125,1.125,0.8125
9/9/2023 14:45,4.3125,2.5625,2,1.75,1.125,0.8125
9/9/2023 16:45,4.5625,2.8125,2,1.75,1.125,0.8125
9/9/2023 18:45,4.6875,3,2,1.75,1.125,0.8125
9/9/2023 20:45,4.1875,3.0625,2.0625,1.6875,1.0625,0.75
9/9/2023 22:45,3.75,2.9375,2.125,1.6875,1.0625,0.75
9/10/2023 0:45,3.4375,2.875,2.125,1.6875,1.0625,0.75
9/10/2023 2:45,2.875,2.6875,2.125,1.6875,1.0625,0.75
9/10/2023 4:45,2.1875,2.5625,2.125,1.6875,1.0625,0.75
9/10/2023 6:45,2.25,2.3125,2.125,1.6875,1.0625,0.6875
9/10/2023 8:45,2.6875,2.25,2.0625,1.6875,1,0.6875
9/10/2023 10:45,3.6875,2.375,2.0625,1.6875,1.0625,0.6875
9/10/2023 12:45,4.9375,2.75,2.0625,1.6875,1,0.75
9/10/2023 14:45,6.375,3.3125,2.0625,1.625,1,0.6875
9/10/2023 16:45,7.5625,3.875,2.125,1.6875,1,0.6875
9/10/2023 18:45,6.6875,4.25,2.25,1.625,1,0.6875
9/10/2023 20:45,5.5,4.25,2.3125,1.625,1,0.6875
9/10/2023 22:45,4.375,3.9375,2.4375,1.6875,1,0.6875
9/11/2023 0:45,3.75,3.625,2.5,1.6875,1,0.6875
9/11/2023 2:45,3.75,3.4375,2.5,1.6875,1,0.6875
9/11/2023 4:45,3.75,3.3125,2.5,1.75,1,0.6875
9/11/2023 6:45,3.6875,3.25,2.5,1.75,1,0.6875
9/11/2023 8:45,3.625,3.125,2.4375,1.75,1,0.6875
9/11/2023 10:45,5.25,3.25,2.4375,1.8125,1,0.6875
9/11/2023 12:45,6.375,3.75,2.4375,1.8125,1,0.6875
9/11/2023 14:45,6.5625,4.125,2.5,1.8125,1,0.6875
9/11/2023 16:45,7.125,4.5,2.625,1.8125,1,0.6875
9/11/2023 18:45,6.75,4.6875,2.6875,1.8125,1.0625,0.6875
9/11/2023 20:45,6,4.6875,2.75,1.8125,1.0625,0.6875
9/11/2023 22:45,5.4375,4.5,2.875,1.875,1.0625,0.6875
9/12/2023 0:45,5.0625,4.3125,2.875,1.9375,1.0625,0.6875
9/12/2023 2:45,4.75,4.1875,2.9375,1.9375,1.0625,0.6875
9/12/2023 4:45,4.5,4,2.9375,1.9375,1.0625,0.6875
9/12/2023 6:45,4.25,3.875,2.9375,2,1.0625,0.6875
9/12/2023 8:45,4.125,3.75,2.9375,2,1.125,0.6875
9/12/2023 10:45,4.25,3.6875,2.875,2.0625,1.125,0.6875
9/12/2023 12:45,4.75,3.75,2.8125,2.0625,1.125,0.6875
9/12/2023 14:45,5.0625,3.875,2.875,2.0625,1.1875,0.75
9/12/2023 16:45,5.125,3.9375,2.875,2.0625,1.125,0.75
9/12/2023 18:45,5.1875,4,2.875,2.0625,1.1875,0.75
9/12/2023 20:45,4.75,4,2.9375,2.0625,1.1875,0.75
9/12/2023 22:45,4.375,3.875,2.875,2.0625,1.1875,0.75
9/13/2023 0:45,4.125,3.75,2.875,2.0625,1.1875,0.75
9/13/2023 2:45,3.8125,3.625,2.875,2.0625,1.1875,0.8125
9/13/2023 4:45,3.5,3.5,2.875,2.0625,1.1875,0.75
9/13/2023 6:45,3.25,3.3125,2.875,2.125,1.1875,0.75
9/13/2023 8:45,3.3125,3.25,2.8125,2.125,1.25,0.75
9/13/2023 10:45,4,3.25,2.8125,2.125,1.25,0.8125
9/13/2023 12:45,5.25,3.5,2.75,2.0625,1.1875,0.8125
9/13/2023 14:45,6.625,3.9375,2.75,2.0625,1.1875,0.8125
9/13/2023 16:45,6.625,4.375,2.8125,2.0625,1.25,0.8125
9/13/2023 18:45,6.1875,4.5,2.875,2.0625,1.25,0.8125
9/13/2023 20:45,4.6875,4.375,2.9375,2.0625,1.25,0.8125
9/13/2023 22:45,3.5,4,3,2.125,1.25,0.8125
9/14/2023 0:45,2.75,3.625,2.9375,2.125,1.25,0.8125
9/14/2023 2:45,2.125,3.25,2.9375,2.125,1.25,0.8125
9/14/2023 4:45,1.625,2.9375,2.875,2.125,1.25,0.8125
9/14/2023 6:45,1.3125,2.625,2.8125,2.1875,1.25,0.8125
9/14/2023 8:45,1.25,2.4375,2.75,2.125,1.25,0.8125
9/14/2023 10:45,2.4375,2.375,2.625,2.125,1.25,0.8125
9/14/2023 12:45,3.8125,2.5625,2.625,2.125,1.25,0.8125
9/14/2023 14:45,5,3.125,2.5625,2.125,1.25,0.8125
9/14/2023 16:45,5.9375,3.625,2.5625,2.0625,1.25,0.875
9/14/2023 18:45,5.3125,3.875,2.625,2.0625,1.3125,0.8125
9/14/2023 20:45,3.9375,3.75,2.625,2.0625,1.25,0.8125
9/14/2023 22:45,2.6875,3.375,2.6875,2.0625,1.25,0.8125
9/15/2023 0:45,1.9375,2.9375,2.6875,2.0625,1.25,0.875
9/15/2023 2:45,1.4375,2.625,2.625,2.0625,1.25,0.8125
9/15/2023 4:45,1.25,2.3125,2.5625,2.0625,1.25,0.8125
9/15/2023 6:45,1.3125,2.125,2.5,2.0625,1.25,0.8125
9/15/2023 8:45,1.5625,2.0625,2.375,2.0625,1.25,0.8125
9/15/2023 10:45,2.1875,2.0625,2.3125,2,1.1875,0.8125
9/15/2023 12:45,3.25,2.25,2.25,2,1.25,0.8125
9/15/2023 14:45,4.125,2.625,2.25,1.9375,1.1875,0.8125
9/15/2023 16:45,4.875,3.0625,2.25,1.9375,1.1875,0.8125
9/15/2023 18:45,4.5625,3.3125,2.25,1.9375,1.1875,0.8125
9/15/2023 20:45,3.75,3.3125,2.3125,1.875,1.1875,0.8125
9/15/2023 22:45,2.5,3.0625,2.375,1.875,1.1875,0.8125
9/16/2023 0:45,2,2.75,2.375,1.875,1.1875,0.8125
9/16/2023 2:45,1.1875,2.375,2.375,1.875,1.1875,0.8125
9/16/2023 4:45,0.8125,2.0625,2.3125,1.875,1.1875,0.8125
9/16/2023 6:45,0.6875,1.8125,2.25,1.875,1.1875,0.8125
9/16/2023 8:45,0.6875,1.6875,2.1875,1.875,1.1875,0.8125
9/16/2023 10:45,1.25,1.625,2.125,1.8125,1.1875,0.8125
9/16/2023 12:45,1.625,1.625,2,1.8125,1.1875,0.8125
9/16/2023 14:45,2.125,1.8125,1.9375,1.8125,1.125,0.75
9/16/2023 16:45,3.1875,2.0625,1.9375,1.75,1.125,0.8125
9/16/2023 18:45,3.5625,2.4375,1.9375,1.75,1.125,0.75
9/16/2023 20:45,2.75,2.5,1.9375,1.6875,1.125,0.75
9/16/2023 22:45,2.1875,2.3125,1.9375,1.6875,1.0625,0.75
9/17/2023 0:45,1.5625,2.0625,1.9375,1.6875,1.0625,0.75
9/17/2023 2:45,0.9375,1.75,1.9375,1.6875,1.0625,0.75
9/17/2023 4:45,0.625,1.5625,1.875,1.625,1.0625,0.75
9/17/2023 6:45,0.625,1.3125,1.8125,1.625,1.0625,0.75
9/17/2023 8:45,0.75,1.1875,1.75,1.625,1.0625,0.75
9/17/2023 10:45,1.8125,1.3125,1.6875,1.5625,1,0.6875
9/17/2023 12:45,3.625,1.75,1.625,1.5625,1.0625,0.6875
9/17/2023 14:45,4.5,2.4375,1.625,1.5625,1,0.6875
9/17/2023 16:45,5.25,3.0625,1.6875,1.5,1,0.6875
9/17/2023 18:45,4.4375,3.375,1.8125,1.5,1,0.6875
9/17/2023 20:45,3.3125,3.125,1.9375,1.5,0.9375,0.6875
9/17/2023 22:45,2.5,2.75,2,1.5,0.9375,0.6875
9/18/2023 0:45,2,2.375,2,1.5625,0.9375,0.6875
9/18/2023 2:45,1.875,2.1875,2,1.5625,0.9375,0.625
9/18/2023 4:45,1.625,2,2,1.5625,0.9375,0.625
9/18/2023 6:45,1.4375,1.8125,1.9375,1.5625,0.9375,0.6875
9/18/2023 8:45,1.3125,1.6875,1.875,1.5625,0.9375,0.6875
9/18/2023 10:45,1.5625,1.625,1.8125,1.5625,0.9375,0.625
9/18/2023 12:45,2.5625,1.75,1.75,1.5625,0.9375,0.625
9/18/2023 14:45,3,2.0625,1.75,1.5,0.9375,0.625
9/18/2023 16:45,3.1875,2.3125,1.75,1.5,0.9375,0.625
9/18/2023 18:45,3.25,2.4375,1.75,1.5,0.875,0.625
9/18/2023 20:45,2.375,2.375,1.8125,1.5,0.9375,0.625
9/18/2023 22:45,1.375,2.125,1.8125,1.5,0.875,0.625
9/19/2023 0:45,0.6875,1.75,1.8125,1.4375,0.875,0.625
9/19/2023 2:45,0.75,1.5,1.75,1.4375,0.875,0.625
9/19/2023 4:45,0.5625,1.25,1.6875,1.4375,0.875,0.625
9/19/2023 6:45,0.5,1.0625,1.625,1.5,0.875,0.625
9/19/2023 8:45,0.4375,0.9375,1.5625,1.4375,0.875,0.625
9/19/2023 10:45,1,1,1.4375,1.4375,0.875,0.625
9/19/2023 12:45,2.8125,1.375,1.375,1.375,0.875,0.625
9/19/2023 14:45,3.0625,2.0625,1.4375,1.375,0.8125,0.5625
9/19/2023 16:45,4,2.375,1.5,1.3125,0.8125,0.625
9/19/2023 18:45,2.875,2.5,1.5625,1.3125,0.875,0.5625
9/19/2023 20:45,1.875,2.25,1.6875,1.3125,0.8125,0.5625
9/19/2023 22:45,0.625,1.8125,1.6875,1.3125,0.8125,0.5625
9/20/2023 0:45,0.1875,1.25,1.625,1.375,0.8125,0.5625
9/20/2023 2:45,0,0.9375,1.5625,1.375,0.875,0.5625
9/20/2023 4:45,-0.125,0.75,1.4375,1.375,0.8125,0.5625
9/20/2023 6:45,-0.25,0.5625,1.3125,1.3125,0.8125,0.5625
9/20/2023 8:45,-0.1875,0.5,1.1875,1.3125,0.8125,0.5625
9/20/2023 10:45,0.8125,0.4375,1.125,1.25,0.8125,0.5625
9/20/2023 12:45,1.3125,0.5625,1,1.25,0.8125,0.5625
9/20/2023 14:45,1.25,0.6875,0.9375,1.1875,0.75,0.5625
9/20/2023 16:45,0.8125,0.6875,1,1.125,0.75,0.5625
9/20/2023 18:45,0.5625,0.6875,0.9375,1.125,0.75,0.5625
9/20/2023 20:45,0.1875,0.5,0.9375,1.0625,0.75,0.5625
9/20/2023 22:45,0,0.375,0.875,1.0625,0.6875,0.5
9/21/2023 0:45,-0.0625,0.3125,0.8125,1,0.75,0.5
9/21/2023 2:45,-0.0625,0.25,0.75,1,0.6875,0.5
9/21/2023 4:45,-0.0625,0.1875,0.6875,0.9375,0.6875,0.5
9/21/2023 6:45,-0.0625,0.1875,0.625,0.9375,0.625,0.5
9/21/2023 8:45,-0.125,0.1875,0.625,0.875,0.625,0.5
9/21/2023 10:45,-0.0625,0.1875,0.625,0.875,0.625,0.4375
9/21/2023 12:45,0.0625,0.1875,0.5625,0.8125,0.5625,0.5
9/21/2023 14:45,0.125,0.1875,0.5625,0.8125,0.5625,0.4375
9/21/2023 16:45,0.0625,0.1875,0.5,0.75,0.5625,0.4375
9/21/2023 18:45,0,0.1875,0.5,0.75,0.5625,0.4375
9/21/2023 20:45,0.0625,0.1875,0.5,0.75,0.5,0.4375
9/21/2023 22:45,0.0625,0.1875,0.5,0.6875,0.5,0.375
9/22/2023 0:45,0.0625,0.125,0.4375,0.6875,0.4375,0.4375
9/22/2023 2:45,0.0625,0.125,0.4375,0.6875,0.4375,0.375
9/22/2023 4:45,0.0625,0.125,0.4375,0.625,0.4375,0.375
9/22/2023 6:45,-0.0625,0.125,0.4375,0.625,0.4375,0.375
9/22/2023 8:45,0,0.125,0.375,0.625,0.4375,0.375
9/22/2023 10:45,0.0625,0.125,0.375,0.5625,0.375,0.375
9/22/2023 12:45,0.1875,0.125,0.375,0.5625,0.375,0.375
9/22/2023 14:45,0.1875,0.125,0.3125,0.5625,0.375,0.3125
9/22/2023 16:45,0.1875,0.125,0.3125,0.5625,0.375,0.3125
9/22/2023 18:45,0.1875,0.125,0.3125,0.5625,0.375,0.3125
9/22/2023 20:45,0.125,0.125,0.3125,0.5,0.375,0.3125
9/22/2023 22:45,0.125,0.125,0.25,0.5,0.3125,0.3125
9/23/2023 0:45,0.125,0.0625,0.25,0.5,0.3125,0.3125
9/23/2023 2:45,0.125,0.0625,0.25,0.4375,0.3125,0.25
9/23/2023 4:45,0.125,0.0625,0.25,0.4375,0.25,0.3125
9/23/2023 6:45,0.125,0.0625,0.25,0.4375,0.25,0.25
9/23/2023 8:45,0.125,0.0625,0.25,0.4375,0.3125,0.25
9/23/2023 10:45,0.125,0.0625,0.25,0.4375,0.25,0.25
9/23/2023 12:45,0.1875,0.0625,0.25,0.4375,0.25,0.25
9/23/2023 14:45,0.125,0.0625,0.25,0.4375,0.25,0.25
9/23/2023 16:45,0.1875,0.0625,0.25,0.375,0.25,0.25
9/23/2023 18:45,0.1875,0.0625,0.1875,0.375,0.1875,0.25
9/23/2023 20:45,0.125,0.0625,0.1875,0.375,0.1875,0.25
9/23/2023 22:45,0.125,0.0625,0.1875,0.375,0.1875,0.1875
9/24/2023 0:45,0,0.0625,0.1875,0.375,0.1875,0.1875
9/24/2023 2:45,-0.0625,0,0.1875,0.375,0.1875,0.1875
9/24/2023 4:45,-0.0625,0,0.1875,0.3125,0.1875,0.1875
9/24/2023 6:45,-0.0625,0.0625,0.1875,0.3125,0.125,0.1875
9/24/2023 8:45,-0.0625,0,0.1875,0.3125,0.1875,0.1875
9/24/2023 10:45,0,0,0.1875,0.3125,0.1875,0.1875
9/24/2023 12:45,0.125,0,0.1875,0.3125,0.1875,0.1875
9/24/2023 14:45,0.1875,0,0.125,0.3125,0.1875,0.1875
9/24/2023 16:45,0.1875,0,0.125,0.3125,0.125,0.1875
9/24/2023 18:45,0.125,0,0.125,0.3125,0.1875,0.125
9/24/2023 20:45,-0.125,0,0.125,0.3125,0.125,0.125
9/24/2023 22:45,-0.25,0,0.125,0.3125,0.125,0.125
9/25/2023 0:45,-0.1875,0,0.125,0.3125,0.125,0.125
9/25/2023 2:45,-0.3125,0,0.125,0.25,0.125,0.125
9/25/2023 4:45,-0.3125,0,0.125,0.25,0.125,0.125
9/25/2023 6:45,-0.4375,0,0.125,0.25,0.125,0.125
9/25/2023 8:45,-0.375,0,0.125,0.25,0.125,0.125
9/25/2023 10:45,-0.0625,0,0.125,0.25,0.125,0.125
9/25/2023 12:45,0.125,0,0.0625,0.25,0.0625,0.125
9/25/2023 14:45,0.125,0,0.125,0.25,0.125,0.125
9/25/2023 16:45,0.125,0,0.125,0.25,0.125,0.125
9/25/2023 18:45,-0.0625,0,0.0625,0.25,0.0625,0.125
9/25/2023 20:45,-0.375,-0.0625,0.0625,0.25,0.0625,0.125
9/25/2023 22:45,-0.5,-0.0625,0.0625,0.1875,0.0625,0.125
9/26/2023 0:45,-0.5625,-0.0625,0.0625,0.25,0.125,0.125
9/26/2023 2:45,-0.5625,-0.0625,0.0625,0.25,0.0625,0.125
9/26/2023 4:45,-0.625,-0.0625,0.0625,0.25,0.0625,0.125
9/26/2023 6:45,-0.625,-0.0625,0.0625,0.25,0.0625,0.125
9/26/2023 8:45,-0.625,-0.0625,0.0625,0.1875,0.0625,0.0625
9/26/2023 10:45,-0.1875,0,0.0625,0.1875,0.0625,0.0625
9/26/2023 12:45,0.125,0,0.0625,0.1875,0.0625,0.0625
9/26/2023 14:45,0.1875,0,0.0625,0.1875,0.0625,0.125
9/26/2023 16:45,0.125,0,0.0625,0.1875,0.0625,0.0625
9/26/2023 18:45,0,0,0.0625,0.1875,0.0625,0.0625
9/26/2023 20:45,-0.5625,-0.0625,0.0625,0.1875,0.0625,0.0625
9/26/2023 22:45,-0.375,-0.0625,0.0625,0.1875,0.0625,0.0625
9/27/2023 0:45,-0.125,-0.0625,0.0625,0.1875,0.0625,0.0625
9/27/2023 2:45,-0.125,-0.0625,0.0625,0.1875,0.0625,0.0625
9/27/2023 4:45,-0.125,0,0.0625,0.1875,0.0625,0.0625
9/27/2023 6:45,-0.125,-0.0625,0.0625,0.1875,0.0625,0.0625
9/27/2023 8:45,-0.125,0,0.0625,0.1875,0.0625,0.0625
9/27/2023 10:45,-0.25,-0.0625,0.0625,0.1875,0.0625,0.0625
9/27/2023 12:45,0.0625,0,0.0625,0.1875,0,0.0625
9/27/2023 14:45,0.125,0,0.0625,0.1875,0.0625,0.0625
9/27/2023 16:45,0.125,0,0.0625,0.1875,0.0625,0.0625
9/27/2023 18:45,0.0625,-0.0625,0.0625,0.1875,0.0625,0.0625
9/27/2023 20:45,-0.0625,0,0.0625,0.1875,0,0.0625
9/27/2023 22:45,-0.1875,-0.0625,0.0625,0.125,0.0625,0.0625
9/28/2023 0:45,-0.25,-0.0625,0.0625,0.1875,0,0.0625
9/28/2023 2:45,-0.25,-0.0625,0.0625,0.1875,0,0.0625
9/28/2023 4:45,-0.3125,-0.0625,0.0625,0.1875,0.0625,0.0625
9/28/2023 6:45,-0.1875,-0.0625,0.0625,0.1875,0,0.0625
9/28/2023 8:45,-0.5625,-0.0625,0.0625,0.1875,0,0.0625
9/28/2023 10:45,-0.1875,0,0.0625,0.1875,0,0.0625
9/28/2023 12:45,0,-0.0625,0.0625,0.1875,0,0.0625
9/28/2023 14:45,-0.0625,-0.0625,0,0.1875,0,0.0625
9/28/2023 16:45,-0.125,-0.0625,0,0.1875,0,0.0625
9/28/2023 18:45,-0.375,-0.0625,0,0.125,0,0.0625
9/28/2023 20:45,-0.6875,-0.0625,0,0.1875,0,0.0625
9/28/2023 22:45,-0.625,-0.0625,0,0.125,0,0.0625
9/29/2023 0:45,-0.6875,-0.0625,0.0625,0.125,0.0625,0.0625
9/29/2023 2:45,-0.625,-0.0625,0,0.1875,0,0.0625
9/29/2023 4:45,-0.3125,-0.0625,0,0.125,0,0.0625
9/29/2023 6:45,-0.4375,-0.0625,0.0625,0.125,0.0625,0.0625
9/29/2023 8:45,-0.4375,-0.0625,0,0.125,0,0.0625
9/29/2023 10:45,-0.4375,-0.0625,0,0.125,0,0.0625
9/29/2023 12:45,0.1875,-0.0625,0.0625,0.125,0,0.0625
9/29/2023 14:45,0.25,0,0,0.125,0,0.0625
9/29/2023 16:45,0.1875,0,0,0.125,0,0.0625
9/29/2023 18:45,0.0625,-0.0625,0,0.125,0,0.0625
9/29/2023 20:45,0,-0.0625,0.0625,0.125,0,0.0625
9/29/2023 22:45,-0.5625,-0.0625,0,0.125,0,0.0625
9/30/2023 0:45,-0.8125,-0.0625,0,0.125,0,0.0625
9/30/2023 2:45,-1.125,-0.125,0,0.125,0,0.0625
9/30/2023 4:45,-1.125,-0.125,0,0.125,0,0.0625
9/30/2023 6:45,-1.125,-0.0625,0,0.125,0,0.0625
9/30/2023 8:45,-1.0625,-0.0625,0,0.125,0,0
9/30/2023 10:45,-0.375,-0.0625,0,0.125,0,0.0625
9/30/2023 12:45,0.125,0,0,0.125,0,0.0625
9/30/2023 14:45,0.1875,0,0,0.125,0,0.0625
9/30/2023 16:45,0.0625,-0.0625,0,0.125,0,0.0625
9/30/2023 18:45,-0.6875,-0.0625,0,0.125,0,0.0625
9/30/2023 20:45,-1.375,-0.125,0,0.125,0,0.0625
9/30/2023 22:45,-1.625,-0.125,0,0.125,0,0
10/1/2023 0:45,-1.6875,-0.125,0,0.125,0,0.0625
10/1/2023 2:45,-1.6875,-0.125,0,0.125,0,0
10/1/2023 4:45,-1.875,-0.125,0,0.125,0,0.0625
10/1/2023 6:45,-1.9375,-0.1875,0,0.125,0,0.0625
10/1/2023 8:45,-2,-0.125,0,0.125,0,0.0625
10/1/2023 10:45,-1.25,-0.125,0,0.125,0,0.0625
10/1/2023 12:45,0.0625,-0.0625,0,0.125,0,0.0625
10/1/2023 14:45,0.25,-0.0625,0,0.125,0,0.0625
10/1/2023 16:45,0.125,-0.0625,0,0.125,0,0.0625
10/1/2023 18:45,-0.125,-0.0625,0,0.125,-0.0625,0.0625
10/1/2023 20:45,-0.25,-0.0625,0,0.125,0,0.0625
10/1/2023 22:45,-0.25,-0.0625,0,0.125,0,0.0625
10/2/2023 0:45,-0.1875,-0.0625,0,0.125,0,0.0625
10/2/2023 2:45,-0.375,-0.0625,0,0.125,-0.0625,0.0625
10/2/2023 4:45,-0.3125,-0.0625,0,0.125,-0.0625,0
10/2/2023 6:45,-0.1875,-0.0625,0,0.125,0,0.0625
10/2/2023 8:45,-0.125,-0.0625,0,0.125,0,0
10/2/2023 10:45,-0.125,-0.0625,0,0.125,0,0.0625
10/2/2023 12:45,-0.0625,-0.0625,0,0.125,0,0.0625
10/2/2023 14:45,0.0625,-0.0625,0,0.125,0,0.0625
10/2/2023 16:45,0.0625,-0.0625,0,0.125,-0.0625,0
10/2/2023 18:45,0,-0.0625,0,0.125,0,0.0625
10/2/2023 20:45,-0.25,-0.0625,0,0.125,0,0.0625
10/2/2023 22:45,-0.4375,-0.0625,0,0.125,0,0
10/3/2023 0:45,-0.375,-0.0625,0,0.125,0,0.0625
10/3/2023 2:45,-0.25,-0.0625,0,0.125,0,0.0625
10/3/2023 4:45,-0.3125,-0.0625,0,0.125,0,0
10/3/2023 6:45,-0.3125,-0.0625,0,0.125,0,0.0625
10/3/2023 8:45,-0.1875,-0.0625,0,0.125,0,0.0625
10/3/2023 10:45,-0.1875,-0.0625,0,0.125,0,0.0625
10/3/2023 12:45,-0.0625,-0.0625,0,0.125,0,0.0625
10/3/2023 14:45,0.0625,-0.0625,0,0.125,-0.0625,0.0625
10/3/2023 16:45,0.0625,-0.0625,0,0.125,0,0.0625
10/3/2023 18:45,0.0625,-0.0625,0,0.125,0,0.0625
10/3/2023 20:45,0,-0.0625,0,0.125,0,0.0625
10/3/2023 22:45,-0.1875,-0.0625,0,0.125,0,0
10/4/2023 0:45,-0.4375,-0.0625,0,0.125,-0.0625,0.0625
10/4/2023 2:45,-0.5,-0.0625,0,0.125,0,0
10/4/2023 4:45,-0.5625,-0.0625,0,0.125,0,0.0625
10/4/2023 6:45,-0.6875,-0.0625,0,0.125,-0.0625,0.0625
10/4/2023 8:45,-0.6875,-0.125,0,0.125,0,0.0625
10/4/2023 10:45,-0.5625,-0.0625,0,0.125,0,0.0625
10/4/2023 12:45,-0.375,-0.0625,0,0.125,0,0
10/4/2023 14:45,-0.1875,-0.0625,0,0.125,0,0.0625
10/4/2023 16:45,-0.1875,-0.0625,0,0.125,0,0.0625
10/4/2023 18:45,-0.375,-0.0625,0,0.125,0,0.0625
10/4/2023 20:45,-0.5,-0.0625,0,0.125,0,0.0625
10/4/2023 22:45,-0.4375,-0.0625,0,0.125,0,0
10/5/2023 0:45,-0.4375,-0.0625,0,0.125,0,0.0625
10/5/2023 2:45,-0.6875,-0.125,0,0.125,-0.0625,0.0625
10/5/2023 4:45,-0.75,-0.125,0,0.125,0,0.0625
10/5/2023 6:45,-0.875,-0.0625,0,0.125,0,0.0625
10/5/2023 8:45,-1.0625,-0.125,0,0.125,0,0.0625
10/5/2023 10:45,-1.0625,-0.125,0,0.125,0,0.0625
10/5/2023 12:45,-1.125,-0.125,0,0.125,0,0
10/5/2023 14:45,-1,-0.125,0,0.125,0,0
10/5/2023 16:45,-0.75,-0.125,0,0.125,0,0.0625
10/5/2023 18:45,-0.5625,-0.0625,0,0.125,0,0.0625
10/5/2023 20:45,-0.875,-0.125,0,0.125,0,0
10/5/2023 22:45,-1.0625,-0.125,0,0.0625,-0.0625,0.0625
10/6/2023 0:45,-1.4375,-0.125,0,0.125,0,0.0625
10/6/2023 2:45,-1.5,-0.1875,0,0.125,0,0.0625
10/6/2023 4:45,-1.1875,-0.125,0,0.125,-0.0625,0.0625
10/6/2023 6:45,-0.9375,-0.125,0,0.125,0,0.0625
10/6/2023 8:45,-0.6875,-0.125,0,0.125,0,0
10/6/2023 10:45,-0.5,-0.125,0,0.125,0,0
10/6/2023 12:45,-0.25,-0.0625,0,0.125,0,0
10/6/2023 14:45,-0.125,-0.0625,0,0.125,-0.0625,0
10/6/2023 16:45,-0.0625,-0.0625,0,0.125,0,0
10/6/2023 18:45,-0.3125,-0.0625,0,0.125,0,0.0625
10/6/2023 20:45,-0.625,-0.125,0,0.125,-0.0625,0.0625
10/6/2023 22:45,-0.5625,-0.0625,0,0.125,0,0
10/7/2023 0:45,-0.6875,-0.125,0,0.125,0,0
10/7/2023 2:45,-0.75,-0.125,0,0.125,0,0.0625
10/7/2023 4:45,-0.9375,-0.125,0,0.125,0,0
10/7/2023 6:45,-0.75,-0.125,0,0.0625,0,0.0625
10/7/2023 8:45,-0.75,-0.125,0,0.125,0,0
10/7/2023 10:45,-1.1875,-0.125,0,0.125,0,0.0625
10/7/2023 12:45,-0.9375,-0.125,-0.0625,0.125,-0.0625,0
10/7/2023 14:45,-0.625,-0.125,0,0.125,0,0
10/7/2023 16:45,-0.625,-0.125,0,0.125,0,0
10/7/2023 18:45,-0.875,-0.125,0,0.125,0,0.0625
10/7/2023 20:45,-1.125,-0.125,0,0.125,-0.0625,0
10/7/2023 22:45,-0.875,-0.125,0,0.125,0,0.0625
10/8/2023 0:45,-1.0625,-0.125,0,0.125,0,0.0625
10/8/2023 2:45,-1.1875,-0.1875,0,0.125,0,0.0625
10/8/2023 4:45,-1.25,-0.1875,0,0.125,-0.0625,0
10/8/2023 6:45,-1.3125,-0.1875,0,0.125,0,0
10/8/2023 8:45,-1.3125,-0.1875,0,0.125,-0.0625,0.0625
10/8/2023 10:45,-1.125,-0.1875,0,0.125,0,0.0625
10/8/2023 12:45,-0.875,-0.1875,0,0.125,-0.0625,0.0625
10/8/2023 14:45,-1,-0.125,0,0.125,-0.0625,0.0625
10/8/2023 16:45,-1.25,-0.1875,0,0.125,0,0.0625
10/8/2023 18:45,-1.6875,-0.1875,0,0.125,0,0.0625
10/8/2023 20:45,-1.8125,-0.25,0,0.125,0,0.0625
10/8/2023 22:45,-1.9375,-0.25,0,0.125,0,0.0625
10/9/2023 0:45,-1.875,-0.25,0,0.125,0,0.0625
10/9/2023 2:45,-1.6875,-0.25,0,0.125,-0.0625,0
10/9/2023 4:45,-1.375,-0.1875,0,0.125,0,0
10/9/2023 6:45,-0.9375,-0.1875,0,0.125,-0.0625,0.0625
10/9/2023 8:45,-0.625,-0.125,0,0.125,0,0
10/9/2023 10:45,-0.4375,-0.125,0,0.125,-0.0625,0
10/9/2023 12:45,-0.25,-0.125,0,0.125,-0.0625,0.0625
10/9/2023 14:45,-0.1875,-0.125,0,0.125,-0.0625,0.0625
10/9/2023 16:45,-0.125,-0.0625,0,0.125,-0.0625,0.0625
10/9/2023 18:45,-0.1875,-0.0625,0,0.125,-0.0625,0
10/9/2023 20:45,-0.25,-0.0625,0,0.125,0,0.0625
10/9/2023 22:45,-0.5625,-0.125,0,0.125,0,0.0625
10/10/2023 0:45,-0.625,-0.125,0,0.125,0,0.0625
10/10/2023 2:45,-0.625,-0.125,0,0.125,0,0
10/10/2023 4:45,-0.5625,-0.125,0,0.125,0,0
10/10/2023 6:45,-0.5,-0.125,0,0.125,0,0
10/10/2023 8:45,-0.4375,-0.125,0,0.125,0,0.0625
10/10/2023 10:45,-0.3125,-0.0625,0,0.125,0,0.0625
10/10/2023 12:45,-0.1875,-0.125,0,0.125,-0.0625,0
10/10/2023 14:45,-0.0625,-0.0625,0,0.125,0,0.0625
10/10/2023 16:45,-0.0625,-0.125,0,0.125,0,0.0625
10/10/2023 18:45,-0.125,-0.0625,0,0.125,-0.0625,0
10/10/2023 20:45,-0.1875,-0.0625,0,0.125,0,0
10/10/2023 22:45,-0.125,-0.0625,0,0.125,-0.0625,0.0625
10/11/2023 0:45,-0.1875,-0.0625,0,0.125,0,0.0625
10/11/2023 2:45,-0.1875,-0.125,0,0.125,0,0.0625
10/11/2023 4:45,-0.1875,-0.125,0,0.125,0,0
10/11/2023 6:45,-0.1875,-0.0625,0,0.125,-0.0625,0
10/11/2023 8:45,-0.1875,-0.0625,0,0.125,0,0
10/11/2023 10:45,-0.25,-0.0625,0,0.125,0,0
10/11/2023 12:45,-0.1875,-0.0625,0,0.0625,0,0.0625
10/11/2023 14:45,-0.125,-0.0625,0,0.125,0,0
10/11/2023 16:45,-0.1875,-0.125,0,0.125,-0.0625,0
10/11/2023 18:45,-0.375,-0.125,0,0.125,-0.0625,0.0625
10/11/2023 20:45,-0.625,-0.125,0,0.125,0,0
10/11/2023 22:45,-0.75,-0.125,0,0.125,-0.0625,0.0625
10/12/2023 0:45,-0.8125,-0.1875,0,0.125,-0.0625,0.0625
10/12/2023 2:45,-0.8125,-0.1875,0,0.125,-0.0625,0
10/12/2023 4:45,-0.6875,-0.125,0,0.125,0,0.0625
10/12/2023 6:45,-0.625,-0.1875,0,0.125,0,0
10/12/2023 8:45,-0.5625,-0.1875,0,0.125,-0.0625,0.0625
10/12/2023 10:45,-0.5625,-0.125,0,0.125,0,0
10/12/2023 12:45,-0.5625,-0.125,0,0.125,-0.0625,0.0625
10/12/2023 14:45,-0.4375,-0.125,0,0.125,0,0.0625
10/12/2023 16:45,-0.3125,-0.125,0,0.125,0,0
10/12/2023 18:45,-0.375,-0.125,0,0.0625,0,0
10/12/2023 20:45,-0.4375,-0.125,0,0.125,0,0
10/12/2023 22:45,-0.4375,-0.125,0,0.125,0,0
10/13/2023 0:45,-0.4375,-0.125,0,0.125,0,0.0625
10/13/2023 2:45,-0.4375,-0.125,0,0.125,0,0
10/13/2023 4:45,-0.4375,-0.125,0,0.125,0,0
10/13/2023 6:45,-0.4375,-0.125,0,0.125,0,0
10/13/2023 8:45,-0.375,-0.125,0,0.125,0,0.0625
10/13/2023 10:45,-0.25,-0.125,0,0.125,0,0
10/13/2023 12:45,-0.1875,-0.125,0,0.125,0,0
10/13/2023 14:45,-0.125,-0.125,0,0.125,0,0.0625
10/13/2023 16:45,-0.0625,-0.0625,0,0.125,0,0.0625
10/13/2023 18:45,-0.125,-0.125,0,0.125,0,0.0625
10/13/2023 20:45,-0.1875,-0.125,0,0.125,0,0.0625
10/13/2023 22:45,-0.1875,-0.0625,0,0.125,-0.0625,0.0625
10/14/2023 0:45,-0.5,-0.125,0,0.125,-0.0625,0.0625
10/14/2023 2:45,-0.4375,-0.125,0,0.125,0,0
10/14/2023 4:45,-0.5,-0.125,0,0.125,0,0.0625
10/14/2023 6:45,-0.4375,-0.125,0,0.125,0,0
10/14/2023 8:45,-0.375,-0.125,0,0.125,0,0.0625
10/14/2023 10:45,-0.25,-0.125,0,0.125,0,0.0625
10/14/2023 12:45,-0.125,-0.125,0,0.125,0,0.0625
10/14/2023 14:45,-0.0625,-0.125,0,0.125,0,0
10/14/2023 16:45,0,-0.125,0,0.125,-0.0625,0
10/14/2023 18:45,-0.0625,-0.0625,0,0.125,0,0.0625
10/14/2023 20:45,-0.0625,-0.125,0,0.125,0,0.0625
10/14/2023 22:45,-0.125,-0.0625,0,0.125,0,0
10/15/2023 0:45,-0.1875,-0.125,0,0.125,0,0
10/15/2023 2:45,-0.25,-0.125,0,0.125,0,0
10/15/2023 4:45,-0.3125,-0.125,0,0.125,0,0.0625
10/15/2023 6:45,-0.25,-0.125,0,0.125,0,0.0625
10/15/2023 8:45,-0.1875,-0.125,0,0.125,0,0.0625
10/15/2023 10:45,-0.125,-0.125,0,0.125,-0.0625,0
10/15/2023 12:45,-0.125,-0.125,0,0.125,0,0.0625
10/15/2023 14:45,-0.0625,-0.125,0,0.125,0,0.0625
10/15/2023 16:45,0,-0.0625,0,0.125,0,0
10/15/2023 18:45,0,-0.125,0,0.125,0,0
10/15/2023 20:45,0,-0.0625,0,0.125,0,0.0625
10/15/2023 22:45,-0.0625,-0.0625,0,0.125,0,0.0625
10/16/2023 0:45,-0.1875,-0.0625,0,0.125,-0.0625,0
10/16/2023 2:45,-0.3125,-0.125,0,0.125,0,0.0625
10/16/2023 4:45,-0.5,-0.125,0,0.125,0,0.0625
10/16/2023 6:45,-0.5,-0.125,-0.0625,0.125,0,0.0625
10/16/2023 8:45,-0.4375,-0.125,0,0.125,0,0
10/16/2023 10:45,-0.5,-0.125,0,0.0625,0,0.0625
10/16/2023 12:45,-0.625,-0.1875,0,0.125,-0.0625,0.0625
10/16/2023 14:45,-0.6875,-0.125,0,0.125,0,0.0625
10/16/2023 16:45,-0.625,-0.1875,0,0.125,0,0
10/16/2023 18:45,-0.5625,-0.1875,0,0.125,-0.0625,0
10/16/2023 20:45,-0.4375,-0.1875,0,0.125,0,0
10/16/2023 22:45,-0.375,-0.1875,0,0.125,-0.0625,0.0625
10/17/2023 0:45,-0.375,-0.125,0,0.0625,-0.0625,0.0625
10/17/2023 2:45,-0.3125,-0.125,0,0.0625,0,0
10/17/2023 4:45,-0.25,-0.125,0,0.125,0,0.0625
10/17/2023 6:45,-0.1875,-0.125,0,0.125,-0.0625,0
10/17/2023 8:45,-0.1875,-0.125,0,0.125,-0.0625,0.0625
10/17/2023 10:45,-0.0625,-0.125,0,0.125,0,0.0625
10/17/2023 12:45,-0.0625,-0.125,0,0.0625,0,0
10/17/2023 14:45,0,-0.0625,0,0.125,0,0.0625
10/17/2023 16:45,-0.0625,-0.125,0,0.125,0,0
10/17/2023 18:45,-0.0625,-0.0625,0,0.125,0,0
10/17/2023 20:45,-0.0625,-0.0625,0,0.125,-0.0625,0.0625
10/17/2023 22:45,-0.0625,-0.0625,0,0.125,-0.0625,0
10/18/2023 0:45,-0.0625,-0.0625,0,0.0625,0,0.0625
10/18/2023 2:45,-0.0625,-0.0625,0,0.125,0,0
10/18/2023 4:45,-0.0625,-0.0625,0,0.125,0,0
10/18/2023 6:45,-0.125,-0.0625,0,0.125,0,0.0625
10/18/2023 8:45,-0.125,-0.125,0,0.125,0,0.0625
10/18/2023 10:45,-0.125,-0.0625,0,0.125,-0.0625,0.0625
10/18/2023 12:45,-0.1875,-0.125,0,0.125,0,0.0625
10/18/2023 14:45,-0.25,-0.125,0,0.125,-0.0625,0
10/18/2023 16:45,-0.25,-0.125,0,0.125,-0.0625,0.0625
10/18/2023 18:45,-0.25,-0.125,0,0.125,-0.0625,0
10/18/2023 20:45,-0.25,-0.125,0,0.125,-0.0625,0
10/18/2023 22:45,-0.1875,-0.125,0,0.125,-0.0625,0
10/19/2023 0:45,-0.1875,-0.125,0,0.125,0,0.0625
10/19/2023 2:45,-0.1875,-0.125,0,0.125,0,0
10/19/2023 4:45,-0.1875,-0.125,0,0.0625,-0.0625,0.0625
10/19/2023 6:45,-0.1875,-0.125,0,0.125,-0.0625,0
10/19/2023 8:45,-0.1875,-0.125,0,0.125,0,0.0625
10/19/2023 10:45,-0.1875,-0.125,0,0.125,-0.0625,0.0625
10/19/2023 12:45,-0.1875,-0.125,0,0.125,0,0.0625
10/19/2023 14:45,-0.125,-0.125,0,0.125,0,0
10/19/2023 16:45,-0.125,-0.125,0,0.125,0,0.0625
10/19/2023 18:45,-0.125,-0.125,0,0.125,0,0
10/19/2023 20:45,-0.125,-0.125,0,0.125,0,0.0625
10/19/2023 22:45,-0.125,-0.125,0,0.125,0,0
10/20/2023 0:45,-0.1875,-0.125,0,0.125,0,0
10/20/2023 2:45,-0.1875,-0.125,0,0.125,0,0.0625
10/20/2023 4:45,-0.1875,-0.125,0,0.125,-0.0625,0.0625
10/20/2023 6:45,-0.25,-0.125,0,0.125,0,0
10/20/2023 8:45,-0.3125,-0.125,0,0.125,-0.0625,0
10/20/2023 10:45,-0.3125,-0.125,0,0.125,0,0.0625
10/20/2023 12:45,-0.1875,-0.125,0,0.125,-0.0625,0.0625
10/20/2023 14:45,-0.375,-0.125,0,0.125,0,0.0625
10/20/2023 16:45,-0.5,-0.125,0,0.125,-0.0625,0.0625
10/20/2023 18:45,-0.375,-0.1875,0,0.125,-0.0625,0
10/20/2023 20:45,-0.375,-0.125,0,0.125,0,0
10/20/2023 22:45,-0.4375,-0.1875,0,0.125,0,0.0625
10/21/2023 0:45,-0.5625,-0.1875,0,0.125,-0.0625,0
10/21/2023 2:45,-0.4375,-0.1875,0,0.125,0,0
10/21/2023 4:45,-0.4375,-0.1875,0,0.125,0,0
10/21/2023 6:45,-0.375,-0.1875,0,0.125,0,0
10/21/2023 8:45,-0.3125,-0.1875,0,0.125,0,0
10/21/2023 10:45,-0.3125,-0.125,0,0.125,0,0
10/21/2023 12:45,-0.375,-0.1875,0,0.125,0,0
10/21/2023 14:45,-0.3125,-0.1875,0,0.125,0,0
10/21/2023 16:45,-0.3125,-0.1875,0,0.125,-0.0625,0
10/21/2023 18:45,-0.3125,-0.1875,0,0.125,0,0.0625
10/21/2023 20:45,-0.25,-0.125,0,0.125,0,0.0625
10/21/2023 22:45,-0.25,-0.125,0,0.125,-0.0625,0
10/22/2023 0:45,-0.25,-0.125,0,0.125,-0.0625,0
10/22/2023 2:45,-0.25,-0.125,0,0.0625,-0.0625,0
10/22/2023 4:45,-0.25,-0.125,0,0.125,0,0
10/22/2023 6:45,-0.1875,-0.125,0,0.125,0,0
10/22/2023 8:45,-0.1875,-0.125,0,0.125,0,0.0625
10/22/2023 10:45,-0.1875,-0.125,0,0.125,-0.0625,0.0625
10/22/2023 12:45,-0.1875,-0.125,0,0.125,0,0
10/22/2023 14:45,-0.1875,-0.125,0,0.125,0,0.0625
10/22/2023 16:45,-0.1875,-0.125,0,0.125,-0.0625,0.0625
10/22/2023 18:45,-0.1875,-0.125,0,0.125,0,0.0625
10/22/2023 20:45,-0.1875,-0.125,0,0.125,-0.0625,0
10/22/2023 22:45,-0.1875,-0.125,0,0.125,0,0
10/23/2023 0:45,-0.1875,-0.125,0,0.125,0,0.0625
10/23/2023 2:45,-0.25,-0.125,0,0.125,0,0
10/23/2023 4:45,-0.1875,-0.125,0,0.125,0,0
10/23/2023 6:45,-0.1875,-0.125,0,0.125,0,0
10/23/2023 8:45,-0.25,-0.125,0,0.125,0,0.0625
10/23/2023 10:45,-0.1875,-0.125,0,0.125,-0.0625,0
10/23/2023 12:45,-0.25,-0.125,0,0.125,0,0.0625
10/23/2023 14:45,-0.25,-0.125,0,0.125,0,0.0625
10/23/2023 16:45,-0.1875,-0.125,0,0.125,0,0.0625
10/23/2023 18:45,-0.125,-0.125,0,0.125,0,0.0625
10/23/2023 20:45,-0.125,-0.125,0,0.125,0,0.0625
10/23/2023 22:45,-0.0625,-0.125,0,0.125,0,0
10/24/2023 0:45,-0.0625,-0.125,0,0.125,0,0
10/24/2023 2:45,-0.0625,-0.125,0,0.125,0,0.0625
10/24/2023 4:45,-0.0625,-0.125,0,0.0625,-0.0625,0
10/24/2023 6:45,-0.0625,-0.125,0,0.125,-0.0625,0.0625
10/24/2023 8:45,-0.0625,-0.0625,0,0.125,0,0.0625
10/24/2023 10:45,0,-0.125,0,0.125,0,0.0625
10/24/2023 12:45,0,-0.125,0,0.0625,-0.0625,0.0625
10/24/2023 14:45,0,-0.0625,0,0.125,0,0
10/24/2023 16:45,-0.0625,-0.125,0,0.125,-0.0625,0
10/24/2023 18:45,-0.0625,-0.125,0,0.125,-0.0625,0.0625
10/24/2023 20:45,-0.0625,-0.125,0,0.125,0,0.0625
10/24/2023 22:45,-0.0625,-0.125,0,0.125,-0.0625,0.0625
10/25/2023 0:45,-0.0625,-0.125,0,0.0625,-0.0625,0
10/25/2023 2:45,-0.0625,-0.125,0,0.125,-0.0625,0.0625
10/25/2023 4:45,-0.125,-0.125,0,0.125,0,0
10/25/2023 6:45,-0.1875,-0.125,0,0.125,0,0.0625
10/25/2023 8:45,-0.1875,-0.125,0,0.125,0,0.0625
10/25/2023 10:45,-0.1875,-0.125,0,0.125,-0.0625,0.0625
10/25/2023 12:45,-0.1875,-0.125,0,0.125,0,0
10/25/2023 14:45,-0.1875,-0.125,0,0.125,0,0
10/25/2023 16:45,-0.1875,-0.125,0,0.125,-0.0625,0.0625
10/25/2023 18:45,-0.25,-0.125,0,0.125,0,0.0625
10/25/2023 20:45,-0.25,-0.1875,0,0.0625,-0.0625,0
10/25/2023 22:45,-0.3125,-0.1875,0,0.125,0,0.0625
10/26/2023 0:45,-0.3125,-0.125,0,0.125,-0.0625,0.0625
10/26/2023 2:45,-0.3125,-0.125,0,0.125,-0.0625,0.0625
10/26/2023 4:45,-0.3125,-0.1875,0,0.125,0,0
10/26/2023 6:45,-0.3125,-0.125,0,0.125,-0.0625,0
10/26/2023 8:45,-0.3125,-0.1875,0,0.125,-0.0625,0
10/26/2023 10:45,-0.3125,-0.1875,0,0.125,-0.0625,0
10/26/2023 12:45,-0.1875,-0.125,0,0.125,0,0
10/26/2023 14:45,-0.125,-0.125,0,0.125,-0.0625,0
10/26/2023 16:45,-0.0625,-0.125,0,0.125,-0.0625,0.0625
10/26/2023 18:45,-0.0625,-0.125,0,0.125,0,0.0625
10/26/2023 20:45,-0.0625,-0.125,0,0.0625,0,0.0625
10/26/2023 22:45,-0.0625,-0.125,0,0.125,0,0
10/27/2023 0:45,-0.0625,-0.125,0,0.0625,-0.0625,0.0625
10/27/2023 2:45,-0.0625,-0.0625,0,0.125,0,0
10/27/2023 4:45,-0.0625,-0.125,0,0.125,-0.0625,0.0625
10/27/2023 6:45,-0.0625,-0.125,0,0.125,0,0
10/27/2023 8:45,0,-0.0625,0,0.125,0,0
10/27/2023 10:45,0,-0.125,0,0.125,0,0.0625
10/27/2023 12:45,0,-0.125,0,0.125,-0.0625,0
10/27/2023 14:45,0,-0.125,0,0.125,0,0
10/27/2023 16:45,0,-0.125,0,0.125,0,0.0625
10/27/2023 18:45,0,-0.125,0,0.125,0,0.0625
10/27/2023 20:45,0,-0.125,0,0.125,-0.0625,0
10/27/2023 22:45,0,-0.0625,0,0.125,0,0
10/28/2023 0:45,0,-0.0625,0,0.125,-0.0625,0.0625
10/28/2023 2:45,-0.0625,-0.125,0,0.125,0,0
10/28/2023 4:45,-0.0625,-0.125,0,0.125,-0.0625,0.0625
10/28/2023 6:45,-0.0625,-0.125,0,0.125,-0.0625,0
10/28/2023 8:45,-0.125,-0.0625,0,0.125,-0.0625,0.0625
10/28/2023 10:45,-0.125,-0.125,0,0.125,-0.0625,0
10/28/2023 12:45,-0.0625,-0.125,0,0.125,0,0.0625
10/28/2023 14:45,-0.0625,-0.125,0,0.125,-0.0625,0
10/28/2023 16:45,-0.0625,-0.125,0,0.0625,0,0
10/28/2023 18:45,-0.0625,-0.125,0,0.125,0,0
10/28/2023 20:45,0,-0.125,0,0.0625,-0.0625,0.0625
10/28/2023 22:45,-0.0625,-0.125,0,0.125,-0.0625,0
10/29/2023 0:45,0,-0.0625,0,0.125,0,0
10/29/2023 2:45,0,-0.125,0,0.125,0,0
10/29/2023 4:45,0,-0.125,0,0.0625,-0.0625,0
10/29/2023 6:45,0,-0.125,0,0.125,0,0.0625
10/29/2023 8:45,-0.0625,-0.125,0,0.125,0,0.0625
10/29/2023 10:45,-0.0625,-0.125,0,0.125,0,0
10/29/2023 12:45,-0.0625,-0.125,0,0.125,0,0
10/29/2023 14:45,-0.0625,-0.125,0,0.125,-0.0625,0
10/29/2023 16:45,-0.0625,-0.125,0,0.0625,-0.0625,0.0625
10/29/2023 18:45,-0.0625,-0.125,0,0.125,-0.0625,0.0625
10/29/2023 20:45,-0.125,-0.125,0,0.125,0,0
10/29/2023 22:45,-0.0625,-0.125,0,0.125,-0.0625,0
10/30/2023 0:45,-0.0625,-0.125,0,0.0625,-0.0625,0.0625
10/30/2023 2:45,-0.0625,-0.125,0,0.125,0,0
10/30/2023 4:45,0,-0.125,0,0.125,0,0
10/30/2023 6:45,0,-0.0625,0,0.125,0,0.0625
10/30/2023 8:45,0,-0.0625,0,0.125,0,0
10/30/2023 10:45,0,-0.125,0,0.125,-0.0625,0
10/30/2023 12:45,0,-0.125,0,0.125,-0.0625,0.0625
10/30/2023 14:45,0,-0.125,0,0.125,-0.0625,0.0625
10/30/2023 16:45,0,-0.125,0,0.125,0,0.0625
10/30/2023 18:45,-0.0625,-0.0625,0,0.0625,0,0
10/30/2023 20:45,-0.0625,-0.0625,0,0.125,0,0.0625
10/30/2023 22:45,0,-0.125,0,0.125,-0.0625,0
10/31/2023 0:45,-0.0625,-0.0625,0,0.125,-0.0625,0
10/31/2023 2:45,-0.0625,-0.125,0,0.125,0,0.0625
10/31/2023 4:45,-0.0625,-0.125,0,0.125,-0.0625,0
10/31/2023 6:45,-0.0625,-0.125,0,0.125,0,0
10/31/2023 8:45,-0.0625,-0.125,0,0.125,0,0
10/31/2023 10:45,-0.0625,-0.125,0,0.125,-0.0625,0
10/31/2023 12:45,0,-0.125,0,0.125,-0.0625,0.0625
10/31/2023 14:45,0,-0.0625,0,0.125,-0.0625,0.0625
10/31/2023 16:45,0,-0.125,0,0.125,-0.0625,0
10/31/2023 18:45,0,-0.125,0,0.125,-0.0625,0
10/31/2023 20:45,0,-0.125,0,0.125,0,0
10/31/2023 22:45,0.0625,-0.0625,0,0.125,0,0.0625
11/1/2023 0:45,0,-0.0625,0,0.0625,-0.0625,0.0625
11/1/2023 2:45,0,-0.125,0,0.0625,-0.0625,0
11/1/2023 4:45,0,-0.0625,0,0.125,-0.0625,0
11/1/2023 6:45,0,-0.0625,0,0.125,-0.0625,0.0625
11/1/2023 8:45,0,-0.125,0,0.125,-0.0625,0.0625
11/1/2023 10:45,0,-0.125,0,0.125,0,0.0625
11/1/2023 12:45,0,-0.125,0,0.125,0,0.0625
11/1/2023 14:45,0,-0.125,0,0.0625,0,0
11/1/2023 16:45,0,-0.0625,0,0.0625,-0.0625,0.0625
11/1/2023 18:45,0,-0.125,0,0.125,0,0
11/1/2023 20:45,0,-0.125,0,0.0625,-0.0625,0.0625
11/1/2023 22:45,0,-0.0625,0,0.0625,-0.0625,0.0625
11/2/2023 0:45,0,-0.125,0,0.125,0,0.0625
11/2/2023 2:45,0,-0.0625,0,0.0625,0,0.0625
11/2/2023 4:45,0,-0.125,0,0.125,0,0
11/2/2023 6:45,-0.0625,-0.125,0,0.125,-0.0625,0.0625
11/2/2023 8:45,0,-0.125,0,0.125,0,0
11/2/2023 10:45,-0.0625,-0.125,0,0.0625,0,0.0625
11/2/2023 12:45,-0.0625,-0.125,0,0.125,0,0
11/2/2023 14:45,-0.0625,-0.0625,0,0.125,0,0.0625
11/2/2023 16:45,-0.0625,-0.125,0,0.125,0,0
11/2/2023 18:45,-0.0625,-0.125,0,0.125,-0.0625,0.0625
11/2/2023 20:45,-0.0625,-0.0625,0,0.125,-0.0625,0
11/2/2023 22:45,-0.0625,-0.125,0,0.125,0,0.0625
11/3/2023 0:45,-0.125,-0.125,0,0.125,0,0.0625
11/3/2023 2:45,-0.0625,-0.125,0,0.125,-0.0625,0.0625
11/3/2023 4:45,-0.0625,-0.125,0,0.125,-0.0625,0
11/3/2023 6:45,-0.125,-0.125,0,0.125,-0.0625,0
11/3/2023 8:45,-0.125,-0.125,0,0.125,0,0
11/3/2023 10:45,-0.125,-0.125,0,0.125,0,0.0625
11/3/2023 12:45,-0.125,-0.125,0,0.125,0,0
11/3/2023 14:45,-0.125,-0.125,0,0.125,0,0
11/3/2023 16:45,-0.125,-0.125,0,0.125,-0.0625,0.0625
11/3/2023 18:45,-0.1875,-0.125,0,0.125,0,0
11/3/2023 20:45,-0.1875,-0.125,0,0.125,0,0
11/3/2023 22:45,-0.125,-0.125,0,0.0625,-0.0625,0
11/4/2023 0:45,-0.1875,-0.125,0,0.125,0,0.0625
11/4/2023 2:45,-0.1875,-0.125,0,0.125,0,0
11/4/2023 4:45,-0.1875,-0.125,0,0.125,0,0
11/4/2023 6:45,-0.1875,-0.125,0,0.125,0,0
11/4/2023 8:45,-0.1875,-0.125,0,0.0625,0,0
11/4/2023 10:45,-0.1875,-0.125,0,0.0625,0,0.0625
11/4/2023 12:45,-0.25,-0.125,0,0.125,0,0.0625
11/4/2023 14:45,-0.25,-0.125,0,0.125,0,0
11/4/2023 16:45,-0.25,-0.1875,0,0.125,-0.0625,0
11/4/2023 18:45,-0.25,-0.125,0,0.125,0,0
11/4/2023 20:45,-0.25,-0.1875,0,0.125,0,0
11/4/2023 22:45,-0.25,-0.1875,0,0.125,-0.0625,0.0625
11/5/2023 0:45,-0.25,-0.1875,0,0.125,-0.0625,0
11/5/2023 2:45,-0.3125,-0.1875,0,0.125,0,0
11/5/2023 4:45,-0.3125,-0.1875,0,0.0625,0,0
11/5/2023 6:45,-0.3125,-0.1875,0,0.125,0,0
11/5/2023 8:45,-0.3125,-0.1875,0,0.125,-0.0625,0.0625
11/5/2023 10:45,-0.3125,-0.1875,0,0.125,0,0.0625
11/5/2023 12:45,-0.375,-0.1875,0,0.125,0,0.0625
11/5/2023 14:45,-0.375,-0.1875,0,0.125,0,0.0625
11/5/2023 16:45,-0.3125,-0.1875,0,0.125,0,0.0625
11/5/2023 18:45,-0.3125,-0.1875,0,0.125,0,0
11/5/2023 20:45,-0.3125,-0.1875,0,0.125,0,0
11/5/2023 22:45,-0.375,-0.1875,0,0.125,-0.0625,0
11/6/2023 0:45,-0.375,-0.1875,-0.0625,0.0625,-0.0625,0
11/6/2023 2:45,-0.3125,-0.1875,0,0.125,0,0
11/6/2023 4:45,-0.375,-0.1875,0,0.125,-0.0625,0.0625
11/6/2023 6:45,-0.3125,-0.1875,0,0.125,-0.0625,0
11/6/2023 8:45,-0.3125,-0.1875,0,0.125,0,0
11/6/2023 10:45,-0.3125,-0.1875,0,0.125,0,0
11/6/2023 12:45,-0.3125,-0.1875,-0.0625,0.125,0,0.0625
11/6/2023 14:45,-0.3125,-0.1875,0,0.125,0,0
11/6/2023 16:45,-0.3125,-0.1875,0,0.125,0,0.0625
11/6/2023 18:45,-0.3125,-0.1875,0,0.125,0,0
11/6/2023 20:45,-0.3125,-0.1875,0,0.125,0,0
11/6/2023 22:45,-0.3125,-0.1875,0,0.125,0,0
11/7/2023 0:45,-0.3125,-0.1875,0,0.125,-0.0625,0.0625
11/7/2023 2:45,-0.3125,-0.1875,0,0.125,0,0
11/7/2023 4:45,-0.3125,-0.1875,0,0.125,-0.0625,0
11/7/2023 6:45,-0.3125,-0.1875,0,0.125,0,0
11/7/2023 8:45,-0.3125,-0.1875,0,0.0625,0,0.0625
11/7/2023 10:45,-0.3125,-0.1875,0,0.125,0,0
11/7/2023 12:45,-0.3125,-0.1875,0,0.125,-0.0625,0
11/7/2023 14:45,-0.375,-0.1875,0,0.0625,0,0
11/7/2023 16:45,-0.375,-0.1875,0,0.125,-0.0625,0.0625
11/7/2023 18:45,-0.375,-0.1875,0,0.125,0,0
11/7/2023 20:45,-0.375,-0.1875,0,0.125,0,0
11/7/2023 22:45,-0.375,-0.1875,-0.0625,0.0625,-0.0625,0
11/8/2023 0:45,-0.375,-0.1875,0,0.125,0,0
11/8/2023 2:45,-0.4375,-0.1875,0,0.125,-0.0625,0.0625
11/8/2023 4:45,-0.375,-0.25,-0.0625,0.125,0,0
11/8/2023 6:45,-0.375,-0.25,0,0.125,0,0.0625
11/8/2023 8:45,-0.375,-0.1875,0,0.125,0,0
11/8/2023 10:45,-0.375,-0.25,-0.0625,0.0625,-0.0625,0
11/8/2023 12:45,-0.375,-0.1875,0,0.125,0,0.0625
11/8/2023 14:45,-0.375,-0.1875,0,0.125,-0.0625,0
11/8/2023 16:45,-0.4375,-0.25,0,0.125,0,0.0625
11/8/2023 18:45,-0.4375,-0.25,0,0.125,0,0
11/8/2023 20:45,-0.4375,-0.25,0,0.0625,0,0.0625
11/8/2023 22:45,-0.4375,-0.25,0,0.125,-0.0625,0
11/9/2023 0:45,-0.4375,-0.1875,0,0.125,0,0
11/9/2023 2:45,-0.4375,-0.25,0,0.125,0,0
11/9/2023 4:45,-0.4375,-0.25,0,0.0625,0,0.0625
11/9/2023 6:45,-0.4375,-0.25,0,0.125,-0.0625,0.0625
11/9/2023 8:45,-0.4375,-0.25,-0.0625,0.125,0,0.0625
11/9/2023 10:45,-0.4375,-0.25,0,0.125,-0.0625,0.0625
11/9/2023 12:45,-0.4375,-0.25,0,0.125,0,0
11/9/2023 14:45,-0.375,-0.1875,-0.0625,0.125,0,0.0625
11/9/2023 16:45,-0.375,-0.25,-0.0625,0.125,-0.0625,0.0625
11/9/2023 18:45,-0.375,-0.1875,0,0.125,0,0
11/9/2023 20:45,-0.3125,-0.1875,0,0.125,-0.0625,0
11/9/2023 22:45,-0.3125,-0.25,0,0.125,-0.0625,0.0625
11/10/2023 0:45,-0.3125,-0.25,-0.0625,0.125,0,0.0625
11/10/2023 2:45,-0.375,-0.25,0,0.0625,0,0.0625
11/10/2023 4:45,-0.3125,-0.1875,0,0.125,-0.0625,0.0625
11/10/2023 6:45,-0.25,-0.1875,0,0.125,-0.0625,0.0625
11/10/2023 8:45,-0.3125,-0.1875,0,0.0625,0,0
11/10/2023 10:45,-0.25,-0.1875,0,0.125,0,0
11/10/2023 12:45,-0.25,-0.1875,-0.0625,0.0625,0,0
11/10/2023 14:45,-0.3125,-0.1875,0,0.125,0,0
11/10/2023 16:45,-0.3125,-0.1875,-0.0625,0.125,-0.0625,0
11/10/2023 18:45,-0.25,-0.1875,0,0.125,-0.0625,0
11/10/2023 20:45,-0.25,-0.1875,0,0.125,0,0.0625
11/10/2023 22:45,-0.25,-0.1875,0,0.125,0,0.0625
11/11/2023 0:45,-0.25,-0.1875,0,0.125,0,0
11/11/2023 2:45,-0.25,-0.1875,0,0.125,0,0
11/11/2023 4:45,-0.25,-0.1875,0,0.0625,0,0
11/11/2023 6:45,-0.25,-0.1875,0,0.125,-0.0625,0
11/11/2023 8:45,-0.25,-0.1875,0,0.0625,0,0
11/11/2023 10:45,-0.25,-0.1875,0,0.125,0,0
11/11/2023 12:45,-0.25,-0.1875,0,0.125,-0.0625,0
11/11/2023 14:45,-0.25,-0.1875,0,0.125,-0.0625,0.0625
11/11/2023 16:45,-0.25,-0.1875,0,0.125,-0.0625,0
11/11/2023 18:45,-0.25,-0.1875,0,0.125,-0.0625,0.0625
11/11/2023 20:45,-0.25,-0.1875,0,0.125,-0.0625,0
11/11/2023 22:45,-0.25,-0.1875,0,0.0625,0,0
11/12/2023 0:45,-0.3125,-0.1875,0,0.125,-0.0625,0
11/12/2023 2:45,-0.3125,-0.1875,0,0.0625,-0.0625,0
11/12/2023 4:45,-0.3125,-0.1875,0,0.0625,0,0.0625
11/12/2023 6:45,-0.375,-0.1875,0,0.125,0,0
11/12/2023 8:45,-0.375,-0.25,0,0.125,-0.0625,0.0625
11/12/2023 10:45,-0.375,-0.1875,0,0.125,0,0.0625
11/12/2023 12:45,-0.375,-0.25,0,0.125,0,0.0625
11/12/2023 14:45,-0.375,-0.25,0,0.0625,0,0
11/12/2023 16:45,-0.375,-0.1875,0,0.125,0,0.0625
11/12/2023 18:45,-0.4375,-0.25,0,0.125,0,0.0625
11/12/2023 20:45,-0.4375,-0.25,-0.0625,0.0625,0,0.0625
11/12/2023 22:45,-0.4375,-0.25,0,0.125,-0.0625,0.0625
11/13/2023 0:45,-0.4375,-0.25,0,0.125,-0.0625,0.0625
11/13/2023 2:45,-0.4375,-0.25,0,0.0625,0,0.0625
11/13/2023 4:45,-0.4375,-0.25,-0.0625,0.125,0,0.0625
11/13/2023 6:45,-0.5,-0.25,0,0.125,0,0.0625
11/13/2023 8:45,-0.5625,-0.25,0,0.125,0,0
11/13/2023 10:45,-0.4375,-0.25,0,0.125,-0.0625,0
11/13/2023 12:45,-0.4375,-0.25,0,0.125,0,0.0625
11/13/2023 14:45,-0.375,-0.25,0,0.0625,-0.0625,0.0625
11/13/2023 16:45,-0.3125,-0.25,0,0.125,0,0
11/13/2023 18:45,-0.375,-0.1875,0,0.125,0,0.0625
11/13/2023 20:45,-0.4375,-0.25,0,0.0625,-0.0625,0
11/13/2023 22:45,-0.5,-0.25,0,0.125,-0.0625,0
11/14/2023 0:45,-0.5,-0.25,0,0.125,0,0
11/14/2023 2:45,-0.5,-0.25,0,0.125,0,0
11/14/2023 4:45,-0.5,-0.25,0,0.0625,-0.0625,0.0625
11/14/2023 6:45,-0.5,-0.25,0,0.125,0,0
11/14/2023 8:45,-0.5,-0.25,-0.0625,0.125,0,0.0625
11/14/2023 10:45,-0.4375,-0.25,0,0.0625,-0.0625,0
11/14/2023 12:45,-0.4375,-0.25,0,0.125,0,0.0625
11/14/2023 14:45,-0.4375,-0.25,0,0.0625,0,0.0625
11/14/2023 16:45,-0.375,-0.25,0,0.125,0,0.0625
11/14/2023 18:45,-0.4375,-0.25,-0.0625,0.125,0,0.0625
11/14/2023 20:45,-0.4375,-0.25,0,0.0625,0,0.0625
11/14/2023 22:45,-0.4375,-0.25,0,0.0625,0,0.0625
11/15/2023 0:45,-0.4375,-0.25,0,0.125,-0.0625,0.0625
11/15/2023 2:45,-0.5,-0.25,0,0.0625,-0.0625,0.0625
11/15/2023 4:45,-0.625,-0.3125,0,0.0625,0,0.0625
11/15/2023 6:45,-0.6875,-0.3125,0,0.125,0,0
11/15/2023 8:45,-0.6875,-0.3125,-0.0625,0.125,-0.0625,0
11/15/2023 10:45,-0.6875,-0.3125,0,0.0625,-0.0625,0
11/15/2023 12:45,-0.625,-0.3125,0,0.125,0,0
11/15/2023 14:45,-0.6875,-0.375,0,0.125,-0.0625,0.0625
11/15/2023 16:45,-0.625,-0.3125,-0.0625,0.125,0,0
11/15/2023 18:45,-0.6875,-0.3125,0,0.125,0,0
11/15/2023 20:45,-0.625,-0.3125,0,0.0625,-0.0625,0
11/15/2023 22:45,-0.625,-0.3125,0,0.125,0,0
11/16/2023 0:45,-0.625,-0.3125,0,0.0625,0,0
11/16/2023 2:45,-0.5625,-0.3125,-0.0625,0.125,0,0
11/16/2023 4:45,-0.5625,-0.3125,-0.0625,0.0625,0,0
11/16/2023 6:45,-0.5625,-0.3125,0,0.125,0,0.0625
11/16/2023 8:45,-0.625,-0.3125,-0.0625,0.125,-0.0625,0
11/16/2023 10:45,-0.625,-0.3125,0,0.125,0,0
11/16/2023 12:45,-0.625,-0.3125,0,0.125,0,0
11/16/2023 14:45,-0.625,-0.3125,-0.0625,0.125,0,0.0625
11/16/2023 16:45,-0.5625,-0.3125,0,0.125,-0.0625,0
11/16/2023 18:45,-0.5625,-0.3125,0,0.125,-0.0625,0
11/16/2023 20:45,-0.5625,-0.3125,0,0.0625,-0.0625,0.0625
11/16/2023 22:45,-0.5625,-0.3125,-0.0625,0.125,-0.0625,0
11/17/2023 0:45,-0.5625,-0.3125,0,0.125,-0.0625,0
11/17/2023 2:45,-0.5625,-0.3125,-0.0625,0.125,-0.0625,0
11/17/2023 4:45,-0.625,-0.3125,0,0.0625,-0.0625,0.0625
11/17/2023 6:45,-0.625,-0.3125,-0.0625,0.125,0,0.0625
11/17/2023 8:45,-0.625,-0.375,0,0.125,-0.0625,0
11/17/2023 10:45,-0.6875,-0.375,0,0.0625,-0.0625,0
11/17/2023 12:45,-0.6875,-0.375,0,0.0625,0,0
11/17/2023 14:45,-0.6875,-0.375,-0.0625,0.125,0,0.0625
11/17/2023 16:45,-0.75,-0.375,-0.0625,0.125,-0.0625,0.0625
11/17/2023 18:45,-0.75,-0.375,0,0.0625,-0.0625,0
11/17/2023 20:45,-0.75,-0.375,-0.0625,0.125,0,0
11/17/2023 22:45,-0.75,-0.375,-0.0625,0.0625,0,0.0625
11/18/2023 0:45,-0.75,-0.375,-0.0625,0.0625,-0.0625,0.0625
11/18/2023 2:45,-0.75,-0.375,-0.0625,0.125,0,0.0625
11/18/2023 4:45,-0.8125,-0.375,-0.0625,0.125,-0.0625,0.0625
11/18/2023 6:45,-0.8125,-0.375,-0.0625,0.125,-0.0625,0
11/18/2023 8:45,-0.875,-0.375,-0.0625,0.125,-0.0625,0.0625
11/18/2023 10:45,-0.875,-0.4375,0,0.125,0,0
11/18/2023 12:45,-0.9375,-0.4375,-0.0625,0.125,-0.0625,0
11/18/2023 14:45,-0.9375,-0.4375,-0.0625,0.125,-0.0625,0
11/18/2023 16:45,-0.9375,-0.4375,0,0.0625,0,0
11/18/2023 18:45,-1,-0.5,-0.0625,0.0625,0,0
11/18/2023 20:45,-1,-0.4375,0,0.125,-0.0625,0
11/18/2023 22:45,-1,-0.5,-0.0625,0.125,-0.0625,0
11/19/2023 0:45,-1,-0.4375,0,0.0625,-0.0625,0
11/19/2023 2:45,-1,-0.5,0,0.125,-0.0625,0.0625
11/19/2023 4:45,-0.9375,-0.5,-0.0625,0.125,0,0
11/19/2023 6:45,-0.9375,-0.5,-0.0625,0.125,0,0.0625
11/19/2023 8:45,-0.9375,-0.4375,-0.0625,0.125,0,0.0625
11/19/2023 10:45,-0.875,-0.4375,-0.0625,0.0625,0,0.0625
11/19/2023 12:45,-0.875,-0.4375,-0.0625,0.0625,0,0
11/19/2023 14:45,-0.875,-0.4375,-0.0625,0.0625,0,0
11/19/2023 16:45,-0.875,-0.4375,0,0.125,0,0
11/19/2023 18:45,-0.875,-0.4375,0,0.125,0,0
11/19/2023 20:45,-0.875,-0.4375,0,0.125,0,0.0625
11/19/2023 22:45,-0.875,-0.4375,0,0.125,0,0.0625
11/20/2023 0:45,-0.875,-0.4375,0,0.125,0,0.0625
11/20/2023 2:45,-0.875,-0.4375,0,0.125,0,0.0625
11/20/2023 4:45,-0.8125,-0.4375,-0.0625,0.125,0,0.0625
11/20/2023 6:45,-0.8125,-0.4375,0,0.125,0,0.0625
11/20/2023 8:45,-0.8125,-0.4375,0,0.125,0,0.0625
11/20/2023 10:45,-0.75,-0.375,0,0.125,0,0.0625
11/20/2023 12:45,-0.6875,-0.375,0,0.125,0,0.0625
11/20/2023 14:45,-0.625,-0.375,0,0.125,0,0.0625
11/20/2023 16:45,-0.625,-0.375,0,0.125,0,0.0625
11/20/2023 18:45,-0.625,-0.375,0,0.125,-0.0625,0.0625
11/20/2023 20:45,-0.6875,-0.375,0,0.125,0,0.0625
11/20/2023 22:45,-0.6875,-0.375,0,0.125,-0.0625,0.0625
11/21/2023 0:45,-0.6875,-0.375,0,0.125,0,0.0625
11/21/2023 2:45,-0.6875,-0.375,-0.0625,0.125,0,0.0625
11/21/2023 4:45,-0.6875,-0.375,0,0.125,0,0.0625
11/21/2023 6:45,-0.75,-0.375,0,0.125,0,0.0625
11/21/2023 8:45,-0.75,-0.4375,0,0.125,0,0.0625
11/21/2023 10:45,-0.8125,-0.4375,0,0.125,0,0.0625
11/21/2023 12:45,-0.75,-0.4375,0,0.125,-0.0625,0.0625
11/21/2023 14:45,-0.75,-0.375,0,0.125,0,0
11/21/2023 16:45,-0.6875,-0.375,0,0.125,0,0.0625
11/21/2023 18:45,-0.6875,-0.375,-0.0625,0.125,0,0.0625
11/21/2023 20:45,-0.625,-0.375,-0.0625,0.125,0,0.0625
11/21/2023 22:45,-0.625,-0.375,-0.0625,0.125,-0.0625,0.0625
11/22/2023 0:45,-0.625,-0.375,-0.0625,0.125,0,0.0625
11/22/2023 2:45,-0.625,-0.375,-0.0625,0.125,0,0.0625
11/22/2023 4:45,-0.625,-0.375,-0.0625,0.125,0,0.0625
11/22/2023 6:45,-0.625,-0.375,0,0.125,0,0.0625
11/22/2023 8:45,-0.625,-0.375,-0.0625,0.125,0,0.0625
11/22/2023 10:45,-0.625,-0.375,-0.0625,0.125,0,0.0625
11/22/2023 12:45,-0.5625,-0.375,0,0.125,0,0.0625
11/22/2023 14:45,-0.5625,-0.375,0,0.125,0,0.0625
11/22/2023 16:45,-0.625,-0.375,0,0.125,0,0.0625
11/22/2023 18:45,-0.625,-0.3125,-0.0625,0.125,0,0.0625
11/22/2023 20:45,-0.625,-0.375,0,0.125,0,0.0625
11/22/2023 22:45,-0.625,-0.375,-0.0625,0.125,0,0.0625
11/23/2023 0:45,-0.625,-0.375,0,0.125,0,0.0625
11/23/2023 2:45,-0.5625,-0.375,0,0.125,0,0.0625
11/23/2023 4:45,-0.5625,-0.3125,0,0.125,0,0.0625
11/23/2023 6:45,-0.5,-0.3125,0,0.125,0,0.0625
11/23/2023 8:45,-0.5,-0.3125,0,0.125,0,0.0625
11/23/2023 10:45,-0.4375,-0.3125,0,0.125,-0.0625,0.0625
11/23/2023 12:45,-0.375,-0.3125,-0.0625,0.125,0,0.0625
11/23/2023 14:45,-0.375,-0.25,0,0.125,0,0.0625
11/23/2023 16:45,-0.375,-0.25,0,0.125,0,0.0625
11/23/2023 18:45,-0.375,-0.25,0,0.125,0,0.0625
11/23/2023 20:45,-0.3125,-0.25,0,0.125,0,0.0625
11/23/2023 22:45,-0.3125,-0.25,0,0.125,0,0.0625
11/24/2023 0:45,-0.3125,-0.25,0,0.125,0,0.0625
11/24/2023 2:45,-0.3125,-0.25,0,0.125,0,0.0625
11/24/2023 4:45,-0.3125,-0.25,0,0.125,0,0.0625
11/24/2023 6:45,-0.3125,-0.25,0,0.125,0,0.0625
11/24/2023 8:45,-0.375,-0.25,0,0.125,0,0.0625
11/24/2023 10:45,-0.375,-0.25,0,0.125,0,0.0625
11/24/2023 12:45,-0.375,-0.25,0,0.125,0,0.0625
11/24/2023 14:45,-0.375,-0.25,0,0.125,0,0.0625
11/24/2023 16:45,-0.4375,-0.3125,0,0.125,0,0.0625
11/24/2023 18:45,-0.4375,-0.3125,0,0.125,0,0.0625
11/24/2023 20:45,-0.5,-0.3125,0,0.125,-0.0625,0.0625
11/24/2023 22:45,-0.4375,-0.3125,0,0.125,0,0.0625
11/25/2023 0:45,-0.4375,-0.25,0,0.125,0,0.0625
11/25/2023 2:45,-0.4375,-0.3125,0,0.125,0,0.0625
11/25/2023 4:45,-0.375,-0.3125,0,0.125,0,0.0625
11/25/2023 6:45,-0.3125,-0.25,0,0.125,0,0.0625
11/25/2023 8:45,-0.3125,-0.25,0,0.125,0,0.0625
11/25/2023 10:45,-0.3125,-0.25,0,0.125,0,0.0625
11/25/2023 12:45,-0.3125,-0.25,0,0.125,0,0.0625
11/25/2023 14:45,-0.375,-0.25,0,0.125,0,0.0625
11/25/2023 16:45,-0.375,-0.25,0,0.125,0,0.0625
11/25/2023 18:45,-0.375,-0.3125,0,0.125,0,0.0625
11/25/2023 20:45,-0.375,-0.25,0,0.125,-0.0625,0.0625
11/25/2023 22:45,-0.4375,-0.25,-0.0625,0.125,0,0.0625
11/26/2023 0:45,-0.4375,-0.25,0,0.125,-0.0625,0.0625
11/26/2023 2:45,-0.375,-0.3125,0,0.125,0,0.0625
11/26/2023 4:45,-0.375,-0.25,0,0.125,0,0.0625
11/26/2023 6:45,-0.375,-0.3125,-0.0625,0.125,0,0.0625
11/26/2023 8:45,-0.375,-0.3125,0,0.125,0,0.0625
11/26/2023 10:45,-0.375,-0.25,0,0.125,0,0.0625
11/26/2023 12:45,-0.375,-0.25,0,0.125,0,0.0625
11/26/2023 14:45,-0.375,-0.3125,0,0.125,0,0.0625
11/26/2023 16:45,-0.375,-0.25,0,0.125,0,0.0625
11/26/2023 18:45,-0.4375,-0.3125,0,0.125,0,0.0625
11/26/2023 20:45,-0.4375,-0.3125,0,0.125,-0.0625,0.0625
11/26/2023 22:45,-0.5,-0.3125,0,0.125,0,0.0625
11/27/2023 0:45,-0.5,-0.3125,-0.0625,0.125,0,0.0625
11/27/2023 2:45,-0.5,-0.3125,0,0.125,0,0.0625
11/27/2023 4:45,-0.5,-0.3125,0,0.125,0,0.0625
11/27/2023 6:45,-0.4375,-0.3125,0,0.125,0,0.0625
11/27/2023 8:45,-0.4375,-0.3125,0,0.125,0,0.0625
11/27/2023 10:45,-0.375,-0.3125,0,0.125,0,0.0625
11/27/2023 12:45,-0.375,-0.25,-0.0625,0.125,0,0.0625
11/27/2023 14:45,-0.375,-0.25,-0.0625,0.125,0,0.0625
11/27/2023 16:45,-0.3125,-0.25,0,0.125,0,0.0625
11/27/2023 18:45,-0.3125,-0.25,0,0.125,0,0.0625
11/27/2023 20:45,-0.3125,-0.25,0,0.125,0,0.0625
11/27/2023 22:45,-0.3125,-0.25,0,0.125,0,0.0625
11/28/2023 0:45,-0.3125,-0.25,0,0.125,0,0.0625
11/28/2023 2:45,-0.3125,-0.25,0,0.125,0,0.0625
11/28/2023 4:45,-0.3125,-0.25,0,0.125,0,0.0625
11/28/2023 6:45,-0.3125,-0.25,-0.0625,0.125,0,0.0625
11/28/2023 8:45,-0.3125,-0.25,0,0.125,0,0.0625
11/28/2023 10:45,-0.3125,-0.25,0,0.125,0,0.0625
11/28/2023 12:45,-0.25,-0.25,0,0.125,0,0.0625
11/28/2023 14:45,-0.25,-0.25,0,0.125,-0.0625,0.0625
11/28/2023 16:45,-0.25,-0.25,-0.0625,0.125,0,0.0625
11/28/2023 18:45,-0.25,-0.25,0,0.125,0,0.0625
11/28/2023 20:45,-0.25,-0.1875,0,0.125,0,0.0625
11/28/2023 22:45,-0.25,-0.25,0,0.125,0,0.0625
11/29/2023 0:45,-0.25,-0.25,-0.0625,0.125,0,0.0625
11/29/2023 2:45,-0.3125,-0.25,0,0.125,0,0.0625
11/29/2023 4:45,-0.3125,-0.25,0,0.125,0,0.0625
11/29/2023 6:45,-0.375,-0.25,0,0.125,0,0.0625
11/29/2023 8:45,-0.375,-0.25,0,0.125,0,0.0625
11/29/2023 10:45,-0.375,-0.25,-0.0625,0.125,0,0.0625
11/29/2023 12:45,-0.375,-0.25,0,0.125,0,0.0625
11/29/2023 14:45,-0.375,-0.25,-0.0625,0.125,0,0.0625
11/29/2023 16:45,-0.375,-0.25,0,0.125,0,0.0625
11/29/2023 18:45,-0.375,-0.25,0,0.125,0,0.0625
11/29/2023 20:45,-0.375,-0.25,0,0.125,0,0.0625
11/29/2023 22:45,-0.375,-0.25,0,0.125,0,0.0625
11/30/2023 0:45,-0.375,-0.25,0,0.125,0,0.0625
11/30/2023 2:45,-0.375,-0.3125,0,0.125,0,0.0625
11/30/2023 4:45,-0.375,-0.3125,-0.0625,0.125,0,0.0625
11/30/2023 6:45,-0.375,-0.25,0,0.125,0,0.0625
11/30/2023 8:45,-0.375,-0.25,0,0.125,0,0.0625
11/30/2023 10:45,-0.4375,-0.25,0,0.125,0,0.0625
11/30/2023 12:45,-0.4375,-0.25,-0.0625,0.125,0,0.0625
11/30/2023 14:45,-0.4375,-0.3125,0,0.125,0,0.0625
11/30/2023 16:45,-0.5,-0.3125,0,0.125,0,0.0625
11/30/2023 18:45,-0.5,-0.3125,-0.0625,0.125,0,0.0625
11/30/2023 20:45,-0.5,-0.3125,0,0.125,0,0.0625
11/30/2023 22:45,-0.5625,-0.3125,-0.0625,0.125,0,0
12/1/2023 0:45,-0.5,-0.3125,-0.0625,0.125,0,0.0625
12/1/2023 2:45,-0.5625,-0.3125,-0.0625,0.125,0,0.0625
12/1/2023 4:45,-0.5,-0.375,-0.0625,0.125,0,0.0625
12/1/2023 6:45,-0.5,-0.3125,-0.0625,0.125,0,0.0625
12/1/2023 8:45,-0.5,-0.3125,-0.0625,0.125,0,0.0625
12/1/2023 10:45,-0.5,-0.3125,-0.0625,0.125,-0.0625,0.0625
12/1/2023 12:45,-0.5,-0.3125,0,0.125,0,0.0625
12/1/2023 14:45,-0.5,-0.375,-0.0625,0.125,0,0.0625
12/1/2023 16:45,-0.5,-0.375,-0.0625,0.125,0,0.0625
12/1/2023 18:45,-0.5,-0.3125,0,0.125,0,0.0625
12/1/2023 20:45,-0.5,-0.375,0,0.125,0,0.0625
12/1/2023 22:45,-0.5625,-0.375,-0.0625,0.125,0,0.0625
12/2/2023 0:45,-0.5625,-0.375,-0.0625,0.125,0,0.0625
12/2/2023 2:45,-0.5625,-0.375,-0.0625,0.125,0,0.0625
12/2/2023 4:45,-0.625,-0.375,-0.0625,0.125,0,0.0625
12/2/2023 6:45,-0.625,-0.375,-0.0625,0.125,-0.0625,0.0625
12/2/2023 8:45,-0.6875,-0.375,-0.0625,0.125,0,0.0625
12/2/2023 10:45,-0.6875,-0.4375,0,0.125,0,0.0625
12/2/2023 12:45,-0.6875,-0.4375,0,0.125,0,0.0625
12/2/2023 14:45,-0.75,-0.4375,-0.0625,0.125,0,0.0625
12/2/2023 16:45,-0.75,-0.4375,-0.0625,0.125,0,0.0625
12/2/2023 18:45,-0.75,-0.4375,-0.0625,0.125,0,0.0625
12/2/2023 20:45,-0.75,-0.4375,-0.0625,0.125,0,0.0625
12/2/2023 22:45,-0.75,-0.4375,-0.0625,0.125,0,0.0625
12/3/2023 0:45,-0.75,-0.4375,-0.0625,0.125,0,0.0625
12/3/2023 2:45,-0.75,-0.4375,-0.0625,0.125,0,0.0625
12/3/2023 4:45,-0.8125,-0.5,-0.0625,0.125,0,0.0625
12/3/2023 6:45,-0.875,-0.5,-0.0625,0.125,0,0.0625
12/3/2023 8:45,-0.875,-0.5,-0.0625,0.125,0,0.0625
12/3/2023 10:45,-0.9375,-0.5,-0.0625,0.125,0,0.0625
12/3/2023 12:45,-0.9375,-0.5,0,0.125,0,0.0625
12/3/2023 14:45,-1,-0.5,-0.0625,0.125,0,0.0625
12/3/2023 16:45,-1,-0.5625,-0.0625,0.125,0,0.0625
12/3/2023 18:45,-1.0625,-0.5625,-0.0625,0.125,0,0.0625
12/3/2023 20:45,-1.0625,-0.5625,-0.0625,0.125,0,0.0625
12/3/2023 22:45,-1.0625,-0.5625,-0.0625,0.125,0,0.0625
12/4/2023 0:45,-1.0625,-0.625,-0.0625,0.125,0,0.0625
12/4/2023 2:45,-1.0625,-0.5625,-0.0625,0.125,0,0.0625
12/4/2023 4:45,-1.0625,-0.5625,-0.0625,0.125,0,0.0625
12/4/2023 6:45,-1.0625,-0.625,-0.0625,0.125,0,0.0625
12/4/2023 8:45,-1.125,-0.625,-0.0625,0.125,0,0.0625
12/4/2023 10:45,-1.125,-0.625,-0.0625,0.125,0,0.0625
12/4/2023 12:45,-1.1875,-0.625,-0.0625,0.125,0,0.0625
12/4/2023 14:45,-1.125,-0.625,-0.0625,0.125,0,0.0625
12/4/2023 16:45,-1.125,-0.625,-0.0625,0.125,0,0.0625
12/4/2023 18:45,-1.125,-0.625,-0.0625,0.125,0,0.0625
12/4/2023 20:45,-1.1875,-0.6875,-0.0625,0.125,0,0.0625
12/4/2023 22:45,-1.125,-0.625,-0.0625,0.125,-0.0625,0.0625
12/5/2023 0:45,-1.1875,-0.625,-0.0625,0.125,0,0.0625
12/5/2023 2:45,-1.1875,-0.6875,-0.0625,0.125,0,0.0625
12/5/2023 4:45,-1.25,-0.6875,-0.0625,0.125,0,0.0625
12/5/2023 6:45,-1.25,-0.6875,-0.0625,0.125,-0.0625,0.0625
12/5/2023 8:45,-1.25,-0.6875,-0.125,0.125,0,0.0625
12/5/2023 10:45,-1.25,-0.6875,-0.0625,0.125,0,0.0625
12/5/2023 12:45,-1.25,-0.75,-0.125,0.125,0,0.0625
12/5/2023 14:45,-1.25,-0.6875,-0.0625,0.125,0,0.0625
12/5/2023 16:45,-1.25,-0.75,-0.0625,0.125,0,0.0625
12/5/2023 18:45,-1.1875,-0.6875,-0.125,0.125,0,0.0625
12/5/2023 20:45,-1.1875,-0.6875,-0.0625,0.125,-0.0625,0.0625
12/5/2023 22:45,-1.125,-0.6875,-0.0625,0.125,0,0.0625
12/6/2023 0:45,-1.125,-0.6875,-0.125,0.125,0,0.0625
12/6/2023 2:45,-1.0625,-0.6875,-0.0625,0.125,0,0.0625
12/6/2023 4:45,-1.0625,-0.6875,-0.125,0.125,0,0.0625
12/6/2023 6:45,-1,-0.625,-0.0625,0.125,0,0.0625
12/6/2023 8:45,-1,-0.625,-0.0625,0.125,0,0.0625
12/6/2023 10:45,-0.9375,-0.625,-0.0625,0.125,0,0.0625
12/6/2023 12:45,-0.9375,-0.625,-0.0625,0.125,0,0.0625
12/6/2023 14:45,-0.875,-0.5625,-0.125,0.125,0,0.0625
12/6/2023 16:45,-0.875,-0.5625,-0.0625,0.125,0,0.0625
12/6/2023 18:45,-0.875,-0.5625,-0.0625,0.125,0,0.0625
12/6/2023 20:45,-0.9375,-0.5625,-0.125,0.125,0,0.0625
12/6/2023 22:45,-0.9375,-0.5625,-0.0625,0.125,0,0.0625
12/7/2023 0:45,-1,-0.625,-0.0625,0.125,0,0.0625
12/7/2023 2:45,-1.0625,-0.625,-0.0625,0.125,0,0.0625
12/7/2023 4:45,-1.125,-0.625,-0.125,0.125,0,0.0625
12/7/2023 6:45,-1.1875,-0.6875,-0.0625,0.125,0,0.0625
12/7/2023 8:45,-1.1875,-0.6875,-0.125,0.125,0,0.0625
12/7/2023 10:45,-1.25,-0.6875,-0.125,0.125,0,0.0625
12/7/2023 12:45,-1.25,-0.6875,-0.125,0.125,0,0.0625
12/7/2023 14:45,-1.25,-0.75,-0.125,0.125,0,0.0625
12/7/2023 16:45,-1.25,-0.75,-0.125,0.125,0,0.0625
12/7/2023 18:45,-1.25,-0.75,-0.125,0.125,0,0.0625
12/7/2023 20:45,-1.25,-0.75,-0.125,0.125,0,0.0625
12/7/2023 22:45,-1.25,-0.75,-0.125,0.125,0,0.0625
12/8/2023 0:45,-1.25,-0.75,-0.125,0.125,0,0.0625
12/8/2023 2:45,-1.25,-0.75,-0.125,0.125,0,0.0625
12/8/2023 4:45,-1.25,-0.8125,-0.125,0.125,0,0.0625
12/8/2023 6:45,-1.3125,-0.75,-0.125,0.125,0,0.0625
12/8/2023 8:45,-1.3125,-0.75,-0.125,0.125,0,0.0625
12/8/2023 10:45,-1.3125,-0.75,-0.125,0.125,0,0.0625
12/8/2023 12:45,-1.375,-0.8125,-0.125,0.125,0,0.0625
12/8/2023 14:45,-1.375,-0.8125,-0.125,0.125,0,0.0625
12/8/2023 16:45,-1.375,-0.8125,-0.125,0.125,0,0.0625
12/8/2023 18:45,-1.4375,-0.8125,-0.125,0.125,0,0.0625
12/8/2023 20:45,-1.4375,-0.8125,-0.125,0.125,0,0.0625
12/8/2023 22:45,-1.4375,-0.875,-0.125,0.125,-0.0625,0.0625
12/9/2023 0:45,-1.5,-0.875,-0.125,0.125,-0.0625,0.0625
12/9/2023 2:45,-1.5,-0.875,-0.125,0.125,0,0.0625
12/9/2023 4:45,-1.625,-0.875,-0.1875,0.125,0,0.0625
12/9/2023 6:45,-1.625,-0.9375,-0.1875,0.125,0,0.0625
12/9/2023 8:45,-1.625,-0.9375,-0.125,0.125,0,0.0625
12/9/2023 10:45,-1.625,-0.9375,-0.1875,0.125,-0.0625,0.0625
12/9/2023 12:45,-1.5625,-0.9375,-0.1875,0.125,0,0.0625
12/9/2023 14:45,-1.625,-0.9375,-0.1875,0.125,0,0.0625
12/9/2023 16:45,-1.625,-0.9375,-0.1875,0.125,0,0.0625
12/9/2023 18:45,-1.5625,-0.9375,-0.1875,0.125,0,0.0625
12/9/2023 20:45,-1.5625,-0.9375,-0.1875,0.125,0,0.0625
12/9/2023 22:45,-1.5625,-0.9375,-0.1875,0.125,0,0.0625
12/10/2023 0:45,-1.625,-0.9375,-0.1875,0.125,0,0.0625
12/10/2023 2:45,-1.5625,-0.9375,-0.1875,0.125,0,0.0625
12/10/2023 4:45,-1.625,-0.9375,-0.1875,0.125,0,0.0625
12/10/2023 6:45,-1.625,-0.9375,-0.1875,0.125,0,0.0625
12/10/2023 8:45,-1.6875,-1,-0.1875,0.125,0,0.0625
12/10/2023 10:45,-1.6875,-1,-0.1875,0.125,0,0.0625
12/10/2023 12:45,-1.6875,-1,-0.25,0.125,0,0.0625
12/10/2023 14:45,-1.6875,-1,-0.1875,0.125,0,0.0625
12/10/2023 16:45,-1.75,-1,-0.25,0.125,-0.0625,0.0625
12/10/2023 18:45,-1.75,-1.0625,-0.25,0.125,0,0.0625
12/10/2023 20:45,-1.75,-1.0625,-0.25,0.125,-0.0625,0.0625
12/10/2023 22:45,-1.8125,-1.0625,-0.25,0.125,0,0.0625
12/11/2023 0:45,-1.8125,-1.0625,-0.25,0.125,0,0.0625
12/11/2023 2:45,-1.875,-1.125,-0.25,0.125,0,0.0625
12/11/2023 4:45,-1.875,-1.125,-0.25,0.125,0,0.0625
12/11/2023 6:45,-1.875,-1.125,-0.25,0.125,0,0.0625
12/11/2023 8:45,-1.875,-1.125,-0.25,0.125,0,0.0625
12/11/2023 10:45,-1.875,-1.125,-0.25,0.125,0,0.0625
12/11/2023 12:45,-1.9375,-1.125,-0.25,0.125,-0.0625,0.0625
12/11/2023 14:45,-1.875,-1.125,-0.25,0.125,0,0.0625
12/11/2023 16:45,-1.8125,-1.1875,-0.25,0.125,0,0.0625
12/11/2023 18:45,-1.8125,-1.125,-0.25,0.125,-0.0625,0.0625
12/11/2023 20:45,-1.8125,-1.125,-0.25,0.125,0,0.0625
12/11/2023 22:45,-1.8125,-1.125,-0.25,0.125,0,0.0625
12/12/2023 0:45,-1.8125,-1.125,-0.3125,0.125,-0.0625,0.0625
12/12/2023 2:45,-1.8125,-1.125,-0.25,0.125,0,0.0625
12/12/2023 4:45,-1.75,-1.125,-0.25,0.125,0,0.0625
12/12/2023 6:45,-1.75,-1.125,-0.3125,0.125,0,0.0625
12/12/2023 8:45,-1.75,-1.125,-0.3125,0.125,0,0.0625
12/12/2023 10:45,-1.6875,-1.0625,-0.3125,0.125,0,0.0625
12/12/2023 12:45,-1.6875,-1.0625,-0.3125,0.125,0,0.0625
12/12/2023 14:45,-1.625,-1.0625,-0.3125,0.125,0,0.0625
12/12/2023 16:45,-1.625,-1.0625,-0.3125,0.125,0,0.0625
12/12/2023 18:45,-1.625,-1,-0.25,0.125,0,0.0625
12/12/2023 20:45,-1.5625,-1.0625,-0.3125,0.125,0,0.0625
12/12/2023 22:45,-1.5625,-1.0625,-0.3125,0.125,0,0.0625
12/13/2023 0:45,-1.5625,-1,-0.3125,0.125,0,0.0625
12/13/2023 2:45,-1.5625,-1,-0.3125,0.125,0,0.0625
12/13/2023 4:45,-1.5625,-1,-0.3125,0.125,0,0.0625
12/13/2023 6:45,-1.5,-1,-0.3125,0.125,0,0.0625
12/13/2023 8:45,-1.5,-1,-0.3125,0.125,0,0.0625
12/13/2023 10:45,-1.5,-0.9375,-0.3125,0.125,0,0.0625
12/13/2023 12:45,-1.4375,-0.9375,-0.25,0.125,-0.0625,0.0625
12/13/2023 14:45,-1.4375,-0.9375,-0.3125,0.125,0,0.0625
12/13/2023 16:45,-1.375,-0.9375,-0.3125,0.125,0,0.0625
12/13/2023 18:45,-1.375,-0.9375,-0.3125,0.125,0,0.0625
12/13/2023 20:45,-1.375,-0.9375,-0.3125,0.0625,0,0.0625
12/13/2023 22:45,-1.375,-0.9375,-0.3125,0.125,0,0.0625
12/14/2023 0:45,-1.3125,-0.9375,-0.3125,0.125,0,0.0625
12/14/2023 2:45,-1.3125,-0.875,-0.3125,0.125,0,0.0625
12/14/2023 4:45,-1.3125,-0.875,-0.25,0.125,0,0.0625
12/14/2023 6:45,-1.3125,-0.875,-0.3125,0.125,0,0.0625
12/14/2023 8:45,-1.3125,-0.875,-0.3125,0.125,0,0.0625
12/14/2023 10:45,-1.25,-0.875,-0.25,0.125,0,0.0625
12/14/2023 12:45,-1.25,-0.8125,-0.25,0.125,0,0.0625
12/14/2023 14:45,-1.25,-0.8125,-0.25,0.125,0,0.0625
12/14/2023 16:45,-1.25,-0.8125,-0.25,0.125,0,0.0625
12/14/2023 18:45,-1.25,-0.875,-0.25,0.125,0,0.0625
12/14/2023 20:45,-1.25,-0.8125,-0.25,0.125,0,0.0625
12/14/2023 22:45,-1.25,-0.875,-0.25,0.125,0,0.0625
12/15/2023 0:45,-1.25,-0.8125,-0.25,0.125,0,0.0625
12/15/2023 2:45,-1.25,-0.875,-0.25,0.125,-0.0625,0.0625
12/15/2023 4:45,-1.1875,-0.8125,-0.25,0.125,0,0.0625
12/15/2023 6:45,-1.1875,-0.8125,-0.25,0.125,0,0.0625
12/15/2023 8:45,-1.1875,-0.8125,-0.3125,0.125,0,0.0625
12/15/2023 10:45,-1.1875,-0.8125,-0.25,0.125,0,0.0625
12/15/2023 12:45,-1.1875,-0.8125,-0.25,0.125,-0.0625,0.0625
12/15/2023 14:45,-1.1875,-0.8125,-0.25,0.125,0,0.0625
12/15/2023 16:45,-1.125,-0.8125,-0.25,0.125,0,0.0625
12/15/2023 18:45,-1.125,-0.8125,-0.25,0.125,0,0.0625
12/15/2023 20:45,-1.125,-0.8125,-0.25,0.125,-0.0625,0.0625
12/15/2023 22:45,-1.125,-0.75,-0.25,0.125,-0.0625,0.0625
12/16/2023 0:45,-1.125,-0.8125,-0.25,0.125,0,0.0625
12/16/2023 2:45,-1.125,-0.75,-0.25,0.125,0,0.0625
12/16/2023 4:45,-1.125,-0.8125,-0.25,0.125,0,0.0625
12/16/2023 6:45,-1.125,-0.8125,-0.25,0.125,0,0.0625
12/16/2023 8:45,-1.125,-0.8125,-0.3125,0.125,0,0.0625
12/16/2023 10:45,-1.1875,-0.8125,-0.25,0.125,0,0.0625
12/16/2023 12:45,-1.1875,-0.8125,-0.25,0.0625,0,0.0625
12/16/2023 14:45,-1.1875,-0.8125,-0.3125,0.0625,0,0.0625
12/16/2023 16:45,-1.25,-0.8125,-0.25,0.125,0,0.0625
12/16/2023 18:45,-1.25,-0.875,-0.25,0.125,-0.0625,0.0625
12/16/2023 20:45,-1.25,-0.875,-0.25,0.125,0,0.0625
12/16/2023 22:45,-1.25,-0.875,-0.3125,0.125,0,0.0625
12/17/2023 0:45,-1.25,-0.875,-0.3125,0.125,-0.0625,0.0625
12/17/2023 2:45,-1.25,-0.875,-0.3125,0.125,0,0
12/17/2023 4:45,-1.25,-0.875,-0.3125,0.125,0,0.0625
12/17/2023 6:45,-1.25,-0.875,-0.3125,0.125,0,0.0625
12/17/2023 8:45,-1.25,-0.875,-0.3125,0.125,0,0.0625
12/17/2023 10:45,-1.25,-0.875,-0.3125,0.125,0,0.0625
12/17/2023 12:45,-1.25,-0.875,-0.3125,0.125,0,0.0625
12/17/2023 14:45,-1.25,-0.875,-0.3125,0.125,0,0.0625
12/17/2023 16:45,-1.25,-0.875,-0.3125,0.0625,0,0.0625
12/17/2023 18:45,-1.25,-0.875,-0.3125,0.125,0,0.0625
12/17/2023 20:45,-1.1875,-0.875,-0.3125,0.125,0,0.0625
12/17/2023 22:45,-1.1875,-0.875,-0.3125,0.125,0,0.0625
12/18/2023 0:45,-1.1875,-0.875,-0.3125,0.125,0,0.0625
12/18/2023 2:45,-1.1875,-0.8125,-0.3125,0.125,0,0.0625
12/18/2023 4:45,-1.125,-0.8125,-0.3125,0.125,0,0.0625
12/18/2023 6:45,-1.125,-0.8125,-0.3125,0.125,0,0.0625
12/18/2023 8:45,-1.125,-0.8125,-0.3125,0.0625,0,0.0625
12/18/2023 10:45,-1.0625,-0.8125,-0.3125,0.125,0,0.0625
12/18/2023 12:45,-1.0625,-0.8125,-0.3125,0.125,0,0.0625
12/18/2023 14:45,-1.0625,-0.8125,-0.3125,0.125,-0.0625,0.0625
12/18/2023 16:45,-1,-0.75,-0.3125,0.125,0,0.0625
12/18/2023 18:45,-1,-0.75,-0.3125,0.125,0,0.0625
12/18/2023 20:45,-1,-0.75,-0.3125,0.125,0,0.0625
12/18/2023 22:45,-1,-0.75,-0.3125,0.125,0,0.0625
12/19/2023 0:45,-1,-0.75,-0.25,0.0625,0,0.0625
12/19/2023 2:45,-1,-0.75,-0.25,0.125,0,0.0625
12/19/2023 4:45,-1,-0.75,-0.25,0.125,0,0.0625
12/19/2023 6:45,-1,-0.75,-0.3125,0.0625,0,0.0625
12/19/2023 8:45,-1.0625,-0.75,-0.25,0.0625,0,0.0625
12/19/2023 10:45,-1.0625,-0.75,-0.3125,0.125,-0.0625,0.0625
12/19/2023 12:45,-1.0625,-0.75,-0.3125,0.125,0,0.0625
12/19/2023 14:45,-1.0625,-0.75,-0.3125,0.125,0,0.0625
12/19/2023 16:45,-1.0625,-0.75,-0.3125,0.0625,0,0.0625
12/19/2023 18:45,-1.0625,-0.75,-0.3125,0.125,0,0.0625
12/19/2023 20:45,-1.0625,-0.8125,-0.3125,0.125,0,0.0625
12/19/2023 22:45,-1.0625,-0.75,-0.3125,0.125,0,0.0625
12/20/2023 0:45,-1.125,-0.8125,-0.3125,0.125,0,0.0625
12/20/2023 2:45,-1.125,-0.8125,-0.3125,0.125,0,0.0625
12/20/2023 4:45,-1.125,-0.8125,-0.3125,0.125,0,0.0625
12/20/2023 6:45,-1.1875,-0.8125,-0.3125,0.125,0,0.0625
12/20/2023 8:45,-1.1875,-0.875,-0.3125,0.125,0,0.0625
12/20/2023 10:45,-1.1875,-0.8125,-0.3125,0.125,0,0.0625
12/20/2023 12:45,-1.1875,-0.8125,-0.3125,0.125,0,0.0625
12/20/2023 14:45,-1.1875,-0.875,-0.3125,0.125,0,0.0625
12/20/2023 16:45,-1.1875,-0.875,-0.3125,0.0625,0,0.0625
12/20/2023 18:45,-1.1875,-0.875,-0.3125,0.125,0,0.0625
12/20/2023 20:45,-1.1875,-0.875,-0.375,0.125,-0.0625,0.0625
12/20/2023 22:45,-1.1875,-0.875,-0.3125,0.125,0,0.0625
12/21/2023 0:45,-1.1875,-0.875,-0.3125,0.0625,0,0.0625
12/21/2023 2:45,-1.1875,-0.875,-0.3125,0.125,0,0.0625
12/21/2023 4:45,-1.1875,-0.875,-0.3125,0.125,0,0.0625
12/21/2023 6:45,-1.1875,-0.8125,-0.3125,0.125,0,0.0625
12/21/2023 8:45,-1.125,-0.8125,-0.3125,0.125,0,0.0625
12/21/2023 10:45,-1.1875,-0.8125,-0.3125,0.125,0,0.0625
12/21/2023 12:45,-1.1875,-0.8125,-0.3125,0.125,-0.0625,0.0625
12/21/2023 14:45,-1.125,-0.8125,-0.3125,0.125,0,0.0625
12/21/2023 16:45,-1.125,-0.875,-0.3125,0.125,0,0.0625
12/21/2023 18:45,-1.1875,-0.8125,-0.375,0.125,0,0.0625
12/21/2023 20:45,-1.125,-0.8125,-0.3125,0.125,0,0.0625
12/21/2023 22:45,-1.1875,-0.8125,-0.3125,0.125,0,0.0625
12/22/2023 0:45,-1.125,-0.8125,-0.3125,0.125,-0.0625,0.0625
12/22/2023 2:45,-1.125,-0.875,-0.3125,0.125,0,0.0625
12/22/2023 4:45,-1.1875,-0.875,-0.3125,0.125,0,0.0625
12/22/2023 6:45,-1.1875,-0.8125,-0.3125,0.125,0,0.0625
12/22/2023 8:45,-1.1875,-0.875,-0.3125,0.125,0,0.0625
12/22/2023 10:45,-1.1875,-0.875,-0.3125,0.125,0,0.0625
12/22/2023 12:45,-1.1875,-0.875,-0.375,0.125,0,0.0625
12/22/2023 14:45,-1.1875,-0.875,-0.3125,0.125,0,0.0625
12/22/2023 16:45,-1.1875,-0.875,-0.3125,0.125,0,0.0625
12/22/2023 18:45,-1.1875,-0.875,-0.3125,0.125,0,0.0625
12/22/2023 20:45,-1.1875,-0.9375,-0.375,0.125,0,0.0625
12/22/2023 22:45,-1.1875,-0.875,-0.375,0.125,0,0.0625
12/23/2023 0:45,-1.1875,-0.875,-0.375,0.125,0,0.0625
12/23/2023 2:45,-1.1875,-0.875,-0.375,0.125,0,0.0625
12/23/2023 4:45,-1.1875,-0.875,-0.375,0.125,0,0.0625
12/23/2023 6:45,-1.1875,-0.875,-0.375,0.125,0,0.0625
12/23/2023 8:45,-1.1875,-0.875,-0.375,0.0625,0,0.0625
12/23/2023 10:45,-1.1875,-0.875,-0.375,0.125,0,0.0625
12/23/2023 12:45,-1.1875,-0.875,-0.375,0.125,-0.0625,0.0625
12/23/2023 14:45,-1.125,-0.875,-0.375,0.125,0,0.0625
12/23/2023 16:45,-1.125,-0.875,-0.375,0.125,0,0
12/23/2023 18:45,-1.125,-0.8125,-0.375,0.125,0,0.0625
12/23/2023 20:45,-1.125,-0.8125,-0.375,0.125,0,0.0625
12/23/2023 22:45,-1.125,-0.875,-0.375,0.125,0,0.0625
12/24/2023 0:45,-1.125,-0.8125,-0.375,0.125,0,0.0625
12/24/2023 2:45,-1.0625,-0.8125,-0.375,0.125,0,0.0625
12/24/2023 4:45,-1,-0.8125,-0.375,0.125,0,0.0625
12/24/2023 6:45,-1,-0.8125,-0.375,0.125,0,0.0625
12/24/2023 8:45,-0.9375,-0.8125,-0.3125,0.125,0,0.0625
12/24/2023 10:45,-0.9375,-0.75,-0.3125,0.0625,0,0.0625
12/24/2023 12:45,-0.9375,-0.75,-0.375,0.0625,0,0.0625
12/24/2023 14:45,-0.875,-0.75,-0.3125,0.125,0,0.0625
12/24/2023 16:45,-0.875,-0.6875,-0.3125,0.125,0,0.0625
12/24/2023 18:45,-0.875,-0.75,-0.3125,0.125,0,0.0625
12/24/2023 20:45,-0.8125,-0.6875,-0.3125,0.125,0,0.0625
12/24/2023 22:45,-0.8125,-0.6875,-0.3125,0.125,0,0.0625
12/25/2023 0:45,-0.75,-0.6875,-0.3125,0.125,0,0.0625
12/25/2023 2:45,-0.75,-0.6875,-0.3125,0.125,0,0.0625
12/25/2023 4:45,-0.75,-0.625,-0.3125,0.125,0,0.0625
12/25/2023 6:45,-0.6875,-0.625,-0.3125,0.125,0,0.0625
12/25/2023 8:45,-0.6875,-0.625,-0.25,0.125,0,0.0625
12/25/2023 10:45,-0.6875,-0.625,-0.3125,0.125,0,0.0625
12/25/2023 12:45,-0.6875,-0.625,-0.3125,0.125,0,0.0625
12/25/2023 14:45,-0.6875,-0.625,-0.3125,0.125,0,0.0625
12/25/2023 16:45,-0.6875,-0.625,-0.3125,0.125,0,0.0625
12/25/2023 18:45,-0.6875,-0.5625,-0.25,0.125,0,0.0625
12/25/2023 20:45,-0.625,-0.5625,-0.25,0.125,0,0.0625
12/25/2023 22:45,-0.6875,-0.5625,-0.25,0.125,0,0.0625
12/26/2023 0:45,-0.6875,-0.625,-0.3125,0.125,0,0.0625
12/26/2023 2:45,-0.75,-0.5625,-0.25,0.125,0,0.0625
12/26/2023 4:45,-0.6875,-0.5625,-0.25,0.125,0,0.0625
12/26/2023 6:45,-0.75,-0.625,-0.25,0.125,0,0.0625
12/26/2023 8:45,-0.75,-0.625,-0.3125,0.125,0,0.0625
12/26/2023 10:45,-0.75,-0.625,-0.25,0.125,0,0.0625
12/26/2023 12:45,-0.75,-0.625,-0.25,0.125,0,0.0625
12/26/2023 14:45,-0.75,-0.625,-0.25,0.125,0,0.0625
12/26/2023 16:45,-0.8125,-0.625,-0.3125,0.0625,0,0.0625
12/26/2023 18:45,-0.8125,-0.625,-0.25,0.125,0,0.0625
12/26/2023 20:45,-0.8125,-0.625,-0.3125,0.125,0,0.0625
12/26/2023 22:45,-0.8125,-0.625,-0.3125,0.0625,0,0.0625
12/27/2023 0:45,-0.8125,-0.6875,-0.3125,0.125,0,0.0625
12/27/2023 2:45,-0.8125,-0.625,-0.3125,0.125,0,0.0625
12/27/2023 4:45,-0.875,-0.6875,-0.3125,0.125,0,0.0625
12/27/2023 6:45,-0.875,-0.6875,-0.3125,0.125,0,0.0625
12/27/2023 8:45,-0.875,-0.6875,-0.3125,0.125,-0.0625,0.0625
12/27/2023 10:45,-0.875,-0.6875,-0.3125,0.125,0,0.0625
12/27/2023 12:45,-0.875,-0.6875,-0.3125,0.125,0,0.0625
12/27/2023 14:45,-0.875,-0.6875,-0.25,0.125,0,0.0625
12/27/2023 16:45,-0.875,-0.6875,-0.3125,0.0625,0,0.0625
12/27/2023 18:45,-0.9375,-0.6875,-0.3125,0.125,0,0.0625
12/27/2023 20:45,-0.9375,-0.75,-0.3125,0.125,0,0.0625
12/27/2023 22:45,-0.9375,-0.75,-0.3125,0.0625,0,0.0625
12/28/2023 0:45,-1,-0.75,-0.3125,0.0625,0,0.0625
12/28/2023 2:45,-1,-0.75,-0.3125,0.0625,0,0.0625
12/28/2023 4:45,-1,-0.75,-0.3125,0.125,-0.0625,0.0625
12/28/2023 6:45,-1,-0.75,-0.3125,0.125,0,0.0625
12/28/2023 8:45,-1.0625,-0.8125,-0.3125,0.125,0,0.0625
12/28/2023 10:45,-1.0625,-0.8125,-0.375,0.125,0,0.0625
12/28/2023 12:45,-1.0625,-0.8125,-0.375,0.0625,0,0.0625
12/28/2023 14:45,-1.125,-0.8125,-0.375,0.0625,0,0.0625
12/28/2023 16:45,-1.125,-0.8125,-0.375,0.0625,0,0.0625
12/28/2023 18:45,-1.125,-0.8125,-0.375,0.125,0,0.0625
12/28/2023 20:45,-1.125,-0.875,-0.375,0.125,0,0.0625
12/28/2023 22:45,-1.1875,-0.875,-0.375,0.125,0,0.0625
12/29/2023 0:45,-1.1875,-0.875,-0.375,0.125,0,0.0625
12/29/2023 2:45,-1.1875,-0.875,-0.375,0.0625,0,0.0625
12/29/2023 4:45,-1.1875,-0.875,-0.4375,0.125,0,0.0625
12/29/2023 6:45,-1.1875,-0.875,-0.375,0.125,0,0.0625
12/29/2023 8:45,-1.25,-0.875,-0.375,0.0625,0,0.0625
12/29/2023 10:45,-1.25,-0.875,-0.375,0.125,0,0.0625
12/29/2023 12:45,-1.25,-0.9375,-0.375,0.0625,-0.0625,0.0625
12/29/2023 14:45,-1.25,-0.9375,-0.4375,0.125,0,0.0625
12/29/2023 16:45,-1.3125,-0.9375,-0.4375,0.125,-0.0625,0.0625
12/29/2023 18:45,-1.3125,-0.9375,-0.4375,0.0625,0,0.0625
12/29/2023 20:45,-1.3125,-0.9375,-0.375,0.0625,0,0.0625
12/29/2023 22:45,-1.375,-0.9375,-0.4375,0.0625,-0.0625,0.0625
12/30/2023 0:45,-1.375,-1,-0.4375,0.0625,0,0.0625
12/30/2023 2:45,-1.375,-1,-0.4375,0.0625,0,0.0625
12/30/2023 4:45,-1.375,-1,-0.4375,0.0625,0,0.0625
12/30/2023 6:45,-1.4375,-1,-0.4375,0.0625,0,0.0625
12/30/2023 8:45,-1.4375,-1,-0.4375,0.0625,0,0.0625
12/30/2023 10:45,-1.5,-1.0625,-0.4375,0.125,-0.0625,0.0625
12/30/2023 12:45,-1.5,-1.0625,-0.5,0.0625,0,0.0625
12/30/2023 14:45,-1.5,-1.0625,-0.5,0.0625,0,0.0625
12/30/2023 16:45,-1.5625,-1.125,-0.5,0.0625,0,0.0625
12/30/2023 18:45,-1.625,-1.125,-0.5,0.0625,0,0.0625
12/30/2023 20:45,-1.625,-1.125,-0.5,0.0625,0,0.0625
12/30/2023 22:45,-1.625,-1.125,-0.5,0.0625,0,0.0625
12/31/2023 0:45,-1.625,-1.125,-0.5,0.0625,0,0.0625
12/31/2023 2:45,-1.625,-1.1875,-0.5,0.0625,0,0.0625
12/31/2023 4:45,-1.625,-1.1875,-0.5,0.0625,-0.0625,0.0625
12/31/2023 6:45,-1.6875,-1.1875,-0.5625,0.0625,0,0.0625
12/31/2023 8:45,-1.625,-1.1875,-0.5625,0.0625,0,0.0625
12/31/2023 10:45,-1.625,-1.1875,-0.5625,0.125,0,0.0625
12/31/2023 12:45,-1.625,-1.1875,-0.5625,0.0625,-0.0625,0.0625
12/31/2023 14:45,-1.625,-1.1875,-0.5625,0.0625,0,0.0625
12/31/2023 16:45,-1.625,-1.1875,-0.5625,0.0625,0,0.0625
12/31/2023 18:45,-1.625,-1.1875,-0.5625,0.0625,-0.0625,0.0625
12/31/2023 20:45,-1.625,-1.1875,-0.5625,0.0625,0,0.0625
12/31/2023 22:45,-1.625,-1.1875,-0.5625,0.0625,0,0.0625
1/1/2024 0:45,-1.625,-1.1875,-0.5625,0.0625,0,0.0625
1/1/2024 2:45,-1.625,-1.1875,-0.5625,0.0625,0,0.0625
1/1/2024 4:45,-1.6875,-1.1875,-0.5625,0.125,0,0.0625
1/1/2024 6:45,-1.625,-1.1875,-0.5625,0.0625,0,0.0625
1/1/2024 8:45,-1.625,-1.1875,-0.5625,0.0625,0,0.0625
1/1/2024 10:45,-1.625,-1.1875,-0.5625,0.0625,0,0.0625
1/1/2024 12:45,-1.625,-1.1875,-0.5625,0.0625,0,0.0625
1/1/2024 14:45,-1.625,-1.1875,-0.5625,0.0625,0,0.0625
1/1/2024 16:45,-1.625,-1.1875,-0.5625,0.0625,0,0.0625
1/1/2024 18:45,-1.625,-1.1875,-0.5625,0.0625,0,0.0625
1/1/2024 20:45,-1.5625,-1.1875,-0.5625,0.0625,0,0.0625
1/1/2024 22:45,-1.5625,-1.1875,-0.5625,0.0625,0,0.0625
1/2/2024 0:45,-1.5625,-1.1875,-0.625,0.0625,0,0.0625
1/2/2024 2:45,-1.5625,-1.1875,-0.625,0.0625,0,0.0625
1/2/2024 4:45,-1.5625,-1.1875,-0.5625,0.0625,0,0.0625
1/2/2024 6:45,-1.5625,-1.1875,-0.5625,0.0625,-0.0625,0.0625
1/2/2024 8:45,-1.5625,-1.125,-0.5625,0.0625,0,0.0625
1/2/2024 10:45,-1.5625,-1.1875,-0.625,0.0625,0,0.0625
1/2/2024 12:45,-1.5625,-1.1875,-0.625,0.0625,0,0.0625
1/2/2024 14:45,-1.5625,-1.125,-0.5625,0.0625,0,0.0625
1/2/2024 16:45,-1.5,-1.125,-0.5625,0.0625,0,0.0625
1/2/2024 18:45,-1.4375,-1.125,-0.5625,0.0625,0,0.0625
1/2/2024 20:45,-1.4375,-1.125,-0.5625,0.0625,0,0.0625
1/2/2024 22:45,-1.4375,-1.125,-0.5625,0.0625,0,0.0625
1/3/2024 0:45,-1.375,-1.0625,-0.5625,0.0625,0,0.0625
1/3/2024 2:45,-1.3125,-1.0625,-0.5625,0.0625,-0.0625,0.0625
1/3/2024 4:45,-1.3125,-1.0625,-0.5625,0.0625,0,0.0625
1/3/2024 6:45,-1.25,-1,-0.5625,0.0625,0,0.0625
1/3/2024 8:45,-1.25,-1,-0.5625,0.0625,0,0.0625
1/3/2024 10:45,-1.1875,-1,-0.5625,0.0625,0,0.0625
1/3/2024 12:45,-1.1875,-1,-0.5,0.0625,0,0.0625
1/3/2024 14:45,-1.1875,-0.9375,-0.5,0.0625,0,0.0625
1/3/2024 16:45,-1.125,-0.9375,-0.5,0.0625,0,0.0625
1/3/2024 18:45,-1.125,-0.9375,-0.5,0.0625,0,0.0625
1/3/2024 20:45,-1.125,-0.9375,-0.5,0.0625,0,0.0625
1/3/2024 22:45,-1.125,-0.875,-0.5,0.0625,0,0.0625
1/4/2024 0:45,-1.125,-0.9375,-0.5,0.0625,0,0.0625
1/4/2024 2:45,-1.0625,-0.875,-0.5,0.0625,0,0.0625
1/4/2024 4:45,-1.0625,-0.9375,-0.5,0.0625,0,0.0625
1/4/2024 6:45,-1.0625,-0.875,-0.5,0.0625,0,0.0625
1/4/2024 8:45,-1.0625,-0.875,-0.5,0.0625,0,0.0625
1/4/2024 10:45,-1.0625,-0.875,-0.5,0.0625,0,0.0625
1/4/2024 12:45,-1.0625,-0.875,-0.5,0.0625,0,0.0625
1/4/2024 14:45,-1.0625,-0.875,-0.4375,0.0625,0,0.0625
1/4/2024 16:45,-1.0625,-0.875,-0.5,0,0,0.0625
1/4/2024 18:45,-1.0625,-0.875,-0.4375,0.0625,0,0.0625
1/4/2024 20:45,-1.0625,-0.875,-0.5,0.0625,0,0.0625
1/4/2024 22:45,-1.0625,-0.875,-0.4375,0.0625,-0.0625,0.0625
1/5/2024 0:45,-1.0625,-0.875,-0.4375,0.0625,0,0.0625
1/5/2024 2:45,-1.0625,-0.875,-0.4375,0.0625,0,0.0625
1/5/2024 4:45,-1.0625,-0.875,-0.5,0.0625,0,0.0625
1/5/2024 6:45,-1.0625,-0.875,-0.4375,0.0625,0,0.0625
1/5/2024 8:45,-1.0625,-0.875,-0.5,0.0625,0,0.0625
1/5/2024 10:45,-1,-0.875,-0.4375,0.0625,-0.0625,0.0625
1/5/2024 12:45,-1,-0.8125,-0.4375,0.0625,0,0.0625
1/5/2024 14:45,-1,-0.8125,-0.5,0.0625,0,0.0625
1/5/2024 16:45,-1,-0.8125,-0.4375,0.0625,0,0.0625
1/5/2024 18:45,-1,-0.8125,-0.4375,0.0625,0,0.0625
1/5/2024 20:45,-0.9375,-0.8125,-0.4375,0.0625,0,0.0625
1/5/2024 22:45,-0.9375,-0.8125,-0.4375,0.0625,0,0.0625
1/6/2024 0:45,-0.9375,-0.8125,-0.4375,0.0625,0,0.0625
1/6/2024 2:45,-1,-0.8125,-0.4375,0.0625,0,0.0625
1/6/2024 4:45,-1,-0.8125,-0.4375,0.0625,0,0.0625
1/6/2024 6:45,-1,-0.8125,-0.4375,0.0625,0,0.0625
1/6/2024 8:45,-1,-0.8125,-0.4375,0.0625,0,0.0625
1/6/2024 10:45,-1.0625,-0.8125,-0.4375,0.0625,0,0.0625
1/6/2024 12:45,-1.0625,-0.875,-0.4375,0.0625,0,0.0625
1/6/2024 14:45,-1.0625,-0.875,-0.4375,0.0625,0,0.0625
1/6/2024 16:45,-1.0625,-0.875,-0.4375,0.0625,0,0.0625
1/6/2024 18:45,-1.0625,-0.875,-0.4375,0.0625,0,0.0625
1/6/2024 20:45,-1.125,-0.875,-0.5,0.0625,0,0.0625
1/6/2024 22:45,-1.125,-0.875,-0.4375,0.0625,0,0.0625
1/7/2024 0:45,-1.125,-0.875,-0.5,0.0625,0,0.0625
1/7/2024 2:45,-1.125,-0.9375,-0.5,0,0,0.0625
1/7/2024 4:45,-1.125,-0.9375,-0.5,0.0625,0,0.0625
1/7/2024 6:45,-1.125,-0.875,-0.5,0.0625,0,0.0625
1/7/2024 8:45,-1.125,-0.875,-0.5,0.0625,0,0.0625
1/7/2024 10:45,-1.0625,-0.875,-0.5,0.0625,-0.0625,0.0625
1/7/2024 12:45,-1.0625,-0.875,-0.5,0.0625,0,0.0625
1/7/2024 14:45,-1,-0.875,-0.5,0,0,0.0625
1/7/2024 16:45,-1,-0.875,-0.5,0,0,0.0625
1/7/2024 18:45,-0.9375,-0.8125,-0.5,0,0,0.0625
1/7/2024 20:45,-0.9375,-0.8125,-0.4375,0.0625,0,0.0625
1/7/2024 22:45,-0.9375,-0.8125,-0.4375,0.0625,-0.0625,0.0625
1/8/2024 0:45,-0.875,-0.8125,-0.4375,0.0625,0,0.0625
1/8/2024 2:45,-0.875,-0.8125,-0.5,0.0625,0,0.0625
1/8/2024 4:45,-0.875,-0.75,-0.4375,0,0,0.0625
1/8/2024 6:45,-0.8125,-0.75,-0.4375,0.0625,0,0.0625
1/8/2024 8:45,-0.875,-0.75,-0.4375,0.0625,0,0.0625
1/8/2024 10:45,-0.8125,-0.75,-0.4375,0,0,0.0625
1/8/2024 12:45,-0.8125,-0.75,-0.4375,0.0625,0,0.0625
1/8/2024 14:45,-0.8125,-0.75,-0.4375,0.0625,0,0.0625
1/8/2024 16:45,-0.8125,-0.6875,-0.4375,0.0625,0,0.0625
1/8/2024 18:45,-0.75,-0.6875,-0.4375,0.0625,0,0.0625
1/8/2024 20:45,-0.75,-0.6875,-0.375,0.0625,0,0.0625
1/8/2024 22:45,-0.75,-0.6875,-0.375,0,0,0.0625
1/9/2024 0:45,-0.75,-0.6875,-0.4375,0.0625,0,0.0625
1/9/2024 2:45,-0.6875,-0.6875,-0.4375,0,0,0.0625
1/9/2024 4:45,-0.75,-0.6875,-0.375,0.0625,0,0.0625
1/9/2024 6:45,-0.75,-0.6875,-0.375,0.0625,0,0.0625
1/9/2024 8:45,-0.75,-0.6875,-0.4375,0.0625,0,0.0625
1/9/2024 10:45,-0.75,-0.6875,-0.375,0.0625,0,0.0625
1/9/2024 12:45,-0.8125,-0.6875,-0.375,0.0625,0,0.0625
1/9/2024 14:45,-0.8125,-0.6875,-0.375,0.0625,0,0.0625
1/9/2024 16:45,-0.875,-0.75,-0.375,0,0,0.0625
1/9/2024 18:45,-0.9375,-0.75,-0.4375,0.0625,0,0.0625
1/9/2024 20:45,-0.9375,-0.75,-0.4375,0,0,0.0625
1/9/2024 22:45,-1,-0.75,-0.4375,0,0,0.0625
1/10/2024 0:45,-1.0625,-0.8125,-0.4375,0,0,0.0625
1/10/2024 2:45,-1.0625,-0.8125,-0.4375,0.0625,0,0.0625
1/10/2024 4:45,-1.125,-0.875,-0.4375,0.0625,0,0.0625
1/10/2024 6:45,-1.1875,-0.9375,-0.4375,0.0625,0,0.0625
1/10/2024 8:45,-1.25,-0.9375,-0.5,0,0,0.0625
1/10/2024 10:45,-1.25,-0.9375,-0.5,0,0,0.0625
1/10/2024 12:45,-1.3125,-1,-0.5,0,0,0.0625
1/10/2024 14:45,-1.375,-1,-0.5,0.0625,0,0.0625
1/10/2024 16:45,-1.4375,-1.0625,-0.5625,0,0,0.0625
1/10/2024 18:45,-1.5,-1.0625,-0.5625,0,-0.0625,0.0625
1/10/2024 20:45,-1.5,-1.0625,-0.5625,0,0,0.0625
1/10/2024 22:45,-1.5625,-1.125,-0.5625,0,0,0.0625
1/11/2024 0:45,-1.5625,-1.125,-0.5625,0,0,0.0625
1/11/2024 2:45,-1.5625,-1.125,-0.5625,0,0,0.0625
1/11/2024 4:45,-1.5625,-1.1875,-0.625,0,0,0.0625
1/11/2024 6:45,-1.5625,-1.1875,-0.625,0,0,0.0625
1/11/2024 8:45,-1.5625,-1.1875,-0.625,0,0,0.0625
1/11/2024 10:45,-1.5,-1.1875,-0.625,0,0,0.0625
1/11/2024 12:45,-1.5,-1.1875,-0.625,0,0,0.0625
1/11/2024 14:45,-1.5,-1.1875,-0.625,-0.0625,0,0.0625
1/11/2024 16:45,-1.4375,-1.125,-0.625,0,0,0.0625
1/11/2024 18:45,-1.4375,-1.125,-0.625,0,0,0.0625
1/11/2024 20:45,-1.375,-1.125,-0.625,0,0,0.0625
1/11/2024 22:45,-1.375,-1.125,-0.625,0,0,0.0625
1/12/2024 0:45,-1.375,-1.125,-0.625,0,0,0.0625
1/12/2024 2:45,-1.375,-1.0625,-0.625,0,-0.0625,0.0625
1/12/2024 4:45,-1.375,-1.0625,-0.625,0,0,0.0625
1/12/2024 6:45,-1.3125,-1.0625,-0.625,0,0,0.0625
1/12/2024 8:45,-1.3125,-1.0625,-0.625,0,0,0.0625
1/12/2024 10:45,-1.3125,-1.0625,-0.625,0,0,0.0625
1/12/2024 12:45,-1.3125,-1.0625,-0.625,-0.0625,-0.0625,0.0625
1/12/2024 14:45,-1.25,-1.0625,-0.625,-0.0625,0,0.0625
1/12/2024 16:45,-1.25,-1.0625,-0.5625,0,0,0.0625
1/12/2024 18:45,-1.25,-1.0625,-0.5625,0,0,0.0625
1/12/2024 20:45,-1.25,-1.0625,-0.625,0,0,0.0625
1/12/2024 22:45,-1.25,-1,-0.5625,0,0,0.0625
1/13/2024 0:45,-1.25,-1,-0.625,0,0,0.0625
1/13/2024 2:45,-1.1875,-1,-0.625,-0.0625,0,0.0625
1/13/2024 4:45,-1.1875,-1,-0.625,0,0,0.0625
1/13/2024 6:45,-1.25,-1,-0.5625,0,0,0.0625
1/13/2024 8:45,-1.25,-1.0625,-0.5625,0,0,0.0625
1/13/2024 10:45,-1.25,-1,-0.5625,0,0,0.0625
1/13/2024 12:45,-1.25,-1,-0.5625,-0.0625,0,0.0625
1/13/2024 14:45,-1.25,-1,-0.5625,0,0,0.0625
1/13/2024 16:45,-1.25,-1,-0.5625,-0.0625,0,0.0625
1/13/2024 18:45,-1.1875,-1,-0.5625,-0.0625,0,0.0625
1/13/2024 20:45,-1.1875,-1,-0.625,-0.0625,0,0.0625
1/13/2024 22:45,-1.125,-1,-0.5625,0,0,0.0625
1/14/2024 0:45,-1.125,-0.9375,-0.5625,-0.0625,0,0.0625
1/14/2024 2:45,-1.125,-0.9375,-0.5625,-0.0625,0,0.0625
1/14/2024 4:45,-1.125,-0.9375,-0.5625,-0.0625,0,0.0625
1/14/2024 6:45,-1.125,-0.9375,-0.5625,0,0,0.0625
1/14/2024 8:45,-1.0625,-0.9375,-0.5625,0,0,0.0625
1/14/2024 10:45,-1.125,-0.9375,-0.5625,0,0,0.0625
1/14/2024 12:45,-1.0625,-0.9375,-0.5625,0,0,0.0625
1/14/2024 14:45,-1.0625,-0.9375,-0.5625,-0.0625,0,0.0625
1/14/2024 16:45,-1.0625,-0.9375,-0.5625,-0.0625,0,0.0625
1/14/2024 18:45,-1.0625,-0.9375,-0.5625,-0.0625,-0.0625,0.0625
1/14/2024 20:45,-1,-0.9375,-0.5625,0,0,0.0625
1/14/2024 22:45,-1,-0.875,-0.5,-0.0625,0,0.0625
1/15/2024 0:45,-0.9375,-0.875,-0.5625,-0.0625,0,0.0625
1/15/2024 2:45,-0.9375,-0.875,-0.5,0,-0.0625,0.0625
1/15/2024 4:45,-0.9375,-0.875,-0.5625,-0.0625,0,0.0625
1/15/2024 6:45,-0.9375,-0.8125,-0.5,-0.0625,0,0.0625
1/15/2024 8:45,-0.9375,-0.875,-0.5,0,0,0.0625
1/15/2024 10:45,-0.9375,-0.8125,-0.5,0,0,0.0625
1/15/2024 12:45,-0.9375,-0.875,-0.5,0,0,0.0625
1/15/2024 14:45,-0.9375,-0.8125,-0.5,-0.0625,0,0.0625
1/15/2024 16:45,-1,-0.8125,-0.5,0,0,0.0625
1/15/2024 18:45,-0.9375,-0.8125,-0.5,-0.0625,0,0.0625
1/15/2024 20:45,-1,-0.875,-0.5,-0.0625,0,0.0625
1/15/2024 22:45,-1,-0.8125,-0.5,-0.0625,0,0.0625
1/16/2024 0:45,-0.9375,-0.8125,-0.5,-0.0625,0,0.0625
1/16/2024 2:45,-0.9375,-0.8125,-0.5,0,0,0.0625
1/16/2024 4:45,-0.9375,-0.8125,-0.5,0,0,0.0625
1/16/2024 6:45,-0.875,-0.8125,-0.5,0,0,0.0625
1/16/2024 8:45,-0.875,-0.8125,-0.5,0,0,0.0625
1/16/2024 10:45,-0.8125,-0.8125,-0.5,-0.0625,0,0.0625
1/16/2024 12:45,-0.8125,-0.8125,-0.5,0,0,0.0625
1/16/2024 14:45,-0.8125,-0.75,-0.5,0,0,0.0625
1/16/2024 16:45,-0.8125,-0.75,-0.5,-0.0625,0,0.0625
1/16/2024 18:45,-0.75,-0.75,-0.4375,-0.0625,-0.0625,0.0625
1/16/2024 20:45,-0.75,-0.75,-0.5,0,0,0.0625
1/16/2024 22:45,-0.75,-0.75,-0.4375,0,0,0.0625
1/17/2024 0:45,-0.6875,-0.75,-0.4375,-0.0625,0,0.0625
1/17/2024 2:45,-0.75,-0.6875,-0.4375,0,0,0.0625
1/17/2024 4:45,-0.75,-0.75,-0.4375,0,0,0.0625
1/17/2024 6:45,-0.75,-0.6875,-0.4375,0,-0.0625,0.0625
1/17/2024 8:45,-0.75,-0.6875,-0.4375,0,0,0.0625
1/17/2024 10:45,-0.75,-0.6875,-0.4375,0,0,0.0625
1/17/2024 12:45,-0.75,-0.75,-0.4375,0,0,0.0625
1/17/2024 14:45,-0.8125,-0.6875,-0.4375,0,-0.0625,0.0625
1/17/2024 16:45,-0.875,-0.75,-0.4375,-0.0625,0,0.0625
1/17/2024 18:45,-0.875,-0.75,-0.4375,-0.0625,0,0.0625
1/17/2024 20:45,-0.875,-0.75,-0.4375,0,0,0.0625
1/17/2024 22:45,-0.9375,-0.75,-0.4375,0,0,0.0625
1/18/2024 0:45,-0.9375,-0.75,-0.4375,0,0,0.0625
1/18/2024 2:45,-0.9375,-0.8125,-0.4375,0,-0.0625,0.0625
1/18/2024 4:45,-0.9375,-0.8125,-0.5,0,0,0.0625
1/18/2024 6:45,-0.9375,-0.8125,-0.4375,0,0,0.0625
1/18/2024 8:45,-0.9375,-0.8125,-0.4375,-0.0625,0,0.0625
1/18/2024 10:45,-1,-0.8125,-0.5,0,0,0.0625
1/18/2024 12:45,-0.9375,-0.8125,-0.5,0,-0.0625,0.0625
1/18/2024 14:45,-1,-0.8125,-0.5,-0.0625,0,0.0625
1/18/2024 16:45,-0.9375,-0.8125,-0.5,0,0,0.0625
1/18/2024 18:45,-1,-0.8125,-0.5,0,0,0.0625
1/18/2024 20:45,-1,-0.8125,-0.5,-0.0625,0,0.0625
1/18/2024 22:45,-0.9375,-0.8125,-0.5,-0.0625,0,0.0625
1/19/2024 0:45,-0.9375,-0.8125,-0.5,-0.0625,0,0.0625
1/19/2024 2:45,-0.9375,-0.8125,-0.5,-0.0625,0,0.0625
1/19/2024 4:45,-0.9375,-0.8125,-0.5,-0.0625,0,0.0625
1/19/2024 6:45,-0.875,-0.8125,-0.5,-0.0625,0,0.0625
1/19/2024 8:45,-0.875,-0.8125,-0.5,0,0,0.0625
1/19/2024 10:45,-0.875,-0.75,-0.5,-0.0625,0,0.0625
1/19/2024 12:45,-0.8125,-0.8125,-0.5,-0.0625,0,0.0625
1/19/2024 14:45,-0.8125,-0.75,-0.5,-0.0625,0,0.0625
1/19/2024 16:45,-0.8125,-0.75,-0.5,-0.0625,0,0.0625
1/19/2024 18:45,-0.8125,-0.75,-0.5,-0.0625,0,0.0625
1/19/2024 20:45,-0.8125,-0.75,-0.4375,0,0,0.0625
1/19/2024 22:45,-0.8125,-0.75,-0.5,-0.0625,0,0.0625
1/20/2024 0:45,-0.8125,-0.75,-0.4375,-0.0625,0,0.0625
1/20/2024 2:45,-0.8125,-0.75,-0.4375,-0.0625,0,0.0625
1/20/2024 4:45,-0.8125,-0.75,-0.4375,0,0,0.0625
1/20/2024 6:45,-0.8125,-0.75,-0.4375,0,0,0.0625
1/20/2024 8:45,-0.75,-0.75,-0.4375,-0.0625,0,0.0625
1/20/2024 10:45,-0.8125,-0.6875,-0.4375,-0.0625,0,0.0625
1/20/2024 12:45,-0.8125,-0.75,-0.4375,-0.0625,0,0.0625
1/20/2024 14:45,-0.8125,-0.75,-0.4375,-0.0625,0,0.0625
1/20/2024 16:45,-0.8125,-0.6875,-0.4375,0,0,0.0625
1/20/2024 18:45,-0.8125,-0.75,-0.4375,-0.0625,0,0.0625
1/20/2024 20:45,-0.8125,-0.75,-0.4375,-0.0625,0,0.0625
1/20/2024 22:45,-0.875,-0.75,-0.4375,-0.0625,0,0.0625
1/21/2024 0:45,-0.875,-0.75,-0.4375,-0.0625,0,0.0625
1/21/2024 2:45,-0.875,-0.75,-0.4375,-0.0625,0,0.0625
1/21/2024 4:45,-0.875,-0.75,-0.4375,-0.0625,-0.0625,0.0625
1/21/2024 6:45,-0.9375,-0.8125,-0.4375,-0.0625,0,0.0625
1/21/2024 8:45,-0.9375,-0.75,-0.4375,-0.0625,0,0.0625
1/21/2024 10:45,-1,-0.8125,-0.4375,-0.0625,0,0.0625
1/21/2024 12:45,-1,-0.8125,-0.5,-0.0625,0,0.0625
1/21/2024 14:45,-1.0625,-0.875,-0.5,-0.0625,0,0.0625
1/21/2024 16:45,-1.0625,-0.875,-0.5,-0.0625,-0.0625,0.0625
1/21/2024 18:45,-1.0625,-0.875,-0.5,-0.0625,0,0.0625
1/21/2024 20:45,-1.125,-0.875,-0.5,-0.0625,0,0.0625
1/21/2024 22:45,-1.125,-0.9375,-0.5,-0.0625,-0.0625,0.0625
1/22/2024 0:45,-1.1875,-0.9375,-0.5,-0.0625,0,0.0625
1/22/2024 2:45,-1.1875,-0.9375,-0.5625,-0.0625,0,0.0625
1/22/2024 4:45,-1.25,-0.9375,-0.5625,-0.0625,-0.0625,0.0625
1/22/2024 6:45,-1.25,-0.9375,-0.5625,-0.0625,0,0
1/22/2024 8:45,-1.3125,-1,-0.5625,-0.0625,0,0.0625
1/22/2024 10:45,-1.3125,-1,-0.5625,-0.0625,0,0.0625
1/22/2024 12:45,-1.3125,-1,-0.5625,-0.0625,0,0.0625
1/22/2024 14:45,-1.375,-1.0625,-0.5625,-0.0625,0,0.0625
1/22/2024 16:45,-1.375,-1.0625,-0.625,-0.0625,0,0.0625
1/22/2024 18:45,-1.375,-1.0625,-0.625,-0.0625,-0.0625,0.0625
1/22/2024 20:45,-1.4375,-1.0625,-0.625,-0.0625,-0.0625,0.0625
1/22/2024 22:45,-1.4375,-1.0625,-0.625,-0.0625,0,0.0625
1/23/2024 0:45,-1.4375,-1.125,-0.625,-0.0625,0,0.0625
1/23/2024 2:45,-1.5,-1.125,-0.625,-0.0625,0,0.0625
1/23/2024 4:45,-1.5,-1.125,-0.6875,-0.125,-0.0625,0.0625
1/23/2024 6:45,-1.5,-1.1875,-0.6875,-0.0625,0,0.0625
1/23/2024 8:45,-1.5,-1.1875,-0.6875,-0.125,-0.0625,0.0625
1/23/2024 10:45,-1.5,-1.1875,-0.6875,-0.125,-0.0625,0.0625
1/23/2024 12:45,-1.5,-1.1875,-0.6875,-0.125,-0.0625,0.0625
1/23/2024 14:45,-1.5,-1.1875,-0.6875,-0.125,0,0.0625
1/23/2024 16:45,-1.5,-1.1875,-0.6875,-0.125,0,0.0625
1/23/2024 18:45,-1.5625,-1.1875,-0.6875,-0.125,-0.0625,0.0625
1/23/2024 20:45,-1.5,-1.1875,-0.6875,-0.125,0,0.0625
1/23/2024 22:45,-1.5625,-1.1875,-0.75,-0.125,-0.0625,0.0625
1/24/2024 0:45,-1.5625,-1.25,-0.75,-0.125,-0.0625,0.0625
1/24/2024 2:45,-1.625,-1.1875,-0.75,-0.125,0,0.0625
1/24/2024 4:45,-1.625,-1.25,-0.6875,-0.125,-0.0625,0.0625
1/24/2024 6:45,-1.625,-1.25,-0.75,-0.125,0,0.0625
1/24/2024 8:45,-1.6875,-1.3125,-0.75,-0.125,0,0.0625
1/24/2024 10:45,-1.6875,-1.3125,-0.75,-0.125,-0.0625,0.0625
1/24/2024 12:45,-1.75,-1.3125,-0.8125,-0.125,0,0.0625
1/24/2024 14:45,-1.75,-1.3125,-0.75,-0.1875,-0.0625,0.0625
1/24/2024 16:45,-1.8125,-1.3125,-0.8125,-0.125,0,0.0625
1/24/2024 18:45,-1.8125,-1.375,-0.8125,-0.125,0,0.0625
1/24/2024 20:45,-1.875,-1.375,-0.8125,-0.1875,-0.0625,0.0625
1/24/2024 22:45,-1.9375,-1.4375,-0.8125,-0.1875,0,0.0625
1/25/2024 0:45,-1.9375,-1.4375,-0.8125,-0.1875,-0.0625,0.0625
1/25/2024 2:45,-2,-1.5,-0.875,-0.1875,0,0.0625
1/25/2024 4:45,-2,-1.5,-0.875,-0.1875,0,0.0625
1/25/2024 6:45,-2,-1.5,-0.875,-0.1875,0,0.0625
1/25/2024 8:45,-2.0625,-1.5625,-0.875,-0.1875,-0.0625,0.0625
1/25/2024 10:45,-2.0625,-1.5625,-0.875,-0.1875,0,0.0625
1/25/2024 12:45,-2.125,-1.5625,-0.9375,-0.1875,-0.0625,0.0625
1/25/2024 14:45,-2.125,-1.625,-0.9375,-0.25,-0.0625,0.0625
1/25/2024 16:45,-2.125,-1.625,-0.9375,-0.1875,-0.0625,0.0625
1/25/2024 18:45,-2.125,-1.625,-0.9375,-0.1875,-0.0625,0.0625
1/25/2024 20:45,-2.1875,-1.625,-1,-0.25,-0.0625,0.0625
1/25/2024 22:45,-2.1875,-1.625,-1,-0.25,0,0.0625
1/26/2024 0:45,-2.1875,-1.625,-1,-0.25,-0.0625,0.0625
1/26/2024 2:45,-2.1875,-1.6875,-1,-0.25,0,0.0625
1/26/2024 4:45,-2.1875,-1.6875,-1,-0.25,-0.0625,0.0625
1/26/2024 6:45,-2.1875,-1.6875,-1,-0.25,0,0.0625
1/26/2024 8:45,-2.25,-1.6875,-1,-0.25,0,0.0625
1/26/2024 10:45,-2.25,-1.6875,-1.0625,-0.25,-0.0625,0.0625
1/26/2024 12:45,-2.25,-1.75,-1.0625,-0.25,0,0.0625
1/26/2024 14:45,-2.25,-1.75,-1.0625,-0.3125,0,0.0625
1/26/2024 16:45,-2.3125,-1.75,-1.0625,-0.3125,0,0.0625
1/26/2024 18:45,-2.3125,-1.75,-1.0625,-0.3125,-0.0625,0.0625
1/26/2024 20:45,-2.3125,-1.75,-1.125,-0.3125,-0.0625,0.0625
1/26/2024 22:45,-2.375,-1.8125,-1.125,-0.3125,-0.0625,0.0625
1/27/2024 0:45,-2.375,-1.8125,-1.125,-0.3125,-0.0625,0.0625
1/27/2024 2:45,-2.4375,-1.8125,-1.125,-0.3125,-0.0625,0.0625
1/27/2024 4:45,-2.4375,-1.8125,-1.125,-0.3125,-0.0625,0.0625
1/27/2024 6:45,-2.4375,-1.875,-1.125,-0.375,0,0.0625
1/27/2024 8:45,-2.5,-1.875,-1.1875,-0.3125,-0.0625,0.0625
1/27/2024 10:45,-2.5625,-1.9375,-1.1875,-0.375,-0.0625,0.0625
1/27/2024 12:45,-2.5625,-1.9375,-1.1875,-0.375,-0.0625,0.0625
1/27/2024 14:45,-2.5625,-1.9375,-1.1875,-0.375,-0.0625,0.0625
1/27/2024 16:45,-2.625,-1.9375,-1.25,-0.375,-0.0625,0.0625
1/27/2024 18:45,-2.6875,-2,-1.25,-0.375,-0.0625,0.0625
1/27/2024 20:45,-2.6875,-2.0625,-1.25,-0.375,-0.0625,0.0625
1/27/2024 22:45,-2.6875,-2.0625,-1.3125,-0.4375,-0.0625,0.0625
1/28/2024 0:45,-2.75,-2.0625,-1.3125,-0.4375,-0.0625,0
1/28/2024 2:45,-2.75,-2.125,-1.3125,-0.4375,-0.0625,0.0625
1/28/2024 4:45,-2.8125,-2.125,-1.3125,-0.4375,-0.0625,0.0625
1/28/2024 6:45,-2.8125,-2.125,-1.375,-0.4375,-0.0625,0.0625
1/28/2024 8:45,-2.875,-2.1875,-1.375,-0.4375,-0.0625,0.0625
1/28/2024 10:45,-2.875,-2.1875,-1.375,-0.5,-0.0625,0.0625
1/28/2024 12:45,-2.9375,-2.1875,-1.375,-0.5,-0.0625,0.0625
1/28/2024 14:45,-2.9375,-2.25,-1.4375,-0.5,-0.0625,0.0625
1/28/2024 16:45,-2.9375,-2.25,-1.4375,-0.5,-0.0625,0.0625
1/28/2024 18:45,-3,-2.25,-1.4375,-0.5625,-0.0625,0.0625
1/28/2024 20:45,-3,-2.3125,-1.5,-0.5625,-0.0625,0.0625
1/28/2024 22:45,-3.0625,-2.3125,-1.5,-0.5625,-0.0625,0.0625
1/29/2024 0:45,-3.0625,-2.375,-1.5,-0.5625,-0.0625,0.0625
1/29/2024 2:45,-3.0625,-2.375,-1.5,-0.5625,-0.0625,0.0625
1/29/2024 4:45,-3.125,-2.375,-1.5625,-0.625,-0.125,0.0625
1/29/2024 6:45,-3.125,-2.375,-1.5625,-0.625,-0.125,0.0625
1/29/2024 8:45,-3.125,-2.4375,-1.5625,-0.625,-0.125,0.0625
1/29/2024 10:45,-3.125,-2.375,-1.5625,-0.625,-0.125,0.0625
1/29/2024 12:45,-3.125,-2.4375,-1.625,-0.6875,-0.0625,0.0625
1/29/2024 14:45,-3.1875,-2.4375,-1.625,-0.6875,-0.125,0.0625
1/29/2024 16:45,-3.1875,-2.4375,-1.625,-0.6875,-0.125,0.0625
1/29/2024 18:45,-3.1875,-2.4375,-1.625,-0.6875,-0.125,0.0625
1/29/2024 20:45,-3.1875,-2.5,-1.6875,-0.75,-0.125,0.0625
1/29/2024 22:45,-3.1875,-2.5,-1.6875,-0.75,-0.125,0
1/30/2024 0:45,-3.1875,-2.5,-1.6875,-0.75,-0.125,0.0625
1/30/2024 2:45,-3.125,-2.5,-1.6875,-0.8125,-0.125,0.0625
1/30/2024 4:45,-3.125,-2.5,-1.6875,-0.8125,-0.125,0.0625
1/30/2024 6:45,-3.125,-2.5,-1.75,-0.8125,-0.125,0.0625
1/30/2024 8:45,-3.125,-2.5,-1.75,-0.8125,-0.125,0.0625
1/30/2024 10:45,-3.125,-2.5,-1.75,-0.8125,-0.125,0.0625
1/30/2024 12:45,-3.125,-2.5,-1.75,-0.875,-0.1875,0.0625
1/30/2024 14:45,-3.0625,-2.5,-1.75,-0.875,-0.125,0.0625
1/30/2024 16:45,-3,-2.4375,-1.75,-0.875,-0.1875,0.0625
1/30/2024 18:45,-3,-2.5,-1.75,-0.875,-0.1875,0
1/30/2024 20:45,-3,-2.4375,-1.75,-0.9375,-0.1875,0.0625
1/30/2024 22:45,-3,-2.4375,-1.75,-0.9375,-0.1875,0.0625
1/31/2024 0:45,-2.9375,-2.4375,-1.75,-0.9375,-0.1875,0.0625
1/31/2024 2:45,-2.9375,-2.4375,-1.75,-0.9375,-0.1875,0.0625
1/31/2024 4:45,-2.875,-2.375,-1.75,-0.9375,-0.1875,0.0625
1/31/2024 6:45,-2.875,-2.375,-1.75,-1,-0.1875,0.0625
1/31/2024 8:45,-2.8125,-2.375,-1.75,-1,-0.1875,0.0625
1/31/2024 10:45,-2.8125,-2.375,-1.75,-1,-0.25,0.0625
1/31/2024 12:45,-2.8125,-2.3125,-1.75,-0.9375,-0.25,0.0625
1/31/2024 14:45,-2.75,-2.3125,-1.75,-1,-0.25,0.0625
1/31/2024 16:45,-2.75,-2.3125,-1.6875,-1,-0.1875,0.0625
1/31/2024 18:45,-2.6875,-2.3125,-1.6875,-1,-0.25,0.0625
1/31/2024 20:45,-2.6875,-2.3125,-1.75,-1,-0.25,0.0625
1/31/2024 22:45,-2.6875,-2.3125,-1.6875,-1,-0.25,0.0625
2/1/2024 0:45,-2.6875,-2.25,-1.6875,-1,-0.25,0.0625
2/1/2024 2:45,-2.625,-2.25,-1.6875,-1,-0.25,0.0625
2/1/2024 4:45,-2.625,-2.25,-1.6875,-1.0625,-0.3125,0.0625
2/1/2024 6:45,-2.5625,-2.1875,-1.6875,-1.0625,-0.25,0.0625
2/1/2024 8:45,-2.5625,-2.1875,-1.6875,-1.0625,-0.3125,0
2/1/2024 10:45,-2.5625,-2.1875,-1.6875,-1.0625,-0.3125,0
2/1/2024 12:45,-2.5625,-2.1875,-1.6875,-1.0625,-0.3125,0.0625
2/1/2024 14:45,-2.5625,-2.1875,-1.6875,-1.0625,-0.3125,0.0625
2/1/2024 16:45,-2.5,-2.1875,-1.6875,-1.0625,-0.3125,0.0625
2/1/2024 18:45,-2.5,-2.1875,-1.6875,-1.0625,-0.3125,0.0625
2/1/2024 20:45,-2.5,-2.1875,-1.6875,-1.0625,-0.3125,0.0625
2/1/2024 22:45,-2.5,-2.1875,-1.625,-1.0625,-0.375,0.0625
2/2/2024 0:45,-2.5,-2.1875,-1.6875,-1.0625,-0.3125,0.0625
2/2/2024 2:45,-2.4375,-2.125,-1.6875,-1.0625,-0.3125,0.0625
2/2/2024 4:45,-2.4375,-2.125,-1.6875,-1.0625,-0.375,0.0625
2/2/2024 6:45,-2.4375,-2.125,-1.625,-1.0625,-0.375,0
2/2/2024 8:45,-2.4375,-2.125,-1.6875,-1.0625,-0.375,0.0625
2/2/2024 10:45,-2.4375,-2.125,-1.6875,-1.0625,-0.375,0.0625
2/2/2024 12:45,-2.4375,-2.125,-1.6875,-1.0625,-0.375,0
2/2/2024 14:45,-2.375,-2.125,-1.625,-1.0625,-0.375,0
2/2/2024 16:45,-2.375,-2.125,-1.625,-1.0625,-0.375,0.0625
2/2/2024 18:45,-2.375,-2.0625,-1.625,-1.0625,-0.375,0.0625
2/2/2024 20:45,-2.375,-2.125,-1.625,-1.0625,-0.375,0.0625
2/2/2024 22:45,-2.375,-2.0625,-1.625,-1.0625,-0.375,0
2/3/2024 0:45,-2.375,-2.0625,-1.625,-1.0625,-0.375,0.0625
2/3/2024 2:45,-2.375,-2.0625,-1.625,-1.125,-0.375,0
2/3/2024 4:45,-2.375,-2.0625,-1.625,-1.125,-0.375,0.0625
2/3/2024 6:45,-2.375,-2.0625,-1.625,-1.125,-0.4375,0
2/3/2024 8:45,-2.375,-2.0625,-1.625,-1.125,-0.4375,0.0625
2/3/2024 10:45,-2.375,-2.0625,-1.625,-1.0625,-0.375,0.0625
2/3/2024 12:45,-2.375,-2.0625,-1.625,-1.0625,-0.4375,0.0625
2/3/2024 14:45,-2.375,-2.0625,-1.625,-1.125,-0.375,0.0625
2/3/2024 16:45,-2.3125,-2.0625,-1.625,-1.125,-0.375,0.0625
2/3/2024 18:45,-2.3125,-2.0625,-1.625,-1.125,-0.4375,0.0625
2/3/2024 20:45,-2.375,-2.0625,-1.625,-1.125,-0.4375,0.0625
2/3/2024 22:45,-2.375,-2.0625,-1.625,-1.125,-0.4375,0
2/4/2024 0:45,-2.375,-2.0625,-1.625,-1.125,-0.4375,0.0625
2/4/2024 2:45,-2.3125,-2.0625,-1.625,-1.125,-0.375,0.0625
2/4/2024 4:45,-2.375,-2.0625,-1.625,-1.125,-0.4375,0
2/4/2024 6:45,-2.375,-2.0625,-1.625,-1.125,-0.375,0.0625
2/4/2024 8:45,-2.375,-2.0625,-1.625,-1.125,-0.4375,0.0625
2/4/2024 10:45,-2.375,-2.0625,-1.625,-1.125,-0.4375,0.0625
2/4/2024 12:45,-2.3125,-2.0625,-1.625,-1.125,-0.4375,0.0625
2/4/2024 14:45,-2.375,-2.0625,-1.625,-1.125,-0.4375,0.0625
2/4/2024 16:45,-2.375,-2.0625,-1.625,-1.125,-0.4375,0.0625
2/4/2024 18:45,-2.375,-2.125,-1.6875,-1.125,-0.4375,0
2/4/2024 20:45,-2.375,-2.125,-1.625,-1.125,-0.4375,0.0625
2/4/2024 22:45,-2.375,-2.0625,-1.625,-1.125,-0.4375,0.0625
2/5/2024 0:45,-2.375,-2.0625,-1.6875,-1.125,-0.4375,0.0625
2/5/2024 2:45,-2.375,-2.0625,-1.6875,-1.125,-0.4375,0.0625
2/5/2024 4:45,-2.3125,-2.0625,-1.6875,-1.125,-0.4375,0.0625
2/5/2024 6:45,-2.375,-2.0625,-1.6875,-1.125,-0.4375,0.0625
2/5/2024 8:45,-2.375,-2.125,-1.6875,-1.125,-0.5,0.0625
2/5/2024 10:45,-2.375,-2.0625,-1.6875,-1.125,-0.4375,0.0625
2/5/2024 12:45,-2.375,-2.125,-1.6875,-1.1875,-0.4375,0
2/5/2024 14:45,-2.375,-2.125,-1.6875,-1.125,-0.4375,0.0625
2/5/2024 16:45,-2.375,-2.0625,-1.6875,-1.1875,-0.4375,0.0625
2/5/2024 18:45,-2.3125,-2.125,-1.6875,-1.125,-0.4375,0.0625
2/5/2024 20:45,-2.375,-2.0625,-1.6875,-1.1875,-0.4375,0.0625
2/5/2024 22:45,-2.3125,-2.0625,-1.6875,-1.1875,-0.4375,0.0625
2/6/2024 0:45,-2.3125,-2.0625,-1.6875,-1.125,-0.4375,0.0625
2/6/2024 2:45,-2.3125,-2.0625,-1.6875,-1.1875,-0.5,0
2/6/2024 4:45,-2.3125,-2.0625,-1.6875,-1.1875,-0.5,0.0625
2/6/2024 6:45,-2.3125,-2.0625,-1.6875,-1.1875,-0.4375,0.0625
2/6/2024 8:45,-2.3125,-2.0625,-1.6875,-1.1875,-0.5,0.0625
2/6/2024 10:45,-2.3125,-2.0625,-1.6875,-1.1875,-0.5,0.0625
2/6/2024 12:45,-2.3125,-2.0625,-1.6875,-1.1875,-0.4375,0.0625
2/6/2024 14:45,-2.3125,-2.0625,-1.6875,-1.1875,-0.4375,0.0625
2/6/2024 16:45,-2.3125,-2.0625,-1.6875,-1.1875,-0.5,0.0625
2/6/2024 18:45,-2.25,-2.0625,-1.6875,-1.1875,-0.4375,0.0625
2/6/2024 20:45,-2.25,-2.0625,-1.6875,-1.1875,-0.5,0
2/6/2024 22:45,-2.25,-2.0625,-1.625,-1.1875,-0.5,0
2/7/2024 0:45,-2.25,-2.0625,-1.625,-1.1875,-0.5,0
2/7/2024 2:45,-2.25,-2,-1.6875,-1.1875,-0.5,0
2/7/2024 4:45,-2.1875,-2,-1.625,-1.1875,-0.4375,0
2/7/2024 6:45,-2.1875,-2,-1.625,-1.1875,-0.5,0.0625
2/7/2024 8:45,-2.1875,-2,-1.625,-1.1875,-0.5,0
2/7/2024 10:45,-2.1875,-2,-1.625,-1.1875,-0.4375,0.0625
2/7/2024 12:45,-2.1875,-2,-1.625,-1.1875,-0.5,0.0625
2/7/2024 14:45,-2.1875,-2,-1.625,-1.125,-0.5,0.0625
2/7/2024 16:45,-2.125,-1.9375,-1.625,-1.125,-0.5,0
2/7/2024 18:45,-2.125,-1.9375,-1.625,-1.125,-0.5,0.0625
2/7/2024 20:45,-2.125,-1.9375,-1.625,-1.125,-0.5,0
2/7/2024 22:45,-2.125,-1.9375,-1.625,-1.125,-0.5,0.0625
2/8/2024 0:45,-2.0625,-1.9375,-1.625,-1.125,-0.5,0
2/8/2024 2:45,-2.0625,-1.9375,-1.5625,-1.125,-0.5,0.0625
2/8/2024 4:45,-2.0625,-1.9375,-1.5625,-1.125,-0.5,0.0625
2/8/2024 6:45,-2.0625,-1.875,-1.5625,-1.125,-0.5,0.0625
2/8/2024 8:45,-2.0625,-1.875,-1.5625,-1.125,-0.5,0.0625
2/8/2024 10:45,-2,-1.875,-1.5625,-1.125,-0.5,0
2/8/2024 12:45,-2,-1.875,-1.5625,-1.125,-0.5,0.0625
2/8/2024 14:45,-2,-1.875,-1.5625,-1.125,-0.5,0.0625
2/8/2024 16:45,-2,-1.875,-1.5625,-1.125,-0.5,0
2/8/2024 18:45,-1.9375,-1.875,-1.5625,-1.125,-0.5,0.0625
2/8/2024 20:45,-2,-1.875,-1.5,-1.125,-0.5,0
2/8/2024 22:45,-1.9375,-1.8125,-1.5,-1.0625,-0.5,0.0625
2/9/2024 0:45,-1.9375,-1.8125,-1.5,-1.125,-0.4375,0
2/9/2024 2:45,-1.9375,-1.8125,-1.5,-1.0625,-0.5,0
2/9/2024 4:45,-1.875,-1.8125,-1.5,-1.0625,-0.5,0
2/9/2024 6:45,-1.875,-1.8125,-1.5,-1.0625,-0.5,0
2/9/2024 8:45,-1.875,-1.8125,-1.5,-1.0625,-0.5,0.0625
2/9/2024 10:45,-1.875,-1.75,-1.5,-1.0625,-0.5,0
2/9/2024 12:45,-1.875,-1.75,-1.5,-1.0625,-0.4375,0
2/9/2024 14:45,-1.875,-1.75,-1.4375,-1.0625,-0.5,0.0625
2/9/2024 16:45,-1.8125,-1.75,-1.4375,-1.0625,-0.4375,0
2/9/2024 18:45,-1.875,-1.75,-1.4375,-1.0625,-0.5,0
2/9/2024 20:45,-1.8125,-1.75,-1.4375,-1.0625,-0.4375,0.0625
2/9/2024 22:45,-1.8125,-1.6875,-1.4375,-1.0625,-0.5,0
2/10/2024 0:45,-1.8125,-1.6875,-1.4375,-1.0625,-0.5,0
2/10/2024 2:45,-1.8125,-1.6875,-1.4375,-1,-0.4375,0.0625
2/10/2024 4:45,-1.75,-1.6875,-1.4375,-1,-0.5,0.0625
2/10/2024 6:45,-1.75,-1.6875,-1.4375,-1,-0.5,0
2/10/2024 8:45,-1.75,-1.6875,-1.4375,-1,-0.5,0
2/10/2024 10:45,-1.75,-1.6875,-1.4375,-1,-0.5,0
2/10/2024 12:45,-1.75,-1.6875,-1.375,-1,-0.5,0.0625
2/10/2024 14:45,-1.75,-1.625,-1.375,-1,-0.4375,0.0625
2/10/2024 16:45,-1.75,-1.6875,-1.375,-1,-0.4375,0.0625
2/10/2024 18:45,-1.6875,-1.625,-1.375,-1,-0.4375,0
2/10/2024 20:45,-1.6875,-1.625,-1.375,-1,-0.4375,0
2/10/2024 22:45,-1.6875,-1.625,-1.375,-1,-0.4375,0.0625
2/11/2024 0:45,-1.6875,-1.625,-1.375,-1,-0.4375,0.0625
2/11/2024 2:45,-1.6875,-1.625,-1.375,-1,-0.4375,0
2/11/2024 4:45,-1.6875,-1.625,-1.3125,-0.9375,-0.4375,0.0625
2/11/2024 6:45,-1.6875,-1.625,-1.3125,-0.9375,-0.4375,0
2/11/2024 8:45,-1.6875,-1.625,-1.3125,-0.9375,-0.4375,0
2/11/2024 10:45,-1.625,-1.625,-1.3125,-0.9375,-0.4375,0
2/11/2024 12:45,-1.6875,-1.5625,-1.3125,-0.9375,-0.4375,0.0625
2/11/2024 14:45,-1.625,-1.5625,-1.3125,-0.9375,-0.4375,0.0625
2/11/2024 16:45,-1.625,-1.5625,-1.3125,-0.9375,-0.4375,0
2/11/2024 18:45,-1.625,-1.5625,-1.375,-0.9375,-0.4375,0
2/11/2024 20:45,-1.625,-1.5625,-1.3125,-0.9375,-0.4375,0
2/11/2024 22:45,-1.625,-1.5625,-1.3125,-0.9375,-0.4375,0
2/12/2024 0:45,-1.625,-1.5625,-1.3125,-0.9375,-0.4375,0
2/12/2024 2:45,-1.625,-1.5,-1.3125,-0.9375,-0.4375,0
2/12/2024 4:45,-1.5625,-1.5625,-1.3125,-0.9375,-0.4375,0
2/12/2024 6:45,-1.5625,-1.5625,-1.3125,-0.9375,-0.4375,0
2/12/2024 8:45,-1.5625,-1.5,-1.3125,-0.9375,-0.4375,0
2/12/2024 10:45,-1.5625,-1.5,-1.25,-0.875,-0.4375,0
2/12/2024 12:45,-1.5625,-1.5,-1.25,-0.9375,-0.4375,0
2/12/2024 14:45,-1.5,-1.5,-1.25,-0.9375,-0.4375,0
2/12/2024 16:45,-1.5,-1.5,-1.25,-0.875,-0.4375,0
2/12/2024 18:45,-1.5,-1.5,-1.25,-0.875,-0.4375,0
2/12/2024 20:45,-1.5,-1.5,-1.25,-0.875,-0.4375,0
2/12/2024 22:45,-1.5,-1.4375,-1.25,-0.875,-0.4375,0
2/13/2024 0:45,-1.5,-1.4375,-1.25,-0.875,-0.4375,0
2/13/2024 2:45,-1.5,-1.5,-1.25,-0.875,-0.4375,0.0625
2/13/2024 4:45,-1.5,-1.4375,-1.1875,-0.875,-0.4375,0.0625
2/13/2024 6:45,-1.5,-1.4375,-1.25,-0.875,-0.4375,0
2/13/2024 8:45,-1.5,-1.4375,-1.25,-0.875,-0.4375,0
2/13/2024 10:45,-1.4375,-1.4375,-1.1875,-0.875,-0.4375,0.0625
2/13/2024 12:45,-1.5,-1.4375,-1.1875,-0.875,-0.4375,0.0625
2/13/2024 14:45,-1.4375,-1.4375,-1.1875,-0.875,-0.4375,0
2/13/2024 16:45,-1.4375,-1.4375,-1.1875,-0.875,-0.4375,0
2/13/2024 18:45,-1.4375,-1.4375,-1.1875,-0.8125,-0.4375,0
2/13/2024 20:45,-1.4375,-1.375,-1.1875,-0.875,-0.4375,0
2/13/2024 22:45,-1.4375,-1.375,-1.1875,-0.875,-0.4375,0.0625
2/14/2024 0:45,-1.375,-1.375,-1.1875,-0.8125,-0.4375,0
2/14/2024 2:45,-1.375,-1.375,-1.1875,-0.8125,-0.4375,0
2/14/2024 4:45,-1.375,-1.375,-1.1875,-0.8125,-0.375,0
2/14/2024 6:45,-1.375,-1.375,-1.1875,-0.8125,-0.4375,0
2/14/2024 8:45,-1.3125,-1.375,-1.1875,-0.8125,-0.4375,0
2/14/2024 10:45,-1.3125,-1.3125,-1.125,-0.8125,-0.4375,0
2/14/2024 12:45,-1.3125,-1.375,-1.125,-0.8125,-0.4375,0
2/14/2024 14:45,-1.3125,-1.3125,-1.125,-0.8125,-0.4375,0
2/14/2024 16:45,-1.25,-1.3125,-1.125,-0.8125,-0.375,0
2/14/2024 18:45,-1.25,-1.3125,-1.125,-0.8125,-0.4375,0
2/14/2024 20:45,-1.25,-1.25,-1.125,-0.75,-0.375,0
2/14/2024 22:45,-1.25,-1.25,-1.125,-0.8125,-0.4375,0
2/15/2024 0:45,-1.1875,-1.25,-1.0625,-0.75,-0.375,0
2/15/2024 2:45,-1.1875,-1.25,-1.0625,-0.75,-0.4375,0.0625
2/15/2024 4:45,-1.1875,-1.25,-1.0625,-0.75,-0.375,0
2/15/2024 6:45,-1.1875,-1.25,-1.0625,-0.75,-0.4375,0
2/15/2024 8:45,-1.1875,-1.1875,-1.0625,-0.75,-0.4375,0
2/15/2024 10:45,-1.125,-1.1875,-1.0625,-0.75,-0.375,0
2/15/2024 12:45,-1.125,-1.1875,-1,-0.75,-0.375,0
2/15/2024 14:45,-1.125,-1.1875,-1,-0.75,-0.375,0
2/15/2024 16:45,-1.125,-1.1875,-1,-0.75,-0.375,0.0625
2/15/2024 18:45,-1.0625,-1.1875,-1,-0.6875,-0.375,0
2/15/2024 20:45,-1.125,-1.1875,-1,-0.75,-0.375,0
2/15/2024 22:45,-1.125,-1.1875,-1,-0.75,-0.375,0
2/16/2024 0:45,-1.0625,-1.125,-1,-0.6875,-0.375,0
2/16/2024 2:45,-1.0625,-1.125,-1,-0.6875,-0.375,0
2/16/2024 4:45,-1.0625,-1.125,-1,-0.6875,-0.375,0
2/16/2024 6:45,-1.0625,-1.125,-0.9375,-0.6875,-0.375,0
2/16/2024 8:45,-1.0625,-1.125,-0.9375,-0.6875,-0.375,0
2/16/2024 10:45,-1.0625,-1.125,-0.9375,-0.6875,-0.375,0
2/16/2024 12:45,-1.0625,-1.125,-0.9375,-0.6875,-0.375,0
2/16/2024 14:45,-1.0625,-1.125,-0.9375,-0.6875,-0.375,0
2/16/2024 16:45,-1.0625,-1.125,-0.9375,-0.6875,-0.375,0
2/16/2024 18:45,-1.0625,-1.125,-0.9375,-0.6875,-0.375,0
2/16/2024 20:45,-1.0625,-1.125,-0.9375,-0.625,-0.3125,0
2/16/2024 22:45,-1.0625,-1.0625,-0.9375,-0.625,-0.375,0
2/17/2024 0:45,-1.0625,-1.0625,-0.9375,-0.6875,-0.375,0
2/17/2024 2:45,-1.0625,-1.125,-0.9375,-0.625,-0.375,0
2/17/2024 4:45,-1.0625,-1.125,-0.9375,-0.625,-0.375,0.0625
2/17/2024 6:45,-1.125,-1.125,-0.9375,-0.6875,-0.375,0
2/17/2024 8:45,-1.125,-1.125,-0.9375,-0.625,-0.375,0
2/17/2024 10:45,-1.125,-1.125,-0.9375,-0.6875,-0.375,0
2/17/2024 12:45,-1.125,-1.125,-0.9375,-0.625,-0.375,0
2/17/2024 14:45,-1.1875,-1.125,-0.9375,-0.625,-0.3125,0
2/17/2024 16:45,-1.1875,-1.125,-0.9375,-0.6875,-0.375,0
2/17/2024 18:45,-1.1875,-1.125,-0.9375,-0.625,-0.375,0
2/17/2024 20:45,-1.25,-1.125,-0.9375,-0.6875,-0.375,0
2/17/2024 22:45,-1.25,-1.1875,-0.9375,-0.625,-0.375,0
2/18/2024 0:45,-1.25,-1.1875,-0.9375,-0.6875,-0.375,0
2/18/2024 2:45,-1.3125,-1.1875,-0.9375,-0.6875,-0.375,0
2/18/2024 4:45,-1.3125,-1.25,-1,-0.6875,-0.375,0.0625
2/18/2024 6:45,-1.3125,-1.25,-1,-0.6875,-0.375,0
2/18/2024 8:45,-1.3125,-1.25,-1,-0.6875,-0.375,0
2/18/2024 10:45,-1.375,-1.3125,-1,-0.6875,-0.375,0
2/18/2024 12:45,-1.375,-1.3125,-1,-0.6875,-0.375,0
2/18/2024 14:45,-1.375,-1.3125,-1,-0.6875,-0.375,0
2/18/2024 16:45,-1.4375,-1.3125,-1.0625,-0.6875,-0.375,0
2/18/2024 18:45,-1.4375,-1.3125,-1.0625,-0.6875,-0.375,0
2/18/2024 20:45,-1.4375,-1.3125,-1.0625,-0.6875,-0.375,0
2/18/2024 22:45,-1.5,-1.3125,-1.0625,-0.6875,-0.375,0
2/19/2024 0:45,-1.5,-1.3125,-1.0625,-0.6875,-0.375,0
2/19/2024 2:45,-1.5,-1.375,-1.0625,-0.6875,-0.375,0
2/19/2024 4:45,-1.5,-1.375,-1.0625,-0.75,-0.4375,0.0625
2/19/2024 6:45,-1.5625,-1.4375,-1.125,-0.75,-0.4375,0
2/19/2024 8:45,-1.5625,-1.4375,-1.125,-0.75,-0.4375,0
2/19/2024 10:45,-1.5625,-1.4375,-1.125,-0.75,-0.375,0
2/19/2024 12:45,-1.625,-1.4375,-1.125,-0.75,-0.375,0
2/19/2024 14:45,-1.625,-1.4375,-1.125,-0.75,-0.375,0
2/19/2024 16:45,-1.625,-1.4375,-1.125,-0.75,-0.4375,0
2/19/2024 18:45,-1.625,-1.5,-1.1875,-0.75,-0.4375,0
2/19/2024 20:45,-1.625,-1.5,-1.1875,-0.8125,-0.4375,0
2/19/2024 22:45,-1.625,-1.5,-1.1875,-0.8125,-0.4375,0
2/20/2024 0:45,-1.625,-1.5,-1.1875,-0.8125,-0.4375,0
2/20/2024 2:45,-1.625,-1.5,-1.1875,-0.8125,-0.4375,0
2/20/2024 4:45,-1.6875,-1.5,-1.1875,-0.8125,-0.4375,0
2/20/2024 6:45,-1.6875,-1.5625,-1.25,-0.8125,-0.375,0
2/20/2024 8:45,-1.6875,-1.5625,-1.25,-0.8125,-0.4375,0
2/20/2024 10:45,-1.6875,-1.5,-1.25,-0.8125,-0.4375,0
2/20/2024 12:45,-1.75,-1.5625,-1.25,-0.875,-0.4375,0
2/20/2024 14:45,-1.75,-1.5625,-1.25,-0.875,-0.4375,0
2/20/2024 16:45,-1.75,-1.5625,-1.25,-0.875,-0.4375,0
2/20/2024 18:45,-1.75,-1.5625,-1.25,-0.875,-0.4375,0
2/20/2024 20:45,-1.75,-1.625,-1.25,-0.875,-0.4375,0
2/20/2024 22:45,-1.75,-1.625,-1.3125,-0.875,-0.4375,0
2/21/2024 0:45,-1.75,-1.625,-1.3125,-0.875,-0.4375,0
2/21/2024 2:45,-1.75,-1.625,-1.3125,-0.875,-0.4375,0
2/21/2024 4:45,-1.75,-1.625,-1.3125,-0.9375,-0.4375,0
2/21/2024 6:45,-1.75,-1.625,-1.3125,-0.9375,-0.5,0
2/21/2024 8:45,-1.75,-1.625,-1.3125,-0.9375,-0.5,0
2/21/2024 10:45,-1.75,-1.625,-1.3125,-0.9375,-0.5,0
2/21/2024 12:45,-1.75,-1.625,-1.3125,-0.9375,-0.5,0
2/21/2024 14:45,-1.6875,-1.5625,-1.3125,-0.9375,-0.5,0
2/21/2024 16:45,-1.6875,-1.625,-1.3125,-0.9375,-0.5,0
2/21/2024 18:45,-1.6875,-1.5625,-1.3125,-0.9375,-0.4375,0
2/21/2024 20:45,-1.6875,-1.5625,-1.3125,-0.9375,-0.4375,0
2/21/2024 22:45,-1.625,-1.5625,-1.3125,-0.9375,-0.5,0
2/22/2024 0:45,-1.625,-1.5625,-1.3125,-0.9375,-0.5,0
2/22/2024 2:45,-1.625,-1.5625,-1.3125,-0.9375,-0.5,0
2/22/2024 4:45,-1.5625,-1.5,-1.3125,-0.9375,-0.4375,0
2/22/2024 6:45,-1.5625,-1.5,-1.3125,-0.9375,-0.4375,0
2/22/2024 8:45,-1.5625,-1.5,-1.25,-0.9375,-0.5,0
2/22/2024 10:45,-1.5625,-1.5,-1.25,-0.9375,-0.5,0
2/22/2024 12:45,-1.5625,-1.5,-1.3125,-0.9375,-0.5,0
2/22/2024 14:45,-1.5625,-1.5,-1.25,-0.875,-0.5,0
2/22/2024 16:45,-1.5625,-1.5,-1.25,-0.875,-0.5,0
2/22/2024 18:45,-1.5625,-1.5,-1.25,-0.875,-0.5,0
2/22/2024 20:45,-1.5625,-1.5,-1.25,-0.9375,-0.5,0
2/22/2024 22:45,-1.5625,-1.5,-1.25,-0.875,-0.5,0
2/23/2024 0:45,-1.5625,-1.5,-1.25,-0.875,-0.5,0
2/23/2024 2:45,-1.5625,-1.5,-1.25,-0.875,-0.5,0
2/23/2024 4:45,-1.5625,-1.5,-1.25,-0.875,-0.5,0
2/23/2024 6:45,-1.5625,-1.5,-1.25,-0.875,-0.5,0
2/23/2024 8:45,-1.5625,-1.5,-1.25,-0.875,-0.5,0
2/23/2024 10:45,-1.5625,-1.5,-1.25,-0.875,-0.5,0
2/23/2024 12:45,-1.625,-1.5,-1.25,-0.875,-0.5,0
2/23/2024 14:45,-1.625,-1.5,-1.25,-0.875,-0.5,0
2/23/2024 16:45,-1.625,-1.5,-1.25,-0.9375,-0.5,0
2/23/2024 18:45,-1.625,-1.5625,-1.25,-0.875,-0.4375,0
2/23/2024 20:45,-1.6875,-1.5625,-1.25,-0.875,-0.5,0
2/23/2024 22:45,-1.6875,-1.5625,-1.3125,-0.875,-0.5,0
2/24/2024 0:45,-1.6875,-1.625,-1.3125,-0.875,-0.5,0
2/24/2024 2:45,-1.6875,-1.5625,-1.3125,-0.9375,-0.4375,0
2/24/2024 4:45,-1.75,-1.625,-1.3125,-0.9375,-0.4375,0
2/24/2024 6:45,-1.75,-1.625,-1.3125,-0.875,-0.5,0
2/24/2024 8:45,-1.75,-1.625,-1.3125,-0.9375,-0.4375,0
2/24/2024 10:45,-1.75,-1.625,-1.3125,-0.9375,-0.5,0
2/24/2024 12:45,-1.75,-1.625,-1.3125,-0.9375,-0.5,0
2/24/2024 14:45,-1.75,-1.625,-1.3125,-0.9375,-0.5,0
2/24/2024 16:45,-1.75,-1.625,-1.375,-0.9375,-0.5,0
2/24/2024 18:45,-1.75,-1.625,-1.3125,-0.9375,-0.5,0
2/24/2024 20:45,-1.8125,-1.625,-1.3125,-0.9375,-0.5,0
2/24/2024 22:45,-1.8125,-1.6875,-1.375,-0.9375,-0.5,0
2/25/2024 0:45,-1.8125,-1.6875,-1.375,-0.9375,-0.5,0
2/25/2024 2:45,-1.8125,-1.6875,-1.375,-0.9375,-0.5,0
2/25/2024 4:45,-1.8125,-1.6875,-1.375,-0.9375,-0.5,0
2/25/2024 6:45,-1.8125,-1.6875,-1.375,-1,-0.5,0
2/25/2024 8:45,-1.8125,-1.6875,-1.375,-0.9375,-0.5625,0
2/25/2024 10:45,-1.8125,-1.6875,-1.375,-0.9375,-0.5,0
2/25/2024 12:45,-1.8125,-1.6875,-1.375,-1,-0.5,0
2/25/2024 14:45,-1.875,-1.6875,-1.375,-1,-0.5,0
2/25/2024 16:45,-1.8125,-1.6875,-1.375,-1,-0.5,0
2/25/2024 18:45,-1.875,-1.6875,-1.375,-1,-0.5,0
2/25/2024 20:45,-1.8125,-1.6875,-1.375,-1,-0.5,0
2/25/2024 22:45,-1.875,-1.6875,-1.4375,-1,-0.5,0
2/26/2024 0:45,-1.9375,-1.75,-1.375,-1,-0.5625,0
2/26/2024 2:45,-1.875,-1.75,-1.4375,-1,-0.5625,0
2/26/2024 4:45,-1.9375,-1.75,-1.4375,-1,-0.5625,0
2/26/2024 6:45,-1.9375,-1.75,-1.4375,-1,-0.5,0
2/26/2024 8:45,-1.9375,-1.75,-1.4375,-1,-0.5,0
2/26/2024 10:45,-1.9375,-1.75,-1.4375,-1,-0.5625,0
2/26/2024 12:45,-1.9375,-1.75,-1.4375,-1,-0.5625,0
2/26/2024 14:45,-1.9375,-1.75,-1.4375,-1,-0.5625,0
2/26/2024 16:45,-2,-1.8125,-1.4375,-1.0625,-0.5625,0
2/26/2024 18:45,-2,-1.8125,-1.5,-1.0625,-0.5625,0
2/26/2024 20:45,-2,-1.75,-1.4375,-1.0625,-0.5625,0
2/26/2024 22:45,-2,-1.8125,-1.5,-1.0625,-0.5625,0
2/27/2024 0:45,-2,-1.8125,-1.5,-1.0625,-0.5625,0
2/27/2024 2:45,-2.0625,-1.8125,-1.5,-1.0625,-0.5625,0
2/27/2024 4:45,-2,-1.8125,-1.5,-1.0625,-0.5625,0
2/27/2024 6:45,-2.0625,-1.8125,-1.5,-1.0625,-0.5625,0
2/27/2024 8:45,-2.0625,-1.875,-1.5,-1.0625,-0.5625,0
2/27/2024 10:45,-2.0625,-1.875,-1.5,-1.0625,-0.5625,0
2/27/2024 12:45,-2.0625,-1.875,-1.5,-1.0625,-0.5625,0
2/27/2024 14:45,-2.0625,-1.875,-1.5,-1.125,-0.5625,0
2/27/2024 16:45,-2.0625,-1.875,-1.5625,-1.125,-0.5625,0
2/27/2024 18:45,-2.125,-1.875,-1.5625,-1.0625,-0.5625,0
2/27/2024 20:45,-2.125,-1.875,-1.5625,-1.0625,-0.5625,0
2/27/2024 22:45,-2.125,-1.9375,-1.5625,-1.125,-0.5625,0
2/28/2024 0:45,-2.125,-1.875,-1.5625,-1.125,-0.5625,0
2/28/2024 2:45,-2.125,-1.9375,-1.5625,-1.125,-0.5625,0
2/28/2024 4:45,-2.125,-1.9375,-1.5625,-1.125,-0.5625,0
2/28/2024 6:45,-2.125,-1.9375,-1.5625,-1.125,-0.5625,0
2/28/2024 8:45,-2.125,-1.9375,-1.5625,-1.125,-0.5625,0
2/28/2024 10:45,-2.1875,-1.9375,-1.625,-1.125,-0.5625,0
2/28/2024 12:45,-2.1875,-1.9375,-1.625,-1.125,-0.625,0
2/28/2024 14:45,-2.1875,-2,-1.625,-1.125,-0.5625,0
2/28/2024 16:45,-2.1875,-2,-1.625,-1.1875,-0.625,0
2/28/2024 18:45,-2.25,-2,-1.625,-1.1875,-0.625,0
2/28/2024 20:45,-2.25,-2,-1.625,-1.1875,-0.625,0
2/28/2024 22:45,-2.25,-2,-1.625,-1.1875,-0.625,0
2/29/2024 0:45,-2.25,-2,-1.625,-1.1875,-0.625,0
2/29/2024 2:45,-2.3125,-2.0625,-1.6875,-1.1875,-0.625,0
2/29/2024 4:45,-2.3125,-2.0625,-1.6875,-1.1875,-0.625,0
2/29/2024 6:45,-2.375,-2.0625,-1.6875,-1.1875,-0.625,0
2/29/2024 8:45,-2.3125,-2.0625,-1.6875,-1.1875,-0.625,0
2/29/2024 10:45,-2.375,-2.125,-1.6875,-1.1875,-0.625,0
2/29/2024 12:45,-2.375,-2.125,-1.75,-1.25,-0.625,0
2/29/2024 14:45,-2.4375,-2.125,-1.6875,-1.25,-0.625,0
2/29/2024 16:45,-2.4375,-2.125,-1.75,-1.25,-0.625,0
2/29/2024 18:45,-2.4375,-2.1875,-1.75,-1.25,-0.625,0
2/29/2024 20:45,-2.5,-2.1875,-1.75,-1.25,-0.6875,-0.0625
2/29/2024 22:45,-2.5,-2.1875,-1.75,-1.3125,-0.6875,0
3/1/2024 0:45,-2.5625,-2.1875,-1.8125,-1.25,-0.6875,0
3/1/2024 2:45,-2.5625,-2.25,-1.8125,-1.3125,-0.6875,0
3/1/2024 4:45,-2.5625,-2.25,-1.8125,-1.3125,-0.6875,0
3/1/2024 6:45,-2.5625,-2.25,-1.8125,-1.3125,-0.6875,0
3/1/2024 8:45,-2.625,-2.3125,-1.8125,-1.3125,-0.6875,0
3/1/2024 10:45,-2.625,-2.3125,-1.875,-1.375,-0.6875,0
3/1/2024 12:45,-2.6875,-2.3125,-1.875,-1.375,-0.6875,0
3/1/2024 14:45,-2.6875,-2.375,-1.875,-1.375,-0.6875,0
3/1/2024 16:45,-2.6875,-2.375,-1.9375,-1.375,-0.6875,0
3/1/2024 18:45,-2.75,-2.375,-1.9375,-1.375,-0.6875,0
3/1/2024 20:45,-2.75,-2.375,-1.9375,-1.375,-0.6875,-0.0625
3/1/2024 22:45,-2.75,-2.375,-1.9375,-1.4375,-0.6875,-0.0625
3/2/2024 0:45,-2.8125,-2.4375,-1.9375,-1.375,-0.75,0
3/2/2024 2:45,-2.75,-2.4375,-1.9375,-1.4375,-0.75,-0.0625
3/2/2024 4:45,-2.8125,-2.4375,-2,-1.4375,-0.75,0
3/2/2024 6:45,-2.8125,-2.5,-2,-1.4375,-0.75,0
3/2/2024 8:45,-2.8125,-2.4375,-2,-1.4375,-0.75,0
3/2/2024 10:45,-2.875,-2.5,-2,-1.4375,-0.75,0
3/2/2024 12:45,-2.875,-2.5,-2.0625,-1.4375,-0.75,-0.0625
3/2/2024 14:45,-2.875,-2.5,-2.0625,-1.5,-0.75,-0.0625
3/2/2024 16:45,-2.875,-2.5625,-2.0625,-1.5,-0.75,-0.0625
3/2/2024 18:45,-2.875,-2.5625,-2.0625,-1.5,-0.75,-0.0625
3/2/2024 20:45,-2.875,-2.5625,-2.0625,-1.5,-0.75,0
3/2/2024 22:45,-2.875,-2.5625,-2.0625,-1.5,-0.8125,-0.0625
3/3/2024 0:45,-2.875,-2.5625,-2.125,-1.5,-0.8125,0
3/3/2024 2:45,-2.9375,-2.5625,-2.125,-1.5625,-0.75,-0.0625
3/3/2024 4:45,-2.9375,-2.5625,-2.125,-1.5625,-0.8125,-0.0625
3/3/2024 6:45,-2.875,-2.5625,-2.125,-1.5625,-0.8125,-0.0625
3/3/2024 8:45,-2.9375,-2.5625,-2.125,-1.5625,-0.8125,-0.0625
3/3/2024 10:45,-2.9375,-2.5625,-2.125,-1.5625,-0.8125,-0.0625
3/3/2024 12:45,-2.875,-2.5625,-2.125,-1.5625,-0.8125,0
3/3/2024 14:45,-2.9375,-2.625,-2.125,-1.625,-0.8125,-0.0625
3/3/2024 16:45,-2.875,-2.5625,-2.125,-1.625,-0.8125,-0.0625
3/3/2024 18:45,-2.875,-2.5625,-2.125,-1.625,-0.8125,-0.0625
3/3/2024 20:45,-2.875,-2.5625,-2.125,-1.5625,-0.8125,0
3/3/2024 22:45,-2.875,-2.625,-2.1875,-1.625,-0.8125,-0.0625
3/4/2024 0:45,-2.875,-2.5625,-2.125,-1.625,-0.8125,-0.0625
3/4/2024 2:45,-2.8125,-2.5625,-2.125,-1.625,-0.875,-0.0625
3/4/2024 4:45,-2.8125,-2.5625,-2.1875,-1.625,-0.8125,-0.0625
3/4/2024 6:45,-2.8125,-2.5625,-2.125,-1.625,-0.8125,-0.0625
3/4/2024 8:45,-2.8125,-2.5625,-2.125,-1.625,-0.875,-0.0625
3/4/2024 10:45,-2.75,-2.5,-2.125,-1.625,-0.8125,-0.0625
3/4/2024 12:45,-2.75,-2.5,-2.125,-1.625,-0.8125,-0.0625
3/4/2024 14:45,-2.75,-2.5,-2.125,-1.625,-0.875,-0.0625
3/4/2024 16:45,-2.6875,-2.5,-2.125,-1.625,-0.8125,0
3/4/2024 18:45,-2.6875,-2.5,-2.125,-1.625,-0.8125,-0.0625
3/4/2024 20:45,-2.6875,-2.5,-2.125,-1.625,-0.8125,-0.0625
3/4/2024 22:45,-2.6875,-2.4375,-2.125,-1.625,-0.8125,-0.0625
3/5/2024 0:45,-2.625,-2.4375,-2.0625,-1.5625,-0.8125,-0.0625
3/5/2024 2:45,-2.625,-2.4375,-2.0625,-1.5625,-0.8125,-0.0625
3/5/2024 4:45,-2.625,-2.4375,-2.0625,-1.5625,-0.8125,-0.0625
3/5/2024 6:45,-2.5625,-2.4375,-2.0625,-1.5625,-0.8125,-0.0625
3/5/2024 8:45,-2.5625,-2.375,-2.0625,-1.5625,-0.8125,-0.0625
3/5/2024 10:45,-2.5625,-2.375,-2.0625,-1.5625,-0.8125,-0.0625
3/5/2024 12:45,-2.5,-2.375,-2,-1.5625,-0.8125,-0.0625
3/5/2024 14:45,-2.5,-2.375,-2,-1.5625,-0.8125,-0.0625
3/5/2024 16:45,-2.5,-2.375,-2,-1.5625,-0.8125,-0.0625
3/5/2024 18:45,-2.5,-2.3125,-2,-1.5,-0.8125,-0.0625
3/5/2024 20:45,-2.4375,-2.3125,-1.9375,-1.5,-0.8125,-0.0625
3/5/2024 22:45,-2.4375,-2.3125,-2,-1.5,-0.8125,-0.0625
3/6/2024 0:45,-2.4375,-2.3125,-1.9375,-1.5,-0.8125,-0.0625
3/6/2024 2:45,-2.4375,-2.25,-1.9375,-1.5,-0.8125,-0.0625
3/6/2024 4:45,-2.4375,-2.3125,-1.9375,-1.5,-0.8125,-0.0625
3/6/2024 6:45,-2.375,-2.25,-1.9375,-1.5,-0.8125,-0.0625
3/6/2024 8:45,-2.375,-2.25,-1.9375,-1.5,-0.8125,-0.0625
3/6/2024 10:45,-2.375,-2.25,-1.9375,-1.4375,-0.75,-0.0625
3/6/2024 12:45,-2.375,-2.25,-1.9375,-1.5,-0.8125,-0.0625
3/6/2024 14:45,-2.375,-2.25,-1.9375,-1.4375,-0.75,-0.0625
3/6/2024 16:45,-2.375,-2.25,-1.875,-1.4375,-0.75,-0.0625
3/6/2024 18:45,-2.375,-2.1875,-1.875,-1.4375,-0.75,-0.0625
3/6/2024 20:45,-2.4375,-2.25,-1.875,-1.4375,-0.75,-0.125
3/6/2024 22:45,-2.4375,-2.25,-1.875,-1.4375,-0.75,-0.125
3/7/2024 0:45,-2.375,-2.1875,-1.875,-1.4375,-0.75,-0.0625
3/7/2024 2:45,-2.3125,-2.1875,-1.875,-1.4375,-0.75,-0.0625
3/7/2024 4:45,-2.375,-2.25,-1.875,-1.4375,-0.75,-0.0625
3/7/2024 6:45,-2.3125,-2.1875,-1.875,-1.4375,-0.75,-0.0625
3/7/2024 8:45,-2.3125,-2.1875,-1.875,-1.4375,-0.75,-0.0625
3/7/2024 10:45,-2.375,-2.1875,-1.875,-1.4375,-0.75,-0.0625
3/7/2024 12:45,-2.3125,-2.1875,-1.875,-1.4375,-0.75,-0.0625
3/7/2024 14:45,-2.3125,-2.1875,-1.875,-1.4375,-0.75,-0.0625
3/7/2024 16:45,-2.3125,-2.125,-1.875,-1.4375,-0.75,-0.0625
3/7/2024 18:45,-2.3125,-2.1875,-1.8125,-1.375,-0.75,-0.0625
3/7/2024 20:45,-2.3125,-2.1875,-1.875,-1.4375,-0.75,-0.0625
3/7/2024 22:45,-2.3125,-2.1875,-1.8125,-1.4375,-0.75,-0.0625
3/8/2024 0:45,-2.3125,-2.1875,-1.8125,-1.375,-0.75,-0.0625
3/8/2024 2:45,-2.3125,-2.1875,-1.8125,-1.375,-0.75,-0.0625
3/8/2024 4:45,-2.3125,-2.125,-1.875,-1.375,-0.75,-0.0625
3/8/2024 6:45,-2.3125,-2.125,-1.875,-1.375,-0.75,-0.0625
3/8/2024 8:45,-2.3125,-2.1875,-1.8125,-1.375,-0.75,-0.0625
3/8/2024 10:45,-2.3125,-2.125,-1.8125,-1.375,-0.75,-0.0625
3/8/2024 12:45,-2.3125,-2.1875,-1.8125,-1.375,-0.75,-0.0625
3/8/2024 14:45,-2.3125,-2.1875,-1.8125,-1.375,-0.75,-0.0625
3/8/2024 16:45,-2.375,-2.1875,-1.8125,-1.375,-0.75,-0.0625
3/8/2024 18:45,-2.3125,-2.1875,-1.8125,-1.375,-0.8125,-0.0625
3/8/2024 20:45,-2.375,-2.1875,-1.875,-1.375,-0.75,-0.0625
3/8/2024 22:45,-2.375,-2.1875,-1.875,-1.375,-0.75,-0.0625
3/9/2024 0:45,-2.375,-2.1875,-1.8125,-1.375,-0.75,-0.0625
3/9/2024 2:45,-2.4375,-2.1875,-1.875,-1.375,-0.75,-0.0625
3/9/2024 4:45,-2.4375,-2.1875,-1.875,-1.375,-0.75,-0.0625
3/9/2024 6:45,-2.4375,-2.25,-1.875,-1.375,-0.75,-0.0625
3/9/2024 8:45,-2.5,-2.25,-1.875,-1.375,-0.75,-0.0625
3/9/2024 10:45,-2.5,-2.25,-1.875,-1.4375,-0.8125,-0.0625
3/9/2024 12:45,-2.5,-2.25,-1.875,-1.4375,-0.75,-0.0625
3/9/2024 14:45,-2.5,-2.25,-1.875,-1.4375,-0.8125,-0.0625
3/9/2024 16:45,-2.5,-2.3125,-1.875,-1.4375,-0.8125,-0.0625
3/9/2024 18:45,-2.5625,-2.3125,-1.9375,-1.4375,-0.8125,-0.0625
3/9/2024 20:45,-2.5625,-2.3125,-1.9375,-1.4375,-0.8125,-0.0625
3/9/2024 22:45,-2.625,-2.375,-1.9375,-1.4375,-0.8125,-0.0625
3/10/2024 0:45,-2.625,-2.375,-1.9375,-1.5,-0.8125,-0.0625
3/10/2024 2:45,-2.625,-2.375,-1.9375,-1.4375,-0.8125,-0.0625
3/10/2024 4:45,-2.625,-2.375,-2,-1.5,-0.8125,-0.0625
3/10/2024 6:45,-2.6875,-2.375,-2,-1.5,-0.8125,-0.0625
3/10/2024 8:45,-2.6875,-2.4375,-2,-1.5,-0.8125,-0.0625
3/10/2024 10:45,-2.6875,-2.4375,-2,-1.5,-0.8125,-0.0625
3/10/2024 12:45,-2.75,-2.4375,-2,-1.5,-0.8125,-0.0625
3/10/2024 14:45,-2.8125,-2.4375,-2,-1.5,-0.8125,-0.0625
3/10/2024 16:45,-2.8125,-2.4375,-2.0625,-1.5625,-0.8125,-0.0625
3/10/2024 18:45,-2.8125,-2.5,-2.0625,-1.5625,-0.8125,-0.0625
3/10/2024 20:45,-2.8125,-2.5,-2.0625,-1.5625,-0.8125,-0.125
3/10/2024 22:45,-2.875,-2.5625,-2.0625,-1.5625,-0.8125,-0.0625
3/11/2024 0:45,-2.875,-2.5625,-2.125,-1.5625,-0.875,-0.0625
3/11/2024 2:45,-2.9375,-2.5625,-2.125,-1.625,-0.875,-0.125
3/11/2024 4:45,-2.9375,-2.5625,-2.125,-1.625,-0.875,-0.125
3/11/2024 6:45,-2.9375,-2.625,-2.1875,-1.625,-0.875,-0.0625
3/11/2024 8:45,-3,-2.625,-2.1875,-1.625,-0.875,-0.125
3/11/2024 10:45,-3,-2.625,-2.1875,-1.625,-0.875,-0.125
3/11/2024 12:45,-3,-2.6875,-2.1875,-1.625,-0.875,-0.125
3/11/2024 14:45,-3.0625,-2.6875,-2.1875,-1.6875,-0.875,-0.125
3/11/2024 16:45,-3.0625,-2.75,-2.25,-1.6875,-0.875,-0.125
3/11/2024 18:45,-3.0625,-2.6875,-2.25,-1.6875,-0.875,-0.125
3/11/2024 20:45,-3.0625,-2.75,-2.25,-1.6875,-0.9375,-0.125
3/11/2024 22:45,-3.125,-2.75,-2.3125,-1.6875,-0.875,-0.125
3/12/2024 0:45,-3.125,-2.75,-2.25,-1.6875,-0.875,-0.125
3/12/2024 2:45,-3.1875,-2.8125,-2.3125,-1.75,-0.9375,-0.125
3/12/2024 4:45,-3.1875,-2.8125,-2.3125,-1.75,-0.9375,-0.125
3/12/2024 6:45,-3.1875,-2.8125,-2.3125,-1.75,-0.9375,-0.125
3/12/2024 8:45,-3.25,-2.875,-2.3125,-1.75,-0.9375,-0.125
3/12/2024 10:45,-3.25,-2.875,-2.375,-1.75,-0.9375,-0.125
3/12/2024 12:45,-3.25,-2.875,-2.375,-1.8125,-0.9375,-0.125
3/12/2024 14:45,-3.25,-2.875,-2.375,-1.8125,-0.9375,-0.125
3/12/2024 16:45,-3.25,-2.875,-2.4375,-1.8125,-0.9375,-0.125
3/12/2024 18:45,-3.25,-2.9375,-2.4375,-1.8125,-0.9375,-0.125
3/12/2024 20:45,-3.3125,-2.875,-2.4375,-1.8125,-1,-0.125
3/12/2024 22:45,-3.3125,-2.9375,-2.4375,-1.8125,-1,-0.125
3/13/2024 0:45,-3.3125,-2.9375,-2.4375,-1.8125,-1,-0.125
3/13/2024 2:45,-3.375,-2.9375,-2.5,-1.875,-1,-0.125
3/13/2024 4:45,-3.375,-2.9375,-2.5,-1.875,-1,-0.125
3/13/2024 6:45,-3.375,-3,-2.5,-1.875,-1,-0.125
3/13/2024 8:45,-3.375,-3,-2.5,-1.875,-1,-0.125
3/13/2024 10:45,-3.375,-3,-2.5,-1.875,-1,-0.125
3/13/2024 12:45,-3.375,-3,-2.5,-1.9375,-1,-0.125
3/13/2024 14:45,-3.375,-3,-2.5,-1.9375,-1.0625,-0.125
3/13/2024 16:45,-3.375,-3,-2.5,-1.9375,-1.0625,-0.125
3/13/2024 18:45,-3.375,-3,-2.5625,-1.9375,-1.0625,-0.125
3/13/2024 20:45,-3.375,-3,-2.5625,-1.9375,-1.0625,-0.125
3/13/2024 22:45,-3.375,-3,-2.5625,-1.9375,-1.0625,-0.125
3/14/2024 0:45,-3.375,-3.0625,-2.5625,-1.9375,-1.0625,-0.125
3/14/2024 2:45,-3.375,-3,-2.5625,-1.9375,-1.0625,-0.125
3/14/2024 4:45,-3.375,-3,-2.5625,-2,-1.0625,-0.125
3/14/2024 6:45,-3.375,-3.0625,-2.5625,-2,-1.0625,-0.1875
3/14/2024 8:45,-3.375,-3.0625,-2.5625,-2,-1.0625,-0.125
3/14/2024 10:45,-3.375,-3.0625,-2.5625,-2,-1.0625,-0.1875
3/14/2024 12:45,-3.375,-3.0625,-2.625,-2,-1.0625,-0.125
3/14/2024 14:45,-3.375,-3.0625,-2.5625,-2,-1.0625,-0.1875
3/14/2024 16:45,-3.375,-3.0625,-2.5625,-2,-1.0625,-0.1875
3/14/2024 18:45,-3.375,-3.0625,-2.5625,-2,-1.0625,-0.1875
3/14/2024 20:45,-3.375,-3,-2.5625,-2,-1.0625,-0.125
3/14/2024 22:45,-3.3125,-3,-2.5625,-2,-1.0625,-0.125
3/15/2024 0:45,-3.3125,-3.0625,-2.5625,-2,-1.125,-0.1875
3/15/2024 2:45,-3.3125,-3,-2.625,-2,-1.0625,-0.1875
3/15/2024 4:45,-3.3125,-3.0625,-2.5625,-2,-1.0625,-0.1875
3/15/2024 6:45,-3.3125,-3,-2.625,-2,-1.0625,-0.1875
3/15/2024 8:45,-3.3125,-3,-2.5625,-2,-1.125,-0.125
3/15/2024 10:45,-3.3125,-3,-2.5625,-2,-1.0625,-0.1875
3/15/2024 12:45,-3.3125,-3,-2.5625,-2,-1.0625,-0.1875
3/15/2024 14:45,-3.375,-3.0625,-2.5625,-2,-1.125,-0.1875
3/15/2024 16:45,-3.3125,-3.0625,-2.5625,-2,-1.125,-0.1875
3/15/2024 18:45,-3.3125,-3.0625,-2.5625,-2,-1.125,-0.1875
3/15/2024 20:45,-3.375,-3.0625,-2.625,-2.0625,-1.125,-0.1875
3/15/2024 22:45,-3.375,-3.0625,-2.5625,-2,-1.125,-0.1875
3/16/2024 0:45,-3.375,-3.0625,-2.625,-2,-1.125,-0.1875
3/16/2024 2:45,-3.375,-3.0625,-2.5625,-2.0625,-1.125,-0.1875
3/16/2024 4:45,-3.375,-3.0625,-2.625,-2,-1.125,-0.1875
3/16/2024 6:45,-3.375,-3.0625,-2.625,-2.0625,-1.125,-0.1875
3/16/2024 8:45,-3.375,-3.0625,-2.625,-2.0625,-1.125,-0.1875
3/16/2024 10:45,-3.375,-3.0625,-2.625,-2.0625,-1.125,-0.1875
3/16/2024 12:45,-3.375,-3.0625,-2.625,-2.0625,-1.125,-0.1875
3/16/2024 14:45,-3.375,-3.125,-2.625,-2.0625,-1.125,-0.1875
3/16/2024 16:45,-3.4375,-3.0625,-2.625,-2.0625,-1.1875,-0.1875
3/16/2024 18:45,-3.4375,-3.125,-2.625,-2.0625,-1.1875,-0.1875
3/16/2024 20:45,-3.4375,-3.125,-2.625,-2.0625,-1.125,-0.1875
3/16/2024 22:45,-3.4375,-3.125,-2.625,-2.0625,-1.125,-0.1875
3/17/2024 0:45,-3.4375,-3.125,-2.6875,-2.0625,-1.1875,-0.1875
3/17/2024 2:45,-3.5,-3.125,-2.625,-2.0625,-1.125,-0.1875
3/17/2024 4:45,-3.4375,-3.125,-2.6875,-2.0625,-1.1875,-0.1875
3/17/2024 6:45,-3.5,-3.125,-2.6875,-2.0625,-1.125,-0.1875
3/17/2024 8:45,-3.5,-3.125,-2.6875,-2.0625,-1.1875,-0.1875
3/17/2024 10:45,-3.5,-3.125,-2.6875,-2.125,-1.1875,-0.25
3/17/2024 12:45,-3.5,-3.1875,-2.6875,-2.125,-1.1875,-0.1875
3/17/2024 14:45,-3.5,-3.125,-2.6875,-2.125,-1.1875,-0.1875
3/17/2024 16:45,-3.5,-3.1875,-2.6875,-2.125,-1.1875,-0.25
3/17/2024 18:45,-3.5,-3.1875,-2.6875,-2.125,-1.1875,-0.25
3/17/2024 20:45,-3.5,-3.1875,-2.6875,-2.125,-1.1875,-0.1875
3/17/2024 22:45,-3.5,-3.1875,-2.75,-2.125,-1.1875,-0.25
3/18/2024 0:45,-3.5,-3.1875,-2.75,-2.125,-1.1875,-0.25
3/18/2024 2:45,-3.5,-3.1875,-2.75,-2.125,-1.1875,-0.25
3/18/2024 4:45,-3.5,-3.1875,-2.75,-2.125,-1.1875,-0.25
3/18/2024 6:45,-3.5,-3.1875,-2.75,-2.125,-1.1875,-0.25
3/18/2024 8:45,-3.5,-3.1875,-2.75,-2.125,-1.1875,-0.1875
3/18/2024 10:45,-3.5,-3.1875,-2.75,-2.1875,-1.25,-0.25
3/18/2024 12:45,-3.4375,-3.1875,-2.75,-2.125,-1.1875,-0.25
3/18/2024 14:45,-3.4375,-3.1875,-2.75,-2.1875,-1.25,-0.25
3/18/2024 16:45,-3.4375,-3.1875,-2.75,-2.125,-1.1875,-0.25
3/18/2024 18:45,-3.4375,-3.1875,-2.75,-2.1875,-1.25,-0.25
3/18/2024 20:45,-3.375,-3.125,-2.75,-2.125,-1.25,-0.25
3/18/2024 22:45,-3.4375,-3.125,-2.6875,-2.125,-1.25,-0.25
3/19/2024 0:45,-3.4375,-3.125,-2.75,-2.125,-1.25,-0.25
3/19/2024 2:45,-3.375,-3.125,-2.75,-2.125,-1.25,-0.25
3/19/2024 4:45,-3.3125,-3.125,-2.75,-2.1875,-1.25,-0.25
3/19/2024 6:45,-3.3125,-3.125,-2.6875,-2.125,-1.25,-0.25
3/19/2024 8:45,-3.3125,-3.125,-2.6875,-2.125,-1.25,-0.25
3/19/2024 10:45,-3.25,-3.0625,-2.6875,-2.125,-1.25,-0.25
3/19/2024 12:45,-3.25,-3.0625,-2.6875,-2.125,-1.25,-0.25
3/19/2024 14:45,-3.1875,-3,-2.6875,-2.125,-1.25,-0.3125
3/19/2024 16:45,-3.1875,-3,-2.625,-2.125,-1.25,-0.3125
3/19/2024 18:45,-3.1875,-3,-2.625,-2.125,-1.25,-0.3125
3/19/2024 20:45,-3.125,-3,-2.625,-2.125,-1.25,-0.3125
3/19/2024 22:45,-3.125,-3,-2.625,-2.125,-1.25,-0.3125
3/20/2024 0:45,-3.125,-2.9375,-2.625,-2.0625,-1.1875,-0.25
3/20/2024 2:45,-3.125,-2.9375,-2.625,-2.0625,-1.25,-0.3125
3/20/2024 4:45,-3.0625,-2.9375,-2.625,-2.0625,-1.1875,-0.3125
3/20/2024 6:45,-3.0625,-2.9375,-2.5625,-2.0625,-1.1875,-0.3125
3/20/2024 8:45,-3.0625,-2.875,-2.5625,-2.0625,-1.1875,-0.3125
3/20/2024 10:45,-3.0625,-2.875,-2.5625,-2.0625,-1.25,-0.3125
3/20/2024 12:45,-3,-2.875,-2.5625,-2.0625,-1.25,-0.3125
3/20/2024 14:45,-2.9375,-2.875,-2.5,-2.0625,-1.1875,-0.3125
3/20/2024 16:45,-2.9375,-2.8125,-2.5,-2.0625,-1.1875,-0.3125
3/20/2024 18:45,-2.9375,-2.8125,-2.5,-2,-1.1875,-0.3125
3/20/2024 20:45,-2.875,-2.8125,-2.5,-2,-1.1875,-0.3125
3/20/2024 22:45,-2.875,-2.75,-2.5,-2,-1.1875,-0.3125
3/21/2024 0:45,-2.8125,-2.75,-2.5,-2,-1.1875,-0.3125
3/21/2024 2:45,-2.8125,-2.75,-2.4375,-2,-1.25,-0.3125
3/21/2024 4:45,-2.8125,-2.75,-2.4375,-1.9375,-1.1875,-0.3125
3/21/2024 6:45,-2.75,-2.6875,-2.4375,-1.9375,-1.1875,-0.3125
3/21/2024 8:45,-2.75,-2.625,-2.375,-1.9375,-1.1875,-0.3125
3/21/2024 10:45,-2.6875,-2.625,-2.375,-1.9375,-1.1875,-0.3125
3/21/2024 12:45,-2.6875,-2.625,-2.375,-1.9375,-1.1875,-0.3125
3/21/2024 14:45,-2.625,-2.625,-2.3125,-1.9375,-1.1875,-0.3125
3/21/2024 16:45,-2.625,-2.5625,-2.3125,-1.875,-1.1875,-0.3125
3/21/2024 18:45,-2.5625,-2.5625,-2.3125,-1.875,-1.1875,-0.3125
3/21/2024 20:45,-2.5625,-2.5625,-2.3125,-1.875,-1.1875,-0.375
3/21/2024 22:45,-2.5625,-2.5,-2.25,-1.875,-1.1875,-0.3125
3/22/2024 0:45,-2.5,-2.5,-2.25,-1.8125,-1.125,-0.375
3/22/2024 2:45,-2.5,-2.5,-2.25,-1.8125,-1.125,-0.375
3/22/2024 4:45,-2.4375,-2.4375,-2.25,-1.8125,-1.125,-0.375
3/22/2024 6:45,-2.4375,-2.4375,-2.1875,-1.8125,-1.1875,-0.3125
3/22/2024 8:45,-2.375,-2.4375,-2.1875,-1.8125,-1.1875,-0.375
3/22/2024 10:45,-2.375,-2.375,-2.1875,-1.75,-1.125,-0.375
3/22/2024 12:45,-2.375,-2.375,-2.1875,-1.75,-1.125,-0.375
3/22/2024 14:45,-2.3125,-2.3125,-2.125,-1.75,-1.125,-0.375
3/22/2024 16:45,-2.25,-2.3125,-2.125,-1.75,-1.0625,-0.375
3/22/2024 18:45,-2.25,-2.25,-2.125,-1.6875,-1.125,-0.375
3/22/2024 20:45,-2.1875,-2.25,-2.0625,-1.6875,-1.125,-0.375
3/22/2024 22:45,-2.125,-2.25,-2.0625,-1.6875,-1.0625,-0.375
3/23/2024 0:45,-2.125,-2.1875,-2.0625,-1.6875,-1.125,-0.375
3/23/2024 2:45,-2.125,-2.1875,-2.0625,-1.625,-1.125,-0.375
3/23/2024 4:45,-2.0625,-2.1875,-2,-1.625,-1.0625,-0.375
3/23/2024 6:45,-2.0625,-2.125,-2,-1.625,-1.0625,-0.375
3/23/2024 8:45,-2,-2.125,-1.9375,-1.625,-1.0625,-0.375
3/23/2024 10:45,-2,-2.0625,-1.9375,-1.5625,-1.0625,-0.375
3/23/2024 12:45,-1.9375,-2.0625,-1.9375,-1.625,-1.0625,-0.375
3/23/2024 14:45,-1.9375,-2.0625,-1.875,-1.5625,-1.0625,-0.375
3/23/2024 16:45,-1.9375,-2,-1.875,-1.5625,-1.0625,-0.375
3/23/2024 18:45,-1.875,-2,-1.875,-1.5625,-1.0625,-0.375
3/23/2024 20:45,-1.875,-1.9375,-1.8125,-1.5,-1,-0.375
3/23/2024 22:45,-1.875,-1.9375,-1.8125,-1.5,-1.0625,-0.375
3/24/2024 0:45,-1.8125,-1.9375,-1.8125,-1.5,-1,-0.375
3/24/2024 2:45,-1.8125,-1.9375,-1.8125,-1.5,-1,-0.375
3/24/2024 4:45,-1.8125,-1.9375,-1.75,-1.5,-1,-0.375
3/24/2024 6:45,-1.8125,-1.875,-1.75,-1.4375,-1,-0.375
3/24/2024 8:45,-1.75,-1.875,-1.75,-1.4375,-1,-0.375
3/24/2024 10:45,-1.8125,-1.875,-1.75,-1.4375,-1,-0.375
3/24/2024 12:45,-1.75,-1.875,-1.75,-1.4375,-1,-0.375
3/24/2024 14:45,-1.6875,-1.8125,-1.6875,-1.4375,-1,-0.4375
3/24/2024 16:45,-1.75,-1.8125,-1.6875,-1.375,-1,-0.375
3/24/2024 18:45,-1.75,-1.8125,-1.6875,-1.375,-1,-0.375
3/24/2024 20:45,-1.6875,-1.8125,-1.6875,-1.375,-0.9375,-0.375
3/24/2024 22:45,-1.6875,-1.8125,-1.6875,-1.375,-1,-0.375
3/25/2024 0:45,-1.6875,-1.75,-1.625,-1.375,-0.9375,-0.375
3/25/2024 2:45,-1.6875,-1.75,-1.625,-1.3125,-0.9375,-0.375
3/25/2024 4:45,-1.6875,-1.75,-1.625,-1.375,-0.9375,-0.375
3/25/2024 6:45,-1.6875,-1.75,-1.625,-1.375,-0.9375,-0.375
3/25/2024 8:45,-1.6875,-1.75,-1.625,-1.3125,-0.9375,-0.375
3/25/2024 10:45,-1.6875,-1.75,-1.625,-1.3125,-0.9375,-0.375
3/25/2024 12:45,-1.6875,-1.75,-1.625,-1.3125,-0.9375,-0.375
3/25/2024 14:45,-1.6875,-1.75,-1.5625,-1.3125,-0.9375,-0.375
3/25/2024 16:45,-1.625,-1.75,-1.5625,-1.3125,-0.9375,-0.375
3/25/2024 18:45,-1.625,-1.6875,-1.5625,-1.3125,-0.9375,-0.375
3/25/2024 20:45,-1.625,-1.75,-1.5625,-1.3125,-0.9375,-0.375
3/25/2024 22:45,-1.6875,-1.75,-1.5625,-1.25,-0.9375,-0.375
3/26/2024 0:45,-1.6875,-1.6875,-1.5625,-1.25,-0.9375,-0.375
3/26/2024 2:45,-1.6875,-1.6875,-1.5625,-1.3125,-0.9375,-0.375
3/26/2024 4:45,-1.6875,-1.75,-1.5625,-1.25,-0.9375,-0.375
3/26/2024 6:45,-1.6875,-1.6875,-1.5625,-1.25,-0.9375,-0.375
3/26/2024 8:45,-1.6875,-1.75,-1.5625,-1.25,-0.9375,-0.375
3/26/2024 10:45,-1.6875,-1.75,-1.5625,-1.25,-0.875,-0.375
3/26/2024 12:45,-1.6875,-1.75,-1.5625,-1.25,-0.9375,-0.4375
3/26/2024 14:45,-1.6875,-1.75,-1.5625,-1.25,-0.9375,-0.375
3/26/2024 16:45,-1.6875,-1.75,-1.5625,-1.25,-0.9375,-0.375
3/26/2024 18:45,-1.6875,-1.75,-1.5625,-1.25,-0.9375,-0.4375
3/26/2024 20:45,-1.75,-1.75,-1.5625,-1.25,-0.9375,-0.375
3/26/2024 22:45,-1.75,-1.75,-1.5625,-1.25,-0.9375,-0.4375
3/27/2024 0:45,-1.75,-1.75,-1.5625,-1.25,-0.9375,-0.4375
3/27/2024 2:45,-1.8125,-1.75,-1.5625,-1.25,-0.9375,-0.4375
3/27/2024 4:45,-1.75,-1.75,-1.5625,-1.25,-0.9375,-0.375
3/27/2024 6:45,-1.75,-1.75,-1.5625,-1.25,-0.9375,-0.375
3/27/2024 8:45,-1.8125,-1.8125,-1.5625,-1.25,-0.9375,-0.4375
3/27/2024 10:45,-1.8125,-1.8125,-1.5625,-1.25,-0.9375,-0.4375
3/27/2024 12:45,-1.8125,-1.8125,-1.5625,-1.25,-0.9375,-0.4375
3/27/2024 14:45,-1.8125,-1.8125,-1.625,-1.3125,-0.9375,-0.375
3/27/2024 16:45,-1.8125,-1.8125,-1.625,-1.25,-0.9375,-0.4375
3/27/2024 18:45,-1.8125,-1.8125,-1.625,-1.25,-0.9375,-0.375
3/27/2024 20:45,-1.8125,-1.8125,-1.625,-1.25,-0.9375,-0.4375
3/27/2024 22:45,-1.8125,-1.8125,-1.625,-1.3125,-0.9375,-0.375
3/28/2024 0:45,-1.8125,-1.8125,-1.625,-1.3125,-0.9375,-0.4375
3/28/2024 2:45,-1.8125,-1.8125,-1.625,-1.3125,-0.9375,-0.4375
3/28/2024 4:45,-1.8125,-1.8125,-1.625,-1.3125,-0.9375,-0.4375
3/28/2024 6:45,-1.8125,-1.8125,-1.625,-1.3125,-0.9375,-0.4375
3/28/2024 8:45,-1.8125,-1.8125,-1.625,-1.3125,-0.9375,-0.4375
3/28/2024 10:45,-1.8125,-1.8125,-1.625,-1.3125,-0.9375,-0.4375
3/28/2024 12:45,-1.8125,-1.8125,-1.625,-1.3125,-0.9375,-0.4375
3/28/2024 14:45,-1.8125,-1.8125,-1.625,-1.3125,-0.9375,-0.4375
3/28/2024 16:45,-1.8125,-1.8125,-1.625,-1.3125,-0.9375,-0.4375
3/28/2024 18:45,-1.75,-1.8125,-1.625,-1.3125,-0.9375,-0.4375
3/28/2024 20:45,-1.8125,-1.8125,-1.625,-1.3125,-0.9375,-0.4375
3/28/2024 22:45,-1.75,-1.75,-1.625,-1.3125,-0.9375,-0.4375
3/29/2024 0:45,-1.75,-1.8125,-1.625,-1.3125,-0.9375,-0.4375
3/29/2024 2:45,-1.75,-1.8125,-1.625,-1.3125,-0.9375,-0.4375
3/29/2024 4:45,-1.75,-1.8125,-1.625,-1.3125,-0.9375,-0.4375
3/29/2024 6:45,-1.75,-1.75,-1.625,-1.3125,-0.9375,-0.4375
3/29/2024 8:45,-1.75,-1.75,-1.625,-1.3125,-0.9375,-0.4375
3/29/2024 10:45,-1.75,-1.75,-1.5625,-1.3125,-0.9375,-0.4375
3/29/2024 12:45,-1.75,-1.75,-1.5625,-1.25,-0.9375,-0.4375
3/29/2024 14:45,-1.75,-1.75,-1.5625,-1.25,-0.9375,-0.4375
3/29/2024 16:45,-1.6875,-1.75,-1.5625,-1.3125,-0.9375,-0.4375
3/29/2024 18:45,-1.6875,-1.75,-1.5625,-1.25,-0.9375,-0.4375
3/29/2024 20:45,-1.6875,-1.75,-1.5625,-1.25,-0.9375,-0.4375
3/29/2024 22:45,-1.6875,-1.75,-1.5625,-1.25,-0.9375,-0.4375
3/30/2024 0:45,-1.6875,-1.75,-1.5625,-1.25,-0.9375,-0.4375
3/30/2024 2:45,-1.6875,-1.6875,-1.5625,-1.25,-0.9375,-0.4375
3/30/2024 4:45,-1.6875,-1.6875,-1.5625,-1.25,-0.9375,-0.4375
3/30/2024 6:45,-1.625,-1.6875,-1.5625,-1.25,-0.9375,-0.4375
3/30/2024 8:45,-1.6875,-1.6875,-1.5,-1.25,-0.9375,-0.4375
3/30/2024 10:45,-1.625,-1.6875,-1.5,-1.25,-0.9375,-0.4375
3/30/2024 12:45,-1.625,-1.6875,-1.5625,-1.25,-0.9375,-0.4375
3/30/2024 14:45,-1.625,-1.75,-1.5625,-1.25,-0.9375,-0.4375
3/30/2024 16:45,-1.625,-1.6875,-1.5625,-1.25,-0.9375,-0.4375
3/30/2024 18:45,-1.625,-1.6875,-1.5,-1.25,-0.9375,-0.4375
3/30/2024 20:45,-1.625,-1.6875,-1.5,-1.25,-0.9375,-0.4375
3/30/2024 22:45,-1.625,-1.6875,-1.5,-1.25,-0.9375,-0.4375
3/31/2024 0:45,-1.625,-1.6875,-1.5625,-1.25,-0.9375,-0.4375
3/31/2024 2:45,-1.625,-1.6875,-1.5,-1.1875,-0.9375,-0.4375
3/31/2024 4:45,-1.625,-1.6875,-1.5625,-1.25,-0.9375,-0.4375
3/31/2024 6:45,-1.625,-1.6875,-1.5,-1.25,-0.9375,-0.4375
3/31/2024 8:45,-1.625,-1.6875,-1.5,-1.25,-0.9375,-0.4375
3/31/2024 10:45,-1.625,-1.6875,-1.5,-1.25,-0.9375,-0.4375
3/31/2024 12:45,-1.625,-1.6875,-1.5,-1.1875,-0.9375,-0.4375
3/31/2024 14:45,-1.625,-1.6875,-1.5,-1.25,-0.9375,-0.4375
3/31/2024 16:45,-1.625,-1.6875,-1.5,-1.25,-0.9375,-0.4375
3/31/2024 18:45,-1.625,-1.6875,-1.5,-1.25,-0.9375,-0.4375
3/31/2024 20:45,-1.625,-1.6875,-1.5,-1.25,-0.9375,-0.5
3/31/2024 22:45,-1.6875,-1.6875,-1.5,-1.25,-0.9375,-0.4375
4/1/2024 0:45,-1.625,-1.6875,-1.5,-1.25,-0.9375,-0.4375
4/1/2024 2:45,-1.625,-1.6875,-1.5,-1.25,-0.9375,-0.5
4/1/2024 4:45,-1.6875,-1.6875,-1.5,-1.1875,-0.9375,-0.5
4/1/2024 6:45,-1.6875,-1.6875,-1.5,-1.1875,-0.9375,-0.5
4/1/2024 8:45,-1.6875,-1.6875,-1.5,-1.25,-0.9375,-0.4375
4/1/2024 10:45,-1.6875,-1.6875,-1.5,-1.25,-0.9375,-0.5
4/1/2024 12:45,-1.6875,-1.6875,-1.5,-1.1875,-0.9375,-0.5
4/1/2024 14:45,-1.6875,-1.6875,-1.5,-1.25,-0.9375,-0.5
4/1/2024 16:45,-1.6875,-1.6875,-1.5,-1.25,-0.9375,-0.5
4/1/2024 18:45,-1.6875,-1.6875,-1.5625,-1.1875,-0.9375,-0.5
4/1/2024 20:45,-1.75,-1.6875,-1.5625,-1.25,-0.9375,-0.5
4/1/2024 22:45,-1.75,-1.6875,-1.5625,-1.25,-0.9375,-0.5
4/2/2024 0:45,-1.75,-1.75,-1.5,-1.25,-0.9375,-0.5
4/2/2024 2:45,-1.75,-1.75,-1.5,-1.25,-0.9375,-0.5
4/2/2024 4:45,-1.75,-1.75,-1.5625,-1.25,-0.9375,-0.5
4/2/2024 6:45,-1.75,-1.75,-1.5625,-1.25,-0.9375,-0.5
4/2/2024 8:45,-1.8125,-1.75,-1.5625,-1.25,-0.9375,-0.5
4/2/2024 10:45,-1.8125,-1.75,-1.5625,-1.25,-0.9375,-0.5
4/2/2024 12:45,-1.8125,-1.8125,-1.5625,-1.25,-0.9375,-0.5
4/2/2024 14:45,-1.8125,-1.75,-1.5625,-1.25,-0.9375,-0.5
4/2/2024 16:45,-1.8125,-1.8125,-1.5625,-1.25,-1,-0.5
4/2/2024 18:45,-1.875,-1.8125,-1.625,-1.25,-0.9375,-0.5
4/2/2024 20:45,-1.875,-1.8125,-1.625,-1.25,-0.9375,-0.5
4/2/2024 22:45,-1.875,-1.8125,-1.625,-1.3125,-0.9375,-0.5
4/3/2024 0:45,-1.9375,-1.875,-1.625,-1.3125,-1,-0.5
4/3/2024 2:45,-1.9375,-1.875,-1.625,-1.3125,-0.9375,-0.5
4/3/2024 4:45,-1.9375,-1.875,-1.625,-1.3125,-1,-0.5
4/3/2024 6:45,-2,-1.875,-1.6875,-1.3125,-1,-0.5
4/3/2024 8:45,-1.9375,-1.9375,-1.625,-1.3125,-1,-0.5
4/3/2024 10:45,-2,-1.875,-1.6875,-1.3125,-1,-0.5
4/3/2024 12:45,-2,-1.9375,-1.6875,-1.3125,-1,-0.5
4/3/2024 14:45,-2,-1.9375,-1.6875,-1.375,-1,-0.5
4/3/2024 16:45,-2,-1.9375,-1.6875,-1.375,-1,-0.5
4/3/2024 18:45,-2,-1.9375,-1.6875,-1.375,-1,-0.5
4/3/2024 20:45,-2,-1.9375,-1.75,-1.375,-1,-0.5
4/3/2024 22:45,-2.0625,-2,-1.75,-1.375,-1,-0.5
4/4/2024 0:45,-2.0625,-2,-1.75,-1.375,-1.0625,-0.5
4/4/2024 2:45,-2.0625,-2,-1.75,-1.375,-1,-0.5
4/4/2024 4:45,-2.0625,-2,-1.75,-1.4375,-1.0625,-0.5
4/4/2024 6:45,-2.0625,-2,-1.75,-1.4375,-1.0625,-0.5
4/4/2024 8:45,-2.0625,-2,-1.75,-1.4375,-1.0625,-0.5
4/4/2024 10:45,-2.0625,-2,-1.8125,-1.4375,-1.0625,-0.5
4/4/2024 12:45,-2.0625,-2,-1.75,-1.4375,-1.0625,-0.5625
4/4/2024 14:45,-2.0625,-2,-1.75,-1.4375,-1.0625,-0.5625
4/4/2024 16:45,-2.0625,-2,-1.8125,-1.4375,-1.0625,-0.5
4/4/2024 18:45,-2.0625,-2,-1.8125,-1.4375,-1.0625,-0.5625
4/4/2024 20:45,-2.0625,-2.0625,-1.8125,-1.4375,-1.0625,-0.5625
4/4/2024 22:45,-2.0625,-2.0625,-1.8125,-1.4375,-1.125,-0.5625
4/5/2024 0:45,-2.0625,-2,-1.8125,-1.4375,-1.0625,-0.5625
4/5/2024 2:45,-2.0625,-2,-1.8125,-1.4375,-1.0625,-0.5625
4/5/2024 4:45,-2.0625,-2,-1.8125,-1.4375,-1.0625,-0.5625
4/5/2024 6:45,-2.0625,-2.0625,-1.8125,-1.5,-1.0625,-0.5625
4/5/2024 8:45,-2.0625,-2.0625,-1.8125,-1.5,-1.125,-0.5625
4/5/2024 10:45,-2.0625,-2.0625,-1.8125,-1.5,-1.0625,-0.5625
4/5/2024 12:45,-2.0625,-2,-1.8125,-1.5,-1.125,-0.5625
4/5/2024 14:45,-2,-2,-1.8125,-1.5,-1.125,-0.5625
4/5/2024 16:45,-2,-2,-1.8125,-1.5,-1.125,-0.5625
4/5/2024 18:45,-2,-2,-1.8125,-1.5,-1.0625,-0.5625
4/5/2024 20:45,-2,-2,-1.8125,-1.4375,-1.125,-0.5625
4/5/2024 22:45,-2,-2,-1.8125,-1.5,-1.125,-0.5625
4/6/2024 0:45,-2,-2,-1.8125,-1.5,-1.125,-0.5625
4/6/2024 2:45,-2,-2,-1.8125,-1.5,-1.125,-0.5625
4/6/2024 4:45,-2,-2,-1.8125,-1.5,-1.125,-0.5625
4/6/2024 6:45,-2,-2,-1.8125,-1.4375,-1.125,-0.625
4/6/2024 8:45,-2,-2,-1.8125,-1.5,-1.125,-0.5625
4/6/2024 10:45,-2,-2,-1.8125,-1.4375,-1.125,-0.5625
4/6/2024 12:45,-2,-2,-1.8125,-1.5,-1.125,-0.5625
4/6/2024 14:45,-1.9375,-2,-1.8125,-1.5,-1.125,-0.5625
4/6/2024 16:45,-1.9375,-1.9375,-1.8125,-1.5,-1.125,-0.5625
4/6/2024 18:45,-1.9375,-1.9375,-1.8125,-1.4375,-1.125,-0.625
4/6/2024 20:45,-2,-2,-1.8125,-1.5,-1.125,-0.625
4/6/2024 22:45,-2,-2,-1.8125,-1.5,-1.125,-0.625
4/7/2024 0:45,-2,-2,-1.8125,-1.5,-1.125,-0.5625
4/7/2024 2:45,-2,-2,-1.8125,-1.4375,-1.125,-0.625
4/7/2024 4:45,-2,-1.9375,-1.75,-1.4375,-1.125,-0.625
4/7/2024 6:45,-2,-2,-1.8125,-1.5,-1.125,-0.625
4/7/2024 8:45,-2,-2,-1.8125,-1.4375,-1.125,-0.625
4/7/2024 10:45,-2,-2,-1.8125,-1.5,-1.125,-0.625
4/7/2024 12:45,-1.9375,-2,-1.75,-1.5,-1.125,-0.625
4/7/2024 14:45,-1.9375,-2,-1.8125,-1.5,-1.125,-0.625
4/7/2024 16:45,-1.9375,-2,-1.8125,-1.4375,-1.125,-0.625
4/7/2024 18:45,-2,-2,-1.8125,-1.5,-1.125,-0.625
4/7/2024 20:45,-2,-2,-1.8125,-1.4375,-1.125,-0.625
4/7/2024 22:45,-2,-2,-1.8125,-1.5,-1.125,-0.625
4/8/2024 0:45,-2,-2,-1.8125,-1.5,-1.125,-0.625
4/8/2024 2:45,-2,-2,-1.8125,-1.5,-1.125,-0.625
4/8/2024 4:45,-2,-2,-1.8125,-1.5,-1.125,-0.625
4/8/2024 6:45,-2,-2,-1.8125,-1.5,-1.125,-0.625
4/8/2024 8:45,-2,-2,-1.8125,-1.5,-1.125,-0.625
4/8/2024 10:45,-2,-2,-1.8125,-1.5,-1.1875,-0.625
4/8/2024 12:45,-2,-2,-1.8125,-1.5,-1.125,-0.625
4/8/2024 14:45,-2,-2.0625,-1.8125,-1.5,-1.125,-0.625
4/8/2024 16:45,-2.0625,-2,-1.8125,-1.5,-1.1875,-0.625
4/8/2024 18:45,-2,-2,-1.8125,-1.5,-1.125,-0.6875
4/8/2024 20:45,-2.0625,-2,-1.8125,-1.5,-1.1875,-0.625
4/8/2024 22:45,-2.0625,-2.0625,-1.8125,-1.5,-1.1875,-0.625
4/9/2024 0:45,-2.0625,-2.0625,-1.8125,-1.5,-1.125,-0.625
4/9/2024 2:45,-2.125,-2.0625,-1.875,-1.5,-1.1875,-0.625
4/9/2024 4:45,-2.125,-2.0625,-1.8125,-1.5,-1.125,-0.6875
4/9/2024 6:45,-2.125,-2.0625,-1.875,-1.5,-1.1875,-0.625
4/9/2024 8:45,-2.125,-2.0625,-1.875,-1.5,-1.125,-0.6875
4/9/2024 10:45,-2.125,-2.0625,-1.875,-1.5,-1.125,-0.6875
4/9/2024 12:45,-2.125,-2.0625,-1.875,-1.5,-1.1875,-0.6875
4/9/2024 14:45,-2.1875,-2.125,-1.875,-1.5,-1.1875,-0.6875
4/9/2024 16:45,-2.1875,-2.125,-1.875,-1.5625,-1.1875,-0.6875
4/9/2024 18:45,-2.1875,-2.125,-1.875,-1.5625,-1.1875,-0.6875
4/9/2024 20:45,-2.25,-2.125,-1.875,-1.5625,-1.1875,-0.6875
4/9/2024 22:45,-2.25,-2.1875,-1.9375,-1.5625,-1.1875,-0.6875
4/10/2024 0:45,-2.3125,-2.1875,-1.9375,-1.5625,-1.1875,-0.6875
4/10/2024 2:45,-2.3125,-2.1875,-1.9375,-1.5625,-1.1875,-0.6875
4/10/2024 4:45,-2.3125,-2.25,-1.9375,-1.5625,-1.1875,-0.6875
4/10/2024 6:45,-2.375,-2.25,-2,-1.625,-1.25,-0.6875
4/10/2024 8:45,-2.375,-2.25,-2,-1.625,-1.25,-0.6875
4/10/2024 10:45,-2.375,-2.25,-2,-1.625,-1.25,-0.6875
4/10/2024 12:45,-2.375,-2.25,-2,-1.625,-1.25,-0.6875
4/10/2024 14:45,-2.375,-2.25,-2,-1.625,-1.25,-0.6875
4/10/2024 16:45,-2.375,-2.3125,-2,-1.625,-1.25,-0.6875
4/10/2024 18:45,-2.375,-2.3125,-2.0625,-1.625,-1.25,-0.75
4/10/2024 20:45,-2.375,-2.3125,-2.0625,-1.6875,-1.25,-0.6875
4/10/2024 22:45,-2.4375,-2.3125,-2.0625,-1.6875,-1.25,-0.6875
4/11/2024 0:45,-2.4375,-2.3125,-2.0625,-1.6875,-1.3125,-0.75
4/11/2024 2:45,-2.4375,-2.3125,-2.0625,-1.6875,-1.25,-0.75
4/11/2024 4:45,-2.4375,-2.375,-2.0625,-1.6875,-1.3125,-0.75
4/11/2024 6:45,-2.4375,-2.375,-2.0625,-1.6875,-1.3125,-0.75
4/11/2024 8:45,-2.4375,-2.3125,-2.125,-1.75,-1.3125,-0.75
4/11/2024 10:45,-2.4375,-2.375,-2.125,-1.75,-1.3125,-0.75
4/11/2024 12:45,-2.4375,-2.375,-2.125,-1.75,-1.3125,-0.75
4/11/2024 14:45,-2.4375,-2.375,-2.125,-1.75,-1.3125,-0.75
4/11/2024 16:45,-2.4375,-2.375,-2.125,-1.75,-1.3125,-0.75
4/11/2024 18:45,-2.375,-2.375,-2.125,-1.75,-1.375,-0.75
4/11/2024 20:45,-2.375,-2.3125,-2.125,-1.75,-1.3125,-0.75
4/11/2024 22:45,-2.375,-2.375,-2.125,-1.75,-1.3125,-0.8125
4/12/2024 0:45,-2.375,-2.3125,-2.125,-1.75,-1.3125,-0.75
4/12/2024 2:45,-2.375,-2.375,-2.125,-1.75,-1.3125,-0.8125
4/12/2024 4:45,-2.375,-2.3125,-2.125,-1.75,-1.375,-0.75
4/12/2024 6:45,-2.3125,-2.3125,-2.125,-1.75,-1.375,-0.8125
4/12/2024 8:45,-2.3125,-2.3125,-2.125,-1.75,-1.375,-0.8125
4/12/2024 10:45,-2.25,-2.3125,-2.125,-1.75,-1.375,-0.8125
4/12/2024 12:45,-2.25,-2.25,-2.0625,-1.75,-1.375,-0.8125
4/12/2024 14:45,-2.25,-2.25,-2.125,-1.75,-1.375,-0.8125
4/12/2024 16:45,-2.1875,-2.25,-2.125,-1.75,-1.375,-0.8125
4/12/2024 18:45,-2.1875,-2.25,-2.0625,-1.75,-1.375,-0.8125
4/12/2024 20:45,-2.1875,-2.25,-2.0625,-1.75,-1.375,-0.8125
4/12/2024 22:45,-2.125,-2.25,-2.0625,-1.75,-1.375,-0.8125
4/13/2024 0:45,-2.125,-2.1875,-2,-1.75,-1.375,-0.8125
4/13/2024 2:45,-2.125,-2.1875,-2.0625,-1.6875,-1.375,-0.8125
4/13/2024 4:45,-2.125,-2.1875,-2,-1.75,-1.375,-0.8125
4/13/2024 6:45,-2.125,-2.1875,-2,-1.6875,-1.375,-0.8125
4/13/2024 8:45,-2.125,-2.1875,-2,-1.75,-1.375,-0.8125
4/13/2024 10:45,-2.125,-2.1875,-2,-1.6875,-1.375,-0.8125
4/13/2024 12:45,-2.125,-2.1875,-2,-1.6875,-1.375,-0.8125
4/13/2024 14:45,-2.0625,-2.125,-2,-1.6875,-1.375,-0.875
4/13/2024 16:45,-2.125,-2.125,-2,-1.6875,-1.375,-0.8125
4/13/2024 18:45,-2.125,-2.125,-2,-1.6875,-1.375,-0.8125
4/13/2024 20:45,-2.125,-2.1875,-2,-1.6875,-1.375,-0.875
4/13/2024 22:45,-2.125,-2.125,-2,-1.6875,-1.3125,-0.875
4/14/2024 0:45,-2.125,-2.1875,-2,-1.6875,-1.375,-0.875
4/14/2024 2:45,-2.1875,-2.125,-2,-1.6875,-1.3125,-0.875
4/14/2024 4:45,-2.1875,-2.1875,-2,-1.6875,-1.375,-0.875
4/14/2024 6:45,-2.1875,-2.1875,-2,-1.6875,-1.375,-0.875
4/14/2024 8:45,-2.1875,-2.1875,-2,-1.6875,-1.375,-0.875
4/14/2024 10:45,-2.1875,-2.1875,-2,-1.6875,-1.375,-0.875
4/14/2024 12:45,-2.1875,-2.1875,-2,-1.6875,-1.375,-0.875
4/14/2024 14:45,-2.1875,-2.1875,-2,-1.6875,-1.375,-0.875
4/14/2024 16:45,-2.1875,-2.1875,-2,-1.6875,-1.375,-0.875
4/14/2024 18:45,-2.1875,-2.1875,-2,-1.6875,-1.375,-0.875
4/14/2024 20:45,-2.25,-2.25,-2,-1.6875,-1.375,-0.875
4/14/2024 22:45,-2.25,-2.25,-2,-1.6875,-1.375,-0.875
4/15/2024 0:45,-2.25,-2.25,-2,-1.75,-1.375,-0.875
4/15/2024 2:45,-2.25,-2.25,-2.0625,-1.75,-1.375,-0.875
4/15/2024 4:45,-2.3125,-2.25,-2.0625,-1.75,-1.375,-0.875
4/15/2024 6:45,-2.25,-2.25,-2.0625,-1.75,-1.4375,-0.875
4/15/2024 8:45,-2.3125,-2.25,-2.0625,-1.75,-1.375,-0.875
4/15/2024 10:45,-2.3125,-2.25,-2.0625,-1.75,-1.375,-0.875
4/15/2024 12:45,-2.3125,-2.25,-2.0625,-1.75,-1.4375,-0.9375
4/15/2024 14:45,-2.3125,-2.25,-2.125,-1.75,-1.375,-0.9375
4/15/2024 16:45,-2.3125,-2.3125,-2.0625,-1.75,-1.4375,-0.9375
4/15/2024 18:45,-2.3125,-2.25,-2.0625,-1.75,-1.4375,-0.9375
4/15/2024 20:45,-2.3125,-2.3125,-2.125,-1.75,-1.4375,-0.9375
4/15/2024 22:45,-2.3125,-2.3125,-2.0625,-1.75,-1.4375,-0.9375
4/16/2024 0:45,-2.3125,-2.3125,-2.125,-1.75,-1.4375,-0.9375
4/16/2024 2:45,-2.3125,-2.3125,-2.125,-1.75,-1.4375,-0.9375
4/16/2024 4:45,-2.3125,-2.3125,-2.125,-1.8125,-1.5,-0.9375
4/16/2024 6:45,-2.3125,-2.3125,-2.125,-1.75,-1.4375,-0.9375
4/16/2024 8:45,-2.3125,-2.3125,-2.125,-1.75,-1.4375,-0.9375
4/16/2024 10:45,-2.3125,-2.3125,-2.125,-1.8125,-1.4375,-0.9375
4/16/2024 12:45,-2.25,-2.3125,-2.125,-1.8125,-1.4375,-1
4/16/2024 14:45,-2.3125,-2.3125,-2.125,-1.8125,-1.5,-0.9375
4/16/2024 16:45,-2.25,-2.3125,-2.125,-1.8125,-1.5,-0.9375
4/16/2024 18:45,-2.25,-2.3125,-2.125,-1.8125,-1.4375,-1
4/16/2024 20:45,-2.25,-2.25,-2.125,-1.8125,-1.5,-1
4/16/2024 22:45,-2.1875,-2.25,-2.125,-1.8125,-1.5,-1
4/17/2024 0:45,-2.1875,-2.25,-2.125,-1.8125,-1.5,-1
4/17/2024 2:45,-2.1875,-2.25,-2.125,-1.8125,-1.5,-1
4/17/2024 4:45,-2.1875,-2.25,-2.0625,-1.8125,-1.5,-1
4/17/2024 6:45,-2.1875,-2.25,-2.0625,-1.8125,-1.5,-1
4/17/2024 8:45,-2.125,-2.25,-2.0625,-1.8125,-1.5,-1
4/17/2024 10:45,-2.125,-2.1875,-2.0625,-1.75,-1.5,-1
4/17/2024 12:45,-2.0625,-2.1875,-2.0625,-1.8125,-1.5,-1
4/17/2024 14:45,-2.0625,-2.1875,-2.0625,-1.8125,-1.5,-1
4/17/2024 16:45,-2.0625,-2.1875,-2.0625,-1.75,-1.5,-1
4/17/2024 18:45,-2,-2.125,-2,-1.75,-1.5,-1
4/17/2024 20:45,-2,-2.125,-2,-1.75,-1.5,-1.0625
4/17/2024 22:45,-2,-2.125,-2,-1.75,-1.5,-1.0625
4/18/2024 0:45,-2,-2.125,-2,-1.75,-1.5,-1
4/18/2024 2:45,-1.9375,-2.0625,-2,-1.75,-1.5,-1.0625
4/18/2024 4:45,-1.9375,-2.0625,-2,-1.6875,-1.4375,-1.0625
4/18/2024 6:45,-1.9375,-2.0625,-1.9375,-1.6875,-1.4375,-1.0625
4/18/2024 8:45,-1.9375,-2.0625,-1.9375,-1.6875,-1.4375,-1.0625
4/18/2024 10:45,-1.875,-2.0625,-1.9375,-1.6875,-1.4375,-1.0625
4/18/2024 12:45,-1.875,-2,-1.9375,-1.6875,-1.4375,-1.0625
4/18/2024 14:45,-1.8125,-2,-1.875,-1.6875,-1.4375,-1.0625
4/18/2024 16:45,-1.8125,-2,-1.9375,-1.6875,-1.5,-1.0625
4/18/2024 18:45,-1.75,-2,-1.875,-1.6875,-1.4375,-1.0625
4/18/2024 20:45,-1.8125,-1.9375,-1.875,-1.6875,-1.4375,-1.0625
4/18/2024 22:45,-1.75,-1.9375,-1.875,-1.625,-1.4375,-1.0625
4/19/2024 0:45,-1.75,-1.875,-1.8125,-1.625,-1.4375,-1.0625
4/19/2024 2:45,-1.6875,-1.875,-1.875,-1.625,-1.4375,-1.0625
4/19/2024 4:45,-1.6875,-1.875,-1.8125,-1.625,-1.4375,-1.0625
4/19/2024 6:45,-1.625,-1.875,-1.8125,-1.625,-1.4375,-1.0625
4/19/2024 8:45,-1.625,-1.8125,-1.8125,-1.5625,-1.4375,-1.0625
4/19/2024 10:45,-1.625,-1.8125,-1.75,-1.5625,-1.4375,-1.0625
4/19/2024 12:45,-1.5625,-1.75,-1.75,-1.5625,-1.375,-1.0625
4/19/2024 14:45,-1.5,-1.75,-1.75,-1.5625,-1.4375,-1.0625
4/19/2024 16:45,-1.4375,-1.75,-1.6875,-1.5625,-1.4375,-1.0625
4/19/2024 18:45,-1.4375,-1.75,-1.6875,-1.5625,-1.375,-1.0625
4/19/2024 20:45,-1.375,-1.6875,-1.6875,-1.5,-1.375,-1.0625
4/19/2024 22:45,-1.375,-1.625,-1.625,-1.5,-1.375,-1.0625
4/20/2024 0:45,-1.375,-1.625,-1.625,-1.5,-1.375,-1.0625
4/20/2024 2:45,-1.375,-1.625,-1.625,-1.5,-1.375,-1.0625
4/20/2024 4:45,-1.3125,-1.5625,-1.625,-1.4375,-1.375,-1.0625
4/20/2024 6:45,-1.3125,-1.5625,-1.625,-1.4375,-1.375,-1.0625
4/20/2024 8:45,-1.3125,-1.5625,-1.5625,-1.4375,-1.375,-1.0625
4/20/2024 10:45,-1.25,-1.5625,-1.5625,-1.375,-1.3125,-1.0625
4/20/2024 12:45,-1.25,-1.5625,-1.5625,-1.375,-1.3125,-1.0625
4/20/2024 14:45,-1.1875,-1.5,-1.5,-1.375,-1.3125,-1.0625
4/20/2024 16:45,-1.1875,-1.5,-1.5,-1.375,-1.3125,-1.0625
4/20/2024 18:45,-1.125,-1.4375,-1.5,-1.375,-1.3125,-1.0625
4/20/2024 20:45,-1.125,-1.4375,-1.4375,-1.375,-1.3125,-1.0625
4/20/2024 22:45,-1.125,-1.4375,-1.4375,-1.3125,-1.3125,-1.0625
4/21/2024 0:45,-1.125,-1.375,-1.4375,-1.3125,-1.3125,-1.0625
4/21/2024 2:45,-1.125,-1.375,-1.375,-1.25,-1.25,-1.0625
4/21/2024 4:45,-1.125,-1.375,-1.4375,-1.25,-1.3125,-1.0625
4/21/2024 6:45,-1.125,-1.375,-1.375,-1.25,-1.25,-1.0625
4/21/2024 8:45,-1.125,-1.375,-1.375,-1.25,-1.25,-1.0625
4/21/2024 10:45,-1.125,-1.375,-1.375,-1.25,-1.25,-1
4/21/2024 12:45,-1.0625,-1.3125,-1.375,-1.25,-1.25,-1
4/21/2024 14:45,-1.0625,-1.3125,-1.375,-1.25,-1.25,-1.0625
4/21/2024 16:45,-1,-1.3125,-1.3125,-1.25,-1.25,-1.0625
4/21/2024 18:45,-1,-1.3125,-1.3125,-1.1875,-1.25,-1.0625
4/21/2024 20:45,-1,-1.3125,-1.3125,-1.1875,-1.25,-1
4/21/2024 22:45,-1,-1.25,-1.3125,-1.1875,-1.1875,-1
4/22/2024 0:45,-1,-1.25,-1.3125,-1.1875,-1.1875,-1
4/22/2024 2:45,-1,-1.25,-1.3125,-1.1875,-1.1875,-1
4/22/2024 4:45,-1,-1.25,-1.3125,-1.1875,-1.1875,-1
4/22/2024 6:45,-1,-1.25,-1.25,-1.125,-1.1875,-1
4/22/2024 8:45,-1,-1.25,-1.25,-1.125,-1.1875,-1
4/22/2024 10:45,-1,-1.25,-1.25,-1.125,-1.1875,-1
4/22/2024 12:45,-1,-1.25,-1.25,-1.125,-1.1875,-1
4/22/2024 14:45,-1,-1.25,-1.25,-1.125,-1.1875,-1
4/22/2024 16:45,-1,-1.25,-1.25,-1.125,-1.1875,-1
4/22/2024 18:45,-1,-1.25,-1.25,-1.125,-1.1875,-1
4/22/2024 20:45,-1,-1.25,-1.25,-1.125,-1.125,-1
4/22/2024 22:45,-1.0625,-1.25,-1.25,-1.125,-1.125,-1
4/23/2024 0:45,-1.0625,-1.25,-1.25,-1.125,-1.125,-1
4/23/2024 2:45,-1,-1.25,-1.25,-1.125,-1.125,-1
4/23/2024 4:45,-1.0625,-1.25,-1.25,-1.125,-1.125,-1
4/23/2024 6:45,-1,-1.25,-1.1875,-1.0625,-1.1875,-1
4/23/2024 8:45,-1.0625,-1.25,-1.25,-1.0625,-1.1875,-1
4/23/2024 10:45,-1.0625,-1.25,-1.25,-1.0625,-1.125,-1
4/23/2024 12:45,-1.0625,-1.25,-1.1875,-1.0625,-1.1875,-1
4/23/2024 14:45,-1,-1.25,-1.25,-1.0625,-1.125,-1
4/23/2024 16:45,-1,-1.25,-1.1875,-1.0625,-1.125,-1
4/23/2024 18:45,-1,-1.1875,-1.1875,-1.0625,-1.1875,-1
4/23/2024 20:45,-1,-1.1875,-1.1875,-1.0625,-1.125,-1
4/23/2024 22:45,-1,-1.1875,-1.1875,-1.0625,-1.125,-0.9375
4/24/2024 0:45,-1,-1.1875,-1.1875,-1.0625,-1.125,-1
4/24/2024 2:45,-1,-1.1875,-1.1875,-1.0625,-1.125,-1
4/24/2024 4:45,-1,-1.1875,-1.1875,-1.0625,-1.125,-1
4/24/2024 6:45,-1,-1.1875,-1.1875,-1.0625,-1.125,-1
4/24/2024 8:45,-1,-1.1875,-1.1875,-1.0625,-1.125,-1
4/24/2024 10:45,-0.9375,-1.1875,-1.1875,-1.0625,-1.125,-1
4/24/2024 12:45,-0.9375,-1.1875,-1.1875,-1.0625,-1.125,-0.9375
4/24/2024 14:45,-0.9375,-1.1875,-1.1875,-1.0625,-1.125,-1
4/24/2024 16:45,-0.9375,-1.1875,-1.1875,-1.0625,-1.125,-0.9375
4/24/2024 18:45,-0.9375,-1.1875,-1.125,-1.0625,-1.125,-0.9375
4/24/2024 20:45,-0.9375,-1.125,-1.1875,-1,-1.125,-1
4/24/2024 22:45,-0.9375,-1.125,-1.125,-1,-1.0625,-1
4/25/2024 0:45,-0.9375,-1.125,-1.125,-1,-1.0625,-0.9375
4/25/2024 2:45,-0.9375,-1.125,-1.125,-1,-1.125,-0.9375
4/25/2024 4:45,-0.9375,-1.125,-1.125,-1,-1.125,-1
4/25/2024 6:45,-0.9375,-1.125,-1.125,-1,-1.125,-0.9375
4/25/2024 8:45,-0.9375,-1.1875,-1.125,-1,-1.0625,-0.9375
4/25/2024 10:45,-0.9375,-1.125,-1.125,-1,-1.125,-1
4/25/2024 12:45,-0.9375,-1.125,-1.125,-1,-1.0625,-0.9375
4/25/2024 14:45,-0.9375,-1.125,-1.125,-1,-1.125,-0.9375
4/25/2024 16:45,-0.875,-1.125,-1.125,-1,-1.125,-0.9375
4/25/2024 18:45,-0.875,-1.125,-1.125,-1,-1.0625,-0.9375
4/25/2024 20:45,-0.875,-1.125,-1.125,-1,-1.0625,-0.9375
4/25/2024 22:45,-0.9375,-1.125,-1.125,-1,-1.0625,-0.9375
4/26/2024 0:45,-0.875,-1.125,-1.125,-1,-1.0625,-0.9375
4/26/2024 2:45,-0.875,-1.125,-1.125,-1,-1.0625,-0.9375
4/26/2024 4:45,-0.875,-1.125,-1.125,-1,-1.0625,-0.9375
4/26/2024 6:45,-0.875,-1.125,-1.125,-1,-1.0625,-1
4/26/2024 8:45,-0.875,-1.125,-1.125,-1,-1.0625,-0.9375
4/26/2024 10:45,-0.875,-1.125,-1.125,-0.9375,-1.0625,-0.9375
4/26/2024 12:45,-0.875,-1.125,-1.125,-0.9375,-1.0625,-0.9375
4/26/2024 14:45,-0.8125,-1.125,-1.125,-1,-1.0625,-0.9375
4/26/2024 16:45,-0.8125,-1.0625,-1.0625,-0.9375,-1.0625,-0.9375
4/26/2024 18:45,-0.8125,-1.0625,-1.0625,-0.9375,-1.0625,-0.9375
4/26/2024 20:45,-0.8125,-1.0625,-1.0625,-0.9375,-1.0625,-0.9375
4/26/2024 22:45,-0.8125,-1.0625,-1.0625,-0.9375,-1.0625,-0.9375
4/27/2024 0:45,-0.8125,-1.0625,-1.0625,-0.9375,-1.0625,-0.9375
4/27/2024 2:45,-0.875,-1.0625,-1.0625,-0.9375,-1.0625,-0.9375
4/27/2024 4:45,-0.8125,-1.0625,-1.0625,-0.9375,-1.0625,-0.9375
4/27/2024 6:45,-0.8125,-1.0625,-1.0625,-0.9375,-1.0625,-0.9375
4/27/2024 8:45,-0.8125,-1.0625,-1.0625,-0.9375,-1.0625,-0.9375
4/27/2024 10:45,-0.8125,-1.0625,-1.0625,-0.9375,-1.0625,-0.9375
4/27/2024 12:45,-0.8125,-1.0625,-1.0625,-0.9375,-1.0625,-0.9375
4/27/2024 14:45,-0.8125,-1.0625,-1.0625,-0.9375,-1.0625,-0.9375
4/27/2024 16:45,-0.8125,-1.0625,-1.0625,-0.9375,-1.0625,-0.9375
4/27/2024 18:45,-0.8125,-1.0625,-1,-0.9375,-1.0625,-0.9375
4/27/2024 20:45,-0.8125,-1.0625,-1.0625,-0.875,-1.0625,-0.9375
4/27/2024 22:45,-0.8125,-1,-1,-0.9375,-1.0625,-0.9375
4/28/2024 0:45,-0.875,-1.0625,-1.0625,-0.9375,-1,-0.9375
4/28/2024 2:45,-0.875,-1.0625,-1.0625,-0.9375,-1.0625,-0.9375
4/28/2024 4:45,-0.875,-1.0625,-1.0625,-0.9375,-1.0625,-0.9375
4/28/2024 6:45,-0.875,-1.0625,-1.0625,-0.9375,-1,-0.9375
4/28/2024 8:45,-0.875,-1.0625,-1.0625,-0.9375,-1,-0.9375
4/28/2024 10:45,-0.875,-1.0625,-1.0625,-0.9375,-1,-0.9375
4/28/2024 12:45,-0.9375,-1.0625,-1.0625,-0.9375,-1,-0.9375
4/28/2024 14:45,-0.9375,-1.125,-1.0625,-0.9375,-1,-0.9375
4/28/2024 16:45,-0.9375,-1.0625,-1.0625,-0.9375,-1.0625,-0.9375
4/28/2024 18:45,-0.9375,-1.125,-1.0625,-0.9375,-1,-0.9375
4/28/2024 20:45,-0.9375,-1.125,-1.0625,-0.9375,-1,-0.9375
4/28/2024 22:45,-1,-1.125,-1.0625,-0.9375,-1.0625,-0.9375
4/29/2024 0:45,-1,-1.125,-1.0625,-0.9375,-1,-0.9375
4/29/2024 2:45,-1.0625,-1.125,-1.0625,-0.9375,-1,-0.9375
4/29/2024 4:45,-1.0625,-1.125,-1.125,-0.9375,-1.0625,-0.875
4/29/2024 6:45,-1.0625,-1.1875,-1.125,-0.9375,-1.0625,-0.9375
4/29/2024 8:45,-1.0625,-1.1875,-1.125,-0.9375,-1.0625,-0.9375
4/29/2024 10:45,-1.0625,-1.1875,-1.125,-0.9375,-1.0625,-0.9375
4/29/2024 12:45,-1.0625,-1.1875,-1.125,-0.9375,-1.0625,-0.9375
4/29/2024 14:45,-1.125,-1.1875,-1.125,-0.9375,-1.0625,-0.9375
4/29/2024 16:45,-1.125,-1.25,-1.125,-1,-1.0625,-0.9375
4/29/2024 18:45,-1.125,-1.25,-1.1875,-1,-1.0625,-0.9375
4/29/2024 20:45,-1.125,-1.25,-1.1875,-1,-1.0625,-0.9375
4/29/2024 22:45,-1.1875,-1.25,-1.1875,-1,-1.0625,-0.9375
4/30/2024 0:45,-1.1875,-1.25,-1.1875,-1,-1.0625,-0.9375
4/30/2024 2:45,-1.25,-1.3125,-1.1875,-1,-1.0625,-0.9375
4/30/2024 4:45,-1.25,-1.3125,-1.1875,-1,-1.0625,-0.9375
4/30/2024 6:45,-1.25,-1.3125,-1.1875,-1,-1.0625,-0.9375
4/30/2024 8:45,-1.25,-1.3125,-1.25,-1,-1.0625,-0.9375
4/30/2024 10:45,-1.3125,-1.375,-1.25,-1.0625,-1.0625,-0.9375
4/30/2024 12:45,-1.3125,-1.375,-1.25,-1.0625,-1.0625,-0.9375
4/30/2024 14:45,-1.3125,-1.375,-1.25,-1.0625,-1.0625,-0.9375
4/30/2024 16:45,-1.3125,-1.375,-1.25,-1.125,-1.125,-0.9375
4/30/2024 18:45,-1.3125,-1.375,-1.3125,-1.0625,-1.125,-0.9375
4/30/2024 20:45,-1.375,-1.4375,-1.25,-1.0625,-1.125,-0.9375
4/30/2024 22:45,-1.375,-1.4375,-1.3125,-1.0625,-1.125,-1
5/1/2024 0:45,-1.4375,-1.4375,-1.3125,-1.125,-1.125,-0.9375
5/1/2024 2:45,-1.4375,-1.5,-1.3125,-1.125,-1.125,-0.9375
5/1/2024 4:45,-1.4375,-1.5,-1.3125,-1.125,-1.125,-0.9375
5/1/2024 6:45,-1.5,-1.5,-1.3125,-1.125,-1.125,-0.9375
5/1/2024 8:45,-1.5,-1.5,-1.375,-1.125,-1.1875,-1
5/1/2024 10:45,-1.5625,-1.5,-1.375,-1.125,-1.1875,-1
5/1/2024 12:45,-1.5625,-1.5625,-1.375,-1.125,-1.1875,-1
5/1/2024 14:45,-1.5625,-1.5625,-1.375,-1.1875,-1.1875,-1
5/1/2024 16:45,-1.5625,-1.5625,-1.4375,-1.1875,-1.1875,-1
5/1/2024 18:45,-1.625,-1.625,-1.4375,-1.1875,-1.1875,-1
5/1/2024 20:45,-1.625,-1.625,-1.4375,-1.1875,-1.1875,-1
5/1/2024 22:45,-1.6875,-1.625,-1.5,-1.1875,-1.1875,-1
5/2/2024 0:45,-1.6875,-1.625,-1.5,-1.25,-1.25,-1
5/2/2024 2:45,-1.6875,-1.6875,-1.5,-1.25,-1.25,-1
5/2/2024 4:45,-1.6875,-1.6875,-1.5,-1.25,-1.25,-1
5/2/2024 6:45,-1.6875,-1.6875,-1.5,-1.25,-1.25,-1
5/2/2024 8:45,-1.75,-1.6875,-1.5625,-1.25,-1.25,-1
5/2/2024 10:45,-1.75,-1.75,-1.5625,-1.3125,-1.25,-1
5/2/2024 12:45,-1.75,-1.75,-1.5625,-1.3125,-1.3125,-1
5/2/2024 14:45,-1.75,-1.75,-1.5625,-1.3125,-1.25,-1
5/2/2024 16:45,-1.75,-1.8125,-1.625,-1.3125,-1.25,-1.0625
5/2/2024 18:45,-1.8125,-1.75,-1.625,-1.3125,-1.25,-1.0625
5/2/2024 20:45,-1.8125,-1.8125,-1.625,-1.375,-1.25,-1.0625
5/2/2024 22:45,-1.8125,-1.8125,-1.625,-1.375,-1.3125,-1
5/3/2024 0:45,-1.875,-1.8125,-1.625,-1.375,-1.3125,-1.0625
5/3/2024 2:45,-1.875,-1.8125,-1.625,-1.375,-1.3125,-1.0625
5/3/2024 4:45,-1.875,-1.8125,-1.6875,-1.4375,-1.3125,-1.0625
5/3/2024 6:45,-1.875,-1.875,-1.6875,-1.375,-1.3125,-1.0625
5/3/2024 8:45,-1.875,-1.875,-1.6875,-1.4375,-1.3125,-1.0625
5/3/2024 10:45,-1.875,-1.875,-1.6875,-1.4375,-1.375,-1.0625
5/3/2024 12:45,-1.9375,-1.875,-1.6875,-1.4375,-1.375,-1.0625
5/3/2024 14:45,-1.9375,-1.875,-1.6875,-1.4375,-1.375,-1.0625
5/3/2024 16:45,-1.9375,-1.9375,-1.6875,-1.4375,-1.375,-1.0625
5/3/2024 18:45,-1.9375,-1.9375,-1.75,-1.5,-1.375,-1.125
5/3/2024 20:45,-1.9375,-1.9375,-1.75,-1.5,-1.375,-1.125
5/3/2024 22:45,-1.9375,-1.9375,-1.75,-1.5,-1.375,-1.125
5/4/2024 0:45,-2,-1.9375,-1.75,-1.5,-1.375,-1.125
5/4/2024 2:45,-2,-1.9375,-1.8125,-1.5,-1.375,-1.125
5/4/2024 4:45,-2,-2,-1.8125,-1.5625,-1.4375,-1.125
5/4/2024 6:45,-2,-2,-1.8125,-1.5,-1.4375,-1.125
5/4/2024 8:45,-2,-2,-1.8125,-1.5625,-1.4375,-1.125
5/4/2024 10:45,-2.0625,-2,-1.8125,-1.5625,-1.4375,-1.125
5/4/2024 12:45,-2,-2,-1.8125,-1.5625,-1.4375,-1.125
5/4/2024 14:45,-2.0625,-2.0625,-1.875,-1.5625,-1.4375,-1.125
5/4/2024 16:45,-2.0625,-2.0625,-1.875,-1.5625,-1.4375,-1.125
5/4/2024 18:45,-2.0625,-2,-1.875,-1.625,-1.5,-1.125
5/4/2024 20:45,-2.125,-2.0625,-1.875,-1.625,-1.4375,-1.1875
5/4/2024 22:45,-2.125,-2.0625,-1.875,-1.625,-1.5,-1.1875
5/5/2024 0:45,-2.125,-2.0625,-1.875,-1.625,-1.4375,-1.1875
5/5/2024 2:45,-2.125,-2.0625,-1.9375,-1.625,-1.5,-1.1875
5/5/2024 4:45,-2.125,-2.125,-1.9375,-1.625,-1.5,-1.1875
5/5/2024 6:45,-2.125,-2.125,-1.9375,-1.625,-1.5,-1.1875
5/5/2024 8:45,-2.1875,-2.125,-1.9375,-1.625,-1.5,-1.1875
5/5/2024 10:45,-2.1875,-2.125,-1.9375,-1.6875,-1.5,-1.1875
5/5/2024 12:45,-2.1875,-2.125,-2,-1.6875,-1.5,-1.1875
5/5/2024 14:45,-2.125,-2.125,-2,-1.6875,-1.5625,-1.25
5/5/2024 16:45,-2.125,-2.125,-1.9375,-1.6875,-1.5,-1.1875
5/5/2024 18:45,-2.1875,-2.1875,-2,-1.6875,-1.5625,-1.25
5/5/2024 20:45,-2.1875,-2.1875,-2,-1.6875,-1.5625,-1.1875
5/5/2024 22:45,-2.1875,-2.1875,-2,-1.75,-1.5625,-1.25
5/6/2024 0:45,-2.1875,-2.1875,-2,-1.6875,-1.5625,-1.25
5/6/2024 2:45,-2.25,-2.25,-2.0625,-1.8125,-1.625,-1.3125
5/6/2024 4:45,-2.25,-2.25,-2.0625,-1.8125,-1.625,-1.3125
5/6/2024 6:45,-2.25,-2.25,-2.0625,-1.8125,-1.625,-1.3125
5/6/2024 8:45,-2.25,-2.25,-2.0625,-1.75,-1.625,-1.3125
5/6/2024 10:45,-2.25,-2.25,-2.0625,-1.8125,-1.625,-1.3125
5/6/2024 12:45,-2.25,-2.25,-2.0625,-1.8125,-1.6875,-1.3125
5/6/2024 14:45,-2.25,-2.25,-2.0625,-1.8125,-1.6875,-1.3125
5/6/2024 16:45,-2.25,-2.25,-2.0625,-1.8125,-1.6875,-1.3125
5/6/2024 18:45,-2.25,-2.3125,-2.0625,-1.8125,-1.625,-1.375
5/6/2024 20:45,-2.25,-2.25,-2.125,-1.8125,-1.6875,-1.375
5/6/2024 22:45,-2.25,-2.25,-2.0625,-1.8125,-1.6875,-1.375
5/7/2024 0:45,-2.25,-2.25,-2.125,-1.875,-1.6875,-1.375
5/7/2024 2:45,-2.25,-2.25,-2.0625,-1.8125,-1.625,-1.375
5/7/2024 4:45,-2.25,-2.3125,-2.125,-1.8125,-1.6875,-1.375
5/7/2024 6:45,-2.25,-2.25,-2.125,-1.875,-1.6875,-1.375
5/7/2024 8:45,-2.25,-2.25,-2.125,-1.8125,-1.6875,-1.375
5/7/2024 10:45,-2.25,-2.25,-2.0625,-1.875,-1.6875,-1.375
5/7/2024 12:45,-2.1875,-2.25,-2.125,-1.875,-1.6875,-1.375
5/7/2024 14:45,-2.1875,-2.25,-2.125,-1.875,-1.6875,-1.375
5/7/2024 16:45,-2.1875,-2.25,-2.125,-1.875,-1.6875,-1.375
5/7/2024 18:45,-2.1875,-2.25,-2.0625,-1.875,-1.6875,-1.375
5/7/2024 20:45,-2.1875,-2.25,-2.125,-1.875,-1.6875,-1.375
5/7/2024 22:45,-2.1875,-2.25,-2.0625,-1.875,-1.6875,-1.375
5/8/2024 0:45,-2.1875,-2.25,-2.0625,-1.8125,-1.75,-1.4375
5/8/2024 2:45,-2.125,-2.25,-2.125,-1.8125,-1.6875,-1.4375
5/8/2024 4:45,-2.1875,-2.25,-2.125,-1.875,-1.6875,-1.4375
5/8/2024 6:45,-2.125,-2.25,-2.0625,-1.875,-1.75,-1.4375
5/8/2024 8:45,-2.125,-2.1875,-2.0625,-1.875,-1.6875,-1.4375
5/8/2024 10:45,-2.0625,-2.1875,-2.0625,-1.875,-1.75,-1.4375
5/8/2024 12:45,-2.0625,-2.1875,-2.0625,-1.875,-1.6875,-1.4375
5/8/2024 14:45,-2.0625,-2.125,-2.0625,-1.875,-1.75,-1.4375
5/8/2024 16:45,-2,-2.125,-2,-1.8125,-1.75,-1.4375
5/8/2024 18:45,-1.9375,-2.125,-2.0625,-1.8125,-1.6875,-1.4375
5/8/2024 20:45,-2,-2.125,-2.0625,-1.8125,-1.75,-1.4375
5/8/2024 22:45,-2,-2.125,-2,-1.8125,-1.6875,-1.4375
5/9/2024 0:45,-1.9375,-2.0625,-2,-1.8125,-1.6875,-1.4375
5/9/2024 2:45,-1.9375,-2.0625,-2,-1.75,-1.75,-1.4375
5/9/2024 4:45,-1.9375,-2.0625,-2,-1.8125,-1.6875,-1.4375
5/9/2024 6:45,-1.875,-2.0625,-2,-1.75,-1.6875,-1.4375
5/9/2024 8:45,-1.875,-2.0625,-2,-1.75,-1.6875,-1.4375
5/9/2024 10:45,-1.875,-2,-1.9375,-1.75,-1.6875,-1.4375
5/9/2024 12:45,-1.875,-2,-1.9375,-1.75,-1.6875,-1.4375
5/9/2024 14:45,-1.8125,-2,-1.9375,-1.75,-1.6875,-1.4375
5/9/2024 16:45,-1.75,-2,-1.9375,-1.75,-1.6875,-1.4375
5/9/2024 18:45,-1.75,-1.9375,-1.9375,-1.75,-1.6875,-1.4375
5/9/2024 20:45,-1.625,-1.875,-1.875,-1.75,-1.6875,-1.4375
5/9/2024 22:45,-1.5625,-1.75,-1.8125,-1.6875,-1.6875,-1.4375
5/10/2024 0:45,-1.5,-1.75,-1.8125,-1.6875,-1.6875,-1.4375
5/10/2024 2:45,-1.5,-1.75,-1.75,-1.6875,-1.625,-1.4375
5/10/2024 4:45,-1.5,-1.75,-1.75,-1.625,-1.625,-1.4375
5/10/2024 6:45,-1.5,-1.75,-1.75,-1.625,-1.625,-1.4375
5/10/2024 8:45,-1.4375,-1.75,-1.75,-1.625,-1.625,-1.4375
5/10/2024 10:45,-1.4375,-1.6875,-1.6875,-1.625,-1.625,-1.4375
5/10/2024 12:45,-1.4375,-1.6875,-1.6875,-1.5625,-1.625,-1.4375
5/10/2024 14:45,-1.375,-1.6875,-1.6875,-1.5625,-1.625,-1.4375
5/10/2024 16:45,-1.375,-1.625,-1.6875,-1.5625,-1.625,-1.4375
5/10/2024 18:45,-1.3125,-1.625,-1.625,-1.5625,-1.5625,-1.4375
5/10/2024 20:45,-1.375,-1.625,-1.625,-1.5625,-1.5625,-1.375
5/10/2024 22:45,-1.375,-1.625,-1.625,-1.5,-1.5625,-1.375
5/11/2024 0:45,-1.375,-1.625,-1.625,-1.5,-1.5625,-1.375
5/11/2024 2:45,-1.375,-1.625,-1.625,-1.5,-1.5625,-1.4375
5/11/2024 4:45,-1.375,-1.5625,-1.625,-1.5,-1.5625,-1.375
5/11/2024 6:45,-1.375,-1.5625,-1.5625,-1.5,-1.5625,-1.375
5/11/2024 8:45,-1.3125,-1.5625,-1.5625,-1.5,-1.5625,-1.375
5/11/2024 10:45,-1.3125,-1.5625,-1.5625,-1.4375,-1.5625,-1.375
5/11/2024 12:45,-1.3125,-1.5625,-1.5625,-1.4375,-1.5,-1.375
5/11/2024 14:45,-1.3125,-1.5,-1.5625,-1.4375,-1.5,-1.375
5/11/2024 16:45,-1.25,-1.5,-1.5625,-1.4375,-1.5,-1.375
5/11/2024 18:45,-1.1875,-1.5,-1.5,-1.4375,-1.5,-1.375
5/11/2024 20:45,-1.1875,-1.4375,-1.5,-1.4375,-1.5,-1.375
5/11/2024 22:45,-1.25,-1.5,-1.5,-1.375,-1.5,-1.375
5/12/2024 0:45,-1.25,-1.5,-1.5,-1.375,-1.5,-1.375
5/12/2024 2:45,-1.25,-1.4375,-1.5,-1.375,-1.5,-1.375
5/12/2024 4:45,-1.1875,-1.5,-1.5,-1.375,-1.5,-1.375
5/12/2024 6:45,-1.1875,-1.4375,-1.5,-1.375,-1.4375,-1.375
5/12/2024 8:45,-1.1875,-1.4375,-1.4375,-1.375,-1.4375,-1.375
5/12/2024 10:45,-1.1875,-1.4375,-1.4375,-1.3125,-1.4375,-1.375
5/12/2024 12:45,-1.125,-1.4375,-1.4375,-1.375,-1.4375,-1.375
5/12/2024 14:45,-1.125,-1.375,-1.4375,-1.3125,-1.4375,-1.3125
5/12/2024 16:45,-1.125,-1.375,-1.4375,-1.375,-1.4375,-1.3125
5/12/2024 18:45,-1.0625,-1.375,-1.375,-1.3125,-1.4375,-1.375
5/12/2024 20:45,-1.0625,-1.375,-1.375,-1.3125,-1.4375,-1.3125
5/12/2024 22:45,-1.125,-1.375,-1.375,-1.3125,-1.4375,-1.3125
5/13/2024 0:45,-1.0625,-1.375,-1.375,-1.3125,-1.375,-1.3125
5/13/2024 2:45,-1.125,-1.3125,-1.375,-1.3125,-1.375,-1.3125
5/13/2024 4:45,-1.0625,-1.375,-1.375,-1.25,-1.4375,-1.3125
5/13/2024 6:45,-1.125,-1.375,-1.3125,-1.25,-1.375,-1.3125
5/13/2024 8:45,-1.125,-1.3125,-1.375,-1.25,-1.375,-1.3125
5/13/2024 10:45,-1.0625,-1.3125,-1.3125,-1.25,-1.375,-1.3125
5/13/2024 12:45,-1.0625,-1.3125,-1.375,-1.25,-1.375,-1.3125
5/13/2024 14:45,-1,-1.3125,-1.3125,-1.25,-1.375,-1.3125
5/13/2024 16:45,-1,-1.25,-1.3125,-1.25,-1.375,-1.3125
5/13/2024 18:45,-1,-1.25,-1.3125,-1.25,-1.375,-1.3125
5/13/2024 20:45,-0.9375,-1.25,-1.3125,-1.1875,-1.375,-1.25
5/13/2024 22:45,-1,-1.25,-1.3125,-1.1875,-1.375,-1.25
5/14/2024 0:45,-0.9375,-1.25,-1.25,-1.1875,-1.375,-1.3125
5/14/2024 2:45,-1,-1.25,-1.25,-1.1875,-1.3125,-1.3125
5/14/2024 4:45,-1,-1.25,-1.25,-1.1875,-1.3125,-1.3125
5/14/2024 6:45,-1,-1.25,-1.25,-1.1875,-1.3125,-1.25
5/14/2024 8:45,-1,-1.25,-1.25,-1.1875,-1.3125,-1.25
5/14/2024 10:45,-0.9375,-1.25,-1.25,-1.1875,-1.3125,-1.25
5/14/2024 12:45,-0.9375,-1.1875,-1.25,-1.1875,-1.3125,-1.25
5/14/2024 14:45,-0.875,-1.1875,-1.25,-1.125,-1.3125,-1.25
5/14/2024 16:45,-0.875,-1.1875,-1.25,-1.125,-1.3125,-1.25
5/14/2024 18:45,-0.8125,-1.125,-1.1875,-1.125,-1.3125,-1.25
5/14/2024 20:45,-0.75,-1.125,-1.1875,-1.125,-1.3125,-1.25
5/14/2024 22:45,-0.8125,-1.0625,-1.1875,-1.125,-1.3125,-1.25
5/15/2024 0:45,-0.75,-1.0625,-1.125,-1.125,-1.25,-1.25
5/15/2024 2:45,-0.75,-1.0625,-1.125,-1.0625,-1.25,-1.25
5/15/2024 4:45,-0.75,-1.0625,-1.125,-1.0625,-1.25,-1.25
5/15/2024 6:45,-0.75,-1.0625,-1.125,-1.0625,-1.25,-1.25
5/15/2024 8:45,-0.75,-1.0625,-1.0625,-1.0625,-1.25,-1.25
5/15/2024 10:45,-0.75,-1.0625,-1.125,-1.0625,-1.25,-1.25
5/15/2024 12:45,-0.6875,-1.0625,-1.125,-1.0625,-1.25,-1.25
5/15/2024 14:45,-0.6875,-1,-1.125,-1.0625,-1.25,-1.1875
5/15/2024 16:45,-0.625,-1,-1.0625,-1.0625,-1.25,-1.1875
5/15/2024 18:45,-0.1875,-0.8125,-1,-1,-1.25,-1.1875
5/15/2024 20:45,-0.125,-0.6875,-1,-1,-1.25,-1.1875
5/15/2024 22:45,-0.0625,-0.625,-0.9375,-1,-1.1875,-1.1875
5/16/2024 0:45,-0.0625,-0.5625,-0.875,-0.9375,-1.1875,-1.1875
5/16/2024 2:45,-0.0625,-0.5625,-0.875,-0.9375,-1.1875,-1.1875
5/16/2024 4:45,-0.0625,-0.5,-0.8125,-0.875,-1.1875,-1.1875
5/16/2024 6:45,-0.0625,-0.5625,-0.8125,-0.875,-1.125,-1.1875
5/16/2024 8:45,-0.125,-0.5,-0.75,-0.8125,-1.125,-1.1875
5/16/2024 10:45,-0.0625,-0.5,-0.75,-0.8125,-1.125,-1.1875
5/16/2024 12:45,-0.0625,-0.5,-0.6875,-0.8125,-1.125,-1.125
5/16/2024 14:45,0,-0.4375,-0.6875,-0.8125,-1.0625,-1.125
5/16/2024 16:45,0,-0.375,-0.6875,-0.75,-1.0625,-1.125
5/16/2024 18:45,0,-0.3125,-0.625,-0.75,-1.0625,-1.125
5/16/2024 20:45,0,-0.3125,-0.625,-0.75,-1.0625,-1.125
5/16/2024 22:45,0,-0.3125,-0.5625,-0.6875,-1,-1.125
5/17/2024 0:45,0.0625,-0.3125,-0.5625,-0.6875,-1,-1.125
5/17/2024 2:45,0,-0.3125,-0.5625,-0.625,-1,-1.0625
5/17/2024 4:45,0,-0.3125,-0.5625,-0.625,-1,-1.0625
5/17/2024 6:45,0,-0.3125,-0.5,-0.625,-1,-1.0625
5/17/2024 8:45,0.0625,-0.25,-0.5,-0.625,-0.9375,-1.0625
5/17/2024 10:45,0.0625,-0.3125,-0.5,-0.625,-0.9375,-1.0625
5/17/2024 12:45,0,-0.3125,-0.5,-0.625,-0.9375,-1.0625
5/17/2024 14:45,0,-0.3125,-0.5,-0.5625,-0.9375,-1.0625
5/17/2024 16:45,0.0625,-0.3125,-0.5,-0.5625,-0.9375,-1.0625
5/17/2024 18:45,0.0625,-0.3125,-0.4375,-0.5625,-0.9375,-1
5/17/2024 20:45,0.0625,-0.3125,-0.5,-0.5625,-0.9375,-1
5/17/2024 22:45,0.0625,-0.3125,-0.4375,-0.5625,-0.9375,-1.0625
5/18/2024 0:45,0.0625,-0.3125,-0.5,-0.5625,-0.9375,-1
5/18/2024 2:45,0.0625,-0.3125,-0.4375,-0.5,-0.875,-1
5/18/2024 4:45,0.0625,-0.3125,-0.4375,-0.5,-0.875,-1
5/18/2024 6:45,0.0625,-0.3125,-0.4375,-0.5,-0.875,-1
5/18/2024 8:45,0.0625,-0.25,-0.4375,-0.5,-0.875,-1
5/18/2024 10:45,0.0625,-0.25,-0.4375,-0.5,-0.875,-0.9375
5/18/2024 12:45,0.0625,-0.25,-0.4375,-0.5,-0.875,-1
5/18/2024 14:45,0.0625,-0.25,-0.4375,-0.5,-0.875,-1
5/18/2024 16:45,0.0625,-0.3125,-0.4375,-0.5,-0.875,-0.9375
5/18/2024 18:45,0.0625,-0.25,-0.4375,-0.5,-0.8125,-0.9375
5/18/2024 20:45,0.0625,-0.25,-0.4375,-0.5,-0.875,-0.9375
5/18/2024 22:45,0,-0.25,-0.4375,-0.4375,-0.8125,-0.9375
5/19/2024 0:45,0.0625,-0.25,-0.4375,-0.4375,-0.8125,-0.9375
5/19/2024 2:45,0.0625,-0.25,-0.4375,-0.5,-0.8125,-0.9375
5/19/2024 4:45,0.0625,-0.25,-0.4375,-0.4375,-0.8125,-0.9375
5/19/2024 6:45,0.0625,-0.25,-0.4375,-0.4375,-0.8125,-0.9375
5/19/2024 8:45,0,-0.25,-0.375,-0.4375,-0.8125,-0.9375
5/19/2024 10:45,0.0625,-0.25,-0.375,-0.4375,-0.8125,-0.9375
5/19/2024 12:45,0.0625,-0.25,-0.375,-0.4375,-0.8125,-0.875
5/19/2024 14:45,0.0625,-0.3125,-0.375,-0.4375,-0.8125,-0.9375
5/19/2024 16:45,0.0625,-0.25,-0.375,-0.4375,-0.8125,-0.875
5/19/2024 18:45,0,-0.25,-0.375,-0.4375,-0.75,-0.9375
5/19/2024 20:45,0.0625,-0.25,-0.375,-0.4375,-0.75,-0.9375
5/19/2024 22:45,0.0625,-0.25,-0.375,-0.4375,-0.75,-0.875
5/20/2024 0:45,0.0625,-0.25,-0.4375,-0.4375,-0.75,-0.875
5/20/2024 2:45,0.0625,-0.25,-0.375,-0.4375,-0.8125,-0.875
5/20/2024 4:45,0,-0.25,-0.375,-0.4375,-0.75,-0.875
5/20/2024 6:45,0.0625,-0.25,-0.375,-0.4375,-0.75,-0.875
5/20/2024 8:45,0,-0.25,-0.375,-0.4375,-0.75,-0.875
5/20/2024 10:45,0.0625,-0.25,-0.375,-0.375,-0.75,-0.875
5/20/2024 12:45,0,-0.25,-0.375,-0.375,-0.75,-0.875
5/20/2024 14:45,0,-0.25,-0.375,-0.375,-0.75,-0.875
5/20/2024 16:45,0.0625,-0.25,-0.375,-0.375,-0.75,-0.875
5/20/2024 18:45,0.0625,-0.25,-0.375,-0.4375,-0.75,-0.875
5/20/2024 20:45,0.0625,-0.25,-0.375,-0.375,-0.6875,-0.875
5/20/2024 22:45,0,-0.25,-0.375,-0.375,-0.75,-0.875
5/21/2024 0:45,0,-0.25,-0.375,-0.375,-0.6875,-0.875
5/21/2024 2:45,0.0625,-0.25,-0.375,-0.375,-0.75,-0.875
5/21/2024 4:45,0.0625,-0.25,-0.375,-0.375,-0.75,-0.8125
5/21/2024 6:45,0.0625,-0.25,-0.3125,-0.375,-0.6875,-0.8125
5/21/2024 8:45,0.0625,-0.25,-0.375,-0.375,-0.6875,-0.8125
5/21/2024 10:45,0.0625,-0.25,-0.375,-0.375,-0.75,-0.8125
5/21/2024 12:45,0.0625,-0.25,-0.375,-0.375,-0.6875,-0.8125
5/21/2024 14:45,0.0625,-0.25,-0.3125,-0.375,-0.6875,-0.8125
5/21/2024 16:45,0.0625,-0.25,-0.3125,-0.375,-0.6875,-0.8125
5/21/2024 18:45,0.0625,-0.25,-0.3125,-0.375,-0.6875,-0.8125
5/21/2024 20:45,0.0625,-0.25,-0.3125,-0.375,-0.6875,-0.8125
5/21/2024 22:45,0.0625,-0.25,-0.3125,-0.3125,-0.6875,-0.8125
5/22/2024 0:45,0.0625,-0.25,-0.3125,-0.375,-0.6875,-0.8125
5/22/2024 2:45,0.0625,-0.1875,-0.3125,-0.375,-0.6875,-0.8125
5/22/2024 4:45,0,-0.25,-0.3125,-0.3125,-0.6875,-0.8125
5/22/2024 6:45,0.0625,-0.25,-0.3125,-0.375,-0.6875,-0.8125
5/22/2024 8:45,0.0625,-0.1875,-0.3125,-0.3125,-0.6875,-0.8125
5/22/2024 10:45,0.0625,-0.25,-0.3125,-0.375,-0.6875,-0.8125
5/22/2024 12:45,0.0625,-0.25,-0.3125,-0.375,-0.6875,-0.75
5/22/2024 14:45,0.0625,-0.25,-0.3125,-0.3125,-0.6875,-0.8125
5/22/2024 16:45,0.125,-0.25,-0.3125,-0.3125,-0.6875,-0.8125
5/22/2024 18:45,0.125,-0.1875,-0.3125,-0.3125,-0.6875,-0.8125
5/22/2024 20:45,0.125,-0.1875,-0.3125,-0.3125,-0.6875,-0.8125
5/22/2024 22:45,0,-0.25,-0.3125,-0.3125,-0.6875,-0.8125
5/23/2024 0:45,0,-0.25,-0.3125,-0.3125,-0.6875,-0.8125
5/23/2024 2:45,-0.0625,-0.25,-0.3125,-0.3125,-0.625,-0.75
5/23/2024 4:45,0,-0.25,-0.3125,-0.3125,-0.6875,-0.75
5/23/2024 6:45,0.0625,-0.25,-0.3125,-0.3125,-0.625,-0.75
5/23/2024 8:45,0.125,-0.1875,-0.3125,-0.3125,-0.625,-0.75
5/23/2024 10:45,0.4375,-0.1875,-0.3125,-0.3125,-0.625,-0.75
5/23/2024 12:45,0.6875,-0.1875,-0.3125,-0.3125,-0.625,-0.75
5/23/2024 14:45,0.625,-0.1875,-0.3125,-0.3125,-0.625,-0.75
5/23/2024 16:45,0.8125,-0.1875,-0.3125,-0.3125,-0.625,-0.75
5/23/2024 18:45,0.3125,-0.1875,-0.3125,-0.3125,-0.625,-0.75
5/23/2024 20:45,0.0625,-0.1875,-0.3125,-0.3125,-0.625,-0.75
5/23/2024 22:45,-0.0625,-0.25,-0.3125,-0.3125,-0.625,-0.75
5/24/2024 0:45,-0.125,-0.25,-0.3125,-0.3125,-0.625,-0.75
5/24/2024 2:45,-0.125,-0.1875,-0.3125,-0.3125,-0.625,-0.75
5/24/2024 4:45,-0.125,-0.1875,-0.3125,-0.3125,-0.625,-0.75
5/24/2024 6:45,-0.125,-0.1875,-0.3125,-0.3125,-0.625,-0.75
5/24/2024 8:45,0,-0.1875,-0.3125,-0.3125,-0.625,-0.75
5/24/2024 10:45,0.25,-0.1875,-0.3125,-0.3125,-0.6875,-0.75
5/24/2024 12:45,0.3125,-0.1875,-0.3125,-0.3125,-0.625,-0.75
5/24/2024 14:45,0.375,-0.1875,-0.3125,-0.3125,-0.625,-0.75
5/24/2024 16:45,0.3125,-0.1875,-0.3125,-0.3125,-0.625,-0.75
5/24/2024 18:45,0.125,-0.1875,-0.3125,-0.3125,-0.625,-0.75
5/24/2024 20:45,-0.0625,-0.25,-0.3125,-0.3125,-0.625,-0.6875
5/24/2024 22:45,-0.125,-0.1875,-0.3125,-0.3125,-0.625,-0.75
5/25/2024 0:45,-0.125,-0.1875,-0.25,-0.25,-0.625,-0.75
5/25/2024 2:45,-0.125,-0.1875,-0.3125,-0.3125,-0.625,-0.75
5/25/2024 4:45,-0.0625,-0.1875,-0.3125,-0.3125,-0.625,-0.6875
5/25/2024 6:45,0,-0.1875,-0.3125,-0.3125,-0.625,-0.75
5/25/2024 8:45,0.0625,-0.1875,-0.3125,-0.3125,-0.625,-0.6875
5/25/2024 10:45,0.125,-0.1875,-0.3125,-0.3125,-0.625,-0.75
5/25/2024 12:45,0.1875,-0.1875,-0.3125,-0.3125,-0.625,-0.6875
5/25/2024 14:45,0.1875,-0.1875,-0.25,-0.3125,-0.625,-0.6875
5/25/2024 16:45,0.125,-0.1875,-0.3125,-0.3125,-0.625,-0.6875
5/25/2024 18:45,0,-0.1875,-0.25,-0.3125,-0.625,-0.6875
5/25/2024 20:45,0.0625,-0.1875,-0.25,-0.3125,-0.625,-0.6875
5/25/2024 22:45,0,-0.25,-0.25,-0.3125,-0.625,-0.6875
5/26/2024 0:45,0,-0.1875,-0.25,-0.25,-0.5625,-0.75
5/26/2024 2:45,0,-0.1875,-0.25,-0.25,-0.5625,-0.75
5/26/2024 4:45,0,-0.1875,-0.3125,-0.25,-0.5625,-0.6875
5/26/2024 6:45,0,-0.1875,-0.25,-0.25,-0.625,-0.6875
5/26/2024 8:45,0.0625,-0.1875,-0.25,-0.25,-0.5625,-0.6875
5/26/2024 10:45,0.0625,-0.1875,-0.25,-0.25,-0.5625,-0.6875
5/26/2024 12:45,0.125,-0.1875,-0.25,-0.25,-0.5625,-0.6875
5/26/2024 14:45,0.4375,-0.1875,-0.25,-0.25,-0.5625,-0.6875
5/26/2024 16:45,0.3125,-0.1875,-0.25,-0.25,-0.625,-0.6875
5/26/2024 18:45,0.25,-0.1875,-0.25,-0.25,-0.5625,-0.6875
5/26/2024 20:45,0.125,-0.1875,-0.25,-0.25,-0.5625,-0.6875
5/26/2024 22:45,0.0625,-0.1875,-0.25,-0.25,-0.5625,-0.6875
5/27/2024 0:45,0,-0.1875,-0.25,-0.25,-0.5625,-0.6875
5/27/2024 2:45,-0.25,-0.1875,-0.25,-0.25,-0.5625,-0.6875
5/27/2024 4:45,-0.1875,-0.1875,-0.25,-0.25,-0.5625,-0.6875
5/27/2024 6:45,-0.0625,-0.1875,-0.25,-0.25,-0.5625,-0.6875
5/27/2024 8:45,0.3125,-0.1875,-0.25,-0.25,-0.5625,-0.6875
5/27/2024 10:45,0.5,-0.1875,-0.25,-0.25,-0.625,-0.6875
5/27/2024 12:45,1,-0.125,-0.25,-0.25,-0.5625,-0.6875
5/27/2024 14:45,1.875,-0.125,-0.25,-0.25,-0.5625,-0.6875
5/27/2024 16:45,3,-0.0625,-0.25,-0.25,-0.5625,-0.6875
5/27/2024 18:45,3.1875,-0.0625,-0.25,-0.25,-0.5625,-0.6875
5/27/2024 20:45,1.75,-0.125,-0.25,-0.25,-0.5625,-0.6875
5/27/2024 22:45,0.75,-0.1875,-0.25,-0.25,-0.5625,-0.625
5/28/2024 0:45,0.1875,-0.1875,-0.25,-0.25,-0.5625,-0.625
5/28/2024 2:45,0.0625,-0.1875,-0.25,-0.25,-0.5625,-0.625
5/28/2024 4:45,0.0625,-0.1875,-0.25,-0.25,-0.5625,-0.625
5/28/2024 6:45,0.375,-0.125,-0.25,-0.25,-0.5625,-0.6875
5/28/2024 8:45,0.9375,-0.125,-0.25,-0.25,-0.5625,-0.6875
5/28/2024 10:45,2.125,-0.0625,-0.25,-0.25,-0.5625,-0.6875
5/28/2024 12:45,3.875,0,-0.25,-0.25,-0.5625,-0.6875
5/28/2024 14:45,4.5,0.0625,-0.25,-0.25,-0.5625,-0.625
5/28/2024 16:45,3.5,0,-0.25,-0.25,-0.5625,-0.625
5/28/2024 18:45,3.125,0,-0.25,-0.25,-0.5625,-0.625
5/28/2024 20:45,2.25,0,-0.25,-0.25,-0.5625,-0.625
5/28/2024 22:45,2,-0.0625,-0.25,-0.25,-0.5625,-0.6875
5/29/2024 0:45,0.5625,-0.125,-0.25,-0.25,-0.5625,-0.625
5/29/2024 2:45,0,-0.1875,-0.25,-0.25,-0.5625,-0.625
5/29/2024 4:45,0.125,-0.1875,-0.25,-0.25,-0.5625,-0.625
5/29/2024 6:45,1.375,-0.125,-0.25,-0.25,-0.5625,-0.625
5/29/2024 8:45,2.5625,0,-0.25,-0.25,-0.5625,-0.625
5/29/2024 10:45,4.3125,0.125,-0.25,-0.25,-0.5625,-0.625
5/29/2024 12:45,5.75,0.25,-0.25,-0.25,-0.5625,-0.625
5/29/2024 14:45,7,0.5,-0.25,-0.25,-0.5625,-0.625
5/29/2024 16:45,7.1875,0.625,-0.25,-0.25,-0.5625,-0.625
5/29/2024 18:45,5.375,0.625,-0.25,-0.25,-0.5625,-0.625
5/29/2024 20:45,4.625,0.8125,-0.25,-0.1875,2.0625,2.125
5/29/2024 22:45,2.375,0.5,-0.25,-0.1875,0.8125,0.1875
5/30/2024 0:45,1.125,0.1875,-0.25,-0.1875,0.25,0
5/30/2024 2:45,0.4375,0,-0.1875,-0.125,0.0625,0
5/30/2024 4:45,0.5625,-0.0625,-0.1875,-0.125,0,0
5/30/2024 6:45,1.4375,0,-0.1875,-0.125,0,0.0625
5/30/2024 8:45,2.5,0.1875,-0.1875,-0.125,0,0
5/30/2024 10:45,4.3125,0.75,-0.1875,-0.125,0,0
5/30/2024 12:45,6.125,1.4375,-0.1875,-0.0625,0,0.0625
5/30/2024 14:45,7.3125,2.25,-0.125,-0.0625,0,0
5/30/2024 16:45,7.875,2.75,-0.125,-0.0625,0,0
5/30/2024 18:45,7.0625,2.6875,-0.125,-0.0625,-0.0625,0
5/30/2024 20:45,5.4375,2.25,-0.125,-0.0625,-0.0625,0
5/30/2024 22:45,2.8125,1.5,-0.125,-0.0625,-0.0625,0
5/31/2024 0:45,1.125,0.75,-0.1875,-0.0625,-0.0625,0.0625
5/31/2024 2:45,0.25,0.25,-0.1875,-0.0625,-0.0625,0
5/31/2024 4:45,0.4375,0.0625,-0.1875,-0.0625,-0.0625,0
5/31/2024 6:45,1.9375,0.0625,-0.1875,-0.0625,-0.0625,0
5/31/2024 8:45,2.4375,0.3125,-0.125,-0.0625,-0.0625,0
5/31/2024 10:45,6.125,1.375,-0.125,-0.0625,-0.0625,0
5/31/2024 12:45,7.5,2.3125,-0.125,-0.0625,-0.0625,0
5/31/2024 14:45,9.25,3.3125,-0.0625,-0.0625,-0.0625,0
5/31/2024 16:45,9.375,3.875,-0.125,-0.0625,-0.0625,0
5/31/2024 18:45,9,3.5,-0.0625,-0.0625,-0.0625,0
5/31/2024 20:45,8,3.3125,-0.0625,-0.0625,-0.0625,0
5/31/2024 22:45,4.5625,2.5,-0.0625,-0.0625,-0.0625,0
6/1/2024 0:45,2.4375,1.625,-0.125,0,-0.0625,0
6/1/2024 2:45,1.0625,0.9375,-0.125,-0.0625,-0.0625,0
6/1/2024 4:45,0.9375,0.5,-0.125,-0.0625,-0.0625,0
6/1/2024 6:45,2.8125,0.4375,-0.125,0,-0.0625,0
6/1/2024 8:45,4.875,0.875,-0.125,-0.0625,-0.0625,0
6/1/2024 10:45,7.25,2,-0.0625,0,-0.0625,0
6/1/2024 12:45,7.375,2.9375,-0.0625,-0.0625,-0.0625,0
6/1/2024 14:45,8.125,3.4375,-0.0625,0,0,0
6/1/2024 16:45,7.3125,3.5625,-0.0625,-0.0625,-0.0625,0
6/1/2024 18:45,6.5,3.4375,-0.0625,0,-0.0625,0
6/1/2024 20:45,4.5,2.875,-0.0625,0,-0.0625,0
6/1/2024 22:45,2.25,1.9375,-0.0625,0,-0.0625,0
6/2/2024 0:45,1.3125,1.125,-0.0625,0,-0.0625,0
6/2/2024 2:45,0.4375,0.5625,-0.125,0,-0.0625,0
6/2/2024 4:45,0.25,0.25,-0.125,0,-0.0625,0
6/2/2024 6:45,0.1875,0.125,-0.125,0,-0.0625,0
6/2/2024 8:45,0.1875,0.0625,-0.125,0,-0.0625,0
6/2/2024 10:45,0.125,0,-0.125,0,-0.0625,0
6/2/2024 12:45,0.125,-0.0625,-0.125,0,0,0
6/2/2024 14:45,0.125,-0.0625,-0.125,0,-0.0625,0
6/2/2024 16:45,0.0625,-0.0625,-0.125,0,-0.0625,0
6/2/2024 18:45,0.0625,-0.0625,-0.125,0,-0.0625,0
6/2/2024 20:45,0.0625,-0.0625,-0.125,0,-0.0625,0
6/2/2024 22:45,0.0625,-0.125,-0.125,0,-0.0625,0
6/3/2024 0:45,0.0625,-0.125,-0.125,0,-0.0625,0
6/3/2024 2:45,0.0625,-0.125,-0.125,0,-0.0625,0
6/3/2024 4:45,0.0625,-0.125,-0.125,0,-0.0625,0
6/3/2024 6:45,0.0625,-0.0625,-0.125,0,-0.0625,0
6/3/2024 8:45,0.0625,-0.0625,-0.125,0,-0.0625,0
6/3/2024 10:45,0.0625,-0.125,-0.125,0,-0.0625,0
6/3/2024 12:45,0.0625,-0.125,-0.0625,0,-0.0625,0
6/3/2024 14:45,0.125,-0.125,-0.125,0,-0.0625,0
6/3/2024 16:45,0.0625,-0.0625,-0.125,0,-0.0625,0
6/3/2024 18:45,0.125,-0.0625,-0.125,0,-0.0625,0
6/3/2024 20:45,0.0625,-0.125,-0.125,0,-0.0625,0
6/3/2024 22:45,0.0625,-0.125,-0.125,0,-0.0625,0
6/4/2024 0:45,0.0625,-0.0625,-0.125,0,-0.0625,0
6/4/2024 2:45,0.0625,-0.125,-0.0625,0,-0.0625,0
6/4/2024 4:45,0.0625,-0.0625,-0.125,0,-0.0625,-0.0625
6/4/2024 6:45,0.0625,-0.0625,-0.125,0,-0.0625,-0.0625
6/4/2024 8:45,0.0625,-0.0625,-0.125,0,-0.0625,0
6/4/2024 10:45,0.0625,-0.0625,-0.125,0,-0.0625,0
6/4/2024 12:45,0.125,-0.0625,-0.125,0,-0.0625,0
6/4/2024 14:45,0.125,-0.0625,-0.125,0,-0.0625,0
6/4/2024 16:45,0.0625,-0.0625,-0.125,0,-0.0625,-0.0625
6/4/2024 18:45,0.125,-0.0625,-0.125,0,-0.0625,0
6/4/2024 20:45,0.0625,-0.125,-0.125,0,-0.0625,-0.0625
6/4/2024 22:45,0.0625,-0.0625,-0.125,0,-0.0625,0
6/5/2024 0:45,0.0625,-0.125,-0.125,0,-0.0625,0
6/5/2024 2:45,0.0625,-0.125,-0.125,0,-0.0625,0
6/5/2024 4:45,0.0625,-0.125,-0.125,0,-0.0625,0
6/5/2024 6:45,0.0625,-0.125,-0.125,0,-0.0625,0
6/5/2024 8:45,0.125,-0.0625,-0.125,0,-0.0625,-0.0625
6/5/2024 10:45,0.3125,-0.0625,-0.125,0,-0.0625,-0.0625
6/5/2024 12:45,0.5625,-0.0625,-0.125,0,-0.0625,-0.0625
6/5/2024 14:45,0.75,-0.0625,-0.125,0,-0.0625,0
6/5/2024 16:45,0.875,0,-0.125,0,-0.0625,0
6/5/2024 18:45,0.5,-0.0625,-0.125,0,-0.0625,0
6/5/2024 20:45,0.25,-0.0625,-0.125,0,-0.0625,0
6/5/2024 22:45,0.0625,-0.125,-0.125,0,-0.0625,0
6/6/2024 0:45,0.0625,-0.0625,-0.125,0,-0.0625,0
6/6/2024 2:45,0.0625,-0.0625,-0.125,0,-0.0625,-0.0625
6/6/2024 4:45,0.125,-0.125,-0.125,0,-0.0625,-0.0625
6/6/2024 6:45,0.1875,-0.0625,-0.125,0,-0.0625,-0.0625
6/6/2024 8:45,0.4375,-0.0625,-0.125,0,-0.0625,0
6/6/2024 10:45,1.1875,0.125,-0.0625,0,-0.0625,0
6/6/2024 12:45,1.5625,0.1875,-0.125,0,-0.0625,-0.0625
6/6/2024 14:45,2.375,0.5,-0.125,0,-0.0625,0
6/6/2024 16:45,4.5,1.375,-0.0625,0,-0.0625,-0.0625
6/6/2024 18:45,6.5,2.8125,-0.0625,0,-0.0625,-0.0625
6/6/2024 20:45,4.6875,2.8125,0,0,-0.0625,0
6/6/2024 22:45,3.1875,2.0625,-0.0625,0,-0.0625,-0.0625
6/7/2024 0:45,2.3125,1.5,-0.0625,0,-0.0625,0
6/7/2024 2:45,1.5,1,-0.0625,0,-0.0625,-0.0625
6/7/2024 4:45,1.4375,0.6875,-0.0625,0,-0.0625,-0.0625
6/7/2024 6:45,2,0.8125,-0.125,0,-0.0625,0
6/7/2024 8:45,3.25,1.3125,-0.0625,0,-0.0625,0
6/7/2024 10:45,3.6875,1.875,-0.0625,0,-0.0625,-0.0625
6/7/2024 12:45,3.875,2.0625,-0.0625,0,-0.0625,-0.0625
6/7/2024 14:45,4.3125,2.3125,-0.0625,0,-0.0625,0
6/7/2024 16:45,4.8125,2.5625,-0.0625,0,-0.0625,-0.0625
6/7/2024 18:45,4.625,2.75,0,0,-0.0625,-0.0625
6/7/2024 20:45,4.4375,2.75,0,0,-0.0625,-0.0625
6/7/2024 22:45,3.9375,2.625,0,0,-0.0625,-0.0625
6/8/2024 0:45,3,2.1875,0,0,-0.0625,-0.0625
6/8/2024 2:45,1.75,1.5625,-0.0625,0,-0.0625,0
6/8/2024 4:45,1.375,0.875,-0.0625,0,-0.0625,0
6/8/2024 6:45,2,0.625,-0.0625,0,-0.0625,-0.0625
6/8/2024 8:45,3.6875,1.0625,-0.0625,0,-0.0625,0
6/8/2024 10:45,6.375,2.3125,-0.0625,0,-0.0625,-0.0625
6/8/2024 12:45,9,4.125,0,0,-0.0625,-0.0625
6/8/2024 14:45,11.0625,5.75,0.0625,0,-0.0625,-0.0625
6/8/2024 16:45,12.0625,6.875,0.125,0,-0.0625,-0.0625
6/8/2024 18:45,11.625,7.1875,0.125,0,-0.0625,-0.0625
6/8/2024 20:45,10.125,6.8125,0.1875,0,-0.0625,-0.0625
6/8/2024 22:45,7.75,5.8125,0.125,0,-0.0625,-0.0625
6/9/2024 0:45,5.6875,4.6875,0.125,0,-0.0625,0
6/9/2024 2:45,4,3.5625,0.0625,0,-0.0625,-0.0625
6/9/2024 4:45,4.25,2.75,0.0625,0,-0.0625,-0.0625
6/9/2024 6:45,5.375,2.5,0,0,-0.0625,-0.0625
6/9/2024 8:45,7.0625,3,0,0,-0.0625,-0.0625
6/9/2024 10:45,9.3125,4.0625,0.0625,0,-0.0625,-0.0625
6/9/2024 12:45,11.375,5.5625,0.125,0,-0.0625,-0.0625
6/9/2024 14:45,12.875,7,0.1875,0,-0.0625,-0.0625
6/9/2024 16:45,13.5,8.0625,0.25,0,-0.0625,-0.0625
6/9/2024 18:45,13.3125,8.375,0.3125,0,-0.0625,-0.0625
6/9/2024 20:45,12,8,0.375,0,-0.0625,-0.0625
6/9/2024 22:45,9.25,7.125,0.3125,0,-0.0625,-0.0625
6/10/2024 0:45,6.9375,5.9375,0.3125,0,-0.0625,-0.0625
6/10/2024 2:45,5.1875,4.6875,0.25,0,-0.0625,-0.0625
6/10/2024 4:45,4.875,3.8125,0.1875,0,-0.0625,-0.0625
6/10/2024 6:45,4.25,3.3125,0.125,0,-0.0625,0
6/10/2024 8:45,4.75,3.125,0.125,0,-0.0625,0
6/10/2024 10:45,5.5625,3.4375,0.125,0,-0.0625,-0.0625
6/10/2024 12:45,6.4375,3.875,0.1875,0,-0.0625,-0.0625
6/10/2024 14:45,6.9375,4.25,0.1875,0,-0.0625,-0.0625
6/10/2024 16:45,7,4.5625,0.1875,0,-0.0625,-0.0625
6/10/2024 18:45,7.8125,4.8125,0.25,0,-0.0625,-0.0625
6/10/2024 20:45,7.375,4.9375,0.25,0,-0.0625,-0.0625
6/10/2024 22:45,5.9375,4.625,0.25,0,-0.0625,-0.0625
6/11/2024 0:45,4.875,3.9375,0.25,0,-0.0625,0
6/11/2024 2:45,4.375,3.375,0.25,0,-0.0625,-0.0625
6/11/2024 4:45,4,3.0625,0.1875,0,-0.0625,-0.0625
6/11/2024 6:45,4.125,2.875,0.1875,0,-0.0625,-0.0625
6/11/2024 8:45,5.5625,3.125,0.1875,0,-0.0625,0
6/11/2024 10:45,9.625,4.625,0.25,0,-0.0625,0
6/11/2024 12:45,11.9375,6.5625,0.3125,0,-0.0625,-0.0625
6/11/2024 14:45,13.8125,8.3125,0.5,0,-0.0625,-0.0625
6/11/2024 16:45,14.375,9.25,0.6875,0,-0.0625,-0.0625
6/11/2024 18:45,13.6875,9.25,0.8125,0,-0.0625,-0.0625
6/11/2024 20:45,11.6875,8.4375,0.875,0,-0.0625,-0.0625
6/11/2024 22:45,8.8125,7.1875,0.875,0,-0.0625,-0.0625
6/12/2024 0:45,6.0625,5.8125,0.8125,0,-0.0625,-0.0625
6/12/2024 2:45,3.8125,4.375,0.75,0,-0.0625,-0.0625
6/12/2024 4:45,5,3.75,0.6875,0,-0.0625,-0.0625
6/12/2024 6:45,8.5625,3.6875,0.5625,0,-0.0625,-0.0625
6/12/2024 8:45,12.5625,4.3125,0.5625,0,-0.0625,0
6/12/2024 10:45,14.9375,5.9375,0.6875,0,-0.0625,0
6/12/2024 12:45,17,7.9375,1,0,-0.0625,0
6/12/2024 14:45,15.25,8.875,1.375,0,-0.0625,0
6/12/2024 16:45,17.5,10.375,1.6875,0,-0.0625,-0.0625
6/12/2024 18:45,15.6875,10.625,2,0,-0.0625,-0.0625
6/12/2024 20:45,13.5625,10.0625,2.1875,0,-0.0625,-0.0625
6/12/2024 22:45,10.4375,8.875,2.25,0,-0.0625,-0.0625
6/13/2024 0:45,7.3125,7.3125,2.125,0,-0.0625,0
6/13/2024 2:45,4.9375,5.8125,1.875,0,-0.0625,0
6/13/2024 4:45,5.75,4.875,1.625,0,-0.0625,-0.0625
6/13/2024 6:45,10.4375,4.625,1.4375,0,-0.0625,0
6/13/2024 8:45,14.125,5.3125,1.3125,0,-0.0625,-0.0625
6/13/2024 10:45,16.75,6.875,1.4375,0,-0.0625,0
6/13/2024 12:45,18.1875,8.75,1.75,0,-0.0625,0
6/13/2024 14:45,19.4375,10.1875,2.125,0,-0.0625,-0.0625
6/13/2024 16:45,20.0625,10.9375,2.4375,0,-0.0625,-0.0625
6/13/2024 18:45,18.8125,11,2.75,0,-0.0625,-0.0625
6/13/2024 20:45,15.6875,10.3125,2.9375,0,-0.0625,0
6/13/2024 22:45,11,9.125,3,0.0625,-0.0625,-0.0625
6/14/2024 0:45,6.875,7.625,2.875,0,-0.0625,-0.0625
6/14/2024 2:45,3.625,6.0625,2.625,0,-0.0625,0
6/14/2024 4:45,4.625,4.9375,2.3125,0,-0.0625,-0.0625
6/14/2024 6:45,8,4.5625,2,0,-0.0625,-0.0625
6/14/2024 8:45,13.0625,4.9375,1.75,0,-0.0625,-0.0625
6/14/2024 10:45,16.0625,6,1.6875,0.0625,-0.0625,0
6/14/2024 12:45,16.8125,7.4375,1.8125,0,-0.0625,0
6/14/2024 14:45,18.125,8.8125,2.125,0,-0.0625,-0.0625
6/14/2024 16:45,19.1875,9.875,2.5,0.0625,-0.0625,-0.0625
6/14/2024 18:45,18.5625,10.125,2.875,0.0625,-0.0625,-0.0625
6/14/2024 20:45,15.125,9.625,3.1875,0.0625,-0.0625,-0.0625
6/14/2024 22:45,10.0625,8.4375,3.25,0.0625,-0.0625,-0.0625
6/15/2024 0:45,6.4375,7.0625,3.1875,0.0625,-0.0625,-0.0625
6/15/2024 2:45,3.625,5.6875,2.9375,0.0625,-0.0625,-0.0625
6/15/2024 4:45,4.875,4.8125,2.625,0.0625,-0.0625,0
6/15/2024 6:45,10.5,4.75,2.3125,0.0625,-0.0625,0
6/15/2024 8:45,14.5625,5.375,2.125,0.0625,-0.0625,-0.0625
6/15/2024 10:45,17.875,6.5,2.0625,0.0625,-0.0625,0
6/15/2024 12:45,17.4375,7.8125,2.1875,0,-0.0625,-0.0625
6/15/2024 14:45,16.6875,8.875,2.5,0.0625,-0.0625,-0.0625
6/15/2024 16:45,16.375,9.6875,2.9375,0.0625,-0.0625,0
6/15/2024 18:45,10.125,8.5625,3.1875,0.0625,-0.0625,-0.0625
6/15/2024 20:45,8.1875,7.625,3.375,0.0625,-0.0625,-0.0625
6/15/2024 22:45,7.125,6.8125,3.3125,0.0625,-0.0625,0
6/16/2024 0:45,5.5625,5.875,3.125,0.0625,-0.0625,0
6/16/2024 2:45,3.4375,4.9375,2.8125,0.0625,-0.0625,-0.0625
6/16/2024 4:45,3.75,4.3125,2.5625,0.0625,-0.0625,-0.0625
6/16/2024 6:45,9.6875,4.375,2.3125,0.0625,-0.0625,0
6/16/2024 8:45,15.0625,5,2.125,0.0625,-0.0625,-0.0625
6/16/2024 10:45,16.9375,6,2.125,0.0625,-0.0625,-0.0625
6/16/2024 12:45,16.9375,7.1875,2.1875,0.0625,-0.0625,0
6/16/2024 14:45,16.625,7.9375,2.4375,0.0625,-0.0625,-0.0625
6/16/2024 16:45,17.8125,8.875,2.8125,0.0625,-0.0625,-0.0625
6/16/2024 18:45,14,9,3.1875,0.0625,-0.0625,0
6/16/2024 20:45,11.6875,8.5,3.375,0.0625,-0.0625,0
6/16/2024 22:45,9.1875,7.75,3.5,0.125,-0.0625,0
6/17/2024 0:45,6.625,6.8125,3.4375,0.125,-0.0625,0
6/17/2024 2:45,4.4375,5.6875,3.3125,0.125,-0.0625,-0.0625
6/17/2024 4:45,5.75,5.1875,3.0625,0.125,-0.0625,0
6/17/2024 6:45,6.875,5.1875,2.875,0.125,-0.0625,0
6/17/2024 8:45,11.8125,5.5,2.6875,0.125,-0.0625,-0.0625
6/17/2024 10:45,16.6875,6.5,2.625,0.125,-0.0625,0
6/17/2024 12:45,16.5,7.6875,2.6875,0.125,-0.0625,0
6/17/2024 14:45,12.5625,7.3125,2.875,0.125,-0.0625,0
6/17/2024 16:45,11.125,7.25,3,0.125,-0.0625,0
6/17/2024 18:45,12.8125,8,3.1875,0.1875,-0.0625,0
6/17/2024 20:45,10.375,7.5625,3.3125,0.1875,-0.0625,-0.0625
6/17/2024 22:45,9.375,7.125,3.375,0.1875,-0.0625,0
6/18/2024 0:45,6.6875,6.375,3.375,0.1875,-0.0625,0
6/18/2024 2:45,5.1875,5.5,3.25,0.1875,-0.0625,0
6/18/2024 4:45,6.0625,5,3.125,0.1875,-0.0625,-0.0625
6/18/2024 6:45,7.9375,5.0625,3,0.1875,-0.0625,0
6/18/2024 8:45,12.5625,5.75,2.8125,0.1875,-0.0625,0
6/18/2024 10:45,17.3125,6.875,2.875,0.1875,-0.0625,0
6/18/2024 12:45,16.9375,7.9375,3,0.25,-0.0625,-0.0625
6/18/2024 14:45,16.8125,8.375,3.25,0.25,-0.0625,-0.0625
6/18/2024 16:45,15.625,8.9375,3.5,0.25,-0.0625,-0.0625
6/18/2024 18:45,16.0625,9.3125,3.8125,0.25,-0.0625,-0.0625
6/18/2024 20:45,13,8.8125,4,0.3125,-0.0625,0
6/18/2024 22:45,9.8125,8.1875,4,0.3125,-0.0625,-0.0625
6/19/2024 0:45,8.625,7.4375,4,0.375,-0.0625,-0.0625
6/19/2024 2:45,6.875,6.625,3.9375,0.375,-0.0625,-0.0625
6/19/2024 4:45,6.4375,6.125,3.8125,0.4375,0,-0.0625
6/19/2024 6:45,8,5.9375,3.625,0.4375,-0.0625,0
6/19/2024 8:45,13.6875,6.5625,3.5,0.4375,-0.0625,0
6/19/2024 10:45,14.5625,7.25,3.4375,0.4375,-0.0625,0
6/19/2024 12:45,18.6875,8.5,3.4375,0.4375,-0.0625,0
6/19/2024 14:45,18.0625,9.875,3.6875,0.4375,-0.0625,0
6/19/2024 16:45,18.625,10.4375,3.9375,0.4375,-0.0625,0
6/19/2024 18:45,15.125,10.0625,4.1875,0.5,-0.0625,-0.0625
6/19/2024 20:45,12,9.5,4.5,0.5625,-0.0625,0
6/19/2024 22:45,7.9375,8.5,4.625,0.625,-0.0625,0
6/20/2024 0:45,5.0625,7.3125,4.625,0.6875,-0.0625,0
6/20/2024 2:45,2.0625,5.8125,4.375,0.6875,-0.0625,-0.0625
6/20/2024 4:45,2.75,4.875,4,0.6875,-0.0625,0
6/20/2024 6:45,7.9375,4.625,3.6875,0.6875,-0.0625,0
6/20/2024 8:45,15.125,5.1875,3.375,0.6875,0,0
6/20/2024 10:45,18.8125,6.5,3.1875,0.625,-0.0625,0
6/20/2024 12:45,17.625,7.8125,3.125,0.625,-0.0625,0
6/20/2024 14:45,15.625,8.6875,3.3125,0.625,-0.0625,0
6/20/2024 16:45,15.75,9.25,3.625,0.625,-0.0625,0
6/20/2024 18:45,14.8125,9.3125,4,0.625,-0.0625,0
6/20/2024 20:45,10.6875,8.6875,4.3125,0.75,0,0
6/20/2024 22:45,6.75,7.6875,4.4375,0.8125,-0.0625,0
6/21/2024 0:45,5.5,6.75,4.375,0.875,0,0
6/21/2024 2:45,3.4375,5.8125,4.1875,0.875,0,0
6/21/2024 4:45,3.25,4.9375,3.9375,0.9375,-0.0625,0
6/21/2024 6:45,9,4.6875,3.625,0.875,0,0
6/21/2024 8:45,16,5.4375,3.375,0.875,0,0
6/21/2024 10:45,20.3125,6.9375,3.1875,0.8125,0,0
6/21/2024 12:45,19.9375,8.5,3.25,0.8125,0,0
6/21/2024 14:45,16.75,9.25,3.5625,0.75,0,0
6/21/2024 16:45,17.6875,9.5625,3.875,0.8125,0,0
6/21/2024 18:45,16,9.5625,4.25,0.8125,0,0
6/21/2024 20:45,12.1875,8.9375,4.5,0.9375,0,0
6/21/2024 22:45,7.875,8.0625,4.625,1,0,0
6/22/2024 0:45,4.375,7,4.625,1.125,0,0
6/22/2024 2:45,2.6875,5.8125,4.4375,1.1875,0,0
6/22/2024 4:45,3.75,4.9375,4.1875,1.1875,0,0
6/22/2024 6:45,9.6875,4.9375,3.875,1.1875,0,0
6/22/2024 8:45,16.25,5.9375,3.5625,1.125,0,0
6/22/2024 10:45,21.6875,7.5625,3.4375,1.0625,0,0
6/22/2024 12:45,19.75,8.5,3.5,1,0,0
6/22/2024 14:45,17.6875,9.125,3.75,1,0,0
6/22/2024 16:45,12.6875,8.875,4,1,0,0
6/22/2024 18:45,14.6875,8.6875,4.1875,1.0625,0.0625,0
6/22/2024 20:45,14.375,8.5,4.25,1.125,0,0
6/22/2024 22:45,11.375,8.125,4.375,1.1875,0.0625,0
6/23/2024 0:45,8.1875,7.3125,4.375,1.25,0,0
6/23/2024 2:45,5.375,6.375,4.25,1.3125,0.0625,0
6/23/2024 4:45,5.0625,5.5625,4.125,1.3125,0.0625,0
6/23/2024 6:45,11.5,5.75,3.875,1.3125,0.0625,0
6/23/2024 8:45,17.4375,6.8125,3.75,1.3125,0.0625,0
6/23/2024 10:45,16.6875,7.875,3.8125,1.3125,0.0625,0
6/23/2024 12:45,22,9.375,3.9375,1.3125,0.0625,0.0625
6/23/2024 14:45,20.125,10.3125,4.25,1.3125,0.0625,0
6/23/2024 16:45,15.25,10.0625,4.5625,1.3125,0.0625,0
6/23/2024 18:45,13.8125,9.625,4.875,1.375,0.0625,0.0625
6/23/2024 20:45,11,8.8125,5,1.5,0.125,0
6/23/2024 22:45,7.9375,8,5,1.5625,0.125,0.0625
6/24/2024 0:45,7.1875,7.375,4.9375,1.6875,0.125,0
6/24/2024 2:45,6.8125,6.875,4.875,1.75,0.125,0.0625
6/24/2024 4:45,6.75,6.5,4.625,1.75,0.125,0
6/24/2024 6:45,8.5625,6.375,4.5,1.75,0.125,0.0625
6/24/2024 8:45,17.5,7.25,4.3125,1.75,0.125,0.0625
6/24/2024 10:45,23.0625,8.875,4.25,1.6875,0.125,0.0625
6/24/2024 12:45,22.5,9.9375,4.3125,1.6875,0.125,0.0625
