Date/Hour,28EBD811D000008,28626412D000092,282DDE12D000031,285F5E13D000083,28A47413D00004C,2837B512D0000C4
8/7/2023 16:47,17.4375,13.625,10.625,7.9375,5.5,3.8125
8/7/2023 18:47,17.375,14.125,10.6875,7.875,5.5,3.8125
8/7/2023 20:47,16.25,14.1875,10.75,7.8125,5.5,3.8125
8/7/2023 22:47,15,14.0625,10.875,7.8125,5.4375,3.8125
8/8/2023 0:47,14,13.75,11,7.8125,5.4375,3.8125
8/8/2023 2:47,13.125,13.375,11.0625,7.875,5.4375,3.8125
8/8/2023 4:47,12.625,12.9375,11.0625,7.9375,5.4375,3.8125
8/8/2023 6:47,12.75,12.6875,11,7.9375,5.5,3.8125
8/8/2023 8:47,12.625,12.5,10.9375,8,5.5,3.8125
8/8/2023 10:47,13.3125,12.5,10.875,7.9375,5.5,3.8125
8/8/2023 12:47,14.4375,12.625,10.75,8,5.5,3.8125
8/8/2023 14:47,15,12.875,10.75,7.9375,5.5,3.875
8/8/2023 16:47,16.4375,13.375,10.6875,7.9375,5.5,3.875
8/8/2023 18:47,16.125,13.75,10.75,7.9375,5.5,3.875
8/8/2023 20:47,15.4375,13.8125,10.8125,7.9375,5.5,3.875
8/8/2023 22:47,14.625,13.6875,10.9375,7.875,5.5,3.875
8/9/2023 0:47,13.375,13.375,10.9375,7.875,5.5625,3.875
8/9/2023 2:47,12.625,13,11,7.9375,5.5,3.875
8/9/2023 4:47,11.8125,12.5625,10.9375,7.9375,5.5,3.875
8/9/2023 6:47,11.4375,12.1875,10.875,8,5.5625,3.875
8/9/2023 8:47,11.6875,11.9375,10.75,8,5.5625,3.875
8/9/2023 10:47,12.1875,11.8125,10.625,8,5.5625,3.9375
8/9/2023 12:47,12.875,11.875,10.5625,7.9375,5.5625,3.875
8/9/2023 14:47,13.75,12.125,10.4375,7.9375,5.5625,3.875
8/9/2023 16:47,14.5,12.4375,10.375,7.875,5.5625,3.875
8/9/2023 18:47,14.4375,12.625,10.375,7.8125,5.5,3.875
8/9/2023 20:47,13.9375,12.6875,10.375,7.8125,5.5,3.875
8/9/2023 22:47,13.3125,12.625,10.375,7.75,5.5,3.875
8/10/2023 0:47,12.8125,12.4375,10.375,7.75,5.5,3.875
8/10/2023 2:47,12.375,12.25,10.375,7.6875,5.5,3.875
8/10/2023 4:47,11.9375,12,10.3125,7.6875,5.5,3.875
8/10/2023 6:47,11.5625,11.6875,10.25,7.6875,5.4375,3.875
8/10/2023 8:47,11.6875,11.5,10.1875,7.6875,5.4375,3.875
8/10/2023 10:47,12.25,11.5,10.125,7.6875,5.4375,3.875
8/10/2023 12:47,13,11.625,10,7.625,5.4375,3.875
8/10/2023 14:47,13.375,11.8125,10,7.5625,5.375,3.875
8/10/2023 16:47,13.625,12.0625,9.9375,7.5625,5.375,3.875
8/10/2023 18:47,13.3125,12.125,9.9375,7.5,5.375,3.8125
8/10/2023 20:47,12.75,12.0625,9.9375,7.5,5.375,3.8125
8/10/2023 22:47,12.25,11.875,9.9375,7.5,5.3125,3.8125
8/11/2023 0:47,11.625,11.625,9.9375,7.4375,5.375,3.8125
8/11/2023 2:47,11.0625,11.3125,9.875,7.4375,5.3125,3.8125
8/11/2023 4:47,10.6875,11.0625,9.8125,7.375,5.3125,3.8125
8/11/2023 6:47,10.375,10.75,9.6875,7.375,5.25,3.8125
8/11/2023 8:47,10.375,10.5625,9.625,7.375,5.25,3.8125
8/11/2023 10:47,10.6875,10.4375,9.5,7.3125,5.25,3.8125
8/11/2023 12:47,11.6875,10.5625,9.375,7.25,5.25,3.75
8/11/2023 14:47,12.5,10.8125,9.3125,7.25,5.25,3.75
8/11/2023 16:47,12.6875,11.0625,9.25,7.125,5.1875,3.75
8/11/2023 18:47,12.625,11.125,9.1875,7.125,5.125,3.75
8/11/2023 20:47,12.25,11.125,9.125,7.0625,5.125,3.6875
8/11/2023 22:47,11.625,11,9.125,7,5.125,3.6875
8/12/2023 0:47,10.9375,10.8125,9.125,6.9375,5.0625,3.6875
8/12/2023 2:47,10.4375,10.5625,9.125,6.9375,5.0625,3.6875
8/12/2023 4:47,10,10.3125,9.0625,6.9375,5,3.625
8/12/2023 6:47,9.625,10.0625,9,6.875,5,3.625
8/12/2023 8:47,9.6875,9.8125,8.875,6.875,5,3.625
8/12/2023 10:47,10.5,9.8125,8.8125,6.8125,4.9375,3.625
8/12/2023 12:47,11.625,10,8.6875,6.75,4.9375,3.5625
8/12/2023 14:47,12.5,10.375,8.6875,6.6875,4.9375,3.5625
8/12/2023 16:47,12.9375,10.6875,8.625,6.6875,4.875,3.5625
8/12/2023 18:47,12.3125,10.8125,8.625,6.6875,4.875,3.5625
8/12/2023 20:47,11.5,10.75,8.6875,6.625,4.875,3.5625
8/12/2023 22:47,10.75,10.5,8.6875,6.625,4.8125,3.5
8/13/2023 0:47,10,10.25,8.6875,6.5625,4.8125,3.5
8/13/2023 2:47,9.1875,9.875,8.625,6.5625,4.75,3.5
8/13/2023 4:47,8.375,9.5,8.5625,6.5,4.75,3.5
8/13/2023 6:47,7.6875,9,8.5,6.5,4.75,3.5
8/13/2023 8:47,7.75,8.625,8.3125,6.5,4.75,3.4375
8/13/2023 10:47,8.4375,8.5,8.1875,6.4375,4.6875,3.4375
8/13/2023 12:47,9.5625,8.625,8.0625,6.4375,4.6875,3.4375
8/13/2023 14:47,10.5,8.9375,7.9375,6.375,4.6875,3.375
8/13/2023 16:47,11.875,9.3125,7.9375,6.3125,4.625,3.375
8/13/2023 18:47,11.8125,9.6875,7.9375,6.25,4.625,3.375
8/13/2023 20:47,11.25,9.8125,7.875,6.1875,4.5625,3.375
8/13/2023 22:47,10.375,9.75,7.9375,6.1875,4.5625,3.375
8/14/2023 0:47,9.5625,9.5625,7.9375,6.125,4.5625,3.3125
8/14/2023 2:47,9,9.3125,7.9375,6.125,4.5,3.3125
8/14/2023 4:47,8.5625,9,7.9375,6.0625,4.5,3.3125
8/14/2023 6:47,8.1875,8.75,7.875,6.0625,4.4375,3.3125
8/14/2023 8:47,8.125,8.5,7.8125,6.0625,4.4375,3.25
8/14/2023 10:47,8.9375,8.4375,7.75,6.0625,4.4375,3.25
8/14/2023 12:47,9.6875,8.5625,7.625,6,4.375,3.25
8/14/2023 14:47,10.5625,8.8125,7.5625,5.9375,4.375,3.25
8/14/2023 16:47,11.625,9.1875,7.5625,5.9375,4.375,3.1875
8/14/2023 18:47,11.75,9.4375,7.5625,5.875,4.375,3.1875
8/14/2023 20:47,11.3125,9.5625,7.5625,5.875,4.3125,3.1875
8/14/2023 22:47,10.75,9.5625,7.5625,5.8125,4.25,3.1875
8/15/2023 0:47,10.25,9.4375,7.625,5.8125,4.25,3.125
8/15/2023 2:47,9.6875,9.3125,7.625,5.8125,4.25,3.1875
8/15/2023 4:47,9.375,9.125,7.625,5.75,4.25,3.125
8/15/2023 6:47,9.125,8.9375,7.5625,5.75,4.1875,3.125
8/15/2023 8:47,9.0625,8.8125,7.5625,5.75,4.1875,3.125
8/15/2023 10:47,9.375,8.75,7.5,5.75,4.1875,3.125
8/15/2023 12:47,10.5,8.875,7.5,5.6875,4.1875,3.0625
8/15/2023 14:47,11.75,9.125,7.4375,5.6875,4.1875,3.0625
8/15/2023 16:47,12.125,9.4375,7.4375,5.6875,4.125,3.0625
8/15/2023 18:47,12,9.6875,7.4375,5.625,4.125,3.0625
8/15/2023 20:47,11.6875,9.8125,7.5,5.625,4.125,3
8/15/2023 22:47,10.9375,9.75,7.5,5.625,4.125,3
8/16/2023 0:47,10.375,9.625,7.5625,5.625,4.0625,3
8/16/2023 2:47,9.625,9.375,7.5625,5.625,4.0625,3
8/16/2023 4:47,9.25,9.125,7.5625,5.625,4.0625,3
8/16/2023 6:47,8.9375,8.9375,7.5625,5.5625,4.0625,3
8/16/2023 8:47,8.9375,8.75,7.5,5.625,4.0625,3
8/16/2023 10:47,9.1875,8.6875,7.4375,5.5625,4,3
8/16/2023 12:47,9.875,8.6875,7.4375,5.5625,4,2.9375
8/16/2023 14:47,11.1875,8.9375,7.375,5.5625,4,2.9375
8/16/2023 16:47,12.1875,9.25,7.375,5.5625,4,2.9375
8/16/2023 18:47,13.0625,9.6875,7.375,5.5625,4,2.9375
8/16/2023 20:47,12.5,9.9375,7.4375,5.5,4,2.9375
8/16/2023 22:47,11.625,9.9375,7.5,5.5,4,2.9375
8/17/2023 0:47,10.8125,9.8125,7.5625,5.5,4,2.9375
8/17/2023 2:47,10.1875,9.625,7.5625,5.5,4,2.9375
8/17/2023 4:47,9.5625,9.4375,7.625,5.5625,4,2.9375
8/17/2023 6:47,9.0625,9.1875,7.5625,5.5,4,2.9375
8/17/2023 8:47,9.1875,8.9375,7.5625,5.5,4,2.9375
8/17/2023 10:47,9.1875,8.875,7.5,5.5625,4,2.9375
8/17/2023 12:47,9.4375,8.8125,7.5,5.5625,4,2.9375
8/17/2023 14:47,10.375,8.875,7.4375,5.5625,3.9375,2.875
8/17/2023 16:47,10.625,9,7.375,5.5625,4,2.875
8/17/2023 18:47,10.9375,9.125,7.375,5.5625,3.9375,2.875
8/17/2023 20:47,10.5625,9.25,7.375,5.5,3.9375,2.9375
8/17/2023 22:47,9.875,9.125,7.375,5.5,3.9375,2.875
8/18/2023 0:47,9.25,9,7.375,5.5,3.9375,2.9375
8/18/2023 2:47,8.8125,8.8125,7.375,5.5,4,2.875
8/18/2023 4:47,8.5,8.5625,7.3125,5.5,3.9375,2.875
8/18/2023 6:47,8.25,8.375,7.25,5.5,3.9375,2.875
8/18/2023 8:47,8,8.25,7.25,5.4375,3.9375,2.875
8/18/2023 10:47,8.375,8.125,7.125,5.4375,3.9375,2.875
8/18/2023 12:47,9.3125,8.1875,7.125,5.4375,3.9375,2.875
8/18/2023 14:47,9.6875,8.3125,7.0625,5.4375,3.9375,2.875
8/18/2023 16:47,9.625,8.375,7,5.375,3.875,2.875
8/18/2023 18:47,9.125,8.375,7,5.375,3.875,2.875
8/18/2023 20:47,8.5625,8.25,6.9375,5.3125,3.875,2.875
8/18/2023 22:47,7.9375,8.0625,6.875,5.3125,3.875,2.875
8/19/2023 0:47,7.1875,7.8125,6.875,5.25,3.875,2.875
8/19/2023 2:47,6.6875,7.5,6.8125,5.25,3.875,2.875
8/19/2023 4:47,6.375,7.25,6.75,5.25,3.875,2.875
8/19/2023 6:47,6.1875,7,6.625,5.1875,3.875,2.875
8/19/2023 8:47,6.1875,6.8125,6.5625,5.1875,3.8125,2.875
8/19/2023 10:47,6.4375,6.75,6.4375,5.125,3.8125,2.8125
8/19/2023 12:47,7.0625,6.6875,6.3125,5.125,3.8125,2.8125
8/19/2023 14:47,7.5625,6.8125,6.25,5.0625,3.75,2.8125
8/19/2023 16:47,7.6875,6.9375,6.1875,5,3.75,2.8125
8/19/2023 18:47,7.5625,6.9375,6.1875,5,3.6875,2.8125
8/19/2023 20:47,7.125,6.9375,6.125,4.9375,3.6875,2.75
8/19/2023 22:47,6.625,6.8125,6.0625,4.875,3.6875,2.75
8/20/2023 0:47,6.0625,6.625,6,4.875,3.625,2.75
8/20/2023 2:47,5.625,6.375,5.9375,4.8125,3.625,2.75
8/20/2023 4:47,5.1875,6.1875,5.875,4.75,3.625,2.75
8/20/2023 6:47,4.8125,5.9375,5.8125,4.75,3.5625,2.75
8/20/2023 8:47,4.8125,5.75,5.6875,4.6875,3.5625,2.6875
8/20/2023 10:47,5.125,5.625,5.625,4.6875,3.5625,2.6875
8/20/2023 12:47,5.875,5.625,5.5625,4.625,3.5,2.6875
8/20/2023 14:47,6.625,5.8125,5.4375,4.5625,3.5,2.6875
8/20/2023 16:47,7.4375,6,5.4375,4.5625,3.4375,2.625
8/20/2023 18:47,7.5625,6.1875,5.375,4.5,3.4375,2.625
8/20/2023 20:47,7.25,6.3125,5.3125,4.4375,3.375,2.625
8/20/2023 22:47,6.75,6.25,5.3125,4.375,3.375,2.5625
8/21/2023 0:47,6.3125,6.1875,5.3125,4.375,3.3125,2.5625
8/21/2023 2:47,6,6.0625,5.3125,4.3125,3.3125,2.5625
8/21/2023 4:47,5.75,5.9375,5.3125,4.3125,3.25,2.5625
8/21/2023 6:47,5.5,5.8125,5.25,4.25,3.25,2.5
8/21/2023 8:47,5.5625,5.6875,5.1875,4.25,3.25,2.5
8/21/2023 10:47,6,5.6875,5.1875,4.1875,3.25,2.4375
8/21/2023 12:47,6.5625,5.75,5.125,4.1875,3.1875,2.4375
8/21/2023 14:47,7.0625,5.875,5.0625,4.125,3.125,2.4375
8/21/2023 16:47,7.4375,6.0625,5.0625,4.0625,3.125,2.375
8/21/2023 18:47,8.125,6.3125,5.0625,4.0625,3.125,2.375
8/21/2023 20:47,7.75,6.5,5.0625,4.0625,3.0625,2.375
8/21/2023 22:47,6.9375,6.4375,5.125,4.0625,3.0625,2.375
8/22/2023 0:47,6.125,6.3125,5.125,4,3.0625,2.375
8/22/2023 2:47,5.625,6.0625,5.1875,4,3,2.375
8/22/2023 4:47,5.1875,5.8125,5.125,4,3,2.3125
8/22/2023 6:47,4.9375,5.5625,5.125,4,3,2.3125
8/22/2023 8:47,5.1875,5.4375,5.0625,4,3,2.3125
8/22/2023 10:47,6.1875,5.4375,5,4,2.9375,2.3125
8/22/2023 12:47,7.25,5.625,4.9375,3.9375,2.9375,2.25
8/22/2023 14:47,8.0625,5.9375,4.875,3.9375,2.9375,2.25
8/22/2023 16:47,8.8125,6.3125,4.875,3.9375,2.9375,2.25
8/22/2023 18:47,8.8125,6.5625,4.9375,3.875,2.9375,2.25
8/22/2023 20:47,8.25,6.75,5,3.875,2.9375,2.25
8/22/2023 22:47,7.0625,6.6875,5.0625,3.875,2.875,2.25
8/23/2023 0:47,5.9375,6.4375,5.125,3.875,2.875,2.25
8/23/2023 2:47,5,6.0625,5.125,3.875,2.875,2.1875
8/23/2023 4:47,4.5625,5.75,5.125,3.875,2.875,2.1875
8/23/2023 6:47,4.1875,5.4375,5.0625,3.875,2.875,2.1875
8/23/2023 8:47,4.0625,5.1875,5,3.875,2.875,2.1875
8/23/2023 10:47,4.3125,5,4.875,3.875,2.8125,2.1875
8/23/2023 12:47,5.1875,4.9375,4.8125,3.8125,2.875,2.125
8/23/2023 14:47,6.5625,5.125,4.75,3.8125,2.8125,2.1875
8/23/2023 16:47,7.5,5.4375,4.6875,3.8125,2.8125,2.125
8/23/2023 18:47,7.6875,5.6875,4.6875,3.75,2.8125,2.125
8/23/2023 20:47,7.0625,5.875,4.6875,3.75,2.8125,2.125
8/23/2023 22:47,6.125,5.875,4.6875,3.6875,2.75,2.125
8/24/2023 0:47,5.4375,5.6875,4.6875,3.6875,2.75,2.125
8/24/2023 2:47,4.875,5.4375,4.6875,3.6875,2.75,2.125
8/24/2023 4:47,4.3125,5.25,4.6875,3.6875,2.75,2.125
8/24/2023 6:47,4,5,4.625,3.625,2.75,2.125
8/24/2023 8:47,3.875,4.75,4.5625,3.625,2.75,2.0625
8/24/2023 10:47,4.25,4.625,4.5,3.625,2.6875,2.0625
8/24/2023 12:47,5.125,4.6875,4.4375,3.625,2.6875,2.0625
8/24/2023 14:47,5.9375,4.8125,4.375,3.5625,2.6875,2.0625
8/24/2023 16:47,6.6875,5.0625,4.3125,3.5625,2.6875,2.0625
8/24/2023 18:47,6.5,5.25,4.3125,3.5,2.625,2.0625
8/24/2023 20:47,6.0625,5.3125,4.3125,3.5,2.625,2
8/24/2023 22:47,5.5,5.25,4.3125,3.4375,2.625,2
8/25/2023 0:47,5.125,5.125,4.3125,3.4375,2.625,2
8/25/2023 2:47,4.875,5,4.3125,3.4375,2.5625,2
8/25/2023 4:47,4.625,4.9375,4.3125,3.4375,2.5625,2
8/25/2023 6:47,4.375,4.75,4.25,3.4375,2.5625,2
8/25/2023 8:47,4.125,4.625,4.25,3.375,2.5625,2
8/25/2023 10:47,4.125,4.5,4.1875,3.375,2.5625,2
8/25/2023 12:47,4.375,4.4375,4.125,3.375,2.5,1.9375
8/25/2023 14:47,4.6875,4.4375,4.125,3.3125,2.5,1.9375
8/25/2023 16:47,4.75,4.4375,4.0625,3.3125,2.5,1.9375
8/25/2023 18:47,4.75,4.4375,4,3.3125,2.5,1.9375
8/25/2023 20:47,4.5625,4.4375,4,3.25,2.5,1.9375
8/25/2023 22:47,4.25,4.375,3.9375,3.25,2.4375,1.9375
8/26/2023 0:47,3.9375,4.25,3.9375,3.25,2.4375,1.875
8/26/2023 2:47,3.625,4.1875,3.875,3.1875,2.4375,1.875
8/26/2023 4:47,3.375,4,3.8125,3.1875,2.4375,1.875
8/26/2023 6:47,3.3125,3.875,3.75,3.125,2.375,1.875
8/26/2023 8:47,3.5625,3.8125,3.75,3.125,2.375,1.875
8/26/2023 10:47,4.375,3.875,3.6875,3.0625,2.375,1.875
8/26/2023 12:47,4.9375,4,3.625,3.0625,2.3125,1.875
8/26/2023 14:47,5.8125,4.1875,3.625,3.0625,2.3125,1.8125
8/26/2023 16:47,6.125,4.375,3.625,3,2.3125,1.8125
8/26/2023 18:47,6.3125,4.625,3.5625,2.9375,2.3125,1.8125
8/26/2023 20:47,6.3125,4.8125,3.625,2.9375,2.25,1.8125
8/26/2023 22:47,6.125,4.875,3.6875,2.9375,2.25,1.8125
8/27/2023 0:47,5.9375,4.9375,3.6875,2.9375,2.25,1.75
8/27/2023 2:47,5.9375,4.9375,3.75,2.9375,2.25,1.75
8/27/2023 4:47,5.875,4.9375,3.8125,2.9375,2.1875,1.75
8/27/2023 6:47,5.875,5,3.8125,2.875,2.1875,1.75
8/27/2023 8:47,6.125,5,3.8125,2.875,2.1875,1.6875
8/27/2023 10:47,6.5625,5.125,3.8125,2.875,2.1875,1.75
8/27/2023 12:47,7.4375,5.25,3.875,2.9375,2.1875,1.75
8/27/2023 14:47,8.4375,5.5625,3.9375,2.9375,2.1875,1.6875
8/27/2023 16:47,9.0625,5.9375,4,2.9375,2.1875,1.6875
8/27/2023 18:47,9.125,6.25,4.0625,2.9375,2.1875,1.6875
8/27/2023 20:47,8.75,6.4375,4.1875,2.9375,2.1875,1.6875
8/27/2023 22:47,7.9375,6.4375,4.25,3,2.1875,1.6875
8/28/2023 0:47,7.125,6.375,4.375,3,2.1875,1.6875
8/28/2023 2:47,6.3125,6.1875,4.4375,3.0625,2.1875,1.6875
8/28/2023 4:47,5.9375,5.9375,4.5,3.0625,2.1875,1.6875
8/28/2023 6:47,5.625,5.75,4.5,3.125,2.1875,1.6875
8/28/2023 8:47,5.3125,5.5625,4.5,3.125,2.25,1.6875
8/28/2023 10:47,5.3125,5.375,4.5,3.1875,2.25,1.6875
8/28/2023 12:47,5.3125,5.3125,4.4375,3.1875,2.25,1.75
8/28/2023 14:47,5.9375,5.3125,4.4375,3.1875,2.25,1.75
8/28/2023 16:47,6.25,5.3125,4.375,3.25,2.3125,1.6875
8/28/2023 18:47,6.4375,5.4375,4.375,3.1875,2.3125,1.75
8/28/2023 20:47,6.125,5.4375,4.375,3.25,2.3125,1.75
8/28/2023 22:47,5.5625,5.375,4.3125,3.25,2.3125,1.75
8/29/2023 0:47,5.0625,5.25,4.3125,3.25,2.3125,1.75
8/29/2023 2:47,4.5,5.0625,4.3125,3.25,2.3125,1.75
8/29/2023 4:47,3.875,4.8125,4.25,3.1875,2.3125,1.75
8/29/2023 6:47,3.5,4.5625,4.1875,3.1875,2.3125,1.75
8/29/2023 8:47,3.4375,4.375,4.125,3.1875,2.3125,1.75
8/29/2023 10:47,3.625,4.25,4.0625,3.1875,2.3125,1.75
8/29/2023 12:47,4.1875,4.1875,4,3.1875,2.375,1.8125
8/29/2023 14:47,4.75,4.25,3.9375,3.1875,2.375,1.8125
8/29/2023 16:47,5.25,4.375,3.875,3.125,2.3125,1.8125
8/29/2023 18:47,5.25,4.4375,3.8125,3.125,2.3125,1.8125
8/29/2023 20:47,5.125,4.5,3.8125,3.125,2.3125,1.75
8/29/2023 22:47,4.8125,4.5,3.8125,3.0625,2.3125,1.8125
8/30/2023 0:47,4.4375,4.375,3.75,3.0625,2.3125,1.8125
8/30/2023 2:47,4.125,4.3125,3.75,3,2.3125,1.75
8/30/2023 4:47,3.875,4.1875,3.75,3,2.25,1.8125
8/30/2023 6:47,3.75,4.0625,3.6875,3,2.3125,1.8125
8/30/2023 8:47,3.875,4,3.6875,3,2.25,1.75
8/30/2023 10:47,4.25,4,3.625,2.9375,2.25,1.75
8/30/2023 12:47,5.0625,4.0625,3.625,2.9375,2.1875,1.75
8/30/2023 14:47,6.3125,4.3125,3.5625,2.9375,2.1875,1.75
8/30/2023 16:47,7.375,4.6875,3.5625,2.875,2.1875,1.75
8/30/2023 18:47,7.625,5.0625,3.625,2.875,2.1875,1.75
8/30/2023 20:47,7.3125,5.3125,3.6875,2.875,2.1875,1.6875
8/30/2023 22:47,7.0625,5.4375,3.75,2.8125,2.1875,1.6875
8/31/2023 0:47,6.75,5.5,3.8125,2.875,2.125,1.6875
8/31/2023 2:47,6.5,5.4375,3.875,2.875,2.125,1.6875
8/31/2023 4:47,6.1875,5.4375,3.9375,2.875,2.125,1.6875
8/31/2023 6:47,5.9375,5.375,4,2.875,2.125,1.6875
8/31/2023 8:47,5.8125,5.25,4,2.9375,2.125,1.6875
8/31/2023 10:47,6.1875,5.25,4.0625,2.9375,2.125,1.6875
8/31/2023 12:47,7,5.375,4.0625,2.9375,2.125,1.6875
8/31/2023 14:47,8.0625,5.5625,4.0625,2.9375,2.125,1.6875
8/31/2023 16:47,8.9375,5.9375,4.125,3,2.125,1.6875
8/31/2023 18:47,8.8125,6.25,4.1875,3,2.125,1.6875
8/31/2023 20:47,8.3125,6.375,4.25,3,2.125,1.6875
8/31/2023 22:47,7.6875,6.375,4.375,3,2.1875,1.625
9/1/2023 0:47,7.1875,6.3125,4.4375,3,2.1875,1.6875
9/1/2023 2:47,6.75,6.1875,4.4375,3.0625,2.1875,1.6875
9/1/2023 4:47,6.4375,6.0625,4.5,3.125,2.1875,1.6875
9/1/2023 6:47,6.125,5.875,4.5625,3.125,2.1875,1.6875
9/1/2023 8:47,6,5.75,4.5625,3.1875,2.1875,1.6875
9/1/2023 10:47,6.25,5.6875,4.5625,3.1875,2.25,1.6875
9/1/2023 12:47,6.9375,5.6875,4.5,3.1875,2.25,1.6875
9/1/2023 14:47,7.375,5.875,4.5,3.25,2.25,1.6875
9/1/2023 16:47,7.75,6,4.5,3.25,2.25,1.6875
9/1/2023 18:47,7.8125,6.125,4.5625,3.25,2.25,1.75
9/1/2023 20:47,7.5,6.1875,4.5625,3.25,2.3125,1.6875
9/1/2023 22:47,7.0625,6.125,4.5625,3.25,2.3125,1.75
9/2/2023 0:47,6.5625,6.0625,4.625,3.25,2.3125,1.75
9/2/2023 2:47,5.875,5.875,4.625,3.3125,2.3125,1.75
9/2/2023 4:47,5.1875,5.625,4.625,3.3125,2.3125,1.75
9/2/2023 6:47,4.625,5.3125,4.625,3.3125,2.3125,1.75
9/2/2023 8:47,4.125,5.0625,4.5625,3.3125,2.375,1.75
9/2/2023 10:47,3.9375,4.75,4.5,3.375,2.375,1.75
9/2/2023 12:47,4.0625,4.625,4.4375,3.375,2.375,1.8125
9/2/2023 14:47,4.75,4.5625,4.3125,3.3125,2.375,1.8125
9/2/2023 16:47,5.5625,4.6875,4.25,3.3125,2.375,1.8125
9/2/2023 18:47,5.8125,4.875,4.25,3.3125,2.375,1.8125
9/2/2023 20:47,5.375,4.9375,4.1875,3.3125,2.375,1.8125
9/2/2023 22:47,4.5625,4.8125,4.1875,3.25,2.375,1.8125
9/3/2023 0:47,3.875,4.625,4.125,3.25,2.375,1.8125
9/3/2023 2:47,3.375,4.375,4.125,3.25,2.375,1.8125
9/3/2023 4:47,2.875,4.125,4,3.1875,2.375,1.8125
9/3/2023 6:47,2.5625,3.875,3.9375,3.1875,2.375,1.8125
9/3/2023 8:47,2.625,3.6875,3.875,3.1875,2.375,1.8125
9/3/2023 10:47,3,3.625,3.8125,3.125,2.3125,1.8125
9/3/2023 12:47,3.3125,3.5625,3.6875,3.125,2.3125,1.8125
9/3/2023 14:47,3.6875,3.5625,3.625,3.125,2.3125,1.8125
9/3/2023 16:47,4,3.625,3.5625,3.0625,2.3125,1.8125
9/3/2023 18:47,4.5,3.75,3.5,3,2.3125,1.8125
9/3/2023 20:47,4.5625,3.8125,3.5,2.9375,2.3125,1.8125
9/3/2023 22:47,4.3125,3.875,3.4375,2.9375,2.25,1.8125
9/4/2023 0:47,4.0625,3.875,3.4375,2.875,2.25,1.75
9/4/2023 2:47,3.875,3.875,3.4375,2.875,2.25,1.8125
9/4/2023 4:47,3.8125,3.8125,3.375,2.8125,2.1875,1.75
9/4/2023 6:47,3.6875,3.75,3.375,2.8125,2.1875,1.75
9/4/2023 8:47,3.375,3.6875,3.375,2.8125,2.1875,1.75
9/4/2023 10:47,3.125,3.5625,3.3125,2.8125,2.1875,1.75
9/4/2023 12:47,3.6875,3.5,3.3125,2.75,2.125,1.75
9/4/2023 14:47,4.1875,3.5625,3.25,2.75,2.125,1.75
9/4/2023 16:47,5,3.75,3.25,2.6875,2.125,1.6875
9/4/2023 18:47,5.125,3.9375,3.25,2.6875,2.0625,1.6875
9/4/2023 20:47,4.6875,4,3.25,2.6875,2.125,1.6875
9/4/2023 22:47,4.0625,3.9375,3.25,2.6875,2.0625,1.6875
9/5/2023 0:47,3.625,3.8125,3.25,2.6875,2.0625,1.625
9/5/2023 2:47,3.5,3.75,3.25,2.625,2,1.625
9/5/2023 4:47,3.375,3.625,3.25,2.625,2,1.625
9/5/2023 6:47,3.25,3.5,3.1875,2.625,2,1.625
9/5/2023 8:47,3.3125,3.4375,3.1875,2.625,2,1.625
9/5/2023 10:47,3.5625,3.4375,3.1875,2.5625,2,1.625
9/5/2023 12:47,4,3.4375,3.125,2.5625,2,1.5625
9/5/2023 14:47,4.1875,3.5625,3.125,2.5625,1.9375,1.5625
9/5/2023 16:47,4.4375,3.625,3.125,2.5625,1.9375,1.5625
9/5/2023 18:47,4.5,3.6875,3.0625,2.5,1.9375,1.5625
9/5/2023 20:47,4.1875,3.75,3.0625,2.5,1.9375,1.5625
9/5/2023 22:47,3.875,3.6875,3.0625,2.5,1.9375,1.5625
9/6/2023 0:47,3.5,3.625,3.0625,2.5,1.9375,1.5625
9/6/2023 2:47,3.1875,3.5,3.0625,2.5,1.875,1.5
9/6/2023 4:47,3,3.375,3.0625,2.5,1.875,1.5
9/6/2023 6:47,2.75,3.3125,3,2.5,1.875,1.5
9/6/2023 8:47,2.8125,3.1875,3,2.4375,1.875,1.5
9/6/2023 10:47,3.4375,3.1875,3,2.4375,1.875,1.5
9/6/2023 12:47,4.0625,3.25,2.9375,2.4375,1.875,1.5
9/6/2023 14:47,4.625,3.375,2.9375,2.375,1.8125,1.5
9/6/2023 16:47,5,3.625,2.9375,2.375,1.8125,1.4375
9/6/2023 18:47,4.9375,3.75,2.9375,2.375,1.8125,1.4375
9/6/2023 20:47,4.6875,3.8125,2.9375,2.375,1.8125,1.4375
9/6/2023 22:47,4.3125,3.8125,2.9375,2.375,1.75,1.4375
9/7/2023 0:47,4.0625,3.75,2.9375,2.3125,1.8125,1.4375
9/7/2023 2:47,3.8125,3.6875,3,2.3125,1.8125,1.4375
9/7/2023 4:47,3.5,3.625,3,2.3125,1.75,1.4375
9/7/2023 6:47,3,3.5,3,2.3125,1.75,1.4375
9/7/2023 8:47,2.5625,3.3125,3,2.3125,1.75,1.375
9/7/2023 10:47,2.5625,3.1875,2.9375,2.375,1.75,1.4375
9/7/2023 12:47,2.625,3.0625,2.9375,2.3125,1.75,1.375
9/7/2023 14:47,3,3.0625,2.875,2.3125,1.75,1.375
9/7/2023 16:47,3.25,3.0625,2.875,2.3125,1.75,1.375
9/7/2023 18:47,2.8125,3,2.8125,2.3125,1.6875,1.375
9/7/2023 20:47,2.625,2.9375,2.75,2.3125,1.75,1.375
9/7/2023 22:47,2.25,2.875,2.75,2.25,1.6875,1.375
9/8/2023 0:47,2,2.75,2.6875,2.25,1.6875,1.375
9/8/2023 2:47,1.8125,2.625,2.6875,2.25,1.6875,1.375
9/8/2023 4:47,1.5625,2.5,2.625,2.1875,1.6875,1.375
9/8/2023 6:47,1.375,2.3125,2.5625,2.1875,1.6875,1.375
9/8/2023 8:47,1.3125,2.25,2.5,2.1875,1.6875,1.375
9/8/2023 10:47,1.4375,2.125,2.4375,2.1875,1.6875,1.3125
9/8/2023 12:47,1.9375,2.125,2.375,2.125,1.625,1.375
9/8/2023 14:47,3.0625,2.25,2.3125,2.125,1.625,1.3125
9/8/2023 16:47,3.75,2.5,2.25,2.0625,1.625,1.3125
9/8/2023 18:47,3.9375,2.6875,2.25,2.0625,1.625,1.3125
9/8/2023 20:47,3.6875,2.875,2.25,2,1.5625,1.3125
9/8/2023 22:47,3.0625,2.875,2.3125,2,1.5625,1.3125
9/9/2023 0:47,2.4375,2.75,2.3125,2,1.5625,1.3125
9/9/2023 2:47,1.875,2.625,2.3125,1.9375,1.5625,1.25
9/9/2023 4:47,1.5,2.4375,2.3125,1.9375,1.5625,1.25
9/9/2023 6:47,1.1875,2.25,2.25,1.9375,1.5,1.25
9/9/2023 8:47,1.0625,2.0625,2.25,1.9375,1.5,1.25
9/9/2023 10:47,1.5,1.9375,2.1875,1.875,1.5,1.25
9/9/2023 12:47,2.4375,2,2.125,1.875,1.5,1.1875
9/9/2023 14:47,3.3125,2.25,2.125,1.875,1.5,1.1875
9/9/2023 16:47,3.75,2.4375,2.0625,1.875,1.4375,1.1875
9/9/2023 18:47,4,2.6875,2.0625,1.8125,1.4375,1.1875
9/9/2023 20:47,3.875,2.8125,2.125,1.8125,1.4375,1.1875
9/9/2023 22:47,3.5625,2.875,2.125,1.8125,1.375,1.1875
9/10/2023 0:47,3.375,2.875,2.125,1.8125,1.375,1.1875
9/10/2023 2:47,3,2.8125,2.1875,1.75,1.375,1.125
9/10/2023 4:47,2.5625,2.75,2.1875,1.75,1.375,1.1875
9/10/2023 6:47,2.3125,2.625,2.1875,1.75,1.375,1.125
9/10/2023 8:47,2.375,2.5625,2.1875,1.75,1.375,1.125
9/10/2023 10:47,2.8125,2.5,2.1875,1.75,1.375,1.125
9/10/2023 12:47,3.6875,2.625,2.1875,1.75,1.3125,1.125
9/10/2023 14:47,4.75,2.875,2.1875,1.75,1.3125,1.125
9/10/2023 16:47,5.6875,3.1875,2.1875,1.75,1.3125,1.125
9/10/2023 18:47,5.8125,3.5,2.25,1.75,1.3125,1.125
9/10/2023 20:47,5.4375,3.75,2.3125,1.75,1.3125,1.0625
9/10/2023 22:47,4.75,3.8125,2.375,1.75,1.3125,1.0625
9/11/2023 0:47,4.25,3.6875,2.4375,1.75,1.3125,1.0625
9/11/2023 2:47,4,3.625,2.5,1.75,1.3125,1.0625
9/11/2023 4:47,3.8125,3.5,2.5625,1.8125,1.3125,1.0625
9/11/2023 6:47,3.6875,3.4375,2.5625,1.8125,1.3125,1.0625
9/11/2023 8:47,3.5625,3.375,2.5625,1.8125,1.3125,1.0625
9/11/2023 10:47,4.0625,3.375,2.5625,1.8125,1.3125,1.0625
9/11/2023 12:47,4.875,3.5,2.5625,1.875,1.3125,1.0625
9/11/2023 14:47,5.375,3.6875,2.625,1.875,1.3125,1.0625
9/11/2023 16:47,5.9375,3.875,2.625,1.875,1.3125,1.0625
9/11/2023 18:47,6,4.125,2.6875,1.875,1.3125,1.0625
9/11/2023 20:47,5.8125,4.25,2.75,1.9375,1.3125,1.0625
9/11/2023 22:47,5.5625,4.3125,2.8125,1.9375,1.375,1.0625
9/12/2023 0:47,5.25,4.3125,2.875,1.9375,1.375,1.0625
9/12/2023 2:47,5,4.25,2.9375,1.9375,1.375,1.0625
9/12/2023 4:47,4.6875,4.1875,2.9375,2,1.375,1.0625
9/12/2023 6:47,4.4375,4.125,3,2,1.375,1.0625
9/12/2023 8:47,4.25,4,3,2.0625,1.375,1.0625
9/12/2023 10:47,4.25,3.9375,3,2.0625,1.4375,1.125
9/12/2023 12:47,4.4375,3.9375,3,2.0625,1.4375,1.125
9/12/2023 14:47,4.625,3.9375,3,2.125,1.4375,1.125
9/12/2023 16:47,4.75,3.9375,3,2.125,1.4375,1.125
9/12/2023 18:47,4.8125,4,3,2.125,1.4375,1.125
9/12/2023 20:47,4.6875,4,3.0625,2.125,1.5,1.125
9/12/2023 22:47,4.4375,3.9375,3.0625,2.125,1.5,1.125
9/13/2023 0:47,4.1875,3.9375,3.0625,2.125,1.5,1.125
9/13/2023 2:47,3.9375,3.8125,3.0625,2.1875,1.5,1.1875
9/13/2023 4:47,3.6875,3.75,3,2.1875,1.5,1.1875
9/13/2023 6:47,3.4375,3.625,3,2.1875,1.5,1.1875
9/13/2023 8:47,3.3125,3.5625,3,2.1875,1.5625,1.1875
9/13/2023 10:47,3.5625,3.4375,3,2.1875,1.5625,1.1875
9/13/2023 12:47,4.125,3.5,2.9375,2.1875,1.5625,1.1875
9/13/2023 14:47,5.0625,3.625,2.9375,2.1875,1.5625,1.1875
9/13/2023 16:47,5.4375,3.8125,2.9375,2.1875,1.5625,1.1875
9/13/2023 18:47,5.5,4,2.9375,2.1875,1.5625,1.25
9/13/2023 20:47,4.875,4.0625,2.9375,2.1875,1.5625,1.25
9/13/2023 22:47,4.0625,4,3,2.1875,1.5625,1.1875
9/14/2023 0:47,3.5,3.8125,3,2.1875,1.5625,1.1875
9/14/2023 2:47,2.9375,3.625,3,2.1875,1.5625,1.25
9/14/2023 4:47,2.375,3.375,3,2.1875,1.5625,1.25
9/14/2023 6:47,1.9375,3.1875,2.9375,2.25,1.5625,1.25
9/14/2023 8:47,1.625,2.9375,2.875,2.1875,1.5625,1.25
9/14/2023 10:47,1.6875,2.75,2.875,2.1875,1.5625,1.25
9/14/2023 12:47,2.4375,2.6875,2.8125,2.25,1.5625,1.25
9/14/2023 14:47,3.5,2.75,2.6875,2.1875,1.625,1.25
9/14/2023 16:47,4.25,2.9375,2.6875,2.1875,1.5625,1.25
9/14/2023 18:47,4.375,3.125,2.625,2.1875,1.5625,1.25
9/14/2023 20:47,3.9375,3.25,2.625,2.125,1.625,1.25
9/14/2023 22:47,3.3125,3.25,2.625,2.125,1.5625,1.25
9/15/2023 0:47,2.6875,3.125,2.625,2.125,1.5625,1.25
9/15/2023 2:47,2.1875,2.9375,2.625,2.125,1.5625,1.25
9/15/2023 4:47,1.8125,2.75,2.625,2.125,1.5625,1.25
9/15/2023 6:47,1.625,2.5625,2.5625,2.0625,1.5625,1.25
9/15/2023 8:47,1.625,2.4375,2.5625,2.0625,1.5,1.25
9/15/2023 10:47,1.875,2.375,2.5,2.0625,1.5625,1.25
9/15/2023 12:47,2.375,2.375,2.4375,2,1.5,1.25
9/15/2023 14:47,3,2.4375,2.375,2,1.5625,1.25
9/15/2023 16:47,3.625,2.5625,2.375,2,1.5,1.25
9/15/2023 18:47,3.8125,2.75,2.3125,2,1.5,1.25
9/15/2023 20:47,3.5625,2.875,2.3125,1.9375,1.5,1.25
9/15/2023 22:47,3.0625,2.875,2.3125,1.9375,1.5,1.1875
9/16/2023 0:47,2.625,2.8125,2.3125,1.9375,1.5,1.1875
9/16/2023 2:47,2.0625,2.6875,2.3125,1.9375,1.5,1.1875
9/16/2023 4:47,1.625,2.5,2.3125,1.875,1.4375,1.25
9/16/2023 6:47,1.3125,2.3125,2.3125,1.875,1.4375,1.1875
9/16/2023 8:47,1.1875,2.125,2.25,1.875,1.4375,1.1875
9/16/2023 10:47,1.1875,2,2.1875,1.875,1.4375,1.1875
9/16/2023 12:47,1.3125,1.9375,2.1875,1.875,1.4375,1.1875
9/16/2023 14:47,1.625,1.875,2.125,1.875,1.375,1.1875
9/16/2023 16:47,2.125,1.9375,2.0625,1.8125,1.4375,1.1875
9/16/2023 18:47,2.4375,2,2,1.8125,1.4375,1.1875
9/16/2023 20:47,2.3125,2.0625,2,1.8125,1.375,1.1875
9/16/2023 22:47,2.1875,2.125,1.9375,1.75,1.375,1.1875
9/17/2023 0:47,1.875,2.0625,1.9375,1.75,1.375,1.125
9/17/2023 2:47,1.5625,2,1.9375,1.75,1.375,1.125
9/17/2023 4:47,1.1875,1.875,1.9375,1.6875,1.3125,1.125
9/17/2023 6:47,1,1.75,1.875,1.6875,1.3125,1.125
9/17/2023 8:47,1,1.625,1.8125,1.6875,1.3125,1.125
9/17/2023 10:47,1.25,1.625,1.8125,1.625,1.3125,1.125
9/17/2023 12:47,1.9375,1.625,1.75,1.625,1.3125,1.125
9/17/2023 14:47,2.625,1.8125,1.6875,1.5625,1.3125,1.0625
9/17/2023 16:47,3.3125,2.0625,1.75,1.5625,1.25,1.0625
9/17/2023 18:47,3.375,2.25,1.75,1.5625,1.25,1.0625
9/17/2023 20:47,3.1875,2.375,1.75,1.5625,1.25,1.0625
9/17/2023 22:47,2.8125,2.4375,1.8125,1.5,1.1875,1.0625
9/18/2023 0:47,2.5625,2.375,1.8125,1.5,1.1875,1
9/18/2023 2:47,2.375,2.3125,1.8125,1.5,1.1875,1.0625
9/18/2023 4:47,2.125,2.25,1.8125,1.5,1.1875,1
9/18/2023 6:47,1.9375,2.1875,1.875,1.5,1.1875,1
9/18/2023 8:47,1.8125,2.0625,1.875,1.5,1.1875,1
9/18/2023 10:47,1.75,2,1.8125,1.5,1.125,1
9/18/2023 12:47,2.125,2,1.8125,1.5,1.125,1
9/18/2023 14:47,2.375,2.0625,1.8125,1.5,1.125,1
9/18/2023 16:47,2.5625,2.0625,1.8125,1.5,1.125,0.9375
9/18/2023 18:47,2.6875,2.1875,1.75,1.5,1.125,0.9375
9/18/2023 20:47,2.4375,2.1875,1.8125,1.5,1.125,0.9375
9/18/2023 22:47,2.0625,2.1875,1.75,1.5,1.125,0.9375
9/19/2023 0:47,1.5625,2.0625,1.8125,1.4375,1.125,0.9375
9/19/2023 2:47,1.4375,1.9375,1.8125,1.4375,1.125,0.9375
9/19/2023 4:47,1.1875,1.8125,1.75,1.4375,1.125,0.9375
9/19/2023 6:47,1.0625,1.6875,1.75,1.4375,1.125,0.9375
9/19/2023 8:47,0.9375,1.5625,1.6875,1.4375,1.125,0.9375
9/19/2023 10:47,1.0625,1.5,1.625,1.4375,1.0625,0.875
9/19/2023 12:47,1.75,1.5,1.625,1.4375,1.125,0.9375
9/19/2023 14:47,2.1875,1.625,1.5625,1.375,1.0625,0.9375
9/19/2023 16:47,2.6875,1.8125,1.5625,1.375,1.0625,0.9375
9/19/2023 18:47,2.5,1.9375,1.5625,1.375,1.0625,0.9375
9/19/2023 20:47,2.125,2,1.5625,1.375,1.0625,0.875
9/19/2023 22:47,1.5625,1.9375,1.5625,1.3125,1.0625,0.875
9/20/2023 0:47,1.0625,1.75,1.5625,1.3125,1.0625,0.875
9/20/2023 2:47,0.75,1.5625,1.5625,1.3125,1,0.875
9/20/2023 4:47,0.5,1.4375,1.5625,1.3125,1,0.875
9/20/2023 6:47,0.375,1.25,1.5,1.3125,1,0.875
9/20/2023 8:47,0.375,1.1875,1.4375,1.3125,1,0.875
9/20/2023 10:47,0.4375,1.0625,1.4375,1.3125,1,0.875
9/20/2023 12:47,0.625,1.0625,1.375,1.3125,1,0.875
9/20/2023 14:47,1.0625,1.0625,1.3125,1.25,0.9375,0.875
9/20/2023 16:47,0.875,1.125,1.3125,1.25,0.9375,0.8125
9/20/2023 18:47,0.75,1.125,1.25,1.25,0.9375,0.8125
9/20/2023 20:47,0.5,1.0625,1.25,1.1875,0.9375,0.875
9/20/2023 22:47,0.375,0.9375,1.1875,1.1875,0.9375,0.8125
9/21/2023 0:47,0.3125,0.875,1.1875,1.125,0.9375,0.8125
9/21/2023 2:47,0.25,0.8125,1.125,1.125,0.875,0.8125
9/21/2023 4:47,0.25,0.75,1.125,1.125,0.875,0.8125
9/21/2023 6:47,0.1875,0.6875,1.0625,1.125,0.9375,0.8125
9/21/2023 8:47,0.125,0.6875,1,1.0625,0.875,0.8125
9/21/2023 10:47,0.125,0.625,1,1.0625,0.8125,0.8125
9/21/2023 12:47,0.1875,0.5625,0.9375,1,0.8125,0.75
9/21/2023 14:47,0.125,0.5625,0.875,1,0.8125,0.75
9/21/2023 16:47,0.125,0.5625,0.875,0.9375,0.8125,0.75
9/21/2023 18:47,0.125,0.5,0.8125,0.9375,0.8125,0.75
9/21/2023 20:47,0.125,0.5,0.8125,0.9375,0.8125,0.75
9/21/2023 22:47,0.125,0.4375,0.75,0.9375,0.75,0.75
9/22/2023 0:47,0.0625,0.4375,0.75,0.875,0.75,0.6875
9/22/2023 2:47,0.125,0.4375,0.6875,0.875,0.6875,0.6875
9/22/2023 4:47,0.0625,0.375,0.6875,0.8125,0.75,0.6875
9/22/2023 6:47,0.0625,0.375,0.625,0.8125,0.6875,0.6875
9/22/2023 8:47,0.0625,0.375,0.625,0.8125,0.6875,0.6875
9/22/2023 10:47,0.0625,0.375,0.625,0.75,0.6875,0.6875
9/22/2023 12:47,0.0625,0.375,0.5625,0.75,0.6875,0.625
9/22/2023 14:47,0.125,0.3125,0.5625,0.6875,0.625,0.625
9/22/2023 16:47,0.125,0.3125,0.5625,0.6875,0.625,0.625
9/22/2023 18:47,0.0625,0.3125,0.5625,0.6875,0.625,0.625
9/22/2023 20:47,0.0625,0.3125,0.5,0.625,0.625,0.625
9/22/2023 22:47,0.0625,0.3125,0.5,0.6875,0.5625,0.5625
9/23/2023 0:47,0.0625,0.25,0.5,0.625,0.5625,0.5625
9/23/2023 2:47,0.0625,0.25,0.4375,0.625,0.5625,0.5625
9/23/2023 4:47,0.0625,0.25,0.4375,0.5625,0.5,0.5625
9/23/2023 6:47,0,0.25,0.4375,0.5625,0.5,0.5625
9/23/2023 8:47,0,0.25,0.4375,0.5625,0.5,0.5
9/23/2023 10:47,0.0625,0.25,0.375,0.5625,0.5,0.5
9/23/2023 12:47,0.0625,0.25,0.375,0.5,0.5,0.5
9/23/2023 14:47,0.0625,0.1875,0.375,0.5,0.5,0.5
9/23/2023 16:47,0.0625,0.1875,0.375,0.5,0.4375,0.5
9/23/2023 18:47,0.0625,0.1875,0.3125,0.5,0.4375,0.5
9/23/2023 20:47,0.0625,0.1875,0.3125,0.5,0.4375,0.4375
9/23/2023 22:47,0.0625,0.1875,0.3125,0.5,0.4375,0.4375
9/24/2023 0:47,0,0.1875,0.3125,0.4375,0.375,0.4375
9/24/2023 2:47,0,0.1875,0.3125,0.4375,0.375,0.4375
9/24/2023 4:47,0,0.1875,0.3125,0.4375,0.375,0.4375
9/24/2023 6:47,0.0625,0.1875,0.25,0.4375,0.375,0.4375
9/24/2023 8:47,0,0.1875,0.25,0.375,0.375,0.4375
9/24/2023 10:47,0,0.125,0.25,0.375,0.375,0.375
9/24/2023 12:47,0.0625,0.1875,0.25,0.375,0.3125,0.375
9/24/2023 14:47,0.0625,0.125,0.25,0.375,0.3125,0.375
9/24/2023 16:47,0.0625,0.125,0.25,0.375,0.3125,0.375
9/24/2023 18:47,0.0625,0.125,0.25,0.375,0.3125,0.375
9/24/2023 20:47,0.0625,0.125,0.25,0.3125,0.3125,0.375
9/24/2023 22:47,0,0.125,0.1875,0.3125,0.3125,0.375
9/25/2023 0:47,0,0.125,0.1875,0.3125,0.3125,0.375
9/25/2023 2:47,0,0.125,0.1875,0.3125,0.25,0.375
9/25/2023 4:47,0,0.125,0.1875,0.3125,0.25,0.375
9/25/2023 6:47,0,0.125,0.1875,0.3125,0.3125,0.3125
9/25/2023 8:47,0,0.125,0.1875,0.3125,0.25,0.3125
9/25/2023 10:47,0,0.125,0.1875,0.25,0.25,0.3125
9/25/2023 12:47,0,0.125,0.1875,0.25,0.25,0.3125
9/25/2023 14:47,0.0625,0.125,0.125,0.25,0.1875,0.3125
9/25/2023 16:47,0,0.125,0.125,0.25,0.1875,0.3125
9/25/2023 18:47,0,0.125,0.125,0.25,0.25,0.3125
9/25/2023 20:47,0,0.0625,0.125,0.25,0.1875,0.3125
9/25/2023 22:47,-0.0625,0.125,0.125,0.25,0.1875,0.3125
9/26/2023 0:47,-0.0625,0.0625,0.125,0.25,0.1875,0.25
9/26/2023 2:47,-0.0625,0.0625,0.125,0.1875,0.1875,0.3125
9/26/2023 4:47,-0.0625,0.0625,0.125,0.25,0.1875,0.25
9/26/2023 6:47,-0.125,0.0625,0.125,0.1875,0.1875,0.25
9/26/2023 8:47,-0.125,0.0625,0.125,0.1875,0.1875,0.25
9/26/2023 10:47,-0.0625,0.0625,0.0625,0.1875,0.1875,0.25
9/26/2023 12:47,0,0.0625,0.125,0.1875,0.1875,0.25
9/26/2023 14:47,0,0.0625,0.125,0.1875,0.125,0.25
9/26/2023 16:47,0,0.0625,0.125,0.1875,0.125,0.25
9/26/2023 18:47,0,0.0625,0.0625,0.1875,0.125,0.25
9/26/2023 20:47,-0.0625,0.0625,0.125,0.1875,0.1875,0.25
9/26/2023 22:47,-0.125,0.0625,0.0625,0.1875,0.125,0.25
9/27/2023 0:47,-0.0625,0.0625,0.0625,0.1875,0.125,0.25
9/27/2023 2:47,-0.0625,0.0625,0.0625,0.1875,0.125,0.1875
9/27/2023 4:47,-0.0625,0.0625,0.0625,0.125,0.125,0.25
9/27/2023 6:47,-0.0625,0.0625,0.0625,0.125,0.125,0.1875
9/27/2023 8:47,-0.0625,0.0625,0.0625,0.125,0.125,0.25
9/27/2023 10:47,0,0.0625,0.0625,0.125,0.125,0.1875
9/27/2023 12:47,0,0.0625,0.0625,0.125,0.125,0.1875
9/27/2023 14:47,0,0.0625,0.0625,0.125,0.125,0.1875
9/27/2023 16:47,0,0.0625,0.0625,0.125,0.125,0.1875
9/27/2023 18:47,0,0.0625,0.0625,0.125,0.125,0.1875
9/27/2023 20:47,0,0.0625,0.0625,0.125,0.125,0.1875
9/27/2023 22:47,-0.0625,0.0625,0.0625,0.125,0.0625,0.1875
9/28/2023 0:47,-0.0625,0,0.0625,0.125,0.0625,0.1875
9/28/2023 2:47,-0.0625,0.0625,0.0625,0.125,0.0625,0.1875
9/28/2023 4:47,-0.125,0.0625,0.0625,0.125,0.125,0.1875
9/28/2023 6:47,-0.0625,0,0.0625,0.125,0.0625,0.1875
9/28/2023 8:47,-0.125,0,0.0625,0.125,0.0625,0.1875
9/28/2023 10:47,-0.0625,0,0.0625,0.0625,0.0625,0.1875
9/28/2023 12:47,-0.0625,0,0.0625,0.125,0.0625,0.125
9/28/2023 14:47,0,0,0,0.125,0.0625,0.1875
9/28/2023 16:47,0,0.0625,0.0625,0.0625,0.0625,0.1875
9/28/2023 18:47,-0.0625,0.0625,0,0.125,0.0625,0.1875
9/28/2023 20:47,-0.125,0,0.0625,0.0625,0.0625,0.1875
9/28/2023 22:47,-0.1875,0.0625,0.0625,0.0625,0.0625,0.125
9/29/2023 0:47,-0.1875,0,0.0625,0.125,0.0625,0.125
9/29/2023 2:47,-0.1875,0,0,0.0625,0.0625,0.125
9/29/2023 4:47,-0.125,0,0,0.125,0.0625,0.125
9/29/2023 6:47,-0.125,0,0,0.0625,0.0625,0.125
9/29/2023 8:47,-0.0625,0,0,0.0625,0,0.125
9/29/2023 10:47,-0.1875,0,0,0.0625,0.0625,0.125
9/29/2023 12:47,0,0.0625,0,0.0625,0.0625,0.125
9/29/2023 14:47,0,0.0625,0,0.0625,0.0625,0.125
9/29/2023 16:47,0,0.0625,0,0.0625,0.0625,0.125
9/29/2023 18:47,0,0.0625,0.0625,0.0625,0.0625,0.125
9/29/2023 20:47,0,0,0,0.0625,0.0625,0.125
9/29/2023 22:47,-0.0625,0,0,0.0625,0.0625,0.125
9/30/2023 0:47,-0.125,0,0,0.0625,0.0625,0.125
9/30/2023 2:47,-0.1875,0,0,0.0625,0.0625,0.125
9/30/2023 4:47,-0.1875,0,0,0.0625,0.0625,0.125
9/30/2023 6:47,-0.1875,0,0,0.0625,0.0625,0.125
9/30/2023 8:47,-0.125,0,0,0.0625,0,0.125
9/30/2023 10:47,-0.0625,0,0,0.0625,0,0.125
9/30/2023 12:47,0,0,0,0.0625,0.0625,0.125
9/30/2023 14:47,0,0,0,0.0625,0,0.125
9/30/2023 16:47,0,0,0,0.0625,0,0.125
9/30/2023 18:47,0,0,0,0.0625,0,0.125
9/30/2023 20:47,-0.1875,0,0,0.0625,0.0625,0.125
9/30/2023 22:47,-0.25,0,0,0.0625,0,0.125
10/1/2023 0:47,-0.25,0,0,0.0625,0,0.125
10/1/2023 2:47,-0.25,0,0,0.0625,0,0.125
10/1/2023 4:47,-0.3125,0,0,0,0,0.125
10/1/2023 6:47,-0.3125,0,0,0.0625,0,0.125
10/1/2023 8:47,-0.3125,0,0,0.0625,0,0.125
10/1/2023 10:47,-0.25,0,0,0.0625,0.0625,0.125
10/1/2023 12:47,-0.0625,0,0,0.0625,0,0.125
10/1/2023 14:47,0,0,0,0.0625,0,0.125
10/1/2023 16:47,-0.0625,0,-0.0625,0.0625,0,0.125
10/1/2023 18:47,-0.125,0,0,0.0625,0,0.125
10/1/2023 20:47,-0.125,0,0,0.0625,0,0.0625
10/1/2023 22:47,-0.125,0,0,0.0625,0,0.125
10/2/2023 0:47,-0.125,0,0,0.0625,0,0.125
10/2/2023 2:47,-0.125,0,0,0,0,0.125
10/2/2023 4:47,-0.125,0,0,0.0625,0,0.125
10/2/2023 6:47,-0.1875,0,0,0.0625,0,0.125
10/2/2023 8:47,-0.25,0,0,0,0,0.125
10/2/2023 10:47,-0.125,0,0,0,0,0.125
10/2/2023 12:47,-0.0625,0,0,0.0625,0,0.125
10/2/2023 14:47,0,0,0,0,0,0.125
10/2/2023 16:47,-0.0625,0,0,0.0625,0,0.125
10/2/2023 18:47,0,0,0,0,0,0.125
10/2/2023 20:47,-0.0625,0,0,0.0625,0,0.125
10/2/2023 22:47,-0.125,0,0,0.0625,0,0.125
10/3/2023 0:47,-0.125,0,0,0,0,0.125
10/3/2023 2:47,-0.125,0,0,0,0,0.125
10/3/2023 4:47,-0.125,0,0,0,0,0.0625
10/3/2023 6:47,-0.125,0,0,0,0,0.125
10/3/2023 8:47,-0.125,0,0,0.0625,0,0.125
10/3/2023 10:47,-0.0625,0,0,0,0,0.0625
10/3/2023 12:47,-0.0625,0,0,0,0,0.125
10/3/2023 14:47,0,0,0,0,0,0.125
10/3/2023 16:47,-0.0625,0,0,0,0,0.125
10/3/2023 18:47,-0.0625,0,0,0,0,0.0625
10/3/2023 20:47,-0.0625,0,0,0.0625,0,0.125
10/3/2023 22:47,-0.125,0,0,0,0,0.0625
10/4/2023 0:47,-0.1875,0,0,0,0,0.125
10/4/2023 2:47,-0.1875,0,0,0,0,0.125
10/4/2023 4:47,-0.1875,0,0,0,0,0.0625
10/4/2023 6:47,-0.25,0,0,0,0,0.125
10/4/2023 8:47,-0.25,0,0,0,0,0.125
10/4/2023 10:47,-0.25,0,0,0,0,0.0625
10/4/2023 12:47,-0.1875,0,0,0,0,0.0625
10/4/2023 14:47,-0.125,0,-0.0625,0,0,0.125
10/4/2023 16:47,-0.125,0,0,0,0,0.0625
10/4/2023 18:47,-0.1875,0,0,0,0,0.125
10/4/2023 20:47,-0.25,0,0,0,0,0.125
10/4/2023 22:47,-0.1875,0,-0.0625,0,0,0.125
10/5/2023 0:47,-0.1875,0,0,0,0,0.0625
10/5/2023 2:47,-0.3125,0,0,0,0,0.0625
10/5/2023 4:47,-0.25,0,0,0,0,0.125
10/5/2023 6:47,-0.25,0,0,0,0,0.125
10/5/2023 8:47,-0.1875,0,0,0,0,0.0625
10/5/2023 10:47,-0.1875,0,0,0,0,0.0625
10/5/2023 12:47,-0.1875,0,-0.0625,0,0,0.0625
10/5/2023 14:47,-0.1875,0,0,0,-0.0625,0.0625
10/5/2023 16:47,-0.125,0,0,0,0,0.0625
10/5/2023 18:47,-0.1875,0,0,0,0,0.0625
10/5/2023 20:47,-0.25,0,-0.0625,0,0,0.0625
10/5/2023 22:47,-0.375,0,0,0,-0.0625,0.125
10/6/2023 0:47,-0.5625,0,-0.0625,0,0,0.0625
10/6/2023 2:47,-0.625,-0.0625,0,0,0,0.0625
10/6/2023 4:47,-0.5,-0.0625,0,0,-0.0625,0.0625
10/6/2023 6:47,-0.375,-0.0625,0,0,0,0.0625
10/6/2023 8:47,-0.25,0,-0.0625,0,0,0.0625
10/6/2023 10:47,-0.3125,0,-0.0625,0,0,0.0625
10/6/2023 12:47,-0.1875,0,0,0,0,0.0625
10/6/2023 14:47,-0.1875,0,0,0,0,0.125
10/6/2023 16:47,-0.125,0,0,0,0,0.0625
10/6/2023 18:47,-0.125,0,-0.0625,0,0,0.0625
10/6/2023 20:47,-0.125,0,0,0,0,0.125
10/6/2023 22:47,-0.125,0,0,0,0,0.0625
10/7/2023 0:47,-0.1875,0,0,0,0,0.0625
10/7/2023 2:47,-0.1875,0,-0.0625,0,0,0.0625
10/7/2023 4:47,-0.1875,0,-0.0625,0,0,0.125
10/7/2023 6:47,-0.1875,0,0,0,0,0.0625
10/7/2023 8:47,-0.1875,0,-0.0625,0,0,0.125
10/7/2023 10:47,-0.1875,0,-0.0625,0,0,0.125
10/7/2023 12:47,-0.1875,0,0,0,0,0.0625
10/7/2023 14:47,-0.125,0,0,0,0,0.0625
10/7/2023 16:47,-0.125,0,0,0,-0.0625,0.0625
10/7/2023 18:47,-0.1875,0,-0.0625,0,0,0.125
10/7/2023 20:47,-0.25,0,-0.0625,0,-0.0625,0.0625
10/7/2023 22:47,-0.3125,0,-0.0625,0,0,0.0625
10/8/2023 0:47,-0.25,0,-0.0625,0,0,0.0625
10/8/2023 2:47,-0.4375,0,0,0,0,0.125
10/8/2023 4:47,-0.5625,0,-0.0625,0,-0.0625,0.125
10/8/2023 6:47,-0.5625,0,-0.0625,0,0,0.0625
10/8/2023 8:47,-0.5625,-0.0625,-0.0625,0,0,0.0625
10/8/2023 10:47,-0.4375,0,-0.0625,0,-0.0625,0.125
10/8/2023 12:47,-0.3125,0,0,0,0,0.0625
10/8/2023 14:47,-0.1875,0,-0.0625,0,0,0.125
10/8/2023 16:47,-0.3125,0,-0.0625,0,0,0.0625
10/8/2023 18:47,-0.625,-0.0625,0,0,0,0.0625
10/8/2023 20:47,-0.8125,-0.0625,-0.0625,0,0,0.125
10/8/2023 22:47,-1,-0.0625,-0.0625,0,0,0.0625
10/9/2023 0:47,-1,-0.0625,-0.0625,0,0,0.0625
10/9/2023 2:47,-1,-0.0625,-0.0625,0,0,0.0625
10/9/2023 4:47,-0.8125,-0.0625,-0.0625,0,0,0.0625
10/9/2023 6:47,-0.5,-0.0625,-0.0625,0,0,0.0625
10/9/2023 8:47,-0.375,-0.0625,-0.0625,0,0,0.0625
10/9/2023 10:47,-0.25,0,0,0,0,0.0625
10/9/2023 12:47,-0.1875,0,-0.0625,0,0,0.0625
10/9/2023 14:47,-0.1875,0,-0.0625,0,0,0.0625
10/9/2023 16:47,-0.125,-0.0625,0,0,0,0.0625
10/9/2023 18:47,-0.125,0,0,0,0,0.0625
10/9/2023 20:47,-0.125,0,0,0,0,0.0625
10/9/2023 22:47,-0.25,0,-0.0625,0,0,0.0625
10/10/2023 0:47,-0.25,0,-0.0625,0,-0.0625,0.0625
10/10/2023 2:47,-0.3125,0,0,0,0,0.0625
10/10/2023 4:47,-0.3125,0,-0.0625,0,0,0.0625
10/10/2023 6:47,-0.25,0,-0.0625,0,0,0.0625
10/10/2023 8:47,-0.25,0,-0.0625,0,-0.0625,0.0625
10/10/2023 10:47,-0.1875,-0.0625,-0.0625,0,0,0.0625
10/10/2023 12:47,-0.1875,0,0,0,0,0.125
10/10/2023 14:47,-0.125,0,0,0,-0.0625,0.125
10/10/2023 16:47,-0.125,0,-0.0625,0,-0.0625,0.0625
10/10/2023 18:47,-0.125,0,-0.0625,0,0,0.0625
10/10/2023 20:47,-0.125,0,0,0,0,0.0625
10/10/2023 22:47,-0.125,-0.0625,0,0,0,0.0625
10/11/2023 0:47,-0.125,0,-0.0625,0,0,0.0625
10/11/2023 2:47,-0.125,0,0,0,0,0.0625
10/11/2023 4:47,-0.125,0,0,0,-0.0625,0.0625
10/11/2023 6:47,-0.125,0,0,0,0,0.0625
10/11/2023 8:47,-0.125,0,-0.0625,0,0,0.0625
10/11/2023 10:47,-0.125,0,-0.0625,0,0,0.0625
10/11/2023 12:47,-0.125,0,-0.0625,0,0,0.0625
10/11/2023 14:47,-0.125,0,-0.0625,0,0,0.0625
10/11/2023 16:47,-0.125,0,0,0,-0.0625,0.0625
10/11/2023 18:47,-0.125,0,-0.0625,0,0,0.0625
10/11/2023 20:47,-0.1875,0,-0.0625,0,0,0.0625
10/11/2023 22:47,-0.3125,-0.0625,0,0,0,0.0625
10/12/2023 0:47,-0.3125,0,-0.0625,0,0,0.0625
10/12/2023 2:47,-0.3125,-0.0625,-0.0625,0,-0.0625,0.0625
10/12/2023 4:47,-0.3125,0,-0.0625,0,0,0.0625
10/12/2023 6:47,-0.25,0,0,0,-0.0625,0.0625
10/12/2023 8:47,-0.25,0,0,0,0,0.0625
10/12/2023 10:47,-0.25,0,-0.0625,0,0,0.0625
10/12/2023 12:47,-0.25,-0.0625,0,0,-0.0625,0.0625
10/12/2023 14:47,-0.25,0,-0.0625,0,0,0.0625
10/12/2023 16:47,-0.1875,0,0,0,0,0.125
10/12/2023 18:47,-0.1875,-0.0625,-0.0625,0,0,0.0625
10/12/2023 20:47,-0.25,0,-0.0625,0,0,0.0625
10/12/2023 22:47,-0.25,-0.0625,-0.0625,0,0,0.125
10/13/2023 0:47,-0.25,0,-0.0625,0,0,0.0625
10/13/2023 2:47,-0.25,0,-0.0625,0,0,0.0625
10/13/2023 4:47,-0.25,0,-0.0625,0,0,0.0625
10/13/2023 6:47,-0.25,0,-0.0625,0,0,0.0625
10/13/2023 8:47,-0.1875,0,-0.0625,0,0,0.0625
10/13/2023 10:47,-0.1875,0,-0.0625,0,0,0.0625
10/13/2023 12:47,-0.125,0,-0.0625,0,-0.0625,0.0625
10/13/2023 14:47,-0.125,0,-0.0625,0,-0.0625,0.0625
10/13/2023 16:47,-0.125,0,-0.0625,0,0,0.0625
10/13/2023 18:47,-0.125,0,-0.0625,0,0,0.0625
10/13/2023 20:47,-0.125,0,-0.0625,0,0,0.0625
10/13/2023 22:47,-0.125,0,-0.0625,0,0,0.0625
10/14/2023 0:47,-0.125,0,0,0,-0.0625,0.125
10/14/2023 2:47,-0.125,0,-0.0625,0,0,0.0625
10/14/2023 4:47,-0.1875,0,-0.0625,0,0,0.125
10/14/2023 6:47,-0.1875,0,-0.0625,0,0,0.0625
10/14/2023 8:47,-0.125,0,-0.0625,0,0,0.0625
10/14/2023 10:47,-0.125,0,-0.0625,0,0,0.0625
10/14/2023 12:47,-0.125,0,0,0,0,0.0625
10/14/2023 14:47,-0.125,0,-0.0625,0,0,0.0625
10/14/2023 16:47,-0.0625,0,0,0,0,0.0625
10/14/2023 18:47,-0.125,0,0,0,0,0.0625
10/14/2023 20:47,-0.0625,0,-0.0625,0,0,0.0625
10/14/2023 22:47,-0.125,0,-0.0625,0,-0.0625,0.0625
10/15/2023 0:47,-0.125,0,0,0,-0.0625,0.0625
10/15/2023 2:47,-0.125,0,-0.0625,0,0,0.0625
10/15/2023 4:47,-0.1875,0,0,0,0,0.0625
10/15/2023 6:47,-0.1875,0,-0.0625,0,-0.0625,0.0625
10/15/2023 8:47,-0.125,0,-0.0625,0,0,0.0625
10/15/2023 10:47,-0.125,0,-0.0625,0,0,0.0625
10/15/2023 12:47,-0.125,0,-0.0625,0,0,0.125
10/15/2023 14:47,-0.0625,0,-0.0625,0,0,0.0625
10/15/2023 16:47,-0.0625,0,-0.0625,0,0,0.0625
10/15/2023 18:47,-0.0625,0,-0.0625,0,0,0.0625
10/15/2023 20:47,-0.0625,0,-0.0625,0,-0.0625,0.0625
10/15/2023 22:47,-0.0625,0,-0.0625,0,0,0.0625
10/16/2023 0:47,-0.125,0,0,0,0,0.125
10/16/2023 2:47,-0.125,0,-0.0625,0,0,0.0625
10/16/2023 4:47,-0.125,0,0,0,-0.0625,0.125
10/16/2023 6:47,-0.125,0,-0.0625,0,0,0.0625
10/16/2023 8:47,-0.125,0,-0.0625,0,0,0.0625
10/16/2023 10:47,-0.1875,-0.0625,-0.0625,0,0,0.0625
10/16/2023 12:47,-0.1875,0,-0.0625,0,-0.0625,0.125
10/16/2023 14:47,-0.1875,0,0,0,0,0.125
10/16/2023 16:47,-0.25,0,0,0,0,0.0625
10/16/2023 18:47,-0.1875,0,-0.0625,0,0,0.0625
10/16/2023 20:47,-0.1875,-0.0625,-0.0625,0,0,0.0625
10/16/2023 22:47,-0.1875,0,-0.0625,0,0,0.125
10/17/2023 0:47,-0.1875,-0.0625,-0.0625,0,-0.0625,0.0625
10/17/2023 2:47,-0.125,0,-0.0625,0,0,0.0625
10/17/2023 4:47,-0.125,0,-0.0625,0,0,0.0625
10/17/2023 6:47,-0.125,0,-0.0625,0,0,0.0625
10/17/2023 8:47,-0.125,0,0,0,0,0.0625
10/17/2023 10:47,-0.125,-0.0625,0,0,-0.0625,0.0625
10/17/2023 12:47,-0.125,0,-0.0625,0,0,0.0625
10/17/2023 14:47,-0.0625,0,-0.0625,0,0,0.0625
10/17/2023 16:47,-0.125,0,0,0,0,0.0625
10/17/2023 18:47,-0.125,0,-0.0625,0,0,0.0625
10/17/2023 20:47,-0.125,0,-0.0625,0,-0.0625,0.0625
10/17/2023 22:47,-0.125,0,-0.0625,0,-0.0625,0.0625
10/18/2023 0:47,-0.125,0,-0.0625,0,0,0.0625
10/18/2023 2:47,-0.125,0,-0.0625,0,0,0.0625
10/18/2023 4:47,-0.125,0,-0.0625,0,0,0.0625
10/18/2023 6:47,-0.125,0,-0.0625,0,0,0.0625
10/18/2023 8:47,-0.125,0,-0.0625,0,0,0.0625
10/18/2023 10:47,-0.125,0,-0.0625,0,-0.0625,0.0625
10/18/2023 12:47,-0.125,-0.0625,-0.0625,0,0,0.125
10/18/2023 14:47,-0.125,0,-0.0625,0,0,0.0625
10/18/2023 16:47,-0.125,0,-0.0625,0,-0.0625,0.0625
10/18/2023 18:47,-0.125,0,-0.0625,0,-0.0625,0.0625
10/18/2023 20:47,-0.125,0,-0.0625,0,-0.0625,0.0625
10/18/2023 22:47,-0.125,-0.0625,-0.0625,0,0,0.0625
10/19/2023 0:47,-0.125,0,-0.0625,0,0,0.0625
10/19/2023 2:47,-0.1875,0,-0.0625,0,0,0.0625
10/19/2023 4:47,-0.1875,0,-0.0625,0,0,0.0625
10/19/2023 6:47,-0.1875,0,-0.0625,0,0,0.0625
10/19/2023 8:47,-0.125,0,-0.0625,0,0,0.0625
10/19/2023 10:47,-0.1875,0,-0.0625,0,0,0.0625
10/19/2023 12:47,-0.1875,0,-0.0625,0,0,0.0625
10/19/2023 14:47,-0.125,0,-0.0625,0,0,0.0625
10/19/2023 16:47,-0.125,0,-0.0625,0,0,0.0625
10/19/2023 18:47,-0.125,0,-0.0625,0,-0.0625,0.0625
10/19/2023 20:47,-0.125,0,-0.0625,0,0,0.0625
10/19/2023 22:47,-0.1875,0,-0.0625,0,0,0.0625
10/20/2023 0:47,-0.125,-0.0625,-0.0625,0,0,0.0625
10/20/2023 2:47,-0.125,-0.0625,-0.0625,0,-0.0625,0.0625
10/20/2023 4:47,-0.125,0,-0.0625,0,0,0.0625
10/20/2023 6:47,-0.125,0,-0.0625,0,-0.0625,0.125
10/20/2023 8:47,-0.125,0,-0.0625,0,0,0.0625
10/20/2023 10:47,-0.125,-0.0625,-0.0625,0,0,0.0625
10/20/2023 12:47,-0.125,0,-0.0625,0,0,0.0625
10/20/2023 14:47,-0.25,0,-0.0625,0,0,0.0625
10/20/2023 16:47,-0.375,-0.0625,-0.0625,0,0,0.0625
10/20/2023 18:47,-0.375,-0.0625,-0.0625,0,-0.0625,0.0625
10/20/2023 20:47,-0.375,-0.0625,-0.0625,0,0,0.0625
10/20/2023 22:47,-0.375,-0.0625,-0.0625,0,0,0.0625
10/21/2023 0:47,-0.375,-0.0625,-0.0625,0,0,0.0625
10/21/2023 2:47,-0.3125,-0.0625,-0.0625,0,0,0.0625
10/21/2023 4:47,-0.3125,-0.0625,-0.0625,0,0,0.0625
10/21/2023 6:47,-0.3125,-0.0625,-0.0625,0,0,0.0625
10/21/2023 8:47,-0.25,-0.0625,-0.0625,0,0,0.0625
10/21/2023 10:47,-0.25,-0.0625,-0.0625,0,0,0.0625
10/21/2023 12:47,-0.25,-0.0625,-0.0625,0,0,0.0625
10/21/2023 14:47,-0.1875,0,-0.0625,0,0,0.0625
10/21/2023 16:47,-0.1875,0,-0.0625,0,0,0.0625
10/21/2023 18:47,-0.1875,-0.0625,0,0,0,0.0625
10/21/2023 20:47,-0.1875,0,-0.0625,0,0,0.0625
10/21/2023 22:47,-0.1875,-0.0625,-0.0625,0,0,0.0625
10/22/2023 0:47,-0.1875,-0.0625,0,0,0,0.0625
10/22/2023 2:47,-0.1875,0,-0.0625,0,-0.0625,0.0625
10/22/2023 4:47,-0.1875,0,-0.0625,0,-0.0625,0.125
10/22/2023 6:47,-0.1875,-0.0625,0,0,0,0.0625
10/22/2023 8:47,-0.125,0,-0.0625,0,0,0.0625
10/22/2023 10:47,-0.1875,0,-0.0625,0,-0.0625,0.0625
10/22/2023 12:47,-0.1875,0,-0.0625,0,0,0.0625
10/22/2023 14:47,-0.125,0,-0.0625,0,0,0.0625
10/22/2023 16:47,-0.125,-0.0625,-0.0625,0,-0.0625,0.0625
10/22/2023 18:47,-0.125,-0.0625,-0.0625,0,0,0.0625
10/22/2023 20:47,-0.125,0,-0.0625,0,-0.0625,0.0625
10/22/2023 22:47,-0.125,0,-0.0625,0,0,0.125
10/23/2023 0:47,-0.125,-0.0625,-0.0625,0,0,0.0625
10/23/2023 2:47,-0.125,0,-0.0625,0,0,0.125
10/23/2023 4:47,-0.125,0,-0.0625,0,0,0.0625
10/23/2023 6:47,-0.1875,-0.0625,-0.0625,0,0,0.0625
10/23/2023 8:47,-0.125,0,-0.0625,0,0,0.0625
10/23/2023 10:47,-0.1875,0,-0.0625,0,0,0.0625
10/23/2023 12:47,-0.1875,0,-0.0625,0,0,0.125
10/23/2023 14:47,-0.1875,0,-0.0625,0,0,0.125
10/23/2023 16:47,-0.125,0,-0.0625,0,-0.0625,0.0625
10/23/2023 18:47,-0.125,0,-0.0625,0,0,0.0625
10/23/2023 20:47,-0.125,0,-0.0625,0,-0.0625,0.0625
10/23/2023 22:47,-0.125,0,-0.0625,0,0,0.0625
10/24/2023 0:47,-0.125,-0.0625,-0.0625,0,0,0.0625
10/24/2023 2:47,-0.125,0,0,0,0,0.0625
10/24/2023 4:47,-0.125,0,-0.0625,0,0,0.0625
10/24/2023 6:47,-0.125,0,-0.0625,0,0,0.0625
10/24/2023 8:47,-0.125,0,-0.0625,0,0,0.0625
10/24/2023 10:47,-0.125,0,-0.0625,0,0,0.0625
10/24/2023 12:47,-0.125,0,-0.0625,0,0,0.125
10/24/2023 14:47,-0.125,0,-0.0625,0,0,0.0625
10/24/2023 16:47,-0.0625,-0.0625,-0.0625,0,0,0.0625
10/24/2023 18:47,-0.0625,0,-0.0625,0,0,0.0625
10/24/2023 20:47,-0.125,0,-0.0625,0,-0.0625,0.125
10/24/2023 22:47,-0.125,0,-0.0625,0,0,0.0625
10/25/2023 0:47,-0.0625,0,-0.0625,0,-0.0625,0.125
10/25/2023 2:47,-0.125,-0.0625,-0.0625,0,-0.0625,0.0625
10/25/2023 4:47,-0.125,0,-0.0625,0,0,0.125
10/25/2023 6:47,-0.125,0,-0.0625,0,0,0.0625
10/25/2023 8:47,-0.125,0,-0.0625,0,0,0.0625
10/25/2023 10:47,-0.125,0,-0.0625,0,0,0.0625
10/25/2023 12:47,-0.125,-0.0625,-0.0625,0,-0.0625,0.0625
10/25/2023 14:47,-0.125,-0.0625,-0.0625,0,0,0.0625
10/25/2023 16:47,-0.1875,0,-0.0625,0,0,0.0625
10/25/2023 18:47,-0.125,0,-0.0625,0,0,0.125
10/25/2023 20:47,-0.1875,0,-0.0625,0,0,0.0625
10/25/2023 22:47,-0.1875,0,-0.0625,0,0,0.0625
10/26/2023 0:47,-0.1875,0,0,0,-0.0625,0.125
10/26/2023 2:47,-0.1875,-0.0625,-0.0625,0,-0.0625,0.0625
10/26/2023 4:47,-0.1875,-0.0625,0,0,-0.0625,0.0625
10/26/2023 6:47,-0.1875,0,-0.0625,0,0,0.0625
10/26/2023 8:47,-0.1875,-0.0625,-0.0625,0,0,0.0625
10/26/2023 10:47,-0.1875,-0.0625,-0.0625,0,0,0.0625
10/26/2023 12:47,-0.1875,0,-0.0625,0,0,0.0625
10/26/2023 14:47,-0.125,0,-0.0625,0,-0.0625,0.0625
10/26/2023 16:47,-0.125,0,-0.0625,0,-0.0625,0.125
10/26/2023 18:47,-0.125,0,-0.0625,0,0,0.0625
10/26/2023 20:47,-0.125,0,0,0,-0.0625,0.0625
10/26/2023 22:47,-0.125,0,0,0,-0.0625,0.0625
10/27/2023 0:47,-0.125,0,-0.0625,0,0,0.0625
10/27/2023 2:47,-0.125,0,-0.0625,0,0,0.0625
10/27/2023 4:47,-0.125,0,-0.0625,0,0,0.125
10/27/2023 6:47,-0.0625,0,-0.0625,0,0,0.0625
10/27/2023 8:47,-0.125,-0.0625,-0.0625,0,0,0.125
10/27/2023 10:47,-0.125,0,-0.0625,0,-0.0625,0.0625
10/27/2023 12:47,-0.0625,0,-0.0625,0,-0.0625,0.0625
10/27/2023 14:47,-0.0625,0,-0.0625,0,-0.0625,0.0625
10/27/2023 16:47,-0.0625,0,-0.0625,0,-0.0625,0.0625
10/27/2023 18:47,-0.0625,-0.0625,-0.0625,0,-0.0625,0.125
10/27/2023 20:47,-0.125,-0.0625,-0.0625,0,0,0.0625
10/27/2023 22:47,-0.125,0,-0.0625,0,0,0.0625
10/28/2023 0:47,-0.125,0,-0.0625,0,0,0.0625
10/28/2023 2:47,-0.0625,0,-0.0625,0,-0.0625,0.0625
10/28/2023 4:47,-0.125,0,-0.0625,0,0,0.0625
10/28/2023 6:47,-0.125,0,-0.0625,0,0,0.0625
10/28/2023 8:47,-0.125,0,-0.0625,0,0,0.125
10/28/2023 10:47,-0.125,0,-0.0625,0,0,0.0625
10/28/2023 12:47,-0.125,-0.0625,-0.0625,0,-0.0625,0.0625
10/28/2023 14:47,-0.125,0,0,0,0,0.0625
10/28/2023 16:47,-0.125,-0.0625,-0.0625,0,0,0.0625
10/28/2023 18:47,-0.125,0,-0.0625,0,0,0.0625
10/28/2023 20:47,-0.0625,-0.0625,-0.0625,0,0,0.0625
10/28/2023 22:47,-0.125,0,-0.0625,0,0,0.0625
10/29/2023 0:47,-0.0625,0,-0.0625,0,-0.0625,0.0625
10/29/2023 2:47,-0.125,0,-0.0625,0,0,0.125
10/29/2023 4:47,-0.0625,0,-0.0625,0,0,0.0625
10/29/2023 6:47,-0.0625,0,-0.0625,0,0,0.0625
10/29/2023 8:47,-0.125,0,-0.0625,0,0,0.0625
10/29/2023 10:47,-0.125,-0.0625,-0.0625,0,0,0.0625
10/29/2023 12:47,-0.125,0,-0.0625,0,0,0.0625
10/29/2023 14:47,-0.125,0,0,0,-0.0625,0.0625
10/29/2023 16:47,-0.125,-0.0625,0,0,-0.0625,0.0625
10/29/2023 18:47,-0.125,0,-0.0625,0,0,0.0625
10/29/2023 20:47,-0.125,0,0,0,0,0.0625
10/29/2023 22:47,-0.0625,0,-0.0625,0,-0.0625,0.0625
10/30/2023 0:47,-0.125,0,-0.0625,0,0,0.0625
10/30/2023 2:47,-0.0625,0,-0.0625,0,-0.0625,0.0625
10/30/2023 4:47,-0.125,-0.0625,-0.0625,0,0,0.0625
10/30/2023 6:47,-0.0625,-0.0625,-0.0625,0,0,0.0625
10/30/2023 8:47,-0.125,0,-0.0625,0,0,0.0625
10/30/2023 10:47,-0.0625,0,-0.0625,0,0,0.0625
10/30/2023 12:47,-0.0625,0,-0.0625,0,0,0.0625
10/30/2023 14:47,-0.0625,0,-0.0625,0,-0.0625,0.125
10/30/2023 16:47,-0.0625,-0.0625,-0.0625,0,-0.0625,0.0625
10/30/2023 18:47,-0.125,-0.0625,-0.0625,0,-0.0625,0.0625
10/30/2023 20:47,-0.0625,-0.0625,-0.0625,0,0,0.0625
10/30/2023 22:47,-0.125,0,-0.0625,0,0,0.0625
10/31/2023 0:47,-0.0625,0,-0.0625,0,-0.0625,0.0625
10/31/2023 2:47,-0.125,0,-0.0625,0,0,0.0625
10/31/2023 4:47,-0.0625,0,-0.0625,0,0,0.0625
10/31/2023 6:47,-0.125,0,-0.0625,0,-0.0625,0.0625
10/31/2023 8:47,-0.125,0,-0.0625,0,-0.0625,0.0625
10/31/2023 10:47,-0.125,-0.0625,-0.0625,0,0,0.0625
10/31/2023 12:47,-0.0625,0,-0.0625,0,0,0.125
10/31/2023 14:47,-0.125,0,-0.0625,0,0,0.0625
10/31/2023 16:47,-0.0625,-0.0625,-0.0625,0,-0.0625,0.0625
10/31/2023 18:47,-0.0625,0,-0.0625,0,0,0.0625
10/31/2023 20:47,-0.0625,0,-0.0625,0,0,0.0625
10/31/2023 22:47,-0.0625,0,-0.0625,0,0,0.0625
11/1/2023 0:47,-0.0625,0,-0.0625,0,0,0.0625
11/1/2023 2:47,-0.0625,0,-0.0625,0,-0.0625,0.125
11/1/2023 4:47,-0.125,0,-0.0625,0,0,0.0625
11/1/2023 6:47,-0.0625,0,-0.0625,0,-0.0625,0.125
11/1/2023 8:47,-0.0625,0,-0.0625,0,0,0.0625
11/1/2023 10:47,-0.0625,0,-0.0625,0,-0.0625,0.0625
11/1/2023 12:47,-0.125,-0.0625,-0.0625,0,0,0.0625
11/1/2023 14:47,-0.0625,0,-0.0625,0,0,0.0625
11/1/2023 16:47,-0.0625,0,-0.0625,0,0,0.0625
11/1/2023 18:47,-0.0625,0,-0.0625,0,0,0.0625
11/1/2023 20:47,-0.0625,-0.0625,-0.0625,0,0,0.0625
11/1/2023 22:47,-0.0625,0,-0.0625,0,0,0.0625
11/2/2023 0:47,-0.0625,-0.0625,-0.0625,0,0,0.0625
11/2/2023 2:47,-0.0625,0,-0.0625,0,-0.0625,0.0625
11/2/2023 4:47,-0.0625,0,-0.0625,0,-0.0625,0.0625
11/2/2023 6:47,-0.0625,0,-0.0625,0,-0.0625,0.0625
11/2/2023 8:47,-0.125,0,-0.0625,0,0,0.0625
11/2/2023 10:47,-0.0625,0,-0.0625,0,-0.0625,0.0625
11/2/2023 12:47,-0.125,0,-0.0625,0,0,0.0625
11/2/2023 14:47,-0.125,0,-0.0625,0,0,0.0625
11/2/2023 16:47,-0.0625,0,-0.0625,0,0,0.0625
11/2/2023 18:47,-0.125,0,-0.0625,0,0,0.0625
11/2/2023 20:47,-0.0625,0,-0.0625,0,0,0.0625
11/2/2023 22:47,-0.125,0,-0.0625,0,-0.0625,0.0625
11/3/2023 0:47,-0.125,-0.0625,-0.0625,0,-0.0625,0.0625
11/3/2023 2:47,-0.125,0,-0.0625,0,-0.0625,0.0625
11/3/2023 4:47,-0.125,0,-0.0625,0,0,0.0625
11/3/2023 6:47,-0.125,0,-0.0625,0,0,0.0625
11/3/2023 8:47,-0.125,0,-0.0625,0,-0.0625,0.0625
11/3/2023 10:47,-0.125,-0.0625,-0.0625,0,-0.0625,0.0625
11/3/2023 12:47,-0.125,0,-0.0625,0,0,0.0625
11/3/2023 14:47,-0.125,0,-0.0625,0,-0.0625,0.0625
11/3/2023 16:47,-0.125,0,-0.0625,0,-0.0625,0.0625
11/3/2023 18:47,-0.125,0,0,0,0,0.0625
11/3/2023 20:47,-0.125,0,-0.0625,0,-0.0625,0.125
11/3/2023 22:47,-0.125,0,-0.0625,0,0,0.0625
11/4/2023 0:47,-0.125,0,0,0,-0.0625,0.0625
11/4/2023 2:47,-0.1875,-0.0625,-0.0625,0,0,0.0625
11/4/2023 4:47,-0.125,0,-0.0625,0,0,0.0625
11/4/2023 6:47,-0.125,0,-0.0625,0,-0.0625,0.0625
11/4/2023 8:47,-0.1875,0,-0.0625,0,0,0.125
11/4/2023 10:47,-0.125,0,-0.0625,0,0,0.0625
11/4/2023 12:47,-0.125,0,-0.0625,0,-0.0625,0.0625
11/4/2023 14:47,-0.1875,0,-0.0625,0,0,0.0625
11/4/2023 16:47,-0.1875,0,0,0,-0.0625,0.0625
11/4/2023 18:47,-0.1875,0,-0.0625,0,0,0.0625
11/4/2023 20:47,-0.1875,-0.0625,-0.0625,0,0,0.0625
11/4/2023 22:47,-0.1875,0,-0.0625,0,0,0.0625
11/5/2023 0:47,-0.1875,0,-0.0625,0,0,0.0625
11/5/2023 2:47,-0.1875,-0.0625,-0.0625,0,0,0.0625
11/5/2023 4:47,-0.1875,-0.0625,-0.0625,0,-0.0625,0.0625
11/5/2023 6:47,-0.1875,-0.0625,-0.0625,0,0,0.0625
11/5/2023 8:47,-0.1875,-0.0625,-0.0625,0,0,0.0625
11/5/2023 10:47,-0.1875,-0.0625,-0.0625,0,-0.0625,0.0625
11/5/2023 12:47,-0.25,-0.0625,-0.0625,0,0,0.0625
11/5/2023 14:47,-0.25,-0.0625,-0.0625,0,0,0.0625
11/5/2023 16:47,-0.25,-0.0625,-0.0625,0,0,0.0625
11/5/2023 18:47,-0.25,-0.0625,-0.0625,0,0,0.0625
11/5/2023 20:47,-0.1875,-0.0625,-0.0625,0,0,0.0625
11/5/2023 22:47,-0.25,-0.0625,-0.0625,0,0,0.0625
11/6/2023 0:47,-0.25,-0.0625,-0.0625,0,0,0.0625
11/6/2023 2:47,-0.25,-0.0625,-0.0625,0,-0.0625,0.0625
11/6/2023 4:47,-0.25,-0.0625,-0.0625,0,-0.0625,0.0625
11/6/2023 6:47,-0.25,-0.0625,-0.0625,0,0,0.0625
11/6/2023 8:47,-0.25,-0.0625,-0.0625,0,-0.0625,0.0625
11/6/2023 10:47,-0.25,-0.0625,0,0,0,0.0625
11/6/2023 12:47,-0.25,0,-0.0625,0,0,0.0625
11/6/2023 14:47,-0.1875,-0.0625,-0.0625,0,-0.0625,0.0625
11/6/2023 16:47,-0.25,0,-0.0625,0,0,0.0625
11/6/2023 18:47,-0.1875,0,-0.0625,0,0,0.0625
11/6/2023 20:47,-0.1875,-0.0625,-0.0625,0,-0.0625,0.0625
11/6/2023 22:47,-0.1875,-0.0625,-0.0625,0,0,0.0625
11/7/2023 0:47,-0.25,-0.0625,-0.0625,0,-0.0625,0.0625
11/7/2023 2:47,-0.25,-0.0625,-0.0625,0,0,0.0625
11/7/2023 4:47,-0.25,-0.0625,-0.0625,0,0,0.0625
11/7/2023 6:47,-0.25,-0.0625,-0.0625,0,-0.0625,0.125
11/7/2023 8:47,-0.1875,-0.0625,-0.0625,0,0,0.0625
11/7/2023 10:47,-0.1875,-0.0625,-0.0625,0,-0.0625,0.0625
11/7/2023 12:47,-0.25,-0.0625,-0.0625,0,0,0.0625
11/7/2023 14:47,-0.25,-0.0625,-0.0625,0,0,0.0625
11/7/2023 16:47,-0.25,-0.0625,-0.0625,0,0,0.0625
11/7/2023 18:47,-0.25,-0.0625,-0.0625,0,-0.0625,0.0625
11/7/2023 20:47,-0.25,-0.0625,-0.0625,0,0,0.0625
11/7/2023 22:47,-0.25,-0.0625,-0.0625,0,-0.0625,0.0625
11/8/2023 0:47,-0.25,-0.0625,-0.0625,0,-0.0625,0.0625
11/8/2023 2:47,-0.25,-0.0625,-0.0625,0,0,0.0625
11/8/2023 4:47,-0.25,-0.0625,-0.0625,0,0,0.0625
11/8/2023 6:47,-0.25,-0.0625,-0.0625,0,-0.0625,0.0625
11/8/2023 8:47,-0.25,-0.0625,-0.0625,0,-0.0625,0.125
11/8/2023 10:47,-0.25,-0.0625,-0.0625,0,0,0.0625
11/8/2023 12:47,-0.25,-0.0625,-0.0625,0,-0.0625,0.0625
11/8/2023 14:47,-0.25,-0.0625,-0.0625,0,-0.0625,0.0625
11/8/2023 16:47,-0.25,-0.0625,-0.0625,0,-0.0625,0.0625
11/8/2023 18:47,-0.3125,-0.0625,-0.0625,0,0,0.0625
11/8/2023 20:47,-0.25,-0.0625,-0.0625,0,0,0.125
11/8/2023 22:47,-0.3125,-0.0625,-0.0625,0,0,0.0625
11/9/2023 0:47,-0.3125,-0.0625,-0.0625,0,-0.0625,0.0625
11/9/2023 2:47,-0.3125,-0.0625,-0.0625,0,0,0.0625
11/9/2023 4:47,-0.3125,-0.0625,-0.0625,0,-0.0625,0.0625
11/9/2023 6:47,-0.3125,-0.0625,-0.0625,0,-0.0625,0.0625
11/9/2023 8:47,-0.3125,-0.0625,-0.0625,0,-0.0625,0.0625
11/9/2023 10:47,-0.3125,-0.0625,-0.0625,0,0,0.0625
11/9/2023 12:47,-0.3125,-0.0625,-0.0625,0,0,0.0625
11/9/2023 14:47,-0.25,-0.0625,-0.0625,0,-0.0625,0.0625
11/9/2023 16:47,-0.25,-0.0625,-0.0625,0,0,0.0625
11/9/2023 18:47,-0.25,-0.0625,-0.0625,0,-0.0625,0.0625
11/9/2023 20:47,-0.25,-0.0625,-0.0625,0,0,0.0625
11/9/2023 22:47,-0.25,-0.0625,-0.0625,0,-0.0625,0.0625
11/10/2023 0:47,-0.25,-0.0625,-0.0625,0,0,0.0625
11/10/2023 2:47,-0.25,-0.0625,-0.0625,0,0,0.0625
11/10/2023 4:47,-0.25,-0.0625,-0.0625,0,-0.0625,0.0625
11/10/2023 6:47,-0.25,-0.0625,-0.0625,0,-0.0625,0.0625
11/10/2023 8:47,-0.25,-0.0625,-0.0625,0,0,0.125
11/10/2023 10:47,-0.25,-0.0625,-0.0625,0,0,0.0625
11/10/2023 12:47,-0.25,-0.0625,-0.0625,0,0,0.0625
11/10/2023 14:47,-0.25,-0.0625,-0.0625,0,0,0.0625
11/10/2023 16:47,-0.25,-0.0625,-0.0625,0,-0.0625,0.0625
11/10/2023 18:47,-0.25,-0.0625,-0.0625,0,0,0.0625
11/10/2023 20:47,-0.25,-0.0625,-0.0625,0,-0.0625,0.0625
11/10/2023 22:47,-0.25,-0.0625,-0.0625,0,0,0.0625
11/11/2023 0:47,-0.1875,-0.0625,-0.0625,0,0,0.0625
11/11/2023 2:47,-0.25,-0.0625,-0.0625,0,0,0.0625
11/11/2023 4:47,-0.25,-0.0625,-0.0625,0,0,0.0625
11/11/2023 6:47,-0.25,-0.0625,-0.0625,0,0,0.0625
11/11/2023 8:47,-0.1875,-0.0625,-0.0625,0,-0.0625,0.0625
11/11/2023 10:47,-0.25,-0.0625,-0.0625,0,-0.0625,0.0625
11/11/2023 12:47,-0.25,-0.0625,-0.0625,0,0,0.0625
11/11/2023 14:47,-0.25,-0.0625,-0.0625,0,0,0.0625
11/11/2023 16:47,-0.1875,-0.0625,-0.0625,0,0,0.0625
11/11/2023 18:47,-0.25,-0.0625,-0.0625,0,-0.0625,0.0625
11/11/2023 20:47,-0.25,-0.0625,-0.0625,0,-0.0625,0.0625
11/11/2023 22:47,-0.25,-0.0625,-0.0625,0,-0.0625,0.0625
11/12/2023 0:47,-0.25,-0.0625,-0.0625,0,0,0.0625
11/12/2023 2:47,-0.25,-0.0625,-0.0625,0,-0.0625,0.0625
11/12/2023 4:47,-0.25,-0.0625,-0.0625,0,-0.0625,0.0625
11/12/2023 6:47,-0.25,-0.0625,-0.0625,0,0,0.0625
11/12/2023 8:47,-0.25,-0.0625,-0.0625,0,0,0.0625
11/12/2023 10:47,-0.25,-0.0625,-0.0625,0,-0.0625,0.0625
11/12/2023 12:47,-0.25,-0.0625,-0.0625,0,0,0.0625
11/12/2023 14:47,-0.25,-0.0625,-0.0625,0,-0.0625,0.0625
11/12/2023 16:47,-0.25,-0.0625,-0.0625,0,-0.0625,0.0625
11/12/2023 18:47,-0.25,-0.0625,-0.0625,0,-0.0625,0.0625
11/12/2023 20:47,-0.25,-0.0625,-0.0625,0,0,0.0625
11/12/2023 22:47,-0.25,-0.0625,-0.0625,0,0,0.0625
11/13/2023 0:47,-0.25,-0.0625,-0.0625,0,0,0.0625
11/13/2023 2:47,-0.25,-0.0625,-0.0625,0,0,0.0625
11/13/2023 4:47,-0.25,-0.0625,-0.0625,0,0,0.0625
11/13/2023 6:47,-0.25,-0.0625,-0.0625,0,-0.0625,0.0625
11/13/2023 8:47,-0.25,-0.0625,-0.0625,0,0,0.0625
11/13/2023 10:47,-0.25,-0.0625,-0.0625,0,-0.0625,0.0625
11/13/2023 12:47,-0.25,-0.0625,-0.0625,0,0,0.125
11/13/2023 14:47,-0.25,-0.0625,-0.0625,0,0,0.0625
11/13/2023 16:47,-0.25,-0.0625,-0.0625,0,-0.0625,0.0625
11/13/2023 18:47,-0.25,-0.0625,-0.0625,0,-0.0625,0.0625
11/13/2023 20:47,-0.25,-0.0625,-0.0625,0,0,0.0625
11/13/2023 22:47,-0.25,-0.0625,-0.0625,0,0,0.0625
11/14/2023 0:47,-0.25,-0.0625,-0.0625,0,-0.0625,0.0625
11/14/2023 2:47,-0.3125,-0.0625,-0.0625,0,-0.0625,0.0625
11/14/2023 4:47,-0.3125,-0.0625,-0.0625,0,-0.0625,0.0625
11/14/2023 6:47,-0.3125,-0.0625,-0.0625,0,-0.0625,0.0625
11/14/2023 8:47,-0.3125,-0.0625,-0.0625,0,-0.0625,0.0625
11/14/2023 10:47,-0.3125,-0.0625,-0.0625,0,0,0.0625
11/14/2023 12:47,-0.3125,-0.125,-0.0625,0,0,0.0625
11/14/2023 14:47,-0.3125,-0.0625,-0.0625,0,0,0.0625
11/14/2023 16:47,-0.3125,-0.0625,-0.0625,0,0,0.0625
11/14/2023 18:47,-0.3125,-0.0625,-0.0625,0,0,0.0625
11/14/2023 20:47,-0.3125,-0.0625,-0.0625,0,-0.0625,0.0625
11/14/2023 22:47,-0.3125,-0.0625,-0.0625,0,-0.0625,0.0625
11/15/2023 0:47,-0.3125,-0.0625,-0.0625,0,0,0.0625
11/15/2023 2:47,-0.3125,-0.0625,-0.0625,0,-0.0625,0.0625
11/15/2023 4:47,-0.3125,-0.125,-0.0625,0,0,0.0625
11/15/2023 6:47,-0.375,-0.0625,-0.0625,0,0,0.0625
11/15/2023 8:47,-0.375,-0.0625,-0.0625,0,0,0.0625
11/15/2023 10:47,-0.375,-0.0625,-0.0625,0,0,0.0625
11/15/2023 12:47,-0.375,-0.0625,-0.0625,0,-0.0625,0.0625
11/15/2023 14:47,-0.375,-0.0625,-0.0625,0,0,0.0625
11/15/2023 16:47,-0.375,-0.0625,-0.0625,0,0,0.0625
11/15/2023 18:47,-0.375,-0.0625,-0.0625,0,0,0.0625
11/15/2023 20:47,-0.375,-0.125,-0.0625,0,0,0.0625
11/15/2023 22:47,-0.375,-0.125,-0.0625,0,0,0.0625
11/16/2023 0:47,-0.3125,-0.0625,-0.0625,0,-0.0625,0.0625
11/16/2023 2:47,-0.3125,-0.125,-0.0625,0,0,0.0625
11/16/2023 4:47,-0.375,-0.0625,-0.0625,0,-0.0625,0.0625
11/16/2023 6:47,-0.375,-0.0625,-0.0625,0,0,0.0625
11/16/2023 8:47,-0.375,-0.0625,-0.0625,0,0,0.0625
11/16/2023 10:47,-0.375,-0.125,-0.0625,0,0,0.0625
11/16/2023 12:47,-0.375,-0.125,-0.0625,0,-0.0625,0.0625
11/16/2023 14:47,-0.375,-0.125,-0.0625,0,0,0.0625
11/16/2023 16:47,-0.375,-0.125,-0.0625,0,-0.0625,0.0625
11/16/2023 18:47,-0.375,-0.125,-0.0625,0,0,0.0625
11/16/2023 20:47,-0.375,-0.125,-0.0625,0,0,0.0625
11/16/2023 22:47,-0.375,-0.125,-0.0625,0,0,0.0625
11/17/2023 0:47,-0.375,-0.125,-0.0625,0,-0.0625,0.0625
11/17/2023 2:47,-0.375,-0.125,-0.0625,0,0,0.0625
11/17/2023 4:47,-0.375,-0.125,-0.0625,0,-0.0625,0.0625
11/17/2023 6:47,-0.375,-0.125,-0.0625,0,-0.0625,0.0625
11/17/2023 8:47,-0.375,-0.0625,-0.0625,0,-0.0625,0.0625
11/17/2023 10:47,-0.375,-0.125,-0.0625,0,0,0.0625
11/17/2023 12:47,-0.375,-0.125,-0.0625,0,-0.0625,0.0625
11/17/2023 14:47,-0.375,-0.125,-0.0625,0,-0.0625,0.0625
11/17/2023 16:47,-0.375,-0.125,-0.0625,0,0,0.0625
11/17/2023 18:47,-0.375,-0.125,-0.0625,0,0,0.0625
11/17/2023 20:47,-0.4375,-0.125,-0.0625,0,-0.0625,0.0625
11/17/2023 22:47,-0.4375,-0.125,-0.0625,0,0,0.0625
11/18/2023 0:47,-0.4375,-0.125,-0.0625,0,0,0.0625
11/18/2023 2:47,-0.375,-0.125,-0.0625,0,0,0.0625
11/18/2023 4:47,-0.4375,-0.125,-0.0625,0,0,0.0625
11/18/2023 6:47,-0.4375,-0.125,-0.0625,0,0,0.0625
11/18/2023 8:47,-0.4375,-0.125,-0.0625,0,0,0.0625
11/18/2023 10:47,-0.375,-0.0625,-0.0625,0.0625,0,0.125
11/18/2023 12:47,-0.375,-0.0625,0,0.0625,0,0.125
11/18/2023 14:47,-0.4375,-0.0625,0,0.0625,0,0.125
11/18/2023 16:47,-0.4375,-0.0625,0,0.0625,0,0.125
11/18/2023 18:47,-0.4375,-0.125,0,0.0625,0,0.125
11/18/2023 20:47,-0.4375,-0.125,0,0.0625,0,0.125
11/18/2023 22:47,-0.4375,-0.125,0,0.0625,0,0.125
11/19/2023 0:47,-0.4375,-0.125,0,0.0625,0,0.125
11/19/2023 2:47,-0.4375,-0.125,0,0.0625,0,0.125
11/19/2023 4:47,-0.4375,-0.125,0,0.0625,0,0.125
11/19/2023 6:47,-0.4375,-0.125,0,0,0,0.125
11/19/2023 8:47,-0.4375,-0.125,-0.0625,0.0625,0,0.125
11/19/2023 10:47,-0.4375,-0.125,0,0.0625,0,0.125
11/19/2023 12:47,-0.4375,-0.125,0,0.0625,0,0.125
11/19/2023 14:47,-0.4375,-0.125,0,0.0625,0,0.125
11/19/2023 16:47,-0.4375,-0.0625,0,0.0625,0,0.125
11/19/2023 18:47,-0.4375,-0.125,0,0.0625,0,0.125
11/19/2023 20:47,-0.4375,-0.125,-0.0625,0.0625,0,0.125
11/19/2023 22:47,-0.4375,-0.125,0,0.0625,0.0625,0.125
11/20/2023 0:47,-0.4375,-0.125,0,0.0625,0,0.125
11/20/2023 2:47,-0.4375,-0.125,0,0.0625,0,0.125
11/20/2023 4:47,-0.4375,-0.125,0,0.0625,0,0.125
11/20/2023 6:47,-0.4375,-0.125,-0.0625,0.0625,0,0.125
11/20/2023 8:47,-0.4375,-0.125,0,0.0625,0,0.125
11/20/2023 10:47,-0.4375,-0.125,0,0.0625,0,0.125
11/20/2023 12:47,-0.4375,-0.125,0,0.0625,0,0.125
11/20/2023 14:47,-0.375,-0.125,0,0.0625,0,0.125
11/20/2023 16:47,-0.375,-0.125,0,0.0625,0,0.125
11/20/2023 18:47,-0.375,-0.125,-0.0625,0.0625,0,0.125
11/20/2023 20:47,-0.375,-0.125,0,0.0625,0,0.125
11/20/2023 22:47,-0.375,-0.125,-0.0625,0.0625,0,0.125
11/21/2023 0:47,-0.375,-0.125,0,0,0,0.125
11/21/2023 2:47,-0.375,-0.125,0,0.0625,0,0.125
11/21/2023 4:47,-0.375,-0.125,0,0,0,0.125
11/21/2023 6:47,-0.375,-0.125,0,0.0625,0,0.125
11/21/2023 8:47,-0.375,-0.125,0,0.0625,0,0.125
11/21/2023 10:47,-0.375,-0.125,0,0,0,0.125
11/21/2023 12:47,-0.375,-0.125,0,0.0625,0,0.125
11/21/2023 14:47,-0.375,-0.125,0,0,0,0.125
11/21/2023 16:47,-0.375,-0.125,0,0.0625,0,0.125
11/21/2023 18:47,-0.375,-0.125,0,0.0625,0,0.125
11/21/2023 20:47,-0.375,-0.125,0,0.0625,0,0.125
11/21/2023 22:47,-0.375,-0.125,-0.0625,0.0625,0,0.125
11/22/2023 0:47,-0.375,-0.125,0,0.0625,0,0.125
11/22/2023 2:47,-0.375,-0.125,0,0.0625,0,0.125
11/22/2023 4:47,-0.375,-0.125,0,0.0625,0,0.125
11/22/2023 6:47,-0.375,-0.125,0,0.0625,0,0.125
11/22/2023 8:47,-0.375,-0.0625,0,0.0625,0,0.125
11/22/2023 10:47,-0.375,-0.0625,-0.0625,0.0625,0,0.125
11/22/2023 12:47,-0.375,-0.125,0,0.0625,0,0.125
11/22/2023 14:47,-0.375,-0.0625,-0.0625,0,0,0.125
11/22/2023 16:47,-0.4375,-0.125,0,0.0625,0,0.125
11/22/2023 18:47,-0.4375,-0.125,0,0.0625,0,0.125
11/22/2023 20:47,-0.4375,-0.125,0,0,0,0.125
11/22/2023 22:47,-0.4375,-0.125,0,0.0625,0,0.125
11/23/2023 0:47,-0.4375,-0.125,-0.0625,0.0625,0,0.125
11/23/2023 2:47,-0.4375,-0.125,0,0.0625,0,0.125
11/23/2023 4:47,-0.375,-0.125,-0.0625,0,0,0.125
11/23/2023 6:47,-0.375,-0.125,0,0.0625,0,0.125
11/23/2023 8:47,-0.375,-0.125,0,0.0625,0,0.125
11/23/2023 10:47,-0.375,-0.125,0,0.0625,0,0.125
11/23/2023 12:47,-0.3125,-0.125,0,0.0625,0,0.125
11/23/2023 14:47,-0.3125,-0.125,0,0,0,0.125
11/23/2023 16:47,-0.3125,-0.125,0,0.0625,0,0.125
11/23/2023 18:47,-0.3125,-0.0625,0,0.0625,0,0.125
11/23/2023 20:47,-0.3125,-0.0625,0,0.0625,0,0.125
11/23/2023 22:47,-0.3125,-0.0625,0,0.0625,0,0.125
11/24/2023 0:47,-0.3125,-0.125,0,0.0625,0,0.125
11/24/2023 2:47,-0.3125,-0.0625,0,0.0625,0,0.125
11/24/2023 4:47,-0.3125,-0.0625,0,0,0,0.125
11/24/2023 6:47,-0.3125,-0.0625,0,0.0625,0,0.125
11/24/2023 8:47,-0.3125,-0.0625,0,0.0625,0,0.125
11/24/2023 10:47,-0.3125,-0.0625,0,0.0625,0,0.125
11/24/2023 12:47,-0.3125,-0.0625,0,0.0625,0,0.125
11/24/2023 14:47,-0.3125,-0.125,-0.0625,0.0625,0,0.125
11/24/2023 16:47,-0.3125,-0.125,0,0.0625,0,0.125
11/24/2023 18:47,-0.3125,-0.125,0,0.0625,0,0.125
11/24/2023 20:47,-0.375,-0.125,0,0.0625,0,0.125
11/24/2023 22:47,-0.3125,-0.125,0,0.0625,0,0.125
11/25/2023 0:47,-0.375,-0.0625,-0.0625,0.0625,0,0.125
11/25/2023 2:47,-0.3125,-0.125,0,0.0625,0,0.125
11/25/2023 4:47,-0.3125,-0.125,0,0,0,0.125
11/25/2023 6:47,-0.3125,-0.0625,0,0.0625,0,0.125
11/25/2023 8:47,-0.25,-0.125,-0.0625,0.0625,0,0.125
11/25/2023 10:47,-0.3125,-0.125,0,0.0625,0,0.125
11/25/2023 12:47,-0.3125,-0.0625,0,0.0625,0,0.125
11/25/2023 14:47,-0.25,-0.125,0,0.0625,0,0.125
11/25/2023 16:47,-0.3125,-0.0625,-0.0625,0,0,0.125
11/25/2023 18:47,-0.3125,-0.0625,0,0.0625,0,0.125
11/25/2023 20:47,-0.3125,-0.125,0,0.0625,0,0.125
11/25/2023 22:47,-0.3125,-0.125,0,0.0625,0,0.125
11/26/2023 0:47,-0.3125,-0.125,-0.0625,0.0625,0,0.125
11/26/2023 2:47,-0.3125,-0.125,0,0.0625,0,0.125
11/26/2023 4:47,-0.3125,-0.0625,0,0,0,0.125
11/26/2023 6:47,-0.3125,-0.125,0,0.0625,0,0.125
11/26/2023 8:47,-0.3125,-0.0625,0,0.0625,0,0.125
11/26/2023 10:47,-0.3125,-0.0625,0,0.0625,0.0625,0.125
11/26/2023 12:47,-0.3125,-0.125,0,0.0625,0,0.125
11/26/2023 14:47,-0.3125,-0.125,0,0,0,0.125
11/26/2023 16:47,-0.3125,-0.0625,0,0.0625,0,0.125
11/26/2023 18:47,-0.375,-0.125,0,0.0625,0,0.125
11/26/2023 20:47,-0.375,-0.125,0,0,0,0.125
11/26/2023 22:47,-0.375,-0.125,0,0.0625,0,0.125
11/27/2023 0:47,-0.375,-0.125,0,0.0625,0,0.125
11/27/2023 2:47,-0.375,-0.125,0,0,0,0.125
11/27/2023 4:47,-0.375,-0.125,0,0.0625,0,0.125
11/27/2023 6:47,-0.375,-0.125,0,0.0625,0,0.125
11/27/2023 8:47,-0.375,-0.125,0,0.0625,0,0.125
11/27/2023 10:47,-0.375,-0.125,0,0.0625,0,0.125
11/27/2023 12:47,-0.375,-0.125,0,0.0625,0,0.125
11/27/2023 14:47,-0.3125,-0.125,0,0.0625,0,0.125
11/27/2023 16:47,-0.3125,-0.125,-0.0625,0.0625,0,0.125
11/27/2023 18:47,-0.3125,-0.125,0,0.0625,0,0.125
11/27/2023 20:47,-0.3125,-0.125,0,0.0625,0,0.125
11/27/2023 22:47,-0.3125,-0.125,-0.0625,0.0625,0,0.125
11/28/2023 0:47,-0.3125,-0.125,0,0,0,0.125
11/28/2023 2:47,-0.3125,-0.125,0,0.0625,0,0.125
11/28/2023 4:47,-0.3125,-0.125,0,0.0625,0,0.125
11/28/2023 6:47,-0.3125,-0.0625,0,0,0,0.125
11/28/2023 8:47,-0.3125,-0.125,0,0.0625,0,0.125
11/28/2023 10:47,-0.3125,-0.0625,0,0,0,0.125
11/28/2023 12:47,-0.3125,-0.125,0,0,0,0.125
11/28/2023 14:47,-0.3125,-0.0625,0,0.0625,0,0.125
11/28/2023 16:47,-0.3125,-0.0625,0,0.0625,0,0.125
11/28/2023 18:47,-0.25,-0.0625,0,0.0625,0,0.125
11/28/2023 20:47,-0.25,-0.0625,0,0.0625,0,0.125
11/28/2023 22:47,-0.25,-0.0625,0,0.0625,0,0.125
11/29/2023 0:47,-0.25,-0.0625,0,0.0625,0,0.125
11/29/2023 2:47,-0.3125,-0.125,0,0.0625,0,0.1875
11/29/2023 4:47,-0.3125,-0.0625,0,0.0625,0,0.125
11/29/2023 6:47,-0.3125,-0.0625,0,0.0625,0,0.125
11/29/2023 8:47,-0.3125,-0.0625,0,0.0625,0,0.125
11/29/2023 10:47,-0.3125,-0.0625,0,0.0625,0,0.125
11/29/2023 12:47,-0.3125,-0.125,0,0.0625,0,0.125
11/29/2023 14:47,-0.3125,-0.125,-0.0625,0.0625,0,0.125
11/29/2023 16:47,-0.3125,-0.125,0,0,0,0.125
11/29/2023 18:47,-0.375,-0.125,-0.0625,0,0,0.125
11/29/2023 20:47,-0.375,-0.125,0,0,0,0.125
11/29/2023 22:47,-0.375,-0.125,0,0,0,0.125
11/30/2023 0:47,-0.375,-0.125,0,0.0625,0,0.125
11/30/2023 2:47,-0.375,-0.125,-0.0625,0.0625,0,0.125
11/30/2023 4:47,-0.3125,-0.125,0,0,0,0.125
11/30/2023 6:47,-0.3125,-0.125,0,0.0625,0,0.125
11/30/2023 8:47,-0.3125,-0.125,0,0.0625,0,0.125
11/30/2023 10:47,-0.3125,-0.125,0,0.0625,0,0.125
11/30/2023 12:47,-0.375,-0.125,0,0.0625,0,0.125
11/30/2023 14:47,-0.375,-0.125,0,0.0625,0,0.125
11/30/2023 16:47,-0.375,-0.125,0,0.0625,0,0.125
11/30/2023 18:47,-0.375,-0.125,0,0,0,0.125
11/30/2023 20:47,-0.375,-0.125,0,0.0625,0,0.125
11/30/2023 22:47,-0.375,-0.125,0,0.0625,0,0.125
12/1/2023 0:47,-0.375,-0.125,0,0,0,0.125
12/1/2023 2:47,-0.4375,-0.125,-0.0625,0.0625,0,0.125
12/1/2023 4:47,-0.4375,-0.125,0,0.0625,0,0.125
12/1/2023 6:47,-0.375,-0.125,0,0.0625,0,0.125
12/1/2023 8:47,-0.4375,-0.125,0,0.0625,0,0.125
12/1/2023 10:47,-0.4375,-0.125,-0.0625,0.0625,0,0.125
12/1/2023 12:47,-0.4375,-0.125,0,0.0625,0,0.125
12/1/2023 14:47,-0.375,-0.125,0,0.0625,0,0.125
12/1/2023 16:47,-0.4375,-0.125,0,0.0625,0,0.125
12/1/2023 18:47,-0.375,-0.125,0,0.0625,0,0.125
12/1/2023 20:47,-0.4375,-0.125,0,0.0625,0,0.125
12/1/2023 22:47,-0.375,-0.125,0,0,0,0.125
12/2/2023 0:47,-0.4375,-0.125,-0.0625,0.0625,0,0.125
12/2/2023 2:47,-0.4375,-0.125,0,0.0625,0,0.125
12/2/2023 4:47,-0.4375,-0.1875,0,0.0625,0,0.125
12/2/2023 6:47,-0.4375,-0.125,0,0.0625,0,0.125
12/2/2023 8:47,-0.4375,-0.1875,0,0.0625,0,0.125
12/2/2023 10:47,-0.5,-0.125,-0.0625,0.0625,0,0.125
12/2/2023 12:47,-0.5,-0.1875,0,0.0625,0,0.125
12/2/2023 14:47,-0.5,-0.1875,0,0.0625,0,0.125
12/2/2023 16:47,-0.5,-0.1875,0,0,0,0.125
12/2/2023 18:47,-0.5,-0.1875,-0.0625,0.0625,0.0625,0.125
12/2/2023 20:47,-0.5,-0.1875,0,0.0625,0,0.125
12/2/2023 22:47,-0.5,-0.125,-0.0625,0.0625,0,0.125
12/3/2023 0:47,-0.5,-0.1875,0,0.0625,0,0.125
12/3/2023 2:47,-0.5,-0.1875,-0.0625,0.0625,0,0.125
12/3/2023 4:47,-0.5625,-0.1875,0,0.0625,0,0.125
12/3/2023 6:47,-0.5625,-0.1875,-0.0625,0.0625,0,0.125
12/3/2023 8:47,-0.5625,-0.1875,-0.0625,0,0,0.125
12/3/2023 10:47,-0.5625,-0.1875,0,0.0625,0,0.125
12/3/2023 12:47,-0.625,-0.1875,0,0.0625,0,0.125
12/3/2023 14:47,-0.625,-0.25,0,0.0625,0,0.125
12/3/2023 16:47,-0.625,-0.25,0,0,0,0.125
12/3/2023 18:47,-0.625,-0.25,-0.0625,0.0625,0,0.125
12/3/2023 20:47,-0.6875,-0.25,0,0.0625,0,0.125
12/3/2023 22:47,-0.6875,-0.25,0,0.0625,0,0.125
12/4/2023 0:47,-0.6875,-0.25,0,0.0625,0,0.125
12/4/2023 2:47,-0.6875,-0.25,-0.0625,0.0625,0,0.125
12/4/2023 4:47,-0.6875,-0.25,-0.0625,0.0625,0,0.125
12/4/2023 6:47,-0.6875,-0.25,-0.0625,0.0625,0,0.125
12/4/2023 8:47,-0.75,-0.25,-0.0625,0.0625,0,0.125
12/4/2023 10:47,-0.75,-0.3125,0,0.0625,0,0.125
12/4/2023 12:47,-0.75,-0.3125,0,0,0,0.125
12/4/2023 14:47,-0.75,-0.3125,-0.0625,0.0625,0,0.125
12/4/2023 16:47,-0.75,-0.3125,-0.0625,0.0625,0,0.125
12/4/2023 18:47,-0.75,-0.3125,0,0,0,0.125
12/4/2023 20:47,-0.75,-0.3125,-0.0625,0.0625,0,0.125
12/4/2023 22:47,-0.8125,-0.3125,-0.0625,0.0625,0,0.125
12/5/2023 0:47,-0.8125,-0.3125,0,0.0625,0,0.125
12/5/2023 2:47,-0.8125,-0.3125,0,0,0,0.125
12/5/2023 4:47,-0.8125,-0.3125,-0.0625,0,0,0.125
12/5/2023 6:47,-0.8125,-0.375,-0.0625,0.0625,0,0.125
12/5/2023 8:47,-0.8125,-0.375,-0.0625,0.0625,0,0.125
12/5/2023 10:47,-0.8125,-0.375,0,0.0625,0,0.125
12/5/2023 12:47,-0.875,-0.3125,0,0.0625,0,0.125
12/5/2023 14:47,-0.875,-0.3125,-0.0625,0,0,0.125
12/5/2023 16:47,-0.875,-0.375,-0.0625,0,0,0.125
12/5/2023 18:47,-0.875,-0.375,-0.0625,0,0,0.125
12/5/2023 20:47,-0.875,-0.375,-0.0625,0.0625,0,0.125
12/5/2023 22:47,-0.8125,-0.375,-0.0625,0.0625,0,0.125
12/6/2023 0:47,-0.8125,-0.375,-0.0625,0.0625,0,0.125
12/6/2023 2:47,-0.8125,-0.375,-0.0625,0.0625,0,0.125
12/6/2023 4:47,-0.8125,-0.375,-0.0625,0.0625,0,0.125
12/6/2023 6:47,-0.75,-0.375,-0.0625,0,0,0.125
12/6/2023 8:47,-0.75,-0.375,0,0.0625,0,0.125
12/6/2023 10:47,-0.75,-0.3125,0,0.0625,0,0.125
12/6/2023 12:47,-0.75,-0.3125,-0.0625,0,0,0.125
12/6/2023 14:47,-0.6875,-0.3125,-0.0625,0.0625,0,0.125
12/6/2023 16:47,-0.6875,-0.3125,-0.0625,0.0625,0,0.125
12/6/2023 18:47,-0.6875,-0.3125,-0.0625,0.0625,0,0.125
12/6/2023 20:47,-0.6875,-0.3125,-0.0625,0.0625,0,0.125
12/6/2023 22:47,-0.6875,-0.3125,-0.0625,0.0625,0,0.125
12/7/2023 0:47,-0.6875,-0.3125,0,0,0,0.125
12/7/2023 2:47,-0.75,-0.3125,-0.0625,0.0625,0,0.1875
12/7/2023 4:47,-0.75,-0.3125,-0.0625,0.0625,0,0.125
12/7/2023 6:47,-0.8125,-0.3125,-0.0625,0.0625,0,0.125
12/7/2023 8:47,-0.8125,-0.375,-0.0625,0.0625,0,0.125
12/7/2023 10:47,-0.8125,-0.375,-0.0625,0,0,0.125
12/7/2023 12:47,-0.8125,-0.3125,-0.0625,0,0,0.125
12/7/2023 14:47,-0.875,-0.375,-0.0625,0.0625,0,0.125
12/7/2023 16:47,-0.875,-0.375,-0.0625,0.0625,0,0.125
12/7/2023 18:47,-0.875,-0.375,-0.0625,0,0,0.125
12/7/2023 20:47,-0.875,-0.375,-0.0625,0.0625,0,0.125
12/7/2023 22:47,-0.875,-0.375,-0.0625,0.0625,0,0.125
12/8/2023 0:47,-0.875,-0.375,-0.0625,0.0625,0,0.125
12/8/2023 2:47,-0.875,-0.375,-0.0625,0.0625,0,0.125
12/8/2023 4:47,-0.875,-0.4375,-0.0625,0.0625,0,0.1875
12/8/2023 6:47,-0.9375,-0.375,-0.0625,0.0625,0,0.125
12/8/2023 8:47,-0.9375,-0.4375,-0.0625,0.0625,0,0.125
12/8/2023 10:47,-0.9375,-0.4375,0,0.0625,0,0.125
12/8/2023 12:47,-0.9375,-0.4375,-0.0625,0.0625,0,0.125
12/8/2023 14:47,-1,-0.4375,-0.0625,0.0625,0,0.125
12/8/2023 16:47,-0.9375,-0.4375,0,0.0625,0,0.125
12/8/2023 18:47,-1,-0.4375,-0.0625,0,0,0.125
12/8/2023 20:47,-1,-0.4375,-0.0625,0,0,0.125
12/8/2023 22:47,-1,-0.4375,-0.0625,0.0625,0,0.125
12/9/2023 0:47,-1,-0.4375,-0.0625,0.0625,0,0.125
12/9/2023 2:47,-1.0625,-0.5,-0.0625,0.0625,0,0.125
12/9/2023 4:47,-1.0625,-0.5,-0.0625,0,0,0.125
12/9/2023 6:47,-1.0625,-0.5,-0.0625,0.0625,0,0.125
12/9/2023 8:47,-1.125,-0.5,-0.0625,0,0,0.125
12/9/2023 10:47,-1.125,-0.5,-0.0625,0.0625,0,0.125
12/9/2023 12:47,-1.125,-0.5,-0.0625,0.0625,0,0.125
12/9/2023 14:47,-1.125,-0.5625,-0.0625,0,0,0.125
12/9/2023 16:47,-1.125,-0.5625,-0.0625,0.0625,0,0.125
12/9/2023 18:47,-1.125,-0.5625,-0.0625,0,0,0.125
12/9/2023 20:47,-1.125,-0.5625,-0.0625,0,0,0.125
12/9/2023 22:47,-1.125,-0.5625,-0.0625,0.0625,0,0.125
12/10/2023 0:47,-1.125,-0.5625,-0.0625,0.0625,0,0.125
12/10/2023 2:47,-1.125,-0.5625,-0.0625,0.0625,0,0.125
12/10/2023 4:47,-1.1875,-0.5625,-0.0625,0,0,0.125
12/10/2023 6:47,-1.1875,-0.5625,-0.0625,0.0625,0,0.125
12/10/2023 8:47,-1.1875,-0.5625,-0.0625,0.0625,0,0.125
12/10/2023 10:47,-1.1875,-0.5625,-0.0625,0.0625,0,0.125
12/10/2023 12:47,-1.1875,-0.625,-0.0625,0.0625,0,0.125
12/10/2023 14:47,-1.1875,-0.625,-0.0625,0.0625,0,0.125
12/10/2023 16:47,-1.25,-0.625,-0.0625,0.0625,0,0.125
12/10/2023 18:47,-1.25,-0.625,-0.0625,0.0625,0,0.125
12/10/2023 20:47,-1.25,-0.625,-0.0625,0,0,0.125
12/10/2023 22:47,-1.3125,-0.625,-0.0625,0,0,0.125
12/11/2023 0:47,-1.3125,-0.625,-0.0625,0.0625,0,0.125
12/11/2023 2:47,-1.3125,-0.625,-0.0625,0.0625,0,0.125
12/11/2023 4:47,-1.3125,-0.6875,-0.0625,0.0625,0,0.125
12/11/2023 6:47,-1.3125,-0.6875,-0.0625,0.0625,0,0.125
12/11/2023 8:47,-1.3125,-0.6875,-0.0625,0.0625,0,0.125
12/11/2023 10:47,-1.3125,-0.6875,-0.0625,0.0625,0,0.125
12/11/2023 12:47,-1.375,-0.6875,-0.125,0,0,0.125
12/11/2023 14:47,-1.375,-0.6875,-0.0625,0,0,0.125
12/11/2023 16:47,-1.375,-0.6875,-0.0625,0,0,0.125
12/11/2023 18:47,-1.375,-0.6875,-0.0625,0.0625,0,0.125
12/11/2023 20:47,-1.375,-0.75,-0.0625,0.0625,0,0.1875
12/11/2023 22:47,-1.375,-0.6875,-0.0625,0.0625,0,0.125
12/12/2023 0:47,-1.3125,-0.6875,-0.0625,0.0625,0,0.125
12/12/2023 2:47,-1.3125,-0.6875,-0.0625,0,0,0.125
12/12/2023 4:47,-1.3125,-0.6875,-0.0625,0,0,0.125
12/12/2023 6:47,-1.3125,-0.6875,-0.0625,0.0625,0,0.125
12/12/2023 8:47,-1.3125,-0.6875,-0.0625,0,0,0.125
12/12/2023 10:47,-1.3125,-0.6875,-0.0625,0.0625,0,0.125
12/12/2023 12:47,-1.3125,-0.6875,-0.0625,0.0625,0,0.125
12/12/2023 14:47,-1.3125,-0.6875,-0.0625,0,0,0.1875
12/12/2023 16:47,-1.25,-0.6875,-0.0625,0.0625,0,0.125
12/12/2023 18:47,-1.3125,-0.6875,-0.0625,0.0625,0,0.125
12/12/2023 20:47,-1.25,-0.6875,-0.0625,0.0625,0,0.125
12/12/2023 22:47,-1.25,-0.6875,-0.125,0.0625,0,0.125
12/13/2023 0:47,-1.25,-0.6875,-0.0625,0.0625,0,0.125
12/13/2023 2:47,-1.25,-0.6875,-0.0625,0,0,0.1875
12/13/2023 4:47,-1.25,-0.6875,-0.0625,0.0625,0,0.125
12/13/2023 6:47,-1.25,-0.6875,-0.0625,0.0625,0,0.125
12/13/2023 8:47,-1.1875,-0.6875,-0.125,0.0625,0,0.125
12/13/2023 10:47,-1.1875,-0.6875,-0.0625,0,0,0.125
12/13/2023 12:47,-1.1875,-0.6875,-0.0625,0,0,0.125
12/13/2023 14:47,-1.1875,-0.6875,-0.125,0.0625,0,0.125
12/13/2023 16:47,-1.1875,-0.625,-0.125,0,0,0.125
12/13/2023 18:47,-1.1875,-0.625,-0.0625,0.0625,0,0.125
12/13/2023 20:47,-1.125,-0.625,-0.125,0.0625,0,0.125
12/13/2023 22:47,-1.125,-0.625,-0.125,0.0625,0,0.125
12/14/2023 0:47,-1.125,-0.625,-0.0625,0,0,0.125
12/14/2023 2:47,-1.125,-0.625,-0.0625,0,0,0.125
12/14/2023 4:47,-1.125,-0.625,-0.0625,0.0625,0,0.125
12/14/2023 6:47,-1.0625,-0.625,-0.125,0.0625,0,0.125
12/14/2023 8:47,-1.0625,-0.625,-0.0625,0.0625,0,0.125
12/14/2023 10:47,-1.0625,-0.625,-0.125,0,0,0.125
12/14/2023 12:47,-1.0625,-0.625,-0.125,0,0,0.125
12/14/2023 14:47,-1.0625,-0.5625,-0.125,0,0,0.125
12/14/2023 16:47,-1.0625,-0.625,-0.0625,0.0625,0,0.125
12/14/2023 18:47,-1.0625,-0.625,-0.0625,0.0625,0,0.125
12/14/2023 20:47,-1,-0.625,-0.0625,0.0625,0,0.125
12/14/2023 22:47,-1.0625,-0.5625,-0.125,0.0625,0,0.125
12/15/2023 0:47,-1,-0.5625,-0.125,0.0625,0,0.125
12/15/2023 2:47,-1,-0.5625,-0.125,0.0625,0,0.125
12/15/2023 4:47,-1,-0.625,-0.125,0,0,0.125
12/15/2023 6:47,-1.0625,-0.5625,-0.125,0,0,0.125
12/15/2023 8:47,-1,-0.5625,-0.0625,0,0,0.125
12/15/2023 10:47,-1,-0.5625,-0.0625,0.0625,0,0.125
12/15/2023 12:47,-1,-0.5625,-0.0625,0.0625,0,0.125
12/15/2023 14:47,-1,-0.5625,-0.125,0,0,0.125
12/15/2023 16:47,-1,-0.5625,-0.125,0,0,0.125
12/15/2023 18:47,-0.9375,-0.5625,-0.125,0.0625,0,0.125
12/15/2023 20:47,-0.9375,-0.5625,-0.0625,0.0625,0,0.125
12/15/2023 22:47,-0.9375,-0.5625,-0.0625,0,0,0.125
12/16/2023 0:47,-0.9375,-0.5625,-0.0625,0.0625,0,0.125
12/16/2023 2:47,-0.9375,-0.5625,-0.125,0,0,0.125
12/16/2023 4:47,-0.9375,-0.5625,-0.125,0.0625,0,0.125
12/16/2023 6:47,-0.9375,-0.5625,-0.0625,0.0625,0,0.125
12/16/2023 8:47,-1,-0.5625,-0.0625,0.0625,0,0.125
12/16/2023 10:47,-0.9375,-0.5625,-0.125,0.0625,0,0.125
12/16/2023 12:47,-1,-0.5625,-0.125,0.0625,0,0.125
12/16/2023 14:47,-1,-0.5625,-0.125,0,0,0.125
12/16/2023 16:47,-1,-0.5625,-0.125,0.0625,0,0.125
12/16/2023 18:47,-1,-0.5625,-0.125,0.0625,0,0.125
12/16/2023 20:47,-1,-0.5625,-0.125,0,0,0.125
12/16/2023 22:47,-1,-0.5625,-0.125,0.0625,0,0.125
12/17/2023 0:47,-1,-0.5625,-0.125,0,0,0.125
12/17/2023 2:47,-1,-0.625,-0.125,0.0625,0,0.125
12/17/2023 4:47,-1,-0.5625,-0.125,0,0,0.125
12/17/2023 6:47,-1,-0.5625,-0.125,0.0625,0,0.125
12/17/2023 8:47,-1,-0.625,-0.125,0.0625,0,0.125
12/17/2023 10:47,-1,-0.625,-0.125,0.0625,0,0.125
12/17/2023 12:47,-1.0625,-0.625,-0.125,0.0625,0,0.125
12/17/2023 14:47,-1,-0.625,-0.125,0.0625,0,0.125
12/17/2023 16:47,-1,-0.625,-0.125,0.0625,0,0.125
12/17/2023 18:47,-1,-0.625,-0.125,0.0625,0,0.125
12/17/2023 20:47,-1,-0.625,-0.125,0.0625,0,0.125
12/17/2023 22:47,-1,-0.625,-0.125,0.0625,0,0.125
12/18/2023 0:47,-1,-0.5625,-0.125,0.0625,0,0.125
12/18/2023 2:47,-1,-0.625,-0.125,0.0625,0,0.125
12/18/2023 4:47,-1,-0.5625,-0.125,0.0625,0,0.125
12/18/2023 6:47,-1,-0.5625,-0.125,0.0625,0,0.125
12/18/2023 8:47,-1,-0.5625,-0.125,0.0625,0,0.125
12/18/2023 10:47,-0.9375,-0.5625,-0.125,0,0,0.125
12/18/2023 12:47,-0.9375,-0.5625,-0.125,0,0,0.125
12/18/2023 14:47,-0.9375,-0.5625,-0.125,0.0625,0,0.125
12/18/2023 16:47,-0.9375,-0.5625,-0.125,0.0625,0,0.125
12/18/2023 18:47,-0.9375,-0.5625,-0.125,0.0625,0,0.125
12/18/2023 20:47,-0.875,-0.5625,-0.125,0.0625,0,0.125
12/18/2023 22:47,-0.875,-0.5625,-0.125,0.0625,0,0.125
12/19/2023 0:47,-0.875,-0.5625,-0.125,0.0625,0,0.125
12/19/2023 2:47,-0.875,-0.5625,-0.125,0.0625,0,0.125
12/19/2023 4:47,-0.875,-0.5625,-0.125,0.0625,0,0.1875
12/19/2023 6:47,-0.875,-0.5625,-0.125,0.0625,0,0.125
12/19/2023 8:47,-0.875,-0.5625,-0.125,0.0625,0,0.125
12/19/2023 10:47,-0.875,-0.5625,-0.125,0,0,0.125
12/19/2023 12:47,-0.9375,-0.5625,-0.125,0,0,0.125
12/19/2023 14:47,-0.875,-0.5,-0.125,0,0,0.125
12/19/2023 16:47,-0.9375,-0.5625,-0.125,0,0,0.125
12/19/2023 18:47,-0.9375,-0.5625,-0.125,0,0,0.125
12/19/2023 20:47,-0.9375,-0.5625,-0.125,0.0625,0,0.125
12/19/2023 22:47,-0.9375,-0.5625,-0.125,0.0625,0,0.125
12/20/2023 0:47,-0.9375,-0.5625,-0.125,0.0625,0,0.125
12/20/2023 2:47,-0.9375,-0.5625,-0.125,0.0625,0,0.125
12/20/2023 4:47,-1,-0.5625,-0.125,0,0,0.125
12/20/2023 6:47,-1,-0.5625,-0.125,0.0625,0,0.125
12/20/2023 8:47,-1,-0.5625,-0.125,0,0,0.125
12/20/2023 10:47,-1,-0.625,-0.125,0.0625,0,0.125
12/20/2023 12:47,-1,-0.625,-0.1875,0,0,0.125
12/20/2023 14:47,-1,-0.625,-0.125,0.0625,0,0.125
12/20/2023 16:47,-1.0625,-0.625,-0.1875,0.0625,0,0.125
12/20/2023 18:47,-1,-0.625,-0.125,0,0,0.125
12/20/2023 20:47,-1,-0.625,-0.125,0.0625,0,0.125
12/20/2023 22:47,-1,-0.625,-0.1875,0.0625,0,0.125
12/21/2023 0:47,-1,-0.625,-0.1875,0.0625,0,0.125
12/21/2023 2:47,-1,-0.625,-0.1875,0,0,0.125
12/21/2023 4:47,-1,-0.625,-0.125,0.0625,0,0.125
12/21/2023 6:47,-1,-0.625,-0.125,0.0625,0,0.125
12/21/2023 8:47,-1,-0.625,-0.1875,0,0,0.125
12/21/2023 10:47,-1,-0.625,-0.1875,0.0625,0,0.125
12/21/2023 12:47,-1,-0.625,-0.1875,0.0625,0,0.125
12/21/2023 14:47,-1,-0.625,-0.1875,0,0,0.125
12/21/2023 16:47,-1,-0.625,-0.1875,0,0,0.125
12/21/2023 18:47,-1,-0.625,-0.1875,0.0625,0,0.125
12/21/2023 20:47,-1,-0.625,-0.1875,0,0,0.125
12/21/2023 22:47,-1,-0.625,-0.1875,0,0,0.125
12/22/2023 0:47,-1,-0.625,-0.1875,0.0625,0,0.125
12/22/2023 2:47,-1,-0.625,-0.1875,0.0625,0,0.125
12/22/2023 4:47,-1,-0.625,-0.1875,0.0625,0,0.125
12/22/2023 6:47,-1,-0.625,-0.1875,0.0625,0,0.125
12/22/2023 8:47,-1,-0.625,-0.1875,0,0,0.125
12/22/2023 10:47,-1,-0.625,-0.1875,0.0625,0,0.125
12/22/2023 12:47,-1,-0.625,-0.1875,0,0,0.125
12/22/2023 14:47,-1,-0.625,-0.1875,0,0,0.125
12/22/2023 16:47,-1,-0.625,-0.1875,0.0625,0,0.125
12/22/2023 18:47,-1.0625,-0.625,-0.1875,0,0,0.125
12/22/2023 20:47,-1.0625,-0.625,-0.1875,0.0625,0,0.125
12/22/2023 22:47,-1.0625,-0.625,-0.1875,0.0625,0,0.125
12/23/2023 0:47,-1.0625,-0.625,-0.1875,0,0,0.125
12/23/2023 2:47,-1.0625,-0.625,-0.1875,0,0,0.125
12/23/2023 4:47,-1.0625,-0.625,-0.1875,0,0,0.125
12/23/2023 6:47,-1.0625,-0.625,-0.1875,0.0625,0,0.125
12/23/2023 8:47,-1,-0.625,-0.1875,0,0,0.125
12/23/2023 10:47,-1.0625,-0.625,-0.1875,0,0,0.125
12/23/2023 12:47,-1.0625,-0.625,-0.1875,0,0,0.125
12/23/2023 14:47,-1.0625,-0.625,-0.1875,0.0625,0,0.125
12/23/2023 16:47,-1.0625,-0.625,-0.1875,0.0625,0,0.125
12/23/2023 18:47,-1,-0.625,-0.1875,0.0625,0,0.125
12/23/2023 20:47,-1,-0.625,-0.1875,0.0625,0,0.125
12/23/2023 22:47,-1,-0.625,-0.1875,0,0,0.125
12/24/2023 0:47,-0.9375,-0.625,-0.1875,0.0625,0,0.125
12/24/2023 2:47,-0.9375,-0.625,-0.1875,0,0,0.125
12/24/2023 4:47,-0.875,-0.5625,-0.1875,0,0,0.125
12/24/2023 6:47,-0.875,-0.5625,-0.1875,0.0625,0,0.125
12/24/2023 8:47,-0.875,-0.5625,-0.1875,0,0,0.125
12/24/2023 10:47,-0.875,-0.5625,-0.1875,0.0625,0,0.125
12/24/2023 12:47,-0.8125,-0.5625,-0.1875,0.0625,0,0.125
12/24/2023 14:47,-0.8125,-0.5625,-0.1875,0.0625,0,0.125
12/24/2023 16:47,-0.8125,-0.5,-0.1875,0.0625,0,0.125
12/24/2023 18:47,-0.8125,-0.5,-0.1875,0.0625,0,0.125
12/24/2023 20:47,-0.75,-0.5,-0.1875,0.0625,0,0.125
12/24/2023 22:47,-0.75,-0.5625,-0.1875,0,0,0.125
12/25/2023 0:47,-0.8125,-0.5,-0.1875,0,0,0.125
12/25/2023 2:47,-0.8125,-0.5,-0.1875,0,0,0.125
12/25/2023 4:47,-0.8125,-0.5,-0.1875,0.0625,0,0.125
12/25/2023 6:47,-0.8125,-0.5,-0.1875,0.0625,0,0.125
12/25/2023 8:47,-0.75,-0.5,-0.1875,0,0,0.125
12/25/2023 10:47,-0.75,-0.5,-0.1875,0,0,0.125
12/25/2023 12:47,-0.8125,-0.5,-0.1875,0.0625,0,0.125
12/25/2023 14:47,-0.8125,-0.5,-0.1875,0,0,0.125
12/25/2023 16:47,-0.75,-0.5,-0.1875,0.0625,0,0.125
12/25/2023 18:47,-0.8125,-0.5,-0.1875,0,0,0.125
12/25/2023 20:47,-0.8125,-0.5,-0.1875,0,0,0.125
12/25/2023 22:47,-0.8125,-0.5,-0.1875,0,0,0.125
12/26/2023 0:47,-0.8125,-0.5625,-0.1875,0.0625,0,0.125
12/26/2023 2:47,-0.875,-0.5625,-0.1875,0.0625,0,0.125
12/26/2023 4:47,-0.875,-0.5625,-0.1875,0,0,0.125
12/26/2023 6:47,-0.875,-0.5625,-0.1875,0,0,0.125
12/26/2023 8:47,-0.875,-0.5625,-0.1875,0.0625,0,0.125
12/26/2023 10:47,-0.875,-0.5625,-0.1875,0.0625,0,0.125
12/26/2023 12:47,-0.875,-0.5625,-0.1875,0.0625,0,0.125
12/26/2023 14:47,-0.9375,-0.5625,-0.1875,0.0625,0,0.125
12/26/2023 16:47,-0.9375,-0.5625,-0.25,0.0625,0,0.125
12/26/2023 18:47,-0.9375,-0.5625,-0.1875,0,0,0.125
12/26/2023 20:47,-0.9375,-0.625,-0.1875,0,0,0.125
12/26/2023 22:47,-0.9375,-0.625,-0.25,0,0,0.125
12/27/2023 0:47,-1,-0.625,-0.25,0,0,0.125
12/27/2023 2:47,-1,-0.625,-0.1875,0.0625,0,0.125
12/27/2023 4:47,-1,-0.625,-0.1875,0,0,0.125
12/27/2023 6:47,-1,-0.625,-0.25,0.0625,0,0.125
12/27/2023 8:47,-1,-0.625,-0.25,0.0625,0,0.125
12/27/2023 10:47,-1,-0.625,-0.25,0.0625,0,0.125
12/27/2023 12:47,-1,-0.625,-0.25,0,0,0.125
12/27/2023 14:47,-1,-0.625,-0.25,0.0625,0,0.125
12/27/2023 16:47,-1,-0.625,-0.25,0.0625,0,0.125
12/27/2023 18:47,-1.0625,-0.6875,-0.25,0.0625,0,0.125
12/27/2023 20:47,-1.0625,-0.625,-0.25,0,0,0.125
12/27/2023 22:47,-1.0625,-0.6875,-0.25,0,0,0.125
12/28/2023 0:47,-1.0625,-0.6875,-0.25,0.0625,0,0.125
12/28/2023 2:47,-1.125,-0.6875,-0.25,0,0,0.125
12/28/2023 4:47,-1.125,-0.75,-0.25,0,0,0.125
12/28/2023 6:47,-1.125,-0.75,-0.25,0,0,0.125
12/28/2023 8:47,-1.1875,-0.75,-0.25,0.0625,0,0.125
12/28/2023 10:47,-1.1875,-0.75,-0.25,0,0,0.125
12/28/2023 12:47,-1.1875,-0.75,-0.25,0,0,0.125
12/28/2023 14:47,-1.25,-0.75,-0.25,0.0625,0,0.125
12/28/2023 16:47,-1.25,-0.75,-0.25,0.0625,0,0.125
12/28/2023 18:47,-1.25,-0.8125,-0.25,0,0,0.125
12/28/2023 20:47,-1.25,-0.8125,-0.3125,0,0,0.125
12/28/2023 22:47,-1.25,-0.8125,-0.25,0,0,0.125
12/29/2023 0:47,-1.25,-0.8125,-0.25,0,0,0.125
12/29/2023 2:47,-1.25,-0.8125,-0.3125,0,0,0.125
12/29/2023 4:47,-1.25,-0.8125,-0.3125,0,0,0.125
12/29/2023 6:47,-1.25,-0.8125,-0.3125,0,0,0.125
12/29/2023 8:47,-1.3125,-0.8125,-0.3125,0,0,0.125
12/29/2023 10:47,-1.3125,-0.875,-0.3125,0.0625,0,0.125
12/29/2023 12:47,-1.3125,-0.875,-0.3125,0.0625,0,0.125
12/29/2023 14:47,-1.3125,-0.875,-0.3125,0,0,0.125
12/29/2023 16:47,-1.375,-0.875,-0.3125,0,0,0.125
12/29/2023 18:47,-1.375,-0.875,-0.3125,0,0,0.125
12/29/2023 20:47,-1.4375,-0.875,-0.3125,0.0625,0,0.125
12/29/2023 22:47,-1.4375,-0.9375,-0.3125,0,0,0.125
12/30/2023 0:47,-1.4375,-0.9375,-0.3125,0,0,0.125
12/30/2023 2:47,-1.5,-0.9375,-0.3125,0,0,0.125
12/30/2023 4:47,-1.5,-0.9375,-0.375,0,0,0.125
12/30/2023 6:47,-1.5625,-1,-0.375,0,0,0.125
12/30/2023 8:47,-1.5625,-1,-0.375,0.0625,0,0.125
12/30/2023 10:47,-1.625,-1,-0.375,0.0625,0,0.125
12/30/2023 12:47,-1.625,-1.0625,-0.375,0,0,0.125
12/30/2023 14:47,-1.625,-1.0625,-0.375,0,0,0.125
12/30/2023 16:47,-1.6875,-1.0625,-0.4375,0,0,0.125
12/30/2023 18:47,-1.6875,-1.0625,-0.4375,0,0,0.125
12/30/2023 20:47,-1.6875,-1.125,-0.4375,0,0,0.125
12/30/2023 22:47,-1.6875,-1.125,-0.4375,0.0625,0,0.125
12/31/2023 0:47,-1.6875,-1.125,-0.4375,0,0,0.125
12/31/2023 2:47,-1.6875,-1.125,-0.4375,0,0,0.125
12/31/2023 4:47,-1.6875,-1.125,-0.4375,0,0,0.125
12/31/2023 6:47,-1.6875,-1.125,-0.4375,0,0,0.125
12/31/2023 8:47,-1.6875,-1.125,-0.5,0,0,0.125
12/31/2023 10:47,-1.6875,-1.125,-0.5,0,0,0.125
12/31/2023 12:47,-1.6875,-1.125,-0.5,0,0,0.125
12/31/2023 14:47,-1.6875,-1.125,-0.5,0,0,0.125
12/31/2023 16:47,-1.6875,-1.125,-0.4375,0,0,0.125
12/31/2023 18:47,-1.6875,-1.125,-0.5,0,0,0.125
12/31/2023 20:47,-1.6875,-1.1875,-0.5,0.0625,0,0.125
12/31/2023 22:47,-1.6875,-1.125,-0.4375,0,0,0.125
1/1/2024 0:47,-1.6875,-1.1875,-0.5,0,0,0.125
1/1/2024 2:47,-1.6875,-1.1875,-0.5,0,0,0.125
1/1/2024 4:47,-1.6875,-1.125,-0.5,0,0,0.125
1/1/2024 6:47,-1.625,-1.125,-0.5,0,0,0.125
1/1/2024 8:47,-1.6875,-1.125,-0.5,0,0,0.125
1/1/2024 10:47,-1.625,-1.125,-0.5,0,0,0.125
1/1/2024 12:47,-1.625,-1.125,-0.5,0.0625,0,0.125
1/1/2024 14:47,-1.625,-1.125,-0.5,0,0,0.125
1/1/2024 16:47,-1.625,-1.125,-0.5,0,0,0.125
1/1/2024 18:47,-1.625,-1.125,-0.5,0,0,0.125
1/1/2024 20:47,-1.625,-1.125,-0.5,0,0,0.125
1/1/2024 22:47,-1.625,-1.125,-0.5,0,0,0.125
1/2/2024 0:47,-1.625,-1.125,-0.5,0,0,0.125
1/2/2024 2:47,-1.625,-1.125,-0.5,0,0,0.125
1/2/2024 4:47,-1.5625,-1.125,-0.5,0,0,0.125
1/2/2024 6:47,-1.5625,-1.125,-0.5,0,0,0.125
1/2/2024 8:47,-1.5625,-1.125,-0.5,0,0,0.125
1/2/2024 10:47,-1.5625,-1.125,-0.5,0,0,0.125
1/2/2024 12:47,-1.5625,-1.125,-0.5,0,0,0.125
1/2/2024 14:47,-1.5625,-1.0625,-0.5,0,0,0.125
1/2/2024 16:47,-1.5625,-1.125,-0.5,0,0,0.125
1/2/2024 18:47,-1.5625,-1.0625,-0.5,0,0,0.125
1/2/2024 20:47,-1.5,-1.0625,-0.5,0.0625,0,0.125
1/2/2024 22:47,-1.5,-1.0625,-0.5,0,0,0.125
1/3/2024 0:47,-1.5,-1.0625,-0.5,0,0,0.125
1/3/2024 2:47,-1.5,-1.0625,-0.5,0,0,0.125
1/3/2024 4:47,-1.4375,-1.0625,-0.5,0,0,0.125
1/3/2024 6:47,-1.4375,-1.0625,-0.5,0,0,0.125
1/3/2024 8:47,-1.4375,-1.0625,-0.5,0,0,0.125
1/3/2024 10:47,-1.4375,-1.0625,-0.5,0,0,0.125
1/3/2024 12:47,-1.375,-1,-0.5,0,0,0.125
1/3/2024 14:47,-1.375,-1,-0.5,0.0625,0,0.125
1/3/2024 16:47,-1.375,-1,-0.5,0,0,0.125
1/3/2024 18:47,-1.375,-1,-0.5,0.0625,0,0.125
1/3/2024 20:47,-1.375,-1,-0.5,0,0,0.125
1/3/2024 22:47,-1.375,-1,-0.5,0,0,0.125
1/4/2024 0:47,-1.375,-0.9375,-0.5,0,0,0.125
1/4/2024 2:47,-1.375,-1,-0.5,0,0,0.125
1/4/2024 4:47,-1.4375,-1,-0.5,0,0,0.125
1/4/2024 6:47,-1.4375,-1,-0.5,0,0,0.125
1/4/2024 8:47,-1.4375,-1,-0.5,0,0,0.125
1/4/2024 10:47,-1.4375,-1,-0.5,0,0,0.1875
1/4/2024 12:47,-1.4375,-1,-0.5,0,0,0.125
1/4/2024 14:47,-1.4375,-1,-0.5,0,0,0.125
1/4/2024 16:47,-1.4375,-1,-0.5,0,0,0.125
1/4/2024 18:47,-1.4375,-1,-0.5,0,0,0.125
1/4/2024 20:47,-1.4375,-1,-0.5,0,0,0.125
1/4/2024 22:47,-1.5625,-1.0625,-0.5,0,0,0.125
1/5/2024 0:47,-1.625,-1.0625,-0.5,0,0,0.125
1/5/2024 2:47,-1.75,-1.125,-0.5625,0,0,0.125
1/5/2024 4:47,-1.875,-1.1875,-0.5625,0,0,0.125
1/5/2024 6:47,-2,-1.25,-0.5625,0,0,0.125
1/5/2024 8:47,-2.0625,-1.3125,-0.5625,0,0,0.125
1/5/2024 10:47,-2.0625,-1.3125,-0.625,0,0,0.125
1/5/2024 12:47,-2,-1.375,-0.625,0,0,0.125
1/5/2024 14:47,-2,-1.3125,-0.625,0,0,0.125
1/5/2024 16:47,-1.9375,-1.3125,-0.625,0,0,0.125
1/5/2024 18:47,-1.875,-1.3125,-0.625,0,0,0.125
1/5/2024 20:47,-1.8125,-1.3125,-0.625,0,0,0.125
1/5/2024 22:47,-1.75,-1.25,-0.6875,0,0,0.125
1/6/2024 0:47,-1.75,-1.25,-0.625,0,0,0.125
1/6/2024 2:47,-1.6875,-1.25,-0.625,0,0,0.125
1/6/2024 4:47,-1.6875,-1.1875,-0.625,0,0,0.125
1/6/2024 6:47,-1.6875,-1.1875,-0.625,0,0,0.125
1/6/2024 8:47,-1.6875,-1.1875,-0.625,0,0,0.125
1/6/2024 10:47,-1.6875,-1.1875,-0.625,0,0,0.125
1/6/2024 12:47,-1.625,-1.1875,-0.625,0,0,0.125
1/6/2024 14:47,-1.6875,-1.1875,-0.625,0,0,0.125
1/6/2024 16:47,-1.625,-1.1875,-0.625,0,0,0.125
1/6/2024 18:47,-1.625,-1.1875,-0.625,0,0,0.125
1/6/2024 20:47,-1.625,-1.1875,-0.625,0,0,0.125
1/6/2024 22:47,-1.625,-1.1875,-0.625,0,0,0.125
1/7/2024 0:47,-1.625,-1.1875,-0.625,0,0,0.125
1/7/2024 2:47,-1.625,-1.1875,-0.625,0,0,0.125
1/7/2024 4:47,-1.6875,-1.1875,-0.625,0,0,0.125
1/7/2024 6:47,-1.75,-1.1875,-0.625,0,0,0.125
1/7/2024 8:47,-1.75,-1.1875,-0.625,0,0,0.125
1/7/2024 10:47,-1.75,-1.25,-0.625,0,0,0.125
1/7/2024 12:47,-1.75,-1.25,-0.625,0,0,0.125
1/7/2024 14:47,-1.75,-1.25,-0.6875,0,0,0.125
1/7/2024 16:47,-1.75,-1.25,-0.625,0,0,0.125
1/7/2024 18:47,-1.6875,-1.1875,-0.6875,0,0,0.125
1/7/2024 20:47,-1.6875,-1.1875,-0.625,0,0,0.125
1/7/2024 22:47,-1.6875,-1.1875,-0.625,0,0,0.125
1/8/2024 0:47,-1.625,-1.1875,-0.625,0,0,0.125
1/8/2024 2:47,-1.5625,-1.1875,-0.625,0,0,0.125
1/8/2024 4:47,-1.5625,-1.125,-0.625,0,0,0.125
1/8/2024 6:47,-1.5,-1.125,-0.625,0,0,0.125
1/8/2024 8:47,-1.5,-1.0625,-0.625,0,0,0.125
1/8/2024 10:47,-1.4375,-1.0625,-0.625,0,0,0.125
1/8/2024 12:47,-1.4375,-1.0625,-0.625,0,0,0.125
1/8/2024 14:47,-1.375,-1.0625,-0.5625,0,0,0.125
1/8/2024 16:47,-1.3125,-1,-0.5625,0,0,0.125
1/8/2024 18:47,-1.3125,-1,-0.5625,0,0,0.125
1/8/2024 20:47,-1.25,-0.9375,-0.5625,0,0,0.125
1/8/2024 22:47,-1.25,-0.9375,-0.5625,0,0,0.125
1/9/2024 0:47,-1.25,-0.9375,-0.5625,0,0,0.125
1/9/2024 2:47,-1.25,-0.9375,-0.5625,0,0,0.125
1/9/2024 4:47,-1.25,-0.9375,-0.5625,0,0,0.125
1/9/2024 6:47,-1.3125,-0.9375,-0.5625,0,0,0.125
1/9/2024 8:47,-1.3125,-0.9375,-0.5625,0,0,0.125
1/9/2024 10:47,-1.3125,-0.9375,-0.5625,0,0,0.125
1/9/2024 12:47,-1.375,-0.9375,-0.5625,0,0,0.125
1/9/2024 14:47,-1.375,-1,-0.5625,0,0,0.125
1/9/2024 16:47,-1.4375,-1,-0.5625,0,0,0.125
1/9/2024 18:47,-1.5,-1.0625,-0.5625,0,0,0.125
1/9/2024 20:47,-1.5625,-1.0625,-0.5625,0,0,0.125
1/9/2024 22:47,-1.625,-1.125,-0.5625,0,0,0.125
1/10/2024 0:47,-1.6875,-1.125,-0.625,0,0,0.125
1/10/2024 2:47,-1.75,-1.1875,-0.625,0,0,0.125
1/10/2024 4:47,-1.8125,-1.25,-0.625,0,0,0.125
1/10/2024 6:47,-1.8125,-1.25,-0.625,0,0,0.125
1/10/2024 8:47,-1.875,-1.3125,-0.6875,-0.0625,0,0.125
1/10/2024 10:47,-1.9375,-1.3125,-0.6875,0,0,0.125
1/10/2024 12:47,-1.9375,-1.375,-0.6875,0,0,0.125
1/10/2024 14:47,-2,-1.375,-0.75,0,0,0.125
1/10/2024 16:47,-2,-1.375,-0.6875,0,0,0.125
1/10/2024 18:47,-2,-1.4375,-0.75,0,0,0.125
1/10/2024 20:47,-2.0625,-1.4375,-0.75,-0.0625,0,0.125
1/10/2024 22:47,-2.0625,-1.4375,-0.75,-0.0625,0,0.125
1/11/2024 0:47,-2.125,-1.5,-0.75,-0.0625,0,0.125
1/11/2024 2:47,-2.125,-1.5,-0.8125,-0.0625,0,0.125
1/11/2024 4:47,-2.1875,-1.5625,-0.8125,-0.0625,0,0.125
1/11/2024 6:47,-2.25,-1.5625,-0.8125,0,0,0.125
1/11/2024 8:47,-2.375,-1.625,-0.875,-0.0625,0,0.125
1/11/2024 10:47,-2.375,-1.6875,-0.875,-0.0625,0,0.125
1/11/2024 12:47,-2.375,-1.6875,-0.875,-0.0625,0,0.125
1/11/2024 14:47,-2.4375,-1.6875,-0.9375,-0.0625,0,0.125
1/11/2024 16:47,-2.375,-1.6875,-0.9375,-0.0625,0,0.125
1/11/2024 18:47,-2.3125,-1.6875,-0.9375,-0.0625,0,0.125
1/11/2024 20:47,-2.25,-1.6875,-0.9375,-0.0625,0,0.125
1/11/2024 22:47,-2.1875,-1.625,-0.9375,-0.0625,0,0.125
1/12/2024 0:47,-2.125,-1.5625,-0.875,-0.0625,0,0.125
1/12/2024 2:47,-2.0625,-1.5625,-0.875,-0.0625,0,0.1875
1/12/2024 4:47,-2,-1.5,-0.875,-0.0625,0,0.125
1/12/2024 6:47,-1.9375,-1.5,-0.875,-0.0625,0,0.125
1/12/2024 8:47,-1.875,-1.5,-0.875,-0.0625,0,0.125
1/12/2024 10:47,-1.8125,-1.4375,-0.875,-0.0625,0,0.125
1/12/2024 12:47,-1.8125,-1.375,-0.875,-0.0625,0,0.125
1/12/2024 14:47,-1.75,-1.375,-0.8125,-0.0625,-0.0625,0.125
1/12/2024 16:47,-1.6875,-1.3125,-0.8125,-0.0625,0,0.125
1/12/2024 18:47,-1.6875,-1.3125,-0.8125,-0.0625,0,0.125
1/12/2024 20:47,-1.6875,-1.25,-0.8125,-0.0625,0,0.125
1/12/2024 22:47,-1.6875,-1.25,-0.8125,-0.0625,0,0.125
1/13/2024 0:47,-1.6875,-1.25,-0.75,-0.0625,0,0.125
1/13/2024 2:47,-1.6875,-1.25,-0.75,-0.0625,0,0.125
1/13/2024 4:47,-1.6875,-1.25,-0.8125,-0.125,0,0.125
1/13/2024 6:47,-1.6875,-1.25,-0.75,-0.0625,0,0.125
1/13/2024 8:47,-1.6875,-1.25,-0.8125,-0.0625,0,0.125
1/13/2024 10:47,-1.6875,-1.25,-0.75,-0.0625,0,0.125
1/13/2024 12:47,-1.6875,-1.25,-0.75,-0.125,0,0.125
1/13/2024 14:47,-1.75,-1.3125,-0.8125,-0.125,0,0.125
1/13/2024 16:47,-1.8125,-1.3125,-0.75,-0.125,0,0.125
1/13/2024 18:47,-1.9375,-1.375,-0.8125,-0.125,0,0.125
1/13/2024 20:47,-2.1875,-1.4375,-0.8125,-0.125,0,0.125
1/13/2024 22:47,-2.3125,-1.5625,-0.8125,-0.125,0,0.125
1/14/2024 0:47,-2.3125,-1.625,-0.875,-0.125,0,0.125
1/14/2024 2:47,-2.3125,-1.625,-0.9375,-0.125,0,0.125
1/14/2024 4:47,-2.3125,-1.6875,-0.9375,-0.125,0,0.125
1/14/2024 6:47,-2.3125,-1.625,-0.9375,-0.125,0,0.125
1/14/2024 8:47,-2.25,-1.625,-0.9375,-0.125,0,0.125
1/14/2024 10:47,-2.3125,-1.625,-0.9375,-0.125,0,0.125
1/14/2024 12:47,-2.375,-1.6875,-1,-0.125,0,0.125
1/14/2024 14:47,-2.5,-1.6875,-1,-0.125,0,0.125
1/14/2024 16:47,-2.5,-1.75,-1,-0.125,0,0.125
1/14/2024 18:47,-2.625,-1.8125,-1.0625,-0.125,0,0.125
1/14/2024 20:47,-2.75,-1.875,-1.0625,-0.1875,0,0.125
1/14/2024 22:47,-2.8125,-1.9375,-1.0625,-0.125,0,0.125
1/15/2024 0:47,-2.75,-2,-1.125,-0.1875,0,0.125
1/15/2024 2:47,-2.6875,-1.9375,-1.125,-0.1875,0,0.125
1/15/2024 4:47,-2.5,-1.875,-1.125,-0.1875,0,0.125
1/15/2024 6:47,-2.375,-1.8125,-1.125,-0.1875,-0.0625,0.125
1/15/2024 8:47,-2.25,-1.75,-1.125,-0.1875,0,0.125
1/15/2024 10:47,-2.1875,-1.6875,-1.0625,-0.1875,0,0.125
1/15/2024 12:47,-2.0625,-1.625,-1.0625,-0.1875,-0.0625,0.125
1/15/2024 14:47,-2,-1.625,-1,-0.1875,0,0.125
1/15/2024 16:47,-2,-1.5625,-1,-0.1875,-0.0625,0.125
1/15/2024 18:47,-1.9375,-1.5,-1,-0.1875,0,0.125
1/15/2024 20:47,-1.875,-1.5,-0.9375,-0.1875,0,0.125
1/15/2024 22:47,-2,-1.5,-0.9375,-0.1875,0,0.125
1/16/2024 0:47,-2,-1.5,-0.9375,-0.1875,0,0.125
1/16/2024 2:47,-1.9375,-1.5,-0.9375,-0.1875,0,0.125
1/16/2024 4:47,-1.8125,-1.4375,-0.9375,-0.1875,0,0.125
1/16/2024 6:47,-1.75,-1.375,-0.9375,-0.1875,0,0.125
1/16/2024 8:47,-1.6875,-1.375,-0.875,-0.1875,0,0.125
1/16/2024 10:47,-1.625,-1.3125,-0.875,-0.1875,0,0.125
1/16/2024 12:47,-1.5625,-1.25,-0.875,-0.1875,0,0.125
1/16/2024 14:47,-1.4375,-1.1875,-0.8125,-0.1875,0,0.125
1/16/2024 16:47,-1.375,-1.1875,-0.8125,-0.1875,0,0.125
1/16/2024 18:47,-1.3125,-1.125,-0.8125,-0.1875,0,0.125
1/16/2024 20:47,-1.3125,-1.0625,-0.75,-0.1875,0,0.125
1/16/2024 22:47,-1.25,-1.0625,-0.75,-0.1875,0,0.125
1/17/2024 0:47,-1.25,-1,-0.75,-0.1875,0,0.125
1/17/2024 2:47,-1.1875,-1,-0.6875,-0.1875,0,0.125
1/17/2024 4:47,-1.1875,-0.9375,-0.6875,-0.1875,0,0.125
1/17/2024 6:47,-1.1875,-0.9375,-0.6875,-0.1875,0,0.125
1/17/2024 8:47,-1.1875,-0.9375,-0.6875,-0.1875,0,0.125
1/17/2024 10:47,-1.1875,-0.9375,-0.6875,-0.1875,0,0.125
1/17/2024 12:47,-1.1875,-0.9375,-0.6875,-0.125,0,0.125
1/17/2024 14:47,-1.1875,-0.9375,-0.6875,-0.125,0,0.125
1/17/2024 16:47,-1.1875,-0.9375,-0.625,-0.125,-0.0625,0.125
1/17/2024 18:47,-1.1875,-0.9375,-0.625,-0.1875,0,0.125
1/17/2024 20:47,-1.1875,-0.9375,-0.625,-0.125,0,0.125
1/17/2024 22:47,-1.1875,-0.9375,-0.625,-0.125,0,0.125
1/18/2024 0:47,-1.1875,-0.9375,-0.625,-0.125,0,0.125
1/18/2024 2:47,-1.1875,-0.9375,-0.625,-0.125,0,0.125
1/18/2024 4:47,-1.1875,-0.9375,-0.625,-0.1875,0,0.125
1/18/2024 6:47,-1.1875,-0.9375,-0.625,-0.1875,0,0.125
1/18/2024 8:47,-1.1875,-0.9375,-0.625,-0.125,0,0.125
1/18/2024 10:47,-1.1875,-0.9375,-0.625,-0.125,0,0.125
1/18/2024 12:47,-1.1875,-0.9375,-0.625,-0.1875,0,0.125
1/18/2024 14:47,-1.1875,-0.9375,-0.625,-0.125,0,0.125
1/18/2024 16:47,-1.1875,-0.9375,-0.625,-0.125,0,0.125
1/18/2024 18:47,-1.1875,-0.9375,-0.625,-0.125,0,0.125
1/18/2024 20:47,-1.125,-0.9375,-0.625,-0.125,0,0.125
1/18/2024 22:47,-1.125,-0.9375,-0.625,-0.125,0,0.125
1/19/2024 0:47,-1.125,-0.875,-0.625,-0.125,0,0.125
1/19/2024 2:47,-1.125,-0.875,-0.625,-0.1875,0,0.125
1/19/2024 4:47,-1.125,-0.875,-0.625,-0.125,0,0.125
1/19/2024 6:47,-1.0625,-0.875,-0.625,-0.125,0,0.125
1/19/2024 8:47,-1.0625,-0.875,-0.625,-0.125,0,0.125
1/19/2024 10:47,-1.0625,-0.8125,-0.625,-0.125,0,0.125
1/19/2024 12:47,-1.0625,-0.8125,-0.5625,-0.125,0,0.125
1/19/2024 14:47,-1.0625,-0.8125,-0.5625,-0.125,0,0.125
1/19/2024 16:47,-1,-0.8125,-0.5625,-0.1875,0,0.125
1/19/2024 18:47,-1,-0.8125,-0.5625,-0.1875,0,0.125
1/19/2024 20:47,-1,-0.8125,-0.5625,-0.125,0,0.125
1/19/2024 22:47,-1,-0.8125,-0.5625,-0.125,0,0.125
1/20/2024 0:47,-1,-0.8125,-0.5625,-0.125,0,0.125
1/20/2024 2:47,-1,-0.75,-0.5625,-0.125,0,0.125
1/20/2024 4:47,-0.9375,-0.8125,-0.5625,-0.125,0,0.125
1/20/2024 6:47,-0.9375,-0.75,-0.5625,-0.125,0,0.125
1/20/2024 8:47,-1,-0.75,-0.5625,-0.125,0,0.125
1/20/2024 10:47,-0.9375,-0.75,-0.5625,-0.125,0,0.125
1/20/2024 12:47,-0.9375,-0.75,-0.5,-0.125,0,0.125
1/20/2024 14:47,-0.9375,-0.75,-0.5,-0.1875,0,0.125
1/20/2024 16:47,-0.9375,-0.75,-0.5625,-0.125,0,0.125
1/20/2024 18:47,-0.9375,-0.75,-0.5,-0.125,0,0.125
1/20/2024 20:47,-0.9375,-0.75,-0.5625,-0.125,0,0.125
1/20/2024 22:47,-1,-0.75,-0.5,-0.125,0,0.125
1/21/2024 0:47,-1,-0.75,-0.5625,-0.125,0,0.125
1/21/2024 2:47,-1,-0.75,-0.5,-0.125,0,0.125
1/21/2024 4:47,-1,-0.75,-0.5625,-0.125,0,0.125
1/21/2024 6:47,-1,-0.8125,-0.5625,-0.125,0,0.125
1/21/2024 8:47,-1,-0.8125,-0.5625,-0.125,0,0.125
1/21/2024 10:47,-1.0625,-0.8125,-0.5625,-0.125,0,0.125
1/21/2024 12:47,-1.0625,-0.8125,-0.5625,-0.125,0,0.125
1/21/2024 14:47,-1.0625,-0.8125,-0.5625,-0.125,0,0.125
1/21/2024 16:47,-1.0625,-0.8125,-0.5625,-0.125,0,0.125
1/21/2024 18:47,-1.125,-0.8125,-0.5625,-0.125,0,0.125
1/21/2024 20:47,-1.125,-0.8125,-0.5625,-0.125,0,0.125
1/21/2024 22:47,-1.125,-0.875,-0.5625,-0.125,0,0.125
1/22/2024 0:47,-1.125,-0.875,-0.5625,-0.125,0,0.125
1/22/2024 2:47,-1.1875,-0.875,-0.5625,-0.125,0,0.125
1/22/2024 4:47,-1.1875,-0.875,-0.5625,-0.125,0,0.125
1/22/2024 6:47,-1.1875,-0.875,-0.5625,-0.125,0,0.125
1/22/2024 8:47,-1.25,-0.9375,-0.5625,-0.1875,0,0.125
1/22/2024 10:47,-1.25,-0.9375,-0.625,-0.1875,-0.0625,0.125
1/22/2024 12:47,-1.25,-0.9375,-0.625,-0.1875,0,0.125
1/22/2024 14:47,-1.25,-0.9375,-0.625,-0.1875,0,0.125
1/22/2024 16:47,-1.25,-1,-0.625,-0.1875,0,0.125
1/22/2024 18:47,-1.3125,-1,-0.625,-0.1875,0,0.125
1/22/2024 20:47,-1.3125,-1,-0.625,-0.1875,0,0.125
1/22/2024 22:47,-1.3125,-1,-0.6875,-0.1875,0,0.125
1/23/2024 0:47,-1.375,-1,-0.6875,-0.1875,0,0.125
1/23/2024 2:47,-1.3125,-1,-0.625,-0.1875,0,0.125
1/23/2024 4:47,-1.375,-1.0625,-0.6875,-0.1875,0,0.125
1/23/2024 6:47,-1.375,-1.0625,-0.6875,-0.1875,0,0.125
1/23/2024 8:47,-1.375,-1.0625,-0.6875,-0.1875,0,0.125
1/23/2024 10:47,-1.375,-1.0625,-0.6875,-0.1875,0,0.125
1/23/2024 12:47,-1.375,-1.0625,-0.6875,-0.1875,0,0.1875
1/23/2024 14:47,-1.375,-1.0625,-0.6875,-0.1875,0,0.125
1/23/2024 16:47,-1.375,-1.0625,-0.6875,-0.1875,0,0.125
1/23/2024 18:47,-1.375,-1.0625,-0.6875,-0.1875,0,0.125
1/23/2024 20:47,-1.375,-1.0625,-0.75,-0.1875,-0.0625,0.125
1/23/2024 22:47,-1.375,-1.0625,-0.75,-0.1875,0,0.125
1/24/2024 0:47,-1.375,-1.0625,-0.6875,-0.1875,0,0.125
1/24/2024 2:47,-1.4375,-1.0625,-0.6875,-0.1875,0,0.125
1/24/2024 4:47,-1.375,-1.0625,-0.75,-0.1875,0,0.125
1/24/2024 6:47,-1.4375,-1.0625,-0.75,-0.1875,0,0.125
1/24/2024 8:47,-1.4375,-1.0625,-0.75,-0.1875,0,0.125
1/24/2024 10:47,-1.4375,-1.125,-0.75,-0.1875,0,0.125
1/24/2024 12:47,-1.4375,-1.125,-0.75,-0.1875,0,0.125
1/24/2024 14:47,-1.5,-1.125,-0.75,-0.1875,0,0.125
1/24/2024 16:47,-1.5,-1.125,-0.75,-0.1875,0,0.125
1/24/2024 18:47,-1.5,-1.125,-0.75,-0.1875,0,0.125
1/24/2024 20:47,-1.5,-1.1875,-0.75,-0.1875,0,0.125
1/24/2024 22:47,-1.5625,-1.1875,-0.75,-0.1875,0,0.125
1/25/2024 0:47,-1.5625,-1.1875,-0.8125,-0.1875,0,0.125
1/25/2024 2:47,-1.5625,-1.1875,-0.8125,-0.25,0,0.125
1/25/2024 4:47,-1.5625,-1.25,-0.8125,-0.25,0,0.125
1/25/2024 6:47,-1.625,-1.1875,-0.8125,-0.25,0,0.125
1/25/2024 8:47,-1.625,-1.25,-0.8125,-0.25,-0.0625,0.125
1/25/2024 10:47,-1.625,-1.25,-0.8125,-0.25,0,0.125
1/25/2024 12:47,-1.625,-1.25,-0.8125,-0.25,0,0.125
1/25/2024 14:47,-1.6875,-1.25,-0.8125,-0.25,0,0.125
1/25/2024 16:47,-1.6875,-1.25,-0.8125,-0.25,0,0.125
1/25/2024 18:47,-1.6875,-1.3125,-0.875,-0.25,-0.0625,0.125
1/25/2024 20:47,-1.6875,-1.3125,-0.875,-0.25,0,0.125
1/25/2024 22:47,-1.6875,-1.3125,-0.875,-0.25,-0.0625,0.125
1/26/2024 0:47,-1.6875,-1.3125,-0.875,-0.25,0,0.125
1/26/2024 2:47,-1.6875,-1.3125,-0.875,-0.25,0,0.125
1/26/2024 4:47,-1.6875,-1.3125,-0.875,-0.25,0,0.125
1/26/2024 6:47,-1.75,-1.3125,-0.875,-0.25,0,0.125
1/26/2024 8:47,-1.75,-1.3125,-0.875,-0.25,0,0.125
1/26/2024 10:47,-1.75,-1.375,-0.875,-0.25,0,0.125
1/26/2024 12:47,-1.75,-1.375,-0.9375,-0.25,0,0.125
1/26/2024 14:47,-1.75,-1.375,-0.875,-0.3125,0,0.125
1/26/2024 16:47,-1.75,-1.375,-0.9375,-0.25,0,0.125
1/26/2024 18:47,-1.8125,-1.375,-0.9375,-0.25,0,0.125
1/26/2024 20:47,-1.8125,-1.375,-0.9375,-0.25,0,0.125
1/26/2024 22:47,-1.8125,-1.375,-0.9375,-0.25,-0.0625,0.125
1/27/2024 0:47,-1.875,-1.4375,-0.9375,-0.3125,0,0.125
1/27/2024 2:47,-1.875,-1.4375,-0.9375,-0.3125,0,0.125
1/27/2024 4:47,-1.875,-1.4375,-0.9375,-0.3125,0,0.125
1/27/2024 6:47,-1.9375,-1.4375,-0.9375,-0.3125,0,0.125
1/27/2024 8:47,-1.9375,-1.5,-1,-0.3125,0,0.125
1/27/2024 10:47,-1.9375,-1.5,-1,-0.3125,0,0.125
1/27/2024 12:47,-1.9375,-1.5,-1,-0.3125,0,0.125
1/27/2024 14:47,-2,-1.5625,-1,-0.3125,0,0.125
1/27/2024 16:47,-2,-1.5,-1,-0.3125,0,0.125
1/27/2024 18:47,-2.0625,-1.5625,-1,-0.3125,-0.0625,0.125
1/27/2024 20:47,-2.0625,-1.5625,-1.0625,-0.3125,0,0.125
1/27/2024 22:47,-2.0625,-1.625,-1.0625,-0.3125,0,0.125
1/28/2024 0:47,-2.125,-1.625,-1.0625,-0.3125,-0.0625,0.125
1/28/2024 2:47,-2.125,-1.625,-1.0625,-0.3125,-0.0625,0.125
1/28/2024 4:47,-2.125,-1.625,-1.0625,-0.3125,0,0.125
1/28/2024 6:47,-2.1875,-1.6875,-1.0625,-0.375,0,0.125
1/28/2024 8:47,-2.1875,-1.6875,-1.125,-0.375,-0.0625,0.125
1/28/2024 10:47,-2.1875,-1.6875,-1.125,-0.375,0,0.125
1/28/2024 12:47,-2.1875,-1.6875,-1.125,-0.375,-0.0625,0.125
1/28/2024 14:47,-2.25,-1.75,-1.125,-0.375,0,0.125
1/28/2024 16:47,-2.25,-1.75,-1.125,-0.375,0,0.125
1/28/2024 18:47,-2.25,-1.75,-1.1875,-0.375,0,0.125
1/28/2024 20:47,-2.25,-1.75,-1.1875,-0.375,0,0.125
1/28/2024 22:47,-2.25,-1.75,-1.1875,-0.375,0,0.125
1/29/2024 0:47,-2.3125,-1.75,-1.1875,-0.375,-0.0625,0.125
1/29/2024 2:47,-2.3125,-1.8125,-1.1875,-0.375,0,0.125
1/29/2024 4:47,-2.3125,-1.8125,-1.1875,-0.4375,-0.0625,0.125
1/29/2024 6:47,-2.3125,-1.8125,-1.1875,-0.375,-0.0625,0.125
1/29/2024 8:47,-2.3125,-1.8125,-1.1875,-0.375,0,0.125
1/29/2024 10:47,-2.3125,-1.8125,-1.25,-0.4375,0,0.125
1/29/2024 12:47,-2.375,-1.8125,-1.25,-0.4375,0,0.125
1/29/2024 14:47,-2.3125,-1.8125,-1.25,-0.4375,-0.0625,0.125
1/29/2024 16:47,-2.3125,-1.8125,-1.25,-0.4375,0,0.125
1/29/2024 18:47,-2.375,-1.8125,-1.25,-0.4375,-0.0625,0.125
1/29/2024 20:47,-2.3125,-1.8125,-1.25,-0.4375,-0.0625,0.125
1/29/2024 22:47,-2.3125,-1.875,-1.25,-0.4375,-0.0625,0.125
1/30/2024 0:47,-2.375,-1.8125,-1.25,-0.4375,-0.0625,0.125
1/30/2024 2:47,-2.3125,-1.875,-1.25,-0.4375,-0.0625,0.125
1/30/2024 4:47,-2.3125,-1.8125,-1.25,-0.4375,0,0.125
1/30/2024 6:47,-2.3125,-1.875,-1.25,-0.4375,-0.0625,0.125
1/30/2024 8:47,-2.3125,-1.875,-1.25,-0.5,-0.0625,0.125
1/30/2024 10:47,-2.3125,-1.875,-1.25,-0.4375,0,0.125
1/30/2024 12:47,-2.25,-1.8125,-1.25,-0.4375,-0.0625,0.125
1/30/2024 14:47,-2.25,-1.8125,-1.25,-0.4375,-0.0625,0.125
1/30/2024 16:47,-2.25,-1.8125,-1.25,-0.4375,-0.0625,0.125
1/30/2024 18:47,-2.25,-1.8125,-1.25,-0.4375,-0.0625,0.125
1/30/2024 20:47,-2.25,-1.8125,-1.25,-0.5,-0.0625,0.125
1/30/2024 22:47,-2.1875,-1.75,-1.25,-0.5,-0.0625,0.125
1/31/2024 0:47,-2.1875,-1.75,-1.25,-0.5,-0.0625,0.125
1/31/2024 2:47,-2.1875,-1.75,-1.25,-0.4375,-0.0625,0.125
1/31/2024 4:47,-2.125,-1.75,-1.25,-0.5,-0.0625,0.125
1/31/2024 6:47,-2.125,-1.75,-1.25,-0.5,-0.0625,0.125
1/31/2024 8:47,-2.0625,-1.6875,-1.1875,-0.5,-0.0625,0.125
1/31/2024 10:47,-2.0625,-1.6875,-1.1875,-0.5,-0.0625,0.125
1/31/2024 12:47,-2.0625,-1.6875,-1.1875,-0.5,-0.0625,0.125
1/31/2024 14:47,-2,-1.6875,-1.1875,-0.4375,-0.0625,0.125
1/31/2024 16:47,-2,-1.6875,-1.1875,-0.4375,-0.0625,0.125
1/31/2024 18:47,-2,-1.625,-1.1875,-0.4375,0,0.125
1/31/2024 20:47,-2,-1.625,-1.1875,-0.5,-0.0625,0.125
1/31/2024 22:47,-1.9375,-1.625,-1.125,-0.5,-0.0625,0.125
2/1/2024 0:47,-1.9375,-1.5625,-1.125,-0.5,-0.0625,0.125
2/1/2024 2:47,-1.9375,-1.5625,-1.125,-0.4375,-0.0625,0.125
2/1/2024 4:47,-1.9375,-1.5625,-1.125,-0.5,-0.0625,0.125
2/1/2024 6:47,-1.875,-1.5625,-1.125,-0.4375,-0.0625,0.125
2/1/2024 8:47,-1.875,-1.5625,-1.125,-0.4375,-0.0625,0.125
2/1/2024 10:47,-1.875,-1.5625,-1.125,-0.4375,-0.0625,0.125
2/1/2024 12:47,-1.875,-1.5,-1.125,-0.4375,-0.0625,0.125
2/1/2024 14:47,-1.875,-1.5,-1.125,-0.4375,-0.0625,0.125
2/1/2024 16:47,-1.8125,-1.5,-1.125,-0.4375,-0.0625,0.125
2/1/2024 18:47,-1.8125,-1.5,-1.125,-0.4375,-0.0625,0.125
2/1/2024 20:47,-1.8125,-1.5,-1.0625,-0.4375,-0.0625,0.125
2/1/2024 22:47,-1.8125,-1.5,-1.0625,-0.4375,-0.0625,0.125
2/2/2024 0:47,-1.8125,-1.4375,-1.0625,-0.4375,-0.0625,0.125
2/2/2024 2:47,-1.8125,-1.4375,-1.0625,-0.4375,-0.0625,0.125
2/2/2024 4:47,-1.75,-1.4375,-1.0625,-0.4375,-0.0625,0.125
2/2/2024 6:47,-1.75,-1.4375,-1.0625,-0.4375,-0.0625,0.125
2/2/2024 8:47,-1.75,-1.4375,-1.0625,-0.4375,-0.0625,0.125
2/2/2024 10:47,-1.75,-1.4375,-1.0625,-0.4375,-0.0625,0.125
2/2/2024 12:47,-1.75,-1.4375,-1.0625,-0.4375,-0.0625,0.125
2/2/2024 14:47,-1.75,-1.4375,-1.0625,-0.4375,-0.0625,0.125
2/2/2024 16:47,-1.75,-1.375,-1.0625,-0.4375,-0.0625,0.125
2/2/2024 18:47,-1.75,-1.4375,-1.0625,-0.4375,-0.0625,0.125
2/2/2024 20:47,-1.75,-1.4375,-1.0625,-0.4375,-0.0625,0.125
2/2/2024 22:47,-1.6875,-1.375,-1.0625,-0.4375,-0.0625,0.125
2/3/2024 0:47,-1.6875,-1.375,-1.0625,-0.4375,-0.0625,0.125
2/3/2024 2:47,-1.6875,-1.375,-1,-0.4375,-0.0625,0.125
2/3/2024 4:47,-1.6875,-1.375,-1,-0.4375,-0.0625,0.125
2/3/2024 6:47,-1.6875,-1.375,-1,-0.4375,-0.0625,0.125
2/3/2024 8:47,-1.6875,-1.375,-1,-0.4375,-0.0625,0.125
2/3/2024 10:47,-1.6875,-1.375,-1,-0.4375,-0.0625,0.125
2/3/2024 12:47,-1.6875,-1.375,-1,-0.4375,-0.0625,0.125
2/3/2024 14:47,-1.6875,-1.375,-1,-0.4375,-0.0625,0.125
2/3/2024 16:47,-1.75,-1.375,-1,-0.4375,-0.0625,0.125
2/3/2024 18:47,-1.75,-1.375,-1,-0.4375,-0.0625,0.125
2/3/2024 20:47,-1.6875,-1.375,-1,-0.4375,-0.0625,0.125
2/3/2024 22:47,-1.6875,-1.4375,-1,-0.4375,-0.0625,0.125
2/4/2024 0:47,-1.75,-1.4375,-1,-0.4375,-0.125,0.125
2/4/2024 2:47,-1.6875,-1.4375,-1,-0.4375,-0.0625,0.125
2/4/2024 4:47,-1.75,-1.4375,-1.0625,-0.4375,-0.0625,0.125
2/4/2024 6:47,-1.75,-1.4375,-1,-0.4375,-0.0625,0.125
2/4/2024 8:47,-1.75,-1.375,-1,-0.4375,-0.0625,0.125
2/4/2024 10:47,-1.75,-1.375,-1,-0.4375,-0.0625,0.125
2/4/2024 12:47,-1.75,-1.4375,-1,-0.4375,-0.0625,0.125
2/4/2024 14:47,-1.75,-1.375,-1.0625,-0.4375,-0.0625,0.125
2/4/2024 16:47,-1.75,-1.4375,-1,-0.4375,-0.0625,0.125
2/4/2024 18:47,-1.75,-1.4375,-1.0625,-0.4375,-0.0625,0.125
2/4/2024 20:47,-1.75,-1.375,-1,-0.4375,-0.0625,0.125
2/4/2024 22:47,-1.75,-1.4375,-1,-0.4375,-0.0625,0.125
2/5/2024 0:47,-1.75,-1.375,-1,-0.4375,-0.0625,0.125
2/5/2024 2:47,-1.6875,-1.375,-1,-0.4375,-0.0625,0.125
2/5/2024 4:47,-1.75,-1.4375,-1.0625,-0.4375,-0.0625,0.125
2/5/2024 6:47,-1.6875,-1.375,-1,-0.4375,-0.0625,0.125
2/5/2024 8:47,-1.6875,-1.375,-1,-0.4375,-0.0625,0.125
2/5/2024 10:47,-1.75,-1.375,-1,-0.4375,-0.0625,0.125
2/5/2024 12:47,-1.75,-1.375,-1.0625,-0.4375,-0.0625,0.125
2/5/2024 14:47,-1.6875,-1.375,-1.0625,-0.4375,-0.0625,0.125
2/5/2024 16:47,-1.6875,-1.375,-1,-0.4375,-0.0625,0.125
2/5/2024 18:47,-1.6875,-1.4375,-1,-0.4375,-0.0625,0.125
2/5/2024 20:47,-1.6875,-1.375,-1.0625,-0.4375,-0.125,0.125
2/5/2024 22:47,-1.6875,-1.375,-1,-0.4375,-0.0625,0.125
2/6/2024 0:47,-1.6875,-1.375,-1,-0.4375,-0.0625,0.125
2/6/2024 2:47,-1.6875,-1.375,-1,-0.4375,-0.0625,0.1875
2/6/2024 4:47,-1.6875,-1.375,-1,-0.4375,-0.125,0.125
2/6/2024 6:47,-1.6875,-1.375,-1,-0.4375,-0.0625,0.125
2/6/2024 8:47,-1.6875,-1.375,-1.0625,-0.4375,-0.0625,0.125
2/6/2024 10:47,-1.6875,-1.375,-1.0625,-0.4375,-0.0625,0.125
2/6/2024 12:47,-1.6875,-1.375,-1,-0.4375,-0.0625,0.125
2/6/2024 14:47,-1.6875,-1.375,-1,-0.4375,-0.0625,0.125
2/6/2024 16:47,-1.625,-1.375,-1.0625,-0.4375,-0.0625,0.125
2/6/2024 18:47,-1.625,-1.375,-1,-0.4375,-0.0625,0.125
2/6/2024 20:47,-1.625,-1.3125,-1,-0.4375,-0.0625,0.125
2/6/2024 22:47,-1.625,-1.375,-1,-0.4375,-0.125,0.125
2/7/2024 0:47,-1.625,-1.3125,-1,-0.4375,-0.0625,0.125
2/7/2024 2:47,-1.625,-1.3125,-1,-0.4375,-0.0625,0.125
2/7/2024 4:47,-1.625,-1.3125,-1,-0.4375,-0.125,0.125
2/7/2024 6:47,-1.5625,-1.3125,-1,-0.4375,-0.0625,0.125
2/7/2024 8:47,-1.5625,-1.3125,-1,-0.4375,-0.125,0.125
2/7/2024 10:47,-1.5625,-1.3125,-1,-0.4375,-0.0625,0.125
2/7/2024 12:47,-1.5625,-1.3125,-1,-0.4375,-0.0625,0.125
2/7/2024 14:47,-1.5,-1.3125,-1,-0.4375,-0.0625,0.125
2/7/2024 16:47,-1.5625,-1.25,-1,-0.4375,-0.0625,0.125
2/7/2024 18:47,-1.5,-1.25,-0.9375,-0.4375,-0.0625,0.125
2/7/2024 20:47,-1.5,-1.25,-0.9375,-0.4375,-0.0625,0.125
2/7/2024 22:47,-1.5,-1.25,-0.9375,-0.4375,-0.0625,0.125
2/8/2024 0:47,-1.5,-1.25,-0.9375,-0.4375,-0.0625,0.125
2/8/2024 2:47,-1.5,-1.25,-0.9375,-0.4375,-0.0625,0.125
2/8/2024 4:47,-1.4375,-1.1875,-0.9375,-0.4375,-0.125,0.125
2/8/2024 6:47,-1.5,-1.1875,-0.9375,-0.4375,-0.0625,0.125
2/8/2024 8:47,-1.4375,-1.1875,-0.9375,-0.4375,-0.125,0.125
2/8/2024 10:47,-1.4375,-1.1875,-0.9375,-0.4375,-0.125,0.125
2/8/2024 12:47,-1.4375,-1.1875,-0.9375,-0.4375,-0.0625,0.125
2/8/2024 14:47,-1.4375,-1.1875,-0.9375,-0.4375,-0.0625,0.125
2/8/2024 16:47,-1.4375,-1.1875,-0.9375,-0.4375,-0.125,0.125
2/8/2024 18:47,-1.4375,-1.1875,-0.875,-0.4375,-0.0625,0.125
2/8/2024 20:47,-1.4375,-1.1875,-0.875,-0.4375,-0.0625,0.125
2/8/2024 22:47,-1.4375,-1.1875,-0.875,-0.4375,-0.125,0.125
2/9/2024 0:47,-1.4375,-1.1875,-0.875,-0.4375,-0.125,0.125
2/9/2024 2:47,-1.375,-1.125,-0.875,-0.4375,-0.125,0.125
2/9/2024 4:47,-1.375,-1.125,-0.875,-0.4375,-0.125,0.125
2/9/2024 6:47,-1.3125,-1.125,-0.875,-0.4375,-0.0625,0.125
2/9/2024 8:47,-1.375,-1.125,-0.875,-0.375,-0.0625,0.125
2/9/2024 10:47,-1.375,-1.125,-0.875,-0.4375,-0.125,0.125
2/9/2024 12:47,-1.375,-1.125,-0.875,-0.4375,-0.125,0.125
2/9/2024 14:47,-1.375,-1.125,-0.875,-0.375,-0.125,0.125
2/9/2024 16:47,-1.3125,-1.125,-0.875,-0.4375,-0.0625,0.125
2/9/2024 18:47,-1.3125,-1.125,-0.8125,-0.375,-0.0625,0.125
2/9/2024 20:47,-1.3125,-1.125,-0.8125,-0.375,-0.0625,0.125
2/9/2024 22:47,-1.3125,-1.0625,-0.875,-0.4375,-0.125,0.125
2/10/2024 0:47,-1.3125,-1.0625,-0.8125,-0.375,-0.125,0.125
2/10/2024 2:47,-1.3125,-1.0625,-0.8125,-0.375,-0.125,0.125
2/10/2024 4:47,-1.3125,-1.0625,-0.8125,-0.375,-0.0625,0.125
2/10/2024 6:47,-1.3125,-1.0625,-0.8125,-0.375,-0.0625,0.125
2/10/2024 8:47,-1.25,-1.0625,-0.8125,-0.375,-0.0625,0.125
2/10/2024 10:47,-1.3125,-1.0625,-0.8125,-0.375,-0.0625,0.125
2/10/2024 12:47,-1.25,-1.0625,-0.8125,-0.375,-0.125,0.125
2/10/2024 14:47,-1.25,-1.0625,-0.8125,-0.375,-0.125,0.125
2/10/2024 16:47,-1.25,-1,-0.8125,-0.375,-0.125,0.125
2/10/2024 18:47,-1.25,-1.0625,-0.8125,-0.375,-0.125,0.125
2/10/2024 20:47,-1.25,-1,-0.8125,-0.375,-0.125,0.125
2/10/2024 22:47,-1.1875,-1,-0.8125,-0.375,-0.125,0.125
2/11/2024 0:47,-1.25,-1,-0.8125,-0.375,-0.125,0.125
2/11/2024 2:47,-1.1875,-1,-0.8125,-0.375,-0.125,0.125
2/11/2024 4:47,-1.25,-1,-0.8125,-0.375,-0.125,0.125
2/11/2024 6:47,-1.1875,-1,-0.75,-0.375,-0.125,0.125
2/11/2024 8:47,-1.1875,-1,-0.8125,-0.375,-0.125,0.125
2/11/2024 10:47,-1.1875,-1,-0.8125,-0.375,-0.125,0.125
2/11/2024 12:47,-1.25,-1,-0.75,-0.375,-0.125,0.125
2/11/2024 14:47,-1.1875,-1,-0.8125,-0.375,-0.125,0.125
2/11/2024 16:47,-1.1875,-1,-0.75,-0.375,-0.125,0.125
2/11/2024 18:47,-1.1875,-1,-0.75,-0.375,-0.0625,0.125
2/11/2024 20:47,-1.1875,-1,-0.75,-0.375,-0.0625,0.125
2/11/2024 22:47,-1.1875,-1,-0.75,-0.375,-0.125,0.125
2/12/2024 0:47,-1.1875,-1,-0.75,-0.375,-0.125,0.125
2/12/2024 2:47,-1.1875,-1,-0.75,-0.375,-0.125,0.125
2/12/2024 4:47,-1.1875,-1,-0.75,-0.375,-0.125,0.125
2/12/2024 6:47,-1.1875,-1,-0.75,-0.375,-0.125,0.125
2/12/2024 8:47,-1.1875,-1,-0.75,-0.375,-0.125,0.125
2/12/2024 10:47,-1.1875,-1,-0.75,-0.375,-0.125,0.125
2/12/2024 12:47,-1.1875,-1,-0.75,-0.375,-0.125,0.125
2/12/2024 14:47,-1.1875,-1,-0.75,-0.375,-0.125,0.125
2/12/2024 16:47,-1.1875,-0.9375,-0.75,-0.375,-0.125,0.125
2/12/2024 18:47,-1.1875,-0.9375,-0.75,-0.375,-0.125,0.125
2/12/2024 20:47,-1.1875,-1,-0.75,-0.375,-0.125,0.125
2/12/2024 22:47,-1.125,-0.9375,-0.75,-0.375,-0.125,0.125
2/13/2024 0:47,-1.1875,-0.9375,-0.75,-0.375,-0.125,0.125
2/13/2024 2:47,-1.125,-0.9375,-0.75,-0.375,-0.125,0.125
2/13/2024 4:47,-1.125,-0.9375,-0.75,-0.375,-0.125,0.125
2/13/2024 6:47,-1.1875,-0.9375,-0.75,-0.375,-0.125,0.125
2/13/2024 8:47,-1.125,-0.9375,-0.75,-0.375,-0.125,0.125
2/13/2024 10:47,-1.1875,-0.9375,-0.75,-0.375,-0.125,0.125
2/13/2024 12:47,-1.125,-0.9375,-0.75,-0.375,-0.125,0.125
2/13/2024 14:47,-1.125,-0.9375,-0.75,-0.375,-0.125,0.125
2/13/2024 16:47,-1.125,-0.9375,-0.75,-0.375,-0.0625,0.125
2/13/2024 18:47,-1.125,-0.9375,-0.75,-0.375,-0.125,0.125
2/13/2024 20:47,-1.125,-0.9375,-0.75,-0.375,-0.125,0.125
2/13/2024 22:47,-1.125,-0.9375,-0.75,-0.375,-0.125,0.125
2/14/2024 0:47,-1.125,-0.9375,-0.75,-0.375,-0.125,0.125
2/14/2024 2:47,-1.125,-0.9375,-0.6875,-0.3125,-0.125,0.125
2/14/2024 4:47,-1.125,-0.9375,-0.75,-0.375,-0.125,0.125
2/14/2024 6:47,-1.125,-0.9375,-0.6875,-0.375,-0.125,0.125
2/14/2024 8:47,-1.0625,-0.9375,-0.75,-0.3125,-0.125,0.125
2/14/2024 10:47,-1.0625,-0.875,-0.75,-0.375,-0.125,0.125
2/14/2024 12:47,-1.0625,-0.875,-0.6875,-0.375,-0.125,0.125
2/14/2024 14:47,-1.0625,-0.875,-0.6875,-0.375,-0.125,0.125
2/14/2024 16:47,-1.0625,-0.875,-0.6875,-0.375,-0.125,0.125
2/14/2024 18:47,-1,-0.875,-0.6875,-0.3125,-0.125,0.125
2/14/2024 20:47,-1,-0.875,-0.6875,-0.375,-0.125,0.125
2/14/2024 22:47,-1,-0.8125,-0.6875,-0.375,-0.125,0.125
2/15/2024 0:47,-0.9375,-0.8125,-0.6875,-0.3125,-0.125,0.125
2/15/2024 2:47,-1,-0.8125,-0.6875,-0.3125,-0.125,0.125
2/15/2024 4:47,-0.9375,-0.8125,-0.6875,-0.375,-0.125,0.125
2/15/2024 6:47,-0.9375,-0.8125,-0.6875,-0.3125,-0.125,0.125
2/15/2024 8:47,-0.9375,-0.8125,-0.6875,-0.3125,-0.125,0.125
2/15/2024 10:47,-0.9375,-0.75,-0.625,-0.3125,-0.125,0.125
2/15/2024 12:47,-0.9375,-0.8125,-0.625,-0.3125,-0.125,0.125
2/15/2024 14:47,-0.9375,-0.8125,-0.625,-0.3125,-0.125,0.125
2/15/2024 16:47,-0.875,-0.75,-0.625,-0.3125,-0.125,0.125
2/15/2024 18:47,-0.875,-0.75,-0.625,-0.3125,-0.125,0.125
2/15/2024 20:47,-0.875,-0.75,-0.625,-0.3125,-0.0625,0.125
2/15/2024 22:47,-0.875,-0.75,-0.625,-0.3125,-0.125,0.125
2/16/2024 0:47,-0.875,-0.75,-0.625,-0.3125,-0.125,0.125
2/16/2024 2:47,-0.875,-0.75,-0.625,-0.3125,-0.0625,0.125
2/16/2024 4:47,-0.875,-0.75,-0.625,-0.3125,-0.125,0.125
2/16/2024 6:47,-0.875,-0.75,-0.625,-0.3125,-0.125,0.125
2/16/2024 8:47,-0.875,-0.75,-0.625,-0.3125,-0.125,0.125
2/16/2024 10:47,-0.875,-0.75,-0.625,-0.3125,-0.125,0.125
2/16/2024 12:47,-0.875,-0.75,-0.625,-0.3125,-0.125,0.125
2/16/2024 14:47,-0.875,-0.75,-0.625,-0.3125,-0.125,0.125
2/16/2024 16:47,-0.875,-0.75,-0.5625,-0.3125,-0.125,0.125
2/16/2024 18:47,-0.875,-0.6875,-0.625,-0.3125,-0.125,0.125
2/16/2024 20:47,-0.875,-0.75,-0.5625,-0.3125,-0.125,0.125
2/16/2024 22:47,-0.875,-0.75,-0.5625,-0.3125,-0.125,0.125
2/17/2024 0:47,-0.875,-0.6875,-0.625,-0.3125,-0.125,0.125
2/17/2024 2:47,-0.875,-0.75,-0.5625,-0.25,-0.125,0.125
2/17/2024 4:47,-0.875,-0.75,-0.5625,-0.3125,-0.125,0.125
2/17/2024 6:47,-0.9375,-0.75,-0.5625,-0.3125,-0.125,0.125
2/17/2024 8:47,-0.9375,-0.75,-0.5625,-0.3125,-0.125,0.125
2/17/2024 10:47,-0.9375,-0.75,-0.625,-0.3125,-0.125,0.125
2/17/2024 12:47,-0.9375,-0.75,-0.625,-0.3125,-0.125,0.125
2/17/2024 14:47,-0.9375,-0.75,-0.625,-0.3125,-0.0625,0.125
2/17/2024 16:47,-0.9375,-0.75,-0.625,-0.3125,-0.125,0.125
2/17/2024 18:47,-1,-0.8125,-0.625,-0.3125,-0.0625,0.125
2/17/2024 20:47,-1,-0.8125,-0.625,-0.3125,-0.125,0.125
2/17/2024 22:47,-1,-0.8125,-0.625,-0.3125,-0.125,0.125
2/18/2024 0:47,-1,-0.8125,-0.625,-0.3125,-0.125,0.125
2/18/2024 2:47,-1,-0.8125,-0.625,-0.3125,-0.125,0.125
2/18/2024 4:47,-1.0625,-0.8125,-0.625,-0.3125,-0.125,0.125
2/18/2024 6:47,-1.0625,-0.8125,-0.625,-0.3125,-0.125,0.125
2/18/2024 8:47,-1.0625,-0.875,-0.625,-0.3125,-0.125,0.125
2/18/2024 10:47,-1.125,-0.875,-0.625,-0.3125,-0.125,0.125
2/18/2024 12:47,-1.0625,-0.875,-0.625,-0.3125,-0.0625,0.125
2/18/2024 14:47,-1.125,-0.875,-0.625,-0.3125,-0.125,0.125
2/18/2024 16:47,-1.125,-0.875,-0.6875,-0.3125,-0.125,0.125
2/18/2024 18:47,-1.125,-0.875,-0.6875,-0.3125,-0.125,0.125
2/18/2024 20:47,-1.1875,-0.9375,-0.6875,-0.3125,-0.125,0.125
2/18/2024 22:47,-1.1875,-0.9375,-0.6875,-0.3125,-0.125,0.125
2/19/2024 0:47,-1.1875,-0.9375,-0.6875,-0.3125,-0.125,0.125
2/19/2024 2:47,-1.1875,-0.9375,-0.6875,-0.3125,-0.125,0.125
2/19/2024 4:47,-1.1875,-0.9375,-0.6875,-0.3125,-0.125,0.125
2/19/2024 6:47,-1.25,-0.9375,-0.6875,-0.375,-0.0625,0.125
2/19/2024 8:47,-1.1875,-1,-0.6875,-0.375,-0.125,0.125
2/19/2024 10:47,-1.25,-0.9375,-0.75,-0.3125,-0.125,0.125
2/19/2024 12:47,-1.25,-1,-0.75,-0.3125,-0.125,0.125
2/19/2024 14:47,-1.25,-1,-0.75,-0.375,-0.125,0.125
2/19/2024 16:47,-1.25,-1,-0.75,-0.3125,-0.125,0.125
2/19/2024 18:47,-1.25,-1,-0.75,-0.3125,-0.125,0.125
2/19/2024 20:47,-1.3125,-1,-0.75,-0.375,-0.125,0.125
2/19/2024 22:47,-1.25,-1.0625,-0.8125,-0.375,-0.125,0.125
2/20/2024 0:47,-1.3125,-1,-0.75,-0.375,-0.125,0.125
2/20/2024 2:47,-1.3125,-1.0625,-0.75,-0.375,-0.125,0.125
2/20/2024 4:47,-1.3125,-1.0625,-0.75,-0.375,-0.125,0.125
2/20/2024 6:47,-1.3125,-1.0625,-0.8125,-0.375,-0.125,0.125
2/20/2024 8:47,-1.3125,-1.0625,-0.8125,-0.375,-0.125,0.125
2/20/2024 10:47,-1.3125,-1.0625,-0.8125,-0.375,-0.125,0.125
2/20/2024 12:47,-1.375,-1.0625,-0.8125,-0.375,-0.125,0.125
2/20/2024 14:47,-1.375,-1.0625,-0.8125,-0.375,-0.125,0.125
2/20/2024 16:47,-1.375,-1.0625,-0.8125,-0.375,-0.125,0.125
2/20/2024 18:47,-1.375,-1.125,-0.8125,-0.375,-0.125,0.125
2/20/2024 20:47,-1.375,-1.0625,-0.8125,-0.375,-0.125,0.125
2/20/2024 22:47,-1.375,-1.0625,-0.8125,-0.375,-0.125,0.125
2/21/2024 0:47,-1.375,-1.125,-0.8125,-0.375,-0.125,0.125
2/21/2024 2:47,-1.375,-1.125,-0.8125,-0.375,-0.125,0.125
2/21/2024 4:47,-1.375,-1.125,-0.8125,-0.375,-0.125,0.125
2/21/2024 6:47,-1.375,-1.125,-0.8125,-0.375,-0.125,0.125
2/21/2024 8:47,-1.375,-1.125,-0.8125,-0.375,-0.125,0.125
2/21/2024 10:47,-1.375,-1.125,-0.8125,-0.375,-0.125,0.125
2/21/2024 12:47,-1.3125,-1.0625,-0.875,-0.375,-0.125,0.125
2/21/2024 14:47,-1.3125,-1.125,-0.8125,-0.375,-0.125,0.125
2/21/2024 16:47,-1.3125,-1.125,-0.8125,-0.375,-0.125,0.125
2/21/2024 18:47,-1.3125,-1.0625,-0.8125,-0.375,-0.125,0.125
2/21/2024 20:47,-1.25,-1.0625,-0.8125,-0.375,-0.125,0.125
2/21/2024 22:47,-1.25,-1.0625,-0.8125,-0.375,-0.125,0.125
2/22/2024 0:47,-1.25,-1.0625,-0.8125,-0.375,-0.125,0.125
2/22/2024 2:47,-1.25,-1,-0.8125,-0.375,-0.125,0.125
2/22/2024 4:47,-1.25,-1,-0.8125,-0.375,-0.125,0.125
2/22/2024 6:47,-1.1875,-1,-0.8125,-0.375,-0.125,0.125
2/22/2024 8:47,-1.1875,-1,-0.8125,-0.375,-0.125,0.125
2/22/2024 10:47,-1.1875,-1,-0.8125,-0.375,-0.125,0.125
2/22/2024 12:47,-1.1875,-1,-0.8125,-0.375,-0.125,0.125
2/22/2024 14:47,-1.1875,-1,-0.8125,-0.375,-0.125,0.125
2/22/2024 16:47,-1.1875,-1,-0.75,-0.375,-0.125,0.125
2/22/2024 18:47,-1.1875,-1,-0.75,-0.375,-0.125,0.125
2/22/2024 20:47,-1.1875,-1,-0.75,-0.375,-0.125,0.125
2/22/2024 22:47,-1.1875,-1,-0.75,-0.375,-0.125,0.125
2/23/2024 0:47,-1.1875,-1,-0.8125,-0.375,-0.125,0.125
2/23/2024 2:47,-1.1875,-1,-0.75,-0.375,-0.125,0.125
2/23/2024 4:47,-1.1875,-0.9375,-0.75,-0.375,-0.125,0.125
2/23/2024 6:47,-1.1875,-1,-0.75,-0.375,-0.125,0.125
2/23/2024 8:47,-1.1875,-1,-0.75,-0.375,-0.125,0.125
2/23/2024 10:47,-1.1875,-1,-0.75,-0.375,-0.125,0.125
2/23/2024 12:47,-1.25,-1,-0.75,-0.375,-0.125,0.125
2/23/2024 14:47,-1.25,-1,-0.75,-0.375,-0.125,0.125
2/23/2024 16:47,-1.25,-1,-0.75,-0.375,-0.1875,0.125
2/23/2024 18:47,-1.25,-1,-0.8125,-0.375,-0.125,0.125
2/23/2024 20:47,-1.25,-1.0625,-0.8125,-0.375,-0.1875,0.125
2/23/2024 22:47,-1.3125,-1,-0.8125,-0.375,-0.125,0.125
2/24/2024 0:47,-1.3125,-1.0625,-0.8125,-0.375,-0.125,0.125
2/24/2024 2:47,-1.3125,-1.0625,-0.8125,-0.375,-0.125,0.125
2/24/2024 4:47,-1.3125,-1.0625,-0.8125,-0.375,-0.1875,0.125
2/24/2024 6:47,-1.3125,-1.0625,-0.8125,-0.375,-0.125,0.125
2/24/2024 8:47,-1.3125,-1.0625,-0.8125,-0.4375,-0.1875,0.125
2/24/2024 10:47,-1.3125,-1.0625,-0.8125,-0.375,-0.1875,0.125
2/24/2024 12:47,-1.3125,-1.0625,-0.8125,-0.375,-0.1875,0.125
2/24/2024 14:47,-1.375,-1.125,-0.8125,-0.4375,-0.125,0.125
2/24/2024 16:47,-1.3125,-1.0625,-0.8125,-0.375,-0.1875,0.125
2/24/2024 18:47,-1.375,-1.125,-0.8125,-0.4375,-0.125,0.125
2/24/2024 20:47,-1.3125,-1.125,-0.8125,-0.375,-0.125,0.125
2/24/2024 22:47,-1.375,-1.0625,-0.8125,-0.4375,-0.1875,0.125
2/25/2024 0:47,-1.3125,-1.125,-0.875,-0.4375,-0.125,0.125
2/25/2024 2:47,-1.375,-1.125,-0.8125,-0.4375,-0.125,0.125
2/25/2024 4:47,-1.375,-1.125,-0.875,-0.4375,-0.125,0.125
2/25/2024 6:47,-1.375,-1.125,-0.8125,-0.4375,-0.1875,0.125
2/25/2024 8:47,-1.375,-1.125,-0.8125,-0.4375,-0.1875,0.125
2/25/2024 10:47,-1.375,-1.125,-0.8125,-0.4375,-0.1875,0.125
2/25/2024 12:47,-1.375,-1.125,-0.875,-0.4375,-0.1875,0.125
2/25/2024 14:47,-1.375,-1.125,-0.875,-0.4375,-0.1875,0.125
2/25/2024 16:47,-1.375,-1.125,-0.875,-0.4375,-0.125,0.125
2/25/2024 18:47,-1.4375,-1.125,-0.875,-0.4375,-0.1875,0.125
2/25/2024 20:47,-1.4375,-1.125,-0.875,-0.4375,-0.125,0.125
2/25/2024 22:47,-1.4375,-1.1875,-0.875,-0.4375,-0.1875,0.125
2/26/2024 0:47,-1.4375,-1.125,-0.875,-0.4375,-0.1875,0.125
2/26/2024 2:47,-1.4375,-1.1875,-0.875,-0.4375,-0.125,0.125
2/26/2024 4:47,-1.4375,-1.1875,-0.875,-0.4375,-0.1875,0.125
2/26/2024 6:47,-1.4375,-1.1875,-0.875,-0.4375,-0.125,0.125
2/26/2024 8:47,-1.4375,-1.1875,-0.9375,-0.4375,-0.125,0.125
2/26/2024 10:47,-1.5,-1.1875,-0.9375,-0.4375,-0.1875,0.125
2/26/2024 12:47,-1.5,-1.1875,-0.9375,-0.4375,-0.125,0.125
2/26/2024 14:47,-1.5,-1.1875,-0.9375,-0.4375,-0.1875,0.125
2/26/2024 16:47,-1.5,-1.1875,-0.9375,-0.4375,-0.125,0.125
2/26/2024 18:47,-1.5,-1.25,-0.9375,-0.4375,-0.125,0.125
2/26/2024 20:47,-1.5,-1.25,-0.9375,-0.4375,-0.125,0.125
2/26/2024 22:47,-1.5625,-1.25,-0.9375,-0.4375,-0.1875,0.125
2/27/2024 0:47,-1.5,-1.25,-0.9375,-0.5,-0.1875,0.125
2/27/2024 2:47,-1.5625,-1.25,-0.9375,-0.4375,-0.1875,0.125
2/27/2024 4:47,-1.5625,-1.25,-0.9375,-0.4375,-0.1875,0.125
2/27/2024 6:47,-1.5625,-1.25,-0.9375,-0.5,-0.1875,0.125
2/27/2024 8:47,-1.5625,-1.25,-0.9375,-0.4375,-0.1875,0.125
2/27/2024 10:47,-1.5625,-1.3125,-1,-0.5,-0.1875,0.125
2/27/2024 12:47,-1.5625,-1.3125,-1,-0.4375,-0.1875,0.125
2/27/2024 14:47,-1.625,-1.3125,-1,-0.5,-0.1875,0.125
2/27/2024 16:47,-1.625,-1.3125,-0.9375,-0.5,-0.1875,0.125
2/27/2024 18:47,-1.5625,-1.3125,-0.9375,-0.5,-0.1875,0.125
2/27/2024 20:47,-1.625,-1.3125,-1,-0.5,-0.1875,0.125
2/27/2024 22:47,-1.625,-1.3125,-1,-0.5,-0.1875,0.125
2/28/2024 0:47,-1.625,-1.3125,-1,-0.5,-0.1875,0.125
2/28/2024 2:47,-1.625,-1.3125,-1,-0.5,-0.1875,0.125
2/28/2024 4:47,-1.625,-1.3125,-1,-0.5,-0.1875,0.125
2/28/2024 6:47,-1.625,-1.3125,-1,-0.5,-0.1875,0.125
2/28/2024 8:47,-1.625,-1.3125,-1,-0.5,-0.1875,0.125
2/28/2024 10:47,-1.6875,-1.3125,-1,-0.5,-0.1875,0.125
2/28/2024 12:47,-1.6875,-1.375,-1,-0.5,-0.1875,0.125
2/28/2024 14:47,-1.6875,-1.375,-1,-0.5,-0.1875,0.125
2/28/2024 16:47,-1.6875,-1.375,-1,-0.5,-0.1875,0.125
2/28/2024 18:47,-1.6875,-1.375,-1,-0.5,-0.1875,0.125
2/28/2024 20:47,-1.75,-1.375,-1.0625,-0.5,-0.1875,0.125
2/28/2024 22:47,-1.75,-1.375,-1.0625,-0.5,-0.1875,0.125
2/29/2024 0:47,-1.75,-1.4375,-1.0625,-0.5,-0.1875,0.125
2/29/2024 2:47,-1.75,-1.4375,-1.0625,-0.5625,-0.1875,0.125
2/29/2024 4:47,-1.8125,-1.4375,-1.0625,-0.5625,-0.1875,0.125
2/29/2024 6:47,-1.75,-1.4375,-1.0625,-0.5,-0.1875,0.125
2/29/2024 8:47,-1.8125,-1.5,-1.0625,-0.5,-0.1875,0.125
2/29/2024 10:47,-1.8125,-1.5,-1.125,-0.5625,-0.1875,0.125
2/29/2024 12:47,-1.875,-1.5,-1.125,-0.5625,-0.1875,0.125
2/29/2024 14:47,-1.875,-1.5,-1.125,-0.5625,-0.1875,0.125
2/29/2024 16:47,-1.875,-1.5,-1.125,-0.5625,-0.25,0.125
2/29/2024 18:47,-1.9375,-1.5,-1.125,-0.5625,-0.25,0.125
2/29/2024 20:47,-1.9375,-1.5625,-1.125,-0.5625,-0.1875,0.125
2/29/2024 22:47,-1.9375,-1.5625,-1.125,-0.5625,-0.1875,0.125
3/1/2024 0:47,-1.9375,-1.625,-1.1875,-0.5625,-0.1875,0.125
3/1/2024 2:47,-2,-1.625,-1.1875,-0.5625,-0.25,0.125
3/1/2024 4:47,-2,-1.625,-1.1875,-0.625,-0.1875,0.125
3/1/2024 6:47,-2.0625,-1.625,-1.1875,-0.5625,-0.1875,0.125
3/1/2024 8:47,-2.0625,-1.6875,-1.1875,-0.625,-0.25,0.125
3/1/2024 10:47,-2.0625,-1.6875,-1.25,-0.625,-0.25,0.125
3/1/2024 12:47,-2.0625,-1.6875,-1.25,-0.5625,-0.25,0.125
3/1/2024 14:47,-2.125,-1.6875,-1.25,-0.625,-0.25,0.125
3/1/2024 16:47,-2.125,-1.6875,-1.25,-0.625,-0.25,0.125
3/1/2024 18:47,-2.125,-1.6875,-1.25,-0.625,-0.25,0.125
3/1/2024 20:47,-2.125,-1.6875,-1.25,-0.625,-0.25,0.125
3/1/2024 22:47,-2.125,-1.75,-1.3125,-0.625,-0.25,0.125
3/2/2024 0:47,-2.1875,-1.75,-1.3125,-0.625,-0.25,0.125
3/2/2024 2:47,-2.1875,-1.75,-1.3125,-0.625,-0.25,0.125
3/2/2024 4:47,-2.1875,-1.75,-1.3125,-0.6875,-0.25,0.125
3/2/2024 6:47,-2.1875,-1.75,-1.3125,-0.6875,-0.25,0.125
3/2/2024 8:47,-2.1875,-1.75,-1.3125,-0.6875,-0.25,0.125
3/2/2024 10:47,-2.25,-1.8125,-1.375,-0.625,-0.25,0.125
3/2/2024 12:47,-2.1875,-1.8125,-1.3125,-0.6875,-0.25,0.125
3/2/2024 14:47,-2.25,-1.8125,-1.375,-0.6875,-0.25,0.125
3/2/2024 16:47,-2.25,-1.8125,-1.375,-0.6875,-0.25,0.125
3/2/2024 18:47,-2.1875,-1.8125,-1.375,-0.6875,-0.25,0.125
3/2/2024 20:47,-2.25,-1.8125,-1.375,-0.6875,-0.25,0.125
3/2/2024 22:47,-2.1875,-1.8125,-1.375,-0.6875,-0.25,0.125
3/3/2024 0:47,-2.25,-1.875,-1.375,-0.6875,-0.25,0.125
3/3/2024 2:47,-2.25,-1.8125,-1.375,-0.75,-0.25,0.125
3/3/2024 4:47,-2.25,-1.875,-1.375,-0.6875,-0.25,0.125
3/3/2024 6:47,-2.1875,-1.8125,-1.375,-0.75,-0.25,0.125
3/3/2024 8:47,-2.1875,-1.875,-1.375,-0.75,-0.25,0.125
3/3/2024 10:47,-2.1875,-1.8125,-1.375,-0.75,-0.3125,0.125
3/3/2024 12:47,-2.1875,-1.875,-1.375,-0.75,-0.25,0.125
3/3/2024 14:47,-2.1875,-1.875,-1.4375,-0.75,-0.3125,0.125
3/3/2024 16:47,-2.1875,-1.8125,-1.4375,-0.75,-0.25,0.125
3/3/2024 18:47,-2.1875,-1.8125,-1.375,-0.75,-0.3125,0.125
3/3/2024 20:47,-2.1875,-1.8125,-1.375,-0.75,-0.3125,0.125
3/3/2024 22:47,-2.1875,-1.8125,-1.375,-0.75,-0.3125,0.125
3/4/2024 0:47,-2.1875,-1.8125,-1.4375,-0.75,-0.3125,0.125
3/4/2024 2:47,-2.1875,-1.8125,-1.375,-0.75,-0.25,0.125
3/4/2024 4:47,-2.125,-1.8125,-1.4375,-0.75,-0.3125,0.125
3/4/2024 6:47,-2.125,-1.8125,-1.375,-0.75,-0.3125,0.125
3/4/2024 8:47,-2.125,-1.75,-1.375,-0.75,-0.3125,0.125
3/4/2024 10:47,-2.125,-1.75,-1.375,-0.75,-0.3125,0.125
3/4/2024 12:47,-2.0625,-1.75,-1.375,-0.75,-0.3125,0.125
3/4/2024 14:47,-2.0625,-1.75,-1.375,-0.75,-0.3125,0.125
3/4/2024 16:47,-2.0625,-1.75,-1.375,-0.75,-0.3125,0.125
3/4/2024 18:47,-2.0625,-1.6875,-1.375,-0.75,-0.3125,0.125
3/4/2024 20:47,-2,-1.6875,-1.375,-0.75,-0.3125,0.125
3/4/2024 22:47,-2,-1.6875,-1.3125,-0.75,-0.3125,0.125
3/5/2024 0:47,-2,-1.6875,-1.3125,-0.75,-0.3125,0.125
3/5/2024 2:47,-1.9375,-1.6875,-1.3125,-0.75,-0.3125,0.125
3/5/2024 4:47,-1.9375,-1.625,-1.3125,-0.75,-0.3125,0.125
3/5/2024 6:47,-1.9375,-1.625,-1.3125,-0.75,-0.3125,0.125
3/5/2024 8:47,-1.875,-1.625,-1.3125,-0.75,-0.3125,0.125
3/5/2024 10:47,-1.875,-1.625,-1.3125,-0.75,-0.3125,0.125
3/5/2024 12:47,-1.875,-1.625,-1.3125,-0.75,-0.3125,0.125
3/5/2024 14:47,-1.875,-1.625,-1.3125,-0.6875,-0.375,0.125
3/5/2024 16:47,-1.875,-1.5625,-1.25,-0.6875,-0.3125,0.125
3/5/2024 18:47,-1.8125,-1.5625,-1.25,-0.75,-0.3125,0.125
3/5/2024 20:47,-1.8125,-1.5625,-1.25,-0.6875,-0.3125,0.125
3/5/2024 22:47,-1.8125,-1.5625,-1.25,-0.6875,-0.3125,0.125
3/6/2024 0:47,-1.8125,-1.5625,-1.25,-0.6875,-0.3125,0.125
3/6/2024 2:47,-1.8125,-1.5,-1.25,-0.6875,-0.3125,0.125
3/6/2024 4:47,-1.8125,-1.5,-1.25,-0.75,-0.375,0.125
3/6/2024 6:47,-1.75,-1.5,-1.1875,-0.6875,-0.3125,0.125
3/6/2024 8:47,-1.75,-1.5,-1.25,-0.6875,-0.3125,0.125
3/6/2024 10:47,-1.75,-1.5,-1.1875,-0.6875,-0.3125,0.125
3/6/2024 12:47,-1.75,-1.5,-1.1875,-0.6875,-0.3125,0.125
3/6/2024 14:47,-1.75,-1.5,-1.1875,-0.6875,-0.3125,0.125
3/6/2024 16:47,-1.75,-1.5,-1.1875,-0.6875,-0.3125,0.125
3/6/2024 18:47,-1.75,-1.5,-1.1875,-0.6875,-0.3125,0.125
3/6/2024 20:47,-1.8125,-1.5625,-1.25,-0.75,-0.375,0
3/6/2024 22:47,-1.8125,-1.5625,-1.25,-0.75,-0.375,0
3/7/2024 0:47,-1.75,-1.5,-1.1875,-0.6875,-0.3125,0.125
3/7/2024 2:47,-1.75,-1.5,-1.1875,-0.6875,-0.3125,0.125
3/7/2024 4:47,-1.75,-1.5,-1.1875,-0.6875,-0.3125,0.125
3/7/2024 6:47,-1.75,-1.5,-1.1875,-0.6875,-0.3125,0.125
3/7/2024 8:47,-1.75,-1.5,-1.1875,-0.6875,-0.3125,0.125
3/7/2024 10:47,-1.75,-1.5,-1.1875,-0.6875,-0.3125,0.125
3/7/2024 12:47,-1.75,-1.4375,-1.1875,-0.6875,-0.3125,0.125
3/7/2024 14:47,-1.75,-1.4375,-1.1875,-0.6875,-0.3125,0.125
3/7/2024 16:47,-1.75,-1.5,-1.1875,-0.6875,-0.375,0.125
3/7/2024 18:47,-1.6875,-1.5,-1.1875,-0.6875,-0.3125,0.125
3/7/2024 20:47,-1.75,-1.4375,-1.1875,-0.6875,-0.3125,0.125
3/7/2024 22:47,-1.75,-1.4375,-1.1875,-0.6875,-0.3125,0.125
3/8/2024 0:47,-1.75,-1.4375,-1.1875,-0.6875,-0.3125,0.125
3/8/2024 2:47,-1.75,-1.4375,-1.1875,-0.6875,-0.3125,0.125
3/8/2024 4:47,-1.75,-1.4375,-1.125,-0.6875,-0.3125,0.125
3/8/2024 6:47,-1.75,-1.4375,-1.1875,-0.625,-0.375,0.125
3/8/2024 8:47,-1.75,-1.4375,-1.1875,-0.6875,-0.3125,0.125
3/8/2024 10:47,-1.75,-1.4375,-1.1875,-0.6875,-0.3125,0.125
3/8/2024 12:47,-1.75,-1.5,-1.1875,-0.6875,-0.3125,0.125
3/8/2024 14:47,-1.75,-1.5,-1.1875,-0.6875,-0.3125,0.125
3/8/2024 16:47,-1.8125,-1.5,-1.1875,-0.625,-0.3125,0.125
3/8/2024 18:47,-1.8125,-1.5,-1.1875,-0.6875,-0.3125,0.125
3/8/2024 20:47,-1.8125,-1.5,-1.1875,-0.6875,-0.3125,0.125
3/8/2024 22:47,-1.8125,-1.5,-1.1875,-0.6875,-0.3125,0.125
3/9/2024 0:47,-1.875,-1.5,-1.1875,-0.6875,-0.3125,0.125
3/9/2024 2:47,-1.8125,-1.5,-1.1875,-0.6875,-0.3125,0.125
3/9/2024 4:47,-1.875,-1.5625,-1.1875,-0.6875,-0.3125,0.125
3/9/2024 6:47,-1.875,-1.5625,-1.1875,-0.6875,-0.3125,0.125
3/9/2024 8:47,-1.875,-1.5625,-1.1875,-0.6875,-0.3125,0.0625
3/9/2024 10:47,-1.9375,-1.5625,-1.1875,-0.6875,-0.375,0.125
3/9/2024 12:47,-1.9375,-1.625,-1.25,-0.6875,-0.3125,0.125
3/9/2024 14:47,-1.9375,-1.625,-1.25,-0.6875,-0.3125,0.125
3/9/2024 16:47,-2,-1.625,-1.25,-0.6875,-0.375,0.0625
3/9/2024 18:47,-2,-1.625,-1.25,-0.6875,-0.375,0.125
3/9/2024 20:47,-2,-1.625,-1.25,-0.6875,-0.3125,0.125
3/9/2024 22:47,-2,-1.6875,-1.3125,-0.6875,-0.375,0.125
3/10/2024 0:47,-2.0625,-1.6875,-1.3125,-0.6875,-0.375,0.0625
3/10/2024 2:47,-2.0625,-1.6875,-1.3125,-0.6875,-0.375,0.0625
3/10/2024 4:47,-2.125,-1.6875,-1.3125,-0.75,-0.3125,0.0625
3/10/2024 6:47,-2.125,-1.75,-1.3125,-0.75,-0.375,0.125
3/10/2024 8:47,-2.125,-1.75,-1.3125,-0.75,-0.375,0.0625
3/10/2024 10:47,-2.125,-1.75,-1.3125,-0.75,-0.3125,0.125
3/10/2024 12:47,-2.1875,-1.75,-1.3125,-0.75,-0.375,0.125
3/10/2024 14:47,-2.1875,-1.8125,-1.375,-0.75,-0.375,0.0625
3/10/2024 16:47,-2.1875,-1.8125,-1.375,-0.75,-0.375,0.0625
3/10/2024 18:47,-2.25,-1.8125,-1.375,-0.75,-0.375,0.0625
3/10/2024 20:47,-2.25,-1.8125,-1.375,-0.75,-0.375,0.0625
3/10/2024 22:47,-2.25,-1.875,-1.4375,-0.75,-0.375,0.125
3/11/2024 0:47,-2.25,-1.875,-1.4375,-0.8125,-0.375,0.0625
3/11/2024 2:47,-2.3125,-1.875,-1.4375,-0.8125,-0.375,0.125
3/11/2024 4:47,-2.3125,-1.875,-1.4375,-0.8125,-0.375,0.0625
3/11/2024 6:47,-2.3125,-1.9375,-1.4375,-0.8125,-0.375,0.0625
3/11/2024 8:47,-2.3125,-1.9375,-1.4375,-0.8125,-0.4375,0.0625
3/11/2024 10:47,-2.375,-1.9375,-1.5,-0.8125,-0.375,0.125
3/11/2024 12:47,-2.375,-2,-1.5,-0.8125,-0.4375,0.0625
3/11/2024 14:47,-2.4375,-2,-1.5,-0.8125,-0.375,0.0625
3/11/2024 16:47,-2.4375,-2.0625,-1.5625,-0.8125,-0.5,0.0625
3/11/2024 18:47,-2.4375,-2,-1.5625,-0.8125,-0.4375,0.0625
3/11/2024 20:47,-2.4375,-2,-1.5625,-0.875,-0.375,0.0625
3/11/2024 22:47,-2.5,-2.0625,-1.5625,-0.875,-0.4375,0.0625
3/12/2024 0:47,-2.5,-2.0625,-1.5625,-0.875,-0.4375,0.125
3/12/2024 2:47,-2.5,-2.0625,-1.5625,-0.875,-0.4375,0.0625
3/12/2024 4:47,-2.5,-2.0625,-1.5625,-0.875,-0.4375,0.0625
3/12/2024 6:47,-2.5625,-2.0625,-1.625,-0.875,-0.4375,0.0625
3/12/2024 8:47,-2.5,-2.125,-1.625,-0.875,-0.4375,0.125
3/12/2024 10:47,-2.5625,-2.125,-1.625,-0.9375,-0.4375,0.0625
3/12/2024 12:47,-2.5625,-2.125,-1.625,-0.875,-0.4375,0.0625
3/12/2024 14:47,-2.5625,-2.125,-1.625,-0.9375,-0.4375,0.0625
3/12/2024 16:47,-2.5625,-2.125,-1.625,-0.9375,-0.4375,0.0625
3/12/2024 18:47,-2.5625,-2.125,-1.625,-0.9375,-0.4375,0.0625
3/12/2024 20:47,-2.5625,-2.125,-1.625,-0.9375,-0.4375,0.0625
3/12/2024 22:47,-2.5625,-2.1875,-1.625,-0.9375,-0.4375,0.0625
3/13/2024 0:47,-2.5625,-2.1875,-1.6875,-0.9375,-0.4375,0.0625
3/13/2024 2:47,-2.625,-2.1875,-1.6875,-0.9375,-0.4375,0.0625
3/13/2024 4:47,-2.625,-2.1875,-1.6875,-0.9375,-0.5,0.0625
3/13/2024 6:47,-2.625,-2.1875,-1.6875,-0.9375,-0.5,0.0625
3/13/2024 8:47,-2.625,-2.1875,-1.6875,-0.9375,-0.5,0.0625
3/13/2024 10:47,-2.625,-2.1875,-1.6875,-0.9375,-0.5,0.0625
3/13/2024 12:47,-2.625,-2.1875,-1.6875,-1,-0.5,0.0625
3/13/2024 14:47,-2.625,-2.1875,-1.6875,-1,-0.5,0.0625
3/13/2024 16:47,-2.625,-2.1875,-1.6875,-1,-0.5,0.0625
3/13/2024 18:47,-2.625,-2.25,-1.75,-1,-0.625,0.0625
3/13/2024 20:47,-2.625,-2.1875,-1.6875,-1,-0.5,0.0625
3/13/2024 22:47,-2.625,-2.1875,-1.6875,-1,-0.5,0.0625
3/14/2024 0:47,-2.625,-2.1875,-1.75,-1,-0.5,0.0625
3/14/2024 2:47,-2.625,-2.1875,-1.6875,-1,-0.5,0.0625
3/14/2024 4:47,-2.625,-2.1875,-1.6875,-1,-0.5,0.0625
3/14/2024 6:47,-2.5625,-2.1875,-1.75,-1,-0.5,0.0625
3/14/2024 8:47,-2.5625,-2.1875,-1.75,-1,-0.5,0.0625
3/14/2024 10:47,-2.5625,-2.1875,-1.75,-1,-0.5,0.0625
3/14/2024 12:47,-2.5625,-2.1875,-1.75,-1,-0.5,0.0625
3/14/2024 14:47,-2.5625,-2.1875,-1.75,-1,-0.5625,0.0625
3/14/2024 16:47,-2.5625,-2.1875,-1.75,-1,-0.5625,0.0625
3/14/2024 18:47,-2.5625,-2.1875,-1.75,-1,-0.5,0.0625
3/14/2024 20:47,-2.5625,-2.1875,-1.75,-1,-0.5625,0.0625
3/14/2024 22:47,-2.5625,-2.1875,-1.6875,-1.0625,-0.5625,0.0625
3/15/2024 0:47,-2.5,-2.1875,-1.6875,-1.0625,-0.5625,0.0625
3/15/2024 2:47,-2.5,-2.1875,-1.75,-1.0625,-0.5625,0.0625
3/15/2024 4:47,-2.5,-2.125,-1.6875,-1.0625,-0.5625,0.0625
3/15/2024 6:47,-2.5,-2.125,-1.6875,-1.0625,-0.5625,0.0625
3/15/2024 8:47,-2.5,-2.1875,-1.6875,-1,-0.5625,0
3/15/2024 10:47,-2.5,-2.125,-1.75,-1.0625,-0.5625,0
3/15/2024 12:47,-2.5,-2.1875,-1.6875,-1,-0.5625,0
3/15/2024 14:47,-2.5,-2.1875,-1.6875,-1,-0.5625,0
3/15/2024 16:47,-2.5,-2.125,-1.6875,-1,-0.5625,0.0625
3/15/2024 18:47,-2.5625,-2.25,-1.75,-1.0625,-0.6875,0
3/15/2024 20:47,-2.5,-2.1875,-1.75,-1,-0.5625,0
3/15/2024 22:47,-2.5625,-2.125,-1.75,-1.0625,-0.5625,0
3/16/2024 0:47,-2.5625,-2.1875,-1.6875,-1.0625,-0.5625,0
3/16/2024 2:47,-2.5625,-2.125,-1.75,-1,-0.5625,0
3/16/2024 4:47,-2.5625,-2.1875,-1.75,-1.0625,-0.5625,0
3/16/2024 6:47,-2.625,-2.1875,-1.75,-1.0625,-0.5625,0
3/16/2024 8:47,-2.5625,-2.1875,-1.75,-1.0625,-0.5625,0
3/16/2024 10:47,-2.5625,-2.1875,-1.75,-1.0625,-0.625,0
3/16/2024 12:47,-2.5625,-2.1875,-1.75,-1.0625,-0.625,0
3/16/2024 14:47,-2.5625,-2.1875,-1.75,-1.0625,-0.5625,0
3/16/2024 16:47,-2.625,-2.1875,-1.75,-1.0625,-0.625,0
3/16/2024 18:47,-2.5625,-2.1875,-1.75,-1.0625,-0.5625,0
3/16/2024 20:47,-2.625,-2.1875,-1.75,-1.0625,-0.5625,0
3/16/2024 22:47,-2.625,-2.25,-1.75,-1.0625,-0.625,0
3/17/2024 0:47,-2.5625,-2.1875,-1.75,-1.0625,-0.625,0
3/17/2024 2:47,-2.625,-2.1875,-1.75,-1.0625,-0.625,0
3/17/2024 4:47,-2.625,-2.25,-1.75,-1.0625,-0.625,0
3/17/2024 6:47,-2.625,-2.25,-1.75,-1.0625,-0.625,0
3/17/2024 8:47,-2.625,-2.25,-1.8125,-1.0625,-0.625,0
3/17/2024 10:47,-2.625,-2.25,-1.8125,-1.0625,-0.625,0
3/17/2024 12:47,-2.625,-2.25,-1.8125,-1.0625,-0.625,0
3/17/2024 14:47,-2.625,-2.25,-1.8125,-1.125,-0.625,-0.0625
3/17/2024 16:47,-2.625,-2.25,-1.8125,-1.0625,-0.6875,0
3/17/2024 18:47,-2.625,-2.25,-1.8125,-1.125,-0.625,-0.0625
3/17/2024 20:47,-2.6875,-2.3125,-1.8125,-1.125,-0.8125,-0.0625
3/17/2024 22:47,-2.625,-2.25,-1.75,-1.125,-0.625,-0.0625
3/18/2024 0:47,-2.625,-2.25,-1.8125,-1.125,-0.625,0
3/18/2024 2:47,-2.625,-2.25,-1.8125,-1.125,-0.625,0
3/18/2024 4:47,-2.625,-2.25,-1.8125,-1.125,-0.625,0
3/18/2024 6:47,-2.625,-2.25,-1.8125,-1.125,-0.6875,-0.0625
3/18/2024 8:47,-2.625,-2.25,-1.8125,-1.125,-0.6875,-0.0625
3/18/2024 10:47,-2.625,-2.25,-1.8125,-1.125,-0.625,-0.0625
3/18/2024 12:47,-2.5625,-2.25,-1.8125,-1.125,-0.625,-0.0625
3/18/2024 14:47,-2.5625,-2.25,-1.8125,-1.125,-0.625,-0.0625
3/18/2024 16:47,-2.5625,-2.1875,-1.8125,-1.125,-0.6875,0
3/18/2024 18:47,-2.5625,-2.1875,-1.8125,-1.125,-0.6875,-0.0625
3/18/2024 20:47,-2.5,-2.1875,-1.75,-1.125,-0.6875,-0.0625
3/18/2024 22:47,-2.5,-2.1875,-1.75,-1.125,-0.625,-0.0625
3/19/2024 0:47,-2.5,-2.1875,-1.75,-1.125,-0.625,-0.0625
3/19/2024 2:47,-2.5,-2.1875,-1.75,-1.125,-0.6875,-0.0625
3/19/2024 4:47,-2.4375,-2.125,-1.75,-1.125,-0.6875,-0.0625
3/19/2024 6:47,-2.4375,-2.125,-1.75,-1.0625,-0.6875,-0.0625
3/19/2024 8:47,-2.4375,-2.125,-1.75,-1.125,-0.6875,-0.0625
3/19/2024 10:47,-2.375,-2.125,-1.75,-1.0625,-0.6875,-0.0625
3/19/2024 12:47,-2.375,-2.0625,-1.75,-1.0625,-0.6875,-0.0625
3/19/2024 14:47,-2.3125,-2.0625,-1.6875,-1.0625,-0.625,-0.0625
3/19/2024 16:47,-2.3125,-2.0625,-1.6875,-1.0625,-0.6875,-0.0625
3/19/2024 18:47,-2.3125,-2.0625,-1.6875,-1.0625,-0.6875,-0.0625
3/19/2024 20:47,-2.375,-2.125,-1.75,-1.0625,-0.875,-0.125
3/19/2024 22:47,-2.25,-2,-1.6875,-1.0625,-0.6875,-0.0625
3/20/2024 0:47,-2.1875,-2,-1.6875,-1.0625,-0.625,-0.0625
3/20/2024 2:47,-2.25,-2,-1.625,-1.0625,-0.6875,-0.125
3/20/2024 4:47,-2.1875,-1.9375,-1.625,-1.0625,-0.6875,-0.0625
3/20/2024 6:47,-2.1875,-1.9375,-1.625,-1.0625,-0.6875,-0.0625
3/20/2024 8:47,-2.1875,-1.9375,-1.625,-1.0625,-0.6875,-0.0625
3/20/2024 10:47,-2.125,-1.875,-1.625,-1.0625,-0.6875,-0.0625
3/20/2024 12:47,-2.125,-1.875,-1.5625,-1,-0.6875,-0.0625
3/20/2024 14:47,-2.125,-1.875,-1.5625,-1,-0.6875,-0.0625
3/20/2024 16:47,-2.125,-1.875,-1.5625,-1,-0.6875,-0.0625
3/20/2024 18:47,-2.0625,-1.875,-1.5625,-1,-0.625,-0.0625
3/20/2024 20:47,-2.0625,-1.875,-1.5625,-1,-0.625,-0.0625
3/20/2024 22:47,-2,-1.8125,-1.5625,-1,-0.625,-0.0625
3/21/2024 0:47,-2,-1.8125,-1.5,-1,-0.625,-0.0625
3/21/2024 2:47,-2,-1.75,-1.5,-1,-0.625,-0.0625
3/21/2024 4:47,-1.9375,-1.75,-1.5,-1,-0.625,-0.0625
3/21/2024 6:47,-1.9375,-1.75,-1.5,-0.9375,-0.625,-0.0625
3/21/2024 8:47,-1.9375,-1.75,-1.5,-1,-0.625,-0.0625
3/21/2024 10:47,-1.875,-1.6875,-1.4375,-0.9375,-0.625,-0.0625
3/21/2024 12:47,-1.875,-1.6875,-1.4375,-0.9375,-0.625,-0.125
3/21/2024 14:47,-1.8125,-1.6875,-1.4375,-0.9375,-0.625,-0.0625
3/21/2024 16:47,-1.8125,-1.625,-1.4375,-0.9375,-0.625,-0.0625
3/21/2024 18:47,-1.8125,-1.625,-1.375,-0.9375,-0.625,-0.125
3/21/2024 20:47,-1.75,-1.625,-1.375,-0.9375,-0.625,-0.125
3/21/2024 22:47,-1.875,-1.75,-1.4375,-0.9375,-1,-0.125
3/22/2024 0:47,-1.75,-1.5625,-1.375,-0.875,-0.625,-0.0625
3/22/2024 2:47,-1.6875,-1.5625,-1.375,-0.875,-0.625,-0.0625
3/22/2024 4:47,-1.6875,-1.5625,-1.3125,-0.875,-0.625,-0.0625
3/22/2024 6:47,-1.6875,-1.5,-1.3125,-0.875,-0.625,-0.0625
3/22/2024 8:47,-1.625,-1.5,-1.3125,-0.875,-0.625,-0.125
3/22/2024 10:47,-1.625,-1.5,-1.3125,-0.8125,-0.625,-0.0625
3/22/2024 12:47,-1.625,-1.5,-1.3125,-0.8125,-0.625,-0.0625
3/22/2024 14:47,-1.5625,-1.4375,-1.25,-0.8125,-0.625,-0.125
3/22/2024 16:47,-1.5625,-1.4375,-1.25,-0.8125,-0.625,-0.0625
3/22/2024 18:47,-1.5625,-1.4375,-1.25,-0.8125,-0.5625,-0.125
3/22/2024 20:47,-1.5,-1.375,-1.1875,-0.8125,-0.625,-0.0625
3/22/2024 22:47,-1.5,-1.375,-1.1875,-0.8125,-0.625,-0.125
3/23/2024 0:47,-1.4375,-1.375,-1.1875,-0.8125,-0.625,-0.0625
3/23/2024 2:47,-1.4375,-1.3125,-1.1875,-0.8125,-0.5625,-0.0625
3/23/2024 4:47,-1.4375,-1.3125,-1.1875,-0.75,-0.5625,-0.0625
3/23/2024 6:47,-1.375,-1.3125,-1.1875,-0.75,-0.5625,-0.0625
3/23/2024 8:47,-1.375,-1.3125,-1.125,-0.75,-0.5625,-0.0625
3/23/2024 10:47,-1.375,-1.25,-1.125,-0.75,-0.5625,-0.125
3/23/2024 12:47,-1.3125,-1.25,-1.125,-0.75,-0.5625,-0.125
3/23/2024 14:47,-1.3125,-1.25,-1.125,-0.75,-0.5625,-0.0625
3/23/2024 16:47,-1.25,-1.1875,-1.125,-0.75,-0.5625,-0.125
3/23/2024 18:47,-1.3125,-1.1875,-1.0625,-0.6875,-0.5625,-0.0625
3/23/2024 20:47,-1.25,-1.1875,-1.0625,-0.6875,-0.5625,-0.125
3/23/2024 22:47,-1.4375,-1.375,-1.125,-0.75,-1.0625,-0.1875
3/24/2024 0:47,-1.25,-1.125,-1.0625,-0.6875,-0.5625,-0.0625
3/24/2024 2:47,-1.25,-1.125,-1.0625,-0.6875,-0.5625,-0.0625
3/24/2024 4:47,-1.25,-1.125,-1,-0.6875,-0.5625,-0.0625
3/24/2024 6:47,-1.1875,-1.125,-1,-0.6875,-0.5625,-0.0625
3/24/2024 8:47,-1.1875,-1.125,-1,-0.6875,-0.5625,-0.0625
3/24/2024 10:47,-1.1875,-1.0625,-1,-0.6875,-0.5625,-0.0625
3/24/2024 12:47,-1.1875,-1.125,-1,-0.6875,-0.5625,-0.0625
3/24/2024 14:47,-1.1875,-1.125,-1,-0.6875,-0.5625,-0.0625
3/24/2024 16:47,-1.1875,-1.0625,-1,-0.625,-0.5625,-0.0625
3/24/2024 18:47,-1.1875,-1.0625,-0.9375,-0.625,-0.5,-0.0625
3/24/2024 20:47,-1.125,-1.125,-0.9375,-0.625,-0.5625,-0.0625
3/24/2024 22:47,-1.125,-1.0625,-0.9375,-0.625,-0.5,-0.0625
3/25/2024 0:47,-1.125,-1.0625,-0.9375,-0.625,-0.5,-0.0625
3/25/2024 2:47,-1.125,-1.0625,-0.9375,-0.625,-0.5,-0.0625
3/25/2024 4:47,-1.125,-1.0625,-0.9375,-0.625,-0.5,-0.0625
3/25/2024 6:47,-1.125,-1.0625,-0.9375,-0.625,-0.5,-0.0625
3/25/2024 8:47,-1.125,-1.0625,-0.9375,-0.625,-0.5,-0.0625
3/25/2024 10:47,-1.125,-1.0625,-0.875,-0.625,-0.5,-0.0625
3/25/2024 12:47,-1.125,-1.0625,-0.9375,-0.625,-0.5,-0.0625
3/25/2024 14:47,-1.125,-1.0625,-0.875,-0.5625,-0.5,-0.0625
3/25/2024 16:47,-1.125,-1.0625,-0.9375,-0.625,-0.5,-0.0625
3/25/2024 18:47,-1.125,-1.0625,-0.875,-0.5625,-0.5,-0.0625
3/25/2024 20:47,-1.125,-1,-0.875,-0.5625,-0.5,-0.0625
3/25/2024 22:47,-1.4375,-1.4375,-1,-0.625,-1.5625,-0.25
3/26/2024 0:47,-1.125,-1.0625,-0.875,-0.5625,-0.5,-0.0625
3/26/2024 2:47,-1.125,-1.0625,-0.875,-0.5625,-0.5,-0.0625
3/26/2024 4:47,-1.125,-1,-0.875,-0.5625,-0.5,-0.0625
3/26/2024 6:47,-1.1875,-1.0625,-0.875,-0.5625,-0.5625,-0.0625
3/26/2024 8:47,-1.1875,-1,-0.9375,-0.5625,-0.5,-0.0625
3/26/2024 10:47,-1.1875,-1.0625,-0.875,-0.5625,-0.5,-0.0625
3/26/2024 12:47,-1.1875,-1.0625,-0.875,-0.5625,-0.5625,-0.0625
3/26/2024 14:47,-1.1875,-1.0625,-0.875,-0.5625,-0.5,-0.0625
3/26/2024 16:47,-1.1875,-1.0625,-0.875,-0.5625,-0.5,-0.0625
3/26/2024 18:47,-1.1875,-1.0625,-0.875,-0.5625,-0.5625,-0.0625
3/26/2024 20:47,-1.1875,-1.0625,-0.875,-0.5625,-0.5625,-0.0625
3/26/2024 22:47,-1.1875,-1.0625,-0.875,-0.5625,-0.5625,-0.0625
3/27/2024 0:47,-1.1875,-1.0625,-0.9375,-0.5625,-0.5625,-0.0625
3/27/2024 2:47,-1.25,-1.0625,-0.875,-0.5625,-0.5625,-0.0625
3/27/2024 4:47,-1.25,-1.125,-0.875,-0.5625,-0.5625,-0.0625
3/27/2024 6:47,-1.25,-1.125,-0.9375,-0.5625,-0.5625,-0.0625
3/27/2024 8:47,-1.25,-1.125,-0.9375,-0.5625,-0.5625,-0.0625
3/27/2024 10:47,-1.25,-1.125,-0.9375,-0.5625,-0.5625,-0.0625
3/27/2024 12:47,-1.25,-1.125,-0.9375,-0.5625,-0.5625,-0.0625
3/27/2024 14:47,-1.25,-1.125,-0.9375,-0.5625,-0.5625,-0.0625
3/27/2024 16:47,-1.25,-1.125,-0.9375,-0.5625,-0.5625,-0.0625
3/27/2024 18:47,-1.25,-1.125,-0.9375,-0.5625,-0.5625,-0.0625
3/27/2024 20:47,-1.875,-2,-1.1875,-0.6875,-2.5,-0.4375
3/27/2024 22:47,-1.3125,-1.125,-0.9375,-0.5625,-0.5625,-0.0625
3/28/2024 0:47,-1.25,-1.125,-0.9375,-0.5625,-0.5625,-0.125
3/28/2024 2:47,-1.3125,-1.125,-0.9375,-0.5625,-0.5625,-0.0625
3/28/2024 4:47,-1.3125,-1.1875,-0.9375,-0.5625,-0.625,-0.0625
3/28/2024 6:47,-1.3125,-1.1875,-0.9375,-0.5625,-0.625,-0.0625
3/28/2024 8:47,-1.25,-1.1875,-0.9375,-0.5625,-0.625,-0.0625
3/28/2024 10:47,-1.25,-1.1875,-0.9375,-0.5625,-0.625,-0.0625
3/28/2024 12:47,-1.25,-1.1875,-0.9375,-0.5625,-0.625,-0.125
3/28/2024 14:47,-1.25,-1.1875,-0.9375,-0.5625,-0.625,-0.125
3/28/2024 16:47,-1.25,-1.1875,-0.9375,-0.5625,-0.6875,-0.125
3/28/2024 18:47,-1.25,-1.1875,-0.9375,-0.5625,-0.625,-0.125
3/28/2024 20:47,-1.25,-1.125,-0.9375,-0.5625,-0.6875,-0.125
3/28/2024 22:47,-1.25,-1.1875,-0.9375,-0.5625,-0.6875,-0.125
3/29/2024 0:47,-1.25,-1.1875,-0.9375,-0.5625,-0.6875,-0.125
3/29/2024 2:47,-1.25,-1.1875,-0.9375,-0.5625,-0.6875,-0.125
3/29/2024 4:47,-1.25,-1.1875,-0.9375,-0.5625,-0.6875,-0.125
3/29/2024 6:47,-1.25,-1.125,-0.9375,-0.5625,-0.6875,-0.125
3/29/2024 8:47,-1.25,-1.1875,-0.9375,-0.5625,-0.75,-0.125
3/29/2024 10:47,-1.25,-1.1875,-0.9375,-0.5625,-0.75,-0.125
3/29/2024 12:47,-1.25,-1.1875,-0.9375,-0.5625,-0.8125,-0.125
