Date/Hour,28BCB012D000004,28A25412D000089,2822AA12D000067,28E2C412D00004B,284EF912D000002,28F95E12D0000E2
8/7/2023 20:48,16.375,16.5,13.8125,10.375,7.375,4.9375
8/7/2023 22:48,14.6875,15.0625,13.6875,10.5625,7.5,5
8/8/2023 0:48,13.375,13.75,13.375,10.625,7.5625,5.0625
8/8/2023 2:48,12.25,12.6875,12.875,10.5625,7.625,5.0625
8/8/2023 4:48,11.75,11.9375,12.4375,10.4375,7.625,5.125
8/8/2023 6:48,12,11.9375,12.0625,10.3125,7.625,5.125
8/8/2023 8:48,12.125,12.0625,11.8125,10.1875,7.5625,5.125
8/8/2023 10:48,13.1875,12.6875,11.75,10.0625,7.5625,5.125
8/8/2023 12:48,14.875,13.75,11.8125,10,7.5,5.125
8/8/2023 14:48,15.375,14.6875,12.125,9.9375,7.5,5.125
8/8/2023 16:48,17.1875,16.1875,12.5625,10,7.5,5.125
8/8/2023 18:48,16.4375,16.25,13.0625,10.125,7.5,5.125
8/8/2023 20:48,15.3125,15.25,13.25,10.25,7.5,5.125
8/8/2023 22:48,14,14.375,13.125,10.375,7.5,5.125
8/9/2023 0:48,12.4375,12.9375,12.8125,10.375,7.5625,5.125
8/9/2023 2:48,11.5,12,12.375,10.3125,7.5625,5.125
8/9/2023 4:48,10.6875,11.1875,11.9375,10.1875,7.5625,5.125
8/9/2023 6:48,10.4375,10.75,11.5,10,7.5625,5.125
8/9/2023 8:48,11.0625,10.875,11.1875,9.875,7.4375,5.125
8/9/2023 10:48,12,11.5625,11.0625,9.75,7.4375,5.0625
8/9/2023 12:48,13.125,12.4375,11.0625,9.625,7.375,5.0625
8/9/2023 14:48,14.25,13.4375,11.3125,9.5625,7.3125,5.0625
8/9/2023 16:48,15.0625,14.25,11.5625,9.5,7.3125,5.0625
8/9/2023 18:48,14.5625,14.25,11.8125,9.5625,7.25,5
8/9/2023 20:48,13.625,13.6875,11.9375,9.625,7.25,5
8/9/2023 22:48,12.6875,12.875,11.875,9.625,7.25,5
8/10/2023 0:48,12.0625,12.3125,11.75,9.625,7.25,5
8/10/2023 2:48,11.5625,11.8125,11.5,9.5625,7.1875,4.9375
8/10/2023 4:48,11.0625,11.375,11.3125,9.5,7.1875,4.9375
8/10/2023 6:48,10.75,11,11.0625,9.4375,7.1875,4.9375
8/10/2023 8:48,11.3125,11.0625,10.875,9.375,7.125,4.9375
8/10/2023 10:48,12.25,11.6875,10.75,9.25,7.125,4.9375
8/10/2023 12:48,13.375,12.5625,10.8125,9.1875,7.0625,4.875
8/10/2023 14:48,13.6875,13,11,9.1875,7,4.875
8/10/2023 16:48,13.6875,13.25,11.125,9.125,7,4.8125
8/10/2023 18:48,13,12.9375,11.25,9.125,6.9375,4.8125
8/10/2023 20:48,12.125,12.3125,11.25,9.125,6.9375,4.8125
8/10/2023 22:48,11.4375,11.6875,11.125,9.125,6.9375,4.8125
8/11/2023 0:48,10.75,11.1875,10.9375,9.125,6.9375,4.75
8/11/2023 2:48,10.125,10.5625,10.75,9.0625,6.875,4.75
8/11/2023 4:48,9.875,10.25,10.5,9,6.875,4.75
8/11/2023 6:48,9.75,10,10.25,8.9375,6.8125,4.75
8/11/2023 8:48,10,9.9375,10.0625,8.8125,6.8125,4.6875
8/11/2023 10:48,10.6875,10.25,9.9375,8.75,6.75,4.6875
8/11/2023 12:48,12.1875,11.0625,9.875,8.625,6.6875,4.6875
8/11/2023 14:48,13,12,10,8.5625,6.6875,4.6875
8/11/2023 16:48,13,12.3125,10.125,8.4375,6.5,4.5625
8/11/2023 18:48,12.6875,12.375,10.375,8.4375,6.5,4.5625
8/11/2023 20:48,11.9375,12,10.5,8.5,6.5625,4.5625
8/11/2023 22:48,11,11.375,10.5,8.5625,6.5625,4.625
8/12/2023 0:48,10.0625,10.625,10.375,8.625,6.625,4.6875
8/12/2023 2:48,9.5,10.0625,10.125,8.625,6.625,4.6875
8/12/2023 4:48,9,9.5625,9.875,8.5625,6.625,4.6875
8/12/2023 6:48,8.8125,9.25,9.6875,8.5,6.625,4.6875
8/12/2023 8:48,9.3125,9.1875,9.4375,8.375,6.5625,4.6875
8/12/2023 10:48,11,9.875,9.3125,8.3125,6.5625,4.6875
8/12/2023 12:48,12.5,11.1875,9.375,8.1875,6.5,4.625
8/12/2023 14:48,13.3125,12.1875,9.625,8.125,6.5,4.625
8/12/2023 16:48,13.4375,12.625,9.9375,8.125,6.4375,4.625
8/12/2023 18:48,12.125,12.1875,10.1875,8.1875,6.4375,4.5625
8/12/2023 20:48,10.8125,11.3125,10.25,8.25,6.375,4.5625
8/12/2023 22:48,9.6875,10.4375,10.125,8.3125,6.375,4.5625
8/13/2023 0:48,8.875,9.625,9.875,8.3125,6.375,4.5
8/13/2023 2:48,7.8125,8.875,9.5625,8.25,6.375,4.5
8/13/2023 4:48,6.875,8.0625,9.25,8.125,6.375,4.5
8/13/2023 6:48,6.25,7.3125,8.875,8,6.3125,4.5
8/13/2023 8:48,7.125,7.125,8.5,7.875,6.3125,4.4375
8/13/2023 10:48,8.6875,7.875,8.25,7.6875,6.1875,4.4375
8/13/2023 12:48,10.5625,9.125,8.1875,7.5625,6.1875,4.4375
8/13/2023 14:48,11.4375,10.3125,8.375,7.5,6.125,4.4375
8/13/2023 16:48,13.125,11.25,8.6875,7.4375,6.0625,4.375
8/13/2023 18:48,12.4375,11.8125,9.0625,7.4375,6,4.375
8/13/2023 20:48,11.1875,11.25,9.3125,7.5,6,4.3125
8/13/2023 22:48,9.5625,10.375,9.375,7.625,6,4.3125
8/14/2023 0:48,8.375,9.25,9.25,7.625,5.9375,4.3125
8/14/2023 2:48,7.8125,8.5625,9,7.625,5.9375,4.25
8/14/2023 4:48,7.3125,8.0625,8.6875,7.5625,5.9375,4.25
8/14/2023 6:48,7.125,7.6875,8.4375,7.5,5.9375,4.25
8/14/2023 8:48,7.4375,7.5625,8.1875,7.375,5.875,4.1875
8/14/2023 10:48,9.375,8.3125,8.0625,7.3125,5.875,4.1875
8/14/2023 12:48,10.5625,9.1875,8.0625,7.1875,5.8125,4.1875
8/14/2023 14:48,11.6875,10.125,8.25,7.125,5.75,4.125
8/14/2023 16:48,12.75,11.1875,8.5,7.125,5.75,4.125
8/14/2023 18:48,12.4375,11.5,8.75,7.125,5.6875,4.125
8/14/2023 20:48,11.25,11.125,9,7.1875,5.6875,4.0625
8/14/2023 22:48,10.3125,10.5,9.0625,7.25,5.6875,4.0625
8/15/2023 0:48,9.625,9.875,9.0625,7.25,5.625,4.0625
8/15/2023 2:48,8.9375,9.375,8.9375,7.3125,5.625,4
8/15/2023 4:48,8.875,9.0625,8.75,7.3125,5.625,4
8/15/2023 6:48,8.6875,8.8125,8.625,7.25,5.625,4
8/15/2023 8:48,8.6875,8.6875,8.5,7.1875,5.625,3.9375
8/15/2023 10:48,9.25,8.75,8.375,7.1875,5.5625,3.9375
8/15/2023 12:48,10.75,9.5,8.3125,7.125,5.5625,3.9375
8/15/2023 14:48,12.4375,10.6875,8.4375,7.0625,5.5,3.9375
8/15/2023 16:48,12.5625,11.5625,8.75,7,5.5,3.875
8/15/2023 18:48,12.25,11.8125,9.0625,7.0625,5.4375,3.875
8/15/2023 20:48,11.75,11.625,9.3125,7.0625,5.4375,3.8125
8/15/2023 22:48,10.625,11,9.4375,7.1875,5.4375,3.8125
8/16/2023 0:48,9.9375,10.25,9.375,7.25,5.4375,3.8125
8/16/2023 2:48,9,9.5,9.1875,7.3125,5.4375,3.8125
8/16/2023 4:48,8.625,8.9375,9,7.3125,5.4375,3.8125
8/16/2023 6:48,8.3125,8.5625,8.75,7.25,5.4375,3.75
8/16/2023 8:48,8.4375,8.4375,8.5,7.25,5.4375,3.8125
8/16/2023 10:48,8.9375,8.5625,8.3125,7.1875,5.4375,3.75
8/16/2023 12:48,9.9375,9.0625,8.25,7.125,5.4375,3.8125
8/16/2023 14:48,11.8125,10.125,8.3125,7.0625,5.4375,3.8125
8/16/2023 16:48,13,11.5,8.5625,7,5.375,3.8125
8/16/2023 18:48,14.0625,12.375,8.875,7,5.4375,3.75
8/16/2023 20:48,12.5625,12.25,9.1875,7.0625,5.375,3.75
8/16/2023 22:48,11.25,11.4375,9.375,7.125,5.375,3.75
8/17/2023 0:48,10.25,10.5625,9.375,7.1875,5.375,3.75
8/17/2023 2:48,9.625,9.9375,9.25,7.25,5.375,3.75
8/17/2023 4:48,8.875,9.3125,9.0625,7.3125,5.375,3.75
8/17/2023 6:48,8.375,8.8125,8.8125,7.25,5.4375,3.75
8/17/2023 8:48,8.8125,8.625,8.625,7.25,5.4375,3.75
8/17/2023 10:48,8.9375,8.75,8.4375,7.1875,5.375,3.75
8/17/2023 12:48,9.375,8.9375,8.375,7.125,5.375,3.75
8/17/2023 14:48,10.9375,9.6875,8.375,7.0625,5.375,3.75
8/17/2023 16:48,10.875,10.3125,8.4375,7,5.375,3.75
8/17/2023 18:48,11.375,10.625,8.625,7.0625,5.375,3.75
8/17/2023 20:48,10.4375,10.4375,8.75,7,5.375,3.75
8/17/2023 22:48,9.25,9.6875,8.8125,7.0625,5.375,3.75
8/18/2023 0:48,8.5,9,8.6875,7.0625,5.375,3.75
8/18/2023 2:48,8.25,8.5,8.5,7.0625,5.375,3.75
8/18/2023 4:48,8,8.25,8.3125,7,5.375,3.75
8/18/2023 6:48,7.6875,8,8.125,6.9375,5.3125,3.75
8/18/2023 8:48,7.5,7.75,7.9375,6.9375,5.3125,3.6875
8/18/2023 10:48,8.125,7.6875,7.8125,6.8125,5.3125,3.75
8/18/2023 12:48,9.4375,8.5,7.75,6.75,5.25,3.6875
8/18/2023 14:48,9.8125,9.125,7.8125,6.6875,5.25,3.6875
8/18/2023 16:48,9.75,9.5625,8,6.625,5.25,3.6875
8/18/2023 18:48,8.875,9.125,8.125,6.625,5.1875,3.6875
8/18/2023 20:48,8,8.5625,8.125,6.625,5.1875,3.6875
8/18/2023 22:48,7,7.75,8,6.625,5.125,3.625
8/19/2023 0:48,6.125,6.9375,7.75,6.625,5.125,3.625
8/19/2023 2:48,5.625,6.25,7.4375,6.5625,5.125,3.5625
8/19/2023 4:48,5.3125,5.8125,7.0625,6.5,5.0625,3.5625
8/19/2023 6:48,5.25,5.5625,6.75,6.375,5.0625,3.5625
8/19/2023 8:48,5.5,5.5625,6.5,6.25,5,3.5625
8/19/2023 10:48,5.875,5.6875,6.3125,6.125,5,3.5625
8/19/2023 12:48,6.9375,6.1875,6.1875,6,4.9375,3.5
8/19/2023 14:48,7.6875,6.9375,6.25,5.875,4.875,3.5
8/19/2023 16:48,7.75,7.4375,6.375,5.8125,4.8125,3.5
8/19/2023 18:48,7.4375,7.4375,6.5625,5.75,4.75,3.4375
8/19/2023 20:48,6.75,7.125,6.625,5.6875,4.75,3.4375
8/19/2023 22:48,5.9375,6.5625,6.625,5.6875,4.6875,3.4375
8/20/2023 0:48,5.1875,5.875,6.5,5.6875,4.6875,3.375
8/20/2023 2:48,4.625,5.25,6.25,5.6875,4.625,3.375
8/20/2023 4:48,4.25,4.8125,6,5.5625,4.5625,3.3125
8/20/2023 6:48,3.8125,4.375,5.75,5.5,4.5625,3.3125
8/20/2023 8:48,4,4.1875,5.5,5.4375,4.5,3.25
8/20/2023 10:48,4.625,4.375,5.25,5.3125,4.5,3.25
8/20/2023 12:48,5.75,4.9375,5.1875,5.1875,4.4375,3.25
8/20/2023 14:48,6.9375,5.9375,5.1875,5.0625,4.375,3.1875
8/20/2023 16:48,8,7,5.375,5,4.3125,3.1875
8/20/2023 18:48,8,7.5,5.6875,4.9375,4.25,3.1875
8/20/2023 20:48,7.3125,7.375,6,4.9375,4.1875,3.125
8/20/2023 22:48,6.5625,6.9375,6.125,5,4.1875,3.125
8/21/2023 0:48,5.9375,6.3125,6.125,5.0625,4.1875,3.0625
8/21/2023 2:48,5.5,5.8125,6.0625,5.0625,4.125,3.0625
8/21/2023 4:48,5.1875,5.5,5.875,5.0625,4.125,3
8/21/2023 6:48,4.875,5.1875,5.6875,5.0625,4.0625,3
8/21/2023 8:48,5.0625,5.0625,5.5,5,4.0625,3
8/21/2023 10:48,6,5.4375,5.4375,4.9375,4.0625,2.9375
8/21/2023 12:48,7,6.1875,5.4375,4.875,4,2.9375
8/21/2023 14:48,7.5,6.75,5.5625,4.875,4,2.9375
8/21/2023 16:48,7.875,7.125,5.6875,4.875,4.0625,2.9375
8/21/2023 18:48,8.6875,7.75,5.9375,4.9375,4.0625,3
8/21/2023 20:48,7.625,7.625,6.125,5,4.0625,3
8/21/2023 22:48,6,6.75,6.25,5.0625,4.125,3
8/22/2023 0:48,4.9375,5.875,6.125,5.0625,4.125,3.0625
8/22/2023 2:48,4.5625,5.25,5.9375,5.0625,4.125,3.0625
8/22/2023 4:48,4.1875,4.875,5.75,5,4.125,3.0625
8/22/2023 6:48,4.125,4.5625,5.5,4.9375,4.0625,3.0625
8/22/2023 8:48,4.875,4.6875,5.3125,4.875,4.0625,3
8/22/2023 10:48,6.9375,5.5,5.1875,4.8125,4.0625,3
8/22/2023 12:48,8.3125,6.75,5.3125,4.75,4,3
8/22/2023 14:48,9.1875,7.8125,5.5625,4.8125,4,3
8/22/2023 16:48,10.125,8.5,5.875,4.875,4,3
8/22/2023 18:48,9.5,8.6875,6.25,4.9375,4.0625,3
8/22/2023 20:48,8.25,8.25,6.5,5.0625,4.0625,3.0625
8/22/2023 22:48,6.0625,7.125,6.5,5.1875,4.125,3.0625
8/23/2023 0:48,4.5,5.875,6.375,5.1875,4.1875,3.0625
8/23/2023 2:48,3.375,4.75,6.0625,5.125,4.125,3.0625
8/23/2023 4:48,3.25,4.125,5.75,5.0625,4.125,3.0625
8/23/2023 6:48,3,3.875,5.375,4.9375,4.125,3
8/23/2023 8:48,3.125,3.5625,5.125,4.875,4,3
8/23/2023 10:48,3.8125,3.75,4.8125,4.75,4,3
8/23/2023 12:48,5.4375,4.5,4.75,4.625,3.9375,3
8/23/2023 14:48,7.375,5.75,4.75,4.5,3.9375,2.9375
8/23/2023 16:48,8.5,7,5,4.5,3.875,2.9375
8/23/2023 18:48,8.1875,7.5,5.375,4.5625,3.875,2.9375
8/23/2023 20:48,6.625,6.9375,5.625,4.625,3.9375,2.9375
8/23/2023 22:48,5,5.875,5.625,4.6875,3.875,2.9375
8/24/2023 0:48,4.125,5,5.5,4.6875,3.9375,2.9375
8/24/2023 2:48,3.5,4.3125,5.25,4.625,3.875,2.9375
8/24/2023 4:48,2.9375,3.8125,5.0625,4.5625,3.875,2.875
8/24/2023 6:48,2.6875,3.375,4.75,4.5,3.8125,2.875
8/24/2023 8:48,2.875,3.25,4.5,4.4375,3.75,2.875
8/24/2023 10:48,3.9375,3.5,4.3125,4.3125,3.6875,2.8125
8/24/2023 12:48,5.375,4.375,4.25,4.1875,3.6875,2.8125
8/24/2023 14:48,6.625,5.3125,4.375,4.125,3.625,2.75
8/24/2023 16:48,7.5625,6.3125,4.5625,4.125,3.625,2.8125
8/24/2023 18:48,6.75,6.4375,4.8125,4.125,3.625,2.75
8/24/2023 20:48,5.9375,6,5,4.1875,3.625,2.75
8/24/2023 22:48,5.0625,5.5,5.0625,4.25,3.625,2.75
8/25/2023 0:48,4.5625,5,5,4.25,3.625,2.75
8/25/2023 2:48,4.1875,4.625,4.9375,4.25,3.625,2.75
8/25/2023 4:48,3.875,4.3125,4.75,4.25,3.5625,2.6875
8/25/2023 6:48,3.5625,4,4.625,4.1875,3.5625,2.75
8/25/2023 8:48,3.3125,3.6875,4.5,4.125,3.5,2.6875
8/25/2023 10:48,3.5,3.5625,4.3125,4.0625,3.5,2.6875
8/25/2023 12:48,4.1875,3.875,4.1875,4,3.5,2.625
8/25/2023 14:48,4.6875,4.3125,4.1875,3.9375,3.4375,2.625
8/25/2023 16:48,4.625,4.5,4.1875,3.875,3.375,2.625
8/25/2023 18:48,4.5625,4.5,4.25,3.875,3.375,2.625
8/25/2023 20:48,4.125,4.3125,4.25,3.875,3.375,2.5625
8/25/2023 22:48,3.5625,3.9375,4.25,3.8125,3.375,2.5625
8/26/2023 0:48,3.1875,3.5625,4.125,3.8125,3.3125,2.5625
8/26/2023 2:48,2.8125,3.25,3.9375,3.75,3.3125,2.5625
8/26/2023 4:48,2.5625,3,3.8125,3.6875,3.25,2.5
8/26/2023 6:48,2.6875,2.875,3.6875,3.625,3.1875,2.5
8/26/2023 8:48,3.4375,3.0625,3.5625,3.5,3.1875,2.4375
8/26/2023 10:48,5,3.9375,3.5625,3.4375,3.125,2.4375
8/26/2023 12:48,5.6875,4.75,3.6875,3.4375,3.125,2.4375
8/26/2023 14:48,6.9375,5.625,3.875,3.4375,3.0625,2.375
8/26/2023 16:48,7.125,6.1875,4.1875,3.4375,3.0625,2.375
8/26/2023 18:48,7.125,6.375,4.5,3.5,3.0625,2.375
8/26/2023 20:48,6.8125,6.4375,4.75,3.625,3.125,2.375
8/26/2023 22:48,6.3125,6.1875,4.875,3.6875,3.125,2.375
8/27/2023 0:48,6,5.9375,4.9375,3.8125,3.0625,2.3125
8/27/2023 2:48,6.125,5.8125,4.9375,3.875,3.125,2.375
8/27/2023 4:48,6,5.8125,5,3.875,3.1875,2.375
8/27/2023 6:48,6.0625,5.75,5,3.9375,3.1875,2.375
8/27/2023 8:48,6.625,6,5,4,3.1875,2.375
8/27/2023 10:48,7.25,6.375,5.0625,4,3.1875,2.375
8/27/2023 12:48,8.875,7.25,5.25,4.0625,3.25,2.375
8/27/2023 14:48,10.0625,8.625,5.5625,4.125,3.1875,2.375
8/27/2023 16:48,10.5625,9.3125,6,4.3125,3.25,2.375
8/27/2023 18:48,10.125,9.4375,6.375,4.4375,3.375,2.4375
8/27/2023 20:48,9.1875,8.9375,6.625,4.625,3.4375,2.4375
8/27/2023 22:48,7.75,8.0625,6.6875,4.75,3.5,2.4375
8/28/2023 0:48,6.5625,7.25,6.625,4.875,3.5625,2.5
8/28/2023 2:48,5.5,6.25,6.375,4.875,3.625,2.5
8/28/2023 4:48,5.375,5.8125,6.1875,4.875,3.625,2.5625
8/28/2023 6:48,5,5.5,5.9375,4.875,3.625,2.5625
8/28/2023 8:48,4.6875,5.125,5.6875,4.8125,3.6875,2.5625
8/28/2023 10:48,4.875,5,5.5,4.75,3.6875,2.625
8/28/2023 12:48,5,5,5.375,4.6875,3.6875,2.625
8/28/2023 14:48,6.3125,5.625,5.25,4.625,3.6875,2.625
8/28/2023 16:48,6.5625,6.125,5.3125,4.5625,3.6875,2.625
8/28/2023 18:48,6.75,6.3125,5.4375,4.5625,3.6875,2.625
8/28/2023 20:48,6.0625,6.125,5.5,4.5625,3.6875,2.6875
8/28/2023 22:48,5.125,5.5625,5.4375,4.5625,3.6875,2.625
8/29/2023 0:48,4.3125,4.9375,5.3125,4.5625,3.6875,2.6875
8/29/2023 2:48,3.5,4.3125,5.125,4.5,3.6875,2.6875
8/29/2023 4:48,2.75,3.625,4.875,4.4375,3.6875,2.6875
8/29/2023 6:48,2.4375,3.1875,4.625,4.375,3.625,2.6875
8/29/2023 8:48,2.5625,3,4.375,4.25,3.5625,2.6875
8/29/2023 10:48,3.25,3.1875,4.125,4.1875,3.5625,2.625
8/29/2023 12:48,4.375,3.75,4.0625,4.0625,3.5,2.625
8/29/2023 14:48,5.1875,4.5,4.0625,3.9375,3.4375,2.625
8/29/2023 16:48,5.9375,5.0625,4.1875,3.9375,3.4375,2.625
8/29/2023 18:48,5.5625,5.25,4.375,3.875,3.4375,2.5625
8/29/2023 20:48,5.1875,5.125,4.4375,3.9375,3.375,2.5625
8/29/2023 22:48,4.5625,4.75,4.5,3.875,3.375,2.5625
8/30/2023 0:48,4,4.3125,4.4375,3.9375,3.375,2.5625
8/30/2023 2:48,3.5625,4,4.3125,3.875,3.375,2.5625
8/30/2023 4:48,3.1875,3.625,4.25,3.8125,3.3125,2.5625
8/30/2023 6:48,3.1875,3.4375,4.0625,3.8125,3.3125,2.5
8/30/2023 8:48,3.6875,3.5625,3.9375,3.75,3.3125,2.5
8/30/2023 10:48,4.4375,3.9375,3.9375,3.6875,3.25,2.5
8/30/2023 12:48,5.8125,4.75,3.9375,3.625,3.1875,2.4375
8/30/2023 14:48,7.9375,6.25,4.1875,3.625,3.1875,2.4375
8/30/2023 16:48,9.1875,7.625,4.5625,3.625,3.1875,2.4375
8/30/2023 18:48,8.875,7.9375,5,3.75,3.1875,2.4375
8/30/2023 20:48,8,7.5,5.3125,3.875,3.25,2.5
8/30/2023 22:48,7.4375,7.125,5.5,4,3.25,2.5
8/31/2023 0:48,6.9375,6.75,5.5625,4.125,3.3125,2.5
8/31/2023 2:48,6.4375,6.4375,5.5625,4.25,3.375,2.5
8/31/2023 4:48,6,6.0625,5.5,4.25,3.375,2.5625
8/31/2023 6:48,5.5625,5.75,5.4375,4.3125,3.4375,2.5625
8/31/2023 8:48,5.5625,5.5,5.375,4.3125,3.4375,2.5625
8/31/2023 10:48,6.375,5.8125,5.25,4.3125,3.4375,2.5625
8/31/2023 12:48,7.9375,6.625,5.3125,4.3125,3.4375,2.5625
8/31/2023 14:48,9.625,7.9375,5.5,4.3125,3.4375,2.5625
8/31/2023 16:48,10.625,8.9375,5.8125,4.375,3.5,2.5625
8/31/2023 18:48,9.75,8.9375,6.1875,4.5,3.5,2.5625
8/31/2023 20:48,8.6875,8.4375,6.4375,4.625,3.5625,2.625
8/31/2023 22:48,7.625,7.75,6.5,4.75,3.625,2.625
9/1/2023 0:48,6.8125,7.125,6.5,4.875,3.6875,2.6875
9/1/2023 2:48,6.3125,6.625,6.375,4.9375,3.75,2.75
9/1/2023 4:48,5.875,6.25,6.1875,4.9375,3.8125,2.75
9/1/2023 6:48,5.5,5.875,6.0625,4.9375,3.8125,2.75
9/1/2023 8:48,5.5625,5.625,5.875,4.9375,3.875,2.8125
9/1/2023 10:48,6.1875,5.8125,5.6875,4.875,3.875,2.8125
9/1/2023 12:48,7.625,6.5,5.6875,4.875,3.875,2.8125
9/1/2023 14:48,8.1875,7.1875,5.8125,4.8125,3.875,2.875
9/1/2023 16:48,8.5625,7.5625,5.9375,4.875,3.875,2.875
9/1/2023 18:48,8.5,7.8125,6.125,4.875,3.9375,2.875
9/1/2023 20:48,7.75,7.5625,6.25,4.9375,3.9375,2.9375
9/1/2023 22:48,6.9375,7.0625,6.25,5,4,2.9375
9/2/2023 0:48,5.9375,6.4375,6.25,5.0625,4,3
9/2/2023 2:48,4.75,5.5625,6.0625,5.0625,4.0625,3
9/2/2023 4:48,3.9375,4.6875,5.8125,5,4.0625,3
9/2/2023 6:48,3.375,4.0625,5.4375,4.9375,4,3
9/2/2023 8:48,2.875,3.4375,5.0625,4.8125,4,3
9/2/2023 10:48,3,3.25,4.6875,4.6875,3.9375,3
9/2/2023 12:48,3.5625,3.4375,4.4375,4.5625,3.875,3
9/2/2023 14:48,5.125,4.25,4.375,4.4375,3.875,2.9375
9/2/2023 16:48,6.4375,5.5,4.5,4.3125,3.8125,2.9375
9/2/2023 18:48,6.3125,5.875,4.75,4.25,3.75,2.9375
9/2/2023 20:48,5.0625,5.375,4.875,4.3125,3.75,2.875
9/2/2023 22:48,3.5,4.375,4.875,4.3125,3.75,2.875
9/3/2023 0:48,2.5625,3.5,4.625,4.25,3.6875,2.875
9/3/2023 2:48,1.9375,2.9375,4.375,4.1875,3.6875,2.8125
9/3/2023 4:48,1.5625,2.4375,4.125,4.125,3.625,2.8125
9/3/2023 6:48,1.375,2.0625,3.8125,4,3.5625,2.8125
9/3/2023 8:48,1.75,2.0625,3.5625,3.9375,3.5,2.75
9/3/2023 10:48,2.5625,2.4375,3.375,3.75,3.5,2.75
9/3/2023 12:48,3.25,2.875,3.375,3.625,3.4375,2.6875
9/3/2023 14:48,3.875,3.375,3.375,3.5625,3.375,2.6875
9/3/2023 16:48,4.375,3.75,3.4375,3.5,3.3125,2.625
9/3/2023 18:48,5.125,4.3125,3.5625,3.4375,3.25,2.625
9/3/2023 20:48,4.9375,4.5625,3.75,3.4375,3.25,2.5625
9/3/2023 22:48,4.3125,4.3125,3.8125,3.4375,3.1875,2.5625
9/4/2023 0:48,3.9375,4.0625,3.875,3.4375,3.1875,2.5625
9/4/2023 2:48,3.6875,3.875,3.8125,3.4375,3.1875,2.5625
9/4/2023 4:48,3.5,3.6875,3.8125,3.5,3.1875,2.5625
9/4/2023 6:48,3.4375,3.5625,3.75,3.4375,3.125,2.5
9/4/2023 8:48,2.875,3.375,3.6875,3.4375,3.125,2.5
9/4/2023 10:48,2.5625,2.875,3.625,3.375,3.0625,2.5
9/4/2023 12:48,3.8125,3.25,3.5,3.375,3.0625,2.4375
9/4/2023 14:48,4.8125,4,3.5625,3.3125,3,2.4375
9/4/2023 16:48,6,4.8125,3.8125,3.375,3,2.4375
9/4/2023 18:48,5.6875,5.1875,4.0625,3.4375,3.0625,2.375
9/4/2023 20:48,4.375,4.6875,4.125,3.5,3.0625,2.4375
9/4/2023 22:48,3.4375,3.9375,4.0625,3.5,3.0625,2.375
9/5/2023 0:48,2.9375,3.5,3.875,3.4375,3.0625,2.375
9/5/2023 2:48,3,3.25,3.6875,3.375,3,2.375
9/5/2023 4:48,2.875,3.1875,3.5625,3.3125,2.9375,2.3125
9/5/2023 6:48,2.8125,3.0625,3.5,3.25,2.9375,2.3125
9/5/2023 8:48,3.125,3,3.375,3.1875,2.875,2.3125
9/5/2023 10:48,3.6875,3.375,3.375,3.1875,2.875,2.25
9/5/2023 12:48,4.3125,3.75,3.4375,3.1875,2.875,2.25
9/5/2023 14:48,4.5625,4.0625,3.5625,3.1875,2.875,2.25
9/5/2023 16:48,4.875,4.25,3.6875,3.25,2.875,2.25
9/5/2023 18:48,4.75,4.4375,3.8125,3.3125,2.875,2.25
9/5/2023 20:48,4.125,4.1875,3.875,3.3125,2.9375,2.25
9/5/2023 22:48,3.5,3.8125,3.8125,3.3125,2.875,2.25
9/6/2023 0:48,3,3.4375,3.6875,3.25,2.875,2.1875
9/6/2023 2:48,2.625,3.125,3.5,3.1875,2.875,2.1875
9/6/2023 4:48,2.5625,2.9375,3.375,3.125,2.8125,2.1875
9/6/2023 6:48,2.25,2.6875,3.25,3.0625,2.75,2.1875
9/6/2023 8:48,2.5625,2.625,3.125,3,2.75,2.125
9/6/2023 10:48,4.0625,3.125,3.125,2.9375,2.75,2.125
9/6/2023 12:48,4.9375,3.875,3.3125,3,2.6875,2.125
9/6/2023 14:48,5.5,4.5625,3.5625,3.0625,2.75,2.125
9/6/2023 16:48,5.75,5.0625,3.8125,3.1875,2.75,2.125
9/6/2023 18:48,5.3125,5,4,3.25,2.8125,2.125
9/6/2023 20:48,4.8125,4.75,4,3.3125,2.8125,2.125
9/6/2023 22:48,4.25,4.375,4,3.3125,2.8125,2.125
9/7/2023 0:48,3.875,4.0625,3.9375,3.3125,2.8125,2.125
9/7/2023 2:48,3.5625,3.8125,3.8125,3.3125,2.8125,2.125
9/7/2023 4:48,3.0625,3.5,3.75,3.25,2.8125,2.125
9/7/2023 6:48,2.3125,3.0625,3.5625,3.1875,2.75,2.125
9/7/2023 8:48,1.625,2.4375,3.3125,3.125,2.75,2.125
9/7/2023 10:48,2.125,2.4375,3.125,3,2.6875,2.0625
9/7/2023 12:48,2.5625,2.5625,3,2.9375,2.625,2.0625
9/7/2023 14:48,3.5,3,3,2.875,2.625,2.0625
9/7/2023 16:48,3.25,3.3125,3.125,2.875,2.625,2
9/7/2023 18:48,2.375,2.75,3.0625,2.875,2.625,2
9/7/2023 20:48,2.0625,2.5,2.9375,2.8125,2.5625,2
9/7/2023 22:48,1.5625,2.125,2.8125,2.75,2.5,2
9/8/2023 0:48,1.375,1.875,2.625,2.6875,2.5,2
9/8/2023 2:48,1.0625,1.6875,2.5,2.5625,2.4375,1.9375
9/8/2023 4:48,0.8125,1.4375,2.375,2.5,2.375,1.9375
9/8/2023 6:48,0.6875,1.1875,2.1875,2.375,2.375,1.875
9/8/2023 8:48,0.8125,1.1875,2.0625,2.3125,2.3125,1.875
9/8/2023 10:48,1.5,1.3125,2,2.1875,2.25,1.8125
9/8/2023 12:48,2.75,1.9375,2,2.1875,2.1875,1.8125
9/8/2023 14:48,4.3125,2.9375,2.1875,2.1875,2.1875,1.8125
9/8/2023 16:48,4.5,3.5625,2.5,2.25,2.1875,1.75
9/8/2023 18:48,4.25,3.6875,2.6875,2.375,2.25,1.75
9/8/2023 20:48,3.625,3.5,2.875,2.4375,2.25,1.75
9/8/2023 22:48,2.4375,3,2.875,2.4375,2.25,1.75
9/9/2023 0:48,1.5,2.25,2.6875,2.4375,2.1875,1.75
9/9/2023 2:48,0.9375,1.75,2.5,2.3125,2.1875,1.6875
9/9/2023 4:48,0.4375,1.25,2.3125,2.25,2.125,1.75
9/9/2023 6:48,0.1875,0.9375,2.0625,2.125,2.125,1.6875
9/9/2023 8:48,0.25,0.75,1.875,2.0625,2.0625,1.625
9/9/2023 10:48,1.75,1,1.75,2,2,1.625
9/9/2023 12:48,3.1875,2.125,1.8125,1.9375,1.9375,1.5625
9/9/2023 14:48,4.25,3.125,2.125,2,1.9375,1.5625
9/9/2023 16:48,4.5625,3.5625,2.4375,2.0625,2,1.5625
9/9/2023 18:48,4.6875,3.875,2.6875,2.1875,2,1.5625
9/9/2023 20:48,4.125,3.8125,2.8125,2.25,2,1.5625
9/9/2023 22:48,3.625,3.5625,2.9375,2.3125,2.0625,1.5625
9/10/2023 0:48,3.3125,3.3125,2.9375,2.3125,2.0625,1.5625
9/10/2023 2:48,2.6875,2.9375,2.875,2.375,2.0625,1.625
9/10/2023 4:48,1.9375,2.5,2.75,2.3125,2.0625,1.5625
9/10/2023 6:48,1.875,2.1875,2.625,2.3125,2,1.5625
9/10/2023 8:48,2.1875,2.1875,2.5,2.25,2,1.5625
9/10/2023 10:48,3.3125,2.5,2.5,2.25,2,1.5625
9/10/2023 12:48,4.6875,3.375,2.625,2.25,2,1.5
9/10/2023 14:48,6.3125,4.5,2.9375,2.375,2.0625,1.5625
9/10/2023 16:48,7.5625,5.5625,3.375,2.5,2.125,1.5625
9/10/2023 18:48,7.0625,5.9375,3.75,2.6875,2.1875,1.5625
9/10/2023 20:48,5.8125,5.625,4,2.8125,2.3125,1.625
9/10/2023 22:48,4.5,4.8125,4,2.9375,2.3125,1.6875
9/11/2023 0:48,3.75,4.1875,3.875,2.9375,2.375,1.6875
9/11/2023 2:48,3.75,3.9375,3.75,2.9375,2.375,1.6875
9/11/2023 4:48,3.6875,3.75,3.6875,2.9375,2.375,1.6875
9/11/2023 6:48,3.5625,3.625,3.5625,2.9375,2.375,1.6875
9/11/2023 8:48,3.4375,3.5,3.5,2.875,2.375,1.6875
9/11/2023 10:48,5,3.875,3.4375,2.875,2.375,1.75
9/11/2023 12:48,6.4375,5,3.6875,2.9375,2.375,1.75
9/11/2023 14:48,6.6875,5.5,3.9375,3.0625,2.4375,1.75
9/11/2023 16:48,7.4375,6.125,4.1875,3.125,2.5,1.8125
9/11/2023 18:48,6.9375,6.25,4.5,3.3125,2.625,1.8125
9/11/2023 20:48,6.3125,6,4.625,3.375,2.625,1.875
9/11/2023 22:48,5.75,5.625,4.6875,3.4375,2.6875,1.875
9/12/2023 0:48,5.3125,5.3125,4.625,3.5,2.75,1.9375
9/12/2023 2:48,4.875,5,4.5625,3.5,2.75,1.9375
9/12/2023 4:48,4.4375,4.6875,4.4375,3.5625,2.8125,2
9/12/2023 6:48,4.125,4.375,4.375,3.5,2.8125,2
9/12/2023 8:48,4,4.1875,4.25,3.5,2.8125,2
9/12/2023 10:48,4.125,4.125,4.125,3.5,2.8125,2
9/12/2023 12:48,4.5625,4.25,4.0625,3.4375,2.8125,2
9/12/2023 14:48,4.9375,4.5,4.0625,3.4375,2.8125,2
9/12/2023 16:48,5.0625,4.6875,4.125,3.4375,2.8125,2.0625
9/12/2023 18:48,5.125,4.8125,4.1875,3.4375,2.875,2.0625
9/12/2023 20:48,4.6875,4.6875,4.1875,3.5,2.875,2.0625
9/12/2023 22:48,4.3125,4.4375,4.125,3.5,2.8125,2.0625
9/13/2023 0:48,3.9375,4.1875,4.125,3.4375,2.875,2.0625
9/13/2023 2:48,3.5625,3.875,4.0625,3.4375,2.875,2.0625
9/13/2023 4:48,3.1875,3.5625,3.9375,3.375,2.8125,2.125
9/13/2023 6:48,2.875,3.3125,3.75,3.3125,2.8125,2.0625
9/13/2023 8:48,2.875,3.125,3.625,3.3125,2.75,2.0625
9/13/2023 10:48,3.5625,3.1875,3.5,3.25,2.8125,2.0625
9/13/2023 12:48,4.75,3.8125,3.5,3.1875,2.75,2.0625
9/13/2023 14:48,6.4375,4.8125,3.6875,3.1875,2.75,2.0625
9/13/2023 16:48,6.5625,5.4375,3.9375,3.25,2.8125,2.0625
9/13/2023 18:48,6.125,5.5,4.125,3.375,2.8125,2.125
9/13/2023 20:48,4.5625,5,4.25,3.375,2.875,2.125
9/13/2023 22:48,3.25,4.1875,4.1875,3.375,2.875,2.125
9/14/2023 0:48,2.4375,3.5,4,3.375,2.875,2.125
9/14/2023 2:48,1.6875,2.9375,3.75,3.3125,2.8125,2.125
9/14/2023 4:48,0.9375,2.25,3.5,3.25,2.75,2.125
9/14/2023 6:48,0.5,1.75,3.25,3.125,2.75,2.0625
9/14/2023 8:48,0.3125,1.3125,2.9375,3,2.6875,2.0625
9/14/2023 10:48,1.5625,1.4375,2.6875,2.875,2.625,2.0625
9/14/2023 12:48,3.75,2.375,2.625,2.8125,2.5625,2
9/14/2023 14:48,4.875,3.5,2.75,2.75,2.5625,2
9/14/2023 16:48,5.375,4.125,3,2.8125,2.5625,2
9/14/2023 18:48,4.8125,4.25,3.25,2.8125,2.5625,2
9/14/2023 20:48,3.5625,3.875,3.3125,2.8125,2.625,2
9/14/2023 22:48,2.3125,3.125,3.25,2.875,2.5625,2
9/15/2023 0:48,1.4375,2.4375,3.125,2.8125,2.5625,2
9/15/2023 2:48,1,1.9375,2.9375,2.75,2.5,2
9/15/2023 4:48,0.6875,1.5,2.6875,2.6875,2.4375,1.9375
9/15/2023 6:48,0.875,1.375,2.5,2.5625,2.4375,1.9375
9/15/2023 8:48,1.25,1.4375,2.3125,2.5,2.375,1.875
9/15/2023 10:48,1.9375,1.6875,2.25,2.4375,2.3125,1.8125
9/15/2023 12:48,2.9375,2.25,2.25,2.375,2.3125,1.875
9/15/2023 14:48,3.9375,2.9375,2.375,2.375,2.25,1.8125
9/15/2023 16:48,4.8125,3.6875,2.625,2.375,2.25,1.8125
9/15/2023 18:48,4.5,4,2.875,2.4375,2.25,1.8125
9/15/2023 20:48,3.625,3.6875,3,2.5,2.3125,1.8125
9/15/2023 22:48,2.25,3,3,2.5625,2.3125,1.8125
9/16/2023 0:48,1.625,2.3125,2.875,2.5,2.3125,1.8125
9/16/2023 2:48,0.625,1.625,2.625,2.4375,2.3125,1.8125
9/16/2023 4:48,0.1875,1.0625,2.375,2.375,2.1875,1.75
9/16/2023 6:48,0.0625,0.75,2.125,2.3125,2.1875,1.75
9/16/2023 8:48,0.125,0.625,1.9375,2.1875,2.125,1.75
9/16/2023 10:48,0.25,0.5625,1.75,2.0625,2.0625,1.6875
9/16/2023 12:48,0.625,0.625,1.625,2,2,1.625
9/16/2023 14:48,2.375,1.5,1.625,1.9375,2,1.625
9/16/2023 16:48,3.1875,2.3125,1.75,1.875,1.9375,1.5625
9/16/2023 18:48,3.3125,2.6875,2,1.9375,1.9375,1.5625
9/16/2023 20:48,2.5625,2.625,2.125,1.9375,1.9375,1.5625
9/16/2023 22:48,2,2.1875,2.1875,1.9375,1.9375,1.5625
9/17/2023 0:48,1.3125,1.875,2.125,1.9375,1.875,1.5625
9/17/2023 2:48,0.6875,1.375,2,1.9375,1.875,1.5
9/17/2023 4:48,0.125,0.875,1.8125,1.875,1.875,1.5
9/17/2023 6:48,0.125,0.5625,1.6875,1.8125,1.8125,1.5
9/17/2023 8:48,0.3125,0.5,1.5,1.75,1.75,1.4375
9/17/2023 10:48,1.5625,0.875,1.4375,1.6875,1.6875,1.4375
9/17/2023 12:48,3.25,1.9375,1.5,1.625,1.6875,1.375
9/17/2023 14:48,4.1875,2.9375,1.75,1.625,1.6875,1.375
9/17/2023 16:48,5,3.75,2.0625,1.75,1.6875,1.375
9/17/2023 18:48,4.3125,3.9375,2.4375,1.8125,1.75,1.375
9/17/2023 20:48,3.375,3.4375,2.5625,1.9375,1.75,1.375
9/17/2023 22:48,2.5625,2.875,2.625,1.9375,1.8125,1.4375
9/18/2023 0:48,2.125,2.4375,2.5,2,1.8125,1.4375
9/18/2023 2:48,1.9375,2.1875,2.375,2,1.8125,1.375
9/18/2023 4:48,1.6875,2,2.3125,1.9375,1.8125,1.375
9/18/2023 6:48,1.375,1.75,2.1875,1.9375,1.8125,1.375
9/18/2023 8:48,1.1875,1.5,2.0625,1.9375,1.75,1.375
9/18/2023 10:48,1.4375,1.4375,1.9375,1.875,1.75,1.375
9/18/2023 12:48,2.5,1.8125,1.875,1.8125,1.6875,1.3125
9/18/2023 14:48,2.9375,2.4375,2,1.8125,1.6875,1.3125
9/18/2023 16:48,3.0625,2.625,2.125,1.8125,1.6875,1.3125
9/18/2023 18:48,3.125,2.8125,2.1875,1.875,1.75,1.3125
9/18/2023 20:48,2.375,2.625,2.3125,1.875,1.75,1.3125
9/18/2023 22:48,1.4375,2.0625,2.25,1.875,1.6875,1.3125
9/19/2023 0:48,0.5,1.375,2.125,1.875,1.75,1.3125
9/19/2023 2:48,0.5,1,1.9375,1.8125,1.6875,1.3125
9/19/2023 4:48,0.4375,0.875,1.75,1.75,1.6875,1.25
9/19/2023 6:48,0.3125,0.75,1.625,1.6875,1.5625,1.25
9/19/2023 8:48,0.25,0.625,1.5,1.625,1.625,1.25
9/19/2023 10:48,0.6875,0.6875,1.375,1.5625,1.5625,1.25
9/19/2023 12:48,2.625,1.3125,1.375,1.5,1.5,1.1875
9/19/2023 14:48,3.1875,2.375,1.5625,1.5,1.5,1.1875
9/19/2023 16:48,3.6875,2.6875,1.8125,1.5,1.5,1.1875
9/19/2023 18:48,3.0625,2.8125,2,1.5625,1.5,1.1875
9/19/2023 20:48,2.0625,2.4375,2.0625,1.625,1.5625,1.1875
9/19/2023 22:48,1,1.875,2,1.625,1.5625,1.1875
9/20/2023 0:48,0.3125,1.1875,1.875,1.625,1.5625,1.1875
9/20/2023 2:48,0.125,0.8125,1.6875,1.625,1.5,1.1875
9/20/2023 4:48,0.0625,0.625,1.5,1.5625,1.5,1.1875
9/20/2023 6:48,0,0.5,1.375,1.4375,1.4375,1.125
9/20/2023 8:48,0,0.4375,1.25,1.4375,1.4375,1.125
9/20/2023 10:48,0.125,0.375,1.125,1.375,1.375,1.0625
9/20/2023 12:48,0.25,0.375,1.0625,1.25,1.3125,1.0625
9/20/2023 14:48,0.5,0.4375,1,1.1875,1.3125,1.0625
9/20/2023 16:48,0.3125,0.5,0.9375,1.1875,1.3125,1.0625
9/20/2023 18:48,0.25,0.4375,0.9375,1.125,1.25,1
9/20/2023 20:48,0.0625,0.375,0.875,1.0625,1.25,1
9/20/2023 22:48,0,0.3125,0.875,1.0625,1.1875,1
9/21/2023 0:48,0,0.3125,0.8125,1,1.1875,0.9375
9/21/2023 2:48,0,0.25,0.75,0.9375,1.125,0.9375
9/21/2023 4:48,0,0.25,0.75,0.9375,1.125,0.9375
9/21/2023 6:48,0,0.1875,0.6875,0.875,1.0625,0.875
9/21/2023 8:48,-0.0625,0.1875,0.6875,0.875,1.0625,0.875
9/21/2023 10:48,0,0.1875,0.625,0.8125,1,0.875
9/21/2023 12:48,0,0.1875,0.5625,0.8125,1,0.875
9/21/2023 14:48,0,0.125,0.5625,0.75,0.9375,0.8125
9/21/2023 16:48,0,0.125,0.5625,0.75,0.9375,0.8125
9/21/2023 18:48,-0.0625,0.125,0.5,0.6875,0.9375,0.75
9/21/2023 20:48,-0.0625,0.125,0.5,0.6875,0.875,0.75
9/21/2023 22:48,-0.0625,0.0625,0.5,0.625,0.875,0.75
9/22/2023 0:48,0,0.0625,0.4375,0.625,0.875,0.75
9/22/2023 2:48,0,0.0625,0.4375,0.5625,0.8125,0.6875
9/22/2023 4:48,-0.0625,0.0625,0.4375,0.5625,0.8125,0.6875
9/22/2023 6:48,-0.0625,0.0625,0.4375,0.5625,0.75,0.6875
9/22/2023 8:48,-0.0625,0.0625,0.375,0.5,0.75,0.625
9/22/2023 10:48,0,0.125,0.375,0.5,0.75,0.625
9/22/2023 12:48,0,0.125,0.375,0.5,0.75,0.625
9/22/2023 14:48,0,0.0625,0.375,0.5,0.6875,0.625
9/22/2023 16:48,-0.0625,0.0625,0.375,0.4375,0.6875,0.5625
9/22/2023 18:48,0,0.0625,0.375,0.4375,0.625,0.5625
9/22/2023 20:48,0,0.0625,0.3125,0.4375,0.625,0.5625
9/22/2023 22:48,0,0.0625,0.375,0.4375,0.625,0.5625
9/23/2023 0:48,0,0.0625,0.3125,0.375,0.625,0.5625
9/23/2023 2:48,0,0.0625,0.3125,0.4375,0.625,0.5
9/23/2023 4:48,0,0.0625,0.3125,0.375,0.5625,0.5
9/23/2023 6:48,0,0,0.3125,0.375,0.5625,0.5
9/23/2023 8:48,0,0.0625,0.3125,0.375,0.5625,0.4375
9/23/2023 10:48,0,0.0625,0.25,0.3125,0.5625,0.4375
9/23/2023 12:48,0,0,0.3125,0.3125,0.5625,0.4375
9/23/2023 14:48,0,0,0.25,0.3125,0.5,0.4375
9/23/2023 16:48,0,0,0.25,0.3125,0.5,0.4375
9/23/2023 18:48,0,0.0625,0.25,0.3125,0.5,0.375
9/23/2023 20:48,0,0.0625,0.25,0.3125,0.5,0.375
9/23/2023 22:48,0,0,0.25,0.3125,0.5,0.375
9/24/2023 0:48,-0.0625,0.0625,0.25,0.25,0.4375,0.375
9/24/2023 2:48,-0.0625,0,0.25,0.25,0.4375,0.375
9/24/2023 4:48,-0.0625,0,0.25,0.25,0.4375,0.3125
9/24/2023 6:48,-0.0625,0.0625,0.25,0.25,0.4375,0.3125
9/24/2023 8:48,-0.0625,0.0625,0.25,0.25,0.4375,0.3125
9/24/2023 10:48,-0.0625,0.0625,0.25,0.25,0.4375,0.3125
9/24/2023 12:48,0,0.0625,0.25,0.25,0.4375,0.3125
9/24/2023 14:48,0,0,0.25,0.25,0.4375,0.3125
9/24/2023 16:48,0,0.0625,0.25,0.1875,0.375,0.3125
9/24/2023 18:48,-0.0625,0.0625,0.1875,0.25,0.375,0.3125
9/24/2023 20:48,-0.125,0,0.25,0.1875,0.375,0.25
9/24/2023 22:48,-0.125,0,0.1875,0.1875,0.375,0.25
9/25/2023 0:48,-0.125,0,0.1875,0.1875,0.375,0.25
9/25/2023 2:48,-0.1875,0.0625,0.1875,0.1875,0.375,0.25
9/25/2023 4:48,-0.1875,0,0.1875,0.1875,0.375,0.25
9/25/2023 6:48,-0.1875,0,0.1875,0.1875,0.375,0.25
9/25/2023 8:48,-0.1875,0,0.1875,0.1875,0.3125,0.25
9/25/2023 10:48,-0.0625,0,0.1875,0.1875,0.3125,0.25
9/25/2023 12:48,0,0,0.1875,0.1875,0.3125,0.25
9/25/2023 14:48,0,0,0.1875,0.125,0.3125,0.1875
9/25/2023 16:48,0,0,0.1875,0.1875,0.3125,0.1875
9/25/2023 18:48,-0.0625,0,0.1875,0.125,0.3125,0.25
9/25/2023 20:48,-0.25,0,0.1875,0.125,0.3125,0.1875
9/25/2023 22:48,-0.3125,0,0.1875,0.125,0.3125,0.1875
9/26/2023 0:48,-0.3125,-0.0625,0.125,0.125,0.3125,0.1875
9/26/2023 2:48,-0.375,0,0.125,0.125,0.25,0.1875
9/26/2023 4:48,-0.375,-0.0625,0.125,0.125,0.3125,0.1875
9/26/2023 6:48,-0.375,-0.0625,0.125,0.125,0.3125,0.1875
9/26/2023 8:48,-0.375,-0.0625,0.125,0.125,0.25,0.1875
9/26/2023 10:48,-0.25,0,0.125,0.125,0.25,0.1875
9/26/2023 12:48,0,-0.0625,0.125,0.125,0.25,0.125
9/26/2023 14:48,0,0,0.125,0.125,0.25,0.125
9/26/2023 16:48,0,-0.0625,0.125,0.0625,0.25,0.125
9/26/2023 18:48,0,-0.0625,0.125,0.125,0.25,0.125
9/26/2023 20:48,-0.3125,-0.0625,0.125,0.0625,0.25,0.125
9/26/2023 22:48,-0.25,-0.0625,0.125,0.0625,0.25,0.125
9/27/2023 0:48,-0.1875,-0.0625,0.125,0.0625,0.25,0.125
9/27/2023 2:48,-0.125,-0.0625,0.125,0.0625,0.25,0.125
9/27/2023 4:48,-0.125,-0.0625,0.125,0.0625,0.25,0.125
9/27/2023 6:48,-0.125,-0.0625,0.125,0.0625,0.25,0.125
9/27/2023 8:48,-0.1875,-0.0625,0.0625,0.0625,0.1875,0.125
9/27/2023 10:48,-0.1875,-0.0625,0.125,0.0625,0.1875,0.125
9/27/2023 12:48,-0.125,-0.0625,0.125,0.0625,0.1875,0.125
9/27/2023 14:48,0,0,0.0625,0.0625,0.1875,0.125
9/27/2023 16:48,-0.0625,0,0.125,0.0625,0.1875,0.0625
9/27/2023 18:48,-0.0625,-0.0625,0.0625,0.0625,0.1875,0.125
9/27/2023 20:48,-0.125,-0.0625,0.0625,0.0625,0.1875,0.0625
9/27/2023 22:48,-0.1875,0,0.125,0.0625,0.1875,0.125
9/28/2023 0:48,-0.1875,-0.0625,0.0625,0.0625,0.1875,0.125
9/28/2023 2:48,-0.1875,-0.0625,0.0625,0.0625,0.1875,0.0625
9/28/2023 4:48,-0.25,-0.0625,0.0625,0.0625,0.1875,0.0625
9/28/2023 6:48,-0.25,-0.0625,0.0625,0.0625,0.1875,0.0625
9/28/2023 8:48,-0.4375,-0.0625,0.0625,0,0.1875,0.0625
9/28/2023 10:48,-0.1875,-0.0625,0.0625,0.0625,0.1875,0.0625
9/28/2023 12:48,-0.125,0,0.0625,0.0625,0.1875,0.0625
9/28/2023 14:48,-0.0625,-0.0625,0.0625,0.0625,0.1875,0.0625
9/28/2023 16:48,-0.0625,-0.0625,0.0625,0.0625,0.1875,0.0625
9/28/2023 18:48,-0.3125,-0.0625,0.0625,0.0625,0.1875,0.0625
9/28/2023 20:48,-0.4375,-0.0625,0.0625,0,0.125,0.0625
9/28/2023 22:48,-0.5625,-0.0625,0.0625,0.0625,0.1875,0.0625
9/29/2023 0:48,-0.5,-0.0625,0.0625,0.0625,0.1875,0.0625
9/29/2023 2:48,-0.5,-0.0625,0.0625,0,0.1875,0.0625
9/29/2023 4:48,-0.3125,-0.0625,0.0625,0.0625,0.1875,0.0625
9/29/2023 6:48,-0.4375,-0.0625,0.0625,0,0.125,0.0625
9/29/2023 8:48,-0.375,-0.0625,0.0625,0,0.1875,0.0625
9/29/2023 10:48,-0.375,-0.0625,0.0625,0,0.1875,0.0625
9/29/2023 12:48,-0.0625,-0.0625,0.0625,0,0.125,0.0625
9/29/2023 14:48,0,-0.0625,0.0625,0,0.125,0.0625
9/29/2023 16:48,0,0,0.0625,0,0.1875,0
9/29/2023 18:48,-0.0625,-0.0625,0.0625,0,0.1875,0.0625
9/29/2023 20:48,-0.0625,-0.0625,0.0625,0,0.125,0
9/29/2023 22:48,-0.3125,-0.0625,0.0625,0,0.125,0.0625
9/30/2023 0:48,-0.5,-0.0625,0.0625,0,0.125,0.0625
9/30/2023 2:48,-0.75,-0.0625,0.0625,0,0.125,0.0625
9/30/2023 4:48,-0.6875,-0.0625,0.0625,0,0.125,0.0625
9/30/2023 6:48,-0.75,-0.0625,0.0625,0,0.125,0.0625
9/30/2023 8:48,-0.75,-0.0625,0.0625,0,0.125,0.0625
9/30/2023 10:48,-0.4375,-0.0625,0.0625,0,0.125,0
9/30/2023 12:48,-0.125,-0.0625,0.0625,0,0.125,0.0625
9/30/2023 14:48,-0.0625,-0.0625,0.0625,0,0.125,0.0625
9/30/2023 16:48,0,-0.0625,0.0625,0,0.125,0
9/30/2023 18:48,-0.3125,-0.0625,0.0625,0,0.125,0
9/30/2023 20:48,-0.875,-0.0625,0.0625,0,0.125,0
9/30/2023 22:48,-1.125,-0.0625,0.0625,0,0.125,0.0625
10/1/2023 0:48,-1.125,-0.0625,0.0625,0,0.125,0.0625
10/1/2023 2:48,-1.25,-0.125,0.0625,0,0.125,0
10/1/2023 4:48,-1.3125,-0.125,0.0625,0,0.125,0.0625
10/1/2023 6:48,-1.375,-0.125,0.0625,0,0.125,0
10/1/2023 8:48,-1.5,-0.125,0.0625,0,0.125,0
10/1/2023 10:48,-1.0625,-0.0625,0.0625,0,0.125,0
10/1/2023 12:48,-0.25,-0.0625,0.0625,0,0.125,0
10/1/2023 14:48,-0.125,-0.0625,0.0625,0,0.125,0
10/1/2023 16:48,-0.25,-0.0625,0.0625,0,0.125,0
10/1/2023 18:48,-0.3125,-0.0625,0.0625,0,0.125,0
10/1/2023 20:48,-0.375,-0.0625,0.0625,0,0.125,0.0625
10/1/2023 22:48,-0.3125,-0.0625,0.0625,0,0.125,0
10/2/2023 0:48,-0.3125,-0.0625,0.0625,0,0.125,0
10/2/2023 2:48,-0.375,-0.0625,0.0625,0,0.125,0
10/2/2023 4:48,-0.375,-0.0625,0.0625,0,0.125,0
10/2/2023 6:48,-0.25,-0.0625,0.0625,0,0.125,0
10/2/2023 8:48,-0.3125,-0.0625,0,0,0.125,0
10/2/2023 10:48,-0.25,-0.0625,0.0625,0,0.125,0
10/2/2023 12:48,-0.1875,-0.0625,0.0625,0,0.125,0
10/2/2023 14:48,-0.125,-0.0625,0.0625,-0.0625,0.125,0
10/2/2023 16:48,-0.125,-0.0625,0.0625,0,0.125,0
10/2/2023 18:48,-0.125,-0.0625,0.0625,0,0.125,0
10/2/2023 20:48,-0.1875,-0.0625,0.0625,0,0.125,0
10/2/2023 22:48,-0.25,-0.0625,0.0625,0,0.125,0
10/3/2023 0:48,-0.25,-0.0625,0.0625,0,0.0625,0
10/3/2023 2:48,-0.25,-0.0625,0.0625,0,0.125,0
10/3/2023 4:48,-0.25,-0.0625,0.0625,0,0.125,0
10/3/2023 6:48,-0.1875,-0.0625,0.0625,-0.0625,0.125,0
10/3/2023 8:48,-0.25,-0.0625,0.0625,0,0.125,0
10/3/2023 10:48,-0.25,-0.0625,0.0625,0,0.125,0
10/3/2023 12:48,-0.125,-0.0625,0.0625,0,0.125,0
10/3/2023 14:48,-0.125,-0.0625,0.0625,0,0.125,0
10/3/2023 16:48,-0.0625,-0.0625,0.0625,0,0.125,0
10/3/2023 18:48,-0.0625,-0.0625,0.0625,0,0.125,0
10/3/2023 20:48,-0.125,-0.0625,0.0625,0,0.125,0
10/3/2023 22:48,-0.25,-0.0625,0.0625,0,0.125,0
10/4/2023 0:48,-0.3125,-0.0625,0.0625,0,0.125,0
10/4/2023 2:48,-0.375,-0.0625,0.0625,0,0.125,0
10/4/2023 4:48,-0.4375,-0.0625,0.0625,0,0.125,0
10/4/2023 6:48,-0.5,-0.0625,0.0625,-0.0625,0.125,0
10/4/2023 8:48,-0.5,-0.0625,0.0625,0,0.125,0
10/4/2023 10:48,-0.4375,-0.0625,0.0625,-0.0625,0.125,0
10/4/2023 12:48,-0.3125,-0.0625,0.0625,0,0.125,0
10/4/2023 14:48,-0.1875,-0.0625,0.0625,0,0.125,0
10/4/2023 16:48,-0.1875,-0.0625,0,0,0.125,0
10/4/2023 18:48,-0.375,-0.0625,0.0625,0,0.125,0
10/4/2023 20:48,-0.4375,-0.0625,0.0625,0,0.125,0
10/4/2023 22:48,-0.375,-0.0625,0.0625,-0.0625,0.125,0
10/5/2023 0:48,-0.375,-0.0625,0.0625,-0.0625,0.125,0
10/5/2023 2:48,-0.6875,-0.0625,0.0625,-0.0625,0.125,0
10/5/2023 4:48,-0.5625,-0.0625,0.0625,0,0.0625,0
10/5/2023 6:48,-0.5625,-0.0625,0.0625,-0.0625,0.125,0
10/5/2023 8:48,-0.6875,-0.0625,0,0,0.125,0
10/5/2023 10:48,-0.6875,-0.125,0,-0.0625,0.125,0
10/5/2023 12:48,-0.75,-0.0625,0.0625,-0.0625,0.125,0
10/5/2023 14:48,-0.625,-0.125,0.0625,0,0.125,0
10/5/2023 16:48,-0.5625,-0.0625,0.0625,0,0.0625,0
10/5/2023 18:48,-0.4375,-0.0625,0.0625,0,0.125,0
10/5/2023 20:48,-0.625,-0.0625,0.0625,0,0.0625,0
10/5/2023 22:48,-0.8125,-0.125,0.0625,0,0.125,0
10/6/2023 0:48,-1.125,-0.125,0.0625,0,0.0625,0
10/6/2023 2:48,-1.1875,-0.125,0.0625,-0.0625,0.125,0
10/6/2023 4:48,-1,-0.125,0.0625,-0.0625,0.125,0
10/6/2023 6:48,-0.8125,-0.125,0,0,0.125,0
10/6/2023 8:48,-0.625,-0.0625,0.0625,0,0.0625,0
10/6/2023 10:48,-0.5,-0.0625,0.0625,0,0.125,0
10/6/2023 12:48,-0.375,-0.0625,0.0625,-0.0625,0.125,0
10/6/2023 14:48,-0.3125,-0.0625,0.0625,0,0.125,0
10/6/2023 16:48,-0.1875,-0.0625,0.0625,-0.0625,0.0625,0
10/6/2023 18:48,-0.25,-0.0625,0.0625,0,0.0625,0
10/6/2023 20:48,-0.375,-0.0625,0,0,0.0625,0
10/6/2023 22:48,-0.4375,-0.125,0.0625,0,0.125,0
10/7/2023 0:48,-0.5,-0.0625,0.0625,0,0.125,0
10/7/2023 2:48,-0.5,-0.125,0.0625,-0.0625,0.125,0
10/7/2023 4:48,-0.625,-0.125,0.0625,-0.0625,0.0625,0
10/7/2023 6:48,-0.5625,-0.125,0.0625,-0.0625,0.0625,0
10/7/2023 8:48,-0.5625,-0.125,0.0625,-0.0625,0.125,0
10/7/2023 10:48,-0.75,-0.125,0.0625,-0.0625,0.125,0
10/7/2023 12:48,-0.8125,-0.125,0.0625,0,0.0625,0
10/7/2023 14:48,-0.6875,-0.125,0.0625,0,0.125,0
10/7/2023 16:48,-0.625,-0.125,0.0625,0,0.125,0
10/7/2023 18:48,-0.75,-0.125,0.0625,-0.0625,0.0625,0
10/7/2023 20:48,-0.8125,-0.125,0.0625,-0.0625,0.125,0
10/7/2023 22:48,-0.625,-0.125,0.0625,0,0.125,0
10/8/2023 0:48,-0.8125,-0.125,0.0625,-0.0625,0.0625,0
10/8/2023 2:48,-1,-0.125,0.0625,-0.0625,0.0625,0
10/8/2023 4:48,-1.0625,-0.125,0,-0.0625,0.125,0
10/8/2023 6:48,-1.125,-0.125,0.0625,-0.0625,0.125,0
10/8/2023 8:48,-1.125,-0.125,0.0625,-0.0625,0.125,0
10/8/2023 10:48,-1.0625,-0.125,0.0625,-0.0625,0.125,0
10/8/2023 12:48,-0.8125,-0.125,0.0625,-0.0625,0.125,0
10/8/2023 14:48,-0.8125,-0.125,0,-0.0625,0.0625,0
10/8/2023 16:48,-1.0625,-0.125,0,0,0.125,0
10/8/2023 18:48,-1.375,-0.1875,0.0625,-0.0625,0.0625,0
10/8/2023 20:48,-1.625,-0.1875,0,0,0.0625,0
10/8/2023 22:48,-1.875,-0.25,0.0625,0,0.0625,0
10/9/2023 0:48,-1.8125,-0.25,0.0625,0,0.125,0
10/9/2023 2:48,-1.75,-0.25,0.0625,-0.0625,0.0625,0
10/9/2023 4:48,-1.5,-0.25,0.0625,-0.0625,0.125,0
10/9/2023 6:48,-1,-0.1875,0,-0.0625,0.125,0
10/9/2023 8:48,-0.6875,-0.125,0.0625,0,0.125,0
10/9/2023 10:48,-0.5625,-0.125,0,-0.0625,0.125,0
10/9/2023 12:48,-0.375,-0.125,0,-0.0625,0.125,0
10/9/2023 14:48,-0.3125,-0.125,0.0625,-0.0625,0.0625,0
10/9/2023 16:48,-0.25,-0.125,0.0625,-0.0625,0.0625,0
10/9/2023 18:48,-0.25,-0.125,0.0625,-0.0625,0.125,0
10/9/2023 20:48,-0.25,-0.125,0.0625,-0.0625,0.0625,0
10/9/2023 22:48,-0.4375,-0.0625,0.0625,-0.0625,0.0625,0
10/10/2023 0:48,-0.5,-0.125,0.0625,-0.0625,0.0625,0
10/10/2023 2:48,-0.5,-0.125,0.0625,-0.0625,0.125,0
10/10/2023 4:48,-0.5,-0.125,0,-0.0625,0.0625,0
10/10/2023 6:48,-0.4375,-0.125,0.0625,-0.0625,0.125,0
10/10/2023 8:48,-0.375,-0.125,0.0625,-0.0625,0.125,0
10/10/2023 10:48,-0.375,-0.125,0,0,0.125,0
10/10/2023 12:48,-0.25,-0.125,0,0,0.0625,0
10/10/2023 14:48,-0.25,-0.125,0,0,0.125,0
10/10/2023 16:48,-0.1875,-0.125,0,-0.0625,0.125,0
10/10/2023 18:48,-0.1875,-0.125,0,-0.0625,0.125,0
10/10/2023 20:48,-0.1875,-0.0625,0,-0.0625,0.0625,0
10/10/2023 22:48,-0.1875,-0.0625,0,-0.0625,0.125,0
10/11/2023 0:48,-0.1875,-0.0625,0.0625,-0.0625,0.0625,0
10/11/2023 2:48,-0.25,-0.125,0,-0.0625,0.0625,0
10/11/2023 4:48,-0.25,-0.0625,0,-0.0625,0.0625,0
10/11/2023 6:48,-0.1875,-0.125,0.0625,-0.0625,0.0625,0
10/11/2023 8:48,-0.25,-0.125,0.0625,-0.0625,0.125,0
10/11/2023 10:48,-0.25,-0.0625,0.0625,0,0.0625,0
10/11/2023 12:48,-0.1875,-0.0625,0.0625,-0.0625,0.125,0
10/11/2023 14:48,-0.1875,-0.125,0.0625,-0.0625,0.0625,0
10/11/2023 16:48,-0.1875,-0.0625,0,0,0.0625,0
10/11/2023 18:48,-0.25,-0.0625,0.0625,0,0.125,0
10/11/2023 20:48,-0.375,-0.125,0,-0.0625,0.125,0
10/11/2023 22:48,-0.5,-0.125,0,-0.0625,0.0625,0
10/12/2023 0:48,-0.5625,-0.125,0,-0.0625,0.0625,0
10/12/2023 2:48,-0.5625,-0.125,0,-0.0625,0.0625,0
10/12/2023 4:48,-0.5,-0.125,0,-0.0625,0.0625,0
10/12/2023 6:48,-0.5,-0.125,0,-0.0625,0.125,0
10/12/2023 8:48,-0.5,-0.125,0.0625,-0.0625,0.0625,0
10/12/2023 10:48,-0.5,-0.125,0,-0.0625,0.125,0
10/12/2023 12:48,-0.5,-0.125,0.0625,0,0.0625,0
10/12/2023 14:48,-0.375,-0.125,0.0625,-0.0625,0.125,0
10/12/2023 16:48,-0.375,-0.125,0,-0.0625,0.0625,0
10/12/2023 18:48,-0.3125,-0.125,0.0625,-0.0625,0.0625,0
10/12/2023 20:48,-0.375,-0.125,0,-0.0625,0.0625,0
10/12/2023 22:48,-0.375,-0.125,0,-0.0625,0.0625,0
10/13/2023 0:48,-0.4375,-0.125,0,-0.0625,0.0625,0
10/13/2023 2:48,-0.375,-0.125,0.0625,-0.0625,0.125,0
10/13/2023 4:48,-0.375,-0.125,0,-0.0625,0.125,0
10/13/2023 6:48,-0.375,-0.0625,0,-0.0625,0.0625,0
10/13/2023 8:48,-0.3125,-0.125,0,-0.0625,0.0625,0
10/13/2023 10:48,-0.3125,-0.125,0,-0.0625,0.0625,0
10/13/2023 12:48,-0.25,-0.125,0.0625,0,0.0625,0
10/13/2023 14:48,-0.1875,-0.125,0,-0.0625,0.0625,0
10/13/2023 16:48,-0.1875,-0.0625,0,-0.0625,0.125,0
10/13/2023 18:48,-0.1875,-0.0625,0,-0.0625,0.0625,0
10/13/2023 20:48,-0.1875,-0.125,0.0625,0,0.0625,0
10/13/2023 22:48,-0.25,-0.0625,0.0625,-0.0625,0.0625,0
10/14/2023 0:48,-0.375,-0.125,0,-0.0625,0.0625,0
10/14/2023 2:48,-0.375,-0.125,0,-0.0625,0.125,0
10/14/2023 4:48,-0.375,-0.125,0,-0.0625,0.0625,0
10/14/2023 6:48,-0.375,-0.125,0,-0.0625,0.125,0
10/14/2023 8:48,-0.375,-0.125,0,0,0.0625,0
10/14/2023 10:48,-0.25,-0.125,0,0,0.0625,0
10/14/2023 12:48,-0.1875,-0.125,0,-0.0625,0.125,0
10/14/2023 14:48,-0.1875,-0.125,0.0625,-0.0625,0.0625,0
10/14/2023 16:48,-0.125,-0.0625,0.0625,0,0.125,0
10/14/2023 18:48,-0.125,-0.125,0.0625,-0.0625,0.125,0
10/14/2023 20:48,-0.1875,-0.0625,0,-0.0625,0.0625,0
10/14/2023 22:48,-0.1875,-0.0625,0,0,0.0625,0
10/15/2023 0:48,-0.1875,-0.125,0,0,0.0625,0
10/15/2023 2:48,-0.25,-0.0625,0.0625,-0.0625,0.125,0
10/15/2023 4:48,-0.25,-0.0625,0,-0.0625,0.125,0
10/15/2023 6:48,-0.25,-0.0625,0.0625,-0.0625,0.0625,0
10/15/2023 8:48,-0.25,-0.0625,0,-0.0625,0.125,0
10/15/2023 10:48,-0.1875,-0.125,0,-0.0625,0.0625,0
10/15/2023 12:48,-0.1875,-0.125,0,-0.0625,0.0625,0
10/15/2023 14:48,-0.1875,-0.0625,0,-0.0625,0.0625,0
10/15/2023 16:48,-0.125,-0.125,0,-0.0625,0.0625,0
10/15/2023 18:48,-0.125,-0.0625,0,-0.0625,0.0625,0
10/15/2023 20:48,-0.125,-0.0625,0,-0.0625,0.0625,0
10/15/2023 22:48,-0.125,-0.0625,0,-0.0625,0.0625,0
10/16/2023 0:48,-0.1875,-0.0625,0,-0.0625,0.0625,0
10/16/2023 2:48,-0.25,-0.125,0,-0.0625,0.125,0
10/16/2023 4:48,-0.25,-0.125,0,-0.0625,0.125,0
10/16/2023 6:48,-0.25,-0.0625,0,-0.0625,0.0625,0
10/16/2023 8:48,-0.3125,-0.125,0.0625,0,0.0625,0
10/16/2023 10:48,-0.3125,-0.125,0,-0.0625,0.0625,0
10/16/2023 12:48,-0.375,-0.125,0,0,0.0625,0
10/16/2023 14:48,-0.5,-0.125,0.0625,-0.0625,0.0625,0
10/16/2023 16:48,-0.5,-0.125,0,-0.0625,0.0625,0
10/16/2023 18:48,-0.5,-0.125,0,-0.0625,0.0625,0
10/16/2023 20:48,-0.4375,-0.125,0,-0.0625,0.0625,0
10/16/2023 22:48,-0.4375,-0.125,0,-0.0625,0.125,0
10/17/2023 0:48,-0.375,-0.125,0,-0.0625,0.0625,0
10/17/2023 2:48,-0.25,-0.125,0,-0.0625,0.0625,0
10/17/2023 4:48,-0.25,-0.0625,0,-0.0625,0.0625,0
10/17/2023 6:48,-0.25,-0.125,0,-0.0625,0.0625,0
10/17/2023 8:48,-0.1875,-0.0625,0.0625,-0.0625,0.0625,0
10/17/2023 10:48,-0.1875,-0.125,0,0,0.125,0
10/17/2023 12:48,-0.1875,-0.125,0,-0.0625,0.0625,0
10/17/2023 14:48,-0.125,-0.125,0.0625,-0.0625,0.0625,0
10/17/2023 16:48,-0.125,-0.125,0,-0.0625,0.0625,0
10/17/2023 18:48,-0.1875,-0.125,0,-0.0625,0.0625,0
10/17/2023 20:48,-0.1875,-0.125,0,-0.0625,0.0625,0
10/17/2023 22:48,-0.1875,-0.125,0.0625,-0.0625,0.0625,0
10/18/2023 0:48,-0.1875,-0.125,0,-0.0625,0.0625,0
10/18/2023 2:48,-0.1875,-0.0625,0,-0.0625,0.0625,0
10/18/2023 4:48,-0.1875,-0.125,0,-0.0625,0.0625,0
10/18/2023 6:48,-0.1875,-0.125,0,0,0.125,0
10/18/2023 8:48,-0.1875,-0.0625,0.0625,-0.0625,0.125,0
10/18/2023 10:48,-0.1875,-0.125,0.0625,-0.0625,0.0625,0
10/18/2023 12:48,-0.1875,-0.0625,0,-0.0625,0.125,0
10/18/2023 14:48,-0.25,-0.0625,0.0625,-0.0625,0.0625,0
10/18/2023 16:48,-0.25,-0.125,0.0625,-0.0625,0.0625,0
10/18/2023 18:48,-0.25,-0.125,0.0625,-0.0625,0.0625,0
10/18/2023 20:48,-0.25,-0.125,0.0625,-0.0625,0.0625,0
10/18/2023 22:48,-0.25,-0.125,0,-0.0625,0.0625,0
10/19/2023 0:48,-0.25,-0.125,0,-0.0625,0.0625,0
10/19/2023 2:48,-0.25,-0.125,0,-0.0625,0.0625,0
10/19/2023 4:48,-0.25,-0.125,0,-0.0625,0.0625,0
10/19/2023 6:48,-0.25,-0.125,0.0625,-0.0625,0.0625,0
10/19/2023 8:48,-0.25,-0.125,0,-0.0625,0.0625,0
10/19/2023 10:48,-0.25,-0.125,0,-0.0625,0.0625,0
10/19/2023 12:48,-0.1875,-0.125,0,-0.0625,0.0625,0
10/19/2023 14:48,-0.1875,-0.125,0.0625,-0.0625,0.0625,0
10/19/2023 16:48,-0.25,-0.125,0,0,0.0625,0
10/19/2023 18:48,-0.1875,-0.125,0,-0.0625,0.0625,0
10/19/2023 20:48,-0.25,-0.125,0,-0.0625,0.125,0
10/19/2023 22:48,-0.25,-0.125,0,-0.0625,0.0625,0
10/20/2023 0:48,-0.1875,-0.125,0,-0.0625,0.0625,0
10/20/2023 2:48,-0.25,-0.125,0,-0.0625,0.125,0
10/20/2023 4:48,-0.1875,-0.125,0,-0.0625,0.0625,0
10/20/2023 6:48,-0.1875,-0.125,0.0625,-0.0625,0.125,0
10/20/2023 8:48,-0.1875,-0.125,0,-0.0625,0.0625,0
10/20/2023 10:48,-0.25,-0.125,0.0625,-0.0625,0.0625,0
10/20/2023 12:48,-0.25,-0.125,0.0625,-0.0625,0.125,0
10/20/2023 14:48,-0.3125,-0.125,0.0625,-0.0625,0.0625,0
10/20/2023 16:48,-0.4375,-0.125,0,-0.0625,0.0625,0
10/20/2023 18:48,-0.375,-0.125,0.0625,-0.0625,0.125,0
10/20/2023 20:48,-0.375,-0.125,0,-0.0625,0.125,0
10/20/2023 22:48,-0.3125,-0.125,0.0625,-0.0625,0.0625,0
10/21/2023 0:48,-0.3125,-0.125,0.0625,-0.0625,0.0625,0
10/21/2023 2:48,-0.3125,-0.125,0,-0.0625,0.125,0
10/21/2023 4:48,-0.3125,-0.125,0,-0.0625,0.0625,0
10/21/2023 6:48,-0.25,-0.125,0.0625,-0.0625,0.0625,0
10/21/2023 8:48,-0.25,-0.125,0,-0.0625,0.125,0
10/21/2023 10:48,-0.25,-0.125,0,-0.0625,0.125,0
10/21/2023 12:48,-0.25,-0.125,0,-0.0625,0.0625,0
10/21/2023 14:48,-0.1875,-0.125,0,0,0.0625,0
10/21/2023 16:48,-0.1875,-0.125,0,-0.0625,0.0625,0
10/21/2023 18:48,-0.1875,-0.125,0,-0.0625,0.125,0
10/21/2023 20:48,-0.1875,-0.125,0,-0.0625,0.0625,0
10/21/2023 22:48,-0.1875,-0.125,0,-0.0625,0.0625,0
10/22/2023 0:48,-0.1875,-0.125,0.0625,-0.0625,0.0625,0
10/22/2023 2:48,-0.1875,-0.125,0.0625,-0.0625,0.0625,0
10/22/2023 4:48,-0.1875,-0.125,0,-0.0625,0.125,0
10/22/2023 6:48,-0.1875,-0.0625,0,-0.0625,0.0625,0
10/22/2023 8:48,-0.1875,-0.125,0,0,0.0625,0
10/22/2023 10:48,-0.1875,-0.125,0,-0.0625,0.125,0
10/22/2023 12:48,-0.25,-0.125,0,-0.0625,0.0625,0
10/22/2023 14:48,-0.1875,-0.125,0,-0.0625,0.0625,0
10/22/2023 16:48,-0.25,-0.125,0.0625,-0.0625,0.125,0
10/22/2023 18:48,-0.1875,-0.125,0,-0.0625,0.0625,0
10/22/2023 20:48,-0.1875,-0.0625,0,-0.0625,0.0625,0
10/22/2023 22:48,-0.1875,-0.125,0,-0.0625,0.0625,0
10/23/2023 0:48,-0.1875,-0.0625,0,-0.0625,0.0625,0
10/23/2023 2:48,-0.1875,-0.125,0,-0.0625,0.0625,0
10/23/2023 4:48,-0.1875,-0.125,0.0625,-0.0625,0.125,0
10/23/2023 6:48,-0.1875,-0.125,0,-0.0625,0.0625,0
10/23/2023 8:48,-0.1875,-0.125,0.0625,-0.0625,0.0625,0
10/23/2023 10:48,-0.25,-0.125,0,-0.0625,0.0625,0
10/23/2023 12:48,-0.1875,-0.125,0,-0.0625,0.0625,0
10/23/2023 14:48,-0.1875,-0.125,0,-0.0625,0.0625,0
10/23/2023 16:48,-0.1875,-0.125,0,-0.0625,0.0625,0
10/23/2023 18:48,-0.1875,-0.125,0,-0.0625,0.0625,0
10/23/2023 20:48,-0.1875,-0.125,0.0625,-0.0625,0.0625,0
10/23/2023 22:48,-0.1875,-0.125,0,-0.0625,0.0625,0
10/24/2023 0:48,-0.1875,-0.125,0,-0.0625,0.0625,0
10/24/2023 2:48,-0.1875,-0.125,0.0625,-0.0625,0.0625,0
10/24/2023 4:48,-0.1875,-0.125,0,-0.0625,0.0625,0
10/24/2023 6:48,-0.1875,-0.125,0,-0.0625,0.0625,0
10/24/2023 8:48,-0.1875,-0.125,0,-0.0625,0.0625,0
10/24/2023 10:48,-0.1875,-0.125,0,-0.0625,0.0625,0
10/24/2023 12:48,-0.125,-0.125,0,-0.0625,0.0625,0
10/24/2023 14:48,-0.125,-0.125,0,-0.0625,0.0625,0
10/24/2023 16:48,-0.125,-0.0625,0,-0.0625,0.125,-0.0625
10/24/2023 18:48,-0.125,-0.125,0,-0.0625,0.0625,0
10/24/2023 20:48,-0.125,-0.125,0,-0.0625,0.0625,0
10/24/2023 22:48,-0.125,-0.125,0,-0.0625,0.0625,0
10/25/2023 0:48,-0.125,-0.0625,0,-0.0625,0.0625,0
10/25/2023 2:48,-0.125,-0.0625,0,-0.0625,0.0625,0
10/25/2023 4:48,-0.125,-0.125,0,-0.0625,0.125,0
10/25/2023 6:48,-0.125,-0.125,0.0625,-0.0625,0.0625,0
10/25/2023 8:48,-0.125,-0.125,0,-0.0625,0.0625,0
10/25/2023 10:48,-0.125,-0.125,0,-0.0625,0.0625,0
10/25/2023 12:48,-0.125,-0.0625,0,-0.0625,0.0625,0
10/25/2023 14:48,-0.125,-0.0625,0,-0.0625,0.0625,0
10/25/2023 16:48,-0.125,-0.125,0,-0.0625,0.0625,0
10/25/2023 18:48,-0.125,-0.125,0,-0.0625,0.0625,0
10/25/2023 20:48,-0.1875,-0.125,0.0625,-0.0625,0.125,0
10/25/2023 22:48,-0.125,-0.125,0,-0.0625,0.0625,0
10/26/2023 0:48,-0.125,-0.125,0,-0.0625,0.0625,0
10/26/2023 2:48,-0.125,-0.0625,0,-0.0625,0.0625,0
10/26/2023 4:48,-0.1875,-0.125,0,-0.0625,0.0625,0
10/26/2023 6:48,-0.1875,-0.125,0,-0.0625,0.0625,0
10/26/2023 8:48,-0.1875,-0.125,0,0,0.0625,0
10/26/2023 10:48,-0.1875,-0.125,0,-0.0625,0.0625,-0.0625
10/26/2023 12:48,-0.1875,-0.125,0,-0.0625,0.0625,0
10/26/2023 14:48,-0.1875,-0.125,0,-0.0625,0.125,0
10/26/2023 16:48,-0.1875,-0.125,0,-0.0625,0.0625,0
10/26/2023 18:48,-0.1875,-0.125,0,-0.0625,0.0625,0
10/26/2023 20:48,-0.1875,-0.125,0,-0.0625,0.0625,0
10/26/2023 22:48,-0.1875,-0.125,0.0625,-0.0625,0.0625,0
10/27/2023 0:48,-0.1875,-0.125,0,-0.0625,0.125,0
10/27/2023 2:48,-0.1875,-0.125,0,-0.0625,0.0625,0
10/27/2023 4:48,-0.125,-0.125,0,-0.0625,0.0625,0
10/27/2023 6:48,-0.1875,-0.125,0,-0.0625,0.0625,0
10/27/2023 8:48,-0.125,-0.125,0,-0.0625,0.0625,0
10/27/2023 10:48,-0.125,-0.125,0,0,0.0625,0
10/27/2023 12:48,-0.125,-0.125,0,-0.0625,0.0625,0
10/27/2023 14:48,-0.125,-0.125,0,-0.0625,0.0625,0
10/27/2023 16:48,-0.125,-0.125,0,-0.0625,0.0625,0
10/27/2023 18:48,-0.125,-0.125,0,-0.0625,0.0625,0
10/27/2023 20:48,-0.125,-0.0625,0,-0.0625,0.0625,0
10/27/2023 22:48,-0.125,-0.0625,0,-0.0625,0.0625,0
10/28/2023 0:48,-0.125,-0.125,0,-0.0625,0.125,0
10/28/2023 2:48,-0.125,-0.125,0,-0.0625,0.0625,0
10/28/2023 4:48,-0.125,-0.125,0,-0.0625,0.0625,0
10/28/2023 6:48,-0.125,-0.125,0,-0.0625,0.0625,0
10/28/2023 8:48,-0.125,-0.125,0,-0.0625,0.0625,0
10/28/2023 10:48,-0.125,-0.125,0,-0.0625,0.0625,0
10/28/2023 12:48,-0.125,-0.0625,0,-0.0625,0.0625,0
10/28/2023 14:48,-0.125,-0.0625,0,-0.0625,0.0625,0
10/28/2023 16:48,-0.125,-0.125,0,-0.0625,0.0625,0
10/28/2023 18:48,-0.125,-0.125,0,-0.0625,0.0625,0
10/28/2023 20:48,-0.125,-0.125,0,-0.0625,0.0625,0
10/28/2023 22:48,-0.125,-0.125,0,-0.0625,0.0625,0
10/29/2023 0:48,-0.125,-0.125,0,-0.0625,0.0625,0
10/29/2023 2:48,-0.125,-0.125,0,-0.0625,0.0625,0
10/29/2023 4:48,-0.125,-0.125,0,-0.0625,0.0625,0
10/29/2023 6:48,-0.125,-0.125,0,-0.0625,0.0625,0
10/29/2023 8:48,-0.125,-0.125,0,-0.0625,0.125,0
10/29/2023 10:48,-0.125,-0.125,0.0625,-0.0625,0.0625,0
10/29/2023 12:48,-0.125,-0.125,0,-0.0625,0.125,0
10/29/2023 14:48,-0.125,-0.125,0,0,0.0625,0
10/29/2023 16:48,-0.125,-0.125,0,-0.0625,0.0625,0
10/29/2023 18:48,-0.125,-0.125,0.0625,-0.0625,0.0625,0
10/29/2023 20:48,-0.125,-0.125,0,-0.0625,0.0625,0
10/29/2023 22:48,-0.125,-0.0625,0,-0.0625,0.0625,0
10/30/2023 0:48,-0.125,-0.0625,0,-0.0625,0.0625,0
10/30/2023 2:48,-0.125,-0.125,0,-0.0625,0.125,0
10/30/2023 4:48,-0.125,-0.125,0,-0.0625,0.0625,0
10/30/2023 6:48,-0.125,-0.125,0.0625,-0.0625,0.0625,0
10/30/2023 8:48,-0.125,-0.125,0,-0.0625,0.0625,0
10/30/2023 10:48,-0.125,-0.125,0,-0.0625,0.0625,0
10/30/2023 12:48,-0.125,-0.125,0,-0.0625,0.0625,0
10/30/2023 14:48,-0.125,-0.125,0,-0.0625,0.0625,0
10/30/2023 16:48,-0.125,-0.125,0,-0.0625,0.0625,0
10/30/2023 18:48,-0.125,-0.125,0,-0.0625,0.0625,0
10/30/2023 20:48,-0.125,-0.125,0,-0.0625,0.125,0
10/30/2023 22:48,-0.125,-0.125,0,-0.0625,0.0625,0
10/31/2023 0:48,-0.125,-0.125,0,0,0.125,0
10/31/2023 2:48,-0.125,-0.125,0,-0.0625,0.0625,-0.0625
10/31/2023 4:48,-0.125,-0.125,0,-0.0625,0.0625,0
10/31/2023 6:48,-0.125,-0.125,0,-0.0625,0.0625,0
10/31/2023 8:48,-0.125,-0.125,0,-0.0625,0.0625,0
10/31/2023 10:48,-0.125,-0.125,0,-0.0625,0.0625,0
10/31/2023 12:48,-0.125,-0.125,0,-0.0625,0.0625,0
10/31/2023 14:48,-0.125,-0.125,0,-0.0625,0.0625,0
10/31/2023 16:48,-0.125,-0.0625,0,-0.0625,0.0625,0
10/31/2023 18:48,-0.125,-0.125,0,-0.0625,0.0625,0
10/31/2023 20:48,-0.0625,-0.125,0,-0.0625,0.0625,0
10/31/2023 22:48,-0.125,-0.125,0,-0.0625,0.0625,0
11/1/2023 0:48,-0.125,-0.125,0,-0.0625,0.0625,0
11/1/2023 2:48,-0.125,-0.0625,0,-0.0625,0.0625,0
11/1/2023 4:48,-0.125,-0.0625,0,-0.0625,0.0625,0
11/1/2023 6:48,-0.125,-0.125,0,-0.0625,0.0625,0
11/1/2023 8:48,-0.125,-0.125,0,-0.0625,0.0625,0
11/1/2023 10:48,-0.125,-0.125,0,-0.0625,0.0625,0
11/1/2023 12:48,-0.125,-0.125,0,-0.0625,0.0625,0
11/1/2023 14:48,-0.125,-0.125,0,-0.0625,0.0625,0
11/1/2023 16:48,-0.0625,-0.125,0,-0.0625,0.0625,0
11/1/2023 18:48,-0.125,-0.125,0.0625,-0.0625,0.0625,-0.0625
11/1/2023 20:48,-0.125,-0.125,0,-0.0625,0.0625,0
11/1/2023 22:48,-0.125,-0.0625,0,-0.0625,0.0625,0
11/2/2023 0:48,-0.125,-0.125,0,-0.0625,0.0625,0
11/2/2023 2:48,-0.125,-0.125,0,-0.0625,0.0625,0
11/2/2023 4:48,-0.125,-0.125,0,-0.0625,0.0625,0
11/2/2023 6:48,-0.125,-0.125,0,-0.0625,0.125,0
11/2/2023 8:48,-0.125,-0.125,0,-0.0625,0.0625,0
11/2/2023 10:48,-0.125,-0.0625,0,-0.0625,0.0625,0
11/2/2023 12:48,-0.125,-0.125,0,-0.0625,0.0625,0
11/2/2023 14:48,-0.125,-0.125,0,-0.0625,0.0625,0
11/2/2023 16:48,-0.125,-0.125,0,-0.0625,0.0625,0
11/2/2023 18:48,-0.125,-0.125,0,-0.0625,0.0625,0
11/2/2023 20:48,-0.125,-0.125,0,-0.0625,0.0625,0
11/2/2023 22:48,-0.125,-0.125,0,-0.0625,0.0625,0
11/3/2023 0:48,-0.125,-0.0625,0,-0.0625,0.0625,0
11/3/2023 2:48,-0.125,-0.125,0,-0.0625,0.0625,0
11/3/2023 4:48,-0.125,-0.125,0,-0.0625,0.0625,0
11/3/2023 6:48,-0.125,-0.125,0,-0.0625,0.0625,0
11/3/2023 8:48,-0.125,-0.125,0,-0.0625,0.0625,0
11/3/2023 10:48,-0.125,-0.125,0,-0.0625,0.0625,0
11/3/2023 12:48,-0.125,-0.0625,0,-0.0625,0.0625,0
11/3/2023 14:48,-0.125,-0.125,0,-0.0625,0.0625,0
11/3/2023 16:48,-0.1875,-0.125,0,-0.0625,0.0625,0
11/3/2023 18:48,-0.125,-0.125,0,-0.0625,0.0625,0
11/3/2023 20:48,-0.125,-0.125,0,-0.0625,0.0625,0
11/3/2023 22:48,-0.125,-0.125,0,-0.0625,0.0625,0
11/4/2023 0:48,-0.1875,-0.125,0.0625,-0.0625,0.0625,0
11/4/2023 2:48,-0.1875,-0.0625,0,-0.0625,0.0625,0
11/4/2023 4:48,-0.1875,-0.125,0,-0.0625,0.0625,-0.0625
11/4/2023 6:48,-0.1875,-0.125,0,-0.0625,0.0625,0
11/4/2023 8:48,-0.1875,-0.125,0,-0.0625,0.0625,0
11/4/2023 10:48,-0.1875,-0.125,0,-0.0625,0.0625,0
11/4/2023 12:48,-0.1875,-0.125,0,-0.0625,0.0625,0
11/4/2023 14:48,-0.1875,-0.125,0,-0.0625,0.0625,0
11/4/2023 16:48,-0.1875,-0.125,0,-0.0625,0.0625,0
11/4/2023 18:48,-0.1875,-0.125,0,-0.0625,0.0625,0
11/4/2023 20:48,-0.1875,-0.125,0,0,0.0625,0
11/4/2023 22:48,-0.1875,-0.125,0.0625,-0.0625,0.0625,0
11/5/2023 0:48,-0.1875,-0.125,0,-0.0625,0.0625,0
11/5/2023 2:48,-0.1875,-0.125,0,-0.0625,0.0625,0
11/5/2023 4:48,-0.1875,-0.125,0,-0.0625,0.0625,0
11/5/2023 6:48,-0.1875,-0.125,0,-0.0625,0.0625,0
11/5/2023 8:48,-0.1875,-0.125,0,-0.0625,0.0625,0
11/5/2023 10:48,-0.1875,-0.125,0,-0.0625,0.0625,0
11/5/2023 12:48,-0.25,-0.125,0,-0.0625,0.0625,0
11/5/2023 14:48,-0.1875,-0.125,0,-0.0625,0.0625,0
11/5/2023 16:48,-0.25,-0.125,0,-0.0625,0.0625,0
11/5/2023 18:48,-0.25,-0.125,0,-0.0625,0.0625,0
11/5/2023 20:48,-0.25,-0.125,0,-0.0625,0.0625,0
11/5/2023 22:48,-0.25,-0.125,0,-0.0625,0.0625,0
11/6/2023 0:48,-0.25,-0.125,0,-0.0625,0.0625,-0.0625
11/6/2023 2:48,-0.25,-0.125,0,-0.0625,0.0625,0
11/6/2023 4:48,-0.25,-0.125,0,-0.0625,0.0625,-0.0625
11/6/2023 6:48,-0.25,-0.125,0,-0.0625,0.0625,0
11/6/2023 8:48,-0.25,-0.125,0,-0.0625,0.0625,0
11/6/2023 10:48,-0.25,-0.125,0,-0.0625,0.0625,0
11/6/2023 12:48,-0.25,-0.125,0,-0.0625,0.0625,0
11/6/2023 14:48,-0.25,-0.125,0,-0.0625,0.0625,0
11/6/2023 16:48,-0.25,-0.1875,0,-0.0625,0.0625,0
11/6/2023 18:48,-0.25,-0.125,0,-0.0625,0.0625,0
11/6/2023 20:48,-0.3125,-0.125,0,-0.0625,0.0625,0
11/6/2023 22:48,-0.25,-0.125,0,-0.0625,0.0625,0
11/7/2023 0:48,-0.25,-0.125,0,-0.0625,0.0625,0
11/7/2023 2:48,-0.25,-0.125,0,-0.0625,0.0625,0
11/7/2023 4:48,-0.25,-0.125,0,-0.0625,0.0625,0
11/7/2023 6:48,-0.25,-0.1875,0,-0.0625,0.0625,0
11/7/2023 8:48,-0.3125,-0.125,0.0625,-0.0625,0.0625,0
11/7/2023 10:48,-0.3125,-0.125,0,-0.0625,0.0625,-0.0625
11/7/2023 12:48,-0.25,-0.1875,0,-0.0625,0.0625,0
11/7/2023 14:48,-0.3125,-0.1875,0,-0.0625,0.0625,0
11/7/2023 16:48,-0.3125,-0.125,0,-0.0625,0.0625,0
11/7/2023 18:48,-0.3125,-0.1875,0,-0.0625,0.0625,0
11/7/2023 20:48,-0.3125,-0.125,0,-0.0625,0.0625,0
11/7/2023 22:48,-0.3125,-0.125,0,-0.0625,0.0625,0
11/8/2023 0:48,-0.3125,-0.1875,0,-0.0625,0.0625,0
11/8/2023 2:48,-0.3125,-0.1875,0,-0.0625,0.0625,0
11/8/2023 4:48,-0.3125,-0.125,0,-0.0625,0.0625,0
11/8/2023 6:48,-0.3125,-0.1875,0,-0.0625,0.0625,0
11/8/2023 8:48,-0.375,-0.1875,0,-0.0625,0.0625,0
11/8/2023 10:48,-0.3125,-0.1875,0,-0.0625,0.0625,0
11/8/2023 12:48,-0.375,-0.1875,0,-0.0625,0.0625,0
11/8/2023 14:48,-0.3125,-0.1875,0,-0.0625,0.0625,0
11/8/2023 16:48,-0.3125,-0.1875,0,-0.0625,0.0625,0
11/8/2023 18:48,-0.3125,-0.125,0,-0.0625,0.0625,0
11/8/2023 20:48,-0.3125,-0.1875,0,-0.0625,0.0625,0
11/8/2023 22:48,-0.375,-0.125,0,-0.0625,0.0625,0
11/9/2023 0:48,-0.375,-0.1875,0,-0.0625,0.0625,0
11/9/2023 2:48,-0.375,-0.1875,0,-0.0625,0.0625,0
11/9/2023 4:48,-0.375,-0.1875,0,-0.0625,0.0625,0
11/9/2023 6:48,-0.375,-0.1875,0,-0.0625,0.0625,-0.0625
11/9/2023 8:48,-0.375,-0.1875,0,-0.0625,0.0625,0
11/9/2023 10:48,-0.375,-0.1875,0,-0.0625,0.0625,0
11/9/2023 12:48,-0.375,-0.1875,0,-0.0625,0.125,-0.0625
11/9/2023 14:48,-0.375,-0.1875,0,-0.0625,0.0625,-0.0625
11/9/2023 16:48,-0.375,-0.1875,0,-0.0625,0.0625,0
11/9/2023 18:48,-0.375,-0.1875,0,-0.0625,0.0625,0
11/9/2023 20:48,-0.3125,-0.1875,0,-0.0625,0.0625,0
11/9/2023 22:48,-0.3125,-0.1875,0,-0.0625,0.0625,0
11/10/2023 0:48,-0.3125,-0.1875,0,-0.0625,0.0625,0
11/10/2023 2:48,-0.375,-0.1875,0,-0.0625,0.0625,0
11/10/2023 4:48,-0.3125,-0.1875,0,-0.0625,0.0625,0
11/10/2023 6:48,-0.3125,-0.1875,0,-0.0625,0.0625,0
11/10/2023 8:48,-0.3125,-0.1875,0,-0.0625,0.0625,0
11/10/2023 10:48,-0.3125,-0.1875,0,-0.0625,0.0625,0
11/10/2023 12:48,-0.3125,-0.125,0,-0.0625,0.0625,0
11/10/2023 14:48,-0.3125,-0.1875,0,-0.0625,0.0625,0
11/10/2023 16:48,-0.3125,-0.1875,0,-0.0625,0.0625,0
11/10/2023 18:48,-0.3125,-0.1875,0,-0.0625,0.0625,0
11/10/2023 20:48,-0.3125,-0.1875,0,-0.0625,0.0625,0
11/10/2023 22:48,-0.3125,-0.1875,0,-0.0625,0.0625,0
11/11/2023 0:48,-0.3125,-0.125,0,-0.0625,0.0625,0
11/11/2023 2:48,-0.3125,-0.1875,0,-0.0625,0.0625,-0.0625
11/11/2023 4:48,-0.3125,-0.1875,0,-0.0625,0.0625,0
11/11/2023 6:48,-0.3125,-0.1875,0,-0.0625,0.0625,0
11/11/2023 8:48,-0.3125,-0.1875,0,-0.0625,0.0625,0
11/11/2023 10:48,-0.3125,-0.1875,0,-0.0625,0.0625,0
11/11/2023 12:48,-0.3125,-0.1875,0,-0.0625,0.0625,0
11/11/2023 14:48,-0.3125,-0.1875,0,-0.0625,0.0625,-0.0625
11/11/2023 16:48,-0.3125,-0.1875,0,-0.0625,0.0625,0
11/11/2023 18:48,-0.3125,-0.1875,0,-0.0625,0.0625,0
11/11/2023 20:48,-0.3125,-0.1875,0,-0.0625,0.0625,0
11/11/2023 22:48,-0.3125,-0.1875,0,-0.0625,0.0625,0
11/12/2023 0:48,-0.3125,-0.1875,0,-0.0625,0.0625,0
11/12/2023 2:48,-0.3125,-0.1875,0,-0.0625,0.0625,0
11/12/2023 4:48,-0.3125,-0.1875,0,-0.0625,0.0625,-0.0625
11/12/2023 6:48,-0.3125,-0.1875,0,-0.0625,0.0625,0
11/12/2023 8:48,-0.3125,-0.1875,0,-0.0625,0.0625,0
11/12/2023 10:48,-0.3125,-0.1875,0,-0.0625,0.0625,0
11/12/2023 12:48,-0.3125,-0.1875,0,-0.0625,0.0625,-0.0625
11/12/2023 14:48,-0.3125,-0.1875,0,-0.0625,0.0625,0
11/12/2023 16:48,-0.3125,-0.1875,0,-0.0625,0.0625,-0.0625
11/12/2023 18:48,-0.3125,-0.1875,0,-0.0625,0.0625,0
11/12/2023 20:48,-0.3125,-0.1875,0,-0.0625,0.0625,0
11/12/2023 22:48,-0.3125,-0.1875,0,-0.0625,0.0625,0
11/13/2023 0:48,-0.3125,-0.1875,0,-0.0625,0.0625,0
11/13/2023 2:48,-0.3125,-0.1875,0,-0.0625,0.0625,-0.0625
11/13/2023 4:48,-0.3125,-0.1875,0,-0.0625,0.0625,0
11/13/2023 6:48,-0.375,-0.1875,0,-0.0625,0.0625,0
11/13/2023 8:48,-0.3125,-0.1875,0,-0.0625,0.0625,0
11/13/2023 10:48,-0.3125,-0.1875,0,-0.0625,0.0625,0
11/13/2023 12:48,-0.3125,-0.1875,0,-0.0625,0.0625,0
11/13/2023 14:48,-0.3125,-0.1875,0,-0.0625,0.0625,0
11/13/2023 16:48,-0.3125,-0.1875,0,-0.0625,0.0625,0
11/13/2023 18:48,-0.3125,-0.1875,0,-0.0625,0.0625,0
11/13/2023 20:48,-0.3125,-0.1875,0,-0.0625,0.0625,0
11/13/2023 22:48,-0.375,-0.1875,0,-0.0625,0.0625,0
11/14/2023 0:48,-0.3125,-0.1875,0,-0.0625,0.0625,-0.0625
11/14/2023 2:48,-0.375,-0.1875,0,-0.0625,0.0625,0
11/14/2023 4:48,-0.375,-0.1875,0,-0.0625,0.0625,0
11/14/2023 6:48,-0.375,-0.1875,0,-0.0625,0.0625,0
11/14/2023 8:48,-0.4375,-0.1875,0,-0.0625,0.0625,0
11/14/2023 10:48,-0.4375,-0.25,0,-0.0625,0.0625,0
11/14/2023 12:48,-0.4375,-0.1875,0,-0.0625,0.0625,0
11/14/2023 14:48,-0.4375,-0.1875,0,-0.0625,0.0625,0
11/14/2023 16:48,-0.4375,-0.1875,0,-0.0625,0.0625,0
11/14/2023 18:48,-0.4375,-0.1875,0,-0.0625,0.0625,0
11/14/2023 20:48,-0.375,-0.1875,0,-0.0625,0.0625,0
11/14/2023 22:48,-0.4375,-0.1875,0,-0.0625,0.0625,0
11/15/2023 0:48,-0.375,-0.1875,0,-0.0625,0.0625,-0.0625
11/15/2023 2:48,-0.375,-0.1875,0,-0.0625,0.0625,-0.0625
11/15/2023 4:48,-0.4375,-0.1875,0,-0.0625,0.0625,-0.0625
11/15/2023 6:48,-0.4375,-0.1875,0,-0.0625,0.0625,0
11/15/2023 8:48,-0.4375,-0.25,0,-0.0625,0.0625,-0.0625
11/15/2023 10:48,-0.4375,-0.25,0,-0.0625,0.0625,0
11/15/2023 12:48,-0.4375,-0.25,0,-0.0625,0.0625,0
11/15/2023 14:48,-0.4375,-0.25,0,-0.0625,0.0625,0
11/15/2023 16:48,-0.4375,-0.25,0,-0.0625,0.0625,-0.0625
11/15/2023 18:48,-0.4375,-0.1875,0,-0.0625,0.0625,0
11/15/2023 20:48,-0.5,-0.25,0,-0.0625,0.125,0
11/15/2023 22:48,-0.4375,-0.25,0,-0.0625,0.0625,0
11/16/2023 0:48,-0.5,-0.25,0,-0.0625,0.0625,0
11/16/2023 2:48,-0.4375,-0.25,0,-0.0625,0.0625,0
11/16/2023 4:48,-0.5,-0.25,0,-0.0625,0.0625,0
11/16/2023 6:48,-0.5,-0.25,0,-0.0625,0.0625,0
11/16/2023 8:48,-0.5,-0.25,0,-0.0625,0.0625,0
11/16/2023 10:48,-0.5,-0.25,0,-0.0625,0.0625,0
11/16/2023 12:48,-0.5,-0.1875,0,-0.0625,0.0625,0
11/16/2023 14:48,-0.5,-0.25,0,-0.0625,0.0625,0
11/16/2023 16:48,-0.5,-0.25,0,-0.0625,0.0625,0
11/16/2023 18:48,-0.5,-0.25,0,-0.0625,0.0625,0
11/16/2023 20:48,-0.5,-0.25,0,-0.0625,0.0625,-0.0625
11/16/2023 22:48,-0.5,-0.25,0,-0.0625,0.0625,0
11/17/2023 0:48,-0.5,-0.25,0,-0.0625,0.0625,0
11/17/2023 2:48,-0.5,-0.25,0,-0.0625,0.0625,0
11/17/2023 4:48,-0.5,-0.25,0,-0.0625,0.0625,0
11/17/2023 6:48,-0.5,-0.25,0,-0.0625,0.0625,0
11/17/2023 8:48,-0.5625,-0.25,0,-0.0625,0.0625,0
11/17/2023 10:48,-0.5625,-0.25,0,-0.0625,0.0625,0
11/17/2023 12:48,-0.5625,-0.25,0,-0.0625,0.0625,0
11/17/2023 14:48,-0.5625,-0.25,0,-0.0625,0.0625,0
11/17/2023 16:48,-0.5625,-0.25,0,-0.0625,0.0625,0
11/17/2023 18:48,-0.5625,-0.25,0,-0.0625,0.0625,-0.0625
11/17/2023 20:48,-0.5625,-0.25,0,-0.0625,0.0625,0
11/17/2023 22:48,-0.5625,-0.25,0,-0.0625,0.0625,0
11/18/2023 0:48,-0.5625,-0.3125,0,-0.0625,0.0625,0
11/18/2023 2:48,-0.5625,-0.25,0,-0.0625,0.0625,0
11/18/2023 4:48,-0.5625,-0.25,0,-0.0625,0.0625,0
11/18/2023 6:48,-0.5625,-0.3125,0,-0.0625,0.0625,0
11/18/2023 8:48,-0.5625,-0.3125,0,-0.0625,0.0625,0
11/18/2023 10:48,-0.625,-0.3125,0,-0.0625,0.0625,0
11/18/2023 12:48,-0.625,-0.3125,0,-0.0625,0.0625,0
11/18/2023 14:48,-0.625,-0.3125,0,-0.0625,0.0625,0
11/18/2023 16:48,-0.625,-0.3125,0,-0.0625,0.0625,0
11/18/2023 18:48,-0.625,-0.3125,0,-0.0625,0.0625,0
11/18/2023 20:48,-0.6875,-0.3125,0,-0.0625,0.0625,0
11/18/2023 22:48,-0.6875,-0.3125,0,-0.0625,0.0625,0
11/19/2023 0:48,-0.6875,-0.3125,0,-0.0625,0.0625,0
11/19/2023 2:48,-0.6875,-0.3125,0,-0.0625,0.0625,-0.0625
11/19/2023 4:48,-0.6875,-0.3125,0,-0.0625,0.0625,0
11/19/2023 6:48,-0.6875,-0.3125,0,-0.0625,0.0625,0
11/19/2023 8:48,-0.6875,-0.3125,0,-0.0625,0.0625,-0.0625
11/19/2023 10:48,-0.6875,-0.3125,0,-0.0625,0.0625,0
11/19/2023 12:48,-0.6875,-0.3125,0,-0.0625,0.0625,0
11/19/2023 14:48,-0.6875,-0.3125,0,-0.0625,0.0625,0
11/19/2023 16:48,-0.6875,-0.3125,0,-0.0625,0.0625,0
11/19/2023 18:48,-0.6875,-0.375,0,-0.0625,0.0625,0
11/19/2023 20:48,-0.6875,-0.3125,0,-0.0625,0.0625,0
11/19/2023 22:48,-0.6875,-0.375,0,-0.0625,0.0625,0
11/20/2023 0:48,-0.6875,-0.3125,0,-0.0625,0.0625,0
11/20/2023 2:48,-0.6875,-0.3125,0,-0.0625,0.0625,0
11/20/2023 4:48,-0.6875,-0.3125,0,-0.0625,0.0625,0
11/20/2023 6:48,-0.6875,-0.3125,0,-0.0625,0.0625,0
11/20/2023 8:48,-0.6875,-0.375,0,-0.0625,0.0625,-0.0625
11/20/2023 10:48,-0.6875,-0.3125,0,-0.0625,0.0625,0
11/20/2023 12:48,-0.625,-0.3125,0,-0.0625,0.0625,0
11/20/2023 14:48,-0.625,-0.3125,0,-0.0625,0.0625,0
11/20/2023 16:48,-0.625,-0.3125,0,-0.0625,0.0625,-0.0625
11/20/2023 18:48,-0.625,-0.3125,0,-0.0625,0.0625,0
11/20/2023 20:48,-0.625,-0.3125,0,-0.0625,0.0625,0
11/20/2023 22:48,-0.5625,-0.3125,0,-0.0625,0.0625,-0.0625
11/21/2023 0:48,-0.5625,-0.3125,0,-0.0625,0.0625,0
11/21/2023 2:48,-0.625,-0.3125,0,-0.0625,0.0625,-0.0625
11/21/2023 4:48,-0.5625,-0.3125,0,-0.0625,0.0625,0
11/21/2023 6:48,-0.5625,-0.3125,0,-0.0625,0.0625,0
11/21/2023 8:48,-0.625,-0.3125,0,-0.125,0.0625,0
11/21/2023 10:48,-0.5625,-0.3125,0,-0.0625,0.0625,0
11/21/2023 12:48,-0.625,-0.3125,0,-0.0625,0.0625,-0.0625
11/21/2023 14:48,-0.625,-0.3125,0,-0.0625,0.0625,0
11/21/2023 16:48,-0.5625,-0.3125,0,-0.0625,0.0625,0
11/21/2023 18:48,-0.625,-0.3125,0,-0.0625,0.0625,0
11/21/2023 20:48,-0.5625,-0.3125,0,-0.0625,0.0625,0
11/21/2023 22:48,-0.5625,-0.3125,0,-0.0625,0.0625,0
11/22/2023 0:48,-0.5625,-0.3125,0,-0.0625,0.0625,-0.0625
11/22/2023 2:48,-0.5625,-0.3125,0,-0.0625,0.0625,0
11/22/2023 4:48,-0.5625,-0.3125,0,-0.0625,0.0625,-0.0625
11/22/2023 6:48,-0.5625,-0.3125,0,-0.0625,0.0625,0
11/22/2023 8:48,-0.5625,-0.3125,0,-0.0625,0.0625,0
11/22/2023 10:48,-0.5625,-0.3125,0,-0.0625,0.0625,0
11/22/2023 12:48,-0.5625,-0.3125,0,-0.0625,0.0625,-0.0625
11/22/2023 14:48,-0.5625,-0.3125,0,-0.0625,0.0625,0
11/22/2023 16:48,-0.5625,-0.3125,0,-0.0625,0.0625,0
11/22/2023 18:48,-0.5625,-0.3125,0,-0.0625,0.0625,0
11/22/2023 20:48,-0.5625,-0.3125,0,-0.0625,0.0625,0
11/22/2023 22:48,-0.5625,-0.3125,0,-0.0625,0.0625,0
11/23/2023 0:48,-0.5625,-0.3125,0,-0.0625,0.0625,0
11/23/2023 2:48,-0.5625,-0.3125,0,-0.0625,0.0625,0
11/23/2023 4:48,-0.5625,-0.3125,0,-0.0625,0.0625,0
11/23/2023 6:48,-0.5,-0.3125,0,-0.0625,0.0625,0
11/23/2023 8:48,-0.5,-0.3125,0,-0.0625,0.0625,0
11/23/2023 10:48,-0.5,-0.3125,0,-0.0625,0.0625,0
11/23/2023 12:48,-0.5,-0.25,0,-0.0625,0.0625,0
11/23/2023 14:48,-0.4375,-0.3125,0,-0.0625,0.0625,0
11/23/2023 16:48,-0.4375,-0.25,0,-0.0625,0.0625,0
11/23/2023 18:48,-0.4375,-0.25,0,-0.0625,0.0625,-0.0625
11/23/2023 20:48,-0.4375,-0.3125,0,-0.0625,0.0625,0
11/23/2023 22:48,-0.4375,-0.25,0,-0.0625,0.0625,0
11/24/2023 0:48,-0.4375,-0.25,0,-0.0625,0.0625,-0.0625
11/24/2023 2:48,-0.4375,-0.25,0,-0.0625,0.0625,0
11/24/2023 4:48,-0.4375,-0.25,0,-0.0625,0.0625,-0.0625
11/24/2023 6:48,-0.4375,-0.25,0,-0.0625,0.0625,0
11/24/2023 8:48,-0.4375,-0.25,0,-0.0625,0.0625,0
11/24/2023 10:48,-0.4375,-0.25,0,-0.0625,0.0625,0
11/24/2023 12:48,-0.4375,-0.25,0,-0.0625,0.0625,0
11/24/2023 14:48,-0.4375,-0.3125,0,-0.0625,0.0625,0
11/24/2023 16:48,-0.4375,-0.25,0,-0.0625,0.0625,0
11/24/2023 18:48,-0.5,-0.25,0,-0.0625,0.0625,0
11/24/2023 20:48,-0.5,-0.25,0,-0.0625,0.0625,0
11/24/2023 22:48,-0.4375,-0.25,0,-0.0625,0.0625,-0.0625
11/25/2023 0:48,-0.5,-0.3125,0,-0.0625,0.0625,0
11/25/2023 2:48,-0.4375,-0.25,0,-0.0625,0.0625,0
11/25/2023 4:48,-0.4375,-0.25,0,-0.0625,0.0625,0
11/25/2023 6:48,-0.4375,-0.25,0,-0.0625,0.0625,0
11/25/2023 8:48,-0.4375,-0.25,0,-0.0625,0.0625,0
11/25/2023 10:48,-0.4375,-0.25,0,-0.0625,0.0625,0
11/25/2023 12:48,-0.4375,-0.25,0,-0.0625,0.0625,0
11/25/2023 14:48,-0.4375,-0.25,0,-0.0625,0.0625,0
11/25/2023 16:48,-0.4375,-0.3125,0,-0.0625,0.0625,-0.0625
11/25/2023 18:48,-0.4375,-0.25,0,-0.0625,0.0625,0
11/25/2023 20:48,-0.4375,-0.25,0,-0.0625,0.0625,0
11/25/2023 22:48,-0.4375,-0.25,0,-0.0625,0.0625,0
11/26/2023 0:48,-0.4375,-0.25,0,-0.0625,0.0625,0
11/26/2023 2:48,-0.4375,-0.25,0,-0.0625,0.0625,0
11/26/2023 4:48,-0.4375,-0.25,0,-0.0625,0.0625,0
11/26/2023 6:48,-0.5,-0.3125,0,-0.0625,0.0625,0
11/26/2023 8:48,-0.4375,-0.25,0,-0.0625,0.0625,0
11/26/2023 10:48,-0.4375,-0.25,0,-0.0625,0.0625,-0.0625
11/26/2023 12:48,-0.4375,-0.25,0,-0.0625,0.0625,0
11/26/2023 14:48,-0.4375,-0.3125,0,-0.0625,0.0625,-0.0625
11/26/2023 16:48,-0.4375,-0.25,0,-0.0625,0.0625,0
11/26/2023 18:48,-0.5,-0.3125,0,-0.0625,0.0625,0
11/26/2023 20:48,-0.4375,-0.3125,0,-0.0625,0.0625,0
11/26/2023 22:48,-0.5,-0.3125,0,-0.0625,0.0625,-0.0625
11/27/2023 0:48,-0.5,-0.3125,0,-0.0625,0.0625,0
11/27/2023 2:48,-0.5,-0.3125,0,-0.0625,0.0625,0
11/27/2023 4:48,-0.5,-0.3125,0,-0.0625,0.0625,0
11/27/2023 6:48,-0.5,-0.25,0,-0.0625,0.0625,0
11/27/2023 8:48,-0.5,-0.3125,0,-0.0625,0.0625,0
11/27/2023 10:48,-0.5,-0.25,0,-0.0625,0.0625,0
11/27/2023 12:48,-0.4375,-0.3125,0,-0.0625,0.0625,0
11/27/2023 14:48,-0.4375,-0.3125,0,-0.0625,0.0625,0
11/27/2023 16:48,-0.4375,-0.3125,0,-0.0625,0.0625,0
11/27/2023 18:48,-0.4375,-0.25,0,-0.0625,0.0625,0
11/27/2023 20:48,-0.4375,-0.25,0,-0.0625,0.0625,0
11/27/2023 22:48,-0.4375,-0.25,0,-0.0625,0.0625,0
11/28/2023 0:48,-0.4375,-0.25,0,-0.0625,0.0625,0
11/28/2023 2:48,-0.4375,-0.25,0,-0.0625,0.0625,0
11/28/2023 4:48,-0.375,-0.25,0,-0.0625,0.0625,-0.0625
11/28/2023 6:48,-0.4375,-0.25,0,-0.0625,0.0625,0
11/28/2023 8:48,-0.375,-0.25,0,-0.0625,0.0625,0
11/28/2023 10:48,-0.375,-0.25,0,-0.0625,0.0625,-0.0625
11/28/2023 12:48,-0.375,-0.25,0,-0.0625,0.0625,0
11/28/2023 14:48,-0.375,-0.25,0,-0.0625,0.0625,0
11/28/2023 16:48,-0.375,-0.25,0,-0.0625,0.0625,-0.0625
11/28/2023 18:48,-0.375,-0.25,0,-0.0625,0.0625,0
11/28/2023 20:48,-0.375,-0.25,0,-0.0625,0.0625,0
11/28/2023 22:48,-0.375,-0.25,0,-0.0625,0.0625,0
11/29/2023 0:48,-0.375,-0.25,0,-0.0625,0.0625,0
11/29/2023 2:48,-0.375,-0.25,0,-0.0625,0.0625,0
11/29/2023 4:48,-0.375,-0.25,0,-0.0625,0.0625,-0.0625
11/29/2023 6:48,-0.375,-0.25,0,-0.0625,0.0625,0
11/29/2023 8:48,-0.4375,-0.25,0,-0.0625,0.0625,0
11/29/2023 10:48,-0.375,-0.25,0,-0.0625,0.0625,0
11/29/2023 12:48,-0.4375,-0.25,0,-0.0625,0.0625,0
11/29/2023 14:48,-0.4375,-0.25,0,-0.0625,0.0625,0
11/29/2023 16:48,-0.4375,-0.25,0,-0.0625,0.0625,0
11/29/2023 18:48,-0.375,-0.25,0,-0.0625,0.0625,-0.0625
11/29/2023 20:48,-0.4375,-0.25,0,-0.0625,0.0625,0
11/29/2023 22:48,-0.4375,-0.25,0,-0.0625,0.0625,0
11/30/2023 0:48,-0.4375,-0.25,0,-0.0625,0.0625,-0.0625
11/30/2023 2:48,-0.4375,-0.25,0,-0.0625,0.0625,-0.0625
11/30/2023 4:48,-0.4375,-0.25,0,-0.0625,0.0625,0
11/30/2023 6:48,-0.375,-0.25,0,-0.0625,0.0625,0
11/30/2023 8:48,-0.4375,-0.3125,0,-0.0625,0.0625,0
11/30/2023 10:48,-0.4375,-0.25,0,-0.0625,0.0625,0
11/30/2023 12:48,-0.4375,-0.25,0,-0.0625,0.0625,-0.0625
11/30/2023 14:48,-0.4375,-0.25,0,-0.0625,0.0625,-0.0625
11/30/2023 16:48,-0.4375,-0.25,0,-0.0625,0.0625,0
11/30/2023 18:48,-0.4375,-0.25,0,-0.0625,0.0625,0
11/30/2023 20:48,-0.4375,-0.3125,0,-0.0625,0.0625,0
11/30/2023 22:48,-0.4375,-0.3125,0,-0.0625,0.0625,-0.0625
12/1/2023 0:48,-0.4375,-0.25,0,-0.0625,0.0625,0
12/1/2023 2:48,-0.4375,-0.25,0,-0.0625,0.0625,0
12/1/2023 4:48,-0.5,-0.25,0,-0.0625,0.0625,0
12/1/2023 6:48,-0.4375,-0.25,0,-0.0625,0.0625,0
12/1/2023 8:48,-0.4375,-0.25,0,-0.0625,0.0625,0
12/1/2023 10:48,-0.5,-0.3125,0,-0.0625,0.0625,-0.0625
12/1/2023 12:48,-0.4375,-0.25,0,-0.0625,0.0625,0
12/1/2023 14:48,-0.4375,-0.25,0,-0.0625,0.0625,-0.0625
12/1/2023 16:48,-0.4375,-0.25,0,-0.0625,0.0625,-0.0625
12/1/2023 18:48,-0.4375,-0.25,0,-0.0625,0.0625,0
12/1/2023 20:48,-0.4375,-0.3125,0,-0.0625,0.0625,-0.0625
12/1/2023 22:48,-0.5,-0.3125,0,-0.0625,0.0625,0
12/2/2023 0:48,-0.5,-0.3125,0,-0.0625,0.0625,-0.0625
12/2/2023 2:48,-0.5,-0.3125,0,-0.0625,0.0625,0
12/2/2023 4:48,-0.5,-0.3125,0,-0.0625,0,0
12/2/2023 6:48,-0.5,-0.3125,0,-0.0625,0.0625,0
12/2/2023 8:48,-0.5,-0.3125,0,-0.0625,0.0625,-0.0625
12/2/2023 10:48,-0.5,-0.3125,0,-0.0625,0.0625,0
12/2/2023 12:48,-0.5625,-0.3125,0,-0.0625,0.0625,0
12/2/2023 14:48,-0.5625,-0.3125,0,-0.0625,0.0625,0
12/2/2023 16:48,-0.5625,-0.3125,0,-0.0625,0.0625,0
12/2/2023 18:48,-0.5625,-0.3125,0,-0.0625,0.0625,0
12/2/2023 20:48,-0.5625,-0.3125,0,-0.0625,0.0625,0
12/2/2023 22:48,-0.5625,-0.3125,0,-0.0625,0.0625,-0.0625
12/3/2023 0:48,-0.5625,-0.3125,0,-0.0625,0.0625,0
12/3/2023 2:48,-0.5625,-0.3125,0,-0.0625,0.0625,0
12/3/2023 4:48,-0.625,-0.3125,0,-0.0625,0.0625,0
12/3/2023 6:48,-0.625,-0.3125,0,-0.0625,0.0625,0
12/3/2023 8:48,-0.625,-0.375,0,-0.0625,0.0625,-0.0625
12/3/2023 10:48,-0.625,-0.375,0,-0.0625,0.0625,-0.0625
12/3/2023 12:48,-0.6875,-0.375,0,-0.0625,0.0625,0
12/3/2023 14:48,-0.6875,-0.375,0,-0.0625,0.0625,0
12/3/2023 16:48,-0.6875,-0.375,0,-0.0625,0.0625,0
12/3/2023 18:48,-0.6875,-0.375,0,-0.0625,0.0625,-0.0625
12/3/2023 20:48,-0.75,-0.375,0,-0.0625,0.0625,0
12/3/2023 22:48,-0.75,-0.375,0,-0.0625,0.0625,0
12/4/2023 0:48,-0.75,-0.375,0,-0.0625,0.0625,0
12/4/2023 2:48,-0.75,-0.375,0,-0.0625,0.0625,0
12/4/2023 4:48,-0.75,-0.4375,0,-0.0625,0.0625,-0.0625
12/4/2023 6:48,-0.75,-0.4375,0,-0.0625,0.0625,0
12/4/2023 8:48,-0.8125,-0.4375,0,-0.0625,0.0625,0
12/4/2023 10:48,-0.8125,-0.4375,0,-0.0625,0.0625,0
12/4/2023 12:48,-0.8125,-0.4375,0,-0.0625,0.0625,0
12/4/2023 14:48,-0.8125,-0.4375,0,-0.0625,0.0625,0
12/4/2023 16:48,-0.8125,-0.4375,0,-0.0625,0.0625,-0.0625
12/4/2023 18:48,-0.8125,-0.4375,-0.0625,-0.0625,0.0625,0
12/4/2023 20:48,-0.8125,-0.4375,0,-0.0625,0.0625,0
12/4/2023 22:48,-0.8125,-0.4375,0,-0.0625,0.0625,-0.0625
12/5/2023 0:48,-0.8125,-0.4375,0,-0.0625,0.0625,-0.0625
12/5/2023 2:48,-0.875,-0.4375,-0.0625,-0.0625,0.0625,-0.0625
12/5/2023 4:48,-0.875,-0.4375,0,-0.0625,0.0625,0
12/5/2023 6:48,-0.875,-0.5,0,-0.0625,0.0625,0
12/5/2023 8:48,-0.875,-0.5,0,-0.0625,0.0625,0
12/5/2023 10:48,-0.9375,-0.5,0,-0.0625,0.0625,-0.0625
12/5/2023 12:48,-0.875,-0.5,0,-0.0625,0.0625,0
12/5/2023 14:48,-0.9375,-0.5,0,-0.0625,0.0625,0
12/5/2023 16:48,-0.9375,-0.5,0,-0.0625,0.0625,0
12/5/2023 18:48,-0.9375,-0.5,0,-0.0625,0.0625,0
12/5/2023 20:48,-0.9375,-0.5,-0.0625,-0.0625,0.0625,-0.0625
12/5/2023 22:48,-0.9375,-0.5,-0.0625,-0.0625,0.0625,0
12/6/2023 0:48,-0.875,-0.5,0,-0.0625,0.0625,0
12/6/2023 2:48,-0.875,-0.5,0,-0.0625,0.0625,-0.0625
12/6/2023 4:48,-0.875,-0.5,-0.0625,-0.0625,0.0625,0
12/6/2023 6:48,-0.875,-0.5,-0.0625,-0.0625,0.0625,-0.0625
12/6/2023 8:48,-0.8125,-0.5,-0.0625,-0.0625,0.0625,-0.0625
12/6/2023 10:48,-0.8125,-0.5,0,-0.0625,0.0625,-0.0625
12/6/2023 12:48,-0.8125,-0.5,-0.0625,-0.0625,0.0625,0
12/6/2023 14:48,-0.8125,-0.5,-0.0625,-0.0625,0.0625,0
12/6/2023 16:48,-0.8125,-0.4375,-0.0625,-0.0625,0.0625,0
12/6/2023 18:48,-0.8125,-0.4375,0,-0.0625,0.0625,-0.0625
12/6/2023 20:48,-0.8125,-0.5,-0.0625,-0.0625,0.0625,-0.0625
12/6/2023 22:48,-0.8125,-0.4375,-0.0625,-0.0625,0.0625,0
12/7/2023 0:48,-0.8125,-0.5,-0.0625,-0.0625,0.0625,-0.0625
12/7/2023 2:48,-0.8125,-0.5,-0.0625,-0.0625,0.0625,0
12/7/2023 4:48,-0.8125,-0.5,0,-0.0625,0.0625,0
12/7/2023 6:48,-0.875,-0.5,-0.0625,-0.0625,0.0625,-0.0625
12/7/2023 8:48,-0.875,-0.5,-0.0625,-0.0625,0.0625,-0.0625
12/7/2023 10:48,-0.875,-0.5,-0.0625,-0.0625,0.0625,0
12/7/2023 12:48,-0.875,-0.5,-0.0625,-0.0625,0.0625,0
12/7/2023 14:48,-0.875,-0.5,-0.0625,-0.0625,0.0625,0
12/7/2023 16:48,-0.9375,-0.5,-0.0625,-0.0625,0.0625,0
12/7/2023 18:48,-0.9375,-0.5,0,-0.0625,0.0625,0
12/7/2023 20:48,-0.9375,-0.5625,-0.0625,-0.0625,0.0625,-0.0625
12/7/2023 22:48,-0.9375,-0.5,-0.0625,-0.0625,0.0625,0
12/8/2023 0:48,-0.9375,-0.5,-0.0625,-0.0625,0.0625,-0.0625
12/8/2023 2:48,-0.9375,-0.5625,-0.0625,-0.0625,0.0625,0
12/8/2023 4:48,-0.9375,-0.5625,-0.0625,-0.0625,0.0625,0
12/8/2023 6:48,-1,-0.5625,-0.0625,-0.0625,0.0625,-0.0625
12/8/2023 8:48,-1,-0.5625,-0.0625,-0.0625,0.0625,0
12/8/2023 10:48,-1,-0.5625,-0.0625,-0.0625,0.0625,0
12/8/2023 12:48,-1,-0.5625,-0.0625,-0.0625,0.0625,0
12/8/2023 14:48,-1,-0.5625,-0.0625,-0.0625,0.0625,0
12/8/2023 16:48,-1,-0.5625,-0.0625,-0.0625,0.0625,0
12/8/2023 18:48,-1,-0.5625,-0.0625,-0.0625,0.0625,0
12/8/2023 20:48,-1.0625,-0.5625,-0.0625,-0.0625,0.0625,0
12/8/2023 22:48,-1.0625,-0.625,-0.0625,-0.0625,0.0625,0
12/9/2023 0:48,-1.0625,-0.625,-0.0625,-0.0625,0.0625,0
12/9/2023 2:48,-1.125,-0.625,-0.0625,-0.0625,0.0625,-0.0625
12/9/2023 4:48,-1.125,-0.625,-0.0625,-0.0625,0.0625,0
12/9/2023 6:48,-1.125,-0.625,-0.0625,-0.0625,0.0625,0
12/9/2023 8:48,-1.125,-0.625,-0.0625,-0.0625,0.0625,0
12/9/2023 10:48,-1.125,-0.625,-0.0625,-0.0625,0.0625,0
12/9/2023 12:48,-1.1875,-0.625,-0.0625,-0.0625,0.0625,0
12/9/2023 14:48,-1.1875,-0.6875,-0.0625,-0.0625,0.0625,0
12/9/2023 16:48,-1.1875,-0.6875,-0.0625,-0.0625,0.0625,0
12/9/2023 18:48,-1.1875,-0.6875,-0.0625,-0.0625,0.0625,-0.0625
12/9/2023 20:48,-1.1875,-0.6875,-0.0625,-0.0625,0.0625,-0.0625
12/9/2023 22:48,-1.1875,-0.625,-0.0625,-0.0625,0.0625,0
12/10/2023 0:48,-1.1875,-0.6875,-0.0625,-0.0625,0.0625,0
12/10/2023 2:48,-1.1875,-0.6875,-0.0625,-0.0625,0.0625,-0.0625
12/10/2023 4:48,-1.1875,-0.6875,-0.0625,-0.0625,0.0625,0
12/10/2023 6:48,-1.25,-0.6875,-0.0625,-0.0625,0.0625,-0.0625
12/10/2023 8:48,-1.25,-0.6875,-0.0625,-0.0625,0.0625,0
12/10/2023 10:48,-1.25,-0.6875,-0.0625,-0.0625,0.0625,0
12/10/2023 12:48,-1.25,-0.6875,-0.0625,-0.0625,0.0625,0
12/10/2023 14:48,-1.25,-0.75,-0.0625,-0.0625,0.0625,0
12/10/2023 16:48,-1.3125,-0.6875,-0.0625,-0.0625,0.0625,-0.0625
12/10/2023 18:48,-1.3125,-0.75,-0.0625,-0.0625,0.0625,-0.0625
12/10/2023 20:48,-1.3125,-0.75,-0.0625,-0.0625,0.0625,0
12/10/2023 22:48,-1.3125,-0.6875,-0.0625,-0.0625,0.0625,0
12/11/2023 0:48,-1.3125,-0.75,-0.0625,-0.0625,0.0625,-0.0625
12/11/2023 2:48,-1.375,-0.75,-0.0625,-0.0625,0.0625,-0.0625
12/11/2023 4:48,-1.375,-0.75,-0.0625,-0.0625,0.0625,0
12/11/2023 6:48,-1.375,-0.8125,-0.0625,-0.0625,0.0625,0
12/11/2023 8:48,-1.375,-0.8125,-0.0625,-0.0625,0.0625,0
12/11/2023 10:48,-1.375,-0.8125,-0.0625,-0.0625,0.0625,0
12/11/2023 12:48,-1.375,-0.8125,-0.125,-0.0625,0.0625,0
12/11/2023 14:48,-1.375,-0.8125,-0.0625,-0.0625,0.0625,-0.0625
12/11/2023 16:48,-1.375,-0.8125,-0.125,-0.0625,0.0625,0
12/11/2023 18:48,-1.375,-0.8125,-0.125,-0.0625,0.0625,-0.0625
12/11/2023 20:48,-1.375,-0.8125,-0.125,-0.0625,0.0625,-0.0625
12/11/2023 22:48,-1.375,-0.8125,-0.125,-0.0625,0.0625,0
12/12/2023 0:48,-1.375,-0.8125,-0.0625,-0.0625,0.0625,0
12/12/2023 2:48,-1.375,-0.8125,-0.125,-0.0625,0.0625,-0.0625
12/12/2023 4:48,-1.375,-0.8125,-0.125,-0.0625,0.0625,-0.0625
12/12/2023 6:48,-1.375,-0.8125,-0.0625,-0.0625,0.0625,0
12/12/2023 8:48,-1.375,-0.8125,-0.125,-0.0625,0.0625,-0.0625
12/12/2023 10:48,-1.3125,-0.8125,-0.125,-0.0625,0.0625,0
12/12/2023 12:48,-1.375,-0.8125,-0.125,-0.0625,0.0625,0
12/12/2023 14:48,-1.375,-0.8125,-0.125,-0.0625,0.0625,0
12/12/2023 16:48,-1.3125,-0.8125,-0.125,-0.0625,0.0625,0
12/12/2023 18:48,-1.3125,-0.8125,-0.125,-0.0625,0.0625,0
12/12/2023 20:48,-1.3125,-0.8125,-0.125,-0.0625,0.0625,0
12/12/2023 22:48,-1.3125,-0.8125,-0.125,-0.0625,0.0625,0
12/13/2023 0:48,-1.3125,-0.8125,-0.125,-0.0625,0.0625,0
12/13/2023 2:48,-1.3125,-0.8125,-0.125,-0.0625,0.0625,-0.0625
12/13/2023 4:48,-1.3125,-0.8125,-0.125,-0.0625,0.0625,0
12/13/2023 6:48,-1.3125,-0.75,-0.125,-0.0625,0.0625,-0.0625
12/13/2023 8:48,-1.25,-0.75,-0.125,-0.0625,0.0625,0
12/13/2023 10:48,-1.25,-0.75,-0.125,-0.0625,0.0625,0
12/13/2023 12:48,-1.25,-0.75,-0.125,-0.0625,0.0625,0
12/13/2023 14:48,-1.25,-0.75,-0.125,-0.0625,0.0625,0
12/13/2023 16:48,-1.25,-0.75,-0.125,-0.0625,0.0625,-0.0625
12/13/2023 18:48,-1.1875,-0.75,-0.125,-0.0625,0.0625,0
12/13/2023 20:48,-1.1875,-0.75,-0.125,-0.0625,0.0625,-0.0625
12/13/2023 22:48,-1.1875,-0.75,-0.125,-0.0625,0,0
12/14/2023 0:48,-1.1875,-0.75,-0.125,-0.0625,0.0625,-0.0625
12/14/2023 2:48,-1.1875,-0.75,-0.125,-0.0625,0.0625,0
12/14/2023 4:48,-1.1875,-0.75,-0.125,-0.0625,0.0625,0
12/14/2023 6:48,-1.1875,-0.75,-0.125,-0.0625,0.0625,-0.0625
12/14/2023 8:48,-1.1875,-0.75,-0.125,-0.0625,0.0625,-0.0625
12/14/2023 10:48,-1.125,-0.75,-0.125,-0.0625,0.0625,0
12/14/2023 12:48,-1.1875,-0.75,-0.125,-0.0625,0.0625,0
12/14/2023 14:48,-1.1875,-0.75,-0.125,-0.0625,0.0625,-0.0625
12/14/2023 16:48,-1.1875,-0.6875,-0.125,-0.0625,0.0625,0
12/14/2023 18:48,-1.125,-0.75,-0.125,-0.0625,0.0625,0
12/14/2023 20:48,-1.1875,-0.75,-0.125,-0.0625,0.0625,-0.0625
12/14/2023 22:48,-1.125,-0.75,-0.125,-0.0625,0.0625,0
12/15/2023 0:48,-1.125,-0.75,-0.125,-0.125,0.0625,0
12/15/2023 2:48,-1.125,-0.75,-0.125,-0.0625,0.0625,-0.0625
12/15/2023 4:48,-1.125,-0.75,-0.125,-0.0625,0.0625,0
12/15/2023 6:48,-1.125,-0.75,-0.125,-0.0625,0.0625,0
12/15/2023 8:48,-1.125,-0.6875,-0.125,-0.0625,0.0625,0
12/15/2023 10:48,-1.125,-0.75,-0.125,-0.0625,0.0625,0
12/15/2023 12:48,-1.125,-0.75,-0.125,-0.0625,0.0625,-0.0625
12/15/2023 14:48,-1.125,-0.6875,-0.125,-0.0625,0.0625,0
12/15/2023 16:48,-1.125,-0.6875,-0.125,-0.0625,0.0625,-0.0625
12/15/2023 18:48,-1.0625,-0.6875,-0.125,-0.0625,0.0625,0
12/15/2023 20:48,-1.125,-0.6875,-0.125,-0.0625,0.0625,0
12/15/2023 22:48,-1.0625,-0.6875,-0.125,-0.0625,0.0625,-0.0625
12/16/2023 0:48,-1.0625,-0.6875,-0.125,-0.0625,0.0625,-0.0625
12/16/2023 2:48,-1.0625,-0.6875,-0.125,-0.0625,0.0625,-0.0625
12/16/2023 4:48,-1.125,-0.6875,-0.125,-0.0625,0.0625,-0.0625
12/16/2023 6:48,-1.125,-0.75,-0.125,-0.0625,0.0625,0
12/16/2023 8:48,-1.125,-0.6875,-0.1875,-0.0625,0.0625,0
12/16/2023 10:48,-1.125,-0.75,-0.125,-0.0625,0.0625,-0.0625
12/16/2023 12:48,-1.125,-0.75,-0.125,-0.0625,0.0625,0
12/16/2023 14:48,-1.125,-0.75,-0.125,-0.0625,0.0625,0
12/16/2023 16:48,-1.1875,-0.75,-0.1875,-0.0625,0.0625,0
12/16/2023 18:48,-1.1875,-0.75,-0.125,-0.0625,0.0625,0
12/16/2023 20:48,-1.1875,-0.75,-0.1875,-0.0625,0.0625,-0.0625
12/16/2023 22:48,-1.1875,-0.75,-0.1875,-0.0625,0.0625,0
12/17/2023 0:48,-1.1875,-0.75,-0.1875,-0.0625,0.0625,0
12/17/2023 2:48,-1.25,-0.75,-0.1875,-0.0625,0.0625,-0.0625
12/17/2023 4:48,-1.1875,-0.8125,-0.1875,-0.0625,0.0625,-0.0625
12/17/2023 6:48,-1.1875,-0.75,-0.1875,-0.0625,0.0625,-0.0625
12/17/2023 8:48,-1.25,-0.75,-0.1875,-0.0625,0.0625,0
12/17/2023 10:48,-1.1875,-0.75,-0.1875,-0.0625,0.0625,0
12/17/2023 12:48,-1.1875,-0.8125,-0.1875,-0.0625,0.0625,0
12/17/2023 14:48,-1.1875,-0.75,-0.1875,-0.0625,0.0625,0
12/17/2023 16:48,-1.1875,-0.8125,-0.1875,-0.0625,0.0625,0
12/17/2023 18:48,-1.1875,-0.75,-0.1875,-0.0625,0.0625,0
12/17/2023 20:48,-1.1875,-0.8125,-0.1875,-0.0625,0.0625,0
12/17/2023 22:48,-1.1875,-0.75,-0.1875,-0.0625,0.0625,0
12/18/2023 0:48,-1.1875,-0.75,-0.1875,-0.0625,0.0625,-0.0625
12/18/2023 2:48,-1.1875,-0.8125,-0.1875,-0.0625,0.0625,0
12/18/2023 4:48,-1.125,-0.75,-0.1875,-0.0625,0.0625,0
12/18/2023 6:48,-1.125,-0.6875,-0.1875,-0.0625,0.0625,-0.0625
12/18/2023 8:48,-1.0625,-0.75,-0.1875,-0.0625,0.0625,-0.0625
12/18/2023 10:48,-1.125,-0.75,-0.1875,-0.0625,0.0625,0
12/18/2023 12:48,-1.0625,-0.75,-0.1875,-0.0625,0.0625,-0.0625
12/18/2023 14:48,-1.0625,-0.75,-0.1875,-0.0625,0.0625,0
12/18/2023 16:48,-1.0625,-0.6875,-0.1875,-0.0625,0.0625,-0.0625
12/18/2023 18:48,-1.0625,-0.6875,-0.1875,-0.0625,0.0625,-0.0625
12/18/2023 20:48,-1,-0.6875,-0.1875,-0.0625,0.0625,-0.0625
12/18/2023 22:48,-1,-0.6875,-0.1875,-0.0625,0.0625,0
12/19/2023 0:48,-1,-0.6875,-0.1875,-0.0625,0.0625,0
12/19/2023 2:48,-1,-0.6875,-0.1875,-0.125,0.0625,0
12/19/2023 4:48,-1,-0.6875,-0.1875,-0.0625,0.0625,0
12/19/2023 6:48,-1,-0.6875,-0.1875,-0.0625,0.0625,-0.0625
12/19/2023 8:48,-1.0625,-0.6875,-0.1875,-0.0625,0.0625,-0.0625
12/19/2023 10:48,-1,-0.6875,-0.1875,-0.0625,0.0625,-0.0625
12/19/2023 12:48,-1.0625,-0.6875,-0.1875,-0.0625,0.0625,0
12/19/2023 14:48,-1.0625,-0.6875,-0.1875,-0.0625,0.0625,-0.0625
12/19/2023 16:48,-1.0625,-0.6875,-0.1875,-0.125,0.0625,0
12/19/2023 18:48,-1.0625,-0.6875,-0.1875,-0.0625,0.0625,0
12/19/2023 20:48,-1.0625,-0.6875,-0.1875,-0.0625,0.0625,0
12/19/2023 22:48,-1.0625,-0.6875,-0.1875,-0.0625,0.0625,0
12/20/2023 0:48,-1.0625,-0.6875,-0.1875,-0.0625,0.0625,0
12/20/2023 2:48,-1.125,-0.6875,-0.1875,-0.0625,0.0625,0
12/20/2023 4:48,-1.125,-0.75,-0.1875,-0.0625,0.0625,0
12/20/2023 6:48,-1.125,-0.75,-0.1875,-0.0625,0.0625,0
12/20/2023 8:48,-1.125,-0.75,-0.1875,-0.0625,0.0625,-0.0625
12/20/2023 10:48,-1.125,-0.75,-0.1875,-0.125,0.0625,0
12/20/2023 12:48,-1.125,-0.75,-0.1875,-0.0625,0.0625,-0.0625
12/20/2023 14:48,-1.125,-0.75,-0.1875,-0.0625,0.0625,-0.0625
12/20/2023 16:48,-1.125,-0.75,-0.1875,-0.0625,0.0625,0
12/20/2023 18:48,-1.125,-0.8125,-0.1875,-0.0625,0.0625,-0.0625
12/20/2023 20:48,-1.125,-0.75,-0.1875,-0.0625,0.0625,-0.0625
12/20/2023 22:48,-1.125,-0.75,-0.1875,-0.0625,0.0625,0
12/21/2023 0:48,-1.125,-0.75,-0.1875,-0.0625,0.0625,-0.0625
12/21/2023 2:48,-1.125,-0.75,-0.1875,-0.0625,0.0625,0
12/21/2023 4:48,-1.125,-0.75,-0.1875,-0.0625,0.0625,0
12/21/2023 6:48,-1.125,-0.75,-0.25,-0.0625,0.0625,0
12/21/2023 8:48,-1.125,-0.75,-0.1875,-0.0625,0.0625,-0.0625
12/21/2023 10:48,-1.125,-0.75,-0.1875,-0.0625,0.0625,0
12/21/2023 12:48,-1.125,-0.75,-0.1875,-0.0625,0.0625,0
12/21/2023 14:48,-1.125,-0.75,-0.25,-0.0625,0.0625,-0.0625
12/21/2023 16:48,-1.125,-0.75,-0.1875,-0.125,0.0625,0
12/21/2023 18:48,-1.125,-0.75,-0.1875,-0.0625,0.0625,0
12/21/2023 20:48,-1.125,-0.75,-0.1875,-0.0625,0.0625,-0.0625
12/21/2023 22:48,-1.125,-0.75,-0.1875,-0.0625,0.0625,0
12/22/2023 0:48,-1.125,-0.75,-0.25,-0.0625,0.0625,0
12/22/2023 2:48,-1.125,-0.75,-0.1875,-0.0625,0.0625,-0.0625
12/22/2023 4:48,-1.125,-0.75,-0.1875,-0.0625,0.0625,-0.0625
12/22/2023 6:48,-1.125,-0.75,-0.1875,-0.0625,0.0625,0
12/22/2023 8:48,-1.125,-0.75,-0.1875,-0.0625,0.0625,-0.0625
12/22/2023 10:48,-1.125,-0.8125,-0.1875,-0.0625,0.0625,-0.0625
12/22/2023 12:48,-1.125,-0.75,-0.1875,-0.0625,0.0625,0
12/22/2023 14:48,-1.125,-0.75,-0.1875,-0.0625,0.0625,0
12/22/2023 16:48,-1.125,-0.8125,-0.1875,-0.0625,0.0625,0
12/22/2023 18:48,-1.125,-0.8125,-0.25,-0.0625,0.0625,0
12/22/2023 20:48,-1.125,-0.75,-0.25,-0.0625,0.0625,0
12/22/2023 22:48,-1.1875,-0.75,-0.1875,-0.0625,0.0625,0
12/23/2023 0:48,-1.1875,-0.75,-0.25,-0.0625,0.0625,-0.0625
12/23/2023 2:48,-1.1875,-0.8125,-0.1875,-0.0625,0.0625,0
12/23/2023 4:48,-1.1875,-0.75,-0.25,-0.0625,0.0625,0
12/23/2023 6:48,-1.125,-0.75,-0.25,-0.0625,0.0625,0
12/23/2023 8:48,-1.1875,-0.8125,-0.25,-0.0625,0.0625,-0.0625
12/23/2023 10:48,-1.1875,-0.75,-0.25,-0.0625,0.0625,0
12/23/2023 12:48,-1.1875,-0.8125,-0.25,-0.0625,0.0625,-0.0625
12/23/2023 14:48,-1.125,-0.75,-0.25,-0.0625,0.0625,0
12/23/2023 16:48,-1.125,-0.8125,-0.25,-0.0625,0.0625,0
12/23/2023 18:48,-1.125,-0.8125,-0.25,-0.125,0.0625,-0.0625
12/23/2023 20:48,-1.125,-0.75,-0.25,-0.0625,0.0625,0
12/23/2023 22:48,-1.0625,-0.75,-0.25,-0.0625,0.0625,0
12/24/2023 0:48,-1.0625,-0.75,-0.25,-0.0625,0.0625,-0.0625
12/24/2023 2:48,-1.0625,-0.6875,-0.25,-0.0625,0.0625,0
12/24/2023 4:48,-1.0625,-0.75,-0.25,-0.0625,0.0625,0
12/24/2023 6:48,-1.0625,-0.75,-0.25,-0.0625,0.0625,0
12/24/2023 8:48,-1,-0.75,-0.25,-0.0625,0.0625,-0.0625
12/24/2023 10:48,-1,-0.6875,-0.25,-0.0625,0.0625,-0.0625
12/24/2023 12:48,-1,-0.6875,-0.25,-0.0625,0.0625,-0.0625
12/24/2023 14:48,-0.9375,-0.6875,-0.25,-0.0625,0.0625,-0.0625
12/24/2023 16:48,-0.9375,-0.6875,-0.25,-0.0625,0.0625,-0.0625
12/24/2023 18:48,-0.9375,-0.6875,-0.25,-0.0625,0.0625,-0.0625
12/24/2023 20:48,-0.875,-0.6875,-0.1875,-0.0625,0.0625,0
12/24/2023 22:48,-0.875,-0.6875,-0.1875,-0.0625,0.0625,0
12/25/2023 0:48,-0.875,-0.625,-0.1875,-0.0625,0.0625,-0.0625
12/25/2023 2:48,-0.875,-0.6875,-0.25,-0.0625,0.0625,0
12/25/2023 4:48,-0.875,-0.625,-0.1875,-0.0625,0.0625,-0.0625
12/25/2023 6:48,-0.875,-0.625,-0.1875,-0.0625,0.0625,0
12/25/2023 8:48,-0.875,-0.625,-0.1875,-0.0625,0.0625,0
12/25/2023 10:48,-0.8125,-0.625,-0.1875,-0.125,0.0625,-0.0625
12/25/2023 12:48,-0.875,-0.625,-0.1875,-0.0625,0.0625,-0.0625
12/25/2023 14:48,-0.875,-0.625,-0.1875,-0.0625,0.0625,-0.0625
12/25/2023 16:48,-0.875,-0.625,-0.1875,-0.0625,0.0625,0
12/25/2023 18:48,-0.875,-0.625,-0.25,-0.0625,0.0625,-0.0625
12/25/2023 20:48,-0.875,-0.625,-0.1875,-0.0625,0.0625,0
12/25/2023 22:48,-0.875,-0.625,-0.1875,-0.0625,0.0625,0
12/26/2023 0:48,-0.875,-0.625,-0.1875,-0.0625,0.0625,-0.0625
12/26/2023 2:48,-0.875,-0.625,-0.1875,-0.0625,0.0625,-0.0625
12/26/2023 4:48,-0.875,-0.625,-0.1875,-0.0625,0.0625,0
12/26/2023 6:48,-0.875,-0.625,-0.1875,-0.0625,0.0625,0
12/26/2023 8:48,-0.875,-0.625,-0.1875,-0.0625,0.0625,-0.0625
12/26/2023 10:48,-0.875,-0.625,-0.25,-0.0625,0.0625,0
12/26/2023 12:48,-0.9375,-0.625,-0.25,-0.0625,0.0625,-0.0625
12/26/2023 14:48,-0.9375,-0.6875,-0.1875,-0.0625,0.0625,0
12/26/2023 16:48,-0.9375,-0.6875,-0.1875,-0.125,0.0625,0
12/26/2023 18:48,-1,-0.6875,-0.25,-0.0625,0.0625,0
12/26/2023 20:48,-1,-0.6875,-0.1875,-0.0625,0.0625,-0.0625
12/26/2023 22:48,-1,-0.6875,-0.1875,-0.0625,0.0625,0
12/27/2023 0:48,-0.9375,-0.6875,-0.25,-0.0625,0.0625,0
12/27/2023 2:48,-1,-0.6875,-0.1875,-0.0625,0.0625,-0.0625
12/27/2023 4:48,-1,-0.6875,-0.25,-0.0625,0.0625,-0.0625
12/27/2023 6:48,-1,-0.6875,-0.25,-0.125,0.0625,0
12/27/2023 8:48,-1,-0.6875,-0.25,-0.0625,0.0625,0
12/27/2023 10:48,-1,-0.75,-0.25,-0.0625,0.0625,-0.0625
12/27/2023 12:48,-1,-0.6875,-0.25,-0.0625,0.0625,-0.0625
12/27/2023 14:48,-1,-0.75,-0.25,-0.0625,0.0625,0
12/27/2023 16:48,-1,-0.6875,-0.25,-0.0625,0.0625,0
12/27/2023 18:48,-1.0625,-0.75,-0.25,-0.125,0.0625,-0.0625
12/27/2023 20:48,-1.0625,-0.6875,-0.25,-0.0625,0.0625,-0.0625
12/27/2023 22:48,-1.0625,-0.75,-0.25,-0.0625,0.0625,0
12/28/2023 0:48,-1.0625,-0.75,-0.25,-0.0625,0.0625,0
12/28/2023 2:48,-1.0625,-0.75,-0.25,-0.0625,0.0625,-0.0625
12/28/2023 4:48,-1.125,-0.75,-0.25,-0.0625,0.0625,-0.0625
12/28/2023 6:48,-1.125,-0.75,-0.25,-0.0625,0.0625,-0.0625
12/28/2023 8:48,-1.125,-0.8125,-0.25,-0.0625,0.0625,-0.0625
12/28/2023 10:48,-1.125,-0.8125,-0.25,-0.0625,0.0625,0
12/28/2023 12:48,-1.125,-0.75,-0.25,-0.0625,0.0625,0
12/28/2023 14:48,-1.125,-0.75,-0.25,-0.0625,0.0625,0
12/28/2023 16:48,-1.125,-0.8125,-0.25,-0.0625,0,-0.0625
12/28/2023 18:48,-1.125,-0.8125,-0.25,-0.0625,0.0625,0
12/28/2023 20:48,-1.125,-0.8125,-0.25,-0.0625,0.0625,-0.0625
12/28/2023 22:48,-1.125,-0.8125,-0.3125,-0.0625,0.0625,0
12/29/2023 0:48,-1.1875,-0.8125,-0.3125,-0.0625,0.0625,0
12/29/2023 2:48,-1.1875,-0.8125,-0.25,-0.0625,0.0625,0
12/29/2023 4:48,-1.1875,-0.8125,-0.25,-0.0625,0.0625,-0.0625
12/29/2023 6:48,-1.1875,-0.8125,-0.25,-0.125,0.0625,-0.0625
12/29/2023 8:48,-1.1875,-0.8125,-0.3125,-0.0625,0.0625,0
12/29/2023 10:48,-1.1875,-0.8125,-0.3125,-0.125,0,-0.0625
12/29/2023 12:48,-1.1875,-0.875,-0.3125,-0.0625,0.0625,0
12/29/2023 14:48,-1.1875,-0.8125,-0.25,-0.0625,0.0625,-0.0625
12/29/2023 16:48,-1.1875,-0.8125,-0.3125,-0.0625,0.0625,-0.0625
12/29/2023 18:48,-1.1875,-0.8125,-0.3125,-0.0625,0.0625,0
12/29/2023 20:48,-1.25,-0.875,-0.3125,-0.125,0.0625,-0.0625
12/29/2023 22:48,-1.25,-0.875,-0.3125,-0.0625,0.0625,-0.0625
12/30/2023 0:48,-1.25,-0.875,-0.3125,-0.125,0.0625,0
12/30/2023 2:48,-1.25,-0.875,-0.3125,-0.125,0.0625,-0.0625
12/30/2023 4:48,-1.25,-0.875,-0.3125,-0.0625,0.0625,0
12/30/2023 6:48,-1.3125,-0.875,-0.3125,-0.0625,0.0625,-0.0625
12/30/2023 8:48,-1.3125,-0.9375,-0.3125,-0.125,0.0625,0
12/30/2023 10:48,-1.375,-0.875,-0.3125,-0.0625,0.0625,0
12/30/2023 12:48,-1.375,-0.9375,-0.3125,-0.0625,0.0625,-0.0625
12/30/2023 14:48,-1.375,-0.9375,-0.3125,-0.0625,0.0625,0
12/30/2023 16:48,-1.375,-0.9375,-0.3125,-0.0625,0.0625,-0.0625
12/30/2023 18:48,-1.375,-0.9375,-0.3125,-0.0625,0.0625,0
12/30/2023 20:48,-1.375,-0.9375,-0.375,-0.0625,0.0625,0
12/30/2023 22:48,-1.4375,-0.9375,-0.375,-0.125,0.0625,0
12/31/2023 0:48,-1.4375,-1,-0.375,-0.0625,0.0625,0
12/31/2023 2:48,-1.4375,-0.9375,-0.375,-0.0625,0.0625,0
12/31/2023 4:48,-1.4375,-1,-0.375,-0.0625,0.0625,0
12/31/2023 6:48,-1.4375,-1,-0.375,-0.125,0.0625,0
12/31/2023 8:48,-1.4375,-1,-0.375,-0.125,0.0625,-0.0625
12/31/2023 10:48,-1.4375,-1,-0.375,-0.0625,0.0625,0
12/31/2023 12:48,-1.4375,-1,-0.375,-0.0625,0,0
12/31/2023 14:48,-1.4375,-1,-0.375,-0.0625,0.0625,-0.0625
12/31/2023 16:48,-1.4375,-1,-0.375,-0.0625,0.0625,-0.0625
12/31/2023 18:48,-1.4375,-1,-0.375,-0.125,0.0625,-0.0625
12/31/2023 20:48,-1.4375,-1.0625,-0.375,-0.0625,0.0625,0
12/31/2023 22:48,-1.4375,-1,-0.375,-0.125,0.0625,-0.0625
1/1/2024 0:48,-1.5,-1.0625,-0.375,-0.0625,0.0625,0
1/1/2024 2:48,-1.5,-1,-0.375,-0.125,0.0625,-0.0625
1/1/2024 4:48,-1.4375,-1.0625,-0.375,-0.0625,0.0625,-0.0625
1/1/2024 6:48,-1.4375,-1,-0.375,-0.0625,0.0625,0
1/1/2024 8:48,-1.5,-1.0625,-0.4375,-0.0625,0.0625,0
1/1/2024 10:48,-1.5,-1.0625,-0.375,-0.0625,0.0625,0
1/1/2024 12:48,-1.5,-1.0625,-0.375,-0.0625,0.0625,-0.0625
1/1/2024 14:48,-1.4375,-1.0625,-0.375,-0.0625,0.0625,0
1/1/2024 16:48,-1.5,-1.0625,-0.4375,-0.125,0.0625,0
1/1/2024 18:48,-1.4375,-1.0625,-0.375,-0.125,0.0625,0
1/1/2024 20:48,-1.4375,-1.0625,-0.4375,-0.125,0.0625,-0.0625
1/1/2024 22:48,-1.4375,-1.0625,-0.4375,-0.125,0.0625,-0.0625
1/2/2024 0:48,-1.4375,-1.0625,-0.4375,-0.0625,0.0625,0
1/2/2024 2:48,-1.5,-1.0625,-0.4375,-0.125,0.0625,0
1/2/2024 4:48,-1.4375,-1.0625,-0.4375,-0.0625,0.0625,0
1/2/2024 6:48,-1.5,-1.0625,-0.4375,-0.0625,0.0625,-0.0625
1/2/2024 8:48,-1.5,-1,-0.4375,-0.125,0.0625,-0.0625
1/2/2024 10:48,-1.5,-1.0625,-0.4375,-0.125,0.0625,-0.0625
1/2/2024 12:48,-1.4375,-1.0625,-0.4375,-0.125,0.0625,-0.0625
1/2/2024 14:48,-1.4375,-1.0625,-0.4375,-0.0625,0.0625,-0.0625
1/2/2024 16:48,-1.4375,-1.0625,-0.4375,-0.0625,0.0625,-0.0625
1/2/2024 18:48,-1.5,-1.0625,-0.4375,-0.0625,0.0625,-0.0625
1/2/2024 20:48,-1.5,-1.0625,-0.4375,-0.0625,0.0625,-0.0625
1/2/2024 22:48,-1.5,-1.0625,-0.4375,-0.0625,0.0625,0
1/3/2024 0:48,-1.5,-1.0625,-0.4375,-0.125,0.0625,-0.0625
1/3/2024 2:48,-1.5,-1.0625,-0.4375,-0.125,0.0625,0
1/3/2024 4:48,-1.5,-1.0625,-0.4375,-0.125,0.0625,-0.0625
1/3/2024 6:48,-1.5625,-1.0625,-0.4375,-0.0625,0.0625,-0.0625
1/3/2024 8:48,-1.5,-1.0625,-0.4375,-0.125,0.0625,0
1/3/2024 10:48,-1.5625,-1.0625,-0.4375,-0.0625,0.0625,-0.0625
1/3/2024 12:48,-1.5625,-1.125,-0.4375,-0.0625,0.0625,-0.0625
1/3/2024 14:48,-1.5625,-1.125,-0.4375,-0.125,0.0625,0
1/3/2024 16:48,-1.5625,-1.125,-0.4375,-0.0625,0.0625,0
1/3/2024 18:48,-1.5625,-1.125,-0.4375,-0.0625,0.0625,-0.0625
1/3/2024 20:48,-1.625,-1.125,-0.5,-0.125,0.0625,0
1/3/2024 22:48,-1.625,-1.125,-0.5,-0.0625,0.0625,0
1/4/2024 0:48,-1.6875,-1.125,-0.5,-0.125,0.0625,0
1/4/2024 2:48,-1.6875,-1.1875,-0.5,-0.0625,0.0625,-0.0625
1/4/2024 4:48,-1.6875,-1.1875,-0.5,-0.125,0.0625,-0.0625
1/4/2024 6:48,-1.6875,-1.1875,-0.5,-0.125,0.0625,0
1/4/2024 8:48,-1.75,-1.1875,-0.5,-0.125,0.0625,-0.0625
1/4/2024 10:48,-1.6875,-1.1875,-0.5,-0.125,0.0625,-0.0625
1/4/2024 12:48,-1.6875,-1.1875,-0.5,-0.125,0.0625,0
1/4/2024 14:48,-1.6875,-1.1875,-0.5,-0.0625,0.0625,-0.0625
1/4/2024 16:48,-1.6875,-1.1875,-0.5,-0.125,0.0625,-0.0625
1/4/2024 18:48,-1.75,-1.25,-0.5,-0.0625,0.0625,-0.0625
1/4/2024 20:48,-1.75,-1.1875,-0.5,-0.125,0.0625,-0.0625
1/4/2024 22:48,-1.75,-1.25,-0.5625,-0.125,0.0625,0
1/5/2024 0:48,-1.75,-1.25,-0.5625,-0.125,0.0625,-0.0625
1/5/2024 2:48,-1.75,-1.25,-0.5625,-0.125,0.0625,-0.0625
1/5/2024 4:48,-1.8125,-1.25,-0.5625,-0.0625,0.0625,-0.0625
1/5/2024 6:48,-1.8125,-1.25,-0.5625,-0.125,0.0625,0
1/5/2024 8:48,-1.8125,-1.25,-0.5625,-0.125,0.0625,-0.0625
1/5/2024 10:48,-1.8125,-1.3125,-0.5625,-0.125,0.0625,-0.0625
1/5/2024 12:48,-1.8125,-1.25,-0.5625,-0.125,0.0625,-0.0625
1/5/2024 14:48,-1.8125,-1.3125,-0.5625,-0.125,0.0625,-0.0625
1/5/2024 16:48,-1.75,-1.25,-0.5625,-0.125,0.0625,-0.0625
1/5/2024 18:48,-1.75,-1.25,-0.5625,-0.125,0.0625,0
1/5/2024 20:48,-1.75,-1.25,-0.5625,-0.125,0.0625,0
1/5/2024 22:48,-1.75,-1.25,-0.5625,-0.125,0.0625,-0.0625
1/6/2024 0:48,-1.6875,-1.25,-0.5625,-0.125,0.0625,-0.0625
1/6/2024 2:48,-1.6875,-1.25,-0.5625,-0.125,0.0625,-0.0625
1/6/2024 4:48,-1.6875,-1.25,-0.5625,-0.125,0.0625,0
1/6/2024 6:48,-1.75,-1.25,-0.5625,-0.125,0.0625,0
1/6/2024 8:48,-1.6875,-1.25,-0.5625,-0.125,0.0625,-0.0625
1/6/2024 10:48,-1.6875,-1.25,-0.5625,-0.125,0.0625,0
1/6/2024 12:48,-1.6875,-1.25,-0.5625,-0.125,0.0625,-0.0625
1/6/2024 14:48,-1.75,-1.25,-0.5625,-0.125,0.0625,-0.0625
1/6/2024 16:48,-1.75,-1.25,-0.5625,-0.125,0.0625,-0.0625
1/6/2024 18:48,-1.75,-1.25,-0.5625,-0.125,0.0625,-0.0625
1/6/2024 20:48,-1.8125,-1.25,-0.5625,-0.125,0.0625,-0.0625
1/6/2024 22:48,-1.8125,-1.3125,-0.5625,-0.125,0.0625,-0.0625
1/7/2024 0:48,-1.75,-1.25,-0.625,-0.125,0.0625,-0.0625
1/7/2024 2:48,-1.8125,-1.25,-0.625,-0.125,0.0625,0
1/7/2024 4:48,-1.8125,-1.3125,-0.5625,-0.125,0.0625,-0.0625
1/7/2024 6:48,-1.75,-1.25,-0.625,-0.125,0.0625,-0.0625
1/7/2024 8:48,-1.8125,-1.25,-0.625,-0.125,0.0625,-0.0625
1/7/2024 10:48,-1.75,-1.3125,-0.625,-0.125,0.0625,0
1/7/2024 12:48,-1.75,-1.25,-0.625,-0.125,0.0625,-0.0625
1/7/2024 14:48,-1.6875,-1.25,-0.625,-0.125,0.0625,-0.0625
1/7/2024 16:48,-1.6875,-1.25,-0.625,-0.125,0.0625,-0.0625
1/7/2024 18:48,-1.6875,-1.25,-0.5625,-0.125,0.0625,-0.0625
1/7/2024 20:48,-1.75,-1.25,-0.625,-0.125,0.0625,-0.0625
1/7/2024 22:48,-1.75,-1.25,-0.625,-0.125,0.0625,-0.0625
1/8/2024 0:48,-1.75,-1.25,-0.625,-0.125,0.0625,-0.0625
1/8/2024 2:48,-1.6875,-1.25,-0.625,-0.125,0.0625,0
1/8/2024 4:48,-1.625,-1.25,-0.625,-0.125,0.0625,-0.0625
1/8/2024 6:48,-1.625,-1.1875,-0.625,-0.125,0.0625,-0.0625
1/8/2024 8:48,-1.5625,-1.1875,-0.5625,-0.1875,0.0625,-0.0625
1/8/2024 10:48,-1.5,-1.1875,-0.5625,-0.125,0.0625,-0.0625
1/8/2024 12:48,-1.5,-1.125,-0.5625,-0.125,0.0625,-0.0625
1/8/2024 14:48,-1.4375,-1.125,-0.5625,-0.125,0.0625,0
1/8/2024 16:48,-1.4375,-1.125,-0.5625,-0.125,0.0625,-0.0625
1/8/2024 18:48,-1.375,-1.0625,-0.5625,-0.125,0.0625,0
1/8/2024 20:48,-1.375,-1.0625,-0.5625,-0.125,0.0625,-0.0625
1/8/2024 22:48,-1.3125,-1.0625,-0.5,-0.125,0.0625,0
1/9/2024 0:48,-1.3125,-1,-0.5,-0.125,0.0625,-0.0625
1/9/2024 2:48,-1.3125,-1,-0.5,-0.125,0,-0.0625
1/9/2024 4:48,-1.3125,-1.0625,-0.5,-0.125,0.0625,-0.0625
1/9/2024 6:48,-1.3125,-1.0625,-0.5,-0.125,0.0625,0
1/9/2024 8:48,-1.375,-1.0625,-0.5,-0.125,0.0625,-0.0625
1/9/2024 10:48,-1.375,-1,-0.5,-0.125,0.0625,-0.0625
1/9/2024 12:48,-1.375,-1.0625,-0.5,-0.125,0.0625,-0.0625
1/9/2024 14:48,-1.4375,-1.0625,-0.5,-0.125,0.0625,-0.0625
1/9/2024 16:48,-1.4375,-1.0625,-0.5,-0.1875,0,-0.0625
1/9/2024 18:48,-1.5,-1.0625,-0.5,-0.1875,0.0625,-0.0625
1/9/2024 20:48,-1.5,-1.125,-0.5625,-0.125,0.0625,-0.0625
1/9/2024 22:48,-1.5625,-1.125,-0.5625,-0.125,0.0625,-0.0625
1/10/2024 0:48,-1.625,-1.1875,-0.5625,-0.1875,0.0625,-0.0625
1/10/2024 2:48,-1.625,-1.125,-0.5625,-0.125,0.0625,-0.0625
1/10/2024 4:48,-1.6875,-1.1875,-0.5625,-0.125,0.0625,-0.0625
1/10/2024 6:48,-1.6875,-1.25,-0.5625,-0.125,0.0625,0
1/10/2024 8:48,-1.75,-1.25,-0.5625,-0.1875,0,-0.0625
1/10/2024 10:48,-1.8125,-1.3125,-0.625,-0.125,0.0625,0
1/10/2024 12:48,-1.8125,-1.3125,-0.625,-0.125,0.0625,0
1/10/2024 14:48,-1.8125,-1.3125,-0.625,-0.125,0.0625,-0.0625
1/10/2024 16:48,-1.875,-1.3125,-0.625,-0.1875,0.0625,0
1/10/2024 18:48,-1.9375,-1.375,-0.6875,-0.1875,0.0625,-0.0625
1/10/2024 20:48,-2,-1.375,-0.6875,-0.1875,0.0625,-0.0625
1/10/2024 22:48,-2.125,-1.4375,-0.6875,-0.1875,0.0625,-0.0625
1/11/2024 0:48,-2.25,-1.5,-0.6875,-0.125,0,-0.0625
1/11/2024 2:48,-2.375,-1.5625,-0.6875,-0.125,0.0625,-0.0625
1/11/2024 4:48,-2.5,-1.625,-0.75,-0.1875,0.0625,-0.0625
1/11/2024 6:48,-2.5625,-1.6875,-0.75,-0.1875,0.0625,-0.0625
1/11/2024 8:48,-2.6875,-1.75,-0.8125,-0.1875,0.0625,-0.0625
1/11/2024 10:48,-2.75,-1.75,-0.8125,-0.1875,0.0625,-0.0625
1/11/2024 12:48,-2.6875,-1.8125,-0.8125,-0.1875,0.0625,-0.0625
1/11/2024 14:48,-2.625,-1.8125,-0.875,-0.1875,0.0625,0
1/11/2024 16:48,-2.5,-1.8125,-0.875,-0.1875,0.0625,-0.0625
1/11/2024 18:48,-2.4375,-1.75,-0.875,-0.1875,0,-0.0625
1/11/2024 20:48,-2.375,-1.6875,-0.875,-0.1875,0.0625,0
1/11/2024 22:48,-2.3125,-1.6875,-0.875,-0.1875,0.0625,-0.0625
1/12/2024 0:48,-2.25,-1.6875,-0.875,-0.1875,0.0625,-0.0625
1/12/2024 2:48,-2.1875,-1.625,-0.875,-0.25,0.0625,-0.0625
1/12/2024 4:48,-2.125,-1.625,-0.875,-0.25,0.0625,-0.0625
1/12/2024 6:48,-2.0625,-1.5625,-0.875,-0.25,0.0625,-0.0625
1/12/2024 8:48,-2,-1.5625,-0.8125,-0.1875,0.0625,-0.0625
1/12/2024 10:48,-2,-1.5625,-0.8125,-0.1875,0.0625,-0.0625
1/12/2024 12:48,-1.9375,-1.5,-0.8125,-0.1875,0.0625,-0.0625
1/12/2024 14:48,-1.875,-1.4375,-0.75,-0.25,0.0625,0
1/12/2024 16:48,-1.8125,-1.4375,-0.8125,-0.25,0.0625,-0.0625
1/12/2024 18:48,-1.8125,-1.4375,-0.8125,-0.25,0.0625,-0.0625
1/12/2024 20:48,-1.75,-1.375,-0.75,-0.25,0.0625,-0.0625
1/12/2024 22:48,-1.6875,-1.375,-0.75,-0.25,0.0625,-0.0625
1/13/2024 0:48,-1.6875,-1.3125,-0.75,-0.1875,0.0625,-0.0625
1/13/2024 2:48,-1.6875,-1.3125,-0.75,-0.25,0.0625,-0.0625
1/13/2024 4:48,-1.6875,-1.3125,-0.6875,-0.25,0.0625,-0.0625
1/13/2024 6:48,-1.6875,-1.3125,-0.75,-0.1875,0.0625,-0.0625
1/13/2024 8:48,-1.6875,-1.3125,-0.6875,-0.25,0.0625,0
1/13/2024 10:48,-1.8125,-1.3125,-0.6875,-0.25,0.0625,-0.0625
1/13/2024 12:48,-1.875,-1.375,-0.75,-0.25,0,-0.0625
1/13/2024 14:48,-1.9375,-1.375,-0.75,-0.25,0.0625,-0.0625
1/13/2024 16:48,-2,-1.4375,-0.75,-0.1875,0.0625,-0.0625
1/13/2024 18:48,-2,-1.4375,-0.75,-0.1875,0.0625,-0.0625
1/13/2024 20:48,-2.0625,-1.5,-0.75,-0.25,0.0625,-0.0625
1/13/2024 22:48,-2.125,-1.5,-0.8125,-0.25,0,0
1/14/2024 0:48,-2.125,-1.5625,-0.8125,-0.25,0.0625,0
1/14/2024 2:48,-2.1875,-1.5625,-0.8125,-0.25,0,-0.0625
1/14/2024 4:48,-2.25,-1.5625,-0.8125,-0.1875,0.0625,-0.0625
1/14/2024 6:48,-2.25,-1.625,-0.8125,-0.25,0.0625,0
1/14/2024 8:48,-2.25,-1.625,-0.875,-0.25,0.0625,-0.0625
1/14/2024 10:48,-2.3125,-1.6875,-0.875,-0.25,0.0625,-0.0625
1/14/2024 12:48,-2.3125,-1.6875,-0.875,-0.25,0.0625,-0.0625
1/14/2024 14:48,-2.375,-1.6875,-0.875,-0.25,0.0625,-0.0625
1/14/2024 16:48,-2.375,-1.6875,-0.875,-0.25,0.0625,0
1/14/2024 18:48,-2.5,-1.75,-0.9375,-0.25,0.0625,-0.0625
1/14/2024 20:48,-2.5625,-1.8125,-0.9375,-0.3125,0.0625,-0.0625
1/14/2024 22:48,-2.5625,-1.8125,-0.9375,-0.25,0.0625,-0.0625
1/15/2024 0:48,-2.5,-1.8125,-0.9375,-0.3125,0.0625,-0.0625
1/15/2024 2:48,-2.375,-1.8125,-1,-0.3125,0.0625,-0.0625
1/15/2024 4:48,-2.25,-1.75,-0.9375,-0.3125,0.0625,-0.0625
1/15/2024 6:48,-2.1875,-1.6875,-0.9375,-0.3125,0.0625,-0.0625
1/15/2024 8:48,-2.0625,-1.625,-0.9375,-0.3125,0.0625,-0.0625
1/15/2024 10:48,-2.0625,-1.625,-0.9375,-0.3125,0.0625,-0.0625
1/15/2024 12:48,-2,-1.5625,-0.9375,-0.25,0,-0.0625
1/15/2024 14:48,-1.9375,-1.5625,-0.875,-0.3125,0.0625,-0.0625
1/15/2024 16:48,-1.9375,-1.5,-0.875,-0.3125,0.0625,-0.0625
1/15/2024 18:48,-1.9375,-1.5,-0.875,-0.3125,0.0625,-0.0625
1/15/2024 20:48,-2,-1.5,-0.875,-0.3125,0.0625,-0.0625
1/15/2024 22:48,-2,-1.5625,-0.875,-0.3125,0.0625,-0.0625
1/16/2024 0:48,-1.9375,-1.5,-0.875,-0.3125,0,-0.0625
1/16/2024 2:48,-1.875,-1.4375,-0.8125,-0.3125,0,-0.0625
1/16/2024 4:48,-1.8125,-1.4375,-0.8125,-0.3125,0.0625,0
1/16/2024 6:48,-1.6875,-1.375,-0.8125,-0.3125,0.0625,-0.0625
1/16/2024 8:48,-1.625,-1.3125,-0.8125,-0.3125,0.0625,-0.0625
1/16/2024 10:48,-1.5625,-1.3125,-0.8125,-0.3125,0,-0.0625
1/16/2024 12:48,-1.5,-1.25,-0.8125,-0.3125,0.0625,-0.0625
1/16/2024 14:48,-1.4375,-1.25,-0.75,-0.3125,0.0625,-0.0625
1/16/2024 16:48,-1.375,-1.1875,-0.75,-0.3125,0,-0.0625
1/16/2024 18:48,-1.375,-1.1875,-0.6875,-0.3125,0.0625,-0.0625
1/16/2024 20:48,-1.3125,-1.125,-0.6875,-0.3125,0,-0.0625
1/16/2024 22:48,-1.25,-1.125,-0.6875,-0.3125,0,-0.0625
1/17/2024 0:48,-1.25,-1.0625,-0.6875,-0.3125,0.0625,-0.0625
1/17/2024 2:48,-1.1875,-1.0625,-0.6875,-0.25,0.0625,-0.0625
1/17/2024 4:48,-1.1875,-1.0625,-0.625,-0.3125,0,-0.0625
1/17/2024 6:48,-1.1875,-1,-0.625,-0.25,0.0625,-0.0625
1/17/2024 8:48,-1.1875,-1,-0.625,-0.25,0.0625,-0.0625
1/17/2024 10:48,-1.1875,-1,-0.625,-0.25,0.0625,-0.0625
1/17/2024 12:48,-1.125,-0.9375,-0.625,-0.25,0,-0.0625
1/17/2024 14:48,-1.1875,-1,-0.5625,-0.25,0,-0.0625
1/17/2024 16:48,-1.1875,-0.9375,-0.625,-0.25,0,-0.0625
1/17/2024 18:48,-1.125,-0.9375,-0.5625,-0.25,0.0625,-0.0625
1/17/2024 20:48,-1.125,-0.9375,-0.5625,-0.3125,0.0625,-0.0625
1/17/2024 22:48,-1.125,-0.9375,-0.5625,-0.25,0,-0.0625
1/18/2024 0:48,-1.1875,-0.9375,-0.5625,-0.25,0.0625,-0.0625
1/18/2024 2:48,-1.125,-0.9375,-0.5625,-0.25,0.0625,-0.0625
1/18/2024 4:48,-1.125,-1,-0.5625,-0.25,0.0625,-0.0625
1/18/2024 6:48,-1.125,-0.9375,-0.5625,-0.25,0.0625,-0.0625
1/18/2024 8:48,-1.125,-0.9375,-0.5625,-0.25,0.0625,-0.0625
1/18/2024 10:48,-1.125,-0.9375,-0.5625,-0.25,0.0625,-0.0625
1/18/2024 12:48,-1.125,-0.9375,-0.5625,-0.25,0.0625,-0.0625
1/18/2024 14:48,-1.125,-0.9375,-0.5625,-0.3125,0.0625,-0.0625
1/18/2024 16:48,-1.125,-0.9375,-0.5625,-0.25,0,-0.0625
1/18/2024 18:48,-1.125,-0.9375,-0.5,-0.25,0.0625,-0.0625
1/18/2024 20:48,-1.125,-0.9375,-0.5625,-0.25,0.0625,-0.0625
1/18/2024 22:48,-1.0625,-0.875,-0.5625,-0.25,0.0625,-0.0625
1/19/2024 0:48,-1.0625,-0.875,-0.5625,-0.25,0,-0.0625
1/19/2024 2:48,-1.0625,-0.9375,-0.5625,-0.25,0.0625,-0.0625
1/19/2024 4:48,-1.0625,-0.875,-0.5625,-0.25,0,-0.0625
1/19/2024 6:48,-1.0625,-0.875,-0.5625,-0.25,0.0625,-0.0625
1/19/2024 8:48,-1.0625,-0.875,-0.5625,-0.25,0,-0.0625
1/19/2024 10:48,-1,-0.875,-0.5,-0.25,0.0625,-0.0625
1/19/2024 12:48,-1,-0.875,-0.5,-0.25,0,-0.0625
1/19/2024 14:48,-1,-0.875,-0.5,-0.25,0,-0.0625
1/19/2024 16:48,-1,-0.8125,-0.5,-0.25,0.0625,-0.0625
1/19/2024 18:48,-1,-0.8125,-0.5,-0.25,0.0625,-0.0625
1/19/2024 20:48,-1,-0.8125,-0.5,-0.25,0,-0.0625
1/19/2024 22:48,-0.9375,-0.8125,-0.5,-0.25,0,-0.0625
1/20/2024 0:48,-0.9375,-0.8125,-0.5,-0.25,0.0625,-0.0625
1/20/2024 2:48,-0.9375,-0.8125,-0.5,-0.25,0.0625,-0.0625
1/20/2024 4:48,-0.875,-0.8125,-0.5,-0.25,0,-0.0625
1/20/2024 6:48,-0.875,-0.8125,-0.5,-0.25,0,-0.0625
1/20/2024 8:48,-0.9375,-0.8125,-0.5,-0.25,0.0625,-0.0625
1/20/2024 10:48,-0.9375,-0.75,-0.5,-0.25,0.0625,-0.0625
1/20/2024 12:48,-0.875,-0.8125,-0.4375,-0.25,0.0625,-0.0625
1/20/2024 14:48,-0.875,-0.75,-0.4375,-0.25,0,-0.0625
1/20/2024 16:48,-0.875,-0.8125,-0.4375,-0.25,0.0625,-0.0625
1/20/2024 18:48,-0.875,-0.75,-0.4375,-0.25,0.0625,-0.0625
1/20/2024 20:48,-0.875,-0.75,-0.4375,-0.25,0,-0.0625
1/20/2024 22:48,-0.875,-0.8125,-0.4375,-0.25,0.0625,-0.0625
1/21/2024 0:48,-0.875,-0.75,-0.4375,-0.25,0.0625,-0.0625
1/21/2024 2:48,-0.9375,-0.75,-0.4375,-0.25,0.0625,-0.0625
1/21/2024 4:48,-0.9375,-0.75,-0.4375,-0.25,0.0625,-0.0625
1/21/2024 6:48,-0.9375,-0.8125,-0.4375,-0.25,0.0625,-0.0625
1/21/2024 8:48,-0.9375,-0.8125,-0.4375,-0.25,0.0625,0
1/21/2024 10:48,-0.9375,-0.8125,-0.4375,-0.25,0,-0.0625
1/21/2024 12:48,-0.9375,-0.8125,-0.4375,-0.1875,0.0625,-0.0625
1/21/2024 14:48,-1,-0.8125,-0.4375,-0.25,0,-0.0625
1/21/2024 16:48,-0.9375,-0.8125,-0.4375,-0.25,0.0625,-0.0625
1/21/2024 18:48,-1,-0.8125,-0.5,-0.25,0,-0.0625
1/21/2024 20:48,-1,-0.8125,-0.4375,-0.25,0.0625,-0.0625
1/21/2024 22:48,-1.0625,-0.8125,-0.4375,-0.25,0.0625,-0.0625
1/22/2024 0:48,-1.0625,-0.875,-0.5,-0.25,0.0625,-0.0625
1/22/2024 2:48,-1,-0.8125,-0.5,-0.25,0.0625,-0.0625
1/22/2024 4:48,-1.0625,-0.875,-0.5,-0.25,0,-0.0625
1/22/2024 6:48,-1.0625,-0.875,-0.4375,-0.25,0.0625,-0.0625
1/22/2024 8:48,-1.0625,-0.875,-0.5,-0.25,0,-0.0625
1/22/2024 10:48,-1.0625,-0.875,-0.5,-0.25,0.0625,-0.0625
1/22/2024 12:48,-1.125,-0.875,-0.5,-0.25,0.0625,-0.0625
1/22/2024 14:48,-1.125,-0.875,-0.5,-0.25,0,-0.0625
1/22/2024 16:48,-1.125,-0.875,-0.5,-0.25,0,-0.0625
1/22/2024 18:48,-1.125,-0.9375,-0.5,-0.25,0,-0.0625
1/22/2024 20:48,-1.125,-0.9375,-0.5,-0.25,0,-0.0625
1/22/2024 22:48,-1.1875,-0.9375,-0.5625,-0.25,0.0625,-0.0625
1/23/2024 0:48,-1.1875,-0.9375,-0.5625,-0.25,0,-0.0625
1/23/2024 2:48,-1.1875,-0.9375,-0.5,-0.25,0.0625,-0.0625
1/23/2024 4:48,-1.1875,-1,-0.5625,-0.25,0.0625,-0.0625
1/23/2024 6:48,-1.1875,-0.9375,-0.5625,-0.25,0,-0.0625
1/23/2024 8:48,-1.1875,-0.9375,-0.5625,-0.25,0,-0.0625
1/23/2024 10:48,-1.1875,-0.9375,-0.5625,-0.25,0.0625,-0.0625
1/23/2024 12:48,-1.25,-1,-0.5625,-0.25,0,-0.0625
1/23/2024 14:48,-1.1875,-1,-0.5625,-0.25,0,-0.0625
1/23/2024 16:48,-1.25,-1,-0.5625,-0.25,0.0625,-0.0625
1/23/2024 18:48,-1.1875,-1,-0.5625,-0.25,0.0625,-0.0625
1/23/2024 20:48,-1.25,-1,-0.5625,-0.3125,0.0625,-0.0625
1/23/2024 22:48,-1.25,-1,-0.5625,-0.25,0,-0.0625
1/24/2024 0:48,-1.25,-1,-0.5625,-0.25,0,-0.0625
1/24/2024 2:48,-1.25,-1,-0.5625,-0.3125,0,-0.0625
1/24/2024 4:48,-1.25,-1,-0.5625,-0.3125,0.0625,-0.0625
1/24/2024 6:48,-1.25,-1,-0.5625,-0.3125,0.0625,-0.0625
1/24/2024 8:48,-1.25,-1.0625,-0.5625,-0.3125,0.0625,-0.0625
1/24/2024 10:48,-1.25,-1,-0.5625,-0.3125,0,-0.0625
1/24/2024 12:48,-1.25,-1.0625,-0.625,-0.3125,0,-0.0625
1/24/2024 14:48,-1.3125,-1.0625,-0.5625,-0.3125,0,-0.0625
1/24/2024 16:48,-1.3125,-1.0625,-0.625,-0.3125,0.0625,-0.0625
1/24/2024 18:48,-1.3125,-1.0625,-0.625,-0.3125,0.0625,-0.0625
1/24/2024 20:48,-1.3125,-1.0625,-0.625,-0.3125,0.0625,-0.0625
1/24/2024 22:48,-1.375,-1.0625,-0.625,-0.3125,0,-0.0625
1/25/2024 0:48,-1.375,-1.125,-0.625,-0.3125,0.0625,-0.0625
1/25/2024 2:48,-1.375,-1.0625,-0.625,-0.3125,0.0625,-0.0625
1/25/2024 4:48,-1.375,-1.125,-0.625,-0.3125,0.0625,-0.0625
1/25/2024 6:48,-1.4375,-1.125,-0.625,-0.3125,0,-0.0625
1/25/2024 8:48,-1.375,-1.125,-0.625,-0.3125,0.0625,-0.0625
1/25/2024 10:48,-1.375,-1.125,-0.625,-0.3125,0.0625,-0.0625
1/25/2024 12:48,-1.4375,-1.125,-0.625,-0.3125,0,-0.0625
1/25/2024 14:48,-1.4375,-1.125,-0.625,-0.3125,0,-0.0625
1/25/2024 16:48,-1.4375,-1.1875,-0.6875,-0.3125,0.0625,-0.0625
1/25/2024 18:48,-1.4375,-1.1875,-0.6875,-0.3125,0.0625,-0.0625
1/25/2024 20:48,-1.4375,-1.1875,-0.6875,-0.3125,0.0625,-0.0625
1/25/2024 22:48,-1.5,-1.1875,-0.6875,-0.3125,0,-0.0625
1/26/2024 0:48,-1.5,-1.1875,-0.6875,-0.3125,0.0625,-0.0625
1/26/2024 2:48,-1.5,-1.1875,-0.6875,-0.375,0,-0.0625
1/26/2024 4:48,-1.5,-1.1875,-0.6875,-0.3125,0.0625,-0.0625
1/26/2024 6:48,-1.5,-1.1875,-0.6875,-0.3125,0.0625,-0.0625
1/26/2024 8:48,-1.5625,-1.1875,-0.6875,-0.3125,0.0625,-0.0625
1/26/2024 10:48,-1.5,-1.25,-0.6875,-0.3125,0,0
1/26/2024 12:48,-1.5,-1.1875,-0.75,-0.375,0.0625,-0.0625
1/26/2024 14:48,-1.5625,-1.25,-0.75,-0.375,0,-0.0625
1/26/2024 16:48,-1.5625,-1.25,-0.75,-0.375,0.0625,-0.0625
1/26/2024 18:48,-1.5625,-1.25,-0.75,-0.375,0.0625,-0.0625
1/26/2024 20:48,-1.5625,-1.25,-0.75,-0.375,0,-0.0625
1/26/2024 22:48,-1.5625,-1.25,-0.75,-0.375,0,-0.0625
1/27/2024 0:48,-1.625,-1.25,-0.75,-0.375,0.0625,-0.0625
1/27/2024 2:48,-1.625,-1.3125,-0.75,-0.375,0.0625,-0.0625
1/27/2024 4:48,-1.625,-1.3125,-0.75,-0.375,0,-0.0625
1/27/2024 6:48,-1.6875,-1.3125,-0.75,-0.375,0,-0.0625
1/27/2024 8:48,-1.6875,-1.3125,-0.75,-0.375,0,-0.0625
1/27/2024 10:48,-1.6875,-1.3125,-0.8125,-0.375,0.0625,-0.0625
1/27/2024 12:48,-1.6875,-1.3125,-0.8125,-0.375,0,-0.0625
1/27/2024 14:48,-1.6875,-1.375,-0.8125,-0.375,0,-0.0625
1/27/2024 16:48,-1.75,-1.375,-0.8125,-0.375,0.0625,-0.0625
1/27/2024 18:48,-1.75,-1.375,-0.8125,-0.375,0.0625,-0.0625
1/27/2024 20:48,-1.75,-1.375,-0.8125,-0.375,0,-0.0625
1/27/2024 22:48,-1.75,-1.375,-0.8125,-0.375,0,-0.0625
1/28/2024 0:48,-1.8125,-1.4375,-0.875,-0.375,0,-0.0625
1/28/2024 2:48,-1.8125,-1.4375,-0.875,-0.375,0.0625,-0.0625
1/28/2024 4:48,-1.8125,-1.4375,-0.875,-0.375,0,-0.0625
1/28/2024 6:48,-1.875,-1.4375,-0.875,-0.375,0,-0.0625
1/28/2024 8:48,-1.875,-1.5,-0.875,-0.375,0,-0.0625
1/28/2024 10:48,-1.875,-1.4375,-0.875,-0.4375,0,-0.0625
1/28/2024 12:48,-1.875,-1.5,-0.875,-0.375,0,-0.0625
1/28/2024 14:48,-1.9375,-1.5,-0.9375,-0.4375,0,-0.0625
1/28/2024 16:48,-1.9375,-1.5,-0.9375,-0.4375,0,-0.0625
1/28/2024 18:48,-1.9375,-1.5,-0.875,-0.4375,0,-0.0625
1/28/2024 20:48,-1.9375,-1.5625,-0.9375,-0.4375,0,-0.0625
1/28/2024 22:48,-2,-1.5625,-0.9375,-0.4375,0,-0.0625
1/29/2024 0:48,-2,-1.5625,-0.9375,-0.4375,0,-0.0625
1/29/2024 2:48,-2,-1.5625,-0.9375,-0.4375,0,-0.0625
1/29/2024 4:48,-2,-1.5625,-0.9375,-0.4375,0,-0.0625
1/29/2024 6:48,-2,-1.625,-0.9375,-0.4375,0,-0.0625
1/29/2024 8:48,-2,-1.625,-0.9375,-0.4375,0,-0.0625
1/29/2024 10:48,-2.0625,-1.625,-0.9375,-0.4375,0,-0.0625
1/29/2024 12:48,-2.0625,-1.625,-1,-0.4375,0,-0.0625
1/29/2024 14:48,-2.0625,-1.6875,-1,-0.5,0,-0.0625
1/29/2024 16:48,-2.0625,-1.625,-1,-0.5,0,-0.0625
1/29/2024 18:48,-2.0625,-1.625,-1,-0.5,0,-0.0625
1/29/2024 20:48,-2.0625,-1.625,-1,-0.4375,0,-0.0625
1/29/2024 22:48,-2.0625,-1.6875,-1,-0.5,0,-0.0625
1/30/2024 0:48,-2.0625,-1.6875,-1,-0.5,0,-0.0625
1/30/2024 2:48,-2.0625,-1.625,-1,-0.5,0,-0.0625
1/30/2024 4:48,-2.0625,-1.6875,-1,-0.5,0,-0.0625
1/30/2024 6:48,-2.0625,-1.6875,-1,-0.5,0,-0.0625
1/30/2024 8:48,-2.0625,-1.6875,-1.0625,-0.5,0,-0.0625
1/30/2024 10:48,-2.0625,-1.6875,-1.0625,-0.5,0.0625,-0.0625
1/30/2024 12:48,-2.0625,-1.625,-1.0625,-0.5,0,-0.0625
1/30/2024 14:48,-2.0625,-1.6875,-1.0625,-0.5,0,-0.0625
1/30/2024 16:48,-2.0625,-1.6875,-1,-0.5,0,-0.0625
1/30/2024 18:48,-2.0625,-1.6875,-1.0625,-0.5,0,-0.0625
1/30/2024 20:48,-2,-1.625,-1.0625,-0.5,0,-0.0625
1/30/2024 22:48,-2,-1.6875,-1.0625,-0.5,0,-0.0625
1/31/2024 0:48,-2,-1.625,-1.0625,-0.5,0,-0.0625
1/31/2024 2:48,-1.9375,-1.625,-1.0625,-0.5625,0,-0.0625
1/31/2024 4:48,-1.9375,-1.625,-1,-0.5,0,-0.0625
1/31/2024 6:48,-1.9375,-1.625,-1,-0.5,0,-0.0625
1/31/2024 8:48,-1.9375,-1.5625,-1,-0.5,0,-0.0625
1/31/2024 10:48,-1.9375,-1.5625,-1,-0.5625,0,-0.0625
1/31/2024 12:48,-1.875,-1.5625,-1,-0.5625,0,-0.0625
1/31/2024 14:48,-1.875,-1.5625,-1,-0.5,0,-0.0625
1/31/2024 16:48,-1.875,-1.5625,-1,-0.5,0,-0.0625
1/31/2024 18:48,-1.875,-1.5625,-1,-0.5,0,-0.0625
1/31/2024 20:48,-1.8125,-1.5625,-1,-0.5,0,-0.0625
1/31/2024 22:48,-1.8125,-1.5,-1,-0.5625,0,-0.0625
2/1/2024 0:48,-1.8125,-1.5,-1,-0.5625,0,-0.0625
2/1/2024 2:48,-1.8125,-1.5,-1,-0.5,0,-0.0625
2/1/2024 4:48,-1.8125,-1.5,-1,-0.5625,0,-0.0625
2/1/2024 6:48,-1.75,-1.5,-0.9375,-0.5,0,-0.0625
2/1/2024 8:48,-1.75,-1.5,-0.9375,-0.5,0,-0.0625
2/1/2024 10:48,-1.75,-1.4375,-0.9375,-0.5,0,-0.0625
2/1/2024 12:48,-1.75,-1.5,-0.9375,-0.5,0,-0.0625
2/1/2024 14:48,-1.75,-1.5,-0.9375,-0.5,0,-0.0625
2/1/2024 16:48,-1.75,-1.4375,-0.9375,-0.5625,0,-0.0625
2/1/2024 18:48,-1.6875,-1.4375,-0.9375,-0.5,0,-0.0625
2/1/2024 20:48,-1.75,-1.4375,-0.9375,-0.5625,0,-0.0625
2/1/2024 22:48,-1.6875,-1.4375,-0.9375,-0.5,0,-0.0625
2/2/2024 0:48,-1.6875,-1.4375,-0.9375,-0.5,0,-0.0625
2/2/2024 2:48,-1.6875,-1.4375,-0.9375,-0.5,0.0625,-0.0625
2/2/2024 4:48,-1.6875,-1.4375,-0.9375,-0.5625,0,-0.0625
2/2/2024 6:48,-1.6875,-1.4375,-0.9375,-0.5,0,-0.0625
2/2/2024 8:48,-1.6875,-1.4375,-0.875,-0.5,0,-0.0625
2/2/2024 10:48,-1.625,-1.375,-0.9375,-0.5,0,-0.0625
2/2/2024 12:48,-1.6875,-1.375,-0.9375,-0.5,0,-0.0625
2/2/2024 14:48,-1.625,-1.375,-0.9375,-0.5,0,-0.0625
2/2/2024 16:48,-1.625,-1.375,-0.875,-0.5,0,-0.0625
2/2/2024 18:48,-1.625,-1.375,-0.875,-0.5,0,-0.0625
2/2/2024 20:48,-1.625,-1.375,-0.875,-0.5,0,-0.0625
2/2/2024 22:48,-1.625,-1.375,-0.875,-0.5,0,-0.0625
2/3/2024 0:48,-1.625,-1.375,-0.875,-0.5,0,-0.0625
2/3/2024 2:48,-1.625,-1.375,-0.875,-0.5,0,-0.0625
2/3/2024 4:48,-1.625,-1.375,-0.875,-0.5,0,-0.0625
2/3/2024 6:48,-1.625,-1.375,-0.875,-0.5,0,-0.0625
2/3/2024 8:48,-1.625,-1.375,-0.9375,-0.5625,0,-0.0625
2/3/2024 10:48,-1.625,-1.375,-0.875,-0.5,0,-0.0625
2/3/2024 12:48,-1.625,-1.375,-0.875,-0.5,0,-0.0625
2/3/2024 14:48,-1.625,-1.375,-0.875,-0.5,0,-0.0625
2/3/2024 16:48,-1.625,-1.375,-0.875,-0.5,0,-0.0625
2/3/2024 18:48,-1.625,-1.375,-0.875,-0.5,0,-0.0625
2/3/2024 20:48,-1.625,-1.375,-0.875,-0.5,0,-0.0625
2/3/2024 22:48,-1.625,-1.375,-0.875,-0.5,0,-0.0625
2/4/2024 0:48,-1.6875,-1.375,-0.875,-0.5,0,-0.0625
2/4/2024 2:48,-1.625,-1.375,-0.875,-0.5,0,-0.0625
2/4/2024 4:48,-1.6875,-1.375,-0.875,-0.5,0,-0.0625
2/4/2024 6:48,-1.625,-1.375,-0.9375,-0.5,0,-0.0625
2/4/2024 8:48,-1.625,-1.375,-0.9375,-0.5,0,-0.0625
2/4/2024 10:48,-1.6875,-1.375,-0.9375,-0.5625,0,-0.0625
2/4/2024 12:48,-1.625,-1.375,-0.9375,-0.5,0,-0.0625
2/4/2024 14:48,-1.6875,-1.375,-0.875,-0.5,0,-0.0625
2/4/2024 16:48,-1.6875,-1.375,-0.9375,-0.5,0,-0.0625
2/4/2024 18:48,-1.6875,-1.375,-0.9375,-0.5,0,-0.0625
2/4/2024 20:48,-1.6875,-1.375,-0.9375,-0.5,0,-0.0625
2/4/2024 22:48,-1.6875,-1.4375,-0.875,-0.5625,0,-0.0625
2/5/2024 0:48,-1.6875,-1.375,-0.9375,-0.5625,0,-0.0625
2/5/2024 2:48,-1.6875,-1.375,-0.9375,-0.5,0,-0.0625
2/5/2024 4:48,-1.6875,-1.4375,-0.9375,-0.5,0,-0.0625
2/5/2024 6:48,-1.6875,-1.375,-0.9375,-0.5625,0,-0.0625
2/5/2024 8:48,-1.6875,-1.375,-0.9375,-0.5,0,-0.0625
2/5/2024 10:48,-1.6875,-1.375,-0.875,-0.5,0,-0.0625
2/5/2024 12:48,-1.6875,-1.4375,-0.9375,-0.5,0,-0.0625
2/5/2024 14:48,-1.6875,-1.4375,-0.9375,-0.5625,0,-0.0625
2/5/2024 16:48,-1.6875,-1.4375,-0.9375,-0.5,0,-0.0625
2/5/2024 18:48,-1.6875,-1.4375,-0.9375,-0.5625,0,-0.0625
2/5/2024 20:48,-1.6875,-1.375,-0.9375,-0.5625,0,-0.0625
2/5/2024 22:48,-1.6875,-1.4375,-0.9375,-0.5625,0,-0.0625
2/6/2024 0:48,-1.6875,-1.375,-0.9375,-0.5625,0,-0.0625
2/6/2024 2:48,-1.6875,-1.4375,-0.9375,-0.5625,0,-0.0625
2/6/2024 4:48,-1.6875,-1.4375,-0.9375,-0.5625,0,-0.0625
2/6/2024 6:48,-1.6875,-1.4375,-0.9375,-0.5625,0,-0.0625
2/6/2024 8:48,-1.625,-1.375,-0.9375,-0.5625,0,-0.0625
2/6/2024 10:48,-1.625,-1.375,-0.9375,-0.5625,0,-0.0625
2/6/2024 12:48,-1.625,-1.375,-0.9375,-0.5625,0,-0.0625
2/6/2024 14:48,-1.625,-1.375,-0.9375,-0.5625,0,-0.0625
2/6/2024 16:48,-1.625,-1.375,-0.9375,-0.5625,0,-0.0625
2/6/2024 18:48,-1.625,-1.375,-0.9375,-0.5625,0,-0.0625
2/6/2024 20:48,-1.625,-1.375,-0.9375,-0.5625,0,-0.0625
2/6/2024 22:48,-1.625,-1.375,-0.9375,-0.5625,0,-0.0625
2/7/2024 0:48,-1.625,-1.375,-0.9375,-0.5625,0,-0.0625
2/7/2024 2:48,-1.5625,-1.375,-0.875,-0.5625,0,-0.0625
2/7/2024 4:48,-1.5625,-1.375,-0.9375,-0.5625,0,-0.0625
2/7/2024 6:48,-1.5625,-1.375,-0.875,-0.5625,0,-0.0625
2/7/2024 8:48,-1.5625,-1.3125,-0.875,-0.5625,0,-0.0625
2/7/2024 10:48,-1.5625,-1.375,-0.875,-0.5625,0,-0.0625
2/7/2024 12:48,-1.5,-1.3125,-0.875,-0.5625,0,-0.0625
2/7/2024 14:48,-1.5625,-1.3125,-0.875,-0.5625,0,-0.0625
2/7/2024 16:48,-1.5625,-1.3125,-0.875,-0.5625,0,-0.0625
2/7/2024 18:48,-1.5,-1.3125,-0.875,-0.5625,0,-0.0625
2/7/2024 20:48,-1.5,-1.3125,-0.875,-0.5625,0,-0.0625
2/7/2024 22:48,-1.5,-1.3125,-0.875,-0.5625,0,-0.0625
2/8/2024 0:48,-1.5,-1.25,-0.875,-0.5625,0,-0.0625
2/8/2024 2:48,-1.5,-1.25,-0.875,-0.5625,0,-0.0625
2/8/2024 4:48,-1.4375,-1.3125,-0.875,-0.5,0,-0.0625
2/8/2024 6:48,-1.4375,-1.25,-0.875,-0.5625,0,-0.0625
2/8/2024 8:48,-1.4375,-1.25,-0.8125,-0.5625,0,-0.0625
2/8/2024 10:48,-1.4375,-1.25,-0.875,-0.5,0,-0.125
2/8/2024 12:48,-1.4375,-1.25,-0.8125,-0.5625,0,-0.0625
2/8/2024 14:48,-1.4375,-1.1875,-0.8125,-0.5625,0,-0.0625
2/8/2024 16:48,-1.4375,-1.25,-0.8125,-0.5625,-0.0625,-0.0625
2/8/2024 18:48,-1.4375,-1.25,-0.8125,-0.5625,0,-0.0625
2/8/2024 20:48,-1.4375,-1.25,-0.8125,-0.5,0,-0.125
2/8/2024 22:48,-1.375,-1.1875,-0.8125,-0.5625,0,-0.0625
2/9/2024 0:48,-1.375,-1.25,-0.8125,-0.5,0,-0.0625
2/9/2024 2:48,-1.375,-1.25,-0.8125,-0.5625,0,-0.0625
2/9/2024 4:48,-1.375,-1.1875,-0.8125,-0.5,0,-0.0625
2/9/2024 6:48,-1.375,-1.1875,-0.8125,-0.5625,-0.0625,-0.0625
2/9/2024 8:48,-1.375,-1.1875,-0.8125,-0.5,0,-0.0625
2/9/2024 10:48,-1.375,-1.1875,-0.8125,-0.5625,-0.0625,-0.0625
2/9/2024 12:48,-1.375,-1.1875,-0.8125,-0.5,-0.0625,-0.0625
2/9/2024 14:48,-1.3125,-1.1875,-0.8125,-0.5,-0.0625,-0.0625
2/9/2024 16:48,-1.375,-1.1875,-0.8125,-0.5,-0.0625,-0.0625
2/9/2024 18:48,-1.375,-1.1875,-0.8125,-0.5,0,-0.0625
2/9/2024 20:48,-1.375,-1.1875,-0.8125,-0.5,-0.0625,-0.0625
2/9/2024 22:48,-1.3125,-1.1875,-0.8125,-0.5,0,-0.0625
2/10/2024 0:48,-1.3125,-1.1875,-0.8125,-0.5,0,-0.0625
2/10/2024 2:48,-1.3125,-1.125,-0.8125,-0.5625,0,-0.0625
2/10/2024 4:48,-1.3125,-1.1875,-0.75,-0.5,-0.0625,-0.0625
2/10/2024 6:48,-1.3125,-1.1875,-0.75,-0.5,-0.0625,-0.0625
2/10/2024 8:48,-1.3125,-1.125,-0.8125,-0.5,0,-0.0625
2/10/2024 10:48,-1.3125,-1.125,-0.75,-0.5,-0.0625,-0.0625
2/10/2024 12:48,-1.3125,-1.125,-0.75,-0.5,-0.0625,-0.0625
2/10/2024 14:48,-1.3125,-1.125,-0.75,-0.5,0,-0.0625
2/10/2024 16:48,-1.3125,-1.125,-0.75,-0.5,-0.0625,-0.0625
2/10/2024 18:48,-1.25,-1.125,-0.75,-0.5,0,-0.0625
2/10/2024 20:48,-1.3125,-1.125,-0.75,-0.5,-0.0625,-0.0625
2/10/2024 22:48,-1.25,-1.125,-0.75,-0.5,0,-0.0625
2/11/2024 0:48,-1.25,-1.125,-0.75,-0.5,-0.0625,-0.0625
2/11/2024 2:48,-1.25,-1.125,-0.75,-0.5,0,-0.0625
2/11/2024 4:48,-1.25,-1.125,-0.75,-0.5,-0.0625,-0.0625
2/11/2024 6:48,-1.25,-1.125,-0.75,-0.5,-0.0625,-0.0625
2/11/2024 8:48,-1.25,-1.125,-0.75,-0.5,0,-0.0625
2/11/2024 10:48,-1.25,-1.125,-0.75,-0.5,0,-0.0625
2/11/2024 12:48,-1.25,-1.0625,-0.75,-0.5,-0.0625,-0.0625
2/11/2024 14:48,-1.25,-1.125,-0.75,-0.5,-0.0625,-0.0625
2/11/2024 16:48,-1.25,-1.0625,-0.75,-0.5,-0.0625,-0.0625
2/11/2024 18:48,-1.25,-1.125,-0.75,-0.5,-0.0625,-0.0625
2/11/2024 20:48,-1.25,-1.0625,-0.75,-0.5,0,-0.0625
2/11/2024 22:48,-1.25,-1.0625,-0.75,-0.5,0,-0.0625
2/12/2024 0:48,-1.25,-1.0625,-0.75,-0.5,0,-0.0625
2/12/2024 2:48,-1.1875,-1.0625,-0.6875,-0.5,-0.0625,-0.0625
2/12/2024 4:48,-1.1875,-1.0625,-0.75,-0.5,-0.0625,-0.125
2/12/2024 6:48,-1.25,-1.0625,-0.75,-0.5,-0.0625,-0.0625
2/12/2024 8:48,-1.1875,-1.0625,-0.75,-0.5,0,-0.0625
2/12/2024 10:48,-1.1875,-1.0625,-0.75,-0.5,0,-0.0625
2/12/2024 12:48,-1.1875,-1.0625,-0.6875,-0.5,-0.0625,-0.0625
2/12/2024 14:48,-1.1875,-1.0625,-0.6875,-0.5,0,-0.125
2/12/2024 16:48,-1.1875,-1.0625,-0.6875,-0.5,0,-0.125
2/12/2024 18:48,-1.1875,-1.0625,-0.6875,-0.5,-0.0625,-0.0625
2/12/2024 20:48,-1.1875,-1,-0.6875,-0.5,-0.0625,-0.0625
2/12/2024 22:48,-1.1875,-1.0625,-0.6875,-0.5,-0.0625,-0.0625
2/13/2024 0:48,-1.125,-1.0625,-0.6875,-0.5,-0.0625,-0.0625
2/13/2024 2:48,-1.1875,-1.0625,-0.6875,-0.5,-0.0625,-0.0625
2/13/2024 4:48,-1.125,-1.0625,-0.6875,-0.5,-0.0625,-0.0625
2/13/2024 6:48,-1.1875,-1.0625,-0.6875,-0.5,-0.0625,-0.0625
2/13/2024 8:48,-1.1875,-1,-0.6875,-0.5,-0.0625,-0.0625
2/13/2024 10:48,-1.125,-1,-0.6875,-0.5,-0.0625,-0.125
2/13/2024 12:48,-1.1875,-1.0625,-0.6875,-0.5,-0.0625,-0.0625
2/13/2024 14:48,-1.125,-1,-0.6875,-0.5,-0.0625,-0.0625
2/13/2024 16:48,-1.125,-1,-0.6875,-0.5,-0.0625,-0.0625
2/13/2024 18:48,-1.125,-1,-0.6875,-0.5,-0.0625,-0.125
2/13/2024 20:48,-1.1875,-1.0625,-0.6875,-0.5,0,-0.0625
2/13/2024 22:48,-1.125,-1.0625,-0.6875,-0.5,-0.0625,-0.0625
2/14/2024 0:48,-1.125,-1,-0.6875,-0.5,-0.0625,-0.0625
2/14/2024 2:48,-1.125,-1,-0.6875,-0.5,-0.0625,-0.0625
2/14/2024 4:48,-1.125,-1,-0.6875,-0.5,-0.0625,-0.125
2/14/2024 6:48,-1.125,-1,-0.6875,-0.5,-0.0625,-0.0625
2/14/2024 8:48,-1.125,-1,-0.6875,-0.5,-0.0625,-0.0625
2/14/2024 10:48,-1.125,-1,-0.6875,-0.5,-0.0625,-0.0625
2/14/2024 12:48,-1.0625,-1,-0.6875,-0.5,-0.0625,-0.0625
2/14/2024 14:48,-1.125,-0.9375,-0.6875,-0.5,-0.0625,-0.125
2/14/2024 16:48,-1.0625,-1,-0.6875,-0.5,0,-0.125
2/14/2024 18:48,-1.0625,-1,-0.6875,-0.5,-0.0625,-0.125
2/14/2024 20:48,-1.0625,-1,-0.6875,-0.5,-0.0625,-0.125
2/14/2024 22:48,-1.0625,-1,-0.6875,-0.5,-0.0625,-0.125
2/15/2024 0:48,-1.0625,-0.9375,-0.6875,-0.5,-0.0625,-0.0625
2/15/2024 2:48,-1,-1,-0.625,-0.5,-0.0625,-0.125
2/15/2024 4:48,-1.0625,-0.9375,-0.625,-0.5,-0.0625,-0.125
2/15/2024 6:48,-1,-0.9375,-0.625,-0.5,-0.0625,-0.125
2/15/2024 8:48,-1,-0.9375,-0.625,-0.4375,-0.0625,-0.125
2/15/2024 10:48,-1,-0.9375,-0.6875,-0.5,-0.0625,-0.125
2/15/2024 12:48,-1,-0.9375,-0.625,-0.5,-0.0625,-0.0625
2/15/2024 14:48,-1,-0.9375,-0.625,-0.4375,-0.0625,-0.0625
2/15/2024 16:48,-0.9375,-0.9375,-0.625,-0.4375,-0.0625,-0.125
2/15/2024 18:48,-0.9375,-0.875,-0.625,-0.4375,-0.0625,-0.125
2/15/2024 20:48,-0.9375,-0.875,-0.625,-0.5,-0.0625,-0.125
2/15/2024 22:48,-0.9375,-0.875,-0.625,-0.5,-0.0625,-0.125
2/16/2024 0:48,-0.9375,-0.875,-0.625,-0.4375,-0.0625,-0.125
2/16/2024 2:48,-0.9375,-0.9375,-0.625,-0.4375,-0.0625,-0.125
2/16/2024 4:48,-0.9375,-0.9375,-0.625,-0.4375,-0.0625,-0.125
2/16/2024 6:48,-0.9375,-0.875,-0.625,-0.5,-0.0625,-0.125
2/16/2024 8:48,-0.9375,-0.875,-0.625,-0.4375,0,-0.125
2/16/2024 10:48,-0.9375,-0.875,-0.5625,-0.4375,-0.0625,-0.125
2/16/2024 12:48,-0.9375,-0.875,-0.625,-0.4375,-0.0625,-0.125
2/16/2024 14:48,-0.9375,-0.875,-0.5625,-0.4375,-0.0625,-0.125
2/16/2024 16:48,-0.9375,-0.875,-0.5625,-0.4375,-0.0625,-0.125
2/16/2024 18:48,-0.9375,-0.875,-0.625,-0.4375,0,-0.125
2/16/2024 20:48,-0.9375,-0.875,-0.625,-0.4375,-0.0625,-0.125
2/16/2024 22:48,-0.9375,-0.875,-0.5625,-0.4375,-0.0625,-0.125
2/17/2024 0:48,-0.9375,-0.875,-0.5625,-0.4375,-0.0625,-0.125
2/17/2024 2:48,-0.9375,-0.875,-0.5625,-0.4375,-0.0625,-0.125
2/17/2024 4:48,-0.9375,-0.875,-0.5625,-0.4375,-0.0625,-0.125
2/17/2024 6:48,-0.9375,-0.875,-0.5625,-0.5,-0.0625,-0.125
2/17/2024 8:48,-1,-0.875,-0.5625,-0.4375,-0.0625,-0.125
2/17/2024 10:48,-1,-0.875,-0.5625,-0.4375,-0.0625,-0.125
2/17/2024 12:48,-1,-0.875,-0.5625,-0.4375,-0.0625,-0.125
2/17/2024 14:48,-1,-0.875,-0.625,-0.4375,-0.0625,-0.125
2/17/2024 16:48,-1.0625,-0.9375,-0.5625,-0.5,-0.0625,-0.0625
2/17/2024 18:48,-1.0625,-0.9375,-0.625,-0.4375,-0.0625,-0.125
2/17/2024 20:48,-1,-0.9375,-0.625,-0.4375,-0.0625,-0.125
2/17/2024 22:48,-1.0625,-0.9375,-0.625,-0.4375,-0.0625,-0.125
2/18/2024 0:48,-1.0625,-0.9375,-0.625,-0.4375,-0.0625,-0.125
2/18/2024 2:48,-1.0625,-0.9375,-0.625,-0.4375,-0.0625,-0.125
2/18/2024 4:48,-1.0625,-0.9375,-0.625,-0.4375,-0.0625,-0.125
2/18/2024 6:48,-1.0625,-0.9375,-0.625,-0.4375,-0.0625,-0.125
2/18/2024 8:48,-1.125,-0.9375,-0.625,-0.4375,-0.0625,-0.125
2/18/2024 10:48,-1.125,-1,-0.625,-0.4375,0,-0.125
2/18/2024 12:48,-1.125,-1,-0.625,-0.5,-0.0625,-0.125
2/18/2024 14:48,-1.125,-1,-0.625,-0.4375,-0.0625,-0.125
2/18/2024 16:48,-1.125,-1,-0.625,-0.4375,0,-0.125
2/18/2024 18:48,-1.1875,-1,-0.6875,-0.5,-0.0625,-0.125
2/18/2024 20:48,-1.1875,-1,-0.6875,-0.5,-0.0625,-0.125
2/18/2024 22:48,-1.1875,-1.0625,-0.625,-0.4375,-0.0625,-0.125
2/19/2024 0:48,-1.1875,-1,-0.6875,-0.5,-0.0625,-0.125
2/19/2024 2:48,-1.1875,-1.0625,-0.6875,-0.5,-0.0625,-0.125
2/19/2024 4:48,-1.1875,-1.0625,-0.6875,-0.5,-0.0625,-0.125
2/19/2024 6:48,-1.25,-1.0625,-0.6875,-0.5,-0.0625,-0.125
2/19/2024 8:48,-1.25,-1.0625,-0.6875,-0.5,-0.0625,-0.125
2/19/2024 10:48,-1.25,-1.125,-0.6875,-0.5,-0.0625,-0.125
2/19/2024 12:48,-1.25,-1.0625,-0.6875,-0.5,-0.0625,-0.125
2/19/2024 14:48,-1.3125,-1.125,-0.6875,-0.5,-0.0625,-0.125
2/19/2024 16:48,-1.25,-1.125,-0.6875,-0.5,-0.0625,-0.125
2/19/2024 18:48,-1.25,-1.125,-0.6875,-0.5,-0.0625,-0.125
2/19/2024 20:48,-1.3125,-1.125,-0.75,-0.5,-0.0625,-0.125
2/19/2024 22:48,-1.3125,-1.125,-0.75,-0.5,-0.0625,-0.125
2/20/2024 0:48,-1.3125,-1.125,-0.75,-0.5,-0.0625,-0.125
2/20/2024 2:48,-1.3125,-1.125,-0.75,-0.5,-0.0625,-0.125
2/20/2024 4:48,-1.3125,-1.1875,-0.75,-0.5,-0.0625,-0.125
2/20/2024 6:48,-1.3125,-1.125,-0.75,-0.5,-0.0625,-0.125
2/20/2024 8:48,-1.375,-1.125,-0.75,-0.5,-0.0625,-0.125
2/20/2024 10:48,-1.375,-1.1875,-0.75,-0.5,-0.0625,-0.125
2/20/2024 12:48,-1.375,-1.125,-0.75,-0.5,-0.0625,-0.125
2/20/2024 14:48,-1.375,-1.1875,-0.75,-0.5,-0.0625,-0.125
2/20/2024 16:48,-1.375,-1.1875,-0.8125,-0.5,-0.0625,-0.125
2/20/2024 18:48,-1.375,-1.1875,-0.75,-0.5625,-0.0625,-0.125
2/20/2024 20:48,-1.375,-1.1875,-0.75,-0.5,-0.0625,-0.125
2/20/2024 22:48,-1.375,-1.1875,-0.8125,-0.5625,-0.0625,-0.125
2/21/2024 0:48,-1.4375,-1.1875,-0.8125,-0.5625,-0.0625,-0.125
2/21/2024 2:48,-1.375,-1.1875,-0.8125,-0.5,-0.0625,-0.125
2/21/2024 4:48,-1.375,-1.1875,-0.75,-0.5625,-0.0625,-0.125
2/21/2024 6:48,-1.375,-1.1875,-0.75,-0.5625,-0.0625,-0.125
2/21/2024 8:48,-1.375,-1.1875,-0.8125,-0.5,-0.0625,-0.125
2/21/2024 10:48,-1.375,-1.1875,-0.8125,-0.5,-0.0625,-0.125
2/21/2024 12:48,-1.375,-1.1875,-0.75,-0.5,-0.0625,-0.125
2/21/2024 14:48,-1.375,-1.125,-0.8125,-0.5625,-0.0625,-0.125
2/21/2024 16:48,-1.3125,-1.125,-0.8125,-0.5,0,-0.125
2/21/2024 18:48,-1.3125,-1.125,-0.8125,-0.5625,-0.0625,-0.125
2/21/2024 20:48,-1.3125,-1.125,-0.8125,-0.5625,-0.0625,-0.0625
2/21/2024 22:48,-1.3125,-1.125,-0.75,-0.5,0,-0.0625
2/22/2024 0:48,-1.25,-1.0625,-0.75,-0.5,0,-0.0625
2/22/2024 2:48,-1.25,-1.0625,-0.75,-0.5,0,-0.0625
2/22/2024 4:48,-1.25,-1,-0.75,-0.5,0,-0.0625
2/22/2024 6:48,-1.25,-0.9375,-0.75,-0.5,0,-0.0625
2/22/2024 8:48,-1.25,-1,-0.75,-0.5,0,-0.0625
2/22/2024 10:48,-1.25,-0.9375,-0.75,-0.5,0,-0.0625
2/22/2024 12:48,-1.1875,-0.9375,-0.75,-0.5,0,-0.0625
2/22/2024 14:48,-1.1875,-0.9375,-0.75,-0.4375,0.0625,0
2/22/2024 16:48,-1.1875,-0.875,-0.6875,-0.4375,0.0625,0
2/22/2024 18:48,-1.1875,-0.875,-0.6875,-0.4375,0.0625,0
2/22/2024 20:48,-1.1875,-0.8125,-0.6875,-0.4375,0.0625,0
2/22/2024 22:48,-1.1875,-0.75,-0.6875,-0.4375,0.0625,0
2/23/2024 0:48,-1.125,-0.8125,-0.6875,-0.4375,0.0625,0.0625
2/23/2024 2:48,-1.125,-0.75,-0.625,-0.375,0.125,0.0625
2/23/2024 4:48,-1.125,-0.6875,-0.625,-0.375,0.1875,0.0625
2/23/2024 6:48,-1.125,-0.625,-0.625,-0.3125,0.1875,0.125
2/23/2024 8:48,-1.125,-0.5625,-0.5625,-0.3125,0.1875,0.125
2/23/2024 10:48,-1.0625,-0.5,-0.5625,-0.3125,0.25,0.125
2/23/2024 12:48,-1.0625,-0.5,-0.5625,-0.25,0.25,0.1875
2/23/2024 14:48,-1.0625,-0.4375,-0.5,-0.1875,0.3125,0.1875
2/23/2024 16:48,-1.0625,-0.375,-0.5,-0.1875,0.3125,0.25
2/23/2024 18:48,-1,-0.3125,-0.5,-0.125,0.375,0.25
2/23/2024 20:48,-1,-0.25,-0.4375,-0.0625,0.4375,0.3125
2/23/2024 22:48,-1,-0.1875,-0.4375,-0.0625,0.5,0.375
2/24/2024 0:48,-0.9375,-0.0625,-0.375,0,0.5625,0.4375
2/24/2024 2:48,-0.875,0,-0.375,0.0625,0.625,0.4375
2/24/2024 4:48,-0.875,0.0625,-0.3125,0.125,0.625,0.5
2/24/2024 6:48,-0.8125,0.1875,-0.25,0.1875,0.6875,0.5625
2/24/2024 8:48,-0.8125,0.1875,-0.25,0.25,0.75,0.625
2/24/2024 10:48,-0.75,0.375,-0.1875,0.3125,0.8125,0.6875
2/24/2024 12:48,-0.6875,0.5,-0.125,0.4375,0.9375,0.75
2/24/2024 14:48,-0.625,0.625,-0.0625,0.5,1,0.875
2/24/2024 16:48,-0.5625,0.75,0,0.5625,1.0625,0.875
2/24/2024 18:48,-0.5,0.75,0,0.6875,1.125,0.9375
2/24/2024 20:48,-0.4375,0.8125,0.0625,0.75,1.1875,1.0625
2/24/2024 22:48,-0.375,0.8125,0.125,0.8125,1.25,1.0625
2/25/2024 0:48,-0.3125,0.8125,0.25,0.875,1.25,1.125
2/25/2024 2:48,-0.25,0.75,0.25,0.9375,1.1875,1.1875
